# LOCAL common-floor equivalence; not PZ reachability. n,m,lo,auto(decimal), A,Bphys,ca,cb,q,phi,R,newBphys,newphi,M(hex).
2 2 0 0 0 1 0 1 3 0 1 1 0 1
2 2 0 0 0 1 1 1 2 0 0 1 0 1
2 2 0 0 1 2 0 1 2 1 1 1 0 0
2 2 0 0 3 1 0 1 0 0 1 2 1 0
3 3 0 0 0 1 0 1 5 0 1 1 0 1
3 3 0 0 0 1 0 1 7 0 1 1 0 1
3 3 0 0 0 1 1 1 4 0 0 1 0 1
3 3 0 0 0 1 1 1 6 0 0 1 0 1
3 3 0 0 0 1 1 2 3 0 1 1 0 1
3 3 0 0 0 1 3 1 4 0 0 1 0 1
3 3 0 0 0 1 3 2 2 0 0 1 0 1
3 3 0 0 0 2 1 2 2 1 1 1 0 1
3 3 0 0 0 2 1 3 2 1 1 1 0 1
3 3 0 0 1 2 0 1 3 0 1 2 0 1
3 3 0 0 1 2 0 1 6 1 1 1 0 0
3 3 0 0 1 2 1 1 2 0 0 2 0 1
3 3 0 0 1 2 1 2 2 1 1 1 0 0
3 3 0 0 1 4 0 1 2 1 1 2 0 1
3 3 0 0 1 4 0 1 4 2 1 1 0 0
3 3 0 0 1 6 0 1 2 1 1 3 0 1
3 3 0 0 2 1 1 2 0 0 1 2 1 0
3 3 0 0 2 1 1 3 0 0 1 2 1 0
3 3 0 0 3 1 1 2 0 0 1 2 1 0
3 3 0 0 3 4 0 1 2 1 1 2 0 0
3 3 0 0 3 4 0 1 4 2 1 2 1 0
3 3 0 0 5 1 0 1 0 0 1 4 2 0
3 3 0 0 5 2 0 1 0 0 1 4 1 0
3 3 0 0 7 1 0 1 0 0 1 4 2 0
3 3 0 0 7 2 0 1 0 0 1 4 1 0
3 3 0 0 7 3 0 1 0 0 1 6 1 0
3 3 1 0 1 2 0 1 3 0 1 2 0 1
3 3 1 0 1 2 1 1 2 0 0 2 0 1
3 3 1 0 1 4 0 1 2 1 1 2 0 1
3 3 1 0 1 6 0 1 2 1 1 3 0 1
3 3 1 0 3 4 0 1 2 1 1 2 0 0
3 3 1 0 5 2 0 1 0 0 1 4 1 0
3 3 1 0 7 2 0 1 0 0 1 4 1 0
3 3 1 0 7 3 0 1 0 0 1 6 1 0
4 4 0 0 0 1 0 1 b 0 1 1 0 1
4 4 0 0 0 1 0 1 d 0 1 1 0 1
4 4 0 0 0 1 1 1 a 0 0 1 0 1
4 4 0 0 0 1 1 1 c 0 0 1 0 1
4 4 0 0 0 1 1 2 5 0 1 1 0 1
4 4 0 0 0 1 1 4 3 0 1 1 0 1
4 4 0 0 0 1 2 3 3 0 1 1 0 1
4 4 0 0 0 1 3 1 8 0 0 1 0 1
4 4 0 0 0 1 3 2 4 0 0 1 0 1
4 4 0 0 0 1 5 1 8 0 0 1 0 1
4 4 0 0 0 1 5 2 4 0 0 1 0 1
4 4 0 0 0 1 5 3 2 0 0 1 0 1
4 4 0 0 0 1 5 4 2 0 0 1 0 1
4 4 0 0 0 2 1 2 6 1 1 1 0 1
4 4 0 0 0 2 1 5 2 1 1 1 0 1
4 4 0 0 0 2 1 6 2 1 1 1 0 1
4 4 0 0 0 2 3 4 2 1 1 1 0 1
4 4 0 0 0 2 3 5 2 1 1 1 0 1
4 4 0 0 0 4 1 3 4 2 1 1 0 1
4 4 0 0 1 2 0 1 5 0 1 2 0 1
4 4 0 0 1 2 0 1 a 1 1 1 0 0
4 4 0 0 1 2 1 1 4 0 0 2 0 1
4 4 0 0 1 2 1 3 1 0 1 2 0 1
4 4 0 0 1 2 1 4 2 1 1 1 0 0
4 4 0 0 1 2 2 1 4 0 0 2 0 1
4 4 0 0 1 2 2 3 1 0 1 2 0 1
4 4 0 0 1 2 2 3 2 1 1 1 0 0
4 4 0 0 1 3 1 2 1 0 1 3 0 1
4 4 0 0 1 4 0 1 3 0 1 4 0 1
4 4 0 0 1 4 0 1 6 1 1 2 0 1
4 4 0 0 1 4 0 1 c 2 1 1 0 0
4 4 0 0 1 4 1 1 2 0 0 4 0 1
4 4 0 0 1 4 1 2 4 2 1 1 0 0
4 4 0 0 1 a 0 1 2 1 1 5 0 1
4 4 0 0 1 c 0 1 2 1 1 6 0 1
4 4 0 0 1 c 0 1 4 2 1 3 0 1
4 4 0 0 2 1 1 5 0 0 1 2 1 0
4 4 0 0 2 1 1 6 0 0 1 2 1 0
4 4 0 0 2 1 3 4 0 0 1 2 1 0
4 4 0 0 2 1 3 5 0 0 1 2 1 0
4 4 0 0 2 3 0 1 3 0 1 3 0 1
4 4 0 0 2 3 1 1 2 0 0 3 0 1
4 4 0 0 2 3 1 2 1 0 1 3 0 1
4 4 0 0 2 4 1 2 4 2 1 2 1 0
4 4 0 0 3 1 1 4 0 0 1 2 1 0
4 4 0 0 3 1 2 3 0 0 1 2 1 0
4 4 0 0 3 2 1 3 0 0 1 2 0 0
4 4 0 0 3 2 2 3 0 0 1 2 0 0
4 4 0 0 3 8 0 1 2 1 1 4 0 1
4 4 0 0 3 8 0 1 4 2 1 2 0 0
4 4 0 0 3 8 0 1 8 3 1 2 1 0
4 4 0 0 3 a 0 1 2 1 1 5 0 1
4 4 0 0 4 1 1 3 0 0 1 4 2 0
4 4 0 0 4 3 1 2 0 0 1 3 0 0
4 4 0 0 5 1 1 2 0 0 1 4 2 0
4 4 0 0 5 3 1 2 0 0 1 3 0 0
4 4 0 0 5 6 0 1 2 1 1 3 0 0
4 4 0 0 5 8 0 1 2 1 1 4 0 0
4 4 0 0 5 8 0 1 4 2 1 4 1 0
4 4 0 0 5 8 0 1 8 3 1 4 2 0
4 4 0 0 6 1 1 2 0 0 1 4 2 0
4 4 0 0 b 1 0 1 0 0 1 8 3 0
4 4 0 0 b 2 0 1 0 0 1 8 2 0
4 4 0 0 b 3 0 1 0 0 1 6 1 0
4 4 0 0 b 4 0 1 0 0 1 8 1 0
4 4 0 0 b 5 0 1 0 0 1 a 1 0
4 4 0 0 d 1 0 1 0 0 1 8 3 0
4 4 0 0 d 2 0 1 0 0 1 8 2 0
4 4 0 0 d 3 0 1 0 0 1 c 2 0
4 4 0 0 d 4 0 1 0 0 1 8 1 0
4 4 0 0 d 5 0 1 0 0 1 a 1 0
4 4 0 0 d 6 0 1 0 0 1 c 1 0
4 4 1 0 1 2 0 1 5 0 1 2 0 1
4 4 1 0 1 2 1 1 4 0 0 2 0 1
4 4 1 0 1 2 1 3 1 0 1 2 0 1
4 4 1 0 1 2 2 1 4 0 0 2 0 1
4 4 1 0 1 2 2 3 1 0 1 2 0 1
4 4 1 0 1 3 1 2 1 0 1 3 0 1
4 4 1 0 1 4 0 1 3 0 1 4 0 1
4 4 1 0 1 4 0 1 6 1 1 2 0 1
4 4 1 0 1 4 1 1 2 0 0 4 0 1
4 4 1 0 1 a 0 1 2 1 1 5 0 1
4 4 1 0 1 c 0 1 2 1 1 6 0 1
4 4 1 0 1 c 0 1 4 2 1 3 0 1
4 4 1 0 2 3 0 1 3 0 1 3 0 1
4 4 1 0 2 3 1 1 2 0 0 3 0 1
4 4 1 0 2 3 1 2 1 0 1 3 0 1
4 4 1 0 3 2 1 3 0 0 1 2 0 0
4 4 1 0 3 2 2 3 0 0 1 2 0 0
4 4 1 0 3 8 0 1 2 1 1 4 0 1
4 4 1 0 3 8 0 1 4 2 1 2 0 0
4 4 1 0 3 a 0 1 2 1 1 5 0 1
4 4 1 0 4 3 1 2 0 0 1 3 0 0
4 4 1 0 5 3 1 2 0 0 1 3 0 0
4 4 1 0 5 6 0 1 2 1 1 3 0 0
4 4 1 0 5 8 0 1 2 1 1 4 0 0
4 4 1 0 5 8 0 1 4 2 1 4 1 0
4 4 1 0 b 2 0 1 0 0 1 8 2 0
4 4 1 0 b 3 0 1 0 0 1 6 1 0
4 4 1 0 b 4 0 1 0 0 1 8 1 0
4 4 1 0 b 5 0 1 0 0 1 a 1 0
4 4 1 0 d 2 0 1 0 0 1 8 2 0
4 4 1 0 d 3 0 1 0 0 1 c 2 0
4 4 1 0 d 4 0 1 0 0 1 8 1 0
4 4 1 0 d 5 0 1 0 0 1 a 1 0
4 4 1 0 d 6 0 1 0 0 1 c 1 0
4 4 2 0 1 4 0 1 3 0 1 4 0 1
4 4 2 0 1 4 1 1 2 0 0 4 0 1
4 4 2 0 1 a 0 1 2 1 1 5 0 1
4 4 2 0 1 c 0 1 2 1 1 6 0 1
4 4 2 0 3 8 0 1 2 1 1 4 0 1
4 4 2 0 3 a 0 1 2 1 1 5 0 1
4 4 2 0 5 8 0 1 2 1 1 4 0 0
4 4 2 0 b 4 0 1 0 0 1 8 1 0
4 4 2 0 b 5 0 1 0 0 1 a 1 0
4 4 2 0 d 4 0 1 0 0 1 8 1 0
4 4 2 0 d 5 0 1 0 0 1 a 1 0
4 4 2 0 d 6 0 1 0 0 1 c 1 0
5 5 0 0 0 1 0 1 11 0 1 1 0 1
5 5 0 0 0 1 0 1 13 0 1 1 0 1
5 5 0 0 0 1 0 1 17 0 1 1 0 1
5 5 0 0 0 1 0 1 1d 0 1 1 0 1
5 5 0 0 0 1 0 1 1f 0 1 1 0 1
5 5 0 0 0 1 1 1 10 0 0 1 0 1
5 5 0 0 0 1 1 1 12 0 0 1 0 1
5 5 0 0 0 1 1 1 16 0 0 1 0 1
5 5 0 0 0 1 1 1 1c 0 0 1 0 1
5 5 0 0 0 1 1 1 1e 0 0 1 0 1
5 5 0 0 0 1 1 2 9 0 1 1 0 1
5 5 0 0 0 1 1 2 b 0 1 1 0 1
5 5 0 0 0 1 1 2 f 0 1 1 0 1
5 5 0 0 0 1 1 4 7 0 1 1 0 1
5 5 0 0 0 1 1 6 3 0 1 1 0 1
5 5 0 0 0 1 1 6 5 0 1 1 0 1
5 5 0 0 0 1 1 a 3 0 1 1 0 1
5 5 0 0 0 1 2 3 5 0 1 1 0 1
5 5 0 0 0 1 2 3 7 0 1 1 0 1
5 5 0 0 0 1 2 3 9 0 1 1 0 1
5 5 0 0 0 1 2 5 3 0 1 1 0 1
5 5 0 0 0 1 2 7 3 0 1 1 0 1
5 5 0 0 0 1 2 9 3 0 1 1 0 1
5 5 0 0 0 1 3 1 10 0 0 1 0 1
5 5 0 0 0 1 3 1 14 0 0 1 0 1
5 5 0 0 0 1 3 1 1c 0 0 1 0 1
5 5 0 0 0 1 3 2 8 0 0 1 0 1
5 5 0 0 0 1 3 2 a 0 0 1 0 1
5 5 0 0 0 1 3 2 e 0 0 1 0 1
5 5 0 0 0 1 3 4 5 0 1 1 0 1
5 5 0 0 0 1 3 4 7 0 1 1 0 1
5 5 0 0 0 1 4 5 3 0 1 1 0 1
5 5 0 0 0 1 4 5 5 0 1 1 0 1
5 5 0 0 0 1 4 9 3 0 1 1 0 1
5 5 0 0 0 1 5 1 18 0 0 1 0 1
5 5 0 0 0 1 5 2 c 0 0 1 0 1
5 5 0 0 0 1 5 3 4 0 0 1 0 1
5 5 0 0 0 1 5 3 6 0 0 1 0 1
5 5 0 0 0 1 5 3 8 0 0 1 0 1
5 5 0 0 0 1 5 4 6 0 0 1 0 1
5 5 0 0 0 1 5 6 3 0 1 1 0 1
5 5 0 0 0 1 5 8 3 0 1 1 0 1
5 5 0 0 0 1 7 1 10 0 0 1 0 1
5 5 0 0 0 1 7 1 18 0 0 1 0 1
5 5 0 0 0 1 7 2 8 0 0 1 0 1
5 5 0 0 0 1 7 2 c 0 0 1 0 1
5 5 0 0 0 1 7 3 4 0 0 1 0 1
5 5 0 0 0 1 7 3 8 0 0 1 0 1
5 5 0 0 0 1 7 4 4 0 0 1 0 1
5 5 0 0 0 1 7 4 6 0 0 1 0 1
5 5 0 0 0 1 7 5 2 0 0 1 0 1
5 5 0 0 0 1 7 6 2 0 0 1 0 1
5 5 0 0 0 1 7 6 4 0 0 1 0 1
5 5 0 0 0 1 7 8 3 0 1 1 0 1
5 5 0 0 0 1 9 5 2 0 0 1 0 1
5 5 0 0 0 1 9 5 4 0 0 1 0 1
5 5 0 0 0 1 9 7 2 0 0 1 0 1
5 5 0 0 0 1 b 3 4 0 0 1 0 1
5 5 0 0 0 1 b 5 4 0 0 1 0 1
5 5 0 0 0 1 b 6 2 0 0 1 0 1
5 5 0 0 0 1 b 9 2 0 0 1 0 1
5 5 0 0 0 1 b a 2 0 0 1 0 1
5 5 0 0 0 1 d 1 10 0 0 1 0 1
5 5 0 0 0 1 d 2 8 0 0 1 0 1
5 5 0 0 0 1 d 4 4 0 0 1 0 1
5 5 0 0 0 1 d 8 2 0 0 1 0 1
5 5 0 0 0 1 d 9 2 0 0 1 0 1
5 5 0 0 0 1 f 1 10 0 0 1 0 1
5 5 0 0 0 1 f 2 8 0 0 1 0 1
5 5 0 0 0 1 f 4 4 0 0 1 0 1
5 5 0 0 0 1 f 8 2 0 0 1 0 1
5 5 0 0 0 2 1 2 e 1 1 1 0 1
5 5 0 0 0 2 1 3 6 1 1 1 0 1
5 5 0 0 0 2 1 3 a 1 1 1 0 1
5 5 0 0 0 2 1 5 6 1 1 1 0 1
5 5 0 0 0 2 1 8 2 1 1 1 0 1
5 5 0 0 0 2 1 9 2 1 1 1 0 1
5 5 0 0 0 2 1 b 2 1 1 1 0 1
5 5 0 0 0 2 1 e 2 1 1 1 0 1
5 5 0 0 0 2 1 f 2 1 1 1 0 1
5 5 0 0 0 2 3 7 2 1 1 1 0 1
5 5 0 0 0 2 3 8 2 1 1 1 0 1
5 5 0 0 0 2 3 a 2 1 1 1 0 1
5 5 0 0 0 2 3 d 2 1 1 1 0 1
5 5 0 0 0 2 3 e 2 1 1 1 0 1
5 5 0 0 0 2 5 6 2 1 1 1 0 1
5 5 0 0 0 2 5 7 2 1 1 1 0 1
5 5 0 0 0 2 5 9 2 1 1 1 0 1
5 5 0 0 0 2 5 c 2 1 1 1 0 1
5 5 0 0 0 2 5 d 2 1 1 1 0 1
5 5 0 0 0 2 7 8 2 1 1 1 0 1
5 5 0 0 0 2 7 b 2 1 1 1 0 1
5 5 0 0 0 2 7 c 2 1 1 1 0 1
5 5 0 0 0 2 9 a 2 1 1 1 0 1
5 5 0 0 0 2 9 b 2 1 1 1 0 1
5 5 0 0 0 4 1 4 4 2 1 1 0 1
5 5 0 0 0 4 1 7 4 2 1 1 0 1
5 5 0 0 0 4 3 4 4 2 1 1 0 1
5 5 0 0 0 4 3 5 4 2 1 1 0 1
5 5 0 0 0 4 3 7 4 2 1 1 0 1
5 5 0 0 0 4 5 6 4 2 1 1 0 1
5 5 0 0 0 8 1 2 8 3 1 1 0 1
5 5 0 0 1 2 0 1 9 0 1 2 0 1
5 5 0 0 1 2 0 1 b 0 1 2 0 1
5 5 0 0 1 2 0 1 f 0 1 2 0 1
5 5 0 0 1 2 0 1 12 1 1 1 0 0
5 5 0 0 1 2 0 1 16 1 1 1 0 0
5 5 0 0 1 2 0 1 1e 1 1 1 0 0
5 5 0 0 1 2 1 1 8 0 0 2 0 1
5 5 0 0 1 2 1 1 a 0 0 2 0 1
5 5 0 0 1 2 1 1 e 0 0 2 0 1
5 5 0 0 1 2 1 2 a 1 1 1 0 0
5 5 0 0 1 2 1 2 e 1 1 1 0 0
5 5 0 0 1 2 1 3 3 0 1 2 0 1
5 5 0 0 1 2 1 4 6 1 1 1 0 0
5 5 0 0 1 2 1 5 1 0 1 2 0 1
5 5 0 0 1 2 1 6 2 1 1 1 0 0
5 5 0 0 1 2 1 7 1 0 1 2 0 1
5 5 0 0 1 2 1 9 1 0 1 2 0 1
5 5 0 0 1 2 1 a 2 1 1 1 0 0
5 5 0 0 1 2 2 1 c 0 0 2 0 1
5 5 0 0 1 2 2 3 6 1 1 1 0 0
5 5 0 0 1 2 2 5 1 0 1 2 0 1
5 5 0 0 1 2 2 5 2 1 1 1 0 0
5 5 0 0 1 2 2 7 2 1 1 1 0 0
5 5 0 0 1 2 2 9 1 0 1 2 0 1
5 5 0 0 1 2 2 9 2 1 1 1 0 0
5 5 0 0 1 2 3 1 8 0 0 2 0 1
5 5 0 0 1 2 3 1 c 0 0 2 0 1
5 5 0 0 1 2 3 4 6 1 1 1 0 0
5 5 0 0 1 2 4 3 2 0 0 2 0 1
5 5 0 0 1 2 4 5 1 0 1 2 0 1
5 5 0 0 1 2 4 5 2 1 1 1 0 0
5 5 0 0 1 2 4 7 1 0 1 2 0 1
5 5 0 0 1 2 4 9 2 1 1 1 0 0
5 5 0 0 1 2 5 6 2 1 1 1 0 0
5 5 0 0 1 2 5 7 1 0 1 2 0 1
5 5 0 0 1 2 5 8 2 1 1 1 0 0
5 5 0 0 1 2 6 1 8 0 0 2 0 1
5 5 0 0 1 2 7 1 8 0 0 2 0 1
5 5 0 0 1 2 7 8 2 1 1 1 0 0
5 5 0 0 1 3 1 2 3 0 1 3 0 1
5 5 0 0 1 3 1 4 1 0 1 3 0 1
5 5 0 0 1 3 1 5 1 0 1 3 0 1
5 5 0 0 1 3 1 7 1 0 1 3 0 1
5 5 0 0 1 3 2 1 4 0 0 3 0 1
5 5 0 0 1 3 2 1 8 0 0 3 0 1
5 5 0 0 1 3 3 2 2 0 0 3 0 1
5 5 0 0 1 3 3 5 1 0 1 3 0 1
5 5 0 0 1 4 0 1 7 0 1 4 0 1
5 5 0 0 1 4 0 1 e 1 1 2 0 1
5 5 0 0 1 4 0 1 1c 2 1 1 0 0
5 5 0 0 1 4 1 1 6 0 0 4 0 1
5 5 0 0 1 4 1 3 1 0 1 4 0 1
5 5 0 0 1 4 1 3 2 1 1 2 0 1
5 5 0 0 1 4 1 5 1 0 1 4 0 1
5 5 0 0 1 4 1 6 4 2 1 1 0 0
5 5 0 0 1 4 2 3 1 0 1 4 0 1
5 5 0 0 1 4 2 3 2 1 1 2 0 1
5 5 0 0 1 4 2 3 4 2 1 1 0 0
5 5 0 0 1 4 2 5 2 1 1 2 0 1
5 5 0 0 1 4 3 1 4 0 0 4 0 1
5 5 0 0 1 4 3 4 4 2 1 1 0 0
5 5 0 0 1 4 3 5 2 1 1 2 0 1
5 5 0 0 1 4 4 5 4 2 1 1 0 0
5 5 0 0 1 5 1 2 1 0 1 5 0 1
5 5 0 0 1 5 1 3 1 0 1 5 0 1
5 5 0 0 1 5 1 4 1 0 1 5 0 1
5 5 0 0 1 5 2 1 4 0 0 5 0 1
5 5 0 0 1 6 0 1 3 0 1 6 0 1
5 5 0 0 1 6 0 1 5 0 1 6 0 1
5 5 0 0 1 6 0 1 6 1 1 3 0 1
5 5 0 0 1 6 0 1 a 1 1 3 0 1
5 5 0 0 1 6 1 1 2 0 0 6 0 1
5 5 0 0 1 6 1 1 4 0 0 6 0 1
5 5 0 0 1 6 1 2 2 1 1 3 0 1
5 5 0 0 1 6 1 4 2 1 1 3 0 1
5 5 0 0 1 7 1 2 1 0 1 7 0 1
5 5 0 0 1 7 1 3 1 0 1 7 0 1
5 5 0 0 1 8 1 2 8 3 1 1 0 0
5 5 0 0 1 8 1 3 2 1 1 4 0 1
5 5 0 0 1 8 1 3 4 2 1 2 0 1
5 5 0 0 1 8 2 3 4 2 1 2 0 1
5 5 0 0 1 8 2 3 8 3 1 1 0 0
5 5 0 0 1 9 1 2 1 0 1 9 0 1
5 5 0 0 1 a 0 1 3 0 1 a 0 1
5 5 0 0 1 a 0 1 6 1 1 5 0 1
5 5 0 0 1 a 1 1 2 0 0 a 0 1
5 5 0 0 1 c 1 2 4 2 1 3 0 1
5 5 0 0 1 10 0 1 2 1 1 8 0 1
5 5 0 0 1 10 0 1 4 2 1 4 0 1
5 5 0 0 1 10 0 1 8 3 1 2 0 1
5 5 0 0 1 10 0 1 10 4 1 1 0 0
5 5 0 0 1 12 0 1 2 1 1 9 0 1
5 5 0 0 1 16 0 1 2 1 1 b 0 1
5 5 0 0 1 1c 0 1 2 1 1 e 0 1
5 5 0 0 1 1c 0 1 4 2 1 7 0 1
5 5 0 0 1 1e 0 1 2 1 1 f 0 1
5 5 0 0 2 1 1 8 0 0 1 2 1 0
5 5 0 0 2 1 1 9 0 0 1 2 1 0
5 5 0 0 2 1 1 b 0 0 1 2 1 0
5 5 0 0 2 1 1 e 0 0 1 2 1 0
5 5 0 0 2 1 1 f 0 0 1 2 1 0
5 5 0 0 2 1 3 7 0 0 1 2 1 0
5 5 0 0 2 1 3 8 0 0 1 2 1 0
5 5 0 0 2 1 3 a 0 0 1 2 1 0
5 5 0 0 2 1 3 d 0 0 1 2 1 0
5 5 0 0 2 1 3 e 0 0 1 2 1 0
5 5 0 0 2 1 5 6 0 0 1 2 1 0
5 5 0 0 2 1 5 7 0 0 1 2 1 0
5 5 0 0 2 1 5 9 0 0 1 2 1 0
5 5 0 0 2 1 5 c 0 0 1 2 1 0
5 5 0 0 2 1 5 d 0 0 1 2 1 0
5 5 0 0 2 1 7 8 0 0 1 2 1 0
5 5 0 0 2 1 7 b 0 0 1 2 1 0
5 5 0 0 2 1 7 c 0 0 1 2 1 0
5 5 0 0 2 1 9 a 0 0 1 2 1 0
5 5 0 0 2 1 9 b 0 0 1 2 1 0
5 5 0 0 2 3 0 1 5 0 1 3 0 1
5 5 0 0 2 3 0 1 7 0 1 3 0 1
5 5 0 0 2 3 0 1 9 0 1 3 0 1
5 5 0 0 2 3 1 1 4 0 0 3 0 1
5 5 0 0 2 3 1 1 6 0 0 3 0 1
5 5 0 0 2 3 1 1 8 0 0 3 0 1
5 5 0 0 2 3 1 4 1 0 1 3 0 1
5 5 0 0 2 3 2 5 1 0 1 3 0 1
5 5 0 0 2 3 3 1 4 0 0 3 0 1
5 5 0 0 2 3 3 4 1 0 1 3 0 1
5 5 0 0 2 4 1 2 c 2 1 2 1 0
5 5 0 0 2 4 1 3 4 2 1 2 1 0
5 5 0 0 2 4 1 5 4 2 1 2 1 0
5 5 0 0 2 5 0 1 3 0 1 5 0 1
5 5 0 0 2 5 1 1 2 0 0 5 0 1
5 5 0 0 2 5 1 2 1 0 1 5 0 1
5 5 0 0 2 5 2 3 1 0 1 5 0 1
5 5 0 0 2 6 1 2 2 1 1 3 0 1
5 5 0 0 2 7 0 1 3 0 1 7 0 1
5 5 0 0 2 7 1 1 2 0 0 7 0 1
5 5 0 0 2 8 1 3 8 3 1 2 1 0
5 5 0 0 2 9 0 1 3 0 1 9 0 1
5 5 0 0 2 9 1 1 2 0 0 9 0 1
5 5 0 0 2 9 1 2 1 0 1 9 0 1
5 5 0 0 2 a 1 2 2 1 1 5 0 1
5 5 0 0 2 c 1 2 4 2 1 3 0 1
5 5 0 0 3 1 1 6 0 0 1 2 1 0
5 5 0 0 3 1 1 a 0 0 1 2 1 0
5 5 0 0 3 1 2 5 0 0 1 2 1 0
5 5 0 0 3 1 2 7 0 0 1 2 1 0
5 5 0 0 3 1 2 9 0 0 1 2 1 0
5 5 0 0 3 1 4 5 0 0 1 2 1 0
5 5 0 0 3 1 4 9 0 0 1 2 1 0
5 5 0 0 3 1 5 6 0 0 1 2 1 0
5 5 0 0 3 1 5 8 0 0 1 2 1 0
5 5 0 0 3 1 7 8 0 0 1 2 1 0
5 5 0 0 3 2 1 5 0 0 1 2 0 0
5 5 0 0 3 2 1 7 0 0 1 2 0 0
5 5 0 0 3 2 1 9 0 0 1 2 0 0
5 5 0 0 3 2 2 5 0 0 1 2 0 0
5 5 0 0 3 2 2 9 0 0 1 2 0 0
5 5 0 0 3 2 4 5 0 0 1 2 0 0
5 5 0 0 3 2 4 7 0 0 1 2 0 0
5 5 0 0 3 2 5 7 0 0 1 2 0 0
5 5 0 0 3 4 0 1 5 0 1 4 0 1
5 5 0 0 3 4 0 1 7 0 1 4 0 1
5 5 0 0 3 4 0 1 a 1 1 2 0 0
5 5 0 0 3 4 0 1 e 1 1 2 0 0
5 5 0 0 3 4 0 1 14 2 1 2 1 0
5 5 0 0 3 4 0 1 1c 2 1 2 1 0
5 5 0 0 3 4 1 1 4 0 0 4 0 1
5 5 0 0 3 4 1 1 6 0 0 4 0 1
5 5 0 0 3 4 1 2 c 2 1 2 1 0
5 5 0 0 3 4 1 3 2 1 1 2 0 0
5 5 0 0 3 4 1 4 4 2 1 2 1 0
5 5 0 0 3 4 2 3 1 0 1 4 0 1
5 5 0 0 3 4 2 3 4 2 1 2 1 0
5 5 0 0 3 4 3 1 4 0 0 4 0 1
5 5 0 0 3 4 3 4 4 2 1 2 1 0
5 5 0 0 3 5 1 3 1 0 1 5 0 1
5 5 0 0 3 8 1 2 8 3 1 2 1 0
5 5 0 0 3 a 1 2 2 1 1 5 0 1
5 5 0 0 3 e 0 1 2 1 1 7 0 1
5 5 0 0 3 10 0 1 2 1 1 8 0 1
5 5 0 0 3 10 0 1 4 2 1 4 0 1
5 5 0 0 3 10 0 1 8 3 1 2 0 0
5 5 0 0 3 10 0 1 10 4 1 2 1 0
5 5 0 0 3 14 0 1 2 1 1 a 0 1
5 5 0 0 3 14 0 1 4 2 1 5 0 1
5 5 0 0 3 1a 0 1 2 1 1 d 0 1
5 5 0 0 3 1c 0 1 2 1 1 e 0 1
5 5 0 0 3 1c 0 1 4 2 1 7 0 1
5 5 0 0 4 1 1 4 0 0 1 4 2 0
5 5 0 0 4 1 1 7 0 0 1 4 2 0
5 5 0 0 4 1 3 4 0 0 1 4 2 0
5 5 0 0 4 1 3 5 0 0 1 4 2 0
5 5 0 0 4 1 3 7 0 0 1 4 2 0
5 5 0 0 4 1 5 6 0 0 1 4 2 0
5 5 0 0 4 3 1 4 0 0 1 3 0 0
5 5 0 0 4 3 1 5 0 0 1 3 0 0
5 5 0 0 4 3 1 7 0 0 1 3 0 0
5 5 0 0 4 3 3 5 0 0 1 3 0 0
5 5 0 0 4 5 0 1 3 0 1 5 0 1
5 5 0 0 4 5 0 1 5 0 1 5 0 1
5 5 0 0 4 5 1 1 2 0 0 5 0 1
5 5 0 0 4 5 1 1 4 0 0 5 0 1
5 5 0 0 4 5 1 2 1 0 1 5 0 1
5 5 0 0 4 6 1 2 2 1 1 3 0 0
5 5 0 0 4 7 1 2 1 0 1 7 0 1
5 5 0 0 4 9 0 1 3 0 1 9 0 1
5 5 0 0 4 9 1 1 2 0 0 9 0 1
5 5 0 0 5 1 1 6 0 0 1 4 2 0
5 5 0 0 5 1 2 3 0 0 1 4 2 0
5 5 0 0 5 1 3 4 0 0 1 4 2 0
5 5 0 0 5 1 4 5 0 0 1 4 2 0
5 5 0 0 5 2 1 3 0 0 1 4 1 0
5 5 0 0 5 2 2 3 0 0 1 4 1 0
5 5 0 0 5 2 2 5 0 0 1 4 1 0
5 5 0 0 5 2 3 5 0 0 1 4 1 0
5 5 0 0 5 3 1 4 0 0 1 3 0 0
5 5 0 0 5 3 2 5 0 0 1 3 0 0
5 5 0 0 5 3 3 4 0 0 1 3 0 0
5 5 0 0 5 4 1 3 0 0 1 4 0 0
5 5 0 0 5 4 1 5 0 0 1 4 0 0
5 5 0 0 5 4 2 3 0 0 1 4 0 0
5 5 0 0 5 6 0 1 3 0 1 6 0 1
5 5 0 0 5 6 0 1 6 1 1 3 0 0
5 5 0 0 5 6 1 1 2 0 0 6 0 1
5 5 0 0 5 7 1 2 1 0 1 7 0 1
5 5 0 0 5 8 0 1 3 0 1 8 0 1
5 5 0 0 5 8 0 1 6 1 1 4 0 0
5 5 0 0 5 8 0 1 c 2 1 4 1 0
5 5 0 0 5 8 0 1 18 3 1 4 2 0
5 5 0 0 5 8 1 1 2 0 0 8 0 1
5 5 0 0 5 c 0 1 2 1 1 6 0 1
5 5 0 0 5 c 0 1 4 2 1 3 0 0
5 5 0 0 5 e 0 1 2 1 1 7 0 1
5 5 0 0 5 12 0 1 2 1 1 9 0 1
5 5 0 0 5 18 0 1 2 1 1 c 0 1
5 5 0 0 5 18 0 1 4 2 1 6 0 1
5 5 0 0 5 18 0 1 8 3 1 3 0 0
5 5 0 0 5 1a 0 1 2 1 1 d 0 1
5 5 0 0 6 1 1 3 0 0 1 4 2 0
5 5 0 0 6 1 1 5 0 0 1 4 2 0
5 5 0 0 6 5 1 2 0 0 1 5 0 0
5 5 0 0 6 5 1 3 0 0 1 5 0 0
5 5 0 0 6 5 1 4 0 0 1 5 0 0
5 5 0 0 6 8 1 2 8 3 1 4 2 0
5 5 0 0 7 1 1 4 0 0 1 4 2 0
5 5 0 0 7 1 2 3 0 0 1 4 2 0
5 5 0 0 7 1 3 4 0 0 1 4 2 0
5 5 0 0 7 2 1 3 0 0 1 4 1 0
5 5 0 0 7 3 1 2 0 0 1 6 1 0
5 5 0 0 7 3 1 4 0 0 1 6 1 0
5 5 0 0 7 4 2 3 0 0 1 4 0 0
5 5 0 0 7 5 1 2 0 0 1 5 0 0
5 5 0 0 7 5 2 3 0 0 1 5 0 0
5 5 0 0 7 8 0 1 3 0 1 8 0 1
5 5 0 0 7 8 0 1 6 1 1 4 0 0
5 5 0 0 7 8 0 1 c 2 1 4 1 0
5 5 0 0 7 8 0 1 18 3 1 4 2 0
5 5 0 0 7 8 1 1 2 0 0 8 0 1
5 5 0 0 7 8 1 2 8 3 1 4 2 0
5 5 0 0 7 a 0 1 2 1 1 5 0 0
5 5 0 0 7 c 0 1 2 1 1 6 0 0
5 5 0 0 7 c 0 1 4 2 1 6 1 0
5 5 0 0 7 10 0 1 2 1 1 8 0 1
5 5 0 0 7 10 0 1 4 2 1 4 0 0
5 5 0 0 7 10 0 1 8 3 1 4 1 0
5 5 0 0 7 10 0 1 10 4 1 4 2 0
5 5 0 0 7 16 0 1 2 1 1 b 0 1
5 5 0 0 7 18 0 1 2 1 1 c 0 1
5 5 0 0 7 18 0 1 4 2 1 6 0 0
5 5 0 0 7 18 0 1 8 3 1 6 1 0
5 5 0 0 8 1 1 2 0 0 1 8 3 0
5 5 0 0 8 3 1 2 0 0 1 6 1 0
5 5 0 0 8 5 1 3 0 0 1 5 0 0
5 5 0 0 8 7 1 2 0 0 1 7 0 0
5 5 0 0 8 7 1 3 0 0 1 7 0 0
5 5 0 0 9 1 1 2 0 0 1 8 3 0
5 5 0 0 9 1 2 3 0 0 1 8 3 0
5 5 0 0 9 2 1 3 0 0 1 8 2 0
5 5 0 0 9 2 2 3 0 0 1 8 2 0
5 5 0 0 9 4 1 3 0 0 1 8 1 0
5 5 0 0 9 5 1 2 0 0 1 5 0 0
5 5 0 0 9 a 0 1 2 1 1 5 0 0
5 5 0 0 9 e 0 1 2 1 1 7 0 0
5 5 0 0 9 14 0 1 2 1 1 a 0 1
5 5 0 0 9 14 0 1 4 2 1 5 0 0
5 5 0 0 9 16 0 1 2 1 1 b 0 1
5 5 0 0 a 1 1 3 0 0 1 8 3 0
5 5 0 0 a 3 1 2 0 0 1 6 1 0
5 5 0 0 a 9 1 2 0 0 1 9 0 0
5 5 0 0 b 1 1 2 0 0 1 8 3 0
5 5 0 0 b 7 1 2 0 0 1 7 0 0
5 5 0 0 b 9 1 2 0 0 1 9 0 0
5 5 0 0 b c 0 1 2 1 1 6 0 0
5 5 0 0 b c 0 1 4 2 1 6 1 0
5 5 0 0 b 12 0 1 2 1 1 9 0 0
5 5 0 0 b 14 0 1 2 1 1 a 0 0
5 5 0 0 b 14 0 1 4 2 1 a 1 0
5 5 0 0 c 5 1 2 0 0 1 a 1 0
5 5 0 0 c 7 1 2 0 0 1 7 0 0
5 5 0 0 d 3 1 2 0 0 1 c 2 0
5 5 0 0 d 5 1 2 0 0 1 a 1 0
5 5 0 0 d 10 0 1 2 1 1 8 0 0
5 5 0 0 d 10 0 1 4 2 1 8 1 0
5 5 0 0 d 10 0 1 8 3 1 8 2 0
5 5 0 0 d 10 0 1 10 4 1 8 3 0
5 5 0 0 d 12 0 1 2 1 1 9 0 0
5 5 0 0 e 1 1 2 0 0 1 8 3 0
5 5 0 0 e 3 1 2 0 0 1 c 2 0
5 5 0 0 f 1 1 2 0 0 1 8 3 0
5 5 0 0 f 10 0 1 2 1 1 8 0 0
5 5 0 0 f 10 0 1 4 2 1 8 1 0
5 5 0 0 f 10 0 1 8 3 1 8 2 0
5 5 0 0 f 10 0 1 10 4 1 8 3 0
5 5 0 0 11 1 0 1 0 0 1 10 4 0
5 5 0 0 11 2 0 1 0 0 1 10 3 0
5 5 0 0 11 3 0 1 0 0 1 c 2 0
5 5 0 0 11 4 0 1 0 0 1 10 2 0
5 5 0 0 11 5 0 1 0 0 1 a 1 0
5 5 0 0 11 6 0 1 0 0 1 c 1 0
5 5 0 0 11 7 0 1 0 0 1 e 1 0
5 5 0 0 11 8 0 1 0 0 1 10 1 0
5 5 0 0 13 1 0 1 0 0 1 10 4 0
5 5 0 0 13 2 0 1 0 0 1 10 3 0
5 5 0 0 13 3 0 1 0 0 1 c 2 0
5 5 0 0 13 4 0 1 0 0 1 10 2 0
5 5 0 0 13 5 0 1 0 0 1 a 1 0
5 5 0 0 13 6 0 1 0 0 1 c 1 0
5 5 0 0 13 7 0 1 0 0 1 e 1 0
5 5 0 0 13 8 0 1 0 0 1 10 1 0
5 5 0 0 13 9 0 1 0 0 1 12 1 0
5 5 0 0 17 1 0 1 0 0 1 10 4 0
5 5 0 0 17 2 0 1 0 0 1 10 3 0
5 5 0 0 17 3 0 1 0 0 1 c 2 0
5 5 0 0 17 4 0 1 0 0 1 10 2 0
5 5 0 0 17 5 0 1 0 0 1 14 2 0
5 5 0 0 17 6 0 1 0 0 1 c 1 0
5 5 0 0 17 7 0 1 0 0 1 e 1 0
5 5 0 0 17 8 0 1 0 0 1 10 1 0
5 5 0 0 17 9 0 1 0 0 1 12 1 0
5 5 0 0 17 a 0 1 0 0 1 14 1 0
5 5 0 0 17 b 0 1 0 0 1 16 1 0
5 5 0 0 1d 1 0 1 0 0 1 10 4 0
5 5 0 0 1d 2 0 1 0 0 1 10 3 0
5 5 0 0 1d 3 0 1 0 0 1 18 3 0
5 5 0 0 1d 4 0 1 0 0 1 10 2 0
5 5 0 0 1d 5 0 1 0 0 1 14 2 0
5 5 0 0 1d 6 0 1 0 0 1 18 2 0
5 5 0 0 1d 7 0 1 0 0 1 1c 2 0
5 5 0 0 1d 8 0 1 0 0 1 10 1 0
5 5 0 0 1d 9 0 1 0 0 1 12 1 0
5 5 0 0 1d a 0 1 0 0 1 14 1 0
5 5 0 0 1d b 0 1 0 0 1 16 1 0
5 5 0 0 1d c 0 1 0 0 1 18 1 0
5 5 0 0 1d d 0 1 0 0 1 1a 1 0
5 5 0 0 1d e 0 1 0 0 1 1c 1 0
5 5 0 0 1f 1 0 1 0 0 1 10 4 0
5 5 0 0 1f 2 0 1 0 0 1 10 3 0
5 5 0 0 1f 3 0 1 0 0 1 18 3 0
5 5 0 0 1f 4 0 1 0 0 1 10 2 0
5 5 0 0 1f 5 0 1 0 0 1 14 2 0
5 5 0 0 1f 6 0 1 0 0 1 18 2 0
5 5 0 0 1f 7 0 1 0 0 1 1c 2 0
5 5 0 0 1f 8 0 1 0 0 1 10 1 0
5 5 0 0 1f 9 0 1 0 0 1 12 1 0
5 5 0 0 1f a 0 1 0 0 1 14 1 0
5 5 0 0 1f b 0 1 0 0 1 16 1 0
5 5 0 0 1f c 0 1 0 0 1 18 1 0
5 5 0 0 1f d 0 1 0 0 1 1a 1 0
5 5 0 0 1f e 0 1 0 0 1 1c 1 0
5 5 0 0 1f f 0 1 0 0 1 1e 1 0
5 5 1 0 1 2 0 1 9 0 1 2 0 1
5 5 1 0 1 2 0 1 b 0 1 2 0 1
5 5 1 0 1 2 0 1 f 0 1 2 0 1
5 5 1 0 1 2 1 1 8 0 0 2 0 1
5 5 1 0 1 2 1 1 a 0 0 2 0 1
5 5 1 0 1 2 1 1 e 0 0 2 0 1
5 5 1 0 1 2 1 3 3 0 1 2 0 1
5 5 1 0 1 2 1 5 1 0 1 2 0 1
5 5 1 0 1 2 1 7 1 0 1 2 0 1
5 5 1 0 1 2 1 9 1 0 1 2 0 1
5 5 1 0 1 2 2 1 c 0 0 2 0 1
5 5 1 0 1 2 2 5 1 0 1 2 0 1
5 5 1 0 1 2 2 9 1 0 1 2 0 1
5 5 1 0 1 2 3 1 8 0 0 2 0 1
5 5 1 0 1 2 3 1 c 0 0 2 0 1
5 5 1 0 1 2 4 3 2 0 0 2 0 1
5 5 1 0 1 2 4 5 1 0 1 2 0 1
5 5 1 0 1 2 4 7 1 0 1 2 0 1
5 5 1 0 1 2 5 7 1 0 1 2 0 1
5 5 1 0 1 2 6 1 8 0 0 2 0 1
5 5 1 0 1 2 7 1 8 0 0 2 0 1
5 5 1 0 1 3 1 2 3 0 1 3 0 1
5 5 1 0 1 3 1 4 1 0 1 3 0 1
5 5 1 0 1 3 1 5 1 0 1 3 0 1
5 5 1 0 1 3 1 7 1 0 1 3 0 1
5 5 1 0 1 3 2 1 4 0 0 3 0 1
5 5 1 0 1 3 2 1 8 0 0 3 0 1
5 5 1 0 1 3 3 2 2 0 0 3 0 1
5 5 1 0 1 3 3 5 1 0 1 3 0 1
5 5 1 0 1 4 0 1 7 0 1 4 0 1
5 5 1 0 1 4 0 1 e 1 1 2 0 1
5 5 1 0 1 4 1 1 6 0 0 4 0 1
5 5 1 0 1 4 1 3 1 0 1 4 0 1
5 5 1 0 1 4 1 3 2 1 1 2 0 1
5 5 1 0 1 4 1 5 1 0 1 4 0 1
5 5 1 0 1 4 2 3 1 0 1 4 0 1
5 5 1 0 1 4 2 3 2 1 1 2 0 1
5 5 1 0 1 4 2 5 2 1 1 2 0 1
5 5 1 0 1 4 3 1 4 0 0 4 0 1
5 5 1 0 1 4 3 5 2 1 1 2 0 1
5 5 1 0 1 5 1 2 1 0 1 5 0 1
5 5 1 0 1 5 1 3 1 0 1 5 0 1
5 5 1 0 1 5 1 4 1 0 1 5 0 1
5 5 1 0 1 5 2 1 4 0 0 5 0 1
5 5 1 0 1 6 0 1 3 0 1 6 0 1
5 5 1 0 1 6 0 1 5 0 1 6 0 1
5 5 1 0 1 6 0 1 6 1 1 3 0 1
5 5 1 0 1 6 0 1 a 1 1 3 0 1
5 5 1 0 1 6 1 1 2 0 0 6 0 1
5 5 1 0 1 6 1 1 4 0 0 6 0 1
5 5 1 0 1 6 1 2 2 1 1 3 0 1
5 5 1 0 1 6 1 4 2 1 1 3 0 1
5 5 1 0 1 7 1 2 1 0 1 7 0 1
5 5 1 0 1 7 1 3 1 0 1 7 0 1
5 5 1 0 1 8 1 3 2 1 1 4 0 1
5 5 1 0 1 8 1 3 4 2 1 2 0 1
5 5 1 0 1 8 2 3 4 2 1 2 0 1
5 5 1 0 1 9 1 2 1 0 1 9 0 1
5 5 1 0 1 a 0 1 3 0 1 a 0 1
5 5 1 0 1 a 0 1 6 1 1 5 0 1
5 5 1 0 1 a 1 1 2 0 0 a 0 1
5 5 1 0 1 c 1 2 4 2 1 3 0 1
5 5 1 0 1 10 0 1 2 1 1 8 0 1
5 5 1 0 1 10 0 1 4 2 1 4 0 1
5 5 1 0 1 10 0 1 8 3 1 2 0 1
5 5 1 0 1 12 0 1 2 1 1 9 0 1
5 5 1 0 1 16 0 1 2 1 1 b 0 1
5 5 1 0 1 1c 0 1 2 1 1 e 0 1
5 5 1 0 1 1c 0 1 4 2 1 7 0 1
5 5 1 0 1 1e 0 1 2 1 1 f 0 1
5 5 1 0 2 3 0 1 5 0 1 3 0 1
5 5 1 0 2 3 0 1 7 0 1 3 0 1
5 5 1 0 2 3 0 1 9 0 1 3 0 1
5 5 1 0 2 3 1 1 4 0 0 3 0 1
5 5 1 0 2 3 1 1 6 0 0 3 0 1
5 5 1 0 2 3 1 1 8 0 0 3 0 1
5 5 1 0 2 3 1 4 1 0 1 3 0 1
5 5 1 0 2 3 2 5 1 0 1 3 0 1
5 5 1 0 2 3 3 1 4 0 0 3 0 1
5 5 1 0 2 3 3 4 1 0 1 3 0 1
5 5 1 0 2 5 0 1 3 0 1 5 0 1
5 5 1 0 2 5 1 1 2 0 0 5 0 1
5 5 1 0 2 5 1 2 1 0 1 5 0 1
5 5 1 0 2 5 2 3 1 0 1 5 0 1
5 5 1 0 2 6 1 2 2 1 1 3 0 1
5 5 1 0 2 7 0 1 3 0 1 7 0 1
5 5 1 0 2 7 1 1 2 0 0 7 0 1
5 5 1 0 2 9 0 1 3 0 1 9 0 1
5 5 1 0 2 9 1 1 2 0 0 9 0 1
5 5 1 0 2 9 1 2 1 0 1 9 0 1
5 5 1 0 2 a 1 2 2 1 1 5 0 1
5 5 1 0 2 c 1 2 4 2 1 3 0 1
5 5 1 0 3 2 1 5 0 0 1 2 0 0
5 5 1 0 3 2 1 7 0 0 1 2 0 0
5 5 1 0 3 2 1 9 0 0 1 2 0 0
5 5 1 0 3 2 2 5 0 0 1 2 0 0
5 5 1 0 3 2 2 9 0 0 1 2 0 0
5 5 1 0 3 2 4 5 0 0 1 2 0 0
5 5 1 0 3 2 4 7 0 0 1 2 0 0
5 5 1 0 3 2 5 7 0 0 1 2 0 0
5 5 1 0 3 4 0 1 5 0 1 4 0 1
5 5 1 0 3 4 0 1 7 0 1 4 0 1
5 5 1 0 3 4 0 1 a 1 1 2 0 0
5 5 1 0 3 4 0 1 e 1 1 2 0 0
5 5 1 0 3 4 1 1 4 0 0 4 0 1
5 5 1 0 3 4 1 1 6 0 0 4 0 1
5 5 1 0 3 4 1 3 2 1 1 2 0 0
5 5 1 0 3 4 2 3 1 0 1 4 0 1
5 5 1 0 3 4 3 1 4 0 0 4 0 1
5 5 1 0 3 5 1 3 1 0 1 5 0 1
5 5 1 0 3 a 1 2 2 1 1 5 0 1
5 5 1 0 3 e 0 1 2 1 1 7 0 1
5 5 1 0 3 10 0 1 2 1 1 8 0 1
5 5 1 0 3 10 0 1 4 2 1 4 0 1
5 5 1 0 3 10 0 1 8 3 1 2 0 0
5 5 1 0 3 14 0 1 2 1 1 a 0 1
5 5 1 0 3 14 0 1 4 2 1 5 0 1
5 5 1 0 3 1a 0 1 2 1 1 d 0 1
5 5 1 0 3 1c 0 1 2 1 1 e 0 1
5 5 1 0 3 1c 0 1 4 2 1 7 0 1
5 5 1 0 4 3 1 4 0 0 1 3 0 0
5 5 1 0 4 3 1 5 0 0 1 3 0 0
5 5 1 0 4 3 1 7 0 0 1 3 0 0
5 5 1 0 4 3 3 5 0 0 1 3 0 0
5 5 1 0 4 5 0 1 3 0 1 5 0 1
5 5 1 0 4 5 0 1 5 0 1 5 0 1
5 5 1 0 4 5 1 1 2 0 0 5 0 1
5 5 1 0 4 5 1 1 4 0 0 5 0 1
5 5 1 0 4 5 1 2 1 0 1 5 0 1
5 5 1 0 4 6 1 2 2 1 1 3 0 0
5 5 1 0 4 7 1 2 1 0 1 7 0 1
5 5 1 0 4 9 0 1 3 0 1 9 0 1
5 5 1 0 4 9 1 1 2 0 0 9 0 1
5 5 1 0 5 2 1 3 0 0 1 4 1 0
5 5 1 0 5 2 2 3 0 0 1 4 1 0
5 5 1 0 5 2 2 5 0 0 1 4 1 0
5 5 1 0 5 2 3 5 0 0 1 4 1 0
5 5 1 0 5 3 1 4 0 0 1 3 0 0
5 5 1 0 5 3 2 5 0 0 1 3 0 0
5 5 1 0 5 3 3 4 0 0 1 3 0 0
5 5 1 0 5 4 1 3 0 0 1 4 0 0
5 5 1 0 5 4 1 5 0 0 1 4 0 0
5 5 1 0 5 4 2 3 0 0 1 4 0 0
5 5 1 0 5 6 0 1 3 0 1 6 0 1
5 5 1 0 5 6 0 1 6 1 1 3 0 0
5 5 1 0 5 6 1 1 2 0 0 6 0 1
5 5 1 0 5 7 1 2 1 0 1 7 0 1
5 5 1 0 5 8 0 1 3 0 1 8 0 1
5 5 1 0 5 8 0 1 6 1 1 4 0 0
5 5 1 0 5 8 0 1 c 2 1 4 1 0
5 5 1 0 5 8 1 1 2 0 0 8 0 1
5 5 1 0 5 c 0 1 2 1 1 6 0 1
5 5 1 0 5 c 0 1 4 2 1 3 0 0
5 5 1 0 5 e 0 1 2 1 1 7 0 1
5 5 1 0 5 12 0 1 2 1 1 9 0 1
5 5 1 0 5 18 0 1 2 1 1 c 0 1
5 5 1 0 5 18 0 1 4 2 1 6 0 1
5 5 1 0 5 18 0 1 8 3 1 3 0 0
5 5 1 0 5 1a 0 1 2 1 1 d 0 1
5 5 1 0 6 5 1 2 0 0 1 5 0 0
5 5 1 0 6 5 1 3 0 0 1 5 0 0
5 5 1 0 6 5 1 4 0 0 1 5 0 0
5 5 1 0 7 2 1 3 0 0 1 4 1 0
5 5 1 0 7 3 1 2 0 0 1 6 1 0
5 5 1 0 7 3 1 4 0 0 1 6 1 0
5 5 1 0 7 4 2 3 0 0 1 4 0 0
5 5 1 0 7 5 1 2 0 0 1 5 0 0
5 5 1 0 7 5 2 3 0 0 1 5 0 0
5 5 1 0 7 8 0 1 3 0 1 8 0 1
5 5 1 0 7 8 0 1 6 1 1 4 0 0
5 5 1 0 7 8 0 1 c 2 1 4 1 0
5 5 1 0 7 8 1 1 2 0 0 8 0 1
5 5 1 0 7 a 0 1 2 1 1 5 0 0
5 5 1 0 7 c 0 1 2 1 1 6 0 0
5 5 1 0 7 c 0 1 4 2 1 6 1 0
5 5 1 0 7 10 0 1 2 1 1 8 0 1
5 5 1 0 7 10 0 1 4 2 1 4 0 0
5 5 1 0 7 10 0 1 8 3 1 4 1 0
5 5 1 0 7 16 0 1 2 1 1 b 0 1
5 5 1 0 7 18 0 1 2 1 1 c 0 1
5 5 1 0 7 18 0 1 4 2 1 6 0 0
5 5 1 0 7 18 0 1 8 3 1 6 1 0
5 5 1 0 8 3 1 2 0 0 1 6 1 0
5 5 1 0 8 5 1 3 0 0 1 5 0 0
5 5 1 0 8 7 1 2 0 0 1 7 0 0
5 5 1 0 8 7 1 3 0 0 1 7 0 0
5 5 1 0 9 2 1 3 0 0 1 8 2 0
5 5 1 0 9 2 2 3 0 0 1 8 2 0
5 5 1 0 9 4 1 3 0 0 1 8 1 0
5 5 1 0 9 5 1 2 0 0 1 5 0 0
5 5 1 0 9 a 0 1 2 1 1 5 0 0
5 5 1 0 9 e 0 1 2 1 1 7 0 0
5 5 1 0 9 14 0 1 2 1 1 a 0 1
5 5 1 0 9 14 0 1 4 2 1 5 0 0
5 5 1 0 9 16 0 1 2 1 1 b 0 1
5 5 1 0 a 3 1 2 0 0 1 6 1 0
5 5 1 0 a 9 1 2 0 0 1 9 0 0
5 5 1 0 b 7 1 2 0 0 1 7 0 0
5 5 1 0 b 9 1 2 0 0 1 9 0 0
5 5 1 0 b c 0 1 2 1 1 6 0 0
5 5 1 0 b c 0 1 4 2 1 6 1 0
5 5 1 0 b 12 0 1 2 1 1 9 0 0
5 5 1 0 b 14 0 1 2 1 1 a 0 0
5 5 1 0 b 14 0 1 4 2 1 a 1 0
5 5 1 0 c 5 1 2 0 0 1 a 1 0
5 5 1 0 c 7 1 2 0 0 1 7 0 0
5 5 1 0 d 3 1 2 0 0 1 c 2 0
5 5 1 0 d 5 1 2 0 0 1 a 1 0
5 5 1 0 d 10 0 1 2 1 1 8 0 0
5 5 1 0 d 10 0 1 4 2 1 8 1 0
5 5 1 0 d 10 0 1 8 3 1 8 2 0
5 5 1 0 d 12 0 1 2 1 1 9 0 0
5 5 1 0 e 3 1 2 0 0 1 c 2 0
5 5 1 0 f 10 0 1 2 1 1 8 0 0
5 5 1 0 f 10 0 1 4 2 1 8 1 0
5 5 1 0 f 10 0 1 8 3 1 8 2 0
5 5 1 0 11 2 0 1 0 0 1 10 3 0
5 5 1 0 11 3 0 1 0 0 1 c 2 0
5 5 1 0 11 4 0 1 0 0 1 10 2 0
5 5 1 0 11 5 0 1 0 0 1 a 1 0
5 5 1 0 11 6 0 1 0 0 1 c 1 0
5 5 1 0 11 7 0 1 0 0 1 e 1 0
5 5 1 0 11 8 0 1 0 0 1 10 1 0
5 5 1 0 13 2 0 1 0 0 1 10 3 0
5 5 1 0 13 3 0 1 0 0 1 c 2 0
5 5 1 0 13 4 0 1 0 0 1 10 2 0
5 5 1 0 13 5 0 1 0 0 1 a 1 0
5 5 1 0 13 6 0 1 0 0 1 c 1 0
5 5 1 0 13 7 0 1 0 0 1 e 1 0
5 5 1 0 13 8 0 1 0 0 1 10 1 0
5 5 1 0 13 9 0 1 0 0 1 12 1 0
5 5 1 0 17 2 0 1 0 0 1 10 3 0
5 5 1 0 17 3 0 1 0 0 1 c 2 0
5 5 1 0 17 4 0 1 0 0 1 10 2 0
5 5 1 0 17 5 0 1 0 0 1 14 2 0
5 5 1 0 17 6 0 1 0 0 1 c 1 0
5 5 1 0 17 7 0 1 0 0 1 e 1 0
5 5 1 0 17 8 0 1 0 0 1 10 1 0
5 5 1 0 17 9 0 1 0 0 1 12 1 0
5 5 1 0 17 a 0 1 0 0 1 14 1 0
5 5 1 0 17 b 0 1 0 0 1 16 1 0
5 5 1 0 1d 2 0 1 0 0 1 10 3 0
5 5 1 0 1d 3 0 1 0 0 1 18 3 0
5 5 1 0 1d 4 0 1 0 0 1 10 2 0
5 5 1 0 1d 5 0 1 0 0 1 14 2 0
5 5 1 0 1d 6 0 1 0 0 1 18 2 0
5 5 1 0 1d 7 0 1 0 0 1 1c 2 0
5 5 1 0 1d 8 0 1 0 0 1 10 1 0
5 5 1 0 1d 9 0 1 0 0 1 12 1 0
5 5 1 0 1d a 0 1 0 0 1 14 1 0
5 5 1 0 1d b 0 1 0 0 1 16 1 0
5 5 1 0 1d c 0 1 0 0 1 18 1 0
5 5 1 0 1d d 0 1 0 0 1 1a 1 0
5 5 1 0 1d e 0 1 0 0 1 1c 1 0
5 5 1 0 1f 2 0 1 0 0 1 10 3 0
5 5 1 0 1f 3 0 1 0 0 1 18 3 0
5 5 1 0 1f 4 0 1 0 0 1 10 2 0
5 5 1 0 1f 5 0 1 0 0 1 14 2 0
5 5 1 0 1f 6 0 1 0 0 1 18 2 0
5 5 1 0 1f 7 0 1 0 0 1 1c 2 0
5 5 1 0 1f 8 0 1 0 0 1 10 1 0
5 5 1 0 1f 9 0 1 0 0 1 12 1 0
5 5 1 0 1f a 0 1 0 0 1 14 1 0
5 5 1 0 1f b 0 1 0 0 1 16 1 0
5 5 1 0 1f c 0 1 0 0 1 18 1 0
5 5 1 0 1f d 0 1 0 0 1 1a 1 0
5 5 1 0 1f e 0 1 0 0 1 1c 1 0
5 5 1 0 1f f 0 1 0 0 1 1e 1 0
5 5 2 0 1 4 0 1 7 0 1 4 0 1
5 5 2 0 1 4 1 1 6 0 0 4 0 1
5 5 2 0 1 4 1 3 1 0 1 4 0 1
5 5 2 0 1 4 1 5 1 0 1 4 0 1
5 5 2 0 1 4 2 3 1 0 1 4 0 1
5 5 2 0 1 4 3 1 4 0 0 4 0 1
5 5 2 0 1 5 1 2 1 0 1 5 0 1
5 5 2 0 1 5 1 3 1 0 1 5 0 1
5 5 2 0 1 5 1 4 1 0 1 5 0 1
5 5 2 0 1 5 2 1 4 0 0 5 0 1
5 5 2 0 1 6 0 1 3 0 1 6 0 1
5 5 2 0 1 6 0 1 5 0 1 6 0 1
5 5 2 0 1 6 1 1 2 0 0 6 0 1
5 5 2 0 1 6 1 1 4 0 0 6 0 1
5 5 2 0 1 7 1 2 1 0 1 7 0 1
5 5 2 0 1 7 1 3 1 0 1 7 0 1
5 5 2 0 1 8 1 3 2 1 1 4 0 1
5 5 2 0 1 9 1 2 1 0 1 9 0 1
5 5 2 0 1 a 0 1 3 0 1 a 0 1
5 5 2 0 1 a 0 1 6 1 1 5 0 1
5 5 2 0 1 a 1 1 2 0 0 a 0 1
5 5 2 0 1 10 0 1 2 1 1 8 0 1
5 5 2 0 1 10 0 1 4 2 1 4 0 1
5 5 2 0 1 12 0 1 2 1 1 9 0 1
5 5 2 0 1 16 0 1 2 1 1 b 0 1
5 5 2 0 1 1c 0 1 2 1 1 e 0 1
5 5 2 0 1 1c 0 1 4 2 1 7 0 1
5 5 2 0 1 1e 0 1 2 1 1 f 0 1
5 5 2 0 2 5 0 1 3 0 1 5 0 1
5 5 2 0 2 5 1 1 2 0 0 5 0 1
5 5 2 0 2 5 1 2 1 0 1 5 0 1
5 5 2 0 2 5 2 3 1 0 1 5 0 1
5 5 2 0 2 7 0 1 3 0 1 7 0 1
5 5 2 0 2 7 1 1 2 0 0 7 0 1
5 5 2 0 2 9 0 1 3 0 1 9 0 1
5 5 2 0 2 9 1 1 2 0 0 9 0 1
5 5 2 0 2 9 1 2 1 0 1 9 0 1
5 5 2 0 2 a 1 2 2 1 1 5 0 1
5 5 2 0 3 4 0 1 5 0 1 4 0 1
5 5 2 0 3 4 0 1 7 0 1 4 0 1
5 5 2 0 3 4 1 1 4 0 0 4 0 1
5 5 2 0 3 4 1 1 6 0 0 4 0 1
5 5 2 0 3 4 2 3 1 0 1 4 0 1
5 5 2 0 3 4 3 1 4 0 0 4 0 1
5 5 2 0 3 5 1 3 1 0 1 5 0 1
5 5 2 0 3 a 1 2 2 1 1 5 0 1
5 5 2 0 3 e 0 1 2 1 1 7 0 1
5 5 2 0 3 10 0 1 2 1 1 8 0 1
5 5 2 0 3 10 0 1 4 2 1 4 0 1
5 5 2 0 3 14 0 1 2 1 1 a 0 1
5 5 2 0 3 14 0 1 4 2 1 5 0 1
5 5 2 0 3 1a 0 1 2 1 1 d 0 1
5 5 2 0 3 1c 0 1 2 1 1 e 0 1
5 5 2 0 3 1c 0 1 4 2 1 7 0 1
5 5 2 0 4 5 0 1 3 0 1 5 0 1
5 5 2 0 4 5 0 1 5 0 1 5 0 1
5 5 2 0 4 5 1 1 2 0 0 5 0 1
5 5 2 0 4 5 1 1 4 0 0 5 0 1
5 5 2 0 4 5 1 2 1 0 1 5 0 1
5 5 2 0 4 7 1 2 1 0 1 7 0 1
5 5 2 0 4 9 0 1 3 0 1 9 0 1
5 5 2 0 4 9 1 1 2 0 0 9 0 1
5 5 2 0 5 4 1 3 0 0 1 4 0 0
5 5 2 0 5 4 1 5 0 0 1 4 0 0
5 5 2 0 5 4 2 3 0 0 1 4 0 0
5 5 2 0 5 6 0 1 3 0 1 6 0 1
5 5 2 0 5 6 1 1 2 0 0 6 0 1
5 5 2 0 5 7 1 2 1 0 1 7 0 1
5 5 2 0 5 8 0 1 3 0 1 8 0 1
5 5 2 0 5 8 0 1 6 1 1 4 0 0
5 5 2 0 5 8 1 1 2 0 0 8 0 1
5 5 2 0 5 c 0 1 2 1 1 6 0 1
5 5 2 0 5 e 0 1 2 1 1 7 0 1
5 5 2 0 5 12 0 1 2 1 1 9 0 1
5 5 2 0 5 18 0 1 2 1 1 c 0 1
5 5 2 0 5 18 0 1 4 2 1 6 0 1
5 5 2 0 5 1a 0 1 2 1 1 d 0 1
5 5 2 0 6 5 1 2 0 0 1 5 0 0
5 5 2 0 6 5 1 3 0 0 1 5 0 0
5 5 2 0 6 5 1 4 0 0 1 5 0 0
5 5 2 0 7 4 2 3 0 0 1 4 0 0
5 5 2 0 7 5 1 2 0 0 1 5 0 0
5 5 2 0 7 5 2 3 0 0 1 5 0 0
5 5 2 0 7 8 0 1 3 0 1 8 0 1
5 5 2 0 7 8 0 1 6 1 1 4 0 0
5 5 2 0 7 8 1 1 2 0 0 8 0 1
5 5 2 0 7 a 0 1 2 1 1 5 0 0
5 5 2 0 7 c 0 1 2 1 1 6 0 0
5 5 2 0 7 10 0 1 2 1 1 8 0 1
5 5 2 0 7 10 0 1 4 2 1 4 0 0
5 5 2 0 7 16 0 1 2 1 1 b 0 1
5 5 2 0 7 18 0 1 2 1 1 c 0 1
5 5 2 0 7 18 0 1 4 2 1 6 0 0
5 5 2 0 8 5 1 3 0 0 1 5 0 0
5 5 2 0 8 7 1 2 0 0 1 7 0 0
5 5 2 0 8 7 1 3 0 0 1 7 0 0
5 5 2 0 9 4 1 3 0 0 1 8 1 0
5 5 2 0 9 5 1 2 0 0 1 5 0 0
5 5 2 0 9 a 0 1 2 1 1 5 0 0
5 5 2 0 9 e 0 1 2 1 1 7 0 0
5 5 2 0 9 14 0 1 2 1 1 a 0 1
5 5 2 0 9 14 0 1 4 2 1 5 0 0
5 5 2 0 9 16 0 1 2 1 1 b 0 1
5 5 2 0 a 9 1 2 0 0 1 9 0 0
5 5 2 0 b 7 1 2 0 0 1 7 0 0
5 5 2 0 b 9 1 2 0 0 1 9 0 0
5 5 2 0 b c 0 1 2 1 1 6 0 0
5 5 2 0 b 12 0 1 2 1 1 9 0 0
5 5 2 0 b 14 0 1 2 1 1 a 0 0
5 5 2 0 b 14 0 1 4 2 1 a 1 0
5 5 2 0 c 5 1 2 0 0 1 a 1 0
5 5 2 0 c 7 1 2 0 0 1 7 0 0
5 5 2 0 d 5 1 2 0 0 1 a 1 0
5 5 2 0 d 10 0 1 2 1 1 8 0 0
5 5 2 0 d 10 0 1 4 2 1 8 1 0
5 5 2 0 d 12 0 1 2 1 1 9 0 0
5 5 2 0 f 10 0 1 2 1 1 8 0 0
5 5 2 0 f 10 0 1 4 2 1 8 1 0
5 5 2 0 11 4 0 1 0 0 1 10 2 0
5 5 2 0 11 5 0 1 0 0 1 a 1 0
5 5 2 0 11 6 0 1 0 0 1 c 1 0
5 5 2 0 11 7 0 1 0 0 1 e 1 0
5 5 2 0 11 8 0 1 0 0 1 10 1 0
5 5 2 0 13 4 0 1 0 0 1 10 2 0
5 5 2 0 13 5 0 1 0 0 1 a 1 0
5 5 2 0 13 6 0 1 0 0 1 c 1 0
5 5 2 0 13 7 0 1 0 0 1 e 1 0
5 5 2 0 13 8 0 1 0 0 1 10 1 0
5 5 2 0 13 9 0 1 0 0 1 12 1 0
5 5 2 0 17 4 0 1 0 0 1 10 2 0
5 5 2 0 17 5 0 1 0 0 1 14 2 0
5 5 2 0 17 6 0 1 0 0 1 c 1 0
5 5 2 0 17 7 0 1 0 0 1 e 1 0
5 5 2 0 17 8 0 1 0 0 1 10 1 0
5 5 2 0 17 9 0 1 0 0 1 12 1 0
5 5 2 0 17 a 0 1 0 0 1 14 1 0
5 5 2 0 17 b 0 1 0 0 1 16 1 0
5 5 2 0 1d 4 0 1 0 0 1 10 2 0
5 5 2 0 1d 5 0 1 0 0 1 14 2 0
5 5 2 0 1d 6 0 1 0 0 1 18 2 0
5 5 2 0 1d 7 0 1 0 0 1 1c 2 0
5 5 2 0 1d 8 0 1 0 0 1 10 1 0
5 5 2 0 1d 9 0 1 0 0 1 12 1 0
5 5 2 0 1d a 0 1 0 0 1 14 1 0
5 5 2 0 1d b 0 1 0 0 1 16 1 0
5 5 2 0 1d c 0 1 0 0 1 18 1 0
5 5 2 0 1d d 0 1 0 0 1 1a 1 0
5 5 2 0 1d e 0 1 0 0 1 1c 1 0
5 5 2 0 1f 4 0 1 0 0 1 10 2 0
5 5 2 0 1f 5 0 1 0 0 1 14 2 0
5 5 2 0 1f 6 0 1 0 0 1 18 2 0
5 5 2 0 1f 7 0 1 0 0 1 1c 2 0
5 5 2 0 1f 8 0 1 0 0 1 10 1 0
5 5 2 0 1f 9 0 1 0 0 1 12 1 0
5 5 2 0 1f a 0 1 0 0 1 14 1 0
5 5 2 0 1f b 0 1 0 0 1 16 1 0
5 5 2 0 1f c 0 1 0 0 1 18 1 0
5 5 2 0 1f d 0 1 0 0 1 1a 1 0
5 5 2 0 1f e 0 1 0 0 1 1c 1 0
5 5 2 0 1f f 0 1 0 0 1 1e 1 0
5 5 3 0 1 9 1 2 1 0 1 9 0 1
5 5 3 0 1 a 0 1 3 0 1 a 0 1
5 5 3 0 1 a 1 1 2 0 0 a 0 1
5 5 3 0 1 10 0 1 2 1 1 8 0 1
5 5 3 0 1 12 0 1 2 1 1 9 0 1
5 5 3 0 1 16 0 1 2 1 1 b 0 1
5 5 3 0 1 1c 0 1 2 1 1 e 0 1
5 5 3 0 1 1e 0 1 2 1 1 f 0 1
5 5 3 0 2 9 0 1 3 0 1 9 0 1
5 5 3 0 2 9 1 1 2 0 0 9 0 1
5 5 3 0 2 9 1 2 1 0 1 9 0 1
5 5 3 0 3 10 0 1 2 1 1 8 0 1
5 5 3 0 3 14 0 1 2 1 1 a 0 1
5 5 3 0 3 1a 0 1 2 1 1 d 0 1
5 5 3 0 3 1c 0 1 2 1 1 e 0 1
5 5 3 0 4 9 0 1 3 0 1 9 0 1
5 5 3 0 4 9 1 1 2 0 0 9 0 1
5 5 3 0 5 8 0 1 3 0 1 8 0 1
5 5 3 0 5 8 1 1 2 0 0 8 0 1
5 5 3 0 5 12 0 1 2 1 1 9 0 1
5 5 3 0 5 18 0 1 2 1 1 c 0 1
5 5 3 0 5 1a 0 1 2 1 1 d 0 1
5 5 3 0 7 8 0 1 3 0 1 8 0 1
5 5 3 0 7 8 1 1 2 0 0 8 0 1
5 5 3 0 7 10 0 1 2 1 1 8 0 1
5 5 3 0 7 16 0 1 2 1 1 b 0 1
5 5 3 0 7 18 0 1 2 1 1 c 0 1
5 5 3 0 9 14 0 1 2 1 1 a 0 1
5 5 3 0 9 16 0 1 2 1 1 b 0 1
5 5 3 0 a 9 1 2 0 0 1 9 0 0
5 5 3 0 b 9 1 2 0 0 1 9 0 0
5 5 3 0 b 12 0 1 2 1 1 9 0 0
5 5 3 0 b 14 0 1 2 1 1 a 0 0
5 5 3 0 d 10 0 1 2 1 1 8 0 0
5 5 3 0 d 12 0 1 2 1 1 9 0 0
5 5 3 0 f 10 0 1 2 1 1 8 0 0
5 5 3 0 11 8 0 1 0 0 1 10 1 0
5 5 3 0 13 8 0 1 0 0 1 10 1 0
5 5 3 0 13 9 0 1 0 0 1 12 1 0
5 5 3 0 17 8 0 1 0 0 1 10 1 0
5 5 3 0 17 9 0 1 0 0 1 12 1 0
5 5 3 0 17 a 0 1 0 0 1 14 1 0
5 5 3 0 17 b 0 1 0 0 1 16 1 0
5 5 3 0 1d 8 0 1 0 0 1 10 1 0
5 5 3 0 1d 9 0 1 0 0 1 12 1 0
5 5 3 0 1d a 0 1 0 0 1 14 1 0
5 5 3 0 1d b 0 1 0 0 1 16 1 0
5 5 3 0 1d c 0 1 0 0 1 18 1 0
5 5 3 0 1d d 0 1 0 0 1 1a 1 0
5 5 3 0 1d e 0 1 0 0 1 1c 1 0
5 5 3 0 1f 8 0 1 0 0 1 10 1 0
5 5 3 0 1f 9 0 1 0 0 1 12 1 0
5 5 3 0 1f a 0 1 0 0 1 14 1 0
5 5 3 0 1f b 0 1 0 0 1 16 1 0
5 5 3 0 1f c 0 1 0 0 1 18 1 0
5 5 3 0 1f d 0 1 0 0 1 1a 1 0
5 5 3 0 1f e 0 1 0 0 1 1c 1 0
5 5 3 0 1f f 0 1 0 0 1 1e 1 0
96 235 0 1 0 1 0 1 0 0 1 1 0 1
96 235 0 1 0 1 0 1 1 0 1 1 0 1
96 235 0 1 0 1 0 1 80000001 0 1 1 0 1
96 235 0 1 0 1 2 1 0 0 0 1 0 1
96 235 0 1 0 1 2 1 1 0 0 1 0 1
96 235 0 1 0 1 2 1 2 0 0 1 0 1
96 235 0 1 0 1 2 1 8000 0 0 1 0 1
96 235 0 1 0 1 2 1 80000000 0 0 1 0 1
96 235 0 1 0 1 2 1 80000001 0 0 1 0 1
96 235 0 1 0 2 0 1 0 0 1 2 0 1
96 235 0 1 0 2 0 1 1 0 1 2 0 1
96 235 0 1 0 2 0 1 2 1 1 1 0 1
96 235 0 1 0 2 0 1 80000001 0 1 2 0 1
96 235 0 1 0 2 2 1 0 0 0 2 0 1
96 235 0 1 0 2 2 1 1 0 0 2 0 1
96 235 0 1 0 2 2 1 2 0 0 2 0 1
96 235 0 1 0 2 2 1 8000 0 0 2 0 1
96 235 0 1 0 2 2 1 80000000 0 0 2 0 1
96 235 0 1 0 2 2 1 80000001 0 0 2 0 1
96 235 0 1 0 4 0 1 2 1 1 2 0 1
96 235 0 1 0 8000 0 1 8000 f 1 1 0 1
96 235 0 1 0 10000 0 1 8000 f 1 2 0 1
96 235 0 1 0 80000000 0 1 80000000 1f 1 1 0 1
96 235 0 1 0 100000000 0 1 80000000 1f 1 2 0 1
96 235 0 1 0 8000000000000000 0 1 0 0 1 8000000000000000 0 1
96 235 0 1 0 8000000000000000 0 1 1 0 1 8000000000000000 0 1
96 235 0 1 0 8000000000000000 0 1 80000001 0 1 8000000000000000 0 1
96 235 0 1 0 8000000000000000 2 1 0 0 0 8000000000000000 0 1
96 235 0 1 0 8000000000000000 2 1 1 0 0 8000000000000000 0 1
96 235 0 1 0 8000000000000000 2 1 2 0 0 8000000000000000 0 1
96 235 0 1 0 8000000000000000 2 1 8000 0 0 8000000000000000 0 1
96 235 0 1 0 8000000000000000 2 1 80000000 0 0 8000000000000000 0 1
96 235 0 1 0 8000000000000000 2 1 80000001 0 0 8000000000000000 0 1
96 235 0 1 0 10000000000000000 0 1 2 1 1 8000000000000000 0 1
96 235 0 1 0 40000000000000000000 0 1 8000 f 1 8000000000000000 0 1
96 235 0 1 0 400000000000000000000000 0 1 0 0 1 400000000000000000000000 0 1
96 235 0 1 0 400000000000000000000000 0 1 1 0 1 400000000000000000000000 0 1
96 235 0 1 0 400000000000000000000000 0 1 80000000 1f 1 8000000000000000 0 1
96 235 0 1 0 400000000000000000000000 0 1 80000001 0 1 400000000000000000000000 0 1
96 235 0 1 0 400000000000000000000000 2 1 0 0 0 400000000000000000000000 0 1
96 235 0 1 0 400000000000000000000000 2 1 1 0 0 400000000000000000000000 0 1
96 235 0 1 0 400000000000000000000000 2 1 2 0 0 400000000000000000000000 0 1
96 235 0 1 0 400000000000000000000000 2 1 8000 0 0 400000000000000000000000 0 1
96 235 0 1 0 400000000000000000000000 2 1 80000000 0 0 400000000000000000000000 0 1
96 235 0 1 0 400000000000000000000000 2 1 80000001 0 0 400000000000000000000000 0 1
96 235 0 1 0 800000000000000000000000 0 1 2 1 1 400000000000000000000000 0 1
96 235 0 1 1 1 0 1 0 0 1 1 0 0
96 235 0 1 1 1 0 1 1 0 1 1 0 0
96 235 0 1 1 1 0 1 80000001 0 1 1 0 0
96 235 0 1 1 1 2 1 0 0 0 1 0 0
96 235 0 1 1 1 2 1 1 0 0 1 0 0
96 235 0 1 1 1 2 1 2 0 0 1 0 0
96 235 0 1 1 1 2 1 8000 0 0 1 0 0
96 235 0 1 1 1 2 1 80000000 0 0 1 0 0
96 235 0 1 1 1 2 1 80000001 0 0 1 0 0
96 235 0 1 1 2 0 1 0 0 1 2 0 1
96 235 0 1 1 2 0 1 1 0 1 2 0 1
96 235 0 1 1 2 0 1 2 1 1 1 0 0
96 235 0 1 1 2 0 1 80000001 0 1 2 0 1
96 235 0 1 1 2 2 1 0 0 0 2 0 1
96 235 0 1 1 2 2 1 1 0 0 2 0 1
96 235 0 1 1 2 2 1 2 0 0 2 0 1
96 235 0 1 1 2 2 1 8000 0 0 2 0 1
96 235 0 1 1 2 2 1 80000000 0 0 2 0 1
96 235 0 1 1 2 2 1 80000001 0 0 2 0 1
96 235 0 1 1 4 0 1 2 1 1 2 0 1
96 235 0 1 1 8000 0 1 8000 f 1 1 0 0
96 235 0 1 1 10000 0 1 8000 f 1 2 0 1
96 235 0 1 1 80000000 0 1 80000000 1f 1 1 0 0
96 235 0 1 1 100000000 0 1 80000000 1f 1 2 0 1
96 235 0 1 2 1 0 1 0 0 1 2 1 0
96 235 0 1 2 1 0 1 1 0 1 2 1 0
96 235 0 1 2 1 0 1 80000001 0 1 2 1 0
96 235 0 1 2 1 2 1 0 0 0 2 1 0
96 235 0 1 2 1 2 1 1 0 0 2 1 0
96 235 0 1 2 1 2 1 2 0 0 2 1 0
96 235 0 1 2 1 2 1 8000 0 0 2 1 0
96 235 0 1 2 1 2 1 80000000 0 0 2 1 0
96 235 0 1 2 1 2 1 80000001 0 0 2 1 0
96 235 0 1 2 2 0 1 0 0 1 2 0 0
96 235 0 1 2 2 0 1 1 0 1 2 0 0
96 235 0 1 2 2 0 1 2 1 1 2 1 0
96 235 0 1 2 2 0 1 80000001 0 1 2 0 0
96 235 0 1 2 2 2 1 0 0 0 2 0 0
96 235 0 1 2 2 2 1 1 0 0 2 0 0
96 235 0 1 2 2 2 1 2 0 0 2 0 0
96 235 0 1 2 2 2 1 8000 0 0 2 0 0
96 235 0 1 2 2 2 1 80000000 0 0 2 0 0
96 235 0 1 2 2 2 1 80000001 0 0 2 0 0
96 235 0 1 2 4 0 1 2 1 1 2 0 0
96 235 0 1 2 8000 0 1 8000 f 1 2 1 0
96 235 0 1 2 10000 0 1 8000 f 1 2 0 0
96 235 0 1 2 80000000 0 1 80000000 1f 1 2 1 0
96 235 0 1 2 100000000 0 1 80000000 1f 1 2 0 0
96 235 0 1 3 1 0 1 0 0 1 2 1 0
96 235 0 1 3 1 0 1 1 0 1 2 1 0
96 235 0 1 3 1 0 1 80000001 0 1 2 1 0
96 235 0 1 3 1 2 1 0 0 0 2 1 0
96 235 0 1 3 1 2 1 1 0 0 2 1 0
96 235 0 1 3 1 2 1 2 0 0 2 1 0
96 235 0 1 3 1 2 1 8000 0 0 2 1 0
96 235 0 1 3 1 2 1 80000000 0 0 2 1 0
96 235 0 1 3 1 2 1 80000001 0 0 2 1 0
96 235 0 1 3 2 0 1 0 0 1 2 0 0
96 235 0 1 3 2 0 1 1 0 1 2 0 0
96 235 0 1 3 2 0 1 2 1 1 2 1 0
96 235 0 1 3 2 0 1 80000001 0 1 2 0 0
96 235 0 1 3 2 2 1 0 0 0 2 0 0
96 235 0 1 3 2 2 1 1 0 0 2 0 0
96 235 0 1 3 2 2 1 2 0 0 2 0 0
96 235 0 1 3 2 2 1 8000 0 0 2 0 0
96 235 0 1 3 2 2 1 80000000 0 0 2 0 0
96 235 0 1 3 2 2 1 80000001 0 0 2 0 0
96 235 0 1 3 4 0 1 2 1 1 2 0 0
96 235 0 1 3 8000 0 1 8000 f 1 2 1 0
96 235 0 1 3 10000 0 1 8000 f 1 2 0 0
96 235 0 1 3 80000000 0 1 80000000 1f 1 2 1 0
96 235 0 1 3 100000000 0 1 80000000 1f 1 2 0 0
96 235 0 1 4 2 0 1 0 0 1 4 1 0
96 235 0 1 4 2 0 1 1 0 1 4 1 0
96 235 0 1 4 2 0 1 80000001 0 1 4 1 0
96 235 0 1 4 2 2 1 0 0 0 4 1 0
96 235 0 1 4 2 2 1 1 0 0 4 1 0
96 235 0 1 4 2 2 1 2 0 0 4 1 0
96 235 0 1 4 2 2 1 8000 0 0 4 1 0
96 235 0 1 4 2 2 1 80000000 0 0 4 1 0
96 235 0 1 4 2 2 1 80000001 0 0 4 1 0
96 235 0 1 4 4 0 1 2 1 1 4 1 0
96 235 0 1 4 10000 0 1 8000 f 1 4 1 0
96 235 0 1 4 100000000 0 1 80000000 1f 1 4 1 0
96 235 0 1 5 2 0 1 0 0 1 4 1 0
96 235 0 1 5 2 0 1 1 0 1 4 1 0
96 235 0 1 5 2 0 1 80000001 0 1 4 1 0
96 235 0 1 5 2 2 1 0 0 0 4 1 0
96 235 0 1 5 2 2 1 1 0 0 4 1 0
96 235 0 1 5 2 2 1 2 0 0 4 1 0
96 235 0 1 5 2 2 1 8000 0 0 4 1 0
96 235 0 1 5 2 2 1 80000000 0 0 4 1 0
96 235 0 1 5 2 2 1 80000001 0 0 4 1 0
96 235 0 1 5 4 0 1 2 1 1 4 1 0
96 235 0 1 5 10000 0 1 8000 f 1 4 1 0
96 235 0 1 5 100000000 0 1 80000000 1f 1 4 1 0
96 235 0 1 7fff 1 0 1 0 0 1 4000 e 0
96 235 0 1 7fff 1 0 1 1 0 1 4000 e 0
96 235 0 1 7fff 1 0 1 80000001 0 1 4000 e 0
96 235 0 1 7fff 1 2 1 0 0 0 4000 e 0
96 235 0 1 7fff 1 2 1 1 0 0 4000 e 0
96 235 0 1 7fff 1 2 1 2 0 0 4000 e 0
96 235 0 1 7fff 1 2 1 8000 0 0 4000 e 0
96 235 0 1 7fff 1 2 1 80000000 0 0 4000 e 0
96 235 0 1 7fff 1 2 1 80000001 0 0 4000 e 0
96 235 0 1 7fff 2 0 1 2 1 1 4000 e 0
96 235 0 1 7fff 8000 0 1 8000 f 1 4000 e 0
96 235 0 1 7fff 80000000 0 1 80000000 1f 1 4000 e 0
96 235 0 1 8000 1 0 1 0 0 1 8000 f 0
96 235 0 1 8000 1 0 1 1 0 1 8000 f 0
96 235 0 1 8000 1 0 1 80000001 0 1 8000 f 0
96 235 0 1 8000 1 2 1 0 0 0 8000 f 0
96 235 0 1 8000 1 2 1 1 0 0 8000 f 0
96 235 0 1 8000 1 2 1 2 0 0 8000 f 0
96 235 0 1 8000 1 2 1 8000 0 0 8000 f 0
96 235 0 1 8000 1 2 1 80000000 0 0 8000 f 0
96 235 0 1 8000 1 2 1 80000001 0 0 8000 f 0
96 235 0 1 8000 2 0 1 2 1 1 8000 f 0
96 235 0 1 8000 8000 0 1 8000 f 1 8000 f 0
96 235 0 1 8000 80000000 0 1 80000000 1f 1 8000 f 0
96 235 0 1 8001 1 0 1 0 0 1 8000 f 0
96 235 0 1 8001 1 0 1 1 0 1 8000 f 0
96 235 0 1 8001 1 0 1 80000001 0 1 8000 f 0
96 235 0 1 8001 1 2 1 0 0 0 8000 f 0
96 235 0 1 8001 1 2 1 1 0 0 8000 f 0
96 235 0 1 8001 1 2 1 2 0 0 8000 f 0
96 235 0 1 8001 1 2 1 8000 0 0 8000 f 0
96 235 0 1 8001 1 2 1 80000000 0 0 8000 f 0
96 235 0 1 8001 1 2 1 80000001 0 0 8000 f 0
96 235 0 1 8001 2 0 1 2 1 1 8000 f 0
96 235 0 1 8001 8000 0 1 8000 f 1 8000 f 0
96 235 0 1 8001 80000000 0 1 80000000 1f 1 8000 f 0
96 235 0 1 ffff 2 0 1 0 0 1 8000 e 0
96 235 0 1 ffff 2 0 1 1 0 1 8000 e 0
96 235 0 1 ffff 2 0 1 80000001 0 1 8000 e 0
96 235 0 1 ffff 2 2 1 0 0 0 8000 e 0
96 235 0 1 ffff 2 2 1 1 0 0 8000 e 0
96 235 0 1 ffff 2 2 1 2 0 0 8000 e 0
96 235 0 1 ffff 2 2 1 8000 0 0 8000 e 0
96 235 0 1 ffff 2 2 1 80000000 0 0 8000 e 0
96 235 0 1 ffff 2 2 1 80000001 0 0 8000 e 0
96 235 0 1 ffff 4 0 1 2 1 1 8000 e 0
96 235 0 1 ffff 10000 0 1 8000 f 1 8000 e 0
96 235 0 1 ffff 100000000 0 1 80000000 1f 1 8000 e 0
96 235 0 1 10000 2 0 1 0 0 1 10000 f 0
96 235 0 1 10000 2 0 1 1 0 1 10000 f 0
96 235 0 1 10000 2 0 1 80000001 0 1 10000 f 0
96 235 0 1 10000 2 2 1 0 0 0 10000 f 0
96 235 0 1 10000 2 2 1 1 0 0 10000 f 0
96 235 0 1 10000 2 2 1 2 0 0 10000 f 0
96 235 0 1 10000 2 2 1 8000 0 0 10000 f 0
96 235 0 1 10000 2 2 1 80000000 0 0 10000 f 0
96 235 0 1 10000 2 2 1 80000001 0 0 10000 f 0
96 235 0 1 10000 4 0 1 2 1 1 10000 f 0
96 235 0 1 10000 10000 0 1 8000 f 1 10000 f 0
96 235 0 1 10000 100000000 0 1 80000000 1f 1 10000 f 0
96 235 0 1 10001 2 0 1 0 0 1 10000 f 0
96 235 0 1 10001 2 0 1 1 0 1 10000 f 0
96 235 0 1 10001 2 0 1 80000001 0 1 10000 f 0
96 235 0 1 10001 2 2 1 0 0 0 10000 f 0
96 235 0 1 10001 2 2 1 1 0 0 10000 f 0
96 235 0 1 10001 2 2 1 2 0 0 10000 f 0
96 235 0 1 10001 2 2 1 8000 0 0 10000 f 0
96 235 0 1 10001 2 2 1 80000000 0 0 10000 f 0
96 235 0 1 10001 2 2 1 80000001 0 0 10000 f 0
96 235 0 1 10001 4 0 1 2 1 1 10000 f 0
96 235 0 1 10001 10000 0 1 8000 f 1 10000 f 0
96 235 0 1 10001 100000000 0 1 80000000 1f 1 10000 f 0
96 235 0 1 7fffffff 1 0 1 0 0 1 40000000 1e 0
96 235 0 1 7fffffff 1 0 1 1 0 1 40000000 1e 0
96 235 0 1 7fffffff 1 0 1 80000001 0 1 40000000 1e 0
96 235 0 1 7fffffff 1 2 1 0 0 0 40000000 1e 0
96 235 0 1 7fffffff 1 2 1 1 0 0 40000000 1e 0
96 235 0 1 7fffffff 1 2 1 2 0 0 40000000 1e 0
96 235 0 1 7fffffff 1 2 1 8000 0 0 40000000 1e 0
96 235 0 1 7fffffff 1 2 1 80000000 0 0 40000000 1e 0
96 235 0 1 7fffffff 1 2 1 80000001 0 0 40000000 1e 0
96 235 0 1 7fffffff 2 0 1 2 1 1 40000000 1e 0
96 235 0 1 7fffffff 8000 0 1 8000 f 1 40000000 1e 0
96 235 0 1 7fffffff 80000000 0 1 80000000 1f 1 40000000 1e 0
96 235 0 1 80000000 1 0 1 0 0 1 80000000 1f 0
96 235 0 1 80000000 1 0 1 1 0 1 80000000 1f 0
96 235 0 1 80000000 1 0 1 80000001 0 1 80000000 1f 0
96 235 0 1 80000000 1 2 1 0 0 0 80000000 1f 0
96 235 0 1 80000000 1 2 1 1 0 0 80000000 1f 0
96 235 0 1 80000000 1 2 1 2 0 0 80000000 1f 0
96 235 0 1 80000000 1 2 1 8000 0 0 80000000 1f 0
96 235 0 1 80000000 1 2 1 80000000 0 0 80000000 1f 0
96 235 0 1 80000000 1 2 1 80000001 0 0 80000000 1f 0
96 235 0 1 80000000 2 0 1 2 1 1 80000000 1f 0
96 235 0 1 80000000 8000 0 1 8000 f 1 80000000 1f 0
96 235 0 1 80000000 80000000 0 1 80000000 1f 1 80000000 1f 0
96 235 0 1 80000001 1 0 1 0 0 1 80000000 1f 0
96 235 0 1 80000001 1 0 1 1 0 1 80000000 1f 0
96 235 0 1 80000001 1 0 1 80000001 0 1 80000000 1f 0
96 235 0 1 80000001 1 2 1 0 0 0 80000000 1f 0
96 235 0 1 80000001 1 2 1 1 0 0 80000000 1f 0
96 235 0 1 80000001 1 2 1 2 0 0 80000000 1f 0
96 235 0 1 80000001 1 2 1 8000 0 0 80000000 1f 0
96 235 0 1 80000001 1 2 1 80000000 0 0 80000000 1f 0
96 235 0 1 80000001 1 2 1 80000001 0 0 80000000 1f 0
96 235 0 1 80000001 2 0 1 2 1 1 80000000 1f 0
96 235 0 1 80000001 8000 0 1 8000 f 1 80000000 1f 0
96 235 0 1 80000001 80000000 0 1 80000000 1f 1 80000000 1f 0
96 235 0 1 ffffffff 2 0 1 0 0 1 80000000 1e 0
96 235 0 1 ffffffff 2 0 1 1 0 1 80000000 1e 0
96 235 0 1 ffffffff 2 0 1 80000001 0 1 80000000 1e 0
96 235 0 1 ffffffff 2 2 1 0 0 0 80000000 1e 0
96 235 0 1 ffffffff 2 2 1 1 0 0 80000000 1e 0
96 235 0 1 ffffffff 2 2 1 2 0 0 80000000 1e 0
96 235 0 1 ffffffff 2 2 1 8000 0 0 80000000 1e 0
96 235 0 1 ffffffff 2 2 1 80000000 0 0 80000000 1e 0
96 235 0 1 ffffffff 2 2 1 80000001 0 0 80000000 1e 0
96 235 0 1 ffffffff 4 0 1 2 1 1 80000000 1e 0
96 235 0 1 ffffffff 10000 0 1 8000 f 1 80000000 1e 0
96 235 0 1 ffffffff 100000000 0 1 80000000 1f 1 80000000 1e 0
96 235 0 1 100000000 2 0 1 0 0 1 100000000 1f 0
96 235 0 1 100000000 2 0 1 1 0 1 100000000 1f 0
96 235 0 1 100000000 2 0 1 80000001 0 1 100000000 1f 0
96 235 0 1 100000000 2 2 1 0 0 0 100000000 1f 0
96 235 0 1 100000000 2 2 1 1 0 0 100000000 1f 0
96 235 0 1 100000000 2 2 1 2 0 0 100000000 1f 0
96 235 0 1 100000000 2 2 1 8000 0 0 100000000 1f 0
96 235 0 1 100000000 2 2 1 80000000 0 0 100000000 1f 0
96 235 0 1 100000000 2 2 1 80000001 0 0 100000000 1f 0
96 235 0 1 100000000 4 0 1 2 1 1 100000000 1f 0
96 235 0 1 100000000 10000 0 1 8000 f 1 100000000 1f 0
96 235 0 1 100000000 100000000 0 1 80000000 1f 1 100000000 1f 0
96 235 0 1 100000001 2 0 1 0 0 1 100000000 1f 0
96 235 0 1 100000001 2 0 1 1 0 1 100000000 1f 0
96 235 0 1 100000001 2 0 1 80000001 0 1 100000000 1f 0
96 235 0 1 100000001 2 2 1 0 0 0 100000000 1f 0
96 235 0 1 100000001 2 2 1 1 0 0 100000000 1f 0
96 235 0 1 100000001 2 2 1 2 0 0 100000000 1f 0
96 235 0 1 100000001 2 2 1 8000 0 0 100000000 1f 0
96 235 0 1 100000001 2 2 1 80000000 0 0 100000000 1f 0
96 235 0 1 100000001 2 2 1 80000001 0 0 100000000 1f 0
96 235 0 1 100000001 4 0 1 2 1 1 100000000 1f 0
96 235 0 1 100000001 10000 0 1 8000 f 1 100000000 1f 0
96 235 0 1 100000001 100000000 0 1 80000000 1f 1 100000000 1f 0
96 235 0 1 7fffffffffffffff 8000000000000000 0 1 0 0 1 8000000000000000 0 1
96 235 0 1 7fffffffffffffff 8000000000000000 0 1 1 0 1 8000000000000000 0 1
96 235 0 1 7fffffffffffffff 8000000000000000 0 1 80000001 0 1 8000000000000000 0 1
96 235 0 1 7fffffffffffffff 8000000000000000 2 1 0 0 0 8000000000000000 0 1
96 235 0 1 7fffffffffffffff 8000000000000000 2 1 1 0 0 8000000000000000 0 1
96 235 0 1 7fffffffffffffff 8000000000000000 2 1 2 0 0 8000000000000000 0 1
96 235 0 1 7fffffffffffffff 8000000000000000 2 1 8000 0 0 8000000000000000 0 1
96 235 0 1 7fffffffffffffff 8000000000000000 2 1 80000000 0 0 8000000000000000 0 1
96 235 0 1 7fffffffffffffff 8000000000000000 2 1 80000001 0 0 8000000000000000 0 1
96 235 0 1 7fffffffffffffff 10000000000000000 0 1 2 1 1 8000000000000000 0 1
96 235 0 1 7fffffffffffffff 40000000000000000000 0 1 8000 f 1 8000000000000000 0 1
96 235 0 1 7fffffffffffffff 400000000000000000000000 0 1 80000000 1f 1 8000000000000000 0 1
96 235 0 1 8000000000000000 8000000000000000 0 1 0 0 1 8000000000000000 0 0
96 235 0 1 8000000000000000 8000000000000000 0 1 1 0 1 8000000000000000 0 0
96 235 0 1 8000000000000000 8000000000000000 0 1 80000001 0 1 8000000000000000 0 0
96 235 0 1 8000000000000000 8000000000000000 2 1 0 0 0 8000000000000000 0 0
96 235 0 1 8000000000000000 8000000000000000 2 1 1 0 0 8000000000000000 0 0
96 235 0 1 8000000000000000 8000000000000000 2 1 2 0 0 8000000000000000 0 0
96 235 0 1 8000000000000000 8000000000000000 2 1 8000 0 0 8000000000000000 0 0
96 235 0 1 8000000000000000 8000000000000000 2 1 80000000 0 0 8000000000000000 0 0
96 235 0 1 8000000000000000 8000000000000000 2 1 80000001 0 0 8000000000000000 0 0
96 235 0 1 8000000000000000 10000000000000000 0 1 2 1 1 8000000000000000 0 0
96 235 0 1 8000000000000000 40000000000000000000 0 1 8000 f 1 8000000000000000 0 0
96 235 0 1 8000000000000000 400000000000000000000000 0 1 80000000 1f 1 8000000000000000 0 0
96 235 0 1 8000000000000001 8000000000000000 0 1 0 0 1 8000000000000000 0 0
96 235 0 1 8000000000000001 8000000000000000 0 1 1 0 1 8000000000000000 0 0
96 235 0 1 8000000000000001 8000000000000000 0 1 80000001 0 1 8000000000000000 0 0
96 235 0 1 8000000000000001 8000000000000000 2 1 0 0 0 8000000000000000 0 0
96 235 0 1 8000000000000001 8000000000000000 2 1 1 0 0 8000000000000000 0 0
96 235 0 1 8000000000000001 8000000000000000 2 1 2 0 0 8000000000000000 0 0
96 235 0 1 8000000000000001 8000000000000000 2 1 8000 0 0 8000000000000000 0 0
96 235 0 1 8000000000000001 8000000000000000 2 1 80000000 0 0 8000000000000000 0 0
96 235 0 1 8000000000000001 8000000000000000 2 1 80000001 0 0 8000000000000000 0 0
96 235 0 1 8000000000000001 10000000000000000 0 1 2 1 1 8000000000000000 0 0
96 235 0 1 8000000000000001 40000000000000000000 0 1 8000 f 1 8000000000000000 0 0
96 235 0 1 8000000000000001 400000000000000000000000 0 1 80000000 1f 1 8000000000000000 0 0
96 235 0 1 ffffffffffffffff 8000000000000000 0 1 0 0 1 8000000000000000 0 0
96 235 0 1 ffffffffffffffff 8000000000000000 0 1 1 0 1 8000000000000000 0 0
96 235 0 1 ffffffffffffffff 8000000000000000 0 1 80000001 0 1 8000000000000000 0 0
96 235 0 1 ffffffffffffffff 8000000000000000 2 1 0 0 0 8000000000000000 0 0
96 235 0 1 ffffffffffffffff 8000000000000000 2 1 1 0 0 8000000000000000 0 0
96 235 0 1 ffffffffffffffff 8000000000000000 2 1 2 0 0 8000000000000000 0 0
96 235 0 1 ffffffffffffffff 8000000000000000 2 1 8000 0 0 8000000000000000 0 0
96 235 0 1 ffffffffffffffff 8000000000000000 2 1 80000000 0 0 8000000000000000 0 0
96 235 0 1 ffffffffffffffff 8000000000000000 2 1 80000001 0 0 8000000000000000 0 0
96 235 0 1 ffffffffffffffff 10000000000000000 0 1 2 1 1 8000000000000000 0 0
96 235 0 1 ffffffffffffffff 40000000000000000000 0 1 8000 f 1 8000000000000000 0 0
96 235 0 1 ffffffffffffffff 400000000000000000000000 0 1 80000000 1f 1 8000000000000000 0 0
96 235 0 1 10000000000000000 8000000000000000 0 1 0 0 1 10000000000000000 1 0
96 235 0 1 10000000000000000 8000000000000000 0 1 1 0 1 10000000000000000 1 0
96 235 0 1 10000000000000000 8000000000000000 0 1 80000001 0 1 10000000000000000 1 0
96 235 0 1 10000000000000000 8000000000000000 2 1 0 0 0 10000000000000000 1 0
96 235 0 1 10000000000000000 8000000000000000 2 1 1 0 0 10000000000000000 1 0
96 235 0 1 10000000000000000 8000000000000000 2 1 2 0 0 10000000000000000 1 0
96 235 0 1 10000000000000000 8000000000000000 2 1 8000 0 0 10000000000000000 1 0
96 235 0 1 10000000000000000 8000000000000000 2 1 80000000 0 0 10000000000000000 1 0
96 235 0 1 10000000000000000 8000000000000000 2 1 80000001 0 0 10000000000000000 1 0
96 235 0 1 10000000000000000 10000000000000000 0 1 2 1 1 10000000000000000 1 0
96 235 0 1 10000000000000000 40000000000000000000 0 1 8000 f 1 10000000000000000 1 0
96 235 0 1 10000000000000000 400000000000000000000000 0 1 80000000 1f 1 10000000000000000 1 0
96 235 0 1 10000000000000001 8000000000000000 0 1 0 0 1 10000000000000000 1 0
96 235 0 1 10000000000000001 8000000000000000 0 1 1 0 1 10000000000000000 1 0
96 235 0 1 10000000000000001 8000000000000000 0 1 80000001 0 1 10000000000000000 1 0
96 235 0 1 10000000000000001 8000000000000000 2 1 0 0 0 10000000000000000 1 0
96 235 0 1 10000000000000001 8000000000000000 2 1 1 0 0 10000000000000000 1 0
96 235 0 1 10000000000000001 8000000000000000 2 1 2 0 0 10000000000000000 1 0
96 235 0 1 10000000000000001 8000000000000000 2 1 8000 0 0 10000000000000000 1 0
96 235 0 1 10000000000000001 8000000000000000 2 1 80000000 0 0 10000000000000000 1 0
96 235 0 1 10000000000000001 8000000000000000 2 1 80000001 0 0 10000000000000000 1 0
96 235 0 1 10000000000000001 10000000000000000 0 1 2 1 1 10000000000000000 1 0
96 235 0 1 10000000000000001 40000000000000000000 0 1 8000 f 1 10000000000000000 1 0
96 235 0 1 10000000000000001 400000000000000000000000 0 1 80000000 1f 1 10000000000000000 1 0
96 235 0 1 3fffffffffffffffffff 8000000000000000 0 1 0 0 1 20000000000000000000 e 0
96 235 0 1 3fffffffffffffffffff 8000000000000000 0 1 1 0 1 20000000000000000000 e 0
96 235 0 1 3fffffffffffffffffff 8000000000000000 0 1 80000001 0 1 20000000000000000000 e 0
96 235 0 1 3fffffffffffffffffff 8000000000000000 2 1 0 0 0 20000000000000000000 e 0
96 235 0 1 3fffffffffffffffffff 8000000000000000 2 1 1 0 0 20000000000000000000 e 0
96 235 0 1 3fffffffffffffffffff 8000000000000000 2 1 2 0 0 20000000000000000000 e 0
96 235 0 1 3fffffffffffffffffff 8000000000000000 2 1 8000 0 0 20000000000000000000 e 0
96 235 0 1 3fffffffffffffffffff 8000000000000000 2 1 80000000 0 0 20000000000000000000 e 0
96 235 0 1 3fffffffffffffffffff 8000000000000000 2 1 80000001 0 0 20000000000000000000 e 0
96 235 0 1 3fffffffffffffffffff 10000000000000000 0 1 2 1 1 20000000000000000000 e 0
96 235 0 1 3fffffffffffffffffff 40000000000000000000 0 1 8000 f 1 20000000000000000000 e 0
96 235 0 1 3fffffffffffffffffff 400000000000000000000000 0 1 80000000 1f 1 20000000000000000000 e 0
96 235 0 1 40000000000000000000 8000000000000000 0 1 0 0 1 40000000000000000000 f 0
96 235 0 1 40000000000000000000 8000000000000000 0 1 1 0 1 40000000000000000000 f 0
96 235 0 1 40000000000000000000 8000000000000000 0 1 80000001 0 1 40000000000000000000 f 0
96 235 0 1 40000000000000000000 8000000000000000 2 1 0 0 0 40000000000000000000 f 0
96 235 0 1 40000000000000000000 8000000000000000 2 1 1 0 0 40000000000000000000 f 0
96 235 0 1 40000000000000000000 8000000000000000 2 1 2 0 0 40000000000000000000 f 0
96 235 0 1 40000000000000000000 8000000000000000 2 1 8000 0 0 40000000000000000000 f 0
96 235 0 1 40000000000000000000 8000000000000000 2 1 80000000 0 0 40000000000000000000 f 0
96 235 0 1 40000000000000000000 8000000000000000 2 1 80000001 0 0 40000000000000000000 f 0
96 235 0 1 40000000000000000000 10000000000000000 0 1 2 1 1 40000000000000000000 f 0
96 235 0 1 40000000000000000000 40000000000000000000 0 1 8000 f 1 40000000000000000000 f 0
96 235 0 1 40000000000000000000 400000000000000000000000 0 1 80000000 1f 1 40000000000000000000 f 0
96 235 0 1 40000000000000000001 8000000000000000 0 1 0 0 1 40000000000000000000 f 0
96 235 0 1 40000000000000000001 8000000000000000 0 1 1 0 1 40000000000000000000 f 0
96 235 0 1 40000000000000000001 8000000000000000 0 1 80000001 0 1 40000000000000000000 f 0
96 235 0 1 40000000000000000001 8000000000000000 2 1 0 0 0 40000000000000000000 f 0
96 235 0 1 40000000000000000001 8000000000000000 2 1 1 0 0 40000000000000000000 f 0
96 235 0 1 40000000000000000001 8000000000000000 2 1 2 0 0 40000000000000000000 f 0
96 235 0 1 40000000000000000001 8000000000000000 2 1 8000 0 0 40000000000000000000 f 0
96 235 0 1 40000000000000000001 8000000000000000 2 1 80000000 0 0 40000000000000000000 f 0
96 235 0 1 40000000000000000001 8000000000000000 2 1 80000001 0 0 40000000000000000000 f 0
96 235 0 1 40000000000000000001 10000000000000000 0 1 2 1 1 40000000000000000000 f 0
96 235 0 1 40000000000000000001 40000000000000000000 0 1 8000 f 1 40000000000000000000 f 0
96 235 0 1 40000000000000000001 400000000000000000000000 0 1 80000000 1f 1 40000000000000000000 f 0
96 235 0 1 3fffffffffffffffffffffff 8000000000000000 0 1 0 0 1 200000000000000000000000 1e 0
96 235 0 1 3fffffffffffffffffffffff 8000000000000000 0 1 1 0 1 200000000000000000000000 1e 0
96 235 0 1 3fffffffffffffffffffffff 8000000000000000 0 1 80000001 0 1 200000000000000000000000 1e 0
96 235 0 1 3fffffffffffffffffffffff 8000000000000000 2 1 0 0 0 200000000000000000000000 1e 0
96 235 0 1 3fffffffffffffffffffffff 8000000000000000 2 1 1 0 0 200000000000000000000000 1e 0
96 235 0 1 3fffffffffffffffffffffff 8000000000000000 2 1 2 0 0 200000000000000000000000 1e 0
96 235 0 1 3fffffffffffffffffffffff 8000000000000000 2 1 8000 0 0 200000000000000000000000 1e 0
96 235 0 1 3fffffffffffffffffffffff 8000000000000000 2 1 80000000 0 0 200000000000000000000000 1e 0
96 235 0 1 3fffffffffffffffffffffff 8000000000000000 2 1 80000001 0 0 200000000000000000000000 1e 0
96 235 0 1 3fffffffffffffffffffffff 10000000000000000 0 1 2 1 1 200000000000000000000000 1e 0
96 235 0 1 3fffffffffffffffffffffff 40000000000000000000 0 1 8000 f 1 200000000000000000000000 1e 0
96 235 0 1 3fffffffffffffffffffffff 400000000000000000000000 0 1 0 0 1 400000000000000000000000 0 1
96 235 0 1 3fffffffffffffffffffffff 400000000000000000000000 0 1 1 0 1 400000000000000000000000 0 1
96 235 0 1 3fffffffffffffffffffffff 400000000000000000000000 0 1 80000000 1f 1 200000000000000000000000 1e 0
96 235 0 1 3fffffffffffffffffffffff 400000000000000000000000 0 1 80000001 0 1 400000000000000000000000 0 1
96 235 0 1 3fffffffffffffffffffffff 400000000000000000000000 2 1 0 0 0 400000000000000000000000 0 1
96 235 0 1 3fffffffffffffffffffffff 400000000000000000000000 2 1 1 0 0 400000000000000000000000 0 1
96 235 0 1 3fffffffffffffffffffffff 400000000000000000000000 2 1 2 0 0 400000000000000000000000 0 1
96 235 0 1 3fffffffffffffffffffffff 400000000000000000000000 2 1 8000 0 0 400000000000000000000000 0 1
96 235 0 1 3fffffffffffffffffffffff 400000000000000000000000 2 1 80000000 0 0 400000000000000000000000 0 1
96 235 0 1 3fffffffffffffffffffffff 400000000000000000000000 2 1 80000001 0 0 400000000000000000000000 0 1
96 235 0 1 3fffffffffffffffffffffff 800000000000000000000000 0 1 2 1 1 400000000000000000000000 0 1
96 235 0 1 400000000000000000000000 8000000000000000 0 1 0 0 1 400000000000000000000000 1f 0
96 235 0 1 400000000000000000000000 8000000000000000 0 1 1 0 1 400000000000000000000000 1f 0
96 235 0 1 400000000000000000000000 8000000000000000 0 1 80000001 0 1 400000000000000000000000 1f 0
96 235 0 1 400000000000000000000000 8000000000000000 2 1 0 0 0 400000000000000000000000 1f 0
96 235 0 1 400000000000000000000000 8000000000000000 2 1 1 0 0 400000000000000000000000 1f 0
96 235 0 1 400000000000000000000000 8000000000000000 2 1 2 0 0 400000000000000000000000 1f 0
96 235 0 1 400000000000000000000000 8000000000000000 2 1 8000 0 0 400000000000000000000000 1f 0
96 235 0 1 400000000000000000000000 8000000000000000 2 1 80000000 0 0 400000000000000000000000 1f 0
96 235 0 1 400000000000000000000000 8000000000000000 2 1 80000001 0 0 400000000000000000000000 1f 0
96 235 0 1 400000000000000000000000 10000000000000000 0 1 2 1 1 400000000000000000000000 1f 0
96 235 0 1 400000000000000000000000 40000000000000000000 0 1 8000 f 1 400000000000000000000000 1f 0
96 235 0 1 400000000000000000000000 400000000000000000000000 0 1 0 0 1 400000000000000000000000 0 0
96 235 0 1 400000000000000000000000 400000000000000000000000 0 1 1 0 1 400000000000000000000000 0 0
96 235 0 1 400000000000000000000000 400000000000000000000000 0 1 80000000 1f 1 400000000000000000000000 1f 0
96 235 0 1 400000000000000000000000 400000000000000000000000 0 1 80000001 0 1 400000000000000000000000 0 0
96 235 0 1 400000000000000000000000 400000000000000000000000 2 1 0 0 0 400000000000000000000000 0 0
96 235 0 1 400000000000000000000000 400000000000000000000000 2 1 1 0 0 400000000000000000000000 0 0
96 235 0 1 400000000000000000000000 400000000000000000000000 2 1 2 0 0 400000000000000000000000 0 0
96 235 0 1 400000000000000000000000 400000000000000000000000 2 1 8000 0 0 400000000000000000000000 0 0
96 235 0 1 400000000000000000000000 400000000000000000000000 2 1 80000000 0 0 400000000000000000000000 0 0
96 235 0 1 400000000000000000000000 400000000000000000000000 2 1 80000001 0 0 400000000000000000000000 0 0
96 235 0 1 400000000000000000000000 800000000000000000000000 0 1 2 1 1 400000000000000000000000 0 0
96 235 0 1 400000000000000000000001 8000000000000000 0 1 0 0 1 400000000000000000000000 1f 0
96 235 0 1 400000000000000000000001 8000000000000000 0 1 1 0 1 400000000000000000000000 1f 0
96 235 0 1 400000000000000000000001 8000000000000000 0 1 80000001 0 1 400000000000000000000000 1f 0
96 235 0 1 400000000000000000000001 8000000000000000 2 1 0 0 0 400000000000000000000000 1f 0
96 235 0 1 400000000000000000000001 8000000000000000 2 1 1 0 0 400000000000000000000000 1f 0
96 235 0 1 400000000000000000000001 8000000000000000 2 1 2 0 0 400000000000000000000000 1f 0
96 235 0 1 400000000000000000000001 8000000000000000 2 1 8000 0 0 400000000000000000000000 1f 0
96 235 0 1 400000000000000000000001 8000000000000000 2 1 80000000 0 0 400000000000000000000000 1f 0
96 235 0 1 400000000000000000000001 8000000000000000 2 1 80000001 0 0 400000000000000000000000 1f 0
96 235 0 1 400000000000000000000001 10000000000000000 0 1 2 1 1 400000000000000000000000 1f 0
96 235 0 1 400000000000000000000001 40000000000000000000 0 1 8000 f 1 400000000000000000000000 1f 0
96 235 0 1 400000000000000000000001 400000000000000000000000 0 1 0 0 1 400000000000000000000000 0 0
96 235 0 1 400000000000000000000001 400000000000000000000000 0 1 1 0 1 400000000000000000000000 0 0
96 235 0 1 400000000000000000000001 400000000000000000000000 0 1 80000000 1f 1 400000000000000000000000 1f 0
96 235 0 1 400000000000000000000001 400000000000000000000000 0 1 80000001 0 1 400000000000000000000000 0 0
96 235 0 1 400000000000000000000001 400000000000000000000000 2 1 0 0 0 400000000000000000000000 0 0
96 235 0 1 400000000000000000000001 400000000000000000000000 2 1 1 0 0 400000000000000000000000 0 0
96 235 0 1 400000000000000000000001 400000000000000000000000 2 1 2 0 0 400000000000000000000000 0 0
96 235 0 1 400000000000000000000001 400000000000000000000000 2 1 8000 0 0 400000000000000000000000 0 0
96 235 0 1 400000000000000000000001 400000000000000000000000 2 1 80000000 0 0 400000000000000000000000 0 0
96 235 0 1 400000000000000000000001 400000000000000000000000 2 1 80000001 0 0 400000000000000000000000 0 0
96 235 0 1 400000000000000000000001 800000000000000000000000 0 1 2 1 1 400000000000000000000000 0 0
96 235 0 1 7fffffffffffffffffffffff 400000000000000000000000 0 1 0 0 1 400000000000000000000000 0 0
96 235 0 1 7fffffffffffffffffffffff 400000000000000000000000 0 1 1 0 1 400000000000000000000000 0 0
96 235 0 1 7fffffffffffffffffffffff 400000000000000000000000 0 1 80000001 0 1 400000000000000000000000 0 0
96 235 0 1 7fffffffffffffffffffffff 400000000000000000000000 2 1 0 0 0 400000000000000000000000 0 0
96 235 0 1 7fffffffffffffffffffffff 400000000000000000000000 2 1 1 0 0 400000000000000000000000 0 0
96 235 0 1 7fffffffffffffffffffffff 400000000000000000000000 2 1 2 0 0 400000000000000000000000 0 0
96 235 0 1 7fffffffffffffffffffffff 400000000000000000000000 2 1 8000 0 0 400000000000000000000000 0 0
96 235 0 1 7fffffffffffffffffffffff 400000000000000000000000 2 1 80000000 0 0 400000000000000000000000 0 0
96 235 0 1 7fffffffffffffffffffffff 400000000000000000000000 2 1 80000001 0 0 400000000000000000000000 0 0
96 235 0 1 7fffffffffffffffffffffff 800000000000000000000000 0 1 2 1 1 400000000000000000000000 0 0
96 235 0 1 800000000000000000000000 400000000000000000000000 0 1 0 0 1 800000000000000000000000 1 0
96 235 0 1 800000000000000000000000 400000000000000000000000 0 1 1 0 1 800000000000000000000000 1 0
96 235 0 1 800000000000000000000000 400000000000000000000000 0 1 80000001 0 1 800000000000000000000000 1 0
96 235 0 1 800000000000000000000000 400000000000000000000000 2 1 0 0 0 800000000000000000000000 1 0
96 235 0 1 800000000000000000000000 400000000000000000000000 2 1 1 0 0 800000000000000000000000 1 0
96 235 0 1 800000000000000000000000 400000000000000000000000 2 1 2 0 0 800000000000000000000000 1 0
96 235 0 1 800000000000000000000000 400000000000000000000000 2 1 8000 0 0 800000000000000000000000 1 0
96 235 0 1 800000000000000000000000 400000000000000000000000 2 1 80000000 0 0 800000000000000000000000 1 0
96 235 0 1 800000000000000000000000 400000000000000000000000 2 1 80000001 0 0 800000000000000000000000 1 0
96 235 0 1 800000000000000000000000 800000000000000000000000 0 1 2 1 1 800000000000000000000000 1 0
96 235 0 1 800000000000000000000001 400000000000000000000000 0 1 0 0 1 800000000000000000000000 1 0
96 235 0 1 800000000000000000000001 400000000000000000000000 0 1 1 0 1 800000000000000000000000 1 0
96 235 0 1 800000000000000000000001 400000000000000000000000 0 1 80000001 0 1 800000000000000000000000 1 0
96 235 0 1 800000000000000000000001 400000000000000000000000 2 1 0 0 0 800000000000000000000000 1 0
96 235 0 1 800000000000000000000001 400000000000000000000000 2 1 1 0 0 800000000000000000000000 1 0
96 235 0 1 800000000000000000000001 400000000000000000000000 2 1 2 0 0 800000000000000000000000 1 0
96 235 0 1 800000000000000000000001 400000000000000000000000 2 1 8000 0 0 800000000000000000000000 1 0
96 235 0 1 800000000000000000000001 400000000000000000000000 2 1 80000000 0 0 800000000000000000000000 1 0
96 235 0 1 800000000000000000000001 400000000000000000000000 2 1 80000001 0 0 800000000000000000000000 1 0
96 235 0 1 800000000000000000000001 800000000000000000000000 0 1 2 1 1 800000000000000000000000 1 0
106 223 0 1 0 1 0 1 0 0 1 1 0 1
106 223 0 1 0 1 0 1 1 0 1 1 0 1
106 223 0 1 0 1 0 1 80000001 0 1 1 0 1
106 223 0 1 0 1 2 1 0 0 0 1 0 1
106 223 0 1 0 1 2 1 1 0 0 1 0 1
106 223 0 1 0 1 2 1 2 0 0 1 0 1
106 223 0 1 0 1 2 1 8000 0 0 1 0 1
106 223 0 1 0 1 2 1 80000000 0 0 1 0 1
106 223 0 1 0 1 2 1 80000001 0 0 1 0 1
106 223 0 1 0 2 0 1 0 0 1 2 0 1
106 223 0 1 0 2 0 1 1 0 1 2 0 1
106 223 0 1 0 2 0 1 2 1 1 1 0 1
106 223 0 1 0 2 0 1 80000001 0 1 2 0 1
106 223 0 1 0 2 2 1 0 0 0 2 0 1
106 223 0 1 0 2 2 1 1 0 0 2 0 1
106 223 0 1 0 2 2 1 2 0 0 2 0 1
106 223 0 1 0 2 2 1 8000 0 0 2 0 1
106 223 0 1 0 2 2 1 80000000 0 0 2 0 1
106 223 0 1 0 2 2 1 80000001 0 0 2 0 1
106 223 0 1 0 4 0 1 2 1 1 2 0 1
106 223 0 1 0 8000 0 1 8000 f 1 1 0 1
106 223 0 1 0 10000 0 1 8000 f 1 2 0 1
106 223 0 1 0 80000000 0 1 80000000 1f 1 1 0 1
106 223 0 1 0 100000000 0 1 80000000 1f 1 2 0 1
106 223 0 1 0 2000000000000000000 0 1 0 0 1 2000000000000000000 0 1
106 223 0 1 0 2000000000000000000 0 1 1 0 1 2000000000000000000 0 1
106 223 0 1 0 2000000000000000000 0 1 80000001 0 1 2000000000000000000 0 1
106 223 0 1 0 2000000000000000000 2 1 0 0 0 2000000000000000000 0 1
106 223 0 1 0 2000000000000000000 2 1 1 0 0 2000000000000000000 0 1
106 223 0 1 0 2000000000000000000 2 1 2 0 0 2000000000000000000 0 1
106 223 0 1 0 2000000000000000000 2 1 8000 0 0 2000000000000000000 0 1
106 223 0 1 0 2000000000000000000 2 1 80000000 0 0 2000000000000000000 0 1
106 223 0 1 0 2000000000000000000 2 1 80000001 0 0 2000000000000000000 0 1
106 223 0 1 0 4000000000000000000 0 1 2 1 1 2000000000000000000 0 1
106 223 0 1 0 10000000000000000000000 0 1 8000 f 1 2000000000000000000 0 1
106 223 0 1 0 100000000000000000000000000 0 1 0 0 1 100000000000000000000000000 0 1
106 223 0 1 0 100000000000000000000000000 0 1 1 0 1 100000000000000000000000000 0 1
106 223 0 1 0 100000000000000000000000000 0 1 80000000 1f 1 2000000000000000000 0 1
106 223 0 1 0 100000000000000000000000000 0 1 80000001 0 1 100000000000000000000000000 0 1
106 223 0 1 0 100000000000000000000000000 2 1 0 0 0 100000000000000000000000000 0 1
106 223 0 1 0 100000000000000000000000000 2 1 1 0 0 100000000000000000000000000 0 1
106 223 0 1 0 100000000000000000000000000 2 1 2 0 0 100000000000000000000000000 0 1
106 223 0 1 0 100000000000000000000000000 2 1 8000 0 0 100000000000000000000000000 0 1
106 223 0 1 0 100000000000000000000000000 2 1 80000000 0 0 100000000000000000000000000 0 1
106 223 0 1 0 100000000000000000000000000 2 1 80000001 0 0 100000000000000000000000000 0 1
106 223 0 1 0 200000000000000000000000000 0 1 2 1 1 100000000000000000000000000 0 1
106 223 0 1 1 1 0 1 0 0 1 1 0 0
106 223 0 1 1 1 0 1 1 0 1 1 0 0
106 223 0 1 1 1 0 1 80000001 0 1 1 0 0
106 223 0 1 1 1 2 1 0 0 0 1 0 0
106 223 0 1 1 1 2 1 1 0 0 1 0 0
106 223 0 1 1 1 2 1 2 0 0 1 0 0
106 223 0 1 1 1 2 1 8000 0 0 1 0 0
106 223 0 1 1 1 2 1 80000000 0 0 1 0 0
106 223 0 1 1 1 2 1 80000001 0 0 1 0 0
106 223 0 1 1 2 0 1 0 0 1 2 0 1
106 223 0 1 1 2 0 1 1 0 1 2 0 1
106 223 0 1 1 2 0 1 2 1 1 1 0 0
106 223 0 1 1 2 0 1 80000001 0 1 2 0 1
106 223 0 1 1 2 2 1 0 0 0 2 0 1
106 223 0 1 1 2 2 1 1 0 0 2 0 1
106 223 0 1 1 2 2 1 2 0 0 2 0 1
106 223 0 1 1 2 2 1 8000 0 0 2 0 1
106 223 0 1 1 2 2 1 80000000 0 0 2 0 1
106 223 0 1 1 2 2 1 80000001 0 0 2 0 1
106 223 0 1 1 4 0 1 2 1 1 2 0 1
106 223 0 1 1 8000 0 1 8000 f 1 1 0 0
106 223 0 1 1 10000 0 1 8000 f 1 2 0 1
106 223 0 1 1 80000000 0 1 80000000 1f 1 1 0 0
106 223 0 1 1 100000000 0 1 80000000 1f 1 2 0 1
106 223 0 1 2 1 0 1 0 0 1 2 1 0
106 223 0 1 2 1 0 1 1 0 1 2 1 0
106 223 0 1 2 1 0 1 80000001 0 1 2 1 0
106 223 0 1 2 1 2 1 0 0 0 2 1 0
106 223 0 1 2 1 2 1 1 0 0 2 1 0
106 223 0 1 2 1 2 1 2 0 0 2 1 0
106 223 0 1 2 1 2 1 8000 0 0 2 1 0
106 223 0 1 2 1 2 1 80000000 0 0 2 1 0
106 223 0 1 2 1 2 1 80000001 0 0 2 1 0
106 223 0 1 2 2 0 1 0 0 1 2 0 0
106 223 0 1 2 2 0 1 1 0 1 2 0 0
106 223 0 1 2 2 0 1 2 1 1 2 1 0
106 223 0 1 2 2 0 1 80000001 0 1 2 0 0
106 223 0 1 2 2 2 1 0 0 0 2 0 0
106 223 0 1 2 2 2 1 1 0 0 2 0 0
106 223 0 1 2 2 2 1 2 0 0 2 0 0
106 223 0 1 2 2 2 1 8000 0 0 2 0 0
106 223 0 1 2 2 2 1 80000000 0 0 2 0 0
106 223 0 1 2 2 2 1 80000001 0 0 2 0 0
106 223 0 1 2 4 0 1 2 1 1 2 0 0
106 223 0 1 2 8000 0 1 8000 f 1 2 1 0
106 223 0 1 2 10000 0 1 8000 f 1 2 0 0
106 223 0 1 2 80000000 0 1 80000000 1f 1 2 1 0
106 223 0 1 2 100000000 0 1 80000000 1f 1 2 0 0
106 223 0 1 3 1 0 1 0 0 1 2 1 0
106 223 0 1 3 1 0 1 1 0 1 2 1 0
106 223 0 1 3 1 0 1 80000001 0 1 2 1 0
106 223 0 1 3 1 2 1 0 0 0 2 1 0
106 223 0 1 3 1 2 1 1 0 0 2 1 0
106 223 0 1 3 1 2 1 2 0 0 2 1 0
106 223 0 1 3 1 2 1 8000 0 0 2 1 0
106 223 0 1 3 1 2 1 80000000 0 0 2 1 0
106 223 0 1 3 1 2 1 80000001 0 0 2 1 0
106 223 0 1 3 2 0 1 0 0 1 2 0 0
106 223 0 1 3 2 0 1 1 0 1 2 0 0
106 223 0 1 3 2 0 1 2 1 1 2 1 0
106 223 0 1 3 2 0 1 80000001 0 1 2 0 0
106 223 0 1 3 2 2 1 0 0 0 2 0 0
106 223 0 1 3 2 2 1 1 0 0 2 0 0
106 223 0 1 3 2 2 1 2 0 0 2 0 0
106 223 0 1 3 2 2 1 8000 0 0 2 0 0
106 223 0 1 3 2 2 1 80000000 0 0 2 0 0
106 223 0 1 3 2 2 1 80000001 0 0 2 0 0
106 223 0 1 3 4 0 1 2 1 1 2 0 0
106 223 0 1 3 8000 0 1 8000 f 1 2 1 0
106 223 0 1 3 10000 0 1 8000 f 1 2 0 0
106 223 0 1 3 80000000 0 1 80000000 1f 1 2 1 0
106 223 0 1 3 100000000 0 1 80000000 1f 1 2 0 0
106 223 0 1 4 2 0 1 0 0 1 4 1 0
106 223 0 1 4 2 0 1 1 0 1 4 1 0
106 223 0 1 4 2 0 1 80000001 0 1 4 1 0
106 223 0 1 4 2 2 1 0 0 0 4 1 0
106 223 0 1 4 2 2 1 1 0 0 4 1 0
106 223 0 1 4 2 2 1 2 0 0 4 1 0
106 223 0 1 4 2 2 1 8000 0 0 4 1 0
106 223 0 1 4 2 2 1 80000000 0 0 4 1 0
106 223 0 1 4 2 2 1 80000001 0 0 4 1 0
106 223 0 1 4 4 0 1 2 1 1 4 1 0
106 223 0 1 4 10000 0 1 8000 f 1 4 1 0
106 223 0 1 4 100000000 0 1 80000000 1f 1 4 1 0
106 223 0 1 5 2 0 1 0 0 1 4 1 0
106 223 0 1 5 2 0 1 1 0 1 4 1 0
106 223 0 1 5 2 0 1 80000001 0 1 4 1 0
106 223 0 1 5 2 2 1 0 0 0 4 1 0
106 223 0 1 5 2 2 1 1 0 0 4 1 0
106 223 0 1 5 2 2 1 2 0 0 4 1 0
106 223 0 1 5 2 2 1 8000 0 0 4 1 0
106 223 0 1 5 2 2 1 80000000 0 0 4 1 0
106 223 0 1 5 2 2 1 80000001 0 0 4 1 0
106 223 0 1 5 4 0 1 2 1 1 4 1 0
106 223 0 1 5 10000 0 1 8000 f 1 4 1 0
106 223 0 1 5 100000000 0 1 80000000 1f 1 4 1 0
106 223 0 1 7fff 1 0 1 0 0 1 4000 e 0
106 223 0 1 7fff 1 0 1 1 0 1 4000 e 0
106 223 0 1 7fff 1 0 1 80000001 0 1 4000 e 0
106 223 0 1 7fff 1 2 1 0 0 0 4000 e 0
106 223 0 1 7fff 1 2 1 1 0 0 4000 e 0
106 223 0 1 7fff 1 2 1 2 0 0 4000 e 0
106 223 0 1 7fff 1 2 1 8000 0 0 4000 e 0
106 223 0 1 7fff 1 2 1 80000000 0 0 4000 e 0
106 223 0 1 7fff 1 2 1 80000001 0 0 4000 e 0
106 223 0 1 7fff 2 0 1 2 1 1 4000 e 0
106 223 0 1 7fff 8000 0 1 8000 f 1 4000 e 0
106 223 0 1 7fff 80000000 0 1 80000000 1f 1 4000 e 0
106 223 0 1 8000 1 0 1 0 0 1 8000 f 0
106 223 0 1 8000 1 0 1 1 0 1 8000 f 0
106 223 0 1 8000 1 0 1 80000001 0 1 8000 f 0
106 223 0 1 8000 1 2 1 0 0 0 8000 f 0
106 223 0 1 8000 1 2 1 1 0 0 8000 f 0
106 223 0 1 8000 1 2 1 2 0 0 8000 f 0
106 223 0 1 8000 1 2 1 8000 0 0 8000 f 0
106 223 0 1 8000 1 2 1 80000000 0 0 8000 f 0
106 223 0 1 8000 1 2 1 80000001 0 0 8000 f 0
106 223 0 1 8000 2 0 1 2 1 1 8000 f 0
106 223 0 1 8000 8000 0 1 8000 f 1 8000 f 0
106 223 0 1 8000 80000000 0 1 80000000 1f 1 8000 f 0
106 223 0 1 8001 1 0 1 0 0 1 8000 f 0
106 223 0 1 8001 1 0 1 1 0 1 8000 f 0
106 223 0 1 8001 1 0 1 80000001 0 1 8000 f 0
106 223 0 1 8001 1 2 1 0 0 0 8000 f 0
106 223 0 1 8001 1 2 1 1 0 0 8000 f 0
106 223 0 1 8001 1 2 1 2 0 0 8000 f 0
106 223 0 1 8001 1 2 1 8000 0 0 8000 f 0
106 223 0 1 8001 1 2 1 80000000 0 0 8000 f 0
106 223 0 1 8001 1 2 1 80000001 0 0 8000 f 0
106 223 0 1 8001 2 0 1 2 1 1 8000 f 0
106 223 0 1 8001 8000 0 1 8000 f 1 8000 f 0
106 223 0 1 8001 80000000 0 1 80000000 1f 1 8000 f 0
106 223 0 1 ffff 2 0 1 0 0 1 8000 e 0
106 223 0 1 ffff 2 0 1 1 0 1 8000 e 0
106 223 0 1 ffff 2 0 1 80000001 0 1 8000 e 0
106 223 0 1 ffff 2 2 1 0 0 0 8000 e 0
106 223 0 1 ffff 2 2 1 1 0 0 8000 e 0
106 223 0 1 ffff 2 2 1 2 0 0 8000 e 0
106 223 0 1 ffff 2 2 1 8000 0 0 8000 e 0
106 223 0 1 ffff 2 2 1 80000000 0 0 8000 e 0
106 223 0 1 ffff 2 2 1 80000001 0 0 8000 e 0
106 223 0 1 ffff 4 0 1 2 1 1 8000 e 0
106 223 0 1 ffff 10000 0 1 8000 f 1 8000 e 0
106 223 0 1 ffff 100000000 0 1 80000000 1f 1 8000 e 0
106 223 0 1 10000 2 0 1 0 0 1 10000 f 0
106 223 0 1 10000 2 0 1 1 0 1 10000 f 0
106 223 0 1 10000 2 0 1 80000001 0 1 10000 f 0
106 223 0 1 10000 2 2 1 0 0 0 10000 f 0
106 223 0 1 10000 2 2 1 1 0 0 10000 f 0
106 223 0 1 10000 2 2 1 2 0 0 10000 f 0
106 223 0 1 10000 2 2 1 8000 0 0 10000 f 0
106 223 0 1 10000 2 2 1 80000000 0 0 10000 f 0
106 223 0 1 10000 2 2 1 80000001 0 0 10000 f 0
106 223 0 1 10000 4 0 1 2 1 1 10000 f 0
106 223 0 1 10000 10000 0 1 8000 f 1 10000 f 0
106 223 0 1 10000 100000000 0 1 80000000 1f 1 10000 f 0
106 223 0 1 10001 2 0 1 0 0 1 10000 f 0
106 223 0 1 10001 2 0 1 1 0 1 10000 f 0
106 223 0 1 10001 2 0 1 80000001 0 1 10000 f 0
106 223 0 1 10001 2 2 1 0 0 0 10000 f 0
106 223 0 1 10001 2 2 1 1 0 0 10000 f 0
106 223 0 1 10001 2 2 1 2 0 0 10000 f 0
106 223 0 1 10001 2 2 1 8000 0 0 10000 f 0
106 223 0 1 10001 2 2 1 80000000 0 0 10000 f 0
106 223 0 1 10001 2 2 1 80000001 0 0 10000 f 0
106 223 0 1 10001 4 0 1 2 1 1 10000 f 0
106 223 0 1 10001 10000 0 1 8000 f 1 10000 f 0
106 223 0 1 10001 100000000 0 1 80000000 1f 1 10000 f 0
106 223 0 1 7fffffff 1 0 1 0 0 1 40000000 1e 0
106 223 0 1 7fffffff 1 0 1 1 0 1 40000000 1e 0
106 223 0 1 7fffffff 1 0 1 80000001 0 1 40000000 1e 0
106 223 0 1 7fffffff 1 2 1 0 0 0 40000000 1e 0
106 223 0 1 7fffffff 1 2 1 1 0 0 40000000 1e 0
106 223 0 1 7fffffff 1 2 1 2 0 0 40000000 1e 0
106 223 0 1 7fffffff 1 2 1 8000 0 0 40000000 1e 0
106 223 0 1 7fffffff 1 2 1 80000000 0 0 40000000 1e 0
106 223 0 1 7fffffff 1 2 1 80000001 0 0 40000000 1e 0
106 223 0 1 7fffffff 2 0 1 2 1 1 40000000 1e 0
106 223 0 1 7fffffff 8000 0 1 8000 f 1 40000000 1e 0
106 223 0 1 7fffffff 80000000 0 1 80000000 1f 1 40000000 1e 0
106 223 0 1 80000000 1 0 1 0 0 1 80000000 1f 0
106 223 0 1 80000000 1 0 1 1 0 1 80000000 1f 0
106 223 0 1 80000000 1 0 1 80000001 0 1 80000000 1f 0
106 223 0 1 80000000 1 2 1 0 0 0 80000000 1f 0
106 223 0 1 80000000 1 2 1 1 0 0 80000000 1f 0
106 223 0 1 80000000 1 2 1 2 0 0 80000000 1f 0
106 223 0 1 80000000 1 2 1 8000 0 0 80000000 1f 0
106 223 0 1 80000000 1 2 1 80000000 0 0 80000000 1f 0
106 223 0 1 80000000 1 2 1 80000001 0 0 80000000 1f 0
106 223 0 1 80000000 2 0 1 2 1 1 80000000 1f 0
106 223 0 1 80000000 8000 0 1 8000 f 1 80000000 1f 0
106 223 0 1 80000000 80000000 0 1 80000000 1f 1 80000000 1f 0
106 223 0 1 80000001 1 0 1 0 0 1 80000000 1f 0
106 223 0 1 80000001 1 0 1 1 0 1 80000000 1f 0
106 223 0 1 80000001 1 0 1 80000001 0 1 80000000 1f 0
106 223 0 1 80000001 1 2 1 0 0 0 80000000 1f 0
106 223 0 1 80000001 1 2 1 1 0 0 80000000 1f 0
106 223 0 1 80000001 1 2 1 2 0 0 80000000 1f 0
106 223 0 1 80000001 1 2 1 8000 0 0 80000000 1f 0
106 223 0 1 80000001 1 2 1 80000000 0 0 80000000 1f 0
106 223 0 1 80000001 1 2 1 80000001 0 0 80000000 1f 0
106 223 0 1 80000001 2 0 1 2 1 1 80000000 1f 0
106 223 0 1 80000001 8000 0 1 8000 f 1 80000000 1f 0
106 223 0 1 80000001 80000000 0 1 80000000 1f 1 80000000 1f 0
106 223 0 1 ffffffff 2 0 1 0 0 1 80000000 1e 0
106 223 0 1 ffffffff 2 0 1 1 0 1 80000000 1e 0
106 223 0 1 ffffffff 2 0 1 80000001 0 1 80000000 1e 0
106 223 0 1 ffffffff 2 2 1 0 0 0 80000000 1e 0
106 223 0 1 ffffffff 2 2 1 1 0 0 80000000 1e 0
106 223 0 1 ffffffff 2 2 1 2 0 0 80000000 1e 0
106 223 0 1 ffffffff 2 2 1 8000 0 0 80000000 1e 0
106 223 0 1 ffffffff 2 2 1 80000000 0 0 80000000 1e 0
106 223 0 1 ffffffff 2 2 1 80000001 0 0 80000000 1e 0
106 223 0 1 ffffffff 4 0 1 2 1 1 80000000 1e 0
106 223 0 1 ffffffff 10000 0 1 8000 f 1 80000000 1e 0
106 223 0 1 ffffffff 100000000 0 1 80000000 1f 1 80000000 1e 0
106 223 0 1 100000000 2 0 1 0 0 1 100000000 1f 0
106 223 0 1 100000000 2 0 1 1 0 1 100000000 1f 0
106 223 0 1 100000000 2 0 1 80000001 0 1 100000000 1f 0
106 223 0 1 100000000 2 2 1 0 0 0 100000000 1f 0
106 223 0 1 100000000 2 2 1 1 0 0 100000000 1f 0
106 223 0 1 100000000 2 2 1 2 0 0 100000000 1f 0
106 223 0 1 100000000 2 2 1 8000 0 0 100000000 1f 0
106 223 0 1 100000000 2 2 1 80000000 0 0 100000000 1f 0
106 223 0 1 100000000 2 2 1 80000001 0 0 100000000 1f 0
106 223 0 1 100000000 4 0 1 2 1 1 100000000 1f 0
106 223 0 1 100000000 10000 0 1 8000 f 1 100000000 1f 0
106 223 0 1 100000000 100000000 0 1 80000000 1f 1 100000000 1f 0
106 223 0 1 100000001 2 0 1 0 0 1 100000000 1f 0
106 223 0 1 100000001 2 0 1 1 0 1 100000000 1f 0
106 223 0 1 100000001 2 0 1 80000001 0 1 100000000 1f 0
106 223 0 1 100000001 2 2 1 0 0 0 100000000 1f 0
106 223 0 1 100000001 2 2 1 1 0 0 100000000 1f 0
106 223 0 1 100000001 2 2 1 2 0 0 100000000 1f 0
106 223 0 1 100000001 2 2 1 8000 0 0 100000000 1f 0
106 223 0 1 100000001 2 2 1 80000000 0 0 100000000 1f 0
106 223 0 1 100000001 2 2 1 80000001 0 0 100000000 1f 0
106 223 0 1 100000001 4 0 1 2 1 1 100000000 1f 0
106 223 0 1 100000001 10000 0 1 8000 f 1 100000000 1f 0
106 223 0 1 100000001 100000000 0 1 80000000 1f 1 100000000 1f 0
106 223 0 1 1ffffffffffffffffff 2000000000000000000 0 1 0 0 1 2000000000000000000 0 1
106 223 0 1 1ffffffffffffffffff 2000000000000000000 0 1 1 0 1 2000000000000000000 0 1
106 223 0 1 1ffffffffffffffffff 2000000000000000000 0 1 80000001 0 1 2000000000000000000 0 1
106 223 0 1 1ffffffffffffffffff 2000000000000000000 2 1 0 0 0 2000000000000000000 0 1
106 223 0 1 1ffffffffffffffffff 2000000000000000000 2 1 1 0 0 2000000000000000000 0 1
106 223 0 1 1ffffffffffffffffff 2000000000000000000 2 1 2 0 0 2000000000000000000 0 1
106 223 0 1 1ffffffffffffffffff 2000000000000000000 2 1 8000 0 0 2000000000000000000 0 1
106 223 0 1 1ffffffffffffffffff 2000000000000000000 2 1 80000000 0 0 2000000000000000000 0 1
106 223 0 1 1ffffffffffffffffff 2000000000000000000 2 1 80000001 0 0 2000000000000000000 0 1
106 223 0 1 1ffffffffffffffffff 4000000000000000000 0 1 2 1 1 2000000000000000000 0 1
106 223 0 1 1ffffffffffffffffff 10000000000000000000000 0 1 8000 f 1 2000000000000000000 0 1
106 223 0 1 1ffffffffffffffffff 100000000000000000000000000 0 1 80000000 1f 1 2000000000000000000 0 1
106 223 0 1 2000000000000000000 2000000000000000000 0 1 0 0 1 2000000000000000000 0 0
106 223 0 1 2000000000000000000 2000000000000000000 0 1 1 0 1 2000000000000000000 0 0
106 223 0 1 2000000000000000000 2000000000000000000 0 1 80000001 0 1 2000000000000000000 0 0
106 223 0 1 2000000000000000000 2000000000000000000 2 1 0 0 0 2000000000000000000 0 0
106 223 0 1 2000000000000000000 2000000000000000000 2 1 1 0 0 2000000000000000000 0 0
106 223 0 1 2000000000000000000 2000000000000000000 2 1 2 0 0 2000000000000000000 0 0
106 223 0 1 2000000000000000000 2000000000000000000 2 1 8000 0 0 2000000000000000000 0 0
106 223 0 1 2000000000000000000 2000000000000000000 2 1 80000000 0 0 2000000000000000000 0 0
106 223 0 1 2000000000000000000 2000000000000000000 2 1 80000001 0 0 2000000000000000000 0 0
106 223 0 1 2000000000000000000 4000000000000000000 0 1 2 1 1 2000000000000000000 0 0
106 223 0 1 2000000000000000000 10000000000000000000000 0 1 8000 f 1 2000000000000000000 0 0
106 223 0 1 2000000000000000000 100000000000000000000000000 0 1 80000000 1f 1 2000000000000000000 0 0
106 223 0 1 2000000000000000001 2000000000000000000 0 1 0 0 1 2000000000000000000 0 0
106 223 0 1 2000000000000000001 2000000000000000000 0 1 1 0 1 2000000000000000000 0 0
106 223 0 1 2000000000000000001 2000000000000000000 0 1 80000001 0 1 2000000000000000000 0 0
106 223 0 1 2000000000000000001 2000000000000000000 2 1 0 0 0 2000000000000000000 0 0
106 223 0 1 2000000000000000001 2000000000000000000 2 1 1 0 0 2000000000000000000 0 0
106 223 0 1 2000000000000000001 2000000000000000000 2 1 2 0 0 2000000000000000000 0 0
106 223 0 1 2000000000000000001 2000000000000000000 2 1 8000 0 0 2000000000000000000 0 0
106 223 0 1 2000000000000000001 2000000000000000000 2 1 80000000 0 0 2000000000000000000 0 0
106 223 0 1 2000000000000000001 2000000000000000000 2 1 80000001 0 0 2000000000000000000 0 0
106 223 0 1 2000000000000000001 4000000000000000000 0 1 2 1 1 2000000000000000000 0 0
106 223 0 1 2000000000000000001 10000000000000000000000 0 1 8000 f 1 2000000000000000000 0 0
106 223 0 1 2000000000000000001 100000000000000000000000000 0 1 80000000 1f 1 2000000000000000000 0 0
106 223 0 1 3ffffffffffffffffff 2000000000000000000 0 1 0 0 1 2000000000000000000 0 0
106 223 0 1 3ffffffffffffffffff 2000000000000000000 0 1 1 0 1 2000000000000000000 0 0
106 223 0 1 3ffffffffffffffffff 2000000000000000000 0 1 80000001 0 1 2000000000000000000 0 0
106 223 0 1 3ffffffffffffffffff 2000000000000000000 2 1 0 0 0 2000000000000000000 0 0
106 223 0 1 3ffffffffffffffffff 2000000000000000000 2 1 1 0 0 2000000000000000000 0 0
106 223 0 1 3ffffffffffffffffff 2000000000000000000 2 1 2 0 0 2000000000000000000 0 0
106 223 0 1 3ffffffffffffffffff 2000000000000000000 2 1 8000 0 0 2000000000000000000 0 0
106 223 0 1 3ffffffffffffffffff 2000000000000000000 2 1 80000000 0 0 2000000000000000000 0 0
106 223 0 1 3ffffffffffffffffff 2000000000000000000 2 1 80000001 0 0 2000000000000000000 0 0
106 223 0 1 3ffffffffffffffffff 4000000000000000000 0 1 2 1 1 2000000000000000000 0 0
106 223 0 1 3ffffffffffffffffff 10000000000000000000000 0 1 8000 f 1 2000000000000000000 0 0
106 223 0 1 3ffffffffffffffffff 100000000000000000000000000 0 1 80000000 1f 1 2000000000000000000 0 0
106 223 0 1 4000000000000000000 2000000000000000000 0 1 0 0 1 4000000000000000000 1 0
106 223 0 1 4000000000000000000 2000000000000000000 0 1 1 0 1 4000000000000000000 1 0
106 223 0 1 4000000000000000000 2000000000000000000 0 1 80000001 0 1 4000000000000000000 1 0
106 223 0 1 4000000000000000000 2000000000000000000 2 1 0 0 0 4000000000000000000 1 0
106 223 0 1 4000000000000000000 2000000000000000000 2 1 1 0 0 4000000000000000000 1 0
106 223 0 1 4000000000000000000 2000000000000000000 2 1 2 0 0 4000000000000000000 1 0
106 223 0 1 4000000000000000000 2000000000000000000 2 1 8000 0 0 4000000000000000000 1 0
106 223 0 1 4000000000000000000 2000000000000000000 2 1 80000000 0 0 4000000000000000000 1 0
106 223 0 1 4000000000000000000 2000000000000000000 2 1 80000001 0 0 4000000000000000000 1 0
106 223 0 1 4000000000000000000 4000000000000000000 0 1 2 1 1 4000000000000000000 1 0
106 223 0 1 4000000000000000000 10000000000000000000000 0 1 8000 f 1 4000000000000000000 1 0
106 223 0 1 4000000000000000000 100000000000000000000000000 0 1 80000000 1f 1 4000000000000000000 1 0
106 223 0 1 4000000000000000001 2000000000000000000 0 1 0 0 1 4000000000000000000 1 0
106 223 0 1 4000000000000000001 2000000000000000000 0 1 1 0 1 4000000000000000000 1 0
106 223 0 1 4000000000000000001 2000000000000000000 0 1 80000001 0 1 4000000000000000000 1 0
106 223 0 1 4000000000000000001 2000000000000000000 2 1 0 0 0 4000000000000000000 1 0
106 223 0 1 4000000000000000001 2000000000000000000 2 1 1 0 0 4000000000000000000 1 0
106 223 0 1 4000000000000000001 2000000000000000000 2 1 2 0 0 4000000000000000000 1 0
106 223 0 1 4000000000000000001 2000000000000000000 2 1 8000 0 0 4000000000000000000 1 0
106 223 0 1 4000000000000000001 2000000000000000000 2 1 80000000 0 0 4000000000000000000 1 0
106 223 0 1 4000000000000000001 2000000000000000000 2 1 80000001 0 0 4000000000000000000 1 0
106 223 0 1 4000000000000000001 4000000000000000000 0 1 2 1 1 4000000000000000000 1 0
106 223 0 1 4000000000000000001 10000000000000000000000 0 1 8000 f 1 4000000000000000000 1 0
106 223 0 1 4000000000000000001 100000000000000000000000000 0 1 80000000 1f 1 4000000000000000000 1 0
106 223 0 1 ffffffffffffffffffffff 2000000000000000000 0 1 0 0 1 8000000000000000000000 e 0
106 223 0 1 ffffffffffffffffffffff 2000000000000000000 0 1 1 0 1 8000000000000000000000 e 0
106 223 0 1 ffffffffffffffffffffff 2000000000000000000 0 1 80000001 0 1 8000000000000000000000 e 0
106 223 0 1 ffffffffffffffffffffff 2000000000000000000 2 1 0 0 0 8000000000000000000000 e 0
106 223 0 1 ffffffffffffffffffffff 2000000000000000000 2 1 1 0 0 8000000000000000000000 e 0
106 223 0 1 ffffffffffffffffffffff 2000000000000000000 2 1 2 0 0 8000000000000000000000 e 0
106 223 0 1 ffffffffffffffffffffff 2000000000000000000 2 1 8000 0 0 8000000000000000000000 e 0
106 223 0 1 ffffffffffffffffffffff 2000000000000000000 2 1 80000000 0 0 8000000000000000000000 e 0
106 223 0 1 ffffffffffffffffffffff 2000000000000000000 2 1 80000001 0 0 8000000000000000000000 e 0
106 223 0 1 ffffffffffffffffffffff 4000000000000000000 0 1 2 1 1 8000000000000000000000 e 0
106 223 0 1 ffffffffffffffffffffff 10000000000000000000000 0 1 8000 f 1 8000000000000000000000 e 0
106 223 0 1 ffffffffffffffffffffff 100000000000000000000000000 0 1 80000000 1f 1 8000000000000000000000 e 0
106 223 0 1 10000000000000000000000 2000000000000000000 0 1 0 0 1 10000000000000000000000 f 0
106 223 0 1 10000000000000000000000 2000000000000000000 0 1 1 0 1 10000000000000000000000 f 0
106 223 0 1 10000000000000000000000 2000000000000000000 0 1 80000001 0 1 10000000000000000000000 f 0
106 223 0 1 10000000000000000000000 2000000000000000000 2 1 0 0 0 10000000000000000000000 f 0
106 223 0 1 10000000000000000000000 2000000000000000000 2 1 1 0 0 10000000000000000000000 f 0
106 223 0 1 10000000000000000000000 2000000000000000000 2 1 2 0 0 10000000000000000000000 f 0
106 223 0 1 10000000000000000000000 2000000000000000000 2 1 8000 0 0 10000000000000000000000 f 0
106 223 0 1 10000000000000000000000 2000000000000000000 2 1 80000000 0 0 10000000000000000000000 f 0
106 223 0 1 10000000000000000000000 2000000000000000000 2 1 80000001 0 0 10000000000000000000000 f 0
106 223 0 1 10000000000000000000000 4000000000000000000 0 1 2 1 1 10000000000000000000000 f 0
106 223 0 1 10000000000000000000000 10000000000000000000000 0 1 8000 f 1 10000000000000000000000 f 0
106 223 0 1 10000000000000000000000 100000000000000000000000000 0 1 80000000 1f 1 10000000000000000000000 f 0
106 223 0 1 10000000000000000000001 2000000000000000000 0 1 0 0 1 10000000000000000000000 f 0
106 223 0 1 10000000000000000000001 2000000000000000000 0 1 1 0 1 10000000000000000000000 f 0
106 223 0 1 10000000000000000000001 2000000000000000000 0 1 80000001 0 1 10000000000000000000000 f 0
106 223 0 1 10000000000000000000001 2000000000000000000 2 1 0 0 0 10000000000000000000000 f 0
106 223 0 1 10000000000000000000001 2000000000000000000 2 1 1 0 0 10000000000000000000000 f 0
106 223 0 1 10000000000000000000001 2000000000000000000 2 1 2 0 0 10000000000000000000000 f 0
106 223 0 1 10000000000000000000001 2000000000000000000 2 1 8000 0 0 10000000000000000000000 f 0
106 223 0 1 10000000000000000000001 2000000000000000000 2 1 80000000 0 0 10000000000000000000000 f 0
106 223 0 1 10000000000000000000001 2000000000000000000 2 1 80000001 0 0 10000000000000000000000 f 0
106 223 0 1 10000000000000000000001 4000000000000000000 0 1 2 1 1 10000000000000000000000 f 0
106 223 0 1 10000000000000000000001 10000000000000000000000 0 1 8000 f 1 10000000000000000000000 f 0
106 223 0 1 10000000000000000000001 100000000000000000000000000 0 1 80000000 1f 1 10000000000000000000000 f 0
106 223 0 1 ffffffffffffffffffffffffff 2000000000000000000 0 1 0 0 1 80000000000000000000000000 1e 0
106 223 0 1 ffffffffffffffffffffffffff 2000000000000000000 0 1 1 0 1 80000000000000000000000000 1e 0
106 223 0 1 ffffffffffffffffffffffffff 2000000000000000000 0 1 80000001 0 1 80000000000000000000000000 1e 0
106 223 0 1 ffffffffffffffffffffffffff 2000000000000000000 2 1 0 0 0 80000000000000000000000000 1e 0
106 223 0 1 ffffffffffffffffffffffffff 2000000000000000000 2 1 1 0 0 80000000000000000000000000 1e 0
106 223 0 1 ffffffffffffffffffffffffff 2000000000000000000 2 1 2 0 0 80000000000000000000000000 1e 0
106 223 0 1 ffffffffffffffffffffffffff 2000000000000000000 2 1 8000 0 0 80000000000000000000000000 1e 0
106 223 0 1 ffffffffffffffffffffffffff 2000000000000000000 2 1 80000000 0 0 80000000000000000000000000 1e 0
106 223 0 1 ffffffffffffffffffffffffff 2000000000000000000 2 1 80000001 0 0 80000000000000000000000000 1e 0
106 223 0 1 ffffffffffffffffffffffffff 4000000000000000000 0 1 2 1 1 80000000000000000000000000 1e 0
106 223 0 1 ffffffffffffffffffffffffff 10000000000000000000000 0 1 8000 f 1 80000000000000000000000000 1e 0
106 223 0 1 ffffffffffffffffffffffffff 100000000000000000000000000 0 1 0 0 1 100000000000000000000000000 0 1
106 223 0 1 ffffffffffffffffffffffffff 100000000000000000000000000 0 1 1 0 1 100000000000000000000000000 0 1
106 223 0 1 ffffffffffffffffffffffffff 100000000000000000000000000 0 1 80000000 1f 1 80000000000000000000000000 1e 0
106 223 0 1 ffffffffffffffffffffffffff 100000000000000000000000000 0 1 80000001 0 1 100000000000000000000000000 0 1
106 223 0 1 ffffffffffffffffffffffffff 100000000000000000000000000 2 1 0 0 0 100000000000000000000000000 0 1
106 223 0 1 ffffffffffffffffffffffffff 100000000000000000000000000 2 1 1 0 0 100000000000000000000000000 0 1
106 223 0 1 ffffffffffffffffffffffffff 100000000000000000000000000 2 1 2 0 0 100000000000000000000000000 0 1
106 223 0 1 ffffffffffffffffffffffffff 100000000000000000000000000 2 1 8000 0 0 100000000000000000000000000 0 1
106 223 0 1 ffffffffffffffffffffffffff 100000000000000000000000000 2 1 80000000 0 0 100000000000000000000000000 0 1
106 223 0 1 ffffffffffffffffffffffffff 100000000000000000000000000 2 1 80000001 0 0 100000000000000000000000000 0 1
106 223 0 1 ffffffffffffffffffffffffff 200000000000000000000000000 0 1 2 1 1 100000000000000000000000000 0 1
106 223 0 1 100000000000000000000000000 2000000000000000000 0 1 0 0 1 100000000000000000000000000 1f 0
106 223 0 1 100000000000000000000000000 2000000000000000000 0 1 1 0 1 100000000000000000000000000 1f 0
106 223 0 1 100000000000000000000000000 2000000000000000000 0 1 80000001 0 1 100000000000000000000000000 1f 0
106 223 0 1 100000000000000000000000000 2000000000000000000 2 1 0 0 0 100000000000000000000000000 1f 0
106 223 0 1 100000000000000000000000000 2000000000000000000 2 1 1 0 0 100000000000000000000000000 1f 0
106 223 0 1 100000000000000000000000000 2000000000000000000 2 1 2 0 0 100000000000000000000000000 1f 0
106 223 0 1 100000000000000000000000000 2000000000000000000 2 1 8000 0 0 100000000000000000000000000 1f 0
106 223 0 1 100000000000000000000000000 2000000000000000000 2 1 80000000 0 0 100000000000000000000000000 1f 0
106 223 0 1 100000000000000000000000000 2000000000000000000 2 1 80000001 0 0 100000000000000000000000000 1f 0
106 223 0 1 100000000000000000000000000 4000000000000000000 0 1 2 1 1 100000000000000000000000000 1f 0
106 223 0 1 100000000000000000000000000 10000000000000000000000 0 1 8000 f 1 100000000000000000000000000 1f 0
106 223 0 1 100000000000000000000000000 100000000000000000000000000 0 1 0 0 1 100000000000000000000000000 0 0
106 223 0 1 100000000000000000000000000 100000000000000000000000000 0 1 1 0 1 100000000000000000000000000 0 0
106 223 0 1 100000000000000000000000000 100000000000000000000000000 0 1 80000000 1f 1 100000000000000000000000000 1f 0
106 223 0 1 100000000000000000000000000 100000000000000000000000000 0 1 80000001 0 1 100000000000000000000000000 0 0
106 223 0 1 100000000000000000000000000 100000000000000000000000000 2 1 0 0 0 100000000000000000000000000 0 0
106 223 0 1 100000000000000000000000000 100000000000000000000000000 2 1 1 0 0 100000000000000000000000000 0 0
106 223 0 1 100000000000000000000000000 100000000000000000000000000 2 1 2 0 0 100000000000000000000000000 0 0
106 223 0 1 100000000000000000000000000 100000000000000000000000000 2 1 8000 0 0 100000000000000000000000000 0 0
106 223 0 1 100000000000000000000000000 100000000000000000000000000 2 1 80000000 0 0 100000000000000000000000000 0 0
106 223 0 1 100000000000000000000000000 100000000000000000000000000 2 1 80000001 0 0 100000000000000000000000000 0 0
106 223 0 1 100000000000000000000000000 200000000000000000000000000 0 1 2 1 1 100000000000000000000000000 0 0
106 223 0 1 100000000000000000000000001 2000000000000000000 0 1 0 0 1 100000000000000000000000000 1f 0
106 223 0 1 100000000000000000000000001 2000000000000000000 0 1 1 0 1 100000000000000000000000000 1f 0
106 223 0 1 100000000000000000000000001 2000000000000000000 0 1 80000001 0 1 100000000000000000000000000 1f 0
106 223 0 1 100000000000000000000000001 2000000000000000000 2 1 0 0 0 100000000000000000000000000 1f 0
106 223 0 1 100000000000000000000000001 2000000000000000000 2 1 1 0 0 100000000000000000000000000 1f 0
106 223 0 1 100000000000000000000000001 2000000000000000000 2 1 2 0 0 100000000000000000000000000 1f 0
106 223 0 1 100000000000000000000000001 2000000000000000000 2 1 8000 0 0 100000000000000000000000000 1f 0
106 223 0 1 100000000000000000000000001 2000000000000000000 2 1 80000000 0 0 100000000000000000000000000 1f 0
106 223 0 1 100000000000000000000000001 2000000000000000000 2 1 80000001 0 0 100000000000000000000000000 1f 0
106 223 0 1 100000000000000000000000001 4000000000000000000 0 1 2 1 1 100000000000000000000000000 1f 0
106 223 0 1 100000000000000000000000001 10000000000000000000000 0 1 8000 f 1 100000000000000000000000000 1f 0
106 223 0 1 100000000000000000000000001 100000000000000000000000000 0 1 0 0 1 100000000000000000000000000 0 0
106 223 0 1 100000000000000000000000001 100000000000000000000000000 0 1 1 0 1 100000000000000000000000000 0 0
106 223 0 1 100000000000000000000000001 100000000000000000000000000 0 1 80000000 1f 1 100000000000000000000000000 1f 0
106 223 0 1 100000000000000000000000001 100000000000000000000000000 0 1 80000001 0 1 100000000000000000000000000 0 0
106 223 0 1 100000000000000000000000001 100000000000000000000000000 2 1 0 0 0 100000000000000000000000000 0 0
106 223 0 1 100000000000000000000000001 100000000000000000000000000 2 1 1 0 0 100000000000000000000000000 0 0
106 223 0 1 100000000000000000000000001 100000000000000000000000000 2 1 2 0 0 100000000000000000000000000 0 0
106 223 0 1 100000000000000000000000001 100000000000000000000000000 2 1 8000 0 0 100000000000000000000000000 0 0
106 223 0 1 100000000000000000000000001 100000000000000000000000000 2 1 80000000 0 0 100000000000000000000000000 0 0
106 223 0 1 100000000000000000000000001 100000000000000000000000000 2 1 80000001 0 0 100000000000000000000000000 0 0
106 223 0 1 100000000000000000000000001 200000000000000000000000000 0 1 2 1 1 100000000000000000000000000 0 0
106 223 0 1 1ffffffffffffffffffffffffff 100000000000000000000000000 0 1 0 0 1 100000000000000000000000000 0 0
106 223 0 1 1ffffffffffffffffffffffffff 100000000000000000000000000 0 1 1 0 1 100000000000000000000000000 0 0
106 223 0 1 1ffffffffffffffffffffffffff 100000000000000000000000000 0 1 80000001 0 1 100000000000000000000000000 0 0
106 223 0 1 1ffffffffffffffffffffffffff 100000000000000000000000000 2 1 0 0 0 100000000000000000000000000 0 0
106 223 0 1 1ffffffffffffffffffffffffff 100000000000000000000000000 2 1 1 0 0 100000000000000000000000000 0 0
106 223 0 1 1ffffffffffffffffffffffffff 100000000000000000000000000 2 1 2 0 0 100000000000000000000000000 0 0
106 223 0 1 1ffffffffffffffffffffffffff 100000000000000000000000000 2 1 8000 0 0 100000000000000000000000000 0 0
106 223 0 1 1ffffffffffffffffffffffffff 100000000000000000000000000 2 1 80000000 0 0 100000000000000000000000000 0 0
106 223 0 1 1ffffffffffffffffffffffffff 100000000000000000000000000 2 1 80000001 0 0 100000000000000000000000000 0 0
106 223 0 1 1ffffffffffffffffffffffffff 200000000000000000000000000 0 1 2 1 1 100000000000000000000000000 0 0
106 223 0 1 200000000000000000000000000 100000000000000000000000000 0 1 0 0 1 200000000000000000000000000 1 0
106 223 0 1 200000000000000000000000000 100000000000000000000000000 0 1 1 0 1 200000000000000000000000000 1 0
106 223 0 1 200000000000000000000000000 100000000000000000000000000 0 1 80000001 0 1 200000000000000000000000000 1 0
106 223 0 1 200000000000000000000000000 100000000000000000000000000 2 1 0 0 0 200000000000000000000000000 1 0
106 223 0 1 200000000000000000000000000 100000000000000000000000000 2 1 1 0 0 200000000000000000000000000 1 0
106 223 0 1 200000000000000000000000000 100000000000000000000000000 2 1 2 0 0 200000000000000000000000000 1 0
106 223 0 1 200000000000000000000000000 100000000000000000000000000 2 1 8000 0 0 200000000000000000000000000 1 0
106 223 0 1 200000000000000000000000000 100000000000000000000000000 2 1 80000000 0 0 200000000000000000000000000 1 0
106 223 0 1 200000000000000000000000000 100000000000000000000000000 2 1 80000001 0 0 200000000000000000000000000 1 0
106 223 0 1 200000000000000000000000000 200000000000000000000000000 0 1 2 1 1 200000000000000000000000000 1 0
106 223 0 1 200000000000000000000000001 100000000000000000000000000 0 1 0 0 1 200000000000000000000000000 1 0
106 223 0 1 200000000000000000000000001 100000000000000000000000000 0 1 1 0 1 200000000000000000000000000 1 0
106 223 0 1 200000000000000000000000001 100000000000000000000000000 0 1 80000001 0 1 200000000000000000000000000 1 0
106 223 0 1 200000000000000000000000001 100000000000000000000000000 2 1 0 0 0 200000000000000000000000000 1 0
106 223 0 1 200000000000000000000000001 100000000000000000000000000 2 1 1 0 0 200000000000000000000000000 1 0
106 223 0 1 200000000000000000000000001 100000000000000000000000000 2 1 2 0 0 200000000000000000000000000 1 0
106 223 0 1 200000000000000000000000001 100000000000000000000000000 2 1 8000 0 0 200000000000000000000000000 1 0
106 223 0 1 200000000000000000000000001 100000000000000000000000000 2 1 80000000 0 0 200000000000000000000000000 1 0
106 223 0 1 200000000000000000000000001 100000000000000000000000000 2 1 80000001 0 0 200000000000000000000000000 1 0
106 223 0 1 200000000000000000000000001 200000000000000000000000000 0 1 2 1 1 200000000000000000000000000 1 0
114 212 11 1 0 800 0 1 0 0 1 800 0 1
114 212 11 1 0 800 0 1 1 0 1 800 0 1
114 212 11 1 0 800 0 1 80000001 0 1 800 0 1
114 212 11 1 0 800 2 1 0 0 0 800 0 1
114 212 11 1 0 800 2 1 1 0 0 800 0 1
114 212 11 1 0 800 2 1 2 0 0 800 0 1
114 212 11 1 0 800 2 1 8000 0 0 800 0 1
114 212 11 1 0 800 2 1 80000000 0 0 800 0 1
114 212 11 1 0 800 2 1 80000001 0 0 800 0 1
114 212 11 1 0 801 0 1 0 0 1 801 0 1
114 212 11 1 0 801 0 1 1 0 1 801 0 1
114 212 11 1 0 801 0 1 80000001 0 1 801 0 1
114 212 11 1 0 801 2 1 0 0 0 801 0 1
114 212 11 1 0 801 2 1 1 0 0 801 0 1
114 212 11 1 0 801 2 1 2 0 0 801 0 1
114 212 11 1 0 801 2 1 8000 0 0 801 0 1
114 212 11 1 0 801 2 1 80000000 0 0 801 0 1
114 212 11 1 0 801 2 1 80000001 0 0 801 0 1
114 212 11 1 0 1000 0 1 2 1 1 800 0 1
114 212 11 1 0 1002 0 1 2 1 1 801 0 1
114 212 11 1 0 4000000 0 1 8000 f 1 800 0 1
114 212 11 1 0 4008000 0 1 8000 f 1 801 0 1
114 212 11 1 0 40000000000 0 1 80000000 1f 1 800 0 1
114 212 11 1 0 40080000000 0 1 80000000 1f 1 801 0 1
114 212 11 1 0 200000000000000000000 0 1 0 0 1 200000000000000000000 0 1
114 212 11 1 0 200000000000000000000 0 1 1 0 1 200000000000000000000 0 1
114 212 11 1 0 200000000000000000000 0 1 80000001 0 1 200000000000000000000 0 1
114 212 11 1 0 200000000000000000000 2 1 0 0 0 200000000000000000000 0 1
114 212 11 1 0 200000000000000000000 2 1 1 0 0 200000000000000000000 0 1
114 212 11 1 0 200000000000000000000 2 1 2 0 0 200000000000000000000 0 1
114 212 11 1 0 200000000000000000000 2 1 8000 0 0 200000000000000000000 0 1
114 212 11 1 0 200000000000000000000 2 1 80000000 0 0 200000000000000000000 0 1
114 212 11 1 0 200000000000000000000 2 1 80000001 0 0 200000000000000000000 0 1
114 212 11 1 0 400000000000000000000 0 1 2 1 1 200000000000000000000 0 1
114 212 11 1 0 1000000000000000000000000 0 1 8000 f 1 200000000000000000000 0 1
114 212 11 1 0 10000000000000000000000000000 0 1 0 0 1 10000000000000000000000000000 0 1
114 212 11 1 0 10000000000000000000000000000 0 1 1 0 1 10000000000000000000000000000 0 1
114 212 11 1 0 10000000000000000000000000000 0 1 80000000 1f 1 200000000000000000000 0 1
114 212 11 1 0 10000000000000000000000000000 0 1 80000001 0 1 10000000000000000000000000000 0 1
114 212 11 1 0 10000000000000000000000000000 2 1 0 0 0 10000000000000000000000000000 0 1
114 212 11 1 0 10000000000000000000000000000 2 1 1 0 0 10000000000000000000000000000 0 1
114 212 11 1 0 10000000000000000000000000000 2 1 2 0 0 10000000000000000000000000000 0 1
114 212 11 1 0 10000000000000000000000000000 2 1 8000 0 0 10000000000000000000000000000 0 1
114 212 11 1 0 10000000000000000000000000000 2 1 80000000 0 0 10000000000000000000000000000 0 1
114 212 11 1 0 10000000000000000000000000000 2 1 80000001 0 0 10000000000000000000000000000 0 1
114 212 11 1 0 20000000000000000000000000000 0 1 2 1 1 10000000000000000000000000000 0 1
114 212 11 1 7ff 800 0 1 0 0 1 800 0 1
114 212 11 1 7ff 800 0 1 1 0 1 800 0 1
114 212 11 1 7ff 800 0 1 80000001 0 1 800 0 1
114 212 11 1 7ff 800 2 1 0 0 0 800 0 1
114 212 11 1 7ff 800 2 1 1 0 0 800 0 1
114 212 11 1 7ff 800 2 1 2 0 0 800 0 1
114 212 11 1 7ff 800 2 1 8000 0 0 800 0 1
114 212 11 1 7ff 800 2 1 80000000 0 0 800 0 1
114 212 11 1 7ff 800 2 1 80000001 0 0 800 0 1
114 212 11 1 7ff 1000 0 1 2 1 1 800 0 1
114 212 11 1 7ff 4000000 0 1 8000 f 1 800 0 1
114 212 11 1 7ff 40000000000 0 1 80000000 1f 1 800 0 1
114 212 11 1 800 800 0 1 0 0 1 800 0 0
114 212 11 1 800 800 0 1 1 0 1 800 0 0
114 212 11 1 800 800 0 1 80000001 0 1 800 0 0
114 212 11 1 800 800 2 1 0 0 0 800 0 0
114 212 11 1 800 800 2 1 1 0 0 800 0 0
114 212 11 1 800 800 2 1 2 0 0 800 0 0
114 212 11 1 800 800 2 1 8000 0 0 800 0 0
114 212 11 1 800 800 2 1 80000000 0 0 800 0 0
114 212 11 1 800 800 2 1 80000001 0 0 800 0 0
114 212 11 1 800 801 0 1 0 0 1 801 0 1
114 212 11 1 800 801 0 1 1 0 1 801 0 1
114 212 11 1 800 801 0 1 80000001 0 1 801 0 1
114 212 11 1 800 801 2 1 0 0 0 801 0 1
114 212 11 1 800 801 2 1 1 0 0 801 0 1
114 212 11 1 800 801 2 1 2 0 0 801 0 1
114 212 11 1 800 801 2 1 8000 0 0 801 0 1
114 212 11 1 800 801 2 1 80000000 0 0 801 0 1
114 212 11 1 800 801 2 1 80000001 0 0 801 0 1
114 212 11 1 800 1000 0 1 2 1 1 800 0 0
114 212 11 1 800 1002 0 1 2 1 1 801 0 1
114 212 11 1 800 4000000 0 1 8000 f 1 800 0 0
114 212 11 1 800 4008000 0 1 8000 f 1 801 0 1
114 212 11 1 800 40000000000 0 1 80000000 1f 1 800 0 0
114 212 11 1 800 40080000000 0 1 80000000 1f 1 801 0 1
114 212 11 1 801 800 0 1 0 0 1 800 0 0
114 212 11 1 801 800 0 1 1 0 1 800 0 0
114 212 11 1 801 800 0 1 80000001 0 1 800 0 0
114 212 11 1 801 800 2 1 0 0 0 800 0 0
114 212 11 1 801 800 2 1 1 0 0 800 0 0
114 212 11 1 801 800 2 1 2 0 0 800 0 0
114 212 11 1 801 800 2 1 8000 0 0 800 0 0
114 212 11 1 801 800 2 1 80000000 0 0 800 0 0
114 212 11 1 801 800 2 1 80000001 0 0 800 0 0
114 212 11 1 801 801 0 1 0 0 1 801 0 0
114 212 11 1 801 801 0 1 1 0 1 801 0 0
114 212 11 1 801 801 0 1 80000001 0 1 801 0 0
114 212 11 1 801 801 2 1 0 0 0 801 0 0
114 212 11 1 801 801 2 1 1 0 0 801 0 0
114 212 11 1 801 801 2 1 2 0 0 801 0 0
114 212 11 1 801 801 2 1 8000 0 0 801 0 0
114 212 11 1 801 801 2 1 80000000 0 0 801 0 0
114 212 11 1 801 801 2 1 80000001 0 0 801 0 0
114 212 11 1 801 1000 0 1 2 1 1 800 0 0
114 212 11 1 801 1002 0 1 2 1 1 801 0 0
114 212 11 1 801 4000000 0 1 8000 f 1 800 0 0
114 212 11 1 801 4008000 0 1 8000 f 1 801 0 0
114 212 11 1 801 40000000000 0 1 80000000 1f 1 800 0 0
114 212 11 1 801 40080000000 0 1 80000000 1f 1 801 0 0
114 212 11 1 802 801 0 1 0 0 1 801 0 0
114 212 11 1 802 801 0 1 1 0 1 801 0 0
114 212 11 1 802 801 0 1 80000001 0 1 801 0 0
114 212 11 1 802 801 2 1 0 0 0 801 0 0
114 212 11 1 802 801 2 1 1 0 0 801 0 0
114 212 11 1 802 801 2 1 2 0 0 801 0 0
114 212 11 1 802 801 2 1 8000 0 0 801 0 0
114 212 11 1 802 801 2 1 80000000 0 0 801 0 0
114 212 11 1 802 801 2 1 80000001 0 0 801 0 0
114 212 11 1 802 1002 0 1 2 1 1 801 0 0
114 212 11 1 802 4008000 0 1 8000 f 1 801 0 0
114 212 11 1 802 40080000000 0 1 80000000 1f 1 801 0 0
114 212 11 1 fff 800 0 1 0 0 1 800 0 0
114 212 11 1 fff 800 0 1 1 0 1 800 0 0
114 212 11 1 fff 800 0 1 80000001 0 1 800 0 0
114 212 11 1 fff 800 2 1 0 0 0 800 0 0
114 212 11 1 fff 800 2 1 1 0 0 800 0 0
114 212 11 1 fff 800 2 1 2 0 0 800 0 0
114 212 11 1 fff 800 2 1 8000 0 0 800 0 0
114 212 11 1 fff 800 2 1 80000000 0 0 800 0 0
114 212 11 1 fff 800 2 1 80000001 0 0 800 0 0
114 212 11 1 fff 1000 0 1 2 1 1 800 0 0
114 212 11 1 fff 4000000 0 1 8000 f 1 800 0 0
114 212 11 1 fff 40000000000 0 1 80000000 1f 1 800 0 0
114 212 11 1 1000 800 0 1 0 0 1 1000 1 0
114 212 11 1 1000 800 0 1 1 0 1 1000 1 0
114 212 11 1 1000 800 0 1 80000001 0 1 1000 1 0
114 212 11 1 1000 800 2 1 0 0 0 1000 1 0
114 212 11 1 1000 800 2 1 1 0 0 1000 1 0
114 212 11 1 1000 800 2 1 2 0 0 1000 1 0
114 212 11 1 1000 800 2 1 8000 0 0 1000 1 0
114 212 11 1 1000 800 2 1 80000000 0 0 1000 1 0
114 212 11 1 1000 800 2 1 80000001 0 0 1000 1 0
114 212 11 1 1000 1000 0 1 2 1 1 1000 1 0
114 212 11 1 1000 4000000 0 1 8000 f 1 1000 1 0
114 212 11 1 1000 40000000000 0 1 80000000 1f 1 1000 1 0
114 212 11 1 1001 800 0 1 0 0 1 1000 1 0
114 212 11 1 1001 800 0 1 1 0 1 1000 1 0
114 212 11 1 1001 800 0 1 80000001 0 1 1000 1 0
114 212 11 1 1001 800 2 1 0 0 0 1000 1 0
114 212 11 1 1001 800 2 1 1 0 0 1000 1 0
114 212 11 1 1001 800 2 1 2 0 0 1000 1 0
114 212 11 1 1001 800 2 1 8000 0 0 1000 1 0
114 212 11 1 1001 800 2 1 80000000 0 0 1000 1 0
114 212 11 1 1001 800 2 1 80000001 0 0 1000 1 0
114 212 11 1 1001 801 0 1 0 0 1 801 0 0
114 212 11 1 1001 801 0 1 1 0 1 801 0 0
114 212 11 1 1001 801 0 1 80000001 0 1 801 0 0
114 212 11 1 1001 801 2 1 0 0 0 801 0 0
114 212 11 1 1001 801 2 1 1 0 0 801 0 0
114 212 11 1 1001 801 2 1 2 0 0 801 0 0
114 212 11 1 1001 801 2 1 8000 0 0 801 0 0
114 212 11 1 1001 801 2 1 80000000 0 0 801 0 0
114 212 11 1 1001 801 2 1 80000001 0 0 801 0 0
114 212 11 1 1001 1000 0 1 2 1 1 1000 1 0
114 212 11 1 1001 1002 0 1 2 1 1 801 0 0
114 212 11 1 1001 4000000 0 1 8000 f 1 1000 1 0
114 212 11 1 1001 4008000 0 1 8000 f 1 801 0 0
114 212 11 1 1001 40000000000 0 1 80000000 1f 1 1000 1 0
114 212 11 1 1001 40080000000 0 1 80000000 1f 1 801 0 0
114 212 11 1 1002 801 0 1 0 0 1 1002 1 0
114 212 11 1 1002 801 0 1 1 0 1 1002 1 0
114 212 11 1 1002 801 0 1 80000001 0 1 1002 1 0
114 212 11 1 1002 801 2 1 0 0 0 1002 1 0
114 212 11 1 1002 801 2 1 1 0 0 1002 1 0
114 212 11 1 1002 801 2 1 2 0 0 1002 1 0
114 212 11 1 1002 801 2 1 8000 0 0 1002 1 0
114 212 11 1 1002 801 2 1 80000000 0 0 1002 1 0
114 212 11 1 1002 801 2 1 80000001 0 0 1002 1 0
114 212 11 1 1002 1002 0 1 2 1 1 1002 1 0
114 212 11 1 1002 4008000 0 1 8000 f 1 1002 1 0
114 212 11 1 1002 40080000000 0 1 80000000 1f 1 1002 1 0
114 212 11 1 1003 801 0 1 0 0 1 1002 1 0
114 212 11 1 1003 801 0 1 1 0 1 1002 1 0
114 212 11 1 1003 801 0 1 80000001 0 1 1002 1 0
114 212 11 1 1003 801 2 1 0 0 0 1002 1 0
114 212 11 1 1003 801 2 1 1 0 0 1002 1 0
114 212 11 1 1003 801 2 1 2 0 0 1002 1 0
114 212 11 1 1003 801 2 1 8000 0 0 1002 1 0
114 212 11 1 1003 801 2 1 80000000 0 0 1002 1 0
114 212 11 1 1003 801 2 1 80000001 0 0 1002 1 0
114 212 11 1 1003 1002 0 1 2 1 1 1002 1 0
114 212 11 1 1003 4008000 0 1 8000 f 1 1002 1 0
114 212 11 1 1003 40080000000 0 1 80000000 1f 1 1002 1 0
114 212 11 1 3ffffff 800 0 1 0 0 1 2000000 e 0
114 212 11 1 3ffffff 800 0 1 1 0 1 2000000 e 0
114 212 11 1 3ffffff 800 0 1 80000001 0 1 2000000 e 0
114 212 11 1 3ffffff 800 2 1 0 0 0 2000000 e 0
114 212 11 1 3ffffff 800 2 1 1 0 0 2000000 e 0
114 212 11 1 3ffffff 800 2 1 2 0 0 2000000 e 0
114 212 11 1 3ffffff 800 2 1 8000 0 0 2000000 e 0
114 212 11 1 3ffffff 800 2 1 80000000 0 0 2000000 e 0
114 212 11 1 3ffffff 800 2 1 80000001 0 0 2000000 e 0
114 212 11 1 3ffffff 1000 0 1 2 1 1 2000000 e 0
114 212 11 1 3ffffff 4000000 0 1 8000 f 1 2000000 e 0
114 212 11 1 3ffffff 40000000000 0 1 80000000 1f 1 2000000 e 0
114 212 11 1 4000000 800 0 1 0 0 1 4000000 f 0
114 212 11 1 4000000 800 0 1 1 0 1 4000000 f 0
114 212 11 1 4000000 800 0 1 80000001 0 1 4000000 f 0
114 212 11 1 4000000 800 2 1 0 0 0 4000000 f 0
114 212 11 1 4000000 800 2 1 1 0 0 4000000 f 0
114 212 11 1 4000000 800 2 1 2 0 0 4000000 f 0
114 212 11 1 4000000 800 2 1 8000 0 0 4000000 f 0
114 212 11 1 4000000 800 2 1 80000000 0 0 4000000 f 0
114 212 11 1 4000000 800 2 1 80000001 0 0 4000000 f 0
114 212 11 1 4000000 1000 0 1 2 1 1 4000000 f 0
114 212 11 1 4000000 4000000 0 1 8000 f 1 4000000 f 0
114 212 11 1 4000000 40000000000 0 1 80000000 1f 1 4000000 f 0
114 212 11 1 4000001 800 0 1 0 0 1 4000000 f 0
114 212 11 1 4000001 800 0 1 1 0 1 4000000 f 0
114 212 11 1 4000001 800 0 1 80000001 0 1 4000000 f 0
114 212 11 1 4000001 800 2 1 0 0 0 4000000 f 0
114 212 11 1 4000001 800 2 1 1 0 0 4000000 f 0
114 212 11 1 4000001 800 2 1 2 0 0 4000000 f 0
114 212 11 1 4000001 800 2 1 8000 0 0 4000000 f 0
114 212 11 1 4000001 800 2 1 80000000 0 0 4000000 f 0
114 212 11 1 4000001 800 2 1 80000001 0 0 4000000 f 0
114 212 11 1 4000001 1000 0 1 2 1 1 4000000 f 0
114 212 11 1 4000001 4000000 0 1 8000 f 1 4000000 f 0
114 212 11 1 4000001 40000000000 0 1 80000000 1f 1 4000000 f 0
114 212 11 1 4007fff 801 0 1 0 0 1 2004000 e 0
114 212 11 1 4007fff 801 0 1 1 0 1 2004000 e 0
114 212 11 1 4007fff 801 0 1 80000001 0 1 2004000 e 0
114 212 11 1 4007fff 801 2 1 0 0 0 2004000 e 0
114 212 11 1 4007fff 801 2 1 1 0 0 2004000 e 0
114 212 11 1 4007fff 801 2 1 2 0 0 2004000 e 0
114 212 11 1 4007fff 801 2 1 8000 0 0 2004000 e 0
114 212 11 1 4007fff 801 2 1 80000000 0 0 2004000 e 0
114 212 11 1 4007fff 801 2 1 80000001 0 0 2004000 e 0
114 212 11 1 4007fff 1002 0 1 2 1 1 2004000 e 0
114 212 11 1 4007fff 4008000 0 1 8000 f 1 2004000 e 0
114 212 11 1 4007fff 40080000000 0 1 80000000 1f 1 2004000 e 0
114 212 11 1 4008000 801 0 1 0 0 1 4008000 f 0
114 212 11 1 4008000 801 0 1 1 0 1 4008000 f 0
114 212 11 1 4008000 801 0 1 80000001 0 1 4008000 f 0
114 212 11 1 4008000 801 2 1 0 0 0 4008000 f 0
114 212 11 1 4008000 801 2 1 1 0 0 4008000 f 0
114 212 11 1 4008000 801 2 1 2 0 0 4008000 f 0
114 212 11 1 4008000 801 2 1 8000 0 0 4008000 f 0
114 212 11 1 4008000 801 2 1 80000000 0 0 4008000 f 0
114 212 11 1 4008000 801 2 1 80000001 0 0 4008000 f 0
114 212 11 1 4008000 1002 0 1 2 1 1 4008000 f 0
114 212 11 1 4008000 4008000 0 1 8000 f 1 4008000 f 0
114 212 11 1 4008000 40080000000 0 1 80000000 1f 1 4008000 f 0
114 212 11 1 4008001 801 0 1 0 0 1 4008000 f 0
114 212 11 1 4008001 801 0 1 1 0 1 4008000 f 0
114 212 11 1 4008001 801 0 1 80000001 0 1 4008000 f 0
114 212 11 1 4008001 801 2 1 0 0 0 4008000 f 0
114 212 11 1 4008001 801 2 1 1 0 0 4008000 f 0
114 212 11 1 4008001 801 2 1 2 0 0 4008000 f 0
114 212 11 1 4008001 801 2 1 8000 0 0 4008000 f 0
114 212 11 1 4008001 801 2 1 80000000 0 0 4008000 f 0
114 212 11 1 4008001 801 2 1 80000001 0 0 4008000 f 0
114 212 11 1 4008001 1002 0 1 2 1 1 4008000 f 0
114 212 11 1 4008001 4008000 0 1 8000 f 1 4008000 f 0
114 212 11 1 4008001 40080000000 0 1 80000000 1f 1 4008000 f 0
114 212 11 1 3ffffffffff 800 0 1 0 0 1 20000000000 1e 0
114 212 11 1 3ffffffffff 800 0 1 1 0 1 20000000000 1e 0
114 212 11 1 3ffffffffff 800 0 1 80000001 0 1 20000000000 1e 0
114 212 11 1 3ffffffffff 800 2 1 0 0 0 20000000000 1e 0
114 212 11 1 3ffffffffff 800 2 1 1 0 0 20000000000 1e 0
114 212 11 1 3ffffffffff 800 2 1 2 0 0 20000000000 1e 0
114 212 11 1 3ffffffffff 800 2 1 8000 0 0 20000000000 1e 0
114 212 11 1 3ffffffffff 800 2 1 80000000 0 0 20000000000 1e 0
114 212 11 1 3ffffffffff 800 2 1 80000001 0 0 20000000000 1e 0
114 212 11 1 3ffffffffff 1000 0 1 2 1 1 20000000000 1e 0
114 212 11 1 3ffffffffff 4000000 0 1 8000 f 1 20000000000 1e 0
114 212 11 1 3ffffffffff 40000000000 0 1 80000000 1f 1 20000000000 1e 0
114 212 11 1 40000000000 800 0 1 0 0 1 40000000000 1f 0
114 212 11 1 40000000000 800 0 1 1 0 1 40000000000 1f 0
114 212 11 1 40000000000 800 0 1 80000001 0 1 40000000000 1f 0
114 212 11 1 40000000000 800 2 1 0 0 0 40000000000 1f 0
114 212 11 1 40000000000 800 2 1 1 0 0 40000000000 1f 0
114 212 11 1 40000000000 800 2 1 2 0 0 40000000000 1f 0
114 212 11 1 40000000000 800 2 1 8000 0 0 40000000000 1f 0
114 212 11 1 40000000000 800 2 1 80000000 0 0 40000000000 1f 0
114 212 11 1 40000000000 800 2 1 80000001 0 0 40000000000 1f 0
114 212 11 1 40000000000 1000 0 1 2 1 1 40000000000 1f 0
114 212 11 1 40000000000 4000000 0 1 8000 f 1 40000000000 1f 0
114 212 11 1 40000000000 40000000000 0 1 80000000 1f 1 40000000000 1f 0
114 212 11 1 40000000001 800 0 1 0 0 1 40000000000 1f 0
114 212 11 1 40000000001 800 0 1 1 0 1 40000000000 1f 0
114 212 11 1 40000000001 800 0 1 80000001 0 1 40000000000 1f 0
114 212 11 1 40000000001 800 2 1 0 0 0 40000000000 1f 0
114 212 11 1 40000000001 800 2 1 1 0 0 40000000000 1f 0
114 212 11 1 40000000001 800 2 1 2 0 0 40000000000 1f 0
114 212 11 1 40000000001 800 2 1 8000 0 0 40000000000 1f 0
114 212 11 1 40000000001 800 2 1 80000000 0 0 40000000000 1f 0
114 212 11 1 40000000001 800 2 1 80000001 0 0 40000000000 1f 0
114 212 11 1 40000000001 1000 0 1 2 1 1 40000000000 1f 0
114 212 11 1 40000000001 4000000 0 1 8000 f 1 40000000000 1f 0
114 212 11 1 40000000001 40000000000 0 1 80000000 1f 1 40000000000 1f 0
114 212 11 1 4007fffffff 801 0 1 0 0 1 20040000000 1e 0
114 212 11 1 4007fffffff 801 0 1 1 0 1 20040000000 1e 0
114 212 11 1 4007fffffff 801 0 1 80000001 0 1 20040000000 1e 0
114 212 11 1 4007fffffff 801 2 1 0 0 0 20040000000 1e 0
114 212 11 1 4007fffffff 801 2 1 1 0 0 20040000000 1e 0
114 212 11 1 4007fffffff 801 2 1 2 0 0 20040000000 1e 0
114 212 11 1 4007fffffff 801 2 1 8000 0 0 20040000000 1e 0
114 212 11 1 4007fffffff 801 2 1 80000000 0 0 20040000000 1e 0
114 212 11 1 4007fffffff 801 2 1 80000001 0 0 20040000000 1e 0
114 212 11 1 4007fffffff 1002 0 1 2 1 1 20040000000 1e 0
114 212 11 1 4007fffffff 4008000 0 1 8000 f 1 20040000000 1e 0
114 212 11 1 4007fffffff 40080000000 0 1 80000000 1f 1 20040000000 1e 0
114 212 11 1 40080000000 801 0 1 0 0 1 40080000000 1f 0
114 212 11 1 40080000000 801 0 1 1 0 1 40080000000 1f 0
114 212 11 1 40080000000 801 0 1 80000001 0 1 40080000000 1f 0
114 212 11 1 40080000000 801 2 1 0 0 0 40080000000 1f 0
114 212 11 1 40080000000 801 2 1 1 0 0 40080000000 1f 0
114 212 11 1 40080000000 801 2 1 2 0 0 40080000000 1f 0
114 212 11 1 40080000000 801 2 1 8000 0 0 40080000000 1f 0
114 212 11 1 40080000000 801 2 1 80000000 0 0 40080000000 1f 0
114 212 11 1 40080000000 801 2 1 80000001 0 0 40080000000 1f 0
114 212 11 1 40080000000 1002 0 1 2 1 1 40080000000 1f 0
114 212 11 1 40080000000 4008000 0 1 8000 f 1 40080000000 1f 0
114 212 11 1 40080000000 40080000000 0 1 80000000 1f 1 40080000000 1f 0
114 212 11 1 40080000001 801 0 1 0 0 1 40080000000 1f 0
114 212 11 1 40080000001 801 0 1 1 0 1 40080000000 1f 0
114 212 11 1 40080000001 801 0 1 80000001 0 1 40080000000 1f 0
114 212 11 1 40080000001 801 2 1 0 0 0 40080000000 1f 0
114 212 11 1 40080000001 801 2 1 1 0 0 40080000000 1f 0
114 212 11 1 40080000001 801 2 1 2 0 0 40080000000 1f 0
114 212 11 1 40080000001 801 2 1 8000 0 0 40080000000 1f 0
114 212 11 1 40080000001 801 2 1 80000000 0 0 40080000000 1f 0
114 212 11 1 40080000001 801 2 1 80000001 0 0 40080000000 1f 0
114 212 11 1 40080000001 1002 0 1 2 1 1 40080000000 1f 0
114 212 11 1 40080000001 4008000 0 1 8000 f 1 40080000000 1f 0
114 212 11 1 40080000001 40080000000 0 1 80000000 1f 1 40080000000 1f 0
114 212 11 1 1ffffffffffffffffffff 200000000000000000000 0 1 0 0 1 200000000000000000000 0 1
114 212 11 1 1ffffffffffffffffffff 200000000000000000000 0 1 1 0 1 200000000000000000000 0 1
114 212 11 1 1ffffffffffffffffffff 200000000000000000000 0 1 80000001 0 1 200000000000000000000 0 1
114 212 11 1 1ffffffffffffffffffff 200000000000000000000 2 1 0 0 0 200000000000000000000 0 1
114 212 11 1 1ffffffffffffffffffff 200000000000000000000 2 1 1 0 0 200000000000000000000 0 1
114 212 11 1 1ffffffffffffffffffff 200000000000000000000 2 1 2 0 0 200000000000000000000 0 1
114 212 11 1 1ffffffffffffffffffff 200000000000000000000 2 1 8000 0 0 200000000000000000000 0 1
114 212 11 1 1ffffffffffffffffffff 200000000000000000000 2 1 80000000 0 0 200000000000000000000 0 1
114 212 11 1 1ffffffffffffffffffff 200000000000000000000 2 1 80000001 0 0 200000000000000000000 0 1
114 212 11 1 1ffffffffffffffffffff 400000000000000000000 0 1 2 1 1 200000000000000000000 0 1
114 212 11 1 1ffffffffffffffffffff 1000000000000000000000000 0 1 8000 f 1 200000000000000000000 0 1
114 212 11 1 1ffffffffffffffffffff 10000000000000000000000000000 0 1 80000000 1f 1 200000000000000000000 0 1
114 212 11 1 200000000000000000000 200000000000000000000 0 1 0 0 1 200000000000000000000 0 0
114 212 11 1 200000000000000000000 200000000000000000000 0 1 1 0 1 200000000000000000000 0 0
114 212 11 1 200000000000000000000 200000000000000000000 0 1 80000001 0 1 200000000000000000000 0 0
114 212 11 1 200000000000000000000 200000000000000000000 2 1 0 0 0 200000000000000000000 0 0
114 212 11 1 200000000000000000000 200000000000000000000 2 1 1 0 0 200000000000000000000 0 0
114 212 11 1 200000000000000000000 200000000000000000000 2 1 2 0 0 200000000000000000000 0 0
114 212 11 1 200000000000000000000 200000000000000000000 2 1 8000 0 0 200000000000000000000 0 0
114 212 11 1 200000000000000000000 200000000000000000000 2 1 80000000 0 0 200000000000000000000 0 0
114 212 11 1 200000000000000000000 200000000000000000000 2 1 80000001 0 0 200000000000000000000 0 0
114 212 11 1 200000000000000000000 400000000000000000000 0 1 2 1 1 200000000000000000000 0 0
114 212 11 1 200000000000000000000 1000000000000000000000000 0 1 8000 f 1 200000000000000000000 0 0
114 212 11 1 200000000000000000000 10000000000000000000000000000 0 1 80000000 1f 1 200000000000000000000 0 0
114 212 11 1 200000000000000000001 200000000000000000000 0 1 0 0 1 200000000000000000000 0 0
114 212 11 1 200000000000000000001 200000000000000000000 0 1 1 0 1 200000000000000000000 0 0
114 212 11 1 200000000000000000001 200000000000000000000 0 1 80000001 0 1 200000000000000000000 0 0
114 212 11 1 200000000000000000001 200000000000000000000 2 1 0 0 0 200000000000000000000 0 0
114 212 11 1 200000000000000000001 200000000000000000000 2 1 1 0 0 200000000000000000000 0 0
114 212 11 1 200000000000000000001 200000000000000000000 2 1 2 0 0 200000000000000000000 0 0
114 212 11 1 200000000000000000001 200000000000000000000 2 1 8000 0 0 200000000000000000000 0 0
114 212 11 1 200000000000000000001 200000000000000000000 2 1 80000000 0 0 200000000000000000000 0 0
114 212 11 1 200000000000000000001 200000000000000000000 2 1 80000001 0 0 200000000000000000000 0 0
114 212 11 1 200000000000000000001 400000000000000000000 0 1 2 1 1 200000000000000000000 0 0
114 212 11 1 200000000000000000001 1000000000000000000000000 0 1 8000 f 1 200000000000000000000 0 0
114 212 11 1 200000000000000000001 10000000000000000000000000000 0 1 80000000 1f 1 200000000000000000000 0 0
114 212 11 1 3ffffffffffffffffffff 200000000000000000000 0 1 0 0 1 200000000000000000000 0 0
114 212 11 1 3ffffffffffffffffffff 200000000000000000000 0 1 1 0 1 200000000000000000000 0 0
114 212 11 1 3ffffffffffffffffffff 200000000000000000000 0 1 80000001 0 1 200000000000000000000 0 0
114 212 11 1 3ffffffffffffffffffff 200000000000000000000 2 1 0 0 0 200000000000000000000 0 0
114 212 11 1 3ffffffffffffffffffff 200000000000000000000 2 1 1 0 0 200000000000000000000 0 0
114 212 11 1 3ffffffffffffffffffff 200000000000000000000 2 1 2 0 0 200000000000000000000 0 0
114 212 11 1 3ffffffffffffffffffff 200000000000000000000 2 1 8000 0 0 200000000000000000000 0 0
114 212 11 1 3ffffffffffffffffffff 200000000000000000000 2 1 80000000 0 0 200000000000000000000 0 0
114 212 11 1 3ffffffffffffffffffff 200000000000000000000 2 1 80000001 0 0 200000000000000000000 0 0
114 212 11 1 3ffffffffffffffffffff 400000000000000000000 0 1 2 1 1 200000000000000000000 0 0
114 212 11 1 3ffffffffffffffffffff 1000000000000000000000000 0 1 8000 f 1 200000000000000000000 0 0
114 212 11 1 3ffffffffffffffffffff 10000000000000000000000000000 0 1 80000000 1f 1 200000000000000000000 0 0
114 212 11 1 400000000000000000000 200000000000000000000 0 1 0 0 1 400000000000000000000 1 0
114 212 11 1 400000000000000000000 200000000000000000000 0 1 1 0 1 400000000000000000000 1 0
114 212 11 1 400000000000000000000 200000000000000000000 0 1 80000001 0 1 400000000000000000000 1 0
114 212 11 1 400000000000000000000 200000000000000000000 2 1 0 0 0 400000000000000000000 1 0
114 212 11 1 400000000000000000000 200000000000000000000 2 1 1 0 0 400000000000000000000 1 0
114 212 11 1 400000000000000000000 200000000000000000000 2 1 2 0 0 400000000000000000000 1 0
114 212 11 1 400000000000000000000 200000000000000000000 2 1 8000 0 0 400000000000000000000 1 0
114 212 11 1 400000000000000000000 200000000000000000000 2 1 80000000 0 0 400000000000000000000 1 0
114 212 11 1 400000000000000000000 200000000000000000000 2 1 80000001 0 0 400000000000000000000 1 0
114 212 11 1 400000000000000000000 400000000000000000000 0 1 2 1 1 400000000000000000000 1 0
114 212 11 1 400000000000000000000 1000000000000000000000000 0 1 8000 f 1 400000000000000000000 1 0
114 212 11 1 400000000000000000000 10000000000000000000000000000 0 1 80000000 1f 1 400000000000000000000 1 0
114 212 11 1 400000000000000000001 200000000000000000000 0 1 0 0 1 400000000000000000000 1 0
114 212 11 1 400000000000000000001 200000000000000000000 0 1 1 0 1 400000000000000000000 1 0
114 212 11 1 400000000000000000001 200000000000000000000 0 1 80000001 0 1 400000000000000000000 1 0
114 212 11 1 400000000000000000001 200000000000000000000 2 1 0 0 0 400000000000000000000 1 0
114 212 11 1 400000000000000000001 200000000000000000000 2 1 1 0 0 400000000000000000000 1 0
114 212 11 1 400000000000000000001 200000000000000000000 2 1 2 0 0 400000000000000000000 1 0
114 212 11 1 400000000000000000001 200000000000000000000 2 1 8000 0 0 400000000000000000000 1 0
114 212 11 1 400000000000000000001 200000000000000000000 2 1 80000000 0 0 400000000000000000000 1 0
114 212 11 1 400000000000000000001 200000000000000000000 2 1 80000001 0 0 400000000000000000000 1 0
114 212 11 1 400000000000000000001 400000000000000000000 0 1 2 1 1 400000000000000000000 1 0
114 212 11 1 400000000000000000001 1000000000000000000000000 0 1 8000 f 1 400000000000000000000 1 0
114 212 11 1 400000000000000000001 10000000000000000000000000000 0 1 80000000 1f 1 400000000000000000000 1 0
114 212 11 1 ffffffffffffffffffffffff 200000000000000000000 0 1 0 0 1 800000000000000000000000 e 0
114 212 11 1 ffffffffffffffffffffffff 200000000000000000000 0 1 1 0 1 800000000000000000000000 e 0
114 212 11 1 ffffffffffffffffffffffff 200000000000000000000 0 1 80000001 0 1 800000000000000000000000 e 0
114 212 11 1 ffffffffffffffffffffffff 200000000000000000000 2 1 0 0 0 800000000000000000000000 e 0
114 212 11 1 ffffffffffffffffffffffff 200000000000000000000 2 1 1 0 0 800000000000000000000000 e 0
114 212 11 1 ffffffffffffffffffffffff 200000000000000000000 2 1 2 0 0 800000000000000000000000 e 0
114 212 11 1 ffffffffffffffffffffffff 200000000000000000000 2 1 8000 0 0 800000000000000000000000 e 0
114 212 11 1 ffffffffffffffffffffffff 200000000000000000000 2 1 80000000 0 0 800000000000000000000000 e 0
114 212 11 1 ffffffffffffffffffffffff 200000000000000000000 2 1 80000001 0 0 800000000000000000000000 e 0
114 212 11 1 ffffffffffffffffffffffff 400000000000000000000 0 1 2 1 1 800000000000000000000000 e 0
114 212 11 1 ffffffffffffffffffffffff 1000000000000000000000000 0 1 8000 f 1 800000000000000000000000 e 0
114 212 11 1 ffffffffffffffffffffffff 10000000000000000000000000000 0 1 80000000 1f 1 800000000000000000000000 e 0
114 212 11 1 1000000000000000000000000 200000000000000000000 0 1 0 0 1 1000000000000000000000000 f 0
114 212 11 1 1000000000000000000000000 200000000000000000000 0 1 1 0 1 1000000000000000000000000 f 0
114 212 11 1 1000000000000000000000000 200000000000000000000 0 1 80000001 0 1 1000000000000000000000000 f 0
114 212 11 1 1000000000000000000000000 200000000000000000000 2 1 0 0 0 1000000000000000000000000 f 0
114 212 11 1 1000000000000000000000000 200000000000000000000 2 1 1 0 0 1000000000000000000000000 f 0
114 212 11 1 1000000000000000000000000 200000000000000000000 2 1 2 0 0 1000000000000000000000000 f 0
114 212 11 1 1000000000000000000000000 200000000000000000000 2 1 8000 0 0 1000000000000000000000000 f 0
114 212 11 1 1000000000000000000000000 200000000000000000000 2 1 80000000 0 0 1000000000000000000000000 f 0
114 212 11 1 1000000000000000000000000 200000000000000000000 2 1 80000001 0 0 1000000000000000000000000 f 0
114 212 11 1 1000000000000000000000000 400000000000000000000 0 1 2 1 1 1000000000000000000000000 f 0
114 212 11 1 1000000000000000000000000 1000000000000000000000000 0 1 8000 f 1 1000000000000000000000000 f 0
114 212 11 1 1000000000000000000000000 10000000000000000000000000000 0 1 80000000 1f 1 1000000000000000000000000 f 0
114 212 11 1 1000000000000000000000001 200000000000000000000 0 1 0 0 1 1000000000000000000000000 f 0
114 212 11 1 1000000000000000000000001 200000000000000000000 0 1 1 0 1 1000000000000000000000000 f 0
114 212 11 1 1000000000000000000000001 200000000000000000000 0 1 80000001 0 1 1000000000000000000000000 f 0
114 212 11 1 1000000000000000000000001 200000000000000000000 2 1 0 0 0 1000000000000000000000000 f 0
114 212 11 1 1000000000000000000000001 200000000000000000000 2 1 1 0 0 1000000000000000000000000 f 0
114 212 11 1 1000000000000000000000001 200000000000000000000 2 1 2 0 0 1000000000000000000000000 f 0
114 212 11 1 1000000000000000000000001 200000000000000000000 2 1 8000 0 0 1000000000000000000000000 f 0
114 212 11 1 1000000000000000000000001 200000000000000000000 2 1 80000000 0 0 1000000000000000000000000 f 0
114 212 11 1 1000000000000000000000001 200000000000000000000 2 1 80000001 0 0 1000000000000000000000000 f 0
114 212 11 1 1000000000000000000000001 400000000000000000000 0 1 2 1 1 1000000000000000000000000 f 0
114 212 11 1 1000000000000000000000001 1000000000000000000000000 0 1 8000 f 1 1000000000000000000000000 f 0
114 212 11 1 1000000000000000000000001 10000000000000000000000000000 0 1 80000000 1f 1 1000000000000000000000000 f 0
114 212 11 1 ffffffffffffffffffffffffffff 200000000000000000000 0 1 0 0 1 8000000000000000000000000000 1e 0
114 212 11 1 ffffffffffffffffffffffffffff 200000000000000000000 0 1 1 0 1 8000000000000000000000000000 1e 0
114 212 11 1 ffffffffffffffffffffffffffff 200000000000000000000 0 1 80000001 0 1 8000000000000000000000000000 1e 0
114 212 11 1 ffffffffffffffffffffffffffff 200000000000000000000 2 1 0 0 0 8000000000000000000000000000 1e 0
114 212 11 1 ffffffffffffffffffffffffffff 200000000000000000000 2 1 1 0 0 8000000000000000000000000000 1e 0
114 212 11 1 ffffffffffffffffffffffffffff 200000000000000000000 2 1 2 0 0 8000000000000000000000000000 1e 0
114 212 11 1 ffffffffffffffffffffffffffff 200000000000000000000 2 1 8000 0 0 8000000000000000000000000000 1e 0
114 212 11 1 ffffffffffffffffffffffffffff 200000000000000000000 2 1 80000000 0 0 8000000000000000000000000000 1e 0
114 212 11 1 ffffffffffffffffffffffffffff 200000000000000000000 2 1 80000001 0 0 8000000000000000000000000000 1e 0
114 212 11 1 ffffffffffffffffffffffffffff 400000000000000000000 0 1 2 1 1 8000000000000000000000000000 1e 0
114 212 11 1 ffffffffffffffffffffffffffff 1000000000000000000000000 0 1 8000 f 1 8000000000000000000000000000 1e 0
114 212 11 1 ffffffffffffffffffffffffffff 10000000000000000000000000000 0 1 0 0 1 10000000000000000000000000000 0 1
114 212 11 1 ffffffffffffffffffffffffffff 10000000000000000000000000000 0 1 1 0 1 10000000000000000000000000000 0 1
114 212 11 1 ffffffffffffffffffffffffffff 10000000000000000000000000000 0 1 80000000 1f 1 8000000000000000000000000000 1e 0
114 212 11 1 ffffffffffffffffffffffffffff 10000000000000000000000000000 0 1 80000001 0 1 10000000000000000000000000000 0 1
114 212 11 1 ffffffffffffffffffffffffffff 10000000000000000000000000000 2 1 0 0 0 10000000000000000000000000000 0 1
114 212 11 1 ffffffffffffffffffffffffffff 10000000000000000000000000000 2 1 1 0 0 10000000000000000000000000000 0 1
114 212 11 1 ffffffffffffffffffffffffffff 10000000000000000000000000000 2 1 2 0 0 10000000000000000000000000000 0 1
114 212 11 1 ffffffffffffffffffffffffffff 10000000000000000000000000000 2 1 8000 0 0 10000000000000000000000000000 0 1
114 212 11 1 ffffffffffffffffffffffffffff 10000000000000000000000000000 2 1 80000000 0 0 10000000000000000000000000000 0 1
114 212 11 1 ffffffffffffffffffffffffffff 10000000000000000000000000000 2 1 80000001 0 0 10000000000000000000000000000 0 1
114 212 11 1 ffffffffffffffffffffffffffff 20000000000000000000000000000 0 1 2 1 1 10000000000000000000000000000 0 1
114 212 11 1 10000000000000000000000000000 200000000000000000000 0 1 0 0 1 10000000000000000000000000000 1f 0
114 212 11 1 10000000000000000000000000000 200000000000000000000 0 1 1 0 1 10000000000000000000000000000 1f 0
114 212 11 1 10000000000000000000000000000 200000000000000000000 0 1 80000001 0 1 10000000000000000000000000000 1f 0
114 212 11 1 10000000000000000000000000000 200000000000000000000 2 1 0 0 0 10000000000000000000000000000 1f 0
114 212 11 1 10000000000000000000000000000 200000000000000000000 2 1 1 0 0 10000000000000000000000000000 1f 0
114 212 11 1 10000000000000000000000000000 200000000000000000000 2 1 2 0 0 10000000000000000000000000000 1f 0
114 212 11 1 10000000000000000000000000000 200000000000000000000 2 1 8000 0 0 10000000000000000000000000000 1f 0
114 212 11 1 10000000000000000000000000000 200000000000000000000 2 1 80000000 0 0 10000000000000000000000000000 1f 0
114 212 11 1 10000000000000000000000000000 200000000000000000000 2 1 80000001 0 0 10000000000000000000000000000 1f 0
114 212 11 1 10000000000000000000000000000 400000000000000000000 0 1 2 1 1 10000000000000000000000000000 1f 0
114 212 11 1 10000000000000000000000000000 1000000000000000000000000 0 1 8000 f 1 10000000000000000000000000000 1f 0
114 212 11 1 10000000000000000000000000000 10000000000000000000000000000 0 1 0 0 1 10000000000000000000000000000 0 0
114 212 11 1 10000000000000000000000000000 10000000000000000000000000000 0 1 1 0 1 10000000000000000000000000000 0 0
114 212 11 1 10000000000000000000000000000 10000000000000000000000000000 0 1 80000000 1f 1 10000000000000000000000000000 1f 0
114 212 11 1 10000000000000000000000000000 10000000000000000000000000000 0 1 80000001 0 1 10000000000000000000000000000 0 0
114 212 11 1 10000000000000000000000000000 10000000000000000000000000000 2 1 0 0 0 10000000000000000000000000000 0 0
114 212 11 1 10000000000000000000000000000 10000000000000000000000000000 2 1 1 0 0 10000000000000000000000000000 0 0
114 212 11 1 10000000000000000000000000000 10000000000000000000000000000 2 1 2 0 0 10000000000000000000000000000 0 0
114 212 11 1 10000000000000000000000000000 10000000000000000000000000000 2 1 8000 0 0 10000000000000000000000000000 0 0
114 212 11 1 10000000000000000000000000000 10000000000000000000000000000 2 1 80000000 0 0 10000000000000000000000000000 0 0
114 212 11 1 10000000000000000000000000000 10000000000000000000000000000 2 1 80000001 0 0 10000000000000000000000000000 0 0
114 212 11 1 10000000000000000000000000000 20000000000000000000000000000 0 1 2 1 1 10000000000000000000000000000 0 0
114 212 11 1 10000000000000000000000000001 200000000000000000000 0 1 0 0 1 10000000000000000000000000000 1f 0
114 212 11 1 10000000000000000000000000001 200000000000000000000 0 1 1 0 1 10000000000000000000000000000 1f 0
114 212 11 1 10000000000000000000000000001 200000000000000000000 0 1 80000001 0 1 10000000000000000000000000000 1f 0
114 212 11 1 10000000000000000000000000001 200000000000000000000 2 1 0 0 0 10000000000000000000000000000 1f 0
114 212 11 1 10000000000000000000000000001 200000000000000000000 2 1 1 0 0 10000000000000000000000000000 1f 0
114 212 11 1 10000000000000000000000000001 200000000000000000000 2 1 2 0 0 10000000000000000000000000000 1f 0
114 212 11 1 10000000000000000000000000001 200000000000000000000 2 1 8000 0 0 10000000000000000000000000000 1f 0
114 212 11 1 10000000000000000000000000001 200000000000000000000 2 1 80000000 0 0 10000000000000000000000000000 1f 0
114 212 11 1 10000000000000000000000000001 200000000000000000000 2 1 80000001 0 0 10000000000000000000000000000 1f 0
114 212 11 1 10000000000000000000000000001 400000000000000000000 0 1 2 1 1 10000000000000000000000000000 1f 0
114 212 11 1 10000000000000000000000000001 1000000000000000000000000 0 1 8000 f 1 10000000000000000000000000000 1f 0
114 212 11 1 10000000000000000000000000001 10000000000000000000000000000 0 1 0 0 1 10000000000000000000000000000 0 0
114 212 11 1 10000000000000000000000000001 10000000000000000000000000000 0 1 1 0 1 10000000000000000000000000000 0 0
114 212 11 1 10000000000000000000000000001 10000000000000000000000000000 0 1 80000000 1f 1 10000000000000000000000000000 1f 0
114 212 11 1 10000000000000000000000000001 10000000000000000000000000000 0 1 80000001 0 1 10000000000000000000000000000 0 0
114 212 11 1 10000000000000000000000000001 10000000000000000000000000000 2 1 0 0 0 10000000000000000000000000000 0 0
114 212 11 1 10000000000000000000000000001 10000000000000000000000000000 2 1 1 0 0 10000000000000000000000000000 0 0
114 212 11 1 10000000000000000000000000001 10000000000000000000000000000 2 1 2 0 0 10000000000000000000000000000 0 0
114 212 11 1 10000000000000000000000000001 10000000000000000000000000000 2 1 8000 0 0 10000000000000000000000000000 0 0
114 212 11 1 10000000000000000000000000001 10000000000000000000000000000 2 1 80000000 0 0 10000000000000000000000000000 0 0
114 212 11 1 10000000000000000000000000001 10000000000000000000000000000 2 1 80000001 0 0 10000000000000000000000000000 0 0
114 212 11 1 10000000000000000000000000001 20000000000000000000000000000 0 1 2 1 1 10000000000000000000000000000 0 0
114 212 11 1 1ffffffffffffffffffffffffffff 10000000000000000000000000000 0 1 0 0 1 10000000000000000000000000000 0 0
114 212 11 1 1ffffffffffffffffffffffffffff 10000000000000000000000000000 0 1 1 0 1 10000000000000000000000000000 0 0
114 212 11 1 1ffffffffffffffffffffffffffff 10000000000000000000000000000 0 1 80000001 0 1 10000000000000000000000000000 0 0
114 212 11 1 1ffffffffffffffffffffffffffff 10000000000000000000000000000 2 1 0 0 0 10000000000000000000000000000 0 0
114 212 11 1 1ffffffffffffffffffffffffffff 10000000000000000000000000000 2 1 1 0 0 10000000000000000000000000000 0 0
114 212 11 1 1ffffffffffffffffffffffffffff 10000000000000000000000000000 2 1 2 0 0 10000000000000000000000000000 0 0
114 212 11 1 1ffffffffffffffffffffffffffff 10000000000000000000000000000 2 1 8000 0 0 10000000000000000000000000000 0 0
114 212 11 1 1ffffffffffffffffffffffffffff 10000000000000000000000000000 2 1 80000000 0 0 10000000000000000000000000000 0 0
114 212 11 1 1ffffffffffffffffffffffffffff 10000000000000000000000000000 2 1 80000001 0 0 10000000000000000000000000000 0 0
114 212 11 1 1ffffffffffffffffffffffffffff 20000000000000000000000000000 0 1 2 1 1 10000000000000000000000000000 0 0
114 212 11 1 20000000000000000000000000000 10000000000000000000000000000 0 1 0 0 1 20000000000000000000000000000 1 0
114 212 11 1 20000000000000000000000000000 10000000000000000000000000000 0 1 1 0 1 20000000000000000000000000000 1 0
114 212 11 1 20000000000000000000000000000 10000000000000000000000000000 0 1 80000001 0 1 20000000000000000000000000000 1 0
114 212 11 1 20000000000000000000000000000 10000000000000000000000000000 2 1 0 0 0 20000000000000000000000000000 1 0
114 212 11 1 20000000000000000000000000000 10000000000000000000000000000 2 1 1 0 0 20000000000000000000000000000 1 0
114 212 11 1 20000000000000000000000000000 10000000000000000000000000000 2 1 2 0 0 20000000000000000000000000000 1 0
114 212 11 1 20000000000000000000000000000 10000000000000000000000000000 2 1 8000 0 0 20000000000000000000000000000 1 0
114 212 11 1 20000000000000000000000000000 10000000000000000000000000000 2 1 80000000 0 0 20000000000000000000000000000 1 0
114 212 11 1 20000000000000000000000000000 10000000000000000000000000000 2 1 80000001 0 0 20000000000000000000000000000 1 0
114 212 11 1 20000000000000000000000000000 20000000000000000000000000000 0 1 2 1 1 20000000000000000000000000000 1 0
114 212 11 1 20000000000000000000000000001 10000000000000000000000000000 0 1 0 0 1 20000000000000000000000000000 1 0
114 212 11 1 20000000000000000000000000001 10000000000000000000000000000 0 1 1 0 1 20000000000000000000000000000 1 0
114 212 11 1 20000000000000000000000000001 10000000000000000000000000000 0 1 80000001 0 1 20000000000000000000000000000 1 0
114 212 11 1 20000000000000000000000000001 10000000000000000000000000000 2 1 0 0 0 20000000000000000000000000000 1 0
114 212 11 1 20000000000000000000000000001 10000000000000000000000000000 2 1 1 0 0 20000000000000000000000000000 1 0
114 212 11 1 20000000000000000000000000001 10000000000000000000000000000 2 1 2 0 0 20000000000000000000000000000 1 0
114 212 11 1 20000000000000000000000000001 10000000000000000000000000000 2 1 8000 0 0 20000000000000000000000000000 1 0
114 212 11 1 20000000000000000000000000001 10000000000000000000000000000 2 1 80000000 0 0 20000000000000000000000000000 1 0
114 212 11 1 20000000000000000000000000001 10000000000000000000000000000 2 1 80000001 0 0 20000000000000000000000000000 1 0
114 212 11 1 20000000000000000000000000001 20000000000000000000000000000 0 1 2 1 1 20000000000000000000000000000 1 0
138 184 39 1 0 8000000000 0 1 0 0 1 8000000000 0 1
138 184 39 1 0 8000000000 0 1 1 0 1 8000000000 0 1
138 184 39 1 0 8000000000 0 1 80000001 0 1 8000000000 0 1
138 184 39 1 0 8000000000 2 1 0 0 0 8000000000 0 1
138 184 39 1 0 8000000000 2 1 1 0 0 8000000000 0 1
138 184 39 1 0 8000000000 2 1 2 0 0 8000000000 0 1
138 184 39 1 0 8000000000 2 1 8000 0 0 8000000000 0 1
138 184 39 1 0 8000000000 2 1 80000000 0 0 8000000000 0 1
138 184 39 1 0 8000000000 2 1 80000001 0 0 8000000000 0 1
138 184 39 1 0 8000000001 0 1 0 0 1 8000000001 0 1
138 184 39 1 0 8000000001 0 1 1 0 1 8000000001 0 1
138 184 39 1 0 8000000001 0 1 80000001 0 1 8000000001 0 1
138 184 39 1 0 8000000001 2 1 0 0 0 8000000001 0 1
138 184 39 1 0 8000000001 2 1 1 0 0 8000000001 0 1
138 184 39 1 0 8000000001 2 1 2 0 0 8000000001 0 1
138 184 39 1 0 8000000001 2 1 8000 0 0 8000000001 0 1
138 184 39 1 0 8000000001 2 1 80000000 0 0 8000000001 0 1
138 184 39 1 0 8000000001 2 1 80000001 0 0 8000000001 0 1
138 184 39 1 0 10000000000 0 1 2 1 1 8000000000 0 1
138 184 39 1 0 10000000002 0 1 2 1 1 8000000001 0 1
138 184 39 1 0 40000000000000 0 1 8000 f 1 8000000000 0 1
138 184 39 1 0 40000000008000 0 1 8000 f 1 8000000001 0 1
138 184 39 1 0 400000000000000000 0 1 80000000 1f 1 8000000000 0 1
138 184 39 1 0 400000000080000000 0 1 80000000 1f 1 8000000001 0 1
138 184 39 1 0 200000000000000000000000000 0 1 0 0 1 200000000000000000000000000 0 1
138 184 39 1 0 200000000000000000000000000 0 1 1 0 1 200000000000000000000000000 0 1
138 184 39 1 0 200000000000000000000000000 0 1 80000001 0 1 200000000000000000000000000 0 1
138 184 39 1 0 200000000000000000000000000 2 1 0 0 0 200000000000000000000000000 0 1
138 184 39 1 0 200000000000000000000000000 2 1 1 0 0 200000000000000000000000000 0 1
138 184 39 1 0 200000000000000000000000000 2 1 2 0 0 200000000000000000000000000 0 1
138 184 39 1 0 200000000000000000000000000 2 1 8000 0 0 200000000000000000000000000 0 1
138 184 39 1 0 200000000000000000000000000 2 1 80000000 0 0 200000000000000000000000000 0 1
138 184 39 1 0 200000000000000000000000000 2 1 80000001 0 0 200000000000000000000000000 0 1
138 184 39 1 0 400000000000000000000000000 0 1 2 1 1 200000000000000000000000000 0 1
138 184 39 1 0 1000000000000000000000000000000 0 1 8000 f 1 200000000000000000000000000 0 1
138 184 39 1 0 10000000000000000000000000000000000 0 1 0 0 1 10000000000000000000000000000000000 0 1
138 184 39 1 0 10000000000000000000000000000000000 0 1 1 0 1 10000000000000000000000000000000000 0 1
138 184 39 1 0 10000000000000000000000000000000000 0 1 80000000 1f 1 200000000000000000000000000 0 1
138 184 39 1 0 10000000000000000000000000000000000 0 1 80000001 0 1 10000000000000000000000000000000000 0 1
138 184 39 1 0 10000000000000000000000000000000000 2 1 0 0 0 10000000000000000000000000000000000 0 1
138 184 39 1 0 10000000000000000000000000000000000 2 1 1 0 0 10000000000000000000000000000000000 0 1
138 184 39 1 0 10000000000000000000000000000000000 2 1 2 0 0 10000000000000000000000000000000000 0 1
138 184 39 1 0 10000000000000000000000000000000000 2 1 8000 0 0 10000000000000000000000000000000000 0 1
138 184 39 1 0 10000000000000000000000000000000000 2 1 80000000 0 0 10000000000000000000000000000000000 0 1
138 184 39 1 0 10000000000000000000000000000000000 2 1 80000001 0 0 10000000000000000000000000000000000 0 1
138 184 39 1 0 20000000000000000000000000000000000 0 1 2 1 1 10000000000000000000000000000000000 0 1
138 184 39 1 7fffffffff 8000000000 0 1 0 0 1 8000000000 0 1
138 184 39 1 7fffffffff 8000000000 0 1 1 0 1 8000000000 0 1
138 184 39 1 7fffffffff 8000000000 0 1 80000001 0 1 8000000000 0 1
138 184 39 1 7fffffffff 8000000000 2 1 0 0 0 8000000000 0 1
138 184 39 1 7fffffffff 8000000000 2 1 1 0 0 8000000000 0 1
138 184 39 1 7fffffffff 8000000000 2 1 2 0 0 8000000000 0 1
138 184 39 1 7fffffffff 8000000000 2 1 8000 0 0 8000000000 0 1
138 184 39 1 7fffffffff 8000000000 2 1 80000000 0 0 8000000000 0 1
138 184 39 1 7fffffffff 8000000000 2 1 80000001 0 0 8000000000 0 1
138 184 39 1 7fffffffff 10000000000 0 1 2 1 1 8000000000 0 1
138 184 39 1 7fffffffff 40000000000000 0 1 8000 f 1 8000000000 0 1
138 184 39 1 7fffffffff 400000000000000000 0 1 80000000 1f 1 8000000000 0 1
138 184 39 1 8000000000 8000000000 0 1 0 0 1 8000000000 0 0
138 184 39 1 8000000000 8000000000 0 1 1 0 1 8000000000 0 0
138 184 39 1 8000000000 8000000000 0 1 80000001 0 1 8000000000 0 0
138 184 39 1 8000000000 8000000000 2 1 0 0 0 8000000000 0 0
138 184 39 1 8000000000 8000000000 2 1 1 0 0 8000000000 0 0
138 184 39 1 8000000000 8000000000 2 1 2 0 0 8000000000 0 0
138 184 39 1 8000000000 8000000000 2 1 8000 0 0 8000000000 0 0
138 184 39 1 8000000000 8000000000 2 1 80000000 0 0 8000000000 0 0
138 184 39 1 8000000000 8000000000 2 1 80000001 0 0 8000000000 0 0
138 184 39 1 8000000000 8000000001 0 1 0 0 1 8000000001 0 1
138 184 39 1 8000000000 8000000001 0 1 1 0 1 8000000001 0 1
138 184 39 1 8000000000 8000000001 0 1 80000001 0 1 8000000001 0 1
138 184 39 1 8000000000 8000000001 2 1 0 0 0 8000000001 0 1
138 184 39 1 8000000000 8000000001 2 1 1 0 0 8000000001 0 1
138 184 39 1 8000000000 8000000001 2 1 2 0 0 8000000001 0 1
138 184 39 1 8000000000 8000000001 2 1 8000 0 0 8000000001 0 1
138 184 39 1 8000000000 8000000001 2 1 80000000 0 0 8000000001 0 1
138 184 39 1 8000000000 8000000001 2 1 80000001 0 0 8000000001 0 1
138 184 39 1 8000000000 10000000000 0 1 2 1 1 8000000000 0 0
138 184 39 1 8000000000 10000000002 0 1 2 1 1 8000000001 0 1
138 184 39 1 8000000000 40000000000000 0 1 8000 f 1 8000000000 0 0
138 184 39 1 8000000000 40000000008000 0 1 8000 f 1 8000000001 0 1
138 184 39 1 8000000000 400000000000000000 0 1 80000000 1f 1 8000000000 0 0
138 184 39 1 8000000000 400000000080000000 0 1 80000000 1f 1 8000000001 0 1
138 184 39 1 8000000001 8000000000 0 1 0 0 1 8000000000 0 0
138 184 39 1 8000000001 8000000000 0 1 1 0 1 8000000000 0 0
138 184 39 1 8000000001 8000000000 0 1 80000001 0 1 8000000000 0 0
138 184 39 1 8000000001 8000000000 2 1 0 0 0 8000000000 0 0
138 184 39 1 8000000001 8000000000 2 1 1 0 0 8000000000 0 0
138 184 39 1 8000000001 8000000000 2 1 2 0 0 8000000000 0 0
138 184 39 1 8000000001 8000000000 2 1 8000 0 0 8000000000 0 0
138 184 39 1 8000000001 8000000000 2 1 80000000 0 0 8000000000 0 0
138 184 39 1 8000000001 8000000000 2 1 80000001 0 0 8000000000 0 0
138 184 39 1 8000000001 8000000001 0 1 0 0 1 8000000001 0 0
138 184 39 1 8000000001 8000000001 0 1 1 0 1 8000000001 0 0
138 184 39 1 8000000001 8000000001 0 1 80000001 0 1 8000000001 0 0
138 184 39 1 8000000001 8000000001 2 1 0 0 0 8000000001 0 0
138 184 39 1 8000000001 8000000001 2 1 1 0 0 8000000001 0 0
138 184 39 1 8000000001 8000000001 2 1 2 0 0 8000000001 0 0
138 184 39 1 8000000001 8000000001 2 1 8000 0 0 8000000001 0 0
138 184 39 1 8000000001 8000000001 2 1 80000000 0 0 8000000001 0 0
138 184 39 1 8000000001 8000000001 2 1 80000001 0 0 8000000001 0 0
138 184 39 1 8000000001 10000000000 0 1 2 1 1 8000000000 0 0
138 184 39 1 8000000001 10000000002 0 1 2 1 1 8000000001 0 0
138 184 39 1 8000000001 40000000000000 0 1 8000 f 1 8000000000 0 0
138 184 39 1 8000000001 40000000008000 0 1 8000 f 1 8000000001 0 0
138 184 39 1 8000000001 400000000000000000 0 1 80000000 1f 1 8000000000 0 0
138 184 39 1 8000000001 400000000080000000 0 1 80000000 1f 1 8000000001 0 0
138 184 39 1 8000000002 8000000001 0 1 0 0 1 8000000001 0 0
138 184 39 1 8000000002 8000000001 0 1 1 0 1 8000000001 0 0
138 184 39 1 8000000002 8000000001 0 1 80000001 0 1 8000000001 0 0
138 184 39 1 8000000002 8000000001 2 1 0 0 0 8000000001 0 0
138 184 39 1 8000000002 8000000001 2 1 1 0 0 8000000001 0 0
138 184 39 1 8000000002 8000000001 2 1 2 0 0 8000000001 0 0
138 184 39 1 8000000002 8000000001 2 1 8000 0 0 8000000001 0 0
138 184 39 1 8000000002 8000000001 2 1 80000000 0 0 8000000001 0 0
138 184 39 1 8000000002 8000000001 2 1 80000001 0 0 8000000001 0 0
138 184 39 1 8000000002 10000000002 0 1 2 1 1 8000000001 0 0
138 184 39 1 8000000002 40000000008000 0 1 8000 f 1 8000000001 0 0
138 184 39 1 8000000002 400000000080000000 0 1 80000000 1f 1 8000000001 0 0
138 184 39 1 ffffffffff 8000000000 0 1 0 0 1 8000000000 0 0
138 184 39 1 ffffffffff 8000000000 0 1 1 0 1 8000000000 0 0
138 184 39 1 ffffffffff 8000000000 0 1 80000001 0 1 8000000000 0 0
138 184 39 1 ffffffffff 8000000000 2 1 0 0 0 8000000000 0 0
138 184 39 1 ffffffffff 8000000000 2 1 1 0 0 8000000000 0 0
138 184 39 1 ffffffffff 8000000000 2 1 2 0 0 8000000000 0 0
138 184 39 1 ffffffffff 8000000000 2 1 8000 0 0 8000000000 0 0
138 184 39 1 ffffffffff 8000000000 2 1 80000000 0 0 8000000000 0 0
138 184 39 1 ffffffffff 8000000000 2 1 80000001 0 0 8000000000 0 0
138 184 39 1 ffffffffff 10000000000 0 1 2 1 1 8000000000 0 0
138 184 39 1 ffffffffff 40000000000000 0 1 8000 f 1 8000000000 0 0
138 184 39 1 ffffffffff 400000000000000000 0 1 80000000 1f 1 8000000000 0 0
138 184 39 1 10000000000 8000000000 0 1 0 0 1 10000000000 1 0
138 184 39 1 10000000000 8000000000 0 1 1 0 1 10000000000 1 0
138 184 39 1 10000000000 8000000000 0 1 80000001 0 1 10000000000 1 0
138 184 39 1 10000000000 8000000000 2 1 0 0 0 10000000000 1 0
138 184 39 1 10000000000 8000000000 2 1 1 0 0 10000000000 1 0
138 184 39 1 10000000000 8000000000 2 1 2 0 0 10000000000 1 0
138 184 39 1 10000000000 8000000000 2 1 8000 0 0 10000000000 1 0
138 184 39 1 10000000000 8000000000 2 1 80000000 0 0 10000000000 1 0
138 184 39 1 10000000000 8000000000 2 1 80000001 0 0 10000000000 1 0
138 184 39 1 10000000000 10000000000 0 1 2 1 1 10000000000 1 0
138 184 39 1 10000000000 40000000000000 0 1 8000 f 1 10000000000 1 0
138 184 39 1 10000000000 400000000000000000 0 1 80000000 1f 1 10000000000 1 0
138 184 39 1 10000000001 8000000000 0 1 0 0 1 10000000000 1 0
138 184 39 1 10000000001 8000000000 0 1 1 0 1 10000000000 1 0
138 184 39 1 10000000001 8000000000 0 1 80000001 0 1 10000000000 1 0
138 184 39 1 10000000001 8000000000 2 1 0 0 0 10000000000 1 0
138 184 39 1 10000000001 8000000000 2 1 1 0 0 10000000000 1 0
138 184 39 1 10000000001 8000000000 2 1 2 0 0 10000000000 1 0
138 184 39 1 10000000001 8000000000 2 1 8000 0 0 10000000000 1 0
138 184 39 1 10000000001 8000000000 2 1 80000000 0 0 10000000000 1 0
138 184 39 1 10000000001 8000000000 2 1 80000001 0 0 10000000000 1 0
138 184 39 1 10000000001 8000000001 0 1 0 0 1 8000000001 0 0
138 184 39 1 10000000001 8000000001 0 1 1 0 1 8000000001 0 0
138 184 39 1 10000000001 8000000001 0 1 80000001 0 1 8000000001 0 0
138 184 39 1 10000000001 8000000001 2 1 0 0 0 8000000001 0 0
138 184 39 1 10000000001 8000000001 2 1 1 0 0 8000000001 0 0
138 184 39 1 10000000001 8000000001 2 1 2 0 0 8000000001 0 0
138 184 39 1 10000000001 8000000001 2 1 8000 0 0 8000000001 0 0
138 184 39 1 10000000001 8000000001 2 1 80000000 0 0 8000000001 0 0
138 184 39 1 10000000001 8000000001 2 1 80000001 0 0 8000000001 0 0
138 184 39 1 10000000001 10000000000 0 1 2 1 1 10000000000 1 0
138 184 39 1 10000000001 10000000002 0 1 2 1 1 8000000001 0 0
138 184 39 1 10000000001 40000000000000 0 1 8000 f 1 10000000000 1 0
138 184 39 1 10000000001 40000000008000 0 1 8000 f 1 8000000001 0 0
138 184 39 1 10000000001 400000000000000000 0 1 80000000 1f 1 10000000000 1 0
138 184 39 1 10000000001 400000000080000000 0 1 80000000 1f 1 8000000001 0 0
138 184 39 1 10000000002 8000000001 0 1 0 0 1 10000000002 1 0
138 184 39 1 10000000002 8000000001 0 1 1 0 1 10000000002 1 0
138 184 39 1 10000000002 8000000001 0 1 80000001 0 1 10000000002 1 0
138 184 39 1 10000000002 8000000001 2 1 0 0 0 10000000002 1 0
138 184 39 1 10000000002 8000000001 2 1 1 0 0 10000000002 1 0
138 184 39 1 10000000002 8000000001 2 1 2 0 0 10000000002 1 0
138 184 39 1 10000000002 8000000001 2 1 8000 0 0 10000000002 1 0
138 184 39 1 10000000002 8000000001 2 1 80000000 0 0 10000000002 1 0
138 184 39 1 10000000002 8000000001 2 1 80000001 0 0 10000000002 1 0
138 184 39 1 10000000002 10000000002 0 1 2 1 1 10000000002 1 0
138 184 39 1 10000000002 40000000008000 0 1 8000 f 1 10000000002 1 0
138 184 39 1 10000000002 400000000080000000 0 1 80000000 1f 1 10000000002 1 0
138 184 39 1 10000000003 8000000001 0 1 0 0 1 10000000002 1 0
138 184 39 1 10000000003 8000000001 0 1 1 0 1 10000000002 1 0
138 184 39 1 10000000003 8000000001 0 1 80000001 0 1 10000000002 1 0
138 184 39 1 10000000003 8000000001 2 1 0 0 0 10000000002 1 0
138 184 39 1 10000000003 8000000001 2 1 1 0 0 10000000002 1 0
138 184 39 1 10000000003 8000000001 2 1 2 0 0 10000000002 1 0
138 184 39 1 10000000003 8000000001 2 1 8000 0 0 10000000002 1 0
138 184 39 1 10000000003 8000000001 2 1 80000000 0 0 10000000002 1 0
138 184 39 1 10000000003 8000000001 2 1 80000001 0 0 10000000002 1 0
138 184 39 1 10000000003 10000000002 0 1 2 1 1 10000000002 1 0
138 184 39 1 10000000003 40000000008000 0 1 8000 f 1 10000000002 1 0
138 184 39 1 10000000003 400000000080000000 0 1 80000000 1f 1 10000000002 1 0
138 184 39 1 3fffffffffffff 8000000000 0 1 0 0 1 20000000000000 e 0
138 184 39 1 3fffffffffffff 8000000000 0 1 1 0 1 20000000000000 e 0
138 184 39 1 3fffffffffffff 8000000000 0 1 80000001 0 1 20000000000000 e 0
138 184 39 1 3fffffffffffff 8000000000 2 1 0 0 0 20000000000000 e 0
138 184 39 1 3fffffffffffff 8000000000 2 1 1 0 0 20000000000000 e 0
138 184 39 1 3fffffffffffff 8000000000 2 1 2 0 0 20000000000000 e 0
138 184 39 1 3fffffffffffff 8000000000 2 1 8000 0 0 20000000000000 e 0
138 184 39 1 3fffffffffffff 8000000000 2 1 80000000 0 0 20000000000000 e 0
138 184 39 1 3fffffffffffff 8000000000 2 1 80000001 0 0 20000000000000 e 0
138 184 39 1 3fffffffffffff 10000000000 0 1 2 1 1 20000000000000 e 0
138 184 39 1 3fffffffffffff 40000000000000 0 1 8000 f 1 20000000000000 e 0
138 184 39 1 3fffffffffffff 400000000000000000 0 1 80000000 1f 1 20000000000000 e 0
138 184 39 1 40000000000000 8000000000 0 1 0 0 1 40000000000000 f 0
138 184 39 1 40000000000000 8000000000 0 1 1 0 1 40000000000000 f 0
138 184 39 1 40000000000000 8000000000 0 1 80000001 0 1 40000000000000 f 0
138 184 39 1 40000000000000 8000000000 2 1 0 0 0 40000000000000 f 0
138 184 39 1 40000000000000 8000000000 2 1 1 0 0 40000000000000 f 0
138 184 39 1 40000000000000 8000000000 2 1 2 0 0 40000000000000 f 0
138 184 39 1 40000000000000 8000000000 2 1 8000 0 0 40000000000000 f 0
138 184 39 1 40000000000000 8000000000 2 1 80000000 0 0 40000000000000 f 0
138 184 39 1 40000000000000 8000000000 2 1 80000001 0 0 40000000000000 f 0
138 184 39 1 40000000000000 10000000000 0 1 2 1 1 40000000000000 f 0
138 184 39 1 40000000000000 40000000000000 0 1 8000 f 1 40000000000000 f 0
138 184 39 1 40000000000000 400000000000000000 0 1 80000000 1f 1 40000000000000 f 0
138 184 39 1 40000000000001 8000000000 0 1 0 0 1 40000000000000 f 0
138 184 39 1 40000000000001 8000000000 0 1 1 0 1 40000000000000 f 0
138 184 39 1 40000000000001 8000000000 0 1 80000001 0 1 40000000000000 f 0
138 184 39 1 40000000000001 8000000000 2 1 0 0 0 40000000000000 f 0
138 184 39 1 40000000000001 8000000000 2 1 1 0 0 40000000000000 f 0
138 184 39 1 40000000000001 8000000000 2 1 2 0 0 40000000000000 f 0
138 184 39 1 40000000000001 8000000000 2 1 8000 0 0 40000000000000 f 0
138 184 39 1 40000000000001 8000000000 2 1 80000000 0 0 40000000000000 f 0
138 184 39 1 40000000000001 8000000000 2 1 80000001 0 0 40000000000000 f 0
138 184 39 1 40000000000001 10000000000 0 1 2 1 1 40000000000000 f 0
138 184 39 1 40000000000001 40000000000000 0 1 8000 f 1 40000000000000 f 0
138 184 39 1 40000000000001 400000000000000000 0 1 80000000 1f 1 40000000000000 f 0
138 184 39 1 40000000007fff 8000000001 0 1 0 0 1 20000000004000 e 0
138 184 39 1 40000000007fff 8000000001 0 1 1 0 1 20000000004000 e 0
138 184 39 1 40000000007fff 8000000001 0 1 80000001 0 1 20000000004000 e 0
138 184 39 1 40000000007fff 8000000001 2 1 0 0 0 20000000004000 e 0
138 184 39 1 40000000007fff 8000000001 2 1 1 0 0 20000000004000 e 0
138 184 39 1 40000000007fff 8000000001 2 1 2 0 0 20000000004000 e 0
138 184 39 1 40000000007fff 8000000001 2 1 8000 0 0 20000000004000 e 0
138 184 39 1 40000000007fff 8000000001 2 1 80000000 0 0 20000000004000 e 0
138 184 39 1 40000000007fff 8000000001 2 1 80000001 0 0 20000000004000 e 0
138 184 39 1 40000000007fff 10000000002 0 1 2 1 1 20000000004000 e 0
138 184 39 1 40000000007fff 40000000008000 0 1 8000 f 1 20000000004000 e 0
138 184 39 1 40000000007fff 400000000080000000 0 1 80000000 1f 1 20000000004000 e 0
138 184 39 1 40000000008000 8000000001 0 1 0 0 1 40000000008000 f 0
138 184 39 1 40000000008000 8000000001 0 1 1 0 1 40000000008000 f 0
138 184 39 1 40000000008000 8000000001 0 1 80000001 0 1 40000000008000 f 0
138 184 39 1 40000000008000 8000000001 2 1 0 0 0 40000000008000 f 0
138 184 39 1 40000000008000 8000000001 2 1 1 0 0 40000000008000 f 0
138 184 39 1 40000000008000 8000000001 2 1 2 0 0 40000000008000 f 0
138 184 39 1 40000000008000 8000000001 2 1 8000 0 0 40000000008000 f 0
138 184 39 1 40000000008000 8000000001 2 1 80000000 0 0 40000000008000 f 0
138 184 39 1 40000000008000 8000000001 2 1 80000001 0 0 40000000008000 f 0
138 184 39 1 40000000008000 10000000002 0 1 2 1 1 40000000008000 f 0
138 184 39 1 40000000008000 40000000008000 0 1 8000 f 1 40000000008000 f 0
138 184 39 1 40000000008000 400000000080000000 0 1 80000000 1f 1 40000000008000 f 0
138 184 39 1 40000000008001 8000000001 0 1 0 0 1 40000000008000 f 0
138 184 39 1 40000000008001 8000000001 0 1 1 0 1 40000000008000 f 0
138 184 39 1 40000000008001 8000000001 0 1 80000001 0 1 40000000008000 f 0
138 184 39 1 40000000008001 8000000001 2 1 0 0 0 40000000008000 f 0
138 184 39 1 40000000008001 8000000001 2 1 1 0 0 40000000008000 f 0
138 184 39 1 40000000008001 8000000001 2 1 2 0 0 40000000008000 f 0
138 184 39 1 40000000008001 8000000001 2 1 8000 0 0 40000000008000 f 0
138 184 39 1 40000000008001 8000000001 2 1 80000000 0 0 40000000008000 f 0
138 184 39 1 40000000008001 8000000001 2 1 80000001 0 0 40000000008000 f 0
138 184 39 1 40000000008001 10000000002 0 1 2 1 1 40000000008000 f 0
138 184 39 1 40000000008001 40000000008000 0 1 8000 f 1 40000000008000 f 0
138 184 39 1 40000000008001 400000000080000000 0 1 80000000 1f 1 40000000008000 f 0
138 184 39 1 3fffffffffffffffff 8000000000 0 1 0 0 1 200000000000000000 1e 0
138 184 39 1 3fffffffffffffffff 8000000000 0 1 1 0 1 200000000000000000 1e 0
138 184 39 1 3fffffffffffffffff 8000000000 0 1 80000001 0 1 200000000000000000 1e 0
138 184 39 1 3fffffffffffffffff 8000000000 2 1 0 0 0 200000000000000000 1e 0
138 184 39 1 3fffffffffffffffff 8000000000 2 1 1 0 0 200000000000000000 1e 0
138 184 39 1 3fffffffffffffffff 8000000000 2 1 2 0 0 200000000000000000 1e 0
138 184 39 1 3fffffffffffffffff 8000000000 2 1 8000 0 0 200000000000000000 1e 0
138 184 39 1 3fffffffffffffffff 8000000000 2 1 80000000 0 0 200000000000000000 1e 0
138 184 39 1 3fffffffffffffffff 8000000000 2 1 80000001 0 0 200000000000000000 1e 0
138 184 39 1 3fffffffffffffffff 10000000000 0 1 2 1 1 200000000000000000 1e 0
138 184 39 1 3fffffffffffffffff 40000000000000 0 1 8000 f 1 200000000000000000 1e 0
138 184 39 1 3fffffffffffffffff 400000000000000000 0 1 80000000 1f 1 200000000000000000 1e 0
138 184 39 1 400000000000000000 8000000000 0 1 0 0 1 400000000000000000 1f 0
138 184 39 1 400000000000000000 8000000000 0 1 1 0 1 400000000000000000 1f 0
138 184 39 1 400000000000000000 8000000000 0 1 80000001 0 1 400000000000000000 1f 0
138 184 39 1 400000000000000000 8000000000 2 1 0 0 0 400000000000000000 1f 0
138 184 39 1 400000000000000000 8000000000 2 1 1 0 0 400000000000000000 1f 0
138 184 39 1 400000000000000000 8000000000 2 1 2 0 0 400000000000000000 1f 0
138 184 39 1 400000000000000000 8000000000 2 1 8000 0 0 400000000000000000 1f 0
138 184 39 1 400000000000000000 8000000000 2 1 80000000 0 0 400000000000000000 1f 0
138 184 39 1 400000000000000000 8000000000 2 1 80000001 0 0 400000000000000000 1f 0
138 184 39 1 400000000000000000 10000000000 0 1 2 1 1 400000000000000000 1f 0
138 184 39 1 400000000000000000 40000000000000 0 1 8000 f 1 400000000000000000 1f 0
138 184 39 1 400000000000000000 400000000000000000 0 1 80000000 1f 1 400000000000000000 1f 0
138 184 39 1 400000000000000001 8000000000 0 1 0 0 1 400000000000000000 1f 0
138 184 39 1 400000000000000001 8000000000 0 1 1 0 1 400000000000000000 1f 0
138 184 39 1 400000000000000001 8000000000 0 1 80000001 0 1 400000000000000000 1f 0
138 184 39 1 400000000000000001 8000000000 2 1 0 0 0 400000000000000000 1f 0
138 184 39 1 400000000000000001 8000000000 2 1 1 0 0 400000000000000000 1f 0
138 184 39 1 400000000000000001 8000000000 2 1 2 0 0 400000000000000000 1f 0
138 184 39 1 400000000000000001 8000000000 2 1 8000 0 0 400000000000000000 1f 0
138 184 39 1 400000000000000001 8000000000 2 1 80000000 0 0 400000000000000000 1f 0
138 184 39 1 400000000000000001 8000000000 2 1 80000001 0 0 400000000000000000 1f 0
138 184 39 1 400000000000000001 10000000000 0 1 2 1 1 400000000000000000 1f 0
138 184 39 1 400000000000000001 40000000000000 0 1 8000 f 1 400000000000000000 1f 0
138 184 39 1 400000000000000001 400000000000000000 0 1 80000000 1f 1 400000000000000000 1f 0
138 184 39 1 40000000007fffffff 8000000001 0 1 0 0 1 200000000040000000 1e 0
138 184 39 1 40000000007fffffff 8000000001 0 1 1 0 1 200000000040000000 1e 0
138 184 39 1 40000000007fffffff 8000000001 0 1 80000001 0 1 200000000040000000 1e 0
138 184 39 1 40000000007fffffff 8000000001 2 1 0 0 0 200000000040000000 1e 0
138 184 39 1 40000000007fffffff 8000000001 2 1 1 0 0 200000000040000000 1e 0
138 184 39 1 40000000007fffffff 8000000001 2 1 2 0 0 200000000040000000 1e 0
138 184 39 1 40000000007fffffff 8000000001 2 1 8000 0 0 200000000040000000 1e 0
138 184 39 1 40000000007fffffff 8000000001 2 1 80000000 0 0 200000000040000000 1e 0
138 184 39 1 40000000007fffffff 8000000001 2 1 80000001 0 0 200000000040000000 1e 0
138 184 39 1 40000000007fffffff 10000000002 0 1 2 1 1 200000000040000000 1e 0
138 184 39 1 40000000007fffffff 40000000008000 0 1 8000 f 1 200000000040000000 1e 0
138 184 39 1 40000000007fffffff 400000000080000000 0 1 80000000 1f 1 200000000040000000 1e 0
138 184 39 1 400000000080000000 8000000001 0 1 0 0 1 400000000080000000 1f 0
138 184 39 1 400000000080000000 8000000001 0 1 1 0 1 400000000080000000 1f 0
138 184 39 1 400000000080000000 8000000001 0 1 80000001 0 1 400000000080000000 1f 0
138 184 39 1 400000000080000000 8000000001 2 1 0 0 0 400000000080000000 1f 0
138 184 39 1 400000000080000000 8000000001 2 1 1 0 0 400000000080000000 1f 0
138 184 39 1 400000000080000000 8000000001 2 1 2 0 0 400000000080000000 1f 0
138 184 39 1 400000000080000000 8000000001 2 1 8000 0 0 400000000080000000 1f 0
138 184 39 1 400000000080000000 8000000001 2 1 80000000 0 0 400000000080000000 1f 0
138 184 39 1 400000000080000000 8000000001 2 1 80000001 0 0 400000000080000000 1f 0
138 184 39 1 400000000080000000 10000000002 0 1 2 1 1 400000000080000000 1f 0
138 184 39 1 400000000080000000 40000000008000 0 1 8000 f 1 400000000080000000 1f 0
138 184 39 1 400000000080000000 400000000080000000 0 1 80000000 1f 1 400000000080000000 1f 0
138 184 39 1 400000000080000001 8000000001 0 1 0 0 1 400000000080000000 1f 0
138 184 39 1 400000000080000001 8000000001 0 1 1 0 1 400000000080000000 1f 0
138 184 39 1 400000000080000001 8000000001 0 1 80000001 0 1 400000000080000000 1f 0
138 184 39 1 400000000080000001 8000000001 2 1 0 0 0 400000000080000000 1f 0
138 184 39 1 400000000080000001 8000000001 2 1 1 0 0 400000000080000000 1f 0
138 184 39 1 400000000080000001 8000000001 2 1 2 0 0 400000000080000000 1f 0
138 184 39 1 400000000080000001 8000000001 2 1 8000 0 0 400000000080000000 1f 0
138 184 39 1 400000000080000001 8000000001 2 1 80000000 0 0 400000000080000000 1f 0
138 184 39 1 400000000080000001 8000000001 2 1 80000001 0 0 400000000080000000 1f 0
138 184 39 1 400000000080000001 10000000002 0 1 2 1 1 400000000080000000 1f 0
138 184 39 1 400000000080000001 40000000008000 0 1 8000 f 1 400000000080000000 1f 0
138 184 39 1 400000000080000001 400000000080000000 0 1 80000000 1f 1 400000000080000000 1f 0
138 184 39 1 1ffffffffffffffffffffffffff 200000000000000000000000000 0 1 0 0 1 200000000000000000000000000 0 1
138 184 39 1 1ffffffffffffffffffffffffff 200000000000000000000000000 0 1 1 0 1 200000000000000000000000000 0 1
138 184 39 1 1ffffffffffffffffffffffffff 200000000000000000000000000 0 1 80000001 0 1 200000000000000000000000000 0 1
138 184 39 1 1ffffffffffffffffffffffffff 200000000000000000000000000 2 1 0 0 0 200000000000000000000000000 0 1
138 184 39 1 1ffffffffffffffffffffffffff 200000000000000000000000000 2 1 1 0 0 200000000000000000000000000 0 1
138 184 39 1 1ffffffffffffffffffffffffff 200000000000000000000000000 2 1 2 0 0 200000000000000000000000000 0 1
138 184 39 1 1ffffffffffffffffffffffffff 200000000000000000000000000 2 1 8000 0 0 200000000000000000000000000 0 1
138 184 39 1 1ffffffffffffffffffffffffff 200000000000000000000000000 2 1 80000000 0 0 200000000000000000000000000 0 1
138 184 39 1 1ffffffffffffffffffffffffff 200000000000000000000000000 2 1 80000001 0 0 200000000000000000000000000 0 1
138 184 39 1 1ffffffffffffffffffffffffff 400000000000000000000000000 0 1 2 1 1 200000000000000000000000000 0 1
138 184 39 1 1ffffffffffffffffffffffffff 1000000000000000000000000000000 0 1 8000 f 1 200000000000000000000000000 0 1
138 184 39 1 1ffffffffffffffffffffffffff 10000000000000000000000000000000000 0 1 80000000 1f 1 200000000000000000000000000 0 1
138 184 39 1 200000000000000000000000000 200000000000000000000000000 0 1 0 0 1 200000000000000000000000000 0 0
138 184 39 1 200000000000000000000000000 200000000000000000000000000 0 1 1 0 1 200000000000000000000000000 0 0
138 184 39 1 200000000000000000000000000 200000000000000000000000000 0 1 80000001 0 1 200000000000000000000000000 0 0
138 184 39 1 200000000000000000000000000 200000000000000000000000000 2 1 0 0 0 200000000000000000000000000 0 0
138 184 39 1 200000000000000000000000000 200000000000000000000000000 2 1 1 0 0 200000000000000000000000000 0 0
138 184 39 1 200000000000000000000000000 200000000000000000000000000 2 1 2 0 0 200000000000000000000000000 0 0
138 184 39 1 200000000000000000000000000 200000000000000000000000000 2 1 8000 0 0 200000000000000000000000000 0 0
138 184 39 1 200000000000000000000000000 200000000000000000000000000 2 1 80000000 0 0 200000000000000000000000000 0 0
138 184 39 1 200000000000000000000000000 200000000000000000000000000 2 1 80000001 0 0 200000000000000000000000000 0 0
138 184 39 1 200000000000000000000000000 400000000000000000000000000 0 1 2 1 1 200000000000000000000000000 0 0
138 184 39 1 200000000000000000000000000 1000000000000000000000000000000 0 1 8000 f 1 200000000000000000000000000 0 0
138 184 39 1 200000000000000000000000000 10000000000000000000000000000000000 0 1 80000000 1f 1 200000000000000000000000000 0 0
138 184 39 1 200000000000000000000000001 200000000000000000000000000 0 1 0 0 1 200000000000000000000000000 0 0
138 184 39 1 200000000000000000000000001 200000000000000000000000000 0 1 1 0 1 200000000000000000000000000 0 0
138 184 39 1 200000000000000000000000001 200000000000000000000000000 0 1 80000001 0 1 200000000000000000000000000 0 0
138 184 39 1 200000000000000000000000001 200000000000000000000000000 2 1 0 0 0 200000000000000000000000000 0 0
138 184 39 1 200000000000000000000000001 200000000000000000000000000 2 1 1 0 0 200000000000000000000000000 0 0
138 184 39 1 200000000000000000000000001 200000000000000000000000000 2 1 2 0 0 200000000000000000000000000 0 0
138 184 39 1 200000000000000000000000001 200000000000000000000000000 2 1 8000 0 0 200000000000000000000000000 0 0
138 184 39 1 200000000000000000000000001 200000000000000000000000000 2 1 80000000 0 0 200000000000000000000000000 0 0
138 184 39 1 200000000000000000000000001 200000000000000000000000000 2 1 80000001 0 0 200000000000000000000000000 0 0
138 184 39 1 200000000000000000000000001 400000000000000000000000000 0 1 2 1 1 200000000000000000000000000 0 0
138 184 39 1 200000000000000000000000001 1000000000000000000000000000000 0 1 8000 f 1 200000000000000000000000000 0 0
138 184 39 1 200000000000000000000000001 10000000000000000000000000000000000 0 1 80000000 1f 1 200000000000000000000000000 0 0
138 184 39 1 3ffffffffffffffffffffffffff 200000000000000000000000000 0 1 0 0 1 200000000000000000000000000 0 0
138 184 39 1 3ffffffffffffffffffffffffff 200000000000000000000000000 0 1 1 0 1 200000000000000000000000000 0 0
138 184 39 1 3ffffffffffffffffffffffffff 200000000000000000000000000 0 1 80000001 0 1 200000000000000000000000000 0 0
138 184 39 1 3ffffffffffffffffffffffffff 200000000000000000000000000 2 1 0 0 0 200000000000000000000000000 0 0
138 184 39 1 3ffffffffffffffffffffffffff 200000000000000000000000000 2 1 1 0 0 200000000000000000000000000 0 0
138 184 39 1 3ffffffffffffffffffffffffff 200000000000000000000000000 2 1 2 0 0 200000000000000000000000000 0 0
138 184 39 1 3ffffffffffffffffffffffffff 200000000000000000000000000 2 1 8000 0 0 200000000000000000000000000 0 0
138 184 39 1 3ffffffffffffffffffffffffff 200000000000000000000000000 2 1 80000000 0 0 200000000000000000000000000 0 0
138 184 39 1 3ffffffffffffffffffffffffff 200000000000000000000000000 2 1 80000001 0 0 200000000000000000000000000 0 0
138 184 39 1 3ffffffffffffffffffffffffff 400000000000000000000000000 0 1 2 1 1 200000000000000000000000000 0 0
138 184 39 1 3ffffffffffffffffffffffffff 1000000000000000000000000000000 0 1 8000 f 1 200000000000000000000000000 0 0
138 184 39 1 3ffffffffffffffffffffffffff 10000000000000000000000000000000000 0 1 80000000 1f 1 200000000000000000000000000 0 0
138 184 39 1 400000000000000000000000000 200000000000000000000000000 0 1 0 0 1 400000000000000000000000000 1 0
138 184 39 1 400000000000000000000000000 200000000000000000000000000 0 1 1 0 1 400000000000000000000000000 1 0
138 184 39 1 400000000000000000000000000 200000000000000000000000000 0 1 80000001 0 1 400000000000000000000000000 1 0
138 184 39 1 400000000000000000000000000 200000000000000000000000000 2 1 0 0 0 400000000000000000000000000 1 0
138 184 39 1 400000000000000000000000000 200000000000000000000000000 2 1 1 0 0 400000000000000000000000000 1 0
138 184 39 1 400000000000000000000000000 200000000000000000000000000 2 1 2 0 0 400000000000000000000000000 1 0
138 184 39 1 400000000000000000000000000 200000000000000000000000000 2 1 8000 0 0 400000000000000000000000000 1 0
138 184 39 1 400000000000000000000000000 200000000000000000000000000 2 1 80000000 0 0 400000000000000000000000000 1 0
138 184 39 1 400000000000000000000000000 200000000000000000000000000 2 1 80000001 0 0 400000000000000000000000000 1 0
138 184 39 1 400000000000000000000000000 400000000000000000000000000 0 1 2 1 1 400000000000000000000000000 1 0
138 184 39 1 400000000000000000000000000 1000000000000000000000000000000 0 1 8000 f 1 400000000000000000000000000 1 0
138 184 39 1 400000000000000000000000000 10000000000000000000000000000000000 0 1 80000000 1f 1 400000000000000000000000000 1 0
138 184 39 1 400000000000000000000000001 200000000000000000000000000 0 1 0 0 1 400000000000000000000000000 1 0
138 184 39 1 400000000000000000000000001 200000000000000000000000000 0 1 1 0 1 400000000000000000000000000 1 0
138 184 39 1 400000000000000000000000001 200000000000000000000000000 0 1 80000001 0 1 400000000000000000000000000 1 0
138 184 39 1 400000000000000000000000001 200000000000000000000000000 2 1 0 0 0 400000000000000000000000000 1 0
138 184 39 1 400000000000000000000000001 200000000000000000000000000 2 1 1 0 0 400000000000000000000000000 1 0
138 184 39 1 400000000000000000000000001 200000000000000000000000000 2 1 2 0 0 400000000000000000000000000 1 0
138 184 39 1 400000000000000000000000001 200000000000000000000000000 2 1 8000 0 0 400000000000000000000000000 1 0
138 184 39 1 400000000000000000000000001 200000000000000000000000000 2 1 80000000 0 0 400000000000000000000000000 1 0
138 184 39 1 400000000000000000000000001 200000000000000000000000000 2 1 80000001 0 0 400000000000000000000000000 1 0
138 184 39 1 400000000000000000000000001 400000000000000000000000000 0 1 2 1 1 400000000000000000000000000 1 0
138 184 39 1 400000000000000000000000001 1000000000000000000000000000000 0 1 8000 f 1 400000000000000000000000000 1 0
138 184 39 1 400000000000000000000000001 10000000000000000000000000000000000 0 1 80000000 1f 1 400000000000000000000000000 1 0
138 184 39 1 ffffffffffffffffffffffffffffff 200000000000000000000000000 0 1 0 0 1 800000000000000000000000000000 e 0
138 184 39 1 ffffffffffffffffffffffffffffff 200000000000000000000000000 0 1 1 0 1 800000000000000000000000000000 e 0
138 184 39 1 ffffffffffffffffffffffffffffff 200000000000000000000000000 0 1 80000001 0 1 800000000000000000000000000000 e 0
138 184 39 1 ffffffffffffffffffffffffffffff 200000000000000000000000000 2 1 0 0 0 800000000000000000000000000000 e 0
138 184 39 1 ffffffffffffffffffffffffffffff 200000000000000000000000000 2 1 1 0 0 800000000000000000000000000000 e 0
138 184 39 1 ffffffffffffffffffffffffffffff 200000000000000000000000000 2 1 2 0 0 800000000000000000000000000000 e 0
138 184 39 1 ffffffffffffffffffffffffffffff 200000000000000000000000000 2 1 8000 0 0 800000000000000000000000000000 e 0
138 184 39 1 ffffffffffffffffffffffffffffff 200000000000000000000000000 2 1 80000000 0 0 800000000000000000000000000000 e 0
138 184 39 1 ffffffffffffffffffffffffffffff 200000000000000000000000000 2 1 80000001 0 0 800000000000000000000000000000 e 0
138 184 39 1 ffffffffffffffffffffffffffffff 400000000000000000000000000 0 1 2 1 1 800000000000000000000000000000 e 0
138 184 39 1 ffffffffffffffffffffffffffffff 1000000000000000000000000000000 0 1 8000 f 1 800000000000000000000000000000 e 0
138 184 39 1 ffffffffffffffffffffffffffffff 10000000000000000000000000000000000 0 1 80000000 1f 1 800000000000000000000000000000 e 0
138 184 39 1 1000000000000000000000000000000 200000000000000000000000000 0 1 0 0 1 1000000000000000000000000000000 f 0
138 184 39 1 1000000000000000000000000000000 200000000000000000000000000 0 1 1 0 1 1000000000000000000000000000000 f 0
138 184 39 1 1000000000000000000000000000000 200000000000000000000000000 0 1 80000001 0 1 1000000000000000000000000000000 f 0
138 184 39 1 1000000000000000000000000000000 200000000000000000000000000 2 1 0 0 0 1000000000000000000000000000000 f 0
138 184 39 1 1000000000000000000000000000000 200000000000000000000000000 2 1 1 0 0 1000000000000000000000000000000 f 0
138 184 39 1 1000000000000000000000000000000 200000000000000000000000000 2 1 2 0 0 1000000000000000000000000000000 f 0
138 184 39 1 1000000000000000000000000000000 200000000000000000000000000 2 1 8000 0 0 1000000000000000000000000000000 f 0
138 184 39 1 1000000000000000000000000000000 200000000000000000000000000 2 1 80000000 0 0 1000000000000000000000000000000 f 0
138 184 39 1 1000000000000000000000000000000 200000000000000000000000000 2 1 80000001 0 0 1000000000000000000000000000000 f 0
138 184 39 1 1000000000000000000000000000000 400000000000000000000000000 0 1 2 1 1 1000000000000000000000000000000 f 0
138 184 39 1 1000000000000000000000000000000 1000000000000000000000000000000 0 1 8000 f 1 1000000000000000000000000000000 f 0
138 184 39 1 1000000000000000000000000000000 10000000000000000000000000000000000 0 1 80000000 1f 1 1000000000000000000000000000000 f 0
138 184 39 1 1000000000000000000000000000001 200000000000000000000000000 0 1 0 0 1 1000000000000000000000000000000 f 0
138 184 39 1 1000000000000000000000000000001 200000000000000000000000000 0 1 1 0 1 1000000000000000000000000000000 f 0
138 184 39 1 1000000000000000000000000000001 200000000000000000000000000 0 1 80000001 0 1 1000000000000000000000000000000 f 0
138 184 39 1 1000000000000000000000000000001 200000000000000000000000000 2 1 0 0 0 1000000000000000000000000000000 f 0
138 184 39 1 1000000000000000000000000000001 200000000000000000000000000 2 1 1 0 0 1000000000000000000000000000000 f 0
138 184 39 1 1000000000000000000000000000001 200000000000000000000000000 2 1 2 0 0 1000000000000000000000000000000 f 0
138 184 39 1 1000000000000000000000000000001 200000000000000000000000000 2 1 8000 0 0 1000000000000000000000000000000 f 0
138 184 39 1 1000000000000000000000000000001 200000000000000000000000000 2 1 80000000 0 0 1000000000000000000000000000000 f 0
138 184 39 1 1000000000000000000000000000001 200000000000000000000000000 2 1 80000001 0 0 1000000000000000000000000000000 f 0
138 184 39 1 1000000000000000000000000000001 400000000000000000000000000 0 1 2 1 1 1000000000000000000000000000000 f 0
138 184 39 1 1000000000000000000000000000001 1000000000000000000000000000000 0 1 8000 f 1 1000000000000000000000000000000 f 0
138 184 39 1 1000000000000000000000000000001 10000000000000000000000000000000000 0 1 80000000 1f 1 1000000000000000000000000000000 f 0
138 184 39 1 ffffffffffffffffffffffffffffffffff 200000000000000000000000000 0 1 0 0 1 8000000000000000000000000000000000 1e 0
138 184 39 1 ffffffffffffffffffffffffffffffffff 200000000000000000000000000 0 1 1 0 1 8000000000000000000000000000000000 1e 0
138 184 39 1 ffffffffffffffffffffffffffffffffff 200000000000000000000000000 0 1 80000001 0 1 8000000000000000000000000000000000 1e 0
138 184 39 1 ffffffffffffffffffffffffffffffffff 200000000000000000000000000 2 1 0 0 0 8000000000000000000000000000000000 1e 0
138 184 39 1 ffffffffffffffffffffffffffffffffff 200000000000000000000000000 2 1 1 0 0 8000000000000000000000000000000000 1e 0
138 184 39 1 ffffffffffffffffffffffffffffffffff 200000000000000000000000000 2 1 2 0 0 8000000000000000000000000000000000 1e 0
138 184 39 1 ffffffffffffffffffffffffffffffffff 200000000000000000000000000 2 1 8000 0 0 8000000000000000000000000000000000 1e 0
138 184 39 1 ffffffffffffffffffffffffffffffffff 200000000000000000000000000 2 1 80000000 0 0 8000000000000000000000000000000000 1e 0
138 184 39 1 ffffffffffffffffffffffffffffffffff 200000000000000000000000000 2 1 80000001 0 0 8000000000000000000000000000000000 1e 0
138 184 39 1 ffffffffffffffffffffffffffffffffff 400000000000000000000000000 0 1 2 1 1 8000000000000000000000000000000000 1e 0
138 184 39 1 ffffffffffffffffffffffffffffffffff 1000000000000000000000000000000 0 1 8000 f 1 8000000000000000000000000000000000 1e 0
138 184 39 1 ffffffffffffffffffffffffffffffffff 10000000000000000000000000000000000 0 1 0 0 1 10000000000000000000000000000000000 0 1
138 184 39 1 ffffffffffffffffffffffffffffffffff 10000000000000000000000000000000000 0 1 1 0 1 10000000000000000000000000000000000 0 1
138 184 39 1 ffffffffffffffffffffffffffffffffff 10000000000000000000000000000000000 0 1 80000000 1f 1 8000000000000000000000000000000000 1e 0
138 184 39 1 ffffffffffffffffffffffffffffffffff 10000000000000000000000000000000000 0 1 80000001 0 1 10000000000000000000000000000000000 0 1
138 184 39 1 ffffffffffffffffffffffffffffffffff 10000000000000000000000000000000000 2 1 0 0 0 10000000000000000000000000000000000 0 1
138 184 39 1 ffffffffffffffffffffffffffffffffff 10000000000000000000000000000000000 2 1 1 0 0 10000000000000000000000000000000000 0 1
138 184 39 1 ffffffffffffffffffffffffffffffffff 10000000000000000000000000000000000 2 1 2 0 0 10000000000000000000000000000000000 0 1
138 184 39 1 ffffffffffffffffffffffffffffffffff 10000000000000000000000000000000000 2 1 8000 0 0 10000000000000000000000000000000000 0 1
138 184 39 1 ffffffffffffffffffffffffffffffffff 10000000000000000000000000000000000 2 1 80000000 0 0 10000000000000000000000000000000000 0 1
138 184 39 1 ffffffffffffffffffffffffffffffffff 10000000000000000000000000000000000 2 1 80000001 0 0 10000000000000000000000000000000000 0 1
138 184 39 1 ffffffffffffffffffffffffffffffffff 20000000000000000000000000000000000 0 1 2 1 1 10000000000000000000000000000000000 0 1
138 184 39 1 10000000000000000000000000000000000 200000000000000000000000000 0 1 0 0 1 10000000000000000000000000000000000 1f 0
138 184 39 1 10000000000000000000000000000000000 200000000000000000000000000 0 1 1 0 1 10000000000000000000000000000000000 1f 0
138 184 39 1 10000000000000000000000000000000000 200000000000000000000000000 0 1 80000001 0 1 10000000000000000000000000000000000 1f 0
138 184 39 1 10000000000000000000000000000000000 200000000000000000000000000 2 1 0 0 0 10000000000000000000000000000000000 1f 0
138 184 39 1 10000000000000000000000000000000000 200000000000000000000000000 2 1 1 0 0 10000000000000000000000000000000000 1f 0
138 184 39 1 10000000000000000000000000000000000 200000000000000000000000000 2 1 2 0 0 10000000000000000000000000000000000 1f 0
138 184 39 1 10000000000000000000000000000000000 200000000000000000000000000 2 1 8000 0 0 10000000000000000000000000000000000 1f 0
138 184 39 1 10000000000000000000000000000000000 200000000000000000000000000 2 1 80000000 0 0 10000000000000000000000000000000000 1f 0
138 184 39 1 10000000000000000000000000000000000 200000000000000000000000000 2 1 80000001 0 0 10000000000000000000000000000000000 1f 0
138 184 39 1 10000000000000000000000000000000000 400000000000000000000000000 0 1 2 1 1 10000000000000000000000000000000000 1f 0
138 184 39 1 10000000000000000000000000000000000 1000000000000000000000000000000 0 1 8000 f 1 10000000000000000000000000000000000 1f 0
138 184 39 1 10000000000000000000000000000000000 10000000000000000000000000000000000 0 1 0 0 1 10000000000000000000000000000000000 0 0
138 184 39 1 10000000000000000000000000000000000 10000000000000000000000000000000000 0 1 1 0 1 10000000000000000000000000000000000 0 0
138 184 39 1 10000000000000000000000000000000000 10000000000000000000000000000000000 0 1 80000000 1f 1 10000000000000000000000000000000000 1f 0
138 184 39 1 10000000000000000000000000000000000 10000000000000000000000000000000000 0 1 80000001 0 1 10000000000000000000000000000000000 0 0
138 184 39 1 10000000000000000000000000000000000 10000000000000000000000000000000000 2 1 0 0 0 10000000000000000000000000000000000 0 0
138 184 39 1 10000000000000000000000000000000000 10000000000000000000000000000000000 2 1 1 0 0 10000000000000000000000000000000000 0 0
138 184 39 1 10000000000000000000000000000000000 10000000000000000000000000000000000 2 1 2 0 0 10000000000000000000000000000000000 0 0
138 184 39 1 10000000000000000000000000000000000 10000000000000000000000000000000000 2 1 8000 0 0 10000000000000000000000000000000000 0 0
138 184 39 1 10000000000000000000000000000000000 10000000000000000000000000000000000 2 1 80000000 0 0 10000000000000000000000000000000000 0 0
138 184 39 1 10000000000000000000000000000000000 10000000000000000000000000000000000 2 1 80000001 0 0 10000000000000000000000000000000000 0 0
138 184 39 1 10000000000000000000000000000000000 20000000000000000000000000000000000 0 1 2 1 1 10000000000000000000000000000000000 0 0
138 184 39 1 10000000000000000000000000000000001 200000000000000000000000000 0 1 0 0 1 10000000000000000000000000000000000 1f 0
138 184 39 1 10000000000000000000000000000000001 200000000000000000000000000 0 1 1 0 1 10000000000000000000000000000000000 1f 0
138 184 39 1 10000000000000000000000000000000001 200000000000000000000000000 0 1 80000001 0 1 10000000000000000000000000000000000 1f 0
138 184 39 1 10000000000000000000000000000000001 200000000000000000000000000 2 1 0 0 0 10000000000000000000000000000000000 1f 0
138 184 39 1 10000000000000000000000000000000001 200000000000000000000000000 2 1 1 0 0 10000000000000000000000000000000000 1f 0
138 184 39 1 10000000000000000000000000000000001 200000000000000000000000000 2 1 2 0 0 10000000000000000000000000000000000 1f 0
138 184 39 1 10000000000000000000000000000000001 200000000000000000000000000 2 1 8000 0 0 10000000000000000000000000000000000 1f 0
138 184 39 1 10000000000000000000000000000000001 200000000000000000000000000 2 1 80000000 0 0 10000000000000000000000000000000000 1f 0
138 184 39 1 10000000000000000000000000000000001 200000000000000000000000000 2 1 80000001 0 0 10000000000000000000000000000000000 1f 0
138 184 39 1 10000000000000000000000000000000001 400000000000000000000000000 0 1 2 1 1 10000000000000000000000000000000000 1f 0
138 184 39 1 10000000000000000000000000000000001 1000000000000000000000000000000 0 1 8000 f 1 10000000000000000000000000000000000 1f 0
138 184 39 1 10000000000000000000000000000000001 10000000000000000000000000000000000 0 1 0 0 1 10000000000000000000000000000000000 0 0
138 184 39 1 10000000000000000000000000000000001 10000000000000000000000000000000000 0 1 1 0 1 10000000000000000000000000000000000 0 0
138 184 39 1 10000000000000000000000000000000001 10000000000000000000000000000000000 0 1 80000000 1f 1 10000000000000000000000000000000000 1f 0
138 184 39 1 10000000000000000000000000000000001 10000000000000000000000000000000000 0 1 80000001 0 1 10000000000000000000000000000000000 0 0
138 184 39 1 10000000000000000000000000000000001 10000000000000000000000000000000000 2 1 0 0 0 10000000000000000000000000000000000 0 0
138 184 39 1 10000000000000000000000000000000001 10000000000000000000000000000000000 2 1 1 0 0 10000000000000000000000000000000000 0 0
138 184 39 1 10000000000000000000000000000000001 10000000000000000000000000000000000 2 1 2 0 0 10000000000000000000000000000000000 0 0
138 184 39 1 10000000000000000000000000000000001 10000000000000000000000000000000000 2 1 8000 0 0 10000000000000000000000000000000000 0 0
138 184 39 1 10000000000000000000000000000000001 10000000000000000000000000000000000 2 1 80000000 0 0 10000000000000000000000000000000000 0 0
138 184 39 1 10000000000000000000000000000000001 10000000000000000000000000000000000 2 1 80000001 0 0 10000000000000000000000000000000000 0 0
138 184 39 1 10000000000000000000000000000000001 20000000000000000000000000000000000 0 1 2 1 1 10000000000000000000000000000000000 0 0
138 184 39 1 1ffffffffffffffffffffffffffffffffff 10000000000000000000000000000000000 0 1 0 0 1 10000000000000000000000000000000000 0 0
138 184 39 1 1ffffffffffffffffffffffffffffffffff 10000000000000000000000000000000000 0 1 1 0 1 10000000000000000000000000000000000 0 0
138 184 39 1 1ffffffffffffffffffffffffffffffffff 10000000000000000000000000000000000 0 1 80000001 0 1 10000000000000000000000000000000000 0 0
138 184 39 1 1ffffffffffffffffffffffffffffffffff 10000000000000000000000000000000000 2 1 0 0 0 10000000000000000000000000000000000 0 0
138 184 39 1 1ffffffffffffffffffffffffffffffffff 10000000000000000000000000000000000 2 1 1 0 0 10000000000000000000000000000000000 0 0
138 184 39 1 1ffffffffffffffffffffffffffffffffff 10000000000000000000000000000000000 2 1 2 0 0 10000000000000000000000000000000000 0 0
138 184 39 1 1ffffffffffffffffffffffffffffffffff 10000000000000000000000000000000000 2 1 8000 0 0 10000000000000000000000000000000000 0 0
138 184 39 1 1ffffffffffffffffffffffffffffffffff 10000000000000000000000000000000000 2 1 80000000 0 0 10000000000000000000000000000000000 0 0
138 184 39 1 1ffffffffffffffffffffffffffffffffff 10000000000000000000000000000000000 2 1 80000001 0 0 10000000000000000000000000000000000 0 0
138 184 39 1 1ffffffffffffffffffffffffffffffffff 20000000000000000000000000000000000 0 1 2 1 1 10000000000000000000000000000000000 0 0
138 184 39 1 20000000000000000000000000000000000 10000000000000000000000000000000000 0 1 0 0 1 20000000000000000000000000000000000 1 0
138 184 39 1 20000000000000000000000000000000000 10000000000000000000000000000000000 0 1 1 0 1 20000000000000000000000000000000000 1 0
138 184 39 1 20000000000000000000000000000000000 10000000000000000000000000000000000 0 1 80000001 0 1 20000000000000000000000000000000000 1 0
138 184 39 1 20000000000000000000000000000000000 10000000000000000000000000000000000 2 1 0 0 0 20000000000000000000000000000000000 1 0
138 184 39 1 20000000000000000000000000000000000 10000000000000000000000000000000000 2 1 1 0 0 20000000000000000000000000000000000 1 0
138 184 39 1 20000000000000000000000000000000000 10000000000000000000000000000000000 2 1 2 0 0 20000000000000000000000000000000000 1 0
138 184 39 1 20000000000000000000000000000000000 10000000000000000000000000000000000 2 1 8000 0 0 20000000000000000000000000000000000 1 0
138 184 39 1 20000000000000000000000000000000000 10000000000000000000000000000000000 2 1 80000000 0 0 20000000000000000000000000000000000 1 0
138 184 39 1 20000000000000000000000000000000000 10000000000000000000000000000000000 2 1 80000001 0 0 20000000000000000000000000000000000 1 0
138 184 39 1 20000000000000000000000000000000000 20000000000000000000000000000000000 0 1 2 1 1 20000000000000000000000000000000000 1 0
138 184 39 1 20000000000000000000000000000000001 10000000000000000000000000000000000 0 1 0 0 1 20000000000000000000000000000000000 1 0
138 184 39 1 20000000000000000000000000000000001 10000000000000000000000000000000000 0 1 1 0 1 20000000000000000000000000000000000 1 0
138 184 39 1 20000000000000000000000000000000001 10000000000000000000000000000000000 0 1 80000001 0 1 20000000000000000000000000000000000 1 0
138 184 39 1 20000000000000000000000000000000001 10000000000000000000000000000000000 2 1 0 0 0 20000000000000000000000000000000000 1 0
138 184 39 1 20000000000000000000000000000000001 10000000000000000000000000000000000 2 1 1 0 0 20000000000000000000000000000000000 1 0
138 184 39 1 20000000000000000000000000000000001 10000000000000000000000000000000000 2 1 2 0 0 20000000000000000000000000000000000 1 0
138 184 39 1 20000000000000000000000000000000001 10000000000000000000000000000000000 2 1 8000 0 0 20000000000000000000000000000000000 1 0
138 184 39 1 20000000000000000000000000000000001 10000000000000000000000000000000000 2 1 80000000 0 0 20000000000000000000000000000000000 1 0
138 184 39 1 20000000000000000000000000000000001 10000000000000000000000000000000000 2 1 80000001 0 0 20000000000000000000000000000000000 1 0
138 184 39 1 20000000000000000000000000000000001 20000000000000000000000000000000000 0 1 2 1 1 20000000000000000000000000000000000 1 0
170 144 79 1 0 80000000000000000000 0 1 0 0 1 80000000000000000000 0 1
170 144 79 1 0 80000000000000000000 0 1 1 0 1 80000000000000000000 0 1
170 144 79 1 0 80000000000000000000 0 1 80000001 0 1 80000000000000000000 0 1
170 144 79 1 0 80000000000000000000 2 1 0 0 0 80000000000000000000 0 1
170 144 79 1 0 80000000000000000000 2 1 1 0 0 80000000000000000000 0 1
170 144 79 1 0 80000000000000000000 2 1 2 0 0 80000000000000000000 0 1
170 144 79 1 0 80000000000000000000 2 1 8000 0 0 80000000000000000000 0 1
170 144 79 1 0 80000000000000000000 2 1 80000000 0 0 80000000000000000000 0 1
170 144 79 1 0 80000000000000000000 2 1 80000001 0 0 80000000000000000000 0 1
170 144 79 1 0 80000000000000000001 0 1 0 0 1 80000000000000000001 0 1
170 144 79 1 0 80000000000000000001 0 1 1 0 1 80000000000000000001 0 1
170 144 79 1 0 80000000000000000001 0 1 80000001 0 1 80000000000000000001 0 1
170 144 79 1 0 80000000000000000001 2 1 0 0 0 80000000000000000001 0 1
170 144 79 1 0 80000000000000000001 2 1 1 0 0 80000000000000000001 0 1
170 144 79 1 0 80000000000000000001 2 1 2 0 0 80000000000000000001 0 1
170 144 79 1 0 80000000000000000001 2 1 8000 0 0 80000000000000000001 0 1
170 144 79 1 0 80000000000000000001 2 1 80000000 0 0 80000000000000000001 0 1
170 144 79 1 0 80000000000000000001 2 1 80000001 0 0 80000000000000000001 0 1
170 144 79 1 0 100000000000000000000 0 1 2 1 1 80000000000000000000 0 1
170 144 79 1 0 100000000000000000002 0 1 2 1 1 80000000000000000001 0 1
170 144 79 1 0 400000000000000000000000 0 1 8000 f 1 80000000000000000000 0 1
170 144 79 1 0 400000000000000000008000 0 1 8000 f 1 80000000000000000001 0 1
170 144 79 1 0 4000000000000000000000000000 0 1 80000000 1f 1 80000000000000000000 0 1
170 144 79 1 0 4000000000000000000080000000 0 1 80000000 1f 1 80000000000000000001 0 1
170 144 79 1 0 20000000000000000000000000000000000 0 1 0 0 1 20000000000000000000000000000000000 0 1
170 144 79 1 0 20000000000000000000000000000000000 0 1 1 0 1 20000000000000000000000000000000000 0 1
170 144 79 1 0 20000000000000000000000000000000000 0 1 80000001 0 1 20000000000000000000000000000000000 0 1
170 144 79 1 0 20000000000000000000000000000000000 2 1 0 0 0 20000000000000000000000000000000000 0 1
170 144 79 1 0 20000000000000000000000000000000000 2 1 1 0 0 20000000000000000000000000000000000 0 1
170 144 79 1 0 20000000000000000000000000000000000 2 1 2 0 0 20000000000000000000000000000000000 0 1
170 144 79 1 0 20000000000000000000000000000000000 2 1 8000 0 0 20000000000000000000000000000000000 0 1
170 144 79 1 0 20000000000000000000000000000000000 2 1 80000000 0 0 20000000000000000000000000000000000 0 1
170 144 79 1 0 20000000000000000000000000000000000 2 1 80000001 0 0 20000000000000000000000000000000000 0 1
170 144 79 1 0 40000000000000000000000000000000000 0 1 2 1 1 20000000000000000000000000000000000 0 1
170 144 79 1 0 100000000000000000000000000000000000000 0 1 8000 f 1 20000000000000000000000000000000000 0 1
170 144 79 1 0 1000000000000000000000000000000000000000000 0 1 0 0 1 1000000000000000000000000000000000000000000 0 1
170 144 79 1 0 1000000000000000000000000000000000000000000 0 1 1 0 1 1000000000000000000000000000000000000000000 0 1
170 144 79 1 0 1000000000000000000000000000000000000000000 0 1 80000000 1f 1 20000000000000000000000000000000000 0 1
170 144 79 1 0 1000000000000000000000000000000000000000000 0 1 80000001 0 1 1000000000000000000000000000000000000000000 0 1
170 144 79 1 0 1000000000000000000000000000000000000000000 2 1 0 0 0 1000000000000000000000000000000000000000000 0 1
170 144 79 1 0 1000000000000000000000000000000000000000000 2 1 1 0 0 1000000000000000000000000000000000000000000 0 1
170 144 79 1 0 1000000000000000000000000000000000000000000 2 1 2 0 0 1000000000000000000000000000000000000000000 0 1
170 144 79 1 0 1000000000000000000000000000000000000000000 2 1 8000 0 0 1000000000000000000000000000000000000000000 0 1
170 144 79 1 0 1000000000000000000000000000000000000000000 2 1 80000000 0 0 1000000000000000000000000000000000000000000 0 1
170 144 79 1 0 1000000000000000000000000000000000000000000 2 1 80000001 0 0 1000000000000000000000000000000000000000000 0 1
170 144 79 1 0 2000000000000000000000000000000000000000000 0 1 2 1 1 1000000000000000000000000000000000000000000 0 1
170 144 79 1 7fffffffffffffffffff 80000000000000000000 0 1 0 0 1 80000000000000000000 0 1
170 144 79 1 7fffffffffffffffffff 80000000000000000000 0 1 1 0 1 80000000000000000000 0 1
170 144 79 1 7fffffffffffffffffff 80000000000000000000 0 1 80000001 0 1 80000000000000000000 0 1
170 144 79 1 7fffffffffffffffffff 80000000000000000000 2 1 0 0 0 80000000000000000000 0 1
170 144 79 1 7fffffffffffffffffff 80000000000000000000 2 1 1 0 0 80000000000000000000 0 1
170 144 79 1 7fffffffffffffffffff 80000000000000000000 2 1 2 0 0 80000000000000000000 0 1
170 144 79 1 7fffffffffffffffffff 80000000000000000000 2 1 8000 0 0 80000000000000000000 0 1
170 144 79 1 7fffffffffffffffffff 80000000000000000000 2 1 80000000 0 0 80000000000000000000 0 1
170 144 79 1 7fffffffffffffffffff 80000000000000000000 2 1 80000001 0 0 80000000000000000000 0 1
170 144 79 1 7fffffffffffffffffff 100000000000000000000 0 1 2 1 1 80000000000000000000 0 1
170 144 79 1 7fffffffffffffffffff 400000000000000000000000 0 1 8000 f 1 80000000000000000000 0 1
170 144 79 1 7fffffffffffffffffff 4000000000000000000000000000 0 1 80000000 1f 1 80000000000000000000 0 1
170 144 79 1 80000000000000000000 80000000000000000000 0 1 0 0 1 80000000000000000000 0 0
170 144 79 1 80000000000000000000 80000000000000000000 0 1 1 0 1 80000000000000000000 0 0
170 144 79 1 80000000000000000000 80000000000000000000 0 1 80000001 0 1 80000000000000000000 0 0
170 144 79 1 80000000000000000000 80000000000000000000 2 1 0 0 0 80000000000000000000 0 0
170 144 79 1 80000000000000000000 80000000000000000000 2 1 1 0 0 80000000000000000000 0 0
170 144 79 1 80000000000000000000 80000000000000000000 2 1 2 0 0 80000000000000000000 0 0
170 144 79 1 80000000000000000000 80000000000000000000 2 1 8000 0 0 80000000000000000000 0 0
170 144 79 1 80000000000000000000 80000000000000000000 2 1 80000000 0 0 80000000000000000000 0 0
170 144 79 1 80000000000000000000 80000000000000000000 2 1 80000001 0 0 80000000000000000000 0 0
170 144 79 1 80000000000000000000 80000000000000000001 0 1 0 0 1 80000000000000000001 0 1
170 144 79 1 80000000000000000000 80000000000000000001 0 1 1 0 1 80000000000000000001 0 1
170 144 79 1 80000000000000000000 80000000000000000001 0 1 80000001 0 1 80000000000000000001 0 1
170 144 79 1 80000000000000000000 80000000000000000001 2 1 0 0 0 80000000000000000001 0 1
170 144 79 1 80000000000000000000 80000000000000000001 2 1 1 0 0 80000000000000000001 0 1
170 144 79 1 80000000000000000000 80000000000000000001 2 1 2 0 0 80000000000000000001 0 1
170 144 79 1 80000000000000000000 80000000000000000001 2 1 8000 0 0 80000000000000000001 0 1
170 144 79 1 80000000000000000000 80000000000000000001 2 1 80000000 0 0 80000000000000000001 0 1
170 144 79 1 80000000000000000000 80000000000000000001 2 1 80000001 0 0 80000000000000000001 0 1
170 144 79 1 80000000000000000000 100000000000000000000 0 1 2 1 1 80000000000000000000 0 0
170 144 79 1 80000000000000000000 100000000000000000002 0 1 2 1 1 80000000000000000001 0 1
170 144 79 1 80000000000000000000 400000000000000000000000 0 1 8000 f 1 80000000000000000000 0 0
170 144 79 1 80000000000000000000 400000000000000000008000 0 1 8000 f 1 80000000000000000001 0 1
170 144 79 1 80000000000000000000 4000000000000000000000000000 0 1 80000000 1f 1 80000000000000000000 0 0
170 144 79 1 80000000000000000000 4000000000000000000080000000 0 1 80000000 1f 1 80000000000000000001 0 1
170 144 79 1 80000000000000000001 80000000000000000000 0 1 0 0 1 80000000000000000000 0 0
170 144 79 1 80000000000000000001 80000000000000000000 0 1 1 0 1 80000000000000000000 0 0
170 144 79 1 80000000000000000001 80000000000000000000 0 1 80000001 0 1 80000000000000000000 0 0
170 144 79 1 80000000000000000001 80000000000000000000 2 1 0 0 0 80000000000000000000 0 0
170 144 79 1 80000000000000000001 80000000000000000000 2 1 1 0 0 80000000000000000000 0 0
170 144 79 1 80000000000000000001 80000000000000000000 2 1 2 0 0 80000000000000000000 0 0
170 144 79 1 80000000000000000001 80000000000000000000 2 1 8000 0 0 80000000000000000000 0 0
170 144 79 1 80000000000000000001 80000000000000000000 2 1 80000000 0 0 80000000000000000000 0 0
170 144 79 1 80000000000000000001 80000000000000000000 2 1 80000001 0 0 80000000000000000000 0 0
170 144 79 1 80000000000000000001 80000000000000000001 0 1 0 0 1 80000000000000000001 0 0
170 144 79 1 80000000000000000001 80000000000000000001 0 1 1 0 1 80000000000000000001 0 0
170 144 79 1 80000000000000000001 80000000000000000001 0 1 80000001 0 1 80000000000000000001 0 0
170 144 79 1 80000000000000000001 80000000000000000001 2 1 0 0 0 80000000000000000001 0 0
170 144 79 1 80000000000000000001 80000000000000000001 2 1 1 0 0 80000000000000000001 0 0
170 144 79 1 80000000000000000001 80000000000000000001 2 1 2 0 0 80000000000000000001 0 0
170 144 79 1 80000000000000000001 80000000000000000001 2 1 8000 0 0 80000000000000000001 0 0
170 144 79 1 80000000000000000001 80000000000000000001 2 1 80000000 0 0 80000000000000000001 0 0
170 144 79 1 80000000000000000001 80000000000000000001 2 1 80000001 0 0 80000000000000000001 0 0
170 144 79 1 80000000000000000001 100000000000000000000 0 1 2 1 1 80000000000000000000 0 0
170 144 79 1 80000000000000000001 100000000000000000002 0 1 2 1 1 80000000000000000001 0 0
170 144 79 1 80000000000000000001 400000000000000000000000 0 1 8000 f 1 80000000000000000000 0 0
170 144 79 1 80000000000000000001 400000000000000000008000 0 1 8000 f 1 80000000000000000001 0 0
170 144 79 1 80000000000000000001 4000000000000000000000000000 0 1 80000000 1f 1 80000000000000000000 0 0
170 144 79 1 80000000000000000001 4000000000000000000080000000 0 1 80000000 1f 1 80000000000000000001 0 0
170 144 79 1 80000000000000000002 80000000000000000001 0 1 0 0 1 80000000000000000001 0 0
170 144 79 1 80000000000000000002 80000000000000000001 0 1 1 0 1 80000000000000000001 0 0
170 144 79 1 80000000000000000002 80000000000000000001 0 1 80000001 0 1 80000000000000000001 0 0
170 144 79 1 80000000000000000002 80000000000000000001 2 1 0 0 0 80000000000000000001 0 0
170 144 79 1 80000000000000000002 80000000000000000001 2 1 1 0 0 80000000000000000001 0 0
170 144 79 1 80000000000000000002 80000000000000000001 2 1 2 0 0 80000000000000000001 0 0
170 144 79 1 80000000000000000002 80000000000000000001 2 1 8000 0 0 80000000000000000001 0 0
170 144 79 1 80000000000000000002 80000000000000000001 2 1 80000000 0 0 80000000000000000001 0 0
170 144 79 1 80000000000000000002 80000000000000000001 2 1 80000001 0 0 80000000000000000001 0 0
170 144 79 1 80000000000000000002 100000000000000000002 0 1 2 1 1 80000000000000000001 0 0
170 144 79 1 80000000000000000002 400000000000000000008000 0 1 8000 f 1 80000000000000000001 0 0
170 144 79 1 80000000000000000002 4000000000000000000080000000 0 1 80000000 1f 1 80000000000000000001 0 0
170 144 79 1 ffffffffffffffffffff 80000000000000000000 0 1 0 0 1 80000000000000000000 0 0
170 144 79 1 ffffffffffffffffffff 80000000000000000000 0 1 1 0 1 80000000000000000000 0 0
170 144 79 1 ffffffffffffffffffff 80000000000000000000 0 1 80000001 0 1 80000000000000000000 0 0
170 144 79 1 ffffffffffffffffffff 80000000000000000000 2 1 0 0 0 80000000000000000000 0 0
170 144 79 1 ffffffffffffffffffff 80000000000000000000 2 1 1 0 0 80000000000000000000 0 0
170 144 79 1 ffffffffffffffffffff 80000000000000000000 2 1 2 0 0 80000000000000000000 0 0
170 144 79 1 ffffffffffffffffffff 80000000000000000000 2 1 8000 0 0 80000000000000000000 0 0
170 144 79 1 ffffffffffffffffffff 80000000000000000000 2 1 80000000 0 0 80000000000000000000 0 0
170 144 79 1 ffffffffffffffffffff 80000000000000000000 2 1 80000001 0 0 80000000000000000000 0 0
170 144 79 1 ffffffffffffffffffff 100000000000000000000 0 1 2 1 1 80000000000000000000 0 0
170 144 79 1 ffffffffffffffffffff 400000000000000000000000 0 1 8000 f 1 80000000000000000000 0 0
170 144 79 1 ffffffffffffffffffff 4000000000000000000000000000 0 1 80000000 1f 1 80000000000000000000 0 0
170 144 79 1 100000000000000000000 80000000000000000000 0 1 0 0 1 100000000000000000000 1 0
170 144 79 1 100000000000000000000 80000000000000000000 0 1 1 0 1 100000000000000000000 1 0
170 144 79 1 100000000000000000000 80000000000000000000 0 1 80000001 0 1 100000000000000000000 1 0
170 144 79 1 100000000000000000000 80000000000000000000 2 1 0 0 0 100000000000000000000 1 0
170 144 79 1 100000000000000000000 80000000000000000000 2 1 1 0 0 100000000000000000000 1 0
170 144 79 1 100000000000000000000 80000000000000000000 2 1 2 0 0 100000000000000000000 1 0
170 144 79 1 100000000000000000000 80000000000000000000 2 1 8000 0 0 100000000000000000000 1 0
170 144 79 1 100000000000000000000 80000000000000000000 2 1 80000000 0 0 100000000000000000000 1 0
170 144 79 1 100000000000000000000 80000000000000000000 2 1 80000001 0 0 100000000000000000000 1 0
170 144 79 1 100000000000000000000 100000000000000000000 0 1 2 1 1 100000000000000000000 1 0
170 144 79 1 100000000000000000000 400000000000000000000000 0 1 8000 f 1 100000000000000000000 1 0
170 144 79 1 100000000000000000000 4000000000000000000000000000 0 1 80000000 1f 1 100000000000000000000 1 0
170 144 79 1 100000000000000000001 80000000000000000000 0 1 0 0 1 100000000000000000000 1 0
170 144 79 1 100000000000000000001 80000000000000000000 0 1 1 0 1 100000000000000000000 1 0
170 144 79 1 100000000000000000001 80000000000000000000 0 1 80000001 0 1 100000000000000000000 1 0
170 144 79 1 100000000000000000001 80000000000000000000 2 1 0 0 0 100000000000000000000 1 0
170 144 79 1 100000000000000000001 80000000000000000000 2 1 1 0 0 100000000000000000000 1 0
170 144 79 1 100000000000000000001 80000000000000000000 2 1 2 0 0 100000000000000000000 1 0
170 144 79 1 100000000000000000001 80000000000000000000 2 1 8000 0 0 100000000000000000000 1 0
170 144 79 1 100000000000000000001 80000000000000000000 2 1 80000000 0 0 100000000000000000000 1 0
170 144 79 1 100000000000000000001 80000000000000000000 2 1 80000001 0 0 100000000000000000000 1 0
170 144 79 1 100000000000000000001 80000000000000000001 0 1 0 0 1 80000000000000000001 0 0
170 144 79 1 100000000000000000001 80000000000000000001 0 1 1 0 1 80000000000000000001 0 0
170 144 79 1 100000000000000000001 80000000000000000001 0 1 80000001 0 1 80000000000000000001 0 0
170 144 79 1 100000000000000000001 80000000000000000001 2 1 0 0 0 80000000000000000001 0 0
170 144 79 1 100000000000000000001 80000000000000000001 2 1 1 0 0 80000000000000000001 0 0
170 144 79 1 100000000000000000001 80000000000000000001 2 1 2 0 0 80000000000000000001 0 0
170 144 79 1 100000000000000000001 80000000000000000001 2 1 8000 0 0 80000000000000000001 0 0
170 144 79 1 100000000000000000001 80000000000000000001 2 1 80000000 0 0 80000000000000000001 0 0
170 144 79 1 100000000000000000001 80000000000000000001 2 1 80000001 0 0 80000000000000000001 0 0
170 144 79 1 100000000000000000001 100000000000000000000 0 1 2 1 1 100000000000000000000 1 0
170 144 79 1 100000000000000000001 100000000000000000002 0 1 2 1 1 80000000000000000001 0 0
170 144 79 1 100000000000000000001 400000000000000000000000 0 1 8000 f 1 100000000000000000000 1 0
170 144 79 1 100000000000000000001 400000000000000000008000 0 1 8000 f 1 80000000000000000001 0 0
170 144 79 1 100000000000000000001 4000000000000000000000000000 0 1 80000000 1f 1 100000000000000000000 1 0
170 144 79 1 100000000000000000001 4000000000000000000080000000 0 1 80000000 1f 1 80000000000000000001 0 0
170 144 79 1 100000000000000000002 80000000000000000001 0 1 0 0 1 100000000000000000002 1 0
170 144 79 1 100000000000000000002 80000000000000000001 0 1 1 0 1 100000000000000000002 1 0
170 144 79 1 100000000000000000002 80000000000000000001 0 1 80000001 0 1 100000000000000000002 1 0
170 144 79 1 100000000000000000002 80000000000000000001 2 1 0 0 0 100000000000000000002 1 0
170 144 79 1 100000000000000000002 80000000000000000001 2 1 1 0 0 100000000000000000002 1 0
170 144 79 1 100000000000000000002 80000000000000000001 2 1 2 0 0 100000000000000000002 1 0
170 144 79 1 100000000000000000002 80000000000000000001 2 1 8000 0 0 100000000000000000002 1 0
170 144 79 1 100000000000000000002 80000000000000000001 2 1 80000000 0 0 100000000000000000002 1 0
170 144 79 1 100000000000000000002 80000000000000000001 2 1 80000001 0 0 100000000000000000002 1 0
170 144 79 1 100000000000000000002 100000000000000000002 0 1 2 1 1 100000000000000000002 1 0
170 144 79 1 100000000000000000002 400000000000000000008000 0 1 8000 f 1 100000000000000000002 1 0
170 144 79 1 100000000000000000002 4000000000000000000080000000 0 1 80000000 1f 1 100000000000000000002 1 0
170 144 79 1 100000000000000000003 80000000000000000001 0 1 0 0 1 100000000000000000002 1 0
170 144 79 1 100000000000000000003 80000000000000000001 0 1 1 0 1 100000000000000000002 1 0
170 144 79 1 100000000000000000003 80000000000000000001 0 1 80000001 0 1 100000000000000000002 1 0
170 144 79 1 100000000000000000003 80000000000000000001 2 1 0 0 0 100000000000000000002 1 0
170 144 79 1 100000000000000000003 80000000000000000001 2 1 1 0 0 100000000000000000002 1 0
170 144 79 1 100000000000000000003 80000000000000000001 2 1 2 0 0 100000000000000000002 1 0
170 144 79 1 100000000000000000003 80000000000000000001 2 1 8000 0 0 100000000000000000002 1 0
170 144 79 1 100000000000000000003 80000000000000000001 2 1 80000000 0 0 100000000000000000002 1 0
170 144 79 1 100000000000000000003 80000000000000000001 2 1 80000001 0 0 100000000000000000002 1 0
170 144 79 1 100000000000000000003 100000000000000000002 0 1 2 1 1 100000000000000000002 1 0
170 144 79 1 100000000000000000003 400000000000000000008000 0 1 8000 f 1 100000000000000000002 1 0
170 144 79 1 100000000000000000003 4000000000000000000080000000 0 1 80000000 1f 1 100000000000000000002 1 0
170 144 79 1 3fffffffffffffffffffffff 80000000000000000000 0 1 0 0 1 200000000000000000000000 e 0
170 144 79 1 3fffffffffffffffffffffff 80000000000000000000 0 1 1 0 1 200000000000000000000000 e 0
170 144 79 1 3fffffffffffffffffffffff 80000000000000000000 0 1 80000001 0 1 200000000000000000000000 e 0
170 144 79 1 3fffffffffffffffffffffff 80000000000000000000 2 1 0 0 0 200000000000000000000000 e 0
170 144 79 1 3fffffffffffffffffffffff 80000000000000000000 2 1 1 0 0 200000000000000000000000 e 0
170 144 79 1 3fffffffffffffffffffffff 80000000000000000000 2 1 2 0 0 200000000000000000000000 e 0
170 144 79 1 3fffffffffffffffffffffff 80000000000000000000 2 1 8000 0 0 200000000000000000000000 e 0
170 144 79 1 3fffffffffffffffffffffff 80000000000000000000 2 1 80000000 0 0 200000000000000000000000 e 0
170 144 79 1 3fffffffffffffffffffffff 80000000000000000000 2 1 80000001 0 0 200000000000000000000000 e 0
170 144 79 1 3fffffffffffffffffffffff 100000000000000000000 0 1 2 1 1 200000000000000000000000 e 0
170 144 79 1 3fffffffffffffffffffffff 400000000000000000000000 0 1 8000 f 1 200000000000000000000000 e 0
170 144 79 1 3fffffffffffffffffffffff 4000000000000000000000000000 0 1 80000000 1f 1 200000000000000000000000 e 0
170 144 79 1 400000000000000000000000 80000000000000000000 0 1 0 0 1 400000000000000000000000 f 0
170 144 79 1 400000000000000000000000 80000000000000000000 0 1 1 0 1 400000000000000000000000 f 0
170 144 79 1 400000000000000000000000 80000000000000000000 0 1 80000001 0 1 400000000000000000000000 f 0
170 144 79 1 400000000000000000000000 80000000000000000000 2 1 0 0 0 400000000000000000000000 f 0
170 144 79 1 400000000000000000000000 80000000000000000000 2 1 1 0 0 400000000000000000000000 f 0
170 144 79 1 400000000000000000000000 80000000000000000000 2 1 2 0 0 400000000000000000000000 f 0
170 144 79 1 400000000000000000000000 80000000000000000000 2 1 8000 0 0 400000000000000000000000 f 0
170 144 79 1 400000000000000000000000 80000000000000000000 2 1 80000000 0 0 400000000000000000000000 f 0
170 144 79 1 400000000000000000000000 80000000000000000000 2 1 80000001 0 0 400000000000000000000000 f 0
170 144 79 1 400000000000000000000000 100000000000000000000 0 1 2 1 1 400000000000000000000000 f 0
170 144 79 1 400000000000000000000000 400000000000000000000000 0 1 8000 f 1 400000000000000000000000 f 0
170 144 79 1 400000000000000000000000 4000000000000000000000000000 0 1 80000000 1f 1 400000000000000000000000 f 0
170 144 79 1 400000000000000000000001 80000000000000000000 0 1 0 0 1 400000000000000000000000 f 0
170 144 79 1 400000000000000000000001 80000000000000000000 0 1 1 0 1 400000000000000000000000 f 0
170 144 79 1 400000000000000000000001 80000000000000000000 0 1 80000001 0 1 400000000000000000000000 f 0
170 144 79 1 400000000000000000000001 80000000000000000000 2 1 0 0 0 400000000000000000000000 f 0
170 144 79 1 400000000000000000000001 80000000000000000000 2 1 1 0 0 400000000000000000000000 f 0
170 144 79 1 400000000000000000000001 80000000000000000000 2 1 2 0 0 400000000000000000000000 f 0
170 144 79 1 400000000000000000000001 80000000000000000000 2 1 8000 0 0 400000000000000000000000 f 0
170 144 79 1 400000000000000000000001 80000000000000000000 2 1 80000000 0 0 400000000000000000000000 f 0
170 144 79 1 400000000000000000000001 80000000000000000000 2 1 80000001 0 0 400000000000000000000000 f 0
170 144 79 1 400000000000000000000001 100000000000000000000 0 1 2 1 1 400000000000000000000000 f 0
170 144 79 1 400000000000000000000001 400000000000000000000000 0 1 8000 f 1 400000000000000000000000 f 0
170 144 79 1 400000000000000000000001 4000000000000000000000000000 0 1 80000000 1f 1 400000000000000000000000 f 0
170 144 79 1 400000000000000000007fff 80000000000000000001 0 1 0 0 1 200000000000000000004000 e 0
170 144 79 1 400000000000000000007fff 80000000000000000001 0 1 1 0 1 200000000000000000004000 e 0
170 144 79 1 400000000000000000007fff 80000000000000000001 0 1 80000001 0 1 200000000000000000004000 e 0
170 144 79 1 400000000000000000007fff 80000000000000000001 2 1 0 0 0 200000000000000000004000 e 0
170 144 79 1 400000000000000000007fff 80000000000000000001 2 1 1 0 0 200000000000000000004000 e 0
170 144 79 1 400000000000000000007fff 80000000000000000001 2 1 2 0 0 200000000000000000004000 e 0
170 144 79 1 400000000000000000007fff 80000000000000000001 2 1 8000 0 0 200000000000000000004000 e 0
170 144 79 1 400000000000000000007fff 80000000000000000001 2 1 80000000 0 0 200000000000000000004000 e 0
170 144 79 1 400000000000000000007fff 80000000000000000001 2 1 80000001 0 0 200000000000000000004000 e 0
170 144 79 1 400000000000000000007fff 100000000000000000002 0 1 2 1 1 200000000000000000004000 e 0
170 144 79 1 400000000000000000007fff 400000000000000000008000 0 1 8000 f 1 200000000000000000004000 e 0
170 144 79 1 400000000000000000007fff 4000000000000000000080000000 0 1 80000000 1f 1 200000000000000000004000 e 0
170 144 79 1 400000000000000000008000 80000000000000000001 0 1 0 0 1 400000000000000000008000 f 0
170 144 79 1 400000000000000000008000 80000000000000000001 0 1 1 0 1 400000000000000000008000 f 0
170 144 79 1 400000000000000000008000 80000000000000000001 0 1 80000001 0 1 400000000000000000008000 f 0
170 144 79 1 400000000000000000008000 80000000000000000001 2 1 0 0 0 400000000000000000008000 f 0
170 144 79 1 400000000000000000008000 80000000000000000001 2 1 1 0 0 400000000000000000008000 f 0
170 144 79 1 400000000000000000008000 80000000000000000001 2 1 2 0 0 400000000000000000008000 f 0
170 144 79 1 400000000000000000008000 80000000000000000001 2 1 8000 0 0 400000000000000000008000 f 0
170 144 79 1 400000000000000000008000 80000000000000000001 2 1 80000000 0 0 400000000000000000008000 f 0
170 144 79 1 400000000000000000008000 80000000000000000001 2 1 80000001 0 0 400000000000000000008000 f 0
170 144 79 1 400000000000000000008000 100000000000000000002 0 1 2 1 1 400000000000000000008000 f 0
170 144 79 1 400000000000000000008000 400000000000000000008000 0 1 8000 f 1 400000000000000000008000 f 0
170 144 79 1 400000000000000000008000 4000000000000000000080000000 0 1 80000000 1f 1 400000000000000000008000 f 0
170 144 79 1 400000000000000000008001 80000000000000000001 0 1 0 0 1 400000000000000000008000 f 0
170 144 79 1 400000000000000000008001 80000000000000000001 0 1 1 0 1 400000000000000000008000 f 0
170 144 79 1 400000000000000000008001 80000000000000000001 0 1 80000001 0 1 400000000000000000008000 f 0
170 144 79 1 400000000000000000008001 80000000000000000001 2 1 0 0 0 400000000000000000008000 f 0
170 144 79 1 400000000000000000008001 80000000000000000001 2 1 1 0 0 400000000000000000008000 f 0
170 144 79 1 400000000000000000008001 80000000000000000001 2 1 2 0 0 400000000000000000008000 f 0
170 144 79 1 400000000000000000008001 80000000000000000001 2 1 8000 0 0 400000000000000000008000 f 0
170 144 79 1 400000000000000000008001 80000000000000000001 2 1 80000000 0 0 400000000000000000008000 f 0
170 144 79 1 400000000000000000008001 80000000000000000001 2 1 80000001 0 0 400000000000000000008000 f 0
170 144 79 1 400000000000000000008001 100000000000000000002 0 1 2 1 1 400000000000000000008000 f 0
170 144 79 1 400000000000000000008001 400000000000000000008000 0 1 8000 f 1 400000000000000000008000 f 0
170 144 79 1 400000000000000000008001 4000000000000000000080000000 0 1 80000000 1f 1 400000000000000000008000 f 0
170 144 79 1 3fffffffffffffffffffffffffff 80000000000000000000 0 1 0 0 1 2000000000000000000000000000 1e 0
170 144 79 1 3fffffffffffffffffffffffffff 80000000000000000000 0 1 1 0 1 2000000000000000000000000000 1e 0
170 144 79 1 3fffffffffffffffffffffffffff 80000000000000000000 0 1 80000001 0 1 2000000000000000000000000000 1e 0
170 144 79 1 3fffffffffffffffffffffffffff 80000000000000000000 2 1 0 0 0 2000000000000000000000000000 1e 0
170 144 79 1 3fffffffffffffffffffffffffff 80000000000000000000 2 1 1 0 0 2000000000000000000000000000 1e 0
170 144 79 1 3fffffffffffffffffffffffffff 80000000000000000000 2 1 2 0 0 2000000000000000000000000000 1e 0
170 144 79 1 3fffffffffffffffffffffffffff 80000000000000000000 2 1 8000 0 0 2000000000000000000000000000 1e 0
170 144 79 1 3fffffffffffffffffffffffffff 80000000000000000000 2 1 80000000 0 0 2000000000000000000000000000 1e 0
170 144 79 1 3fffffffffffffffffffffffffff 80000000000000000000 2 1 80000001 0 0 2000000000000000000000000000 1e 0
170 144 79 1 3fffffffffffffffffffffffffff 100000000000000000000 0 1 2 1 1 2000000000000000000000000000 1e 0
170 144 79 1 3fffffffffffffffffffffffffff 400000000000000000000000 0 1 8000 f 1 2000000000000000000000000000 1e 0
170 144 79 1 3fffffffffffffffffffffffffff 4000000000000000000000000000 0 1 80000000 1f 1 2000000000000000000000000000 1e 0
170 144 79 1 4000000000000000000000000000 80000000000000000000 0 1 0 0 1 4000000000000000000000000000 1f 0
170 144 79 1 4000000000000000000000000000 80000000000000000000 0 1 1 0 1 4000000000000000000000000000 1f 0
170 144 79 1 4000000000000000000000000000 80000000000000000000 0 1 80000001 0 1 4000000000000000000000000000 1f 0
170 144 79 1 4000000000000000000000000000 80000000000000000000 2 1 0 0 0 4000000000000000000000000000 1f 0
170 144 79 1 4000000000000000000000000000 80000000000000000000 2 1 1 0 0 4000000000000000000000000000 1f 0
170 144 79 1 4000000000000000000000000000 80000000000000000000 2 1 2 0 0 4000000000000000000000000000 1f 0
170 144 79 1 4000000000000000000000000000 80000000000000000000 2 1 8000 0 0 4000000000000000000000000000 1f 0
170 144 79 1 4000000000000000000000000000 80000000000000000000 2 1 80000000 0 0 4000000000000000000000000000 1f 0
170 144 79 1 4000000000000000000000000000 80000000000000000000 2 1 80000001 0 0 4000000000000000000000000000 1f 0
170 144 79 1 4000000000000000000000000000 100000000000000000000 0 1 2 1 1 4000000000000000000000000000 1f 0
170 144 79 1 4000000000000000000000000000 400000000000000000000000 0 1 8000 f 1 4000000000000000000000000000 1f 0
170 144 79 1 4000000000000000000000000000 4000000000000000000000000000 0 1 80000000 1f 1 4000000000000000000000000000 1f 0
170 144 79 1 4000000000000000000000000001 80000000000000000000 0 1 0 0 1 4000000000000000000000000000 1f 0
170 144 79 1 4000000000000000000000000001 80000000000000000000 0 1 1 0 1 4000000000000000000000000000 1f 0
170 144 79 1 4000000000000000000000000001 80000000000000000000 0 1 80000001 0 1 4000000000000000000000000000 1f 0
170 144 79 1 4000000000000000000000000001 80000000000000000000 2 1 0 0 0 4000000000000000000000000000 1f 0
170 144 79 1 4000000000000000000000000001 80000000000000000000 2 1 1 0 0 4000000000000000000000000000 1f 0
170 144 79 1 4000000000000000000000000001 80000000000000000000 2 1 2 0 0 4000000000000000000000000000 1f 0
170 144 79 1 4000000000000000000000000001 80000000000000000000 2 1 8000 0 0 4000000000000000000000000000 1f 0
170 144 79 1 4000000000000000000000000001 80000000000000000000 2 1 80000000 0 0 4000000000000000000000000000 1f 0
170 144 79 1 4000000000000000000000000001 80000000000000000000 2 1 80000001 0 0 4000000000000000000000000000 1f 0
170 144 79 1 4000000000000000000000000001 100000000000000000000 0 1 2 1 1 4000000000000000000000000000 1f 0
170 144 79 1 4000000000000000000000000001 400000000000000000000000 0 1 8000 f 1 4000000000000000000000000000 1f 0
170 144 79 1 4000000000000000000000000001 4000000000000000000000000000 0 1 80000000 1f 1 4000000000000000000000000000 1f 0
170 144 79 1 400000000000000000007fffffff 80000000000000000001 0 1 0 0 1 2000000000000000000040000000 1e 0
170 144 79 1 400000000000000000007fffffff 80000000000000000001 0 1 1 0 1 2000000000000000000040000000 1e 0
170 144 79 1 400000000000000000007fffffff 80000000000000000001 0 1 80000001 0 1 2000000000000000000040000000 1e 0
170 144 79 1 400000000000000000007fffffff 80000000000000000001 2 1 0 0 0 2000000000000000000040000000 1e 0
170 144 79 1 400000000000000000007fffffff 80000000000000000001 2 1 1 0 0 2000000000000000000040000000 1e 0
170 144 79 1 400000000000000000007fffffff 80000000000000000001 2 1 2 0 0 2000000000000000000040000000 1e 0
170 144 79 1 400000000000000000007fffffff 80000000000000000001 2 1 8000 0 0 2000000000000000000040000000 1e 0
170 144 79 1 400000000000000000007fffffff 80000000000000000001 2 1 80000000 0 0 2000000000000000000040000000 1e 0
170 144 79 1 400000000000000000007fffffff 80000000000000000001 2 1 80000001 0 0 2000000000000000000040000000 1e 0
170 144 79 1 400000000000000000007fffffff 100000000000000000002 0 1 2 1 1 2000000000000000000040000000 1e 0
170 144 79 1 400000000000000000007fffffff 400000000000000000008000 0 1 8000 f 1 2000000000000000000040000000 1e 0
170 144 79 1 400000000000000000007fffffff 4000000000000000000080000000 0 1 80000000 1f 1 2000000000000000000040000000 1e 0
170 144 79 1 4000000000000000000080000000 80000000000000000001 0 1 0 0 1 4000000000000000000080000000 1f 0
170 144 79 1 4000000000000000000080000000 80000000000000000001 0 1 1 0 1 4000000000000000000080000000 1f 0
170 144 79 1 4000000000000000000080000000 80000000000000000001 0 1 80000001 0 1 4000000000000000000080000000 1f 0
170 144 79 1 4000000000000000000080000000 80000000000000000001 2 1 0 0 0 4000000000000000000080000000 1f 0
170 144 79 1 4000000000000000000080000000 80000000000000000001 2 1 1 0 0 4000000000000000000080000000 1f 0
170 144 79 1 4000000000000000000080000000 80000000000000000001 2 1 2 0 0 4000000000000000000080000000 1f 0
170 144 79 1 4000000000000000000080000000 80000000000000000001 2 1 8000 0 0 4000000000000000000080000000 1f 0
170 144 79 1 4000000000000000000080000000 80000000000000000001 2 1 80000000 0 0 4000000000000000000080000000 1f 0
170 144 79 1 4000000000000000000080000000 80000000000000000001 2 1 80000001 0 0 4000000000000000000080000000 1f 0
170 144 79 1 4000000000000000000080000000 100000000000000000002 0 1 2 1 1 4000000000000000000080000000 1f 0
170 144 79 1 4000000000000000000080000000 400000000000000000008000 0 1 8000 f 1 4000000000000000000080000000 1f 0
170 144 79 1 4000000000000000000080000000 4000000000000000000080000000 0 1 80000000 1f 1 4000000000000000000080000000 1f 0
170 144 79 1 4000000000000000000080000001 80000000000000000001 0 1 0 0 1 4000000000000000000080000000 1f 0
170 144 79 1 4000000000000000000080000001 80000000000000000001 0 1 1 0 1 4000000000000000000080000000 1f 0
170 144 79 1 4000000000000000000080000001 80000000000000000001 0 1 80000001 0 1 4000000000000000000080000000 1f 0
170 144 79 1 4000000000000000000080000001 80000000000000000001 2 1 0 0 0 4000000000000000000080000000 1f 0
170 144 79 1 4000000000000000000080000001 80000000000000000001 2 1 1 0 0 4000000000000000000080000000 1f 0
170 144 79 1 4000000000000000000080000001 80000000000000000001 2 1 2 0 0 4000000000000000000080000000 1f 0
170 144 79 1 4000000000000000000080000001 80000000000000000001 2 1 8000 0 0 4000000000000000000080000000 1f 0
170 144 79 1 4000000000000000000080000001 80000000000000000001 2 1 80000000 0 0 4000000000000000000080000000 1f 0
170 144 79 1 4000000000000000000080000001 80000000000000000001 2 1 80000001 0 0 4000000000000000000080000000 1f 0
170 144 79 1 4000000000000000000080000001 100000000000000000002 0 1 2 1 1 4000000000000000000080000000 1f 0
170 144 79 1 4000000000000000000080000001 400000000000000000008000 0 1 8000 f 1 4000000000000000000080000000 1f 0
170 144 79 1 4000000000000000000080000001 4000000000000000000080000000 0 1 80000000 1f 1 4000000000000000000080000000 1f 0
170 144 79 1 1ffffffffffffffffffffffffffffffffff 20000000000000000000000000000000000 0 1 0 0 1 20000000000000000000000000000000000 0 1
170 144 79 1 1ffffffffffffffffffffffffffffffffff 20000000000000000000000000000000000 0 1 1 0 1 20000000000000000000000000000000000 0 1
170 144 79 1 1ffffffffffffffffffffffffffffffffff 20000000000000000000000000000000000 0 1 80000001 0 1 20000000000000000000000000000000000 0 1
170 144 79 1 1ffffffffffffffffffffffffffffffffff 20000000000000000000000000000000000 2 1 0 0 0 20000000000000000000000000000000000 0 1
170 144 79 1 1ffffffffffffffffffffffffffffffffff 20000000000000000000000000000000000 2 1 1 0 0 20000000000000000000000000000000000 0 1
170 144 79 1 1ffffffffffffffffffffffffffffffffff 20000000000000000000000000000000000 2 1 2 0 0 20000000000000000000000000000000000 0 1
170 144 79 1 1ffffffffffffffffffffffffffffffffff 20000000000000000000000000000000000 2 1 8000 0 0 20000000000000000000000000000000000 0 1
170 144 79 1 1ffffffffffffffffffffffffffffffffff 20000000000000000000000000000000000 2 1 80000000 0 0 20000000000000000000000000000000000 0 1
170 144 79 1 1ffffffffffffffffffffffffffffffffff 20000000000000000000000000000000000 2 1 80000001 0 0 20000000000000000000000000000000000 0 1
170 144 79 1 1ffffffffffffffffffffffffffffffffff 40000000000000000000000000000000000 0 1 2 1 1 20000000000000000000000000000000000 0 1
170 144 79 1 1ffffffffffffffffffffffffffffffffff 100000000000000000000000000000000000000 0 1 8000 f 1 20000000000000000000000000000000000 0 1
170 144 79 1 1ffffffffffffffffffffffffffffffffff 1000000000000000000000000000000000000000000 0 1 80000000 1f 1 20000000000000000000000000000000000 0 1
170 144 79 1 20000000000000000000000000000000000 20000000000000000000000000000000000 0 1 0 0 1 20000000000000000000000000000000000 0 0
170 144 79 1 20000000000000000000000000000000000 20000000000000000000000000000000000 0 1 1 0 1 20000000000000000000000000000000000 0 0
170 144 79 1 20000000000000000000000000000000000 20000000000000000000000000000000000 0 1 80000001 0 1 20000000000000000000000000000000000 0 0
170 144 79 1 20000000000000000000000000000000000 20000000000000000000000000000000000 2 1 0 0 0 20000000000000000000000000000000000 0 0
170 144 79 1 20000000000000000000000000000000000 20000000000000000000000000000000000 2 1 1 0 0 20000000000000000000000000000000000 0 0
170 144 79 1 20000000000000000000000000000000000 20000000000000000000000000000000000 2 1 2 0 0 20000000000000000000000000000000000 0 0
170 144 79 1 20000000000000000000000000000000000 20000000000000000000000000000000000 2 1 8000 0 0 20000000000000000000000000000000000 0 0
170 144 79 1 20000000000000000000000000000000000 20000000000000000000000000000000000 2 1 80000000 0 0 20000000000000000000000000000000000 0 0
170 144 79 1 20000000000000000000000000000000000 20000000000000000000000000000000000 2 1 80000001 0 0 20000000000000000000000000000000000 0 0
170 144 79 1 20000000000000000000000000000000000 40000000000000000000000000000000000 0 1 2 1 1 20000000000000000000000000000000000 0 0
170 144 79 1 20000000000000000000000000000000000 100000000000000000000000000000000000000 0 1 8000 f 1 20000000000000000000000000000000000 0 0
170 144 79 1 20000000000000000000000000000000000 1000000000000000000000000000000000000000000 0 1 80000000 1f 1 20000000000000000000000000000000000 0 0
170 144 79 1 20000000000000000000000000000000001 20000000000000000000000000000000000 0 1 0 0 1 20000000000000000000000000000000000 0 0
170 144 79 1 20000000000000000000000000000000001 20000000000000000000000000000000000 0 1 1 0 1 20000000000000000000000000000000000 0 0
170 144 79 1 20000000000000000000000000000000001 20000000000000000000000000000000000 0 1 80000001 0 1 20000000000000000000000000000000000 0 0
170 144 79 1 20000000000000000000000000000000001 20000000000000000000000000000000000 2 1 0 0 0 20000000000000000000000000000000000 0 0
170 144 79 1 20000000000000000000000000000000001 20000000000000000000000000000000000 2 1 1 0 0 20000000000000000000000000000000000 0 0
170 144 79 1 20000000000000000000000000000000001 20000000000000000000000000000000000 2 1 2 0 0 20000000000000000000000000000000000 0 0
170 144 79 1 20000000000000000000000000000000001 20000000000000000000000000000000000 2 1 8000 0 0 20000000000000000000000000000000000 0 0
170 144 79 1 20000000000000000000000000000000001 20000000000000000000000000000000000 2 1 80000000 0 0 20000000000000000000000000000000000 0 0
170 144 79 1 20000000000000000000000000000000001 20000000000000000000000000000000000 2 1 80000001 0 0 20000000000000000000000000000000000 0 0
170 144 79 1 20000000000000000000000000000000001 40000000000000000000000000000000000 0 1 2 1 1 20000000000000000000000000000000000 0 0
170 144 79 1 20000000000000000000000000000000001 100000000000000000000000000000000000000 0 1 8000 f 1 20000000000000000000000000000000000 0 0
170 144 79 1 20000000000000000000000000000000001 1000000000000000000000000000000000000000000 0 1 80000000 1f 1 20000000000000000000000000000000000 0 0
170 144 79 1 3ffffffffffffffffffffffffffffffffff 20000000000000000000000000000000000 0 1 0 0 1 20000000000000000000000000000000000 0 0
170 144 79 1 3ffffffffffffffffffffffffffffffffff 20000000000000000000000000000000000 0 1 1 0 1 20000000000000000000000000000000000 0 0
170 144 79 1 3ffffffffffffffffffffffffffffffffff 20000000000000000000000000000000000 0 1 80000001 0 1 20000000000000000000000000000000000 0 0
170 144 79 1 3ffffffffffffffffffffffffffffffffff 20000000000000000000000000000000000 2 1 0 0 0 20000000000000000000000000000000000 0 0
170 144 79 1 3ffffffffffffffffffffffffffffffffff 20000000000000000000000000000000000 2 1 1 0 0 20000000000000000000000000000000000 0 0
170 144 79 1 3ffffffffffffffffffffffffffffffffff 20000000000000000000000000000000000 2 1 2 0 0 20000000000000000000000000000000000 0 0
170 144 79 1 3ffffffffffffffffffffffffffffffffff 20000000000000000000000000000000000 2 1 8000 0 0 20000000000000000000000000000000000 0 0
170 144 79 1 3ffffffffffffffffffffffffffffffffff 20000000000000000000000000000000000 2 1 80000000 0 0 20000000000000000000000000000000000 0 0
170 144 79 1 3ffffffffffffffffffffffffffffffffff 20000000000000000000000000000000000 2 1 80000001 0 0 20000000000000000000000000000000000 0 0
170 144 79 1 3ffffffffffffffffffffffffffffffffff 40000000000000000000000000000000000 0 1 2 1 1 20000000000000000000000000000000000 0 0
170 144 79 1 3ffffffffffffffffffffffffffffffffff 100000000000000000000000000000000000000 0 1 8000 f 1 20000000000000000000000000000000000 0 0
170 144 79 1 3ffffffffffffffffffffffffffffffffff 1000000000000000000000000000000000000000000 0 1 80000000 1f 1 20000000000000000000000000000000000 0 0
170 144 79 1 40000000000000000000000000000000000 20000000000000000000000000000000000 0 1 0 0 1 40000000000000000000000000000000000 1 0
170 144 79 1 40000000000000000000000000000000000 20000000000000000000000000000000000 0 1 1 0 1 40000000000000000000000000000000000 1 0
170 144 79 1 40000000000000000000000000000000000 20000000000000000000000000000000000 0 1 80000001 0 1 40000000000000000000000000000000000 1 0
170 144 79 1 40000000000000000000000000000000000 20000000000000000000000000000000000 2 1 0 0 0 40000000000000000000000000000000000 1 0
170 144 79 1 40000000000000000000000000000000000 20000000000000000000000000000000000 2 1 1 0 0 40000000000000000000000000000000000 1 0
170 144 79 1 40000000000000000000000000000000000 20000000000000000000000000000000000 2 1 2 0 0 40000000000000000000000000000000000 1 0
170 144 79 1 40000000000000000000000000000000000 20000000000000000000000000000000000 2 1 8000 0 0 40000000000000000000000000000000000 1 0
170 144 79 1 40000000000000000000000000000000000 20000000000000000000000000000000000 2 1 80000000 0 0 40000000000000000000000000000000000 1 0
170 144 79 1 40000000000000000000000000000000000 20000000000000000000000000000000000 2 1 80000001 0 0 40000000000000000000000000000000000 1 0
170 144 79 1 40000000000000000000000000000000000 40000000000000000000000000000000000 0 1 2 1 1 40000000000000000000000000000000000 1 0
170 144 79 1 40000000000000000000000000000000000 100000000000000000000000000000000000000 0 1 8000 f 1 40000000000000000000000000000000000 1 0
170 144 79 1 40000000000000000000000000000000000 1000000000000000000000000000000000000000000 0 1 80000000 1f 1 40000000000000000000000000000000000 1 0
170 144 79 1 40000000000000000000000000000000001 20000000000000000000000000000000000 0 1 0 0 1 40000000000000000000000000000000000 1 0
170 144 79 1 40000000000000000000000000000000001 20000000000000000000000000000000000 0 1 1 0 1 40000000000000000000000000000000000 1 0
170 144 79 1 40000000000000000000000000000000001 20000000000000000000000000000000000 0 1 80000001 0 1 40000000000000000000000000000000000 1 0
170 144 79 1 40000000000000000000000000000000001 20000000000000000000000000000000000 2 1 0 0 0 40000000000000000000000000000000000 1 0
170 144 79 1 40000000000000000000000000000000001 20000000000000000000000000000000000 2 1 1 0 0 40000000000000000000000000000000000 1 0
170 144 79 1 40000000000000000000000000000000001 20000000000000000000000000000000000 2 1 2 0 0 40000000000000000000000000000000000 1 0
170 144 79 1 40000000000000000000000000000000001 20000000000000000000000000000000000 2 1 8000 0 0 40000000000000000000000000000000000 1 0
170 144 79 1 40000000000000000000000000000000001 20000000000000000000000000000000000 2 1 80000000 0 0 40000000000000000000000000000000000 1 0
170 144 79 1 40000000000000000000000000000000001 20000000000000000000000000000000000 2 1 80000001 0 0 40000000000000000000000000000000000 1 0
170 144 79 1 40000000000000000000000000000000001 40000000000000000000000000000000000 0 1 2 1 1 40000000000000000000000000000000000 1 0
170 144 79 1 40000000000000000000000000000000001 100000000000000000000000000000000000000 0 1 8000 f 1 40000000000000000000000000000000000 1 0
170 144 79 1 40000000000000000000000000000000001 1000000000000000000000000000000000000000000 0 1 80000000 1f 1 40000000000000000000000000000000000 1 0
170 144 79 1 ffffffffffffffffffffffffffffffffffffff 20000000000000000000000000000000000 0 1 0 0 1 80000000000000000000000000000000000000 e 0
170 144 79 1 ffffffffffffffffffffffffffffffffffffff 20000000000000000000000000000000000 0 1 1 0 1 80000000000000000000000000000000000000 e 0
170 144 79 1 ffffffffffffffffffffffffffffffffffffff 20000000000000000000000000000000000 0 1 80000001 0 1 80000000000000000000000000000000000000 e 0
170 144 79 1 ffffffffffffffffffffffffffffffffffffff 20000000000000000000000000000000000 2 1 0 0 0 80000000000000000000000000000000000000 e 0
170 144 79 1 ffffffffffffffffffffffffffffffffffffff 20000000000000000000000000000000000 2 1 1 0 0 80000000000000000000000000000000000000 e 0
170 144 79 1 ffffffffffffffffffffffffffffffffffffff 20000000000000000000000000000000000 2 1 2 0 0 80000000000000000000000000000000000000 e 0
170 144 79 1 ffffffffffffffffffffffffffffffffffffff 20000000000000000000000000000000000 2 1 8000 0 0 80000000000000000000000000000000000000 e 0
170 144 79 1 ffffffffffffffffffffffffffffffffffffff 20000000000000000000000000000000000 2 1 80000000 0 0 80000000000000000000000000000000000000 e 0
170 144 79 1 ffffffffffffffffffffffffffffffffffffff 20000000000000000000000000000000000 2 1 80000001 0 0 80000000000000000000000000000000000000 e 0
170 144 79 1 ffffffffffffffffffffffffffffffffffffff 40000000000000000000000000000000000 0 1 2 1 1 80000000000000000000000000000000000000 e 0
170 144 79 1 ffffffffffffffffffffffffffffffffffffff 100000000000000000000000000000000000000 0 1 8000 f 1 80000000000000000000000000000000000000 e 0
170 144 79 1 ffffffffffffffffffffffffffffffffffffff 1000000000000000000000000000000000000000000 0 1 80000000 1f 1 80000000000000000000000000000000000000 e 0
170 144 79 1 100000000000000000000000000000000000000 20000000000000000000000000000000000 0 1 0 0 1 100000000000000000000000000000000000000 f 0
170 144 79 1 100000000000000000000000000000000000000 20000000000000000000000000000000000 0 1 1 0 1 100000000000000000000000000000000000000 f 0
170 144 79 1 100000000000000000000000000000000000000 20000000000000000000000000000000000 0 1 80000001 0 1 100000000000000000000000000000000000000 f 0
170 144 79 1 100000000000000000000000000000000000000 20000000000000000000000000000000000 2 1 0 0 0 100000000000000000000000000000000000000 f 0
170 144 79 1 100000000000000000000000000000000000000 20000000000000000000000000000000000 2 1 1 0 0 100000000000000000000000000000000000000 f 0
170 144 79 1 100000000000000000000000000000000000000 20000000000000000000000000000000000 2 1 2 0 0 100000000000000000000000000000000000000 f 0
170 144 79 1 100000000000000000000000000000000000000 20000000000000000000000000000000000 2 1 8000 0 0 100000000000000000000000000000000000000 f 0
170 144 79 1 100000000000000000000000000000000000000 20000000000000000000000000000000000 2 1 80000000 0 0 100000000000000000000000000000000000000 f 0
170 144 79 1 100000000000000000000000000000000000000 20000000000000000000000000000000000 2 1 80000001 0 0 100000000000000000000000000000000000000 f 0
170 144 79 1 100000000000000000000000000000000000000 40000000000000000000000000000000000 0 1 2 1 1 100000000000000000000000000000000000000 f 0
170 144 79 1 100000000000000000000000000000000000000 100000000000000000000000000000000000000 0 1 8000 f 1 100000000000000000000000000000000000000 f 0
170 144 79 1 100000000000000000000000000000000000000 1000000000000000000000000000000000000000000 0 1 80000000 1f 1 100000000000000000000000000000000000000 f 0
170 144 79 1 100000000000000000000000000000000000001 20000000000000000000000000000000000 0 1 0 0 1 100000000000000000000000000000000000000 f 0
170 144 79 1 100000000000000000000000000000000000001 20000000000000000000000000000000000 0 1 1 0 1 100000000000000000000000000000000000000 f 0
170 144 79 1 100000000000000000000000000000000000001 20000000000000000000000000000000000 0 1 80000001 0 1 100000000000000000000000000000000000000 f 0
170 144 79 1 100000000000000000000000000000000000001 20000000000000000000000000000000000 2 1 0 0 0 100000000000000000000000000000000000000 f 0
170 144 79 1 100000000000000000000000000000000000001 20000000000000000000000000000000000 2 1 1 0 0 100000000000000000000000000000000000000 f 0
170 144 79 1 100000000000000000000000000000000000001 20000000000000000000000000000000000 2 1 2 0 0 100000000000000000000000000000000000000 f 0
170 144 79 1 100000000000000000000000000000000000001 20000000000000000000000000000000000 2 1 8000 0 0 100000000000000000000000000000000000000 f 0
170 144 79 1 100000000000000000000000000000000000001 20000000000000000000000000000000000 2 1 80000000 0 0 100000000000000000000000000000000000000 f 0
170 144 79 1 100000000000000000000000000000000000001 20000000000000000000000000000000000 2 1 80000001 0 0 100000000000000000000000000000000000000 f 0
170 144 79 1 100000000000000000000000000000000000001 40000000000000000000000000000000000 0 1 2 1 1 100000000000000000000000000000000000000 f 0
170 144 79 1 100000000000000000000000000000000000001 100000000000000000000000000000000000000 0 1 8000 f 1 100000000000000000000000000000000000000 f 0
170 144 79 1 100000000000000000000000000000000000001 1000000000000000000000000000000000000000000 0 1 80000000 1f 1 100000000000000000000000000000000000000 f 0
170 144 79 1 ffffffffffffffffffffffffffffffffffffffffff 20000000000000000000000000000000000 0 1 0 0 1 800000000000000000000000000000000000000000 1e 0
170 144 79 1 ffffffffffffffffffffffffffffffffffffffffff 20000000000000000000000000000000000 0 1 1 0 1 800000000000000000000000000000000000000000 1e 0
170 144 79 1 ffffffffffffffffffffffffffffffffffffffffff 20000000000000000000000000000000000 0 1 80000001 0 1 800000000000000000000000000000000000000000 1e 0
170 144 79 1 ffffffffffffffffffffffffffffffffffffffffff 20000000000000000000000000000000000 2 1 0 0 0 800000000000000000000000000000000000000000 1e 0
170 144 79 1 ffffffffffffffffffffffffffffffffffffffffff 20000000000000000000000000000000000 2 1 1 0 0 800000000000000000000000000000000000000000 1e 0
170 144 79 1 ffffffffffffffffffffffffffffffffffffffffff 20000000000000000000000000000000000 2 1 2 0 0 800000000000000000000000000000000000000000 1e 0
170 144 79 1 ffffffffffffffffffffffffffffffffffffffffff 20000000000000000000000000000000000 2 1 8000 0 0 800000000000000000000000000000000000000000 1e 0
170 144 79 1 ffffffffffffffffffffffffffffffffffffffffff 20000000000000000000000000000000000 2 1 80000000 0 0 800000000000000000000000000000000000000000 1e 0
170 144 79 1 ffffffffffffffffffffffffffffffffffffffffff 20000000000000000000000000000000000 2 1 80000001 0 0 800000000000000000000000000000000000000000 1e 0
170 144 79 1 ffffffffffffffffffffffffffffffffffffffffff 40000000000000000000000000000000000 0 1 2 1 1 800000000000000000000000000000000000000000 1e 0
170 144 79 1 ffffffffffffffffffffffffffffffffffffffffff 100000000000000000000000000000000000000 0 1 8000 f 1 800000000000000000000000000000000000000000 1e 0
170 144 79 1 ffffffffffffffffffffffffffffffffffffffffff 1000000000000000000000000000000000000000000 0 1 0 0 1 1000000000000000000000000000000000000000000 0 1
170 144 79 1 ffffffffffffffffffffffffffffffffffffffffff 1000000000000000000000000000000000000000000 0 1 1 0 1 1000000000000000000000000000000000000000000 0 1
170 144 79 1 ffffffffffffffffffffffffffffffffffffffffff 1000000000000000000000000000000000000000000 0 1 80000000 1f 1 800000000000000000000000000000000000000000 1e 0
170 144 79 1 ffffffffffffffffffffffffffffffffffffffffff 1000000000000000000000000000000000000000000 0 1 80000001 0 1 1000000000000000000000000000000000000000000 0 1
170 144 79 1 ffffffffffffffffffffffffffffffffffffffffff 1000000000000000000000000000000000000000000 2 1 0 0 0 1000000000000000000000000000000000000000000 0 1
170 144 79 1 ffffffffffffffffffffffffffffffffffffffffff 1000000000000000000000000000000000000000000 2 1 1 0 0 1000000000000000000000000000000000000000000 0 1
170 144 79 1 ffffffffffffffffffffffffffffffffffffffffff 1000000000000000000000000000000000000000000 2 1 2 0 0 1000000000000000000000000000000000000000000 0 1
170 144 79 1 ffffffffffffffffffffffffffffffffffffffffff 1000000000000000000000000000000000000000000 2 1 8000 0 0 1000000000000000000000000000000000000000000 0 1
170 144 79 1 ffffffffffffffffffffffffffffffffffffffffff 1000000000000000000000000000000000000000000 2 1 80000000 0 0 1000000000000000000000000000000000000000000 0 1
170 144 79 1 ffffffffffffffffffffffffffffffffffffffffff 1000000000000000000000000000000000000000000 2 1 80000001 0 0 1000000000000000000000000000000000000000000 0 1
170 144 79 1 ffffffffffffffffffffffffffffffffffffffffff 2000000000000000000000000000000000000000000 0 1 2 1 1 1000000000000000000000000000000000000000000 0 1
170 144 79 1 1000000000000000000000000000000000000000000 20000000000000000000000000000000000 0 1 0 0 1 1000000000000000000000000000000000000000000 1f 0
170 144 79 1 1000000000000000000000000000000000000000000 20000000000000000000000000000000000 0 1 1 0 1 1000000000000000000000000000000000000000000 1f 0
170 144 79 1 1000000000000000000000000000000000000000000 20000000000000000000000000000000000 0 1 80000001 0 1 1000000000000000000000000000000000000000000 1f 0
170 144 79 1 1000000000000000000000000000000000000000000 20000000000000000000000000000000000 2 1 0 0 0 1000000000000000000000000000000000000000000 1f 0
170 144 79 1 1000000000000000000000000000000000000000000 20000000000000000000000000000000000 2 1 1 0 0 1000000000000000000000000000000000000000000 1f 0
170 144 79 1 1000000000000000000000000000000000000000000 20000000000000000000000000000000000 2 1 2 0 0 1000000000000000000000000000000000000000000 1f 0
170 144 79 1 1000000000000000000000000000000000000000000 20000000000000000000000000000000000 2 1 8000 0 0 1000000000000000000000000000000000000000000 1f 0
170 144 79 1 1000000000000000000000000000000000000000000 20000000000000000000000000000000000 2 1 80000000 0 0 1000000000000000000000000000000000000000000 1f 0
170 144 79 1 1000000000000000000000000000000000000000000 20000000000000000000000000000000000 2 1 80000001 0 0 1000000000000000000000000000000000000000000 1f 0
170 144 79 1 1000000000000000000000000000000000000000000 40000000000000000000000000000000000 0 1 2 1 1 1000000000000000000000000000000000000000000 1f 0
170 144 79 1 1000000000000000000000000000000000000000000 100000000000000000000000000000000000000 0 1 8000 f 1 1000000000000000000000000000000000000000000 1f 0
170 144 79 1 1000000000000000000000000000000000000000000 1000000000000000000000000000000000000000000 0 1 0 0 1 1000000000000000000000000000000000000000000 0 0
170 144 79 1 1000000000000000000000000000000000000000000 1000000000000000000000000000000000000000000 0 1 1 0 1 1000000000000000000000000000000000000000000 0 0
170 144 79 1 1000000000000000000000000000000000000000000 1000000000000000000000000000000000000000000 0 1 80000000 1f 1 1000000000000000000000000000000000000000000 1f 0
170 144 79 1 1000000000000000000000000000000000000000000 1000000000000000000000000000000000000000000 0 1 80000001 0 1 1000000000000000000000000000000000000000000 0 0
170 144 79 1 1000000000000000000000000000000000000000000 1000000000000000000000000000000000000000000 2 1 0 0 0 1000000000000000000000000000000000000000000 0 0
170 144 79 1 1000000000000000000000000000000000000000000 1000000000000000000000000000000000000000000 2 1 1 0 0 1000000000000000000000000000000000000000000 0 0
170 144 79 1 1000000000000000000000000000000000000000000 1000000000000000000000000000000000000000000 2 1 2 0 0 1000000000000000000000000000000000000000000 0 0
170 144 79 1 1000000000000000000000000000000000000000000 1000000000000000000000000000000000000000000 2 1 8000 0 0 1000000000000000000000000000000000000000000 0 0
170 144 79 1 1000000000000000000000000000000000000000000 1000000000000000000000000000000000000000000 2 1 80000000 0 0 1000000000000000000000000000000000000000000 0 0
170 144 79 1 1000000000000000000000000000000000000000000 1000000000000000000000000000000000000000000 2 1 80000001 0 0 1000000000000000000000000000000000000000000 0 0
170 144 79 1 1000000000000000000000000000000000000000000 2000000000000000000000000000000000000000000 0 1 2 1 1 1000000000000000000000000000000000000000000 0 0
170 144 79 1 1000000000000000000000000000000000000000001 20000000000000000000000000000000000 0 1 0 0 1 1000000000000000000000000000000000000000000 1f 0
170 144 79 1 1000000000000000000000000000000000000000001 20000000000000000000000000000000000 0 1 1 0 1 1000000000000000000000000000000000000000000 1f 0
170 144 79 1 1000000000000000000000000000000000000000001 20000000000000000000000000000000000 0 1 80000001 0 1 1000000000000000000000000000000000000000000 1f 0
170 144 79 1 1000000000000000000000000000000000000000001 20000000000000000000000000000000000 2 1 0 0 0 1000000000000000000000000000000000000000000 1f 0
170 144 79 1 1000000000000000000000000000000000000000001 20000000000000000000000000000000000 2 1 1 0 0 1000000000000000000000000000000000000000000 1f 0
170 144 79 1 1000000000000000000000000000000000000000001 20000000000000000000000000000000000 2 1 2 0 0 1000000000000000000000000000000000000000000 1f 0
170 144 79 1 1000000000000000000000000000000000000000001 20000000000000000000000000000000000 2 1 8000 0 0 1000000000000000000000000000000000000000000 1f 0
170 144 79 1 1000000000000000000000000000000000000000001 20000000000000000000000000000000000 2 1 80000000 0 0 1000000000000000000000000000000000000000000 1f 0
170 144 79 1 1000000000000000000000000000000000000000001 20000000000000000000000000000000000 2 1 80000001 0 0 1000000000000000000000000000000000000000000 1f 0
170 144 79 1 1000000000000000000000000000000000000000001 40000000000000000000000000000000000 0 1 2 1 1 1000000000000000000000000000000000000000000 1f 0
170 144 79 1 1000000000000000000000000000000000000000001 100000000000000000000000000000000000000 0 1 8000 f 1 1000000000000000000000000000000000000000000 1f 0
170 144 79 1 1000000000000000000000000000000000000000001 1000000000000000000000000000000000000000000 0 1 0 0 1 1000000000000000000000000000000000000000000 0 0
170 144 79 1 1000000000000000000000000000000000000000001 1000000000000000000000000000000000000000000 0 1 1 0 1 1000000000000000000000000000000000000000000 0 0
170 144 79 1 1000000000000000000000000000000000000000001 1000000000000000000000000000000000000000000 0 1 80000000 1f 1 1000000000000000000000000000000000000000000 1f 0
170 144 79 1 1000000000000000000000000000000000000000001 1000000000000000000000000000000000000000000 0 1 80000001 0 1 1000000000000000000000000000000000000000000 0 0
170 144 79 1 1000000000000000000000000000000000000000001 1000000000000000000000000000000000000000000 2 1 0 0 0 1000000000000000000000000000000000000000000 0 0
170 144 79 1 1000000000000000000000000000000000000000001 1000000000000000000000000000000000000000000 2 1 1 0 0 1000000000000000000000000000000000000000000 0 0
170 144 79 1 1000000000000000000000000000000000000000001 1000000000000000000000000000000000000000000 2 1 2 0 0 1000000000000000000000000000000000000000000 0 0
170 144 79 1 1000000000000000000000000000000000000000001 1000000000000000000000000000000000000000000 2 1 8000 0 0 1000000000000000000000000000000000000000000 0 0
170 144 79 1 1000000000000000000000000000000000000000001 1000000000000000000000000000000000000000000 2 1 80000000 0 0 1000000000000000000000000000000000000000000 0 0
170 144 79 1 1000000000000000000000000000000000000000001 1000000000000000000000000000000000000000000 2 1 80000001 0 0 1000000000000000000000000000000000000000000 0 0
170 144 79 1 1000000000000000000000000000000000000000001 2000000000000000000000000000000000000000000 0 1 2 1 1 1000000000000000000000000000000000000000000 0 0
170 144 79 1 1ffffffffffffffffffffffffffffffffffffffffff 1000000000000000000000000000000000000000000 0 1 0 0 1 1000000000000000000000000000000000000000000 0 0
170 144 79 1 1ffffffffffffffffffffffffffffffffffffffffff 1000000000000000000000000000000000000000000 0 1 1 0 1 1000000000000000000000000000000000000000000 0 0
170 144 79 1 1ffffffffffffffffffffffffffffffffffffffffff 1000000000000000000000000000000000000000000 0 1 80000001 0 1 1000000000000000000000000000000000000000000 0 0
170 144 79 1 1ffffffffffffffffffffffffffffffffffffffffff 1000000000000000000000000000000000000000000 2 1 0 0 0 1000000000000000000000000000000000000000000 0 0
170 144 79 1 1ffffffffffffffffffffffffffffffffffffffffff 1000000000000000000000000000000000000000000 2 1 1 0 0 1000000000000000000000000000000000000000000 0 0
170 144 79 1 1ffffffffffffffffffffffffffffffffffffffffff 1000000000000000000000000000000000000000000 2 1 2 0 0 1000000000000000000000000000000000000000000 0 0
170 144 79 1 1ffffffffffffffffffffffffffffffffffffffffff 1000000000000000000000000000000000000000000 2 1 8000 0 0 1000000000000000000000000000000000000000000 0 0
170 144 79 1 1ffffffffffffffffffffffffffffffffffffffffff 1000000000000000000000000000000000000000000 2 1 80000000 0 0 1000000000000000000000000000000000000000000 0 0
170 144 79 1 1ffffffffffffffffffffffffffffffffffffffffff 1000000000000000000000000000000000000000000 2 1 80000001 0 0 1000000000000000000000000000000000000000000 0 0
170 144 79 1 1ffffffffffffffffffffffffffffffffffffffffff 2000000000000000000000000000000000000000000 0 1 2 1 1 1000000000000000000000000000000000000000000 0 0
170 144 79 1 2000000000000000000000000000000000000000000 1000000000000000000000000000000000000000000 0 1 0 0 1 2000000000000000000000000000000000000000000 1 0
170 144 79 1 2000000000000000000000000000000000000000000 1000000000000000000000000000000000000000000 0 1 1 0 1 2000000000000000000000000000000000000000000 1 0
170 144 79 1 2000000000000000000000000000000000000000000 1000000000000000000000000000000000000000000 0 1 80000001 0 1 2000000000000000000000000000000000000000000 1 0
170 144 79 1 2000000000000000000000000000000000000000000 1000000000000000000000000000000000000000000 2 1 0 0 0 2000000000000000000000000000000000000000000 1 0
170 144 79 1 2000000000000000000000000000000000000000000 1000000000000000000000000000000000000000000 2 1 1 0 0 2000000000000000000000000000000000000000000 1 0
170 144 79 1 2000000000000000000000000000000000000000000 1000000000000000000000000000000000000000000 2 1 2 0 0 2000000000000000000000000000000000000000000 1 0
170 144 79 1 2000000000000000000000000000000000000000000 1000000000000000000000000000000000000000000 2 1 8000 0 0 2000000000000000000000000000000000000000000 1 0
170 144 79 1 2000000000000000000000000000000000000000000 1000000000000000000000000000000000000000000 2 1 80000000 0 0 2000000000000000000000000000000000000000000 1 0
170 144 79 1 2000000000000000000000000000000000000000000 1000000000000000000000000000000000000000000 2 1 80000001 0 0 2000000000000000000000000000000000000000000 1 0
170 144 79 1 2000000000000000000000000000000000000000000 2000000000000000000000000000000000000000000 0 1 2 1 1 2000000000000000000000000000000000000000000 1 0
170 144 79 1 2000000000000000000000000000000000000000001 1000000000000000000000000000000000000000000 0 1 0 0 1 2000000000000000000000000000000000000000000 1 0
170 144 79 1 2000000000000000000000000000000000000000001 1000000000000000000000000000000000000000000 0 1 1 0 1 2000000000000000000000000000000000000000000 1 0
170 144 79 1 2000000000000000000000000000000000000000001 1000000000000000000000000000000000000000000 0 1 80000001 0 1 2000000000000000000000000000000000000000000 1 0
170 144 79 1 2000000000000000000000000000000000000000001 1000000000000000000000000000000000000000000 2 1 0 0 0 2000000000000000000000000000000000000000000 1 0
170 144 79 1 2000000000000000000000000000000000000000001 1000000000000000000000000000000000000000000 2 1 1 0 0 2000000000000000000000000000000000000000000 1 0
170 144 79 1 2000000000000000000000000000000000000000001 1000000000000000000000000000000000000000000 2 1 2 0 0 2000000000000000000000000000000000000000000 1 0
170 144 79 1 2000000000000000000000000000000000000000001 1000000000000000000000000000000000000000000 2 1 8000 0 0 2000000000000000000000000000000000000000000 1 0
170 144 79 1 2000000000000000000000000000000000000000001 1000000000000000000000000000000000000000000 2 1 80000000 0 0 2000000000000000000000000000000000000000000 1 0
170 144 79 1 2000000000000000000000000000000000000000001 1000000000000000000000000000000000000000000 2 1 80000001 0 0 2000000000000000000000000000000000000000000 1 0
170 144 79 1 2000000000000000000000000000000000000000001 2000000000000000000000000000000000000000000 0 1 2 1 1 2000000000000000000000000000000000000000000 1 0
203 102 121 1 0 2000000000000000000000000000000 0 1 0 0 1 2000000000000000000000000000000 0 1
203 102 121 1 0 2000000000000000000000000000000 0 1 1 0 1 2000000000000000000000000000000 0 1
203 102 121 1 0 2000000000000000000000000000000 0 1 80000001 0 1 2000000000000000000000000000000 0 1
203 102 121 1 0 2000000000000000000000000000000 2 1 0 0 0 2000000000000000000000000000000 0 1
203 102 121 1 0 2000000000000000000000000000000 2 1 1 0 0 2000000000000000000000000000000 0 1
203 102 121 1 0 2000000000000000000000000000000 2 1 2 0 0 2000000000000000000000000000000 0 1
203 102 121 1 0 2000000000000000000000000000000 2 1 8000 0 0 2000000000000000000000000000000 0 1
203 102 121 1 0 2000000000000000000000000000000 2 1 80000000 0 0 2000000000000000000000000000000 0 1
203 102 121 1 0 2000000000000000000000000000000 2 1 80000001 0 0 2000000000000000000000000000000 0 1
203 102 121 1 0 2000000000000000000000000000001 0 1 0 0 1 2000000000000000000000000000001 0 1
203 102 121 1 0 2000000000000000000000000000001 0 1 1 0 1 2000000000000000000000000000001 0 1
203 102 121 1 0 2000000000000000000000000000001 0 1 80000001 0 1 2000000000000000000000000000001 0 1
203 102 121 1 0 2000000000000000000000000000001 2 1 0 0 0 2000000000000000000000000000001 0 1
203 102 121 1 0 2000000000000000000000000000001 2 1 1 0 0 2000000000000000000000000000001 0 1
203 102 121 1 0 2000000000000000000000000000001 2 1 2 0 0 2000000000000000000000000000001 0 1
203 102 121 1 0 2000000000000000000000000000001 2 1 8000 0 0 2000000000000000000000000000001 0 1
203 102 121 1 0 2000000000000000000000000000001 2 1 80000000 0 0 2000000000000000000000000000001 0 1
203 102 121 1 0 2000000000000000000000000000001 2 1 80000001 0 0 2000000000000000000000000000001 0 1
203 102 121 1 0 4000000000000000000000000000000 0 1 2 1 1 2000000000000000000000000000000 0 1
203 102 121 1 0 4000000000000000000000000000002 0 1 2 1 1 2000000000000000000000000000001 0 1
203 102 121 1 0 10000000000000000000000000000000000 0 1 8000 f 1 2000000000000000000000000000000 0 1
203 102 121 1 0 10000000000000000000000000000008000 0 1 8000 f 1 2000000000000000000000000000001 0 1
203 102 121 1 0 100000000000000000000000000000000000000 0 1 80000000 1f 1 2000000000000000000000000000000 0 1
203 102 121 1 0 100000000000000000000000000000080000000 0 1 80000000 1f 1 2000000000000000000000000000001 0 1
203 102 121 1 0 4000000000000000000000000000000000000000000 0 1 0 0 1 4000000000000000000000000000000000000000000 0 1
203 102 121 1 0 4000000000000000000000000000000000000000000 0 1 1 0 1 4000000000000000000000000000000000000000000 0 1
203 102 121 1 0 4000000000000000000000000000000000000000000 0 1 80000001 0 1 4000000000000000000000000000000000000000000 0 1
203 102 121 1 0 4000000000000000000000000000000000000000000 2 1 0 0 0 4000000000000000000000000000000000000000000 0 1
203 102 121 1 0 4000000000000000000000000000000000000000000 2 1 1 0 0 4000000000000000000000000000000000000000000 0 1
203 102 121 1 0 4000000000000000000000000000000000000000000 2 1 2 0 0 4000000000000000000000000000000000000000000 0 1
203 102 121 1 0 4000000000000000000000000000000000000000000 2 1 8000 0 0 4000000000000000000000000000000000000000000 0 1
203 102 121 1 0 4000000000000000000000000000000000000000000 2 1 80000000 0 0 4000000000000000000000000000000000000000000 0 1
203 102 121 1 0 4000000000000000000000000000000000000000000 2 1 80000001 0 0 4000000000000000000000000000000000000000000 0 1
203 102 121 1 0 8000000000000000000000000000000000000000000 0 1 2 1 1 4000000000000000000000000000000000000000000 0 1
203 102 121 1 0 20000000000000000000000000000000000000000000000 0 1 8000 f 1 4000000000000000000000000000000000000000000 0 1
203 102 121 1 0 200000000000000000000000000000000000000000000000000 0 1 0 0 1 200000000000000000000000000000000000000000000000000 0 1
203 102 121 1 0 200000000000000000000000000000000000000000000000000 0 1 1 0 1 200000000000000000000000000000000000000000000000000 0 1
203 102 121 1 0 200000000000000000000000000000000000000000000000000 0 1 80000000 1f 1 4000000000000000000000000000000000000000000 0 1
203 102 121 1 0 200000000000000000000000000000000000000000000000000 0 1 80000001 0 1 200000000000000000000000000000000000000000000000000 0 1
203 102 121 1 0 200000000000000000000000000000000000000000000000000 2 1 0 0 0 200000000000000000000000000000000000000000000000000 0 1
203 102 121 1 0 200000000000000000000000000000000000000000000000000 2 1 1 0 0 200000000000000000000000000000000000000000000000000 0 1
203 102 121 1 0 200000000000000000000000000000000000000000000000000 2 1 2 0 0 200000000000000000000000000000000000000000000000000 0 1
203 102 121 1 0 200000000000000000000000000000000000000000000000000 2 1 8000 0 0 200000000000000000000000000000000000000000000000000 0 1
203 102 121 1 0 200000000000000000000000000000000000000000000000000 2 1 80000000 0 0 200000000000000000000000000000000000000000000000000 0 1
203 102 121 1 0 200000000000000000000000000000000000000000000000000 2 1 80000001 0 0 200000000000000000000000000000000000000000000000000 0 1
203 102 121 1 0 400000000000000000000000000000000000000000000000000 0 1 2 1 1 200000000000000000000000000000000000000000000000000 0 1
203 102 121 1 1ffffffffffffffffffffffffffffff 2000000000000000000000000000000 0 1 0 0 1 2000000000000000000000000000000 0 1
203 102 121 1 1ffffffffffffffffffffffffffffff 2000000000000000000000000000000 0 1 1 0 1 2000000000000000000000000000000 0 1
203 102 121 1 1ffffffffffffffffffffffffffffff 2000000000000000000000000000000 0 1 80000001 0 1 2000000000000000000000000000000 0 1
203 102 121 1 1ffffffffffffffffffffffffffffff 2000000000000000000000000000000 2 1 0 0 0 2000000000000000000000000000000 0 1
203 102 121 1 1ffffffffffffffffffffffffffffff 2000000000000000000000000000000 2 1 1 0 0 2000000000000000000000000000000 0 1
203 102 121 1 1ffffffffffffffffffffffffffffff 2000000000000000000000000000000 2 1 2 0 0 2000000000000000000000000000000 0 1
203 102 121 1 1ffffffffffffffffffffffffffffff 2000000000000000000000000000000 2 1 8000 0 0 2000000000000000000000000000000 0 1
203 102 121 1 1ffffffffffffffffffffffffffffff 2000000000000000000000000000000 2 1 80000000 0 0 2000000000000000000000000000000 0 1
203 102 121 1 1ffffffffffffffffffffffffffffff 2000000000000000000000000000000 2 1 80000001 0 0 2000000000000000000000000000000 0 1
203 102 121 1 1ffffffffffffffffffffffffffffff 4000000000000000000000000000000 0 1 2 1 1 2000000000000000000000000000000 0 1
203 102 121 1 1ffffffffffffffffffffffffffffff 10000000000000000000000000000000000 0 1 8000 f 1 2000000000000000000000000000000 0 1
203 102 121 1 1ffffffffffffffffffffffffffffff 100000000000000000000000000000000000000 0 1 80000000 1f 1 2000000000000000000000000000000 0 1
203 102 121 1 2000000000000000000000000000000 2000000000000000000000000000000 0 1 0 0 1 2000000000000000000000000000000 0 0
203 102 121 1 2000000000000000000000000000000 2000000000000000000000000000000 0 1 1 0 1 2000000000000000000000000000000 0 0
203 102 121 1 2000000000000000000000000000000 2000000000000000000000000000000 0 1 80000001 0 1 2000000000000000000000000000000 0 0
203 102 121 1 2000000000000000000000000000000 2000000000000000000000000000000 2 1 0 0 0 2000000000000000000000000000000 0 0
203 102 121 1 2000000000000000000000000000000 2000000000000000000000000000000 2 1 1 0 0 2000000000000000000000000000000 0 0
203 102 121 1 2000000000000000000000000000000 2000000000000000000000000000000 2 1 2 0 0 2000000000000000000000000000000 0 0
203 102 121 1 2000000000000000000000000000000 2000000000000000000000000000000 2 1 8000 0 0 2000000000000000000000000000000 0 0
203 102 121 1 2000000000000000000000000000000 2000000000000000000000000000000 2 1 80000000 0 0 2000000000000000000000000000000 0 0
203 102 121 1 2000000000000000000000000000000 2000000000000000000000000000000 2 1 80000001 0 0 2000000000000000000000000000000 0 0
203 102 121 1 2000000000000000000000000000000 2000000000000000000000000000001 0 1 0 0 1 2000000000000000000000000000001 0 1
203 102 121 1 2000000000000000000000000000000 2000000000000000000000000000001 0 1 1 0 1 2000000000000000000000000000001 0 1
203 102 121 1 2000000000000000000000000000000 2000000000000000000000000000001 0 1 80000001 0 1 2000000000000000000000000000001 0 1
203 102 121 1 2000000000000000000000000000000 2000000000000000000000000000001 2 1 0 0 0 2000000000000000000000000000001 0 1
203 102 121 1 2000000000000000000000000000000 2000000000000000000000000000001 2 1 1 0 0 2000000000000000000000000000001 0 1
203 102 121 1 2000000000000000000000000000000 2000000000000000000000000000001 2 1 2 0 0 2000000000000000000000000000001 0 1
203 102 121 1 2000000000000000000000000000000 2000000000000000000000000000001 2 1 8000 0 0 2000000000000000000000000000001 0 1
203 102 121 1 2000000000000000000000000000000 2000000000000000000000000000001 2 1 80000000 0 0 2000000000000000000000000000001 0 1
203 102 121 1 2000000000000000000000000000000 2000000000000000000000000000001 2 1 80000001 0 0 2000000000000000000000000000001 0 1
203 102 121 1 2000000000000000000000000000000 4000000000000000000000000000000 0 1 2 1 1 2000000000000000000000000000000 0 0
203 102 121 1 2000000000000000000000000000000 4000000000000000000000000000002 0 1 2 1 1 2000000000000000000000000000001 0 1
203 102 121 1 2000000000000000000000000000000 10000000000000000000000000000000000 0 1 8000 f 1 2000000000000000000000000000000 0 0
203 102 121 1 2000000000000000000000000000000 10000000000000000000000000000008000 0 1 8000 f 1 2000000000000000000000000000001 0 1
203 102 121 1 2000000000000000000000000000000 100000000000000000000000000000000000000 0 1 80000000 1f 1 2000000000000000000000000000000 0 0
203 102 121 1 2000000000000000000000000000000 100000000000000000000000000000080000000 0 1 80000000 1f 1 2000000000000000000000000000001 0 1
203 102 121 1 2000000000000000000000000000001 2000000000000000000000000000000 0 1 0 0 1 2000000000000000000000000000000 0 0
203 102 121 1 2000000000000000000000000000001 2000000000000000000000000000000 0 1 1 0 1 2000000000000000000000000000000 0 0
203 102 121 1 2000000000000000000000000000001 2000000000000000000000000000000 0 1 80000001 0 1 2000000000000000000000000000000 0 0
203 102 121 1 2000000000000000000000000000001 2000000000000000000000000000000 2 1 0 0 0 2000000000000000000000000000000 0 0
203 102 121 1 2000000000000000000000000000001 2000000000000000000000000000000 2 1 1 0 0 2000000000000000000000000000000 0 0
203 102 121 1 2000000000000000000000000000001 2000000000000000000000000000000 2 1 2 0 0 2000000000000000000000000000000 0 0
203 102 121 1 2000000000000000000000000000001 2000000000000000000000000000000 2 1 8000 0 0 2000000000000000000000000000000 0 0
203 102 121 1 2000000000000000000000000000001 2000000000000000000000000000000 2 1 80000000 0 0 2000000000000000000000000000000 0 0
203 102 121 1 2000000000000000000000000000001 2000000000000000000000000000000 2 1 80000001 0 0 2000000000000000000000000000000 0 0
203 102 121 1 2000000000000000000000000000001 2000000000000000000000000000001 0 1 0 0 1 2000000000000000000000000000001 0 0
203 102 121 1 2000000000000000000000000000001 2000000000000000000000000000001 0 1 1 0 1 2000000000000000000000000000001 0 0
203 102 121 1 2000000000000000000000000000001 2000000000000000000000000000001 0 1 80000001 0 1 2000000000000000000000000000001 0 0
203 102 121 1 2000000000000000000000000000001 2000000000000000000000000000001 2 1 0 0 0 2000000000000000000000000000001 0 0
203 102 121 1 2000000000000000000000000000001 2000000000000000000000000000001 2 1 1 0 0 2000000000000000000000000000001 0 0
203 102 121 1 2000000000000000000000000000001 2000000000000000000000000000001 2 1 2 0 0 2000000000000000000000000000001 0 0
203 102 121 1 2000000000000000000000000000001 2000000000000000000000000000001 2 1 8000 0 0 2000000000000000000000000000001 0 0
203 102 121 1 2000000000000000000000000000001 2000000000000000000000000000001 2 1 80000000 0 0 2000000000000000000000000000001 0 0
203 102 121 1 2000000000000000000000000000001 2000000000000000000000000000001 2 1 80000001 0 0 2000000000000000000000000000001 0 0
203 102 121 1 2000000000000000000000000000001 4000000000000000000000000000000 0 1 2 1 1 2000000000000000000000000000000 0 0
203 102 121 1 2000000000000000000000000000001 4000000000000000000000000000002 0 1 2 1 1 2000000000000000000000000000001 0 0
203 102 121 1 2000000000000000000000000000001 10000000000000000000000000000000000 0 1 8000 f 1 2000000000000000000000000000000 0 0
203 102 121 1 2000000000000000000000000000001 10000000000000000000000000000008000 0 1 8000 f 1 2000000000000000000000000000001 0 0
203 102 121 1 2000000000000000000000000000001 100000000000000000000000000000000000000 0 1 80000000 1f 1 2000000000000000000000000000000 0 0
203 102 121 1 2000000000000000000000000000001 100000000000000000000000000000080000000 0 1 80000000 1f 1 2000000000000000000000000000001 0 0
203 102 121 1 2000000000000000000000000000002 2000000000000000000000000000001 0 1 0 0 1 2000000000000000000000000000001 0 0
203 102 121 1 2000000000000000000000000000002 2000000000000000000000000000001 0 1 1 0 1 2000000000000000000000000000001 0 0
203 102 121 1 2000000000000000000000000000002 2000000000000000000000000000001 0 1 80000001 0 1 2000000000000000000000000000001 0 0
203 102 121 1 2000000000000000000000000000002 2000000000000000000000000000001 2 1 0 0 0 2000000000000000000000000000001 0 0
203 102 121 1 2000000000000000000000000000002 2000000000000000000000000000001 2 1 1 0 0 2000000000000000000000000000001 0 0
203 102 121 1 2000000000000000000000000000002 2000000000000000000000000000001 2 1 2 0 0 2000000000000000000000000000001 0 0
203 102 121 1 2000000000000000000000000000002 2000000000000000000000000000001 2 1 8000 0 0 2000000000000000000000000000001 0 0
203 102 121 1 2000000000000000000000000000002 2000000000000000000000000000001 2 1 80000000 0 0 2000000000000000000000000000001 0 0
203 102 121 1 2000000000000000000000000000002 2000000000000000000000000000001 2 1 80000001 0 0 2000000000000000000000000000001 0 0
203 102 121 1 2000000000000000000000000000002 4000000000000000000000000000002 0 1 2 1 1 2000000000000000000000000000001 0 0
203 102 121 1 2000000000000000000000000000002 10000000000000000000000000000008000 0 1 8000 f 1 2000000000000000000000000000001 0 0
203 102 121 1 2000000000000000000000000000002 100000000000000000000000000000080000000 0 1 80000000 1f 1 2000000000000000000000000000001 0 0
203 102 121 1 3ffffffffffffffffffffffffffffff 2000000000000000000000000000000 0 1 0 0 1 2000000000000000000000000000000 0 0
203 102 121 1 3ffffffffffffffffffffffffffffff 2000000000000000000000000000000 0 1 1 0 1 2000000000000000000000000000000 0 0
203 102 121 1 3ffffffffffffffffffffffffffffff 2000000000000000000000000000000 0 1 80000001 0 1 2000000000000000000000000000000 0 0
203 102 121 1 3ffffffffffffffffffffffffffffff 2000000000000000000000000000000 2 1 0 0 0 2000000000000000000000000000000 0 0
203 102 121 1 3ffffffffffffffffffffffffffffff 2000000000000000000000000000000 2 1 1 0 0 2000000000000000000000000000000 0 0
203 102 121 1 3ffffffffffffffffffffffffffffff 2000000000000000000000000000000 2 1 2 0 0 2000000000000000000000000000000 0 0
203 102 121 1 3ffffffffffffffffffffffffffffff 2000000000000000000000000000000 2 1 8000 0 0 2000000000000000000000000000000 0 0
203 102 121 1 3ffffffffffffffffffffffffffffff 2000000000000000000000000000000 2 1 80000000 0 0 2000000000000000000000000000000 0 0
203 102 121 1 3ffffffffffffffffffffffffffffff 2000000000000000000000000000000 2 1 80000001 0 0 2000000000000000000000000000000 0 0
203 102 121 1 3ffffffffffffffffffffffffffffff 4000000000000000000000000000000 0 1 2 1 1 2000000000000000000000000000000 0 0
203 102 121 1 3ffffffffffffffffffffffffffffff 10000000000000000000000000000000000 0 1 8000 f 1 2000000000000000000000000000000 0 0
203 102 121 1 3ffffffffffffffffffffffffffffff 100000000000000000000000000000000000000 0 1 80000000 1f 1 2000000000000000000000000000000 0 0
203 102 121 1 4000000000000000000000000000000 2000000000000000000000000000000 0 1 0 0 1 4000000000000000000000000000000 1 0
203 102 121 1 4000000000000000000000000000000 2000000000000000000000000000000 0 1 1 0 1 4000000000000000000000000000000 1 0
203 102 121 1 4000000000000000000000000000000 2000000000000000000000000000000 0 1 80000001 0 1 4000000000000000000000000000000 1 0
203 102 121 1 4000000000000000000000000000000 2000000000000000000000000000000 2 1 0 0 0 4000000000000000000000000000000 1 0
203 102 121 1 4000000000000000000000000000000 2000000000000000000000000000000 2 1 1 0 0 4000000000000000000000000000000 1 0
203 102 121 1 4000000000000000000000000000000 2000000000000000000000000000000 2 1 2 0 0 4000000000000000000000000000000 1 0
203 102 121 1 4000000000000000000000000000000 2000000000000000000000000000000 2 1 8000 0 0 4000000000000000000000000000000 1 0
203 102 121 1 4000000000000000000000000000000 2000000000000000000000000000000 2 1 80000000 0 0 4000000000000000000000000000000 1 0
203 102 121 1 4000000000000000000000000000000 2000000000000000000000000000000 2 1 80000001 0 0 4000000000000000000000000000000 1 0
203 102 121 1 4000000000000000000000000000000 4000000000000000000000000000000 0 1 2 1 1 4000000000000000000000000000000 1 0
203 102 121 1 4000000000000000000000000000000 10000000000000000000000000000000000 0 1 8000 f 1 4000000000000000000000000000000 1 0
203 102 121 1 4000000000000000000000000000000 100000000000000000000000000000000000000 0 1 80000000 1f 1 4000000000000000000000000000000 1 0
203 102 121 1 4000000000000000000000000000001 2000000000000000000000000000000 0 1 0 0 1 4000000000000000000000000000000 1 0
203 102 121 1 4000000000000000000000000000001 2000000000000000000000000000000 0 1 1 0 1 4000000000000000000000000000000 1 0
203 102 121 1 4000000000000000000000000000001 2000000000000000000000000000000 0 1 80000001 0 1 4000000000000000000000000000000 1 0
203 102 121 1 4000000000000000000000000000001 2000000000000000000000000000000 2 1 0 0 0 4000000000000000000000000000000 1 0
203 102 121 1 4000000000000000000000000000001 2000000000000000000000000000000 2 1 1 0 0 4000000000000000000000000000000 1 0
203 102 121 1 4000000000000000000000000000001 2000000000000000000000000000000 2 1 2 0 0 4000000000000000000000000000000 1 0
203 102 121 1 4000000000000000000000000000001 2000000000000000000000000000000 2 1 8000 0 0 4000000000000000000000000000000 1 0
203 102 121 1 4000000000000000000000000000001 2000000000000000000000000000000 2 1 80000000 0 0 4000000000000000000000000000000 1 0
203 102 121 1 4000000000000000000000000000001 2000000000000000000000000000000 2 1 80000001 0 0 4000000000000000000000000000000 1 0
203 102 121 1 4000000000000000000000000000001 2000000000000000000000000000001 0 1 0 0 1 2000000000000000000000000000001 0 0
203 102 121 1 4000000000000000000000000000001 2000000000000000000000000000001 0 1 1 0 1 2000000000000000000000000000001 0 0
203 102 121 1 4000000000000000000000000000001 2000000000000000000000000000001 0 1 80000001 0 1 2000000000000000000000000000001 0 0
203 102 121 1 4000000000000000000000000000001 2000000000000000000000000000001 2 1 0 0 0 2000000000000000000000000000001 0 0
203 102 121 1 4000000000000000000000000000001 2000000000000000000000000000001 2 1 1 0 0 2000000000000000000000000000001 0 0
203 102 121 1 4000000000000000000000000000001 2000000000000000000000000000001 2 1 2 0 0 2000000000000000000000000000001 0 0
203 102 121 1 4000000000000000000000000000001 2000000000000000000000000000001 2 1 8000 0 0 2000000000000000000000000000001 0 0
203 102 121 1 4000000000000000000000000000001 2000000000000000000000000000001 2 1 80000000 0 0 2000000000000000000000000000001 0 0
203 102 121 1 4000000000000000000000000000001 2000000000000000000000000000001 2 1 80000001 0 0 2000000000000000000000000000001 0 0
203 102 121 1 4000000000000000000000000000001 4000000000000000000000000000000 0 1 2 1 1 4000000000000000000000000000000 1 0
203 102 121 1 4000000000000000000000000000001 4000000000000000000000000000002 0 1 2 1 1 2000000000000000000000000000001 0 0
203 102 121 1 4000000000000000000000000000001 10000000000000000000000000000000000 0 1 8000 f 1 4000000000000000000000000000000 1 0
203 102 121 1 4000000000000000000000000000001 10000000000000000000000000000008000 0 1 8000 f 1 2000000000000000000000000000001 0 0
203 102 121 1 4000000000000000000000000000001 100000000000000000000000000000000000000 0 1 80000000 1f 1 4000000000000000000000000000000 1 0
203 102 121 1 4000000000000000000000000000001 100000000000000000000000000000080000000 0 1 80000000 1f 1 2000000000000000000000000000001 0 0
203 102 121 1 4000000000000000000000000000002 2000000000000000000000000000001 0 1 0 0 1 4000000000000000000000000000002 1 0
203 102 121 1 4000000000000000000000000000002 2000000000000000000000000000001 0 1 1 0 1 4000000000000000000000000000002 1 0
203 102 121 1 4000000000000000000000000000002 2000000000000000000000000000001 0 1 80000001 0 1 4000000000000000000000000000002 1 0
203 102 121 1 4000000000000000000000000000002 2000000000000000000000000000001 2 1 0 0 0 4000000000000000000000000000002 1 0
203 102 121 1 4000000000000000000000000000002 2000000000000000000000000000001 2 1 1 0 0 4000000000000000000000000000002 1 0
203 102 121 1 4000000000000000000000000000002 2000000000000000000000000000001 2 1 2 0 0 4000000000000000000000000000002 1 0
203 102 121 1 4000000000000000000000000000002 2000000000000000000000000000001 2 1 8000 0 0 4000000000000000000000000000002 1 0
203 102 121 1 4000000000000000000000000000002 2000000000000000000000000000001 2 1 80000000 0 0 4000000000000000000000000000002 1 0
203 102 121 1 4000000000000000000000000000002 2000000000000000000000000000001 2 1 80000001 0 0 4000000000000000000000000000002 1 0
203 102 121 1 4000000000000000000000000000002 4000000000000000000000000000002 0 1 2 1 1 4000000000000000000000000000002 1 0
203 102 121 1 4000000000000000000000000000002 10000000000000000000000000000008000 0 1 8000 f 1 4000000000000000000000000000002 1 0
203 102 121 1 4000000000000000000000000000002 100000000000000000000000000000080000000 0 1 80000000 1f 1 4000000000000000000000000000002 1 0
203 102 121 1 4000000000000000000000000000003 2000000000000000000000000000001 0 1 0 0 1 4000000000000000000000000000002 1 0
203 102 121 1 4000000000000000000000000000003 2000000000000000000000000000001 0 1 1 0 1 4000000000000000000000000000002 1 0
203 102 121 1 4000000000000000000000000000003 2000000000000000000000000000001 0 1 80000001 0 1 4000000000000000000000000000002 1 0
203 102 121 1 4000000000000000000000000000003 2000000000000000000000000000001 2 1 0 0 0 4000000000000000000000000000002 1 0
203 102 121 1 4000000000000000000000000000003 2000000000000000000000000000001 2 1 1 0 0 4000000000000000000000000000002 1 0
203 102 121 1 4000000000000000000000000000003 2000000000000000000000000000001 2 1 2 0 0 4000000000000000000000000000002 1 0
203 102 121 1 4000000000000000000000000000003 2000000000000000000000000000001 2 1 8000 0 0 4000000000000000000000000000002 1 0
203 102 121 1 4000000000000000000000000000003 2000000000000000000000000000001 2 1 80000000 0 0 4000000000000000000000000000002 1 0
203 102 121 1 4000000000000000000000000000003 2000000000000000000000000000001 2 1 80000001 0 0 4000000000000000000000000000002 1 0
203 102 121 1 4000000000000000000000000000003 4000000000000000000000000000002 0 1 2 1 1 4000000000000000000000000000002 1 0
203 102 121 1 4000000000000000000000000000003 10000000000000000000000000000008000 0 1 8000 f 1 4000000000000000000000000000002 1 0
203 102 121 1 4000000000000000000000000000003 100000000000000000000000000000080000000 0 1 80000000 1f 1 4000000000000000000000000000002 1 0
203 102 121 1 ffffffffffffffffffffffffffffffffff 2000000000000000000000000000000 0 1 0 0 1 8000000000000000000000000000000000 e 0
203 102 121 1 ffffffffffffffffffffffffffffffffff 2000000000000000000000000000000 0 1 1 0 1 8000000000000000000000000000000000 e 0
203 102 121 1 ffffffffffffffffffffffffffffffffff 2000000000000000000000000000000 0 1 80000001 0 1 8000000000000000000000000000000000 e 0
203 102 121 1 ffffffffffffffffffffffffffffffffff 2000000000000000000000000000000 2 1 0 0 0 8000000000000000000000000000000000 e 0
203 102 121 1 ffffffffffffffffffffffffffffffffff 2000000000000000000000000000000 2 1 1 0 0 8000000000000000000000000000000000 e 0
203 102 121 1 ffffffffffffffffffffffffffffffffff 2000000000000000000000000000000 2 1 2 0 0 8000000000000000000000000000000000 e 0
203 102 121 1 ffffffffffffffffffffffffffffffffff 2000000000000000000000000000000 2 1 8000 0 0 8000000000000000000000000000000000 e 0
203 102 121 1 ffffffffffffffffffffffffffffffffff 2000000000000000000000000000000 2 1 80000000 0 0 8000000000000000000000000000000000 e 0
203 102 121 1 ffffffffffffffffffffffffffffffffff 2000000000000000000000000000000 2 1 80000001 0 0 8000000000000000000000000000000000 e 0
203 102 121 1 ffffffffffffffffffffffffffffffffff 4000000000000000000000000000000 0 1 2 1 1 8000000000000000000000000000000000 e 0
203 102 121 1 ffffffffffffffffffffffffffffffffff 10000000000000000000000000000000000 0 1 8000 f 1 8000000000000000000000000000000000 e 0
203 102 121 1 ffffffffffffffffffffffffffffffffff 100000000000000000000000000000000000000 0 1 80000000 1f 1 8000000000000000000000000000000000 e 0
203 102 121 1 10000000000000000000000000000000000 2000000000000000000000000000000 0 1 0 0 1 10000000000000000000000000000000000 f 0
203 102 121 1 10000000000000000000000000000000000 2000000000000000000000000000000 0 1 1 0 1 10000000000000000000000000000000000 f 0
203 102 121 1 10000000000000000000000000000000000 2000000000000000000000000000000 0 1 80000001 0 1 10000000000000000000000000000000000 f 0
203 102 121 1 10000000000000000000000000000000000 2000000000000000000000000000000 2 1 0 0 0 10000000000000000000000000000000000 f 0
203 102 121 1 10000000000000000000000000000000000 2000000000000000000000000000000 2 1 1 0 0 10000000000000000000000000000000000 f 0
203 102 121 1 10000000000000000000000000000000000 2000000000000000000000000000000 2 1 2 0 0 10000000000000000000000000000000000 f 0
203 102 121 1 10000000000000000000000000000000000 2000000000000000000000000000000 2 1 8000 0 0 10000000000000000000000000000000000 f 0
203 102 121 1 10000000000000000000000000000000000 2000000000000000000000000000000 2 1 80000000 0 0 10000000000000000000000000000000000 f 0
203 102 121 1 10000000000000000000000000000000000 2000000000000000000000000000000 2 1 80000001 0 0 10000000000000000000000000000000000 f 0
203 102 121 1 10000000000000000000000000000000000 4000000000000000000000000000000 0 1 2 1 1 10000000000000000000000000000000000 f 0
203 102 121 1 10000000000000000000000000000000000 10000000000000000000000000000000000 0 1 8000 f 1 10000000000000000000000000000000000 f 0
203 102 121 1 10000000000000000000000000000000000 100000000000000000000000000000000000000 0 1 80000000 1f 1 10000000000000000000000000000000000 f 0
203 102 121 1 10000000000000000000000000000000001 2000000000000000000000000000000 0 1 0 0 1 10000000000000000000000000000000000 f 0
203 102 121 1 10000000000000000000000000000000001 2000000000000000000000000000000 0 1 1 0 1 10000000000000000000000000000000000 f 0
203 102 121 1 10000000000000000000000000000000001 2000000000000000000000000000000 0 1 80000001 0 1 10000000000000000000000000000000000 f 0
203 102 121 1 10000000000000000000000000000000001 2000000000000000000000000000000 2 1 0 0 0 10000000000000000000000000000000000 f 0
203 102 121 1 10000000000000000000000000000000001 2000000000000000000000000000000 2 1 1 0 0 10000000000000000000000000000000000 f 0
203 102 121 1 10000000000000000000000000000000001 2000000000000000000000000000000 2 1 2 0 0 10000000000000000000000000000000000 f 0
203 102 121 1 10000000000000000000000000000000001 2000000000000000000000000000000 2 1 8000 0 0 10000000000000000000000000000000000 f 0
203 102 121 1 10000000000000000000000000000000001 2000000000000000000000000000000 2 1 80000000 0 0 10000000000000000000000000000000000 f 0
203 102 121 1 10000000000000000000000000000000001 2000000000000000000000000000000 2 1 80000001 0 0 10000000000000000000000000000000000 f 0
203 102 121 1 10000000000000000000000000000000001 4000000000000000000000000000000 0 1 2 1 1 10000000000000000000000000000000000 f 0
203 102 121 1 10000000000000000000000000000000001 10000000000000000000000000000000000 0 1 8000 f 1 10000000000000000000000000000000000 f 0
203 102 121 1 10000000000000000000000000000000001 100000000000000000000000000000000000000 0 1 80000000 1f 1 10000000000000000000000000000000000 f 0
203 102 121 1 10000000000000000000000000000007fff 2000000000000000000000000000001 0 1 0 0 1 8000000000000000000000000000004000 e 0
203 102 121 1 10000000000000000000000000000007fff 2000000000000000000000000000001 0 1 1 0 1 8000000000000000000000000000004000 e 0
203 102 121 1 10000000000000000000000000000007fff 2000000000000000000000000000001 0 1 80000001 0 1 8000000000000000000000000000004000 e 0
203 102 121 1 10000000000000000000000000000007fff 2000000000000000000000000000001 2 1 0 0 0 8000000000000000000000000000004000 e 0
203 102 121 1 10000000000000000000000000000007fff 2000000000000000000000000000001 2 1 1 0 0 8000000000000000000000000000004000 e 0
203 102 121 1 10000000000000000000000000000007fff 2000000000000000000000000000001 2 1 2 0 0 8000000000000000000000000000004000 e 0
203 102 121 1 10000000000000000000000000000007fff 2000000000000000000000000000001 2 1 8000 0 0 8000000000000000000000000000004000 e 0
203 102 121 1 10000000000000000000000000000007fff 2000000000000000000000000000001 2 1 80000000 0 0 8000000000000000000000000000004000 e 0
203 102 121 1 10000000000000000000000000000007fff 2000000000000000000000000000001 2 1 80000001 0 0 8000000000000000000000000000004000 e 0
203 102 121 1 10000000000000000000000000000007fff 4000000000000000000000000000002 0 1 2 1 1 8000000000000000000000000000004000 e 0
203 102 121 1 10000000000000000000000000000007fff 10000000000000000000000000000008000 0 1 8000 f 1 8000000000000000000000000000004000 e 0
203 102 121 1 10000000000000000000000000000007fff 100000000000000000000000000000080000000 0 1 80000000 1f 1 8000000000000000000000000000004000 e 0
203 102 121 1 10000000000000000000000000000008000 2000000000000000000000000000001 0 1 0 0 1 10000000000000000000000000000008000 f 0
203 102 121 1 10000000000000000000000000000008000 2000000000000000000000000000001 0 1 1 0 1 10000000000000000000000000000008000 f 0
203 102 121 1 10000000000000000000000000000008000 2000000000000000000000000000001 0 1 80000001 0 1 10000000000000000000000000000008000 f 0
203 102 121 1 10000000000000000000000000000008000 2000000000000000000000000000001 2 1 0 0 0 10000000000000000000000000000008000 f 0
203 102 121 1 10000000000000000000000000000008000 2000000000000000000000000000001 2 1 1 0 0 10000000000000000000000000000008000 f 0
203 102 121 1 10000000000000000000000000000008000 2000000000000000000000000000001 2 1 2 0 0 10000000000000000000000000000008000 f 0
203 102 121 1 10000000000000000000000000000008000 2000000000000000000000000000001 2 1 8000 0 0 10000000000000000000000000000008000 f 0
203 102 121 1 10000000000000000000000000000008000 2000000000000000000000000000001 2 1 80000000 0 0 10000000000000000000000000000008000 f 0
203 102 121 1 10000000000000000000000000000008000 2000000000000000000000000000001 2 1 80000001 0 0 10000000000000000000000000000008000 f 0
203 102 121 1 10000000000000000000000000000008000 4000000000000000000000000000002 0 1 2 1 1 10000000000000000000000000000008000 f 0
203 102 121 1 10000000000000000000000000000008000 10000000000000000000000000000008000 0 1 8000 f 1 10000000000000000000000000000008000 f 0
203 102 121 1 10000000000000000000000000000008000 100000000000000000000000000000080000000 0 1 80000000 1f 1 10000000000000000000000000000008000 f 0
203 102 121 1 10000000000000000000000000000008001 2000000000000000000000000000001 0 1 0 0 1 10000000000000000000000000000008000 f 0
203 102 121 1 10000000000000000000000000000008001 2000000000000000000000000000001 0 1 1 0 1 10000000000000000000000000000008000 f 0
203 102 121 1 10000000000000000000000000000008001 2000000000000000000000000000001 0 1 80000001 0 1 10000000000000000000000000000008000 f 0
203 102 121 1 10000000000000000000000000000008001 2000000000000000000000000000001 2 1 0 0 0 10000000000000000000000000000008000 f 0
203 102 121 1 10000000000000000000000000000008001 2000000000000000000000000000001 2 1 1 0 0 10000000000000000000000000000008000 f 0
203 102 121 1 10000000000000000000000000000008001 2000000000000000000000000000001 2 1 2 0 0 10000000000000000000000000000008000 f 0
203 102 121 1 10000000000000000000000000000008001 2000000000000000000000000000001 2 1 8000 0 0 10000000000000000000000000000008000 f 0
203 102 121 1 10000000000000000000000000000008001 2000000000000000000000000000001 2 1 80000000 0 0 10000000000000000000000000000008000 f 0
203 102 121 1 10000000000000000000000000000008001 2000000000000000000000000000001 2 1 80000001 0 0 10000000000000000000000000000008000 f 0
203 102 121 1 10000000000000000000000000000008001 4000000000000000000000000000002 0 1 2 1 1 10000000000000000000000000000008000 f 0
203 102 121 1 10000000000000000000000000000008001 10000000000000000000000000000008000 0 1 8000 f 1 10000000000000000000000000000008000 f 0
203 102 121 1 10000000000000000000000000000008001 100000000000000000000000000000080000000 0 1 80000000 1f 1 10000000000000000000000000000008000 f 0
203 102 121 1 ffffffffffffffffffffffffffffffffffffff 2000000000000000000000000000000 0 1 0 0 1 80000000000000000000000000000000000000 1e 0
203 102 121 1 ffffffffffffffffffffffffffffffffffffff 2000000000000000000000000000000 0 1 1 0 1 80000000000000000000000000000000000000 1e 0
203 102 121 1 ffffffffffffffffffffffffffffffffffffff 2000000000000000000000000000000 0 1 80000001 0 1 80000000000000000000000000000000000000 1e 0
203 102 121 1 ffffffffffffffffffffffffffffffffffffff 2000000000000000000000000000000 2 1 0 0 0 80000000000000000000000000000000000000 1e 0
203 102 121 1 ffffffffffffffffffffffffffffffffffffff 2000000000000000000000000000000 2 1 1 0 0 80000000000000000000000000000000000000 1e 0
203 102 121 1 ffffffffffffffffffffffffffffffffffffff 2000000000000000000000000000000 2 1 2 0 0 80000000000000000000000000000000000000 1e 0
203 102 121 1 ffffffffffffffffffffffffffffffffffffff 2000000000000000000000000000000 2 1 8000 0 0 80000000000000000000000000000000000000 1e 0
203 102 121 1 ffffffffffffffffffffffffffffffffffffff 2000000000000000000000000000000 2 1 80000000 0 0 80000000000000000000000000000000000000 1e 0
203 102 121 1 ffffffffffffffffffffffffffffffffffffff 2000000000000000000000000000000 2 1 80000001 0 0 80000000000000000000000000000000000000 1e 0
203 102 121 1 ffffffffffffffffffffffffffffffffffffff 4000000000000000000000000000000 0 1 2 1 1 80000000000000000000000000000000000000 1e 0
203 102 121 1 ffffffffffffffffffffffffffffffffffffff 10000000000000000000000000000000000 0 1 8000 f 1 80000000000000000000000000000000000000 1e 0
203 102 121 1 ffffffffffffffffffffffffffffffffffffff 100000000000000000000000000000000000000 0 1 80000000 1f 1 80000000000000000000000000000000000000 1e 0
203 102 121 1 100000000000000000000000000000000000000 2000000000000000000000000000000 0 1 0 0 1 100000000000000000000000000000000000000 1f 0
203 102 121 1 100000000000000000000000000000000000000 2000000000000000000000000000000 0 1 1 0 1 100000000000000000000000000000000000000 1f 0
203 102 121 1 100000000000000000000000000000000000000 2000000000000000000000000000000 0 1 80000001 0 1 100000000000000000000000000000000000000 1f 0
203 102 121 1 100000000000000000000000000000000000000 2000000000000000000000000000000 2 1 0 0 0 100000000000000000000000000000000000000 1f 0
203 102 121 1 100000000000000000000000000000000000000 2000000000000000000000000000000 2 1 1 0 0 100000000000000000000000000000000000000 1f 0
203 102 121 1 100000000000000000000000000000000000000 2000000000000000000000000000000 2 1 2 0 0 100000000000000000000000000000000000000 1f 0
203 102 121 1 100000000000000000000000000000000000000 2000000000000000000000000000000 2 1 8000 0 0 100000000000000000000000000000000000000 1f 0
203 102 121 1 100000000000000000000000000000000000000 2000000000000000000000000000000 2 1 80000000 0 0 100000000000000000000000000000000000000 1f 0
203 102 121 1 100000000000000000000000000000000000000 2000000000000000000000000000000 2 1 80000001 0 0 100000000000000000000000000000000000000 1f 0
203 102 121 1 100000000000000000000000000000000000000 4000000000000000000000000000000 0 1 2 1 1 100000000000000000000000000000000000000 1f 0
203 102 121 1 100000000000000000000000000000000000000 10000000000000000000000000000000000 0 1 8000 f 1 100000000000000000000000000000000000000 1f 0
203 102 121 1 100000000000000000000000000000000000000 100000000000000000000000000000000000000 0 1 80000000 1f 1 100000000000000000000000000000000000000 1f 0
203 102 121 1 100000000000000000000000000000000000001 2000000000000000000000000000000 0 1 0 0 1 100000000000000000000000000000000000000 1f 0
203 102 121 1 100000000000000000000000000000000000001 2000000000000000000000000000000 0 1 1 0 1 100000000000000000000000000000000000000 1f 0
203 102 121 1 100000000000000000000000000000000000001 2000000000000000000000000000000 0 1 80000001 0 1 100000000000000000000000000000000000000 1f 0
203 102 121 1 100000000000000000000000000000000000001 2000000000000000000000000000000 2 1 0 0 0 100000000000000000000000000000000000000 1f 0
203 102 121 1 100000000000000000000000000000000000001 2000000000000000000000000000000 2 1 1 0 0 100000000000000000000000000000000000000 1f 0
203 102 121 1 100000000000000000000000000000000000001 2000000000000000000000000000000 2 1 2 0 0 100000000000000000000000000000000000000 1f 0
203 102 121 1 100000000000000000000000000000000000001 2000000000000000000000000000000 2 1 8000 0 0 100000000000000000000000000000000000000 1f 0
203 102 121 1 100000000000000000000000000000000000001 2000000000000000000000000000000 2 1 80000000 0 0 100000000000000000000000000000000000000 1f 0
203 102 121 1 100000000000000000000000000000000000001 2000000000000000000000000000000 2 1 80000001 0 0 100000000000000000000000000000000000000 1f 0
203 102 121 1 100000000000000000000000000000000000001 4000000000000000000000000000000 0 1 2 1 1 100000000000000000000000000000000000000 1f 0
203 102 121 1 100000000000000000000000000000000000001 10000000000000000000000000000000000 0 1 8000 f 1 100000000000000000000000000000000000000 1f 0
203 102 121 1 100000000000000000000000000000000000001 100000000000000000000000000000000000000 0 1 80000000 1f 1 100000000000000000000000000000000000000 1f 0
203 102 121 1 10000000000000000000000000000007fffffff 2000000000000000000000000000001 0 1 0 0 1 80000000000000000000000000000040000000 1e 0
203 102 121 1 10000000000000000000000000000007fffffff 2000000000000000000000000000001 0 1 1 0 1 80000000000000000000000000000040000000 1e 0
203 102 121 1 10000000000000000000000000000007fffffff 2000000000000000000000000000001 0 1 80000001 0 1 80000000000000000000000000000040000000 1e 0
203 102 121 1 10000000000000000000000000000007fffffff 2000000000000000000000000000001 2 1 0 0 0 80000000000000000000000000000040000000 1e 0
203 102 121 1 10000000000000000000000000000007fffffff 2000000000000000000000000000001 2 1 1 0 0 80000000000000000000000000000040000000 1e 0
203 102 121 1 10000000000000000000000000000007fffffff 2000000000000000000000000000001 2 1 2 0 0 80000000000000000000000000000040000000 1e 0
203 102 121 1 10000000000000000000000000000007fffffff 2000000000000000000000000000001 2 1 8000 0 0 80000000000000000000000000000040000000 1e 0
203 102 121 1 10000000000000000000000000000007fffffff 2000000000000000000000000000001 2 1 80000000 0 0 80000000000000000000000000000040000000 1e 0
203 102 121 1 10000000000000000000000000000007fffffff 2000000000000000000000000000001 2 1 80000001 0 0 80000000000000000000000000000040000000 1e 0
203 102 121 1 10000000000000000000000000000007fffffff 4000000000000000000000000000002 0 1 2 1 1 80000000000000000000000000000040000000 1e 0
203 102 121 1 10000000000000000000000000000007fffffff 10000000000000000000000000000008000 0 1 8000 f 1 80000000000000000000000000000040000000 1e 0
203 102 121 1 10000000000000000000000000000007fffffff 100000000000000000000000000000080000000 0 1 80000000 1f 1 80000000000000000000000000000040000000 1e 0
203 102 121 1 100000000000000000000000000000080000000 2000000000000000000000000000001 0 1 0 0 1 100000000000000000000000000000080000000 1f 0
203 102 121 1 100000000000000000000000000000080000000 2000000000000000000000000000001 0 1 1 0 1 100000000000000000000000000000080000000 1f 0
203 102 121 1 100000000000000000000000000000080000000 2000000000000000000000000000001 0 1 80000001 0 1 100000000000000000000000000000080000000 1f 0
203 102 121 1 100000000000000000000000000000080000000 2000000000000000000000000000001 2 1 0 0 0 100000000000000000000000000000080000000 1f 0
203 102 121 1 100000000000000000000000000000080000000 2000000000000000000000000000001 2 1 1 0 0 100000000000000000000000000000080000000 1f 0
203 102 121 1 100000000000000000000000000000080000000 2000000000000000000000000000001 2 1 2 0 0 100000000000000000000000000000080000000 1f 0
203 102 121 1 100000000000000000000000000000080000000 2000000000000000000000000000001 2 1 8000 0 0 100000000000000000000000000000080000000 1f 0
203 102 121 1 100000000000000000000000000000080000000 2000000000000000000000000000001 2 1 80000000 0 0 100000000000000000000000000000080000000 1f 0
203 102 121 1 100000000000000000000000000000080000000 2000000000000000000000000000001 2 1 80000001 0 0 100000000000000000000000000000080000000 1f 0
203 102 121 1 100000000000000000000000000000080000000 4000000000000000000000000000002 0 1 2 1 1 100000000000000000000000000000080000000 1f 0
203 102 121 1 100000000000000000000000000000080000000 10000000000000000000000000000008000 0 1 8000 f 1 100000000000000000000000000000080000000 1f 0
203 102 121 1 100000000000000000000000000000080000000 100000000000000000000000000000080000000 0 1 80000000 1f 1 100000000000000000000000000000080000000 1f 0
203 102 121 1 100000000000000000000000000000080000001 2000000000000000000000000000001 0 1 0 0 1 100000000000000000000000000000080000000 1f 0
203 102 121 1 100000000000000000000000000000080000001 2000000000000000000000000000001 0 1 1 0 1 100000000000000000000000000000080000000 1f 0
203 102 121 1 100000000000000000000000000000080000001 2000000000000000000000000000001 0 1 80000001 0 1 100000000000000000000000000000080000000 1f 0
203 102 121 1 100000000000000000000000000000080000001 2000000000000000000000000000001 2 1 0 0 0 100000000000000000000000000000080000000 1f 0
203 102 121 1 100000000000000000000000000000080000001 2000000000000000000000000000001 2 1 1 0 0 100000000000000000000000000000080000000 1f 0
203 102 121 1 100000000000000000000000000000080000001 2000000000000000000000000000001 2 1 2 0 0 100000000000000000000000000000080000000 1f 0
203 102 121 1 100000000000000000000000000000080000001 2000000000000000000000000000001 2 1 8000 0 0 100000000000000000000000000000080000000 1f 0
203 102 121 1 100000000000000000000000000000080000001 2000000000000000000000000000001 2 1 80000000 0 0 100000000000000000000000000000080000000 1f 0
203 102 121 1 100000000000000000000000000000080000001 2000000000000000000000000000001 2 1 80000001 0 0 100000000000000000000000000000080000000 1f 0
203 102 121 1 100000000000000000000000000000080000001 4000000000000000000000000000002 0 1 2 1 1 100000000000000000000000000000080000000 1f 0
203 102 121 1 100000000000000000000000000000080000001 10000000000000000000000000000008000 0 1 8000 f 1 100000000000000000000000000000080000000 1f 0
203 102 121 1 100000000000000000000000000000080000001 100000000000000000000000000000080000000 0 1 80000000 1f 1 100000000000000000000000000000080000000 1f 0
203 102 121 1 3ffffffffffffffffffffffffffffffffffffffffff 4000000000000000000000000000000000000000000 0 1 0 0 1 4000000000000000000000000000000000000000000 0 1
203 102 121 1 3ffffffffffffffffffffffffffffffffffffffffff 4000000000000000000000000000000000000000000 0 1 1 0 1 4000000000000000000000000000000000000000000 0 1
203 102 121 1 3ffffffffffffffffffffffffffffffffffffffffff 4000000000000000000000000000000000000000000 0 1 80000001 0 1 4000000000000000000000000000000000000000000 0 1
203 102 121 1 3ffffffffffffffffffffffffffffffffffffffffff 4000000000000000000000000000000000000000000 2 1 0 0 0 4000000000000000000000000000000000000000000 0 1
203 102 121 1 3ffffffffffffffffffffffffffffffffffffffffff 4000000000000000000000000000000000000000000 2 1 1 0 0 4000000000000000000000000000000000000000000 0 1
203 102 121 1 3ffffffffffffffffffffffffffffffffffffffffff 4000000000000000000000000000000000000000000 2 1 2 0 0 4000000000000000000000000000000000000000000 0 1
203 102 121 1 3ffffffffffffffffffffffffffffffffffffffffff 4000000000000000000000000000000000000000000 2 1 8000 0 0 4000000000000000000000000000000000000000000 0 1
203 102 121 1 3ffffffffffffffffffffffffffffffffffffffffff 4000000000000000000000000000000000000000000 2 1 80000000 0 0 4000000000000000000000000000000000000000000 0 1
203 102 121 1 3ffffffffffffffffffffffffffffffffffffffffff 4000000000000000000000000000000000000000000 2 1 80000001 0 0 4000000000000000000000000000000000000000000 0 1
203 102 121 1 3ffffffffffffffffffffffffffffffffffffffffff 8000000000000000000000000000000000000000000 0 1 2 1 1 4000000000000000000000000000000000000000000 0 1
203 102 121 1 3ffffffffffffffffffffffffffffffffffffffffff 20000000000000000000000000000000000000000000000 0 1 8000 f 1 4000000000000000000000000000000000000000000 0 1
203 102 121 1 3ffffffffffffffffffffffffffffffffffffffffff 200000000000000000000000000000000000000000000000000 0 1 80000000 1f 1 4000000000000000000000000000000000000000000 0 1
203 102 121 1 4000000000000000000000000000000000000000000 4000000000000000000000000000000000000000000 0 1 0 0 1 4000000000000000000000000000000000000000000 0 0
203 102 121 1 4000000000000000000000000000000000000000000 4000000000000000000000000000000000000000000 0 1 1 0 1 4000000000000000000000000000000000000000000 0 0
203 102 121 1 4000000000000000000000000000000000000000000 4000000000000000000000000000000000000000000 0 1 80000001 0 1 4000000000000000000000000000000000000000000 0 0
203 102 121 1 4000000000000000000000000000000000000000000 4000000000000000000000000000000000000000000 2 1 0 0 0 4000000000000000000000000000000000000000000 0 0
203 102 121 1 4000000000000000000000000000000000000000000 4000000000000000000000000000000000000000000 2 1 1 0 0 4000000000000000000000000000000000000000000 0 0
203 102 121 1 4000000000000000000000000000000000000000000 4000000000000000000000000000000000000000000 2 1 2 0 0 4000000000000000000000000000000000000000000 0 0
203 102 121 1 4000000000000000000000000000000000000000000 4000000000000000000000000000000000000000000 2 1 8000 0 0 4000000000000000000000000000000000000000000 0 0
203 102 121 1 4000000000000000000000000000000000000000000 4000000000000000000000000000000000000000000 2 1 80000000 0 0 4000000000000000000000000000000000000000000 0 0
203 102 121 1 4000000000000000000000000000000000000000000 4000000000000000000000000000000000000000000 2 1 80000001 0 0 4000000000000000000000000000000000000000000 0 0
203 102 121 1 4000000000000000000000000000000000000000000 8000000000000000000000000000000000000000000 0 1 2 1 1 4000000000000000000000000000000000000000000 0 0
203 102 121 1 4000000000000000000000000000000000000000000 20000000000000000000000000000000000000000000000 0 1 8000 f 1 4000000000000000000000000000000000000000000 0 0
203 102 121 1 4000000000000000000000000000000000000000000 200000000000000000000000000000000000000000000000000 0 1 80000000 1f 1 4000000000000000000000000000000000000000000 0 0
203 102 121 1 4000000000000000000000000000000000000000001 4000000000000000000000000000000000000000000 0 1 0 0 1 4000000000000000000000000000000000000000000 0 0
203 102 121 1 4000000000000000000000000000000000000000001 4000000000000000000000000000000000000000000 0 1 1 0 1 4000000000000000000000000000000000000000000 0 0
203 102 121 1 4000000000000000000000000000000000000000001 4000000000000000000000000000000000000000000 0 1 80000001 0 1 4000000000000000000000000000000000000000000 0 0
203 102 121 1 4000000000000000000000000000000000000000001 4000000000000000000000000000000000000000000 2 1 0 0 0 4000000000000000000000000000000000000000000 0 0
203 102 121 1 4000000000000000000000000000000000000000001 4000000000000000000000000000000000000000000 2 1 1 0 0 4000000000000000000000000000000000000000000 0 0
203 102 121 1 4000000000000000000000000000000000000000001 4000000000000000000000000000000000000000000 2 1 2 0 0 4000000000000000000000000000000000000000000 0 0
203 102 121 1 4000000000000000000000000000000000000000001 4000000000000000000000000000000000000000000 2 1 8000 0 0 4000000000000000000000000000000000000000000 0 0
203 102 121 1 4000000000000000000000000000000000000000001 4000000000000000000000000000000000000000000 2 1 80000000 0 0 4000000000000000000000000000000000000000000 0 0
203 102 121 1 4000000000000000000000000000000000000000001 4000000000000000000000000000000000000000000 2 1 80000001 0 0 4000000000000000000000000000000000000000000 0 0
203 102 121 1 4000000000000000000000000000000000000000001 8000000000000000000000000000000000000000000 0 1 2 1 1 4000000000000000000000000000000000000000000 0 0
203 102 121 1 4000000000000000000000000000000000000000001 20000000000000000000000000000000000000000000000 0 1 8000 f 1 4000000000000000000000000000000000000000000 0 0
203 102 121 1 4000000000000000000000000000000000000000001 200000000000000000000000000000000000000000000000000 0 1 80000000 1f 1 4000000000000000000000000000000000000000000 0 0
203 102 121 1 7ffffffffffffffffffffffffffffffffffffffffff 4000000000000000000000000000000000000000000 0 1 0 0 1 4000000000000000000000000000000000000000000 0 0
203 102 121 1 7ffffffffffffffffffffffffffffffffffffffffff 4000000000000000000000000000000000000000000 0 1 1 0 1 4000000000000000000000000000000000000000000 0 0
203 102 121 1 7ffffffffffffffffffffffffffffffffffffffffff 4000000000000000000000000000000000000000000 0 1 80000001 0 1 4000000000000000000000000000000000000000000 0 0
203 102 121 1 7ffffffffffffffffffffffffffffffffffffffffff 4000000000000000000000000000000000000000000 2 1 0 0 0 4000000000000000000000000000000000000000000 0 0
203 102 121 1 7ffffffffffffffffffffffffffffffffffffffffff 4000000000000000000000000000000000000000000 2 1 1 0 0 4000000000000000000000000000000000000000000 0 0
203 102 121 1 7ffffffffffffffffffffffffffffffffffffffffff 4000000000000000000000000000000000000000000 2 1 2 0 0 4000000000000000000000000000000000000000000 0 0
203 102 121 1 7ffffffffffffffffffffffffffffffffffffffffff 4000000000000000000000000000000000000000000 2 1 8000 0 0 4000000000000000000000000000000000000000000 0 0
203 102 121 1 7ffffffffffffffffffffffffffffffffffffffffff 4000000000000000000000000000000000000000000 2 1 80000000 0 0 4000000000000000000000000000000000000000000 0 0
203 102 121 1 7ffffffffffffffffffffffffffffffffffffffffff 4000000000000000000000000000000000000000000 2 1 80000001 0 0 4000000000000000000000000000000000000000000 0 0
203 102 121 1 7ffffffffffffffffffffffffffffffffffffffffff 8000000000000000000000000000000000000000000 0 1 2 1 1 4000000000000000000000000000000000000000000 0 0
203 102 121 1 7ffffffffffffffffffffffffffffffffffffffffff 20000000000000000000000000000000000000000000000 0 1 8000 f 1 4000000000000000000000000000000000000000000 0 0
203 102 121 1 7ffffffffffffffffffffffffffffffffffffffffff 200000000000000000000000000000000000000000000000000 0 1 80000000 1f 1 4000000000000000000000000000000000000000000 0 0
203 102 121 1 8000000000000000000000000000000000000000000 4000000000000000000000000000000000000000000 0 1 0 0 1 8000000000000000000000000000000000000000000 1 0
203 102 121 1 8000000000000000000000000000000000000000000 4000000000000000000000000000000000000000000 0 1 1 0 1 8000000000000000000000000000000000000000000 1 0
203 102 121 1 8000000000000000000000000000000000000000000 4000000000000000000000000000000000000000000 0 1 80000001 0 1 8000000000000000000000000000000000000000000 1 0
203 102 121 1 8000000000000000000000000000000000000000000 4000000000000000000000000000000000000000000 2 1 0 0 0 8000000000000000000000000000000000000000000 1 0
203 102 121 1 8000000000000000000000000000000000000000000 4000000000000000000000000000000000000000000 2 1 1 0 0 8000000000000000000000000000000000000000000 1 0
203 102 121 1 8000000000000000000000000000000000000000000 4000000000000000000000000000000000000000000 2 1 2 0 0 8000000000000000000000000000000000000000000 1 0
203 102 121 1 8000000000000000000000000000000000000000000 4000000000000000000000000000000000000000000 2 1 8000 0 0 8000000000000000000000000000000000000000000 1 0
203 102 121 1 8000000000000000000000000000000000000000000 4000000000000000000000000000000000000000000 2 1 80000000 0 0 8000000000000000000000000000000000000000000 1 0
203 102 121 1 8000000000000000000000000000000000000000000 4000000000000000000000000000000000000000000 2 1 80000001 0 0 8000000000000000000000000000000000000000000 1 0
203 102 121 1 8000000000000000000000000000000000000000000 8000000000000000000000000000000000000000000 0 1 2 1 1 8000000000000000000000000000000000000000000 1 0
203 102 121 1 8000000000000000000000000000000000000000000 20000000000000000000000000000000000000000000000 0 1 8000 f 1 8000000000000000000000000000000000000000000 1 0
203 102 121 1 8000000000000000000000000000000000000000000 200000000000000000000000000000000000000000000000000 0 1 80000000 1f 1 8000000000000000000000000000000000000000000 1 0
203 102 121 1 8000000000000000000000000000000000000000001 4000000000000000000000000000000000000000000 0 1 0 0 1 8000000000000000000000000000000000000000000 1 0
203 102 121 1 8000000000000000000000000000000000000000001 4000000000000000000000000000000000000000000 0 1 1 0 1 8000000000000000000000000000000000000000000 1 0
203 102 121 1 8000000000000000000000000000000000000000001 4000000000000000000000000000000000000000000 0 1 80000001 0 1 8000000000000000000000000000000000000000000 1 0
203 102 121 1 8000000000000000000000000000000000000000001 4000000000000000000000000000000000000000000 2 1 0 0 0 8000000000000000000000000000000000000000000 1 0
203 102 121 1 8000000000000000000000000000000000000000001 4000000000000000000000000000000000000000000 2 1 1 0 0 8000000000000000000000000000000000000000000 1 0
203 102 121 1 8000000000000000000000000000000000000000001 4000000000000000000000000000000000000000000 2 1 2 0 0 8000000000000000000000000000000000000000000 1 0
203 102 121 1 8000000000000000000000000000000000000000001 4000000000000000000000000000000000000000000 2 1 8000 0 0 8000000000000000000000000000000000000000000 1 0
203 102 121 1 8000000000000000000000000000000000000000001 4000000000000000000000000000000000000000000 2 1 80000000 0 0 8000000000000000000000000000000000000000000 1 0
203 102 121 1 8000000000000000000000000000000000000000001 4000000000000000000000000000000000000000000 2 1 80000001 0 0 8000000000000000000000000000000000000000000 1 0
203 102 121 1 8000000000000000000000000000000000000000001 8000000000000000000000000000000000000000000 0 1 2 1 1 8000000000000000000000000000000000000000000 1 0
203 102 121 1 8000000000000000000000000000000000000000001 20000000000000000000000000000000000000000000000 0 1 8000 f 1 8000000000000000000000000000000000000000000 1 0
203 102 121 1 8000000000000000000000000000000000000000001 200000000000000000000000000000000000000000000000000 0 1 80000000 1f 1 8000000000000000000000000000000000000000000 1 0
203 102 121 1 1ffffffffffffffffffffffffffffffffffffffffffffff 4000000000000000000000000000000000000000000 0 1 0 0 1 10000000000000000000000000000000000000000000000 e 0
203 102 121 1 1ffffffffffffffffffffffffffffffffffffffffffffff 4000000000000000000000000000000000000000000 0 1 1 0 1 10000000000000000000000000000000000000000000000 e 0
203 102 121 1 1ffffffffffffffffffffffffffffffffffffffffffffff 4000000000000000000000000000000000000000000 0 1 80000001 0 1 10000000000000000000000000000000000000000000000 e 0
203 102 121 1 1ffffffffffffffffffffffffffffffffffffffffffffff 4000000000000000000000000000000000000000000 2 1 0 0 0 10000000000000000000000000000000000000000000000 e 0
203 102 121 1 1ffffffffffffffffffffffffffffffffffffffffffffff 4000000000000000000000000000000000000000000 2 1 1 0 0 10000000000000000000000000000000000000000000000 e 0
203 102 121 1 1ffffffffffffffffffffffffffffffffffffffffffffff 4000000000000000000000000000000000000000000 2 1 2 0 0 10000000000000000000000000000000000000000000000 e 0
203 102 121 1 1ffffffffffffffffffffffffffffffffffffffffffffff 4000000000000000000000000000000000000000000 2 1 8000 0 0 10000000000000000000000000000000000000000000000 e 0
203 102 121 1 1ffffffffffffffffffffffffffffffffffffffffffffff 4000000000000000000000000000000000000000000 2 1 80000000 0 0 10000000000000000000000000000000000000000000000 e 0
203 102 121 1 1ffffffffffffffffffffffffffffffffffffffffffffff 4000000000000000000000000000000000000000000 2 1 80000001 0 0 10000000000000000000000000000000000000000000000 e 0
203 102 121 1 1ffffffffffffffffffffffffffffffffffffffffffffff 8000000000000000000000000000000000000000000 0 1 2 1 1 10000000000000000000000000000000000000000000000 e 0
203 102 121 1 1ffffffffffffffffffffffffffffffffffffffffffffff 20000000000000000000000000000000000000000000000 0 1 8000 f 1 10000000000000000000000000000000000000000000000 e 0
203 102 121 1 1ffffffffffffffffffffffffffffffffffffffffffffff 200000000000000000000000000000000000000000000000000 0 1 80000000 1f 1 10000000000000000000000000000000000000000000000 e 0
203 102 121 1 20000000000000000000000000000000000000000000000 4000000000000000000000000000000000000000000 0 1 0 0 1 20000000000000000000000000000000000000000000000 f 0
203 102 121 1 20000000000000000000000000000000000000000000000 4000000000000000000000000000000000000000000 0 1 1 0 1 20000000000000000000000000000000000000000000000 f 0
203 102 121 1 20000000000000000000000000000000000000000000000 4000000000000000000000000000000000000000000 0 1 80000001 0 1 20000000000000000000000000000000000000000000000 f 0
203 102 121 1 20000000000000000000000000000000000000000000000 4000000000000000000000000000000000000000000 2 1 0 0 0 20000000000000000000000000000000000000000000000 f 0
203 102 121 1 20000000000000000000000000000000000000000000000 4000000000000000000000000000000000000000000 2 1 1 0 0 20000000000000000000000000000000000000000000000 f 0
203 102 121 1 20000000000000000000000000000000000000000000000 4000000000000000000000000000000000000000000 2 1 2 0 0 20000000000000000000000000000000000000000000000 f 0
203 102 121 1 20000000000000000000000000000000000000000000000 4000000000000000000000000000000000000000000 2 1 8000 0 0 20000000000000000000000000000000000000000000000 f 0
203 102 121 1 20000000000000000000000000000000000000000000000 4000000000000000000000000000000000000000000 2 1 80000000 0 0 20000000000000000000000000000000000000000000000 f 0
203 102 121 1 20000000000000000000000000000000000000000000000 4000000000000000000000000000000000000000000 2 1 80000001 0 0 20000000000000000000000000000000000000000000000 f 0
203 102 121 1 20000000000000000000000000000000000000000000000 8000000000000000000000000000000000000000000 0 1 2 1 1 20000000000000000000000000000000000000000000000 f 0
203 102 121 1 20000000000000000000000000000000000000000000000 20000000000000000000000000000000000000000000000 0 1 8000 f 1 20000000000000000000000000000000000000000000000 f 0
203 102 121 1 20000000000000000000000000000000000000000000000 200000000000000000000000000000000000000000000000000 0 1 80000000 1f 1 20000000000000000000000000000000000000000000000 f 0
203 102 121 1 20000000000000000000000000000000000000000000001 4000000000000000000000000000000000000000000 0 1 0 0 1 20000000000000000000000000000000000000000000000 f 0
203 102 121 1 20000000000000000000000000000000000000000000001 4000000000000000000000000000000000000000000 0 1 1 0 1 20000000000000000000000000000000000000000000000 f 0
203 102 121 1 20000000000000000000000000000000000000000000001 4000000000000000000000000000000000000000000 0 1 80000001 0 1 20000000000000000000000000000000000000000000000 f 0
203 102 121 1 20000000000000000000000000000000000000000000001 4000000000000000000000000000000000000000000 2 1 0 0 0 20000000000000000000000000000000000000000000000 f 0
203 102 121 1 20000000000000000000000000000000000000000000001 4000000000000000000000000000000000000000000 2 1 1 0 0 20000000000000000000000000000000000000000000000 f 0
203 102 121 1 20000000000000000000000000000000000000000000001 4000000000000000000000000000000000000000000 2 1 2 0 0 20000000000000000000000000000000000000000000000 f 0
203 102 121 1 20000000000000000000000000000000000000000000001 4000000000000000000000000000000000000000000 2 1 8000 0 0 20000000000000000000000000000000000000000000000 f 0
203 102 121 1 20000000000000000000000000000000000000000000001 4000000000000000000000000000000000000000000 2 1 80000000 0 0 20000000000000000000000000000000000000000000000 f 0
203 102 121 1 20000000000000000000000000000000000000000000001 4000000000000000000000000000000000000000000 2 1 80000001 0 0 20000000000000000000000000000000000000000000000 f 0
203 102 121 1 20000000000000000000000000000000000000000000001 8000000000000000000000000000000000000000000 0 1 2 1 1 20000000000000000000000000000000000000000000000 f 0
203 102 121 1 20000000000000000000000000000000000000000000001 20000000000000000000000000000000000000000000000 0 1 8000 f 1 20000000000000000000000000000000000000000000000 f 0
203 102 121 1 20000000000000000000000000000000000000000000001 200000000000000000000000000000000000000000000000000 0 1 80000000 1f 1 20000000000000000000000000000000000000000000000 f 0
203 102 121 1 1ffffffffffffffffffffffffffffffffffffffffffffffffff 4000000000000000000000000000000000000000000 0 1 0 0 1 100000000000000000000000000000000000000000000000000 1e 0
203 102 121 1 1ffffffffffffffffffffffffffffffffffffffffffffffffff 4000000000000000000000000000000000000000000 0 1 1 0 1 100000000000000000000000000000000000000000000000000 1e 0
203 102 121 1 1ffffffffffffffffffffffffffffffffffffffffffffffffff 4000000000000000000000000000000000000000000 0 1 80000001 0 1 100000000000000000000000000000000000000000000000000 1e 0
203 102 121 1 1ffffffffffffffffffffffffffffffffffffffffffffffffff 4000000000000000000000000000000000000000000 2 1 0 0 0 100000000000000000000000000000000000000000000000000 1e 0
203 102 121 1 1ffffffffffffffffffffffffffffffffffffffffffffffffff 4000000000000000000000000000000000000000000 2 1 1 0 0 100000000000000000000000000000000000000000000000000 1e 0
203 102 121 1 1ffffffffffffffffffffffffffffffffffffffffffffffffff 4000000000000000000000000000000000000000000 2 1 2 0 0 100000000000000000000000000000000000000000000000000 1e 0
203 102 121 1 1ffffffffffffffffffffffffffffffffffffffffffffffffff 4000000000000000000000000000000000000000000 2 1 8000 0 0 100000000000000000000000000000000000000000000000000 1e 0
203 102 121 1 1ffffffffffffffffffffffffffffffffffffffffffffffffff 4000000000000000000000000000000000000000000 2 1 80000000 0 0 100000000000000000000000000000000000000000000000000 1e 0
203 102 121 1 1ffffffffffffffffffffffffffffffffffffffffffffffffff 4000000000000000000000000000000000000000000 2 1 80000001 0 0 100000000000000000000000000000000000000000000000000 1e 0
203 102 121 1 1ffffffffffffffffffffffffffffffffffffffffffffffffff 8000000000000000000000000000000000000000000 0 1 2 1 1 100000000000000000000000000000000000000000000000000 1e 0
203 102 121 1 1ffffffffffffffffffffffffffffffffffffffffffffffffff 20000000000000000000000000000000000000000000000 0 1 8000 f 1 100000000000000000000000000000000000000000000000000 1e 0
203 102 121 1 1ffffffffffffffffffffffffffffffffffffffffffffffffff 200000000000000000000000000000000000000000000000000 0 1 0 0 1 200000000000000000000000000000000000000000000000000 0 1
203 102 121 1 1ffffffffffffffffffffffffffffffffffffffffffffffffff 200000000000000000000000000000000000000000000000000 0 1 1 0 1 200000000000000000000000000000000000000000000000000 0 1
203 102 121 1 1ffffffffffffffffffffffffffffffffffffffffffffffffff 200000000000000000000000000000000000000000000000000 0 1 80000000 1f 1 100000000000000000000000000000000000000000000000000 1e 0
203 102 121 1 1ffffffffffffffffffffffffffffffffffffffffffffffffff 200000000000000000000000000000000000000000000000000 0 1 80000001 0 1 200000000000000000000000000000000000000000000000000 0 1
203 102 121 1 1ffffffffffffffffffffffffffffffffffffffffffffffffff 200000000000000000000000000000000000000000000000000 2 1 0 0 0 200000000000000000000000000000000000000000000000000 0 1
203 102 121 1 1ffffffffffffffffffffffffffffffffffffffffffffffffff 200000000000000000000000000000000000000000000000000 2 1 1 0 0 200000000000000000000000000000000000000000000000000 0 1
203 102 121 1 1ffffffffffffffffffffffffffffffffffffffffffffffffff 200000000000000000000000000000000000000000000000000 2 1 2 0 0 200000000000000000000000000000000000000000000000000 0 1
203 102 121 1 1ffffffffffffffffffffffffffffffffffffffffffffffffff 200000000000000000000000000000000000000000000000000 2 1 8000 0 0 200000000000000000000000000000000000000000000000000 0 1
203 102 121 1 1ffffffffffffffffffffffffffffffffffffffffffffffffff 200000000000000000000000000000000000000000000000000 2 1 80000000 0 0 200000000000000000000000000000000000000000000000000 0 1
203 102 121 1 1ffffffffffffffffffffffffffffffffffffffffffffffffff 200000000000000000000000000000000000000000000000000 2 1 80000001 0 0 200000000000000000000000000000000000000000000000000 0 1
203 102 121 1 1ffffffffffffffffffffffffffffffffffffffffffffffffff 400000000000000000000000000000000000000000000000000 0 1 2 1 1 200000000000000000000000000000000000000000000000000 0 1
203 102 121 1 200000000000000000000000000000000000000000000000000 4000000000000000000000000000000000000000000 0 1 0 0 1 200000000000000000000000000000000000000000000000000 1f 0
203 102 121 1 200000000000000000000000000000000000000000000000000 4000000000000000000000000000000000000000000 0 1 1 0 1 200000000000000000000000000000000000000000000000000 1f 0
203 102 121 1 200000000000000000000000000000000000000000000000000 4000000000000000000000000000000000000000000 0 1 80000001 0 1 200000000000000000000000000000000000000000000000000 1f 0
203 102 121 1 200000000000000000000000000000000000000000000000000 4000000000000000000000000000000000000000000 2 1 0 0 0 200000000000000000000000000000000000000000000000000 1f 0
203 102 121 1 200000000000000000000000000000000000000000000000000 4000000000000000000000000000000000000000000 2 1 1 0 0 200000000000000000000000000000000000000000000000000 1f 0
203 102 121 1 200000000000000000000000000000000000000000000000000 4000000000000000000000000000000000000000000 2 1 2 0 0 200000000000000000000000000000000000000000000000000 1f 0
203 102 121 1 200000000000000000000000000000000000000000000000000 4000000000000000000000000000000000000000000 2 1 8000 0 0 200000000000000000000000000000000000000000000000000 1f 0
203 102 121 1 200000000000000000000000000000000000000000000000000 4000000000000000000000000000000000000000000 2 1 80000000 0 0 200000000000000000000000000000000000000000000000000 1f 0
203 102 121 1 200000000000000000000000000000000000000000000000000 4000000000000000000000000000000000000000000 2 1 80000001 0 0 200000000000000000000000000000000000000000000000000 1f 0
203 102 121 1 200000000000000000000000000000000000000000000000000 8000000000000000000000000000000000000000000 0 1 2 1 1 200000000000000000000000000000000000000000000000000 1f 0
203 102 121 1 200000000000000000000000000000000000000000000000000 20000000000000000000000000000000000000000000000 0 1 8000 f 1 200000000000000000000000000000000000000000000000000 1f 0
203 102 121 1 200000000000000000000000000000000000000000000000000 200000000000000000000000000000000000000000000000000 0 1 0 0 1 200000000000000000000000000000000000000000000000000 0 0
203 102 121 1 200000000000000000000000000000000000000000000000000 200000000000000000000000000000000000000000000000000 0 1 1 0 1 200000000000000000000000000000000000000000000000000 0 0
203 102 121 1 200000000000000000000000000000000000000000000000000 200000000000000000000000000000000000000000000000000 0 1 80000000 1f 1 200000000000000000000000000000000000000000000000000 1f 0
203 102 121 1 200000000000000000000000000000000000000000000000000 200000000000000000000000000000000000000000000000000 0 1 80000001 0 1 200000000000000000000000000000000000000000000000000 0 0
203 102 121 1 200000000000000000000000000000000000000000000000000 200000000000000000000000000000000000000000000000000 2 1 0 0 0 200000000000000000000000000000000000000000000000000 0 0
203 102 121 1 200000000000000000000000000000000000000000000000000 200000000000000000000000000000000000000000000000000 2 1 1 0 0 200000000000000000000000000000000000000000000000000 0 0
203 102 121 1 200000000000000000000000000000000000000000000000000 200000000000000000000000000000000000000000000000000 2 1 2 0 0 200000000000000000000000000000000000000000000000000 0 0
203 102 121 1 200000000000000000000000000000000000000000000000000 200000000000000000000000000000000000000000000000000 2 1 8000 0 0 200000000000000000000000000000000000000000000000000 0 0
203 102 121 1 200000000000000000000000000000000000000000000000000 200000000000000000000000000000000000000000000000000 2 1 80000000 0 0 200000000000000000000000000000000000000000000000000 0 0
203 102 121 1 200000000000000000000000000000000000000000000000000 200000000000000000000000000000000000000000000000000 2 1 80000001 0 0 200000000000000000000000000000000000000000000000000 0 0
203 102 121 1 200000000000000000000000000000000000000000000000000 400000000000000000000000000000000000000000000000000 0 1 2 1 1 200000000000000000000000000000000000000000000000000 0 0
203 102 121 1 200000000000000000000000000000000000000000000000001 4000000000000000000000000000000000000000000 0 1 0 0 1 200000000000000000000000000000000000000000000000000 1f 0
203 102 121 1 200000000000000000000000000000000000000000000000001 4000000000000000000000000000000000000000000 0 1 1 0 1 200000000000000000000000000000000000000000000000000 1f 0
203 102 121 1 200000000000000000000000000000000000000000000000001 4000000000000000000000000000000000000000000 0 1 80000001 0 1 200000000000000000000000000000000000000000000000000 1f 0
203 102 121 1 200000000000000000000000000000000000000000000000001 4000000000000000000000000000000000000000000 2 1 0 0 0 200000000000000000000000000000000000000000000000000 1f 0
203 102 121 1 200000000000000000000000000000000000000000000000001 4000000000000000000000000000000000000000000 2 1 1 0 0 200000000000000000000000000000000000000000000000000 1f 0
203 102 121 1 200000000000000000000000000000000000000000000000001 4000000000000000000000000000000000000000000 2 1 2 0 0 200000000000000000000000000000000000000000000000000 1f 0
203 102 121 1 200000000000000000000000000000000000000000000000001 4000000000000000000000000000000000000000000 2 1 8000 0 0 200000000000000000000000000000000000000000000000000 1f 0
203 102 121 1 200000000000000000000000000000000000000000000000001 4000000000000000000000000000000000000000000 2 1 80000000 0 0 200000000000000000000000000000000000000000000000000 1f 0
203 102 121 1 200000000000000000000000000000000000000000000000001 4000000000000000000000000000000000000000000 2 1 80000001 0 0 200000000000000000000000000000000000000000000000000 1f 0
203 102 121 1 200000000000000000000000000000000000000000000000001 8000000000000000000000000000000000000000000 0 1 2 1 1 200000000000000000000000000000000000000000000000000 1f 0
203 102 121 1 200000000000000000000000000000000000000000000000001 20000000000000000000000000000000000000000000000 0 1 8000 f 1 200000000000000000000000000000000000000000000000000 1f 0
203 102 121 1 200000000000000000000000000000000000000000000000001 200000000000000000000000000000000000000000000000000 0 1 0 0 1 200000000000000000000000000000000000000000000000000 0 0
203 102 121 1 200000000000000000000000000000000000000000000000001 200000000000000000000000000000000000000000000000000 0 1 1 0 1 200000000000000000000000000000000000000000000000000 0 0
203 102 121 1 200000000000000000000000000000000000000000000000001 200000000000000000000000000000000000000000000000000 0 1 80000000 1f 1 200000000000000000000000000000000000000000000000000 1f 0
203 102 121 1 200000000000000000000000000000000000000000000000001 200000000000000000000000000000000000000000000000000 0 1 80000001 0 1 200000000000000000000000000000000000000000000000000 0 0
203 102 121 1 200000000000000000000000000000000000000000000000001 200000000000000000000000000000000000000000000000000 2 1 0 0 0 200000000000000000000000000000000000000000000000000 0 0
203 102 121 1 200000000000000000000000000000000000000000000000001 200000000000000000000000000000000000000000000000000 2 1 1 0 0 200000000000000000000000000000000000000000000000000 0 0
203 102 121 1 200000000000000000000000000000000000000000000000001 200000000000000000000000000000000000000000000000000 2 1 2 0 0 200000000000000000000000000000000000000000000000000 0 0
203 102 121 1 200000000000000000000000000000000000000000000000001 200000000000000000000000000000000000000000000000000 2 1 8000 0 0 200000000000000000000000000000000000000000000000000 0 0
203 102 121 1 200000000000000000000000000000000000000000000000001 200000000000000000000000000000000000000000000000000 2 1 80000000 0 0 200000000000000000000000000000000000000000000000000 0 0
203 102 121 1 200000000000000000000000000000000000000000000000001 200000000000000000000000000000000000000000000000000 2 1 80000001 0 0 200000000000000000000000000000000000000000000000000 0 0
203 102 121 1 200000000000000000000000000000000000000000000000001 400000000000000000000000000000000000000000000000000 0 1 2 1 1 200000000000000000000000000000000000000000000000000 0 0
203 102 121 1 3ffffffffffffffffffffffffffffffffffffffffffffffffff 200000000000000000000000000000000000000000000000000 0 1 0 0 1 200000000000000000000000000000000000000000000000000 0 0
203 102 121 1 3ffffffffffffffffffffffffffffffffffffffffffffffffff 200000000000000000000000000000000000000000000000000 0 1 1 0 1 200000000000000000000000000000000000000000000000000 0 0
203 102 121 1 3ffffffffffffffffffffffffffffffffffffffffffffffffff 200000000000000000000000000000000000000000000000000 0 1 80000001 0 1 200000000000000000000000000000000000000000000000000 0 0
203 102 121 1 3ffffffffffffffffffffffffffffffffffffffffffffffffff 200000000000000000000000000000000000000000000000000 2 1 0 0 0 200000000000000000000000000000000000000000000000000 0 0
203 102 121 1 3ffffffffffffffffffffffffffffffffffffffffffffffffff 200000000000000000000000000000000000000000000000000 2 1 1 0 0 200000000000000000000000000000000000000000000000000 0 0
203 102 121 1 3ffffffffffffffffffffffffffffffffffffffffffffffffff 200000000000000000000000000000000000000000000000000 2 1 2 0 0 200000000000000000000000000000000000000000000000000 0 0
203 102 121 1 3ffffffffffffffffffffffffffffffffffffffffffffffffff 200000000000000000000000000000000000000000000000000 2 1 8000 0 0 200000000000000000000000000000000000000000000000000 0 0
203 102 121 1 3ffffffffffffffffffffffffffffffffffffffffffffffffff 200000000000000000000000000000000000000000000000000 2 1 80000000 0 0 200000000000000000000000000000000000000000000000000 0 0
203 102 121 1 3ffffffffffffffffffffffffffffffffffffffffffffffffff 200000000000000000000000000000000000000000000000000 2 1 80000001 0 0 200000000000000000000000000000000000000000000000000 0 0
203 102 121 1 3ffffffffffffffffffffffffffffffffffffffffffffffffff 400000000000000000000000000000000000000000000000000 0 1 2 1 1 200000000000000000000000000000000000000000000000000 0 0
203 102 121 1 400000000000000000000000000000000000000000000000000 200000000000000000000000000000000000000000000000000 0 1 0 0 1 400000000000000000000000000000000000000000000000000 1 0
203 102 121 1 400000000000000000000000000000000000000000000000000 200000000000000000000000000000000000000000000000000 0 1 1 0 1 400000000000000000000000000000000000000000000000000 1 0
203 102 121 1 400000000000000000000000000000000000000000000000000 200000000000000000000000000000000000000000000000000 0 1 80000001 0 1 400000000000000000000000000000000000000000000000000 1 0
203 102 121 1 400000000000000000000000000000000000000000000000000 200000000000000000000000000000000000000000000000000 2 1 0 0 0 400000000000000000000000000000000000000000000000000 1 0
203 102 121 1 400000000000000000000000000000000000000000000000000 200000000000000000000000000000000000000000000000000 2 1 1 0 0 400000000000000000000000000000000000000000000000000 1 0
203 102 121 1 400000000000000000000000000000000000000000000000000 200000000000000000000000000000000000000000000000000 2 1 2 0 0 400000000000000000000000000000000000000000000000000 1 0
203 102 121 1 400000000000000000000000000000000000000000000000000 200000000000000000000000000000000000000000000000000 2 1 8000 0 0 400000000000000000000000000000000000000000000000000 1 0
203 102 121 1 400000000000000000000000000000000000000000000000000 200000000000000000000000000000000000000000000000000 2 1 80000000 0 0 400000000000000000000000000000000000000000000000000 1 0
203 102 121 1 400000000000000000000000000000000000000000000000000 200000000000000000000000000000000000000000000000000 2 1 80000001 0 0 400000000000000000000000000000000000000000000000000 1 0
203 102 121 1 400000000000000000000000000000000000000000000000000 400000000000000000000000000000000000000000000000000 0 1 2 1 1 400000000000000000000000000000000000000000000000000 1 0
203 102 121 1 400000000000000000000000000000000000000000000000001 200000000000000000000000000000000000000000000000000 0 1 0 0 1 400000000000000000000000000000000000000000000000000 1 0
203 102 121 1 400000000000000000000000000000000000000000000000001 200000000000000000000000000000000000000000000000000 0 1 1 0 1 400000000000000000000000000000000000000000000000000 1 0
203 102 121 1 400000000000000000000000000000000000000000000000001 200000000000000000000000000000000000000000000000000 0 1 80000001 0 1 400000000000000000000000000000000000000000000000000 1 0
203 102 121 1 400000000000000000000000000000000000000000000000001 200000000000000000000000000000000000000000000000000 2 1 0 0 0 400000000000000000000000000000000000000000000000000 1 0
203 102 121 1 400000000000000000000000000000000000000000000000001 200000000000000000000000000000000000000000000000000 2 1 1 0 0 400000000000000000000000000000000000000000000000000 1 0
203 102 121 1 400000000000000000000000000000000000000000000000001 200000000000000000000000000000000000000000000000000 2 1 2 0 0 400000000000000000000000000000000000000000000000000 1 0
203 102 121 1 400000000000000000000000000000000000000000000000001 200000000000000000000000000000000000000000000000000 2 1 8000 0 0 400000000000000000000000000000000000000000000000000 1 0
203 102 121 1 400000000000000000000000000000000000000000000000001 200000000000000000000000000000000000000000000000000 2 1 80000000 0 0 400000000000000000000000000000000000000000000000000 1 0
203 102 121 1 400000000000000000000000000000000000000000000000001 200000000000000000000000000000000000000000000000000 2 1 80000001 0 0 400000000000000000000000000000000000000000000000000 1 0
203 102 121 1 400000000000000000000000000000000000000000000000001 400000000000000000000000000000000000000000000000000 0 1 2 1 1 400000000000000000000000000000000000000000000000000 1 0
232 60 163 1 0 80000000000000000000000000000000000000000 0 1 0 0 1 80000000000000000000000000000000000000000 0 1
232 60 163 1 0 80000000000000000000000000000000000000000 0 1 1 0 1 80000000000000000000000000000000000000000 0 1
232 60 163 1 0 80000000000000000000000000000000000000000 0 1 80000001 0 1 80000000000000000000000000000000000000000 0 1
232 60 163 1 0 80000000000000000000000000000000000000000 2 1 0 0 0 80000000000000000000000000000000000000000 0 1
232 60 163 1 0 80000000000000000000000000000000000000000 2 1 1 0 0 80000000000000000000000000000000000000000 0 1
232 60 163 1 0 80000000000000000000000000000000000000000 2 1 2 0 0 80000000000000000000000000000000000000000 0 1
232 60 163 1 0 80000000000000000000000000000000000000000 2 1 8000 0 0 80000000000000000000000000000000000000000 0 1
232 60 163 1 0 80000000000000000000000000000000000000000 2 1 80000000 0 0 80000000000000000000000000000000000000000 0 1
232 60 163 1 0 80000000000000000000000000000000000000000 2 1 80000001 0 0 80000000000000000000000000000000000000000 0 1
232 60 163 1 0 80000000000000000000000000000000000000001 0 1 0 0 1 80000000000000000000000000000000000000001 0 1
232 60 163 1 0 80000000000000000000000000000000000000001 0 1 1 0 1 80000000000000000000000000000000000000001 0 1
232 60 163 1 0 80000000000000000000000000000000000000001 0 1 80000001 0 1 80000000000000000000000000000000000000001 0 1
232 60 163 1 0 80000000000000000000000000000000000000001 2 1 0 0 0 80000000000000000000000000000000000000001 0 1
232 60 163 1 0 80000000000000000000000000000000000000001 2 1 1 0 0 80000000000000000000000000000000000000001 0 1
232 60 163 1 0 80000000000000000000000000000000000000001 2 1 2 0 0 80000000000000000000000000000000000000001 0 1
232 60 163 1 0 80000000000000000000000000000000000000001 2 1 8000 0 0 80000000000000000000000000000000000000001 0 1
232 60 163 1 0 80000000000000000000000000000000000000001 2 1 80000000 0 0 80000000000000000000000000000000000000001 0 1
232 60 163 1 0 80000000000000000000000000000000000000001 2 1 80000001 0 0 80000000000000000000000000000000000000001 0 1
232 60 163 1 0 100000000000000000000000000000000000000000 0 1 2 1 1 80000000000000000000000000000000000000000 0 1
232 60 163 1 0 100000000000000000000000000000000000000002 0 1 2 1 1 80000000000000000000000000000000000000001 0 1
232 60 163 1 0 400000000000000000000000000000000000000000000 0 1 8000 f 1 80000000000000000000000000000000000000000 0 1
232 60 163 1 0 400000000000000000000000000000000000000008000 0 1 8000 f 1 80000000000000000000000000000000000000001 0 1
232 60 163 1 0 4000000000000000000000000000000000000000000000000 0 1 80000000 1f 1 80000000000000000000000000000000000000000 0 1
232 60 163 1 0 4000000000000000000000000000000000000000080000000 0 1 80000000 1f 1 80000000000000000000000000000000000000001 0 1
232 60 163 1 0 80000000000000000000000000000000000000000000000000 0 1 0 0 1 80000000000000000000000000000000000000000000000000 0 1
232 60 163 1 0 80000000000000000000000000000000000000000000000000 0 1 1 0 1 80000000000000000000000000000000000000000000000000 0 1
232 60 163 1 0 80000000000000000000000000000000000000000000000000 0 1 80000001 0 1 80000000000000000000000000000000000000000000000000 0 1
232 60 163 1 0 80000000000000000000000000000000000000000000000000 2 1 0 0 0 80000000000000000000000000000000000000000000000000 0 1
232 60 163 1 0 80000000000000000000000000000000000000000000000000 2 1 1 0 0 80000000000000000000000000000000000000000000000000 0 1
232 60 163 1 0 80000000000000000000000000000000000000000000000000 2 1 2 0 0 80000000000000000000000000000000000000000000000000 0 1
232 60 163 1 0 80000000000000000000000000000000000000000000000000 2 1 8000 0 0 80000000000000000000000000000000000000000000000000 0 1
232 60 163 1 0 80000000000000000000000000000000000000000000000000 2 1 80000000 0 0 80000000000000000000000000000000000000000000000000 0 1
232 60 163 1 0 80000000000000000000000000000000000000000000000000 2 1 80000001 0 0 80000000000000000000000000000000000000000000000000 0 1
232 60 163 1 0 100000000000000000000000000000000000000000000000000 0 1 2 1 1 80000000000000000000000000000000000000000000000000 0 1
232 60 163 1 0 400000000000000000000000000000000000000000000000000000 0 1 8000 f 1 80000000000000000000000000000000000000000000000000 0 1
232 60 163 1 0 4000000000000000000000000000000000000000000000000000000000 0 1 0 0 1 4000000000000000000000000000000000000000000000000000000000 0 1
232 60 163 1 0 4000000000000000000000000000000000000000000000000000000000 0 1 1 0 1 4000000000000000000000000000000000000000000000000000000000 0 1
232 60 163 1 0 4000000000000000000000000000000000000000000000000000000000 0 1 80000000 1f 1 80000000000000000000000000000000000000000000000000 0 1
232 60 163 1 0 4000000000000000000000000000000000000000000000000000000000 0 1 80000001 0 1 4000000000000000000000000000000000000000000000000000000000 0 1
232 60 163 1 0 4000000000000000000000000000000000000000000000000000000000 2 1 0 0 0 4000000000000000000000000000000000000000000000000000000000 0 1
232 60 163 1 0 4000000000000000000000000000000000000000000000000000000000 2 1 1 0 0 4000000000000000000000000000000000000000000000000000000000 0 1
232 60 163 1 0 4000000000000000000000000000000000000000000000000000000000 2 1 2 0 0 4000000000000000000000000000000000000000000000000000000000 0 1
232 60 163 1 0 4000000000000000000000000000000000000000000000000000000000 2 1 8000 0 0 4000000000000000000000000000000000000000000000000000000000 0 1
232 60 163 1 0 4000000000000000000000000000000000000000000000000000000000 2 1 80000000 0 0 4000000000000000000000000000000000000000000000000000000000 0 1
232 60 163 1 0 4000000000000000000000000000000000000000000000000000000000 2 1 80000001 0 0 4000000000000000000000000000000000000000000000000000000000 0 1
232 60 163 1 0 8000000000000000000000000000000000000000000000000000000000 0 1 2 1 1 4000000000000000000000000000000000000000000000000000000000 0 1
232 60 163 1 7ffffffffffffffffffffffffffffffffffffffff 80000000000000000000000000000000000000000 0 1 0 0 1 80000000000000000000000000000000000000000 0 1
232 60 163 1 7ffffffffffffffffffffffffffffffffffffffff 80000000000000000000000000000000000000000 0 1 1 0 1 80000000000000000000000000000000000000000 0 1
232 60 163 1 7ffffffffffffffffffffffffffffffffffffffff 80000000000000000000000000000000000000000 0 1 80000001 0 1 80000000000000000000000000000000000000000 0 1
232 60 163 1 7ffffffffffffffffffffffffffffffffffffffff 80000000000000000000000000000000000000000 2 1 0 0 0 80000000000000000000000000000000000000000 0 1
232 60 163 1 7ffffffffffffffffffffffffffffffffffffffff 80000000000000000000000000000000000000000 2 1 1 0 0 80000000000000000000000000000000000000000 0 1
232 60 163 1 7ffffffffffffffffffffffffffffffffffffffff 80000000000000000000000000000000000000000 2 1 2 0 0 80000000000000000000000000000000000000000 0 1
232 60 163 1 7ffffffffffffffffffffffffffffffffffffffff 80000000000000000000000000000000000000000 2 1 8000 0 0 80000000000000000000000000000000000000000 0 1
232 60 163 1 7ffffffffffffffffffffffffffffffffffffffff 80000000000000000000000000000000000000000 2 1 80000000 0 0 80000000000000000000000000000000000000000 0 1
232 60 163 1 7ffffffffffffffffffffffffffffffffffffffff 80000000000000000000000000000000000000000 2 1 80000001 0 0 80000000000000000000000000000000000000000 0 1
232 60 163 1 7ffffffffffffffffffffffffffffffffffffffff 100000000000000000000000000000000000000000 0 1 2 1 1 80000000000000000000000000000000000000000 0 1
232 60 163 1 7ffffffffffffffffffffffffffffffffffffffff 400000000000000000000000000000000000000000000 0 1 8000 f 1 80000000000000000000000000000000000000000 0 1
232 60 163 1 7ffffffffffffffffffffffffffffffffffffffff 4000000000000000000000000000000000000000000000000 0 1 80000000 1f 1 80000000000000000000000000000000000000000 0 1
232 60 163 1 80000000000000000000000000000000000000000 80000000000000000000000000000000000000000 0 1 0 0 1 80000000000000000000000000000000000000000 0 0
232 60 163 1 80000000000000000000000000000000000000000 80000000000000000000000000000000000000000 0 1 1 0 1 80000000000000000000000000000000000000000 0 0
232 60 163 1 80000000000000000000000000000000000000000 80000000000000000000000000000000000000000 0 1 80000001 0 1 80000000000000000000000000000000000000000 0 0
232 60 163 1 80000000000000000000000000000000000000000 80000000000000000000000000000000000000000 2 1 0 0 0 80000000000000000000000000000000000000000 0 0
232 60 163 1 80000000000000000000000000000000000000000 80000000000000000000000000000000000000000 2 1 1 0 0 80000000000000000000000000000000000000000 0 0
232 60 163 1 80000000000000000000000000000000000000000 80000000000000000000000000000000000000000 2 1 2 0 0 80000000000000000000000000000000000000000 0 0
232 60 163 1 80000000000000000000000000000000000000000 80000000000000000000000000000000000000000 2 1 8000 0 0 80000000000000000000000000000000000000000 0 0
232 60 163 1 80000000000000000000000000000000000000000 80000000000000000000000000000000000000000 2 1 80000000 0 0 80000000000000000000000000000000000000000 0 0
232 60 163 1 80000000000000000000000000000000000000000 80000000000000000000000000000000000000000 2 1 80000001 0 0 80000000000000000000000000000000000000000 0 0
232 60 163 1 80000000000000000000000000000000000000000 80000000000000000000000000000000000000001 0 1 0 0 1 80000000000000000000000000000000000000001 0 1
232 60 163 1 80000000000000000000000000000000000000000 80000000000000000000000000000000000000001 0 1 1 0 1 80000000000000000000000000000000000000001 0 1
232 60 163 1 80000000000000000000000000000000000000000 80000000000000000000000000000000000000001 0 1 80000001 0 1 80000000000000000000000000000000000000001 0 1
232 60 163 1 80000000000000000000000000000000000000000 80000000000000000000000000000000000000001 2 1 0 0 0 80000000000000000000000000000000000000001 0 1
232 60 163 1 80000000000000000000000000000000000000000 80000000000000000000000000000000000000001 2 1 1 0 0 80000000000000000000000000000000000000001 0 1
232 60 163 1 80000000000000000000000000000000000000000 80000000000000000000000000000000000000001 2 1 2 0 0 80000000000000000000000000000000000000001 0 1
232 60 163 1 80000000000000000000000000000000000000000 80000000000000000000000000000000000000001 2 1 8000 0 0 80000000000000000000000000000000000000001 0 1
232 60 163 1 80000000000000000000000000000000000000000 80000000000000000000000000000000000000001 2 1 80000000 0 0 80000000000000000000000000000000000000001 0 1
232 60 163 1 80000000000000000000000000000000000000000 80000000000000000000000000000000000000001 2 1 80000001 0 0 80000000000000000000000000000000000000001 0 1
232 60 163 1 80000000000000000000000000000000000000000 100000000000000000000000000000000000000000 0 1 2 1 1 80000000000000000000000000000000000000000 0 0
232 60 163 1 80000000000000000000000000000000000000000 100000000000000000000000000000000000000002 0 1 2 1 1 80000000000000000000000000000000000000001 0 1
232 60 163 1 80000000000000000000000000000000000000000 400000000000000000000000000000000000000000000 0 1 8000 f 1 80000000000000000000000000000000000000000 0 0
232 60 163 1 80000000000000000000000000000000000000000 400000000000000000000000000000000000000008000 0 1 8000 f 1 80000000000000000000000000000000000000001 0 1
232 60 163 1 80000000000000000000000000000000000000000 4000000000000000000000000000000000000000000000000 0 1 80000000 1f 1 80000000000000000000000000000000000000000 0 0
232 60 163 1 80000000000000000000000000000000000000000 4000000000000000000000000000000000000000080000000 0 1 80000000 1f 1 80000000000000000000000000000000000000001 0 1
232 60 163 1 80000000000000000000000000000000000000001 80000000000000000000000000000000000000000 0 1 0 0 1 80000000000000000000000000000000000000000 0 0
232 60 163 1 80000000000000000000000000000000000000001 80000000000000000000000000000000000000000 0 1 1 0 1 80000000000000000000000000000000000000000 0 0
232 60 163 1 80000000000000000000000000000000000000001 80000000000000000000000000000000000000000 0 1 80000001 0 1 80000000000000000000000000000000000000000 0 0
232 60 163 1 80000000000000000000000000000000000000001 80000000000000000000000000000000000000000 2 1 0 0 0 80000000000000000000000000000000000000000 0 0
232 60 163 1 80000000000000000000000000000000000000001 80000000000000000000000000000000000000000 2 1 1 0 0 80000000000000000000000000000000000000000 0 0
232 60 163 1 80000000000000000000000000000000000000001 80000000000000000000000000000000000000000 2 1 2 0 0 80000000000000000000000000000000000000000 0 0
232 60 163 1 80000000000000000000000000000000000000001 80000000000000000000000000000000000000000 2 1 8000 0 0 80000000000000000000000000000000000000000 0 0
232 60 163 1 80000000000000000000000000000000000000001 80000000000000000000000000000000000000000 2 1 80000000 0 0 80000000000000000000000000000000000000000 0 0
232 60 163 1 80000000000000000000000000000000000000001 80000000000000000000000000000000000000000 2 1 80000001 0 0 80000000000000000000000000000000000000000 0 0
232 60 163 1 80000000000000000000000000000000000000001 80000000000000000000000000000000000000001 0 1 0 0 1 80000000000000000000000000000000000000001 0 0
232 60 163 1 80000000000000000000000000000000000000001 80000000000000000000000000000000000000001 0 1 1 0 1 80000000000000000000000000000000000000001 0 0
232 60 163 1 80000000000000000000000000000000000000001 80000000000000000000000000000000000000001 0 1 80000001 0 1 80000000000000000000000000000000000000001 0 0
232 60 163 1 80000000000000000000000000000000000000001 80000000000000000000000000000000000000001 2 1 0 0 0 80000000000000000000000000000000000000001 0 0
232 60 163 1 80000000000000000000000000000000000000001 80000000000000000000000000000000000000001 2 1 1 0 0 80000000000000000000000000000000000000001 0 0
232 60 163 1 80000000000000000000000000000000000000001 80000000000000000000000000000000000000001 2 1 2 0 0 80000000000000000000000000000000000000001 0 0
232 60 163 1 80000000000000000000000000000000000000001 80000000000000000000000000000000000000001 2 1 8000 0 0 80000000000000000000000000000000000000001 0 0
232 60 163 1 80000000000000000000000000000000000000001 80000000000000000000000000000000000000001 2 1 80000000 0 0 80000000000000000000000000000000000000001 0 0
232 60 163 1 80000000000000000000000000000000000000001 80000000000000000000000000000000000000001 2 1 80000001 0 0 80000000000000000000000000000000000000001 0 0
232 60 163 1 80000000000000000000000000000000000000001 100000000000000000000000000000000000000000 0 1 2 1 1 80000000000000000000000000000000000000000 0 0
232 60 163 1 80000000000000000000000000000000000000001 100000000000000000000000000000000000000002 0 1 2 1 1 80000000000000000000000000000000000000001 0 0
232 60 163 1 80000000000000000000000000000000000000001 400000000000000000000000000000000000000000000 0 1 8000 f 1 80000000000000000000000000000000000000000 0 0
232 60 163 1 80000000000000000000000000000000000000001 400000000000000000000000000000000000000008000 0 1 8000 f 1 80000000000000000000000000000000000000001 0 0
232 60 163 1 80000000000000000000000000000000000000001 4000000000000000000000000000000000000000000000000 0 1 80000000 1f 1 80000000000000000000000000000000000000000 0 0
232 60 163 1 80000000000000000000000000000000000000001 4000000000000000000000000000000000000000080000000 0 1 80000000 1f 1 80000000000000000000000000000000000000001 0 0
232 60 163 1 80000000000000000000000000000000000000002 80000000000000000000000000000000000000001 0 1 0 0 1 80000000000000000000000000000000000000001 0 0
232 60 163 1 80000000000000000000000000000000000000002 80000000000000000000000000000000000000001 0 1 1 0 1 80000000000000000000000000000000000000001 0 0
232 60 163 1 80000000000000000000000000000000000000002 80000000000000000000000000000000000000001 0 1 80000001 0 1 80000000000000000000000000000000000000001 0 0
232 60 163 1 80000000000000000000000000000000000000002 80000000000000000000000000000000000000001 2 1 0 0 0 80000000000000000000000000000000000000001 0 0
232 60 163 1 80000000000000000000000000000000000000002 80000000000000000000000000000000000000001 2 1 1 0 0 80000000000000000000000000000000000000001 0 0
232 60 163 1 80000000000000000000000000000000000000002 80000000000000000000000000000000000000001 2 1 2 0 0 80000000000000000000000000000000000000001 0 0
232 60 163 1 80000000000000000000000000000000000000002 80000000000000000000000000000000000000001 2 1 8000 0 0 80000000000000000000000000000000000000001 0 0
232 60 163 1 80000000000000000000000000000000000000002 80000000000000000000000000000000000000001 2 1 80000000 0 0 80000000000000000000000000000000000000001 0 0
232 60 163 1 80000000000000000000000000000000000000002 80000000000000000000000000000000000000001 2 1 80000001 0 0 80000000000000000000000000000000000000001 0 0
232 60 163 1 80000000000000000000000000000000000000002 100000000000000000000000000000000000000002 0 1 2 1 1 80000000000000000000000000000000000000001 0 0
232 60 163 1 80000000000000000000000000000000000000002 400000000000000000000000000000000000000008000 0 1 8000 f 1 80000000000000000000000000000000000000001 0 0
232 60 163 1 80000000000000000000000000000000000000002 4000000000000000000000000000000000000000080000000 0 1 80000000 1f 1 80000000000000000000000000000000000000001 0 0
232 60 163 1 fffffffffffffffffffffffffffffffffffffffff 80000000000000000000000000000000000000000 0 1 0 0 1 80000000000000000000000000000000000000000 0 0
232 60 163 1 fffffffffffffffffffffffffffffffffffffffff 80000000000000000000000000000000000000000 0 1 1 0 1 80000000000000000000000000000000000000000 0 0
232 60 163 1 fffffffffffffffffffffffffffffffffffffffff 80000000000000000000000000000000000000000 0 1 80000001 0 1 80000000000000000000000000000000000000000 0 0
232 60 163 1 fffffffffffffffffffffffffffffffffffffffff 80000000000000000000000000000000000000000 2 1 0 0 0 80000000000000000000000000000000000000000 0 0
232 60 163 1 fffffffffffffffffffffffffffffffffffffffff 80000000000000000000000000000000000000000 2 1 1 0 0 80000000000000000000000000000000000000000 0 0
232 60 163 1 fffffffffffffffffffffffffffffffffffffffff 80000000000000000000000000000000000000000 2 1 2 0 0 80000000000000000000000000000000000000000 0 0
232 60 163 1 fffffffffffffffffffffffffffffffffffffffff 80000000000000000000000000000000000000000 2 1 8000 0 0 80000000000000000000000000000000000000000 0 0
232 60 163 1 fffffffffffffffffffffffffffffffffffffffff 80000000000000000000000000000000000000000 2 1 80000000 0 0 80000000000000000000000000000000000000000 0 0
232 60 163 1 fffffffffffffffffffffffffffffffffffffffff 80000000000000000000000000000000000000000 2 1 80000001 0 0 80000000000000000000000000000000000000000 0 0
232 60 163 1 fffffffffffffffffffffffffffffffffffffffff 100000000000000000000000000000000000000000 0 1 2 1 1 80000000000000000000000000000000000000000 0 0
232 60 163 1 fffffffffffffffffffffffffffffffffffffffff 400000000000000000000000000000000000000000000 0 1 8000 f 1 80000000000000000000000000000000000000000 0 0
232 60 163 1 fffffffffffffffffffffffffffffffffffffffff 4000000000000000000000000000000000000000000000000 0 1 80000000 1f 1 80000000000000000000000000000000000000000 0 0
232 60 163 1 100000000000000000000000000000000000000000 80000000000000000000000000000000000000000 0 1 0 0 1 100000000000000000000000000000000000000000 1 0
232 60 163 1 100000000000000000000000000000000000000000 80000000000000000000000000000000000000000 0 1 1 0 1 100000000000000000000000000000000000000000 1 0
232 60 163 1 100000000000000000000000000000000000000000 80000000000000000000000000000000000000000 0 1 80000001 0 1 100000000000000000000000000000000000000000 1 0
232 60 163 1 100000000000000000000000000000000000000000 80000000000000000000000000000000000000000 2 1 0 0 0 100000000000000000000000000000000000000000 1 0
232 60 163 1 100000000000000000000000000000000000000000 80000000000000000000000000000000000000000 2 1 1 0 0 100000000000000000000000000000000000000000 1 0
232 60 163 1 100000000000000000000000000000000000000000 80000000000000000000000000000000000000000 2 1 2 0 0 100000000000000000000000000000000000000000 1 0
232 60 163 1 100000000000000000000000000000000000000000 80000000000000000000000000000000000000000 2 1 8000 0 0 100000000000000000000000000000000000000000 1 0
232 60 163 1 100000000000000000000000000000000000000000 80000000000000000000000000000000000000000 2 1 80000000 0 0 100000000000000000000000000000000000000000 1 0
232 60 163 1 100000000000000000000000000000000000000000 80000000000000000000000000000000000000000 2 1 80000001 0 0 100000000000000000000000000000000000000000 1 0
232 60 163 1 100000000000000000000000000000000000000000 100000000000000000000000000000000000000000 0 1 2 1 1 100000000000000000000000000000000000000000 1 0
232 60 163 1 100000000000000000000000000000000000000000 400000000000000000000000000000000000000000000 0 1 8000 f 1 100000000000000000000000000000000000000000 1 0
232 60 163 1 100000000000000000000000000000000000000000 4000000000000000000000000000000000000000000000000 0 1 80000000 1f 1 100000000000000000000000000000000000000000 1 0
232 60 163 1 100000000000000000000000000000000000000001 80000000000000000000000000000000000000000 0 1 0 0 1 100000000000000000000000000000000000000000 1 0
232 60 163 1 100000000000000000000000000000000000000001 80000000000000000000000000000000000000000 0 1 1 0 1 100000000000000000000000000000000000000000 1 0
232 60 163 1 100000000000000000000000000000000000000001 80000000000000000000000000000000000000000 0 1 80000001 0 1 100000000000000000000000000000000000000000 1 0
232 60 163 1 100000000000000000000000000000000000000001 80000000000000000000000000000000000000000 2 1 0 0 0 100000000000000000000000000000000000000000 1 0
232 60 163 1 100000000000000000000000000000000000000001 80000000000000000000000000000000000000000 2 1 1 0 0 100000000000000000000000000000000000000000 1 0
232 60 163 1 100000000000000000000000000000000000000001 80000000000000000000000000000000000000000 2 1 2 0 0 100000000000000000000000000000000000000000 1 0
232 60 163 1 100000000000000000000000000000000000000001 80000000000000000000000000000000000000000 2 1 8000 0 0 100000000000000000000000000000000000000000 1 0
232 60 163 1 100000000000000000000000000000000000000001 80000000000000000000000000000000000000000 2 1 80000000 0 0 100000000000000000000000000000000000000000 1 0
232 60 163 1 100000000000000000000000000000000000000001 80000000000000000000000000000000000000000 2 1 80000001 0 0 100000000000000000000000000000000000000000 1 0
232 60 163 1 100000000000000000000000000000000000000001 80000000000000000000000000000000000000001 0 1 0 0 1 80000000000000000000000000000000000000001 0 0
232 60 163 1 100000000000000000000000000000000000000001 80000000000000000000000000000000000000001 0 1 1 0 1 80000000000000000000000000000000000000001 0 0
232 60 163 1 100000000000000000000000000000000000000001 80000000000000000000000000000000000000001 0 1 80000001 0 1 80000000000000000000000000000000000000001 0 0
232 60 163 1 100000000000000000000000000000000000000001 80000000000000000000000000000000000000001 2 1 0 0 0 80000000000000000000000000000000000000001 0 0
232 60 163 1 100000000000000000000000000000000000000001 80000000000000000000000000000000000000001 2 1 1 0 0 80000000000000000000000000000000000000001 0 0
232 60 163 1 100000000000000000000000000000000000000001 80000000000000000000000000000000000000001 2 1 2 0 0 80000000000000000000000000000000000000001 0 0
232 60 163 1 100000000000000000000000000000000000000001 80000000000000000000000000000000000000001 2 1 8000 0 0 80000000000000000000000000000000000000001 0 0
232 60 163 1 100000000000000000000000000000000000000001 80000000000000000000000000000000000000001 2 1 80000000 0 0 80000000000000000000000000000000000000001 0 0
232 60 163 1 100000000000000000000000000000000000000001 80000000000000000000000000000000000000001 2 1 80000001 0 0 80000000000000000000000000000000000000001 0 0
232 60 163 1 100000000000000000000000000000000000000001 100000000000000000000000000000000000000000 0 1 2 1 1 100000000000000000000000000000000000000000 1 0
232 60 163 1 100000000000000000000000000000000000000001 100000000000000000000000000000000000000002 0 1 2 1 1 80000000000000000000000000000000000000001 0 0
232 60 163 1 100000000000000000000000000000000000000001 400000000000000000000000000000000000000000000 0 1 8000 f 1 100000000000000000000000000000000000000000 1 0
232 60 163 1 100000000000000000000000000000000000000001 400000000000000000000000000000000000000008000 0 1 8000 f 1 80000000000000000000000000000000000000001 0 0
232 60 163 1 100000000000000000000000000000000000000001 4000000000000000000000000000000000000000000000000 0 1 80000000 1f 1 100000000000000000000000000000000000000000 1 0
232 60 163 1 100000000000000000000000000000000000000001 4000000000000000000000000000000000000000080000000 0 1 80000000 1f 1 80000000000000000000000000000000000000001 0 0
232 60 163 1 100000000000000000000000000000000000000002 80000000000000000000000000000000000000001 0 1 0 0 1 100000000000000000000000000000000000000002 1 0
232 60 163 1 100000000000000000000000000000000000000002 80000000000000000000000000000000000000001 0 1 1 0 1 100000000000000000000000000000000000000002 1 0
232 60 163 1 100000000000000000000000000000000000000002 80000000000000000000000000000000000000001 0 1 80000001 0 1 100000000000000000000000000000000000000002 1 0
232 60 163 1 100000000000000000000000000000000000000002 80000000000000000000000000000000000000001 2 1 0 0 0 100000000000000000000000000000000000000002 1 0
232 60 163 1 100000000000000000000000000000000000000002 80000000000000000000000000000000000000001 2 1 1 0 0 100000000000000000000000000000000000000002 1 0
232 60 163 1 100000000000000000000000000000000000000002 80000000000000000000000000000000000000001 2 1 2 0 0 100000000000000000000000000000000000000002 1 0
232 60 163 1 100000000000000000000000000000000000000002 80000000000000000000000000000000000000001 2 1 8000 0 0 100000000000000000000000000000000000000002 1 0
232 60 163 1 100000000000000000000000000000000000000002 80000000000000000000000000000000000000001 2 1 80000000 0 0 100000000000000000000000000000000000000002 1 0
232 60 163 1 100000000000000000000000000000000000000002 80000000000000000000000000000000000000001 2 1 80000001 0 0 100000000000000000000000000000000000000002 1 0
232 60 163 1 100000000000000000000000000000000000000002 100000000000000000000000000000000000000002 0 1 2 1 1 100000000000000000000000000000000000000002 1 0
232 60 163 1 100000000000000000000000000000000000000002 400000000000000000000000000000000000000008000 0 1 8000 f 1 100000000000000000000000000000000000000002 1 0
232 60 163 1 100000000000000000000000000000000000000002 4000000000000000000000000000000000000000080000000 0 1 80000000 1f 1 100000000000000000000000000000000000000002 1 0
232 60 163 1 100000000000000000000000000000000000000003 80000000000000000000000000000000000000001 0 1 0 0 1 100000000000000000000000000000000000000002 1 0
232 60 163 1 100000000000000000000000000000000000000003 80000000000000000000000000000000000000001 0 1 1 0 1 100000000000000000000000000000000000000002 1 0
232 60 163 1 100000000000000000000000000000000000000003 80000000000000000000000000000000000000001 0 1 80000001 0 1 100000000000000000000000000000000000000002 1 0
232 60 163 1 100000000000000000000000000000000000000003 80000000000000000000000000000000000000001 2 1 0 0 0 100000000000000000000000000000000000000002 1 0
232 60 163 1 100000000000000000000000000000000000000003 80000000000000000000000000000000000000001 2 1 1 0 0 100000000000000000000000000000000000000002 1 0
232 60 163 1 100000000000000000000000000000000000000003 80000000000000000000000000000000000000001 2 1 2 0 0 100000000000000000000000000000000000000002 1 0
232 60 163 1 100000000000000000000000000000000000000003 80000000000000000000000000000000000000001 2 1 8000 0 0 100000000000000000000000000000000000000002 1 0
232 60 163 1 100000000000000000000000000000000000000003 80000000000000000000000000000000000000001 2 1 80000000 0 0 100000000000000000000000000000000000000002 1 0
232 60 163 1 100000000000000000000000000000000000000003 80000000000000000000000000000000000000001 2 1 80000001 0 0 100000000000000000000000000000000000000002 1 0
232 60 163 1 100000000000000000000000000000000000000003 100000000000000000000000000000000000000002 0 1 2 1 1 100000000000000000000000000000000000000002 1 0
232 60 163 1 100000000000000000000000000000000000000003 400000000000000000000000000000000000000008000 0 1 8000 f 1 100000000000000000000000000000000000000002 1 0
232 60 163 1 100000000000000000000000000000000000000003 4000000000000000000000000000000000000000080000000 0 1 80000000 1f 1 100000000000000000000000000000000000000002 1 0
232 60 163 1 3ffffffffffffffffffffffffffffffffffffffffffff 80000000000000000000000000000000000000000 0 1 0 0 1 200000000000000000000000000000000000000000000 e 0
232 60 163 1 3ffffffffffffffffffffffffffffffffffffffffffff 80000000000000000000000000000000000000000 0 1 1 0 1 200000000000000000000000000000000000000000000 e 0
232 60 163 1 3ffffffffffffffffffffffffffffffffffffffffffff 80000000000000000000000000000000000000000 0 1 80000001 0 1 200000000000000000000000000000000000000000000 e 0
232 60 163 1 3ffffffffffffffffffffffffffffffffffffffffffff 80000000000000000000000000000000000000000 2 1 0 0 0 200000000000000000000000000000000000000000000 e 0
232 60 163 1 3ffffffffffffffffffffffffffffffffffffffffffff 80000000000000000000000000000000000000000 2 1 1 0 0 200000000000000000000000000000000000000000000 e 0
232 60 163 1 3ffffffffffffffffffffffffffffffffffffffffffff 80000000000000000000000000000000000000000 2 1 2 0 0 200000000000000000000000000000000000000000000 e 0
232 60 163 1 3ffffffffffffffffffffffffffffffffffffffffffff 80000000000000000000000000000000000000000 2 1 8000 0 0 200000000000000000000000000000000000000000000 e 0
232 60 163 1 3ffffffffffffffffffffffffffffffffffffffffffff 80000000000000000000000000000000000000000 2 1 80000000 0 0 200000000000000000000000000000000000000000000 e 0
232 60 163 1 3ffffffffffffffffffffffffffffffffffffffffffff 80000000000000000000000000000000000000000 2 1 80000001 0 0 200000000000000000000000000000000000000000000 e 0
232 60 163 1 3ffffffffffffffffffffffffffffffffffffffffffff 100000000000000000000000000000000000000000 0 1 2 1 1 200000000000000000000000000000000000000000000 e 0
232 60 163 1 3ffffffffffffffffffffffffffffffffffffffffffff 400000000000000000000000000000000000000000000 0 1 8000 f 1 200000000000000000000000000000000000000000000 e 0
232 60 163 1 3ffffffffffffffffffffffffffffffffffffffffffff 4000000000000000000000000000000000000000000000000 0 1 80000000 1f 1 200000000000000000000000000000000000000000000 e 0
232 60 163 1 400000000000000000000000000000000000000000000 80000000000000000000000000000000000000000 0 1 0 0 1 400000000000000000000000000000000000000000000 f 0
232 60 163 1 400000000000000000000000000000000000000000000 80000000000000000000000000000000000000000 0 1 1 0 1 400000000000000000000000000000000000000000000 f 0
232 60 163 1 400000000000000000000000000000000000000000000 80000000000000000000000000000000000000000 0 1 80000001 0 1 400000000000000000000000000000000000000000000 f 0
232 60 163 1 400000000000000000000000000000000000000000000 80000000000000000000000000000000000000000 2 1 0 0 0 400000000000000000000000000000000000000000000 f 0
232 60 163 1 400000000000000000000000000000000000000000000 80000000000000000000000000000000000000000 2 1 1 0 0 400000000000000000000000000000000000000000000 f 0
232 60 163 1 400000000000000000000000000000000000000000000 80000000000000000000000000000000000000000 2 1 2 0 0 400000000000000000000000000000000000000000000 f 0
232 60 163 1 400000000000000000000000000000000000000000000 80000000000000000000000000000000000000000 2 1 8000 0 0 400000000000000000000000000000000000000000000 f 0
232 60 163 1 400000000000000000000000000000000000000000000 80000000000000000000000000000000000000000 2 1 80000000 0 0 400000000000000000000000000000000000000000000 f 0
232 60 163 1 400000000000000000000000000000000000000000000 80000000000000000000000000000000000000000 2 1 80000001 0 0 400000000000000000000000000000000000000000000 f 0
232 60 163 1 400000000000000000000000000000000000000000000 100000000000000000000000000000000000000000 0 1 2 1 1 400000000000000000000000000000000000000000000 f 0
232 60 163 1 400000000000000000000000000000000000000000000 400000000000000000000000000000000000000000000 0 1 8000 f 1 400000000000000000000000000000000000000000000 f 0
232 60 163 1 400000000000000000000000000000000000000000000 4000000000000000000000000000000000000000000000000 0 1 80000000 1f 1 400000000000000000000000000000000000000000000 f 0
232 60 163 1 400000000000000000000000000000000000000000001 80000000000000000000000000000000000000000 0 1 0 0 1 400000000000000000000000000000000000000000000 f 0
232 60 163 1 400000000000000000000000000000000000000000001 80000000000000000000000000000000000000000 0 1 1 0 1 400000000000000000000000000000000000000000000 f 0
232 60 163 1 400000000000000000000000000000000000000000001 80000000000000000000000000000000000000000 0 1 80000001 0 1 400000000000000000000000000000000000000000000 f 0
232 60 163 1 400000000000000000000000000000000000000000001 80000000000000000000000000000000000000000 2 1 0 0 0 400000000000000000000000000000000000000000000 f 0
232 60 163 1 400000000000000000000000000000000000000000001 80000000000000000000000000000000000000000 2 1 1 0 0 400000000000000000000000000000000000000000000 f 0
232 60 163 1 400000000000000000000000000000000000000000001 80000000000000000000000000000000000000000 2 1 2 0 0 400000000000000000000000000000000000000000000 f 0
232 60 163 1 400000000000000000000000000000000000000000001 80000000000000000000000000000000000000000 2 1 8000 0 0 400000000000000000000000000000000000000000000 f 0
232 60 163 1 400000000000000000000000000000000000000000001 80000000000000000000000000000000000000000 2 1 80000000 0 0 400000000000000000000000000000000000000000000 f 0
232 60 163 1 400000000000000000000000000000000000000000001 80000000000000000000000000000000000000000 2 1 80000001 0 0 400000000000000000000000000000000000000000000 f 0
232 60 163 1 400000000000000000000000000000000000000000001 100000000000000000000000000000000000000000 0 1 2 1 1 400000000000000000000000000000000000000000000 f 0
232 60 163 1 400000000000000000000000000000000000000000001 400000000000000000000000000000000000000000000 0 1 8000 f 1 400000000000000000000000000000000000000000000 f 0
232 60 163 1 400000000000000000000000000000000000000000001 4000000000000000000000000000000000000000000000000 0 1 80000000 1f 1 400000000000000000000000000000000000000000000 f 0
232 60 163 1 400000000000000000000000000000000000000007fff 80000000000000000000000000000000000000001 0 1 0 0 1 200000000000000000000000000000000000000004000 e 0
232 60 163 1 400000000000000000000000000000000000000007fff 80000000000000000000000000000000000000001 0 1 1 0 1 200000000000000000000000000000000000000004000 e 0
232 60 163 1 400000000000000000000000000000000000000007fff 80000000000000000000000000000000000000001 0 1 80000001 0 1 200000000000000000000000000000000000000004000 e 0
232 60 163 1 400000000000000000000000000000000000000007fff 80000000000000000000000000000000000000001 2 1 0 0 0 200000000000000000000000000000000000000004000 e 0
232 60 163 1 400000000000000000000000000000000000000007fff 80000000000000000000000000000000000000001 2 1 1 0 0 200000000000000000000000000000000000000004000 e 0
232 60 163 1 400000000000000000000000000000000000000007fff 80000000000000000000000000000000000000001 2 1 2 0 0 200000000000000000000000000000000000000004000 e 0
232 60 163 1 400000000000000000000000000000000000000007fff 80000000000000000000000000000000000000001 2 1 8000 0 0 200000000000000000000000000000000000000004000 e 0
232 60 163 1 400000000000000000000000000000000000000007fff 80000000000000000000000000000000000000001 2 1 80000000 0 0 200000000000000000000000000000000000000004000 e 0
232 60 163 1 400000000000000000000000000000000000000007fff 80000000000000000000000000000000000000001 2 1 80000001 0 0 200000000000000000000000000000000000000004000 e 0
232 60 163 1 400000000000000000000000000000000000000007fff 100000000000000000000000000000000000000002 0 1 2 1 1 200000000000000000000000000000000000000004000 e 0
232 60 163 1 400000000000000000000000000000000000000007fff 400000000000000000000000000000000000000008000 0 1 8000 f 1 200000000000000000000000000000000000000004000 e 0
232 60 163 1 400000000000000000000000000000000000000007fff 4000000000000000000000000000000000000000080000000 0 1 80000000 1f 1 200000000000000000000000000000000000000004000 e 0
232 60 163 1 400000000000000000000000000000000000000008000 80000000000000000000000000000000000000001 0 1 0 0 1 400000000000000000000000000000000000000008000 f 0
232 60 163 1 400000000000000000000000000000000000000008000 80000000000000000000000000000000000000001 0 1 1 0 1 400000000000000000000000000000000000000008000 f 0
232 60 163 1 400000000000000000000000000000000000000008000 80000000000000000000000000000000000000001 0 1 80000001 0 1 400000000000000000000000000000000000000008000 f 0
232 60 163 1 400000000000000000000000000000000000000008000 80000000000000000000000000000000000000001 2 1 0 0 0 400000000000000000000000000000000000000008000 f 0
232 60 163 1 400000000000000000000000000000000000000008000 80000000000000000000000000000000000000001 2 1 1 0 0 400000000000000000000000000000000000000008000 f 0
232 60 163 1 400000000000000000000000000000000000000008000 80000000000000000000000000000000000000001 2 1 2 0 0 400000000000000000000000000000000000000008000 f 0
232 60 163 1 400000000000000000000000000000000000000008000 80000000000000000000000000000000000000001 2 1 8000 0 0 400000000000000000000000000000000000000008000 f 0
232 60 163 1 400000000000000000000000000000000000000008000 80000000000000000000000000000000000000001 2 1 80000000 0 0 400000000000000000000000000000000000000008000 f 0
232 60 163 1 400000000000000000000000000000000000000008000 80000000000000000000000000000000000000001 2 1 80000001 0 0 400000000000000000000000000000000000000008000 f 0
232 60 163 1 400000000000000000000000000000000000000008000 100000000000000000000000000000000000000002 0 1 2 1 1 400000000000000000000000000000000000000008000 f 0
232 60 163 1 400000000000000000000000000000000000000008000 400000000000000000000000000000000000000008000 0 1 8000 f 1 400000000000000000000000000000000000000008000 f 0
232 60 163 1 400000000000000000000000000000000000000008000 4000000000000000000000000000000000000000080000000 0 1 80000000 1f 1 400000000000000000000000000000000000000008000 f 0
232 60 163 1 400000000000000000000000000000000000000008001 80000000000000000000000000000000000000001 0 1 0 0 1 400000000000000000000000000000000000000008000 f 0
232 60 163 1 400000000000000000000000000000000000000008001 80000000000000000000000000000000000000001 0 1 1 0 1 400000000000000000000000000000000000000008000 f 0
232 60 163 1 400000000000000000000000000000000000000008001 80000000000000000000000000000000000000001 0 1 80000001 0 1 400000000000000000000000000000000000000008000 f 0
232 60 163 1 400000000000000000000000000000000000000008001 80000000000000000000000000000000000000001 2 1 0 0 0 400000000000000000000000000000000000000008000 f 0
232 60 163 1 400000000000000000000000000000000000000008001 80000000000000000000000000000000000000001 2 1 1 0 0 400000000000000000000000000000000000000008000 f 0
232 60 163 1 400000000000000000000000000000000000000008001 80000000000000000000000000000000000000001 2 1 2 0 0 400000000000000000000000000000000000000008000 f 0
232 60 163 1 400000000000000000000000000000000000000008001 80000000000000000000000000000000000000001 2 1 8000 0 0 400000000000000000000000000000000000000008000 f 0
232 60 163 1 400000000000000000000000000000000000000008001 80000000000000000000000000000000000000001 2 1 80000000 0 0 400000000000000000000000000000000000000008000 f 0
232 60 163 1 400000000000000000000000000000000000000008001 80000000000000000000000000000000000000001 2 1 80000001 0 0 400000000000000000000000000000000000000008000 f 0
232 60 163 1 400000000000000000000000000000000000000008001 100000000000000000000000000000000000000002 0 1 2 1 1 400000000000000000000000000000000000000008000 f 0
232 60 163 1 400000000000000000000000000000000000000008001 400000000000000000000000000000000000000008000 0 1 8000 f 1 400000000000000000000000000000000000000008000 f 0
232 60 163 1 400000000000000000000000000000000000000008001 4000000000000000000000000000000000000000080000000 0 1 80000000 1f 1 400000000000000000000000000000000000000008000 f 0
232 60 163 1 3ffffffffffffffffffffffffffffffffffffffffffffffff 80000000000000000000000000000000000000000 0 1 0 0 1 2000000000000000000000000000000000000000000000000 1e 0
232 60 163 1 3ffffffffffffffffffffffffffffffffffffffffffffffff 80000000000000000000000000000000000000000 0 1 1 0 1 2000000000000000000000000000000000000000000000000 1e 0
232 60 163 1 3ffffffffffffffffffffffffffffffffffffffffffffffff 80000000000000000000000000000000000000000 0 1 80000001 0 1 2000000000000000000000000000000000000000000000000 1e 0
232 60 163 1 3ffffffffffffffffffffffffffffffffffffffffffffffff 80000000000000000000000000000000000000000 2 1 0 0 0 2000000000000000000000000000000000000000000000000 1e 0
232 60 163 1 3ffffffffffffffffffffffffffffffffffffffffffffffff 80000000000000000000000000000000000000000 2 1 1 0 0 2000000000000000000000000000000000000000000000000 1e 0
232 60 163 1 3ffffffffffffffffffffffffffffffffffffffffffffffff 80000000000000000000000000000000000000000 2 1 2 0 0 2000000000000000000000000000000000000000000000000 1e 0
232 60 163 1 3ffffffffffffffffffffffffffffffffffffffffffffffff 80000000000000000000000000000000000000000 2 1 8000 0 0 2000000000000000000000000000000000000000000000000 1e 0
232 60 163 1 3ffffffffffffffffffffffffffffffffffffffffffffffff 80000000000000000000000000000000000000000 2 1 80000000 0 0 2000000000000000000000000000000000000000000000000 1e 0
232 60 163 1 3ffffffffffffffffffffffffffffffffffffffffffffffff 80000000000000000000000000000000000000000 2 1 80000001 0 0 2000000000000000000000000000000000000000000000000 1e 0
232 60 163 1 3ffffffffffffffffffffffffffffffffffffffffffffffff 100000000000000000000000000000000000000000 0 1 2 1 1 2000000000000000000000000000000000000000000000000 1e 0
232 60 163 1 3ffffffffffffffffffffffffffffffffffffffffffffffff 400000000000000000000000000000000000000000000 0 1 8000 f 1 2000000000000000000000000000000000000000000000000 1e 0
232 60 163 1 3ffffffffffffffffffffffffffffffffffffffffffffffff 4000000000000000000000000000000000000000000000000 0 1 80000000 1f 1 2000000000000000000000000000000000000000000000000 1e 0
232 60 163 1 4000000000000000000000000000000000000000000000000 80000000000000000000000000000000000000000 0 1 0 0 1 4000000000000000000000000000000000000000000000000 1f 0
232 60 163 1 4000000000000000000000000000000000000000000000000 80000000000000000000000000000000000000000 0 1 1 0 1 4000000000000000000000000000000000000000000000000 1f 0
232 60 163 1 4000000000000000000000000000000000000000000000000 80000000000000000000000000000000000000000 0 1 80000001 0 1 4000000000000000000000000000000000000000000000000 1f 0
232 60 163 1 4000000000000000000000000000000000000000000000000 80000000000000000000000000000000000000000 2 1 0 0 0 4000000000000000000000000000000000000000000000000 1f 0
232 60 163 1 4000000000000000000000000000000000000000000000000 80000000000000000000000000000000000000000 2 1 1 0 0 4000000000000000000000000000000000000000000000000 1f 0
232 60 163 1 4000000000000000000000000000000000000000000000000 80000000000000000000000000000000000000000 2 1 2 0 0 4000000000000000000000000000000000000000000000000 1f 0
232 60 163 1 4000000000000000000000000000000000000000000000000 80000000000000000000000000000000000000000 2 1 8000 0 0 4000000000000000000000000000000000000000000000000 1f 0
232 60 163 1 4000000000000000000000000000000000000000000000000 80000000000000000000000000000000000000000 2 1 80000000 0 0 4000000000000000000000000000000000000000000000000 1f 0
232 60 163 1 4000000000000000000000000000000000000000000000000 80000000000000000000000000000000000000000 2 1 80000001 0 0 4000000000000000000000000000000000000000000000000 1f 0
232 60 163 1 4000000000000000000000000000000000000000000000000 100000000000000000000000000000000000000000 0 1 2 1 1 4000000000000000000000000000000000000000000000000 1f 0
232 60 163 1 4000000000000000000000000000000000000000000000000 400000000000000000000000000000000000000000000 0 1 8000 f 1 4000000000000000000000000000000000000000000000000 1f 0
232 60 163 1 4000000000000000000000000000000000000000000000000 4000000000000000000000000000000000000000000000000 0 1 80000000 1f 1 4000000000000000000000000000000000000000000000000 1f 0
232 60 163 1 4000000000000000000000000000000000000000000000001 80000000000000000000000000000000000000000 0 1 0 0 1 4000000000000000000000000000000000000000000000000 1f 0
232 60 163 1 4000000000000000000000000000000000000000000000001 80000000000000000000000000000000000000000 0 1 1 0 1 4000000000000000000000000000000000000000000000000 1f 0
232 60 163 1 4000000000000000000000000000000000000000000000001 80000000000000000000000000000000000000000 0 1 80000001 0 1 4000000000000000000000000000000000000000000000000 1f 0
232 60 163 1 4000000000000000000000000000000000000000000000001 80000000000000000000000000000000000000000 2 1 0 0 0 4000000000000000000000000000000000000000000000000 1f 0
232 60 163 1 4000000000000000000000000000000000000000000000001 80000000000000000000000000000000000000000 2 1 1 0 0 4000000000000000000000000000000000000000000000000 1f 0
232 60 163 1 4000000000000000000000000000000000000000000000001 80000000000000000000000000000000000000000 2 1 2 0 0 4000000000000000000000000000000000000000000000000 1f 0
232 60 163 1 4000000000000000000000000000000000000000000000001 80000000000000000000000000000000000000000 2 1 8000 0 0 4000000000000000000000000000000000000000000000000 1f 0
232 60 163 1 4000000000000000000000000000000000000000000000001 80000000000000000000000000000000000000000 2 1 80000000 0 0 4000000000000000000000000000000000000000000000000 1f 0
232 60 163 1 4000000000000000000000000000000000000000000000001 80000000000000000000000000000000000000000 2 1 80000001 0 0 4000000000000000000000000000000000000000000000000 1f 0
232 60 163 1 4000000000000000000000000000000000000000000000001 100000000000000000000000000000000000000000 0 1 2 1 1 4000000000000000000000000000000000000000000000000 1f 0
232 60 163 1 4000000000000000000000000000000000000000000000001 400000000000000000000000000000000000000000000 0 1 8000 f 1 4000000000000000000000000000000000000000000000000 1f 0
232 60 163 1 4000000000000000000000000000000000000000000000001 4000000000000000000000000000000000000000000000000 0 1 80000000 1f 1 4000000000000000000000000000000000000000000000000 1f 0
232 60 163 1 400000000000000000000000000000000000000007fffffff 80000000000000000000000000000000000000001 0 1 0 0 1 2000000000000000000000000000000000000000040000000 1e 0
232 60 163 1 400000000000000000000000000000000000000007fffffff 80000000000000000000000000000000000000001 0 1 1 0 1 2000000000000000000000000000000000000000040000000 1e 0
232 60 163 1 400000000000000000000000000000000000000007fffffff 80000000000000000000000000000000000000001 0 1 80000001 0 1 2000000000000000000000000000000000000000040000000 1e 0
232 60 163 1 400000000000000000000000000000000000000007fffffff 80000000000000000000000000000000000000001 2 1 0 0 0 2000000000000000000000000000000000000000040000000 1e 0
232 60 163 1 400000000000000000000000000000000000000007fffffff 80000000000000000000000000000000000000001 2 1 1 0 0 2000000000000000000000000000000000000000040000000 1e 0
232 60 163 1 400000000000000000000000000000000000000007fffffff 80000000000000000000000000000000000000001 2 1 2 0 0 2000000000000000000000000000000000000000040000000 1e 0
232 60 163 1 400000000000000000000000000000000000000007fffffff 80000000000000000000000000000000000000001 2 1 8000 0 0 2000000000000000000000000000000000000000040000000 1e 0
232 60 163 1 400000000000000000000000000000000000000007fffffff 80000000000000000000000000000000000000001 2 1 80000000 0 0 2000000000000000000000000000000000000000040000000 1e 0
232 60 163 1 400000000000000000000000000000000000000007fffffff 80000000000000000000000000000000000000001 2 1 80000001 0 0 2000000000000000000000000000000000000000040000000 1e 0
232 60 163 1 400000000000000000000000000000000000000007fffffff 100000000000000000000000000000000000000002 0 1 2 1 1 2000000000000000000000000000000000000000040000000 1e 0
232 60 163 1 400000000000000000000000000000000000000007fffffff 400000000000000000000000000000000000000008000 0 1 8000 f 1 2000000000000000000000000000000000000000040000000 1e 0
232 60 163 1 400000000000000000000000000000000000000007fffffff 4000000000000000000000000000000000000000080000000 0 1 80000000 1f 1 2000000000000000000000000000000000000000040000000 1e 0
232 60 163 1 4000000000000000000000000000000000000000080000000 80000000000000000000000000000000000000001 0 1 0 0 1 4000000000000000000000000000000000000000080000000 1f 0
232 60 163 1 4000000000000000000000000000000000000000080000000 80000000000000000000000000000000000000001 0 1 1 0 1 4000000000000000000000000000000000000000080000000 1f 0
232 60 163 1 4000000000000000000000000000000000000000080000000 80000000000000000000000000000000000000001 0 1 80000001 0 1 4000000000000000000000000000000000000000080000000 1f 0
232 60 163 1 4000000000000000000000000000000000000000080000000 80000000000000000000000000000000000000001 2 1 0 0 0 4000000000000000000000000000000000000000080000000 1f 0
232 60 163 1 4000000000000000000000000000000000000000080000000 80000000000000000000000000000000000000001 2 1 1 0 0 4000000000000000000000000000000000000000080000000 1f 0
232 60 163 1 4000000000000000000000000000000000000000080000000 80000000000000000000000000000000000000001 2 1 2 0 0 4000000000000000000000000000000000000000080000000 1f 0
232 60 163 1 4000000000000000000000000000000000000000080000000 80000000000000000000000000000000000000001 2 1 8000 0 0 4000000000000000000000000000000000000000080000000 1f 0
232 60 163 1 4000000000000000000000000000000000000000080000000 80000000000000000000000000000000000000001 2 1 80000000 0 0 4000000000000000000000000000000000000000080000000 1f 0
232 60 163 1 4000000000000000000000000000000000000000080000000 80000000000000000000000000000000000000001 2 1 80000001 0 0 4000000000000000000000000000000000000000080000000 1f 0
232 60 163 1 4000000000000000000000000000000000000000080000000 100000000000000000000000000000000000000002 0 1 2 1 1 4000000000000000000000000000000000000000080000000 1f 0
232 60 163 1 4000000000000000000000000000000000000000080000000 400000000000000000000000000000000000000008000 0 1 8000 f 1 4000000000000000000000000000000000000000080000000 1f 0
232 60 163 1 4000000000000000000000000000000000000000080000000 4000000000000000000000000000000000000000080000000 0 1 80000000 1f 1 4000000000000000000000000000000000000000080000000 1f 0
232 60 163 1 4000000000000000000000000000000000000000080000001 80000000000000000000000000000000000000001 0 1 0 0 1 4000000000000000000000000000000000000000080000000 1f 0
232 60 163 1 4000000000000000000000000000000000000000080000001 80000000000000000000000000000000000000001 0 1 1 0 1 4000000000000000000000000000000000000000080000000 1f 0
232 60 163 1 4000000000000000000000000000000000000000080000001 80000000000000000000000000000000000000001 0 1 80000001 0 1 4000000000000000000000000000000000000000080000000 1f 0
232 60 163 1 4000000000000000000000000000000000000000080000001 80000000000000000000000000000000000000001 2 1 0 0 0 4000000000000000000000000000000000000000080000000 1f 0
232 60 163 1 4000000000000000000000000000000000000000080000001 80000000000000000000000000000000000000001 2 1 1 0 0 4000000000000000000000000000000000000000080000000 1f 0
232 60 163 1 4000000000000000000000000000000000000000080000001 80000000000000000000000000000000000000001 2 1 2 0 0 4000000000000000000000000000000000000000080000000 1f 0
232 60 163 1 4000000000000000000000000000000000000000080000001 80000000000000000000000000000000000000001 2 1 8000 0 0 4000000000000000000000000000000000000000080000000 1f 0
232 60 163 1 4000000000000000000000000000000000000000080000001 80000000000000000000000000000000000000001 2 1 80000000 0 0 4000000000000000000000000000000000000000080000000 1f 0
232 60 163 1 4000000000000000000000000000000000000000080000001 80000000000000000000000000000000000000001 2 1 80000001 0 0 4000000000000000000000000000000000000000080000000 1f 0
232 60 163 1 4000000000000000000000000000000000000000080000001 100000000000000000000000000000000000000002 0 1 2 1 1 4000000000000000000000000000000000000000080000000 1f 0
232 60 163 1 4000000000000000000000000000000000000000080000001 400000000000000000000000000000000000000008000 0 1 8000 f 1 4000000000000000000000000000000000000000080000000 1f 0
232 60 163 1 4000000000000000000000000000000000000000080000001 4000000000000000000000000000000000000000080000000 0 1 80000000 1f 1 4000000000000000000000000000000000000000080000000 1f 0
232 60 163 1 7fffffffffffffffffffffffffffffffffffffffffffffffff 80000000000000000000000000000000000000000000000000 0 1 0 0 1 80000000000000000000000000000000000000000000000000 0 1
232 60 163 1 7fffffffffffffffffffffffffffffffffffffffffffffffff 80000000000000000000000000000000000000000000000000 0 1 1 0 1 80000000000000000000000000000000000000000000000000 0 1
232 60 163 1 7fffffffffffffffffffffffffffffffffffffffffffffffff 80000000000000000000000000000000000000000000000000 0 1 80000001 0 1 80000000000000000000000000000000000000000000000000 0 1
232 60 163 1 7fffffffffffffffffffffffffffffffffffffffffffffffff 80000000000000000000000000000000000000000000000000 2 1 0 0 0 80000000000000000000000000000000000000000000000000 0 1
232 60 163 1 7fffffffffffffffffffffffffffffffffffffffffffffffff 80000000000000000000000000000000000000000000000000 2 1 1 0 0 80000000000000000000000000000000000000000000000000 0 1
232 60 163 1 7fffffffffffffffffffffffffffffffffffffffffffffffff 80000000000000000000000000000000000000000000000000 2 1 2 0 0 80000000000000000000000000000000000000000000000000 0 1
232 60 163 1 7fffffffffffffffffffffffffffffffffffffffffffffffff 80000000000000000000000000000000000000000000000000 2 1 8000 0 0 80000000000000000000000000000000000000000000000000 0 1
232 60 163 1 7fffffffffffffffffffffffffffffffffffffffffffffffff 80000000000000000000000000000000000000000000000000 2 1 80000000 0 0 80000000000000000000000000000000000000000000000000 0 1
232 60 163 1 7fffffffffffffffffffffffffffffffffffffffffffffffff 80000000000000000000000000000000000000000000000000 2 1 80000001 0 0 80000000000000000000000000000000000000000000000000 0 1
232 60 163 1 7fffffffffffffffffffffffffffffffffffffffffffffffff 100000000000000000000000000000000000000000000000000 0 1 2 1 1 80000000000000000000000000000000000000000000000000 0 1
232 60 163 1 7fffffffffffffffffffffffffffffffffffffffffffffffff 400000000000000000000000000000000000000000000000000000 0 1 8000 f 1 80000000000000000000000000000000000000000000000000 0 1
232 60 163 1 7fffffffffffffffffffffffffffffffffffffffffffffffff 4000000000000000000000000000000000000000000000000000000000 0 1 80000000 1f 1 80000000000000000000000000000000000000000000000000 0 1
232 60 163 1 80000000000000000000000000000000000000000000000000 80000000000000000000000000000000000000000000000000 0 1 0 0 1 80000000000000000000000000000000000000000000000000 0 0
232 60 163 1 80000000000000000000000000000000000000000000000000 80000000000000000000000000000000000000000000000000 0 1 1 0 1 80000000000000000000000000000000000000000000000000 0 0
232 60 163 1 80000000000000000000000000000000000000000000000000 80000000000000000000000000000000000000000000000000 0 1 80000001 0 1 80000000000000000000000000000000000000000000000000 0 0
232 60 163 1 80000000000000000000000000000000000000000000000000 80000000000000000000000000000000000000000000000000 2 1 0 0 0 80000000000000000000000000000000000000000000000000 0 0
232 60 163 1 80000000000000000000000000000000000000000000000000 80000000000000000000000000000000000000000000000000 2 1 1 0 0 80000000000000000000000000000000000000000000000000 0 0
232 60 163 1 80000000000000000000000000000000000000000000000000 80000000000000000000000000000000000000000000000000 2 1 2 0 0 80000000000000000000000000000000000000000000000000 0 0
232 60 163 1 80000000000000000000000000000000000000000000000000 80000000000000000000000000000000000000000000000000 2 1 8000 0 0 80000000000000000000000000000000000000000000000000 0 0
232 60 163 1 80000000000000000000000000000000000000000000000000 80000000000000000000000000000000000000000000000000 2 1 80000000 0 0 80000000000000000000000000000000000000000000000000 0 0
232 60 163 1 80000000000000000000000000000000000000000000000000 80000000000000000000000000000000000000000000000000 2 1 80000001 0 0 80000000000000000000000000000000000000000000000000 0 0
232 60 163 1 80000000000000000000000000000000000000000000000000 100000000000000000000000000000000000000000000000000 0 1 2 1 1 80000000000000000000000000000000000000000000000000 0 0
232 60 163 1 80000000000000000000000000000000000000000000000000 400000000000000000000000000000000000000000000000000000 0 1 8000 f 1 80000000000000000000000000000000000000000000000000 0 0
232 60 163 1 80000000000000000000000000000000000000000000000000 4000000000000000000000000000000000000000000000000000000000 0 1 80000000 1f 1 80000000000000000000000000000000000000000000000000 0 0
232 60 163 1 80000000000000000000000000000000000000000000000001 80000000000000000000000000000000000000000000000000 0 1 0 0 1 80000000000000000000000000000000000000000000000000 0 0
232 60 163 1 80000000000000000000000000000000000000000000000001 80000000000000000000000000000000000000000000000000 0 1 1 0 1 80000000000000000000000000000000000000000000000000 0 0
232 60 163 1 80000000000000000000000000000000000000000000000001 80000000000000000000000000000000000000000000000000 0 1 80000001 0 1 80000000000000000000000000000000000000000000000000 0 0
232 60 163 1 80000000000000000000000000000000000000000000000001 80000000000000000000000000000000000000000000000000 2 1 0 0 0 80000000000000000000000000000000000000000000000000 0 0
232 60 163 1 80000000000000000000000000000000000000000000000001 80000000000000000000000000000000000000000000000000 2 1 1 0 0 80000000000000000000000000000000000000000000000000 0 0
232 60 163 1 80000000000000000000000000000000000000000000000001 80000000000000000000000000000000000000000000000000 2 1 2 0 0 80000000000000000000000000000000000000000000000000 0 0
232 60 163 1 80000000000000000000000000000000000000000000000001 80000000000000000000000000000000000000000000000000 2 1 8000 0 0 80000000000000000000000000000000000000000000000000 0 0
232 60 163 1 80000000000000000000000000000000000000000000000001 80000000000000000000000000000000000000000000000000 2 1 80000000 0 0 80000000000000000000000000000000000000000000000000 0 0
232 60 163 1 80000000000000000000000000000000000000000000000001 80000000000000000000000000000000000000000000000000 2 1 80000001 0 0 80000000000000000000000000000000000000000000000000 0 0
232 60 163 1 80000000000000000000000000000000000000000000000001 100000000000000000000000000000000000000000000000000 0 1 2 1 1 80000000000000000000000000000000000000000000000000 0 0
232 60 163 1 80000000000000000000000000000000000000000000000001 400000000000000000000000000000000000000000000000000000 0 1 8000 f 1 80000000000000000000000000000000000000000000000000 0 0
232 60 163 1 80000000000000000000000000000000000000000000000001 4000000000000000000000000000000000000000000000000000000000 0 1 80000000 1f 1 80000000000000000000000000000000000000000000000000 0 0
232 60 163 1 ffffffffffffffffffffffffffffffffffffffffffffffffff 80000000000000000000000000000000000000000000000000 0 1 0 0 1 80000000000000000000000000000000000000000000000000 0 0
232 60 163 1 ffffffffffffffffffffffffffffffffffffffffffffffffff 80000000000000000000000000000000000000000000000000 0 1 1 0 1 80000000000000000000000000000000000000000000000000 0 0
232 60 163 1 ffffffffffffffffffffffffffffffffffffffffffffffffff 80000000000000000000000000000000000000000000000000 0 1 80000001 0 1 80000000000000000000000000000000000000000000000000 0 0
232 60 163 1 ffffffffffffffffffffffffffffffffffffffffffffffffff 80000000000000000000000000000000000000000000000000 2 1 0 0 0 80000000000000000000000000000000000000000000000000 0 0
232 60 163 1 ffffffffffffffffffffffffffffffffffffffffffffffffff 80000000000000000000000000000000000000000000000000 2 1 1 0 0 80000000000000000000000000000000000000000000000000 0 0
232 60 163 1 ffffffffffffffffffffffffffffffffffffffffffffffffff 80000000000000000000000000000000000000000000000000 2 1 2 0 0 80000000000000000000000000000000000000000000000000 0 0
232 60 163 1 ffffffffffffffffffffffffffffffffffffffffffffffffff 80000000000000000000000000000000000000000000000000 2 1 8000 0 0 80000000000000000000000000000000000000000000000000 0 0
232 60 163 1 ffffffffffffffffffffffffffffffffffffffffffffffffff 80000000000000000000000000000000000000000000000000 2 1 80000000 0 0 80000000000000000000000000000000000000000000000000 0 0
232 60 163 1 ffffffffffffffffffffffffffffffffffffffffffffffffff 80000000000000000000000000000000000000000000000000 2 1 80000001 0 0 80000000000000000000000000000000000000000000000000 0 0
232 60 163 1 ffffffffffffffffffffffffffffffffffffffffffffffffff 100000000000000000000000000000000000000000000000000 0 1 2 1 1 80000000000000000000000000000000000000000000000000 0 0
232 60 163 1 ffffffffffffffffffffffffffffffffffffffffffffffffff 400000000000000000000000000000000000000000000000000000 0 1 8000 f 1 80000000000000000000000000000000000000000000000000 0 0
232 60 163 1 ffffffffffffffffffffffffffffffffffffffffffffffffff 4000000000000000000000000000000000000000000000000000000000 0 1 80000000 1f 1 80000000000000000000000000000000000000000000000000 0 0
232 60 163 1 100000000000000000000000000000000000000000000000000 80000000000000000000000000000000000000000000000000 0 1 0 0 1 100000000000000000000000000000000000000000000000000 1 0
232 60 163 1 100000000000000000000000000000000000000000000000000 80000000000000000000000000000000000000000000000000 0 1 1 0 1 100000000000000000000000000000000000000000000000000 1 0
232 60 163 1 100000000000000000000000000000000000000000000000000 80000000000000000000000000000000000000000000000000 0 1 80000001 0 1 100000000000000000000000000000000000000000000000000 1 0
232 60 163 1 100000000000000000000000000000000000000000000000000 80000000000000000000000000000000000000000000000000 2 1 0 0 0 100000000000000000000000000000000000000000000000000 1 0
232 60 163 1 100000000000000000000000000000000000000000000000000 80000000000000000000000000000000000000000000000000 2 1 1 0 0 100000000000000000000000000000000000000000000000000 1 0
232 60 163 1 100000000000000000000000000000000000000000000000000 80000000000000000000000000000000000000000000000000 2 1 2 0 0 100000000000000000000000000000000000000000000000000 1 0
232 60 163 1 100000000000000000000000000000000000000000000000000 80000000000000000000000000000000000000000000000000 2 1 8000 0 0 100000000000000000000000000000000000000000000000000 1 0
232 60 163 1 100000000000000000000000000000000000000000000000000 80000000000000000000000000000000000000000000000000 2 1 80000000 0 0 100000000000000000000000000000000000000000000000000 1 0
232 60 163 1 100000000000000000000000000000000000000000000000000 80000000000000000000000000000000000000000000000000 2 1 80000001 0 0 100000000000000000000000000000000000000000000000000 1 0
232 60 163 1 100000000000000000000000000000000000000000000000000 100000000000000000000000000000000000000000000000000 0 1 2 1 1 100000000000000000000000000000000000000000000000000 1 0
232 60 163 1 100000000000000000000000000000000000000000000000000 400000000000000000000000000000000000000000000000000000 0 1 8000 f 1 100000000000000000000000000000000000000000000000000 1 0
232 60 163 1 100000000000000000000000000000000000000000000000000 4000000000000000000000000000000000000000000000000000000000 0 1 80000000 1f 1 100000000000000000000000000000000000000000000000000 1 0
232 60 163 1 100000000000000000000000000000000000000000000000001 80000000000000000000000000000000000000000000000000 0 1 0 0 1 100000000000000000000000000000000000000000000000000 1 0
232 60 163 1 100000000000000000000000000000000000000000000000001 80000000000000000000000000000000000000000000000000 0 1 1 0 1 100000000000000000000000000000000000000000000000000 1 0
232 60 163 1 100000000000000000000000000000000000000000000000001 80000000000000000000000000000000000000000000000000 0 1 80000001 0 1 100000000000000000000000000000000000000000000000000 1 0
232 60 163 1 100000000000000000000000000000000000000000000000001 80000000000000000000000000000000000000000000000000 2 1 0 0 0 100000000000000000000000000000000000000000000000000 1 0
232 60 163 1 100000000000000000000000000000000000000000000000001 80000000000000000000000000000000000000000000000000 2 1 1 0 0 100000000000000000000000000000000000000000000000000 1 0
232 60 163 1 100000000000000000000000000000000000000000000000001 80000000000000000000000000000000000000000000000000 2 1 2 0 0 100000000000000000000000000000000000000000000000000 1 0
232 60 163 1 100000000000000000000000000000000000000000000000001 80000000000000000000000000000000000000000000000000 2 1 8000 0 0 100000000000000000000000000000000000000000000000000 1 0
232 60 163 1 100000000000000000000000000000000000000000000000001 80000000000000000000000000000000000000000000000000 2 1 80000000 0 0 100000000000000000000000000000000000000000000000000 1 0
232 60 163 1 100000000000000000000000000000000000000000000000001 80000000000000000000000000000000000000000000000000 2 1 80000001 0 0 100000000000000000000000000000000000000000000000000 1 0
232 60 163 1 100000000000000000000000000000000000000000000000001 100000000000000000000000000000000000000000000000000 0 1 2 1 1 100000000000000000000000000000000000000000000000000 1 0
232 60 163 1 100000000000000000000000000000000000000000000000001 400000000000000000000000000000000000000000000000000000 0 1 8000 f 1 100000000000000000000000000000000000000000000000000 1 0
232 60 163 1 100000000000000000000000000000000000000000000000001 4000000000000000000000000000000000000000000000000000000000 0 1 80000000 1f 1 100000000000000000000000000000000000000000000000000 1 0
232 60 163 1 3fffffffffffffffffffffffffffffffffffffffffffffffffffff 80000000000000000000000000000000000000000000000000 0 1 0 0 1 200000000000000000000000000000000000000000000000000000 e 0
232 60 163 1 3fffffffffffffffffffffffffffffffffffffffffffffffffffff 80000000000000000000000000000000000000000000000000 0 1 1 0 1 200000000000000000000000000000000000000000000000000000 e 0
232 60 163 1 3fffffffffffffffffffffffffffffffffffffffffffffffffffff 80000000000000000000000000000000000000000000000000 0 1 80000001 0 1 200000000000000000000000000000000000000000000000000000 e 0
232 60 163 1 3fffffffffffffffffffffffffffffffffffffffffffffffffffff 80000000000000000000000000000000000000000000000000 2 1 0 0 0 200000000000000000000000000000000000000000000000000000 e 0
232 60 163 1 3fffffffffffffffffffffffffffffffffffffffffffffffffffff 80000000000000000000000000000000000000000000000000 2 1 1 0 0 200000000000000000000000000000000000000000000000000000 e 0
232 60 163 1 3fffffffffffffffffffffffffffffffffffffffffffffffffffff 80000000000000000000000000000000000000000000000000 2 1 2 0 0 200000000000000000000000000000000000000000000000000000 e 0
232 60 163 1 3fffffffffffffffffffffffffffffffffffffffffffffffffffff 80000000000000000000000000000000000000000000000000 2 1 8000 0 0 200000000000000000000000000000000000000000000000000000 e 0
232 60 163 1 3fffffffffffffffffffffffffffffffffffffffffffffffffffff 80000000000000000000000000000000000000000000000000 2 1 80000000 0 0 200000000000000000000000000000000000000000000000000000 e 0
232 60 163 1 3fffffffffffffffffffffffffffffffffffffffffffffffffffff 80000000000000000000000000000000000000000000000000 2 1 80000001 0 0 200000000000000000000000000000000000000000000000000000 e 0
232 60 163 1 3fffffffffffffffffffffffffffffffffffffffffffffffffffff 100000000000000000000000000000000000000000000000000 0 1 2 1 1 200000000000000000000000000000000000000000000000000000 e 0
232 60 163 1 3fffffffffffffffffffffffffffffffffffffffffffffffffffff 400000000000000000000000000000000000000000000000000000 0 1 8000 f 1 200000000000000000000000000000000000000000000000000000 e 0
232 60 163 1 3fffffffffffffffffffffffffffffffffffffffffffffffffffff 4000000000000000000000000000000000000000000000000000000000 0 1 80000000 1f 1 200000000000000000000000000000000000000000000000000000 e 0
232 60 163 1 400000000000000000000000000000000000000000000000000000 80000000000000000000000000000000000000000000000000 0 1 0 0 1 400000000000000000000000000000000000000000000000000000 f 0
232 60 163 1 400000000000000000000000000000000000000000000000000000 80000000000000000000000000000000000000000000000000 0 1 1 0 1 400000000000000000000000000000000000000000000000000000 f 0
232 60 163 1 400000000000000000000000000000000000000000000000000000 80000000000000000000000000000000000000000000000000 0 1 80000001 0 1 400000000000000000000000000000000000000000000000000000 f 0
232 60 163 1 400000000000000000000000000000000000000000000000000000 80000000000000000000000000000000000000000000000000 2 1 0 0 0 400000000000000000000000000000000000000000000000000000 f 0
232 60 163 1 400000000000000000000000000000000000000000000000000000 80000000000000000000000000000000000000000000000000 2 1 1 0 0 400000000000000000000000000000000000000000000000000000 f 0
232 60 163 1 400000000000000000000000000000000000000000000000000000 80000000000000000000000000000000000000000000000000 2 1 2 0 0 400000000000000000000000000000000000000000000000000000 f 0
232 60 163 1 400000000000000000000000000000000000000000000000000000 80000000000000000000000000000000000000000000000000 2 1 8000 0 0 400000000000000000000000000000000000000000000000000000 f 0
232 60 163 1 400000000000000000000000000000000000000000000000000000 80000000000000000000000000000000000000000000000000 2 1 80000000 0 0 400000000000000000000000000000000000000000000000000000 f 0
232 60 163 1 400000000000000000000000000000000000000000000000000000 80000000000000000000000000000000000000000000000000 2 1 80000001 0 0 400000000000000000000000000000000000000000000000000000 f 0
232 60 163 1 400000000000000000000000000000000000000000000000000000 100000000000000000000000000000000000000000000000000 0 1 2 1 1 400000000000000000000000000000000000000000000000000000 f 0
232 60 163 1 400000000000000000000000000000000000000000000000000000 400000000000000000000000000000000000000000000000000000 0 1 8000 f 1 400000000000000000000000000000000000000000000000000000 f 0
232 60 163 1 400000000000000000000000000000000000000000000000000000 4000000000000000000000000000000000000000000000000000000000 0 1 80000000 1f 1 400000000000000000000000000000000000000000000000000000 f 0
232 60 163 1 400000000000000000000000000000000000000000000000000001 80000000000000000000000000000000000000000000000000 0 1 0 0 1 400000000000000000000000000000000000000000000000000000 f 0
232 60 163 1 400000000000000000000000000000000000000000000000000001 80000000000000000000000000000000000000000000000000 0 1 1 0 1 400000000000000000000000000000000000000000000000000000 f 0
232 60 163 1 400000000000000000000000000000000000000000000000000001 80000000000000000000000000000000000000000000000000 0 1 80000001 0 1 400000000000000000000000000000000000000000000000000000 f 0
232 60 163 1 400000000000000000000000000000000000000000000000000001 80000000000000000000000000000000000000000000000000 2 1 0 0 0 400000000000000000000000000000000000000000000000000000 f 0
232 60 163 1 400000000000000000000000000000000000000000000000000001 80000000000000000000000000000000000000000000000000 2 1 1 0 0 400000000000000000000000000000000000000000000000000000 f 0
232 60 163 1 400000000000000000000000000000000000000000000000000001 80000000000000000000000000000000000000000000000000 2 1 2 0 0 400000000000000000000000000000000000000000000000000000 f 0
232 60 163 1 400000000000000000000000000000000000000000000000000001 80000000000000000000000000000000000000000000000000 2 1 8000 0 0 400000000000000000000000000000000000000000000000000000 f 0
232 60 163 1 400000000000000000000000000000000000000000000000000001 80000000000000000000000000000000000000000000000000 2 1 80000000 0 0 400000000000000000000000000000000000000000000000000000 f 0
232 60 163 1 400000000000000000000000000000000000000000000000000001 80000000000000000000000000000000000000000000000000 2 1 80000001 0 0 400000000000000000000000000000000000000000000000000000 f 0
232 60 163 1 400000000000000000000000000000000000000000000000000001 100000000000000000000000000000000000000000000000000 0 1 2 1 1 400000000000000000000000000000000000000000000000000000 f 0
232 60 163 1 400000000000000000000000000000000000000000000000000001 400000000000000000000000000000000000000000000000000000 0 1 8000 f 1 400000000000000000000000000000000000000000000000000000 f 0
232 60 163 1 400000000000000000000000000000000000000000000000000001 4000000000000000000000000000000000000000000000000000000000 0 1 80000000 1f 1 400000000000000000000000000000000000000000000000000000 f 0
232 60 163 1 3fffffffffffffffffffffffffffffffffffffffffffffffffffffffff 80000000000000000000000000000000000000000000000000 0 1 0 0 1 2000000000000000000000000000000000000000000000000000000000 1e 0
232 60 163 1 3fffffffffffffffffffffffffffffffffffffffffffffffffffffffff 80000000000000000000000000000000000000000000000000 0 1 1 0 1 2000000000000000000000000000000000000000000000000000000000 1e 0
232 60 163 1 3fffffffffffffffffffffffffffffffffffffffffffffffffffffffff 80000000000000000000000000000000000000000000000000 0 1 80000001 0 1 2000000000000000000000000000000000000000000000000000000000 1e 0
232 60 163 1 3fffffffffffffffffffffffffffffffffffffffffffffffffffffffff 80000000000000000000000000000000000000000000000000 2 1 0 0 0 2000000000000000000000000000000000000000000000000000000000 1e 0
232 60 163 1 3fffffffffffffffffffffffffffffffffffffffffffffffffffffffff 80000000000000000000000000000000000000000000000000 2 1 1 0 0 2000000000000000000000000000000000000000000000000000000000 1e 0
232 60 163 1 3fffffffffffffffffffffffffffffffffffffffffffffffffffffffff 80000000000000000000000000000000000000000000000000 2 1 2 0 0 2000000000000000000000000000000000000000000000000000000000 1e 0
232 60 163 1 3fffffffffffffffffffffffffffffffffffffffffffffffffffffffff 80000000000000000000000000000000000000000000000000 2 1 8000 0 0 2000000000000000000000000000000000000000000000000000000000 1e 0
232 60 163 1 3fffffffffffffffffffffffffffffffffffffffffffffffffffffffff 80000000000000000000000000000000000000000000000000 2 1 80000000 0 0 2000000000000000000000000000000000000000000000000000000000 1e 0
232 60 163 1 3fffffffffffffffffffffffffffffffffffffffffffffffffffffffff 80000000000000000000000000000000000000000000000000 2 1 80000001 0 0 2000000000000000000000000000000000000000000000000000000000 1e 0
232 60 163 1 3fffffffffffffffffffffffffffffffffffffffffffffffffffffffff 100000000000000000000000000000000000000000000000000 0 1 2 1 1 2000000000000000000000000000000000000000000000000000000000 1e 0
232 60 163 1 3fffffffffffffffffffffffffffffffffffffffffffffffffffffffff 400000000000000000000000000000000000000000000000000000 0 1 8000 f 1 2000000000000000000000000000000000000000000000000000000000 1e 0
232 60 163 1 3fffffffffffffffffffffffffffffffffffffffffffffffffffffffff 4000000000000000000000000000000000000000000000000000000000 0 1 0 0 1 4000000000000000000000000000000000000000000000000000000000 0 1
232 60 163 1 3fffffffffffffffffffffffffffffffffffffffffffffffffffffffff 4000000000000000000000000000000000000000000000000000000000 0 1 1 0 1 4000000000000000000000000000000000000000000000000000000000 0 1
232 60 163 1 3fffffffffffffffffffffffffffffffffffffffffffffffffffffffff 4000000000000000000000000000000000000000000000000000000000 0 1 80000000 1f 1 2000000000000000000000000000000000000000000000000000000000 1e 0
232 60 163 1 3fffffffffffffffffffffffffffffffffffffffffffffffffffffffff 4000000000000000000000000000000000000000000000000000000000 0 1 80000001 0 1 4000000000000000000000000000000000000000000000000000000000 0 1
232 60 163 1 3fffffffffffffffffffffffffffffffffffffffffffffffffffffffff 4000000000000000000000000000000000000000000000000000000000 2 1 0 0 0 4000000000000000000000000000000000000000000000000000000000 0 1
232 60 163 1 3fffffffffffffffffffffffffffffffffffffffffffffffffffffffff 4000000000000000000000000000000000000000000000000000000000 2 1 1 0 0 4000000000000000000000000000000000000000000000000000000000 0 1
232 60 163 1 3fffffffffffffffffffffffffffffffffffffffffffffffffffffffff 4000000000000000000000000000000000000000000000000000000000 2 1 2 0 0 4000000000000000000000000000000000000000000000000000000000 0 1
232 60 163 1 3fffffffffffffffffffffffffffffffffffffffffffffffffffffffff 4000000000000000000000000000000000000000000000000000000000 2 1 8000 0 0 4000000000000000000000000000000000000000000000000000000000 0 1
232 60 163 1 3fffffffffffffffffffffffffffffffffffffffffffffffffffffffff 4000000000000000000000000000000000000000000000000000000000 2 1 80000000 0 0 4000000000000000000000000000000000000000000000000000000000 0 1
232 60 163 1 3fffffffffffffffffffffffffffffffffffffffffffffffffffffffff 4000000000000000000000000000000000000000000000000000000000 2 1 80000001 0 0 4000000000000000000000000000000000000000000000000000000000 0 1
232 60 163 1 3fffffffffffffffffffffffffffffffffffffffffffffffffffffffff 8000000000000000000000000000000000000000000000000000000000 0 1 2 1 1 4000000000000000000000000000000000000000000000000000000000 0 1
232 60 163 1 4000000000000000000000000000000000000000000000000000000000 80000000000000000000000000000000000000000000000000 0 1 0 0 1 4000000000000000000000000000000000000000000000000000000000 1f 0
232 60 163 1 4000000000000000000000000000000000000000000000000000000000 80000000000000000000000000000000000000000000000000 0 1 1 0 1 4000000000000000000000000000000000000000000000000000000000 1f 0
232 60 163 1 4000000000000000000000000000000000000000000000000000000000 80000000000000000000000000000000000000000000000000 0 1 80000001 0 1 4000000000000000000000000000000000000000000000000000000000 1f 0
232 60 163 1 4000000000000000000000000000000000000000000000000000000000 80000000000000000000000000000000000000000000000000 2 1 0 0 0 4000000000000000000000000000000000000000000000000000000000 1f 0
232 60 163 1 4000000000000000000000000000000000000000000000000000000000 80000000000000000000000000000000000000000000000000 2 1 1 0 0 4000000000000000000000000000000000000000000000000000000000 1f 0
232 60 163 1 4000000000000000000000000000000000000000000000000000000000 80000000000000000000000000000000000000000000000000 2 1 2 0 0 4000000000000000000000000000000000000000000000000000000000 1f 0
232 60 163 1 4000000000000000000000000000000000000000000000000000000000 80000000000000000000000000000000000000000000000000 2 1 8000 0 0 4000000000000000000000000000000000000000000000000000000000 1f 0
232 60 163 1 4000000000000000000000000000000000000000000000000000000000 80000000000000000000000000000000000000000000000000 2 1 80000000 0 0 4000000000000000000000000000000000000000000000000000000000 1f 0
232 60 163 1 4000000000000000000000000000000000000000000000000000000000 80000000000000000000000000000000000000000000000000 2 1 80000001 0 0 4000000000000000000000000000000000000000000000000000000000 1f 0
232 60 163 1 4000000000000000000000000000000000000000000000000000000000 100000000000000000000000000000000000000000000000000 0 1 2 1 1 4000000000000000000000000000000000000000000000000000000000 1f 0
232 60 163 1 4000000000000000000000000000000000000000000000000000000000 400000000000000000000000000000000000000000000000000000 0 1 8000 f 1 4000000000000000000000000000000000000000000000000000000000 1f 0
232 60 163 1 4000000000000000000000000000000000000000000000000000000000 4000000000000000000000000000000000000000000000000000000000 0 1 0 0 1 4000000000000000000000000000000000000000000000000000000000 0 0
232 60 163 1 4000000000000000000000000000000000000000000000000000000000 4000000000000000000000000000000000000000000000000000000000 0 1 1 0 1 4000000000000000000000000000000000000000000000000000000000 0 0
232 60 163 1 4000000000000000000000000000000000000000000000000000000000 4000000000000000000000000000000000000000000000000000000000 0 1 80000000 1f 1 4000000000000000000000000000000000000000000000000000000000 1f 0
232 60 163 1 4000000000000000000000000000000000000000000000000000000000 4000000000000000000000000000000000000000000000000000000000 0 1 80000001 0 1 4000000000000000000000000000000000000000000000000000000000 0 0
232 60 163 1 4000000000000000000000000000000000000000000000000000000000 4000000000000000000000000000000000000000000000000000000000 2 1 0 0 0 4000000000000000000000000000000000000000000000000000000000 0 0
232 60 163 1 4000000000000000000000000000000000000000000000000000000000 4000000000000000000000000000000000000000000000000000000000 2 1 1 0 0 4000000000000000000000000000000000000000000000000000000000 0 0
232 60 163 1 4000000000000000000000000000000000000000000000000000000000 4000000000000000000000000000000000000000000000000000000000 2 1 2 0 0 4000000000000000000000000000000000000000000000000000000000 0 0
232 60 163 1 4000000000000000000000000000000000000000000000000000000000 4000000000000000000000000000000000000000000000000000000000 2 1 8000 0 0 4000000000000000000000000000000000000000000000000000000000 0 0
232 60 163 1 4000000000000000000000000000000000000000000000000000000000 4000000000000000000000000000000000000000000000000000000000 2 1 80000000 0 0 4000000000000000000000000000000000000000000000000000000000 0 0
232 60 163 1 4000000000000000000000000000000000000000000000000000000000 4000000000000000000000000000000000000000000000000000000000 2 1 80000001 0 0 4000000000000000000000000000000000000000000000000000000000 0 0
232 60 163 1 4000000000000000000000000000000000000000000000000000000000 8000000000000000000000000000000000000000000000000000000000 0 1 2 1 1 4000000000000000000000000000000000000000000000000000000000 0 0
232 60 163 1 4000000000000000000000000000000000000000000000000000000001 80000000000000000000000000000000000000000000000000 0 1 0 0 1 4000000000000000000000000000000000000000000000000000000000 1f 0
232 60 163 1 4000000000000000000000000000000000000000000000000000000001 80000000000000000000000000000000000000000000000000 0 1 1 0 1 4000000000000000000000000000000000000000000000000000000000 1f 0
232 60 163 1 4000000000000000000000000000000000000000000000000000000001 80000000000000000000000000000000000000000000000000 0 1 80000001 0 1 4000000000000000000000000000000000000000000000000000000000 1f 0
232 60 163 1 4000000000000000000000000000000000000000000000000000000001 80000000000000000000000000000000000000000000000000 2 1 0 0 0 4000000000000000000000000000000000000000000000000000000000 1f 0
232 60 163 1 4000000000000000000000000000000000000000000000000000000001 80000000000000000000000000000000000000000000000000 2 1 1 0 0 4000000000000000000000000000000000000000000000000000000000 1f 0
232 60 163 1 4000000000000000000000000000000000000000000000000000000001 80000000000000000000000000000000000000000000000000 2 1 2 0 0 4000000000000000000000000000000000000000000000000000000000 1f 0
232 60 163 1 4000000000000000000000000000000000000000000000000000000001 80000000000000000000000000000000000000000000000000 2 1 8000 0 0 4000000000000000000000000000000000000000000000000000000000 1f 0
232 60 163 1 4000000000000000000000000000000000000000000000000000000001 80000000000000000000000000000000000000000000000000 2 1 80000000 0 0 4000000000000000000000000000000000000000000000000000000000 1f 0
232 60 163 1 4000000000000000000000000000000000000000000000000000000001 80000000000000000000000000000000000000000000000000 2 1 80000001 0 0 4000000000000000000000000000000000000000000000000000000000 1f 0
232 60 163 1 4000000000000000000000000000000000000000000000000000000001 100000000000000000000000000000000000000000000000000 0 1 2 1 1 4000000000000000000000000000000000000000000000000000000000 1f 0
232 60 163 1 4000000000000000000000000000000000000000000000000000000001 400000000000000000000000000000000000000000000000000000 0 1 8000 f 1 4000000000000000000000000000000000000000000000000000000000 1f 0
232 60 163 1 4000000000000000000000000000000000000000000000000000000001 4000000000000000000000000000000000000000000000000000000000 0 1 0 0 1 4000000000000000000000000000000000000000000000000000000000 0 0
232 60 163 1 4000000000000000000000000000000000000000000000000000000001 4000000000000000000000000000000000000000000000000000000000 0 1 1 0 1 4000000000000000000000000000000000000000000000000000000000 0 0
232 60 163 1 4000000000000000000000000000000000000000000000000000000001 4000000000000000000000000000000000000000000000000000000000 0 1 80000000 1f 1 4000000000000000000000000000000000000000000000000000000000 1f 0
232 60 163 1 4000000000000000000000000000000000000000000000000000000001 4000000000000000000000000000000000000000000000000000000000 0 1 80000001 0 1 4000000000000000000000000000000000000000000000000000000000 0 0
232 60 163 1 4000000000000000000000000000000000000000000000000000000001 4000000000000000000000000000000000000000000000000000000000 2 1 0 0 0 4000000000000000000000000000000000000000000000000000000000 0 0
232 60 163 1 4000000000000000000000000000000000000000000000000000000001 4000000000000000000000000000000000000000000000000000000000 2 1 1 0 0 4000000000000000000000000000000000000000000000000000000000 0 0
232 60 163 1 4000000000000000000000000000000000000000000000000000000001 4000000000000000000000000000000000000000000000000000000000 2 1 2 0 0 4000000000000000000000000000000000000000000000000000000000 0 0
232 60 163 1 4000000000000000000000000000000000000000000000000000000001 4000000000000000000000000000000000000000000000000000000000 2 1 8000 0 0 4000000000000000000000000000000000000000000000000000000000 0 0
232 60 163 1 4000000000000000000000000000000000000000000000000000000001 4000000000000000000000000000000000000000000000000000000000 2 1 80000000 0 0 4000000000000000000000000000000000000000000000000000000000 0 0
232 60 163 1 4000000000000000000000000000000000000000000000000000000001 4000000000000000000000000000000000000000000000000000000000 2 1 80000001 0 0 4000000000000000000000000000000000000000000000000000000000 0 0
232 60 163 1 4000000000000000000000000000000000000000000000000000000001 8000000000000000000000000000000000000000000000000000000000 0 1 2 1 1 4000000000000000000000000000000000000000000000000000000000 0 0
232 60 163 1 7fffffffffffffffffffffffffffffffffffffffffffffffffffffffff 4000000000000000000000000000000000000000000000000000000000 0 1 0 0 1 4000000000000000000000000000000000000000000000000000000000 0 0
232 60 163 1 7fffffffffffffffffffffffffffffffffffffffffffffffffffffffff 4000000000000000000000000000000000000000000000000000000000 0 1 1 0 1 4000000000000000000000000000000000000000000000000000000000 0 0
232 60 163 1 7fffffffffffffffffffffffffffffffffffffffffffffffffffffffff 4000000000000000000000000000000000000000000000000000000000 0 1 80000001 0 1 4000000000000000000000000000000000000000000000000000000000 0 0
232 60 163 1 7fffffffffffffffffffffffffffffffffffffffffffffffffffffffff 4000000000000000000000000000000000000000000000000000000000 2 1 0 0 0 4000000000000000000000000000000000000000000000000000000000 0 0
232 60 163 1 7fffffffffffffffffffffffffffffffffffffffffffffffffffffffff 4000000000000000000000000000000000000000000000000000000000 2 1 1 0 0 4000000000000000000000000000000000000000000000000000000000 0 0
232 60 163 1 7fffffffffffffffffffffffffffffffffffffffffffffffffffffffff 4000000000000000000000000000000000000000000000000000000000 2 1 2 0 0 4000000000000000000000000000000000000000000000000000000000 0 0
232 60 163 1 7fffffffffffffffffffffffffffffffffffffffffffffffffffffffff 4000000000000000000000000000000000000000000000000000000000 2 1 8000 0 0 4000000000000000000000000000000000000000000000000000000000 0 0
232 60 163 1 7fffffffffffffffffffffffffffffffffffffffffffffffffffffffff 4000000000000000000000000000000000000000000000000000000000 2 1 80000000 0 0 4000000000000000000000000000000000000000000000000000000000 0 0
232 60 163 1 7fffffffffffffffffffffffffffffffffffffffffffffffffffffffff 4000000000000000000000000000000000000000000000000000000000 2 1 80000001 0 0 4000000000000000000000000000000000000000000000000000000000 0 0
232 60 163 1 7fffffffffffffffffffffffffffffffffffffffffffffffffffffffff 8000000000000000000000000000000000000000000000000000000000 0 1 2 1 1 4000000000000000000000000000000000000000000000000000000000 0 0
232 60 163 1 8000000000000000000000000000000000000000000000000000000000 4000000000000000000000000000000000000000000000000000000000 0 1 0 0 1 8000000000000000000000000000000000000000000000000000000000 1 0
232 60 163 1 8000000000000000000000000000000000000000000000000000000000 4000000000000000000000000000000000000000000000000000000000 0 1 1 0 1 8000000000000000000000000000000000000000000000000000000000 1 0
232 60 163 1 8000000000000000000000000000000000000000000000000000000000 4000000000000000000000000000000000000000000000000000000000 0 1 80000001 0 1 8000000000000000000000000000000000000000000000000000000000 1 0
232 60 163 1 8000000000000000000000000000000000000000000000000000000000 4000000000000000000000000000000000000000000000000000000000 2 1 0 0 0 8000000000000000000000000000000000000000000000000000000000 1 0
232 60 163 1 8000000000000000000000000000000000000000000000000000000000 4000000000000000000000000000000000000000000000000000000000 2 1 1 0 0 8000000000000000000000000000000000000000000000000000000000 1 0
232 60 163 1 8000000000000000000000000000000000000000000000000000000000 4000000000000000000000000000000000000000000000000000000000 2 1 2 0 0 8000000000000000000000000000000000000000000000000000000000 1 0
232 60 163 1 8000000000000000000000000000000000000000000000000000000000 4000000000000000000000000000000000000000000000000000000000 2 1 8000 0 0 8000000000000000000000000000000000000000000000000000000000 1 0
232 60 163 1 8000000000000000000000000000000000000000000000000000000000 4000000000000000000000000000000000000000000000000000000000 2 1 80000000 0 0 8000000000000000000000000000000000000000000000000000000000 1 0
232 60 163 1 8000000000000000000000000000000000000000000000000000000000 4000000000000000000000000000000000000000000000000000000000 2 1 80000001 0 0 8000000000000000000000000000000000000000000000000000000000 1 0
232 60 163 1 8000000000000000000000000000000000000000000000000000000000 8000000000000000000000000000000000000000000000000000000000 0 1 2 1 1 8000000000000000000000000000000000000000000000000000000000 1 0
232 60 163 1 8000000000000000000000000000000000000000000000000000000001 4000000000000000000000000000000000000000000000000000000000 0 1 0 0 1 8000000000000000000000000000000000000000000000000000000000 1 0
232 60 163 1 8000000000000000000000000000000000000000000000000000000001 4000000000000000000000000000000000000000000000000000000000 0 1 1 0 1 8000000000000000000000000000000000000000000000000000000000 1 0
232 60 163 1 8000000000000000000000000000000000000000000000000000000001 4000000000000000000000000000000000000000000000000000000000 0 1 80000001 0 1 8000000000000000000000000000000000000000000000000000000000 1 0
232 60 163 1 8000000000000000000000000000000000000000000000000000000001 4000000000000000000000000000000000000000000000000000000000 2 1 0 0 0 8000000000000000000000000000000000000000000000000000000000 1 0
232 60 163 1 8000000000000000000000000000000000000000000000000000000001 4000000000000000000000000000000000000000000000000000000000 2 1 1 0 0 8000000000000000000000000000000000000000000000000000000000 1 0
232 60 163 1 8000000000000000000000000000000000000000000000000000000001 4000000000000000000000000000000000000000000000000000000000 2 1 2 0 0 8000000000000000000000000000000000000000000000000000000000 1 0
232 60 163 1 8000000000000000000000000000000000000000000000000000000001 4000000000000000000000000000000000000000000000000000000000 2 1 8000 0 0 8000000000000000000000000000000000000000000000000000000000 1 0
232 60 163 1 8000000000000000000000000000000000000000000000000000000001 4000000000000000000000000000000000000000000000000000000000 2 1 80000000 0 0 8000000000000000000000000000000000000000000000000000000000 1 0
232 60 163 1 8000000000000000000000000000000000000000000000000000000001 4000000000000000000000000000000000000000000000000000000000 2 1 80000001 0 0 8000000000000000000000000000000000000000000000000000000000 1 0
232 60 163 1 8000000000000000000000000000000000000000000000000000000001 8000000000000000000000000000000000000000000000000000000000 0 1 2 1 1 8000000000000000000000000000000000000000000000000000000000 1 0
256 1 222 1 0 40000000000000000000000000000000000000000000000000000000 0 1 0 0 1 40000000000000000000000000000000000000000000000000000000 0 1
256 1 222 1 0 40000000000000000000000000000000000000000000000000000000 0 1 1 0 1 40000000000000000000000000000000000000000000000000000000 0 1
256 1 222 1 0 40000000000000000000000000000000000000000000000000000000 0 1 80000001 0 1 40000000000000000000000000000000000000000000000000000000 0 1
256 1 222 1 0 40000000000000000000000000000000000000000000000000000000 1 1 0 0 0 40000000000000000000000000000000000000000000000000000000 0 1
256 1 222 1 0 40000000000000000000000000000000000000000000000000000000 1 1 1 0 0 40000000000000000000000000000000000000000000000000000000 0 1
256 1 222 1 0 40000000000000000000000000000000000000000000000000000000 1 1 2 0 0 40000000000000000000000000000000000000000000000000000000 0 1
256 1 222 1 0 40000000000000000000000000000000000000000000000000000000 1 1 8000 0 0 40000000000000000000000000000000000000000000000000000000 0 1
256 1 222 1 0 40000000000000000000000000000000000000000000000000000000 1 1 80000000 0 0 40000000000000000000000000000000000000000000000000000000 0 1
256 1 222 1 0 40000000000000000000000000000000000000000000000000000000 1 1 80000001 0 0 40000000000000000000000000000000000000000000000000000000 0 1
256 1 222 1 0 40000000000000000000000000000000000000000000000000000001 0 1 0 0 1 40000000000000000000000000000000000000000000000000000001 0 1
256 1 222 1 0 40000000000000000000000000000000000000000000000000000001 0 1 1 0 1 40000000000000000000000000000000000000000000000000000001 0 1
256 1 222 1 0 40000000000000000000000000000000000000000000000000000001 0 1 80000001 0 1 40000000000000000000000000000000000000000000000000000001 0 1
256 1 222 1 0 40000000000000000000000000000000000000000000000000000001 1 1 0 0 0 40000000000000000000000000000000000000000000000000000001 0 1
256 1 222 1 0 40000000000000000000000000000000000000000000000000000001 1 1 1 0 0 40000000000000000000000000000000000000000000000000000001 0 1
256 1 222 1 0 40000000000000000000000000000000000000000000000000000001 1 1 2 0 0 40000000000000000000000000000000000000000000000000000001 0 1
256 1 222 1 0 40000000000000000000000000000000000000000000000000000001 1 1 8000 0 0 40000000000000000000000000000000000000000000000000000001 0 1
256 1 222 1 0 40000000000000000000000000000000000000000000000000000001 1 1 80000000 0 0 40000000000000000000000000000000000000000000000000000001 0 1
256 1 222 1 0 40000000000000000000000000000000000000000000000000000001 1 1 80000001 0 0 40000000000000000000000000000000000000000000000000000001 0 1
256 1 222 1 0 80000000000000000000000000000000000000000000000000000000 0 1 0 0 1 80000000000000000000000000000000000000000000000000000000 0 1
256 1 222 1 0 80000000000000000000000000000000000000000000000000000000 0 1 1 0 1 80000000000000000000000000000000000000000000000000000000 0 1
256 1 222 1 0 80000000000000000000000000000000000000000000000000000000 0 1 2 1 1 40000000000000000000000000000000000000000000000000000000 0 1
256 1 222 1 0 80000000000000000000000000000000000000000000000000000000 0 1 80000001 0 1 80000000000000000000000000000000000000000000000000000000 0 1
256 1 222 1 0 80000000000000000000000000000000000000000000000000000000 1 1 0 0 0 80000000000000000000000000000000000000000000000000000000 0 1
256 1 222 1 0 80000000000000000000000000000000000000000000000000000000 1 1 1 0 0 80000000000000000000000000000000000000000000000000000000 0 1
256 1 222 1 0 80000000000000000000000000000000000000000000000000000000 1 1 2 0 0 80000000000000000000000000000000000000000000000000000000 0 1
256 1 222 1 0 80000000000000000000000000000000000000000000000000000000 1 1 8000 0 0 80000000000000000000000000000000000000000000000000000000 0 1
256 1 222 1 0 80000000000000000000000000000000000000000000000000000000 1 1 80000000 0 0 80000000000000000000000000000000000000000000000000000000 0 1
256 1 222 1 0 80000000000000000000000000000000000000000000000000000000 1 1 80000001 0 0 80000000000000000000000000000000000000000000000000000000 0 1
256 1 222 1 0 80000000000000000000000000000000000000000000000000000002 0 1 2 1 1 40000000000000000000000000000000000000000000000000000001 0 1
256 1 222 1 0 100000000000000000000000000000000000000000000000000000000 0 1 2 1 1 80000000000000000000000000000000000000000000000000000000 0 1
256 1 222 1 0 200000000000000000000000000000000000000000000000000000000000 0 1 8000 f 1 40000000000000000000000000000000000000000000000000000000 0 1
256 1 222 1 0 200000000000000000000000000000000000000000000000000000008000 0 1 8000 f 1 40000000000000000000000000000000000000000000000000000001 0 1
256 1 222 1 0 400000000000000000000000000000000000000000000000000000000000 0 1 8000 f 1 80000000000000000000000000000000000000000000000000000000 0 1
256 1 222 1 0 2000000000000000000000000000000000000000000000000000000000000000 0 1 80000000 1f 1 40000000000000000000000000000000000000000000000000000000 0 1
256 1 222 1 0 2000000000000000000000000000000000000000000000000000000080000000 0 1 80000000 1f 1 40000000000000000000000000000000000000000000000000000001 0 1
256 1 222 1 0 4000000000000000000000000000000000000000000000000000000000000000 0 1 0 0 1 4000000000000000000000000000000000000000000000000000000000000000 0 1
256 1 222 1 0 4000000000000000000000000000000000000000000000000000000000000000 0 1 1 0 1 4000000000000000000000000000000000000000000000000000000000000000 0 1
256 1 222 1 0 4000000000000000000000000000000000000000000000000000000000000000 0 1 80000000 1f 1 80000000000000000000000000000000000000000000000000000000 0 1
256 1 222 1 0 4000000000000000000000000000000000000000000000000000000000000000 0 1 80000001 0 1 4000000000000000000000000000000000000000000000000000000000000000 0 1
256 1 222 1 0 4000000000000000000000000000000000000000000000000000000000000000 1 1 0 0 0 4000000000000000000000000000000000000000000000000000000000000000 0 1
256 1 222 1 0 4000000000000000000000000000000000000000000000000000000000000000 1 1 1 0 0 4000000000000000000000000000000000000000000000000000000000000000 0 1
256 1 222 1 0 4000000000000000000000000000000000000000000000000000000000000000 1 1 2 0 0 4000000000000000000000000000000000000000000000000000000000000000 0 1
256 1 222 1 0 4000000000000000000000000000000000000000000000000000000000000000 1 1 8000 0 0 4000000000000000000000000000000000000000000000000000000000000000 0 1
256 1 222 1 0 4000000000000000000000000000000000000000000000000000000000000000 1 1 80000000 0 0 4000000000000000000000000000000000000000000000000000000000000000 0 1
256 1 222 1 0 4000000000000000000000000000000000000000000000000000000000000000 1 1 80000001 0 0 4000000000000000000000000000000000000000000000000000000000000000 0 1
256 1 222 1 0 8000000000000000000000000000000000000000000000000000000000000000 0 1 2 1 1 4000000000000000000000000000000000000000000000000000000000000000 0 1
256 1 222 1 3fffffffffffffffffffffffffffffffffffffffffffffffffffffff 40000000000000000000000000000000000000000000000000000000 0 1 0 0 1 40000000000000000000000000000000000000000000000000000000 0 1
256 1 222 1 3fffffffffffffffffffffffffffffffffffffffffffffffffffffff 40000000000000000000000000000000000000000000000000000000 0 1 1 0 1 40000000000000000000000000000000000000000000000000000000 0 1
256 1 222 1 3fffffffffffffffffffffffffffffffffffffffffffffffffffffff 40000000000000000000000000000000000000000000000000000000 0 1 80000001 0 1 40000000000000000000000000000000000000000000000000000000 0 1
256 1 222 1 3fffffffffffffffffffffffffffffffffffffffffffffffffffffff 40000000000000000000000000000000000000000000000000000000 1 1 0 0 0 40000000000000000000000000000000000000000000000000000000 0 1
256 1 222 1 3fffffffffffffffffffffffffffffffffffffffffffffffffffffff 40000000000000000000000000000000000000000000000000000000 1 1 1 0 0 40000000000000000000000000000000000000000000000000000000 0 1
256 1 222 1 3fffffffffffffffffffffffffffffffffffffffffffffffffffffff 40000000000000000000000000000000000000000000000000000000 1 1 2 0 0 40000000000000000000000000000000000000000000000000000000 0 1
256 1 222 1 3fffffffffffffffffffffffffffffffffffffffffffffffffffffff 40000000000000000000000000000000000000000000000000000000 1 1 8000 0 0 40000000000000000000000000000000000000000000000000000000 0 1
256 1 222 1 3fffffffffffffffffffffffffffffffffffffffffffffffffffffff 40000000000000000000000000000000000000000000000000000000 1 1 80000000 0 0 40000000000000000000000000000000000000000000000000000000 0 1
256 1 222 1 3fffffffffffffffffffffffffffffffffffffffffffffffffffffff 40000000000000000000000000000000000000000000000000000000 1 1 80000001 0 0 40000000000000000000000000000000000000000000000000000000 0 1
256 1 222 1 3fffffffffffffffffffffffffffffffffffffffffffffffffffffff 80000000000000000000000000000000000000000000000000000000 0 1 2 1 1 40000000000000000000000000000000000000000000000000000000 0 1
256 1 222 1 3fffffffffffffffffffffffffffffffffffffffffffffffffffffff 200000000000000000000000000000000000000000000000000000000000 0 1 8000 f 1 40000000000000000000000000000000000000000000000000000000 0 1
256 1 222 1 3fffffffffffffffffffffffffffffffffffffffffffffffffffffff 2000000000000000000000000000000000000000000000000000000000000000 0 1 80000000 1f 1 40000000000000000000000000000000000000000000000000000000 0 1
256 1 222 1 40000000000000000000000000000000000000000000000000000000 40000000000000000000000000000000000000000000000000000000 0 1 0 0 1 40000000000000000000000000000000000000000000000000000000 0 0
256 1 222 1 40000000000000000000000000000000000000000000000000000000 40000000000000000000000000000000000000000000000000000000 0 1 1 0 1 40000000000000000000000000000000000000000000000000000000 0 0
256 1 222 1 40000000000000000000000000000000000000000000000000000000 40000000000000000000000000000000000000000000000000000000 0 1 80000001 0 1 40000000000000000000000000000000000000000000000000000000 0 0
256 1 222 1 40000000000000000000000000000000000000000000000000000000 40000000000000000000000000000000000000000000000000000000 1 1 0 0 0 40000000000000000000000000000000000000000000000000000000 0 0
256 1 222 1 40000000000000000000000000000000000000000000000000000000 40000000000000000000000000000000000000000000000000000000 1 1 1 0 0 40000000000000000000000000000000000000000000000000000000 0 0
256 1 222 1 40000000000000000000000000000000000000000000000000000000 40000000000000000000000000000000000000000000000000000000 1 1 2 0 0 40000000000000000000000000000000000000000000000000000000 0 0
256 1 222 1 40000000000000000000000000000000000000000000000000000000 40000000000000000000000000000000000000000000000000000000 1 1 8000 0 0 40000000000000000000000000000000000000000000000000000000 0 0
256 1 222 1 40000000000000000000000000000000000000000000000000000000 40000000000000000000000000000000000000000000000000000000 1 1 80000000 0 0 40000000000000000000000000000000000000000000000000000000 0 0
256 1 222 1 40000000000000000000000000000000000000000000000000000000 40000000000000000000000000000000000000000000000000000000 1 1 80000001 0 0 40000000000000000000000000000000000000000000000000000000 0 0
256 1 222 1 40000000000000000000000000000000000000000000000000000000 40000000000000000000000000000000000000000000000000000001 0 1 0 0 1 40000000000000000000000000000000000000000000000000000001 0 1
256 1 222 1 40000000000000000000000000000000000000000000000000000000 40000000000000000000000000000000000000000000000000000001 0 1 1 0 1 40000000000000000000000000000000000000000000000000000001 0 1
256 1 222 1 40000000000000000000000000000000000000000000000000000000 40000000000000000000000000000000000000000000000000000001 0 1 80000001 0 1 40000000000000000000000000000000000000000000000000000001 0 1
256 1 222 1 40000000000000000000000000000000000000000000000000000000 40000000000000000000000000000000000000000000000000000001 1 1 0 0 0 40000000000000000000000000000000000000000000000000000001 0 1
256 1 222 1 40000000000000000000000000000000000000000000000000000000 40000000000000000000000000000000000000000000000000000001 1 1 1 0 0 40000000000000000000000000000000000000000000000000000001 0 1
256 1 222 1 40000000000000000000000000000000000000000000000000000000 40000000000000000000000000000000000000000000000000000001 1 1 2 0 0 40000000000000000000000000000000000000000000000000000001 0 1
256 1 222 1 40000000000000000000000000000000000000000000000000000000 40000000000000000000000000000000000000000000000000000001 1 1 8000 0 0 40000000000000000000000000000000000000000000000000000001 0 1
256 1 222 1 40000000000000000000000000000000000000000000000000000000 40000000000000000000000000000000000000000000000000000001 1 1 80000000 0 0 40000000000000000000000000000000000000000000000000000001 0 1
256 1 222 1 40000000000000000000000000000000000000000000000000000000 40000000000000000000000000000000000000000000000000000001 1 1 80000001 0 0 40000000000000000000000000000000000000000000000000000001 0 1
256 1 222 1 40000000000000000000000000000000000000000000000000000000 80000000000000000000000000000000000000000000000000000000 0 1 2 1 1 40000000000000000000000000000000000000000000000000000000 0 0
256 1 222 1 40000000000000000000000000000000000000000000000000000000 80000000000000000000000000000000000000000000000000000002 0 1 2 1 1 40000000000000000000000000000000000000000000000000000001 0 1
256 1 222 1 40000000000000000000000000000000000000000000000000000000 200000000000000000000000000000000000000000000000000000000000 0 1 8000 f 1 40000000000000000000000000000000000000000000000000000000 0 0
256 1 222 1 40000000000000000000000000000000000000000000000000000000 200000000000000000000000000000000000000000000000000000008000 0 1 8000 f 1 40000000000000000000000000000000000000000000000000000001 0 1
256 1 222 1 40000000000000000000000000000000000000000000000000000000 2000000000000000000000000000000000000000000000000000000000000000 0 1 80000000 1f 1 40000000000000000000000000000000000000000000000000000000 0 0
256 1 222 1 40000000000000000000000000000000000000000000000000000000 2000000000000000000000000000000000000000000000000000000080000000 0 1 80000000 1f 1 40000000000000000000000000000000000000000000000000000001 0 1
256 1 222 1 40000000000000000000000000000000000000000000000000000001 40000000000000000000000000000000000000000000000000000000 0 1 0 0 1 40000000000000000000000000000000000000000000000000000000 0 0
256 1 222 1 40000000000000000000000000000000000000000000000000000001 40000000000000000000000000000000000000000000000000000000 0 1 1 0 1 40000000000000000000000000000000000000000000000000000000 0 0
256 1 222 1 40000000000000000000000000000000000000000000000000000001 40000000000000000000000000000000000000000000000000000000 0 1 80000001 0 1 40000000000000000000000000000000000000000000000000000000 0 0
256 1 222 1 40000000000000000000000000000000000000000000000000000001 40000000000000000000000000000000000000000000000000000000 1 1 0 0 0 40000000000000000000000000000000000000000000000000000000 0 0
256 1 222 1 40000000000000000000000000000000000000000000000000000001 40000000000000000000000000000000000000000000000000000000 1 1 1 0 0 40000000000000000000000000000000000000000000000000000000 0 0
256 1 222 1 40000000000000000000000000000000000000000000000000000001 40000000000000000000000000000000000000000000000000000000 1 1 2 0 0 40000000000000000000000000000000000000000000000000000000 0 0
256 1 222 1 40000000000000000000000000000000000000000000000000000001 40000000000000000000000000000000000000000000000000000000 1 1 8000 0 0 40000000000000000000000000000000000000000000000000000000 0 0
256 1 222 1 40000000000000000000000000000000000000000000000000000001 40000000000000000000000000000000000000000000000000000000 1 1 80000000 0 0 40000000000000000000000000000000000000000000000000000000 0 0
256 1 222 1 40000000000000000000000000000000000000000000000000000001 40000000000000000000000000000000000000000000000000000000 1 1 80000001 0 0 40000000000000000000000000000000000000000000000000000000 0 0
256 1 222 1 40000000000000000000000000000000000000000000000000000001 40000000000000000000000000000000000000000000000000000001 0 1 0 0 1 40000000000000000000000000000000000000000000000000000001 0 0
256 1 222 1 40000000000000000000000000000000000000000000000000000001 40000000000000000000000000000000000000000000000000000001 0 1 1 0 1 40000000000000000000000000000000000000000000000000000001 0 0
256 1 222 1 40000000000000000000000000000000000000000000000000000001 40000000000000000000000000000000000000000000000000000001 0 1 80000001 0 1 40000000000000000000000000000000000000000000000000000001 0 0
256 1 222 1 40000000000000000000000000000000000000000000000000000001 40000000000000000000000000000000000000000000000000000001 1 1 0 0 0 40000000000000000000000000000000000000000000000000000001 0 0
256 1 222 1 40000000000000000000000000000000000000000000000000000001 40000000000000000000000000000000000000000000000000000001 1 1 1 0 0 40000000000000000000000000000000000000000000000000000001 0 0
256 1 222 1 40000000000000000000000000000000000000000000000000000001 40000000000000000000000000000000000000000000000000000001 1 1 2 0 0 40000000000000000000000000000000000000000000000000000001 0 0
256 1 222 1 40000000000000000000000000000000000000000000000000000001 40000000000000000000000000000000000000000000000000000001 1 1 8000 0 0 40000000000000000000000000000000000000000000000000000001 0 0
256 1 222 1 40000000000000000000000000000000000000000000000000000001 40000000000000000000000000000000000000000000000000000001 1 1 80000000 0 0 40000000000000000000000000000000000000000000000000000001 0 0
256 1 222 1 40000000000000000000000000000000000000000000000000000001 40000000000000000000000000000000000000000000000000000001 1 1 80000001 0 0 40000000000000000000000000000000000000000000000000000001 0 0
256 1 222 1 40000000000000000000000000000000000000000000000000000001 80000000000000000000000000000000000000000000000000000000 0 1 2 1 1 40000000000000000000000000000000000000000000000000000000 0 0
256 1 222 1 40000000000000000000000000000000000000000000000000000001 80000000000000000000000000000000000000000000000000000002 0 1 2 1 1 40000000000000000000000000000000000000000000000000000001 0 0
256 1 222 1 40000000000000000000000000000000000000000000000000000001 200000000000000000000000000000000000000000000000000000000000 0 1 8000 f 1 40000000000000000000000000000000000000000000000000000000 0 0
256 1 222 1 40000000000000000000000000000000000000000000000000000001 200000000000000000000000000000000000000000000000000000008000 0 1 8000 f 1 40000000000000000000000000000000000000000000000000000001 0 0
256 1 222 1 40000000000000000000000000000000000000000000000000000001 2000000000000000000000000000000000000000000000000000000000000000 0 1 80000000 1f 1 40000000000000000000000000000000000000000000000000000000 0 0
256 1 222 1 40000000000000000000000000000000000000000000000000000001 2000000000000000000000000000000000000000000000000000000080000000 0 1 80000000 1f 1 40000000000000000000000000000000000000000000000000000001 0 0
256 1 222 1 40000000000000000000000000000000000000000000000000000002 40000000000000000000000000000000000000000000000000000001 0 1 0 0 1 40000000000000000000000000000000000000000000000000000001 0 0
256 1 222 1 40000000000000000000000000000000000000000000000000000002 40000000000000000000000000000000000000000000000000000001 0 1 1 0 1 40000000000000000000000000000000000000000000000000000001 0 0
256 1 222 1 40000000000000000000000000000000000000000000000000000002 40000000000000000000000000000000000000000000000000000001 0 1 80000001 0 1 40000000000000000000000000000000000000000000000000000001 0 0
256 1 222 1 40000000000000000000000000000000000000000000000000000002 40000000000000000000000000000000000000000000000000000001 1 1 0 0 0 40000000000000000000000000000000000000000000000000000001 0 0
256 1 222 1 40000000000000000000000000000000000000000000000000000002 40000000000000000000000000000000000000000000000000000001 1 1 1 0 0 40000000000000000000000000000000000000000000000000000001 0 0
256 1 222 1 40000000000000000000000000000000000000000000000000000002 40000000000000000000000000000000000000000000000000000001 1 1 2 0 0 40000000000000000000000000000000000000000000000000000001 0 0
256 1 222 1 40000000000000000000000000000000000000000000000000000002 40000000000000000000000000000000000000000000000000000001 1 1 8000 0 0 40000000000000000000000000000000000000000000000000000001 0 0
256 1 222 1 40000000000000000000000000000000000000000000000000000002 40000000000000000000000000000000000000000000000000000001 1 1 80000000 0 0 40000000000000000000000000000000000000000000000000000001 0 0
256 1 222 1 40000000000000000000000000000000000000000000000000000002 40000000000000000000000000000000000000000000000000000001 1 1 80000001 0 0 40000000000000000000000000000000000000000000000000000001 0 0
256 1 222 1 40000000000000000000000000000000000000000000000000000002 80000000000000000000000000000000000000000000000000000002 0 1 2 1 1 40000000000000000000000000000000000000000000000000000001 0 0
256 1 222 1 40000000000000000000000000000000000000000000000000000002 200000000000000000000000000000000000000000000000000000008000 0 1 8000 f 1 40000000000000000000000000000000000000000000000000000001 0 0
256 1 222 1 40000000000000000000000000000000000000000000000000000002 2000000000000000000000000000000000000000000000000000000080000000 0 1 80000000 1f 1 40000000000000000000000000000000000000000000000000000001 0 0
256 1 222 1 7fffffffffffffffffffffffffffffffffffffffffffffffffffffff 40000000000000000000000000000000000000000000000000000000 0 1 0 0 1 40000000000000000000000000000000000000000000000000000000 0 0
256 1 222 1 7fffffffffffffffffffffffffffffffffffffffffffffffffffffff 40000000000000000000000000000000000000000000000000000000 0 1 1 0 1 40000000000000000000000000000000000000000000000000000000 0 0
256 1 222 1 7fffffffffffffffffffffffffffffffffffffffffffffffffffffff 40000000000000000000000000000000000000000000000000000000 0 1 80000001 0 1 40000000000000000000000000000000000000000000000000000000 0 0
256 1 222 1 7fffffffffffffffffffffffffffffffffffffffffffffffffffffff 40000000000000000000000000000000000000000000000000000000 1 1 0 0 0 40000000000000000000000000000000000000000000000000000000 0 0
256 1 222 1 7fffffffffffffffffffffffffffffffffffffffffffffffffffffff 40000000000000000000000000000000000000000000000000000000 1 1 1 0 0 40000000000000000000000000000000000000000000000000000000 0 0
256 1 222 1 7fffffffffffffffffffffffffffffffffffffffffffffffffffffff 40000000000000000000000000000000000000000000000000000000 1 1 2 0 0 40000000000000000000000000000000000000000000000000000000 0 0
256 1 222 1 7fffffffffffffffffffffffffffffffffffffffffffffffffffffff 40000000000000000000000000000000000000000000000000000000 1 1 8000 0 0 40000000000000000000000000000000000000000000000000000000 0 0
256 1 222 1 7fffffffffffffffffffffffffffffffffffffffffffffffffffffff 40000000000000000000000000000000000000000000000000000000 1 1 80000000 0 0 40000000000000000000000000000000000000000000000000000000 0 0
256 1 222 1 7fffffffffffffffffffffffffffffffffffffffffffffffffffffff 40000000000000000000000000000000000000000000000000000000 1 1 80000001 0 0 40000000000000000000000000000000000000000000000000000000 0 0
256 1 222 1 7fffffffffffffffffffffffffffffffffffffffffffffffffffffff 80000000000000000000000000000000000000000000000000000000 0 1 0 0 1 80000000000000000000000000000000000000000000000000000000 0 1
256 1 222 1 7fffffffffffffffffffffffffffffffffffffffffffffffffffffff 80000000000000000000000000000000000000000000000000000000 0 1 1 0 1 80000000000000000000000000000000000000000000000000000000 0 1
256 1 222 1 7fffffffffffffffffffffffffffffffffffffffffffffffffffffff 80000000000000000000000000000000000000000000000000000000 0 1 2 1 1 40000000000000000000000000000000000000000000000000000000 0 0
256 1 222 1 7fffffffffffffffffffffffffffffffffffffffffffffffffffffff 80000000000000000000000000000000000000000000000000000000 0 1 80000001 0 1 80000000000000000000000000000000000000000000000000000000 0 1
256 1 222 1 7fffffffffffffffffffffffffffffffffffffffffffffffffffffff 80000000000000000000000000000000000000000000000000000000 1 1 0 0 0 80000000000000000000000000000000000000000000000000000000 0 1
256 1 222 1 7fffffffffffffffffffffffffffffffffffffffffffffffffffffff 80000000000000000000000000000000000000000000000000000000 1 1 1 0 0 80000000000000000000000000000000000000000000000000000000 0 1
256 1 222 1 7fffffffffffffffffffffffffffffffffffffffffffffffffffffff 80000000000000000000000000000000000000000000000000000000 1 1 2 0 0 80000000000000000000000000000000000000000000000000000000 0 1
256 1 222 1 7fffffffffffffffffffffffffffffffffffffffffffffffffffffff 80000000000000000000000000000000000000000000000000000000 1 1 8000 0 0 80000000000000000000000000000000000000000000000000000000 0 1
256 1 222 1 7fffffffffffffffffffffffffffffffffffffffffffffffffffffff 80000000000000000000000000000000000000000000000000000000 1 1 80000000 0 0 80000000000000000000000000000000000000000000000000000000 0 1
256 1 222 1 7fffffffffffffffffffffffffffffffffffffffffffffffffffffff 80000000000000000000000000000000000000000000000000000000 1 1 80000001 0 0 80000000000000000000000000000000000000000000000000000000 0 1
256 1 222 1 7fffffffffffffffffffffffffffffffffffffffffffffffffffffff 100000000000000000000000000000000000000000000000000000000 0 1 2 1 1 80000000000000000000000000000000000000000000000000000000 0 1
256 1 222 1 7fffffffffffffffffffffffffffffffffffffffffffffffffffffff 200000000000000000000000000000000000000000000000000000000000 0 1 8000 f 1 40000000000000000000000000000000000000000000000000000000 0 0
256 1 222 1 7fffffffffffffffffffffffffffffffffffffffffffffffffffffff 400000000000000000000000000000000000000000000000000000000000 0 1 8000 f 1 80000000000000000000000000000000000000000000000000000000 0 1
256 1 222 1 7fffffffffffffffffffffffffffffffffffffffffffffffffffffff 2000000000000000000000000000000000000000000000000000000000000000 0 1 80000000 1f 1 40000000000000000000000000000000000000000000000000000000 0 0
256 1 222 1 7fffffffffffffffffffffffffffffffffffffffffffffffffffffff 4000000000000000000000000000000000000000000000000000000000000000 0 1 80000000 1f 1 80000000000000000000000000000000000000000000000000000000 0 1
256 1 222 1 80000000000000000000000000000000000000000000000000000000 40000000000000000000000000000000000000000000000000000000 0 1 0 0 1 80000000000000000000000000000000000000000000000000000000 1 0
256 1 222 1 80000000000000000000000000000000000000000000000000000000 40000000000000000000000000000000000000000000000000000000 0 1 1 0 1 80000000000000000000000000000000000000000000000000000000 1 0
256 1 222 1 80000000000000000000000000000000000000000000000000000000 40000000000000000000000000000000000000000000000000000000 0 1 80000001 0 1 80000000000000000000000000000000000000000000000000000000 1 0
256 1 222 1 80000000000000000000000000000000000000000000000000000000 40000000000000000000000000000000000000000000000000000000 1 1 0 0 0 80000000000000000000000000000000000000000000000000000000 1 0
256 1 222 1 80000000000000000000000000000000000000000000000000000000 40000000000000000000000000000000000000000000000000000000 1 1 1 0 0 80000000000000000000000000000000000000000000000000000000 1 0
256 1 222 1 80000000000000000000000000000000000000000000000000000000 40000000000000000000000000000000000000000000000000000000 1 1 2 0 0 80000000000000000000000000000000000000000000000000000000 1 0
256 1 222 1 80000000000000000000000000000000000000000000000000000000 40000000000000000000000000000000000000000000000000000000 1 1 8000 0 0 80000000000000000000000000000000000000000000000000000000 1 0
256 1 222 1 80000000000000000000000000000000000000000000000000000000 40000000000000000000000000000000000000000000000000000000 1 1 80000000 0 0 80000000000000000000000000000000000000000000000000000000 1 0
256 1 222 1 80000000000000000000000000000000000000000000000000000000 40000000000000000000000000000000000000000000000000000000 1 1 80000001 0 0 80000000000000000000000000000000000000000000000000000000 1 0
256 1 222 1 80000000000000000000000000000000000000000000000000000000 80000000000000000000000000000000000000000000000000000000 0 1 0 0 1 80000000000000000000000000000000000000000000000000000000 0 0
256 1 222 1 80000000000000000000000000000000000000000000000000000000 80000000000000000000000000000000000000000000000000000000 0 1 1 0 1 80000000000000000000000000000000000000000000000000000000 0 0
256 1 222 1 80000000000000000000000000000000000000000000000000000000 80000000000000000000000000000000000000000000000000000000 0 1 2 1 1 80000000000000000000000000000000000000000000000000000000 1 0
256 1 222 1 80000000000000000000000000000000000000000000000000000000 80000000000000000000000000000000000000000000000000000000 0 1 80000001 0 1 80000000000000000000000000000000000000000000000000000000 0 0
256 1 222 1 80000000000000000000000000000000000000000000000000000000 80000000000000000000000000000000000000000000000000000000 1 1 0 0 0 80000000000000000000000000000000000000000000000000000000 0 0
256 1 222 1 80000000000000000000000000000000000000000000000000000000 80000000000000000000000000000000000000000000000000000000 1 1 1 0 0 80000000000000000000000000000000000000000000000000000000 0 0
256 1 222 1 80000000000000000000000000000000000000000000000000000000 80000000000000000000000000000000000000000000000000000000 1 1 2 0 0 80000000000000000000000000000000000000000000000000000000 0 0
256 1 222 1 80000000000000000000000000000000000000000000000000000000 80000000000000000000000000000000000000000000000000000000 1 1 8000 0 0 80000000000000000000000000000000000000000000000000000000 0 0
256 1 222 1 80000000000000000000000000000000000000000000000000000000 80000000000000000000000000000000000000000000000000000000 1 1 80000000 0 0 80000000000000000000000000000000000000000000000000000000 0 0
256 1 222 1 80000000000000000000000000000000000000000000000000000000 80000000000000000000000000000000000000000000000000000000 1 1 80000001 0 0 80000000000000000000000000000000000000000000000000000000 0 0
256 1 222 1 80000000000000000000000000000000000000000000000000000000 100000000000000000000000000000000000000000000000000000000 0 1 2 1 1 80000000000000000000000000000000000000000000000000000000 0 0
256 1 222 1 80000000000000000000000000000000000000000000000000000000 200000000000000000000000000000000000000000000000000000000000 0 1 8000 f 1 80000000000000000000000000000000000000000000000000000000 1 0
256 1 222 1 80000000000000000000000000000000000000000000000000000000 400000000000000000000000000000000000000000000000000000000000 0 1 8000 f 1 80000000000000000000000000000000000000000000000000000000 0 0
256 1 222 1 80000000000000000000000000000000000000000000000000000000 2000000000000000000000000000000000000000000000000000000000000000 0 1 80000000 1f 1 80000000000000000000000000000000000000000000000000000000 1 0
256 1 222 1 80000000000000000000000000000000000000000000000000000000 4000000000000000000000000000000000000000000000000000000000000000 0 1 80000000 1f 1 80000000000000000000000000000000000000000000000000000000 0 0
256 1 222 1 80000000000000000000000000000000000000000000000000000001 40000000000000000000000000000000000000000000000000000000 0 1 0 0 1 80000000000000000000000000000000000000000000000000000000 1 0
256 1 222 1 80000000000000000000000000000000000000000000000000000001 40000000000000000000000000000000000000000000000000000000 0 1 1 0 1 80000000000000000000000000000000000000000000000000000000 1 0
256 1 222 1 80000000000000000000000000000000000000000000000000000001 40000000000000000000000000000000000000000000000000000000 0 1 80000001 0 1 80000000000000000000000000000000000000000000000000000000 1 0
256 1 222 1 80000000000000000000000000000000000000000000000000000001 40000000000000000000000000000000000000000000000000000000 1 1 0 0 0 80000000000000000000000000000000000000000000000000000000 1 0
256 1 222 1 80000000000000000000000000000000000000000000000000000001 40000000000000000000000000000000000000000000000000000000 1 1 1 0 0 80000000000000000000000000000000000000000000000000000000 1 0
256 1 222 1 80000000000000000000000000000000000000000000000000000001 40000000000000000000000000000000000000000000000000000000 1 1 2 0 0 80000000000000000000000000000000000000000000000000000000 1 0
256 1 222 1 80000000000000000000000000000000000000000000000000000001 40000000000000000000000000000000000000000000000000000000 1 1 8000 0 0 80000000000000000000000000000000000000000000000000000000 1 0
256 1 222 1 80000000000000000000000000000000000000000000000000000001 40000000000000000000000000000000000000000000000000000000 1 1 80000000 0 0 80000000000000000000000000000000000000000000000000000000 1 0
256 1 222 1 80000000000000000000000000000000000000000000000000000001 40000000000000000000000000000000000000000000000000000000 1 1 80000001 0 0 80000000000000000000000000000000000000000000000000000000 1 0
256 1 222 1 80000000000000000000000000000000000000000000000000000001 40000000000000000000000000000000000000000000000000000001 0 1 0 0 1 40000000000000000000000000000000000000000000000000000001 0 0
256 1 222 1 80000000000000000000000000000000000000000000000000000001 40000000000000000000000000000000000000000000000000000001 0 1 1 0 1 40000000000000000000000000000000000000000000000000000001 0 0
256 1 222 1 80000000000000000000000000000000000000000000000000000001 40000000000000000000000000000000000000000000000000000001 0 1 80000001 0 1 40000000000000000000000000000000000000000000000000000001 0 0
256 1 222 1 80000000000000000000000000000000000000000000000000000001 40000000000000000000000000000000000000000000000000000001 1 1 0 0 0 40000000000000000000000000000000000000000000000000000001 0 0
256 1 222 1 80000000000000000000000000000000000000000000000000000001 40000000000000000000000000000000000000000000000000000001 1 1 1 0 0 40000000000000000000000000000000000000000000000000000001 0 0
256 1 222 1 80000000000000000000000000000000000000000000000000000001 40000000000000000000000000000000000000000000000000000001 1 1 2 0 0 40000000000000000000000000000000000000000000000000000001 0 0
256 1 222 1 80000000000000000000000000000000000000000000000000000001 40000000000000000000000000000000000000000000000000000001 1 1 8000 0 0 40000000000000000000000000000000000000000000000000000001 0 0
256 1 222 1 80000000000000000000000000000000000000000000000000000001 40000000000000000000000000000000000000000000000000000001 1 1 80000000 0 0 40000000000000000000000000000000000000000000000000000001 0 0
256 1 222 1 80000000000000000000000000000000000000000000000000000001 40000000000000000000000000000000000000000000000000000001 1 1 80000001 0 0 40000000000000000000000000000000000000000000000000000001 0 0
256 1 222 1 80000000000000000000000000000000000000000000000000000001 80000000000000000000000000000000000000000000000000000000 0 1 0 0 1 80000000000000000000000000000000000000000000000000000000 0 0
256 1 222 1 80000000000000000000000000000000000000000000000000000001 80000000000000000000000000000000000000000000000000000000 0 1 1 0 1 80000000000000000000000000000000000000000000000000000000 0 0
256 1 222 1 80000000000000000000000000000000000000000000000000000001 80000000000000000000000000000000000000000000000000000000 0 1 2 1 1 80000000000000000000000000000000000000000000000000000000 1 0
256 1 222 1 80000000000000000000000000000000000000000000000000000001 80000000000000000000000000000000000000000000000000000000 0 1 80000001 0 1 80000000000000000000000000000000000000000000000000000000 0 0
256 1 222 1 80000000000000000000000000000000000000000000000000000001 80000000000000000000000000000000000000000000000000000000 1 1 0 0 0 80000000000000000000000000000000000000000000000000000000 0 0
256 1 222 1 80000000000000000000000000000000000000000000000000000001 80000000000000000000000000000000000000000000000000000000 1 1 1 0 0 80000000000000000000000000000000000000000000000000000000 0 0
256 1 222 1 80000000000000000000000000000000000000000000000000000001 80000000000000000000000000000000000000000000000000000000 1 1 2 0 0 80000000000000000000000000000000000000000000000000000000 0 0
256 1 222 1 80000000000000000000000000000000000000000000000000000001 80000000000000000000000000000000000000000000000000000000 1 1 8000 0 0 80000000000000000000000000000000000000000000000000000000 0 0
256 1 222 1 80000000000000000000000000000000000000000000000000000001 80000000000000000000000000000000000000000000000000000000 1 1 80000000 0 0 80000000000000000000000000000000000000000000000000000000 0 0
256 1 222 1 80000000000000000000000000000000000000000000000000000001 80000000000000000000000000000000000000000000000000000000 1 1 80000001 0 0 80000000000000000000000000000000000000000000000000000000 0 0
256 1 222 1 80000000000000000000000000000000000000000000000000000001 80000000000000000000000000000000000000000000000000000002 0 1 2 1 1 40000000000000000000000000000000000000000000000000000001 0 0
256 1 222 1 80000000000000000000000000000000000000000000000000000001 100000000000000000000000000000000000000000000000000000000 0 1 2 1 1 80000000000000000000000000000000000000000000000000000000 0 0
256 1 222 1 80000000000000000000000000000000000000000000000000000001 200000000000000000000000000000000000000000000000000000000000 0 1 8000 f 1 80000000000000000000000000000000000000000000000000000000 1 0
256 1 222 1 80000000000000000000000000000000000000000000000000000001 200000000000000000000000000000000000000000000000000000008000 0 1 8000 f 1 40000000000000000000000000000000000000000000000000000001 0 0
256 1 222 1 80000000000000000000000000000000000000000000000000000001 400000000000000000000000000000000000000000000000000000000000 0 1 8000 f 1 80000000000000000000000000000000000000000000000000000000 0 0
256 1 222 1 80000000000000000000000000000000000000000000000000000001 2000000000000000000000000000000000000000000000000000000000000000 0 1 80000000 1f 1 80000000000000000000000000000000000000000000000000000000 1 0
256 1 222 1 80000000000000000000000000000000000000000000000000000001 2000000000000000000000000000000000000000000000000000000080000000 0 1 80000000 1f 1 40000000000000000000000000000000000000000000000000000001 0 0
256 1 222 1 80000000000000000000000000000000000000000000000000000001 4000000000000000000000000000000000000000000000000000000000000000 0 1 80000000 1f 1 80000000000000000000000000000000000000000000000000000000 0 0
256 1 222 1 80000000000000000000000000000000000000000000000000000002 40000000000000000000000000000000000000000000000000000001 0 1 0 0 1 80000000000000000000000000000000000000000000000000000002 1 0
256 1 222 1 80000000000000000000000000000000000000000000000000000002 40000000000000000000000000000000000000000000000000000001 0 1 1 0 1 80000000000000000000000000000000000000000000000000000002 1 0
256 1 222 1 80000000000000000000000000000000000000000000000000000002 40000000000000000000000000000000000000000000000000000001 0 1 80000001 0 1 80000000000000000000000000000000000000000000000000000002 1 0
256 1 222 1 80000000000000000000000000000000000000000000000000000002 40000000000000000000000000000000000000000000000000000001 1 1 0 0 0 80000000000000000000000000000000000000000000000000000002 1 0
256 1 222 1 80000000000000000000000000000000000000000000000000000002 40000000000000000000000000000000000000000000000000000001 1 1 1 0 0 80000000000000000000000000000000000000000000000000000002 1 0
256 1 222 1 80000000000000000000000000000000000000000000000000000002 40000000000000000000000000000000000000000000000000000001 1 1 2 0 0 80000000000000000000000000000000000000000000000000000002 1 0
256 1 222 1 80000000000000000000000000000000000000000000000000000002 40000000000000000000000000000000000000000000000000000001 1 1 8000 0 0 80000000000000000000000000000000000000000000000000000002 1 0
256 1 222 1 80000000000000000000000000000000000000000000000000000002 40000000000000000000000000000000000000000000000000000001 1 1 80000000 0 0 80000000000000000000000000000000000000000000000000000002 1 0
256 1 222 1 80000000000000000000000000000000000000000000000000000002 40000000000000000000000000000000000000000000000000000001 1 1 80000001 0 0 80000000000000000000000000000000000000000000000000000002 1 0
256 1 222 1 80000000000000000000000000000000000000000000000000000002 80000000000000000000000000000000000000000000000000000002 0 1 2 1 1 80000000000000000000000000000000000000000000000000000002 1 0
256 1 222 1 80000000000000000000000000000000000000000000000000000002 200000000000000000000000000000000000000000000000000000008000 0 1 8000 f 1 80000000000000000000000000000000000000000000000000000002 1 0
256 1 222 1 80000000000000000000000000000000000000000000000000000002 2000000000000000000000000000000000000000000000000000000080000000 0 1 80000000 1f 1 80000000000000000000000000000000000000000000000000000002 1 0
256 1 222 1 80000000000000000000000000000000000000000000000000000003 40000000000000000000000000000000000000000000000000000001 0 1 0 0 1 80000000000000000000000000000000000000000000000000000002 1 0
256 1 222 1 80000000000000000000000000000000000000000000000000000003 40000000000000000000000000000000000000000000000000000001 0 1 1 0 1 80000000000000000000000000000000000000000000000000000002 1 0
256 1 222 1 80000000000000000000000000000000000000000000000000000003 40000000000000000000000000000000000000000000000000000001 0 1 80000001 0 1 80000000000000000000000000000000000000000000000000000002 1 0
256 1 222 1 80000000000000000000000000000000000000000000000000000003 40000000000000000000000000000000000000000000000000000001 1 1 0 0 0 80000000000000000000000000000000000000000000000000000002 1 0
256 1 222 1 80000000000000000000000000000000000000000000000000000003 40000000000000000000000000000000000000000000000000000001 1 1 1 0 0 80000000000000000000000000000000000000000000000000000002 1 0
256 1 222 1 80000000000000000000000000000000000000000000000000000003 40000000000000000000000000000000000000000000000000000001 1 1 2 0 0 80000000000000000000000000000000000000000000000000000002 1 0
256 1 222 1 80000000000000000000000000000000000000000000000000000003 40000000000000000000000000000000000000000000000000000001 1 1 8000 0 0 80000000000000000000000000000000000000000000000000000002 1 0
256 1 222 1 80000000000000000000000000000000000000000000000000000003 40000000000000000000000000000000000000000000000000000001 1 1 80000000 0 0 80000000000000000000000000000000000000000000000000000002 1 0
256 1 222 1 80000000000000000000000000000000000000000000000000000003 40000000000000000000000000000000000000000000000000000001 1 1 80000001 0 0 80000000000000000000000000000000000000000000000000000002 1 0
256 1 222 1 80000000000000000000000000000000000000000000000000000003 80000000000000000000000000000000000000000000000000000002 0 1 2 1 1 80000000000000000000000000000000000000000000000000000002 1 0
256 1 222 1 80000000000000000000000000000000000000000000000000000003 200000000000000000000000000000000000000000000000000000008000 0 1 8000 f 1 80000000000000000000000000000000000000000000000000000002 1 0
256 1 222 1 80000000000000000000000000000000000000000000000000000003 2000000000000000000000000000000000000000000000000000000080000000 0 1 80000000 1f 1 80000000000000000000000000000000000000000000000000000002 1 0
256 1 222 1 ffffffffffffffffffffffffffffffffffffffffffffffffffffffff 80000000000000000000000000000000000000000000000000000000 0 1 0 0 1 80000000000000000000000000000000000000000000000000000000 0 0
256 1 222 1 ffffffffffffffffffffffffffffffffffffffffffffffffffffffff 80000000000000000000000000000000000000000000000000000000 0 1 1 0 1 80000000000000000000000000000000000000000000000000000000 0 0
256 1 222 1 ffffffffffffffffffffffffffffffffffffffffffffffffffffffff 80000000000000000000000000000000000000000000000000000000 0 1 80000001 0 1 80000000000000000000000000000000000000000000000000000000 0 0
256 1 222 1 ffffffffffffffffffffffffffffffffffffffffffffffffffffffff 80000000000000000000000000000000000000000000000000000000 1 1 0 0 0 80000000000000000000000000000000000000000000000000000000 0 0
256 1 222 1 ffffffffffffffffffffffffffffffffffffffffffffffffffffffff 80000000000000000000000000000000000000000000000000000000 1 1 1 0 0 80000000000000000000000000000000000000000000000000000000 0 0
256 1 222 1 ffffffffffffffffffffffffffffffffffffffffffffffffffffffff 80000000000000000000000000000000000000000000000000000000 1 1 2 0 0 80000000000000000000000000000000000000000000000000000000 0 0
256 1 222 1 ffffffffffffffffffffffffffffffffffffffffffffffffffffffff 80000000000000000000000000000000000000000000000000000000 1 1 8000 0 0 80000000000000000000000000000000000000000000000000000000 0 0
256 1 222 1 ffffffffffffffffffffffffffffffffffffffffffffffffffffffff 80000000000000000000000000000000000000000000000000000000 1 1 80000000 0 0 80000000000000000000000000000000000000000000000000000000 0 0
256 1 222 1 ffffffffffffffffffffffffffffffffffffffffffffffffffffffff 80000000000000000000000000000000000000000000000000000000 1 1 80000001 0 0 80000000000000000000000000000000000000000000000000000000 0 0
256 1 222 1 ffffffffffffffffffffffffffffffffffffffffffffffffffffffff 100000000000000000000000000000000000000000000000000000000 0 1 2 1 1 80000000000000000000000000000000000000000000000000000000 0 0
256 1 222 1 ffffffffffffffffffffffffffffffffffffffffffffffffffffffff 400000000000000000000000000000000000000000000000000000000000 0 1 8000 f 1 80000000000000000000000000000000000000000000000000000000 0 0
256 1 222 1 ffffffffffffffffffffffffffffffffffffffffffffffffffffffff 4000000000000000000000000000000000000000000000000000000000000000 0 1 80000000 1f 1 80000000000000000000000000000000000000000000000000000000 0 0
256 1 222 1 100000000000000000000000000000000000000000000000000000000 80000000000000000000000000000000000000000000000000000000 0 1 0 0 1 100000000000000000000000000000000000000000000000000000000 1 0
256 1 222 1 100000000000000000000000000000000000000000000000000000000 80000000000000000000000000000000000000000000000000000000 0 1 1 0 1 100000000000000000000000000000000000000000000000000000000 1 0
256 1 222 1 100000000000000000000000000000000000000000000000000000000 80000000000000000000000000000000000000000000000000000000 0 1 80000001 0 1 100000000000000000000000000000000000000000000000000000000 1 0
256 1 222 1 100000000000000000000000000000000000000000000000000000000 80000000000000000000000000000000000000000000000000000000 1 1 0 0 0 100000000000000000000000000000000000000000000000000000000 1 0
256 1 222 1 100000000000000000000000000000000000000000000000000000000 80000000000000000000000000000000000000000000000000000000 1 1 1 0 0 100000000000000000000000000000000000000000000000000000000 1 0
256 1 222 1 100000000000000000000000000000000000000000000000000000000 80000000000000000000000000000000000000000000000000000000 1 1 2 0 0 100000000000000000000000000000000000000000000000000000000 1 0
256 1 222 1 100000000000000000000000000000000000000000000000000000000 80000000000000000000000000000000000000000000000000000000 1 1 8000 0 0 100000000000000000000000000000000000000000000000000000000 1 0
256 1 222 1 100000000000000000000000000000000000000000000000000000000 80000000000000000000000000000000000000000000000000000000 1 1 80000000 0 0 100000000000000000000000000000000000000000000000000000000 1 0
256 1 222 1 100000000000000000000000000000000000000000000000000000000 80000000000000000000000000000000000000000000000000000000 1 1 80000001 0 0 100000000000000000000000000000000000000000000000000000000 1 0
256 1 222 1 100000000000000000000000000000000000000000000000000000000 100000000000000000000000000000000000000000000000000000000 0 1 2 1 1 100000000000000000000000000000000000000000000000000000000 1 0
256 1 222 1 100000000000000000000000000000000000000000000000000000000 400000000000000000000000000000000000000000000000000000000000 0 1 8000 f 1 100000000000000000000000000000000000000000000000000000000 1 0
256 1 222 1 100000000000000000000000000000000000000000000000000000000 4000000000000000000000000000000000000000000000000000000000000000 0 1 80000000 1f 1 100000000000000000000000000000000000000000000000000000000 1 0
256 1 222 1 100000000000000000000000000000000000000000000000000000001 80000000000000000000000000000000000000000000000000000000 0 1 0 0 1 100000000000000000000000000000000000000000000000000000000 1 0
256 1 222 1 100000000000000000000000000000000000000000000000000000001 80000000000000000000000000000000000000000000000000000000 0 1 1 0 1 100000000000000000000000000000000000000000000000000000000 1 0
256 1 222 1 100000000000000000000000000000000000000000000000000000001 80000000000000000000000000000000000000000000000000000000 0 1 80000001 0 1 100000000000000000000000000000000000000000000000000000000 1 0
256 1 222 1 100000000000000000000000000000000000000000000000000000001 80000000000000000000000000000000000000000000000000000000 1 1 0 0 0 100000000000000000000000000000000000000000000000000000000 1 0
256 1 222 1 100000000000000000000000000000000000000000000000000000001 80000000000000000000000000000000000000000000000000000000 1 1 1 0 0 100000000000000000000000000000000000000000000000000000000 1 0
256 1 222 1 100000000000000000000000000000000000000000000000000000001 80000000000000000000000000000000000000000000000000000000 1 1 2 0 0 100000000000000000000000000000000000000000000000000000000 1 0
256 1 222 1 100000000000000000000000000000000000000000000000000000001 80000000000000000000000000000000000000000000000000000000 1 1 8000 0 0 100000000000000000000000000000000000000000000000000000000 1 0
256 1 222 1 100000000000000000000000000000000000000000000000000000001 80000000000000000000000000000000000000000000000000000000 1 1 80000000 0 0 100000000000000000000000000000000000000000000000000000000 1 0
256 1 222 1 100000000000000000000000000000000000000000000000000000001 80000000000000000000000000000000000000000000000000000000 1 1 80000001 0 0 100000000000000000000000000000000000000000000000000000000 1 0
256 1 222 1 100000000000000000000000000000000000000000000000000000001 100000000000000000000000000000000000000000000000000000000 0 1 2 1 1 100000000000000000000000000000000000000000000000000000000 1 0
256 1 222 1 100000000000000000000000000000000000000000000000000000001 400000000000000000000000000000000000000000000000000000000000 0 1 8000 f 1 100000000000000000000000000000000000000000000000000000000 1 0
256 1 222 1 100000000000000000000000000000000000000000000000000000001 4000000000000000000000000000000000000000000000000000000000000000 0 1 80000000 1f 1 100000000000000000000000000000000000000000000000000000000 1 0
256 1 222 1 1fffffffffffffffffffffffffffffffffffffffffffffffffffffffffff 40000000000000000000000000000000000000000000000000000000 0 1 0 0 1 100000000000000000000000000000000000000000000000000000000000 e 0
256 1 222 1 1fffffffffffffffffffffffffffffffffffffffffffffffffffffffffff 40000000000000000000000000000000000000000000000000000000 0 1 1 0 1 100000000000000000000000000000000000000000000000000000000000 e 0
256 1 222 1 1fffffffffffffffffffffffffffffffffffffffffffffffffffffffffff 40000000000000000000000000000000000000000000000000000000 0 1 80000001 0 1 100000000000000000000000000000000000000000000000000000000000 e 0
256 1 222 1 1fffffffffffffffffffffffffffffffffffffffffffffffffffffffffff 40000000000000000000000000000000000000000000000000000000 1 1 0 0 0 100000000000000000000000000000000000000000000000000000000000 e 0
256 1 222 1 1fffffffffffffffffffffffffffffffffffffffffffffffffffffffffff 40000000000000000000000000000000000000000000000000000000 1 1 1 0 0 100000000000000000000000000000000000000000000000000000000000 e 0
256 1 222 1 1fffffffffffffffffffffffffffffffffffffffffffffffffffffffffff 40000000000000000000000000000000000000000000000000000000 1 1 2 0 0 100000000000000000000000000000000000000000000000000000000000 e 0
256 1 222 1 1fffffffffffffffffffffffffffffffffffffffffffffffffffffffffff 40000000000000000000000000000000000000000000000000000000 1 1 8000 0 0 100000000000000000000000000000000000000000000000000000000000 e 0
256 1 222 1 1fffffffffffffffffffffffffffffffffffffffffffffffffffffffffff 40000000000000000000000000000000000000000000000000000000 1 1 80000000 0 0 100000000000000000000000000000000000000000000000000000000000 e 0
256 1 222 1 1fffffffffffffffffffffffffffffffffffffffffffffffffffffffffff 40000000000000000000000000000000000000000000000000000000 1 1 80000001 0 0 100000000000000000000000000000000000000000000000000000000000 e 0
256 1 222 1 1fffffffffffffffffffffffffffffffffffffffffffffffffffffffffff 80000000000000000000000000000000000000000000000000000000 0 1 2 1 1 100000000000000000000000000000000000000000000000000000000000 e 0
256 1 222 1 1fffffffffffffffffffffffffffffffffffffffffffffffffffffffffff 200000000000000000000000000000000000000000000000000000000000 0 1 8000 f 1 100000000000000000000000000000000000000000000000000000000000 e 0
256 1 222 1 1fffffffffffffffffffffffffffffffffffffffffffffffffffffffffff 2000000000000000000000000000000000000000000000000000000000000000 0 1 80000000 1f 1 100000000000000000000000000000000000000000000000000000000000 e 0
256 1 222 1 200000000000000000000000000000000000000000000000000000000000 40000000000000000000000000000000000000000000000000000000 0 1 0 0 1 200000000000000000000000000000000000000000000000000000000000 f 0
256 1 222 1 200000000000000000000000000000000000000000000000000000000000 40000000000000000000000000000000000000000000000000000000 0 1 1 0 1 200000000000000000000000000000000000000000000000000000000000 f 0
256 1 222 1 200000000000000000000000000000000000000000000000000000000000 40000000000000000000000000000000000000000000000000000000 0 1 80000001 0 1 200000000000000000000000000000000000000000000000000000000000 f 0
256 1 222 1 200000000000000000000000000000000000000000000000000000000000 40000000000000000000000000000000000000000000000000000000 1 1 0 0 0 200000000000000000000000000000000000000000000000000000000000 f 0
256 1 222 1 200000000000000000000000000000000000000000000000000000000000 40000000000000000000000000000000000000000000000000000000 1 1 1 0 0 200000000000000000000000000000000000000000000000000000000000 f 0
256 1 222 1 200000000000000000000000000000000000000000000000000000000000 40000000000000000000000000000000000000000000000000000000 1 1 2 0 0 200000000000000000000000000000000000000000000000000000000000 f 0
256 1 222 1 200000000000000000000000000000000000000000000000000000000000 40000000000000000000000000000000000000000000000000000000 1 1 8000 0 0 200000000000000000000000000000000000000000000000000000000000 f 0
256 1 222 1 200000000000000000000000000000000000000000000000000000000000 40000000000000000000000000000000000000000000000000000000 1 1 80000000 0 0 200000000000000000000000000000000000000000000000000000000000 f 0
256 1 222 1 200000000000000000000000000000000000000000000000000000000000 40000000000000000000000000000000000000000000000000000000 1 1 80000001 0 0 200000000000000000000000000000000000000000000000000000000000 f 0
256 1 222 1 200000000000000000000000000000000000000000000000000000000000 80000000000000000000000000000000000000000000000000000000 0 1 2 1 1 200000000000000000000000000000000000000000000000000000000000 f 0
256 1 222 1 200000000000000000000000000000000000000000000000000000000000 200000000000000000000000000000000000000000000000000000000000 0 1 8000 f 1 200000000000000000000000000000000000000000000000000000000000 f 0
256 1 222 1 200000000000000000000000000000000000000000000000000000000000 2000000000000000000000000000000000000000000000000000000000000000 0 1 80000000 1f 1 200000000000000000000000000000000000000000000000000000000000 f 0
256 1 222 1 200000000000000000000000000000000000000000000000000000000001 40000000000000000000000000000000000000000000000000000000 0 1 0 0 1 200000000000000000000000000000000000000000000000000000000000 f 0
256 1 222 1 200000000000000000000000000000000000000000000000000000000001 40000000000000000000000000000000000000000000000000000000 0 1 1 0 1 200000000000000000000000000000000000000000000000000000000000 f 0
256 1 222 1 200000000000000000000000000000000000000000000000000000000001 40000000000000000000000000000000000000000000000000000000 0 1 80000001 0 1 200000000000000000000000000000000000000000000000000000000000 f 0
256 1 222 1 200000000000000000000000000000000000000000000000000000000001 40000000000000000000000000000000000000000000000000000000 1 1 0 0 0 200000000000000000000000000000000000000000000000000000000000 f 0
256 1 222 1 200000000000000000000000000000000000000000000000000000000001 40000000000000000000000000000000000000000000000000000000 1 1 1 0 0 200000000000000000000000000000000000000000000000000000000000 f 0
256 1 222 1 200000000000000000000000000000000000000000000000000000000001 40000000000000000000000000000000000000000000000000000000 1 1 2 0 0 200000000000000000000000000000000000000000000000000000000000 f 0
256 1 222 1 200000000000000000000000000000000000000000000000000000000001 40000000000000000000000000000000000000000000000000000000 1 1 8000 0 0 200000000000000000000000000000000000000000000000000000000000 f 0
256 1 222 1 200000000000000000000000000000000000000000000000000000000001 40000000000000000000000000000000000000000000000000000000 1 1 80000000 0 0 200000000000000000000000000000000000000000000000000000000000 f 0
256 1 222 1 200000000000000000000000000000000000000000000000000000000001 40000000000000000000000000000000000000000000000000000000 1 1 80000001 0 0 200000000000000000000000000000000000000000000000000000000000 f 0
256 1 222 1 200000000000000000000000000000000000000000000000000000000001 80000000000000000000000000000000000000000000000000000000 0 1 2 1 1 200000000000000000000000000000000000000000000000000000000000 f 0
256 1 222 1 200000000000000000000000000000000000000000000000000000000001 200000000000000000000000000000000000000000000000000000000000 0 1 8000 f 1 200000000000000000000000000000000000000000000000000000000000 f 0
256 1 222 1 200000000000000000000000000000000000000000000000000000000001 2000000000000000000000000000000000000000000000000000000000000000 0 1 80000000 1f 1 200000000000000000000000000000000000000000000000000000000000 f 0
256 1 222 1 200000000000000000000000000000000000000000000000000000007fff 40000000000000000000000000000000000000000000000000000001 0 1 0 0 1 100000000000000000000000000000000000000000000000000000004000 e 0
256 1 222 1 200000000000000000000000000000000000000000000000000000007fff 40000000000000000000000000000000000000000000000000000001 0 1 1 0 1 100000000000000000000000000000000000000000000000000000004000 e 0
256 1 222 1 200000000000000000000000000000000000000000000000000000007fff 40000000000000000000000000000000000000000000000000000001 0 1 80000001 0 1 100000000000000000000000000000000000000000000000000000004000 e 0
256 1 222 1 200000000000000000000000000000000000000000000000000000007fff 40000000000000000000000000000000000000000000000000000001 1 1 0 0 0 100000000000000000000000000000000000000000000000000000004000 e 0
256 1 222 1 200000000000000000000000000000000000000000000000000000007fff 40000000000000000000000000000000000000000000000000000001 1 1 1 0 0 100000000000000000000000000000000000000000000000000000004000 e 0
256 1 222 1 200000000000000000000000000000000000000000000000000000007fff 40000000000000000000000000000000000000000000000000000001 1 1 2 0 0 100000000000000000000000000000000000000000000000000000004000 e 0
256 1 222 1 200000000000000000000000000000000000000000000000000000007fff 40000000000000000000000000000000000000000000000000000001 1 1 8000 0 0 100000000000000000000000000000000000000000000000000000004000 e 0
256 1 222 1 200000000000000000000000000000000000000000000000000000007fff 40000000000000000000000000000000000000000000000000000001 1 1 80000000 0 0 100000000000000000000000000000000000000000000000000000004000 e 0
256 1 222 1 200000000000000000000000000000000000000000000000000000007fff 40000000000000000000000000000000000000000000000000000001 1 1 80000001 0 0 100000000000000000000000000000000000000000000000000000004000 e 0
256 1 222 1 200000000000000000000000000000000000000000000000000000007fff 80000000000000000000000000000000000000000000000000000002 0 1 2 1 1 100000000000000000000000000000000000000000000000000000004000 e 0
256 1 222 1 200000000000000000000000000000000000000000000000000000007fff 200000000000000000000000000000000000000000000000000000008000 0 1 8000 f 1 100000000000000000000000000000000000000000000000000000004000 e 0
256 1 222 1 200000000000000000000000000000000000000000000000000000007fff 2000000000000000000000000000000000000000000000000000000080000000 0 1 80000000 1f 1 100000000000000000000000000000000000000000000000000000004000 e 0
256 1 222 1 200000000000000000000000000000000000000000000000000000008000 40000000000000000000000000000000000000000000000000000001 0 1 0 0 1 200000000000000000000000000000000000000000000000000000008000 f 0
256 1 222 1 200000000000000000000000000000000000000000000000000000008000 40000000000000000000000000000000000000000000000000000001 0 1 1 0 1 200000000000000000000000000000000000000000000000000000008000 f 0
256 1 222 1 200000000000000000000000000000000000000000000000000000008000 40000000000000000000000000000000000000000000000000000001 0 1 80000001 0 1 200000000000000000000000000000000000000000000000000000008000 f 0
256 1 222 1 200000000000000000000000000000000000000000000000000000008000 40000000000000000000000000000000000000000000000000000001 1 1 0 0 0 200000000000000000000000000000000000000000000000000000008000 f 0
256 1 222 1 200000000000000000000000000000000000000000000000000000008000 40000000000000000000000000000000000000000000000000000001 1 1 1 0 0 200000000000000000000000000000000000000000000000000000008000 f 0
256 1 222 1 200000000000000000000000000000000000000000000000000000008000 40000000000000000000000000000000000000000000000000000001 1 1 2 0 0 200000000000000000000000000000000000000000000000000000008000 f 0
256 1 222 1 200000000000000000000000000000000000000000000000000000008000 40000000000000000000000000000000000000000000000000000001 1 1 8000 0 0 200000000000000000000000000000000000000000000000000000008000 f 0
256 1 222 1 200000000000000000000000000000000000000000000000000000008000 40000000000000000000000000000000000000000000000000000001 1 1 80000000 0 0 200000000000000000000000000000000000000000000000000000008000 f 0
256 1 222 1 200000000000000000000000000000000000000000000000000000008000 40000000000000000000000000000000000000000000000000000001 1 1 80000001 0 0 200000000000000000000000000000000000000000000000000000008000 f 0
256 1 222 1 200000000000000000000000000000000000000000000000000000008000 80000000000000000000000000000000000000000000000000000002 0 1 2 1 1 200000000000000000000000000000000000000000000000000000008000 f 0
256 1 222 1 200000000000000000000000000000000000000000000000000000008000 200000000000000000000000000000000000000000000000000000008000 0 1 8000 f 1 200000000000000000000000000000000000000000000000000000008000 f 0
256 1 222 1 200000000000000000000000000000000000000000000000000000008000 2000000000000000000000000000000000000000000000000000000080000000 0 1 80000000 1f 1 200000000000000000000000000000000000000000000000000000008000 f 0
256 1 222 1 200000000000000000000000000000000000000000000000000000008001 40000000000000000000000000000000000000000000000000000001 0 1 0 0 1 200000000000000000000000000000000000000000000000000000008000 f 0
256 1 222 1 200000000000000000000000000000000000000000000000000000008001 40000000000000000000000000000000000000000000000000000001 0 1 1 0 1 200000000000000000000000000000000000000000000000000000008000 f 0
256 1 222 1 200000000000000000000000000000000000000000000000000000008001 40000000000000000000000000000000000000000000000000000001 0 1 80000001 0 1 200000000000000000000000000000000000000000000000000000008000 f 0
256 1 222 1 200000000000000000000000000000000000000000000000000000008001 40000000000000000000000000000000000000000000000000000001 1 1 0 0 0 200000000000000000000000000000000000000000000000000000008000 f 0
256 1 222 1 200000000000000000000000000000000000000000000000000000008001 40000000000000000000000000000000000000000000000000000001 1 1 1 0 0 200000000000000000000000000000000000000000000000000000008000 f 0
256 1 222 1 200000000000000000000000000000000000000000000000000000008001 40000000000000000000000000000000000000000000000000000001 1 1 2 0 0 200000000000000000000000000000000000000000000000000000008000 f 0
256 1 222 1 200000000000000000000000000000000000000000000000000000008001 40000000000000000000000000000000000000000000000000000001 1 1 8000 0 0 200000000000000000000000000000000000000000000000000000008000 f 0
256 1 222 1 200000000000000000000000000000000000000000000000000000008001 40000000000000000000000000000000000000000000000000000001 1 1 80000000 0 0 200000000000000000000000000000000000000000000000000000008000 f 0
256 1 222 1 200000000000000000000000000000000000000000000000000000008001 40000000000000000000000000000000000000000000000000000001 1 1 80000001 0 0 200000000000000000000000000000000000000000000000000000008000 f 0
256 1 222 1 200000000000000000000000000000000000000000000000000000008001 80000000000000000000000000000000000000000000000000000002 0 1 2 1 1 200000000000000000000000000000000000000000000000000000008000 f 0
256 1 222 1 200000000000000000000000000000000000000000000000000000008001 200000000000000000000000000000000000000000000000000000008000 0 1 8000 f 1 200000000000000000000000000000000000000000000000000000008000 f 0
256 1 222 1 200000000000000000000000000000000000000000000000000000008001 2000000000000000000000000000000000000000000000000000000080000000 0 1 80000000 1f 1 200000000000000000000000000000000000000000000000000000008000 f 0
256 1 222 1 3fffffffffffffffffffffffffffffffffffffffffffffffffffffffffff 80000000000000000000000000000000000000000000000000000000 0 1 0 0 1 200000000000000000000000000000000000000000000000000000000000 e 0
256 1 222 1 3fffffffffffffffffffffffffffffffffffffffffffffffffffffffffff 80000000000000000000000000000000000000000000000000000000 0 1 1 0 1 200000000000000000000000000000000000000000000000000000000000 e 0
256 1 222 1 3fffffffffffffffffffffffffffffffffffffffffffffffffffffffffff 80000000000000000000000000000000000000000000000000000000 0 1 80000001 0 1 200000000000000000000000000000000000000000000000000000000000 e 0
256 1 222 1 3fffffffffffffffffffffffffffffffffffffffffffffffffffffffffff 80000000000000000000000000000000000000000000000000000000 1 1 0 0 0 200000000000000000000000000000000000000000000000000000000000 e 0
256 1 222 1 3fffffffffffffffffffffffffffffffffffffffffffffffffffffffffff 80000000000000000000000000000000000000000000000000000000 1 1 1 0 0 200000000000000000000000000000000000000000000000000000000000 e 0
256 1 222 1 3fffffffffffffffffffffffffffffffffffffffffffffffffffffffffff 80000000000000000000000000000000000000000000000000000000 1 1 2 0 0 200000000000000000000000000000000000000000000000000000000000 e 0
256 1 222 1 3fffffffffffffffffffffffffffffffffffffffffffffffffffffffffff 80000000000000000000000000000000000000000000000000000000 1 1 8000 0 0 200000000000000000000000000000000000000000000000000000000000 e 0
256 1 222 1 3fffffffffffffffffffffffffffffffffffffffffffffffffffffffffff 80000000000000000000000000000000000000000000000000000000 1 1 80000000 0 0 200000000000000000000000000000000000000000000000000000000000 e 0
256 1 222 1 3fffffffffffffffffffffffffffffffffffffffffffffffffffffffffff 80000000000000000000000000000000000000000000000000000000 1 1 80000001 0 0 200000000000000000000000000000000000000000000000000000000000 e 0
256 1 222 1 3fffffffffffffffffffffffffffffffffffffffffffffffffffffffffff 100000000000000000000000000000000000000000000000000000000 0 1 2 1 1 200000000000000000000000000000000000000000000000000000000000 e 0
256 1 222 1 3fffffffffffffffffffffffffffffffffffffffffffffffffffffffffff 400000000000000000000000000000000000000000000000000000000000 0 1 8000 f 1 200000000000000000000000000000000000000000000000000000000000 e 0
256 1 222 1 3fffffffffffffffffffffffffffffffffffffffffffffffffffffffffff 4000000000000000000000000000000000000000000000000000000000000000 0 1 80000000 1f 1 200000000000000000000000000000000000000000000000000000000000 e 0
256 1 222 1 400000000000000000000000000000000000000000000000000000000000 80000000000000000000000000000000000000000000000000000000 0 1 0 0 1 400000000000000000000000000000000000000000000000000000000000 f 0
256 1 222 1 400000000000000000000000000000000000000000000000000000000000 80000000000000000000000000000000000000000000000000000000 0 1 1 0 1 400000000000000000000000000000000000000000000000000000000000 f 0
256 1 222 1 400000000000000000000000000000000000000000000000000000000000 80000000000000000000000000000000000000000000000000000000 0 1 80000001 0 1 400000000000000000000000000000000000000000000000000000000000 f 0
256 1 222 1 400000000000000000000000000000000000000000000000000000000000 80000000000000000000000000000000000000000000000000000000 1 1 0 0 0 400000000000000000000000000000000000000000000000000000000000 f 0
256 1 222 1 400000000000000000000000000000000000000000000000000000000000 80000000000000000000000000000000000000000000000000000000 1 1 1 0 0 400000000000000000000000000000000000000000000000000000000000 f 0
256 1 222 1 400000000000000000000000000000000000000000000000000000000000 80000000000000000000000000000000000000000000000000000000 1 1 2 0 0 400000000000000000000000000000000000000000000000000000000000 f 0
256 1 222 1 400000000000000000000000000000000000000000000000000000000000 80000000000000000000000000000000000000000000000000000000 1 1 8000 0 0 400000000000000000000000000000000000000000000000000000000000 f 0
256 1 222 1 400000000000000000000000000000000000000000000000000000000000 80000000000000000000000000000000000000000000000000000000 1 1 80000000 0 0 400000000000000000000000000000000000000000000000000000000000 f 0
256 1 222 1 400000000000000000000000000000000000000000000000000000000000 80000000000000000000000000000000000000000000000000000000 1 1 80000001 0 0 400000000000000000000000000000000000000000000000000000000000 f 0
256 1 222 1 400000000000000000000000000000000000000000000000000000000000 100000000000000000000000000000000000000000000000000000000 0 1 2 1 1 400000000000000000000000000000000000000000000000000000000000 f 0
256 1 222 1 400000000000000000000000000000000000000000000000000000000000 400000000000000000000000000000000000000000000000000000000000 0 1 8000 f 1 400000000000000000000000000000000000000000000000000000000000 f 0
256 1 222 1 400000000000000000000000000000000000000000000000000000000000 4000000000000000000000000000000000000000000000000000000000000000 0 1 80000000 1f 1 400000000000000000000000000000000000000000000000000000000000 f 0
256 1 222 1 400000000000000000000000000000000000000000000000000000000001 80000000000000000000000000000000000000000000000000000000 0 1 0 0 1 400000000000000000000000000000000000000000000000000000000000 f 0
256 1 222 1 400000000000000000000000000000000000000000000000000000000001 80000000000000000000000000000000000000000000000000000000 0 1 1 0 1 400000000000000000000000000000000000000000000000000000000000 f 0
256 1 222 1 400000000000000000000000000000000000000000000000000000000001 80000000000000000000000000000000000000000000000000000000 0 1 80000001 0 1 400000000000000000000000000000000000000000000000000000000000 f 0
256 1 222 1 400000000000000000000000000000000000000000000000000000000001 80000000000000000000000000000000000000000000000000000000 1 1 0 0 0 400000000000000000000000000000000000000000000000000000000000 f 0
256 1 222 1 400000000000000000000000000000000000000000000000000000000001 80000000000000000000000000000000000000000000000000000000 1 1 1 0 0 400000000000000000000000000000000000000000000000000000000000 f 0
256 1 222 1 400000000000000000000000000000000000000000000000000000000001 80000000000000000000000000000000000000000000000000000000 1 1 2 0 0 400000000000000000000000000000000000000000000000000000000000 f 0
256 1 222 1 400000000000000000000000000000000000000000000000000000000001 80000000000000000000000000000000000000000000000000000000 1 1 8000 0 0 400000000000000000000000000000000000000000000000000000000000 f 0
256 1 222 1 400000000000000000000000000000000000000000000000000000000001 80000000000000000000000000000000000000000000000000000000 1 1 80000000 0 0 400000000000000000000000000000000000000000000000000000000000 f 0
256 1 222 1 400000000000000000000000000000000000000000000000000000000001 80000000000000000000000000000000000000000000000000000000 1 1 80000001 0 0 400000000000000000000000000000000000000000000000000000000000 f 0
256 1 222 1 400000000000000000000000000000000000000000000000000000000001 100000000000000000000000000000000000000000000000000000000 0 1 2 1 1 400000000000000000000000000000000000000000000000000000000000 f 0
256 1 222 1 400000000000000000000000000000000000000000000000000000000001 400000000000000000000000000000000000000000000000000000000000 0 1 8000 f 1 400000000000000000000000000000000000000000000000000000000000 f 0
256 1 222 1 400000000000000000000000000000000000000000000000000000000001 4000000000000000000000000000000000000000000000000000000000000000 0 1 80000000 1f 1 400000000000000000000000000000000000000000000000000000000000 f 0
256 1 222 1 1fffffffffffffffffffffffffffffffffffffffffffffffffffffffffffffff 40000000000000000000000000000000000000000000000000000000 0 1 0 0 1 1000000000000000000000000000000000000000000000000000000000000000 1e 0
256 1 222 1 1fffffffffffffffffffffffffffffffffffffffffffffffffffffffffffffff 40000000000000000000000000000000000000000000000000000000 0 1 1 0 1 1000000000000000000000000000000000000000000000000000000000000000 1e 0
256 1 222 1 1fffffffffffffffffffffffffffffffffffffffffffffffffffffffffffffff 40000000000000000000000000000000000000000000000000000000 0 1 80000001 0 1 1000000000000000000000000000000000000000000000000000000000000000 1e 0
256 1 222 1 1fffffffffffffffffffffffffffffffffffffffffffffffffffffffffffffff 40000000000000000000000000000000000000000000000000000000 1 1 0 0 0 1000000000000000000000000000000000000000000000000000000000000000 1e 0
256 1 222 1 1fffffffffffffffffffffffffffffffffffffffffffffffffffffffffffffff 40000000000000000000000000000000000000000000000000000000 1 1 1 0 0 1000000000000000000000000000000000000000000000000000000000000000 1e 0
256 1 222 1 1fffffffffffffffffffffffffffffffffffffffffffffffffffffffffffffff 40000000000000000000000000000000000000000000000000000000 1 1 2 0 0 1000000000000000000000000000000000000000000000000000000000000000 1e 0
256 1 222 1 1fffffffffffffffffffffffffffffffffffffffffffffffffffffffffffffff 40000000000000000000000000000000000000000000000000000000 1 1 8000 0 0 1000000000000000000000000000000000000000000000000000000000000000 1e 0
256 1 222 1 1fffffffffffffffffffffffffffffffffffffffffffffffffffffffffffffff 40000000000000000000000000000000000000000000000000000000 1 1 80000000 0 0 1000000000000000000000000000000000000000000000000000000000000000 1e 0
256 1 222 1 1fffffffffffffffffffffffffffffffffffffffffffffffffffffffffffffff 40000000000000000000000000000000000000000000000000000000 1 1 80000001 0 0 1000000000000000000000000000000000000000000000000000000000000000 1e 0
256 1 222 1 1fffffffffffffffffffffffffffffffffffffffffffffffffffffffffffffff 80000000000000000000000000000000000000000000000000000000 0 1 2 1 1 1000000000000000000000000000000000000000000000000000000000000000 1e 0
256 1 222 1 1fffffffffffffffffffffffffffffffffffffffffffffffffffffffffffffff 200000000000000000000000000000000000000000000000000000000000 0 1 8000 f 1 1000000000000000000000000000000000000000000000000000000000000000 1e 0
256 1 222 1 1fffffffffffffffffffffffffffffffffffffffffffffffffffffffffffffff 2000000000000000000000000000000000000000000000000000000000000000 0 1 80000000 1f 1 1000000000000000000000000000000000000000000000000000000000000000 1e 0
256 1 222 1 2000000000000000000000000000000000000000000000000000000000000000 40000000000000000000000000000000000000000000000000000000 0 1 0 0 1 2000000000000000000000000000000000000000000000000000000000000000 1f 0
256 1 222 1 2000000000000000000000000000000000000000000000000000000000000000 40000000000000000000000000000000000000000000000000000000 0 1 1 0 1 2000000000000000000000000000000000000000000000000000000000000000 1f 0
256 1 222 1 2000000000000000000000000000000000000000000000000000000000000000 40000000000000000000000000000000000000000000000000000000 0 1 80000001 0 1 2000000000000000000000000000000000000000000000000000000000000000 1f 0
256 1 222 1 2000000000000000000000000000000000000000000000000000000000000000 40000000000000000000000000000000000000000000000000000000 1 1 0 0 0 2000000000000000000000000000000000000000000000000000000000000000 1f 0
256 1 222 1 2000000000000000000000000000000000000000000000000000000000000000 40000000000000000000000000000000000000000000000000000000 1 1 1 0 0 2000000000000000000000000000000000000000000000000000000000000000 1f 0
256 1 222 1 2000000000000000000000000000000000000000000000000000000000000000 40000000000000000000000000000000000000000000000000000000 1 1 2 0 0 2000000000000000000000000000000000000000000000000000000000000000 1f 0
256 1 222 1 2000000000000000000000000000000000000000000000000000000000000000 40000000000000000000000000000000000000000000000000000000 1 1 8000 0 0 2000000000000000000000000000000000000000000000000000000000000000 1f 0
256 1 222 1 2000000000000000000000000000000000000000000000000000000000000000 40000000000000000000000000000000000000000000000000000000 1 1 80000000 0 0 2000000000000000000000000000000000000000000000000000000000000000 1f 0
256 1 222 1 2000000000000000000000000000000000000000000000000000000000000000 40000000000000000000000000000000000000000000000000000000 1 1 80000001 0 0 2000000000000000000000000000000000000000000000000000000000000000 1f 0
256 1 222 1 2000000000000000000000000000000000000000000000000000000000000000 80000000000000000000000000000000000000000000000000000000 0 1 2 1 1 2000000000000000000000000000000000000000000000000000000000000000 1f 0
256 1 222 1 2000000000000000000000000000000000000000000000000000000000000000 200000000000000000000000000000000000000000000000000000000000 0 1 8000 f 1 2000000000000000000000000000000000000000000000000000000000000000 1f 0
256 1 222 1 2000000000000000000000000000000000000000000000000000000000000000 2000000000000000000000000000000000000000000000000000000000000000 0 1 80000000 1f 1 2000000000000000000000000000000000000000000000000000000000000000 1f 0
256 1 222 1 2000000000000000000000000000000000000000000000000000000000000001 40000000000000000000000000000000000000000000000000000000 0 1 0 0 1 2000000000000000000000000000000000000000000000000000000000000000 1f 0
256 1 222 1 2000000000000000000000000000000000000000000000000000000000000001 40000000000000000000000000000000000000000000000000000000 0 1 1 0 1 2000000000000000000000000000000000000000000000000000000000000000 1f 0
256 1 222 1 2000000000000000000000000000000000000000000000000000000000000001 40000000000000000000000000000000000000000000000000000000 0 1 80000001 0 1 2000000000000000000000000000000000000000000000000000000000000000 1f 0
256 1 222 1 2000000000000000000000000000000000000000000000000000000000000001 40000000000000000000000000000000000000000000000000000000 1 1 0 0 0 2000000000000000000000000000000000000000000000000000000000000000 1f 0
256 1 222 1 2000000000000000000000000000000000000000000000000000000000000001 40000000000000000000000000000000000000000000000000000000 1 1 1 0 0 2000000000000000000000000000000000000000000000000000000000000000 1f 0
256 1 222 1 2000000000000000000000000000000000000000000000000000000000000001 40000000000000000000000000000000000000000000000000000000 1 1 2 0 0 2000000000000000000000000000000000000000000000000000000000000000 1f 0
256 1 222 1 2000000000000000000000000000000000000000000000000000000000000001 40000000000000000000000000000000000000000000000000000000 1 1 8000 0 0 2000000000000000000000000000000000000000000000000000000000000000 1f 0
256 1 222 1 2000000000000000000000000000000000000000000000000000000000000001 40000000000000000000000000000000000000000000000000000000 1 1 80000000 0 0 2000000000000000000000000000000000000000000000000000000000000000 1f 0
256 1 222 1 2000000000000000000000000000000000000000000000000000000000000001 40000000000000000000000000000000000000000000000000000000 1 1 80000001 0 0 2000000000000000000000000000000000000000000000000000000000000000 1f 0
256 1 222 1 2000000000000000000000000000000000000000000000000000000000000001 80000000000000000000000000000000000000000000000000000000 0 1 2 1 1 2000000000000000000000000000000000000000000000000000000000000000 1f 0
256 1 222 1 2000000000000000000000000000000000000000000000000000000000000001 200000000000000000000000000000000000000000000000000000000000 0 1 8000 f 1 2000000000000000000000000000000000000000000000000000000000000000 1f 0
256 1 222 1 2000000000000000000000000000000000000000000000000000000000000001 2000000000000000000000000000000000000000000000000000000000000000 0 1 80000000 1f 1 2000000000000000000000000000000000000000000000000000000000000000 1f 0
256 1 222 1 200000000000000000000000000000000000000000000000000000007fffffff 40000000000000000000000000000000000000000000000000000001 0 1 0 0 1 1000000000000000000000000000000000000000000000000000000040000000 1e 0
256 1 222 1 200000000000000000000000000000000000000000000000000000007fffffff 40000000000000000000000000000000000000000000000000000001 0 1 1 0 1 1000000000000000000000000000000000000000000000000000000040000000 1e 0
256 1 222 1 200000000000000000000000000000000000000000000000000000007fffffff 40000000000000000000000000000000000000000000000000000001 0 1 80000001 0 1 1000000000000000000000000000000000000000000000000000000040000000 1e 0
256 1 222 1 200000000000000000000000000000000000000000000000000000007fffffff 40000000000000000000000000000000000000000000000000000001 1 1 0 0 0 1000000000000000000000000000000000000000000000000000000040000000 1e 0
256 1 222 1 200000000000000000000000000000000000000000000000000000007fffffff 40000000000000000000000000000000000000000000000000000001 1 1 1 0 0 1000000000000000000000000000000000000000000000000000000040000000 1e 0
256 1 222 1 200000000000000000000000000000000000000000000000000000007fffffff 40000000000000000000000000000000000000000000000000000001 1 1 2 0 0 1000000000000000000000000000000000000000000000000000000040000000 1e 0
256 1 222 1 200000000000000000000000000000000000000000000000000000007fffffff 40000000000000000000000000000000000000000000000000000001 1 1 8000 0 0 1000000000000000000000000000000000000000000000000000000040000000 1e 0
256 1 222 1 200000000000000000000000000000000000000000000000000000007fffffff 40000000000000000000000000000000000000000000000000000001 1 1 80000000 0 0 1000000000000000000000000000000000000000000000000000000040000000 1e 0
256 1 222 1 200000000000000000000000000000000000000000000000000000007fffffff 40000000000000000000000000000000000000000000000000000001 1 1 80000001 0 0 1000000000000000000000000000000000000000000000000000000040000000 1e 0
256 1 222 1 200000000000000000000000000000000000000000000000000000007fffffff 80000000000000000000000000000000000000000000000000000002 0 1 2 1 1 1000000000000000000000000000000000000000000000000000000040000000 1e 0
256 1 222 1 200000000000000000000000000000000000000000000000000000007fffffff 200000000000000000000000000000000000000000000000000000008000 0 1 8000 f 1 1000000000000000000000000000000000000000000000000000000040000000 1e 0
256 1 222 1 200000000000000000000000000000000000000000000000000000007fffffff 2000000000000000000000000000000000000000000000000000000080000000 0 1 80000000 1f 1 1000000000000000000000000000000000000000000000000000000040000000 1e 0
256 1 222 1 2000000000000000000000000000000000000000000000000000000080000000 40000000000000000000000000000000000000000000000000000001 0 1 0 0 1 2000000000000000000000000000000000000000000000000000000080000000 1f 0
256 1 222 1 2000000000000000000000000000000000000000000000000000000080000000 40000000000000000000000000000000000000000000000000000001 0 1 1 0 1 2000000000000000000000000000000000000000000000000000000080000000 1f 0
256 1 222 1 2000000000000000000000000000000000000000000000000000000080000000 40000000000000000000000000000000000000000000000000000001 0 1 80000001 0 1 2000000000000000000000000000000000000000000000000000000080000000 1f 0
256 1 222 1 2000000000000000000000000000000000000000000000000000000080000000 40000000000000000000000000000000000000000000000000000001 1 1 0 0 0 2000000000000000000000000000000000000000000000000000000080000000 1f 0
256 1 222 1 2000000000000000000000000000000000000000000000000000000080000000 40000000000000000000000000000000000000000000000000000001 1 1 1 0 0 2000000000000000000000000000000000000000000000000000000080000000 1f 0
256 1 222 1 2000000000000000000000000000000000000000000000000000000080000000 40000000000000000000000000000000000000000000000000000001 1 1 2 0 0 2000000000000000000000000000000000000000000000000000000080000000 1f 0
256 1 222 1 2000000000000000000000000000000000000000000000000000000080000000 40000000000000000000000000000000000000000000000000000001 1 1 8000 0 0 2000000000000000000000000000000000000000000000000000000080000000 1f 0
256 1 222 1 2000000000000000000000000000000000000000000000000000000080000000 40000000000000000000000000000000000000000000000000000001 1 1 80000000 0 0 2000000000000000000000000000000000000000000000000000000080000000 1f 0
256 1 222 1 2000000000000000000000000000000000000000000000000000000080000000 40000000000000000000000000000000000000000000000000000001 1 1 80000001 0 0 2000000000000000000000000000000000000000000000000000000080000000 1f 0
256 1 222 1 2000000000000000000000000000000000000000000000000000000080000000 80000000000000000000000000000000000000000000000000000002 0 1 2 1 1 2000000000000000000000000000000000000000000000000000000080000000 1f 0
256 1 222 1 2000000000000000000000000000000000000000000000000000000080000000 200000000000000000000000000000000000000000000000000000008000 0 1 8000 f 1 2000000000000000000000000000000000000000000000000000000080000000 1f 0
256 1 222 1 2000000000000000000000000000000000000000000000000000000080000000 2000000000000000000000000000000000000000000000000000000080000000 0 1 80000000 1f 1 2000000000000000000000000000000000000000000000000000000080000000 1f 0
256 1 222 1 2000000000000000000000000000000000000000000000000000000080000001 40000000000000000000000000000000000000000000000000000001 0 1 0 0 1 2000000000000000000000000000000000000000000000000000000080000000 1f 0
256 1 222 1 2000000000000000000000000000000000000000000000000000000080000001 40000000000000000000000000000000000000000000000000000001 0 1 1 0 1 2000000000000000000000000000000000000000000000000000000080000000 1f 0
256 1 222 1 2000000000000000000000000000000000000000000000000000000080000001 40000000000000000000000000000000000000000000000000000001 0 1 80000001 0 1 2000000000000000000000000000000000000000000000000000000080000000 1f 0
256 1 222 1 2000000000000000000000000000000000000000000000000000000080000001 40000000000000000000000000000000000000000000000000000001 1 1 0 0 0 2000000000000000000000000000000000000000000000000000000080000000 1f 0
256 1 222 1 2000000000000000000000000000000000000000000000000000000080000001 40000000000000000000000000000000000000000000000000000001 1 1 1 0 0 2000000000000000000000000000000000000000000000000000000080000000 1f 0
256 1 222 1 2000000000000000000000000000000000000000000000000000000080000001 40000000000000000000000000000000000000000000000000000001 1 1 2 0 0 2000000000000000000000000000000000000000000000000000000080000000 1f 0
256 1 222 1 2000000000000000000000000000000000000000000000000000000080000001 40000000000000000000000000000000000000000000000000000001 1 1 8000 0 0 2000000000000000000000000000000000000000000000000000000080000000 1f 0
256 1 222 1 2000000000000000000000000000000000000000000000000000000080000001 40000000000000000000000000000000000000000000000000000001 1 1 80000000 0 0 2000000000000000000000000000000000000000000000000000000080000000 1f 0
256 1 222 1 2000000000000000000000000000000000000000000000000000000080000001 40000000000000000000000000000000000000000000000000000001 1 1 80000001 0 0 2000000000000000000000000000000000000000000000000000000080000000 1f 0
256 1 222 1 2000000000000000000000000000000000000000000000000000000080000001 80000000000000000000000000000000000000000000000000000002 0 1 2 1 1 2000000000000000000000000000000000000000000000000000000080000000 1f 0
256 1 222 1 2000000000000000000000000000000000000000000000000000000080000001 200000000000000000000000000000000000000000000000000000008000 0 1 8000 f 1 2000000000000000000000000000000000000000000000000000000080000000 1f 0
256 1 222 1 2000000000000000000000000000000000000000000000000000000080000001 2000000000000000000000000000000000000000000000000000000080000000 0 1 80000000 1f 1 2000000000000000000000000000000000000000000000000000000080000000 1f 0
256 1 222 1 3fffffffffffffffffffffffffffffffffffffffffffffffffffffffffffffff 80000000000000000000000000000000000000000000000000000000 0 1 0 0 1 2000000000000000000000000000000000000000000000000000000000000000 1e 0
256 1 222 1 3fffffffffffffffffffffffffffffffffffffffffffffffffffffffffffffff 80000000000000000000000000000000000000000000000000000000 0 1 1 0 1 2000000000000000000000000000000000000000000000000000000000000000 1e 0
256 1 222 1 3fffffffffffffffffffffffffffffffffffffffffffffffffffffffffffffff 80000000000000000000000000000000000000000000000000000000 0 1 80000001 0 1 2000000000000000000000000000000000000000000000000000000000000000 1e 0
256 1 222 1 3fffffffffffffffffffffffffffffffffffffffffffffffffffffffffffffff 80000000000000000000000000000000000000000000000000000000 1 1 0 0 0 2000000000000000000000000000000000000000000000000000000000000000 1e 0
256 1 222 1 3fffffffffffffffffffffffffffffffffffffffffffffffffffffffffffffff 80000000000000000000000000000000000000000000000000000000 1 1 1 0 0 2000000000000000000000000000000000000000000000000000000000000000 1e 0
256 1 222 1 3fffffffffffffffffffffffffffffffffffffffffffffffffffffffffffffff 80000000000000000000000000000000000000000000000000000000 1 1 2 0 0 2000000000000000000000000000000000000000000000000000000000000000 1e 0
256 1 222 1 3fffffffffffffffffffffffffffffffffffffffffffffffffffffffffffffff 80000000000000000000000000000000000000000000000000000000 1 1 8000 0 0 2000000000000000000000000000000000000000000000000000000000000000 1e 0
256 1 222 1 3fffffffffffffffffffffffffffffffffffffffffffffffffffffffffffffff 80000000000000000000000000000000000000000000000000000000 1 1 80000000 0 0 2000000000000000000000000000000000000000000000000000000000000000 1e 0
256 1 222 1 3fffffffffffffffffffffffffffffffffffffffffffffffffffffffffffffff 80000000000000000000000000000000000000000000000000000000 1 1 80000001 0 0 2000000000000000000000000000000000000000000000000000000000000000 1e 0
256 1 222 1 3fffffffffffffffffffffffffffffffffffffffffffffffffffffffffffffff 100000000000000000000000000000000000000000000000000000000 0 1 2 1 1 2000000000000000000000000000000000000000000000000000000000000000 1e 0
256 1 222 1 3fffffffffffffffffffffffffffffffffffffffffffffffffffffffffffffff 400000000000000000000000000000000000000000000000000000000000 0 1 8000 f 1 2000000000000000000000000000000000000000000000000000000000000000 1e 0
256 1 222 1 3fffffffffffffffffffffffffffffffffffffffffffffffffffffffffffffff 4000000000000000000000000000000000000000000000000000000000000000 0 1 0 0 1 4000000000000000000000000000000000000000000000000000000000000000 0 1
256 1 222 1 3fffffffffffffffffffffffffffffffffffffffffffffffffffffffffffffff 4000000000000000000000000000000000000000000000000000000000000000 0 1 1 0 1 4000000000000000000000000000000000000000000000000000000000000000 0 1
256 1 222 1 3fffffffffffffffffffffffffffffffffffffffffffffffffffffffffffffff 4000000000000000000000000000000000000000000000000000000000000000 0 1 80000000 1f 1 2000000000000000000000000000000000000000000000000000000000000000 1e 0
256 1 222 1 3fffffffffffffffffffffffffffffffffffffffffffffffffffffffffffffff 4000000000000000000000000000000000000000000000000000000000000000 0 1 80000001 0 1 4000000000000000000000000000000000000000000000000000000000000000 0 1
256 1 222 1 3fffffffffffffffffffffffffffffffffffffffffffffffffffffffffffffff 4000000000000000000000000000000000000000000000000000000000000000 1 1 0 0 0 4000000000000000000000000000000000000000000000000000000000000000 0 1
256 1 222 1 3fffffffffffffffffffffffffffffffffffffffffffffffffffffffffffffff 4000000000000000000000000000000000000000000000000000000000000000 1 1 1 0 0 4000000000000000000000000000000000000000000000000000000000000000 0 1
256 1 222 1 3fffffffffffffffffffffffffffffffffffffffffffffffffffffffffffffff 4000000000000000000000000000000000000000000000000000000000000000 1 1 2 0 0 4000000000000000000000000000000000000000000000000000000000000000 0 1
256 1 222 1 3fffffffffffffffffffffffffffffffffffffffffffffffffffffffffffffff 4000000000000000000000000000000000000000000000000000000000000000 1 1 8000 0 0 4000000000000000000000000000000000000000000000000000000000000000 0 1
256 1 222 1 3fffffffffffffffffffffffffffffffffffffffffffffffffffffffffffffff 4000000000000000000000000000000000000000000000000000000000000000 1 1 80000000 0 0 4000000000000000000000000000000000000000000000000000000000000000 0 1
256 1 222 1 3fffffffffffffffffffffffffffffffffffffffffffffffffffffffffffffff 4000000000000000000000000000000000000000000000000000000000000000 1 1 80000001 0 0 4000000000000000000000000000000000000000000000000000000000000000 0 1
256 1 222 1 3fffffffffffffffffffffffffffffffffffffffffffffffffffffffffffffff 8000000000000000000000000000000000000000000000000000000000000000 0 1 2 1 1 4000000000000000000000000000000000000000000000000000000000000000 0 1
256 1 222 1 4000000000000000000000000000000000000000000000000000000000000000 80000000000000000000000000000000000000000000000000000000 0 1 0 0 1 4000000000000000000000000000000000000000000000000000000000000000 1f 0
256 1 222 1 4000000000000000000000000000000000000000000000000000000000000000 80000000000000000000000000000000000000000000000000000000 0 1 1 0 1 4000000000000000000000000000000000000000000000000000000000000000 1f 0
256 1 222 1 4000000000000000000000000000000000000000000000000000000000000000 80000000000000000000000000000000000000000000000000000000 0 1 80000001 0 1 4000000000000000000000000000000000000000000000000000000000000000 1f 0
256 1 222 1 4000000000000000000000000000000000000000000000000000000000000000 80000000000000000000000000000000000000000000000000000000 1 1 0 0 0 4000000000000000000000000000000000000000000000000000000000000000 1f 0
256 1 222 1 4000000000000000000000000000000000000000000000000000000000000000 80000000000000000000000000000000000000000000000000000000 1 1 1 0 0 4000000000000000000000000000000000000000000000000000000000000000 1f 0
256 1 222 1 4000000000000000000000000000000000000000000000000000000000000000 80000000000000000000000000000000000000000000000000000000 1 1 2 0 0 4000000000000000000000000000000000000000000000000000000000000000 1f 0
256 1 222 1 4000000000000000000000000000000000000000000000000000000000000000 80000000000000000000000000000000000000000000000000000000 1 1 8000 0 0 4000000000000000000000000000000000000000000000000000000000000000 1f 0
256 1 222 1 4000000000000000000000000000000000000000000000000000000000000000 80000000000000000000000000000000000000000000000000000000 1 1 80000000 0 0 4000000000000000000000000000000000000000000000000000000000000000 1f 0
256 1 222 1 4000000000000000000000000000000000000000000000000000000000000000 80000000000000000000000000000000000000000000000000000000 1 1 80000001 0 0 4000000000000000000000000000000000000000000000000000000000000000 1f 0
256 1 222 1 4000000000000000000000000000000000000000000000000000000000000000 100000000000000000000000000000000000000000000000000000000 0 1 2 1 1 4000000000000000000000000000000000000000000000000000000000000000 1f 0
256 1 222 1 4000000000000000000000000000000000000000000000000000000000000000 400000000000000000000000000000000000000000000000000000000000 0 1 8000 f 1 4000000000000000000000000000000000000000000000000000000000000000 1f 0
256 1 222 1 4000000000000000000000000000000000000000000000000000000000000000 4000000000000000000000000000000000000000000000000000000000000000 0 1 0 0 1 4000000000000000000000000000000000000000000000000000000000000000 0 0
256 1 222 1 4000000000000000000000000000000000000000000000000000000000000000 4000000000000000000000000000000000000000000000000000000000000000 0 1 1 0 1 4000000000000000000000000000000000000000000000000000000000000000 0 0
256 1 222 1 4000000000000000000000000000000000000000000000000000000000000000 4000000000000000000000000000000000000000000000000000000000000000 0 1 80000000 1f 1 4000000000000000000000000000000000000000000000000000000000000000 1f 0
256 1 222 1 4000000000000000000000000000000000000000000000000000000000000000 4000000000000000000000000000000000000000000000000000000000000000 0 1 80000001 0 1 4000000000000000000000000000000000000000000000000000000000000000 0 0
256 1 222 1 4000000000000000000000000000000000000000000000000000000000000000 4000000000000000000000000000000000000000000000000000000000000000 1 1 0 0 0 4000000000000000000000000000000000000000000000000000000000000000 0 0
256 1 222 1 4000000000000000000000000000000000000000000000000000000000000000 4000000000000000000000000000000000000000000000000000000000000000 1 1 1 0 0 4000000000000000000000000000000000000000000000000000000000000000 0 0
256 1 222 1 4000000000000000000000000000000000000000000000000000000000000000 4000000000000000000000000000000000000000000000000000000000000000 1 1 2 0 0 4000000000000000000000000000000000000000000000000000000000000000 0 0
256 1 222 1 4000000000000000000000000000000000000000000000000000000000000000 4000000000000000000000000000000000000000000000000000000000000000 1 1 8000 0 0 4000000000000000000000000000000000000000000000000000000000000000 0 0
256 1 222 1 4000000000000000000000000000000000000000000000000000000000000000 4000000000000000000000000000000000000000000000000000000000000000 1 1 80000000 0 0 4000000000000000000000000000000000000000000000000000000000000000 0 0
256 1 222 1 4000000000000000000000000000000000000000000000000000000000000000 4000000000000000000000000000000000000000000000000000000000000000 1 1 80000001 0 0 4000000000000000000000000000000000000000000000000000000000000000 0 0
256 1 222 1 4000000000000000000000000000000000000000000000000000000000000000 8000000000000000000000000000000000000000000000000000000000000000 0 1 2 1 1 4000000000000000000000000000000000000000000000000000000000000000 0 0
256 1 222 1 4000000000000000000000000000000000000000000000000000000000000001 80000000000000000000000000000000000000000000000000000000 0 1 0 0 1 4000000000000000000000000000000000000000000000000000000000000000 1f 0
256 1 222 1 4000000000000000000000000000000000000000000000000000000000000001 80000000000000000000000000000000000000000000000000000000 0 1 1 0 1 4000000000000000000000000000000000000000000000000000000000000000 1f 0
256 1 222 1 4000000000000000000000000000000000000000000000000000000000000001 80000000000000000000000000000000000000000000000000000000 0 1 80000001 0 1 4000000000000000000000000000000000000000000000000000000000000000 1f 0
256 1 222 1 4000000000000000000000000000000000000000000000000000000000000001 80000000000000000000000000000000000000000000000000000000 1 1 0 0 0 4000000000000000000000000000000000000000000000000000000000000000 1f 0
256 1 222 1 4000000000000000000000000000000000000000000000000000000000000001 80000000000000000000000000000000000000000000000000000000 1 1 1 0 0 4000000000000000000000000000000000000000000000000000000000000000 1f 0
256 1 222 1 4000000000000000000000000000000000000000000000000000000000000001 80000000000000000000000000000000000000000000000000000000 1 1 2 0 0 4000000000000000000000000000000000000000000000000000000000000000 1f 0
256 1 222 1 4000000000000000000000000000000000000000000000000000000000000001 80000000000000000000000000000000000000000000000000000000 1 1 8000 0 0 4000000000000000000000000000000000000000000000000000000000000000 1f 0
256 1 222 1 4000000000000000000000000000000000000000000000000000000000000001 80000000000000000000000000000000000000000000000000000000 1 1 80000000 0 0 4000000000000000000000000000000000000000000000000000000000000000 1f 0
256 1 222 1 4000000000000000000000000000000000000000000000000000000000000001 80000000000000000000000000000000000000000000000000000000 1 1 80000001 0 0 4000000000000000000000000000000000000000000000000000000000000000 1f 0
256 1 222 1 4000000000000000000000000000000000000000000000000000000000000001 100000000000000000000000000000000000000000000000000000000 0 1 2 1 1 4000000000000000000000000000000000000000000000000000000000000000 1f 0
256 1 222 1 4000000000000000000000000000000000000000000000000000000000000001 400000000000000000000000000000000000000000000000000000000000 0 1 8000 f 1 4000000000000000000000000000000000000000000000000000000000000000 1f 0
256 1 222 1 4000000000000000000000000000000000000000000000000000000000000001 4000000000000000000000000000000000000000000000000000000000000000 0 1 0 0 1 4000000000000000000000000000000000000000000000000000000000000000 0 0
256 1 222 1 4000000000000000000000000000000000000000000000000000000000000001 4000000000000000000000000000000000000000000000000000000000000000 0 1 1 0 1 4000000000000000000000000000000000000000000000000000000000000000 0 0
256 1 222 1 4000000000000000000000000000000000000000000000000000000000000001 4000000000000000000000000000000000000000000000000000000000000000 0 1 80000000 1f 1 4000000000000000000000000000000000000000000000000000000000000000 1f 0
256 1 222 1 4000000000000000000000000000000000000000000000000000000000000001 4000000000000000000000000000000000000000000000000000000000000000 0 1 80000001 0 1 4000000000000000000000000000000000000000000000000000000000000000 0 0
256 1 222 1 4000000000000000000000000000000000000000000000000000000000000001 4000000000000000000000000000000000000000000000000000000000000000 1 1 0 0 0 4000000000000000000000000000000000000000000000000000000000000000 0 0
256 1 222 1 4000000000000000000000000000000000000000000000000000000000000001 4000000000000000000000000000000000000000000000000000000000000000 1 1 1 0 0 4000000000000000000000000000000000000000000000000000000000000000 0 0
256 1 222 1 4000000000000000000000000000000000000000000000000000000000000001 4000000000000000000000000000000000000000000000000000000000000000 1 1 2 0 0 4000000000000000000000000000000000000000000000000000000000000000 0 0
256 1 222 1 4000000000000000000000000000000000000000000000000000000000000001 4000000000000000000000000000000000000000000000000000000000000000 1 1 8000 0 0 4000000000000000000000000000000000000000000000000000000000000000 0 0
256 1 222 1 4000000000000000000000000000000000000000000000000000000000000001 4000000000000000000000000000000000000000000000000000000000000000 1 1 80000000 0 0 4000000000000000000000000000000000000000000000000000000000000000 0 0
256 1 222 1 4000000000000000000000000000000000000000000000000000000000000001 4000000000000000000000000000000000000000000000000000000000000000 1 1 80000001 0 0 4000000000000000000000000000000000000000000000000000000000000000 0 0
256 1 222 1 4000000000000000000000000000000000000000000000000000000000000001 8000000000000000000000000000000000000000000000000000000000000000 0 1 2 1 1 4000000000000000000000000000000000000000000000000000000000000000 0 0
256 1 222 1 7fffffffffffffffffffffffffffffffffffffffffffffffffffffffffffffff 4000000000000000000000000000000000000000000000000000000000000000 0 1 0 0 1 4000000000000000000000000000000000000000000000000000000000000000 0 0
256 1 222 1 7fffffffffffffffffffffffffffffffffffffffffffffffffffffffffffffff 4000000000000000000000000000000000000000000000000000000000000000 0 1 1 0 1 4000000000000000000000000000000000000000000000000000000000000000 0 0
256 1 222 1 7fffffffffffffffffffffffffffffffffffffffffffffffffffffffffffffff 4000000000000000000000000000000000000000000000000000000000000000 0 1 80000001 0 1 4000000000000000000000000000000000000000000000000000000000000000 0 0
256 1 222 1 7fffffffffffffffffffffffffffffffffffffffffffffffffffffffffffffff 4000000000000000000000000000000000000000000000000000000000000000 1 1 0 0 0 4000000000000000000000000000000000000000000000000000000000000000 0 0
256 1 222 1 7fffffffffffffffffffffffffffffffffffffffffffffffffffffffffffffff 4000000000000000000000000000000000000000000000000000000000000000 1 1 1 0 0 4000000000000000000000000000000000000000000000000000000000000000 0 0
256 1 222 1 7fffffffffffffffffffffffffffffffffffffffffffffffffffffffffffffff 4000000000000000000000000000000000000000000000000000000000000000 1 1 2 0 0 4000000000000000000000000000000000000000000000000000000000000000 0 0
256 1 222 1 7fffffffffffffffffffffffffffffffffffffffffffffffffffffffffffffff 4000000000000000000000000000000000000000000000000000000000000000 1 1 8000 0 0 4000000000000000000000000000000000000000000000000000000000000000 0 0
256 1 222 1 7fffffffffffffffffffffffffffffffffffffffffffffffffffffffffffffff 4000000000000000000000000000000000000000000000000000000000000000 1 1 80000000 0 0 4000000000000000000000000000000000000000000000000000000000000000 0 0
256 1 222 1 7fffffffffffffffffffffffffffffffffffffffffffffffffffffffffffffff 4000000000000000000000000000000000000000000000000000000000000000 1 1 80000001 0 0 4000000000000000000000000000000000000000000000000000000000000000 0 0
256 1 222 1 7fffffffffffffffffffffffffffffffffffffffffffffffffffffffffffffff 8000000000000000000000000000000000000000000000000000000000000000 0 1 2 1 1 4000000000000000000000000000000000000000000000000000000000000000 0 0
256 1 222 1 8000000000000000000000000000000000000000000000000000000000000000 4000000000000000000000000000000000000000000000000000000000000000 0 1 0 0 1 8000000000000000000000000000000000000000000000000000000000000000 1 0
256 1 222 1 8000000000000000000000000000000000000000000000000000000000000000 4000000000000000000000000000000000000000000000000000000000000000 0 1 1 0 1 8000000000000000000000000000000000000000000000000000000000000000 1 0
256 1 222 1 8000000000000000000000000000000000000000000000000000000000000000 4000000000000000000000000000000000000000000000000000000000000000 0 1 80000001 0 1 8000000000000000000000000000000000000000000000000000000000000000 1 0
256 1 222 1 8000000000000000000000000000000000000000000000000000000000000000 4000000000000000000000000000000000000000000000000000000000000000 1 1 0 0 0 8000000000000000000000000000000000000000000000000000000000000000 1 0
256 1 222 1 8000000000000000000000000000000000000000000000000000000000000000 4000000000000000000000000000000000000000000000000000000000000000 1 1 1 0 0 8000000000000000000000000000000000000000000000000000000000000000 1 0
256 1 222 1 8000000000000000000000000000000000000000000000000000000000000000 4000000000000000000000000000000000000000000000000000000000000000 1 1 2 0 0 8000000000000000000000000000000000000000000000000000000000000000 1 0
256 1 222 1 8000000000000000000000000000000000000000000000000000000000000000 4000000000000000000000000000000000000000000000000000000000000000 1 1 8000 0 0 8000000000000000000000000000000000000000000000000000000000000000 1 0
256 1 222 1 8000000000000000000000000000000000000000000000000000000000000000 4000000000000000000000000000000000000000000000000000000000000000 1 1 80000000 0 0 8000000000000000000000000000000000000000000000000000000000000000 1 0
256 1 222 1 8000000000000000000000000000000000000000000000000000000000000000 4000000000000000000000000000000000000000000000000000000000000000 1 1 80000001 0 0 8000000000000000000000000000000000000000000000000000000000000000 1 0
256 1 222 1 8000000000000000000000000000000000000000000000000000000000000000 8000000000000000000000000000000000000000000000000000000000000000 0 1 2 1 1 8000000000000000000000000000000000000000000000000000000000000000 1 0
256 1 222 1 8000000000000000000000000000000000000000000000000000000000000001 4000000000000000000000000000000000000000000000000000000000000000 0 1 0 0 1 8000000000000000000000000000000000000000000000000000000000000000 1 0
256 1 222 1 8000000000000000000000000000000000000000000000000000000000000001 4000000000000000000000000000000000000000000000000000000000000000 0 1 1 0 1 8000000000000000000000000000000000000000000000000000000000000000 1 0
256 1 222 1 8000000000000000000000000000000000000000000000000000000000000001 4000000000000000000000000000000000000000000000000000000000000000 0 1 80000001 0 1 8000000000000000000000000000000000000000000000000000000000000000 1 0
256 1 222 1 8000000000000000000000000000000000000000000000000000000000000001 4000000000000000000000000000000000000000000000000000000000000000 1 1 0 0 0 8000000000000000000000000000000000000000000000000000000000000000 1 0
256 1 222 1 8000000000000000000000000000000000000000000000000000000000000001 4000000000000000000000000000000000000000000000000000000000000000 1 1 1 0 0 8000000000000000000000000000000000000000000000000000000000000000 1 0
256 1 222 1 8000000000000000000000000000000000000000000000000000000000000001 4000000000000000000000000000000000000000000000000000000000000000 1 1 2 0 0 8000000000000000000000000000000000000000000000000000000000000000 1 0
256 1 222 1 8000000000000000000000000000000000000000000000000000000000000001 4000000000000000000000000000000000000000000000000000000000000000 1 1 8000 0 0 8000000000000000000000000000000000000000000000000000000000000000 1 0
256 1 222 1 8000000000000000000000000000000000000000000000000000000000000001 4000000000000000000000000000000000000000000000000000000000000000 1 1 80000000 0 0 8000000000000000000000000000000000000000000000000000000000000000 1 0
256 1 222 1 8000000000000000000000000000000000000000000000000000000000000001 4000000000000000000000000000000000000000000000000000000000000000 1 1 80000001 0 0 8000000000000000000000000000000000000000000000000000000000000000 1 0
256 1 222 1 8000000000000000000000000000000000000000000000000000000000000001 8000000000000000000000000000000000000000000000000000000000000000 0 1 2 1 1 8000000000000000000000000000000000000000000000000000000000000000 1 0
256 11 212 1 0 100000000000000000000000000000000000000000000000000000 0 1 0 0 1 100000000000000000000000000000000000000000000000000000 0 1
256 11 212 1 0 100000000000000000000000000000000000000000000000000000 0 1 1 0 1 100000000000000000000000000000000000000000000000000000 0 1
256 11 212 1 0 100000000000000000000000000000000000000000000000000000 0 1 80000001 0 1 100000000000000000000000000000000000000000000000000000 0 1
256 11 212 1 0 100000000000000000000000000000000000000000000000000000 2 1 0 0 0 100000000000000000000000000000000000000000000000000000 0 1
256 11 212 1 0 100000000000000000000000000000000000000000000000000000 2 1 1 0 0 100000000000000000000000000000000000000000000000000000 0 1
256 11 212 1 0 100000000000000000000000000000000000000000000000000000 2 1 2 0 0 100000000000000000000000000000000000000000000000000000 0 1
256 11 212 1 0 100000000000000000000000000000000000000000000000000000 2 1 8000 0 0 100000000000000000000000000000000000000000000000000000 0 1
256 11 212 1 0 100000000000000000000000000000000000000000000000000000 2 1 80000000 0 0 100000000000000000000000000000000000000000000000000000 0 1
256 11 212 1 0 100000000000000000000000000000000000000000000000000000 2 1 80000001 0 0 100000000000000000000000000000000000000000000000000000 0 1
256 11 212 1 0 100000000000000000000000000000000000000000000000000001 0 1 0 0 1 100000000000000000000000000000000000000000000000000001 0 1
256 11 212 1 0 100000000000000000000000000000000000000000000000000001 0 1 1 0 1 100000000000000000000000000000000000000000000000000001 0 1
256 11 212 1 0 100000000000000000000000000000000000000000000000000001 0 1 80000001 0 1 100000000000000000000000000000000000000000000000000001 0 1
256 11 212 1 0 100000000000000000000000000000000000000000000000000001 2 1 0 0 0 100000000000000000000000000000000000000000000000000001 0 1
256 11 212 1 0 100000000000000000000000000000000000000000000000000001 2 1 1 0 0 100000000000000000000000000000000000000000000000000001 0 1
256 11 212 1 0 100000000000000000000000000000000000000000000000000001 2 1 2 0 0 100000000000000000000000000000000000000000000000000001 0 1
256 11 212 1 0 100000000000000000000000000000000000000000000000000001 2 1 8000 0 0 100000000000000000000000000000000000000000000000000001 0 1
256 11 212 1 0 100000000000000000000000000000000000000000000000000001 2 1 80000000 0 0 100000000000000000000000000000000000000000000000000001 0 1
256 11 212 1 0 100000000000000000000000000000000000000000000000000001 2 1 80000001 0 0 100000000000000000000000000000000000000000000000000001 0 1
256 11 212 1 0 200000000000000000000000000000000000000000000000000000 0 1 2 1 1 100000000000000000000000000000000000000000000000000000 0 1
256 11 212 1 0 200000000000000000000000000000000000000000000000000002 0 1 2 1 1 100000000000000000000000000000000000000000000000000001 0 1
256 11 212 1 0 80000000000000000000000000000000000000000000000000000000 0 1 0 0 1 80000000000000000000000000000000000000000000000000000000 0 1
256 11 212 1 0 80000000000000000000000000000000000000000000000000000000 0 1 1 0 1 80000000000000000000000000000000000000000000000000000000 0 1
256 11 212 1 0 80000000000000000000000000000000000000000000000000000000 0 1 80000001 0 1 80000000000000000000000000000000000000000000000000000000 0 1
256 11 212 1 0 80000000000000000000000000000000000000000000000000000000 2 1 0 0 0 80000000000000000000000000000000000000000000000000000000 0 1
256 11 212 1 0 80000000000000000000000000000000000000000000000000000000 2 1 1 0 0 80000000000000000000000000000000000000000000000000000000 0 1
256 11 212 1 0 80000000000000000000000000000000000000000000000000000000 2 1 2 0 0 80000000000000000000000000000000000000000000000000000000 0 1
256 11 212 1 0 80000000000000000000000000000000000000000000000000000000 2 1 8000 0 0 80000000000000000000000000000000000000000000000000000000 0 1
256 11 212 1 0 80000000000000000000000000000000000000000000000000000000 2 1 80000000 0 0 80000000000000000000000000000000000000000000000000000000 0 1
256 11 212 1 0 80000000000000000000000000000000000000000000000000000000 2 1 80000001 0 0 80000000000000000000000000000000000000000000000000000000 0 1
256 11 212 1 0 100000000000000000000000000000000000000000000000000000000 0 1 2 1 1 80000000000000000000000000000000000000000000000000000000 0 1
256 11 212 1 0 800000000000000000000000000000000000000000000000000000000 0 1 8000 f 1 100000000000000000000000000000000000000000000000000000 0 1
256 11 212 1 0 800000000000000000000000000000000000000000000000000008000 0 1 8000 f 1 100000000000000000000000000000000000000000000000000001 0 1
256 11 212 1 0 400000000000000000000000000000000000000000000000000000000000 0 1 8000 f 1 80000000000000000000000000000000000000000000000000000000 0 1
256 11 212 1 0 8000000000000000000000000000000000000000000000000000000000000 0 1 80000000 1f 1 100000000000000000000000000000000000000000000000000000 0 1
256 11 212 1 0 8000000000000000000000000000000000000000000000000000080000000 0 1 80000000 1f 1 100000000000000000000000000000000000000000000000000001 0 1
256 11 212 1 0 4000000000000000000000000000000000000000000000000000000000000000 0 1 0 0 1 4000000000000000000000000000000000000000000000000000000000000000 0 1
256 11 212 1 0 4000000000000000000000000000000000000000000000000000000000000000 0 1 1 0 1 4000000000000000000000000000000000000000000000000000000000000000 0 1
256 11 212 1 0 4000000000000000000000000000000000000000000000000000000000000000 0 1 80000000 1f 1 80000000000000000000000000000000000000000000000000000000 0 1
256 11 212 1 0 4000000000000000000000000000000000000000000000000000000000000000 0 1 80000001 0 1 4000000000000000000000000000000000000000000000000000000000000000 0 1
256 11 212 1 0 4000000000000000000000000000000000000000000000000000000000000000 2 1 0 0 0 4000000000000000000000000000000000000000000000000000000000000000 0 1
256 11 212 1 0 4000000000000000000000000000000000000000000000000000000000000000 2 1 1 0 0 4000000000000000000000000000000000000000000000000000000000000000 0 1
256 11 212 1 0 4000000000000000000000000000000000000000000000000000000000000000 2 1 2 0 0 4000000000000000000000000000000000000000000000000000000000000000 0 1
256 11 212 1 0 4000000000000000000000000000000000000000000000000000000000000000 2 1 8000 0 0 4000000000000000000000000000000000000000000000000000000000000000 0 1
256 11 212 1 0 4000000000000000000000000000000000000000000000000000000000000000 2 1 80000000 0 0 4000000000000000000000000000000000000000000000000000000000000000 0 1
256 11 212 1 0 4000000000000000000000000000000000000000000000000000000000000000 2 1 80000001 0 0 4000000000000000000000000000000000000000000000000000000000000000 0 1
256 11 212 1 0 8000000000000000000000000000000000000000000000000000000000000000 0 1 2 1 1 4000000000000000000000000000000000000000000000000000000000000000 0 1
256 11 212 1 fffffffffffffffffffffffffffffffffffffffffffffffffffff 100000000000000000000000000000000000000000000000000000 0 1 0 0 1 100000000000000000000000000000000000000000000000000000 0 1
256 11 212 1 fffffffffffffffffffffffffffffffffffffffffffffffffffff 100000000000000000000000000000000000000000000000000000 0 1 1 0 1 100000000000000000000000000000000000000000000000000000 0 1
256 11 212 1 fffffffffffffffffffffffffffffffffffffffffffffffffffff 100000000000000000000000000000000000000000000000000000 0 1 80000001 0 1 100000000000000000000000000000000000000000000000000000 0 1
256 11 212 1 fffffffffffffffffffffffffffffffffffffffffffffffffffff 100000000000000000000000000000000000000000000000000000 2 1 0 0 0 100000000000000000000000000000000000000000000000000000 0 1
256 11 212 1 fffffffffffffffffffffffffffffffffffffffffffffffffffff 100000000000000000000000000000000000000000000000000000 2 1 1 0 0 100000000000000000000000000000000000000000000000000000 0 1
256 11 212 1 fffffffffffffffffffffffffffffffffffffffffffffffffffff 100000000000000000000000000000000000000000000000000000 2 1 2 0 0 100000000000000000000000000000000000000000000000000000 0 1
256 11 212 1 fffffffffffffffffffffffffffffffffffffffffffffffffffff 100000000000000000000000000000000000000000000000000000 2 1 8000 0 0 100000000000000000000000000000000000000000000000000000 0 1
256 11 212 1 fffffffffffffffffffffffffffffffffffffffffffffffffffff 100000000000000000000000000000000000000000000000000000 2 1 80000000 0 0 100000000000000000000000000000000000000000000000000000 0 1
256 11 212 1 fffffffffffffffffffffffffffffffffffffffffffffffffffff 100000000000000000000000000000000000000000000000000000 2 1 80000001 0 0 100000000000000000000000000000000000000000000000000000 0 1
256 11 212 1 fffffffffffffffffffffffffffffffffffffffffffffffffffff 200000000000000000000000000000000000000000000000000000 0 1 2 1 1 100000000000000000000000000000000000000000000000000000 0 1
256 11 212 1 fffffffffffffffffffffffffffffffffffffffffffffffffffff 800000000000000000000000000000000000000000000000000000000 0 1 8000 f 1 100000000000000000000000000000000000000000000000000000 0 1
256 11 212 1 fffffffffffffffffffffffffffffffffffffffffffffffffffff 8000000000000000000000000000000000000000000000000000000000000 0 1 80000000 1f 1 100000000000000000000000000000000000000000000000000000 0 1
256 11 212 1 100000000000000000000000000000000000000000000000000000 100000000000000000000000000000000000000000000000000000 0 1 0 0 1 100000000000000000000000000000000000000000000000000000 0 0
256 11 212 1 100000000000000000000000000000000000000000000000000000 100000000000000000000000000000000000000000000000000000 0 1 1 0 1 100000000000000000000000000000000000000000000000000000 0 0
256 11 212 1 100000000000000000000000000000000000000000000000000000 100000000000000000000000000000000000000000000000000000 0 1 80000001 0 1 100000000000000000000000000000000000000000000000000000 0 0
256 11 212 1 100000000000000000000000000000000000000000000000000000 100000000000000000000000000000000000000000000000000000 2 1 0 0 0 100000000000000000000000000000000000000000000000000000 0 0
256 11 212 1 100000000000000000000000000000000000000000000000000000 100000000000000000000000000000000000000000000000000000 2 1 1 0 0 100000000000000000000000000000000000000000000000000000 0 0
256 11 212 1 100000000000000000000000000000000000000000000000000000 100000000000000000000000000000000000000000000000000000 2 1 2 0 0 100000000000000000000000000000000000000000000000000000 0 0
256 11 212 1 100000000000000000000000000000000000000000000000000000 100000000000000000000000000000000000000000000000000000 2 1 8000 0 0 100000000000000000000000000000000000000000000000000000 0 0
256 11 212 1 100000000000000000000000000000000000000000000000000000 100000000000000000000000000000000000000000000000000000 2 1 80000000 0 0 100000000000000000000000000000000000000000000000000000 0 0
256 11 212 1 100000000000000000000000000000000000000000000000000000 100000000000000000000000000000000000000000000000000000 2 1 80000001 0 0 100000000000000000000000000000000000000000000000000000 0 0
256 11 212 1 100000000000000000000000000000000000000000000000000000 100000000000000000000000000000000000000000000000000001 0 1 0 0 1 100000000000000000000000000000000000000000000000000001 0 1
256 11 212 1 100000000000000000000000000000000000000000000000000000 100000000000000000000000000000000000000000000000000001 0 1 1 0 1 100000000000000000000000000000000000000000000000000001 0 1
256 11 212 1 100000000000000000000000000000000000000000000000000000 100000000000000000000000000000000000000000000000000001 0 1 80000001 0 1 100000000000000000000000000000000000000000000000000001 0 1
256 11 212 1 100000000000000000000000000000000000000000000000000000 100000000000000000000000000000000000000000000000000001 2 1 0 0 0 100000000000000000000000000000000000000000000000000001 0 1
256 11 212 1 100000000000000000000000000000000000000000000000000000 100000000000000000000000000000000000000000000000000001 2 1 1 0 0 100000000000000000000000000000000000000000000000000001 0 1
256 11 212 1 100000000000000000000000000000000000000000000000000000 100000000000000000000000000000000000000000000000000001 2 1 2 0 0 100000000000000000000000000000000000000000000000000001 0 1
256 11 212 1 100000000000000000000000000000000000000000000000000000 100000000000000000000000000000000000000000000000000001 2 1 8000 0 0 100000000000000000000000000000000000000000000000000001 0 1
256 11 212 1 100000000000000000000000000000000000000000000000000000 100000000000000000000000000000000000000000000000000001 2 1 80000000 0 0 100000000000000000000000000000000000000000000000000001 0 1
256 11 212 1 100000000000000000000000000000000000000000000000000000 100000000000000000000000000000000000000000000000000001 2 1 80000001 0 0 100000000000000000000000000000000000000000000000000001 0 1
256 11 212 1 100000000000000000000000000000000000000000000000000000 200000000000000000000000000000000000000000000000000000 0 1 2 1 1 100000000000000000000000000000000000000000000000000000 0 0
256 11 212 1 100000000000000000000000000000000000000000000000000000 200000000000000000000000000000000000000000000000000002 0 1 2 1 1 100000000000000000000000000000000000000000000000000001 0 1
256 11 212 1 100000000000000000000000000000000000000000000000000000 800000000000000000000000000000000000000000000000000000000 0 1 8000 f 1 100000000000000000000000000000000000000000000000000000 0 0
256 11 212 1 100000000000000000000000000000000000000000000000000000 800000000000000000000000000000000000000000000000000008000 0 1 8000 f 1 100000000000000000000000000000000000000000000000000001 0 1
256 11 212 1 100000000000000000000000000000000000000000000000000000 8000000000000000000000000000000000000000000000000000000000000 0 1 80000000 1f 1 100000000000000000000000000000000000000000000000000000 0 0
256 11 212 1 100000000000000000000000000000000000000000000000000000 8000000000000000000000000000000000000000000000000000080000000 0 1 80000000 1f 1 100000000000000000000000000000000000000000000000000001 0 1
256 11 212 1 100000000000000000000000000000000000000000000000000001 100000000000000000000000000000000000000000000000000000 0 1 0 0 1 100000000000000000000000000000000000000000000000000000 0 0
256 11 212 1 100000000000000000000000000000000000000000000000000001 100000000000000000000000000000000000000000000000000000 0 1 1 0 1 100000000000000000000000000000000000000000000000000000 0 0
256 11 212 1 100000000000000000000000000000000000000000000000000001 100000000000000000000000000000000000000000000000000000 0 1 80000001 0 1 100000000000000000000000000000000000000000000000000000 0 0
256 11 212 1 100000000000000000000000000000000000000000000000000001 100000000000000000000000000000000000000000000000000000 2 1 0 0 0 100000000000000000000000000000000000000000000000000000 0 0
256 11 212 1 100000000000000000000000000000000000000000000000000001 100000000000000000000000000000000000000000000000000000 2 1 1 0 0 100000000000000000000000000000000000000000000000000000 0 0
256 11 212 1 100000000000000000000000000000000000000000000000000001 100000000000000000000000000000000000000000000000000000 2 1 2 0 0 100000000000000000000000000000000000000000000000000000 0 0
256 11 212 1 100000000000000000000000000000000000000000000000000001 100000000000000000000000000000000000000000000000000000 2 1 8000 0 0 100000000000000000000000000000000000000000000000000000 0 0
256 11 212 1 100000000000000000000000000000000000000000000000000001 100000000000000000000000000000000000000000000000000000 2 1 80000000 0 0 100000000000000000000000000000000000000000000000000000 0 0
256 11 212 1 100000000000000000000000000000000000000000000000000001 100000000000000000000000000000000000000000000000000000 2 1 80000001 0 0 100000000000000000000000000000000000000000000000000000 0 0
256 11 212 1 100000000000000000000000000000000000000000000000000001 100000000000000000000000000000000000000000000000000001 0 1 0 0 1 100000000000000000000000000000000000000000000000000001 0 0
256 11 212 1 100000000000000000000000000000000000000000000000000001 100000000000000000000000000000000000000000000000000001 0 1 1 0 1 100000000000000000000000000000000000000000000000000001 0 0
256 11 212 1 100000000000000000000000000000000000000000000000000001 100000000000000000000000000000000000000000000000000001 0 1 80000001 0 1 100000000000000000000000000000000000000000000000000001 0 0
256 11 212 1 100000000000000000000000000000000000000000000000000001 100000000000000000000000000000000000000000000000000001 2 1 0 0 0 100000000000000000000000000000000000000000000000000001 0 0
256 11 212 1 100000000000000000000000000000000000000000000000000001 100000000000000000000000000000000000000000000000000001 2 1 1 0 0 100000000000000000000000000000000000000000000000000001 0 0
256 11 212 1 100000000000000000000000000000000000000000000000000001 100000000000000000000000000000000000000000000000000001 2 1 2 0 0 100000000000000000000000000000000000000000000000000001 0 0
256 11 212 1 100000000000000000000000000000000000000000000000000001 100000000000000000000000000000000000000000000000000001 2 1 8000 0 0 100000000000000000000000000000000000000000000000000001 0 0
256 11 212 1 100000000000000000000000000000000000000000000000000001 100000000000000000000000000000000000000000000000000001 2 1 80000000 0 0 100000000000000000000000000000000000000000000000000001 0 0
256 11 212 1 100000000000000000000000000000000000000000000000000001 100000000000000000000000000000000000000000000000000001 2 1 80000001 0 0 100000000000000000000000000000000000000000000000000001 0 0
256 11 212 1 100000000000000000000000000000000000000000000000000001 200000000000000000000000000000000000000000000000000000 0 1 2 1 1 100000000000000000000000000000000000000000000000000000 0 0
256 11 212 1 100000000000000000000000000000000000000000000000000001 200000000000000000000000000000000000000000000000000002 0 1 2 1 1 100000000000000000000000000000000000000000000000000001 0 0
256 11 212 1 100000000000000000000000000000000000000000000000000001 800000000000000000000000000000000000000000000000000000000 0 1 8000 f 1 100000000000000000000000000000000000000000000000000000 0 0
256 11 212 1 100000000000000000000000000000000000000000000000000001 800000000000000000000000000000000000000000000000000008000 0 1 8000 f 1 100000000000000000000000000000000000000000000000000001 0 0
256 11 212 1 100000000000000000000000000000000000000000000000000001 8000000000000000000000000000000000000000000000000000000000000 0 1 80000000 1f 1 100000000000000000000000000000000000000000000000000000 0 0
256 11 212 1 100000000000000000000000000000000000000000000000000001 8000000000000000000000000000000000000000000000000000080000000 0 1 80000000 1f 1 100000000000000000000000000000000000000000000000000001 0 0
256 11 212 1 100000000000000000000000000000000000000000000000000002 100000000000000000000000000000000000000000000000000001 0 1 0 0 1 100000000000000000000000000000000000000000000000000001 0 0
256 11 212 1 100000000000000000000000000000000000000000000000000002 100000000000000000000000000000000000000000000000000001 0 1 1 0 1 100000000000000000000000000000000000000000000000000001 0 0
256 11 212 1 100000000000000000000000000000000000000000000000000002 100000000000000000000000000000000000000000000000000001 0 1 80000001 0 1 100000000000000000000000000000000000000000000000000001 0 0
256 11 212 1 100000000000000000000000000000000000000000000000000002 100000000000000000000000000000000000000000000000000001 2 1 0 0 0 100000000000000000000000000000000000000000000000000001 0 0
256 11 212 1 100000000000000000000000000000000000000000000000000002 100000000000000000000000000000000000000000000000000001 2 1 1 0 0 100000000000000000000000000000000000000000000000000001 0 0
256 11 212 1 100000000000000000000000000000000000000000000000000002 100000000000000000000000000000000000000000000000000001 2 1 2 0 0 100000000000000000000000000000000000000000000000000001 0 0
256 11 212 1 100000000000000000000000000000000000000000000000000002 100000000000000000000000000000000000000000000000000001 2 1 8000 0 0 100000000000000000000000000000000000000000000000000001 0 0
256 11 212 1 100000000000000000000000000000000000000000000000000002 100000000000000000000000000000000000000000000000000001 2 1 80000000 0 0 100000000000000000000000000000000000000000000000000001 0 0
256 11 212 1 100000000000000000000000000000000000000000000000000002 100000000000000000000000000000000000000000000000000001 2 1 80000001 0 0 100000000000000000000000000000000000000000000000000001 0 0
256 11 212 1 100000000000000000000000000000000000000000000000000002 200000000000000000000000000000000000000000000000000002 0 1 2 1 1 100000000000000000000000000000000000000000000000000001 0 0
256 11 212 1 100000000000000000000000000000000000000000000000000002 800000000000000000000000000000000000000000000000000008000 0 1 8000 f 1 100000000000000000000000000000000000000000000000000001 0 0
256 11 212 1 100000000000000000000000000000000000000000000000000002 8000000000000000000000000000000000000000000000000000080000000 0 1 80000000 1f 1 100000000000000000000000000000000000000000000000000001 0 0
256 11 212 1 1fffffffffffffffffffffffffffffffffffffffffffffffffffff 100000000000000000000000000000000000000000000000000000 0 1 0 0 1 100000000000000000000000000000000000000000000000000000 0 0
256 11 212 1 1fffffffffffffffffffffffffffffffffffffffffffffffffffff 100000000000000000000000000000000000000000000000000000 0 1 1 0 1 100000000000000000000000000000000000000000000000000000 0 0
256 11 212 1 1fffffffffffffffffffffffffffffffffffffffffffffffffffff 100000000000000000000000000000000000000000000000000000 0 1 80000001 0 1 100000000000000000000000000000000000000000000000000000 0 0
256 11 212 1 1fffffffffffffffffffffffffffffffffffffffffffffffffffff 100000000000000000000000000000000000000000000000000000 2 1 0 0 0 100000000000000000000000000000000000000000000000000000 0 0
256 11 212 1 1fffffffffffffffffffffffffffffffffffffffffffffffffffff 100000000000000000000000000000000000000000000000000000 2 1 1 0 0 100000000000000000000000000000000000000000000000000000 0 0
256 11 212 1 1fffffffffffffffffffffffffffffffffffffffffffffffffffff 100000000000000000000000000000000000000000000000000000 2 1 2 0 0 100000000000000000000000000000000000000000000000000000 0 0
256 11 212 1 1fffffffffffffffffffffffffffffffffffffffffffffffffffff 100000000000000000000000000000000000000000000000000000 2 1 8000 0 0 100000000000000000000000000000000000000000000000000000 0 0
256 11 212 1 1fffffffffffffffffffffffffffffffffffffffffffffffffffff 100000000000000000000000000000000000000000000000000000 2 1 80000000 0 0 100000000000000000000000000000000000000000000000000000 0 0
256 11 212 1 1fffffffffffffffffffffffffffffffffffffffffffffffffffff 100000000000000000000000000000000000000000000000000000 2 1 80000001 0 0 100000000000000000000000000000000000000000000000000000 0 0
256 11 212 1 1fffffffffffffffffffffffffffffffffffffffffffffffffffff 200000000000000000000000000000000000000000000000000000 0 1 2 1 1 100000000000000000000000000000000000000000000000000000 0 0
256 11 212 1 1fffffffffffffffffffffffffffffffffffffffffffffffffffff 800000000000000000000000000000000000000000000000000000000 0 1 8000 f 1 100000000000000000000000000000000000000000000000000000 0 0
256 11 212 1 1fffffffffffffffffffffffffffffffffffffffffffffffffffff 8000000000000000000000000000000000000000000000000000000000000 0 1 80000000 1f 1 100000000000000000000000000000000000000000000000000000 0 0
256 11 212 1 200000000000000000000000000000000000000000000000000000 100000000000000000000000000000000000000000000000000000 0 1 0 0 1 200000000000000000000000000000000000000000000000000000 1 0
256 11 212 1 200000000000000000000000000000000000000000000000000000 100000000000000000000000000000000000000000000000000000 0 1 1 0 1 200000000000000000000000000000000000000000000000000000 1 0
256 11 212 1 200000000000000000000000000000000000000000000000000000 100000000000000000000000000000000000000000000000000000 0 1 80000001 0 1 200000000000000000000000000000000000000000000000000000 1 0
256 11 212 1 200000000000000000000000000000000000000000000000000000 100000000000000000000000000000000000000000000000000000 2 1 0 0 0 200000000000000000000000000000000000000000000000000000 1 0
256 11 212 1 200000000000000000000000000000000000000000000000000000 100000000000000000000000000000000000000000000000000000 2 1 1 0 0 200000000000000000000000000000000000000000000000000000 1 0
256 11 212 1 200000000000000000000000000000000000000000000000000000 100000000000000000000000000000000000000000000000000000 2 1 2 0 0 200000000000000000000000000000000000000000000000000000 1 0
256 11 212 1 200000000000000000000000000000000000000000000000000000 100000000000000000000000000000000000000000000000000000 2 1 8000 0 0 200000000000000000000000000000000000000000000000000000 1 0
256 11 212 1 200000000000000000000000000000000000000000000000000000 100000000000000000000000000000000000000000000000000000 2 1 80000000 0 0 200000000000000000000000000000000000000000000000000000 1 0
256 11 212 1 200000000000000000000000000000000000000000000000000000 100000000000000000000000000000000000000000000000000000 2 1 80000001 0 0 200000000000000000000000000000000000000000000000000000 1 0
256 11 212 1 200000000000000000000000000000000000000000000000000000 200000000000000000000000000000000000000000000000000000 0 1 2 1 1 200000000000000000000000000000000000000000000000000000 1 0
256 11 212 1 200000000000000000000000000000000000000000000000000000 800000000000000000000000000000000000000000000000000000000 0 1 8000 f 1 200000000000000000000000000000000000000000000000000000 1 0
256 11 212 1 200000000000000000000000000000000000000000000000000000 8000000000000000000000000000000000000000000000000000000000000 0 1 80000000 1f 1 200000000000000000000000000000000000000000000000000000 1 0
256 11 212 1 200000000000000000000000000000000000000000000000000001 100000000000000000000000000000000000000000000000000000 0 1 0 0 1 200000000000000000000000000000000000000000000000000000 1 0
256 11 212 1 200000000000000000000000000000000000000000000000000001 100000000000000000000000000000000000000000000000000000 0 1 1 0 1 200000000000000000000000000000000000000000000000000000 1 0
256 11 212 1 200000000000000000000000000000000000000000000000000001 100000000000000000000000000000000000000000000000000000 0 1 80000001 0 1 200000000000000000000000000000000000000000000000000000 1 0
256 11 212 1 200000000000000000000000000000000000000000000000000001 100000000000000000000000000000000000000000000000000000 2 1 0 0 0 200000000000000000000000000000000000000000000000000000 1 0
256 11 212 1 200000000000000000000000000000000000000000000000000001 100000000000000000000000000000000000000000000000000000 2 1 1 0 0 200000000000000000000000000000000000000000000000000000 1 0
256 11 212 1 200000000000000000000000000000000000000000000000000001 100000000000000000000000000000000000000000000000000000 2 1 2 0 0 200000000000000000000000000000000000000000000000000000 1 0
256 11 212 1 200000000000000000000000000000000000000000000000000001 100000000000000000000000000000000000000000000000000000 2 1 8000 0 0 200000000000000000000000000000000000000000000000000000 1 0
256 11 212 1 200000000000000000000000000000000000000000000000000001 100000000000000000000000000000000000000000000000000000 2 1 80000000 0 0 200000000000000000000000000000000000000000000000000000 1 0
256 11 212 1 200000000000000000000000000000000000000000000000000001 100000000000000000000000000000000000000000000000000000 2 1 80000001 0 0 200000000000000000000000000000000000000000000000000000 1 0
256 11 212 1 200000000000000000000000000000000000000000000000000001 100000000000000000000000000000000000000000000000000001 0 1 0 0 1 100000000000000000000000000000000000000000000000000001 0 0
256 11 212 1 200000000000000000000000000000000000000000000000000001 100000000000000000000000000000000000000000000000000001 0 1 1 0 1 100000000000000000000000000000000000000000000000000001 0 0
256 11 212 1 200000000000000000000000000000000000000000000000000001 100000000000000000000000000000000000000000000000000001 0 1 80000001 0 1 100000000000000000000000000000000000000000000000000001 0 0
256 11 212 1 200000000000000000000000000000000000000000000000000001 100000000000000000000000000000000000000000000000000001 2 1 0 0 0 100000000000000000000000000000000000000000000000000001 0 0
256 11 212 1 200000000000000000000000000000000000000000000000000001 100000000000000000000000000000000000000000000000000001 2 1 1 0 0 100000000000000000000000000000000000000000000000000001 0 0
256 11 212 1 200000000000000000000000000000000000000000000000000001 100000000000000000000000000000000000000000000000000001 2 1 2 0 0 100000000000000000000000000000000000000000000000000001 0 0
256 11 212 1 200000000000000000000000000000000000000000000000000001 100000000000000000000000000000000000000000000000000001 2 1 8000 0 0 100000000000000000000000000000000000000000000000000001 0 0
256 11 212 1 200000000000000000000000000000000000000000000000000001 100000000000000000000000000000000000000000000000000001 2 1 80000000 0 0 100000000000000000000000000000000000000000000000000001 0 0
256 11 212 1 200000000000000000000000000000000000000000000000000001 100000000000000000000000000000000000000000000000000001 2 1 80000001 0 0 100000000000000000000000000000000000000000000000000001 0 0
256 11 212 1 200000000000000000000000000000000000000000000000000001 200000000000000000000000000000000000000000000000000000 0 1 2 1 1 200000000000000000000000000000000000000000000000000000 1 0
256 11 212 1 200000000000000000000000000000000000000000000000000001 200000000000000000000000000000000000000000000000000002 0 1 2 1 1 100000000000000000000000000000000000000000000000000001 0 0
256 11 212 1 200000000000000000000000000000000000000000000000000001 800000000000000000000000000000000000000000000000000000000 0 1 8000 f 1 200000000000000000000000000000000000000000000000000000 1 0
256 11 212 1 200000000000000000000000000000000000000000000000000001 800000000000000000000000000000000000000000000000000008000 0 1 8000 f 1 100000000000000000000000000000000000000000000000000001 0 0
256 11 212 1 200000000000000000000000000000000000000000000000000001 8000000000000000000000000000000000000000000000000000000000000 0 1 80000000 1f 1 200000000000000000000000000000000000000000000000000000 1 0
256 11 212 1 200000000000000000000000000000000000000000000000000001 8000000000000000000000000000000000000000000000000000080000000 0 1 80000000 1f 1 100000000000000000000000000000000000000000000000000001 0 0
256 11 212 1 200000000000000000000000000000000000000000000000000002 100000000000000000000000000000000000000000000000000001 0 1 0 0 1 200000000000000000000000000000000000000000000000000002 1 0
256 11 212 1 200000000000000000000000000000000000000000000000000002 100000000000000000000000000000000000000000000000000001 0 1 1 0 1 200000000000000000000000000000000000000000000000000002 1 0
256 11 212 1 200000000000000000000000000000000000000000000000000002 100000000000000000000000000000000000000000000000000001 0 1 80000001 0 1 200000000000000000000000000000000000000000000000000002 1 0
256 11 212 1 200000000000000000000000000000000000000000000000000002 100000000000000000000000000000000000000000000000000001 2 1 0 0 0 200000000000000000000000000000000000000000000000000002 1 0
256 11 212 1 200000000000000000000000000000000000000000000000000002 100000000000000000000000000000000000000000000000000001 2 1 1 0 0 200000000000000000000000000000000000000000000000000002 1 0
256 11 212 1 200000000000000000000000000000000000000000000000000002 100000000000000000000000000000000000000000000000000001 2 1 2 0 0 200000000000000000000000000000000000000000000000000002 1 0
256 11 212 1 200000000000000000000000000000000000000000000000000002 100000000000000000000000000000000000000000000000000001 2 1 8000 0 0 200000000000000000000000000000000000000000000000000002 1 0
256 11 212 1 200000000000000000000000000000000000000000000000000002 100000000000000000000000000000000000000000000000000001 2 1 80000000 0 0 200000000000000000000000000000000000000000000000000002 1 0
256 11 212 1 200000000000000000000000000000000000000000000000000002 100000000000000000000000000000000000000000000000000001 2 1 80000001 0 0 200000000000000000000000000000000000000000000000000002 1 0
256 11 212 1 200000000000000000000000000000000000000000000000000002 200000000000000000000000000000000000000000000000000002 0 1 2 1 1 200000000000000000000000000000000000000000000000000002 1 0
256 11 212 1 200000000000000000000000000000000000000000000000000002 800000000000000000000000000000000000000000000000000008000 0 1 8000 f 1 200000000000000000000000000000000000000000000000000002 1 0
256 11 212 1 200000000000000000000000000000000000000000000000000002 8000000000000000000000000000000000000000000000000000080000000 0 1 80000000 1f 1 200000000000000000000000000000000000000000000000000002 1 0
256 11 212 1 200000000000000000000000000000000000000000000000000003 100000000000000000000000000000000000000000000000000001 0 1 0 0 1 200000000000000000000000000000000000000000000000000002 1 0
256 11 212 1 200000000000000000000000000000000000000000000000000003 100000000000000000000000000000000000000000000000000001 0 1 1 0 1 200000000000000000000000000000000000000000000000000002 1 0
256 11 212 1 200000000000000000000000000000000000000000000000000003 100000000000000000000000000000000000000000000000000001 0 1 80000001 0 1 200000000000000000000000000000000000000000000000000002 1 0
256 11 212 1 200000000000000000000000000000000000000000000000000003 100000000000000000000000000000000000000000000000000001 2 1 0 0 0 200000000000000000000000000000000000000000000000000002 1 0
256 11 212 1 200000000000000000000000000000000000000000000000000003 100000000000000000000000000000000000000000000000000001 2 1 1 0 0 200000000000000000000000000000000000000000000000000002 1 0
256 11 212 1 200000000000000000000000000000000000000000000000000003 100000000000000000000000000000000000000000000000000001 2 1 2 0 0 200000000000000000000000000000000000000000000000000002 1 0
256 11 212 1 200000000000000000000000000000000000000000000000000003 100000000000000000000000000000000000000000000000000001 2 1 8000 0 0 200000000000000000000000000000000000000000000000000002 1 0
256 11 212 1 200000000000000000000000000000000000000000000000000003 100000000000000000000000000000000000000000000000000001 2 1 80000000 0 0 200000000000000000000000000000000000000000000000000002 1 0
256 11 212 1 200000000000000000000000000000000000000000000000000003 100000000000000000000000000000000000000000000000000001 2 1 80000001 0 0 200000000000000000000000000000000000000000000000000002 1 0
256 11 212 1 200000000000000000000000000000000000000000000000000003 200000000000000000000000000000000000000000000000000002 0 1 2 1 1 200000000000000000000000000000000000000000000000000002 1 0
256 11 212 1 200000000000000000000000000000000000000000000000000003 800000000000000000000000000000000000000000000000000008000 0 1 8000 f 1 200000000000000000000000000000000000000000000000000002 1 0
256 11 212 1 200000000000000000000000000000000000000000000000000003 8000000000000000000000000000000000000000000000000000080000000 0 1 80000000 1f 1 200000000000000000000000000000000000000000000000000002 1 0
256 11 212 1 7fffffffffffffffffffffffffffffffffffffffffffffffffffffff 80000000000000000000000000000000000000000000000000000000 0 1 0 0 1 80000000000000000000000000000000000000000000000000000000 0 1
256 11 212 1 7fffffffffffffffffffffffffffffffffffffffffffffffffffffff 80000000000000000000000000000000000000000000000000000000 0 1 1 0 1 80000000000000000000000000000000000000000000000000000000 0 1
256 11 212 1 7fffffffffffffffffffffffffffffffffffffffffffffffffffffff 80000000000000000000000000000000000000000000000000000000 0 1 80000001 0 1 80000000000000000000000000000000000000000000000000000000 0 1
256 11 212 1 7fffffffffffffffffffffffffffffffffffffffffffffffffffffff 80000000000000000000000000000000000000000000000000000000 2 1 0 0 0 80000000000000000000000000000000000000000000000000000000 0 1
256 11 212 1 7fffffffffffffffffffffffffffffffffffffffffffffffffffffff 80000000000000000000000000000000000000000000000000000000 2 1 1 0 0 80000000000000000000000000000000000000000000000000000000 0 1
256 11 212 1 7fffffffffffffffffffffffffffffffffffffffffffffffffffffff 80000000000000000000000000000000000000000000000000000000 2 1 2 0 0 80000000000000000000000000000000000000000000000000000000 0 1
256 11 212 1 7fffffffffffffffffffffffffffffffffffffffffffffffffffffff 80000000000000000000000000000000000000000000000000000000 2 1 8000 0 0 80000000000000000000000000000000000000000000000000000000 0 1
256 11 212 1 7fffffffffffffffffffffffffffffffffffffffffffffffffffffff 80000000000000000000000000000000000000000000000000000000 2 1 80000000 0 0 80000000000000000000000000000000000000000000000000000000 0 1
256 11 212 1 7fffffffffffffffffffffffffffffffffffffffffffffffffffffff 80000000000000000000000000000000000000000000000000000000 2 1 80000001 0 0 80000000000000000000000000000000000000000000000000000000 0 1
256 11 212 1 7fffffffffffffffffffffffffffffffffffffffffffffffffffffff 100000000000000000000000000000000000000000000000000000000 0 1 2 1 1 80000000000000000000000000000000000000000000000000000000 0 1
256 11 212 1 7fffffffffffffffffffffffffffffffffffffffffffffffffffffff 400000000000000000000000000000000000000000000000000000000000 0 1 8000 f 1 80000000000000000000000000000000000000000000000000000000 0 1
256 11 212 1 7fffffffffffffffffffffffffffffffffffffffffffffffffffffff 4000000000000000000000000000000000000000000000000000000000000000 0 1 80000000 1f 1 80000000000000000000000000000000000000000000000000000000 0 1
256 11 212 1 80000000000000000000000000000000000000000000000000000000 80000000000000000000000000000000000000000000000000000000 0 1 0 0 1 80000000000000000000000000000000000000000000000000000000 0 0
256 11 212 1 80000000000000000000000000000000000000000000000000000000 80000000000000000000000000000000000000000000000000000000 0 1 1 0 1 80000000000000000000000000000000000000000000000000000000 0 0
256 11 212 1 80000000000000000000000000000000000000000000000000000000 80000000000000000000000000000000000000000000000000000000 0 1 80000001 0 1 80000000000000000000000000000000000000000000000000000000 0 0
256 11 212 1 80000000000000000000000000000000000000000000000000000000 80000000000000000000000000000000000000000000000000000000 2 1 0 0 0 80000000000000000000000000000000000000000000000000000000 0 0
256 11 212 1 80000000000000000000000000000000000000000000000000000000 80000000000000000000000000000000000000000000000000000000 2 1 1 0 0 80000000000000000000000000000000000000000000000000000000 0 0
256 11 212 1 80000000000000000000000000000000000000000000000000000000 80000000000000000000000000000000000000000000000000000000 2 1 2 0 0 80000000000000000000000000000000000000000000000000000000 0 0
256 11 212 1 80000000000000000000000000000000000000000000000000000000 80000000000000000000000000000000000000000000000000000000 2 1 8000 0 0 80000000000000000000000000000000000000000000000000000000 0 0
256 11 212 1 80000000000000000000000000000000000000000000000000000000 80000000000000000000000000000000000000000000000000000000 2 1 80000000 0 0 80000000000000000000000000000000000000000000000000000000 0 0
256 11 212 1 80000000000000000000000000000000000000000000000000000000 80000000000000000000000000000000000000000000000000000000 2 1 80000001 0 0 80000000000000000000000000000000000000000000000000000000 0 0
256 11 212 1 80000000000000000000000000000000000000000000000000000000 100000000000000000000000000000000000000000000000000000000 0 1 2 1 1 80000000000000000000000000000000000000000000000000000000 0 0
256 11 212 1 80000000000000000000000000000000000000000000000000000000 400000000000000000000000000000000000000000000000000000000000 0 1 8000 f 1 80000000000000000000000000000000000000000000000000000000 0 0
256 11 212 1 80000000000000000000000000000000000000000000000000000000 4000000000000000000000000000000000000000000000000000000000000000 0 1 80000000 1f 1 80000000000000000000000000000000000000000000000000000000 0 0
256 11 212 1 80000000000000000000000000000000000000000000000000000001 80000000000000000000000000000000000000000000000000000000 0 1 0 0 1 80000000000000000000000000000000000000000000000000000000 0 0
256 11 212 1 80000000000000000000000000000000000000000000000000000001 80000000000000000000000000000000000000000000000000000000 0 1 1 0 1 80000000000000000000000000000000000000000000000000000000 0 0
256 11 212 1 80000000000000000000000000000000000000000000000000000001 80000000000000000000000000000000000000000000000000000000 0 1 80000001 0 1 80000000000000000000000000000000000000000000000000000000 0 0
256 11 212 1 80000000000000000000000000000000000000000000000000000001 80000000000000000000000000000000000000000000000000000000 2 1 0 0 0 80000000000000000000000000000000000000000000000000000000 0 0
256 11 212 1 80000000000000000000000000000000000000000000000000000001 80000000000000000000000000000000000000000000000000000000 2 1 1 0 0 80000000000000000000000000000000000000000000000000000000 0 0
256 11 212 1 80000000000000000000000000000000000000000000000000000001 80000000000000000000000000000000000000000000000000000000 2 1 2 0 0 80000000000000000000000000000000000000000000000000000000 0 0
256 11 212 1 80000000000000000000000000000000000000000000000000000001 80000000000000000000000000000000000000000000000000000000 2 1 8000 0 0 80000000000000000000000000000000000000000000000000000000 0 0
256 11 212 1 80000000000000000000000000000000000000000000000000000001 80000000000000000000000000000000000000000000000000000000 2 1 80000000 0 0 80000000000000000000000000000000000000000000000000000000 0 0
256 11 212 1 80000000000000000000000000000000000000000000000000000001 80000000000000000000000000000000000000000000000000000000 2 1 80000001 0 0 80000000000000000000000000000000000000000000000000000000 0 0
256 11 212 1 80000000000000000000000000000000000000000000000000000001 100000000000000000000000000000000000000000000000000000000 0 1 2 1 1 80000000000000000000000000000000000000000000000000000000 0 0
256 11 212 1 80000000000000000000000000000000000000000000000000000001 400000000000000000000000000000000000000000000000000000000000 0 1 8000 f 1 80000000000000000000000000000000000000000000000000000000 0 0
256 11 212 1 80000000000000000000000000000000000000000000000000000001 4000000000000000000000000000000000000000000000000000000000000000 0 1 80000000 1f 1 80000000000000000000000000000000000000000000000000000000 0 0
256 11 212 1 ffffffffffffffffffffffffffffffffffffffffffffffffffffffff 80000000000000000000000000000000000000000000000000000000 0 1 0 0 1 80000000000000000000000000000000000000000000000000000000 0 0
256 11 212 1 ffffffffffffffffffffffffffffffffffffffffffffffffffffffff 80000000000000000000000000000000000000000000000000000000 0 1 1 0 1 80000000000000000000000000000000000000000000000000000000 0 0
256 11 212 1 ffffffffffffffffffffffffffffffffffffffffffffffffffffffff 80000000000000000000000000000000000000000000000000000000 0 1 80000001 0 1 80000000000000000000000000000000000000000000000000000000 0 0
256 11 212 1 ffffffffffffffffffffffffffffffffffffffffffffffffffffffff 80000000000000000000000000000000000000000000000000000000 2 1 0 0 0 80000000000000000000000000000000000000000000000000000000 0 0
256 11 212 1 ffffffffffffffffffffffffffffffffffffffffffffffffffffffff 80000000000000000000000000000000000000000000000000000000 2 1 1 0 0 80000000000000000000000000000000000000000000000000000000 0 0
256 11 212 1 ffffffffffffffffffffffffffffffffffffffffffffffffffffffff 80000000000000000000000000000000000000000000000000000000 2 1 2 0 0 80000000000000000000000000000000000000000000000000000000 0 0
256 11 212 1 ffffffffffffffffffffffffffffffffffffffffffffffffffffffff 80000000000000000000000000000000000000000000000000000000 2 1 8000 0 0 80000000000000000000000000000000000000000000000000000000 0 0
256 11 212 1 ffffffffffffffffffffffffffffffffffffffffffffffffffffffff 80000000000000000000000000000000000000000000000000000000 2 1 80000000 0 0 80000000000000000000000000000000000000000000000000000000 0 0
256 11 212 1 ffffffffffffffffffffffffffffffffffffffffffffffffffffffff 80000000000000000000000000000000000000000000000000000000 2 1 80000001 0 0 80000000000000000000000000000000000000000000000000000000 0 0
256 11 212 1 ffffffffffffffffffffffffffffffffffffffffffffffffffffffff 100000000000000000000000000000000000000000000000000000000 0 1 2 1 1 80000000000000000000000000000000000000000000000000000000 0 0
256 11 212 1 ffffffffffffffffffffffffffffffffffffffffffffffffffffffff 400000000000000000000000000000000000000000000000000000000000 0 1 8000 f 1 80000000000000000000000000000000000000000000000000000000 0 0
256 11 212 1 ffffffffffffffffffffffffffffffffffffffffffffffffffffffff 4000000000000000000000000000000000000000000000000000000000000000 0 1 80000000 1f 1 80000000000000000000000000000000000000000000000000000000 0 0
256 11 212 1 100000000000000000000000000000000000000000000000000000000 80000000000000000000000000000000000000000000000000000000 0 1 0 0 1 100000000000000000000000000000000000000000000000000000000 1 0
256 11 212 1 100000000000000000000000000000000000000000000000000000000 80000000000000000000000000000000000000000000000000000000 0 1 1 0 1 100000000000000000000000000000000000000000000000000000000 1 0
256 11 212 1 100000000000000000000000000000000000000000000000000000000 80000000000000000000000000000000000000000000000000000000 0 1 80000001 0 1 100000000000000000000000000000000000000000000000000000000 1 0
256 11 212 1 100000000000000000000000000000000000000000000000000000000 80000000000000000000000000000000000000000000000000000000 2 1 0 0 0 100000000000000000000000000000000000000000000000000000000 1 0
256 11 212 1 100000000000000000000000000000000000000000000000000000000 80000000000000000000000000000000000000000000000000000000 2 1 1 0 0 100000000000000000000000000000000000000000000000000000000 1 0
256 11 212 1 100000000000000000000000000000000000000000000000000000000 80000000000000000000000000000000000000000000000000000000 2 1 2 0 0 100000000000000000000000000000000000000000000000000000000 1 0
256 11 212 1 100000000000000000000000000000000000000000000000000000000 80000000000000000000000000000000000000000000000000000000 2 1 8000 0 0 100000000000000000000000000000000000000000000000000000000 1 0
256 11 212 1 100000000000000000000000000000000000000000000000000000000 80000000000000000000000000000000000000000000000000000000 2 1 80000000 0 0 100000000000000000000000000000000000000000000000000000000 1 0
256 11 212 1 100000000000000000000000000000000000000000000000000000000 80000000000000000000000000000000000000000000000000000000 2 1 80000001 0 0 100000000000000000000000000000000000000000000000000000000 1 0
256 11 212 1 100000000000000000000000000000000000000000000000000000000 100000000000000000000000000000000000000000000000000000000 0 1 2 1 1 100000000000000000000000000000000000000000000000000000000 1 0
256 11 212 1 100000000000000000000000000000000000000000000000000000000 400000000000000000000000000000000000000000000000000000000000 0 1 8000 f 1 100000000000000000000000000000000000000000000000000000000 1 0
256 11 212 1 100000000000000000000000000000000000000000000000000000000 4000000000000000000000000000000000000000000000000000000000000000 0 1 80000000 1f 1 100000000000000000000000000000000000000000000000000000000 1 0
256 11 212 1 100000000000000000000000000000000000000000000000000000001 80000000000000000000000000000000000000000000000000000000 0 1 0 0 1 100000000000000000000000000000000000000000000000000000000 1 0
256 11 212 1 100000000000000000000000000000000000000000000000000000001 80000000000000000000000000000000000000000000000000000000 0 1 1 0 1 100000000000000000000000000000000000000000000000000000000 1 0
256 11 212 1 100000000000000000000000000000000000000000000000000000001 80000000000000000000000000000000000000000000000000000000 0 1 80000001 0 1 100000000000000000000000000000000000000000000000000000000 1 0
256 11 212 1 100000000000000000000000000000000000000000000000000000001 80000000000000000000000000000000000000000000000000000000 2 1 0 0 0 100000000000000000000000000000000000000000000000000000000 1 0
256 11 212 1 100000000000000000000000000000000000000000000000000000001 80000000000000000000000000000000000000000000000000000000 2 1 1 0 0 100000000000000000000000000000000000000000000000000000000 1 0
256 11 212 1 100000000000000000000000000000000000000000000000000000001 80000000000000000000000000000000000000000000000000000000 2 1 2 0 0 100000000000000000000000000000000000000000000000000000000 1 0
256 11 212 1 100000000000000000000000000000000000000000000000000000001 80000000000000000000000000000000000000000000000000000000 2 1 8000 0 0 100000000000000000000000000000000000000000000000000000000 1 0
256 11 212 1 100000000000000000000000000000000000000000000000000000001 80000000000000000000000000000000000000000000000000000000 2 1 80000000 0 0 100000000000000000000000000000000000000000000000000000000 1 0
256 11 212 1 100000000000000000000000000000000000000000000000000000001 80000000000000000000000000000000000000000000000000000000 2 1 80000001 0 0 100000000000000000000000000000000000000000000000000000000 1 0
256 11 212 1 100000000000000000000000000000000000000000000000000000001 100000000000000000000000000000000000000000000000000000000 0 1 2 1 1 100000000000000000000000000000000000000000000000000000000 1 0
256 11 212 1 100000000000000000000000000000000000000000000000000000001 400000000000000000000000000000000000000000000000000000000000 0 1 8000 f 1 100000000000000000000000000000000000000000000000000000000 1 0
256 11 212 1 100000000000000000000000000000000000000000000000000000001 4000000000000000000000000000000000000000000000000000000000000000 0 1 80000000 1f 1 100000000000000000000000000000000000000000000000000000000 1 0
256 11 212 1 7ffffffffffffffffffffffffffffffffffffffffffffffffffffffff 100000000000000000000000000000000000000000000000000000 0 1 0 0 1 400000000000000000000000000000000000000000000000000000000 e 0
256 11 212 1 7ffffffffffffffffffffffffffffffffffffffffffffffffffffffff 100000000000000000000000000000000000000000000000000000 0 1 1 0 1 400000000000000000000000000000000000000000000000000000000 e 0
256 11 212 1 7ffffffffffffffffffffffffffffffffffffffffffffffffffffffff 100000000000000000000000000000000000000000000000000000 0 1 80000001 0 1 400000000000000000000000000000000000000000000000000000000 e 0
256 11 212 1 7ffffffffffffffffffffffffffffffffffffffffffffffffffffffff 100000000000000000000000000000000000000000000000000000 2 1 0 0 0 400000000000000000000000000000000000000000000000000000000 e 0
256 11 212 1 7ffffffffffffffffffffffffffffffffffffffffffffffffffffffff 100000000000000000000000000000000000000000000000000000 2 1 1 0 0 400000000000000000000000000000000000000000000000000000000 e 0
256 11 212 1 7ffffffffffffffffffffffffffffffffffffffffffffffffffffffff 100000000000000000000000000000000000000000000000000000 2 1 2 0 0 400000000000000000000000000000000000000000000000000000000 e 0
256 11 212 1 7ffffffffffffffffffffffffffffffffffffffffffffffffffffffff 100000000000000000000000000000000000000000000000000000 2 1 8000 0 0 400000000000000000000000000000000000000000000000000000000 e 0
256 11 212 1 7ffffffffffffffffffffffffffffffffffffffffffffffffffffffff 100000000000000000000000000000000000000000000000000000 2 1 80000000 0 0 400000000000000000000000000000000000000000000000000000000 e 0
256 11 212 1 7ffffffffffffffffffffffffffffffffffffffffffffffffffffffff 100000000000000000000000000000000000000000000000000000 2 1 80000001 0 0 400000000000000000000000000000000000000000000000000000000 e 0
256 11 212 1 7ffffffffffffffffffffffffffffffffffffffffffffffffffffffff 200000000000000000000000000000000000000000000000000000 0 1 2 1 1 400000000000000000000000000000000000000000000000000000000 e 0
256 11 212 1 7ffffffffffffffffffffffffffffffffffffffffffffffffffffffff 800000000000000000000000000000000000000000000000000000000 0 1 8000 f 1 400000000000000000000000000000000000000000000000000000000 e 0
256 11 212 1 7ffffffffffffffffffffffffffffffffffffffffffffffffffffffff 8000000000000000000000000000000000000000000000000000000000000 0 1 80000000 1f 1 400000000000000000000000000000000000000000000000000000000 e 0
256 11 212 1 800000000000000000000000000000000000000000000000000000000 100000000000000000000000000000000000000000000000000000 0 1 0 0 1 800000000000000000000000000000000000000000000000000000000 f 0
256 11 212 1 800000000000000000000000000000000000000000000000000000000 100000000000000000000000000000000000000000000000000000 0 1 1 0 1 800000000000000000000000000000000000000000000000000000000 f 0
256 11 212 1 800000000000000000000000000000000000000000000000000000000 100000000000000000000000000000000000000000000000000000 0 1 80000001 0 1 800000000000000000000000000000000000000000000000000000000 f 0
256 11 212 1 800000000000000000000000000000000000000000000000000000000 100000000000000000000000000000000000000000000000000000 2 1 0 0 0 800000000000000000000000000000000000000000000000000000000 f 0
256 11 212 1 800000000000000000000000000000000000000000000000000000000 100000000000000000000000000000000000000000000000000000 2 1 1 0 0 800000000000000000000000000000000000000000000000000000000 f 0
256 11 212 1 800000000000000000000000000000000000000000000000000000000 100000000000000000000000000000000000000000000000000000 2 1 2 0 0 800000000000000000000000000000000000000000000000000000000 f 0
256 11 212 1 800000000000000000000000000000000000000000000000000000000 100000000000000000000000000000000000000000000000000000 2 1 8000 0 0 800000000000000000000000000000000000000000000000000000000 f 0
256 11 212 1 800000000000000000000000000000000000000000000000000000000 100000000000000000000000000000000000000000000000000000 2 1 80000000 0 0 800000000000000000000000000000000000000000000000000000000 f 0
256 11 212 1 800000000000000000000000000000000000000000000000000000000 100000000000000000000000000000000000000000000000000000 2 1 80000001 0 0 800000000000000000000000000000000000000000000000000000000 f 0
256 11 212 1 800000000000000000000000000000000000000000000000000000000 200000000000000000000000000000000000000000000000000000 0 1 2 1 1 800000000000000000000000000000000000000000000000000000000 f 0
256 11 212 1 800000000000000000000000000000000000000000000000000000000 800000000000000000000000000000000000000000000000000000000 0 1 8000 f 1 800000000000000000000000000000000000000000000000000000000 f 0
256 11 212 1 800000000000000000000000000000000000000000000000000000000 8000000000000000000000000000000000000000000000000000000000000 0 1 80000000 1f 1 800000000000000000000000000000000000000000000000000000000 f 0
256 11 212 1 800000000000000000000000000000000000000000000000000000001 100000000000000000000000000000000000000000000000000000 0 1 0 0 1 800000000000000000000000000000000000000000000000000000000 f 0
256 11 212 1 800000000000000000000000000000000000000000000000000000001 100000000000000000000000000000000000000000000000000000 0 1 1 0 1 800000000000000000000000000000000000000000000000000000000 f 0
256 11 212 1 800000000000000000000000000000000000000000000000000000001 100000000000000000000000000000000000000000000000000000 0 1 80000001 0 1 800000000000000000000000000000000000000000000000000000000 f 0
256 11 212 1 800000000000000000000000000000000000000000000000000000001 100000000000000000000000000000000000000000000000000000 2 1 0 0 0 800000000000000000000000000000000000000000000000000000000 f 0
256 11 212 1 800000000000000000000000000000000000000000000000000000001 100000000000000000000000000000000000000000000000000000 2 1 1 0 0 800000000000000000000000000000000000000000000000000000000 f 0
256 11 212 1 800000000000000000000000000000000000000000000000000000001 100000000000000000000000000000000000000000000000000000 2 1 2 0 0 800000000000000000000000000000000000000000000000000000000 f 0
256 11 212 1 800000000000000000000000000000000000000000000000000000001 100000000000000000000000000000000000000000000000000000 2 1 8000 0 0 800000000000000000000000000000000000000000000000000000000 f 0
256 11 212 1 800000000000000000000000000000000000000000000000000000001 100000000000000000000000000000000000000000000000000000 2 1 80000000 0 0 800000000000000000000000000000000000000000000000000000000 f 0
256 11 212 1 800000000000000000000000000000000000000000000000000000001 100000000000000000000000000000000000000000000000000000 2 1 80000001 0 0 800000000000000000000000000000000000000000000000000000000 f 0
256 11 212 1 800000000000000000000000000000000000000000000000000000001 200000000000000000000000000000000000000000000000000000 0 1 2 1 1 800000000000000000000000000000000000000000000000000000000 f 0
256 11 212 1 800000000000000000000000000000000000000000000000000000001 800000000000000000000000000000000000000000000000000000000 0 1 8000 f 1 800000000000000000000000000000000000000000000000000000000 f 0
256 11 212 1 800000000000000000000000000000000000000000000000000000001 8000000000000000000000000000000000000000000000000000000000000 0 1 80000000 1f 1 800000000000000000000000000000000000000000000000000000000 f 0
256 11 212 1 800000000000000000000000000000000000000000000000000007fff 100000000000000000000000000000000000000000000000000001 0 1 0 0 1 400000000000000000000000000000000000000000000000000004000 e 0
256 11 212 1 800000000000000000000000000000000000000000000000000007fff 100000000000000000000000000000000000000000000000000001 0 1 1 0 1 400000000000000000000000000000000000000000000000000004000 e 0
256 11 212 1 800000000000000000000000000000000000000000000000000007fff 100000000000000000000000000000000000000000000000000001 0 1 80000001 0 1 400000000000000000000000000000000000000000000000000004000 e 0
256 11 212 1 800000000000000000000000000000000000000000000000000007fff 100000000000000000000000000000000000000000000000000001 2 1 0 0 0 400000000000000000000000000000000000000000000000000004000 e 0
256 11 212 1 800000000000000000000000000000000000000000000000000007fff 100000000000000000000000000000000000000000000000000001 2 1 1 0 0 400000000000000000000000000000000000000000000000000004000 e 0
256 11 212 1 800000000000000000000000000000000000000000000000000007fff 100000000000000000000000000000000000000000000000000001 2 1 2 0 0 400000000000000000000000000000000000000000000000000004000 e 0
256 11 212 1 800000000000000000000000000000000000000000000000000007fff 100000000000000000000000000000000000000000000000000001 2 1 8000 0 0 400000000000000000000000000000000000000000000000000004000 e 0
256 11 212 1 800000000000000000000000000000000000000000000000000007fff 100000000000000000000000000000000000000000000000000001 2 1 80000000 0 0 400000000000000000000000000000000000000000000000000004000 e 0
256 11 212 1 800000000000000000000000000000000000000000000000000007fff 100000000000000000000000000000000000000000000000000001 2 1 80000001 0 0 400000000000000000000000000000000000000000000000000004000 e 0
256 11 212 1 800000000000000000000000000000000000000000000000000007fff 200000000000000000000000000000000000000000000000000002 0 1 2 1 1 400000000000000000000000000000000000000000000000000004000 e 0
256 11 212 1 800000000000000000000000000000000000000000000000000007fff 800000000000000000000000000000000000000000000000000008000 0 1 8000 f 1 400000000000000000000000000000000000000000000000000004000 e 0
256 11 212 1 800000000000000000000000000000000000000000000000000007fff 8000000000000000000000000000000000000000000000000000080000000 0 1 80000000 1f 1 400000000000000000000000000000000000000000000000000004000 e 0
256 11 212 1 800000000000000000000000000000000000000000000000000008000 100000000000000000000000000000000000000000000000000001 0 1 0 0 1 800000000000000000000000000000000000000000000000000008000 f 0
256 11 212 1 800000000000000000000000000000000000000000000000000008000 100000000000000000000000000000000000000000000000000001 0 1 1 0 1 800000000000000000000000000000000000000000000000000008000 f 0
256 11 212 1 800000000000000000000000000000000000000000000000000008000 100000000000000000000000000000000000000000000000000001 0 1 80000001 0 1 800000000000000000000000000000000000000000000000000008000 f 0
256 11 212 1 800000000000000000000000000000000000000000000000000008000 100000000000000000000000000000000000000000000000000001 2 1 0 0 0 800000000000000000000000000000000000000000000000000008000 f 0
256 11 212 1 800000000000000000000000000000000000000000000000000008000 100000000000000000000000000000000000000000000000000001 2 1 1 0 0 800000000000000000000000000000000000000000000000000008000 f 0
256 11 212 1 800000000000000000000000000000000000000000000000000008000 100000000000000000000000000000000000000000000000000001 2 1 2 0 0 800000000000000000000000000000000000000000000000000008000 f 0
256 11 212 1 800000000000000000000000000000000000000000000000000008000 100000000000000000000000000000000000000000000000000001 2 1 8000 0 0 800000000000000000000000000000000000000000000000000008000 f 0
256 11 212 1 800000000000000000000000000000000000000000000000000008000 100000000000000000000000000000000000000000000000000001 2 1 80000000 0 0 800000000000000000000000000000000000000000000000000008000 f 0
256 11 212 1 800000000000000000000000000000000000000000000000000008000 100000000000000000000000000000000000000000000000000001 2 1 80000001 0 0 800000000000000000000000000000000000000000000000000008000 f 0
256 11 212 1 800000000000000000000000000000000000000000000000000008000 200000000000000000000000000000000000000000000000000002 0 1 2 1 1 800000000000000000000000000000000000000000000000000008000 f 0
256 11 212 1 800000000000000000000000000000000000000000000000000008000 800000000000000000000000000000000000000000000000000008000 0 1 8000 f 1 800000000000000000000000000000000000000000000000000008000 f 0
256 11 212 1 800000000000000000000000000000000000000000000000000008000 8000000000000000000000000000000000000000000000000000080000000 0 1 80000000 1f 1 800000000000000000000000000000000000000000000000000008000 f 0
256 11 212 1 800000000000000000000000000000000000000000000000000008001 100000000000000000000000000000000000000000000000000001 0 1 0 0 1 800000000000000000000000000000000000000000000000000008000 f 0
256 11 212 1 800000000000000000000000000000000000000000000000000008001 100000000000000000000000000000000000000000000000000001 0 1 1 0 1 800000000000000000000000000000000000000000000000000008000 f 0
256 11 212 1 800000000000000000000000000000000000000000000000000008001 100000000000000000000000000000000000000000000000000001 0 1 80000001 0 1 800000000000000000000000000000000000000000000000000008000 f 0
256 11 212 1 800000000000000000000000000000000000000000000000000008001 100000000000000000000000000000000000000000000000000001 2 1 0 0 0 800000000000000000000000000000000000000000000000000008000 f 0
256 11 212 1 800000000000000000000000000000000000000000000000000008001 100000000000000000000000000000000000000000000000000001 2 1 1 0 0 800000000000000000000000000000000000000000000000000008000 f 0
256 11 212 1 800000000000000000000000000000000000000000000000000008001 100000000000000000000000000000000000000000000000000001 2 1 2 0 0 800000000000000000000000000000000000000000000000000008000 f 0
256 11 212 1 800000000000000000000000000000000000000000000000000008001 100000000000000000000000000000000000000000000000000001 2 1 8000 0 0 800000000000000000000000000000000000000000000000000008000 f 0
256 11 212 1 800000000000000000000000000000000000000000000000000008001 100000000000000000000000000000000000000000000000000001 2 1 80000000 0 0 800000000000000000000000000000000000000000000000000008000 f 0
256 11 212 1 800000000000000000000000000000000000000000000000000008001 100000000000000000000000000000000000000000000000000001 2 1 80000001 0 0 800000000000000000000000000000000000000000000000000008000 f 0
256 11 212 1 800000000000000000000000000000000000000000000000000008001 200000000000000000000000000000000000000000000000000002 0 1 2 1 1 800000000000000000000000000000000000000000000000000008000 f 0
256 11 212 1 800000000000000000000000000000000000000000000000000008001 800000000000000000000000000000000000000000000000000008000 0 1 8000 f 1 800000000000000000000000000000000000000000000000000008000 f 0
256 11 212 1 800000000000000000000000000000000000000000000000000008001 8000000000000000000000000000000000000000000000000000080000000 0 1 80000000 1f 1 800000000000000000000000000000000000000000000000000008000 f 0
256 11 212 1 3fffffffffffffffffffffffffffffffffffffffffffffffffffffffffff 80000000000000000000000000000000000000000000000000000000 0 1 0 0 1 200000000000000000000000000000000000000000000000000000000000 e 0
256 11 212 1 3fffffffffffffffffffffffffffffffffffffffffffffffffffffffffff 80000000000000000000000000000000000000000000000000000000 0 1 1 0 1 200000000000000000000000000000000000000000000000000000000000 e 0
256 11 212 1 3fffffffffffffffffffffffffffffffffffffffffffffffffffffffffff 80000000000000000000000000000000000000000000000000000000 0 1 80000001 0 1 200000000000000000000000000000000000000000000000000000000000 e 0
256 11 212 1 3fffffffffffffffffffffffffffffffffffffffffffffffffffffffffff 80000000000000000000000000000000000000000000000000000000 2 1 0 0 0 200000000000000000000000000000000000000000000000000000000000 e 0
256 11 212 1 3fffffffffffffffffffffffffffffffffffffffffffffffffffffffffff 80000000000000000000000000000000000000000000000000000000 2 1 1 0 0 200000000000000000000000000000000000000000000000000000000000 e 0
256 11 212 1 3fffffffffffffffffffffffffffffffffffffffffffffffffffffffffff 80000000000000000000000000000000000000000000000000000000 2 1 2 0 0 200000000000000000000000000000000000000000000000000000000000 e 0
256 11 212 1 3fffffffffffffffffffffffffffffffffffffffffffffffffffffffffff 80000000000000000000000000000000000000000000000000000000 2 1 8000 0 0 200000000000000000000000000000000000000000000000000000000000 e 0
256 11 212 1 3fffffffffffffffffffffffffffffffffffffffffffffffffffffffffff 80000000000000000000000000000000000000000000000000000000 2 1 80000000 0 0 200000000000000000000000000000000000000000000000000000000000 e 0
256 11 212 1 3fffffffffffffffffffffffffffffffffffffffffffffffffffffffffff 80000000000000000000000000000000000000000000000000000000 2 1 80000001 0 0 200000000000000000000000000000000000000000000000000000000000 e 0
256 11 212 1 3fffffffffffffffffffffffffffffffffffffffffffffffffffffffffff 100000000000000000000000000000000000000000000000000000000 0 1 2 1 1 200000000000000000000000000000000000000000000000000000000000 e 0
256 11 212 1 3fffffffffffffffffffffffffffffffffffffffffffffffffffffffffff 400000000000000000000000000000000000000000000000000000000000 0 1 8000 f 1 200000000000000000000000000000000000000000000000000000000000 e 0
256 11 212 1 3fffffffffffffffffffffffffffffffffffffffffffffffffffffffffff 4000000000000000000000000000000000000000000000000000000000000000 0 1 80000000 1f 1 200000000000000000000000000000000000000000000000000000000000 e 0
256 11 212 1 400000000000000000000000000000000000000000000000000000000000 80000000000000000000000000000000000000000000000000000000 0 1 0 0 1 400000000000000000000000000000000000000000000000000000000000 f 0
256 11 212 1 400000000000000000000000000000000000000000000000000000000000 80000000000000000000000000000000000000000000000000000000 0 1 1 0 1 400000000000000000000000000000000000000000000000000000000000 f 0
256 11 212 1 400000000000000000000000000000000000000000000000000000000000 80000000000000000000000000000000000000000000000000000000 0 1 80000001 0 1 400000000000000000000000000000000000000000000000000000000000 f 0
256 11 212 1 400000000000000000000000000000000000000000000000000000000000 80000000000000000000000000000000000000000000000000000000 2 1 0 0 0 400000000000000000000000000000000000000000000000000000000000 f 0
256 11 212 1 400000000000000000000000000000000000000000000000000000000000 80000000000000000000000000000000000000000000000000000000 2 1 1 0 0 400000000000000000000000000000000000000000000000000000000000 f 0
256 11 212 1 400000000000000000000000000000000000000000000000000000000000 80000000000000000000000000000000000000000000000000000000 2 1 2 0 0 400000000000000000000000000000000000000000000000000000000000 f 0
256 11 212 1 400000000000000000000000000000000000000000000000000000000000 80000000000000000000000000000000000000000000000000000000 2 1 8000 0 0 400000000000000000000000000000000000000000000000000000000000 f 0
256 11 212 1 400000000000000000000000000000000000000000000000000000000000 80000000000000000000000000000000000000000000000000000000 2 1 80000000 0 0 400000000000000000000000000000000000000000000000000000000000 f 0
256 11 212 1 400000000000000000000000000000000000000000000000000000000000 80000000000000000000000000000000000000000000000000000000 2 1 80000001 0 0 400000000000000000000000000000000000000000000000000000000000 f 0
256 11 212 1 400000000000000000000000000000000000000000000000000000000000 100000000000000000000000000000000000000000000000000000000 0 1 2 1 1 400000000000000000000000000000000000000000000000000000000000 f 0
256 11 212 1 400000000000000000000000000000000000000000000000000000000000 400000000000000000000000000000000000000000000000000000000000 0 1 8000 f 1 400000000000000000000000000000000000000000000000000000000000 f 0
256 11 212 1 400000000000000000000000000000000000000000000000000000000000 4000000000000000000000000000000000000000000000000000000000000000 0 1 80000000 1f 1 400000000000000000000000000000000000000000000000000000000000 f 0
256 11 212 1 400000000000000000000000000000000000000000000000000000000001 80000000000000000000000000000000000000000000000000000000 0 1 0 0 1 400000000000000000000000000000000000000000000000000000000000 f 0
256 11 212 1 400000000000000000000000000000000000000000000000000000000001 80000000000000000000000000000000000000000000000000000000 0 1 1 0 1 400000000000000000000000000000000000000000000000000000000000 f 0
256 11 212 1 400000000000000000000000000000000000000000000000000000000001 80000000000000000000000000000000000000000000000000000000 0 1 80000001 0 1 400000000000000000000000000000000000000000000000000000000000 f 0
256 11 212 1 400000000000000000000000000000000000000000000000000000000001 80000000000000000000000000000000000000000000000000000000 2 1 0 0 0 400000000000000000000000000000000000000000000000000000000000 f 0
256 11 212 1 400000000000000000000000000000000000000000000000000000000001 80000000000000000000000000000000000000000000000000000000 2 1 1 0 0 400000000000000000000000000000000000000000000000000000000000 f 0
256 11 212 1 400000000000000000000000000000000000000000000000000000000001 80000000000000000000000000000000000000000000000000000000 2 1 2 0 0 400000000000000000000000000000000000000000000000000000000000 f 0
256 11 212 1 400000000000000000000000000000000000000000000000000000000001 80000000000000000000000000000000000000000000000000000000 2 1 8000 0 0 400000000000000000000000000000000000000000000000000000000000 f 0
256 11 212 1 400000000000000000000000000000000000000000000000000000000001 80000000000000000000000000000000000000000000000000000000 2 1 80000000 0 0 400000000000000000000000000000000000000000000000000000000000 f 0
256 11 212 1 400000000000000000000000000000000000000000000000000000000001 80000000000000000000000000000000000000000000000000000000 2 1 80000001 0 0 400000000000000000000000000000000000000000000000000000000000 f 0
256 11 212 1 400000000000000000000000000000000000000000000000000000000001 100000000000000000000000000000000000000000000000000000000 0 1 2 1 1 400000000000000000000000000000000000000000000000000000000000 f 0
256 11 212 1 400000000000000000000000000000000000000000000000000000000001 400000000000000000000000000000000000000000000000000000000000 0 1 8000 f 1 400000000000000000000000000000000000000000000000000000000000 f 0
256 11 212 1 400000000000000000000000000000000000000000000000000000000001 4000000000000000000000000000000000000000000000000000000000000000 0 1 80000000 1f 1 400000000000000000000000000000000000000000000000000000000000 f 0
256 11 212 1 7ffffffffffffffffffffffffffffffffffffffffffffffffffffffffffff 100000000000000000000000000000000000000000000000000000 0 1 0 0 1 4000000000000000000000000000000000000000000000000000000000000 1e 0
256 11 212 1 7ffffffffffffffffffffffffffffffffffffffffffffffffffffffffffff 100000000000000000000000000000000000000000000000000000 0 1 1 0 1 4000000000000000000000000000000000000000000000000000000000000 1e 0
256 11 212 1 7ffffffffffffffffffffffffffffffffffffffffffffffffffffffffffff 100000000000000000000000000000000000000000000000000000 0 1 80000001 0 1 4000000000000000000000000000000000000000000000000000000000000 1e 0
256 11 212 1 7ffffffffffffffffffffffffffffffffffffffffffffffffffffffffffff 100000000000000000000000000000000000000000000000000000 2 1 0 0 0 4000000000000000000000000000000000000000000000000000000000000 1e 0
256 11 212 1 7ffffffffffffffffffffffffffffffffffffffffffffffffffffffffffff 100000000000000000000000000000000000000000000000000000 2 1 1 0 0 4000000000000000000000000000000000000000000000000000000000000 1e 0
256 11 212 1 7ffffffffffffffffffffffffffffffffffffffffffffffffffffffffffff 100000000000000000000000000000000000000000000000000000 2 1 2 0 0 4000000000000000000000000000000000000000000000000000000000000 1e 0
256 11 212 1 7ffffffffffffffffffffffffffffffffffffffffffffffffffffffffffff 100000000000000000000000000000000000000000000000000000 2 1 8000 0 0 4000000000000000000000000000000000000000000000000000000000000 1e 0
256 11 212 1 7ffffffffffffffffffffffffffffffffffffffffffffffffffffffffffff 100000000000000000000000000000000000000000000000000000 2 1 80000000 0 0 4000000000000000000000000000000000000000000000000000000000000 1e 0
256 11 212 1 7ffffffffffffffffffffffffffffffffffffffffffffffffffffffffffff 100000000000000000000000000000000000000000000000000000 2 1 80000001 0 0 4000000000000000000000000000000000000000000000000000000000000 1e 0
256 11 212 1 7ffffffffffffffffffffffffffffffffffffffffffffffffffffffffffff 200000000000000000000000000000000000000000000000000000 0 1 2 1 1 4000000000000000000000000000000000000000000000000000000000000 1e 0
256 11 212 1 7ffffffffffffffffffffffffffffffffffffffffffffffffffffffffffff 800000000000000000000000000000000000000000000000000000000 0 1 8000 f 1 4000000000000000000000000000000000000000000000000000000000000 1e 0
256 11 212 1 7ffffffffffffffffffffffffffffffffffffffffffffffffffffffffffff 8000000000000000000000000000000000000000000000000000000000000 0 1 80000000 1f 1 4000000000000000000000000000000000000000000000000000000000000 1e 0
256 11 212 1 8000000000000000000000000000000000000000000000000000000000000 100000000000000000000000000000000000000000000000000000 0 1 0 0 1 8000000000000000000000000000000000000000000000000000000000000 1f 0
256 11 212 1 8000000000000000000000000000000000000000000000000000000000000 100000000000000000000000000000000000000000000000000000 0 1 1 0 1 8000000000000000000000000000000000000000000000000000000000000 1f 0
256 11 212 1 8000000000000000000000000000000000000000000000000000000000000 100000000000000000000000000000000000000000000000000000 0 1 80000001 0 1 8000000000000000000000000000000000000000000000000000000000000 1f 0
256 11 212 1 8000000000000000000000000000000000000000000000000000000000000 100000000000000000000000000000000000000000000000000000 2 1 0 0 0 8000000000000000000000000000000000000000000000000000000000000 1f 0
256 11 212 1 8000000000000000000000000000000000000000000000000000000000000 100000000000000000000000000000000000000000000000000000 2 1 1 0 0 8000000000000000000000000000000000000000000000000000000000000 1f 0
256 11 212 1 8000000000000000000000000000000000000000000000000000000000000 100000000000000000000000000000000000000000000000000000 2 1 2 0 0 8000000000000000000000000000000000000000000000000000000000000 1f 0
256 11 212 1 8000000000000000000000000000000000000000000000000000000000000 100000000000000000000000000000000000000000000000000000 2 1 8000 0 0 8000000000000000000000000000000000000000000000000000000000000 1f 0
256 11 212 1 8000000000000000000000000000000000000000000000000000000000000 100000000000000000000000000000000000000000000000000000 2 1 80000000 0 0 8000000000000000000000000000000000000000000000000000000000000 1f 0
256 11 212 1 8000000000000000000000000000000000000000000000000000000000000 100000000000000000000000000000000000000000000000000000 2 1 80000001 0 0 8000000000000000000000000000000000000000000000000000000000000 1f 0
256 11 212 1 8000000000000000000000000000000000000000000000000000000000000 200000000000000000000000000000000000000000000000000000 0 1 2 1 1 8000000000000000000000000000000000000000000000000000000000000 1f 0
256 11 212 1 8000000000000000000000000000000000000000000000000000000000000 800000000000000000000000000000000000000000000000000000000 0 1 8000 f 1 8000000000000000000000000000000000000000000000000000000000000 1f 0
256 11 212 1 8000000000000000000000000000000000000000000000000000000000000 8000000000000000000000000000000000000000000000000000000000000 0 1 80000000 1f 1 8000000000000000000000000000000000000000000000000000000000000 1f 0
256 11 212 1 8000000000000000000000000000000000000000000000000000000000001 100000000000000000000000000000000000000000000000000000 0 1 0 0 1 8000000000000000000000000000000000000000000000000000000000000 1f 0
256 11 212 1 8000000000000000000000000000000000000000000000000000000000001 100000000000000000000000000000000000000000000000000000 0 1 1 0 1 8000000000000000000000000000000000000000000000000000000000000 1f 0
256 11 212 1 8000000000000000000000000000000000000000000000000000000000001 100000000000000000000000000000000000000000000000000000 0 1 80000001 0 1 8000000000000000000000000000000000000000000000000000000000000 1f 0
256 11 212 1 8000000000000000000000000000000000000000000000000000000000001 100000000000000000000000000000000000000000000000000000 2 1 0 0 0 8000000000000000000000000000000000000000000000000000000000000 1f 0
256 11 212 1 8000000000000000000000000000000000000000000000000000000000001 100000000000000000000000000000000000000000000000000000 2 1 1 0 0 8000000000000000000000000000000000000000000000000000000000000 1f 0
256 11 212 1 8000000000000000000000000000000000000000000000000000000000001 100000000000000000000000000000000000000000000000000000 2 1 2 0 0 8000000000000000000000000000000000000000000000000000000000000 1f 0
256 11 212 1 8000000000000000000000000000000000000000000000000000000000001 100000000000000000000000000000000000000000000000000000 2 1 8000 0 0 8000000000000000000000000000000000000000000000000000000000000 1f 0
256 11 212 1 8000000000000000000000000000000000000000000000000000000000001 100000000000000000000000000000000000000000000000000000 2 1 80000000 0 0 8000000000000000000000000000000000000000000000000000000000000 1f 0
256 11 212 1 8000000000000000000000000000000000000000000000000000000000001 100000000000000000000000000000000000000000000000000000 2 1 80000001 0 0 8000000000000000000000000000000000000000000000000000000000000 1f 0
256 11 212 1 8000000000000000000000000000000000000000000000000000000000001 200000000000000000000000000000000000000000000000000000 0 1 2 1 1 8000000000000000000000000000000000000000000000000000000000000 1f 0
256 11 212 1 8000000000000000000000000000000000000000000000000000000000001 800000000000000000000000000000000000000000000000000000000 0 1 8000 f 1 8000000000000000000000000000000000000000000000000000000000000 1f 0
256 11 212 1 8000000000000000000000000000000000000000000000000000000000001 8000000000000000000000000000000000000000000000000000000000000 0 1 80000000 1f 1 8000000000000000000000000000000000000000000000000000000000000 1f 0
256 11 212 1 800000000000000000000000000000000000000000000000000007fffffff 100000000000000000000000000000000000000000000000000001 0 1 0 0 1 4000000000000000000000000000000000000000000000000000040000000 1e 0
256 11 212 1 800000000000000000000000000000000000000000000000000007fffffff 100000000000000000000000000000000000000000000000000001 0 1 1 0 1 4000000000000000000000000000000000000000000000000000040000000 1e 0
256 11 212 1 800000000000000000000000000000000000000000000000000007fffffff 100000000000000000000000000000000000000000000000000001 0 1 80000001 0 1 4000000000000000000000000000000000000000000000000000040000000 1e 0
256 11 212 1 800000000000000000000000000000000000000000000000000007fffffff 100000000000000000000000000000000000000000000000000001 2 1 0 0 0 4000000000000000000000000000000000000000000000000000040000000 1e 0
256 11 212 1 800000000000000000000000000000000000000000000000000007fffffff 100000000000000000000000000000000000000000000000000001 2 1 1 0 0 4000000000000000000000000000000000000000000000000000040000000 1e 0
256 11 212 1 800000000000000000000000000000000000000000000000000007fffffff 100000000000000000000000000000000000000000000000000001 2 1 2 0 0 4000000000000000000000000000000000000000000000000000040000000 1e 0
256 11 212 1 800000000000000000000000000000000000000000000000000007fffffff 100000000000000000000000000000000000000000000000000001 2 1 8000 0 0 4000000000000000000000000000000000000000000000000000040000000 1e 0
256 11 212 1 800000000000000000000000000000000000000000000000000007fffffff 100000000000000000000000000000000000000000000000000001 2 1 80000000 0 0 4000000000000000000000000000000000000000000000000000040000000 1e 0
256 11 212 1 800000000000000000000000000000000000000000000000000007fffffff 100000000000000000000000000000000000000000000000000001 2 1 80000001 0 0 4000000000000000000000000000000000000000000000000000040000000 1e 0
256 11 212 1 800000000000000000000000000000000000000000000000000007fffffff 200000000000000000000000000000000000000000000000000002 0 1 2 1 1 4000000000000000000000000000000000000000000000000000040000000 1e 0
256 11 212 1 800000000000000000000000000000000000000000000000000007fffffff 800000000000000000000000000000000000000000000000000008000 0 1 8000 f 1 4000000000000000000000000000000000000000000000000000040000000 1e 0
256 11 212 1 800000000000000000000000000000000000000000000000000007fffffff 8000000000000000000000000000000000000000000000000000080000000 0 1 80000000 1f 1 4000000000000000000000000000000000000000000000000000040000000 1e 0
256 11 212 1 8000000000000000000000000000000000000000000000000000080000000 100000000000000000000000000000000000000000000000000001 0 1 0 0 1 8000000000000000000000000000000000000000000000000000080000000 1f 0
256 11 212 1 8000000000000000000000000000000000000000000000000000080000000 100000000000000000000000000000000000000000000000000001 0 1 1 0 1 8000000000000000000000000000000000000000000000000000080000000 1f 0
256 11 212 1 8000000000000000000000000000000000000000000000000000080000000 100000000000000000000000000000000000000000000000000001 0 1 80000001 0 1 8000000000000000000000000000000000000000000000000000080000000 1f 0
256 11 212 1 8000000000000000000000000000000000000000000000000000080000000 100000000000000000000000000000000000000000000000000001 2 1 0 0 0 8000000000000000000000000000000000000000000000000000080000000 1f 0
256 11 212 1 8000000000000000000000000000000000000000000000000000080000000 100000000000000000000000000000000000000000000000000001 2 1 1 0 0 8000000000000000000000000000000000000000000000000000080000000 1f 0
256 11 212 1 8000000000000000000000000000000000000000000000000000080000000 100000000000000000000000000000000000000000000000000001 2 1 2 0 0 8000000000000000000000000000000000000000000000000000080000000 1f 0
256 11 212 1 8000000000000000000000000000000000000000000000000000080000000 100000000000000000000000000000000000000000000000000001 2 1 8000 0 0 8000000000000000000000000000000000000000000000000000080000000 1f 0
256 11 212 1 8000000000000000000000000000000000000000000000000000080000000 100000000000000000000000000000000000000000000000000001 2 1 80000000 0 0 8000000000000000000000000000000000000000000000000000080000000 1f 0
256 11 212 1 8000000000000000000000000000000000000000000000000000080000000 100000000000000000000000000000000000000000000000000001 2 1 80000001 0 0 8000000000000000000000000000000000000000000000000000080000000 1f 0
256 11 212 1 8000000000000000000000000000000000000000000000000000080000000 200000000000000000000000000000000000000000000000000002 0 1 2 1 1 8000000000000000000000000000000000000000000000000000080000000 1f 0
256 11 212 1 8000000000000000000000000000000000000000000000000000080000000 800000000000000000000000000000000000000000000000000008000 0 1 8000 f 1 8000000000000000000000000000000000000000000000000000080000000 1f 0
256 11 212 1 8000000000000000000000000000000000000000000000000000080000000 8000000000000000000000000000000000000000000000000000080000000 0 1 80000000 1f 1 8000000000000000000000000000000000000000000000000000080000000 1f 0
256 11 212 1 8000000000000000000000000000000000000000000000000000080000001 100000000000000000000000000000000000000000000000000001 0 1 0 0 1 8000000000000000000000000000000000000000000000000000080000000 1f 0
256 11 212 1 8000000000000000000000000000000000000000000000000000080000001 100000000000000000000000000000000000000000000000000001 0 1 1 0 1 8000000000000000000000000000000000000000000000000000080000000 1f 0
256 11 212 1 8000000000000000000000000000000000000000000000000000080000001 100000000000000000000000000000000000000000000000000001 0 1 80000001 0 1 8000000000000000000000000000000000000000000000000000080000000 1f 0
256 11 212 1 8000000000000000000000000000000000000000000000000000080000001 100000000000000000000000000000000000000000000000000001 2 1 0 0 0 8000000000000000000000000000000000000000000000000000080000000 1f 0
256 11 212 1 8000000000000000000000000000000000000000000000000000080000001 100000000000000000000000000000000000000000000000000001 2 1 1 0 0 8000000000000000000000000000000000000000000000000000080000000 1f 0
256 11 212 1 8000000000000000000000000000000000000000000000000000080000001 100000000000000000000000000000000000000000000000000001 2 1 2 0 0 8000000000000000000000000000000000000000000000000000080000000 1f 0
256 11 212 1 8000000000000000000000000000000000000000000000000000080000001 100000000000000000000000000000000000000000000000000001 2 1 8000 0 0 8000000000000000000000000000000000000000000000000000080000000 1f 0
256 11 212 1 8000000000000000000000000000000000000000000000000000080000001 100000000000000000000000000000000000000000000000000001 2 1 80000000 0 0 8000000000000000000000000000000000000000000000000000080000000 1f 0
256 11 212 1 8000000000000000000000000000000000000000000000000000080000001 100000000000000000000000000000000000000000000000000001 2 1 80000001 0 0 8000000000000000000000000000000000000000000000000000080000000 1f 0
256 11 212 1 8000000000000000000000000000000000000000000000000000080000001 200000000000000000000000000000000000000000000000000002 0 1 2 1 1 8000000000000000000000000000000000000000000000000000080000000 1f 0
256 11 212 1 8000000000000000000000000000000000000000000000000000080000001 800000000000000000000000000000000000000000000000000008000 0 1 8000 f 1 8000000000000000000000000000000000000000000000000000080000000 1f 0
256 11 212 1 8000000000000000000000000000000000000000000000000000080000001 8000000000000000000000000000000000000000000000000000080000000 0 1 80000000 1f 1 8000000000000000000000000000000000000000000000000000080000000 1f 0
256 11 212 1 3fffffffffffffffffffffffffffffffffffffffffffffffffffffffffffffff 80000000000000000000000000000000000000000000000000000000 0 1 0 0 1 2000000000000000000000000000000000000000000000000000000000000000 1e 0
256 11 212 1 3fffffffffffffffffffffffffffffffffffffffffffffffffffffffffffffff 80000000000000000000000000000000000000000000000000000000 0 1 1 0 1 2000000000000000000000000000000000000000000000000000000000000000 1e 0
256 11 212 1 3fffffffffffffffffffffffffffffffffffffffffffffffffffffffffffffff 80000000000000000000000000000000000000000000000000000000 0 1 80000001 0 1 2000000000000000000000000000000000000000000000000000000000000000 1e 0
256 11 212 1 3fffffffffffffffffffffffffffffffffffffffffffffffffffffffffffffff 80000000000000000000000000000000000000000000000000000000 2 1 0 0 0 2000000000000000000000000000000000000000000000000000000000000000 1e 0
256 11 212 1 3fffffffffffffffffffffffffffffffffffffffffffffffffffffffffffffff 80000000000000000000000000000000000000000000000000000000 2 1 1 0 0 2000000000000000000000000000000000000000000000000000000000000000 1e 0
256 11 212 1 3fffffffffffffffffffffffffffffffffffffffffffffffffffffffffffffff 80000000000000000000000000000000000000000000000000000000 2 1 2 0 0 2000000000000000000000000000000000000000000000000000000000000000 1e 0
256 11 212 1 3fffffffffffffffffffffffffffffffffffffffffffffffffffffffffffffff 80000000000000000000000000000000000000000000000000000000 2 1 8000 0 0 2000000000000000000000000000000000000000000000000000000000000000 1e 0
256 11 212 1 3fffffffffffffffffffffffffffffffffffffffffffffffffffffffffffffff 80000000000000000000000000000000000000000000000000000000 2 1 80000000 0 0 2000000000000000000000000000000000000000000000000000000000000000 1e 0
256 11 212 1 3fffffffffffffffffffffffffffffffffffffffffffffffffffffffffffffff 80000000000000000000000000000000000000000000000000000000 2 1 80000001 0 0 2000000000000000000000000000000000000000000000000000000000000000 1e 0
256 11 212 1 3fffffffffffffffffffffffffffffffffffffffffffffffffffffffffffffff 100000000000000000000000000000000000000000000000000000000 0 1 2 1 1 2000000000000000000000000000000000000000000000000000000000000000 1e 0
256 11 212 1 3fffffffffffffffffffffffffffffffffffffffffffffffffffffffffffffff 400000000000000000000000000000000000000000000000000000000000 0 1 8000 f 1 2000000000000000000000000000000000000000000000000000000000000000 1e 0
256 11 212 1 3fffffffffffffffffffffffffffffffffffffffffffffffffffffffffffffff 4000000000000000000000000000000000000000000000000000000000000000 0 1 0 0 1 4000000000000000000000000000000000000000000000000000000000000000 0 1
256 11 212 1 3fffffffffffffffffffffffffffffffffffffffffffffffffffffffffffffff 4000000000000000000000000000000000000000000000000000000000000000 0 1 1 0 1 4000000000000000000000000000000000000000000000000000000000000000 0 1
256 11 212 1 3fffffffffffffffffffffffffffffffffffffffffffffffffffffffffffffff 4000000000000000000000000000000000000000000000000000000000000000 0 1 80000000 1f 1 2000000000000000000000000000000000000000000000000000000000000000 1e 0
256 11 212 1 3fffffffffffffffffffffffffffffffffffffffffffffffffffffffffffffff 4000000000000000000000000000000000000000000000000000000000000000 0 1 80000001 0 1 4000000000000000000000000000000000000000000000000000000000000000 0 1
256 11 212 1 3fffffffffffffffffffffffffffffffffffffffffffffffffffffffffffffff 4000000000000000000000000000000000000000000000000000000000000000 2 1 0 0 0 4000000000000000000000000000000000000000000000000000000000000000 0 1
256 11 212 1 3fffffffffffffffffffffffffffffffffffffffffffffffffffffffffffffff 4000000000000000000000000000000000000000000000000000000000000000 2 1 1 0 0 4000000000000000000000000000000000000000000000000000000000000000 0 1
256 11 212 1 3fffffffffffffffffffffffffffffffffffffffffffffffffffffffffffffff 4000000000000000000000000000000000000000000000000000000000000000 2 1 2 0 0 4000000000000000000000000000000000000000000000000000000000000000 0 1
256 11 212 1 3fffffffffffffffffffffffffffffffffffffffffffffffffffffffffffffff 4000000000000000000000000000000000000000000000000000000000000000 2 1 8000 0 0 4000000000000000000000000000000000000000000000000000000000000000 0 1
256 11 212 1 3fffffffffffffffffffffffffffffffffffffffffffffffffffffffffffffff 4000000000000000000000000000000000000000000000000000000000000000 2 1 80000000 0 0 4000000000000000000000000000000000000000000000000000000000000000 0 1
256 11 212 1 3fffffffffffffffffffffffffffffffffffffffffffffffffffffffffffffff 4000000000000000000000000000000000000000000000000000000000000000 2 1 80000001 0 0 4000000000000000000000000000000000000000000000000000000000000000 0 1
256 11 212 1 3fffffffffffffffffffffffffffffffffffffffffffffffffffffffffffffff 8000000000000000000000000000000000000000000000000000000000000000 0 1 2 1 1 4000000000000000000000000000000000000000000000000000000000000000 0 1
256 11 212 1 4000000000000000000000000000000000000000000000000000000000000000 80000000000000000000000000000000000000000000000000000000 0 1 0 0 1 4000000000000000000000000000000000000000000000000000000000000000 1f 0
256 11 212 1 4000000000000000000000000000000000000000000000000000000000000000 80000000000000000000000000000000000000000000000000000000 0 1 1 0 1 4000000000000000000000000000000000000000000000000000000000000000 1f 0
256 11 212 1 4000000000000000000000000000000000000000000000000000000000000000 80000000000000000000000000000000000000000000000000000000 0 1 80000001 0 1 4000000000000000000000000000000000000000000000000000000000000000 1f 0
256 11 212 1 4000000000000000000000000000000000000000000000000000000000000000 80000000000000000000000000000000000000000000000000000000 2 1 0 0 0 4000000000000000000000000000000000000000000000000000000000000000 1f 0
256 11 212 1 4000000000000000000000000000000000000000000000000000000000000000 80000000000000000000000000000000000000000000000000000000 2 1 1 0 0 4000000000000000000000000000000000000000000000000000000000000000 1f 0
256 11 212 1 4000000000000000000000000000000000000000000000000000000000000000 80000000000000000000000000000000000000000000000000000000 2 1 2 0 0 4000000000000000000000000000000000000000000000000000000000000000 1f 0
256 11 212 1 4000000000000000000000000000000000000000000000000000000000000000 80000000000000000000000000000000000000000000000000000000 2 1 8000 0 0 4000000000000000000000000000000000000000000000000000000000000000 1f 0
256 11 212 1 4000000000000000000000000000000000000000000000000000000000000000 80000000000000000000000000000000000000000000000000000000 2 1 80000000 0 0 4000000000000000000000000000000000000000000000000000000000000000 1f 0
256 11 212 1 4000000000000000000000000000000000000000000000000000000000000000 80000000000000000000000000000000000000000000000000000000 2 1 80000001 0 0 4000000000000000000000000000000000000000000000000000000000000000 1f 0
256 11 212 1 4000000000000000000000000000000000000000000000000000000000000000 100000000000000000000000000000000000000000000000000000000 0 1 2 1 1 4000000000000000000000000000000000000000000000000000000000000000 1f 0
256 11 212 1 4000000000000000000000000000000000000000000000000000000000000000 400000000000000000000000000000000000000000000000000000000000 0 1 8000 f 1 4000000000000000000000000000000000000000000000000000000000000000 1f 0
256 11 212 1 4000000000000000000000000000000000000000000000000000000000000000 4000000000000000000000000000000000000000000000000000000000000000 0 1 0 0 1 4000000000000000000000000000000000000000000000000000000000000000 0 0
256 11 212 1 4000000000000000000000000000000000000000000000000000000000000000 4000000000000000000000000000000000000000000000000000000000000000 0 1 1 0 1 4000000000000000000000000000000000000000000000000000000000000000 0 0
256 11 212 1 4000000000000000000000000000000000000000000000000000000000000000 4000000000000000000000000000000000000000000000000000000000000000 0 1 80000000 1f 1 4000000000000000000000000000000000000000000000000000000000000000 1f 0
256 11 212 1 4000000000000000000000000000000000000000000000000000000000000000 4000000000000000000000000000000000000000000000000000000000000000 0 1 80000001 0 1 4000000000000000000000000000000000000000000000000000000000000000 0 0
256 11 212 1 4000000000000000000000000000000000000000000000000000000000000000 4000000000000000000000000000000000000000000000000000000000000000 2 1 0 0 0 4000000000000000000000000000000000000000000000000000000000000000 0 0
256 11 212 1 4000000000000000000000000000000000000000000000000000000000000000 4000000000000000000000000000000000000000000000000000000000000000 2 1 1 0 0 4000000000000000000000000000000000000000000000000000000000000000 0 0
256 11 212 1 4000000000000000000000000000000000000000000000000000000000000000 4000000000000000000000000000000000000000000000000000000000000000 2 1 2 0 0 4000000000000000000000000000000000000000000000000000000000000000 0 0
256 11 212 1 4000000000000000000000000000000000000000000000000000000000000000 4000000000000000000000000000000000000000000000000000000000000000 2 1 8000 0 0 4000000000000000000000000000000000000000000000000000000000000000 0 0
256 11 212 1 4000000000000000000000000000000000000000000000000000000000000000 4000000000000000000000000000000000000000000000000000000000000000 2 1 80000000 0 0 4000000000000000000000000000000000000000000000000000000000000000 0 0
256 11 212 1 4000000000000000000000000000000000000000000000000000000000000000 4000000000000000000000000000000000000000000000000000000000000000 2 1 80000001 0 0 4000000000000000000000000000000000000000000000000000000000000000 0 0
256 11 212 1 4000000000000000000000000000000000000000000000000000000000000000 8000000000000000000000000000000000000000000000000000000000000000 0 1 2 1 1 4000000000000000000000000000000000000000000000000000000000000000 0 0
256 11 212 1 4000000000000000000000000000000000000000000000000000000000000001 80000000000000000000000000000000000000000000000000000000 0 1 0 0 1 4000000000000000000000000000000000000000000000000000000000000000 1f 0
256 11 212 1 4000000000000000000000000000000000000000000000000000000000000001 80000000000000000000000000000000000000000000000000000000 0 1 1 0 1 4000000000000000000000000000000000000000000000000000000000000000 1f 0
256 11 212 1 4000000000000000000000000000000000000000000000000000000000000001 80000000000000000000000000000000000000000000000000000000 0 1 80000001 0 1 4000000000000000000000000000000000000000000000000000000000000000 1f 0
256 11 212 1 4000000000000000000000000000000000000000000000000000000000000001 80000000000000000000000000000000000000000000000000000000 2 1 0 0 0 4000000000000000000000000000000000000000000000000000000000000000 1f 0
256 11 212 1 4000000000000000000000000000000000000000000000000000000000000001 80000000000000000000000000000000000000000000000000000000 2 1 1 0 0 4000000000000000000000000000000000000000000000000000000000000000 1f 0
256 11 212 1 4000000000000000000000000000000000000000000000000000000000000001 80000000000000000000000000000000000000000000000000000000 2 1 2 0 0 4000000000000000000000000000000000000000000000000000000000000000 1f 0
256 11 212 1 4000000000000000000000000000000000000000000000000000000000000001 80000000000000000000000000000000000000000000000000000000 2 1 8000 0 0 4000000000000000000000000000000000000000000000000000000000000000 1f 0
256 11 212 1 4000000000000000000000000000000000000000000000000000000000000001 80000000000000000000000000000000000000000000000000000000 2 1 80000000 0 0 4000000000000000000000000000000000000000000000000000000000000000 1f 0
256 11 212 1 4000000000000000000000000000000000000000000000000000000000000001 80000000000000000000000000000000000000000000000000000000 2 1 80000001 0 0 4000000000000000000000000000000000000000000000000000000000000000 1f 0
256 11 212 1 4000000000000000000000000000000000000000000000000000000000000001 100000000000000000000000000000000000000000000000000000000 0 1 2 1 1 4000000000000000000000000000000000000000000000000000000000000000 1f 0
256 11 212 1 4000000000000000000000000000000000000000000000000000000000000001 400000000000000000000000000000000000000000000000000000000000 0 1 8000 f 1 4000000000000000000000000000000000000000000000000000000000000000 1f 0
256 11 212 1 4000000000000000000000000000000000000000000000000000000000000001 4000000000000000000000000000000000000000000000000000000000000000 0 1 0 0 1 4000000000000000000000000000000000000000000000000000000000000000 0 0
256 11 212 1 4000000000000000000000000000000000000000000000000000000000000001 4000000000000000000000000000000000000000000000000000000000000000 0 1 1 0 1 4000000000000000000000000000000000000000000000000000000000000000 0 0
256 11 212 1 4000000000000000000000000000000000000000000000000000000000000001 4000000000000000000000000000000000000000000000000000000000000000 0 1 80000000 1f 1 4000000000000000000000000000000000000000000000000000000000000000 1f 0
256 11 212 1 4000000000000000000000000000000000000000000000000000000000000001 4000000000000000000000000000000000000000000000000000000000000000 0 1 80000001 0 1 4000000000000000000000000000000000000000000000000000000000000000 0 0
256 11 212 1 4000000000000000000000000000000000000000000000000000000000000001 4000000000000000000000000000000000000000000000000000000000000000 2 1 0 0 0 4000000000000000000000000000000000000000000000000000000000000000 0 0
256 11 212 1 4000000000000000000000000000000000000000000000000000000000000001 4000000000000000000000000000000000000000000000000000000000000000 2 1 1 0 0 4000000000000000000000000000000000000000000000000000000000000000 0 0
256 11 212 1 4000000000000000000000000000000000000000000000000000000000000001 4000000000000000000000000000000000000000000000000000000000000000 2 1 2 0 0 4000000000000000000000000000000000000000000000000000000000000000 0 0
256 11 212 1 4000000000000000000000000000000000000000000000000000000000000001 4000000000000000000000000000000000000000000000000000000000000000 2 1 8000 0 0 4000000000000000000000000000000000000000000000000000000000000000 0 0
256 11 212 1 4000000000000000000000000000000000000000000000000000000000000001 4000000000000000000000000000000000000000000000000000000000000000 2 1 80000000 0 0 4000000000000000000000000000000000000000000000000000000000000000 0 0
256 11 212 1 4000000000000000000000000000000000000000000000000000000000000001 4000000000000000000000000000000000000000000000000000000000000000 2 1 80000001 0 0 4000000000000000000000000000000000000000000000000000000000000000 0 0
256 11 212 1 4000000000000000000000000000000000000000000000000000000000000001 8000000000000000000000000000000000000000000000000000000000000000 0 1 2 1 1 4000000000000000000000000000000000000000000000000000000000000000 0 0
256 11 212 1 7fffffffffffffffffffffffffffffffffffffffffffffffffffffffffffffff 4000000000000000000000000000000000000000000000000000000000000000 0 1 0 0 1 4000000000000000000000000000000000000000000000000000000000000000 0 0
256 11 212 1 7fffffffffffffffffffffffffffffffffffffffffffffffffffffffffffffff 4000000000000000000000000000000000000000000000000000000000000000 0 1 1 0 1 4000000000000000000000000000000000000000000000000000000000000000 0 0
256 11 212 1 7fffffffffffffffffffffffffffffffffffffffffffffffffffffffffffffff 4000000000000000000000000000000000000000000000000000000000000000 0 1 80000001 0 1 4000000000000000000000000000000000000000000000000000000000000000 0 0
256 11 212 1 7fffffffffffffffffffffffffffffffffffffffffffffffffffffffffffffff 4000000000000000000000000000000000000000000000000000000000000000 2 1 0 0 0 4000000000000000000000000000000000000000000000000000000000000000 0 0
256 11 212 1 7fffffffffffffffffffffffffffffffffffffffffffffffffffffffffffffff 4000000000000000000000000000000000000000000000000000000000000000 2 1 1 0 0 4000000000000000000000000000000000000000000000000000000000000000 0 0
256 11 212 1 7fffffffffffffffffffffffffffffffffffffffffffffffffffffffffffffff 4000000000000000000000000000000000000000000000000000000000000000 2 1 2 0 0 4000000000000000000000000000000000000000000000000000000000000000 0 0
256 11 212 1 7fffffffffffffffffffffffffffffffffffffffffffffffffffffffffffffff 4000000000000000000000000000000000000000000000000000000000000000 2 1 8000 0 0 4000000000000000000000000000000000000000000000000000000000000000 0 0
256 11 212 1 7fffffffffffffffffffffffffffffffffffffffffffffffffffffffffffffff 4000000000000000000000000000000000000000000000000000000000000000 2 1 80000000 0 0 4000000000000000000000000000000000000000000000000000000000000000 0 0
256 11 212 1 7fffffffffffffffffffffffffffffffffffffffffffffffffffffffffffffff 4000000000000000000000000000000000000000000000000000000000000000 2 1 80000001 0 0 4000000000000000000000000000000000000000000000000000000000000000 0 0
256 11 212 1 7fffffffffffffffffffffffffffffffffffffffffffffffffffffffffffffff 8000000000000000000000000000000000000000000000000000000000000000 0 1 2 1 1 4000000000000000000000000000000000000000000000000000000000000000 0 0
256 11 212 1 8000000000000000000000000000000000000000000000000000000000000000 4000000000000000000000000000000000000000000000000000000000000000 0 1 0 0 1 8000000000000000000000000000000000000000000000000000000000000000 1 0
256 11 212 1 8000000000000000000000000000000000000000000000000000000000000000 4000000000000000000000000000000000000000000000000000000000000000 0 1 1 0 1 8000000000000000000000000000000000000000000000000000000000000000 1 0
256 11 212 1 8000000000000000000000000000000000000000000000000000000000000000 4000000000000000000000000000000000000000000000000000000000000000 0 1 80000001 0 1 8000000000000000000000000000000000000000000000000000000000000000 1 0
256 11 212 1 8000000000000000000000000000000000000000000000000000000000000000 4000000000000000000000000000000000000000000000000000000000000000 2 1 0 0 0 8000000000000000000000000000000000000000000000000000000000000000 1 0
256 11 212 1 8000000000000000000000000000000000000000000000000000000000000000 4000000000000000000000000000000000000000000000000000000000000000 2 1 1 0 0 8000000000000000000000000000000000000000000000000000000000000000 1 0
256 11 212 1 8000000000000000000000000000000000000000000000000000000000000000 4000000000000000000000000000000000000000000000000000000000000000 2 1 2 0 0 8000000000000000000000000000000000000000000000000000000000000000 1 0
256 11 212 1 8000000000000000000000000000000000000000000000000000000000000000 4000000000000000000000000000000000000000000000000000000000000000 2 1 8000 0 0 8000000000000000000000000000000000000000000000000000000000000000 1 0
256 11 212 1 8000000000000000000000000000000000000000000000000000000000000000 4000000000000000000000000000000000000000000000000000000000000000 2 1 80000000 0 0 8000000000000000000000000000000000000000000000000000000000000000 1 0
256 11 212 1 8000000000000000000000000000000000000000000000000000000000000000 4000000000000000000000000000000000000000000000000000000000000000 2 1 80000001 0 0 8000000000000000000000000000000000000000000000000000000000000000 1 0
256 11 212 1 8000000000000000000000000000000000000000000000000000000000000000 8000000000000000000000000000000000000000000000000000000000000000 0 1 2 1 1 8000000000000000000000000000000000000000000000000000000000000000 1 0
256 11 212 1 8000000000000000000000000000000000000000000000000000000000000001 4000000000000000000000000000000000000000000000000000000000000000 0 1 0 0 1 8000000000000000000000000000000000000000000000000000000000000000 1 0
256 11 212 1 8000000000000000000000000000000000000000000000000000000000000001 4000000000000000000000000000000000000000000000000000000000000000 0 1 1 0 1 8000000000000000000000000000000000000000000000000000000000000000 1 0
256 11 212 1 8000000000000000000000000000000000000000000000000000000000000001 4000000000000000000000000000000000000000000000000000000000000000 0 1 80000001 0 1 8000000000000000000000000000000000000000000000000000000000000000 1 0
256 11 212 1 8000000000000000000000000000000000000000000000000000000000000001 4000000000000000000000000000000000000000000000000000000000000000 2 1 0 0 0 8000000000000000000000000000000000000000000000000000000000000000 1 0
256 11 212 1 8000000000000000000000000000000000000000000000000000000000000001 4000000000000000000000000000000000000000000000000000000000000000 2 1 1 0 0 8000000000000000000000000000000000000000000000000000000000000000 1 0
256 11 212 1 8000000000000000000000000000000000000000000000000000000000000001 4000000000000000000000000000000000000000000000000000000000000000 2 1 2 0 0 8000000000000000000000000000000000000000000000000000000000000000 1 0
256 11 212 1 8000000000000000000000000000000000000000000000000000000000000001 4000000000000000000000000000000000000000000000000000000000000000 2 1 8000 0 0 8000000000000000000000000000000000000000000000000000000000000000 1 0
256 11 212 1 8000000000000000000000000000000000000000000000000000000000000001 4000000000000000000000000000000000000000000000000000000000000000 2 1 80000000 0 0 8000000000000000000000000000000000000000000000000000000000000000 1 0
256 11 212 1 8000000000000000000000000000000000000000000000000000000000000001 4000000000000000000000000000000000000000000000000000000000000000 2 1 80000001 0 0 8000000000000000000000000000000000000000000000000000000000000000 1 0
256 11 212 1 8000000000000000000000000000000000000000000000000000000000000001 8000000000000000000000000000000000000000000000000000000000000000 0 1 2 1 1 8000000000000000000000000000000000000000000000000000000000000000 1 0
