# Synthetic LOCAL redundant-frame cases, not proven reachable PZ. n(decimal), A,Bphys,ca,cb,q,phi,R,newBphys,newphi,M(hex).
40 0 1 2 1 1 0 0 1 0 1
40 0 1 2 1 2 0 0 1 0 1
40 0 1 2 1 8000 0 0 1 0 1
40 0 1 2 1 80000000 0 0 1 0 1
40 0 1 0 1 1 0 1 1 0 1
40 0 2 0 1 2 1 1 1 0 1
40 0 8000 0 1 8000 f 1 1 0 1
40 0 80000000 0 1 80000000 1f 1 1 0 1
40 1 1 2 1 1 0 0 1 0 0
40 1 1 2 1 2 0 0 1 0 0
40 1 1 2 1 8000 0 0 1 0 0
40 1 1 2 1 80000000 0 0 1 0 0
40 1 1 0 1 1 0 1 1 0 0
40 1 2 0 1 2 1 1 1 0 0
40 1 8000 0 1 8000 f 1 1 0 0
40 1 80000000 0 1 80000000 1f 1 1 0 0
40 2 1 2 1 1 0 0 2 1 0
40 2 1 2 1 2 0 0 2 1 0
40 2 1 2 1 8000 0 0 2 1 0
40 2 1 2 1 80000000 0 0 2 1 0
40 2 1 0 1 1 0 1 2 1 0
40 2 2 0 1 2 1 1 2 1 0
40 2 8000 0 1 8000 f 1 2 1 0
40 2 80000000 0 1 80000000 1f 1 2 1 0
40 0 2 2 1 1 0 0 2 0 1
40 0 2 2 1 2 0 0 2 0 1
40 0 2 2 1 8000 0 0 2 0 1
40 0 2 2 1 80000000 0 0 2 0 1
40 0 2 0 1 1 0 1 2 0 1
40 0 4 0 1 2 1 1 2 0 1
40 0 10000 0 1 8000 f 1 2 0 1
40 0 100000000 0 1 80000000 1f 1 2 0 1
40 1 2 2 1 1 0 0 2 0 1
40 1 2 2 1 2 0 0 2 0 1
40 1 2 2 1 8000 0 0 2 0 1
40 1 2 2 1 80000000 0 0 2 0 1
40 1 2 0 1 1 0 1 2 0 1
40 1 4 0 1 2 1 1 2 0 1
40 1 10000 0 1 8000 f 1 2 0 1
40 1 100000000 0 1 80000000 1f 1 2 0 1
40 2 2 2 1 1 0 0 2 0 0
40 2 2 2 1 2 0 0 2 0 0
40 2 2 2 1 8000 0 0 2 0 0
40 2 2 2 1 80000000 0 0 2 0 0
40 2 2 0 1 1 0 1 2 0 0
40 2 4 0 1 2 1 1 2 0 0
40 2 10000 0 1 8000 f 1 2 0 0
40 2 100000000 0 1 80000000 1f 1 2 0 0
40 0 1 2 1 1 0 0 1 0 1
40 0 1 2 1 2 0 0 1 0 1
40 0 1 2 1 8000 0 0 1 0 1
40 0 1 2 1 80000000 0 0 1 0 1
40 0 1 0 1 1 0 1 1 0 1
40 0 2 0 1 2 1 1 1 0 1
40 0 8000 0 1 8000 f 1 1 0 1
40 0 80000000 0 1 80000000 1f 1 1 0 1
40 80000000 1 2 1 1 0 0 80000000 1f 0
40 80000000 1 2 1 2 0 0 80000000 1f 0
40 80000000 1 2 1 8000 0 0 80000000 1f 0
40 80000000 1 2 1 80000000 0 0 80000000 1f 0
40 80000000 1 0 1 1 0 1 80000000 1f 0
40 80000000 2 0 1 2 1 1 80000000 1f 0
40 80000000 8000 0 1 8000 f 1 80000000 1f 0
40 80000000 80000000 0 1 80000000 1f 1 80000000 1f 0
40 80000001 1 2 1 1 0 0 80000000 1f 0
40 80000001 1 2 1 2 0 0 80000000 1f 0
40 80000001 1 2 1 8000 0 0 80000000 1f 0
40 80000001 1 2 1 80000000 0 0 80000000 1f 0
40 80000001 1 0 1 1 0 1 80000000 1f 0
40 80000001 2 0 1 2 1 1 80000000 1f 0
40 80000001 8000 0 1 8000 f 1 80000000 1f 0
40 80000001 80000000 0 1 80000000 1f 1 80000000 1f 0
40 0 2 2 1 1 0 0 2 0 1
40 0 2 2 1 2 0 0 2 0 1
40 0 2 2 1 8000 0 0 2 0 1
40 0 2 2 1 80000000 0 0 2 0 1
40 0 2 0 1 1 0 1 2 0 1
40 0 4 0 1 2 1 1 2 0 1
40 0 10000 0 1 8000 f 1 2 0 1
40 0 100000000 0 1 80000000 1f 1 2 0 1
40 80000000 2 2 1 1 0 0 80000000 1e 0
40 80000000 2 2 1 2 0 0 80000000 1e 0
40 80000000 2 2 1 8000 0 0 80000000 1e 0
40 80000000 2 2 1 80000000 0 0 80000000 1e 0
40 80000000 2 0 1 1 0 1 80000000 1e 0
40 80000000 4 0 1 2 1 1 80000000 1e 0
40 80000000 10000 0 1 8000 f 1 80000000 1e 0
40 80000000 100000000 0 1 80000000 1f 1 80000000 1e 0
40 80000001 2 2 1 1 0 0 80000000 1e 0
40 80000001 2 2 1 2 0 0 80000000 1e 0
40 80000001 2 2 1 8000 0 0 80000000 1e 0
40 80000001 2 2 1 80000000 0 0 80000000 1e 0
40 80000001 2 0 1 1 0 1 80000000 1e 0
40 80000001 4 0 1 2 1 1 80000000 1e 0
40 80000001 10000 0 1 8000 f 1 80000000 1e 0
40 80000001 100000000 0 1 80000000 1f 1 80000000 1e 0
40 0 40 2 1 1 0 0 40 0 1
40 0 40 2 1 2 0 0 40 0 1
40 0 40 2 1 8000 0 0 40 0 1
40 0 40 2 1 80000000 0 0 40 0 1
40 0 40 0 1 1 0 1 40 0 1
40 0 80 0 1 2 1 1 40 0 1
40 0 200000 0 1 8000 f 1 40 0 1
40 0 2000000000 0 1 80000000 1f 1 40 0 1
40 1 40 2 1 1 0 0 40 0 1
40 1 40 2 1 2 0 0 40 0 1
40 1 40 2 1 8000 0 0 40 0 1
40 1 40 2 1 80000000 0 0 40 0 1
40 1 40 0 1 1 0 1 40 0 1
40 1 80 0 1 2 1 1 40 0 1
40 1 200000 0 1 8000 f 1 40 0 1
40 1 2000000000 0 1 80000000 1f 1 40 0 1
40 2 40 2 1 1 0 0 40 0 1
40 2 40 2 1 2 0 0 40 0 1
40 2 40 2 1 8000 0 0 40 0 1
40 2 40 2 1 80000000 0 0 40 0 1
40 2 40 0 1 1 0 1 40 0 1
40 2 80 0 1 2 1 1 40 0 1
40 2 200000 0 1 8000 f 1 40 0 1
40 2 2000000000 0 1 80000000 1f 1 40 0 1
40 0 41 2 1 1 0 0 41 0 1
40 0 41 2 1 2 0 0 41 0 1
40 0 41 2 1 8000 0 0 41 0 1
40 0 41 2 1 80000000 0 0 41 0 1
40 0 41 0 1 1 0 1 41 0 1
40 0 82 0 1 2 1 1 41 0 1
40 0 208000 0 1 8000 f 1 41 0 1
40 0 2080000000 0 1 80000000 1f 1 41 0 1
40 1 41 2 1 1 0 0 41 0 1
40 1 41 2 1 2 0 0 41 0 1
40 1 41 2 1 8000 0 0 41 0 1
40 1 41 2 1 80000000 0 0 41 0 1
40 1 41 0 1 1 0 1 41 0 1
40 1 82 0 1 2 1 1 41 0 1
40 1 208000 0 1 8000 f 1 41 0 1
40 1 2080000000 0 1 80000000 1f 1 41 0 1
40 2 41 2 1 1 0 0 41 0 1
40 2 41 2 1 2 0 0 41 0 1
40 2 41 2 1 8000 0 0 41 0 1
40 2 41 2 1 80000000 0 0 41 0 1
40 2 41 0 1 1 0 1 41 0 1
40 2 82 0 1 2 1 1 41 0 1
40 2 208000 0 1 8000 f 1 41 0 1
40 2 2080000000 0 1 80000000 1f 1 41 0 1
40 0 40 2 1 1 0 0 40 0 1
40 0 40 2 1 2 0 0 40 0 1
40 0 40 2 1 8000 0 0 40 0 1
40 0 40 2 1 80000000 0 0 40 0 1
40 0 40 0 1 1 0 1 40 0 1
40 0 80 0 1 2 1 1 40 0 1
40 0 200000 0 1 8000 f 1 40 0 1
40 0 2000000000 0 1 80000000 1f 1 40 0 1
40 40 40 2 1 1 0 0 40 0 0
40 40 40 2 1 2 0 0 40 0 0
40 40 40 2 1 8000 0 0 40 0 0
40 40 40 2 1 80000000 0 0 40 0 0
40 40 40 0 1 1 0 1 40 0 0
40 40 80 0 1 2 1 1 40 0 0
40 40 200000 0 1 8000 f 1 40 0 0
40 40 2000000000 0 1 80000000 1f 1 40 0 0
40 41 40 2 1 1 0 0 40 0 0
40 41 40 2 1 2 0 0 40 0 0
40 41 40 2 1 8000 0 0 40 0 0
40 41 40 2 1 80000000 0 0 40 0 0
40 41 40 0 1 1 0 1 40 0 0
40 41 80 0 1 2 1 1 40 0 0
40 41 200000 0 1 8000 f 1 40 0 0
40 41 2000000000 0 1 80000000 1f 1 40 0 0
40 0 41 2 1 1 0 0 41 0 1
40 0 41 2 1 2 0 0 41 0 1
40 0 41 2 1 8000 0 0 41 0 1
40 0 41 2 1 80000000 0 0 41 0 1
40 0 41 0 1 1 0 1 41 0 1
40 0 82 0 1 2 1 1 41 0 1
40 0 208000 0 1 8000 f 1 41 0 1
40 0 2080000000 0 1 80000000 1f 1 41 0 1
40 40 41 2 1 1 0 0 41 0 1
40 40 41 2 1 2 0 0 41 0 1
40 40 41 2 1 8000 0 0 41 0 1
40 40 41 2 1 80000000 0 0 41 0 1
40 40 41 0 1 1 0 1 41 0 1
40 40 82 0 1 2 1 1 41 0 1
40 40 208000 0 1 8000 f 1 41 0 1
40 40 2080000000 0 1 80000000 1f 1 41 0 1
40 41 41 2 1 1 0 0 41 0 0
40 41 41 2 1 2 0 0 41 0 0
40 41 41 2 1 8000 0 0 41 0 0
40 41 41 2 1 80000000 0 0 41 0 0
40 41 41 0 1 1 0 1 41 0 0
40 41 82 0 1 2 1 1 41 0 0
40 41 208000 0 1 8000 f 1 41 0 0
40 41 2080000000 0 1 80000000 1f 1 41 0 0
40 0 40 2 1 1 0 0 40 0 1
40 0 40 2 1 2 0 0 40 0 1
40 0 40 2 1 8000 0 0 40 0 1
40 0 40 2 1 80000000 0 0 40 0 1
40 0 40 0 1 1 0 1 40 0 1
40 0 80 0 1 2 1 1 40 0 1
40 0 200000 0 1 8000 f 1 40 0 1
40 0 2000000000 0 1 80000000 1f 1 40 0 1
40 2000000000 40 2 1 1 0 0 2000000000 1f 0
40 2000000000 40 2 1 2 0 0 2000000000 1f 0
40 2000000000 40 2 1 8000 0 0 2000000000 1f 0
40 2000000000 40 2 1 80000000 0 0 2000000000 1f 0
40 2000000000 40 0 1 1 0 1 2000000000 1f 0
40 2000000000 80 0 1 2 1 1 2000000000 1f 0
40 2000000000 200000 0 1 8000 f 1 2000000000 1f 0
40 2000000000 2000000000 0 1 80000000 1f 1 2000000000 1f 0
40 2000000001 40 2 1 1 0 0 2000000000 1f 0
40 2000000001 40 2 1 2 0 0 2000000000 1f 0
40 2000000001 40 2 1 8000 0 0 2000000000 1f 0
40 2000000001 40 2 1 80000000 0 0 2000000000 1f 0
40 2000000001 40 0 1 1 0 1 2000000000 1f 0
40 2000000001 80 0 1 2 1 1 2000000000 1f 0
40 2000000001 200000 0 1 8000 f 1 2000000000 1f 0
40 2000000001 2000000000 0 1 80000000 1f 1 2000000000 1f 0
40 0 41 2 1 1 0 0 41 0 1
40 0 41 2 1 2 0 0 41 0 1
40 0 41 2 1 8000 0 0 41 0 1
40 0 41 2 1 80000000 0 0 41 0 1
40 0 41 0 1 1 0 1 41 0 1
40 0 82 0 1 2 1 1 41 0 1
40 0 208000 0 1 8000 f 1 41 0 1
40 0 2080000000 0 1 80000000 1f 1 41 0 1
40 2000000000 41 2 1 1 0 0 1040000000 1e 0
40 2000000000 41 2 1 2 0 0 1040000000 1e 0
40 2000000000 41 2 1 8000 0 0 1040000000 1e 0
40 2000000000 41 2 1 80000000 0 0 1040000000 1e 0
40 2000000000 41 0 1 1 0 1 1040000000 1e 0
40 2000000000 82 0 1 2 1 1 1040000000 1e 0
40 2000000000 208000 0 1 8000 f 1 1040000000 1e 0
40 2000000000 2080000000 0 1 80000000 1f 1 1040000000 1e 0
40 2000000001 41 2 1 1 0 0 1040000000 1e 0
40 2000000001 41 2 1 2 0 0 1040000000 1e 0
40 2000000001 41 2 1 8000 0 0 1040000000 1e 0
40 2000000001 41 2 1 80000000 0 0 1040000000 1e 0
40 2000000001 41 0 1 1 0 1 1040000000 1e 0
40 2000000001 82 0 1 2 1 1 1040000000 1e 0
40 2000000001 208000 0 1 8000 f 1 1040000000 1e 0
40 2000000001 2080000000 0 1 80000000 1f 1 1040000000 1e 0
40 0 100000 2 1 1 0 0 100000 0 1
40 0 100000 2 1 2 0 0 100000 0 1
40 0 100000 2 1 8000 0 0 100000 0 1
40 0 100000 2 1 80000000 0 0 100000 0 1
40 0 100000 0 1 1 0 1 100000 0 1
40 0 200000 0 1 2 1 1 100000 0 1
40 0 800000000 0 1 8000 f 1 100000 0 1
40 1 100000 2 1 1 0 0 100000 0 1
40 1 100000 2 1 2 0 0 100000 0 1
40 1 100000 2 1 8000 0 0 100000 0 1
40 1 100000 2 1 80000000 0 0 100000 0 1
40 1 100000 0 1 1 0 1 100000 0 1
40 1 200000 0 1 2 1 1 100000 0 1
40 1 800000000 0 1 8000 f 1 100000 0 1
40 2 100000 2 1 1 0 0 100000 0 1
40 2 100000 2 1 2 0 0 100000 0 1
40 2 100000 2 1 8000 0 0 100000 0 1
40 2 100000 2 1 80000000 0 0 100000 0 1
40 2 100000 0 1 1 0 1 100000 0 1
40 2 200000 0 1 2 1 1 100000 0 1
40 2 800000000 0 1 8000 f 1 100000 0 1
40 0 100001 2 1 1 0 0 100001 0 1
40 0 100001 2 1 2 0 0 100001 0 1
40 0 100001 2 1 8000 0 0 100001 0 1
40 0 100001 2 1 80000000 0 0 100001 0 1
40 0 100001 0 1 1 0 1 100001 0 1
40 0 200002 0 1 2 1 1 100001 0 1
40 0 800008000 0 1 8000 f 1 100001 0 1
40 1 100001 2 1 1 0 0 100001 0 1
40 1 100001 2 1 2 0 0 100001 0 1
40 1 100001 2 1 8000 0 0 100001 0 1
40 1 100001 2 1 80000000 0 0 100001 0 1
40 1 100001 0 1 1 0 1 100001 0 1
40 1 200002 0 1 2 1 1 100001 0 1
40 1 800008000 0 1 8000 f 1 100001 0 1
40 2 100001 2 1 1 0 0 100001 0 1
40 2 100001 2 1 2 0 0 100001 0 1
40 2 100001 2 1 8000 0 0 100001 0 1
40 2 100001 2 1 80000000 0 0 100001 0 1
40 2 100001 0 1 1 0 1 100001 0 1
40 2 200002 0 1 2 1 1 100001 0 1
40 2 800008000 0 1 8000 f 1 100001 0 1
40 0 100000 2 1 1 0 0 100000 0 1
40 0 100000 2 1 2 0 0 100000 0 1
40 0 100000 2 1 8000 0 0 100000 0 1
40 0 100000 2 1 80000000 0 0 100000 0 1
40 0 100000 0 1 1 0 1 100000 0 1
40 0 200000 0 1 2 1 1 100000 0 1
40 0 800000000 0 1 8000 f 1 100000 0 1
40 100000 100000 2 1 1 0 0 100000 0 0
40 100000 100000 2 1 2 0 0 100000 0 0
40 100000 100000 2 1 8000 0 0 100000 0 0
40 100000 100000 2 1 80000000 0 0 100000 0 0
40 100000 100000 0 1 1 0 1 100000 0 0
40 100000 200000 0 1 2 1 1 100000 0 0
40 100000 800000000 0 1 8000 f 1 100000 0 0
40 100001 100000 2 1 1 0 0 100000 0 0
40 100001 100000 2 1 2 0 0 100000 0 0
40 100001 100000 2 1 8000 0 0 100000 0 0
40 100001 100000 2 1 80000000 0 0 100000 0 0
40 100001 100000 0 1 1 0 1 100000 0 0
40 100001 200000 0 1 2 1 1 100000 0 0
40 100001 800000000 0 1 8000 f 1 100000 0 0
40 0 100001 2 1 1 0 0 100001 0 1
40 0 100001 2 1 2 0 0 100001 0 1
40 0 100001 2 1 8000 0 0 100001 0 1
40 0 100001 2 1 80000000 0 0 100001 0 1
40 0 100001 0 1 1 0 1 100001 0 1
40 0 200002 0 1 2 1 1 100001 0 1
40 0 800008000 0 1 8000 f 1 100001 0 1
40 100000 100001 2 1 1 0 0 100001 0 1
40 100000 100001 2 1 2 0 0 100001 0 1
40 100000 100001 2 1 8000 0 0 100001 0 1
40 100000 100001 2 1 80000000 0 0 100001 0 1
40 100000 100001 0 1 1 0 1 100001 0 1
40 100000 200002 0 1 2 1 1 100001 0 1
40 100000 800008000 0 1 8000 f 1 100001 0 1
40 100001 100001 2 1 1 0 0 100001 0 0
40 100001 100001 2 1 2 0 0 100001 0 0
40 100001 100001 2 1 8000 0 0 100001 0 0
40 100001 100001 2 1 80000000 0 0 100001 0 0
40 100001 100001 0 1 1 0 1 100001 0 0
40 100001 200002 0 1 2 1 1 100001 0 0
40 100001 800008000 0 1 8000 f 1 100001 0 0
40 0 100000 2 1 1 0 0 100000 0 1
40 0 100000 2 1 2 0 0 100000 0 1
40 0 100000 2 1 8000 0 0 100000 0 1
40 0 100000 2 1 80000000 0 0 100000 0 1
40 0 100000 0 1 1 0 1 100000 0 1
40 0 200000 0 1 2 1 1 100000 0 1
40 0 800000000 0 1 8000 f 1 100000 0 1
40 8000000000 100000 2 1 1 0 0 8000000000 13 0
40 8000000000 100000 2 1 2 0 0 8000000000 13 0
40 8000000000 100000 2 1 8000 0 0 8000000000 13 0
40 8000000000 100000 2 1 80000000 0 0 8000000000 13 0
40 8000000000 100000 0 1 1 0 1 8000000000 13 0
40 8000000000 200000 0 1 2 1 1 8000000000 13 0
40 8000000000 800000000 0 1 8000 f 1 8000000000 13 0
40 8000000001 100000 2 1 1 0 0 8000000000 13 0
40 8000000001 100000 2 1 2 0 0 8000000000 13 0
40 8000000001 100000 2 1 8000 0 0 8000000000 13 0
40 8000000001 100000 2 1 80000000 0 0 8000000000 13 0
40 8000000001 100000 0 1 1 0 1 8000000000 13 0
40 8000000001 200000 0 1 2 1 1 8000000000 13 0
40 8000000001 800000000 0 1 8000 f 1 8000000000 13 0
40 0 100001 2 1 1 0 0 100001 0 1
40 0 100001 2 1 2 0 0 100001 0 1
40 0 100001 2 1 8000 0 0 100001 0 1
40 0 100001 2 1 80000000 0 0 100001 0 1
40 0 100001 0 1 1 0 1 100001 0 1
40 0 200002 0 1 2 1 1 100001 0 1
40 0 800008000 0 1 8000 f 1 100001 0 1
40 8000000000 100001 2 1 1 0 0 4000040000 12 0
40 8000000000 100001 2 1 2 0 0 4000040000 12 0
40 8000000000 100001 2 1 8000 0 0 4000040000 12 0
40 8000000000 100001 2 1 80000000 0 0 4000040000 12 0
40 8000000000 100001 0 1 1 0 1 4000040000 12 0
40 8000000000 200002 0 1 2 1 1 4000040000 12 0
40 8000000000 800008000 0 1 8000 f 1 4000040000 12 0
40 8000000001 100001 2 1 1 0 0 4000040000 12 0
40 8000000001 100001 2 1 2 0 0 4000040000 12 0
40 8000000001 100001 2 1 8000 0 0 4000040000 12 0
40 8000000001 100001 2 1 80000000 0 0 4000040000 12 0
40 8000000001 100001 0 1 1 0 1 4000040000 12 0
40 8000000001 200002 0 1 2 1 1 4000040000 12 0
40 8000000001 800008000 0 1 8000 f 1 4000040000 12 0
40 0 80000000 2 1 1 0 0 80000000 0 1
40 0 80000000 2 1 2 0 0 80000000 0 1
40 0 80000000 2 1 8000 0 0 80000000 0 1
40 0 80000000 2 1 80000000 0 0 80000000 0 1
40 0 80000000 0 1 1 0 1 80000000 0 1
40 0 100000000 0 1 2 1 1 80000000 0 1
40 1 80000000 2 1 1 0 0 80000000 0 1
40 1 80000000 2 1 2 0 0 80000000 0 1
40 1 80000000 2 1 8000 0 0 80000000 0 1
40 1 80000000 2 1 80000000 0 0 80000000 0 1
40 1 80000000 0 1 1 0 1 80000000 0 1
40 1 100000000 0 1 2 1 1 80000000 0 1
40 2 80000000 2 1 1 0 0 80000000 0 1
40 2 80000000 2 1 2 0 0 80000000 0 1
40 2 80000000 2 1 8000 0 0 80000000 0 1
40 2 80000000 2 1 80000000 0 0 80000000 0 1
40 2 80000000 0 1 1 0 1 80000000 0 1
40 2 100000000 0 1 2 1 1 80000000 0 1
40 0 80000001 2 1 1 0 0 80000001 0 1
40 0 80000001 2 1 2 0 0 80000001 0 1
40 0 80000001 2 1 8000 0 0 80000001 0 1
40 0 80000001 2 1 80000000 0 0 80000001 0 1
40 0 80000001 0 1 1 0 1 80000001 0 1
40 0 100000002 0 1 2 1 1 80000001 0 1
40 1 80000001 2 1 1 0 0 80000001 0 1
40 1 80000001 2 1 2 0 0 80000001 0 1
40 1 80000001 2 1 8000 0 0 80000001 0 1
40 1 80000001 2 1 80000000 0 0 80000001 0 1
40 1 80000001 0 1 1 0 1 80000001 0 1
40 1 100000002 0 1 2 1 1 80000001 0 1
40 2 80000001 2 1 1 0 0 80000001 0 1
40 2 80000001 2 1 2 0 0 80000001 0 1
40 2 80000001 2 1 8000 0 0 80000001 0 1
40 2 80000001 2 1 80000000 0 0 80000001 0 1
40 2 80000001 0 1 1 0 1 80000001 0 1
40 2 100000002 0 1 2 1 1 80000001 0 1
40 0 80000000 2 1 1 0 0 80000000 0 1
40 0 80000000 2 1 2 0 0 80000000 0 1
40 0 80000000 2 1 8000 0 0 80000000 0 1
40 0 80000000 2 1 80000000 0 0 80000000 0 1
40 0 80000000 0 1 1 0 1 80000000 0 1
40 0 100000000 0 1 2 1 1 80000000 0 1
40 80000000 80000000 2 1 1 0 0 80000000 0 0
40 80000000 80000000 2 1 2 0 0 80000000 0 0
40 80000000 80000000 2 1 8000 0 0 80000000 0 0
40 80000000 80000000 2 1 80000000 0 0 80000000 0 0
40 80000000 80000000 0 1 1 0 1 80000000 0 0
40 80000000 100000000 0 1 2 1 1 80000000 0 0
40 80000001 80000000 2 1 1 0 0 80000000 0 0
40 80000001 80000000 2 1 2 0 0 80000000 0 0
40 80000001 80000000 2 1 8000 0 0 80000000 0 0
40 80000001 80000000 2 1 80000000 0 0 80000000 0 0
40 80000001 80000000 0 1 1 0 1 80000000 0 0
40 80000001 100000000 0 1 2 1 1 80000000 0 0
40 0 80000001 2 1 1 0 0 80000001 0 1
40 0 80000001 2 1 2 0 0 80000001 0 1
40 0 80000001 2 1 8000 0 0 80000001 0 1
40 0 80000001 2 1 80000000 0 0 80000001 0 1
40 0 80000001 0 1 1 0 1 80000001 0 1
40 0 100000002 0 1 2 1 1 80000001 0 1
40 80000000 80000001 2 1 1 0 0 80000001 0 1
40 80000000 80000001 2 1 2 0 0 80000001 0 1
40 80000000 80000001 2 1 8000 0 0 80000001 0 1
40 80000000 80000001 2 1 80000000 0 0 80000001 0 1
40 80000000 80000001 0 1 1 0 1 80000001 0 1
40 80000000 100000002 0 1 2 1 1 80000001 0 1
40 80000001 80000001 2 1 1 0 0 80000001 0 0
40 80000001 80000001 2 1 2 0 0 80000001 0 0
40 80000001 80000001 2 1 8000 0 0 80000001 0 0
40 80000001 80000001 2 1 80000000 0 0 80000001 0 0
40 80000001 80000001 0 1 1 0 1 80000001 0 0
40 80000001 100000002 0 1 2 1 1 80000001 0 0
40 0 80000000 2 1 1 0 0 80000000 0 1
40 0 80000000 2 1 2 0 0 80000000 0 1
40 0 80000000 2 1 8000 0 0 80000000 0 1
40 0 80000000 2 1 80000000 0 0 80000000 0 1
40 0 80000000 0 1 1 0 1 80000000 0 1
40 0 100000000 0 1 2 1 1 80000000 0 1
40 8000000000 80000000 2 1 1 0 0 8000000000 8 0
40 8000000000 80000000 2 1 2 0 0 8000000000 8 0
40 8000000000 80000000 2 1 8000 0 0 8000000000 8 0
40 8000000000 80000000 2 1 80000000 0 0 8000000000 8 0
40 8000000000 80000000 0 1 1 0 1 8000000000 8 0
40 8000000000 100000000 0 1 2 1 1 8000000000 8 0
40 8000000001 80000000 2 1 1 0 0 8000000000 8 0
40 8000000001 80000000 2 1 2 0 0 8000000000 8 0
40 8000000001 80000000 2 1 8000 0 0 8000000000 8 0
40 8000000001 80000000 2 1 80000000 0 0 8000000000 8 0
40 8000000001 80000000 0 1 1 0 1 8000000000 8 0
40 8000000001 100000000 0 1 2 1 1 8000000000 8 0
40 0 80000001 2 1 1 0 0 80000001 0 1
40 0 80000001 2 1 2 0 0 80000001 0 1
40 0 80000001 2 1 8000 0 0 80000001 0 1
40 0 80000001 2 1 80000000 0 0 80000001 0 1
40 0 80000001 0 1 1 0 1 80000001 0 1
40 0 100000002 0 1 2 1 1 80000001 0 1
40 8000000000 80000001 2 1 1 0 0 4000000080 7 0
40 8000000000 80000001 2 1 2 0 0 4000000080 7 0
40 8000000000 80000001 2 1 8000 0 0 4000000080 7 0
40 8000000000 80000001 2 1 80000000 0 0 4000000080 7 0
40 8000000000 80000001 0 1 1 0 1 4000000080 7 0
40 8000000000 100000002 0 1 2 1 1 4000000080 7 0
40 8000000001 80000001 2 1 1 0 0 4000000080 7 0
40 8000000001 80000001 2 1 2 0 0 4000000080 7 0
40 8000000001 80000001 2 1 8000 0 0 4000000080 7 0
40 8000000001 80000001 2 1 80000000 0 0 4000000080 7 0
40 8000000001 80000001 0 1 1 0 1 4000000080 7 0
40 8000000001 100000002 0 1 2 1 1 4000000080 7 0
40 0 100000000 2 1 1 0 0 100000000 0 1
40 0 100000000 2 1 2 0 0 100000000 0 1
40 0 100000000 2 1 8000 0 0 100000000 0 1
40 0 100000000 2 1 80000000 0 0 100000000 0 1
40 0 100000000 0 1 1 0 1 100000000 0 1
40 0 200000000 0 1 2 1 1 100000000 0 1
40 1 100000000 2 1 1 0 0 100000000 0 1
40 1 100000000 2 1 2 0 0 100000000 0 1
40 1 100000000 2 1 8000 0 0 100000000 0 1
40 1 100000000 2 1 80000000 0 0 100000000 0 1
40 1 100000000 0 1 1 0 1 100000000 0 1
40 1 200000000 0 1 2 1 1 100000000 0 1
40 2 100000000 2 1 1 0 0 100000000 0 1
40 2 100000000 2 1 2 0 0 100000000 0 1
40 2 100000000 2 1 8000 0 0 100000000 0 1
40 2 100000000 2 1 80000000 0 0 100000000 0 1
40 2 100000000 0 1 1 0 1 100000000 0 1
40 2 200000000 0 1 2 1 1 100000000 0 1
40 0 100000001 2 1 1 0 0 100000001 0 1
40 0 100000001 2 1 2 0 0 100000001 0 1
40 0 100000001 2 1 8000 0 0 100000001 0 1
40 0 100000001 2 1 80000000 0 0 100000001 0 1
40 0 100000001 0 1 1 0 1 100000001 0 1
40 0 200000002 0 1 2 1 1 100000001 0 1
40 1 100000001 2 1 1 0 0 100000001 0 1
40 1 100000001 2 1 2 0 0 100000001 0 1
40 1 100000001 2 1 8000 0 0 100000001 0 1
40 1 100000001 2 1 80000000 0 0 100000001 0 1
40 1 100000001 0 1 1 0 1 100000001 0 1
40 1 200000002 0 1 2 1 1 100000001 0 1
40 2 100000001 2 1 1 0 0 100000001 0 1
40 2 100000001 2 1 2 0 0 100000001 0 1
40 2 100000001 2 1 8000 0 0 100000001 0 1
40 2 100000001 2 1 80000000 0 0 100000001 0 1
40 2 100000001 0 1 1 0 1 100000001 0 1
40 2 200000002 0 1 2 1 1 100000001 0 1
40 0 100000000 2 1 1 0 0 100000000 0 1
40 0 100000000 2 1 2 0 0 100000000 0 1
40 0 100000000 2 1 8000 0 0 100000000 0 1
40 0 100000000 2 1 80000000 0 0 100000000 0 1
40 0 100000000 0 1 1 0 1 100000000 0 1
40 0 200000000 0 1 2 1 1 100000000 0 1
40 100000000 100000000 2 1 1 0 0 100000000 0 0
40 100000000 100000000 2 1 2 0 0 100000000 0 0
40 100000000 100000000 2 1 8000 0 0 100000000 0 0
40 100000000 100000000 2 1 80000000 0 0 100000000 0 0
40 100000000 100000000 0 1 1 0 1 100000000 0 0
40 100000000 200000000 0 1 2 1 1 100000000 0 0
40 100000001 100000000 2 1 1 0 0 100000000 0 0
40 100000001 100000000 2 1 2 0 0 100000000 0 0
40 100000001 100000000 2 1 8000 0 0 100000000 0 0
40 100000001 100000000 2 1 80000000 0 0 100000000 0 0
40 100000001 100000000 0 1 1 0 1 100000000 0 0
40 100000001 200000000 0 1 2 1 1 100000000 0 0
40 0 100000001 2 1 1 0 0 100000001 0 1
40 0 100000001 2 1 2 0 0 100000001 0 1
40 0 100000001 2 1 8000 0 0 100000001 0 1
40 0 100000001 2 1 80000000 0 0 100000001 0 1
40 0 100000001 0 1 1 0 1 100000001 0 1
40 0 200000002 0 1 2 1 1 100000001 0 1
40 100000000 100000001 2 1 1 0 0 100000001 0 1
40 100000000 100000001 2 1 2 0 0 100000001 0 1
40 100000000 100000001 2 1 8000 0 0 100000001 0 1
40 100000000 100000001 2 1 80000000 0 0 100000001 0 1
40 100000000 100000001 0 1 1 0 1 100000001 0 1
40 100000000 200000002 0 1 2 1 1 100000001 0 1
40 100000001 100000001 2 1 1 0 0 100000001 0 0
40 100000001 100000001 2 1 2 0 0 100000001 0 0
40 100000001 100000001 2 1 8000 0 0 100000001 0 0
40 100000001 100000001 2 1 80000000 0 0 100000001 0 0
40 100000001 100000001 0 1 1 0 1 100000001 0 0
40 100000001 200000002 0 1 2 1 1 100000001 0 0
40 0 100000000 2 1 1 0 0 100000000 0 1
40 0 100000000 2 1 2 0 0 100000000 0 1
40 0 100000000 2 1 8000 0 0 100000000 0 1
40 0 100000000 2 1 80000000 0 0 100000000 0 1
40 0 100000000 0 1 1 0 1 100000000 0 1
40 0 200000000 0 1 2 1 1 100000000 0 1
40 8000000000 100000000 2 1 1 0 0 8000000000 7 0
40 8000000000 100000000 2 1 2 0 0 8000000000 7 0
40 8000000000 100000000 2 1 8000 0 0 8000000000 7 0
40 8000000000 100000000 2 1 80000000 0 0 8000000000 7 0
40 8000000000 100000000 0 1 1 0 1 8000000000 7 0
40 8000000000 200000000 0 1 2 1 1 8000000000 7 0
40 8000000001 100000000 2 1 1 0 0 8000000000 7 0
40 8000000001 100000000 2 1 2 0 0 8000000000 7 0
40 8000000001 100000000 2 1 8000 0 0 8000000000 7 0
40 8000000001 100000000 2 1 80000000 0 0 8000000000 7 0
40 8000000001 100000000 0 1 1 0 1 8000000000 7 0
40 8000000001 200000000 0 1 2 1 1 8000000000 7 0
40 0 100000001 2 1 1 0 0 100000001 0 1
40 0 100000001 2 1 2 0 0 100000001 0 1
40 0 100000001 2 1 8000 0 0 100000001 0 1
40 0 100000001 2 1 80000000 0 0 100000001 0 1
40 0 100000001 0 1 1 0 1 100000001 0 1
40 0 200000002 0 1 2 1 1 100000001 0 1
40 8000000000 100000001 2 1 1 0 0 4000000040 6 0
40 8000000000 100000001 2 1 2 0 0 4000000040 6 0
40 8000000000 100000001 2 1 8000 0 0 4000000040 6 0
40 8000000000 100000001 2 1 80000000 0 0 4000000040 6 0
40 8000000000 100000001 0 1 1 0 1 4000000040 6 0
40 8000000000 200000002 0 1 2 1 1 4000000040 6 0
40 8000000001 100000001 2 1 1 0 0 4000000040 6 0
40 8000000001 100000001 2 1 2 0 0 4000000040 6 0
40 8000000001 100000001 2 1 8000 0 0 4000000040 6 0
40 8000000001 100000001 2 1 80000000 0 0 4000000040 6 0
40 8000000001 100000001 0 1 1 0 1 4000000040 6 0
40 8000000001 200000002 0 1 2 1 1 4000000040 6 0
40 0 4000000000 2 1 1 0 0 4000000000 0 1
40 0 4000000000 2 1 2 0 0 4000000000 0 1
40 0 4000000000 2 1 8000 0 0 4000000000 0 1
40 0 4000000000 2 1 80000000 0 0 4000000000 0 1
40 0 4000000000 0 1 1 0 1 4000000000 0 1
40 0 8000000000 0 1 2 1 1 4000000000 0 1
40 1 4000000000 2 1 1 0 0 4000000000 0 1
40 1 4000000000 2 1 2 0 0 4000000000 0 1
40 1 4000000000 2 1 8000 0 0 4000000000 0 1
40 1 4000000000 2 1 80000000 0 0 4000000000 0 1
40 1 4000000000 0 1 1 0 1 4000000000 0 1
40 1 8000000000 0 1 2 1 1 4000000000 0 1
40 2 4000000000 2 1 1 0 0 4000000000 0 1
40 2 4000000000 2 1 2 0 0 4000000000 0 1
40 2 4000000000 2 1 8000 0 0 4000000000 0 1
40 2 4000000000 2 1 80000000 0 0 4000000000 0 1
40 2 4000000000 0 1 1 0 1 4000000000 0 1
40 2 8000000000 0 1 2 1 1 4000000000 0 1
40 0 4000000001 2 1 1 0 0 4000000001 0 1
40 0 4000000001 2 1 2 0 0 4000000001 0 1
40 0 4000000001 2 1 8000 0 0 4000000001 0 1
40 0 4000000001 2 1 80000000 0 0 4000000001 0 1
40 0 4000000001 0 1 1 0 1 4000000001 0 1
40 0 8000000002 0 1 2 1 1 4000000001 0 1
40 1 4000000001 2 1 1 0 0 4000000001 0 1
40 1 4000000001 2 1 2 0 0 4000000001 0 1
40 1 4000000001 2 1 8000 0 0 4000000001 0 1
40 1 4000000001 2 1 80000000 0 0 4000000001 0 1
40 1 4000000001 0 1 1 0 1 4000000001 0 1
40 1 8000000002 0 1 2 1 1 4000000001 0 1
40 2 4000000001 2 1 1 0 0 4000000001 0 1
40 2 4000000001 2 1 2 0 0 4000000001 0 1
40 2 4000000001 2 1 8000 0 0 4000000001 0 1
40 2 4000000001 2 1 80000000 0 0 4000000001 0 1
40 2 4000000001 0 1 1 0 1 4000000001 0 1
40 2 8000000002 0 1 2 1 1 4000000001 0 1
40 0 4000000000 2 1 1 0 0 4000000000 0 1
40 0 4000000000 2 1 2 0 0 4000000000 0 1
40 0 4000000000 2 1 8000 0 0 4000000000 0 1
40 0 4000000000 2 1 80000000 0 0 4000000000 0 1
40 0 4000000000 0 1 1 0 1 4000000000 0 1
40 0 8000000000 0 1 2 1 1 4000000000 0 1
40 20 4000000000 2 1 1 0 0 4000000000 0 1
40 20 4000000000 2 1 2 0 0 4000000000 0 1
40 20 4000000000 2 1 8000 0 0 4000000000 0 1
40 20 4000000000 2 1 80000000 0 0 4000000000 0 1
40 20 4000000000 0 1 1 0 1 4000000000 0 1
40 20 8000000000 0 1 2 1 1 4000000000 0 1
40 21 4000000000 2 1 1 0 0 4000000000 0 1
40 21 4000000000 2 1 2 0 0 4000000000 0 1
40 21 4000000000 2 1 8000 0 0 4000000000 0 1
40 21 4000000000 2 1 80000000 0 0 4000000000 0 1
40 21 4000000000 0 1 1 0 1 4000000000 0 1
40 21 8000000000 0 1 2 1 1 4000000000 0 1
40 0 4000000001 2 1 1 0 0 4000000001 0 1
40 0 4000000001 2 1 2 0 0 4000000001 0 1
40 0 4000000001 2 1 8000 0 0 4000000001 0 1
40 0 4000000001 2 1 80000000 0 0 4000000001 0 1
40 0 4000000001 0 1 1 0 1 4000000001 0 1
40 0 8000000002 0 1 2 1 1 4000000001 0 1
40 20 4000000001 2 1 1 0 0 4000000001 0 1
40 20 4000000001 2 1 2 0 0 4000000001 0 1
40 20 4000000001 2 1 8000 0 0 4000000001 0 1
40 20 4000000001 2 1 80000000 0 0 4000000001 0 1
40 20 4000000001 0 1 1 0 1 4000000001 0 1
40 20 8000000002 0 1 2 1 1 4000000001 0 1
40 21 4000000001 2 1 1 0 0 4000000001 0 1
40 21 4000000001 2 1 2 0 0 4000000001 0 1
40 21 4000000001 2 1 8000 0 0 4000000001 0 1
40 21 4000000001 2 1 80000000 0 0 4000000001 0 1
40 21 4000000001 0 1 1 0 1 4000000001 0 1
40 21 8000000002 0 1 2 1 1 4000000001 0 1
40 0 4000000000 2 1 1 0 0 4000000000 0 1
40 0 4000000000 2 1 2 0 0 4000000000 0 1
40 0 4000000000 2 1 8000 0 0 4000000000 0 1
40 0 4000000000 2 1 80000000 0 0 4000000000 0 1
40 0 4000000000 0 1 1 0 1 4000000000 0 1
40 0 8000000000 0 1 2 1 1 4000000000 0 1
40 4000000000 4000000000 2 1 1 0 0 4000000000 0 0
40 4000000000 4000000000 2 1 2 0 0 4000000000 0 0
40 4000000000 4000000000 2 1 8000 0 0 4000000000 0 0
40 4000000000 4000000000 2 1 80000000 0 0 4000000000 0 0
40 4000000000 4000000000 0 1 1 0 1 4000000000 0 0
40 4000000000 8000000000 0 1 2 1 1 4000000000 0 0
40 4000000001 4000000000 2 1 1 0 0 4000000000 0 0
40 4000000001 4000000000 2 1 2 0 0 4000000000 0 0
40 4000000001 4000000000 2 1 8000 0 0 4000000000 0 0
40 4000000001 4000000000 2 1 80000000 0 0 4000000000 0 0
40 4000000001 4000000000 0 1 1 0 1 4000000000 0 0
40 4000000001 8000000000 0 1 2 1 1 4000000000 0 0
40 0 4000000001 2 1 1 0 0 4000000001 0 1
40 0 4000000001 2 1 2 0 0 4000000001 0 1
40 0 4000000001 2 1 8000 0 0 4000000001 0 1
40 0 4000000001 2 1 80000000 0 0 4000000001 0 1
40 0 4000000001 0 1 1 0 1 4000000001 0 1
40 0 8000000002 0 1 2 1 1 4000000001 0 1
40 4000000000 4000000001 2 1 1 0 0 4000000001 0 1
40 4000000000 4000000001 2 1 2 0 0 4000000001 0 1
40 4000000000 4000000001 2 1 8000 0 0 4000000001 0 1
40 4000000000 4000000001 2 1 80000000 0 0 4000000001 0 1
40 4000000000 4000000001 0 1 1 0 1 4000000001 0 1
40 4000000000 8000000002 0 1 2 1 1 4000000001 0 1
40 4000000001 4000000001 2 1 1 0 0 4000000001 0 0
40 4000000001 4000000001 2 1 2 0 0 4000000001 0 0
40 4000000001 4000000001 2 1 8000 0 0 4000000001 0 0
40 4000000001 4000000001 2 1 80000000 0 0 4000000001 0 0
40 4000000001 4000000001 0 1 1 0 1 4000000001 0 0
40 4000000001 8000000002 0 1 2 1 1 4000000001 0 0
40 0 4000000000 2 1 1 0 0 4000000000 0 1
40 0 4000000000 2 1 2 0 0 4000000000 0 1
40 0 4000000000 2 1 8000 0 0 4000000000 0 1
40 0 4000000000 2 1 80000000 0 0 4000000000 0 1
40 0 4000000000 0 1 1 0 1 4000000000 0 1
40 0 8000000000 0 1 2 1 1 4000000000 0 1
40 8000000000 4000000000 2 1 1 0 0 8000000000 1 0
40 8000000000 4000000000 2 1 2 0 0 8000000000 1 0
40 8000000000 4000000000 2 1 8000 0 0 8000000000 1 0
40 8000000000 4000000000 2 1 80000000 0 0 8000000000 1 0
40 8000000000 4000000000 0 1 1 0 1 8000000000 1 0
40 8000000000 8000000000 0 1 2 1 1 8000000000 1 0
40 8000000001 4000000000 2 1 1 0 0 8000000000 1 0
40 8000000001 4000000000 2 1 2 0 0 8000000000 1 0
40 8000000001 4000000000 2 1 8000 0 0 8000000000 1 0
40 8000000001 4000000000 2 1 80000000 0 0 8000000000 1 0
40 8000000001 4000000000 0 1 1 0 1 8000000000 1 0
40 8000000001 8000000000 0 1 2 1 1 8000000000 1 0
40 0 4000000001 2 1 1 0 0 4000000001 0 1
40 0 4000000001 2 1 2 0 0 4000000001 0 1
40 0 4000000001 2 1 8000 0 0 4000000001 0 1
40 0 4000000001 2 1 80000000 0 0 4000000001 0 1
40 0 4000000001 0 1 1 0 1 4000000001 0 1
40 0 8000000002 0 1 2 1 1 4000000001 0 1
40 8000000000 4000000001 2 1 1 0 0 4000000001 0 0
40 8000000000 4000000001 2 1 2 0 0 4000000001 0 0
40 8000000000 4000000001 2 1 8000 0 0 4000000001 0 0
40 8000000000 4000000001 2 1 80000000 0 0 4000000001 0 0
40 8000000000 4000000001 0 1 1 0 1 4000000001 0 0
40 8000000000 8000000002 0 1 2 1 1 4000000001 0 0
40 8000000001 4000000001 2 1 1 0 0 4000000001 0 0
40 8000000001 4000000001 2 1 2 0 0 4000000001 0 0
40 8000000001 4000000001 2 1 8000 0 0 4000000001 0 0
40 8000000001 4000000001 2 1 80000000 0 0 4000000001 0 0
40 8000000001 4000000001 0 1 1 0 1 4000000001 0 0
40 8000000001 8000000002 0 1 2 1 1 4000000001 0 0
85 0 1 2 1 1 0 0 1 0 1
85 0 1 2 1 2 0 0 1 0 1
85 0 1 2 1 8000 0 0 1 0 1
85 0 1 2 1 80000000 0 0 1 0 1
85 0 1 0 1 1 0 1 1 0 1
85 0 2 0 1 2 1 1 1 0 1
85 0 8000 0 1 8000 f 1 1 0 1
85 0 80000000 0 1 80000000 1f 1 1 0 1
85 1 1 2 1 1 0 0 1 0 0
85 1 1 2 1 2 0 0 1 0 0
85 1 1 2 1 8000 0 0 1 0 0
85 1 1 2 1 80000000 0 0 1 0 0
85 1 1 0 1 1 0 1 1 0 0
85 1 2 0 1 2 1 1 1 0 0
85 1 8000 0 1 8000 f 1 1 0 0
85 1 80000000 0 1 80000000 1f 1 1 0 0
85 2 1 2 1 1 0 0 2 1 0
85 2 1 2 1 2 0 0 2 1 0
85 2 1 2 1 8000 0 0 2 1 0
85 2 1 2 1 80000000 0 0 2 1 0
85 2 1 0 1 1 0 1 2 1 0
85 2 2 0 1 2 1 1 2 1 0
85 2 8000 0 1 8000 f 1 2 1 0
85 2 80000000 0 1 80000000 1f 1 2 1 0
85 0 2 2 1 1 0 0 2 0 1
85 0 2 2 1 2 0 0 2 0 1
85 0 2 2 1 8000 0 0 2 0 1
85 0 2 2 1 80000000 0 0 2 0 1
85 0 2 0 1 1 0 1 2 0 1
85 0 4 0 1 2 1 1 2 0 1
85 0 10000 0 1 8000 f 1 2 0 1
85 0 100000000 0 1 80000000 1f 1 2 0 1
85 1 2 2 1 1 0 0 2 0 1
85 1 2 2 1 2 0 0 2 0 1
85 1 2 2 1 8000 0 0 2 0 1
85 1 2 2 1 80000000 0 0 2 0 1
85 1 2 0 1 1 0 1 2 0 1
85 1 4 0 1 2 1 1 2 0 1
85 1 10000 0 1 8000 f 1 2 0 1
85 1 100000000 0 1 80000000 1f 1 2 0 1
85 2 2 2 1 1 0 0 2 0 0
85 2 2 2 1 2 0 0 2 0 0
85 2 2 2 1 8000 0 0 2 0 0
85 2 2 2 1 80000000 0 0 2 0 0
85 2 2 0 1 1 0 1 2 0 0
85 2 4 0 1 2 1 1 2 0 0
85 2 10000 0 1 8000 f 1 2 0 0
85 2 100000000 0 1 80000000 1f 1 2 0 0
85 0 1 2 1 1 0 0 1 0 1
85 0 1 2 1 2 0 0 1 0 1
85 0 1 2 1 8000 0 0 1 0 1
85 0 1 2 1 80000000 0 0 1 0 1
85 0 1 0 1 1 0 1 1 0 1
85 0 2 0 1 2 1 1 1 0 1
85 0 8000 0 1 8000 f 1 1 0 1
85 0 80000000 0 1 80000000 1f 1 1 0 1
85 80000000 1 2 1 1 0 0 80000000 1f 0
85 80000000 1 2 1 2 0 0 80000000 1f 0
85 80000000 1 2 1 8000 0 0 80000000 1f 0
85 80000000 1 2 1 80000000 0 0 80000000 1f 0
85 80000000 1 0 1 1 0 1 80000000 1f 0
85 80000000 2 0 1 2 1 1 80000000 1f 0
85 80000000 8000 0 1 8000 f 1 80000000 1f 0
85 80000000 80000000 0 1 80000000 1f 1 80000000 1f 0
85 80000001 1 2 1 1 0 0 80000000 1f 0
85 80000001 1 2 1 2 0 0 80000000 1f 0
85 80000001 1 2 1 8000 0 0 80000000 1f 0
85 80000001 1 2 1 80000000 0 0 80000000 1f 0
85 80000001 1 0 1 1 0 1 80000000 1f 0
85 80000001 2 0 1 2 1 1 80000000 1f 0
85 80000001 8000 0 1 8000 f 1 80000000 1f 0
85 80000001 80000000 0 1 80000000 1f 1 80000000 1f 0
85 0 2 2 1 1 0 0 2 0 1
85 0 2 2 1 2 0 0 2 0 1
85 0 2 2 1 8000 0 0 2 0 1
85 0 2 2 1 80000000 0 0 2 0 1
85 0 2 0 1 1 0 1 2 0 1
85 0 4 0 1 2 1 1 2 0 1
85 0 10000 0 1 8000 f 1 2 0 1
85 0 100000000 0 1 80000000 1f 1 2 0 1
85 80000000 2 2 1 1 0 0 80000000 1e 0
85 80000000 2 2 1 2 0 0 80000000 1e 0
85 80000000 2 2 1 8000 0 0 80000000 1e 0
85 80000000 2 2 1 80000000 0 0 80000000 1e 0
85 80000000 2 0 1 1 0 1 80000000 1e 0
85 80000000 4 0 1 2 1 1 80000000 1e 0
85 80000000 10000 0 1 8000 f 1 80000000 1e 0
85 80000000 100000000 0 1 80000000 1f 1 80000000 1e 0
85 80000001 2 2 1 1 0 0 80000000 1e 0
85 80000001 2 2 1 2 0 0 80000000 1e 0
85 80000001 2 2 1 8000 0 0 80000000 1e 0
85 80000001 2 2 1 80000000 0 0 80000000 1e 0
85 80000001 2 0 1 1 0 1 80000000 1e 0
85 80000001 4 0 1 2 1 1 80000000 1e 0
85 80000001 10000 0 1 8000 f 1 80000000 1e 0
85 80000001 100000000 0 1 80000000 1f 1 80000000 1e 0
85 0 80000000 2 1 1 0 0 80000000 0 1
85 0 80000000 2 1 2 0 0 80000000 0 1
85 0 80000000 2 1 8000 0 0 80000000 0 1
85 0 80000000 2 1 80000000 0 0 80000000 0 1
85 0 80000000 0 1 1 0 1 80000000 0 1
85 0 100000000 0 1 2 1 1 80000000 0 1
85 0 400000000000 0 1 8000 f 1 80000000 0 1
85 0 4000000000000000 0 1 80000000 1f 1 80000000 0 1
85 1 80000000 2 1 1 0 0 80000000 0 1
85 1 80000000 2 1 2 0 0 80000000 0 1
85 1 80000000 2 1 8000 0 0 80000000 0 1
85 1 80000000 2 1 80000000 0 0 80000000 0 1
85 1 80000000 0 1 1 0 1 80000000 0 1
85 1 100000000 0 1 2 1 1 80000000 0 1
85 1 400000000000 0 1 8000 f 1 80000000 0 1
85 1 4000000000000000 0 1 80000000 1f 1 80000000 0 1
85 2 80000000 2 1 1 0 0 80000000 0 1
85 2 80000000 2 1 2 0 0 80000000 0 1
85 2 80000000 2 1 8000 0 0 80000000 0 1
85 2 80000000 2 1 80000000 0 0 80000000 0 1
85 2 80000000 0 1 1 0 1 80000000 0 1
85 2 100000000 0 1 2 1 1 80000000 0 1
85 2 400000000000 0 1 8000 f 1 80000000 0 1
85 2 4000000000000000 0 1 80000000 1f 1 80000000 0 1
85 0 80000001 2 1 1 0 0 80000001 0 1
85 0 80000001 2 1 2 0 0 80000001 0 1
85 0 80000001 2 1 8000 0 0 80000001 0 1
85 0 80000001 2 1 80000000 0 0 80000001 0 1
85 0 80000001 0 1 1 0 1 80000001 0 1
85 0 100000002 0 1 2 1 1 80000001 0 1
85 0 400000008000 0 1 8000 f 1 80000001 0 1
85 0 4000000080000000 0 1 80000000 1f 1 80000001 0 1
85 1 80000001 2 1 1 0 0 80000001 0 1
85 1 80000001 2 1 2 0 0 80000001 0 1
85 1 80000001 2 1 8000 0 0 80000001 0 1
85 1 80000001 2 1 80000000 0 0 80000001 0 1
85 1 80000001 0 1 1 0 1 80000001 0 1
85 1 100000002 0 1 2 1 1 80000001 0 1
85 1 400000008000 0 1 8000 f 1 80000001 0 1
85 1 4000000080000000 0 1 80000000 1f 1 80000001 0 1
85 2 80000001 2 1 1 0 0 80000001 0 1
85 2 80000001 2 1 2 0 0 80000001 0 1
85 2 80000001 2 1 8000 0 0 80000001 0 1
85 2 80000001 2 1 80000000 0 0 80000001 0 1
85 2 80000001 0 1 1 0 1 80000001 0 1
85 2 100000002 0 1 2 1 1 80000001 0 1
85 2 400000008000 0 1 8000 f 1 80000001 0 1
85 2 4000000080000000 0 1 80000000 1f 1 80000001 0 1
85 0 80000000 2 1 1 0 0 80000000 0 1
85 0 80000000 2 1 2 0 0 80000000 0 1
85 0 80000000 2 1 8000 0 0 80000000 0 1
85 0 80000000 2 1 80000000 0 0 80000000 0 1
85 0 80000000 0 1 1 0 1 80000000 0 1
85 0 100000000 0 1 2 1 1 80000000 0 1
85 0 400000000000 0 1 8000 f 1 80000000 0 1
85 0 4000000000000000 0 1 80000000 1f 1 80000000 0 1
85 80000000 80000000 2 1 1 0 0 80000000 0 0
85 80000000 80000000 2 1 2 0 0 80000000 0 0
85 80000000 80000000 2 1 8000 0 0 80000000 0 0
85 80000000 80000000 2 1 80000000 0 0 80000000 0 0
85 80000000 80000000 0 1 1 0 1 80000000 0 0
85 80000000 100000000 0 1 2 1 1 80000000 0 0
85 80000000 400000000000 0 1 8000 f 1 80000000 0 0
85 80000000 4000000000000000 0 1 80000000 1f 1 80000000 0 0
85 80000001 80000000 2 1 1 0 0 80000000 0 0
85 80000001 80000000 2 1 2 0 0 80000000 0 0
85 80000001 80000000 2 1 8000 0 0 80000000 0 0
85 80000001 80000000 2 1 80000000 0 0 80000000 0 0
85 80000001 80000000 0 1 1 0 1 80000000 0 0
85 80000001 100000000 0 1 2 1 1 80000000 0 0
85 80000001 400000000000 0 1 8000 f 1 80000000 0 0
85 80000001 4000000000000000 0 1 80000000 1f 1 80000000 0 0
85 0 80000001 2 1 1 0 0 80000001 0 1
85 0 80000001 2 1 2 0 0 80000001 0 1
85 0 80000001 2 1 8000 0 0 80000001 0 1
85 0 80000001 2 1 80000000 0 0 80000001 0 1
85 0 80000001 0 1 1 0 1 80000001 0 1
85 0 100000002 0 1 2 1 1 80000001 0 1
85 0 400000008000 0 1 8000 f 1 80000001 0 1
85 0 4000000080000000 0 1 80000000 1f 1 80000001 0 1
85 80000000 80000001 2 1 1 0 0 80000001 0 1
85 80000000 80000001 2 1 2 0 0 80000001 0 1
85 80000000 80000001 2 1 8000 0 0 80000001 0 1
85 80000000 80000001 2 1 80000000 0 0 80000001 0 1
85 80000000 80000001 0 1 1 0 1 80000001 0 1
85 80000000 100000002 0 1 2 1 1 80000001 0 1
85 80000000 400000008000 0 1 8000 f 1 80000001 0 1
85 80000000 4000000080000000 0 1 80000000 1f 1 80000001 0 1
85 80000001 80000001 2 1 1 0 0 80000001 0 0
85 80000001 80000001 2 1 2 0 0 80000001 0 0
85 80000001 80000001 2 1 8000 0 0 80000001 0 0
85 80000001 80000001 2 1 80000000 0 0 80000001 0 0
85 80000001 80000001 0 1 1 0 1 80000001 0 0
85 80000001 100000002 0 1 2 1 1 80000001 0 0
85 80000001 400000008000 0 1 8000 f 1 80000001 0 0
85 80000001 4000000080000000 0 1 80000000 1f 1 80000001 0 0
85 0 80000000 2 1 1 0 0 80000000 0 1
85 0 80000000 2 1 2 0 0 80000000 0 1
85 0 80000000 2 1 8000 0 0 80000000 0 1
85 0 80000000 2 1 80000000 0 0 80000000 0 1
85 0 80000000 0 1 1 0 1 80000000 0 1
85 0 100000000 0 1 2 1 1 80000000 0 1
85 0 400000000000 0 1 8000 f 1 80000000 0 1
85 0 4000000000000000 0 1 80000000 1f 1 80000000 0 1
85 4000000000000000 80000000 2 1 1 0 0 4000000000000000 1f 0
85 4000000000000000 80000000 2 1 2 0 0 4000000000000000 1f 0
85 4000000000000000 80000000 2 1 8000 0 0 4000000000000000 1f 0
85 4000000000000000 80000000 2 1 80000000 0 0 4000000000000000 1f 0
85 4000000000000000 80000000 0 1 1 0 1 4000000000000000 1f 0
85 4000000000000000 100000000 0 1 2 1 1 4000000000000000 1f 0
85 4000000000000000 400000000000 0 1 8000 f 1 4000000000000000 1f 0
85 4000000000000000 4000000000000000 0 1 80000000 1f 1 4000000000000000 1f 0
85 4000000000000001 80000000 2 1 1 0 0 4000000000000000 1f 0
85 4000000000000001 80000000 2 1 2 0 0 4000000000000000 1f 0
85 4000000000000001 80000000 2 1 8000 0 0 4000000000000000 1f 0
85 4000000000000001 80000000 2 1 80000000 0 0 4000000000000000 1f 0
85 4000000000000001 80000000 0 1 1 0 1 4000000000000000 1f 0
85 4000000000000001 100000000 0 1 2 1 1 4000000000000000 1f 0
85 4000000000000001 400000000000 0 1 8000 f 1 4000000000000000 1f 0
85 4000000000000001 4000000000000000 0 1 80000000 1f 1 4000000000000000 1f 0
85 0 80000001 2 1 1 0 0 80000001 0 1
85 0 80000001 2 1 2 0 0 80000001 0 1
85 0 80000001 2 1 8000 0 0 80000001 0 1
85 0 80000001 2 1 80000000 0 0 80000001 0 1
85 0 80000001 0 1 1 0 1 80000001 0 1
85 0 100000002 0 1 2 1 1 80000001 0 1
85 0 400000008000 0 1 8000 f 1 80000001 0 1
85 0 4000000080000000 0 1 80000000 1f 1 80000001 0 1
85 4000000000000000 80000001 2 1 1 0 0 2000000040000000 1e 0
85 4000000000000000 80000001 2 1 2 0 0 2000000040000000 1e 0
85 4000000000000000 80000001 2 1 8000 0 0 2000000040000000 1e 0
85 4000000000000000 80000001 2 1 80000000 0 0 2000000040000000 1e 0
85 4000000000000000 80000001 0 1 1 0 1 2000000040000000 1e 0
85 4000000000000000 100000002 0 1 2 1 1 2000000040000000 1e 0
85 4000000000000000 400000008000 0 1 8000 f 1 2000000040000000 1e 0
85 4000000000000000 4000000080000000 0 1 80000000 1f 1 2000000040000000 1e 0
85 4000000000000001 80000001 2 1 1 0 0 2000000040000000 1e 0
85 4000000000000001 80000001 2 1 2 0 0 2000000040000000 1e 0
85 4000000000000001 80000001 2 1 8000 0 0 2000000040000000 1e 0
85 4000000000000001 80000001 2 1 80000000 0 0 2000000040000000 1e 0
85 4000000000000001 80000001 0 1 1 0 1 2000000040000000 1e 0
85 4000000000000001 100000002 0 1 2 1 1 2000000040000000 1e 0
85 4000000000000001 400000008000 0 1 8000 f 1 2000000040000000 1e 0
85 4000000000000001 4000000080000000 0 1 80000000 1f 1 2000000040000000 1e 0
85 0 100000000 2 1 1 0 0 100000000 0 1
85 0 100000000 2 1 2 0 0 100000000 0 1
85 0 100000000 2 1 8000 0 0 100000000 0 1
85 0 100000000 2 1 80000000 0 0 100000000 0 1
85 0 100000000 0 1 1 0 1 100000000 0 1
85 0 200000000 0 1 2 1 1 100000000 0 1
85 0 800000000000 0 1 8000 f 1 100000000 0 1
85 0 8000000000000000 0 1 80000000 1f 1 100000000 0 1
85 1 100000000 2 1 1 0 0 100000000 0 1
85 1 100000000 2 1 2 0 0 100000000 0 1
85 1 100000000 2 1 8000 0 0 100000000 0 1
85 1 100000000 2 1 80000000 0 0 100000000 0 1
85 1 100000000 0 1 1 0 1 100000000 0 1
85 1 200000000 0 1 2 1 1 100000000 0 1
85 1 800000000000 0 1 8000 f 1 100000000 0 1
85 1 8000000000000000 0 1 80000000 1f 1 100000000 0 1
85 2 100000000 2 1 1 0 0 100000000 0 1
85 2 100000000 2 1 2 0 0 100000000 0 1
85 2 100000000 2 1 8000 0 0 100000000 0 1
85 2 100000000 2 1 80000000 0 0 100000000 0 1
85 2 100000000 0 1 1 0 1 100000000 0 1
85 2 200000000 0 1 2 1 1 100000000 0 1
85 2 800000000000 0 1 8000 f 1 100000000 0 1
85 2 8000000000000000 0 1 80000000 1f 1 100000000 0 1
85 0 100000001 2 1 1 0 0 100000001 0 1
85 0 100000001 2 1 2 0 0 100000001 0 1
85 0 100000001 2 1 8000 0 0 100000001 0 1
85 0 100000001 2 1 80000000 0 0 100000001 0 1
85 0 100000001 0 1 1 0 1 100000001 0 1
85 0 200000002 0 1 2 1 1 100000001 0 1
85 0 800000008000 0 1 8000 f 1 100000001 0 1
85 0 8000000080000000 0 1 80000000 1f 1 100000001 0 1
85 1 100000001 2 1 1 0 0 100000001 0 1
85 1 100000001 2 1 2 0 0 100000001 0 1
85 1 100000001 2 1 8000 0 0 100000001 0 1
85 1 100000001 2 1 80000000 0 0 100000001 0 1
85 1 100000001 0 1 1 0 1 100000001 0 1
85 1 200000002 0 1 2 1 1 100000001 0 1
85 1 800000008000 0 1 8000 f 1 100000001 0 1
85 1 8000000080000000 0 1 80000000 1f 1 100000001 0 1
85 2 100000001 2 1 1 0 0 100000001 0 1
85 2 100000001 2 1 2 0 0 100000001 0 1
85 2 100000001 2 1 8000 0 0 100000001 0 1
85 2 100000001 2 1 80000000 0 0 100000001 0 1
85 2 100000001 0 1 1 0 1 100000001 0 1
85 2 200000002 0 1 2 1 1 100000001 0 1
85 2 800000008000 0 1 8000 f 1 100000001 0 1
85 2 8000000080000000 0 1 80000000 1f 1 100000001 0 1
85 0 100000000 2 1 1 0 0 100000000 0 1
85 0 100000000 2 1 2 0 0 100000000 0 1
85 0 100000000 2 1 8000 0 0 100000000 0 1
85 0 100000000 2 1 80000000 0 0 100000000 0 1
85 0 100000000 0 1 1 0 1 100000000 0 1
85 0 200000000 0 1 2 1 1 100000000 0 1
85 0 800000000000 0 1 8000 f 1 100000000 0 1
85 0 8000000000000000 0 1 80000000 1f 1 100000000 0 1
85 100000000 100000000 2 1 1 0 0 100000000 0 0
85 100000000 100000000 2 1 2 0 0 100000000 0 0
85 100000000 100000000 2 1 8000 0 0 100000000 0 0
85 100000000 100000000 2 1 80000000 0 0 100000000 0 0
85 100000000 100000000 0 1 1 0 1 100000000 0 0
85 100000000 200000000 0 1 2 1 1 100000000 0 0
85 100000000 800000000000 0 1 8000 f 1 100000000 0 0
85 100000000 8000000000000000 0 1 80000000 1f 1 100000000 0 0
85 100000001 100000000 2 1 1 0 0 100000000 0 0
85 100000001 100000000 2 1 2 0 0 100000000 0 0
85 100000001 100000000 2 1 8000 0 0 100000000 0 0
85 100000001 100000000 2 1 80000000 0 0 100000000 0 0
85 100000001 100000000 0 1 1 0 1 100000000 0 0
85 100000001 200000000 0 1 2 1 1 100000000 0 0
85 100000001 800000000000 0 1 8000 f 1 100000000 0 0
85 100000001 8000000000000000 0 1 80000000 1f 1 100000000 0 0
85 0 100000001 2 1 1 0 0 100000001 0 1
85 0 100000001 2 1 2 0 0 100000001 0 1
85 0 100000001 2 1 8000 0 0 100000001 0 1
85 0 100000001 2 1 80000000 0 0 100000001 0 1
85 0 100000001 0 1 1 0 1 100000001 0 1
85 0 200000002 0 1 2 1 1 100000001 0 1
85 0 800000008000 0 1 8000 f 1 100000001 0 1
85 0 8000000080000000 0 1 80000000 1f 1 100000001 0 1
85 100000000 100000001 2 1 1 0 0 100000001 0 1
85 100000000 100000001 2 1 2 0 0 100000001 0 1
85 100000000 100000001 2 1 8000 0 0 100000001 0 1
85 100000000 100000001 2 1 80000000 0 0 100000001 0 1
85 100000000 100000001 0 1 1 0 1 100000001 0 1
85 100000000 200000002 0 1 2 1 1 100000001 0 1
85 100000000 800000008000 0 1 8000 f 1 100000001 0 1
85 100000000 8000000080000000 0 1 80000000 1f 1 100000001 0 1
85 100000001 100000001 2 1 1 0 0 100000001 0 0
85 100000001 100000001 2 1 2 0 0 100000001 0 0
85 100000001 100000001 2 1 8000 0 0 100000001 0 0
85 100000001 100000001 2 1 80000000 0 0 100000001 0 0
85 100000001 100000001 0 1 1 0 1 100000001 0 0
85 100000001 200000002 0 1 2 1 1 100000001 0 0
85 100000001 800000008000 0 1 8000 f 1 100000001 0 0
85 100000001 8000000080000000 0 1 80000000 1f 1 100000001 0 0
85 0 100000000 2 1 1 0 0 100000000 0 1
85 0 100000000 2 1 2 0 0 100000000 0 1
85 0 100000000 2 1 8000 0 0 100000000 0 1
85 0 100000000 2 1 80000000 0 0 100000000 0 1
85 0 100000000 0 1 1 0 1 100000000 0 1
85 0 200000000 0 1 2 1 1 100000000 0 1
85 0 800000000000 0 1 8000 f 1 100000000 0 1
85 0 8000000000000000 0 1 80000000 1f 1 100000000 0 1
85 8000000000000000 100000000 2 1 1 0 0 8000000000000000 1f 0
85 8000000000000000 100000000 2 1 2 0 0 8000000000000000 1f 0
85 8000000000000000 100000000 2 1 8000 0 0 8000000000000000 1f 0
85 8000000000000000 100000000 2 1 80000000 0 0 8000000000000000 1f 0
85 8000000000000000 100000000 0 1 1 0 1 8000000000000000 1f 0
85 8000000000000000 200000000 0 1 2 1 1 8000000000000000 1f 0
85 8000000000000000 800000000000 0 1 8000 f 1 8000000000000000 1f 0
85 8000000000000000 8000000000000000 0 1 80000000 1f 1 8000000000000000 1f 0
85 8000000000000001 100000000 2 1 1 0 0 8000000000000000 1f 0
85 8000000000000001 100000000 2 1 2 0 0 8000000000000000 1f 0
85 8000000000000001 100000000 2 1 8000 0 0 8000000000000000 1f 0
85 8000000000000001 100000000 2 1 80000000 0 0 8000000000000000 1f 0
85 8000000000000001 100000000 0 1 1 0 1 8000000000000000 1f 0
85 8000000000000001 200000000 0 1 2 1 1 8000000000000000 1f 0
85 8000000000000001 800000000000 0 1 8000 f 1 8000000000000000 1f 0
85 8000000000000001 8000000000000000 0 1 80000000 1f 1 8000000000000000 1f 0
85 0 100000001 2 1 1 0 0 100000001 0 1
85 0 100000001 2 1 2 0 0 100000001 0 1
85 0 100000001 2 1 8000 0 0 100000001 0 1
85 0 100000001 2 1 80000000 0 0 100000001 0 1
85 0 100000001 0 1 1 0 1 100000001 0 1
85 0 200000002 0 1 2 1 1 100000001 0 1
85 0 800000008000 0 1 8000 f 1 100000001 0 1
85 0 8000000080000000 0 1 80000000 1f 1 100000001 0 1
85 8000000000000000 100000001 2 1 1 0 0 4000000040000000 1e 0
85 8000000000000000 100000001 2 1 2 0 0 4000000040000000 1e 0
85 8000000000000000 100000001 2 1 8000 0 0 4000000040000000 1e 0
85 8000000000000000 100000001 2 1 80000000 0 0 4000000040000000 1e 0
85 8000000000000000 100000001 0 1 1 0 1 4000000040000000 1e 0
85 8000000000000000 200000002 0 1 2 1 1 4000000040000000 1e 0
85 8000000000000000 800000008000 0 1 8000 f 1 4000000040000000 1e 0
85 8000000000000000 8000000080000000 0 1 80000000 1f 1 4000000040000000 1e 0
85 8000000000000001 100000001 2 1 1 0 0 4000000040000000 1e 0
85 8000000000000001 100000001 2 1 2 0 0 4000000040000000 1e 0
85 8000000000000001 100000001 2 1 8000 0 0 4000000040000000 1e 0
85 8000000000000001 100000001 2 1 80000000 0 0 4000000040000000 1e 0
85 8000000000000001 100000001 0 1 1 0 1 4000000040000000 1e 0
85 8000000000000001 200000002 0 1 2 1 1 4000000040000000 1e 0
85 8000000000000001 800000008000 0 1 8000 f 1 4000000040000000 1e 0
85 8000000000000001 8000000080000000 0 1 80000000 1f 1 4000000040000000 1e 0
85 0 40000000000 2 1 1 0 0 40000000000 0 1
85 0 40000000000 2 1 2 0 0 40000000000 0 1
85 0 40000000000 2 1 8000 0 0 40000000000 0 1
85 0 40000000000 2 1 80000000 0 0 40000000000 0 1
85 0 40000000000 0 1 1 0 1 40000000000 0 1
85 0 80000000000 0 1 2 1 1 40000000000 0 1
85 0 200000000000000 0 1 8000 f 1 40000000000 0 1
85 0 2000000000000000000 0 1 80000000 1f 1 40000000000 0 1
85 1 40000000000 2 1 1 0 0 40000000000 0 1
85 1 40000000000 2 1 2 0 0 40000000000 0 1
85 1 40000000000 2 1 8000 0 0 40000000000 0 1
85 1 40000000000 2 1 80000000 0 0 40000000000 0 1
85 1 40000000000 0 1 1 0 1 40000000000 0 1
85 1 80000000000 0 1 2 1 1 40000000000 0 1
85 1 200000000000000 0 1 8000 f 1 40000000000 0 1
85 1 2000000000000000000 0 1 80000000 1f 1 40000000000 0 1
85 2 40000000000 2 1 1 0 0 40000000000 0 1
85 2 40000000000 2 1 2 0 0 40000000000 0 1
85 2 40000000000 2 1 8000 0 0 40000000000 0 1
85 2 40000000000 2 1 80000000 0 0 40000000000 0 1
85 2 40000000000 0 1 1 0 1 40000000000 0 1
85 2 80000000000 0 1 2 1 1 40000000000 0 1
85 2 200000000000000 0 1 8000 f 1 40000000000 0 1
85 2 2000000000000000000 0 1 80000000 1f 1 40000000000 0 1
85 0 40000000001 2 1 1 0 0 40000000001 0 1
85 0 40000000001 2 1 2 0 0 40000000001 0 1
85 0 40000000001 2 1 8000 0 0 40000000001 0 1
85 0 40000000001 2 1 80000000 0 0 40000000001 0 1
85 0 40000000001 0 1 1 0 1 40000000001 0 1
85 0 80000000002 0 1 2 1 1 40000000001 0 1
85 0 200000000008000 0 1 8000 f 1 40000000001 0 1
85 0 2000000000080000000 0 1 80000000 1f 1 40000000001 0 1
85 1 40000000001 2 1 1 0 0 40000000001 0 1
85 1 40000000001 2 1 2 0 0 40000000001 0 1
85 1 40000000001 2 1 8000 0 0 40000000001 0 1
85 1 40000000001 2 1 80000000 0 0 40000000001 0 1
85 1 40000000001 0 1 1 0 1 40000000001 0 1
85 1 80000000002 0 1 2 1 1 40000000001 0 1
85 1 200000000008000 0 1 8000 f 1 40000000001 0 1
85 1 2000000000080000000 0 1 80000000 1f 1 40000000001 0 1
85 2 40000000001 2 1 1 0 0 40000000001 0 1
85 2 40000000001 2 1 2 0 0 40000000001 0 1
85 2 40000000001 2 1 8000 0 0 40000000001 0 1
85 2 40000000001 2 1 80000000 0 0 40000000001 0 1
85 2 40000000001 0 1 1 0 1 40000000001 0 1
85 2 80000000002 0 1 2 1 1 40000000001 0 1
85 2 200000000008000 0 1 8000 f 1 40000000001 0 1
85 2 2000000000080000000 0 1 80000000 1f 1 40000000001 0 1
85 0 40000000000 2 1 1 0 0 40000000000 0 1
85 0 40000000000 2 1 2 0 0 40000000000 0 1
85 0 40000000000 2 1 8000 0 0 40000000000 0 1
85 0 40000000000 2 1 80000000 0 0 40000000000 0 1
85 0 40000000000 0 1 1 0 1 40000000000 0 1
85 0 80000000000 0 1 2 1 1 40000000000 0 1
85 0 200000000000000 0 1 8000 f 1 40000000000 0 1
85 0 2000000000000000000 0 1 80000000 1f 1 40000000000 0 1
85 200 40000000000 2 1 1 0 0 40000000000 0 1
85 200 40000000000 2 1 2 0 0 40000000000 0 1
85 200 40000000000 2 1 8000 0 0 40000000000 0 1
85 200 40000000000 2 1 80000000 0 0 40000000000 0 1
85 200 40000000000 0 1 1 0 1 40000000000 0 1
85 200 80000000000 0 1 2 1 1 40000000000 0 1
85 200 200000000000000 0 1 8000 f 1 40000000000 0 1
85 200 2000000000000000000 0 1 80000000 1f 1 40000000000 0 1
85 201 40000000000 2 1 1 0 0 40000000000 0 1
85 201 40000000000 2 1 2 0 0 40000000000 0 1
85 201 40000000000 2 1 8000 0 0 40000000000 0 1
85 201 40000000000 2 1 80000000 0 0 40000000000 0 1
85 201 40000000000 0 1 1 0 1 40000000000 0 1
85 201 80000000000 0 1 2 1 1 40000000000 0 1
85 201 200000000000000 0 1 8000 f 1 40000000000 0 1
85 201 2000000000000000000 0 1 80000000 1f 1 40000000000 0 1
85 0 40000000001 2 1 1 0 0 40000000001 0 1
85 0 40000000001 2 1 2 0 0 40000000001 0 1
85 0 40000000001 2 1 8000 0 0 40000000001 0 1
85 0 40000000001 2 1 80000000 0 0 40000000001 0 1
85 0 40000000001 0 1 1 0 1 40000000001 0 1
85 0 80000000002 0 1 2 1 1 40000000001 0 1
85 0 200000000008000 0 1 8000 f 1 40000000001 0 1
85 0 2000000000080000000 0 1 80000000 1f 1 40000000001 0 1
85 200 40000000001 2 1 1 0 0 40000000001 0 1
85 200 40000000001 2 1 2 0 0 40000000001 0 1
85 200 40000000001 2 1 8000 0 0 40000000001 0 1
85 200 40000000001 2 1 80000000 0 0 40000000001 0 1
85 200 40000000001 0 1 1 0 1 40000000001 0 1
85 200 80000000002 0 1 2 1 1 40000000001 0 1
85 200 200000000008000 0 1 8000 f 1 40000000001 0 1
85 200 2000000000080000000 0 1 80000000 1f 1 40000000001 0 1
85 201 40000000001 2 1 1 0 0 40000000001 0 1
85 201 40000000001 2 1 2 0 0 40000000001 0 1
85 201 40000000001 2 1 8000 0 0 40000000001 0 1
85 201 40000000001 2 1 80000000 0 0 40000000001 0 1
85 201 40000000001 0 1 1 0 1 40000000001 0 1
85 201 80000000002 0 1 2 1 1 40000000001 0 1
85 201 200000000008000 0 1 8000 f 1 40000000001 0 1
85 201 2000000000080000000 0 1 80000000 1f 1 40000000001 0 1
85 0 40000000000 2 1 1 0 0 40000000000 0 1
85 0 40000000000 2 1 2 0 0 40000000000 0 1
85 0 40000000000 2 1 8000 0 0 40000000000 0 1
85 0 40000000000 2 1 80000000 0 0 40000000000 0 1
85 0 40000000000 0 1 1 0 1 40000000000 0 1
85 0 80000000000 0 1 2 1 1 40000000000 0 1
85 0 200000000000000 0 1 8000 f 1 40000000000 0 1
85 0 2000000000000000000 0 1 80000000 1f 1 40000000000 0 1
85 40000000000 40000000000 2 1 1 0 0 40000000000 0 0
85 40000000000 40000000000 2 1 2 0 0 40000000000 0 0
85 40000000000 40000000000 2 1 8000 0 0 40000000000 0 0
85 40000000000 40000000000 2 1 80000000 0 0 40000000000 0 0
85 40000000000 40000000000 0 1 1 0 1 40000000000 0 0
85 40000000000 80000000000 0 1 2 1 1 40000000000 0 0
85 40000000000 200000000000000 0 1 8000 f 1 40000000000 0 0
85 40000000000 2000000000000000000 0 1 80000000 1f 1 40000000000 0 0
85 40000000001 40000000000 2 1 1 0 0 40000000000 0 0
85 40000000001 40000000000 2 1 2 0 0 40000000000 0 0
85 40000000001 40000000000 2 1 8000 0 0 40000000000 0 0
85 40000000001 40000000000 2 1 80000000 0 0 40000000000 0 0
85 40000000001 40000000000 0 1 1 0 1 40000000000 0 0
85 40000000001 80000000000 0 1 2 1 1 40000000000 0 0
85 40000000001 200000000000000 0 1 8000 f 1 40000000000 0 0
85 40000000001 2000000000000000000 0 1 80000000 1f 1 40000000000 0 0
85 0 40000000001 2 1 1 0 0 40000000001 0 1
85 0 40000000001 2 1 2 0 0 40000000001 0 1
85 0 40000000001 2 1 8000 0 0 40000000001 0 1
85 0 40000000001 2 1 80000000 0 0 40000000001 0 1
85 0 40000000001 0 1 1 0 1 40000000001 0 1
85 0 80000000002 0 1 2 1 1 40000000001 0 1
85 0 200000000008000 0 1 8000 f 1 40000000001 0 1
85 0 2000000000080000000 0 1 80000000 1f 1 40000000001 0 1
85 40000000000 40000000001 2 1 1 0 0 40000000001 0 1
85 40000000000 40000000001 2 1 2 0 0 40000000001 0 1
85 40000000000 40000000001 2 1 8000 0 0 40000000001 0 1
85 40000000000 40000000001 2 1 80000000 0 0 40000000001 0 1
85 40000000000 40000000001 0 1 1 0 1 40000000001 0 1
85 40000000000 80000000002 0 1 2 1 1 40000000001 0 1
85 40000000000 200000000008000 0 1 8000 f 1 40000000001 0 1
85 40000000000 2000000000080000000 0 1 80000000 1f 1 40000000001 0 1
85 40000000001 40000000001 2 1 1 0 0 40000000001 0 0
85 40000000001 40000000001 2 1 2 0 0 40000000001 0 0
85 40000000001 40000000001 2 1 8000 0 0 40000000001 0 0
85 40000000001 40000000001 2 1 80000000 0 0 40000000001 0 0
85 40000000001 40000000001 0 1 1 0 1 40000000001 0 0
85 40000000001 80000000002 0 1 2 1 1 40000000001 0 0
85 40000000001 200000000008000 0 1 8000 f 1 40000000001 0 0
85 40000000001 2000000000080000000 0 1 80000000 1f 1 40000000001 0 0
85 0 40000000000 2 1 1 0 0 40000000000 0 1
85 0 40000000000 2 1 2 0 0 40000000000 0 1
85 0 40000000000 2 1 8000 0 0 40000000000 0 1
85 0 40000000000 2 1 80000000 0 0 40000000000 0 1
85 0 40000000000 0 1 1 0 1 40000000000 0 1
85 0 80000000000 0 1 2 1 1 40000000000 0 1
85 0 200000000000000 0 1 8000 f 1 40000000000 0 1
85 0 2000000000000000000 0 1 80000000 1f 1 40000000000 0 1
85 2000000000000000000 40000000000 2 1 1 0 0 2000000000000000000 1f 0
85 2000000000000000000 40000000000 2 1 2 0 0 2000000000000000000 1f 0
85 2000000000000000000 40000000000 2 1 8000 0 0 2000000000000000000 1f 0
85 2000000000000000000 40000000000 2 1 80000000 0 0 2000000000000000000 1f 0
85 2000000000000000000 40000000000 0 1 1 0 1 2000000000000000000 1f 0
85 2000000000000000000 80000000000 0 1 2 1 1 2000000000000000000 1f 0
85 2000000000000000000 200000000000000 0 1 8000 f 1 2000000000000000000 1f 0
85 2000000000000000000 2000000000000000000 0 1 80000000 1f 1 2000000000000000000 1f 0
85 2000000000000000001 40000000000 2 1 1 0 0 2000000000000000000 1f 0
85 2000000000000000001 40000000000 2 1 2 0 0 2000000000000000000 1f 0
85 2000000000000000001 40000000000 2 1 8000 0 0 2000000000000000000 1f 0
85 2000000000000000001 40000000000 2 1 80000000 0 0 2000000000000000000 1f 0
85 2000000000000000001 40000000000 0 1 1 0 1 2000000000000000000 1f 0
85 2000000000000000001 80000000000 0 1 2 1 1 2000000000000000000 1f 0
85 2000000000000000001 200000000000000 0 1 8000 f 1 2000000000000000000 1f 0
85 2000000000000000001 2000000000000000000 0 1 80000000 1f 1 2000000000000000000 1f 0
85 0 40000000001 2 1 1 0 0 40000000001 0 1
85 0 40000000001 2 1 2 0 0 40000000001 0 1
85 0 40000000001 2 1 8000 0 0 40000000001 0 1
85 0 40000000001 2 1 80000000 0 0 40000000001 0 1
85 0 40000000001 0 1 1 0 1 40000000001 0 1
85 0 80000000002 0 1 2 1 1 40000000001 0 1
85 0 200000000008000 0 1 8000 f 1 40000000001 0 1
85 0 2000000000080000000 0 1 80000000 1f 1 40000000001 0 1
85 2000000000000000000 40000000001 2 1 1 0 0 1000000000040000000 1e 0
85 2000000000000000000 40000000001 2 1 2 0 0 1000000000040000000 1e 0
85 2000000000000000000 40000000001 2 1 8000 0 0 1000000000040000000 1e 0
85 2000000000000000000 40000000001 2 1 80000000 0 0 1000000000040000000 1e 0
85 2000000000000000000 40000000001 0 1 1 0 1 1000000000040000000 1e 0
85 2000000000000000000 80000000002 0 1 2 1 1 1000000000040000000 1e 0
85 2000000000000000000 200000000008000 0 1 8000 f 1 1000000000040000000 1e 0
85 2000000000000000000 2000000000080000000 0 1 80000000 1f 1 1000000000040000000 1e 0
85 2000000000000000001 40000000001 2 1 1 0 0 1000000000040000000 1e 0
85 2000000000000000001 40000000001 2 1 2 0 0 1000000000040000000 1e 0
85 2000000000000000001 40000000001 2 1 8000 0 0 1000000000040000000 1e 0
85 2000000000000000001 40000000001 2 1 80000000 0 0 1000000000040000000 1e 0
85 2000000000000000001 40000000001 0 1 1 0 1 1000000000040000000 1e 0
85 2000000000000000001 80000000002 0 1 2 1 1 1000000000040000000 1e 0
85 2000000000000000001 200000000008000 0 1 8000 f 1 1000000000040000000 1e 0
85 2000000000000000001 2000000000080000000 0 1 80000000 1f 1 1000000000040000000 1e 0
85 0 8000000000000 2 1 1 0 0 8000000000000 0 1
85 0 8000000000000 2 1 2 0 0 8000000000000 0 1
85 0 8000000000000 2 1 8000 0 0 8000000000000 0 1
85 0 8000000000000 2 1 80000000 0 0 8000000000000 0 1
85 0 8000000000000 0 1 1 0 1 8000000000000 0 1
85 0 10000000000000 0 1 2 1 1 8000000000000 0 1
85 0 40000000000000000 0 1 8000 f 1 8000000000000 0 1
85 0 400000000000000000000 0 1 80000000 1f 1 8000000000000 0 1
85 1 8000000000000 2 1 1 0 0 8000000000000 0 1
85 1 8000000000000 2 1 2 0 0 8000000000000 0 1
85 1 8000000000000 2 1 8000 0 0 8000000000000 0 1
85 1 8000000000000 2 1 80000000 0 0 8000000000000 0 1
85 1 8000000000000 0 1 1 0 1 8000000000000 0 1
85 1 10000000000000 0 1 2 1 1 8000000000000 0 1
85 1 40000000000000000 0 1 8000 f 1 8000000000000 0 1
85 1 400000000000000000000 0 1 80000000 1f 1 8000000000000 0 1
85 2 8000000000000 2 1 1 0 0 8000000000000 0 1
85 2 8000000000000 2 1 2 0 0 8000000000000 0 1
85 2 8000000000000 2 1 8000 0 0 8000000000000 0 1
85 2 8000000000000 2 1 80000000 0 0 8000000000000 0 1
85 2 8000000000000 0 1 1 0 1 8000000000000 0 1
85 2 10000000000000 0 1 2 1 1 8000000000000 0 1
85 2 40000000000000000 0 1 8000 f 1 8000000000000 0 1
85 2 400000000000000000000 0 1 80000000 1f 1 8000000000000 0 1
85 0 8000000000001 2 1 1 0 0 8000000000001 0 1
85 0 8000000000001 2 1 2 0 0 8000000000001 0 1
85 0 8000000000001 2 1 8000 0 0 8000000000001 0 1
85 0 8000000000001 2 1 80000000 0 0 8000000000001 0 1
85 0 8000000000001 0 1 1 0 1 8000000000001 0 1
85 0 10000000000002 0 1 2 1 1 8000000000001 0 1
85 0 40000000000008000 0 1 8000 f 1 8000000000001 0 1
85 0 400000000000080000000 0 1 80000000 1f 1 8000000000001 0 1
85 1 8000000000001 2 1 1 0 0 8000000000001 0 1
85 1 8000000000001 2 1 2 0 0 8000000000001 0 1
85 1 8000000000001 2 1 8000 0 0 8000000000001 0 1
85 1 8000000000001 2 1 80000000 0 0 8000000000001 0 1
85 1 8000000000001 0 1 1 0 1 8000000000001 0 1
85 1 10000000000002 0 1 2 1 1 8000000000001 0 1
85 1 40000000000008000 0 1 8000 f 1 8000000000001 0 1
85 1 400000000000080000000 0 1 80000000 1f 1 8000000000001 0 1
85 2 8000000000001 2 1 1 0 0 8000000000001 0 1
85 2 8000000000001 2 1 2 0 0 8000000000001 0 1
85 2 8000000000001 2 1 8000 0 0 8000000000001 0 1
85 2 8000000000001 2 1 80000000 0 0 8000000000001 0 1
85 2 8000000000001 0 1 1 0 1 8000000000001 0 1
85 2 10000000000002 0 1 2 1 1 8000000000001 0 1
85 2 40000000000008000 0 1 8000 f 1 8000000000001 0 1
85 2 400000000000080000000 0 1 80000000 1f 1 8000000000001 0 1
85 0 8000000000000 2 1 1 0 0 8000000000000 0 1
85 0 8000000000000 2 1 2 0 0 8000000000000 0 1
85 0 8000000000000 2 1 8000 0 0 8000000000000 0 1
85 0 8000000000000 2 1 80000000 0 0 8000000000000 0 1
85 0 8000000000000 0 1 1 0 1 8000000000000 0 1
85 0 10000000000000 0 1 2 1 1 8000000000000 0 1
85 0 40000000000000000 0 1 8000 f 1 8000000000000 0 1
85 0 400000000000000000000 0 1 80000000 1f 1 8000000000000 0 1
85 40000 8000000000000 2 1 1 0 0 8000000000000 0 1
85 40000 8000000000000 2 1 2 0 0 8000000000000 0 1
85 40000 8000000000000 2 1 8000 0 0 8000000000000 0 1
85 40000 8000000000000 2 1 80000000 0 0 8000000000000 0 1
85 40000 8000000000000 0 1 1 0 1 8000000000000 0 1
85 40000 10000000000000 0 1 2 1 1 8000000000000 0 1
85 40000 40000000000000000 0 1 8000 f 1 8000000000000 0 1
85 40000 400000000000000000000 0 1 80000000 1f 1 8000000000000 0 1
85 40001 8000000000000 2 1 1 0 0 8000000000000 0 1
85 40001 8000000000000 2 1 2 0 0 8000000000000 0 1
85 40001 8000000000000 2 1 8000 0 0 8000000000000 0 1
85 40001 8000000000000 2 1 80000000 0 0 8000000000000 0 1
85 40001 8000000000000 0 1 1 0 1 8000000000000 0 1
85 40001 10000000000000 0 1 2 1 1 8000000000000 0 1
85 40001 40000000000000000 0 1 8000 f 1 8000000000000 0 1
85 40001 400000000000000000000 0 1 80000000 1f 1 8000000000000 0 1
85 0 8000000000001 2 1 1 0 0 8000000000001 0 1
85 0 8000000000001 2 1 2 0 0 8000000000001 0 1
85 0 8000000000001 2 1 8000 0 0 8000000000001 0 1
85 0 8000000000001 2 1 80000000 0 0 8000000000001 0 1
85 0 8000000000001 0 1 1 0 1 8000000000001 0 1
85 0 10000000000002 0 1 2 1 1 8000000000001 0 1
85 0 40000000000008000 0 1 8000 f 1 8000000000001 0 1
85 0 400000000000080000000 0 1 80000000 1f 1 8000000000001 0 1
85 40000 8000000000001 2 1 1 0 0 8000000000001 0 1
85 40000 8000000000001 2 1 2 0 0 8000000000001 0 1
85 40000 8000000000001 2 1 8000 0 0 8000000000001 0 1
85 40000 8000000000001 2 1 80000000 0 0 8000000000001 0 1
85 40000 8000000000001 0 1 1 0 1 8000000000001 0 1
85 40000 10000000000002 0 1 2 1 1 8000000000001 0 1
85 40000 40000000000008000 0 1 8000 f 1 8000000000001 0 1
85 40000 400000000000080000000 0 1 80000000 1f 1 8000000000001 0 1
85 40001 8000000000001 2 1 1 0 0 8000000000001 0 1
85 40001 8000000000001 2 1 2 0 0 8000000000001 0 1
85 40001 8000000000001 2 1 8000 0 0 8000000000001 0 1
85 40001 8000000000001 2 1 80000000 0 0 8000000000001 0 1
85 40001 8000000000001 0 1 1 0 1 8000000000001 0 1
85 40001 10000000000002 0 1 2 1 1 8000000000001 0 1
85 40001 40000000000008000 0 1 8000 f 1 8000000000001 0 1
85 40001 400000000000080000000 0 1 80000000 1f 1 8000000000001 0 1
85 0 8000000000000 2 1 1 0 0 8000000000000 0 1
85 0 8000000000000 2 1 2 0 0 8000000000000 0 1
85 0 8000000000000 2 1 8000 0 0 8000000000000 0 1
85 0 8000000000000 2 1 80000000 0 0 8000000000000 0 1
85 0 8000000000000 0 1 1 0 1 8000000000000 0 1
85 0 10000000000000 0 1 2 1 1 8000000000000 0 1
85 0 40000000000000000 0 1 8000 f 1 8000000000000 0 1
85 0 400000000000000000000 0 1 80000000 1f 1 8000000000000 0 1
85 8000000000000 8000000000000 2 1 1 0 0 8000000000000 0 0
85 8000000000000 8000000000000 2 1 2 0 0 8000000000000 0 0
85 8000000000000 8000000000000 2 1 8000 0 0 8000000000000 0 0
85 8000000000000 8000000000000 2 1 80000000 0 0 8000000000000 0 0
85 8000000000000 8000000000000 0 1 1 0 1 8000000000000 0 0
85 8000000000000 10000000000000 0 1 2 1 1 8000000000000 0 0
85 8000000000000 40000000000000000 0 1 8000 f 1 8000000000000 0 0
85 8000000000000 400000000000000000000 0 1 80000000 1f 1 8000000000000 0 0
85 8000000000001 8000000000000 2 1 1 0 0 8000000000000 0 0
85 8000000000001 8000000000000 2 1 2 0 0 8000000000000 0 0
85 8000000000001 8000000000000 2 1 8000 0 0 8000000000000 0 0
85 8000000000001 8000000000000 2 1 80000000 0 0 8000000000000 0 0
85 8000000000001 8000000000000 0 1 1 0 1 8000000000000 0 0
85 8000000000001 10000000000000 0 1 2 1 1 8000000000000 0 0
85 8000000000001 40000000000000000 0 1 8000 f 1 8000000000000 0 0
85 8000000000001 400000000000000000000 0 1 80000000 1f 1 8000000000000 0 0
85 0 8000000000001 2 1 1 0 0 8000000000001 0 1
85 0 8000000000001 2 1 2 0 0 8000000000001 0 1
85 0 8000000000001 2 1 8000 0 0 8000000000001 0 1
85 0 8000000000001 2 1 80000000 0 0 8000000000001 0 1
85 0 8000000000001 0 1 1 0 1 8000000000001 0 1
85 0 10000000000002 0 1 2 1 1 8000000000001 0 1
85 0 40000000000008000 0 1 8000 f 1 8000000000001 0 1
85 0 400000000000080000000 0 1 80000000 1f 1 8000000000001 0 1
85 8000000000000 8000000000001 2 1 1 0 0 8000000000001 0 1
85 8000000000000 8000000000001 2 1 2 0 0 8000000000001 0 1
85 8000000000000 8000000000001 2 1 8000 0 0 8000000000001 0 1
85 8000000000000 8000000000001 2 1 80000000 0 0 8000000000001 0 1
85 8000000000000 8000000000001 0 1 1 0 1 8000000000001 0 1
85 8000000000000 10000000000002 0 1 2 1 1 8000000000001 0 1
85 8000000000000 40000000000008000 0 1 8000 f 1 8000000000001 0 1
85 8000000000000 400000000000080000000 0 1 80000000 1f 1 8000000000001 0 1
85 8000000000001 8000000000001 2 1 1 0 0 8000000000001 0 0
85 8000000000001 8000000000001 2 1 2 0 0 8000000000001 0 0
85 8000000000001 8000000000001 2 1 8000 0 0 8000000000001 0 0
85 8000000000001 8000000000001 2 1 80000000 0 0 8000000000001 0 0
85 8000000000001 8000000000001 0 1 1 0 1 8000000000001 0 0
85 8000000000001 10000000000002 0 1 2 1 1 8000000000001 0 0
85 8000000000001 40000000000008000 0 1 8000 f 1 8000000000001 0 0
85 8000000000001 400000000000080000000 0 1 80000000 1f 1 8000000000001 0 0
85 0 8000000000000 2 1 1 0 0 8000000000000 0 1
85 0 8000000000000 2 1 2 0 0 8000000000000 0 1
85 0 8000000000000 2 1 8000 0 0 8000000000000 0 1
85 0 8000000000000 2 1 80000000 0 0 8000000000000 0 1
85 0 8000000000000 0 1 1 0 1 8000000000000 0 1
85 0 10000000000000 0 1 2 1 1 8000000000000 0 1
85 0 40000000000000000 0 1 8000 f 1 8000000000000 0 1
85 0 400000000000000000000 0 1 80000000 1f 1 8000000000000 0 1
85 400000000000000000000 8000000000000 2 1 1 0 0 400000000000000000000 1f 0
85 400000000000000000000 8000000000000 2 1 2 0 0 400000000000000000000 1f 0
85 400000000000000000000 8000000000000 2 1 8000 0 0 400000000000000000000 1f 0
85 400000000000000000000 8000000000000 2 1 80000000 0 0 400000000000000000000 1f 0
85 400000000000000000000 8000000000000 0 1 1 0 1 400000000000000000000 1f 0
85 400000000000000000000 10000000000000 0 1 2 1 1 400000000000000000000 1f 0
85 400000000000000000000 40000000000000000 0 1 8000 f 1 400000000000000000000 1f 0
85 400000000000000000000 400000000000000000000 0 1 80000000 1f 1 400000000000000000000 1f 0
85 400000000000000000001 8000000000000 2 1 1 0 0 400000000000000000000 1f 0
85 400000000000000000001 8000000000000 2 1 2 0 0 400000000000000000000 1f 0
85 400000000000000000001 8000000000000 2 1 8000 0 0 400000000000000000000 1f 0
85 400000000000000000001 8000000000000 2 1 80000000 0 0 400000000000000000000 1f 0
85 400000000000000000001 8000000000000 0 1 1 0 1 400000000000000000000 1f 0
85 400000000000000000001 10000000000000 0 1 2 1 1 400000000000000000000 1f 0
85 400000000000000000001 40000000000000000 0 1 8000 f 1 400000000000000000000 1f 0
85 400000000000000000001 400000000000000000000 0 1 80000000 1f 1 400000000000000000000 1f 0
85 0 8000000000001 2 1 1 0 0 8000000000001 0 1
85 0 8000000000001 2 1 2 0 0 8000000000001 0 1
85 0 8000000000001 2 1 8000 0 0 8000000000001 0 1
85 0 8000000000001 2 1 80000000 0 0 8000000000001 0 1
85 0 8000000000001 0 1 1 0 1 8000000000001 0 1
85 0 10000000000002 0 1 2 1 1 8000000000001 0 1
85 0 40000000000008000 0 1 8000 f 1 8000000000001 0 1
85 0 400000000000080000000 0 1 80000000 1f 1 8000000000001 0 1
85 400000000000000000000 8000000000001 2 1 1 0 0 200000000000040000000 1e 0
85 400000000000000000000 8000000000001 2 1 2 0 0 200000000000040000000 1e 0
85 400000000000000000000 8000000000001 2 1 8000 0 0 200000000000040000000 1e 0
85 400000000000000000000 8000000000001 2 1 80000000 0 0 200000000000040000000 1e 0
85 400000000000000000000 8000000000001 0 1 1 0 1 200000000000040000000 1e 0
85 400000000000000000000 10000000000002 0 1 2 1 1 200000000000040000000 1e 0
85 400000000000000000000 40000000000008000 0 1 8000 f 1 200000000000040000000 1e 0
85 400000000000000000000 400000000000080000000 0 1 80000000 1f 1 200000000000040000000 1e 0
85 400000000000000000001 8000000000001 2 1 1 0 0 200000000000040000000 1e 0
85 400000000000000000001 8000000000001 2 1 2 0 0 200000000000040000000 1e 0
85 400000000000000000001 8000000000001 2 1 8000 0 0 200000000000040000000 1e 0
85 400000000000000000001 8000000000001 2 1 80000000 0 0 200000000000040000000 1e 0
85 400000000000000000001 8000000000001 0 1 1 0 1 200000000000040000000 1e 0
85 400000000000000000001 10000000000002 0 1 2 1 1 200000000000040000000 1e 0
85 400000000000000000001 40000000000008000 0 1 8000 f 1 200000000000040000000 1e 0
85 400000000000000000001 400000000000080000000 0 1 80000000 1f 1 200000000000040000000 1e 0
85 0 800000000000000000000 2 1 1 0 0 800000000000000000000 0 1
85 0 800000000000000000000 2 1 2 0 0 800000000000000000000 0 1
85 0 800000000000000000000 2 1 8000 0 0 800000000000000000000 0 1
85 0 800000000000000000000 2 1 80000000 0 0 800000000000000000000 0 1
85 0 800000000000000000000 0 1 1 0 1 800000000000000000000 0 1
85 0 1000000000000000000000 0 1 2 1 1 800000000000000000000 0 1
85 1 800000000000000000000 2 1 1 0 0 800000000000000000000 0 1
85 1 800000000000000000000 2 1 2 0 0 800000000000000000000 0 1
85 1 800000000000000000000 2 1 8000 0 0 800000000000000000000 0 1
85 1 800000000000000000000 2 1 80000000 0 0 800000000000000000000 0 1
85 1 800000000000000000000 0 1 1 0 1 800000000000000000000 0 1
85 1 1000000000000000000000 0 1 2 1 1 800000000000000000000 0 1
85 2 800000000000000000000 2 1 1 0 0 800000000000000000000 0 1
85 2 800000000000000000000 2 1 2 0 0 800000000000000000000 0 1
85 2 800000000000000000000 2 1 8000 0 0 800000000000000000000 0 1
85 2 800000000000000000000 2 1 80000000 0 0 800000000000000000000 0 1
85 2 800000000000000000000 0 1 1 0 1 800000000000000000000 0 1
85 2 1000000000000000000000 0 1 2 1 1 800000000000000000000 0 1
85 0 800000000000000000001 2 1 1 0 0 800000000000000000001 0 1
85 0 800000000000000000001 2 1 2 0 0 800000000000000000001 0 1
85 0 800000000000000000001 2 1 8000 0 0 800000000000000000001 0 1
85 0 800000000000000000001 2 1 80000000 0 0 800000000000000000001 0 1
85 0 800000000000000000001 0 1 1 0 1 800000000000000000001 0 1
85 0 1000000000000000000002 0 1 2 1 1 800000000000000000001 0 1
85 1 800000000000000000001 2 1 1 0 0 800000000000000000001 0 1
85 1 800000000000000000001 2 1 2 0 0 800000000000000000001 0 1
85 1 800000000000000000001 2 1 8000 0 0 800000000000000000001 0 1
85 1 800000000000000000001 2 1 80000000 0 0 800000000000000000001 0 1
85 1 800000000000000000001 0 1 1 0 1 800000000000000000001 0 1
85 1 1000000000000000000002 0 1 2 1 1 800000000000000000001 0 1
85 2 800000000000000000001 2 1 1 0 0 800000000000000000001 0 1
85 2 800000000000000000001 2 1 2 0 0 800000000000000000001 0 1
85 2 800000000000000000001 2 1 8000 0 0 800000000000000000001 0 1
85 2 800000000000000000001 2 1 80000000 0 0 800000000000000000001 0 1
85 2 800000000000000000001 0 1 1 0 1 800000000000000000001 0 1
85 2 1000000000000000000002 0 1 2 1 1 800000000000000000001 0 1
85 0 800000000000000000000 2 1 1 0 0 800000000000000000000 0 1
85 0 800000000000000000000 2 1 2 0 0 800000000000000000000 0 1
85 0 800000000000000000000 2 1 8000 0 0 800000000000000000000 0 1
85 0 800000000000000000000 2 1 80000000 0 0 800000000000000000000 0 1
85 0 800000000000000000000 0 1 1 0 1 800000000000000000000 0 1
85 0 1000000000000000000000 0 1 2 1 1 800000000000000000000 0 1
85 4000000000000 800000000000000000000 2 1 1 0 0 800000000000000000000 0 1
85 4000000000000 800000000000000000000 2 1 2 0 0 800000000000000000000 0 1
85 4000000000000 800000000000000000000 2 1 8000 0 0 800000000000000000000 0 1
85 4000000000000 800000000000000000000 2 1 80000000 0 0 800000000000000000000 0 1
85 4000000000000 800000000000000000000 0 1 1 0 1 800000000000000000000 0 1
85 4000000000000 1000000000000000000000 0 1 2 1 1 800000000000000000000 0 1
85 4000000000001 800000000000000000000 2 1 1 0 0 800000000000000000000 0 1
85 4000000000001 800000000000000000000 2 1 2 0 0 800000000000000000000 0 1
85 4000000000001 800000000000000000000 2 1 8000 0 0 800000000000000000000 0 1
85 4000000000001 800000000000000000000 2 1 80000000 0 0 800000000000000000000 0 1
85 4000000000001 800000000000000000000 0 1 1 0 1 800000000000000000000 0 1
85 4000000000001 1000000000000000000000 0 1 2 1 1 800000000000000000000 0 1
85 0 800000000000000000001 2 1 1 0 0 800000000000000000001 0 1
85 0 800000000000000000001 2 1 2 0 0 800000000000000000001 0 1
85 0 800000000000000000001 2 1 8000 0 0 800000000000000000001 0 1
85 0 800000000000000000001 2 1 80000000 0 0 800000000000000000001 0 1
85 0 800000000000000000001 0 1 1 0 1 800000000000000000001 0 1
85 0 1000000000000000000002 0 1 2 1 1 800000000000000000001 0 1
85 4000000000000 800000000000000000001 2 1 1 0 0 800000000000000000001 0 1
85 4000000000000 800000000000000000001 2 1 2 0 0 800000000000000000001 0 1
85 4000000000000 800000000000000000001 2 1 8000 0 0 800000000000000000001 0 1
85 4000000000000 800000000000000000001 2 1 80000000 0 0 800000000000000000001 0 1
85 4000000000000 800000000000000000001 0 1 1 0 1 800000000000000000001 0 1
85 4000000000000 1000000000000000000002 0 1 2 1 1 800000000000000000001 0 1
85 4000000000001 800000000000000000001 2 1 1 0 0 800000000000000000001 0 1
85 4000000000001 800000000000000000001 2 1 2 0 0 800000000000000000001 0 1
85 4000000000001 800000000000000000001 2 1 8000 0 0 800000000000000000001 0 1
85 4000000000001 800000000000000000001 2 1 80000000 0 0 800000000000000000001 0 1
85 4000000000001 800000000000000000001 0 1 1 0 1 800000000000000000001 0 1
85 4000000000001 1000000000000000000002 0 1 2 1 1 800000000000000000001 0 1
85 0 800000000000000000000 2 1 1 0 0 800000000000000000000 0 1
85 0 800000000000000000000 2 1 2 0 0 800000000000000000000 0 1
85 0 800000000000000000000 2 1 8000 0 0 800000000000000000000 0 1
85 0 800000000000000000000 2 1 80000000 0 0 800000000000000000000 0 1
85 0 800000000000000000000 0 1 1 0 1 800000000000000000000 0 1
85 0 1000000000000000000000 0 1 2 1 1 800000000000000000000 0 1
85 800000000000000000000 800000000000000000000 2 1 1 0 0 800000000000000000000 0 0
85 800000000000000000000 800000000000000000000 2 1 2 0 0 800000000000000000000 0 0
85 800000000000000000000 800000000000000000000 2 1 8000 0 0 800000000000000000000 0 0
85 800000000000000000000 800000000000000000000 2 1 80000000 0 0 800000000000000000000 0 0
85 800000000000000000000 800000000000000000000 0 1 1 0 1 800000000000000000000 0 0
85 800000000000000000000 1000000000000000000000 0 1 2 1 1 800000000000000000000 0 0
85 800000000000000000001 800000000000000000000 2 1 1 0 0 800000000000000000000 0 0
85 800000000000000000001 800000000000000000000 2 1 2 0 0 800000000000000000000 0 0
85 800000000000000000001 800000000000000000000 2 1 8000 0 0 800000000000000000000 0 0
85 800000000000000000001 800000000000000000000 2 1 80000000 0 0 800000000000000000000 0 0
85 800000000000000000001 800000000000000000000 0 1 1 0 1 800000000000000000000 0 0
85 800000000000000000001 1000000000000000000000 0 1 2 1 1 800000000000000000000 0 0
85 0 800000000000000000001 2 1 1 0 0 800000000000000000001 0 1
85 0 800000000000000000001 2 1 2 0 0 800000000000000000001 0 1
85 0 800000000000000000001 2 1 8000 0 0 800000000000000000001 0 1
85 0 800000000000000000001 2 1 80000000 0 0 800000000000000000001 0 1
85 0 800000000000000000001 0 1 1 0 1 800000000000000000001 0 1
85 0 1000000000000000000002 0 1 2 1 1 800000000000000000001 0 1
85 800000000000000000000 800000000000000000001 2 1 1 0 0 800000000000000000001 0 1
85 800000000000000000000 800000000000000000001 2 1 2 0 0 800000000000000000001 0 1
85 800000000000000000000 800000000000000000001 2 1 8000 0 0 800000000000000000001 0 1
85 800000000000000000000 800000000000000000001 2 1 80000000 0 0 800000000000000000001 0 1
85 800000000000000000000 800000000000000000001 0 1 1 0 1 800000000000000000001 0 1
85 800000000000000000000 1000000000000000000002 0 1 2 1 1 800000000000000000001 0 1
85 800000000000000000001 800000000000000000001 2 1 1 0 0 800000000000000000001 0 0
85 800000000000000000001 800000000000000000001 2 1 2 0 0 800000000000000000001 0 0
85 800000000000000000001 800000000000000000001 2 1 8000 0 0 800000000000000000001 0 0
85 800000000000000000001 800000000000000000001 2 1 80000000 0 0 800000000000000000001 0 0
85 800000000000000000001 800000000000000000001 0 1 1 0 1 800000000000000000001 0 0
85 800000000000000000001 1000000000000000000002 0 1 2 1 1 800000000000000000001 0 0
85 0 800000000000000000000 2 1 1 0 0 800000000000000000000 0 1
85 0 800000000000000000000 2 1 2 0 0 800000000000000000000 0 1
85 0 800000000000000000000 2 1 8000 0 0 800000000000000000000 0 1
85 0 800000000000000000000 2 1 80000000 0 0 800000000000000000000 0 1
85 0 800000000000000000000 0 1 1 0 1 800000000000000000000 0 1
85 0 1000000000000000000000 0 1 2 1 1 800000000000000000000 0 1
85 1000000000000000000000 800000000000000000000 2 1 1 0 0 1000000000000000000000 1 0
85 1000000000000000000000 800000000000000000000 2 1 2 0 0 1000000000000000000000 1 0
85 1000000000000000000000 800000000000000000000 2 1 8000 0 0 1000000000000000000000 1 0
85 1000000000000000000000 800000000000000000000 2 1 80000000 0 0 1000000000000000000000 1 0
85 1000000000000000000000 800000000000000000000 0 1 1 0 1 1000000000000000000000 1 0
85 1000000000000000000000 1000000000000000000000 0 1 2 1 1 1000000000000000000000 1 0
85 1000000000000000000001 800000000000000000000 2 1 1 0 0 1000000000000000000000 1 0
85 1000000000000000000001 800000000000000000000 2 1 2 0 0 1000000000000000000000 1 0
85 1000000000000000000001 800000000000000000000 2 1 8000 0 0 1000000000000000000000 1 0
85 1000000000000000000001 800000000000000000000 2 1 80000000 0 0 1000000000000000000000 1 0
85 1000000000000000000001 800000000000000000000 0 1 1 0 1 1000000000000000000000 1 0
85 1000000000000000000001 1000000000000000000000 0 1 2 1 1 1000000000000000000000 1 0
85 0 800000000000000000001 2 1 1 0 0 800000000000000000001 0 1
85 0 800000000000000000001 2 1 2 0 0 800000000000000000001 0 1
85 0 800000000000000000001 2 1 8000 0 0 800000000000000000001 0 1
85 0 800000000000000000001 2 1 80000000 0 0 800000000000000000001 0 1
85 0 800000000000000000001 0 1 1 0 1 800000000000000000001 0 1
85 0 1000000000000000000002 0 1 2 1 1 800000000000000000001 0 1
85 1000000000000000000000 800000000000000000001 2 1 1 0 0 800000000000000000001 0 0
85 1000000000000000000000 800000000000000000001 2 1 2 0 0 800000000000000000001 0 0
85 1000000000000000000000 800000000000000000001 2 1 8000 0 0 800000000000000000001 0 0
85 1000000000000000000000 800000000000000000001 2 1 80000000 0 0 800000000000000000001 0 0
85 1000000000000000000000 800000000000000000001 0 1 1 0 1 800000000000000000001 0 0
85 1000000000000000000000 1000000000000000000002 0 1 2 1 1 800000000000000000001 0 0
85 1000000000000000000001 800000000000000000001 2 1 1 0 0 800000000000000000001 0 0
85 1000000000000000000001 800000000000000000001 2 1 2 0 0 800000000000000000001 0 0
85 1000000000000000000001 800000000000000000001 2 1 8000 0 0 800000000000000000001 0 0
85 1000000000000000000001 800000000000000000001 2 1 80000000 0 0 800000000000000000001 0 0
85 1000000000000000000001 800000000000000000001 0 1 1 0 1 800000000000000000001 0 0
85 1000000000000000000001 1000000000000000000002 0 1 2 1 1 800000000000000000001 0 0
97 0 1 2 1 1 0 0 1 0 1
97 0 1 2 1 2 0 0 1 0 1
97 0 1 2 1 8000 0 0 1 0 1
97 0 1 2 1 80000000 0 0 1 0 1
97 0 1 0 1 1 0 1 1 0 1
97 0 2 0 1 2 1 1 1 0 1
97 0 8000 0 1 8000 f 1 1 0 1
97 0 80000000 0 1 80000000 1f 1 1 0 1
97 1 1 2 1 1 0 0 1 0 0
97 1 1 2 1 2 0 0 1 0 0
97 1 1 2 1 8000 0 0 1 0 0
97 1 1 2 1 80000000 0 0 1 0 0
97 1 1 0 1 1 0 1 1 0 0
97 1 2 0 1 2 1 1 1 0 0
97 1 8000 0 1 8000 f 1 1 0 0
97 1 80000000 0 1 80000000 1f 1 1 0 0
97 2 1 2 1 1 0 0 2 1 0
97 2 1 2 1 2 0 0 2 1 0
97 2 1 2 1 8000 0 0 2 1 0
97 2 1 2 1 80000000 0 0 2 1 0
97 2 1 0 1 1 0 1 2 1 0
97 2 2 0 1 2 1 1 2 1 0
97 2 8000 0 1 8000 f 1 2 1 0
97 2 80000000 0 1 80000000 1f 1 2 1 0
97 0 2 2 1 1 0 0 2 0 1
97 0 2 2 1 2 0 0 2 0 1
97 0 2 2 1 8000 0 0 2 0 1
97 0 2 2 1 80000000 0 0 2 0 1
97 0 2 0 1 1 0 1 2 0 1
97 0 4 0 1 2 1 1 2 0 1
97 0 10000 0 1 8000 f 1 2 0 1
97 0 100000000 0 1 80000000 1f 1 2 0 1
97 1 2 2 1 1 0 0 2 0 1
97 1 2 2 1 2 0 0 2 0 1
97 1 2 2 1 8000 0 0 2 0 1
97 1 2 2 1 80000000 0 0 2 0 1
97 1 2 0 1 1 0 1 2 0 1
97 1 4 0 1 2 1 1 2 0 1
97 1 10000 0 1 8000 f 1 2 0 1
97 1 100000000 0 1 80000000 1f 1 2 0 1
97 2 2 2 1 1 0 0 2 0 0
97 2 2 2 1 2 0 0 2 0 0
97 2 2 2 1 8000 0 0 2 0 0
97 2 2 2 1 80000000 0 0 2 0 0
97 2 2 0 1 1 0 1 2 0 0
97 2 4 0 1 2 1 1 2 0 0
97 2 10000 0 1 8000 f 1 2 0 0
97 2 100000000 0 1 80000000 1f 1 2 0 0
97 0 1 2 1 1 0 0 1 0 1
97 0 1 2 1 2 0 0 1 0 1
97 0 1 2 1 8000 0 0 1 0 1
97 0 1 2 1 80000000 0 0 1 0 1
97 0 1 0 1 1 0 1 1 0 1
97 0 2 0 1 2 1 1 1 0 1
97 0 8000 0 1 8000 f 1 1 0 1
97 0 80000000 0 1 80000000 1f 1 1 0 1
97 80000000 1 2 1 1 0 0 80000000 1f 0
97 80000000 1 2 1 2 0 0 80000000 1f 0
97 80000000 1 2 1 8000 0 0 80000000 1f 0
97 80000000 1 2 1 80000000 0 0 80000000 1f 0
97 80000000 1 0 1 1 0 1 80000000 1f 0
97 80000000 2 0 1 2 1 1 80000000 1f 0
97 80000000 8000 0 1 8000 f 1 80000000 1f 0
97 80000000 80000000 0 1 80000000 1f 1 80000000 1f 0
97 80000001 1 2 1 1 0 0 80000000 1f 0
97 80000001 1 2 1 2 0 0 80000000 1f 0
97 80000001 1 2 1 8000 0 0 80000000 1f 0
97 80000001 1 2 1 80000000 0 0 80000000 1f 0
97 80000001 1 0 1 1 0 1 80000000 1f 0
97 80000001 2 0 1 2 1 1 80000000 1f 0
97 80000001 8000 0 1 8000 f 1 80000000 1f 0
97 80000001 80000000 0 1 80000000 1f 1 80000000 1f 0
97 0 2 2 1 1 0 0 2 0 1
97 0 2 2 1 2 0 0 2 0 1
97 0 2 2 1 8000 0 0 2 0 1
97 0 2 2 1 80000000 0 0 2 0 1
97 0 2 0 1 1 0 1 2 0 1
97 0 4 0 1 2 1 1 2 0 1
97 0 10000 0 1 8000 f 1 2 0 1
97 0 100000000 0 1 80000000 1f 1 2 0 1
97 80000000 2 2 1 1 0 0 80000000 1e 0
97 80000000 2 2 1 2 0 0 80000000 1e 0
97 80000000 2 2 1 8000 0 0 80000000 1e 0
97 80000000 2 2 1 80000000 0 0 80000000 1e 0
97 80000000 2 0 1 1 0 1 80000000 1e 0
97 80000000 4 0 1 2 1 1 80000000 1e 0
97 80000000 10000 0 1 8000 f 1 80000000 1e 0
97 80000000 100000000 0 1 80000000 1f 1 80000000 1e 0
97 80000001 2 2 1 1 0 0 80000000 1e 0
97 80000001 2 2 1 2 0 0 80000000 1e 0
97 80000001 2 2 1 8000 0 0 80000000 1e 0
97 80000001 2 2 1 80000000 0 0 80000000 1e 0
97 80000001 2 0 1 1 0 1 80000000 1e 0
97 80000001 4 0 1 2 1 1 80000000 1e 0
97 80000001 10000 0 1 8000 f 1 80000000 1e 0
97 80000001 100000000 0 1 80000000 1f 1 80000000 1e 0
97 0 80000000 2 1 1 0 0 80000000 0 1
97 0 80000000 2 1 2 0 0 80000000 0 1
97 0 80000000 2 1 8000 0 0 80000000 0 1
97 0 80000000 2 1 80000000 0 0 80000000 0 1
97 0 80000000 0 1 1 0 1 80000000 0 1
97 0 100000000 0 1 2 1 1 80000000 0 1
97 0 400000000000 0 1 8000 f 1 80000000 0 1
97 0 4000000000000000 0 1 80000000 1f 1 80000000 0 1
97 1 80000000 2 1 1 0 0 80000000 0 1
97 1 80000000 2 1 2 0 0 80000000 0 1
97 1 80000000 2 1 8000 0 0 80000000 0 1
97 1 80000000 2 1 80000000 0 0 80000000 0 1
97 1 80000000 0 1 1 0 1 80000000 0 1
97 1 100000000 0 1 2 1 1 80000000 0 1
97 1 400000000000 0 1 8000 f 1 80000000 0 1
97 1 4000000000000000 0 1 80000000 1f 1 80000000 0 1
97 2 80000000 2 1 1 0 0 80000000 0 1
97 2 80000000 2 1 2 0 0 80000000 0 1
97 2 80000000 2 1 8000 0 0 80000000 0 1
97 2 80000000 2 1 80000000 0 0 80000000 0 1
97 2 80000000 0 1 1 0 1 80000000 0 1
97 2 100000000 0 1 2 1 1 80000000 0 1
97 2 400000000000 0 1 8000 f 1 80000000 0 1
97 2 4000000000000000 0 1 80000000 1f 1 80000000 0 1
97 0 80000001 2 1 1 0 0 80000001 0 1
97 0 80000001 2 1 2 0 0 80000001 0 1
97 0 80000001 2 1 8000 0 0 80000001 0 1
97 0 80000001 2 1 80000000 0 0 80000001 0 1
97 0 80000001 0 1 1 0 1 80000001 0 1
97 0 100000002 0 1 2 1 1 80000001 0 1
97 0 400000008000 0 1 8000 f 1 80000001 0 1
97 0 4000000080000000 0 1 80000000 1f 1 80000001 0 1
97 1 80000001 2 1 1 0 0 80000001 0 1
97 1 80000001 2 1 2 0 0 80000001 0 1
97 1 80000001 2 1 8000 0 0 80000001 0 1
97 1 80000001 2 1 80000000 0 0 80000001 0 1
97 1 80000001 0 1 1 0 1 80000001 0 1
97 1 100000002 0 1 2 1 1 80000001 0 1
97 1 400000008000 0 1 8000 f 1 80000001 0 1
97 1 4000000080000000 0 1 80000000 1f 1 80000001 0 1
97 2 80000001 2 1 1 0 0 80000001 0 1
97 2 80000001 2 1 2 0 0 80000001 0 1
97 2 80000001 2 1 8000 0 0 80000001 0 1
97 2 80000001 2 1 80000000 0 0 80000001 0 1
97 2 80000001 0 1 1 0 1 80000001 0 1
97 2 100000002 0 1 2 1 1 80000001 0 1
97 2 400000008000 0 1 8000 f 1 80000001 0 1
97 2 4000000080000000 0 1 80000000 1f 1 80000001 0 1
97 0 80000000 2 1 1 0 0 80000000 0 1
97 0 80000000 2 1 2 0 0 80000000 0 1
97 0 80000000 2 1 8000 0 0 80000000 0 1
97 0 80000000 2 1 80000000 0 0 80000000 0 1
97 0 80000000 0 1 1 0 1 80000000 0 1
97 0 100000000 0 1 2 1 1 80000000 0 1
97 0 400000000000 0 1 8000 f 1 80000000 0 1
97 0 4000000000000000 0 1 80000000 1f 1 80000000 0 1
97 80000000 80000000 2 1 1 0 0 80000000 0 0
97 80000000 80000000 2 1 2 0 0 80000000 0 0
97 80000000 80000000 2 1 8000 0 0 80000000 0 0
97 80000000 80000000 2 1 80000000 0 0 80000000 0 0
97 80000000 80000000 0 1 1 0 1 80000000 0 0
97 80000000 100000000 0 1 2 1 1 80000000 0 0
97 80000000 400000000000 0 1 8000 f 1 80000000 0 0
97 80000000 4000000000000000 0 1 80000000 1f 1 80000000 0 0
97 80000001 80000000 2 1 1 0 0 80000000 0 0
97 80000001 80000000 2 1 2 0 0 80000000 0 0
97 80000001 80000000 2 1 8000 0 0 80000000 0 0
97 80000001 80000000 2 1 80000000 0 0 80000000 0 0
97 80000001 80000000 0 1 1 0 1 80000000 0 0
97 80000001 100000000 0 1 2 1 1 80000000 0 0
97 80000001 400000000000 0 1 8000 f 1 80000000 0 0
97 80000001 4000000000000000 0 1 80000000 1f 1 80000000 0 0
97 0 80000001 2 1 1 0 0 80000001 0 1
97 0 80000001 2 1 2 0 0 80000001 0 1
97 0 80000001 2 1 8000 0 0 80000001 0 1
97 0 80000001 2 1 80000000 0 0 80000001 0 1
97 0 80000001 0 1 1 0 1 80000001 0 1
97 0 100000002 0 1 2 1 1 80000001 0 1
97 0 400000008000 0 1 8000 f 1 80000001 0 1
97 0 4000000080000000 0 1 80000000 1f 1 80000001 0 1
97 80000000 80000001 2 1 1 0 0 80000001 0 1
97 80000000 80000001 2 1 2 0 0 80000001 0 1
97 80000000 80000001 2 1 8000 0 0 80000001 0 1
97 80000000 80000001 2 1 80000000 0 0 80000001 0 1
97 80000000 80000001 0 1 1 0 1 80000001 0 1
97 80000000 100000002 0 1 2 1 1 80000001 0 1
97 80000000 400000008000 0 1 8000 f 1 80000001 0 1
97 80000000 4000000080000000 0 1 80000000 1f 1 80000001 0 1
97 80000001 80000001 2 1 1 0 0 80000001 0 0
97 80000001 80000001 2 1 2 0 0 80000001 0 0
97 80000001 80000001 2 1 8000 0 0 80000001 0 0
97 80000001 80000001 2 1 80000000 0 0 80000001 0 0
97 80000001 80000001 0 1 1 0 1 80000001 0 0
97 80000001 100000002 0 1 2 1 1 80000001 0 0
97 80000001 400000008000 0 1 8000 f 1 80000001 0 0
97 80000001 4000000080000000 0 1 80000000 1f 1 80000001 0 0
97 0 80000000 2 1 1 0 0 80000000 0 1
97 0 80000000 2 1 2 0 0 80000000 0 1
97 0 80000000 2 1 8000 0 0 80000000 0 1
97 0 80000000 2 1 80000000 0 0 80000000 0 1
97 0 80000000 0 1 1 0 1 80000000 0 1
97 0 100000000 0 1 2 1 1 80000000 0 1
97 0 400000000000 0 1 8000 f 1 80000000 0 1
97 0 4000000000000000 0 1 80000000 1f 1 80000000 0 1
97 4000000000000000 80000000 2 1 1 0 0 4000000000000000 1f 0
97 4000000000000000 80000000 2 1 2 0 0 4000000000000000 1f 0
97 4000000000000000 80000000 2 1 8000 0 0 4000000000000000 1f 0
97 4000000000000000 80000000 2 1 80000000 0 0 4000000000000000 1f 0
97 4000000000000000 80000000 0 1 1 0 1 4000000000000000 1f 0
97 4000000000000000 100000000 0 1 2 1 1 4000000000000000 1f 0
97 4000000000000000 400000000000 0 1 8000 f 1 4000000000000000 1f 0
97 4000000000000000 4000000000000000 0 1 80000000 1f 1 4000000000000000 1f 0
97 4000000000000001 80000000 2 1 1 0 0 4000000000000000 1f 0
97 4000000000000001 80000000 2 1 2 0 0 4000000000000000 1f 0
97 4000000000000001 80000000 2 1 8000 0 0 4000000000000000 1f 0
97 4000000000000001 80000000 2 1 80000000 0 0 4000000000000000 1f 0
97 4000000000000001 80000000 0 1 1 0 1 4000000000000000 1f 0
97 4000000000000001 100000000 0 1 2 1 1 4000000000000000 1f 0
97 4000000000000001 400000000000 0 1 8000 f 1 4000000000000000 1f 0
97 4000000000000001 4000000000000000 0 1 80000000 1f 1 4000000000000000 1f 0
97 0 80000001 2 1 1 0 0 80000001 0 1
97 0 80000001 2 1 2 0 0 80000001 0 1
97 0 80000001 2 1 8000 0 0 80000001 0 1
97 0 80000001 2 1 80000000 0 0 80000001 0 1
97 0 80000001 0 1 1 0 1 80000001 0 1
97 0 100000002 0 1 2 1 1 80000001 0 1
97 0 400000008000 0 1 8000 f 1 80000001 0 1
97 0 4000000080000000 0 1 80000000 1f 1 80000001 0 1
97 4000000000000000 80000001 2 1 1 0 0 2000000040000000 1e 0
97 4000000000000000 80000001 2 1 2 0 0 2000000040000000 1e 0
97 4000000000000000 80000001 2 1 8000 0 0 2000000040000000 1e 0
97 4000000000000000 80000001 2 1 80000000 0 0 2000000040000000 1e 0
97 4000000000000000 80000001 0 1 1 0 1 2000000040000000 1e 0
97 4000000000000000 100000002 0 1 2 1 1 2000000040000000 1e 0
97 4000000000000000 400000008000 0 1 8000 f 1 2000000040000000 1e 0
97 4000000000000000 4000000080000000 0 1 80000000 1f 1 2000000040000000 1e 0
97 4000000000000001 80000001 2 1 1 0 0 2000000040000000 1e 0
97 4000000000000001 80000001 2 1 2 0 0 2000000040000000 1e 0
97 4000000000000001 80000001 2 1 8000 0 0 2000000040000000 1e 0
97 4000000000000001 80000001 2 1 80000000 0 0 2000000040000000 1e 0
97 4000000000000001 80000001 0 1 1 0 1 2000000040000000 1e 0
97 4000000000000001 100000002 0 1 2 1 1 2000000040000000 1e 0
97 4000000000000001 400000008000 0 1 8000 f 1 2000000040000000 1e 0
97 4000000000000001 4000000080000000 0 1 80000000 1f 1 2000000040000000 1e 0
97 0 100000000 2 1 1 0 0 100000000 0 1
97 0 100000000 2 1 2 0 0 100000000 0 1
97 0 100000000 2 1 8000 0 0 100000000 0 1
97 0 100000000 2 1 80000000 0 0 100000000 0 1
97 0 100000000 0 1 1 0 1 100000000 0 1
97 0 200000000 0 1 2 1 1 100000000 0 1
97 0 800000000000 0 1 8000 f 1 100000000 0 1
97 0 8000000000000000 0 1 80000000 1f 1 100000000 0 1
97 1 100000000 2 1 1 0 0 100000000 0 1
97 1 100000000 2 1 2 0 0 100000000 0 1
97 1 100000000 2 1 8000 0 0 100000000 0 1
97 1 100000000 2 1 80000000 0 0 100000000 0 1
97 1 100000000 0 1 1 0 1 100000000 0 1
97 1 200000000 0 1 2 1 1 100000000 0 1
97 1 800000000000 0 1 8000 f 1 100000000 0 1
97 1 8000000000000000 0 1 80000000 1f 1 100000000 0 1
97 2 100000000 2 1 1 0 0 100000000 0 1
97 2 100000000 2 1 2 0 0 100000000 0 1
97 2 100000000 2 1 8000 0 0 100000000 0 1
97 2 100000000 2 1 80000000 0 0 100000000 0 1
97 2 100000000 0 1 1 0 1 100000000 0 1
97 2 200000000 0 1 2 1 1 100000000 0 1
97 2 800000000000 0 1 8000 f 1 100000000 0 1
97 2 8000000000000000 0 1 80000000 1f 1 100000000 0 1
97 0 100000001 2 1 1 0 0 100000001 0 1
97 0 100000001 2 1 2 0 0 100000001 0 1
97 0 100000001 2 1 8000 0 0 100000001 0 1
97 0 100000001 2 1 80000000 0 0 100000001 0 1
97 0 100000001 0 1 1 0 1 100000001 0 1
97 0 200000002 0 1 2 1 1 100000001 0 1
97 0 800000008000 0 1 8000 f 1 100000001 0 1
97 0 8000000080000000 0 1 80000000 1f 1 100000001 0 1
97 1 100000001 2 1 1 0 0 100000001 0 1
97 1 100000001 2 1 2 0 0 100000001 0 1
97 1 100000001 2 1 8000 0 0 100000001 0 1
97 1 100000001 2 1 80000000 0 0 100000001 0 1
97 1 100000001 0 1 1 0 1 100000001 0 1
97 1 200000002 0 1 2 1 1 100000001 0 1
97 1 800000008000 0 1 8000 f 1 100000001 0 1
97 1 8000000080000000 0 1 80000000 1f 1 100000001 0 1
97 2 100000001 2 1 1 0 0 100000001 0 1
97 2 100000001 2 1 2 0 0 100000001 0 1
97 2 100000001 2 1 8000 0 0 100000001 0 1
97 2 100000001 2 1 80000000 0 0 100000001 0 1
97 2 100000001 0 1 1 0 1 100000001 0 1
97 2 200000002 0 1 2 1 1 100000001 0 1
97 2 800000008000 0 1 8000 f 1 100000001 0 1
97 2 8000000080000000 0 1 80000000 1f 1 100000001 0 1
97 0 100000000 2 1 1 0 0 100000000 0 1
97 0 100000000 2 1 2 0 0 100000000 0 1
97 0 100000000 2 1 8000 0 0 100000000 0 1
97 0 100000000 2 1 80000000 0 0 100000000 0 1
97 0 100000000 0 1 1 0 1 100000000 0 1
97 0 200000000 0 1 2 1 1 100000000 0 1
97 0 800000000000 0 1 8000 f 1 100000000 0 1
97 0 8000000000000000 0 1 80000000 1f 1 100000000 0 1
97 100000000 100000000 2 1 1 0 0 100000000 0 0
97 100000000 100000000 2 1 2 0 0 100000000 0 0
97 100000000 100000000 2 1 8000 0 0 100000000 0 0
97 100000000 100000000 2 1 80000000 0 0 100000000 0 0
97 100000000 100000000 0 1 1 0 1 100000000 0 0
97 100000000 200000000 0 1 2 1 1 100000000 0 0
97 100000000 800000000000 0 1 8000 f 1 100000000 0 0
97 100000000 8000000000000000 0 1 80000000 1f 1 100000000 0 0
97 100000001 100000000 2 1 1 0 0 100000000 0 0
97 100000001 100000000 2 1 2 0 0 100000000 0 0
97 100000001 100000000 2 1 8000 0 0 100000000 0 0
97 100000001 100000000 2 1 80000000 0 0 100000000 0 0
97 100000001 100000000 0 1 1 0 1 100000000 0 0
97 100000001 200000000 0 1 2 1 1 100000000 0 0
97 100000001 800000000000 0 1 8000 f 1 100000000 0 0
97 100000001 8000000000000000 0 1 80000000 1f 1 100000000 0 0
97 0 100000001 2 1 1 0 0 100000001 0 1
97 0 100000001 2 1 2 0 0 100000001 0 1
97 0 100000001 2 1 8000 0 0 100000001 0 1
97 0 100000001 2 1 80000000 0 0 100000001 0 1
97 0 100000001 0 1 1 0 1 100000001 0 1
97 0 200000002 0 1 2 1 1 100000001 0 1
97 0 800000008000 0 1 8000 f 1 100000001 0 1
97 0 8000000080000000 0 1 80000000 1f 1 100000001 0 1
97 100000000 100000001 2 1 1 0 0 100000001 0 1
97 100000000 100000001 2 1 2 0 0 100000001 0 1
97 100000000 100000001 2 1 8000 0 0 100000001 0 1
97 100000000 100000001 2 1 80000000 0 0 100000001 0 1
97 100000000 100000001 0 1 1 0 1 100000001 0 1
97 100000000 200000002 0 1 2 1 1 100000001 0 1
97 100000000 800000008000 0 1 8000 f 1 100000001 0 1
97 100000000 8000000080000000 0 1 80000000 1f 1 100000001 0 1
97 100000001 100000001 2 1 1 0 0 100000001 0 0
97 100000001 100000001 2 1 2 0 0 100000001 0 0
97 100000001 100000001 2 1 8000 0 0 100000001 0 0
97 100000001 100000001 2 1 80000000 0 0 100000001 0 0
97 100000001 100000001 0 1 1 0 1 100000001 0 0
97 100000001 200000002 0 1 2 1 1 100000001 0 0
97 100000001 800000008000 0 1 8000 f 1 100000001 0 0
97 100000001 8000000080000000 0 1 80000000 1f 1 100000001 0 0
97 0 100000000 2 1 1 0 0 100000000 0 1
97 0 100000000 2 1 2 0 0 100000000 0 1
97 0 100000000 2 1 8000 0 0 100000000 0 1
97 0 100000000 2 1 80000000 0 0 100000000 0 1
97 0 100000000 0 1 1 0 1 100000000 0 1
97 0 200000000 0 1 2 1 1 100000000 0 1
97 0 800000000000 0 1 8000 f 1 100000000 0 1
97 0 8000000000000000 0 1 80000000 1f 1 100000000 0 1
97 8000000000000000 100000000 2 1 1 0 0 8000000000000000 1f 0
97 8000000000000000 100000000 2 1 2 0 0 8000000000000000 1f 0
97 8000000000000000 100000000 2 1 8000 0 0 8000000000000000 1f 0
97 8000000000000000 100000000 2 1 80000000 0 0 8000000000000000 1f 0
97 8000000000000000 100000000 0 1 1 0 1 8000000000000000 1f 0
97 8000000000000000 200000000 0 1 2 1 1 8000000000000000 1f 0
97 8000000000000000 800000000000 0 1 8000 f 1 8000000000000000 1f 0
97 8000000000000000 8000000000000000 0 1 80000000 1f 1 8000000000000000 1f 0
97 8000000000000001 100000000 2 1 1 0 0 8000000000000000 1f 0
97 8000000000000001 100000000 2 1 2 0 0 8000000000000000 1f 0
97 8000000000000001 100000000 2 1 8000 0 0 8000000000000000 1f 0
97 8000000000000001 100000000 2 1 80000000 0 0 8000000000000000 1f 0
97 8000000000000001 100000000 0 1 1 0 1 8000000000000000 1f 0
97 8000000000000001 200000000 0 1 2 1 1 8000000000000000 1f 0
97 8000000000000001 800000000000 0 1 8000 f 1 8000000000000000 1f 0
97 8000000000000001 8000000000000000 0 1 80000000 1f 1 8000000000000000 1f 0
97 0 100000001 2 1 1 0 0 100000001 0 1
97 0 100000001 2 1 2 0 0 100000001 0 1
97 0 100000001 2 1 8000 0 0 100000001 0 1
97 0 100000001 2 1 80000000 0 0 100000001 0 1
97 0 100000001 0 1 1 0 1 100000001 0 1
97 0 200000002 0 1 2 1 1 100000001 0 1
97 0 800000008000 0 1 8000 f 1 100000001 0 1
97 0 8000000080000000 0 1 80000000 1f 1 100000001 0 1
97 8000000000000000 100000001 2 1 1 0 0 4000000040000000 1e 0
97 8000000000000000 100000001 2 1 2 0 0 4000000040000000 1e 0
97 8000000000000000 100000001 2 1 8000 0 0 4000000040000000 1e 0
97 8000000000000000 100000001 2 1 80000000 0 0 4000000040000000 1e 0
97 8000000000000000 100000001 0 1 1 0 1 4000000040000000 1e 0
97 8000000000000000 200000002 0 1 2 1 1 4000000040000000 1e 0
97 8000000000000000 800000008000 0 1 8000 f 1 4000000040000000 1e 0
97 8000000000000000 8000000080000000 0 1 80000000 1f 1 4000000040000000 1e 0
97 8000000000000001 100000001 2 1 1 0 0 4000000040000000 1e 0
97 8000000000000001 100000001 2 1 2 0 0 4000000040000000 1e 0
97 8000000000000001 100000001 2 1 8000 0 0 4000000040000000 1e 0
97 8000000000000001 100000001 2 1 80000000 0 0 4000000040000000 1e 0
97 8000000000000001 100000001 0 1 1 0 1 4000000040000000 1e 0
97 8000000000000001 200000002 0 1 2 1 1 4000000040000000 1e 0
97 8000000000000001 800000008000 0 1 8000 f 1 4000000040000000 1e 0
97 8000000000000001 8000000080000000 0 1 80000000 1f 1 4000000040000000 1e 0
97 0 1000000000000 2 1 1 0 0 1000000000000 0 1
97 0 1000000000000 2 1 2 0 0 1000000000000 0 1
97 0 1000000000000 2 1 8000 0 0 1000000000000 0 1
97 0 1000000000000 2 1 80000000 0 0 1000000000000 0 1
97 0 1000000000000 0 1 1 0 1 1000000000000 0 1
97 0 2000000000000 0 1 2 1 1 1000000000000 0 1
97 0 8000000000000000 0 1 8000 f 1 1000000000000 0 1
97 0 80000000000000000000 0 1 80000000 1f 1 1000000000000 0 1
97 1 1000000000000 2 1 1 0 0 1000000000000 0 1
97 1 1000000000000 2 1 2 0 0 1000000000000 0 1
97 1 1000000000000 2 1 8000 0 0 1000000000000 0 1
97 1 1000000000000 2 1 80000000 0 0 1000000000000 0 1
97 1 1000000000000 0 1 1 0 1 1000000000000 0 1
97 1 2000000000000 0 1 2 1 1 1000000000000 0 1
97 1 8000000000000000 0 1 8000 f 1 1000000000000 0 1
97 1 80000000000000000000 0 1 80000000 1f 1 1000000000000 0 1
97 2 1000000000000 2 1 1 0 0 1000000000000 0 1
97 2 1000000000000 2 1 2 0 0 1000000000000 0 1
97 2 1000000000000 2 1 8000 0 0 1000000000000 0 1
97 2 1000000000000 2 1 80000000 0 0 1000000000000 0 1
97 2 1000000000000 0 1 1 0 1 1000000000000 0 1
97 2 2000000000000 0 1 2 1 1 1000000000000 0 1
97 2 8000000000000000 0 1 8000 f 1 1000000000000 0 1
97 2 80000000000000000000 0 1 80000000 1f 1 1000000000000 0 1
97 0 1000000000001 2 1 1 0 0 1000000000001 0 1
97 0 1000000000001 2 1 2 0 0 1000000000001 0 1
97 0 1000000000001 2 1 8000 0 0 1000000000001 0 1
97 0 1000000000001 2 1 80000000 0 0 1000000000001 0 1
97 0 1000000000001 0 1 1 0 1 1000000000001 0 1
97 0 2000000000002 0 1 2 1 1 1000000000001 0 1
97 0 8000000000008000 0 1 8000 f 1 1000000000001 0 1
97 0 80000000000080000000 0 1 80000000 1f 1 1000000000001 0 1
97 1 1000000000001 2 1 1 0 0 1000000000001 0 1
97 1 1000000000001 2 1 2 0 0 1000000000001 0 1
97 1 1000000000001 2 1 8000 0 0 1000000000001 0 1
97 1 1000000000001 2 1 80000000 0 0 1000000000001 0 1
97 1 1000000000001 0 1 1 0 1 1000000000001 0 1
97 1 2000000000002 0 1 2 1 1 1000000000001 0 1
97 1 8000000000008000 0 1 8000 f 1 1000000000001 0 1
97 1 80000000000080000000 0 1 80000000 1f 1 1000000000001 0 1
97 2 1000000000001 2 1 1 0 0 1000000000001 0 1
97 2 1000000000001 2 1 2 0 0 1000000000001 0 1
97 2 1000000000001 2 1 8000 0 0 1000000000001 0 1
97 2 1000000000001 2 1 80000000 0 0 1000000000001 0 1
97 2 1000000000001 0 1 1 0 1 1000000000001 0 1
97 2 2000000000002 0 1 2 1 1 1000000000001 0 1
97 2 8000000000008000 0 1 8000 f 1 1000000000001 0 1
97 2 80000000000080000000 0 1 80000000 1f 1 1000000000001 0 1
97 0 1000000000000 2 1 1 0 0 1000000000000 0 1
97 0 1000000000000 2 1 2 0 0 1000000000000 0 1
97 0 1000000000000 2 1 8000 0 0 1000000000000 0 1
97 0 1000000000000 2 1 80000000 0 0 1000000000000 0 1
97 0 1000000000000 0 1 1 0 1 1000000000000 0 1
97 0 2000000000000 0 1 2 1 1 1000000000000 0 1
97 0 8000000000000000 0 1 8000 f 1 1000000000000 0 1
97 0 80000000000000000000 0 1 80000000 1f 1 1000000000000 0 1
97 8000 1000000000000 2 1 1 0 0 1000000000000 0 1
97 8000 1000000000000 2 1 2 0 0 1000000000000 0 1
97 8000 1000000000000 2 1 8000 0 0 1000000000000 0 1
97 8000 1000000000000 2 1 80000000 0 0 1000000000000 0 1
97 8000 1000000000000 0 1 1 0 1 1000000000000 0 1
97 8000 2000000000000 0 1 2 1 1 1000000000000 0 1
97 8000 8000000000000000 0 1 8000 f 1 1000000000000 0 1
97 8000 80000000000000000000 0 1 80000000 1f 1 1000000000000 0 1
97 8001 1000000000000 2 1 1 0 0 1000000000000 0 1
97 8001 1000000000000 2 1 2 0 0 1000000000000 0 1
97 8001 1000000000000 2 1 8000 0 0 1000000000000 0 1
97 8001 1000000000000 2 1 80000000 0 0 1000000000000 0 1
97 8001 1000000000000 0 1 1 0 1 1000000000000 0 1
97 8001 2000000000000 0 1 2 1 1 1000000000000 0 1
97 8001 8000000000000000 0 1 8000 f 1 1000000000000 0 1
97 8001 80000000000000000000 0 1 80000000 1f 1 1000000000000 0 1
97 0 1000000000001 2 1 1 0 0 1000000000001 0 1
97 0 1000000000001 2 1 2 0 0 1000000000001 0 1
97 0 1000000000001 2 1 8000 0 0 1000000000001 0 1
97 0 1000000000001 2 1 80000000 0 0 1000000000001 0 1
97 0 1000000000001 0 1 1 0 1 1000000000001 0 1
97 0 2000000000002 0 1 2 1 1 1000000000001 0 1
97 0 8000000000008000 0 1 8000 f 1 1000000000001 0 1
97 0 80000000000080000000 0 1 80000000 1f 1 1000000000001 0 1
97 8000 1000000000001 2 1 1 0 0 1000000000001 0 1
97 8000 1000000000001 2 1 2 0 0 1000000000001 0 1
97 8000 1000000000001 2 1 8000 0 0 1000000000001 0 1
97 8000 1000000000001 2 1 80000000 0 0 1000000000001 0 1
97 8000 1000000000001 0 1 1 0 1 1000000000001 0 1
97 8000 2000000000002 0 1 2 1 1 1000000000001 0 1
97 8000 8000000000008000 0 1 8000 f 1 1000000000001 0 1
97 8000 80000000000080000000 0 1 80000000 1f 1 1000000000001 0 1
97 8001 1000000000001 2 1 1 0 0 1000000000001 0 1
97 8001 1000000000001 2 1 2 0 0 1000000000001 0 1
97 8001 1000000000001 2 1 8000 0 0 1000000000001 0 1
97 8001 1000000000001 2 1 80000000 0 0 1000000000001 0 1
97 8001 1000000000001 0 1 1 0 1 1000000000001 0 1
97 8001 2000000000002 0 1 2 1 1 1000000000001 0 1
97 8001 8000000000008000 0 1 8000 f 1 1000000000001 0 1
97 8001 80000000000080000000 0 1 80000000 1f 1 1000000000001 0 1
97 0 1000000000000 2 1 1 0 0 1000000000000 0 1
97 0 1000000000000 2 1 2 0 0 1000000000000 0 1
97 0 1000000000000 2 1 8000 0 0 1000000000000 0 1
97 0 1000000000000 2 1 80000000 0 0 1000000000000 0 1
97 0 1000000000000 0 1 1 0 1 1000000000000 0 1
97 0 2000000000000 0 1 2 1 1 1000000000000 0 1
97 0 8000000000000000 0 1 8000 f 1 1000000000000 0 1
97 0 80000000000000000000 0 1 80000000 1f 1 1000000000000 0 1
97 1000000000000 1000000000000 2 1 1 0 0 1000000000000 0 0
97 1000000000000 1000000000000 2 1 2 0 0 1000000000000 0 0
97 1000000000000 1000000000000 2 1 8000 0 0 1000000000000 0 0
97 1000000000000 1000000000000 2 1 80000000 0 0 1000000000000 0 0
97 1000000000000 1000000000000 0 1 1 0 1 1000000000000 0 0
97 1000000000000 2000000000000 0 1 2 1 1 1000000000000 0 0
97 1000000000000 8000000000000000 0 1 8000 f 1 1000000000000 0 0
97 1000000000000 80000000000000000000 0 1 80000000 1f 1 1000000000000 0 0
97 1000000000001 1000000000000 2 1 1 0 0 1000000000000 0 0
97 1000000000001 1000000000000 2 1 2 0 0 1000000000000 0 0
97 1000000000001 1000000000000 2 1 8000 0 0 1000000000000 0 0
97 1000000000001 1000000000000 2 1 80000000 0 0 1000000000000 0 0
97 1000000000001 1000000000000 0 1 1 0 1 1000000000000 0 0
97 1000000000001 2000000000000 0 1 2 1 1 1000000000000 0 0
97 1000000000001 8000000000000000 0 1 8000 f 1 1000000000000 0 0
97 1000000000001 80000000000000000000 0 1 80000000 1f 1 1000000000000 0 0
97 0 1000000000001 2 1 1 0 0 1000000000001 0 1
97 0 1000000000001 2 1 2 0 0 1000000000001 0 1
97 0 1000000000001 2 1 8000 0 0 1000000000001 0 1
97 0 1000000000001 2 1 80000000 0 0 1000000000001 0 1
97 0 1000000000001 0 1 1 0 1 1000000000001 0 1
97 0 2000000000002 0 1 2 1 1 1000000000001 0 1
97 0 8000000000008000 0 1 8000 f 1 1000000000001 0 1
97 0 80000000000080000000 0 1 80000000 1f 1 1000000000001 0 1
97 1000000000000 1000000000001 2 1 1 0 0 1000000000001 0 1
97 1000000000000 1000000000001 2 1 2 0 0 1000000000001 0 1
97 1000000000000 1000000000001 2 1 8000 0 0 1000000000001 0 1
97 1000000000000 1000000000001 2 1 80000000 0 0 1000000000001 0 1
97 1000000000000 1000000000001 0 1 1 0 1 1000000000001 0 1
97 1000000000000 2000000000002 0 1 2 1 1 1000000000001 0 1
97 1000000000000 8000000000008000 0 1 8000 f 1 1000000000001 0 1
97 1000000000000 80000000000080000000 0 1 80000000 1f 1 1000000000001 0 1
97 1000000000001 1000000000001 2 1 1 0 0 1000000000001 0 0
97 1000000000001 1000000000001 2 1 2 0 0 1000000000001 0 0
97 1000000000001 1000000000001 2 1 8000 0 0 1000000000001 0 0
97 1000000000001 1000000000001 2 1 80000000 0 0 1000000000001 0 0
97 1000000000001 1000000000001 0 1 1 0 1 1000000000001 0 0
97 1000000000001 2000000000002 0 1 2 1 1 1000000000001 0 0
97 1000000000001 8000000000008000 0 1 8000 f 1 1000000000001 0 0
97 1000000000001 80000000000080000000 0 1 80000000 1f 1 1000000000001 0 0
97 0 1000000000000 2 1 1 0 0 1000000000000 0 1
97 0 1000000000000 2 1 2 0 0 1000000000000 0 1
97 0 1000000000000 2 1 8000 0 0 1000000000000 0 1
97 0 1000000000000 2 1 80000000 0 0 1000000000000 0 1
97 0 1000000000000 0 1 1 0 1 1000000000000 0 1
97 0 2000000000000 0 1 2 1 1 1000000000000 0 1
97 0 8000000000000000 0 1 8000 f 1 1000000000000 0 1
97 0 80000000000000000000 0 1 80000000 1f 1 1000000000000 0 1
97 80000000000000000000 1000000000000 2 1 1 0 0 80000000000000000000 1f 0
97 80000000000000000000 1000000000000 2 1 2 0 0 80000000000000000000 1f 0
97 80000000000000000000 1000000000000 2 1 8000 0 0 80000000000000000000 1f 0
97 80000000000000000000 1000000000000 2 1 80000000 0 0 80000000000000000000 1f 0
97 80000000000000000000 1000000000000 0 1 1 0 1 80000000000000000000 1f 0
97 80000000000000000000 2000000000000 0 1 2 1 1 80000000000000000000 1f 0
97 80000000000000000000 8000000000000000 0 1 8000 f 1 80000000000000000000 1f 0
97 80000000000000000000 80000000000000000000 0 1 80000000 1f 1 80000000000000000000 1f 0
97 80000000000000000001 1000000000000 2 1 1 0 0 80000000000000000000 1f 0
97 80000000000000000001 1000000000000 2 1 2 0 0 80000000000000000000 1f 0
97 80000000000000000001 1000000000000 2 1 8000 0 0 80000000000000000000 1f 0
97 80000000000000000001 1000000000000 2 1 80000000 0 0 80000000000000000000 1f 0
97 80000000000000000001 1000000000000 0 1 1 0 1 80000000000000000000 1f 0
97 80000000000000000001 2000000000000 0 1 2 1 1 80000000000000000000 1f 0
97 80000000000000000001 8000000000000000 0 1 8000 f 1 80000000000000000000 1f 0
97 80000000000000000001 80000000000000000000 0 1 80000000 1f 1 80000000000000000000 1f 0
97 0 1000000000001 2 1 1 0 0 1000000000001 0 1
97 0 1000000000001 2 1 2 0 0 1000000000001 0 1
97 0 1000000000001 2 1 8000 0 0 1000000000001 0 1
97 0 1000000000001 2 1 80000000 0 0 1000000000001 0 1
97 0 1000000000001 0 1 1 0 1 1000000000001 0 1
97 0 2000000000002 0 1 2 1 1 1000000000001 0 1
97 0 8000000000008000 0 1 8000 f 1 1000000000001 0 1
97 0 80000000000080000000 0 1 80000000 1f 1 1000000000001 0 1
97 80000000000000000000 1000000000001 2 1 1 0 0 40000000000040000000 1e 0
97 80000000000000000000 1000000000001 2 1 2 0 0 40000000000040000000 1e 0
97 80000000000000000000 1000000000001 2 1 8000 0 0 40000000000040000000 1e 0
97 80000000000000000000 1000000000001 2 1 80000000 0 0 40000000000040000000 1e 0
97 80000000000000000000 1000000000001 0 1 1 0 1 40000000000040000000 1e 0
97 80000000000000000000 2000000000002 0 1 2 1 1 40000000000040000000 1e 0
97 80000000000000000000 8000000000008000 0 1 8000 f 1 40000000000040000000 1e 0
97 80000000000000000000 80000000000080000000 0 1 80000000 1f 1 40000000000040000000 1e 0
97 80000000000000000001 1000000000001 2 1 1 0 0 40000000000040000000 1e 0
97 80000000000000000001 1000000000001 2 1 2 0 0 40000000000040000000 1e 0
97 80000000000000000001 1000000000001 2 1 8000 0 0 40000000000040000000 1e 0
97 80000000000000000001 1000000000001 2 1 80000000 0 0 40000000000040000000 1e 0
97 80000000000000000001 1000000000001 0 1 1 0 1 40000000000040000000 1e 0
97 80000000000000000001 2000000000002 0 1 2 1 1 40000000000040000000 1e 0
97 80000000000000000001 8000000000008000 0 1 8000 f 1 40000000000040000000 1e 0
97 80000000000000000001 80000000000080000000 0 1 80000000 1f 1 40000000000040000000 1e 0
97 0 8000000000000000 2 1 1 0 0 8000000000000000 0 1
97 0 8000000000000000 2 1 2 0 0 8000000000000000 0 1
97 0 8000000000000000 2 1 8000 0 0 8000000000000000 0 1
97 0 8000000000000000 2 1 80000000 0 0 8000000000000000 0 1
97 0 8000000000000000 0 1 1 0 1 8000000000000000 0 1
97 0 10000000000000000 0 1 2 1 1 8000000000000000 0 1
97 0 40000000000000000000 0 1 8000 f 1 8000000000000000 0 1
97 0 400000000000000000000000 0 1 80000000 1f 1 8000000000000000 0 1
97 1 8000000000000000 2 1 1 0 0 8000000000000000 0 1
97 1 8000000000000000 2 1 2 0 0 8000000000000000 0 1
97 1 8000000000000000 2 1 8000 0 0 8000000000000000 0 1
97 1 8000000000000000 2 1 80000000 0 0 8000000000000000 0 1
97 1 8000000000000000 0 1 1 0 1 8000000000000000 0 1
97 1 10000000000000000 0 1 2 1 1 8000000000000000 0 1
97 1 40000000000000000000 0 1 8000 f 1 8000000000000000 0 1
97 1 400000000000000000000000 0 1 80000000 1f 1 8000000000000000 0 1
97 2 8000000000000000 2 1 1 0 0 8000000000000000 0 1
97 2 8000000000000000 2 1 2 0 0 8000000000000000 0 1
97 2 8000000000000000 2 1 8000 0 0 8000000000000000 0 1
97 2 8000000000000000 2 1 80000000 0 0 8000000000000000 0 1
97 2 8000000000000000 0 1 1 0 1 8000000000000000 0 1
97 2 10000000000000000 0 1 2 1 1 8000000000000000 0 1
97 2 40000000000000000000 0 1 8000 f 1 8000000000000000 0 1
97 2 400000000000000000000000 0 1 80000000 1f 1 8000000000000000 0 1
97 0 8000000000000001 2 1 1 0 0 8000000000000001 0 1
97 0 8000000000000001 2 1 2 0 0 8000000000000001 0 1
97 0 8000000000000001 2 1 8000 0 0 8000000000000001 0 1
97 0 8000000000000001 2 1 80000000 0 0 8000000000000001 0 1
97 0 8000000000000001 0 1 1 0 1 8000000000000001 0 1
97 0 10000000000000002 0 1 2 1 1 8000000000000001 0 1
97 0 40000000000000008000 0 1 8000 f 1 8000000000000001 0 1
97 0 400000000000000080000000 0 1 80000000 1f 1 8000000000000001 0 1
97 1 8000000000000001 2 1 1 0 0 8000000000000001 0 1
97 1 8000000000000001 2 1 2 0 0 8000000000000001 0 1
97 1 8000000000000001 2 1 8000 0 0 8000000000000001 0 1
97 1 8000000000000001 2 1 80000000 0 0 8000000000000001 0 1
97 1 8000000000000001 0 1 1 0 1 8000000000000001 0 1
97 1 10000000000000002 0 1 2 1 1 8000000000000001 0 1
97 1 40000000000000008000 0 1 8000 f 1 8000000000000001 0 1
97 1 400000000000000080000000 0 1 80000000 1f 1 8000000000000001 0 1
97 2 8000000000000001 2 1 1 0 0 8000000000000001 0 1
97 2 8000000000000001 2 1 2 0 0 8000000000000001 0 1
97 2 8000000000000001 2 1 8000 0 0 8000000000000001 0 1
97 2 8000000000000001 2 1 80000000 0 0 8000000000000001 0 1
97 2 8000000000000001 0 1 1 0 1 8000000000000001 0 1
97 2 10000000000000002 0 1 2 1 1 8000000000000001 0 1
97 2 40000000000000008000 0 1 8000 f 1 8000000000000001 0 1
97 2 400000000000000080000000 0 1 80000000 1f 1 8000000000000001 0 1
97 0 8000000000000000 2 1 1 0 0 8000000000000000 0 1
97 0 8000000000000000 2 1 2 0 0 8000000000000000 0 1
97 0 8000000000000000 2 1 8000 0 0 8000000000000000 0 1
97 0 8000000000000000 2 1 80000000 0 0 8000000000000000 0 1
97 0 8000000000000000 0 1 1 0 1 8000000000000000 0 1
97 0 10000000000000000 0 1 2 1 1 8000000000000000 0 1
97 0 40000000000000000000 0 1 8000 f 1 8000000000000000 0 1
97 0 400000000000000000000000 0 1 80000000 1f 1 8000000000000000 0 1
97 40000000 8000000000000000 2 1 1 0 0 8000000000000000 0 1
97 40000000 8000000000000000 2 1 2 0 0 8000000000000000 0 1
97 40000000 8000000000000000 2 1 8000 0 0 8000000000000000 0 1
97 40000000 8000000000000000 2 1 80000000 0 0 8000000000000000 0 1
97 40000000 8000000000000000 0 1 1 0 1 8000000000000000 0 1
97 40000000 10000000000000000 0 1 2 1 1 8000000000000000 0 1
97 40000000 40000000000000000000 0 1 8000 f 1 8000000000000000 0 1
97 40000000 400000000000000000000000 0 1 80000000 1f 1 8000000000000000 0 1
97 40000001 8000000000000000 2 1 1 0 0 8000000000000000 0 1
97 40000001 8000000000000000 2 1 2 0 0 8000000000000000 0 1
97 40000001 8000000000000000 2 1 8000 0 0 8000000000000000 0 1
97 40000001 8000000000000000 2 1 80000000 0 0 8000000000000000 0 1
97 40000001 8000000000000000 0 1 1 0 1 8000000000000000 0 1
97 40000001 10000000000000000 0 1 2 1 1 8000000000000000 0 1
97 40000001 40000000000000000000 0 1 8000 f 1 8000000000000000 0 1
97 40000001 400000000000000000000000 0 1 80000000 1f 1 8000000000000000 0 1
97 0 8000000000000001 2 1 1 0 0 8000000000000001 0 1
97 0 8000000000000001 2 1 2 0 0 8000000000000001 0 1
97 0 8000000000000001 2 1 8000 0 0 8000000000000001 0 1
97 0 8000000000000001 2 1 80000000 0 0 8000000000000001 0 1
97 0 8000000000000001 0 1 1 0 1 8000000000000001 0 1
97 0 10000000000000002 0 1 2 1 1 8000000000000001 0 1
97 0 40000000000000008000 0 1 8000 f 1 8000000000000001 0 1
97 0 400000000000000080000000 0 1 80000000 1f 1 8000000000000001 0 1
97 40000000 8000000000000001 2 1 1 0 0 8000000000000001 0 1
97 40000000 8000000000000001 2 1 2 0 0 8000000000000001 0 1
97 40000000 8000000000000001 2 1 8000 0 0 8000000000000001 0 1
97 40000000 8000000000000001 2 1 80000000 0 0 8000000000000001 0 1
97 40000000 8000000000000001 0 1 1 0 1 8000000000000001 0 1
97 40000000 10000000000000002 0 1 2 1 1 8000000000000001 0 1
97 40000000 40000000000000008000 0 1 8000 f 1 8000000000000001 0 1
97 40000000 400000000000000080000000 0 1 80000000 1f 1 8000000000000001 0 1
97 40000001 8000000000000001 2 1 1 0 0 8000000000000001 0 1
97 40000001 8000000000000001 2 1 2 0 0 8000000000000001 0 1
97 40000001 8000000000000001 2 1 8000 0 0 8000000000000001 0 1
97 40000001 8000000000000001 2 1 80000000 0 0 8000000000000001 0 1
97 40000001 8000000000000001 0 1 1 0 1 8000000000000001 0 1
97 40000001 10000000000000002 0 1 2 1 1 8000000000000001 0 1
97 40000001 40000000000000008000 0 1 8000 f 1 8000000000000001 0 1
97 40000001 400000000000000080000000 0 1 80000000 1f 1 8000000000000001 0 1
97 0 8000000000000000 2 1 1 0 0 8000000000000000 0 1
97 0 8000000000000000 2 1 2 0 0 8000000000000000 0 1
97 0 8000000000000000 2 1 8000 0 0 8000000000000000 0 1
97 0 8000000000000000 2 1 80000000 0 0 8000000000000000 0 1
97 0 8000000000000000 0 1 1 0 1 8000000000000000 0 1
97 0 10000000000000000 0 1 2 1 1 8000000000000000 0 1
97 0 40000000000000000000 0 1 8000 f 1 8000000000000000 0 1
97 0 400000000000000000000000 0 1 80000000 1f 1 8000000000000000 0 1
97 8000000000000000 8000000000000000 2 1 1 0 0 8000000000000000 0 0
97 8000000000000000 8000000000000000 2 1 2 0 0 8000000000000000 0 0
97 8000000000000000 8000000000000000 2 1 8000 0 0 8000000000000000 0 0
97 8000000000000000 8000000000000000 2 1 80000000 0 0 8000000000000000 0 0
97 8000000000000000 8000000000000000 0 1 1 0 1 8000000000000000 0 0
97 8000000000000000 10000000000000000 0 1 2 1 1 8000000000000000 0 0
97 8000000000000000 40000000000000000000 0 1 8000 f 1 8000000000000000 0 0
97 8000000000000000 400000000000000000000000 0 1 80000000 1f 1 8000000000000000 0 0
97 8000000000000001 8000000000000000 2 1 1 0 0 8000000000000000 0 0
97 8000000000000001 8000000000000000 2 1 2 0 0 8000000000000000 0 0
97 8000000000000001 8000000000000000 2 1 8000 0 0 8000000000000000 0 0
97 8000000000000001 8000000000000000 2 1 80000000 0 0 8000000000000000 0 0
97 8000000000000001 8000000000000000 0 1 1 0 1 8000000000000000 0 0
97 8000000000000001 10000000000000000 0 1 2 1 1 8000000000000000 0 0
97 8000000000000001 40000000000000000000 0 1 8000 f 1 8000000000000000 0 0
97 8000000000000001 400000000000000000000000 0 1 80000000 1f 1 8000000000000000 0 0
97 0 8000000000000001 2 1 1 0 0 8000000000000001 0 1
97 0 8000000000000001 2 1 2 0 0 8000000000000001 0 1
97 0 8000000000000001 2 1 8000 0 0 8000000000000001 0 1
97 0 8000000000000001 2 1 80000000 0 0 8000000000000001 0 1
97 0 8000000000000001 0 1 1 0 1 8000000000000001 0 1
97 0 10000000000000002 0 1 2 1 1 8000000000000001 0 1
97 0 40000000000000008000 0 1 8000 f 1 8000000000000001 0 1
97 0 400000000000000080000000 0 1 80000000 1f 1 8000000000000001 0 1
97 8000000000000000 8000000000000001 2 1 1 0 0 8000000000000001 0 1
97 8000000000000000 8000000000000001 2 1 2 0 0 8000000000000001 0 1
97 8000000000000000 8000000000000001 2 1 8000 0 0 8000000000000001 0 1
97 8000000000000000 8000000000000001 2 1 80000000 0 0 8000000000000001 0 1
97 8000000000000000 8000000000000001 0 1 1 0 1 8000000000000001 0 1
97 8000000000000000 10000000000000002 0 1 2 1 1 8000000000000001 0 1
97 8000000000000000 40000000000000008000 0 1 8000 f 1 8000000000000001 0 1
97 8000000000000000 400000000000000080000000 0 1 80000000 1f 1 8000000000000001 0 1
97 8000000000000001 8000000000000001 2 1 1 0 0 8000000000000001 0 0
97 8000000000000001 8000000000000001 2 1 2 0 0 8000000000000001 0 0
97 8000000000000001 8000000000000001 2 1 8000 0 0 8000000000000001 0 0
97 8000000000000001 8000000000000001 2 1 80000000 0 0 8000000000000001 0 0
97 8000000000000001 8000000000000001 0 1 1 0 1 8000000000000001 0 0
97 8000000000000001 10000000000000002 0 1 2 1 1 8000000000000001 0 0
97 8000000000000001 40000000000000008000 0 1 8000 f 1 8000000000000001 0 0
97 8000000000000001 400000000000000080000000 0 1 80000000 1f 1 8000000000000001 0 0
97 0 8000000000000000 2 1 1 0 0 8000000000000000 0 1
97 0 8000000000000000 2 1 2 0 0 8000000000000000 0 1
97 0 8000000000000000 2 1 8000 0 0 8000000000000000 0 1
97 0 8000000000000000 2 1 80000000 0 0 8000000000000000 0 1
97 0 8000000000000000 0 1 1 0 1 8000000000000000 0 1
97 0 10000000000000000 0 1 2 1 1 8000000000000000 0 1
97 0 40000000000000000000 0 1 8000 f 1 8000000000000000 0 1
97 0 400000000000000000000000 0 1 80000000 1f 1 8000000000000000 0 1
97 400000000000000000000000 8000000000000000 2 1 1 0 0 400000000000000000000000 1f 0
97 400000000000000000000000 8000000000000000 2 1 2 0 0 400000000000000000000000 1f 0
97 400000000000000000000000 8000000000000000 2 1 8000 0 0 400000000000000000000000 1f 0
97 400000000000000000000000 8000000000000000 2 1 80000000 0 0 400000000000000000000000 1f 0
97 400000000000000000000000 8000000000000000 0 1 1 0 1 400000000000000000000000 1f 0
97 400000000000000000000000 10000000000000000 0 1 2 1 1 400000000000000000000000 1f 0
97 400000000000000000000000 40000000000000000000 0 1 8000 f 1 400000000000000000000000 1f 0
97 400000000000000000000000 400000000000000000000000 0 1 80000000 1f 1 400000000000000000000000 1f 0
97 400000000000000000000001 8000000000000000 2 1 1 0 0 400000000000000000000000 1f 0
97 400000000000000000000001 8000000000000000 2 1 2 0 0 400000000000000000000000 1f 0
97 400000000000000000000001 8000000000000000 2 1 8000 0 0 400000000000000000000000 1f 0
97 400000000000000000000001 8000000000000000 2 1 80000000 0 0 400000000000000000000000 1f 0
97 400000000000000000000001 8000000000000000 0 1 1 0 1 400000000000000000000000 1f 0
97 400000000000000000000001 10000000000000000 0 1 2 1 1 400000000000000000000000 1f 0
97 400000000000000000000001 40000000000000000000 0 1 8000 f 1 400000000000000000000000 1f 0
97 400000000000000000000001 400000000000000000000000 0 1 80000000 1f 1 400000000000000000000000 1f 0
97 0 8000000000000001 2 1 1 0 0 8000000000000001 0 1
97 0 8000000000000001 2 1 2 0 0 8000000000000001 0 1
97 0 8000000000000001 2 1 8000 0 0 8000000000000001 0 1
97 0 8000000000000001 2 1 80000000 0 0 8000000000000001 0 1
97 0 8000000000000001 0 1 1 0 1 8000000000000001 0 1
97 0 10000000000000002 0 1 2 1 1 8000000000000001 0 1
97 0 40000000000000008000 0 1 8000 f 1 8000000000000001 0 1
97 0 400000000000000080000000 0 1 80000000 1f 1 8000000000000001 0 1
97 400000000000000000000000 8000000000000001 2 1 1 0 0 200000000000000040000000 1e 0
97 400000000000000000000000 8000000000000001 2 1 2 0 0 200000000000000040000000 1e 0
97 400000000000000000000000 8000000000000001 2 1 8000 0 0 200000000000000040000000 1e 0
97 400000000000000000000000 8000000000000001 2 1 80000000 0 0 200000000000000040000000 1e 0
97 400000000000000000000000 8000000000000001 0 1 1 0 1 200000000000000040000000 1e 0
97 400000000000000000000000 10000000000000002 0 1 2 1 1 200000000000000040000000 1e 0
97 400000000000000000000000 40000000000000008000 0 1 8000 f 1 200000000000000040000000 1e 0
97 400000000000000000000000 400000000000000080000000 0 1 80000000 1f 1 200000000000000040000000 1e 0
97 400000000000000000000001 8000000000000001 2 1 1 0 0 200000000000000040000000 1e 0
97 400000000000000000000001 8000000000000001 2 1 2 0 0 200000000000000040000000 1e 0
97 400000000000000000000001 8000000000000001 2 1 8000 0 0 200000000000000040000000 1e 0
97 400000000000000000000001 8000000000000001 2 1 80000000 0 0 200000000000000040000000 1e 0
97 400000000000000000000001 8000000000000001 0 1 1 0 1 200000000000000040000000 1e 0
97 400000000000000000000001 10000000000000002 0 1 2 1 1 200000000000000040000000 1e 0
97 400000000000000000000001 40000000000000008000 0 1 8000 f 1 200000000000000040000000 1e 0
97 400000000000000000000001 400000000000000080000000 0 1 80000000 1f 1 200000000000000040000000 1e 0
97 0 800000000000000000000000 2 1 1 0 0 800000000000000000000000 0 1
97 0 800000000000000000000000 2 1 2 0 0 800000000000000000000000 0 1
97 0 800000000000000000000000 2 1 8000 0 0 800000000000000000000000 0 1
97 0 800000000000000000000000 2 1 80000000 0 0 800000000000000000000000 0 1
97 0 800000000000000000000000 0 1 1 0 1 800000000000000000000000 0 1
97 0 1000000000000000000000000 0 1 2 1 1 800000000000000000000000 0 1
97 1 800000000000000000000000 2 1 1 0 0 800000000000000000000000 0 1
97 1 800000000000000000000000 2 1 2 0 0 800000000000000000000000 0 1
97 1 800000000000000000000000 2 1 8000 0 0 800000000000000000000000 0 1
97 1 800000000000000000000000 2 1 80000000 0 0 800000000000000000000000 0 1
97 1 800000000000000000000000 0 1 1 0 1 800000000000000000000000 0 1
97 1 1000000000000000000000000 0 1 2 1 1 800000000000000000000000 0 1
97 2 800000000000000000000000 2 1 1 0 0 800000000000000000000000 0 1
97 2 800000000000000000000000 2 1 2 0 0 800000000000000000000000 0 1
97 2 800000000000000000000000 2 1 8000 0 0 800000000000000000000000 0 1
97 2 800000000000000000000000 2 1 80000000 0 0 800000000000000000000000 0 1
97 2 800000000000000000000000 0 1 1 0 1 800000000000000000000000 0 1
97 2 1000000000000000000000000 0 1 2 1 1 800000000000000000000000 0 1
97 0 800000000000000000000001 2 1 1 0 0 800000000000000000000001 0 1
97 0 800000000000000000000001 2 1 2 0 0 800000000000000000000001 0 1
97 0 800000000000000000000001 2 1 8000 0 0 800000000000000000000001 0 1
97 0 800000000000000000000001 2 1 80000000 0 0 800000000000000000000001 0 1
97 0 800000000000000000000001 0 1 1 0 1 800000000000000000000001 0 1
97 0 1000000000000000000000002 0 1 2 1 1 800000000000000000000001 0 1
97 1 800000000000000000000001 2 1 1 0 0 800000000000000000000001 0 1
97 1 800000000000000000000001 2 1 2 0 0 800000000000000000000001 0 1
97 1 800000000000000000000001 2 1 8000 0 0 800000000000000000000001 0 1
97 1 800000000000000000000001 2 1 80000000 0 0 800000000000000000000001 0 1
97 1 800000000000000000000001 0 1 1 0 1 800000000000000000000001 0 1
97 1 1000000000000000000000002 0 1 2 1 1 800000000000000000000001 0 1
97 2 800000000000000000000001 2 1 1 0 0 800000000000000000000001 0 1
97 2 800000000000000000000001 2 1 2 0 0 800000000000000000000001 0 1
97 2 800000000000000000000001 2 1 8000 0 0 800000000000000000000001 0 1
97 2 800000000000000000000001 2 1 80000000 0 0 800000000000000000000001 0 1
97 2 800000000000000000000001 0 1 1 0 1 800000000000000000000001 0 1
97 2 1000000000000000000000002 0 1 2 1 1 800000000000000000000001 0 1
97 0 800000000000000000000000 2 1 1 0 0 800000000000000000000000 0 1
97 0 800000000000000000000000 2 1 2 0 0 800000000000000000000000 0 1
97 0 800000000000000000000000 2 1 8000 0 0 800000000000000000000000 0 1
97 0 800000000000000000000000 2 1 80000000 0 0 800000000000000000000000 0 1
97 0 800000000000000000000000 0 1 1 0 1 800000000000000000000000 0 1
97 0 1000000000000000000000000 0 1 2 1 1 800000000000000000000000 0 1
97 4000000000000000 800000000000000000000000 2 1 1 0 0 800000000000000000000000 0 1
97 4000000000000000 800000000000000000000000 2 1 2 0 0 800000000000000000000000 0 1
97 4000000000000000 800000000000000000000000 2 1 8000 0 0 800000000000000000000000 0 1
97 4000000000000000 800000000000000000000000 2 1 80000000 0 0 800000000000000000000000 0 1
97 4000000000000000 800000000000000000000000 0 1 1 0 1 800000000000000000000000 0 1
97 4000000000000000 1000000000000000000000000 0 1 2 1 1 800000000000000000000000 0 1
97 4000000000000001 800000000000000000000000 2 1 1 0 0 800000000000000000000000 0 1
97 4000000000000001 800000000000000000000000 2 1 2 0 0 800000000000000000000000 0 1
97 4000000000000001 800000000000000000000000 2 1 8000 0 0 800000000000000000000000 0 1
97 4000000000000001 800000000000000000000000 2 1 80000000 0 0 800000000000000000000000 0 1
97 4000000000000001 800000000000000000000000 0 1 1 0 1 800000000000000000000000 0 1
97 4000000000000001 1000000000000000000000000 0 1 2 1 1 800000000000000000000000 0 1
97 0 800000000000000000000001 2 1 1 0 0 800000000000000000000001 0 1
97 0 800000000000000000000001 2 1 2 0 0 800000000000000000000001 0 1
97 0 800000000000000000000001 2 1 8000 0 0 800000000000000000000001 0 1
97 0 800000000000000000000001 2 1 80000000 0 0 800000000000000000000001 0 1
97 0 800000000000000000000001 0 1 1 0 1 800000000000000000000001 0 1
97 0 1000000000000000000000002 0 1 2 1 1 800000000000000000000001 0 1
97 4000000000000000 800000000000000000000001 2 1 1 0 0 800000000000000000000001 0 1
97 4000000000000000 800000000000000000000001 2 1 2 0 0 800000000000000000000001 0 1
97 4000000000000000 800000000000000000000001 2 1 8000 0 0 800000000000000000000001 0 1
97 4000000000000000 800000000000000000000001 2 1 80000000 0 0 800000000000000000000001 0 1
97 4000000000000000 800000000000000000000001 0 1 1 0 1 800000000000000000000001 0 1
97 4000000000000000 1000000000000000000000002 0 1 2 1 1 800000000000000000000001 0 1
97 4000000000000001 800000000000000000000001 2 1 1 0 0 800000000000000000000001 0 1
97 4000000000000001 800000000000000000000001 2 1 2 0 0 800000000000000000000001 0 1
97 4000000000000001 800000000000000000000001 2 1 8000 0 0 800000000000000000000001 0 1
97 4000000000000001 800000000000000000000001 2 1 80000000 0 0 800000000000000000000001 0 1
97 4000000000000001 800000000000000000000001 0 1 1 0 1 800000000000000000000001 0 1
97 4000000000000001 1000000000000000000000002 0 1 2 1 1 800000000000000000000001 0 1
97 0 800000000000000000000000 2 1 1 0 0 800000000000000000000000 0 1
97 0 800000000000000000000000 2 1 2 0 0 800000000000000000000000 0 1
97 0 800000000000000000000000 2 1 8000 0 0 800000000000000000000000 0 1
97 0 800000000000000000000000 2 1 80000000 0 0 800000000000000000000000 0 1
97 0 800000000000000000000000 0 1 1 0 1 800000000000000000000000 0 1
97 0 1000000000000000000000000 0 1 2 1 1 800000000000000000000000 0 1
97 800000000000000000000000 800000000000000000000000 2 1 1 0 0 800000000000000000000000 0 0
97 800000000000000000000000 800000000000000000000000 2 1 2 0 0 800000000000000000000000 0 0
97 800000000000000000000000 800000000000000000000000 2 1 8000 0 0 800000000000000000000000 0 0
97 800000000000000000000000 800000000000000000000000 2 1 80000000 0 0 800000000000000000000000 0 0
97 800000000000000000000000 800000000000000000000000 0 1 1 0 1 800000000000000000000000 0 0
97 800000000000000000000000 1000000000000000000000000 0 1 2 1 1 800000000000000000000000 0 0
97 800000000000000000000001 800000000000000000000000 2 1 1 0 0 800000000000000000000000 0 0
97 800000000000000000000001 800000000000000000000000 2 1 2 0 0 800000000000000000000000 0 0
97 800000000000000000000001 800000000000000000000000 2 1 8000 0 0 800000000000000000000000 0 0
97 800000000000000000000001 800000000000000000000000 2 1 80000000 0 0 800000000000000000000000 0 0
97 800000000000000000000001 800000000000000000000000 0 1 1 0 1 800000000000000000000000 0 0
97 800000000000000000000001 1000000000000000000000000 0 1 2 1 1 800000000000000000000000 0 0
97 0 800000000000000000000001 2 1 1 0 0 800000000000000000000001 0 1
97 0 800000000000000000000001 2 1 2 0 0 800000000000000000000001 0 1
97 0 800000000000000000000001 2 1 8000 0 0 800000000000000000000001 0 1
97 0 800000000000000000000001 2 1 80000000 0 0 800000000000000000000001 0 1
97 0 800000000000000000000001 0 1 1 0 1 800000000000000000000001 0 1
97 0 1000000000000000000000002 0 1 2 1 1 800000000000000000000001 0 1
97 800000000000000000000000 800000000000000000000001 2 1 1 0 0 800000000000000000000001 0 1
97 800000000000000000000000 800000000000000000000001 2 1 2 0 0 800000000000000000000001 0 1
97 800000000000000000000000 800000000000000000000001 2 1 8000 0 0 800000000000000000000001 0 1
97 800000000000000000000000 800000000000000000000001 2 1 80000000 0 0 800000000000000000000001 0 1
97 800000000000000000000000 800000000000000000000001 0 1 1 0 1 800000000000000000000001 0 1
97 800000000000000000000000 1000000000000000000000002 0 1 2 1 1 800000000000000000000001 0 1
97 800000000000000000000001 800000000000000000000001 2 1 1 0 0 800000000000000000000001 0 0
97 800000000000000000000001 800000000000000000000001 2 1 2 0 0 800000000000000000000001 0 0
97 800000000000000000000001 800000000000000000000001 2 1 8000 0 0 800000000000000000000001 0 0
97 800000000000000000000001 800000000000000000000001 2 1 80000000 0 0 800000000000000000000001 0 0
97 800000000000000000000001 800000000000000000000001 0 1 1 0 1 800000000000000000000001 0 0
97 800000000000000000000001 1000000000000000000000002 0 1 2 1 1 800000000000000000000001 0 0
97 0 800000000000000000000000 2 1 1 0 0 800000000000000000000000 0 1
97 0 800000000000000000000000 2 1 2 0 0 800000000000000000000000 0 1
97 0 800000000000000000000000 2 1 8000 0 0 800000000000000000000000 0 1
97 0 800000000000000000000000 2 1 80000000 0 0 800000000000000000000000 0 1
97 0 800000000000000000000000 0 1 1 0 1 800000000000000000000000 0 1
97 0 1000000000000000000000000 0 1 2 1 1 800000000000000000000000 0 1
97 1000000000000000000000000 800000000000000000000000 2 1 1 0 0 1000000000000000000000000 1 0
97 1000000000000000000000000 800000000000000000000000 2 1 2 0 0 1000000000000000000000000 1 0
97 1000000000000000000000000 800000000000000000000000 2 1 8000 0 0 1000000000000000000000000 1 0
97 1000000000000000000000000 800000000000000000000000 2 1 80000000 0 0 1000000000000000000000000 1 0
97 1000000000000000000000000 800000000000000000000000 0 1 1 0 1 1000000000000000000000000 1 0
97 1000000000000000000000000 1000000000000000000000000 0 1 2 1 1 1000000000000000000000000 1 0
97 1000000000000000000000001 800000000000000000000000 2 1 1 0 0 1000000000000000000000000 1 0
97 1000000000000000000000001 800000000000000000000000 2 1 2 0 0 1000000000000000000000000 1 0
97 1000000000000000000000001 800000000000000000000000 2 1 8000 0 0 1000000000000000000000000 1 0
97 1000000000000000000000001 800000000000000000000000 2 1 80000000 0 0 1000000000000000000000000 1 0
97 1000000000000000000000001 800000000000000000000000 0 1 1 0 1 1000000000000000000000000 1 0
97 1000000000000000000000001 1000000000000000000000000 0 1 2 1 1 1000000000000000000000000 1 0
97 0 800000000000000000000001 2 1 1 0 0 800000000000000000000001 0 1
97 0 800000000000000000000001 2 1 2 0 0 800000000000000000000001 0 1
97 0 800000000000000000000001 2 1 8000 0 0 800000000000000000000001 0 1
97 0 800000000000000000000001 2 1 80000000 0 0 800000000000000000000001 0 1
97 0 800000000000000000000001 0 1 1 0 1 800000000000000000000001 0 1
97 0 1000000000000000000000002 0 1 2 1 1 800000000000000000000001 0 1
97 1000000000000000000000000 800000000000000000000001 2 1 1 0 0 800000000000000000000001 0 0
97 1000000000000000000000000 800000000000000000000001 2 1 2 0 0 800000000000000000000001 0 0
97 1000000000000000000000000 800000000000000000000001 2 1 8000 0 0 800000000000000000000001 0 0
97 1000000000000000000000000 800000000000000000000001 2 1 80000000 0 0 800000000000000000000001 0 0
97 1000000000000000000000000 800000000000000000000001 0 1 1 0 1 800000000000000000000001 0 0
97 1000000000000000000000000 1000000000000000000000002 0 1 2 1 1 800000000000000000000001 0 0
97 1000000000000000000000001 800000000000000000000001 2 1 1 0 0 800000000000000000000001 0 0
97 1000000000000000000000001 800000000000000000000001 2 1 2 0 0 800000000000000000000001 0 0
97 1000000000000000000000001 800000000000000000000001 2 1 8000 0 0 800000000000000000000001 0 0
97 1000000000000000000000001 800000000000000000000001 2 1 80000000 0 0 800000000000000000000001 0 0
97 1000000000000000000000001 800000000000000000000001 0 1 1 0 1 800000000000000000000001 0 0
97 1000000000000000000000001 1000000000000000000000002 0 1 2 1 1 800000000000000000000001 0 0
109 0 1 2 1 1 0 0 1 0 1
109 0 1 2 1 2 0 0 1 0 1
109 0 1 2 1 8000 0 0 1 0 1
109 0 1 2 1 80000000 0 0 1 0 1
109 0 1 0 1 1 0 1 1 0 1
109 0 2 0 1 2 1 1 1 0 1
109 0 8000 0 1 8000 f 1 1 0 1
109 0 80000000 0 1 80000000 1f 1 1 0 1
109 1 1 2 1 1 0 0 1 0 0
109 1 1 2 1 2 0 0 1 0 0
109 1 1 2 1 8000 0 0 1 0 0
109 1 1 2 1 80000000 0 0 1 0 0
109 1 1 0 1 1 0 1 1 0 0
109 1 2 0 1 2 1 1 1 0 0
109 1 8000 0 1 8000 f 1 1 0 0
109 1 80000000 0 1 80000000 1f 1 1 0 0
109 2 1 2 1 1 0 0 2 1 0
109 2 1 2 1 2 0 0 2 1 0
109 2 1 2 1 8000 0 0 2 1 0
109 2 1 2 1 80000000 0 0 2 1 0
109 2 1 0 1 1 0 1 2 1 0
109 2 2 0 1 2 1 1 2 1 0
109 2 8000 0 1 8000 f 1 2 1 0
109 2 80000000 0 1 80000000 1f 1 2 1 0
109 0 2 2 1 1 0 0 2 0 1
109 0 2 2 1 2 0 0 2 0 1
109 0 2 2 1 8000 0 0 2 0 1
109 0 2 2 1 80000000 0 0 2 0 1
109 0 2 0 1 1 0 1 2 0 1
109 0 4 0 1 2 1 1 2 0 1
109 0 10000 0 1 8000 f 1 2 0 1
109 0 100000000 0 1 80000000 1f 1 2 0 1
109 1 2 2 1 1 0 0 2 0 1
109 1 2 2 1 2 0 0 2 0 1
109 1 2 2 1 8000 0 0 2 0 1
109 1 2 2 1 80000000 0 0 2 0 1
109 1 2 0 1 1 0 1 2 0 1
109 1 4 0 1 2 1 1 2 0 1
109 1 10000 0 1 8000 f 1 2 0 1
109 1 100000000 0 1 80000000 1f 1 2 0 1
109 2 2 2 1 1 0 0 2 0 0
109 2 2 2 1 2 0 0 2 0 0
109 2 2 2 1 8000 0 0 2 0 0
109 2 2 2 1 80000000 0 0 2 0 0
109 2 2 0 1 1 0 1 2 0 0
109 2 4 0 1 2 1 1 2 0 0
109 2 10000 0 1 8000 f 1 2 0 0
109 2 100000000 0 1 80000000 1f 1 2 0 0
109 0 1 2 1 1 0 0 1 0 1
109 0 1 2 1 2 0 0 1 0 1
109 0 1 2 1 8000 0 0 1 0 1
109 0 1 2 1 80000000 0 0 1 0 1
109 0 1 0 1 1 0 1 1 0 1
109 0 2 0 1 2 1 1 1 0 1
109 0 8000 0 1 8000 f 1 1 0 1
109 0 80000000 0 1 80000000 1f 1 1 0 1
109 80000000 1 2 1 1 0 0 80000000 1f 0
109 80000000 1 2 1 2 0 0 80000000 1f 0
109 80000000 1 2 1 8000 0 0 80000000 1f 0
109 80000000 1 2 1 80000000 0 0 80000000 1f 0
109 80000000 1 0 1 1 0 1 80000000 1f 0
109 80000000 2 0 1 2 1 1 80000000 1f 0
109 80000000 8000 0 1 8000 f 1 80000000 1f 0
109 80000000 80000000 0 1 80000000 1f 1 80000000 1f 0
109 80000001 1 2 1 1 0 0 80000000 1f 0
109 80000001 1 2 1 2 0 0 80000000 1f 0
109 80000001 1 2 1 8000 0 0 80000000 1f 0
109 80000001 1 2 1 80000000 0 0 80000000 1f 0
109 80000001 1 0 1 1 0 1 80000000 1f 0
109 80000001 2 0 1 2 1 1 80000000 1f 0
109 80000001 8000 0 1 8000 f 1 80000000 1f 0
109 80000001 80000000 0 1 80000000 1f 1 80000000 1f 0
109 0 2 2 1 1 0 0 2 0 1
109 0 2 2 1 2 0 0 2 0 1
109 0 2 2 1 8000 0 0 2 0 1
109 0 2 2 1 80000000 0 0 2 0 1
109 0 2 0 1 1 0 1 2 0 1
109 0 4 0 1 2 1 1 2 0 1
109 0 10000 0 1 8000 f 1 2 0 1
109 0 100000000 0 1 80000000 1f 1 2 0 1
109 80000000 2 2 1 1 0 0 80000000 1e 0
109 80000000 2 2 1 2 0 0 80000000 1e 0
109 80000000 2 2 1 8000 0 0 80000000 1e 0
109 80000000 2 2 1 80000000 0 0 80000000 1e 0
109 80000000 2 0 1 1 0 1 80000000 1e 0
109 80000000 4 0 1 2 1 1 80000000 1e 0
109 80000000 10000 0 1 8000 f 1 80000000 1e 0
109 80000000 100000000 0 1 80000000 1f 1 80000000 1e 0
109 80000001 2 2 1 1 0 0 80000000 1e 0
109 80000001 2 2 1 2 0 0 80000000 1e 0
109 80000001 2 2 1 8000 0 0 80000000 1e 0
109 80000001 2 2 1 80000000 0 0 80000000 1e 0
109 80000001 2 0 1 1 0 1 80000000 1e 0
109 80000001 4 0 1 2 1 1 80000000 1e 0
109 80000001 10000 0 1 8000 f 1 80000000 1e 0
109 80000001 100000000 0 1 80000000 1f 1 80000000 1e 0
109 0 80000000 2 1 1 0 0 80000000 0 1
109 0 80000000 2 1 2 0 0 80000000 0 1
109 0 80000000 2 1 8000 0 0 80000000 0 1
109 0 80000000 2 1 80000000 0 0 80000000 0 1
109 0 80000000 0 1 1 0 1 80000000 0 1
109 0 100000000 0 1 2 1 1 80000000 0 1
109 0 400000000000 0 1 8000 f 1 80000000 0 1
109 0 4000000000000000 0 1 80000000 1f 1 80000000 0 1
109 1 80000000 2 1 1 0 0 80000000 0 1
109 1 80000000 2 1 2 0 0 80000000 0 1
109 1 80000000 2 1 8000 0 0 80000000 0 1
109 1 80000000 2 1 80000000 0 0 80000000 0 1
109 1 80000000 0 1 1 0 1 80000000 0 1
109 1 100000000 0 1 2 1 1 80000000 0 1
109 1 400000000000 0 1 8000 f 1 80000000 0 1
109 1 4000000000000000 0 1 80000000 1f 1 80000000 0 1
109 2 80000000 2 1 1 0 0 80000000 0 1
109 2 80000000 2 1 2 0 0 80000000 0 1
109 2 80000000 2 1 8000 0 0 80000000 0 1
109 2 80000000 2 1 80000000 0 0 80000000 0 1
109 2 80000000 0 1 1 0 1 80000000 0 1
109 2 100000000 0 1 2 1 1 80000000 0 1
109 2 400000000000 0 1 8000 f 1 80000000 0 1
109 2 4000000000000000 0 1 80000000 1f 1 80000000 0 1
109 0 80000001 2 1 1 0 0 80000001 0 1
109 0 80000001 2 1 2 0 0 80000001 0 1
109 0 80000001 2 1 8000 0 0 80000001 0 1
109 0 80000001 2 1 80000000 0 0 80000001 0 1
109 0 80000001 0 1 1 0 1 80000001 0 1
109 0 100000002 0 1 2 1 1 80000001 0 1
109 0 400000008000 0 1 8000 f 1 80000001 0 1
109 0 4000000080000000 0 1 80000000 1f 1 80000001 0 1
109 1 80000001 2 1 1 0 0 80000001 0 1
109 1 80000001 2 1 2 0 0 80000001 0 1
109 1 80000001 2 1 8000 0 0 80000001 0 1
109 1 80000001 2 1 80000000 0 0 80000001 0 1
109 1 80000001 0 1 1 0 1 80000001 0 1
109 1 100000002 0 1 2 1 1 80000001 0 1
109 1 400000008000 0 1 8000 f 1 80000001 0 1
109 1 4000000080000000 0 1 80000000 1f 1 80000001 0 1
109 2 80000001 2 1 1 0 0 80000001 0 1
109 2 80000001 2 1 2 0 0 80000001 0 1
109 2 80000001 2 1 8000 0 0 80000001 0 1
109 2 80000001 2 1 80000000 0 0 80000001 0 1
109 2 80000001 0 1 1 0 1 80000001 0 1
109 2 100000002 0 1 2 1 1 80000001 0 1
109 2 400000008000 0 1 8000 f 1 80000001 0 1
109 2 4000000080000000 0 1 80000000 1f 1 80000001 0 1
109 0 80000000 2 1 1 0 0 80000000 0 1
109 0 80000000 2 1 2 0 0 80000000 0 1
109 0 80000000 2 1 8000 0 0 80000000 0 1
109 0 80000000 2 1 80000000 0 0 80000000 0 1
109 0 80000000 0 1 1 0 1 80000000 0 1
109 0 100000000 0 1 2 1 1 80000000 0 1
109 0 400000000000 0 1 8000 f 1 80000000 0 1
109 0 4000000000000000 0 1 80000000 1f 1 80000000 0 1
109 80000000 80000000 2 1 1 0 0 80000000 0 0
109 80000000 80000000 2 1 2 0 0 80000000 0 0
109 80000000 80000000 2 1 8000 0 0 80000000 0 0
109 80000000 80000000 2 1 80000000 0 0 80000000 0 0
109 80000000 80000000 0 1 1 0 1 80000000 0 0
109 80000000 100000000 0 1 2 1 1 80000000 0 0
109 80000000 400000000000 0 1 8000 f 1 80000000 0 0
109 80000000 4000000000000000 0 1 80000000 1f 1 80000000 0 0
109 80000001 80000000 2 1 1 0 0 80000000 0 0
109 80000001 80000000 2 1 2 0 0 80000000 0 0
109 80000001 80000000 2 1 8000 0 0 80000000 0 0
109 80000001 80000000 2 1 80000000 0 0 80000000 0 0
109 80000001 80000000 0 1 1 0 1 80000000 0 0
109 80000001 100000000 0 1 2 1 1 80000000 0 0
109 80000001 400000000000 0 1 8000 f 1 80000000 0 0
109 80000001 4000000000000000 0 1 80000000 1f 1 80000000 0 0
109 0 80000001 2 1 1 0 0 80000001 0 1
109 0 80000001 2 1 2 0 0 80000001 0 1
109 0 80000001 2 1 8000 0 0 80000001 0 1
109 0 80000001 2 1 80000000 0 0 80000001 0 1
109 0 80000001 0 1 1 0 1 80000001 0 1
109 0 100000002 0 1 2 1 1 80000001 0 1
109 0 400000008000 0 1 8000 f 1 80000001 0 1
109 0 4000000080000000 0 1 80000000 1f 1 80000001 0 1
109 80000000 80000001 2 1 1 0 0 80000001 0 1
109 80000000 80000001 2 1 2 0 0 80000001 0 1
109 80000000 80000001 2 1 8000 0 0 80000001 0 1
109 80000000 80000001 2 1 80000000 0 0 80000001 0 1
109 80000000 80000001 0 1 1 0 1 80000001 0 1
109 80000000 100000002 0 1 2 1 1 80000001 0 1
109 80000000 400000008000 0 1 8000 f 1 80000001 0 1
109 80000000 4000000080000000 0 1 80000000 1f 1 80000001 0 1
109 80000001 80000001 2 1 1 0 0 80000001 0 0
109 80000001 80000001 2 1 2 0 0 80000001 0 0
109 80000001 80000001 2 1 8000 0 0 80000001 0 0
109 80000001 80000001 2 1 80000000 0 0 80000001 0 0
109 80000001 80000001 0 1 1 0 1 80000001 0 0
109 80000001 100000002 0 1 2 1 1 80000001 0 0
109 80000001 400000008000 0 1 8000 f 1 80000001 0 0
109 80000001 4000000080000000 0 1 80000000 1f 1 80000001 0 0
109 0 80000000 2 1 1 0 0 80000000 0 1
109 0 80000000 2 1 2 0 0 80000000 0 1
109 0 80000000 2 1 8000 0 0 80000000 0 1
109 0 80000000 2 1 80000000 0 0 80000000 0 1
109 0 80000000 0 1 1 0 1 80000000 0 1
109 0 100000000 0 1 2 1 1 80000000 0 1
109 0 400000000000 0 1 8000 f 1 80000000 0 1
109 0 4000000000000000 0 1 80000000 1f 1 80000000 0 1
109 4000000000000000 80000000 2 1 1 0 0 4000000000000000 1f 0
109 4000000000000000 80000000 2 1 2 0 0 4000000000000000 1f 0
109 4000000000000000 80000000 2 1 8000 0 0 4000000000000000 1f 0
109 4000000000000000 80000000 2 1 80000000 0 0 4000000000000000 1f 0
109 4000000000000000 80000000 0 1 1 0 1 4000000000000000 1f 0
109 4000000000000000 100000000 0 1 2 1 1 4000000000000000 1f 0
109 4000000000000000 400000000000 0 1 8000 f 1 4000000000000000 1f 0
109 4000000000000000 4000000000000000 0 1 80000000 1f 1 4000000000000000 1f 0
109 4000000000000001 80000000 2 1 1 0 0 4000000000000000 1f 0
109 4000000000000001 80000000 2 1 2 0 0 4000000000000000 1f 0
109 4000000000000001 80000000 2 1 8000 0 0 4000000000000000 1f 0
109 4000000000000001 80000000 2 1 80000000 0 0 4000000000000000 1f 0
109 4000000000000001 80000000 0 1 1 0 1 4000000000000000 1f 0
109 4000000000000001 100000000 0 1 2 1 1 4000000000000000 1f 0
109 4000000000000001 400000000000 0 1 8000 f 1 4000000000000000 1f 0
109 4000000000000001 4000000000000000 0 1 80000000 1f 1 4000000000000000 1f 0
109 0 80000001 2 1 1 0 0 80000001 0 1
109 0 80000001 2 1 2 0 0 80000001 0 1
109 0 80000001 2 1 8000 0 0 80000001 0 1
109 0 80000001 2 1 80000000 0 0 80000001 0 1
109 0 80000001 0 1 1 0 1 80000001 0 1
109 0 100000002 0 1 2 1 1 80000001 0 1
109 0 400000008000 0 1 8000 f 1 80000001 0 1
109 0 4000000080000000 0 1 80000000 1f 1 80000001 0 1
109 4000000000000000 80000001 2 1 1 0 0 2000000040000000 1e 0
109 4000000000000000 80000001 2 1 2 0 0 2000000040000000 1e 0
109 4000000000000000 80000001 2 1 8000 0 0 2000000040000000 1e 0
109 4000000000000000 80000001 2 1 80000000 0 0 2000000040000000 1e 0
109 4000000000000000 80000001 0 1 1 0 1 2000000040000000 1e 0
109 4000000000000000 100000002 0 1 2 1 1 2000000040000000 1e 0
109 4000000000000000 400000008000 0 1 8000 f 1 2000000040000000 1e 0
109 4000000000000000 4000000080000000 0 1 80000000 1f 1 2000000040000000 1e 0
109 4000000000000001 80000001 2 1 1 0 0 2000000040000000 1e 0
109 4000000000000001 80000001 2 1 2 0 0 2000000040000000 1e 0
109 4000000000000001 80000001 2 1 8000 0 0 2000000040000000 1e 0
109 4000000000000001 80000001 2 1 80000000 0 0 2000000040000000 1e 0
109 4000000000000001 80000001 0 1 1 0 1 2000000040000000 1e 0
109 4000000000000001 100000002 0 1 2 1 1 2000000040000000 1e 0
109 4000000000000001 400000008000 0 1 8000 f 1 2000000040000000 1e 0
109 4000000000000001 4000000080000000 0 1 80000000 1f 1 2000000040000000 1e 0
109 0 100000000 2 1 1 0 0 100000000 0 1
109 0 100000000 2 1 2 0 0 100000000 0 1
109 0 100000000 2 1 8000 0 0 100000000 0 1
109 0 100000000 2 1 80000000 0 0 100000000 0 1
109 0 100000000 0 1 1 0 1 100000000 0 1
109 0 200000000 0 1 2 1 1 100000000 0 1
109 0 800000000000 0 1 8000 f 1 100000000 0 1
109 0 8000000000000000 0 1 80000000 1f 1 100000000 0 1
109 1 100000000 2 1 1 0 0 100000000 0 1
109 1 100000000 2 1 2 0 0 100000000 0 1
109 1 100000000 2 1 8000 0 0 100000000 0 1
109 1 100000000 2 1 80000000 0 0 100000000 0 1
109 1 100000000 0 1 1 0 1 100000000 0 1
109 1 200000000 0 1 2 1 1 100000000 0 1
109 1 800000000000 0 1 8000 f 1 100000000 0 1
109 1 8000000000000000 0 1 80000000 1f 1 100000000 0 1
109 2 100000000 2 1 1 0 0 100000000 0 1
109 2 100000000 2 1 2 0 0 100000000 0 1
109 2 100000000 2 1 8000 0 0 100000000 0 1
109 2 100000000 2 1 80000000 0 0 100000000 0 1
109 2 100000000 0 1 1 0 1 100000000 0 1
109 2 200000000 0 1 2 1 1 100000000 0 1
109 2 800000000000 0 1 8000 f 1 100000000 0 1
109 2 8000000000000000 0 1 80000000 1f 1 100000000 0 1
109 0 100000001 2 1 1 0 0 100000001 0 1
109 0 100000001 2 1 2 0 0 100000001 0 1
109 0 100000001 2 1 8000 0 0 100000001 0 1
109 0 100000001 2 1 80000000 0 0 100000001 0 1
109 0 100000001 0 1 1 0 1 100000001 0 1
109 0 200000002 0 1 2 1 1 100000001 0 1
109 0 800000008000 0 1 8000 f 1 100000001 0 1
109 0 8000000080000000 0 1 80000000 1f 1 100000001 0 1
109 1 100000001 2 1 1 0 0 100000001 0 1
109 1 100000001 2 1 2 0 0 100000001 0 1
109 1 100000001 2 1 8000 0 0 100000001 0 1
109 1 100000001 2 1 80000000 0 0 100000001 0 1
109 1 100000001 0 1 1 0 1 100000001 0 1
109 1 200000002 0 1 2 1 1 100000001 0 1
109 1 800000008000 0 1 8000 f 1 100000001 0 1
109 1 8000000080000000 0 1 80000000 1f 1 100000001 0 1
109 2 100000001 2 1 1 0 0 100000001 0 1
109 2 100000001 2 1 2 0 0 100000001 0 1
109 2 100000001 2 1 8000 0 0 100000001 0 1
109 2 100000001 2 1 80000000 0 0 100000001 0 1
109 2 100000001 0 1 1 0 1 100000001 0 1
109 2 200000002 0 1 2 1 1 100000001 0 1
109 2 800000008000 0 1 8000 f 1 100000001 0 1
109 2 8000000080000000 0 1 80000000 1f 1 100000001 0 1
109 0 100000000 2 1 1 0 0 100000000 0 1
109 0 100000000 2 1 2 0 0 100000000 0 1
109 0 100000000 2 1 8000 0 0 100000000 0 1
109 0 100000000 2 1 80000000 0 0 100000000 0 1
109 0 100000000 0 1 1 0 1 100000000 0 1
109 0 200000000 0 1 2 1 1 100000000 0 1
109 0 800000000000 0 1 8000 f 1 100000000 0 1
109 0 8000000000000000 0 1 80000000 1f 1 100000000 0 1
109 100000000 100000000 2 1 1 0 0 100000000 0 0
109 100000000 100000000 2 1 2 0 0 100000000 0 0
109 100000000 100000000 2 1 8000 0 0 100000000 0 0
109 100000000 100000000 2 1 80000000 0 0 100000000 0 0
109 100000000 100000000 0 1 1 0 1 100000000 0 0
109 100000000 200000000 0 1 2 1 1 100000000 0 0
109 100000000 800000000000 0 1 8000 f 1 100000000 0 0
109 100000000 8000000000000000 0 1 80000000 1f 1 100000000 0 0
109 100000001 100000000 2 1 1 0 0 100000000 0 0
109 100000001 100000000 2 1 2 0 0 100000000 0 0
109 100000001 100000000 2 1 8000 0 0 100000000 0 0
109 100000001 100000000 2 1 80000000 0 0 100000000 0 0
109 100000001 100000000 0 1 1 0 1 100000000 0 0
109 100000001 200000000 0 1 2 1 1 100000000 0 0
109 100000001 800000000000 0 1 8000 f 1 100000000 0 0
109 100000001 8000000000000000 0 1 80000000 1f 1 100000000 0 0
109 0 100000001 2 1 1 0 0 100000001 0 1
109 0 100000001 2 1 2 0 0 100000001 0 1
109 0 100000001 2 1 8000 0 0 100000001 0 1
109 0 100000001 2 1 80000000 0 0 100000001 0 1
109 0 100000001 0 1 1 0 1 100000001 0 1
109 0 200000002 0 1 2 1 1 100000001 0 1
109 0 800000008000 0 1 8000 f 1 100000001 0 1
109 0 8000000080000000 0 1 80000000 1f 1 100000001 0 1
109 100000000 100000001 2 1 1 0 0 100000001 0 1
109 100000000 100000001 2 1 2 0 0 100000001 0 1
109 100000000 100000001 2 1 8000 0 0 100000001 0 1
109 100000000 100000001 2 1 80000000 0 0 100000001 0 1
109 100000000 100000001 0 1 1 0 1 100000001 0 1
109 100000000 200000002 0 1 2 1 1 100000001 0 1
109 100000000 800000008000 0 1 8000 f 1 100000001 0 1
109 100000000 8000000080000000 0 1 80000000 1f 1 100000001 0 1
109 100000001 100000001 2 1 1 0 0 100000001 0 0
109 100000001 100000001 2 1 2 0 0 100000001 0 0
109 100000001 100000001 2 1 8000 0 0 100000001 0 0
109 100000001 100000001 2 1 80000000 0 0 100000001 0 0
109 100000001 100000001 0 1 1 0 1 100000001 0 0
109 100000001 200000002 0 1 2 1 1 100000001 0 0
109 100000001 800000008000 0 1 8000 f 1 100000001 0 0
109 100000001 8000000080000000 0 1 80000000 1f 1 100000001 0 0
109 0 100000000 2 1 1 0 0 100000000 0 1
109 0 100000000 2 1 2 0 0 100000000 0 1
109 0 100000000 2 1 8000 0 0 100000000 0 1
109 0 100000000 2 1 80000000 0 0 100000000 0 1
109 0 100000000 0 1 1 0 1 100000000 0 1
109 0 200000000 0 1 2 1 1 100000000 0 1
109 0 800000000000 0 1 8000 f 1 100000000 0 1
109 0 8000000000000000 0 1 80000000 1f 1 100000000 0 1
109 8000000000000000 100000000 2 1 1 0 0 8000000000000000 1f 0
109 8000000000000000 100000000 2 1 2 0 0 8000000000000000 1f 0
109 8000000000000000 100000000 2 1 8000 0 0 8000000000000000 1f 0
109 8000000000000000 100000000 2 1 80000000 0 0 8000000000000000 1f 0
109 8000000000000000 100000000 0 1 1 0 1 8000000000000000 1f 0
109 8000000000000000 200000000 0 1 2 1 1 8000000000000000 1f 0
109 8000000000000000 800000000000 0 1 8000 f 1 8000000000000000 1f 0
109 8000000000000000 8000000000000000 0 1 80000000 1f 1 8000000000000000 1f 0
109 8000000000000001 100000000 2 1 1 0 0 8000000000000000 1f 0
109 8000000000000001 100000000 2 1 2 0 0 8000000000000000 1f 0
109 8000000000000001 100000000 2 1 8000 0 0 8000000000000000 1f 0
109 8000000000000001 100000000 2 1 80000000 0 0 8000000000000000 1f 0
109 8000000000000001 100000000 0 1 1 0 1 8000000000000000 1f 0
109 8000000000000001 200000000 0 1 2 1 1 8000000000000000 1f 0
109 8000000000000001 800000000000 0 1 8000 f 1 8000000000000000 1f 0
109 8000000000000001 8000000000000000 0 1 80000000 1f 1 8000000000000000 1f 0
109 0 100000001 2 1 1 0 0 100000001 0 1
109 0 100000001 2 1 2 0 0 100000001 0 1
109 0 100000001 2 1 8000 0 0 100000001 0 1
109 0 100000001 2 1 80000000 0 0 100000001 0 1
109 0 100000001 0 1 1 0 1 100000001 0 1
109 0 200000002 0 1 2 1 1 100000001 0 1
109 0 800000008000 0 1 8000 f 1 100000001 0 1
109 0 8000000080000000 0 1 80000000 1f 1 100000001 0 1
109 8000000000000000 100000001 2 1 1 0 0 4000000040000000 1e 0
109 8000000000000000 100000001 2 1 2 0 0 4000000040000000 1e 0
109 8000000000000000 100000001 2 1 8000 0 0 4000000040000000 1e 0
109 8000000000000000 100000001 2 1 80000000 0 0 4000000040000000 1e 0
109 8000000000000000 100000001 0 1 1 0 1 4000000040000000 1e 0
109 8000000000000000 200000002 0 1 2 1 1 4000000040000000 1e 0
109 8000000000000000 800000008000 0 1 8000 f 1 4000000040000000 1e 0
109 8000000000000000 8000000080000000 0 1 80000000 1f 1 4000000040000000 1e 0
109 8000000000000001 100000001 2 1 1 0 0 4000000040000000 1e 0
109 8000000000000001 100000001 2 1 2 0 0 4000000040000000 1e 0
109 8000000000000001 100000001 2 1 8000 0 0 4000000040000000 1e 0
109 8000000000000001 100000001 2 1 80000000 0 0 4000000040000000 1e 0
109 8000000000000001 100000001 0 1 1 0 1 4000000040000000 1e 0
109 8000000000000001 200000002 0 1 2 1 1 4000000040000000 1e 0
109 8000000000000001 800000008000 0 1 8000 f 1 4000000040000000 1e 0
109 8000000000000001 8000000080000000 0 1 80000000 1f 1 4000000040000000 1e 0
109 0 40000000000000 2 1 1 0 0 40000000000000 0 1
109 0 40000000000000 2 1 2 0 0 40000000000000 0 1
109 0 40000000000000 2 1 8000 0 0 40000000000000 0 1
109 0 40000000000000 2 1 80000000 0 0 40000000000000 0 1
109 0 40000000000000 0 1 1 0 1 40000000000000 0 1
109 0 80000000000000 0 1 2 1 1 40000000000000 0 1
109 0 200000000000000000 0 1 8000 f 1 40000000000000 0 1
109 0 2000000000000000000000 0 1 80000000 1f 1 40000000000000 0 1
109 1 40000000000000 2 1 1 0 0 40000000000000 0 1
109 1 40000000000000 2 1 2 0 0 40000000000000 0 1
109 1 40000000000000 2 1 8000 0 0 40000000000000 0 1
109 1 40000000000000 2 1 80000000 0 0 40000000000000 0 1
109 1 40000000000000 0 1 1 0 1 40000000000000 0 1
109 1 80000000000000 0 1 2 1 1 40000000000000 0 1
109 1 200000000000000000 0 1 8000 f 1 40000000000000 0 1
109 1 2000000000000000000000 0 1 80000000 1f 1 40000000000000 0 1
109 2 40000000000000 2 1 1 0 0 40000000000000 0 1
109 2 40000000000000 2 1 2 0 0 40000000000000 0 1
109 2 40000000000000 2 1 8000 0 0 40000000000000 0 1
109 2 40000000000000 2 1 80000000 0 0 40000000000000 0 1
109 2 40000000000000 0 1 1 0 1 40000000000000 0 1
109 2 80000000000000 0 1 2 1 1 40000000000000 0 1
109 2 200000000000000000 0 1 8000 f 1 40000000000000 0 1
109 2 2000000000000000000000 0 1 80000000 1f 1 40000000000000 0 1
109 0 40000000000001 2 1 1 0 0 40000000000001 0 1
109 0 40000000000001 2 1 2 0 0 40000000000001 0 1
109 0 40000000000001 2 1 8000 0 0 40000000000001 0 1
109 0 40000000000001 2 1 80000000 0 0 40000000000001 0 1
109 0 40000000000001 0 1 1 0 1 40000000000001 0 1
109 0 80000000000002 0 1 2 1 1 40000000000001 0 1
109 0 200000000000008000 0 1 8000 f 1 40000000000001 0 1
109 0 2000000000000080000000 0 1 80000000 1f 1 40000000000001 0 1
109 1 40000000000001 2 1 1 0 0 40000000000001 0 1
109 1 40000000000001 2 1 2 0 0 40000000000001 0 1
109 1 40000000000001 2 1 8000 0 0 40000000000001 0 1
109 1 40000000000001 2 1 80000000 0 0 40000000000001 0 1
109 1 40000000000001 0 1 1 0 1 40000000000001 0 1
109 1 80000000000002 0 1 2 1 1 40000000000001 0 1
109 1 200000000000008000 0 1 8000 f 1 40000000000001 0 1
109 1 2000000000000080000000 0 1 80000000 1f 1 40000000000001 0 1
109 2 40000000000001 2 1 1 0 0 40000000000001 0 1
109 2 40000000000001 2 1 2 0 0 40000000000001 0 1
109 2 40000000000001 2 1 8000 0 0 40000000000001 0 1
109 2 40000000000001 2 1 80000000 0 0 40000000000001 0 1
109 2 40000000000001 0 1 1 0 1 40000000000001 0 1
109 2 80000000000002 0 1 2 1 1 40000000000001 0 1
109 2 200000000000008000 0 1 8000 f 1 40000000000001 0 1
109 2 2000000000000080000000 0 1 80000000 1f 1 40000000000001 0 1
109 0 40000000000000 2 1 1 0 0 40000000000000 0 1
109 0 40000000000000 2 1 2 0 0 40000000000000 0 1
109 0 40000000000000 2 1 8000 0 0 40000000000000 0 1
109 0 40000000000000 2 1 80000000 0 0 40000000000000 0 1
109 0 40000000000000 0 1 1 0 1 40000000000000 0 1
109 0 80000000000000 0 1 2 1 1 40000000000000 0 1
109 0 200000000000000000 0 1 8000 f 1 40000000000000 0 1
109 0 2000000000000000000000 0 1 80000000 1f 1 40000000000000 0 1
109 200000 40000000000000 2 1 1 0 0 40000000000000 0 1
109 200000 40000000000000 2 1 2 0 0 40000000000000 0 1
109 200000 40000000000000 2 1 8000 0 0 40000000000000 0 1
109 200000 40000000000000 2 1 80000000 0 0 40000000000000 0 1
109 200000 40000000000000 0 1 1 0 1 40000000000000 0 1
109 200000 80000000000000 0 1 2 1 1 40000000000000 0 1
109 200000 200000000000000000 0 1 8000 f 1 40000000000000 0 1
109 200000 2000000000000000000000 0 1 80000000 1f 1 40000000000000 0 1
109 200001 40000000000000 2 1 1 0 0 40000000000000 0 1
109 200001 40000000000000 2 1 2 0 0 40000000000000 0 1
109 200001 40000000000000 2 1 8000 0 0 40000000000000 0 1
109 200001 40000000000000 2 1 80000000 0 0 40000000000000 0 1
109 200001 40000000000000 0 1 1 0 1 40000000000000 0 1
109 200001 80000000000000 0 1 2 1 1 40000000000000 0 1
109 200001 200000000000000000 0 1 8000 f 1 40000000000000 0 1
109 200001 2000000000000000000000 0 1 80000000 1f 1 40000000000000 0 1
109 0 40000000000001 2 1 1 0 0 40000000000001 0 1
109 0 40000000000001 2 1 2 0 0 40000000000001 0 1
109 0 40000000000001 2 1 8000 0 0 40000000000001 0 1
109 0 40000000000001 2 1 80000000 0 0 40000000000001 0 1
109 0 40000000000001 0 1 1 0 1 40000000000001 0 1
109 0 80000000000002 0 1 2 1 1 40000000000001 0 1
109 0 200000000000008000 0 1 8000 f 1 40000000000001 0 1
109 0 2000000000000080000000 0 1 80000000 1f 1 40000000000001 0 1
109 200000 40000000000001 2 1 1 0 0 40000000000001 0 1
109 200000 40000000000001 2 1 2 0 0 40000000000001 0 1
109 200000 40000000000001 2 1 8000 0 0 40000000000001 0 1
109 200000 40000000000001 2 1 80000000 0 0 40000000000001 0 1
109 200000 40000000000001 0 1 1 0 1 40000000000001 0 1
109 200000 80000000000002 0 1 2 1 1 40000000000001 0 1
109 200000 200000000000008000 0 1 8000 f 1 40000000000001 0 1
109 200000 2000000000000080000000 0 1 80000000 1f 1 40000000000001 0 1
109 200001 40000000000001 2 1 1 0 0 40000000000001 0 1
109 200001 40000000000001 2 1 2 0 0 40000000000001 0 1
109 200001 40000000000001 2 1 8000 0 0 40000000000001 0 1
109 200001 40000000000001 2 1 80000000 0 0 40000000000001 0 1
109 200001 40000000000001 0 1 1 0 1 40000000000001 0 1
109 200001 80000000000002 0 1 2 1 1 40000000000001 0 1
109 200001 200000000000008000 0 1 8000 f 1 40000000000001 0 1
109 200001 2000000000000080000000 0 1 80000000 1f 1 40000000000001 0 1
109 0 40000000000000 2 1 1 0 0 40000000000000 0 1
109 0 40000000000000 2 1 2 0 0 40000000000000 0 1
109 0 40000000000000 2 1 8000 0 0 40000000000000 0 1
109 0 40000000000000 2 1 80000000 0 0 40000000000000 0 1
109 0 40000000000000 0 1 1 0 1 40000000000000 0 1
109 0 80000000000000 0 1 2 1 1 40000000000000 0 1
109 0 200000000000000000 0 1 8000 f 1 40000000000000 0 1
109 0 2000000000000000000000 0 1 80000000 1f 1 40000000000000 0 1
109 40000000000000 40000000000000 2 1 1 0 0 40000000000000 0 0
109 40000000000000 40000000000000 2 1 2 0 0 40000000000000 0 0
109 40000000000000 40000000000000 2 1 8000 0 0 40000000000000 0 0
109 40000000000000 40000000000000 2 1 80000000 0 0 40000000000000 0 0
109 40000000000000 40000000000000 0 1 1 0 1 40000000000000 0 0
109 40000000000000 80000000000000 0 1 2 1 1 40000000000000 0 0
109 40000000000000 200000000000000000 0 1 8000 f 1 40000000000000 0 0
109 40000000000000 2000000000000000000000 0 1 80000000 1f 1 40000000000000 0 0
109 40000000000001 40000000000000 2 1 1 0 0 40000000000000 0 0
109 40000000000001 40000000000000 2 1 2 0 0 40000000000000 0 0
109 40000000000001 40000000000000 2 1 8000 0 0 40000000000000 0 0
109 40000000000001 40000000000000 2 1 80000000 0 0 40000000000000 0 0
109 40000000000001 40000000000000 0 1 1 0 1 40000000000000 0 0
109 40000000000001 80000000000000 0 1 2 1 1 40000000000000 0 0
109 40000000000001 200000000000000000 0 1 8000 f 1 40000000000000 0 0
109 40000000000001 2000000000000000000000 0 1 80000000 1f 1 40000000000000 0 0
109 0 40000000000001 2 1 1 0 0 40000000000001 0 1
109 0 40000000000001 2 1 2 0 0 40000000000001 0 1
109 0 40000000000001 2 1 8000 0 0 40000000000001 0 1
109 0 40000000000001 2 1 80000000 0 0 40000000000001 0 1
109 0 40000000000001 0 1 1 0 1 40000000000001 0 1
109 0 80000000000002 0 1 2 1 1 40000000000001 0 1
109 0 200000000000008000 0 1 8000 f 1 40000000000001 0 1
109 0 2000000000000080000000 0 1 80000000 1f 1 40000000000001 0 1
109 40000000000000 40000000000001 2 1 1 0 0 40000000000001 0 1
109 40000000000000 40000000000001 2 1 2 0 0 40000000000001 0 1
109 40000000000000 40000000000001 2 1 8000 0 0 40000000000001 0 1
109 40000000000000 40000000000001 2 1 80000000 0 0 40000000000001 0 1
109 40000000000000 40000000000001 0 1 1 0 1 40000000000001 0 1
109 40000000000000 80000000000002 0 1 2 1 1 40000000000001 0 1
109 40000000000000 200000000000008000 0 1 8000 f 1 40000000000001 0 1
109 40000000000000 2000000000000080000000 0 1 80000000 1f 1 40000000000001 0 1
109 40000000000001 40000000000001 2 1 1 0 0 40000000000001 0 0
109 40000000000001 40000000000001 2 1 2 0 0 40000000000001 0 0
109 40000000000001 40000000000001 2 1 8000 0 0 40000000000001 0 0
109 40000000000001 40000000000001 2 1 80000000 0 0 40000000000001 0 0
109 40000000000001 40000000000001 0 1 1 0 1 40000000000001 0 0
109 40000000000001 80000000000002 0 1 2 1 1 40000000000001 0 0
109 40000000000001 200000000000008000 0 1 8000 f 1 40000000000001 0 0
109 40000000000001 2000000000000080000000 0 1 80000000 1f 1 40000000000001 0 0
109 0 40000000000000 2 1 1 0 0 40000000000000 0 1
109 0 40000000000000 2 1 2 0 0 40000000000000 0 1
109 0 40000000000000 2 1 8000 0 0 40000000000000 0 1
109 0 40000000000000 2 1 80000000 0 0 40000000000000 0 1
109 0 40000000000000 0 1 1 0 1 40000000000000 0 1
109 0 80000000000000 0 1 2 1 1 40000000000000 0 1
109 0 200000000000000000 0 1 8000 f 1 40000000000000 0 1
109 0 2000000000000000000000 0 1 80000000 1f 1 40000000000000 0 1
109 2000000000000000000000 40000000000000 2 1 1 0 0 2000000000000000000000 1f 0
109 2000000000000000000000 40000000000000 2 1 2 0 0 2000000000000000000000 1f 0
109 2000000000000000000000 40000000000000 2 1 8000 0 0 2000000000000000000000 1f 0
109 2000000000000000000000 40000000000000 2 1 80000000 0 0 2000000000000000000000 1f 0
109 2000000000000000000000 40000000000000 0 1 1 0 1 2000000000000000000000 1f 0
109 2000000000000000000000 80000000000000 0 1 2 1 1 2000000000000000000000 1f 0
109 2000000000000000000000 200000000000000000 0 1 8000 f 1 2000000000000000000000 1f 0
109 2000000000000000000000 2000000000000000000000 0 1 80000000 1f 1 2000000000000000000000 1f 0
109 2000000000000000000001 40000000000000 2 1 1 0 0 2000000000000000000000 1f 0
109 2000000000000000000001 40000000000000 2 1 2 0 0 2000000000000000000000 1f 0
109 2000000000000000000001 40000000000000 2 1 8000 0 0 2000000000000000000000 1f 0
109 2000000000000000000001 40000000000000 2 1 80000000 0 0 2000000000000000000000 1f 0
109 2000000000000000000001 40000000000000 0 1 1 0 1 2000000000000000000000 1f 0
109 2000000000000000000001 80000000000000 0 1 2 1 1 2000000000000000000000 1f 0
109 2000000000000000000001 200000000000000000 0 1 8000 f 1 2000000000000000000000 1f 0
109 2000000000000000000001 2000000000000000000000 0 1 80000000 1f 1 2000000000000000000000 1f 0
109 0 40000000000001 2 1 1 0 0 40000000000001 0 1
109 0 40000000000001 2 1 2 0 0 40000000000001 0 1
109 0 40000000000001 2 1 8000 0 0 40000000000001 0 1
109 0 40000000000001 2 1 80000000 0 0 40000000000001 0 1
109 0 40000000000001 0 1 1 0 1 40000000000001 0 1
109 0 80000000000002 0 1 2 1 1 40000000000001 0 1
109 0 200000000000008000 0 1 8000 f 1 40000000000001 0 1
109 0 2000000000000080000000 0 1 80000000 1f 1 40000000000001 0 1
109 2000000000000000000000 40000000000001 2 1 1 0 0 1000000000000040000000 1e 0
109 2000000000000000000000 40000000000001 2 1 2 0 0 1000000000000040000000 1e 0
109 2000000000000000000000 40000000000001 2 1 8000 0 0 1000000000000040000000 1e 0
109 2000000000000000000000 40000000000001 2 1 80000000 0 0 1000000000000040000000 1e 0
109 2000000000000000000000 40000000000001 0 1 1 0 1 1000000000000040000000 1e 0
109 2000000000000000000000 80000000000002 0 1 2 1 1 1000000000000040000000 1e 0
109 2000000000000000000000 200000000000008000 0 1 8000 f 1 1000000000000040000000 1e 0
109 2000000000000000000000 2000000000000080000000 0 1 80000000 1f 1 1000000000000040000000 1e 0
109 2000000000000000000001 40000000000001 2 1 1 0 0 1000000000000040000000 1e 0
109 2000000000000000000001 40000000000001 2 1 2 0 0 1000000000000040000000 1e 0
109 2000000000000000000001 40000000000001 2 1 8000 0 0 1000000000000040000000 1e 0
109 2000000000000000000001 40000000000001 2 1 80000000 0 0 1000000000000040000000 1e 0
109 2000000000000000000001 40000000000001 0 1 1 0 1 1000000000000040000000 1e 0
109 2000000000000000000001 80000000000002 0 1 2 1 1 1000000000000040000000 1e 0
109 2000000000000000000001 200000000000008000 0 1 8000 f 1 1000000000000040000000 1e 0
109 2000000000000000000001 2000000000000080000000 0 1 80000000 1f 1 1000000000000040000000 1e 0
109 0 8000000000000000000 2 1 1 0 0 8000000000000000000 0 1
109 0 8000000000000000000 2 1 2 0 0 8000000000000000000 0 1
109 0 8000000000000000000 2 1 8000 0 0 8000000000000000000 0 1
109 0 8000000000000000000 2 1 80000000 0 0 8000000000000000000 0 1
109 0 8000000000000000000 0 1 1 0 1 8000000000000000000 0 1
109 0 10000000000000000000 0 1 2 1 1 8000000000000000000 0 1
109 0 40000000000000000000000 0 1 8000 f 1 8000000000000000000 0 1
109 0 400000000000000000000000000 0 1 80000000 1f 1 8000000000000000000 0 1
109 1 8000000000000000000 2 1 1 0 0 8000000000000000000 0 1
109 1 8000000000000000000 2 1 2 0 0 8000000000000000000 0 1
109 1 8000000000000000000 2 1 8000 0 0 8000000000000000000 0 1
109 1 8000000000000000000 2 1 80000000 0 0 8000000000000000000 0 1
109 1 8000000000000000000 0 1 1 0 1 8000000000000000000 0 1
109 1 10000000000000000000 0 1 2 1 1 8000000000000000000 0 1
109 1 40000000000000000000000 0 1 8000 f 1 8000000000000000000 0 1
109 1 400000000000000000000000000 0 1 80000000 1f 1 8000000000000000000 0 1
109 2 8000000000000000000 2 1 1 0 0 8000000000000000000 0 1
109 2 8000000000000000000 2 1 2 0 0 8000000000000000000 0 1
109 2 8000000000000000000 2 1 8000 0 0 8000000000000000000 0 1
109 2 8000000000000000000 2 1 80000000 0 0 8000000000000000000 0 1
109 2 8000000000000000000 0 1 1 0 1 8000000000000000000 0 1
109 2 10000000000000000000 0 1 2 1 1 8000000000000000000 0 1
109 2 40000000000000000000000 0 1 8000 f 1 8000000000000000000 0 1
109 2 400000000000000000000000000 0 1 80000000 1f 1 8000000000000000000 0 1
109 0 8000000000000000001 2 1 1 0 0 8000000000000000001 0 1
109 0 8000000000000000001 2 1 2 0 0 8000000000000000001 0 1
109 0 8000000000000000001 2 1 8000 0 0 8000000000000000001 0 1
109 0 8000000000000000001 2 1 80000000 0 0 8000000000000000001 0 1
109 0 8000000000000000001 0 1 1 0 1 8000000000000000001 0 1
109 0 10000000000000000002 0 1 2 1 1 8000000000000000001 0 1
109 0 40000000000000000008000 0 1 8000 f 1 8000000000000000001 0 1
109 0 400000000000000000080000000 0 1 80000000 1f 1 8000000000000000001 0 1
109 1 8000000000000000001 2 1 1 0 0 8000000000000000001 0 1
109 1 8000000000000000001 2 1 2 0 0 8000000000000000001 0 1
109 1 8000000000000000001 2 1 8000 0 0 8000000000000000001 0 1
109 1 8000000000000000001 2 1 80000000 0 0 8000000000000000001 0 1
109 1 8000000000000000001 0 1 1 0 1 8000000000000000001 0 1
109 1 10000000000000000002 0 1 2 1 1 8000000000000000001 0 1
109 1 40000000000000000008000 0 1 8000 f 1 8000000000000000001 0 1
109 1 400000000000000000080000000 0 1 80000000 1f 1 8000000000000000001 0 1
109 2 8000000000000000001 2 1 1 0 0 8000000000000000001 0 1
109 2 8000000000000000001 2 1 2 0 0 8000000000000000001 0 1
109 2 8000000000000000001 2 1 8000 0 0 8000000000000000001 0 1
109 2 8000000000000000001 2 1 80000000 0 0 8000000000000000001 0 1
109 2 8000000000000000001 0 1 1 0 1 8000000000000000001 0 1
109 2 10000000000000000002 0 1 2 1 1 8000000000000000001 0 1
109 2 40000000000000000008000 0 1 8000 f 1 8000000000000000001 0 1
109 2 400000000000000000080000000 0 1 80000000 1f 1 8000000000000000001 0 1
109 0 8000000000000000000 2 1 1 0 0 8000000000000000000 0 1
109 0 8000000000000000000 2 1 2 0 0 8000000000000000000 0 1
109 0 8000000000000000000 2 1 8000 0 0 8000000000000000000 0 1
109 0 8000000000000000000 2 1 80000000 0 0 8000000000000000000 0 1
109 0 8000000000000000000 0 1 1 0 1 8000000000000000000 0 1
109 0 10000000000000000000 0 1 2 1 1 8000000000000000000 0 1
109 0 40000000000000000000000 0 1 8000 f 1 8000000000000000000 0 1
109 0 400000000000000000000000000 0 1 80000000 1f 1 8000000000000000000 0 1
109 40000000000 8000000000000000000 2 1 1 0 0 8000000000000000000 0 1
109 40000000000 8000000000000000000 2 1 2 0 0 8000000000000000000 0 1
109 40000000000 8000000000000000000 2 1 8000 0 0 8000000000000000000 0 1
109 40000000000 8000000000000000000 2 1 80000000 0 0 8000000000000000000 0 1
109 40000000000 8000000000000000000 0 1 1 0 1 8000000000000000000 0 1
109 40000000000 10000000000000000000 0 1 2 1 1 8000000000000000000 0 1
109 40000000000 40000000000000000000000 0 1 8000 f 1 8000000000000000000 0 1
109 40000000000 400000000000000000000000000 0 1 80000000 1f 1 8000000000000000000 0 1
109 40000000001 8000000000000000000 2 1 1 0 0 8000000000000000000 0 1
109 40000000001 8000000000000000000 2 1 2 0 0 8000000000000000000 0 1
109 40000000001 8000000000000000000 2 1 8000 0 0 8000000000000000000 0 1
109 40000000001 8000000000000000000 2 1 80000000 0 0 8000000000000000000 0 1
109 40000000001 8000000000000000000 0 1 1 0 1 8000000000000000000 0 1
109 40000000001 10000000000000000000 0 1 2 1 1 8000000000000000000 0 1
109 40000000001 40000000000000000000000 0 1 8000 f 1 8000000000000000000 0 1
109 40000000001 400000000000000000000000000 0 1 80000000 1f 1 8000000000000000000 0 1
109 0 8000000000000000001 2 1 1 0 0 8000000000000000001 0 1
109 0 8000000000000000001 2 1 2 0 0 8000000000000000001 0 1
109 0 8000000000000000001 2 1 8000 0 0 8000000000000000001 0 1
109 0 8000000000000000001 2 1 80000000 0 0 8000000000000000001 0 1
109 0 8000000000000000001 0 1 1 0 1 8000000000000000001 0 1
109 0 10000000000000000002 0 1 2 1 1 8000000000000000001 0 1
109 0 40000000000000000008000 0 1 8000 f 1 8000000000000000001 0 1
109 0 400000000000000000080000000 0 1 80000000 1f 1 8000000000000000001 0 1
109 40000000000 8000000000000000001 2 1 1 0 0 8000000000000000001 0 1
109 40000000000 8000000000000000001 2 1 2 0 0 8000000000000000001 0 1
109 40000000000 8000000000000000001 2 1 8000 0 0 8000000000000000001 0 1
109 40000000000 8000000000000000001 2 1 80000000 0 0 8000000000000000001 0 1
109 40000000000 8000000000000000001 0 1 1 0 1 8000000000000000001 0 1
109 40000000000 10000000000000000002 0 1 2 1 1 8000000000000000001 0 1
109 40000000000 40000000000000000008000 0 1 8000 f 1 8000000000000000001 0 1
109 40000000000 400000000000000000080000000 0 1 80000000 1f 1 8000000000000000001 0 1
109 40000000001 8000000000000000001 2 1 1 0 0 8000000000000000001 0 1
109 40000000001 8000000000000000001 2 1 2 0 0 8000000000000000001 0 1
109 40000000001 8000000000000000001 2 1 8000 0 0 8000000000000000001 0 1
109 40000000001 8000000000000000001 2 1 80000000 0 0 8000000000000000001 0 1
109 40000000001 8000000000000000001 0 1 1 0 1 8000000000000000001 0 1
109 40000000001 10000000000000000002 0 1 2 1 1 8000000000000000001 0 1
109 40000000001 40000000000000000008000 0 1 8000 f 1 8000000000000000001 0 1
109 40000000001 400000000000000000080000000 0 1 80000000 1f 1 8000000000000000001 0 1
109 0 8000000000000000000 2 1 1 0 0 8000000000000000000 0 1
109 0 8000000000000000000 2 1 2 0 0 8000000000000000000 0 1
109 0 8000000000000000000 2 1 8000 0 0 8000000000000000000 0 1
109 0 8000000000000000000 2 1 80000000 0 0 8000000000000000000 0 1
109 0 8000000000000000000 0 1 1 0 1 8000000000000000000 0 1
109 0 10000000000000000000 0 1 2 1 1 8000000000000000000 0 1
109 0 40000000000000000000000 0 1 8000 f 1 8000000000000000000 0 1
109 0 400000000000000000000000000 0 1 80000000 1f 1 8000000000000000000 0 1
109 8000000000000000000 8000000000000000000 2 1 1 0 0 8000000000000000000 0 0
109 8000000000000000000 8000000000000000000 2 1 2 0 0 8000000000000000000 0 0
109 8000000000000000000 8000000000000000000 2 1 8000 0 0 8000000000000000000 0 0
109 8000000000000000000 8000000000000000000 2 1 80000000 0 0 8000000000000000000 0 0
109 8000000000000000000 8000000000000000000 0 1 1 0 1 8000000000000000000 0 0
109 8000000000000000000 10000000000000000000 0 1 2 1 1 8000000000000000000 0 0
109 8000000000000000000 40000000000000000000000 0 1 8000 f 1 8000000000000000000 0 0
109 8000000000000000000 400000000000000000000000000 0 1 80000000 1f 1 8000000000000000000 0 0
109 8000000000000000001 8000000000000000000 2 1 1 0 0 8000000000000000000 0 0
109 8000000000000000001 8000000000000000000 2 1 2 0 0 8000000000000000000 0 0
109 8000000000000000001 8000000000000000000 2 1 8000 0 0 8000000000000000000 0 0
109 8000000000000000001 8000000000000000000 2 1 80000000 0 0 8000000000000000000 0 0
109 8000000000000000001 8000000000000000000 0 1 1 0 1 8000000000000000000 0 0
109 8000000000000000001 10000000000000000000 0 1 2 1 1 8000000000000000000 0 0
109 8000000000000000001 40000000000000000000000 0 1 8000 f 1 8000000000000000000 0 0
109 8000000000000000001 400000000000000000000000000 0 1 80000000 1f 1 8000000000000000000 0 0
109 0 8000000000000000001 2 1 1 0 0 8000000000000000001 0 1
109 0 8000000000000000001 2 1 2 0 0 8000000000000000001 0 1
109 0 8000000000000000001 2 1 8000 0 0 8000000000000000001 0 1
109 0 8000000000000000001 2 1 80000000 0 0 8000000000000000001 0 1
109 0 8000000000000000001 0 1 1 0 1 8000000000000000001 0 1
109 0 10000000000000000002 0 1 2 1 1 8000000000000000001 0 1
109 0 40000000000000000008000 0 1 8000 f 1 8000000000000000001 0 1
109 0 400000000000000000080000000 0 1 80000000 1f 1 8000000000000000001 0 1
109 8000000000000000000 8000000000000000001 2 1 1 0 0 8000000000000000001 0 1
109 8000000000000000000 8000000000000000001 2 1 2 0 0 8000000000000000001 0 1
109 8000000000000000000 8000000000000000001 2 1 8000 0 0 8000000000000000001 0 1
109 8000000000000000000 8000000000000000001 2 1 80000000 0 0 8000000000000000001 0 1
109 8000000000000000000 8000000000000000001 0 1 1 0 1 8000000000000000001 0 1
109 8000000000000000000 10000000000000000002 0 1 2 1 1 8000000000000000001 0 1
109 8000000000000000000 40000000000000000008000 0 1 8000 f 1 8000000000000000001 0 1
109 8000000000000000000 400000000000000000080000000 0 1 80000000 1f 1 8000000000000000001 0 1
109 8000000000000000001 8000000000000000001 2 1 1 0 0 8000000000000000001 0 0
109 8000000000000000001 8000000000000000001 2 1 2 0 0 8000000000000000001 0 0
109 8000000000000000001 8000000000000000001 2 1 8000 0 0 8000000000000000001 0 0
109 8000000000000000001 8000000000000000001 2 1 80000000 0 0 8000000000000000001 0 0
109 8000000000000000001 8000000000000000001 0 1 1 0 1 8000000000000000001 0 0
109 8000000000000000001 10000000000000000002 0 1 2 1 1 8000000000000000001 0 0
109 8000000000000000001 40000000000000000008000 0 1 8000 f 1 8000000000000000001 0 0
109 8000000000000000001 400000000000000000080000000 0 1 80000000 1f 1 8000000000000000001 0 0
109 0 8000000000000000000 2 1 1 0 0 8000000000000000000 0 1
109 0 8000000000000000000 2 1 2 0 0 8000000000000000000 0 1
109 0 8000000000000000000 2 1 8000 0 0 8000000000000000000 0 1
109 0 8000000000000000000 2 1 80000000 0 0 8000000000000000000 0 1
109 0 8000000000000000000 0 1 1 0 1 8000000000000000000 0 1
109 0 10000000000000000000 0 1 2 1 1 8000000000000000000 0 1
109 0 40000000000000000000000 0 1 8000 f 1 8000000000000000000 0 1
109 0 400000000000000000000000000 0 1 80000000 1f 1 8000000000000000000 0 1
109 400000000000000000000000000 8000000000000000000 2 1 1 0 0 400000000000000000000000000 1f 0
109 400000000000000000000000000 8000000000000000000 2 1 2 0 0 400000000000000000000000000 1f 0
109 400000000000000000000000000 8000000000000000000 2 1 8000 0 0 400000000000000000000000000 1f 0
109 400000000000000000000000000 8000000000000000000 2 1 80000000 0 0 400000000000000000000000000 1f 0
109 400000000000000000000000000 8000000000000000000 0 1 1 0 1 400000000000000000000000000 1f 0
109 400000000000000000000000000 10000000000000000000 0 1 2 1 1 400000000000000000000000000 1f 0
109 400000000000000000000000000 40000000000000000000000 0 1 8000 f 1 400000000000000000000000000 1f 0
109 400000000000000000000000000 400000000000000000000000000 0 1 80000000 1f 1 400000000000000000000000000 1f 0
109 400000000000000000000000001 8000000000000000000 2 1 1 0 0 400000000000000000000000000 1f 0
109 400000000000000000000000001 8000000000000000000 2 1 2 0 0 400000000000000000000000000 1f 0
109 400000000000000000000000001 8000000000000000000 2 1 8000 0 0 400000000000000000000000000 1f 0
109 400000000000000000000000001 8000000000000000000 2 1 80000000 0 0 400000000000000000000000000 1f 0
109 400000000000000000000000001 8000000000000000000 0 1 1 0 1 400000000000000000000000000 1f 0
109 400000000000000000000000001 10000000000000000000 0 1 2 1 1 400000000000000000000000000 1f 0
109 400000000000000000000000001 40000000000000000000000 0 1 8000 f 1 400000000000000000000000000 1f 0
109 400000000000000000000000001 400000000000000000000000000 0 1 80000000 1f 1 400000000000000000000000000 1f 0
109 0 8000000000000000001 2 1 1 0 0 8000000000000000001 0 1
109 0 8000000000000000001 2 1 2 0 0 8000000000000000001 0 1
109 0 8000000000000000001 2 1 8000 0 0 8000000000000000001 0 1
109 0 8000000000000000001 2 1 80000000 0 0 8000000000000000001 0 1
109 0 8000000000000000001 0 1 1 0 1 8000000000000000001 0 1
109 0 10000000000000000002 0 1 2 1 1 8000000000000000001 0 1
109 0 40000000000000000008000 0 1 8000 f 1 8000000000000000001 0 1
109 0 400000000000000000080000000 0 1 80000000 1f 1 8000000000000000001 0 1
109 400000000000000000000000000 8000000000000000001 2 1 1 0 0 200000000000000000040000000 1e 0
109 400000000000000000000000000 8000000000000000001 2 1 2 0 0 200000000000000000040000000 1e 0
109 400000000000000000000000000 8000000000000000001 2 1 8000 0 0 200000000000000000040000000 1e 0
109 400000000000000000000000000 8000000000000000001 2 1 80000000 0 0 200000000000000000040000000 1e 0
109 400000000000000000000000000 8000000000000000001 0 1 1 0 1 200000000000000000040000000 1e 0
109 400000000000000000000000000 10000000000000000002 0 1 2 1 1 200000000000000000040000000 1e 0
109 400000000000000000000000000 40000000000000000008000 0 1 8000 f 1 200000000000000000040000000 1e 0
109 400000000000000000000000000 400000000000000000080000000 0 1 80000000 1f 1 200000000000000000040000000 1e 0
109 400000000000000000000000001 8000000000000000001 2 1 1 0 0 200000000000000000040000000 1e 0
109 400000000000000000000000001 8000000000000000001 2 1 2 0 0 200000000000000000040000000 1e 0
109 400000000000000000000000001 8000000000000000001 2 1 8000 0 0 200000000000000000040000000 1e 0
109 400000000000000000000000001 8000000000000000001 2 1 80000000 0 0 200000000000000000040000000 1e 0
109 400000000000000000000000001 8000000000000000001 0 1 1 0 1 200000000000000000040000000 1e 0
109 400000000000000000000000001 10000000000000000002 0 1 2 1 1 200000000000000000040000000 1e 0
109 400000000000000000000000001 40000000000000000008000 0 1 8000 f 1 200000000000000000040000000 1e 0
109 400000000000000000000000001 400000000000000000080000000 0 1 80000000 1f 1 200000000000000000040000000 1e 0
109 0 800000000000000000000000000 2 1 1 0 0 800000000000000000000000000 0 1
109 0 800000000000000000000000000 2 1 2 0 0 800000000000000000000000000 0 1
109 0 800000000000000000000000000 2 1 8000 0 0 800000000000000000000000000 0 1
109 0 800000000000000000000000000 2 1 80000000 0 0 800000000000000000000000000 0 1
109 0 800000000000000000000000000 0 1 1 0 1 800000000000000000000000000 0 1
109 0 1000000000000000000000000000 0 1 2 1 1 800000000000000000000000000 0 1
109 1 800000000000000000000000000 2 1 1 0 0 800000000000000000000000000 0 1
109 1 800000000000000000000000000 2 1 2 0 0 800000000000000000000000000 0 1
109 1 800000000000000000000000000 2 1 8000 0 0 800000000000000000000000000 0 1
109 1 800000000000000000000000000 2 1 80000000 0 0 800000000000000000000000000 0 1
109 1 800000000000000000000000000 0 1 1 0 1 800000000000000000000000000 0 1
109 1 1000000000000000000000000000 0 1 2 1 1 800000000000000000000000000 0 1
109 2 800000000000000000000000000 2 1 1 0 0 800000000000000000000000000 0 1
109 2 800000000000000000000000000 2 1 2 0 0 800000000000000000000000000 0 1
109 2 800000000000000000000000000 2 1 8000 0 0 800000000000000000000000000 0 1
109 2 800000000000000000000000000 2 1 80000000 0 0 800000000000000000000000000 0 1
109 2 800000000000000000000000000 0 1 1 0 1 800000000000000000000000000 0 1
109 2 1000000000000000000000000000 0 1 2 1 1 800000000000000000000000000 0 1
109 0 800000000000000000000000001 2 1 1 0 0 800000000000000000000000001 0 1
109 0 800000000000000000000000001 2 1 2 0 0 800000000000000000000000001 0 1
109 0 800000000000000000000000001 2 1 8000 0 0 800000000000000000000000001 0 1
109 0 800000000000000000000000001 2 1 80000000 0 0 800000000000000000000000001 0 1
109 0 800000000000000000000000001 0 1 1 0 1 800000000000000000000000001 0 1
109 0 1000000000000000000000000002 0 1 2 1 1 800000000000000000000000001 0 1
109 1 800000000000000000000000001 2 1 1 0 0 800000000000000000000000001 0 1
109 1 800000000000000000000000001 2 1 2 0 0 800000000000000000000000001 0 1
109 1 800000000000000000000000001 2 1 8000 0 0 800000000000000000000000001 0 1
109 1 800000000000000000000000001 2 1 80000000 0 0 800000000000000000000000001 0 1
109 1 800000000000000000000000001 0 1 1 0 1 800000000000000000000000001 0 1
109 1 1000000000000000000000000002 0 1 2 1 1 800000000000000000000000001 0 1
109 2 800000000000000000000000001 2 1 1 0 0 800000000000000000000000001 0 1
109 2 800000000000000000000000001 2 1 2 0 0 800000000000000000000000001 0 1
109 2 800000000000000000000000001 2 1 8000 0 0 800000000000000000000000001 0 1
109 2 800000000000000000000000001 2 1 80000000 0 0 800000000000000000000000001 0 1
109 2 800000000000000000000000001 0 1 1 0 1 800000000000000000000000001 0 1
109 2 1000000000000000000000000002 0 1 2 1 1 800000000000000000000000001 0 1
109 0 800000000000000000000000000 2 1 1 0 0 800000000000000000000000000 0 1
109 0 800000000000000000000000000 2 1 2 0 0 800000000000000000000000000 0 1
109 0 800000000000000000000000000 2 1 8000 0 0 800000000000000000000000000 0 1
109 0 800000000000000000000000000 2 1 80000000 0 0 800000000000000000000000000 0 1
109 0 800000000000000000000000000 0 1 1 0 1 800000000000000000000000000 0 1
109 0 1000000000000000000000000000 0 1 2 1 1 800000000000000000000000000 0 1
109 4000000000000000000 800000000000000000000000000 2 1 1 0 0 800000000000000000000000000 0 1
109 4000000000000000000 800000000000000000000000000 2 1 2 0 0 800000000000000000000000000 0 1
109 4000000000000000000 800000000000000000000000000 2 1 8000 0 0 800000000000000000000000000 0 1
109 4000000000000000000 800000000000000000000000000 2 1 80000000 0 0 800000000000000000000000000 0 1
109 4000000000000000000 800000000000000000000000000 0 1 1 0 1 800000000000000000000000000 0 1
109 4000000000000000000 1000000000000000000000000000 0 1 2 1 1 800000000000000000000000000 0 1
109 4000000000000000001 800000000000000000000000000 2 1 1 0 0 800000000000000000000000000 0 1
109 4000000000000000001 800000000000000000000000000 2 1 2 0 0 800000000000000000000000000 0 1
109 4000000000000000001 800000000000000000000000000 2 1 8000 0 0 800000000000000000000000000 0 1
109 4000000000000000001 800000000000000000000000000 2 1 80000000 0 0 800000000000000000000000000 0 1
109 4000000000000000001 800000000000000000000000000 0 1 1 0 1 800000000000000000000000000 0 1
109 4000000000000000001 1000000000000000000000000000 0 1 2 1 1 800000000000000000000000000 0 1
109 0 800000000000000000000000001 2 1 1 0 0 800000000000000000000000001 0 1
109 0 800000000000000000000000001 2 1 2 0 0 800000000000000000000000001 0 1
109 0 800000000000000000000000001 2 1 8000 0 0 800000000000000000000000001 0 1
109 0 800000000000000000000000001 2 1 80000000 0 0 800000000000000000000000001 0 1
109 0 800000000000000000000000001 0 1 1 0 1 800000000000000000000000001 0 1
109 0 1000000000000000000000000002 0 1 2 1 1 800000000000000000000000001 0 1
109 4000000000000000000 800000000000000000000000001 2 1 1 0 0 800000000000000000000000001 0 1
109 4000000000000000000 800000000000000000000000001 2 1 2 0 0 800000000000000000000000001 0 1
109 4000000000000000000 800000000000000000000000001 2 1 8000 0 0 800000000000000000000000001 0 1
109 4000000000000000000 800000000000000000000000001 2 1 80000000 0 0 800000000000000000000000001 0 1
109 4000000000000000000 800000000000000000000000001 0 1 1 0 1 800000000000000000000000001 0 1
109 4000000000000000000 1000000000000000000000000002 0 1 2 1 1 800000000000000000000000001 0 1
109 4000000000000000001 800000000000000000000000001 2 1 1 0 0 800000000000000000000000001 0 1
109 4000000000000000001 800000000000000000000000001 2 1 2 0 0 800000000000000000000000001 0 1
109 4000000000000000001 800000000000000000000000001 2 1 8000 0 0 800000000000000000000000001 0 1
109 4000000000000000001 800000000000000000000000001 2 1 80000000 0 0 800000000000000000000000001 0 1
109 4000000000000000001 800000000000000000000000001 0 1 1 0 1 800000000000000000000000001 0 1
109 4000000000000000001 1000000000000000000000000002 0 1 2 1 1 800000000000000000000000001 0 1
109 0 800000000000000000000000000 2 1 1 0 0 800000000000000000000000000 0 1
109 0 800000000000000000000000000 2 1 2 0 0 800000000000000000000000000 0 1
109 0 800000000000000000000000000 2 1 8000 0 0 800000000000000000000000000 0 1
109 0 800000000000000000000000000 2 1 80000000 0 0 800000000000000000000000000 0 1
109 0 800000000000000000000000000 0 1 1 0 1 800000000000000000000000000 0 1
109 0 1000000000000000000000000000 0 1 2 1 1 800000000000000000000000000 0 1
109 800000000000000000000000000 800000000000000000000000000 2 1 1 0 0 800000000000000000000000000 0 0
109 800000000000000000000000000 800000000000000000000000000 2 1 2 0 0 800000000000000000000000000 0 0
109 800000000000000000000000000 800000000000000000000000000 2 1 8000 0 0 800000000000000000000000000 0 0
109 800000000000000000000000000 800000000000000000000000000 2 1 80000000 0 0 800000000000000000000000000 0 0
109 800000000000000000000000000 800000000000000000000000000 0 1 1 0 1 800000000000000000000000000 0 0
109 800000000000000000000000000 1000000000000000000000000000 0 1 2 1 1 800000000000000000000000000 0 0
109 800000000000000000000000001 800000000000000000000000000 2 1 1 0 0 800000000000000000000000000 0 0
109 800000000000000000000000001 800000000000000000000000000 2 1 2 0 0 800000000000000000000000000 0 0
109 800000000000000000000000001 800000000000000000000000000 2 1 8000 0 0 800000000000000000000000000 0 0
109 800000000000000000000000001 800000000000000000000000000 2 1 80000000 0 0 800000000000000000000000000 0 0
109 800000000000000000000000001 800000000000000000000000000 0 1 1 0 1 800000000000000000000000000 0 0
109 800000000000000000000000001 1000000000000000000000000000 0 1 2 1 1 800000000000000000000000000 0 0
109 0 800000000000000000000000001 2 1 1 0 0 800000000000000000000000001 0 1
109 0 800000000000000000000000001 2 1 2 0 0 800000000000000000000000001 0 1
109 0 800000000000000000000000001 2 1 8000 0 0 800000000000000000000000001 0 1
109 0 800000000000000000000000001 2 1 80000000 0 0 800000000000000000000000001 0 1
109 0 800000000000000000000000001 0 1 1 0 1 800000000000000000000000001 0 1
109 0 1000000000000000000000000002 0 1 2 1 1 800000000000000000000000001 0 1
109 800000000000000000000000000 800000000000000000000000001 2 1 1 0 0 800000000000000000000000001 0 1
109 800000000000000000000000000 800000000000000000000000001 2 1 2 0 0 800000000000000000000000001 0 1
109 800000000000000000000000000 800000000000000000000000001 2 1 8000 0 0 800000000000000000000000001 0 1
109 800000000000000000000000000 800000000000000000000000001 2 1 80000000 0 0 800000000000000000000000001 0 1
109 800000000000000000000000000 800000000000000000000000001 0 1 1 0 1 800000000000000000000000001 0 1
109 800000000000000000000000000 1000000000000000000000000002 0 1 2 1 1 800000000000000000000000001 0 1
109 800000000000000000000000001 800000000000000000000000001 2 1 1 0 0 800000000000000000000000001 0 0
109 800000000000000000000000001 800000000000000000000000001 2 1 2 0 0 800000000000000000000000001 0 0
109 800000000000000000000000001 800000000000000000000000001 2 1 8000 0 0 800000000000000000000000001 0 0
109 800000000000000000000000001 800000000000000000000000001 2 1 80000000 0 0 800000000000000000000000001 0 0
109 800000000000000000000000001 800000000000000000000000001 0 1 1 0 1 800000000000000000000000001 0 0
109 800000000000000000000000001 1000000000000000000000000002 0 1 2 1 1 800000000000000000000000001 0 0
109 0 800000000000000000000000000 2 1 1 0 0 800000000000000000000000000 0 1
109 0 800000000000000000000000000 2 1 2 0 0 800000000000000000000000000 0 1
109 0 800000000000000000000000000 2 1 8000 0 0 800000000000000000000000000 0 1
109 0 800000000000000000000000000 2 1 80000000 0 0 800000000000000000000000000 0 1
109 0 800000000000000000000000000 0 1 1 0 1 800000000000000000000000000 0 1
109 0 1000000000000000000000000000 0 1 2 1 1 800000000000000000000000000 0 1
109 1000000000000000000000000000 800000000000000000000000000 2 1 1 0 0 1000000000000000000000000000 1 0
109 1000000000000000000000000000 800000000000000000000000000 2 1 2 0 0 1000000000000000000000000000 1 0
109 1000000000000000000000000000 800000000000000000000000000 2 1 8000 0 0 1000000000000000000000000000 1 0
109 1000000000000000000000000000 800000000000000000000000000 2 1 80000000 0 0 1000000000000000000000000000 1 0
109 1000000000000000000000000000 800000000000000000000000000 0 1 1 0 1 1000000000000000000000000000 1 0
109 1000000000000000000000000000 1000000000000000000000000000 0 1 2 1 1 1000000000000000000000000000 1 0
109 1000000000000000000000000001 800000000000000000000000000 2 1 1 0 0 1000000000000000000000000000 1 0
109 1000000000000000000000000001 800000000000000000000000000 2 1 2 0 0 1000000000000000000000000000 1 0
109 1000000000000000000000000001 800000000000000000000000000 2 1 8000 0 0 1000000000000000000000000000 1 0
109 1000000000000000000000000001 800000000000000000000000000 2 1 80000000 0 0 1000000000000000000000000000 1 0
109 1000000000000000000000000001 800000000000000000000000000 0 1 1 0 1 1000000000000000000000000000 1 0
109 1000000000000000000000000001 1000000000000000000000000000 0 1 2 1 1 1000000000000000000000000000 1 0
109 0 800000000000000000000000001 2 1 1 0 0 800000000000000000000000001 0 1
109 0 800000000000000000000000001 2 1 2 0 0 800000000000000000000000001 0 1
109 0 800000000000000000000000001 2 1 8000 0 0 800000000000000000000000001 0 1
109 0 800000000000000000000000001 2 1 80000000 0 0 800000000000000000000000001 0 1
109 0 800000000000000000000000001 0 1 1 0 1 800000000000000000000000001 0 1
109 0 1000000000000000000000000002 0 1 2 1 1 800000000000000000000000001 0 1
109 1000000000000000000000000000 800000000000000000000000001 2 1 1 0 0 800000000000000000000000001 0 0
109 1000000000000000000000000000 800000000000000000000000001 2 1 2 0 0 800000000000000000000000001 0 0
109 1000000000000000000000000000 800000000000000000000000001 2 1 8000 0 0 800000000000000000000000001 0 0
109 1000000000000000000000000000 800000000000000000000000001 2 1 80000000 0 0 800000000000000000000000001 0 0
109 1000000000000000000000000000 800000000000000000000000001 0 1 1 0 1 800000000000000000000000001 0 0
109 1000000000000000000000000000 1000000000000000000000000002 0 1 2 1 1 800000000000000000000000001 0 0
109 1000000000000000000000000001 800000000000000000000000001 2 1 1 0 0 800000000000000000000000001 0 0
109 1000000000000000000000000001 800000000000000000000000001 2 1 2 0 0 800000000000000000000000001 0 0
109 1000000000000000000000000001 800000000000000000000000001 2 1 8000 0 0 800000000000000000000000001 0 0
109 1000000000000000000000000001 800000000000000000000000001 2 1 80000000 0 0 800000000000000000000000001 0 0
109 1000000000000000000000000001 800000000000000000000000001 0 1 1 0 1 800000000000000000000000001 0 0
109 1000000000000000000000000001 1000000000000000000000000002 0 1 2 1 1 800000000000000000000000001 0 0
137 0 1 2 1 1 0 0 1 0 1
137 0 1 2 1 2 0 0 1 0 1
137 0 1 2 1 8000 0 0 1 0 1
137 0 1 2 1 80000000 0 0 1 0 1
137 0 1 0 1 1 0 1 1 0 1
137 0 2 0 1 2 1 1 1 0 1
137 0 8000 0 1 8000 f 1 1 0 1
137 0 80000000 0 1 80000000 1f 1 1 0 1
137 1 1 2 1 1 0 0 1 0 0
137 1 1 2 1 2 0 0 1 0 0
137 1 1 2 1 8000 0 0 1 0 0
137 1 1 2 1 80000000 0 0 1 0 0
137 1 1 0 1 1 0 1 1 0 0
137 1 2 0 1 2 1 1 1 0 0
137 1 8000 0 1 8000 f 1 1 0 0
137 1 80000000 0 1 80000000 1f 1 1 0 0
137 2 1 2 1 1 0 0 2 1 0
137 2 1 2 1 2 0 0 2 1 0
137 2 1 2 1 8000 0 0 2 1 0
137 2 1 2 1 80000000 0 0 2 1 0
137 2 1 0 1 1 0 1 2 1 0
137 2 2 0 1 2 1 1 2 1 0
137 2 8000 0 1 8000 f 1 2 1 0
137 2 80000000 0 1 80000000 1f 1 2 1 0
137 0 2 2 1 1 0 0 2 0 1
137 0 2 2 1 2 0 0 2 0 1
137 0 2 2 1 8000 0 0 2 0 1
137 0 2 2 1 80000000 0 0 2 0 1
137 0 2 0 1 1 0 1 2 0 1
137 0 4 0 1 2 1 1 2 0 1
137 0 10000 0 1 8000 f 1 2 0 1
137 0 100000000 0 1 80000000 1f 1 2 0 1
137 1 2 2 1 1 0 0 2 0 1
137 1 2 2 1 2 0 0 2 0 1
137 1 2 2 1 8000 0 0 2 0 1
137 1 2 2 1 80000000 0 0 2 0 1
137 1 2 0 1 1 0 1 2 0 1
137 1 4 0 1 2 1 1 2 0 1
137 1 10000 0 1 8000 f 1 2 0 1
137 1 100000000 0 1 80000000 1f 1 2 0 1
137 2 2 2 1 1 0 0 2 0 0
137 2 2 2 1 2 0 0 2 0 0
137 2 2 2 1 8000 0 0 2 0 0
137 2 2 2 1 80000000 0 0 2 0 0
137 2 2 0 1 1 0 1 2 0 0
137 2 4 0 1 2 1 1 2 0 0
137 2 10000 0 1 8000 f 1 2 0 0
137 2 100000000 0 1 80000000 1f 1 2 0 0
137 0 1 2 1 1 0 0 1 0 1
137 0 1 2 1 2 0 0 1 0 1
137 0 1 2 1 8000 0 0 1 0 1
137 0 1 2 1 80000000 0 0 1 0 1
137 0 1 0 1 1 0 1 1 0 1
137 0 2 0 1 2 1 1 1 0 1
137 0 8000 0 1 8000 f 1 1 0 1
137 0 80000000 0 1 80000000 1f 1 1 0 1
137 80000000 1 2 1 1 0 0 80000000 1f 0
137 80000000 1 2 1 2 0 0 80000000 1f 0
137 80000000 1 2 1 8000 0 0 80000000 1f 0
137 80000000 1 2 1 80000000 0 0 80000000 1f 0
137 80000000 1 0 1 1 0 1 80000000 1f 0
137 80000000 2 0 1 2 1 1 80000000 1f 0
137 80000000 8000 0 1 8000 f 1 80000000 1f 0
137 80000000 80000000 0 1 80000000 1f 1 80000000 1f 0
137 80000001 1 2 1 1 0 0 80000000 1f 0
137 80000001 1 2 1 2 0 0 80000000 1f 0
137 80000001 1 2 1 8000 0 0 80000000 1f 0
137 80000001 1 2 1 80000000 0 0 80000000 1f 0
137 80000001 1 0 1 1 0 1 80000000 1f 0
137 80000001 2 0 1 2 1 1 80000000 1f 0
137 80000001 8000 0 1 8000 f 1 80000000 1f 0
137 80000001 80000000 0 1 80000000 1f 1 80000000 1f 0
137 0 2 2 1 1 0 0 2 0 1
137 0 2 2 1 2 0 0 2 0 1
137 0 2 2 1 8000 0 0 2 0 1
137 0 2 2 1 80000000 0 0 2 0 1
137 0 2 0 1 1 0 1 2 0 1
137 0 4 0 1 2 1 1 2 0 1
137 0 10000 0 1 8000 f 1 2 0 1
137 0 100000000 0 1 80000000 1f 1 2 0 1
137 80000000 2 2 1 1 0 0 80000000 1e 0
137 80000000 2 2 1 2 0 0 80000000 1e 0
137 80000000 2 2 1 8000 0 0 80000000 1e 0
137 80000000 2 2 1 80000000 0 0 80000000 1e 0
137 80000000 2 0 1 1 0 1 80000000 1e 0
137 80000000 4 0 1 2 1 1 80000000 1e 0
137 80000000 10000 0 1 8000 f 1 80000000 1e 0
137 80000000 100000000 0 1 80000000 1f 1 80000000 1e 0
137 80000001 2 2 1 1 0 0 80000000 1e 0
137 80000001 2 2 1 2 0 0 80000000 1e 0
137 80000001 2 2 1 8000 0 0 80000000 1e 0
137 80000001 2 2 1 80000000 0 0 80000000 1e 0
137 80000001 2 0 1 1 0 1 80000000 1e 0
137 80000001 4 0 1 2 1 1 80000000 1e 0
137 80000001 10000 0 1 8000 f 1 80000000 1e 0
137 80000001 100000000 0 1 80000000 1f 1 80000000 1e 0
137 0 80000000 2 1 1 0 0 80000000 0 1
137 0 80000000 2 1 2 0 0 80000000 0 1
137 0 80000000 2 1 8000 0 0 80000000 0 1
137 0 80000000 2 1 80000000 0 0 80000000 0 1
137 0 80000000 0 1 1 0 1 80000000 0 1
137 0 100000000 0 1 2 1 1 80000000 0 1
137 0 400000000000 0 1 8000 f 1 80000000 0 1
137 0 4000000000000000 0 1 80000000 1f 1 80000000 0 1
137 1 80000000 2 1 1 0 0 80000000 0 1
137 1 80000000 2 1 2 0 0 80000000 0 1
137 1 80000000 2 1 8000 0 0 80000000 0 1
137 1 80000000 2 1 80000000 0 0 80000000 0 1
137 1 80000000 0 1 1 0 1 80000000 0 1
137 1 100000000 0 1 2 1 1 80000000 0 1
137 1 400000000000 0 1 8000 f 1 80000000 0 1
137 1 4000000000000000 0 1 80000000 1f 1 80000000 0 1
137 2 80000000 2 1 1 0 0 80000000 0 1
137 2 80000000 2 1 2 0 0 80000000 0 1
137 2 80000000 2 1 8000 0 0 80000000 0 1
137 2 80000000 2 1 80000000 0 0 80000000 0 1
137 2 80000000 0 1 1 0 1 80000000 0 1
137 2 100000000 0 1 2 1 1 80000000 0 1
137 2 400000000000 0 1 8000 f 1 80000000 0 1
137 2 4000000000000000 0 1 80000000 1f 1 80000000 0 1
137 0 80000001 2 1 1 0 0 80000001 0 1
137 0 80000001 2 1 2 0 0 80000001 0 1
137 0 80000001 2 1 8000 0 0 80000001 0 1
137 0 80000001 2 1 80000000 0 0 80000001 0 1
137 0 80000001 0 1 1 0 1 80000001 0 1
137 0 100000002 0 1 2 1 1 80000001 0 1
137 0 400000008000 0 1 8000 f 1 80000001 0 1
137 0 4000000080000000 0 1 80000000 1f 1 80000001 0 1
137 1 80000001 2 1 1 0 0 80000001 0 1
137 1 80000001 2 1 2 0 0 80000001 0 1
137 1 80000001 2 1 8000 0 0 80000001 0 1
137 1 80000001 2 1 80000000 0 0 80000001 0 1
137 1 80000001 0 1 1 0 1 80000001 0 1
137 1 100000002 0 1 2 1 1 80000001 0 1
137 1 400000008000 0 1 8000 f 1 80000001 0 1
137 1 4000000080000000 0 1 80000000 1f 1 80000001 0 1
137 2 80000001 2 1 1 0 0 80000001 0 1
137 2 80000001 2 1 2 0 0 80000001 0 1
137 2 80000001 2 1 8000 0 0 80000001 0 1
137 2 80000001 2 1 80000000 0 0 80000001 0 1
137 2 80000001 0 1 1 0 1 80000001 0 1
137 2 100000002 0 1 2 1 1 80000001 0 1
137 2 400000008000 0 1 8000 f 1 80000001 0 1
137 2 4000000080000000 0 1 80000000 1f 1 80000001 0 1
137 0 80000000 2 1 1 0 0 80000000 0 1
137 0 80000000 2 1 2 0 0 80000000 0 1
137 0 80000000 2 1 8000 0 0 80000000 0 1
137 0 80000000 2 1 80000000 0 0 80000000 0 1
137 0 80000000 0 1 1 0 1 80000000 0 1
137 0 100000000 0 1 2 1 1 80000000 0 1
137 0 400000000000 0 1 8000 f 1 80000000 0 1
137 0 4000000000000000 0 1 80000000 1f 1 80000000 0 1
137 80000000 80000000 2 1 1 0 0 80000000 0 0
137 80000000 80000000 2 1 2 0 0 80000000 0 0
137 80000000 80000000 2 1 8000 0 0 80000000 0 0
137 80000000 80000000 2 1 80000000 0 0 80000000 0 0
137 80000000 80000000 0 1 1 0 1 80000000 0 0
137 80000000 100000000 0 1 2 1 1 80000000 0 0
137 80000000 400000000000 0 1 8000 f 1 80000000 0 0
137 80000000 4000000000000000 0 1 80000000 1f 1 80000000 0 0
137 80000001 80000000 2 1 1 0 0 80000000 0 0
137 80000001 80000000 2 1 2 0 0 80000000 0 0
137 80000001 80000000 2 1 8000 0 0 80000000 0 0
137 80000001 80000000 2 1 80000000 0 0 80000000 0 0
137 80000001 80000000 0 1 1 0 1 80000000 0 0
137 80000001 100000000 0 1 2 1 1 80000000 0 0
137 80000001 400000000000 0 1 8000 f 1 80000000 0 0
137 80000001 4000000000000000 0 1 80000000 1f 1 80000000 0 0
137 0 80000001 2 1 1 0 0 80000001 0 1
137 0 80000001 2 1 2 0 0 80000001 0 1
137 0 80000001 2 1 8000 0 0 80000001 0 1
137 0 80000001 2 1 80000000 0 0 80000001 0 1
137 0 80000001 0 1 1 0 1 80000001 0 1
137 0 100000002 0 1 2 1 1 80000001 0 1
137 0 400000008000 0 1 8000 f 1 80000001 0 1
137 0 4000000080000000 0 1 80000000 1f 1 80000001 0 1
137 80000000 80000001 2 1 1 0 0 80000001 0 1
137 80000000 80000001 2 1 2 0 0 80000001 0 1
137 80000000 80000001 2 1 8000 0 0 80000001 0 1
137 80000000 80000001 2 1 80000000 0 0 80000001 0 1
137 80000000 80000001 0 1 1 0 1 80000001 0 1
137 80000000 100000002 0 1 2 1 1 80000001 0 1
137 80000000 400000008000 0 1 8000 f 1 80000001 0 1
137 80000000 4000000080000000 0 1 80000000 1f 1 80000001 0 1
137 80000001 80000001 2 1 1 0 0 80000001 0 0
137 80000001 80000001 2 1 2 0 0 80000001 0 0
137 80000001 80000001 2 1 8000 0 0 80000001 0 0
137 80000001 80000001 2 1 80000000 0 0 80000001 0 0
137 80000001 80000001 0 1 1 0 1 80000001 0 0
137 80000001 100000002 0 1 2 1 1 80000001 0 0
137 80000001 400000008000 0 1 8000 f 1 80000001 0 0
137 80000001 4000000080000000 0 1 80000000 1f 1 80000001 0 0
137 0 80000000 2 1 1 0 0 80000000 0 1
137 0 80000000 2 1 2 0 0 80000000 0 1
137 0 80000000 2 1 8000 0 0 80000000 0 1
137 0 80000000 2 1 80000000 0 0 80000000 0 1
137 0 80000000 0 1 1 0 1 80000000 0 1
137 0 100000000 0 1 2 1 1 80000000 0 1
137 0 400000000000 0 1 8000 f 1 80000000 0 1
137 0 4000000000000000 0 1 80000000 1f 1 80000000 0 1
137 4000000000000000 80000000 2 1 1 0 0 4000000000000000 1f 0
137 4000000000000000 80000000 2 1 2 0 0 4000000000000000 1f 0
137 4000000000000000 80000000 2 1 8000 0 0 4000000000000000 1f 0
137 4000000000000000 80000000 2 1 80000000 0 0 4000000000000000 1f 0
137 4000000000000000 80000000 0 1 1 0 1 4000000000000000 1f 0
137 4000000000000000 100000000 0 1 2 1 1 4000000000000000 1f 0
137 4000000000000000 400000000000 0 1 8000 f 1 4000000000000000 1f 0
137 4000000000000000 4000000000000000 0 1 80000000 1f 1 4000000000000000 1f 0
137 4000000000000001 80000000 2 1 1 0 0 4000000000000000 1f 0
137 4000000000000001 80000000 2 1 2 0 0 4000000000000000 1f 0
137 4000000000000001 80000000 2 1 8000 0 0 4000000000000000 1f 0
137 4000000000000001 80000000 2 1 80000000 0 0 4000000000000000 1f 0
137 4000000000000001 80000000 0 1 1 0 1 4000000000000000 1f 0
137 4000000000000001 100000000 0 1 2 1 1 4000000000000000 1f 0
137 4000000000000001 400000000000 0 1 8000 f 1 4000000000000000 1f 0
137 4000000000000001 4000000000000000 0 1 80000000 1f 1 4000000000000000 1f 0
137 0 80000001 2 1 1 0 0 80000001 0 1
137 0 80000001 2 1 2 0 0 80000001 0 1
137 0 80000001 2 1 8000 0 0 80000001 0 1
137 0 80000001 2 1 80000000 0 0 80000001 0 1
137 0 80000001 0 1 1 0 1 80000001 0 1
137 0 100000002 0 1 2 1 1 80000001 0 1
137 0 400000008000 0 1 8000 f 1 80000001 0 1
137 0 4000000080000000 0 1 80000000 1f 1 80000001 0 1
137 4000000000000000 80000001 2 1 1 0 0 2000000040000000 1e 0
137 4000000000000000 80000001 2 1 2 0 0 2000000040000000 1e 0
137 4000000000000000 80000001 2 1 8000 0 0 2000000040000000 1e 0
137 4000000000000000 80000001 2 1 80000000 0 0 2000000040000000 1e 0
137 4000000000000000 80000001 0 1 1 0 1 2000000040000000 1e 0
137 4000000000000000 100000002 0 1 2 1 1 2000000040000000 1e 0
137 4000000000000000 400000008000 0 1 8000 f 1 2000000040000000 1e 0
137 4000000000000000 4000000080000000 0 1 80000000 1f 1 2000000040000000 1e 0
137 4000000000000001 80000001 2 1 1 0 0 2000000040000000 1e 0
137 4000000000000001 80000001 2 1 2 0 0 2000000040000000 1e 0
137 4000000000000001 80000001 2 1 8000 0 0 2000000040000000 1e 0
137 4000000000000001 80000001 2 1 80000000 0 0 2000000040000000 1e 0
137 4000000000000001 80000001 0 1 1 0 1 2000000040000000 1e 0
137 4000000000000001 100000002 0 1 2 1 1 2000000040000000 1e 0
137 4000000000000001 400000008000 0 1 8000 f 1 2000000040000000 1e 0
137 4000000000000001 4000000080000000 0 1 80000000 1f 1 2000000040000000 1e 0
137 0 100000000 2 1 1 0 0 100000000 0 1
137 0 100000000 2 1 2 0 0 100000000 0 1
137 0 100000000 2 1 8000 0 0 100000000 0 1
137 0 100000000 2 1 80000000 0 0 100000000 0 1
137 0 100000000 0 1 1 0 1 100000000 0 1
137 0 200000000 0 1 2 1 1 100000000 0 1
137 0 800000000000 0 1 8000 f 1 100000000 0 1
137 0 8000000000000000 0 1 80000000 1f 1 100000000 0 1
137 1 100000000 2 1 1 0 0 100000000 0 1
137 1 100000000 2 1 2 0 0 100000000 0 1
137 1 100000000 2 1 8000 0 0 100000000 0 1
137 1 100000000 2 1 80000000 0 0 100000000 0 1
137 1 100000000 0 1 1 0 1 100000000 0 1
137 1 200000000 0 1 2 1 1 100000000 0 1
137 1 800000000000 0 1 8000 f 1 100000000 0 1
137 1 8000000000000000 0 1 80000000 1f 1 100000000 0 1
137 2 100000000 2 1 1 0 0 100000000 0 1
137 2 100000000 2 1 2 0 0 100000000 0 1
137 2 100000000 2 1 8000 0 0 100000000 0 1
137 2 100000000 2 1 80000000 0 0 100000000 0 1
137 2 100000000 0 1 1 0 1 100000000 0 1
137 2 200000000 0 1 2 1 1 100000000 0 1
137 2 800000000000 0 1 8000 f 1 100000000 0 1
137 2 8000000000000000 0 1 80000000 1f 1 100000000 0 1
137 0 100000001 2 1 1 0 0 100000001 0 1
137 0 100000001 2 1 2 0 0 100000001 0 1
137 0 100000001 2 1 8000 0 0 100000001 0 1
137 0 100000001 2 1 80000000 0 0 100000001 0 1
137 0 100000001 0 1 1 0 1 100000001 0 1
137 0 200000002 0 1 2 1 1 100000001 0 1
137 0 800000008000 0 1 8000 f 1 100000001 0 1
137 0 8000000080000000 0 1 80000000 1f 1 100000001 0 1
137 1 100000001 2 1 1 0 0 100000001 0 1
137 1 100000001 2 1 2 0 0 100000001 0 1
137 1 100000001 2 1 8000 0 0 100000001 0 1
137 1 100000001 2 1 80000000 0 0 100000001 0 1
137 1 100000001 0 1 1 0 1 100000001 0 1
137 1 200000002 0 1 2 1 1 100000001 0 1
137 1 800000008000 0 1 8000 f 1 100000001 0 1
137 1 8000000080000000 0 1 80000000 1f 1 100000001 0 1
137 2 100000001 2 1 1 0 0 100000001 0 1
137 2 100000001 2 1 2 0 0 100000001 0 1
137 2 100000001 2 1 8000 0 0 100000001 0 1
137 2 100000001 2 1 80000000 0 0 100000001 0 1
137 2 100000001 0 1 1 0 1 100000001 0 1
137 2 200000002 0 1 2 1 1 100000001 0 1
137 2 800000008000 0 1 8000 f 1 100000001 0 1
137 2 8000000080000000 0 1 80000000 1f 1 100000001 0 1
137 0 100000000 2 1 1 0 0 100000000 0 1
137 0 100000000 2 1 2 0 0 100000000 0 1
137 0 100000000 2 1 8000 0 0 100000000 0 1
137 0 100000000 2 1 80000000 0 0 100000000 0 1
137 0 100000000 0 1 1 0 1 100000000 0 1
137 0 200000000 0 1 2 1 1 100000000 0 1
137 0 800000000000 0 1 8000 f 1 100000000 0 1
137 0 8000000000000000 0 1 80000000 1f 1 100000000 0 1
137 100000000 100000000 2 1 1 0 0 100000000 0 0
137 100000000 100000000 2 1 2 0 0 100000000 0 0
137 100000000 100000000 2 1 8000 0 0 100000000 0 0
137 100000000 100000000 2 1 80000000 0 0 100000000 0 0
137 100000000 100000000 0 1 1 0 1 100000000 0 0
137 100000000 200000000 0 1 2 1 1 100000000 0 0
137 100000000 800000000000 0 1 8000 f 1 100000000 0 0
137 100000000 8000000000000000 0 1 80000000 1f 1 100000000 0 0
137 100000001 100000000 2 1 1 0 0 100000000 0 0
137 100000001 100000000 2 1 2 0 0 100000000 0 0
137 100000001 100000000 2 1 8000 0 0 100000000 0 0
137 100000001 100000000 2 1 80000000 0 0 100000000 0 0
137 100000001 100000000 0 1 1 0 1 100000000 0 0
137 100000001 200000000 0 1 2 1 1 100000000 0 0
137 100000001 800000000000 0 1 8000 f 1 100000000 0 0
137 100000001 8000000000000000 0 1 80000000 1f 1 100000000 0 0
137 0 100000001 2 1 1 0 0 100000001 0 1
137 0 100000001 2 1 2 0 0 100000001 0 1
137 0 100000001 2 1 8000 0 0 100000001 0 1
137 0 100000001 2 1 80000000 0 0 100000001 0 1
137 0 100000001 0 1 1 0 1 100000001 0 1
137 0 200000002 0 1 2 1 1 100000001 0 1
137 0 800000008000 0 1 8000 f 1 100000001 0 1
137 0 8000000080000000 0 1 80000000 1f 1 100000001 0 1
137 100000000 100000001 2 1 1 0 0 100000001 0 1
137 100000000 100000001 2 1 2 0 0 100000001 0 1
137 100000000 100000001 2 1 8000 0 0 100000001 0 1
137 100000000 100000001 2 1 80000000 0 0 100000001 0 1
137 100000000 100000001 0 1 1 0 1 100000001 0 1
137 100000000 200000002 0 1 2 1 1 100000001 0 1
137 100000000 800000008000 0 1 8000 f 1 100000001 0 1
137 100000000 8000000080000000 0 1 80000000 1f 1 100000001 0 1
137 100000001 100000001 2 1 1 0 0 100000001 0 0
137 100000001 100000001 2 1 2 0 0 100000001 0 0
137 100000001 100000001 2 1 8000 0 0 100000001 0 0
137 100000001 100000001 2 1 80000000 0 0 100000001 0 0
137 100000001 100000001 0 1 1 0 1 100000001 0 0
137 100000001 200000002 0 1 2 1 1 100000001 0 0
137 100000001 800000008000 0 1 8000 f 1 100000001 0 0
137 100000001 8000000080000000 0 1 80000000 1f 1 100000001 0 0
137 0 100000000 2 1 1 0 0 100000000 0 1
137 0 100000000 2 1 2 0 0 100000000 0 1
137 0 100000000 2 1 8000 0 0 100000000 0 1
137 0 100000000 2 1 80000000 0 0 100000000 0 1
137 0 100000000 0 1 1 0 1 100000000 0 1
137 0 200000000 0 1 2 1 1 100000000 0 1
137 0 800000000000 0 1 8000 f 1 100000000 0 1
137 0 8000000000000000 0 1 80000000 1f 1 100000000 0 1
137 8000000000000000 100000000 2 1 1 0 0 8000000000000000 1f 0
137 8000000000000000 100000000 2 1 2 0 0 8000000000000000 1f 0
137 8000000000000000 100000000 2 1 8000 0 0 8000000000000000 1f 0
137 8000000000000000 100000000 2 1 80000000 0 0 8000000000000000 1f 0
137 8000000000000000 100000000 0 1 1 0 1 8000000000000000 1f 0
137 8000000000000000 200000000 0 1 2 1 1 8000000000000000 1f 0
137 8000000000000000 800000000000 0 1 8000 f 1 8000000000000000 1f 0
137 8000000000000000 8000000000000000 0 1 80000000 1f 1 8000000000000000 1f 0
137 8000000000000001 100000000 2 1 1 0 0 8000000000000000 1f 0
137 8000000000000001 100000000 2 1 2 0 0 8000000000000000 1f 0
137 8000000000000001 100000000 2 1 8000 0 0 8000000000000000 1f 0
137 8000000000000001 100000000 2 1 80000000 0 0 8000000000000000 1f 0
137 8000000000000001 100000000 0 1 1 0 1 8000000000000000 1f 0
137 8000000000000001 200000000 0 1 2 1 1 8000000000000000 1f 0
137 8000000000000001 800000000000 0 1 8000 f 1 8000000000000000 1f 0
137 8000000000000001 8000000000000000 0 1 80000000 1f 1 8000000000000000 1f 0
137 0 100000001 2 1 1 0 0 100000001 0 1
137 0 100000001 2 1 2 0 0 100000001 0 1
137 0 100000001 2 1 8000 0 0 100000001 0 1
137 0 100000001 2 1 80000000 0 0 100000001 0 1
137 0 100000001 0 1 1 0 1 100000001 0 1
137 0 200000002 0 1 2 1 1 100000001 0 1
137 0 800000008000 0 1 8000 f 1 100000001 0 1
137 0 8000000080000000 0 1 80000000 1f 1 100000001 0 1
137 8000000000000000 100000001 2 1 1 0 0 4000000040000000 1e 0
137 8000000000000000 100000001 2 1 2 0 0 4000000040000000 1e 0
137 8000000000000000 100000001 2 1 8000 0 0 4000000040000000 1e 0
137 8000000000000000 100000001 2 1 80000000 0 0 4000000040000000 1e 0
137 8000000000000000 100000001 0 1 1 0 1 4000000040000000 1e 0
137 8000000000000000 200000002 0 1 2 1 1 4000000040000000 1e 0
137 8000000000000000 800000008000 0 1 8000 f 1 4000000040000000 1e 0
137 8000000000000000 8000000080000000 0 1 80000000 1f 1 4000000040000000 1e 0
137 8000000000000001 100000001 2 1 1 0 0 4000000040000000 1e 0
137 8000000000000001 100000001 2 1 2 0 0 4000000040000000 1e 0
137 8000000000000001 100000001 2 1 8000 0 0 4000000040000000 1e 0
137 8000000000000001 100000001 2 1 80000000 0 0 4000000040000000 1e 0
137 8000000000000001 100000001 0 1 1 0 1 4000000040000000 1e 0
137 8000000000000001 200000002 0 1 2 1 1 4000000040000000 1e 0
137 8000000000000001 800000008000 0 1 8000 f 1 4000000040000000 1e 0
137 8000000000000001 8000000080000000 0 1 80000000 1f 1 4000000040000000 1e 0
137 0 100000000000000000 2 1 1 0 0 100000000000000000 0 1
137 0 100000000000000000 2 1 2 0 0 100000000000000000 0 1
137 0 100000000000000000 2 1 8000 0 0 100000000000000000 0 1
137 0 100000000000000000 2 1 80000000 0 0 100000000000000000 0 1
137 0 100000000000000000 0 1 1 0 1 100000000000000000 0 1
137 0 200000000000000000 0 1 2 1 1 100000000000000000 0 1
137 0 800000000000000000000 0 1 8000 f 1 100000000000000000 0 1
137 0 8000000000000000000000000 0 1 80000000 1f 1 100000000000000000 0 1
137 1 100000000000000000 2 1 1 0 0 100000000000000000 0 1
137 1 100000000000000000 2 1 2 0 0 100000000000000000 0 1
137 1 100000000000000000 2 1 8000 0 0 100000000000000000 0 1
137 1 100000000000000000 2 1 80000000 0 0 100000000000000000 0 1
137 1 100000000000000000 0 1 1 0 1 100000000000000000 0 1
137 1 200000000000000000 0 1 2 1 1 100000000000000000 0 1
137 1 800000000000000000000 0 1 8000 f 1 100000000000000000 0 1
137 1 8000000000000000000000000 0 1 80000000 1f 1 100000000000000000 0 1
137 2 100000000000000000 2 1 1 0 0 100000000000000000 0 1
137 2 100000000000000000 2 1 2 0 0 100000000000000000 0 1
137 2 100000000000000000 2 1 8000 0 0 100000000000000000 0 1
137 2 100000000000000000 2 1 80000000 0 0 100000000000000000 0 1
137 2 100000000000000000 0 1 1 0 1 100000000000000000 0 1
137 2 200000000000000000 0 1 2 1 1 100000000000000000 0 1
137 2 800000000000000000000 0 1 8000 f 1 100000000000000000 0 1
137 2 8000000000000000000000000 0 1 80000000 1f 1 100000000000000000 0 1
137 0 100000000000000001 2 1 1 0 0 100000000000000001 0 1
137 0 100000000000000001 2 1 2 0 0 100000000000000001 0 1
137 0 100000000000000001 2 1 8000 0 0 100000000000000001 0 1
137 0 100000000000000001 2 1 80000000 0 0 100000000000000001 0 1
137 0 100000000000000001 0 1 1 0 1 100000000000000001 0 1
137 0 200000000000000002 0 1 2 1 1 100000000000000001 0 1
137 0 800000000000000008000 0 1 8000 f 1 100000000000000001 0 1
137 0 8000000000000000080000000 0 1 80000000 1f 1 100000000000000001 0 1
137 1 100000000000000001 2 1 1 0 0 100000000000000001 0 1
137 1 100000000000000001 2 1 2 0 0 100000000000000001 0 1
137 1 100000000000000001 2 1 8000 0 0 100000000000000001 0 1
137 1 100000000000000001 2 1 80000000 0 0 100000000000000001 0 1
137 1 100000000000000001 0 1 1 0 1 100000000000000001 0 1
137 1 200000000000000002 0 1 2 1 1 100000000000000001 0 1
137 1 800000000000000008000 0 1 8000 f 1 100000000000000001 0 1
137 1 8000000000000000080000000 0 1 80000000 1f 1 100000000000000001 0 1
137 2 100000000000000001 2 1 1 0 0 100000000000000001 0 1
137 2 100000000000000001 2 1 2 0 0 100000000000000001 0 1
137 2 100000000000000001 2 1 8000 0 0 100000000000000001 0 1
137 2 100000000000000001 2 1 80000000 0 0 100000000000000001 0 1
137 2 100000000000000001 0 1 1 0 1 100000000000000001 0 1
137 2 200000000000000002 0 1 2 1 1 100000000000000001 0 1
137 2 800000000000000008000 0 1 8000 f 1 100000000000000001 0 1
137 2 8000000000000000080000000 0 1 80000000 1f 1 100000000000000001 0 1
137 0 100000000000000000 2 1 1 0 0 100000000000000000 0 1
137 0 100000000000000000 2 1 2 0 0 100000000000000000 0 1
137 0 100000000000000000 2 1 8000 0 0 100000000000000000 0 1
137 0 100000000000000000 2 1 80000000 0 0 100000000000000000 0 1
137 0 100000000000000000 0 1 1 0 1 100000000000000000 0 1
137 0 200000000000000000 0 1 2 1 1 100000000000000000 0 1
137 0 800000000000000000000 0 1 8000 f 1 100000000000000000 0 1
137 0 8000000000000000000000000 0 1 80000000 1f 1 100000000000000000 0 1
137 800000000 100000000000000000 2 1 1 0 0 100000000000000000 0 1
137 800000000 100000000000000000 2 1 2 0 0 100000000000000000 0 1
137 800000000 100000000000000000 2 1 8000 0 0 100000000000000000 0 1
137 800000000 100000000000000000 2 1 80000000 0 0 100000000000000000 0 1
137 800000000 100000000000000000 0 1 1 0 1 100000000000000000 0 1
137 800000000 200000000000000000 0 1 2 1 1 100000000000000000 0 1
137 800000000 800000000000000000000 0 1 8000 f 1 100000000000000000 0 1
137 800000000 8000000000000000000000000 0 1 80000000 1f 1 100000000000000000 0 1
137 800000001 100000000000000000 2 1 1 0 0 100000000000000000 0 1
137 800000001 100000000000000000 2 1 2 0 0 100000000000000000 0 1
137 800000001 100000000000000000 2 1 8000 0 0 100000000000000000 0 1
137 800000001 100000000000000000 2 1 80000000 0 0 100000000000000000 0 1
137 800000001 100000000000000000 0 1 1 0 1 100000000000000000 0 1
137 800000001 200000000000000000 0 1 2 1 1 100000000000000000 0 1
137 800000001 800000000000000000000 0 1 8000 f 1 100000000000000000 0 1
137 800000001 8000000000000000000000000 0 1 80000000 1f 1 100000000000000000 0 1
137 0 100000000000000001 2 1 1 0 0 100000000000000001 0 1
137 0 100000000000000001 2 1 2 0 0 100000000000000001 0 1
137 0 100000000000000001 2 1 8000 0 0 100000000000000001 0 1
137 0 100000000000000001 2 1 80000000 0 0 100000000000000001 0 1
137 0 100000000000000001 0 1 1 0 1 100000000000000001 0 1
137 0 200000000000000002 0 1 2 1 1 100000000000000001 0 1
137 0 800000000000000008000 0 1 8000 f 1 100000000000000001 0 1
137 0 8000000000000000080000000 0 1 80000000 1f 1 100000000000000001 0 1
137 800000000 100000000000000001 2 1 1 0 0 100000000000000001 0 1
137 800000000 100000000000000001 2 1 2 0 0 100000000000000001 0 1
137 800000000 100000000000000001 2 1 8000 0 0 100000000000000001 0 1
137 800000000 100000000000000001 2 1 80000000 0 0 100000000000000001 0 1
137 800000000 100000000000000001 0 1 1 0 1 100000000000000001 0 1
137 800000000 200000000000000002 0 1 2 1 1 100000000000000001 0 1
137 800000000 800000000000000008000 0 1 8000 f 1 100000000000000001 0 1
137 800000000 8000000000000000080000000 0 1 80000000 1f 1 100000000000000001 0 1
137 800000001 100000000000000001 2 1 1 0 0 100000000000000001 0 1
137 800000001 100000000000000001 2 1 2 0 0 100000000000000001 0 1
137 800000001 100000000000000001 2 1 8000 0 0 100000000000000001 0 1
137 800000001 100000000000000001 2 1 80000000 0 0 100000000000000001 0 1
137 800000001 100000000000000001 0 1 1 0 1 100000000000000001 0 1
137 800000001 200000000000000002 0 1 2 1 1 100000000000000001 0 1
137 800000001 800000000000000008000 0 1 8000 f 1 100000000000000001 0 1
137 800000001 8000000000000000080000000 0 1 80000000 1f 1 100000000000000001 0 1
137 0 100000000000000000 2 1 1 0 0 100000000000000000 0 1
137 0 100000000000000000 2 1 2 0 0 100000000000000000 0 1
137 0 100000000000000000 2 1 8000 0 0 100000000000000000 0 1
137 0 100000000000000000 2 1 80000000 0 0 100000000000000000 0 1
137 0 100000000000000000 0 1 1 0 1 100000000000000000 0 1
137 0 200000000000000000 0 1 2 1 1 100000000000000000 0 1
137 0 800000000000000000000 0 1 8000 f 1 100000000000000000 0 1
137 0 8000000000000000000000000 0 1 80000000 1f 1 100000000000000000 0 1
137 100000000000000000 100000000000000000 2 1 1 0 0 100000000000000000 0 0
137 100000000000000000 100000000000000000 2 1 2 0 0 100000000000000000 0 0
137 100000000000000000 100000000000000000 2 1 8000 0 0 100000000000000000 0 0
137 100000000000000000 100000000000000000 2 1 80000000 0 0 100000000000000000 0 0
137 100000000000000000 100000000000000000 0 1 1 0 1 100000000000000000 0 0
137 100000000000000000 200000000000000000 0 1 2 1 1 100000000000000000 0 0
137 100000000000000000 800000000000000000000 0 1 8000 f 1 100000000000000000 0 0
137 100000000000000000 8000000000000000000000000 0 1 80000000 1f 1 100000000000000000 0 0
137 100000000000000001 100000000000000000 2 1 1 0 0 100000000000000000 0 0
137 100000000000000001 100000000000000000 2 1 2 0 0 100000000000000000 0 0
137 100000000000000001 100000000000000000 2 1 8000 0 0 100000000000000000 0 0
137 100000000000000001 100000000000000000 2 1 80000000 0 0 100000000000000000 0 0
137 100000000000000001 100000000000000000 0 1 1 0 1 100000000000000000 0 0
137 100000000000000001 200000000000000000 0 1 2 1 1 100000000000000000 0 0
137 100000000000000001 800000000000000000000 0 1 8000 f 1 100000000000000000 0 0
137 100000000000000001 8000000000000000000000000 0 1 80000000 1f 1 100000000000000000 0 0
137 0 100000000000000001 2 1 1 0 0 100000000000000001 0 1
137 0 100000000000000001 2 1 2 0 0 100000000000000001 0 1
137 0 100000000000000001 2 1 8000 0 0 100000000000000001 0 1
137 0 100000000000000001 2 1 80000000 0 0 100000000000000001 0 1
137 0 100000000000000001 0 1 1 0 1 100000000000000001 0 1
137 0 200000000000000002 0 1 2 1 1 100000000000000001 0 1
137 0 800000000000000008000 0 1 8000 f 1 100000000000000001 0 1
137 0 8000000000000000080000000 0 1 80000000 1f 1 100000000000000001 0 1
137 100000000000000000 100000000000000001 2 1 1 0 0 100000000000000001 0 1
137 100000000000000000 100000000000000001 2 1 2 0 0 100000000000000001 0 1
137 100000000000000000 100000000000000001 2 1 8000 0 0 100000000000000001 0 1
137 100000000000000000 100000000000000001 2 1 80000000 0 0 100000000000000001 0 1
137 100000000000000000 100000000000000001 0 1 1 0 1 100000000000000001 0 1
137 100000000000000000 200000000000000002 0 1 2 1 1 100000000000000001 0 1
137 100000000000000000 800000000000000008000 0 1 8000 f 1 100000000000000001 0 1
137 100000000000000000 8000000000000000080000000 0 1 80000000 1f 1 100000000000000001 0 1
137 100000000000000001 100000000000000001 2 1 1 0 0 100000000000000001 0 0
137 100000000000000001 100000000000000001 2 1 2 0 0 100000000000000001 0 0
137 100000000000000001 100000000000000001 2 1 8000 0 0 100000000000000001 0 0
137 100000000000000001 100000000000000001 2 1 80000000 0 0 100000000000000001 0 0
137 100000000000000001 100000000000000001 0 1 1 0 1 100000000000000001 0 0
137 100000000000000001 200000000000000002 0 1 2 1 1 100000000000000001 0 0
137 100000000000000001 800000000000000008000 0 1 8000 f 1 100000000000000001 0 0
137 100000000000000001 8000000000000000080000000 0 1 80000000 1f 1 100000000000000001 0 0
137 0 100000000000000000 2 1 1 0 0 100000000000000000 0 1
137 0 100000000000000000 2 1 2 0 0 100000000000000000 0 1
137 0 100000000000000000 2 1 8000 0 0 100000000000000000 0 1
137 0 100000000000000000 2 1 80000000 0 0 100000000000000000 0 1
137 0 100000000000000000 0 1 1 0 1 100000000000000000 0 1
137 0 200000000000000000 0 1 2 1 1 100000000000000000 0 1
137 0 800000000000000000000 0 1 8000 f 1 100000000000000000 0 1
137 0 8000000000000000000000000 0 1 80000000 1f 1 100000000000000000 0 1
137 8000000000000000000000000 100000000000000000 2 1 1 0 0 8000000000000000000000000 1f 0
137 8000000000000000000000000 100000000000000000 2 1 2 0 0 8000000000000000000000000 1f 0
137 8000000000000000000000000 100000000000000000 2 1 8000 0 0 8000000000000000000000000 1f 0
137 8000000000000000000000000 100000000000000000 2 1 80000000 0 0 8000000000000000000000000 1f 0
137 8000000000000000000000000 100000000000000000 0 1 1 0 1 8000000000000000000000000 1f 0
137 8000000000000000000000000 200000000000000000 0 1 2 1 1 8000000000000000000000000 1f 0
137 8000000000000000000000000 800000000000000000000 0 1 8000 f 1 8000000000000000000000000 1f 0
137 8000000000000000000000000 8000000000000000000000000 0 1 80000000 1f 1 8000000000000000000000000 1f 0
137 8000000000000000000000001 100000000000000000 2 1 1 0 0 8000000000000000000000000 1f 0
137 8000000000000000000000001 100000000000000000 2 1 2 0 0 8000000000000000000000000 1f 0
137 8000000000000000000000001 100000000000000000 2 1 8000 0 0 8000000000000000000000000 1f 0
137 8000000000000000000000001 100000000000000000 2 1 80000000 0 0 8000000000000000000000000 1f 0
137 8000000000000000000000001 100000000000000000 0 1 1 0 1 8000000000000000000000000 1f 0
137 8000000000000000000000001 200000000000000000 0 1 2 1 1 8000000000000000000000000 1f 0
137 8000000000000000000000001 800000000000000000000 0 1 8000 f 1 8000000000000000000000000 1f 0
137 8000000000000000000000001 8000000000000000000000000 0 1 80000000 1f 1 8000000000000000000000000 1f 0
137 0 100000000000000001 2 1 1 0 0 100000000000000001 0 1
137 0 100000000000000001 2 1 2 0 0 100000000000000001 0 1
137 0 100000000000000001 2 1 8000 0 0 100000000000000001 0 1
137 0 100000000000000001 2 1 80000000 0 0 100000000000000001 0 1
137 0 100000000000000001 0 1 1 0 1 100000000000000001 0 1
137 0 200000000000000002 0 1 2 1 1 100000000000000001 0 1
137 0 800000000000000008000 0 1 8000 f 1 100000000000000001 0 1
137 0 8000000000000000080000000 0 1 80000000 1f 1 100000000000000001 0 1
137 8000000000000000000000000 100000000000000001 2 1 1 0 0 4000000000000000040000000 1e 0
137 8000000000000000000000000 100000000000000001 2 1 2 0 0 4000000000000000040000000 1e 0
137 8000000000000000000000000 100000000000000001 2 1 8000 0 0 4000000000000000040000000 1e 0
137 8000000000000000000000000 100000000000000001 2 1 80000000 0 0 4000000000000000040000000 1e 0
137 8000000000000000000000000 100000000000000001 0 1 1 0 1 4000000000000000040000000 1e 0
137 8000000000000000000000000 200000000000000002 0 1 2 1 1 4000000000000000040000000 1e 0
137 8000000000000000000000000 800000000000000008000 0 1 8000 f 1 4000000000000000040000000 1e 0
137 8000000000000000000000000 8000000000000000080000000 0 1 80000000 1f 1 4000000000000000040000000 1e 0
137 8000000000000000000000001 100000000000000001 2 1 1 0 0 4000000000000000040000000 1e 0
137 8000000000000000000000001 100000000000000001 2 1 2 0 0 4000000000000000040000000 1e 0
137 8000000000000000000000001 100000000000000001 2 1 8000 0 0 4000000000000000040000000 1e 0
137 8000000000000000000000001 100000000000000001 2 1 80000000 0 0 4000000000000000040000000 1e 0
137 8000000000000000000000001 100000000000000001 0 1 1 0 1 4000000000000000040000000 1e 0
137 8000000000000000000000001 200000000000000002 0 1 2 1 1 4000000000000000040000000 1e 0
137 8000000000000000000000001 800000000000000008000 0 1 8000 f 1 4000000000000000040000000 1e 0
137 8000000000000000000000001 8000000000000000080000000 0 1 80000000 1f 1 4000000000000000040000000 1e 0
137 0 80000000000000000000000000 2 1 1 0 0 80000000000000000000000000 0 1
137 0 80000000000000000000000000 2 1 2 0 0 80000000000000000000000000 0 1
137 0 80000000000000000000000000 2 1 8000 0 0 80000000000000000000000000 0 1
137 0 80000000000000000000000000 2 1 80000000 0 0 80000000000000000000000000 0 1
137 0 80000000000000000000000000 0 1 1 0 1 80000000000000000000000000 0 1
137 0 100000000000000000000000000 0 1 2 1 1 80000000000000000000000000 0 1
137 0 400000000000000000000000000000 0 1 8000 f 1 80000000000000000000000000 0 1
137 0 4000000000000000000000000000000000 0 1 80000000 1f 1 80000000000000000000000000 0 1
137 1 80000000000000000000000000 2 1 1 0 0 80000000000000000000000000 0 1
137 1 80000000000000000000000000 2 1 2 0 0 80000000000000000000000000 0 1
137 1 80000000000000000000000000 2 1 8000 0 0 80000000000000000000000000 0 1
137 1 80000000000000000000000000 2 1 80000000 0 0 80000000000000000000000000 0 1
137 1 80000000000000000000000000 0 1 1 0 1 80000000000000000000000000 0 1
137 1 100000000000000000000000000 0 1 2 1 1 80000000000000000000000000 0 1
137 1 400000000000000000000000000000 0 1 8000 f 1 80000000000000000000000000 0 1
137 1 4000000000000000000000000000000000 0 1 80000000 1f 1 80000000000000000000000000 0 1
137 2 80000000000000000000000000 2 1 1 0 0 80000000000000000000000000 0 1
137 2 80000000000000000000000000 2 1 2 0 0 80000000000000000000000000 0 1
137 2 80000000000000000000000000 2 1 8000 0 0 80000000000000000000000000 0 1
137 2 80000000000000000000000000 2 1 80000000 0 0 80000000000000000000000000 0 1
137 2 80000000000000000000000000 0 1 1 0 1 80000000000000000000000000 0 1
137 2 100000000000000000000000000 0 1 2 1 1 80000000000000000000000000 0 1
137 2 400000000000000000000000000000 0 1 8000 f 1 80000000000000000000000000 0 1
137 2 4000000000000000000000000000000000 0 1 80000000 1f 1 80000000000000000000000000 0 1
137 0 80000000000000000000000001 2 1 1 0 0 80000000000000000000000001 0 1
137 0 80000000000000000000000001 2 1 2 0 0 80000000000000000000000001 0 1
137 0 80000000000000000000000001 2 1 8000 0 0 80000000000000000000000001 0 1
137 0 80000000000000000000000001 2 1 80000000 0 0 80000000000000000000000001 0 1
137 0 80000000000000000000000001 0 1 1 0 1 80000000000000000000000001 0 1
137 0 100000000000000000000000002 0 1 2 1 1 80000000000000000000000001 0 1
137 0 400000000000000000000000008000 0 1 8000 f 1 80000000000000000000000001 0 1
137 0 4000000000000000000000000080000000 0 1 80000000 1f 1 80000000000000000000000001 0 1
137 1 80000000000000000000000001 2 1 1 0 0 80000000000000000000000001 0 1
137 1 80000000000000000000000001 2 1 2 0 0 80000000000000000000000001 0 1
137 1 80000000000000000000000001 2 1 8000 0 0 80000000000000000000000001 0 1
137 1 80000000000000000000000001 2 1 80000000 0 0 80000000000000000000000001 0 1
137 1 80000000000000000000000001 0 1 1 0 1 80000000000000000000000001 0 1
137 1 100000000000000000000000002 0 1 2 1 1 80000000000000000000000001 0 1
137 1 400000000000000000000000008000 0 1 8000 f 1 80000000000000000000000001 0 1
137 1 4000000000000000000000000080000000 0 1 80000000 1f 1 80000000000000000000000001 0 1
137 2 80000000000000000000000001 2 1 1 0 0 80000000000000000000000001 0 1
137 2 80000000000000000000000001 2 1 2 0 0 80000000000000000000000001 0 1
137 2 80000000000000000000000001 2 1 8000 0 0 80000000000000000000000001 0 1
137 2 80000000000000000000000001 2 1 80000000 0 0 80000000000000000000000001 0 1
137 2 80000000000000000000000001 0 1 1 0 1 80000000000000000000000001 0 1
137 2 100000000000000000000000002 0 1 2 1 1 80000000000000000000000001 0 1
137 2 400000000000000000000000008000 0 1 8000 f 1 80000000000000000000000001 0 1
137 2 4000000000000000000000000080000000 0 1 80000000 1f 1 80000000000000000000000001 0 1
137 0 80000000000000000000000000 2 1 1 0 0 80000000000000000000000000 0 1
137 0 80000000000000000000000000 2 1 2 0 0 80000000000000000000000000 0 1
137 0 80000000000000000000000000 2 1 8000 0 0 80000000000000000000000000 0 1
137 0 80000000000000000000000000 2 1 80000000 0 0 80000000000000000000000000 0 1
137 0 80000000000000000000000000 0 1 1 0 1 80000000000000000000000000 0 1
137 0 100000000000000000000000000 0 1 2 1 1 80000000000000000000000000 0 1
137 0 400000000000000000000000000000 0 1 8000 f 1 80000000000000000000000000 0 1
137 0 4000000000000000000000000000000000 0 1 80000000 1f 1 80000000000000000000000000 0 1
137 400000000000000000 80000000000000000000000000 2 1 1 0 0 80000000000000000000000000 0 1
137 400000000000000000 80000000000000000000000000 2 1 2 0 0 80000000000000000000000000 0 1
137 400000000000000000 80000000000000000000000000 2 1 8000 0 0 80000000000000000000000000 0 1
137 400000000000000000 80000000000000000000000000 2 1 80000000 0 0 80000000000000000000000000 0 1
137 400000000000000000 80000000000000000000000000 0 1 1 0 1 80000000000000000000000000 0 1
137 400000000000000000 100000000000000000000000000 0 1 2 1 1 80000000000000000000000000 0 1
137 400000000000000000 400000000000000000000000000000 0 1 8000 f 1 80000000000000000000000000 0 1
137 400000000000000000 4000000000000000000000000000000000 0 1 80000000 1f 1 80000000000000000000000000 0 1
137 400000000000000001 80000000000000000000000000 2 1 1 0 0 80000000000000000000000000 0 1
137 400000000000000001 80000000000000000000000000 2 1 2 0 0 80000000000000000000000000 0 1
137 400000000000000001 80000000000000000000000000 2 1 8000 0 0 80000000000000000000000000 0 1
137 400000000000000001 80000000000000000000000000 2 1 80000000 0 0 80000000000000000000000000 0 1
137 400000000000000001 80000000000000000000000000 0 1 1 0 1 80000000000000000000000000 0 1
137 400000000000000001 100000000000000000000000000 0 1 2 1 1 80000000000000000000000000 0 1
137 400000000000000001 400000000000000000000000000000 0 1 8000 f 1 80000000000000000000000000 0 1
137 400000000000000001 4000000000000000000000000000000000 0 1 80000000 1f 1 80000000000000000000000000 0 1
137 0 80000000000000000000000001 2 1 1 0 0 80000000000000000000000001 0 1
137 0 80000000000000000000000001 2 1 2 0 0 80000000000000000000000001 0 1
137 0 80000000000000000000000001 2 1 8000 0 0 80000000000000000000000001 0 1
137 0 80000000000000000000000001 2 1 80000000 0 0 80000000000000000000000001 0 1
137 0 80000000000000000000000001 0 1 1 0 1 80000000000000000000000001 0 1
137 0 100000000000000000000000002 0 1 2 1 1 80000000000000000000000001 0 1
137 0 400000000000000000000000008000 0 1 8000 f 1 80000000000000000000000001 0 1
137 0 4000000000000000000000000080000000 0 1 80000000 1f 1 80000000000000000000000001 0 1
137 400000000000000000 80000000000000000000000001 2 1 1 0 0 80000000000000000000000001 0 1
137 400000000000000000 80000000000000000000000001 2 1 2 0 0 80000000000000000000000001 0 1
137 400000000000000000 80000000000000000000000001 2 1 8000 0 0 80000000000000000000000001 0 1
137 400000000000000000 80000000000000000000000001 2 1 80000000 0 0 80000000000000000000000001 0 1
137 400000000000000000 80000000000000000000000001 0 1 1 0 1 80000000000000000000000001 0 1
137 400000000000000000 100000000000000000000000002 0 1 2 1 1 80000000000000000000000001 0 1
137 400000000000000000 400000000000000000000000008000 0 1 8000 f 1 80000000000000000000000001 0 1
137 400000000000000000 4000000000000000000000000080000000 0 1 80000000 1f 1 80000000000000000000000001 0 1
137 400000000000000001 80000000000000000000000001 2 1 1 0 0 80000000000000000000000001 0 1
137 400000000000000001 80000000000000000000000001 2 1 2 0 0 80000000000000000000000001 0 1
137 400000000000000001 80000000000000000000000001 2 1 8000 0 0 80000000000000000000000001 0 1
137 400000000000000001 80000000000000000000000001 2 1 80000000 0 0 80000000000000000000000001 0 1
137 400000000000000001 80000000000000000000000001 0 1 1 0 1 80000000000000000000000001 0 1
137 400000000000000001 100000000000000000000000002 0 1 2 1 1 80000000000000000000000001 0 1
137 400000000000000001 400000000000000000000000008000 0 1 8000 f 1 80000000000000000000000001 0 1
137 400000000000000001 4000000000000000000000000080000000 0 1 80000000 1f 1 80000000000000000000000001 0 1
137 0 80000000000000000000000000 2 1 1 0 0 80000000000000000000000000 0 1
137 0 80000000000000000000000000 2 1 2 0 0 80000000000000000000000000 0 1
137 0 80000000000000000000000000 2 1 8000 0 0 80000000000000000000000000 0 1
137 0 80000000000000000000000000 2 1 80000000 0 0 80000000000000000000000000 0 1
137 0 80000000000000000000000000 0 1 1 0 1 80000000000000000000000000 0 1
137 0 100000000000000000000000000 0 1 2 1 1 80000000000000000000000000 0 1
137 0 400000000000000000000000000000 0 1 8000 f 1 80000000000000000000000000 0 1
137 0 4000000000000000000000000000000000 0 1 80000000 1f 1 80000000000000000000000000 0 1
137 80000000000000000000000000 80000000000000000000000000 2 1 1 0 0 80000000000000000000000000 0 0
137 80000000000000000000000000 80000000000000000000000000 2 1 2 0 0 80000000000000000000000000 0 0
137 80000000000000000000000000 80000000000000000000000000 2 1 8000 0 0 80000000000000000000000000 0 0
137 80000000000000000000000000 80000000000000000000000000 2 1 80000000 0 0 80000000000000000000000000 0 0
137 80000000000000000000000000 80000000000000000000000000 0 1 1 0 1 80000000000000000000000000 0 0
137 80000000000000000000000000 100000000000000000000000000 0 1 2 1 1 80000000000000000000000000 0 0
137 80000000000000000000000000 400000000000000000000000000000 0 1 8000 f 1 80000000000000000000000000 0 0
137 80000000000000000000000000 4000000000000000000000000000000000 0 1 80000000 1f 1 80000000000000000000000000 0 0
137 80000000000000000000000001 80000000000000000000000000 2 1 1 0 0 80000000000000000000000000 0 0
137 80000000000000000000000001 80000000000000000000000000 2 1 2 0 0 80000000000000000000000000 0 0
137 80000000000000000000000001 80000000000000000000000000 2 1 8000 0 0 80000000000000000000000000 0 0
137 80000000000000000000000001 80000000000000000000000000 2 1 80000000 0 0 80000000000000000000000000 0 0
137 80000000000000000000000001 80000000000000000000000000 0 1 1 0 1 80000000000000000000000000 0 0
137 80000000000000000000000001 100000000000000000000000000 0 1 2 1 1 80000000000000000000000000 0 0
137 80000000000000000000000001 400000000000000000000000000000 0 1 8000 f 1 80000000000000000000000000 0 0
137 80000000000000000000000001 4000000000000000000000000000000000 0 1 80000000 1f 1 80000000000000000000000000 0 0
137 0 80000000000000000000000001 2 1 1 0 0 80000000000000000000000001 0 1
137 0 80000000000000000000000001 2 1 2 0 0 80000000000000000000000001 0 1
137 0 80000000000000000000000001 2 1 8000 0 0 80000000000000000000000001 0 1
137 0 80000000000000000000000001 2 1 80000000 0 0 80000000000000000000000001 0 1
137 0 80000000000000000000000001 0 1 1 0 1 80000000000000000000000001 0 1
137 0 100000000000000000000000002 0 1 2 1 1 80000000000000000000000001 0 1
137 0 400000000000000000000000008000 0 1 8000 f 1 80000000000000000000000001 0 1
137 0 4000000000000000000000000080000000 0 1 80000000 1f 1 80000000000000000000000001 0 1
137 80000000000000000000000000 80000000000000000000000001 2 1 1 0 0 80000000000000000000000001 0 1
137 80000000000000000000000000 80000000000000000000000001 2 1 2 0 0 80000000000000000000000001 0 1
137 80000000000000000000000000 80000000000000000000000001 2 1 8000 0 0 80000000000000000000000001 0 1
137 80000000000000000000000000 80000000000000000000000001 2 1 80000000 0 0 80000000000000000000000001 0 1
137 80000000000000000000000000 80000000000000000000000001 0 1 1 0 1 80000000000000000000000001 0 1
137 80000000000000000000000000 100000000000000000000000002 0 1 2 1 1 80000000000000000000000001 0 1
137 80000000000000000000000000 400000000000000000000000008000 0 1 8000 f 1 80000000000000000000000001 0 1
137 80000000000000000000000000 4000000000000000000000000080000000 0 1 80000000 1f 1 80000000000000000000000001 0 1
137 80000000000000000000000001 80000000000000000000000001 2 1 1 0 0 80000000000000000000000001 0 0
137 80000000000000000000000001 80000000000000000000000001 2 1 2 0 0 80000000000000000000000001 0 0
137 80000000000000000000000001 80000000000000000000000001 2 1 8000 0 0 80000000000000000000000001 0 0
137 80000000000000000000000001 80000000000000000000000001 2 1 80000000 0 0 80000000000000000000000001 0 0
137 80000000000000000000000001 80000000000000000000000001 0 1 1 0 1 80000000000000000000000001 0 0
137 80000000000000000000000001 100000000000000000000000002 0 1 2 1 1 80000000000000000000000001 0 0
137 80000000000000000000000001 400000000000000000000000008000 0 1 8000 f 1 80000000000000000000000001 0 0
137 80000000000000000000000001 4000000000000000000000000080000000 0 1 80000000 1f 1 80000000000000000000000001 0 0
137 0 80000000000000000000000000 2 1 1 0 0 80000000000000000000000000 0 1
137 0 80000000000000000000000000 2 1 2 0 0 80000000000000000000000000 0 1
137 0 80000000000000000000000000 2 1 8000 0 0 80000000000000000000000000 0 1
137 0 80000000000000000000000000 2 1 80000000 0 0 80000000000000000000000000 0 1
137 0 80000000000000000000000000 0 1 1 0 1 80000000000000000000000000 0 1
137 0 100000000000000000000000000 0 1 2 1 1 80000000000000000000000000 0 1
137 0 400000000000000000000000000000 0 1 8000 f 1 80000000000000000000000000 0 1
137 0 4000000000000000000000000000000000 0 1 80000000 1f 1 80000000000000000000000000 0 1
137 4000000000000000000000000000000000 80000000000000000000000000 2 1 1 0 0 4000000000000000000000000000000000 1f 0
137 4000000000000000000000000000000000 80000000000000000000000000 2 1 2 0 0 4000000000000000000000000000000000 1f 0
137 4000000000000000000000000000000000 80000000000000000000000000 2 1 8000 0 0 4000000000000000000000000000000000 1f 0
137 4000000000000000000000000000000000 80000000000000000000000000 2 1 80000000 0 0 4000000000000000000000000000000000 1f 0
137 4000000000000000000000000000000000 80000000000000000000000000 0 1 1 0 1 4000000000000000000000000000000000 1f 0
137 4000000000000000000000000000000000 100000000000000000000000000 0 1 2 1 1 4000000000000000000000000000000000 1f 0
137 4000000000000000000000000000000000 400000000000000000000000000000 0 1 8000 f 1 4000000000000000000000000000000000 1f 0
137 4000000000000000000000000000000000 4000000000000000000000000000000000 0 1 80000000 1f 1 4000000000000000000000000000000000 1f 0
137 4000000000000000000000000000000001 80000000000000000000000000 2 1 1 0 0 4000000000000000000000000000000000 1f 0
137 4000000000000000000000000000000001 80000000000000000000000000 2 1 2 0 0 4000000000000000000000000000000000 1f 0
137 4000000000000000000000000000000001 80000000000000000000000000 2 1 8000 0 0 4000000000000000000000000000000000 1f 0
137 4000000000000000000000000000000001 80000000000000000000000000 2 1 80000000 0 0 4000000000000000000000000000000000 1f 0
137 4000000000000000000000000000000001 80000000000000000000000000 0 1 1 0 1 4000000000000000000000000000000000 1f 0
137 4000000000000000000000000000000001 100000000000000000000000000 0 1 2 1 1 4000000000000000000000000000000000 1f 0
137 4000000000000000000000000000000001 400000000000000000000000000000 0 1 8000 f 1 4000000000000000000000000000000000 1f 0
137 4000000000000000000000000000000001 4000000000000000000000000000000000 0 1 80000000 1f 1 4000000000000000000000000000000000 1f 0
137 0 80000000000000000000000001 2 1 1 0 0 80000000000000000000000001 0 1
137 0 80000000000000000000000001 2 1 2 0 0 80000000000000000000000001 0 1
137 0 80000000000000000000000001 2 1 8000 0 0 80000000000000000000000001 0 1
137 0 80000000000000000000000001 2 1 80000000 0 0 80000000000000000000000001 0 1
137 0 80000000000000000000000001 0 1 1 0 1 80000000000000000000000001 0 1
137 0 100000000000000000000000002 0 1 2 1 1 80000000000000000000000001 0 1
137 0 400000000000000000000000008000 0 1 8000 f 1 80000000000000000000000001 0 1
137 0 4000000000000000000000000080000000 0 1 80000000 1f 1 80000000000000000000000001 0 1
137 4000000000000000000000000000000000 80000000000000000000000001 2 1 1 0 0 2000000000000000000000000040000000 1e 0
137 4000000000000000000000000000000000 80000000000000000000000001 2 1 2 0 0 2000000000000000000000000040000000 1e 0
137 4000000000000000000000000000000000 80000000000000000000000001 2 1 8000 0 0 2000000000000000000000000040000000 1e 0
137 4000000000000000000000000000000000 80000000000000000000000001 2 1 80000000 0 0 2000000000000000000000000040000000 1e 0
137 4000000000000000000000000000000000 80000000000000000000000001 0 1 1 0 1 2000000000000000000000000040000000 1e 0
137 4000000000000000000000000000000000 100000000000000000000000002 0 1 2 1 1 2000000000000000000000000040000000 1e 0
137 4000000000000000000000000000000000 400000000000000000000000008000 0 1 8000 f 1 2000000000000000000000000040000000 1e 0
137 4000000000000000000000000000000000 4000000000000000000000000080000000 0 1 80000000 1f 1 2000000000000000000000000040000000 1e 0
137 4000000000000000000000000000000001 80000000000000000000000001 2 1 1 0 0 2000000000000000000000000040000000 1e 0
137 4000000000000000000000000000000001 80000000000000000000000001 2 1 2 0 0 2000000000000000000000000040000000 1e 0
137 4000000000000000000000000000000001 80000000000000000000000001 2 1 8000 0 0 2000000000000000000000000040000000 1e 0
137 4000000000000000000000000000000001 80000000000000000000000001 2 1 80000000 0 0 2000000000000000000000000040000000 1e 0
137 4000000000000000000000000000000001 80000000000000000000000001 0 1 1 0 1 2000000000000000000000000040000000 1e 0
137 4000000000000000000000000000000001 100000000000000000000000002 0 1 2 1 1 2000000000000000000000000040000000 1e 0
137 4000000000000000000000000000000001 400000000000000000000000008000 0 1 8000 f 1 2000000000000000000000000040000000 1e 0
137 4000000000000000000000000000000001 4000000000000000000000000080000000 0 1 80000000 1f 1 2000000000000000000000000040000000 1e 0
137 0 80000000000000000000000000000000 2 1 1 0 0 80000000000000000000000000000000 0 1
137 0 80000000000000000000000000000000 2 1 2 0 0 80000000000000000000000000000000 0 1
137 0 80000000000000000000000000000000 2 1 8000 0 0 80000000000000000000000000000000 0 1
137 0 80000000000000000000000000000000 2 1 80000000 0 0 80000000000000000000000000000000 0 1
137 0 80000000000000000000000000000000 0 1 1 0 1 80000000000000000000000000000000 0 1
137 0 100000000000000000000000000000000 0 1 2 1 1 80000000000000000000000000000000 0 1
137 1 80000000000000000000000000000000 2 1 1 0 0 80000000000000000000000000000000 0 1
137 1 80000000000000000000000000000000 2 1 2 0 0 80000000000000000000000000000000 0 1
137 1 80000000000000000000000000000000 2 1 8000 0 0 80000000000000000000000000000000 0 1
137 1 80000000000000000000000000000000 2 1 80000000 0 0 80000000000000000000000000000000 0 1
137 1 80000000000000000000000000000000 0 1 1 0 1 80000000000000000000000000000000 0 1
137 1 100000000000000000000000000000000 0 1 2 1 1 80000000000000000000000000000000 0 1
137 2 80000000000000000000000000000000 2 1 1 0 0 80000000000000000000000000000000 0 1
137 2 80000000000000000000000000000000 2 1 2 0 0 80000000000000000000000000000000 0 1
137 2 80000000000000000000000000000000 2 1 8000 0 0 80000000000000000000000000000000 0 1
137 2 80000000000000000000000000000000 2 1 80000000 0 0 80000000000000000000000000000000 0 1
137 2 80000000000000000000000000000000 0 1 1 0 1 80000000000000000000000000000000 0 1
137 2 100000000000000000000000000000000 0 1 2 1 1 80000000000000000000000000000000 0 1
137 0 80000000000000000000000000000001 2 1 1 0 0 80000000000000000000000000000001 0 1
137 0 80000000000000000000000000000001 2 1 2 0 0 80000000000000000000000000000001 0 1
137 0 80000000000000000000000000000001 2 1 8000 0 0 80000000000000000000000000000001 0 1
137 0 80000000000000000000000000000001 2 1 80000000 0 0 80000000000000000000000000000001 0 1
137 0 80000000000000000000000000000001 0 1 1 0 1 80000000000000000000000000000001 0 1
137 0 100000000000000000000000000000002 0 1 2 1 1 80000000000000000000000000000001 0 1
137 1 80000000000000000000000000000001 2 1 1 0 0 80000000000000000000000000000001 0 1
137 1 80000000000000000000000000000001 2 1 2 0 0 80000000000000000000000000000001 0 1
137 1 80000000000000000000000000000001 2 1 8000 0 0 80000000000000000000000000000001 0 1
137 1 80000000000000000000000000000001 2 1 80000000 0 0 80000000000000000000000000000001 0 1
137 1 80000000000000000000000000000001 0 1 1 0 1 80000000000000000000000000000001 0 1
137 1 100000000000000000000000000000002 0 1 2 1 1 80000000000000000000000000000001 0 1
137 2 80000000000000000000000000000001 2 1 1 0 0 80000000000000000000000000000001 0 1
137 2 80000000000000000000000000000001 2 1 2 0 0 80000000000000000000000000000001 0 1
137 2 80000000000000000000000000000001 2 1 8000 0 0 80000000000000000000000000000001 0 1
137 2 80000000000000000000000000000001 2 1 80000000 0 0 80000000000000000000000000000001 0 1
137 2 80000000000000000000000000000001 0 1 1 0 1 80000000000000000000000000000001 0 1
137 2 100000000000000000000000000000002 0 1 2 1 1 80000000000000000000000000000001 0 1
137 0 80000000000000000000000000000000 2 1 1 0 0 80000000000000000000000000000000 0 1
137 0 80000000000000000000000000000000 2 1 2 0 0 80000000000000000000000000000000 0 1
137 0 80000000000000000000000000000000 2 1 8000 0 0 80000000000000000000000000000000 0 1
137 0 80000000000000000000000000000000 2 1 80000000 0 0 80000000000000000000000000000000 0 1
137 0 80000000000000000000000000000000 0 1 1 0 1 80000000000000000000000000000000 0 1
137 0 100000000000000000000000000000000 0 1 2 1 1 80000000000000000000000000000000 0 1
137 400000000000000000000000 80000000000000000000000000000000 2 1 1 0 0 80000000000000000000000000000000 0 1
137 400000000000000000000000 80000000000000000000000000000000 2 1 2 0 0 80000000000000000000000000000000 0 1
137 400000000000000000000000 80000000000000000000000000000000 2 1 8000 0 0 80000000000000000000000000000000 0 1
137 400000000000000000000000 80000000000000000000000000000000 2 1 80000000 0 0 80000000000000000000000000000000 0 1
137 400000000000000000000000 80000000000000000000000000000000 0 1 1 0 1 80000000000000000000000000000000 0 1
137 400000000000000000000000 100000000000000000000000000000000 0 1 2 1 1 80000000000000000000000000000000 0 1
137 400000000000000000000001 80000000000000000000000000000000 2 1 1 0 0 80000000000000000000000000000000 0 1
137 400000000000000000000001 80000000000000000000000000000000 2 1 2 0 0 80000000000000000000000000000000 0 1
137 400000000000000000000001 80000000000000000000000000000000 2 1 8000 0 0 80000000000000000000000000000000 0 1
137 400000000000000000000001 80000000000000000000000000000000 2 1 80000000 0 0 80000000000000000000000000000000 0 1
137 400000000000000000000001 80000000000000000000000000000000 0 1 1 0 1 80000000000000000000000000000000 0 1
137 400000000000000000000001 100000000000000000000000000000000 0 1 2 1 1 80000000000000000000000000000000 0 1
137 0 80000000000000000000000000000001 2 1 1 0 0 80000000000000000000000000000001 0 1
137 0 80000000000000000000000000000001 2 1 2 0 0 80000000000000000000000000000001 0 1
137 0 80000000000000000000000000000001 2 1 8000 0 0 80000000000000000000000000000001 0 1
137 0 80000000000000000000000000000001 2 1 80000000 0 0 80000000000000000000000000000001 0 1
137 0 80000000000000000000000000000001 0 1 1 0 1 80000000000000000000000000000001 0 1
137 0 100000000000000000000000000000002 0 1 2 1 1 80000000000000000000000000000001 0 1
137 400000000000000000000000 80000000000000000000000000000001 2 1 1 0 0 80000000000000000000000000000001 0 1
137 400000000000000000000000 80000000000000000000000000000001 2 1 2 0 0 80000000000000000000000000000001 0 1
137 400000000000000000000000 80000000000000000000000000000001 2 1 8000 0 0 80000000000000000000000000000001 0 1
137 400000000000000000000000 80000000000000000000000000000001 2 1 80000000 0 0 80000000000000000000000000000001 0 1
137 400000000000000000000000 80000000000000000000000000000001 0 1 1 0 1 80000000000000000000000000000001 0 1
137 400000000000000000000000 100000000000000000000000000000002 0 1 2 1 1 80000000000000000000000000000001 0 1
137 400000000000000000000001 80000000000000000000000000000001 2 1 1 0 0 80000000000000000000000000000001 0 1
137 400000000000000000000001 80000000000000000000000000000001 2 1 2 0 0 80000000000000000000000000000001 0 1
137 400000000000000000000001 80000000000000000000000000000001 2 1 8000 0 0 80000000000000000000000000000001 0 1
137 400000000000000000000001 80000000000000000000000000000001 2 1 80000000 0 0 80000000000000000000000000000001 0 1
137 400000000000000000000001 80000000000000000000000000000001 0 1 1 0 1 80000000000000000000000000000001 0 1
137 400000000000000000000001 100000000000000000000000000000002 0 1 2 1 1 80000000000000000000000000000001 0 1
137 0 80000000000000000000000000000000 2 1 1 0 0 80000000000000000000000000000000 0 1
137 0 80000000000000000000000000000000 2 1 2 0 0 80000000000000000000000000000000 0 1
137 0 80000000000000000000000000000000 2 1 8000 0 0 80000000000000000000000000000000 0 1
137 0 80000000000000000000000000000000 2 1 80000000 0 0 80000000000000000000000000000000 0 1
137 0 80000000000000000000000000000000 0 1 1 0 1 80000000000000000000000000000000 0 1
137 0 100000000000000000000000000000000 0 1 2 1 1 80000000000000000000000000000000 0 1
137 80000000000000000000000000000000 80000000000000000000000000000000 2 1 1 0 0 80000000000000000000000000000000 0 0
137 80000000000000000000000000000000 80000000000000000000000000000000 2 1 2 0 0 80000000000000000000000000000000 0 0
137 80000000000000000000000000000000 80000000000000000000000000000000 2 1 8000 0 0 80000000000000000000000000000000 0 0
137 80000000000000000000000000000000 80000000000000000000000000000000 2 1 80000000 0 0 80000000000000000000000000000000 0 0
137 80000000000000000000000000000000 80000000000000000000000000000000 0 1 1 0 1 80000000000000000000000000000000 0 0
137 80000000000000000000000000000000 100000000000000000000000000000000 0 1 2 1 1 80000000000000000000000000000000 0 0
137 80000000000000000000000000000001 80000000000000000000000000000000 2 1 1 0 0 80000000000000000000000000000000 0 0
137 80000000000000000000000000000001 80000000000000000000000000000000 2 1 2 0 0 80000000000000000000000000000000 0 0
137 80000000000000000000000000000001 80000000000000000000000000000000 2 1 8000 0 0 80000000000000000000000000000000 0 0
137 80000000000000000000000000000001 80000000000000000000000000000000 2 1 80000000 0 0 80000000000000000000000000000000 0 0
137 80000000000000000000000000000001 80000000000000000000000000000000 0 1 1 0 1 80000000000000000000000000000000 0 0
137 80000000000000000000000000000001 100000000000000000000000000000000 0 1 2 1 1 80000000000000000000000000000000 0 0
137 0 80000000000000000000000000000001 2 1 1 0 0 80000000000000000000000000000001 0 1
137 0 80000000000000000000000000000001 2 1 2 0 0 80000000000000000000000000000001 0 1
137 0 80000000000000000000000000000001 2 1 8000 0 0 80000000000000000000000000000001 0 1
137 0 80000000000000000000000000000001 2 1 80000000 0 0 80000000000000000000000000000001 0 1
137 0 80000000000000000000000000000001 0 1 1 0 1 80000000000000000000000000000001 0 1
137 0 100000000000000000000000000000002 0 1 2 1 1 80000000000000000000000000000001 0 1
137 80000000000000000000000000000000 80000000000000000000000000000001 2 1 1 0 0 80000000000000000000000000000001 0 1
137 80000000000000000000000000000000 80000000000000000000000000000001 2 1 2 0 0 80000000000000000000000000000001 0 1
137 80000000000000000000000000000000 80000000000000000000000000000001 2 1 8000 0 0 80000000000000000000000000000001 0 1
137 80000000000000000000000000000000 80000000000000000000000000000001 2 1 80000000 0 0 80000000000000000000000000000001 0 1
137 80000000000000000000000000000000 80000000000000000000000000000001 0 1 1 0 1 80000000000000000000000000000001 0 1
137 80000000000000000000000000000000 100000000000000000000000000000002 0 1 2 1 1 80000000000000000000000000000001 0 1
137 80000000000000000000000000000001 80000000000000000000000000000001 2 1 1 0 0 80000000000000000000000000000001 0 0
137 80000000000000000000000000000001 80000000000000000000000000000001 2 1 2 0 0 80000000000000000000000000000001 0 0
137 80000000000000000000000000000001 80000000000000000000000000000001 2 1 8000 0 0 80000000000000000000000000000001 0 0
137 80000000000000000000000000000001 80000000000000000000000000000001 2 1 80000000 0 0 80000000000000000000000000000001 0 0
137 80000000000000000000000000000001 80000000000000000000000000000001 0 1 1 0 1 80000000000000000000000000000001 0 0
137 80000000000000000000000000000001 100000000000000000000000000000002 0 1 2 1 1 80000000000000000000000000000001 0 0
137 0 80000000000000000000000000000000 2 1 1 0 0 80000000000000000000000000000000 0 1
137 0 80000000000000000000000000000000 2 1 2 0 0 80000000000000000000000000000000 0 1
137 0 80000000000000000000000000000000 2 1 8000 0 0 80000000000000000000000000000000 0 1
137 0 80000000000000000000000000000000 2 1 80000000 0 0 80000000000000000000000000000000 0 1
137 0 80000000000000000000000000000000 0 1 1 0 1 80000000000000000000000000000000 0 1
137 0 100000000000000000000000000000000 0 1 2 1 1 80000000000000000000000000000000 0 1
137 10000000000000000000000000000000000 80000000000000000000000000000000 2 1 1 0 0 10000000000000000000000000000000000 9 0
137 10000000000000000000000000000000000 80000000000000000000000000000000 2 1 2 0 0 10000000000000000000000000000000000 9 0
137 10000000000000000000000000000000000 80000000000000000000000000000000 2 1 8000 0 0 10000000000000000000000000000000000 9 0
137 10000000000000000000000000000000000 80000000000000000000000000000000 2 1 80000000 0 0 10000000000000000000000000000000000 9 0
137 10000000000000000000000000000000000 80000000000000000000000000000000 0 1 1 0 1 10000000000000000000000000000000000 9 0
137 10000000000000000000000000000000000 100000000000000000000000000000000 0 1 2 1 1 10000000000000000000000000000000000 9 0
137 10000000000000000000000000000000001 80000000000000000000000000000000 2 1 1 0 0 10000000000000000000000000000000000 9 0
137 10000000000000000000000000000000001 80000000000000000000000000000000 2 1 2 0 0 10000000000000000000000000000000000 9 0
137 10000000000000000000000000000000001 80000000000000000000000000000000 2 1 8000 0 0 10000000000000000000000000000000000 9 0
137 10000000000000000000000000000000001 80000000000000000000000000000000 2 1 80000000 0 0 10000000000000000000000000000000000 9 0
137 10000000000000000000000000000000001 80000000000000000000000000000000 0 1 1 0 1 10000000000000000000000000000000000 9 0
137 10000000000000000000000000000000001 100000000000000000000000000000000 0 1 2 1 1 10000000000000000000000000000000000 9 0
137 0 80000000000000000000000000000001 2 1 1 0 0 80000000000000000000000000000001 0 1
137 0 80000000000000000000000000000001 2 1 2 0 0 80000000000000000000000000000001 0 1
137 0 80000000000000000000000000000001 2 1 8000 0 0 80000000000000000000000000000001 0 1
137 0 80000000000000000000000000000001 2 1 80000000 0 0 80000000000000000000000000000001 0 1
137 0 80000000000000000000000000000001 0 1 1 0 1 80000000000000000000000000000001 0 1
137 0 100000000000000000000000000000002 0 1 2 1 1 80000000000000000000000000000001 0 1
137 10000000000000000000000000000000000 80000000000000000000000000000001 2 1 1 0 0 8000000000000000000000000000000100 8 0
137 10000000000000000000000000000000000 80000000000000000000000000000001 2 1 2 0 0 8000000000000000000000000000000100 8 0
137 10000000000000000000000000000000000 80000000000000000000000000000001 2 1 8000 0 0 8000000000000000000000000000000100 8 0
137 10000000000000000000000000000000000 80000000000000000000000000000001 2 1 80000000 0 0 8000000000000000000000000000000100 8 0
137 10000000000000000000000000000000000 80000000000000000000000000000001 0 1 1 0 1 8000000000000000000000000000000100 8 0
137 10000000000000000000000000000000000 100000000000000000000000000000002 0 1 2 1 1 8000000000000000000000000000000100 8 0
137 10000000000000000000000000000000001 80000000000000000000000000000001 2 1 1 0 0 8000000000000000000000000000000100 8 0
137 10000000000000000000000000000000001 80000000000000000000000000000001 2 1 2 0 0 8000000000000000000000000000000100 8 0
137 10000000000000000000000000000000001 80000000000000000000000000000001 2 1 8000 0 0 8000000000000000000000000000000100 8 0
137 10000000000000000000000000000000001 80000000000000000000000000000001 2 1 80000000 0 0 8000000000000000000000000000000100 8 0
137 10000000000000000000000000000000001 80000000000000000000000000000001 0 1 1 0 1 8000000000000000000000000000000100 8 0
137 10000000000000000000000000000000001 100000000000000000000000000000002 0 1 2 1 1 8000000000000000000000000000000100 8 0
137 0 100000000000000000000000000000000 2 1 1 0 0 100000000000000000000000000000000 0 1
137 0 100000000000000000000000000000000 2 1 2 0 0 100000000000000000000000000000000 0 1
137 0 100000000000000000000000000000000 2 1 8000 0 0 100000000000000000000000000000000 0 1
137 0 100000000000000000000000000000000 2 1 80000000 0 0 100000000000000000000000000000000 0 1
137 0 100000000000000000000000000000000 0 1 1 0 1 100000000000000000000000000000000 0 1
137 0 200000000000000000000000000000000 0 1 2 1 1 100000000000000000000000000000000 0 1
137 1 100000000000000000000000000000000 2 1 1 0 0 100000000000000000000000000000000 0 1
137 1 100000000000000000000000000000000 2 1 2 0 0 100000000000000000000000000000000 0 1
137 1 100000000000000000000000000000000 2 1 8000 0 0 100000000000000000000000000000000 0 1
137 1 100000000000000000000000000000000 2 1 80000000 0 0 100000000000000000000000000000000 0 1
137 1 100000000000000000000000000000000 0 1 1 0 1 100000000000000000000000000000000 0 1
137 1 200000000000000000000000000000000 0 1 2 1 1 100000000000000000000000000000000 0 1
137 2 100000000000000000000000000000000 2 1 1 0 0 100000000000000000000000000000000 0 1
137 2 100000000000000000000000000000000 2 1 2 0 0 100000000000000000000000000000000 0 1
137 2 100000000000000000000000000000000 2 1 8000 0 0 100000000000000000000000000000000 0 1
137 2 100000000000000000000000000000000 2 1 80000000 0 0 100000000000000000000000000000000 0 1
137 2 100000000000000000000000000000000 0 1 1 0 1 100000000000000000000000000000000 0 1
137 2 200000000000000000000000000000000 0 1 2 1 1 100000000000000000000000000000000 0 1
137 0 100000000000000000000000000000001 2 1 1 0 0 100000000000000000000000000000001 0 1
137 0 100000000000000000000000000000001 2 1 2 0 0 100000000000000000000000000000001 0 1
137 0 100000000000000000000000000000001 2 1 8000 0 0 100000000000000000000000000000001 0 1
137 0 100000000000000000000000000000001 2 1 80000000 0 0 100000000000000000000000000000001 0 1
137 0 100000000000000000000000000000001 0 1 1 0 1 100000000000000000000000000000001 0 1
137 0 200000000000000000000000000000002 0 1 2 1 1 100000000000000000000000000000001 0 1
137 1 100000000000000000000000000000001 2 1 1 0 0 100000000000000000000000000000001 0 1
137 1 100000000000000000000000000000001 2 1 2 0 0 100000000000000000000000000000001 0 1
137 1 100000000000000000000000000000001 2 1 8000 0 0 100000000000000000000000000000001 0 1
137 1 100000000000000000000000000000001 2 1 80000000 0 0 100000000000000000000000000000001 0 1
137 1 100000000000000000000000000000001 0 1 1 0 1 100000000000000000000000000000001 0 1
137 1 200000000000000000000000000000002 0 1 2 1 1 100000000000000000000000000000001 0 1
137 2 100000000000000000000000000000001 2 1 1 0 0 100000000000000000000000000000001 0 1
137 2 100000000000000000000000000000001 2 1 2 0 0 100000000000000000000000000000001 0 1
137 2 100000000000000000000000000000001 2 1 8000 0 0 100000000000000000000000000000001 0 1
137 2 100000000000000000000000000000001 2 1 80000000 0 0 100000000000000000000000000000001 0 1
137 2 100000000000000000000000000000001 0 1 1 0 1 100000000000000000000000000000001 0 1
137 2 200000000000000000000000000000002 0 1 2 1 1 100000000000000000000000000000001 0 1
137 0 100000000000000000000000000000000 2 1 1 0 0 100000000000000000000000000000000 0 1
137 0 100000000000000000000000000000000 2 1 2 0 0 100000000000000000000000000000000 0 1
137 0 100000000000000000000000000000000 2 1 8000 0 0 100000000000000000000000000000000 0 1
137 0 100000000000000000000000000000000 2 1 80000000 0 0 100000000000000000000000000000000 0 1
137 0 100000000000000000000000000000000 0 1 1 0 1 100000000000000000000000000000000 0 1
137 0 200000000000000000000000000000000 0 1 2 1 1 100000000000000000000000000000000 0 1
137 800000000000000000000000 100000000000000000000000000000000 2 1 1 0 0 100000000000000000000000000000000 0 1
137 800000000000000000000000 100000000000000000000000000000000 2 1 2 0 0 100000000000000000000000000000000 0 1
137 800000000000000000000000 100000000000000000000000000000000 2 1 8000 0 0 100000000000000000000000000000000 0 1
137 800000000000000000000000 100000000000000000000000000000000 2 1 80000000 0 0 100000000000000000000000000000000 0 1
137 800000000000000000000000 100000000000000000000000000000000 0 1 1 0 1 100000000000000000000000000000000 0 1
137 800000000000000000000000 200000000000000000000000000000000 0 1 2 1 1 100000000000000000000000000000000 0 1
137 800000000000000000000001 100000000000000000000000000000000 2 1 1 0 0 100000000000000000000000000000000 0 1
137 800000000000000000000001 100000000000000000000000000000000 2 1 2 0 0 100000000000000000000000000000000 0 1
137 800000000000000000000001 100000000000000000000000000000000 2 1 8000 0 0 100000000000000000000000000000000 0 1
137 800000000000000000000001 100000000000000000000000000000000 2 1 80000000 0 0 100000000000000000000000000000000 0 1
137 800000000000000000000001 100000000000000000000000000000000 0 1 1 0 1 100000000000000000000000000000000 0 1
137 800000000000000000000001 200000000000000000000000000000000 0 1 2 1 1 100000000000000000000000000000000 0 1
137 0 100000000000000000000000000000001 2 1 1 0 0 100000000000000000000000000000001 0 1
137 0 100000000000000000000000000000001 2 1 2 0 0 100000000000000000000000000000001 0 1
137 0 100000000000000000000000000000001 2 1 8000 0 0 100000000000000000000000000000001 0 1
137 0 100000000000000000000000000000001 2 1 80000000 0 0 100000000000000000000000000000001 0 1
137 0 100000000000000000000000000000001 0 1 1 0 1 100000000000000000000000000000001 0 1
137 0 200000000000000000000000000000002 0 1 2 1 1 100000000000000000000000000000001 0 1
137 800000000000000000000000 100000000000000000000000000000001 2 1 1 0 0 100000000000000000000000000000001 0 1
137 800000000000000000000000 100000000000000000000000000000001 2 1 2 0 0 100000000000000000000000000000001 0 1
137 800000000000000000000000 100000000000000000000000000000001 2 1 8000 0 0 100000000000000000000000000000001 0 1
137 800000000000000000000000 100000000000000000000000000000001 2 1 80000000 0 0 100000000000000000000000000000001 0 1
137 800000000000000000000000 100000000000000000000000000000001 0 1 1 0 1 100000000000000000000000000000001 0 1
137 800000000000000000000000 200000000000000000000000000000002 0 1 2 1 1 100000000000000000000000000000001 0 1
137 800000000000000000000001 100000000000000000000000000000001 2 1 1 0 0 100000000000000000000000000000001 0 1
137 800000000000000000000001 100000000000000000000000000000001 2 1 2 0 0 100000000000000000000000000000001 0 1
137 800000000000000000000001 100000000000000000000000000000001 2 1 8000 0 0 100000000000000000000000000000001 0 1
137 800000000000000000000001 100000000000000000000000000000001 2 1 80000000 0 0 100000000000000000000000000000001 0 1
137 800000000000000000000001 100000000000000000000000000000001 0 1 1 0 1 100000000000000000000000000000001 0 1
137 800000000000000000000001 200000000000000000000000000000002 0 1 2 1 1 100000000000000000000000000000001 0 1
137 0 100000000000000000000000000000000 2 1 1 0 0 100000000000000000000000000000000 0 1
137 0 100000000000000000000000000000000 2 1 2 0 0 100000000000000000000000000000000 0 1
137 0 100000000000000000000000000000000 2 1 8000 0 0 100000000000000000000000000000000 0 1
137 0 100000000000000000000000000000000 2 1 80000000 0 0 100000000000000000000000000000000 0 1
137 0 100000000000000000000000000000000 0 1 1 0 1 100000000000000000000000000000000 0 1
137 0 200000000000000000000000000000000 0 1 2 1 1 100000000000000000000000000000000 0 1
137 100000000000000000000000000000000 100000000000000000000000000000000 2 1 1 0 0 100000000000000000000000000000000 0 0
137 100000000000000000000000000000000 100000000000000000000000000000000 2 1 2 0 0 100000000000000000000000000000000 0 0
137 100000000000000000000000000000000 100000000000000000000000000000000 2 1 8000 0 0 100000000000000000000000000000000 0 0
137 100000000000000000000000000000000 100000000000000000000000000000000 2 1 80000000 0 0 100000000000000000000000000000000 0 0
137 100000000000000000000000000000000 100000000000000000000000000000000 0 1 1 0 1 100000000000000000000000000000000 0 0
137 100000000000000000000000000000000 200000000000000000000000000000000 0 1 2 1 1 100000000000000000000000000000000 0 0
137 100000000000000000000000000000001 100000000000000000000000000000000 2 1 1 0 0 100000000000000000000000000000000 0 0
137 100000000000000000000000000000001 100000000000000000000000000000000 2 1 2 0 0 100000000000000000000000000000000 0 0
137 100000000000000000000000000000001 100000000000000000000000000000000 2 1 8000 0 0 100000000000000000000000000000000 0 0
137 100000000000000000000000000000001 100000000000000000000000000000000 2 1 80000000 0 0 100000000000000000000000000000000 0 0
137 100000000000000000000000000000001 100000000000000000000000000000000 0 1 1 0 1 100000000000000000000000000000000 0 0
137 100000000000000000000000000000001 200000000000000000000000000000000 0 1 2 1 1 100000000000000000000000000000000 0 0
137 0 100000000000000000000000000000001 2 1 1 0 0 100000000000000000000000000000001 0 1
137 0 100000000000000000000000000000001 2 1 2 0 0 100000000000000000000000000000001 0 1
137 0 100000000000000000000000000000001 2 1 8000 0 0 100000000000000000000000000000001 0 1
137 0 100000000000000000000000000000001 2 1 80000000 0 0 100000000000000000000000000000001 0 1
137 0 100000000000000000000000000000001 0 1 1 0 1 100000000000000000000000000000001 0 1
137 0 200000000000000000000000000000002 0 1 2 1 1 100000000000000000000000000000001 0 1
137 100000000000000000000000000000000 100000000000000000000000000000001 2 1 1 0 0 100000000000000000000000000000001 0 1
137 100000000000000000000000000000000 100000000000000000000000000000001 2 1 2 0 0 100000000000000000000000000000001 0 1
137 100000000000000000000000000000000 100000000000000000000000000000001 2 1 8000 0 0 100000000000000000000000000000001 0 1
137 100000000000000000000000000000000 100000000000000000000000000000001 2 1 80000000 0 0 100000000000000000000000000000001 0 1
137 100000000000000000000000000000000 100000000000000000000000000000001 0 1 1 0 1 100000000000000000000000000000001 0 1
137 100000000000000000000000000000000 200000000000000000000000000000002 0 1 2 1 1 100000000000000000000000000000001 0 1
137 100000000000000000000000000000001 100000000000000000000000000000001 2 1 1 0 0 100000000000000000000000000000001 0 0
137 100000000000000000000000000000001 100000000000000000000000000000001 2 1 2 0 0 100000000000000000000000000000001 0 0
137 100000000000000000000000000000001 100000000000000000000000000000001 2 1 8000 0 0 100000000000000000000000000000001 0 0
137 100000000000000000000000000000001 100000000000000000000000000000001 2 1 80000000 0 0 100000000000000000000000000000001 0 0
137 100000000000000000000000000000001 100000000000000000000000000000001 0 1 1 0 1 100000000000000000000000000000001 0 0
137 100000000000000000000000000000001 200000000000000000000000000000002 0 1 2 1 1 100000000000000000000000000000001 0 0
137 0 100000000000000000000000000000000 2 1 1 0 0 100000000000000000000000000000000 0 1
137 0 100000000000000000000000000000000 2 1 2 0 0 100000000000000000000000000000000 0 1
137 0 100000000000000000000000000000000 2 1 8000 0 0 100000000000000000000000000000000 0 1
137 0 100000000000000000000000000000000 2 1 80000000 0 0 100000000000000000000000000000000 0 1
137 0 100000000000000000000000000000000 0 1 1 0 1 100000000000000000000000000000000 0 1
137 0 200000000000000000000000000000000 0 1 2 1 1 100000000000000000000000000000000 0 1
137 10000000000000000000000000000000000 100000000000000000000000000000000 2 1 1 0 0 10000000000000000000000000000000000 8 0
137 10000000000000000000000000000000000 100000000000000000000000000000000 2 1 2 0 0 10000000000000000000000000000000000 8 0
137 10000000000000000000000000000000000 100000000000000000000000000000000 2 1 8000 0 0 10000000000000000000000000000000000 8 0
137 10000000000000000000000000000000000 100000000000000000000000000000000 2 1 80000000 0 0 10000000000000000000000000000000000 8 0
137 10000000000000000000000000000000000 100000000000000000000000000000000 0 1 1 0 1 10000000000000000000000000000000000 8 0
137 10000000000000000000000000000000000 200000000000000000000000000000000 0 1 2 1 1 10000000000000000000000000000000000 8 0
137 10000000000000000000000000000000001 100000000000000000000000000000000 2 1 1 0 0 10000000000000000000000000000000000 8 0
137 10000000000000000000000000000000001 100000000000000000000000000000000 2 1 2 0 0 10000000000000000000000000000000000 8 0
137 10000000000000000000000000000000001 100000000000000000000000000000000 2 1 8000 0 0 10000000000000000000000000000000000 8 0
137 10000000000000000000000000000000001 100000000000000000000000000000000 2 1 80000000 0 0 10000000000000000000000000000000000 8 0
137 10000000000000000000000000000000001 100000000000000000000000000000000 0 1 1 0 1 10000000000000000000000000000000000 8 0
137 10000000000000000000000000000000001 200000000000000000000000000000000 0 1 2 1 1 10000000000000000000000000000000000 8 0
137 0 100000000000000000000000000000001 2 1 1 0 0 100000000000000000000000000000001 0 1
137 0 100000000000000000000000000000001 2 1 2 0 0 100000000000000000000000000000001 0 1
137 0 100000000000000000000000000000001 2 1 8000 0 0 100000000000000000000000000000001 0 1
137 0 100000000000000000000000000000001 2 1 80000000 0 0 100000000000000000000000000000001 0 1
137 0 100000000000000000000000000000001 0 1 1 0 1 100000000000000000000000000000001 0 1
137 0 200000000000000000000000000000002 0 1 2 1 1 100000000000000000000000000000001 0 1
137 10000000000000000000000000000000000 100000000000000000000000000000001 2 1 1 0 0 8000000000000000000000000000000080 7 0
137 10000000000000000000000000000000000 100000000000000000000000000000001 2 1 2 0 0 8000000000000000000000000000000080 7 0
137 10000000000000000000000000000000000 100000000000000000000000000000001 2 1 8000 0 0 8000000000000000000000000000000080 7 0
137 10000000000000000000000000000000000 100000000000000000000000000000001 2 1 80000000 0 0 8000000000000000000000000000000080 7 0
137 10000000000000000000000000000000000 100000000000000000000000000000001 0 1 1 0 1 8000000000000000000000000000000080 7 0
137 10000000000000000000000000000000000 200000000000000000000000000000002 0 1 2 1 1 8000000000000000000000000000000080 7 0
137 10000000000000000000000000000000001 100000000000000000000000000000001 2 1 1 0 0 8000000000000000000000000000000080 7 0
137 10000000000000000000000000000000001 100000000000000000000000000000001 2 1 2 0 0 8000000000000000000000000000000080 7 0
137 10000000000000000000000000000000001 100000000000000000000000000000001 2 1 8000 0 0 8000000000000000000000000000000080 7 0
137 10000000000000000000000000000000001 100000000000000000000000000000001 2 1 80000000 0 0 8000000000000000000000000000000080 7 0
137 10000000000000000000000000000000001 100000000000000000000000000000001 0 1 1 0 1 8000000000000000000000000000000080 7 0
137 10000000000000000000000000000000001 200000000000000000000000000000002 0 1 2 1 1 8000000000000000000000000000000080 7 0
137 0 8000000000000000000000000000000000 2 1 1 0 0 8000000000000000000000000000000000 0 1
137 0 8000000000000000000000000000000000 2 1 2 0 0 8000000000000000000000000000000000 0 1
137 0 8000000000000000000000000000000000 2 1 8000 0 0 8000000000000000000000000000000000 0 1
137 0 8000000000000000000000000000000000 2 1 80000000 0 0 8000000000000000000000000000000000 0 1
137 0 8000000000000000000000000000000000 0 1 1 0 1 8000000000000000000000000000000000 0 1
137 0 10000000000000000000000000000000000 0 1 2 1 1 8000000000000000000000000000000000 0 1
137 1 8000000000000000000000000000000000 2 1 1 0 0 8000000000000000000000000000000000 0 1
137 1 8000000000000000000000000000000000 2 1 2 0 0 8000000000000000000000000000000000 0 1
137 1 8000000000000000000000000000000000 2 1 8000 0 0 8000000000000000000000000000000000 0 1
137 1 8000000000000000000000000000000000 2 1 80000000 0 0 8000000000000000000000000000000000 0 1
137 1 8000000000000000000000000000000000 0 1 1 0 1 8000000000000000000000000000000000 0 1
137 1 10000000000000000000000000000000000 0 1 2 1 1 8000000000000000000000000000000000 0 1
137 2 8000000000000000000000000000000000 2 1 1 0 0 8000000000000000000000000000000000 0 1
137 2 8000000000000000000000000000000000 2 1 2 0 0 8000000000000000000000000000000000 0 1
137 2 8000000000000000000000000000000000 2 1 8000 0 0 8000000000000000000000000000000000 0 1
137 2 8000000000000000000000000000000000 2 1 80000000 0 0 8000000000000000000000000000000000 0 1
137 2 8000000000000000000000000000000000 0 1 1 0 1 8000000000000000000000000000000000 0 1
137 2 10000000000000000000000000000000000 0 1 2 1 1 8000000000000000000000000000000000 0 1
137 0 8000000000000000000000000000000001 2 1 1 0 0 8000000000000000000000000000000001 0 1
137 0 8000000000000000000000000000000001 2 1 2 0 0 8000000000000000000000000000000001 0 1
137 0 8000000000000000000000000000000001 2 1 8000 0 0 8000000000000000000000000000000001 0 1
137 0 8000000000000000000000000000000001 2 1 80000000 0 0 8000000000000000000000000000000001 0 1
137 0 8000000000000000000000000000000001 0 1 1 0 1 8000000000000000000000000000000001 0 1
137 0 10000000000000000000000000000000002 0 1 2 1 1 8000000000000000000000000000000001 0 1
137 1 8000000000000000000000000000000001 2 1 1 0 0 8000000000000000000000000000000001 0 1
137 1 8000000000000000000000000000000001 2 1 2 0 0 8000000000000000000000000000000001 0 1
137 1 8000000000000000000000000000000001 2 1 8000 0 0 8000000000000000000000000000000001 0 1
137 1 8000000000000000000000000000000001 2 1 80000000 0 0 8000000000000000000000000000000001 0 1
137 1 8000000000000000000000000000000001 0 1 1 0 1 8000000000000000000000000000000001 0 1
137 1 10000000000000000000000000000000002 0 1 2 1 1 8000000000000000000000000000000001 0 1
137 2 8000000000000000000000000000000001 2 1 1 0 0 8000000000000000000000000000000001 0 1
137 2 8000000000000000000000000000000001 2 1 2 0 0 8000000000000000000000000000000001 0 1
137 2 8000000000000000000000000000000001 2 1 8000 0 0 8000000000000000000000000000000001 0 1
137 2 8000000000000000000000000000000001 2 1 80000000 0 0 8000000000000000000000000000000001 0 1
137 2 8000000000000000000000000000000001 0 1 1 0 1 8000000000000000000000000000000001 0 1
137 2 10000000000000000000000000000000002 0 1 2 1 1 8000000000000000000000000000000001 0 1
137 0 8000000000000000000000000000000000 2 1 1 0 0 8000000000000000000000000000000000 0 1
137 0 8000000000000000000000000000000000 2 1 2 0 0 8000000000000000000000000000000000 0 1
137 0 8000000000000000000000000000000000 2 1 8000 0 0 8000000000000000000000000000000000 0 1
137 0 8000000000000000000000000000000000 2 1 80000000 0 0 8000000000000000000000000000000000 0 1
137 0 8000000000000000000000000000000000 0 1 1 0 1 8000000000000000000000000000000000 0 1
137 0 10000000000000000000000000000000000 0 1 2 1 1 8000000000000000000000000000000000 0 1
137 40000000000000000000000000 8000000000000000000000000000000000 2 1 1 0 0 8000000000000000000000000000000000 0 1
137 40000000000000000000000000 8000000000000000000000000000000000 2 1 2 0 0 8000000000000000000000000000000000 0 1
137 40000000000000000000000000 8000000000000000000000000000000000 2 1 8000 0 0 8000000000000000000000000000000000 0 1
137 40000000000000000000000000 8000000000000000000000000000000000 2 1 80000000 0 0 8000000000000000000000000000000000 0 1
137 40000000000000000000000000 8000000000000000000000000000000000 0 1 1 0 1 8000000000000000000000000000000000 0 1
137 40000000000000000000000000 10000000000000000000000000000000000 0 1 2 1 1 8000000000000000000000000000000000 0 1
137 40000000000000000000000001 8000000000000000000000000000000000 2 1 1 0 0 8000000000000000000000000000000000 0 1
137 40000000000000000000000001 8000000000000000000000000000000000 2 1 2 0 0 8000000000000000000000000000000000 0 1
137 40000000000000000000000001 8000000000000000000000000000000000 2 1 8000 0 0 8000000000000000000000000000000000 0 1
137 40000000000000000000000001 8000000000000000000000000000000000 2 1 80000000 0 0 8000000000000000000000000000000000 0 1
137 40000000000000000000000001 8000000000000000000000000000000000 0 1 1 0 1 8000000000000000000000000000000000 0 1
137 40000000000000000000000001 10000000000000000000000000000000000 0 1 2 1 1 8000000000000000000000000000000000 0 1
137 0 8000000000000000000000000000000001 2 1 1 0 0 8000000000000000000000000000000001 0 1
137 0 8000000000000000000000000000000001 2 1 2 0 0 8000000000000000000000000000000001 0 1
137 0 8000000000000000000000000000000001 2 1 8000 0 0 8000000000000000000000000000000001 0 1
137 0 8000000000000000000000000000000001 2 1 80000000 0 0 8000000000000000000000000000000001 0 1
137 0 8000000000000000000000000000000001 0 1 1 0 1 8000000000000000000000000000000001 0 1
137 0 10000000000000000000000000000000002 0 1 2 1 1 8000000000000000000000000000000001 0 1
137 40000000000000000000000000 8000000000000000000000000000000001 2 1 1 0 0 8000000000000000000000000000000001 0 1
137 40000000000000000000000000 8000000000000000000000000000000001 2 1 2 0 0 8000000000000000000000000000000001 0 1
137 40000000000000000000000000 8000000000000000000000000000000001 2 1 8000 0 0 8000000000000000000000000000000001 0 1
137 40000000000000000000000000 8000000000000000000000000000000001 2 1 80000000 0 0 8000000000000000000000000000000001 0 1
137 40000000000000000000000000 8000000000000000000000000000000001 0 1 1 0 1 8000000000000000000000000000000001 0 1
137 40000000000000000000000000 10000000000000000000000000000000002 0 1 2 1 1 8000000000000000000000000000000001 0 1
137 40000000000000000000000001 8000000000000000000000000000000001 2 1 1 0 0 8000000000000000000000000000000001 0 1
137 40000000000000000000000001 8000000000000000000000000000000001 2 1 2 0 0 8000000000000000000000000000000001 0 1
137 40000000000000000000000001 8000000000000000000000000000000001 2 1 8000 0 0 8000000000000000000000000000000001 0 1
137 40000000000000000000000001 8000000000000000000000000000000001 2 1 80000000 0 0 8000000000000000000000000000000001 0 1
137 40000000000000000000000001 8000000000000000000000000000000001 0 1 1 0 1 8000000000000000000000000000000001 0 1
137 40000000000000000000000001 10000000000000000000000000000000002 0 1 2 1 1 8000000000000000000000000000000001 0 1
137 0 8000000000000000000000000000000000 2 1 1 0 0 8000000000000000000000000000000000 0 1
137 0 8000000000000000000000000000000000 2 1 2 0 0 8000000000000000000000000000000000 0 1
137 0 8000000000000000000000000000000000 2 1 8000 0 0 8000000000000000000000000000000000 0 1
137 0 8000000000000000000000000000000000 2 1 80000000 0 0 8000000000000000000000000000000000 0 1
137 0 8000000000000000000000000000000000 0 1 1 0 1 8000000000000000000000000000000000 0 1
137 0 10000000000000000000000000000000000 0 1 2 1 1 8000000000000000000000000000000000 0 1
137 8000000000000000000000000000000000 8000000000000000000000000000000000 2 1 1 0 0 8000000000000000000000000000000000 0 0
137 8000000000000000000000000000000000 8000000000000000000000000000000000 2 1 2 0 0 8000000000000000000000000000000000 0 0
137 8000000000000000000000000000000000 8000000000000000000000000000000000 2 1 8000 0 0 8000000000000000000000000000000000 0 0
137 8000000000000000000000000000000000 8000000000000000000000000000000000 2 1 80000000 0 0 8000000000000000000000000000000000 0 0
137 8000000000000000000000000000000000 8000000000000000000000000000000000 0 1 1 0 1 8000000000000000000000000000000000 0 0
137 8000000000000000000000000000000000 10000000000000000000000000000000000 0 1 2 1 1 8000000000000000000000000000000000 0 0
137 8000000000000000000000000000000001 8000000000000000000000000000000000 2 1 1 0 0 8000000000000000000000000000000000 0 0
137 8000000000000000000000000000000001 8000000000000000000000000000000000 2 1 2 0 0 8000000000000000000000000000000000 0 0
137 8000000000000000000000000000000001 8000000000000000000000000000000000 2 1 8000 0 0 8000000000000000000000000000000000 0 0
137 8000000000000000000000000000000001 8000000000000000000000000000000000 2 1 80000000 0 0 8000000000000000000000000000000000 0 0
137 8000000000000000000000000000000001 8000000000000000000000000000000000 0 1 1 0 1 8000000000000000000000000000000000 0 0
137 8000000000000000000000000000000001 10000000000000000000000000000000000 0 1 2 1 1 8000000000000000000000000000000000 0 0
137 0 8000000000000000000000000000000001 2 1 1 0 0 8000000000000000000000000000000001 0 1
137 0 8000000000000000000000000000000001 2 1 2 0 0 8000000000000000000000000000000001 0 1
137 0 8000000000000000000000000000000001 2 1 8000 0 0 8000000000000000000000000000000001 0 1
137 0 8000000000000000000000000000000001 2 1 80000000 0 0 8000000000000000000000000000000001 0 1
137 0 8000000000000000000000000000000001 0 1 1 0 1 8000000000000000000000000000000001 0 1
137 0 10000000000000000000000000000000002 0 1 2 1 1 8000000000000000000000000000000001 0 1
137 8000000000000000000000000000000000 8000000000000000000000000000000001 2 1 1 0 0 8000000000000000000000000000000001 0 1
137 8000000000000000000000000000000000 8000000000000000000000000000000001 2 1 2 0 0 8000000000000000000000000000000001 0 1
137 8000000000000000000000000000000000 8000000000000000000000000000000001 2 1 8000 0 0 8000000000000000000000000000000001 0 1
137 8000000000000000000000000000000000 8000000000000000000000000000000001 2 1 80000000 0 0 8000000000000000000000000000000001 0 1
137 8000000000000000000000000000000000 8000000000000000000000000000000001 0 1 1 0 1 8000000000000000000000000000000001 0 1
137 8000000000000000000000000000000000 10000000000000000000000000000000002 0 1 2 1 1 8000000000000000000000000000000001 0 1
137 8000000000000000000000000000000001 8000000000000000000000000000000001 2 1 1 0 0 8000000000000000000000000000000001 0 0
137 8000000000000000000000000000000001 8000000000000000000000000000000001 2 1 2 0 0 8000000000000000000000000000000001 0 0
137 8000000000000000000000000000000001 8000000000000000000000000000000001 2 1 8000 0 0 8000000000000000000000000000000001 0 0
137 8000000000000000000000000000000001 8000000000000000000000000000000001 2 1 80000000 0 0 8000000000000000000000000000000001 0 0
137 8000000000000000000000000000000001 8000000000000000000000000000000001 0 1 1 0 1 8000000000000000000000000000000001 0 0
137 8000000000000000000000000000000001 10000000000000000000000000000000002 0 1 2 1 1 8000000000000000000000000000000001 0 0
137 0 8000000000000000000000000000000000 2 1 1 0 0 8000000000000000000000000000000000 0 1
137 0 8000000000000000000000000000000000 2 1 2 0 0 8000000000000000000000000000000000 0 1
137 0 8000000000000000000000000000000000 2 1 8000 0 0 8000000000000000000000000000000000 0 1
137 0 8000000000000000000000000000000000 2 1 80000000 0 0 8000000000000000000000000000000000 0 1
137 0 8000000000000000000000000000000000 0 1 1 0 1 8000000000000000000000000000000000 0 1
137 0 10000000000000000000000000000000000 0 1 2 1 1 8000000000000000000000000000000000 0 1
137 10000000000000000000000000000000000 8000000000000000000000000000000000 2 1 1 0 0 10000000000000000000000000000000000 1 0
137 10000000000000000000000000000000000 8000000000000000000000000000000000 2 1 2 0 0 10000000000000000000000000000000000 1 0
137 10000000000000000000000000000000000 8000000000000000000000000000000000 2 1 8000 0 0 10000000000000000000000000000000000 1 0
137 10000000000000000000000000000000000 8000000000000000000000000000000000 2 1 80000000 0 0 10000000000000000000000000000000000 1 0
137 10000000000000000000000000000000000 8000000000000000000000000000000000 0 1 1 0 1 10000000000000000000000000000000000 1 0
137 10000000000000000000000000000000000 10000000000000000000000000000000000 0 1 2 1 1 10000000000000000000000000000000000 1 0
137 10000000000000000000000000000000001 8000000000000000000000000000000000 2 1 1 0 0 10000000000000000000000000000000000 1 0
137 10000000000000000000000000000000001 8000000000000000000000000000000000 2 1 2 0 0 10000000000000000000000000000000000 1 0
137 10000000000000000000000000000000001 8000000000000000000000000000000000 2 1 8000 0 0 10000000000000000000000000000000000 1 0
137 10000000000000000000000000000000001 8000000000000000000000000000000000 2 1 80000000 0 0 10000000000000000000000000000000000 1 0
137 10000000000000000000000000000000001 8000000000000000000000000000000000 0 1 1 0 1 10000000000000000000000000000000000 1 0
137 10000000000000000000000000000000001 10000000000000000000000000000000000 0 1 2 1 1 10000000000000000000000000000000000 1 0
137 0 8000000000000000000000000000000001 2 1 1 0 0 8000000000000000000000000000000001 0 1
137 0 8000000000000000000000000000000001 2 1 2 0 0 8000000000000000000000000000000001 0 1
137 0 8000000000000000000000000000000001 2 1 8000 0 0 8000000000000000000000000000000001 0 1
137 0 8000000000000000000000000000000001 2 1 80000000 0 0 8000000000000000000000000000000001 0 1
137 0 8000000000000000000000000000000001 0 1 1 0 1 8000000000000000000000000000000001 0 1
137 0 10000000000000000000000000000000002 0 1 2 1 1 8000000000000000000000000000000001 0 1
137 10000000000000000000000000000000000 8000000000000000000000000000000001 2 1 1 0 0 8000000000000000000000000000000001 0 0
137 10000000000000000000000000000000000 8000000000000000000000000000000001 2 1 2 0 0 8000000000000000000000000000000001 0 0
137 10000000000000000000000000000000000 8000000000000000000000000000000001 2 1 8000 0 0 8000000000000000000000000000000001 0 0
137 10000000000000000000000000000000000 8000000000000000000000000000000001 2 1 80000000 0 0 8000000000000000000000000000000001 0 0
137 10000000000000000000000000000000000 8000000000000000000000000000000001 0 1 1 0 1 8000000000000000000000000000000001 0 0
137 10000000000000000000000000000000000 10000000000000000000000000000000002 0 1 2 1 1 8000000000000000000000000000000001 0 0
137 10000000000000000000000000000000001 8000000000000000000000000000000001 2 1 1 0 0 8000000000000000000000000000000001 0 0
137 10000000000000000000000000000000001 8000000000000000000000000000000001 2 1 2 0 0 8000000000000000000000000000000001 0 0
137 10000000000000000000000000000000001 8000000000000000000000000000000001 2 1 8000 0 0 8000000000000000000000000000000001 0 0
137 10000000000000000000000000000000001 8000000000000000000000000000000001 2 1 80000000 0 0 8000000000000000000000000000000001 0 0
137 10000000000000000000000000000000001 8000000000000000000000000000000001 0 1 1 0 1 8000000000000000000000000000000001 0 0
137 10000000000000000000000000000000001 10000000000000000000000000000000002 0 1 2 1 1 8000000000000000000000000000000001 0 0
256 0 1 2 1 1 0 0 1 0 1
256 0 1 2 1 2 0 0 1 0 1
256 0 1 2 1 8000 0 0 1 0 1
256 0 1 2 1 80000000 0 0 1 0 1
256 0 1 0 1 1 0 1 1 0 1
256 0 2 0 1 2 1 1 1 0 1
256 0 8000 0 1 8000 f 1 1 0 1
256 0 80000000 0 1 80000000 1f 1 1 0 1
256 1 1 2 1 1 0 0 1 0 0
256 1 1 2 1 2 0 0 1 0 0
256 1 1 2 1 8000 0 0 1 0 0
256 1 1 2 1 80000000 0 0 1 0 0
256 1 1 0 1 1 0 1 1 0 0
256 1 2 0 1 2 1 1 1 0 0
256 1 8000 0 1 8000 f 1 1 0 0
256 1 80000000 0 1 80000000 1f 1 1 0 0
256 2 1 2 1 1 0 0 2 1 0
256 2 1 2 1 2 0 0 2 1 0
256 2 1 2 1 8000 0 0 2 1 0
256 2 1 2 1 80000000 0 0 2 1 0
256 2 1 0 1 1 0 1 2 1 0
256 2 2 0 1 2 1 1 2 1 0
256 2 8000 0 1 8000 f 1 2 1 0
256 2 80000000 0 1 80000000 1f 1 2 1 0
256 0 2 2 1 1 0 0 2 0 1
256 0 2 2 1 2 0 0 2 0 1
256 0 2 2 1 8000 0 0 2 0 1
256 0 2 2 1 80000000 0 0 2 0 1
256 0 2 0 1 1 0 1 2 0 1
256 0 4 0 1 2 1 1 2 0 1
256 0 10000 0 1 8000 f 1 2 0 1
256 0 100000000 0 1 80000000 1f 1 2 0 1
256 1 2 2 1 1 0 0 2 0 1
256 1 2 2 1 2 0 0 2 0 1
256 1 2 2 1 8000 0 0 2 0 1
256 1 2 2 1 80000000 0 0 2 0 1
256 1 2 0 1 1 0 1 2 0 1
256 1 4 0 1 2 1 1 2 0 1
256 1 10000 0 1 8000 f 1 2 0 1
256 1 100000000 0 1 80000000 1f 1 2 0 1
256 2 2 2 1 1 0 0 2 0 0
256 2 2 2 1 2 0 0 2 0 0
256 2 2 2 1 8000 0 0 2 0 0
256 2 2 2 1 80000000 0 0 2 0 0
256 2 2 0 1 1 0 1 2 0 0
256 2 4 0 1 2 1 1 2 0 0
256 2 10000 0 1 8000 f 1 2 0 0
256 2 100000000 0 1 80000000 1f 1 2 0 0
256 0 1 2 1 1 0 0 1 0 1
256 0 1 2 1 2 0 0 1 0 1
256 0 1 2 1 8000 0 0 1 0 1
256 0 1 2 1 80000000 0 0 1 0 1
256 0 1 0 1 1 0 1 1 0 1
256 0 2 0 1 2 1 1 1 0 1
256 0 8000 0 1 8000 f 1 1 0 1
256 0 80000000 0 1 80000000 1f 1 1 0 1
256 80000000 1 2 1 1 0 0 80000000 1f 0
256 80000000 1 2 1 2 0 0 80000000 1f 0
256 80000000 1 2 1 8000 0 0 80000000 1f 0
256 80000000 1 2 1 80000000 0 0 80000000 1f 0
256 80000000 1 0 1 1 0 1 80000000 1f 0
256 80000000 2 0 1 2 1 1 80000000 1f 0
256 80000000 8000 0 1 8000 f 1 80000000 1f 0
256 80000000 80000000 0 1 80000000 1f 1 80000000 1f 0
256 80000001 1 2 1 1 0 0 80000000 1f 0
256 80000001 1 2 1 2 0 0 80000000 1f 0
256 80000001 1 2 1 8000 0 0 80000000 1f 0
256 80000001 1 2 1 80000000 0 0 80000000 1f 0
256 80000001 1 0 1 1 0 1 80000000 1f 0
256 80000001 2 0 1 2 1 1 80000000 1f 0
256 80000001 8000 0 1 8000 f 1 80000000 1f 0
256 80000001 80000000 0 1 80000000 1f 1 80000000 1f 0
256 0 2 2 1 1 0 0 2 0 1
256 0 2 2 1 2 0 0 2 0 1
256 0 2 2 1 8000 0 0 2 0 1
256 0 2 2 1 80000000 0 0 2 0 1
256 0 2 0 1 1 0 1 2 0 1
256 0 4 0 1 2 1 1 2 0 1
256 0 10000 0 1 8000 f 1 2 0 1
256 0 100000000 0 1 80000000 1f 1 2 0 1
256 80000000 2 2 1 1 0 0 80000000 1e 0
256 80000000 2 2 1 2 0 0 80000000 1e 0
256 80000000 2 2 1 8000 0 0 80000000 1e 0
256 80000000 2 2 1 80000000 0 0 80000000 1e 0
256 80000000 2 0 1 1 0 1 80000000 1e 0
256 80000000 4 0 1 2 1 1 80000000 1e 0
256 80000000 10000 0 1 8000 f 1 80000000 1e 0
256 80000000 100000000 0 1 80000000 1f 1 80000000 1e 0
256 80000001 2 2 1 1 0 0 80000000 1e 0
256 80000001 2 2 1 2 0 0 80000000 1e 0
256 80000001 2 2 1 8000 0 0 80000000 1e 0
256 80000001 2 2 1 80000000 0 0 80000000 1e 0
256 80000001 2 0 1 1 0 1 80000000 1e 0
256 80000001 4 0 1 2 1 1 80000000 1e 0
256 80000001 10000 0 1 8000 f 1 80000000 1e 0
256 80000001 100000000 0 1 80000000 1f 1 80000000 1e 0
256 0 80000000 2 1 1 0 0 80000000 0 1
256 0 80000000 2 1 2 0 0 80000000 0 1
256 0 80000000 2 1 8000 0 0 80000000 0 1
256 0 80000000 2 1 80000000 0 0 80000000 0 1
256 0 80000000 0 1 1 0 1 80000000 0 1
256 0 100000000 0 1 2 1 1 80000000 0 1
256 0 400000000000 0 1 8000 f 1 80000000 0 1
256 0 4000000000000000 0 1 80000000 1f 1 80000000 0 1
256 1 80000000 2 1 1 0 0 80000000 0 1
256 1 80000000 2 1 2 0 0 80000000 0 1
256 1 80000000 2 1 8000 0 0 80000000 0 1
256 1 80000000 2 1 80000000 0 0 80000000 0 1
256 1 80000000 0 1 1 0 1 80000000 0 1
256 1 100000000 0 1 2 1 1 80000000 0 1
256 1 400000000000 0 1 8000 f 1 80000000 0 1
256 1 4000000000000000 0 1 80000000 1f 1 80000000 0 1
256 2 80000000 2 1 1 0 0 80000000 0 1
256 2 80000000 2 1 2 0 0 80000000 0 1
256 2 80000000 2 1 8000 0 0 80000000 0 1
256 2 80000000 2 1 80000000 0 0 80000000 0 1
256 2 80000000 0 1 1 0 1 80000000 0 1
256 2 100000000 0 1 2 1 1 80000000 0 1
256 2 400000000000 0 1 8000 f 1 80000000 0 1
256 2 4000000000000000 0 1 80000000 1f 1 80000000 0 1
256 0 80000001 2 1 1 0 0 80000001 0 1
256 0 80000001 2 1 2 0 0 80000001 0 1
256 0 80000001 2 1 8000 0 0 80000001 0 1
256 0 80000001 2 1 80000000 0 0 80000001 0 1
256 0 80000001 0 1 1 0 1 80000001 0 1
256 0 100000002 0 1 2 1 1 80000001 0 1
256 0 400000008000 0 1 8000 f 1 80000001 0 1
256 0 4000000080000000 0 1 80000000 1f 1 80000001 0 1
256 1 80000001 2 1 1 0 0 80000001 0 1
256 1 80000001 2 1 2 0 0 80000001 0 1
256 1 80000001 2 1 8000 0 0 80000001 0 1
256 1 80000001 2 1 80000000 0 0 80000001 0 1
256 1 80000001 0 1 1 0 1 80000001 0 1
256 1 100000002 0 1 2 1 1 80000001 0 1
256 1 400000008000 0 1 8000 f 1 80000001 0 1
256 1 4000000080000000 0 1 80000000 1f 1 80000001 0 1
256 2 80000001 2 1 1 0 0 80000001 0 1
256 2 80000001 2 1 2 0 0 80000001 0 1
256 2 80000001 2 1 8000 0 0 80000001 0 1
256 2 80000001 2 1 80000000 0 0 80000001 0 1
256 2 80000001 0 1 1 0 1 80000001 0 1
256 2 100000002 0 1 2 1 1 80000001 0 1
256 2 400000008000 0 1 8000 f 1 80000001 0 1
256 2 4000000080000000 0 1 80000000 1f 1 80000001 0 1
256 0 80000000 2 1 1 0 0 80000000 0 1
256 0 80000000 2 1 2 0 0 80000000 0 1
256 0 80000000 2 1 8000 0 0 80000000 0 1
256 0 80000000 2 1 80000000 0 0 80000000 0 1
256 0 80000000 0 1 1 0 1 80000000 0 1
256 0 100000000 0 1 2 1 1 80000000 0 1
256 0 400000000000 0 1 8000 f 1 80000000 0 1
256 0 4000000000000000 0 1 80000000 1f 1 80000000 0 1
256 80000000 80000000 2 1 1 0 0 80000000 0 0
256 80000000 80000000 2 1 2 0 0 80000000 0 0
256 80000000 80000000 2 1 8000 0 0 80000000 0 0
256 80000000 80000000 2 1 80000000 0 0 80000000 0 0
256 80000000 80000000 0 1 1 0 1 80000000 0 0
256 80000000 100000000 0 1 2 1 1 80000000 0 0
256 80000000 400000000000 0 1 8000 f 1 80000000 0 0
256 80000000 4000000000000000 0 1 80000000 1f 1 80000000 0 0
256 80000001 80000000 2 1 1 0 0 80000000 0 0
256 80000001 80000000 2 1 2 0 0 80000000 0 0
256 80000001 80000000 2 1 8000 0 0 80000000 0 0
256 80000001 80000000 2 1 80000000 0 0 80000000 0 0
256 80000001 80000000 0 1 1 0 1 80000000 0 0
256 80000001 100000000 0 1 2 1 1 80000000 0 0
256 80000001 400000000000 0 1 8000 f 1 80000000 0 0
256 80000001 4000000000000000 0 1 80000000 1f 1 80000000 0 0
256 0 80000001 2 1 1 0 0 80000001 0 1
256 0 80000001 2 1 2 0 0 80000001 0 1
256 0 80000001 2 1 8000 0 0 80000001 0 1
256 0 80000001 2 1 80000000 0 0 80000001 0 1
256 0 80000001 0 1 1 0 1 80000001 0 1
256 0 100000002 0 1 2 1 1 80000001 0 1
256 0 400000008000 0 1 8000 f 1 80000001 0 1
256 0 4000000080000000 0 1 80000000 1f 1 80000001 0 1
256 80000000 80000001 2 1 1 0 0 80000001 0 1
256 80000000 80000001 2 1 2 0 0 80000001 0 1
256 80000000 80000001 2 1 8000 0 0 80000001 0 1
256 80000000 80000001 2 1 80000000 0 0 80000001 0 1
256 80000000 80000001 0 1 1 0 1 80000001 0 1
256 80000000 100000002 0 1 2 1 1 80000001 0 1
256 80000000 400000008000 0 1 8000 f 1 80000001 0 1
256 80000000 4000000080000000 0 1 80000000 1f 1 80000001 0 1
256 80000001 80000001 2 1 1 0 0 80000001 0 0
256 80000001 80000001 2 1 2 0 0 80000001 0 0
256 80000001 80000001 2 1 8000 0 0 80000001 0 0
256 80000001 80000001 2 1 80000000 0 0 80000001 0 0
256 80000001 80000001 0 1 1 0 1 80000001 0 0
256 80000001 100000002 0 1 2 1 1 80000001 0 0
256 80000001 400000008000 0 1 8000 f 1 80000001 0 0
256 80000001 4000000080000000 0 1 80000000 1f 1 80000001 0 0
256 0 80000000 2 1 1 0 0 80000000 0 1
256 0 80000000 2 1 2 0 0 80000000 0 1
256 0 80000000 2 1 8000 0 0 80000000 0 1
256 0 80000000 2 1 80000000 0 0 80000000 0 1
256 0 80000000 0 1 1 0 1 80000000 0 1
256 0 100000000 0 1 2 1 1 80000000 0 1
256 0 400000000000 0 1 8000 f 1 80000000 0 1
256 0 4000000000000000 0 1 80000000 1f 1 80000000 0 1
256 4000000000000000 80000000 2 1 1 0 0 4000000000000000 1f 0
256 4000000000000000 80000000 2 1 2 0 0 4000000000000000 1f 0
256 4000000000000000 80000000 2 1 8000 0 0 4000000000000000 1f 0
256 4000000000000000 80000000 2 1 80000000 0 0 4000000000000000 1f 0
256 4000000000000000 80000000 0 1 1 0 1 4000000000000000 1f 0
256 4000000000000000 100000000 0 1 2 1 1 4000000000000000 1f 0
256 4000000000000000 400000000000 0 1 8000 f 1 4000000000000000 1f 0
256 4000000000000000 4000000000000000 0 1 80000000 1f 1 4000000000000000 1f 0
256 4000000000000001 80000000 2 1 1 0 0 4000000000000000 1f 0
256 4000000000000001 80000000 2 1 2 0 0 4000000000000000 1f 0
256 4000000000000001 80000000 2 1 8000 0 0 4000000000000000 1f 0
256 4000000000000001 80000000 2 1 80000000 0 0 4000000000000000 1f 0
256 4000000000000001 80000000 0 1 1 0 1 4000000000000000 1f 0
256 4000000000000001 100000000 0 1 2 1 1 4000000000000000 1f 0
256 4000000000000001 400000000000 0 1 8000 f 1 4000000000000000 1f 0
256 4000000000000001 4000000000000000 0 1 80000000 1f 1 4000000000000000 1f 0
256 0 80000001 2 1 1 0 0 80000001 0 1
256 0 80000001 2 1 2 0 0 80000001 0 1
256 0 80000001 2 1 8000 0 0 80000001 0 1
256 0 80000001 2 1 80000000 0 0 80000001 0 1
256 0 80000001 0 1 1 0 1 80000001 0 1
256 0 100000002 0 1 2 1 1 80000001 0 1
256 0 400000008000 0 1 8000 f 1 80000001 0 1
256 0 4000000080000000 0 1 80000000 1f 1 80000001 0 1
256 4000000000000000 80000001 2 1 1 0 0 2000000040000000 1e 0
256 4000000000000000 80000001 2 1 2 0 0 2000000040000000 1e 0
256 4000000000000000 80000001 2 1 8000 0 0 2000000040000000 1e 0
256 4000000000000000 80000001 2 1 80000000 0 0 2000000040000000 1e 0
256 4000000000000000 80000001 0 1 1 0 1 2000000040000000 1e 0
256 4000000000000000 100000002 0 1 2 1 1 2000000040000000 1e 0
256 4000000000000000 400000008000 0 1 8000 f 1 2000000040000000 1e 0
256 4000000000000000 4000000080000000 0 1 80000000 1f 1 2000000040000000 1e 0
256 4000000000000001 80000001 2 1 1 0 0 2000000040000000 1e 0
256 4000000000000001 80000001 2 1 2 0 0 2000000040000000 1e 0
256 4000000000000001 80000001 2 1 8000 0 0 2000000040000000 1e 0
256 4000000000000001 80000001 2 1 80000000 0 0 2000000040000000 1e 0
256 4000000000000001 80000001 0 1 1 0 1 2000000040000000 1e 0
256 4000000000000001 100000002 0 1 2 1 1 2000000040000000 1e 0
256 4000000000000001 400000008000 0 1 8000 f 1 2000000040000000 1e 0
256 4000000000000001 4000000080000000 0 1 80000000 1f 1 2000000040000000 1e 0
256 0 100000000 2 1 1 0 0 100000000 0 1
256 0 100000000 2 1 2 0 0 100000000 0 1
256 0 100000000 2 1 8000 0 0 100000000 0 1
256 0 100000000 2 1 80000000 0 0 100000000 0 1
256 0 100000000 0 1 1 0 1 100000000 0 1
256 0 200000000 0 1 2 1 1 100000000 0 1
256 0 800000000000 0 1 8000 f 1 100000000 0 1
256 0 8000000000000000 0 1 80000000 1f 1 100000000 0 1
256 1 100000000 2 1 1 0 0 100000000 0 1
256 1 100000000 2 1 2 0 0 100000000 0 1
256 1 100000000 2 1 8000 0 0 100000000 0 1
256 1 100000000 2 1 80000000 0 0 100000000 0 1
256 1 100000000 0 1 1 0 1 100000000 0 1
256 1 200000000 0 1 2 1 1 100000000 0 1
256 1 800000000000 0 1 8000 f 1 100000000 0 1
256 1 8000000000000000 0 1 80000000 1f 1 100000000 0 1
256 2 100000000 2 1 1 0 0 100000000 0 1
256 2 100000000 2 1 2 0 0 100000000 0 1
256 2 100000000 2 1 8000 0 0 100000000 0 1
256 2 100000000 2 1 80000000 0 0 100000000 0 1
256 2 100000000 0 1 1 0 1 100000000 0 1
256 2 200000000 0 1 2 1 1 100000000 0 1
256 2 800000000000 0 1 8000 f 1 100000000 0 1
256 2 8000000000000000 0 1 80000000 1f 1 100000000 0 1
256 0 100000001 2 1 1 0 0 100000001 0 1
256 0 100000001 2 1 2 0 0 100000001 0 1
256 0 100000001 2 1 8000 0 0 100000001 0 1
256 0 100000001 2 1 80000000 0 0 100000001 0 1
256 0 100000001 0 1 1 0 1 100000001 0 1
256 0 200000002 0 1 2 1 1 100000001 0 1
256 0 800000008000 0 1 8000 f 1 100000001 0 1
256 0 8000000080000000 0 1 80000000 1f 1 100000001 0 1
256 1 100000001 2 1 1 0 0 100000001 0 1
256 1 100000001 2 1 2 0 0 100000001 0 1
256 1 100000001 2 1 8000 0 0 100000001 0 1
256 1 100000001 2 1 80000000 0 0 100000001 0 1
256 1 100000001 0 1 1 0 1 100000001 0 1
256 1 200000002 0 1 2 1 1 100000001 0 1
256 1 800000008000 0 1 8000 f 1 100000001 0 1
256 1 8000000080000000 0 1 80000000 1f 1 100000001 0 1
256 2 100000001 2 1 1 0 0 100000001 0 1
256 2 100000001 2 1 2 0 0 100000001 0 1
256 2 100000001 2 1 8000 0 0 100000001 0 1
256 2 100000001 2 1 80000000 0 0 100000001 0 1
256 2 100000001 0 1 1 0 1 100000001 0 1
256 2 200000002 0 1 2 1 1 100000001 0 1
256 2 800000008000 0 1 8000 f 1 100000001 0 1
256 2 8000000080000000 0 1 80000000 1f 1 100000001 0 1
256 0 100000000 2 1 1 0 0 100000000 0 1
256 0 100000000 2 1 2 0 0 100000000 0 1
256 0 100000000 2 1 8000 0 0 100000000 0 1
256 0 100000000 2 1 80000000 0 0 100000000 0 1
256 0 100000000 0 1 1 0 1 100000000 0 1
256 0 200000000 0 1 2 1 1 100000000 0 1
256 0 800000000000 0 1 8000 f 1 100000000 0 1
256 0 8000000000000000 0 1 80000000 1f 1 100000000 0 1
256 100000000 100000000 2 1 1 0 0 100000000 0 0
256 100000000 100000000 2 1 2 0 0 100000000 0 0
256 100000000 100000000 2 1 8000 0 0 100000000 0 0
256 100000000 100000000 2 1 80000000 0 0 100000000 0 0
256 100000000 100000000 0 1 1 0 1 100000000 0 0
256 100000000 200000000 0 1 2 1 1 100000000 0 0
256 100000000 800000000000 0 1 8000 f 1 100000000 0 0
256 100000000 8000000000000000 0 1 80000000 1f 1 100000000 0 0
256 100000001 100000000 2 1 1 0 0 100000000 0 0
256 100000001 100000000 2 1 2 0 0 100000000 0 0
256 100000001 100000000 2 1 8000 0 0 100000000 0 0
256 100000001 100000000 2 1 80000000 0 0 100000000 0 0
256 100000001 100000000 0 1 1 0 1 100000000 0 0
256 100000001 200000000 0 1 2 1 1 100000000 0 0
256 100000001 800000000000 0 1 8000 f 1 100000000 0 0
256 100000001 8000000000000000 0 1 80000000 1f 1 100000000 0 0
256 0 100000001 2 1 1 0 0 100000001 0 1
256 0 100000001 2 1 2 0 0 100000001 0 1
256 0 100000001 2 1 8000 0 0 100000001 0 1
256 0 100000001 2 1 80000000 0 0 100000001 0 1
256 0 100000001 0 1 1 0 1 100000001 0 1
256 0 200000002 0 1 2 1 1 100000001 0 1
256 0 800000008000 0 1 8000 f 1 100000001 0 1
256 0 8000000080000000 0 1 80000000 1f 1 100000001 0 1
256 100000000 100000001 2 1 1 0 0 100000001 0 1
256 100000000 100000001 2 1 2 0 0 100000001 0 1
256 100000000 100000001 2 1 8000 0 0 100000001 0 1
256 100000000 100000001 2 1 80000000 0 0 100000001 0 1
256 100000000 100000001 0 1 1 0 1 100000001 0 1
256 100000000 200000002 0 1 2 1 1 100000001 0 1
256 100000000 800000008000 0 1 8000 f 1 100000001 0 1
256 100000000 8000000080000000 0 1 80000000 1f 1 100000001 0 1
256 100000001 100000001 2 1 1 0 0 100000001 0 0
256 100000001 100000001 2 1 2 0 0 100000001 0 0
256 100000001 100000001 2 1 8000 0 0 100000001 0 0
256 100000001 100000001 2 1 80000000 0 0 100000001 0 0
256 100000001 100000001 0 1 1 0 1 100000001 0 0
256 100000001 200000002 0 1 2 1 1 100000001 0 0
256 100000001 800000008000 0 1 8000 f 1 100000001 0 0
256 100000001 8000000080000000 0 1 80000000 1f 1 100000001 0 0
256 0 100000000 2 1 1 0 0 100000000 0 1
256 0 100000000 2 1 2 0 0 100000000 0 1
256 0 100000000 2 1 8000 0 0 100000000 0 1
256 0 100000000 2 1 80000000 0 0 100000000 0 1
256 0 100000000 0 1 1 0 1 100000000 0 1
256 0 200000000 0 1 2 1 1 100000000 0 1
256 0 800000000000 0 1 8000 f 1 100000000 0 1
256 0 8000000000000000 0 1 80000000 1f 1 100000000 0 1
256 8000000000000000 100000000 2 1 1 0 0 8000000000000000 1f 0
256 8000000000000000 100000000 2 1 2 0 0 8000000000000000 1f 0
256 8000000000000000 100000000 2 1 8000 0 0 8000000000000000 1f 0
256 8000000000000000 100000000 2 1 80000000 0 0 8000000000000000 1f 0
256 8000000000000000 100000000 0 1 1 0 1 8000000000000000 1f 0
256 8000000000000000 200000000 0 1 2 1 1 8000000000000000 1f 0
256 8000000000000000 800000000000 0 1 8000 f 1 8000000000000000 1f 0
256 8000000000000000 8000000000000000 0 1 80000000 1f 1 8000000000000000 1f 0
256 8000000000000001 100000000 2 1 1 0 0 8000000000000000 1f 0
256 8000000000000001 100000000 2 1 2 0 0 8000000000000000 1f 0
256 8000000000000001 100000000 2 1 8000 0 0 8000000000000000 1f 0
256 8000000000000001 100000000 2 1 80000000 0 0 8000000000000000 1f 0
256 8000000000000001 100000000 0 1 1 0 1 8000000000000000 1f 0
256 8000000000000001 200000000 0 1 2 1 1 8000000000000000 1f 0
256 8000000000000001 800000000000 0 1 8000 f 1 8000000000000000 1f 0
256 8000000000000001 8000000000000000 0 1 80000000 1f 1 8000000000000000 1f 0
256 0 100000001 2 1 1 0 0 100000001 0 1
256 0 100000001 2 1 2 0 0 100000001 0 1
256 0 100000001 2 1 8000 0 0 100000001 0 1
256 0 100000001 2 1 80000000 0 0 100000001 0 1
256 0 100000001 0 1 1 0 1 100000001 0 1
256 0 200000002 0 1 2 1 1 100000001 0 1
256 0 800000008000 0 1 8000 f 1 100000001 0 1
256 0 8000000080000000 0 1 80000000 1f 1 100000001 0 1
256 8000000000000000 100000001 2 1 1 0 0 4000000040000000 1e 0
256 8000000000000000 100000001 2 1 2 0 0 4000000040000000 1e 0
256 8000000000000000 100000001 2 1 8000 0 0 4000000040000000 1e 0
256 8000000000000000 100000001 2 1 80000000 0 0 4000000040000000 1e 0
256 8000000000000000 100000001 0 1 1 0 1 4000000040000000 1e 0
256 8000000000000000 200000002 0 1 2 1 1 4000000040000000 1e 0
256 8000000000000000 800000008000 0 1 8000 f 1 4000000040000000 1e 0
256 8000000000000000 8000000080000000 0 1 80000000 1f 1 4000000040000000 1e 0
256 8000000000000001 100000001 2 1 1 0 0 4000000040000000 1e 0
256 8000000000000001 100000001 2 1 2 0 0 4000000040000000 1e 0
256 8000000000000001 100000001 2 1 8000 0 0 4000000040000000 1e 0
256 8000000000000001 100000001 2 1 80000000 0 0 4000000040000000 1e 0
256 8000000000000001 100000001 0 1 1 0 1 4000000040000000 1e 0
256 8000000000000001 200000002 0 1 2 1 1 4000000040000000 1e 0
256 8000000000000001 800000008000 0 1 8000 f 1 4000000040000000 1e 0
256 8000000000000001 8000000080000000 0 1 80000000 1f 1 4000000040000000 1e 0
256 0 80000000000000000000000000000000 2 1 1 0 0 80000000000000000000000000000000 0 1
256 0 80000000000000000000000000000000 2 1 2 0 0 80000000000000000000000000000000 0 1
256 0 80000000000000000000000000000000 2 1 8000 0 0 80000000000000000000000000000000 0 1
256 0 80000000000000000000000000000000 2 1 80000000 0 0 80000000000000000000000000000000 0 1
256 0 80000000000000000000000000000000 0 1 1 0 1 80000000000000000000000000000000 0 1
256 0 100000000000000000000000000000000 0 1 2 1 1 80000000000000000000000000000000 0 1
256 0 400000000000000000000000000000000000 0 1 8000 f 1 80000000000000000000000000000000 0 1
256 0 4000000000000000000000000000000000000000 0 1 80000000 1f 1 80000000000000000000000000000000 0 1
256 1 80000000000000000000000000000000 2 1 1 0 0 80000000000000000000000000000000 0 1
256 1 80000000000000000000000000000000 2 1 2 0 0 80000000000000000000000000000000 0 1
256 1 80000000000000000000000000000000 2 1 8000 0 0 80000000000000000000000000000000 0 1
256 1 80000000000000000000000000000000 2 1 80000000 0 0 80000000000000000000000000000000 0 1
256 1 80000000000000000000000000000000 0 1 1 0 1 80000000000000000000000000000000 0 1
256 1 100000000000000000000000000000000 0 1 2 1 1 80000000000000000000000000000000 0 1
256 1 400000000000000000000000000000000000 0 1 8000 f 1 80000000000000000000000000000000 0 1
256 1 4000000000000000000000000000000000000000 0 1 80000000 1f 1 80000000000000000000000000000000 0 1
256 2 80000000000000000000000000000000 2 1 1 0 0 80000000000000000000000000000000 0 1
256 2 80000000000000000000000000000000 2 1 2 0 0 80000000000000000000000000000000 0 1
256 2 80000000000000000000000000000000 2 1 8000 0 0 80000000000000000000000000000000 0 1
256 2 80000000000000000000000000000000 2 1 80000000 0 0 80000000000000000000000000000000 0 1
256 2 80000000000000000000000000000000 0 1 1 0 1 80000000000000000000000000000000 0 1
256 2 100000000000000000000000000000000 0 1 2 1 1 80000000000000000000000000000000 0 1
256 2 400000000000000000000000000000000000 0 1 8000 f 1 80000000000000000000000000000000 0 1
256 2 4000000000000000000000000000000000000000 0 1 80000000 1f 1 80000000000000000000000000000000 0 1
256 0 80000000000000000000000000000001 2 1 1 0 0 80000000000000000000000000000001 0 1
256 0 80000000000000000000000000000001 2 1 2 0 0 80000000000000000000000000000001 0 1
256 0 80000000000000000000000000000001 2 1 8000 0 0 80000000000000000000000000000001 0 1
256 0 80000000000000000000000000000001 2 1 80000000 0 0 80000000000000000000000000000001 0 1
256 0 80000000000000000000000000000001 0 1 1 0 1 80000000000000000000000000000001 0 1
256 0 100000000000000000000000000000002 0 1 2 1 1 80000000000000000000000000000001 0 1
256 0 400000000000000000000000000000008000 0 1 8000 f 1 80000000000000000000000000000001 0 1
256 0 4000000000000000000000000000000080000000 0 1 80000000 1f 1 80000000000000000000000000000001 0 1
256 1 80000000000000000000000000000001 2 1 1 0 0 80000000000000000000000000000001 0 1
256 1 80000000000000000000000000000001 2 1 2 0 0 80000000000000000000000000000001 0 1
256 1 80000000000000000000000000000001 2 1 8000 0 0 80000000000000000000000000000001 0 1
256 1 80000000000000000000000000000001 2 1 80000000 0 0 80000000000000000000000000000001 0 1
256 1 80000000000000000000000000000001 0 1 1 0 1 80000000000000000000000000000001 0 1
256 1 100000000000000000000000000000002 0 1 2 1 1 80000000000000000000000000000001 0 1
256 1 400000000000000000000000000000008000 0 1 8000 f 1 80000000000000000000000000000001 0 1
256 1 4000000000000000000000000000000080000000 0 1 80000000 1f 1 80000000000000000000000000000001 0 1
256 2 80000000000000000000000000000001 2 1 1 0 0 80000000000000000000000000000001 0 1
256 2 80000000000000000000000000000001 2 1 2 0 0 80000000000000000000000000000001 0 1
256 2 80000000000000000000000000000001 2 1 8000 0 0 80000000000000000000000000000001 0 1
256 2 80000000000000000000000000000001 2 1 80000000 0 0 80000000000000000000000000000001 0 1
256 2 80000000000000000000000000000001 0 1 1 0 1 80000000000000000000000000000001 0 1
256 2 100000000000000000000000000000002 0 1 2 1 1 80000000000000000000000000000001 0 1
256 2 400000000000000000000000000000008000 0 1 8000 f 1 80000000000000000000000000000001 0 1
256 2 4000000000000000000000000000000080000000 0 1 80000000 1f 1 80000000000000000000000000000001 0 1
256 0 80000000000000000000000000000000 2 1 1 0 0 80000000000000000000000000000000 0 1
256 0 80000000000000000000000000000000 2 1 2 0 0 80000000000000000000000000000000 0 1
256 0 80000000000000000000000000000000 2 1 8000 0 0 80000000000000000000000000000000 0 1
256 0 80000000000000000000000000000000 2 1 80000000 0 0 80000000000000000000000000000000 0 1
256 0 80000000000000000000000000000000 0 1 1 0 1 80000000000000000000000000000000 0 1
256 0 100000000000000000000000000000000 0 1 2 1 1 80000000000000000000000000000000 0 1
256 0 400000000000000000000000000000000000 0 1 8000 f 1 80000000000000000000000000000000 0 1
256 0 4000000000000000000000000000000000000000 0 1 80000000 1f 1 80000000000000000000000000000000 0 1
256 400000000000000000000000 80000000000000000000000000000000 2 1 1 0 0 80000000000000000000000000000000 0 1
256 400000000000000000000000 80000000000000000000000000000000 2 1 2 0 0 80000000000000000000000000000000 0 1
256 400000000000000000000000 80000000000000000000000000000000 2 1 8000 0 0 80000000000000000000000000000000 0 1
256 400000000000000000000000 80000000000000000000000000000000 2 1 80000000 0 0 80000000000000000000000000000000 0 1
256 400000000000000000000000 80000000000000000000000000000000 0 1 1 0 1 80000000000000000000000000000000 0 1
256 400000000000000000000000 100000000000000000000000000000000 0 1 2 1 1 80000000000000000000000000000000 0 1
256 400000000000000000000000 400000000000000000000000000000000000 0 1 8000 f 1 80000000000000000000000000000000 0 1
256 400000000000000000000000 4000000000000000000000000000000000000000 0 1 80000000 1f 1 80000000000000000000000000000000 0 1
256 400000000000000000000001 80000000000000000000000000000000 2 1 1 0 0 80000000000000000000000000000000 0 1
256 400000000000000000000001 80000000000000000000000000000000 2 1 2 0 0 80000000000000000000000000000000 0 1
256 400000000000000000000001 80000000000000000000000000000000 2 1 8000 0 0 80000000000000000000000000000000 0 1
256 400000000000000000000001 80000000000000000000000000000000 2 1 80000000 0 0 80000000000000000000000000000000 0 1
256 400000000000000000000001 80000000000000000000000000000000 0 1 1 0 1 80000000000000000000000000000000 0 1
256 400000000000000000000001 100000000000000000000000000000000 0 1 2 1 1 80000000000000000000000000000000 0 1
256 400000000000000000000001 400000000000000000000000000000000000 0 1 8000 f 1 80000000000000000000000000000000 0 1
256 400000000000000000000001 4000000000000000000000000000000000000000 0 1 80000000 1f 1 80000000000000000000000000000000 0 1
256 0 80000000000000000000000000000001 2 1 1 0 0 80000000000000000000000000000001 0 1
256 0 80000000000000000000000000000001 2 1 2 0 0 80000000000000000000000000000001 0 1
256 0 80000000000000000000000000000001 2 1 8000 0 0 80000000000000000000000000000001 0 1
256 0 80000000000000000000000000000001 2 1 80000000 0 0 80000000000000000000000000000001 0 1
256 0 80000000000000000000000000000001 0 1 1 0 1 80000000000000000000000000000001 0 1
256 0 100000000000000000000000000000002 0 1 2 1 1 80000000000000000000000000000001 0 1
256 0 400000000000000000000000000000008000 0 1 8000 f 1 80000000000000000000000000000001 0 1
256 0 4000000000000000000000000000000080000000 0 1 80000000 1f 1 80000000000000000000000000000001 0 1
256 400000000000000000000000 80000000000000000000000000000001 2 1 1 0 0 80000000000000000000000000000001 0 1
256 400000000000000000000000 80000000000000000000000000000001 2 1 2 0 0 80000000000000000000000000000001 0 1
256 400000000000000000000000 80000000000000000000000000000001 2 1 8000 0 0 80000000000000000000000000000001 0 1
256 400000000000000000000000 80000000000000000000000000000001 2 1 80000000 0 0 80000000000000000000000000000001 0 1
256 400000000000000000000000 80000000000000000000000000000001 0 1 1 0 1 80000000000000000000000000000001 0 1
256 400000000000000000000000 100000000000000000000000000000002 0 1 2 1 1 80000000000000000000000000000001 0 1
256 400000000000000000000000 400000000000000000000000000000008000 0 1 8000 f 1 80000000000000000000000000000001 0 1
256 400000000000000000000000 4000000000000000000000000000000080000000 0 1 80000000 1f 1 80000000000000000000000000000001 0 1
256 400000000000000000000001 80000000000000000000000000000001 2 1 1 0 0 80000000000000000000000000000001 0 1
256 400000000000000000000001 80000000000000000000000000000001 2 1 2 0 0 80000000000000000000000000000001 0 1
256 400000000000000000000001 80000000000000000000000000000001 2 1 8000 0 0 80000000000000000000000000000001 0 1
256 400000000000000000000001 80000000000000000000000000000001 2 1 80000000 0 0 80000000000000000000000000000001 0 1
256 400000000000000000000001 80000000000000000000000000000001 0 1 1 0 1 80000000000000000000000000000001 0 1
256 400000000000000000000001 100000000000000000000000000000002 0 1 2 1 1 80000000000000000000000000000001 0 1
256 400000000000000000000001 400000000000000000000000000000008000 0 1 8000 f 1 80000000000000000000000000000001 0 1
256 400000000000000000000001 4000000000000000000000000000000080000000 0 1 80000000 1f 1 80000000000000000000000000000001 0 1
256 0 80000000000000000000000000000000 2 1 1 0 0 80000000000000000000000000000000 0 1
256 0 80000000000000000000000000000000 2 1 2 0 0 80000000000000000000000000000000 0 1
256 0 80000000000000000000000000000000 2 1 8000 0 0 80000000000000000000000000000000 0 1
256 0 80000000000000000000000000000000 2 1 80000000 0 0 80000000000000000000000000000000 0 1
256 0 80000000000000000000000000000000 0 1 1 0 1 80000000000000000000000000000000 0 1
256 0 100000000000000000000000000000000 0 1 2 1 1 80000000000000000000000000000000 0 1
256 0 400000000000000000000000000000000000 0 1 8000 f 1 80000000000000000000000000000000 0 1
256 0 4000000000000000000000000000000000000000 0 1 80000000 1f 1 80000000000000000000000000000000 0 1
256 80000000000000000000000000000000 80000000000000000000000000000000 2 1 1 0 0 80000000000000000000000000000000 0 0
256 80000000000000000000000000000000 80000000000000000000000000000000 2 1 2 0 0 80000000000000000000000000000000 0 0
256 80000000000000000000000000000000 80000000000000000000000000000000 2 1 8000 0 0 80000000000000000000000000000000 0 0
256 80000000000000000000000000000000 80000000000000000000000000000000 2 1 80000000 0 0 80000000000000000000000000000000 0 0
256 80000000000000000000000000000000 80000000000000000000000000000000 0 1 1 0 1 80000000000000000000000000000000 0 0
256 80000000000000000000000000000000 100000000000000000000000000000000 0 1 2 1 1 80000000000000000000000000000000 0 0
256 80000000000000000000000000000000 400000000000000000000000000000000000 0 1 8000 f 1 80000000000000000000000000000000 0 0
256 80000000000000000000000000000000 4000000000000000000000000000000000000000 0 1 80000000 1f 1 80000000000000000000000000000000 0 0
256 80000000000000000000000000000001 80000000000000000000000000000000 2 1 1 0 0 80000000000000000000000000000000 0 0
256 80000000000000000000000000000001 80000000000000000000000000000000 2 1 2 0 0 80000000000000000000000000000000 0 0
256 80000000000000000000000000000001 80000000000000000000000000000000 2 1 8000 0 0 80000000000000000000000000000000 0 0
256 80000000000000000000000000000001 80000000000000000000000000000000 2 1 80000000 0 0 80000000000000000000000000000000 0 0
256 80000000000000000000000000000001 80000000000000000000000000000000 0 1 1 0 1 80000000000000000000000000000000 0 0
256 80000000000000000000000000000001 100000000000000000000000000000000 0 1 2 1 1 80000000000000000000000000000000 0 0
256 80000000000000000000000000000001 400000000000000000000000000000000000 0 1 8000 f 1 80000000000000000000000000000000 0 0
256 80000000000000000000000000000001 4000000000000000000000000000000000000000 0 1 80000000 1f 1 80000000000000000000000000000000 0 0
256 0 80000000000000000000000000000001 2 1 1 0 0 80000000000000000000000000000001 0 1
256 0 80000000000000000000000000000001 2 1 2 0 0 80000000000000000000000000000001 0 1
256 0 80000000000000000000000000000001 2 1 8000 0 0 80000000000000000000000000000001 0 1
256 0 80000000000000000000000000000001 2 1 80000000 0 0 80000000000000000000000000000001 0 1
256 0 80000000000000000000000000000001 0 1 1 0 1 80000000000000000000000000000001 0 1
256 0 100000000000000000000000000000002 0 1 2 1 1 80000000000000000000000000000001 0 1
256 0 400000000000000000000000000000008000 0 1 8000 f 1 80000000000000000000000000000001 0 1
256 0 4000000000000000000000000000000080000000 0 1 80000000 1f 1 80000000000000000000000000000001 0 1
256 80000000000000000000000000000000 80000000000000000000000000000001 2 1 1 0 0 80000000000000000000000000000001 0 1
256 80000000000000000000000000000000 80000000000000000000000000000001 2 1 2 0 0 80000000000000000000000000000001 0 1
256 80000000000000000000000000000000 80000000000000000000000000000001 2 1 8000 0 0 80000000000000000000000000000001 0 1
256 80000000000000000000000000000000 80000000000000000000000000000001 2 1 80000000 0 0 80000000000000000000000000000001 0 1
256 80000000000000000000000000000000 80000000000000000000000000000001 0 1 1 0 1 80000000000000000000000000000001 0 1
256 80000000000000000000000000000000 100000000000000000000000000000002 0 1 2 1 1 80000000000000000000000000000001 0 1
256 80000000000000000000000000000000 400000000000000000000000000000008000 0 1 8000 f 1 80000000000000000000000000000001 0 1
256 80000000000000000000000000000000 4000000000000000000000000000000080000000 0 1 80000000 1f 1 80000000000000000000000000000001 0 1
256 80000000000000000000000000000001 80000000000000000000000000000001 2 1 1 0 0 80000000000000000000000000000001 0 0
256 80000000000000000000000000000001 80000000000000000000000000000001 2 1 2 0 0 80000000000000000000000000000001 0 0
256 80000000000000000000000000000001 80000000000000000000000000000001 2 1 8000 0 0 80000000000000000000000000000001 0 0
256 80000000000000000000000000000001 80000000000000000000000000000001 2 1 80000000 0 0 80000000000000000000000000000001 0 0
256 80000000000000000000000000000001 80000000000000000000000000000001 0 1 1 0 1 80000000000000000000000000000001 0 0
256 80000000000000000000000000000001 100000000000000000000000000000002 0 1 2 1 1 80000000000000000000000000000001 0 0
256 80000000000000000000000000000001 400000000000000000000000000000008000 0 1 8000 f 1 80000000000000000000000000000001 0 0
256 80000000000000000000000000000001 4000000000000000000000000000000080000000 0 1 80000000 1f 1 80000000000000000000000000000001 0 0
256 0 80000000000000000000000000000000 2 1 1 0 0 80000000000000000000000000000000 0 1
256 0 80000000000000000000000000000000 2 1 2 0 0 80000000000000000000000000000000 0 1
256 0 80000000000000000000000000000000 2 1 8000 0 0 80000000000000000000000000000000 0 1
256 0 80000000000000000000000000000000 2 1 80000000 0 0 80000000000000000000000000000000 0 1
256 0 80000000000000000000000000000000 0 1 1 0 1 80000000000000000000000000000000 0 1
256 0 100000000000000000000000000000000 0 1 2 1 1 80000000000000000000000000000000 0 1
256 0 400000000000000000000000000000000000 0 1 8000 f 1 80000000000000000000000000000000 0 1
256 0 4000000000000000000000000000000000000000 0 1 80000000 1f 1 80000000000000000000000000000000 0 1
256 4000000000000000000000000000000000000000 80000000000000000000000000000000 2 1 1 0 0 4000000000000000000000000000000000000000 1f 0
256 4000000000000000000000000000000000000000 80000000000000000000000000000000 2 1 2 0 0 4000000000000000000000000000000000000000 1f 0
256 4000000000000000000000000000000000000000 80000000000000000000000000000000 2 1 8000 0 0 4000000000000000000000000000000000000000 1f 0
256 4000000000000000000000000000000000000000 80000000000000000000000000000000 2 1 80000000 0 0 4000000000000000000000000000000000000000 1f 0
256 4000000000000000000000000000000000000000 80000000000000000000000000000000 0 1 1 0 1 4000000000000000000000000000000000000000 1f 0
256 4000000000000000000000000000000000000000 100000000000000000000000000000000 0 1 2 1 1 4000000000000000000000000000000000000000 1f 0
256 4000000000000000000000000000000000000000 400000000000000000000000000000000000 0 1 8000 f 1 4000000000000000000000000000000000000000 1f 0
256 4000000000000000000000000000000000000000 4000000000000000000000000000000000000000 0 1 80000000 1f 1 4000000000000000000000000000000000000000 1f 0
256 4000000000000000000000000000000000000001 80000000000000000000000000000000 2 1 1 0 0 4000000000000000000000000000000000000000 1f 0
256 4000000000000000000000000000000000000001 80000000000000000000000000000000 2 1 2 0 0 4000000000000000000000000000000000000000 1f 0
256 4000000000000000000000000000000000000001 80000000000000000000000000000000 2 1 8000 0 0 4000000000000000000000000000000000000000 1f 0
256 4000000000000000000000000000000000000001 80000000000000000000000000000000 2 1 80000000 0 0 4000000000000000000000000000000000000000 1f 0
256 4000000000000000000000000000000000000001 80000000000000000000000000000000 0 1 1 0 1 4000000000000000000000000000000000000000 1f 0
256 4000000000000000000000000000000000000001 100000000000000000000000000000000 0 1 2 1 1 4000000000000000000000000000000000000000 1f 0
256 4000000000000000000000000000000000000001 400000000000000000000000000000000000 0 1 8000 f 1 4000000000000000000000000000000000000000 1f 0
256 4000000000000000000000000000000000000001 4000000000000000000000000000000000000000 0 1 80000000 1f 1 4000000000000000000000000000000000000000 1f 0
256 0 80000000000000000000000000000001 2 1 1 0 0 80000000000000000000000000000001 0 1
256 0 80000000000000000000000000000001 2 1 2 0 0 80000000000000000000000000000001 0 1
256 0 80000000000000000000000000000001 2 1 8000 0 0 80000000000000000000000000000001 0 1
256 0 80000000000000000000000000000001 2 1 80000000 0 0 80000000000000000000000000000001 0 1
256 0 80000000000000000000000000000001 0 1 1 0 1 80000000000000000000000000000001 0 1
256 0 100000000000000000000000000000002 0 1 2 1 1 80000000000000000000000000000001 0 1
256 0 400000000000000000000000000000008000 0 1 8000 f 1 80000000000000000000000000000001 0 1
256 0 4000000000000000000000000000000080000000 0 1 80000000 1f 1 80000000000000000000000000000001 0 1
256 4000000000000000000000000000000000000000 80000000000000000000000000000001 2 1 1 0 0 2000000000000000000000000000000040000000 1e 0
256 4000000000000000000000000000000000000000 80000000000000000000000000000001 2 1 2 0 0 2000000000000000000000000000000040000000 1e 0
256 4000000000000000000000000000000000000000 80000000000000000000000000000001 2 1 8000 0 0 2000000000000000000000000000000040000000 1e 0
256 4000000000000000000000000000000000000000 80000000000000000000000000000001 2 1 80000000 0 0 2000000000000000000000000000000040000000 1e 0
256 4000000000000000000000000000000000000000 80000000000000000000000000000001 0 1 1 0 1 2000000000000000000000000000000040000000 1e 0
256 4000000000000000000000000000000000000000 100000000000000000000000000000002 0 1 2 1 1 2000000000000000000000000000000040000000 1e 0
256 4000000000000000000000000000000000000000 400000000000000000000000000000008000 0 1 8000 f 1 2000000000000000000000000000000040000000 1e 0
256 4000000000000000000000000000000000000000 4000000000000000000000000000000080000000 0 1 80000000 1f 1 2000000000000000000000000000000040000000 1e 0
256 4000000000000000000000000000000000000001 80000000000000000000000000000001 2 1 1 0 0 2000000000000000000000000000000040000000 1e 0
256 4000000000000000000000000000000000000001 80000000000000000000000000000001 2 1 2 0 0 2000000000000000000000000000000040000000 1e 0
256 4000000000000000000000000000000000000001 80000000000000000000000000000001 2 1 8000 0 0 2000000000000000000000000000000040000000 1e 0
256 4000000000000000000000000000000000000001 80000000000000000000000000000001 2 1 80000000 0 0 2000000000000000000000000000000040000000 1e 0
256 4000000000000000000000000000000000000001 80000000000000000000000000000001 0 1 1 0 1 2000000000000000000000000000000040000000 1e 0
256 4000000000000000000000000000000000000001 100000000000000000000000000000002 0 1 2 1 1 2000000000000000000000000000000040000000 1e 0
256 4000000000000000000000000000000000000001 400000000000000000000000000000008000 0 1 8000 f 1 2000000000000000000000000000000040000000 1e 0
256 4000000000000000000000000000000000000001 4000000000000000000000000000000080000000 0 1 80000000 1f 1 2000000000000000000000000000000040000000 1e 0
256 0 100000000000000000000000000000000 2 1 1 0 0 100000000000000000000000000000000 0 1
256 0 100000000000000000000000000000000 2 1 2 0 0 100000000000000000000000000000000 0 1
256 0 100000000000000000000000000000000 2 1 8000 0 0 100000000000000000000000000000000 0 1
256 0 100000000000000000000000000000000 2 1 80000000 0 0 100000000000000000000000000000000 0 1
256 0 100000000000000000000000000000000 0 1 1 0 1 100000000000000000000000000000000 0 1
256 0 200000000000000000000000000000000 0 1 2 1 1 100000000000000000000000000000000 0 1
256 0 800000000000000000000000000000000000 0 1 8000 f 1 100000000000000000000000000000000 0 1
256 0 8000000000000000000000000000000000000000 0 1 80000000 1f 1 100000000000000000000000000000000 0 1
256 1 100000000000000000000000000000000 2 1 1 0 0 100000000000000000000000000000000 0 1
256 1 100000000000000000000000000000000 2 1 2 0 0 100000000000000000000000000000000 0 1
256 1 100000000000000000000000000000000 2 1 8000 0 0 100000000000000000000000000000000 0 1
256 1 100000000000000000000000000000000 2 1 80000000 0 0 100000000000000000000000000000000 0 1
256 1 100000000000000000000000000000000 0 1 1 0 1 100000000000000000000000000000000 0 1
256 1 200000000000000000000000000000000 0 1 2 1 1 100000000000000000000000000000000 0 1
256 1 800000000000000000000000000000000000 0 1 8000 f 1 100000000000000000000000000000000 0 1
256 1 8000000000000000000000000000000000000000 0 1 80000000 1f 1 100000000000000000000000000000000 0 1
256 2 100000000000000000000000000000000 2 1 1 0 0 100000000000000000000000000000000 0 1
256 2 100000000000000000000000000000000 2 1 2 0 0 100000000000000000000000000000000 0 1
256 2 100000000000000000000000000000000 2 1 8000 0 0 100000000000000000000000000000000 0 1
256 2 100000000000000000000000000000000 2 1 80000000 0 0 100000000000000000000000000000000 0 1
256 2 100000000000000000000000000000000 0 1 1 0 1 100000000000000000000000000000000 0 1
256 2 200000000000000000000000000000000 0 1 2 1 1 100000000000000000000000000000000 0 1
256 2 800000000000000000000000000000000000 0 1 8000 f 1 100000000000000000000000000000000 0 1
256 2 8000000000000000000000000000000000000000 0 1 80000000 1f 1 100000000000000000000000000000000 0 1
256 0 100000000000000000000000000000001 2 1 1 0 0 100000000000000000000000000000001 0 1
256 0 100000000000000000000000000000001 2 1 2 0 0 100000000000000000000000000000001 0 1
256 0 100000000000000000000000000000001 2 1 8000 0 0 100000000000000000000000000000001 0 1
256 0 100000000000000000000000000000001 2 1 80000000 0 0 100000000000000000000000000000001 0 1
256 0 100000000000000000000000000000001 0 1 1 0 1 100000000000000000000000000000001 0 1
256 0 200000000000000000000000000000002 0 1 2 1 1 100000000000000000000000000000001 0 1
256 0 800000000000000000000000000000008000 0 1 8000 f 1 100000000000000000000000000000001 0 1
256 0 8000000000000000000000000000000080000000 0 1 80000000 1f 1 100000000000000000000000000000001 0 1
256 1 100000000000000000000000000000001 2 1 1 0 0 100000000000000000000000000000001 0 1
256 1 100000000000000000000000000000001 2 1 2 0 0 100000000000000000000000000000001 0 1
256 1 100000000000000000000000000000001 2 1 8000 0 0 100000000000000000000000000000001 0 1
256 1 100000000000000000000000000000001 2 1 80000000 0 0 100000000000000000000000000000001 0 1
256 1 100000000000000000000000000000001 0 1 1 0 1 100000000000000000000000000000001 0 1
256 1 200000000000000000000000000000002 0 1 2 1 1 100000000000000000000000000000001 0 1
256 1 800000000000000000000000000000008000 0 1 8000 f 1 100000000000000000000000000000001 0 1
256 1 8000000000000000000000000000000080000000 0 1 80000000 1f 1 100000000000000000000000000000001 0 1
256 2 100000000000000000000000000000001 2 1 1 0 0 100000000000000000000000000000001 0 1
256 2 100000000000000000000000000000001 2 1 2 0 0 100000000000000000000000000000001 0 1
256 2 100000000000000000000000000000001 2 1 8000 0 0 100000000000000000000000000000001 0 1
256 2 100000000000000000000000000000001 2 1 80000000 0 0 100000000000000000000000000000001 0 1
256 2 100000000000000000000000000000001 0 1 1 0 1 100000000000000000000000000000001 0 1
256 2 200000000000000000000000000000002 0 1 2 1 1 100000000000000000000000000000001 0 1
256 2 800000000000000000000000000000008000 0 1 8000 f 1 100000000000000000000000000000001 0 1
256 2 8000000000000000000000000000000080000000 0 1 80000000 1f 1 100000000000000000000000000000001 0 1
256 0 100000000000000000000000000000000 2 1 1 0 0 100000000000000000000000000000000 0 1
256 0 100000000000000000000000000000000 2 1 2 0 0 100000000000000000000000000000000 0 1
256 0 100000000000000000000000000000000 2 1 8000 0 0 100000000000000000000000000000000 0 1
256 0 100000000000000000000000000000000 2 1 80000000 0 0 100000000000000000000000000000000 0 1
256 0 100000000000000000000000000000000 0 1 1 0 1 100000000000000000000000000000000 0 1
256 0 200000000000000000000000000000000 0 1 2 1 1 100000000000000000000000000000000 0 1
256 0 800000000000000000000000000000000000 0 1 8000 f 1 100000000000000000000000000000000 0 1
256 0 8000000000000000000000000000000000000000 0 1 80000000 1f 1 100000000000000000000000000000000 0 1
256 800000000000000000000000 100000000000000000000000000000000 2 1 1 0 0 100000000000000000000000000000000 0 1
256 800000000000000000000000 100000000000000000000000000000000 2 1 2 0 0 100000000000000000000000000000000 0 1
256 800000000000000000000000 100000000000000000000000000000000 2 1 8000 0 0 100000000000000000000000000000000 0 1
256 800000000000000000000000 100000000000000000000000000000000 2 1 80000000 0 0 100000000000000000000000000000000 0 1
256 800000000000000000000000 100000000000000000000000000000000 0 1 1 0 1 100000000000000000000000000000000 0 1
256 800000000000000000000000 200000000000000000000000000000000 0 1 2 1 1 100000000000000000000000000000000 0 1
256 800000000000000000000000 800000000000000000000000000000000000 0 1 8000 f 1 100000000000000000000000000000000 0 1
256 800000000000000000000000 8000000000000000000000000000000000000000 0 1 80000000 1f 1 100000000000000000000000000000000 0 1
256 800000000000000000000001 100000000000000000000000000000000 2 1 1 0 0 100000000000000000000000000000000 0 1
256 800000000000000000000001 100000000000000000000000000000000 2 1 2 0 0 100000000000000000000000000000000 0 1
256 800000000000000000000001 100000000000000000000000000000000 2 1 8000 0 0 100000000000000000000000000000000 0 1
256 800000000000000000000001 100000000000000000000000000000000 2 1 80000000 0 0 100000000000000000000000000000000 0 1
256 800000000000000000000001 100000000000000000000000000000000 0 1 1 0 1 100000000000000000000000000000000 0 1
256 800000000000000000000001 200000000000000000000000000000000 0 1 2 1 1 100000000000000000000000000000000 0 1
256 800000000000000000000001 800000000000000000000000000000000000 0 1 8000 f 1 100000000000000000000000000000000 0 1
256 800000000000000000000001 8000000000000000000000000000000000000000 0 1 80000000 1f 1 100000000000000000000000000000000 0 1
256 0 100000000000000000000000000000001 2 1 1 0 0 100000000000000000000000000000001 0 1
256 0 100000000000000000000000000000001 2 1 2 0 0 100000000000000000000000000000001 0 1
256 0 100000000000000000000000000000001 2 1 8000 0 0 100000000000000000000000000000001 0 1
256 0 100000000000000000000000000000001 2 1 80000000 0 0 100000000000000000000000000000001 0 1
256 0 100000000000000000000000000000001 0 1 1 0 1 100000000000000000000000000000001 0 1
256 0 200000000000000000000000000000002 0 1 2 1 1 100000000000000000000000000000001 0 1
256 0 800000000000000000000000000000008000 0 1 8000 f 1 100000000000000000000000000000001 0 1
256 0 8000000000000000000000000000000080000000 0 1 80000000 1f 1 100000000000000000000000000000001 0 1
256 800000000000000000000000 100000000000000000000000000000001 2 1 1 0 0 100000000000000000000000000000001 0 1
256 800000000000000000000000 100000000000000000000000000000001 2 1 2 0 0 100000000000000000000000000000001 0 1
256 800000000000000000000000 100000000000000000000000000000001 2 1 8000 0 0 100000000000000000000000000000001 0 1
256 800000000000000000000000 100000000000000000000000000000001 2 1 80000000 0 0 100000000000000000000000000000001 0 1
256 800000000000000000000000 100000000000000000000000000000001 0 1 1 0 1 100000000000000000000000000000001 0 1
256 800000000000000000000000 200000000000000000000000000000002 0 1 2 1 1 100000000000000000000000000000001 0 1
256 800000000000000000000000 800000000000000000000000000000008000 0 1 8000 f 1 100000000000000000000000000000001 0 1
256 800000000000000000000000 8000000000000000000000000000000080000000 0 1 80000000 1f 1 100000000000000000000000000000001 0 1
256 800000000000000000000001 100000000000000000000000000000001 2 1 1 0 0 100000000000000000000000000000001 0 1
256 800000000000000000000001 100000000000000000000000000000001 2 1 2 0 0 100000000000000000000000000000001 0 1
256 800000000000000000000001 100000000000000000000000000000001 2 1 8000 0 0 100000000000000000000000000000001 0 1
256 800000000000000000000001 100000000000000000000000000000001 2 1 80000000 0 0 100000000000000000000000000000001 0 1
256 800000000000000000000001 100000000000000000000000000000001 0 1 1 0 1 100000000000000000000000000000001 0 1
256 800000000000000000000001 200000000000000000000000000000002 0 1 2 1 1 100000000000000000000000000000001 0 1
256 800000000000000000000001 800000000000000000000000000000008000 0 1 8000 f 1 100000000000000000000000000000001 0 1
256 800000000000000000000001 8000000000000000000000000000000080000000 0 1 80000000 1f 1 100000000000000000000000000000001 0 1
256 0 100000000000000000000000000000000 2 1 1 0 0 100000000000000000000000000000000 0 1
256 0 100000000000000000000000000000000 2 1 2 0 0 100000000000000000000000000000000 0 1
256 0 100000000000000000000000000000000 2 1 8000 0 0 100000000000000000000000000000000 0 1
256 0 100000000000000000000000000000000 2 1 80000000 0 0 100000000000000000000000000000000 0 1
256 0 100000000000000000000000000000000 0 1 1 0 1 100000000000000000000000000000000 0 1
256 0 200000000000000000000000000000000 0 1 2 1 1 100000000000000000000000000000000 0 1
256 0 800000000000000000000000000000000000 0 1 8000 f 1 100000000000000000000000000000000 0 1
256 0 8000000000000000000000000000000000000000 0 1 80000000 1f 1 100000000000000000000000000000000 0 1
256 100000000000000000000000000000000 100000000000000000000000000000000 2 1 1 0 0 100000000000000000000000000000000 0 0
256 100000000000000000000000000000000 100000000000000000000000000000000 2 1 2 0 0 100000000000000000000000000000000 0 0
256 100000000000000000000000000000000 100000000000000000000000000000000 2 1 8000 0 0 100000000000000000000000000000000 0 0
256 100000000000000000000000000000000 100000000000000000000000000000000 2 1 80000000 0 0 100000000000000000000000000000000 0 0
256 100000000000000000000000000000000 100000000000000000000000000000000 0 1 1 0 1 100000000000000000000000000000000 0 0
256 100000000000000000000000000000000 200000000000000000000000000000000 0 1 2 1 1 100000000000000000000000000000000 0 0
256 100000000000000000000000000000000 800000000000000000000000000000000000 0 1 8000 f 1 100000000000000000000000000000000 0 0
256 100000000000000000000000000000000 8000000000000000000000000000000000000000 0 1 80000000 1f 1 100000000000000000000000000000000 0 0
256 100000000000000000000000000000001 100000000000000000000000000000000 2 1 1 0 0 100000000000000000000000000000000 0 0
256 100000000000000000000000000000001 100000000000000000000000000000000 2 1 2 0 0 100000000000000000000000000000000 0 0
256 100000000000000000000000000000001 100000000000000000000000000000000 2 1 8000 0 0 100000000000000000000000000000000 0 0
256 100000000000000000000000000000001 100000000000000000000000000000000 2 1 80000000 0 0 100000000000000000000000000000000 0 0
256 100000000000000000000000000000001 100000000000000000000000000000000 0 1 1 0 1 100000000000000000000000000000000 0 0
256 100000000000000000000000000000001 200000000000000000000000000000000 0 1 2 1 1 100000000000000000000000000000000 0 0
256 100000000000000000000000000000001 800000000000000000000000000000000000 0 1 8000 f 1 100000000000000000000000000000000 0 0
256 100000000000000000000000000000001 8000000000000000000000000000000000000000 0 1 80000000 1f 1 100000000000000000000000000000000 0 0
256 0 100000000000000000000000000000001 2 1 1 0 0 100000000000000000000000000000001 0 1
256 0 100000000000000000000000000000001 2 1 2 0 0 100000000000000000000000000000001 0 1
256 0 100000000000000000000000000000001 2 1 8000 0 0 100000000000000000000000000000001 0 1
256 0 100000000000000000000000000000001 2 1 80000000 0 0 100000000000000000000000000000001 0 1
256 0 100000000000000000000000000000001 0 1 1 0 1 100000000000000000000000000000001 0 1
256 0 200000000000000000000000000000002 0 1 2 1 1 100000000000000000000000000000001 0 1
256 0 800000000000000000000000000000008000 0 1 8000 f 1 100000000000000000000000000000001 0 1
256 0 8000000000000000000000000000000080000000 0 1 80000000 1f 1 100000000000000000000000000000001 0 1
256 100000000000000000000000000000000 100000000000000000000000000000001 2 1 1 0 0 100000000000000000000000000000001 0 1
256 100000000000000000000000000000000 100000000000000000000000000000001 2 1 2 0 0 100000000000000000000000000000001 0 1
256 100000000000000000000000000000000 100000000000000000000000000000001 2 1 8000 0 0 100000000000000000000000000000001 0 1
256 100000000000000000000000000000000 100000000000000000000000000000001 2 1 80000000 0 0 100000000000000000000000000000001 0 1
256 100000000000000000000000000000000 100000000000000000000000000000001 0 1 1 0 1 100000000000000000000000000000001 0 1
256 100000000000000000000000000000000 200000000000000000000000000000002 0 1 2 1 1 100000000000000000000000000000001 0 1
256 100000000000000000000000000000000 800000000000000000000000000000008000 0 1 8000 f 1 100000000000000000000000000000001 0 1
256 100000000000000000000000000000000 8000000000000000000000000000000080000000 0 1 80000000 1f 1 100000000000000000000000000000001 0 1
256 100000000000000000000000000000001 100000000000000000000000000000001 2 1 1 0 0 100000000000000000000000000000001 0 0
256 100000000000000000000000000000001 100000000000000000000000000000001 2 1 2 0 0 100000000000000000000000000000001 0 0
256 100000000000000000000000000000001 100000000000000000000000000000001 2 1 8000 0 0 100000000000000000000000000000001 0 0
256 100000000000000000000000000000001 100000000000000000000000000000001 2 1 80000000 0 0 100000000000000000000000000000001 0 0
256 100000000000000000000000000000001 100000000000000000000000000000001 0 1 1 0 1 100000000000000000000000000000001 0 0
256 100000000000000000000000000000001 200000000000000000000000000000002 0 1 2 1 1 100000000000000000000000000000001 0 0
256 100000000000000000000000000000001 800000000000000000000000000000008000 0 1 8000 f 1 100000000000000000000000000000001 0 0
256 100000000000000000000000000000001 8000000000000000000000000000000080000000 0 1 80000000 1f 1 100000000000000000000000000000001 0 0
256 0 100000000000000000000000000000000 2 1 1 0 0 100000000000000000000000000000000 0 1
256 0 100000000000000000000000000000000 2 1 2 0 0 100000000000000000000000000000000 0 1
256 0 100000000000000000000000000000000 2 1 8000 0 0 100000000000000000000000000000000 0 1
256 0 100000000000000000000000000000000 2 1 80000000 0 0 100000000000000000000000000000000 0 1
256 0 100000000000000000000000000000000 0 1 1 0 1 100000000000000000000000000000000 0 1
256 0 200000000000000000000000000000000 0 1 2 1 1 100000000000000000000000000000000 0 1
256 0 800000000000000000000000000000000000 0 1 8000 f 1 100000000000000000000000000000000 0 1
256 0 8000000000000000000000000000000000000000 0 1 80000000 1f 1 100000000000000000000000000000000 0 1
256 8000000000000000000000000000000000000000 100000000000000000000000000000000 2 1 1 0 0 8000000000000000000000000000000000000000 1f 0
256 8000000000000000000000000000000000000000 100000000000000000000000000000000 2 1 2 0 0 8000000000000000000000000000000000000000 1f 0
256 8000000000000000000000000000000000000000 100000000000000000000000000000000 2 1 8000 0 0 8000000000000000000000000000000000000000 1f 0
256 8000000000000000000000000000000000000000 100000000000000000000000000000000 2 1 80000000 0 0 8000000000000000000000000000000000000000 1f 0
256 8000000000000000000000000000000000000000 100000000000000000000000000000000 0 1 1 0 1 8000000000000000000000000000000000000000 1f 0
256 8000000000000000000000000000000000000000 200000000000000000000000000000000 0 1 2 1 1 8000000000000000000000000000000000000000 1f 0
256 8000000000000000000000000000000000000000 800000000000000000000000000000000000 0 1 8000 f 1 8000000000000000000000000000000000000000 1f 0
256 8000000000000000000000000000000000000000 8000000000000000000000000000000000000000 0 1 80000000 1f 1 8000000000000000000000000000000000000000 1f 0
256 8000000000000000000000000000000000000001 100000000000000000000000000000000 2 1 1 0 0 8000000000000000000000000000000000000000 1f 0
256 8000000000000000000000000000000000000001 100000000000000000000000000000000 2 1 2 0 0 8000000000000000000000000000000000000000 1f 0
256 8000000000000000000000000000000000000001 100000000000000000000000000000000 2 1 8000 0 0 8000000000000000000000000000000000000000 1f 0
256 8000000000000000000000000000000000000001 100000000000000000000000000000000 2 1 80000000 0 0 8000000000000000000000000000000000000000 1f 0
256 8000000000000000000000000000000000000001 100000000000000000000000000000000 0 1 1 0 1 8000000000000000000000000000000000000000 1f 0
256 8000000000000000000000000000000000000001 200000000000000000000000000000000 0 1 2 1 1 8000000000000000000000000000000000000000 1f 0
256 8000000000000000000000000000000000000001 800000000000000000000000000000000000 0 1 8000 f 1 8000000000000000000000000000000000000000 1f 0
256 8000000000000000000000000000000000000001 8000000000000000000000000000000000000000 0 1 80000000 1f 1 8000000000000000000000000000000000000000 1f 0
256 0 100000000000000000000000000000001 2 1 1 0 0 100000000000000000000000000000001 0 1
256 0 100000000000000000000000000000001 2 1 2 0 0 100000000000000000000000000000001 0 1
256 0 100000000000000000000000000000001 2 1 8000 0 0 100000000000000000000000000000001 0 1
256 0 100000000000000000000000000000001 2 1 80000000 0 0 100000000000000000000000000000001 0 1
256 0 100000000000000000000000000000001 0 1 1 0 1 100000000000000000000000000000001 0 1
256 0 200000000000000000000000000000002 0 1 2 1 1 100000000000000000000000000000001 0 1
256 0 800000000000000000000000000000008000 0 1 8000 f 1 100000000000000000000000000000001 0 1
256 0 8000000000000000000000000000000080000000 0 1 80000000 1f 1 100000000000000000000000000000001 0 1
256 8000000000000000000000000000000000000000 100000000000000000000000000000001 2 1 1 0 0 4000000000000000000000000000000040000000 1e 0
256 8000000000000000000000000000000000000000 100000000000000000000000000000001 2 1 2 0 0 4000000000000000000000000000000040000000 1e 0
256 8000000000000000000000000000000000000000 100000000000000000000000000000001 2 1 8000 0 0 4000000000000000000000000000000040000000 1e 0
256 8000000000000000000000000000000000000000 100000000000000000000000000000001 2 1 80000000 0 0 4000000000000000000000000000000040000000 1e 0
256 8000000000000000000000000000000000000000 100000000000000000000000000000001 0 1 1 0 1 4000000000000000000000000000000040000000 1e 0
256 8000000000000000000000000000000000000000 200000000000000000000000000000002 0 1 2 1 1 4000000000000000000000000000000040000000 1e 0
256 8000000000000000000000000000000000000000 800000000000000000000000000000008000 0 1 8000 f 1 4000000000000000000000000000000040000000 1e 0
256 8000000000000000000000000000000000000000 8000000000000000000000000000000080000000 0 1 80000000 1f 1 4000000000000000000000000000000040000000 1e 0
256 8000000000000000000000000000000000000001 100000000000000000000000000000001 2 1 1 0 0 4000000000000000000000000000000040000000 1e 0
256 8000000000000000000000000000000000000001 100000000000000000000000000000001 2 1 2 0 0 4000000000000000000000000000000040000000 1e 0
256 8000000000000000000000000000000000000001 100000000000000000000000000000001 2 1 8000 0 0 4000000000000000000000000000000040000000 1e 0
256 8000000000000000000000000000000000000001 100000000000000000000000000000001 2 1 80000000 0 0 4000000000000000000000000000000040000000 1e 0
256 8000000000000000000000000000000000000001 100000000000000000000000000000001 0 1 1 0 1 4000000000000000000000000000000040000000 1e 0
256 8000000000000000000000000000000000000001 200000000000000000000000000000002 0 1 2 1 1 4000000000000000000000000000000040000000 1e 0
256 8000000000000000000000000000000000000001 800000000000000000000000000000008000 0 1 8000 f 1 4000000000000000000000000000000040000000 1e 0
256 8000000000000000000000000000000000000001 8000000000000000000000000000000080000000 0 1 80000000 1f 1 4000000000000000000000000000000040000000 1e 0
256 0 40000000000000000000000000000000000000000000000000000000 2 1 1 0 0 40000000000000000000000000000000000000000000000000000000 0 1
256 0 40000000000000000000000000000000000000000000000000000000 2 1 2 0 0 40000000000000000000000000000000000000000000000000000000 0 1
256 0 40000000000000000000000000000000000000000000000000000000 2 1 8000 0 0 40000000000000000000000000000000000000000000000000000000 0 1
256 0 40000000000000000000000000000000000000000000000000000000 2 1 80000000 0 0 40000000000000000000000000000000000000000000000000000000 0 1
256 0 40000000000000000000000000000000000000000000000000000000 0 1 1 0 1 40000000000000000000000000000000000000000000000000000000 0 1
256 0 80000000000000000000000000000000000000000000000000000000 0 1 2 1 1 40000000000000000000000000000000000000000000000000000000 0 1
256 0 200000000000000000000000000000000000000000000000000000000000 0 1 8000 f 1 40000000000000000000000000000000000000000000000000000000 0 1
256 0 2000000000000000000000000000000000000000000000000000000000000000 0 1 80000000 1f 1 40000000000000000000000000000000000000000000000000000000 0 1
256 1 40000000000000000000000000000000000000000000000000000000 2 1 1 0 0 40000000000000000000000000000000000000000000000000000000 0 1
256 1 40000000000000000000000000000000000000000000000000000000 2 1 2 0 0 40000000000000000000000000000000000000000000000000000000 0 1
256 1 40000000000000000000000000000000000000000000000000000000 2 1 8000 0 0 40000000000000000000000000000000000000000000000000000000 0 1
256 1 40000000000000000000000000000000000000000000000000000000 2 1 80000000 0 0 40000000000000000000000000000000000000000000000000000000 0 1
256 1 40000000000000000000000000000000000000000000000000000000 0 1 1 0 1 40000000000000000000000000000000000000000000000000000000 0 1
256 1 80000000000000000000000000000000000000000000000000000000 0 1 2 1 1 40000000000000000000000000000000000000000000000000000000 0 1
256 1 200000000000000000000000000000000000000000000000000000000000 0 1 8000 f 1 40000000000000000000000000000000000000000000000000000000 0 1
256 1 2000000000000000000000000000000000000000000000000000000000000000 0 1 80000000 1f 1 40000000000000000000000000000000000000000000000000000000 0 1
256 2 40000000000000000000000000000000000000000000000000000000 2 1 1 0 0 40000000000000000000000000000000000000000000000000000000 0 1
256 2 40000000000000000000000000000000000000000000000000000000 2 1 2 0 0 40000000000000000000000000000000000000000000000000000000 0 1
256 2 40000000000000000000000000000000000000000000000000000000 2 1 8000 0 0 40000000000000000000000000000000000000000000000000000000 0 1
256 2 40000000000000000000000000000000000000000000000000000000 2 1 80000000 0 0 40000000000000000000000000000000000000000000000000000000 0 1
256 2 40000000000000000000000000000000000000000000000000000000 0 1 1 0 1 40000000000000000000000000000000000000000000000000000000 0 1
256 2 80000000000000000000000000000000000000000000000000000000 0 1 2 1 1 40000000000000000000000000000000000000000000000000000000 0 1
256 2 200000000000000000000000000000000000000000000000000000000000 0 1 8000 f 1 40000000000000000000000000000000000000000000000000000000 0 1
256 2 2000000000000000000000000000000000000000000000000000000000000000 0 1 80000000 1f 1 40000000000000000000000000000000000000000000000000000000 0 1
256 0 40000000000000000000000000000000000000000000000000000001 2 1 1 0 0 40000000000000000000000000000000000000000000000000000001 0 1
256 0 40000000000000000000000000000000000000000000000000000001 2 1 2 0 0 40000000000000000000000000000000000000000000000000000001 0 1
256 0 40000000000000000000000000000000000000000000000000000001 2 1 8000 0 0 40000000000000000000000000000000000000000000000000000001 0 1
256 0 40000000000000000000000000000000000000000000000000000001 2 1 80000000 0 0 40000000000000000000000000000000000000000000000000000001 0 1
256 0 40000000000000000000000000000000000000000000000000000001 0 1 1 0 1 40000000000000000000000000000000000000000000000000000001 0 1
256 0 80000000000000000000000000000000000000000000000000000002 0 1 2 1 1 40000000000000000000000000000000000000000000000000000001 0 1
256 0 200000000000000000000000000000000000000000000000000000008000 0 1 8000 f 1 40000000000000000000000000000000000000000000000000000001 0 1
256 0 2000000000000000000000000000000000000000000000000000000080000000 0 1 80000000 1f 1 40000000000000000000000000000000000000000000000000000001 0 1
256 1 40000000000000000000000000000000000000000000000000000001 2 1 1 0 0 40000000000000000000000000000000000000000000000000000001 0 1
256 1 40000000000000000000000000000000000000000000000000000001 2 1 2 0 0 40000000000000000000000000000000000000000000000000000001 0 1
256 1 40000000000000000000000000000000000000000000000000000001 2 1 8000 0 0 40000000000000000000000000000000000000000000000000000001 0 1
256 1 40000000000000000000000000000000000000000000000000000001 2 1 80000000 0 0 40000000000000000000000000000000000000000000000000000001 0 1
256 1 40000000000000000000000000000000000000000000000000000001 0 1 1 0 1 40000000000000000000000000000000000000000000000000000001 0 1
256 1 80000000000000000000000000000000000000000000000000000002 0 1 2 1 1 40000000000000000000000000000000000000000000000000000001 0 1
256 1 200000000000000000000000000000000000000000000000000000008000 0 1 8000 f 1 40000000000000000000000000000000000000000000000000000001 0 1
256 1 2000000000000000000000000000000000000000000000000000000080000000 0 1 80000000 1f 1 40000000000000000000000000000000000000000000000000000001 0 1
256 2 40000000000000000000000000000000000000000000000000000001 2 1 1 0 0 40000000000000000000000000000000000000000000000000000001 0 1
256 2 40000000000000000000000000000000000000000000000000000001 2 1 2 0 0 40000000000000000000000000000000000000000000000000000001 0 1
256 2 40000000000000000000000000000000000000000000000000000001 2 1 8000 0 0 40000000000000000000000000000000000000000000000000000001 0 1
256 2 40000000000000000000000000000000000000000000000000000001 2 1 80000000 0 0 40000000000000000000000000000000000000000000000000000001 0 1
256 2 40000000000000000000000000000000000000000000000000000001 0 1 1 0 1 40000000000000000000000000000000000000000000000000000001 0 1
256 2 80000000000000000000000000000000000000000000000000000002 0 1 2 1 1 40000000000000000000000000000000000000000000000000000001 0 1
256 2 200000000000000000000000000000000000000000000000000000008000 0 1 8000 f 1 40000000000000000000000000000000000000000000000000000001 0 1
256 2 2000000000000000000000000000000000000000000000000000000080000000 0 1 80000000 1f 1 40000000000000000000000000000000000000000000000000000001 0 1
256 0 40000000000000000000000000000000000000000000000000000000 2 1 1 0 0 40000000000000000000000000000000000000000000000000000000 0 1
256 0 40000000000000000000000000000000000000000000000000000000 2 1 2 0 0 40000000000000000000000000000000000000000000000000000000 0 1
256 0 40000000000000000000000000000000000000000000000000000000 2 1 8000 0 0 40000000000000000000000000000000000000000000000000000000 0 1
256 0 40000000000000000000000000000000000000000000000000000000 2 1 80000000 0 0 40000000000000000000000000000000000000000000000000000000 0 1
256 0 40000000000000000000000000000000000000000000000000000000 0 1 1 0 1 40000000000000000000000000000000000000000000000000000000 0 1
256 0 80000000000000000000000000000000000000000000000000000000 0 1 2 1 1 40000000000000000000000000000000000000000000000000000000 0 1
256 0 200000000000000000000000000000000000000000000000000000000000 0 1 8000 f 1 40000000000000000000000000000000000000000000000000000000 0 1
256 0 2000000000000000000000000000000000000000000000000000000000000000 0 1 80000000 1f 1 40000000000000000000000000000000000000000000000000000000 0 1
256 200000000000000000000000000000000000000000000000 40000000000000000000000000000000000000000000000000000000 2 1 1 0 0 40000000000000000000000000000000000000000000000000000000 0 1
256 200000000000000000000000000000000000000000000000 40000000000000000000000000000000000000000000000000000000 2 1 2 0 0 40000000000000000000000000000000000000000000000000000000 0 1
256 200000000000000000000000000000000000000000000000 40000000000000000000000000000000000000000000000000000000 2 1 8000 0 0 40000000000000000000000000000000000000000000000000000000 0 1
256 200000000000000000000000000000000000000000000000 40000000000000000000000000000000000000000000000000000000 2 1 80000000 0 0 40000000000000000000000000000000000000000000000000000000 0 1
256 200000000000000000000000000000000000000000000000 40000000000000000000000000000000000000000000000000000000 0 1 1 0 1 40000000000000000000000000000000000000000000000000000000 0 1
256 200000000000000000000000000000000000000000000000 80000000000000000000000000000000000000000000000000000000 0 1 2 1 1 40000000000000000000000000000000000000000000000000000000 0 1
256 200000000000000000000000000000000000000000000000 200000000000000000000000000000000000000000000000000000000000 0 1 8000 f 1 40000000000000000000000000000000000000000000000000000000 0 1
256 200000000000000000000000000000000000000000000000 2000000000000000000000000000000000000000000000000000000000000000 0 1 80000000 1f 1 40000000000000000000000000000000000000000000000000000000 0 1
256 200000000000000000000000000000000000000000000001 40000000000000000000000000000000000000000000000000000000 2 1 1 0 0 40000000000000000000000000000000000000000000000000000000 0 1
256 200000000000000000000000000000000000000000000001 40000000000000000000000000000000000000000000000000000000 2 1 2 0 0 40000000000000000000000000000000000000000000000000000000 0 1
256 200000000000000000000000000000000000000000000001 40000000000000000000000000000000000000000000000000000000 2 1 8000 0 0 40000000000000000000000000000000000000000000000000000000 0 1
256 200000000000000000000000000000000000000000000001 40000000000000000000000000000000000000000000000000000000 2 1 80000000 0 0 40000000000000000000000000000000000000000000000000000000 0 1
256 200000000000000000000000000000000000000000000001 40000000000000000000000000000000000000000000000000000000 0 1 1 0 1 40000000000000000000000000000000000000000000000000000000 0 1
256 200000000000000000000000000000000000000000000001 80000000000000000000000000000000000000000000000000000000 0 1 2 1 1 40000000000000000000000000000000000000000000000000000000 0 1
256 200000000000000000000000000000000000000000000001 200000000000000000000000000000000000000000000000000000000000 0 1 8000 f 1 40000000000000000000000000000000000000000000000000000000 0 1
256 200000000000000000000000000000000000000000000001 2000000000000000000000000000000000000000000000000000000000000000 0 1 80000000 1f 1 40000000000000000000000000000000000000000000000000000000 0 1
256 0 40000000000000000000000000000000000000000000000000000001 2 1 1 0 0 40000000000000000000000000000000000000000000000000000001 0 1
256 0 40000000000000000000000000000000000000000000000000000001 2 1 2 0 0 40000000000000000000000000000000000000000000000000000001 0 1
256 0 40000000000000000000000000000000000000000000000000000001 2 1 8000 0 0 40000000000000000000000000000000000000000000000000000001 0 1
256 0 40000000000000000000000000000000000000000000000000000001 2 1 80000000 0 0 40000000000000000000000000000000000000000000000000000001 0 1
256 0 40000000000000000000000000000000000000000000000000000001 0 1 1 0 1 40000000000000000000000000000000000000000000000000000001 0 1
256 0 80000000000000000000000000000000000000000000000000000002 0 1 2 1 1 40000000000000000000000000000000000000000000000000000001 0 1
256 0 200000000000000000000000000000000000000000000000000000008000 0 1 8000 f 1 40000000000000000000000000000000000000000000000000000001 0 1
256 0 2000000000000000000000000000000000000000000000000000000080000000 0 1 80000000 1f 1 40000000000000000000000000000000000000000000000000000001 0 1
256 200000000000000000000000000000000000000000000000 40000000000000000000000000000000000000000000000000000001 2 1 1 0 0 40000000000000000000000000000000000000000000000000000001 0 1
256 200000000000000000000000000000000000000000000000 40000000000000000000000000000000000000000000000000000001 2 1 2 0 0 40000000000000000000000000000000000000000000000000000001 0 1
256 200000000000000000000000000000000000000000000000 40000000000000000000000000000000000000000000000000000001 2 1 8000 0 0 40000000000000000000000000000000000000000000000000000001 0 1
256 200000000000000000000000000000000000000000000000 40000000000000000000000000000000000000000000000000000001 2 1 80000000 0 0 40000000000000000000000000000000000000000000000000000001 0 1
256 200000000000000000000000000000000000000000000000 40000000000000000000000000000000000000000000000000000001 0 1 1 0 1 40000000000000000000000000000000000000000000000000000001 0 1
256 200000000000000000000000000000000000000000000000 80000000000000000000000000000000000000000000000000000002 0 1 2 1 1 40000000000000000000000000000000000000000000000000000001 0 1
256 200000000000000000000000000000000000000000000000 200000000000000000000000000000000000000000000000000000008000 0 1 8000 f 1 40000000000000000000000000000000000000000000000000000001 0 1
256 200000000000000000000000000000000000000000000000 2000000000000000000000000000000000000000000000000000000080000000 0 1 80000000 1f 1 40000000000000000000000000000000000000000000000000000001 0 1
256 200000000000000000000000000000000000000000000001 40000000000000000000000000000000000000000000000000000001 2 1 1 0 0 40000000000000000000000000000000000000000000000000000001 0 1
256 200000000000000000000000000000000000000000000001 40000000000000000000000000000000000000000000000000000001 2 1 2 0 0 40000000000000000000000000000000000000000000000000000001 0 1
256 200000000000000000000000000000000000000000000001 40000000000000000000000000000000000000000000000000000001 2 1 8000 0 0 40000000000000000000000000000000000000000000000000000001 0 1
256 200000000000000000000000000000000000000000000001 40000000000000000000000000000000000000000000000000000001 2 1 80000000 0 0 40000000000000000000000000000000000000000000000000000001 0 1
256 200000000000000000000000000000000000000000000001 40000000000000000000000000000000000000000000000000000001 0 1 1 0 1 40000000000000000000000000000000000000000000000000000001 0 1
256 200000000000000000000000000000000000000000000001 80000000000000000000000000000000000000000000000000000002 0 1 2 1 1 40000000000000000000000000000000000000000000000000000001 0 1
256 200000000000000000000000000000000000000000000001 200000000000000000000000000000000000000000000000000000008000 0 1 8000 f 1 40000000000000000000000000000000000000000000000000000001 0 1
256 200000000000000000000000000000000000000000000001 2000000000000000000000000000000000000000000000000000000080000000 0 1 80000000 1f 1 40000000000000000000000000000000000000000000000000000001 0 1
256 0 40000000000000000000000000000000000000000000000000000000 2 1 1 0 0 40000000000000000000000000000000000000000000000000000000 0 1
256 0 40000000000000000000000000000000000000000000000000000000 2 1 2 0 0 40000000000000000000000000000000000000000000000000000000 0 1
256 0 40000000000000000000000000000000000000000000000000000000 2 1 8000 0 0 40000000000000000000000000000000000000000000000000000000 0 1
256 0 40000000000000000000000000000000000000000000000000000000 2 1 80000000 0 0 40000000000000000000000000000000000000000000000000000000 0 1
256 0 40000000000000000000000000000000000000000000000000000000 0 1 1 0 1 40000000000000000000000000000000000000000000000000000000 0 1
256 0 80000000000000000000000000000000000000000000000000000000 0 1 2 1 1 40000000000000000000000000000000000000000000000000000000 0 1
256 0 200000000000000000000000000000000000000000000000000000000000 0 1 8000 f 1 40000000000000000000000000000000000000000000000000000000 0 1
256 0 2000000000000000000000000000000000000000000000000000000000000000 0 1 80000000 1f 1 40000000000000000000000000000000000000000000000000000000 0 1
256 40000000000000000000000000000000000000000000000000000000 40000000000000000000000000000000000000000000000000000000 2 1 1 0 0 40000000000000000000000000000000000000000000000000000000 0 0
256 40000000000000000000000000000000000000000000000000000000 40000000000000000000000000000000000000000000000000000000 2 1 2 0 0 40000000000000000000000000000000000000000000000000000000 0 0
256 40000000000000000000000000000000000000000000000000000000 40000000000000000000000000000000000000000000000000000000 2 1 8000 0 0 40000000000000000000000000000000000000000000000000000000 0 0
256 40000000000000000000000000000000000000000000000000000000 40000000000000000000000000000000000000000000000000000000 2 1 80000000 0 0 40000000000000000000000000000000000000000000000000000000 0 0
256 40000000000000000000000000000000000000000000000000000000 40000000000000000000000000000000000000000000000000000000 0 1 1 0 1 40000000000000000000000000000000000000000000000000000000 0 0
256 40000000000000000000000000000000000000000000000000000000 80000000000000000000000000000000000000000000000000000000 0 1 2 1 1 40000000000000000000000000000000000000000000000000000000 0 0
256 40000000000000000000000000000000000000000000000000000000 200000000000000000000000000000000000000000000000000000000000 0 1 8000 f 1 40000000000000000000000000000000000000000000000000000000 0 0
256 40000000000000000000000000000000000000000000000000000000 2000000000000000000000000000000000000000000000000000000000000000 0 1 80000000 1f 1 40000000000000000000000000000000000000000000000000000000 0 0
256 40000000000000000000000000000000000000000000000000000001 40000000000000000000000000000000000000000000000000000000 2 1 1 0 0 40000000000000000000000000000000000000000000000000000000 0 0
256 40000000000000000000000000000000000000000000000000000001 40000000000000000000000000000000000000000000000000000000 2 1 2 0 0 40000000000000000000000000000000000000000000000000000000 0 0
256 40000000000000000000000000000000000000000000000000000001 40000000000000000000000000000000000000000000000000000000 2 1 8000 0 0 40000000000000000000000000000000000000000000000000000000 0 0
256 40000000000000000000000000000000000000000000000000000001 40000000000000000000000000000000000000000000000000000000 2 1 80000000 0 0 40000000000000000000000000000000000000000000000000000000 0 0
256 40000000000000000000000000000000000000000000000000000001 40000000000000000000000000000000000000000000000000000000 0 1 1 0 1 40000000000000000000000000000000000000000000000000000000 0 0
256 40000000000000000000000000000000000000000000000000000001 80000000000000000000000000000000000000000000000000000000 0 1 2 1 1 40000000000000000000000000000000000000000000000000000000 0 0
256 40000000000000000000000000000000000000000000000000000001 200000000000000000000000000000000000000000000000000000000000 0 1 8000 f 1 40000000000000000000000000000000000000000000000000000000 0 0
256 40000000000000000000000000000000000000000000000000000001 2000000000000000000000000000000000000000000000000000000000000000 0 1 80000000 1f 1 40000000000000000000000000000000000000000000000000000000 0 0
256 0 40000000000000000000000000000000000000000000000000000001 2 1 1 0 0 40000000000000000000000000000000000000000000000000000001 0 1
256 0 40000000000000000000000000000000000000000000000000000001 2 1 2 0 0 40000000000000000000000000000000000000000000000000000001 0 1
256 0 40000000000000000000000000000000000000000000000000000001 2 1 8000 0 0 40000000000000000000000000000000000000000000000000000001 0 1
256 0 40000000000000000000000000000000000000000000000000000001 2 1 80000000 0 0 40000000000000000000000000000000000000000000000000000001 0 1
256 0 40000000000000000000000000000000000000000000000000000001 0 1 1 0 1 40000000000000000000000000000000000000000000000000000001 0 1
256 0 80000000000000000000000000000000000000000000000000000002 0 1 2 1 1 40000000000000000000000000000000000000000000000000000001 0 1
256 0 200000000000000000000000000000000000000000000000000000008000 0 1 8000 f 1 40000000000000000000000000000000000000000000000000000001 0 1
256 0 2000000000000000000000000000000000000000000000000000000080000000 0 1 80000000 1f 1 40000000000000000000000000000000000000000000000000000001 0 1
256 40000000000000000000000000000000000000000000000000000000 40000000000000000000000000000000000000000000000000000001 2 1 1 0 0 40000000000000000000000000000000000000000000000000000001 0 1
256 40000000000000000000000000000000000000000000000000000000 40000000000000000000000000000000000000000000000000000001 2 1 2 0 0 40000000000000000000000000000000000000000000000000000001 0 1
256 40000000000000000000000000000000000000000000000000000000 40000000000000000000000000000000000000000000000000000001 2 1 8000 0 0 40000000000000000000000000000000000000000000000000000001 0 1
256 40000000000000000000000000000000000000000000000000000000 40000000000000000000000000000000000000000000000000000001 2 1 80000000 0 0 40000000000000000000000000000000000000000000000000000001 0 1
256 40000000000000000000000000000000000000000000000000000000 40000000000000000000000000000000000000000000000000000001 0 1 1 0 1 40000000000000000000000000000000000000000000000000000001 0 1
256 40000000000000000000000000000000000000000000000000000000 80000000000000000000000000000000000000000000000000000002 0 1 2 1 1 40000000000000000000000000000000000000000000000000000001 0 1
256 40000000000000000000000000000000000000000000000000000000 200000000000000000000000000000000000000000000000000000008000 0 1 8000 f 1 40000000000000000000000000000000000000000000000000000001 0 1
256 40000000000000000000000000000000000000000000000000000000 2000000000000000000000000000000000000000000000000000000080000000 0 1 80000000 1f 1 40000000000000000000000000000000000000000000000000000001 0 1
256 40000000000000000000000000000000000000000000000000000001 40000000000000000000000000000000000000000000000000000001 2 1 1 0 0 40000000000000000000000000000000000000000000000000000001 0 0
256 40000000000000000000000000000000000000000000000000000001 40000000000000000000000000000000000000000000000000000001 2 1 2 0 0 40000000000000000000000000000000000000000000000000000001 0 0
256 40000000000000000000000000000000000000000000000000000001 40000000000000000000000000000000000000000000000000000001 2 1 8000 0 0 40000000000000000000000000000000000000000000000000000001 0 0
256 40000000000000000000000000000000000000000000000000000001 40000000000000000000000000000000000000000000000000000001 2 1 80000000 0 0 40000000000000000000000000000000000000000000000000000001 0 0
256 40000000000000000000000000000000000000000000000000000001 40000000000000000000000000000000000000000000000000000001 0 1 1 0 1 40000000000000000000000000000000000000000000000000000001 0 0
256 40000000000000000000000000000000000000000000000000000001 80000000000000000000000000000000000000000000000000000002 0 1 2 1 1 40000000000000000000000000000000000000000000000000000001 0 0
256 40000000000000000000000000000000000000000000000000000001 200000000000000000000000000000000000000000000000000000008000 0 1 8000 f 1 40000000000000000000000000000000000000000000000000000001 0 0
256 40000000000000000000000000000000000000000000000000000001 2000000000000000000000000000000000000000000000000000000080000000 0 1 80000000 1f 1 40000000000000000000000000000000000000000000000000000001 0 0
256 0 40000000000000000000000000000000000000000000000000000000 2 1 1 0 0 40000000000000000000000000000000000000000000000000000000 0 1
256 0 40000000000000000000000000000000000000000000000000000000 2 1 2 0 0 40000000000000000000000000000000000000000000000000000000 0 1
256 0 40000000000000000000000000000000000000000000000000000000 2 1 8000 0 0 40000000000000000000000000000000000000000000000000000000 0 1
256 0 40000000000000000000000000000000000000000000000000000000 2 1 80000000 0 0 40000000000000000000000000000000000000000000000000000000 0 1
256 0 40000000000000000000000000000000000000000000000000000000 0 1 1 0 1 40000000000000000000000000000000000000000000000000000000 0 1
256 0 80000000000000000000000000000000000000000000000000000000 0 1 2 1 1 40000000000000000000000000000000000000000000000000000000 0 1
256 0 200000000000000000000000000000000000000000000000000000000000 0 1 8000 f 1 40000000000000000000000000000000000000000000000000000000 0 1
256 0 2000000000000000000000000000000000000000000000000000000000000000 0 1 80000000 1f 1 40000000000000000000000000000000000000000000000000000000 0 1
256 2000000000000000000000000000000000000000000000000000000000000000 40000000000000000000000000000000000000000000000000000000 2 1 1 0 0 2000000000000000000000000000000000000000000000000000000000000000 1f 0
256 2000000000000000000000000000000000000000000000000000000000000000 40000000000000000000000000000000000000000000000000000000 2 1 2 0 0 2000000000000000000000000000000000000000000000000000000000000000 1f 0
256 2000000000000000000000000000000000000000000000000000000000000000 40000000000000000000000000000000000000000000000000000000 2 1 8000 0 0 2000000000000000000000000000000000000000000000000000000000000000 1f 0
256 2000000000000000000000000000000000000000000000000000000000000000 40000000000000000000000000000000000000000000000000000000 2 1 80000000 0 0 2000000000000000000000000000000000000000000000000000000000000000 1f 0
256 2000000000000000000000000000000000000000000000000000000000000000 40000000000000000000000000000000000000000000000000000000 0 1 1 0 1 2000000000000000000000000000000000000000000000000000000000000000 1f 0
256 2000000000000000000000000000000000000000000000000000000000000000 80000000000000000000000000000000000000000000000000000000 0 1 2 1 1 2000000000000000000000000000000000000000000000000000000000000000 1f 0
256 2000000000000000000000000000000000000000000000000000000000000000 200000000000000000000000000000000000000000000000000000000000 0 1 8000 f 1 2000000000000000000000000000000000000000000000000000000000000000 1f 0
256 2000000000000000000000000000000000000000000000000000000000000000 2000000000000000000000000000000000000000000000000000000000000000 0 1 80000000 1f 1 2000000000000000000000000000000000000000000000000000000000000000 1f 0
256 2000000000000000000000000000000000000000000000000000000000000001 40000000000000000000000000000000000000000000000000000000 2 1 1 0 0 2000000000000000000000000000000000000000000000000000000000000000 1f 0
256 2000000000000000000000000000000000000000000000000000000000000001 40000000000000000000000000000000000000000000000000000000 2 1 2 0 0 2000000000000000000000000000000000000000000000000000000000000000 1f 0
256 2000000000000000000000000000000000000000000000000000000000000001 40000000000000000000000000000000000000000000000000000000 2 1 8000 0 0 2000000000000000000000000000000000000000000000000000000000000000 1f 0
256 2000000000000000000000000000000000000000000000000000000000000001 40000000000000000000000000000000000000000000000000000000 2 1 80000000 0 0 2000000000000000000000000000000000000000000000000000000000000000 1f 0
256 2000000000000000000000000000000000000000000000000000000000000001 40000000000000000000000000000000000000000000000000000000 0 1 1 0 1 2000000000000000000000000000000000000000000000000000000000000000 1f 0
256 2000000000000000000000000000000000000000000000000000000000000001 80000000000000000000000000000000000000000000000000000000 0 1 2 1 1 2000000000000000000000000000000000000000000000000000000000000000 1f 0
256 2000000000000000000000000000000000000000000000000000000000000001 200000000000000000000000000000000000000000000000000000000000 0 1 8000 f 1 2000000000000000000000000000000000000000000000000000000000000000 1f 0
256 2000000000000000000000000000000000000000000000000000000000000001 2000000000000000000000000000000000000000000000000000000000000000 0 1 80000000 1f 1 2000000000000000000000000000000000000000000000000000000000000000 1f 0
256 0 40000000000000000000000000000000000000000000000000000001 2 1 1 0 0 40000000000000000000000000000000000000000000000000000001 0 1
256 0 40000000000000000000000000000000000000000000000000000001 2 1 2 0 0 40000000000000000000000000000000000000000000000000000001 0 1
256 0 40000000000000000000000000000000000000000000000000000001 2 1 8000 0 0 40000000000000000000000000000000000000000000000000000001 0 1
256 0 40000000000000000000000000000000000000000000000000000001 2 1 80000000 0 0 40000000000000000000000000000000000000000000000000000001 0 1
256 0 40000000000000000000000000000000000000000000000000000001 0 1 1 0 1 40000000000000000000000000000000000000000000000000000001 0 1
256 0 80000000000000000000000000000000000000000000000000000002 0 1 2 1 1 40000000000000000000000000000000000000000000000000000001 0 1
256 0 200000000000000000000000000000000000000000000000000000008000 0 1 8000 f 1 40000000000000000000000000000000000000000000000000000001 0 1
256 0 2000000000000000000000000000000000000000000000000000000080000000 0 1 80000000 1f 1 40000000000000000000000000000000000000000000000000000001 0 1
256 2000000000000000000000000000000000000000000000000000000000000000 40000000000000000000000000000000000000000000000000000001 2 1 1 0 0 1000000000000000000000000000000000000000000000000000000040000000 1e 0
256 2000000000000000000000000000000000000000000000000000000000000000 40000000000000000000000000000000000000000000000000000001 2 1 2 0 0 1000000000000000000000000000000000000000000000000000000040000000 1e 0
256 2000000000000000000000000000000000000000000000000000000000000000 40000000000000000000000000000000000000000000000000000001 2 1 8000 0 0 1000000000000000000000000000000000000000000000000000000040000000 1e 0
256 2000000000000000000000000000000000000000000000000000000000000000 40000000000000000000000000000000000000000000000000000001 2 1 80000000 0 0 1000000000000000000000000000000000000000000000000000000040000000 1e 0
256 2000000000000000000000000000000000000000000000000000000000000000 40000000000000000000000000000000000000000000000000000001 0 1 1 0 1 1000000000000000000000000000000000000000000000000000000040000000 1e 0
256 2000000000000000000000000000000000000000000000000000000000000000 80000000000000000000000000000000000000000000000000000002 0 1 2 1 1 1000000000000000000000000000000000000000000000000000000040000000 1e 0
256 2000000000000000000000000000000000000000000000000000000000000000 200000000000000000000000000000000000000000000000000000008000 0 1 8000 f 1 1000000000000000000000000000000000000000000000000000000040000000 1e 0
256 2000000000000000000000000000000000000000000000000000000000000000 2000000000000000000000000000000000000000000000000000000080000000 0 1 80000000 1f 1 1000000000000000000000000000000000000000000000000000000040000000 1e 0
256 2000000000000000000000000000000000000000000000000000000000000001 40000000000000000000000000000000000000000000000000000001 2 1 1 0 0 1000000000000000000000000000000000000000000000000000000040000000 1e 0
256 2000000000000000000000000000000000000000000000000000000000000001 40000000000000000000000000000000000000000000000000000001 2 1 2 0 0 1000000000000000000000000000000000000000000000000000000040000000 1e 0
256 2000000000000000000000000000000000000000000000000000000000000001 40000000000000000000000000000000000000000000000000000001 2 1 8000 0 0 1000000000000000000000000000000000000000000000000000000040000000 1e 0
256 2000000000000000000000000000000000000000000000000000000000000001 40000000000000000000000000000000000000000000000000000001 2 1 80000000 0 0 1000000000000000000000000000000000000000000000000000000040000000 1e 0
256 2000000000000000000000000000000000000000000000000000000000000001 40000000000000000000000000000000000000000000000000000001 0 1 1 0 1 1000000000000000000000000000000000000000000000000000000040000000 1e 0
256 2000000000000000000000000000000000000000000000000000000000000001 80000000000000000000000000000000000000000000000000000002 0 1 2 1 1 1000000000000000000000000000000000000000000000000000000040000000 1e 0
256 2000000000000000000000000000000000000000000000000000000000000001 200000000000000000000000000000000000000000000000000000008000 0 1 8000 f 1 1000000000000000000000000000000000000000000000000000000040000000 1e 0
256 2000000000000000000000000000000000000000000000000000000000000001 2000000000000000000000000000000000000000000000000000000080000000 0 1 80000000 1f 1 1000000000000000000000000000000000000000000000000000000040000000 1e 0
256 0 4000000000000000000000000000000000000000000000000000000000000000 2 1 1 0 0 4000000000000000000000000000000000000000000000000000000000000000 0 1
256 0 4000000000000000000000000000000000000000000000000000000000000000 2 1 2 0 0 4000000000000000000000000000000000000000000000000000000000000000 0 1
256 0 4000000000000000000000000000000000000000000000000000000000000000 2 1 8000 0 0 4000000000000000000000000000000000000000000000000000000000000000 0 1
256 0 4000000000000000000000000000000000000000000000000000000000000000 2 1 80000000 0 0 4000000000000000000000000000000000000000000000000000000000000000 0 1
256 0 4000000000000000000000000000000000000000000000000000000000000000 0 1 1 0 1 4000000000000000000000000000000000000000000000000000000000000000 0 1
256 0 8000000000000000000000000000000000000000000000000000000000000000 0 1 2 1 1 4000000000000000000000000000000000000000000000000000000000000000 0 1
256 1 4000000000000000000000000000000000000000000000000000000000000000 2 1 1 0 0 4000000000000000000000000000000000000000000000000000000000000000 0 1
256 1 4000000000000000000000000000000000000000000000000000000000000000 2 1 2 0 0 4000000000000000000000000000000000000000000000000000000000000000 0 1
256 1 4000000000000000000000000000000000000000000000000000000000000000 2 1 8000 0 0 4000000000000000000000000000000000000000000000000000000000000000 0 1
256 1 4000000000000000000000000000000000000000000000000000000000000000 2 1 80000000 0 0 4000000000000000000000000000000000000000000000000000000000000000 0 1
256 1 4000000000000000000000000000000000000000000000000000000000000000 0 1 1 0 1 4000000000000000000000000000000000000000000000000000000000000000 0 1
256 1 8000000000000000000000000000000000000000000000000000000000000000 0 1 2 1 1 4000000000000000000000000000000000000000000000000000000000000000 0 1
256 2 4000000000000000000000000000000000000000000000000000000000000000 2 1 1 0 0 4000000000000000000000000000000000000000000000000000000000000000 0 1
256 2 4000000000000000000000000000000000000000000000000000000000000000 2 1 2 0 0 4000000000000000000000000000000000000000000000000000000000000000 0 1
256 2 4000000000000000000000000000000000000000000000000000000000000000 2 1 8000 0 0 4000000000000000000000000000000000000000000000000000000000000000 0 1
256 2 4000000000000000000000000000000000000000000000000000000000000000 2 1 80000000 0 0 4000000000000000000000000000000000000000000000000000000000000000 0 1
256 2 4000000000000000000000000000000000000000000000000000000000000000 0 1 1 0 1 4000000000000000000000000000000000000000000000000000000000000000 0 1
256 2 8000000000000000000000000000000000000000000000000000000000000000 0 1 2 1 1 4000000000000000000000000000000000000000000000000000000000000000 0 1
256 0 4000000000000000000000000000000000000000000000000000000000000001 2 1 1 0 0 4000000000000000000000000000000000000000000000000000000000000001 0 1
256 0 4000000000000000000000000000000000000000000000000000000000000001 2 1 2 0 0 4000000000000000000000000000000000000000000000000000000000000001 0 1
256 0 4000000000000000000000000000000000000000000000000000000000000001 2 1 8000 0 0 4000000000000000000000000000000000000000000000000000000000000001 0 1
256 0 4000000000000000000000000000000000000000000000000000000000000001 2 1 80000000 0 0 4000000000000000000000000000000000000000000000000000000000000001 0 1
256 0 4000000000000000000000000000000000000000000000000000000000000001 0 1 1 0 1 4000000000000000000000000000000000000000000000000000000000000001 0 1
256 0 8000000000000000000000000000000000000000000000000000000000000002 0 1 2 1 1 4000000000000000000000000000000000000000000000000000000000000001 0 1
256 1 4000000000000000000000000000000000000000000000000000000000000001 2 1 1 0 0 4000000000000000000000000000000000000000000000000000000000000001 0 1
256 1 4000000000000000000000000000000000000000000000000000000000000001 2 1 2 0 0 4000000000000000000000000000000000000000000000000000000000000001 0 1
256 1 4000000000000000000000000000000000000000000000000000000000000001 2 1 8000 0 0 4000000000000000000000000000000000000000000000000000000000000001 0 1
256 1 4000000000000000000000000000000000000000000000000000000000000001 2 1 80000000 0 0 4000000000000000000000000000000000000000000000000000000000000001 0 1
256 1 4000000000000000000000000000000000000000000000000000000000000001 0 1 1 0 1 4000000000000000000000000000000000000000000000000000000000000001 0 1
256 1 8000000000000000000000000000000000000000000000000000000000000002 0 1 2 1 1 4000000000000000000000000000000000000000000000000000000000000001 0 1
256 2 4000000000000000000000000000000000000000000000000000000000000001 2 1 1 0 0 4000000000000000000000000000000000000000000000000000000000000001 0 1
256 2 4000000000000000000000000000000000000000000000000000000000000001 2 1 2 0 0 4000000000000000000000000000000000000000000000000000000000000001 0 1
256 2 4000000000000000000000000000000000000000000000000000000000000001 2 1 8000 0 0 4000000000000000000000000000000000000000000000000000000000000001 0 1
256 2 4000000000000000000000000000000000000000000000000000000000000001 2 1 80000000 0 0 4000000000000000000000000000000000000000000000000000000000000001 0 1
256 2 4000000000000000000000000000000000000000000000000000000000000001 0 1 1 0 1 4000000000000000000000000000000000000000000000000000000000000001 0 1
256 2 8000000000000000000000000000000000000000000000000000000000000002 0 1 2 1 1 4000000000000000000000000000000000000000000000000000000000000001 0 1
256 0 4000000000000000000000000000000000000000000000000000000000000000 2 1 1 0 0 4000000000000000000000000000000000000000000000000000000000000000 0 1
256 0 4000000000000000000000000000000000000000000000000000000000000000 2 1 2 0 0 4000000000000000000000000000000000000000000000000000000000000000 0 1
256 0 4000000000000000000000000000000000000000000000000000000000000000 2 1 8000 0 0 4000000000000000000000000000000000000000000000000000000000000000 0 1
256 0 4000000000000000000000000000000000000000000000000000000000000000 2 1 80000000 0 0 4000000000000000000000000000000000000000000000000000000000000000 0 1
256 0 4000000000000000000000000000000000000000000000000000000000000000 0 1 1 0 1 4000000000000000000000000000000000000000000000000000000000000000 0 1
256 0 8000000000000000000000000000000000000000000000000000000000000000 0 1 2 1 1 4000000000000000000000000000000000000000000000000000000000000000 0 1
256 20000000000000000000000000000000000000000000000000000000 4000000000000000000000000000000000000000000000000000000000000000 2 1 1 0 0 4000000000000000000000000000000000000000000000000000000000000000 0 1
256 20000000000000000000000000000000000000000000000000000000 4000000000000000000000000000000000000000000000000000000000000000 2 1 2 0 0 4000000000000000000000000000000000000000000000000000000000000000 0 1
256 20000000000000000000000000000000000000000000000000000000 4000000000000000000000000000000000000000000000000000000000000000 2 1 8000 0 0 4000000000000000000000000000000000000000000000000000000000000000 0 1
256 20000000000000000000000000000000000000000000000000000000 4000000000000000000000000000000000000000000000000000000000000000 2 1 80000000 0 0 4000000000000000000000000000000000000000000000000000000000000000 0 1
256 20000000000000000000000000000000000000000000000000000000 4000000000000000000000000000000000000000000000000000000000000000 0 1 1 0 1 4000000000000000000000000000000000000000000000000000000000000000 0 1
256 20000000000000000000000000000000000000000000000000000000 8000000000000000000000000000000000000000000000000000000000000000 0 1 2 1 1 4000000000000000000000000000000000000000000000000000000000000000 0 1
256 20000000000000000000000000000000000000000000000000000001 4000000000000000000000000000000000000000000000000000000000000000 2 1 1 0 0 4000000000000000000000000000000000000000000000000000000000000000 0 1
256 20000000000000000000000000000000000000000000000000000001 4000000000000000000000000000000000000000000000000000000000000000 2 1 2 0 0 4000000000000000000000000000000000000000000000000000000000000000 0 1
256 20000000000000000000000000000000000000000000000000000001 4000000000000000000000000000000000000000000000000000000000000000 2 1 8000 0 0 4000000000000000000000000000000000000000000000000000000000000000 0 1
256 20000000000000000000000000000000000000000000000000000001 4000000000000000000000000000000000000000000000000000000000000000 2 1 80000000 0 0 4000000000000000000000000000000000000000000000000000000000000000 0 1
256 20000000000000000000000000000000000000000000000000000001 4000000000000000000000000000000000000000000000000000000000000000 0 1 1 0 1 4000000000000000000000000000000000000000000000000000000000000000 0 1
256 20000000000000000000000000000000000000000000000000000001 8000000000000000000000000000000000000000000000000000000000000000 0 1 2 1 1 4000000000000000000000000000000000000000000000000000000000000000 0 1
256 0 4000000000000000000000000000000000000000000000000000000000000001 2 1 1 0 0 4000000000000000000000000000000000000000000000000000000000000001 0 1
256 0 4000000000000000000000000000000000000000000000000000000000000001 2 1 2 0 0 4000000000000000000000000000000000000000000000000000000000000001 0 1
256 0 4000000000000000000000000000000000000000000000000000000000000001 2 1 8000 0 0 4000000000000000000000000000000000000000000000000000000000000001 0 1
256 0 4000000000000000000000000000000000000000000000000000000000000001 2 1 80000000 0 0 4000000000000000000000000000000000000000000000000000000000000001 0 1
256 0 4000000000000000000000000000000000000000000000000000000000000001 0 1 1 0 1 4000000000000000000000000000000000000000000000000000000000000001 0 1
256 0 8000000000000000000000000000000000000000000000000000000000000002 0 1 2 1 1 4000000000000000000000000000000000000000000000000000000000000001 0 1
256 20000000000000000000000000000000000000000000000000000000 4000000000000000000000000000000000000000000000000000000000000001 2 1 1 0 0 4000000000000000000000000000000000000000000000000000000000000001 0 1
256 20000000000000000000000000000000000000000000000000000000 4000000000000000000000000000000000000000000000000000000000000001 2 1 2 0 0 4000000000000000000000000000000000000000000000000000000000000001 0 1
256 20000000000000000000000000000000000000000000000000000000 4000000000000000000000000000000000000000000000000000000000000001 2 1 8000 0 0 4000000000000000000000000000000000000000000000000000000000000001 0 1
256 20000000000000000000000000000000000000000000000000000000 4000000000000000000000000000000000000000000000000000000000000001 2 1 80000000 0 0 4000000000000000000000000000000000000000000000000000000000000001 0 1
256 20000000000000000000000000000000000000000000000000000000 4000000000000000000000000000000000000000000000000000000000000001 0 1 1 0 1 4000000000000000000000000000000000000000000000000000000000000001 0 1
256 20000000000000000000000000000000000000000000000000000000 8000000000000000000000000000000000000000000000000000000000000002 0 1 2 1 1 4000000000000000000000000000000000000000000000000000000000000001 0 1
256 20000000000000000000000000000000000000000000000000000001 4000000000000000000000000000000000000000000000000000000000000001 2 1 1 0 0 4000000000000000000000000000000000000000000000000000000000000001 0 1
256 20000000000000000000000000000000000000000000000000000001 4000000000000000000000000000000000000000000000000000000000000001 2 1 2 0 0 4000000000000000000000000000000000000000000000000000000000000001 0 1
256 20000000000000000000000000000000000000000000000000000001 4000000000000000000000000000000000000000000000000000000000000001 2 1 8000 0 0 4000000000000000000000000000000000000000000000000000000000000001 0 1
256 20000000000000000000000000000000000000000000000000000001 4000000000000000000000000000000000000000000000000000000000000001 2 1 80000000 0 0 4000000000000000000000000000000000000000000000000000000000000001 0 1
256 20000000000000000000000000000000000000000000000000000001 4000000000000000000000000000000000000000000000000000000000000001 0 1 1 0 1 4000000000000000000000000000000000000000000000000000000000000001 0 1
256 20000000000000000000000000000000000000000000000000000001 8000000000000000000000000000000000000000000000000000000000000002 0 1 2 1 1 4000000000000000000000000000000000000000000000000000000000000001 0 1
256 0 4000000000000000000000000000000000000000000000000000000000000000 2 1 1 0 0 4000000000000000000000000000000000000000000000000000000000000000 0 1
256 0 4000000000000000000000000000000000000000000000000000000000000000 2 1 2 0 0 4000000000000000000000000000000000000000000000000000000000000000 0 1
256 0 4000000000000000000000000000000000000000000000000000000000000000 2 1 8000 0 0 4000000000000000000000000000000000000000000000000000000000000000 0 1
256 0 4000000000000000000000000000000000000000000000000000000000000000 2 1 80000000 0 0 4000000000000000000000000000000000000000000000000000000000000000 0 1
256 0 4000000000000000000000000000000000000000000000000000000000000000 0 1 1 0 1 4000000000000000000000000000000000000000000000000000000000000000 0 1
256 0 8000000000000000000000000000000000000000000000000000000000000000 0 1 2 1 1 4000000000000000000000000000000000000000000000000000000000000000 0 1
256 4000000000000000000000000000000000000000000000000000000000000000 4000000000000000000000000000000000000000000000000000000000000000 2 1 1 0 0 4000000000000000000000000000000000000000000000000000000000000000 0 0
256 4000000000000000000000000000000000000000000000000000000000000000 4000000000000000000000000000000000000000000000000000000000000000 2 1 2 0 0 4000000000000000000000000000000000000000000000000000000000000000 0 0
256 4000000000000000000000000000000000000000000000000000000000000000 4000000000000000000000000000000000000000000000000000000000000000 2 1 8000 0 0 4000000000000000000000000000000000000000000000000000000000000000 0 0
256 4000000000000000000000000000000000000000000000000000000000000000 4000000000000000000000000000000000000000000000000000000000000000 2 1 80000000 0 0 4000000000000000000000000000000000000000000000000000000000000000 0 0
256 4000000000000000000000000000000000000000000000000000000000000000 4000000000000000000000000000000000000000000000000000000000000000 0 1 1 0 1 4000000000000000000000000000000000000000000000000000000000000000 0 0
256 4000000000000000000000000000000000000000000000000000000000000000 8000000000000000000000000000000000000000000000000000000000000000 0 1 2 1 1 4000000000000000000000000000000000000000000000000000000000000000 0 0
256 4000000000000000000000000000000000000000000000000000000000000001 4000000000000000000000000000000000000000000000000000000000000000 2 1 1 0 0 4000000000000000000000000000000000000000000000000000000000000000 0 0
256 4000000000000000000000000000000000000000000000000000000000000001 4000000000000000000000000000000000000000000000000000000000000000 2 1 2 0 0 4000000000000000000000000000000000000000000000000000000000000000 0 0
256 4000000000000000000000000000000000000000000000000000000000000001 4000000000000000000000000000000000000000000000000000000000000000 2 1 8000 0 0 4000000000000000000000000000000000000000000000000000000000000000 0 0
256 4000000000000000000000000000000000000000000000000000000000000001 4000000000000000000000000000000000000000000000000000000000000000 2 1 80000000 0 0 4000000000000000000000000000000000000000000000000000000000000000 0 0
256 4000000000000000000000000000000000000000000000000000000000000001 4000000000000000000000000000000000000000000000000000000000000000 0 1 1 0 1 4000000000000000000000000000000000000000000000000000000000000000 0 0
256 4000000000000000000000000000000000000000000000000000000000000001 8000000000000000000000000000000000000000000000000000000000000000 0 1 2 1 1 4000000000000000000000000000000000000000000000000000000000000000 0 0
256 0 4000000000000000000000000000000000000000000000000000000000000001 2 1 1 0 0 4000000000000000000000000000000000000000000000000000000000000001 0 1
256 0 4000000000000000000000000000000000000000000000000000000000000001 2 1 2 0 0 4000000000000000000000000000000000000000000000000000000000000001 0 1
256 0 4000000000000000000000000000000000000000000000000000000000000001 2 1 8000 0 0 4000000000000000000000000000000000000000000000000000000000000001 0 1
256 0 4000000000000000000000000000000000000000000000000000000000000001 2 1 80000000 0 0 4000000000000000000000000000000000000000000000000000000000000001 0 1
256 0 4000000000000000000000000000000000000000000000000000000000000001 0 1 1 0 1 4000000000000000000000000000000000000000000000000000000000000001 0 1
256 0 8000000000000000000000000000000000000000000000000000000000000002 0 1 2 1 1 4000000000000000000000000000000000000000000000000000000000000001 0 1
256 4000000000000000000000000000000000000000000000000000000000000000 4000000000000000000000000000000000000000000000000000000000000001 2 1 1 0 0 4000000000000000000000000000000000000000000000000000000000000001 0 1
256 4000000000000000000000000000000000000000000000000000000000000000 4000000000000000000000000000000000000000000000000000000000000001 2 1 2 0 0 4000000000000000000000000000000000000000000000000000000000000001 0 1
256 4000000000000000000000000000000000000000000000000000000000000000 4000000000000000000000000000000000000000000000000000000000000001 2 1 8000 0 0 4000000000000000000000000000000000000000000000000000000000000001 0 1
256 4000000000000000000000000000000000000000000000000000000000000000 4000000000000000000000000000000000000000000000000000000000000001 2 1 80000000 0 0 4000000000000000000000000000000000000000000000000000000000000001 0 1
256 4000000000000000000000000000000000000000000000000000000000000000 4000000000000000000000000000000000000000000000000000000000000001 0 1 1 0 1 4000000000000000000000000000000000000000000000000000000000000001 0 1
256 4000000000000000000000000000000000000000000000000000000000000000 8000000000000000000000000000000000000000000000000000000000000002 0 1 2 1 1 4000000000000000000000000000000000000000000000000000000000000001 0 1
256 4000000000000000000000000000000000000000000000000000000000000001 4000000000000000000000000000000000000000000000000000000000000001 2 1 1 0 0 4000000000000000000000000000000000000000000000000000000000000001 0 0
256 4000000000000000000000000000000000000000000000000000000000000001 4000000000000000000000000000000000000000000000000000000000000001 2 1 2 0 0 4000000000000000000000000000000000000000000000000000000000000001 0 0
256 4000000000000000000000000000000000000000000000000000000000000001 4000000000000000000000000000000000000000000000000000000000000001 2 1 8000 0 0 4000000000000000000000000000000000000000000000000000000000000001 0 0
256 4000000000000000000000000000000000000000000000000000000000000001 4000000000000000000000000000000000000000000000000000000000000001 2 1 80000000 0 0 4000000000000000000000000000000000000000000000000000000000000001 0 0
256 4000000000000000000000000000000000000000000000000000000000000001 4000000000000000000000000000000000000000000000000000000000000001 0 1 1 0 1 4000000000000000000000000000000000000000000000000000000000000001 0 0
256 4000000000000000000000000000000000000000000000000000000000000001 8000000000000000000000000000000000000000000000000000000000000002 0 1 2 1 1 4000000000000000000000000000000000000000000000000000000000000001 0 0
256 0 4000000000000000000000000000000000000000000000000000000000000000 2 1 1 0 0 4000000000000000000000000000000000000000000000000000000000000000 0 1
256 0 4000000000000000000000000000000000000000000000000000000000000000 2 1 2 0 0 4000000000000000000000000000000000000000000000000000000000000000 0 1
256 0 4000000000000000000000000000000000000000000000000000000000000000 2 1 8000 0 0 4000000000000000000000000000000000000000000000000000000000000000 0 1
256 0 4000000000000000000000000000000000000000000000000000000000000000 2 1 80000000 0 0 4000000000000000000000000000000000000000000000000000000000000000 0 1
256 0 4000000000000000000000000000000000000000000000000000000000000000 0 1 1 0 1 4000000000000000000000000000000000000000000000000000000000000000 0 1
256 0 8000000000000000000000000000000000000000000000000000000000000000 0 1 2 1 1 4000000000000000000000000000000000000000000000000000000000000000 0 1
256 8000000000000000000000000000000000000000000000000000000000000000 4000000000000000000000000000000000000000000000000000000000000000 2 1 1 0 0 8000000000000000000000000000000000000000000000000000000000000000 1 0
256 8000000000000000000000000000000000000000000000000000000000000000 4000000000000000000000000000000000000000000000000000000000000000 2 1 2 0 0 8000000000000000000000000000000000000000000000000000000000000000 1 0
256 8000000000000000000000000000000000000000000000000000000000000000 4000000000000000000000000000000000000000000000000000000000000000 2 1 8000 0 0 8000000000000000000000000000000000000000000000000000000000000000 1 0
256 8000000000000000000000000000000000000000000000000000000000000000 4000000000000000000000000000000000000000000000000000000000000000 2 1 80000000 0 0 8000000000000000000000000000000000000000000000000000000000000000 1 0
256 8000000000000000000000000000000000000000000000000000000000000000 4000000000000000000000000000000000000000000000000000000000000000 0 1 1 0 1 8000000000000000000000000000000000000000000000000000000000000000 1 0
256 8000000000000000000000000000000000000000000000000000000000000000 8000000000000000000000000000000000000000000000000000000000000000 0 1 2 1 1 8000000000000000000000000000000000000000000000000000000000000000 1 0
256 8000000000000000000000000000000000000000000000000000000000000001 4000000000000000000000000000000000000000000000000000000000000000 2 1 1 0 0 8000000000000000000000000000000000000000000000000000000000000000 1 0
256 8000000000000000000000000000000000000000000000000000000000000001 4000000000000000000000000000000000000000000000000000000000000000 2 1 2 0 0 8000000000000000000000000000000000000000000000000000000000000000 1 0
256 8000000000000000000000000000000000000000000000000000000000000001 4000000000000000000000000000000000000000000000000000000000000000 2 1 8000 0 0 8000000000000000000000000000000000000000000000000000000000000000 1 0
256 8000000000000000000000000000000000000000000000000000000000000001 4000000000000000000000000000000000000000000000000000000000000000 2 1 80000000 0 0 8000000000000000000000000000000000000000000000000000000000000000 1 0
256 8000000000000000000000000000000000000000000000000000000000000001 4000000000000000000000000000000000000000000000000000000000000000 0 1 1 0 1 8000000000000000000000000000000000000000000000000000000000000000 1 0
256 8000000000000000000000000000000000000000000000000000000000000001 8000000000000000000000000000000000000000000000000000000000000000 0 1 2 1 1 8000000000000000000000000000000000000000000000000000000000000000 1 0
256 0 4000000000000000000000000000000000000000000000000000000000000001 2 1 1 0 0 4000000000000000000000000000000000000000000000000000000000000001 0 1
256 0 4000000000000000000000000000000000000000000000000000000000000001 2 1 2 0 0 4000000000000000000000000000000000000000000000000000000000000001 0 1
256 0 4000000000000000000000000000000000000000000000000000000000000001 2 1 8000 0 0 4000000000000000000000000000000000000000000000000000000000000001 0 1
256 0 4000000000000000000000000000000000000000000000000000000000000001 2 1 80000000 0 0 4000000000000000000000000000000000000000000000000000000000000001 0 1
256 0 4000000000000000000000000000000000000000000000000000000000000001 0 1 1 0 1 4000000000000000000000000000000000000000000000000000000000000001 0 1
256 0 8000000000000000000000000000000000000000000000000000000000000002 0 1 2 1 1 4000000000000000000000000000000000000000000000000000000000000001 0 1
256 8000000000000000000000000000000000000000000000000000000000000000 4000000000000000000000000000000000000000000000000000000000000001 2 1 1 0 0 4000000000000000000000000000000000000000000000000000000000000001 0 0
256 8000000000000000000000000000000000000000000000000000000000000000 4000000000000000000000000000000000000000000000000000000000000001 2 1 2 0 0 4000000000000000000000000000000000000000000000000000000000000001 0 0
256 8000000000000000000000000000000000000000000000000000000000000000 4000000000000000000000000000000000000000000000000000000000000001 2 1 8000 0 0 4000000000000000000000000000000000000000000000000000000000000001 0 0
256 8000000000000000000000000000000000000000000000000000000000000000 4000000000000000000000000000000000000000000000000000000000000001 2 1 80000000 0 0 4000000000000000000000000000000000000000000000000000000000000001 0 0
256 8000000000000000000000000000000000000000000000000000000000000000 4000000000000000000000000000000000000000000000000000000000000001 0 1 1 0 1 4000000000000000000000000000000000000000000000000000000000000001 0 0
256 8000000000000000000000000000000000000000000000000000000000000000 8000000000000000000000000000000000000000000000000000000000000002 0 1 2 1 1 4000000000000000000000000000000000000000000000000000000000000001 0 0
256 8000000000000000000000000000000000000000000000000000000000000001 4000000000000000000000000000000000000000000000000000000000000001 2 1 1 0 0 4000000000000000000000000000000000000000000000000000000000000001 0 0
256 8000000000000000000000000000000000000000000000000000000000000001 4000000000000000000000000000000000000000000000000000000000000001 2 1 2 0 0 4000000000000000000000000000000000000000000000000000000000000001 0 0
256 8000000000000000000000000000000000000000000000000000000000000001 4000000000000000000000000000000000000000000000000000000000000001 2 1 8000 0 0 4000000000000000000000000000000000000000000000000000000000000001 0 0
256 8000000000000000000000000000000000000000000000000000000000000001 4000000000000000000000000000000000000000000000000000000000000001 2 1 80000000 0 0 4000000000000000000000000000000000000000000000000000000000000001 0 0
256 8000000000000000000000000000000000000000000000000000000000000001 4000000000000000000000000000000000000000000000000000000000000001 0 1 1 0 1 4000000000000000000000000000000000000000000000000000000000000001 0 0
256 8000000000000000000000000000000000000000000000000000000000000001 8000000000000000000000000000000000000000000000000000000000000002 0 1 2 1 1 4000000000000000000000000000000000000000000000000000000000000001 0 0
