5656
0 0 5 4 0 0 0 7
0 0 5 4 0 0 1 7
0 0 5 4 0 0 1 0
0 0 5 4 0 0 2 7
0 0 5 4 0 0 2 0
0 0 5 4 0 0 2 1
0 0 5 4 0 0 3 7
0 0 5 4 0 0 3 0
0 0 5 4 0 0 3 1
0 0 5 4 0 0 3 2
0 0 5 4 0 0 4 7
0 0 5 4 0 0 4 0
0 0 5 4 0 0 4 1
0 0 5 4 0 0 4 2
0 0 5 4 0 0 4 3
0 0 5 4 0 0 5 7
0 0 5 4 0 0 5 0
0 0 5 4 0 0 5 1
0 0 5 4 0 0 5 2
0 0 5 4 0 0 5 3
0 0 5 4 0 0 5 4
0 0 5 4 0 0 6 7
0 0 5 4 0 0 6 0
0 0 5 4 0 0 6 1
0 0 5 4 0 0 6 2
0 0 5 4 0 0 6 3
0 0 5 4 0 0 6 4
0 0 5 4 0 0 6 5
1 0 7 6 0 0 0 7
1 0 7 6 0 0 1 7
1 0 7 6 0 0 1 0
1 0 7 6 0 0 2 7
1 0 7 6 0 0 2 0
1 0 7 6 0 0 2 1
1 0 7 6 0 0 3 7
1 0 7 6 0 0 3 0
1 0 7 6 0 0 3 1
1 0 7 6 0 0 3 2
1 0 7 6 0 0 4 7
1 0 7 6 0 0 4 0
1 0 7 6 0 0 4 1
1 0 7 6 0 0 4 2
1 0 7 6 0 0 4 3
1 0 7 6 0 0 5 7
1 0 7 6 0 0 5 0
1 0 7 6 0 0 5 1
1 0 7 6 0 0 5 2
1 0 7 6 0 0 5 3
1 0 7 6 0 0 5 4
1 0 7 6 0 0 6 7
1 0 7 6 0 0 6 0
1 0 7 6 0 0 6 1
1 0 7 6 0 0 6 2
1 0 7 6 0 0 6 3
1 0 7 6 0 0 6 4
1 0 7 6 0 0 6 5
2 0 9 8 0 0 0 7
2 0 9 8 0 0 1 7
2 0 9 8 0 0 1 0
2 0 9 8 0 0 2 7
2 0 9 8 0 0 2 0
2 0 9 8 0 0 2 1
2 0 9 8 0 0 3 7
2 0 9 8 0 0 3 0
2 0 9 8 0 0 3 1
2 0 9 8 0 0 3 2
2 0 9 8 0 0 4 7
2 0 9 8 0 0 4 0
2 0 9 8 0 0 4 1
2 0 9 8 0 0 4 2
2 0 9 8 0 0 4 3
2 0 9 8 0 0 5 7
2 0 9 8 0 0 5 0
2 0 9 8 0 0 5 1
2 0 9 8 0 0 5 2
2 0 9 8 0 0 5 3
2 0 9 8 0 0 5 4
2 0 9 8 0 0 6 7
2 0 9 8 0 0 6 0
2 0 9 8 0 0 6 1
2 0 9 8 0 0 6 2
2 0 9 8 0 0 6 3
2 0 9 8 0 0 6 4
2 0 9 8 0 0 6 5
3 0 11 10 0 0 0 7
3 0 11 10 0 0 1 7
3 0 11 10 0 0 1 0
3 0 11 10 0 0 2 7
3 0 11 10 0 0 2 0
3 0 11 10 0 0 2 1
3 0 11 10 0 0 3 7
3 0 11 10 0 0 3 0
3 0 11 10 0 0 3 1
3 0 11 10 0 0 3 2
3 0 11 10 0 0 4 7
3 0 11 10 0 0 4 0
3 0 11 10 0 0 4 1
3 0 11 10 0 0 4 2
3 0 11 10 0 0 4 3
3 0 11 10 0 0 5 7
3 0 11 10 0 0 5 0
3 0 11 10 0 0 5 1
3 0 11 10 0 0 5 2
3 0 11 10 0 0 5 3
3 0 11 10 0 0 5 4
3 0 11 10 0 0 6 7
3 0 11 10 0 0 6 0
3 0 11 10 0 0 6 1
3 0 11 10 0 0 6 2
3 0 11 10 0 0 6 3
3 0 11 10 0 0 6 4
3 0 11 10 0 0 6 5
4 0 13 12 0 0 0 7
4 0 13 12 0 0 1 7
4 0 13 12 0 0 1 0
4 0 13 12 0 0 2 7
4 0 13 12 0 0 2 0
4 0 13 12 0 0 2 1
4 0 13 12 0 0 3 7
4 0 13 12 0 0 3 0
4 0 13 12 0 0 3 1
4 0 13 12 0 0 3 2
4 0 13 12 0 0 4 7
4 0 13 12 0 0 4 0
4 0 13 12 0 0 4 1
4 0 13 12 0 0 4 2
4 0 13 12 0 0 4 3
4 0 13 12 0 0 5 7
4 0 13 12 0 0 5 0
4 0 13 12 0 0 5 1
4 0 13 12 0 0 5 2
4 0 13 12 0 0 5 3
4 0 13 12 0 0 5 4
4 0 13 12 0 0 6 7
4 0 13 12 0 0 6 0
4 0 13 12 0 0 6 1
4 0 13 12 0 0 6 2
4 0 13 12 0 0 6 3
4 0 13 12 0 0 6 4
4 0 13 12 0 0 6 5
5 0 15 14 0 0 0 7
5 0 15 14 0 0 1 7
5 0 15 14 0 0 1 0
5 0 15 14 0 0 2 7
5 0 15 14 0 0 2 0
5 0 15 14 0 0 2 1
5 0 15 14 0 0 3 7
5 0 15 14 0 0 3 0
5 0 15 14 0 0 3 1
5 0 15 14 0 0 3 2
5 0 15 14 0 0 4 7
5 0 15 14 0 0 4 0
5 0 15 14 0 0 4 1
5 0 15 14 0 0 4 2
5 0 15 14 0 0 4 3
5 0 15 14 0 0 5 7
5 0 15 14 0 0 5 0
5 0 15 14 0 0 5 1
5 0 15 14 0 0 5 2
5 0 15 14 0 0 5 3
5 0 15 14 0 0 5 4
5 0 15 14 0 0 6 7
5 0 15 14 0 0 6 0
5 0 15 14 0 0 6 1
5 0 15 14 0 0 6 2
5 0 15 14 0 0 6 3
5 0 15 14 0 0 6 4
5 0 15 14 0 0 6 5
6 0 17 16 0 0 0 7
6 0 17 16 0 0 1 7
6 0 17 16 0 0 1 0
6 0 17 16 0 0 2 7
6 0 17 16 0 0 2 0
6 0 17 16 0 0 2 1
6 0 17 16 0 0 3 7
6 0 17 16 0 0 3 0
6 0 17 16 0 0 3 1
6 0 17 16 0 0 3 2
6 0 17 16 0 0 4 7
6 0 17 16 0 0 4 0
6 0 17 16 0 0 4 1
6 0 17 16 0 0 4 2
6 0 17 16 0 0 4 3
6 0 17 16 0 0 5 7
6 0 17 16 0 0 5 0
6 0 17 16 0 0 5 1
6 0 17 16 0 0 5 2
6 0 17 16 0 0 5 3
6 0 17 16 0 0 5 4
6 0 17 16 0 0 6 7
6 0 17 16 0 0 6 0
6 0 17 16 0 0 6 1
6 0 17 16 0 0 6 2
6 0 17 16 0 0 6 3
6 0 17 16 0 0 6 4
6 0 17 16 0 0 6 5
7 0 19 18 0 0 0 7
7 0 19 18 0 0 1 7
7 0 19 18 0 0 1 0
7 0 19 18 0 0 2 7
7 0 19 18 0 0 2 0
7 0 19 18 0 0 2 1
7 0 19 18 0 0 3 7
7 0 19 18 0 0 3 0
7 0 19 18 0 0 3 1
7 0 19 18 0 0 3 2
7 0 19 18 0 0 4 7
7 0 19 18 0 0 4 0
7 0 19 18 0 0 4 1
7 0 19 18 0 0 4 2
7 0 19 18 0 0 4 3
7 0 19 18 0 0 5 7
7 0 19 18 0 0 5 0
7 0 19 18 0 0 5 1
7 0 19 18 0 0 5 2
7 0 19 18 0 0 5 3
7 0 19 18 0 0 5 4
7 0 19 18 0 0 6 7
7 0 19 18 0 0 6 0
7 0 19 18 0 0 6 1
7 0 19 18 0 0 6 2
7 0 19 18 0 0 6 3
7 0 19 18 0 0 6 4
7 0 19 18 0 0 6 5
8 0 21 20 0 0 0 7
8 0 21 20 0 0 1 7
8 0 21 20 0 0 1 0
8 0 21 20 0 0 2 7
8 0 21 20 0 0 2 0
8 0 21 20 0 0 2 1
8 0 21 20 0 0 3 7
8 0 21 20 0 0 3 0
8 0 21 20 0 0 3 1
8 0 21 20 0 0 3 2
8 0 21 20 0 0 4 7
8 0 21 20 0 0 4 0
8 0 21 20 0 0 4 1
8 0 21 20 0 0 4 2
8 0 21 20 0 0 4 3
8 0 21 20 0 0 5 7
8 0 21 20 0 0 5 0
8 0 21 20 0 0 5 1
8 0 21 20 0 0 5 2
8 0 21 20 0 0 5 3
8 0 21 20 0 0 5 4
8 0 21 20 0 0 6 7
8 0 21 20 0 0 6 0
8 0 21 20 0 0 6 1
8 0 21 20 0 0 6 2
8 0 21 20 0 0 6 3
8 0 21 20 0 0 6 4
8 0 21 20 0 0 6 5
9 0 23 22 0 0 0 7
9 0 23 22 0 0 1 7
9 0 23 22 0 0 1 0
9 0 23 22 0 0 2 7
9 0 23 22 0 0 2 0
9 0 23 22 0 0 2 1
9 0 23 22 0 0 3 7
9 0 23 22 0 0 3 0
9 0 23 22 0 0 3 1
9 0 23 22 0 0 3 2
9 0 23 22 0 0 4 7
9 0 23 22 0 0 4 0
9 0 23 22 0 0 4 1
9 0 23 22 0 0 4 2
9 0 23 22 0 0 4 3
9 0 23 22 0 0 5 7
9 0 23 22 0 0 5 0
9 0 23 22 0 0 5 1
9 0 23 22 0 0 5 2
9 0 23 22 0 0 5 3
9 0 23 22 0 0 5 4
9 0 23 22 0 0 6 7
9 0 23 22 0 0 6 0
9 0 23 22 0 0 6 1
9 0 23 22 0 0 6 2
9 0 23 22 0 0 6 3
9 0 23 22 0 0 6 4
9 0 23 22 0 0 6 5
10 0 25 24 0 0 0 7
10 0 25 24 0 0 1 7
10 0 25 24 0 0 1 0
10 0 25 24 0 0 2 7
10 0 25 24 0 0 2 0
10 0 25 24 0 0 2 1
10 0 25 24 0 0 3 7
10 0 25 24 0 0 3 0
10 0 25 24 0 0 3 1
10 0 25 24 0 0 3 2
10 0 25 24 0 0 4 7
10 0 25 24 0 0 4 0
10 0 25 24 0 0 4 1
10 0 25 24 0 0 4 2
10 0 25 24 0 0 4 3
10 0 25 24 0 0 5 7
10 0 25 24 0 0 5 0
10 0 25 24 0 0 5 1
10 0 25 24 0 0 5 2
10 0 25 24 0 0 5 3
10 0 25 24 0 0 5 4
10 0 25 24 0 0 6 7
10 0 25 24 0 0 6 0
10 0 25 24 0 0 6 1
10 0 25 24 0 0 6 2
10 0 25 24 0 0 6 3
10 0 25 24 0 0 6 4
10 0 25 24 0 0 6 5
11 0 27 26 0 0 0 7
11 0 27 26 0 0 1 7
11 0 27 26 0 0 1 0
11 0 27 26 0 0 2 7
11 0 27 26 0 0 2 0
11 0 27 26 0 0 2 1
11 0 27 26 0 0 3 7
11 0 27 26 0 0 3 0
11 0 27 26 0 0 3 1
11 0 27 26 0 0 3 2
11 0 27 26 0 0 4 7
11 0 27 26 0 0 4 0
11 0 27 26 0 0 4 1
11 0 27 26 0 0 4 2
11 0 27 26 0 0 4 3
11 0 27 26 0 0 5 7
11 0 27 26 0 0 5 0
11 0 27 26 0 0 5 1
11 0 27 26 0 0 5 2
11 0 27 26 0 0 5 3
11 0 27 26 0 0 5 4
11 0 27 26 0 0 6 7
11 0 27 26 0 0 6 0
11 0 27 26 0 0 6 1
11 0 27 26 0 0 6 2
11 0 27 26 0 0 6 3
11 0 27 26 0 0 6 4
11 0 27 26 0 0 6 5
12 0 29 28 0 0 0 7
12 0 29 28 0 0 1 7
12 0 29 28 0 0 1 0
12 0 29 28 0 0 2 7
12 0 29 28 0 0 2 0
12 0 29 28 0 0 2 1
12 0 29 28 0 0 3 7
12 0 29 28 0 0 3 0
12 0 29 28 0 0 3 1
12 0 29 28 0 0 3 2
12 0 29 28 0 0 4 7
12 0 29 28 0 0 4 0
12 0 29 28 0 0 4 1
12 0 29 28 0 0 4 2
12 0 29 28 0 0 4 3
12 0 29 28 0 0 5 7
12 0 29 28 0 0 5 0
12 0 29 28 0 0 5 1
12 0 29 28 0 0 5 2
12 0 29 28 0 0 5 3
12 0 29 28 0 0 5 4
12 0 29 28 0 0 6 7
12 0 29 28 0 0 6 0
12 0 29 28 0 0 6 1
12 0 29 28 0 0 6 2
12 0 29 28 0 0 6 3
12 0 29 28 0 0 6 4
12 0 29 28 0 0 6 5
13 0 31 30 0 0 0 7
13 0 31 30 0 0 1 7
13 0 31 30 0 0 1 0
13 0 31 30 0 0 2 7
13 0 31 30 0 0 2 0
13 0 31 30 0 0 2 1
13 0 31 30 0 0 3 7
13 0 31 30 0 0 3 0
13 0 31 30 0 0 3 1
13 0 31 30 0 0 3 2
13 0 31 30 0 0 4 7
13 0 31 30 0 0 4 0
13 0 31 30 0 0 4 1
13 0 31 30 0 0 4 2
13 0 31 30 0 0 4 3
13 0 31 30 0 0 5 7
13 0 31 30 0 0 5 0
13 0 31 30 0 0 5 1
13 0 31 30 0 0 5 2
13 0 31 30 0 0 5 3
13 0 31 30 0 0 5 4
13 0 31 30 0 0 6 7
13 0 31 30 0 0 6 0
13 0 31 30 0 0 6 1
13 0 31 30 0 0 6 2
13 0 31 30 0 0 6 3
13 0 31 30 0 0 6 4
13 0 31 30 0 0 6 5
14 0 33 32 0 0 0 7
14 0 33 32 0 0 1 7
14 0 33 32 0 0 1 0
14 0 33 32 0 0 2 7
14 0 33 32 0 0 2 0
14 0 33 32 0 0 2 1
14 0 33 32 0 0 3 7
14 0 33 32 0 0 3 0
14 0 33 32 0 0 3 1
14 0 33 32 0 0 3 2
14 0 33 32 0 0 4 7
14 0 33 32 0 0 4 0
14 0 33 32 0 0 4 1
14 0 33 32 0 0 4 2
14 0 33 32 0 0 4 3
14 0 33 32 0 0 5 7
14 0 33 32 0 0 5 0
14 0 33 32 0 0 5 1
14 0 33 32 0 0 5 2
14 0 33 32 0 0 5 3
14 0 33 32 0 0 5 4
14 0 33 32 0 0 6 7
14 0 33 32 0 0 6 0
14 0 33 32 0 0 6 1
14 0 33 32 0 0 6 2
14 0 33 32 0 0 6 3
14 0 33 32 0 0 6 4
14 0 33 32 0 0 6 5
15 0 35 34 0 0 0 7
15 0 35 34 0 0 1 7
15 0 35 34 0 0 1 0
15 0 35 34 0 0 2 7
15 0 35 34 0 0 2 0
15 0 35 34 0 0 2 1
15 0 35 34 0 0 3 7
15 0 35 34 0 0 3 0
15 0 35 34 0 0 3 1
15 0 35 34 0 0 3 2
15 0 35 34 0 0 4 7
15 0 35 34 0 0 4 0
15 0 35 34 0 0 4 1
15 0 35 34 0 0 4 2
15 0 35 34 0 0 4 3
15 0 35 34 0 0 5 7
15 0 35 34 0 0 5 0
15 0 35 34 0 0 5 1
15 0 35 34 0 0 5 2
15 0 35 34 0 0 5 3
15 0 35 34 0 0 5 4
15 0 35 34 0 0 6 7
15 0 35 34 0 0 6 0
15 0 35 34 0 0 6 1
15 0 35 34 0 0 6 2
15 0 35 34 0 0 6 3
15 0 35 34 0 0 6 4
15 0 35 34 0 0 6 5
16 0 37 36 0 0 0 7
16 0 37 36 0 0 1 7
16 0 37 36 0 0 1 0
16 0 37 36 0 0 2 7
16 0 37 36 0 0 2 0
16 0 37 36 0 0 2 1
16 0 37 36 0 0 3 7
16 0 37 36 0 0 3 0
16 0 37 36 0 0 3 1
16 0 37 36 0 0 3 2
16 0 37 36 0 0 4 7
16 0 37 36 0 0 4 0
16 0 37 36 0 0 4 1
16 0 37 36 0 0 4 2
16 0 37 36 0 0 4 3
16 0 37 36 0 0 5 7
16 0 37 36 0 0 5 0
16 0 37 36 0 0 5 1
16 0 37 36 0 0 5 2
16 0 37 36 0 0 5 3
16 0 37 36 0 0 5 4
16 0 37 36 0 0 6 7
16 0 37 36 0 0 6 0
16 0 37 36 0 0 6 1
16 0 37 36 0 0 6 2
16 0 37 36 0 0 6 3
16 0 37 36 0 0 6 4
16 0 37 36 0 0 6 5
17 0 39 38 0 0 0 7
17 0 39 38 0 0 1 7
17 0 39 38 0 0 1 0
17 0 39 38 0 0 2 7
17 0 39 38 0 0 2 0
17 0 39 38 0 0 2 1
17 0 39 38 0 0 3 7
17 0 39 38 0 0 3 0
17 0 39 38 0 0 3 1
17 0 39 38 0 0 3 2
17 0 39 38 0 0 4 7
17 0 39 38 0 0 4 0
17 0 39 38 0 0 4 1
17 0 39 38 0 0 4 2
17 0 39 38 0 0 4 3
17 0 39 38 0 0 5 7
17 0 39 38 0 0 5 0
17 0 39 38 0 0 5 1
17 0 39 38 0 0 5 2
17 0 39 38 0 0 5 3
17 0 39 38 0 0 5 4
17 0 39 38 0 0 6 7
17 0 39 38 0 0 6 0
17 0 39 38 0 0 6 1
17 0 39 38 0 0 6 2
17 0 39 38 0 0 6 3
17 0 39 38 0 0 6 4
17 0 39 38 0 0 6 5
18 0 41 40 0 0 0 7
18 0 41 40 0 0 1 7
18 0 41 40 0 0 1 0
18 0 41 40 0 0 2 7
18 0 41 40 0 0 2 0
18 0 41 40 0 0 2 1
18 0 41 40 0 0 3 7
18 0 41 40 0 0 3 0
18 0 41 40 0 0 3 1
18 0 41 40 0 0 3 2
18 0 41 40 0 0 4 7
18 0 41 40 0 0 4 0
18 0 41 40 0 0 4 1
18 0 41 40 0 0 4 2
18 0 41 40 0 0 4 3
18 0 41 40 0 0 5 7
18 0 41 40 0 0 5 0
18 0 41 40 0 0 5 1
18 0 41 40 0 0 5 2
18 0 41 40 0 0 5 3
18 0 41 40 0 0 5 4
18 0 41 40 0 0 6 7
18 0 41 40 0 0 6 0
18 0 41 40 0 0 6 1
18 0 41 40 0 0 6 2
18 0 41 40 0 0 6 3
18 0 41 40 0 0 6 4
18 0 41 40 0 0 6 5
19 0 43 42 0 0 0 7
19 0 43 42 0 0 1 7
19 0 43 42 0 0 1 0
19 0 43 42 0 0 2 7
19 0 43 42 0 0 2 0
19 0 43 42 0 0 2 1
19 0 43 42 0 0 3 7
19 0 43 42 0 0 3 0
19 0 43 42 0 0 3 1
19 0 43 42 0 0 3 2
19 0 43 42 0 0 4 7
19 0 43 42 0 0 4 0
19 0 43 42 0 0 4 1
19 0 43 42 0 0 4 2
19 0 43 42 0 0 4 3
19 0 43 42 0 0 5 7
19 0 43 42 0 0 5 0
19 0 43 42 0 0 5 1
19 0 43 42 0 0 5 2
19 0 43 42 0 0 5 3
19 0 43 42 0 0 5 4
19 0 43 42 0 0 6 7
19 0 43 42 0 0 6 0
19 0 43 42 0 0 6 1
19 0 43 42 0 0 6 2
19 0 43 42 0 0 6 3
19 0 43 42 0 0 6 4
19 0 43 42 0 0 6 5
20 0 45 44 0 0 0 7
20 0 45 44 0 0 1 7
20 0 45 44 0 0 1 0
20 0 45 44 0 0 2 7
20 0 45 44 0 0 2 0
20 0 45 44 0 0 2 1
20 0 45 44 0 0 3 7
20 0 45 44 0 0 3 0
20 0 45 44 0 0 3 1
20 0 45 44 0 0 3 2
20 0 45 44 0 0 4 7
20 0 45 44 0 0 4 0
20 0 45 44 0 0 4 1
20 0 45 44 0 0 4 2
20 0 45 44 0 0 4 3
20 0 45 44 0 0 5 7
20 0 45 44 0 0 5 0
20 0 45 44 0 0 5 1
20 0 45 44 0 0 5 2
20 0 45 44 0 0 5 3
20 0 45 44 0 0 5 4
20 0 45 44 0 0 6 7
20 0 45 44 0 0 6 0
20 0 45 44 0 0 6 1
20 0 45 44 0 0 6 2
20 0 45 44 0 0 6 3
20 0 45 44 0 0 6 4
20 0 45 44 0 0 6 5
21 0 47 46 0 0 0 7
21 0 47 46 0 0 1 7
21 0 47 46 0 0 1 0
21 0 47 46 0 0 2 7
21 0 47 46 0 0 2 0
21 0 47 46 0 0 2 1
21 0 47 46 0 0 3 7
21 0 47 46 0 0 3 0
21 0 47 46 0 0 3 1
21 0 47 46 0 0 3 2
21 0 47 46 0 0 4 7
21 0 47 46 0 0 4 0
21 0 47 46 0 0 4 1
21 0 47 46 0 0 4 2
21 0 47 46 0 0 4 3
21 0 47 46 0 0 5 7
21 0 47 46 0 0 5 0
21 0 47 46 0 0 5 1
21 0 47 46 0 0 5 2
21 0 47 46 0 0 5 3
21 0 47 46 0 0 5 4
21 0 47 46 0 0 6 7
21 0 47 46 0 0 6 0
21 0 47 46 0 0 6 1
21 0 47 46 0 0 6 2
21 0 47 46 0 0 6 3
21 0 47 46 0 0 6 4
21 0 47 46 0 0 6 5
22 0 49 48 0 0 0 7
22 0 49 48 0 0 1 7
22 0 49 48 0 0 1 0
22 0 49 48 0 0 2 7
22 0 49 48 0 0 2 0
22 0 49 48 0 0 2 1
22 0 49 48 0 0 3 7
22 0 49 48 0 0 3 0
22 0 49 48 0 0 3 1
22 0 49 48 0 0 3 2
22 0 49 48 0 0 4 7
22 0 49 48 0 0 4 0
22 0 49 48 0 0 4 1
22 0 49 48 0 0 4 2
22 0 49 48 0 0 4 3
22 0 49 48 0 0 5 7
22 0 49 48 0 0 5 0
22 0 49 48 0 0 5 1
22 0 49 48 0 0 5 2
22 0 49 48 0 0 5 3
22 0 49 48 0 0 5 4
22 0 49 48 0 0 6 7
22 0 49 48 0 0 6 0
22 0 49 48 0 0 6 1
22 0 49 48 0 0 6 2
22 0 49 48 0 0 6 3
22 0 49 48 0 0 6 4
22 0 49 48 0 0 6 5
23 0 51 50 0 0 0 7
23 0 51 50 0 0 1 7
23 0 51 50 0 0 1 0
23 0 51 50 0 0 2 7
23 0 51 50 0 0 2 0
23 0 51 50 0 0 2 1
23 0 51 50 0 0 3 7
23 0 51 50 0 0 3 0
23 0 51 50 0 0 3 1
23 0 51 50 0 0 3 2
23 0 51 50 0 0 4 7
23 0 51 50 0 0 4 0
23 0 51 50 0 0 4 1
23 0 51 50 0 0 4 2
23 0 51 50 0 0 4 3
23 0 51 50 0 0 5 7
23 0 51 50 0 0 5 0
23 0 51 50 0 0 5 1
23 0 51 50 0 0 5 2
23 0 51 50 0 0 5 3
23 0 51 50 0 0 5 4
23 0 51 50 0 0 6 7
23 0 51 50 0 0 6 0
23 0 51 50 0 0 6 1
23 0 51 50 0 0 6 2
23 0 51 50 0 0 6 3
23 0 51 50 0 0 6 4
23 0 51 50 0 0 6 5
24 0 53 52 0 0 0 7
24 0 53 52 0 0 1 7
24 0 53 52 0 0 1 0
24 0 53 52 0 0 2 7
24 0 53 52 0 0 2 0
24 0 53 52 0 0 2 1
24 0 53 52 0 0 3 7
24 0 53 52 0 0 3 0
24 0 53 52 0 0 3 1
24 0 53 52 0 0 3 2
24 0 53 52 0 0 4 7
24 0 53 52 0 0 4 0
24 0 53 52 0 0 4 1
24 0 53 52 0 0 4 2
24 0 53 52 0 0 4 3
24 0 53 52 0 0 5 7
24 0 53 52 0 0 5 0
24 0 53 52 0 0 5 1
24 0 53 52 0 0 5 2
24 0 53 52 0 0 5 3
24 0 53 52 0 0 5 4
24 0 53 52 0 0 6 7
24 0 53 52 0 0 6 0
24 0 53 52 0 0 6 1
24 0 53 52 0 0 6 2
24 0 53 52 0 0 6 3
24 0 53 52 0 0 6 4
24 0 53 52 0 0 6 5
25 0 55 54 0 0 0 7
25 0 55 54 0 0 1 7
25 0 55 54 0 0 1 0
25 0 55 54 0 0 2 7
25 0 55 54 0 0 2 0
25 0 55 54 0 0 2 1
25 0 55 54 0 0 3 7
25 0 55 54 0 0 3 0
25 0 55 54 0 0 3 1
25 0 55 54 0 0 3 2
25 0 55 54 0 0 4 7
25 0 55 54 0 0 4 0
25 0 55 54 0 0 4 1
25 0 55 54 0 0 4 2
25 0 55 54 0 0 4 3
25 0 55 54 0 0 5 7
25 0 55 54 0 0 5 0
25 0 55 54 0 0 5 1
25 0 55 54 0 0 5 2
25 0 55 54 0 0 5 3
25 0 55 54 0 0 5 4
25 0 55 54 0 0 6 7
25 0 55 54 0 0 6 0
25 0 55 54 0 0 6 1
25 0 55 54 0 0 6 2
25 0 55 54 0 0 6 3
25 0 55 54 0 0 6 4
25 0 55 54 0 0 6 5
26 0 57 56 0 0 0 7
26 0 57 56 0 0 1 7
26 0 57 56 0 0 1 0
26 0 57 56 0 0 2 7
26 0 57 56 0 0 2 0
26 0 57 56 0 0 2 1
26 0 57 56 0 0 3 7
26 0 57 56 0 0 3 0
26 0 57 56 0 0 3 1
26 0 57 56 0 0 3 2
26 0 57 56 0 0 4 7
26 0 57 56 0 0 4 0
26 0 57 56 0 0 4 1
26 0 57 56 0 0 4 2
26 0 57 56 0 0 4 3
26 0 57 56 0 0 5 7
26 0 57 56 0 0 5 0
26 0 57 56 0 0 5 1
26 0 57 56 0 0 5 2
26 0 57 56 0 0 5 3
26 0 57 56 0 0 5 4
26 0 57 56 0 0 6 7
26 0 57 56 0 0 6 0
26 0 57 56 0 0 6 1
26 0 57 56 0 0 6 2
26 0 57 56 0 0 6 3
26 0 57 56 0 0 6 4
26 0 57 56 0 0 6 5
27 0 59 58 0 0 0 7
27 0 59 58 0 0 1 7
27 0 59 58 0 0 1 0
27 0 59 58 0 0 2 7
27 0 59 58 0 0 2 0
27 0 59 58 0 0 2 1
27 0 59 58 0 0 3 7
27 0 59 58 0 0 3 0
27 0 59 58 0 0 3 1
27 0 59 58 0 0 3 2
27 0 59 58 0 0 4 7
27 0 59 58 0 0 4 0
27 0 59 58 0 0 4 1
27 0 59 58 0 0 4 2
27 0 59 58 0 0 4 3
27 0 59 58 0 0 5 7
27 0 59 58 0 0 5 0
27 0 59 58 0 0 5 1
27 0 59 58 0 0 5 2
27 0 59 58 0 0 5 3
27 0 59 58 0 0 5 4
27 0 59 58 0 0 6 7
27 0 59 58 0 0 6 0
27 0 59 58 0 0 6 1
27 0 59 58 0 0 6 2
27 0 59 58 0 0 6 3
27 0 59 58 0 0 6 4
27 0 59 58 0 0 6 5
28 0 61 60 0 0 0 7
28 0 61 60 0 0 1 7
28 0 61 60 0 0 1 0
28 0 61 60 0 0 2 7
28 0 61 60 0 0 2 0
28 0 61 60 0 0 2 1
28 0 61 60 0 0 3 7
28 0 61 60 0 0 3 0
28 0 61 60 0 0 3 1
28 0 61 60 0 0 3 2
28 0 61 60 0 0 4 7
28 0 61 60 0 0 4 0
28 0 61 60 0 0 4 1
28 0 61 60 0 0 4 2
28 0 61 60 0 0 4 3
28 0 61 60 0 0 5 7
28 0 61 60 0 0 5 0
28 0 61 60 0 0 5 1
28 0 61 60 0 0 5 2
28 0 61 60 0 0 5 3
28 0 61 60 0 0 5 4
28 0 61 60 0 0 6 7
28 0 61 60 0 0 6 0
28 0 61 60 0 0 6 1
28 0 61 60 0 0 6 2
28 0 61 60 0 0 6 3
28 0 61 60 0 0 6 4
28 0 61 60 0 0 6 5
29 0 63 62 0 0 0 7
29 0 63 62 0 0 1 7
29 0 63 62 0 0 1 0
29 0 63 62 0 0 2 7
29 0 63 62 0 0 2 0
29 0 63 62 0 0 2 1
29 0 63 62 0 0 3 7
29 0 63 62 0 0 3 0
29 0 63 62 0 0 3 1
29 0 63 62 0 0 3 2
29 0 63 62 0 0 4 7
29 0 63 62 0 0 4 0
29 0 63 62 0 0 4 1
29 0 63 62 0 0 4 2
29 0 63 62 0 0 4 3
29 0 63 62 0 0 5 7
29 0 63 62 0 0 5 0
29 0 63 62 0 0 5 1
29 0 63 62 0 0 5 2
29 0 63 62 0 0 5 3
29 0 63 62 0 0 5 4
29 0 63 62 0 0 6 7
29 0 63 62 0 0 6 0
29 0 63 62 0 0 6 1
29 0 63 62 0 0 6 2
29 0 63 62 0 0 6 3
29 0 63 62 0 0 6 4
29 0 63 62 0 0 6 5
30 0 65 64 0 0 0 7
30 0 65 64 0 0 1 7
30 0 65 64 0 0 1 0
30 0 65 64 0 0 2 7
30 0 65 64 0 0 2 0
30 0 65 64 0 0 2 1
30 0 65 64 0 0 3 7
30 0 65 64 0 0 3 0
30 0 65 64 0 0 3 1
30 0 65 64 0 0 3 2
30 0 65 64 0 0 4 7
30 0 65 64 0 0 4 0
30 0 65 64 0 0 4 1
30 0 65 64 0 0 4 2
30 0 65 64 0 0 4 3
30 0 65 64 0 0 5 7
30 0 65 64 0 0 5 0
30 0 65 64 0 0 5 1
30 0 65 64 0 0 5 2
30 0 65 64 0 0 5 3
30 0 65 64 0 0 5 4
30 0 65 64 0 0 6 7
30 0 65 64 0 0 6 0
30 0 65 64 0 0 6 1
30 0 65 64 0 0 6 2
30 0 65 64 0 0 6 3
30 0 65 64 0 0 6 4
30 0 65 64 0 0 6 5
31 0 67 66 0 0 0 7
31 0 67 66 0 0 1 7
31 0 67 66 0 0 1 0
31 0 67 66 0 0 2 7
31 0 67 66 0 0 2 0
31 0 67 66 0 0 2 1
31 0 67 66 0 0 3 7
31 0 67 66 0 0 3 0
31 0 67 66 0 0 3 1
31 0 67 66 0 0 3 2
31 0 67 66 0 0 4 7
31 0 67 66 0 0 4 0
31 0 67 66 0 0 4 1
31 0 67 66 0 0 4 2
31 0 67 66 0 0 4 3
31 0 67 66 0 0 5 7
31 0 67 66 0 0 5 0
31 0 67 66 0 0 5 1
31 0 67 66 0 0 5 2
31 0 67 66 0 0 5 3
31 0 67 66 0 0 5 4
31 0 67 66 0 0 6 7
31 0 67 66 0 0 6 0
31 0 67 66 0 0 6 1
31 0 67 66 0 0 6 2
31 0 67 66 0 0 6 3
31 0 67 66 0 0 6 4
31 0 67 66 0 0 6 5
32 0 69 68 0 0 0 7
32 0 69 68 0 0 1 7
32 0 69 68 0 0 1 0
32 0 69 68 0 0 2 7
32 0 69 68 0 0 2 0
32 0 69 68 0 0 2 1
32 0 69 68 0 0 3 7
32 0 69 68 0 0 3 0
32 0 69 68 0 0 3 1
32 0 69 68 0 0 3 2
32 0 69 68 0 0 4 7
32 0 69 68 0 0 4 0
32 0 69 68 0 0 4 1
32 0 69 68 0 0 4 2
32 0 69 68 0 0 4 3
32 0 69 68 0 0 5 7
32 0 69 68 0 0 5 0
32 0 69 68 0 0 5 1
32 0 69 68 0 0 5 2
32 0 69 68 0 0 5 3
32 0 69 68 0 0 5 4
32 0 69 68 0 0 6 7
32 0 69 68 0 0 6 0
32 0 69 68 0 0 6 1
32 0 69 68 0 0 6 2
32 0 69 68 0 0 6 3
32 0 69 68 0 0 6 4
32 0 69 68 0 0 6 5
33 0 71 70 0 0 0 7
33 0 71 70 0 0 1 7
33 0 71 70 0 0 1 0
33 0 71 70 0 0 2 7
33 0 71 70 0 0 2 0
33 0 71 70 0 0 2 1
33 0 71 70 0 0 3 7
33 0 71 70 0 0 3 0
33 0 71 70 0 0 3 1
33 0 71 70 0 0 3 2
33 0 71 70 0 0 4 7
33 0 71 70 0 0 4 0
33 0 71 70 0 0 4 1
33 0 71 70 0 0 4 2
33 0 71 70 0 0 4 3
33 0 71 70 0 0 5 7
33 0 71 70 0 0 5 0
33 0 71 70 0 0 5 1
33 0 71 70 0 0 5 2
33 0 71 70 0 0 5 3
33 0 71 70 0 0 5 4
33 0 71 70 0 0 6 7
33 0 71 70 0 0 6 0
33 0 71 70 0 0 6 1
33 0 71 70 0 0 6 2
33 0 71 70 0 0 6 3
33 0 71 70 0 0 6 4
33 0 71 70 0 0 6 5
34 0 73 72 0 0 0 7
34 0 73 72 0 0 1 7
34 0 73 72 0 0 1 0
34 0 73 72 0 0 2 7
34 0 73 72 0 0 2 0
34 0 73 72 0 0 2 1
34 0 73 72 0 0 3 7
34 0 73 72 0 0 3 0
34 0 73 72 0 0 3 1
34 0 73 72 0 0 3 2
34 0 73 72 0 0 4 7
34 0 73 72 0 0 4 0
34 0 73 72 0 0 4 1
34 0 73 72 0 0 4 2
34 0 73 72 0 0 4 3
34 0 73 72 0 0 5 7
34 0 73 72 0 0 5 0
34 0 73 72 0 0 5 1
34 0 73 72 0 0 5 2
34 0 73 72 0 0 5 3
34 0 73 72 0 0 5 4
34 0 73 72 0 0 6 7
34 0 73 72 0 0 6 0
34 0 73 72 0 0 6 1
34 0 73 72 0 0 6 2
34 0 73 72 0 0 6 3
34 0 73 72 0 0 6 4
34 0 73 72 0 0 6 5
35 0 75 74 0 0 0 7
35 0 75 74 0 0 1 7
35 0 75 74 0 0 1 0
35 0 75 74 0 0 2 7
35 0 75 74 0 0 2 0
35 0 75 74 0 0 2 1
35 0 75 74 0 0 3 7
35 0 75 74 0 0 3 0
35 0 75 74 0 0 3 1
35 0 75 74 0 0 3 2
35 0 75 74 0 0 4 7
35 0 75 74 0 0 4 0
35 0 75 74 0 0 4 1
35 0 75 74 0 0 4 2
35 0 75 74 0 0 4 3
35 0 75 74 0 0 5 7
35 0 75 74 0 0 5 0
35 0 75 74 0 0 5 1
35 0 75 74 0 0 5 2
35 0 75 74 0 0 5 3
35 0 75 74 0 0 5 4
35 0 75 74 0 0 6 7
35 0 75 74 0 0 6 0
35 0 75 74 0 0 6 1
35 0 75 74 0 0 6 2
35 0 75 74 0 0 6 3
35 0 75 74 0 0 6 4
35 0 75 74 0 0 6 5
36 0 77 76 0 0 0 7
36 0 77 76 0 0 1 7
36 0 77 76 0 0 1 0
36 0 77 76 0 0 2 7
36 0 77 76 0 0 2 0
36 0 77 76 0 0 2 1
36 0 77 76 0 0 3 7
36 0 77 76 0 0 3 0
36 0 77 76 0 0 3 1
36 0 77 76 0 0 3 2
36 0 77 76 0 0 4 7
36 0 77 76 0 0 4 0
36 0 77 76 0 0 4 1
36 0 77 76 0 0 4 2
36 0 77 76 0 0 4 3
36 0 77 76 0 0 5 7
36 0 77 76 0 0 5 0
36 0 77 76 0 0 5 1
36 0 77 76 0 0 5 2
36 0 77 76 0 0 5 3
36 0 77 76 0 0 5 4
36 0 77 76 0 0 6 7
36 0 77 76 0 0 6 0
36 0 77 76 0 0 6 1
36 0 77 76 0 0 6 2
36 0 77 76 0 0 6 3
36 0 77 76 0 0 6 4
36 0 77 76 0 0 6 5
37 0 79 78 0 0 0 7
37 0 79 78 0 0 1 7
37 0 79 78 0 0 1 0
37 0 79 78 0 0 2 7
37 0 79 78 0 0 2 0
37 0 79 78 0 0 2 1
37 0 79 78 0 0 3 7
37 0 79 78 0 0 3 0
37 0 79 78 0 0 3 1
37 0 79 78 0 0 3 2
37 0 79 78 0 0 4 7
37 0 79 78 0 0 4 0
37 0 79 78 0 0 4 1
37 0 79 78 0 0 4 2
37 0 79 78 0 0 4 3
37 0 79 78 0 0 5 7
37 0 79 78 0 0 5 0
37 0 79 78 0 0 5 1
37 0 79 78 0 0 5 2
37 0 79 78 0 0 5 3
37 0 79 78 0 0 5 4
37 0 79 78 0 0 6 7
37 0 79 78 0 0 6 0
37 0 79 78 0 0 6 1
37 0 79 78 0 0 6 2
37 0 79 78 0 0 6 3
37 0 79 78 0 0 6 4
37 0 79 78 0 0 6 5
38 0 81 80 0 0 0 7
38 0 81 80 0 0 1 7
38 0 81 80 0 0 1 0
38 0 81 80 0 0 2 7
38 0 81 80 0 0 2 0
38 0 81 80 0 0 2 1
38 0 81 80 0 0 3 7
38 0 81 80 0 0 3 0
38 0 81 80 0 0 3 1
38 0 81 80 0 0 3 2
38 0 81 80 0 0 4 7
38 0 81 80 0 0 4 0
38 0 81 80 0 0 4 1
38 0 81 80 0 0 4 2
38 0 81 80 0 0 4 3
38 0 81 80 0 0 5 7
38 0 81 80 0 0 5 0
38 0 81 80 0 0 5 1
38 0 81 80 0 0 5 2
38 0 81 80 0 0 5 3
38 0 81 80 0 0 5 4
38 0 81 80 0 0 6 7
38 0 81 80 0 0 6 0
38 0 81 80 0 0 6 1
38 0 81 80 0 0 6 2
38 0 81 80 0 0 6 3
38 0 81 80 0 0 6 4
38 0 81 80 0 0 6 5
39 0 83 82 0 0 0 7
39 0 83 82 0 0 1 7
39 0 83 82 0 0 1 0
39 0 83 82 0 0 2 7
39 0 83 82 0 0 2 0
39 0 83 82 0 0 2 1
39 0 83 82 0 0 3 7
39 0 83 82 0 0 3 0
39 0 83 82 0 0 3 1
39 0 83 82 0 0 3 2
39 0 83 82 0 0 4 7
39 0 83 82 0 0 4 0
39 0 83 82 0 0 4 1
39 0 83 82 0 0 4 2
39 0 83 82 0 0 4 3
39 0 83 82 0 0 5 7
39 0 83 82 0 0 5 0
39 0 83 82 0 0 5 1
39 0 83 82 0 0 5 2
39 0 83 82 0 0 5 3
39 0 83 82 0 0 5 4
39 0 83 82 0 0 6 7
39 0 83 82 0 0 6 0
39 0 83 82 0 0 6 1
39 0 83 82 0 0 6 2
39 0 83 82 0 0 6 3
39 0 83 82 0 0 6 4
39 0 83 82 0 0 6 5
40 0 85 84 0 0 0 7
40 0 85 84 0 0 1 7
40 0 85 84 0 0 1 0
40 0 85 84 0 0 2 7
40 0 85 84 0 0 2 0
40 0 85 84 0 0 2 1
40 0 85 84 0 0 3 7
40 0 85 84 0 0 3 0
40 0 85 84 0 0 3 1
40 0 85 84 0 0 3 2
40 0 85 84 0 0 4 7
40 0 85 84 0 0 4 0
40 0 85 84 0 0 4 1
40 0 85 84 0 0 4 2
40 0 85 84 0 0 4 3
40 0 85 84 0 0 5 7
40 0 85 84 0 0 5 0
40 0 85 84 0 0 5 1
40 0 85 84 0 0 5 2
40 0 85 84 0 0 5 3
40 0 85 84 0 0 5 4
40 0 85 84 0 0 6 7
40 0 85 84 0 0 6 0
40 0 85 84 0 0 6 1
40 0 85 84 0 0 6 2
40 0 85 84 0 0 6 3
40 0 85 84 0 0 6 4
40 0 85 84 0 0 6 5
41 0 87 86 0 0 0 7
41 0 87 86 0 0 1 7
41 0 87 86 0 0 1 0
41 0 87 86 0 0 2 7
41 0 87 86 0 0 2 0
41 0 87 86 0 0 2 1
41 0 87 86 0 0 3 7
41 0 87 86 0 0 3 0
41 0 87 86 0 0 3 1
41 0 87 86 0 0 3 2
41 0 87 86 0 0 4 7
41 0 87 86 0 0 4 0
41 0 87 86 0 0 4 1
41 0 87 86 0 0 4 2
41 0 87 86 0 0 4 3
41 0 87 86 0 0 5 7
41 0 87 86 0 0 5 0
41 0 87 86 0 0 5 1
41 0 87 86 0 0 5 2
41 0 87 86 0 0 5 3
41 0 87 86 0 0 5 4
41 0 87 86 0 0 6 7
41 0 87 86 0 0 6 0
41 0 87 86 0 0 6 1
41 0 87 86 0 0 6 2
41 0 87 86 0 0 6 3
41 0 87 86 0 0 6 4
41 0 87 86 0 0 6 5
42 0 89 88 0 0 0 7
42 0 89 88 0 0 1 7
42 0 89 88 0 0 1 0
42 0 89 88 0 0 2 7
42 0 89 88 0 0 2 0
42 0 89 88 0 0 2 1
42 0 89 88 0 0 3 7
42 0 89 88 0 0 3 0
42 0 89 88 0 0 3 1
42 0 89 88 0 0 3 2
42 0 89 88 0 0 4 7
42 0 89 88 0 0 4 0
42 0 89 88 0 0 4 1
42 0 89 88 0 0 4 2
42 0 89 88 0 0 4 3
42 0 89 88 0 0 5 7
42 0 89 88 0 0 5 0
42 0 89 88 0 0 5 1
42 0 89 88 0 0 5 2
42 0 89 88 0 0 5 3
42 0 89 88 0 0 5 4
42 0 89 88 0 0 6 7
42 0 89 88 0 0 6 0
42 0 89 88 0 0 6 1
42 0 89 88 0 0 6 2
42 0 89 88 0 0 6 3
42 0 89 88 0 0 6 4
42 0 89 88 0 0 6 5
43 0 91 90 0 0 0 7
43 0 91 90 0 0 1 7
43 0 91 90 0 0 1 0
43 0 91 90 0 0 2 7
43 0 91 90 0 0 2 0
43 0 91 90 0 0 2 1
43 0 91 90 0 0 3 7
43 0 91 90 0 0 3 0
43 0 91 90 0 0 3 1
43 0 91 90 0 0 3 2
43 0 91 90 0 0 4 7
43 0 91 90 0 0 4 0
43 0 91 90 0 0 4 1
43 0 91 90 0 0 4 2
43 0 91 90 0 0 4 3
43 0 91 90 0 0 5 7
43 0 91 90 0 0 5 0
43 0 91 90 0 0 5 1
43 0 91 90 0 0 5 2
43 0 91 90 0 0 5 3
43 0 91 90 0 0 5 4
43 0 91 90 0 0 6 7
43 0 91 90 0 0 6 0
43 0 91 90 0 0 6 1
43 0 91 90 0 0 6 2
43 0 91 90 0 0 6 3
43 0 91 90 0 0 6 4
43 0 91 90 0 0 6 5
44 0 93 92 0 0 0 7
44 0 93 92 0 0 1 7
44 0 93 92 0 0 1 0
44 0 93 92 0 0 2 7
44 0 93 92 0 0 2 0
44 0 93 92 0 0 2 1
44 0 93 92 0 0 3 7
44 0 93 92 0 0 3 0
44 0 93 92 0 0 3 1
44 0 93 92 0 0 3 2
44 0 93 92 0 0 4 7
44 0 93 92 0 0 4 0
44 0 93 92 0 0 4 1
44 0 93 92 0 0 4 2
44 0 93 92 0 0 4 3
44 0 93 92 0 0 5 7
44 0 93 92 0 0 5 0
44 0 93 92 0 0 5 1
44 0 93 92 0 0 5 2
44 0 93 92 0 0 5 3
44 0 93 92 0 0 5 4
44 0 93 92 0 0 6 7
44 0 93 92 0 0 6 0
44 0 93 92 0 0 6 1
44 0 93 92 0 0 6 2
44 0 93 92 0 0 6 3
44 0 93 92 0 0 6 4
44 0 93 92 0 0 6 5
45 0 95 94 0 0 0 7
45 0 95 94 0 0 1 7
45 0 95 94 0 0 1 0
45 0 95 94 0 0 2 7
45 0 95 94 0 0 2 0
45 0 95 94 0 0 2 1
45 0 95 94 0 0 3 7
45 0 95 94 0 0 3 0
45 0 95 94 0 0 3 1
45 0 95 94 0 0 3 2
45 0 95 94 0 0 4 7
45 0 95 94 0 0 4 0
45 0 95 94 0 0 4 1
45 0 95 94 0 0 4 2
45 0 95 94 0 0 4 3
45 0 95 94 0 0 5 7
45 0 95 94 0 0 5 0
45 0 95 94 0 0 5 1
45 0 95 94 0 0 5 2
45 0 95 94 0 0 5 3
45 0 95 94 0 0 5 4
45 0 95 94 0 0 6 7
45 0 95 94 0 0 6 0
45 0 95 94 0 0 6 1
45 0 95 94 0 0 6 2
45 0 95 94 0 0 6 3
45 0 95 94 0 0 6 4
45 0 95 94 0 0 6 5
46 0 97 96 0 0 0 7
46 0 97 96 0 0 1 7
46 0 97 96 0 0 1 0
46 0 97 96 0 0 2 7
46 0 97 96 0 0 2 0
46 0 97 96 0 0 2 1
46 0 97 96 0 0 3 7
46 0 97 96 0 0 3 0
46 0 97 96 0 0 3 1
46 0 97 96 0 0 3 2
46 0 97 96 0 0 4 7
46 0 97 96 0 0 4 0
46 0 97 96 0 0 4 1
46 0 97 96 0 0 4 2
46 0 97 96 0 0 4 3
46 0 97 96 0 0 5 7
46 0 97 96 0 0 5 0
46 0 97 96 0 0 5 1
46 0 97 96 0 0 5 2
46 0 97 96 0 0 5 3
46 0 97 96 0 0 5 4
46 0 97 96 0 0 6 7
46 0 97 96 0 0 6 0
46 0 97 96 0 0 6 1
46 0 97 96 0 0 6 2
46 0 97 96 0 0 6 3
46 0 97 96 0 0 6 4
46 0 97 96 0 0 6 5
47 0 99 98 0 0 0 7
47 0 99 98 0 0 1 7
47 0 99 98 0 0 1 0
47 0 99 98 0 0 2 7
47 0 99 98 0 0 2 0
47 0 99 98 0 0 2 1
47 0 99 98 0 0 3 7
47 0 99 98 0 0 3 0
47 0 99 98 0 0 3 1
47 0 99 98 0 0 3 2
47 0 99 98 0 0 4 7
47 0 99 98 0 0 4 0
47 0 99 98 0 0 4 1
47 0 99 98 0 0 4 2
47 0 99 98 0 0 4 3
47 0 99 98 0 0 5 7
47 0 99 98 0 0 5 0
47 0 99 98 0 0 5 1
47 0 99 98 0 0 5 2
47 0 99 98 0 0 5 3
47 0 99 98 0 0 5 4
47 0 99 98 0 0 6 7
47 0 99 98 0 0 6 0
47 0 99 98 0 0 6 1
47 0 99 98 0 0 6 2
47 0 99 98 0 0 6 3
47 0 99 98 0 0 6 4
47 0 99 98 0 0 6 5
48 0 101 100 0 0 0 7
48 0 101 100 0 0 1 7
48 0 101 100 0 0 1 0
48 0 101 100 0 0 2 7
48 0 101 100 0 0 2 0
48 0 101 100 0 0 2 1
48 0 101 100 0 0 3 7
48 0 101 100 0 0 3 0
48 0 101 100 0 0 3 1
48 0 101 100 0 0 3 2
48 0 101 100 0 0 4 7
48 0 101 100 0 0 4 0
48 0 101 100 0 0 4 1
48 0 101 100 0 0 4 2
48 0 101 100 0 0 4 3
48 0 101 100 0 0 5 7
48 0 101 100 0 0 5 0
48 0 101 100 0 0 5 1
48 0 101 100 0 0 5 2
48 0 101 100 0 0 5 3
48 0 101 100 0 0 5 4
48 0 101 100 0 0 6 7
48 0 101 100 0 0 6 0
48 0 101 100 0 0 6 1
48 0 101 100 0 0 6 2
48 0 101 100 0 0 6 3
48 0 101 100 0 0 6 4
48 0 101 100 0 0 6 5
49 0 103 102 0 0 0 7
49 0 103 102 0 0 1 7
49 0 103 102 0 0 1 0
49 0 103 102 0 0 2 7
49 0 103 102 0 0 2 0
49 0 103 102 0 0 2 1
49 0 103 102 0 0 3 7
49 0 103 102 0 0 3 0
49 0 103 102 0 0 3 1
49 0 103 102 0 0 3 2
49 0 103 102 0 0 4 7
49 0 103 102 0 0 4 0
49 0 103 102 0 0 4 1
49 0 103 102 0 0 4 2
49 0 103 102 0 0 4 3
49 0 103 102 0 0 5 7
49 0 103 102 0 0 5 0
49 0 103 102 0 0 5 1
49 0 103 102 0 0 5 2
49 0 103 102 0 0 5 3
49 0 103 102 0 0 5 4
49 0 103 102 0 0 6 7
49 0 103 102 0 0 6 0
49 0 103 102 0 0 6 1
49 0 103 102 0 0 6 2
49 0 103 102 0 0 6 3
49 0 103 102 0 0 6 4
49 0 103 102 0 0 6 5
50 0 105 104 0 0 0 7
50 0 105 104 0 0 1 7
50 0 105 104 0 0 1 0
50 0 105 104 0 0 2 7
50 0 105 104 0 0 2 0
50 0 105 104 0 0 2 1
50 0 105 104 0 0 3 7
50 0 105 104 0 0 3 0
50 0 105 104 0 0 3 1
50 0 105 104 0 0 3 2
50 0 105 104 0 0 4 7
50 0 105 104 0 0 4 0
50 0 105 104 0 0 4 1
50 0 105 104 0 0 4 2
50 0 105 104 0 0 4 3
50 0 105 104 0 0 5 7
50 0 105 104 0 0 5 0
50 0 105 104 0 0 5 1
50 0 105 104 0 0 5 2
50 0 105 104 0 0 5 3
50 0 105 104 0 0 5 4
50 0 105 104 0 0 6 7
50 0 105 104 0 0 6 0
50 0 105 104 0 0 6 1
50 0 105 104 0 0 6 2
50 0 105 104 0 0 6 3
50 0 105 104 0 0 6 4
50 0 105 104 0 0 6 5
51 0 107 106 0 0 0 7
51 0 107 106 0 0 1 7
51 0 107 106 0 0 1 0
51 0 107 106 0 0 2 7
51 0 107 106 0 0 2 0
51 0 107 106 0 0 2 1
51 0 107 106 0 0 3 7
51 0 107 106 0 0 3 0
51 0 107 106 0 0 3 1
51 0 107 106 0 0 3 2
51 0 107 106 0 0 4 7
51 0 107 106 0 0 4 0
51 0 107 106 0 0 4 1
51 0 107 106 0 0 4 2
51 0 107 106 0 0 4 3
51 0 107 106 0 0 5 7
51 0 107 106 0 0 5 0
51 0 107 106 0 0 5 1
51 0 107 106 0 0 5 2
51 0 107 106 0 0 5 3
51 0 107 106 0 0 5 4
51 0 107 106 0 0 6 7
51 0 107 106 0 0 6 0
51 0 107 106 0 0 6 1
51 0 107 106 0 0 6 2
51 0 107 106 0 0 6 3
51 0 107 106 0 0 6 4
51 0 107 106 0 0 6 5
52 0 109 108 0 0 0 7
52 0 109 108 0 0 1 7
52 0 109 108 0 0 1 0
52 0 109 108 0 0 2 7
52 0 109 108 0 0 2 0
52 0 109 108 0 0 2 1
52 0 109 108 0 0 3 7
52 0 109 108 0 0 3 0
52 0 109 108 0 0 3 1
52 0 109 108 0 0 3 2
52 0 109 108 0 0 4 7
52 0 109 108 0 0 4 0
52 0 109 108 0 0 4 1
52 0 109 108 0 0 4 2
52 0 109 108 0 0 4 3
52 0 109 108 0 0 5 7
52 0 109 108 0 0 5 0
52 0 109 108 0 0 5 1
52 0 109 108 0 0 5 2
52 0 109 108 0 0 5 3
52 0 109 108 0 0 5 4
52 0 109 108 0 0 6 7
52 0 109 108 0 0 6 0
52 0 109 108 0 0 6 1
52 0 109 108 0 0 6 2
52 0 109 108 0 0 6 3
52 0 109 108 0 0 6 4
52 0 109 108 0 0 6 5
53 0 111 110 0 0 0 7
53 0 111 110 0 0 1 7
53 0 111 110 0 0 1 0
53 0 111 110 0 0 2 7
53 0 111 110 0 0 2 0
53 0 111 110 0 0 2 1
53 0 111 110 0 0 3 7
53 0 111 110 0 0 3 0
53 0 111 110 0 0 3 1
53 0 111 110 0 0 3 2
53 0 111 110 0 0 4 7
53 0 111 110 0 0 4 0
53 0 111 110 0 0 4 1
53 0 111 110 0 0 4 2
53 0 111 110 0 0 4 3
53 0 111 110 0 0 5 7
53 0 111 110 0 0 5 0
53 0 111 110 0 0 5 1
53 0 111 110 0 0 5 2
53 0 111 110 0 0 5 3
53 0 111 110 0 0 5 4
53 0 111 110 0 0 6 7
53 0 111 110 0 0 6 0
53 0 111 110 0 0 6 1
53 0 111 110 0 0 6 2
53 0 111 110 0 0 6 3
53 0 111 110 0 0 6 4
53 0 111 110 0 0 6 5
54 0 113 112 0 0 0 7
54 0 113 112 0 0 1 7
54 0 113 112 0 0 1 0
54 0 113 112 0 0 2 7
54 0 113 112 0 0 2 0
54 0 113 112 0 0 2 1
54 0 113 112 0 0 3 7
54 0 113 112 0 0 3 0
54 0 113 112 0 0 3 1
54 0 113 112 0 0 3 2
54 0 113 112 0 0 4 7
54 0 113 112 0 0 4 0
54 0 113 112 0 0 4 1
54 0 113 112 0 0 4 2
54 0 113 112 0 0 4 3
54 0 113 112 0 0 5 7
54 0 113 112 0 0 5 0
54 0 113 112 0 0 5 1
54 0 113 112 0 0 5 2
54 0 113 112 0 0 5 3
54 0 113 112 0 0 5 4
54 0 113 112 0 0 6 7
54 0 113 112 0 0 6 0
54 0 113 112 0 0 6 1
54 0 113 112 0 0 6 2
54 0 113 112 0 0 6 3
54 0 113 112 0 0 6 4
54 0 113 112 0 0 6 5
55 0 115 114 0 0 0 7
55 0 115 114 0 0 1 7
55 0 115 114 0 0 1 0
55 0 115 114 0 0 2 7
55 0 115 114 0 0 2 0
55 0 115 114 0 0 2 1
55 0 115 114 0 0 3 7
55 0 115 114 0 0 3 0
55 0 115 114 0 0 3 1
55 0 115 114 0 0 3 2
55 0 115 114 0 0 4 7
55 0 115 114 0 0 4 0
55 0 115 114 0 0 4 1
55 0 115 114 0 0 4 2
55 0 115 114 0 0 4 3
55 0 115 114 0 0 5 7
55 0 115 114 0 0 5 0
55 0 115 114 0 0 5 1
55 0 115 114 0 0 5 2
55 0 115 114 0 0 5 3
55 0 115 114 0 0 5 4
55 0 115 114 0 0 6 7
55 0 115 114 0 0 6 0
55 0 115 114 0 0 6 1
55 0 115 114 0 0 6 2
55 0 115 114 0 0 6 3
55 0 115 114 0 0 6 4
55 0 115 114 0 0 6 5
56 0 117 116 0 0 0 7
56 0 117 116 0 0 1 7
56 0 117 116 0 0 1 0
56 0 117 116 0 0 2 7
56 0 117 116 0 0 2 0
56 0 117 116 0 0 2 1
56 0 117 116 0 0 3 7
56 0 117 116 0 0 3 0
56 0 117 116 0 0 3 1
56 0 117 116 0 0 3 2
56 0 117 116 0 0 4 7
56 0 117 116 0 0 4 0
56 0 117 116 0 0 4 1
56 0 117 116 0 0 4 2
56 0 117 116 0 0 4 3
56 0 117 116 0 0 5 7
56 0 117 116 0 0 5 0
56 0 117 116 0 0 5 1
56 0 117 116 0 0 5 2
56 0 117 116 0 0 5 3
56 0 117 116 0 0 5 4
56 0 117 116 0 0 6 7
56 0 117 116 0 0 6 0
56 0 117 116 0 0 6 1
56 0 117 116 0 0 6 2
56 0 117 116 0 0 6 3
56 0 117 116 0 0 6 4
56 0 117 116 0 0 6 5
57 0 119 118 0 0 0 7
57 0 119 118 0 0 1 7
57 0 119 118 0 0 1 0
57 0 119 118 0 0 2 7
57 0 119 118 0 0 2 0
57 0 119 118 0 0 2 1
57 0 119 118 0 0 3 7
57 0 119 118 0 0 3 0
57 0 119 118 0 0 3 1
57 0 119 118 0 0 3 2
57 0 119 118 0 0 4 7
57 0 119 118 0 0 4 0
57 0 119 118 0 0 4 1
57 0 119 118 0 0 4 2
57 0 119 118 0 0 4 3
57 0 119 118 0 0 5 7
57 0 119 118 0 0 5 0
57 0 119 118 0 0 5 1
57 0 119 118 0 0 5 2
57 0 119 118 0 0 5 3
57 0 119 118 0 0 5 4
57 0 119 118 0 0 6 7
57 0 119 118 0 0 6 0
57 0 119 118 0 0 6 1
57 0 119 118 0 0 6 2
57 0 119 118 0 0 6 3
57 0 119 118 0 0 6 4
57 0 119 118 0 0 6 5
58 0 121 120 0 0 0 7
58 0 121 120 0 0 1 7
58 0 121 120 0 0 1 0
58 0 121 120 0 0 2 7
58 0 121 120 0 0 2 0
58 0 121 120 0 0 2 1
58 0 121 120 0 0 3 7
58 0 121 120 0 0 3 0
58 0 121 120 0 0 3 1
58 0 121 120 0 0 3 2
58 0 121 120 0 0 4 7
58 0 121 120 0 0 4 0
58 0 121 120 0 0 4 1
58 0 121 120 0 0 4 2
58 0 121 120 0 0 4 3
58 0 121 120 0 0 5 7
58 0 121 120 0 0 5 0
58 0 121 120 0 0 5 1
58 0 121 120 0 0 5 2
58 0 121 120 0 0 5 3
58 0 121 120 0 0 5 4
58 0 121 120 0 0 6 7
58 0 121 120 0 0 6 0
58 0 121 120 0 0 6 1
58 0 121 120 0 0 6 2
58 0 121 120 0 0 6 3
58 0 121 120 0 0 6 4
58 0 121 120 0 0 6 5
59 0 123 122 0 0 0 7
59 0 123 122 0 0 1 7
59 0 123 122 0 0 1 0
59 0 123 122 0 0 2 7
59 0 123 122 0 0 2 0
59 0 123 122 0 0 2 1
59 0 123 122 0 0 3 7
59 0 123 122 0 0 3 0
59 0 123 122 0 0 3 1
59 0 123 122 0 0 3 2
59 0 123 122 0 0 4 7
59 0 123 122 0 0 4 0
59 0 123 122 0 0 4 1
59 0 123 122 0 0 4 2
59 0 123 122 0 0 4 3
59 0 123 122 0 0 5 7
59 0 123 122 0 0 5 0
59 0 123 122 0 0 5 1
59 0 123 122 0 0 5 2
59 0 123 122 0 0 5 3
59 0 123 122 0 0 5 4
59 0 123 122 0 0 6 7
59 0 123 122 0 0 6 0
59 0 123 122 0 0 6 1
59 0 123 122 0 0 6 2
59 0 123 122 0 0 6 3
59 0 123 122 0 0 6 4
59 0 123 122 0 0 6 5
60 0 125 124 0 0 0 7
60 0 125 124 0 0 1 7
60 0 125 124 0 0 1 0
60 0 125 124 0 0 2 7
60 0 125 124 0 0 2 0
60 0 125 124 0 0 2 1
60 0 125 124 0 0 3 7
60 0 125 124 0 0 3 0
60 0 125 124 0 0 3 1
60 0 125 124 0 0 3 2
60 0 125 124 0 0 4 7
60 0 125 124 0 0 4 0
60 0 125 124 0 0 4 1
60 0 125 124 0 0 4 2
60 0 125 124 0 0 4 3
60 0 125 124 0 0 5 7
60 0 125 124 0 0 5 0
60 0 125 124 0 0 5 1
60 0 125 124 0 0 5 2
60 0 125 124 0 0 5 3
60 0 125 124 0 0 5 4
60 0 125 124 0 0 6 7
60 0 125 124 0 0 6 0
60 0 125 124 0 0 6 1
60 0 125 124 0 0 6 2
60 0 125 124 0 0 6 3
60 0 125 124 0 0 6 4
60 0 125 124 0 0 6 5
61 0 127 126 0 0 0 7
61 0 127 126 0 0 1 7
61 0 127 126 0 0 1 0
61 0 127 126 0 0 2 7
61 0 127 126 0 0 2 0
61 0 127 126 0 0 2 1
61 0 127 126 0 0 3 7
61 0 127 126 0 0 3 0
61 0 127 126 0 0 3 1
61 0 127 126 0 0 3 2
61 0 127 126 0 0 4 7
61 0 127 126 0 0 4 0
61 0 127 126 0 0 4 1
61 0 127 126 0 0 4 2
61 0 127 126 0 0 4 3
61 0 127 126 0 0 5 7
61 0 127 126 0 0 5 0
61 0 127 126 0 0 5 1
61 0 127 126 0 0 5 2
61 0 127 126 0 0 5 3
61 0 127 126 0 0 5 4
61 0 127 126 0 0 6 7
61 0 127 126 0 0 6 0
61 0 127 126 0 0 6 1
61 0 127 126 0 0 6 2
61 0 127 126 0 0 6 3
61 0 127 126 0 0 6 4
61 0 127 126 0 0 6 5
62 0 129 128 0 0 0 7
62 0 129 128 0 0 1 7
62 0 129 128 0 0 1 0
62 0 129 128 0 0 2 7
62 0 129 128 0 0 2 0
62 0 129 128 0 0 2 1
62 0 129 128 0 0 3 7
62 0 129 128 0 0 3 0
62 0 129 128 0 0 3 1
62 0 129 128 0 0 3 2
62 0 129 128 0 0 4 7
62 0 129 128 0 0 4 0
62 0 129 128 0 0 4 1
62 0 129 128 0 0 4 2
62 0 129 128 0 0 4 3
62 0 129 128 0 0 5 7
62 0 129 128 0 0 5 0
62 0 129 128 0 0 5 1
62 0 129 128 0 0 5 2
62 0 129 128 0 0 5 3
62 0 129 128 0 0 5 4
62 0 129 128 0 0 6 7
62 0 129 128 0 0 6 0
62 0 129 128 0 0 6 1
62 0 129 128 0 0 6 2
62 0 129 128 0 0 6 3
62 0 129 128 0 0 6 4
62 0 129 128 0 0 6 5
63 0 131 130 0 0 0 7
63 0 131 130 0 0 1 7
63 0 131 130 0 0 1 0
63 0 131 130 0 0 2 7
63 0 131 130 0 0 2 0
63 0 131 130 0 0 2 1
63 0 131 130 0 0 3 7
63 0 131 130 0 0 3 0
63 0 131 130 0 0 3 1
63 0 131 130 0 0 3 2
63 0 131 130 0 0 4 7
63 0 131 130 0 0 4 0
63 0 131 130 0 0 4 1
63 0 131 130 0 0 4 2
63 0 131 130 0 0 4 3
63 0 131 130 0 0 5 7
63 0 131 130 0 0 5 0
63 0 131 130 0 0 5 1
63 0 131 130 0 0 5 2
63 0 131 130 0 0 5 3
63 0 131 130 0 0 5 4
63 0 131 130 0 0 6 7
63 0 131 130 0 0 6 0
63 0 131 130 0 0 6 1
63 0 131 130 0 0 6 2
63 0 131 130 0 0 6 3
63 0 131 130 0 0 6 4
63 0 131 130 0 0 6 5
64 0 133 132 0 0 0 7
64 0 133 132 0 0 1 7
64 0 133 132 0 0 1 0
64 0 133 132 0 0 2 7
64 0 133 132 0 0 2 0
64 0 133 132 0 0 2 1
64 0 133 132 0 0 3 7
64 0 133 132 0 0 3 0
64 0 133 132 0 0 3 1
64 0 133 132 0 0 3 2
64 0 133 132 0 0 4 7
64 0 133 132 0 0 4 0
64 0 133 132 0 0 4 1
64 0 133 132 0 0 4 2
64 0 133 132 0 0 4 3
64 0 133 132 0 0 5 7
64 0 133 132 0 0 5 0
64 0 133 132 0 0 5 1
64 0 133 132 0 0 5 2
64 0 133 132 0 0 5 3
64 0 133 132 0 0 5 4
64 0 133 132 0 0 6 7
64 0 133 132 0 0 6 0
64 0 133 132 0 0 6 1
64 0 133 132 0 0 6 2
64 0 133 132 0 0 6 3
64 0 133 132 0 0 6 4
64 0 133 132 0 0 6 5
65 0 135 134 0 0 0 7
65 0 135 134 0 0 1 7
65 0 135 134 0 0 1 0
65 0 135 134 0 0 2 7
65 0 135 134 0 0 2 0
65 0 135 134 0 0 2 1
65 0 135 134 0 0 3 7
65 0 135 134 0 0 3 0
65 0 135 134 0 0 3 1
65 0 135 134 0 0 3 2
65 0 135 134 0 0 4 7
65 0 135 134 0 0 4 0
65 0 135 134 0 0 4 1
65 0 135 134 0 0 4 2
65 0 135 134 0 0 4 3
65 0 135 134 0 0 5 7
65 0 135 134 0 0 5 0
65 0 135 134 0 0 5 1
65 0 135 134 0 0 5 2
65 0 135 134 0 0 5 3
65 0 135 134 0 0 5 4
65 0 135 134 0 0 6 7
65 0 135 134 0 0 6 0
65 0 135 134 0 0 6 1
65 0 135 134 0 0 6 2
65 0 135 134 0 0 6 3
65 0 135 134 0 0 6 4
65 0 135 134 0 0 6 5
66 0 137 136 0 0 0 7
66 0 137 136 0 0 1 7
66 0 137 136 0 0 1 0
66 0 137 136 0 0 2 7
66 0 137 136 0 0 2 0
66 0 137 136 0 0 2 1
66 0 137 136 0 0 3 7
66 0 137 136 0 0 3 0
66 0 137 136 0 0 3 1
66 0 137 136 0 0 3 2
66 0 137 136 0 0 4 7
66 0 137 136 0 0 4 0
66 0 137 136 0 0 4 1
66 0 137 136 0 0 4 2
66 0 137 136 0 0 4 3
66 0 137 136 0 0 5 7
66 0 137 136 0 0 5 0
66 0 137 136 0 0 5 1
66 0 137 136 0 0 5 2
66 0 137 136 0 0 5 3
66 0 137 136 0 0 5 4
66 0 137 136 0 0 6 7
66 0 137 136 0 0 6 0
66 0 137 136 0 0 6 1
66 0 137 136 0 0 6 2
66 0 137 136 0 0 6 3
66 0 137 136 0 0 6 4
66 0 137 136 0 0 6 5
67 0 139 138 0 0 0 7
67 0 139 138 0 0 1 7
67 0 139 138 0 0 1 0
67 0 139 138 0 0 2 7
67 0 139 138 0 0 2 0
67 0 139 138 0 0 2 1
67 0 139 138 0 0 3 7
67 0 139 138 0 0 3 0
67 0 139 138 0 0 3 1
67 0 139 138 0 0 3 2
67 0 139 138 0 0 4 7
67 0 139 138 0 0 4 0
67 0 139 138 0 0 4 1
67 0 139 138 0 0 4 2
67 0 139 138 0 0 4 3
67 0 139 138 0 0 5 7
67 0 139 138 0 0 5 0
67 0 139 138 0 0 5 1
67 0 139 138 0 0 5 2
67 0 139 138 0 0 5 3
67 0 139 138 0 0 5 4
67 0 139 138 0 0 6 7
67 0 139 138 0 0 6 0
67 0 139 138 0 0 6 1
67 0 139 138 0 0 6 2
67 0 139 138 0 0 6 3
67 0 139 138 0 0 6 4
67 0 139 138 0 0 6 5
68 0 141 140 0 0 0 7
68 0 141 140 0 0 1 7
68 0 141 140 0 0 1 0
68 0 141 140 0 0 2 7
68 0 141 140 0 0 2 0
68 0 141 140 0 0 2 1
68 0 141 140 0 0 3 7
68 0 141 140 0 0 3 0
68 0 141 140 0 0 3 1
68 0 141 140 0 0 3 2
68 0 141 140 0 0 4 7
68 0 141 140 0 0 4 0
68 0 141 140 0 0 4 1
68 0 141 140 0 0 4 2
68 0 141 140 0 0 4 3
68 0 141 140 0 0 5 7
68 0 141 140 0 0 5 0
68 0 141 140 0 0 5 1
68 0 141 140 0 0 5 2
68 0 141 140 0 0 5 3
68 0 141 140 0 0 5 4
68 0 141 140 0 0 6 7
68 0 141 140 0 0 6 0
68 0 141 140 0 0 6 1
68 0 141 140 0 0 6 2
68 0 141 140 0 0 6 3
68 0 141 140 0 0 6 4
68 0 141 140 0 0 6 5
69 0 143 142 0 0 0 7
69 0 143 142 0 0 1 7
69 0 143 142 0 0 1 0
69 0 143 142 0 0 2 7
69 0 143 142 0 0 2 0
69 0 143 142 0 0 2 1
69 0 143 142 0 0 3 7
69 0 143 142 0 0 3 0
69 0 143 142 0 0 3 1
69 0 143 142 0 0 3 2
69 0 143 142 0 0 4 7
69 0 143 142 0 0 4 0
69 0 143 142 0 0 4 1
69 0 143 142 0 0 4 2
69 0 143 142 0 0 4 3
69 0 143 142 0 0 5 7
69 0 143 142 0 0 5 0
69 0 143 142 0 0 5 1
69 0 143 142 0 0 5 2
69 0 143 142 0 0 5 3
69 0 143 142 0 0 5 4
69 0 143 142 0 0 6 7
69 0 143 142 0 0 6 0
69 0 143 142 0 0 6 1
69 0 143 142 0 0 6 2
69 0 143 142 0 0 6 3
69 0 143 142 0 0 6 4
69 0 143 142 0 0 6 5
70 0 145 144 0 0 0 7
70 0 145 144 0 0 1 7
70 0 145 144 0 0 1 0
70 0 145 144 0 0 2 7
70 0 145 144 0 0 2 0
70 0 145 144 0 0 2 1
70 0 145 144 0 0 3 7
70 0 145 144 0 0 3 0
70 0 145 144 0 0 3 1
70 0 145 144 0 0 3 2
70 0 145 144 0 0 4 7
70 0 145 144 0 0 4 0
70 0 145 144 0 0 4 1
70 0 145 144 0 0 4 2
70 0 145 144 0 0 4 3
70 0 145 144 0 0 5 7
70 0 145 144 0 0 5 0
70 0 145 144 0 0 5 1
70 0 145 144 0 0 5 2
70 0 145 144 0 0 5 3
70 0 145 144 0 0 5 4
70 0 145 144 0 0 6 7
70 0 145 144 0 0 6 0
70 0 145 144 0 0 6 1
70 0 145 144 0 0 6 2
70 0 145 144 0 0 6 3
70 0 145 144 0 0 6 4
70 0 145 144 0 0 6 5
71 0 147 146 0 0 0 7
71 0 147 146 0 0 1 7
71 0 147 146 0 0 1 0
71 0 147 146 0 0 2 7
71 0 147 146 0 0 2 0
71 0 147 146 0 0 2 1
71 0 147 146 0 0 3 7
71 0 147 146 0 0 3 0
71 0 147 146 0 0 3 1
71 0 147 146 0 0 3 2
71 0 147 146 0 0 4 7
71 0 147 146 0 0 4 0
71 0 147 146 0 0 4 1
71 0 147 146 0 0 4 2
71 0 147 146 0 0 4 3
71 0 147 146 0 0 5 7
71 0 147 146 0 0 5 0
71 0 147 146 0 0 5 1
71 0 147 146 0 0 5 2
71 0 147 146 0 0 5 3
71 0 147 146 0 0 5 4
71 0 147 146 0 0 6 7
71 0 147 146 0 0 6 0
71 0 147 146 0 0 6 1
71 0 147 146 0 0 6 2
71 0 147 146 0 0 6 3
71 0 147 146 0 0 6 4
71 0 147 146 0 0 6 5
72 0 149 148 0 0 0 7
72 0 149 148 0 0 1 7
72 0 149 148 0 0 1 0
72 0 149 148 0 0 2 7
72 0 149 148 0 0 2 0
72 0 149 148 0 0 2 1
72 0 149 148 0 0 3 7
72 0 149 148 0 0 3 0
72 0 149 148 0 0 3 1
72 0 149 148 0 0 3 2
72 0 149 148 0 0 4 7
72 0 149 148 0 0 4 0
72 0 149 148 0 0 4 1
72 0 149 148 0 0 4 2
72 0 149 148 0 0 4 3
72 0 149 148 0 0 5 7
72 0 149 148 0 0 5 0
72 0 149 148 0 0 5 1
72 0 149 148 0 0 5 2
72 0 149 148 0 0 5 3
72 0 149 148 0 0 5 4
72 0 149 148 0 0 6 7
72 0 149 148 0 0 6 0
72 0 149 148 0 0 6 1
72 0 149 148 0 0 6 2
72 0 149 148 0 0 6 3
72 0 149 148 0 0 6 4
72 0 149 148 0 0 6 5
73 0 151 150 0 0 0 7
73 0 151 150 0 0 1 7
73 0 151 150 0 0 1 0
73 0 151 150 0 0 2 7
73 0 151 150 0 0 2 0
73 0 151 150 0 0 2 1
73 0 151 150 0 0 3 7
73 0 151 150 0 0 3 0
73 0 151 150 0 0 3 1
73 0 151 150 0 0 3 2
73 0 151 150 0 0 4 7
73 0 151 150 0 0 4 0
73 0 151 150 0 0 4 1
73 0 151 150 0 0 4 2
73 0 151 150 0 0 4 3
73 0 151 150 0 0 5 7
73 0 151 150 0 0 5 0
73 0 151 150 0 0 5 1
73 0 151 150 0 0 5 2
73 0 151 150 0 0 5 3
73 0 151 150 0 0 5 4
73 0 151 150 0 0 6 7
73 0 151 150 0 0 6 0
73 0 151 150 0 0 6 1
73 0 151 150 0 0 6 2
73 0 151 150 0 0 6 3
73 0 151 150 0 0 6 4
73 0 151 150 0 0 6 5
74 0 153 152 0 0 0 7
74 0 153 152 0 0 1 7
74 0 153 152 0 0 1 0
74 0 153 152 0 0 2 7
74 0 153 152 0 0 2 0
74 0 153 152 0 0 2 1
74 0 153 152 0 0 3 7
74 0 153 152 0 0 3 0
74 0 153 152 0 0 3 1
74 0 153 152 0 0 3 2
74 0 153 152 0 0 4 7
74 0 153 152 0 0 4 0
74 0 153 152 0 0 4 1
74 0 153 152 0 0 4 2
74 0 153 152 0 0 4 3
74 0 153 152 0 0 5 7
74 0 153 152 0 0 5 0
74 0 153 152 0 0 5 1
74 0 153 152 0 0 5 2
74 0 153 152 0 0 5 3
74 0 153 152 0 0 5 4
74 0 153 152 0 0 6 7
74 0 153 152 0 0 6 0
74 0 153 152 0 0 6 1
74 0 153 152 0 0 6 2
74 0 153 152 0 0 6 3
74 0 153 152 0 0 6 4
74 0 153 152 0 0 6 5
75 0 155 154 0 0 0 7
75 0 155 154 0 0 1 7
75 0 155 154 0 0 1 0
75 0 155 154 0 0 2 7
75 0 155 154 0 0 2 0
75 0 155 154 0 0 2 1
75 0 155 154 0 0 3 7
75 0 155 154 0 0 3 0
75 0 155 154 0 0 3 1
75 0 155 154 0 0 3 2
75 0 155 154 0 0 4 7
75 0 155 154 0 0 4 0
75 0 155 154 0 0 4 1
75 0 155 154 0 0 4 2
75 0 155 154 0 0 4 3
75 0 155 154 0 0 5 7
75 0 155 154 0 0 5 0
75 0 155 154 0 0 5 1
75 0 155 154 0 0 5 2
75 0 155 154 0 0 5 3
75 0 155 154 0 0 5 4
75 0 155 154 0 0 6 7
75 0 155 154 0 0 6 0
75 0 155 154 0 0 6 1
75 0 155 154 0 0 6 2
75 0 155 154 0 0 6 3
75 0 155 154 0 0 6 4
75 0 155 154 0 0 6 5
76 0 157 156 0 0 0 7
76 0 157 156 0 0 1 7
76 0 157 156 0 0 1 0
76 0 157 156 0 0 2 7
76 0 157 156 0 0 2 0
76 0 157 156 0 0 2 1
76 0 157 156 0 0 3 7
76 0 157 156 0 0 3 0
76 0 157 156 0 0 3 1
76 0 157 156 0 0 3 2
76 0 157 156 0 0 4 7
76 0 157 156 0 0 4 0
76 0 157 156 0 0 4 1
76 0 157 156 0 0 4 2
76 0 157 156 0 0 4 3
76 0 157 156 0 0 5 7
76 0 157 156 0 0 5 0
76 0 157 156 0 0 5 1
76 0 157 156 0 0 5 2
76 0 157 156 0 0 5 3
76 0 157 156 0 0 5 4
76 0 157 156 0 0 6 7
76 0 157 156 0 0 6 0
76 0 157 156 0 0 6 1
76 0 157 156 0 0 6 2
76 0 157 156 0 0 6 3
76 0 157 156 0 0 6 4
76 0 157 156 0 0 6 5
77 0 159 158 0 0 0 7
77 0 159 158 0 0 1 7
77 0 159 158 0 0 1 0
77 0 159 158 0 0 2 7
77 0 159 158 0 0 2 0
77 0 159 158 0 0 2 1
77 0 159 158 0 0 3 7
77 0 159 158 0 0 3 0
77 0 159 158 0 0 3 1
77 0 159 158 0 0 3 2
77 0 159 158 0 0 4 7
77 0 159 158 0 0 4 0
77 0 159 158 0 0 4 1
77 0 159 158 0 0 4 2
77 0 159 158 0 0 4 3
77 0 159 158 0 0 5 7
77 0 159 158 0 0 5 0
77 0 159 158 0 0 5 1
77 0 159 158 0 0 5 2
77 0 159 158 0 0 5 3
77 0 159 158 0 0 5 4
77 0 159 158 0 0 6 7
77 0 159 158 0 0 6 0
77 0 159 158 0 0 6 1
77 0 159 158 0 0 6 2
77 0 159 158 0 0 6 3
77 0 159 158 0 0 6 4
77 0 159 158 0 0 6 5
78 0 161 160 0 0 0 7
78 0 161 160 0 0 1 7
78 0 161 160 0 0 1 0
78 0 161 160 0 0 2 7
78 0 161 160 0 0 2 0
78 0 161 160 0 0 2 1
78 0 161 160 0 0 3 7
78 0 161 160 0 0 3 0
78 0 161 160 0 0 3 1
78 0 161 160 0 0 3 2
78 0 161 160 0 0 4 7
78 0 161 160 0 0 4 0
78 0 161 160 0 0 4 1
78 0 161 160 0 0 4 2
78 0 161 160 0 0 4 3
78 0 161 160 0 0 5 7
78 0 161 160 0 0 5 0
78 0 161 160 0 0 5 1
78 0 161 160 0 0 5 2
78 0 161 160 0 0 5 3
78 0 161 160 0 0 5 4
78 0 161 160 0 0 6 7
78 0 161 160 0 0 6 0
78 0 161 160 0 0 6 1
78 0 161 160 0 0 6 2
78 0 161 160 0 0 6 3
78 0 161 160 0 0 6 4
78 0 161 160 0 0 6 5
79 0 163 162 0 0 0 7
79 0 163 162 0 0 1 7
79 0 163 162 0 0 1 0
79 0 163 162 0 0 2 7
79 0 163 162 0 0 2 0
79 0 163 162 0 0 2 1
79 0 163 162 0 0 3 7
79 0 163 162 0 0 3 0
79 0 163 162 0 0 3 1
79 0 163 162 0 0 3 2
79 0 163 162 0 0 4 7
79 0 163 162 0 0 4 0
79 0 163 162 0 0 4 1
79 0 163 162 0 0 4 2
79 0 163 162 0 0 4 3
79 0 163 162 0 0 5 7
79 0 163 162 0 0 5 0
79 0 163 162 0 0 5 1
79 0 163 162 0 0 5 2
79 0 163 162 0 0 5 3
79 0 163 162 0 0 5 4
79 0 163 162 0 0 6 7
79 0 163 162 0 0 6 0
79 0 163 162 0 0 6 1
79 0 163 162 0 0 6 2
79 0 163 162 0 0 6 3
79 0 163 162 0 0 6 4
79 0 163 162 0 0 6 5
80 0 165 164 0 0 0 7
80 0 165 164 0 0 1 7
80 0 165 164 0 0 1 0
80 0 165 164 0 0 2 7
80 0 165 164 0 0 2 0
80 0 165 164 0 0 2 1
80 0 165 164 0 0 3 7
80 0 165 164 0 0 3 0
80 0 165 164 0 0 3 1
80 0 165 164 0 0 3 2
80 0 165 164 0 0 4 7
80 0 165 164 0 0 4 0
80 0 165 164 0 0 4 1
80 0 165 164 0 0 4 2
80 0 165 164 0 0 4 3
80 0 165 164 0 0 5 7
80 0 165 164 0 0 5 0
80 0 165 164 0 0 5 1
80 0 165 164 0 0 5 2
80 0 165 164 0 0 5 3
80 0 165 164 0 0 5 4
80 0 165 164 0 0 6 7
80 0 165 164 0 0 6 0
80 0 165 164 0 0 6 1
80 0 165 164 0 0 6 2
80 0 165 164 0 0 6 3
80 0 165 164 0 0 6 4
80 0 165 164 0 0 6 5
81 0 167 166 0 0 0 7
81 0 167 166 0 0 1 7
81 0 167 166 0 0 1 0
81 0 167 166 0 0 2 7
81 0 167 166 0 0 2 0
81 0 167 166 0 0 2 1
81 0 167 166 0 0 3 7
81 0 167 166 0 0 3 0
81 0 167 166 0 0 3 1
81 0 167 166 0 0 3 2
81 0 167 166 0 0 4 7
81 0 167 166 0 0 4 0
81 0 167 166 0 0 4 1
81 0 167 166 0 0 4 2
81 0 167 166 0 0 4 3
81 0 167 166 0 0 5 7
81 0 167 166 0 0 5 0
81 0 167 166 0 0 5 1
81 0 167 166 0 0 5 2
81 0 167 166 0 0 5 3
81 0 167 166 0 0 5 4
81 0 167 166 0 0 6 7
81 0 167 166 0 0 6 0
81 0 167 166 0 0 6 1
81 0 167 166 0 0 6 2
81 0 167 166 0 0 6 3
81 0 167 166 0 0 6 4
81 0 167 166 0 0 6 5
82 0 169 168 0 0 0 7
82 0 169 168 0 0 1 7
82 0 169 168 0 0 1 0
82 0 169 168 0 0 2 7
82 0 169 168 0 0 2 0
82 0 169 168 0 0 2 1
82 0 169 168 0 0 3 7
82 0 169 168 0 0 3 0
82 0 169 168 0 0 3 1
82 0 169 168 0 0 3 2
82 0 169 168 0 0 4 7
82 0 169 168 0 0 4 0
82 0 169 168 0 0 4 1
82 0 169 168 0 0 4 2
82 0 169 168 0 0 4 3
82 0 169 168 0 0 5 7
82 0 169 168 0 0 5 0
82 0 169 168 0 0 5 1
82 0 169 168 0 0 5 2
82 0 169 168 0 0 5 3
82 0 169 168 0 0 5 4
82 0 169 168 0 0 6 7
82 0 169 168 0 0 6 0
82 0 169 168 0 0 6 1
82 0 169 168 0 0 6 2
82 0 169 168 0 0 6 3
82 0 169 168 0 0 6 4
82 0 169 168 0 0 6 5
83 0 171 170 0 0 0 7
83 0 171 170 0 0 1 7
83 0 171 170 0 0 1 0
83 0 171 170 0 0 2 7
83 0 171 170 0 0 2 0
83 0 171 170 0 0 2 1
83 0 171 170 0 0 3 7
83 0 171 170 0 0 3 0
83 0 171 170 0 0 3 1
83 0 171 170 0 0 3 2
83 0 171 170 0 0 4 7
83 0 171 170 0 0 4 0
83 0 171 170 0 0 4 1
83 0 171 170 0 0 4 2
83 0 171 170 0 0 4 3
83 0 171 170 0 0 5 7
83 0 171 170 0 0 5 0
83 0 171 170 0 0 5 1
83 0 171 170 0 0 5 2
83 0 171 170 0 0 5 3
83 0 171 170 0 0 5 4
83 0 171 170 0 0 6 7
83 0 171 170 0 0 6 0
83 0 171 170 0 0 6 1
83 0 171 170 0 0 6 2
83 0 171 170 0 0 6 3
83 0 171 170 0 0 6 4
83 0 171 170 0 0 6 5
84 0 173 172 0 0 0 7
84 0 173 172 0 0 1 7
84 0 173 172 0 0 1 0
84 0 173 172 0 0 2 7
84 0 173 172 0 0 2 0
84 0 173 172 0 0 2 1
84 0 173 172 0 0 3 7
84 0 173 172 0 0 3 0
84 0 173 172 0 0 3 1
84 0 173 172 0 0 3 2
84 0 173 172 0 0 4 7
84 0 173 172 0 0 4 0
84 0 173 172 0 0 4 1
84 0 173 172 0 0 4 2
84 0 173 172 0 0 4 3
84 0 173 172 0 0 5 7
84 0 173 172 0 0 5 0
84 0 173 172 0 0 5 1
84 0 173 172 0 0 5 2
84 0 173 172 0 0 5 3
84 0 173 172 0 0 5 4
84 0 173 172 0 0 6 7
84 0 173 172 0 0 6 0
84 0 173 172 0 0 6 1
84 0 173 172 0 0 6 2
84 0 173 172 0 0 6 3
84 0 173 172 0 0 6 4
84 0 173 172 0 0 6 5
85 0 175 174 0 0 0 7
85 0 175 174 0 0 1 7
85 0 175 174 0 0 1 0
85 0 175 174 0 0 2 7
85 0 175 174 0 0 2 0
85 0 175 174 0 0 2 1
85 0 175 174 0 0 3 7
85 0 175 174 0 0 3 0
85 0 175 174 0 0 3 1
85 0 175 174 0 0 3 2
85 0 175 174 0 0 4 7
85 0 175 174 0 0 4 0
85 0 175 174 0 0 4 1
85 0 175 174 0 0 4 2
85 0 175 174 0 0 4 3
85 0 175 174 0 0 5 7
85 0 175 174 0 0 5 0
85 0 175 174 0 0 5 1
85 0 175 174 0 0 5 2
85 0 175 174 0 0 5 3
85 0 175 174 0 0 5 4
85 0 175 174 0 0 6 7
85 0 175 174 0 0 6 0
85 0 175 174 0 0 6 1
85 0 175 174 0 0 6 2
85 0 175 174 0 0 6 3
85 0 175 174 0 0 6 4
85 0 175 174 0 0 6 5
86 0 177 176 0 0 0 7
86 0 177 176 0 0 1 7
86 0 177 176 0 0 1 0
86 0 177 176 0 0 2 7
86 0 177 176 0 0 2 0
86 0 177 176 0 0 2 1
86 0 177 176 0 0 3 7
86 0 177 176 0 0 3 0
86 0 177 176 0 0 3 1
86 0 177 176 0 0 3 2
86 0 177 176 0 0 4 7
86 0 177 176 0 0 4 0
86 0 177 176 0 0 4 1
86 0 177 176 0 0 4 2
86 0 177 176 0 0 4 3
86 0 177 176 0 0 5 7
86 0 177 176 0 0 5 0
86 0 177 176 0 0 5 1
86 0 177 176 0 0 5 2
86 0 177 176 0 0 5 3
86 0 177 176 0 0 5 4
86 0 177 176 0 0 6 7
86 0 177 176 0 0 6 0
86 0 177 176 0 0 6 1
86 0 177 176 0 0 6 2
86 0 177 176 0 0 6 3
86 0 177 176 0 0 6 4
86 0 177 176 0 0 6 5
87 0 179 178 0 0 0 7
87 0 179 178 0 0 1 7
87 0 179 178 0 0 1 0
87 0 179 178 0 0 2 7
87 0 179 178 0 0 2 0
87 0 179 178 0 0 2 1
87 0 179 178 0 0 3 7
87 0 179 178 0 0 3 0
87 0 179 178 0 0 3 1
87 0 179 178 0 0 3 2
87 0 179 178 0 0 4 7
87 0 179 178 0 0 4 0
87 0 179 178 0 0 4 1
87 0 179 178 0 0 4 2
87 0 179 178 0 0 4 3
87 0 179 178 0 0 5 7
87 0 179 178 0 0 5 0
87 0 179 178 0 0 5 1
87 0 179 178 0 0 5 2
87 0 179 178 0 0 5 3
87 0 179 178 0 0 5 4
87 0 179 178 0 0 6 7
87 0 179 178 0 0 6 0
87 0 179 178 0 0 6 1
87 0 179 178 0 0 6 2
87 0 179 178 0 0 6 3
87 0 179 178 0 0 6 4
87 0 179 178 0 0 6 5
88 0 181 180 0 0 0 7
88 0 181 180 0 0 1 7
88 0 181 180 0 0 1 0
88 0 181 180 0 0 2 7
88 0 181 180 0 0 2 0
88 0 181 180 0 0 2 1
88 0 181 180 0 0 3 7
88 0 181 180 0 0 3 0
88 0 181 180 0 0 3 1
88 0 181 180 0 0 3 2
88 0 181 180 0 0 4 7
88 0 181 180 0 0 4 0
88 0 181 180 0 0 4 1
88 0 181 180 0 0 4 2
88 0 181 180 0 0 4 3
88 0 181 180 0 0 5 7
88 0 181 180 0 0 5 0
88 0 181 180 0 0 5 1
88 0 181 180 0 0 5 2
88 0 181 180 0 0 5 3
88 0 181 180 0 0 5 4
88 0 181 180 0 0 6 7
88 0 181 180 0 0 6 0
88 0 181 180 0 0 6 1
88 0 181 180 0 0 6 2
88 0 181 180 0 0 6 3
88 0 181 180 0 0 6 4
88 0 181 180 0 0 6 5
89 0 183 182 0 0 0 7
89 0 183 182 0 0 1 7
89 0 183 182 0 0 1 0
89 0 183 182 0 0 2 7
89 0 183 182 0 0 2 0
89 0 183 182 0 0 2 1
89 0 183 182 0 0 3 7
89 0 183 182 0 0 3 0
89 0 183 182 0 0 3 1
89 0 183 182 0 0 3 2
89 0 183 182 0 0 4 7
89 0 183 182 0 0 4 0
89 0 183 182 0 0 4 1
89 0 183 182 0 0 4 2
89 0 183 182 0 0 4 3
89 0 183 182 0 0 5 7
89 0 183 182 0 0 5 0
89 0 183 182 0 0 5 1
89 0 183 182 0 0 5 2
89 0 183 182 0 0 5 3
89 0 183 182 0 0 5 4
89 0 183 182 0 0 6 7
89 0 183 182 0 0 6 0
89 0 183 182 0 0 6 1
89 0 183 182 0 0 6 2
89 0 183 182 0 0 6 3
89 0 183 182 0 0 6 4
89 0 183 182 0 0 6 5
90 0 185 184 0 0 0 7
90 0 185 184 0 0 1 7
90 0 185 184 0 0 1 0
90 0 185 184 0 0 2 7
90 0 185 184 0 0 2 0
90 0 185 184 0 0 2 1
90 0 185 184 0 0 3 7
90 0 185 184 0 0 3 0
90 0 185 184 0 0 3 1
90 0 185 184 0 0 3 2
90 0 185 184 0 0 4 7
90 0 185 184 0 0 4 0
90 0 185 184 0 0 4 1
90 0 185 184 0 0 4 2
90 0 185 184 0 0 4 3
90 0 185 184 0 0 5 7
90 0 185 184 0 0 5 0
90 0 185 184 0 0 5 1
90 0 185 184 0 0 5 2
90 0 185 184 0 0 5 3
90 0 185 184 0 0 5 4
90 0 185 184 0 0 6 7
90 0 185 184 0 0 6 0
90 0 185 184 0 0 6 1
90 0 185 184 0 0 6 2
90 0 185 184 0 0 6 3
90 0 185 184 0 0 6 4
90 0 185 184 0 0 6 5
91 0 187 186 0 0 0 7
91 0 187 186 0 0 1 7
91 0 187 186 0 0 1 0
91 0 187 186 0 0 2 7
91 0 187 186 0 0 2 0
91 0 187 186 0 0 2 1
91 0 187 186 0 0 3 7
91 0 187 186 0 0 3 0
91 0 187 186 0 0 3 1
91 0 187 186 0 0 3 2
91 0 187 186 0 0 4 7
91 0 187 186 0 0 4 0
91 0 187 186 0 0 4 1
91 0 187 186 0 0 4 2
91 0 187 186 0 0 4 3
91 0 187 186 0 0 5 7
91 0 187 186 0 0 5 0
91 0 187 186 0 0 5 1
91 0 187 186 0 0 5 2
91 0 187 186 0 0 5 3
91 0 187 186 0 0 5 4
91 0 187 186 0 0 6 7
91 0 187 186 0 0 6 0
91 0 187 186 0 0 6 1
91 0 187 186 0 0 6 2
91 0 187 186 0 0 6 3
91 0 187 186 0 0 6 4
91 0 187 186 0 0 6 5
92 0 189 188 0 0 0 7
92 0 189 188 0 0 1 7
92 0 189 188 0 0 1 0
92 0 189 188 0 0 2 7
92 0 189 188 0 0 2 0
92 0 189 188 0 0 2 1
92 0 189 188 0 0 3 7
92 0 189 188 0 0 3 0
92 0 189 188 0 0 3 1
92 0 189 188 0 0 3 2
92 0 189 188 0 0 4 7
92 0 189 188 0 0 4 0
92 0 189 188 0 0 4 1
92 0 189 188 0 0 4 2
92 0 189 188 0 0 4 3
92 0 189 188 0 0 5 7
92 0 189 188 0 0 5 0
92 0 189 188 0 0 5 1
92 0 189 188 0 0 5 2
92 0 189 188 0 0 5 3
92 0 189 188 0 0 5 4
92 0 189 188 0 0 6 7
92 0 189 188 0 0 6 0
92 0 189 188 0 0 6 1
92 0 189 188 0 0 6 2
92 0 189 188 0 0 6 3
92 0 189 188 0 0 6 4
92 0 189 188 0 0 6 5
93 0 191 190 0 0 0 7
93 0 191 190 0 0 1 7
93 0 191 190 0 0 1 0
93 0 191 190 0 0 2 7
93 0 191 190 0 0 2 0
93 0 191 190 0 0 2 1
93 0 191 190 0 0 3 7
93 0 191 190 0 0 3 0
93 0 191 190 0 0 3 1
93 0 191 190 0 0 3 2
93 0 191 190 0 0 4 7
93 0 191 190 0 0 4 0
93 0 191 190 0 0 4 1
93 0 191 190 0 0 4 2
93 0 191 190 0 0 4 3
93 0 191 190 0 0 5 7
93 0 191 190 0 0 5 0
93 0 191 190 0 0 5 1
93 0 191 190 0 0 5 2
93 0 191 190 0 0 5 3
93 0 191 190 0 0 5 4
93 0 191 190 0 0 6 7
93 0 191 190 0 0 6 0
93 0 191 190 0 0 6 1
93 0 191 190 0 0 6 2
93 0 191 190 0 0 6 3
93 0 191 190 0 0 6 4
93 0 191 190 0 0 6 5
94 0 193 192 0 0 0 7
94 0 193 192 0 0 1 7
94 0 193 192 0 0 1 0
94 0 193 192 0 0 2 7
94 0 193 192 0 0 2 0
94 0 193 192 0 0 2 1
94 0 193 192 0 0 3 7
94 0 193 192 0 0 3 0
94 0 193 192 0 0 3 1
94 0 193 192 0 0 3 2
94 0 193 192 0 0 4 7
94 0 193 192 0 0 4 0
94 0 193 192 0 0 4 1
94 0 193 192 0 0 4 2
94 0 193 192 0 0 4 3
94 0 193 192 0 0 5 7
94 0 193 192 0 0 5 0
94 0 193 192 0 0 5 1
94 0 193 192 0 0 5 2
94 0 193 192 0 0 5 3
94 0 193 192 0 0 5 4
94 0 193 192 0 0 6 7
94 0 193 192 0 0 6 0
94 0 193 192 0 0 6 1
94 0 193 192 0 0 6 2
94 0 193 192 0 0 6 3
94 0 193 192 0 0 6 4
94 0 193 192 0 0 6 5
95 0 195 194 0 0 0 7
95 0 195 194 0 0 1 7
95 0 195 194 0 0 1 0
95 0 195 194 0 0 2 7
95 0 195 194 0 0 2 0
95 0 195 194 0 0 2 1
95 0 195 194 0 0 3 7
95 0 195 194 0 0 3 0
95 0 195 194 0 0 3 1
95 0 195 194 0 0 3 2
95 0 195 194 0 0 4 7
95 0 195 194 0 0 4 0
95 0 195 194 0 0 4 1
95 0 195 194 0 0 4 2
95 0 195 194 0 0 4 3
95 0 195 194 0 0 5 7
95 0 195 194 0 0 5 0
95 0 195 194 0 0 5 1
95 0 195 194 0 0 5 2
95 0 195 194 0 0 5 3
95 0 195 194 0 0 5 4
95 0 195 194 0 0 6 7
95 0 195 194 0 0 6 0
95 0 195 194 0 0 6 1
95 0 195 194 0 0 6 2
95 0 195 194 0 0 6 3
95 0 195 194 0 0 6 4
95 0 195 194 0 0 6 5
96 0 197 196 0 0 0 7
96 0 197 196 0 0 1 7
96 0 197 196 0 0 1 0
96 0 197 196 0 0 2 7
96 0 197 196 0 0 2 0
96 0 197 196 0 0 2 1
96 0 197 196 0 0 3 7
96 0 197 196 0 0 3 0
96 0 197 196 0 0 3 1
96 0 197 196 0 0 3 2
96 0 197 196 0 0 4 7
96 0 197 196 0 0 4 0
96 0 197 196 0 0 4 1
96 0 197 196 0 0 4 2
96 0 197 196 0 0 4 3
96 0 197 196 0 0 5 7
96 0 197 196 0 0 5 0
96 0 197 196 0 0 5 1
96 0 197 196 0 0 5 2
96 0 197 196 0 0 5 3
96 0 197 196 0 0 5 4
96 0 197 196 0 0 6 7
96 0 197 196 0 0 6 0
96 0 197 196 0 0 6 1
96 0 197 196 0 0 6 2
96 0 197 196 0 0 6 3
96 0 197 196 0 0 6 4
96 0 197 196 0 0 6 5
97 0 199 198 0 0 0 7
97 0 199 198 0 0 1 7
97 0 199 198 0 0 1 0
97 0 199 198 0 0 2 7
97 0 199 198 0 0 2 0
97 0 199 198 0 0 2 1
97 0 199 198 0 0 3 7
97 0 199 198 0 0 3 0
97 0 199 198 0 0 3 1
97 0 199 198 0 0 3 2
97 0 199 198 0 0 4 7
97 0 199 198 0 0 4 0
97 0 199 198 0 0 4 1
97 0 199 198 0 0 4 2
97 0 199 198 0 0 4 3
97 0 199 198 0 0 5 7
97 0 199 198 0 0 5 0
97 0 199 198 0 0 5 1
97 0 199 198 0 0 5 2
97 0 199 198 0 0 5 3
97 0 199 198 0 0 5 4
97 0 199 198 0 0 6 7
97 0 199 198 0 0 6 0
97 0 199 198 0 0 6 1
97 0 199 198 0 0 6 2
97 0 199 198 0 0 6 3
97 0 199 198 0 0 6 4
97 0 199 198 0 0 6 5
98 0 201 200 0 0 0 7
98 0 201 200 0 0 1 7
98 0 201 200 0 0 1 0
98 0 201 200 0 0 2 7
98 0 201 200 0 0 2 0
98 0 201 200 0 0 2 1
98 0 201 200 0 0 3 7
98 0 201 200 0 0 3 0
98 0 201 200 0 0 3 1
98 0 201 200 0 0 3 2
98 0 201 200 0 0 4 7
98 0 201 200 0 0 4 0
98 0 201 200 0 0 4 1
98 0 201 200 0 0 4 2
98 0 201 200 0 0 4 3
98 0 201 200 0 0 5 7
98 0 201 200 0 0 5 0
98 0 201 200 0 0 5 1
98 0 201 200 0 0 5 2
98 0 201 200 0 0 5 3
98 0 201 200 0 0 5 4
98 0 201 200 0 0 6 7
98 0 201 200 0 0 6 0
98 0 201 200 0 0 6 1
98 0 201 200 0 0 6 2
98 0 201 200 0 0 6 3
98 0 201 200 0 0 6 4
98 0 201 200 0 0 6 5
99 0 203 202 0 0 0 7
99 0 203 202 0 0 1 7
99 0 203 202 0 0 1 0
99 0 203 202 0 0 2 7
99 0 203 202 0 0 2 0
99 0 203 202 0 0 2 1
99 0 203 202 0 0 3 7
99 0 203 202 0 0 3 0
99 0 203 202 0 0 3 1
99 0 203 202 0 0 3 2
99 0 203 202 0 0 4 7
99 0 203 202 0 0 4 0
99 0 203 202 0 0 4 1
99 0 203 202 0 0 4 2
99 0 203 202 0 0 4 3
99 0 203 202 0 0 5 7
99 0 203 202 0 0 5 0
99 0 203 202 0 0 5 1
99 0 203 202 0 0 5 2
99 0 203 202 0 0 5 3
99 0 203 202 0 0 5 4
99 0 203 202 0 0 6 7
99 0 203 202 0 0 6 0
99 0 203 202 0 0 6 1
99 0 203 202 0 0 6 2
99 0 203 202 0 0 6 3
99 0 203 202 0 0 6 4
99 0 203 202 0 0 6 5
100 0 205 204 0 0 0 7
100 0 205 204 0 0 1 7
100 0 205 204 0 0 1 0
100 0 205 204 0 0 2 7
100 0 205 204 0 0 2 0
100 0 205 204 0 0 2 1
100 0 205 204 0 0 3 7
100 0 205 204 0 0 3 0
100 0 205 204 0 0 3 1
100 0 205 204 0 0 3 2
100 0 205 204 0 0 4 7
100 0 205 204 0 0 4 0
100 0 205 204 0 0 4 1
100 0 205 204 0 0 4 2
100 0 205 204 0 0 4 3
100 0 205 204 0 0 5 7
100 0 205 204 0 0 5 0
100 0 205 204 0 0 5 1
100 0 205 204 0 0 5 2
100 0 205 204 0 0 5 3
100 0 205 204 0 0 5 4
100 0 205 204 0 0 6 7
100 0 205 204 0 0 6 0
100 0 205 204 0 0 6 1
100 0 205 204 0 0 6 2
100 0 205 204 0 0 6 3
100 0 205 204 0 0 6 4
100 0 205 204 0 0 6 5
101 0 207 206 0 0 0 7
101 0 207 206 0 0 1 7
101 0 207 206 0 0 1 0
101 0 207 206 0 0 2 7
101 0 207 206 0 0 2 0
101 0 207 206 0 0 2 1
101 0 207 206 0 0 3 7
101 0 207 206 0 0 3 0
101 0 207 206 0 0 3 1
101 0 207 206 0 0 3 2
101 0 207 206 0 0 4 7
101 0 207 206 0 0 4 0
101 0 207 206 0 0 4 1
101 0 207 206 0 0 4 2
101 0 207 206 0 0 4 3
101 0 207 206 0 0 5 7
101 0 207 206 0 0 5 0
101 0 207 206 0 0 5 1
101 0 207 206 0 0 5 2
101 0 207 206 0 0 5 3
101 0 207 206 0 0 5 4
101 0 207 206 0 0 6 7
101 0 207 206 0 0 6 0
101 0 207 206 0 0 6 1
101 0 207 206 0 0 6 2
101 0 207 206 0 0 6 3
101 0 207 206 0 0 6 4
101 0 207 206 0 0 6 5
102 0 209 208 0 0 0 7
102 0 209 208 0 0 1 7
102 0 209 208 0 0 1 0
102 0 209 208 0 0 2 7
102 0 209 208 0 0 2 0
102 0 209 208 0 0 2 1
102 0 209 208 0 0 3 7
102 0 209 208 0 0 3 0
102 0 209 208 0 0 3 1
102 0 209 208 0 0 3 2
102 0 209 208 0 0 4 7
102 0 209 208 0 0 4 0
102 0 209 208 0 0 4 1
102 0 209 208 0 0 4 2
102 0 209 208 0 0 4 3
102 0 209 208 0 0 5 7
102 0 209 208 0 0 5 0
102 0 209 208 0 0 5 1
102 0 209 208 0 0 5 2
102 0 209 208 0 0 5 3
102 0 209 208 0 0 5 4
102 0 209 208 0 0 6 7
102 0 209 208 0 0 6 0
102 0 209 208 0 0 6 1
102 0 209 208 0 0 6 2
102 0 209 208 0 0 6 3
102 0 209 208 0 0 6 4
102 0 209 208 0 0 6 5
103 0 211 210 0 0 0 7
103 0 211 210 0 0 1 7
103 0 211 210 0 0 1 0
103 0 211 210 0 0 2 7
103 0 211 210 0 0 2 0
103 0 211 210 0 0 2 1
103 0 211 210 0 0 3 7
103 0 211 210 0 0 3 0
103 0 211 210 0 0 3 1
103 0 211 210 0 0 3 2
103 0 211 210 0 0 4 7
103 0 211 210 0 0 4 0
103 0 211 210 0 0 4 1
103 0 211 210 0 0 4 2
103 0 211 210 0 0 4 3
103 0 211 210 0 0 5 7
103 0 211 210 0 0 5 0
103 0 211 210 0 0 5 1
103 0 211 210 0 0 5 2
103 0 211 210 0 0 5 3
103 0 211 210 0 0 5 4
103 0 211 210 0 0 6 7
103 0 211 210 0 0 6 0
103 0 211 210 0 0 6 1
103 0 211 210 0 0 6 2
103 0 211 210 0 0 6 3
103 0 211 210 0 0 6 4
103 0 211 210 0 0 6 5
104 0 213 212 0 0 0 7
104 0 213 212 0 0 1 7
104 0 213 212 0 0 1 0
104 0 213 212 0 0 2 7
104 0 213 212 0 0 2 0
104 0 213 212 0 0 2 1
104 0 213 212 0 0 3 7
104 0 213 212 0 0 3 0
104 0 213 212 0 0 3 1
104 0 213 212 0 0 3 2
104 0 213 212 0 0 4 7
104 0 213 212 0 0 4 0
104 0 213 212 0 0 4 1
104 0 213 212 0 0 4 2
104 0 213 212 0 0 4 3
104 0 213 212 0 0 5 7
104 0 213 212 0 0 5 0
104 0 213 212 0 0 5 1
104 0 213 212 0 0 5 2
104 0 213 212 0 0 5 3
104 0 213 212 0 0 5 4
104 0 213 212 0 0 6 7
104 0 213 212 0 0 6 0
104 0 213 212 0 0 6 1
104 0 213 212 0 0 6 2
104 0 213 212 0 0 6 3
104 0 213 212 0 0 6 4
104 0 213 212 0 0 6 5
105 0 215 214 0 0 0 7
105 0 215 214 0 0 1 7
105 0 215 214 0 0 1 0
105 0 215 214 0 0 2 7
105 0 215 214 0 0 2 0
105 0 215 214 0 0 2 1
105 0 215 214 0 0 3 7
105 0 215 214 0 0 3 0
105 0 215 214 0 0 3 1
105 0 215 214 0 0 3 2
105 0 215 214 0 0 4 7
105 0 215 214 0 0 4 0
105 0 215 214 0 0 4 1
105 0 215 214 0 0 4 2
105 0 215 214 0 0 4 3
105 0 215 214 0 0 5 7
105 0 215 214 0 0 5 0
105 0 215 214 0 0 5 1
105 0 215 214 0 0 5 2
105 0 215 214 0 0 5 3
105 0 215 214 0 0 5 4
105 0 215 214 0 0 6 7
105 0 215 214 0 0 6 0
105 0 215 214 0 0 6 1
105 0 215 214 0 0 6 2
105 0 215 214 0 0 6 3
105 0 215 214 0 0 6 4
105 0 215 214 0 0 6 5
106 0 217 216 0 0 0 7
106 0 217 216 0 0 1 7
106 0 217 216 0 0 1 0
106 0 217 216 0 0 2 7
106 0 217 216 0 0 2 0
106 0 217 216 0 0 2 1
106 0 217 216 0 0 3 7
106 0 217 216 0 0 3 0
106 0 217 216 0 0 3 1
106 0 217 216 0 0 3 2
106 0 217 216 0 0 4 7
106 0 217 216 0 0 4 0
106 0 217 216 0 0 4 1
106 0 217 216 0 0 4 2
106 0 217 216 0 0 4 3
106 0 217 216 0 0 5 7
106 0 217 216 0 0 5 0
106 0 217 216 0 0 5 1
106 0 217 216 0 0 5 2
106 0 217 216 0 0 5 3
106 0 217 216 0 0 5 4
106 0 217 216 0 0 6 7
106 0 217 216 0 0 6 0
106 0 217 216 0 0 6 1
106 0 217 216 0 0 6 2
106 0 217 216 0 0 6 3
106 0 217 216 0 0 6 4
106 0 217 216 0 0 6 5
107 0 219 218 0 0 0 7
107 0 219 218 0 0 1 7
107 0 219 218 0 0 1 0
107 0 219 218 0 0 2 7
107 0 219 218 0 0 2 0
107 0 219 218 0 0 2 1
107 0 219 218 0 0 3 7
107 0 219 218 0 0 3 0
107 0 219 218 0 0 3 1
107 0 219 218 0 0 3 2
107 0 219 218 0 0 4 7
107 0 219 218 0 0 4 0
107 0 219 218 0 0 4 1
107 0 219 218 0 0 4 2
107 0 219 218 0 0 4 3
107 0 219 218 0 0 5 7
107 0 219 218 0 0 5 0
107 0 219 218 0 0 5 1
107 0 219 218 0 0 5 2
107 0 219 218 0 0 5 3
107 0 219 218 0 0 5 4
107 0 219 218 0 0 6 7
107 0 219 218 0 0 6 0
107 0 219 218 0 0 6 1
107 0 219 218 0 0 6 2
107 0 219 218 0 0 6 3
107 0 219 218 0 0 6 4
107 0 219 218 0 0 6 5
108 0 221 220 0 0 0 7
108 0 221 220 0 0 1 7
108 0 221 220 0 0 1 0
108 0 221 220 0 0 2 7
108 0 221 220 0 0 2 0
108 0 221 220 0 0 2 1
108 0 221 220 0 0 3 7
108 0 221 220 0 0 3 0
108 0 221 220 0 0 3 1
108 0 221 220 0 0 3 2
108 0 221 220 0 0 4 7
108 0 221 220 0 0 4 0
108 0 221 220 0 0 4 1
108 0 221 220 0 0 4 2
108 0 221 220 0 0 4 3
108 0 221 220 0 0 5 7
108 0 221 220 0 0 5 0
108 0 221 220 0 0 5 1
108 0 221 220 0 0 5 2
108 0 221 220 0 0 5 3
108 0 221 220 0 0 5 4
108 0 221 220 0 0 6 7
108 0 221 220 0 0 6 0
108 0 221 220 0 0 6 1
108 0 221 220 0 0 6 2
108 0 221 220 0 0 6 3
108 0 221 220 0 0 6 4
108 0 221 220 0 0 6 5
109 0 223 222 0 0 0 7
109 0 223 222 0 0 1 7
109 0 223 222 0 0 1 0
109 0 223 222 0 0 2 7
109 0 223 222 0 0 2 0
109 0 223 222 0 0 2 1
109 0 223 222 0 0 3 7
109 0 223 222 0 0 3 0
109 0 223 222 0 0 3 1
109 0 223 222 0 0 3 2
109 0 223 222 0 0 4 7
109 0 223 222 0 0 4 0
109 0 223 222 0 0 4 1
109 0 223 222 0 0 4 2
109 0 223 222 0 0 4 3
109 0 223 222 0 0 5 7
109 0 223 222 0 0 5 0
109 0 223 222 0 0 5 1
109 0 223 222 0 0 5 2
109 0 223 222 0 0 5 3
109 0 223 222 0 0 5 4
109 0 223 222 0 0 6 7
109 0 223 222 0 0 6 0
109 0 223 222 0 0 6 1
109 0 223 222 0 0 6 2
109 0 223 222 0 0 6 3
109 0 223 222 0 0 6 4
109 0 223 222 0 0 6 5
110 0 225 224 0 0 0 7
110 0 225 224 0 0 1 7
110 0 225 224 0 0 1 0
110 0 225 224 0 0 2 7
110 0 225 224 0 0 2 0
110 0 225 224 0 0 2 1
110 0 225 224 0 0 3 7
110 0 225 224 0 0 3 0
110 0 225 224 0 0 3 1
110 0 225 224 0 0 3 2
110 0 225 224 0 0 4 7
110 0 225 224 0 0 4 0
110 0 225 224 0 0 4 1
110 0 225 224 0 0 4 2
110 0 225 224 0 0 4 3
110 0 225 224 0 0 5 7
110 0 225 224 0 0 5 0
110 0 225 224 0 0 5 1
110 0 225 224 0 0 5 2
110 0 225 224 0 0 5 3
110 0 225 224 0 0 5 4
110 0 225 224 0 0 6 7
110 0 225 224 0 0 6 0
110 0 225 224 0 0 6 1
110 0 225 224 0 0 6 2
110 0 225 224 0 0 6 3
110 0 225 224 0 0 6 4
110 0 225 224 0 0 6 5
111 0 227 226 0 0 0 7
111 0 227 226 0 0 1 7
111 0 227 226 0 0 1 0
111 0 227 226 0 0 2 7
111 0 227 226 0 0 2 0
111 0 227 226 0 0 2 1
111 0 227 226 0 0 3 7
111 0 227 226 0 0 3 0
111 0 227 226 0 0 3 1
111 0 227 226 0 0 3 2
111 0 227 226 0 0 4 7
111 0 227 226 0 0 4 0
111 0 227 226 0 0 4 1
111 0 227 226 0 0 4 2
111 0 227 226 0 0 4 3
111 0 227 226 0 0 5 7
111 0 227 226 0 0 5 0
111 0 227 226 0 0 5 1
111 0 227 226 0 0 5 2
111 0 227 226 0 0 5 3
111 0 227 226 0 0 5 4
111 0 227 226 0 0 6 7
111 0 227 226 0 0 6 0
111 0 227 226 0 0 6 1
111 0 227 226 0 0 6 2
111 0 227 226 0 0 6 3
111 0 227 226 0 0 6 4
111 0 227 226 0 0 6 5
112 0 229 228 0 0 0 7
112 0 229 228 0 0 1 7
112 0 229 228 0 0 1 0
112 0 229 228 0 0 2 7
112 0 229 228 0 0 2 0
112 0 229 228 0 0 2 1
112 0 229 228 0 0 3 7
112 0 229 228 0 0 3 0
112 0 229 228 0 0 3 1
112 0 229 228 0 0 3 2
112 0 229 228 0 0 4 7
112 0 229 228 0 0 4 0
112 0 229 228 0 0 4 1
112 0 229 228 0 0 4 2
112 0 229 228 0 0 4 3
112 0 229 228 0 0 5 7
112 0 229 228 0 0 5 0
112 0 229 228 0 0 5 1
112 0 229 228 0 0 5 2
112 0 229 228 0 0 5 3
112 0 229 228 0 0 5 4
112 0 229 228 0 0 6 7
112 0 229 228 0 0 6 0
112 0 229 228 0 0 6 1
112 0 229 228 0 0 6 2
112 0 229 228 0 0 6 3
112 0 229 228 0 0 6 4
112 0 229 228 0 0 6 5
113 0 231 230 0 0 0 7
113 0 231 230 0 0 1 7
113 0 231 230 0 0 1 0
113 0 231 230 0 0 2 7
113 0 231 230 0 0 2 0
113 0 231 230 0 0 2 1
113 0 231 230 0 0 3 7
113 0 231 230 0 0 3 0
113 0 231 230 0 0 3 1
113 0 231 230 0 0 3 2
113 0 231 230 0 0 4 7
113 0 231 230 0 0 4 0
113 0 231 230 0 0 4 1
113 0 231 230 0 0 4 2
113 0 231 230 0 0 4 3
113 0 231 230 0 0 5 7
113 0 231 230 0 0 5 0
113 0 231 230 0 0 5 1
113 0 231 230 0 0 5 2
113 0 231 230 0 0 5 3
113 0 231 230 0 0 5 4
113 0 231 230 0 0 6 7
113 0 231 230 0 0 6 0
113 0 231 230 0 0 6 1
113 0 231 230 0 0 6 2
113 0 231 230 0 0 6 3
113 0 231 230 0 0 6 4
113 0 231 230 0 0 6 5
114 0 233 232 0 0 0 7
114 0 233 232 0 0 1 7
114 0 233 232 0 0 1 0
114 0 233 232 0 0 2 7
114 0 233 232 0 0 2 0
114 0 233 232 0 0 2 1
114 0 233 232 0 0 3 7
114 0 233 232 0 0 3 0
114 0 233 232 0 0 3 1
114 0 233 232 0 0 3 2
114 0 233 232 0 0 4 7
114 0 233 232 0 0 4 0
114 0 233 232 0 0 4 1
114 0 233 232 0 0 4 2
114 0 233 232 0 0 4 3
114 0 233 232 0 0 5 7
114 0 233 232 0 0 5 0
114 0 233 232 0 0 5 1
114 0 233 232 0 0 5 2
114 0 233 232 0 0 5 3
114 0 233 232 0 0 5 4
114 0 233 232 0 0 6 7
114 0 233 232 0 0 6 0
114 0 233 232 0 0 6 1
114 0 233 232 0 0 6 2
114 0 233 232 0 0 6 3
114 0 233 232 0 0 6 4
114 0 233 232 0 0 6 5
115 0 235 234 0 0 0 7
115 0 235 234 0 0 1 7
115 0 235 234 0 0 1 0
115 0 235 234 0 0 2 7
115 0 235 234 0 0 2 0
115 0 235 234 0 0 2 1
115 0 235 234 0 0 3 7
115 0 235 234 0 0 3 0
115 0 235 234 0 0 3 1
115 0 235 234 0 0 3 2
115 0 235 234 0 0 4 7
115 0 235 234 0 0 4 0
115 0 235 234 0 0 4 1
115 0 235 234 0 0 4 2
115 0 235 234 0 0 4 3
115 0 235 234 0 0 5 7
115 0 235 234 0 0 5 0
115 0 235 234 0 0 5 1
115 0 235 234 0 0 5 2
115 0 235 234 0 0 5 3
115 0 235 234 0 0 5 4
115 0 235 234 0 0 6 7
115 0 235 234 0 0 6 0
115 0 235 234 0 0 6 1
115 0 235 234 0 0 6 2
115 0 235 234 0 0 6 3
115 0 235 234 0 0 6 4
115 0 235 234 0 0 6 5
116 0 237 236 0 0 0 7
116 0 237 236 0 0 1 7
116 0 237 236 0 0 1 0
116 0 237 236 0 0 2 7
116 0 237 236 0 0 2 0
116 0 237 236 0 0 2 1
116 0 237 236 0 0 3 7
116 0 237 236 0 0 3 0
116 0 237 236 0 0 3 1
116 0 237 236 0 0 3 2
116 0 237 236 0 0 4 7
116 0 237 236 0 0 4 0
116 0 237 236 0 0 4 1
116 0 237 236 0 0 4 2
116 0 237 236 0 0 4 3
116 0 237 236 0 0 5 7
116 0 237 236 0 0 5 0
116 0 237 236 0 0 5 1
116 0 237 236 0 0 5 2
116 0 237 236 0 0 5 3
116 0 237 236 0 0 5 4
116 0 237 236 0 0 6 7
116 0 237 236 0 0 6 0
116 0 237 236 0 0 6 1
116 0 237 236 0 0 6 2
116 0 237 236 0 0 6 3
116 0 237 236 0 0 6 4
116 0 237 236 0 0 6 5
117 0 239 238 0 0 0 7
117 0 239 238 0 0 1 7
117 0 239 238 0 0 1 0
117 0 239 238 0 0 2 7
117 0 239 238 0 0 2 0
117 0 239 238 0 0 2 1
117 0 239 238 0 0 3 7
117 0 239 238 0 0 3 0
117 0 239 238 0 0 3 1
117 0 239 238 0 0 3 2
117 0 239 238 0 0 4 7
117 0 239 238 0 0 4 0
117 0 239 238 0 0 4 1
117 0 239 238 0 0 4 2
117 0 239 238 0 0 4 3
117 0 239 238 0 0 5 7
117 0 239 238 0 0 5 0
117 0 239 238 0 0 5 1
117 0 239 238 0 0 5 2
117 0 239 238 0 0 5 3
117 0 239 238 0 0 5 4
117 0 239 238 0 0 6 7
117 0 239 238 0 0 6 0
117 0 239 238 0 0 6 1
117 0 239 238 0 0 6 2
117 0 239 238 0 0 6 3
117 0 239 238 0 0 6 4
117 0 239 238 0 0 6 5
118 0 241 240 0 0 0 7
118 0 241 240 0 0 1 7
118 0 241 240 0 0 1 0
118 0 241 240 0 0 2 7
118 0 241 240 0 0 2 0
118 0 241 240 0 0 2 1
118 0 241 240 0 0 3 7
118 0 241 240 0 0 3 0
118 0 241 240 0 0 3 1
118 0 241 240 0 0 3 2
118 0 241 240 0 0 4 7
118 0 241 240 0 0 4 0
118 0 241 240 0 0 4 1
118 0 241 240 0 0 4 2
118 0 241 240 0 0 4 3
118 0 241 240 0 0 5 7
118 0 241 240 0 0 5 0
118 0 241 240 0 0 5 1
118 0 241 240 0 0 5 2
118 0 241 240 0 0 5 3
118 0 241 240 0 0 5 4
118 0 241 240 0 0 6 7
118 0 241 240 0 0 6 0
118 0 241 240 0 0 6 1
118 0 241 240 0 0 6 2
118 0 241 240 0 0 6 3
118 0 241 240 0 0 6 4
118 0 241 240 0 0 6 5
119 0 243 242 0 0 0 7
119 0 243 242 0 0 1 7
119 0 243 242 0 0 1 0
119 0 243 242 0 0 2 7
119 0 243 242 0 0 2 0
119 0 243 242 0 0 2 1
119 0 243 242 0 0 3 7
119 0 243 242 0 0 3 0
119 0 243 242 0 0 3 1
119 0 243 242 0 0 3 2
119 0 243 242 0 0 4 7
119 0 243 242 0 0 4 0
119 0 243 242 0 0 4 1
119 0 243 242 0 0 4 2
119 0 243 242 0 0 4 3
119 0 243 242 0 0 5 7
119 0 243 242 0 0 5 0
119 0 243 242 0 0 5 1
119 0 243 242 0 0 5 2
119 0 243 242 0 0 5 3
119 0 243 242 0 0 5 4
119 0 243 242 0 0 6 7
119 0 243 242 0 0 6 0
119 0 243 242 0 0 6 1
119 0 243 242 0 0 6 2
119 0 243 242 0 0 6 3
119 0 243 242 0 0 6 4
119 0 243 242 0 0 6 5
120 0 245 244 0 0 0 7
120 0 245 244 0 0 1 7
120 0 245 244 0 0 1 0
120 0 245 244 0 0 2 7
120 0 245 244 0 0 2 0
120 0 245 244 0 0 2 1
120 0 245 244 0 0 3 7
120 0 245 244 0 0 3 0
120 0 245 244 0 0 3 1
120 0 245 244 0 0 3 2
120 0 245 244 0 0 4 7
120 0 245 244 0 0 4 0
120 0 245 244 0 0 4 1
120 0 245 244 0 0 4 2
120 0 245 244 0 0 4 3
120 0 245 244 0 0 5 7
120 0 245 244 0 0 5 0
120 0 245 244 0 0 5 1
120 0 245 244 0 0 5 2
120 0 245 244 0 0 5 3
120 0 245 244 0 0 5 4
120 0 245 244 0 0 6 7
120 0 245 244 0 0 6 0
120 0 245 244 0 0 6 1
120 0 245 244 0 0 6 2
120 0 245 244 0 0 6 3
120 0 245 244 0 0 6 4
120 0 245 244 0 0 6 5
121 0 247 246 0 0 0 7
121 0 247 246 0 0 1 7
121 0 247 246 0 0 1 0
121 0 247 246 0 0 2 7
121 0 247 246 0 0 2 0
121 0 247 246 0 0 2 1
121 0 247 246 0 0 3 7
121 0 247 246 0 0 3 0
121 0 247 246 0 0 3 1
121 0 247 246 0 0 3 2
121 0 247 246 0 0 4 7
121 0 247 246 0 0 4 0
121 0 247 246 0 0 4 1
121 0 247 246 0 0 4 2
121 0 247 246 0 0 4 3
121 0 247 246 0 0 5 7
121 0 247 246 0 0 5 0
121 0 247 246 0 0 5 1
121 0 247 246 0 0 5 2
121 0 247 246 0 0 5 3
121 0 247 246 0 0 5 4
121 0 247 246 0 0 6 7
121 0 247 246 0 0 6 0
121 0 247 246 0 0 6 1
121 0 247 246 0 0 6 2
121 0 247 246 0 0 6 3
121 0 247 246 0 0 6 4
121 0 247 246 0 0 6 5
122 0 249 248 0 0 0 7
122 0 249 248 0 0 1 7
122 0 249 248 0 0 1 0
122 0 249 248 0 0 2 7
122 0 249 248 0 0 2 0
122 0 249 248 0 0 2 1
122 0 249 248 0 0 3 7
122 0 249 248 0 0 3 0
122 0 249 248 0 0 3 1
122 0 249 248 0 0 3 2
122 0 249 248 0 0 4 7
122 0 249 248 0 0 4 0
122 0 249 248 0 0 4 1
122 0 249 248 0 0 4 2
122 0 249 248 0 0 4 3
122 0 249 248 0 0 5 7
122 0 249 248 0 0 5 0
122 0 249 248 0 0 5 1
122 0 249 248 0 0 5 2
122 0 249 248 0 0 5 3
122 0 249 248 0 0 5 4
122 0 249 248 0 0 6 7
122 0 249 248 0 0 6 0
122 0 249 248 0 0 6 1
122 0 249 248 0 0 6 2
122 0 249 248 0 0 6 3
122 0 249 248 0 0 6 4
122 0 249 248 0 0 6 5
123 0 251 250 0 0 0 7
123 0 251 250 0 0 1 7
123 0 251 250 0 0 1 0
123 0 251 250 0 0 2 7
123 0 251 250 0 0 2 0
123 0 251 250 0 0 2 1
123 0 251 250 0 0 3 7
123 0 251 250 0 0 3 0
123 0 251 250 0 0 3 1
123 0 251 250 0 0 3 2
123 0 251 250 0 0 4 7
123 0 251 250 0 0 4 0
123 0 251 250 0 0 4 1
123 0 251 250 0 0 4 2
123 0 251 250 0 0 4 3
123 0 251 250 0 0 5 7
123 0 251 250 0 0 5 0
123 0 251 250 0 0 5 1
123 0 251 250 0 0 5 2
123 0 251 250 0 0 5 3
123 0 251 250 0 0 5 4
123 0 251 250 0 0 6 7
123 0 251 250 0 0 6 0
123 0 251 250 0 0 6 1
123 0 251 250 0 0 6 2
123 0 251 250 0 0 6 3
123 0 251 250 0 0 6 4
123 0 251 250 0 0 6 5
124 0 253 252 0 0 0 7
124 0 253 252 0 0 1 7
124 0 253 252 0 0 1 0
124 0 253 252 0 0 2 7
124 0 253 252 0 0 2 0
124 0 253 252 0 0 2 1
124 0 253 252 0 0 3 7
124 0 253 252 0 0 3 0
124 0 253 252 0 0 3 1
124 0 253 252 0 0 3 2
124 0 253 252 0 0 4 7
124 0 253 252 0 0 4 0
124 0 253 252 0 0 4 1
124 0 253 252 0 0 4 2
124 0 253 252 0 0 4 3
124 0 253 252 0 0 5 7
124 0 253 252 0 0 5 0
124 0 253 252 0 0 5 1
124 0 253 252 0 0 5 2
124 0 253 252 0 0 5 3
124 0 253 252 0 0 5 4
124 0 253 252 0 0 6 7
124 0 253 252 0 0 6 0
124 0 253 252 0 0 6 1
124 0 253 252 0 0 6 2
124 0 253 252 0 0 6 3
124 0 253 252 0 0 6 4
124 0 253 252 0 0 6 5
125 0 255 254 0 0 0 7
125 0 255 254 0 0 1 7
125 0 255 254 0 0 1 0
125 0 255 254 0 0 2 7
125 0 255 254 0 0 2 0
125 0 255 254 0 0 2 1
125 0 255 254 0 0 3 7
125 0 255 254 0 0 3 0
125 0 255 254 0 0 3 1
125 0 255 254 0 0 3 2
125 0 255 254 0 0 4 7
125 0 255 254 0 0 4 0
125 0 255 254 0 0 4 1
125 0 255 254 0 0 4 2
125 0 255 254 0 0 4 3
125 0 255 254 0 0 5 7
125 0 255 254 0 0 5 0
125 0 255 254 0 0 5 1
125 0 255 254 0 0 5 2
125 0 255 254 0 0 5 3
125 0 255 254 0 0 5 4
125 0 255 254 0 0 6 7
125 0 255 254 0 0 6 0
125 0 255 254 0 0 6 1
125 0 255 254 0 0 6 2
125 0 255 254 0 0 6 3
125 0 255 254 0 0 6 4
125 0 255 254 0 0 6 5
126 0 256 256 0 0 0 7
126 0 256 256 0 0 1 7
126 0 256 256 0 0 1 0
126 0 256 256 0 0 2 7
126 0 256 256 0 0 2 0
126 0 256 256 0 0 2 1
126 0 256 256 0 0 3 7
126 0 256 256 0 0 3 0
126 0 256 256 0 0 3 1
126 0 256 256 0 0 3 2
126 0 256 256 0 0 4 7
126 0 256 256 0 0 4 0
126 0 256 256 0 0 4 1
126 0 256 256 0 0 4 2
126 0 256 256 0 0 4 3
126 0 256 256 0 0 5 7
126 0 256 256 0 0 5 0
126 0 256 256 0 0 5 1
126 0 256 256 0 0 5 2
126 0 256 256 0 0 5 3
126 0 256 256 0 0 5 4
126 0 256 256 0 0 6 7
126 0 256 256 0 0 6 0
126 0 256 256 0 0 6 1
126 0 256 256 0 0 6 2
126 0 256 256 0 0 6 3
126 0 256 256 0 0 6 4
126 0 256 256 0 0 6 5
127 0 256 256 0 0 0 7
127 0 256 256 0 0 1 7
127 0 256 256 0 0 1 0
127 0 256 256 0 0 2 7
127 0 256 256 0 0 2 0
127 0 256 256 0 0 2 1
127 0 256 256 0 0 3 7
127 0 256 256 0 0 3 0
127 0 256 256 0 0 3 1
127 0 256 256 0 0 3 2
127 0 256 256 0 0 4 7
127 0 256 256 0 0 4 0
127 0 256 256 0 0 4 1
127 0 256 256 0 0 4 2
127 0 256 256 0 0 4 3
127 0 256 256 0 0 5 7
127 0 256 256 0 0 5 0
127 0 256 256 0 0 5 1
127 0 256 256 0 0 5 2
127 0 256 256 0 0 5 3
127 0 256 256 0 0 5 4
127 0 256 256 0 0 6 7
127 0 256 256 0 0 6 0
127 0 256 256 0 0 6 1
127 0 256 256 0 0 6 2
127 0 256 256 0 0 6 3
127 0 256 256 0 0 6 4
127 0 256 256 0 0 6 5
128 0 256 256 0 0 0 7
128 0 256 256 0 0 1 7
128 0 256 256 0 0 1 0
128 0 256 256 0 0 2 7
128 0 256 256 0 0 2 0
128 0 256 256 0 0 2 1
128 0 256 256 0 0 3 7
128 0 256 256 0 0 3 0
128 0 256 256 0 0 3 1
128 0 256 256 0 0 3 2
128 0 256 256 0 0 4 7
128 0 256 256 0 0 4 0
128 0 256 256 0 0 4 1
128 0 256 256 0 0 4 2
128 0 256 256 0 0 4 3
128 0 256 256 0 0 5 7
128 0 256 256 0 0 5 0
128 0 256 256 0 0 5 1
128 0 256 256 0 0 5 2
128 0 256 256 0 0 5 3
128 0 256 256 0 0 5 4
128 0 256 256 0 0 6 7
128 0 256 256 0 0 6 0
128 0 256 256 0 0 6 1
128 0 256 256 0 0 6 2
128 0 256 256 0 0 6 3
128 0 256 256 0 0 6 4
128 0 256 256 0 0 6 5
129 0 256 256 0 0 0 7
129 0 256 256 0 0 1 7
129 0 256 256 0 0 1 0
129 0 256 256 0 0 2 7
129 0 256 256 0 0 2 0
129 0 256 256 0 0 2 1
129 0 256 256 0 0 3 7
129 0 256 256 0 0 3 0
129 0 256 256 0 0 3 1
129 0 256 256 0 0 3 2
129 0 256 256 0 0 4 7
129 0 256 256 0 0 4 0
129 0 256 256 0 0 4 1
129 0 256 256 0 0 4 2
129 0 256 256 0 0 4 3
129 0 256 256 0 0 5 7
129 0 256 256 0 0 5 0
129 0 256 256 0 0 5 1
129 0 256 256 0 0 5 2
129 0 256 256 0 0 5 3
129 0 256 256 0 0 5 4
129 0 256 256 0 0 6 7
129 0 256 256 0 0 6 0
129 0 256 256 0 0 6 1
129 0 256 256 0 0 6 2
129 0 256 256 0 0 6 3
129 0 256 256 0 0 6 4
129 0 256 256 0 0 6 5
130 4 256 256 0 0 0 7
130 4 256 256 0 0 1 7
130 4 256 256 0 0 1 0
130 4 256 256 0 0 2 7
130 4 256 256 0 0 2 0
130 4 256 256 0 0 2 1
130 4 256 256 0 0 3 7
130 4 256 256 0 0 3 0
130 4 256 256 0 0 3 1
130 4 256 256 0 0 3 2
130 4 256 256 0 0 4 7
130 4 256 256 0 0 4 0
130 4 256 256 0 0 4 1
130 4 256 256 0 0 4 2
130 4 256 256 0 0 4 3
130 4 256 256 0 0 5 7
130 4 256 256 0 0 5 0
130 4 256 256 0 0 5 1
130 4 256 256 0 0 5 2
130 4 256 256 0 0 5 3
130 4 256 256 0 0 5 4
130 4 256 256 0 0 6 7
130 4 256 256 0 0 6 0
130 4 256 256 0 0 6 1
130 4 256 256 0 0 6 2
130 4 256 256 0 0 6 3
130 4 256 256 0 0 6 4
130 4 256 256 0 0 6 5
131 7 256 256 0 0 0 7
131 7 256 256 0 0 1 7
131 7 256 256 0 0 1 0
131 7 256 256 0 0 2 7
131 7 256 256 0 0 2 0
131 7 256 256 0 0 2 1
131 7 256 256 0 0 3 7
131 7 256 256 0 0 3 0
131 7 256 256 0 0 3 1
131 7 256 256 0 0 3 2
131 7 256 256 0 0 4 7
131 7 256 256 0 0 4 0
131 7 256 256 0 0 4 1
131 7 256 256 0 0 4 2
131 7 256 256 0 0 4 3
131 7 256 256 0 0 5 7
131 7 256 256 0 0 5 0
131 7 256 256 0 0 5 1
131 7 256 256 0 0 5 2
131 7 256 256 0 0 5 3
131 7 256 256 0 0 5 4
131 7 256 256 0 0 6 7
131 7 256 256 0 0 6 0
131 7 256 256 0 0 6 1
131 7 256 256 0 0 6 2
131 7 256 256 0 0 6 3
131 7 256 256 0 0 6 4
131 7 256 256 0 0 6 5
132 11 256 256 0 0 0 7
132 11 256 256 0 0 1 7
132 11 256 256 0 0 1 0
132 11 256 256 0 0 2 7
132 11 256 256 0 0 2 0
132 11 256 256 0 0 2 1
132 11 256 256 0 0 3 7
132 11 256 256 0 0 3 0
132 11 256 256 0 0 3 1
132 11 256 256 0 0 3 2
132 11 256 256 0 0 4 7
132 11 256 256 0 0 4 0
132 11 256 256 0 0 4 1
132 11 256 256 0 0 4 2
132 11 256 256 0 0 4 3
132 11 256 256 0 0 5 7
132 11 256 256 0 0 5 0
132 11 256 256 0 0 5 1
132 11 256 256 0 0 5 2
132 11 256 256 0 0 5 3
132 11 256 256 0 0 5 4
132 11 256 256 0 0 6 7
132 11 256 256 0 0 6 0
132 11 256 256 0 0 6 1
132 11 256 256 0 0 6 2
132 11 256 256 0 0 6 3
132 11 256 256 0 0 6 4
132 11 256 256 0 0 6 5
133 14 256 256 0 0 0 7
133 14 256 256 0 0 1 7
133 14 256 256 0 0 1 0
133 14 256 256 0 0 2 7
133 14 256 256 0 0 2 0
133 14 256 256 0 0 2 1
133 14 256 256 0 0 3 7
133 14 256 256 0 0 3 0
133 14 256 256 0 0 3 1
133 14 256 256 0 0 3 2
133 14 256 256 0 0 4 7
133 14 256 256 0 0 4 0
133 14 256 256 0 0 4 1
133 14 256 256 0 0 4 2
133 14 256 256 0 0 4 3
133 14 256 256 0 0 5 7
133 14 256 256 0 0 5 0
133 14 256 256 0 0 5 1
133 14 256 256 0 0 5 2
133 14 256 256 0 0 5 3
133 14 256 256 0 0 5 4
133 14 256 256 0 0 6 7
133 14 256 256 0 0 6 0
133 14 256 256 0 0 6 1
133 14 256 256 0 0 6 2
133 14 256 256 0 0 6 3
133 14 256 256 0 0 6 4
133 14 256 256 0 0 6 5
134 18 256 256 0 0 0 7
134 18 256 256 0 0 1 7
134 18 256 256 0 0 1 0
134 18 256 256 0 0 2 7
134 18 256 256 0 0 2 0
134 18 256 256 0 0 2 1
134 18 256 256 0 0 3 7
134 18 256 256 0 0 3 0
134 18 256 256 0 0 3 1
134 18 256 256 0 0 3 2
134 18 256 256 0 0 4 7
134 18 256 256 0 0 4 0
134 18 256 256 0 0 4 1
134 18 256 256 0 0 4 2
134 18 256 256 0 0 4 3
134 18 256 256 0 0 5 7
134 18 256 256 0 0 5 0
134 18 256 256 0 0 5 1
134 18 256 256 0 0 5 2
134 18 256 256 0 0 5 3
134 18 256 256 0 0 5 4
134 18 256 256 0 0 6 7
134 18 256 256 0 0 6 0
134 18 256 256 0 0 6 1
134 18 256 256 0 0 6 2
134 18 256 256 0 0 6 3
134 18 256 256 0 0 6 4
134 18 256 256 0 0 6 5
135 21 256 256 0 0 0 7
135 21 256 256 0 0 1 7
135 21 256 256 0 0 1 0
135 21 256 256 0 0 2 7
135 21 256 256 0 0 2 0
135 21 256 256 0 0 2 1
135 21 256 256 0 0 3 7
135 21 256 256 0 0 3 0
135 21 256 256 0 0 3 1
135 21 256 256 0 0 3 2
135 21 256 256 0 0 4 7
135 21 256 256 0 0 4 0
135 21 256 256 0 0 4 1
135 21 256 256 0 0 4 2
135 21 256 256 0 0 4 3
135 21 256 256 0 0 5 7
135 21 256 256 0 0 5 0
135 21 256 256 0 0 5 1
135 21 256 256 0 0 5 2
135 21 256 256 0 0 5 3
135 21 256 256 0 0 5 4
135 21 256 256 0 0 6 7
135 21 256 256 0 0 6 0
135 21 256 256 0 0 6 1
135 21 256 256 0 0 6 2
135 21 256 256 0 0 6 3
135 21 256 256 0 0 6 4
135 21 256 256 0 0 6 5
136 25 256 256 0 0 0 7
136 25 256 256 0 0 1 7
136 25 256 256 0 0 1 0
136 25 256 256 0 0 2 7
136 25 256 256 0 0 2 0
136 25 256 256 0 0 2 1
136 25 256 256 0 0 3 7
136 25 256 256 0 0 3 0
136 25 256 256 0 0 3 1
136 25 256 256 0 0 3 2
136 25 256 256 0 0 4 7
136 25 256 256 0 0 4 0
136 25 256 256 0 0 4 1
136 25 256 256 0 0 4 2
136 25 256 256 0 0 4 3
136 25 256 256 0 0 5 7
136 25 256 256 0 0 5 0
136 25 256 256 0 0 5 1
136 25 256 256 0 0 5 2
136 25 256 256 0 0 5 3
136 25 256 256 0 0 5 4
136 25 256 256 0 0 6 7
136 25 256 256 0 0 6 0
136 25 256 256 0 0 6 1
136 25 256 256 0 0 6 2
136 25 256 256 0 0 6 3
136 25 256 256 0 0 6 4
136 25 256 256 0 0 6 5
137 28 256 256 0 0 0 7
137 28 256 256 0 0 1 7
137 28 256 256 0 0 1 0
137 28 256 256 0 0 2 7
137 28 256 256 0 0 2 0
137 28 256 256 0 0 2 1
137 28 256 256 0 0 3 7
137 28 256 256 0 0 3 0
137 28 256 256 0 0 3 1
137 28 256 256 0 0 3 2
137 28 256 256 0 0 4 7
137 28 256 256 0 0 4 0
137 28 256 256 0 0 4 1
137 28 256 256 0 0 4 2
137 28 256 256 0 0 4 3
137 28 256 256 0 0 5 7
137 28 256 256 0 0 5 0
137 28 256 256 0 0 5 1
137 28 256 256 0 0 5 2
137 28 256 256 0 0 5 3
137 28 256 256 0 0 5 4
137 28 256 256 0 0 6 7
137 28 256 256 0 0 6 0
137 28 256 256 0 0 6 1
137 28 256 256 0 0 6 2
137 28 256 256 0 0 6 3
137 28 256 256 0 0 6 4
137 28 256 256 0 0 6 5
138 31 256 256 0 0 0 7
138 31 256 256 0 0 1 7
138 31 256 256 0 0 1 0
138 31 256 256 0 0 2 7
138 31 256 256 0 0 2 0
138 31 256 256 0 0 2 1
138 31 256 256 0 0 3 7
138 31 256 256 0 0 3 0
138 31 256 256 0 0 3 1
138 31 256 256 0 0 3 2
138 31 256 256 0 0 4 7
138 31 256 256 0 0 4 0
138 31 256 256 0 0 4 1
138 31 256 256 0 0 4 2
138 31 256 256 0 0 4 3
138 31 256 256 0 0 5 7
138 31 256 256 0 0 5 0
138 31 256 256 0 0 5 1
138 31 256 256 0 0 5 2
138 31 256 256 0 0 5 3
138 31 256 256 0 0 5 4
138 31 256 256 0 0 6 7
138 31 256 256 0 0 6 0
138 31 256 256 0 0 6 1
138 31 256 256 0 0 6 2
138 31 256 256 0 0 6 3
138 31 256 256 0 0 6 4
138 31 256 256 0 0 6 5
139 35 256 256 0 0 0 7
139 35 256 256 0 0 1 7
139 35 256 256 0 0 1 0
139 35 256 256 0 0 2 7
139 35 256 256 0 0 2 0
139 35 256 256 0 0 2 1
139 35 256 256 0 0 3 7
139 35 256 256 0 0 3 0
139 35 256 256 0 0 3 1
139 35 256 256 0 0 3 2
139 35 256 256 0 0 4 7
139 35 256 256 0 0 4 0
139 35 256 256 0 0 4 1
139 35 256 256 0 0 4 2
139 35 256 256 0 0 4 3
139 35 256 256 0 0 5 7
139 35 256 256 0 0 5 0
139 35 256 256 0 0 5 1
139 35 256 256 0 0 5 2
139 35 256 256 0 0 5 3
139 35 256 256 0 0 5 4
139 35 256 256 0 0 6 7
139 35 256 256 0 0 6 0
139 35 256 256 0 0 6 1
139 35 256 256 0 0 6 2
139 35 256 256 0 0 6 3
139 35 256 256 0 0 6 4
139 35 256 256 0 0 6 5
140 38 256 256 0 0 0 7
140 38 256 256 0 0 1 7
140 38 256 256 0 0 1 0
140 38 256 256 0 0 2 7
140 38 256 256 0 0 2 0
140 38 256 256 0 0 2 1
140 38 256 256 0 0 3 7
140 38 256 256 0 0 3 0
140 38 256 256 0 0 3 1
140 38 256 256 0 0 3 2
140 38 256 256 0 0 4 7
140 38 256 256 0 0 4 0
140 38 256 256 0 0 4 1
140 38 256 256 0 0 4 2
140 38 256 256 0 0 4 3
140 38 256 256 0 0 5 7
140 38 256 256 0 0 5 0
140 38 256 256 0 0 5 1
140 38 256 256 0 0 5 2
140 38 256 256 0 0 5 3
140 38 256 256 0 0 5 4
140 38 256 256 0 0 6 7
140 38 256 256 0 0 6 0
140 38 256 256 0 0 6 1
140 38 256 256 0 0 6 2
140 38 256 256 0 0 6 3
140 38 256 256 0 0 6 4
140 38 256 256 0 0 6 5
141 42 256 256 0 0 0 7
141 42 256 256 0 0 1 7
141 42 256 256 0 0 1 0
141 42 256 256 0 0 2 7
141 42 256 256 0 0 2 0
141 42 256 256 0 0 2 1
141 42 256 256 0 0 3 7
141 42 256 256 0 0 3 0
141 42 256 256 0 0 3 1
141 42 256 256 0 0 3 2
141 42 256 256 0 0 4 7
141 42 256 256 0 0 4 0
141 42 256 256 0 0 4 1
141 42 256 256 0 0 4 2
141 42 256 256 0 0 4 3
141 42 256 256 0 0 5 7
141 42 256 256 0 0 5 0
141 42 256 256 0 0 5 1
141 42 256 256 0 0 5 2
141 42 256 256 0 0 5 3
141 42 256 256 0 0 5 4
141 42 256 256 0 0 6 7
141 42 256 256 0 0 6 0
141 42 256 256 0 0 6 1
141 42 256 256 0 0 6 2
141 42 256 256 0 0 6 3
141 42 256 256 0 0 6 4
141 42 256 256 0 0 6 5
142 45 256 256 0 0 0 7
142 45 256 256 0 0 1 7
142 45 256 256 0 0 1 0
142 45 256 256 0 0 2 7
142 45 256 256 0 0 2 0
142 45 256 256 0 0 2 1
142 45 256 256 0 0 3 7
142 45 256 256 0 0 3 0
142 45 256 256 0 0 3 1
142 45 256 256 0 0 3 2
142 45 256 256 0 0 4 7
142 45 256 256 0 0 4 0
142 45 256 256 0 0 4 1
142 45 256 256 0 0 4 2
142 45 256 256 0 0 4 3
142 45 256 256 0 0 5 7
142 45 256 256 0 0 5 0
142 45 256 256 0 0 5 1
142 45 256 256 0 0 5 2
142 45 256 256 0 0 5 3
142 45 256 256 0 0 5 4
142 45 256 256 0 0 6 7
142 45 256 256 0 0 6 0
142 45 256 256 0 0 6 1
142 45 256 256 0 0 6 2
142 45 256 256 0 0 6 3
142 45 256 256 0 0 6 4
142 45 256 256 0 0 6 5
143 49 256 256 0 0 0 7
143 49 256 256 0 0 1 7
143 49 256 256 0 0 1 0
143 49 256 256 0 0 2 7
143 49 256 256 0 0 2 0
143 49 256 256 0 0 2 1
143 49 256 256 0 0 3 7
143 49 256 256 0 0 3 0
143 49 256 256 0 0 3 1
143 49 256 256 0 0 3 2
143 49 256 256 0 0 4 7
143 49 256 256 0 0 4 0
143 49 256 256 0 0 4 1
143 49 256 256 0 0 4 2
143 49 256 256 0 0 4 3
143 49 256 256 0 0 5 7
143 49 256 256 0 0 5 0
143 49 256 256 0 0 5 1
143 49 256 256 0 0 5 2
143 49 256 256 0 0 5 3
143 49 256 256 0 0 5 4
143 49 256 256 0 0 6 7
143 49 256 256 0 0 6 0
143 49 256 256 0 0 6 1
143 49 256 256 0 0 6 2
143 49 256 256 0 0 6 3
143 49 256 256 0 0 6 4
143 49 256 256 0 0 6 5
144 52 256 256 0 0 0 7
144 52 256 256 0 0 1 7
144 52 256 256 0 0 1 0
144 52 256 256 0 0 2 7
144 52 256 256 0 0 2 0
144 52 256 256 0 0 2 1
144 52 256 256 0 0 3 7
144 52 256 256 0 0 3 0
144 52 256 256 0 0 3 1
144 52 256 256 0 0 3 2
144 52 256 256 0 0 4 7
144 52 256 256 0 0 4 0
144 52 256 256 0 0 4 1
144 52 256 256 0 0 4 2
144 52 256 256 0 0 4 3
144 52 256 256 0 0 5 7
144 52 256 256 0 0 5 0
144 52 256 256 0 0 5 1
144 52 256 256 0 0 5 2
144 52 256 256 0 0 5 3
144 52 256 256 0 0 5 4
144 52 256 256 0 0 6 7
144 52 256 256 0 0 6 0
144 52 256 256 0 0 6 1
144 52 256 256 0 0 6 2
144 52 256 256 0 0 6 3
144 52 256 256 0 0 6 4
144 52 256 256 0 0 6 5
145 56 256 256 0 0 0 7
145 56 256 256 0 0 1 7
145 56 256 256 0 0 1 0
145 56 256 256 0 0 2 7
145 56 256 256 0 0 2 0
145 56 256 256 0 0 2 1
145 56 256 256 0 0 3 7
145 56 256 256 0 0 3 0
145 56 256 256 0 0 3 1
145 56 256 256 0 0 3 2
145 56 256 256 0 0 4 7
145 56 256 256 0 0 4 0
145 56 256 256 0 0 4 1
145 56 256 256 0 0 4 2
145 56 256 256 0 0 4 3
145 56 256 256 0 0 5 7
145 56 256 256 0 0 5 0
145 56 256 256 0 0 5 1
145 56 256 256 0 0 5 2
145 56 256 256 0 0 5 3
145 56 256 256 0 0 5 4
145 56 256 256 0 0 6 7
145 56 256 256 0 0 6 0
145 56 256 256 0 0 6 1
145 56 256 256 0 0 6 2
145 56 256 256 0 0 6 3
145 56 256 256 0 0 6 4
145 56 256 256 0 0 6 5
146 59 256 256 0 0 0 7
146 59 256 256 0 0 1 7
146 59 256 256 0 0 1 0
146 59 256 256 0 0 2 7
146 59 256 256 0 0 2 0
146 59 256 256 0 0 2 1
146 59 256 256 0 0 3 7
146 59 256 256 0 0 3 0
146 59 256 256 0 0 3 1
146 59 256 256 0 0 3 2
146 59 256 256 0 0 4 7
146 59 256 256 0 0 4 0
146 59 256 256 0 0 4 1
146 59 256 256 0 0 4 2
146 59 256 256 0 0 4 3
146 59 256 256 0 0 5 7
146 59 256 256 0 0 5 0
146 59 256 256 0 0 5 1
146 59 256 256 0 0 5 2
146 59 256 256 0 0 5 3
146 59 256 256 0 0 5 4
146 59 256 256 0 0 6 7
146 59 256 256 0 0 6 0
146 59 256 256 0 0 6 1
146 59 256 256 0 0 6 2
146 59 256 256 0 0 6 3
146 59 256 256 0 0 6 4
146 59 256 256 0 0 6 5
147 63 256 256 0 0 0 7
147 63 256 256 0 0 1 7
147 63 256 256 0 0 1 0
147 63 256 256 0 0 2 7
147 63 256 256 0 0 2 0
147 63 256 256 0 0 2 1
147 63 256 256 0 0 3 7
147 63 256 256 0 0 3 0
147 63 256 256 0 0 3 1
147 63 256 256 0 0 3 2
147 63 256 256 0 0 4 7
147 63 256 256 0 0 4 0
147 63 256 256 0 0 4 1
147 63 256 256 0 0 4 2
147 63 256 256 0 0 4 3
147 63 256 256 0 0 5 7
147 63 256 256 0 0 5 0
147 63 256 256 0 0 5 1
147 63 256 256 0 0 5 2
147 63 256 256 0 0 5 3
147 63 256 256 0 0 5 4
147 63 256 256 0 0 6 7
147 63 256 256 0 0 6 0
147 63 256 256 0 0 6 1
147 63 256 256 0 0 6 2
147 63 256 256 0 0 6 3
147 63 256 256 0 0 6 4
147 63 256 256 0 0 6 5
148 66 256 256 0 0 0 7
148 66 256 256 0 0 1 7
148 66 256 256 0 0 1 0
148 66 256 256 0 0 2 7
148 66 256 256 0 0 2 0
148 66 256 256 0 0 2 1
148 66 256 256 0 0 3 7
148 66 256 256 0 0 3 0
148 66 256 256 0 0 3 1
148 66 256 256 0 0 3 2
148 66 256 256 0 0 4 7
148 66 256 256 0 0 4 0
148 66 256 256 0 0 4 1
148 66 256 256 0 0 4 2
148 66 256 256 0 0 4 3
148 66 256 256 0 0 5 7
148 66 256 256 0 0 5 0
148 66 256 256 0 0 5 1
148 66 256 256 0 0 5 2
148 66 256 256 0 0 5 3
148 66 256 256 0 0 5 4
148 66 256 256 0 0 6 7
148 66 256 256 0 0 6 0
148 66 256 256 0 0 6 1
148 66 256 256 0 0 6 2
148 66 256 256 0 0 6 3
148 66 256 256 0 0 6 4
148 66 256 256 0 0 6 5
149 69 256 256 0 0 0 7
149 69 256 256 0 0 1 7
149 69 256 256 0 0 1 0
149 69 256 256 0 0 2 7
149 69 256 256 0 0 2 0
149 69 256 256 0 0 2 1
149 69 256 256 0 0 3 7
149 69 256 256 0 0 3 0
149 69 256 256 0 0 3 1
149 69 256 256 0 0 3 2
149 69 256 256 0 0 4 7
149 69 256 256 0 0 4 0
149 69 256 256 0 0 4 1
149 69 256 256 0 0 4 2
149 69 256 256 0 0 4 3
149 69 256 256 0 0 5 7
149 69 256 256 0 0 5 0
149 69 256 256 0 0 5 1
149 69 256 256 0 0 5 2
149 69 256 256 0 0 5 3
149 69 256 256 0 0 5 4
149 69 256 256 0 0 6 7
149 69 256 256 0 0 6 0
149 69 256 256 0 0 6 1
149 69 256 256 0 0 6 2
149 69 256 256 0 0 6 3
149 69 256 256 0 0 6 4
149 69 256 256 0 0 6 5
150 73 256 256 0 0 0 7
150 73 256 256 0 0 1 7
150 73 256 256 0 0 1 0
150 73 256 256 0 0 2 7
150 73 256 256 0 0 2 0
150 73 256 256 0 0 2 1
150 73 256 256 0 0 3 7
150 73 256 256 0 0 3 0
150 73 256 256 0 0 3 1
150 73 256 256 0 0 3 2
150 73 256 256 0 0 4 7
150 73 256 256 0 0 4 0
150 73 256 256 0 0 4 1
150 73 256 256 0 0 4 2
150 73 256 256 0 0 4 3
150 73 256 256 0 0 5 7
150 73 256 256 0 0 5 0
150 73 256 256 0 0 5 1
150 73 256 256 0 0 5 2
150 73 256 256 0 0 5 3
150 73 256 256 0 0 5 4
150 73 256 256 0 0 6 7
150 73 256 256 0 0 6 0
150 73 256 256 0 0 6 1
150 73 256 256 0 0 6 2
150 73 256 256 0 0 6 3
150 73 256 256 0 0 6 4
150 73 256 256 0 0 6 5
151 76 256 256 0 0 0 7
151 76 256 256 0 0 1 7
151 76 256 256 0 0 1 0
151 76 256 256 0 0 2 7
151 76 256 256 0 0 2 0
151 76 256 256 0 0 2 1
151 76 256 256 0 0 3 7
151 76 256 256 0 0 3 0
151 76 256 256 0 0 3 1
151 76 256 256 0 0 3 2
151 76 256 256 0 0 4 7
151 76 256 256 0 0 4 0
151 76 256 256 0 0 4 1
151 76 256 256 0 0 4 2
151 76 256 256 0 0 4 3
151 76 256 256 0 0 5 7
151 76 256 256 0 0 5 0
151 76 256 256 0 0 5 1
151 76 256 256 0 0 5 2
151 76 256 256 0 0 5 3
151 76 256 256 0 0 5 4
151 76 256 256 0 0 6 7
151 76 256 256 0 0 6 0
151 76 256 256 0 0 6 1
151 76 256 256 0 0 6 2
151 76 256 256 0 0 6 3
151 76 256 256 0 0 6 4
151 76 256 256 0 0 6 5
152 80 256 256 0 0 0 7
152 80 256 256 0 0 1 7
152 80 256 256 0 0 1 0
152 80 256 256 0 0 2 7
152 80 256 256 0 0 2 0
152 80 256 256 0 0 2 1
152 80 256 256 0 0 3 7
152 80 256 256 0 0 3 0
152 80 256 256 0 0 3 1
152 80 256 256 0 0 3 2
152 80 256 256 0 0 4 7
152 80 256 256 0 0 4 0
152 80 256 256 0 0 4 1
152 80 256 256 0 0 4 2
152 80 256 256 0 0 4 3
152 80 256 256 0 0 5 7
152 80 256 256 0 0 5 0
152 80 256 256 0 0 5 1
152 80 256 256 0 0 5 2
152 80 256 256 0 0 5 3
152 80 256 256 0 0 5 4
152 80 256 256 0 0 6 7
152 80 256 256 0 0 6 0
152 80 256 256 0 0 6 1
152 80 256 256 0 0 6 2
152 80 256 256 0 0 6 3
152 80 256 256 0 0 6 4
152 80 256 256 0 0 6 5
153 83 256 256 0 0 0 7
153 83 256 256 0 0 1 7
153 83 256 256 0 0 1 0
153 83 256 256 0 0 2 7
153 83 256 256 0 0 2 0
153 83 256 256 0 0 2 1
153 83 256 256 0 0 3 7
153 83 256 256 0 0 3 0
153 83 256 256 0 0 3 1
153 83 256 256 0 0 3 2
153 83 256 256 0 0 4 7
153 83 256 256 0 0 4 0
153 83 256 256 0 0 4 1
153 83 256 256 0 0 4 2
153 83 256 256 0 0 4 3
153 83 256 256 0 0 5 7
153 83 256 256 0 0 5 0
153 83 256 256 0 0 5 1
153 83 256 256 0 0 5 2
153 83 256 256 0 0 5 3
153 83 256 256 0 0 5 4
153 83 256 256 0 0 6 7
153 83 256 256 0 0 6 0
153 83 256 256 0 0 6 1
153 83 256 256 0 0 6 2
153 83 256 256 0 0 6 3
153 83 256 256 0 0 6 4
153 83 256 256 0 0 6 5
154 87 256 256 0 0 0 7
154 87 256 256 0 0 1 7
154 87 256 256 0 0 1 0
154 87 256 256 0 0 2 7
154 87 256 256 0 0 2 0
154 87 256 256 0 0 2 1
154 87 256 256 0 0 3 7
154 87 256 256 0 0 3 0
154 87 256 256 0 0 3 1
154 87 256 256 0 0 3 2
154 87 256 256 0 0 4 7
154 87 256 256 0 0 4 0
154 87 256 256 0 0 4 1
154 87 256 256 0 0 4 2
154 87 256 256 0 0 4 3
154 87 256 256 0 0 5 7
154 87 256 256 0 0 5 0
154 87 256 256 0 0 5 1
154 87 256 256 0 0 5 2
154 87 256 256 0 0 5 3
154 87 256 256 0 0 5 4
154 87 256 256 0 0 6 7
154 87 256 256 0 0 6 0
154 87 256 256 0 0 6 1
154 87 256 256 0 0 6 2
154 87 256 256 0 0 6 3
154 87 256 256 0 0 6 4
154 87 256 256 0 0 6 5
155 90 256 256 0 0 0 7
155 90 256 256 0 0 1 7
155 90 256 256 0 0 1 0
155 90 256 256 0 0 2 7
155 90 256 256 0 0 2 0
155 90 256 256 0 0 2 1
155 90 256 256 0 0 3 7
155 90 256 256 0 0 3 0
155 90 256 256 0 0 3 1
155 90 256 256 0 0 3 2
155 90 256 256 0 0 4 7
155 90 256 256 0 0 4 0
155 90 256 256 0 0 4 1
155 90 256 256 0 0 4 2
155 90 256 256 0 0 4 3
155 90 256 256 0 0 5 7
155 90 256 256 0 0 5 0
155 90 256 256 0 0 5 1
155 90 256 256 0 0 5 2
155 90 256 256 0 0 5 3
155 90 256 256 0 0 5 4
155 90 256 256 0 0 6 7
155 90 256 256 0 0 6 0
155 90 256 256 0 0 6 1
155 90 256 256 0 0 6 2
155 90 256 256 0 0 6 3
155 90 256 256 0 0 6 4
155 90 256 256 0 0 6 5
156 94 256 256 0 0 0 7
156 94 256 256 0 0 1 7
156 94 256 256 0 0 1 0
156 94 256 256 0 0 2 7
156 94 256 256 0 0 2 0
156 94 256 256 0 0 2 1
156 94 256 256 0 0 3 7
156 94 256 256 0 0 3 0
156 94 256 256 0 0 3 1
156 94 256 256 0 0 3 2
156 94 256 256 0 0 4 7
156 94 256 256 0 0 4 0
156 94 256 256 0 0 4 1
156 94 256 256 0 0 4 2
156 94 256 256 0 0 4 3
156 94 256 256 0 0 5 7
156 94 256 256 0 0 5 0
156 94 256 256 0 0 5 1
156 94 256 256 0 0 5 2
156 94 256 256 0 0 5 3
156 94 256 256 0 0 5 4
156 94 256 256 0 0 6 7
156 94 256 256 0 0 6 0
156 94 256 256 0 0 6 1
156 94 256 256 0 0 6 2
156 94 256 256 0 0 6 3
156 94 256 256 0 0 6 4
156 94 256 256 0 0 6 5
157 97 256 256 0 0 0 7
157 97 256 256 0 0 1 7
157 97 256 256 0 0 1 0
157 97 256 256 0 0 2 7
157 97 256 256 0 0 2 0
157 97 256 256 0 0 2 1
157 97 256 256 0 0 3 7
157 97 256 256 0 0 3 0
157 97 256 256 0 0 3 1
157 97 256 256 0 0 3 2
157 97 256 256 0 0 4 7
157 97 256 256 0 0 4 0
157 97 256 256 0 0 4 1
157 97 256 256 0 0 4 2
157 97 256 256 0 0 4 3
157 97 256 256 0 0 5 7
157 97 256 256 0 0 5 0
157 97 256 256 0 0 5 1
157 97 256 256 0 0 5 2
157 97 256 256 0 0 5 3
157 97 256 256 0 0 5 4
157 97 256 256 0 0 6 7
157 97 256 256 0 0 6 0
157 97 256 256 0 0 6 1
157 97 256 256 0 0 6 2
157 97 256 256 0 0 6 3
157 97 256 256 0 0 6 4
157 97 256 256 0 0 6 5
158 101 256 256 0 0 0 7
158 101 256 256 0 0 1 7
158 101 256 256 0 0 1 0
158 101 256 256 0 0 2 7
158 101 256 256 0 0 2 0
158 101 256 256 0 0 2 1
158 101 256 256 0 0 3 7
158 101 256 256 0 0 3 0
158 101 256 256 0 0 3 1
158 101 256 256 0 0 3 2
158 101 256 256 0 0 4 7
158 101 256 256 0 0 4 0
158 101 256 256 0 0 4 1
158 101 256 256 0 0 4 2
158 101 256 256 0 0 4 3
158 101 256 256 0 0 5 7
158 101 256 256 0 0 5 0
158 101 256 256 0 0 5 1
158 101 256 256 0 0 5 2
158 101 256 256 0 0 5 3
158 101 256 256 0 0 5 4
158 101 256 256 0 0 6 7
158 101 256 256 0 0 6 0
158 101 256 256 0 0 6 1
158 101 256 256 0 0 6 2
158 101 256 256 0 0 6 3
158 101 256 256 0 0 6 4
158 101 256 256 0 0 6 5
159 104 256 256 0 0 0 7
159 104 256 256 0 0 1 7
159 104 256 256 0 0 1 0
159 104 256 256 0 0 2 7
159 104 256 256 0 0 2 0
159 104 256 256 0 0 2 1
159 104 256 256 0 0 3 7
159 104 256 256 0 0 3 0
159 104 256 256 0 0 3 1
159 104 256 256 0 0 3 2
159 104 256 256 0 0 4 7
159 104 256 256 0 0 4 0
159 104 256 256 0 0 4 1
159 104 256 256 0 0 4 2
159 104 256 256 0 0 4 3
159 104 256 256 0 0 5 7
159 104 256 256 0 0 5 0
159 104 256 256 0 0 5 1
159 104 256 256 0 0 5 2
159 104 256 256 0 0 5 3
159 104 256 256 0 0 5 4
159 104 256 256 0 0 6 7
159 104 256 256 0 0 6 0
159 104 256 256 0 0 6 1
159 104 256 256 0 0 6 2
159 104 256 256 0 0 6 3
159 104 256 256 0 0 6 4
159 104 256 256 0 0 6 5
160 107 256 256 0 0 0 7
160 107 256 256 0 0 1 7
160 107 256 256 0 0 1 0
160 107 256 256 0 0 2 7
160 107 256 256 0 0 2 0
160 107 256 256 0 0 2 1
160 107 256 256 0 0 3 7
160 107 256 256 0 0 3 0
160 107 256 256 0 0 3 1
160 107 256 256 0 0 3 2
160 107 256 256 0 0 4 7
160 107 256 256 0 0 4 0
160 107 256 256 0 0 4 1
160 107 256 256 0 0 4 2
160 107 256 256 0 0 4 3
160 107 256 256 0 0 5 7
160 107 256 256 0 0 5 0
160 107 256 256 0 0 5 1
160 107 256 256 0 0 5 2
160 107 256 256 0 0 5 3
160 107 256 256 0 0 5 4
160 107 256 256 0 0 6 7
160 107 256 256 0 0 6 0
160 107 256 256 0 0 6 1
160 107 256 256 0 0 6 2
160 107 256 256 0 0 6 3
160 107 256 256 0 0 6 4
160 107 256 256 0 0 6 5
161 111 256 256 0 0 0 7
161 111 256 256 0 0 1 7
161 111 256 256 0 0 1 0
161 111 256 256 0 0 2 7
161 111 256 256 0 0 2 0
161 111 256 256 0 0 2 1
161 111 256 256 0 0 3 7
161 111 256 256 0 0 3 0
161 111 256 256 0 0 3 1
161 111 256 256 0 0 3 2
161 111 256 256 0 0 4 7
161 111 256 256 0 0 4 0
161 111 256 256 0 0 4 1
161 111 256 256 0 0 4 2
161 111 256 256 0 0 4 3
161 111 256 256 0 0 5 7
161 111 256 256 0 0 5 0
161 111 256 256 0 0 5 1
161 111 256 256 0 0 5 2
161 111 256 256 0 0 5 3
161 111 256 256 0 0 5 4
161 111 256 256 0 0 6 7
161 111 256 256 0 0 6 0
161 111 256 256 0 0 6 1
161 111 256 256 0 0 6 2
161 111 256 256 0 0 6 3
161 111 256 256 0 0 6 4
161 111 256 256 0 0 6 5
162 114 256 256 0 0 0 7
162 114 256 256 0 0 1 7
162 114 256 256 0 0 1 0
162 114 256 256 0 0 2 7
162 114 256 256 0 0 2 0
162 114 256 256 0 0 2 1
162 114 256 256 0 0 3 7
162 114 256 256 0 0 3 0
162 114 256 256 0 0 3 1
162 114 256 256 0 0 3 2
162 114 256 256 0 0 4 7
162 114 256 256 0 0 4 0
162 114 256 256 0 0 4 1
162 114 256 256 0 0 4 2
162 114 256 256 0 0 4 3
162 114 256 256 0 0 5 7
162 114 256 256 0 0 5 0
162 114 256 256 0 0 5 1
162 114 256 256 0 0 5 2
162 114 256 256 0 0 5 3
162 114 256 256 0 0 5 4
162 114 256 256 0 0 6 7
162 114 256 256 0 0 6 0
162 114 256 256 0 0 6 1
162 114 256 256 0 0 6 2
162 114 256 256 0 0 6 3
162 114 256 256 0 0 6 4
162 114 256 256 0 0 6 5
163 118 256 256 0 0 0 7
163 118 256 256 0 0 1 7
163 118 256 256 0 0 1 0
163 118 256 256 0 0 2 7
163 118 256 256 0 0 2 0
163 118 256 256 0 0 2 1
163 118 256 256 0 0 3 7
163 118 256 256 0 0 3 0
163 118 256 256 0 0 3 1
163 118 256 256 0 0 3 2
163 118 256 256 0 0 4 7
163 118 256 256 0 0 4 0
163 118 256 256 0 0 4 1
163 118 256 256 0 0 4 2
163 118 256 256 0 0 4 3
163 118 256 256 0 0 5 7
163 118 256 256 0 0 5 0
163 118 256 256 0 0 5 1
163 118 256 256 0 0 5 2
163 118 256 256 0 0 5 3
163 118 256 256 0 0 5 4
163 118 256 256 0 0 6 7
163 118 256 256 0 0 6 0
163 118 256 256 0 0 6 1
163 118 256 256 0 0 6 2
163 118 256 256 0 0 6 3
163 118 256 256 0 0 6 4
163 118 256 256 0 0 6 5
164 121 256 256 0 0 0 7
164 121 256 256 0 0 1 7
164 121 256 256 0 0 1 0
164 121 256 256 0 0 2 7
164 121 256 256 0 0 2 0
164 121 256 256 0 0 2 1
164 121 256 256 0 0 3 7
164 121 256 256 0 0 3 0
164 121 256 256 0 0 3 1
164 121 256 256 0 0 3 2
164 121 256 256 0 0 4 7
164 121 256 256 0 0 4 0
164 121 256 256 0 0 4 1
164 121 256 256 0 0 4 2
164 121 256 256 0 0 4 3
164 121 256 256 0 0 5 7
164 121 256 256 0 0 5 0
164 121 256 256 0 0 5 1
164 121 256 256 0 0 5 2
164 121 256 256 0 0 5 3
164 121 256 256 0 0 5 4
164 121 256 256 0 0 6 7
164 121 256 256 0 0 6 0
164 121 256 256 0 0 6 1
164 121 256 256 0 0 6 2
164 121 256 256 0 0 6 3
164 121 256 256 0 0 6 4
164 121 256 256 0 0 6 5
165 125 256 256 0 0 0 7
165 125 256 256 0 0 1 7
165 125 256 256 0 0 1 0
165 125 256 256 0 0 2 7
165 125 256 256 0 0 2 0
165 125 256 256 0 0 2 1
165 125 256 256 0 0 3 7
165 125 256 256 0 0 3 0
165 125 256 256 0 0 3 1
165 125 256 256 0 0 3 2
165 125 256 256 0 0 4 7
165 125 256 256 0 0 4 0
165 125 256 256 0 0 4 1
165 125 256 256 0 0 4 2
165 125 256 256 0 0 4 3
165 125 256 256 0 0 5 7
165 125 256 256 0 0 5 0
165 125 256 256 0 0 5 1
165 125 256 256 0 0 5 2
165 125 256 256 0 0 5 3
165 125 256 256 0 0 5 4
165 125 256 256 0 0 6 7
165 125 256 256 0 0 6 0
165 125 256 256 0 0 6 1
165 125 256 256 0 0 6 2
165 125 256 256 0 0 6 3
165 125 256 256 0 0 6 4
165 125 256 256 0 0 6 5
166 128 256 256 0 0 0 7
166 128 256 256 0 0 1 7
166 128 256 256 0 0 1 0
166 128 256 256 0 0 2 7
166 128 256 256 0 0 2 0
166 128 256 256 0 0 2 1
166 128 256 256 0 0 3 7
166 128 256 256 0 0 3 0
166 128 256 256 0 0 3 1
166 128 256 256 0 0 3 2
166 128 256 256 0 0 4 7
166 128 256 256 0 0 4 0
166 128 256 256 0 0 4 1
166 128 256 256 0 0 4 2
166 128 256 256 0 0 4 3
166 128 256 256 0 0 5 7
166 128 256 256 0 0 5 0
166 128 256 256 0 0 5 1
166 128 256 256 0 0 5 2
166 128 256 256 0 0 5 3
166 128 256 256 0 0 5 4
166 128 256 256 0 0 6 7
166 128 256 256 0 0 6 0
166 128 256 256 0 0 6 1
166 128 256 256 0 0 6 2
166 128 256 256 0 0 6 3
166 128 256 256 0 0 6 4
166 128 256 256 0 0 6 5
167 132 256 256 0 0 0 7
167 132 256 256 0 0 1 7
167 132 256 256 0 0 1 0
167 132 256 256 0 0 2 7
167 132 256 256 0 0 2 0
167 132 256 256 0 0 2 1
167 132 256 256 0 0 3 7
167 132 256 256 0 0 3 0
167 132 256 256 0 0 3 1
167 132 256 256 0 0 3 2
167 132 256 256 0 0 4 7
167 132 256 256 0 0 4 0
167 132 256 256 0 0 4 1
167 132 256 256 0 0 4 2
167 132 256 256 0 0 4 3
167 132 256 256 0 0 5 7
167 132 256 256 0 0 5 0
167 132 256 256 0 0 5 1
167 132 256 256 0 0 5 2
167 132 256 256 0 0 5 3
167 132 256 256 0 0 5 4
167 132 256 256 0 0 6 7
167 132 256 256 0 0 6 0
167 132 256 256 0 0 6 1
167 132 256 256 0 0 6 2
167 132 256 256 0 0 6 3
167 132 256 256 0 0 6 4
167 132 256 256 0 0 6 5
168 135 256 256 0 0 0 7
168 135 256 256 0 0 1 7
168 135 256 256 0 0 1 0
168 135 256 256 0 0 2 7
168 135 256 256 0 0 2 0
168 135 256 256 0 0 2 1
168 135 256 256 0 0 3 7
168 135 256 256 0 0 3 0
168 135 256 256 0 0 3 1
168 135 256 256 0 0 3 2
168 135 256 256 0 0 4 7
168 135 256 256 0 0 4 0
168 135 256 256 0 0 4 1
168 135 256 256 0 0 4 2
168 135 256 256 0 0 4 3
168 135 256 256 0 0 5 7
168 135 256 256 0 0 5 0
168 135 256 256 0 0 5 1
168 135 256 256 0 0 5 2
168 135 256 256 0 0 5 3
168 135 256 256 0 0 5 4
168 135 256 256 0 0 6 7
168 135 256 256 0 0 6 0
168 135 256 256 0 0 6 1
168 135 256 256 0 0 6 2
168 135 256 256 0 0 6 3
168 135 256 256 0 0 6 4
168 135 256 256 0 0 6 5
169 139 256 256 0 0 0 7
169 139 256 256 0 0 1 7
169 139 256 256 0 0 1 0
169 139 256 256 0 0 2 7
169 139 256 256 0 0 2 0
169 139 256 256 0 0 2 1
169 139 256 256 0 0 3 7
169 139 256 256 0 0 3 0
169 139 256 256 0 0 3 1
169 139 256 256 0 0 3 2
169 139 256 256 0 0 4 7
169 139 256 256 0 0 4 0
169 139 256 256 0 0 4 1
169 139 256 256 0 0 4 2
169 139 256 256 0 0 4 3
169 139 256 256 0 0 5 7
169 139 256 256 0 0 5 0
169 139 256 256 0 0 5 1
169 139 256 256 0 0 5 2
169 139 256 256 0 0 5 3
169 139 256 256 0 0 5 4
169 139 256 256 0 0 6 7
169 139 256 256 0 0 6 0
169 139 256 256 0 0 6 1
169 139 256 256 0 0 6 2
169 139 256 256 0 0 6 3
169 139 256 256 0 0 6 4
169 139 256 256 0 0 6 5
170 142 256 256 0 0 0 7
170 142 256 256 0 0 1 7
170 142 256 256 0 0 1 0
170 142 256 256 0 0 2 7
170 142 256 256 0 0 2 0
170 142 256 256 0 0 2 1
170 142 256 256 0 0 3 7
170 142 256 256 0 0 3 0
170 142 256 256 0 0 3 1
170 142 256 256 0 0 3 2
170 142 256 256 0 0 4 7
170 142 256 256 0 0 4 0
170 142 256 256 0 0 4 1
170 142 256 256 0 0 4 2
170 142 256 256 0 0 4 3
170 142 256 256 0 0 5 7
170 142 256 256 0 0 5 0
170 142 256 256 0 0 5 1
170 142 256 256 0 0 5 2
170 142 256 256 0 0 5 3
170 142 256 256 0 0 5 4
170 142 256 256 0 0 6 7
170 142 256 256 0 0 6 0
170 142 256 256 0 0 6 1
170 142 256 256 0 0 6 2
170 142 256 256 0 0 6 3
170 142 256 256 0 0 6 4
170 142 256 256 0 0 6 5
171 145 256 256 0 0 0 7
171 145 256 256 0 0 1 7
171 145 256 256 0 0 1 0
171 145 256 256 0 0 2 7
171 145 256 256 0 0 2 0
171 145 256 256 0 0 2 1
171 145 256 256 0 0 3 7
171 145 256 256 0 0 3 0
171 145 256 256 0 0 3 1
171 145 256 256 0 0 3 2
171 145 256 256 0 0 4 7
171 145 256 256 0 0 4 0
171 145 256 256 0 0 4 1
171 145 256 256 0 0 4 2
171 145 256 256 0 0 4 3
171 145 256 256 0 0 5 7
171 145 256 256 0 0 5 0
171 145 256 256 0 0 5 1
171 145 256 256 0 0 5 2
171 145 256 256 0 0 5 3
171 145 256 256 0 0 5 4
171 145 256 256 0 0 6 7
171 145 256 256 0 0 6 0
171 145 256 256 0 0 6 1
171 145 256 256 0 0 6 2
171 145 256 256 0 0 6 3
171 145 256 256 0 0 6 4
171 145 256 256 0 0 6 5
172 149 256 256 0 0 0 7
172 149 256 256 0 0 1 7
172 149 256 256 0 0 1 0
172 149 256 256 0 0 2 7
172 149 256 256 0 0 2 0
172 149 256 256 0 0 2 1
172 149 256 256 0 0 3 7
172 149 256 256 0 0 3 0
172 149 256 256 0 0 3 1
172 149 256 256 0 0 3 2
172 149 256 256 0 0 4 7
172 149 256 256 0 0 4 0
172 149 256 256 0 0 4 1
172 149 256 256 0 0 4 2
172 149 256 256 0 0 4 3
172 149 256 256 0 0 5 7
172 149 256 256 0 0 5 0
172 149 256 256 0 0 5 1
172 149 256 256 0 0 5 2
172 149 256 256 0 0 5 3
172 149 256 256 0 0 5 4
172 149 256 256 0 0 6 7
172 149 256 256 0 0 6 0
172 149 256 256 0 0 6 1
172 149 256 256 0 0 6 2
172 149 256 256 0 0 6 3
172 149 256 256 0 0 6 4
172 149 256 256 0 0 6 5
173 152 256 256 0 0 0 7
173 152 256 256 0 0 1 7
173 152 256 256 0 0 1 0
173 152 256 256 0 0 2 7
173 152 256 256 0 0 2 0
173 152 256 256 0 0 2 1
173 152 256 256 0 0 3 7
173 152 256 256 0 0 3 0
173 152 256 256 0 0 3 1
173 152 256 256 0 0 3 2
173 152 256 256 0 0 4 7
173 152 256 256 0 0 4 0
173 152 256 256 0 0 4 1
173 152 256 256 0 0 4 2
173 152 256 256 0 0 4 3
173 152 256 256 0 0 5 7
173 152 256 256 0 0 5 0
173 152 256 256 0 0 5 1
173 152 256 256 0 0 5 2
173 152 256 256 0 0 5 3
173 152 256 256 0 0 5 4
173 152 256 256 0 0 6 7
173 152 256 256 0 0 6 0
173 152 256 256 0 0 6 1
173 152 256 256 0 0 6 2
173 152 256 256 0 0 6 3
173 152 256 256 0 0 6 4
173 152 256 256 0 0 6 5
174 156 256 256 0 0 0 7
174 156 256 256 0 0 1 7
174 156 256 256 0 0 1 0
174 156 256 256 0 0 2 7
174 156 256 256 0 0 2 0
174 156 256 256 0 0 2 1
174 156 256 256 0 0 3 7
174 156 256 256 0 0 3 0
174 156 256 256 0 0 3 1
174 156 256 256 0 0 3 2
174 156 256 256 0 0 4 7
174 156 256 256 0 0 4 0
174 156 256 256 0 0 4 1
174 156 256 256 0 0 4 2
174 156 256 256 0 0 4 3
174 156 256 256 0 0 5 7
174 156 256 256 0 0 5 0
174 156 256 256 0 0 5 1
174 156 256 256 0 0 5 2
174 156 256 256 0 0 5 3
174 156 256 256 0 0 5 4
174 156 256 256 0 0 6 7
174 156 256 256 0 0 6 0
174 156 256 256 0 0 6 1
174 156 256 256 0 0 6 2
174 156 256 256 0 0 6 3
174 156 256 256 0 0 6 4
174 156 256 256 0 0 6 5
175 159 256 256 0 0 0 7
175 159 256 256 0 0 1 7
175 159 256 256 0 0 1 0
175 159 256 256 0 0 2 7
175 159 256 256 0 0 2 0
175 159 256 256 0 0 2 1
175 159 256 256 0 0 3 7
175 159 256 256 0 0 3 0
175 159 256 256 0 0 3 1
175 159 256 256 0 0 3 2
175 159 256 256 0 0 4 7
175 159 256 256 0 0 4 0
175 159 256 256 0 0 4 1
175 159 256 256 0 0 4 2
175 159 256 256 0 0 4 3
175 159 256 256 0 0 5 7
175 159 256 256 0 0 5 0
175 159 256 256 0 0 5 1
175 159 256 256 0 0 5 2
175 159 256 256 0 0 5 3
175 159 256 256 0 0 5 4
175 159 256 256 0 0 6 7
175 159 256 256 0 0 6 0
175 159 256 256 0 0 6 1
175 159 256 256 0 0 6 2
175 159 256 256 0 0 6 3
175 159 256 256 0 0 6 4
175 159 256 256 0 0 6 5
176 163 256 256 0 0 0 7
176 163 256 256 0 0 1 7
176 163 256 256 0 0 1 0
176 163 256 256 0 0 2 7
176 163 256 256 0 0 2 0
176 163 256 256 0 0 2 1
176 163 256 256 0 0 3 7
176 163 256 256 0 0 3 0
176 163 256 256 0 0 3 1
176 163 256 256 0 0 3 2
176 163 256 256 0 0 4 7
176 163 256 256 0 0 4 0
176 163 256 256 0 0 4 1
176 163 256 256 0 0 4 2
176 163 256 256 0 0 4 3
176 163 256 256 0 0 5 7
176 163 256 256 0 0 5 0
176 163 256 256 0 0 5 1
176 163 256 256 0 0 5 2
176 163 256 256 0 0 5 3
176 163 256 256 0 0 5 4
176 163 256 256 0 0 6 7
176 163 256 256 0 0 6 0
176 163 256 256 0 0 6 1
176 163 256 256 0 0 6 2
176 163 256 256 0 0 6 3
176 163 256 256 0 0 6 4
176 163 256 256 0 0 6 5
177 166 256 256 0 0 0 7
177 166 256 256 0 0 1 7
177 166 256 256 0 0 1 0
177 166 256 256 0 0 2 7
177 166 256 256 0 0 2 0
177 166 256 256 0 0 2 1
177 166 256 256 0 0 3 7
177 166 256 256 0 0 3 0
177 166 256 256 0 0 3 1
177 166 256 256 0 0 3 2
177 166 256 256 0 0 4 7
177 166 256 256 0 0 4 0
177 166 256 256 0 0 4 1
177 166 256 256 0 0 4 2
177 166 256 256 0 0 4 3
177 166 256 256 0 0 5 7
177 166 256 256 0 0 5 0
177 166 256 256 0 0 5 1
177 166 256 256 0 0 5 2
177 166 256 256 0 0 5 3
177 166 256 256 0 0 5 4
177 166 256 256 0 0 6 7
177 166 256 256 0 0 6 0
177 166 256 256 0 0 6 1
177 166 256 256 0 0 6 2
177 166 256 256 0 0 6 3
177 166 256 256 0 0 6 4
177 166 256 256 0 0 6 5
178 170 256 256 0 0 0 7
178 170 256 256 0 0 1 7
178 170 256 256 0 0 1 0
178 170 256 256 0 0 2 7
178 170 256 256 0 0 2 0
178 170 256 256 0 0 2 1
178 170 256 256 0 0 3 7
178 170 256 256 0 0 3 0
178 170 256 256 0 0 3 1
178 170 256 256 0 0 3 2
178 170 256 256 0 0 4 7
178 170 256 256 0 0 4 0
178 170 256 256 0 0 4 1
178 170 256 256 0 0 4 2
178 170 256 256 0 0 4 3
178 170 256 256 0 0 5 7
178 170 256 256 0 0 5 0
178 170 256 256 0 0 5 1
178 170 256 256 0 0 5 2
178 170 256 256 0 0 5 3
178 170 256 256 0 0 5 4
178 170 256 256 0 0 6 7
178 170 256 256 0 0 6 0
178 170 256 256 0 0 6 1
178 170 256 256 0 0 6 2
178 170 256 256 0 0 6 3
178 170 256 256 0 0 6 4
178 170 256 256 0 0 6 5
179 173 256 256 0 0 0 7
179 173 256 256 0 0 1 7
179 173 256 256 0 0 1 0
179 173 256 256 0 0 2 7
179 173 256 256 0 0 2 0
179 173 256 256 0 0 2 1
179 173 256 256 0 0 3 7
179 173 256 256 0 0 3 0
179 173 256 256 0 0 3 1
179 173 256 256 0 0 3 2
179 173 256 256 0 0 4 7
179 173 256 256 0 0 4 0
179 173 256 256 0 0 4 1
179 173 256 256 0 0 4 2
179 173 256 256 0 0 4 3
179 173 256 256 0 0 5 7
179 173 256 256 0 0 5 0
179 173 256 256 0 0 5 1
179 173 256 256 0 0 5 2
179 173 256 256 0 0 5 3
179 173 256 256 0 0 5 4
179 173 256 256 0 0 6 7
179 173 256 256 0 0 6 0
179 173 256 256 0 0 6 1
179 173 256 256 0 0 6 2
179 173 256 256 0 0 6 3
179 173 256 256 0 0 6 4
179 173 256 256 0 0 6 5
180 177 256 256 0 0 0 7
180 177 256 256 0 0 1 7
180 177 256 256 0 0 1 0
180 177 256 256 0 0 2 7
180 177 256 256 0 0 2 0
180 177 256 256 0 0 2 1
180 177 256 256 0 0 3 7
180 177 256 256 0 0 3 0
180 177 256 256 0 0 3 1
180 177 256 256 0 0 3 2
180 177 256 256 0 0 4 7
180 177 256 256 0 0 4 0
180 177 256 256 0 0 4 1
180 177 256 256 0 0 4 2
180 177 256 256 0 0 4 3
180 177 256 256 0 0 5 7
180 177 256 256 0 0 5 0
180 177 256 256 0 0 5 1
180 177 256 256 0 0 5 2
180 177 256 256 0 0 5 3
180 177 256 256 0 0 5 4
180 177 256 256 0 0 6 7
180 177 256 256 0 0 6 0
180 177 256 256 0 0 6 1
180 177 256 256 0 0 6 2
180 177 256 256 0 0 6 3
180 177 256 256 0 0 6 4
180 177 256 256 0 0 6 5
181 180 256 256 0 0 0 7
181 180 256 256 0 0 1 7
181 180 256 256 0 0 1 0
181 180 256 256 0 0 2 7
181 180 256 256 0 0 2 0
181 180 256 256 0 0 2 1
181 180 256 256 0 0 3 7
181 180 256 256 0 0 3 0
181 180 256 256 0 0 3 1
181 180 256 256 0 0 3 2
181 180 256 256 0 0 4 7
181 180 256 256 0 0 4 0
181 180 256 256 0 0 4 1
181 180 256 256 0 0 4 2
181 180 256 256 0 0 4 3
181 180 256 256 0 0 5 7
181 180 256 256 0 0 5 0
181 180 256 256 0 0 5 1
181 180 256 256 0 0 5 2
181 180 256 256 0 0 5 3
181 180 256 256 0 0 5 4
181 180 256 256 0 0 6 7
181 180 256 256 0 0 6 0
181 180 256 256 0 0 6 1
181 180 256 256 0 0 6 2
181 180 256 256 0 0 6 3
181 180 256 256 0 0 6 4
181 180 256 256 0 0 6 5
182 183 256 256 0 0 0 7
182 183 256 256 0 0 1 7
182 183 256 256 0 0 1 0
182 183 256 256 0 0 2 7
182 183 256 256 0 0 2 0
182 183 256 256 0 0 2 1
182 183 256 256 0 0 3 7
182 183 256 256 0 0 3 0
182 183 256 256 0 0 3 1
182 183 256 256 0 0 3 2
182 183 256 256 0 0 4 7
182 183 256 256 0 0 4 0
182 183 256 256 0 0 4 1
182 183 256 256 0 0 4 2
182 183 256 256 0 0 4 3
182 183 256 256 0 0 5 7
182 183 256 256 0 0 5 0
182 183 256 256 0 0 5 1
182 183 256 256 0 0 5 2
182 183 256 256 0 0 5 3
182 183 256 256 0 0 5 4
182 183 256 256 0 0 6 7
182 183 256 256 0 0 6 0
182 183 256 256 0 0 6 1
182 183 256 256 0 0 6 2
182 183 256 256 0 0 6 3
182 183 256 256 0 0 6 4
182 183 256 256 0 0 6 5
183 187 256 256 0 0 0 7
183 187 256 256 0 0 1 7
183 187 256 256 0 0 1 0
183 187 256 256 0 0 2 7
183 187 256 256 0 0 2 0
183 187 256 256 0 0 2 1
183 187 256 256 0 0 3 7
183 187 256 256 0 0 3 0
183 187 256 256 0 0 3 1
183 187 256 256 0 0 3 2
183 187 256 256 0 0 4 7
183 187 256 256 0 0 4 0
183 187 256 256 0 0 4 1
183 187 256 256 0 0 4 2
183 187 256 256 0 0 4 3
183 187 256 256 0 0 5 7
183 187 256 256 0 0 5 0
183 187 256 256 0 0 5 1
183 187 256 256 0 0 5 2
183 187 256 256 0 0 5 3
183 187 256 256 0 0 5 4
183 187 256 256 0 0 6 7
183 187 256 256 0 0 6 0
183 187 256 256 0 0 6 1
183 187 256 256 0 0 6 2
183 187 256 256 0 0 6 3
183 187 256 256 0 0 6 4
183 187 256 256 0 0 6 5
184 190 256 256 0 0 0 7
184 190 256 256 0 0 1 7
184 190 256 256 0 0 1 0
184 190 256 256 0 0 2 7
184 190 256 256 0 0 2 0
184 190 256 256 0 0 2 1
184 190 256 256 0 0 3 7
184 190 256 256 0 0 3 0
184 190 256 256 0 0 3 1
184 190 256 256 0 0 3 2
184 190 256 256 0 0 4 7
184 190 256 256 0 0 4 0
184 190 256 256 0 0 4 1
184 190 256 256 0 0 4 2
184 190 256 256 0 0 4 3
184 190 256 256 0 0 5 7
184 190 256 256 0 0 5 0
184 190 256 256 0 0 5 1
184 190 256 256 0 0 5 2
184 190 256 256 0 0 5 3
184 190 256 256 0 0 5 4
184 190 256 256 0 0 6 7
184 190 256 256 0 0 6 0
184 190 256 256 0 0 6 1
184 190 256 256 0 0 6 2
184 190 256 256 0 0 6 3
184 190 256 256 0 0 6 4
184 190 256 256 0 0 6 5
185 194 256 256 0 0 0 7
185 194 256 256 0 0 1 7
185 194 256 256 0 0 1 0
185 194 256 256 0 0 2 7
185 194 256 256 0 0 2 0
185 194 256 256 0 0 2 1
185 194 256 256 0 0 3 7
185 194 256 256 0 0 3 0
185 194 256 256 0 0 3 1
185 194 256 256 0 0 3 2
185 194 256 256 0 0 4 7
185 194 256 256 0 0 4 0
185 194 256 256 0 0 4 1
185 194 256 256 0 0 4 2
185 194 256 256 0 0 4 3
185 194 256 256 0 0 5 7
185 194 256 256 0 0 5 0
185 194 256 256 0 0 5 1
185 194 256 256 0 0 5 2
185 194 256 256 0 0 5 3
185 194 256 256 0 0 5 4
185 194 256 256 0 0 6 7
185 194 256 256 0 0 6 0
185 194 256 256 0 0 6 1
185 194 256 256 0 0 6 2
185 194 256 256 0 0 6 3
185 194 256 256 0 0 6 4
185 194 256 256 0 0 6 5
186 197 256 256 0 0 0 7
186 197 256 256 0 0 1 7
186 197 256 256 0 0 1 0
186 197 256 256 0 0 2 7
186 197 256 256 0 0 2 0
186 197 256 256 0 0 2 1
186 197 256 256 0 0 3 7
186 197 256 256 0 0 3 0
186 197 256 256 0 0 3 1
186 197 256 256 0 0 3 2
186 197 256 256 0 0 4 7
186 197 256 256 0 0 4 0
186 197 256 256 0 0 4 1
186 197 256 256 0 0 4 2
186 197 256 256 0 0 4 3
186 197 256 256 0 0 5 7
186 197 256 256 0 0 5 0
186 197 256 256 0 0 5 1
186 197 256 256 0 0 5 2
186 197 256 256 0 0 5 3
186 197 256 256 0 0 5 4
186 197 256 256 0 0 6 7
186 197 256 256 0 0 6 0
186 197 256 256 0 0 6 1
186 197 256 256 0 0 6 2
186 197 256 256 0 0 6 3
186 197 256 256 0 0 6 4
186 197 256 256 0 0 6 5
187 201 256 256 0 0 0 7
187 201 256 256 0 0 1 7
187 201 256 256 0 0 1 0
187 201 256 256 0 0 2 7
187 201 256 256 0 0 2 0
187 201 256 256 0 0 2 1
187 201 256 256 0 0 3 7
187 201 256 256 0 0 3 0
187 201 256 256 0 0 3 1
187 201 256 256 0 0 3 2
187 201 256 256 0 0 4 7
187 201 256 256 0 0 4 0
187 201 256 256 0 0 4 1
187 201 256 256 0 0 4 2
187 201 256 256 0 0 4 3
187 201 256 256 0 0 5 7
187 201 256 256 0 0 5 0
187 201 256 256 0 0 5 1
187 201 256 256 0 0 5 2
187 201 256 256 0 0 5 3
187 201 256 256 0 0 5 4
187 201 256 256 0 0 6 7
187 201 256 256 0 0 6 0
187 201 256 256 0 0 6 1
187 201 256 256 0 0 6 2
187 201 256 256 0 0 6 3
187 201 256 256 0 0 6 4
187 201 256 256 0 0 6 5
188 204 256 256 0 0 0 7
188 204 256 256 0 0 1 7
188 204 256 256 0 0 1 0
188 204 256 256 0 0 2 7
188 204 256 256 0 0 2 0
188 204 256 256 0 0 2 1
188 204 256 256 0 0 3 7
188 204 256 256 0 0 3 0
188 204 256 256 0 0 3 1
188 204 256 256 0 0 3 2
188 204 256 256 0 0 4 7
188 204 256 256 0 0 4 0
188 204 256 256 0 0 4 1
188 204 256 256 0 0 4 2
188 204 256 256 0 0 4 3
188 204 256 256 0 0 5 7
188 204 256 256 0 0 5 0
188 204 256 256 0 0 5 1
188 204 256 256 0 0 5 2
188 204 256 256 0 0 5 3
188 204 256 256 0 0 5 4
188 204 256 256 0 0 6 7
188 204 256 256 0 0 6 0
188 204 256 256 0 0 6 1
188 204 256 256 0 0 6 2
188 204 256 256 0 0 6 3
188 204 256 256 0 0 6 4
188 204 256 256 0 0 6 5
189 208 256 256 0 0 0 7
189 208 256 256 0 0 1 7
189 208 256 256 0 0 1 0
189 208 256 256 0 0 2 7
189 208 256 256 0 0 2 0
189 208 256 256 0 0 2 1
189 208 256 256 0 0 3 7
189 208 256 256 0 0 3 0
189 208 256 256 0 0 3 1
189 208 256 256 0 0 3 2
189 208 256 256 0 0 4 7
189 208 256 256 0 0 4 0
189 208 256 256 0 0 4 1
189 208 256 256 0 0 4 2
189 208 256 256 0 0 4 3
189 208 256 256 0 0 5 7
189 208 256 256 0 0 5 0
189 208 256 256 0 0 5 1
189 208 256 256 0 0 5 2
189 208 256 256 0 0 5 3
189 208 256 256 0 0 5 4
189 208 256 256 0 0 6 7
189 208 256 256 0 0 6 0
189 208 256 256 0 0 6 1
189 208 256 256 0 0 6 2
189 208 256 256 0 0 6 3
189 208 256 256 0 0 6 4
189 208 256 256 0 0 6 5
190 211 256 256 0 0 0 7
190 211 256 256 0 0 1 7
190 211 256 256 0 0 1 0
190 211 256 256 0 0 2 7
190 211 256 256 0 0 2 0
190 211 256 256 0 0 2 1
190 211 256 256 0 0 3 7
190 211 256 256 0 0 3 0
190 211 256 256 0 0 3 1
190 211 256 256 0 0 3 2
190 211 256 256 0 0 4 7
190 211 256 256 0 0 4 0
190 211 256 256 0 0 4 1
190 211 256 256 0 0 4 2
190 211 256 256 0 0 4 3
190 211 256 256 0 0 5 7
190 211 256 256 0 0 5 0
190 211 256 256 0 0 5 1
190 211 256 256 0 0 5 2
190 211 256 256 0 0 5 3
190 211 256 256 0 0 5 4
190 211 256 256 0 0 6 7
190 211 256 256 0 0 6 0
190 211 256 256 0 0 6 1
190 211 256 256 0 0 6 2
190 211 256 256 0 0 6 3
190 211 256 256 0 0 6 4
190 211 256 256 0 0 6 5
191 215 256 256 0 0 0 7
191 215 256 256 0 0 1 7
191 215 256 256 0 0 1 0
191 215 256 256 0 0 2 7
191 215 256 256 0 0 2 0
191 215 256 256 0 0 2 1
191 215 256 256 0 0 3 7
191 215 256 256 0 0 3 0
191 215 256 256 0 0 3 1
191 215 256 256 0 0 3 2
191 215 256 256 0 0 4 7
191 215 256 256 0 0 4 0
191 215 256 256 0 0 4 1
191 215 256 256 0 0 4 2
191 215 256 256 0 0 4 3
191 215 256 256 0 0 5 7
191 215 256 256 0 0 5 0
191 215 256 256 0 0 5 1
191 215 256 256 0 0 5 2
191 215 256 256 0 0 5 3
191 215 256 256 0 0 5 4
191 215 256 256 0 0 6 7
191 215 256 256 0 0 6 0
191 215 256 256 0 0 6 1
191 215 256 256 0 0 6 2
191 215 256 256 0 0 6 3
191 215 256 256 0 0 6 4
191 215 256 256 0 0 6 5
192 218 256 256 0 0 0 7
192 218 256 256 0 0 1 7
192 218 256 256 0 0 1 0
192 218 256 256 0 0 2 7
192 218 256 256 0 0 2 0
192 218 256 256 0 0 2 1
192 218 256 256 0 0 3 7
192 218 256 256 0 0 3 0
192 218 256 256 0 0 3 1
192 218 256 256 0 0 3 2
192 218 256 256 0 0 4 7
192 218 256 256 0 0 4 0
192 218 256 256 0 0 4 1
192 218 256 256 0 0 4 2
192 218 256 256 0 0 4 3
192 218 256 256 0 0 5 7
192 218 256 256 0 0 5 0
192 218 256 256 0 0 5 1
192 218 256 256 0 0 5 2
192 218 256 256 0 0 5 3
192 218 256 256 0 0 5 4
192 218 256 256 0 0 6 7
192 218 256 256 0 0 6 0
192 218 256 256 0 0 6 1
192 218 256 256 0 0 6 2
192 218 256 256 0 0 6 3
192 218 256 256 0 0 6 4
192 218 256 256 0 0 6 5
193 221 256 256 0 0 0 7
193 221 256 256 0 0 1 7
193 221 256 256 0 0 1 0
193 221 256 256 0 0 2 7
193 221 256 256 0 0 2 0
193 221 256 256 0 0 2 1
193 221 256 256 0 0 3 7
193 221 256 256 0 0 3 0
193 221 256 256 0 0 3 1
193 221 256 256 0 0 3 2
193 221 256 256 0 0 4 7
193 221 256 256 0 0 4 0
193 221 256 256 0 0 4 1
193 221 256 256 0 0 4 2
193 221 256 256 0 0 4 3
193 221 256 256 0 0 5 7
193 221 256 256 0 0 5 0
193 221 256 256 0 0 5 1
193 221 256 256 0 0 5 2
193 221 256 256 0 0 5 3
193 221 256 256 0 0 5 4
193 221 256 256 0 0 6 7
193 221 256 256 0 0 6 0
193 221 256 256 0 0 6 1
193 221 256 256 0 0 6 2
193 221 256 256 0 0 6 3
193 221 256 256 0 0 6 4
193 221 256 256 0 0 6 5
194 225 256 256 0 0 0 7
194 225 256 256 0 0 1 7
194 225 256 256 0 0 1 0
194 225 256 256 0 0 2 7
194 225 256 256 0 0 2 0
194 225 256 256 0 0 2 1
194 225 256 256 0 0 3 7
194 225 256 256 0 0 3 0
194 225 256 256 0 0 3 1
194 225 256 256 0 0 3 2
194 225 256 256 0 0 4 7
194 225 256 256 0 0 4 0
194 225 256 256 0 0 4 1
194 225 256 256 0 0 4 2
194 225 256 256 0 0 4 3
194 225 256 256 0 0 5 7
194 225 256 256 0 0 5 0
194 225 256 256 0 0 5 1
194 225 256 256 0 0 5 2
194 225 256 256 0 0 5 3
194 225 256 256 0 0 5 4
194 225 256 256 0 0 6 7
194 225 256 256 0 0 6 0
194 225 256 256 0 0 6 1
194 225 256 256 0 0 6 2
194 225 256 256 0 0 6 3
194 225 256 256 0 0 6 4
194 225 256 256 0 0 6 5
195 228 256 256 0 0 0 7
195 228 256 256 0 0 1 7
195 228 256 256 0 0 1 0
195 228 256 256 0 0 2 7
195 228 256 256 0 0 2 0
195 228 256 256 0 0 2 1
195 228 256 256 0 0 3 7
195 228 256 256 0 0 3 0
195 228 256 256 0 0 3 1
195 228 256 256 0 0 3 2
195 228 256 256 0 0 4 7
195 228 256 256 0 0 4 0
195 228 256 256 0 0 4 1
195 228 256 256 0 0 4 2
195 228 256 256 0 0 4 3
195 228 256 256 0 0 5 7
195 228 256 256 0 0 5 0
195 228 256 256 0 0 5 1
195 228 256 256 0 0 5 2
195 228 256 256 0 0 5 3
195 228 256 256 0 0 5 4
195 228 256 256 0 0 6 7
195 228 256 256 0 0 6 0
195 228 256 256 0 0 6 1
195 228 256 256 0 0 6 2
195 228 256 256 0 0 6 3
195 228 256 256 0 0 6 4
195 228 256 256 0 0 6 5
196 232 256 256 0 0 0 7
196 232 256 256 0 0 1 7
196 232 256 256 0 0 1 0
196 232 256 256 0 0 2 7
196 232 256 256 0 0 2 0
196 232 256 256 0 0 2 1
196 232 256 256 0 0 3 7
196 232 256 256 0 0 3 0
196 232 256 256 0 0 3 1
196 232 256 256 0 0 3 2
196 232 256 256 0 0 4 7
196 232 256 256 0 0 4 0
196 232 256 256 0 0 4 1
196 232 256 256 0 0 4 2
196 232 256 256 0 0 4 3
196 232 256 256 0 0 5 7
196 232 256 256 0 0 5 0
196 232 256 256 0 0 5 1
196 232 256 256 0 0 5 2
196 232 256 256 0 0 5 3
196 232 256 256 0 0 5 4
196 232 256 256 0 0 6 7
196 232 256 256 0 0 6 0
196 232 256 256 0 0 6 1
196 232 256 256 0 0 6 2
196 232 256 256 0 0 6 3
196 232 256 256 0 0 6 4
196 232 256 256 0 0 6 5
197 235 256 256 0 0 0 7
197 235 256 256 0 0 1 7
197 235 256 256 0 0 1 0
197 235 256 256 0 0 2 7
197 235 256 256 0 0 2 0
197 235 256 256 0 0 2 1
197 235 256 256 0 0 3 7
197 235 256 256 0 0 3 0
197 235 256 256 0 0 3 1
197 235 256 256 0 0 3 2
197 235 256 256 0 0 4 7
197 235 256 256 0 0 4 0
197 235 256 256 0 0 4 1
197 235 256 256 0 0 4 2
197 235 256 256 0 0 4 3
197 235 256 256 0 0 5 7
197 235 256 256 0 0 5 0
197 235 256 256 0 0 5 1
197 235 256 256 0 0 5 2
197 235 256 256 0 0 5 3
197 235 256 256 0 0 5 4
197 235 256 256 0 0 6 7
197 235 256 256 0 0 6 0
197 235 256 256 0 0 6 1
197 235 256 256 0 0 6 2
197 235 256 256 0 0 6 3
197 235 256 256 0 0 6 4
197 235 256 256 0 0 6 5
198 239 256 256 0 0 0 7
198 239 256 256 0 0 1 7
198 239 256 256 0 0 1 0
198 239 256 256 0 0 2 7
198 239 256 256 0 0 2 0
198 239 256 256 0 0 2 1
198 239 256 256 0 0 3 7
198 239 256 256 0 0 3 0
198 239 256 256 0 0 3 1
198 239 256 256 0 0 3 2
198 239 256 256 0 0 4 7
198 239 256 256 0 0 4 0
198 239 256 256 0 0 4 1
198 239 256 256 0 0 4 2
198 239 256 256 0 0 4 3
198 239 256 256 0 0 5 7
198 239 256 256 0 0 5 0
198 239 256 256 0 0 5 1
198 239 256 256 0 0 5 2
198 239 256 256 0 0 5 3
198 239 256 256 0 0 5 4
198 239 256 256 0 0 6 7
198 239 256 256 0 0 6 0
198 239 256 256 0 0 6 1
198 239 256 256 0 0 6 2
198 239 256 256 0 0 6 3
198 239 256 256 0 0 6 4
198 239 256 256 0 0 6 5
199 242 256 256 0 0 0 7
199 242 256 256 0 0 1 7
199 242 256 256 0 0 1 0
199 242 256 256 0 0 2 7
199 242 256 256 0 0 2 0
199 242 256 256 0 0 2 1
199 242 256 256 0 0 3 7
199 242 256 256 0 0 3 0
199 242 256 256 0 0 3 1
199 242 256 256 0 0 3 2
199 242 256 256 0 0 4 7
199 242 256 256 0 0 4 0
199 242 256 256 0 0 4 1
199 242 256 256 0 0 4 2
199 242 256 256 0 0 4 3
199 242 256 256 0 0 5 7
199 242 256 256 0 0 5 0
199 242 256 256 0 0 5 1
199 242 256 256 0 0 5 2
199 242 256 256 0 0 5 3
199 242 256 256 0 0 5 4
199 242 256 256 0 0 6 7
199 242 256 256 0 0 6 0
199 242 256 256 0 0 6 1
199 242 256 256 0 0 6 2
199 242 256 256 0 0 6 3
199 242 256 256 0 0 6 4
199 242 256 256 0 0 6 5
200 246 256 256 0 0 0 7
200 246 256 256 0 0 1 7
200 246 256 256 0 0 1 0
200 246 256 256 0 0 2 7
200 246 256 256 0 0 2 0
200 246 256 256 0 0 2 1
200 246 256 256 0 0 3 7
200 246 256 256 0 0 3 0
200 246 256 256 0 0 3 1
200 246 256 256 0 0 3 2
200 246 256 256 0 0 4 7
200 246 256 256 0 0 4 0
200 246 256 256 0 0 4 1
200 246 256 256 0 0 4 2
200 246 256 256 0 0 4 3
200 246 256 256 0 0 5 7
200 246 256 256 0 0 5 0
200 246 256 256 0 0 5 1
200 246 256 256 0 0 5 2
200 246 256 256 0 0 5 3
200 246 256 256 0 0 5 4
200 246 256 256 0 0 6 7
200 246 256 256 0 0 6 0
200 246 256 256 0 0 6 1
200 246 256 256 0 0 6 2
200 246 256 256 0 0 6 3
200 246 256 256 0 0 6 4
200 246 256 256 0 0 6 5
201 249 256 256 0 0 0 7
201 249 256 256 0 0 1 7
201 249 256 256 0 0 1 0
201 249 256 256 0 0 2 7
201 249 256 256 0 0 2 0
201 249 256 256 0 0 2 1
201 249 256 256 0 0 3 7
201 249 256 256 0 0 3 0
201 249 256 256 0 0 3 1
201 249 256 256 0 0 3 2
201 249 256 256 0 0 4 7
201 249 256 256 0 0 4 0
201 249 256 256 0 0 4 1
201 249 256 256 0 0 4 2
201 249 256 256 0 0 4 3
201 249 256 256 0 0 5 7
201 249 256 256 0 0 5 0
201 249 256 256 0 0 5 1
201 249 256 256 0 0 5 2
201 249 256 256 0 0 5 3
201 249 256 256 0 0 5 4
201 249 256 256 0 0 6 7
201 249 256 256 0 0 6 0
201 249 256 256 0 0 6 1
201 249 256 256 0 0 6 2
201 249 256 256 0 0 6 3
201 249 256 256 0 0 6 4
201 249 256 256 0 0 6 5
