0	0	0	5	4	0	0	0	7	18	30	3	1
1	0	0	5	4	0	0	1	7	18	12	2	1
2	0	0	5	4	0	0	1	0	18	16	5	1
3	0	0	5	4	0	0	2	7	18	18	1	1
4	0	0	5	4	0	0	2	0	18	30	4	1
5	0	0	5	4	0	0	2	1	18	12	3	1
6	0	0	5	4	0	0	3	7	18	30	1	1
7	0	0	5	4	0	0	3	0	18	50	4	1
8	0	0	5	4	0	0	3	1	18	24	3	1
9	0	0	5	4	0	0	3	2	18	20	2	1
10	0	0	5	4	0	0	4	7	18	30	1	1
11	0	0	5	4	0	0	4	0	18	50	4	1
12	0	0	5	4	0	0	4	1	18	24	3	1
13	0	0	5	4	0	0	4	2	18	20	2	1
14	0	0	5	4	0	0	4	3	18	30	2	1
15	0	0	5	4	0	0	5	7	18	30	1	1
16	0	0	5	4	0	0	5	0	18	50	4	1
17	0	0	5	4	0	0	5	1	18	24	3	1
18	0	0	5	4	0	0	5	2	18	20	2	1
19	0	0	5	4	0	0	5	3	18	30	2	1
20	0	0	5	4	0	0	5	4	18	30	2	1
21	0	0	5	4	0	0	6	7	18	30	1	1
22	0	0	5	4	0	0	6	0	18	50	4	1
23	0	0	5	4	0	0	6	1	18	24	3	1
24	0	0	5	4	0	0	6	2	18	20	2	1
25	0	0	5	4	0	0	6	3	18	30	2	1
26	0	0	5	4	0	0	6	4	18	30	2	1
27	0	0	5	4	0	0	6	5	18	30	2	1
28	1	0	7	6	0	0	0	7	30	54	5	1
29	1	0	7	6	0	0	1	7	30	20	3	1
30	1	0	7	6	0	0	1	0	30	28	8	1
31	1	0	7	6	0	0	2	7	30	30	2	1
32	1	0	7	6	0	0	2	0	30	54	7	1
33	1	0	7	6	0	0	2	1	30	20	5	1
34	1	0	7	6	0	0	3	7	30	50	1	1
35	1	0	7	6	0	0	3	0	30	90	6	1
36	1	0	7	6	0	0	3	1	30	40	4	1
37	1	0	7	6	0	0	3	2	30	36	3	1
38	1	0	7	6	0	0	4	7	30	50	1	1
39	1	0	7	6	0	0	4	0	30	90	6	1
40	1	0	7	6	0	0	4	1	30	40	4	1
41	1	0	7	6	0	0	4	2	30	36	3	1
42	1	0	7	6	0	0	4	3	30	50	2	1
43	1	0	7	6	0	0	5	7	30	50	1	1
44	1	0	7	6	0	0	5	0	30	90	6	1
45	1	0	7	6	0	0	5	1	30	40	4	1
46	1	0	7	6	0	0	5	2	30	36	3	1
47	1	0	7	6	0	0	5	3	30	50	2	1
48	1	0	7	6	0	0	5	4	30	50	2	1
49	1	0	7	6	0	0	6	7	30	50	1	1
50	1	0	7	6	0	0	6	0	30	90	6	1
51	1	0	7	6	0	0	6	1	30	40	4	1
52	1	0	7	6	0	0	6	2	30	36	3	1
53	1	0	7	6	0	0	6	3	30	50	2	1
54	1	0	7	6	0	0	6	4	30	50	2	1
55	1	0	7	6	0	0	6	5	30	50	2	1
56	2	0	9	8	0	0	0	7	70	130	7	1
57	2	0	9	8	0	0	1	7	70	56	4	1
58	2	0	9	8	0	0	1	0	70	68	11	1
59	2	0	9	8	0	0	2	7	70	48	2	1
60	2	0	9	8	0	0	2	0	70	84	9	1
61	2	0	9	8	0	0	2	1	70	34	6	1
62	2	0	9	8	0	0	3	7	70	70	1	1
63	2	0	9	8	0	0	3	0	70	130	8	1
64	2	0	9	8	0	0	3	1	70	56	5	1
65	2	0	9	8	0	0	3	2	70	48	3	1
66	2	0	9	8	0	0	4	7	70	98	1	1
67	2	0	9	8	0	0	4	0	70	182	8	1
68	2	0	9	8	0	0	4	1	70	84	5	1
69	2	0	9	8	0	0	4	2	70	60	3	1
70	2	0	9	8	0	0	4	3	70	72	2	1
71	2	0	9	8	0	0	5	7	70	98	1	1
72	2	0	9	8	0	0	5	0	70	182	8	1
73	2	0	9	8	0	0	5	1	70	84	5	1
74	2	0	9	8	0	0	5	2	70	60	3	1
75	2	0	9	8	0	0	5	3	70	72	2	1
76	2	0	9	8	0	0	5	4	70	98	2	1
77	2	0	9	8	0	0	6	7	70	98	1	1
78	2	0	9	8	0	0	6	0	70	182	8	1
79	2	0	9	8	0	0	6	1	70	84	5	1
80	2	0	9	8	0	0	6	2	70	60	3	1
81	2	0	9	8	0	0	6	3	70	72	2	1
82	2	0	9	8	0	0	6	4	70	98	2	1
83	2	0	9	8	0	0	6	5	70	98	2	1
84	3	0	11	10	0	0	0	7	90	170	9	1
85	3	0	11	10	0	0	1	7	90	72	5	1
86	3	0	11	10	0	0	1	0	90	88	14	1
87	3	0	11	10	0	0	2	7	90	64	3	1
88	3	0	11	10	0	0	2	0	90	112	12	1
89	3	0	11	10	0	0	2	1	90	46	8	1
90	3	0	11	10	0	0	3	7	90	90	2	1
91	3	0	11	10	0	0	3	0	90	170	11	1
92	3	0	11	10	0	0	3	1	90	72	7	1
93	3	0	11	10	0	0	3	2	90	64	5	1
94	3	0	11	10	0	0	4	7	90	126	1	1
95	3	0	11	10	0	0	4	0	90	238	10	1
96	3	0	11	10	0	0	4	1	90	108	6	1
97	3	0	11	10	0	0	4	2	90	84	4	1
98	3	0	11	10	0	0	4	3	90	96	3	1
99	3	0	11	10	0	0	5	7	90	126	1	1
100	3	0	11	10	0	0	5	0	90	238	10	1
101	3	0	11	10	0	0	5	1	90	108	6	1
102	3	0	11	10	0	0	5	2	90	84	4	1
103	3	0	11	10	0	0	5	3	90	96	3	1
104	3	0	11	10	0	0	5	4	90	126	2	1
105	3	0	11	10	0	0	6	7	90	126	1	1
106	3	0	11	10	0	0	6	0	90	238	10	1
107	3	0	11	10	0	0	6	1	90	108	6	1
108	3	0	11	10	0	0	6	2	90	84	4	1
109	3	0	11	10	0	0	6	3	90	96	3	1
110	3	0	11	10	0	0	6	4	90	126	2	1
111	3	0	11	10	0	0	6	5	90	126	2	1
112	4	0	13	12	0	0	0	7	110	210	11	1
113	4	0	13	12	0	0	1	7	110	88	6	1
114	4	0	13	12	0	0	1	0	110	108	17	1
115	4	0	13	12	0	0	2	7	110	76	3	1
116	4	0	13	12	0	0	2	0	110	136	14	1
117	4	0	13	12	0	0	2	1	110	54	9	1
118	4	0	13	12	0	0	3	7	110	110	2	1
119	4	0	13	12	0	0	3	0	110	210	13	1
120	4	0	13	12	0	0	3	1	110	88	8	1
121	4	0	13	12	0	0	3	2	110	76	5	1
122	4	0	13	12	0	0	4	7	110	154	1	1
123	4	0	13	12	0	0	4	0	110	294	12	1
124	4	0	13	12	0	0	4	1	110	132	7	1
125	4	0	13	12	0	0	4	2	110	96	4	1
126	4	0	13	12	0	0	4	3	110	116	3	1
127	4	0	13	12	0	0	5	7	110	154	1	1
128	4	0	13	12	0	0	5	0	110	294	12	1
129	4	0	13	12	0	0	5	1	110	132	7	1
130	4	0	13	12	0	0	5	2	110	96	4	1
131	4	0	13	12	0	0	5	3	110	116	3	1
132	4	0	13	12	0	0	5	4	110	154	2	1
133	4	0	13	12	0	0	6	7	110	154	1	1
134	4	0	13	12	0	0	6	0	110	294	12	1
135	4	0	13	12	0	0	6	1	110	132	7	1
136	4	0	13	12	0	0	6	2	110	96	4	1
137	4	0	13	12	0	0	6	3	110	116	3	1
138	4	0	13	12	0	0	6	4	110	154	2	1
139	4	0	13	12	0	0	6	5	110	154	2	1
140	5	0	15	14	0	0	0	7	130	250	13	1
141	5	0	15	14	0	0	1	7	130	104	7	1
142	5	0	15	14	0	0	1	0	130	128	20	1
143	5	0	15	14	0	0	2	7	130	92	4	1
144	5	0	15	14	0	0	2	0	130	164	17	1
145	5	0	15	14	0	0	2	1	130	66	11	1
146	5	0	15	14	0	0	3	7	130	130	2	1
147	5	0	15	14	0	0	3	0	130	250	15	1
148	5	0	15	14	0	0	3	1	130	104	9	1
149	5	0	15	14	0	0	3	2	130	92	6	1
150	5	0	15	14	0	0	4	7	130	182	1	1
151	5	0	15	14	0	0	4	0	130	350	14	1
152	5	0	15	14	0	0	4	1	130	156	8	1
153	5	0	15	14	0	0	4	2	130	120	5	1
154	5	0	15	14	0	0	4	3	130	136	3	1
155	5	0	15	14	0	0	5	7	130	182	1	1
156	5	0	15	14	0	0	5	0	130	350	14	1
157	5	0	15	14	0	0	5	1	130	156	8	1
158	5	0	15	14	0	0	5	2	130	120	5	1
159	5	0	15	14	0	0	5	3	130	136	3	1
160	5	0	15	14	0	0	5	4	130	182	2	1
161	5	0	15	14	0	0	6	7	130	182	1	1
162	5	0	15	14	0	0	6	0	130	350	14	1
163	5	0	15	14	0	0	6	1	130	156	8	1
164	5	0	15	14	0	0	6	2	130	120	5	1
165	5	0	15	14	0	0	6	3	130	136	3	1
166	5	0	15	14	0	0	6	4	130	182	2	1
167	5	0	15	14	0	0	6	5	130	182	2	1
168	6	0	17	16	0	0	0	7	210	406	15	1
169	6	0	17	16	0	0	1	7	210	180	8	1
170	6	0	17	16	0	0	1	0	210	208	23	1
171	6	0	17	16	0	0	2	7	210	132	4	1
172	6	0	17	16	0	0	2	0	210	216	19	1
173	6	0	17	16	0	0	2	1	210	102	12	1
174	6	0	17	16	0	0	3	7	210	156	2	1
175	6	0	17	16	0	0	3	0	210	296	17	1
176	6	0	17	16	0	0	3	1	210	126	10	1
177	6	0	17	16	0	0	3	2	210	110	6	1
178	6	0	17	16	0	0	4	7	210	210	1	1
179	6	0	17	16	0	0	4	0	210	406	16	1
180	6	0	17	16	0	0	4	1	210	180	9	1
181	6	0	17	16	0	0	4	2	210	132	5	1
182	6	0	17	16	0	0	4	3	210	156	3	1
183	6	0	17	16	0	0	5	7	210	270	1	1
184	6	0	17	16	0	0	5	0	210	522	16	1
185	6	0	17	16	0	0	5	1	210	240	9	1
186	6	0	17	16	0	0	5	2	210	160	5	1
187	6	0	17	16	0	0	5	3	210	168	3	1
188	6	0	17	16	0	0	5	4	210	212	2	1
189	6	0	17	16	0	0	6	7	210	270	1	1
190	6	0	17	16	0	0	6	0	210	522	16	1
191	6	0	17	16	0	0	6	1	210	240	9	1
192	6	0	17	16	0	0	6	2	210	160	5	1
193	6	0	17	16	0	0	6	3	210	168	3	1
194	6	0	17	16	0	0	6	4	210	212	2	1
195	6	0	17	16	0	0	6	5	210	270	2	1
196	7	0	19	18	0	0	0	7	238	462	17	1
197	7	0	19	18	0	0	1	7	238	204	9	1
198	7	0	19	18	0	0	1	0	238	236	26	1
199	7	0	19	18	0	0	2	7	238	156	5	1
200	7	0	19	18	0	0	2	0	238	252	22	1
201	7	0	19	18	0	0	2	1	238	122	14	1
202	7	0	19	18	0	0	3	7	238	180	3	1
203	7	0	19	18	0	0	3	0	238	340	20	1
204	7	0	19	18	0	0	3	1	238	146	12	1
205	7	0	19	18	0	0	3	2	238	130	8	1
206	7	0	19	18	0	0	4	7	238	238	2	1
207	7	0	19	18	0	0	4	0	238	462	19	1
208	7	0	19	18	0	0	4	1	238	204	11	1
209	7	0	19	18	0	0	4	2	238	156	7	1
210	7	0	19	18	0	0	4	3	238	180	5	1
211	7	0	19	18	0	0	5	7	238	306	1	1
212	7	0	19	18	0	0	5	0	238	594	18	1
213	7	0	19	18	0	0	5	1	238	272	10	1
214	7	0	19	18	0	0	5	2	238	192	6	1
215	7	0	19	18	0	0	5	3	238	200	4	1
216	7	0	19	18	0	0	5	4	238	244	3	1
217	7	0	19	18	0	0	6	7	238	306	1	1
218	7	0	19	18	0	0	6	0	238	594	18	1
219	7	0	19	18	0	0	6	1	238	272	10	1
220	7	0	19	18	0	0	6	2	238	192	6	1
221	7	0	19	18	0	0	6	3	238	200	4	1
222	7	0	19	18	0	0	6	4	238	244	3	1
223	7	0	19	18	0	0	6	5	238	306	2	1
224	8	0	21	20	0	0	0	7	266	518	19	1
225	8	0	21	20	0	0	1	7	266	228	10	1
226	8	0	21	20	0	0	1	0	266	264	29	1
227	8	0	21	20	0	0	2	7	266	168	5	1
228	8	0	21	20	0	0	2	0	266	276	24	1
229	8	0	21	20	0	0	2	1	266	130	15	1
230	8	0	21	20	0	0	3	7	266	200	3	1
231	8	0	21	20	0	0	3	0	266	380	22	1
232	8	0	21	20	0	0	3	1	266	162	13	1
233	8	0	21	20	0	0	3	2	266	142	8	1
234	8	0	21	20	0	0	4	7	266	266	2	1
235	8	0	21	20	0	0	4	0	266	518	21	1
236	8	0	21	20	0	0	4	1	266	228	12	1
237	8	0	21	20	0	0	4	2	266	168	7	1
238	8	0	21	20	0	0	4	3	266	200	5	1
239	8	0	21	20	0	0	5	7	266	342	1	1
240	8	0	21	20	0	0	5	0	266	666	20	1
241	8	0	21	20	0	0	5	1	266	304	11	1
242	8	0	21	20	0	0	5	2	266	204	6	1
243	8	0	21	20	0	0	5	3	266	220	4	1
244	8	0	21	20	0	0	5	4	266	272	3	1
245	8	0	21	20	0	0	6	7	266	342	1	1
246	8	0	21	20	0	0	6	0	266	666	20	1
247	8	0	21	20	0	0	6	1	266	304	11	1
248	8	0	21	20	0	0	6	2	266	204	6	1
249	8	0	21	20	0	0	6	3	266	220	4	1
250	8	0	21	20	0	0	6	4	266	272	3	1
251	8	0	21	20	0	0	6	5	266	342	2	1
252	9	0	23	22	0	0	0	7	294	574	21	1
253	9	0	23	22	0	0	1	7	294	252	11	1
254	9	0	23	22	0	0	1	0	294	292	32	1
255	9	0	23	22	0	0	2	7	294	192	6	1
256	9	0	23	22	0	0	2	0	294	312	27	1
257	9	0	23	22	0	0	2	1	294	150	17	1
258	9	0	23	22	0	0	3	7	294	220	3	1
259	9	0	23	22	0	0	3	0	294	420	24	1
260	9	0	23	22	0	0	3	1	294	178	14	1
261	9	0	23	22	0	0	3	2	294	158	9	1
262	9	0	23	22	0	0	4	7	294	294	2	1
263	9	0	23	22	0	0	4	0	294	574	23	1
264	9	0	23	22	0	0	4	1	294	252	13	1
265	9	0	23	22	0	0	4	2	294	192	8	1
266	9	0	23	22	0	0	4	3	294	220	5	1
267	9	0	23	22	0	0	5	7	294	378	1	1
268	9	0	23	22	0	0	5	0	294	738	22	1
269	9	0	23	22	0	0	5	1	294	336	12	1
270	9	0	23	22	0	0	5	2	294	236	7	1
271	9	0	23	22	0	0	5	3	294	240	4	1
272	9	0	23	22	0	0	5	4	294	300	3	1
273	9	0	23	22	0	0	6	7	294	378	1	1
274	9	0	23	22	0	0	6	0	294	738	22	1
275	9	0	23	22	0	0	6	1	294	336	12	1
276	9	0	23	22	0	0	6	2	294	236	7	1
277	9	0	23	22	0	0	6	3	294	240	4	1
278	9	0	23	22	0	0	6	4	294	300	3	1
279	9	0	23	22	0	0	6	5	294	378	2	1
280	10	0	25	24	0	0	0	7	322	630	23	1
281	10	0	25	24	0	0	1	7	322	276	12	1
282	10	0	25	24	0	0	1	0	322	320	35	1
283	10	0	25	24	0	0	2	7	322	204	6	1
284	10	0	25	24	0	0	2	0	322	336	29	1
285	10	0	25	24	0	0	2	1	322	158	18	1
286	10	0	25	24	0	0	3	7	322	240	3	1
287	10	0	25	24	0	0	3	0	322	460	26	1
288	10	0	25	24	0	0	3	1	322	194	15	1
289	10	0	25	24	0	0	3	2	322	170	9	1
290	10	0	25	24	0	0	4	7	322	322	2	1
291	10	0	25	24	0	0	4	0	322	630	25	1
292	10	0	25	24	0	0	4	1	322	276	14	1
293	10	0	25	24	0	0	4	2	322	204	8	1
294	10	0	25	24	0	0	4	3	322	240	5	1
295	10	0	25	24	0	0	5	7	322	414	1	1
296	10	0	25	24	0	0	5	0	322	810	24	1
297	10	0	25	24	0	0	5	1	322	368	13	1
298	10	0	25	24	0	0	5	2	322	248	7	1
299	10	0	25	24	0	0	5	3	322	260	4	1
300	10	0	25	24	0	0	5	4	322	328	3	1
301	10	0	25	24	0	0	6	7	322	414	1	1
302	10	0	25	24	0	0	6	0	322	810	24	1
303	10	0	25	24	0	0	6	1	322	368	13	1
304	10	0	25	24	0	0	6	2	322	248	7	1
305	10	0	25	24	0	0	6	3	322	260	4	1
306	10	0	25	24	0	0	6	4	322	328	3	1
307	10	0	25	24	0	0	6	5	322	414	2	1
308	11	0	27	26	0	0	0	7	350	686	25	1
309	11	0	27	26	0	0	1	7	350	300	13	1
310	11	0	27	26	0	0	1	0	350	348	38	1
311	11	0	27	26	0	0	2	7	350	228	7	1
312	11	0	27	26	0	0	2	0	350	372	32	1
313	11	0	27	26	0	0	2	1	350	178	20	1
314	11	0	27	26	0	0	3	7	350	264	4	1
315	11	0	27	26	0	0	3	0	350	504	29	1
316	11	0	27	26	0	0	3	1	350	214	17	1
317	11	0	27	26	0	0	3	2	350	190	11	1
318	11	0	27	26	0	0	4	7	350	350	2	1
319	11	0	27	26	0	0	4	0	350	686	27	1
320	11	0	27	26	0	0	4	1	350	300	15	1
321	11	0	27	26	0	0	4	2	350	228	9	1
322	11	0	27	26	0	0	4	3	350	264	6	1
323	11	0	27	26	0	0	5	7	350	450	1	1
324	11	0	27	26	0	0	5	0	350	882	26	1
325	11	0	27	26	0	0	5	1	350	400	14	1
326	11	0	27	26	0	0	5	2	350	280	8	1
327	11	0	27	26	0	0	5	3	350	292	5	1
328	11	0	27	26	0	0	5	4	350	356	3	1
329	11	0	27	26	0	0	6	7	350	450	1	1
330	11	0	27	26	0	0	6	0	350	882	26	1
331	11	0	27	26	0	0	6	1	350	400	14	1
332	11	0	27	26	0	0	6	2	350	280	8	1
333	11	0	27	26	0	0	6	3	350	292	5	1
334	11	0	27	26	0	0	6	4	350	356	3	1
335	11	0	27	26	0	0	6	5	350	450	2	1
336	12	0	29	28	0	0	0	7	378	742	27	1
337	12	0	29	28	0	0	1	7	378	324	14	1
338	12	0	29	28	0	0	1	0	378	376	41	1
339	12	0	29	28	0	0	2	7	378	240	7	1
340	12	0	29	28	0	0	2	0	378	396	34	1
341	12	0	29	28	0	0	2	1	378	186	21	1
342	12	0	29	28	0	0	3	7	378	284	4	1
343	12	0	29	28	0	0	3	0	378	544	31	1
344	12	0	29	28	0	0	3	1	378	230	18	1
345	12	0	29	28	0	0	3	2	378	202	11	1
346	12	0	29	28	0	0	4	7	378	378	2	1
347	12	0	29	28	0	0	4	0	378	742	29	1
348	12	0	29	28	0	0	4	1	378	324	16	1
349	12	0	29	28	0	0	4	2	378	240	9	1
350	12	0	29	28	0	0	4	3	378	284	6	1
351	12	0	29	28	0	0	5	7	378	486	1	1
352	12	0	29	28	0	0	5	0	378	954	28	1
353	12	0	29	28	0	0	5	1	378	432	15	1
354	12	0	29	28	0	0	5	2	378	292	8	1
355	12	0	29	28	0	0	5	3	378	312	5	1
356	12	0	29	28	0	0	5	4	378	384	3	1
357	12	0	29	28	0	0	6	7	378	486	1	1
358	12	0	29	28	0	0	6	0	378	954	28	1
359	12	0	29	28	0	0	6	1	378	432	15	1
360	12	0	29	28	0	0	6	2	378	292	8	1
361	12	0	29	28	0	0	6	3	378	312	5	1
362	12	0	29	28	0	0	6	4	378	384	3	1
363	12	0	29	28	0	0	6	5	378	486	2	1
364	13	0	31	30	0	0	0	7	406	798	29	1
365	13	0	31	30	0	0	1	7	406	348	15	1
366	13	0	31	30	0	0	1	0	406	404	44	1
367	13	0	31	30	0	0	2	7	406	264	8	1
368	13	0	31	30	0	0	2	0	406	432	37	1
369	13	0	31	30	0	0	2	1	406	206	23	1
370	13	0	31	30	0	0	3	7	406	304	4	1
371	13	0	31	30	0	0	3	0	406	584	33	1
372	13	0	31	30	0	0	3	1	406	246	19	1
373	13	0	31	30	0	0	3	2	406	218	12	1
374	13	0	31	30	0	0	4	7	406	406	2	1
375	13	0	31	30	0	0	4	0	406	798	31	1
376	13	0	31	30	0	0	4	1	406	348	17	1
377	13	0	31	30	0	0	4	2	406	264	10	1
378	13	0	31	30	0	0	4	3	406	304	6	1
379	13	0	31	30	0	0	5	7	406	522	1	1
380	13	0	31	30	0	0	5	0	406	1026	30	1
381	13	0	31	30	0	0	5	1	406	464	16	1
382	13	0	31	30	0	0	5	2	406	324	9	1
383	13	0	31	30	0	0	5	3	406	332	5	1
384	13	0	31	30	0	0	5	4	406	412	3	1
385	13	0	31	30	0	0	6	7	406	522	1	1
386	13	0	31	30	0	0	6	0	406	1026	30	1
387	13	0	31	30	0	0	6	1	406	464	16	1
388	13	0	31	30	0	0	6	2	406	324	9	1
389	13	0	31	30	0	0	6	3	406	332	5	1
390	13	0	31	30	0	0	6	4	406	412	3	1
391	13	0	31	30	0	0	6	5	406	522	2	1
392	14	0	33	32	0	0	0	7	558	1098	31	1
393	14	0	33	32	0	0	1	7	558	496	16	1
394	14	0	33	32	0	0	1	0	558	556	47	1
395	14	0	33	32	0	0	2	7	558	336	8	1
396	14	0	33	32	0	0	2	0	558	516	39	1
397	14	0	33	32	0	0	2	1	558	274	24	1
398	14	0	33	32	0	0	3	7	558	352	4	1
399	14	0	33	32	0	0	3	0	558	652	35	1
400	14	0	33	32	0	0	3	1	558	290	20	1
401	14	0	33	32	0	0	3	2	558	258	12	1
402	14	0	33	32	0	0	4	7	558	440	2	1
403	14	0	33	32	0	0	4	0	558	860	33	1
404	14	0	33	32	0	0	4	1	558	378	18	1
405	14	0	33	32	0	0	4	2	558	282	10	1
406	14	0	33	32	0	0	4	3	558	330	6	1
407	14	0	33	32	0	0	5	7	558	558	1	1
408	14	0	33	32	0	0	5	0	558	1098	32	1
409	14	0	33	32	0	0	5	1	558	496	17	1
410	14	0	33	32	0	0	5	2	558	336	9	1
411	14	0	33	32	0	0	5	3	558	352	5	1
412	14	0	33	32	0	0	5	4	558	440	3	1
413	14	0	33	32	0	0	6	7	558	682	1	1
414	14	0	33	32	0	0	6	0	558	1342	32	1
415	14	0	33	32	0	0	6	1	558	620	17	1
416	14	0	33	32	0	0	6	2	558	396	9	1
417	14	0	33	32	0	0	6	3	558	380	5	1
418	14	0	33	32	0	0	6	4	558	452	3	1
419	14	0	33	32	0	0	6	5	558	560	2	1
420	15	0	35	34	0	0	0	7	594	1170	33	1
421	15	0	35	34	0	0	1	7	594	528	17	1
422	15	0	35	34	0	0	1	0	594	592	50	1
423	15	0	35	34	0	0	2	7	594	368	9	1
424	15	0	35	34	0	0	2	0	594	560	42	1
425	15	0	35	34	0	0	2	1	594	302	26	1
426	15	0	35	34	0	0	3	7	594	384	5	1
427	15	0	35	34	0	0	3	0	594	704	38	1
428	15	0	35	34	0	0	3	1	594	318	22	1
429	15	0	35	34	0	0	3	2	594	286	14	1
430	15	0	35	34	0	0	4	7	594	472	3	1
431	15	0	35	34	0	0	4	0	594	920	36	1
432	15	0	35	34	0	0	4	1	594	406	20	1
433	15	0	35	34	0	0	4	2	594	310	12	1
434	15	0	35	34	0	0	4	3	594	358	8	1
435	15	0	35	34	0	0	5	7	594	594	2	1
436	15	0	35	34	0	0	5	0	594	1170	35	1
437	15	0	35	34	0	0	5	1	594	528	19	1
438	15	0	35	34	0	0	5	2	594	368	11	1
439	15	0	35	34	0	0	5	3	594	384	7	1
440	15	0	35	34	0	0	5	4	594	472	5	1
441	15	0	35	34	0	0	6	7	594	726	1	1
442	15	0	35	34	0	0	6	0	594	1430	34	1
443	15	0	35	34	0	0	6	1	594	660	18	1
444	15	0	35	34	0	0	6	2	594	436	10	1
445	15	0	35	34	0	0	6	3	594	420	6	1
446	15	0	35	34	0	0	6	4	594	492	4	1
447	15	0	35	34	0	0	6	5	594	600	3	1
448	16	0	37	36	0	0	0	7	630	1242	35	1
449	16	0	37	36	0	0	1	7	630	560	18	1
450	16	0	37	36	0	0	1	0	630	628	53	1
451	16	0	37	36	0	0	2	7	630	380	9	1
452	16	0	37	36	0	0	2	0	630	584	44	1
453	16	0	37	36	0	0	2	1	630	310	27	1
454	16	0	37	36	0	0	3	7	630	404	5	1
455	16	0	37	36	0	0	3	0	630	744	40	1
456	16	0	37	36	0	0	3	1	630	334	23	1
457	16	0	37	36	0	0	3	2	630	298	14	1
458	16	0	37	36	0	0	4	7	630	500	3	1
459	16	0	37	36	0	0	4	0	630	976	38	1
460	16	0	37	36	0	0	4	1	630	430	21	1
461	16	0	37	36	0	0	4	2	630	322	12	1
462	16	0	37	36	0	0	4	3	630	378	8	1
463	16	0	37	36	0	0	5	7	630	630	2	1
464	16	0	37	36	0	0	5	0	630	1242	37	1
465	16	0	37	36	0	0	5	1	630	560	20	1
466	16	0	37	36	0	0	5	2	630	380	11	1
467	16	0	37	36	0	0	5	3	630	404	7	1
468	16	0	37	36	0	0	5	4	630	500	5	1
469	16	0	37	36	0	0	6	7	630	770	1	1
470	16	0	37	36	0	0	6	0	630	1518	36	1
471	16	0	37	36	0	0	6	1	630	700	19	1
472	16	0	37	36	0	0	6	2	630	448	10	1
473	16	0	37	36	0	0	6	3	630	440	6	1
474	16	0	37	36	0	0	6	4	630	520	4	1
475	16	0	37	36	0	0	6	5	630	636	3	1
476	17	0	39	38	0	0	0	7	666	1314	37	1
477	17	0	39	38	0	0	1	7	666	592	19	1
478	17	0	39	38	0	0	1	0	666	664	56	1
479	17	0	39	38	0	0	2	7	666	412	10	1
480	17	0	39	38	0	0	2	0	666	628	47	1
481	17	0	39	38	0	0	2	1	666	338	29	1
482	17	0	39	38	0	0	3	7	666	424	5	1
483	17	0	39	38	0	0	3	0	666	784	42	1
484	17	0	39	38	0	0	3	1	666	350	24	1
485	17	0	39	38	0	0	3	2	666	314	15	1
486	17	0	39	38	0	0	4	7	666	528	3	1
487	17	0	39	38	0	0	4	0	666	1032	40	1
488	17	0	39	38	0	0	4	1	666	454	22	1
489	17	0	39	38	0	0	4	2	666	346	13	1
490	17	0	39	38	0	0	4	3	666	398	8	1
491	17	0	39	38	0	0	5	7	666	666	2	1
492	17	0	39	38	0	0	5	0	666	1314	39	1
493	17	0	39	38	0	0	5	1	666	592	21	1
494	17	0	39	38	0	0	5	2	666	412	12	1
495	17	0	39	38	0	0	5	3	666	424	7	1
496	17	0	39	38	0	0	5	4	666	528	5	1
497	17	0	39	38	0	0	6	7	666	814	1	1
498	17	0	39	38	0	0	6	0	666	1606	38	1
499	17	0	39	38	0	0	6	1	666	740	20	1
500	17	0	39	38	0	0	6	2	666	488	11	1
501	17	0	39	38	0	0	6	3	666	460	6	1
502	17	0	39	38	0	0	6	4	666	548	4	1
503	17	0	39	38	0	0	6	5	666	672	3	1
504	18	0	41	40	0	0	0	7	702	1386	39	1
505	18	0	41	40	0	0	1	7	702	624	20	1
506	18	0	41	40	0	0	1	0	702	700	59	1
507	18	0	41	40	0	0	2	7	702	424	10	1
508	18	0	41	40	0	0	2	0	702	652	49	1
509	18	0	41	40	0	0	2	1	702	346	30	1
510	18	0	41	40	0	0	3	7	702	444	5	1
511	18	0	41	40	0	0	3	0	702	824	44	1
512	18	0	41	40	0	0	3	1	702	366	25	1
513	18	0	41	40	0	0	3	2	702	326	15	1
514	18	0	41	40	0	0	4	7	702	556	3	1
515	18	0	41	40	0	0	4	0	702	1088	42	1
516	18	0	41	40	0	0	4	1	702	478	23	1
517	18	0	41	40	0	0	4	2	702	358	13	1
518	18	0	41	40	0	0	4	3	702	418	8	1
519	18	0	41	40	0	0	5	7	702	702	2	1
520	18	0	41	40	0	0	5	0	702	1386	41	1
521	18	0	41	40	0	0	5	1	702	624	22	1
522	18	0	41	40	0	0	5	2	702	424	12	1
523	18	0	41	40	0	0	5	3	702	444	7	1
524	18	0	41	40	0	0	5	4	702	556	5	1
525	18	0	41	40	0	0	6	7	702	858	1	1
526	18	0	41	40	0	0	6	0	702	1694	40	1
527	18	0	41	40	0	0	6	1	702	780	21	1
528	18	0	41	40	0	0	6	2	702	500	11	1
529	18	0	41	40	0	0	6	3	702	480	6	1
530	18	0	41	40	0	0	6	4	702	576	4	1
531	18	0	41	40	0	0	6	5	702	708	3	1
532	19	0	43	42	0	0	0	7	738	1458	41	1
533	19	0	43	42	0	0	1	7	738	656	21	1
534	19	0	43	42	0	0	1	0	738	736	62	1
535	19	0	43	42	0	0	2	7	738	456	11	1
536	19	0	43	42	0	0	2	0	738	696	52	1
537	19	0	43	42	0	0	2	1	738	374	32	1
538	19	0	43	42	0	0	3	7	738	476	6	1
539	19	0	43	42	0	0	3	0	738	876	47	1
540	19	0	43	42	0	0	3	1	738	394	27	1
541	19	0	43	42	0	0	3	2	738	354	17	1
542	19	0	43	42	0	0	4	7	738	584	3	1
543	19	0	43	42	0	0	4	0	738	1144	44	1
544	19	0	43	42	0	0	4	1	738	502	24	1
545	19	0	43	42	0	0	4	2	738	382	14	1
546	19	0	43	42	0	0	4	3	738	442	9	1
547	19	0	43	42	0	0	5	7	738	738	2	1
548	19	0	43	42	0	0	5	0	738	1458	43	1
549	19	0	43	42	0	0	5	1	738	656	23	1
550	19	0	43	42	0	0	5	2	738	456	13	1
551	19	0	43	42	0	0	5	3	738	476	8	1
552	19	0	43	42	0	0	5	4	738	584	5	1
553	19	0	43	42	0	0	6	7	738	902	1	1
554	19	0	43	42	0	0	6	0	738	1782	42	1
555	19	0	43	42	0	0	6	1	738	820	22	1
556	19	0	43	42	0	0	6	2	738	540	12	1
557	19	0	43	42	0	0	6	3	738	520	7	1
558	19	0	43	42	0	0	6	4	738	604	4	1
559	19	0	43	42	0	0	6	5	738	744	3	1
560	20	0	45	44	0	0	0	7	774	1530	43	1
561	20	0	45	44	0	0	1	7	774	688	22	1
562	20	0	45	44	0	0	1	0	774	772	65	1
563	20	0	45	44	0	0	2	7	774	468	11	1
564	20	0	45	44	0	0	2	0	774	720	54	1
565	20	0	45	44	0	0	2	1	774	382	33	1
566	20	0	45	44	0	0	3	7	774	496	6	1
567	20	0	45	44	0	0	3	0	774	916	49	1
568	20	0	45	44	0	0	3	1	774	410	28	1
569	20	0	45	44	0	0	3	2	774	366	17	1
570	20	0	45	44	0	0	4	7	774	612	3	1
571	20	0	45	44	0	0	4	0	774	1200	46	1
572	20	0	45	44	0	0	4	1	774	526	25	1
573	20	0	45	44	0	0	4	2	774	394	14	1
574	20	0	45	44	0	0	4	3	774	462	9	1
575	20	0	45	44	0	0	5	7	774	774	2	1
576	20	0	45	44	0	0	5	0	774	1530	45	1
577	20	0	45	44	0	0	5	1	774	688	24	1
578	20	0	45	44	0	0	5	2	774	468	13	1
579	20	0	45	44	0	0	5	3	774	496	8	1
580	20	0	45	44	0	0	5	4	774	612	5	1
581	20	0	45	44	0	0	6	7	774	946	1	1
582	20	0	45	44	0	0	6	0	774	1870	44	1
583	20	0	45	44	0	0	6	1	774	860	23	1
584	20	0	45	44	0	0	6	2	774	552	12	1
585	20	0	45	44	0	0	6	3	774	540	7	1
586	20	0	45	44	0	0	6	4	774	632	4	1
587	20	0	45	44	0	0	6	5	774	780	3	1
588	21	0	47	46	0	0	0	7	810	1602	45	1
589	21	0	47	46	0	0	1	7	810	720	23	1
590	21	0	47	46	0	0	1	0	810	808	68	1
591	21	0	47	46	0	0	2	7	810	500	12	1
592	21	0	47	46	0	0	2	0	810	764	57	1
593	21	0	47	46	0	0	2	1	810	410	35	1
594	21	0	47	46	0	0	3	7	810	516	6	1
595	21	0	47	46	0	0	3	0	810	956	51	1
596	21	0	47	46	0	0	3	1	810	426	29	1
597	21	0	47	46	0	0	3	2	810	382	18	1
598	21	0	47	46	0	0	4	7	810	640	3	1
599	21	0	47	46	0	0	4	0	810	1256	48	1
600	21	0	47	46	0	0	4	1	810	550	26	1
601	21	0	47	46	0	0	4	2	810	418	15	1
602	21	0	47	46	0	0	4	3	810	482	9	1
603	21	0	47	46	0	0	5	7	810	810	2	1
604	21	0	47	46	0	0	5	0	810	1602	47	1
605	21	0	47	46	0	0	5	1	810	720	25	1
606	21	0	47	46	0	0	5	2	810	500	14	1
607	21	0	47	46	0	0	5	3	810	516	8	1
608	21	0	47	46	0	0	5	4	810	640	5	1
609	21	0	47	46	0	0	6	7	810	990	1	1
610	21	0	47	46	0	0	6	0	810	1958	46	1
611	21	0	47	46	0	0	6	1	810	900	24	1
612	21	0	47	46	0	0	6	2	810	592	13	1
613	21	0	47	46	0	0	6	3	810	560	7	1
614	21	0	47	46	0	0	6	4	810	660	4	1
615	21	0	47	46	0	0	6	5	810	816	3	1
616	22	0	49	48	0	0	0	7	846	1674	47	1
617	22	0	49	48	0	0	1	7	846	752	24	1
618	22	0	49	48	0	0	1	0	846	844	71	1
619	22	0	49	48	0	0	2	7	846	512	12	1
620	22	0	49	48	0	0	2	0	846	788	59	1
621	22	0	49	48	0	0	2	1	846	418	36	1
622	22	0	49	48	0	0	3	7	846	536	6	1
623	22	0	49	48	0	0	3	0	846	996	53	1
624	22	0	49	48	0	0	3	1	846	442	30	1
625	22	0	49	48	0	0	3	2	846	394	18	1
626	22	0	49	48	0	0	4	7	846	668	3	1
627	22	0	49	48	0	0	4	0	846	1312	50	1
628	22	0	49	48	0	0	4	1	846	574	27	1
629	22	0	49	48	0	0	4	2	846	430	15	1
630	22	0	49	48	0	0	4	3	846	502	9	1
631	22	0	49	48	0	0	5	7	846	846	2	1
632	22	0	49	48	0	0	5	0	846	1674	49	1
633	22	0	49	48	0	0	5	1	846	752	26	1
634	22	0	49	48	0	0	5	2	846	512	14	1
635	22	0	49	48	0	0	5	3	846	536	8	1
636	22	0	49	48	0	0	5	4	846	668	5	1
637	22	0	49	48	0	0	6	7	846	1034	1	1
638	22	0	49	48	0	0	6	0	846	2046	48	1
639	22	0	49	48	0	0	6	1	846	940	25	1
640	22	0	49	48	0	0	6	2	846	604	13	1
641	22	0	49	48	0	0	6	3	846	580	7	1
642	22	0	49	48	0	0	6	4	846	688	4	1
643	22	0	49	48	0	0	6	5	846	852	3	1
644	23	0	51	50	0	0	0	7	882	1746	49	1
645	23	0	51	50	0	0	1	7	882	784	25	1
646	23	0	51	50	0	0	1	0	882	880	74	1
647	23	0	51	50	0	0	2	7	882	544	13	1
648	23	0	51	50	0	0	2	0	882	832	62	1
649	23	0	51	50	0	0	2	1	882	446	38	1
650	23	0	51	50	0	0	3	7	882	568	7	1
651	23	0	51	50	0	0	3	0	882	1048	56	1
652	23	0	51	50	0	0	3	1	882	470	32	1
653	23	0	51	50	0	0	3	2	882	422	20	1
654	23	0	51	50	0	0	4	7	882	700	4	1
655	23	0	51	50	0	0	4	0	882	1372	53	1
656	23	0	51	50	0	0	4	1	882	602	29	1
657	23	0	51	50	0	0	4	2	882	458	17	1
658	23	0	51	50	0	0	4	3	882	530	11	1
659	23	0	51	50	0	0	5	7	882	882	2	1
660	23	0	51	50	0	0	5	0	882	1746	51	1
661	23	0	51	50	0	0	5	1	882	784	27	1
662	23	0	51	50	0	0	5	2	882	544	15	1
663	23	0	51	50	0	0	5	3	882	568	9	1
664	23	0	51	50	0	0	5	4	882	700	6	1
665	23	0	51	50	0	0	6	7	882	1078	1	1
666	23	0	51	50	0	0	6	0	882	2134	50	1
667	23	0	51	50	0	0	6	1	882	980	26	1
668	23	0	51	50	0	0	6	2	882	644	14	1
669	23	0	51	50	0	0	6	3	882	620	8	1
670	23	0	51	50	0	0	6	4	882	728	5	1
671	23	0	51	50	0	0	6	5	882	888	3	1
672	24	0	53	52	0	0	0	7	918	1818	51	1
673	24	0	53	52	0	0	1	7	918	816	26	1
674	24	0	53	52	0	0	1	0	918	916	77	1
675	24	0	53	52	0	0	2	7	918	556	13	1
676	24	0	53	52	0	0	2	0	918	856	64	1
677	24	0	53	52	0	0	2	1	918	454	39	1
678	24	0	53	52	0	0	3	7	918	588	7	1
679	24	0	53	52	0	0	3	0	918	1088	58	1
680	24	0	53	52	0	0	3	1	918	486	33	1
681	24	0	53	52	0	0	3	2	918	434	20	1
682	24	0	53	52	0	0	4	7	918	728	4	1
683	24	0	53	52	0	0	4	0	918	1428	55	1
684	24	0	53	52	0	0	4	1	918	626	30	1
685	24	0	53	52	0	0	4	2	918	470	17	1
686	24	0	53	52	0	0	4	3	918	550	11	1
687	24	0	53	52	0	0	5	7	918	918	2	1
688	24	0	53	52	0	0	5	0	918	1818	53	1
689	24	0	53	52	0	0	5	1	918	816	28	1
690	24	0	53	52	0	0	5	2	918	556	15	1
691	24	0	53	52	0	0	5	3	918	588	9	1
692	24	0	53	52	0	0	5	4	918	728	6	1
693	24	0	53	52	0	0	6	7	918	1122	1	1
694	24	0	53	52	0	0	6	0	918	2222	52	1
695	24	0	53	52	0	0	6	1	918	1020	27	1
696	24	0	53	52	0	0	6	2	918	656	14	1
697	24	0	53	52	0	0	6	3	918	640	8	1
698	24	0	53	52	0	0	6	4	918	756	5	1
699	24	0	53	52	0	0	6	5	918	924	3	1
700	25	0	55	54	0	0	0	7	954	1890	53	1
701	25	0	55	54	0	0	1	7	954	848	27	1
702	25	0	55	54	0	0	1	0	954	952	80	1
703	25	0	55	54	0	0	2	7	954	588	14	1
704	25	0	55	54	0	0	2	0	954	900	67	1
705	25	0	55	54	0	0	2	1	954	482	41	1
706	25	0	55	54	0	0	3	7	954	608	7	1
707	25	0	55	54	0	0	3	0	954	1128	60	1
708	25	0	55	54	0	0	3	1	954	502	34	1
709	25	0	55	54	0	0	3	2	954	450	21	1
710	25	0	55	54	0	0	4	7	954	756	4	1
711	25	0	55	54	0	0	4	0	954	1484	57	1
712	25	0	55	54	0	0	4	1	954	650	31	1
713	25	0	55	54	0	0	4	2	954	494	18	1
714	25	0	55	54	0	0	4	3	954	570	11	1
715	25	0	55	54	0	0	5	7	954	954	2	1
716	25	0	55	54	0	0	5	0	954	1890	55	1
717	25	0	55	54	0	0	5	1	954	848	29	1
718	25	0	55	54	0	0	5	2	954	588	16	1
719	25	0	55	54	0	0	5	3	954	608	9	1
720	25	0	55	54	0	0	5	4	954	756	6	1
721	25	0	55	54	0	0	6	7	954	1166	1	1
722	25	0	55	54	0	0	6	0	954	2310	54	1
723	25	0	55	54	0	0	6	1	954	1060	28	1
724	25	0	55	54	0	0	6	2	954	696	15	1
725	25	0	55	54	0	0	6	3	954	660	8	1
726	25	0	55	54	0	0	6	4	954	784	5	1
727	25	0	55	54	0	0	6	5	954	960	3	1
728	26	0	57	56	0	0	0	7	990	1962	55	1
729	26	0	57	56	0	0	1	7	990	880	28	1
730	26	0	57	56	0	0	1	0	990	988	83	1
731	26	0	57	56	0	0	2	7	990	600	14	1
732	26	0	57	56	0	0	2	0	990	924	69	1
733	26	0	57	56	0	0	2	1	990	490	42	1
734	26	0	57	56	0	0	3	7	990	628	7	1
735	26	0	57	56	0	0	3	0	990	1168	62	1
736	26	0	57	56	0	0	3	1	990	518	35	1
737	26	0	57	56	0	0	3	2	990	462	21	1
738	26	0	57	56	0	0	4	7	990	784	4	1
739	26	0	57	56	0	0	4	0	990	1540	59	1
740	26	0	57	56	0	0	4	1	990	674	32	1
741	26	0	57	56	0	0	4	2	990	506	18	1
742	26	0	57	56	0	0	4	3	990	590	11	1
743	26	0	57	56	0	0	5	7	990	990	2	1
744	26	0	57	56	0	0	5	0	990	1962	57	1
745	26	0	57	56	0	0	5	1	990	880	30	1
746	26	0	57	56	0	0	5	2	990	600	16	1
747	26	0	57	56	0	0	5	3	990	628	9	1
748	26	0	57	56	0	0	5	4	990	784	6	1
749	26	0	57	56	0	0	6	7	990	1210	1	1
750	26	0	57	56	0	0	6	0	990	2398	56	1
751	26	0	57	56	0	0	6	1	990	1100	29	1
752	26	0	57	56	0	0	6	2	990	708	15	1
753	26	0	57	56	0	0	6	3	990	680	8	1
754	26	0	57	56	0	0	6	4	990	812	5	1
755	26	0	57	56	0	0	6	5	990	996	3	1
756	27	0	59	58	0	0	0	7	1026	2034	57	1
757	27	0	59	58	0	0	1	7	1026	912	29	1
758	27	0	59	58	0	0	1	0	1026	1024	86	1
759	27	0	59	58	0	0	2	7	1026	632	15	1
760	27	0	59	58	0	0	2	0	1026	968	72	1
761	27	0	59	58	0	0	2	1	1026	518	44	1
762	27	0	59	58	0	0	3	7	1026	660	8	1
763	27	0	59	58	0	0	3	0	1026	1220	65	1
764	27	0	59	58	0	0	3	1	1026	546	37	1
765	27	0	59	58	0	0	3	2	1026	490	23	1
766	27	0	59	58	0	0	4	7	1026	812	4	1
767	27	0	59	58	0	0	4	0	1026	1596	61	1
768	27	0	59	58	0	0	4	1	1026	698	33	1
769	27	0	59	58	0	0	4	2	1026	530	19	1
770	27	0	59	58	0	0	4	3	1026	614	12	1
771	27	0	59	58	0	0	5	7	1026	1026	2	1
772	27	0	59	58	0	0	5	0	1026	2034	59	1
773	27	0	59	58	0	0	5	1	1026	912	31	1
774	27	0	59	58	0	0	5	2	1026	632	17	1
775	27	0	59	58	0	0	5	3	1026	660	10	1
776	27	0	59	58	0	0	5	4	1026	812	6	1
777	27	0	59	58	0	0	6	7	1026	1254	1	1
778	27	0	59	58	0	0	6	0	1026	2486	58	1
779	27	0	59	58	0	0	6	1	1026	1140	30	1
780	27	0	59	58	0	0	6	2	1026	748	16	1
781	27	0	59	58	0	0	6	3	1026	720	9	1
782	27	0	59	58	0	0	6	4	1026	840	5	1
783	27	0	59	58	0	0	6	5	1026	1032	3	1
784	28	0	61	60	0	0	0	7	1062	2106	59	1
785	28	0	61	60	0	0	1	7	1062	944	30	1
786	28	0	61	60	0	0	1	0	1062	1060	89	1
787	28	0	61	60	0	0	2	7	1062	644	15	1
788	28	0	61	60	0	0	2	0	1062	992	74	1
789	28	0	61	60	0	0	2	1	1062	526	45	1
790	28	0	61	60	0	0	3	7	1062	680	8	1
791	28	0	61	60	0	0	3	0	1062	1260	67	1
792	28	0	61	60	0	0	3	1	1062	562	38	1
793	28	0	61	60	0	0	3	2	1062	502	23	1
794	28	0	61	60	0	0	4	7	1062	840	4	1
795	28	0	61	60	0	0	4	0	1062	1652	63	1
796	28	0	61	60	0	0	4	1	1062	722	34	1
797	28	0	61	60	0	0	4	2	1062	542	19	1
798	28	0	61	60	0	0	4	3	1062	634	12	1
799	28	0	61	60	0	0	5	7	1062	1062	2	1
800	28	0	61	60	0	0	5	0	1062	2106	61	1
801	28	0	61	60	0	0	5	1	1062	944	32	1
802	28	0	61	60	0	0	5	2	1062	644	17	1
803	28	0	61	60	0	0	5	3	1062	680	10	1
804	28	0	61	60	0	0	5	4	1062	840	6	1
805	28	0	61	60	0	0	6	7	1062	1298	1	1
806	28	0	61	60	0	0	6	0	1062	2574	60	1
807	28	0	61	60	0	0	6	1	1062	1180	31	1
808	28	0	61	60	0	0	6	2	1062	760	16	1
809	28	0	61	60	0	0	6	3	1062	740	9	1
810	28	0	61	60	0	0	6	4	1062	868	5	1
811	28	0	61	60	0	0	6	5	1062	1068	3	1
812	29	0	63	62	0	0	0	7	1098	2178	61	1
813	29	0	63	62	0	0	1	7	1098	976	31	1
814	29	0	63	62	0	0	1	0	1098	1096	92	1
815	29	0	63	62	0	0	2	7	1098	676	16	1
816	29	0	63	62	0	0	2	0	1098	1036	77	1
817	29	0	63	62	0	0	2	1	1098	554	47	1
818	29	0	63	62	0	0	3	7	1098	700	8	1
819	29	0	63	62	0	0	3	0	1098	1300	69	1
820	29	0	63	62	0	0	3	1	1098	578	39	1
821	29	0	63	62	0	0	3	2	1098	518	24	1
822	29	0	63	62	0	0	4	7	1098	868	4	1
823	29	0	63	62	0	0	4	0	1098	1708	65	1
824	29	0	63	62	0	0	4	1	1098	746	35	1
825	29	0	63	62	0	0	4	2	1098	566	20	1
826	29	0	63	62	0	0	4	3	1098	654	12	1
827	29	0	63	62	0	0	5	7	1098	1098	2	1
828	29	0	63	62	0	0	5	0	1098	2178	63	1
829	29	0	63	62	0	0	5	1	1098	976	33	1
830	29	0	63	62	0	0	5	2	1098	676	18	1
831	29	0	63	62	0	0	5	3	1098	700	10	1
832	29	0	63	62	0	0	5	4	1098	868	6	1
833	29	0	63	62	0	0	6	7	1098	1342	1	1
834	29	0	63	62	0	0	6	0	1098	2662	62	1
835	29	0	63	62	0	0	6	1	1098	1220	32	1
836	29	0	63	62	0	0	6	2	1098	800	17	1
837	29	0	63	62	0	0	6	3	1098	760	9	1
838	29	0	63	62	0	0	6	4	1098	896	5	1
839	29	0	63	62	0	0	6	5	1098	1104	3	1
840	30	0	65	64	0	0	0	7	1386	2750	63	1
841	30	0	65	64	0	0	1	7	1386	1260	32	1
842	30	0	65	64	0	0	1	0	1386	1384	95	1
843	30	0	65	64	0	0	2	7	1386	812	16	1
844	30	0	65	64	0	0	2	0	1386	1184	79	1
845	30	0	65	64	0	0	2	1	1386	686	48	1
846	30	0	65	64	0	0	3	7	1386	780	8	1
847	30	0	65	64	0	0	3	0	1386	1400	71	1
848	30	0	65	64	0	0	3	1	1386	654	40	1
849	30	0	65	64	0	0	3	2	1386	590	24	1
850	30	0	65	64	0	0	4	7	1386	924	4	1
851	30	0	65	64	0	0	4	0	1386	1792	67	1
852	30	0	65	64	0	0	4	1	1386	798	36	1
853	30	0	65	64	0	0	4	2	1386	606	20	1
854	30	0	65	64	0	0	4	3	1386	702	12	1
855	30	0	65	64	0	0	5	7	1386	1140	2	1
856	30	0	65	64	0	0	5	0	1386	2256	65	1
857	30	0	65	64	0	0	5	1	1386	1014	34	1
858	30	0	65	64	0	0	5	2	1386	694	18	1
859	30	0	65	64	0	0	5	3	1386	726	10	1
860	30	0	65	64	0	0	5	4	1386	902	6	1
861	30	0	65	64	0	0	6	7	1386	1386	1	1
862	30	0	65	64	0	0	6	0	1386	2750	64	1
863	30	0	65	64	0	0	6	1	1386	1260	33	1
864	30	0	65	64	0	0	6	2	1386	812	17	1
865	30	0	65	64	0	0	6	3	1386	780	9	1
866	30	0	65	64	0	0	6	4	1386	924	5	1
867	30	0	65	64	0	0	6	5	1386	1140	3	1
868	31	0	67	66	0	0	0	7	1414	2822	65	1
869	31	0	67	66	0	0	1	7	1414	1284	33	1
870	31	0	67	66	0	0	1	0	1414	1412	98	1
871	31	0	67	66	0	0	2	7	1414	838	17	1
872	31	0	67	66	0	0	2	0	1414	1222	82	1
873	31	0	67	66	0	0	2	1	1414	708	50	1
874	31	0	67	66	0	0	3	7	1414	806	9	1
875	31	0	67	66	0	0	3	0	1414	1446	74	1
876	31	0	67	66	0	0	3	1	1414	676	42	1
877	31	0	67	66	0	0	3	2	1414	614	26	1
878	31	0	67	66	0	0	4	7	1414	950	5	1
879	31	0	67	66	0	0	4	0	1414	1846	70	1
880	31	0	67	66	0	0	4	1	1414	820	38	1
881	31	0	67	66	0	0	4	2	1414	630	22	1
882	31	0	67	66	0	0	4	3	1414	726	14	1
883	31	0	67	66	0	0	5	7	1414	1166	3	1
884	31	0	67	66	0	0	5	0	1414	2318	68	1
885	31	0	67	66	0	0	5	1	1414	1036	36	1
886	31	0	67	66	0	0	5	2	1414	718	20	1
887	31	0	67	66	0	0	5	3	1414	750	12	1
888	31	0	67	66	0	0	5	4	1414	926	8	1
889	31	0	67	66	0	0	6	7	1414	1414	2	1
890	31	0	67	66	0	0	6	0	1414	2822	67	1
891	31	0	67	66	0	0	6	1	1414	1284	35	1
892	31	0	67	66	0	0	6	2	1414	838	19	1
893	31	0	67	66	0	0	6	3	1414	806	11	1
894	31	0	67	66	0	0	6	4	1414	950	7	1
895	31	0	67	66	0	0	6	5	1414	1166	5	1
896	32	0	69	68	0	0	0	7	1438	2866	67	1
897	32	0	69	68	0	0	1	7	1438	1304	34	1
898	32	0	69	68	0	0	1	0	1438	1436	101	1
899	32	0	69	68	0	0	2	7	1438	852	17	1
900	32	0	69	68	0	0	2	0	1438	1248	84	1
901	32	0	69	68	0	0	2	1	1438	718	51	1
902	32	0	69	68	0	0	3	7	1438	830	9	1
903	32	0	69	68	0	0	3	0	1438	1490	76	1
904	32	0	69	68	0	0	3	1	1438	696	43	1
905	32	0	69	68	0	0	3	2	1438	628	26	1
906	32	0	69	68	0	0	4	7	1438	974	5	1
907	32	0	69	68	0	0	4	0	1438	1890	72	1
908	32	0	69	68	0	0	4	1	1438	840	39	1
909	32	0	69	68	0	0	4	2	1438	644	22	1
910	32	0	69	68	0	0	4	3	1438	750	14	1
911	32	0	69	68	0	0	5	7	1438	1190	3	1
912	32	0	69	68	0	0	5	0	1438	2362	70	1
913	32	0	69	68	0	0	5	1	1438	1056	37	1
914	32	0	69	68	0	0	5	2	1438	732	20	1
915	32	0	69	68	0	0	5	3	1438	774	12	1
916	32	0	69	68	0	0	5	4	1438	950	8	1
917	32	0	69	68	0	0	6	7	1438	1438	2	1
918	32	0	69	68	0	0	6	0	1438	2866	69	1
919	32	0	69	68	0	0	6	1	1438	1304	36	1
920	32	0	69	68	0	0	6	2	1438	852	19	1
921	32	0	69	68	0	0	6	3	1438	830	11	1
922	32	0	69	68	0	0	6	4	1438	974	7	1
923	32	0	69	68	0	0	6	5	1438	1190	5	1
924	33	0	71	70	0	0	0	7	1458	2906	69	1
925	33	0	71	70	0	0	1	7	1458	1320	35	1
926	33	0	71	70	0	0	1	0	1458	1456	104	1
927	33	0	71	70	0	0	2	7	1458	868	18	1
928	33	0	71	70	0	0	2	0	1458	1276	87	1
929	33	0	71	70	0	0	2	1	1458	730	53	1
930	33	0	71	70	0	0	3	7	1458	850	9	1
931	33	0	71	70	0	0	3	0	1458	1530	78	1
932	33	0	71	70	0	0	3	1	1458	712	44	1
933	33	0	71	70	0	0	3	2	1458	644	27	1
934	33	0	71	70	0	0	4	7	1458	994	5	1
935	33	0	71	70	0	0	4	0	1458	1930	74	1
936	33	0	71	70	0	0	4	1	1458	856	40	1
937	33	0	71	70	0	0	4	2	1458	660	23	1
938	33	0	71	70	0	0	4	3	1458	770	14	1
939	33	0	71	70	0	0	5	7	1458	1210	3	1
940	33	0	71	70	0	0	5	0	1458	2402	72	1
941	33	0	71	70	0	0	5	1	1458	1072	38	1
942	33	0	71	70	0	0	5	2	1458	748	21	1
943	33	0	71	70	0	0	5	3	1458	794	12	1
944	33	0	71	70	0	0	5	4	1458	970	8	1
945	33	0	71	70	0	0	6	7	1458	1458	2	1
946	33	0	71	70	0	0	6	0	1458	2906	71	1
947	33	0	71	70	0	0	6	1	1458	1320	37	1
948	33	0	71	70	0	0	6	2	1458	868	20	1
949	33	0	71	70	0	0	6	3	1458	850	11	1
950	33	0	71	70	0	0	6	4	1458	994	7	1
951	33	0	71	70	0	0	6	5	1458	1210	5	1
952	34	0	73	72	0	0	0	7	1506	2998	71	1
953	34	0	73	72	0	0	1	7	1506	1364	36	1
954	34	0	73	72	0	0	1	0	1506	1504	107	1
955	34	0	73	72	0	0	2	7	1506	892	18	1
956	34	0	73	72	0	0	2	0	1506	1312	89	1
957	34	0	73	72	0	0	2	1	1506	750	54	1
958	34	0	73	72	0	0	3	7	1506	872	9	1
959	34	0	73	72	0	0	3	0	1506	1572	80	1
960	34	0	73	72	0	0	3	1	1506	730	45	1
961	34	0	73	72	0	0	3	2	1506	658	27	1
962	34	0	73	72	0	0	4	7	1506	1042	5	1
963	34	0	73	72	0	0	4	0	1506	2022	76	1
964	34	0	73	72	0	0	4	1	1506	900	41	1
965	34	0	73	72	0	0	4	2	1506	684	23	1
966	34	0	73	72	0	0	4	3	1506	792	14	1
967	34	0	73	72	0	0	5	7	1506	1258	3	1
968	34	0	73	72	0	0	5	0	1506	2494	74	1
969	34	0	73	72	0	0	5	1	1506	1116	39	1
970	34	0	73	72	0	0	5	2	1506	772	21	1
971	34	0	73	72	0	0	5	3	1506	816	12	1
972	34	0	73	72	0	0	5	4	1506	1018	8	1
973	34	0	73	72	0	0	6	7	1506	1506	2	1
974	34	0	73	72	0	0	6	0	1506	2998	73	1
975	34	0	73	72	0	0	6	1	1506	1364	38	1
976	34	0	73	72	0	0	6	2	1506	892	20	1
977	34	0	73	72	0	0	6	3	1506	872	11	1
978	34	0	73	72	0	0	6	4	1506	1042	7	1
979	34	0	73	72	0	0	6	5	1506	1258	5	1
980	35	0	75	74	0	0	0	7	1534	3054	73	1
981	35	0	75	74	0	0	1	7	1534	1388	37	1
982	35	0	75	74	0	0	1	0	1534	1532	110	1
983	35	0	75	74	0	0	2	7	1534	916	19	1
984	35	0	75	74	0	0	2	0	1534	1348	92	1
985	35	0	75	74	0	0	2	1	1534	770	56	1
986	35	0	75	74	0	0	3	7	1534	896	10	1
987	35	0	75	74	0	0	3	0	1534	1616	83	1
988	35	0	75	74	0	0	3	1	1534	750	47	1
989	35	0	75	74	0	0	3	2	1534	678	29	1
990	35	0	75	74	0	0	4	7	1534	1070	5	1
991	35	0	75	74	0	0	4	0	1534	2078	78	1
992	35	0	75	74	0	0	4	1	1534	924	42	1
993	35	0	75	74	0	0	4	2	1534	708	24	1
994	35	0	75	74	0	0	4	3	1534	816	15	1
995	35	0	75	74	0	0	5	7	1534	1286	3	1
996	35	0	75	74	0	0	5	0	1534	2550	76	1
997	35	0	75	74	0	0	5	1	1534	1140	40	1
998	35	0	75	74	0	0	5	2	1534	796	22	1
999	35	0	75	74	0	0	5	3	1534	840	13	1
1000	35	0	75	74	0	0	5	4	1534	1046	8	1
1001	35	0	75	74	0	0	6	7	1534	1534	2	1
1002	35	0	75	74	0	0	6	0	1534	3054	75	1
1003	35	0	75	74	0	0	6	1	1534	1388	39	1
1004	35	0	75	74	0	0	6	2	1534	916	21	1
1005	35	0	75	74	0	0	6	3	1534	896	12	1
1006	35	0	75	74	0	0	6	4	1534	1070	7	1
1007	35	0	75	74	0	0	6	5	1534	1286	5	1
1008	36	0	77	76	0	0	0	7	1562	3110	75	1
1009	36	0	77	76	0	0	1	7	1562	1412	38	1
1010	36	0	77	76	0	0	1	0	1562	1560	113	1
1011	36	0	77	76	0	0	2	7	1562	928	19	1
1012	36	0	77	76	0	0	2	0	1562	1372	94	1
1013	36	0	77	76	0	0	2	1	1562	778	57	1
1014	36	0	77	76	0	0	3	7	1562	916	10	1
1015	36	0	77	76	0	0	3	0	1562	1656	85	1
1016	36	0	77	76	0	0	3	1	1562	766	48	1
1017	36	0	77	76	0	0	3	2	1562	690	29	1
1018	36	0	77	76	0	0	4	7	1562	1098	5	1
1019	36	0	77	76	0	0	4	0	1562	2134	80	1
1020	36	0	77	76	0	0	4	1	1562	948	43	1
1021	36	0	77	76	0	0	4	2	1562	720	24	1
1022	36	0	77	76	0	0	4	3	1562	836	15	1
1023	36	0	77	76	0	0	5	7	1562	1314	3	1
1024	36	0	77	76	0	0	5	0	1562	2606	78	1
1025	36	0	77	76	0	0	5	1	1562	1164	41	1
1026	36	0	77	76	0	0	5	2	1562	808	22	1
1027	36	0	77	76	0	0	5	3	1562	860	13	1
1028	36	0	77	76	0	0	5	4	1562	1074	8	1
1029	36	0	77	76	0	0	6	7	1562	1562	2	1
1030	36	0	77	76	0	0	6	0	1562	3110	77	1
1031	36	0	77	76	0	0	6	1	1562	1412	40	1
1032	36	0	77	76	0	0	6	2	1562	928	21	1
1033	36	0	77	76	0	0	6	3	1562	916	12	1
1034	36	0	77	76	0	0	6	4	1562	1098	7	1
1035	36	0	77	76	0	0	6	5	1562	1314	5	1
1036	37	0	79	78	0	0	0	7	1590	3166	77	1
1037	37	0	79	78	0	0	1	7	1590	1436	39	1
1038	37	0	79	78	0	0	1	0	1590	1588	116	1
1039	37	0	79	78	0	0	2	7	1590	952	20	1
1040	37	0	79	78	0	0	2	0	1590	1408	97	1
1041	37	0	79	78	0	0	2	1	1590	798	59	1
1042	37	0	79	78	0	0	3	7	1590	936	10	1
1043	37	0	79	78	0	0	3	0	1590	1696	87	1
1044	37	0	79	78	0	0	3	1	1590	782	49	1
1045	37	0	79	78	0	0	3	2	1590	706	30	1
1046	37	0	79	78	0	0	4	7	1590	1126	5	1
1047	37	0	79	78	0	0	4	0	1590	2190	82	1
1048	37	0	79	78	0	0	4	1	1590	972	44	1
1049	37	0	79	78	0	0	4	2	1590	744	25	1
1050	37	0	79	78	0	0	4	3	1590	856	15	1
1051	37	0	79	78	0	0	5	7	1590	1342	3	1
1052	37	0	79	78	0	0	5	0	1590	2662	80	1
1053	37	0	79	78	0	0	5	1	1590	1188	42	1
1054	37	0	79	78	0	0	5	2	1590	832	23	1
1055	37	0	79	78	0	0	5	3	1590	880	13	1
1056	37	0	79	78	0	0	5	4	1590	1102	8	1
1057	37	0	79	78	0	0	6	7	1590	1590	2	1
1058	37	0	79	78	0	0	6	0	1590	3166	79	1
1059	37	0	79	78	0	0	6	1	1590	1436	41	1
1060	37	0	79	78	0	0	6	2	1590	952	22	1
1061	37	0	79	78	0	0	6	3	1590	936	12	1
1062	37	0	79	78	0	0	6	4	1590	1126	7	1
1063	37	0	79	78	0	0	6	5	1590	1342	5	1
1064	38	0	81	80	0	0	0	7	1678	3338	79	1
1065	38	0	81	80	0	0	1	7	1678	1520	40	1
1066	38	0	81	80	0	0	1	0	1678	1676	119	1
1067	38	0	81	80	0	0	2	7	1678	992	20	1
1068	38	0	81	80	0	0	2	0	1678	1460	99	1
1069	38	0	81	80	0	0	2	1	1678	834	60	1
1070	38	0	81	80	0	0	3	7	1678	968	10	1
1071	38	0	81	80	0	0	3	0	1678	1748	89	1
1072	38	0	81	80	0	0	3	1	1678	810	50	1
1073	38	0	81	80	0	0	3	2	1678	730	30	1
1074	38	0	81	80	0	0	4	7	1678	1156	5	1
1075	38	0	81	80	0	0	4	0	1678	2248	84	1
1076	38	0	81	80	0	0	4	1	1678	998	45	1
1077	38	0	81	80	0	0	4	2	1678	758	25	1
1078	38	0	81	80	0	0	4	3	1678	878	15	1
1079	38	0	81	80	0	0	5	7	1678	1430	3	1
1080	38	0	81	80	0	0	5	0	1678	2834	82	1
1081	38	0	81	80	0	0	5	1	1678	1272	43	1
1082	38	0	81	80	0	0	5	2	1678	872	23	1
1083	38	0	81	80	0	0	5	3	1678	912	13	1
1084	38	0	81	80	0	0	5	4	1678	1132	8	1
1085	38	0	81	80	0	0	6	7	1678	1678	2	1
1086	38	0	81	80	0	0	6	0	1678	3338	81	1
1087	38	0	81	80	0	0	6	1	1678	1520	42	1
1088	38	0	81	80	0	0	6	2	1678	992	22	1
1089	38	0	81	80	0	0	6	3	1678	968	12	1
1090	38	0	81	80	0	0	6	4	1678	1156	7	1
1091	38	0	81	80	0	0	6	5	1678	1430	5	1
1092	39	0	83	82	0	0	0	7	1714	3410	81	1
1093	39	0	83	82	0	0	1	7	1714	1552	41	1
1094	39	0	83	82	0	0	1	0	1714	1712	122	1
1095	39	0	83	82	0	0	2	7	1714	1024	21	1
1096	39	0	83	82	0	0	2	0	1714	1504	102	1
1097	39	0	83	82	0	0	2	1	1714	862	62	1
1098	39	0	83	82	0	0	3	7	1714	1000	11	1
1099	39	0	83	82	0	0	3	0	1714	1800	92	1
1100	39	0	83	82	0	0	3	1	1714	838	52	1
1101	39	0	83	82	0	0	3	2	1714	758	32	1
1102	39	0	83	82	0	0	4	7	1714	1188	6	1
1103	39	0	83	82	0	0	4	0	1714	2308	87	1
1104	39	0	83	82	0	0	4	1	1714	1026	47	1
1105	39	0	83	82	0	0	4	2	1714	786	27	1
1106	39	0	83	82	0	0	4	3	1714	906	17	1
1107	39	0	83	82	0	0	5	7	1714	1466	3	1
1108	39	0	83	82	0	0	5	0	1714	2906	84	1
1109	39	0	83	82	0	0	5	1	1714	1304	44	1
1110	39	0	83	82	0	0	5	2	1714	904	24	1
1111	39	0	83	82	0	0	5	3	1714	944	14	1
1112	39	0	83	82	0	0	5	4	1714	1164	9	1
1113	39	0	83	82	0	0	6	7	1714	1714	2	1
1114	39	0	83	82	0	0	6	0	1714	3410	83	1
1115	39	0	83	82	0	0	6	1	1714	1552	43	1
1116	39	0	83	82	0	0	6	2	1714	1024	23	1
1117	39	0	83	82	0	0	6	3	1714	1000	13	1
1118	39	0	83	82	0	0	6	4	1714	1188	8	1
1119	39	0	83	82	0	0	6	5	1714	1466	5	1
1120	40	0	85	84	0	0	0	7	1750	3482	83	1
1121	40	0	85	84	0	0	1	7	1750	1584	42	1
1122	40	0	85	84	0	0	1	0	1750	1748	125	1
1123	40	0	85	84	0	0	2	7	1750	1036	21	1
1124	40	0	85	84	0	0	2	0	1750	1528	104	1
1125	40	0	85	84	0	0	2	1	1750	870	63	1
1126	40	0	85	84	0	0	3	7	1750	1020	11	1
1127	40	0	85	84	0	0	3	0	1750	1840	94	1
1128	40	0	85	84	0	0	3	1	1750	854	53	1
1129	40	0	85	84	0	0	3	2	1750	770	32	1
1130	40	0	85	84	0	0	4	7	1750	1216	6	1
1131	40	0	85	84	0	0	4	0	1750	2364	89	1
1132	40	0	85	84	0	0	4	1	1750	1050	48	1
1133	40	0	85	84	0	0	4	2	1750	798	27	1
1134	40	0	85	84	0	0	4	3	1750	926	17	1
1135	40	0	85	84	0	0	5	7	1750	1502	3	1
1136	40	0	85	84	0	0	5	0	1750	2978	86	1
1137	40	0	85	84	0	0	5	1	1750	1336	45	1
1138	40	0	85	84	0	0	5	2	1750	916	24	1
1139	40	0	85	84	0	0	5	3	1750	964	14	1
1140	40	0	85	84	0	0	5	4	1750	1192	9	1
1141	40	0	85	84	0	0	6	7	1750	1750	2	1
1142	40	0	85	84	0	0	6	0	1750	3482	85	1
1143	40	0	85	84	0	0	6	1	1750	1584	44	1
1144	40	0	85	84	0	0	6	2	1750	1036	23	1
1145	40	0	85	84	0	0	6	3	1750	1020	13	1
1146	40	0	85	84	0	0	6	4	1750	1216	8	1
1147	40	0	85	84	0	0	6	5	1750	1502	5	1
1148	41	0	87	86	0	0	0	7	1786	3554	85	1
1149	41	0	87	86	0	0	1	7	1786	1616	43	1
1150	41	0	87	86	0	0	1	0	1786	1784	128	1
1151	41	0	87	86	0	0	2	7	1786	1068	22	1
1152	41	0	87	86	0	0	2	0	1786	1572	107	1
1153	41	0	87	86	0	0	2	1	1786	898	65	1
1154	41	0	87	86	0	0	3	7	1786	1040	11	1
1155	41	0	87	86	0	0	3	0	1786	1880	96	1
1156	41	0	87	86	0	0	3	1	1786	870	54	1
1157	41	0	87	86	0	0	3	2	1786	786	33	1
1158	41	0	87	86	0	0	4	7	1786	1244	6	1
1159	41	0	87	86	0	0	4	0	1786	2420	91	1
1160	41	0	87	86	0	0	4	1	1786	1074	49	1
1161	41	0	87	86	0	0	4	2	1786	822	28	1
1162	41	0	87	86	0	0	4	3	1786	946	17	1
1163	41	0	87	86	0	0	5	7	1786	1538	3	1
1164	41	0	87	86	0	0	5	0	1786	3050	88	1
1165	41	0	87	86	0	0	5	1	1786	1368	46	1
1166	41	0	87	86	0	0	5	2	1786	948	25	1
1167	41	0	87	86	0	0	5	3	1786	984	14	1
1168	41	0	87	86	0	0	5	4	1786	1220	9	1
1169	41	0	87	86	0	0	6	7	1786	1786	2	1
1170	41	0	87	86	0	0	6	0	1786	3554	87	1
1171	41	0	87	86	0	0	6	1	1786	1616	45	1
1172	41	0	87	86	0	0	6	2	1786	1068	24	1
1173	41	0	87	86	0	0	6	3	1786	1040	13	1
1174	41	0	87	86	0	0	6	4	1786	1244	8	1
1175	41	0	87	86	0	0	6	5	1786	1538	5	1
1176	42	0	89	88	0	0	0	7	1822	3626	87	1
1177	42	0	89	88	0	0	1	7	1822	1648	44	1
1178	42	0	89	88	0	0	1	0	1822	1820	131	1
1179	42	0	89	88	0	0	2	7	1822	1080	22	1
1180	42	0	89	88	0	0	2	0	1822	1596	109	1
1181	42	0	89	88	0	0	2	1	1822	906	66	1
1182	42	0	89	88	0	0	3	7	1822	1060	11	1
1183	42	0	89	88	0	0	3	0	1822	1920	98	1
1184	42	0	89	88	0	0	3	1	1822	886	55	1
1185	42	0	89	88	0	0	3	2	1822	798	33	1
1186	42	0	89	88	0	0	4	7	1822	1272	6	1
1187	42	0	89	88	0	0	4	0	1822	2476	93	1
1188	42	0	89	88	0	0	4	1	1822	1098	50	1
1189	42	0	89	88	0	0	4	2	1822	834	28	1
1190	42	0	89	88	0	0	4	3	1822	966	17	1
1191	42	0	89	88	0	0	5	7	1822	1574	3	1
1192	42	0	89	88	0	0	5	0	1822	3122	90	1
1193	42	0	89	88	0	0	5	1	1822	1400	47	1
1194	42	0	89	88	0	0	5	2	1822	960	25	1
1195	42	0	89	88	0	0	5	3	1822	1004	14	1
1196	42	0	89	88	0	0	5	4	1822	1248	9	1
1197	42	0	89	88	0	0	6	7	1822	1822	2	1
1198	42	0	89	88	0	0	6	0	1822	3626	89	1
1199	42	0	89	88	0	0	6	1	1822	1648	46	1
1200	42	0	89	88	0	0	6	2	1822	1080	24	1
1201	42	0	89	88	0	0	6	3	1822	1060	13	1
1202	42	0	89	88	0	0	6	4	1822	1272	8	1
1203	42	0	89	88	0	0	6	5	1822	1574	5	1
1204	43	0	91	90	0	0	0	7	1858	3698	89	1
1205	43	0	91	90	0	0	1	7	1858	1680	45	1
1206	43	0	91	90	0	0	1	0	1858	1856	134	1
1207	43	0	91	90	0	0	2	7	1858	1112	23	1
1208	43	0	91	90	0	0	2	0	1858	1640	112	1
1209	43	0	91	90	0	0	2	1	1858	934	68	1
1210	43	0	91	90	0	0	3	7	1858	1092	12	1
1211	43	0	91	90	0	0	3	0	1858	1972	101	1
1212	43	0	91	90	0	0	3	1	1858	914	57	1
1213	43	0	91	90	0	0	3	2	1858	826	35	1
1214	43	0	91	90	0	0	4	7	1858	1300	6	1
1215	43	0	91	90	0	0	4	0	1858	2532	95	1
1216	43	0	91	90	0	0	4	1	1858	1122	51	1
1217	43	0	91	90	0	0	4	2	1858	858	29	1
1218	43	0	91	90	0	0	4	3	1858	990	18	1
1219	43	0	91	90	0	0	5	7	1858	1610	3	1
1220	43	0	91	90	0	0	5	0	1858	3194	92	1
1221	43	0	91	90	0	0	5	1	1858	1432	48	1
1222	43	0	91	90	0	0	5	2	1858	992	26	1
1223	43	0	91	90	0	0	5	3	1858	1036	15	1
1224	43	0	91	90	0	0	5	4	1858	1276	9	1
1225	43	0	91	90	0	0	6	7	1858	1858	2	1
1226	43	0	91	90	0	0	6	0	1858	3698	91	1
1227	43	0	91	90	0	0	6	1	1858	1680	47	1
1228	43	0	91	90	0	0	6	2	1858	1112	25	1
1229	43	0	91	90	0	0	6	3	1858	1092	14	1
1230	43	0	91	90	0	0	6	4	1858	1300	8	1
1231	43	0	91	90	0	0	6	5	1858	1610	5	1
1232	44	0	93	92	0	0	0	7	1894	3770	91	1
1233	44	0	93	92	0	0	1	7	1894	1712	46	1
1234	44	0	93	92	0	0	1	0	1894	1892	137	1
1235	44	0	93	92	0	0	2	7	1894	1124	23	1
1236	44	0	93	92	0	0	2	0	1894	1664	114	1
1237	44	0	93	92	0	0	2	1	1894	942	69	1
1238	44	0	93	92	0	0	3	7	1894	1112	12	1
1239	44	0	93	92	0	0	3	0	1894	2012	103	1
1240	44	0	93	92	0	0	3	1	1894	930	58	1
1241	44	0	93	92	0	0	3	2	1894	838	35	1
1242	44	0	93	92	0	0	4	7	1894	1328	6	1
1243	44	0	93	92	0	0	4	0	1894	2588	97	1
1244	44	0	93	92	0	0	4	1	1894	1146	52	1
1245	44	0	93	92	0	0	4	2	1894	870	29	1
1246	44	0	93	92	0	0	4	3	1894	1010	18	1
1247	44	0	93	92	0	0	5	7	1894	1646	3	1
1248	44	0	93	92	0	0	5	0	1894	3266	94	1
1249	44	0	93	92	0	0	5	1	1894	1464	49	1
1250	44	0	93	92	0	0	5	2	1894	1004	26	1
1251	44	0	93	92	0	0	5	3	1894	1056	15	1
1252	44	0	93	92	0	0	5	4	1894	1304	9	1
1253	44	0	93	92	0	0	6	7	1894	1894	2	1
1254	44	0	93	92	0	0	6	0	1894	3770	93	1
1255	44	0	93	92	0	0	6	1	1894	1712	48	1
1256	44	0	93	92	0	0	6	2	1894	1124	25	1
1257	44	0	93	92	0	0	6	3	1894	1112	14	1
1258	44	0	93	92	0	0	6	4	1894	1328	8	1
1259	44	0	93	92	0	0	6	5	1894	1646	5	1
1260	45	0	95	94	0	0	0	7	1930	3842	93	1
1261	45	0	95	94	0	0	1	7	1930	1744	47	1
1262	45	0	95	94	0	0	1	0	1930	1928	140	1
1263	45	0	95	94	0	0	2	7	1930	1156	24	1
1264	45	0	95	94	0	0	2	0	1930	1708	117	1
1265	45	0	95	94	0	0	2	1	1930	970	71	1
1266	45	0	95	94	0	0	3	7	1930	1132	12	1
1267	45	0	95	94	0	0	3	0	1930	2052	105	1
1268	45	0	95	94	0	0	3	1	1930	946	59	1
1269	45	0	95	94	0	0	3	2	1930	854	36	1
1270	45	0	95	94	0	0	4	7	1930	1356	6	1
1271	45	0	95	94	0	0	4	0	1930	2644	99	1
1272	45	0	95	94	0	0	4	1	1930	1170	53	1
1273	45	0	95	94	0	0	4	2	1930	894	30	1
1274	45	0	95	94	0	0	4	3	1930	1030	18	1
1275	45	0	95	94	0	0	5	7	1930	1682	3	1
1276	45	0	95	94	0	0	5	0	1930	3338	96	1
1277	45	0	95	94	0	0	5	1	1930	1496	50	1
1278	45	0	95	94	0	0	5	2	1930	1036	27	1
1279	45	0	95	94	0	0	5	3	1930	1076	15	1
1280	45	0	95	94	0	0	5	4	1930	1332	9	1
1281	45	0	95	94	0	0	6	7	1930	1930	2	1
1282	45	0	95	94	0	0	6	0	1930	3842	95	1
1283	45	0	95	94	0	0	6	1	1930	1744	49	1
1284	45	0	95	94	0	0	6	2	1930	1156	26	1
1285	45	0	95	94	0	0	6	3	1930	1132	14	1
1286	45	0	95	94	0	0	6	4	1930	1356	8	1
1287	45	0	95	94	0	0	6	5	1930	1682	5	1
1288	46	0	97	96	0	0	0	7	2090	4158	95	1
1289	46	0	97	96	0	0	1	7	2090	1900	48	1
1290	46	0	97	96	0	0	1	0	2090	2088	143	1
1291	46	0	97	96	0	0	2	7	2090	1228	24	1
1292	46	0	97	96	0	0	2	0	2090	1792	119	1
1293	46	0	97	96	0	0	2	1	2090	1038	72	1
1294	46	0	97	96	0	0	3	7	2090	1180	12	1
1295	46	0	97	96	0	0	3	0	2090	2120	107	1
1296	46	0	97	96	0	0	3	1	2090	990	60	1
1297	46	0	97	96	0	0	3	2	2090	894	36	1
1298	46	0	97	96	0	0	4	7	2090	1396	6	1
1299	46	0	97	96	0	0	4	0	2090	2712	101	1
1300	46	0	97	96	0	0	4	1	2090	1206	54	1
1301	46	0	97	96	0	0	4	2	2090	918	30	1
1302	46	0	97	96	0	0	4	3	2090	1062	18	1
1303	46	0	97	96	0	0	5	7	2090	1720	3	1
1304	46	0	97	96	0	0	5	0	2090	3412	98	1
1305	46	0	97	96	0	0	5	1	2090	1530	51	1
1306	46	0	97	96	0	0	5	2	2090	1050	27	1
1307	46	0	97	96	0	0	5	3	2090	1098	15	1
1308	46	0	97	96	0	0	5	4	2090	1362	9	1
1309	46	0	97	96	0	0	6	7	2090	2090	2	1
1310	46	0	97	96	0	0	6	0	2090	4158	97	1
1311	46	0	97	96	0	0	6	1	2090	1900	50	1
1312	46	0	97	96	0	0	6	2	2090	1228	26	1
1313	46	0	97	96	0	0	6	3	2090	1180	14	1
1314	46	0	97	96	0	0	6	4	2090	1396	8	1
1315	46	0	97	96	0	0	6	5	2090	1720	5	1
1316	47	0	99	98	0	0	0	7	2134	4246	97	1
1317	47	0	99	98	0	0	1	7	2134	1940	49	1
1318	47	0	99	98	0	0	1	0	2134	2132	146	1
1319	47	0	99	98	0	0	2	7	2134	1268	25	1
1320	47	0	99	98	0	0	2	0	2134	1844	122	1
1321	47	0	99	98	0	0	2	1	2134	1074	74	1
1322	47	0	99	98	0	0	3	7	2134	1220	13	1
1323	47	0	99	98	0	0	3	0	2134	2180	110	1
1324	47	0	99	98	0	0	3	1	2134	1026	62	1
1325	47	0	99	98	0	0	3	2	2134	930	38	1
1326	47	0	99	98	0	0	4	7	2134	1436	7	1
1327	47	0	99	98	0	0	4	0	2134	2780	104	1
1328	47	0	99	98	0	0	4	1	2134	1242	56	1
1329	47	0	99	98	0	0	4	2	2134	954	32	1
1330	47	0	99	98	0	0	4	3	2134	1098	20	1
1331	47	0	99	98	0	0	5	7	2134	1760	4	1
1332	47	0	99	98	0	0	5	0	2134	3488	101	1
1333	47	0	99	98	0	0	5	1	2134	1566	53	1
1334	47	0	99	98	0	0	5	2	2134	1086	29	1
1335	47	0	99	98	0	0	5	3	2134	1134	17	1
1336	47	0	99	98	0	0	5	4	2134	1398	11	1
1337	47	0	99	98	0	0	6	7	2134	2134	2	1
1338	47	0	99	98	0	0	6	0	2134	4246	99	1
1339	47	0	99	98	0	0	6	1	2134	1940	51	1
1340	47	0	99	98	0	0	6	2	2134	1268	27	1
1341	47	0	99	98	0	0	6	3	2134	1220	15	1
1342	47	0	99	98	0	0	6	4	2134	1436	9	1
1343	47	0	99	98	0	0	6	5	2134	1760	6	1
1344	48	0	101	100	0	0	0	7	2178	4334	99	1
1345	48	0	101	100	0	0	1	7	2178	1980	50	1
1346	48	0	101	100	0	0	1	0	2178	2176	149	1
1347	48	0	101	100	0	0	2	7	2178	1280	25	1
1348	48	0	101	100	0	0	2	0	2178	1868	124	1
1349	48	0	101	100	0	0	2	1	2178	1082	75	1
1350	48	0	101	100	0	0	3	7	2178	1240	13	1
1351	48	0	101	100	0	0	3	0	2178	2220	112	1
1352	48	0	101	100	0	0	3	1	2178	1042	63	1
1353	48	0	101	100	0	0	3	2	2178	942	38	1
1354	48	0	101	100	0	0	4	7	2178	1464	7	1
1355	48	0	101	100	0	0	4	0	2178	2836	106	1
1356	48	0	101	100	0	0	4	1	2178	1266	57	1
1357	48	0	101	100	0	0	4	2	2178	966	32	1
1358	48	0	101	100	0	0	4	3	2178	1118	20	1
1359	48	0	101	100	0	0	5	7	2178	1796	4	1
1360	48	0	101	100	0	0	5	0	2178	3560	103	1
1361	48	0	101	100	0	0	5	1	2178	1598	54	1
1362	48	0	101	100	0	0	5	2	2178	1098	29	1
1363	48	0	101	100	0	0	5	3	2178	1154	17	1
1364	48	0	101	100	0	0	5	4	2178	1426	11	1
1365	48	0	101	100	0	0	6	7	2178	2178	2	1
1366	48	0	101	100	0	0	6	0	2178	4334	101	1
1367	48	0	101	100	0	0	6	1	2178	1980	52	1
1368	48	0	101	100	0	0	6	2	2178	1280	27	1
1369	48	0	101	100	0	0	6	3	2178	1240	15	1
1370	48	0	101	100	0	0	6	4	2178	1464	9	1
1371	48	0	101	100	0	0	6	5	2178	1796	6	1
1372	49	0	103	102	0	0	0	7	2222	4422	101	1
1373	49	0	103	102	0	0	1	7	2222	2020	51	1
1374	49	0	103	102	0	0	1	0	2222	2220	152	1
1375	49	0	103	102	0	0	2	7	2222	1320	26	1
1376	49	0	103	102	0	0	2	0	2222	1920	127	1
1377	49	0	103	102	0	0	2	1	2222	1118	77	1
1378	49	0	103	102	0	0	3	7	2222	1260	13	1
1379	49	0	103	102	0	0	3	0	2222	2260	114	1
1380	49	0	103	102	0	0	3	1	2222	1058	64	1
1381	49	0	103	102	0	0	3	2	2222	958	39	1
1382	49	0	103	102	0	0	4	7	2222	1492	7	1
1383	49	0	103	102	0	0	4	0	2222	2892	108	1
1384	49	0	103	102	0	0	4	1	2222	1290	58	1
1385	49	0	103	102	0	0	4	2	2222	990	33	1
1386	49	0	103	102	0	0	4	3	2222	1138	20	1
1387	49	0	103	102	0	0	5	7	2222	1832	4	1
1388	49	0	103	102	0	0	5	0	2222	3632	105	1
1389	49	0	103	102	0	0	5	1	2222	1630	55	1
1390	49	0	103	102	0	0	5	2	2222	1130	30	1
1391	49	0	103	102	0	0	5	3	2222	1174	17	1
1392	49	0	103	102	0	0	5	4	2222	1454	11	1
1393	49	0	103	102	0	0	6	7	2222	2222	2	1
1394	49	0	103	102	0	0	6	0	2222	4422	103	1
1395	49	0	103	102	0	0	6	1	2222	2020	53	1
1396	49	0	103	102	0	0	6	2	2222	1320	28	1
1397	49	0	103	102	0	0	6	3	2222	1260	15	1
1398	49	0	103	102	0	0	6	4	2222	1492	9	1
1399	49	0	103	102	0	0	6	5	2222	1832	6	1
1400	50	0	105	104	0	0	0	7	2266	4510	103	1
1401	50	0	105	104	0	0	1	7	2266	2060	52	1
1402	50	0	105	104	0	0	1	0	2266	2264	155	1
1403	50	0	105	104	0	0	2	7	2266	1332	26	1
1404	50	0	105	104	0	0	2	0	2266	1944	129	1
1405	50	0	105	104	0	0	2	1	2266	1126	78	1
1406	50	0	105	104	0	0	3	7	2266	1280	13	1
1407	50	0	105	104	0	0	3	0	2266	2300	116	1
1408	50	0	105	104	0	0	3	1	2266	1074	65	1
1409	50	0	105	104	0	0	3	2	2266	970	39	1
1410	50	0	105	104	0	0	4	7	2266	1520	7	1
1411	50	0	105	104	0	0	4	0	2266	2948	110	1
1412	50	0	105	104	0	0	4	1	2266	1314	59	1
1413	50	0	105	104	0	0	4	2	2266	1002	33	1
1414	50	0	105	104	0	0	4	3	2266	1158	20	1
1415	50	0	105	104	0	0	5	7	2266	1868	4	1
1416	50	0	105	104	0	0	5	0	2266	3704	107	1
1417	50	0	105	104	0	0	5	1	2266	1662	56	1
1418	50	0	105	104	0	0	5	2	2266	1142	30	1
1419	50	0	105	104	0	0	5	3	2266	1194	17	1
1420	50	0	105	104	0	0	5	4	2266	1482	11	1
1421	50	0	105	104	0	0	6	7	2266	2266	2	1
1422	50	0	105	104	0	0	6	0	2266	4510	105	1
1423	50	0	105	104	0	0	6	1	2266	2060	54	1
1424	50	0	105	104	0	0	6	2	2266	1332	28	1
1425	50	0	105	104	0	0	6	3	2266	1280	15	1
1426	50	0	105	104	0	0	6	4	2266	1520	9	1
1427	50	0	105	104	0	0	6	5	2266	1868	6	1
1428	51	0	107	106	0	0	0	7	2310	4598	105	1
1429	51	0	107	106	0	0	1	7	2310	2100	53	1
1430	51	0	107	106	0	0	1	0	2310	2308	158	1
1431	51	0	107	106	0	0	2	7	2310	1372	27	1
1432	51	0	107	106	0	0	2	0	2310	1996	132	1
1433	51	0	107	106	0	0	2	1	2310	1162	80	1
1434	51	0	107	106	0	0	3	7	2310	1320	14	1
1435	51	0	107	106	0	0	3	0	2310	2360	119	1
1436	51	0	107	106	0	0	3	1	2310	1110	67	1
1437	51	0	107	106	0	0	3	2	2310	1006	41	1
1438	51	0	107	106	0	0	4	7	2310	1548	7	1
1439	51	0	107	106	0	0	4	0	2310	3004	112	1
1440	51	0	107	106	0	0	4	1	2310	1338	60	1
1441	51	0	107	106	0	0	4	2	2310	1026	34	1
1442	51	0	107	106	0	0	4	3	2310	1182	21	1
1443	51	0	107	106	0	0	5	7	2310	1904	4	1
1444	51	0	107	106	0	0	5	0	2310	3776	109	1
1445	51	0	107	106	0	0	5	1	2310	1694	57	1
1446	51	0	107	106	0	0	5	2	2310	1174	31	1
1447	51	0	107	106	0	0	5	3	2310	1226	18	1
1448	51	0	107	106	0	0	5	4	2310	1510	11	1
1449	51	0	107	106	0	0	6	7	2310	2310	2	1
1450	51	0	107	106	0	0	6	0	2310	4598	107	1
1451	51	0	107	106	0	0	6	1	2310	2100	55	1
1452	51	0	107	106	0	0	6	2	2310	1372	29	1
1453	51	0	107	106	0	0	6	3	2310	1320	16	1
1454	51	0	107	106	0	0	6	4	2310	1548	9	1
1455	51	0	107	106	0	0	6	5	2310	1904	6	1
1456	52	0	109	108	0	0	0	7	2354	4686	107	1
1457	52	0	109	108	0	0	1	7	2354	2140	54	1
1458	52	0	109	108	0	0	1	0	2354	2352	161	1
1459	52	0	109	108	0	0	2	7	2354	1384	27	1
1460	52	0	109	108	0	0	2	0	2354	2020	134	1
1461	52	0	109	108	0	0	2	1	2354	1170	81	1
1462	52	0	109	108	0	0	3	7	2354	1340	14	1
1463	52	0	109	108	0	0	3	0	2354	2400	121	1
1464	52	0	109	108	0	0	3	1	2354	1126	68	1
1465	52	0	109	108	0	0	3	2	2354	1018	41	1
1466	52	0	109	108	0	0	4	7	2354	1576	7	1
1467	52	0	109	108	0	0	4	0	2354	3060	114	1
1468	52	0	109	108	0	0	4	1	2354	1362	61	1
1469	52	0	109	108	0	0	4	2	2354	1038	34	1
1470	52	0	109	108	0	0	4	3	2354	1202	21	1
1471	52	0	109	108	0	0	5	7	2354	1940	4	1
1472	52	0	109	108	0	0	5	0	2354	3848	111	1
1473	52	0	109	108	0	0	5	1	2354	1726	58	1
1474	52	0	109	108	0	0	5	2	2354	1186	31	1
1475	52	0	109	108	0	0	5	3	2354	1246	18	1
1476	52	0	109	108	0	0	5	4	2354	1538	11	1
1477	52	0	109	108	0	0	6	7	2354	2354	2	1
1478	52	0	109	108	0	0	6	0	2354	4686	109	1
1479	52	0	109	108	0	0	6	1	2354	2140	56	1
1480	52	0	109	108	0	0	6	2	2354	1384	29	1
1481	52	0	109	108	0	0	6	3	2354	1340	16	1
1482	52	0	109	108	0	0	6	4	2354	1576	9	1
1483	52	0	109	108	0	0	6	5	2354	1940	6	1
1484	53	0	111	110	0	0	0	7	2398	4774	109	1
1485	53	0	111	110	0	0	1	7	2398	2180	55	1
1486	53	0	111	110	0	0	1	0	2398	2396	164	1
1487	53	0	111	110	0	0	2	7	2398	1424	28	1
1488	53	0	111	110	0	0	2	0	2398	2072	137	1
1489	53	0	111	110	0	0	2	1	2398	1206	83	1
1490	53	0	111	110	0	0	3	7	2398	1360	14	1
1491	53	0	111	110	0	0	3	0	2398	2440	123	1
1492	53	0	111	110	0	0	3	1	2398	1142	69	1
1493	53	0	111	110	0	0	3	2	2398	1034	42	1
1494	53	0	111	110	0	0	4	7	2398	1604	7	1
1495	53	0	111	110	0	0	4	0	2398	3116	116	1
1496	53	0	111	110	0	0	4	1	2398	1386	62	1
1497	53	0	111	110	0	0	4	2	2398	1062	35	1
1498	53	0	111	110	0	0	4	3	2398	1222	21	1
1499	53	0	111	110	0	0	5	7	2398	1976	4	1
1500	53	0	111	110	0	0	5	0	2398	3920	113	1
1501	53	0	111	110	0	0	5	1	2398	1758	59	1
1502	53	0	111	110	0	0	5	2	2398	1218	32	1
1503	53	0	111	110	0	0	5	3	2398	1266	18	1
1504	53	0	111	110	0	0	5	4	2398	1566	11	1
1505	53	0	111	110	0	0	6	7	2398	2398	2	1
1506	53	0	111	110	0	0	6	0	2398	4774	111	1
1507	53	0	111	110	0	0	6	1	2398	2180	57	1
1508	53	0	111	110	0	0	6	2	2398	1424	30	1
1509	53	0	111	110	0	0	6	3	2398	1360	16	1
1510	53	0	111	110	0	0	6	4	2398	1604	9	1
1511	53	0	111	110	0	0	6	5	2398	1976	6	1
1512	54	0	113	112	0	0	0	7	2442	4862	111	1
1513	54	0	113	112	0	0	1	7	2442	2220	56	1
1514	54	0	113	112	0	0	1	0	2442	2440	167	1
1515	54	0	113	112	0	0	2	7	2442	1436	28	1
1516	54	0	113	112	0	0	2	0	2442	2096	139	1
1517	54	0	113	112	0	0	2	1	2442	1214	84	1
1518	54	0	113	112	0	0	3	7	2442	1380	14	1
1519	54	0	113	112	0	0	3	0	2442	2480	125	1
1520	54	0	113	112	0	0	3	1	2442	1158	70	1
1521	54	0	113	112	0	0	3	2	2442	1046	42	1
1522	54	0	113	112	0	0	4	7	2442	1632	7	1
1523	54	0	113	112	0	0	4	0	2442	3172	118	1
1524	54	0	113	112	0	0	4	1	2442	1410	63	1
1525	54	0	113	112	0	0	4	2	2442	1074	35	1
1526	54	0	113	112	0	0	4	3	2442	1242	21	1
1527	54	0	113	112	0	0	5	7	2442	2012	4	1
1528	54	0	113	112	0	0	5	0	2442	3992	115	1
1529	54	0	113	112	0	0	5	1	2442	1790	60	1
1530	54	0	113	112	0	0	5	2	2442	1230	32	1
1531	54	0	113	112	0	0	5	3	2442	1286	18	1
1532	54	0	113	112	0	0	5	4	2442	1594	11	1
1533	54	0	113	112	0	0	6	7	2442	2442	2	1
1534	54	0	113	112	0	0	6	0	2442	4862	113	1
1535	54	0	113	112	0	0	6	1	2442	2220	58	1
1536	54	0	113	112	0	0	6	2	2442	1436	30	1
1537	54	0	113	112	0	0	6	3	2442	1380	16	1
1538	54	0	113	112	0	0	6	4	2442	1632	9	1
1539	54	0	113	112	0	0	6	5	2442	2012	6	1
1540	55	0	115	114	0	0	0	7	2486	4950	113	1
1541	55	0	115	114	0	0	1	7	2486	2260	57	1
1542	55	0	115	114	0	0	1	0	2486	2484	170	1
1543	55	0	115	114	0	0	2	7	2486	1476	29	1
1544	55	0	115	114	0	0	2	0	2486	2148	142	1
1545	55	0	115	114	0	0	2	1	2486	1250	86	1
1546	55	0	115	114	0	0	3	7	2486	1420	15	1
1547	55	0	115	114	0	0	3	0	2486	2540	128	1
1548	55	0	115	114	0	0	3	1	2486	1194	72	1
1549	55	0	115	114	0	0	3	2	2486	1082	44	1
1550	55	0	115	114	0	0	4	7	2486	1672	8	1
1551	55	0	115	114	0	0	4	0	2486	3240	121	1
1552	55	0	115	114	0	0	4	1	2486	1446	65	1
1553	55	0	115	114	0	0	4	2	2486	1110	37	1
1554	55	0	115	114	0	0	4	3	2486	1278	23	1
1555	55	0	115	114	0	0	5	7	2486	2048	4	1
1556	55	0	115	114	0	0	5	0	2486	4064	117	1
1557	55	0	115	114	0	0	5	1	2486	1822	61	1
1558	55	0	115	114	0	0	5	2	2486	1262	33	1
1559	55	0	115	114	0	0	5	3	2486	1318	19	1
1560	55	0	115	114	0	0	5	4	2486	1626	12	1
1561	55	0	115	114	0	0	6	7	2486	2486	2	1
1562	55	0	115	114	0	0	6	0	2486	4950	115	1
1563	55	0	115	114	0	0	6	1	2486	2260	59	1
1564	55	0	115	114	0	0	6	2	2486	1476	31	1
1565	55	0	115	114	0	0	6	3	2486	1420	17	1
1566	55	0	115	114	0	0	6	4	2486	1672	10	1
1567	55	0	115	114	0	0	6	5	2486	2048	6	1
1568	56	0	117	116	0	0	0	7	2530	5038	115	1
1569	56	0	117	116	0	0	1	7	2530	2300	58	1
1570	56	0	117	116	0	0	1	0	2530	2528	173	1
1571	56	0	117	116	0	0	2	7	2530	1488	29	1
1572	56	0	117	116	0	0	2	0	2530	2172	144	1
1573	56	0	117	116	0	0	2	1	2530	1258	87	1
1574	56	0	117	116	0	0	3	7	2530	1440	15	1
1575	56	0	117	116	0	0	3	0	2530	2580	130	1
1576	56	0	117	116	0	0	3	1	2530	1210	73	1
1577	56	0	117	116	0	0	3	2	2530	1094	44	1
1578	56	0	117	116	0	0	4	7	2530	1700	8	1
1579	56	0	117	116	0	0	4	0	2530	3296	123	1
1580	56	0	117	116	0	0	4	1	2530	1470	66	1
1581	56	0	117	116	0	0	4	2	2530	1122	37	1
1582	56	0	117	116	0	0	4	3	2530	1298	23	1
1583	56	0	117	116	0	0	5	7	2530	2084	4	1
1584	56	0	117	116	0	0	5	0	2530	4136	119	1
1585	56	0	117	116	0	0	5	1	2530	1854	62	1
1586	56	0	117	116	0	0	5	2	2530	1274	33	1
1587	56	0	117	116	0	0	5	3	2530	1338	19	1
1588	56	0	117	116	0	0	5	4	2530	1654	12	1
1589	56	0	117	116	0	0	6	7	2530	2530	2	1
1590	56	0	117	116	0	0	6	0	2530	5038	117	1
1591	56	0	117	116	0	0	6	1	2530	2300	60	1
1592	56	0	117	116	0	0	6	2	2530	1488	31	1
1593	56	0	117	116	0	0	6	3	2530	1440	17	1
1594	56	0	117	116	0	0	6	4	2530	1700	10	1
1595	56	0	117	116	0	0	6	5	2530	2084	6	1
1596	57	0	119	118	0	0	0	7	2574	5126	117	1
1597	57	0	119	118	0	0	1	7	2574	2340	59	1
1598	57	0	119	118	0	0	1	0	2574	2572	176	1
1599	57	0	119	118	0	0	2	7	2574	1528	30	1
1600	57	0	119	118	0	0	2	0	2574	2224	147	1
1601	57	0	119	118	0	0	2	1	2574	1294	89	1
1602	57	0	119	118	0	0	3	7	2574	1460	15	1
1603	57	0	119	118	0	0	3	0	2574	2620	132	1
1604	57	0	119	118	0	0	3	1	2574	1226	74	1
1605	57	0	119	118	0	0	3	2	2574	1110	45	1
1606	57	0	119	118	0	0	4	7	2574	1728	8	1
1607	57	0	119	118	0	0	4	0	2574	3352	125	1
1608	57	0	119	118	0	0	4	1	2574	1494	67	1
1609	57	0	119	118	0	0	4	2	2574	1146	38	1
1610	57	0	119	118	0	0	4	3	2574	1318	23	1
1611	57	0	119	118	0	0	5	7	2574	2120	4	1
1612	57	0	119	118	0	0	5	0	2574	4208	121	1
1613	57	0	119	118	0	0	5	1	2574	1886	63	1
1614	57	0	119	118	0	0	5	2	2574	1306	34	1
1615	57	0	119	118	0	0	5	3	2574	1358	19	1
1616	57	0	119	118	0	0	5	4	2574	1682	12	1
1617	57	0	119	118	0	0	6	7	2574	2574	2	1
1618	57	0	119	118	0	0	6	0	2574	5126	119	1
1619	57	0	119	118	0	0	6	1	2574	2340	61	1
1620	57	0	119	118	0	0	6	2	2574	1528	32	1
1621	57	0	119	118	0	0	6	3	2574	1460	17	1
1622	57	0	119	118	0	0	6	4	2574	1728	10	1
1623	57	0	119	118	0	0	6	5	2574	2120	6	1
1624	58	0	121	120	0	0	0	7	2618	5214	119	1
1625	58	0	121	120	0	0	1	7	2618	2380	60	1
1626	58	0	121	120	0	0	1	0	2618	2616	179	1
1627	58	0	121	120	0	0	2	7	2618	1540	30	1
1628	58	0	121	120	0	0	2	0	2618	2248	149	1
1629	58	0	121	120	0	0	2	1	2618	1302	90	1
1630	58	0	121	120	0	0	3	7	2618	1480	15	1
1631	58	0	121	120	0	0	3	0	2618	2660	134	1
1632	58	0	121	120	0	0	3	1	2618	1242	75	1
1633	58	0	121	120	0	0	3	2	2618	1122	45	1
1634	58	0	121	120	0	0	4	7	2618	1756	8	1
1635	58	0	121	120	0	0	4	0	2618	3408	127	1
1636	58	0	121	120	0	0	4	1	2618	1518	68	1
1637	58	0	121	120	0	0	4	2	2618	1158	38	1
1638	58	0	121	120	0	0	4	3	2618	1338	23	1
1639	58	0	121	120	0	0	5	7	2618	2156	4	1
1640	58	0	121	120	0	0	5	0	2618	4280	123	1
1641	58	0	121	120	0	0	5	1	2618	1918	64	1
1642	58	0	121	120	0	0	5	2	2618	1318	34	1
1643	58	0	121	120	0	0	5	3	2618	1378	19	1
1644	58	0	121	120	0	0	5	4	2618	1710	12	1
1645	58	0	121	120	0	0	6	7	2618	2618	2	1
1646	58	0	121	120	0	0	6	0	2618	5214	121	1
1647	58	0	121	120	0	0	6	1	2618	2380	62	1
1648	58	0	121	120	0	0	6	2	2618	1540	32	1
1649	58	0	121	120	0	0	6	3	2618	1480	17	1
1650	58	0	121	120	0	0	6	4	2618	1756	10	1
1651	58	0	121	120	0	0	6	5	2618	2156	6	1
1652	59	0	123	122	0	0	0	7	2662	5302	121	1
1653	59	0	123	122	0	0	1	7	2662	2420	61	1
1654	59	0	123	122	0	0	1	0	2662	2660	182	1
1655	59	0	123	122	0	0	2	7	2662	1580	31	1
1656	59	0	123	122	0	0	2	0	2662	2300	152	1
1657	59	0	123	122	0	0	2	1	2662	1338	92	1
1658	59	0	123	122	0	0	3	7	2662	1520	16	1
1659	59	0	123	122	0	0	3	0	2662	2720	137	1
1660	59	0	123	122	0	0	3	1	2662	1278	77	1
1661	59	0	123	122	0	0	3	2	2662	1158	47	1
1662	59	0	123	122	0	0	4	7	2662	1784	8	1
1663	59	0	123	122	0	0	4	0	2662	3464	129	1
1664	59	0	123	122	0	0	4	1	2662	1542	69	1
1665	59	0	123	122	0	0	4	2	2662	1182	39	1
1666	59	0	123	122	0	0	4	3	2662	1362	24	1
1667	59	0	123	122	0	0	5	7	2662	2192	4	1
1668	59	0	123	122	0	0	5	0	2662	4352	125	1
1669	59	0	123	122	0	0	5	1	2662	1950	65	1
1670	59	0	123	122	0	0	5	2	2662	1350	35	1
1671	59	0	123	122	0	0	5	3	2662	1410	20	1
1672	59	0	123	122	0	0	5	4	2662	1738	12	1
1673	59	0	123	122	0	0	6	7	2662	2662	2	1
1674	59	0	123	122	0	0	6	0	2662	5302	123	1
1675	59	0	123	122	0	0	6	1	2662	2420	63	1
1676	59	0	123	122	0	0	6	2	2662	1580	33	1
1677	59	0	123	122	0	0	6	3	2662	1520	18	1
1678	59	0	123	122	0	0	6	4	2662	1784	10	1
1679	59	0	123	122	0	0	6	5	2662	2192	6	1
1680	60	0	125	124	0	0	0	7	2706	5390	123	1
1681	60	0	125	124	0	0	1	7	2706	2460	62	1
1682	60	0	125	124	0	0	1	0	2706	2704	185	1
1683	60	0	125	124	0	0	2	7	2706	1592	31	1
1684	60	0	125	124	0	0	2	0	2706	2324	154	1
1685	60	0	125	124	0	0	2	1	2706	1346	93	1
1686	60	0	125	124	0	0	3	7	2706	1540	16	1
1687	60	0	125	124	0	0	3	0	2706	2760	139	1
1688	60	0	125	124	0	0	3	1	2706	1294	78	1
1689	60	0	125	124	0	0	3	2	2706	1170	47	1
1690	60	0	125	124	0	0	4	7	2706	1812	8	1
1691	60	0	125	124	0	0	4	0	2706	3520	131	1
1692	60	0	125	124	0	0	4	1	2706	1566	70	1
1693	60	0	125	124	0	0	4	2	2706	1194	39	1
1694	60	0	125	124	0	0	4	3	2706	1382	24	1
1695	60	0	125	124	0	0	5	7	2706	2228	4	1
1696	60	0	125	124	0	0	5	0	2706	4424	127	1
1697	60	0	125	124	0	0	5	1	2706	1982	66	1
1698	60	0	125	124	0	0	5	2	2706	1362	35	1
1699	60	0	125	124	0	0	5	3	2706	1430	20	1
1700	60	0	125	124	0	0	5	4	2706	1766	12	1
1701	60	0	125	124	0	0	6	7	2706	2706	2	1
1702	60	0	125	124	0	0	6	0	2706	5390	125	1
1703	60	0	125	124	0	0	6	1	2706	2460	64	1
1704	60	0	125	124	0	0	6	2	2706	1592	33	1
1705	60	0	125	124	0	0	6	3	2706	1540	18	1
1706	60	0	125	124	0	0	6	4	2706	1812	10	1
1707	60	0	125	124	0	0	6	5	2706	2228	6	1
1708	61	0	127	126	0	0	0	7	2750	5478	125	1
1709	61	0	127	126	0	0	1	7	2750	2500	63	1
1710	61	0	127	126	0	0	1	0	2750	2748	188	1
1711	61	0	127	126	0	0	2	7	2750	1632	32	1
1712	61	0	127	126	0	0	2	0	2750	2376	157	1
1713	61	0	127	126	0	0	2	1	2750	1382	95	1
1714	61	0	127	126	0	0	3	7	2750	1560	16	1
1715	61	0	127	126	0	0	3	0	2750	2800	141	1
1716	61	0	127	126	0	0	3	1	2750	1310	79	1
1717	61	0	127	126	0	0	3	2	2750	1186	48	1
1718	61	0	127	126	0	0	4	7	2750	1840	8	1
1719	61	0	127	126	0	0	4	0	2750	3576	133	1
1720	61	0	127	126	0	0	4	1	2750	1590	71	1
1721	61	0	127	126	0	0	4	2	2750	1218	40	1
1722	61	0	127	126	0	0	4	3	2750	1402	24	1
1723	61	0	127	126	0	0	5	7	2750	2264	4	1
1724	61	0	127	126	0	0	5	0	2750	4496	129	1
1725	61	0	127	126	0	0	5	1	2750	2014	67	1
1726	61	0	127	126	0	0	5	2	2750	1394	36	1
1727	61	0	127	126	0	0	5	3	2750	1450	20	1
1728	61	0	127	126	0	0	5	4	2750	1794	12	1
1729	61	0	127	126	0	0	6	7	2750	2750	2	1
1730	61	0	127	126	0	0	6	0	2750	5478	127	1
1731	61	0	127	126	0	0	6	1	2750	2500	65	1
1732	61	0	127	126	0	0	6	2	2750	1632	34	1
1733	61	0	127	126	0	0	6	3	2750	1560	18	1
1734	61	0	127	126	0	0	6	4	2750	1840	10	1
1735	61	0	127	126	0	0	6	5	2750	2264	6	1
1736	62	0	129	128	0	0	0	7	2794	5566	127	1
1737	62	0	129	128	0	0	1	7	2794	2540	64	1
1738	62	0	129	128	0	0	1	0	2794	2792	191	1
1739	62	0	129	128	0	0	2	7	2794	1644	32	1
1740	62	0	129	128	0	0	2	0	2794	2400	159	1
1741	62	0	129	128	0	0	2	1	2794	1390	96	1
1742	62	0	129	128	0	0	3	7	2794	1580	16	1
1743	62	0	129	128	0	0	3	0	2794	2840	143	1
1744	62	0	129	128	0	0	3	1	2794	1326	80	1
1745	62	0	129	128	0	0	3	2	2794	1198	48	1
1746	62	0	129	128	0	0	4	7	2794	1868	8	1
1747	62	0	129	128	0	0	4	0	2794	3632	135	1
1748	62	0	129	128	0	0	4	1	2794	1614	72	1
1749	62	0	129	128	0	0	4	2	2794	1230	40	1
1750	62	0	129	128	0	0	4	3	2794	1422	24	1
1751	62	0	129	128	0	0	5	7	2794	2300	4	1
1752	62	0	129	128	0	0	5	0	2794	4568	131	1
1753	62	0	129	128	0	0	5	1	2794	2046	68	1
1754	62	0	129	128	0	0	5	2	2794	1406	36	1
1755	62	0	129	128	0	0	5	3	2794	1470	20	1
1756	62	0	129	128	0	0	5	4	2794	1822	12	1
1757	62	0	129	128	0	0	6	7	2794	2794	2	1
1758	62	0	129	128	0	0	6	0	2794	5566	129	1
1759	62	0	129	128	0	0	6	1	2794	2540	66	1
1760	62	0	129	128	0	0	6	2	2794	1644	34	1
1761	62	0	129	128	0	0	6	3	2794	1580	18	1
1762	62	0	129	128	0	0	6	4	2794	1868	10	1
1763	62	0	129	128	0	0	6	5	2794	2300	6	1
1764	63	0	131	130	0	0	0	7	2822	5638	129	1
1765	63	0	131	130	0	0	1	7	2822	2564	65	1
1766	63	0	131	130	0	0	1	0	2822	2820	194	1
1767	63	0	131	130	0	0	2	7	2822	1670	33	1
1768	63	0	131	130	0	0	2	0	2822	2438	162	1
1769	63	0	131	130	0	0	2	1	2822	1412	98	1
1770	63	0	131	130	0	0	3	7	2822	1606	17	1
1771	63	0	131	130	0	0	3	0	2822	2886	146	1
1772	63	0	131	130	0	0	3	1	2822	1348	82	1
1773	63	0	131	130	0	0	3	2	2822	1222	50	1
1774	63	0	131	130	0	0	4	7	2822	1894	9	1
1775	63	0	131	130	0	0	4	0	2822	3686	138	1
1776	63	0	131	130	0	0	4	1	2822	1636	74	1
1777	63	0	131	130	0	0	4	2	2822	1254	42	1
1778	63	0	131	130	0	0	4	3	2822	1446	26	1
1779	63	0	131	130	0	0	5	7	2822	2326	5	1
1780	63	0	131	130	0	0	5	0	2822	4630	134	1
1781	63	0	131	130	0	0	5	1	2822	2068	70	1
1782	63	0	131	130	0	0	5	2	2822	1430	38	1
1783	63	0	131	130	0	0	5	3	2822	1494	22	1
1784	63	0	131	130	0	0	5	4	2822	1846	14	1
1785	63	0	131	130	0	0	6	7	2822	2822	3	1
1786	63	0	131	130	0	0	6	0	2822	5638	132	1
1787	63	0	131	130	0	0	6	1	2822	2564	68	1
1788	63	0	131	130	0	0	6	2	2822	1670	36	1
1789	63	0	131	130	0	0	6	3	2822	1606	20	1
1790	63	0	131	130	0	0	6	4	2822	1894	12	1
1791	63	0	131	130	0	0	6	5	2822	2326	8	1
1792	64	0	133	132	0	0	0	7	2846	5682	131	1
1793	64	0	133	132	0	0	1	7	2846	2584	66	1
1794	64	0	133	132	0	0	1	0	2846	2844	197	1
1795	64	0	133	132	0	0	2	7	2846	1684	33	1
1796	64	0	133	132	0	0	2	0	2846	2464	164	1
1797	64	0	133	132	0	0	2	1	2846	1422	99	1
1798	64	0	133	132	0	0	3	7	2846	1630	17	1
1799	64	0	133	132	0	0	3	0	2846	2930	148	1
1800	64	0	133	132	0	0	3	1	2846	1368	83	1
1801	64	0	133	132	0	0	3	2	2846	1236	50	1
1802	64	0	133	132	0	0	4	7	2846	1918	9	1
1803	64	0	133	132	0	0	4	0	2846	3730	140	1
1804	64	0	133	132	0	0	4	1	2846	1656	75	1
1805	64	0	133	132	0	0	4	2	2846	1268	42	1
1806	64	0	133	132	0	0	4	3	2846	1470	26	1
1807	64	0	133	132	0	0	5	7	2846	2350	5	1
1808	64	0	133	132	0	0	5	0	2846	4674	136	1
1809	64	0	133	132	0	0	5	1	2846	2088	71	1
1810	64	0	133	132	0	0	5	2	2846	1444	38	1
1811	64	0	133	132	0	0	5	3	2846	1518	22	1
1812	64	0	133	132	0	0	5	4	2846	1870	14	1
1813	64	0	133	132	0	0	6	7	2846	2846	3	1
1814	64	0	133	132	0	0	6	0	2846	5682	134	1
1815	64	0	133	132	0	0	6	1	2846	2584	69	1
1816	64	0	133	132	0	0	6	2	2846	1684	36	1
1817	64	0	133	132	0	0	6	3	2846	1630	20	1
1818	64	0	133	132	0	0	6	4	2846	1918	12	1
1819	64	0	133	132	0	0	6	5	2846	2350	8	1
1820	65	0	135	134	0	0	0	7	2866	5722	133	1
1821	65	0	135	134	0	0	1	7	2866	2600	67	1
1822	65	0	135	134	0	0	1	0	2866	2864	200	1
1823	65	0	135	134	0	0	2	7	2866	1700	34	1
1824	65	0	135	134	0	0	2	0	2866	2492	167	1
1825	65	0	135	134	0	0	2	1	2866	1434	101	1
1826	65	0	135	134	0	0	3	7	2866	1650	17	1
1827	65	0	135	134	0	0	3	0	2866	2970	150	1
1828	65	0	135	134	0	0	3	1	2866	1384	84	1
1829	65	0	135	134	0	0	3	2	2866	1252	51	1
1830	65	0	135	134	0	0	4	7	2866	1938	9	1
1831	65	0	135	134	0	0	4	0	2866	3770	142	1
1832	65	0	135	134	0	0	4	1	2866	1672	76	1
1833	65	0	135	134	0	0	4	2	2866	1284	43	1
1834	65	0	135	134	0	0	4	3	2866	1490	26	1
1835	65	0	135	134	0	0	5	7	2866	2370	5	1
1836	65	0	135	134	0	0	5	0	2866	4714	138	1
1837	65	0	135	134	0	0	5	1	2866	2104	72	1
1838	65	0	135	134	0	0	5	2	2866	1460	39	1
1839	65	0	135	134	0	0	5	3	2866	1538	22	1
1840	65	0	135	134	0	0	5	4	2866	1890	14	1
1841	65	0	135	134	0	0	6	7	2866	2866	3	1
1842	65	0	135	134	0	0	6	0	2866	5722	136	1
1843	65	0	135	134	0	0	6	1	2866	2600	70	1
1844	65	0	135	134	0	0	6	2	2866	1700	37	1
1845	65	0	135	134	0	0	6	3	2866	1650	20	1
1846	65	0	135	134	0	0	6	4	2866	1938	12	1
1847	65	0	135	134	0	0	6	5	2866	2370	8	1
1848	66	0	137	136	0	0	0	7	2914	5814	135	1
1849	66	0	137	136	0	0	1	7	2914	2644	68	1
1850	66	0	137	136	0	0	1	0	2914	2912	203	1
1851	66	0	137	136	0	0	2	7	2914	1724	34	1
1852	66	0	137	136	0	0	2	0	2914	2528	169	1
1853	66	0	137	136	0	0	2	1	2914	1454	102	1
1854	66	0	137	136	0	0	3	7	2914	1672	17	1
1855	66	0	137	136	0	0	3	0	2914	3012	152	1
1856	66	0	137	136	0	0	3	1	2914	1402	85	1
1857	66	0	137	136	0	0	3	2	2914	1266	51	1
1858	66	0	137	136	0	0	4	7	2914	1986	9	1
1859	66	0	137	136	0	0	4	0	2914	3862	144	1
1860	66	0	137	136	0	0	4	1	2914	1716	77	1
1861	66	0	137	136	0	0	4	2	2914	1308	43	1
1862	66	0	137	136	0	0	4	3	2914	1512	26	1
1863	66	0	137	136	0	0	5	7	2914	2418	5	1
1864	66	0	137	136	0	0	5	0	2914	4806	140	1
1865	66	0	137	136	0	0	5	1	2914	2148	73	1
1866	66	0	137	136	0	0	5	2	2914	1484	39	1
1867	66	0	137	136	0	0	5	3	2914	1560	22	1
1868	66	0	137	136	0	0	5	4	2914	1938	14	1
1869	66	0	137	136	0	0	6	7	2914	2914	3	1
1870	66	0	137	136	0	0	6	0	2914	5814	138	1
1871	66	0	137	136	0	0	6	1	2914	2644	71	1
1872	66	0	137	136	0	0	6	2	2914	1724	37	1
1873	66	0	137	136	0	0	6	3	2914	1672	20	1
1874	66	0	137	136	0	0	6	4	2914	1986	12	1
1875	66	0	137	136	0	0	6	5	2914	2418	8	1
1876	67	0	139	138	0	0	0	7	2942	5870	137	1
1877	67	0	139	138	0	0	1	7	2942	2668	69	1
1878	67	0	139	138	0	0	1	0	2942	2940	206	1
1879	67	0	139	138	0	0	2	7	2942	1748	35	1
1880	67	0	139	138	0	0	2	0	2942	2564	172	1
1881	67	0	139	138	0	0	2	1	2942	1474	104	1
1882	67	0	139	138	0	0	3	7	2942	1696	18	1
1883	67	0	139	138	0	0	3	0	2942	3056	155	1
1884	67	0	139	138	0	0	3	1	2942	1422	87	1
1885	67	0	139	138	0	0	3	2	2942	1286	53	1
1886	67	0	139	138	0	0	4	7	2942	2014	9	1
1887	67	0	139	138	0	0	4	0	2942	3918	146	1
1888	67	0	139	138	0	0	4	1	2942	1740	78	1
1889	67	0	139	138	0	0	4	2	2942	1332	44	1
1890	67	0	139	138	0	0	4	3	2942	1536	27	1
1891	67	0	139	138	0	0	5	7	2942	2446	5	1
1892	67	0	139	138	0	0	5	0	2942	4862	142	1
1893	67	0	139	138	0	0	5	1	2942	2172	74	1
1894	67	0	139	138	0	0	5	2	2942	1508	40	1
1895	67	0	139	138	0	0	5	3	2942	1584	23	1
1896	67	0	139	138	0	0	5	4	2942	1966	14	1
1897	67	0	139	138	0	0	6	7	2942	2942	3	1
1898	67	0	139	138	0	0	6	0	2942	5870	140	1
1899	67	0	139	138	0	0	6	1	2942	2668	72	1
1900	67	0	139	138	0	0	6	2	2942	1748	38	1
1901	67	0	139	138	0	0	6	3	2942	1696	21	1
1902	67	0	139	138	0	0	6	4	2942	2014	12	1
1903	67	0	139	138	0	0	6	5	2942	2446	8	1
1904	68	0	141	140	0	0	0	7	2970	5926	139	1
1905	68	0	141	140	0	0	1	7	2970	2692	70	1
1906	68	0	141	140	0	0	1	0	2970	2968	209	1
1907	68	0	141	140	0	0	2	7	2970	1760	35	1
1908	68	0	141	140	0	0	2	0	2970	2588	174	1
1909	68	0	141	140	0	0	2	1	2970	1482	105	1
1910	68	0	141	140	0	0	3	7	2970	1716	18	1
1911	68	0	141	140	0	0	3	0	2970	3096	157	1
1912	68	0	141	140	0	0	3	1	2970	1438	88	1
1913	68	0	141	140	0	0	3	2	2970	1298	53	1
1914	68	0	141	140	0	0	4	7	2970	2042	9	1
1915	68	0	141	140	0	0	4	0	2970	3974	148	1
1916	68	0	141	140	0	0	4	1	2970	1764	79	1
1917	68	0	141	140	0	0	4	2	2970	1344	44	1
1918	68	0	141	140	0	0	4	3	2970	1556	27	1
1919	68	0	141	140	0	0	5	7	2970	2474	5	1
1920	68	0	141	140	0	0	5	0	2970	4918	144	1
1921	68	0	141	140	0	0	5	1	2970	2196	75	1
1922	68	0	141	140	0	0	5	2	2970	1520	40	1
1923	68	0	141	140	0	0	5	3	2970	1604	23	1
1924	68	0	141	140	0	0	5	4	2970	1994	14	1
1925	68	0	141	140	0	0	6	7	2970	2970	3	1
1926	68	0	141	140	0	0	6	0	2970	5926	142	1
1927	68	0	141	140	0	0	6	1	2970	2692	73	1
1928	68	0	141	140	0	0	6	2	2970	1760	38	1
1929	68	0	141	140	0	0	6	3	2970	1716	21	1
1930	68	0	141	140	0	0	6	4	2970	2042	12	1
1931	68	0	141	140	0	0	6	5	2970	2474	8	1
1932	69	0	143	142	0	0	0	7	2998	5982	141	1
1933	69	0	143	142	0	0	1	7	2998	2716	71	1
1934	69	0	143	142	0	0	1	0	2998	2996	212	1
1935	69	0	143	142	0	0	2	7	2998	1784	36	1
1936	69	0	143	142	0	0	2	0	2998	2624	177	1
1937	69	0	143	142	0	0	2	1	2998	1502	107	1
1938	69	0	143	142	0	0	3	7	2998	1736	18	1
1939	69	0	143	142	0	0	3	0	2998	3136	159	1
1940	69	0	143	142	0	0	3	1	2998	1454	89	1
1941	69	0	143	142	0	0	3	2	2998	1314	54	1
1942	69	0	143	142	0	0	4	7	2998	2070	9	1
1943	69	0	143	142	0	0	4	0	2998	4030	150	1
1944	69	0	143	142	0	0	4	1	2998	1788	80	1
1945	69	0	143	142	0	0	4	2	2998	1368	45	1
1946	69	0	143	142	0	0	4	3	2998	1576	27	1
1947	69	0	143	142	0	0	5	7	2998	2502	5	1
1948	69	0	143	142	0	0	5	0	2998	4974	146	1
1949	69	0	143	142	0	0	5	1	2998	2220	76	1
1950	69	0	143	142	0	0	5	2	2998	1544	41	1
1951	69	0	143	142	0	0	5	3	2998	1624	23	1
1952	69	0	143	142	0	0	5	4	2998	2022	14	1
1953	69	0	143	142	0	0	6	7	2998	2998	3	1
1954	69	0	143	142	0	0	6	0	2998	5982	144	1
1955	69	0	143	142	0	0	6	1	2998	2716	74	1
1956	69	0	143	142	0	0	6	2	2998	1784	39	1
1957	69	0	143	142	0	0	6	3	2998	1736	21	1
1958	69	0	143	142	0	0	6	4	2998	2070	12	1
1959	69	0	143	142	0	0	6	5	2998	2502	8	1
1960	70	0	145	144	0	0	0	7	3086	6154	143	1
1961	70	0	145	144	0	0	1	7	3086	2800	72	1
1962	70	0	145	144	0	0	1	0	3086	3084	215	1
1963	70	0	145	144	0	0	2	7	3086	1824	36	1
1964	70	0	145	144	0	0	2	0	3086	2676	179	1
1965	70	0	145	144	0	0	2	1	3086	1538	108	1
1966	70	0	145	144	0	0	3	7	3086	1768	18	1
1967	70	0	145	144	0	0	3	0	3086	3188	161	1
1968	70	0	145	144	0	0	3	1	3086	1482	90	1
1969	70	0	145	144	0	0	3	2	3086	1338	54	1
1970	70	0	145	144	0	0	4	7	3086	2100	9	1
1971	70	0	145	144	0	0	4	0	3086	4088	152	1
1972	70	0	145	144	0	0	4	1	3086	1814	81	1
1973	70	0	145	144	0	0	4	2	3086	1382	45	1
1974	70	0	145	144	0	0	4	3	3086	1598	27	1
1975	70	0	145	144	0	0	5	7	3086	2590	5	1
1976	70	0	145	144	0	0	5	0	3086	5146	148	1
1977	70	0	145	144	0	0	5	1	3086	2304	77	1
1978	70	0	145	144	0	0	5	2	3086	1584	41	1
1979	70	0	145	144	0	0	5	3	3086	1656	23	1
1980	70	0	145	144	0	0	5	4	3086	2052	14	1
1981	70	0	145	144	0	0	6	7	3086	3086	3	1
1982	70	0	145	144	0	0	6	0	3086	6154	146	1
1983	70	0	145	144	0	0	6	1	3086	2800	75	1
1984	70	0	145	144	0	0	6	2	3086	1824	39	1
1985	70	0	145	144	0	0	6	3	3086	1768	21	1
1986	70	0	145	144	0	0	6	4	3086	2100	12	1
1987	70	0	145	144	0	0	6	5	3086	2590	8	1
1988	71	0	147	146	0	0	0	7	3122	6226	145	1
1989	71	0	147	146	0	0	1	7	3122	2832	73	1
1990	71	0	147	146	0	0	1	0	3122	3120	218	1
1991	71	0	147	146	0	0	2	7	3122	1856	37	1
1992	71	0	147	146	0	0	2	0	3122	2720	182	1
1993	71	0	147	146	0	0	2	1	3122	1566	110	1
1994	71	0	147	146	0	0	3	7	3122	1800	19	1
1995	71	0	147	146	0	0	3	0	3122	3240	164	1
1996	71	0	147	146	0	0	3	1	3122	1510	92	1
1997	71	0	147	146	0	0	3	2	3122	1366	56	1
1998	71	0	147	146	0	0	4	7	3122	2132	10	1
1999	71	0	147	146	0	0	4	0	3122	4148	155	1
2000	71	0	147	146	0	0	4	1	3122	1842	83	1
2001	71	0	147	146	0	0	4	2	3122	1410	47	1
2002	71	0	147	146	0	0	4	3	3122	1626	29	1
2003	71	0	147	146	0	0	5	7	3122	2626	5	1
2004	71	0	147	146	0	0	5	0	3122	5218	150	1
2005	71	0	147	146	0	0	5	1	3122	2336	78	1
2006	71	0	147	146	0	0	5	2	3122	1616	42	1
2007	71	0	147	146	0	0	5	3	3122	1688	24	1
2008	71	0	147	146	0	0	5	4	3122	2084	15	1
2009	71	0	147	146	0	0	6	7	3122	3122	3	1
2010	71	0	147	146	0	0	6	0	3122	6226	148	1
2011	71	0	147	146	0	0	6	1	3122	2832	76	1
2012	71	0	147	146	0	0	6	2	3122	1856	40	1
2013	71	0	147	146	0	0	6	3	3122	1800	22	1
2014	71	0	147	146	0	0	6	4	3122	2132	13	1
2015	71	0	147	146	0	0	6	5	3122	2626	8	1
2016	72	0	149	148	0	0	0	7	3158	6298	147	1
2017	72	0	149	148	0	0	1	7	3158	2864	74	1
2018	72	0	149	148	0	0	1	0	3158	3156	221	1
2019	72	0	149	148	0	0	2	7	3158	1868	37	1
2020	72	0	149	148	0	0	2	0	3158	2744	184	1
2021	72	0	149	148	0	0	2	1	3158	1574	111	1
2022	72	0	149	148	0	0	3	7	3158	1820	19	1
2023	72	0	149	148	0	0	3	0	3158	3280	166	1
2024	72	0	149	148	0	0	3	1	3158	1526	93	1
2025	72	0	149	148	0	0	3	2	3158	1378	56	1
2026	72	0	149	148	0	0	4	7	3158	2160	10	1
2027	72	0	149	148	0	0	4	0	3158	4204	157	1
2028	72	0	149	148	0	0	4	1	3158	1866	84	1
2029	72	0	149	148	0	0	4	2	3158	1422	47	1
2030	72	0	149	148	0	0	4	3	3158	1646	29	1
2031	72	0	149	148	0	0	5	7	3158	2662	5	1
2032	72	0	149	148	0	0	5	0	3158	5290	152	1
2033	72	0	149	148	0	0	5	1	3158	2368	79	1
2034	72	0	149	148	0	0	5	2	3158	1628	42	1
2035	72	0	149	148	0	0	5	3	3158	1708	24	1
2036	72	0	149	148	0	0	5	4	3158	2112	15	1
2037	72	0	149	148	0	0	6	7	3158	3158	3	1
2038	72	0	149	148	0	0	6	0	3158	6298	150	1
2039	72	0	149	148	0	0	6	1	3158	2864	77	1
2040	72	0	149	148	0	0	6	2	3158	1868	40	1
2041	72	0	149	148	0	0	6	3	3158	1820	22	1
2042	72	0	149	148	0	0	6	4	3158	2160	13	1
2043	72	0	149	148	0	0	6	5	3158	2662	8	1
2044	73	0	151	150	0	0	0	7	3194	6370	149	1
2045	73	0	151	150	0	0	1	7	3194	2896	75	1
2046	73	0	151	150	0	0	1	0	3194	3192	224	1
2047	73	0	151	150	0	0	2	7	3194	1900	38	1
2048	73	0	151	150	0	0	2	0	3194	2788	187	1
2049	73	0	151	150	0	0	2	1	3194	1602	113	1
2050	73	0	151	150	0	0	3	7	3194	1840	19	1
2051	73	0	151	150	0	0	3	0	3194	3320	168	1
2052	73	0	151	150	0	0	3	1	3194	1542	94	1
2053	73	0	151	150	0	0	3	2	3194	1394	57	1
2054	73	0	151	150	0	0	4	7	3194	2188	10	1
2055	73	0	151	150	0	0	4	0	3194	4260	159	1
2056	73	0	151	150	0	0	4	1	3194	1890	85	1
2057	73	0	151	150	0	0	4	2	3194	1446	48	1
2058	73	0	151	150	0	0	4	3	3194	1666	29	1
2059	73	0	151	150	0	0	5	7	3194	2698	5	1
2060	73	0	151	150	0	0	5	0	3194	5362	154	1
2061	73	0	151	150	0	0	5	1	3194	2400	80	1
2062	73	0	151	150	0	0	5	2	3194	1660	43	1
2063	73	0	151	150	0	0	5	3	3194	1728	24	1
2064	73	0	151	150	0	0	5	4	3194	2140	15	1
2065	73	0	151	150	0	0	6	7	3194	3194	3	1
2066	73	0	151	150	0	0	6	0	3194	6370	152	1
2067	73	0	151	150	0	0	6	1	3194	2896	78	1
2068	73	0	151	150	0	0	6	2	3194	1900	41	1
2069	73	0	151	150	0	0	6	3	3194	1840	22	1
2070	73	0	151	150	0	0	6	4	3194	2188	13	1
2071	73	0	151	150	0	0	6	5	3194	2698	8	1
2072	74	0	153	152	0	0	0	7	3230	6442	151	1
2073	74	0	153	152	0	0	1	7	3230	2928	76	1
2074	74	0	153	152	0	0	1	0	3230	3228	227	1
2075	74	0	153	152	0	0	2	7	3230	1912	38	1
2076	74	0	153	152	0	0	2	0	3230	2812	189	1
2077	74	0	153	152	0	0	2	1	3230	1610	114	1
2078	74	0	153	152	0	0	3	7	3230	1860	19	1
2079	74	0	153	152	0	0	3	0	3230	3360	170	1
2080	74	0	153	152	0	0	3	1	3230	1558	95	1
2081	74	0	153	152	0	0	3	2	3230	1406	57	1
2082	74	0	153	152	0	0	4	7	3230	2216	10	1
2083	74	0	153	152	0	0	4	0	3230	4316	161	1
2084	74	0	153	152	0	0	4	1	3230	1914	86	1
2085	74	0	153	152	0	0	4	2	3230	1458	48	1
2086	74	0	153	152	0	0	4	3	3230	1686	29	1
2087	74	0	153	152	0	0	5	7	3230	2734	5	1
2088	74	0	153	152	0	0	5	0	3230	5434	156	1
2089	74	0	153	152	0	0	5	1	3230	2432	81	1
2090	74	0	153	152	0	0	5	2	3230	1672	43	1
2091	74	0	153	152	0	0	5	3	3230	1748	24	1
2092	74	0	153	152	0	0	5	4	3230	2168	15	1
2093	74	0	153	152	0	0	6	7	3230	3230	3	1
2094	74	0	153	152	0	0	6	0	3230	6442	154	1
2095	74	0	153	152	0	0	6	1	3230	2928	79	1
2096	74	0	153	152	0	0	6	2	3230	1912	41	1
2097	74	0	153	152	0	0	6	3	3230	1860	22	1
2098	74	0	153	152	0	0	6	4	3230	2216	13	1
2099	74	0	153	152	0	0	6	5	3230	2734	8	1
2100	75	0	155	154	0	0	0	7	3266	6514	153	1
2101	75	0	155	154	0	0	1	7	3266	2960	77	1
2102	75	0	155	154	0	0	1	0	3266	3264	230	1
2103	75	0	155	154	0	0	2	7	3266	1944	39	1
2104	75	0	155	154	0	0	2	0	3266	2856	192	1
2105	75	0	155	154	0	0	2	1	3266	1638	116	1
2106	75	0	155	154	0	0	3	7	3266	1892	20	1
2107	75	0	155	154	0	0	3	0	3266	3412	173	1
2108	75	0	155	154	0	0	3	1	3266	1586	97	1
2109	75	0	155	154	0	0	3	2	3266	1434	59	1
2110	75	0	155	154	0	0	4	7	3266	2244	10	1
2111	75	0	155	154	0	0	4	0	3266	4372	163	1
2112	75	0	155	154	0	0	4	1	3266	1938	87	1
2113	75	0	155	154	0	0	4	2	3266	1482	49	1
2114	75	0	155	154	0	0	4	3	3266	1710	30	1
2115	75	0	155	154	0	0	5	7	3266	2770	5	1
2116	75	0	155	154	0	0	5	0	3266	5506	158	1
2117	75	0	155	154	0	0	5	1	3266	2464	82	1
2118	75	0	155	154	0	0	5	2	3266	1704	44	1
2119	75	0	155	154	0	0	5	3	3266	1780	25	1
2120	75	0	155	154	0	0	5	4	3266	2196	15	1
2121	75	0	155	154	0	0	6	7	3266	3266	3	1
2122	75	0	155	154	0	0	6	0	3266	6514	156	1
2123	75	0	155	154	0	0	6	1	3266	2960	80	1
2124	75	0	155	154	0	0	6	2	3266	1944	42	1
2125	75	0	155	154	0	0	6	3	3266	1892	23	1
2126	75	0	155	154	0	0	6	4	3266	2244	13	1
2127	75	0	155	154	0	0	6	5	3266	2770	8	1
2128	76	0	157	156	0	0	0	7	3302	6586	155	1
2129	76	0	157	156	0	0	1	7	3302	2992	78	1
2130	76	0	157	156	0	0	1	0	3302	3300	233	1
2131	76	0	157	156	0	0	2	7	3302	1956	39	1
2132	76	0	157	156	0	0	2	0	3302	2880	194	1
2133	76	0	157	156	0	0	2	1	3302	1646	117	1
2134	76	0	157	156	0	0	3	7	3302	1912	20	1
2135	76	0	157	156	0	0	3	0	3302	3452	175	1
2136	76	0	157	156	0	0	3	1	3302	1602	98	1
2137	76	0	157	156	0	0	3	2	3302	1446	59	1
2138	76	0	157	156	0	0	4	7	3302	2272	10	1
2139	76	0	157	156	0	0	4	0	3302	4428	165	1
2140	76	0	157	156	0	0	4	1	3302	1962	88	1
2141	76	0	157	156	0	0	4	2	3302	1494	49	1
2142	76	0	157	156	0	0	4	3	3302	1730	30	1
2143	76	0	157	156	0	0	5	7	3302	2806	5	1
2144	76	0	157	156	0	0	5	0	3302	5578	160	1
2145	76	0	157	156	0	0	5	1	3302	2496	83	1
2146	76	0	157	156	0	0	5	2	3302	1716	44	1
2147	76	0	157	156	0	0	5	3	3302	1800	25	1
2148	76	0	157	156	0	0	5	4	3302	2224	15	1
2149	76	0	157	156	0	0	6	7	3302	3302	3	1
2150	76	0	157	156	0	0	6	0	3302	6586	158	1
2151	76	0	157	156	0	0	6	1	3302	2992	81	1
2152	76	0	157	156	0	0	6	2	3302	1956	42	1
2153	76	0	157	156	0	0	6	3	3302	1912	23	1
2154	76	0	157	156	0	0	6	4	3302	2272	13	1
2155	76	0	157	156	0	0	6	5	3302	2806	8	1
2156	77	0	159	158	0	0	0	7	3338	6658	157	1
2157	77	0	159	158	0	0	1	7	3338	3024	79	1
2158	77	0	159	158	0	0	1	0	3338	3336	236	1
2159	77	0	159	158	0	0	2	7	3338	1988	40	1
2160	77	0	159	158	0	0	2	0	3338	2924	197	1
2161	77	0	159	158	0	0	2	1	3338	1674	119	1
2162	77	0	159	158	0	0	3	7	3338	1932	20	1
2163	77	0	159	158	0	0	3	0	3338	3492	177	1
2164	77	0	159	158	0	0	3	1	3338	1618	99	1
2165	77	0	159	158	0	0	3	2	3338	1462	60	1
2166	77	0	159	158	0	0	4	7	3338	2300	10	1
2167	77	0	159	158	0	0	4	0	3338	4484	167	1
2168	77	0	159	158	0	0	4	1	3338	1986	89	1
2169	77	0	159	158	0	0	4	2	3338	1518	50	1
2170	77	0	159	158	0	0	4	3	3338	1750	30	1
2171	77	0	159	158	0	0	5	7	3338	2842	5	1
2172	77	0	159	158	0	0	5	0	3338	5650	162	1
2173	77	0	159	158	0	0	5	1	3338	2528	84	1
2174	77	0	159	158	0	0	5	2	3338	1748	45	1
2175	77	0	159	158	0	0	5	3	3338	1820	25	1
2176	77	0	159	158	0	0	5	4	3338	2252	15	1
2177	77	0	159	158	0	0	6	7	3338	3338	3	1
2178	77	0	159	158	0	0	6	0	3338	6658	160	1
2179	77	0	159	158	0	0	6	1	3338	3024	82	1
2180	77	0	159	158	0	0	6	2	3338	1988	43	1
2181	77	0	159	158	0	0	6	3	3338	1932	23	1
2182	77	0	159	158	0	0	6	4	3338	2300	13	1
2183	77	0	159	158	0	0	6	5	3338	2842	8	1
2184	78	0	161	160	0	0	0	7	3498	6974	159	1
2185	78	0	161	160	0	0	1	7	3498	3180	80	1
2186	78	0	161	160	0	0	1	0	3498	3496	239	1
2187	78	0	161	160	0	0	2	7	3498	2060	40	1
2188	78	0	161	160	0	0	2	0	3498	3008	199	1
2189	78	0	161	160	0	0	2	1	3498	1742	120	1
2190	78	0	161	160	0	0	3	7	3498	1980	20	1
2191	78	0	161	160	0	0	3	0	3498	3560	179	1
2192	78	0	161	160	0	0	3	1	3498	1662	100	1
2193	78	0	161	160	0	0	3	2	3498	1502	60	1
2194	78	0	161	160	0	0	4	7	3498	2340	10	1
2195	78	0	161	160	0	0	4	0	3498	4552	169	1
2196	78	0	161	160	0	0	4	1	3498	2022	90	1
2197	78	0	161	160	0	0	4	2	3498	1542	50	1
2198	78	0	161	160	0	0	4	3	3498	1782	30	1
2199	78	0	161	160	0	0	5	7	3498	2880	5	1
2200	78	0	161	160	0	0	5	0	3498	5724	164	1
2201	78	0	161	160	0	0	5	1	3498	2562	85	1
2202	78	0	161	160	0	0	5	2	3498	1762	45	1
2203	78	0	161	160	0	0	5	3	3498	1842	25	1
2204	78	0	161	160	0	0	5	4	3498	2282	15	1
2205	78	0	161	160	0	0	6	7	3498	3498	3	1
2206	78	0	161	160	0	0	6	0	3498	6974	162	1
2207	78	0	161	160	0	0	6	1	3498	3180	83	1
2208	78	0	161	160	0	0	6	2	3498	2060	43	1
2209	78	0	161	160	0	0	6	3	3498	1980	23	1
2210	78	0	161	160	0	0	6	4	3498	2340	13	1
2211	78	0	161	160	0	0	6	5	3498	2880	8	1
2212	79	0	163	162	0	0	0	7	3542	7062	161	1
2213	79	0	163	162	0	0	1	7	3542	3220	81	1
2214	79	0	163	162	0	0	1	0	3542	3540	242	1
2215	79	0	163	162	0	0	2	7	3542	2100	41	1
2216	79	0	163	162	0	0	2	0	3542	3060	202	1
2217	79	0	163	162	0	0	2	1	3542	1778	122	1
2218	79	0	163	162	0	0	3	7	3542	2020	21	1
2219	79	0	163	162	0	0	3	0	3542	3620	182	1
2220	79	0	163	162	0	0	3	1	3542	1698	102	1
2221	79	0	163	162	0	0	3	2	3542	1538	62	1
2222	79	0	163	162	0	0	4	7	3542	2380	11	1
2223	79	0	163	162	0	0	4	0	3542	4620	172	1
2224	79	0	163	162	0	0	4	1	3542	2058	92	1
2225	79	0	163	162	0	0	4	2	3542	1578	52	1
2226	79	0	163	162	0	0	4	3	3542	1818	32	1
2227	79	0	163	162	0	0	5	7	3542	2920	6	1
2228	79	0	163	162	0	0	5	0	3542	5800	167	1
2229	79	0	163	162	0	0	5	1	3542	2598	87	1
2230	79	0	163	162	0	0	5	2	3542	1798	47	1
2231	79	0	163	162	0	0	5	3	3542	1878	27	1
2232	79	0	163	162	0	0	5	4	3542	2318	17	1
2233	79	0	163	162	0	0	6	7	3542	3542	3	1
2234	79	0	163	162	0	0	6	0	3542	7062	164	1
2235	79	0	163	162	0	0	6	1	3542	3220	84	1
2236	79	0	163	162	0	0	6	2	3542	2100	44	1
2237	79	0	163	162	0	0	6	3	3542	2020	24	1
2238	79	0	163	162	0	0	6	4	3542	2380	14	1
2239	79	0	163	162	0	0	6	5	3542	2920	9	1
2240	80	0	165	164	0	0	0	7	3586	7150	163	1
2241	80	0	165	164	0	0	1	7	3586	3260	82	1
2242	80	0	165	164	0	0	1	0	3586	3584	245	1
2243	80	0	165	164	0	0	2	7	3586	2112	41	1
2244	80	0	165	164	0	0	2	0	3586	3084	204	1
2245	80	0	165	164	0	0	2	1	3586	1786	123	1
2246	80	0	165	164	0	0	3	7	3586	2040	21	1
2247	80	0	165	164	0	0	3	0	3586	3660	184	1
2248	80	0	165	164	0	0	3	1	3586	1714	103	1
2249	80	0	165	164	0	0	3	2	3586	1550	62	1
2250	80	0	165	164	0	0	4	7	3586	2408	11	1
2251	80	0	165	164	0	0	4	0	3586	4676	174	1
2252	80	0	165	164	0	0	4	1	3586	2082	93	1
2253	80	0	165	164	0	0	4	2	3586	1590	52	1
2254	80	0	165	164	0	0	4	3	3586	1838	32	1
2255	80	0	165	164	0	0	5	7	3586	2956	6	1
2256	80	0	165	164	0	0	5	0	3586	5872	169	1
2257	80	0	165	164	0	0	5	1	3586	2630	88	1
2258	80	0	165	164	0	0	5	2	3586	1810	47	1
2259	80	0	165	164	0	0	5	3	3586	1898	27	1
2260	80	0	165	164	0	0	5	4	3586	2346	17	1
2261	80	0	165	164	0	0	6	7	3586	3586	3	1
2262	80	0	165	164	0	0	6	0	3586	7150	166	1
2263	80	0	165	164	0	0	6	1	3586	3260	85	1
2264	80	0	165	164	0	0	6	2	3586	2112	44	1
2265	80	0	165	164	0	0	6	3	3586	2040	24	1
2266	80	0	165	164	0	0	6	4	3586	2408	14	1
2267	80	0	165	164	0	0	6	5	3586	2956	9	1
2268	81	0	167	166	0	0	0	7	3630	7238	165	1
2269	81	0	167	166	0	0	1	7	3630	3300	83	1
2270	81	0	167	166	0	0	1	0	3630	3628	248	1
2271	81	0	167	166	0	0	2	7	3630	2152	42	1
2272	81	0	167	166	0	0	2	0	3630	3136	207	1
2273	81	0	167	166	0	0	2	1	3630	1822	125	1
2274	81	0	167	166	0	0	3	7	3630	2060	21	1
2275	81	0	167	166	0	0	3	0	3630	3700	186	1
2276	81	0	167	166	0	0	3	1	3630	1730	104	1
2277	81	0	167	166	0	0	3	2	3630	1566	63	1
2278	81	0	167	166	0	0	4	7	3630	2436	11	1
2279	81	0	167	166	0	0	4	0	3630	4732	176	1
2280	81	0	167	166	0	0	4	1	3630	2106	94	1
2281	81	0	167	166	0	0	4	2	3630	1614	53	1
2282	81	0	167	166	0	0	4	3	3630	1858	32	1
2283	81	0	167	166	0	0	5	7	3630	2992	6	1
2284	81	0	167	166	0	0	5	0	3630	5944	171	1
2285	81	0	167	166	0	0	5	1	3630	2662	89	1
2286	81	0	167	166	0	0	5	2	3630	1842	48	1
2287	81	0	167	166	0	0	5	3	3630	1918	27	1
2288	81	0	167	166	0	0	5	4	3630	2374	17	1
2289	81	0	167	166	0	0	6	7	3630	3630	3	1
2290	81	0	167	166	0	0	6	0	3630	7238	168	1
2291	81	0	167	166	0	0	6	1	3630	3300	86	1
2292	81	0	167	166	0	0	6	2	3630	2152	45	1
2293	81	0	167	166	0	0	6	3	3630	2060	24	1
2294	81	0	167	166	0	0	6	4	3630	2436	14	1
2295	81	0	167	166	0	0	6	5	3630	2992	9	1
2296	82	0	169	168	0	0	0	7	3674	7326	167	1
2297	82	0	169	168	0	0	1	7	3674	3340	84	1
2298	82	0	169	168	0	0	1	0	3674	3672	251	1
2299	82	0	169	168	0	0	2	7	3674	2164	42	1
2300	82	0	169	168	0	0	2	0	3674	3160	209	1
2301	82	0	169	168	0	0	2	1	3674	1830	126	1
2302	82	0	169	168	0	0	3	7	3674	2080	21	1
2303	82	0	169	168	0	0	3	0	3674	3740	188	1
2304	82	0	169	168	0	0	3	1	3674	1746	105	1
2305	82	0	169	168	0	0	3	2	3674	1578	63	1
2306	82	0	169	168	0	0	4	7	3674	2464	11	1
2307	82	0	169	168	0	0	4	0	3674	4788	178	1
2308	82	0	169	168	0	0	4	1	3674	2130	95	1
2309	82	0	169	168	0	0	4	2	3674	1626	53	1
2310	82	0	169	168	0	0	4	3	3674	1878	32	1
2311	82	0	169	168	0	0	5	7	3674	3028	6	1
2312	82	0	169	168	0	0	5	0	3674	6016	173	1
2313	82	0	169	168	0	0	5	1	3674	2694	90	1
2314	82	0	169	168	0	0	5	2	3674	1854	48	1
2315	82	0	169	168	0	0	5	3	3674	1938	27	1
2316	82	0	169	168	0	0	5	4	3674	2402	17	1
2317	82	0	169	168	0	0	6	7	3674	3674	3	1
2318	82	0	169	168	0	0	6	0	3674	7326	170	1
2319	82	0	169	168	0	0	6	1	3674	3340	87	1
2320	82	0	169	168	0	0	6	2	3674	2164	45	1
2321	82	0	169	168	0	0	6	3	3674	2080	24	1
2322	82	0	169	168	0	0	6	4	3674	2464	14	1
2323	82	0	169	168	0	0	6	5	3674	3028	9	1
2324	83	0	171	170	0	0	0	7	3718	7414	169	1
2325	83	0	171	170	0	0	1	7	3718	3380	85	1
2326	83	0	171	170	0	0	1	0	3718	3716	254	1
2327	83	0	171	170	0	0	2	7	3718	2204	43	1
2328	83	0	171	170	0	0	2	0	3718	3212	212	1
2329	83	0	171	170	0	0	2	1	3718	1866	128	1
2330	83	0	171	170	0	0	3	7	3718	2120	22	1
2331	83	0	171	170	0	0	3	0	3718	3800	191	1
2332	83	0	171	170	0	0	3	1	3718	1782	107	1
2333	83	0	171	170	0	0	3	2	3718	1614	65	1
2334	83	0	171	170	0	0	4	7	3718	2492	11	1
2335	83	0	171	170	0	0	4	0	3718	4844	180	1
2336	83	0	171	170	0	0	4	1	3718	2154	96	1
2337	83	0	171	170	0	0	4	2	3718	1650	54	1
2338	83	0	171	170	0	0	4	3	3718	1902	33	1
2339	83	0	171	170	0	0	5	7	3718	3064	6	1
2340	83	0	171	170	0	0	5	0	3718	6088	175	1
2341	83	0	171	170	0	0	5	1	3718	2726	91	1
2342	83	0	171	170	0	0	5	2	3718	1886	49	1
2343	83	0	171	170	0	0	5	3	3718	1970	28	1
2344	83	0	171	170	0	0	5	4	3718	2430	17	1
2345	83	0	171	170	0	0	6	7	3718	3718	3	1
2346	83	0	171	170	0	0	6	0	3718	7414	172	1
2347	83	0	171	170	0	0	6	1	3718	3380	88	1
2348	83	0	171	170	0	0	6	2	3718	2204	46	1
2349	83	0	171	170	0	0	6	3	3718	2120	25	1
2350	83	0	171	170	0	0	6	4	3718	2492	14	1
2351	83	0	171	170	0	0	6	5	3718	3064	9	1
2352	84	0	173	172	0	0	0	7	3762	7502	171	1
2353	84	0	173	172	0	0	1	7	3762	3420	86	1
2354	84	0	173	172	0	0	1	0	3762	3760	257	1
2355	84	0	173	172	0	0	2	7	3762	2216	43	1
2356	84	0	173	172	0	0	2	0	3762	3236	214	1
2357	84	0	173	172	0	0	2	1	3762	1874	129	1
2358	84	0	173	172	0	0	3	7	3762	2140	22	1
2359	84	0	173	172	0	0	3	0	3762	3840	193	1
2360	84	0	173	172	0	0	3	1	3762	1798	108	1
2361	84	0	173	172	0	0	3	2	3762	1626	65	1
2362	84	0	173	172	0	0	4	7	3762	2520	11	1
2363	84	0	173	172	0	0	4	0	3762	4900	182	1
2364	84	0	173	172	0	0	4	1	3762	2178	97	1
2365	84	0	173	172	0	0	4	2	3762	1662	54	1
2366	84	0	173	172	0	0	4	3	3762	1922	33	1
2367	84	0	173	172	0	0	5	7	3762	3100	6	1
2368	84	0	173	172	0	0	5	0	3762	6160	177	1
2369	84	0	173	172	0	0	5	1	3762	2758	92	1
2370	84	0	173	172	0	0	5	2	3762	1898	49	1
2371	84	0	173	172	0	0	5	3	3762	1990	28	1
2372	84	0	173	172	0	0	5	4	3762	2458	17	1
2373	84	0	173	172	0	0	6	7	3762	3762	3	1
2374	84	0	173	172	0	0	6	0	3762	7502	174	1
2375	84	0	173	172	0	0	6	1	3762	3420	89	1
2376	84	0	173	172	0	0	6	2	3762	2216	46	1
2377	84	0	173	172	0	0	6	3	3762	2140	25	1
2378	84	0	173	172	0	0	6	4	3762	2520	14	1
2379	84	0	173	172	0	0	6	5	3762	3100	9	1
2380	85	0	175	174	0	0	0	7	3806	7590	173	1
2381	85	0	175	174	0	0	1	7	3806	3460	87	1
2382	85	0	175	174	0	0	1	0	3806	3804	260	1
2383	85	0	175	174	0	0	2	7	3806	2256	44	1
2384	85	0	175	174	0	0	2	0	3806	3288	217	1
2385	85	0	175	174	0	0	2	1	3806	1910	131	1
2386	85	0	175	174	0	0	3	7	3806	2160	22	1
2387	85	0	175	174	0	0	3	0	3806	3880	195	1
2388	85	0	175	174	0	0	3	1	3806	1814	109	1
2389	85	0	175	174	0	0	3	2	3806	1642	66	1
2390	85	0	175	174	0	0	4	7	3806	2548	11	1
2391	85	0	175	174	0	0	4	0	3806	4956	184	1
2392	85	0	175	174	0	0	4	1	3806	2202	98	1
2393	85	0	175	174	0	0	4	2	3806	1686	55	1
2394	85	0	175	174	0	0	4	3	3806	1942	33	1
2395	85	0	175	174	0	0	5	7	3806	3136	6	1
2396	85	0	175	174	0	0	5	0	3806	6232	179	1
2397	85	0	175	174	0	0	5	1	3806	2790	93	1
2398	85	0	175	174	0	0	5	2	3806	1930	50	1
2399	85	0	175	174	0	0	5	3	3806	2010	28	1
2400	85	0	175	174	0	0	5	4	3806	2486	17	1
2401	85	0	175	174	0	0	6	7	3806	3806	3	1
2402	85	0	175	174	0	0	6	0	3806	7590	176	1
2403	85	0	175	174	0	0	6	1	3806	3460	90	1
2404	85	0	175	174	0	0	6	2	3806	2256	47	1
2405	85	0	175	174	0	0	6	3	3806	2160	25	1
2406	85	0	175	174	0	0	6	4	3806	2548	14	1
2407	85	0	175	174	0	0	6	5	3806	3136	9	1
2408	86	0	177	176	0	0	0	7	3850	7678	175	1
2409	86	0	177	176	0	0	1	7	3850	3500	88	1
2410	86	0	177	176	0	0	1	0	3850	3848	263	1
2411	86	0	177	176	0	0	2	7	3850	2268	44	1
2412	86	0	177	176	0	0	2	0	3850	3312	219	1
2413	86	0	177	176	0	0	2	1	3850	1918	132	1
2414	86	0	177	176	0	0	3	7	3850	2180	22	1
2415	86	0	177	176	0	0	3	0	3850	3920	197	1
2416	86	0	177	176	0	0	3	1	3850	1830	110	1
2417	86	0	177	176	0	0	3	2	3850	1654	66	1
2418	86	0	177	176	0	0	4	7	3850	2576	11	1
2419	86	0	177	176	0	0	4	0	3850	5012	186	1
2420	86	0	177	176	0	0	4	1	3850	2226	99	1
2421	86	0	177	176	0	0	4	2	3850	1698	55	1
2422	86	0	177	176	0	0	4	3	3850	1962	33	1
2423	86	0	177	176	0	0	5	7	3850	3172	6	1
2424	86	0	177	176	0	0	5	0	3850	6304	181	1
2425	86	0	177	176	0	0	5	1	3850	2822	94	1
2426	86	0	177	176	0	0	5	2	3850	1942	50	1
2427	86	0	177	176	0	0	5	3	3850	2030	28	1
2428	86	0	177	176	0	0	5	4	3850	2514	17	1
2429	86	0	177	176	0	0	6	7	3850	3850	3	1
2430	86	0	177	176	0	0	6	0	3850	7678	178	1
2431	86	0	177	176	0	0	6	1	3850	3500	91	1
2432	86	0	177	176	0	0	6	2	3850	2268	47	1
2433	86	0	177	176	0	0	6	3	3850	2180	25	1
2434	86	0	177	176	0	0	6	4	3850	2576	14	1
2435	86	0	177	176	0	0	6	5	3850	3172	9	1
2436	87	0	179	178	0	0	0	7	3894	7766	177	1
2437	87	0	179	178	0	0	1	7	3894	3540	89	1
2438	87	0	179	178	0	0	1	0	3894	3892	266	1
2439	87	0	179	178	0	0	2	7	3894	2308	45	1
2440	87	0	179	178	0	0	2	0	3894	3364	222	1
2441	87	0	179	178	0	0	2	1	3894	1954	134	1
2442	87	0	179	178	0	0	3	7	3894	2220	23	1
2443	87	0	179	178	0	0	3	0	3894	3980	200	1
2444	87	0	179	178	0	0	3	1	3894	1866	112	1
2445	87	0	179	178	0	0	3	2	3894	1690	68	1
2446	87	0	179	178	0	0	4	7	3894	2616	12	1
2447	87	0	179	178	0	0	4	0	3894	5080	189	1
2448	87	0	179	178	0	0	4	1	3894	2262	101	1
2449	87	0	179	178	0	0	4	2	3894	1734	57	1
2450	87	0	179	178	0	0	4	3	3894	1998	35	1
2451	87	0	179	178	0	0	5	7	3894	3208	6	1
2452	87	0	179	178	0	0	5	0	3894	6376	183	1
2453	87	0	179	178	0	0	5	1	3894	2854	95	1
2454	87	0	179	178	0	0	5	2	3894	1974	51	1
2455	87	0	179	178	0	0	5	3	3894	2062	29	1
2456	87	0	179	178	0	0	5	4	3894	2546	18	1
2457	87	0	179	178	0	0	6	7	3894	3894	3	1
2458	87	0	179	178	0	0	6	0	3894	7766	180	1
2459	87	0	179	178	0	0	6	1	3894	3540	92	1
2460	87	0	179	178	0	0	6	2	3894	2308	48	1
2461	87	0	179	178	0	0	6	3	3894	2220	26	1
2462	87	0	179	178	0	0	6	4	3894	2616	15	1
2463	87	0	179	178	0	0	6	5	3894	3208	9	1
2464	88	0	181	180	0	0	0	7	3938	7854	179	1
2465	88	0	181	180	0	0	1	7	3938	3580	90	1
2466	88	0	181	180	0	0	1	0	3938	3936	269	1
2467	88	0	181	180	0	0	2	7	3938	2320	45	1
2468	88	0	181	180	0	0	2	0	3938	3388	224	1
2469	88	0	181	180	0	0	2	1	3938	1962	135	1
2470	88	0	181	180	0	0	3	7	3938	2240	23	1
2471	88	0	181	180	0	0	3	0	3938	4020	202	1
2472	88	0	181	180	0	0	3	1	3938	1882	113	1
2473	88	0	181	180	0	0	3	2	3938	1702	68	1
2474	88	0	181	180	0	0	4	7	3938	2644	12	1
2475	88	0	181	180	0	0	4	0	3938	5136	191	1
2476	88	0	181	180	0	0	4	1	3938	2286	102	1
2477	88	0	181	180	0	0	4	2	3938	1746	57	1
2478	88	0	181	180	0	0	4	3	3938	2018	35	1
2479	88	0	181	180	0	0	5	7	3938	3244	6	1
2480	88	0	181	180	0	0	5	0	3938	6448	185	1
2481	88	0	181	180	0	0	5	1	3938	2886	96	1
2482	88	0	181	180	0	0	5	2	3938	1986	51	1
2483	88	0	181	180	0	0	5	3	3938	2082	29	1
2484	88	0	181	180	0	0	5	4	3938	2574	18	1
2485	88	0	181	180	0	0	6	7	3938	3938	3	1
2486	88	0	181	180	0	0	6	0	3938	7854	182	1
2487	88	0	181	180	0	0	6	1	3938	3580	93	1
2488	88	0	181	180	0	0	6	2	3938	2320	48	1
2489	88	0	181	180	0	0	6	3	3938	2240	26	1
2490	88	0	181	180	0	0	6	4	3938	2644	15	1
2491	88	0	181	180	0	0	6	5	3938	3244	9	1
2492	89	0	183	182	0	0	0	7	3982	7942	181	1
2493	89	0	183	182	0	0	1	7	3982	3620	91	1
2494	89	0	183	182	0	0	1	0	3982	3980	272	1
2495	89	0	183	182	0	0	2	7	3982	2360	46	1
2496	89	0	183	182	0	0	2	0	3982	3440	227	1
2497	89	0	183	182	0	0	2	1	3982	1998	137	1
2498	89	0	183	182	0	0	3	7	3982	2260	23	1
2499	89	0	183	182	0	0	3	0	3982	4060	204	1
2500	89	0	183	182	0	0	3	1	3982	1898	114	1
2501	89	0	183	182	0	0	3	2	3982	1718	69	1
2502	89	0	183	182	0	0	4	7	3982	2672	12	1
2503	89	0	183	182	0	0	4	0	3982	5192	193	1
2504	89	0	183	182	0	0	4	1	3982	2310	103	1
2505	89	0	183	182	0	0	4	2	3982	1770	58	1
2506	89	0	183	182	0	0	4	3	3982	2038	35	1
2507	89	0	183	182	0	0	5	7	3982	3280	6	1
2508	89	0	183	182	0	0	5	0	3982	6520	187	1
2509	89	0	183	182	0	0	5	1	3982	2918	97	1
2510	89	0	183	182	0	0	5	2	3982	2018	52	1
2511	89	0	183	182	0	0	5	3	3982	2102	29	1
2512	89	0	183	182	0	0	5	4	3982	2602	18	1
2513	89	0	183	182	0	0	6	7	3982	3982	3	1
2514	89	0	183	182	0	0	6	0	3982	7942	184	1
2515	89	0	183	182	0	0	6	1	3982	3620	94	1
2516	89	0	183	182	0	0	6	2	3982	2360	49	1
2517	89	0	183	182	0	0	6	3	3982	2260	26	1
2518	89	0	183	182	0	0	6	4	3982	2672	15	1
2519	89	0	183	182	0	0	6	5	3982	3280	9	1
2520	90	0	185	184	0	0	0	7	4026	8030	183	1
2521	90	0	185	184	0	0	1	7	4026	3660	92	1
2522	90	0	185	184	0	0	1	0	4026	4024	275	1
2523	90	0	185	184	0	0	2	7	4026	2372	46	1
2524	90	0	185	184	0	0	2	0	4026	3464	229	1
2525	90	0	185	184	0	0	2	1	4026	2006	138	1
2526	90	0	185	184	0	0	3	7	4026	2280	23	1
2527	90	0	185	184	0	0	3	0	4026	4100	206	1
2528	90	0	185	184	0	0	3	1	4026	1914	115	1
2529	90	0	185	184	0	0	3	2	4026	1730	69	1
2530	90	0	185	184	0	0	4	7	4026	2700	12	1
2531	90	0	185	184	0	0	4	0	4026	5248	195	1
2532	90	0	185	184	0	0	4	1	4026	2334	104	1
2533	90	0	185	184	0	0	4	2	4026	1782	58	1
2534	90	0	185	184	0	0	4	3	4026	2058	35	1
2535	90	0	185	184	0	0	5	7	4026	3316	6	1
2536	90	0	185	184	0	0	5	0	4026	6592	189	1
2537	90	0	185	184	0	0	5	1	4026	2950	98	1
2538	90	0	185	184	0	0	5	2	4026	2030	52	1
2539	90	0	185	184	0	0	5	3	4026	2122	29	1
2540	90	0	185	184	0	0	5	4	4026	2630	18	1
2541	90	0	185	184	0	0	6	7	4026	4026	3	1
2542	90	0	185	184	0	0	6	0	4026	8030	186	1
2543	90	0	185	184	0	0	6	1	4026	3660	95	1
2544	90	0	185	184	0	0	6	2	4026	2372	49	1
2545	90	0	185	184	0	0	6	3	4026	2280	26	1
2546	90	0	185	184	0	0	6	4	4026	2700	15	1
2547	90	0	185	184	0	0	6	5	4026	3316	9	1
2548	91	0	187	186	0	0	0	7	4070	8118	185	1
2549	91	0	187	186	0	0	1	7	4070	3700	93	1
2550	91	0	187	186	0	0	1	0	4070	4068	278	1
2551	91	0	187	186	0	0	2	7	4070	2412	47	1
2552	91	0	187	186	0	0	2	0	4070	3516	232	1
2553	91	0	187	186	0	0	2	1	4070	2042	140	1
2554	91	0	187	186	0	0	3	7	4070	2320	24	1
2555	91	0	187	186	0	0	3	0	4070	4160	209	1
2556	91	0	187	186	0	0	3	1	4070	1950	117	1
2557	91	0	187	186	0	0	3	2	4070	1766	71	1
2558	91	0	187	186	0	0	4	7	4070	2728	12	1
2559	91	0	187	186	0	0	4	0	4070	5304	197	1
2560	91	0	187	186	0	0	4	1	4070	2358	105	1
2561	91	0	187	186	0	0	4	2	4070	1806	59	1
2562	91	0	187	186	0	0	4	3	4070	2082	36	1
2563	91	0	187	186	0	0	5	7	4070	3352	6	1
2564	91	0	187	186	0	0	5	0	4070	6664	191	1
2565	91	0	187	186	0	0	5	1	4070	2982	99	1
2566	91	0	187	186	0	0	5	2	4070	2062	53	1
2567	91	0	187	186	0	0	5	3	4070	2154	30	1
2568	91	0	187	186	0	0	5	4	4070	2658	18	1
2569	91	0	187	186	0	0	6	7	4070	4070	3	1
2570	91	0	187	186	0	0	6	0	4070	8118	188	1
2571	91	0	187	186	0	0	6	1	4070	3700	96	1
2572	91	0	187	186	0	0	6	2	4070	2412	50	1
2573	91	0	187	186	0	0	6	3	4070	2320	27	1
2574	91	0	187	186	0	0	6	4	4070	2728	15	1
2575	91	0	187	186	0	0	6	5	4070	3352	9	1
2576	92	0	189	188	0	0	0	7	4114	8206	187	1
2577	92	0	189	188	0	0	1	7	4114	3740	94	1
2578	92	0	189	188	0	0	1	0	4114	4112	281	1
2579	92	0	189	188	0	0	2	7	4114	2424	47	1
2580	92	0	189	188	0	0	2	0	4114	3540	234	1
2581	92	0	189	188	0	0	2	1	4114	2050	141	1
2582	92	0	189	188	0	0	3	7	4114	2340	24	1
2583	92	0	189	188	0	0	3	0	4114	4200	211	1
2584	92	0	189	188	0	0	3	1	4114	1966	118	1
2585	92	0	189	188	0	0	3	2	4114	1778	71	1
2586	92	0	189	188	0	0	4	7	4114	2756	12	1
2587	92	0	189	188	0	0	4	0	4114	5360	199	1
2588	92	0	189	188	0	0	4	1	4114	2382	106	1
2589	92	0	189	188	0	0	4	2	4114	1818	59	1
2590	92	0	189	188	0	0	4	3	4114	2102	36	1
2591	92	0	189	188	0	0	5	7	4114	3388	6	1
2592	92	0	189	188	0	0	5	0	4114	6736	193	1
2593	92	0	189	188	0	0	5	1	4114	3014	100	1
2594	92	0	189	188	0	0	5	2	4114	2074	53	1
2595	92	0	189	188	0	0	5	3	4114	2174	30	1
2596	92	0	189	188	0	0	5	4	4114	2686	18	1
2597	92	0	189	188	0	0	6	7	4114	4114	3	1
2598	92	0	189	188	0	0	6	0	4114	8206	190	1
2599	92	0	189	188	0	0	6	1	4114	3740	97	1
2600	92	0	189	188	0	0	6	2	4114	2424	50	1
2601	92	0	189	188	0	0	6	3	4114	2340	27	1
2602	92	0	189	188	0	0	6	4	4114	2756	15	1
2603	92	0	189	188	0	0	6	5	4114	3388	9	1
2604	93	0	191	190	0	0	0	7	4158	8294	189	1
2605	93	0	191	190	0	0	1	7	4158	3780	95	1
2606	93	0	191	190	0	0	1	0	4158	4156	284	1
2607	93	0	191	190	0	0	2	7	4158	2464	48	1
2608	93	0	191	190	0	0	2	0	4158	3592	237	1
2609	93	0	191	190	0	0	2	1	4158	2086	143	1
2610	93	0	191	190	0	0	3	7	4158	2360	24	1
2611	93	0	191	190	0	0	3	0	4158	4240	213	1
2612	93	0	191	190	0	0	3	1	4158	1982	119	1
2613	93	0	191	190	0	0	3	2	4158	1794	72	1
2614	93	0	191	190	0	0	4	7	4158	2784	12	1
2615	93	0	191	190	0	0	4	0	4158	5416	201	1
2616	93	0	191	190	0	0	4	1	4158	2406	107	1
2617	93	0	191	190	0	0	4	2	4158	1842	60	1
2618	93	0	191	190	0	0	4	3	4158	2122	36	1
2619	93	0	191	190	0	0	5	7	4158	3424	6	1
2620	93	0	191	190	0	0	5	0	4158	6808	195	1
2621	93	0	191	190	0	0	5	1	4158	3046	101	1
2622	93	0	191	190	0	0	5	2	4158	2106	54	1
2623	93	0	191	190	0	0	5	3	4158	2194	30	1
2624	93	0	191	190	0	0	5	4	4158	2714	18	1
2625	93	0	191	190	0	0	6	7	4158	4158	3	1
2626	93	0	191	190	0	0	6	0	4158	8294	192	1
2627	93	0	191	190	0	0	6	1	4158	3780	98	1
2628	93	0	191	190	0	0	6	2	4158	2464	51	1
2629	93	0	191	190	0	0	6	3	4158	2360	27	1
2630	93	0	191	190	0	0	6	4	4158	2784	15	1
2631	93	0	191	190	0	0	6	5	4158	3424	9	1
2632	94	0	193	192	0	0	0	7	4202	8382	191	1
2633	94	0	193	192	0	0	1	7	4202	3820	96	1
2634	94	0	193	192	0	0	1	0	4202	4200	287	1
2635	94	0	193	192	0	0	2	7	4202	2476	48	1
2636	94	0	193	192	0	0	2	0	4202	3616	239	1
2637	94	0	193	192	0	0	2	1	4202	2094	144	1
2638	94	0	193	192	0	0	3	7	4202	2380	24	1
2639	94	0	193	192	0	0	3	0	4202	4280	215	1
2640	94	0	193	192	0	0	3	1	4202	1998	120	1
2641	94	0	193	192	0	0	3	2	4202	1806	72	1
2642	94	0	193	192	0	0	4	7	4202	2812	12	1
2643	94	0	193	192	0	0	4	0	4202	5472	203	1
2644	94	0	193	192	0	0	4	1	4202	2430	108	1
2645	94	0	193	192	0	0	4	2	4202	1854	60	1
2646	94	0	193	192	0	0	4	3	4202	2142	36	1
2647	94	0	193	192	0	0	5	7	4202	3460	6	1
2648	94	0	193	192	0	0	5	0	4202	6880	197	1
2649	94	0	193	192	0	0	5	1	4202	3078	102	1
2650	94	0	193	192	0	0	5	2	4202	2118	54	1
2651	94	0	193	192	0	0	5	3	4202	2214	30	1
2652	94	0	193	192	0	0	5	4	4202	2742	18	1
2653	94	0	193	192	0	0	6	7	4202	4202	3	1
2654	94	0	193	192	0	0	6	0	4202	8382	194	1
2655	94	0	193	192	0	0	6	1	4202	3820	99	1
2656	94	0	193	192	0	0	6	2	4202	2476	51	1
2657	94	0	193	192	0	0	6	3	4202	2380	27	1
2658	94	0	193	192	0	0	6	4	4202	2812	15	1
2659	94	0	193	192	0	0	6	5	4202	3460	9	1
2660	95	0	195	194	0	0	0	7	4230	8454	193	1
2661	95	0	195	194	0	0	1	7	4230	3844	97	1
2662	95	0	195	194	0	0	1	0	4230	4228	290	1
2663	95	0	195	194	0	0	2	7	4230	2502	49	1
2664	95	0	195	194	0	0	2	0	4230	3654	242	1
2665	95	0	195	194	0	0	2	1	4230	2116	146	1
2666	95	0	195	194	0	0	3	7	4230	2406	25	1
2667	95	0	195	194	0	0	3	0	4230	4326	218	1
2668	95	0	195	194	0	0	3	1	4230	2020	122	1
2669	95	0	195	194	0	0	3	2	4230	1830	74	1
2670	95	0	195	194	0	0	4	7	4230	2838	13	1
2671	95	0	195	194	0	0	4	0	4230	5526	206	1
2672	95	0	195	194	0	0	4	1	4230	2452	110	1
2673	95	0	195	194	0	0	4	2	4230	1878	62	1
2674	95	0	195	194	0	0	4	3	4230	2166	38	1
2675	95	0	195	194	0	0	5	7	4230	3486	7	1
2676	95	0	195	194	0	0	5	0	4230	6942	200	1
2677	95	0	195	194	0	0	5	1	4230	3100	104	1
2678	95	0	195	194	0	0	5	2	4230	2142	56	1
2679	95	0	195	194	0	0	5	3	4230	2238	32	1
2680	95	0	195	194	0	0	5	4	4230	2766	20	1
2681	95	0	195	194	0	0	6	7	4230	4230	4	1
2682	95	0	195	194	0	0	6	0	4230	8454	197	1
2683	95	0	195	194	0	0	6	1	4230	3844	101	1
2684	95	0	195	194	0	0	6	2	4230	2502	53	1
2685	95	0	195	194	0	0	6	3	4230	2406	29	1
2686	95	0	195	194	0	0	6	4	4230	2838	17	1
2687	95	0	195	194	0	0	6	5	4230	3486	11	1
2688	96	0	197	196	0	0	0	7	4254	8498	195	1
2689	96	0	197	196	0	0	1	7	4254	3864	98	1
2690	96	0	197	196	0	0	1	0	4254	4252	293	1
2691	96	0	197	196	0	0	2	7	4254	2516	49	1
2692	96	0	197	196	0	0	2	0	4254	3680	244	1
2693	96	0	197	196	0	0	2	1	4254	2126	147	1
2694	96	0	197	196	0	0	3	7	4254	2430	25	1
2695	96	0	197	196	0	0	3	0	4254	4370	220	1
2696	96	0	197	196	0	0	3	1	4254	2040	123	1
2697	96	0	197	196	0	0	3	2	4254	1844	74	1
2698	96	0	197	196	0	0	4	7	4254	2862	13	1
2699	96	0	197	196	0	0	4	0	4254	5570	208	1
2700	96	0	197	196	0	0	4	1	4254	2472	111	1
2701	96	0	197	196	0	0	4	2	4254	1892	62	1
2702	96	0	197	196	0	0	4	3	4254	2190	38	1
2703	96	0	197	196	0	0	5	7	4254	3510	7	1
2704	96	0	197	196	0	0	5	0	4254	6986	202	1
2705	96	0	197	196	0	0	5	1	4254	3120	105	1
2706	96	0	197	196	0	0	5	2	4254	2156	56	1
2707	96	0	197	196	0	0	5	3	4254	2262	32	1
2708	96	0	197	196	0	0	5	4	4254	2790	20	1
2709	96	0	197	196	0	0	6	7	4254	4254	4	1
2710	96	0	197	196	0	0	6	0	4254	8498	199	1
2711	96	0	197	196	0	0	6	1	4254	3864	102	1
2712	96	0	197	196	0	0	6	2	4254	2516	53	1
2713	96	0	197	196	0	0	6	3	4254	2430	29	1
2714	96	0	197	196	0	0	6	4	4254	2862	17	1
2715	96	0	197	196	0	0	6	5	4254	3510	11	1
2716	97	0	199	198	0	0	0	7	4274	8538	197	1
2717	97	0	199	198	0	0	1	7	4274	3880	99	1
2718	97	0	199	198	0	0	1	0	4274	4272	296	1
2719	97	0	199	198	0	0	2	7	4274	2532	50	1
2720	97	0	199	198	0	0	2	0	4274	3708	247	1
2721	97	0	199	198	0	0	2	1	4274	2138	149	1
2722	97	0	199	198	0	0	3	7	4274	2450	25	1
2723	97	0	199	198	0	0	3	0	4274	4410	222	1
2724	97	0	199	198	0	0	3	1	4274	2056	124	1
2725	97	0	199	198	0	0	3	2	4274	1860	75	1
2726	97	0	199	198	0	0	4	7	4274	2882	13	1
2727	97	0	199	198	0	0	4	0	4274	5610	210	1
2728	97	0	199	198	0	0	4	1	4274	2488	112	1
2729	97	0	199	198	0	0	4	2	4274	1908	63	1
2730	97	0	199	198	0	0	4	3	4274	2210	38	1
2731	97	0	199	198	0	0	5	7	4274	3530	7	1
2732	97	0	199	198	0	0	5	0	4274	7026	204	1
2733	97	0	199	198	0	0	5	1	4274	3136	106	1
2734	97	0	199	198	0	0	5	2	4274	2172	57	1
2735	97	0	199	198	0	0	5	3	4274	2282	32	1
2736	97	0	199	198	0	0	5	4	4274	2810	20	1
2737	97	0	199	198	0	0	6	7	4274	4274	4	1
2738	97	0	199	198	0	0	6	0	4274	8538	201	1
2739	97	0	199	198	0	0	6	1	4274	3880	103	1
2740	97	0	199	198	0	0	6	2	4274	2532	54	1
2741	97	0	199	198	0	0	6	3	4274	2450	29	1
2742	97	0	199	198	0	0	6	4	4274	2882	17	1
2743	97	0	199	198	0	0	6	5	4274	3530	11	1
2744	98	0	201	200	0	0	0	7	4322	8630	199	1
2745	98	0	201	200	0	0	1	7	4322	3924	100	1
2746	98	0	201	200	0	0	1	0	4322	4320	299	1
2747	98	0	201	200	0	0	2	7	4322	2556	50	1
2748	98	0	201	200	0	0	2	0	4322	3744	249	1
2749	98	0	201	200	0	0	2	1	4322	2158	150	1
2750	98	0	201	200	0	0	3	7	4322	2472	25	1
2751	98	0	201	200	0	0	3	0	4322	4452	224	1
2752	98	0	201	200	0	0	3	1	4322	2074	125	1
2753	98	0	201	200	0	0	3	2	4322	1874	75	1
2754	98	0	201	200	0	0	4	7	4322	2930	13	1
2755	98	0	201	200	0	0	4	0	4322	5702	212	1
2756	98	0	201	200	0	0	4	1	4322	2532	113	1
2757	98	0	201	200	0	0	4	2	4322	1932	63	1
2758	98	0	201	200	0	0	4	3	4322	2232	38	1
2759	98	0	201	200	0	0	5	7	4322	3578	7	1
2760	98	0	201	200	0	0	5	0	4322	7118	206	1
2761	98	0	201	200	0	0	5	1	4322	3180	107	1
2762	98	0	201	200	0	0	5	2	4322	2196	57	1
2763	98	0	201	200	0	0	5	3	4322	2304	32	1
2764	98	0	201	200	0	0	5	4	4322	2858	20	1
2765	98	0	201	200	0	0	6	7	4322	4322	4	1
2766	98	0	201	200	0	0	6	0	4322	8630	203	1
2767	98	0	201	200	0	0	6	1	4322	3924	104	1
2768	98	0	201	200	0	0	6	2	4322	2556	54	1
2769	98	0	201	200	0	0	6	3	4322	2472	29	1
2770	98	0	201	200	0	0	6	4	4322	2930	17	1
2771	98	0	201	200	0	0	6	5	4322	3578	11	1
2772	99	0	203	202	0	0	0	7	4350	8686	201	1
2773	99	0	203	202	0	0	1	7	4350	3948	101	1
2774	99	0	203	202	0	0	1	0	4350	4348	302	1
2775	99	0	203	202	0	0	2	7	4350	2580	51	1
2776	99	0	203	202	0	0	2	0	4350	3780	252	1
2777	99	0	203	202	0	0	2	1	4350	2178	152	1
2778	99	0	203	202	0	0	3	7	4350	2496	26	1
2779	99	0	203	202	0	0	3	0	4350	4496	227	1
2780	99	0	203	202	0	0	3	1	4350	2094	127	1
2781	99	0	203	202	0	0	3	2	4350	1894	77	1
2782	99	0	203	202	0	0	4	7	4350	2958	13	1
2783	99	0	203	202	0	0	4	0	4350	5758	214	1
2784	99	0	203	202	0	0	4	1	4350	2556	114	1
2785	99	0	203	202	0	0	4	2	4350	1956	64	1
2786	99	0	203	202	0	0	4	3	4350	2256	39	1
2787	99	0	203	202	0	0	5	7	4350	3606	7	1
2788	99	0	203	202	0	0	5	0	4350	7174	208	1
2789	99	0	203	202	0	0	5	1	4350	3204	108	1
2790	99	0	203	202	0	0	5	2	4350	2220	58	1
2791	99	0	203	202	0	0	5	3	4350	2328	33	1
2792	99	0	203	202	0	0	5	4	4350	2886	20	1
2793	99	0	203	202	0	0	6	7	4350	4350	4	1
2794	99	0	203	202	0	0	6	0	4350	8686	205	1
2795	99	0	203	202	0	0	6	1	4350	3948	105	1
2796	99	0	203	202	0	0	6	2	4350	2580	55	1
2797	99	0	203	202	0	0	6	3	4350	2496	30	1
2798	99	0	203	202	0	0	6	4	4350	2958	17	1
2799	99	0	203	202	0	0	6	5	4350	3606	11	1
2800	100	0	205	204	0	0	0	7	4378	8742	203	1
2801	100	0	205	204	0	0	1	7	4378	3972	102	1
2802	100	0	205	204	0	0	1	0	4378	4376	305	1
2803	100	0	205	204	0	0	2	7	4378	2592	51	1
2804	100	0	205	204	0	0	2	0	4378	3804	254	1
2805	100	0	205	204	0	0	2	1	4378	2186	153	1
2806	100	0	205	204	0	0	3	7	4378	2516	26	1
2807	100	0	205	204	0	0	3	0	4378	4536	229	1
2808	100	0	205	204	0	0	3	1	4378	2110	128	1
2809	100	0	205	204	0	0	3	2	4378	1906	77	1
2810	100	0	205	204	0	0	4	7	4378	2986	13	1
2811	100	0	205	204	0	0	4	0	4378	5814	216	1
2812	100	0	205	204	0	0	4	1	4378	2580	115	1
2813	100	0	205	204	0	0	4	2	4378	1968	64	1
2814	100	0	205	204	0	0	4	3	4378	2276	39	1
2815	100	0	205	204	0	0	5	7	4378	3634	7	1
2816	100	0	205	204	0	0	5	0	4378	7230	210	1
2817	100	0	205	204	0	0	5	1	4378	3228	109	1
2818	100	0	205	204	0	0	5	2	4378	2232	58	1
2819	100	0	205	204	0	0	5	3	4378	2348	33	1
2820	100	0	205	204	0	0	5	4	4378	2914	20	1
2821	100	0	205	204	0	0	6	7	4378	4378	4	1
2822	100	0	205	204	0	0	6	0	4378	8742	207	1
2823	100	0	205	204	0	0	6	1	4378	3972	106	1
2824	100	0	205	204	0	0	6	2	4378	2592	55	1
2825	100	0	205	204	0	0	6	3	4378	2516	30	1
2826	100	0	205	204	0	0	6	4	4378	2986	17	1
2827	100	0	205	204	0	0	6	5	4378	3634	11	1
2828	101	0	207	206	0	0	0	7	4406	8798	205	1
2829	101	0	207	206	0	0	1	7	4406	3996	103	1
2830	101	0	207	206	0	0	1	0	4406	4404	308	1
2831	101	0	207	206	0	0	2	7	4406	2616	52	1
2832	101	0	207	206	0	0	2	0	4406	3840	257	1
2833	101	0	207	206	0	0	2	1	4406	2206	155	1
2834	101	0	207	206	0	0	3	7	4406	2536	26	1
2835	101	0	207	206	0	0	3	0	4406	4576	231	1
2836	101	0	207	206	0	0	3	1	4406	2126	129	1
2837	101	0	207	206	0	0	3	2	4406	1922	78	1
2838	101	0	207	206	0	0	4	7	4406	3014	13	1
2839	101	0	207	206	0	0	4	0	4406	5870	218	1
2840	101	0	207	206	0	0	4	1	4406	2604	116	1
2841	101	0	207	206	0	0	4	2	4406	1992	65	1
2842	101	0	207	206	0	0	4	3	4406	2296	39	1
2843	101	0	207	206	0	0	5	7	4406	3662	7	1
2844	101	0	207	206	0	0	5	0	4406	7286	212	1
2845	101	0	207	206	0	0	5	1	4406	3252	110	1
2846	101	0	207	206	0	0	5	2	4406	2256	59	1
2847	101	0	207	206	0	0	5	3	4406	2368	33	1
2848	101	0	207	206	0	0	5	4	4406	2942	20	1
2849	101	0	207	206	0	0	6	7	4406	4406	4	1
2850	101	0	207	206	0	0	6	0	4406	8798	209	1
2851	101	0	207	206	0	0	6	1	4406	3996	107	1
2852	101	0	207	206	0	0	6	2	4406	2616	56	1
2853	101	0	207	206	0	0	6	3	4406	2536	30	1
2854	101	0	207	206	0	0	6	4	4406	3014	17	1
2855	101	0	207	206	0	0	6	5	4406	3662	11	1
2856	102	0	209	208	0	0	0	7	4494	8970	207	1
2857	102	0	209	208	0	0	1	7	4494	4080	104	1
2858	102	0	209	208	0	0	1	0	4494	4492	311	1
2859	102	0	209	208	0	0	2	7	4494	2656	52	1
2860	102	0	209	208	0	0	2	0	4494	3892	259	1
2861	102	0	209	208	0	0	2	1	4494	2242	156	1
2862	102	0	209	208	0	0	3	7	4494	2568	26	1
2863	102	0	209	208	0	0	3	0	4494	4628	233	1
2864	102	0	209	208	0	0	3	1	4494	2154	130	1
2865	102	0	209	208	0	0	3	2	4494	1946	78	1
2866	102	0	209	208	0	0	4	7	4494	3044	13	1
2867	102	0	209	208	0	0	4	0	4494	5928	220	1
2868	102	0	209	208	0	0	4	1	4494	2630	117	1
2869	102	0	209	208	0	0	4	2	4494	2006	65	1
2870	102	0	209	208	0	0	4	3	4494	2318	39	1
2871	102	0	209	208	0	0	5	7	4494	3750	7	1
2872	102	0	209	208	0	0	5	0	4494	7458	214	1
2873	102	0	209	208	0	0	5	1	4494	3336	111	1
2874	102	0	209	208	0	0	5	2	4494	2296	59	1
2875	102	0	209	208	0	0	5	3	4494	2400	33	1
2876	102	0	209	208	0	0	5	4	4494	2972	20	1
2877	102	0	209	208	0	0	6	7	4494	4494	4	1
2878	102	0	209	208	0	0	6	0	4494	8970	211	1
2879	102	0	209	208	0	0	6	1	4494	4080	108	1
2880	102	0	209	208	0	0	6	2	4494	2656	56	1
2881	102	0	209	208	0	0	6	3	4494	2568	30	1
2882	102	0	209	208	0	0	6	4	4494	3044	17	1
2883	102	0	209	208	0	0	6	5	4494	3750	11	1
2884	103	0	211	210	0	0	0	7	4530	9042	209	1
2885	103	0	211	210	0	0	1	7	4530	4112	105	1
2886	103	0	211	210	0	0	1	0	4530	4528	314	1
2887	103	0	211	210	0	0	2	7	4530	2688	53	1
2888	103	0	211	210	0	0	2	0	4530	3936	262	1
2889	103	0	211	210	0	0	2	1	4530	2270	158	1
2890	103	0	211	210	0	0	3	7	4530	2600	27	1
2891	103	0	211	210	0	0	3	0	4530	4680	236	1
2892	103	0	211	210	0	0	3	1	4530	2182	132	1
2893	103	0	211	210	0	0	3	2	4530	1974	80	1
2894	103	0	211	210	0	0	4	7	4530	3076	14	1
2895	103	0	211	210	0	0	4	0	4530	5988	223	1
2896	103	0	211	210	0	0	4	1	4530	2658	119	1
2897	103	0	211	210	0	0	4	2	4530	2034	67	1
2898	103	0	211	210	0	0	4	3	4530	2346	41	1
2899	103	0	211	210	0	0	5	7	4530	3786	7	1
2900	103	0	211	210	0	0	5	0	4530	7530	216	1
2901	103	0	211	210	0	0	5	1	4530	3368	112	1
2902	103	0	211	210	0	0	5	2	4530	2328	60	1
2903	103	0	211	210	0	0	5	3	4530	2432	34	1
2904	103	0	211	210	0	0	5	4	4530	3004	21	1
2905	103	0	211	210	0	0	6	7	4530	4530	4	1
2906	103	0	211	210	0	0	6	0	4530	9042	213	1
2907	103	0	211	210	0	0	6	1	4530	4112	109	1
2908	103	0	211	210	0	0	6	2	4530	2688	57	1
2909	103	0	211	210	0	0	6	3	4530	2600	31	1
2910	103	0	211	210	0	0	6	4	4530	3076	18	1
2911	103	0	211	210	0	0	6	5	4530	3786	11	1
2912	104	0	213	212	0	0	0	7	4566	9114	211	1
2913	104	0	213	212	0	0	1	7	4566	4144	106	1
2914	104	0	213	212	0	0	1	0	4566	4564	317	1
2915	104	0	213	212	0	0	2	7	4566	2700	53	1
2916	104	0	213	212	0	0	2	0	4566	3960	264	1
2917	104	0	213	212	0	0	2	1	4566	2278	159	1
2918	104	0	213	212	0	0	3	7	4566	2620	27	1
2919	104	0	213	212	0	0	3	0	4566	4720	238	1
2920	104	0	213	212	0	0	3	1	4566	2198	133	1
2921	104	0	213	212	0	0	3	2	4566	1986	80	1
2922	104	0	213	212	0	0	4	7	4566	3104	14	1
2923	104	0	213	212	0	0	4	0	4566	6044	225	1
2924	104	0	213	212	0	0	4	1	4566	2682	120	1
2925	104	0	213	212	0	0	4	2	4566	2046	67	1
2926	104	0	213	212	0	0	4	3	4566	2366	41	1
2927	104	0	213	212	0	0	5	7	4566	3822	7	1
2928	104	0	213	212	0	0	5	0	4566	7602	218	1
2929	104	0	213	212	0	0	5	1	4566	3400	113	1
2930	104	0	213	212	0	0	5	2	4566	2340	60	1
2931	104	0	213	212	0	0	5	3	4566	2452	34	1
2932	104	0	213	212	0	0	5	4	4566	3032	21	1
2933	104	0	213	212	0	0	6	7	4566	4566	4	1
2934	104	0	213	212	0	0	6	0	4566	9114	215	1
2935	104	0	213	212	0	0	6	1	4566	4144	110	1
2936	104	0	213	212	0	0	6	2	4566	2700	57	1
2937	104	0	213	212	0	0	6	3	4566	2620	31	1
2938	104	0	213	212	0	0	6	4	4566	3104	18	1
2939	104	0	213	212	0	0	6	5	4566	3822	11	1
2940	105	0	215	214	0	0	0	7	4602	9186	213	1
2941	105	0	215	214	0	0	1	7	4602	4176	107	1
2942	105	0	215	214	0	0	1	0	4602	4600	320	1
2943	105	0	215	214	0	0	2	7	4602	2732	54	1
2944	105	0	215	214	0	0	2	0	4602	4004	267	1
2945	105	0	215	214	0	0	2	1	4602	2306	161	1
2946	105	0	215	214	0	0	3	7	4602	2640	27	1
2947	105	0	215	214	0	0	3	0	4602	4760	240	1
2948	105	0	215	214	0	0	3	1	4602	2214	134	1
2949	105	0	215	214	0	0	3	2	4602	2002	81	1
2950	105	0	215	214	0	0	4	7	4602	3132	14	1
2951	105	0	215	214	0	0	4	0	4602	6100	227	1
2952	105	0	215	214	0	0	4	1	4602	2706	121	1
2953	105	0	215	214	0	0	4	2	4602	2070	68	1
2954	105	0	215	214	0	0	4	3	4602	2386	41	1
2955	105	0	215	214	0	0	5	7	4602	3858	7	1
2956	105	0	215	214	0	0	5	0	4602	7674	220	1
2957	105	0	215	214	0	0	5	1	4602	3432	114	1
2958	105	0	215	214	0	0	5	2	4602	2372	61	1
2959	105	0	215	214	0	0	5	3	4602	2472	34	1
2960	105	0	215	214	0	0	5	4	4602	3060	21	1
2961	105	0	215	214	0	0	6	7	4602	4602	4	1
2962	105	0	215	214	0	0	6	0	4602	9186	217	1
2963	105	0	215	214	0	0	6	1	4602	4176	111	1
2964	105	0	215	214	0	0	6	2	4602	2732	58	1
2965	105	0	215	214	0	0	6	3	4602	2640	31	1
2966	105	0	215	214	0	0	6	4	4602	3132	18	1
2967	105	0	215	214	0	0	6	5	4602	3858	11	1
2968	106	0	217	216	0	0	0	7	4638	9258	215	1
2969	106	0	217	216	0	0	1	7	4638	4208	108	1
2970	106	0	217	216	0	0	1	0	4638	4636	323	1
2971	106	0	217	216	0	0	2	7	4638	2744	54	1
2972	106	0	217	216	0	0	2	0	4638	4028	269	1
2973	106	0	217	216	0	0	2	1	4638	2314	162	1
2974	106	0	217	216	0	0	3	7	4638	2660	27	1
2975	106	0	217	216	0	0	3	0	4638	4800	242	1
2976	106	0	217	216	0	0	3	1	4638	2230	135	1
2977	106	0	217	216	0	0	3	2	4638	2014	81	1
2978	106	0	217	216	0	0	4	7	4638	3160	14	1
2979	106	0	217	216	0	0	4	0	4638	6156	229	1
2980	106	0	217	216	0	0	4	1	4638	2730	122	1
2981	106	0	217	216	0	0	4	2	4638	2082	68	1
2982	106	0	217	216	0	0	4	3	4638	2406	41	1
2983	106	0	217	216	0	0	5	7	4638	3894	7	1
2984	106	0	217	216	0	0	5	0	4638	7746	222	1
2985	106	0	217	216	0	0	5	1	4638	3464	115	1
2986	106	0	217	216	0	0	5	2	4638	2384	61	1
2987	106	0	217	216	0	0	5	3	4638	2492	34	1
2988	106	0	217	216	0	0	5	4	4638	3088	21	1
2989	106	0	217	216	0	0	6	7	4638	4638	4	1
2990	106	0	217	216	0	0	6	0	4638	9258	219	1
2991	106	0	217	216	0	0	6	1	4638	4208	112	1
2992	106	0	217	216	0	0	6	2	4638	2744	58	1
2993	106	0	217	216	0	0	6	3	4638	2660	31	1
2994	106	0	217	216	0	0	6	4	4638	3160	18	1
2995	106	0	217	216	0	0	6	5	4638	3894	11	1
2996	107	0	219	218	0	0	0	7	4674	9330	217	1
2997	107	0	219	218	0	0	1	7	4674	4240	109	1
2998	107	0	219	218	0	0	1	0	4674	4672	326	1
2999	107	0	219	218	0	0	2	7	4674	2776	55	1
3000	107	0	219	218	0	0	2	0	4674	4072	272	1
3001	107	0	219	218	0	0	2	1	4674	2342	164	1
3002	107	0	219	218	0	0	3	7	4674	2692	28	1
3003	107	0	219	218	0	0	3	0	4674	4852	245	1
3004	107	0	219	218	0	0	3	1	4674	2258	137	1
3005	107	0	219	218	0	0	3	2	4674	2042	83	1
3006	107	0	219	218	0	0	4	7	4674	3188	14	1
3007	107	0	219	218	0	0	4	0	4674	6212	231	1
3008	107	0	219	218	0	0	4	1	4674	2754	123	1
3009	107	0	219	218	0	0	4	2	4674	2106	69	1
3010	107	0	219	218	0	0	4	3	4674	2430	42	1
3011	107	0	219	218	0	0	5	7	4674	3930	7	1
3012	107	0	219	218	0	0	5	0	4674	7818	224	1
3013	107	0	219	218	0	0	5	1	4674	3496	116	1
3014	107	0	219	218	0	0	5	2	4674	2416	62	1
3015	107	0	219	218	0	0	5	3	4674	2524	35	1
3016	107	0	219	218	0	0	5	4	4674	3116	21	1
3017	107	0	219	218	0	0	6	7	4674	4674	4	1
3018	107	0	219	218	0	0	6	0	4674	9330	221	1
3019	107	0	219	218	0	0	6	1	4674	4240	113	1
3020	107	0	219	218	0	0	6	2	4674	2776	59	1
3021	107	0	219	218	0	0	6	3	4674	2692	32	1
3022	107	0	219	218	0	0	6	4	4674	3188	18	1
3023	107	0	219	218	0	0	6	5	4674	3930	11	1
3024	108	0	221	220	0	0	0	7	4710	9402	219	1
3025	108	0	221	220	0	0	1	7	4710	4272	110	1
3026	108	0	221	220	0	0	1	0	4710	4708	329	1
3027	108	0	221	220	0	0	2	7	4710	2788	55	1
3028	108	0	221	220	0	0	2	0	4710	4096	274	1
3029	108	0	221	220	0	0	2	1	4710	2350	165	1
3030	108	0	221	220	0	0	3	7	4710	2712	28	1
3031	108	0	221	220	0	0	3	0	4710	4892	247	1
3032	108	0	221	220	0	0	3	1	4710	2274	138	1
3033	108	0	221	220	0	0	3	2	4710	2054	83	1
3034	108	0	221	220	0	0	4	7	4710	3216	14	1
3035	108	0	221	220	0	0	4	0	4710	6268	233	1
3036	108	0	221	220	0	0	4	1	4710	2778	124	1
3037	108	0	221	220	0	0	4	2	4710	2118	69	1
3038	108	0	221	220	0	0	4	3	4710	2450	42	1
3039	108	0	221	220	0	0	5	7	4710	3966	7	1
3040	108	0	221	220	0	0	5	0	4710	7890	226	1
3041	108	0	221	220	0	0	5	1	4710	3528	117	1
3042	108	0	221	220	0	0	5	2	4710	2428	62	1
3043	108	0	221	220	0	0	5	3	4710	2544	35	1
3044	108	0	221	220	0	0	5	4	4710	3144	21	1
3045	108	0	221	220	0	0	6	7	4710	4710	4	1
3046	108	0	221	220	0	0	6	0	4710	9402	223	1
3047	108	0	221	220	0	0	6	1	4710	4272	114	1
3048	108	0	221	220	0	0	6	2	4710	2788	59	1
3049	108	0	221	220	0	0	6	3	4710	2712	32	1
3050	108	0	221	220	0	0	6	4	4710	3216	18	1
3051	108	0	221	220	0	0	6	5	4710	3966	11	1
3052	109	0	223	222	0	0	0	7	4746	9474	221	1
3053	109	0	223	222	0	0	1	7	4746	4304	111	1
3054	109	0	223	222	0	0	1	0	4746	4744	332	1
3055	109	0	223	222	0	0	2	7	4746	2820	56	1
3056	109	0	223	222	0	0	2	0	4746	4140	277	1
3057	109	0	223	222	0	0	2	1	4746	2378	167	1
3058	109	0	223	222	0	0	3	7	4746	2732	28	1
3059	109	0	223	222	0	0	3	0	4746	4932	249	1
3060	109	0	223	222	0	0	3	1	4746	2290	139	1
3061	109	0	223	222	0	0	3	2	4746	2070	84	1
3062	109	0	223	222	0	0	4	7	4746	3244	14	1
3063	109	0	223	222	0	0	4	0	4746	6324	235	1
3064	109	0	223	222	0	0	4	1	4746	2802	125	1
3065	109	0	223	222	0	0	4	2	4746	2142	70	1
3066	109	0	223	222	0	0	4	3	4746	2470	42	1
3067	109	0	223	222	0	0	5	7	4746	4002	7	1
3068	109	0	223	222	0	0	5	0	4746	7962	228	1
3069	109	0	223	222	0	0	5	1	4746	3560	118	1
3070	109	0	223	222	0	0	5	2	4746	2460	63	1
3071	109	0	223	222	0	0	5	3	4746	2564	35	1
3072	109	0	223	222	0	0	5	4	4746	3172	21	1
3073	109	0	223	222	0	0	6	7	4746	4746	4	1
3074	109	0	223	222	0	0	6	0	4746	9474	225	1
3075	109	0	223	222	0	0	6	1	4746	4304	115	1
3076	109	0	223	222	0	0	6	2	4746	2820	60	1
3077	109	0	223	222	0	0	6	3	4746	2732	32	1
3078	109	0	223	222	0	0	6	4	4746	3244	18	1
3079	109	0	223	222	0	0	6	5	4746	4002	11	1
3080	110	0	225	224	0	0	0	7	4906	9790	223	1
3081	110	0	225	224	0	0	1	7	4906	4460	112	1
3082	110	0	225	224	0	0	1	0	4906	4904	335	1
3083	110	0	225	224	0	0	2	7	4906	2892	56	1
3084	110	0	225	224	0	0	2	0	4906	4224	279	1
3085	110	0	225	224	0	0	2	1	4906	2446	168	1
3086	110	0	225	224	0	0	3	7	4906	2780	28	1
3087	110	0	225	224	0	0	3	0	4906	5000	251	1
3088	110	0	225	224	0	0	3	1	4906	2334	140	1
3089	110	0	225	224	0	0	3	2	4906	2110	84	1
3090	110	0	225	224	0	0	4	7	4906	3284	14	1
3091	110	0	225	224	0	0	4	0	4906	6392	237	1
3092	110	0	225	224	0	0	4	1	4906	2838	126	1
3093	110	0	225	224	0	0	4	2	4906	2166	70	1
3094	110	0	225	224	0	0	4	3	4906	2502	42	1
3095	110	0	225	224	0	0	5	7	4906	4040	7	1
3096	110	0	225	224	0	0	5	0	4906	8036	230	1
3097	110	0	225	224	0	0	5	1	4906	3594	119	1
3098	110	0	225	224	0	0	5	2	4906	2474	63	1
3099	110	0	225	224	0	0	5	3	4906	2586	35	1
3100	110	0	225	224	0	0	5	4	4906	3202	21	1
3101	110	0	225	224	0	0	6	7	4906	4906	4	1
3102	110	0	225	224	0	0	6	0	4906	9790	227	1
3103	110	0	225	224	0	0	6	1	4906	4460	116	1
3104	110	0	225	224	0	0	6	2	4906	2892	60	1
3105	110	0	225	224	0	0	6	3	4906	2780	32	1
3106	110	0	225	224	0	0	6	4	4906	3284	18	1
3107	110	0	225	224	0	0	6	5	4906	4040	11	1
3108	111	0	227	226	0	0	0	7	4950	9878	225	1
3109	111	0	227	226	0	0	1	7	4950	4500	113	1
3110	111	0	227	226	0	0	1	0	4950	4948	338	1
3111	111	0	227	226	0	0	2	7	4950	2932	57	1
3112	111	0	227	226	0	0	2	0	4950	4276	282	1
3113	111	0	227	226	0	0	2	1	4950	2482	170	1
3114	111	0	227	226	0	0	3	7	4950	2820	29	1
3115	111	0	227	226	0	0	3	0	4950	5060	254	1
3116	111	0	227	226	0	0	3	1	4950	2370	142	1
3117	111	0	227	226	0	0	3	2	4950	2146	86	1
3118	111	0	227	226	0	0	4	7	4950	3324	15	1
3119	111	0	227	226	0	0	4	0	4950	6460	240	1
3120	111	0	227	226	0	0	4	1	4950	2874	128	1
3121	111	0	227	226	0	0	4	2	4950	2202	72	1
3122	111	0	227	226	0	0	4	3	4950	2538	44	1
3123	111	0	227	226	0	0	5	7	4950	4080	8	1
3124	111	0	227	226	0	0	5	0	4950	8112	233	1
3125	111	0	227	226	0	0	5	1	4950	3630	121	1
3126	111	0	227	226	0	0	5	2	4950	2510	65	1
3127	111	0	227	226	0	0	5	3	4950	2622	37	1
3128	111	0	227	226	0	0	5	4	4950	3238	23	1
3129	111	0	227	226	0	0	6	7	4950	4950	4	1
3130	111	0	227	226	0	0	6	0	4950	9878	229	1
3131	111	0	227	226	0	0	6	1	4950	4500	117	1
3132	111	0	227	226	0	0	6	2	4950	2932	61	1
3133	111	0	227	226	0	0	6	3	4950	2820	33	1
3134	111	0	227	226	0	0	6	4	4950	3324	19	1
3135	111	0	227	226	0	0	6	5	4950	4080	12	1
3136	112	0	229	228	0	0	0	7	4994	9966	227	1
3137	112	0	229	228	0	0	1	7	4994	4540	114	1
3138	112	0	229	228	0	0	1	0	4994	4992	341	1
3139	112	0	229	228	0	0	2	7	4994	2944	57	1
3140	112	0	229	228	0	0	2	0	4994	4300	284	1
3141	112	0	229	228	0	0	2	1	4994	2490	171	1
3142	112	0	229	228	0	0	3	7	4994	2840	29	1
3143	112	0	229	228	0	0	3	0	4994	5100	256	1
3144	112	0	229	228	0	0	3	1	4994	2386	143	1
3145	112	0	229	228	0	0	3	2	4994	2158	86	1
3146	112	0	229	228	0	0	4	7	4994	3352	15	1
3147	112	0	229	228	0	0	4	0	4994	6516	242	1
3148	112	0	229	228	0	0	4	1	4994	2898	129	1
3149	112	0	229	228	0	0	4	2	4994	2214	72	1
3150	112	0	229	228	0	0	4	3	4994	2558	44	1
3151	112	0	229	228	0	0	5	7	4994	4116	8	1
3152	112	0	229	228	0	0	5	0	4994	8184	235	1
3153	112	0	229	228	0	0	5	1	4994	3662	122	1
3154	112	0	229	228	0	0	5	2	4994	2522	65	1
3155	112	0	229	228	0	0	5	3	4994	2642	37	1
3156	112	0	229	228	0	0	5	4	4994	3266	23	1
3157	112	0	229	228	0	0	6	7	4994	4994	4	1
3158	112	0	229	228	0	0	6	0	4994	9966	231	1
3159	112	0	229	228	0	0	6	1	4994	4540	118	1
3160	112	0	229	228	0	0	6	2	4994	2944	61	1
3161	112	0	229	228	0	0	6	3	4994	2840	33	1
3162	112	0	229	228	0	0	6	4	4994	3352	19	1
3163	112	0	229	228	0	0	6	5	4994	4116	12	1
3164	113	0	231	230	0	0	0	7	5038	10054	229	1
3165	113	0	231	230	0	0	1	7	5038	4580	115	1
3166	113	0	231	230	0	0	1	0	5038	5036	344	1
3167	113	0	231	230	0	0	2	7	5038	2984	58	1
3168	113	0	231	230	0	0	2	0	5038	4352	287	1
3169	113	0	231	230	0	0	2	1	5038	2526	173	1
3170	113	0	231	230	0	0	3	7	5038	2860	29	1
3171	113	0	231	230	0	0	3	0	5038	5140	258	1
3172	113	0	231	230	0	0	3	1	5038	2402	144	1
3173	113	0	231	230	0	0	3	2	5038	2174	87	1
3174	113	0	231	230	0	0	4	7	5038	3380	15	1
3175	113	0	231	230	0	0	4	0	5038	6572	244	1
3176	113	0	231	230	0	0	4	1	5038	2922	130	1
3177	113	0	231	230	0	0	4	2	5038	2238	73	1
3178	113	0	231	230	0	0	4	3	5038	2578	44	1
3179	113	0	231	230	0	0	5	7	5038	4152	8	1
3180	113	0	231	230	0	0	5	0	5038	8256	237	1
3181	113	0	231	230	0	0	5	1	5038	3694	123	1
3182	113	0	231	230	0	0	5	2	5038	2554	66	1
3183	113	0	231	230	0	0	5	3	5038	2662	37	1
3184	113	0	231	230	0	0	5	4	5038	3294	23	1
3185	113	0	231	230	0	0	6	7	5038	5038	4	1
3186	113	0	231	230	0	0	6	0	5038	10054	233	1
3187	113	0	231	230	0	0	6	1	5038	4580	119	1
3188	113	0	231	230	0	0	6	2	5038	2984	62	1
3189	113	0	231	230	0	0	6	3	5038	2860	33	1
3190	113	0	231	230	0	0	6	4	5038	3380	19	1
3191	113	0	231	230	0	0	6	5	5038	4152	12	1
3192	114	0	233	232	0	0	0	7	5082	10142	231	1
3193	114	0	233	232	0	0	1	7	5082	4620	116	1
3194	114	0	233	232	0	0	1	0	5082	5080	347	1
3195	114	0	233	232	0	0	2	7	5082	2996	58	1
3196	114	0	233	232	0	0	2	0	5082	4376	289	1
3197	114	0	233	232	0	0	2	1	5082	2534	174	1
3198	114	0	233	232	0	0	3	7	5082	2880	29	1
3199	114	0	233	232	0	0	3	0	5082	5180	260	1
3200	114	0	233	232	0	0	3	1	5082	2418	145	1
3201	114	0	233	232	0	0	3	2	5082	2186	87	1
3202	114	0	233	232	0	0	4	7	5082	3408	15	1
3203	114	0	233	232	0	0	4	0	5082	6628	246	1
3204	114	0	233	232	0	0	4	1	5082	2946	131	1
3205	114	0	233	232	0	0	4	2	5082	2250	73	1
3206	114	0	233	232	0	0	4	3	5082	2598	44	1
3207	114	0	233	232	0	0	5	7	5082	4188	8	1
3208	114	0	233	232	0	0	5	0	5082	8328	239	1
3209	114	0	233	232	0	0	5	1	5082	3726	124	1
3210	114	0	233	232	0	0	5	2	5082	2566	66	1
3211	114	0	233	232	0	0	5	3	5082	2682	37	1
3212	114	0	233	232	0	0	5	4	5082	3322	23	1
3213	114	0	233	232	0	0	6	7	5082	5082	4	1
3214	114	0	233	232	0	0	6	0	5082	10142	235	1
3215	114	0	233	232	0	0	6	1	5082	4620	120	1
3216	114	0	233	232	0	0	6	2	5082	2996	62	1
3217	114	0	233	232	0	0	6	3	5082	2880	33	1
3218	114	0	233	232	0	0	6	4	5082	3408	19	1
3219	114	0	233	232	0	0	6	5	5082	4188	12	1
3220	115	0	235	234	0	0	0	7	5126	10230	233	1
3221	115	0	235	234	0	0	1	7	5126	4660	117	1
3222	115	0	235	234	0	0	1	0	5126	5124	350	1
3223	115	0	235	234	0	0	2	7	5126	3036	59	1
3224	115	0	235	234	0	0	2	0	5126	4428	292	1
3225	115	0	235	234	0	0	2	1	5126	2570	176	1
3226	115	0	235	234	0	0	3	7	5126	2920	30	1
3227	115	0	235	234	0	0	3	0	5126	5240	263	1
3228	115	0	235	234	0	0	3	1	5126	2454	147	1
3229	115	0	235	234	0	0	3	2	5126	2222	89	1
3230	115	0	235	234	0	0	4	7	5126	3436	15	1
3231	115	0	235	234	0	0	4	0	5126	6684	248	1
3232	115	0	235	234	0	0	4	1	5126	2970	132	1
3233	115	0	235	234	0	0	4	2	5126	2274	74	1
3234	115	0	235	234	0	0	4	3	5126	2622	45	1
3235	115	0	235	234	0	0	5	7	5126	4224	8	1
3236	115	0	235	234	0	0	5	0	5126	8400	241	1
3237	115	0	235	234	0	0	5	1	5126	3758	125	1
3238	115	0	235	234	0	0	5	2	5126	2598	67	1
3239	115	0	235	234	0	0	5	3	5126	2714	38	1
3240	115	0	235	234	0	0	5	4	5126	3350	23	1
3241	115	0	235	234	0	0	6	7	5126	5126	4	1
3242	115	0	235	234	0	0	6	0	5126	10230	237	1
3243	115	0	235	234	0	0	6	1	5126	4660	121	1
3244	115	0	235	234	0	0	6	2	5126	3036	63	1
3245	115	0	235	234	0	0	6	3	5126	2920	34	1
3246	115	0	235	234	0	0	6	4	5126	3436	19	1
3247	115	0	235	234	0	0	6	5	5126	4224	12	1
3248	116	0	237	236	0	0	0	7	5170	10318	235	1
3249	116	0	237	236	0	0	1	7	5170	4700	118	1
3250	116	0	237	236	0	0	1	0	5170	5168	353	1
3251	116	0	237	236	0	0	2	7	5170	3048	59	1
3252	116	0	237	236	0	0	2	0	5170	4452	294	1
3253	116	0	237	236	0	0	2	1	5170	2578	177	1
3254	116	0	237	236	0	0	3	7	5170	2940	30	1
3255	116	0	237	236	0	0	3	0	5170	5280	265	1
3256	116	0	237	236	0	0	3	1	5170	2470	148	1
3257	116	0	237	236	0	0	3	2	5170	2234	89	1
3258	116	0	237	236	0	0	4	7	5170	3464	15	1
3259	116	0	237	236	0	0	4	0	5170	6740	250	1
3260	116	0	237	236	0	0	4	1	5170	2994	133	1
3261	116	0	237	236	0	0	4	2	5170	2286	74	1
3262	116	0	237	236	0	0	4	3	5170	2642	45	1
3263	116	0	237	236	0	0	5	7	5170	4260	8	1
3264	116	0	237	236	0	0	5	0	5170	8472	243	1
3265	116	0	237	236	0	0	5	1	5170	3790	126	1
3266	116	0	237	236	0	0	5	2	5170	2610	67	1
3267	116	0	237	236	0	0	5	3	5170	2734	38	1
3268	116	0	237	236	0	0	5	4	5170	3378	23	1
3269	116	0	237	236	0	0	6	7	5170	5170	4	1
3270	116	0	237	236	0	0	6	0	5170	10318	239	1
3271	116	0	237	236	0	0	6	1	5170	4700	122	1
3272	116	0	237	236	0	0	6	2	5170	3048	63	1
3273	116	0	237	236	0	0	6	3	5170	2940	34	1
3274	116	0	237	236	0	0	6	4	5170	3464	19	1
3275	116	0	237	236	0	0	6	5	5170	4260	12	1
3276	117	0	239	238	0	0	0	7	5214	10406	237	1
3277	117	0	239	238	0	0	1	7	5214	4740	119	1
3278	117	0	239	238	0	0	1	0	5214	5212	356	1
3279	117	0	239	238	0	0	2	7	5214	3088	60	1
3280	117	0	239	238	0	0	2	0	5214	4504	297	1
3281	117	0	239	238	0	0	2	1	5214	2614	179	1
3282	117	0	239	238	0	0	3	7	5214	2960	30	1
3283	117	0	239	238	0	0	3	0	5214	5320	267	1
3284	117	0	239	238	0	0	3	1	5214	2486	149	1
3285	117	0	239	238	0	0	3	2	5214	2250	90	1
3286	117	0	239	238	0	0	4	7	5214	3492	15	1
3287	117	0	239	238	0	0	4	0	5214	6796	252	1
3288	117	0	239	238	0	0	4	1	5214	3018	134	1
3289	117	0	239	238	0	0	4	2	5214	2310	75	1
3290	117	0	239	238	0	0	4	3	5214	2662	45	1
3291	117	0	239	238	0	0	5	7	5214	4296	8	1
3292	117	0	239	238	0	0	5	0	5214	8544	245	1
3293	117	0	239	238	0	0	5	1	5214	3822	127	1
3294	117	0	239	238	0	0	5	2	5214	2642	68	1
3295	117	0	239	238	0	0	5	3	5214	2754	38	1
3296	117	0	239	238	0	0	5	4	5214	3406	23	1
3297	117	0	239	238	0	0	6	7	5214	5214	4	1
3298	117	0	239	238	0	0	6	0	5214	10406	241	1
3299	117	0	239	238	0	0	6	1	5214	4740	123	1
3300	117	0	239	238	0	0	6	2	5214	3088	64	1
3301	117	0	239	238	0	0	6	3	5214	2960	34	1
3302	117	0	239	238	0	0	6	4	5214	3492	19	1
3303	117	0	239	238	0	0	6	5	5214	4296	12	1
3304	118	0	241	240	0	0	0	7	5258	10494	239	1
3305	118	0	241	240	0	0	1	7	5258	4780	120	1
3306	118	0	241	240	0	0	1	0	5258	5256	359	1
3307	118	0	241	240	0	0	2	7	5258	3100	60	1
3308	118	0	241	240	0	0	2	0	5258	4528	299	1
3309	118	0	241	240	0	0	2	1	5258	2622	180	1
3310	118	0	241	240	0	0	3	7	5258	2980	30	1
3311	118	0	241	240	0	0	3	0	5258	5360	269	1
3312	118	0	241	240	0	0	3	1	5258	2502	150	1
3313	118	0	241	240	0	0	3	2	5258	2262	90	1
3314	118	0	241	240	0	0	4	7	5258	3520	15	1
3315	118	0	241	240	0	0	4	0	5258	6852	254	1
3316	118	0	241	240	0	0	4	1	5258	3042	135	1
3317	118	0	241	240	0	0	4	2	5258	2322	75	1
3318	118	0	241	240	0	0	4	3	5258	2682	45	1
3319	118	0	241	240	0	0	5	7	5258	4332	8	1
3320	118	0	241	240	0	0	5	0	5258	8616	247	1
3321	118	0	241	240	0	0	5	1	5258	3854	128	1
3322	118	0	241	240	0	0	5	2	5258	2654	68	1
3323	118	0	241	240	0	0	5	3	5258	2774	38	1
3324	118	0	241	240	0	0	5	4	5258	3434	23	1
3325	118	0	241	240	0	0	6	7	5258	5258	4	1
3326	118	0	241	240	0	0	6	0	5258	10494	243	1
3327	118	0	241	240	0	0	6	1	5258	4780	124	1
3328	118	0	241	240	0	0	6	2	5258	3100	64	1
3329	118	0	241	240	0	0	6	3	5258	2980	34	1
3330	118	0	241	240	0	0	6	4	5258	3520	19	1
3331	118	0	241	240	0	0	6	5	5258	4332	12	1
3332	119	0	243	242	0	0	0	7	5302	10582	241	1
3333	119	0	243	242	0	0	1	7	5302	4820	121	1
3334	119	0	243	242	0	0	1	0	5302	5300	362	1
3335	119	0	243	242	0	0	2	7	5302	3140	61	1
3336	119	0	243	242	0	0	2	0	5302	4580	302	1
3337	119	0	243	242	0	0	2	1	5302	2658	182	1
3338	119	0	243	242	0	0	3	7	5302	3020	31	1
3339	119	0	243	242	0	0	3	0	5302	5420	272	1
3340	119	0	243	242	0	0	3	1	5302	2538	152	1
3341	119	0	243	242	0	0	3	2	5302	2298	92	1
3342	119	0	243	242	0	0	4	7	5302	3560	16	1
3343	119	0	243	242	0	0	4	0	5302	6920	257	1
3344	119	0	243	242	0	0	4	1	5302	3078	137	1
3345	119	0	243	242	0	0	4	2	5302	2358	77	1
3346	119	0	243	242	0	0	4	3	5302	2718	47	1
3347	119	0	243	242	0	0	5	7	5302	4368	8	1
3348	119	0	243	242	0	0	5	0	5302	8688	249	1
3349	119	0	243	242	0	0	5	1	5302	3886	129	1
3350	119	0	243	242	0	0	5	2	5302	2686	69	1
3351	119	0	243	242	0	0	5	3	5302	2806	39	1
3352	119	0	243	242	0	0	5	4	5302	3466	24	1
3353	119	0	243	242	0	0	6	7	5302	5302	4	1
3354	119	0	243	242	0	0	6	0	5302	10582	245	1
3355	119	0	243	242	0	0	6	1	5302	4820	125	1
3356	119	0	243	242	0	0	6	2	5302	3140	65	1
3357	119	0	243	242	0	0	6	3	5302	3020	35	1
3358	119	0	243	242	0	0	6	4	5302	3560	20	1
3359	119	0	243	242	0	0	6	5	5302	4368	12	1
3360	120	0	245	244	0	0	0	7	5346	10670	243	1
3361	120	0	245	244	0	0	1	7	5346	4860	122	1
3362	120	0	245	244	0	0	1	0	5346	5344	365	1
3363	120	0	245	244	0	0	2	7	5346	3152	61	1
3364	120	0	245	244	0	0	2	0	5346	4604	304	1
3365	120	0	245	244	0	0	2	1	5346	2666	183	1
3366	120	0	245	244	0	0	3	7	5346	3040	31	1
3367	120	0	245	244	0	0	3	0	5346	5460	274	1
3368	120	0	245	244	0	0	3	1	5346	2554	153	1
3369	120	0	245	244	0	0	3	2	5346	2310	92	1
3370	120	0	245	244	0	0	4	7	5346	3588	16	1
3371	120	0	245	244	0	0	4	0	5346	6976	259	1
3372	120	0	245	244	0	0	4	1	5346	3102	138	1
3373	120	0	245	244	0	0	4	2	5346	2370	77	1
3374	120	0	245	244	0	0	4	3	5346	2738	47	1
3375	120	0	245	244	0	0	5	7	5346	4404	8	1
3376	120	0	245	244	0	0	5	0	5346	8760	251	1
3377	120	0	245	244	0	0	5	1	5346	3918	130	1
3378	120	0	245	244	0	0	5	2	5346	2698	69	1
3379	120	0	245	244	0	0	5	3	5346	2826	39	1
3380	120	0	245	244	0	0	5	4	5346	3494	24	1
3381	120	0	245	244	0	0	6	7	5346	5346	4	1
3382	120	0	245	244	0	0	6	0	5346	10670	247	1
3383	120	0	245	244	0	0	6	1	5346	4860	126	1
3384	120	0	245	244	0	0	6	2	5346	3152	65	1
3385	120	0	245	244	0	0	6	3	5346	3040	35	1
3386	120	0	245	244	0	0	6	4	5346	3588	20	1
3387	120	0	245	244	0	0	6	5	5346	4404	12	1
3388	121	0	247	246	0	0	0	7	5390	10758	245	1
3389	121	0	247	246	0	0	1	7	5390	4900	123	1
3390	121	0	247	246	0	0	1	0	5390	5388	368	1
3391	121	0	247	246	0	0	2	7	5390	3192	62	1
3392	121	0	247	246	0	0	2	0	5390	4656	307	1
3393	121	0	247	246	0	0	2	1	5390	2702	185	1
3394	121	0	247	246	0	0	3	7	5390	3060	31	1
3395	121	0	247	246	0	0	3	0	5390	5500	276	1
3396	121	0	247	246	0	0	3	1	5390	2570	154	1
3397	121	0	247	246	0	0	3	2	5390	2326	93	1
3398	121	0	247	246	0	0	4	7	5390	3616	16	1
3399	121	0	247	246	0	0	4	0	5390	7032	261	1
3400	121	0	247	246	0	0	4	1	5390	3126	139	1
3401	121	0	247	246	0	0	4	2	5390	2394	78	1
3402	121	0	247	246	0	0	4	3	5390	2758	47	1
3403	121	0	247	246	0	0	5	7	5390	4440	8	1
3404	121	0	247	246	0	0	5	0	5390	8832	253	1
3405	121	0	247	246	0	0	5	1	5390	3950	131	1
3406	121	0	247	246	0	0	5	2	5390	2730	70	1
3407	121	0	247	246	0	0	5	3	5390	2846	39	1
3408	121	0	247	246	0	0	5	4	5390	3522	24	1
3409	121	0	247	246	0	0	6	7	5390	5390	4	1
3410	121	0	247	246	0	0	6	0	5390	10758	249	1
3411	121	0	247	246	0	0	6	1	5390	4900	127	1
3412	121	0	247	246	0	0	6	2	5390	3192	66	1
3413	121	0	247	246	0	0	6	3	5390	3060	35	1
3414	121	0	247	246	0	0	6	4	5390	3616	20	1
3415	121	0	247	246	0	0	6	5	5390	4440	12	1
3416	122	0	249	248	0	0	0	7	5434	10846	247	1
3417	122	0	249	248	0	0	1	7	5434	4940	124	1
3418	122	0	249	248	0	0	1	0	5434	5432	371	1
3419	122	0	249	248	0	0	2	7	5434	3204	62	1
3420	122	0	249	248	0	0	2	0	5434	4680	309	1
3421	122	0	249	248	0	0	2	1	5434	2710	186	1
3422	122	0	249	248	0	0	3	7	5434	3080	31	1
3423	122	0	249	248	0	0	3	0	5434	5540	278	1
3424	122	0	249	248	0	0	3	1	5434	2586	155	1
3425	122	0	249	248	0	0	3	2	5434	2338	93	1
3426	122	0	249	248	0	0	4	7	5434	3644	16	1
3427	122	0	249	248	0	0	4	0	5434	7088	263	1
3428	122	0	249	248	0	0	4	1	5434	3150	140	1
3429	122	0	249	248	0	0	4	2	5434	2406	78	1
3430	122	0	249	248	0	0	4	3	5434	2778	47	1
3431	122	0	249	248	0	0	5	7	5434	4476	8	1
3432	122	0	249	248	0	0	5	0	5434	8904	255	1
3433	122	0	249	248	0	0	5	1	5434	3982	132	1
3434	122	0	249	248	0	0	5	2	5434	2742	70	1
3435	122	0	249	248	0	0	5	3	5434	2866	39	1
3436	122	0	249	248	0	0	5	4	5434	3550	24	1
3437	122	0	249	248	0	0	6	7	5434	5434	4	1
3438	122	0	249	248	0	0	6	0	5434	10846	251	1
3439	122	0	249	248	0	0	6	1	5434	4940	128	1
3440	122	0	249	248	0	0	6	2	5434	3204	66	1
3441	122	0	249	248	0	0	6	3	5434	3080	35	1
3442	122	0	249	248	0	0	6	4	5434	3644	20	1
3443	122	0	249	248	0	0	6	5	5434	4476	12	1
3444	123	0	251	250	0	0	0	7	5478	10934	249	1
3445	123	0	251	250	0	0	1	7	5478	4980	125	1
3446	123	0	251	250	0	0	1	0	5478	5476	374	1
3447	123	0	251	250	0	0	2	7	5478	3244	63	1
3448	123	0	251	250	0	0	2	0	5478	4732	312	1
3449	123	0	251	250	0	0	2	1	5478	2746	188	1
3450	123	0	251	250	0	0	3	7	5478	3120	32	1
3451	123	0	251	250	0	0	3	0	5478	5600	281	1
3452	123	0	251	250	0	0	3	1	5478	2622	157	1
3453	123	0	251	250	0	0	3	2	5478	2374	95	1
3454	123	0	251	250	0	0	4	7	5478	3672	16	1
3455	123	0	251	250	0	0	4	0	5478	7144	265	1
3456	123	0	251	250	0	0	4	1	5478	3174	141	1
3457	123	0	251	250	0	0	4	2	5478	2430	79	1
3458	123	0	251	250	0	0	4	3	5478	2802	48	1
3459	123	0	251	250	0	0	5	7	5478	4512	8	1
3460	123	0	251	250	0	0	5	0	5478	8976	257	1
3461	123	0	251	250	0	0	5	1	5478	4014	133	1
3462	123	0	251	250	0	0	5	2	5478	2774	71	1
3463	123	0	251	250	0	0	5	3	5478	2898	40	1
3464	123	0	251	250	0	0	5	4	5478	3578	24	1
3465	123	0	251	250	0	0	6	7	5478	5478	4	1
3466	123	0	251	250	0	0	6	0	5478	10934	253	1
3467	123	0	251	250	0	0	6	1	5478	4980	129	1
3468	123	0	251	250	0	0	6	2	5478	3244	67	1
3469	123	0	251	250	0	0	6	3	5478	3120	36	1
3470	123	0	251	250	0	0	6	4	5478	3672	20	1
3471	123	0	251	250	0	0	6	5	5478	4512	12	1
3472	124	0	253	252	0	0	0	7	5522	11022	251	1
3473	124	0	253	252	0	0	1	7	5522	5020	126	1
3474	124	0	253	252	0	0	1	0	5522	5520	377	1
3475	124	0	253	252	0	0	2	7	5522	3256	63	1
3476	124	0	253	252	0	0	2	0	5522	4756	314	1
3477	124	0	253	252	0	0	2	1	5522	2754	189	1
3478	124	0	253	252	0	0	3	7	5522	3140	32	1
3479	124	0	253	252	0	0	3	0	5522	5640	283	1
3480	124	0	253	252	0	0	3	1	5522	2638	158	1
3481	124	0	253	252	0	0	3	2	5522	2386	95	1
3482	124	0	253	252	0	0	4	7	5522	3700	16	1
3483	124	0	253	252	0	0	4	0	5522	7200	267	1
3484	124	0	253	252	0	0	4	1	5522	3198	142	1
3485	124	0	253	252	0	0	4	2	5522	2442	79	1
3486	124	0	253	252	0	0	4	3	5522	2822	48	1
3487	124	0	253	252	0	0	5	7	5522	4548	8	1
3488	124	0	253	252	0	0	5	0	5522	9048	259	1
3489	124	0	253	252	0	0	5	1	5522	4046	134	1
3490	124	0	253	252	0	0	5	2	5522	2786	71	1
3491	124	0	253	252	0	0	5	3	5522	2918	40	1
3492	124	0	253	252	0	0	5	4	5522	3606	24	1
3493	124	0	253	252	0	0	6	7	5522	5522	4	1
3494	124	0	253	252	0	0	6	0	5522	11022	255	1
3495	124	0	253	252	0	0	6	1	5522	5020	130	1
3496	124	0	253	252	0	0	6	2	5522	3256	67	1
3497	124	0	253	252	0	0	6	3	5522	3140	36	1
3498	124	0	253	252	0	0	6	4	5522	3700	20	1
3499	124	0	253	252	0	0	6	5	5522	4548	12	1
3500	125	0	255	254	0	0	0	7	5566	11110	253	1
3501	125	0	255	254	0	0	1	7	5566	5060	127	1
3502	125	0	255	254	0	0	1	0	5566	5564	380	1
3503	125	0	255	254	0	0	2	7	5566	3296	64	1
3504	125	0	255	254	0	0	2	0	5566	4808	317	1
3505	125	0	255	254	0	0	2	1	5566	2790	191	1
3506	125	0	255	254	0	0	3	7	5566	3160	32	1
3507	125	0	255	254	0	0	3	0	5566	5680	285	1
3508	125	0	255	254	0	0	3	1	5566	2654	159	1
3509	125	0	255	254	0	0	3	2	5566	2402	96	1
3510	125	0	255	254	0	0	4	7	5566	3728	16	1
3511	125	0	255	254	0	0	4	0	5566	7256	269	1
3512	125	0	255	254	0	0	4	1	5566	3222	143	1
3513	125	0	255	254	0	0	4	2	5566	2466	80	1
3514	125	0	255	254	0	0	4	3	5566	2842	48	1
3515	125	0	255	254	0	0	5	7	5566	4584	8	1
3516	125	0	255	254	0	0	5	0	5566	9120	261	1
3517	125	0	255	254	0	0	5	1	5566	4078	135	1
3518	125	0	255	254	0	0	5	2	5566	2818	72	1
3519	125	0	255	254	0	0	5	3	5566	2938	40	1
3520	125	0	255	254	0	0	5	4	5566	3634	24	1
3521	125	0	255	254	0	0	6	7	5566	5566	4	1
3522	125	0	255	254	0	0	6	0	5566	11110	257	1
3523	125	0	255	254	0	0	6	1	5566	5060	131	1
3524	125	0	255	254	0	0	6	2	5566	3296	68	1
3525	125	0	255	254	0	0	6	3	5566	3160	36	1
3526	125	0	255	254	0	0	6	4	5566	3728	20	1
3527	125	0	255	254	0	0	6	5	5566	4584	12	1
3528	126	0	256	256	0	0	0	7	5610	11198	255	1
3529	126	0	256	256	0	0	1	7	5610	5100	128	1
3530	126	0	256	256	0	0	1	0	5610	5608	383	1
3531	126	0	256	256	0	0	2	7	5610	3308	64	1
3532	126	0	256	256	0	0	2	0	5610	4832	319	1
3533	126	0	256	256	0	0	2	1	5610	2798	192	1
3534	126	0	256	256	0	0	3	7	5610	3180	32	1
3535	126	0	256	256	0	0	3	0	5610	5720	287	1
3536	126	0	256	256	0	0	3	1	5610	2670	160	1
3537	126	0	256	256	0	0	3	2	5610	2414	96	1
3538	126	0	256	256	0	0	4	7	5610	3756	16	1
3539	126	0	256	256	0	0	4	0	5610	7312	271	1
3540	126	0	256	256	0	0	4	1	5610	3246	144	1
3541	126	0	256	256	0	0	4	2	5610	2478	80	1
3542	126	0	256	256	0	0	4	3	5610	2862	48	1
3543	126	0	256	256	0	0	5	7	5610	4620	8	1
3544	126	0	256	256	0	0	5	0	5610	9192	263	1
3545	126	0	256	256	0	0	5	1	5610	4110	136	1
3546	126	0	256	256	0	0	5	2	5610	2830	72	1
3547	126	0	256	256	0	0	5	3	5610	2958	40	1
3548	126	0	256	256	0	0	5	4	5610	3662	24	1
3549	126	0	256	256	0	0	6	7	5610	5610	4	1
3550	126	0	256	256	0	0	6	0	5610	11198	259	1
3551	126	0	256	256	0	0	6	1	5610	5100	132	1
3552	126	0	256	256	0	0	6	2	5610	3308	68	1
3553	126	0	256	256	0	0	6	3	5610	3180	36	1
3554	126	0	256	256	0	0	6	4	5610	3756	20	1
3555	126	0	256	256	0	0	6	5	5610	4620	12	1
3556	127	0	256	256	0	0	0	7	5610	11198	255	1
3557	127	0	256	256	0	0	1	7	5610	5100	128	1
3558	127	0	256	256	0	0	1	0	5610	5608	383	1
3559	127	0	256	256	0	0	2	7	5610	3308	64	1
3560	127	0	256	256	0	0	2	0	5610	4832	319	1
3561	127	0	256	256	0	0	2	1	5610	2798	192	1
3562	127	0	256	256	0	0	3	7	5610	3180	32	1
3563	127	0	256	256	0	0	3	0	5610	5720	287	1
3564	127	0	256	256	0	0	3	1	5610	2670	160	1
3565	127	0	256	256	0	0	3	2	5610	2414	96	1
3566	127	0	256	256	0	0	4	7	5610	3756	16	1
3567	127	0	256	256	0	0	4	0	5610	7312	271	1
3568	127	0	256	256	0	0	4	1	5610	3246	144	1
3569	127	0	256	256	0	0	4	2	5610	2478	80	1
3570	127	0	256	256	0	0	4	3	5610	2862	48	1
3571	127	0	256	256	0	0	5	7	5610	4620	8	1
3572	127	0	256	256	0	0	5	0	5610	9192	263	1
3573	127	0	256	256	0	0	5	1	5610	4110	136	1
3574	127	0	256	256	0	0	5	2	5610	2830	72	1
3575	127	0	256	256	0	0	5	3	5610	2958	40	1
3576	127	0	256	256	0	0	5	4	5610	3662	24	1
3577	127	0	256	256	0	0	6	7	5610	5610	4	1
3578	127	0	256	256	0	0	6	0	5610	11198	259	1
3579	127	0	256	256	0	0	6	1	5610	5100	132	1
3580	127	0	256	256	0	0	6	2	5610	3308	68	1
3581	127	0	256	256	0	0	6	3	5610	3180	36	1
3582	127	0	256	256	0	0	6	4	5610	3756	20	1
3583	127	0	256	256	0	0	6	5	5610	4620	12	1
3584	128	0	256	256	0	0	0	7	5610	11198	255	1
3585	128	0	256	256	0	0	1	7	5610	5100	128	1
3586	128	0	256	256	0	0	1	0	5610	5608	383	1
3587	128	0	256	256	0	0	2	7	5610	3308	64	1
3588	128	0	256	256	0	0	2	0	5610	4832	319	1
3589	128	0	256	256	0	0	2	1	5610	2798	192	1
3590	128	0	256	256	0	0	3	7	5610	3180	32	1
3591	128	0	256	256	0	0	3	0	5610	5720	287	1
3592	128	0	256	256	0	0	3	1	5610	2670	160	1
3593	128	0	256	256	0	0	3	2	5610	2414	96	1
3594	128	0	256	256	0	0	4	7	5610	3756	16	1
3595	128	0	256	256	0	0	4	0	5610	7312	271	1
3596	128	0	256	256	0	0	4	1	5610	3246	144	1
3597	128	0	256	256	0	0	4	2	5610	2478	80	1
3598	128	0	256	256	0	0	4	3	5610	2862	48	1
3599	128	0	256	256	0	0	5	7	5610	4620	8	1
3600	128	0	256	256	0	0	5	0	5610	9192	263	1
3601	128	0	256	256	0	0	5	1	5610	4110	136	1
3602	128	0	256	256	0	0	5	2	5610	2830	72	1
3603	128	0	256	256	0	0	5	3	5610	2958	40	1
3604	128	0	256	256	0	0	5	4	5610	3662	24	1
3605	128	0	256	256	0	0	6	7	5610	5610	4	1
3606	128	0	256	256	0	0	6	0	5610	11198	259	1
3607	128	0	256	256	0	0	6	1	5610	5100	132	1
3608	128	0	256	256	0	0	6	2	5610	3308	68	1
3609	128	0	256	256	0	0	6	3	5610	3180	36	1
3610	128	0	256	256	0	0	6	4	5610	3756	20	1
3611	128	0	256	256	0	0	6	5	5610	4620	12	1
3612	129	0	256	256	0	0	0	7	5610	11198	255	1
3613	129	0	256	256	0	0	1	7	5610	5100	128	1
3614	129	0	256	256	0	0	1	0	5610	5608	383	1
3615	129	0	256	256	0	0	2	7	5610	3308	64	1
3616	129	0	256	256	0	0	2	0	5610	4832	319	1
3617	129	0	256	256	0	0	2	1	5610	2798	192	1
3618	129	0	256	256	0	0	3	7	5610	3180	32	1
3619	129	0	256	256	0	0	3	0	5610	5720	287	1
3620	129	0	256	256	0	0	3	1	5610	2670	160	1
3621	129	0	256	256	0	0	3	2	5610	2414	96	1
3622	129	0	256	256	0	0	4	7	5610	3756	16	1
3623	129	0	256	256	0	0	4	0	5610	7312	271	1
3624	129	0	256	256	0	0	4	1	5610	3246	144	1
3625	129	0	256	256	0	0	4	2	5610	2478	80	1
3626	129	0	256	256	0	0	4	3	5610	2862	48	1
3627	129	0	256	256	0	0	5	7	5610	4620	8	1
3628	129	0	256	256	0	0	5	0	5610	9192	263	1
3629	129	0	256	256	0	0	5	1	5610	4110	136	1
3630	129	0	256	256	0	0	5	2	5610	2830	72	1
3631	129	0	256	256	0	0	5	3	5610	2958	40	1
3632	129	0	256	256	0	0	5	4	5610	3662	24	1
3633	129	0	256	256	0	0	6	7	5610	5610	4	1
3634	129	0	256	256	0	0	6	0	5610	11198	259	1
3635	129	0	256	256	0	0	6	1	5610	5100	132	1
3636	129	0	256	256	0	0	6	2	5610	3308	68	1
3637	129	0	256	256	0	0	6	3	5610	3180	36	1
3638	129	0	256	256	0	0	6	4	5610	3756	20	1
3639	129	0	256	256	0	0	6	5	5610	4620	12	1
3640	130	4	256	256	0	0	0	7	5522	11022	251	1
3641	130	4	256	256	0	0	1	7	5522	5020	126	1
3642	130	4	256	256	0	0	1	0	5522	5520	377	1
3643	130	4	256	256	0	0	2	7	5522	3256	63	1
3644	130	4	256	256	0	0	2	0	5522	4756	314	1
3645	130	4	256	256	0	0	2	1	5522	2754	189	1
3646	130	4	256	256	0	0	3	7	5522	3140	32	1
3647	130	4	256	256	0	0	3	0	5522	5640	283	1
3648	130	4	256	256	0	0	3	1	5522	2638	158	1
3649	130	4	256	256	0	0	3	2	5522	2386	95	1
3650	130	4	256	256	0	0	4	7	5522	3700	16	1
3651	130	4	256	256	0	0	4	0	5522	7200	267	1
3652	130	4	256	256	0	0	4	1	5522	3198	142	1
3653	130	4	256	256	0	0	4	2	5522	2442	79	1
3654	130	4	256	256	0	0	4	3	5522	2822	48	1
3655	130	4	256	256	0	0	5	7	5522	4548	8	1
3656	130	4	256	256	0	0	5	0	5522	9048	259	1
3657	130	4	256	256	0	0	5	1	5522	4046	134	1
3658	130	4	256	256	0	0	5	2	5522	2786	71	1
3659	130	4	256	256	0	0	5	3	5522	2918	40	1
3660	130	4	256	256	0	0	5	4	5522	3606	24	1
3661	130	4	256	256	0	0	6	7	5522	5522	4	1
3662	130	4	256	256	0	0	6	0	5522	11022	255	1
3663	130	4	256	256	0	0	6	1	5522	5020	130	1
3664	130	4	256	256	0	0	6	2	5522	3256	67	1
3665	130	4	256	256	0	0	6	3	5522	3140	36	1
3666	130	4	256	256	0	0	6	4	5522	3700	20	1
3667	130	4	256	256	0	0	6	5	5522	4548	12	1
3668	131	7	256	256	0	0	0	7	5456	10890	248	1
3669	131	7	256	256	0	0	1	7	5456	4978	125	1
3670	131	7	256	256	0	0	1	0	5456	5472	373	1
3671	131	7	256	256	0	0	2	7	5456	3238	63	1
3672	131	7	256	256	0	0	2	0	5456	4720	311	1
3673	131	7	256	256	0	0	2	1	5456	2744	188	1
3674	131	7	256	256	0	0	3	7	5456	3110	32	1
3675	131	7	256	256	0	0	3	0	5456	5580	280	1
3676	131	7	256	256	0	0	3	1	5456	2620	157	1
3677	131	7	256	256	0	0	3	2	5456	2368	95	1
3678	131	7	256	256	0	0	4	7	5456	3658	16	1
3679	131	7	256	256	0	0	4	0	5456	7116	264	1
3680	131	7	256	256	0	0	4	1	5456	3172	141	1
3681	131	7	256	256	0	0	4	2	5456	2424	79	1
3682	131	7	256	256	0	0	4	3	5456	2792	48	1
3683	131	7	256	256	0	0	5	7	5456	4494	8	1
3684	131	7	256	256	0	0	5	0	5456	8940	256	1
3685	131	7	256	256	0	0	5	1	5456	4012	133	1
3686	131	7	256	256	0	0	5	2	5456	2768	71	1
3687	131	7	256	256	0	0	5	3	5456	2888	40	1
3688	131	7	256	256	0	0	5	4	5456	3564	24	1
3689	131	7	256	256	0	0	6	7	5456	5456	4	1
3690	131	7	256	256	0	0	6	0	5456	10890	252	1
3691	131	7	256	256	0	0	6	1	5456	4978	129	1
3692	131	7	256	256	0	0	6	2	5456	3238	67	1
3693	131	7	256	256	0	0	6	3	5456	3110	36	1
3694	131	7	256	256	0	0	6	4	5456	3658	20	1
3695	131	7	256	256	0	0	6	5	5456	4494	12	1
3696	132	11	256	256	0	0	0	7	5368	10714	244	1
3697	132	11	256	256	0	0	1	7	5368	4898	123	1
3698	132	11	256	256	0	0	1	0	5368	5384	367	1
3699	132	11	256	256	0	0	2	7	5368	3186	62	1
3700	132	11	256	256	0	0	2	0	5368	4644	306	1
3701	132	11	256	256	0	0	2	1	5368	2700	185	1
3702	132	11	256	256	0	0	3	7	5368	3050	31	1
3703	132	11	256	256	0	0	3	0	5368	5480	275	1
3704	132	11	256	256	0	0	3	1	5368	2568	154	1
3705	132	11	256	256	0	0	3	2	5368	2320	93	1
3706	132	11	256	256	0	0	4	7	5368	3602	16	1
3707	132	11	256	256	0	0	4	0	5368	7004	260	1
3708	132	11	256	256	0	0	4	1	5368	3124	139	1
3709	132	11	256	256	0	0	4	2	5368	2388	78	1
3710	132	11	256	256	0	0	4	3	5368	2748	47	1
3711	132	11	256	256	0	0	5	7	5368	4422	8	1
3712	132	11	256	256	0	0	5	0	5368	8796	252	1
3713	132	11	256	256	0	0	5	1	5368	3948	131	1
3714	132	11	256	256	0	0	5	2	5368	2724	70	1
3715	132	11	256	256	0	0	5	3	5368	2836	39	1
3716	132	11	256	256	0	0	5	4	5368	3508	24	1
3717	132	11	256	256	0	0	6	7	5368	5368	4	1
3718	132	11	256	256	0	0	6	0	5368	10714	248	1
3719	132	11	256	256	0	0	6	1	5368	4898	127	1
3720	132	11	256	256	0	0	6	2	5368	3186	66	1
3721	132	11	256	256	0	0	6	3	5368	3050	35	1
3722	132	11	256	256	0	0	6	4	5368	3602	20	1
3723	132	11	256	256	0	0	6	5	5368	4422	12	1
3724	133	14	256	256	0	0	0	7	5302	10582	241	1
3725	133	14	256	256	0	0	1	7	5302	4820	121	1
3726	133	14	256	256	0	0	1	0	5302	5300	362	1
3727	133	14	256	256	0	0	2	7	5302	3140	61	1
3728	133	14	256	256	0	0	2	0	5302	4580	302	1
3729	133	14	256	256	0	0	2	1	5302	2658	182	1
3730	133	14	256	256	0	0	3	7	5302	3020	31	1
3731	133	14	256	256	0	0	3	0	5302	5420	272	1
3732	133	14	256	256	0	0	3	1	5302	2538	152	1
3733	133	14	256	256	0	0	3	2	5302	2298	92	1
3734	133	14	256	256	0	0	4	7	5302	3560	16	1
3735	133	14	256	256	0	0	4	0	5302	6920	257	1
3736	133	14	256	256	0	0	4	1	5302	3078	137	1
3737	133	14	256	256	0	0	4	2	5302	2358	77	1
3738	133	14	256	256	0	0	4	3	5302	2718	47	1
3739	133	14	256	256	0	0	5	7	5302	4368	8	1
3740	133	14	256	256	0	0	5	0	5302	8688	249	1
3741	133	14	256	256	0	0	5	1	5302	3886	129	1
3742	133	14	256	256	0	0	5	2	5302	2686	69	1
3743	133	14	256	256	0	0	5	3	5302	2806	39	1
3744	133	14	256	256	0	0	5	4	5302	3466	24	1
3745	133	14	256	256	0	0	6	7	5302	5302	4	1
3746	133	14	256	256	0	0	6	0	5302	10582	245	1
3747	133	14	256	256	0	0	6	1	5302	4820	125	1
3748	133	14	256	256	0	0	6	2	5302	3140	65	1
3749	133	14	256	256	0	0	6	3	5302	3020	35	1
3750	133	14	256	256	0	0	6	4	5302	3560	20	1
3751	133	14	256	256	0	0	6	5	5302	4368	12	1
3752	134	18	256	256	0	0	0	7	5214	10406	237	1
3753	134	18	256	256	0	0	1	7	5214	4740	119	1
3754	134	18	256	256	0	0	1	0	5214	5212	356	1
3755	134	18	256	256	0	0	2	7	5214	3088	60	1
3756	134	18	256	256	0	0	2	0	5214	4504	297	1
3757	134	18	256	256	0	0	2	1	5214	2614	179	1
3758	134	18	256	256	0	0	3	7	5214	2960	30	1
3759	134	18	256	256	0	0	3	0	5214	5320	267	1
3760	134	18	256	256	0	0	3	1	5214	2486	149	1
3761	134	18	256	256	0	0	3	2	5214	2250	90	1
3762	134	18	256	256	0	0	4	7	5214	3492	15	1
3763	134	18	256	256	0	0	4	0	5214	6796	252	1
3764	134	18	256	256	0	0	4	1	5214	3018	134	1
3765	134	18	256	256	0	0	4	2	5214	2310	75	1
3766	134	18	256	256	0	0	4	3	5214	2662	45	1
3767	134	18	256	256	0	0	5	7	5214	4296	8	1
3768	134	18	256	256	0	0	5	0	5214	8544	245	1
3769	134	18	256	256	0	0	5	1	5214	3822	127	1
3770	134	18	256	256	0	0	5	2	5214	2642	68	1
3771	134	18	256	256	0	0	5	3	5214	2754	38	1
3772	134	18	256	256	0	0	5	4	5214	3406	23	1
3773	134	18	256	256	0	0	6	7	5214	5214	4	1
3774	134	18	256	256	0	0	6	0	5214	10406	241	1
3775	134	18	256	256	0	0	6	1	5214	4740	123	1
3776	134	18	256	256	0	0	6	2	5214	3088	64	1
3777	134	18	256	256	0	0	6	3	5214	2960	34	1
3778	134	18	256	256	0	0	6	4	5214	3492	19	1
3779	134	18	256	256	0	0	6	5	5214	4296	12	1
3780	135	21	256	256	0	0	0	7	5148	10274	234	1
3781	135	21	256	256	0	0	1	7	5148	4698	118	1
3782	135	21	256	256	0	0	1	0	5148	5164	352	1
3783	135	21	256	256	0	0	2	7	5148	3042	59	1
3784	135	21	256	256	0	0	2	0	5148	4440	293	1
3785	135	21	256	256	0	0	2	1	5148	2576	177	1
3786	135	21	256	256	0	0	3	7	5148	2930	30	1
3787	135	21	256	256	0	0	3	0	5148	5260	264	1
3788	135	21	256	256	0	0	3	1	5148	2468	148	1
3789	135	21	256	256	0	0	3	2	5148	2228	89	1
3790	135	21	256	256	0	0	4	7	5148	3450	15	1
3791	135	21	256	256	0	0	4	0	5148	6712	249	1
3792	135	21	256	256	0	0	4	1	5148	2992	133	1
3793	135	21	256	256	0	0	4	2	5148	2280	74	1
3794	135	21	256	256	0	0	4	3	5148	2632	45	1
3795	135	21	256	256	0	0	5	7	5148	4242	8	1
3796	135	21	256	256	0	0	5	0	5148	8436	242	1
3797	135	21	256	256	0	0	5	1	5148	3788	126	1
3798	135	21	256	256	0	0	5	2	5148	2604	67	1
3799	135	21	256	256	0	0	5	3	5148	2724	38	1
3800	135	21	256	256	0	0	5	4	5148	3364	23	1
3801	135	21	256	256	0	0	6	7	5148	5148	4	1
3802	135	21	256	256	0	0	6	0	5148	10274	238	1
3803	135	21	256	256	0	0	6	1	5148	4698	122	1
3804	135	21	256	256	0	0	6	2	5148	3042	63	1
3805	135	21	256	256	0	0	6	3	5148	2930	34	1
3806	135	21	256	256	0	0	6	4	5148	3450	19	1
3807	135	21	256	256	0	0	6	5	5148	4242	12	1
3808	136	25	256	256	0	0	0	7	5060	10098	230	1
3809	136	25	256	256	0	0	1	7	5060	4618	116	1
3810	136	25	256	256	0	0	1	0	5060	5076	346	1
3811	136	25	256	256	0	0	2	7	5060	2990	58	1
3812	136	25	256	256	0	0	2	0	5060	4364	288	1
3813	136	25	256	256	0	0	2	1	5060	2532	174	1
3814	136	25	256	256	0	0	3	7	5060	2870	29	1
3815	136	25	256	256	0	0	3	0	5060	5160	259	1
3816	136	25	256	256	0	0	3	1	5060	2416	145	1
3817	136	25	256	256	0	0	3	2	5060	2180	87	1
3818	136	25	256	256	0	0	4	7	5060	3394	15	1
3819	136	25	256	256	0	0	4	0	5060	6600	245	1
3820	136	25	256	256	0	0	4	1	5060	2944	131	1
3821	136	25	256	256	0	0	4	2	5060	2244	73	1
3822	136	25	256	256	0	0	4	3	5060	2588	44	1
3823	136	25	256	256	0	0	5	7	5060	4170	8	1
3824	136	25	256	256	0	0	5	0	5060	8292	238	1
3825	136	25	256	256	0	0	5	1	5060	3724	124	1
3826	136	25	256	256	0	0	5	2	5060	2560	66	1
3827	136	25	256	256	0	0	5	3	5060	2672	37	1
3828	136	25	256	256	0	0	5	4	5060	3308	23	1
3829	136	25	256	256	0	0	6	7	5060	5060	4	1
3830	136	25	256	256	0	0	6	0	5060	10098	234	1
3831	136	25	256	256	0	0	6	1	5060	4618	120	1
3832	136	25	256	256	0	0	6	2	5060	2990	62	1
3833	136	25	256	256	0	0	6	3	5060	2870	33	1
3834	136	25	256	256	0	0	6	4	5060	3394	19	1
3835	136	25	256	256	0	0	6	5	5060	4170	12	1
3836	137	28	256	256	0	0	0	7	4994	9966	227	1
3837	137	28	256	256	0	0	1	7	4994	4540	114	1
3838	137	28	256	256	0	0	1	0	4994	4992	341	1
3839	137	28	256	256	0	0	2	7	4994	2944	57	1
3840	137	28	256	256	0	0	2	0	4994	4300	284	1
3841	137	28	256	256	0	0	2	1	4994	2490	171	1
3842	137	28	256	256	0	0	3	7	4994	2840	29	1
3843	137	28	256	256	0	0	3	0	4994	5100	256	1
3844	137	28	256	256	0	0	3	1	4994	2386	143	1
3845	137	28	256	256	0	0	3	2	4994	2158	86	1
3846	137	28	256	256	0	0	4	7	4994	3352	15	1
3847	137	28	256	256	0	0	4	0	4994	6516	242	1
3848	137	28	256	256	0	0	4	1	4994	2898	129	1
3849	137	28	256	256	0	0	4	2	4994	2214	72	1
3850	137	28	256	256	0	0	4	3	4994	2558	44	1
3851	137	28	256	256	0	0	5	7	4994	4116	8	1
3852	137	28	256	256	0	0	5	0	4994	8184	235	1
3853	137	28	256	256	0	0	5	1	4994	3662	122	1
3854	137	28	256	256	0	0	5	2	4994	2522	65	1
3855	137	28	256	256	0	0	5	3	4994	2642	37	1
3856	137	28	256	256	0	0	5	4	4994	3266	23	1
3857	137	28	256	256	0	0	6	7	4994	4994	4	1
3858	137	28	256	256	0	0	6	0	4994	9966	231	1
3859	137	28	256	256	0	0	6	1	4994	4540	118	1
3860	137	28	256	256	0	0	6	2	4994	2944	61	1
3861	137	28	256	256	0	0	6	3	4994	2840	33	1
3862	137	28	256	256	0	0	6	4	4994	3352	19	1
3863	137	28	256	256	0	0	6	5	4994	4116	12	1
3864	138	31	256	256	0	0	0	7	4928	9834	224	1
3865	138	31	256	256	0	0	1	7	4928	4498	113	1
3866	138	31	256	256	0	0	1	0	4928	4944	337	1
3867	138	31	256	256	0	0	2	7	4928	2926	57	1
3868	138	31	256	256	0	0	2	0	4928	4264	281	1
3869	138	31	256	256	0	0	2	1	4928	2480	170	1
3870	138	31	256	256	0	0	3	7	4928	2810	29	1
3871	138	31	256	256	0	0	3	0	4928	5040	253	1
3872	138	31	256	256	0	0	3	1	4928	2368	142	1
3873	138	31	256	256	0	0	3	2	4928	2140	86	1
3874	138	31	256	256	0	0	4	7	4928	3310	15	1
3875	138	31	256	256	0	0	4	0	4928	6432	239	1
3876	138	31	256	256	0	0	4	1	4928	2872	128	1
3877	138	31	256	256	0	0	4	2	4928	2196	72	1
3878	138	31	256	256	0	0	4	3	4928	2528	44	1
3879	138	31	256	256	0	0	5	7	4928	4062	8	1
3880	138	31	256	256	0	0	5	0	4928	8076	232	1
3881	138	31	256	256	0	0	5	1	4928	3628	121	1
3882	138	31	256	256	0	0	5	2	4928	2504	65	1
3883	138	31	256	256	0	0	5	3	4928	2612	37	1
3884	138	31	256	256	0	0	5	4	4928	3224	23	1
3885	138	31	256	256	0	0	6	7	4928	4928	4	1
3886	138	31	256	256	0	0	6	0	4928	9834	228	1
3887	138	31	256	256	0	0	6	1	4928	4498	117	1
3888	138	31	256	256	0	0	6	2	4928	2926	61	1
3889	138	31	256	256	0	0	6	3	4928	2810	33	1
3890	138	31	256	256	0	0	6	4	4928	3310	19	1
3891	138	31	256	256	0	0	6	5	4928	4062	12	1
3892	139	35	256	256	0	0	0	7	4724	9426	220	1
3893	139	35	256	256	0	0	1	7	4724	4298	111	1
3894	139	35	256	256	0	0	1	0	4724	4736	331	1
3895	139	35	256	256	0	0	2	7	4724	2810	56	1
3896	139	35	256	256	0	0	2	0	4724	4124	276	1
3897	139	35	256	256	0	0	2	1	4724	2372	167	1
3898	139	35	256	256	0	0	3	7	4724	2718	28	1
3899	139	35	256	256	0	0	3	0	4724	4908	248	1
3900	139	35	256	256	0	0	3	1	4724	2284	139	1
3901	139	35	256	256	0	0	3	2	4724	2060	84	1
3902	139	35	256	256	0	0	4	7	4724	3226	14	1
3903	139	35	256	256	0	0	4	0	4724	6292	234	1
3904	139	35	256	256	0	0	4	1	4724	2796	125	1
3905	139	35	256	256	0	0	4	2	4724	2132	70	1
3906	139	35	256	256	0	0	4	3	4724	2456	42	1
3907	139	35	256	256	0	0	5	7	4724	3982	7	1
3908	139	35	256	256	0	0	5	0	4724	7924	227	1
3909	139	35	256	256	0	0	5	1	4724	3556	118	1
3910	139	35	256	256	0	0	5	2	4724	2452	63	1
3911	139	35	256	256	0	0	5	3	4724	2552	35	1
3912	139	35	256	256	0	0	5	4	4724	3156	21	1
3913	139	35	256	256	0	0	6	7	4724	4724	4	1
3914	139	35	256	256	0	0	6	0	4724	9426	224	1
3915	139	35	256	256	0	0	6	1	4724	4298	115	1
3916	139	35	256	256	0	0	6	2	4724	2810	60	1
3917	139	35	256	256	0	0	6	3	4724	2718	32	1
3918	139	35	256	256	0	0	6	4	4724	3226	18	1
3919	139	35	256	256	0	0	6	5	4724	3982	11	1
3920	140	38	256	256	0	0	0	7	4670	9318	217	1
3921	140	38	256	256	0	0	1	7	4670	4236	109	1
3922	140	38	256	256	0	0	1	0	4670	4668	326	1
3923	140	38	256	256	0	0	2	7	4670	2772	55	1
3924	140	38	256	256	0	0	2	0	4670	4068	272	1
3925	140	38	256	256	0	0	2	1	4670	2338	164	1
3926	140	38	256	256	0	0	3	7	4670	2688	28	1
3927	140	38	256	256	0	0	3	0	4670	4848	245	1
3928	140	38	256	256	0	0	3	1	4670	2254	137	1
3929	140	38	256	256	0	0	3	2	4670	2038	83	1
3930	140	38	256	256	0	0	4	7	4670	3184	14	1
3931	140	38	256	256	0	0	4	0	4670	6208	231	1
3932	140	38	256	256	0	0	4	1	4670	2750	123	1
3933	140	38	256	256	0	0	4	2	4670	2102	69	1
3934	140	38	256	256	0	0	4	3	4670	2426	42	1
3935	140	38	256	256	0	0	5	7	4670	3928	7	1
3936	140	38	256	256	0	0	5	0	4670	7816	224	1
3937	140	38	256	256	0	0	5	1	4670	3494	116	1
3938	140	38	256	256	0	0	5	2	4670	2414	62	1
3939	140	38	256	256	0	0	5	3	4670	2522	35	1
3940	140	38	256	256	0	0	5	4	4670	3114	21	1
3941	140	38	256	256	0	0	6	7	4670	4670	4	1
3942	140	38	256	256	0	0	6	0	4670	9318	221	1
3943	140	38	256	256	0	0	6	1	4670	4236	113	1
3944	140	38	256	256	0	0	6	2	4670	2772	59	1
3945	140	38	256	256	0	0	6	3	4670	2688	32	1
3946	140	38	256	256	0	0	6	4	4670	3184	18	1
3947	140	38	256	256	0	0	6	5	4670	3928	11	1
3948	141	42	256	256	0	0	0	7	4598	9174	213	1
3949	141	42	256	256	0	0	1	7	4598	4172	107	1
3950	141	42	256	256	0	0	1	0	4598	4596	320	1
3951	141	42	256	256	0	0	2	7	4598	2728	54	1
3952	141	42	256	256	0	0	2	0	4598	4000	267	1
3953	141	42	256	256	0	0	2	1	4598	2302	161	1
3954	141	42	256	256	0	0	3	7	4598	2636	27	1
3955	141	42	256	256	0	0	3	0	4598	4756	240	1
3956	141	42	256	256	0	0	3	1	4598	2210	134	1
3957	141	42	256	256	0	0	3	2	4598	1998	81	1
3958	141	42	256	256	0	0	4	7	4598	3128	14	1
3959	141	42	256	256	0	0	4	0	4598	6096	227	1
3960	141	42	256	256	0	0	4	1	4598	2702	121	1
3961	141	42	256	256	0	0	4	2	4598	2066	68	1
3962	141	42	256	256	0	0	4	3	4598	2382	41	1
3963	141	42	256	256	0	0	5	7	4598	3856	7	1
3964	141	42	256	256	0	0	5	0	4598	7672	220	1
3965	141	42	256	256	0	0	5	1	4598	3430	114	1
3966	141	42	256	256	0	0	5	2	4598	2370	61	1
3967	141	42	256	256	0	0	5	3	4598	2470	34	1
3968	141	42	256	256	0	0	5	4	4598	3058	21	1
3969	141	42	256	256	0	0	6	7	4598	4598	4	1
3970	141	42	256	256	0	0	6	0	4598	9174	217	1
3971	141	42	256	256	0	0	6	1	4598	4172	111	1
3972	141	42	256	256	0	0	6	2	4598	2728	58	1
3973	141	42	256	256	0	0	6	3	4598	2636	31	1
3974	141	42	256	256	0	0	6	4	4598	3128	18	1
3975	141	42	256	256	0	0	6	5	4598	3856	11	1
3976	142	45	256	256	0	0	0	7	4544	9066	210	1
3977	142	45	256	256	0	0	1	7	4544	4138	106	1
3978	142	45	256	256	0	0	1	0	4544	4556	316	1
3979	142	45	256	256	0	0	2	7	4544	2690	53	1
3980	142	45	256	256	0	0	2	0	4544	3944	263	1
3981	142	45	256	256	0	0	2	1	4544	2272	159	1
3982	142	45	256	256	0	0	3	7	4544	2606	27	1
3983	142	45	256	256	0	0	3	0	4544	4696	237	1
3984	142	45	256	256	0	0	3	1	4544	2192	133	1
3985	142	45	256	256	0	0	3	2	4544	1976	80	1
3986	142	45	256	256	0	0	4	7	4544	3086	14	1
3987	142	45	256	256	0	0	4	0	4544	6012	224	1
3988	142	45	256	256	0	0	4	1	4544	2676	120	1
3989	142	45	256	256	0	0	4	2	4544	2036	67	1
3990	142	45	256	256	0	0	4	3	4544	2352	41	1
3991	142	45	256	256	0	0	5	7	4544	3802	7	1
3992	142	45	256	256	0	0	5	0	4544	7564	217	1
3993	142	45	256	256	0	0	5	1	4544	3396	113	1
3994	142	45	256	256	0	0	5	2	4544	2332	60	1
3995	142	45	256	256	0	0	5	3	4544	2440	34	1
3996	142	45	256	256	0	0	5	4	4544	3016	21	1
3997	142	45	256	256	0	0	6	7	4544	4544	4	1
3998	142	45	256	256	0	0	6	0	4544	9066	214	1
3999	142	45	256	256	0	0	6	1	4544	4138	110	1
4000	142	45	256	256	0	0	6	2	4544	2690	57	1
4001	142	45	256	256	0	0	6	3	4544	2606	31	1
4002	142	45	256	256	0	0	6	4	4544	3086	18	1
4003	142	45	256	256	0	0	6	5	4544	3802	11	1
4004	143	49	256	256	0	0	0	7	4412	8802	206	1
4005	143	49	256	256	0	0	1	7	4412	4010	104	1
4006	143	49	256	256	0	0	1	0	4412	4420	310	1
4007	143	49	256	256	0	0	2	7	4412	2614	52	1
4008	143	49	256	256	0	0	2	0	4412	3844	258	1
4009	143	49	256	256	0	0	2	1	4412	2204	156	1
4010	143	49	256	256	0	0	3	7	4412	2538	26	1
4011	143	49	256	256	0	0	3	0	4412	4588	232	1
4012	143	49	256	256	0	0	3	1	4412	2132	130	1
4013	143	49	256	256	0	0	3	2	4412	1920	78	1
4014	143	49	256	256	0	0	4	7	4412	3022	13	1
4015	143	49	256	256	0	0	4	0	4412	5892	219	1
4016	143	49	256	256	0	0	4	1	4412	2620	117	1
4017	143	49	256	256	0	0	4	2	4412	1992	65	1
4018	143	49	256	256	0	0	4	3	4412	2300	39	1
4019	143	49	256	256	0	0	5	7	4412	3670	7	1
4020	143	49	256	256	0	0	5	0	4412	7300	213	1
4021	143	49	256	256	0	0	5	1	4412	3268	111	1
4022	143	49	256	256	0	0	5	2	4412	2256	59	1
4023	143	49	256	256	0	0	5	3	4412	2372	33	1
4024	143	49	256	256	0	0	5	4	4412	2952	20	1
4025	143	49	256	256	0	0	6	7	4412	4412	4	1
4026	143	49	256	256	0	0	6	0	4412	8802	210	1
4027	143	49	256	256	0	0	6	1	4412	4010	108	1
4028	143	49	256	256	0	0	6	2	4412	2614	56	1
4029	143	49	256	256	0	0	6	3	4412	2538	30	1
4030	143	49	256	256	0	0	6	4	4412	3022	17	1
4031	143	49	256	256	0	0	6	5	4412	3670	11	1
4032	144	52	256	256	0	0	0	7	4370	8718	203	1
4033	144	52	256	256	0	0	1	7	4370	3964	102	1
4034	144	52	256	256	0	0	1	0	4370	4368	305	1
4035	144	52	256	256	0	0	2	7	4370	2584	51	1
4036	144	52	256	256	0	0	2	0	4370	3796	254	1
4037	144	52	256	256	0	0	2	1	4370	2178	153	1
4038	144	52	256	256	0	0	3	7	4370	2508	26	1
4039	144	52	256	256	0	0	3	0	4370	4528	229	1
4040	144	52	256	256	0	0	3	1	4370	2102	128	1
4041	144	52	256	256	0	0	3	2	4370	1898	77	1
4042	144	52	256	256	0	0	4	7	4370	2980	13	1
4043	144	52	256	256	0	0	4	0	4370	5808	216	1
4044	144	52	256	256	0	0	4	1	4370	2574	115	1
4045	144	52	256	256	0	0	4	2	4370	1962	64	1
4046	144	52	256	256	0	0	4	3	4370	2270	39	1
4047	144	52	256	256	0	0	5	7	4370	3628	7	1
4048	144	52	256	256	0	0	5	0	4370	7216	210	1
4049	144	52	256	256	0	0	5	1	4370	3222	109	1
4050	144	52	256	256	0	0	5	2	4370	2226	58	1
4051	144	52	256	256	0	0	5	3	4370	2342	33	1
4052	144	52	256	256	0	0	5	4	4370	2910	20	1
4053	144	52	256	256	0	0	6	7	4370	4370	4	1
4054	144	52	256	256	0	0	6	0	4370	8718	207	1
4055	144	52	256	256	0	0	6	1	4370	3964	106	1
4056	144	52	256	256	0	0	6	2	4370	2584	55	1
4057	144	52	256	256	0	0	6	3	4370	2508	30	1
4058	144	52	256	256	0	0	6	4	4370	2980	17	1
4059	144	52	256	256	0	0	6	5	4370	3628	11	1
4060	145	56	256	256	0	0	0	7	4282	8542	199	1
4061	145	56	256	256	0	0	1	7	4282	3884	100	1
4062	145	56	256	256	0	0	1	0	4282	4280	299	1
4063	145	56	256	256	0	0	2	7	4282	2532	50	1
4064	145	56	256	256	0	0	2	0	4282	3720	249	1
4065	145	56	256	256	0	0	2	1	4282	2134	150	1
4066	145	56	256	256	0	0	3	7	4282	2460	25	1
4067	145	56	256	256	0	0	3	0	4282	4440	224	1
4068	145	56	256	256	0	0	3	1	4282	2062	125	1
4069	145	56	256	256	0	0	3	2	4282	1862	75	1
4070	145	56	256	256	0	0	4	7	4282	2892	13	1
4071	145	56	256	256	0	0	4	0	4282	5632	212	1
4072	145	56	256	256	0	0	4	1	4282	2494	113	1
4073	145	56	256	256	0	0	4	2	4282	1910	63	1
4074	145	56	256	256	0	0	4	3	4282	2222	38	1
4075	145	56	256	256	0	0	5	7	4282	3540	7	1
4076	145	56	256	256	0	0	5	0	4282	7040	206	1
4077	145	56	256	256	0	0	5	1	4282	3142	107	1
4078	145	56	256	256	0	0	5	2	4282	2174	57	1
4079	145	56	256	256	0	0	5	3	4282	2294	32	1
4080	145	56	256	256	0	0	5	4	4282	2822	20	1
4081	145	56	256	256	0	0	6	7	4282	4282	4	1
4082	145	56	256	256	0	0	6	0	4282	8542	203	1
4083	145	56	256	256	0	0	6	1	4282	3884	104	1
4084	145	56	256	256	0	0	6	2	4282	2532	54	1
4085	145	56	256	256	0	0	6	3	4282	2460	29	1
4086	145	56	256	256	0	0	6	4	4282	2892	17	1
4087	145	56	256	256	0	0	6	5	4282	3540	11	1
4088	146	59	256	256	0	0	0	7	4252	8482	196	1
4089	146	59	256	256	0	0	1	7	4252	3866	99	1
4090	146	59	256	256	0	0	1	0	4252	4256	295	1
4091	146	59	256	256	0	0	2	7	4252	2514	50	1
4092	146	59	256	256	0	0	2	0	4252	3684	246	1
4093	146	59	256	256	0	0	2	1	4252	2124	149	1
4094	146	59	256	256	0	0	3	7	4252	2430	25	1
4095	146	59	256	256	0	0	3	0	4252	4380	221	1
4096	146	59	256	256	0	0	3	1	4252	2044	124	1
4097	146	59	256	256	0	0	3	2	4252	1844	75	1
4098	146	59	256	256	0	0	4	7	4252	2862	13	1
4099	146	59	256	256	0	0	4	0	4252	5572	209	1
4100	146	59	256	256	0	0	4	1	4252	2476	112	1
4101	146	59	256	256	0	0	4	2	4252	1892	63	1
4102	146	59	256	256	0	0	4	3	4252	2192	38	1
4103	146	59	256	256	0	0	5	7	4252	3510	7	1
4104	146	59	256	256	0	0	5	0	4252	6980	203	1
4105	146	59	256	256	0	0	5	1	4252	3124	106	1
4106	146	59	256	256	0	0	5	2	4252	2156	57	1
4107	146	59	256	256	0	0	5	3	4252	2264	32	1
4108	146	59	256	256	0	0	5	4	4252	2792	20	1
4109	146	59	256	256	0	0	6	7	4252	4252	4	1
4110	146	59	256	256	0	0	6	0	4252	8482	200	1
4111	146	59	256	256	0	0	6	1	4252	3866	103	1
4112	146	59	256	256	0	0	6	2	4252	2514	54	1
4113	146	59	256	256	0	0	6	3	4252	2430	29	1
4114	146	59	256	256	0	0	6	4	4252	2862	17	1
4115	146	59	256	256	0	0	6	5	4252	3510	11	1
4116	147	63	256	256	0	0	0	7	4202	8382	192	1
4117	147	63	256	256	0	0	1	7	4202	3820	97	1
4118	147	63	256	256	0	0	1	0	4202	4200	289	1
4119	147	63	256	256	0	0	2	7	4202	2476	49	1
4120	147	63	256	256	0	0	2	0	4202	3616	241	1
4121	147	63	256	256	0	0	2	1	4202	2094	146	1
4122	147	63	256	256	0	0	3	7	4202	2380	25	1
4123	147	63	256	256	0	0	3	0	4202	4280	217	1
4124	147	63	256	256	0	0	3	1	4202	1998	122	1
4125	147	63	256	256	0	0	3	2	4202	1806	74	1
4126	147	63	256	256	0	0	4	7	4202	2812	13	1
4127	147	63	256	256	0	0	4	0	4202	5472	205	1
4128	147	63	256	256	0	0	4	1	4202	2430	110	1
4129	147	63	256	256	0	0	4	2	4202	1854	62	1
4130	147	63	256	256	0	0	4	3	4202	2142	38	1
4131	147	63	256	256	0	0	5	7	4202	3460	7	1
4132	147	63	256	256	0	0	5	0	4202	6880	199	1
4133	147	63	256	256	0	0	5	1	4202	3078	104	1
4134	147	63	256	256	0	0	5	2	4202	2118	56	1
4135	147	63	256	256	0	0	5	3	4202	2214	32	1
4136	147	63	256	256	0	0	5	4	4202	2742	20	1
4137	147	63	256	256	0	0	6	7	4202	4202	4	1
4138	147	63	256	256	0	0	6	0	4202	8382	196	1
4139	147	63	256	256	0	0	6	1	4202	3820	101	1
4140	147	63	256	256	0	0	6	2	4202	2476	53	1
4141	147	63	256	256	0	0	6	3	4202	2380	29	1
4142	147	63	256	256	0	0	6	4	4202	2812	17	1
4143	147	63	256	256	0	0	6	5	4202	3460	11	1
4144	148	66	256	256	0	0	0	7	4158	8294	189	1
4145	148	66	256	256	0	0	1	7	4158	3780	95	1
4146	148	66	256	256	0	0	1	0	4158	4156	284	1
4147	148	66	256	256	0	0	2	7	4158	2464	48	1
4148	148	66	256	256	0	0	2	0	4158	3592	237	1
4149	148	66	256	256	0	0	2	1	4158	2086	143	1
4150	148	66	256	256	0	0	3	7	4158	2360	24	1
4151	148	66	256	256	0	0	3	0	4158	4240	213	1
4152	148	66	256	256	0	0	3	1	4158	1982	119	1
4153	148	66	256	256	0	0	3	2	4158	1794	72	1
4154	148	66	256	256	0	0	4	7	4158	2784	12	1
4155	148	66	256	256	0	0	4	0	4158	5416	201	1
4156	148	66	256	256	0	0	4	1	4158	2406	107	1
4157	148	66	256	256	0	0	4	2	4158	1842	60	1
4158	148	66	256	256	0	0	4	3	4158	2122	36	1
4159	148	66	256	256	0	0	5	7	4158	3424	6	1
4160	148	66	256	256	0	0	5	0	4158	6808	195	1
4161	148	66	256	256	0	0	5	1	4158	3046	101	1
4162	148	66	256	256	0	0	5	2	4158	2106	54	1
4163	148	66	256	256	0	0	5	3	4158	2194	30	1
4164	148	66	256	256	0	0	5	4	4158	2714	18	1
4165	148	66	256	256	0	0	6	7	4158	4158	3	1
4166	148	66	256	256	0	0	6	0	4158	8294	192	1
4167	148	66	256	256	0	0	6	1	4158	3780	98	1
4168	148	66	256	256	0	0	6	2	4158	2464	51	1
4169	148	66	256	256	0	0	6	3	4158	2360	27	1
4170	148	66	256	256	0	0	6	4	4158	2784	15	1
4171	148	66	256	256	0	0	6	5	4158	3424	9	1
4172	149	69	256	256	0	0	0	7	4092	8162	186	1
4173	149	69	256	256	0	0	1	7	4092	3738	94	1
4174	149	69	256	256	0	0	1	0	4092	4108	280	1
4175	149	69	256	256	0	0	2	7	4092	2418	47	1
4176	149	69	256	256	0	0	2	0	4092	3528	233	1
4177	149	69	256	256	0	0	2	1	4092	2048	141	1
4178	149	69	256	256	0	0	3	7	4092	2330	24	1
4179	149	69	256	256	0	0	3	0	4092	4180	210	1
4180	149	69	256	256	0	0	3	1	4092	1964	118	1
4181	149	69	256	256	0	0	3	2	4092	1772	71	1
4182	149	69	256	256	0	0	4	7	4092	2742	12	1
4183	149	69	256	256	0	0	4	0	4092	5332	198	1
4184	149	69	256	256	0	0	4	1	4092	2380	106	1
4185	149	69	256	256	0	0	4	2	4092	1812	59	1
4186	149	69	256	256	0	0	4	3	4092	2092	36	1
4187	149	69	256	256	0	0	5	7	4092	3370	6	1
4188	149	69	256	256	0	0	5	0	4092	6700	192	1
4189	149	69	256	256	0	0	5	1	4092	3012	100	1
4190	149	69	256	256	0	0	5	2	4092	2068	53	1
4191	149	69	256	256	0	0	5	3	4092	2164	30	1
4192	149	69	256	256	0	0	5	4	4092	2672	18	1
4193	149	69	256	256	0	0	6	7	4092	4092	3	1
4194	149	69	256	256	0	0	6	0	4092	8162	189	1
4195	149	69	256	256	0	0	6	1	4092	3738	97	1
4196	149	69	256	256	0	0	6	2	4092	2418	50	1
4197	149	69	256	256	0	0	6	3	4092	2330	27	1
4198	149	69	256	256	0	0	6	4	4092	2742	15	1
4199	149	69	256	256	0	0	6	5	4092	3370	9	1
4200	150	73	256	256	0	0	0	7	4004	7986	182	1
4201	150	73	256	256	0	0	1	7	4004	3658	92	1
4202	150	73	256	256	0	0	1	0	4004	4020	274	1
4203	150	73	256	256	0	0	2	7	4004	2366	46	1
4204	150	73	256	256	0	0	2	0	4004	3452	228	1
4205	150	73	256	256	0	0	2	1	4004	2004	138	1
4206	150	73	256	256	0	0	3	7	4004	2270	23	1
4207	150	73	256	256	0	0	3	0	4004	4080	205	1
4208	150	73	256	256	0	0	3	1	4004	1912	115	1
4209	150	73	256	256	0	0	3	2	4004	1724	69	1
4210	150	73	256	256	0	0	4	7	4004	2686	12	1
4211	150	73	256	256	0	0	4	0	4004	5220	194	1
4212	150	73	256	256	0	0	4	1	4004	2332	104	1
4213	150	73	256	256	0	0	4	2	4004	1776	58	1
4214	150	73	256	256	0	0	4	3	4004	2048	35	1
4215	150	73	256	256	0	0	5	7	4004	3298	6	1
4216	150	73	256	256	0	0	5	0	4004	6556	188	1
4217	150	73	256	256	0	0	5	1	4004	2948	98	1
4218	150	73	256	256	0	0	5	2	4004	2024	52	1
4219	150	73	256	256	0	0	5	3	4004	2112	29	1
4220	150	73	256	256	0	0	5	4	4004	2616	18	1
4221	150	73	256	256	0	0	6	7	4004	4004	3	1
4222	150	73	256	256	0	0	6	0	4004	7986	185	1
4223	150	73	256	256	0	0	6	1	4004	3658	95	1
4224	150	73	256	256	0	0	6	2	4004	2366	49	1
4225	150	73	256	256	0	0	6	3	4004	2270	26	1
4226	150	73	256	256	0	0	6	4	4004	2686	15	1
4227	150	73	256	256	0	0	6	5	4004	3298	9	1
4228	151	76	256	256	0	0	0	7	3938	7854	179	1
4229	151	76	256	256	0	0	1	7	3938	3580	90	1
4230	151	76	256	256	0	0	1	0	3938	3936	269	1
4231	151	76	256	256	0	0	2	7	3938	2320	45	1
4232	151	76	256	256	0	0	2	0	3938	3388	224	1
4233	151	76	256	256	0	0	2	1	3938	1962	135	1
4234	151	76	256	256	0	0	3	7	3938	2240	23	1
4235	151	76	256	256	0	0	3	0	3938	4020	202	1
4236	151	76	256	256	0	0	3	1	3938	1882	113	1
4237	151	76	256	256	0	0	3	2	3938	1702	68	1
4238	151	76	256	256	0	0	4	7	3938	2644	12	1
4239	151	76	256	256	0	0	4	0	3938	5136	191	1
4240	151	76	256	256	0	0	4	1	3938	2286	102	1
4241	151	76	256	256	0	0	4	2	3938	1746	57	1
4242	151	76	256	256	0	0	4	3	3938	2018	35	1
4243	151	76	256	256	0	0	5	7	3938	3244	6	1
4244	151	76	256	256	0	0	5	0	3938	6448	185	1
4245	151	76	256	256	0	0	5	1	3938	2886	96	1
4246	151	76	256	256	0	0	5	2	3938	1986	51	1
4247	151	76	256	256	0	0	5	3	3938	2082	29	1
4248	151	76	256	256	0	0	5	4	3938	2574	18	1
4249	151	76	256	256	0	0	6	7	3938	3938	3	1
4250	151	76	256	256	0	0	6	0	3938	7854	182	1
4251	151	76	256	256	0	0	6	1	3938	3580	93	1
4252	151	76	256	256	0	0	6	2	3938	2320	48	1
4253	151	76	256	256	0	0	6	3	3938	2240	26	1
4254	151	76	256	256	0	0	6	4	3938	2644	15	1
4255	151	76	256	256	0	0	6	5	3938	3244	9	1
4256	152	80	256	256	0	0	0	7	3850	7678	175	1
4257	152	80	256	256	0	0	1	7	3850	3500	88	1
4258	152	80	256	256	0	0	1	0	3850	3848	263	1
4259	152	80	256	256	0	0	2	7	3850	2268	44	1
4260	152	80	256	256	0	0	2	0	3850	3312	219	1
4261	152	80	256	256	0	0	2	1	3850	1918	132	1
4262	152	80	256	256	0	0	3	7	3850	2180	22	1
4263	152	80	256	256	0	0	3	0	3850	3920	197	1
4264	152	80	256	256	0	0	3	1	3850	1830	110	1
4265	152	80	256	256	0	0	3	2	3850	1654	66	1
4266	152	80	256	256	0	0	4	7	3850	2576	11	1
4267	152	80	256	256	0	0	4	0	3850	5012	186	1
4268	152	80	256	256	0	0	4	1	3850	2226	99	1
4269	152	80	256	256	0	0	4	2	3850	1698	55	1
4270	152	80	256	256	0	0	4	3	3850	1962	33	1
4271	152	80	256	256	0	0	5	7	3850	3172	6	1
4272	152	80	256	256	0	0	5	0	3850	6304	181	1
4273	152	80	256	256	0	0	5	1	3850	2822	94	1
4274	152	80	256	256	0	0	5	2	3850	1942	50	1
4275	152	80	256	256	0	0	5	3	3850	2030	28	1
4276	152	80	256	256	0	0	5	4	3850	2514	17	1
4277	152	80	256	256	0	0	6	7	3850	3850	3	1
4278	152	80	256	256	0	0	6	0	3850	7678	178	1
4279	152	80	256	256	0	0	6	1	3850	3500	91	1
4280	152	80	256	256	0	0	6	2	3850	2268	47	1
4281	152	80	256	256	0	0	6	3	3850	2180	25	1
4282	152	80	256	256	0	0	6	4	3850	2576	14	1
4283	152	80	256	256	0	0	6	5	3850	3172	9	1
4284	153	83	256	256	0	0	0	7	3784	7546	172	1
4285	153	83	256	256	0	0	1	7	3784	3458	87	1
4286	153	83	256	256	0	0	1	0	3784	3800	259	1
4287	153	83	256	256	0	0	2	7	3784	2250	44	1
4288	153	83	256	256	0	0	2	0	3784	3276	216	1
4289	153	83	256	256	0	0	2	1	3784	1908	131	1
4290	153	83	256	256	0	0	3	7	3784	2150	22	1
4291	153	83	256	256	0	0	3	0	3784	3860	194	1
4292	153	83	256	256	0	0	3	1	3784	1812	109	1
4293	153	83	256	256	0	0	3	2	3784	1636	66	1
4294	153	83	256	256	0	0	4	7	3784	2534	11	1
4295	153	83	256	256	0	0	4	0	3784	4928	183	1
4296	153	83	256	256	0	0	4	1	3784	2200	98	1
4297	153	83	256	256	0	0	4	2	3784	1680	55	1
4298	153	83	256	256	0	0	4	3	3784	1932	33	1
4299	153	83	256	256	0	0	5	7	3784	3118	6	1
4300	153	83	256	256	0	0	5	0	3784	6196	178	1
4301	153	83	256	256	0	0	5	1	3784	2788	93	1
4302	153	83	256	256	0	0	5	2	3784	1924	50	1
4303	153	83	256	256	0	0	5	3	3784	2000	28	1
4304	153	83	256	256	0	0	5	4	3784	2472	17	1
4305	153	83	256	256	0	0	6	7	3784	3784	3	1
4306	153	83	256	256	0	0	6	0	3784	7546	175	1
4307	153	83	256	256	0	0	6	1	3784	3458	90	1
4308	153	83	256	256	0	0	6	2	3784	2250	47	1
4309	153	83	256	256	0	0	6	3	3784	2150	25	1
4310	153	83	256	256	0	0	6	4	3784	2534	14	1
4311	153	83	256	256	0	0	6	5	3784	3118	9	1
4312	154	87	256	256	0	0	0	7	3696	7370	168	1
4313	154	87	256	256	0	0	1	7	3696	3378	85	1
4314	154	87	256	256	0	0	1	0	3696	3712	253	1
4315	154	87	256	256	0	0	2	7	3696	2198	43	1
4316	154	87	256	256	0	0	2	0	3696	3200	211	1
4317	154	87	256	256	0	0	2	1	3696	1864	128	1
4318	154	87	256	256	0	0	3	7	3696	2110	22	1
4319	154	87	256	256	0	0	3	0	3696	3780	190	1
4320	154	87	256	256	0	0	3	1	3696	1780	107	1
4321	154	87	256	256	0	0	3	2	3696	1608	65	1
4322	154	87	256	256	0	0	4	7	3696	2478	11	1
4323	154	87	256	256	0	0	4	0	3696	4816	179	1
4324	154	87	256	256	0	0	4	1	3696	2152	96	1
4325	154	87	256	256	0	0	4	2	3696	1644	54	1
4326	154	87	256	256	0	0	4	3	3696	1892	33	1
4327	154	87	256	256	0	0	5	7	3696	3046	6	1
4328	154	87	256	256	0	0	5	0	3696	6052	174	1
4329	154	87	256	256	0	0	5	1	3696	2724	91	1
4330	154	87	256	256	0	0	5	2	3696	1880	49	1
4331	154	87	256	256	0	0	5	3	3696	1960	28	1
4332	154	87	256	256	0	0	5	4	3696	2416	17	1
4333	154	87	256	256	0	0	6	7	3696	3696	3	1
4334	154	87	256	256	0	0	6	0	3696	7370	171	1
4335	154	87	256	256	0	0	6	1	3696	3378	88	1
4336	154	87	256	256	0	0	6	2	3696	2198	46	1
4337	154	87	256	256	0	0	6	3	3696	2110	25	1
4338	154	87	256	256	0	0	6	4	3696	2478	14	1
4339	154	87	256	256	0	0	6	5	3696	3046	9	1
4340	155	90	256	256	0	0	0	7	3630	7238	165	1
4341	155	90	256	256	0	0	1	7	3630	3300	83	1
4342	155	90	256	256	0	0	1	0	3630	3628	248	1
4343	155	90	256	256	0	0	2	7	3630	2152	42	1
4344	155	90	256	256	0	0	2	0	3630	3136	207	1
4345	155	90	256	256	0	0	2	1	3630	1822	125	1
4346	155	90	256	256	0	0	3	7	3630	2060	21	1
4347	155	90	256	256	0	0	3	0	3630	3700	186	1
4348	155	90	256	256	0	0	3	1	3630	1730	104	1
4349	155	90	256	256	0	0	3	2	3630	1566	63	1
4350	155	90	256	256	0	0	4	7	3630	2436	11	1
4351	155	90	256	256	0	0	4	0	3630	4732	176	1
4352	155	90	256	256	0	0	4	1	3630	2106	94	1
4353	155	90	256	256	0	0	4	2	3630	1614	53	1
4354	155	90	256	256	0	0	4	3	3630	1858	32	1
4355	155	90	256	256	0	0	5	7	3630	2992	6	1
4356	155	90	256	256	0	0	5	0	3630	5944	171	1
4357	155	90	256	256	0	0	5	1	3630	2662	89	1
4358	155	90	256	256	0	0	5	2	3630	1842	48	1
4359	155	90	256	256	0	0	5	3	3630	1918	27	1
4360	155	90	256	256	0	0	5	4	3630	2374	17	1
4361	155	90	256	256	0	0	6	7	3630	3630	3	1
4362	155	90	256	256	0	0	6	0	3630	7238	168	1
4363	155	90	256	256	0	0	6	1	3630	3300	86	1
4364	155	90	256	256	0	0	6	2	3630	2152	45	1
4365	155	90	256	256	0	0	6	3	3630	2060	24	1
4366	155	90	256	256	0	0	6	4	3630	2436	14	1
4367	155	90	256	256	0	0	6	5	3630	2992	9	1
4368	156	94	256	256	0	0	0	7	3542	7062	161	1
4369	156	94	256	256	0	0	1	7	3542	3220	81	1
4370	156	94	256	256	0	0	1	0	3542	3540	242	1
4371	156	94	256	256	0	0	2	7	3542	2100	41	1
4372	156	94	256	256	0	0	2	0	3542	3060	202	1
4373	156	94	256	256	0	0	2	1	3542	1778	122	1
4374	156	94	256	256	0	0	3	7	3542	2020	21	1
4375	156	94	256	256	0	0	3	0	3542	3620	182	1
4376	156	94	256	256	0	0	3	1	3542	1698	102	1
4377	156	94	256	256	0	0	3	2	3542	1538	62	1
4378	156	94	256	256	0	0	4	7	3542	2380	11	1
4379	156	94	256	256	0	0	4	0	3542	4620	172	1
4380	156	94	256	256	0	0	4	1	3542	2058	92	1
4381	156	94	256	256	0	0	4	2	3542	1578	52	1
4382	156	94	256	256	0	0	4	3	3542	1818	32	1
4383	156	94	256	256	0	0	5	7	3542	2920	6	1
4384	156	94	256	256	0	0	5	0	3542	5800	167	1
4385	156	94	256	256	0	0	5	1	3542	2598	87	1
4386	156	94	256	256	0	0	5	2	3542	1798	47	1
4387	156	94	256	256	0	0	5	3	3542	1878	27	1
4388	156	94	256	256	0	0	5	4	3542	2318	17	1
4389	156	94	256	256	0	0	6	7	3542	3542	3	1
4390	156	94	256	256	0	0	6	0	3542	7062	164	1
4391	156	94	256	256	0	0	6	1	3542	3220	84	1
4392	156	94	256	256	0	0	6	2	3542	2100	44	1
4393	156	94	256	256	0	0	6	3	3542	2020	24	1
4394	156	94	256	256	0	0	6	4	3542	2380	14	1
4395	156	94	256	256	0	0	6	5	3542	2920	9	1
4396	157	97	256	256	0	0	0	7	3352	6682	158	1
4397	157	97	256	256	0	0	1	7	3352	3050	80	1
4398	157	97	256	256	0	0	1	0	3352	3364	238	1
4399	157	97	256	256	0	0	2	7	3352	1990	40	1
4400	157	97	256	256	0	0	2	0	3352	2932	198	1
4401	157	97	256	256	0	0	2	1	3352	1676	120	1
4402	157	97	256	256	0	0	3	7	3352	1938	20	1
4403	157	97	256	256	0	0	3	0	3352	3508	178	1
4404	157	97	256	256	0	0	3	1	3352	1628	100	1
4405	157	97	256	256	0	0	3	2	3352	1464	60	1
4406	157	97	256	256	0	0	4	7	3352	2310	10	1
4407	157	97	256	256	0	0	4	0	3352	4508	168	1
4408	157	97	256	256	0	0	4	1	3352	2004	90	1
4409	157	97	256	256	0	0	4	2	3352	1520	50	1
4410	157	97	256	256	0	0	4	3	3352	1756	30	1
4411	157	97	256	256	0	0	5	7	3352	2858	5	1
4412	157	97	256	256	0	0	5	0	3352	5684	163	1
4413	157	97	256	256	0	0	5	1	3352	2556	85	1
4414	157	97	256	256	0	0	5	2	3352	1752	45	1
4415	157	97	256	256	0	0	5	3	3352	1828	25	1
4416	157	97	256	256	0	0	5	4	3352	2264	15	1
4417	157	97	256	256	0	0	6	7	3352	3352	3	1
4418	157	97	256	256	0	0	6	0	3352	6682	161	1
4419	157	97	256	256	0	0	6	1	3352	3050	83	1
4420	157	97	256	256	0	0	6	2	3352	1990	43	1
4421	157	97	256	256	0	0	6	3	3352	1938	23	1
4422	157	97	256	256	0	0	6	4	3352	2310	13	1
4423	157	97	256	256	0	0	6	5	3352	2858	8	1
4424	158	101	256	256	0	0	0	7	3280	6538	154	1
4425	158	101	256	256	0	0	1	7	3280	2986	78	1
4426	158	101	256	256	0	0	1	0	3280	3292	232	1
4427	158	101	256	256	0	0	2	7	3280	1946	39	1
4428	158	101	256	256	0	0	2	0	3280	2864	193	1
4429	158	101	256	256	0	0	2	1	3280	1640	117	1
4430	158	101	256	256	0	0	3	7	3280	1898	20	1
4431	158	101	256	256	0	0	3	0	3280	3428	174	1
4432	158	101	256	256	0	0	3	1	3280	1596	98	1
4433	158	101	256	256	0	0	3	2	3280	1436	59	1
4434	158	101	256	256	0	0	4	7	3280	2254	10	1
4435	158	101	256	256	0	0	4	0	3280	4396	164	1
4436	158	101	256	256	0	0	4	1	3280	1956	88	1
4437	158	101	256	256	0	0	4	2	3280	1484	49	1
4438	158	101	256	256	0	0	4	3	3280	1716	30	1
4439	158	101	256	256	0	0	5	7	3280	2786	5	1
4440	158	101	256	256	0	0	5	0	3280	5540	159	1
4441	158	101	256	256	0	0	5	1	3280	2492	83	1
4442	158	101	256	256	0	0	5	2	3280	1708	44	1
4443	158	101	256	256	0	0	5	3	3280	1788	25	1
4444	158	101	256	256	0	0	5	4	3280	2208	15	1
4445	158	101	256	256	0	0	6	7	3280	3280	3	1
4446	158	101	256	256	0	0	6	0	3280	6538	157	1
4447	158	101	256	256	0	0	6	1	3280	2986	81	1
4448	158	101	256	256	0	0	6	2	3280	1946	42	1
4449	158	101	256	256	0	0	6	3	3280	1898	23	1
4450	158	101	256	256	0	0	6	4	3280	2254	13	1
4451	158	101	256	256	0	0	6	5	3280	2786	8	1
4452	159	104	256	256	0	0	0	7	3226	6430	151	1
4453	159	104	256	256	0	0	1	7	3226	2924	76	1
4454	159	104	256	256	0	0	1	0	3226	3224	227	1
4455	159	104	256	256	0	0	2	7	3226	1908	38	1
4456	159	104	256	256	0	0	2	0	3226	2808	189	1
4457	159	104	256	256	0	0	2	1	3226	1606	114	1
4458	159	104	256	256	0	0	3	7	3226	1856	19	1
4459	159	104	256	256	0	0	3	0	3226	3356	170	1
4460	159	104	256	256	0	0	3	1	3226	1554	95	1
4461	159	104	256	256	0	0	3	2	3226	1402	57	1
4462	159	104	256	256	0	0	4	7	3226	2212	10	1
4463	159	104	256	256	0	0	4	0	3226	4312	161	1
4464	159	104	256	256	0	0	4	1	3226	1910	86	1
4465	159	104	256	256	0	0	4	2	3226	1454	48	1
4466	159	104	256	256	0	0	4	3	3226	1682	29	1
4467	159	104	256	256	0	0	5	7	3226	2732	5	1
4468	159	104	256	256	0	0	5	0	3226	5432	156	1
4469	159	104	256	256	0	0	5	1	3226	2430	81	1
4470	159	104	256	256	0	0	5	2	3226	1670	43	1
4471	159	104	256	256	0	0	5	3	3226	1746	24	1
4472	159	104	256	256	0	0	5	4	3226	2166	15	1
4473	159	104	256	256	0	0	6	7	3226	3226	3	1
4474	159	104	256	256	0	0	6	0	3226	6430	154	1
4475	159	104	256	256	0	0	6	1	3226	2924	79	1
4476	159	104	256	256	0	0	6	2	3226	1908	41	1
4477	159	104	256	256	0	0	6	3	3226	1856	22	1
4478	159	104	256	256	0	0	6	4	3226	2212	13	1
4479	159	104	256	256	0	0	6	5	3226	2732	8	1
4480	160	107	256	256	0	0	0	7	3172	6322	148	1
4481	160	107	256	256	0	0	1	7	3172	2890	75	1
4482	160	107	256	256	0	0	1	0	3172	3184	223	1
4483	160	107	256	256	0	0	2	7	3172	1890	38	1
4484	160	107	256	256	0	0	2	0	3172	2772	186	1
4485	160	107	256	256	0	0	2	1	3172	1596	113	1
4486	160	107	256	256	0	0	3	7	3172	1826	19	1
4487	160	107	256	256	0	0	3	0	3172	3296	167	1
4488	160	107	256	256	0	0	3	1	3172	1536	94	1
4489	160	107	256	256	0	0	3	2	3172	1384	57	1
4490	160	107	256	256	0	0	4	7	3172	2170	10	1
4491	160	107	256	256	0	0	4	0	3172	4228	158	1
4492	160	107	256	256	0	0	4	1	3172	1884	85	1
4493	160	107	256	256	0	0	4	2	3172	1436	48	1
4494	160	107	256	256	0	0	4	3	3172	1652	29	1
4495	160	107	256	256	0	0	5	7	3172	2678	5	1
4496	160	107	256	256	0	0	5	0	3172	5324	153	1
4497	160	107	256	256	0	0	5	1	3172	2396	80	1
4498	160	107	256	256	0	0	5	2	3172	1652	43	1
4499	160	107	256	256	0	0	5	3	3172	1716	24	1
4500	160	107	256	256	0	0	5	4	3172	2124	15	1
4501	160	107	256	256	0	0	6	7	3172	3172	3	1
4502	160	107	256	256	0	0	6	0	3172	6322	151	1
4503	160	107	256	256	0	0	6	1	3172	2890	78	1
4504	160	107	256	256	0	0	6	2	3172	1890	41	1
4505	160	107	256	256	0	0	6	3	3172	1826	22	1
4506	160	107	256	256	0	0	6	4	3172	2170	13	1
4507	160	107	256	256	0	0	6	5	3172	2678	8	1
4508	161	111	256	256	0	0	0	7	3100	6178	144	1
4509	161	111	256	256	0	0	1	7	3100	2826	73	1
4510	161	111	256	256	0	0	1	0	3100	3112	217	1
4511	161	111	256	256	0	0	2	7	3100	1846	37	1
4512	161	111	256	256	0	0	2	0	3100	2704	181	1
4513	161	111	256	256	0	0	2	1	3100	1560	110	1
4514	161	111	256	256	0	0	3	7	3100	1786	19	1
4515	161	111	256	256	0	0	3	0	3100	3216	163	1
4516	161	111	256	256	0	0	3	1	3100	1504	92	1
4517	161	111	256	256	0	0	3	2	3100	1356	56	1
4518	161	111	256	256	0	0	4	7	3100	2114	10	1
4519	161	111	256	256	0	0	4	0	3100	4116	154	1
4520	161	111	256	256	0	0	4	1	3100	1836	83	1
4521	161	111	256	256	0	0	4	2	3100	1400	47	1
4522	161	111	256	256	0	0	4	3	3100	1612	29	1
4523	161	111	256	256	0	0	5	7	3100	2606	5	1
4524	161	111	256	256	0	0	5	0	3100	5180	149	1
4525	161	111	256	256	0	0	5	1	3100	2332	78	1
4526	161	111	256	256	0	0	5	2	3100	1608	42	1
4527	161	111	256	256	0	0	5	3	3100	1676	24	1
4528	161	111	256	256	0	0	5	4	3100	2068	15	1
4529	161	111	256	256	0	0	6	7	3100	3100	3	1
4530	161	111	256	256	0	0	6	0	3100	6178	147	1
4531	161	111	256	256	0	0	6	1	3100	2826	76	1
4532	161	111	256	256	0	0	6	2	3100	1846	40	1
4533	161	111	256	256	0	0	6	3	3100	1786	22	1
4534	161	111	256	256	0	0	6	4	3100	2114	13	1
4535	161	111	256	256	0	0	6	5	3100	2606	8	1
4536	162	114	256	256	0	0	0	7	2990	5958	141	1
4537	162	114	256	256	0	0	1	7	2990	2708	71	1
4538	162	114	256	256	0	0	1	0	2990	2988	212	1
4539	162	114	256	256	0	0	2	7	2990	1776	36	1
4540	162	114	256	256	0	0	2	0	2990	2616	177	1
4541	162	114	256	256	0	0	2	1	2990	1494	107	1
4542	162	114	256	256	0	0	3	7	2990	1728	18	1
4543	162	114	256	256	0	0	3	0	2990	3128	159	1
4544	162	114	256	256	0	0	3	1	2990	1446	89	1
4545	162	114	256	256	0	0	3	2	2990	1306	54	1
4546	162	114	256	256	0	0	4	7	2990	2064	9	1
4547	162	114	256	256	0	0	4	0	2990	4024	150	1
4548	162	114	256	256	0	0	4	1	2990	1782	80	1
4549	162	114	256	256	0	0	4	2	2990	1362	45	1
4550	162	114	256	256	0	0	4	3	2990	1570	27	1
4551	162	114	256	256	0	0	5	7	2990	2496	5	1
4552	162	114	256	256	0	0	5	0	2990	4960	146	1
4553	162	114	256	256	0	0	5	1	2990	2214	76	1
4554	162	114	256	256	0	0	5	2	2990	1538	41	1
4555	162	114	256	256	0	0	5	3	2990	1618	23	1
4556	162	114	256	256	0	0	5	4	2990	2018	14	1
4557	162	114	256	256	0	0	6	7	2990	2990	3	1
4558	162	114	256	256	0	0	6	0	2990	5958	144	1
4559	162	114	256	256	0	0	6	1	2990	2708	74	1
4560	162	114	256	256	0	0	6	2	2990	1776	39	1
4561	162	114	256	256	0	0	6	3	2990	1728	21	1
4562	162	114	256	256	0	0	6	4	2990	2064	12	1
4563	162	114	256	256	0	0	6	5	2990	2496	8	1
4564	163	118	256	256	0	0	0	7	2934	5846	137	1
4565	163	118	256	256	0	0	1	7	2934	2660	69	1
4566	163	118	256	256	0	0	1	0	2934	2932	206	1
4567	163	118	256	256	0	0	2	7	2934	1740	35	1
4568	163	118	256	256	0	0	2	0	2934	2556	172	1
4569	163	118	256	256	0	0	2	1	2934	1466	104	1
4570	163	118	256	256	0	0	3	7	2934	1688	18	1
4571	163	118	256	256	0	0	3	0	2934	3048	155	1
4572	163	118	256	256	0	0	3	1	2934	1414	87	1
4573	163	118	256	256	0	0	3	2	2934	1278	53	1
4574	163	118	256	256	0	0	4	7	2934	2008	9	1
4575	163	118	256	256	0	0	4	0	2934	3912	146	1
4576	163	118	256	256	0	0	4	1	2934	1734	78	1
4577	163	118	256	256	0	0	4	2	2934	1326	44	1
4578	163	118	256	256	0	0	4	3	2934	1530	27	1
4579	163	118	256	256	0	0	5	7	2934	2440	5	1
4580	163	118	256	256	0	0	5	0	2934	4848	142	1
4581	163	118	256	256	0	0	5	1	2934	2166	74	1
4582	163	118	256	256	0	0	5	2	2934	1502	40	1
4583	163	118	256	256	0	0	5	3	2934	1578	23	1
4584	163	118	256	256	0	0	5	4	2934	1962	14	1
4585	163	118	256	256	0	0	6	7	2934	2934	3	1
4586	163	118	256	256	0	0	6	0	2934	5846	140	1
4587	163	118	256	256	0	0	6	1	2934	2660	72	1
4588	163	118	256	256	0	0	6	2	2934	1740	38	1
4589	163	118	256	256	0	0	6	3	2934	1688	21	1
4590	163	118	256	256	0	0	6	4	2934	2008	12	1
4591	163	118	256	256	0	0	6	5	2934	2440	8	1
4592	164	121	256	256	0	0	0	7	2864	5706	134	1
4593	164	121	256	256	0	0	1	7	2864	2602	68	1
4594	164	121	256	256	0	0	1	0	2864	2868	202	1
4595	164	121	256	256	0	0	2	7	2864	1694	34	1
4596	164	121	256	256	0	0	2	0	2864	2492	168	1
4597	164	121	256	256	0	0	2	1	2864	1428	102	1
4598	164	121	256	256	0	0	3	7	2864	1650	17	1
4599	164	121	256	256	0	0	3	0	2864	2980	151	1
4600	164	121	256	256	0	0	3	1	2864	1388	85	1
4601	164	121	256	256	0	0	3	2	2864	1248	51	1
4602	164	121	256	256	0	0	4	7	2864	1938	9	1
4603	164	121	256	256	0	0	4	0	2864	3772	143	1
4604	164	121	256	256	0	0	4	1	2864	1676	77	1
4605	164	121	256	256	0	0	4	2	2864	1280	43	1
4606	164	121	256	256	0	0	4	3	2864	1492	26	1
4607	164	121	256	256	0	0	5	7	2864	2370	5	1
4608	164	121	256	256	0	0	5	0	2864	4708	139	1
4609	164	121	256	256	0	0	5	1	2864	2108	73	1
4610	164	121	256	256	0	0	5	2	2864	1456	39	1
4611	164	121	256	256	0	0	5	3	2864	1540	22	1
4612	164	121	256	256	0	0	5	4	2864	1892	14	1
4613	164	121	256	256	0	0	6	7	2864	2864	3	1
4614	164	121	256	256	0	0	6	0	2864	5706	137	1
4615	164	121	256	256	0	0	6	1	2864	2602	71	1
4616	164	121	256	256	0	0	6	2	2864	1694	37	1
4617	164	121	256	256	0	0	6	3	2864	1650	20	1
4618	164	121	256	256	0	0	6	4	2864	1938	12	1
4619	164	121	256	256	0	0	6	5	2864	2370	8	1
4620	165	125	256	256	0	0	0	7	2812	5602	130	1
4621	165	125	256	256	0	0	1	7	2812	2554	66	1
4622	165	125	256	256	0	0	1	0	2812	2812	196	1
4623	165	125	256	256	0	0	2	7	2812	1662	33	1
4624	165	125	256	256	0	0	2	0	2812	2436	163	1
4625	165	125	256	256	0	0	2	1	2812	1404	99	1
4626	165	125	256	256	0	0	3	7	2812	1598	17	1
4627	165	125	256	256	0	0	3	0	2812	2876	147	1
4628	165	125	256	256	0	0	3	1	2812	1340	83	1
4629	165	125	256	256	0	0	3	2	2812	1216	50	1
4630	165	125	256	256	0	0	4	7	2812	1886	9	1
4631	165	125	256	256	0	0	4	0	2812	3668	139	1
4632	165	125	256	256	0	0	4	1	2812	1628	75	1
4633	165	125	256	256	0	0	4	2	2812	1248	42	1
4634	165	125	256	256	0	0	4	3	2812	1440	26	1
4635	165	125	256	256	0	0	5	7	2812	2318	5	1
4636	165	125	256	256	0	0	5	0	2812	4604	135	1
4637	165	125	256	256	0	0	5	1	2812	2060	71	1
4638	165	125	256	256	0	0	5	2	2812	1424	38	1
4639	165	125	256	256	0	0	5	3	2812	1488	22	1
4640	165	125	256	256	0	0	5	4	2812	1840	14	1
4641	165	125	256	256	0	0	6	7	2812	2812	3	1
4642	165	125	256	256	0	0	6	0	2812	5602	133	1
4643	165	125	256	256	0	0	6	1	2812	2554	69	1
4644	165	125	256	256	0	0	6	2	2812	1662	36	1
4645	165	125	256	256	0	0	6	3	2812	1598	20	1
4646	165	125	256	256	0	0	6	4	2812	1886	12	1
4647	165	125	256	256	0	0	6	5	2812	2318	8	1
4648	166	128	256	256	0	0	0	7	2794	5566	127	1
4649	166	128	256	256	0	0	1	7	2794	2540	64	1
4650	166	128	256	256	0	0	1	0	2794	2792	191	1
4651	166	128	256	256	0	0	2	7	2794	1644	32	1
4652	166	128	256	256	0	0	2	0	2794	2400	159	1
4653	166	128	256	256	0	0	2	1	2794	1390	96	1
4654	166	128	256	256	0	0	3	7	2794	1580	16	1
4655	166	128	256	256	0	0	3	0	2794	2840	143	1
4656	166	128	256	256	0	0	3	1	2794	1326	80	1
4657	166	128	256	256	0	0	3	2	2794	1198	48	1
4658	166	128	256	256	0	0	4	7	2794	1868	8	1
4659	166	128	256	256	0	0	4	0	2794	3632	135	1
4660	166	128	256	256	0	0	4	1	2794	1614	72	1
4661	166	128	256	256	0	0	4	2	2794	1230	40	1
4662	166	128	256	256	0	0	4	3	2794	1422	24	1
4663	166	128	256	256	0	0	5	7	2794	2300	4	1
4664	166	128	256	256	0	0	5	0	2794	4568	131	1
4665	166	128	256	256	0	0	5	1	2794	2046	68	1
4666	166	128	256	256	0	0	5	2	2794	1406	36	1
4667	166	128	256	256	0	0	5	3	2794	1470	20	1
4668	166	128	256	256	0	0	5	4	2794	1822	12	1
4669	166	128	256	256	0	0	6	7	2794	2794	2	1
4670	166	128	256	256	0	0	6	0	2794	5566	129	1
4671	166	128	256	256	0	0	6	1	2794	2540	66	1
4672	166	128	256	256	0	0	6	2	2794	1644	34	1
4673	166	128	256	256	0	0	6	3	2794	1580	18	1
4674	166	128	256	256	0	0	6	4	2794	1868	10	1
4675	166	128	256	256	0	0	6	5	2794	2300	6	1
4676	167	132	256	256	0	0	0	7	2706	5390	123	1
4677	167	132	256	256	0	0	1	7	2706	2460	62	1
4678	167	132	256	256	0	0	1	0	2706	2704	185	1
4679	167	132	256	256	0	0	2	7	2706	1592	31	1
4680	167	132	256	256	0	0	2	0	2706	2324	154	1
4681	167	132	256	256	0	0	2	1	2706	1346	93	1
4682	167	132	256	256	0	0	3	7	2706	1540	16	1
4683	167	132	256	256	0	0	3	0	2706	2760	139	1
4684	167	132	256	256	0	0	3	1	2706	1294	78	1
4685	167	132	256	256	0	0	3	2	2706	1170	47	1
4686	167	132	256	256	0	0	4	7	2706	1812	8	1
4687	167	132	256	256	0	0	4	0	2706	3520	131	1
4688	167	132	256	256	0	0	4	1	2706	1566	70	1
4689	167	132	256	256	0	0	4	2	2706	1194	39	1
4690	167	132	256	256	0	0	4	3	2706	1382	24	1
4691	167	132	256	256	0	0	5	7	2706	2228	4	1
4692	167	132	256	256	0	0	5	0	2706	4424	127	1
4693	167	132	256	256	0	0	5	1	2706	1982	66	1
4694	167	132	256	256	0	0	5	2	2706	1362	35	1
4695	167	132	256	256	0	0	5	3	2706	1430	20	1
4696	167	132	256	256	0	0	5	4	2706	1766	12	1
4697	167	132	256	256	0	0	6	7	2706	2706	2	1
4698	167	132	256	256	0	0	6	0	2706	5390	125	1
4699	167	132	256	256	0	0	6	1	2706	2460	64	1
4700	167	132	256	256	0	0	6	2	2706	1592	33	1
4701	167	132	256	256	0	0	6	3	2706	1540	18	1
4702	167	132	256	256	0	0	6	4	2706	1812	10	1
4703	167	132	256	256	0	0	6	5	2706	2228	6	1
4704	168	135	256	256	0	0	0	7	2640	5258	120	1
4705	168	135	256	256	0	0	1	7	2640	2418	61	1
4706	168	135	256	256	0	0	1	0	2640	2656	181	1
4707	168	135	256	256	0	0	2	7	2640	1574	31	1
4708	168	135	256	256	0	0	2	0	2640	2288	151	1
4709	168	135	256	256	0	0	2	1	2640	1336	92	1
4710	168	135	256	256	0	0	3	7	2640	1510	16	1
4711	168	135	256	256	0	0	3	0	2640	2700	136	1
4712	168	135	256	256	0	0	3	1	2640	1276	77	1
4713	168	135	256	256	0	0	3	2	2640	1152	47	1
4714	168	135	256	256	0	0	4	7	2640	1770	8	1
4715	168	135	256	256	0	0	4	0	2640	3436	128	1
4716	168	135	256	256	0	0	4	1	2640	1540	69	1
4717	168	135	256	256	0	0	4	2	2640	1176	39	1
4718	168	135	256	256	0	0	4	3	2640	1352	24	1
4719	168	135	256	256	0	0	5	7	2640	2174	4	1
4720	168	135	256	256	0	0	5	0	2640	4316	124	1
4721	168	135	256	256	0	0	5	1	2640	1948	65	1
4722	168	135	256	256	0	0	5	2	2640	1344	35	1
4723	168	135	256	256	0	0	5	3	2640	1400	20	1
4724	168	135	256	256	0	0	5	4	2640	1724	12	1
4725	168	135	256	256	0	0	6	7	2640	2640	2	1
4726	168	135	256	256	0	0	6	0	2640	5258	122	1
4727	168	135	256	256	0	0	6	1	2640	2418	63	1
4728	168	135	256	256	0	0	6	2	2640	1574	33	1
4729	168	135	256	256	0	0	6	3	2640	1510	18	1
4730	168	135	256	256	0	0	6	4	2640	1770	10	1
4731	168	135	256	256	0	0	6	5	2640	2174	6	1
4732	169	139	256	256	0	0	0	7	2552	5082	116	1
4733	169	139	256	256	0	0	1	7	2552	2338	59	1
4734	169	139	256	256	0	0	1	0	2552	2568	175	1
4735	169	139	256	256	0	0	2	7	2552	1522	30	1
4736	169	139	256	256	0	0	2	0	2552	2212	146	1
4737	169	139	256	256	0	0	2	1	2552	1292	89	1
4738	169	139	256	256	0	0	3	7	2552	1450	15	1
4739	169	139	256	256	0	0	3	0	2552	2600	131	1
4740	169	139	256	256	0	0	3	1	2552	1224	74	1
4741	169	139	256	256	0	0	3	2	2552	1104	45	1
4742	169	139	256	256	0	0	4	7	2552	1714	8	1
4743	169	139	256	256	0	0	4	0	2552	3324	124	1
4744	169	139	256	256	0	0	4	1	2552	1492	67	1
4745	169	139	256	256	0	0	4	2	2552	1140	38	1
4746	169	139	256	256	0	0	4	3	2552	1308	23	1
4747	169	139	256	256	0	0	5	7	2552	2102	4	1
4748	169	139	256	256	0	0	5	0	2552	4172	120	1
4749	169	139	256	256	0	0	5	1	2552	1884	63	1
4750	169	139	256	256	0	0	5	2	2552	1300	34	1
4751	169	139	256	256	0	0	5	3	2552	1348	19	1
4752	169	139	256	256	0	0	5	4	2552	1668	12	1
4753	169	139	256	256	0	0	6	7	2552	2552	2	1
4754	169	139	256	256	0	0	6	0	2552	5082	118	1
4755	169	139	256	256	0	0	6	1	2552	2338	61	1
4756	169	139	256	256	0	0	6	2	2552	1522	32	1
4757	169	139	256	256	0	0	6	3	2552	1450	17	1
4758	169	139	256	256	0	0	6	4	2552	1714	10	1
4759	169	139	256	256	0	0	6	5	2552	2102	6	1
4760	170	142	256	256	0	0	0	7	2486	4950	113	1
4761	170	142	256	256	0	0	1	7	2486	2260	57	1
4762	170	142	256	256	0	0	1	0	2486	2484	170	1
4763	170	142	256	256	0	0	2	7	2486	1476	29	1
4764	170	142	256	256	0	0	2	0	2486	2148	142	1
4765	170	142	256	256	0	0	2	1	2486	1250	86	1
4766	170	142	256	256	0	0	3	7	2486	1420	15	1
4767	170	142	256	256	0	0	3	0	2486	2540	128	1
4768	170	142	256	256	0	0	3	1	2486	1194	72	1
4769	170	142	256	256	0	0	3	2	2486	1082	44	1
4770	170	142	256	256	0	0	4	7	2486	1672	8	1
4771	170	142	256	256	0	0	4	0	2486	3240	121	1
4772	170	142	256	256	0	0	4	1	2486	1446	65	1
4773	170	142	256	256	0	0	4	2	2486	1110	37	1
4774	170	142	256	256	0	0	4	3	2486	1278	23	1
4775	170	142	256	256	0	0	5	7	2486	2048	4	1
4776	170	142	256	256	0	0	5	0	2486	4064	117	1
4777	170	142	256	256	0	0	5	1	2486	1822	61	1
4778	170	142	256	256	0	0	5	2	2486	1262	33	1
4779	170	142	256	256	0	0	5	3	2486	1318	19	1
4780	170	142	256	256	0	0	5	4	2486	1626	12	1
4781	170	142	256	256	0	0	6	7	2486	2486	2	1
4782	170	142	256	256	0	0	6	0	2486	4950	115	1
4783	170	142	256	256	0	0	6	1	2486	2260	59	1
4784	170	142	256	256	0	0	6	2	2486	1476	31	1
4785	170	142	256	256	0	0	6	3	2486	1420	17	1
4786	170	142	256	256	0	0	6	4	2486	1672	10	1
4787	170	142	256	256	0	0	6	5	2486	2048	6	1
4788	171	145	256	256	0	0	0	7	2420	4818	110	1
4789	171	145	256	256	0	0	1	7	2420	2218	56	1
4790	171	145	256	256	0	0	1	0	2420	2436	166	1
4791	171	145	256	256	0	0	2	7	2420	1430	28	1
4792	171	145	256	256	0	0	2	0	2420	2084	138	1
4793	171	145	256	256	0	0	2	1	2420	1212	84	1
4794	171	145	256	256	0	0	3	7	2420	1370	14	1
4795	171	145	256	256	0	0	3	0	2420	2460	124	1
4796	171	145	256	256	0	0	3	1	2420	1156	70	1
4797	171	145	256	256	0	0	3	2	2420	1040	42	1
4798	171	145	256	256	0	0	4	7	2420	1618	7	1
4799	171	145	256	256	0	0	4	0	2420	3144	117	1
4800	171	145	256	256	0	0	4	1	2420	1408	63	1
4801	171	145	256	256	0	0	4	2	2420	1068	35	1
4802	171	145	256	256	0	0	4	3	2420	1232	21	1
4803	171	145	256	256	0	0	5	7	2420	1994	4	1
4804	171	145	256	256	0	0	5	0	2420	3956	114	1
4805	171	145	256	256	0	0	5	1	2420	1788	60	1
4806	171	145	256	256	0	0	5	2	2420	1224	32	1
4807	171	145	256	256	0	0	5	3	2420	1276	18	1
4808	171	145	256	256	0	0	5	4	2420	1580	11	1
4809	171	145	256	256	0	0	6	7	2420	2420	2	1
4810	171	145	256	256	0	0	6	0	2420	4818	112	1
4811	171	145	256	256	0	0	6	1	2420	2218	58	1
4812	171	145	256	256	0	0	6	2	2420	1430	30	1
4813	171	145	256	256	0	0	6	3	2420	1370	16	1
4814	171	145	256	256	0	0	6	4	2420	1618	9	1
4815	171	145	256	256	0	0	6	5	2420	1994	6	1
4816	172	149	256	256	0	0	0	7	2332	4642	106	1
4817	172	149	256	256	0	0	1	7	2332	2138	54	1
4818	172	149	256	256	0	0	1	0	2332	2348	160	1
4819	172	149	256	256	0	0	2	7	2332	1378	27	1
4820	172	149	256	256	0	0	2	0	2332	2008	133	1
4821	172	149	256	256	0	0	2	1	2332	1168	81	1
4822	172	149	256	256	0	0	3	7	2332	1330	14	1
4823	172	149	256	256	0	0	3	0	2332	2380	120	1
4824	172	149	256	256	0	0	3	1	2332	1124	68	1
4825	172	149	256	256	0	0	3	2	2332	1012	41	1
4826	172	149	256	256	0	0	4	7	2332	1562	7	1
4827	172	149	256	256	0	0	4	0	2332	3032	113	1
4828	172	149	256	256	0	0	4	1	2332	1360	61	1
4829	172	149	256	256	0	0	4	2	2332	1032	34	1
4830	172	149	256	256	0	0	4	3	2332	1192	21	1
4831	172	149	256	256	0	0	5	7	2332	1922	4	1
4832	172	149	256	256	0	0	5	0	2332	3812	110	1
4833	172	149	256	256	0	0	5	1	2332	1724	58	1
4834	172	149	256	256	0	0	5	2	2332	1180	31	1
4835	172	149	256	256	0	0	5	3	2332	1236	18	1
4836	172	149	256	256	0	0	5	4	2332	1524	11	1
4837	172	149	256	256	0	0	6	7	2332	2332	2	1
4838	172	149	256	256	0	0	6	0	2332	4642	108	1
4839	172	149	256	256	0	0	6	1	2332	2138	56	1
4840	172	149	256	256	0	0	6	2	2332	1378	29	1
4841	172	149	256	256	0	0	6	3	2332	1330	16	1
4842	172	149	256	256	0	0	6	4	2332	1562	9	1
4843	172	149	256	256	0	0	6	5	2332	1922	6	1
4844	173	152	256	256	0	0	0	7	2266	4510	103	1
4845	173	152	256	256	0	0	1	7	2266	2060	52	1
4846	173	152	256	256	0	0	1	0	2266	2264	155	1
4847	173	152	256	256	0	0	2	7	2266	1332	26	1
4848	173	152	256	256	0	0	2	0	2266	1944	129	1
4849	173	152	256	256	0	0	2	1	2266	1126	78	1
4850	173	152	256	256	0	0	3	7	2266	1280	13	1
4851	173	152	256	256	0	0	3	0	2266	2300	116	1
4852	173	152	256	256	0	0	3	1	2266	1074	65	1
4853	173	152	256	256	0	0	3	2	2266	970	39	1
4854	173	152	256	256	0	0	4	7	2266	1520	7	1
4855	173	152	256	256	0	0	4	0	2266	2948	110	1
4856	173	152	256	256	0	0	4	1	2266	1314	59	1
4857	173	152	256	256	0	0	4	2	2266	1002	33	1
4858	173	152	256	256	0	0	4	3	2266	1158	20	1
4859	173	152	256	256	0	0	5	7	2266	1868	4	1
4860	173	152	256	256	0	0	5	0	2266	3704	107	1
4861	173	152	256	256	0	0	5	1	2266	1662	56	1
4862	173	152	256	256	0	0	5	2	2266	1142	30	1
4863	173	152	256	256	0	0	5	3	2266	1194	17	1
4864	173	152	256	256	0	0	5	4	2266	1482	11	1
4865	173	152	256	256	0	0	6	7	2266	2266	2	1
4866	173	152	256	256	0	0	6	0	2266	4510	105	1
4867	173	152	256	256	0	0	6	1	2266	2060	54	1
4868	173	152	256	256	0	0	6	2	2266	1332	28	1
4869	173	152	256	256	0	0	6	3	2266	1280	15	1
4870	173	152	256	256	0	0	6	4	2266	1520	9	1
4871	173	152	256	256	0	0	6	5	2266	1868	6	1
4872	174	156	256	256	0	0	0	7	2178	4334	99	1
4873	174	156	256	256	0	0	1	7	2178	1980	50	1
4874	174	156	256	256	0	0	1	0	2178	2176	149	1
4875	174	156	256	256	0	0	2	7	2178	1280	25	1
4876	174	156	256	256	0	0	2	0	2178	1868	124	1
4877	174	156	256	256	0	0	2	1	2178	1082	75	1
4878	174	156	256	256	0	0	3	7	2178	1240	13	1
4879	174	156	256	256	0	0	3	0	2178	2220	112	1
4880	174	156	256	256	0	0	3	1	2178	1042	63	1
4881	174	156	256	256	0	0	3	2	2178	942	38	1
4882	174	156	256	256	0	0	4	7	2178	1464	7	1
4883	174	156	256	256	0	0	4	0	2178	2836	106	1
4884	174	156	256	256	0	0	4	1	2178	1266	57	1
4885	174	156	256	256	0	0	4	2	2178	966	32	1
4886	174	156	256	256	0	0	4	3	2178	1118	20	1
4887	174	156	256	256	0	0	5	7	2178	1796	4	1
4888	174	156	256	256	0	0	5	0	2178	3560	103	1
4889	174	156	256	256	0	0	5	1	2178	1598	54	1
4890	174	156	256	256	0	0	5	2	2178	1098	29	1
4891	174	156	256	256	0	0	5	3	2178	1154	17	1
4892	174	156	256	256	0	0	5	4	2178	1426	11	1
4893	174	156	256	256	0	0	6	7	2178	2178	2	1
4894	174	156	256	256	0	0	6	0	2178	4334	101	1
4895	174	156	256	256	0	0	6	1	2178	1980	52	1
4896	174	156	256	256	0	0	6	2	2178	1280	27	1
4897	174	156	256	256	0	0	6	3	2178	1240	15	1
4898	174	156	256	256	0	0	6	4	2178	1464	9	1
4899	174	156	256	256	0	0	6	5	2178	1796	6	1
4900	175	159	256	256	0	0	0	7	2112	4202	96	1
4901	175	159	256	256	0	0	1	7	2112	1938	49	1
4902	175	159	256	256	0	0	1	0	2112	2128	145	1
4903	175	159	256	256	0	0	2	7	2112	1262	25	1
4904	175	159	256	256	0	0	2	0	2112	1832	121	1
4905	175	159	256	256	0	0	2	1	2112	1072	74	1
4906	175	159	256	256	0	0	3	7	2112	1210	13	1
4907	175	159	256	256	0	0	3	0	2112	2160	109	1
4908	175	159	256	256	0	0	3	1	2112	1024	62	1
4909	175	159	256	256	0	0	3	2	2112	924	38	1
4910	175	159	256	256	0	0	4	7	2112	1422	7	1
4911	175	159	256	256	0	0	4	0	2112	2752	103	1
4912	175	159	256	256	0	0	4	1	2112	1240	56	1
4913	175	159	256	256	0	0	4	2	2112	948	32	1
4914	175	159	256	256	0	0	4	3	2112	1088	20	1
4915	175	159	256	256	0	0	5	7	2112	1742	4	1
4916	175	159	256	256	0	0	5	0	2112	3452	100	1
4917	175	159	256	256	0	0	5	1	2112	1564	53	1
4918	175	159	256	256	0	0	5	2	2112	1080	29	1
4919	175	159	256	256	0	0	5	3	2112	1124	17	1
4920	175	159	256	256	0	0	5	4	2112	1384	11	1
4921	175	159	256	256	0	0	6	7	2112	2112	2	1
4922	175	159	256	256	0	0	6	0	2112	4202	98	1
4923	175	159	256	256	0	0	6	1	2112	1938	51	1
4924	175	159	256	256	0	0	6	2	2112	1262	27	1
4925	175	159	256	256	0	0	6	3	2112	1210	15	1
4926	175	159	256	256	0	0	6	4	2112	1422	9	1
4927	175	159	256	256	0	0	6	5	2112	1742	6	1
4928	176	163	256	256	0	0	0	7	1908	3794	92	1
4929	176	163	256	256	0	0	1	7	1908	1738	47	1
4930	176	163	256	256	0	0	1	0	1908	1920	139	1
4931	176	163	256	256	0	0	2	7	1908	1146	24	1
4932	176	163	256	256	0	0	2	0	1908	1692	116	1
4933	176	163	256	256	0	0	2	1	1908	964	71	1
4934	176	163	256	256	0	0	3	7	1908	1118	12	1
4935	176	163	256	256	0	0	3	0	1908	2028	104	1
4936	176	163	256	256	0	0	3	1	1908	940	59	1
4937	176	163	256	256	0	0	3	2	1908	844	36	1
4938	176	163	256	256	0	0	4	7	1908	1338	6	1
4939	176	163	256	256	0	0	4	0	1908	2612	98	1
4940	176	163	256	256	0	0	4	1	1908	1164	53	1
4941	176	163	256	256	0	0	4	2	1908	884	30	1
4942	176	163	256	256	0	0	4	3	1908	1016	18	1
4943	176	163	256	256	0	0	5	7	1908	1662	3	1
4944	176	163	256	256	0	0	5	0	1908	3300	95	1
4945	176	163	256	256	0	0	5	1	1908	1492	50	1
4946	176	163	256	256	0	0	5	2	1908	1028	27	1
4947	176	163	256	256	0	0	5	3	1908	1064	15	1
4948	176	163	256	256	0	0	5	4	1908	1316	9	1
4949	176	163	256	256	0	0	6	7	1908	1908	2	1
4950	176	163	256	256	0	0	6	0	1908	3794	94	1
4951	176	163	256	256	0	0	6	1	1908	1738	49	1
4952	176	163	256	256	0	0	6	2	1908	1146	26	1
4953	176	163	256	256	0	0	6	3	1908	1118	14	1
4954	176	163	256	256	0	0	6	4	1908	1338	8	1
4955	176	163	256	256	0	0	6	5	1908	1662	5	1
4956	177	166	256	256	0	0	0	7	1854	3686	89	1
4957	177	166	256	256	0	0	1	7	1854	1676	45	1
4958	177	166	256	256	0	0	1	0	1854	1852	134	1
4959	177	166	256	256	0	0	2	7	1854	1108	23	1
4960	177	166	256	256	0	0	2	0	1854	1636	112	1
4961	177	166	256	256	0	0	2	1	1854	930	68	1
4962	177	166	256	256	0	0	3	7	1854	1088	12	1
4963	177	166	256	256	0	0	3	0	1854	1968	101	1
4964	177	166	256	256	0	0	3	1	1854	910	57	1
4965	177	166	256	256	0	0	3	2	1854	822	35	1
4966	177	166	256	256	0	0	4	7	1854	1296	6	1
4967	177	166	256	256	0	0	4	0	1854	2528	95	1
4968	177	166	256	256	0	0	4	1	1854	1118	51	1
4969	177	166	256	256	0	0	4	2	1854	854	29	1
4970	177	166	256	256	0	0	4	3	1854	986	18	1
4971	177	166	256	256	0	0	5	7	1854	1608	3	1
4972	177	166	256	256	0	0	5	0	1854	3192	92	1
4973	177	166	256	256	0	0	5	1	1854	1430	48	1
4974	177	166	256	256	0	0	5	2	1854	990	26	1
4975	177	166	256	256	0	0	5	3	1854	1034	15	1
4976	177	166	256	256	0	0	5	4	1854	1274	9	1
4977	177	166	256	256	0	0	6	7	1854	1854	2	1
4978	177	166	256	256	0	0	6	0	1854	3686	91	1
4979	177	166	256	256	0	0	6	1	1854	1676	47	1
4980	177	166	256	256	0	0	6	2	1854	1108	25	1
4981	177	166	256	256	0	0	6	3	1854	1088	14	1
4982	177	166	256	256	0	0	6	4	1854	1296	8	1
4983	177	166	256	256	0	0	6	5	1854	1608	5	1
4984	178	170	256	256	0	0	0	7	1782	3542	85	1
4985	178	170	256	256	0	0	1	7	1782	1612	43	1
4986	178	170	256	256	0	0	1	0	1782	1780	128	1
4987	178	170	256	256	0	0	2	7	1782	1064	22	1
4988	178	170	256	256	0	0	2	0	1782	1568	107	1
4989	178	170	256	256	0	0	2	1	1782	894	65	1
4990	178	170	256	256	0	0	3	7	1782	1036	11	1
4991	178	170	256	256	0	0	3	0	1782	1876	96	1
4992	178	170	256	256	0	0	3	1	1782	866	54	1
4993	178	170	256	256	0	0	3	2	1782	782	33	1
4994	178	170	256	256	0	0	4	7	1782	1240	6	1
4995	178	170	256	256	0	0	4	0	1782	2416	91	1
4996	178	170	256	256	0	0	4	1	1782	1070	49	1
4997	178	170	256	256	0	0	4	2	1782	818	28	1
4998	178	170	256	256	0	0	4	3	1782	942	17	1
4999	178	170	256	256	0	0	5	7	1782	1536	3	1
5000	178	170	256	256	0	0	5	0	1782	3048	88	1
5001	178	170	256	256	0	0	5	1	1782	1366	46	1
5002	178	170	256	256	0	0	5	2	1782	946	25	1
5003	178	170	256	256	0	0	5	3	1782	982	14	1
5004	178	170	256	256	0	0	5	4	1782	1218	9	1
5005	178	170	256	256	0	0	6	7	1782	1782	2	1
5006	178	170	256	256	0	0	6	0	1782	3542	87	1
5007	178	170	256	256	0	0	6	1	1782	1612	45	1
5008	178	170	256	256	0	0	6	2	1782	1064	24	1
5009	178	170	256	256	0	0	6	3	1782	1036	13	1
5010	178	170	256	256	0	0	6	4	1782	1240	8	1
5011	178	170	256	256	0	0	6	5	1782	1536	5	1
5012	179	173	256	256	0	0	0	7	1728	3434	82	1
5013	179	173	256	256	0	0	1	7	1728	1578	42	1
5014	179	173	256	256	0	0	1	0	1728	1740	124	1
5015	179	173	256	256	0	0	2	7	1728	1026	21	1
5016	179	173	256	256	0	0	2	0	1728	1512	103	1
5017	179	173	256	256	0	0	2	1	1728	864	63	1
5018	179	173	256	256	0	0	3	7	1728	1006	11	1
5019	179	173	256	256	0	0	3	0	1728	1816	93	1
5020	179	173	256	256	0	0	3	1	1728	848	53	1
5021	179	173	256	256	0	0	3	2	1728	760	32	1
5022	179	173	256	256	0	0	4	7	1728	1198	6	1
5023	179	173	256	256	0	0	4	0	1728	2332	88	1
5024	179	173	256	256	0	0	4	1	1728	1044	48	1
5025	179	173	256	256	0	0	4	2	1728	788	27	1
5026	179	173	256	256	0	0	4	3	1728	912	17	1
5027	179	173	256	256	0	0	5	7	1728	1482	3	1
5028	179	173	256	256	0	0	5	0	1728	2940	85	1
5029	179	173	256	256	0	0	5	1	1728	1332	45	1
5030	179	173	256	256	0	0	5	2	1728	908	24	1
5031	179	173	256	256	0	0	5	3	1728	952	14	1
5032	179	173	256	256	0	0	5	4	1728	1176	9	1
5033	179	173	256	256	0	0	6	7	1728	1728	2	1
5034	179	173	256	256	0	0	6	0	1728	3434	84	1
5035	179	173	256	256	0	0	6	1	1728	1578	44	1
5036	179	173	256	256	0	0	6	2	1728	1026	23	1
5037	179	173	256	256	0	0	6	3	1728	1006	13	1
5038	179	173	256	256	0	0	6	4	1728	1198	8	1
5039	179	173	256	256	0	0	6	5	1728	1482	5	1
5040	180	177	256	256	0	0	0	7	1596	3170	78	1
5041	180	177	256	256	0	0	1	7	1596	1450	40	1
5042	180	177	256	256	0	0	1	0	1596	1604	118	1
5043	180	177	256	256	0	0	2	7	1596	950	20	1
5044	180	177	256	256	0	0	2	0	1596	1412	98	1
5045	180	177	256	256	0	0	2	1	1596	796	60	1
5046	180	177	256	256	0	0	3	7	1596	938	10	1
5047	180	177	256	256	0	0	3	0	1596	1708	88	1
5048	180	177	256	256	0	0	3	1	1596	788	50	1
5049	180	177	256	256	0	0	3	2	1596	704	30	1
5050	180	177	256	256	0	0	4	7	1596	1134	5	1
5051	180	177	256	256	0	0	4	0	1596	2212	83	1
5052	180	177	256	256	0	0	4	1	1596	988	45	1
5053	180	177	256	256	0	0	4	2	1596	744	25	1
5054	180	177	256	256	0	0	4	3	1596	860	15	1
5055	180	177	256	256	0	0	5	7	1596	1350	3	1
5056	180	177	256	256	0	0	5	0	1596	2676	81	1
5057	180	177	256	256	0	0	5	1	1596	1204	43	1
5058	180	177	256	256	0	0	5	2	1596	832	23	1
5059	180	177	256	256	0	0	5	3	1596	884	13	1
5060	180	177	256	256	0	0	5	4	1596	1112	8	1
5061	180	177	256	256	0	0	6	7	1596	1596	2	1
5062	180	177	256	256	0	0	6	0	1596	3170	80	1
5063	180	177	256	256	0	0	6	1	1596	1450	42	1
5064	180	177	256	256	0	0	6	2	1596	950	22	1
5065	180	177	256	256	0	0	6	3	1596	938	12	1
5066	180	177	256	256	0	0	6	4	1596	1134	7	1
5067	180	177	256	256	0	0	6	5	1596	1350	5	1
5068	181	180	256	256	0	0	0	7	1554	3086	75	1
5069	181	180	256	256	0	0	1	7	1554	1404	38	1
5070	181	180	256	256	0	0	1	0	1554	1552	113	1
5071	181	180	256	256	0	0	2	7	1554	920	19	1
5072	181	180	256	256	0	0	2	0	1554	1364	94	1
5073	181	180	256	256	0	0	2	1	1554	770	57	1
5074	181	180	256	256	0	0	3	7	1554	908	10	1
5075	181	180	256	256	0	0	3	0	1554	1648	85	1
5076	181	180	256	256	0	0	3	1	1554	758	48	1
5077	181	180	256	256	0	0	3	2	1554	682	29	1
5078	181	180	256	256	0	0	4	7	1554	1092	5	1
5079	181	180	256	256	0	0	4	0	1554	2128	80	1
5080	181	180	256	256	0	0	4	1	1554	942	43	1
5081	181	180	256	256	0	0	4	2	1554	714	24	1
5082	181	180	256	256	0	0	4	3	1554	830	15	1
5083	181	180	256	256	0	0	5	7	1554	1308	3	1
5084	181	180	256	256	0	0	5	0	1554	2592	78	1
5085	181	180	256	256	0	0	5	1	1554	1158	41	1
5086	181	180	256	256	0	0	5	2	1554	802	22	1
5087	181	180	256	256	0	0	5	3	1554	854	13	1
5088	181	180	256	256	0	0	5	4	1554	1070	8	1
5089	181	180	256	256	0	0	6	7	1554	1554	2	1
5090	181	180	256	256	0	0	6	0	1554	3086	77	1
5091	181	180	256	256	0	0	6	1	1554	1404	40	1
5092	181	180	256	256	0	0	6	2	1554	920	21	1
5093	181	180	256	256	0	0	6	3	1554	908	12	1
5094	181	180	256	256	0	0	6	4	1554	1092	7	1
5095	181	180	256	256	0	0	6	5	1554	1308	5	1
5096	182	183	256	256	0	0	0	7	1512	3002	72	1
5097	182	183	256	256	0	0	1	7	1512	1378	37	1
5098	182	183	256	256	0	0	1	0	1512	1520	109	1
5099	182	183	256	256	0	0	2	7	1512	902	19	1
5100	182	183	256	256	0	0	2	0	1512	1328	91	1
5101	182	183	256	256	0	0	2	1	1512	760	56	1
5102	182	183	256	256	0	0	3	7	1512	878	10	1
5103	182	183	256	256	0	0	3	0	1512	1588	82	1
5104	182	183	256	256	0	0	3	1	1512	740	47	1
5105	182	183	256	256	0	0	3	2	1512	664	29	1
5106	182	183	256	256	0	0	4	7	1512	1050	5	1
5107	182	183	256	256	0	0	4	0	1512	2044	77	1
5108	182	183	256	256	0	0	4	1	1512	916	42	1
5109	182	183	256	256	0	0	4	2	1512	696	24	1
5110	182	183	256	256	0	0	4	3	1512	800	15	1
5111	182	183	256	256	0	0	5	7	1512	1266	3	1
5112	182	183	256	256	0	0	5	0	1512	2508	75	1
5113	182	183	256	256	0	0	5	1	1512	1132	40	1
5114	182	183	256	256	0	0	5	2	1512	784	22	1
5115	182	183	256	256	0	0	5	3	1512	824	13	1
5116	182	183	256	256	0	0	5	4	1512	1028	8	1
5117	182	183	256	256	0	0	6	7	1512	1512	2	1
5118	182	183	256	256	0	0	6	0	1512	3002	74	1
5119	182	183	256	256	0	0	6	1	1512	1378	39	1
5120	182	183	256	256	0	0	6	2	1512	902	21	1
5121	182	183	256	256	0	0	6	3	1512	878	12	1
5122	182	183	256	256	0	0	6	4	1512	1050	7	1
5123	182	183	256	256	0	0	6	5	1512	1266	5	1
5124	183	187	256	256	0	0	0	7	1436	2850	68	1
5125	183	187	256	256	0	0	1	7	1436	1306	35	1
5126	183	187	256	256	0	0	1	0	1436	1440	103	1
5127	183	187	256	256	0	0	2	7	1436	850	18	1
5128	183	187	256	256	0	0	2	0	1436	1252	86	1
5129	183	187	256	256	0	0	2	1	1436	716	53	1
5130	183	187	256	256	0	0	3	7	1436	830	9	1
5131	183	187	256	256	0	0	3	0	1436	1500	77	1
5132	183	187	256	256	0	0	3	1	1436	700	44	1
5133	183	187	256	256	0	0	3	2	1436	628	27	1
5134	183	187	256	256	0	0	4	7	1436	974	5	1
5135	183	187	256	256	0	0	4	0	1436	1892	73	1
5136	183	187	256	256	0	0	4	1	1436	844	40	1
5137	183	187	256	256	0	0	4	2	1436	644	23	1
5138	183	187	256	256	0	0	4	3	1436	752	14	1
5139	183	187	256	256	0	0	5	7	1436	1190	3	1
5140	183	187	256	256	0	0	5	0	1436	2356	71	1
5141	183	187	256	256	0	0	5	1	1436	1060	38	1
5142	183	187	256	256	0	0	5	2	1436	732	21	1
5143	183	187	256	256	0	0	5	3	1436	776	12	1
5144	183	187	256	256	0	0	5	4	1436	952	8	1
5145	183	187	256	256	0	0	6	7	1436	1436	2	1
5146	183	187	256	256	0	0	6	0	1436	2850	70	1
5147	183	187	256	256	0	0	6	1	1436	1306	37	1
5148	183	187	256	256	0	0	6	2	1436	850	20	1
5149	183	187	256	256	0	0	6	3	1436	830	11	1
5150	183	187	256	256	0	0	6	4	1436	974	7	1
5151	183	187	256	256	0	0	6	5	1436	1190	5	1
5152	184	190	256	256	0	0	0	7	1390	2758	65	1
5153	184	190	256	256	0	0	1	7	1390	1264	33	1
5154	184	190	256	256	0	0	1	0	1390	1392	98	1
5155	184	190	256	256	0	0	2	7	1390	816	17	1
5156	184	190	256	256	0	0	2	0	1390	1192	82	1
5157	184	190	256	256	0	0	2	1	1390	690	50	1
5158	184	190	256	256	0	0	3	7	1390	784	9	1
5159	184	190	256	256	0	0	3	0	1390	1408	74	1
5160	184	190	256	256	0	0	3	1	1390	658	42	1
5161	184	190	256	256	0	0	3	2	1390	594	26	1
5162	184	190	256	256	0	0	4	7	1390	928	5	1
5163	184	190	256	256	0	0	4	0	1390	1800	70	1
5164	184	190	256	256	0	0	4	1	1390	802	38	1
5165	184	190	256	256	0	0	4	2	1390	610	22	1
5166	184	190	256	256	0	0	4	3	1390	706	14	1
5167	184	190	256	256	0	0	5	7	1390	1144	3	1
5168	184	190	256	256	0	0	5	0	1390	2264	68	1
5169	184	190	256	256	0	0	5	1	1390	1018	36	1
5170	184	190	256	256	0	0	5	2	1390	698	20	1
5171	184	190	256	256	0	0	5	3	1390	730	12	1
5172	184	190	256	256	0	0	5	4	1390	906	8	1
5173	184	190	256	256	0	0	6	7	1390	1390	2	1
5174	184	190	256	256	0	0	6	0	1390	2758	67	1
5175	184	190	256	256	0	0	6	1	1390	1264	35	1
5176	184	190	256	256	0	0	6	2	1390	816	19	1
5177	184	190	256	256	0	0	6	3	1390	784	11	1
5178	184	190	256	256	0	0	6	4	1390	928	7	1
5179	184	190	256	256	0	0	6	5	1390	1144	5	1
5180	185	194	256	256	0	0	0	7	1098	2178	61	1
5181	185	194	256	256	0	0	1	7	1098	976	31	1
5182	185	194	256	256	0	0	1	0	1098	1096	92	1
5183	185	194	256	256	0	0	2	7	1098	676	16	1
5184	185	194	256	256	0	0	2	0	1098	1036	77	1
5185	185	194	256	256	0	0	2	1	1098	554	47	1
5186	185	194	256	256	0	0	3	7	1098	700	8	1
5187	185	194	256	256	0	0	3	0	1098	1300	69	1
5188	185	194	256	256	0	0	3	1	1098	578	39	1
5189	185	194	256	256	0	0	3	2	1098	518	24	1
5190	185	194	256	256	0	0	4	7	1098	868	4	1
5191	185	194	256	256	0	0	4	0	1098	1708	65	1
5192	185	194	256	256	0	0	4	1	1098	746	35	1
5193	185	194	256	256	0	0	4	2	1098	566	20	1
5194	185	194	256	256	0	0	4	3	1098	654	12	1
5195	185	194	256	256	0	0	5	7	1098	1098	2	1
5196	185	194	256	256	0	0	5	0	1098	2178	63	1
5197	185	194	256	256	0	0	5	1	1098	976	33	1
5198	185	194	256	256	0	0	5	2	1098	676	18	1
5199	185	194	256	256	0	0	5	3	1098	700	10	1
5200	185	194	256	256	0	0	5	4	1098	868	6	1
5201	185	194	256	256	0	0	6	7	1098	1342	1	1
5202	185	194	256	256	0	0	6	0	1098	2662	62	1
5203	185	194	256	256	0	0	6	1	1098	1220	32	1
5204	185	194	256	256	0	0	6	2	1098	800	17	1
5205	185	194	256	256	0	0	6	3	1098	760	9	1
5206	185	194	256	256	0	0	6	4	1098	896	5	1
5207	185	194	256	256	0	0	6	5	1098	1104	3	1
5208	186	197	256	256	0	0	0	7	1044	2070	58	1
5209	186	197	256	256	0	0	1	7	1044	942	30	1
5210	186	197	256	256	0	0	1	0	1044	1056	88	1
5211	186	197	256	256	0	0	2	7	1044	638	15	1
5212	186	197	256	256	0	0	2	0	1044	980	73	1
5213	186	197	256	256	0	0	2	1	1044	524	45	1
5214	186	197	256	256	0	0	3	7	1044	670	8	1
5215	186	197	256	256	0	0	3	0	1044	1240	66	1
5216	186	197	256	256	0	0	3	1	1044	560	38	1
5217	186	197	256	256	0	0	3	2	1044	496	23	1
5218	186	197	256	256	0	0	4	7	1044	826	4	1
5219	186	197	256	256	0	0	4	0	1044	1624	62	1
5220	186	197	256	256	0	0	4	1	1044	720	34	1
5221	186	197	256	256	0	0	4	2	1044	536	19	1
5222	186	197	256	256	0	0	4	3	1044	624	12	1
5223	186	197	256	256	0	0	5	7	1044	1044	2	1
5224	186	197	256	256	0	0	5	0	1044	2070	60	1
5225	186	197	256	256	0	0	5	1	1044	942	32	1
5226	186	197	256	256	0	0	5	2	1044	638	17	1
5227	186	197	256	256	0	0	5	3	1044	670	10	1
5228	186	197	256	256	0	0	5	4	1044	826	6	1
5229	186	197	256	256	0	0	6	7	1044	1276	1	1
5230	186	197	256	256	0	0	6	0	1044	2530	59	1
5231	186	197	256	256	0	0	6	1	1044	1178	31	1
5232	186	197	256	256	0	0	6	2	1044	754	16	1
5233	186	197	256	256	0	0	6	3	1044	730	9	1
5234	186	197	256	256	0	0	6	4	1044	854	5	1
5235	186	197	256	256	0	0	6	5	1044	1050	3	1
5236	187	201	256	256	0	0	0	7	972	1926	54	1
5237	187	201	256	256	0	0	1	7	972	878	28	1
5238	187	201	256	256	0	0	1	0	972	984	82	1
5239	187	201	256	256	0	0	2	7	972	594	14	1
5240	187	201	256	256	0	0	2	0	972	912	68	1
5241	187	201	256	256	0	0	2	1	972	488	42	1
5242	187	201	256	256	0	0	3	7	972	618	7	1
5243	187	201	256	256	0	0	3	0	972	1148	61	1
5244	187	201	256	256	0	0	3	1	972	516	35	1
5245	187	201	256	256	0	0	3	2	972	456	21	1
5246	187	201	256	256	0	0	4	7	972	770	4	1
5247	187	201	256	256	0	0	4	0	972	1512	58	1
5248	187	201	256	256	0	0	4	1	972	672	32	1
5249	187	201	256	256	0	0	4	2	972	500	18	1
5250	187	201	256	256	0	0	4	3	972	580	11	1
5251	187	201	256	256	0	0	5	7	972	972	2	1
5252	187	201	256	256	0	0	5	0	972	1926	56	1
5253	187	201	256	256	0	0	5	1	972	878	30	1
5254	187	201	256	256	0	0	5	2	972	594	16	1
5255	187	201	256	256	0	0	5	3	972	618	9	1
5256	187	201	256	256	0	0	5	4	972	770	6	1
5257	187	201	256	256	0	0	6	7	972	1188	1	1
5258	187	201	256	256	0	0	6	0	972	2354	55	1
5259	187	201	256	256	0	0	6	1	972	1098	29	1
5260	187	201	256	256	0	0	6	2	972	702	15	1
5261	187	201	256	256	0	0	6	3	972	670	8	1
5262	187	201	256	256	0	0	6	4	972	798	5	1
5263	187	201	256	256	0	0	6	5	972	978	3	1
5264	188	204	256	256	0	0	0	7	918	1818	51	1
5265	188	204	256	256	0	0	1	7	918	816	26	1
5266	188	204	256	256	0	0	1	0	918	916	77	1
5267	188	204	256	256	0	0	2	7	918	556	13	1
5268	188	204	256	256	0	0	2	0	918	856	64	1
5269	188	204	256	256	0	0	2	1	918	454	39	1
5270	188	204	256	256	0	0	3	7	918	588	7	1
5271	188	204	256	256	0	0	3	0	918	1088	58	1
5272	188	204	256	256	0	0	3	1	918	486	33	1
5273	188	204	256	256	0	0	3	2	918	434	20	1
5274	188	204	256	256	0	0	4	7	918	728	4	1
5275	188	204	256	256	0	0	4	0	918	1428	55	1
5276	188	204	256	256	0	0	4	1	918	626	30	1
5277	188	204	256	256	0	0	4	2	918	470	17	1
5278	188	204	256	256	0	0	4	3	918	550	11	1
5279	188	204	256	256	0	0	5	7	918	918	2	1
5280	188	204	256	256	0	0	5	0	918	1818	53	1
5281	188	204	256	256	0	0	5	1	918	816	28	1
5282	188	204	256	256	0	0	5	2	918	556	15	1
5283	188	204	256	256	0	0	5	3	918	588	9	1
5284	188	204	256	256	0	0	5	4	918	728	6	1
5285	188	204	256	256	0	0	6	7	918	1122	1	1
5286	188	204	256	256	0	0	6	0	918	2222	52	1
5287	188	204	256	256	0	0	6	1	918	1020	27	1
5288	188	204	256	256	0	0	6	2	918	656	14	1
5289	188	204	256	256	0	0	6	3	918	640	8	1
5290	188	204	256	256	0	0	6	4	918	756	5	1
5291	188	204	256	256	0	0	6	5	918	924	3	1
5292	189	208	256	256	0	0	0	7	846	1674	47	1
5293	189	208	256	256	0	0	1	7	846	752	24	1
5294	189	208	256	256	0	0	1	0	846	844	71	1
5295	189	208	256	256	0	0	2	7	846	512	12	1
5296	189	208	256	256	0	0	2	0	846	788	59	1
5297	189	208	256	256	0	0	2	1	846	418	36	1
5298	189	208	256	256	0	0	3	7	846	536	6	1
5299	189	208	256	256	0	0	3	0	846	996	53	1
5300	189	208	256	256	0	0	3	1	846	442	30	1
5301	189	208	256	256	0	0	3	2	846	394	18	1
5302	189	208	256	256	0	0	4	7	846	668	3	1
5303	189	208	256	256	0	0	4	0	846	1312	50	1
5304	189	208	256	256	0	0	4	1	846	574	27	1
5305	189	208	256	256	0	0	4	2	846	430	15	1
5306	189	208	256	256	0	0	4	3	846	502	9	1
5307	189	208	256	256	0	0	5	7	846	846	2	1
5308	189	208	256	256	0	0	5	0	846	1674	49	1
5309	189	208	256	256	0	0	5	1	846	752	26	1
5310	189	208	256	256	0	0	5	2	846	512	14	1
5311	189	208	256	256	0	0	5	3	846	536	8	1
5312	189	208	256	256	0	0	5	4	846	668	5	1
5313	189	208	256	256	0	0	6	7	846	1034	1	1
5314	189	208	256	256	0	0	6	0	846	2046	48	1
5315	189	208	256	256	0	0	6	1	846	940	25	1
5316	189	208	256	256	0	0	6	2	846	604	13	1
5317	189	208	256	256	0	0	6	3	846	580	7	1
5318	189	208	256	256	0	0	6	4	846	688	4	1
5319	189	208	256	256	0	0	6	5	846	852	3	1
5320	190	211	256	256	0	0	0	7	792	1566	44	1
5321	190	211	256	256	0	0	1	7	792	718	23	1
5322	190	211	256	256	0	0	1	0	792	804	67	1
5323	190	211	256	256	0	0	2	7	792	494	12	1
5324	190	211	256	256	0	0	2	0	792	752	56	1
5325	190	211	256	256	0	0	2	1	792	408	35	1
5326	190	211	256	256	0	0	3	7	792	506	6	1
5327	190	211	256	256	0	0	3	0	792	936	50	1
5328	190	211	256	256	0	0	3	1	792	424	29	1
5329	190	211	256	256	0	0	3	2	792	376	18	1
5330	190	211	256	256	0	0	4	7	792	626	3	1
5331	190	211	256	256	0	0	4	0	792	1228	47	1
5332	190	211	256	256	0	0	4	1	792	548	26	1
5333	190	211	256	256	0	0	4	2	792	412	15	1
5334	190	211	256	256	0	0	4	3	792	472	9	1
5335	190	211	256	256	0	0	5	7	792	792	2	1
5336	190	211	256	256	0	0	5	0	792	1566	46	1
5337	190	211	256	256	0	0	5	1	792	718	25	1
5338	190	211	256	256	0	0	5	2	792	494	14	1
5339	190	211	256	256	0	0	5	3	792	506	8	1
5340	190	211	256	256	0	0	5	4	792	626	5	1
5341	190	211	256	256	0	0	6	7	792	968	1	1
5342	190	211	256	256	0	0	6	0	792	1914	45	1
5343	190	211	256	256	0	0	6	1	792	898	24	1
5344	190	211	256	256	0	0	6	2	792	586	13	1
5345	190	211	256	256	0	0	6	3	792	550	7	1
5346	190	211	256	256	0	0	6	4	792	646	4	1
5347	190	211	256	256	0	0	6	5	792	798	3	1
5348	191	215	256	256	0	0	0	7	720	1422	40	1
5349	191	215	256	256	0	0	1	7	720	654	21	1
5350	191	215	256	256	0	0	1	0	720	732	61	1
5351	191	215	256	256	0	0	2	7	720	450	11	1
5352	191	215	256	256	0	0	2	0	720	684	51	1
5353	191	215	256	256	0	0	2	1	720	372	32	1
5354	191	215	256	256	0	0	3	7	720	466	6	1
5355	191	215	256	256	0	0	3	0	720	856	46	1
5356	191	215	256	256	0	0	3	1	720	392	27	1
5357	191	215	256	256	0	0	3	2	720	348	17	1
5358	191	215	256	256	0	0	4	7	720	570	3	1
5359	191	215	256	256	0	0	4	0	720	1116	43	1
5360	191	215	256	256	0	0	4	1	720	500	24	1
5361	191	215	256	256	0	0	4	2	720	376	14	1
5362	191	215	256	256	0	0	4	3	720	432	9	1
5363	191	215	256	256	0	0	5	7	720	720	2	1
5364	191	215	256	256	0	0	5	0	720	1422	42	1
5365	191	215	256	256	0	0	5	1	720	654	23	1
5366	191	215	256	256	0	0	5	2	720	450	13	1
5367	191	215	256	256	0	0	5	3	720	466	8	1
5368	191	215	256	256	0	0	5	4	720	570	5	1
5369	191	215	256	256	0	0	6	7	720	880	1	1
5370	191	215	256	256	0	0	6	0	720	1738	41	1
5371	191	215	256	256	0	0	6	1	720	818	22	1
5372	191	215	256	256	0	0	6	2	720	534	12	1
5373	191	215	256	256	0	0	6	3	720	510	7	1
5374	191	215	256	256	0	0	6	4	720	590	4	1
5375	191	215	256	256	0	0	6	5	720	726	3	1
5376	192	218	256	256	0	0	0	7	666	1314	37	1
5377	192	218	256	256	0	0	1	7	666	592	19	1
5378	192	218	256	256	0	0	1	0	666	664	56	1
5379	192	218	256	256	0	0	2	7	666	412	10	1
5380	192	218	256	256	0	0	2	0	666	628	47	1
5381	192	218	256	256	0	0	2	1	666	338	29	1
5382	192	218	256	256	0	0	3	7	666	424	5	1
5383	192	218	256	256	0	0	3	0	666	784	42	1
5384	192	218	256	256	0	0	3	1	666	350	24	1
5385	192	218	256	256	0	0	3	2	666	314	15	1
5386	192	218	256	256	0	0	4	7	666	528	3	1
5387	192	218	256	256	0	0	4	0	666	1032	40	1
5388	192	218	256	256	0	0	4	1	666	454	22	1
5389	192	218	256	256	0	0	4	2	666	346	13	1
5390	192	218	256	256	0	0	4	3	666	398	8	1
5391	192	218	256	256	0	0	5	7	666	666	2	1
5392	192	218	256	256	0	0	5	0	666	1314	39	1
5393	192	218	256	256	0	0	5	1	666	592	21	1
5394	192	218	256	256	0	0	5	2	666	412	12	1
5395	192	218	256	256	0	0	5	3	666	424	7	1
5396	192	218	256	256	0	0	5	4	666	528	5	1
5397	192	218	256	256	0	0	6	7	666	814	1	1
5398	192	218	256	256	0	0	6	0	666	1606	38	1
5399	192	218	256	256	0	0	6	1	666	740	20	1
5400	192	218	256	256	0	0	6	2	666	488	11	1
5401	192	218	256	256	0	0	6	3	666	460	6	1
5402	192	218	256	256	0	0	6	4	666	548	4	1
5403	192	218	256	256	0	0	6	5	666	672	3	1
5404	193	221	256	256	0	0	0	7	612	1206	34	1
5405	193	221	256	256	0	0	1	7	612	558	18	1
5406	193	221	256	256	0	0	1	0	612	624	52	1
5407	193	221	256	256	0	0	2	7	612	374	9	1
5408	193	221	256	256	0	0	2	0	612	572	43	1
5409	193	221	256	256	0	0	2	1	612	308	27	1
5410	193	221	256	256	0	0	3	7	612	394	5	1
5411	193	221	256	256	0	0	3	0	612	724	39	1
5412	193	221	256	256	0	0	3	1	612	332	23	1
5413	193	221	256	256	0	0	3	2	612	292	14	1
5414	193	221	256	256	0	0	4	7	612	486	3	1
5415	193	221	256	256	0	0	4	0	612	948	37	1
5416	193	221	256	256	0	0	4	1	612	428	21	1
5417	193	221	256	256	0	0	4	2	612	316	12	1
5418	193	221	256	256	0	0	4	3	612	368	8	1
5419	193	221	256	256	0	0	5	7	612	612	2	1
5420	193	221	256	256	0	0	5	0	612	1206	36	1
5421	193	221	256	256	0	0	5	1	612	558	20	1
5422	193	221	256	256	0	0	5	2	612	374	11	1
5423	193	221	256	256	0	0	5	3	612	394	7	1
5424	193	221	256	256	0	0	5	4	612	486	5	1
5425	193	221	256	256	0	0	6	7	612	748	1	1
5426	193	221	256	256	0	0	6	0	612	1474	35	1
5427	193	221	256	256	0	0	6	1	612	698	19	1
5428	193	221	256	256	0	0	6	2	612	442	10	1
5429	193	221	256	256	0	0	6	3	612	430	6	1
5430	193	221	256	256	0	0	6	4	612	506	4	1
5431	193	221	256	256	0	0	6	5	612	618	3	1
5432	194	225	256	256	0	0	0	7	420	826	30	1
5433	194	225	256	256	0	0	1	7	420	370	16	1
5434	194	225	256	256	0	0	1	0	420	428	46	1
5435	194	225	256	256	0	0	2	7	420	270	8	1
5436	194	225	256	256	0	0	2	0	420	444	38	1
5437	194	225	256	256	0	0	2	1	420	212	24	1
5438	194	225	256	256	0	0	3	7	420	314	4	1
5439	194	225	256	256	0	0	3	0	420	604	34	1
5440	194	225	256	256	0	0	3	1	420	260	20	1
5441	194	225	256	256	0	0	3	2	420	224	12	1
5442	194	225	256	256	0	0	4	7	420	420	2	1
5443	194	225	256	256	0	0	4	0	420	826	32	1
5444	194	225	256	256	0	0	4	1	420	370	18	1
5445	194	225	256	256	0	0	4	2	420	270	10	1
5446	194	225	256	256	0	0	4	3	420	314	6	1
5447	194	225	256	256	0	0	5	7	420	540	1	1
5448	194	225	256	256	0	0	5	0	420	1062	31	1
5449	194	225	256	256	0	0	5	1	420	494	17	1
5450	194	225	256	256	0	0	5	2	420	330	9	1
5451	194	225	256	256	0	0	5	3	420	342	5	1
5452	194	225	256	256	0	0	5	4	420	426	3	1
5453	194	225	256	256	0	0	6	7	420	540	1	1
5454	194	225	256	256	0	0	6	0	420	1062	31	1
5455	194	225	256	256	0	0	6	1	420	494	17	1
5456	194	225	256	256	0	0	6	2	420	330	9	1
5457	194	225	256	256	0	0	6	3	420	342	5	1
5458	194	225	256	256	0	0	6	4	420	426	3	1
5459	194	225	256	256	0	0	6	5	420	540	2	1
5460	195	228	256	256	0	0	0	7	378	742	27	1
5461	195	228	256	256	0	0	1	7	378	324	14	1
5462	195	228	256	256	0	0	1	0	378	376	41	1
5463	195	228	256	256	0	0	2	7	378	240	7	1
5464	195	228	256	256	0	0	2	0	378	396	34	1
5465	195	228	256	256	0	0	2	1	378	186	21	1
5466	195	228	256	256	0	0	3	7	378	284	4	1
5467	195	228	256	256	0	0	3	0	378	544	31	1
5468	195	228	256	256	0	0	3	1	378	230	18	1
5469	195	228	256	256	0	0	3	2	378	202	11	1
5470	195	228	256	256	0	0	4	7	378	378	2	1
5471	195	228	256	256	0	0	4	0	378	742	29	1
5472	195	228	256	256	0	0	4	1	378	324	16	1
5473	195	228	256	256	0	0	4	2	378	240	9	1
5474	195	228	256	256	0	0	4	3	378	284	6	1
5475	195	228	256	256	0	0	5	7	378	486	1	1
5476	195	228	256	256	0	0	5	0	378	954	28	1
5477	195	228	256	256	0	0	5	1	378	432	15	1
5478	195	228	256	256	0	0	5	2	378	292	8	1
5479	195	228	256	256	0	0	5	3	378	312	5	1
5480	195	228	256	256	0	0	5	4	378	384	3	1
5481	195	228	256	256	0	0	6	7	378	486	1	1
5482	195	228	256	256	0	0	6	0	378	954	28	1
5483	195	228	256	256	0	0	6	1	378	432	15	1
5484	195	228	256	256	0	0	6	2	378	292	8	1
5485	195	228	256	256	0	0	6	3	378	312	5	1
5486	195	228	256	256	0	0	6	4	378	384	3	1
5487	195	228	256	256	0	0	6	5	378	486	2	1
5488	196	232	256	256	0	0	0	7	322	630	23	1
5489	196	232	256	256	0	0	1	7	322	276	12	1
5490	196	232	256	256	0	0	1	0	322	320	35	1
5491	196	232	256	256	0	0	2	7	322	204	6	1
5492	196	232	256	256	0	0	2	0	322	336	29	1
5493	196	232	256	256	0	0	2	1	322	158	18	1
5494	196	232	256	256	0	0	3	7	322	240	3	1
5495	196	232	256	256	0	0	3	0	322	460	26	1
5496	196	232	256	256	0	0	3	1	322	194	15	1
5497	196	232	256	256	0	0	3	2	322	170	9	1
5498	196	232	256	256	0	0	4	7	322	322	2	1
5499	196	232	256	256	0	0	4	0	322	630	25	1
5500	196	232	256	256	0	0	4	1	322	276	14	1
5501	196	232	256	256	0	0	4	2	322	204	8	1
5502	196	232	256	256	0	0	4	3	322	240	5	1
5503	196	232	256	256	0	0	5	7	322	414	1	1
5504	196	232	256	256	0	0	5	0	322	810	24	1
5505	196	232	256	256	0	0	5	1	322	368	13	1
5506	196	232	256	256	0	0	5	2	322	248	7	1
5507	196	232	256	256	0	0	5	3	322	260	4	1
5508	196	232	256	256	0	0	5	4	322	328	3	1
5509	196	232	256	256	0	0	6	7	322	414	1	1
5510	196	232	256	256	0	0	6	0	322	810	24	1
5511	196	232	256	256	0	0	6	1	322	368	13	1
5512	196	232	256	256	0	0	6	2	322	248	7	1
5513	196	232	256	256	0	0	6	3	322	260	4	1
5514	196	232	256	256	0	0	6	4	322	328	3	1
5515	196	232	256	256	0	0	6	5	322	414	2	1
5516	197	235	256	256	0	0	0	7	280	546	20	1
5517	197	235	256	256	0	0	1	7	280	250	11	1
5518	197	235	256	256	0	0	1	0	280	288	31	1
5519	197	235	256	256	0	0	2	7	280	186	6	1
5520	197	235	256	256	0	0	2	0	280	300	26	1
5521	197	235	256	256	0	0	2	1	280	148	17	1
5522	197	235	256	256	0	0	3	7	280	210	3	1
5523	197	235	256	256	0	0	3	0	280	400	23	1
5524	197	235	256	256	0	0	3	1	280	176	14	1
5525	197	235	256	256	0	0	3	2	280	152	9	1
5526	197	235	256	256	0	0	4	7	280	280	2	1
5527	197	235	256	256	0	0	4	0	280	546	22	1
5528	197	235	256	256	0	0	4	1	280	250	13	1
5529	197	235	256	256	0	0	4	2	280	186	8	1
5530	197	235	256	256	0	0	4	3	280	210	5	1
5531	197	235	256	256	0	0	5	7	280	360	1	1
5532	197	235	256	256	0	0	5	0	280	702	21	1
5533	197	235	256	256	0	0	5	1	280	334	12	1
5534	197	235	256	256	0	0	5	2	280	230	7	1
5535	197	235	256	256	0	0	5	3	280	230	4	1
5536	197	235	256	256	0	0	5	4	280	286	3	1
5537	197	235	256	256	0	0	6	7	280	360	1	1
5538	197	235	256	256	0	0	6	0	280	702	21	1
5539	197	235	256	256	0	0	6	1	280	334	12	1
5540	197	235	256	256	0	0	6	2	280	230	7	1
5541	197	235	256	256	0	0	6	3	280	230	4	1
5542	197	235	256	256	0	0	6	4	280	286	3	1
5543	197	235	256	256	0	0	6	5	280	360	2	1
5544	198	239	256	256	0	0	0	7	224	434	16	1
5545	198	239	256	256	0	0	1	7	224	202	9	1
5546	198	239	256	256	0	0	1	0	224	232	25	1
5547	198	239	256	256	0	0	2	7	224	150	5	1
5548	198	239	256	256	0	0	2	0	224	240	21	1
5549	198	239	256	256	0	0	2	1	224	120	14	1
5550	198	239	256	256	0	0	3	7	224	170	3	1
5551	198	239	256	256	0	0	3	0	224	320	19	1
5552	198	239	256	256	0	0	3	1	224	144	12	1
5553	198	239	256	256	0	0	3	2	224	124	8	1
5554	198	239	256	256	0	0	4	7	224	224	2	1
5555	198	239	256	256	0	0	4	0	224	434	18	1
5556	198	239	256	256	0	0	4	1	224	202	11	1
5557	198	239	256	256	0	0	4	2	224	150	7	1
5558	198	239	256	256	0	0	4	3	224	170	5	1
5559	198	239	256	256	0	0	5	7	224	288	1	1
5560	198	239	256	256	0	0	5	0	224	558	17	1
5561	198	239	256	256	0	0	5	1	224	270	10	1
5562	198	239	256	256	0	0	5	2	224	186	6	1
5563	198	239	256	256	0	0	5	3	224	190	4	1
5564	198	239	256	256	0	0	5	4	224	230	3	1
5565	198	239	256	256	0	0	6	7	224	288	1	1
5566	198	239	256	256	0	0	6	0	224	558	17	1
5567	198	239	256	256	0	0	6	1	224	270	10	1
5568	198	239	256	256	0	0	6	2	224	186	6	1
5569	198	239	256	256	0	0	6	3	224	190	4	1
5570	198	239	256	256	0	0	6	4	224	230	3	1
5571	198	239	256	256	0	0	6	5	224	288	2	1
5572	199	242	256	256	0	0	0	7	130	250	13	1
5573	199	242	256	256	0	0	1	7	130	104	7	1
5574	199	242	256	256	0	0	1	0	130	128	20	1
5575	199	242	256	256	0	0	2	7	130	92	4	1
5576	199	242	256	256	0	0	2	0	130	164	17	1
5577	199	242	256	256	0	0	2	1	130	66	11	1
5578	199	242	256	256	0	0	3	7	130	130	2	1
5579	199	242	256	256	0	0	3	0	130	250	15	1
5580	199	242	256	256	0	0	3	1	130	104	9	1
5581	199	242	256	256	0	0	3	2	130	92	6	1
5582	199	242	256	256	0	0	4	7	130	182	1	1
5583	199	242	256	256	0	0	4	0	130	350	14	1
5584	199	242	256	256	0	0	4	1	130	156	8	1
5585	199	242	256	256	0	0	4	2	130	120	5	1
5586	199	242	256	256	0	0	4	3	130	136	3	1
5587	199	242	256	256	0	0	5	7	130	182	1	1
5588	199	242	256	256	0	0	5	0	130	350	14	1
5589	199	242	256	256	0	0	5	1	130	156	8	1
5590	199	242	256	256	0	0	5	2	130	120	5	1
5591	199	242	256	256	0	0	5	3	130	136	3	1
5592	199	242	256	256	0	0	5	4	130	182	2	1
5593	199	242	256	256	0	0	6	7	130	182	1	1
5594	199	242	256	256	0	0	6	0	130	350	14	1
5595	199	242	256	256	0	0	6	1	130	156	8	1
5596	199	242	256	256	0	0	6	2	130	120	5	1
5597	199	242	256	256	0	0	6	3	130	136	3	1
5598	199	242	256	256	0	0	6	4	130	182	2	1
5599	199	242	256	256	0	0	6	5	130	182	2	1
5600	200	246	256	256	0	0	0	7	90	170	9	1
5601	200	246	256	256	0	0	1	7	90	72	5	1
5602	200	246	256	256	0	0	1	0	90	88	14	1
5603	200	246	256	256	0	0	2	7	90	64	3	1
5604	200	246	256	256	0	0	2	0	90	112	12	1
5605	200	246	256	256	0	0	2	1	90	46	8	1
5606	200	246	256	256	0	0	3	7	90	90	2	1
5607	200	246	256	256	0	0	3	0	90	170	11	1
5608	200	246	256	256	0	0	3	1	90	72	7	1
5609	200	246	256	256	0	0	3	2	90	64	5	1
5610	200	246	256	256	0	0	4	7	90	126	1	1
5611	200	246	256	256	0	0	4	0	90	238	10	1
5612	200	246	256	256	0	0	4	1	90	108	6	1
5613	200	246	256	256	0	0	4	2	90	84	4	1
5614	200	246	256	256	0	0	4	3	90	96	3	1
5615	200	246	256	256	0	0	5	7	90	126	1	1
5616	200	246	256	256	0	0	5	0	90	238	10	1
5617	200	246	256	256	0	0	5	1	90	108	6	1
5618	200	246	256	256	0	0	5	2	90	84	4	1
5619	200	246	256	256	0	0	5	3	90	96	3	1
5620	200	246	256	256	0	0	5	4	90	126	2	1
5621	200	246	256	256	0	0	6	7	90	126	1	1
5622	200	246	256	256	0	0	6	0	90	238	10	1
5623	200	246	256	256	0	0	6	1	90	108	6	1
5624	200	246	256	256	0	0	6	2	90	84	4	1
5625	200	246	256	256	0	0	6	3	90	96	3	1
5626	200	246	256	256	0	0	6	4	90	126	2	1
5627	200	246	256	256	0	0	6	5	90	126	2	1
5628	201	249	256	256	0	0	0	7	36	66	6	1
5629	201	249	256	256	0	0	1	7	36	26	4	1
5630	201	249	256	256	0	0	1	0	36	36	10	1
5631	201	249	256	256	0	0	2	7	36	36	2	1
5632	201	249	256	256	0	0	2	0	36	66	8	1
5633	201	249	256	256	0	0	2	1	36	26	6	1
5634	201	249	256	256	0	0	3	7	36	60	1	1
5635	201	249	256	256	0	0	3	0	36	110	7	1
5636	201	249	256	256	0	0	3	1	36	54	5	1
5637	201	249	256	256	0	0	3	2	36	42	3	1
5638	201	249	256	256	0	0	4	7	36	60	1	1
5639	201	249	256	256	0	0	4	0	36	110	7	1
5640	201	249	256	256	0	0	4	1	36	54	5	1
5641	201	249	256	256	0	0	4	2	36	42	3	1
5642	201	249	256	256	0	0	4	3	36	60	2	1
5643	201	249	256	256	0	0	5	7	36	60	1	1
5644	201	249	256	256	0	0	5	0	36	110	7	1
5645	201	249	256	256	0	0	5	1	36	54	5	1
5646	201	249	256	256	0	0	5	2	36	42	3	1
5647	201	249	256	256	0	0	5	3	36	60	2	1
5648	201	249	256	256	0	0	5	4	36	60	2	1
5649	201	249	256	256	0	0	6	7	36	60	1	1
5650	201	249	256	256	0	0	6	0	36	110	7	1
5651	201	249	256	256	0	0	6	1	36	54	5	1
5652	201	249	256	256	0	0	6	2	36	42	3	1
5653	201	249	256	256	0	0	6	3	36	60	2	1
5654	201	249	256	256	0	0	6	4	36	60	2	1
5655	201	249	256	256	0	0	6	5	36	60	2	1
