15554
0 0 5 4 1808 0 0 0
0 0 5 4 1808 0 0 1
0 0 5 4 1808 0 0 2
0 0 5 4 1808 0 0 3
0 0 5 4 1808 0 0 4
0 0 5 4 1808 0 0 5
0 0 5 4 1808 0 0 6
0 0 5 4 1808 0 1 0
0 0 5 4 1808 0 1 1
0 0 5 4 1808 0 1 2
0 0 5 4 1808 0 1 3
0 0 5 4 1808 0 1 4
0 0 5 4 1808 0 1 5
0 0 5 4 1808 0 1 6
0 0 5 4 1808 0 2 0
0 0 5 4 1808 0 2 1
0 0 5 4 1808 0 2 2
0 0 5 4 1808 0 2 3
0 0 5 4 1808 0 2 4
0 0 5 4 1808 0 2 5
0 0 5 4 1808 0 2 6
0 0 5 4 1808 0 3 0
0 0 5 4 1808 0 3 1
0 0 5 4 1808 0 3 2
0 0 5 4 1808 0 3 3
0 0 5 4 1808 0 3 4
0 0 5 4 1808 0 3 5
0 0 5 4 1808 0 3 6
0 0 5 4 1808 0 4 0
0 0 5 4 1808 0 4 1
0 0 5 4 1808 0 4 2
0 0 5 4 1808 0 4 3
0 0 5 4 1808 0 4 4
0 0 5 4 1808 0 4 5
0 0 5 4 1808 0 4 6
0 0 5 4 1808 0 5 0
0 0 5 4 1808 0 5 1
0 0 5 4 1808 0 5 2
0 0 5 4 1808 0 5 3
0 0 5 4 1808 0 5 4
0 0 5 4 1808 0 5 5
0 0 5 4 1808 0 5 6
0 0 5 4 1808 0 6 0
0 0 5 4 1808 0 6 1
0 0 5 4 1808 0 6 2
0 0 5 4 1808 0 6 3
0 0 5 4 1808 0 6 4
0 0 5 4 1808 0 6 5
0 0 5 4 1808 0 6 6
0 0 5 4 1808 0 7 0
0 0 5 4 1808 0 7 1
0 0 5 4 1808 0 7 2
0 0 5 4 1808 0 7 3
0 0 5 4 1808 0 7 4
0 0 5 4 1808 0 7 5
0 0 5 4 1808 0 7 6
0 0 5 4 1808 0 8 0
0 0 5 4 1808 0 8 1
0 0 5 4 1808 0 8 2
0 0 5 4 1808 0 8 3
0 0 5 4 1808 0 8 4
0 0 5 4 1808 0 8 5
0 0 5 4 1808 0 8 6
0 0 5 4 1808 0 9 0
0 0 5 4 1808 0 9 1
0 0 5 4 1808 0 9 2
0 0 5 4 1808 0 9 3
0 0 5 4 1808 0 9 4
0 0 5 4 1808 0 9 5
0 0 5 4 1808 0 9 6
0 0 5 4 1808 0 10 0
0 0 5 4 1808 0 10 1
0 0 5 4 1808 0 10 2
0 0 5 4 1808 0 10 3
0 0 5 4 1808 0 10 4
0 0 5 4 1808 0 10 5
0 0 5 4 1808 0 10 6
1 0 7 6 1808 0 0 0
1 0 7 6 1808 0 0 1
1 0 7 6 1808 0 0 2
1 0 7 6 1808 0 0 3
1 0 7 6 1808 0 0 4
1 0 7 6 1808 0 0 5
1 0 7 6 1808 0 0 6
1 0 7 6 1808 0 1 0
1 0 7 6 1808 0 1 1
1 0 7 6 1808 0 1 2
1 0 7 6 1808 0 1 3
1 0 7 6 1808 0 1 4
1 0 7 6 1808 0 1 5
1 0 7 6 1808 0 1 6
1 0 7 6 1808 0 2 0
1 0 7 6 1808 0 2 1
1 0 7 6 1808 0 2 2
1 0 7 6 1808 0 2 3
1 0 7 6 1808 0 2 4
1 0 7 6 1808 0 2 5
1 0 7 6 1808 0 2 6
1 0 7 6 1808 0 3 0
1 0 7 6 1808 0 3 1
1 0 7 6 1808 0 3 2
1 0 7 6 1808 0 3 3
1 0 7 6 1808 0 3 4
1 0 7 6 1808 0 3 5
1 0 7 6 1808 0 3 6
1 0 7 6 1808 0 4 0
1 0 7 6 1808 0 4 1
1 0 7 6 1808 0 4 2
1 0 7 6 1808 0 4 3
1 0 7 6 1808 0 4 4
1 0 7 6 1808 0 4 5
1 0 7 6 1808 0 4 6
1 0 7 6 1808 0 5 0
1 0 7 6 1808 0 5 1
1 0 7 6 1808 0 5 2
1 0 7 6 1808 0 5 3
1 0 7 6 1808 0 5 4
1 0 7 6 1808 0 5 5
1 0 7 6 1808 0 5 6
1 0 7 6 1808 0 6 0
1 0 7 6 1808 0 6 1
1 0 7 6 1808 0 6 2
1 0 7 6 1808 0 6 3
1 0 7 6 1808 0 6 4
1 0 7 6 1808 0 6 5
1 0 7 6 1808 0 6 6
1 0 7 6 1808 0 7 0
1 0 7 6 1808 0 7 1
1 0 7 6 1808 0 7 2
1 0 7 6 1808 0 7 3
1 0 7 6 1808 0 7 4
1 0 7 6 1808 0 7 5
1 0 7 6 1808 0 7 6
1 0 7 6 1808 0 8 0
1 0 7 6 1808 0 8 1
1 0 7 6 1808 0 8 2
1 0 7 6 1808 0 8 3
1 0 7 6 1808 0 8 4
1 0 7 6 1808 0 8 5
1 0 7 6 1808 0 8 6
1 0 7 6 1808 0 9 0
1 0 7 6 1808 0 9 1
1 0 7 6 1808 0 9 2
1 0 7 6 1808 0 9 3
1 0 7 6 1808 0 9 4
1 0 7 6 1808 0 9 5
1 0 7 6 1808 0 9 6
1 0 7 6 1808 0 10 0
1 0 7 6 1808 0 10 1
1 0 7 6 1808 0 10 2
1 0 7 6 1808 0 10 3
1 0 7 6 1808 0 10 4
1 0 7 6 1808 0 10 5
1 0 7 6 1808 0 10 6
2 0 9 8 1552 0 0 0
2 0 9 8 1552 0 0 1
2 0 9 8 1552 0 0 2
2 0 9 8 1552 0 0 3
2 0 9 8 1552 0 0 4
2 0 9 8 1552 0 0 5
2 0 9 8 1552 0 0 6
2 0 9 8 1552 0 1 0
2 0 9 8 1552 0 1 1
2 0 9 8 1552 0 1 2
2 0 9 8 1552 0 1 3
2 0 9 8 1552 0 1 4
2 0 9 8 1552 0 1 5
2 0 9 8 1552 0 1 6
2 0 9 8 1552 0 2 0
2 0 9 8 1552 0 2 1
2 0 9 8 1552 0 2 2
2 0 9 8 1552 0 2 3
2 0 9 8 1552 0 2 4
2 0 9 8 1552 0 2 5
2 0 9 8 1552 0 2 6
2 0 9 8 1552 0 3 0
2 0 9 8 1552 0 3 1
2 0 9 8 1552 0 3 2
2 0 9 8 1552 0 3 3
2 0 9 8 1552 0 3 4
2 0 9 8 1552 0 3 5
2 0 9 8 1552 0 3 6
2 0 9 8 1552 0 4 0
2 0 9 8 1552 0 4 1
2 0 9 8 1552 0 4 2
2 0 9 8 1552 0 4 3
2 0 9 8 1552 0 4 4
2 0 9 8 1552 0 4 5
2 0 9 8 1552 0 4 6
2 0 9 8 1552 0 5 0
2 0 9 8 1552 0 5 1
2 0 9 8 1552 0 5 2
2 0 9 8 1552 0 5 3
2 0 9 8 1552 0 5 4
2 0 9 8 1552 0 5 5
2 0 9 8 1552 0 5 6
2 0 9 8 1552 0 6 0
2 0 9 8 1552 0 6 1
2 0 9 8 1552 0 6 2
2 0 9 8 1552 0 6 3
2 0 9 8 1552 0 6 4
2 0 9 8 1552 0 6 5
2 0 9 8 1552 0 6 6
2 0 9 8 1552 0 7 0
2 0 9 8 1552 0 7 1
2 0 9 8 1552 0 7 2
2 0 9 8 1552 0 7 3
2 0 9 8 1552 0 7 4
2 0 9 8 1552 0 7 5
2 0 9 8 1552 0 7 6
2 0 9 8 1552 0 8 0
2 0 9 8 1552 0 8 1
2 0 9 8 1552 0 8 2
2 0 9 8 1552 0 8 3
2 0 9 8 1552 0 8 4
2 0 9 8 1552 0 8 5
2 0 9 8 1552 0 8 6
2 0 9 8 1552 0 9 0
2 0 9 8 1552 0 9 1
2 0 9 8 1552 0 9 2
2 0 9 8 1552 0 9 3
2 0 9 8 1552 0 9 4
2 0 9 8 1552 0 9 5
2 0 9 8 1552 0 9 6
2 0 9 8 1552 0 10 0
2 0 9 8 1552 0 10 1
2 0 9 8 1552 0 10 2
2 0 9 8 1552 0 10 3
2 0 9 8 1552 0 10 4
2 0 9 8 1552 0 10 5
2 0 9 8 1552 0 10 6
3 0 11 10 1552 0 0 0
3 0 11 10 1552 0 0 1
3 0 11 10 1552 0 0 2
3 0 11 10 1552 0 0 3
3 0 11 10 1552 0 0 4
3 0 11 10 1552 0 0 5
3 0 11 10 1552 0 0 6
3 0 11 10 1552 0 1 0
3 0 11 10 1552 0 1 1
3 0 11 10 1552 0 1 2
3 0 11 10 1552 0 1 3
3 0 11 10 1552 0 1 4
3 0 11 10 1552 0 1 5
3 0 11 10 1552 0 1 6
3 0 11 10 1552 0 2 0
3 0 11 10 1552 0 2 1
3 0 11 10 1552 0 2 2
3 0 11 10 1552 0 2 3
3 0 11 10 1552 0 2 4
3 0 11 10 1552 0 2 5
3 0 11 10 1552 0 2 6
3 0 11 10 1552 0 3 0
3 0 11 10 1552 0 3 1
3 0 11 10 1552 0 3 2
3 0 11 10 1552 0 3 3
3 0 11 10 1552 0 3 4
3 0 11 10 1552 0 3 5
3 0 11 10 1552 0 3 6
3 0 11 10 1552 0 4 0
3 0 11 10 1552 0 4 1
3 0 11 10 1552 0 4 2
3 0 11 10 1552 0 4 3
3 0 11 10 1552 0 4 4
3 0 11 10 1552 0 4 5
3 0 11 10 1552 0 4 6
3 0 11 10 1552 0 5 0
3 0 11 10 1552 0 5 1
3 0 11 10 1552 0 5 2
3 0 11 10 1552 0 5 3
3 0 11 10 1552 0 5 4
3 0 11 10 1552 0 5 5
3 0 11 10 1552 0 5 6
3 0 11 10 1552 0 6 0
3 0 11 10 1552 0 6 1
3 0 11 10 1552 0 6 2
3 0 11 10 1552 0 6 3
3 0 11 10 1552 0 6 4
3 0 11 10 1552 0 6 5
3 0 11 10 1552 0 6 6
3 0 11 10 1552 0 7 0
3 0 11 10 1552 0 7 1
3 0 11 10 1552 0 7 2
3 0 11 10 1552 0 7 3
3 0 11 10 1552 0 7 4
3 0 11 10 1552 0 7 5
3 0 11 10 1552 0 7 6
3 0 11 10 1552 0 8 0
3 0 11 10 1552 0 8 1
3 0 11 10 1552 0 8 2
3 0 11 10 1552 0 8 3
3 0 11 10 1552 0 8 4
3 0 11 10 1552 0 8 5
3 0 11 10 1552 0 8 6
3 0 11 10 1552 0 9 0
3 0 11 10 1552 0 9 1
3 0 11 10 1552 0 9 2
3 0 11 10 1552 0 9 3
3 0 11 10 1552 0 9 4
3 0 11 10 1552 0 9 5
3 0 11 10 1552 0 9 6
3 0 11 10 1552 0 10 0
3 0 11 10 1552 0 10 1
3 0 11 10 1552 0 10 2
3 0 11 10 1552 0 10 3
3 0 11 10 1552 0 10 4
3 0 11 10 1552 0 10 5
3 0 11 10 1552 0 10 6
4 0 13 12 1552 0 0 0
4 0 13 12 1552 0 0 1
4 0 13 12 1552 0 0 2
4 0 13 12 1552 0 0 3
4 0 13 12 1552 0 0 4
4 0 13 12 1552 0 0 5
4 0 13 12 1552 0 0 6
4 0 13 12 1552 0 1 0
4 0 13 12 1552 0 1 1
4 0 13 12 1552 0 1 2
4 0 13 12 1552 0 1 3
4 0 13 12 1552 0 1 4
4 0 13 12 1552 0 1 5
4 0 13 12 1552 0 1 6
4 0 13 12 1552 0 2 0
4 0 13 12 1552 0 2 1
4 0 13 12 1552 0 2 2
4 0 13 12 1552 0 2 3
4 0 13 12 1552 0 2 4
4 0 13 12 1552 0 2 5
4 0 13 12 1552 0 2 6
4 0 13 12 1552 0 3 0
4 0 13 12 1552 0 3 1
4 0 13 12 1552 0 3 2
4 0 13 12 1552 0 3 3
4 0 13 12 1552 0 3 4
4 0 13 12 1552 0 3 5
4 0 13 12 1552 0 3 6
4 0 13 12 1552 0 4 0
4 0 13 12 1552 0 4 1
4 0 13 12 1552 0 4 2
4 0 13 12 1552 0 4 3
4 0 13 12 1552 0 4 4
4 0 13 12 1552 0 4 5
4 0 13 12 1552 0 4 6
4 0 13 12 1552 0 5 0
4 0 13 12 1552 0 5 1
4 0 13 12 1552 0 5 2
4 0 13 12 1552 0 5 3
4 0 13 12 1552 0 5 4
4 0 13 12 1552 0 5 5
4 0 13 12 1552 0 5 6
4 0 13 12 1552 0 6 0
4 0 13 12 1552 0 6 1
4 0 13 12 1552 0 6 2
4 0 13 12 1552 0 6 3
4 0 13 12 1552 0 6 4
4 0 13 12 1552 0 6 5
4 0 13 12 1552 0 6 6
4 0 13 12 1552 0 7 0
4 0 13 12 1552 0 7 1
4 0 13 12 1552 0 7 2
4 0 13 12 1552 0 7 3
4 0 13 12 1552 0 7 4
4 0 13 12 1552 0 7 5
4 0 13 12 1552 0 7 6
4 0 13 12 1552 0 8 0
4 0 13 12 1552 0 8 1
4 0 13 12 1552 0 8 2
4 0 13 12 1552 0 8 3
4 0 13 12 1552 0 8 4
4 0 13 12 1552 0 8 5
4 0 13 12 1552 0 8 6
4 0 13 12 1552 0 9 0
4 0 13 12 1552 0 9 1
4 0 13 12 1552 0 9 2
4 0 13 12 1552 0 9 3
4 0 13 12 1552 0 9 4
4 0 13 12 1552 0 9 5
4 0 13 12 1552 0 9 6
4 0 13 12 1552 0 10 0
4 0 13 12 1552 0 10 1
4 0 13 12 1552 0 10 2
4 0 13 12 1552 0 10 3
4 0 13 12 1552 0 10 4
4 0 13 12 1552 0 10 5
4 0 13 12 1552 0 10 6
5 0 15 14 1552 0 0 0
5 0 15 14 1552 0 0 1
5 0 15 14 1552 0 0 2
5 0 15 14 1552 0 0 3
5 0 15 14 1552 0 0 4
5 0 15 14 1552 0 0 5
5 0 15 14 1552 0 0 6
5 0 15 14 1552 0 1 0
5 0 15 14 1552 0 1 1
5 0 15 14 1552 0 1 2
5 0 15 14 1552 0 1 3
5 0 15 14 1552 0 1 4
5 0 15 14 1552 0 1 5
5 0 15 14 1552 0 1 6
5 0 15 14 1552 0 2 0
5 0 15 14 1552 0 2 1
5 0 15 14 1552 0 2 2
5 0 15 14 1552 0 2 3
5 0 15 14 1552 0 2 4
5 0 15 14 1552 0 2 5
5 0 15 14 1552 0 2 6
5 0 15 14 1552 0 3 0
5 0 15 14 1552 0 3 1
5 0 15 14 1552 0 3 2
5 0 15 14 1552 0 3 3
5 0 15 14 1552 0 3 4
5 0 15 14 1552 0 3 5
5 0 15 14 1552 0 3 6
5 0 15 14 1552 0 4 0
5 0 15 14 1552 0 4 1
5 0 15 14 1552 0 4 2
5 0 15 14 1552 0 4 3
5 0 15 14 1552 0 4 4
5 0 15 14 1552 0 4 5
5 0 15 14 1552 0 4 6
5 0 15 14 1552 0 5 0
5 0 15 14 1552 0 5 1
5 0 15 14 1552 0 5 2
5 0 15 14 1552 0 5 3
5 0 15 14 1552 0 5 4
5 0 15 14 1552 0 5 5
5 0 15 14 1552 0 5 6
5 0 15 14 1552 0 6 0
5 0 15 14 1552 0 6 1
5 0 15 14 1552 0 6 2
5 0 15 14 1552 0 6 3
5 0 15 14 1552 0 6 4
5 0 15 14 1552 0 6 5
5 0 15 14 1552 0 6 6
5 0 15 14 1552 0 7 0
5 0 15 14 1552 0 7 1
5 0 15 14 1552 0 7 2
5 0 15 14 1552 0 7 3
5 0 15 14 1552 0 7 4
5 0 15 14 1552 0 7 5
5 0 15 14 1552 0 7 6
5 0 15 14 1552 0 8 0
5 0 15 14 1552 0 8 1
5 0 15 14 1552 0 8 2
5 0 15 14 1552 0 8 3
5 0 15 14 1552 0 8 4
5 0 15 14 1552 0 8 5
5 0 15 14 1552 0 8 6
5 0 15 14 1552 0 9 0
5 0 15 14 1552 0 9 1
5 0 15 14 1552 0 9 2
5 0 15 14 1552 0 9 3
5 0 15 14 1552 0 9 4
5 0 15 14 1552 0 9 5
5 0 15 14 1552 0 9 6
5 0 15 14 1552 0 10 0
5 0 15 14 1552 0 10 1
5 0 15 14 1552 0 10 2
5 0 15 14 1552 0 10 3
5 0 15 14 1552 0 10 4
5 0 15 14 1552 0 10 5
5 0 15 14 1552 0 10 6
6 0 17 16 1040 0 0 0
6 0 17 16 1040 0 0 1
6 0 17 16 1040 0 0 2
6 0 17 16 1040 0 0 3
6 0 17 16 1040 0 0 4
6 0 17 16 1040 0 0 5
6 0 17 16 1040 0 0 6
6 0 17 16 1040 0 1 0
6 0 17 16 1040 0 1 1
6 0 17 16 1040 0 1 2
6 0 17 16 1040 0 1 3
6 0 17 16 1040 0 1 4
6 0 17 16 1040 0 1 5
6 0 17 16 1040 0 1 6
6 0 17 16 1040 0 2 0
6 0 17 16 1040 0 2 1
6 0 17 16 1040 0 2 2
6 0 17 16 1040 0 2 3
6 0 17 16 1040 0 2 4
6 0 17 16 1040 0 2 5
6 0 17 16 1040 0 2 6
6 0 17 16 1040 0 3 0
6 0 17 16 1040 0 3 1
6 0 17 16 1040 0 3 2
6 0 17 16 1040 0 3 3
6 0 17 16 1040 0 3 4
6 0 17 16 1040 0 3 5
6 0 17 16 1040 0 3 6
6 0 17 16 1040 0 4 0
6 0 17 16 1040 0 4 1
6 0 17 16 1040 0 4 2
6 0 17 16 1040 0 4 3
6 0 17 16 1040 0 4 4
6 0 17 16 1040 0 4 5
6 0 17 16 1040 0 4 6
6 0 17 16 1040 0 5 0
6 0 17 16 1040 0 5 1
6 0 17 16 1040 0 5 2
6 0 17 16 1040 0 5 3
6 0 17 16 1040 0 5 4
6 0 17 16 1040 0 5 5
6 0 17 16 1040 0 5 6
6 0 17 16 1040 0 6 0
6 0 17 16 1040 0 6 1
6 0 17 16 1040 0 6 2
6 0 17 16 1040 0 6 3
6 0 17 16 1040 0 6 4
6 0 17 16 1040 0 6 5
6 0 17 16 1040 0 6 6
6 0 17 16 1040 0 7 0
6 0 17 16 1040 0 7 1
6 0 17 16 1040 0 7 2
6 0 17 16 1040 0 7 3
6 0 17 16 1040 0 7 4
6 0 17 16 1040 0 7 5
6 0 17 16 1040 0 7 6
6 0 17 16 1040 0 8 0
6 0 17 16 1040 0 8 1
6 0 17 16 1040 0 8 2
6 0 17 16 1040 0 8 3
6 0 17 16 1040 0 8 4
6 0 17 16 1040 0 8 5
6 0 17 16 1040 0 8 6
6 0 17 16 1040 0 9 0
6 0 17 16 1040 0 9 1
6 0 17 16 1040 0 9 2
6 0 17 16 1040 0 9 3
6 0 17 16 1040 0 9 4
6 0 17 16 1040 0 9 5
6 0 17 16 1040 0 9 6
6 0 17 16 1040 0 10 0
6 0 17 16 1040 0 10 1
6 0 17 16 1040 0 10 2
6 0 17 16 1040 0 10 3
6 0 17 16 1040 0 10 4
6 0 17 16 1040 0 10 5
6 0 17 16 1040 0 10 6
7 0 19 18 1040 0 0 0
7 0 19 18 1040 0 0 1
7 0 19 18 1040 0 0 2
7 0 19 18 1040 0 0 3
7 0 19 18 1040 0 0 4
7 0 19 18 1040 0 0 5
7 0 19 18 1040 0 0 6
7 0 19 18 1040 0 1 0
7 0 19 18 1040 0 1 1
7 0 19 18 1040 0 1 2
7 0 19 18 1040 0 1 3
7 0 19 18 1040 0 1 4
7 0 19 18 1040 0 1 5
7 0 19 18 1040 0 1 6
7 0 19 18 1040 0 2 0
7 0 19 18 1040 0 2 1
7 0 19 18 1040 0 2 2
7 0 19 18 1040 0 2 3
7 0 19 18 1040 0 2 4
7 0 19 18 1040 0 2 5
7 0 19 18 1040 0 2 6
7 0 19 18 1040 0 3 0
7 0 19 18 1040 0 3 1
7 0 19 18 1040 0 3 2
7 0 19 18 1040 0 3 3
7 0 19 18 1040 0 3 4
7 0 19 18 1040 0 3 5
7 0 19 18 1040 0 3 6
7 0 19 18 1040 0 4 0
7 0 19 18 1040 0 4 1
7 0 19 18 1040 0 4 2
7 0 19 18 1040 0 4 3
7 0 19 18 1040 0 4 4
7 0 19 18 1040 0 4 5
7 0 19 18 1040 0 4 6
7 0 19 18 1040 0 5 0
7 0 19 18 1040 0 5 1
7 0 19 18 1040 0 5 2
7 0 19 18 1040 0 5 3
7 0 19 18 1040 0 5 4
7 0 19 18 1040 0 5 5
7 0 19 18 1040 0 5 6
7 0 19 18 1040 0 6 0
7 0 19 18 1040 0 6 1
7 0 19 18 1040 0 6 2
7 0 19 18 1040 0 6 3
7 0 19 18 1040 0 6 4
7 0 19 18 1040 0 6 5
7 0 19 18 1040 0 6 6
7 0 19 18 1040 0 7 0
7 0 19 18 1040 0 7 1
7 0 19 18 1040 0 7 2
7 0 19 18 1040 0 7 3
7 0 19 18 1040 0 7 4
7 0 19 18 1040 0 7 5
7 0 19 18 1040 0 7 6
7 0 19 18 1040 0 8 0
7 0 19 18 1040 0 8 1
7 0 19 18 1040 0 8 2
7 0 19 18 1040 0 8 3
7 0 19 18 1040 0 8 4
7 0 19 18 1040 0 8 5
7 0 19 18 1040 0 8 6
7 0 19 18 1040 0 9 0
7 0 19 18 1040 0 9 1
7 0 19 18 1040 0 9 2
7 0 19 18 1040 0 9 3
7 0 19 18 1040 0 9 4
7 0 19 18 1040 0 9 5
7 0 19 18 1040 0 9 6
7 0 19 18 1040 0 10 0
7 0 19 18 1040 0 10 1
7 0 19 18 1040 0 10 2
7 0 19 18 1040 0 10 3
7 0 19 18 1040 0 10 4
7 0 19 18 1040 0 10 5
7 0 19 18 1040 0 10 6
8 0 21 20 1040 0 0 0
8 0 21 20 1040 0 0 1
8 0 21 20 1040 0 0 2
8 0 21 20 1040 0 0 3
8 0 21 20 1040 0 0 4
8 0 21 20 1040 0 0 5
8 0 21 20 1040 0 0 6
8 0 21 20 1040 0 1 0
8 0 21 20 1040 0 1 1
8 0 21 20 1040 0 1 2
8 0 21 20 1040 0 1 3
8 0 21 20 1040 0 1 4
8 0 21 20 1040 0 1 5
8 0 21 20 1040 0 1 6
8 0 21 20 1040 0 2 0
8 0 21 20 1040 0 2 1
8 0 21 20 1040 0 2 2
8 0 21 20 1040 0 2 3
8 0 21 20 1040 0 2 4
8 0 21 20 1040 0 2 5
8 0 21 20 1040 0 2 6
8 0 21 20 1040 0 3 0
8 0 21 20 1040 0 3 1
8 0 21 20 1040 0 3 2
8 0 21 20 1040 0 3 3
8 0 21 20 1040 0 3 4
8 0 21 20 1040 0 3 5
8 0 21 20 1040 0 3 6
8 0 21 20 1040 0 4 0
8 0 21 20 1040 0 4 1
8 0 21 20 1040 0 4 2
8 0 21 20 1040 0 4 3
8 0 21 20 1040 0 4 4
8 0 21 20 1040 0 4 5
8 0 21 20 1040 0 4 6
8 0 21 20 1040 0 5 0
8 0 21 20 1040 0 5 1
8 0 21 20 1040 0 5 2
8 0 21 20 1040 0 5 3
8 0 21 20 1040 0 5 4
8 0 21 20 1040 0 5 5
8 0 21 20 1040 0 5 6
8 0 21 20 1040 0 6 0
8 0 21 20 1040 0 6 1
8 0 21 20 1040 0 6 2
8 0 21 20 1040 0 6 3
8 0 21 20 1040 0 6 4
8 0 21 20 1040 0 6 5
8 0 21 20 1040 0 6 6
8 0 21 20 1040 0 7 0
8 0 21 20 1040 0 7 1
8 0 21 20 1040 0 7 2
8 0 21 20 1040 0 7 3
8 0 21 20 1040 0 7 4
8 0 21 20 1040 0 7 5
8 0 21 20 1040 0 7 6
8 0 21 20 1040 0 8 0
8 0 21 20 1040 0 8 1
8 0 21 20 1040 0 8 2
8 0 21 20 1040 0 8 3
8 0 21 20 1040 0 8 4
8 0 21 20 1040 0 8 5
8 0 21 20 1040 0 8 6
8 0 21 20 1040 0 9 0
8 0 21 20 1040 0 9 1
8 0 21 20 1040 0 9 2
8 0 21 20 1040 0 9 3
8 0 21 20 1040 0 9 4
8 0 21 20 1040 0 9 5
8 0 21 20 1040 0 9 6
8 0 21 20 1040 0 10 0
8 0 21 20 1040 0 10 1
8 0 21 20 1040 0 10 2
8 0 21 20 1040 0 10 3
8 0 21 20 1040 0 10 4
8 0 21 20 1040 0 10 5
8 0 21 20 1040 0 10 6
9 0 23 22 1040 0 0 0
9 0 23 22 1040 0 0 1
9 0 23 22 1040 0 0 2
9 0 23 22 1040 0 0 3
9 0 23 22 1040 0 0 4
9 0 23 22 1040 0 0 5
9 0 23 22 1040 0 0 6
9 0 23 22 1040 0 1 0
9 0 23 22 1040 0 1 1
9 0 23 22 1040 0 1 2
9 0 23 22 1040 0 1 3
9 0 23 22 1040 0 1 4
9 0 23 22 1040 0 1 5
9 0 23 22 1040 0 1 6
9 0 23 22 1040 0 2 0
9 0 23 22 1040 0 2 1
9 0 23 22 1040 0 2 2
9 0 23 22 1040 0 2 3
9 0 23 22 1040 0 2 4
9 0 23 22 1040 0 2 5
9 0 23 22 1040 0 2 6
9 0 23 22 1040 0 3 0
9 0 23 22 1040 0 3 1
9 0 23 22 1040 0 3 2
9 0 23 22 1040 0 3 3
9 0 23 22 1040 0 3 4
9 0 23 22 1040 0 3 5
9 0 23 22 1040 0 3 6
9 0 23 22 1040 0 4 0
9 0 23 22 1040 0 4 1
9 0 23 22 1040 0 4 2
9 0 23 22 1040 0 4 3
9 0 23 22 1040 0 4 4
9 0 23 22 1040 0 4 5
9 0 23 22 1040 0 4 6
9 0 23 22 1040 0 5 0
9 0 23 22 1040 0 5 1
9 0 23 22 1040 0 5 2
9 0 23 22 1040 0 5 3
9 0 23 22 1040 0 5 4
9 0 23 22 1040 0 5 5
9 0 23 22 1040 0 5 6
9 0 23 22 1040 0 6 0
9 0 23 22 1040 0 6 1
9 0 23 22 1040 0 6 2
9 0 23 22 1040 0 6 3
9 0 23 22 1040 0 6 4
9 0 23 22 1040 0 6 5
9 0 23 22 1040 0 6 6
9 0 23 22 1040 0 7 0
9 0 23 22 1040 0 7 1
9 0 23 22 1040 0 7 2
9 0 23 22 1040 0 7 3
9 0 23 22 1040 0 7 4
9 0 23 22 1040 0 7 5
9 0 23 22 1040 0 7 6
9 0 23 22 1040 0 8 0
9 0 23 22 1040 0 8 1
9 0 23 22 1040 0 8 2
9 0 23 22 1040 0 8 3
9 0 23 22 1040 0 8 4
9 0 23 22 1040 0 8 5
9 0 23 22 1040 0 8 6
9 0 23 22 1040 0 9 0
9 0 23 22 1040 0 9 1
9 0 23 22 1040 0 9 2
9 0 23 22 1040 0 9 3
9 0 23 22 1040 0 9 4
9 0 23 22 1040 0 9 5
9 0 23 22 1040 0 9 6
9 0 23 22 1040 0 10 0
9 0 23 22 1040 0 10 1
9 0 23 22 1040 0 10 2
9 0 23 22 1040 0 10 3
9 0 23 22 1040 0 10 4
9 0 23 22 1040 0 10 5
9 0 23 22 1040 0 10 6
10 0 25 24 1040 0 0 0
10 0 25 24 1040 0 0 1
10 0 25 24 1040 0 0 2
10 0 25 24 1040 0 0 3
10 0 25 24 1040 0 0 4
10 0 25 24 1040 0 0 5
10 0 25 24 1040 0 0 6
10 0 25 24 1040 0 1 0
10 0 25 24 1040 0 1 1
10 0 25 24 1040 0 1 2
10 0 25 24 1040 0 1 3
10 0 25 24 1040 0 1 4
10 0 25 24 1040 0 1 5
10 0 25 24 1040 0 1 6
10 0 25 24 1040 0 2 0
10 0 25 24 1040 0 2 1
10 0 25 24 1040 0 2 2
10 0 25 24 1040 0 2 3
10 0 25 24 1040 0 2 4
10 0 25 24 1040 0 2 5
10 0 25 24 1040 0 2 6
10 0 25 24 1040 0 3 0
10 0 25 24 1040 0 3 1
10 0 25 24 1040 0 3 2
10 0 25 24 1040 0 3 3
10 0 25 24 1040 0 3 4
10 0 25 24 1040 0 3 5
10 0 25 24 1040 0 3 6
10 0 25 24 1040 0 4 0
10 0 25 24 1040 0 4 1
10 0 25 24 1040 0 4 2
10 0 25 24 1040 0 4 3
10 0 25 24 1040 0 4 4
10 0 25 24 1040 0 4 5
10 0 25 24 1040 0 4 6
10 0 25 24 1040 0 5 0
10 0 25 24 1040 0 5 1
10 0 25 24 1040 0 5 2
10 0 25 24 1040 0 5 3
10 0 25 24 1040 0 5 4
10 0 25 24 1040 0 5 5
10 0 25 24 1040 0 5 6
10 0 25 24 1040 0 6 0
10 0 25 24 1040 0 6 1
10 0 25 24 1040 0 6 2
10 0 25 24 1040 0 6 3
10 0 25 24 1040 0 6 4
10 0 25 24 1040 0 6 5
10 0 25 24 1040 0 6 6
10 0 25 24 1040 0 7 0
10 0 25 24 1040 0 7 1
10 0 25 24 1040 0 7 2
10 0 25 24 1040 0 7 3
10 0 25 24 1040 0 7 4
10 0 25 24 1040 0 7 5
10 0 25 24 1040 0 7 6
10 0 25 24 1040 0 8 0
10 0 25 24 1040 0 8 1
10 0 25 24 1040 0 8 2
10 0 25 24 1040 0 8 3
10 0 25 24 1040 0 8 4
10 0 25 24 1040 0 8 5
10 0 25 24 1040 0 8 6
10 0 25 24 1040 0 9 0
10 0 25 24 1040 0 9 1
10 0 25 24 1040 0 9 2
10 0 25 24 1040 0 9 3
10 0 25 24 1040 0 9 4
10 0 25 24 1040 0 9 5
10 0 25 24 1040 0 9 6
10 0 25 24 1040 0 10 0
10 0 25 24 1040 0 10 1
10 0 25 24 1040 0 10 2
10 0 25 24 1040 0 10 3
10 0 25 24 1040 0 10 4
10 0 25 24 1040 0 10 5
10 0 25 24 1040 0 10 6
11 0 27 26 1040 0 0 0
11 0 27 26 1040 0 0 1
11 0 27 26 1040 0 0 2
11 0 27 26 1040 0 0 3
11 0 27 26 1040 0 0 4
11 0 27 26 1040 0 0 5
11 0 27 26 1040 0 0 6
11 0 27 26 1040 0 1 0
11 0 27 26 1040 0 1 1
11 0 27 26 1040 0 1 2
11 0 27 26 1040 0 1 3
11 0 27 26 1040 0 1 4
11 0 27 26 1040 0 1 5
11 0 27 26 1040 0 1 6
11 0 27 26 1040 0 2 0
11 0 27 26 1040 0 2 1
11 0 27 26 1040 0 2 2
11 0 27 26 1040 0 2 3
11 0 27 26 1040 0 2 4
11 0 27 26 1040 0 2 5
11 0 27 26 1040 0 2 6
11 0 27 26 1040 0 3 0
11 0 27 26 1040 0 3 1
11 0 27 26 1040 0 3 2
11 0 27 26 1040 0 3 3
11 0 27 26 1040 0 3 4
11 0 27 26 1040 0 3 5
11 0 27 26 1040 0 3 6
11 0 27 26 1040 0 4 0
11 0 27 26 1040 0 4 1
11 0 27 26 1040 0 4 2
11 0 27 26 1040 0 4 3
11 0 27 26 1040 0 4 4
11 0 27 26 1040 0 4 5
11 0 27 26 1040 0 4 6
11 0 27 26 1040 0 5 0
11 0 27 26 1040 0 5 1
11 0 27 26 1040 0 5 2
11 0 27 26 1040 0 5 3
11 0 27 26 1040 0 5 4
11 0 27 26 1040 0 5 5
11 0 27 26 1040 0 5 6
11 0 27 26 1040 0 6 0
11 0 27 26 1040 0 6 1
11 0 27 26 1040 0 6 2
11 0 27 26 1040 0 6 3
11 0 27 26 1040 0 6 4
11 0 27 26 1040 0 6 5
11 0 27 26 1040 0 6 6
11 0 27 26 1040 0 7 0
11 0 27 26 1040 0 7 1
11 0 27 26 1040 0 7 2
11 0 27 26 1040 0 7 3
11 0 27 26 1040 0 7 4
11 0 27 26 1040 0 7 5
11 0 27 26 1040 0 7 6
11 0 27 26 1040 0 8 0
11 0 27 26 1040 0 8 1
11 0 27 26 1040 0 8 2
11 0 27 26 1040 0 8 3
11 0 27 26 1040 0 8 4
11 0 27 26 1040 0 8 5
11 0 27 26 1040 0 8 6
11 0 27 26 1040 0 9 0
11 0 27 26 1040 0 9 1
11 0 27 26 1040 0 9 2
11 0 27 26 1040 0 9 3
11 0 27 26 1040 0 9 4
11 0 27 26 1040 0 9 5
11 0 27 26 1040 0 9 6
11 0 27 26 1040 0 10 0
11 0 27 26 1040 0 10 1
11 0 27 26 1040 0 10 2
11 0 27 26 1040 0 10 3
11 0 27 26 1040 0 10 4
11 0 27 26 1040 0 10 5
11 0 27 26 1040 0 10 6
12 0 29 28 1040 0 0 0
12 0 29 28 1040 0 0 1
12 0 29 28 1040 0 0 2
12 0 29 28 1040 0 0 3
12 0 29 28 1040 0 0 4
12 0 29 28 1040 0 0 5
12 0 29 28 1040 0 0 6
12 0 29 28 1040 0 1 0
12 0 29 28 1040 0 1 1
12 0 29 28 1040 0 1 2
12 0 29 28 1040 0 1 3
12 0 29 28 1040 0 1 4
12 0 29 28 1040 0 1 5
12 0 29 28 1040 0 1 6
12 0 29 28 1040 0 2 0
12 0 29 28 1040 0 2 1
12 0 29 28 1040 0 2 2
12 0 29 28 1040 0 2 3
12 0 29 28 1040 0 2 4
12 0 29 28 1040 0 2 5
12 0 29 28 1040 0 2 6
12 0 29 28 1040 0 3 0
12 0 29 28 1040 0 3 1
12 0 29 28 1040 0 3 2
12 0 29 28 1040 0 3 3
12 0 29 28 1040 0 3 4
12 0 29 28 1040 0 3 5
12 0 29 28 1040 0 3 6
12 0 29 28 1040 0 4 0
12 0 29 28 1040 0 4 1
12 0 29 28 1040 0 4 2
12 0 29 28 1040 0 4 3
12 0 29 28 1040 0 4 4
12 0 29 28 1040 0 4 5
12 0 29 28 1040 0 4 6
12 0 29 28 1040 0 5 0
12 0 29 28 1040 0 5 1
12 0 29 28 1040 0 5 2
12 0 29 28 1040 0 5 3
12 0 29 28 1040 0 5 4
12 0 29 28 1040 0 5 5
12 0 29 28 1040 0 5 6
12 0 29 28 1040 0 6 0
12 0 29 28 1040 0 6 1
12 0 29 28 1040 0 6 2
12 0 29 28 1040 0 6 3
12 0 29 28 1040 0 6 4
12 0 29 28 1040 0 6 5
12 0 29 28 1040 0 6 6
12 0 29 28 1040 0 7 0
12 0 29 28 1040 0 7 1
12 0 29 28 1040 0 7 2
12 0 29 28 1040 0 7 3
12 0 29 28 1040 0 7 4
12 0 29 28 1040 0 7 5
12 0 29 28 1040 0 7 6
12 0 29 28 1040 0 8 0
12 0 29 28 1040 0 8 1
12 0 29 28 1040 0 8 2
12 0 29 28 1040 0 8 3
12 0 29 28 1040 0 8 4
12 0 29 28 1040 0 8 5
12 0 29 28 1040 0 8 6
12 0 29 28 1040 0 9 0
12 0 29 28 1040 0 9 1
12 0 29 28 1040 0 9 2
12 0 29 28 1040 0 9 3
12 0 29 28 1040 0 9 4
12 0 29 28 1040 0 9 5
12 0 29 28 1040 0 9 6
12 0 29 28 1040 0 10 0
12 0 29 28 1040 0 10 1
12 0 29 28 1040 0 10 2
12 0 29 28 1040 0 10 3
12 0 29 28 1040 0 10 4
12 0 29 28 1040 0 10 5
12 0 29 28 1040 0 10 6
13 0 31 30 1040 0 0 0
13 0 31 30 1040 0 0 1
13 0 31 30 1040 0 0 2
13 0 31 30 1040 0 0 3
13 0 31 30 1040 0 0 4
13 0 31 30 1040 0 0 5
13 0 31 30 1040 0 0 6
13 0 31 30 1040 0 1 0
13 0 31 30 1040 0 1 1
13 0 31 30 1040 0 1 2
13 0 31 30 1040 0 1 3
13 0 31 30 1040 0 1 4
13 0 31 30 1040 0 1 5
13 0 31 30 1040 0 1 6
13 0 31 30 1040 0 2 0
13 0 31 30 1040 0 2 1
13 0 31 30 1040 0 2 2
13 0 31 30 1040 0 2 3
13 0 31 30 1040 0 2 4
13 0 31 30 1040 0 2 5
13 0 31 30 1040 0 2 6
13 0 31 30 1040 0 3 0
13 0 31 30 1040 0 3 1
13 0 31 30 1040 0 3 2
13 0 31 30 1040 0 3 3
13 0 31 30 1040 0 3 4
13 0 31 30 1040 0 3 5
13 0 31 30 1040 0 3 6
13 0 31 30 1040 0 4 0
13 0 31 30 1040 0 4 1
13 0 31 30 1040 0 4 2
13 0 31 30 1040 0 4 3
13 0 31 30 1040 0 4 4
13 0 31 30 1040 0 4 5
13 0 31 30 1040 0 4 6
13 0 31 30 1040 0 5 0
13 0 31 30 1040 0 5 1
13 0 31 30 1040 0 5 2
13 0 31 30 1040 0 5 3
13 0 31 30 1040 0 5 4
13 0 31 30 1040 0 5 5
13 0 31 30 1040 0 5 6
13 0 31 30 1040 0 6 0
13 0 31 30 1040 0 6 1
13 0 31 30 1040 0 6 2
13 0 31 30 1040 0 6 3
13 0 31 30 1040 0 6 4
13 0 31 30 1040 0 6 5
13 0 31 30 1040 0 6 6
13 0 31 30 1040 0 7 0
13 0 31 30 1040 0 7 1
13 0 31 30 1040 0 7 2
13 0 31 30 1040 0 7 3
13 0 31 30 1040 0 7 4
13 0 31 30 1040 0 7 5
13 0 31 30 1040 0 7 6
13 0 31 30 1040 0 8 0
13 0 31 30 1040 0 8 1
13 0 31 30 1040 0 8 2
13 0 31 30 1040 0 8 3
13 0 31 30 1040 0 8 4
13 0 31 30 1040 0 8 5
13 0 31 30 1040 0 8 6
13 0 31 30 1040 0 9 0
13 0 31 30 1040 0 9 1
13 0 31 30 1040 0 9 2
13 0 31 30 1040 0 9 3
13 0 31 30 1040 0 9 4
13 0 31 30 1040 0 9 5
13 0 31 30 1040 0 9 6
13 0 31 30 1040 0 10 0
13 0 31 30 1040 0 10 1
13 0 31 30 1040 0 10 2
13 0 31 30 1040 0 10 3
13 0 31 30 1040 0 10 4
13 0 31 30 1040 0 10 5
13 0 31 30 1040 0 10 6
14 0 33 32 16 0 0 0
14 0 33 32 16 0 0 1
14 0 33 32 16 0 0 2
14 0 33 32 16 0 0 3
14 0 33 32 16 0 0 4
14 0 33 32 16 0 0 5
14 0 33 32 16 0 0 6
14 0 33 32 16 0 1 0
14 0 33 32 16 0 1 1
14 0 33 32 16 0 1 2
14 0 33 32 16 0 1 3
14 0 33 32 16 0 1 4
14 0 33 32 16 0 1 5
14 0 33 32 16 0 1 6
14 0 33 32 16 0 2 0
14 0 33 32 16 0 2 1
14 0 33 32 16 0 2 2
14 0 33 32 16 0 2 3
14 0 33 32 16 0 2 4
14 0 33 32 16 0 2 5
14 0 33 32 16 0 2 6
14 0 33 32 16 0 3 0
14 0 33 32 16 0 3 1
14 0 33 32 16 0 3 2
14 0 33 32 16 0 3 3
14 0 33 32 16 0 3 4
14 0 33 32 16 0 3 5
14 0 33 32 16 0 3 6
14 0 33 32 16 0 4 0
14 0 33 32 16 0 4 1
14 0 33 32 16 0 4 2
14 0 33 32 16 0 4 3
14 0 33 32 16 0 4 4
14 0 33 32 16 0 4 5
14 0 33 32 16 0 4 6
14 0 33 32 16 0 5 0
14 0 33 32 16 0 5 1
14 0 33 32 16 0 5 2
14 0 33 32 16 0 5 3
14 0 33 32 16 0 5 4
14 0 33 32 16 0 5 5
14 0 33 32 16 0 5 6
14 0 33 32 16 0 6 0
14 0 33 32 16 0 6 1
14 0 33 32 16 0 6 2
14 0 33 32 16 0 6 3
14 0 33 32 16 0 6 4
14 0 33 32 16 0 6 5
14 0 33 32 16 0 6 6
14 0 33 32 16 0 7 0
14 0 33 32 16 0 7 1
14 0 33 32 16 0 7 2
14 0 33 32 16 0 7 3
14 0 33 32 16 0 7 4
14 0 33 32 16 0 7 5
14 0 33 32 16 0 7 6
14 0 33 32 16 0 8 0
14 0 33 32 16 0 8 1
14 0 33 32 16 0 8 2
14 0 33 32 16 0 8 3
14 0 33 32 16 0 8 4
14 0 33 32 16 0 8 5
14 0 33 32 16 0 8 6
14 0 33 32 16 0 9 0
14 0 33 32 16 0 9 1
14 0 33 32 16 0 9 2
14 0 33 32 16 0 9 3
14 0 33 32 16 0 9 4
14 0 33 32 16 0 9 5
14 0 33 32 16 0 9 6
14 0 33 32 16 0 10 0
14 0 33 32 16 0 10 1
14 0 33 32 16 0 10 2
14 0 33 32 16 0 10 3
14 0 33 32 16 0 10 4
14 0 33 32 16 0 10 5
14 0 33 32 16 0 10 6
15 0 35 34 16 0 0 0
15 0 35 34 16 0 0 1
15 0 35 34 16 0 0 2
15 0 35 34 16 0 0 3
15 0 35 34 16 0 0 4
15 0 35 34 16 0 0 5
15 0 35 34 16 0 0 6
15 0 35 34 16 0 1 0
15 0 35 34 16 0 1 1
15 0 35 34 16 0 1 2
15 0 35 34 16 0 1 3
15 0 35 34 16 0 1 4
15 0 35 34 16 0 1 5
15 0 35 34 16 0 1 6
15 0 35 34 16 0 2 0
15 0 35 34 16 0 2 1
15 0 35 34 16 0 2 2
15 0 35 34 16 0 2 3
15 0 35 34 16 0 2 4
15 0 35 34 16 0 2 5
15 0 35 34 16 0 2 6
15 0 35 34 16 0 3 0
15 0 35 34 16 0 3 1
15 0 35 34 16 0 3 2
15 0 35 34 16 0 3 3
15 0 35 34 16 0 3 4
15 0 35 34 16 0 3 5
15 0 35 34 16 0 3 6
15 0 35 34 16 0 4 0
15 0 35 34 16 0 4 1
15 0 35 34 16 0 4 2
15 0 35 34 16 0 4 3
15 0 35 34 16 0 4 4
15 0 35 34 16 0 4 5
15 0 35 34 16 0 4 6
15 0 35 34 16 0 5 0
15 0 35 34 16 0 5 1
15 0 35 34 16 0 5 2
15 0 35 34 16 0 5 3
15 0 35 34 16 0 5 4
15 0 35 34 16 0 5 5
15 0 35 34 16 0 5 6
15 0 35 34 16 0 6 0
15 0 35 34 16 0 6 1
15 0 35 34 16 0 6 2
15 0 35 34 16 0 6 3
15 0 35 34 16 0 6 4
15 0 35 34 16 0 6 5
15 0 35 34 16 0 6 6
15 0 35 34 16 0 7 0
15 0 35 34 16 0 7 1
15 0 35 34 16 0 7 2
15 0 35 34 16 0 7 3
15 0 35 34 16 0 7 4
15 0 35 34 16 0 7 5
15 0 35 34 16 0 7 6
15 0 35 34 16 0 8 0
15 0 35 34 16 0 8 1
15 0 35 34 16 0 8 2
15 0 35 34 16 0 8 3
15 0 35 34 16 0 8 4
15 0 35 34 16 0 8 5
15 0 35 34 16 0 8 6
15 0 35 34 16 0 9 0
15 0 35 34 16 0 9 1
15 0 35 34 16 0 9 2
15 0 35 34 16 0 9 3
15 0 35 34 16 0 9 4
15 0 35 34 16 0 9 5
15 0 35 34 16 0 9 6
15 0 35 34 16 0 10 0
15 0 35 34 16 0 10 1
15 0 35 34 16 0 10 2
15 0 35 34 16 0 10 3
15 0 35 34 16 0 10 4
15 0 35 34 16 0 10 5
15 0 35 34 16 0 10 6
16 0 37 36 16 0 0 0
16 0 37 36 16 0 0 1
16 0 37 36 16 0 0 2
16 0 37 36 16 0 0 3
16 0 37 36 16 0 0 4
16 0 37 36 16 0 0 5
16 0 37 36 16 0 0 6
16 0 37 36 16 0 1 0
16 0 37 36 16 0 1 1
16 0 37 36 16 0 1 2
16 0 37 36 16 0 1 3
16 0 37 36 16 0 1 4
16 0 37 36 16 0 1 5
16 0 37 36 16 0 1 6
16 0 37 36 16 0 2 0
16 0 37 36 16 0 2 1
16 0 37 36 16 0 2 2
16 0 37 36 16 0 2 3
16 0 37 36 16 0 2 4
16 0 37 36 16 0 2 5
16 0 37 36 16 0 2 6
16 0 37 36 16 0 3 0
16 0 37 36 16 0 3 1
16 0 37 36 16 0 3 2
16 0 37 36 16 0 3 3
16 0 37 36 16 0 3 4
16 0 37 36 16 0 3 5
16 0 37 36 16 0 3 6
16 0 37 36 16 0 4 0
16 0 37 36 16 0 4 1
16 0 37 36 16 0 4 2
16 0 37 36 16 0 4 3
16 0 37 36 16 0 4 4
16 0 37 36 16 0 4 5
16 0 37 36 16 0 4 6
16 0 37 36 16 0 5 0
16 0 37 36 16 0 5 1
16 0 37 36 16 0 5 2
16 0 37 36 16 0 5 3
16 0 37 36 16 0 5 4
16 0 37 36 16 0 5 5
16 0 37 36 16 0 5 6
16 0 37 36 16 0 6 0
16 0 37 36 16 0 6 1
16 0 37 36 16 0 6 2
16 0 37 36 16 0 6 3
16 0 37 36 16 0 6 4
16 0 37 36 16 0 6 5
16 0 37 36 16 0 6 6
16 0 37 36 16 0 7 0
16 0 37 36 16 0 7 1
16 0 37 36 16 0 7 2
16 0 37 36 16 0 7 3
16 0 37 36 16 0 7 4
16 0 37 36 16 0 7 5
16 0 37 36 16 0 7 6
16 0 37 36 16 0 8 0
16 0 37 36 16 0 8 1
16 0 37 36 16 0 8 2
16 0 37 36 16 0 8 3
16 0 37 36 16 0 8 4
16 0 37 36 16 0 8 5
16 0 37 36 16 0 8 6
16 0 37 36 16 0 9 0
16 0 37 36 16 0 9 1
16 0 37 36 16 0 9 2
16 0 37 36 16 0 9 3
16 0 37 36 16 0 9 4
16 0 37 36 16 0 9 5
16 0 37 36 16 0 9 6
16 0 37 36 16 0 10 0
16 0 37 36 16 0 10 1
16 0 37 36 16 0 10 2
16 0 37 36 16 0 10 3
16 0 37 36 16 0 10 4
16 0 37 36 16 0 10 5
16 0 37 36 16 0 10 6
17 0 39 38 16 0 0 0
17 0 39 38 16 0 0 1
17 0 39 38 16 0 0 2
17 0 39 38 16 0 0 3
17 0 39 38 16 0 0 4
17 0 39 38 16 0 0 5
17 0 39 38 16 0 0 6
17 0 39 38 16 0 1 0
17 0 39 38 16 0 1 1
17 0 39 38 16 0 1 2
17 0 39 38 16 0 1 3
17 0 39 38 16 0 1 4
17 0 39 38 16 0 1 5
17 0 39 38 16 0 1 6
17 0 39 38 16 0 2 0
17 0 39 38 16 0 2 1
17 0 39 38 16 0 2 2
17 0 39 38 16 0 2 3
17 0 39 38 16 0 2 4
17 0 39 38 16 0 2 5
17 0 39 38 16 0 2 6
17 0 39 38 16 0 3 0
17 0 39 38 16 0 3 1
17 0 39 38 16 0 3 2
17 0 39 38 16 0 3 3
17 0 39 38 16 0 3 4
17 0 39 38 16 0 3 5
17 0 39 38 16 0 3 6
17 0 39 38 16 0 4 0
17 0 39 38 16 0 4 1
17 0 39 38 16 0 4 2
17 0 39 38 16 0 4 3
17 0 39 38 16 0 4 4
17 0 39 38 16 0 4 5
17 0 39 38 16 0 4 6
17 0 39 38 16 0 5 0
17 0 39 38 16 0 5 1
17 0 39 38 16 0 5 2
17 0 39 38 16 0 5 3
17 0 39 38 16 0 5 4
17 0 39 38 16 0 5 5
17 0 39 38 16 0 5 6
17 0 39 38 16 0 6 0
17 0 39 38 16 0 6 1
17 0 39 38 16 0 6 2
17 0 39 38 16 0 6 3
17 0 39 38 16 0 6 4
17 0 39 38 16 0 6 5
17 0 39 38 16 0 6 6
17 0 39 38 16 0 7 0
17 0 39 38 16 0 7 1
17 0 39 38 16 0 7 2
17 0 39 38 16 0 7 3
17 0 39 38 16 0 7 4
17 0 39 38 16 0 7 5
17 0 39 38 16 0 7 6
17 0 39 38 16 0 8 0
17 0 39 38 16 0 8 1
17 0 39 38 16 0 8 2
17 0 39 38 16 0 8 3
17 0 39 38 16 0 8 4
17 0 39 38 16 0 8 5
17 0 39 38 16 0 8 6
17 0 39 38 16 0 9 0
17 0 39 38 16 0 9 1
17 0 39 38 16 0 9 2
17 0 39 38 16 0 9 3
17 0 39 38 16 0 9 4
17 0 39 38 16 0 9 5
17 0 39 38 16 0 9 6
17 0 39 38 16 0 10 0
17 0 39 38 16 0 10 1
17 0 39 38 16 0 10 2
17 0 39 38 16 0 10 3
17 0 39 38 16 0 10 4
17 0 39 38 16 0 10 5
17 0 39 38 16 0 10 6
18 0 41 40 16 0 0 0
18 0 41 40 16 0 0 1
18 0 41 40 16 0 0 2
18 0 41 40 16 0 0 3
18 0 41 40 16 0 0 4
18 0 41 40 16 0 0 5
18 0 41 40 16 0 0 6
18 0 41 40 16 0 1 0
18 0 41 40 16 0 1 1
18 0 41 40 16 0 1 2
18 0 41 40 16 0 1 3
18 0 41 40 16 0 1 4
18 0 41 40 16 0 1 5
18 0 41 40 16 0 1 6
18 0 41 40 16 0 2 0
18 0 41 40 16 0 2 1
18 0 41 40 16 0 2 2
18 0 41 40 16 0 2 3
18 0 41 40 16 0 2 4
18 0 41 40 16 0 2 5
18 0 41 40 16 0 2 6
18 0 41 40 16 0 3 0
18 0 41 40 16 0 3 1
18 0 41 40 16 0 3 2
18 0 41 40 16 0 3 3
18 0 41 40 16 0 3 4
18 0 41 40 16 0 3 5
18 0 41 40 16 0 3 6
18 0 41 40 16 0 4 0
18 0 41 40 16 0 4 1
18 0 41 40 16 0 4 2
18 0 41 40 16 0 4 3
18 0 41 40 16 0 4 4
18 0 41 40 16 0 4 5
18 0 41 40 16 0 4 6
18 0 41 40 16 0 5 0
18 0 41 40 16 0 5 1
18 0 41 40 16 0 5 2
18 0 41 40 16 0 5 3
18 0 41 40 16 0 5 4
18 0 41 40 16 0 5 5
18 0 41 40 16 0 5 6
18 0 41 40 16 0 6 0
18 0 41 40 16 0 6 1
18 0 41 40 16 0 6 2
18 0 41 40 16 0 6 3
18 0 41 40 16 0 6 4
18 0 41 40 16 0 6 5
18 0 41 40 16 0 6 6
18 0 41 40 16 0 7 0
18 0 41 40 16 0 7 1
18 0 41 40 16 0 7 2
18 0 41 40 16 0 7 3
18 0 41 40 16 0 7 4
18 0 41 40 16 0 7 5
18 0 41 40 16 0 7 6
18 0 41 40 16 0 8 0
18 0 41 40 16 0 8 1
18 0 41 40 16 0 8 2
18 0 41 40 16 0 8 3
18 0 41 40 16 0 8 4
18 0 41 40 16 0 8 5
18 0 41 40 16 0 8 6
18 0 41 40 16 0 9 0
18 0 41 40 16 0 9 1
18 0 41 40 16 0 9 2
18 0 41 40 16 0 9 3
18 0 41 40 16 0 9 4
18 0 41 40 16 0 9 5
18 0 41 40 16 0 9 6
18 0 41 40 16 0 10 0
18 0 41 40 16 0 10 1
18 0 41 40 16 0 10 2
18 0 41 40 16 0 10 3
18 0 41 40 16 0 10 4
18 0 41 40 16 0 10 5
18 0 41 40 16 0 10 6
19 0 43 42 16 0 0 0
19 0 43 42 16 0 0 1
19 0 43 42 16 0 0 2
19 0 43 42 16 0 0 3
19 0 43 42 16 0 0 4
19 0 43 42 16 0 0 5
19 0 43 42 16 0 0 6
19 0 43 42 16 0 1 0
19 0 43 42 16 0 1 1
19 0 43 42 16 0 1 2
19 0 43 42 16 0 1 3
19 0 43 42 16 0 1 4
19 0 43 42 16 0 1 5
19 0 43 42 16 0 1 6
19 0 43 42 16 0 2 0
19 0 43 42 16 0 2 1
19 0 43 42 16 0 2 2
19 0 43 42 16 0 2 3
19 0 43 42 16 0 2 4
19 0 43 42 16 0 2 5
19 0 43 42 16 0 2 6
19 0 43 42 16 0 3 0
19 0 43 42 16 0 3 1
19 0 43 42 16 0 3 2
19 0 43 42 16 0 3 3
19 0 43 42 16 0 3 4
19 0 43 42 16 0 3 5
19 0 43 42 16 0 3 6
19 0 43 42 16 0 4 0
19 0 43 42 16 0 4 1
19 0 43 42 16 0 4 2
19 0 43 42 16 0 4 3
19 0 43 42 16 0 4 4
19 0 43 42 16 0 4 5
19 0 43 42 16 0 4 6
19 0 43 42 16 0 5 0
19 0 43 42 16 0 5 1
19 0 43 42 16 0 5 2
19 0 43 42 16 0 5 3
19 0 43 42 16 0 5 4
19 0 43 42 16 0 5 5
19 0 43 42 16 0 5 6
19 0 43 42 16 0 6 0
19 0 43 42 16 0 6 1
19 0 43 42 16 0 6 2
19 0 43 42 16 0 6 3
19 0 43 42 16 0 6 4
19 0 43 42 16 0 6 5
19 0 43 42 16 0 6 6
19 0 43 42 16 0 7 0
19 0 43 42 16 0 7 1
19 0 43 42 16 0 7 2
19 0 43 42 16 0 7 3
19 0 43 42 16 0 7 4
19 0 43 42 16 0 7 5
19 0 43 42 16 0 7 6
19 0 43 42 16 0 8 0
19 0 43 42 16 0 8 1
19 0 43 42 16 0 8 2
19 0 43 42 16 0 8 3
19 0 43 42 16 0 8 4
19 0 43 42 16 0 8 5
19 0 43 42 16 0 8 6
19 0 43 42 16 0 9 0
19 0 43 42 16 0 9 1
19 0 43 42 16 0 9 2
19 0 43 42 16 0 9 3
19 0 43 42 16 0 9 4
19 0 43 42 16 0 9 5
19 0 43 42 16 0 9 6
19 0 43 42 16 0 10 0
19 0 43 42 16 0 10 1
19 0 43 42 16 0 10 2
19 0 43 42 16 0 10 3
19 0 43 42 16 0 10 4
19 0 43 42 16 0 10 5
19 0 43 42 16 0 10 6
20 0 45 44 16 0 0 0
20 0 45 44 16 0 0 1
20 0 45 44 16 0 0 2
20 0 45 44 16 0 0 3
20 0 45 44 16 0 0 4
20 0 45 44 16 0 0 5
20 0 45 44 16 0 0 6
20 0 45 44 16 0 1 0
20 0 45 44 16 0 1 1
20 0 45 44 16 0 1 2
20 0 45 44 16 0 1 3
20 0 45 44 16 0 1 4
20 0 45 44 16 0 1 5
20 0 45 44 16 0 1 6
20 0 45 44 16 0 2 0
20 0 45 44 16 0 2 1
20 0 45 44 16 0 2 2
20 0 45 44 16 0 2 3
20 0 45 44 16 0 2 4
20 0 45 44 16 0 2 5
20 0 45 44 16 0 2 6
20 0 45 44 16 0 3 0
20 0 45 44 16 0 3 1
20 0 45 44 16 0 3 2
20 0 45 44 16 0 3 3
20 0 45 44 16 0 3 4
20 0 45 44 16 0 3 5
20 0 45 44 16 0 3 6
20 0 45 44 16 0 4 0
20 0 45 44 16 0 4 1
20 0 45 44 16 0 4 2
20 0 45 44 16 0 4 3
20 0 45 44 16 0 4 4
20 0 45 44 16 0 4 5
20 0 45 44 16 0 4 6
20 0 45 44 16 0 5 0
20 0 45 44 16 0 5 1
20 0 45 44 16 0 5 2
20 0 45 44 16 0 5 3
20 0 45 44 16 0 5 4
20 0 45 44 16 0 5 5
20 0 45 44 16 0 5 6
20 0 45 44 16 0 6 0
20 0 45 44 16 0 6 1
20 0 45 44 16 0 6 2
20 0 45 44 16 0 6 3
20 0 45 44 16 0 6 4
20 0 45 44 16 0 6 5
20 0 45 44 16 0 6 6
20 0 45 44 16 0 7 0
20 0 45 44 16 0 7 1
20 0 45 44 16 0 7 2
20 0 45 44 16 0 7 3
20 0 45 44 16 0 7 4
20 0 45 44 16 0 7 5
20 0 45 44 16 0 7 6
20 0 45 44 16 0 8 0
20 0 45 44 16 0 8 1
20 0 45 44 16 0 8 2
20 0 45 44 16 0 8 3
20 0 45 44 16 0 8 4
20 0 45 44 16 0 8 5
20 0 45 44 16 0 8 6
20 0 45 44 16 0 9 0
20 0 45 44 16 0 9 1
20 0 45 44 16 0 9 2
20 0 45 44 16 0 9 3
20 0 45 44 16 0 9 4
20 0 45 44 16 0 9 5
20 0 45 44 16 0 9 6
20 0 45 44 16 0 10 0
20 0 45 44 16 0 10 1
20 0 45 44 16 0 10 2
20 0 45 44 16 0 10 3
20 0 45 44 16 0 10 4
20 0 45 44 16 0 10 5
20 0 45 44 16 0 10 6
21 0 47 46 16 0 0 0
21 0 47 46 16 0 0 1
21 0 47 46 16 0 0 2
21 0 47 46 16 0 0 3
21 0 47 46 16 0 0 4
21 0 47 46 16 0 0 5
21 0 47 46 16 0 0 6
21 0 47 46 16 0 1 0
21 0 47 46 16 0 1 1
21 0 47 46 16 0 1 2
21 0 47 46 16 0 1 3
21 0 47 46 16 0 1 4
21 0 47 46 16 0 1 5
21 0 47 46 16 0 1 6
21 0 47 46 16 0 2 0
21 0 47 46 16 0 2 1
21 0 47 46 16 0 2 2
21 0 47 46 16 0 2 3
21 0 47 46 16 0 2 4
21 0 47 46 16 0 2 5
21 0 47 46 16 0 2 6
21 0 47 46 16 0 3 0
21 0 47 46 16 0 3 1
21 0 47 46 16 0 3 2
21 0 47 46 16 0 3 3
21 0 47 46 16 0 3 4
21 0 47 46 16 0 3 5
21 0 47 46 16 0 3 6
21 0 47 46 16 0 4 0
21 0 47 46 16 0 4 1
21 0 47 46 16 0 4 2
21 0 47 46 16 0 4 3
21 0 47 46 16 0 4 4
21 0 47 46 16 0 4 5
21 0 47 46 16 0 4 6
21 0 47 46 16 0 5 0
21 0 47 46 16 0 5 1
21 0 47 46 16 0 5 2
21 0 47 46 16 0 5 3
21 0 47 46 16 0 5 4
21 0 47 46 16 0 5 5
21 0 47 46 16 0 5 6
21 0 47 46 16 0 6 0
21 0 47 46 16 0 6 1
21 0 47 46 16 0 6 2
21 0 47 46 16 0 6 3
21 0 47 46 16 0 6 4
21 0 47 46 16 0 6 5
21 0 47 46 16 0 6 6
21 0 47 46 16 0 7 0
21 0 47 46 16 0 7 1
21 0 47 46 16 0 7 2
21 0 47 46 16 0 7 3
21 0 47 46 16 0 7 4
21 0 47 46 16 0 7 5
21 0 47 46 16 0 7 6
21 0 47 46 16 0 8 0
21 0 47 46 16 0 8 1
21 0 47 46 16 0 8 2
21 0 47 46 16 0 8 3
21 0 47 46 16 0 8 4
21 0 47 46 16 0 8 5
21 0 47 46 16 0 8 6
21 0 47 46 16 0 9 0
21 0 47 46 16 0 9 1
21 0 47 46 16 0 9 2
21 0 47 46 16 0 9 3
21 0 47 46 16 0 9 4
21 0 47 46 16 0 9 5
21 0 47 46 16 0 9 6
21 0 47 46 16 0 10 0
21 0 47 46 16 0 10 1
21 0 47 46 16 0 10 2
21 0 47 46 16 0 10 3
21 0 47 46 16 0 10 4
21 0 47 46 16 0 10 5
21 0 47 46 16 0 10 6
22 0 49 48 16 0 0 0
22 0 49 48 16 0 0 1
22 0 49 48 16 0 0 2
22 0 49 48 16 0 0 3
22 0 49 48 16 0 0 4
22 0 49 48 16 0 0 5
22 0 49 48 16 0 0 6
22 0 49 48 16 0 1 0
22 0 49 48 16 0 1 1
22 0 49 48 16 0 1 2
22 0 49 48 16 0 1 3
22 0 49 48 16 0 1 4
22 0 49 48 16 0 1 5
22 0 49 48 16 0 1 6
22 0 49 48 16 0 2 0
22 0 49 48 16 0 2 1
22 0 49 48 16 0 2 2
22 0 49 48 16 0 2 3
22 0 49 48 16 0 2 4
22 0 49 48 16 0 2 5
22 0 49 48 16 0 2 6
22 0 49 48 16 0 3 0
22 0 49 48 16 0 3 1
22 0 49 48 16 0 3 2
22 0 49 48 16 0 3 3
22 0 49 48 16 0 3 4
22 0 49 48 16 0 3 5
22 0 49 48 16 0 3 6
22 0 49 48 16 0 4 0
22 0 49 48 16 0 4 1
22 0 49 48 16 0 4 2
22 0 49 48 16 0 4 3
22 0 49 48 16 0 4 4
22 0 49 48 16 0 4 5
22 0 49 48 16 0 4 6
22 0 49 48 16 0 5 0
22 0 49 48 16 0 5 1
22 0 49 48 16 0 5 2
22 0 49 48 16 0 5 3
22 0 49 48 16 0 5 4
22 0 49 48 16 0 5 5
22 0 49 48 16 0 5 6
22 0 49 48 16 0 6 0
22 0 49 48 16 0 6 1
22 0 49 48 16 0 6 2
22 0 49 48 16 0 6 3
22 0 49 48 16 0 6 4
22 0 49 48 16 0 6 5
22 0 49 48 16 0 6 6
22 0 49 48 16 0 7 0
22 0 49 48 16 0 7 1
22 0 49 48 16 0 7 2
22 0 49 48 16 0 7 3
22 0 49 48 16 0 7 4
22 0 49 48 16 0 7 5
22 0 49 48 16 0 7 6
22 0 49 48 16 0 8 0
22 0 49 48 16 0 8 1
22 0 49 48 16 0 8 2
22 0 49 48 16 0 8 3
22 0 49 48 16 0 8 4
22 0 49 48 16 0 8 5
22 0 49 48 16 0 8 6
22 0 49 48 16 0 9 0
22 0 49 48 16 0 9 1
22 0 49 48 16 0 9 2
22 0 49 48 16 0 9 3
22 0 49 48 16 0 9 4
22 0 49 48 16 0 9 5
22 0 49 48 16 0 9 6
22 0 49 48 16 0 10 0
22 0 49 48 16 0 10 1
22 0 49 48 16 0 10 2
22 0 49 48 16 0 10 3
22 0 49 48 16 0 10 4
22 0 49 48 16 0 10 5
22 0 49 48 16 0 10 6
23 0 51 50 16 0 0 0
23 0 51 50 16 0 0 1
23 0 51 50 16 0 0 2
23 0 51 50 16 0 0 3
23 0 51 50 16 0 0 4
23 0 51 50 16 0 0 5
23 0 51 50 16 0 0 6
23 0 51 50 16 0 1 0
23 0 51 50 16 0 1 1
23 0 51 50 16 0 1 2
23 0 51 50 16 0 1 3
23 0 51 50 16 0 1 4
23 0 51 50 16 0 1 5
23 0 51 50 16 0 1 6
23 0 51 50 16 0 2 0
23 0 51 50 16 0 2 1
23 0 51 50 16 0 2 2
23 0 51 50 16 0 2 3
23 0 51 50 16 0 2 4
23 0 51 50 16 0 2 5
23 0 51 50 16 0 2 6
23 0 51 50 16 0 3 0
23 0 51 50 16 0 3 1
23 0 51 50 16 0 3 2
23 0 51 50 16 0 3 3
23 0 51 50 16 0 3 4
23 0 51 50 16 0 3 5
23 0 51 50 16 0 3 6
23 0 51 50 16 0 4 0
23 0 51 50 16 0 4 1
23 0 51 50 16 0 4 2
23 0 51 50 16 0 4 3
23 0 51 50 16 0 4 4
23 0 51 50 16 0 4 5
23 0 51 50 16 0 4 6
23 0 51 50 16 0 5 0
23 0 51 50 16 0 5 1
23 0 51 50 16 0 5 2
23 0 51 50 16 0 5 3
23 0 51 50 16 0 5 4
23 0 51 50 16 0 5 5
23 0 51 50 16 0 5 6
23 0 51 50 16 0 6 0
23 0 51 50 16 0 6 1
23 0 51 50 16 0 6 2
23 0 51 50 16 0 6 3
23 0 51 50 16 0 6 4
23 0 51 50 16 0 6 5
23 0 51 50 16 0 6 6
23 0 51 50 16 0 7 0
23 0 51 50 16 0 7 1
23 0 51 50 16 0 7 2
23 0 51 50 16 0 7 3
23 0 51 50 16 0 7 4
23 0 51 50 16 0 7 5
23 0 51 50 16 0 7 6
23 0 51 50 16 0 8 0
23 0 51 50 16 0 8 1
23 0 51 50 16 0 8 2
23 0 51 50 16 0 8 3
23 0 51 50 16 0 8 4
23 0 51 50 16 0 8 5
23 0 51 50 16 0 8 6
23 0 51 50 16 0 9 0
23 0 51 50 16 0 9 1
23 0 51 50 16 0 9 2
23 0 51 50 16 0 9 3
23 0 51 50 16 0 9 4
23 0 51 50 16 0 9 5
23 0 51 50 16 0 9 6
23 0 51 50 16 0 10 0
23 0 51 50 16 0 10 1
23 0 51 50 16 0 10 2
23 0 51 50 16 0 10 3
23 0 51 50 16 0 10 4
23 0 51 50 16 0 10 5
23 0 51 50 16 0 10 6
24 0 53 52 16 0 0 0
24 0 53 52 16 0 0 1
24 0 53 52 16 0 0 2
24 0 53 52 16 0 0 3
24 0 53 52 16 0 0 4
24 0 53 52 16 0 0 5
24 0 53 52 16 0 0 6
24 0 53 52 16 0 1 0
24 0 53 52 16 0 1 1
24 0 53 52 16 0 1 2
24 0 53 52 16 0 1 3
24 0 53 52 16 0 1 4
24 0 53 52 16 0 1 5
24 0 53 52 16 0 1 6
24 0 53 52 16 0 2 0
24 0 53 52 16 0 2 1
24 0 53 52 16 0 2 2
24 0 53 52 16 0 2 3
24 0 53 52 16 0 2 4
24 0 53 52 16 0 2 5
24 0 53 52 16 0 2 6
24 0 53 52 16 0 3 0
24 0 53 52 16 0 3 1
24 0 53 52 16 0 3 2
24 0 53 52 16 0 3 3
24 0 53 52 16 0 3 4
24 0 53 52 16 0 3 5
24 0 53 52 16 0 3 6
24 0 53 52 16 0 4 0
24 0 53 52 16 0 4 1
24 0 53 52 16 0 4 2
24 0 53 52 16 0 4 3
24 0 53 52 16 0 4 4
24 0 53 52 16 0 4 5
24 0 53 52 16 0 4 6
24 0 53 52 16 0 5 0
24 0 53 52 16 0 5 1
24 0 53 52 16 0 5 2
24 0 53 52 16 0 5 3
24 0 53 52 16 0 5 4
24 0 53 52 16 0 5 5
24 0 53 52 16 0 5 6
24 0 53 52 16 0 6 0
24 0 53 52 16 0 6 1
24 0 53 52 16 0 6 2
24 0 53 52 16 0 6 3
24 0 53 52 16 0 6 4
24 0 53 52 16 0 6 5
24 0 53 52 16 0 6 6
24 0 53 52 16 0 7 0
24 0 53 52 16 0 7 1
24 0 53 52 16 0 7 2
24 0 53 52 16 0 7 3
24 0 53 52 16 0 7 4
24 0 53 52 16 0 7 5
24 0 53 52 16 0 7 6
24 0 53 52 16 0 8 0
24 0 53 52 16 0 8 1
24 0 53 52 16 0 8 2
24 0 53 52 16 0 8 3
24 0 53 52 16 0 8 4
24 0 53 52 16 0 8 5
24 0 53 52 16 0 8 6
24 0 53 52 16 0 9 0
24 0 53 52 16 0 9 1
24 0 53 52 16 0 9 2
24 0 53 52 16 0 9 3
24 0 53 52 16 0 9 4
24 0 53 52 16 0 9 5
24 0 53 52 16 0 9 6
24 0 53 52 16 0 10 0
24 0 53 52 16 0 10 1
24 0 53 52 16 0 10 2
24 0 53 52 16 0 10 3
24 0 53 52 16 0 10 4
24 0 53 52 16 0 10 5
24 0 53 52 16 0 10 6
25 0 55 54 16 0 0 0
25 0 55 54 16 0 0 1
25 0 55 54 16 0 0 2
25 0 55 54 16 0 0 3
25 0 55 54 16 0 0 4
25 0 55 54 16 0 0 5
25 0 55 54 16 0 0 6
25 0 55 54 16 0 1 0
25 0 55 54 16 0 1 1
25 0 55 54 16 0 1 2
25 0 55 54 16 0 1 3
25 0 55 54 16 0 1 4
25 0 55 54 16 0 1 5
25 0 55 54 16 0 1 6
25 0 55 54 16 0 2 0
25 0 55 54 16 0 2 1
25 0 55 54 16 0 2 2
25 0 55 54 16 0 2 3
25 0 55 54 16 0 2 4
25 0 55 54 16 0 2 5
25 0 55 54 16 0 2 6
25 0 55 54 16 0 3 0
25 0 55 54 16 0 3 1
25 0 55 54 16 0 3 2
25 0 55 54 16 0 3 3
25 0 55 54 16 0 3 4
25 0 55 54 16 0 3 5
25 0 55 54 16 0 3 6
25 0 55 54 16 0 4 0
25 0 55 54 16 0 4 1
25 0 55 54 16 0 4 2
25 0 55 54 16 0 4 3
25 0 55 54 16 0 4 4
25 0 55 54 16 0 4 5
25 0 55 54 16 0 4 6
25 0 55 54 16 0 5 0
25 0 55 54 16 0 5 1
25 0 55 54 16 0 5 2
25 0 55 54 16 0 5 3
25 0 55 54 16 0 5 4
25 0 55 54 16 0 5 5
25 0 55 54 16 0 5 6
25 0 55 54 16 0 6 0
25 0 55 54 16 0 6 1
25 0 55 54 16 0 6 2
25 0 55 54 16 0 6 3
25 0 55 54 16 0 6 4
25 0 55 54 16 0 6 5
25 0 55 54 16 0 6 6
25 0 55 54 16 0 7 0
25 0 55 54 16 0 7 1
25 0 55 54 16 0 7 2
25 0 55 54 16 0 7 3
25 0 55 54 16 0 7 4
25 0 55 54 16 0 7 5
25 0 55 54 16 0 7 6
25 0 55 54 16 0 8 0
25 0 55 54 16 0 8 1
25 0 55 54 16 0 8 2
25 0 55 54 16 0 8 3
25 0 55 54 16 0 8 4
25 0 55 54 16 0 8 5
25 0 55 54 16 0 8 6
25 0 55 54 16 0 9 0
25 0 55 54 16 0 9 1
25 0 55 54 16 0 9 2
25 0 55 54 16 0 9 3
25 0 55 54 16 0 9 4
25 0 55 54 16 0 9 5
25 0 55 54 16 0 9 6
25 0 55 54 16 0 10 0
25 0 55 54 16 0 10 1
25 0 55 54 16 0 10 2
25 0 55 54 16 0 10 3
25 0 55 54 16 0 10 4
25 0 55 54 16 0 10 5
25 0 55 54 16 0 10 6
26 0 57 56 16 0 0 0
26 0 57 56 16 0 0 1
26 0 57 56 16 0 0 2
26 0 57 56 16 0 0 3
26 0 57 56 16 0 0 4
26 0 57 56 16 0 0 5
26 0 57 56 16 0 0 6
26 0 57 56 16 0 1 0
26 0 57 56 16 0 1 1
26 0 57 56 16 0 1 2
26 0 57 56 16 0 1 3
26 0 57 56 16 0 1 4
26 0 57 56 16 0 1 5
26 0 57 56 16 0 1 6
26 0 57 56 16 0 2 0
26 0 57 56 16 0 2 1
26 0 57 56 16 0 2 2
26 0 57 56 16 0 2 3
26 0 57 56 16 0 2 4
26 0 57 56 16 0 2 5
26 0 57 56 16 0 2 6
26 0 57 56 16 0 3 0
26 0 57 56 16 0 3 1
26 0 57 56 16 0 3 2
26 0 57 56 16 0 3 3
26 0 57 56 16 0 3 4
26 0 57 56 16 0 3 5
26 0 57 56 16 0 3 6
26 0 57 56 16 0 4 0
26 0 57 56 16 0 4 1
26 0 57 56 16 0 4 2
26 0 57 56 16 0 4 3
26 0 57 56 16 0 4 4
26 0 57 56 16 0 4 5
26 0 57 56 16 0 4 6
26 0 57 56 16 0 5 0
26 0 57 56 16 0 5 1
26 0 57 56 16 0 5 2
26 0 57 56 16 0 5 3
26 0 57 56 16 0 5 4
26 0 57 56 16 0 5 5
26 0 57 56 16 0 5 6
26 0 57 56 16 0 6 0
26 0 57 56 16 0 6 1
26 0 57 56 16 0 6 2
26 0 57 56 16 0 6 3
26 0 57 56 16 0 6 4
26 0 57 56 16 0 6 5
26 0 57 56 16 0 6 6
26 0 57 56 16 0 7 0
26 0 57 56 16 0 7 1
26 0 57 56 16 0 7 2
26 0 57 56 16 0 7 3
26 0 57 56 16 0 7 4
26 0 57 56 16 0 7 5
26 0 57 56 16 0 7 6
26 0 57 56 16 0 8 0
26 0 57 56 16 0 8 1
26 0 57 56 16 0 8 2
26 0 57 56 16 0 8 3
26 0 57 56 16 0 8 4
26 0 57 56 16 0 8 5
26 0 57 56 16 0 8 6
26 0 57 56 16 0 9 0
26 0 57 56 16 0 9 1
26 0 57 56 16 0 9 2
26 0 57 56 16 0 9 3
26 0 57 56 16 0 9 4
26 0 57 56 16 0 9 5
26 0 57 56 16 0 9 6
26 0 57 56 16 0 10 0
26 0 57 56 16 0 10 1
26 0 57 56 16 0 10 2
26 0 57 56 16 0 10 3
26 0 57 56 16 0 10 4
26 0 57 56 16 0 10 5
26 0 57 56 16 0 10 6
27 0 59 58 16 0 0 0
27 0 59 58 16 0 0 1
27 0 59 58 16 0 0 2
27 0 59 58 16 0 0 3
27 0 59 58 16 0 0 4
27 0 59 58 16 0 0 5
27 0 59 58 16 0 0 6
27 0 59 58 16 0 1 0
27 0 59 58 16 0 1 1
27 0 59 58 16 0 1 2
27 0 59 58 16 0 1 3
27 0 59 58 16 0 1 4
27 0 59 58 16 0 1 5
27 0 59 58 16 0 1 6
27 0 59 58 16 0 2 0
27 0 59 58 16 0 2 1
27 0 59 58 16 0 2 2
27 0 59 58 16 0 2 3
27 0 59 58 16 0 2 4
27 0 59 58 16 0 2 5
27 0 59 58 16 0 2 6
27 0 59 58 16 0 3 0
27 0 59 58 16 0 3 1
27 0 59 58 16 0 3 2
27 0 59 58 16 0 3 3
27 0 59 58 16 0 3 4
27 0 59 58 16 0 3 5
27 0 59 58 16 0 3 6
27 0 59 58 16 0 4 0
27 0 59 58 16 0 4 1
27 0 59 58 16 0 4 2
27 0 59 58 16 0 4 3
27 0 59 58 16 0 4 4
27 0 59 58 16 0 4 5
27 0 59 58 16 0 4 6
27 0 59 58 16 0 5 0
27 0 59 58 16 0 5 1
27 0 59 58 16 0 5 2
27 0 59 58 16 0 5 3
27 0 59 58 16 0 5 4
27 0 59 58 16 0 5 5
27 0 59 58 16 0 5 6
27 0 59 58 16 0 6 0
27 0 59 58 16 0 6 1
27 0 59 58 16 0 6 2
27 0 59 58 16 0 6 3
27 0 59 58 16 0 6 4
27 0 59 58 16 0 6 5
27 0 59 58 16 0 6 6
27 0 59 58 16 0 7 0
27 0 59 58 16 0 7 1
27 0 59 58 16 0 7 2
27 0 59 58 16 0 7 3
27 0 59 58 16 0 7 4
27 0 59 58 16 0 7 5
27 0 59 58 16 0 7 6
27 0 59 58 16 0 8 0
27 0 59 58 16 0 8 1
27 0 59 58 16 0 8 2
27 0 59 58 16 0 8 3
27 0 59 58 16 0 8 4
27 0 59 58 16 0 8 5
27 0 59 58 16 0 8 6
27 0 59 58 16 0 9 0
27 0 59 58 16 0 9 1
27 0 59 58 16 0 9 2
27 0 59 58 16 0 9 3
27 0 59 58 16 0 9 4
27 0 59 58 16 0 9 5
27 0 59 58 16 0 9 6
27 0 59 58 16 0 10 0
27 0 59 58 16 0 10 1
27 0 59 58 16 0 10 2
27 0 59 58 16 0 10 3
27 0 59 58 16 0 10 4
27 0 59 58 16 0 10 5
27 0 59 58 16 0 10 6
28 0 61 60 16 0 0 0
28 0 61 60 16 0 0 1
28 0 61 60 16 0 0 2
28 0 61 60 16 0 0 3
28 0 61 60 16 0 0 4
28 0 61 60 16 0 0 5
28 0 61 60 16 0 0 6
28 0 61 60 16 0 1 0
28 0 61 60 16 0 1 1
28 0 61 60 16 0 1 2
28 0 61 60 16 0 1 3
28 0 61 60 16 0 1 4
28 0 61 60 16 0 1 5
28 0 61 60 16 0 1 6
28 0 61 60 16 0 2 0
28 0 61 60 16 0 2 1
28 0 61 60 16 0 2 2
28 0 61 60 16 0 2 3
28 0 61 60 16 0 2 4
28 0 61 60 16 0 2 5
28 0 61 60 16 0 2 6
28 0 61 60 16 0 3 0
28 0 61 60 16 0 3 1
28 0 61 60 16 0 3 2
28 0 61 60 16 0 3 3
28 0 61 60 16 0 3 4
28 0 61 60 16 0 3 5
28 0 61 60 16 0 3 6
28 0 61 60 16 0 4 0
28 0 61 60 16 0 4 1
28 0 61 60 16 0 4 2
28 0 61 60 16 0 4 3
28 0 61 60 16 0 4 4
28 0 61 60 16 0 4 5
28 0 61 60 16 0 4 6
28 0 61 60 16 0 5 0
28 0 61 60 16 0 5 1
28 0 61 60 16 0 5 2
28 0 61 60 16 0 5 3
28 0 61 60 16 0 5 4
28 0 61 60 16 0 5 5
28 0 61 60 16 0 5 6
28 0 61 60 16 0 6 0
28 0 61 60 16 0 6 1
28 0 61 60 16 0 6 2
28 0 61 60 16 0 6 3
28 0 61 60 16 0 6 4
28 0 61 60 16 0 6 5
28 0 61 60 16 0 6 6
28 0 61 60 16 0 7 0
28 0 61 60 16 0 7 1
28 0 61 60 16 0 7 2
28 0 61 60 16 0 7 3
28 0 61 60 16 0 7 4
28 0 61 60 16 0 7 5
28 0 61 60 16 0 7 6
28 0 61 60 16 0 8 0
28 0 61 60 16 0 8 1
28 0 61 60 16 0 8 2
28 0 61 60 16 0 8 3
28 0 61 60 16 0 8 4
28 0 61 60 16 0 8 5
28 0 61 60 16 0 8 6
28 0 61 60 16 0 9 0
28 0 61 60 16 0 9 1
28 0 61 60 16 0 9 2
28 0 61 60 16 0 9 3
28 0 61 60 16 0 9 4
28 0 61 60 16 0 9 5
28 0 61 60 16 0 9 6
28 0 61 60 16 0 10 0
28 0 61 60 16 0 10 1
28 0 61 60 16 0 10 2
28 0 61 60 16 0 10 3
28 0 61 60 16 0 10 4
28 0 61 60 16 0 10 5
28 0 61 60 16 0 10 6
29 0 63 62 16 0 0 0
29 0 63 62 16 0 0 1
29 0 63 62 16 0 0 2
29 0 63 62 16 0 0 3
29 0 63 62 16 0 0 4
29 0 63 62 16 0 0 5
29 0 63 62 16 0 0 6
29 0 63 62 16 0 1 0
29 0 63 62 16 0 1 1
29 0 63 62 16 0 1 2
29 0 63 62 16 0 1 3
29 0 63 62 16 0 1 4
29 0 63 62 16 0 1 5
29 0 63 62 16 0 1 6
29 0 63 62 16 0 2 0
29 0 63 62 16 0 2 1
29 0 63 62 16 0 2 2
29 0 63 62 16 0 2 3
29 0 63 62 16 0 2 4
29 0 63 62 16 0 2 5
29 0 63 62 16 0 2 6
29 0 63 62 16 0 3 0
29 0 63 62 16 0 3 1
29 0 63 62 16 0 3 2
29 0 63 62 16 0 3 3
29 0 63 62 16 0 3 4
29 0 63 62 16 0 3 5
29 0 63 62 16 0 3 6
29 0 63 62 16 0 4 0
29 0 63 62 16 0 4 1
29 0 63 62 16 0 4 2
29 0 63 62 16 0 4 3
29 0 63 62 16 0 4 4
29 0 63 62 16 0 4 5
29 0 63 62 16 0 4 6
29 0 63 62 16 0 5 0
29 0 63 62 16 0 5 1
29 0 63 62 16 0 5 2
29 0 63 62 16 0 5 3
29 0 63 62 16 0 5 4
29 0 63 62 16 0 5 5
29 0 63 62 16 0 5 6
29 0 63 62 16 0 6 0
29 0 63 62 16 0 6 1
29 0 63 62 16 0 6 2
29 0 63 62 16 0 6 3
29 0 63 62 16 0 6 4
29 0 63 62 16 0 6 5
29 0 63 62 16 0 6 6
29 0 63 62 16 0 7 0
29 0 63 62 16 0 7 1
29 0 63 62 16 0 7 2
29 0 63 62 16 0 7 3
29 0 63 62 16 0 7 4
29 0 63 62 16 0 7 5
29 0 63 62 16 0 7 6
29 0 63 62 16 0 8 0
29 0 63 62 16 0 8 1
29 0 63 62 16 0 8 2
29 0 63 62 16 0 8 3
29 0 63 62 16 0 8 4
29 0 63 62 16 0 8 5
29 0 63 62 16 0 8 6
29 0 63 62 16 0 9 0
29 0 63 62 16 0 9 1
29 0 63 62 16 0 9 2
29 0 63 62 16 0 9 3
29 0 63 62 16 0 9 4
29 0 63 62 16 0 9 5
29 0 63 62 16 0 9 6
29 0 63 62 16 0 10 0
29 0 63 62 16 0 10 1
29 0 63 62 16 0 10 2
29 0 63 62 16 0 10 3
29 0 63 62 16 0 10 4
29 0 63 62 16 0 10 5
29 0 63 62 16 0 10 6
30 0 65 64 0 0 0 0
30 0 65 64 0 0 0 1
30 0 65 64 0 0 0 2
30 0 65 64 0 0 0 3
30 0 65 64 0 0 0 4
30 0 65 64 0 0 0 5
30 0 65 64 0 0 0 6
30 0 65 64 0 0 1 0
30 0 65 64 0 0 1 1
30 0 65 64 0 0 1 2
30 0 65 64 0 0 1 3
30 0 65 64 0 0 1 4
30 0 65 64 0 0 1 5
30 0 65 64 0 0 1 6
30 0 65 64 0 0 2 0
30 0 65 64 0 0 2 1
30 0 65 64 0 0 2 2
30 0 65 64 0 0 2 3
30 0 65 64 0 0 2 4
30 0 65 64 0 0 2 5
30 0 65 64 0 0 2 6
30 0 65 64 0 0 3 0
30 0 65 64 0 0 3 1
30 0 65 64 0 0 3 2
30 0 65 64 0 0 3 3
30 0 65 64 0 0 3 4
30 0 65 64 0 0 3 5
30 0 65 64 0 0 3 6
30 0 65 64 0 0 4 0
30 0 65 64 0 0 4 1
30 0 65 64 0 0 4 2
30 0 65 64 0 0 4 3
30 0 65 64 0 0 4 4
30 0 65 64 0 0 4 5
30 0 65 64 0 0 4 6
30 0 65 64 0 0 5 0
30 0 65 64 0 0 5 1
30 0 65 64 0 0 5 2
30 0 65 64 0 0 5 3
30 0 65 64 0 0 5 4
30 0 65 64 0 0 5 5
30 0 65 64 0 0 5 6
30 0 65 64 0 0 6 0
30 0 65 64 0 0 6 1
30 0 65 64 0 0 6 2
30 0 65 64 0 0 6 3
30 0 65 64 0 0 6 4
30 0 65 64 0 0 6 5
30 0 65 64 0 0 6 6
30 0 65 64 0 0 7 0
30 0 65 64 0 0 7 1
30 0 65 64 0 0 7 2
30 0 65 64 0 0 7 3
30 0 65 64 0 0 7 4
30 0 65 64 0 0 7 5
30 0 65 64 0 0 7 6
30 0 65 64 0 0 8 0
30 0 65 64 0 0 8 1
30 0 65 64 0 0 8 2
30 0 65 64 0 0 8 3
30 0 65 64 0 0 8 4
30 0 65 64 0 0 8 5
30 0 65 64 0 0 8 6
30 0 65 64 0 0 9 0
30 0 65 64 0 0 9 1
30 0 65 64 0 0 9 2
30 0 65 64 0 0 9 3
30 0 65 64 0 0 9 4
30 0 65 64 0 0 9 5
30 0 65 64 0 0 9 6
30 0 65 64 0 0 10 0
30 0 65 64 0 0 10 1
30 0 65 64 0 0 10 2
30 0 65 64 0 0 10 3
30 0 65 64 0 0 10 4
30 0 65 64 0 0 10 5
30 0 65 64 0 0 10 6
31 0 67 66 0 0 0 0
31 0 67 66 0 0 0 1
31 0 67 66 0 0 0 2
31 0 67 66 0 0 0 3
31 0 67 66 0 0 0 4
31 0 67 66 0 0 0 5
31 0 67 66 0 0 0 6
31 0 67 66 0 0 1 0
31 0 67 66 0 0 1 1
31 0 67 66 0 0 1 2
31 0 67 66 0 0 1 3
31 0 67 66 0 0 1 4
31 0 67 66 0 0 1 5
31 0 67 66 0 0 1 6
31 0 67 66 0 0 2 0
31 0 67 66 0 0 2 1
31 0 67 66 0 0 2 2
31 0 67 66 0 0 2 3
31 0 67 66 0 0 2 4
31 0 67 66 0 0 2 5
31 0 67 66 0 0 2 6
31 0 67 66 0 0 3 0
31 0 67 66 0 0 3 1
31 0 67 66 0 0 3 2
31 0 67 66 0 0 3 3
31 0 67 66 0 0 3 4
31 0 67 66 0 0 3 5
31 0 67 66 0 0 3 6
31 0 67 66 0 0 4 0
31 0 67 66 0 0 4 1
31 0 67 66 0 0 4 2
31 0 67 66 0 0 4 3
31 0 67 66 0 0 4 4
31 0 67 66 0 0 4 5
31 0 67 66 0 0 4 6
31 0 67 66 0 0 5 0
31 0 67 66 0 0 5 1
31 0 67 66 0 0 5 2
31 0 67 66 0 0 5 3
31 0 67 66 0 0 5 4
31 0 67 66 0 0 5 5
31 0 67 66 0 0 5 6
31 0 67 66 0 0 6 0
31 0 67 66 0 0 6 1
31 0 67 66 0 0 6 2
31 0 67 66 0 0 6 3
31 0 67 66 0 0 6 4
31 0 67 66 0 0 6 5
31 0 67 66 0 0 6 6
31 0 67 66 0 0 7 0
31 0 67 66 0 0 7 1
31 0 67 66 0 0 7 2
31 0 67 66 0 0 7 3
31 0 67 66 0 0 7 4
31 0 67 66 0 0 7 5
31 0 67 66 0 0 7 6
31 0 67 66 0 0 8 0
31 0 67 66 0 0 8 1
31 0 67 66 0 0 8 2
31 0 67 66 0 0 8 3
31 0 67 66 0 0 8 4
31 0 67 66 0 0 8 5
31 0 67 66 0 0 8 6
31 0 67 66 0 0 9 0
31 0 67 66 0 0 9 1
31 0 67 66 0 0 9 2
31 0 67 66 0 0 9 3
31 0 67 66 0 0 9 4
31 0 67 66 0 0 9 5
31 0 67 66 0 0 9 6
31 0 67 66 0 0 10 0
31 0 67 66 0 0 10 1
31 0 67 66 0 0 10 2
31 0 67 66 0 0 10 3
31 0 67 66 0 0 10 4
31 0 67 66 0 0 10 5
31 0 67 66 0 0 10 6
32 0 69 68 0 0 0 0
32 0 69 68 0 0 0 1
32 0 69 68 0 0 0 2
32 0 69 68 0 0 0 3
32 0 69 68 0 0 0 4
32 0 69 68 0 0 0 5
32 0 69 68 0 0 0 6
32 0 69 68 0 0 1 0
32 0 69 68 0 0 1 1
32 0 69 68 0 0 1 2
32 0 69 68 0 0 1 3
32 0 69 68 0 0 1 4
32 0 69 68 0 0 1 5
32 0 69 68 0 0 1 6
32 0 69 68 0 0 2 0
32 0 69 68 0 0 2 1
32 0 69 68 0 0 2 2
32 0 69 68 0 0 2 3
32 0 69 68 0 0 2 4
32 0 69 68 0 0 2 5
32 0 69 68 0 0 2 6
32 0 69 68 0 0 3 0
32 0 69 68 0 0 3 1
32 0 69 68 0 0 3 2
32 0 69 68 0 0 3 3
32 0 69 68 0 0 3 4
32 0 69 68 0 0 3 5
32 0 69 68 0 0 3 6
32 0 69 68 0 0 4 0
32 0 69 68 0 0 4 1
32 0 69 68 0 0 4 2
32 0 69 68 0 0 4 3
32 0 69 68 0 0 4 4
32 0 69 68 0 0 4 5
32 0 69 68 0 0 4 6
32 0 69 68 0 0 5 0
32 0 69 68 0 0 5 1
32 0 69 68 0 0 5 2
32 0 69 68 0 0 5 3
32 0 69 68 0 0 5 4
32 0 69 68 0 0 5 5
32 0 69 68 0 0 5 6
32 0 69 68 0 0 6 0
32 0 69 68 0 0 6 1
32 0 69 68 0 0 6 2
32 0 69 68 0 0 6 3
32 0 69 68 0 0 6 4
32 0 69 68 0 0 6 5
32 0 69 68 0 0 6 6
32 0 69 68 0 0 7 0
32 0 69 68 0 0 7 1
32 0 69 68 0 0 7 2
32 0 69 68 0 0 7 3
32 0 69 68 0 0 7 4
32 0 69 68 0 0 7 5
32 0 69 68 0 0 7 6
32 0 69 68 0 0 8 0
32 0 69 68 0 0 8 1
32 0 69 68 0 0 8 2
32 0 69 68 0 0 8 3
32 0 69 68 0 0 8 4
32 0 69 68 0 0 8 5
32 0 69 68 0 0 8 6
32 0 69 68 0 0 9 0
32 0 69 68 0 0 9 1
32 0 69 68 0 0 9 2
32 0 69 68 0 0 9 3
32 0 69 68 0 0 9 4
32 0 69 68 0 0 9 5
32 0 69 68 0 0 9 6
32 0 69 68 0 0 10 0
32 0 69 68 0 0 10 1
32 0 69 68 0 0 10 2
32 0 69 68 0 0 10 3
32 0 69 68 0 0 10 4
32 0 69 68 0 0 10 5
32 0 69 68 0 0 10 6
33 0 71 70 0 0 0 0
33 0 71 70 0 0 0 1
33 0 71 70 0 0 0 2
33 0 71 70 0 0 0 3
33 0 71 70 0 0 0 4
33 0 71 70 0 0 0 5
33 0 71 70 0 0 0 6
33 0 71 70 0 0 1 0
33 0 71 70 0 0 1 1
33 0 71 70 0 0 1 2
33 0 71 70 0 0 1 3
33 0 71 70 0 0 1 4
33 0 71 70 0 0 1 5
33 0 71 70 0 0 1 6
33 0 71 70 0 0 2 0
33 0 71 70 0 0 2 1
33 0 71 70 0 0 2 2
33 0 71 70 0 0 2 3
33 0 71 70 0 0 2 4
33 0 71 70 0 0 2 5
33 0 71 70 0 0 2 6
33 0 71 70 0 0 3 0
33 0 71 70 0 0 3 1
33 0 71 70 0 0 3 2
33 0 71 70 0 0 3 3
33 0 71 70 0 0 3 4
33 0 71 70 0 0 3 5
33 0 71 70 0 0 3 6
33 0 71 70 0 0 4 0
33 0 71 70 0 0 4 1
33 0 71 70 0 0 4 2
33 0 71 70 0 0 4 3
33 0 71 70 0 0 4 4
33 0 71 70 0 0 4 5
33 0 71 70 0 0 4 6
33 0 71 70 0 0 5 0
33 0 71 70 0 0 5 1
33 0 71 70 0 0 5 2
33 0 71 70 0 0 5 3
33 0 71 70 0 0 5 4
33 0 71 70 0 0 5 5
33 0 71 70 0 0 5 6
33 0 71 70 0 0 6 0
33 0 71 70 0 0 6 1
33 0 71 70 0 0 6 2
33 0 71 70 0 0 6 3
33 0 71 70 0 0 6 4
33 0 71 70 0 0 6 5
33 0 71 70 0 0 6 6
33 0 71 70 0 0 7 0
33 0 71 70 0 0 7 1
33 0 71 70 0 0 7 2
33 0 71 70 0 0 7 3
33 0 71 70 0 0 7 4
33 0 71 70 0 0 7 5
33 0 71 70 0 0 7 6
33 0 71 70 0 0 8 0
33 0 71 70 0 0 8 1
33 0 71 70 0 0 8 2
33 0 71 70 0 0 8 3
33 0 71 70 0 0 8 4
33 0 71 70 0 0 8 5
33 0 71 70 0 0 8 6
33 0 71 70 0 0 9 0
33 0 71 70 0 0 9 1
33 0 71 70 0 0 9 2
33 0 71 70 0 0 9 3
33 0 71 70 0 0 9 4
33 0 71 70 0 0 9 5
33 0 71 70 0 0 9 6
33 0 71 70 0 0 10 0
33 0 71 70 0 0 10 1
33 0 71 70 0 0 10 2
33 0 71 70 0 0 10 3
33 0 71 70 0 0 10 4
33 0 71 70 0 0 10 5
33 0 71 70 0 0 10 6
34 0 73 72 0 0 0 0
34 0 73 72 0 0 0 1
34 0 73 72 0 0 0 2
34 0 73 72 0 0 0 3
34 0 73 72 0 0 0 4
34 0 73 72 0 0 0 5
34 0 73 72 0 0 0 6
34 0 73 72 0 0 1 0
34 0 73 72 0 0 1 1
34 0 73 72 0 0 1 2
34 0 73 72 0 0 1 3
34 0 73 72 0 0 1 4
34 0 73 72 0 0 1 5
34 0 73 72 0 0 1 6
34 0 73 72 0 0 2 0
34 0 73 72 0 0 2 1
34 0 73 72 0 0 2 2
34 0 73 72 0 0 2 3
34 0 73 72 0 0 2 4
34 0 73 72 0 0 2 5
34 0 73 72 0 0 2 6
34 0 73 72 0 0 3 0
34 0 73 72 0 0 3 1
34 0 73 72 0 0 3 2
34 0 73 72 0 0 3 3
34 0 73 72 0 0 3 4
34 0 73 72 0 0 3 5
34 0 73 72 0 0 3 6
34 0 73 72 0 0 4 0
34 0 73 72 0 0 4 1
34 0 73 72 0 0 4 2
34 0 73 72 0 0 4 3
34 0 73 72 0 0 4 4
34 0 73 72 0 0 4 5
34 0 73 72 0 0 4 6
34 0 73 72 0 0 5 0
34 0 73 72 0 0 5 1
34 0 73 72 0 0 5 2
34 0 73 72 0 0 5 3
34 0 73 72 0 0 5 4
34 0 73 72 0 0 5 5
34 0 73 72 0 0 5 6
34 0 73 72 0 0 6 0
34 0 73 72 0 0 6 1
34 0 73 72 0 0 6 2
34 0 73 72 0 0 6 3
34 0 73 72 0 0 6 4
34 0 73 72 0 0 6 5
34 0 73 72 0 0 6 6
34 0 73 72 0 0 7 0
34 0 73 72 0 0 7 1
34 0 73 72 0 0 7 2
34 0 73 72 0 0 7 3
34 0 73 72 0 0 7 4
34 0 73 72 0 0 7 5
34 0 73 72 0 0 7 6
34 0 73 72 0 0 8 0
34 0 73 72 0 0 8 1
34 0 73 72 0 0 8 2
34 0 73 72 0 0 8 3
34 0 73 72 0 0 8 4
34 0 73 72 0 0 8 5
34 0 73 72 0 0 8 6
34 0 73 72 0 0 9 0
34 0 73 72 0 0 9 1
34 0 73 72 0 0 9 2
34 0 73 72 0 0 9 3
34 0 73 72 0 0 9 4
34 0 73 72 0 0 9 5
34 0 73 72 0 0 9 6
34 0 73 72 0 0 10 0
34 0 73 72 0 0 10 1
34 0 73 72 0 0 10 2
34 0 73 72 0 0 10 3
34 0 73 72 0 0 10 4
34 0 73 72 0 0 10 5
34 0 73 72 0 0 10 6
35 0 75 74 0 0 0 0
35 0 75 74 0 0 0 1
35 0 75 74 0 0 0 2
35 0 75 74 0 0 0 3
35 0 75 74 0 0 0 4
35 0 75 74 0 0 0 5
35 0 75 74 0 0 0 6
35 0 75 74 0 0 1 0
35 0 75 74 0 0 1 1
35 0 75 74 0 0 1 2
35 0 75 74 0 0 1 3
35 0 75 74 0 0 1 4
35 0 75 74 0 0 1 5
35 0 75 74 0 0 1 6
35 0 75 74 0 0 2 0
35 0 75 74 0 0 2 1
35 0 75 74 0 0 2 2
35 0 75 74 0 0 2 3
35 0 75 74 0 0 2 4
35 0 75 74 0 0 2 5
35 0 75 74 0 0 2 6
35 0 75 74 0 0 3 0
35 0 75 74 0 0 3 1
35 0 75 74 0 0 3 2
35 0 75 74 0 0 3 3
35 0 75 74 0 0 3 4
35 0 75 74 0 0 3 5
35 0 75 74 0 0 3 6
35 0 75 74 0 0 4 0
35 0 75 74 0 0 4 1
35 0 75 74 0 0 4 2
35 0 75 74 0 0 4 3
35 0 75 74 0 0 4 4
35 0 75 74 0 0 4 5
35 0 75 74 0 0 4 6
35 0 75 74 0 0 5 0
35 0 75 74 0 0 5 1
35 0 75 74 0 0 5 2
35 0 75 74 0 0 5 3
35 0 75 74 0 0 5 4
35 0 75 74 0 0 5 5
35 0 75 74 0 0 5 6
35 0 75 74 0 0 6 0
35 0 75 74 0 0 6 1
35 0 75 74 0 0 6 2
35 0 75 74 0 0 6 3
35 0 75 74 0 0 6 4
35 0 75 74 0 0 6 5
35 0 75 74 0 0 6 6
35 0 75 74 0 0 7 0
35 0 75 74 0 0 7 1
35 0 75 74 0 0 7 2
35 0 75 74 0 0 7 3
35 0 75 74 0 0 7 4
35 0 75 74 0 0 7 5
35 0 75 74 0 0 7 6
35 0 75 74 0 0 8 0
35 0 75 74 0 0 8 1
35 0 75 74 0 0 8 2
35 0 75 74 0 0 8 3
35 0 75 74 0 0 8 4
35 0 75 74 0 0 8 5
35 0 75 74 0 0 8 6
35 0 75 74 0 0 9 0
35 0 75 74 0 0 9 1
35 0 75 74 0 0 9 2
35 0 75 74 0 0 9 3
35 0 75 74 0 0 9 4
35 0 75 74 0 0 9 5
35 0 75 74 0 0 9 6
35 0 75 74 0 0 10 0
35 0 75 74 0 0 10 1
35 0 75 74 0 0 10 2
35 0 75 74 0 0 10 3
35 0 75 74 0 0 10 4
35 0 75 74 0 0 10 5
35 0 75 74 0 0 10 6
36 0 77 76 0 0 0 0
36 0 77 76 0 0 0 1
36 0 77 76 0 0 0 2
36 0 77 76 0 0 0 3
36 0 77 76 0 0 0 4
36 0 77 76 0 0 0 5
36 0 77 76 0 0 0 6
36 0 77 76 0 0 1 0
36 0 77 76 0 0 1 1
36 0 77 76 0 0 1 2
36 0 77 76 0 0 1 3
36 0 77 76 0 0 1 4
36 0 77 76 0 0 1 5
36 0 77 76 0 0 1 6
36 0 77 76 0 0 2 0
36 0 77 76 0 0 2 1
36 0 77 76 0 0 2 2
36 0 77 76 0 0 2 3
36 0 77 76 0 0 2 4
36 0 77 76 0 0 2 5
36 0 77 76 0 0 2 6
36 0 77 76 0 0 3 0
36 0 77 76 0 0 3 1
36 0 77 76 0 0 3 2
36 0 77 76 0 0 3 3
36 0 77 76 0 0 3 4
36 0 77 76 0 0 3 5
36 0 77 76 0 0 3 6
36 0 77 76 0 0 4 0
36 0 77 76 0 0 4 1
36 0 77 76 0 0 4 2
36 0 77 76 0 0 4 3
36 0 77 76 0 0 4 4
36 0 77 76 0 0 4 5
36 0 77 76 0 0 4 6
36 0 77 76 0 0 5 0
36 0 77 76 0 0 5 1
36 0 77 76 0 0 5 2
36 0 77 76 0 0 5 3
36 0 77 76 0 0 5 4
36 0 77 76 0 0 5 5
36 0 77 76 0 0 5 6
36 0 77 76 0 0 6 0
36 0 77 76 0 0 6 1
36 0 77 76 0 0 6 2
36 0 77 76 0 0 6 3
36 0 77 76 0 0 6 4
36 0 77 76 0 0 6 5
36 0 77 76 0 0 6 6
36 0 77 76 0 0 7 0
36 0 77 76 0 0 7 1
36 0 77 76 0 0 7 2
36 0 77 76 0 0 7 3
36 0 77 76 0 0 7 4
36 0 77 76 0 0 7 5
36 0 77 76 0 0 7 6
36 0 77 76 0 0 8 0
36 0 77 76 0 0 8 1
36 0 77 76 0 0 8 2
36 0 77 76 0 0 8 3
36 0 77 76 0 0 8 4
36 0 77 76 0 0 8 5
36 0 77 76 0 0 8 6
36 0 77 76 0 0 9 0
36 0 77 76 0 0 9 1
36 0 77 76 0 0 9 2
36 0 77 76 0 0 9 3
36 0 77 76 0 0 9 4
36 0 77 76 0 0 9 5
36 0 77 76 0 0 9 6
36 0 77 76 0 0 10 0
36 0 77 76 0 0 10 1
36 0 77 76 0 0 10 2
36 0 77 76 0 0 10 3
36 0 77 76 0 0 10 4
36 0 77 76 0 0 10 5
36 0 77 76 0 0 10 6
37 0 79 78 0 0 0 0
37 0 79 78 0 0 0 1
37 0 79 78 0 0 0 2
37 0 79 78 0 0 0 3
37 0 79 78 0 0 0 4
37 0 79 78 0 0 0 5
37 0 79 78 0 0 0 6
37 0 79 78 0 0 1 0
37 0 79 78 0 0 1 1
37 0 79 78 0 0 1 2
37 0 79 78 0 0 1 3
37 0 79 78 0 0 1 4
37 0 79 78 0 0 1 5
37 0 79 78 0 0 1 6
37 0 79 78 0 0 2 0
37 0 79 78 0 0 2 1
37 0 79 78 0 0 2 2
37 0 79 78 0 0 2 3
37 0 79 78 0 0 2 4
37 0 79 78 0 0 2 5
37 0 79 78 0 0 2 6
37 0 79 78 0 0 3 0
37 0 79 78 0 0 3 1
37 0 79 78 0 0 3 2
37 0 79 78 0 0 3 3
37 0 79 78 0 0 3 4
37 0 79 78 0 0 3 5
37 0 79 78 0 0 3 6
37 0 79 78 0 0 4 0
37 0 79 78 0 0 4 1
37 0 79 78 0 0 4 2
37 0 79 78 0 0 4 3
37 0 79 78 0 0 4 4
37 0 79 78 0 0 4 5
37 0 79 78 0 0 4 6
37 0 79 78 0 0 5 0
37 0 79 78 0 0 5 1
37 0 79 78 0 0 5 2
37 0 79 78 0 0 5 3
37 0 79 78 0 0 5 4
37 0 79 78 0 0 5 5
37 0 79 78 0 0 5 6
37 0 79 78 0 0 6 0
37 0 79 78 0 0 6 1
37 0 79 78 0 0 6 2
37 0 79 78 0 0 6 3
37 0 79 78 0 0 6 4
37 0 79 78 0 0 6 5
37 0 79 78 0 0 6 6
37 0 79 78 0 0 7 0
37 0 79 78 0 0 7 1
37 0 79 78 0 0 7 2
37 0 79 78 0 0 7 3
37 0 79 78 0 0 7 4
37 0 79 78 0 0 7 5
37 0 79 78 0 0 7 6
37 0 79 78 0 0 8 0
37 0 79 78 0 0 8 1
37 0 79 78 0 0 8 2
37 0 79 78 0 0 8 3
37 0 79 78 0 0 8 4
37 0 79 78 0 0 8 5
37 0 79 78 0 0 8 6
37 0 79 78 0 0 9 0
37 0 79 78 0 0 9 1
37 0 79 78 0 0 9 2
37 0 79 78 0 0 9 3
37 0 79 78 0 0 9 4
37 0 79 78 0 0 9 5
37 0 79 78 0 0 9 6
37 0 79 78 0 0 10 0
37 0 79 78 0 0 10 1
37 0 79 78 0 0 10 2
37 0 79 78 0 0 10 3
37 0 79 78 0 0 10 4
37 0 79 78 0 0 10 5
37 0 79 78 0 0 10 6
38 0 81 80 0 0 0 0
38 0 81 80 0 0 0 1
38 0 81 80 0 0 0 2
38 0 81 80 0 0 0 3
38 0 81 80 0 0 0 4
38 0 81 80 0 0 0 5
38 0 81 80 0 0 0 6
38 0 81 80 0 0 1 0
38 0 81 80 0 0 1 1
38 0 81 80 0 0 1 2
38 0 81 80 0 0 1 3
38 0 81 80 0 0 1 4
38 0 81 80 0 0 1 5
38 0 81 80 0 0 1 6
38 0 81 80 0 0 2 0
38 0 81 80 0 0 2 1
38 0 81 80 0 0 2 2
38 0 81 80 0 0 2 3
38 0 81 80 0 0 2 4
38 0 81 80 0 0 2 5
38 0 81 80 0 0 2 6
38 0 81 80 0 0 3 0
38 0 81 80 0 0 3 1
38 0 81 80 0 0 3 2
38 0 81 80 0 0 3 3
38 0 81 80 0 0 3 4
38 0 81 80 0 0 3 5
38 0 81 80 0 0 3 6
38 0 81 80 0 0 4 0
38 0 81 80 0 0 4 1
38 0 81 80 0 0 4 2
38 0 81 80 0 0 4 3
38 0 81 80 0 0 4 4
38 0 81 80 0 0 4 5
38 0 81 80 0 0 4 6
38 0 81 80 0 0 5 0
38 0 81 80 0 0 5 1
38 0 81 80 0 0 5 2
38 0 81 80 0 0 5 3
38 0 81 80 0 0 5 4
38 0 81 80 0 0 5 5
38 0 81 80 0 0 5 6
38 0 81 80 0 0 6 0
38 0 81 80 0 0 6 1
38 0 81 80 0 0 6 2
38 0 81 80 0 0 6 3
38 0 81 80 0 0 6 4
38 0 81 80 0 0 6 5
38 0 81 80 0 0 6 6
38 0 81 80 0 0 7 0
38 0 81 80 0 0 7 1
38 0 81 80 0 0 7 2
38 0 81 80 0 0 7 3
38 0 81 80 0 0 7 4
38 0 81 80 0 0 7 5
38 0 81 80 0 0 7 6
38 0 81 80 0 0 8 0
38 0 81 80 0 0 8 1
38 0 81 80 0 0 8 2
38 0 81 80 0 0 8 3
38 0 81 80 0 0 8 4
38 0 81 80 0 0 8 5
38 0 81 80 0 0 8 6
38 0 81 80 0 0 9 0
38 0 81 80 0 0 9 1
38 0 81 80 0 0 9 2
38 0 81 80 0 0 9 3
38 0 81 80 0 0 9 4
38 0 81 80 0 0 9 5
38 0 81 80 0 0 9 6
38 0 81 80 0 0 10 0
38 0 81 80 0 0 10 1
38 0 81 80 0 0 10 2
38 0 81 80 0 0 10 3
38 0 81 80 0 0 10 4
38 0 81 80 0 0 10 5
38 0 81 80 0 0 10 6
39 0 83 82 0 0 0 0
39 0 83 82 0 0 0 1
39 0 83 82 0 0 0 2
39 0 83 82 0 0 0 3
39 0 83 82 0 0 0 4
39 0 83 82 0 0 0 5
39 0 83 82 0 0 0 6
39 0 83 82 0 0 1 0
39 0 83 82 0 0 1 1
39 0 83 82 0 0 1 2
39 0 83 82 0 0 1 3
39 0 83 82 0 0 1 4
39 0 83 82 0 0 1 5
39 0 83 82 0 0 1 6
39 0 83 82 0 0 2 0
39 0 83 82 0 0 2 1
39 0 83 82 0 0 2 2
39 0 83 82 0 0 2 3
39 0 83 82 0 0 2 4
39 0 83 82 0 0 2 5
39 0 83 82 0 0 2 6
39 0 83 82 0 0 3 0
39 0 83 82 0 0 3 1
39 0 83 82 0 0 3 2
39 0 83 82 0 0 3 3
39 0 83 82 0 0 3 4
39 0 83 82 0 0 3 5
39 0 83 82 0 0 3 6
39 0 83 82 0 0 4 0
39 0 83 82 0 0 4 1
39 0 83 82 0 0 4 2
39 0 83 82 0 0 4 3
39 0 83 82 0 0 4 4
39 0 83 82 0 0 4 5
39 0 83 82 0 0 4 6
39 0 83 82 0 0 5 0
39 0 83 82 0 0 5 1
39 0 83 82 0 0 5 2
39 0 83 82 0 0 5 3
39 0 83 82 0 0 5 4
39 0 83 82 0 0 5 5
39 0 83 82 0 0 5 6
39 0 83 82 0 0 6 0
39 0 83 82 0 0 6 1
39 0 83 82 0 0 6 2
39 0 83 82 0 0 6 3
39 0 83 82 0 0 6 4
39 0 83 82 0 0 6 5
39 0 83 82 0 0 6 6
39 0 83 82 0 0 7 0
39 0 83 82 0 0 7 1
39 0 83 82 0 0 7 2
39 0 83 82 0 0 7 3
39 0 83 82 0 0 7 4
39 0 83 82 0 0 7 5
39 0 83 82 0 0 7 6
39 0 83 82 0 0 8 0
39 0 83 82 0 0 8 1
39 0 83 82 0 0 8 2
39 0 83 82 0 0 8 3
39 0 83 82 0 0 8 4
39 0 83 82 0 0 8 5
39 0 83 82 0 0 8 6
39 0 83 82 0 0 9 0
39 0 83 82 0 0 9 1
39 0 83 82 0 0 9 2
39 0 83 82 0 0 9 3
39 0 83 82 0 0 9 4
39 0 83 82 0 0 9 5
39 0 83 82 0 0 9 6
39 0 83 82 0 0 10 0
39 0 83 82 0 0 10 1
39 0 83 82 0 0 10 2
39 0 83 82 0 0 10 3
39 0 83 82 0 0 10 4
39 0 83 82 0 0 10 5
39 0 83 82 0 0 10 6
40 0 85 84 0 0 0 0
40 0 85 84 0 0 0 1
40 0 85 84 0 0 0 2
40 0 85 84 0 0 0 3
40 0 85 84 0 0 0 4
40 0 85 84 0 0 0 5
40 0 85 84 0 0 0 6
40 0 85 84 0 0 1 0
40 0 85 84 0 0 1 1
40 0 85 84 0 0 1 2
40 0 85 84 0 0 1 3
40 0 85 84 0 0 1 4
40 0 85 84 0 0 1 5
40 0 85 84 0 0 1 6
40 0 85 84 0 0 2 0
40 0 85 84 0 0 2 1
40 0 85 84 0 0 2 2
40 0 85 84 0 0 2 3
40 0 85 84 0 0 2 4
40 0 85 84 0 0 2 5
40 0 85 84 0 0 2 6
40 0 85 84 0 0 3 0
40 0 85 84 0 0 3 1
40 0 85 84 0 0 3 2
40 0 85 84 0 0 3 3
40 0 85 84 0 0 3 4
40 0 85 84 0 0 3 5
40 0 85 84 0 0 3 6
40 0 85 84 0 0 4 0
40 0 85 84 0 0 4 1
40 0 85 84 0 0 4 2
40 0 85 84 0 0 4 3
40 0 85 84 0 0 4 4
40 0 85 84 0 0 4 5
40 0 85 84 0 0 4 6
40 0 85 84 0 0 5 0
40 0 85 84 0 0 5 1
40 0 85 84 0 0 5 2
40 0 85 84 0 0 5 3
40 0 85 84 0 0 5 4
40 0 85 84 0 0 5 5
40 0 85 84 0 0 5 6
40 0 85 84 0 0 6 0
40 0 85 84 0 0 6 1
40 0 85 84 0 0 6 2
40 0 85 84 0 0 6 3
40 0 85 84 0 0 6 4
40 0 85 84 0 0 6 5
40 0 85 84 0 0 6 6
40 0 85 84 0 0 7 0
40 0 85 84 0 0 7 1
40 0 85 84 0 0 7 2
40 0 85 84 0 0 7 3
40 0 85 84 0 0 7 4
40 0 85 84 0 0 7 5
40 0 85 84 0 0 7 6
40 0 85 84 0 0 8 0
40 0 85 84 0 0 8 1
40 0 85 84 0 0 8 2
40 0 85 84 0 0 8 3
40 0 85 84 0 0 8 4
40 0 85 84 0 0 8 5
40 0 85 84 0 0 8 6
40 0 85 84 0 0 9 0
40 0 85 84 0 0 9 1
40 0 85 84 0 0 9 2
40 0 85 84 0 0 9 3
40 0 85 84 0 0 9 4
40 0 85 84 0 0 9 5
40 0 85 84 0 0 9 6
40 0 85 84 0 0 10 0
40 0 85 84 0 0 10 1
40 0 85 84 0 0 10 2
40 0 85 84 0 0 10 3
40 0 85 84 0 0 10 4
40 0 85 84 0 0 10 5
40 0 85 84 0 0 10 6
41 0 87 86 0 0 0 0
41 0 87 86 0 0 0 1
41 0 87 86 0 0 0 2
41 0 87 86 0 0 0 3
41 0 87 86 0 0 0 4
41 0 87 86 0 0 0 5
41 0 87 86 0 0 0 6
41 0 87 86 0 0 1 0
41 0 87 86 0 0 1 1
41 0 87 86 0 0 1 2
41 0 87 86 0 0 1 3
41 0 87 86 0 0 1 4
41 0 87 86 0 0 1 5
41 0 87 86 0 0 1 6
41 0 87 86 0 0 2 0
41 0 87 86 0 0 2 1
41 0 87 86 0 0 2 2
41 0 87 86 0 0 2 3
41 0 87 86 0 0 2 4
41 0 87 86 0 0 2 5
41 0 87 86 0 0 2 6
41 0 87 86 0 0 3 0
41 0 87 86 0 0 3 1
41 0 87 86 0 0 3 2
41 0 87 86 0 0 3 3
41 0 87 86 0 0 3 4
41 0 87 86 0 0 3 5
41 0 87 86 0 0 3 6
41 0 87 86 0 0 4 0
41 0 87 86 0 0 4 1
41 0 87 86 0 0 4 2
41 0 87 86 0 0 4 3
41 0 87 86 0 0 4 4
41 0 87 86 0 0 4 5
41 0 87 86 0 0 4 6
41 0 87 86 0 0 5 0
41 0 87 86 0 0 5 1
41 0 87 86 0 0 5 2
41 0 87 86 0 0 5 3
41 0 87 86 0 0 5 4
41 0 87 86 0 0 5 5
41 0 87 86 0 0 5 6
41 0 87 86 0 0 6 0
41 0 87 86 0 0 6 1
41 0 87 86 0 0 6 2
41 0 87 86 0 0 6 3
41 0 87 86 0 0 6 4
41 0 87 86 0 0 6 5
41 0 87 86 0 0 6 6
41 0 87 86 0 0 7 0
41 0 87 86 0 0 7 1
41 0 87 86 0 0 7 2
41 0 87 86 0 0 7 3
41 0 87 86 0 0 7 4
41 0 87 86 0 0 7 5
41 0 87 86 0 0 7 6
41 0 87 86 0 0 8 0
41 0 87 86 0 0 8 1
41 0 87 86 0 0 8 2
41 0 87 86 0 0 8 3
41 0 87 86 0 0 8 4
41 0 87 86 0 0 8 5
41 0 87 86 0 0 8 6
41 0 87 86 0 0 9 0
41 0 87 86 0 0 9 1
41 0 87 86 0 0 9 2
41 0 87 86 0 0 9 3
41 0 87 86 0 0 9 4
41 0 87 86 0 0 9 5
41 0 87 86 0 0 9 6
41 0 87 86 0 0 10 0
41 0 87 86 0 0 10 1
41 0 87 86 0 0 10 2
41 0 87 86 0 0 10 3
41 0 87 86 0 0 10 4
41 0 87 86 0 0 10 5
41 0 87 86 0 0 10 6
42 0 89 88 0 0 0 0
42 0 89 88 0 0 0 1
42 0 89 88 0 0 0 2
42 0 89 88 0 0 0 3
42 0 89 88 0 0 0 4
42 0 89 88 0 0 0 5
42 0 89 88 0 0 0 6
42 0 89 88 0 0 1 0
42 0 89 88 0 0 1 1
42 0 89 88 0 0 1 2
42 0 89 88 0 0 1 3
42 0 89 88 0 0 1 4
42 0 89 88 0 0 1 5
42 0 89 88 0 0 1 6
42 0 89 88 0 0 2 0
42 0 89 88 0 0 2 1
42 0 89 88 0 0 2 2
42 0 89 88 0 0 2 3
42 0 89 88 0 0 2 4
42 0 89 88 0 0 2 5
42 0 89 88 0 0 2 6
42 0 89 88 0 0 3 0
42 0 89 88 0 0 3 1
42 0 89 88 0 0 3 2
42 0 89 88 0 0 3 3
42 0 89 88 0 0 3 4
42 0 89 88 0 0 3 5
42 0 89 88 0 0 3 6
42 0 89 88 0 0 4 0
42 0 89 88 0 0 4 1
42 0 89 88 0 0 4 2
42 0 89 88 0 0 4 3
42 0 89 88 0 0 4 4
42 0 89 88 0 0 4 5
42 0 89 88 0 0 4 6
42 0 89 88 0 0 5 0
42 0 89 88 0 0 5 1
42 0 89 88 0 0 5 2
42 0 89 88 0 0 5 3
42 0 89 88 0 0 5 4
42 0 89 88 0 0 5 5
42 0 89 88 0 0 5 6
42 0 89 88 0 0 6 0
42 0 89 88 0 0 6 1
42 0 89 88 0 0 6 2
42 0 89 88 0 0 6 3
42 0 89 88 0 0 6 4
42 0 89 88 0 0 6 5
42 0 89 88 0 0 6 6
42 0 89 88 0 0 7 0
42 0 89 88 0 0 7 1
42 0 89 88 0 0 7 2
42 0 89 88 0 0 7 3
42 0 89 88 0 0 7 4
42 0 89 88 0 0 7 5
42 0 89 88 0 0 7 6
42 0 89 88 0 0 8 0
42 0 89 88 0 0 8 1
42 0 89 88 0 0 8 2
42 0 89 88 0 0 8 3
42 0 89 88 0 0 8 4
42 0 89 88 0 0 8 5
42 0 89 88 0 0 8 6
42 0 89 88 0 0 9 0
42 0 89 88 0 0 9 1
42 0 89 88 0 0 9 2
42 0 89 88 0 0 9 3
42 0 89 88 0 0 9 4
42 0 89 88 0 0 9 5
42 0 89 88 0 0 9 6
42 0 89 88 0 0 10 0
42 0 89 88 0 0 10 1
42 0 89 88 0 0 10 2
42 0 89 88 0 0 10 3
42 0 89 88 0 0 10 4
42 0 89 88 0 0 10 5
42 0 89 88 0 0 10 6
43 0 91 90 0 0 0 0
43 0 91 90 0 0 0 1
43 0 91 90 0 0 0 2
43 0 91 90 0 0 0 3
43 0 91 90 0 0 0 4
43 0 91 90 0 0 0 5
43 0 91 90 0 0 0 6
43 0 91 90 0 0 1 0
43 0 91 90 0 0 1 1
43 0 91 90 0 0 1 2
43 0 91 90 0 0 1 3
43 0 91 90 0 0 1 4
43 0 91 90 0 0 1 5
43 0 91 90 0 0 1 6
43 0 91 90 0 0 2 0
43 0 91 90 0 0 2 1
43 0 91 90 0 0 2 2
43 0 91 90 0 0 2 3
43 0 91 90 0 0 2 4
43 0 91 90 0 0 2 5
43 0 91 90 0 0 2 6
43 0 91 90 0 0 3 0
43 0 91 90 0 0 3 1
43 0 91 90 0 0 3 2
43 0 91 90 0 0 3 3
43 0 91 90 0 0 3 4
43 0 91 90 0 0 3 5
43 0 91 90 0 0 3 6
43 0 91 90 0 0 4 0
43 0 91 90 0 0 4 1
43 0 91 90 0 0 4 2
43 0 91 90 0 0 4 3
43 0 91 90 0 0 4 4
43 0 91 90 0 0 4 5
43 0 91 90 0 0 4 6
43 0 91 90 0 0 5 0
43 0 91 90 0 0 5 1
43 0 91 90 0 0 5 2
43 0 91 90 0 0 5 3
43 0 91 90 0 0 5 4
43 0 91 90 0 0 5 5
43 0 91 90 0 0 5 6
43 0 91 90 0 0 6 0
43 0 91 90 0 0 6 1
43 0 91 90 0 0 6 2
43 0 91 90 0 0 6 3
43 0 91 90 0 0 6 4
43 0 91 90 0 0 6 5
43 0 91 90 0 0 6 6
43 0 91 90 0 0 7 0
43 0 91 90 0 0 7 1
43 0 91 90 0 0 7 2
43 0 91 90 0 0 7 3
43 0 91 90 0 0 7 4
43 0 91 90 0 0 7 5
43 0 91 90 0 0 7 6
43 0 91 90 0 0 8 0
43 0 91 90 0 0 8 1
43 0 91 90 0 0 8 2
43 0 91 90 0 0 8 3
43 0 91 90 0 0 8 4
43 0 91 90 0 0 8 5
43 0 91 90 0 0 8 6
43 0 91 90 0 0 9 0
43 0 91 90 0 0 9 1
43 0 91 90 0 0 9 2
43 0 91 90 0 0 9 3
43 0 91 90 0 0 9 4
43 0 91 90 0 0 9 5
43 0 91 90 0 0 9 6
43 0 91 90 0 0 10 0
43 0 91 90 0 0 10 1
43 0 91 90 0 0 10 2
43 0 91 90 0 0 10 3
43 0 91 90 0 0 10 4
43 0 91 90 0 0 10 5
43 0 91 90 0 0 10 6
44 0 93 92 0 0 0 0
44 0 93 92 0 0 0 1
44 0 93 92 0 0 0 2
44 0 93 92 0 0 0 3
44 0 93 92 0 0 0 4
44 0 93 92 0 0 0 5
44 0 93 92 0 0 0 6
44 0 93 92 0 0 1 0
44 0 93 92 0 0 1 1
44 0 93 92 0 0 1 2
44 0 93 92 0 0 1 3
44 0 93 92 0 0 1 4
44 0 93 92 0 0 1 5
44 0 93 92 0 0 1 6
44 0 93 92 0 0 2 0
44 0 93 92 0 0 2 1
44 0 93 92 0 0 2 2
44 0 93 92 0 0 2 3
44 0 93 92 0 0 2 4
44 0 93 92 0 0 2 5
44 0 93 92 0 0 2 6
44 0 93 92 0 0 3 0
44 0 93 92 0 0 3 1
44 0 93 92 0 0 3 2
44 0 93 92 0 0 3 3
44 0 93 92 0 0 3 4
44 0 93 92 0 0 3 5
44 0 93 92 0 0 3 6
44 0 93 92 0 0 4 0
44 0 93 92 0 0 4 1
44 0 93 92 0 0 4 2
44 0 93 92 0 0 4 3
44 0 93 92 0 0 4 4
44 0 93 92 0 0 4 5
44 0 93 92 0 0 4 6
44 0 93 92 0 0 5 0
44 0 93 92 0 0 5 1
44 0 93 92 0 0 5 2
44 0 93 92 0 0 5 3
44 0 93 92 0 0 5 4
44 0 93 92 0 0 5 5
44 0 93 92 0 0 5 6
44 0 93 92 0 0 6 0
44 0 93 92 0 0 6 1
44 0 93 92 0 0 6 2
44 0 93 92 0 0 6 3
44 0 93 92 0 0 6 4
44 0 93 92 0 0 6 5
44 0 93 92 0 0 6 6
44 0 93 92 0 0 7 0
44 0 93 92 0 0 7 1
44 0 93 92 0 0 7 2
44 0 93 92 0 0 7 3
44 0 93 92 0 0 7 4
44 0 93 92 0 0 7 5
44 0 93 92 0 0 7 6
44 0 93 92 0 0 8 0
44 0 93 92 0 0 8 1
44 0 93 92 0 0 8 2
44 0 93 92 0 0 8 3
44 0 93 92 0 0 8 4
44 0 93 92 0 0 8 5
44 0 93 92 0 0 8 6
44 0 93 92 0 0 9 0
44 0 93 92 0 0 9 1
44 0 93 92 0 0 9 2
44 0 93 92 0 0 9 3
44 0 93 92 0 0 9 4
44 0 93 92 0 0 9 5
44 0 93 92 0 0 9 6
44 0 93 92 0 0 10 0
44 0 93 92 0 0 10 1
44 0 93 92 0 0 10 2
44 0 93 92 0 0 10 3
44 0 93 92 0 0 10 4
44 0 93 92 0 0 10 5
44 0 93 92 0 0 10 6
45 0 95 94 0 0 0 0
45 0 95 94 0 0 0 1
45 0 95 94 0 0 0 2
45 0 95 94 0 0 0 3
45 0 95 94 0 0 0 4
45 0 95 94 0 0 0 5
45 0 95 94 0 0 0 6
45 0 95 94 0 0 1 0
45 0 95 94 0 0 1 1
45 0 95 94 0 0 1 2
45 0 95 94 0 0 1 3
45 0 95 94 0 0 1 4
45 0 95 94 0 0 1 5
45 0 95 94 0 0 1 6
45 0 95 94 0 0 2 0
45 0 95 94 0 0 2 1
45 0 95 94 0 0 2 2
45 0 95 94 0 0 2 3
45 0 95 94 0 0 2 4
45 0 95 94 0 0 2 5
45 0 95 94 0 0 2 6
45 0 95 94 0 0 3 0
45 0 95 94 0 0 3 1
45 0 95 94 0 0 3 2
45 0 95 94 0 0 3 3
45 0 95 94 0 0 3 4
45 0 95 94 0 0 3 5
45 0 95 94 0 0 3 6
45 0 95 94 0 0 4 0
45 0 95 94 0 0 4 1
45 0 95 94 0 0 4 2
45 0 95 94 0 0 4 3
45 0 95 94 0 0 4 4
45 0 95 94 0 0 4 5
45 0 95 94 0 0 4 6
45 0 95 94 0 0 5 0
45 0 95 94 0 0 5 1
45 0 95 94 0 0 5 2
45 0 95 94 0 0 5 3
45 0 95 94 0 0 5 4
45 0 95 94 0 0 5 5
45 0 95 94 0 0 5 6
45 0 95 94 0 0 6 0
45 0 95 94 0 0 6 1
45 0 95 94 0 0 6 2
45 0 95 94 0 0 6 3
45 0 95 94 0 0 6 4
45 0 95 94 0 0 6 5
45 0 95 94 0 0 6 6
45 0 95 94 0 0 7 0
45 0 95 94 0 0 7 1
45 0 95 94 0 0 7 2
45 0 95 94 0 0 7 3
45 0 95 94 0 0 7 4
45 0 95 94 0 0 7 5
45 0 95 94 0 0 7 6
45 0 95 94 0 0 8 0
45 0 95 94 0 0 8 1
45 0 95 94 0 0 8 2
45 0 95 94 0 0 8 3
45 0 95 94 0 0 8 4
45 0 95 94 0 0 8 5
45 0 95 94 0 0 8 6
45 0 95 94 0 0 9 0
45 0 95 94 0 0 9 1
45 0 95 94 0 0 9 2
45 0 95 94 0 0 9 3
45 0 95 94 0 0 9 4
45 0 95 94 0 0 9 5
45 0 95 94 0 0 9 6
45 0 95 94 0 0 10 0
45 0 95 94 0 0 10 1
45 0 95 94 0 0 10 2
45 0 95 94 0 0 10 3
45 0 95 94 0 0 10 4
45 0 95 94 0 0 10 5
45 0 95 94 0 0 10 6
46 0 97 96 0 0 0 0
46 0 97 96 0 0 0 1
46 0 97 96 0 0 0 2
46 0 97 96 0 0 0 3
46 0 97 96 0 0 0 4
46 0 97 96 0 0 0 5
46 0 97 96 0 0 0 6
46 0 97 96 0 0 1 0
46 0 97 96 0 0 1 1
46 0 97 96 0 0 1 2
46 0 97 96 0 0 1 3
46 0 97 96 0 0 1 4
46 0 97 96 0 0 1 5
46 0 97 96 0 0 1 6
46 0 97 96 0 0 2 0
46 0 97 96 0 0 2 1
46 0 97 96 0 0 2 2
46 0 97 96 0 0 2 3
46 0 97 96 0 0 2 4
46 0 97 96 0 0 2 5
46 0 97 96 0 0 2 6
46 0 97 96 0 0 3 0
46 0 97 96 0 0 3 1
46 0 97 96 0 0 3 2
46 0 97 96 0 0 3 3
46 0 97 96 0 0 3 4
46 0 97 96 0 0 3 5
46 0 97 96 0 0 3 6
46 0 97 96 0 0 4 0
46 0 97 96 0 0 4 1
46 0 97 96 0 0 4 2
46 0 97 96 0 0 4 3
46 0 97 96 0 0 4 4
46 0 97 96 0 0 4 5
46 0 97 96 0 0 4 6
46 0 97 96 0 0 5 0
46 0 97 96 0 0 5 1
46 0 97 96 0 0 5 2
46 0 97 96 0 0 5 3
46 0 97 96 0 0 5 4
46 0 97 96 0 0 5 5
46 0 97 96 0 0 5 6
46 0 97 96 0 0 6 0
46 0 97 96 0 0 6 1
46 0 97 96 0 0 6 2
46 0 97 96 0 0 6 3
46 0 97 96 0 0 6 4
46 0 97 96 0 0 6 5
46 0 97 96 0 0 6 6
46 0 97 96 0 0 7 0
46 0 97 96 0 0 7 1
46 0 97 96 0 0 7 2
46 0 97 96 0 0 7 3
46 0 97 96 0 0 7 4
46 0 97 96 0 0 7 5
46 0 97 96 0 0 7 6
46 0 97 96 0 0 8 0
46 0 97 96 0 0 8 1
46 0 97 96 0 0 8 2
46 0 97 96 0 0 8 3
46 0 97 96 0 0 8 4
46 0 97 96 0 0 8 5
46 0 97 96 0 0 8 6
46 0 97 96 0 0 9 0
46 0 97 96 0 0 9 1
46 0 97 96 0 0 9 2
46 0 97 96 0 0 9 3
46 0 97 96 0 0 9 4
46 0 97 96 0 0 9 5
46 0 97 96 0 0 9 6
46 0 97 96 0 0 10 0
46 0 97 96 0 0 10 1
46 0 97 96 0 0 10 2
46 0 97 96 0 0 10 3
46 0 97 96 0 0 10 4
46 0 97 96 0 0 10 5
46 0 97 96 0 0 10 6
47 0 99 98 0 0 0 0
47 0 99 98 0 0 0 1
47 0 99 98 0 0 0 2
47 0 99 98 0 0 0 3
47 0 99 98 0 0 0 4
47 0 99 98 0 0 0 5
47 0 99 98 0 0 0 6
47 0 99 98 0 0 1 0
47 0 99 98 0 0 1 1
47 0 99 98 0 0 1 2
47 0 99 98 0 0 1 3
47 0 99 98 0 0 1 4
47 0 99 98 0 0 1 5
47 0 99 98 0 0 1 6
47 0 99 98 0 0 2 0
47 0 99 98 0 0 2 1
47 0 99 98 0 0 2 2
47 0 99 98 0 0 2 3
47 0 99 98 0 0 2 4
47 0 99 98 0 0 2 5
47 0 99 98 0 0 2 6
47 0 99 98 0 0 3 0
47 0 99 98 0 0 3 1
47 0 99 98 0 0 3 2
47 0 99 98 0 0 3 3
47 0 99 98 0 0 3 4
47 0 99 98 0 0 3 5
47 0 99 98 0 0 3 6
47 0 99 98 0 0 4 0
47 0 99 98 0 0 4 1
47 0 99 98 0 0 4 2
47 0 99 98 0 0 4 3
47 0 99 98 0 0 4 4
47 0 99 98 0 0 4 5
47 0 99 98 0 0 4 6
47 0 99 98 0 0 5 0
47 0 99 98 0 0 5 1
47 0 99 98 0 0 5 2
47 0 99 98 0 0 5 3
47 0 99 98 0 0 5 4
47 0 99 98 0 0 5 5
47 0 99 98 0 0 5 6
47 0 99 98 0 0 6 0
47 0 99 98 0 0 6 1
47 0 99 98 0 0 6 2
47 0 99 98 0 0 6 3
47 0 99 98 0 0 6 4
47 0 99 98 0 0 6 5
47 0 99 98 0 0 6 6
47 0 99 98 0 0 7 0
47 0 99 98 0 0 7 1
47 0 99 98 0 0 7 2
47 0 99 98 0 0 7 3
47 0 99 98 0 0 7 4
47 0 99 98 0 0 7 5
47 0 99 98 0 0 7 6
47 0 99 98 0 0 8 0
47 0 99 98 0 0 8 1
47 0 99 98 0 0 8 2
47 0 99 98 0 0 8 3
47 0 99 98 0 0 8 4
47 0 99 98 0 0 8 5
47 0 99 98 0 0 8 6
47 0 99 98 0 0 9 0
47 0 99 98 0 0 9 1
47 0 99 98 0 0 9 2
47 0 99 98 0 0 9 3
47 0 99 98 0 0 9 4
47 0 99 98 0 0 9 5
47 0 99 98 0 0 9 6
47 0 99 98 0 0 10 0
47 0 99 98 0 0 10 1
47 0 99 98 0 0 10 2
47 0 99 98 0 0 10 3
47 0 99 98 0 0 10 4
47 0 99 98 0 0 10 5
47 0 99 98 0 0 10 6
48 0 101 100 0 0 0 0
48 0 101 100 0 0 0 1
48 0 101 100 0 0 0 2
48 0 101 100 0 0 0 3
48 0 101 100 0 0 0 4
48 0 101 100 0 0 0 5
48 0 101 100 0 0 0 6
48 0 101 100 0 0 1 0
48 0 101 100 0 0 1 1
48 0 101 100 0 0 1 2
48 0 101 100 0 0 1 3
48 0 101 100 0 0 1 4
48 0 101 100 0 0 1 5
48 0 101 100 0 0 1 6
48 0 101 100 0 0 2 0
48 0 101 100 0 0 2 1
48 0 101 100 0 0 2 2
48 0 101 100 0 0 2 3
48 0 101 100 0 0 2 4
48 0 101 100 0 0 2 5
48 0 101 100 0 0 2 6
48 0 101 100 0 0 3 0
48 0 101 100 0 0 3 1
48 0 101 100 0 0 3 2
48 0 101 100 0 0 3 3
48 0 101 100 0 0 3 4
48 0 101 100 0 0 3 5
48 0 101 100 0 0 3 6
48 0 101 100 0 0 4 0
48 0 101 100 0 0 4 1
48 0 101 100 0 0 4 2
48 0 101 100 0 0 4 3
48 0 101 100 0 0 4 4
48 0 101 100 0 0 4 5
48 0 101 100 0 0 4 6
48 0 101 100 0 0 5 0
48 0 101 100 0 0 5 1
48 0 101 100 0 0 5 2
48 0 101 100 0 0 5 3
48 0 101 100 0 0 5 4
48 0 101 100 0 0 5 5
48 0 101 100 0 0 5 6
48 0 101 100 0 0 6 0
48 0 101 100 0 0 6 1
48 0 101 100 0 0 6 2
48 0 101 100 0 0 6 3
48 0 101 100 0 0 6 4
48 0 101 100 0 0 6 5
48 0 101 100 0 0 6 6
48 0 101 100 0 0 7 0
48 0 101 100 0 0 7 1
48 0 101 100 0 0 7 2
48 0 101 100 0 0 7 3
48 0 101 100 0 0 7 4
48 0 101 100 0 0 7 5
48 0 101 100 0 0 7 6
48 0 101 100 0 0 8 0
48 0 101 100 0 0 8 1
48 0 101 100 0 0 8 2
48 0 101 100 0 0 8 3
48 0 101 100 0 0 8 4
48 0 101 100 0 0 8 5
48 0 101 100 0 0 8 6
48 0 101 100 0 0 9 0
48 0 101 100 0 0 9 1
48 0 101 100 0 0 9 2
48 0 101 100 0 0 9 3
48 0 101 100 0 0 9 4
48 0 101 100 0 0 9 5
48 0 101 100 0 0 9 6
48 0 101 100 0 0 10 0
48 0 101 100 0 0 10 1
48 0 101 100 0 0 10 2
48 0 101 100 0 0 10 3
48 0 101 100 0 0 10 4
48 0 101 100 0 0 10 5
48 0 101 100 0 0 10 6
49 0 103 102 0 0 0 0
49 0 103 102 0 0 0 1
49 0 103 102 0 0 0 2
49 0 103 102 0 0 0 3
49 0 103 102 0 0 0 4
49 0 103 102 0 0 0 5
49 0 103 102 0 0 0 6
49 0 103 102 0 0 1 0
49 0 103 102 0 0 1 1
49 0 103 102 0 0 1 2
49 0 103 102 0 0 1 3
49 0 103 102 0 0 1 4
49 0 103 102 0 0 1 5
49 0 103 102 0 0 1 6
49 0 103 102 0 0 2 0
49 0 103 102 0 0 2 1
49 0 103 102 0 0 2 2
49 0 103 102 0 0 2 3
49 0 103 102 0 0 2 4
49 0 103 102 0 0 2 5
49 0 103 102 0 0 2 6
49 0 103 102 0 0 3 0
49 0 103 102 0 0 3 1
49 0 103 102 0 0 3 2
49 0 103 102 0 0 3 3
49 0 103 102 0 0 3 4
49 0 103 102 0 0 3 5
49 0 103 102 0 0 3 6
49 0 103 102 0 0 4 0
49 0 103 102 0 0 4 1
49 0 103 102 0 0 4 2
49 0 103 102 0 0 4 3
49 0 103 102 0 0 4 4
49 0 103 102 0 0 4 5
49 0 103 102 0 0 4 6
49 0 103 102 0 0 5 0
49 0 103 102 0 0 5 1
49 0 103 102 0 0 5 2
49 0 103 102 0 0 5 3
49 0 103 102 0 0 5 4
49 0 103 102 0 0 5 5
49 0 103 102 0 0 5 6
49 0 103 102 0 0 6 0
49 0 103 102 0 0 6 1
49 0 103 102 0 0 6 2
49 0 103 102 0 0 6 3
49 0 103 102 0 0 6 4
49 0 103 102 0 0 6 5
49 0 103 102 0 0 6 6
49 0 103 102 0 0 7 0
49 0 103 102 0 0 7 1
49 0 103 102 0 0 7 2
49 0 103 102 0 0 7 3
49 0 103 102 0 0 7 4
49 0 103 102 0 0 7 5
49 0 103 102 0 0 7 6
49 0 103 102 0 0 8 0
49 0 103 102 0 0 8 1
49 0 103 102 0 0 8 2
49 0 103 102 0 0 8 3
49 0 103 102 0 0 8 4
49 0 103 102 0 0 8 5
49 0 103 102 0 0 8 6
49 0 103 102 0 0 9 0
49 0 103 102 0 0 9 1
49 0 103 102 0 0 9 2
49 0 103 102 0 0 9 3
49 0 103 102 0 0 9 4
49 0 103 102 0 0 9 5
49 0 103 102 0 0 9 6
49 0 103 102 0 0 10 0
49 0 103 102 0 0 10 1
49 0 103 102 0 0 10 2
49 0 103 102 0 0 10 3
49 0 103 102 0 0 10 4
49 0 103 102 0 0 10 5
49 0 103 102 0 0 10 6
50 0 105 104 0 0 0 0
50 0 105 104 0 0 0 1
50 0 105 104 0 0 0 2
50 0 105 104 0 0 0 3
50 0 105 104 0 0 0 4
50 0 105 104 0 0 0 5
50 0 105 104 0 0 0 6
50 0 105 104 0 0 1 0
50 0 105 104 0 0 1 1
50 0 105 104 0 0 1 2
50 0 105 104 0 0 1 3
50 0 105 104 0 0 1 4
50 0 105 104 0 0 1 5
50 0 105 104 0 0 1 6
50 0 105 104 0 0 2 0
50 0 105 104 0 0 2 1
50 0 105 104 0 0 2 2
50 0 105 104 0 0 2 3
50 0 105 104 0 0 2 4
50 0 105 104 0 0 2 5
50 0 105 104 0 0 2 6
50 0 105 104 0 0 3 0
50 0 105 104 0 0 3 1
50 0 105 104 0 0 3 2
50 0 105 104 0 0 3 3
50 0 105 104 0 0 3 4
50 0 105 104 0 0 3 5
50 0 105 104 0 0 3 6
50 0 105 104 0 0 4 0
50 0 105 104 0 0 4 1
50 0 105 104 0 0 4 2
50 0 105 104 0 0 4 3
50 0 105 104 0 0 4 4
50 0 105 104 0 0 4 5
50 0 105 104 0 0 4 6
50 0 105 104 0 0 5 0
50 0 105 104 0 0 5 1
50 0 105 104 0 0 5 2
50 0 105 104 0 0 5 3
50 0 105 104 0 0 5 4
50 0 105 104 0 0 5 5
50 0 105 104 0 0 5 6
50 0 105 104 0 0 6 0
50 0 105 104 0 0 6 1
50 0 105 104 0 0 6 2
50 0 105 104 0 0 6 3
50 0 105 104 0 0 6 4
50 0 105 104 0 0 6 5
50 0 105 104 0 0 6 6
50 0 105 104 0 0 7 0
50 0 105 104 0 0 7 1
50 0 105 104 0 0 7 2
50 0 105 104 0 0 7 3
50 0 105 104 0 0 7 4
50 0 105 104 0 0 7 5
50 0 105 104 0 0 7 6
50 0 105 104 0 0 8 0
50 0 105 104 0 0 8 1
50 0 105 104 0 0 8 2
50 0 105 104 0 0 8 3
50 0 105 104 0 0 8 4
50 0 105 104 0 0 8 5
50 0 105 104 0 0 8 6
50 0 105 104 0 0 9 0
50 0 105 104 0 0 9 1
50 0 105 104 0 0 9 2
50 0 105 104 0 0 9 3
50 0 105 104 0 0 9 4
50 0 105 104 0 0 9 5
50 0 105 104 0 0 9 6
50 0 105 104 0 0 10 0
50 0 105 104 0 0 10 1
50 0 105 104 0 0 10 2
50 0 105 104 0 0 10 3
50 0 105 104 0 0 10 4
50 0 105 104 0 0 10 5
50 0 105 104 0 0 10 6
51 0 107 106 0 0 0 0
51 0 107 106 0 0 0 1
51 0 107 106 0 0 0 2
51 0 107 106 0 0 0 3
51 0 107 106 0 0 0 4
51 0 107 106 0 0 0 5
51 0 107 106 0 0 0 6
51 0 107 106 0 0 1 0
51 0 107 106 0 0 1 1
51 0 107 106 0 0 1 2
51 0 107 106 0 0 1 3
51 0 107 106 0 0 1 4
51 0 107 106 0 0 1 5
51 0 107 106 0 0 1 6
51 0 107 106 0 0 2 0
51 0 107 106 0 0 2 1
51 0 107 106 0 0 2 2
51 0 107 106 0 0 2 3
51 0 107 106 0 0 2 4
51 0 107 106 0 0 2 5
51 0 107 106 0 0 2 6
51 0 107 106 0 0 3 0
51 0 107 106 0 0 3 1
51 0 107 106 0 0 3 2
51 0 107 106 0 0 3 3
51 0 107 106 0 0 3 4
51 0 107 106 0 0 3 5
51 0 107 106 0 0 3 6
51 0 107 106 0 0 4 0
51 0 107 106 0 0 4 1
51 0 107 106 0 0 4 2
51 0 107 106 0 0 4 3
51 0 107 106 0 0 4 4
51 0 107 106 0 0 4 5
51 0 107 106 0 0 4 6
51 0 107 106 0 0 5 0
51 0 107 106 0 0 5 1
51 0 107 106 0 0 5 2
51 0 107 106 0 0 5 3
51 0 107 106 0 0 5 4
51 0 107 106 0 0 5 5
51 0 107 106 0 0 5 6
51 0 107 106 0 0 6 0
51 0 107 106 0 0 6 1
51 0 107 106 0 0 6 2
51 0 107 106 0 0 6 3
51 0 107 106 0 0 6 4
51 0 107 106 0 0 6 5
51 0 107 106 0 0 6 6
51 0 107 106 0 0 7 0
51 0 107 106 0 0 7 1
51 0 107 106 0 0 7 2
51 0 107 106 0 0 7 3
51 0 107 106 0 0 7 4
51 0 107 106 0 0 7 5
51 0 107 106 0 0 7 6
51 0 107 106 0 0 8 0
51 0 107 106 0 0 8 1
51 0 107 106 0 0 8 2
51 0 107 106 0 0 8 3
51 0 107 106 0 0 8 4
51 0 107 106 0 0 8 5
51 0 107 106 0 0 8 6
51 0 107 106 0 0 9 0
51 0 107 106 0 0 9 1
51 0 107 106 0 0 9 2
51 0 107 106 0 0 9 3
51 0 107 106 0 0 9 4
51 0 107 106 0 0 9 5
51 0 107 106 0 0 9 6
51 0 107 106 0 0 10 0
51 0 107 106 0 0 10 1
51 0 107 106 0 0 10 2
51 0 107 106 0 0 10 3
51 0 107 106 0 0 10 4
51 0 107 106 0 0 10 5
51 0 107 106 0 0 10 6
52 0 109 108 0 0 0 0
52 0 109 108 0 0 0 1
52 0 109 108 0 0 0 2
52 0 109 108 0 0 0 3
52 0 109 108 0 0 0 4
52 0 109 108 0 0 0 5
52 0 109 108 0 0 0 6
52 0 109 108 0 0 1 0
52 0 109 108 0 0 1 1
52 0 109 108 0 0 1 2
52 0 109 108 0 0 1 3
52 0 109 108 0 0 1 4
52 0 109 108 0 0 1 5
52 0 109 108 0 0 1 6
52 0 109 108 0 0 2 0
52 0 109 108 0 0 2 1
52 0 109 108 0 0 2 2
52 0 109 108 0 0 2 3
52 0 109 108 0 0 2 4
52 0 109 108 0 0 2 5
52 0 109 108 0 0 2 6
52 0 109 108 0 0 3 0
52 0 109 108 0 0 3 1
52 0 109 108 0 0 3 2
52 0 109 108 0 0 3 3
52 0 109 108 0 0 3 4
52 0 109 108 0 0 3 5
52 0 109 108 0 0 3 6
52 0 109 108 0 0 4 0
52 0 109 108 0 0 4 1
52 0 109 108 0 0 4 2
52 0 109 108 0 0 4 3
52 0 109 108 0 0 4 4
52 0 109 108 0 0 4 5
52 0 109 108 0 0 4 6
52 0 109 108 0 0 5 0
52 0 109 108 0 0 5 1
52 0 109 108 0 0 5 2
52 0 109 108 0 0 5 3
52 0 109 108 0 0 5 4
52 0 109 108 0 0 5 5
52 0 109 108 0 0 5 6
52 0 109 108 0 0 6 0
52 0 109 108 0 0 6 1
52 0 109 108 0 0 6 2
52 0 109 108 0 0 6 3
52 0 109 108 0 0 6 4
52 0 109 108 0 0 6 5
52 0 109 108 0 0 6 6
52 0 109 108 0 0 7 0
52 0 109 108 0 0 7 1
52 0 109 108 0 0 7 2
52 0 109 108 0 0 7 3
52 0 109 108 0 0 7 4
52 0 109 108 0 0 7 5
52 0 109 108 0 0 7 6
52 0 109 108 0 0 8 0
52 0 109 108 0 0 8 1
52 0 109 108 0 0 8 2
52 0 109 108 0 0 8 3
52 0 109 108 0 0 8 4
52 0 109 108 0 0 8 5
52 0 109 108 0 0 8 6
52 0 109 108 0 0 9 0
52 0 109 108 0 0 9 1
52 0 109 108 0 0 9 2
52 0 109 108 0 0 9 3
52 0 109 108 0 0 9 4
52 0 109 108 0 0 9 5
52 0 109 108 0 0 9 6
52 0 109 108 0 0 10 0
52 0 109 108 0 0 10 1
52 0 109 108 0 0 10 2
52 0 109 108 0 0 10 3
52 0 109 108 0 0 10 4
52 0 109 108 0 0 10 5
52 0 109 108 0 0 10 6
53 0 111 110 0 0 0 0
53 0 111 110 0 0 0 1
53 0 111 110 0 0 0 2
53 0 111 110 0 0 0 3
53 0 111 110 0 0 0 4
53 0 111 110 0 0 0 5
53 0 111 110 0 0 0 6
53 0 111 110 0 0 1 0
53 0 111 110 0 0 1 1
53 0 111 110 0 0 1 2
53 0 111 110 0 0 1 3
53 0 111 110 0 0 1 4
53 0 111 110 0 0 1 5
53 0 111 110 0 0 1 6
53 0 111 110 0 0 2 0
53 0 111 110 0 0 2 1
53 0 111 110 0 0 2 2
53 0 111 110 0 0 2 3
53 0 111 110 0 0 2 4
53 0 111 110 0 0 2 5
53 0 111 110 0 0 2 6
53 0 111 110 0 0 3 0
53 0 111 110 0 0 3 1
53 0 111 110 0 0 3 2
53 0 111 110 0 0 3 3
53 0 111 110 0 0 3 4
53 0 111 110 0 0 3 5
53 0 111 110 0 0 3 6
53 0 111 110 0 0 4 0
53 0 111 110 0 0 4 1
53 0 111 110 0 0 4 2
53 0 111 110 0 0 4 3
53 0 111 110 0 0 4 4
53 0 111 110 0 0 4 5
53 0 111 110 0 0 4 6
53 0 111 110 0 0 5 0
53 0 111 110 0 0 5 1
53 0 111 110 0 0 5 2
53 0 111 110 0 0 5 3
53 0 111 110 0 0 5 4
53 0 111 110 0 0 5 5
53 0 111 110 0 0 5 6
53 0 111 110 0 0 6 0
53 0 111 110 0 0 6 1
53 0 111 110 0 0 6 2
53 0 111 110 0 0 6 3
53 0 111 110 0 0 6 4
53 0 111 110 0 0 6 5
53 0 111 110 0 0 6 6
53 0 111 110 0 0 7 0
53 0 111 110 0 0 7 1
53 0 111 110 0 0 7 2
53 0 111 110 0 0 7 3
53 0 111 110 0 0 7 4
53 0 111 110 0 0 7 5
53 0 111 110 0 0 7 6
53 0 111 110 0 0 8 0
53 0 111 110 0 0 8 1
53 0 111 110 0 0 8 2
53 0 111 110 0 0 8 3
53 0 111 110 0 0 8 4
53 0 111 110 0 0 8 5
53 0 111 110 0 0 8 6
53 0 111 110 0 0 9 0
53 0 111 110 0 0 9 1
53 0 111 110 0 0 9 2
53 0 111 110 0 0 9 3
53 0 111 110 0 0 9 4
53 0 111 110 0 0 9 5
53 0 111 110 0 0 9 6
53 0 111 110 0 0 10 0
53 0 111 110 0 0 10 1
53 0 111 110 0 0 10 2
53 0 111 110 0 0 10 3
53 0 111 110 0 0 10 4
53 0 111 110 0 0 10 5
53 0 111 110 0 0 10 6
54 0 113 112 0 0 0 0
54 0 113 112 0 0 0 1
54 0 113 112 0 0 0 2
54 0 113 112 0 0 0 3
54 0 113 112 0 0 0 4
54 0 113 112 0 0 0 5
54 0 113 112 0 0 0 6
54 0 113 112 0 0 1 0
54 0 113 112 0 0 1 1
54 0 113 112 0 0 1 2
54 0 113 112 0 0 1 3
54 0 113 112 0 0 1 4
54 0 113 112 0 0 1 5
54 0 113 112 0 0 1 6
54 0 113 112 0 0 2 0
54 0 113 112 0 0 2 1
54 0 113 112 0 0 2 2
54 0 113 112 0 0 2 3
54 0 113 112 0 0 2 4
54 0 113 112 0 0 2 5
54 0 113 112 0 0 2 6
54 0 113 112 0 0 3 0
54 0 113 112 0 0 3 1
54 0 113 112 0 0 3 2
54 0 113 112 0 0 3 3
54 0 113 112 0 0 3 4
54 0 113 112 0 0 3 5
54 0 113 112 0 0 3 6
54 0 113 112 0 0 4 0
54 0 113 112 0 0 4 1
54 0 113 112 0 0 4 2
54 0 113 112 0 0 4 3
54 0 113 112 0 0 4 4
54 0 113 112 0 0 4 5
54 0 113 112 0 0 4 6
54 0 113 112 0 0 5 0
54 0 113 112 0 0 5 1
54 0 113 112 0 0 5 2
54 0 113 112 0 0 5 3
54 0 113 112 0 0 5 4
54 0 113 112 0 0 5 5
54 0 113 112 0 0 5 6
54 0 113 112 0 0 6 0
54 0 113 112 0 0 6 1
54 0 113 112 0 0 6 2
54 0 113 112 0 0 6 3
54 0 113 112 0 0 6 4
54 0 113 112 0 0 6 5
54 0 113 112 0 0 6 6
54 0 113 112 0 0 7 0
54 0 113 112 0 0 7 1
54 0 113 112 0 0 7 2
54 0 113 112 0 0 7 3
54 0 113 112 0 0 7 4
54 0 113 112 0 0 7 5
54 0 113 112 0 0 7 6
54 0 113 112 0 0 8 0
54 0 113 112 0 0 8 1
54 0 113 112 0 0 8 2
54 0 113 112 0 0 8 3
54 0 113 112 0 0 8 4
54 0 113 112 0 0 8 5
54 0 113 112 0 0 8 6
54 0 113 112 0 0 9 0
54 0 113 112 0 0 9 1
54 0 113 112 0 0 9 2
54 0 113 112 0 0 9 3
54 0 113 112 0 0 9 4
54 0 113 112 0 0 9 5
54 0 113 112 0 0 9 6
54 0 113 112 0 0 10 0
54 0 113 112 0 0 10 1
54 0 113 112 0 0 10 2
54 0 113 112 0 0 10 3
54 0 113 112 0 0 10 4
54 0 113 112 0 0 10 5
54 0 113 112 0 0 10 6
55 0 115 114 0 0 0 0
55 0 115 114 0 0 0 1
55 0 115 114 0 0 0 2
55 0 115 114 0 0 0 3
55 0 115 114 0 0 0 4
55 0 115 114 0 0 0 5
55 0 115 114 0 0 0 6
55 0 115 114 0 0 1 0
55 0 115 114 0 0 1 1
55 0 115 114 0 0 1 2
55 0 115 114 0 0 1 3
55 0 115 114 0 0 1 4
55 0 115 114 0 0 1 5
55 0 115 114 0 0 1 6
55 0 115 114 0 0 2 0
55 0 115 114 0 0 2 1
55 0 115 114 0 0 2 2
55 0 115 114 0 0 2 3
55 0 115 114 0 0 2 4
55 0 115 114 0 0 2 5
55 0 115 114 0 0 2 6
55 0 115 114 0 0 3 0
55 0 115 114 0 0 3 1
55 0 115 114 0 0 3 2
55 0 115 114 0 0 3 3
55 0 115 114 0 0 3 4
55 0 115 114 0 0 3 5
55 0 115 114 0 0 3 6
55 0 115 114 0 0 4 0
55 0 115 114 0 0 4 1
55 0 115 114 0 0 4 2
55 0 115 114 0 0 4 3
55 0 115 114 0 0 4 4
55 0 115 114 0 0 4 5
55 0 115 114 0 0 4 6
55 0 115 114 0 0 5 0
55 0 115 114 0 0 5 1
55 0 115 114 0 0 5 2
55 0 115 114 0 0 5 3
55 0 115 114 0 0 5 4
55 0 115 114 0 0 5 5
55 0 115 114 0 0 5 6
55 0 115 114 0 0 6 0
55 0 115 114 0 0 6 1
55 0 115 114 0 0 6 2
55 0 115 114 0 0 6 3
55 0 115 114 0 0 6 4
55 0 115 114 0 0 6 5
55 0 115 114 0 0 6 6
55 0 115 114 0 0 7 0
55 0 115 114 0 0 7 1
55 0 115 114 0 0 7 2
55 0 115 114 0 0 7 3
55 0 115 114 0 0 7 4
55 0 115 114 0 0 7 5
55 0 115 114 0 0 7 6
55 0 115 114 0 0 8 0
55 0 115 114 0 0 8 1
55 0 115 114 0 0 8 2
55 0 115 114 0 0 8 3
55 0 115 114 0 0 8 4
55 0 115 114 0 0 8 5
55 0 115 114 0 0 8 6
55 0 115 114 0 0 9 0
55 0 115 114 0 0 9 1
55 0 115 114 0 0 9 2
55 0 115 114 0 0 9 3
55 0 115 114 0 0 9 4
55 0 115 114 0 0 9 5
55 0 115 114 0 0 9 6
55 0 115 114 0 0 10 0
55 0 115 114 0 0 10 1
55 0 115 114 0 0 10 2
55 0 115 114 0 0 10 3
55 0 115 114 0 0 10 4
55 0 115 114 0 0 10 5
55 0 115 114 0 0 10 6
56 0 117 116 0 0 0 0
56 0 117 116 0 0 0 1
56 0 117 116 0 0 0 2
56 0 117 116 0 0 0 3
56 0 117 116 0 0 0 4
56 0 117 116 0 0 0 5
56 0 117 116 0 0 0 6
56 0 117 116 0 0 1 0
56 0 117 116 0 0 1 1
56 0 117 116 0 0 1 2
56 0 117 116 0 0 1 3
56 0 117 116 0 0 1 4
56 0 117 116 0 0 1 5
56 0 117 116 0 0 1 6
56 0 117 116 0 0 2 0
56 0 117 116 0 0 2 1
56 0 117 116 0 0 2 2
56 0 117 116 0 0 2 3
56 0 117 116 0 0 2 4
56 0 117 116 0 0 2 5
56 0 117 116 0 0 2 6
56 0 117 116 0 0 3 0
56 0 117 116 0 0 3 1
56 0 117 116 0 0 3 2
56 0 117 116 0 0 3 3
56 0 117 116 0 0 3 4
56 0 117 116 0 0 3 5
56 0 117 116 0 0 3 6
56 0 117 116 0 0 4 0
56 0 117 116 0 0 4 1
56 0 117 116 0 0 4 2
56 0 117 116 0 0 4 3
56 0 117 116 0 0 4 4
56 0 117 116 0 0 4 5
56 0 117 116 0 0 4 6
56 0 117 116 0 0 5 0
56 0 117 116 0 0 5 1
56 0 117 116 0 0 5 2
56 0 117 116 0 0 5 3
56 0 117 116 0 0 5 4
56 0 117 116 0 0 5 5
56 0 117 116 0 0 5 6
56 0 117 116 0 0 6 0
56 0 117 116 0 0 6 1
56 0 117 116 0 0 6 2
56 0 117 116 0 0 6 3
56 0 117 116 0 0 6 4
56 0 117 116 0 0 6 5
56 0 117 116 0 0 6 6
56 0 117 116 0 0 7 0
56 0 117 116 0 0 7 1
56 0 117 116 0 0 7 2
56 0 117 116 0 0 7 3
56 0 117 116 0 0 7 4
56 0 117 116 0 0 7 5
56 0 117 116 0 0 7 6
56 0 117 116 0 0 8 0
56 0 117 116 0 0 8 1
56 0 117 116 0 0 8 2
56 0 117 116 0 0 8 3
56 0 117 116 0 0 8 4
56 0 117 116 0 0 8 5
56 0 117 116 0 0 8 6
56 0 117 116 0 0 9 0
56 0 117 116 0 0 9 1
56 0 117 116 0 0 9 2
56 0 117 116 0 0 9 3
56 0 117 116 0 0 9 4
56 0 117 116 0 0 9 5
56 0 117 116 0 0 9 6
56 0 117 116 0 0 10 0
56 0 117 116 0 0 10 1
56 0 117 116 0 0 10 2
56 0 117 116 0 0 10 3
56 0 117 116 0 0 10 4
56 0 117 116 0 0 10 5
56 0 117 116 0 0 10 6
57 0 119 118 0 0 0 0
57 0 119 118 0 0 0 1
57 0 119 118 0 0 0 2
57 0 119 118 0 0 0 3
57 0 119 118 0 0 0 4
57 0 119 118 0 0 0 5
57 0 119 118 0 0 0 6
57 0 119 118 0 0 1 0
57 0 119 118 0 0 1 1
57 0 119 118 0 0 1 2
57 0 119 118 0 0 1 3
57 0 119 118 0 0 1 4
57 0 119 118 0 0 1 5
57 0 119 118 0 0 1 6
57 0 119 118 0 0 2 0
57 0 119 118 0 0 2 1
57 0 119 118 0 0 2 2
57 0 119 118 0 0 2 3
57 0 119 118 0 0 2 4
57 0 119 118 0 0 2 5
57 0 119 118 0 0 2 6
57 0 119 118 0 0 3 0
57 0 119 118 0 0 3 1
57 0 119 118 0 0 3 2
57 0 119 118 0 0 3 3
57 0 119 118 0 0 3 4
57 0 119 118 0 0 3 5
57 0 119 118 0 0 3 6
57 0 119 118 0 0 4 0
57 0 119 118 0 0 4 1
57 0 119 118 0 0 4 2
57 0 119 118 0 0 4 3
57 0 119 118 0 0 4 4
57 0 119 118 0 0 4 5
57 0 119 118 0 0 4 6
57 0 119 118 0 0 5 0
57 0 119 118 0 0 5 1
57 0 119 118 0 0 5 2
57 0 119 118 0 0 5 3
57 0 119 118 0 0 5 4
57 0 119 118 0 0 5 5
57 0 119 118 0 0 5 6
57 0 119 118 0 0 6 0
57 0 119 118 0 0 6 1
57 0 119 118 0 0 6 2
57 0 119 118 0 0 6 3
57 0 119 118 0 0 6 4
57 0 119 118 0 0 6 5
57 0 119 118 0 0 6 6
57 0 119 118 0 0 7 0
57 0 119 118 0 0 7 1
57 0 119 118 0 0 7 2
57 0 119 118 0 0 7 3
57 0 119 118 0 0 7 4
57 0 119 118 0 0 7 5
57 0 119 118 0 0 7 6
57 0 119 118 0 0 8 0
57 0 119 118 0 0 8 1
57 0 119 118 0 0 8 2
57 0 119 118 0 0 8 3
57 0 119 118 0 0 8 4
57 0 119 118 0 0 8 5
57 0 119 118 0 0 8 6
57 0 119 118 0 0 9 0
57 0 119 118 0 0 9 1
57 0 119 118 0 0 9 2
57 0 119 118 0 0 9 3
57 0 119 118 0 0 9 4
57 0 119 118 0 0 9 5
57 0 119 118 0 0 9 6
57 0 119 118 0 0 10 0
57 0 119 118 0 0 10 1
57 0 119 118 0 0 10 2
57 0 119 118 0 0 10 3
57 0 119 118 0 0 10 4
57 0 119 118 0 0 10 5
57 0 119 118 0 0 10 6
58 0 121 120 0 0 0 0
58 0 121 120 0 0 0 1
58 0 121 120 0 0 0 2
58 0 121 120 0 0 0 3
58 0 121 120 0 0 0 4
58 0 121 120 0 0 0 5
58 0 121 120 0 0 0 6
58 0 121 120 0 0 1 0
58 0 121 120 0 0 1 1
58 0 121 120 0 0 1 2
58 0 121 120 0 0 1 3
58 0 121 120 0 0 1 4
58 0 121 120 0 0 1 5
58 0 121 120 0 0 1 6
58 0 121 120 0 0 2 0
58 0 121 120 0 0 2 1
58 0 121 120 0 0 2 2
58 0 121 120 0 0 2 3
58 0 121 120 0 0 2 4
58 0 121 120 0 0 2 5
58 0 121 120 0 0 2 6
58 0 121 120 0 0 3 0
58 0 121 120 0 0 3 1
58 0 121 120 0 0 3 2
58 0 121 120 0 0 3 3
58 0 121 120 0 0 3 4
58 0 121 120 0 0 3 5
58 0 121 120 0 0 3 6
58 0 121 120 0 0 4 0
58 0 121 120 0 0 4 1
58 0 121 120 0 0 4 2
58 0 121 120 0 0 4 3
58 0 121 120 0 0 4 4
58 0 121 120 0 0 4 5
58 0 121 120 0 0 4 6
58 0 121 120 0 0 5 0
58 0 121 120 0 0 5 1
58 0 121 120 0 0 5 2
58 0 121 120 0 0 5 3
58 0 121 120 0 0 5 4
58 0 121 120 0 0 5 5
58 0 121 120 0 0 5 6
58 0 121 120 0 0 6 0
58 0 121 120 0 0 6 1
58 0 121 120 0 0 6 2
58 0 121 120 0 0 6 3
58 0 121 120 0 0 6 4
58 0 121 120 0 0 6 5
58 0 121 120 0 0 6 6
58 0 121 120 0 0 7 0
58 0 121 120 0 0 7 1
58 0 121 120 0 0 7 2
58 0 121 120 0 0 7 3
58 0 121 120 0 0 7 4
58 0 121 120 0 0 7 5
58 0 121 120 0 0 7 6
58 0 121 120 0 0 8 0
58 0 121 120 0 0 8 1
58 0 121 120 0 0 8 2
58 0 121 120 0 0 8 3
58 0 121 120 0 0 8 4
58 0 121 120 0 0 8 5
58 0 121 120 0 0 8 6
58 0 121 120 0 0 9 0
58 0 121 120 0 0 9 1
58 0 121 120 0 0 9 2
58 0 121 120 0 0 9 3
58 0 121 120 0 0 9 4
58 0 121 120 0 0 9 5
58 0 121 120 0 0 9 6
58 0 121 120 0 0 10 0
58 0 121 120 0 0 10 1
58 0 121 120 0 0 10 2
58 0 121 120 0 0 10 3
58 0 121 120 0 0 10 4
58 0 121 120 0 0 10 5
58 0 121 120 0 0 10 6
59 0 123 122 0 0 0 0
59 0 123 122 0 0 0 1
59 0 123 122 0 0 0 2
59 0 123 122 0 0 0 3
59 0 123 122 0 0 0 4
59 0 123 122 0 0 0 5
59 0 123 122 0 0 0 6
59 0 123 122 0 0 1 0
59 0 123 122 0 0 1 1
59 0 123 122 0 0 1 2
59 0 123 122 0 0 1 3
59 0 123 122 0 0 1 4
59 0 123 122 0 0 1 5
59 0 123 122 0 0 1 6
59 0 123 122 0 0 2 0
59 0 123 122 0 0 2 1
59 0 123 122 0 0 2 2
59 0 123 122 0 0 2 3
59 0 123 122 0 0 2 4
59 0 123 122 0 0 2 5
59 0 123 122 0 0 2 6
59 0 123 122 0 0 3 0
59 0 123 122 0 0 3 1
59 0 123 122 0 0 3 2
59 0 123 122 0 0 3 3
59 0 123 122 0 0 3 4
59 0 123 122 0 0 3 5
59 0 123 122 0 0 3 6
59 0 123 122 0 0 4 0
59 0 123 122 0 0 4 1
59 0 123 122 0 0 4 2
59 0 123 122 0 0 4 3
59 0 123 122 0 0 4 4
59 0 123 122 0 0 4 5
59 0 123 122 0 0 4 6
59 0 123 122 0 0 5 0
59 0 123 122 0 0 5 1
59 0 123 122 0 0 5 2
59 0 123 122 0 0 5 3
59 0 123 122 0 0 5 4
59 0 123 122 0 0 5 5
59 0 123 122 0 0 5 6
59 0 123 122 0 0 6 0
59 0 123 122 0 0 6 1
59 0 123 122 0 0 6 2
59 0 123 122 0 0 6 3
59 0 123 122 0 0 6 4
59 0 123 122 0 0 6 5
59 0 123 122 0 0 6 6
59 0 123 122 0 0 7 0
59 0 123 122 0 0 7 1
59 0 123 122 0 0 7 2
59 0 123 122 0 0 7 3
59 0 123 122 0 0 7 4
59 0 123 122 0 0 7 5
59 0 123 122 0 0 7 6
59 0 123 122 0 0 8 0
59 0 123 122 0 0 8 1
59 0 123 122 0 0 8 2
59 0 123 122 0 0 8 3
59 0 123 122 0 0 8 4
59 0 123 122 0 0 8 5
59 0 123 122 0 0 8 6
59 0 123 122 0 0 9 0
59 0 123 122 0 0 9 1
59 0 123 122 0 0 9 2
59 0 123 122 0 0 9 3
59 0 123 122 0 0 9 4
59 0 123 122 0 0 9 5
59 0 123 122 0 0 9 6
59 0 123 122 0 0 10 0
59 0 123 122 0 0 10 1
59 0 123 122 0 0 10 2
59 0 123 122 0 0 10 3
59 0 123 122 0 0 10 4
59 0 123 122 0 0 10 5
59 0 123 122 0 0 10 6
60 0 125 124 0 0 0 0
60 0 125 124 0 0 0 1
60 0 125 124 0 0 0 2
60 0 125 124 0 0 0 3
60 0 125 124 0 0 0 4
60 0 125 124 0 0 0 5
60 0 125 124 0 0 0 6
60 0 125 124 0 0 1 0
60 0 125 124 0 0 1 1
60 0 125 124 0 0 1 2
60 0 125 124 0 0 1 3
60 0 125 124 0 0 1 4
60 0 125 124 0 0 1 5
60 0 125 124 0 0 1 6
60 0 125 124 0 0 2 0
60 0 125 124 0 0 2 1
60 0 125 124 0 0 2 2
60 0 125 124 0 0 2 3
60 0 125 124 0 0 2 4
60 0 125 124 0 0 2 5
60 0 125 124 0 0 2 6
60 0 125 124 0 0 3 0
60 0 125 124 0 0 3 1
60 0 125 124 0 0 3 2
60 0 125 124 0 0 3 3
60 0 125 124 0 0 3 4
60 0 125 124 0 0 3 5
60 0 125 124 0 0 3 6
60 0 125 124 0 0 4 0
60 0 125 124 0 0 4 1
60 0 125 124 0 0 4 2
60 0 125 124 0 0 4 3
60 0 125 124 0 0 4 4
60 0 125 124 0 0 4 5
60 0 125 124 0 0 4 6
60 0 125 124 0 0 5 0
60 0 125 124 0 0 5 1
60 0 125 124 0 0 5 2
60 0 125 124 0 0 5 3
60 0 125 124 0 0 5 4
60 0 125 124 0 0 5 5
60 0 125 124 0 0 5 6
60 0 125 124 0 0 6 0
60 0 125 124 0 0 6 1
60 0 125 124 0 0 6 2
60 0 125 124 0 0 6 3
60 0 125 124 0 0 6 4
60 0 125 124 0 0 6 5
60 0 125 124 0 0 6 6
60 0 125 124 0 0 7 0
60 0 125 124 0 0 7 1
60 0 125 124 0 0 7 2
60 0 125 124 0 0 7 3
60 0 125 124 0 0 7 4
60 0 125 124 0 0 7 5
60 0 125 124 0 0 7 6
60 0 125 124 0 0 8 0
60 0 125 124 0 0 8 1
60 0 125 124 0 0 8 2
60 0 125 124 0 0 8 3
60 0 125 124 0 0 8 4
60 0 125 124 0 0 8 5
60 0 125 124 0 0 8 6
60 0 125 124 0 0 9 0
60 0 125 124 0 0 9 1
60 0 125 124 0 0 9 2
60 0 125 124 0 0 9 3
60 0 125 124 0 0 9 4
60 0 125 124 0 0 9 5
60 0 125 124 0 0 9 6
60 0 125 124 0 0 10 0
60 0 125 124 0 0 10 1
60 0 125 124 0 0 10 2
60 0 125 124 0 0 10 3
60 0 125 124 0 0 10 4
60 0 125 124 0 0 10 5
60 0 125 124 0 0 10 6
61 0 127 126 0 0 0 0
61 0 127 126 0 0 0 1
61 0 127 126 0 0 0 2
61 0 127 126 0 0 0 3
61 0 127 126 0 0 0 4
61 0 127 126 0 0 0 5
61 0 127 126 0 0 0 6
61 0 127 126 0 0 1 0
61 0 127 126 0 0 1 1
61 0 127 126 0 0 1 2
61 0 127 126 0 0 1 3
61 0 127 126 0 0 1 4
61 0 127 126 0 0 1 5
61 0 127 126 0 0 1 6
61 0 127 126 0 0 2 0
61 0 127 126 0 0 2 1
61 0 127 126 0 0 2 2
61 0 127 126 0 0 2 3
61 0 127 126 0 0 2 4
61 0 127 126 0 0 2 5
61 0 127 126 0 0 2 6
61 0 127 126 0 0 3 0
61 0 127 126 0 0 3 1
61 0 127 126 0 0 3 2
61 0 127 126 0 0 3 3
61 0 127 126 0 0 3 4
61 0 127 126 0 0 3 5
61 0 127 126 0 0 3 6
61 0 127 126 0 0 4 0
61 0 127 126 0 0 4 1
61 0 127 126 0 0 4 2
61 0 127 126 0 0 4 3
61 0 127 126 0 0 4 4
61 0 127 126 0 0 4 5
61 0 127 126 0 0 4 6
61 0 127 126 0 0 5 0
61 0 127 126 0 0 5 1
61 0 127 126 0 0 5 2
61 0 127 126 0 0 5 3
61 0 127 126 0 0 5 4
61 0 127 126 0 0 5 5
61 0 127 126 0 0 5 6
61 0 127 126 0 0 6 0
61 0 127 126 0 0 6 1
61 0 127 126 0 0 6 2
61 0 127 126 0 0 6 3
61 0 127 126 0 0 6 4
61 0 127 126 0 0 6 5
61 0 127 126 0 0 6 6
61 0 127 126 0 0 7 0
61 0 127 126 0 0 7 1
61 0 127 126 0 0 7 2
61 0 127 126 0 0 7 3
61 0 127 126 0 0 7 4
61 0 127 126 0 0 7 5
61 0 127 126 0 0 7 6
61 0 127 126 0 0 8 0
61 0 127 126 0 0 8 1
61 0 127 126 0 0 8 2
61 0 127 126 0 0 8 3
61 0 127 126 0 0 8 4
61 0 127 126 0 0 8 5
61 0 127 126 0 0 8 6
61 0 127 126 0 0 9 0
61 0 127 126 0 0 9 1
61 0 127 126 0 0 9 2
61 0 127 126 0 0 9 3
61 0 127 126 0 0 9 4
61 0 127 126 0 0 9 5
61 0 127 126 0 0 9 6
61 0 127 126 0 0 10 0
61 0 127 126 0 0 10 1
61 0 127 126 0 0 10 2
61 0 127 126 0 0 10 3
61 0 127 126 0 0 10 4
61 0 127 126 0 0 10 5
61 0 127 126 0 0 10 6
62 0 129 128 0 0 0 0
62 0 129 128 0 0 0 1
62 0 129 128 0 0 0 2
62 0 129 128 0 0 0 3
62 0 129 128 0 0 0 4
62 0 129 128 0 0 0 5
62 0 129 128 0 0 0 6
62 0 129 128 0 0 1 0
62 0 129 128 0 0 1 1
62 0 129 128 0 0 1 2
62 0 129 128 0 0 1 3
62 0 129 128 0 0 1 4
62 0 129 128 0 0 1 5
62 0 129 128 0 0 1 6
62 0 129 128 0 0 2 0
62 0 129 128 0 0 2 1
62 0 129 128 0 0 2 2
62 0 129 128 0 0 2 3
62 0 129 128 0 0 2 4
62 0 129 128 0 0 2 5
62 0 129 128 0 0 2 6
62 0 129 128 0 0 3 0
62 0 129 128 0 0 3 1
62 0 129 128 0 0 3 2
62 0 129 128 0 0 3 3
62 0 129 128 0 0 3 4
62 0 129 128 0 0 3 5
62 0 129 128 0 0 3 6
62 0 129 128 0 0 4 0
62 0 129 128 0 0 4 1
62 0 129 128 0 0 4 2
62 0 129 128 0 0 4 3
62 0 129 128 0 0 4 4
62 0 129 128 0 0 4 5
62 0 129 128 0 0 4 6
62 0 129 128 0 0 5 0
62 0 129 128 0 0 5 1
62 0 129 128 0 0 5 2
62 0 129 128 0 0 5 3
62 0 129 128 0 0 5 4
62 0 129 128 0 0 5 5
62 0 129 128 0 0 5 6
62 0 129 128 0 0 6 0
62 0 129 128 0 0 6 1
62 0 129 128 0 0 6 2
62 0 129 128 0 0 6 3
62 0 129 128 0 0 6 4
62 0 129 128 0 0 6 5
62 0 129 128 0 0 6 6
62 0 129 128 0 0 7 0
62 0 129 128 0 0 7 1
62 0 129 128 0 0 7 2
62 0 129 128 0 0 7 3
62 0 129 128 0 0 7 4
62 0 129 128 0 0 7 5
62 0 129 128 0 0 7 6
62 0 129 128 0 0 8 0
62 0 129 128 0 0 8 1
62 0 129 128 0 0 8 2
62 0 129 128 0 0 8 3
62 0 129 128 0 0 8 4
62 0 129 128 0 0 8 5
62 0 129 128 0 0 8 6
62 0 129 128 0 0 9 0
62 0 129 128 0 0 9 1
62 0 129 128 0 0 9 2
62 0 129 128 0 0 9 3
62 0 129 128 0 0 9 4
62 0 129 128 0 0 9 5
62 0 129 128 0 0 9 6
62 0 129 128 0 0 10 0
62 0 129 128 0 0 10 1
62 0 129 128 0 0 10 2
62 0 129 128 0 0 10 3
62 0 129 128 0 0 10 4
62 0 129 128 0 0 10 5
62 0 129 128 0 0 10 6
63 0 131 130 0 0 0 0
63 0 131 130 0 0 0 1
63 0 131 130 0 0 0 2
63 0 131 130 0 0 0 3
63 0 131 130 0 0 0 4
63 0 131 130 0 0 0 5
63 0 131 130 0 0 0 6
63 0 131 130 0 0 1 0
63 0 131 130 0 0 1 1
63 0 131 130 0 0 1 2
63 0 131 130 0 0 1 3
63 0 131 130 0 0 1 4
63 0 131 130 0 0 1 5
63 0 131 130 0 0 1 6
63 0 131 130 0 0 2 0
63 0 131 130 0 0 2 1
63 0 131 130 0 0 2 2
63 0 131 130 0 0 2 3
63 0 131 130 0 0 2 4
63 0 131 130 0 0 2 5
63 0 131 130 0 0 2 6
63 0 131 130 0 0 3 0
63 0 131 130 0 0 3 1
63 0 131 130 0 0 3 2
63 0 131 130 0 0 3 3
63 0 131 130 0 0 3 4
63 0 131 130 0 0 3 5
63 0 131 130 0 0 3 6
63 0 131 130 0 0 4 0
63 0 131 130 0 0 4 1
63 0 131 130 0 0 4 2
63 0 131 130 0 0 4 3
63 0 131 130 0 0 4 4
63 0 131 130 0 0 4 5
63 0 131 130 0 0 4 6
63 0 131 130 0 0 5 0
63 0 131 130 0 0 5 1
63 0 131 130 0 0 5 2
63 0 131 130 0 0 5 3
63 0 131 130 0 0 5 4
63 0 131 130 0 0 5 5
63 0 131 130 0 0 5 6
63 0 131 130 0 0 6 0
63 0 131 130 0 0 6 1
63 0 131 130 0 0 6 2
63 0 131 130 0 0 6 3
63 0 131 130 0 0 6 4
63 0 131 130 0 0 6 5
63 0 131 130 0 0 6 6
63 0 131 130 0 0 7 0
63 0 131 130 0 0 7 1
63 0 131 130 0 0 7 2
63 0 131 130 0 0 7 3
63 0 131 130 0 0 7 4
63 0 131 130 0 0 7 5
63 0 131 130 0 0 7 6
63 0 131 130 0 0 8 0
63 0 131 130 0 0 8 1
63 0 131 130 0 0 8 2
63 0 131 130 0 0 8 3
63 0 131 130 0 0 8 4
63 0 131 130 0 0 8 5
63 0 131 130 0 0 8 6
63 0 131 130 0 0 9 0
63 0 131 130 0 0 9 1
63 0 131 130 0 0 9 2
63 0 131 130 0 0 9 3
63 0 131 130 0 0 9 4
63 0 131 130 0 0 9 5
63 0 131 130 0 0 9 6
63 0 131 130 0 0 10 0
63 0 131 130 0 0 10 1
63 0 131 130 0 0 10 2
63 0 131 130 0 0 10 3
63 0 131 130 0 0 10 4
63 0 131 130 0 0 10 5
63 0 131 130 0 0 10 6
64 0 133 132 0 0 0 0
64 0 133 132 0 0 0 1
64 0 133 132 0 0 0 2
64 0 133 132 0 0 0 3
64 0 133 132 0 0 0 4
64 0 133 132 0 0 0 5
64 0 133 132 0 0 0 6
64 0 133 132 0 0 1 0
64 0 133 132 0 0 1 1
64 0 133 132 0 0 1 2
64 0 133 132 0 0 1 3
64 0 133 132 0 0 1 4
64 0 133 132 0 0 1 5
64 0 133 132 0 0 1 6
64 0 133 132 0 0 2 0
64 0 133 132 0 0 2 1
64 0 133 132 0 0 2 2
64 0 133 132 0 0 2 3
64 0 133 132 0 0 2 4
64 0 133 132 0 0 2 5
64 0 133 132 0 0 2 6
64 0 133 132 0 0 3 0
64 0 133 132 0 0 3 1
64 0 133 132 0 0 3 2
64 0 133 132 0 0 3 3
64 0 133 132 0 0 3 4
64 0 133 132 0 0 3 5
64 0 133 132 0 0 3 6
64 0 133 132 0 0 4 0
64 0 133 132 0 0 4 1
64 0 133 132 0 0 4 2
64 0 133 132 0 0 4 3
64 0 133 132 0 0 4 4
64 0 133 132 0 0 4 5
64 0 133 132 0 0 4 6
64 0 133 132 0 0 5 0
64 0 133 132 0 0 5 1
64 0 133 132 0 0 5 2
64 0 133 132 0 0 5 3
64 0 133 132 0 0 5 4
64 0 133 132 0 0 5 5
64 0 133 132 0 0 5 6
64 0 133 132 0 0 6 0
64 0 133 132 0 0 6 1
64 0 133 132 0 0 6 2
64 0 133 132 0 0 6 3
64 0 133 132 0 0 6 4
64 0 133 132 0 0 6 5
64 0 133 132 0 0 6 6
64 0 133 132 0 0 7 0
64 0 133 132 0 0 7 1
64 0 133 132 0 0 7 2
64 0 133 132 0 0 7 3
64 0 133 132 0 0 7 4
64 0 133 132 0 0 7 5
64 0 133 132 0 0 7 6
64 0 133 132 0 0 8 0
64 0 133 132 0 0 8 1
64 0 133 132 0 0 8 2
64 0 133 132 0 0 8 3
64 0 133 132 0 0 8 4
64 0 133 132 0 0 8 5
64 0 133 132 0 0 8 6
64 0 133 132 0 0 9 0
64 0 133 132 0 0 9 1
64 0 133 132 0 0 9 2
64 0 133 132 0 0 9 3
64 0 133 132 0 0 9 4
64 0 133 132 0 0 9 5
64 0 133 132 0 0 9 6
64 0 133 132 0 0 10 0
64 0 133 132 0 0 10 1
64 0 133 132 0 0 10 2
64 0 133 132 0 0 10 3
64 0 133 132 0 0 10 4
64 0 133 132 0 0 10 5
64 0 133 132 0 0 10 6
65 0 135 134 0 0 0 0
65 0 135 134 0 0 0 1
65 0 135 134 0 0 0 2
65 0 135 134 0 0 0 3
65 0 135 134 0 0 0 4
65 0 135 134 0 0 0 5
65 0 135 134 0 0 0 6
65 0 135 134 0 0 1 0
65 0 135 134 0 0 1 1
65 0 135 134 0 0 1 2
65 0 135 134 0 0 1 3
65 0 135 134 0 0 1 4
65 0 135 134 0 0 1 5
65 0 135 134 0 0 1 6
65 0 135 134 0 0 2 0
65 0 135 134 0 0 2 1
65 0 135 134 0 0 2 2
65 0 135 134 0 0 2 3
65 0 135 134 0 0 2 4
65 0 135 134 0 0 2 5
65 0 135 134 0 0 2 6
65 0 135 134 0 0 3 0
65 0 135 134 0 0 3 1
65 0 135 134 0 0 3 2
65 0 135 134 0 0 3 3
65 0 135 134 0 0 3 4
65 0 135 134 0 0 3 5
65 0 135 134 0 0 3 6
65 0 135 134 0 0 4 0
65 0 135 134 0 0 4 1
65 0 135 134 0 0 4 2
65 0 135 134 0 0 4 3
65 0 135 134 0 0 4 4
65 0 135 134 0 0 4 5
65 0 135 134 0 0 4 6
65 0 135 134 0 0 5 0
65 0 135 134 0 0 5 1
65 0 135 134 0 0 5 2
65 0 135 134 0 0 5 3
65 0 135 134 0 0 5 4
65 0 135 134 0 0 5 5
65 0 135 134 0 0 5 6
65 0 135 134 0 0 6 0
65 0 135 134 0 0 6 1
65 0 135 134 0 0 6 2
65 0 135 134 0 0 6 3
65 0 135 134 0 0 6 4
65 0 135 134 0 0 6 5
65 0 135 134 0 0 6 6
65 0 135 134 0 0 7 0
65 0 135 134 0 0 7 1
65 0 135 134 0 0 7 2
65 0 135 134 0 0 7 3
65 0 135 134 0 0 7 4
65 0 135 134 0 0 7 5
65 0 135 134 0 0 7 6
65 0 135 134 0 0 8 0
65 0 135 134 0 0 8 1
65 0 135 134 0 0 8 2
65 0 135 134 0 0 8 3
65 0 135 134 0 0 8 4
65 0 135 134 0 0 8 5
65 0 135 134 0 0 8 6
65 0 135 134 0 0 9 0
65 0 135 134 0 0 9 1
65 0 135 134 0 0 9 2
65 0 135 134 0 0 9 3
65 0 135 134 0 0 9 4
65 0 135 134 0 0 9 5
65 0 135 134 0 0 9 6
65 0 135 134 0 0 10 0
65 0 135 134 0 0 10 1
65 0 135 134 0 0 10 2
65 0 135 134 0 0 10 3
65 0 135 134 0 0 10 4
65 0 135 134 0 0 10 5
65 0 135 134 0 0 10 6
66 0 137 136 0 0 0 0
66 0 137 136 0 0 0 1
66 0 137 136 0 0 0 2
66 0 137 136 0 0 0 3
66 0 137 136 0 0 0 4
66 0 137 136 0 0 0 5
66 0 137 136 0 0 0 6
66 0 137 136 0 0 1 0
66 0 137 136 0 0 1 1
66 0 137 136 0 0 1 2
66 0 137 136 0 0 1 3
66 0 137 136 0 0 1 4
66 0 137 136 0 0 1 5
66 0 137 136 0 0 1 6
66 0 137 136 0 0 2 0
66 0 137 136 0 0 2 1
66 0 137 136 0 0 2 2
66 0 137 136 0 0 2 3
66 0 137 136 0 0 2 4
66 0 137 136 0 0 2 5
66 0 137 136 0 0 2 6
66 0 137 136 0 0 3 0
66 0 137 136 0 0 3 1
66 0 137 136 0 0 3 2
66 0 137 136 0 0 3 3
66 0 137 136 0 0 3 4
66 0 137 136 0 0 3 5
66 0 137 136 0 0 3 6
66 0 137 136 0 0 4 0
66 0 137 136 0 0 4 1
66 0 137 136 0 0 4 2
66 0 137 136 0 0 4 3
66 0 137 136 0 0 4 4
66 0 137 136 0 0 4 5
66 0 137 136 0 0 4 6
66 0 137 136 0 0 5 0
66 0 137 136 0 0 5 1
66 0 137 136 0 0 5 2
66 0 137 136 0 0 5 3
66 0 137 136 0 0 5 4
66 0 137 136 0 0 5 5
66 0 137 136 0 0 5 6
66 0 137 136 0 0 6 0
66 0 137 136 0 0 6 1
66 0 137 136 0 0 6 2
66 0 137 136 0 0 6 3
66 0 137 136 0 0 6 4
66 0 137 136 0 0 6 5
66 0 137 136 0 0 6 6
66 0 137 136 0 0 7 0
66 0 137 136 0 0 7 1
66 0 137 136 0 0 7 2
66 0 137 136 0 0 7 3
66 0 137 136 0 0 7 4
66 0 137 136 0 0 7 5
66 0 137 136 0 0 7 6
66 0 137 136 0 0 8 0
66 0 137 136 0 0 8 1
66 0 137 136 0 0 8 2
66 0 137 136 0 0 8 3
66 0 137 136 0 0 8 4
66 0 137 136 0 0 8 5
66 0 137 136 0 0 8 6
66 0 137 136 0 0 9 0
66 0 137 136 0 0 9 1
66 0 137 136 0 0 9 2
66 0 137 136 0 0 9 3
66 0 137 136 0 0 9 4
66 0 137 136 0 0 9 5
66 0 137 136 0 0 9 6
66 0 137 136 0 0 10 0
66 0 137 136 0 0 10 1
66 0 137 136 0 0 10 2
66 0 137 136 0 0 10 3
66 0 137 136 0 0 10 4
66 0 137 136 0 0 10 5
66 0 137 136 0 0 10 6
67 0 139 138 0 0 0 0
67 0 139 138 0 0 0 1
67 0 139 138 0 0 0 2
67 0 139 138 0 0 0 3
67 0 139 138 0 0 0 4
67 0 139 138 0 0 0 5
67 0 139 138 0 0 0 6
67 0 139 138 0 0 1 0
67 0 139 138 0 0 1 1
67 0 139 138 0 0 1 2
67 0 139 138 0 0 1 3
67 0 139 138 0 0 1 4
67 0 139 138 0 0 1 5
67 0 139 138 0 0 1 6
67 0 139 138 0 0 2 0
67 0 139 138 0 0 2 1
67 0 139 138 0 0 2 2
67 0 139 138 0 0 2 3
67 0 139 138 0 0 2 4
67 0 139 138 0 0 2 5
67 0 139 138 0 0 2 6
67 0 139 138 0 0 3 0
67 0 139 138 0 0 3 1
67 0 139 138 0 0 3 2
67 0 139 138 0 0 3 3
67 0 139 138 0 0 3 4
67 0 139 138 0 0 3 5
67 0 139 138 0 0 3 6
67 0 139 138 0 0 4 0
67 0 139 138 0 0 4 1
67 0 139 138 0 0 4 2
67 0 139 138 0 0 4 3
67 0 139 138 0 0 4 4
67 0 139 138 0 0 4 5
67 0 139 138 0 0 4 6
67 0 139 138 0 0 5 0
67 0 139 138 0 0 5 1
67 0 139 138 0 0 5 2
67 0 139 138 0 0 5 3
67 0 139 138 0 0 5 4
67 0 139 138 0 0 5 5
67 0 139 138 0 0 5 6
67 0 139 138 0 0 6 0
67 0 139 138 0 0 6 1
67 0 139 138 0 0 6 2
67 0 139 138 0 0 6 3
67 0 139 138 0 0 6 4
67 0 139 138 0 0 6 5
67 0 139 138 0 0 6 6
67 0 139 138 0 0 7 0
67 0 139 138 0 0 7 1
67 0 139 138 0 0 7 2
67 0 139 138 0 0 7 3
67 0 139 138 0 0 7 4
67 0 139 138 0 0 7 5
67 0 139 138 0 0 7 6
67 0 139 138 0 0 8 0
67 0 139 138 0 0 8 1
67 0 139 138 0 0 8 2
67 0 139 138 0 0 8 3
67 0 139 138 0 0 8 4
67 0 139 138 0 0 8 5
67 0 139 138 0 0 8 6
67 0 139 138 0 0 9 0
67 0 139 138 0 0 9 1
67 0 139 138 0 0 9 2
67 0 139 138 0 0 9 3
67 0 139 138 0 0 9 4
67 0 139 138 0 0 9 5
67 0 139 138 0 0 9 6
67 0 139 138 0 0 10 0
67 0 139 138 0 0 10 1
67 0 139 138 0 0 10 2
67 0 139 138 0 0 10 3
67 0 139 138 0 0 10 4
67 0 139 138 0 0 10 5
67 0 139 138 0 0 10 6
68 0 141 140 0 0 0 0
68 0 141 140 0 0 0 1
68 0 141 140 0 0 0 2
68 0 141 140 0 0 0 3
68 0 141 140 0 0 0 4
68 0 141 140 0 0 0 5
68 0 141 140 0 0 0 6
68 0 141 140 0 0 1 0
68 0 141 140 0 0 1 1
68 0 141 140 0 0 1 2
68 0 141 140 0 0 1 3
68 0 141 140 0 0 1 4
68 0 141 140 0 0 1 5
68 0 141 140 0 0 1 6
68 0 141 140 0 0 2 0
68 0 141 140 0 0 2 1
68 0 141 140 0 0 2 2
68 0 141 140 0 0 2 3
68 0 141 140 0 0 2 4
68 0 141 140 0 0 2 5
68 0 141 140 0 0 2 6
68 0 141 140 0 0 3 0
68 0 141 140 0 0 3 1
68 0 141 140 0 0 3 2
68 0 141 140 0 0 3 3
68 0 141 140 0 0 3 4
68 0 141 140 0 0 3 5
68 0 141 140 0 0 3 6
68 0 141 140 0 0 4 0
68 0 141 140 0 0 4 1
68 0 141 140 0 0 4 2
68 0 141 140 0 0 4 3
68 0 141 140 0 0 4 4
68 0 141 140 0 0 4 5
68 0 141 140 0 0 4 6
68 0 141 140 0 0 5 0
68 0 141 140 0 0 5 1
68 0 141 140 0 0 5 2
68 0 141 140 0 0 5 3
68 0 141 140 0 0 5 4
68 0 141 140 0 0 5 5
68 0 141 140 0 0 5 6
68 0 141 140 0 0 6 0
68 0 141 140 0 0 6 1
68 0 141 140 0 0 6 2
68 0 141 140 0 0 6 3
68 0 141 140 0 0 6 4
68 0 141 140 0 0 6 5
68 0 141 140 0 0 6 6
68 0 141 140 0 0 7 0
68 0 141 140 0 0 7 1
68 0 141 140 0 0 7 2
68 0 141 140 0 0 7 3
68 0 141 140 0 0 7 4
68 0 141 140 0 0 7 5
68 0 141 140 0 0 7 6
68 0 141 140 0 0 8 0
68 0 141 140 0 0 8 1
68 0 141 140 0 0 8 2
68 0 141 140 0 0 8 3
68 0 141 140 0 0 8 4
68 0 141 140 0 0 8 5
68 0 141 140 0 0 8 6
68 0 141 140 0 0 9 0
68 0 141 140 0 0 9 1
68 0 141 140 0 0 9 2
68 0 141 140 0 0 9 3
68 0 141 140 0 0 9 4
68 0 141 140 0 0 9 5
68 0 141 140 0 0 9 6
68 0 141 140 0 0 10 0
68 0 141 140 0 0 10 1
68 0 141 140 0 0 10 2
68 0 141 140 0 0 10 3
68 0 141 140 0 0 10 4
68 0 141 140 0 0 10 5
68 0 141 140 0 0 10 6
69 0 143 142 0 0 0 0
69 0 143 142 0 0 0 1
69 0 143 142 0 0 0 2
69 0 143 142 0 0 0 3
69 0 143 142 0 0 0 4
69 0 143 142 0 0 0 5
69 0 143 142 0 0 0 6
69 0 143 142 0 0 1 0
69 0 143 142 0 0 1 1
69 0 143 142 0 0 1 2
69 0 143 142 0 0 1 3
69 0 143 142 0 0 1 4
69 0 143 142 0 0 1 5
69 0 143 142 0 0 1 6
69 0 143 142 0 0 2 0
69 0 143 142 0 0 2 1
69 0 143 142 0 0 2 2
69 0 143 142 0 0 2 3
69 0 143 142 0 0 2 4
69 0 143 142 0 0 2 5
69 0 143 142 0 0 2 6
69 0 143 142 0 0 3 0
69 0 143 142 0 0 3 1
69 0 143 142 0 0 3 2
69 0 143 142 0 0 3 3
69 0 143 142 0 0 3 4
69 0 143 142 0 0 3 5
69 0 143 142 0 0 3 6
69 0 143 142 0 0 4 0
69 0 143 142 0 0 4 1
69 0 143 142 0 0 4 2
69 0 143 142 0 0 4 3
69 0 143 142 0 0 4 4
69 0 143 142 0 0 4 5
69 0 143 142 0 0 4 6
69 0 143 142 0 0 5 0
69 0 143 142 0 0 5 1
69 0 143 142 0 0 5 2
69 0 143 142 0 0 5 3
69 0 143 142 0 0 5 4
69 0 143 142 0 0 5 5
69 0 143 142 0 0 5 6
69 0 143 142 0 0 6 0
69 0 143 142 0 0 6 1
69 0 143 142 0 0 6 2
69 0 143 142 0 0 6 3
69 0 143 142 0 0 6 4
69 0 143 142 0 0 6 5
69 0 143 142 0 0 6 6
69 0 143 142 0 0 7 0
69 0 143 142 0 0 7 1
69 0 143 142 0 0 7 2
69 0 143 142 0 0 7 3
69 0 143 142 0 0 7 4
69 0 143 142 0 0 7 5
69 0 143 142 0 0 7 6
69 0 143 142 0 0 8 0
69 0 143 142 0 0 8 1
69 0 143 142 0 0 8 2
69 0 143 142 0 0 8 3
69 0 143 142 0 0 8 4
69 0 143 142 0 0 8 5
69 0 143 142 0 0 8 6
69 0 143 142 0 0 9 0
69 0 143 142 0 0 9 1
69 0 143 142 0 0 9 2
69 0 143 142 0 0 9 3
69 0 143 142 0 0 9 4
69 0 143 142 0 0 9 5
69 0 143 142 0 0 9 6
69 0 143 142 0 0 10 0
69 0 143 142 0 0 10 1
69 0 143 142 0 0 10 2
69 0 143 142 0 0 10 3
69 0 143 142 0 0 10 4
69 0 143 142 0 0 10 5
69 0 143 142 0 0 10 6
70 0 145 144 0 0 0 0
70 0 145 144 0 0 0 1
70 0 145 144 0 0 0 2
70 0 145 144 0 0 0 3
70 0 145 144 0 0 0 4
70 0 145 144 0 0 0 5
70 0 145 144 0 0 0 6
70 0 145 144 0 0 1 0
70 0 145 144 0 0 1 1
70 0 145 144 0 0 1 2
70 0 145 144 0 0 1 3
70 0 145 144 0 0 1 4
70 0 145 144 0 0 1 5
70 0 145 144 0 0 1 6
70 0 145 144 0 0 2 0
70 0 145 144 0 0 2 1
70 0 145 144 0 0 2 2
70 0 145 144 0 0 2 3
70 0 145 144 0 0 2 4
70 0 145 144 0 0 2 5
70 0 145 144 0 0 2 6
70 0 145 144 0 0 3 0
70 0 145 144 0 0 3 1
70 0 145 144 0 0 3 2
70 0 145 144 0 0 3 3
70 0 145 144 0 0 3 4
70 0 145 144 0 0 3 5
70 0 145 144 0 0 3 6
70 0 145 144 0 0 4 0
70 0 145 144 0 0 4 1
70 0 145 144 0 0 4 2
70 0 145 144 0 0 4 3
70 0 145 144 0 0 4 4
70 0 145 144 0 0 4 5
70 0 145 144 0 0 4 6
70 0 145 144 0 0 5 0
70 0 145 144 0 0 5 1
70 0 145 144 0 0 5 2
70 0 145 144 0 0 5 3
70 0 145 144 0 0 5 4
70 0 145 144 0 0 5 5
70 0 145 144 0 0 5 6
70 0 145 144 0 0 6 0
70 0 145 144 0 0 6 1
70 0 145 144 0 0 6 2
70 0 145 144 0 0 6 3
70 0 145 144 0 0 6 4
70 0 145 144 0 0 6 5
70 0 145 144 0 0 6 6
70 0 145 144 0 0 7 0
70 0 145 144 0 0 7 1
70 0 145 144 0 0 7 2
70 0 145 144 0 0 7 3
70 0 145 144 0 0 7 4
70 0 145 144 0 0 7 5
70 0 145 144 0 0 7 6
70 0 145 144 0 0 8 0
70 0 145 144 0 0 8 1
70 0 145 144 0 0 8 2
70 0 145 144 0 0 8 3
70 0 145 144 0 0 8 4
70 0 145 144 0 0 8 5
70 0 145 144 0 0 8 6
70 0 145 144 0 0 9 0
70 0 145 144 0 0 9 1
70 0 145 144 0 0 9 2
70 0 145 144 0 0 9 3
70 0 145 144 0 0 9 4
70 0 145 144 0 0 9 5
70 0 145 144 0 0 9 6
70 0 145 144 0 0 10 0
70 0 145 144 0 0 10 1
70 0 145 144 0 0 10 2
70 0 145 144 0 0 10 3
70 0 145 144 0 0 10 4
70 0 145 144 0 0 10 5
70 0 145 144 0 0 10 6
71 0 147 146 0 0 0 0
71 0 147 146 0 0 0 1
71 0 147 146 0 0 0 2
71 0 147 146 0 0 0 3
71 0 147 146 0 0 0 4
71 0 147 146 0 0 0 5
71 0 147 146 0 0 0 6
71 0 147 146 0 0 1 0
71 0 147 146 0 0 1 1
71 0 147 146 0 0 1 2
71 0 147 146 0 0 1 3
71 0 147 146 0 0 1 4
71 0 147 146 0 0 1 5
71 0 147 146 0 0 1 6
71 0 147 146 0 0 2 0
71 0 147 146 0 0 2 1
71 0 147 146 0 0 2 2
71 0 147 146 0 0 2 3
71 0 147 146 0 0 2 4
71 0 147 146 0 0 2 5
71 0 147 146 0 0 2 6
71 0 147 146 0 0 3 0
71 0 147 146 0 0 3 1
71 0 147 146 0 0 3 2
71 0 147 146 0 0 3 3
71 0 147 146 0 0 3 4
71 0 147 146 0 0 3 5
71 0 147 146 0 0 3 6
71 0 147 146 0 0 4 0
71 0 147 146 0 0 4 1
71 0 147 146 0 0 4 2
71 0 147 146 0 0 4 3
71 0 147 146 0 0 4 4
71 0 147 146 0 0 4 5
71 0 147 146 0 0 4 6
71 0 147 146 0 0 5 0
71 0 147 146 0 0 5 1
71 0 147 146 0 0 5 2
71 0 147 146 0 0 5 3
71 0 147 146 0 0 5 4
71 0 147 146 0 0 5 5
71 0 147 146 0 0 5 6
71 0 147 146 0 0 6 0
71 0 147 146 0 0 6 1
71 0 147 146 0 0 6 2
71 0 147 146 0 0 6 3
71 0 147 146 0 0 6 4
71 0 147 146 0 0 6 5
71 0 147 146 0 0 6 6
71 0 147 146 0 0 7 0
71 0 147 146 0 0 7 1
71 0 147 146 0 0 7 2
71 0 147 146 0 0 7 3
71 0 147 146 0 0 7 4
71 0 147 146 0 0 7 5
71 0 147 146 0 0 7 6
71 0 147 146 0 0 8 0
71 0 147 146 0 0 8 1
71 0 147 146 0 0 8 2
71 0 147 146 0 0 8 3
71 0 147 146 0 0 8 4
71 0 147 146 0 0 8 5
71 0 147 146 0 0 8 6
71 0 147 146 0 0 9 0
71 0 147 146 0 0 9 1
71 0 147 146 0 0 9 2
71 0 147 146 0 0 9 3
71 0 147 146 0 0 9 4
71 0 147 146 0 0 9 5
71 0 147 146 0 0 9 6
71 0 147 146 0 0 10 0
71 0 147 146 0 0 10 1
71 0 147 146 0 0 10 2
71 0 147 146 0 0 10 3
71 0 147 146 0 0 10 4
71 0 147 146 0 0 10 5
71 0 147 146 0 0 10 6
72 0 149 148 0 0 0 0
72 0 149 148 0 0 0 1
72 0 149 148 0 0 0 2
72 0 149 148 0 0 0 3
72 0 149 148 0 0 0 4
72 0 149 148 0 0 0 5
72 0 149 148 0 0 0 6
72 0 149 148 0 0 1 0
72 0 149 148 0 0 1 1
72 0 149 148 0 0 1 2
72 0 149 148 0 0 1 3
72 0 149 148 0 0 1 4
72 0 149 148 0 0 1 5
72 0 149 148 0 0 1 6
72 0 149 148 0 0 2 0
72 0 149 148 0 0 2 1
72 0 149 148 0 0 2 2
72 0 149 148 0 0 2 3
72 0 149 148 0 0 2 4
72 0 149 148 0 0 2 5
72 0 149 148 0 0 2 6
72 0 149 148 0 0 3 0
72 0 149 148 0 0 3 1
72 0 149 148 0 0 3 2
72 0 149 148 0 0 3 3
72 0 149 148 0 0 3 4
72 0 149 148 0 0 3 5
72 0 149 148 0 0 3 6
72 0 149 148 0 0 4 0
72 0 149 148 0 0 4 1
72 0 149 148 0 0 4 2
72 0 149 148 0 0 4 3
72 0 149 148 0 0 4 4
72 0 149 148 0 0 4 5
72 0 149 148 0 0 4 6
72 0 149 148 0 0 5 0
72 0 149 148 0 0 5 1
72 0 149 148 0 0 5 2
72 0 149 148 0 0 5 3
72 0 149 148 0 0 5 4
72 0 149 148 0 0 5 5
72 0 149 148 0 0 5 6
72 0 149 148 0 0 6 0
72 0 149 148 0 0 6 1
72 0 149 148 0 0 6 2
72 0 149 148 0 0 6 3
72 0 149 148 0 0 6 4
72 0 149 148 0 0 6 5
72 0 149 148 0 0 6 6
72 0 149 148 0 0 7 0
72 0 149 148 0 0 7 1
72 0 149 148 0 0 7 2
72 0 149 148 0 0 7 3
72 0 149 148 0 0 7 4
72 0 149 148 0 0 7 5
72 0 149 148 0 0 7 6
72 0 149 148 0 0 8 0
72 0 149 148 0 0 8 1
72 0 149 148 0 0 8 2
72 0 149 148 0 0 8 3
72 0 149 148 0 0 8 4
72 0 149 148 0 0 8 5
72 0 149 148 0 0 8 6
72 0 149 148 0 0 9 0
72 0 149 148 0 0 9 1
72 0 149 148 0 0 9 2
72 0 149 148 0 0 9 3
72 0 149 148 0 0 9 4
72 0 149 148 0 0 9 5
72 0 149 148 0 0 9 6
72 0 149 148 0 0 10 0
72 0 149 148 0 0 10 1
72 0 149 148 0 0 10 2
72 0 149 148 0 0 10 3
72 0 149 148 0 0 10 4
72 0 149 148 0 0 10 5
72 0 149 148 0 0 10 6
73 0 151 150 0 0 0 0
73 0 151 150 0 0 0 1
73 0 151 150 0 0 0 2
73 0 151 150 0 0 0 3
73 0 151 150 0 0 0 4
73 0 151 150 0 0 0 5
73 0 151 150 0 0 0 6
73 0 151 150 0 0 1 0
73 0 151 150 0 0 1 1
73 0 151 150 0 0 1 2
73 0 151 150 0 0 1 3
73 0 151 150 0 0 1 4
73 0 151 150 0 0 1 5
73 0 151 150 0 0 1 6
73 0 151 150 0 0 2 0
73 0 151 150 0 0 2 1
73 0 151 150 0 0 2 2
73 0 151 150 0 0 2 3
73 0 151 150 0 0 2 4
73 0 151 150 0 0 2 5
73 0 151 150 0 0 2 6
73 0 151 150 0 0 3 0
73 0 151 150 0 0 3 1
73 0 151 150 0 0 3 2
73 0 151 150 0 0 3 3
73 0 151 150 0 0 3 4
73 0 151 150 0 0 3 5
73 0 151 150 0 0 3 6
73 0 151 150 0 0 4 0
73 0 151 150 0 0 4 1
73 0 151 150 0 0 4 2
73 0 151 150 0 0 4 3
73 0 151 150 0 0 4 4
73 0 151 150 0 0 4 5
73 0 151 150 0 0 4 6
73 0 151 150 0 0 5 0
73 0 151 150 0 0 5 1
73 0 151 150 0 0 5 2
73 0 151 150 0 0 5 3
73 0 151 150 0 0 5 4
73 0 151 150 0 0 5 5
73 0 151 150 0 0 5 6
73 0 151 150 0 0 6 0
73 0 151 150 0 0 6 1
73 0 151 150 0 0 6 2
73 0 151 150 0 0 6 3
73 0 151 150 0 0 6 4
73 0 151 150 0 0 6 5
73 0 151 150 0 0 6 6
73 0 151 150 0 0 7 0
73 0 151 150 0 0 7 1
73 0 151 150 0 0 7 2
73 0 151 150 0 0 7 3
73 0 151 150 0 0 7 4
73 0 151 150 0 0 7 5
73 0 151 150 0 0 7 6
73 0 151 150 0 0 8 0
73 0 151 150 0 0 8 1
73 0 151 150 0 0 8 2
73 0 151 150 0 0 8 3
73 0 151 150 0 0 8 4
73 0 151 150 0 0 8 5
73 0 151 150 0 0 8 6
73 0 151 150 0 0 9 0
73 0 151 150 0 0 9 1
73 0 151 150 0 0 9 2
73 0 151 150 0 0 9 3
73 0 151 150 0 0 9 4
73 0 151 150 0 0 9 5
73 0 151 150 0 0 9 6
73 0 151 150 0 0 10 0
73 0 151 150 0 0 10 1
73 0 151 150 0 0 10 2
73 0 151 150 0 0 10 3
73 0 151 150 0 0 10 4
73 0 151 150 0 0 10 5
73 0 151 150 0 0 10 6
74 0 153 152 0 0 0 0
74 0 153 152 0 0 0 1
74 0 153 152 0 0 0 2
74 0 153 152 0 0 0 3
74 0 153 152 0 0 0 4
74 0 153 152 0 0 0 5
74 0 153 152 0 0 0 6
74 0 153 152 0 0 1 0
74 0 153 152 0 0 1 1
74 0 153 152 0 0 1 2
74 0 153 152 0 0 1 3
74 0 153 152 0 0 1 4
74 0 153 152 0 0 1 5
74 0 153 152 0 0 1 6
74 0 153 152 0 0 2 0
74 0 153 152 0 0 2 1
74 0 153 152 0 0 2 2
74 0 153 152 0 0 2 3
74 0 153 152 0 0 2 4
74 0 153 152 0 0 2 5
74 0 153 152 0 0 2 6
74 0 153 152 0 0 3 0
74 0 153 152 0 0 3 1
74 0 153 152 0 0 3 2
74 0 153 152 0 0 3 3
74 0 153 152 0 0 3 4
74 0 153 152 0 0 3 5
74 0 153 152 0 0 3 6
74 0 153 152 0 0 4 0
74 0 153 152 0 0 4 1
74 0 153 152 0 0 4 2
74 0 153 152 0 0 4 3
74 0 153 152 0 0 4 4
74 0 153 152 0 0 4 5
74 0 153 152 0 0 4 6
74 0 153 152 0 0 5 0
74 0 153 152 0 0 5 1
74 0 153 152 0 0 5 2
74 0 153 152 0 0 5 3
74 0 153 152 0 0 5 4
74 0 153 152 0 0 5 5
74 0 153 152 0 0 5 6
74 0 153 152 0 0 6 0
74 0 153 152 0 0 6 1
74 0 153 152 0 0 6 2
74 0 153 152 0 0 6 3
74 0 153 152 0 0 6 4
74 0 153 152 0 0 6 5
74 0 153 152 0 0 6 6
74 0 153 152 0 0 7 0
74 0 153 152 0 0 7 1
74 0 153 152 0 0 7 2
74 0 153 152 0 0 7 3
74 0 153 152 0 0 7 4
74 0 153 152 0 0 7 5
74 0 153 152 0 0 7 6
74 0 153 152 0 0 8 0
74 0 153 152 0 0 8 1
74 0 153 152 0 0 8 2
74 0 153 152 0 0 8 3
74 0 153 152 0 0 8 4
74 0 153 152 0 0 8 5
74 0 153 152 0 0 8 6
74 0 153 152 0 0 9 0
74 0 153 152 0 0 9 1
74 0 153 152 0 0 9 2
74 0 153 152 0 0 9 3
74 0 153 152 0 0 9 4
74 0 153 152 0 0 9 5
74 0 153 152 0 0 9 6
74 0 153 152 0 0 10 0
74 0 153 152 0 0 10 1
74 0 153 152 0 0 10 2
74 0 153 152 0 0 10 3
74 0 153 152 0 0 10 4
74 0 153 152 0 0 10 5
74 0 153 152 0 0 10 6
75 0 155 154 0 0 0 0
75 0 155 154 0 0 0 1
75 0 155 154 0 0 0 2
75 0 155 154 0 0 0 3
75 0 155 154 0 0 0 4
75 0 155 154 0 0 0 5
75 0 155 154 0 0 0 6
75 0 155 154 0 0 1 0
75 0 155 154 0 0 1 1
75 0 155 154 0 0 1 2
75 0 155 154 0 0 1 3
75 0 155 154 0 0 1 4
75 0 155 154 0 0 1 5
75 0 155 154 0 0 1 6
75 0 155 154 0 0 2 0
75 0 155 154 0 0 2 1
75 0 155 154 0 0 2 2
75 0 155 154 0 0 2 3
75 0 155 154 0 0 2 4
75 0 155 154 0 0 2 5
75 0 155 154 0 0 2 6
75 0 155 154 0 0 3 0
75 0 155 154 0 0 3 1
75 0 155 154 0 0 3 2
75 0 155 154 0 0 3 3
75 0 155 154 0 0 3 4
75 0 155 154 0 0 3 5
75 0 155 154 0 0 3 6
75 0 155 154 0 0 4 0
75 0 155 154 0 0 4 1
75 0 155 154 0 0 4 2
75 0 155 154 0 0 4 3
75 0 155 154 0 0 4 4
75 0 155 154 0 0 4 5
75 0 155 154 0 0 4 6
75 0 155 154 0 0 5 0
75 0 155 154 0 0 5 1
75 0 155 154 0 0 5 2
75 0 155 154 0 0 5 3
75 0 155 154 0 0 5 4
75 0 155 154 0 0 5 5
75 0 155 154 0 0 5 6
75 0 155 154 0 0 6 0
75 0 155 154 0 0 6 1
75 0 155 154 0 0 6 2
75 0 155 154 0 0 6 3
75 0 155 154 0 0 6 4
75 0 155 154 0 0 6 5
75 0 155 154 0 0 6 6
75 0 155 154 0 0 7 0
75 0 155 154 0 0 7 1
75 0 155 154 0 0 7 2
75 0 155 154 0 0 7 3
75 0 155 154 0 0 7 4
75 0 155 154 0 0 7 5
75 0 155 154 0 0 7 6
75 0 155 154 0 0 8 0
75 0 155 154 0 0 8 1
75 0 155 154 0 0 8 2
75 0 155 154 0 0 8 3
75 0 155 154 0 0 8 4
75 0 155 154 0 0 8 5
75 0 155 154 0 0 8 6
75 0 155 154 0 0 9 0
75 0 155 154 0 0 9 1
75 0 155 154 0 0 9 2
75 0 155 154 0 0 9 3
75 0 155 154 0 0 9 4
75 0 155 154 0 0 9 5
75 0 155 154 0 0 9 6
75 0 155 154 0 0 10 0
75 0 155 154 0 0 10 1
75 0 155 154 0 0 10 2
75 0 155 154 0 0 10 3
75 0 155 154 0 0 10 4
75 0 155 154 0 0 10 5
75 0 155 154 0 0 10 6
76 0 157 156 0 0 0 0
76 0 157 156 0 0 0 1
76 0 157 156 0 0 0 2
76 0 157 156 0 0 0 3
76 0 157 156 0 0 0 4
76 0 157 156 0 0 0 5
76 0 157 156 0 0 0 6
76 0 157 156 0 0 1 0
76 0 157 156 0 0 1 1
76 0 157 156 0 0 1 2
76 0 157 156 0 0 1 3
76 0 157 156 0 0 1 4
76 0 157 156 0 0 1 5
76 0 157 156 0 0 1 6
76 0 157 156 0 0 2 0
76 0 157 156 0 0 2 1
76 0 157 156 0 0 2 2
76 0 157 156 0 0 2 3
76 0 157 156 0 0 2 4
76 0 157 156 0 0 2 5
76 0 157 156 0 0 2 6
76 0 157 156 0 0 3 0
76 0 157 156 0 0 3 1
76 0 157 156 0 0 3 2
76 0 157 156 0 0 3 3
76 0 157 156 0 0 3 4
76 0 157 156 0 0 3 5
76 0 157 156 0 0 3 6
76 0 157 156 0 0 4 0
76 0 157 156 0 0 4 1
76 0 157 156 0 0 4 2
76 0 157 156 0 0 4 3
76 0 157 156 0 0 4 4
76 0 157 156 0 0 4 5
76 0 157 156 0 0 4 6
76 0 157 156 0 0 5 0
76 0 157 156 0 0 5 1
76 0 157 156 0 0 5 2
76 0 157 156 0 0 5 3
76 0 157 156 0 0 5 4
76 0 157 156 0 0 5 5
76 0 157 156 0 0 5 6
76 0 157 156 0 0 6 0
76 0 157 156 0 0 6 1
76 0 157 156 0 0 6 2
76 0 157 156 0 0 6 3
76 0 157 156 0 0 6 4
76 0 157 156 0 0 6 5
76 0 157 156 0 0 6 6
76 0 157 156 0 0 7 0
76 0 157 156 0 0 7 1
76 0 157 156 0 0 7 2
76 0 157 156 0 0 7 3
76 0 157 156 0 0 7 4
76 0 157 156 0 0 7 5
76 0 157 156 0 0 7 6
76 0 157 156 0 0 8 0
76 0 157 156 0 0 8 1
76 0 157 156 0 0 8 2
76 0 157 156 0 0 8 3
76 0 157 156 0 0 8 4
76 0 157 156 0 0 8 5
76 0 157 156 0 0 8 6
76 0 157 156 0 0 9 0
76 0 157 156 0 0 9 1
76 0 157 156 0 0 9 2
76 0 157 156 0 0 9 3
76 0 157 156 0 0 9 4
76 0 157 156 0 0 9 5
76 0 157 156 0 0 9 6
76 0 157 156 0 0 10 0
76 0 157 156 0 0 10 1
76 0 157 156 0 0 10 2
76 0 157 156 0 0 10 3
76 0 157 156 0 0 10 4
76 0 157 156 0 0 10 5
76 0 157 156 0 0 10 6
77 0 159 158 0 0 0 0
77 0 159 158 0 0 0 1
77 0 159 158 0 0 0 2
77 0 159 158 0 0 0 3
77 0 159 158 0 0 0 4
77 0 159 158 0 0 0 5
77 0 159 158 0 0 0 6
77 0 159 158 0 0 1 0
77 0 159 158 0 0 1 1
77 0 159 158 0 0 1 2
77 0 159 158 0 0 1 3
77 0 159 158 0 0 1 4
77 0 159 158 0 0 1 5
77 0 159 158 0 0 1 6
77 0 159 158 0 0 2 0
77 0 159 158 0 0 2 1
77 0 159 158 0 0 2 2
77 0 159 158 0 0 2 3
77 0 159 158 0 0 2 4
77 0 159 158 0 0 2 5
77 0 159 158 0 0 2 6
77 0 159 158 0 0 3 0
77 0 159 158 0 0 3 1
77 0 159 158 0 0 3 2
77 0 159 158 0 0 3 3
77 0 159 158 0 0 3 4
77 0 159 158 0 0 3 5
77 0 159 158 0 0 3 6
77 0 159 158 0 0 4 0
77 0 159 158 0 0 4 1
77 0 159 158 0 0 4 2
77 0 159 158 0 0 4 3
77 0 159 158 0 0 4 4
77 0 159 158 0 0 4 5
77 0 159 158 0 0 4 6
77 0 159 158 0 0 5 0
77 0 159 158 0 0 5 1
77 0 159 158 0 0 5 2
77 0 159 158 0 0 5 3
77 0 159 158 0 0 5 4
77 0 159 158 0 0 5 5
77 0 159 158 0 0 5 6
77 0 159 158 0 0 6 0
77 0 159 158 0 0 6 1
77 0 159 158 0 0 6 2
77 0 159 158 0 0 6 3
77 0 159 158 0 0 6 4
77 0 159 158 0 0 6 5
77 0 159 158 0 0 6 6
77 0 159 158 0 0 7 0
77 0 159 158 0 0 7 1
77 0 159 158 0 0 7 2
77 0 159 158 0 0 7 3
77 0 159 158 0 0 7 4
77 0 159 158 0 0 7 5
77 0 159 158 0 0 7 6
77 0 159 158 0 0 8 0
77 0 159 158 0 0 8 1
77 0 159 158 0 0 8 2
77 0 159 158 0 0 8 3
77 0 159 158 0 0 8 4
77 0 159 158 0 0 8 5
77 0 159 158 0 0 8 6
77 0 159 158 0 0 9 0
77 0 159 158 0 0 9 1
77 0 159 158 0 0 9 2
77 0 159 158 0 0 9 3
77 0 159 158 0 0 9 4
77 0 159 158 0 0 9 5
77 0 159 158 0 0 9 6
77 0 159 158 0 0 10 0
77 0 159 158 0 0 10 1
77 0 159 158 0 0 10 2
77 0 159 158 0 0 10 3
77 0 159 158 0 0 10 4
77 0 159 158 0 0 10 5
77 0 159 158 0 0 10 6
78 0 161 160 0 0 0 0
78 0 161 160 0 0 0 1
78 0 161 160 0 0 0 2
78 0 161 160 0 0 0 3
78 0 161 160 0 0 0 4
78 0 161 160 0 0 0 5
78 0 161 160 0 0 0 6
78 0 161 160 0 0 1 0
78 0 161 160 0 0 1 1
78 0 161 160 0 0 1 2
78 0 161 160 0 0 1 3
78 0 161 160 0 0 1 4
78 0 161 160 0 0 1 5
78 0 161 160 0 0 1 6
78 0 161 160 0 0 2 0
78 0 161 160 0 0 2 1
78 0 161 160 0 0 2 2
78 0 161 160 0 0 2 3
78 0 161 160 0 0 2 4
78 0 161 160 0 0 2 5
78 0 161 160 0 0 2 6
78 0 161 160 0 0 3 0
78 0 161 160 0 0 3 1
78 0 161 160 0 0 3 2
78 0 161 160 0 0 3 3
78 0 161 160 0 0 3 4
78 0 161 160 0 0 3 5
78 0 161 160 0 0 3 6
78 0 161 160 0 0 4 0
78 0 161 160 0 0 4 1
78 0 161 160 0 0 4 2
78 0 161 160 0 0 4 3
78 0 161 160 0 0 4 4
78 0 161 160 0 0 4 5
78 0 161 160 0 0 4 6
78 0 161 160 0 0 5 0
78 0 161 160 0 0 5 1
78 0 161 160 0 0 5 2
78 0 161 160 0 0 5 3
78 0 161 160 0 0 5 4
78 0 161 160 0 0 5 5
78 0 161 160 0 0 5 6
78 0 161 160 0 0 6 0
78 0 161 160 0 0 6 1
78 0 161 160 0 0 6 2
78 0 161 160 0 0 6 3
78 0 161 160 0 0 6 4
78 0 161 160 0 0 6 5
78 0 161 160 0 0 6 6
78 0 161 160 0 0 7 0
78 0 161 160 0 0 7 1
78 0 161 160 0 0 7 2
78 0 161 160 0 0 7 3
78 0 161 160 0 0 7 4
78 0 161 160 0 0 7 5
78 0 161 160 0 0 7 6
78 0 161 160 0 0 8 0
78 0 161 160 0 0 8 1
78 0 161 160 0 0 8 2
78 0 161 160 0 0 8 3
78 0 161 160 0 0 8 4
78 0 161 160 0 0 8 5
78 0 161 160 0 0 8 6
78 0 161 160 0 0 9 0
78 0 161 160 0 0 9 1
78 0 161 160 0 0 9 2
78 0 161 160 0 0 9 3
78 0 161 160 0 0 9 4
78 0 161 160 0 0 9 5
78 0 161 160 0 0 9 6
78 0 161 160 0 0 10 0
78 0 161 160 0 0 10 1
78 0 161 160 0 0 10 2
78 0 161 160 0 0 10 3
78 0 161 160 0 0 10 4
78 0 161 160 0 0 10 5
78 0 161 160 0 0 10 6
79 0 163 162 0 0 0 0
79 0 163 162 0 0 0 1
79 0 163 162 0 0 0 2
79 0 163 162 0 0 0 3
79 0 163 162 0 0 0 4
79 0 163 162 0 0 0 5
79 0 163 162 0 0 0 6
79 0 163 162 0 0 1 0
79 0 163 162 0 0 1 1
79 0 163 162 0 0 1 2
79 0 163 162 0 0 1 3
79 0 163 162 0 0 1 4
79 0 163 162 0 0 1 5
79 0 163 162 0 0 1 6
79 0 163 162 0 0 2 0
79 0 163 162 0 0 2 1
79 0 163 162 0 0 2 2
79 0 163 162 0 0 2 3
79 0 163 162 0 0 2 4
79 0 163 162 0 0 2 5
79 0 163 162 0 0 2 6
79 0 163 162 0 0 3 0
79 0 163 162 0 0 3 1
79 0 163 162 0 0 3 2
79 0 163 162 0 0 3 3
79 0 163 162 0 0 3 4
79 0 163 162 0 0 3 5
79 0 163 162 0 0 3 6
79 0 163 162 0 0 4 0
79 0 163 162 0 0 4 1
79 0 163 162 0 0 4 2
79 0 163 162 0 0 4 3
79 0 163 162 0 0 4 4
79 0 163 162 0 0 4 5
79 0 163 162 0 0 4 6
79 0 163 162 0 0 5 0
79 0 163 162 0 0 5 1
79 0 163 162 0 0 5 2
79 0 163 162 0 0 5 3
79 0 163 162 0 0 5 4
79 0 163 162 0 0 5 5
79 0 163 162 0 0 5 6
79 0 163 162 0 0 6 0
79 0 163 162 0 0 6 1
79 0 163 162 0 0 6 2
79 0 163 162 0 0 6 3
79 0 163 162 0 0 6 4
79 0 163 162 0 0 6 5
79 0 163 162 0 0 6 6
79 0 163 162 0 0 7 0
79 0 163 162 0 0 7 1
79 0 163 162 0 0 7 2
79 0 163 162 0 0 7 3
79 0 163 162 0 0 7 4
79 0 163 162 0 0 7 5
79 0 163 162 0 0 7 6
79 0 163 162 0 0 8 0
79 0 163 162 0 0 8 1
79 0 163 162 0 0 8 2
79 0 163 162 0 0 8 3
79 0 163 162 0 0 8 4
79 0 163 162 0 0 8 5
79 0 163 162 0 0 8 6
79 0 163 162 0 0 9 0
79 0 163 162 0 0 9 1
79 0 163 162 0 0 9 2
79 0 163 162 0 0 9 3
79 0 163 162 0 0 9 4
79 0 163 162 0 0 9 5
79 0 163 162 0 0 9 6
79 0 163 162 0 0 10 0
79 0 163 162 0 0 10 1
79 0 163 162 0 0 10 2
79 0 163 162 0 0 10 3
79 0 163 162 0 0 10 4
79 0 163 162 0 0 10 5
79 0 163 162 0 0 10 6
80 0 165 164 0 0 0 0
80 0 165 164 0 0 0 1
80 0 165 164 0 0 0 2
80 0 165 164 0 0 0 3
80 0 165 164 0 0 0 4
80 0 165 164 0 0 0 5
80 0 165 164 0 0 0 6
80 0 165 164 0 0 1 0
80 0 165 164 0 0 1 1
80 0 165 164 0 0 1 2
80 0 165 164 0 0 1 3
80 0 165 164 0 0 1 4
80 0 165 164 0 0 1 5
80 0 165 164 0 0 1 6
80 0 165 164 0 0 2 0
80 0 165 164 0 0 2 1
80 0 165 164 0 0 2 2
80 0 165 164 0 0 2 3
80 0 165 164 0 0 2 4
80 0 165 164 0 0 2 5
80 0 165 164 0 0 2 6
80 0 165 164 0 0 3 0
80 0 165 164 0 0 3 1
80 0 165 164 0 0 3 2
80 0 165 164 0 0 3 3
80 0 165 164 0 0 3 4
80 0 165 164 0 0 3 5
80 0 165 164 0 0 3 6
80 0 165 164 0 0 4 0
80 0 165 164 0 0 4 1
80 0 165 164 0 0 4 2
80 0 165 164 0 0 4 3
80 0 165 164 0 0 4 4
80 0 165 164 0 0 4 5
80 0 165 164 0 0 4 6
80 0 165 164 0 0 5 0
80 0 165 164 0 0 5 1
80 0 165 164 0 0 5 2
80 0 165 164 0 0 5 3
80 0 165 164 0 0 5 4
80 0 165 164 0 0 5 5
80 0 165 164 0 0 5 6
80 0 165 164 0 0 6 0
80 0 165 164 0 0 6 1
80 0 165 164 0 0 6 2
80 0 165 164 0 0 6 3
80 0 165 164 0 0 6 4
80 0 165 164 0 0 6 5
80 0 165 164 0 0 6 6
80 0 165 164 0 0 7 0
80 0 165 164 0 0 7 1
80 0 165 164 0 0 7 2
80 0 165 164 0 0 7 3
80 0 165 164 0 0 7 4
80 0 165 164 0 0 7 5
80 0 165 164 0 0 7 6
80 0 165 164 0 0 8 0
80 0 165 164 0 0 8 1
80 0 165 164 0 0 8 2
80 0 165 164 0 0 8 3
80 0 165 164 0 0 8 4
80 0 165 164 0 0 8 5
80 0 165 164 0 0 8 6
80 0 165 164 0 0 9 0
80 0 165 164 0 0 9 1
80 0 165 164 0 0 9 2
80 0 165 164 0 0 9 3
80 0 165 164 0 0 9 4
80 0 165 164 0 0 9 5
80 0 165 164 0 0 9 6
80 0 165 164 0 0 10 0
80 0 165 164 0 0 10 1
80 0 165 164 0 0 10 2
80 0 165 164 0 0 10 3
80 0 165 164 0 0 10 4
80 0 165 164 0 0 10 5
80 0 165 164 0 0 10 6
81 0 167 166 0 0 0 0
81 0 167 166 0 0 0 1
81 0 167 166 0 0 0 2
81 0 167 166 0 0 0 3
81 0 167 166 0 0 0 4
81 0 167 166 0 0 0 5
81 0 167 166 0 0 0 6
81 0 167 166 0 0 1 0
81 0 167 166 0 0 1 1
81 0 167 166 0 0 1 2
81 0 167 166 0 0 1 3
81 0 167 166 0 0 1 4
81 0 167 166 0 0 1 5
81 0 167 166 0 0 1 6
81 0 167 166 0 0 2 0
81 0 167 166 0 0 2 1
81 0 167 166 0 0 2 2
81 0 167 166 0 0 2 3
81 0 167 166 0 0 2 4
81 0 167 166 0 0 2 5
81 0 167 166 0 0 2 6
81 0 167 166 0 0 3 0
81 0 167 166 0 0 3 1
81 0 167 166 0 0 3 2
81 0 167 166 0 0 3 3
81 0 167 166 0 0 3 4
81 0 167 166 0 0 3 5
81 0 167 166 0 0 3 6
81 0 167 166 0 0 4 0
81 0 167 166 0 0 4 1
81 0 167 166 0 0 4 2
81 0 167 166 0 0 4 3
81 0 167 166 0 0 4 4
81 0 167 166 0 0 4 5
81 0 167 166 0 0 4 6
81 0 167 166 0 0 5 0
81 0 167 166 0 0 5 1
81 0 167 166 0 0 5 2
81 0 167 166 0 0 5 3
81 0 167 166 0 0 5 4
81 0 167 166 0 0 5 5
81 0 167 166 0 0 5 6
81 0 167 166 0 0 6 0
81 0 167 166 0 0 6 1
81 0 167 166 0 0 6 2
81 0 167 166 0 0 6 3
81 0 167 166 0 0 6 4
81 0 167 166 0 0 6 5
81 0 167 166 0 0 6 6
81 0 167 166 0 0 7 0
81 0 167 166 0 0 7 1
81 0 167 166 0 0 7 2
81 0 167 166 0 0 7 3
81 0 167 166 0 0 7 4
81 0 167 166 0 0 7 5
81 0 167 166 0 0 7 6
81 0 167 166 0 0 8 0
81 0 167 166 0 0 8 1
81 0 167 166 0 0 8 2
81 0 167 166 0 0 8 3
81 0 167 166 0 0 8 4
81 0 167 166 0 0 8 5
81 0 167 166 0 0 8 6
81 0 167 166 0 0 9 0
81 0 167 166 0 0 9 1
81 0 167 166 0 0 9 2
81 0 167 166 0 0 9 3
81 0 167 166 0 0 9 4
81 0 167 166 0 0 9 5
81 0 167 166 0 0 9 6
81 0 167 166 0 0 10 0
81 0 167 166 0 0 10 1
81 0 167 166 0 0 10 2
81 0 167 166 0 0 10 3
81 0 167 166 0 0 10 4
81 0 167 166 0 0 10 5
81 0 167 166 0 0 10 6
82 0 169 168 0 0 0 0
82 0 169 168 0 0 0 1
82 0 169 168 0 0 0 2
82 0 169 168 0 0 0 3
82 0 169 168 0 0 0 4
82 0 169 168 0 0 0 5
82 0 169 168 0 0 0 6
82 0 169 168 0 0 1 0
82 0 169 168 0 0 1 1
82 0 169 168 0 0 1 2
82 0 169 168 0 0 1 3
82 0 169 168 0 0 1 4
82 0 169 168 0 0 1 5
82 0 169 168 0 0 1 6
82 0 169 168 0 0 2 0
82 0 169 168 0 0 2 1
82 0 169 168 0 0 2 2
82 0 169 168 0 0 2 3
82 0 169 168 0 0 2 4
82 0 169 168 0 0 2 5
82 0 169 168 0 0 2 6
82 0 169 168 0 0 3 0
82 0 169 168 0 0 3 1
82 0 169 168 0 0 3 2
82 0 169 168 0 0 3 3
82 0 169 168 0 0 3 4
82 0 169 168 0 0 3 5
82 0 169 168 0 0 3 6
82 0 169 168 0 0 4 0
82 0 169 168 0 0 4 1
82 0 169 168 0 0 4 2
82 0 169 168 0 0 4 3
82 0 169 168 0 0 4 4
82 0 169 168 0 0 4 5
82 0 169 168 0 0 4 6
82 0 169 168 0 0 5 0
82 0 169 168 0 0 5 1
82 0 169 168 0 0 5 2
82 0 169 168 0 0 5 3
82 0 169 168 0 0 5 4
82 0 169 168 0 0 5 5
82 0 169 168 0 0 5 6
82 0 169 168 0 0 6 0
82 0 169 168 0 0 6 1
82 0 169 168 0 0 6 2
82 0 169 168 0 0 6 3
82 0 169 168 0 0 6 4
82 0 169 168 0 0 6 5
82 0 169 168 0 0 6 6
82 0 169 168 0 0 7 0
82 0 169 168 0 0 7 1
82 0 169 168 0 0 7 2
82 0 169 168 0 0 7 3
82 0 169 168 0 0 7 4
82 0 169 168 0 0 7 5
82 0 169 168 0 0 7 6
82 0 169 168 0 0 8 0
82 0 169 168 0 0 8 1
82 0 169 168 0 0 8 2
82 0 169 168 0 0 8 3
82 0 169 168 0 0 8 4
82 0 169 168 0 0 8 5
82 0 169 168 0 0 8 6
82 0 169 168 0 0 9 0
82 0 169 168 0 0 9 1
82 0 169 168 0 0 9 2
82 0 169 168 0 0 9 3
82 0 169 168 0 0 9 4
82 0 169 168 0 0 9 5
82 0 169 168 0 0 9 6
82 0 169 168 0 0 10 0
82 0 169 168 0 0 10 1
82 0 169 168 0 0 10 2
82 0 169 168 0 0 10 3
82 0 169 168 0 0 10 4
82 0 169 168 0 0 10 5
82 0 169 168 0 0 10 6
83 0 171 170 0 0 0 0
83 0 171 170 0 0 0 1
83 0 171 170 0 0 0 2
83 0 171 170 0 0 0 3
83 0 171 170 0 0 0 4
83 0 171 170 0 0 0 5
83 0 171 170 0 0 0 6
83 0 171 170 0 0 1 0
83 0 171 170 0 0 1 1
83 0 171 170 0 0 1 2
83 0 171 170 0 0 1 3
83 0 171 170 0 0 1 4
83 0 171 170 0 0 1 5
83 0 171 170 0 0 1 6
83 0 171 170 0 0 2 0
83 0 171 170 0 0 2 1
83 0 171 170 0 0 2 2
83 0 171 170 0 0 2 3
83 0 171 170 0 0 2 4
83 0 171 170 0 0 2 5
83 0 171 170 0 0 2 6
83 0 171 170 0 0 3 0
83 0 171 170 0 0 3 1
83 0 171 170 0 0 3 2
83 0 171 170 0 0 3 3
83 0 171 170 0 0 3 4
83 0 171 170 0 0 3 5
83 0 171 170 0 0 3 6
83 0 171 170 0 0 4 0
83 0 171 170 0 0 4 1
83 0 171 170 0 0 4 2
83 0 171 170 0 0 4 3
83 0 171 170 0 0 4 4
83 0 171 170 0 0 4 5
83 0 171 170 0 0 4 6
83 0 171 170 0 0 5 0
83 0 171 170 0 0 5 1
83 0 171 170 0 0 5 2
83 0 171 170 0 0 5 3
83 0 171 170 0 0 5 4
83 0 171 170 0 0 5 5
83 0 171 170 0 0 5 6
83 0 171 170 0 0 6 0
83 0 171 170 0 0 6 1
83 0 171 170 0 0 6 2
83 0 171 170 0 0 6 3
83 0 171 170 0 0 6 4
83 0 171 170 0 0 6 5
83 0 171 170 0 0 6 6
83 0 171 170 0 0 7 0
83 0 171 170 0 0 7 1
83 0 171 170 0 0 7 2
83 0 171 170 0 0 7 3
83 0 171 170 0 0 7 4
83 0 171 170 0 0 7 5
83 0 171 170 0 0 7 6
83 0 171 170 0 0 8 0
83 0 171 170 0 0 8 1
83 0 171 170 0 0 8 2
83 0 171 170 0 0 8 3
83 0 171 170 0 0 8 4
83 0 171 170 0 0 8 5
83 0 171 170 0 0 8 6
83 0 171 170 0 0 9 0
83 0 171 170 0 0 9 1
83 0 171 170 0 0 9 2
83 0 171 170 0 0 9 3
83 0 171 170 0 0 9 4
83 0 171 170 0 0 9 5
83 0 171 170 0 0 9 6
83 0 171 170 0 0 10 0
83 0 171 170 0 0 10 1
83 0 171 170 0 0 10 2
83 0 171 170 0 0 10 3
83 0 171 170 0 0 10 4
83 0 171 170 0 0 10 5
83 0 171 170 0 0 10 6
84 0 173 172 0 0 0 0
84 0 173 172 0 0 0 1
84 0 173 172 0 0 0 2
84 0 173 172 0 0 0 3
84 0 173 172 0 0 0 4
84 0 173 172 0 0 0 5
84 0 173 172 0 0 0 6
84 0 173 172 0 0 1 0
84 0 173 172 0 0 1 1
84 0 173 172 0 0 1 2
84 0 173 172 0 0 1 3
84 0 173 172 0 0 1 4
84 0 173 172 0 0 1 5
84 0 173 172 0 0 1 6
84 0 173 172 0 0 2 0
84 0 173 172 0 0 2 1
84 0 173 172 0 0 2 2
84 0 173 172 0 0 2 3
84 0 173 172 0 0 2 4
84 0 173 172 0 0 2 5
84 0 173 172 0 0 2 6
84 0 173 172 0 0 3 0
84 0 173 172 0 0 3 1
84 0 173 172 0 0 3 2
84 0 173 172 0 0 3 3
84 0 173 172 0 0 3 4
84 0 173 172 0 0 3 5
84 0 173 172 0 0 3 6
84 0 173 172 0 0 4 0
84 0 173 172 0 0 4 1
84 0 173 172 0 0 4 2
84 0 173 172 0 0 4 3
84 0 173 172 0 0 4 4
84 0 173 172 0 0 4 5
84 0 173 172 0 0 4 6
84 0 173 172 0 0 5 0
84 0 173 172 0 0 5 1
84 0 173 172 0 0 5 2
84 0 173 172 0 0 5 3
84 0 173 172 0 0 5 4
84 0 173 172 0 0 5 5
84 0 173 172 0 0 5 6
84 0 173 172 0 0 6 0
84 0 173 172 0 0 6 1
84 0 173 172 0 0 6 2
84 0 173 172 0 0 6 3
84 0 173 172 0 0 6 4
84 0 173 172 0 0 6 5
84 0 173 172 0 0 6 6
84 0 173 172 0 0 7 0
84 0 173 172 0 0 7 1
84 0 173 172 0 0 7 2
84 0 173 172 0 0 7 3
84 0 173 172 0 0 7 4
84 0 173 172 0 0 7 5
84 0 173 172 0 0 7 6
84 0 173 172 0 0 8 0
84 0 173 172 0 0 8 1
84 0 173 172 0 0 8 2
84 0 173 172 0 0 8 3
84 0 173 172 0 0 8 4
84 0 173 172 0 0 8 5
84 0 173 172 0 0 8 6
84 0 173 172 0 0 9 0
84 0 173 172 0 0 9 1
84 0 173 172 0 0 9 2
84 0 173 172 0 0 9 3
84 0 173 172 0 0 9 4
84 0 173 172 0 0 9 5
84 0 173 172 0 0 9 6
84 0 173 172 0 0 10 0
84 0 173 172 0 0 10 1
84 0 173 172 0 0 10 2
84 0 173 172 0 0 10 3
84 0 173 172 0 0 10 4
84 0 173 172 0 0 10 5
84 0 173 172 0 0 10 6
85 0 175 174 0 0 0 0
85 0 175 174 0 0 0 1
85 0 175 174 0 0 0 2
85 0 175 174 0 0 0 3
85 0 175 174 0 0 0 4
85 0 175 174 0 0 0 5
85 0 175 174 0 0 0 6
85 0 175 174 0 0 1 0
85 0 175 174 0 0 1 1
85 0 175 174 0 0 1 2
85 0 175 174 0 0 1 3
85 0 175 174 0 0 1 4
85 0 175 174 0 0 1 5
85 0 175 174 0 0 1 6
85 0 175 174 0 0 2 0
85 0 175 174 0 0 2 1
85 0 175 174 0 0 2 2
85 0 175 174 0 0 2 3
85 0 175 174 0 0 2 4
85 0 175 174 0 0 2 5
85 0 175 174 0 0 2 6
85 0 175 174 0 0 3 0
85 0 175 174 0 0 3 1
85 0 175 174 0 0 3 2
85 0 175 174 0 0 3 3
85 0 175 174 0 0 3 4
85 0 175 174 0 0 3 5
85 0 175 174 0 0 3 6
85 0 175 174 0 0 4 0
85 0 175 174 0 0 4 1
85 0 175 174 0 0 4 2
85 0 175 174 0 0 4 3
85 0 175 174 0 0 4 4
85 0 175 174 0 0 4 5
85 0 175 174 0 0 4 6
85 0 175 174 0 0 5 0
85 0 175 174 0 0 5 1
85 0 175 174 0 0 5 2
85 0 175 174 0 0 5 3
85 0 175 174 0 0 5 4
85 0 175 174 0 0 5 5
85 0 175 174 0 0 5 6
85 0 175 174 0 0 6 0
85 0 175 174 0 0 6 1
85 0 175 174 0 0 6 2
85 0 175 174 0 0 6 3
85 0 175 174 0 0 6 4
85 0 175 174 0 0 6 5
85 0 175 174 0 0 6 6
85 0 175 174 0 0 7 0
85 0 175 174 0 0 7 1
85 0 175 174 0 0 7 2
85 0 175 174 0 0 7 3
85 0 175 174 0 0 7 4
85 0 175 174 0 0 7 5
85 0 175 174 0 0 7 6
85 0 175 174 0 0 8 0
85 0 175 174 0 0 8 1
85 0 175 174 0 0 8 2
85 0 175 174 0 0 8 3
85 0 175 174 0 0 8 4
85 0 175 174 0 0 8 5
85 0 175 174 0 0 8 6
85 0 175 174 0 0 9 0
85 0 175 174 0 0 9 1
85 0 175 174 0 0 9 2
85 0 175 174 0 0 9 3
85 0 175 174 0 0 9 4
85 0 175 174 0 0 9 5
85 0 175 174 0 0 9 6
85 0 175 174 0 0 10 0
85 0 175 174 0 0 10 1
85 0 175 174 0 0 10 2
85 0 175 174 0 0 10 3
85 0 175 174 0 0 10 4
85 0 175 174 0 0 10 5
85 0 175 174 0 0 10 6
86 0 177 176 0 0 0 0
86 0 177 176 0 0 0 1
86 0 177 176 0 0 0 2
86 0 177 176 0 0 0 3
86 0 177 176 0 0 0 4
86 0 177 176 0 0 0 5
86 0 177 176 0 0 0 6
86 0 177 176 0 0 1 0
86 0 177 176 0 0 1 1
86 0 177 176 0 0 1 2
86 0 177 176 0 0 1 3
86 0 177 176 0 0 1 4
86 0 177 176 0 0 1 5
86 0 177 176 0 0 1 6
86 0 177 176 0 0 2 0
86 0 177 176 0 0 2 1
86 0 177 176 0 0 2 2
86 0 177 176 0 0 2 3
86 0 177 176 0 0 2 4
86 0 177 176 0 0 2 5
86 0 177 176 0 0 2 6
86 0 177 176 0 0 3 0
86 0 177 176 0 0 3 1
86 0 177 176 0 0 3 2
86 0 177 176 0 0 3 3
86 0 177 176 0 0 3 4
86 0 177 176 0 0 3 5
86 0 177 176 0 0 3 6
86 0 177 176 0 0 4 0
86 0 177 176 0 0 4 1
86 0 177 176 0 0 4 2
86 0 177 176 0 0 4 3
86 0 177 176 0 0 4 4
86 0 177 176 0 0 4 5
86 0 177 176 0 0 4 6
86 0 177 176 0 0 5 0
86 0 177 176 0 0 5 1
86 0 177 176 0 0 5 2
86 0 177 176 0 0 5 3
86 0 177 176 0 0 5 4
86 0 177 176 0 0 5 5
86 0 177 176 0 0 5 6
86 0 177 176 0 0 6 0
86 0 177 176 0 0 6 1
86 0 177 176 0 0 6 2
86 0 177 176 0 0 6 3
86 0 177 176 0 0 6 4
86 0 177 176 0 0 6 5
86 0 177 176 0 0 6 6
86 0 177 176 0 0 7 0
86 0 177 176 0 0 7 1
86 0 177 176 0 0 7 2
86 0 177 176 0 0 7 3
86 0 177 176 0 0 7 4
86 0 177 176 0 0 7 5
86 0 177 176 0 0 7 6
86 0 177 176 0 0 8 0
86 0 177 176 0 0 8 1
86 0 177 176 0 0 8 2
86 0 177 176 0 0 8 3
86 0 177 176 0 0 8 4
86 0 177 176 0 0 8 5
86 0 177 176 0 0 8 6
86 0 177 176 0 0 9 0
86 0 177 176 0 0 9 1
86 0 177 176 0 0 9 2
86 0 177 176 0 0 9 3
86 0 177 176 0 0 9 4
86 0 177 176 0 0 9 5
86 0 177 176 0 0 9 6
86 0 177 176 0 0 10 0
86 0 177 176 0 0 10 1
86 0 177 176 0 0 10 2
86 0 177 176 0 0 10 3
86 0 177 176 0 0 10 4
86 0 177 176 0 0 10 5
86 0 177 176 0 0 10 6
87 0 179 178 0 0 0 0
87 0 179 178 0 0 0 1
87 0 179 178 0 0 0 2
87 0 179 178 0 0 0 3
87 0 179 178 0 0 0 4
87 0 179 178 0 0 0 5
87 0 179 178 0 0 0 6
87 0 179 178 0 0 1 0
87 0 179 178 0 0 1 1
87 0 179 178 0 0 1 2
87 0 179 178 0 0 1 3
87 0 179 178 0 0 1 4
87 0 179 178 0 0 1 5
87 0 179 178 0 0 1 6
87 0 179 178 0 0 2 0
87 0 179 178 0 0 2 1
87 0 179 178 0 0 2 2
87 0 179 178 0 0 2 3
87 0 179 178 0 0 2 4
87 0 179 178 0 0 2 5
87 0 179 178 0 0 2 6
87 0 179 178 0 0 3 0
87 0 179 178 0 0 3 1
87 0 179 178 0 0 3 2
87 0 179 178 0 0 3 3
87 0 179 178 0 0 3 4
87 0 179 178 0 0 3 5
87 0 179 178 0 0 3 6
87 0 179 178 0 0 4 0
87 0 179 178 0 0 4 1
87 0 179 178 0 0 4 2
87 0 179 178 0 0 4 3
87 0 179 178 0 0 4 4
87 0 179 178 0 0 4 5
87 0 179 178 0 0 4 6
87 0 179 178 0 0 5 0
87 0 179 178 0 0 5 1
87 0 179 178 0 0 5 2
87 0 179 178 0 0 5 3
87 0 179 178 0 0 5 4
87 0 179 178 0 0 5 5
87 0 179 178 0 0 5 6
87 0 179 178 0 0 6 0
87 0 179 178 0 0 6 1
87 0 179 178 0 0 6 2
87 0 179 178 0 0 6 3
87 0 179 178 0 0 6 4
87 0 179 178 0 0 6 5
87 0 179 178 0 0 6 6
87 0 179 178 0 0 7 0
87 0 179 178 0 0 7 1
87 0 179 178 0 0 7 2
87 0 179 178 0 0 7 3
87 0 179 178 0 0 7 4
87 0 179 178 0 0 7 5
87 0 179 178 0 0 7 6
87 0 179 178 0 0 8 0
87 0 179 178 0 0 8 1
87 0 179 178 0 0 8 2
87 0 179 178 0 0 8 3
87 0 179 178 0 0 8 4
87 0 179 178 0 0 8 5
87 0 179 178 0 0 8 6
87 0 179 178 0 0 9 0
87 0 179 178 0 0 9 1
87 0 179 178 0 0 9 2
87 0 179 178 0 0 9 3
87 0 179 178 0 0 9 4
87 0 179 178 0 0 9 5
87 0 179 178 0 0 9 6
87 0 179 178 0 0 10 0
87 0 179 178 0 0 10 1
87 0 179 178 0 0 10 2
87 0 179 178 0 0 10 3
87 0 179 178 0 0 10 4
87 0 179 178 0 0 10 5
87 0 179 178 0 0 10 6
88 0 181 180 0 0 0 0
88 0 181 180 0 0 0 1
88 0 181 180 0 0 0 2
88 0 181 180 0 0 0 3
88 0 181 180 0 0 0 4
88 0 181 180 0 0 0 5
88 0 181 180 0 0 0 6
88 0 181 180 0 0 1 0
88 0 181 180 0 0 1 1
88 0 181 180 0 0 1 2
88 0 181 180 0 0 1 3
88 0 181 180 0 0 1 4
88 0 181 180 0 0 1 5
88 0 181 180 0 0 1 6
88 0 181 180 0 0 2 0
88 0 181 180 0 0 2 1
88 0 181 180 0 0 2 2
88 0 181 180 0 0 2 3
88 0 181 180 0 0 2 4
88 0 181 180 0 0 2 5
88 0 181 180 0 0 2 6
88 0 181 180 0 0 3 0
88 0 181 180 0 0 3 1
88 0 181 180 0 0 3 2
88 0 181 180 0 0 3 3
88 0 181 180 0 0 3 4
88 0 181 180 0 0 3 5
88 0 181 180 0 0 3 6
88 0 181 180 0 0 4 0
88 0 181 180 0 0 4 1
88 0 181 180 0 0 4 2
88 0 181 180 0 0 4 3
88 0 181 180 0 0 4 4
88 0 181 180 0 0 4 5
88 0 181 180 0 0 4 6
88 0 181 180 0 0 5 0
88 0 181 180 0 0 5 1
88 0 181 180 0 0 5 2
88 0 181 180 0 0 5 3
88 0 181 180 0 0 5 4
88 0 181 180 0 0 5 5
88 0 181 180 0 0 5 6
88 0 181 180 0 0 6 0
88 0 181 180 0 0 6 1
88 0 181 180 0 0 6 2
88 0 181 180 0 0 6 3
88 0 181 180 0 0 6 4
88 0 181 180 0 0 6 5
88 0 181 180 0 0 6 6
88 0 181 180 0 0 7 0
88 0 181 180 0 0 7 1
88 0 181 180 0 0 7 2
88 0 181 180 0 0 7 3
88 0 181 180 0 0 7 4
88 0 181 180 0 0 7 5
88 0 181 180 0 0 7 6
88 0 181 180 0 0 8 0
88 0 181 180 0 0 8 1
88 0 181 180 0 0 8 2
88 0 181 180 0 0 8 3
88 0 181 180 0 0 8 4
88 0 181 180 0 0 8 5
88 0 181 180 0 0 8 6
88 0 181 180 0 0 9 0
88 0 181 180 0 0 9 1
88 0 181 180 0 0 9 2
88 0 181 180 0 0 9 3
88 0 181 180 0 0 9 4
88 0 181 180 0 0 9 5
88 0 181 180 0 0 9 6
88 0 181 180 0 0 10 0
88 0 181 180 0 0 10 1
88 0 181 180 0 0 10 2
88 0 181 180 0 0 10 3
88 0 181 180 0 0 10 4
88 0 181 180 0 0 10 5
88 0 181 180 0 0 10 6
89 0 183 182 0 0 0 0
89 0 183 182 0 0 0 1
89 0 183 182 0 0 0 2
89 0 183 182 0 0 0 3
89 0 183 182 0 0 0 4
89 0 183 182 0 0 0 5
89 0 183 182 0 0 0 6
89 0 183 182 0 0 1 0
89 0 183 182 0 0 1 1
89 0 183 182 0 0 1 2
89 0 183 182 0 0 1 3
89 0 183 182 0 0 1 4
89 0 183 182 0 0 1 5
89 0 183 182 0 0 1 6
89 0 183 182 0 0 2 0
89 0 183 182 0 0 2 1
89 0 183 182 0 0 2 2
89 0 183 182 0 0 2 3
89 0 183 182 0 0 2 4
89 0 183 182 0 0 2 5
89 0 183 182 0 0 2 6
89 0 183 182 0 0 3 0
89 0 183 182 0 0 3 1
89 0 183 182 0 0 3 2
89 0 183 182 0 0 3 3
89 0 183 182 0 0 3 4
89 0 183 182 0 0 3 5
89 0 183 182 0 0 3 6
89 0 183 182 0 0 4 0
89 0 183 182 0 0 4 1
89 0 183 182 0 0 4 2
89 0 183 182 0 0 4 3
89 0 183 182 0 0 4 4
89 0 183 182 0 0 4 5
89 0 183 182 0 0 4 6
89 0 183 182 0 0 5 0
89 0 183 182 0 0 5 1
89 0 183 182 0 0 5 2
89 0 183 182 0 0 5 3
89 0 183 182 0 0 5 4
89 0 183 182 0 0 5 5
89 0 183 182 0 0 5 6
89 0 183 182 0 0 6 0
89 0 183 182 0 0 6 1
89 0 183 182 0 0 6 2
89 0 183 182 0 0 6 3
89 0 183 182 0 0 6 4
89 0 183 182 0 0 6 5
89 0 183 182 0 0 6 6
89 0 183 182 0 0 7 0
89 0 183 182 0 0 7 1
89 0 183 182 0 0 7 2
89 0 183 182 0 0 7 3
89 0 183 182 0 0 7 4
89 0 183 182 0 0 7 5
89 0 183 182 0 0 7 6
89 0 183 182 0 0 8 0
89 0 183 182 0 0 8 1
89 0 183 182 0 0 8 2
89 0 183 182 0 0 8 3
89 0 183 182 0 0 8 4
89 0 183 182 0 0 8 5
89 0 183 182 0 0 8 6
89 0 183 182 0 0 9 0
89 0 183 182 0 0 9 1
89 0 183 182 0 0 9 2
89 0 183 182 0 0 9 3
89 0 183 182 0 0 9 4
89 0 183 182 0 0 9 5
89 0 183 182 0 0 9 6
89 0 183 182 0 0 10 0
89 0 183 182 0 0 10 1
89 0 183 182 0 0 10 2
89 0 183 182 0 0 10 3
89 0 183 182 0 0 10 4
89 0 183 182 0 0 10 5
89 0 183 182 0 0 10 6
90 0 185 184 0 0 0 0
90 0 185 184 0 0 0 1
90 0 185 184 0 0 0 2
90 0 185 184 0 0 0 3
90 0 185 184 0 0 0 4
90 0 185 184 0 0 0 5
90 0 185 184 0 0 0 6
90 0 185 184 0 0 1 0
90 0 185 184 0 0 1 1
90 0 185 184 0 0 1 2
90 0 185 184 0 0 1 3
90 0 185 184 0 0 1 4
90 0 185 184 0 0 1 5
90 0 185 184 0 0 1 6
90 0 185 184 0 0 2 0
90 0 185 184 0 0 2 1
90 0 185 184 0 0 2 2
90 0 185 184 0 0 2 3
90 0 185 184 0 0 2 4
90 0 185 184 0 0 2 5
90 0 185 184 0 0 2 6
90 0 185 184 0 0 3 0
90 0 185 184 0 0 3 1
90 0 185 184 0 0 3 2
90 0 185 184 0 0 3 3
90 0 185 184 0 0 3 4
90 0 185 184 0 0 3 5
90 0 185 184 0 0 3 6
90 0 185 184 0 0 4 0
90 0 185 184 0 0 4 1
90 0 185 184 0 0 4 2
90 0 185 184 0 0 4 3
90 0 185 184 0 0 4 4
90 0 185 184 0 0 4 5
90 0 185 184 0 0 4 6
90 0 185 184 0 0 5 0
90 0 185 184 0 0 5 1
90 0 185 184 0 0 5 2
90 0 185 184 0 0 5 3
90 0 185 184 0 0 5 4
90 0 185 184 0 0 5 5
90 0 185 184 0 0 5 6
90 0 185 184 0 0 6 0
90 0 185 184 0 0 6 1
90 0 185 184 0 0 6 2
90 0 185 184 0 0 6 3
90 0 185 184 0 0 6 4
90 0 185 184 0 0 6 5
90 0 185 184 0 0 6 6
90 0 185 184 0 0 7 0
90 0 185 184 0 0 7 1
90 0 185 184 0 0 7 2
90 0 185 184 0 0 7 3
90 0 185 184 0 0 7 4
90 0 185 184 0 0 7 5
90 0 185 184 0 0 7 6
90 0 185 184 0 0 8 0
90 0 185 184 0 0 8 1
90 0 185 184 0 0 8 2
90 0 185 184 0 0 8 3
90 0 185 184 0 0 8 4
90 0 185 184 0 0 8 5
90 0 185 184 0 0 8 6
90 0 185 184 0 0 9 0
90 0 185 184 0 0 9 1
90 0 185 184 0 0 9 2
90 0 185 184 0 0 9 3
90 0 185 184 0 0 9 4
90 0 185 184 0 0 9 5
90 0 185 184 0 0 9 6
90 0 185 184 0 0 10 0
90 0 185 184 0 0 10 1
90 0 185 184 0 0 10 2
90 0 185 184 0 0 10 3
90 0 185 184 0 0 10 4
90 0 185 184 0 0 10 5
90 0 185 184 0 0 10 6
91 0 187 186 0 0 0 0
91 0 187 186 0 0 0 1
91 0 187 186 0 0 0 2
91 0 187 186 0 0 0 3
91 0 187 186 0 0 0 4
91 0 187 186 0 0 0 5
91 0 187 186 0 0 0 6
91 0 187 186 0 0 1 0
91 0 187 186 0 0 1 1
91 0 187 186 0 0 1 2
91 0 187 186 0 0 1 3
91 0 187 186 0 0 1 4
91 0 187 186 0 0 1 5
91 0 187 186 0 0 1 6
91 0 187 186 0 0 2 0
91 0 187 186 0 0 2 1
91 0 187 186 0 0 2 2
91 0 187 186 0 0 2 3
91 0 187 186 0 0 2 4
91 0 187 186 0 0 2 5
91 0 187 186 0 0 2 6
91 0 187 186 0 0 3 0
91 0 187 186 0 0 3 1
91 0 187 186 0 0 3 2
91 0 187 186 0 0 3 3
91 0 187 186 0 0 3 4
91 0 187 186 0 0 3 5
91 0 187 186 0 0 3 6
91 0 187 186 0 0 4 0
91 0 187 186 0 0 4 1
91 0 187 186 0 0 4 2
91 0 187 186 0 0 4 3
91 0 187 186 0 0 4 4
91 0 187 186 0 0 4 5
91 0 187 186 0 0 4 6
91 0 187 186 0 0 5 0
91 0 187 186 0 0 5 1
91 0 187 186 0 0 5 2
91 0 187 186 0 0 5 3
91 0 187 186 0 0 5 4
91 0 187 186 0 0 5 5
91 0 187 186 0 0 5 6
91 0 187 186 0 0 6 0
91 0 187 186 0 0 6 1
91 0 187 186 0 0 6 2
91 0 187 186 0 0 6 3
91 0 187 186 0 0 6 4
91 0 187 186 0 0 6 5
91 0 187 186 0 0 6 6
91 0 187 186 0 0 7 0
91 0 187 186 0 0 7 1
91 0 187 186 0 0 7 2
91 0 187 186 0 0 7 3
91 0 187 186 0 0 7 4
91 0 187 186 0 0 7 5
91 0 187 186 0 0 7 6
91 0 187 186 0 0 8 0
91 0 187 186 0 0 8 1
91 0 187 186 0 0 8 2
91 0 187 186 0 0 8 3
91 0 187 186 0 0 8 4
91 0 187 186 0 0 8 5
91 0 187 186 0 0 8 6
91 0 187 186 0 0 9 0
91 0 187 186 0 0 9 1
91 0 187 186 0 0 9 2
91 0 187 186 0 0 9 3
91 0 187 186 0 0 9 4
91 0 187 186 0 0 9 5
91 0 187 186 0 0 9 6
91 0 187 186 0 0 10 0
91 0 187 186 0 0 10 1
91 0 187 186 0 0 10 2
91 0 187 186 0 0 10 3
91 0 187 186 0 0 10 4
91 0 187 186 0 0 10 5
91 0 187 186 0 0 10 6
92 0 189 188 0 0 0 0
92 0 189 188 0 0 0 1
92 0 189 188 0 0 0 2
92 0 189 188 0 0 0 3
92 0 189 188 0 0 0 4
92 0 189 188 0 0 0 5
92 0 189 188 0 0 0 6
92 0 189 188 0 0 1 0
92 0 189 188 0 0 1 1
92 0 189 188 0 0 1 2
92 0 189 188 0 0 1 3
92 0 189 188 0 0 1 4
92 0 189 188 0 0 1 5
92 0 189 188 0 0 1 6
92 0 189 188 0 0 2 0
92 0 189 188 0 0 2 1
92 0 189 188 0 0 2 2
92 0 189 188 0 0 2 3
92 0 189 188 0 0 2 4
92 0 189 188 0 0 2 5
92 0 189 188 0 0 2 6
92 0 189 188 0 0 3 0
92 0 189 188 0 0 3 1
92 0 189 188 0 0 3 2
92 0 189 188 0 0 3 3
92 0 189 188 0 0 3 4
92 0 189 188 0 0 3 5
92 0 189 188 0 0 3 6
92 0 189 188 0 0 4 0
92 0 189 188 0 0 4 1
92 0 189 188 0 0 4 2
92 0 189 188 0 0 4 3
92 0 189 188 0 0 4 4
92 0 189 188 0 0 4 5
92 0 189 188 0 0 4 6
92 0 189 188 0 0 5 0
92 0 189 188 0 0 5 1
92 0 189 188 0 0 5 2
92 0 189 188 0 0 5 3
92 0 189 188 0 0 5 4
92 0 189 188 0 0 5 5
92 0 189 188 0 0 5 6
92 0 189 188 0 0 6 0
92 0 189 188 0 0 6 1
92 0 189 188 0 0 6 2
92 0 189 188 0 0 6 3
92 0 189 188 0 0 6 4
92 0 189 188 0 0 6 5
92 0 189 188 0 0 6 6
92 0 189 188 0 0 7 0
92 0 189 188 0 0 7 1
92 0 189 188 0 0 7 2
92 0 189 188 0 0 7 3
92 0 189 188 0 0 7 4
92 0 189 188 0 0 7 5
92 0 189 188 0 0 7 6
92 0 189 188 0 0 8 0
92 0 189 188 0 0 8 1
92 0 189 188 0 0 8 2
92 0 189 188 0 0 8 3
92 0 189 188 0 0 8 4
92 0 189 188 0 0 8 5
92 0 189 188 0 0 8 6
92 0 189 188 0 0 9 0
92 0 189 188 0 0 9 1
92 0 189 188 0 0 9 2
92 0 189 188 0 0 9 3
92 0 189 188 0 0 9 4
92 0 189 188 0 0 9 5
92 0 189 188 0 0 9 6
92 0 189 188 0 0 10 0
92 0 189 188 0 0 10 1
92 0 189 188 0 0 10 2
92 0 189 188 0 0 10 3
92 0 189 188 0 0 10 4
92 0 189 188 0 0 10 5
92 0 189 188 0 0 10 6
93 0 191 190 0 0 0 0
93 0 191 190 0 0 0 1
93 0 191 190 0 0 0 2
93 0 191 190 0 0 0 3
93 0 191 190 0 0 0 4
93 0 191 190 0 0 0 5
93 0 191 190 0 0 0 6
93 0 191 190 0 0 1 0
93 0 191 190 0 0 1 1
93 0 191 190 0 0 1 2
93 0 191 190 0 0 1 3
93 0 191 190 0 0 1 4
93 0 191 190 0 0 1 5
93 0 191 190 0 0 1 6
93 0 191 190 0 0 2 0
93 0 191 190 0 0 2 1
93 0 191 190 0 0 2 2
93 0 191 190 0 0 2 3
93 0 191 190 0 0 2 4
93 0 191 190 0 0 2 5
93 0 191 190 0 0 2 6
93 0 191 190 0 0 3 0
93 0 191 190 0 0 3 1
93 0 191 190 0 0 3 2
93 0 191 190 0 0 3 3
93 0 191 190 0 0 3 4
93 0 191 190 0 0 3 5
93 0 191 190 0 0 3 6
93 0 191 190 0 0 4 0
93 0 191 190 0 0 4 1
93 0 191 190 0 0 4 2
93 0 191 190 0 0 4 3
93 0 191 190 0 0 4 4
93 0 191 190 0 0 4 5
93 0 191 190 0 0 4 6
93 0 191 190 0 0 5 0
93 0 191 190 0 0 5 1
93 0 191 190 0 0 5 2
93 0 191 190 0 0 5 3
93 0 191 190 0 0 5 4
93 0 191 190 0 0 5 5
93 0 191 190 0 0 5 6
93 0 191 190 0 0 6 0
93 0 191 190 0 0 6 1
93 0 191 190 0 0 6 2
93 0 191 190 0 0 6 3
93 0 191 190 0 0 6 4
93 0 191 190 0 0 6 5
93 0 191 190 0 0 6 6
93 0 191 190 0 0 7 0
93 0 191 190 0 0 7 1
93 0 191 190 0 0 7 2
93 0 191 190 0 0 7 3
93 0 191 190 0 0 7 4
93 0 191 190 0 0 7 5
93 0 191 190 0 0 7 6
93 0 191 190 0 0 8 0
93 0 191 190 0 0 8 1
93 0 191 190 0 0 8 2
93 0 191 190 0 0 8 3
93 0 191 190 0 0 8 4
93 0 191 190 0 0 8 5
93 0 191 190 0 0 8 6
93 0 191 190 0 0 9 0
93 0 191 190 0 0 9 1
93 0 191 190 0 0 9 2
93 0 191 190 0 0 9 3
93 0 191 190 0 0 9 4
93 0 191 190 0 0 9 5
93 0 191 190 0 0 9 6
93 0 191 190 0 0 10 0
93 0 191 190 0 0 10 1
93 0 191 190 0 0 10 2
93 0 191 190 0 0 10 3
93 0 191 190 0 0 10 4
93 0 191 190 0 0 10 5
93 0 191 190 0 0 10 6
94 0 193 192 0 0 0 0
94 0 193 192 0 0 0 1
94 0 193 192 0 0 0 2
94 0 193 192 0 0 0 3
94 0 193 192 0 0 0 4
94 0 193 192 0 0 0 5
94 0 193 192 0 0 0 6
94 0 193 192 0 0 1 0
94 0 193 192 0 0 1 1
94 0 193 192 0 0 1 2
94 0 193 192 0 0 1 3
94 0 193 192 0 0 1 4
94 0 193 192 0 0 1 5
94 0 193 192 0 0 1 6
94 0 193 192 0 0 2 0
94 0 193 192 0 0 2 1
94 0 193 192 0 0 2 2
94 0 193 192 0 0 2 3
94 0 193 192 0 0 2 4
94 0 193 192 0 0 2 5
94 0 193 192 0 0 2 6
94 0 193 192 0 0 3 0
94 0 193 192 0 0 3 1
94 0 193 192 0 0 3 2
94 0 193 192 0 0 3 3
94 0 193 192 0 0 3 4
94 0 193 192 0 0 3 5
94 0 193 192 0 0 3 6
94 0 193 192 0 0 4 0
94 0 193 192 0 0 4 1
94 0 193 192 0 0 4 2
94 0 193 192 0 0 4 3
94 0 193 192 0 0 4 4
94 0 193 192 0 0 4 5
94 0 193 192 0 0 4 6
94 0 193 192 0 0 5 0
94 0 193 192 0 0 5 1
94 0 193 192 0 0 5 2
94 0 193 192 0 0 5 3
94 0 193 192 0 0 5 4
94 0 193 192 0 0 5 5
94 0 193 192 0 0 5 6
94 0 193 192 0 0 6 0
94 0 193 192 0 0 6 1
94 0 193 192 0 0 6 2
94 0 193 192 0 0 6 3
94 0 193 192 0 0 6 4
94 0 193 192 0 0 6 5
94 0 193 192 0 0 6 6
94 0 193 192 0 0 7 0
94 0 193 192 0 0 7 1
94 0 193 192 0 0 7 2
94 0 193 192 0 0 7 3
94 0 193 192 0 0 7 4
94 0 193 192 0 0 7 5
94 0 193 192 0 0 7 6
94 0 193 192 0 0 8 0
94 0 193 192 0 0 8 1
94 0 193 192 0 0 8 2
94 0 193 192 0 0 8 3
94 0 193 192 0 0 8 4
94 0 193 192 0 0 8 5
94 0 193 192 0 0 8 6
94 0 193 192 0 0 9 0
94 0 193 192 0 0 9 1
94 0 193 192 0 0 9 2
94 0 193 192 0 0 9 3
94 0 193 192 0 0 9 4
94 0 193 192 0 0 9 5
94 0 193 192 0 0 9 6
94 0 193 192 0 0 10 0
94 0 193 192 0 0 10 1
94 0 193 192 0 0 10 2
94 0 193 192 0 0 10 3
94 0 193 192 0 0 10 4
94 0 193 192 0 0 10 5
94 0 193 192 0 0 10 6
95 0 195 194 0 0 0 0
95 0 195 194 0 0 0 1
95 0 195 194 0 0 0 2
95 0 195 194 0 0 0 3
95 0 195 194 0 0 0 4
95 0 195 194 0 0 0 5
95 0 195 194 0 0 0 6
95 0 195 194 0 0 1 0
95 0 195 194 0 0 1 1
95 0 195 194 0 0 1 2
95 0 195 194 0 0 1 3
95 0 195 194 0 0 1 4
95 0 195 194 0 0 1 5
95 0 195 194 0 0 1 6
95 0 195 194 0 0 2 0
95 0 195 194 0 0 2 1
95 0 195 194 0 0 2 2
95 0 195 194 0 0 2 3
95 0 195 194 0 0 2 4
95 0 195 194 0 0 2 5
95 0 195 194 0 0 2 6
95 0 195 194 0 0 3 0
95 0 195 194 0 0 3 1
95 0 195 194 0 0 3 2
95 0 195 194 0 0 3 3
95 0 195 194 0 0 3 4
95 0 195 194 0 0 3 5
95 0 195 194 0 0 3 6
95 0 195 194 0 0 4 0
95 0 195 194 0 0 4 1
95 0 195 194 0 0 4 2
95 0 195 194 0 0 4 3
95 0 195 194 0 0 4 4
95 0 195 194 0 0 4 5
95 0 195 194 0 0 4 6
95 0 195 194 0 0 5 0
95 0 195 194 0 0 5 1
95 0 195 194 0 0 5 2
95 0 195 194 0 0 5 3
95 0 195 194 0 0 5 4
95 0 195 194 0 0 5 5
95 0 195 194 0 0 5 6
95 0 195 194 0 0 6 0
95 0 195 194 0 0 6 1
95 0 195 194 0 0 6 2
95 0 195 194 0 0 6 3
95 0 195 194 0 0 6 4
95 0 195 194 0 0 6 5
95 0 195 194 0 0 6 6
95 0 195 194 0 0 7 0
95 0 195 194 0 0 7 1
95 0 195 194 0 0 7 2
95 0 195 194 0 0 7 3
95 0 195 194 0 0 7 4
95 0 195 194 0 0 7 5
95 0 195 194 0 0 7 6
95 0 195 194 0 0 8 0
95 0 195 194 0 0 8 1
95 0 195 194 0 0 8 2
95 0 195 194 0 0 8 3
95 0 195 194 0 0 8 4
95 0 195 194 0 0 8 5
95 0 195 194 0 0 8 6
95 0 195 194 0 0 9 0
95 0 195 194 0 0 9 1
95 0 195 194 0 0 9 2
95 0 195 194 0 0 9 3
95 0 195 194 0 0 9 4
95 0 195 194 0 0 9 5
95 0 195 194 0 0 9 6
95 0 195 194 0 0 10 0
95 0 195 194 0 0 10 1
95 0 195 194 0 0 10 2
95 0 195 194 0 0 10 3
95 0 195 194 0 0 10 4
95 0 195 194 0 0 10 5
95 0 195 194 0 0 10 6
96 0 197 196 0 0 0 0
96 0 197 196 0 0 0 1
96 0 197 196 0 0 0 2
96 0 197 196 0 0 0 3
96 0 197 196 0 0 0 4
96 0 197 196 0 0 0 5
96 0 197 196 0 0 0 6
96 0 197 196 0 0 1 0
96 0 197 196 0 0 1 1
96 0 197 196 0 0 1 2
96 0 197 196 0 0 1 3
96 0 197 196 0 0 1 4
96 0 197 196 0 0 1 5
96 0 197 196 0 0 1 6
96 0 197 196 0 0 2 0
96 0 197 196 0 0 2 1
96 0 197 196 0 0 2 2
96 0 197 196 0 0 2 3
96 0 197 196 0 0 2 4
96 0 197 196 0 0 2 5
96 0 197 196 0 0 2 6
96 0 197 196 0 0 3 0
96 0 197 196 0 0 3 1
96 0 197 196 0 0 3 2
96 0 197 196 0 0 3 3
96 0 197 196 0 0 3 4
96 0 197 196 0 0 3 5
96 0 197 196 0 0 3 6
96 0 197 196 0 0 4 0
96 0 197 196 0 0 4 1
96 0 197 196 0 0 4 2
96 0 197 196 0 0 4 3
96 0 197 196 0 0 4 4
96 0 197 196 0 0 4 5
96 0 197 196 0 0 4 6
96 0 197 196 0 0 5 0
96 0 197 196 0 0 5 1
96 0 197 196 0 0 5 2
96 0 197 196 0 0 5 3
96 0 197 196 0 0 5 4
96 0 197 196 0 0 5 5
96 0 197 196 0 0 5 6
96 0 197 196 0 0 6 0
96 0 197 196 0 0 6 1
96 0 197 196 0 0 6 2
96 0 197 196 0 0 6 3
96 0 197 196 0 0 6 4
96 0 197 196 0 0 6 5
96 0 197 196 0 0 6 6
96 0 197 196 0 0 7 0
96 0 197 196 0 0 7 1
96 0 197 196 0 0 7 2
96 0 197 196 0 0 7 3
96 0 197 196 0 0 7 4
96 0 197 196 0 0 7 5
96 0 197 196 0 0 7 6
96 0 197 196 0 0 8 0
96 0 197 196 0 0 8 1
96 0 197 196 0 0 8 2
96 0 197 196 0 0 8 3
96 0 197 196 0 0 8 4
96 0 197 196 0 0 8 5
96 0 197 196 0 0 8 6
96 0 197 196 0 0 9 0
96 0 197 196 0 0 9 1
96 0 197 196 0 0 9 2
96 0 197 196 0 0 9 3
96 0 197 196 0 0 9 4
96 0 197 196 0 0 9 5
96 0 197 196 0 0 9 6
96 0 197 196 0 0 10 0
96 0 197 196 0 0 10 1
96 0 197 196 0 0 10 2
96 0 197 196 0 0 10 3
96 0 197 196 0 0 10 4
96 0 197 196 0 0 10 5
96 0 197 196 0 0 10 6
97 0 199 198 0 0 0 0
97 0 199 198 0 0 0 1
97 0 199 198 0 0 0 2
97 0 199 198 0 0 0 3
97 0 199 198 0 0 0 4
97 0 199 198 0 0 0 5
97 0 199 198 0 0 0 6
97 0 199 198 0 0 1 0
97 0 199 198 0 0 1 1
97 0 199 198 0 0 1 2
97 0 199 198 0 0 1 3
97 0 199 198 0 0 1 4
97 0 199 198 0 0 1 5
97 0 199 198 0 0 1 6
97 0 199 198 0 0 2 0
97 0 199 198 0 0 2 1
97 0 199 198 0 0 2 2
97 0 199 198 0 0 2 3
97 0 199 198 0 0 2 4
97 0 199 198 0 0 2 5
97 0 199 198 0 0 2 6
97 0 199 198 0 0 3 0
97 0 199 198 0 0 3 1
97 0 199 198 0 0 3 2
97 0 199 198 0 0 3 3
97 0 199 198 0 0 3 4
97 0 199 198 0 0 3 5
97 0 199 198 0 0 3 6
97 0 199 198 0 0 4 0
97 0 199 198 0 0 4 1
97 0 199 198 0 0 4 2
97 0 199 198 0 0 4 3
97 0 199 198 0 0 4 4
97 0 199 198 0 0 4 5
97 0 199 198 0 0 4 6
97 0 199 198 0 0 5 0
97 0 199 198 0 0 5 1
97 0 199 198 0 0 5 2
97 0 199 198 0 0 5 3
97 0 199 198 0 0 5 4
97 0 199 198 0 0 5 5
97 0 199 198 0 0 5 6
97 0 199 198 0 0 6 0
97 0 199 198 0 0 6 1
97 0 199 198 0 0 6 2
97 0 199 198 0 0 6 3
97 0 199 198 0 0 6 4
97 0 199 198 0 0 6 5
97 0 199 198 0 0 6 6
97 0 199 198 0 0 7 0
97 0 199 198 0 0 7 1
97 0 199 198 0 0 7 2
97 0 199 198 0 0 7 3
97 0 199 198 0 0 7 4
97 0 199 198 0 0 7 5
97 0 199 198 0 0 7 6
97 0 199 198 0 0 8 0
97 0 199 198 0 0 8 1
97 0 199 198 0 0 8 2
97 0 199 198 0 0 8 3
97 0 199 198 0 0 8 4
97 0 199 198 0 0 8 5
97 0 199 198 0 0 8 6
97 0 199 198 0 0 9 0
97 0 199 198 0 0 9 1
97 0 199 198 0 0 9 2
97 0 199 198 0 0 9 3
97 0 199 198 0 0 9 4
97 0 199 198 0 0 9 5
97 0 199 198 0 0 9 6
97 0 199 198 0 0 10 0
97 0 199 198 0 0 10 1
97 0 199 198 0 0 10 2
97 0 199 198 0 0 10 3
97 0 199 198 0 0 10 4
97 0 199 198 0 0 10 5
97 0 199 198 0 0 10 6
98 0 201 200 0 0 0 0
98 0 201 200 0 0 0 1
98 0 201 200 0 0 0 2
98 0 201 200 0 0 0 3
98 0 201 200 0 0 0 4
98 0 201 200 0 0 0 5
98 0 201 200 0 0 0 6
98 0 201 200 0 0 1 0
98 0 201 200 0 0 1 1
98 0 201 200 0 0 1 2
98 0 201 200 0 0 1 3
98 0 201 200 0 0 1 4
98 0 201 200 0 0 1 5
98 0 201 200 0 0 1 6
98 0 201 200 0 0 2 0
98 0 201 200 0 0 2 1
98 0 201 200 0 0 2 2
98 0 201 200 0 0 2 3
98 0 201 200 0 0 2 4
98 0 201 200 0 0 2 5
98 0 201 200 0 0 2 6
98 0 201 200 0 0 3 0
98 0 201 200 0 0 3 1
98 0 201 200 0 0 3 2
98 0 201 200 0 0 3 3
98 0 201 200 0 0 3 4
98 0 201 200 0 0 3 5
98 0 201 200 0 0 3 6
98 0 201 200 0 0 4 0
98 0 201 200 0 0 4 1
98 0 201 200 0 0 4 2
98 0 201 200 0 0 4 3
98 0 201 200 0 0 4 4
98 0 201 200 0 0 4 5
98 0 201 200 0 0 4 6
98 0 201 200 0 0 5 0
98 0 201 200 0 0 5 1
98 0 201 200 0 0 5 2
98 0 201 200 0 0 5 3
98 0 201 200 0 0 5 4
98 0 201 200 0 0 5 5
98 0 201 200 0 0 5 6
98 0 201 200 0 0 6 0
98 0 201 200 0 0 6 1
98 0 201 200 0 0 6 2
98 0 201 200 0 0 6 3
98 0 201 200 0 0 6 4
98 0 201 200 0 0 6 5
98 0 201 200 0 0 6 6
98 0 201 200 0 0 7 0
98 0 201 200 0 0 7 1
98 0 201 200 0 0 7 2
98 0 201 200 0 0 7 3
98 0 201 200 0 0 7 4
98 0 201 200 0 0 7 5
98 0 201 200 0 0 7 6
98 0 201 200 0 0 8 0
98 0 201 200 0 0 8 1
98 0 201 200 0 0 8 2
98 0 201 200 0 0 8 3
98 0 201 200 0 0 8 4
98 0 201 200 0 0 8 5
98 0 201 200 0 0 8 6
98 0 201 200 0 0 9 0
98 0 201 200 0 0 9 1
98 0 201 200 0 0 9 2
98 0 201 200 0 0 9 3
98 0 201 200 0 0 9 4
98 0 201 200 0 0 9 5
98 0 201 200 0 0 9 6
98 0 201 200 0 0 10 0
98 0 201 200 0 0 10 1
98 0 201 200 0 0 10 2
98 0 201 200 0 0 10 3
98 0 201 200 0 0 10 4
98 0 201 200 0 0 10 5
98 0 201 200 0 0 10 6
99 0 203 202 0 0 0 0
99 0 203 202 0 0 0 1
99 0 203 202 0 0 0 2
99 0 203 202 0 0 0 3
99 0 203 202 0 0 0 4
99 0 203 202 0 0 0 5
99 0 203 202 0 0 0 6
99 0 203 202 0 0 1 0
99 0 203 202 0 0 1 1
99 0 203 202 0 0 1 2
99 0 203 202 0 0 1 3
99 0 203 202 0 0 1 4
99 0 203 202 0 0 1 5
99 0 203 202 0 0 1 6
99 0 203 202 0 0 2 0
99 0 203 202 0 0 2 1
99 0 203 202 0 0 2 2
99 0 203 202 0 0 2 3
99 0 203 202 0 0 2 4
99 0 203 202 0 0 2 5
99 0 203 202 0 0 2 6
99 0 203 202 0 0 3 0
99 0 203 202 0 0 3 1
99 0 203 202 0 0 3 2
99 0 203 202 0 0 3 3
99 0 203 202 0 0 3 4
99 0 203 202 0 0 3 5
99 0 203 202 0 0 3 6
99 0 203 202 0 0 4 0
99 0 203 202 0 0 4 1
99 0 203 202 0 0 4 2
99 0 203 202 0 0 4 3
99 0 203 202 0 0 4 4
99 0 203 202 0 0 4 5
99 0 203 202 0 0 4 6
99 0 203 202 0 0 5 0
99 0 203 202 0 0 5 1
99 0 203 202 0 0 5 2
99 0 203 202 0 0 5 3
99 0 203 202 0 0 5 4
99 0 203 202 0 0 5 5
99 0 203 202 0 0 5 6
99 0 203 202 0 0 6 0
99 0 203 202 0 0 6 1
99 0 203 202 0 0 6 2
99 0 203 202 0 0 6 3
99 0 203 202 0 0 6 4
99 0 203 202 0 0 6 5
99 0 203 202 0 0 6 6
99 0 203 202 0 0 7 0
99 0 203 202 0 0 7 1
99 0 203 202 0 0 7 2
99 0 203 202 0 0 7 3
99 0 203 202 0 0 7 4
99 0 203 202 0 0 7 5
99 0 203 202 0 0 7 6
99 0 203 202 0 0 8 0
99 0 203 202 0 0 8 1
99 0 203 202 0 0 8 2
99 0 203 202 0 0 8 3
99 0 203 202 0 0 8 4
99 0 203 202 0 0 8 5
99 0 203 202 0 0 8 6
99 0 203 202 0 0 9 0
99 0 203 202 0 0 9 1
99 0 203 202 0 0 9 2
99 0 203 202 0 0 9 3
99 0 203 202 0 0 9 4
99 0 203 202 0 0 9 5
99 0 203 202 0 0 9 6
99 0 203 202 0 0 10 0
99 0 203 202 0 0 10 1
99 0 203 202 0 0 10 2
99 0 203 202 0 0 10 3
99 0 203 202 0 0 10 4
99 0 203 202 0 0 10 5
99 0 203 202 0 0 10 6
100 0 205 204 0 0 0 0
100 0 205 204 0 0 0 1
100 0 205 204 0 0 0 2
100 0 205 204 0 0 0 3
100 0 205 204 0 0 0 4
100 0 205 204 0 0 0 5
100 0 205 204 0 0 0 6
100 0 205 204 0 0 1 0
100 0 205 204 0 0 1 1
100 0 205 204 0 0 1 2
100 0 205 204 0 0 1 3
100 0 205 204 0 0 1 4
100 0 205 204 0 0 1 5
100 0 205 204 0 0 1 6
100 0 205 204 0 0 2 0
100 0 205 204 0 0 2 1
100 0 205 204 0 0 2 2
100 0 205 204 0 0 2 3
100 0 205 204 0 0 2 4
100 0 205 204 0 0 2 5
100 0 205 204 0 0 2 6
100 0 205 204 0 0 3 0
100 0 205 204 0 0 3 1
100 0 205 204 0 0 3 2
100 0 205 204 0 0 3 3
100 0 205 204 0 0 3 4
100 0 205 204 0 0 3 5
100 0 205 204 0 0 3 6
100 0 205 204 0 0 4 0
100 0 205 204 0 0 4 1
100 0 205 204 0 0 4 2
100 0 205 204 0 0 4 3
100 0 205 204 0 0 4 4
100 0 205 204 0 0 4 5
100 0 205 204 0 0 4 6
100 0 205 204 0 0 5 0
100 0 205 204 0 0 5 1
100 0 205 204 0 0 5 2
100 0 205 204 0 0 5 3
100 0 205 204 0 0 5 4
100 0 205 204 0 0 5 5
100 0 205 204 0 0 5 6
100 0 205 204 0 0 6 0
100 0 205 204 0 0 6 1
100 0 205 204 0 0 6 2
100 0 205 204 0 0 6 3
100 0 205 204 0 0 6 4
100 0 205 204 0 0 6 5
100 0 205 204 0 0 6 6
100 0 205 204 0 0 7 0
100 0 205 204 0 0 7 1
100 0 205 204 0 0 7 2
100 0 205 204 0 0 7 3
100 0 205 204 0 0 7 4
100 0 205 204 0 0 7 5
100 0 205 204 0 0 7 6
100 0 205 204 0 0 8 0
100 0 205 204 0 0 8 1
100 0 205 204 0 0 8 2
100 0 205 204 0 0 8 3
100 0 205 204 0 0 8 4
100 0 205 204 0 0 8 5
100 0 205 204 0 0 8 6
100 0 205 204 0 0 9 0
100 0 205 204 0 0 9 1
100 0 205 204 0 0 9 2
100 0 205 204 0 0 9 3
100 0 205 204 0 0 9 4
100 0 205 204 0 0 9 5
100 0 205 204 0 0 9 6
100 0 205 204 0 0 10 0
100 0 205 204 0 0 10 1
100 0 205 204 0 0 10 2
100 0 205 204 0 0 10 3
100 0 205 204 0 0 10 4
100 0 205 204 0 0 10 5
100 0 205 204 0 0 10 6
101 0 207 206 0 0 0 0
101 0 207 206 0 0 0 1
101 0 207 206 0 0 0 2
101 0 207 206 0 0 0 3
101 0 207 206 0 0 0 4
101 0 207 206 0 0 0 5
101 0 207 206 0 0 0 6
101 0 207 206 0 0 1 0
101 0 207 206 0 0 1 1
101 0 207 206 0 0 1 2
101 0 207 206 0 0 1 3
101 0 207 206 0 0 1 4
101 0 207 206 0 0 1 5
101 0 207 206 0 0 1 6
101 0 207 206 0 0 2 0
101 0 207 206 0 0 2 1
101 0 207 206 0 0 2 2
101 0 207 206 0 0 2 3
101 0 207 206 0 0 2 4
101 0 207 206 0 0 2 5
101 0 207 206 0 0 2 6
101 0 207 206 0 0 3 0
101 0 207 206 0 0 3 1
101 0 207 206 0 0 3 2
101 0 207 206 0 0 3 3
101 0 207 206 0 0 3 4
101 0 207 206 0 0 3 5
101 0 207 206 0 0 3 6
101 0 207 206 0 0 4 0
101 0 207 206 0 0 4 1
101 0 207 206 0 0 4 2
101 0 207 206 0 0 4 3
101 0 207 206 0 0 4 4
101 0 207 206 0 0 4 5
101 0 207 206 0 0 4 6
101 0 207 206 0 0 5 0
101 0 207 206 0 0 5 1
101 0 207 206 0 0 5 2
101 0 207 206 0 0 5 3
101 0 207 206 0 0 5 4
101 0 207 206 0 0 5 5
101 0 207 206 0 0 5 6
101 0 207 206 0 0 6 0
101 0 207 206 0 0 6 1
101 0 207 206 0 0 6 2
101 0 207 206 0 0 6 3
101 0 207 206 0 0 6 4
101 0 207 206 0 0 6 5
101 0 207 206 0 0 6 6
101 0 207 206 0 0 7 0
101 0 207 206 0 0 7 1
101 0 207 206 0 0 7 2
101 0 207 206 0 0 7 3
101 0 207 206 0 0 7 4
101 0 207 206 0 0 7 5
101 0 207 206 0 0 7 6
101 0 207 206 0 0 8 0
101 0 207 206 0 0 8 1
101 0 207 206 0 0 8 2
101 0 207 206 0 0 8 3
101 0 207 206 0 0 8 4
101 0 207 206 0 0 8 5
101 0 207 206 0 0 8 6
101 0 207 206 0 0 9 0
101 0 207 206 0 0 9 1
101 0 207 206 0 0 9 2
101 0 207 206 0 0 9 3
101 0 207 206 0 0 9 4
101 0 207 206 0 0 9 5
101 0 207 206 0 0 9 6
101 0 207 206 0 0 10 0
101 0 207 206 0 0 10 1
101 0 207 206 0 0 10 2
101 0 207 206 0 0 10 3
101 0 207 206 0 0 10 4
101 0 207 206 0 0 10 5
101 0 207 206 0 0 10 6
102 0 209 208 0 0 0 0
102 0 209 208 0 0 0 1
102 0 209 208 0 0 0 2
102 0 209 208 0 0 0 3
102 0 209 208 0 0 0 4
102 0 209 208 0 0 0 5
102 0 209 208 0 0 0 6
102 0 209 208 0 0 1 0
102 0 209 208 0 0 1 1
102 0 209 208 0 0 1 2
102 0 209 208 0 0 1 3
102 0 209 208 0 0 1 4
102 0 209 208 0 0 1 5
102 0 209 208 0 0 1 6
102 0 209 208 0 0 2 0
102 0 209 208 0 0 2 1
102 0 209 208 0 0 2 2
102 0 209 208 0 0 2 3
102 0 209 208 0 0 2 4
102 0 209 208 0 0 2 5
102 0 209 208 0 0 2 6
102 0 209 208 0 0 3 0
102 0 209 208 0 0 3 1
102 0 209 208 0 0 3 2
102 0 209 208 0 0 3 3
102 0 209 208 0 0 3 4
102 0 209 208 0 0 3 5
102 0 209 208 0 0 3 6
102 0 209 208 0 0 4 0
102 0 209 208 0 0 4 1
102 0 209 208 0 0 4 2
102 0 209 208 0 0 4 3
102 0 209 208 0 0 4 4
102 0 209 208 0 0 4 5
102 0 209 208 0 0 4 6
102 0 209 208 0 0 5 0
102 0 209 208 0 0 5 1
102 0 209 208 0 0 5 2
102 0 209 208 0 0 5 3
102 0 209 208 0 0 5 4
102 0 209 208 0 0 5 5
102 0 209 208 0 0 5 6
102 0 209 208 0 0 6 0
102 0 209 208 0 0 6 1
102 0 209 208 0 0 6 2
102 0 209 208 0 0 6 3
102 0 209 208 0 0 6 4
102 0 209 208 0 0 6 5
102 0 209 208 0 0 6 6
102 0 209 208 0 0 7 0
102 0 209 208 0 0 7 1
102 0 209 208 0 0 7 2
102 0 209 208 0 0 7 3
102 0 209 208 0 0 7 4
102 0 209 208 0 0 7 5
102 0 209 208 0 0 7 6
102 0 209 208 0 0 8 0
102 0 209 208 0 0 8 1
102 0 209 208 0 0 8 2
102 0 209 208 0 0 8 3
102 0 209 208 0 0 8 4
102 0 209 208 0 0 8 5
102 0 209 208 0 0 8 6
102 0 209 208 0 0 9 0
102 0 209 208 0 0 9 1
102 0 209 208 0 0 9 2
102 0 209 208 0 0 9 3
102 0 209 208 0 0 9 4
102 0 209 208 0 0 9 5
102 0 209 208 0 0 9 6
102 0 209 208 0 0 10 0
102 0 209 208 0 0 10 1
102 0 209 208 0 0 10 2
102 0 209 208 0 0 10 3
102 0 209 208 0 0 10 4
102 0 209 208 0 0 10 5
102 0 209 208 0 0 10 6
103 0 211 210 0 0 0 0
103 0 211 210 0 0 0 1
103 0 211 210 0 0 0 2
103 0 211 210 0 0 0 3
103 0 211 210 0 0 0 4
103 0 211 210 0 0 0 5
103 0 211 210 0 0 0 6
103 0 211 210 0 0 1 0
103 0 211 210 0 0 1 1
103 0 211 210 0 0 1 2
103 0 211 210 0 0 1 3
103 0 211 210 0 0 1 4
103 0 211 210 0 0 1 5
103 0 211 210 0 0 1 6
103 0 211 210 0 0 2 0
103 0 211 210 0 0 2 1
103 0 211 210 0 0 2 2
103 0 211 210 0 0 2 3
103 0 211 210 0 0 2 4
103 0 211 210 0 0 2 5
103 0 211 210 0 0 2 6
103 0 211 210 0 0 3 0
103 0 211 210 0 0 3 1
103 0 211 210 0 0 3 2
103 0 211 210 0 0 3 3
103 0 211 210 0 0 3 4
103 0 211 210 0 0 3 5
103 0 211 210 0 0 3 6
103 0 211 210 0 0 4 0
103 0 211 210 0 0 4 1
103 0 211 210 0 0 4 2
103 0 211 210 0 0 4 3
103 0 211 210 0 0 4 4
103 0 211 210 0 0 4 5
103 0 211 210 0 0 4 6
103 0 211 210 0 0 5 0
103 0 211 210 0 0 5 1
103 0 211 210 0 0 5 2
103 0 211 210 0 0 5 3
103 0 211 210 0 0 5 4
103 0 211 210 0 0 5 5
103 0 211 210 0 0 5 6
103 0 211 210 0 0 6 0
103 0 211 210 0 0 6 1
103 0 211 210 0 0 6 2
103 0 211 210 0 0 6 3
103 0 211 210 0 0 6 4
103 0 211 210 0 0 6 5
103 0 211 210 0 0 6 6
103 0 211 210 0 0 7 0
103 0 211 210 0 0 7 1
103 0 211 210 0 0 7 2
103 0 211 210 0 0 7 3
103 0 211 210 0 0 7 4
103 0 211 210 0 0 7 5
103 0 211 210 0 0 7 6
103 0 211 210 0 0 8 0
103 0 211 210 0 0 8 1
103 0 211 210 0 0 8 2
103 0 211 210 0 0 8 3
103 0 211 210 0 0 8 4
103 0 211 210 0 0 8 5
103 0 211 210 0 0 8 6
103 0 211 210 0 0 9 0
103 0 211 210 0 0 9 1
103 0 211 210 0 0 9 2
103 0 211 210 0 0 9 3
103 0 211 210 0 0 9 4
103 0 211 210 0 0 9 5
103 0 211 210 0 0 9 6
103 0 211 210 0 0 10 0
103 0 211 210 0 0 10 1
103 0 211 210 0 0 10 2
103 0 211 210 0 0 10 3
103 0 211 210 0 0 10 4
103 0 211 210 0 0 10 5
103 0 211 210 0 0 10 6
104 0 213 212 0 0 0 0
104 0 213 212 0 0 0 1
104 0 213 212 0 0 0 2
104 0 213 212 0 0 0 3
104 0 213 212 0 0 0 4
104 0 213 212 0 0 0 5
104 0 213 212 0 0 0 6
104 0 213 212 0 0 1 0
104 0 213 212 0 0 1 1
104 0 213 212 0 0 1 2
104 0 213 212 0 0 1 3
104 0 213 212 0 0 1 4
104 0 213 212 0 0 1 5
104 0 213 212 0 0 1 6
104 0 213 212 0 0 2 0
104 0 213 212 0 0 2 1
104 0 213 212 0 0 2 2
104 0 213 212 0 0 2 3
104 0 213 212 0 0 2 4
104 0 213 212 0 0 2 5
104 0 213 212 0 0 2 6
104 0 213 212 0 0 3 0
104 0 213 212 0 0 3 1
104 0 213 212 0 0 3 2
104 0 213 212 0 0 3 3
104 0 213 212 0 0 3 4
104 0 213 212 0 0 3 5
104 0 213 212 0 0 3 6
104 0 213 212 0 0 4 0
104 0 213 212 0 0 4 1
104 0 213 212 0 0 4 2
104 0 213 212 0 0 4 3
104 0 213 212 0 0 4 4
104 0 213 212 0 0 4 5
104 0 213 212 0 0 4 6
104 0 213 212 0 0 5 0
104 0 213 212 0 0 5 1
104 0 213 212 0 0 5 2
104 0 213 212 0 0 5 3
104 0 213 212 0 0 5 4
104 0 213 212 0 0 5 5
104 0 213 212 0 0 5 6
104 0 213 212 0 0 6 0
104 0 213 212 0 0 6 1
104 0 213 212 0 0 6 2
104 0 213 212 0 0 6 3
104 0 213 212 0 0 6 4
104 0 213 212 0 0 6 5
104 0 213 212 0 0 6 6
104 0 213 212 0 0 7 0
104 0 213 212 0 0 7 1
104 0 213 212 0 0 7 2
104 0 213 212 0 0 7 3
104 0 213 212 0 0 7 4
104 0 213 212 0 0 7 5
104 0 213 212 0 0 7 6
104 0 213 212 0 0 8 0
104 0 213 212 0 0 8 1
104 0 213 212 0 0 8 2
104 0 213 212 0 0 8 3
104 0 213 212 0 0 8 4
104 0 213 212 0 0 8 5
104 0 213 212 0 0 8 6
104 0 213 212 0 0 9 0
104 0 213 212 0 0 9 1
104 0 213 212 0 0 9 2
104 0 213 212 0 0 9 3
104 0 213 212 0 0 9 4
104 0 213 212 0 0 9 5
104 0 213 212 0 0 9 6
104 0 213 212 0 0 10 0
104 0 213 212 0 0 10 1
104 0 213 212 0 0 10 2
104 0 213 212 0 0 10 3
104 0 213 212 0 0 10 4
104 0 213 212 0 0 10 5
104 0 213 212 0 0 10 6
105 0 215 214 0 0 0 0
105 0 215 214 0 0 0 1
105 0 215 214 0 0 0 2
105 0 215 214 0 0 0 3
105 0 215 214 0 0 0 4
105 0 215 214 0 0 0 5
105 0 215 214 0 0 0 6
105 0 215 214 0 0 1 0
105 0 215 214 0 0 1 1
105 0 215 214 0 0 1 2
105 0 215 214 0 0 1 3
105 0 215 214 0 0 1 4
105 0 215 214 0 0 1 5
105 0 215 214 0 0 1 6
105 0 215 214 0 0 2 0
105 0 215 214 0 0 2 1
105 0 215 214 0 0 2 2
105 0 215 214 0 0 2 3
105 0 215 214 0 0 2 4
105 0 215 214 0 0 2 5
105 0 215 214 0 0 2 6
105 0 215 214 0 0 3 0
105 0 215 214 0 0 3 1
105 0 215 214 0 0 3 2
105 0 215 214 0 0 3 3
105 0 215 214 0 0 3 4
105 0 215 214 0 0 3 5
105 0 215 214 0 0 3 6
105 0 215 214 0 0 4 0
105 0 215 214 0 0 4 1
105 0 215 214 0 0 4 2
105 0 215 214 0 0 4 3
105 0 215 214 0 0 4 4
105 0 215 214 0 0 4 5
105 0 215 214 0 0 4 6
105 0 215 214 0 0 5 0
105 0 215 214 0 0 5 1
105 0 215 214 0 0 5 2
105 0 215 214 0 0 5 3
105 0 215 214 0 0 5 4
105 0 215 214 0 0 5 5
105 0 215 214 0 0 5 6
105 0 215 214 0 0 6 0
105 0 215 214 0 0 6 1
105 0 215 214 0 0 6 2
105 0 215 214 0 0 6 3
105 0 215 214 0 0 6 4
105 0 215 214 0 0 6 5
105 0 215 214 0 0 6 6
105 0 215 214 0 0 7 0
105 0 215 214 0 0 7 1
105 0 215 214 0 0 7 2
105 0 215 214 0 0 7 3
105 0 215 214 0 0 7 4
105 0 215 214 0 0 7 5
105 0 215 214 0 0 7 6
105 0 215 214 0 0 8 0
105 0 215 214 0 0 8 1
105 0 215 214 0 0 8 2
105 0 215 214 0 0 8 3
105 0 215 214 0 0 8 4
105 0 215 214 0 0 8 5
105 0 215 214 0 0 8 6
105 0 215 214 0 0 9 0
105 0 215 214 0 0 9 1
105 0 215 214 0 0 9 2
105 0 215 214 0 0 9 3
105 0 215 214 0 0 9 4
105 0 215 214 0 0 9 5
105 0 215 214 0 0 9 6
105 0 215 214 0 0 10 0
105 0 215 214 0 0 10 1
105 0 215 214 0 0 10 2
105 0 215 214 0 0 10 3
105 0 215 214 0 0 10 4
105 0 215 214 0 0 10 5
105 0 215 214 0 0 10 6
106 0 217 216 0 0 0 0
106 0 217 216 0 0 0 1
106 0 217 216 0 0 0 2
106 0 217 216 0 0 0 3
106 0 217 216 0 0 0 4
106 0 217 216 0 0 0 5
106 0 217 216 0 0 0 6
106 0 217 216 0 0 1 0
106 0 217 216 0 0 1 1
106 0 217 216 0 0 1 2
106 0 217 216 0 0 1 3
106 0 217 216 0 0 1 4
106 0 217 216 0 0 1 5
106 0 217 216 0 0 1 6
106 0 217 216 0 0 2 0
106 0 217 216 0 0 2 1
106 0 217 216 0 0 2 2
106 0 217 216 0 0 2 3
106 0 217 216 0 0 2 4
106 0 217 216 0 0 2 5
106 0 217 216 0 0 2 6
106 0 217 216 0 0 3 0
106 0 217 216 0 0 3 1
106 0 217 216 0 0 3 2
106 0 217 216 0 0 3 3
106 0 217 216 0 0 3 4
106 0 217 216 0 0 3 5
106 0 217 216 0 0 3 6
106 0 217 216 0 0 4 0
106 0 217 216 0 0 4 1
106 0 217 216 0 0 4 2
106 0 217 216 0 0 4 3
106 0 217 216 0 0 4 4
106 0 217 216 0 0 4 5
106 0 217 216 0 0 4 6
106 0 217 216 0 0 5 0
106 0 217 216 0 0 5 1
106 0 217 216 0 0 5 2
106 0 217 216 0 0 5 3
106 0 217 216 0 0 5 4
106 0 217 216 0 0 5 5
106 0 217 216 0 0 5 6
106 0 217 216 0 0 6 0
106 0 217 216 0 0 6 1
106 0 217 216 0 0 6 2
106 0 217 216 0 0 6 3
106 0 217 216 0 0 6 4
106 0 217 216 0 0 6 5
106 0 217 216 0 0 6 6
106 0 217 216 0 0 7 0
106 0 217 216 0 0 7 1
106 0 217 216 0 0 7 2
106 0 217 216 0 0 7 3
106 0 217 216 0 0 7 4
106 0 217 216 0 0 7 5
106 0 217 216 0 0 7 6
106 0 217 216 0 0 8 0
106 0 217 216 0 0 8 1
106 0 217 216 0 0 8 2
106 0 217 216 0 0 8 3
106 0 217 216 0 0 8 4
106 0 217 216 0 0 8 5
106 0 217 216 0 0 8 6
106 0 217 216 0 0 9 0
106 0 217 216 0 0 9 1
106 0 217 216 0 0 9 2
106 0 217 216 0 0 9 3
106 0 217 216 0 0 9 4
106 0 217 216 0 0 9 5
106 0 217 216 0 0 9 6
106 0 217 216 0 0 10 0
106 0 217 216 0 0 10 1
106 0 217 216 0 0 10 2
106 0 217 216 0 0 10 3
106 0 217 216 0 0 10 4
106 0 217 216 0 0 10 5
106 0 217 216 0 0 10 6
107 0 219 218 0 0 0 0
107 0 219 218 0 0 0 1
107 0 219 218 0 0 0 2
107 0 219 218 0 0 0 3
107 0 219 218 0 0 0 4
107 0 219 218 0 0 0 5
107 0 219 218 0 0 0 6
107 0 219 218 0 0 1 0
107 0 219 218 0 0 1 1
107 0 219 218 0 0 1 2
107 0 219 218 0 0 1 3
107 0 219 218 0 0 1 4
107 0 219 218 0 0 1 5
107 0 219 218 0 0 1 6
107 0 219 218 0 0 2 0
107 0 219 218 0 0 2 1
107 0 219 218 0 0 2 2
107 0 219 218 0 0 2 3
107 0 219 218 0 0 2 4
107 0 219 218 0 0 2 5
107 0 219 218 0 0 2 6
107 0 219 218 0 0 3 0
107 0 219 218 0 0 3 1
107 0 219 218 0 0 3 2
107 0 219 218 0 0 3 3
107 0 219 218 0 0 3 4
107 0 219 218 0 0 3 5
107 0 219 218 0 0 3 6
107 0 219 218 0 0 4 0
107 0 219 218 0 0 4 1
107 0 219 218 0 0 4 2
107 0 219 218 0 0 4 3
107 0 219 218 0 0 4 4
107 0 219 218 0 0 4 5
107 0 219 218 0 0 4 6
107 0 219 218 0 0 5 0
107 0 219 218 0 0 5 1
107 0 219 218 0 0 5 2
107 0 219 218 0 0 5 3
107 0 219 218 0 0 5 4
107 0 219 218 0 0 5 5
107 0 219 218 0 0 5 6
107 0 219 218 0 0 6 0
107 0 219 218 0 0 6 1
107 0 219 218 0 0 6 2
107 0 219 218 0 0 6 3
107 0 219 218 0 0 6 4
107 0 219 218 0 0 6 5
107 0 219 218 0 0 6 6
107 0 219 218 0 0 7 0
107 0 219 218 0 0 7 1
107 0 219 218 0 0 7 2
107 0 219 218 0 0 7 3
107 0 219 218 0 0 7 4
107 0 219 218 0 0 7 5
107 0 219 218 0 0 7 6
107 0 219 218 0 0 8 0
107 0 219 218 0 0 8 1
107 0 219 218 0 0 8 2
107 0 219 218 0 0 8 3
107 0 219 218 0 0 8 4
107 0 219 218 0 0 8 5
107 0 219 218 0 0 8 6
107 0 219 218 0 0 9 0
107 0 219 218 0 0 9 1
107 0 219 218 0 0 9 2
107 0 219 218 0 0 9 3
107 0 219 218 0 0 9 4
107 0 219 218 0 0 9 5
107 0 219 218 0 0 9 6
107 0 219 218 0 0 10 0
107 0 219 218 0 0 10 1
107 0 219 218 0 0 10 2
107 0 219 218 0 0 10 3
107 0 219 218 0 0 10 4
107 0 219 218 0 0 10 5
107 0 219 218 0 0 10 6
108 0 221 220 0 0 0 0
108 0 221 220 0 0 0 1
108 0 221 220 0 0 0 2
108 0 221 220 0 0 0 3
108 0 221 220 0 0 0 4
108 0 221 220 0 0 0 5
108 0 221 220 0 0 0 6
108 0 221 220 0 0 1 0
108 0 221 220 0 0 1 1
108 0 221 220 0 0 1 2
108 0 221 220 0 0 1 3
108 0 221 220 0 0 1 4
108 0 221 220 0 0 1 5
108 0 221 220 0 0 1 6
108 0 221 220 0 0 2 0
108 0 221 220 0 0 2 1
108 0 221 220 0 0 2 2
108 0 221 220 0 0 2 3
108 0 221 220 0 0 2 4
108 0 221 220 0 0 2 5
108 0 221 220 0 0 2 6
108 0 221 220 0 0 3 0
108 0 221 220 0 0 3 1
108 0 221 220 0 0 3 2
108 0 221 220 0 0 3 3
108 0 221 220 0 0 3 4
108 0 221 220 0 0 3 5
108 0 221 220 0 0 3 6
108 0 221 220 0 0 4 0
108 0 221 220 0 0 4 1
108 0 221 220 0 0 4 2
108 0 221 220 0 0 4 3
108 0 221 220 0 0 4 4
108 0 221 220 0 0 4 5
108 0 221 220 0 0 4 6
108 0 221 220 0 0 5 0
108 0 221 220 0 0 5 1
108 0 221 220 0 0 5 2
108 0 221 220 0 0 5 3
108 0 221 220 0 0 5 4
108 0 221 220 0 0 5 5
108 0 221 220 0 0 5 6
108 0 221 220 0 0 6 0
108 0 221 220 0 0 6 1
108 0 221 220 0 0 6 2
108 0 221 220 0 0 6 3
108 0 221 220 0 0 6 4
108 0 221 220 0 0 6 5
108 0 221 220 0 0 6 6
108 0 221 220 0 0 7 0
108 0 221 220 0 0 7 1
108 0 221 220 0 0 7 2
108 0 221 220 0 0 7 3
108 0 221 220 0 0 7 4
108 0 221 220 0 0 7 5
108 0 221 220 0 0 7 6
108 0 221 220 0 0 8 0
108 0 221 220 0 0 8 1
108 0 221 220 0 0 8 2
108 0 221 220 0 0 8 3
108 0 221 220 0 0 8 4
108 0 221 220 0 0 8 5
108 0 221 220 0 0 8 6
108 0 221 220 0 0 9 0
108 0 221 220 0 0 9 1
108 0 221 220 0 0 9 2
108 0 221 220 0 0 9 3
108 0 221 220 0 0 9 4
108 0 221 220 0 0 9 5
108 0 221 220 0 0 9 6
108 0 221 220 0 0 10 0
108 0 221 220 0 0 10 1
108 0 221 220 0 0 10 2
108 0 221 220 0 0 10 3
108 0 221 220 0 0 10 4
108 0 221 220 0 0 10 5
108 0 221 220 0 0 10 6
109 0 223 222 0 0 0 0
109 0 223 222 0 0 0 1
109 0 223 222 0 0 0 2
109 0 223 222 0 0 0 3
109 0 223 222 0 0 0 4
109 0 223 222 0 0 0 5
109 0 223 222 0 0 0 6
109 0 223 222 0 0 1 0
109 0 223 222 0 0 1 1
109 0 223 222 0 0 1 2
109 0 223 222 0 0 1 3
109 0 223 222 0 0 1 4
109 0 223 222 0 0 1 5
109 0 223 222 0 0 1 6
109 0 223 222 0 0 2 0
109 0 223 222 0 0 2 1
109 0 223 222 0 0 2 2
109 0 223 222 0 0 2 3
109 0 223 222 0 0 2 4
109 0 223 222 0 0 2 5
109 0 223 222 0 0 2 6
109 0 223 222 0 0 3 0
109 0 223 222 0 0 3 1
109 0 223 222 0 0 3 2
109 0 223 222 0 0 3 3
109 0 223 222 0 0 3 4
109 0 223 222 0 0 3 5
109 0 223 222 0 0 3 6
109 0 223 222 0 0 4 0
109 0 223 222 0 0 4 1
109 0 223 222 0 0 4 2
109 0 223 222 0 0 4 3
109 0 223 222 0 0 4 4
109 0 223 222 0 0 4 5
109 0 223 222 0 0 4 6
109 0 223 222 0 0 5 0
109 0 223 222 0 0 5 1
109 0 223 222 0 0 5 2
109 0 223 222 0 0 5 3
109 0 223 222 0 0 5 4
109 0 223 222 0 0 5 5
109 0 223 222 0 0 5 6
109 0 223 222 0 0 6 0
109 0 223 222 0 0 6 1
109 0 223 222 0 0 6 2
109 0 223 222 0 0 6 3
109 0 223 222 0 0 6 4
109 0 223 222 0 0 6 5
109 0 223 222 0 0 6 6
109 0 223 222 0 0 7 0
109 0 223 222 0 0 7 1
109 0 223 222 0 0 7 2
109 0 223 222 0 0 7 3
109 0 223 222 0 0 7 4
109 0 223 222 0 0 7 5
109 0 223 222 0 0 7 6
109 0 223 222 0 0 8 0
109 0 223 222 0 0 8 1
109 0 223 222 0 0 8 2
109 0 223 222 0 0 8 3
109 0 223 222 0 0 8 4
109 0 223 222 0 0 8 5
109 0 223 222 0 0 8 6
109 0 223 222 0 0 9 0
109 0 223 222 0 0 9 1
109 0 223 222 0 0 9 2
109 0 223 222 0 0 9 3
109 0 223 222 0 0 9 4
109 0 223 222 0 0 9 5
109 0 223 222 0 0 9 6
109 0 223 222 0 0 10 0
109 0 223 222 0 0 10 1
109 0 223 222 0 0 10 2
109 0 223 222 0 0 10 3
109 0 223 222 0 0 10 4
109 0 223 222 0 0 10 5
109 0 223 222 0 0 10 6
110 0 225 224 0 0 0 0
110 0 225 224 0 0 0 1
110 0 225 224 0 0 0 2
110 0 225 224 0 0 0 3
110 0 225 224 0 0 0 4
110 0 225 224 0 0 0 5
110 0 225 224 0 0 0 6
110 0 225 224 0 0 1 0
110 0 225 224 0 0 1 1
110 0 225 224 0 0 1 2
110 0 225 224 0 0 1 3
110 0 225 224 0 0 1 4
110 0 225 224 0 0 1 5
110 0 225 224 0 0 1 6
110 0 225 224 0 0 2 0
110 0 225 224 0 0 2 1
110 0 225 224 0 0 2 2
110 0 225 224 0 0 2 3
110 0 225 224 0 0 2 4
110 0 225 224 0 0 2 5
110 0 225 224 0 0 2 6
110 0 225 224 0 0 3 0
110 0 225 224 0 0 3 1
110 0 225 224 0 0 3 2
110 0 225 224 0 0 3 3
110 0 225 224 0 0 3 4
110 0 225 224 0 0 3 5
110 0 225 224 0 0 3 6
110 0 225 224 0 0 4 0
110 0 225 224 0 0 4 1
110 0 225 224 0 0 4 2
110 0 225 224 0 0 4 3
110 0 225 224 0 0 4 4
110 0 225 224 0 0 4 5
110 0 225 224 0 0 4 6
110 0 225 224 0 0 5 0
110 0 225 224 0 0 5 1
110 0 225 224 0 0 5 2
110 0 225 224 0 0 5 3
110 0 225 224 0 0 5 4
110 0 225 224 0 0 5 5
110 0 225 224 0 0 5 6
110 0 225 224 0 0 6 0
110 0 225 224 0 0 6 1
110 0 225 224 0 0 6 2
110 0 225 224 0 0 6 3
110 0 225 224 0 0 6 4
110 0 225 224 0 0 6 5
110 0 225 224 0 0 6 6
110 0 225 224 0 0 7 0
110 0 225 224 0 0 7 1
110 0 225 224 0 0 7 2
110 0 225 224 0 0 7 3
110 0 225 224 0 0 7 4
110 0 225 224 0 0 7 5
110 0 225 224 0 0 7 6
110 0 225 224 0 0 8 0
110 0 225 224 0 0 8 1
110 0 225 224 0 0 8 2
110 0 225 224 0 0 8 3
110 0 225 224 0 0 8 4
110 0 225 224 0 0 8 5
110 0 225 224 0 0 8 6
110 0 225 224 0 0 9 0
110 0 225 224 0 0 9 1
110 0 225 224 0 0 9 2
110 0 225 224 0 0 9 3
110 0 225 224 0 0 9 4
110 0 225 224 0 0 9 5
110 0 225 224 0 0 9 6
110 0 225 224 0 0 10 0
110 0 225 224 0 0 10 1
110 0 225 224 0 0 10 2
110 0 225 224 0 0 10 3
110 0 225 224 0 0 10 4
110 0 225 224 0 0 10 5
110 0 225 224 0 0 10 6
111 0 227 226 0 0 0 0
111 0 227 226 0 0 0 1
111 0 227 226 0 0 0 2
111 0 227 226 0 0 0 3
111 0 227 226 0 0 0 4
111 0 227 226 0 0 0 5
111 0 227 226 0 0 0 6
111 0 227 226 0 0 1 0
111 0 227 226 0 0 1 1
111 0 227 226 0 0 1 2
111 0 227 226 0 0 1 3
111 0 227 226 0 0 1 4
111 0 227 226 0 0 1 5
111 0 227 226 0 0 1 6
111 0 227 226 0 0 2 0
111 0 227 226 0 0 2 1
111 0 227 226 0 0 2 2
111 0 227 226 0 0 2 3
111 0 227 226 0 0 2 4
111 0 227 226 0 0 2 5
111 0 227 226 0 0 2 6
111 0 227 226 0 0 3 0
111 0 227 226 0 0 3 1
111 0 227 226 0 0 3 2
111 0 227 226 0 0 3 3
111 0 227 226 0 0 3 4
111 0 227 226 0 0 3 5
111 0 227 226 0 0 3 6
111 0 227 226 0 0 4 0
111 0 227 226 0 0 4 1
111 0 227 226 0 0 4 2
111 0 227 226 0 0 4 3
111 0 227 226 0 0 4 4
111 0 227 226 0 0 4 5
111 0 227 226 0 0 4 6
111 0 227 226 0 0 5 0
111 0 227 226 0 0 5 1
111 0 227 226 0 0 5 2
111 0 227 226 0 0 5 3
111 0 227 226 0 0 5 4
111 0 227 226 0 0 5 5
111 0 227 226 0 0 5 6
111 0 227 226 0 0 6 0
111 0 227 226 0 0 6 1
111 0 227 226 0 0 6 2
111 0 227 226 0 0 6 3
111 0 227 226 0 0 6 4
111 0 227 226 0 0 6 5
111 0 227 226 0 0 6 6
111 0 227 226 0 0 7 0
111 0 227 226 0 0 7 1
111 0 227 226 0 0 7 2
111 0 227 226 0 0 7 3
111 0 227 226 0 0 7 4
111 0 227 226 0 0 7 5
111 0 227 226 0 0 7 6
111 0 227 226 0 0 8 0
111 0 227 226 0 0 8 1
111 0 227 226 0 0 8 2
111 0 227 226 0 0 8 3
111 0 227 226 0 0 8 4
111 0 227 226 0 0 8 5
111 0 227 226 0 0 8 6
111 0 227 226 0 0 9 0
111 0 227 226 0 0 9 1
111 0 227 226 0 0 9 2
111 0 227 226 0 0 9 3
111 0 227 226 0 0 9 4
111 0 227 226 0 0 9 5
111 0 227 226 0 0 9 6
111 0 227 226 0 0 10 0
111 0 227 226 0 0 10 1
111 0 227 226 0 0 10 2
111 0 227 226 0 0 10 3
111 0 227 226 0 0 10 4
111 0 227 226 0 0 10 5
111 0 227 226 0 0 10 6
112 0 229 228 0 0 0 0
112 0 229 228 0 0 0 1
112 0 229 228 0 0 0 2
112 0 229 228 0 0 0 3
112 0 229 228 0 0 0 4
112 0 229 228 0 0 0 5
112 0 229 228 0 0 0 6
112 0 229 228 0 0 1 0
112 0 229 228 0 0 1 1
112 0 229 228 0 0 1 2
112 0 229 228 0 0 1 3
112 0 229 228 0 0 1 4
112 0 229 228 0 0 1 5
112 0 229 228 0 0 1 6
112 0 229 228 0 0 2 0
112 0 229 228 0 0 2 1
112 0 229 228 0 0 2 2
112 0 229 228 0 0 2 3
112 0 229 228 0 0 2 4
112 0 229 228 0 0 2 5
112 0 229 228 0 0 2 6
112 0 229 228 0 0 3 0
112 0 229 228 0 0 3 1
112 0 229 228 0 0 3 2
112 0 229 228 0 0 3 3
112 0 229 228 0 0 3 4
112 0 229 228 0 0 3 5
112 0 229 228 0 0 3 6
112 0 229 228 0 0 4 0
112 0 229 228 0 0 4 1
112 0 229 228 0 0 4 2
112 0 229 228 0 0 4 3
112 0 229 228 0 0 4 4
112 0 229 228 0 0 4 5
112 0 229 228 0 0 4 6
112 0 229 228 0 0 5 0
112 0 229 228 0 0 5 1
112 0 229 228 0 0 5 2
112 0 229 228 0 0 5 3
112 0 229 228 0 0 5 4
112 0 229 228 0 0 5 5
112 0 229 228 0 0 5 6
112 0 229 228 0 0 6 0
112 0 229 228 0 0 6 1
112 0 229 228 0 0 6 2
112 0 229 228 0 0 6 3
112 0 229 228 0 0 6 4
112 0 229 228 0 0 6 5
112 0 229 228 0 0 6 6
112 0 229 228 0 0 7 0
112 0 229 228 0 0 7 1
112 0 229 228 0 0 7 2
112 0 229 228 0 0 7 3
112 0 229 228 0 0 7 4
112 0 229 228 0 0 7 5
112 0 229 228 0 0 7 6
112 0 229 228 0 0 8 0
112 0 229 228 0 0 8 1
112 0 229 228 0 0 8 2
112 0 229 228 0 0 8 3
112 0 229 228 0 0 8 4
112 0 229 228 0 0 8 5
112 0 229 228 0 0 8 6
112 0 229 228 0 0 9 0
112 0 229 228 0 0 9 1
112 0 229 228 0 0 9 2
112 0 229 228 0 0 9 3
112 0 229 228 0 0 9 4
112 0 229 228 0 0 9 5
112 0 229 228 0 0 9 6
112 0 229 228 0 0 10 0
112 0 229 228 0 0 10 1
112 0 229 228 0 0 10 2
112 0 229 228 0 0 10 3
112 0 229 228 0 0 10 4
112 0 229 228 0 0 10 5
112 0 229 228 0 0 10 6
113 0 231 230 0 0 0 0
113 0 231 230 0 0 0 1
113 0 231 230 0 0 0 2
113 0 231 230 0 0 0 3
113 0 231 230 0 0 0 4
113 0 231 230 0 0 0 5
113 0 231 230 0 0 0 6
113 0 231 230 0 0 1 0
113 0 231 230 0 0 1 1
113 0 231 230 0 0 1 2
113 0 231 230 0 0 1 3
113 0 231 230 0 0 1 4
113 0 231 230 0 0 1 5
113 0 231 230 0 0 1 6
113 0 231 230 0 0 2 0
113 0 231 230 0 0 2 1
113 0 231 230 0 0 2 2
113 0 231 230 0 0 2 3
113 0 231 230 0 0 2 4
113 0 231 230 0 0 2 5
113 0 231 230 0 0 2 6
113 0 231 230 0 0 3 0
113 0 231 230 0 0 3 1
113 0 231 230 0 0 3 2
113 0 231 230 0 0 3 3
113 0 231 230 0 0 3 4
113 0 231 230 0 0 3 5
113 0 231 230 0 0 3 6
113 0 231 230 0 0 4 0
113 0 231 230 0 0 4 1
113 0 231 230 0 0 4 2
113 0 231 230 0 0 4 3
113 0 231 230 0 0 4 4
113 0 231 230 0 0 4 5
113 0 231 230 0 0 4 6
113 0 231 230 0 0 5 0
113 0 231 230 0 0 5 1
113 0 231 230 0 0 5 2
113 0 231 230 0 0 5 3
113 0 231 230 0 0 5 4
113 0 231 230 0 0 5 5
113 0 231 230 0 0 5 6
113 0 231 230 0 0 6 0
113 0 231 230 0 0 6 1
113 0 231 230 0 0 6 2
113 0 231 230 0 0 6 3
113 0 231 230 0 0 6 4
113 0 231 230 0 0 6 5
113 0 231 230 0 0 6 6
113 0 231 230 0 0 7 0
113 0 231 230 0 0 7 1
113 0 231 230 0 0 7 2
113 0 231 230 0 0 7 3
113 0 231 230 0 0 7 4
113 0 231 230 0 0 7 5
113 0 231 230 0 0 7 6
113 0 231 230 0 0 8 0
113 0 231 230 0 0 8 1
113 0 231 230 0 0 8 2
113 0 231 230 0 0 8 3
113 0 231 230 0 0 8 4
113 0 231 230 0 0 8 5
113 0 231 230 0 0 8 6
113 0 231 230 0 0 9 0
113 0 231 230 0 0 9 1
113 0 231 230 0 0 9 2
113 0 231 230 0 0 9 3
113 0 231 230 0 0 9 4
113 0 231 230 0 0 9 5
113 0 231 230 0 0 9 6
113 0 231 230 0 0 10 0
113 0 231 230 0 0 10 1
113 0 231 230 0 0 10 2
113 0 231 230 0 0 10 3
113 0 231 230 0 0 10 4
113 0 231 230 0 0 10 5
113 0 231 230 0 0 10 6
114 0 233 232 0 0 0 0
114 0 233 232 0 0 0 1
114 0 233 232 0 0 0 2
114 0 233 232 0 0 0 3
114 0 233 232 0 0 0 4
114 0 233 232 0 0 0 5
114 0 233 232 0 0 0 6
114 0 233 232 0 0 1 0
114 0 233 232 0 0 1 1
114 0 233 232 0 0 1 2
114 0 233 232 0 0 1 3
114 0 233 232 0 0 1 4
114 0 233 232 0 0 1 5
114 0 233 232 0 0 1 6
114 0 233 232 0 0 2 0
114 0 233 232 0 0 2 1
114 0 233 232 0 0 2 2
114 0 233 232 0 0 2 3
114 0 233 232 0 0 2 4
114 0 233 232 0 0 2 5
114 0 233 232 0 0 2 6
114 0 233 232 0 0 3 0
114 0 233 232 0 0 3 1
114 0 233 232 0 0 3 2
114 0 233 232 0 0 3 3
114 0 233 232 0 0 3 4
114 0 233 232 0 0 3 5
114 0 233 232 0 0 3 6
114 0 233 232 0 0 4 0
114 0 233 232 0 0 4 1
114 0 233 232 0 0 4 2
114 0 233 232 0 0 4 3
114 0 233 232 0 0 4 4
114 0 233 232 0 0 4 5
114 0 233 232 0 0 4 6
114 0 233 232 0 0 5 0
114 0 233 232 0 0 5 1
114 0 233 232 0 0 5 2
114 0 233 232 0 0 5 3
114 0 233 232 0 0 5 4
114 0 233 232 0 0 5 5
114 0 233 232 0 0 5 6
114 0 233 232 0 0 6 0
114 0 233 232 0 0 6 1
114 0 233 232 0 0 6 2
114 0 233 232 0 0 6 3
114 0 233 232 0 0 6 4
114 0 233 232 0 0 6 5
114 0 233 232 0 0 6 6
114 0 233 232 0 0 7 0
114 0 233 232 0 0 7 1
114 0 233 232 0 0 7 2
114 0 233 232 0 0 7 3
114 0 233 232 0 0 7 4
114 0 233 232 0 0 7 5
114 0 233 232 0 0 7 6
114 0 233 232 0 0 8 0
114 0 233 232 0 0 8 1
114 0 233 232 0 0 8 2
114 0 233 232 0 0 8 3
114 0 233 232 0 0 8 4
114 0 233 232 0 0 8 5
114 0 233 232 0 0 8 6
114 0 233 232 0 0 9 0
114 0 233 232 0 0 9 1
114 0 233 232 0 0 9 2
114 0 233 232 0 0 9 3
114 0 233 232 0 0 9 4
114 0 233 232 0 0 9 5
114 0 233 232 0 0 9 6
114 0 233 232 0 0 10 0
114 0 233 232 0 0 10 1
114 0 233 232 0 0 10 2
114 0 233 232 0 0 10 3
114 0 233 232 0 0 10 4
114 0 233 232 0 0 10 5
114 0 233 232 0 0 10 6
115 0 235 234 0 0 0 0
115 0 235 234 0 0 0 1
115 0 235 234 0 0 0 2
115 0 235 234 0 0 0 3
115 0 235 234 0 0 0 4
115 0 235 234 0 0 0 5
115 0 235 234 0 0 0 6
115 0 235 234 0 0 1 0
115 0 235 234 0 0 1 1
115 0 235 234 0 0 1 2
115 0 235 234 0 0 1 3
115 0 235 234 0 0 1 4
115 0 235 234 0 0 1 5
115 0 235 234 0 0 1 6
115 0 235 234 0 0 2 0
115 0 235 234 0 0 2 1
115 0 235 234 0 0 2 2
115 0 235 234 0 0 2 3
115 0 235 234 0 0 2 4
115 0 235 234 0 0 2 5
115 0 235 234 0 0 2 6
115 0 235 234 0 0 3 0
115 0 235 234 0 0 3 1
115 0 235 234 0 0 3 2
115 0 235 234 0 0 3 3
115 0 235 234 0 0 3 4
115 0 235 234 0 0 3 5
115 0 235 234 0 0 3 6
115 0 235 234 0 0 4 0
115 0 235 234 0 0 4 1
115 0 235 234 0 0 4 2
115 0 235 234 0 0 4 3
115 0 235 234 0 0 4 4
115 0 235 234 0 0 4 5
115 0 235 234 0 0 4 6
115 0 235 234 0 0 5 0
115 0 235 234 0 0 5 1
115 0 235 234 0 0 5 2
115 0 235 234 0 0 5 3
115 0 235 234 0 0 5 4
115 0 235 234 0 0 5 5
115 0 235 234 0 0 5 6
115 0 235 234 0 0 6 0
115 0 235 234 0 0 6 1
115 0 235 234 0 0 6 2
115 0 235 234 0 0 6 3
115 0 235 234 0 0 6 4
115 0 235 234 0 0 6 5
115 0 235 234 0 0 6 6
115 0 235 234 0 0 7 0
115 0 235 234 0 0 7 1
115 0 235 234 0 0 7 2
115 0 235 234 0 0 7 3
115 0 235 234 0 0 7 4
115 0 235 234 0 0 7 5
115 0 235 234 0 0 7 6
115 0 235 234 0 0 8 0
115 0 235 234 0 0 8 1
115 0 235 234 0 0 8 2
115 0 235 234 0 0 8 3
115 0 235 234 0 0 8 4
115 0 235 234 0 0 8 5
115 0 235 234 0 0 8 6
115 0 235 234 0 0 9 0
115 0 235 234 0 0 9 1
115 0 235 234 0 0 9 2
115 0 235 234 0 0 9 3
115 0 235 234 0 0 9 4
115 0 235 234 0 0 9 5
115 0 235 234 0 0 9 6
115 0 235 234 0 0 10 0
115 0 235 234 0 0 10 1
115 0 235 234 0 0 10 2
115 0 235 234 0 0 10 3
115 0 235 234 0 0 10 4
115 0 235 234 0 0 10 5
115 0 235 234 0 0 10 6
116 0 237 236 0 0 0 0
116 0 237 236 0 0 0 1
116 0 237 236 0 0 0 2
116 0 237 236 0 0 0 3
116 0 237 236 0 0 0 4
116 0 237 236 0 0 0 5
116 0 237 236 0 0 0 6
116 0 237 236 0 0 1 0
116 0 237 236 0 0 1 1
116 0 237 236 0 0 1 2
116 0 237 236 0 0 1 3
116 0 237 236 0 0 1 4
116 0 237 236 0 0 1 5
116 0 237 236 0 0 1 6
116 0 237 236 0 0 2 0
116 0 237 236 0 0 2 1
116 0 237 236 0 0 2 2
116 0 237 236 0 0 2 3
116 0 237 236 0 0 2 4
116 0 237 236 0 0 2 5
116 0 237 236 0 0 2 6
116 0 237 236 0 0 3 0
116 0 237 236 0 0 3 1
116 0 237 236 0 0 3 2
116 0 237 236 0 0 3 3
116 0 237 236 0 0 3 4
116 0 237 236 0 0 3 5
116 0 237 236 0 0 3 6
116 0 237 236 0 0 4 0
116 0 237 236 0 0 4 1
116 0 237 236 0 0 4 2
116 0 237 236 0 0 4 3
116 0 237 236 0 0 4 4
116 0 237 236 0 0 4 5
116 0 237 236 0 0 4 6
116 0 237 236 0 0 5 0
116 0 237 236 0 0 5 1
116 0 237 236 0 0 5 2
116 0 237 236 0 0 5 3
116 0 237 236 0 0 5 4
116 0 237 236 0 0 5 5
116 0 237 236 0 0 5 6
116 0 237 236 0 0 6 0
116 0 237 236 0 0 6 1
116 0 237 236 0 0 6 2
116 0 237 236 0 0 6 3
116 0 237 236 0 0 6 4
116 0 237 236 0 0 6 5
116 0 237 236 0 0 6 6
116 0 237 236 0 0 7 0
116 0 237 236 0 0 7 1
116 0 237 236 0 0 7 2
116 0 237 236 0 0 7 3
116 0 237 236 0 0 7 4
116 0 237 236 0 0 7 5
116 0 237 236 0 0 7 6
116 0 237 236 0 0 8 0
116 0 237 236 0 0 8 1
116 0 237 236 0 0 8 2
116 0 237 236 0 0 8 3
116 0 237 236 0 0 8 4
116 0 237 236 0 0 8 5
116 0 237 236 0 0 8 6
116 0 237 236 0 0 9 0
116 0 237 236 0 0 9 1
116 0 237 236 0 0 9 2
116 0 237 236 0 0 9 3
116 0 237 236 0 0 9 4
116 0 237 236 0 0 9 5
116 0 237 236 0 0 9 6
116 0 237 236 0 0 10 0
116 0 237 236 0 0 10 1
116 0 237 236 0 0 10 2
116 0 237 236 0 0 10 3
116 0 237 236 0 0 10 4
116 0 237 236 0 0 10 5
116 0 237 236 0 0 10 6
117 0 239 238 0 0 0 0
117 0 239 238 0 0 0 1
117 0 239 238 0 0 0 2
117 0 239 238 0 0 0 3
117 0 239 238 0 0 0 4
117 0 239 238 0 0 0 5
117 0 239 238 0 0 0 6
117 0 239 238 0 0 1 0
117 0 239 238 0 0 1 1
117 0 239 238 0 0 1 2
117 0 239 238 0 0 1 3
117 0 239 238 0 0 1 4
117 0 239 238 0 0 1 5
117 0 239 238 0 0 1 6
117 0 239 238 0 0 2 0
117 0 239 238 0 0 2 1
117 0 239 238 0 0 2 2
117 0 239 238 0 0 2 3
117 0 239 238 0 0 2 4
117 0 239 238 0 0 2 5
117 0 239 238 0 0 2 6
117 0 239 238 0 0 3 0
117 0 239 238 0 0 3 1
117 0 239 238 0 0 3 2
117 0 239 238 0 0 3 3
117 0 239 238 0 0 3 4
117 0 239 238 0 0 3 5
117 0 239 238 0 0 3 6
117 0 239 238 0 0 4 0
117 0 239 238 0 0 4 1
117 0 239 238 0 0 4 2
117 0 239 238 0 0 4 3
117 0 239 238 0 0 4 4
117 0 239 238 0 0 4 5
117 0 239 238 0 0 4 6
117 0 239 238 0 0 5 0
117 0 239 238 0 0 5 1
117 0 239 238 0 0 5 2
117 0 239 238 0 0 5 3
117 0 239 238 0 0 5 4
117 0 239 238 0 0 5 5
117 0 239 238 0 0 5 6
117 0 239 238 0 0 6 0
117 0 239 238 0 0 6 1
117 0 239 238 0 0 6 2
117 0 239 238 0 0 6 3
117 0 239 238 0 0 6 4
117 0 239 238 0 0 6 5
117 0 239 238 0 0 6 6
117 0 239 238 0 0 7 0
117 0 239 238 0 0 7 1
117 0 239 238 0 0 7 2
117 0 239 238 0 0 7 3
117 0 239 238 0 0 7 4
117 0 239 238 0 0 7 5
117 0 239 238 0 0 7 6
117 0 239 238 0 0 8 0
117 0 239 238 0 0 8 1
117 0 239 238 0 0 8 2
117 0 239 238 0 0 8 3
117 0 239 238 0 0 8 4
117 0 239 238 0 0 8 5
117 0 239 238 0 0 8 6
117 0 239 238 0 0 9 0
117 0 239 238 0 0 9 1
117 0 239 238 0 0 9 2
117 0 239 238 0 0 9 3
117 0 239 238 0 0 9 4
117 0 239 238 0 0 9 5
117 0 239 238 0 0 9 6
117 0 239 238 0 0 10 0
117 0 239 238 0 0 10 1
117 0 239 238 0 0 10 2
117 0 239 238 0 0 10 3
117 0 239 238 0 0 10 4
117 0 239 238 0 0 10 5
117 0 239 238 0 0 10 6
118 0 241 240 0 0 0 0
118 0 241 240 0 0 0 1
118 0 241 240 0 0 0 2
118 0 241 240 0 0 0 3
118 0 241 240 0 0 0 4
118 0 241 240 0 0 0 5
118 0 241 240 0 0 0 6
118 0 241 240 0 0 1 0
118 0 241 240 0 0 1 1
118 0 241 240 0 0 1 2
118 0 241 240 0 0 1 3
118 0 241 240 0 0 1 4
118 0 241 240 0 0 1 5
118 0 241 240 0 0 1 6
118 0 241 240 0 0 2 0
118 0 241 240 0 0 2 1
118 0 241 240 0 0 2 2
118 0 241 240 0 0 2 3
118 0 241 240 0 0 2 4
118 0 241 240 0 0 2 5
118 0 241 240 0 0 2 6
118 0 241 240 0 0 3 0
118 0 241 240 0 0 3 1
118 0 241 240 0 0 3 2
118 0 241 240 0 0 3 3
118 0 241 240 0 0 3 4
118 0 241 240 0 0 3 5
118 0 241 240 0 0 3 6
118 0 241 240 0 0 4 0
118 0 241 240 0 0 4 1
118 0 241 240 0 0 4 2
118 0 241 240 0 0 4 3
118 0 241 240 0 0 4 4
118 0 241 240 0 0 4 5
118 0 241 240 0 0 4 6
118 0 241 240 0 0 5 0
118 0 241 240 0 0 5 1
118 0 241 240 0 0 5 2
118 0 241 240 0 0 5 3
118 0 241 240 0 0 5 4
118 0 241 240 0 0 5 5
118 0 241 240 0 0 5 6
118 0 241 240 0 0 6 0
118 0 241 240 0 0 6 1
118 0 241 240 0 0 6 2
118 0 241 240 0 0 6 3
118 0 241 240 0 0 6 4
118 0 241 240 0 0 6 5
118 0 241 240 0 0 6 6
118 0 241 240 0 0 7 0
118 0 241 240 0 0 7 1
118 0 241 240 0 0 7 2
118 0 241 240 0 0 7 3
118 0 241 240 0 0 7 4
118 0 241 240 0 0 7 5
118 0 241 240 0 0 7 6
118 0 241 240 0 0 8 0
118 0 241 240 0 0 8 1
118 0 241 240 0 0 8 2
118 0 241 240 0 0 8 3
118 0 241 240 0 0 8 4
118 0 241 240 0 0 8 5
118 0 241 240 0 0 8 6
118 0 241 240 0 0 9 0
118 0 241 240 0 0 9 1
118 0 241 240 0 0 9 2
118 0 241 240 0 0 9 3
118 0 241 240 0 0 9 4
118 0 241 240 0 0 9 5
118 0 241 240 0 0 9 6
118 0 241 240 0 0 10 0
118 0 241 240 0 0 10 1
118 0 241 240 0 0 10 2
118 0 241 240 0 0 10 3
118 0 241 240 0 0 10 4
118 0 241 240 0 0 10 5
118 0 241 240 0 0 10 6
119 0 243 242 0 0 0 0
119 0 243 242 0 0 0 1
119 0 243 242 0 0 0 2
119 0 243 242 0 0 0 3
119 0 243 242 0 0 0 4
119 0 243 242 0 0 0 5
119 0 243 242 0 0 0 6
119 0 243 242 0 0 1 0
119 0 243 242 0 0 1 1
119 0 243 242 0 0 1 2
119 0 243 242 0 0 1 3
119 0 243 242 0 0 1 4
119 0 243 242 0 0 1 5
119 0 243 242 0 0 1 6
119 0 243 242 0 0 2 0
119 0 243 242 0 0 2 1
119 0 243 242 0 0 2 2
119 0 243 242 0 0 2 3
119 0 243 242 0 0 2 4
119 0 243 242 0 0 2 5
119 0 243 242 0 0 2 6
119 0 243 242 0 0 3 0
119 0 243 242 0 0 3 1
119 0 243 242 0 0 3 2
119 0 243 242 0 0 3 3
119 0 243 242 0 0 3 4
119 0 243 242 0 0 3 5
119 0 243 242 0 0 3 6
119 0 243 242 0 0 4 0
119 0 243 242 0 0 4 1
119 0 243 242 0 0 4 2
119 0 243 242 0 0 4 3
119 0 243 242 0 0 4 4
119 0 243 242 0 0 4 5
119 0 243 242 0 0 4 6
119 0 243 242 0 0 5 0
119 0 243 242 0 0 5 1
119 0 243 242 0 0 5 2
119 0 243 242 0 0 5 3
119 0 243 242 0 0 5 4
119 0 243 242 0 0 5 5
119 0 243 242 0 0 5 6
119 0 243 242 0 0 6 0
119 0 243 242 0 0 6 1
119 0 243 242 0 0 6 2
119 0 243 242 0 0 6 3
119 0 243 242 0 0 6 4
119 0 243 242 0 0 6 5
119 0 243 242 0 0 6 6
119 0 243 242 0 0 7 0
119 0 243 242 0 0 7 1
119 0 243 242 0 0 7 2
119 0 243 242 0 0 7 3
119 0 243 242 0 0 7 4
119 0 243 242 0 0 7 5
119 0 243 242 0 0 7 6
119 0 243 242 0 0 8 0
119 0 243 242 0 0 8 1
119 0 243 242 0 0 8 2
119 0 243 242 0 0 8 3
119 0 243 242 0 0 8 4
119 0 243 242 0 0 8 5
119 0 243 242 0 0 8 6
119 0 243 242 0 0 9 0
119 0 243 242 0 0 9 1
119 0 243 242 0 0 9 2
119 0 243 242 0 0 9 3
119 0 243 242 0 0 9 4
119 0 243 242 0 0 9 5
119 0 243 242 0 0 9 6
119 0 243 242 0 0 10 0
119 0 243 242 0 0 10 1
119 0 243 242 0 0 10 2
119 0 243 242 0 0 10 3
119 0 243 242 0 0 10 4
119 0 243 242 0 0 10 5
119 0 243 242 0 0 10 6
120 0 245 244 0 0 0 0
120 0 245 244 0 0 0 1
120 0 245 244 0 0 0 2
120 0 245 244 0 0 0 3
120 0 245 244 0 0 0 4
120 0 245 244 0 0 0 5
120 0 245 244 0 0 0 6
120 0 245 244 0 0 1 0
120 0 245 244 0 0 1 1
120 0 245 244 0 0 1 2
120 0 245 244 0 0 1 3
120 0 245 244 0 0 1 4
120 0 245 244 0 0 1 5
120 0 245 244 0 0 1 6
120 0 245 244 0 0 2 0
120 0 245 244 0 0 2 1
120 0 245 244 0 0 2 2
120 0 245 244 0 0 2 3
120 0 245 244 0 0 2 4
120 0 245 244 0 0 2 5
120 0 245 244 0 0 2 6
120 0 245 244 0 0 3 0
120 0 245 244 0 0 3 1
120 0 245 244 0 0 3 2
120 0 245 244 0 0 3 3
120 0 245 244 0 0 3 4
120 0 245 244 0 0 3 5
120 0 245 244 0 0 3 6
120 0 245 244 0 0 4 0
120 0 245 244 0 0 4 1
120 0 245 244 0 0 4 2
120 0 245 244 0 0 4 3
120 0 245 244 0 0 4 4
120 0 245 244 0 0 4 5
120 0 245 244 0 0 4 6
120 0 245 244 0 0 5 0
120 0 245 244 0 0 5 1
120 0 245 244 0 0 5 2
120 0 245 244 0 0 5 3
120 0 245 244 0 0 5 4
120 0 245 244 0 0 5 5
120 0 245 244 0 0 5 6
120 0 245 244 0 0 6 0
120 0 245 244 0 0 6 1
120 0 245 244 0 0 6 2
120 0 245 244 0 0 6 3
120 0 245 244 0 0 6 4
120 0 245 244 0 0 6 5
120 0 245 244 0 0 6 6
120 0 245 244 0 0 7 0
120 0 245 244 0 0 7 1
120 0 245 244 0 0 7 2
120 0 245 244 0 0 7 3
120 0 245 244 0 0 7 4
120 0 245 244 0 0 7 5
120 0 245 244 0 0 7 6
120 0 245 244 0 0 8 0
120 0 245 244 0 0 8 1
120 0 245 244 0 0 8 2
120 0 245 244 0 0 8 3
120 0 245 244 0 0 8 4
120 0 245 244 0 0 8 5
120 0 245 244 0 0 8 6
120 0 245 244 0 0 9 0
120 0 245 244 0 0 9 1
120 0 245 244 0 0 9 2
120 0 245 244 0 0 9 3
120 0 245 244 0 0 9 4
120 0 245 244 0 0 9 5
120 0 245 244 0 0 9 6
120 0 245 244 0 0 10 0
120 0 245 244 0 0 10 1
120 0 245 244 0 0 10 2
120 0 245 244 0 0 10 3
120 0 245 244 0 0 10 4
120 0 245 244 0 0 10 5
120 0 245 244 0 0 10 6
121 0 247 246 0 0 0 0
121 0 247 246 0 0 0 1
121 0 247 246 0 0 0 2
121 0 247 246 0 0 0 3
121 0 247 246 0 0 0 4
121 0 247 246 0 0 0 5
121 0 247 246 0 0 0 6
121 0 247 246 0 0 1 0
121 0 247 246 0 0 1 1
121 0 247 246 0 0 1 2
121 0 247 246 0 0 1 3
121 0 247 246 0 0 1 4
121 0 247 246 0 0 1 5
121 0 247 246 0 0 1 6
121 0 247 246 0 0 2 0
121 0 247 246 0 0 2 1
121 0 247 246 0 0 2 2
121 0 247 246 0 0 2 3
121 0 247 246 0 0 2 4
121 0 247 246 0 0 2 5
121 0 247 246 0 0 2 6
121 0 247 246 0 0 3 0
121 0 247 246 0 0 3 1
121 0 247 246 0 0 3 2
121 0 247 246 0 0 3 3
121 0 247 246 0 0 3 4
121 0 247 246 0 0 3 5
121 0 247 246 0 0 3 6
121 0 247 246 0 0 4 0
121 0 247 246 0 0 4 1
121 0 247 246 0 0 4 2
121 0 247 246 0 0 4 3
121 0 247 246 0 0 4 4
121 0 247 246 0 0 4 5
121 0 247 246 0 0 4 6
121 0 247 246 0 0 5 0
121 0 247 246 0 0 5 1
121 0 247 246 0 0 5 2
121 0 247 246 0 0 5 3
121 0 247 246 0 0 5 4
121 0 247 246 0 0 5 5
121 0 247 246 0 0 5 6
121 0 247 246 0 0 6 0
121 0 247 246 0 0 6 1
121 0 247 246 0 0 6 2
121 0 247 246 0 0 6 3
121 0 247 246 0 0 6 4
121 0 247 246 0 0 6 5
121 0 247 246 0 0 6 6
121 0 247 246 0 0 7 0
121 0 247 246 0 0 7 1
121 0 247 246 0 0 7 2
121 0 247 246 0 0 7 3
121 0 247 246 0 0 7 4
121 0 247 246 0 0 7 5
121 0 247 246 0 0 7 6
121 0 247 246 0 0 8 0
121 0 247 246 0 0 8 1
121 0 247 246 0 0 8 2
121 0 247 246 0 0 8 3
121 0 247 246 0 0 8 4
121 0 247 246 0 0 8 5
121 0 247 246 0 0 8 6
121 0 247 246 0 0 9 0
121 0 247 246 0 0 9 1
121 0 247 246 0 0 9 2
121 0 247 246 0 0 9 3
121 0 247 246 0 0 9 4
121 0 247 246 0 0 9 5
121 0 247 246 0 0 9 6
121 0 247 246 0 0 10 0
121 0 247 246 0 0 10 1
121 0 247 246 0 0 10 2
121 0 247 246 0 0 10 3
121 0 247 246 0 0 10 4
121 0 247 246 0 0 10 5
121 0 247 246 0 0 10 6
122 0 249 248 0 0 0 0
122 0 249 248 0 0 0 1
122 0 249 248 0 0 0 2
122 0 249 248 0 0 0 3
122 0 249 248 0 0 0 4
122 0 249 248 0 0 0 5
122 0 249 248 0 0 0 6
122 0 249 248 0 0 1 0
122 0 249 248 0 0 1 1
122 0 249 248 0 0 1 2
122 0 249 248 0 0 1 3
122 0 249 248 0 0 1 4
122 0 249 248 0 0 1 5
122 0 249 248 0 0 1 6
122 0 249 248 0 0 2 0
122 0 249 248 0 0 2 1
122 0 249 248 0 0 2 2
122 0 249 248 0 0 2 3
122 0 249 248 0 0 2 4
122 0 249 248 0 0 2 5
122 0 249 248 0 0 2 6
122 0 249 248 0 0 3 0
122 0 249 248 0 0 3 1
122 0 249 248 0 0 3 2
122 0 249 248 0 0 3 3
122 0 249 248 0 0 3 4
122 0 249 248 0 0 3 5
122 0 249 248 0 0 3 6
122 0 249 248 0 0 4 0
122 0 249 248 0 0 4 1
122 0 249 248 0 0 4 2
122 0 249 248 0 0 4 3
122 0 249 248 0 0 4 4
122 0 249 248 0 0 4 5
122 0 249 248 0 0 4 6
122 0 249 248 0 0 5 0
122 0 249 248 0 0 5 1
122 0 249 248 0 0 5 2
122 0 249 248 0 0 5 3
122 0 249 248 0 0 5 4
122 0 249 248 0 0 5 5
122 0 249 248 0 0 5 6
122 0 249 248 0 0 6 0
122 0 249 248 0 0 6 1
122 0 249 248 0 0 6 2
122 0 249 248 0 0 6 3
122 0 249 248 0 0 6 4
122 0 249 248 0 0 6 5
122 0 249 248 0 0 6 6
122 0 249 248 0 0 7 0
122 0 249 248 0 0 7 1
122 0 249 248 0 0 7 2
122 0 249 248 0 0 7 3
122 0 249 248 0 0 7 4
122 0 249 248 0 0 7 5
122 0 249 248 0 0 7 6
122 0 249 248 0 0 8 0
122 0 249 248 0 0 8 1
122 0 249 248 0 0 8 2
122 0 249 248 0 0 8 3
122 0 249 248 0 0 8 4
122 0 249 248 0 0 8 5
122 0 249 248 0 0 8 6
122 0 249 248 0 0 9 0
122 0 249 248 0 0 9 1
122 0 249 248 0 0 9 2
122 0 249 248 0 0 9 3
122 0 249 248 0 0 9 4
122 0 249 248 0 0 9 5
122 0 249 248 0 0 9 6
122 0 249 248 0 0 10 0
122 0 249 248 0 0 10 1
122 0 249 248 0 0 10 2
122 0 249 248 0 0 10 3
122 0 249 248 0 0 10 4
122 0 249 248 0 0 10 5
122 0 249 248 0 0 10 6
123 0 251 250 0 0 0 0
123 0 251 250 0 0 0 1
123 0 251 250 0 0 0 2
123 0 251 250 0 0 0 3
123 0 251 250 0 0 0 4
123 0 251 250 0 0 0 5
123 0 251 250 0 0 0 6
123 0 251 250 0 0 1 0
123 0 251 250 0 0 1 1
123 0 251 250 0 0 1 2
123 0 251 250 0 0 1 3
123 0 251 250 0 0 1 4
123 0 251 250 0 0 1 5
123 0 251 250 0 0 1 6
123 0 251 250 0 0 2 0
123 0 251 250 0 0 2 1
123 0 251 250 0 0 2 2
123 0 251 250 0 0 2 3
123 0 251 250 0 0 2 4
123 0 251 250 0 0 2 5
123 0 251 250 0 0 2 6
123 0 251 250 0 0 3 0
123 0 251 250 0 0 3 1
123 0 251 250 0 0 3 2
123 0 251 250 0 0 3 3
123 0 251 250 0 0 3 4
123 0 251 250 0 0 3 5
123 0 251 250 0 0 3 6
123 0 251 250 0 0 4 0
123 0 251 250 0 0 4 1
123 0 251 250 0 0 4 2
123 0 251 250 0 0 4 3
123 0 251 250 0 0 4 4
123 0 251 250 0 0 4 5
123 0 251 250 0 0 4 6
123 0 251 250 0 0 5 0
123 0 251 250 0 0 5 1
123 0 251 250 0 0 5 2
123 0 251 250 0 0 5 3
123 0 251 250 0 0 5 4
123 0 251 250 0 0 5 5
123 0 251 250 0 0 5 6
123 0 251 250 0 0 6 0
123 0 251 250 0 0 6 1
123 0 251 250 0 0 6 2
123 0 251 250 0 0 6 3
123 0 251 250 0 0 6 4
123 0 251 250 0 0 6 5
123 0 251 250 0 0 6 6
123 0 251 250 0 0 7 0
123 0 251 250 0 0 7 1
123 0 251 250 0 0 7 2
123 0 251 250 0 0 7 3
123 0 251 250 0 0 7 4
123 0 251 250 0 0 7 5
123 0 251 250 0 0 7 6
123 0 251 250 0 0 8 0
123 0 251 250 0 0 8 1
123 0 251 250 0 0 8 2
123 0 251 250 0 0 8 3
123 0 251 250 0 0 8 4
123 0 251 250 0 0 8 5
123 0 251 250 0 0 8 6
123 0 251 250 0 0 9 0
123 0 251 250 0 0 9 1
123 0 251 250 0 0 9 2
123 0 251 250 0 0 9 3
123 0 251 250 0 0 9 4
123 0 251 250 0 0 9 5
123 0 251 250 0 0 9 6
123 0 251 250 0 0 10 0
123 0 251 250 0 0 10 1
123 0 251 250 0 0 10 2
123 0 251 250 0 0 10 3
123 0 251 250 0 0 10 4
123 0 251 250 0 0 10 5
123 0 251 250 0 0 10 6
124 0 253 252 0 0 0 0
124 0 253 252 0 0 0 1
124 0 253 252 0 0 0 2
124 0 253 252 0 0 0 3
124 0 253 252 0 0 0 4
124 0 253 252 0 0 0 5
124 0 253 252 0 0 0 6
124 0 253 252 0 0 1 0
124 0 253 252 0 0 1 1
124 0 253 252 0 0 1 2
124 0 253 252 0 0 1 3
124 0 253 252 0 0 1 4
124 0 253 252 0 0 1 5
124 0 253 252 0 0 1 6
124 0 253 252 0 0 2 0
124 0 253 252 0 0 2 1
124 0 253 252 0 0 2 2
124 0 253 252 0 0 2 3
124 0 253 252 0 0 2 4
124 0 253 252 0 0 2 5
124 0 253 252 0 0 2 6
124 0 253 252 0 0 3 0
124 0 253 252 0 0 3 1
124 0 253 252 0 0 3 2
124 0 253 252 0 0 3 3
124 0 253 252 0 0 3 4
124 0 253 252 0 0 3 5
124 0 253 252 0 0 3 6
124 0 253 252 0 0 4 0
124 0 253 252 0 0 4 1
124 0 253 252 0 0 4 2
124 0 253 252 0 0 4 3
124 0 253 252 0 0 4 4
124 0 253 252 0 0 4 5
124 0 253 252 0 0 4 6
124 0 253 252 0 0 5 0
124 0 253 252 0 0 5 1
124 0 253 252 0 0 5 2
124 0 253 252 0 0 5 3
124 0 253 252 0 0 5 4
124 0 253 252 0 0 5 5
124 0 253 252 0 0 5 6
124 0 253 252 0 0 6 0
124 0 253 252 0 0 6 1
124 0 253 252 0 0 6 2
124 0 253 252 0 0 6 3
124 0 253 252 0 0 6 4
124 0 253 252 0 0 6 5
124 0 253 252 0 0 6 6
124 0 253 252 0 0 7 0
124 0 253 252 0 0 7 1
124 0 253 252 0 0 7 2
124 0 253 252 0 0 7 3
124 0 253 252 0 0 7 4
124 0 253 252 0 0 7 5
124 0 253 252 0 0 7 6
124 0 253 252 0 0 8 0
124 0 253 252 0 0 8 1
124 0 253 252 0 0 8 2
124 0 253 252 0 0 8 3
124 0 253 252 0 0 8 4
124 0 253 252 0 0 8 5
124 0 253 252 0 0 8 6
124 0 253 252 0 0 9 0
124 0 253 252 0 0 9 1
124 0 253 252 0 0 9 2
124 0 253 252 0 0 9 3
124 0 253 252 0 0 9 4
124 0 253 252 0 0 9 5
124 0 253 252 0 0 9 6
124 0 253 252 0 0 10 0
124 0 253 252 0 0 10 1
124 0 253 252 0 0 10 2
124 0 253 252 0 0 10 3
124 0 253 252 0 0 10 4
124 0 253 252 0 0 10 5
124 0 253 252 0 0 10 6
125 0 255 254 0 0 0 0
125 0 255 254 0 0 0 1
125 0 255 254 0 0 0 2
125 0 255 254 0 0 0 3
125 0 255 254 0 0 0 4
125 0 255 254 0 0 0 5
125 0 255 254 0 0 0 6
125 0 255 254 0 0 1 0
125 0 255 254 0 0 1 1
125 0 255 254 0 0 1 2
125 0 255 254 0 0 1 3
125 0 255 254 0 0 1 4
125 0 255 254 0 0 1 5
125 0 255 254 0 0 1 6
125 0 255 254 0 0 2 0
125 0 255 254 0 0 2 1
125 0 255 254 0 0 2 2
125 0 255 254 0 0 2 3
125 0 255 254 0 0 2 4
125 0 255 254 0 0 2 5
125 0 255 254 0 0 2 6
125 0 255 254 0 0 3 0
125 0 255 254 0 0 3 1
125 0 255 254 0 0 3 2
125 0 255 254 0 0 3 3
125 0 255 254 0 0 3 4
125 0 255 254 0 0 3 5
125 0 255 254 0 0 3 6
125 0 255 254 0 0 4 0
125 0 255 254 0 0 4 1
125 0 255 254 0 0 4 2
125 0 255 254 0 0 4 3
125 0 255 254 0 0 4 4
125 0 255 254 0 0 4 5
125 0 255 254 0 0 4 6
125 0 255 254 0 0 5 0
125 0 255 254 0 0 5 1
125 0 255 254 0 0 5 2
125 0 255 254 0 0 5 3
125 0 255 254 0 0 5 4
125 0 255 254 0 0 5 5
125 0 255 254 0 0 5 6
125 0 255 254 0 0 6 0
125 0 255 254 0 0 6 1
125 0 255 254 0 0 6 2
125 0 255 254 0 0 6 3
125 0 255 254 0 0 6 4
125 0 255 254 0 0 6 5
125 0 255 254 0 0 6 6
125 0 255 254 0 0 7 0
125 0 255 254 0 0 7 1
125 0 255 254 0 0 7 2
125 0 255 254 0 0 7 3
125 0 255 254 0 0 7 4
125 0 255 254 0 0 7 5
125 0 255 254 0 0 7 6
125 0 255 254 0 0 8 0
125 0 255 254 0 0 8 1
125 0 255 254 0 0 8 2
125 0 255 254 0 0 8 3
125 0 255 254 0 0 8 4
125 0 255 254 0 0 8 5
125 0 255 254 0 0 8 6
125 0 255 254 0 0 9 0
125 0 255 254 0 0 9 1
125 0 255 254 0 0 9 2
125 0 255 254 0 0 9 3
125 0 255 254 0 0 9 4
125 0 255 254 0 0 9 5
125 0 255 254 0 0 9 6
125 0 255 254 0 0 10 0
125 0 255 254 0 0 10 1
125 0 255 254 0 0 10 2
125 0 255 254 0 0 10 3
125 0 255 254 0 0 10 4
125 0 255 254 0 0 10 5
125 0 255 254 0 0 10 6
126 0 256 254 0 0 0 0
126 0 256 254 0 0 0 1
126 0 256 254 0 0 0 2
126 0 256 254 0 0 0 3
126 0 256 254 0 0 0 4
126 0 256 254 0 0 0 5
126 0 256 254 0 0 0 6
126 0 256 254 0 0 1 0
126 0 256 254 0 0 1 1
126 0 256 254 0 0 1 2
126 0 256 254 0 0 1 3
126 0 256 254 0 0 1 4
126 0 256 254 0 0 1 5
126 0 256 254 0 0 1 6
126 0 256 254 0 0 2 0
126 0 256 254 0 0 2 1
126 0 256 254 0 0 2 2
126 0 256 254 0 0 2 3
126 0 256 254 0 0 2 4
126 0 256 254 0 0 2 5
126 0 256 254 0 0 2 6
126 0 256 254 0 0 3 0
126 0 256 254 0 0 3 1
126 0 256 254 0 0 3 2
126 0 256 254 0 0 3 3
126 0 256 254 0 0 3 4
126 0 256 254 0 0 3 5
126 0 256 254 0 0 3 6
126 0 256 254 0 0 4 0
126 0 256 254 0 0 4 1
126 0 256 254 0 0 4 2
126 0 256 254 0 0 4 3
126 0 256 254 0 0 4 4
126 0 256 254 0 0 4 5
126 0 256 254 0 0 4 6
126 0 256 254 0 0 5 0
126 0 256 254 0 0 5 1
126 0 256 254 0 0 5 2
126 0 256 254 0 0 5 3
126 0 256 254 0 0 5 4
126 0 256 254 0 0 5 5
126 0 256 254 0 0 5 6
126 0 256 254 0 0 6 0
126 0 256 254 0 0 6 1
126 0 256 254 0 0 6 2
126 0 256 254 0 0 6 3
126 0 256 254 0 0 6 4
126 0 256 254 0 0 6 5
126 0 256 254 0 0 6 6
126 0 256 254 0 0 7 0
126 0 256 254 0 0 7 1
126 0 256 254 0 0 7 2
126 0 256 254 0 0 7 3
126 0 256 254 0 0 7 4
126 0 256 254 0 0 7 5
126 0 256 254 0 0 7 6
126 0 256 254 0 0 8 0
126 0 256 254 0 0 8 1
126 0 256 254 0 0 8 2
126 0 256 254 0 0 8 3
126 0 256 254 0 0 8 4
126 0 256 254 0 0 8 5
126 0 256 254 0 0 8 6
126 0 256 254 0 0 9 0
126 0 256 254 0 0 9 1
126 0 256 254 0 0 9 2
126 0 256 254 0 0 9 3
126 0 256 254 0 0 9 4
126 0 256 254 0 0 9 5
126 0 256 254 0 0 9 6
126 0 256 254 0 0 10 0
126 0 256 254 0 0 10 1
126 0 256 254 0 0 10 2
126 0 256 254 0 0 10 3
126 0 256 254 0 0 10 4
126 0 256 254 0 0 10 5
126 0 256 254 0 0 10 6
127 0 256 254 0 0 0 0
127 0 256 254 0 0 0 1
127 0 256 254 0 0 0 2
127 0 256 254 0 0 0 3
127 0 256 254 0 0 0 4
127 0 256 254 0 0 0 5
127 0 256 254 0 0 0 6
127 0 256 254 0 0 1 0
127 0 256 254 0 0 1 1
127 0 256 254 0 0 1 2
127 0 256 254 0 0 1 3
127 0 256 254 0 0 1 4
127 0 256 254 0 0 1 5
127 0 256 254 0 0 1 6
127 0 256 254 0 0 2 0
127 0 256 254 0 0 2 1
127 0 256 254 0 0 2 2
127 0 256 254 0 0 2 3
127 0 256 254 0 0 2 4
127 0 256 254 0 0 2 5
127 0 256 254 0 0 2 6
127 0 256 254 0 0 3 0
127 0 256 254 0 0 3 1
127 0 256 254 0 0 3 2
127 0 256 254 0 0 3 3
127 0 256 254 0 0 3 4
127 0 256 254 0 0 3 5
127 0 256 254 0 0 3 6
127 0 256 254 0 0 4 0
127 0 256 254 0 0 4 1
127 0 256 254 0 0 4 2
127 0 256 254 0 0 4 3
127 0 256 254 0 0 4 4
127 0 256 254 0 0 4 5
127 0 256 254 0 0 4 6
127 0 256 254 0 0 5 0
127 0 256 254 0 0 5 1
127 0 256 254 0 0 5 2
127 0 256 254 0 0 5 3
127 0 256 254 0 0 5 4
127 0 256 254 0 0 5 5
127 0 256 254 0 0 5 6
127 0 256 254 0 0 6 0
127 0 256 254 0 0 6 1
127 0 256 254 0 0 6 2
127 0 256 254 0 0 6 3
127 0 256 254 0 0 6 4
127 0 256 254 0 0 6 5
127 0 256 254 0 0 6 6
127 0 256 254 0 0 7 0
127 0 256 254 0 0 7 1
127 0 256 254 0 0 7 2
127 0 256 254 0 0 7 3
127 0 256 254 0 0 7 4
127 0 256 254 0 0 7 5
127 0 256 254 0 0 7 6
127 0 256 254 0 0 8 0
127 0 256 254 0 0 8 1
127 0 256 254 0 0 8 2
127 0 256 254 0 0 8 3
127 0 256 254 0 0 8 4
127 0 256 254 0 0 8 5
127 0 256 254 0 0 8 6
127 0 256 254 0 0 9 0
127 0 256 254 0 0 9 1
127 0 256 254 0 0 9 2
127 0 256 254 0 0 9 3
127 0 256 254 0 0 9 4
127 0 256 254 0 0 9 5
127 0 256 254 0 0 9 6
127 0 256 254 0 0 10 0
127 0 256 254 0 0 10 1
127 0 256 254 0 0 10 2
127 0 256 254 0 0 10 3
127 0 256 254 0 0 10 4
127 0 256 254 0 0 10 5
127 0 256 254 0 0 10 6
128 0 256 254 0 0 0 0
128 0 256 254 0 0 0 1
128 0 256 254 0 0 0 2
128 0 256 254 0 0 0 3
128 0 256 254 0 0 0 4
128 0 256 254 0 0 0 5
128 0 256 254 0 0 0 6
128 0 256 254 0 0 1 0
128 0 256 254 0 0 1 1
128 0 256 254 0 0 1 2
128 0 256 254 0 0 1 3
128 0 256 254 0 0 1 4
128 0 256 254 0 0 1 5
128 0 256 254 0 0 1 6
128 0 256 254 0 0 2 0
128 0 256 254 0 0 2 1
128 0 256 254 0 0 2 2
128 0 256 254 0 0 2 3
128 0 256 254 0 0 2 4
128 0 256 254 0 0 2 5
128 0 256 254 0 0 2 6
128 0 256 254 0 0 3 0
128 0 256 254 0 0 3 1
128 0 256 254 0 0 3 2
128 0 256 254 0 0 3 3
128 0 256 254 0 0 3 4
128 0 256 254 0 0 3 5
128 0 256 254 0 0 3 6
128 0 256 254 0 0 4 0
128 0 256 254 0 0 4 1
128 0 256 254 0 0 4 2
128 0 256 254 0 0 4 3
128 0 256 254 0 0 4 4
128 0 256 254 0 0 4 5
128 0 256 254 0 0 4 6
128 0 256 254 0 0 5 0
128 0 256 254 0 0 5 1
128 0 256 254 0 0 5 2
128 0 256 254 0 0 5 3
128 0 256 254 0 0 5 4
128 0 256 254 0 0 5 5
128 0 256 254 0 0 5 6
128 0 256 254 0 0 6 0
128 0 256 254 0 0 6 1
128 0 256 254 0 0 6 2
128 0 256 254 0 0 6 3
128 0 256 254 0 0 6 4
128 0 256 254 0 0 6 5
128 0 256 254 0 0 6 6
128 0 256 254 0 0 7 0
128 0 256 254 0 0 7 1
128 0 256 254 0 0 7 2
128 0 256 254 0 0 7 3
128 0 256 254 0 0 7 4
128 0 256 254 0 0 7 5
128 0 256 254 0 0 7 6
128 0 256 254 0 0 8 0
128 0 256 254 0 0 8 1
128 0 256 254 0 0 8 2
128 0 256 254 0 0 8 3
128 0 256 254 0 0 8 4
128 0 256 254 0 0 8 5
128 0 256 254 0 0 8 6
128 0 256 254 0 0 9 0
128 0 256 254 0 0 9 1
128 0 256 254 0 0 9 2
128 0 256 254 0 0 9 3
128 0 256 254 0 0 9 4
128 0 256 254 0 0 9 5
128 0 256 254 0 0 9 6
128 0 256 254 0 0 10 0
128 0 256 254 0 0 10 1
128 0 256 254 0 0 10 2
128 0 256 254 0 0 10 3
128 0 256 254 0 0 10 4
128 0 256 254 0 0 10 5
128 0 256 254 0 0 10 6
129 0 256 254 0 0 0 0
129 0 256 254 0 0 0 1
129 0 256 254 0 0 0 2
129 0 256 254 0 0 0 3
129 0 256 254 0 0 0 4
129 0 256 254 0 0 0 5
129 0 256 254 0 0 0 6
129 0 256 254 0 0 1 0
129 0 256 254 0 0 1 1
129 0 256 254 0 0 1 2
129 0 256 254 0 0 1 3
129 0 256 254 0 0 1 4
129 0 256 254 0 0 1 5
129 0 256 254 0 0 1 6
129 0 256 254 0 0 2 0
129 0 256 254 0 0 2 1
129 0 256 254 0 0 2 2
129 0 256 254 0 0 2 3
129 0 256 254 0 0 2 4
129 0 256 254 0 0 2 5
129 0 256 254 0 0 2 6
129 0 256 254 0 0 3 0
129 0 256 254 0 0 3 1
129 0 256 254 0 0 3 2
129 0 256 254 0 0 3 3
129 0 256 254 0 0 3 4
129 0 256 254 0 0 3 5
129 0 256 254 0 0 3 6
129 0 256 254 0 0 4 0
129 0 256 254 0 0 4 1
129 0 256 254 0 0 4 2
129 0 256 254 0 0 4 3
129 0 256 254 0 0 4 4
129 0 256 254 0 0 4 5
129 0 256 254 0 0 4 6
129 0 256 254 0 0 5 0
129 0 256 254 0 0 5 1
129 0 256 254 0 0 5 2
129 0 256 254 0 0 5 3
129 0 256 254 0 0 5 4
129 0 256 254 0 0 5 5
129 0 256 254 0 0 5 6
129 0 256 254 0 0 6 0
129 0 256 254 0 0 6 1
129 0 256 254 0 0 6 2
129 0 256 254 0 0 6 3
129 0 256 254 0 0 6 4
129 0 256 254 0 0 6 5
129 0 256 254 0 0 6 6
129 0 256 254 0 0 7 0
129 0 256 254 0 0 7 1
129 0 256 254 0 0 7 2
129 0 256 254 0 0 7 3
129 0 256 254 0 0 7 4
129 0 256 254 0 0 7 5
129 0 256 254 0 0 7 6
129 0 256 254 0 0 8 0
129 0 256 254 0 0 8 1
129 0 256 254 0 0 8 2
129 0 256 254 0 0 8 3
129 0 256 254 0 0 8 4
129 0 256 254 0 0 8 5
129 0 256 254 0 0 8 6
129 0 256 254 0 0 9 0
129 0 256 254 0 0 9 1
129 0 256 254 0 0 9 2
129 0 256 254 0 0 9 3
129 0 256 254 0 0 9 4
129 0 256 254 0 0 9 5
129 0 256 254 0 0 9 6
129 0 256 254 0 0 10 0
129 0 256 254 0 0 10 1
129 0 256 254 0 0 10 2
129 0 256 254 0 0 10 3
129 0 256 254 0 0 10 4
129 0 256 254 0 0 10 5
129 0 256 254 0 0 10 6
130 4 256 254 0 0 0 0
130 4 256 254 0 0 0 1
130 4 256 254 0 0 0 2
130 4 256 254 0 0 0 3
130 4 256 254 0 0 0 4
130 4 256 254 0 0 0 5
130 4 256 254 0 0 0 6
130 4 256 254 0 0 1 0
130 4 256 254 0 0 1 1
130 4 256 254 0 0 1 2
130 4 256 254 0 0 1 3
130 4 256 254 0 0 1 4
130 4 256 254 0 0 1 5
130 4 256 254 0 0 1 6
130 4 256 254 0 0 2 0
130 4 256 254 0 0 2 1
130 4 256 254 0 0 2 2
130 4 256 254 0 0 2 3
130 4 256 254 0 0 2 4
130 4 256 254 0 0 2 5
130 4 256 254 0 0 2 6
130 4 256 254 0 0 3 0
130 4 256 254 0 0 3 1
130 4 256 254 0 0 3 2
130 4 256 254 0 0 3 3
130 4 256 254 0 0 3 4
130 4 256 254 0 0 3 5
130 4 256 254 0 0 3 6
130 4 256 254 0 0 4 0
130 4 256 254 0 0 4 1
130 4 256 254 0 0 4 2
130 4 256 254 0 0 4 3
130 4 256 254 0 0 4 4
130 4 256 254 0 0 4 5
130 4 256 254 0 0 4 6
130 4 256 254 0 0 5 0
130 4 256 254 0 0 5 1
130 4 256 254 0 0 5 2
130 4 256 254 0 0 5 3
130 4 256 254 0 0 5 4
130 4 256 254 0 0 5 5
130 4 256 254 0 0 5 6
130 4 256 254 0 0 6 0
130 4 256 254 0 0 6 1
130 4 256 254 0 0 6 2
130 4 256 254 0 0 6 3
130 4 256 254 0 0 6 4
130 4 256 254 0 0 6 5
130 4 256 254 0 0 6 6
130 4 256 254 0 0 7 0
130 4 256 254 0 0 7 1
130 4 256 254 0 0 7 2
130 4 256 254 0 0 7 3
130 4 256 254 0 0 7 4
130 4 256 254 0 0 7 5
130 4 256 254 0 0 7 6
130 4 256 254 0 0 8 0
130 4 256 254 0 0 8 1
130 4 256 254 0 0 8 2
130 4 256 254 0 0 8 3
130 4 256 254 0 0 8 4
130 4 256 254 0 0 8 5
130 4 256 254 0 0 8 6
130 4 256 254 0 0 9 0
130 4 256 254 0 0 9 1
130 4 256 254 0 0 9 2
130 4 256 254 0 0 9 3
130 4 256 254 0 0 9 4
130 4 256 254 0 0 9 5
130 4 256 254 0 0 9 6
130 4 256 254 0 0 10 0
130 4 256 254 0 0 10 1
130 4 256 254 0 0 10 2
130 4 256 254 0 0 10 3
130 4 256 254 0 0 10 4
130 4 256 254 0 0 10 5
130 4 256 254 0 0 10 6
131 7 256 254 0 0 0 0
131 7 256 254 0 0 0 1
131 7 256 254 0 0 0 2
131 7 256 254 0 0 0 3
131 7 256 254 0 0 0 4
131 7 256 254 0 0 0 5
131 7 256 254 0 0 0 6
131 7 256 254 0 0 1 0
131 7 256 254 0 0 1 1
131 7 256 254 0 0 1 2
131 7 256 254 0 0 1 3
131 7 256 254 0 0 1 4
131 7 256 254 0 0 1 5
131 7 256 254 0 0 1 6
131 7 256 254 0 0 2 0
131 7 256 254 0 0 2 1
131 7 256 254 0 0 2 2
131 7 256 254 0 0 2 3
131 7 256 254 0 0 2 4
131 7 256 254 0 0 2 5
131 7 256 254 0 0 2 6
131 7 256 254 0 0 3 0
131 7 256 254 0 0 3 1
131 7 256 254 0 0 3 2
131 7 256 254 0 0 3 3
131 7 256 254 0 0 3 4
131 7 256 254 0 0 3 5
131 7 256 254 0 0 3 6
131 7 256 254 0 0 4 0
131 7 256 254 0 0 4 1
131 7 256 254 0 0 4 2
131 7 256 254 0 0 4 3
131 7 256 254 0 0 4 4
131 7 256 254 0 0 4 5
131 7 256 254 0 0 4 6
131 7 256 254 0 0 5 0
131 7 256 254 0 0 5 1
131 7 256 254 0 0 5 2
131 7 256 254 0 0 5 3
131 7 256 254 0 0 5 4
131 7 256 254 0 0 5 5
131 7 256 254 0 0 5 6
131 7 256 254 0 0 6 0
131 7 256 254 0 0 6 1
131 7 256 254 0 0 6 2
131 7 256 254 0 0 6 3
131 7 256 254 0 0 6 4
131 7 256 254 0 0 6 5
131 7 256 254 0 0 6 6
131 7 256 254 0 0 7 0
131 7 256 254 0 0 7 1
131 7 256 254 0 0 7 2
131 7 256 254 0 0 7 3
131 7 256 254 0 0 7 4
131 7 256 254 0 0 7 5
131 7 256 254 0 0 7 6
131 7 256 254 0 0 8 0
131 7 256 254 0 0 8 1
131 7 256 254 0 0 8 2
131 7 256 254 0 0 8 3
131 7 256 254 0 0 8 4
131 7 256 254 0 0 8 5
131 7 256 254 0 0 8 6
131 7 256 254 0 0 9 0
131 7 256 254 0 0 9 1
131 7 256 254 0 0 9 2
131 7 256 254 0 0 9 3
131 7 256 254 0 0 9 4
131 7 256 254 0 0 9 5
131 7 256 254 0 0 9 6
131 7 256 254 0 0 10 0
131 7 256 254 0 0 10 1
131 7 256 254 0 0 10 2
131 7 256 254 0 0 10 3
131 7 256 254 0 0 10 4
131 7 256 254 0 0 10 5
131 7 256 254 0 0 10 6
132 11 256 254 0 0 0 0
132 11 256 254 0 0 0 1
132 11 256 254 0 0 0 2
132 11 256 254 0 0 0 3
132 11 256 254 0 0 0 4
132 11 256 254 0 0 0 5
132 11 256 254 0 0 0 6
132 11 256 254 0 0 1 0
132 11 256 254 0 0 1 1
132 11 256 254 0 0 1 2
132 11 256 254 0 0 1 3
132 11 256 254 0 0 1 4
132 11 256 254 0 0 1 5
132 11 256 254 0 0 1 6
132 11 256 254 0 0 2 0
132 11 256 254 0 0 2 1
132 11 256 254 0 0 2 2
132 11 256 254 0 0 2 3
132 11 256 254 0 0 2 4
132 11 256 254 0 0 2 5
132 11 256 254 0 0 2 6
132 11 256 254 0 0 3 0
132 11 256 254 0 0 3 1
132 11 256 254 0 0 3 2
132 11 256 254 0 0 3 3
132 11 256 254 0 0 3 4
132 11 256 254 0 0 3 5
132 11 256 254 0 0 3 6
132 11 256 254 0 0 4 0
132 11 256 254 0 0 4 1
132 11 256 254 0 0 4 2
132 11 256 254 0 0 4 3
132 11 256 254 0 0 4 4
132 11 256 254 0 0 4 5
132 11 256 254 0 0 4 6
132 11 256 254 0 0 5 0
132 11 256 254 0 0 5 1
132 11 256 254 0 0 5 2
132 11 256 254 0 0 5 3
132 11 256 254 0 0 5 4
132 11 256 254 0 0 5 5
132 11 256 254 0 0 5 6
132 11 256 254 0 0 6 0
132 11 256 254 0 0 6 1
132 11 256 254 0 0 6 2
132 11 256 254 0 0 6 3
132 11 256 254 0 0 6 4
132 11 256 254 0 0 6 5
132 11 256 254 0 0 6 6
132 11 256 254 0 0 7 0
132 11 256 254 0 0 7 1
132 11 256 254 0 0 7 2
132 11 256 254 0 0 7 3
132 11 256 254 0 0 7 4
132 11 256 254 0 0 7 5
132 11 256 254 0 0 7 6
132 11 256 254 0 0 8 0
132 11 256 254 0 0 8 1
132 11 256 254 0 0 8 2
132 11 256 254 0 0 8 3
132 11 256 254 0 0 8 4
132 11 256 254 0 0 8 5
132 11 256 254 0 0 8 6
132 11 256 254 0 0 9 0
132 11 256 254 0 0 9 1
132 11 256 254 0 0 9 2
132 11 256 254 0 0 9 3
132 11 256 254 0 0 9 4
132 11 256 254 0 0 9 5
132 11 256 254 0 0 9 6
132 11 256 254 0 0 10 0
132 11 256 254 0 0 10 1
132 11 256 254 0 0 10 2
132 11 256 254 0 0 10 3
132 11 256 254 0 0 10 4
132 11 256 254 0 0 10 5
132 11 256 254 0 0 10 6
133 14 256 254 0 0 0 0
133 14 256 254 0 0 0 1
133 14 256 254 0 0 0 2
133 14 256 254 0 0 0 3
133 14 256 254 0 0 0 4
133 14 256 254 0 0 0 5
133 14 256 254 0 0 0 6
133 14 256 254 0 0 1 0
133 14 256 254 0 0 1 1
133 14 256 254 0 0 1 2
133 14 256 254 0 0 1 3
133 14 256 254 0 0 1 4
133 14 256 254 0 0 1 5
133 14 256 254 0 0 1 6
133 14 256 254 0 0 2 0
133 14 256 254 0 0 2 1
133 14 256 254 0 0 2 2
133 14 256 254 0 0 2 3
133 14 256 254 0 0 2 4
133 14 256 254 0 0 2 5
133 14 256 254 0 0 2 6
133 14 256 254 0 0 3 0
133 14 256 254 0 0 3 1
133 14 256 254 0 0 3 2
133 14 256 254 0 0 3 3
133 14 256 254 0 0 3 4
133 14 256 254 0 0 3 5
133 14 256 254 0 0 3 6
133 14 256 254 0 0 4 0
133 14 256 254 0 0 4 1
133 14 256 254 0 0 4 2
133 14 256 254 0 0 4 3
133 14 256 254 0 0 4 4
133 14 256 254 0 0 4 5
133 14 256 254 0 0 4 6
133 14 256 254 0 0 5 0
133 14 256 254 0 0 5 1
133 14 256 254 0 0 5 2
133 14 256 254 0 0 5 3
133 14 256 254 0 0 5 4
133 14 256 254 0 0 5 5
133 14 256 254 0 0 5 6
133 14 256 254 0 0 6 0
133 14 256 254 0 0 6 1
133 14 256 254 0 0 6 2
133 14 256 254 0 0 6 3
133 14 256 254 0 0 6 4
133 14 256 254 0 0 6 5
133 14 256 254 0 0 6 6
133 14 256 254 0 0 7 0
133 14 256 254 0 0 7 1
133 14 256 254 0 0 7 2
133 14 256 254 0 0 7 3
133 14 256 254 0 0 7 4
133 14 256 254 0 0 7 5
133 14 256 254 0 0 7 6
133 14 256 254 0 0 8 0
133 14 256 254 0 0 8 1
133 14 256 254 0 0 8 2
133 14 256 254 0 0 8 3
133 14 256 254 0 0 8 4
133 14 256 254 0 0 8 5
133 14 256 254 0 0 8 6
133 14 256 254 0 0 9 0
133 14 256 254 0 0 9 1
133 14 256 254 0 0 9 2
133 14 256 254 0 0 9 3
133 14 256 254 0 0 9 4
133 14 256 254 0 0 9 5
133 14 256 254 0 0 9 6
133 14 256 254 0 0 10 0
133 14 256 254 0 0 10 1
133 14 256 254 0 0 10 2
133 14 256 254 0 0 10 3
133 14 256 254 0 0 10 4
133 14 256 254 0 0 10 5
133 14 256 254 0 0 10 6
134 18 256 254 0 0 0 0
134 18 256 254 0 0 0 1
134 18 256 254 0 0 0 2
134 18 256 254 0 0 0 3
134 18 256 254 0 0 0 4
134 18 256 254 0 0 0 5
134 18 256 254 0 0 0 6
134 18 256 254 0 0 1 0
134 18 256 254 0 0 1 1
134 18 256 254 0 0 1 2
134 18 256 254 0 0 1 3
134 18 256 254 0 0 1 4
134 18 256 254 0 0 1 5
134 18 256 254 0 0 1 6
134 18 256 254 0 0 2 0
134 18 256 254 0 0 2 1
134 18 256 254 0 0 2 2
134 18 256 254 0 0 2 3
134 18 256 254 0 0 2 4
134 18 256 254 0 0 2 5
134 18 256 254 0 0 2 6
134 18 256 254 0 0 3 0
134 18 256 254 0 0 3 1
134 18 256 254 0 0 3 2
134 18 256 254 0 0 3 3
134 18 256 254 0 0 3 4
134 18 256 254 0 0 3 5
134 18 256 254 0 0 3 6
134 18 256 254 0 0 4 0
134 18 256 254 0 0 4 1
134 18 256 254 0 0 4 2
134 18 256 254 0 0 4 3
134 18 256 254 0 0 4 4
134 18 256 254 0 0 4 5
134 18 256 254 0 0 4 6
134 18 256 254 0 0 5 0
134 18 256 254 0 0 5 1
134 18 256 254 0 0 5 2
134 18 256 254 0 0 5 3
134 18 256 254 0 0 5 4
134 18 256 254 0 0 5 5
134 18 256 254 0 0 5 6
134 18 256 254 0 0 6 0
134 18 256 254 0 0 6 1
134 18 256 254 0 0 6 2
134 18 256 254 0 0 6 3
134 18 256 254 0 0 6 4
134 18 256 254 0 0 6 5
134 18 256 254 0 0 6 6
134 18 256 254 0 0 7 0
134 18 256 254 0 0 7 1
134 18 256 254 0 0 7 2
134 18 256 254 0 0 7 3
134 18 256 254 0 0 7 4
134 18 256 254 0 0 7 5
134 18 256 254 0 0 7 6
134 18 256 254 0 0 8 0
134 18 256 254 0 0 8 1
134 18 256 254 0 0 8 2
134 18 256 254 0 0 8 3
134 18 256 254 0 0 8 4
134 18 256 254 0 0 8 5
134 18 256 254 0 0 8 6
134 18 256 254 0 0 9 0
134 18 256 254 0 0 9 1
134 18 256 254 0 0 9 2
134 18 256 254 0 0 9 3
134 18 256 254 0 0 9 4
134 18 256 254 0 0 9 5
134 18 256 254 0 0 9 6
134 18 256 254 0 0 10 0
134 18 256 254 0 0 10 1
134 18 256 254 0 0 10 2
134 18 256 254 0 0 10 3
134 18 256 254 0 0 10 4
134 18 256 254 0 0 10 5
134 18 256 254 0 0 10 6
135 21 256 254 0 0 0 0
135 21 256 254 0 0 0 1
135 21 256 254 0 0 0 2
135 21 256 254 0 0 0 3
135 21 256 254 0 0 0 4
135 21 256 254 0 0 0 5
135 21 256 254 0 0 0 6
135 21 256 254 0 0 1 0
135 21 256 254 0 0 1 1
135 21 256 254 0 0 1 2
135 21 256 254 0 0 1 3
135 21 256 254 0 0 1 4
135 21 256 254 0 0 1 5
135 21 256 254 0 0 1 6
135 21 256 254 0 0 2 0
135 21 256 254 0 0 2 1
135 21 256 254 0 0 2 2
135 21 256 254 0 0 2 3
135 21 256 254 0 0 2 4
135 21 256 254 0 0 2 5
135 21 256 254 0 0 2 6
135 21 256 254 0 0 3 0
135 21 256 254 0 0 3 1
135 21 256 254 0 0 3 2
135 21 256 254 0 0 3 3
135 21 256 254 0 0 3 4
135 21 256 254 0 0 3 5
135 21 256 254 0 0 3 6
135 21 256 254 0 0 4 0
135 21 256 254 0 0 4 1
135 21 256 254 0 0 4 2
135 21 256 254 0 0 4 3
135 21 256 254 0 0 4 4
135 21 256 254 0 0 4 5
135 21 256 254 0 0 4 6
135 21 256 254 0 0 5 0
135 21 256 254 0 0 5 1
135 21 256 254 0 0 5 2
135 21 256 254 0 0 5 3
135 21 256 254 0 0 5 4
135 21 256 254 0 0 5 5
135 21 256 254 0 0 5 6
135 21 256 254 0 0 6 0
135 21 256 254 0 0 6 1
135 21 256 254 0 0 6 2
135 21 256 254 0 0 6 3
135 21 256 254 0 0 6 4
135 21 256 254 0 0 6 5
135 21 256 254 0 0 6 6
135 21 256 254 0 0 7 0
135 21 256 254 0 0 7 1
135 21 256 254 0 0 7 2
135 21 256 254 0 0 7 3
135 21 256 254 0 0 7 4
135 21 256 254 0 0 7 5
135 21 256 254 0 0 7 6
135 21 256 254 0 0 8 0
135 21 256 254 0 0 8 1
135 21 256 254 0 0 8 2
135 21 256 254 0 0 8 3
135 21 256 254 0 0 8 4
135 21 256 254 0 0 8 5
135 21 256 254 0 0 8 6
135 21 256 254 0 0 9 0
135 21 256 254 0 0 9 1
135 21 256 254 0 0 9 2
135 21 256 254 0 0 9 3
135 21 256 254 0 0 9 4
135 21 256 254 0 0 9 5
135 21 256 254 0 0 9 6
135 21 256 254 0 0 10 0
135 21 256 254 0 0 10 1
135 21 256 254 0 0 10 2
135 21 256 254 0 0 10 3
135 21 256 254 0 0 10 4
135 21 256 254 0 0 10 5
135 21 256 254 0 0 10 6
136 25 256 254 0 0 0 0
136 25 256 254 0 0 0 1
136 25 256 254 0 0 0 2
136 25 256 254 0 0 0 3
136 25 256 254 0 0 0 4
136 25 256 254 0 0 0 5
136 25 256 254 0 0 0 6
136 25 256 254 0 0 1 0
136 25 256 254 0 0 1 1
136 25 256 254 0 0 1 2
136 25 256 254 0 0 1 3
136 25 256 254 0 0 1 4
136 25 256 254 0 0 1 5
136 25 256 254 0 0 1 6
136 25 256 254 0 0 2 0
136 25 256 254 0 0 2 1
136 25 256 254 0 0 2 2
136 25 256 254 0 0 2 3
136 25 256 254 0 0 2 4
136 25 256 254 0 0 2 5
136 25 256 254 0 0 2 6
136 25 256 254 0 0 3 0
136 25 256 254 0 0 3 1
136 25 256 254 0 0 3 2
136 25 256 254 0 0 3 3
136 25 256 254 0 0 3 4
136 25 256 254 0 0 3 5
136 25 256 254 0 0 3 6
136 25 256 254 0 0 4 0
136 25 256 254 0 0 4 1
136 25 256 254 0 0 4 2
136 25 256 254 0 0 4 3
136 25 256 254 0 0 4 4
136 25 256 254 0 0 4 5
136 25 256 254 0 0 4 6
136 25 256 254 0 0 5 0
136 25 256 254 0 0 5 1
136 25 256 254 0 0 5 2
136 25 256 254 0 0 5 3
136 25 256 254 0 0 5 4
136 25 256 254 0 0 5 5
136 25 256 254 0 0 5 6
136 25 256 254 0 0 6 0
136 25 256 254 0 0 6 1
136 25 256 254 0 0 6 2
136 25 256 254 0 0 6 3
136 25 256 254 0 0 6 4
136 25 256 254 0 0 6 5
136 25 256 254 0 0 6 6
136 25 256 254 0 0 7 0
136 25 256 254 0 0 7 1
136 25 256 254 0 0 7 2
136 25 256 254 0 0 7 3
136 25 256 254 0 0 7 4
136 25 256 254 0 0 7 5
136 25 256 254 0 0 7 6
136 25 256 254 0 0 8 0
136 25 256 254 0 0 8 1
136 25 256 254 0 0 8 2
136 25 256 254 0 0 8 3
136 25 256 254 0 0 8 4
136 25 256 254 0 0 8 5
136 25 256 254 0 0 8 6
136 25 256 254 0 0 9 0
136 25 256 254 0 0 9 1
136 25 256 254 0 0 9 2
136 25 256 254 0 0 9 3
136 25 256 254 0 0 9 4
136 25 256 254 0 0 9 5
136 25 256 254 0 0 9 6
136 25 256 254 0 0 10 0
136 25 256 254 0 0 10 1
136 25 256 254 0 0 10 2
136 25 256 254 0 0 10 3
136 25 256 254 0 0 10 4
136 25 256 254 0 0 10 5
136 25 256 254 0 0 10 6
137 28 256 254 0 0 0 0
137 28 256 254 0 0 0 1
137 28 256 254 0 0 0 2
137 28 256 254 0 0 0 3
137 28 256 254 0 0 0 4
137 28 256 254 0 0 0 5
137 28 256 254 0 0 0 6
137 28 256 254 0 0 1 0
137 28 256 254 0 0 1 1
137 28 256 254 0 0 1 2
137 28 256 254 0 0 1 3
137 28 256 254 0 0 1 4
137 28 256 254 0 0 1 5
137 28 256 254 0 0 1 6
137 28 256 254 0 0 2 0
137 28 256 254 0 0 2 1
137 28 256 254 0 0 2 2
137 28 256 254 0 0 2 3
137 28 256 254 0 0 2 4
137 28 256 254 0 0 2 5
137 28 256 254 0 0 2 6
137 28 256 254 0 0 3 0
137 28 256 254 0 0 3 1
137 28 256 254 0 0 3 2
137 28 256 254 0 0 3 3
137 28 256 254 0 0 3 4
137 28 256 254 0 0 3 5
137 28 256 254 0 0 3 6
137 28 256 254 0 0 4 0
137 28 256 254 0 0 4 1
137 28 256 254 0 0 4 2
137 28 256 254 0 0 4 3
137 28 256 254 0 0 4 4
137 28 256 254 0 0 4 5
137 28 256 254 0 0 4 6
137 28 256 254 0 0 5 0
137 28 256 254 0 0 5 1
137 28 256 254 0 0 5 2
137 28 256 254 0 0 5 3
137 28 256 254 0 0 5 4
137 28 256 254 0 0 5 5
137 28 256 254 0 0 5 6
137 28 256 254 0 0 6 0
137 28 256 254 0 0 6 1
137 28 256 254 0 0 6 2
137 28 256 254 0 0 6 3
137 28 256 254 0 0 6 4
137 28 256 254 0 0 6 5
137 28 256 254 0 0 6 6
137 28 256 254 0 0 7 0
137 28 256 254 0 0 7 1
137 28 256 254 0 0 7 2
137 28 256 254 0 0 7 3
137 28 256 254 0 0 7 4
137 28 256 254 0 0 7 5
137 28 256 254 0 0 7 6
137 28 256 254 0 0 8 0
137 28 256 254 0 0 8 1
137 28 256 254 0 0 8 2
137 28 256 254 0 0 8 3
137 28 256 254 0 0 8 4
137 28 256 254 0 0 8 5
137 28 256 254 0 0 8 6
137 28 256 254 0 0 9 0
137 28 256 254 0 0 9 1
137 28 256 254 0 0 9 2
137 28 256 254 0 0 9 3
137 28 256 254 0 0 9 4
137 28 256 254 0 0 9 5
137 28 256 254 0 0 9 6
137 28 256 254 0 0 10 0
137 28 256 254 0 0 10 1
137 28 256 254 0 0 10 2
137 28 256 254 0 0 10 3
137 28 256 254 0 0 10 4
137 28 256 254 0 0 10 5
137 28 256 254 0 0 10 6
138 31 256 254 0 0 0 0
138 31 256 254 0 0 0 1
138 31 256 254 0 0 0 2
138 31 256 254 0 0 0 3
138 31 256 254 0 0 0 4
138 31 256 254 0 0 0 5
138 31 256 254 0 0 0 6
138 31 256 254 0 0 1 0
138 31 256 254 0 0 1 1
138 31 256 254 0 0 1 2
138 31 256 254 0 0 1 3
138 31 256 254 0 0 1 4
138 31 256 254 0 0 1 5
138 31 256 254 0 0 1 6
138 31 256 254 0 0 2 0
138 31 256 254 0 0 2 1
138 31 256 254 0 0 2 2
138 31 256 254 0 0 2 3
138 31 256 254 0 0 2 4
138 31 256 254 0 0 2 5
138 31 256 254 0 0 2 6
138 31 256 254 0 0 3 0
138 31 256 254 0 0 3 1
138 31 256 254 0 0 3 2
138 31 256 254 0 0 3 3
138 31 256 254 0 0 3 4
138 31 256 254 0 0 3 5
138 31 256 254 0 0 3 6
138 31 256 254 0 0 4 0
138 31 256 254 0 0 4 1
138 31 256 254 0 0 4 2
138 31 256 254 0 0 4 3
138 31 256 254 0 0 4 4
138 31 256 254 0 0 4 5
138 31 256 254 0 0 4 6
138 31 256 254 0 0 5 0
138 31 256 254 0 0 5 1
138 31 256 254 0 0 5 2
138 31 256 254 0 0 5 3
138 31 256 254 0 0 5 4
138 31 256 254 0 0 5 5
138 31 256 254 0 0 5 6
138 31 256 254 0 0 6 0
138 31 256 254 0 0 6 1
138 31 256 254 0 0 6 2
138 31 256 254 0 0 6 3
138 31 256 254 0 0 6 4
138 31 256 254 0 0 6 5
138 31 256 254 0 0 6 6
138 31 256 254 0 0 7 0
138 31 256 254 0 0 7 1
138 31 256 254 0 0 7 2
138 31 256 254 0 0 7 3
138 31 256 254 0 0 7 4
138 31 256 254 0 0 7 5
138 31 256 254 0 0 7 6
138 31 256 254 0 0 8 0
138 31 256 254 0 0 8 1
138 31 256 254 0 0 8 2
138 31 256 254 0 0 8 3
138 31 256 254 0 0 8 4
138 31 256 254 0 0 8 5
138 31 256 254 0 0 8 6
138 31 256 254 0 0 9 0
138 31 256 254 0 0 9 1
138 31 256 254 0 0 9 2
138 31 256 254 0 0 9 3
138 31 256 254 0 0 9 4
138 31 256 254 0 0 9 5
138 31 256 254 0 0 9 6
138 31 256 254 0 0 10 0
138 31 256 254 0 0 10 1
138 31 256 254 0 0 10 2
138 31 256 254 0 0 10 3
138 31 256 254 0 0 10 4
138 31 256 254 0 0 10 5
138 31 256 254 0 0 10 6
139 35 256 254 0 0 0 0
139 35 256 254 0 0 0 1
139 35 256 254 0 0 0 2
139 35 256 254 0 0 0 3
139 35 256 254 0 0 0 4
139 35 256 254 0 0 0 5
139 35 256 254 0 0 0 6
139 35 256 254 0 0 1 0
139 35 256 254 0 0 1 1
139 35 256 254 0 0 1 2
139 35 256 254 0 0 1 3
139 35 256 254 0 0 1 4
139 35 256 254 0 0 1 5
139 35 256 254 0 0 1 6
139 35 256 254 0 0 2 0
139 35 256 254 0 0 2 1
139 35 256 254 0 0 2 2
139 35 256 254 0 0 2 3
139 35 256 254 0 0 2 4
139 35 256 254 0 0 2 5
139 35 256 254 0 0 2 6
139 35 256 254 0 0 3 0
139 35 256 254 0 0 3 1
139 35 256 254 0 0 3 2
139 35 256 254 0 0 3 3
139 35 256 254 0 0 3 4
139 35 256 254 0 0 3 5
139 35 256 254 0 0 3 6
139 35 256 254 0 0 4 0
139 35 256 254 0 0 4 1
139 35 256 254 0 0 4 2
139 35 256 254 0 0 4 3
139 35 256 254 0 0 4 4
139 35 256 254 0 0 4 5
139 35 256 254 0 0 4 6
139 35 256 254 0 0 5 0
139 35 256 254 0 0 5 1
139 35 256 254 0 0 5 2
139 35 256 254 0 0 5 3
139 35 256 254 0 0 5 4
139 35 256 254 0 0 5 5
139 35 256 254 0 0 5 6
139 35 256 254 0 0 6 0
139 35 256 254 0 0 6 1
139 35 256 254 0 0 6 2
139 35 256 254 0 0 6 3
139 35 256 254 0 0 6 4
139 35 256 254 0 0 6 5
139 35 256 254 0 0 6 6
139 35 256 254 0 0 7 0
139 35 256 254 0 0 7 1
139 35 256 254 0 0 7 2
139 35 256 254 0 0 7 3
139 35 256 254 0 0 7 4
139 35 256 254 0 0 7 5
139 35 256 254 0 0 7 6
139 35 256 254 0 0 8 0
139 35 256 254 0 0 8 1
139 35 256 254 0 0 8 2
139 35 256 254 0 0 8 3
139 35 256 254 0 0 8 4
139 35 256 254 0 0 8 5
139 35 256 254 0 0 8 6
139 35 256 254 0 0 9 0
139 35 256 254 0 0 9 1
139 35 256 254 0 0 9 2
139 35 256 254 0 0 9 3
139 35 256 254 0 0 9 4
139 35 256 254 0 0 9 5
139 35 256 254 0 0 9 6
139 35 256 254 0 0 10 0
139 35 256 254 0 0 10 1
139 35 256 254 0 0 10 2
139 35 256 254 0 0 10 3
139 35 256 254 0 0 10 4
139 35 256 254 0 0 10 5
139 35 256 254 0 0 10 6
140 38 256 254 0 0 0 0
140 38 256 254 0 0 0 1
140 38 256 254 0 0 0 2
140 38 256 254 0 0 0 3
140 38 256 254 0 0 0 4
140 38 256 254 0 0 0 5
140 38 256 254 0 0 0 6
140 38 256 254 0 0 1 0
140 38 256 254 0 0 1 1
140 38 256 254 0 0 1 2
140 38 256 254 0 0 1 3
140 38 256 254 0 0 1 4
140 38 256 254 0 0 1 5
140 38 256 254 0 0 1 6
140 38 256 254 0 0 2 0
140 38 256 254 0 0 2 1
140 38 256 254 0 0 2 2
140 38 256 254 0 0 2 3
140 38 256 254 0 0 2 4
140 38 256 254 0 0 2 5
140 38 256 254 0 0 2 6
140 38 256 254 0 0 3 0
140 38 256 254 0 0 3 1
140 38 256 254 0 0 3 2
140 38 256 254 0 0 3 3
140 38 256 254 0 0 3 4
140 38 256 254 0 0 3 5
140 38 256 254 0 0 3 6
140 38 256 254 0 0 4 0
140 38 256 254 0 0 4 1
140 38 256 254 0 0 4 2
140 38 256 254 0 0 4 3
140 38 256 254 0 0 4 4
140 38 256 254 0 0 4 5
140 38 256 254 0 0 4 6
140 38 256 254 0 0 5 0
140 38 256 254 0 0 5 1
140 38 256 254 0 0 5 2
140 38 256 254 0 0 5 3
140 38 256 254 0 0 5 4
140 38 256 254 0 0 5 5
140 38 256 254 0 0 5 6
140 38 256 254 0 0 6 0
140 38 256 254 0 0 6 1
140 38 256 254 0 0 6 2
140 38 256 254 0 0 6 3
140 38 256 254 0 0 6 4
140 38 256 254 0 0 6 5
140 38 256 254 0 0 6 6
140 38 256 254 0 0 7 0
140 38 256 254 0 0 7 1
140 38 256 254 0 0 7 2
140 38 256 254 0 0 7 3
140 38 256 254 0 0 7 4
140 38 256 254 0 0 7 5
140 38 256 254 0 0 7 6
140 38 256 254 0 0 8 0
140 38 256 254 0 0 8 1
140 38 256 254 0 0 8 2
140 38 256 254 0 0 8 3
140 38 256 254 0 0 8 4
140 38 256 254 0 0 8 5
140 38 256 254 0 0 8 6
140 38 256 254 0 0 9 0
140 38 256 254 0 0 9 1
140 38 256 254 0 0 9 2
140 38 256 254 0 0 9 3
140 38 256 254 0 0 9 4
140 38 256 254 0 0 9 5
140 38 256 254 0 0 9 6
140 38 256 254 0 0 10 0
140 38 256 254 0 0 10 1
140 38 256 254 0 0 10 2
140 38 256 254 0 0 10 3
140 38 256 254 0 0 10 4
140 38 256 254 0 0 10 5
140 38 256 254 0 0 10 6
141 42 256 254 0 0 0 0
141 42 256 254 0 0 0 1
141 42 256 254 0 0 0 2
141 42 256 254 0 0 0 3
141 42 256 254 0 0 0 4
141 42 256 254 0 0 0 5
141 42 256 254 0 0 0 6
141 42 256 254 0 0 1 0
141 42 256 254 0 0 1 1
141 42 256 254 0 0 1 2
141 42 256 254 0 0 1 3
141 42 256 254 0 0 1 4
141 42 256 254 0 0 1 5
141 42 256 254 0 0 1 6
141 42 256 254 0 0 2 0
141 42 256 254 0 0 2 1
141 42 256 254 0 0 2 2
141 42 256 254 0 0 2 3
141 42 256 254 0 0 2 4
141 42 256 254 0 0 2 5
141 42 256 254 0 0 2 6
141 42 256 254 0 0 3 0
141 42 256 254 0 0 3 1
141 42 256 254 0 0 3 2
141 42 256 254 0 0 3 3
141 42 256 254 0 0 3 4
141 42 256 254 0 0 3 5
141 42 256 254 0 0 3 6
141 42 256 254 0 0 4 0
141 42 256 254 0 0 4 1
141 42 256 254 0 0 4 2
141 42 256 254 0 0 4 3
141 42 256 254 0 0 4 4
141 42 256 254 0 0 4 5
141 42 256 254 0 0 4 6
141 42 256 254 0 0 5 0
141 42 256 254 0 0 5 1
141 42 256 254 0 0 5 2
141 42 256 254 0 0 5 3
141 42 256 254 0 0 5 4
141 42 256 254 0 0 5 5
141 42 256 254 0 0 5 6
141 42 256 254 0 0 6 0
141 42 256 254 0 0 6 1
141 42 256 254 0 0 6 2
141 42 256 254 0 0 6 3
141 42 256 254 0 0 6 4
141 42 256 254 0 0 6 5
141 42 256 254 0 0 6 6
141 42 256 254 0 0 7 0
141 42 256 254 0 0 7 1
141 42 256 254 0 0 7 2
141 42 256 254 0 0 7 3
141 42 256 254 0 0 7 4
141 42 256 254 0 0 7 5
141 42 256 254 0 0 7 6
141 42 256 254 0 0 8 0
141 42 256 254 0 0 8 1
141 42 256 254 0 0 8 2
141 42 256 254 0 0 8 3
141 42 256 254 0 0 8 4
141 42 256 254 0 0 8 5
141 42 256 254 0 0 8 6
141 42 256 254 0 0 9 0
141 42 256 254 0 0 9 1
141 42 256 254 0 0 9 2
141 42 256 254 0 0 9 3
141 42 256 254 0 0 9 4
141 42 256 254 0 0 9 5
141 42 256 254 0 0 9 6
141 42 256 254 0 0 10 0
141 42 256 254 0 0 10 1
141 42 256 254 0 0 10 2
141 42 256 254 0 0 10 3
141 42 256 254 0 0 10 4
141 42 256 254 0 0 10 5
141 42 256 254 0 0 10 6
142 45 256 254 0 0 0 0
142 45 256 254 0 0 0 1
142 45 256 254 0 0 0 2
142 45 256 254 0 0 0 3
142 45 256 254 0 0 0 4
142 45 256 254 0 0 0 5
142 45 256 254 0 0 0 6
142 45 256 254 0 0 1 0
142 45 256 254 0 0 1 1
142 45 256 254 0 0 1 2
142 45 256 254 0 0 1 3
142 45 256 254 0 0 1 4
142 45 256 254 0 0 1 5
142 45 256 254 0 0 1 6
142 45 256 254 0 0 2 0
142 45 256 254 0 0 2 1
142 45 256 254 0 0 2 2
142 45 256 254 0 0 2 3
142 45 256 254 0 0 2 4
142 45 256 254 0 0 2 5
142 45 256 254 0 0 2 6
142 45 256 254 0 0 3 0
142 45 256 254 0 0 3 1
142 45 256 254 0 0 3 2
142 45 256 254 0 0 3 3
142 45 256 254 0 0 3 4
142 45 256 254 0 0 3 5
142 45 256 254 0 0 3 6
142 45 256 254 0 0 4 0
142 45 256 254 0 0 4 1
142 45 256 254 0 0 4 2
142 45 256 254 0 0 4 3
142 45 256 254 0 0 4 4
142 45 256 254 0 0 4 5
142 45 256 254 0 0 4 6
142 45 256 254 0 0 5 0
142 45 256 254 0 0 5 1
142 45 256 254 0 0 5 2
142 45 256 254 0 0 5 3
142 45 256 254 0 0 5 4
142 45 256 254 0 0 5 5
142 45 256 254 0 0 5 6
142 45 256 254 0 0 6 0
142 45 256 254 0 0 6 1
142 45 256 254 0 0 6 2
142 45 256 254 0 0 6 3
142 45 256 254 0 0 6 4
142 45 256 254 0 0 6 5
142 45 256 254 0 0 6 6
142 45 256 254 0 0 7 0
142 45 256 254 0 0 7 1
142 45 256 254 0 0 7 2
142 45 256 254 0 0 7 3
142 45 256 254 0 0 7 4
142 45 256 254 0 0 7 5
142 45 256 254 0 0 7 6
142 45 256 254 0 0 8 0
142 45 256 254 0 0 8 1
142 45 256 254 0 0 8 2
142 45 256 254 0 0 8 3
142 45 256 254 0 0 8 4
142 45 256 254 0 0 8 5
142 45 256 254 0 0 8 6
142 45 256 254 0 0 9 0
142 45 256 254 0 0 9 1
142 45 256 254 0 0 9 2
142 45 256 254 0 0 9 3
142 45 256 254 0 0 9 4
142 45 256 254 0 0 9 5
142 45 256 254 0 0 9 6
142 45 256 254 0 0 10 0
142 45 256 254 0 0 10 1
142 45 256 254 0 0 10 2
142 45 256 254 0 0 10 3
142 45 256 254 0 0 10 4
142 45 256 254 0 0 10 5
142 45 256 254 0 0 10 6
143 49 256 254 0 0 0 0
143 49 256 254 0 0 0 1
143 49 256 254 0 0 0 2
143 49 256 254 0 0 0 3
143 49 256 254 0 0 0 4
143 49 256 254 0 0 0 5
143 49 256 254 0 0 0 6
143 49 256 254 0 0 1 0
143 49 256 254 0 0 1 1
143 49 256 254 0 0 1 2
143 49 256 254 0 0 1 3
143 49 256 254 0 0 1 4
143 49 256 254 0 0 1 5
143 49 256 254 0 0 1 6
143 49 256 254 0 0 2 0
143 49 256 254 0 0 2 1
143 49 256 254 0 0 2 2
143 49 256 254 0 0 2 3
143 49 256 254 0 0 2 4
143 49 256 254 0 0 2 5
143 49 256 254 0 0 2 6
143 49 256 254 0 0 3 0
143 49 256 254 0 0 3 1
143 49 256 254 0 0 3 2
143 49 256 254 0 0 3 3
143 49 256 254 0 0 3 4
143 49 256 254 0 0 3 5
143 49 256 254 0 0 3 6
143 49 256 254 0 0 4 0
143 49 256 254 0 0 4 1
143 49 256 254 0 0 4 2
143 49 256 254 0 0 4 3
143 49 256 254 0 0 4 4
143 49 256 254 0 0 4 5
143 49 256 254 0 0 4 6
143 49 256 254 0 0 5 0
143 49 256 254 0 0 5 1
143 49 256 254 0 0 5 2
143 49 256 254 0 0 5 3
143 49 256 254 0 0 5 4
143 49 256 254 0 0 5 5
143 49 256 254 0 0 5 6
143 49 256 254 0 0 6 0
143 49 256 254 0 0 6 1
143 49 256 254 0 0 6 2
143 49 256 254 0 0 6 3
143 49 256 254 0 0 6 4
143 49 256 254 0 0 6 5
143 49 256 254 0 0 6 6
143 49 256 254 0 0 7 0
143 49 256 254 0 0 7 1
143 49 256 254 0 0 7 2
143 49 256 254 0 0 7 3
143 49 256 254 0 0 7 4
143 49 256 254 0 0 7 5
143 49 256 254 0 0 7 6
143 49 256 254 0 0 8 0
143 49 256 254 0 0 8 1
143 49 256 254 0 0 8 2
143 49 256 254 0 0 8 3
143 49 256 254 0 0 8 4
143 49 256 254 0 0 8 5
143 49 256 254 0 0 8 6
143 49 256 254 0 0 9 0
143 49 256 254 0 0 9 1
143 49 256 254 0 0 9 2
143 49 256 254 0 0 9 3
143 49 256 254 0 0 9 4
143 49 256 254 0 0 9 5
143 49 256 254 0 0 9 6
143 49 256 254 0 0 10 0
143 49 256 254 0 0 10 1
143 49 256 254 0 0 10 2
143 49 256 254 0 0 10 3
143 49 256 254 0 0 10 4
143 49 256 254 0 0 10 5
143 49 256 254 0 0 10 6
144 52 256 254 0 0 0 0
144 52 256 254 0 0 0 1
144 52 256 254 0 0 0 2
144 52 256 254 0 0 0 3
144 52 256 254 0 0 0 4
144 52 256 254 0 0 0 5
144 52 256 254 0 0 0 6
144 52 256 254 0 0 1 0
144 52 256 254 0 0 1 1
144 52 256 254 0 0 1 2
144 52 256 254 0 0 1 3
144 52 256 254 0 0 1 4
144 52 256 254 0 0 1 5
144 52 256 254 0 0 1 6
144 52 256 254 0 0 2 0
144 52 256 254 0 0 2 1
144 52 256 254 0 0 2 2
144 52 256 254 0 0 2 3
144 52 256 254 0 0 2 4
144 52 256 254 0 0 2 5
144 52 256 254 0 0 2 6
144 52 256 254 0 0 3 0
144 52 256 254 0 0 3 1
144 52 256 254 0 0 3 2
144 52 256 254 0 0 3 3
144 52 256 254 0 0 3 4
144 52 256 254 0 0 3 5
144 52 256 254 0 0 3 6
144 52 256 254 0 0 4 0
144 52 256 254 0 0 4 1
144 52 256 254 0 0 4 2
144 52 256 254 0 0 4 3
144 52 256 254 0 0 4 4
144 52 256 254 0 0 4 5
144 52 256 254 0 0 4 6
144 52 256 254 0 0 5 0
144 52 256 254 0 0 5 1
144 52 256 254 0 0 5 2
144 52 256 254 0 0 5 3
144 52 256 254 0 0 5 4
144 52 256 254 0 0 5 5
144 52 256 254 0 0 5 6
144 52 256 254 0 0 6 0
144 52 256 254 0 0 6 1
144 52 256 254 0 0 6 2
144 52 256 254 0 0 6 3
144 52 256 254 0 0 6 4
144 52 256 254 0 0 6 5
144 52 256 254 0 0 6 6
144 52 256 254 0 0 7 0
144 52 256 254 0 0 7 1
144 52 256 254 0 0 7 2
144 52 256 254 0 0 7 3
144 52 256 254 0 0 7 4
144 52 256 254 0 0 7 5
144 52 256 254 0 0 7 6
144 52 256 254 0 0 8 0
144 52 256 254 0 0 8 1
144 52 256 254 0 0 8 2
144 52 256 254 0 0 8 3
144 52 256 254 0 0 8 4
144 52 256 254 0 0 8 5
144 52 256 254 0 0 8 6
144 52 256 254 0 0 9 0
144 52 256 254 0 0 9 1
144 52 256 254 0 0 9 2
144 52 256 254 0 0 9 3
144 52 256 254 0 0 9 4
144 52 256 254 0 0 9 5
144 52 256 254 0 0 9 6
144 52 256 254 0 0 10 0
144 52 256 254 0 0 10 1
144 52 256 254 0 0 10 2
144 52 256 254 0 0 10 3
144 52 256 254 0 0 10 4
144 52 256 254 0 0 10 5
144 52 256 254 0 0 10 6
145 56 256 254 0 0 0 0
145 56 256 254 0 0 0 1
145 56 256 254 0 0 0 2
145 56 256 254 0 0 0 3
145 56 256 254 0 0 0 4
145 56 256 254 0 0 0 5
145 56 256 254 0 0 0 6
145 56 256 254 0 0 1 0
145 56 256 254 0 0 1 1
145 56 256 254 0 0 1 2
145 56 256 254 0 0 1 3
145 56 256 254 0 0 1 4
145 56 256 254 0 0 1 5
145 56 256 254 0 0 1 6
145 56 256 254 0 0 2 0
145 56 256 254 0 0 2 1
145 56 256 254 0 0 2 2
145 56 256 254 0 0 2 3
145 56 256 254 0 0 2 4
145 56 256 254 0 0 2 5
145 56 256 254 0 0 2 6
145 56 256 254 0 0 3 0
145 56 256 254 0 0 3 1
145 56 256 254 0 0 3 2
145 56 256 254 0 0 3 3
145 56 256 254 0 0 3 4
145 56 256 254 0 0 3 5
145 56 256 254 0 0 3 6
145 56 256 254 0 0 4 0
145 56 256 254 0 0 4 1
145 56 256 254 0 0 4 2
145 56 256 254 0 0 4 3
145 56 256 254 0 0 4 4
145 56 256 254 0 0 4 5
145 56 256 254 0 0 4 6
145 56 256 254 0 0 5 0
145 56 256 254 0 0 5 1
145 56 256 254 0 0 5 2
145 56 256 254 0 0 5 3
145 56 256 254 0 0 5 4
145 56 256 254 0 0 5 5
145 56 256 254 0 0 5 6
145 56 256 254 0 0 6 0
145 56 256 254 0 0 6 1
145 56 256 254 0 0 6 2
145 56 256 254 0 0 6 3
145 56 256 254 0 0 6 4
145 56 256 254 0 0 6 5
145 56 256 254 0 0 6 6
145 56 256 254 0 0 7 0
145 56 256 254 0 0 7 1
145 56 256 254 0 0 7 2
145 56 256 254 0 0 7 3
145 56 256 254 0 0 7 4
145 56 256 254 0 0 7 5
145 56 256 254 0 0 7 6
145 56 256 254 0 0 8 0
145 56 256 254 0 0 8 1
145 56 256 254 0 0 8 2
145 56 256 254 0 0 8 3
145 56 256 254 0 0 8 4
145 56 256 254 0 0 8 5
145 56 256 254 0 0 8 6
145 56 256 254 0 0 9 0
145 56 256 254 0 0 9 1
145 56 256 254 0 0 9 2
145 56 256 254 0 0 9 3
145 56 256 254 0 0 9 4
145 56 256 254 0 0 9 5
145 56 256 254 0 0 9 6
145 56 256 254 0 0 10 0
145 56 256 254 0 0 10 1
145 56 256 254 0 0 10 2
145 56 256 254 0 0 10 3
145 56 256 254 0 0 10 4
145 56 256 254 0 0 10 5
145 56 256 254 0 0 10 6
146 59 256 254 0 0 0 0
146 59 256 254 0 0 0 1
146 59 256 254 0 0 0 2
146 59 256 254 0 0 0 3
146 59 256 254 0 0 0 4
146 59 256 254 0 0 0 5
146 59 256 254 0 0 0 6
146 59 256 254 0 0 1 0
146 59 256 254 0 0 1 1
146 59 256 254 0 0 1 2
146 59 256 254 0 0 1 3
146 59 256 254 0 0 1 4
146 59 256 254 0 0 1 5
146 59 256 254 0 0 1 6
146 59 256 254 0 0 2 0
146 59 256 254 0 0 2 1
146 59 256 254 0 0 2 2
146 59 256 254 0 0 2 3
146 59 256 254 0 0 2 4
146 59 256 254 0 0 2 5
146 59 256 254 0 0 2 6
146 59 256 254 0 0 3 0
146 59 256 254 0 0 3 1
146 59 256 254 0 0 3 2
146 59 256 254 0 0 3 3
146 59 256 254 0 0 3 4
146 59 256 254 0 0 3 5
146 59 256 254 0 0 3 6
146 59 256 254 0 0 4 0
146 59 256 254 0 0 4 1
146 59 256 254 0 0 4 2
146 59 256 254 0 0 4 3
146 59 256 254 0 0 4 4
146 59 256 254 0 0 4 5
146 59 256 254 0 0 4 6
146 59 256 254 0 0 5 0
146 59 256 254 0 0 5 1
146 59 256 254 0 0 5 2
146 59 256 254 0 0 5 3
146 59 256 254 0 0 5 4
146 59 256 254 0 0 5 5
146 59 256 254 0 0 5 6
146 59 256 254 0 0 6 0
146 59 256 254 0 0 6 1
146 59 256 254 0 0 6 2
146 59 256 254 0 0 6 3
146 59 256 254 0 0 6 4
146 59 256 254 0 0 6 5
146 59 256 254 0 0 6 6
146 59 256 254 0 0 7 0
146 59 256 254 0 0 7 1
146 59 256 254 0 0 7 2
146 59 256 254 0 0 7 3
146 59 256 254 0 0 7 4
146 59 256 254 0 0 7 5
146 59 256 254 0 0 7 6
146 59 256 254 0 0 8 0
146 59 256 254 0 0 8 1
146 59 256 254 0 0 8 2
146 59 256 254 0 0 8 3
146 59 256 254 0 0 8 4
146 59 256 254 0 0 8 5
146 59 256 254 0 0 8 6
146 59 256 254 0 0 9 0
146 59 256 254 0 0 9 1
146 59 256 254 0 0 9 2
146 59 256 254 0 0 9 3
146 59 256 254 0 0 9 4
146 59 256 254 0 0 9 5
146 59 256 254 0 0 9 6
146 59 256 254 0 0 10 0
146 59 256 254 0 0 10 1
146 59 256 254 0 0 10 2
146 59 256 254 0 0 10 3
146 59 256 254 0 0 10 4
146 59 256 254 0 0 10 5
146 59 256 254 0 0 10 6
147 63 256 254 0 0 0 0
147 63 256 254 0 0 0 1
147 63 256 254 0 0 0 2
147 63 256 254 0 0 0 3
147 63 256 254 0 0 0 4
147 63 256 254 0 0 0 5
147 63 256 254 0 0 0 6
147 63 256 254 0 0 1 0
147 63 256 254 0 0 1 1
147 63 256 254 0 0 1 2
147 63 256 254 0 0 1 3
147 63 256 254 0 0 1 4
147 63 256 254 0 0 1 5
147 63 256 254 0 0 1 6
147 63 256 254 0 0 2 0
147 63 256 254 0 0 2 1
147 63 256 254 0 0 2 2
147 63 256 254 0 0 2 3
147 63 256 254 0 0 2 4
147 63 256 254 0 0 2 5
147 63 256 254 0 0 2 6
147 63 256 254 0 0 3 0
147 63 256 254 0 0 3 1
147 63 256 254 0 0 3 2
147 63 256 254 0 0 3 3
147 63 256 254 0 0 3 4
147 63 256 254 0 0 3 5
147 63 256 254 0 0 3 6
147 63 256 254 0 0 4 0
147 63 256 254 0 0 4 1
147 63 256 254 0 0 4 2
147 63 256 254 0 0 4 3
147 63 256 254 0 0 4 4
147 63 256 254 0 0 4 5
147 63 256 254 0 0 4 6
147 63 256 254 0 0 5 0
147 63 256 254 0 0 5 1
147 63 256 254 0 0 5 2
147 63 256 254 0 0 5 3
147 63 256 254 0 0 5 4
147 63 256 254 0 0 5 5
147 63 256 254 0 0 5 6
147 63 256 254 0 0 6 0
147 63 256 254 0 0 6 1
147 63 256 254 0 0 6 2
147 63 256 254 0 0 6 3
147 63 256 254 0 0 6 4
147 63 256 254 0 0 6 5
147 63 256 254 0 0 6 6
147 63 256 254 0 0 7 0
147 63 256 254 0 0 7 1
147 63 256 254 0 0 7 2
147 63 256 254 0 0 7 3
147 63 256 254 0 0 7 4
147 63 256 254 0 0 7 5
147 63 256 254 0 0 7 6
147 63 256 254 0 0 8 0
147 63 256 254 0 0 8 1
147 63 256 254 0 0 8 2
147 63 256 254 0 0 8 3
147 63 256 254 0 0 8 4
147 63 256 254 0 0 8 5
147 63 256 254 0 0 8 6
147 63 256 254 0 0 9 0
147 63 256 254 0 0 9 1
147 63 256 254 0 0 9 2
147 63 256 254 0 0 9 3
147 63 256 254 0 0 9 4
147 63 256 254 0 0 9 5
147 63 256 254 0 0 9 6
147 63 256 254 0 0 10 0
147 63 256 254 0 0 10 1
147 63 256 254 0 0 10 2
147 63 256 254 0 0 10 3
147 63 256 254 0 0 10 4
147 63 256 254 0 0 10 5
147 63 256 254 0 0 10 6
148 66 256 254 16 16 0 0
148 66 256 254 16 16 0 1
148 66 256 254 16 16 0 2
148 66 256 254 16 16 0 3
148 66 256 254 16 16 0 4
148 66 256 254 16 16 0 5
148 66 256 254 16 16 0 6
148 66 256 254 16 16 1 0
148 66 256 254 16 16 1 1
148 66 256 254 16 16 1 2
148 66 256 254 16 16 1 3
148 66 256 254 16 16 1 4
148 66 256 254 16 16 1 5
148 66 256 254 16 16 1 6
148 66 256 254 16 16 2 0
148 66 256 254 16 16 2 1
148 66 256 254 16 16 2 2
148 66 256 254 16 16 2 3
148 66 256 254 16 16 2 4
148 66 256 254 16 16 2 5
148 66 256 254 16 16 2 6
148 66 256 254 16 16 3 0
148 66 256 254 16 16 3 1
148 66 256 254 16 16 3 2
148 66 256 254 16 16 3 3
148 66 256 254 16 16 3 4
148 66 256 254 16 16 3 5
148 66 256 254 16 16 3 6
148 66 256 254 16 16 4 0
148 66 256 254 16 16 4 1
148 66 256 254 16 16 4 2
148 66 256 254 16 16 4 3
148 66 256 254 16 16 4 4
148 66 256 254 16 16 4 5
148 66 256 254 16 16 4 6
148 66 256 254 16 16 5 0
148 66 256 254 16 16 5 1
148 66 256 254 16 16 5 2
148 66 256 254 16 16 5 3
148 66 256 254 16 16 5 4
148 66 256 254 16 16 5 5
148 66 256 254 16 16 5 6
148 66 256 254 16 16 6 0
148 66 256 254 16 16 6 1
148 66 256 254 16 16 6 2
148 66 256 254 16 16 6 3
148 66 256 254 16 16 6 4
148 66 256 254 16 16 6 5
148 66 256 254 16 16 6 6
148 66 256 254 16 16 7 0
148 66 256 254 16 16 7 1
148 66 256 254 16 16 7 2
148 66 256 254 16 16 7 3
148 66 256 254 16 16 7 4
148 66 256 254 16 16 7 5
148 66 256 254 16 16 7 6
148 66 256 254 16 16 8 0
148 66 256 254 16 16 8 1
148 66 256 254 16 16 8 2
148 66 256 254 16 16 8 3
148 66 256 254 16 16 8 4
148 66 256 254 16 16 8 5
148 66 256 254 16 16 8 6
148 66 256 254 16 16 9 0
148 66 256 254 16 16 9 1
148 66 256 254 16 16 9 2
148 66 256 254 16 16 9 3
148 66 256 254 16 16 9 4
148 66 256 254 16 16 9 5
148 66 256 254 16 16 9 6
148 66 256 254 16 16 10 0
148 66 256 254 16 16 10 1
148 66 256 254 16 16 10 2
148 66 256 254 16 16 10 3
148 66 256 254 16 16 10 4
148 66 256 254 16 16 10 5
148 66 256 254 16 16 10 6
149 69 256 254 16 16 0 0
149 69 256 254 16 16 0 1
149 69 256 254 16 16 0 2
149 69 256 254 16 16 0 3
149 69 256 254 16 16 0 4
149 69 256 254 16 16 0 5
149 69 256 254 16 16 0 6
149 69 256 254 16 16 1 0
149 69 256 254 16 16 1 1
149 69 256 254 16 16 1 2
149 69 256 254 16 16 1 3
149 69 256 254 16 16 1 4
149 69 256 254 16 16 1 5
149 69 256 254 16 16 1 6
149 69 256 254 16 16 2 0
149 69 256 254 16 16 2 1
149 69 256 254 16 16 2 2
149 69 256 254 16 16 2 3
149 69 256 254 16 16 2 4
149 69 256 254 16 16 2 5
149 69 256 254 16 16 2 6
149 69 256 254 16 16 3 0
149 69 256 254 16 16 3 1
149 69 256 254 16 16 3 2
149 69 256 254 16 16 3 3
149 69 256 254 16 16 3 4
149 69 256 254 16 16 3 5
149 69 256 254 16 16 3 6
149 69 256 254 16 16 4 0
149 69 256 254 16 16 4 1
149 69 256 254 16 16 4 2
149 69 256 254 16 16 4 3
149 69 256 254 16 16 4 4
149 69 256 254 16 16 4 5
149 69 256 254 16 16 4 6
149 69 256 254 16 16 5 0
149 69 256 254 16 16 5 1
149 69 256 254 16 16 5 2
149 69 256 254 16 16 5 3
149 69 256 254 16 16 5 4
149 69 256 254 16 16 5 5
149 69 256 254 16 16 5 6
149 69 256 254 16 16 6 0
149 69 256 254 16 16 6 1
149 69 256 254 16 16 6 2
149 69 256 254 16 16 6 3
149 69 256 254 16 16 6 4
149 69 256 254 16 16 6 5
149 69 256 254 16 16 6 6
149 69 256 254 16 16 7 0
149 69 256 254 16 16 7 1
149 69 256 254 16 16 7 2
149 69 256 254 16 16 7 3
149 69 256 254 16 16 7 4
149 69 256 254 16 16 7 5
149 69 256 254 16 16 7 6
149 69 256 254 16 16 8 0
149 69 256 254 16 16 8 1
149 69 256 254 16 16 8 2
149 69 256 254 16 16 8 3
149 69 256 254 16 16 8 4
149 69 256 254 16 16 8 5
149 69 256 254 16 16 8 6
149 69 256 254 16 16 9 0
149 69 256 254 16 16 9 1
149 69 256 254 16 16 9 2
149 69 256 254 16 16 9 3
149 69 256 254 16 16 9 4
149 69 256 254 16 16 9 5
149 69 256 254 16 16 9 6
149 69 256 254 16 16 10 0
149 69 256 254 16 16 10 1
149 69 256 254 16 16 10 2
149 69 256 254 16 16 10 3
149 69 256 254 16 16 10 4
149 69 256 254 16 16 10 5
149 69 256 254 16 16 10 6
150 73 256 254 16 16 0 0
150 73 256 254 16 16 0 1
150 73 256 254 16 16 0 2
150 73 256 254 16 16 0 3
150 73 256 254 16 16 0 4
150 73 256 254 16 16 0 5
150 73 256 254 16 16 0 6
150 73 256 254 16 16 1 0
150 73 256 254 16 16 1 1
150 73 256 254 16 16 1 2
150 73 256 254 16 16 1 3
150 73 256 254 16 16 1 4
150 73 256 254 16 16 1 5
150 73 256 254 16 16 1 6
150 73 256 254 16 16 2 0
150 73 256 254 16 16 2 1
150 73 256 254 16 16 2 2
150 73 256 254 16 16 2 3
150 73 256 254 16 16 2 4
150 73 256 254 16 16 2 5
150 73 256 254 16 16 2 6
150 73 256 254 16 16 3 0
150 73 256 254 16 16 3 1
150 73 256 254 16 16 3 2
150 73 256 254 16 16 3 3
150 73 256 254 16 16 3 4
150 73 256 254 16 16 3 5
150 73 256 254 16 16 3 6
150 73 256 254 16 16 4 0
150 73 256 254 16 16 4 1
150 73 256 254 16 16 4 2
150 73 256 254 16 16 4 3
150 73 256 254 16 16 4 4
150 73 256 254 16 16 4 5
150 73 256 254 16 16 4 6
150 73 256 254 16 16 5 0
150 73 256 254 16 16 5 1
150 73 256 254 16 16 5 2
150 73 256 254 16 16 5 3
150 73 256 254 16 16 5 4
150 73 256 254 16 16 5 5
150 73 256 254 16 16 5 6
150 73 256 254 16 16 6 0
150 73 256 254 16 16 6 1
150 73 256 254 16 16 6 2
150 73 256 254 16 16 6 3
150 73 256 254 16 16 6 4
150 73 256 254 16 16 6 5
150 73 256 254 16 16 6 6
150 73 256 254 16 16 7 0
150 73 256 254 16 16 7 1
150 73 256 254 16 16 7 2
150 73 256 254 16 16 7 3
150 73 256 254 16 16 7 4
150 73 256 254 16 16 7 5
150 73 256 254 16 16 7 6
150 73 256 254 16 16 8 0
150 73 256 254 16 16 8 1
150 73 256 254 16 16 8 2
150 73 256 254 16 16 8 3
150 73 256 254 16 16 8 4
150 73 256 254 16 16 8 5
150 73 256 254 16 16 8 6
150 73 256 254 16 16 9 0
150 73 256 254 16 16 9 1
150 73 256 254 16 16 9 2
150 73 256 254 16 16 9 3
150 73 256 254 16 16 9 4
150 73 256 254 16 16 9 5
150 73 256 254 16 16 9 6
150 73 256 254 16 16 10 0
150 73 256 254 16 16 10 1
150 73 256 254 16 16 10 2
150 73 256 254 16 16 10 3
150 73 256 254 16 16 10 4
150 73 256 254 16 16 10 5
150 73 256 254 16 16 10 6
151 76 256 254 16 16 0 0
151 76 256 254 16 16 0 1
151 76 256 254 16 16 0 2
151 76 256 254 16 16 0 3
151 76 256 254 16 16 0 4
151 76 256 254 16 16 0 5
151 76 256 254 16 16 0 6
151 76 256 254 16 16 1 0
151 76 256 254 16 16 1 1
151 76 256 254 16 16 1 2
151 76 256 254 16 16 1 3
151 76 256 254 16 16 1 4
151 76 256 254 16 16 1 5
151 76 256 254 16 16 1 6
151 76 256 254 16 16 2 0
151 76 256 254 16 16 2 1
151 76 256 254 16 16 2 2
151 76 256 254 16 16 2 3
151 76 256 254 16 16 2 4
151 76 256 254 16 16 2 5
151 76 256 254 16 16 2 6
151 76 256 254 16 16 3 0
151 76 256 254 16 16 3 1
151 76 256 254 16 16 3 2
151 76 256 254 16 16 3 3
151 76 256 254 16 16 3 4
151 76 256 254 16 16 3 5
151 76 256 254 16 16 3 6
151 76 256 254 16 16 4 0
151 76 256 254 16 16 4 1
151 76 256 254 16 16 4 2
151 76 256 254 16 16 4 3
151 76 256 254 16 16 4 4
151 76 256 254 16 16 4 5
151 76 256 254 16 16 4 6
151 76 256 254 16 16 5 0
151 76 256 254 16 16 5 1
151 76 256 254 16 16 5 2
151 76 256 254 16 16 5 3
151 76 256 254 16 16 5 4
151 76 256 254 16 16 5 5
151 76 256 254 16 16 5 6
151 76 256 254 16 16 6 0
151 76 256 254 16 16 6 1
151 76 256 254 16 16 6 2
151 76 256 254 16 16 6 3
151 76 256 254 16 16 6 4
151 76 256 254 16 16 6 5
151 76 256 254 16 16 6 6
151 76 256 254 16 16 7 0
151 76 256 254 16 16 7 1
151 76 256 254 16 16 7 2
151 76 256 254 16 16 7 3
151 76 256 254 16 16 7 4
151 76 256 254 16 16 7 5
151 76 256 254 16 16 7 6
151 76 256 254 16 16 8 0
151 76 256 254 16 16 8 1
151 76 256 254 16 16 8 2
151 76 256 254 16 16 8 3
151 76 256 254 16 16 8 4
151 76 256 254 16 16 8 5
151 76 256 254 16 16 8 6
151 76 256 254 16 16 9 0
151 76 256 254 16 16 9 1
151 76 256 254 16 16 9 2
151 76 256 254 16 16 9 3
151 76 256 254 16 16 9 4
151 76 256 254 16 16 9 5
151 76 256 254 16 16 9 6
151 76 256 254 16 16 10 0
151 76 256 254 16 16 10 1
151 76 256 254 16 16 10 2
151 76 256 254 16 16 10 3
151 76 256 254 16 16 10 4
151 76 256 254 16 16 10 5
151 76 256 254 16 16 10 6
152 80 256 254 16 16 0 0
152 80 256 254 16 16 0 1
152 80 256 254 16 16 0 2
152 80 256 254 16 16 0 3
152 80 256 254 16 16 0 4
152 80 256 254 16 16 0 5
152 80 256 254 16 16 0 6
152 80 256 254 16 16 1 0
152 80 256 254 16 16 1 1
152 80 256 254 16 16 1 2
152 80 256 254 16 16 1 3
152 80 256 254 16 16 1 4
152 80 256 254 16 16 1 5
152 80 256 254 16 16 1 6
152 80 256 254 16 16 2 0
152 80 256 254 16 16 2 1
152 80 256 254 16 16 2 2
152 80 256 254 16 16 2 3
152 80 256 254 16 16 2 4
152 80 256 254 16 16 2 5
152 80 256 254 16 16 2 6
152 80 256 254 16 16 3 0
152 80 256 254 16 16 3 1
152 80 256 254 16 16 3 2
152 80 256 254 16 16 3 3
152 80 256 254 16 16 3 4
152 80 256 254 16 16 3 5
152 80 256 254 16 16 3 6
152 80 256 254 16 16 4 0
152 80 256 254 16 16 4 1
152 80 256 254 16 16 4 2
152 80 256 254 16 16 4 3
152 80 256 254 16 16 4 4
152 80 256 254 16 16 4 5
152 80 256 254 16 16 4 6
152 80 256 254 16 16 5 0
152 80 256 254 16 16 5 1
152 80 256 254 16 16 5 2
152 80 256 254 16 16 5 3
152 80 256 254 16 16 5 4
152 80 256 254 16 16 5 5
152 80 256 254 16 16 5 6
152 80 256 254 16 16 6 0
152 80 256 254 16 16 6 1
152 80 256 254 16 16 6 2
152 80 256 254 16 16 6 3
152 80 256 254 16 16 6 4
152 80 256 254 16 16 6 5
152 80 256 254 16 16 6 6
152 80 256 254 16 16 7 0
152 80 256 254 16 16 7 1
152 80 256 254 16 16 7 2
152 80 256 254 16 16 7 3
152 80 256 254 16 16 7 4
152 80 256 254 16 16 7 5
152 80 256 254 16 16 7 6
152 80 256 254 16 16 8 0
152 80 256 254 16 16 8 1
152 80 256 254 16 16 8 2
152 80 256 254 16 16 8 3
152 80 256 254 16 16 8 4
152 80 256 254 16 16 8 5
152 80 256 254 16 16 8 6
152 80 256 254 16 16 9 0
152 80 256 254 16 16 9 1
152 80 256 254 16 16 9 2
152 80 256 254 16 16 9 3
152 80 256 254 16 16 9 4
152 80 256 254 16 16 9 5
152 80 256 254 16 16 9 6
152 80 256 254 16 16 10 0
152 80 256 254 16 16 10 1
152 80 256 254 16 16 10 2
152 80 256 254 16 16 10 3
152 80 256 254 16 16 10 4
152 80 256 254 16 16 10 5
152 80 256 254 16 16 10 6
153 83 256 254 16 16 0 0
153 83 256 254 16 16 0 1
153 83 256 254 16 16 0 2
153 83 256 254 16 16 0 3
153 83 256 254 16 16 0 4
153 83 256 254 16 16 0 5
153 83 256 254 16 16 0 6
153 83 256 254 16 16 1 0
153 83 256 254 16 16 1 1
153 83 256 254 16 16 1 2
153 83 256 254 16 16 1 3
153 83 256 254 16 16 1 4
153 83 256 254 16 16 1 5
153 83 256 254 16 16 1 6
153 83 256 254 16 16 2 0
153 83 256 254 16 16 2 1
153 83 256 254 16 16 2 2
153 83 256 254 16 16 2 3
153 83 256 254 16 16 2 4
153 83 256 254 16 16 2 5
153 83 256 254 16 16 2 6
153 83 256 254 16 16 3 0
153 83 256 254 16 16 3 1
153 83 256 254 16 16 3 2
153 83 256 254 16 16 3 3
153 83 256 254 16 16 3 4
153 83 256 254 16 16 3 5
153 83 256 254 16 16 3 6
153 83 256 254 16 16 4 0
153 83 256 254 16 16 4 1
153 83 256 254 16 16 4 2
153 83 256 254 16 16 4 3
153 83 256 254 16 16 4 4
153 83 256 254 16 16 4 5
153 83 256 254 16 16 4 6
153 83 256 254 16 16 5 0
153 83 256 254 16 16 5 1
153 83 256 254 16 16 5 2
153 83 256 254 16 16 5 3
153 83 256 254 16 16 5 4
153 83 256 254 16 16 5 5
153 83 256 254 16 16 5 6
153 83 256 254 16 16 6 0
153 83 256 254 16 16 6 1
153 83 256 254 16 16 6 2
153 83 256 254 16 16 6 3
153 83 256 254 16 16 6 4
153 83 256 254 16 16 6 5
153 83 256 254 16 16 6 6
153 83 256 254 16 16 7 0
153 83 256 254 16 16 7 1
153 83 256 254 16 16 7 2
153 83 256 254 16 16 7 3
153 83 256 254 16 16 7 4
153 83 256 254 16 16 7 5
153 83 256 254 16 16 7 6
153 83 256 254 16 16 8 0
153 83 256 254 16 16 8 1
153 83 256 254 16 16 8 2
153 83 256 254 16 16 8 3
153 83 256 254 16 16 8 4
153 83 256 254 16 16 8 5
153 83 256 254 16 16 8 6
153 83 256 254 16 16 9 0
153 83 256 254 16 16 9 1
153 83 256 254 16 16 9 2
153 83 256 254 16 16 9 3
153 83 256 254 16 16 9 4
153 83 256 254 16 16 9 5
153 83 256 254 16 16 9 6
153 83 256 254 16 16 10 0
153 83 256 254 16 16 10 1
153 83 256 254 16 16 10 2
153 83 256 254 16 16 10 3
153 83 256 254 16 16 10 4
153 83 256 254 16 16 10 5
153 83 256 254 16 16 10 6
154 87 256 254 16 16 0 0
154 87 256 254 16 16 0 1
154 87 256 254 16 16 0 2
154 87 256 254 16 16 0 3
154 87 256 254 16 16 0 4
154 87 256 254 16 16 0 5
154 87 256 254 16 16 0 6
154 87 256 254 16 16 1 0
154 87 256 254 16 16 1 1
154 87 256 254 16 16 1 2
154 87 256 254 16 16 1 3
154 87 256 254 16 16 1 4
154 87 256 254 16 16 1 5
154 87 256 254 16 16 1 6
154 87 256 254 16 16 2 0
154 87 256 254 16 16 2 1
154 87 256 254 16 16 2 2
154 87 256 254 16 16 2 3
154 87 256 254 16 16 2 4
154 87 256 254 16 16 2 5
154 87 256 254 16 16 2 6
154 87 256 254 16 16 3 0
154 87 256 254 16 16 3 1
154 87 256 254 16 16 3 2
154 87 256 254 16 16 3 3
154 87 256 254 16 16 3 4
154 87 256 254 16 16 3 5
154 87 256 254 16 16 3 6
154 87 256 254 16 16 4 0
154 87 256 254 16 16 4 1
154 87 256 254 16 16 4 2
154 87 256 254 16 16 4 3
154 87 256 254 16 16 4 4
154 87 256 254 16 16 4 5
154 87 256 254 16 16 4 6
154 87 256 254 16 16 5 0
154 87 256 254 16 16 5 1
154 87 256 254 16 16 5 2
154 87 256 254 16 16 5 3
154 87 256 254 16 16 5 4
154 87 256 254 16 16 5 5
154 87 256 254 16 16 5 6
154 87 256 254 16 16 6 0
154 87 256 254 16 16 6 1
154 87 256 254 16 16 6 2
154 87 256 254 16 16 6 3
154 87 256 254 16 16 6 4
154 87 256 254 16 16 6 5
154 87 256 254 16 16 6 6
154 87 256 254 16 16 7 0
154 87 256 254 16 16 7 1
154 87 256 254 16 16 7 2
154 87 256 254 16 16 7 3
154 87 256 254 16 16 7 4
154 87 256 254 16 16 7 5
154 87 256 254 16 16 7 6
154 87 256 254 16 16 8 0
154 87 256 254 16 16 8 1
154 87 256 254 16 16 8 2
154 87 256 254 16 16 8 3
154 87 256 254 16 16 8 4
154 87 256 254 16 16 8 5
154 87 256 254 16 16 8 6
154 87 256 254 16 16 9 0
154 87 256 254 16 16 9 1
154 87 256 254 16 16 9 2
154 87 256 254 16 16 9 3
154 87 256 254 16 16 9 4
154 87 256 254 16 16 9 5
154 87 256 254 16 16 9 6
154 87 256 254 16 16 10 0
154 87 256 254 16 16 10 1
154 87 256 254 16 16 10 2
154 87 256 254 16 16 10 3
154 87 256 254 16 16 10 4
154 87 256 254 16 16 10 5
154 87 256 254 16 16 10 6
155 90 256 254 16 16 0 0
155 90 256 254 16 16 0 1
155 90 256 254 16 16 0 2
155 90 256 254 16 16 0 3
155 90 256 254 16 16 0 4
155 90 256 254 16 16 0 5
155 90 256 254 16 16 0 6
155 90 256 254 16 16 1 0
155 90 256 254 16 16 1 1
155 90 256 254 16 16 1 2
155 90 256 254 16 16 1 3
155 90 256 254 16 16 1 4
155 90 256 254 16 16 1 5
155 90 256 254 16 16 1 6
155 90 256 254 16 16 2 0
155 90 256 254 16 16 2 1
155 90 256 254 16 16 2 2
155 90 256 254 16 16 2 3
155 90 256 254 16 16 2 4
155 90 256 254 16 16 2 5
155 90 256 254 16 16 2 6
155 90 256 254 16 16 3 0
155 90 256 254 16 16 3 1
155 90 256 254 16 16 3 2
155 90 256 254 16 16 3 3
155 90 256 254 16 16 3 4
155 90 256 254 16 16 3 5
155 90 256 254 16 16 3 6
155 90 256 254 16 16 4 0
155 90 256 254 16 16 4 1
155 90 256 254 16 16 4 2
155 90 256 254 16 16 4 3
155 90 256 254 16 16 4 4
155 90 256 254 16 16 4 5
155 90 256 254 16 16 4 6
155 90 256 254 16 16 5 0
155 90 256 254 16 16 5 1
155 90 256 254 16 16 5 2
155 90 256 254 16 16 5 3
155 90 256 254 16 16 5 4
155 90 256 254 16 16 5 5
155 90 256 254 16 16 5 6
155 90 256 254 16 16 6 0
155 90 256 254 16 16 6 1
155 90 256 254 16 16 6 2
155 90 256 254 16 16 6 3
155 90 256 254 16 16 6 4
155 90 256 254 16 16 6 5
155 90 256 254 16 16 6 6
155 90 256 254 16 16 7 0
155 90 256 254 16 16 7 1
155 90 256 254 16 16 7 2
155 90 256 254 16 16 7 3
155 90 256 254 16 16 7 4
155 90 256 254 16 16 7 5
155 90 256 254 16 16 7 6
155 90 256 254 16 16 8 0
155 90 256 254 16 16 8 1
155 90 256 254 16 16 8 2
155 90 256 254 16 16 8 3
155 90 256 254 16 16 8 4
155 90 256 254 16 16 8 5
155 90 256 254 16 16 8 6
155 90 256 254 16 16 9 0
155 90 256 254 16 16 9 1
155 90 256 254 16 16 9 2
155 90 256 254 16 16 9 3
155 90 256 254 16 16 9 4
155 90 256 254 16 16 9 5
155 90 256 254 16 16 9 6
155 90 256 254 16 16 10 0
155 90 256 254 16 16 10 1
155 90 256 254 16 16 10 2
155 90 256 254 16 16 10 3
155 90 256 254 16 16 10 4
155 90 256 254 16 16 10 5
155 90 256 254 16 16 10 6
156 94 256 254 16 16 0 0
156 94 256 254 16 16 0 1
156 94 256 254 16 16 0 2
156 94 256 254 16 16 0 3
156 94 256 254 16 16 0 4
156 94 256 254 16 16 0 5
156 94 256 254 16 16 0 6
156 94 256 254 16 16 1 0
156 94 256 254 16 16 1 1
156 94 256 254 16 16 1 2
156 94 256 254 16 16 1 3
156 94 256 254 16 16 1 4
156 94 256 254 16 16 1 5
156 94 256 254 16 16 1 6
156 94 256 254 16 16 2 0
156 94 256 254 16 16 2 1
156 94 256 254 16 16 2 2
156 94 256 254 16 16 2 3
156 94 256 254 16 16 2 4
156 94 256 254 16 16 2 5
156 94 256 254 16 16 2 6
156 94 256 254 16 16 3 0
156 94 256 254 16 16 3 1
156 94 256 254 16 16 3 2
156 94 256 254 16 16 3 3
156 94 256 254 16 16 3 4
156 94 256 254 16 16 3 5
156 94 256 254 16 16 3 6
156 94 256 254 16 16 4 0
156 94 256 254 16 16 4 1
156 94 256 254 16 16 4 2
156 94 256 254 16 16 4 3
156 94 256 254 16 16 4 4
156 94 256 254 16 16 4 5
156 94 256 254 16 16 4 6
156 94 256 254 16 16 5 0
156 94 256 254 16 16 5 1
156 94 256 254 16 16 5 2
156 94 256 254 16 16 5 3
156 94 256 254 16 16 5 4
156 94 256 254 16 16 5 5
156 94 256 254 16 16 5 6
156 94 256 254 16 16 6 0
156 94 256 254 16 16 6 1
156 94 256 254 16 16 6 2
156 94 256 254 16 16 6 3
156 94 256 254 16 16 6 4
156 94 256 254 16 16 6 5
156 94 256 254 16 16 6 6
156 94 256 254 16 16 7 0
156 94 256 254 16 16 7 1
156 94 256 254 16 16 7 2
156 94 256 254 16 16 7 3
156 94 256 254 16 16 7 4
156 94 256 254 16 16 7 5
156 94 256 254 16 16 7 6
156 94 256 254 16 16 8 0
156 94 256 254 16 16 8 1
156 94 256 254 16 16 8 2
156 94 256 254 16 16 8 3
156 94 256 254 16 16 8 4
156 94 256 254 16 16 8 5
156 94 256 254 16 16 8 6
156 94 256 254 16 16 9 0
156 94 256 254 16 16 9 1
156 94 256 254 16 16 9 2
156 94 256 254 16 16 9 3
156 94 256 254 16 16 9 4
156 94 256 254 16 16 9 5
156 94 256 254 16 16 9 6
156 94 256 254 16 16 10 0
156 94 256 254 16 16 10 1
156 94 256 254 16 16 10 2
156 94 256 254 16 16 10 3
156 94 256 254 16 16 10 4
156 94 256 254 16 16 10 5
156 94 256 254 16 16 10 6
157 97 256 254 16 16 0 0
157 97 256 254 16 16 0 1
157 97 256 254 16 16 0 2
157 97 256 254 16 16 0 3
157 97 256 254 16 16 0 4
157 97 256 254 16 16 0 5
157 97 256 254 16 16 0 6
157 97 256 254 16 16 1 0
157 97 256 254 16 16 1 1
157 97 256 254 16 16 1 2
157 97 256 254 16 16 1 3
157 97 256 254 16 16 1 4
157 97 256 254 16 16 1 5
157 97 256 254 16 16 1 6
157 97 256 254 16 16 2 0
157 97 256 254 16 16 2 1
157 97 256 254 16 16 2 2
157 97 256 254 16 16 2 3
157 97 256 254 16 16 2 4
157 97 256 254 16 16 2 5
157 97 256 254 16 16 2 6
157 97 256 254 16 16 3 0
157 97 256 254 16 16 3 1
157 97 256 254 16 16 3 2
157 97 256 254 16 16 3 3
157 97 256 254 16 16 3 4
157 97 256 254 16 16 3 5
157 97 256 254 16 16 3 6
157 97 256 254 16 16 4 0
157 97 256 254 16 16 4 1
157 97 256 254 16 16 4 2
157 97 256 254 16 16 4 3
157 97 256 254 16 16 4 4
157 97 256 254 16 16 4 5
157 97 256 254 16 16 4 6
157 97 256 254 16 16 5 0
157 97 256 254 16 16 5 1
157 97 256 254 16 16 5 2
157 97 256 254 16 16 5 3
157 97 256 254 16 16 5 4
157 97 256 254 16 16 5 5
157 97 256 254 16 16 5 6
157 97 256 254 16 16 6 0
157 97 256 254 16 16 6 1
157 97 256 254 16 16 6 2
157 97 256 254 16 16 6 3
157 97 256 254 16 16 6 4
157 97 256 254 16 16 6 5
157 97 256 254 16 16 6 6
157 97 256 254 16 16 7 0
157 97 256 254 16 16 7 1
157 97 256 254 16 16 7 2
157 97 256 254 16 16 7 3
157 97 256 254 16 16 7 4
157 97 256 254 16 16 7 5
157 97 256 254 16 16 7 6
157 97 256 254 16 16 8 0
157 97 256 254 16 16 8 1
157 97 256 254 16 16 8 2
157 97 256 254 16 16 8 3
157 97 256 254 16 16 8 4
157 97 256 254 16 16 8 5
157 97 256 254 16 16 8 6
157 97 256 254 16 16 9 0
157 97 256 254 16 16 9 1
157 97 256 254 16 16 9 2
157 97 256 254 16 16 9 3
157 97 256 254 16 16 9 4
157 97 256 254 16 16 9 5
157 97 256 254 16 16 9 6
157 97 256 254 16 16 10 0
157 97 256 254 16 16 10 1
157 97 256 254 16 16 10 2
157 97 256 254 16 16 10 3
157 97 256 254 16 16 10 4
157 97 256 254 16 16 10 5
157 97 256 254 16 16 10 6
158 101 256 254 16 16 0 0
158 101 256 254 16 16 0 1
158 101 256 254 16 16 0 2
158 101 256 254 16 16 0 3
158 101 256 254 16 16 0 4
158 101 256 254 16 16 0 5
158 101 256 254 16 16 0 6
158 101 256 254 16 16 1 0
158 101 256 254 16 16 1 1
158 101 256 254 16 16 1 2
158 101 256 254 16 16 1 3
158 101 256 254 16 16 1 4
158 101 256 254 16 16 1 5
158 101 256 254 16 16 1 6
158 101 256 254 16 16 2 0
158 101 256 254 16 16 2 1
158 101 256 254 16 16 2 2
158 101 256 254 16 16 2 3
158 101 256 254 16 16 2 4
158 101 256 254 16 16 2 5
158 101 256 254 16 16 2 6
158 101 256 254 16 16 3 0
158 101 256 254 16 16 3 1
158 101 256 254 16 16 3 2
158 101 256 254 16 16 3 3
158 101 256 254 16 16 3 4
158 101 256 254 16 16 3 5
158 101 256 254 16 16 3 6
158 101 256 254 16 16 4 0
158 101 256 254 16 16 4 1
158 101 256 254 16 16 4 2
158 101 256 254 16 16 4 3
158 101 256 254 16 16 4 4
158 101 256 254 16 16 4 5
158 101 256 254 16 16 4 6
158 101 256 254 16 16 5 0
158 101 256 254 16 16 5 1
158 101 256 254 16 16 5 2
158 101 256 254 16 16 5 3
158 101 256 254 16 16 5 4
158 101 256 254 16 16 5 5
158 101 256 254 16 16 5 6
158 101 256 254 16 16 6 0
158 101 256 254 16 16 6 1
158 101 256 254 16 16 6 2
158 101 256 254 16 16 6 3
158 101 256 254 16 16 6 4
158 101 256 254 16 16 6 5
158 101 256 254 16 16 6 6
158 101 256 254 16 16 7 0
158 101 256 254 16 16 7 1
158 101 256 254 16 16 7 2
158 101 256 254 16 16 7 3
158 101 256 254 16 16 7 4
158 101 256 254 16 16 7 5
158 101 256 254 16 16 7 6
158 101 256 254 16 16 8 0
158 101 256 254 16 16 8 1
158 101 256 254 16 16 8 2
158 101 256 254 16 16 8 3
158 101 256 254 16 16 8 4
158 101 256 254 16 16 8 5
158 101 256 254 16 16 8 6
158 101 256 254 16 16 9 0
158 101 256 254 16 16 9 1
158 101 256 254 16 16 9 2
158 101 256 254 16 16 9 3
158 101 256 254 16 16 9 4
158 101 256 254 16 16 9 5
158 101 256 254 16 16 9 6
158 101 256 254 16 16 10 0
158 101 256 254 16 16 10 1
158 101 256 254 16 16 10 2
158 101 256 254 16 16 10 3
158 101 256 254 16 16 10 4
158 101 256 254 16 16 10 5
158 101 256 254 16 16 10 6
159 104 256 254 16 16 0 0
159 104 256 254 16 16 0 1
159 104 256 254 16 16 0 2
159 104 256 254 16 16 0 3
159 104 256 254 16 16 0 4
159 104 256 254 16 16 0 5
159 104 256 254 16 16 0 6
159 104 256 254 16 16 1 0
159 104 256 254 16 16 1 1
159 104 256 254 16 16 1 2
159 104 256 254 16 16 1 3
159 104 256 254 16 16 1 4
159 104 256 254 16 16 1 5
159 104 256 254 16 16 1 6
159 104 256 254 16 16 2 0
159 104 256 254 16 16 2 1
159 104 256 254 16 16 2 2
159 104 256 254 16 16 2 3
159 104 256 254 16 16 2 4
159 104 256 254 16 16 2 5
159 104 256 254 16 16 2 6
159 104 256 254 16 16 3 0
159 104 256 254 16 16 3 1
159 104 256 254 16 16 3 2
159 104 256 254 16 16 3 3
159 104 256 254 16 16 3 4
159 104 256 254 16 16 3 5
159 104 256 254 16 16 3 6
159 104 256 254 16 16 4 0
159 104 256 254 16 16 4 1
159 104 256 254 16 16 4 2
159 104 256 254 16 16 4 3
159 104 256 254 16 16 4 4
159 104 256 254 16 16 4 5
159 104 256 254 16 16 4 6
159 104 256 254 16 16 5 0
159 104 256 254 16 16 5 1
159 104 256 254 16 16 5 2
159 104 256 254 16 16 5 3
159 104 256 254 16 16 5 4
159 104 256 254 16 16 5 5
159 104 256 254 16 16 5 6
159 104 256 254 16 16 6 0
159 104 256 254 16 16 6 1
159 104 256 254 16 16 6 2
159 104 256 254 16 16 6 3
159 104 256 254 16 16 6 4
159 104 256 254 16 16 6 5
159 104 256 254 16 16 6 6
159 104 256 254 16 16 7 0
159 104 256 254 16 16 7 1
159 104 256 254 16 16 7 2
159 104 256 254 16 16 7 3
159 104 256 254 16 16 7 4
159 104 256 254 16 16 7 5
159 104 256 254 16 16 7 6
159 104 256 254 16 16 8 0
159 104 256 254 16 16 8 1
159 104 256 254 16 16 8 2
159 104 256 254 16 16 8 3
159 104 256 254 16 16 8 4
159 104 256 254 16 16 8 5
159 104 256 254 16 16 8 6
159 104 256 254 16 16 9 0
159 104 256 254 16 16 9 1
159 104 256 254 16 16 9 2
159 104 256 254 16 16 9 3
159 104 256 254 16 16 9 4
159 104 256 254 16 16 9 5
159 104 256 254 16 16 9 6
159 104 256 254 16 16 10 0
159 104 256 254 16 16 10 1
159 104 256 254 16 16 10 2
159 104 256 254 16 16 10 3
159 104 256 254 16 16 10 4
159 104 256 254 16 16 10 5
159 104 256 254 16 16 10 6
160 107 256 254 16 16 0 0
160 107 256 254 16 16 0 1
160 107 256 254 16 16 0 2
160 107 256 254 16 16 0 3
160 107 256 254 16 16 0 4
160 107 256 254 16 16 0 5
160 107 256 254 16 16 0 6
160 107 256 254 16 16 1 0
160 107 256 254 16 16 1 1
160 107 256 254 16 16 1 2
160 107 256 254 16 16 1 3
160 107 256 254 16 16 1 4
160 107 256 254 16 16 1 5
160 107 256 254 16 16 1 6
160 107 256 254 16 16 2 0
160 107 256 254 16 16 2 1
160 107 256 254 16 16 2 2
160 107 256 254 16 16 2 3
160 107 256 254 16 16 2 4
160 107 256 254 16 16 2 5
160 107 256 254 16 16 2 6
160 107 256 254 16 16 3 0
160 107 256 254 16 16 3 1
160 107 256 254 16 16 3 2
160 107 256 254 16 16 3 3
160 107 256 254 16 16 3 4
160 107 256 254 16 16 3 5
160 107 256 254 16 16 3 6
160 107 256 254 16 16 4 0
160 107 256 254 16 16 4 1
160 107 256 254 16 16 4 2
160 107 256 254 16 16 4 3
160 107 256 254 16 16 4 4
160 107 256 254 16 16 4 5
160 107 256 254 16 16 4 6
160 107 256 254 16 16 5 0
160 107 256 254 16 16 5 1
160 107 256 254 16 16 5 2
160 107 256 254 16 16 5 3
160 107 256 254 16 16 5 4
160 107 256 254 16 16 5 5
160 107 256 254 16 16 5 6
160 107 256 254 16 16 6 0
160 107 256 254 16 16 6 1
160 107 256 254 16 16 6 2
160 107 256 254 16 16 6 3
160 107 256 254 16 16 6 4
160 107 256 254 16 16 6 5
160 107 256 254 16 16 6 6
160 107 256 254 16 16 7 0
160 107 256 254 16 16 7 1
160 107 256 254 16 16 7 2
160 107 256 254 16 16 7 3
160 107 256 254 16 16 7 4
160 107 256 254 16 16 7 5
160 107 256 254 16 16 7 6
160 107 256 254 16 16 8 0
160 107 256 254 16 16 8 1
160 107 256 254 16 16 8 2
160 107 256 254 16 16 8 3
160 107 256 254 16 16 8 4
160 107 256 254 16 16 8 5
160 107 256 254 16 16 8 6
160 107 256 254 16 16 9 0
160 107 256 254 16 16 9 1
160 107 256 254 16 16 9 2
160 107 256 254 16 16 9 3
160 107 256 254 16 16 9 4
160 107 256 254 16 16 9 5
160 107 256 254 16 16 9 6
160 107 256 254 16 16 10 0
160 107 256 254 16 16 10 1
160 107 256 254 16 16 10 2
160 107 256 254 16 16 10 3
160 107 256 254 16 16 10 4
160 107 256 254 16 16 10 5
160 107 256 254 16 16 10 6
161 111 256 254 16 16 0 0
161 111 256 254 16 16 0 1
161 111 256 254 16 16 0 2
161 111 256 254 16 16 0 3
161 111 256 254 16 16 0 4
161 111 256 254 16 16 0 5
161 111 256 254 16 16 0 6
161 111 256 254 16 16 1 0
161 111 256 254 16 16 1 1
161 111 256 254 16 16 1 2
161 111 256 254 16 16 1 3
161 111 256 254 16 16 1 4
161 111 256 254 16 16 1 5
161 111 256 254 16 16 1 6
161 111 256 254 16 16 2 0
161 111 256 254 16 16 2 1
161 111 256 254 16 16 2 2
161 111 256 254 16 16 2 3
161 111 256 254 16 16 2 4
161 111 256 254 16 16 2 5
161 111 256 254 16 16 2 6
161 111 256 254 16 16 3 0
161 111 256 254 16 16 3 1
161 111 256 254 16 16 3 2
161 111 256 254 16 16 3 3
161 111 256 254 16 16 3 4
161 111 256 254 16 16 3 5
161 111 256 254 16 16 3 6
161 111 256 254 16 16 4 0
161 111 256 254 16 16 4 1
161 111 256 254 16 16 4 2
161 111 256 254 16 16 4 3
161 111 256 254 16 16 4 4
161 111 256 254 16 16 4 5
161 111 256 254 16 16 4 6
161 111 256 254 16 16 5 0
161 111 256 254 16 16 5 1
161 111 256 254 16 16 5 2
161 111 256 254 16 16 5 3
161 111 256 254 16 16 5 4
161 111 256 254 16 16 5 5
161 111 256 254 16 16 5 6
161 111 256 254 16 16 6 0
161 111 256 254 16 16 6 1
161 111 256 254 16 16 6 2
161 111 256 254 16 16 6 3
161 111 256 254 16 16 6 4
161 111 256 254 16 16 6 5
161 111 256 254 16 16 6 6
161 111 256 254 16 16 7 0
161 111 256 254 16 16 7 1
161 111 256 254 16 16 7 2
161 111 256 254 16 16 7 3
161 111 256 254 16 16 7 4
161 111 256 254 16 16 7 5
161 111 256 254 16 16 7 6
161 111 256 254 16 16 8 0
161 111 256 254 16 16 8 1
161 111 256 254 16 16 8 2
161 111 256 254 16 16 8 3
161 111 256 254 16 16 8 4
161 111 256 254 16 16 8 5
161 111 256 254 16 16 8 6
161 111 256 254 16 16 9 0
161 111 256 254 16 16 9 1
161 111 256 254 16 16 9 2
161 111 256 254 16 16 9 3
161 111 256 254 16 16 9 4
161 111 256 254 16 16 9 5
161 111 256 254 16 16 9 6
161 111 256 254 16 16 10 0
161 111 256 254 16 16 10 1
161 111 256 254 16 16 10 2
161 111 256 254 16 16 10 3
161 111 256 254 16 16 10 4
161 111 256 254 16 16 10 5
161 111 256 254 16 16 10 6
162 114 256 254 16 16 0 0
162 114 256 254 16 16 0 1
162 114 256 254 16 16 0 2
162 114 256 254 16 16 0 3
162 114 256 254 16 16 0 4
162 114 256 254 16 16 0 5
162 114 256 254 16 16 0 6
162 114 256 254 16 16 1 0
162 114 256 254 16 16 1 1
162 114 256 254 16 16 1 2
162 114 256 254 16 16 1 3
162 114 256 254 16 16 1 4
162 114 256 254 16 16 1 5
162 114 256 254 16 16 1 6
162 114 256 254 16 16 2 0
162 114 256 254 16 16 2 1
162 114 256 254 16 16 2 2
162 114 256 254 16 16 2 3
162 114 256 254 16 16 2 4
162 114 256 254 16 16 2 5
162 114 256 254 16 16 2 6
162 114 256 254 16 16 3 0
162 114 256 254 16 16 3 1
162 114 256 254 16 16 3 2
162 114 256 254 16 16 3 3
162 114 256 254 16 16 3 4
162 114 256 254 16 16 3 5
162 114 256 254 16 16 3 6
162 114 256 254 16 16 4 0
162 114 256 254 16 16 4 1
162 114 256 254 16 16 4 2
162 114 256 254 16 16 4 3
162 114 256 254 16 16 4 4
162 114 256 254 16 16 4 5
162 114 256 254 16 16 4 6
162 114 256 254 16 16 5 0
162 114 256 254 16 16 5 1
162 114 256 254 16 16 5 2
162 114 256 254 16 16 5 3
162 114 256 254 16 16 5 4
162 114 256 254 16 16 5 5
162 114 256 254 16 16 5 6
162 114 256 254 16 16 6 0
162 114 256 254 16 16 6 1
162 114 256 254 16 16 6 2
162 114 256 254 16 16 6 3
162 114 256 254 16 16 6 4
162 114 256 254 16 16 6 5
162 114 256 254 16 16 6 6
162 114 256 254 16 16 7 0
162 114 256 254 16 16 7 1
162 114 256 254 16 16 7 2
162 114 256 254 16 16 7 3
162 114 256 254 16 16 7 4
162 114 256 254 16 16 7 5
162 114 256 254 16 16 7 6
162 114 256 254 16 16 8 0
162 114 256 254 16 16 8 1
162 114 256 254 16 16 8 2
162 114 256 254 16 16 8 3
162 114 256 254 16 16 8 4
162 114 256 254 16 16 8 5
162 114 256 254 16 16 8 6
162 114 256 254 16 16 9 0
162 114 256 254 16 16 9 1
162 114 256 254 16 16 9 2
162 114 256 254 16 16 9 3
162 114 256 254 16 16 9 4
162 114 256 254 16 16 9 5
162 114 256 254 16 16 9 6
162 114 256 254 16 16 10 0
162 114 256 254 16 16 10 1
162 114 256 254 16 16 10 2
162 114 256 254 16 16 10 3
162 114 256 254 16 16 10 4
162 114 256 254 16 16 10 5
162 114 256 254 16 16 10 6
163 118 256 254 16 16 0 0
163 118 256 254 16 16 0 1
163 118 256 254 16 16 0 2
163 118 256 254 16 16 0 3
163 118 256 254 16 16 0 4
163 118 256 254 16 16 0 5
163 118 256 254 16 16 0 6
163 118 256 254 16 16 1 0
163 118 256 254 16 16 1 1
163 118 256 254 16 16 1 2
163 118 256 254 16 16 1 3
163 118 256 254 16 16 1 4
163 118 256 254 16 16 1 5
163 118 256 254 16 16 1 6
163 118 256 254 16 16 2 0
163 118 256 254 16 16 2 1
163 118 256 254 16 16 2 2
163 118 256 254 16 16 2 3
163 118 256 254 16 16 2 4
163 118 256 254 16 16 2 5
163 118 256 254 16 16 2 6
163 118 256 254 16 16 3 0
163 118 256 254 16 16 3 1
163 118 256 254 16 16 3 2
163 118 256 254 16 16 3 3
163 118 256 254 16 16 3 4
163 118 256 254 16 16 3 5
163 118 256 254 16 16 3 6
163 118 256 254 16 16 4 0
163 118 256 254 16 16 4 1
163 118 256 254 16 16 4 2
163 118 256 254 16 16 4 3
163 118 256 254 16 16 4 4
163 118 256 254 16 16 4 5
163 118 256 254 16 16 4 6
163 118 256 254 16 16 5 0
163 118 256 254 16 16 5 1
163 118 256 254 16 16 5 2
163 118 256 254 16 16 5 3
163 118 256 254 16 16 5 4
163 118 256 254 16 16 5 5
163 118 256 254 16 16 5 6
163 118 256 254 16 16 6 0
163 118 256 254 16 16 6 1
163 118 256 254 16 16 6 2
163 118 256 254 16 16 6 3
163 118 256 254 16 16 6 4
163 118 256 254 16 16 6 5
163 118 256 254 16 16 6 6
163 118 256 254 16 16 7 0
163 118 256 254 16 16 7 1
163 118 256 254 16 16 7 2
163 118 256 254 16 16 7 3
163 118 256 254 16 16 7 4
163 118 256 254 16 16 7 5
163 118 256 254 16 16 7 6
163 118 256 254 16 16 8 0
163 118 256 254 16 16 8 1
163 118 256 254 16 16 8 2
163 118 256 254 16 16 8 3
163 118 256 254 16 16 8 4
163 118 256 254 16 16 8 5
163 118 256 254 16 16 8 6
163 118 256 254 16 16 9 0
163 118 256 254 16 16 9 1
163 118 256 254 16 16 9 2
163 118 256 254 16 16 9 3
163 118 256 254 16 16 9 4
163 118 256 254 16 16 9 5
163 118 256 254 16 16 9 6
163 118 256 254 16 16 10 0
163 118 256 254 16 16 10 1
163 118 256 254 16 16 10 2
163 118 256 254 16 16 10 3
163 118 256 254 16 16 10 4
163 118 256 254 16 16 10 5
163 118 256 254 16 16 10 6
164 121 256 254 16 16 0 0
164 121 256 254 16 16 0 1
164 121 256 254 16 16 0 2
164 121 256 254 16 16 0 3
164 121 256 254 16 16 0 4
164 121 256 254 16 16 0 5
164 121 256 254 16 16 0 6
164 121 256 254 16 16 1 0
164 121 256 254 16 16 1 1
164 121 256 254 16 16 1 2
164 121 256 254 16 16 1 3
164 121 256 254 16 16 1 4
164 121 256 254 16 16 1 5
164 121 256 254 16 16 1 6
164 121 256 254 16 16 2 0
164 121 256 254 16 16 2 1
164 121 256 254 16 16 2 2
164 121 256 254 16 16 2 3
164 121 256 254 16 16 2 4
164 121 256 254 16 16 2 5
164 121 256 254 16 16 2 6
164 121 256 254 16 16 3 0
164 121 256 254 16 16 3 1
164 121 256 254 16 16 3 2
164 121 256 254 16 16 3 3
164 121 256 254 16 16 3 4
164 121 256 254 16 16 3 5
164 121 256 254 16 16 3 6
164 121 256 254 16 16 4 0
164 121 256 254 16 16 4 1
164 121 256 254 16 16 4 2
164 121 256 254 16 16 4 3
164 121 256 254 16 16 4 4
164 121 256 254 16 16 4 5
164 121 256 254 16 16 4 6
164 121 256 254 16 16 5 0
164 121 256 254 16 16 5 1
164 121 256 254 16 16 5 2
164 121 256 254 16 16 5 3
164 121 256 254 16 16 5 4
164 121 256 254 16 16 5 5
164 121 256 254 16 16 5 6
164 121 256 254 16 16 6 0
164 121 256 254 16 16 6 1
164 121 256 254 16 16 6 2
164 121 256 254 16 16 6 3
164 121 256 254 16 16 6 4
164 121 256 254 16 16 6 5
164 121 256 254 16 16 6 6
164 121 256 254 16 16 7 0
164 121 256 254 16 16 7 1
164 121 256 254 16 16 7 2
164 121 256 254 16 16 7 3
164 121 256 254 16 16 7 4
164 121 256 254 16 16 7 5
164 121 256 254 16 16 7 6
164 121 256 254 16 16 8 0
164 121 256 254 16 16 8 1
164 121 256 254 16 16 8 2
164 121 256 254 16 16 8 3
164 121 256 254 16 16 8 4
164 121 256 254 16 16 8 5
164 121 256 254 16 16 8 6
164 121 256 254 16 16 9 0
164 121 256 254 16 16 9 1
164 121 256 254 16 16 9 2
164 121 256 254 16 16 9 3
164 121 256 254 16 16 9 4
164 121 256 254 16 16 9 5
164 121 256 254 16 16 9 6
164 121 256 254 16 16 10 0
164 121 256 254 16 16 10 1
164 121 256 254 16 16 10 2
164 121 256 254 16 16 10 3
164 121 256 254 16 16 10 4
164 121 256 254 16 16 10 5
164 121 256 254 16 16 10 6
165 125 256 254 16 16 0 0
165 125 256 254 16 16 0 1
165 125 256 254 16 16 0 2
165 125 256 254 16 16 0 3
165 125 256 254 16 16 0 4
165 125 256 254 16 16 0 5
165 125 256 254 16 16 0 6
165 125 256 254 16 16 1 0
165 125 256 254 16 16 1 1
165 125 256 254 16 16 1 2
165 125 256 254 16 16 1 3
165 125 256 254 16 16 1 4
165 125 256 254 16 16 1 5
165 125 256 254 16 16 1 6
165 125 256 254 16 16 2 0
165 125 256 254 16 16 2 1
165 125 256 254 16 16 2 2
165 125 256 254 16 16 2 3
165 125 256 254 16 16 2 4
165 125 256 254 16 16 2 5
165 125 256 254 16 16 2 6
165 125 256 254 16 16 3 0
165 125 256 254 16 16 3 1
165 125 256 254 16 16 3 2
165 125 256 254 16 16 3 3
165 125 256 254 16 16 3 4
165 125 256 254 16 16 3 5
165 125 256 254 16 16 3 6
165 125 256 254 16 16 4 0
165 125 256 254 16 16 4 1
165 125 256 254 16 16 4 2
165 125 256 254 16 16 4 3
165 125 256 254 16 16 4 4
165 125 256 254 16 16 4 5
165 125 256 254 16 16 4 6
165 125 256 254 16 16 5 0
165 125 256 254 16 16 5 1
165 125 256 254 16 16 5 2
165 125 256 254 16 16 5 3
165 125 256 254 16 16 5 4
165 125 256 254 16 16 5 5
165 125 256 254 16 16 5 6
165 125 256 254 16 16 6 0
165 125 256 254 16 16 6 1
165 125 256 254 16 16 6 2
165 125 256 254 16 16 6 3
165 125 256 254 16 16 6 4
165 125 256 254 16 16 6 5
165 125 256 254 16 16 6 6
165 125 256 254 16 16 7 0
165 125 256 254 16 16 7 1
165 125 256 254 16 16 7 2
165 125 256 254 16 16 7 3
165 125 256 254 16 16 7 4
165 125 256 254 16 16 7 5
165 125 256 254 16 16 7 6
165 125 256 254 16 16 8 0
165 125 256 254 16 16 8 1
165 125 256 254 16 16 8 2
165 125 256 254 16 16 8 3
165 125 256 254 16 16 8 4
165 125 256 254 16 16 8 5
165 125 256 254 16 16 8 6
165 125 256 254 16 16 9 0
165 125 256 254 16 16 9 1
165 125 256 254 16 16 9 2
165 125 256 254 16 16 9 3
165 125 256 254 16 16 9 4
165 125 256 254 16 16 9 5
165 125 256 254 16 16 9 6
165 125 256 254 16 16 10 0
165 125 256 254 16 16 10 1
165 125 256 254 16 16 10 2
165 125 256 254 16 16 10 3
165 125 256 254 16 16 10 4
165 125 256 254 16 16 10 5
165 125 256 254 16 16 10 6
166 128 256 254 24 24 0 0
166 128 256 254 24 24 0 1
166 128 256 254 24 24 0 2
166 128 256 254 24 24 0 3
166 128 256 254 24 24 0 4
166 128 256 254 24 24 0 5
166 128 256 254 24 24 0 6
166 128 256 254 24 24 1 0
166 128 256 254 24 24 1 1
166 128 256 254 24 24 1 2
166 128 256 254 24 24 1 3
166 128 256 254 24 24 1 4
166 128 256 254 24 24 1 5
166 128 256 254 24 24 1 6
166 128 256 254 24 24 2 0
166 128 256 254 24 24 2 1
166 128 256 254 24 24 2 2
166 128 256 254 24 24 2 3
166 128 256 254 24 24 2 4
166 128 256 254 24 24 2 5
166 128 256 254 24 24 2 6
166 128 256 254 24 24 3 0
166 128 256 254 24 24 3 1
166 128 256 254 24 24 3 2
166 128 256 254 24 24 3 3
166 128 256 254 24 24 3 4
166 128 256 254 24 24 3 5
166 128 256 254 24 24 3 6
166 128 256 254 24 24 4 0
166 128 256 254 24 24 4 1
166 128 256 254 24 24 4 2
166 128 256 254 24 24 4 3
166 128 256 254 24 24 4 4
166 128 256 254 24 24 4 5
166 128 256 254 24 24 4 6
166 128 256 254 24 24 5 0
166 128 256 254 24 24 5 1
166 128 256 254 24 24 5 2
166 128 256 254 24 24 5 3
166 128 256 254 24 24 5 4
166 128 256 254 24 24 5 5
166 128 256 254 24 24 5 6
166 128 256 254 24 24 6 0
166 128 256 254 24 24 6 1
166 128 256 254 24 24 6 2
166 128 256 254 24 24 6 3
166 128 256 254 24 24 6 4
166 128 256 254 24 24 6 5
166 128 256 254 24 24 6 6
166 128 256 254 24 24 7 0
166 128 256 254 24 24 7 1
166 128 256 254 24 24 7 2
166 128 256 254 24 24 7 3
166 128 256 254 24 24 7 4
166 128 256 254 24 24 7 5
166 128 256 254 24 24 7 6
166 128 256 254 24 24 8 0
166 128 256 254 24 24 8 1
166 128 256 254 24 24 8 2
166 128 256 254 24 24 8 3
166 128 256 254 24 24 8 4
166 128 256 254 24 24 8 5
166 128 256 254 24 24 8 6
166 128 256 254 24 24 9 0
166 128 256 254 24 24 9 1
166 128 256 254 24 24 9 2
166 128 256 254 24 24 9 3
166 128 256 254 24 24 9 4
166 128 256 254 24 24 9 5
166 128 256 254 24 24 9 6
166 128 256 254 24 24 10 0
166 128 256 254 24 24 10 1
166 128 256 254 24 24 10 2
166 128 256 254 24 24 10 3
166 128 256 254 24 24 10 4
166 128 256 254 24 24 10 5
166 128 256 254 24 24 10 6
167 132 256 254 24 24 0 0
167 132 256 254 24 24 0 1
167 132 256 254 24 24 0 2
167 132 256 254 24 24 0 3
167 132 256 254 24 24 0 4
167 132 256 254 24 24 0 5
167 132 256 254 24 24 0 6
167 132 256 254 24 24 1 0
167 132 256 254 24 24 1 1
167 132 256 254 24 24 1 2
167 132 256 254 24 24 1 3
167 132 256 254 24 24 1 4
167 132 256 254 24 24 1 5
167 132 256 254 24 24 1 6
167 132 256 254 24 24 2 0
167 132 256 254 24 24 2 1
167 132 256 254 24 24 2 2
167 132 256 254 24 24 2 3
167 132 256 254 24 24 2 4
167 132 256 254 24 24 2 5
167 132 256 254 24 24 2 6
167 132 256 254 24 24 3 0
167 132 256 254 24 24 3 1
167 132 256 254 24 24 3 2
167 132 256 254 24 24 3 3
167 132 256 254 24 24 3 4
167 132 256 254 24 24 3 5
167 132 256 254 24 24 3 6
167 132 256 254 24 24 4 0
167 132 256 254 24 24 4 1
167 132 256 254 24 24 4 2
167 132 256 254 24 24 4 3
167 132 256 254 24 24 4 4
167 132 256 254 24 24 4 5
167 132 256 254 24 24 4 6
167 132 256 254 24 24 5 0
167 132 256 254 24 24 5 1
167 132 256 254 24 24 5 2
167 132 256 254 24 24 5 3
167 132 256 254 24 24 5 4
167 132 256 254 24 24 5 5
167 132 256 254 24 24 5 6
167 132 256 254 24 24 6 0
167 132 256 254 24 24 6 1
167 132 256 254 24 24 6 2
167 132 256 254 24 24 6 3
167 132 256 254 24 24 6 4
167 132 256 254 24 24 6 5
167 132 256 254 24 24 6 6
167 132 256 254 24 24 7 0
167 132 256 254 24 24 7 1
167 132 256 254 24 24 7 2
167 132 256 254 24 24 7 3
167 132 256 254 24 24 7 4
167 132 256 254 24 24 7 5
167 132 256 254 24 24 7 6
167 132 256 254 24 24 8 0
167 132 256 254 24 24 8 1
167 132 256 254 24 24 8 2
167 132 256 254 24 24 8 3
167 132 256 254 24 24 8 4
167 132 256 254 24 24 8 5
167 132 256 254 24 24 8 6
167 132 256 254 24 24 9 0
167 132 256 254 24 24 9 1
167 132 256 254 24 24 9 2
167 132 256 254 24 24 9 3
167 132 256 254 24 24 9 4
167 132 256 254 24 24 9 5
167 132 256 254 24 24 9 6
167 132 256 254 24 24 10 0
167 132 256 254 24 24 10 1
167 132 256 254 24 24 10 2
167 132 256 254 24 24 10 3
167 132 256 254 24 24 10 4
167 132 256 254 24 24 10 5
167 132 256 254 24 24 10 6
168 135 256 254 24 24 0 0
168 135 256 254 24 24 0 1
168 135 256 254 24 24 0 2
168 135 256 254 24 24 0 3
168 135 256 254 24 24 0 4
168 135 256 254 24 24 0 5
168 135 256 254 24 24 0 6
168 135 256 254 24 24 1 0
168 135 256 254 24 24 1 1
168 135 256 254 24 24 1 2
168 135 256 254 24 24 1 3
168 135 256 254 24 24 1 4
168 135 256 254 24 24 1 5
168 135 256 254 24 24 1 6
168 135 256 254 24 24 2 0
168 135 256 254 24 24 2 1
168 135 256 254 24 24 2 2
168 135 256 254 24 24 2 3
168 135 256 254 24 24 2 4
168 135 256 254 24 24 2 5
168 135 256 254 24 24 2 6
168 135 256 254 24 24 3 0
168 135 256 254 24 24 3 1
168 135 256 254 24 24 3 2
168 135 256 254 24 24 3 3
168 135 256 254 24 24 3 4
168 135 256 254 24 24 3 5
168 135 256 254 24 24 3 6
168 135 256 254 24 24 4 0
168 135 256 254 24 24 4 1
168 135 256 254 24 24 4 2
168 135 256 254 24 24 4 3
168 135 256 254 24 24 4 4
168 135 256 254 24 24 4 5
168 135 256 254 24 24 4 6
168 135 256 254 24 24 5 0
168 135 256 254 24 24 5 1
168 135 256 254 24 24 5 2
168 135 256 254 24 24 5 3
168 135 256 254 24 24 5 4
168 135 256 254 24 24 5 5
168 135 256 254 24 24 5 6
168 135 256 254 24 24 6 0
168 135 256 254 24 24 6 1
168 135 256 254 24 24 6 2
168 135 256 254 24 24 6 3
168 135 256 254 24 24 6 4
168 135 256 254 24 24 6 5
168 135 256 254 24 24 6 6
168 135 256 254 24 24 7 0
168 135 256 254 24 24 7 1
168 135 256 254 24 24 7 2
168 135 256 254 24 24 7 3
168 135 256 254 24 24 7 4
168 135 256 254 24 24 7 5
168 135 256 254 24 24 7 6
168 135 256 254 24 24 8 0
168 135 256 254 24 24 8 1
168 135 256 254 24 24 8 2
168 135 256 254 24 24 8 3
168 135 256 254 24 24 8 4
168 135 256 254 24 24 8 5
168 135 256 254 24 24 8 6
168 135 256 254 24 24 9 0
168 135 256 254 24 24 9 1
168 135 256 254 24 24 9 2
168 135 256 254 24 24 9 3
168 135 256 254 24 24 9 4
168 135 256 254 24 24 9 5
168 135 256 254 24 24 9 6
168 135 256 254 24 24 10 0
168 135 256 254 24 24 10 1
168 135 256 254 24 24 10 2
168 135 256 254 24 24 10 3
168 135 256 254 24 24 10 4
168 135 256 254 24 24 10 5
168 135 256 254 24 24 10 6
169 139 256 254 24 24 0 0
169 139 256 254 24 24 0 1
169 139 256 254 24 24 0 2
169 139 256 254 24 24 0 3
169 139 256 254 24 24 0 4
169 139 256 254 24 24 0 5
169 139 256 254 24 24 0 6
169 139 256 254 24 24 1 0
169 139 256 254 24 24 1 1
169 139 256 254 24 24 1 2
169 139 256 254 24 24 1 3
169 139 256 254 24 24 1 4
169 139 256 254 24 24 1 5
169 139 256 254 24 24 1 6
169 139 256 254 24 24 2 0
169 139 256 254 24 24 2 1
169 139 256 254 24 24 2 2
169 139 256 254 24 24 2 3
169 139 256 254 24 24 2 4
169 139 256 254 24 24 2 5
169 139 256 254 24 24 2 6
169 139 256 254 24 24 3 0
169 139 256 254 24 24 3 1
169 139 256 254 24 24 3 2
169 139 256 254 24 24 3 3
169 139 256 254 24 24 3 4
169 139 256 254 24 24 3 5
169 139 256 254 24 24 3 6
169 139 256 254 24 24 4 0
169 139 256 254 24 24 4 1
169 139 256 254 24 24 4 2
169 139 256 254 24 24 4 3
169 139 256 254 24 24 4 4
169 139 256 254 24 24 4 5
169 139 256 254 24 24 4 6
169 139 256 254 24 24 5 0
169 139 256 254 24 24 5 1
169 139 256 254 24 24 5 2
169 139 256 254 24 24 5 3
169 139 256 254 24 24 5 4
169 139 256 254 24 24 5 5
169 139 256 254 24 24 5 6
169 139 256 254 24 24 6 0
169 139 256 254 24 24 6 1
169 139 256 254 24 24 6 2
169 139 256 254 24 24 6 3
169 139 256 254 24 24 6 4
169 139 256 254 24 24 6 5
169 139 256 254 24 24 6 6
169 139 256 254 24 24 7 0
169 139 256 254 24 24 7 1
169 139 256 254 24 24 7 2
169 139 256 254 24 24 7 3
169 139 256 254 24 24 7 4
169 139 256 254 24 24 7 5
169 139 256 254 24 24 7 6
169 139 256 254 24 24 8 0
169 139 256 254 24 24 8 1
169 139 256 254 24 24 8 2
169 139 256 254 24 24 8 3
169 139 256 254 24 24 8 4
169 139 256 254 24 24 8 5
169 139 256 254 24 24 8 6
169 139 256 254 24 24 9 0
169 139 256 254 24 24 9 1
169 139 256 254 24 24 9 2
169 139 256 254 24 24 9 3
169 139 256 254 24 24 9 4
169 139 256 254 24 24 9 5
169 139 256 254 24 24 9 6
169 139 256 254 24 24 10 0
169 139 256 254 24 24 10 1
169 139 256 254 24 24 10 2
169 139 256 254 24 24 10 3
169 139 256 254 24 24 10 4
169 139 256 254 24 24 10 5
169 139 256 254 24 24 10 6
170 142 256 254 24 24 0 0
170 142 256 254 24 24 0 1
170 142 256 254 24 24 0 2
170 142 256 254 24 24 0 3
170 142 256 254 24 24 0 4
170 142 256 254 24 24 0 5
170 142 256 254 24 24 0 6
170 142 256 254 24 24 1 0
170 142 256 254 24 24 1 1
170 142 256 254 24 24 1 2
170 142 256 254 24 24 1 3
170 142 256 254 24 24 1 4
170 142 256 254 24 24 1 5
170 142 256 254 24 24 1 6
170 142 256 254 24 24 2 0
170 142 256 254 24 24 2 1
170 142 256 254 24 24 2 2
170 142 256 254 24 24 2 3
170 142 256 254 24 24 2 4
170 142 256 254 24 24 2 5
170 142 256 254 24 24 2 6
170 142 256 254 24 24 3 0
170 142 256 254 24 24 3 1
170 142 256 254 24 24 3 2
170 142 256 254 24 24 3 3
170 142 256 254 24 24 3 4
170 142 256 254 24 24 3 5
170 142 256 254 24 24 3 6
170 142 256 254 24 24 4 0
170 142 256 254 24 24 4 1
170 142 256 254 24 24 4 2
170 142 256 254 24 24 4 3
170 142 256 254 24 24 4 4
170 142 256 254 24 24 4 5
170 142 256 254 24 24 4 6
170 142 256 254 24 24 5 0
170 142 256 254 24 24 5 1
170 142 256 254 24 24 5 2
170 142 256 254 24 24 5 3
170 142 256 254 24 24 5 4
170 142 256 254 24 24 5 5
170 142 256 254 24 24 5 6
170 142 256 254 24 24 6 0
170 142 256 254 24 24 6 1
170 142 256 254 24 24 6 2
170 142 256 254 24 24 6 3
170 142 256 254 24 24 6 4
170 142 256 254 24 24 6 5
170 142 256 254 24 24 6 6
170 142 256 254 24 24 7 0
170 142 256 254 24 24 7 1
170 142 256 254 24 24 7 2
170 142 256 254 24 24 7 3
170 142 256 254 24 24 7 4
170 142 256 254 24 24 7 5
170 142 256 254 24 24 7 6
170 142 256 254 24 24 8 0
170 142 256 254 24 24 8 1
170 142 256 254 24 24 8 2
170 142 256 254 24 24 8 3
170 142 256 254 24 24 8 4
170 142 256 254 24 24 8 5
170 142 256 254 24 24 8 6
170 142 256 254 24 24 9 0
170 142 256 254 24 24 9 1
170 142 256 254 24 24 9 2
170 142 256 254 24 24 9 3
170 142 256 254 24 24 9 4
170 142 256 254 24 24 9 5
170 142 256 254 24 24 9 6
170 142 256 254 24 24 10 0
170 142 256 254 24 24 10 1
170 142 256 254 24 24 10 2
170 142 256 254 24 24 10 3
170 142 256 254 24 24 10 4
170 142 256 254 24 24 10 5
170 142 256 254 24 24 10 6
171 145 256 254 24 24 0 0
171 145 256 254 24 24 0 1
171 145 256 254 24 24 0 2
171 145 256 254 24 24 0 3
171 145 256 254 24 24 0 4
171 145 256 254 24 24 0 5
171 145 256 254 24 24 0 6
171 145 256 254 24 24 1 0
171 145 256 254 24 24 1 1
171 145 256 254 24 24 1 2
171 145 256 254 24 24 1 3
171 145 256 254 24 24 1 4
171 145 256 254 24 24 1 5
171 145 256 254 24 24 1 6
171 145 256 254 24 24 2 0
171 145 256 254 24 24 2 1
171 145 256 254 24 24 2 2
171 145 256 254 24 24 2 3
171 145 256 254 24 24 2 4
171 145 256 254 24 24 2 5
171 145 256 254 24 24 2 6
171 145 256 254 24 24 3 0
171 145 256 254 24 24 3 1
171 145 256 254 24 24 3 2
171 145 256 254 24 24 3 3
171 145 256 254 24 24 3 4
171 145 256 254 24 24 3 5
171 145 256 254 24 24 3 6
171 145 256 254 24 24 4 0
171 145 256 254 24 24 4 1
171 145 256 254 24 24 4 2
171 145 256 254 24 24 4 3
171 145 256 254 24 24 4 4
171 145 256 254 24 24 4 5
171 145 256 254 24 24 4 6
171 145 256 254 24 24 5 0
171 145 256 254 24 24 5 1
171 145 256 254 24 24 5 2
171 145 256 254 24 24 5 3
171 145 256 254 24 24 5 4
171 145 256 254 24 24 5 5
171 145 256 254 24 24 5 6
171 145 256 254 24 24 6 0
171 145 256 254 24 24 6 1
171 145 256 254 24 24 6 2
171 145 256 254 24 24 6 3
171 145 256 254 24 24 6 4
171 145 256 254 24 24 6 5
171 145 256 254 24 24 6 6
171 145 256 254 24 24 7 0
171 145 256 254 24 24 7 1
171 145 256 254 24 24 7 2
171 145 256 254 24 24 7 3
171 145 256 254 24 24 7 4
171 145 256 254 24 24 7 5
171 145 256 254 24 24 7 6
171 145 256 254 24 24 8 0
171 145 256 254 24 24 8 1
171 145 256 254 24 24 8 2
171 145 256 254 24 24 8 3
171 145 256 254 24 24 8 4
171 145 256 254 24 24 8 5
171 145 256 254 24 24 8 6
171 145 256 254 24 24 9 0
171 145 256 254 24 24 9 1
171 145 256 254 24 24 9 2
171 145 256 254 24 24 9 3
171 145 256 254 24 24 9 4
171 145 256 254 24 24 9 5
171 145 256 254 24 24 9 6
171 145 256 254 24 24 10 0
171 145 256 254 24 24 10 1
171 145 256 254 24 24 10 2
171 145 256 254 24 24 10 3
171 145 256 254 24 24 10 4
171 145 256 254 24 24 10 5
171 145 256 254 24 24 10 6
172 149 256 254 24 24 0 0
172 149 256 254 24 24 0 1
172 149 256 254 24 24 0 2
172 149 256 254 24 24 0 3
172 149 256 254 24 24 0 4
172 149 256 254 24 24 0 5
172 149 256 254 24 24 0 6
172 149 256 254 24 24 1 0
172 149 256 254 24 24 1 1
172 149 256 254 24 24 1 2
172 149 256 254 24 24 1 3
172 149 256 254 24 24 1 4
172 149 256 254 24 24 1 5
172 149 256 254 24 24 1 6
172 149 256 254 24 24 2 0
172 149 256 254 24 24 2 1
172 149 256 254 24 24 2 2
172 149 256 254 24 24 2 3
172 149 256 254 24 24 2 4
172 149 256 254 24 24 2 5
172 149 256 254 24 24 2 6
172 149 256 254 24 24 3 0
172 149 256 254 24 24 3 1
172 149 256 254 24 24 3 2
172 149 256 254 24 24 3 3
172 149 256 254 24 24 3 4
172 149 256 254 24 24 3 5
172 149 256 254 24 24 3 6
172 149 256 254 24 24 4 0
172 149 256 254 24 24 4 1
172 149 256 254 24 24 4 2
172 149 256 254 24 24 4 3
172 149 256 254 24 24 4 4
172 149 256 254 24 24 4 5
172 149 256 254 24 24 4 6
172 149 256 254 24 24 5 0
172 149 256 254 24 24 5 1
172 149 256 254 24 24 5 2
172 149 256 254 24 24 5 3
172 149 256 254 24 24 5 4
172 149 256 254 24 24 5 5
172 149 256 254 24 24 5 6
172 149 256 254 24 24 6 0
172 149 256 254 24 24 6 1
172 149 256 254 24 24 6 2
172 149 256 254 24 24 6 3
172 149 256 254 24 24 6 4
172 149 256 254 24 24 6 5
172 149 256 254 24 24 6 6
172 149 256 254 24 24 7 0
172 149 256 254 24 24 7 1
172 149 256 254 24 24 7 2
172 149 256 254 24 24 7 3
172 149 256 254 24 24 7 4
172 149 256 254 24 24 7 5
172 149 256 254 24 24 7 6
172 149 256 254 24 24 8 0
172 149 256 254 24 24 8 1
172 149 256 254 24 24 8 2
172 149 256 254 24 24 8 3
172 149 256 254 24 24 8 4
172 149 256 254 24 24 8 5
172 149 256 254 24 24 8 6
172 149 256 254 24 24 9 0
172 149 256 254 24 24 9 1
172 149 256 254 24 24 9 2
172 149 256 254 24 24 9 3
172 149 256 254 24 24 9 4
172 149 256 254 24 24 9 5
172 149 256 254 24 24 9 6
172 149 256 254 24 24 10 0
172 149 256 254 24 24 10 1
172 149 256 254 24 24 10 2
172 149 256 254 24 24 10 3
172 149 256 254 24 24 10 4
172 149 256 254 24 24 10 5
172 149 256 254 24 24 10 6
173 152 256 254 24 24 0 0
173 152 256 254 24 24 0 1
173 152 256 254 24 24 0 2
173 152 256 254 24 24 0 3
173 152 256 254 24 24 0 4
173 152 256 254 24 24 0 5
173 152 256 254 24 24 0 6
173 152 256 254 24 24 1 0
173 152 256 254 24 24 1 1
173 152 256 254 24 24 1 2
173 152 256 254 24 24 1 3
173 152 256 254 24 24 1 4
173 152 256 254 24 24 1 5
173 152 256 254 24 24 1 6
173 152 256 254 24 24 2 0
173 152 256 254 24 24 2 1
173 152 256 254 24 24 2 2
173 152 256 254 24 24 2 3
173 152 256 254 24 24 2 4
173 152 256 254 24 24 2 5
173 152 256 254 24 24 2 6
173 152 256 254 24 24 3 0
173 152 256 254 24 24 3 1
173 152 256 254 24 24 3 2
173 152 256 254 24 24 3 3
173 152 256 254 24 24 3 4
173 152 256 254 24 24 3 5
173 152 256 254 24 24 3 6
173 152 256 254 24 24 4 0
173 152 256 254 24 24 4 1
173 152 256 254 24 24 4 2
173 152 256 254 24 24 4 3
173 152 256 254 24 24 4 4
173 152 256 254 24 24 4 5
173 152 256 254 24 24 4 6
173 152 256 254 24 24 5 0
173 152 256 254 24 24 5 1
173 152 256 254 24 24 5 2
173 152 256 254 24 24 5 3
173 152 256 254 24 24 5 4
173 152 256 254 24 24 5 5
173 152 256 254 24 24 5 6
173 152 256 254 24 24 6 0
173 152 256 254 24 24 6 1
173 152 256 254 24 24 6 2
173 152 256 254 24 24 6 3
173 152 256 254 24 24 6 4
173 152 256 254 24 24 6 5
173 152 256 254 24 24 6 6
173 152 256 254 24 24 7 0
173 152 256 254 24 24 7 1
173 152 256 254 24 24 7 2
173 152 256 254 24 24 7 3
173 152 256 254 24 24 7 4
173 152 256 254 24 24 7 5
173 152 256 254 24 24 7 6
173 152 256 254 24 24 8 0
173 152 256 254 24 24 8 1
173 152 256 254 24 24 8 2
173 152 256 254 24 24 8 3
173 152 256 254 24 24 8 4
173 152 256 254 24 24 8 5
173 152 256 254 24 24 8 6
173 152 256 254 24 24 9 0
173 152 256 254 24 24 9 1
173 152 256 254 24 24 9 2
173 152 256 254 24 24 9 3
173 152 256 254 24 24 9 4
173 152 256 254 24 24 9 5
173 152 256 254 24 24 9 6
173 152 256 254 24 24 10 0
173 152 256 254 24 24 10 1
173 152 256 254 24 24 10 2
173 152 256 254 24 24 10 3
173 152 256 254 24 24 10 4
173 152 256 254 24 24 10 5
173 152 256 254 24 24 10 6
174 156 256 254 24 24 0 0
174 156 256 254 24 24 0 1
174 156 256 254 24 24 0 2
174 156 256 254 24 24 0 3
174 156 256 254 24 24 0 4
174 156 256 254 24 24 0 5
174 156 256 254 24 24 0 6
174 156 256 254 24 24 1 0
174 156 256 254 24 24 1 1
174 156 256 254 24 24 1 2
174 156 256 254 24 24 1 3
174 156 256 254 24 24 1 4
174 156 256 254 24 24 1 5
174 156 256 254 24 24 1 6
174 156 256 254 24 24 2 0
174 156 256 254 24 24 2 1
174 156 256 254 24 24 2 2
174 156 256 254 24 24 2 3
174 156 256 254 24 24 2 4
174 156 256 254 24 24 2 5
174 156 256 254 24 24 2 6
174 156 256 254 24 24 3 0
174 156 256 254 24 24 3 1
174 156 256 254 24 24 3 2
174 156 256 254 24 24 3 3
174 156 256 254 24 24 3 4
174 156 256 254 24 24 3 5
174 156 256 254 24 24 3 6
174 156 256 254 24 24 4 0
174 156 256 254 24 24 4 1
174 156 256 254 24 24 4 2
174 156 256 254 24 24 4 3
174 156 256 254 24 24 4 4
174 156 256 254 24 24 4 5
174 156 256 254 24 24 4 6
174 156 256 254 24 24 5 0
174 156 256 254 24 24 5 1
174 156 256 254 24 24 5 2
174 156 256 254 24 24 5 3
174 156 256 254 24 24 5 4
174 156 256 254 24 24 5 5
174 156 256 254 24 24 5 6
174 156 256 254 24 24 6 0
174 156 256 254 24 24 6 1
174 156 256 254 24 24 6 2
174 156 256 254 24 24 6 3
174 156 256 254 24 24 6 4
174 156 256 254 24 24 6 5
174 156 256 254 24 24 6 6
174 156 256 254 24 24 7 0
174 156 256 254 24 24 7 1
174 156 256 254 24 24 7 2
174 156 256 254 24 24 7 3
174 156 256 254 24 24 7 4
174 156 256 254 24 24 7 5
174 156 256 254 24 24 7 6
174 156 256 254 24 24 8 0
174 156 256 254 24 24 8 1
174 156 256 254 24 24 8 2
174 156 256 254 24 24 8 3
174 156 256 254 24 24 8 4
174 156 256 254 24 24 8 5
174 156 256 254 24 24 8 6
174 156 256 254 24 24 9 0
174 156 256 254 24 24 9 1
174 156 256 254 24 24 9 2
174 156 256 254 24 24 9 3
174 156 256 254 24 24 9 4
174 156 256 254 24 24 9 5
174 156 256 254 24 24 9 6
174 156 256 254 24 24 10 0
174 156 256 254 24 24 10 1
174 156 256 254 24 24 10 2
174 156 256 254 24 24 10 3
174 156 256 254 24 24 10 4
174 156 256 254 24 24 10 5
174 156 256 254 24 24 10 6
175 159 256 254 24 24 0 0
175 159 256 254 24 24 0 1
175 159 256 254 24 24 0 2
175 159 256 254 24 24 0 3
175 159 256 254 24 24 0 4
175 159 256 254 24 24 0 5
175 159 256 254 24 24 0 6
175 159 256 254 24 24 1 0
175 159 256 254 24 24 1 1
175 159 256 254 24 24 1 2
175 159 256 254 24 24 1 3
175 159 256 254 24 24 1 4
175 159 256 254 24 24 1 5
175 159 256 254 24 24 1 6
175 159 256 254 24 24 2 0
175 159 256 254 24 24 2 1
175 159 256 254 24 24 2 2
175 159 256 254 24 24 2 3
175 159 256 254 24 24 2 4
175 159 256 254 24 24 2 5
175 159 256 254 24 24 2 6
175 159 256 254 24 24 3 0
175 159 256 254 24 24 3 1
175 159 256 254 24 24 3 2
175 159 256 254 24 24 3 3
175 159 256 254 24 24 3 4
175 159 256 254 24 24 3 5
175 159 256 254 24 24 3 6
175 159 256 254 24 24 4 0
175 159 256 254 24 24 4 1
175 159 256 254 24 24 4 2
175 159 256 254 24 24 4 3
175 159 256 254 24 24 4 4
175 159 256 254 24 24 4 5
175 159 256 254 24 24 4 6
175 159 256 254 24 24 5 0
175 159 256 254 24 24 5 1
175 159 256 254 24 24 5 2
175 159 256 254 24 24 5 3
175 159 256 254 24 24 5 4
175 159 256 254 24 24 5 5
175 159 256 254 24 24 5 6
175 159 256 254 24 24 6 0
175 159 256 254 24 24 6 1
175 159 256 254 24 24 6 2
175 159 256 254 24 24 6 3
175 159 256 254 24 24 6 4
175 159 256 254 24 24 6 5
175 159 256 254 24 24 6 6
175 159 256 254 24 24 7 0
175 159 256 254 24 24 7 1
175 159 256 254 24 24 7 2
175 159 256 254 24 24 7 3
175 159 256 254 24 24 7 4
175 159 256 254 24 24 7 5
175 159 256 254 24 24 7 6
175 159 256 254 24 24 8 0
175 159 256 254 24 24 8 1
175 159 256 254 24 24 8 2
175 159 256 254 24 24 8 3
175 159 256 254 24 24 8 4
175 159 256 254 24 24 8 5
175 159 256 254 24 24 8 6
175 159 256 254 24 24 9 0
175 159 256 254 24 24 9 1
175 159 256 254 24 24 9 2
175 159 256 254 24 24 9 3
175 159 256 254 24 24 9 4
175 159 256 254 24 24 9 5
175 159 256 254 24 24 9 6
175 159 256 254 24 24 10 0
175 159 256 254 24 24 10 1
175 159 256 254 24 24 10 2
175 159 256 254 24 24 10 3
175 159 256 254 24 24 10 4
175 159 256 254 24 24 10 5
175 159 256 254 24 24 10 6
176 163 256 254 24 24 0 0
176 163 256 254 24 24 0 1
176 163 256 254 24 24 0 2
176 163 256 254 24 24 0 3
176 163 256 254 24 24 0 4
176 163 256 254 24 24 0 5
176 163 256 254 24 24 0 6
176 163 256 254 24 24 1 0
176 163 256 254 24 24 1 1
176 163 256 254 24 24 1 2
176 163 256 254 24 24 1 3
176 163 256 254 24 24 1 4
176 163 256 254 24 24 1 5
176 163 256 254 24 24 1 6
176 163 256 254 24 24 2 0
176 163 256 254 24 24 2 1
176 163 256 254 24 24 2 2
176 163 256 254 24 24 2 3
176 163 256 254 24 24 2 4
176 163 256 254 24 24 2 5
176 163 256 254 24 24 2 6
176 163 256 254 24 24 3 0
176 163 256 254 24 24 3 1
176 163 256 254 24 24 3 2
176 163 256 254 24 24 3 3
176 163 256 254 24 24 3 4
176 163 256 254 24 24 3 5
176 163 256 254 24 24 3 6
176 163 256 254 24 24 4 0
176 163 256 254 24 24 4 1
176 163 256 254 24 24 4 2
176 163 256 254 24 24 4 3
176 163 256 254 24 24 4 4
176 163 256 254 24 24 4 5
176 163 256 254 24 24 4 6
176 163 256 254 24 24 5 0
176 163 256 254 24 24 5 1
176 163 256 254 24 24 5 2
176 163 256 254 24 24 5 3
176 163 256 254 24 24 5 4
176 163 256 254 24 24 5 5
176 163 256 254 24 24 5 6
176 163 256 254 24 24 6 0
176 163 256 254 24 24 6 1
176 163 256 254 24 24 6 2
176 163 256 254 24 24 6 3
176 163 256 254 24 24 6 4
176 163 256 254 24 24 6 5
176 163 256 254 24 24 6 6
176 163 256 254 24 24 7 0
176 163 256 254 24 24 7 1
176 163 256 254 24 24 7 2
176 163 256 254 24 24 7 3
176 163 256 254 24 24 7 4
176 163 256 254 24 24 7 5
176 163 256 254 24 24 7 6
176 163 256 254 24 24 8 0
176 163 256 254 24 24 8 1
176 163 256 254 24 24 8 2
176 163 256 254 24 24 8 3
176 163 256 254 24 24 8 4
176 163 256 254 24 24 8 5
176 163 256 254 24 24 8 6
176 163 256 254 24 24 9 0
176 163 256 254 24 24 9 1
176 163 256 254 24 24 9 2
176 163 256 254 24 24 9 3
176 163 256 254 24 24 9 4
176 163 256 254 24 24 9 5
176 163 256 254 24 24 9 6
176 163 256 254 24 24 10 0
176 163 256 254 24 24 10 1
176 163 256 254 24 24 10 2
176 163 256 254 24 24 10 3
176 163 256 254 24 24 10 4
176 163 256 254 24 24 10 5
176 163 256 254 24 24 10 6
177 166 256 254 24 24 0 0
177 166 256 254 24 24 0 1
177 166 256 254 24 24 0 2
177 166 256 254 24 24 0 3
177 166 256 254 24 24 0 4
177 166 256 254 24 24 0 5
177 166 256 254 24 24 0 6
177 166 256 254 24 24 1 0
177 166 256 254 24 24 1 1
177 166 256 254 24 24 1 2
177 166 256 254 24 24 1 3
177 166 256 254 24 24 1 4
177 166 256 254 24 24 1 5
177 166 256 254 24 24 1 6
177 166 256 254 24 24 2 0
177 166 256 254 24 24 2 1
177 166 256 254 24 24 2 2
177 166 256 254 24 24 2 3
177 166 256 254 24 24 2 4
177 166 256 254 24 24 2 5
177 166 256 254 24 24 2 6
177 166 256 254 24 24 3 0
177 166 256 254 24 24 3 1
177 166 256 254 24 24 3 2
177 166 256 254 24 24 3 3
177 166 256 254 24 24 3 4
177 166 256 254 24 24 3 5
177 166 256 254 24 24 3 6
177 166 256 254 24 24 4 0
177 166 256 254 24 24 4 1
177 166 256 254 24 24 4 2
177 166 256 254 24 24 4 3
177 166 256 254 24 24 4 4
177 166 256 254 24 24 4 5
177 166 256 254 24 24 4 6
177 166 256 254 24 24 5 0
177 166 256 254 24 24 5 1
177 166 256 254 24 24 5 2
177 166 256 254 24 24 5 3
177 166 256 254 24 24 5 4
177 166 256 254 24 24 5 5
177 166 256 254 24 24 5 6
177 166 256 254 24 24 6 0
177 166 256 254 24 24 6 1
177 166 256 254 24 24 6 2
177 166 256 254 24 24 6 3
177 166 256 254 24 24 6 4
177 166 256 254 24 24 6 5
177 166 256 254 24 24 6 6
177 166 256 254 24 24 7 0
177 166 256 254 24 24 7 1
177 166 256 254 24 24 7 2
177 166 256 254 24 24 7 3
177 166 256 254 24 24 7 4
177 166 256 254 24 24 7 5
177 166 256 254 24 24 7 6
177 166 256 254 24 24 8 0
177 166 256 254 24 24 8 1
177 166 256 254 24 24 8 2
177 166 256 254 24 24 8 3
177 166 256 254 24 24 8 4
177 166 256 254 24 24 8 5
177 166 256 254 24 24 8 6
177 166 256 254 24 24 9 0
177 166 256 254 24 24 9 1
177 166 256 254 24 24 9 2
177 166 256 254 24 24 9 3
177 166 256 254 24 24 9 4
177 166 256 254 24 24 9 5
177 166 256 254 24 24 9 6
177 166 256 254 24 24 10 0
177 166 256 254 24 24 10 1
177 166 256 254 24 24 10 2
177 166 256 254 24 24 10 3
177 166 256 254 24 24 10 4
177 166 256 254 24 24 10 5
177 166 256 254 24 24 10 6
178 170 256 254 24 24 0 0
178 170 256 254 24 24 0 1
178 170 256 254 24 24 0 2
178 170 256 254 24 24 0 3
178 170 256 254 24 24 0 4
178 170 256 254 24 24 0 5
178 170 256 254 24 24 0 6
178 170 256 254 24 24 1 0
178 170 256 254 24 24 1 1
178 170 256 254 24 24 1 2
178 170 256 254 24 24 1 3
178 170 256 254 24 24 1 4
178 170 256 254 24 24 1 5
178 170 256 254 24 24 1 6
178 170 256 254 24 24 2 0
178 170 256 254 24 24 2 1
178 170 256 254 24 24 2 2
178 170 256 254 24 24 2 3
178 170 256 254 24 24 2 4
178 170 256 254 24 24 2 5
178 170 256 254 24 24 2 6
178 170 256 254 24 24 3 0
178 170 256 254 24 24 3 1
178 170 256 254 24 24 3 2
178 170 256 254 24 24 3 3
178 170 256 254 24 24 3 4
178 170 256 254 24 24 3 5
178 170 256 254 24 24 3 6
178 170 256 254 24 24 4 0
178 170 256 254 24 24 4 1
178 170 256 254 24 24 4 2
178 170 256 254 24 24 4 3
178 170 256 254 24 24 4 4
178 170 256 254 24 24 4 5
178 170 256 254 24 24 4 6
178 170 256 254 24 24 5 0
178 170 256 254 24 24 5 1
178 170 256 254 24 24 5 2
178 170 256 254 24 24 5 3
178 170 256 254 24 24 5 4
178 170 256 254 24 24 5 5
178 170 256 254 24 24 5 6
178 170 256 254 24 24 6 0
178 170 256 254 24 24 6 1
178 170 256 254 24 24 6 2
178 170 256 254 24 24 6 3
178 170 256 254 24 24 6 4
178 170 256 254 24 24 6 5
178 170 256 254 24 24 6 6
178 170 256 254 24 24 7 0
178 170 256 254 24 24 7 1
178 170 256 254 24 24 7 2
178 170 256 254 24 24 7 3
178 170 256 254 24 24 7 4
178 170 256 254 24 24 7 5
178 170 256 254 24 24 7 6
178 170 256 254 24 24 8 0
178 170 256 254 24 24 8 1
178 170 256 254 24 24 8 2
178 170 256 254 24 24 8 3
178 170 256 254 24 24 8 4
178 170 256 254 24 24 8 5
178 170 256 254 24 24 8 6
178 170 256 254 24 24 9 0
178 170 256 254 24 24 9 1
178 170 256 254 24 24 9 2
178 170 256 254 24 24 9 3
178 170 256 254 24 24 9 4
178 170 256 254 24 24 9 5
178 170 256 254 24 24 9 6
178 170 256 254 24 24 10 0
178 170 256 254 24 24 10 1
178 170 256 254 24 24 10 2
178 170 256 254 24 24 10 3
178 170 256 254 24 24 10 4
178 170 256 254 24 24 10 5
178 170 256 254 24 24 10 6
179 173 256 254 24 24 0 0
179 173 256 254 24 24 0 1
179 173 256 254 24 24 0 2
179 173 256 254 24 24 0 3
179 173 256 254 24 24 0 4
179 173 256 254 24 24 0 5
179 173 256 254 24 24 0 6
179 173 256 254 24 24 1 0
179 173 256 254 24 24 1 1
179 173 256 254 24 24 1 2
179 173 256 254 24 24 1 3
179 173 256 254 24 24 1 4
179 173 256 254 24 24 1 5
179 173 256 254 24 24 1 6
179 173 256 254 24 24 2 0
179 173 256 254 24 24 2 1
179 173 256 254 24 24 2 2
179 173 256 254 24 24 2 3
179 173 256 254 24 24 2 4
179 173 256 254 24 24 2 5
179 173 256 254 24 24 2 6
179 173 256 254 24 24 3 0
179 173 256 254 24 24 3 1
179 173 256 254 24 24 3 2
179 173 256 254 24 24 3 3
179 173 256 254 24 24 3 4
179 173 256 254 24 24 3 5
179 173 256 254 24 24 3 6
179 173 256 254 24 24 4 0
179 173 256 254 24 24 4 1
179 173 256 254 24 24 4 2
179 173 256 254 24 24 4 3
179 173 256 254 24 24 4 4
179 173 256 254 24 24 4 5
179 173 256 254 24 24 4 6
179 173 256 254 24 24 5 0
179 173 256 254 24 24 5 1
179 173 256 254 24 24 5 2
179 173 256 254 24 24 5 3
179 173 256 254 24 24 5 4
179 173 256 254 24 24 5 5
179 173 256 254 24 24 5 6
179 173 256 254 24 24 6 0
179 173 256 254 24 24 6 1
179 173 256 254 24 24 6 2
179 173 256 254 24 24 6 3
179 173 256 254 24 24 6 4
179 173 256 254 24 24 6 5
179 173 256 254 24 24 6 6
179 173 256 254 24 24 7 0
179 173 256 254 24 24 7 1
179 173 256 254 24 24 7 2
179 173 256 254 24 24 7 3
179 173 256 254 24 24 7 4
179 173 256 254 24 24 7 5
179 173 256 254 24 24 7 6
179 173 256 254 24 24 8 0
179 173 256 254 24 24 8 1
179 173 256 254 24 24 8 2
179 173 256 254 24 24 8 3
179 173 256 254 24 24 8 4
179 173 256 254 24 24 8 5
179 173 256 254 24 24 8 6
179 173 256 254 24 24 9 0
179 173 256 254 24 24 9 1
179 173 256 254 24 24 9 2
179 173 256 254 24 24 9 3
179 173 256 254 24 24 9 4
179 173 256 254 24 24 9 5
179 173 256 254 24 24 9 6
179 173 256 254 24 24 10 0
179 173 256 254 24 24 10 1
179 173 256 254 24 24 10 2
179 173 256 254 24 24 10 3
179 173 256 254 24 24 10 4
179 173 256 254 24 24 10 5
179 173 256 254 24 24 10 6
180 177 256 254 24 24 0 0
180 177 256 254 24 24 0 1
180 177 256 254 24 24 0 2
180 177 256 254 24 24 0 3
180 177 256 254 24 24 0 4
180 177 256 254 24 24 0 5
180 177 256 254 24 24 0 6
180 177 256 254 24 24 1 0
180 177 256 254 24 24 1 1
180 177 256 254 24 24 1 2
180 177 256 254 24 24 1 3
180 177 256 254 24 24 1 4
180 177 256 254 24 24 1 5
180 177 256 254 24 24 1 6
180 177 256 254 24 24 2 0
180 177 256 254 24 24 2 1
180 177 256 254 24 24 2 2
180 177 256 254 24 24 2 3
180 177 256 254 24 24 2 4
180 177 256 254 24 24 2 5
180 177 256 254 24 24 2 6
180 177 256 254 24 24 3 0
180 177 256 254 24 24 3 1
180 177 256 254 24 24 3 2
180 177 256 254 24 24 3 3
180 177 256 254 24 24 3 4
180 177 256 254 24 24 3 5
180 177 256 254 24 24 3 6
180 177 256 254 24 24 4 0
180 177 256 254 24 24 4 1
180 177 256 254 24 24 4 2
180 177 256 254 24 24 4 3
180 177 256 254 24 24 4 4
180 177 256 254 24 24 4 5
180 177 256 254 24 24 4 6
180 177 256 254 24 24 5 0
180 177 256 254 24 24 5 1
180 177 256 254 24 24 5 2
180 177 256 254 24 24 5 3
180 177 256 254 24 24 5 4
180 177 256 254 24 24 5 5
180 177 256 254 24 24 5 6
180 177 256 254 24 24 6 0
180 177 256 254 24 24 6 1
180 177 256 254 24 24 6 2
180 177 256 254 24 24 6 3
180 177 256 254 24 24 6 4
180 177 256 254 24 24 6 5
180 177 256 254 24 24 6 6
180 177 256 254 24 24 7 0
180 177 256 254 24 24 7 1
180 177 256 254 24 24 7 2
180 177 256 254 24 24 7 3
180 177 256 254 24 24 7 4
180 177 256 254 24 24 7 5
180 177 256 254 24 24 7 6
180 177 256 254 24 24 8 0
180 177 256 254 24 24 8 1
180 177 256 254 24 24 8 2
180 177 256 254 24 24 8 3
180 177 256 254 24 24 8 4
180 177 256 254 24 24 8 5
180 177 256 254 24 24 8 6
180 177 256 254 24 24 9 0
180 177 256 254 24 24 9 1
180 177 256 254 24 24 9 2
180 177 256 254 24 24 9 3
180 177 256 254 24 24 9 4
180 177 256 254 24 24 9 5
180 177 256 254 24 24 9 6
180 177 256 254 24 24 10 0
180 177 256 254 24 24 10 1
180 177 256 254 24 24 10 2
180 177 256 254 24 24 10 3
180 177 256 254 24 24 10 4
180 177 256 254 24 24 10 5
180 177 256 254 24 24 10 6
181 180 256 254 24 24 0 0
181 180 256 254 24 24 0 1
181 180 256 254 24 24 0 2
181 180 256 254 24 24 0 3
181 180 256 254 24 24 0 4
181 180 256 254 24 24 0 5
181 180 256 254 24 24 0 6
181 180 256 254 24 24 1 0
181 180 256 254 24 24 1 1
181 180 256 254 24 24 1 2
181 180 256 254 24 24 1 3
181 180 256 254 24 24 1 4
181 180 256 254 24 24 1 5
181 180 256 254 24 24 1 6
181 180 256 254 24 24 2 0
181 180 256 254 24 24 2 1
181 180 256 254 24 24 2 2
181 180 256 254 24 24 2 3
181 180 256 254 24 24 2 4
181 180 256 254 24 24 2 5
181 180 256 254 24 24 2 6
181 180 256 254 24 24 3 0
181 180 256 254 24 24 3 1
181 180 256 254 24 24 3 2
181 180 256 254 24 24 3 3
181 180 256 254 24 24 3 4
181 180 256 254 24 24 3 5
181 180 256 254 24 24 3 6
181 180 256 254 24 24 4 0
181 180 256 254 24 24 4 1
181 180 256 254 24 24 4 2
181 180 256 254 24 24 4 3
181 180 256 254 24 24 4 4
181 180 256 254 24 24 4 5
181 180 256 254 24 24 4 6
181 180 256 254 24 24 5 0
181 180 256 254 24 24 5 1
181 180 256 254 24 24 5 2
181 180 256 254 24 24 5 3
181 180 256 254 24 24 5 4
181 180 256 254 24 24 5 5
181 180 256 254 24 24 5 6
181 180 256 254 24 24 6 0
181 180 256 254 24 24 6 1
181 180 256 254 24 24 6 2
181 180 256 254 24 24 6 3
181 180 256 254 24 24 6 4
181 180 256 254 24 24 6 5
181 180 256 254 24 24 6 6
181 180 256 254 24 24 7 0
181 180 256 254 24 24 7 1
181 180 256 254 24 24 7 2
181 180 256 254 24 24 7 3
181 180 256 254 24 24 7 4
181 180 256 254 24 24 7 5
181 180 256 254 24 24 7 6
181 180 256 254 24 24 8 0
181 180 256 254 24 24 8 1
181 180 256 254 24 24 8 2
181 180 256 254 24 24 8 3
181 180 256 254 24 24 8 4
181 180 256 254 24 24 8 5
181 180 256 254 24 24 8 6
181 180 256 254 24 24 9 0
181 180 256 254 24 24 9 1
181 180 256 254 24 24 9 2
181 180 256 254 24 24 9 3
181 180 256 254 24 24 9 4
181 180 256 254 24 24 9 5
181 180 256 254 24 24 9 6
181 180 256 254 24 24 10 0
181 180 256 254 24 24 10 1
181 180 256 254 24 24 10 2
181 180 256 254 24 24 10 3
181 180 256 254 24 24 10 4
181 180 256 254 24 24 10 5
181 180 256 254 24 24 10 6
182 183 256 254 24 24 0 0
182 183 256 254 24 24 0 1
182 183 256 254 24 24 0 2
182 183 256 254 24 24 0 3
182 183 256 254 24 24 0 4
182 183 256 254 24 24 0 5
182 183 256 254 24 24 0 6
182 183 256 254 24 24 1 0
182 183 256 254 24 24 1 1
182 183 256 254 24 24 1 2
182 183 256 254 24 24 1 3
182 183 256 254 24 24 1 4
182 183 256 254 24 24 1 5
182 183 256 254 24 24 1 6
182 183 256 254 24 24 2 0
182 183 256 254 24 24 2 1
182 183 256 254 24 24 2 2
182 183 256 254 24 24 2 3
182 183 256 254 24 24 2 4
182 183 256 254 24 24 2 5
182 183 256 254 24 24 2 6
182 183 256 254 24 24 3 0
182 183 256 254 24 24 3 1
182 183 256 254 24 24 3 2
182 183 256 254 24 24 3 3
182 183 256 254 24 24 3 4
182 183 256 254 24 24 3 5
182 183 256 254 24 24 3 6
182 183 256 254 24 24 4 0
182 183 256 254 24 24 4 1
182 183 256 254 24 24 4 2
182 183 256 254 24 24 4 3
182 183 256 254 24 24 4 4
182 183 256 254 24 24 4 5
182 183 256 254 24 24 4 6
182 183 256 254 24 24 5 0
182 183 256 254 24 24 5 1
182 183 256 254 24 24 5 2
182 183 256 254 24 24 5 3
182 183 256 254 24 24 5 4
182 183 256 254 24 24 5 5
182 183 256 254 24 24 5 6
182 183 256 254 24 24 6 0
182 183 256 254 24 24 6 1
182 183 256 254 24 24 6 2
182 183 256 254 24 24 6 3
182 183 256 254 24 24 6 4
182 183 256 254 24 24 6 5
182 183 256 254 24 24 6 6
182 183 256 254 24 24 7 0
182 183 256 254 24 24 7 1
182 183 256 254 24 24 7 2
182 183 256 254 24 24 7 3
182 183 256 254 24 24 7 4
182 183 256 254 24 24 7 5
182 183 256 254 24 24 7 6
182 183 256 254 24 24 8 0
182 183 256 254 24 24 8 1
182 183 256 254 24 24 8 2
182 183 256 254 24 24 8 3
182 183 256 254 24 24 8 4
182 183 256 254 24 24 8 5
182 183 256 254 24 24 8 6
182 183 256 254 24 24 9 0
182 183 256 254 24 24 9 1
182 183 256 254 24 24 9 2
182 183 256 254 24 24 9 3
182 183 256 254 24 24 9 4
182 183 256 254 24 24 9 5
182 183 256 254 24 24 9 6
182 183 256 254 24 24 10 0
182 183 256 254 24 24 10 1
182 183 256 254 24 24 10 2
182 183 256 254 24 24 10 3
182 183 256 254 24 24 10 4
182 183 256 254 24 24 10 5
182 183 256 254 24 24 10 6
183 187 256 254 24 24 0 0
183 187 256 254 24 24 0 1
183 187 256 254 24 24 0 2
183 187 256 254 24 24 0 3
183 187 256 254 24 24 0 4
183 187 256 254 24 24 0 5
183 187 256 254 24 24 0 6
183 187 256 254 24 24 1 0
183 187 256 254 24 24 1 1
183 187 256 254 24 24 1 2
183 187 256 254 24 24 1 3
183 187 256 254 24 24 1 4
183 187 256 254 24 24 1 5
183 187 256 254 24 24 1 6
183 187 256 254 24 24 2 0
183 187 256 254 24 24 2 1
183 187 256 254 24 24 2 2
183 187 256 254 24 24 2 3
183 187 256 254 24 24 2 4
183 187 256 254 24 24 2 5
183 187 256 254 24 24 2 6
183 187 256 254 24 24 3 0
183 187 256 254 24 24 3 1
183 187 256 254 24 24 3 2
183 187 256 254 24 24 3 3
183 187 256 254 24 24 3 4
183 187 256 254 24 24 3 5
183 187 256 254 24 24 3 6
183 187 256 254 24 24 4 0
183 187 256 254 24 24 4 1
183 187 256 254 24 24 4 2
183 187 256 254 24 24 4 3
183 187 256 254 24 24 4 4
183 187 256 254 24 24 4 5
183 187 256 254 24 24 4 6
183 187 256 254 24 24 5 0
183 187 256 254 24 24 5 1
183 187 256 254 24 24 5 2
183 187 256 254 24 24 5 3
183 187 256 254 24 24 5 4
183 187 256 254 24 24 5 5
183 187 256 254 24 24 5 6
183 187 256 254 24 24 6 0
183 187 256 254 24 24 6 1
183 187 256 254 24 24 6 2
183 187 256 254 24 24 6 3
183 187 256 254 24 24 6 4
183 187 256 254 24 24 6 5
183 187 256 254 24 24 6 6
183 187 256 254 24 24 7 0
183 187 256 254 24 24 7 1
183 187 256 254 24 24 7 2
183 187 256 254 24 24 7 3
183 187 256 254 24 24 7 4
183 187 256 254 24 24 7 5
183 187 256 254 24 24 7 6
183 187 256 254 24 24 8 0
183 187 256 254 24 24 8 1
183 187 256 254 24 24 8 2
183 187 256 254 24 24 8 3
183 187 256 254 24 24 8 4
183 187 256 254 24 24 8 5
183 187 256 254 24 24 8 6
183 187 256 254 24 24 9 0
183 187 256 254 24 24 9 1
183 187 256 254 24 24 9 2
183 187 256 254 24 24 9 3
183 187 256 254 24 24 9 4
183 187 256 254 24 24 9 5
183 187 256 254 24 24 9 6
183 187 256 254 24 24 10 0
183 187 256 254 24 24 10 1
183 187 256 254 24 24 10 2
183 187 256 254 24 24 10 3
183 187 256 254 24 24 10 4
183 187 256 254 24 24 10 5
183 187 256 254 24 24 10 6
184 190 256 254 26 24 0 0
184 190 256 254 26 24 0 1
184 190 256 254 26 24 0 2
184 190 256 254 26 24 0 3
184 190 256 254 26 24 0 4
184 190 256 254 26 24 0 5
184 190 256 254 26 24 0 6
184 190 256 254 26 24 1 0
184 190 256 254 26 24 1 1
184 190 256 254 26 24 1 2
184 190 256 254 26 24 1 3
184 190 256 254 26 24 1 4
184 190 256 254 26 24 1 5
184 190 256 254 26 24 1 6
184 190 256 254 26 24 2 0
184 190 256 254 26 24 2 1
184 190 256 254 26 24 2 2
184 190 256 254 26 24 2 3
184 190 256 254 26 24 2 4
184 190 256 254 26 24 2 5
184 190 256 254 26 24 2 6
184 190 256 254 26 24 3 0
184 190 256 254 26 24 3 1
184 190 256 254 26 24 3 2
184 190 256 254 26 24 3 3
184 190 256 254 26 24 3 4
184 190 256 254 26 24 3 5
184 190 256 254 26 24 3 6
184 190 256 254 26 24 4 0
184 190 256 254 26 24 4 1
184 190 256 254 26 24 4 2
184 190 256 254 26 24 4 3
184 190 256 254 26 24 4 4
184 190 256 254 26 24 4 5
184 190 256 254 26 24 4 6
184 190 256 254 26 24 5 0
184 190 256 254 26 24 5 1
184 190 256 254 26 24 5 2
184 190 256 254 26 24 5 3
184 190 256 254 26 24 5 4
184 190 256 254 26 24 5 5
184 190 256 254 26 24 5 6
184 190 256 254 26 24 6 0
184 190 256 254 26 24 6 1
184 190 256 254 26 24 6 2
184 190 256 254 26 24 6 3
184 190 256 254 26 24 6 4
184 190 256 254 26 24 6 5
184 190 256 254 26 24 6 6
184 190 256 254 26 24 7 0
184 190 256 254 26 24 7 1
184 190 256 254 26 24 7 2
184 190 256 254 26 24 7 3
184 190 256 254 26 24 7 4
184 190 256 254 26 24 7 5
184 190 256 254 26 24 7 6
184 190 256 254 26 24 8 0
184 190 256 254 26 24 8 1
184 190 256 254 26 24 8 2
184 190 256 254 26 24 8 3
184 190 256 254 26 24 8 4
184 190 256 254 26 24 8 5
184 190 256 254 26 24 8 6
184 190 256 254 26 24 9 0
184 190 256 254 26 24 9 1
184 190 256 254 26 24 9 2
184 190 256 254 26 24 9 3
184 190 256 254 26 24 9 4
184 190 256 254 26 24 9 5
184 190 256 254 26 24 9 6
184 190 256 254 26 24 10 0
184 190 256 254 26 24 10 1
184 190 256 254 26 24 10 2
184 190 256 254 26 24 10 3
184 190 256 254 26 24 10 4
184 190 256 254 26 24 10 5
184 190 256 254 26 24 10 6
185 194 256 254 31 28 0 0
185 194 256 254 31 28 0 1
185 194 256 254 31 28 0 2
185 194 256 254 31 28 0 3
185 194 256 254 31 28 0 4
185 194 256 254 31 28 0 5
185 194 256 254 31 28 0 6
185 194 256 254 31 28 1 0
185 194 256 254 31 28 1 1
185 194 256 254 31 28 1 2
185 194 256 254 31 28 1 3
185 194 256 254 31 28 1 4
185 194 256 254 31 28 1 5
185 194 256 254 31 28 1 6
185 194 256 254 31 28 2 0
185 194 256 254 31 28 2 1
185 194 256 254 31 28 2 2
185 194 256 254 31 28 2 3
185 194 256 254 31 28 2 4
185 194 256 254 31 28 2 5
185 194 256 254 31 28 2 6
185 194 256 254 31 28 3 0
185 194 256 254 31 28 3 1
185 194 256 254 31 28 3 2
185 194 256 254 31 28 3 3
185 194 256 254 31 28 3 4
185 194 256 254 31 28 3 5
185 194 256 254 31 28 3 6
185 194 256 254 31 28 4 0
185 194 256 254 31 28 4 1
185 194 256 254 31 28 4 2
185 194 256 254 31 28 4 3
185 194 256 254 31 28 4 4
185 194 256 254 31 28 4 5
185 194 256 254 31 28 4 6
185 194 256 254 31 28 5 0
185 194 256 254 31 28 5 1
185 194 256 254 31 28 5 2
185 194 256 254 31 28 5 3
185 194 256 254 31 28 5 4
185 194 256 254 31 28 5 5
185 194 256 254 31 28 5 6
185 194 256 254 31 28 6 0
185 194 256 254 31 28 6 1
185 194 256 254 31 28 6 2
185 194 256 254 31 28 6 3
185 194 256 254 31 28 6 4
185 194 256 254 31 28 6 5
185 194 256 254 31 28 6 6
185 194 256 254 31 28 7 0
185 194 256 254 31 28 7 1
185 194 256 254 31 28 7 2
185 194 256 254 31 28 7 3
185 194 256 254 31 28 7 4
185 194 256 254 31 28 7 5
185 194 256 254 31 28 7 6
185 194 256 254 31 28 8 0
185 194 256 254 31 28 8 1
185 194 256 254 31 28 8 2
185 194 256 254 31 28 8 3
185 194 256 254 31 28 8 4
185 194 256 254 31 28 8 5
185 194 256 254 31 28 8 6
185 194 256 254 31 28 9 0
185 194 256 254 31 28 9 1
185 194 256 254 31 28 9 2
185 194 256 254 31 28 9 3
185 194 256 254 31 28 9 4
185 194 256 254 31 28 9 5
185 194 256 254 31 28 9 6
185 194 256 254 31 28 10 0
185 194 256 254 31 28 10 1
185 194 256 254 31 28 10 2
185 194 256 254 31 28 10 3
185 194 256 254 31 28 10 4
185 194 256 254 31 28 10 5
185 194 256 254 31 28 10 6
186 197 256 254 31 28 0 0
186 197 256 254 31 28 0 1
186 197 256 254 31 28 0 2
186 197 256 254 31 28 0 3
186 197 256 254 31 28 0 4
186 197 256 254 31 28 0 5
186 197 256 254 31 28 0 6
186 197 256 254 31 28 1 0
186 197 256 254 31 28 1 1
186 197 256 254 31 28 1 2
186 197 256 254 31 28 1 3
186 197 256 254 31 28 1 4
186 197 256 254 31 28 1 5
186 197 256 254 31 28 1 6
186 197 256 254 31 28 2 0
186 197 256 254 31 28 2 1
186 197 256 254 31 28 2 2
186 197 256 254 31 28 2 3
186 197 256 254 31 28 2 4
186 197 256 254 31 28 2 5
186 197 256 254 31 28 2 6
186 197 256 254 31 28 3 0
186 197 256 254 31 28 3 1
186 197 256 254 31 28 3 2
186 197 256 254 31 28 3 3
186 197 256 254 31 28 3 4
186 197 256 254 31 28 3 5
186 197 256 254 31 28 3 6
186 197 256 254 31 28 4 0
186 197 256 254 31 28 4 1
186 197 256 254 31 28 4 2
186 197 256 254 31 28 4 3
186 197 256 254 31 28 4 4
186 197 256 254 31 28 4 5
186 197 256 254 31 28 4 6
186 197 256 254 31 28 5 0
186 197 256 254 31 28 5 1
186 197 256 254 31 28 5 2
186 197 256 254 31 28 5 3
186 197 256 254 31 28 5 4
186 197 256 254 31 28 5 5
186 197 256 254 31 28 5 6
186 197 256 254 31 28 6 0
186 197 256 254 31 28 6 1
186 197 256 254 31 28 6 2
186 197 256 254 31 28 6 3
186 197 256 254 31 28 6 4
186 197 256 254 31 28 6 5
186 197 256 254 31 28 6 6
186 197 256 254 31 28 7 0
186 197 256 254 31 28 7 1
186 197 256 254 31 28 7 2
186 197 256 254 31 28 7 3
186 197 256 254 31 28 7 4
186 197 256 254 31 28 7 5
186 197 256 254 31 28 7 6
186 197 256 254 31 28 8 0
186 197 256 254 31 28 8 1
186 197 256 254 31 28 8 2
186 197 256 254 31 28 8 3
186 197 256 254 31 28 8 4
186 197 256 254 31 28 8 5
186 197 256 254 31 28 8 6
186 197 256 254 31 28 9 0
186 197 256 254 31 28 9 1
186 197 256 254 31 28 9 2
186 197 256 254 31 28 9 3
186 197 256 254 31 28 9 4
186 197 256 254 31 28 9 5
186 197 256 254 31 28 9 6
186 197 256 254 31 28 10 0
186 197 256 254 31 28 10 1
186 197 256 254 31 28 10 2
186 197 256 254 31 28 10 3
186 197 256 254 31 28 10 4
186 197 256 254 31 28 10 5
186 197 256 254 31 28 10 6
187 201 256 254 31 28 0 0
187 201 256 254 31 28 0 1
187 201 256 254 31 28 0 2
187 201 256 254 31 28 0 3
187 201 256 254 31 28 0 4
187 201 256 254 31 28 0 5
187 201 256 254 31 28 0 6
187 201 256 254 31 28 1 0
187 201 256 254 31 28 1 1
187 201 256 254 31 28 1 2
187 201 256 254 31 28 1 3
187 201 256 254 31 28 1 4
187 201 256 254 31 28 1 5
187 201 256 254 31 28 1 6
187 201 256 254 31 28 2 0
187 201 256 254 31 28 2 1
187 201 256 254 31 28 2 2
187 201 256 254 31 28 2 3
187 201 256 254 31 28 2 4
187 201 256 254 31 28 2 5
187 201 256 254 31 28 2 6
187 201 256 254 31 28 3 0
187 201 256 254 31 28 3 1
187 201 256 254 31 28 3 2
187 201 256 254 31 28 3 3
187 201 256 254 31 28 3 4
187 201 256 254 31 28 3 5
187 201 256 254 31 28 3 6
187 201 256 254 31 28 4 0
187 201 256 254 31 28 4 1
187 201 256 254 31 28 4 2
187 201 256 254 31 28 4 3
187 201 256 254 31 28 4 4
187 201 256 254 31 28 4 5
187 201 256 254 31 28 4 6
187 201 256 254 31 28 5 0
187 201 256 254 31 28 5 1
187 201 256 254 31 28 5 2
187 201 256 254 31 28 5 3
187 201 256 254 31 28 5 4
187 201 256 254 31 28 5 5
187 201 256 254 31 28 5 6
187 201 256 254 31 28 6 0
187 201 256 254 31 28 6 1
187 201 256 254 31 28 6 2
187 201 256 254 31 28 6 3
187 201 256 254 31 28 6 4
187 201 256 254 31 28 6 5
187 201 256 254 31 28 6 6
187 201 256 254 31 28 7 0
187 201 256 254 31 28 7 1
187 201 256 254 31 28 7 2
187 201 256 254 31 28 7 3
187 201 256 254 31 28 7 4
187 201 256 254 31 28 7 5
187 201 256 254 31 28 7 6
187 201 256 254 31 28 8 0
187 201 256 254 31 28 8 1
187 201 256 254 31 28 8 2
187 201 256 254 31 28 8 3
187 201 256 254 31 28 8 4
187 201 256 254 31 28 8 5
187 201 256 254 31 28 8 6
187 201 256 254 31 28 9 0
187 201 256 254 31 28 9 1
187 201 256 254 31 28 9 2
187 201 256 254 31 28 9 3
187 201 256 254 31 28 9 4
187 201 256 254 31 28 9 5
187 201 256 254 31 28 9 6
187 201 256 254 31 28 10 0
187 201 256 254 31 28 10 1
187 201 256 254 31 28 10 2
187 201 256 254 31 28 10 3
187 201 256 254 31 28 10 4
187 201 256 254 31 28 10 5
187 201 256 254 31 28 10 6
188 204 256 254 31 28 0 0
188 204 256 254 31 28 0 1
188 204 256 254 31 28 0 2
188 204 256 254 31 28 0 3
188 204 256 254 31 28 0 4
188 204 256 254 31 28 0 5
188 204 256 254 31 28 0 6
188 204 256 254 31 28 1 0
188 204 256 254 31 28 1 1
188 204 256 254 31 28 1 2
188 204 256 254 31 28 1 3
188 204 256 254 31 28 1 4
188 204 256 254 31 28 1 5
188 204 256 254 31 28 1 6
188 204 256 254 31 28 2 0
188 204 256 254 31 28 2 1
188 204 256 254 31 28 2 2
188 204 256 254 31 28 2 3
188 204 256 254 31 28 2 4
188 204 256 254 31 28 2 5
188 204 256 254 31 28 2 6
188 204 256 254 31 28 3 0
188 204 256 254 31 28 3 1
188 204 256 254 31 28 3 2
188 204 256 254 31 28 3 3
188 204 256 254 31 28 3 4
188 204 256 254 31 28 3 5
188 204 256 254 31 28 3 6
188 204 256 254 31 28 4 0
188 204 256 254 31 28 4 1
188 204 256 254 31 28 4 2
188 204 256 254 31 28 4 3
188 204 256 254 31 28 4 4
188 204 256 254 31 28 4 5
188 204 256 254 31 28 4 6
188 204 256 254 31 28 5 0
188 204 256 254 31 28 5 1
188 204 256 254 31 28 5 2
188 204 256 254 31 28 5 3
188 204 256 254 31 28 5 4
188 204 256 254 31 28 5 5
188 204 256 254 31 28 5 6
188 204 256 254 31 28 6 0
188 204 256 254 31 28 6 1
188 204 256 254 31 28 6 2
188 204 256 254 31 28 6 3
188 204 256 254 31 28 6 4
188 204 256 254 31 28 6 5
188 204 256 254 31 28 6 6
188 204 256 254 31 28 7 0
188 204 256 254 31 28 7 1
188 204 256 254 31 28 7 2
188 204 256 254 31 28 7 3
188 204 256 254 31 28 7 4
188 204 256 254 31 28 7 5
188 204 256 254 31 28 7 6
188 204 256 254 31 28 8 0
188 204 256 254 31 28 8 1
188 204 256 254 31 28 8 2
188 204 256 254 31 28 8 3
188 204 256 254 31 28 8 4
188 204 256 254 31 28 8 5
188 204 256 254 31 28 8 6
188 204 256 254 31 28 9 0
188 204 256 254 31 28 9 1
188 204 256 254 31 28 9 2
188 204 256 254 31 28 9 3
188 204 256 254 31 28 9 4
188 204 256 254 31 28 9 5
188 204 256 254 31 28 9 6
188 204 256 254 31 28 10 0
188 204 256 254 31 28 10 1
188 204 256 254 31 28 10 2
188 204 256 254 31 28 10 3
188 204 256 254 31 28 10 4
188 204 256 254 31 28 10 5
188 204 256 254 31 28 10 6
189 208 256 254 31 28 0 0
189 208 256 254 31 28 0 1
189 208 256 254 31 28 0 2
189 208 256 254 31 28 0 3
189 208 256 254 31 28 0 4
189 208 256 254 31 28 0 5
189 208 256 254 31 28 0 6
189 208 256 254 31 28 1 0
189 208 256 254 31 28 1 1
189 208 256 254 31 28 1 2
189 208 256 254 31 28 1 3
189 208 256 254 31 28 1 4
189 208 256 254 31 28 1 5
189 208 256 254 31 28 1 6
189 208 256 254 31 28 2 0
189 208 256 254 31 28 2 1
189 208 256 254 31 28 2 2
189 208 256 254 31 28 2 3
189 208 256 254 31 28 2 4
189 208 256 254 31 28 2 5
189 208 256 254 31 28 2 6
189 208 256 254 31 28 3 0
189 208 256 254 31 28 3 1
189 208 256 254 31 28 3 2
189 208 256 254 31 28 3 3
189 208 256 254 31 28 3 4
189 208 256 254 31 28 3 5
189 208 256 254 31 28 3 6
189 208 256 254 31 28 4 0
189 208 256 254 31 28 4 1
189 208 256 254 31 28 4 2
189 208 256 254 31 28 4 3
189 208 256 254 31 28 4 4
189 208 256 254 31 28 4 5
189 208 256 254 31 28 4 6
189 208 256 254 31 28 5 0
189 208 256 254 31 28 5 1
189 208 256 254 31 28 5 2
189 208 256 254 31 28 5 3
189 208 256 254 31 28 5 4
189 208 256 254 31 28 5 5
189 208 256 254 31 28 5 6
189 208 256 254 31 28 6 0
189 208 256 254 31 28 6 1
189 208 256 254 31 28 6 2
189 208 256 254 31 28 6 3
189 208 256 254 31 28 6 4
189 208 256 254 31 28 6 5
189 208 256 254 31 28 6 6
189 208 256 254 31 28 7 0
189 208 256 254 31 28 7 1
189 208 256 254 31 28 7 2
189 208 256 254 31 28 7 3
189 208 256 254 31 28 7 4
189 208 256 254 31 28 7 5
189 208 256 254 31 28 7 6
189 208 256 254 31 28 8 0
189 208 256 254 31 28 8 1
189 208 256 254 31 28 8 2
189 208 256 254 31 28 8 3
189 208 256 254 31 28 8 4
189 208 256 254 31 28 8 5
189 208 256 254 31 28 8 6
189 208 256 254 31 28 9 0
189 208 256 254 31 28 9 1
189 208 256 254 31 28 9 2
189 208 256 254 31 28 9 3
189 208 256 254 31 28 9 4
189 208 256 254 31 28 9 5
189 208 256 254 31 28 9 6
189 208 256 254 31 28 10 0
189 208 256 254 31 28 10 1
189 208 256 254 31 28 10 2
189 208 256 254 31 28 10 3
189 208 256 254 31 28 10 4
189 208 256 254 31 28 10 5
189 208 256 254 31 28 10 6
190 211 256 254 31 28 0 0
190 211 256 254 31 28 0 1
190 211 256 254 31 28 0 2
190 211 256 254 31 28 0 3
190 211 256 254 31 28 0 4
190 211 256 254 31 28 0 5
190 211 256 254 31 28 0 6
190 211 256 254 31 28 1 0
190 211 256 254 31 28 1 1
190 211 256 254 31 28 1 2
190 211 256 254 31 28 1 3
190 211 256 254 31 28 1 4
190 211 256 254 31 28 1 5
190 211 256 254 31 28 1 6
190 211 256 254 31 28 2 0
190 211 256 254 31 28 2 1
190 211 256 254 31 28 2 2
190 211 256 254 31 28 2 3
190 211 256 254 31 28 2 4
190 211 256 254 31 28 2 5
190 211 256 254 31 28 2 6
190 211 256 254 31 28 3 0
190 211 256 254 31 28 3 1
190 211 256 254 31 28 3 2
190 211 256 254 31 28 3 3
190 211 256 254 31 28 3 4
190 211 256 254 31 28 3 5
190 211 256 254 31 28 3 6
190 211 256 254 31 28 4 0
190 211 256 254 31 28 4 1
190 211 256 254 31 28 4 2
190 211 256 254 31 28 4 3
190 211 256 254 31 28 4 4
190 211 256 254 31 28 4 5
190 211 256 254 31 28 4 6
190 211 256 254 31 28 5 0
190 211 256 254 31 28 5 1
190 211 256 254 31 28 5 2
190 211 256 254 31 28 5 3
190 211 256 254 31 28 5 4
190 211 256 254 31 28 5 5
190 211 256 254 31 28 5 6
190 211 256 254 31 28 6 0
190 211 256 254 31 28 6 1
190 211 256 254 31 28 6 2
190 211 256 254 31 28 6 3
190 211 256 254 31 28 6 4
190 211 256 254 31 28 6 5
190 211 256 254 31 28 6 6
190 211 256 254 31 28 7 0
190 211 256 254 31 28 7 1
190 211 256 254 31 28 7 2
190 211 256 254 31 28 7 3
190 211 256 254 31 28 7 4
190 211 256 254 31 28 7 5
190 211 256 254 31 28 7 6
190 211 256 254 31 28 8 0
190 211 256 254 31 28 8 1
190 211 256 254 31 28 8 2
190 211 256 254 31 28 8 3
190 211 256 254 31 28 8 4
190 211 256 254 31 28 8 5
190 211 256 254 31 28 8 6
190 211 256 254 31 28 9 0
190 211 256 254 31 28 9 1
190 211 256 254 31 28 9 2
190 211 256 254 31 28 9 3
190 211 256 254 31 28 9 4
190 211 256 254 31 28 9 5
190 211 256 254 31 28 9 6
190 211 256 254 31 28 10 0
190 211 256 254 31 28 10 1
190 211 256 254 31 28 10 2
190 211 256 254 31 28 10 3
190 211 256 254 31 28 10 4
190 211 256 254 31 28 10 5
190 211 256 254 31 28 10 6
191 215 256 254 31 28 0 0
191 215 256 254 31 28 0 1
191 215 256 254 31 28 0 2
191 215 256 254 31 28 0 3
191 215 256 254 31 28 0 4
191 215 256 254 31 28 0 5
191 215 256 254 31 28 0 6
191 215 256 254 31 28 1 0
191 215 256 254 31 28 1 1
191 215 256 254 31 28 1 2
191 215 256 254 31 28 1 3
191 215 256 254 31 28 1 4
191 215 256 254 31 28 1 5
191 215 256 254 31 28 1 6
191 215 256 254 31 28 2 0
191 215 256 254 31 28 2 1
191 215 256 254 31 28 2 2
191 215 256 254 31 28 2 3
191 215 256 254 31 28 2 4
191 215 256 254 31 28 2 5
191 215 256 254 31 28 2 6
191 215 256 254 31 28 3 0
191 215 256 254 31 28 3 1
191 215 256 254 31 28 3 2
191 215 256 254 31 28 3 3
191 215 256 254 31 28 3 4
191 215 256 254 31 28 3 5
191 215 256 254 31 28 3 6
191 215 256 254 31 28 4 0
191 215 256 254 31 28 4 1
191 215 256 254 31 28 4 2
191 215 256 254 31 28 4 3
191 215 256 254 31 28 4 4
191 215 256 254 31 28 4 5
191 215 256 254 31 28 4 6
191 215 256 254 31 28 5 0
191 215 256 254 31 28 5 1
191 215 256 254 31 28 5 2
191 215 256 254 31 28 5 3
191 215 256 254 31 28 5 4
191 215 256 254 31 28 5 5
191 215 256 254 31 28 5 6
191 215 256 254 31 28 6 0
191 215 256 254 31 28 6 1
191 215 256 254 31 28 6 2
191 215 256 254 31 28 6 3
191 215 256 254 31 28 6 4
191 215 256 254 31 28 6 5
191 215 256 254 31 28 6 6
191 215 256 254 31 28 7 0
191 215 256 254 31 28 7 1
191 215 256 254 31 28 7 2
191 215 256 254 31 28 7 3
191 215 256 254 31 28 7 4
191 215 256 254 31 28 7 5
191 215 256 254 31 28 7 6
191 215 256 254 31 28 8 0
191 215 256 254 31 28 8 1
191 215 256 254 31 28 8 2
191 215 256 254 31 28 8 3
191 215 256 254 31 28 8 4
191 215 256 254 31 28 8 5
191 215 256 254 31 28 8 6
191 215 256 254 31 28 9 0
191 215 256 254 31 28 9 1
191 215 256 254 31 28 9 2
191 215 256 254 31 28 9 3
191 215 256 254 31 28 9 4
191 215 256 254 31 28 9 5
191 215 256 254 31 28 9 6
191 215 256 254 31 28 10 0
191 215 256 254 31 28 10 1
191 215 256 254 31 28 10 2
191 215 256 254 31 28 10 3
191 215 256 254 31 28 10 4
191 215 256 254 31 28 10 5
191 215 256 254 31 28 10 6
192 218 256 254 31 28 0 0
192 218 256 254 31 28 0 1
192 218 256 254 31 28 0 2
192 218 256 254 31 28 0 3
192 218 256 254 31 28 0 4
192 218 256 254 31 28 0 5
192 218 256 254 31 28 0 6
192 218 256 254 31 28 1 0
192 218 256 254 31 28 1 1
192 218 256 254 31 28 1 2
192 218 256 254 31 28 1 3
192 218 256 254 31 28 1 4
192 218 256 254 31 28 1 5
192 218 256 254 31 28 1 6
192 218 256 254 31 28 2 0
192 218 256 254 31 28 2 1
192 218 256 254 31 28 2 2
192 218 256 254 31 28 2 3
192 218 256 254 31 28 2 4
192 218 256 254 31 28 2 5
192 218 256 254 31 28 2 6
192 218 256 254 31 28 3 0
192 218 256 254 31 28 3 1
192 218 256 254 31 28 3 2
192 218 256 254 31 28 3 3
192 218 256 254 31 28 3 4
192 218 256 254 31 28 3 5
192 218 256 254 31 28 3 6
192 218 256 254 31 28 4 0
192 218 256 254 31 28 4 1
192 218 256 254 31 28 4 2
192 218 256 254 31 28 4 3
192 218 256 254 31 28 4 4
192 218 256 254 31 28 4 5
192 218 256 254 31 28 4 6
192 218 256 254 31 28 5 0
192 218 256 254 31 28 5 1
192 218 256 254 31 28 5 2
192 218 256 254 31 28 5 3
192 218 256 254 31 28 5 4
192 218 256 254 31 28 5 5
192 218 256 254 31 28 5 6
192 218 256 254 31 28 6 0
192 218 256 254 31 28 6 1
192 218 256 254 31 28 6 2
192 218 256 254 31 28 6 3
192 218 256 254 31 28 6 4
192 218 256 254 31 28 6 5
192 218 256 254 31 28 6 6
192 218 256 254 31 28 7 0
192 218 256 254 31 28 7 1
192 218 256 254 31 28 7 2
192 218 256 254 31 28 7 3
192 218 256 254 31 28 7 4
192 218 256 254 31 28 7 5
192 218 256 254 31 28 7 6
192 218 256 254 31 28 8 0
192 218 256 254 31 28 8 1
192 218 256 254 31 28 8 2
192 218 256 254 31 28 8 3
192 218 256 254 31 28 8 4
192 218 256 254 31 28 8 5
192 218 256 254 31 28 8 6
192 218 256 254 31 28 9 0
192 218 256 254 31 28 9 1
192 218 256 254 31 28 9 2
192 218 256 254 31 28 9 3
192 218 256 254 31 28 9 4
192 218 256 254 31 28 9 5
192 218 256 254 31 28 9 6
192 218 256 254 31 28 10 0
192 218 256 254 31 28 10 1
192 218 256 254 31 28 10 2
192 218 256 254 31 28 10 3
192 218 256 254 31 28 10 4
192 218 256 254 31 28 10 5
192 218 256 254 31 28 10 6
193 221 256 254 31 28 0 0
193 221 256 254 31 28 0 1
193 221 256 254 31 28 0 2
193 221 256 254 31 28 0 3
193 221 256 254 31 28 0 4
193 221 256 254 31 28 0 5
193 221 256 254 31 28 0 6
193 221 256 254 31 28 1 0
193 221 256 254 31 28 1 1
193 221 256 254 31 28 1 2
193 221 256 254 31 28 1 3
193 221 256 254 31 28 1 4
193 221 256 254 31 28 1 5
193 221 256 254 31 28 1 6
193 221 256 254 31 28 2 0
193 221 256 254 31 28 2 1
193 221 256 254 31 28 2 2
193 221 256 254 31 28 2 3
193 221 256 254 31 28 2 4
193 221 256 254 31 28 2 5
193 221 256 254 31 28 2 6
193 221 256 254 31 28 3 0
193 221 256 254 31 28 3 1
193 221 256 254 31 28 3 2
193 221 256 254 31 28 3 3
193 221 256 254 31 28 3 4
193 221 256 254 31 28 3 5
193 221 256 254 31 28 3 6
193 221 256 254 31 28 4 0
193 221 256 254 31 28 4 1
193 221 256 254 31 28 4 2
193 221 256 254 31 28 4 3
193 221 256 254 31 28 4 4
193 221 256 254 31 28 4 5
193 221 256 254 31 28 4 6
193 221 256 254 31 28 5 0
193 221 256 254 31 28 5 1
193 221 256 254 31 28 5 2
193 221 256 254 31 28 5 3
193 221 256 254 31 28 5 4
193 221 256 254 31 28 5 5
193 221 256 254 31 28 5 6
193 221 256 254 31 28 6 0
193 221 256 254 31 28 6 1
193 221 256 254 31 28 6 2
193 221 256 254 31 28 6 3
193 221 256 254 31 28 6 4
193 221 256 254 31 28 6 5
193 221 256 254 31 28 6 6
193 221 256 254 31 28 7 0
193 221 256 254 31 28 7 1
193 221 256 254 31 28 7 2
193 221 256 254 31 28 7 3
193 221 256 254 31 28 7 4
193 221 256 254 31 28 7 5
193 221 256 254 31 28 7 6
193 221 256 254 31 28 8 0
193 221 256 254 31 28 8 1
193 221 256 254 31 28 8 2
193 221 256 254 31 28 8 3
193 221 256 254 31 28 8 4
193 221 256 254 31 28 8 5
193 221 256 254 31 28 8 6
193 221 256 254 31 28 9 0
193 221 256 254 31 28 9 1
193 221 256 254 31 28 9 2
193 221 256 254 31 28 9 3
193 221 256 254 31 28 9 4
193 221 256 254 31 28 9 5
193 221 256 254 31 28 9 6
193 221 256 254 31 28 10 0
193 221 256 254 31 28 10 1
193 221 256 254 31 28 10 2
193 221 256 254 31 28 10 3
193 221 256 254 31 28 10 4
193 221 256 254 31 28 10 5
193 221 256 254 31 28 10 6
194 225 256 254 1055 1052 0 0
194 225 256 254 1055 1052 0 1
194 225 256 254 1055 1052 0 2
194 225 256 254 1055 1052 0 3
194 225 256 254 1055 1052 0 4
194 225 256 254 1055 1052 0 5
194 225 256 254 1055 1052 0 6
194 225 256 254 1055 1052 1 0
194 225 256 254 1055 1052 1 1
194 225 256 254 1055 1052 1 2
194 225 256 254 1055 1052 1 3
194 225 256 254 1055 1052 1 4
194 225 256 254 1055 1052 1 5
194 225 256 254 1055 1052 1 6
194 225 256 254 1055 1052 2 0
194 225 256 254 1055 1052 2 1
194 225 256 254 1055 1052 2 2
194 225 256 254 1055 1052 2 3
194 225 256 254 1055 1052 2 4
194 225 256 254 1055 1052 2 5
194 225 256 254 1055 1052 2 6
194 225 256 254 1055 1052 3 0
194 225 256 254 1055 1052 3 1
194 225 256 254 1055 1052 3 2
194 225 256 254 1055 1052 3 3
194 225 256 254 1055 1052 3 4
194 225 256 254 1055 1052 3 5
194 225 256 254 1055 1052 3 6
194 225 256 254 1055 1052 4 0
194 225 256 254 1055 1052 4 1
194 225 256 254 1055 1052 4 2
194 225 256 254 1055 1052 4 3
194 225 256 254 1055 1052 4 4
194 225 256 254 1055 1052 4 5
194 225 256 254 1055 1052 4 6
194 225 256 254 1055 1052 5 0
194 225 256 254 1055 1052 5 1
194 225 256 254 1055 1052 5 2
194 225 256 254 1055 1052 5 3
194 225 256 254 1055 1052 5 4
194 225 256 254 1055 1052 5 5
194 225 256 254 1055 1052 5 6
194 225 256 254 1055 1052 6 0
194 225 256 254 1055 1052 6 1
194 225 256 254 1055 1052 6 2
194 225 256 254 1055 1052 6 3
194 225 256 254 1055 1052 6 4
194 225 256 254 1055 1052 6 5
194 225 256 254 1055 1052 6 6
194 225 256 254 1055 1052 7 0
194 225 256 254 1055 1052 7 1
194 225 256 254 1055 1052 7 2
194 225 256 254 1055 1052 7 3
194 225 256 254 1055 1052 7 4
194 225 256 254 1055 1052 7 5
194 225 256 254 1055 1052 7 6
194 225 256 254 1055 1052 8 0
194 225 256 254 1055 1052 8 1
194 225 256 254 1055 1052 8 2
194 225 256 254 1055 1052 8 3
194 225 256 254 1055 1052 8 4
194 225 256 254 1055 1052 8 5
194 225 256 254 1055 1052 8 6
194 225 256 254 1055 1052 9 0
194 225 256 254 1055 1052 9 1
194 225 256 254 1055 1052 9 2
194 225 256 254 1055 1052 9 3
194 225 256 254 1055 1052 9 4
194 225 256 254 1055 1052 9 5
194 225 256 254 1055 1052 9 6
194 225 256 254 1055 1052 10 0
194 225 256 254 1055 1052 10 1
194 225 256 254 1055 1052 10 2
194 225 256 254 1055 1052 10 3
194 225 256 254 1055 1052 10 4
194 225 256 254 1055 1052 10 5
194 225 256 254 1055 1052 10 6
195 228 256 254 1055 1052 0 0
195 228 256 254 1055 1052 0 1
195 228 256 254 1055 1052 0 2
195 228 256 254 1055 1052 0 3
195 228 256 254 1055 1052 0 4
195 228 256 254 1055 1052 0 5
195 228 256 254 1055 1052 0 6
195 228 256 254 1055 1052 1 0
195 228 256 254 1055 1052 1 1
195 228 256 254 1055 1052 1 2
195 228 256 254 1055 1052 1 3
195 228 256 254 1055 1052 1 4
195 228 256 254 1055 1052 1 5
195 228 256 254 1055 1052 1 6
195 228 256 254 1055 1052 2 0
195 228 256 254 1055 1052 2 1
195 228 256 254 1055 1052 2 2
195 228 256 254 1055 1052 2 3
195 228 256 254 1055 1052 2 4
195 228 256 254 1055 1052 2 5
195 228 256 254 1055 1052 2 6
195 228 256 254 1055 1052 3 0
195 228 256 254 1055 1052 3 1
195 228 256 254 1055 1052 3 2
195 228 256 254 1055 1052 3 3
195 228 256 254 1055 1052 3 4
195 228 256 254 1055 1052 3 5
195 228 256 254 1055 1052 3 6
195 228 256 254 1055 1052 4 0
195 228 256 254 1055 1052 4 1
195 228 256 254 1055 1052 4 2
195 228 256 254 1055 1052 4 3
195 228 256 254 1055 1052 4 4
195 228 256 254 1055 1052 4 5
195 228 256 254 1055 1052 4 6
195 228 256 254 1055 1052 5 0
195 228 256 254 1055 1052 5 1
195 228 256 254 1055 1052 5 2
195 228 256 254 1055 1052 5 3
195 228 256 254 1055 1052 5 4
195 228 256 254 1055 1052 5 5
195 228 256 254 1055 1052 5 6
195 228 256 254 1055 1052 6 0
195 228 256 254 1055 1052 6 1
195 228 256 254 1055 1052 6 2
195 228 256 254 1055 1052 6 3
195 228 256 254 1055 1052 6 4
195 228 256 254 1055 1052 6 5
195 228 256 254 1055 1052 6 6
195 228 256 254 1055 1052 7 0
195 228 256 254 1055 1052 7 1
195 228 256 254 1055 1052 7 2
195 228 256 254 1055 1052 7 3
195 228 256 254 1055 1052 7 4
195 228 256 254 1055 1052 7 5
195 228 256 254 1055 1052 7 6
195 228 256 254 1055 1052 8 0
195 228 256 254 1055 1052 8 1
195 228 256 254 1055 1052 8 2
195 228 256 254 1055 1052 8 3
195 228 256 254 1055 1052 8 4
195 228 256 254 1055 1052 8 5
195 228 256 254 1055 1052 8 6
195 228 256 254 1055 1052 9 0
195 228 256 254 1055 1052 9 1
195 228 256 254 1055 1052 9 2
195 228 256 254 1055 1052 9 3
195 228 256 254 1055 1052 9 4
195 228 256 254 1055 1052 9 5
195 228 256 254 1055 1052 9 6
195 228 256 254 1055 1052 10 0
195 228 256 254 1055 1052 10 1
195 228 256 254 1055 1052 10 2
195 228 256 254 1055 1052 10 3
195 228 256 254 1055 1052 10 4
195 228 256 254 1055 1052 10 5
195 228 256 254 1055 1052 10 6
196 232 256 254 1055 1052 0 0
196 232 256 254 1055 1052 0 1
196 232 256 254 1055 1052 0 2
196 232 256 254 1055 1052 0 3
196 232 256 254 1055 1052 0 4
196 232 256 254 1055 1052 0 5
196 232 256 254 1055 1052 0 6
196 232 256 254 1055 1052 1 0
196 232 256 254 1055 1052 1 1
196 232 256 254 1055 1052 1 2
196 232 256 254 1055 1052 1 3
196 232 256 254 1055 1052 1 4
196 232 256 254 1055 1052 1 5
196 232 256 254 1055 1052 1 6
196 232 256 254 1055 1052 2 0
196 232 256 254 1055 1052 2 1
196 232 256 254 1055 1052 2 2
196 232 256 254 1055 1052 2 3
196 232 256 254 1055 1052 2 4
196 232 256 254 1055 1052 2 5
196 232 256 254 1055 1052 2 6
196 232 256 254 1055 1052 3 0
196 232 256 254 1055 1052 3 1
196 232 256 254 1055 1052 3 2
196 232 256 254 1055 1052 3 3
196 232 256 254 1055 1052 3 4
196 232 256 254 1055 1052 3 5
196 232 256 254 1055 1052 3 6
196 232 256 254 1055 1052 4 0
196 232 256 254 1055 1052 4 1
196 232 256 254 1055 1052 4 2
196 232 256 254 1055 1052 4 3
196 232 256 254 1055 1052 4 4
196 232 256 254 1055 1052 4 5
196 232 256 254 1055 1052 4 6
196 232 256 254 1055 1052 5 0
196 232 256 254 1055 1052 5 1
196 232 256 254 1055 1052 5 2
196 232 256 254 1055 1052 5 3
196 232 256 254 1055 1052 5 4
196 232 256 254 1055 1052 5 5
196 232 256 254 1055 1052 5 6
196 232 256 254 1055 1052 6 0
196 232 256 254 1055 1052 6 1
196 232 256 254 1055 1052 6 2
196 232 256 254 1055 1052 6 3
196 232 256 254 1055 1052 6 4
196 232 256 254 1055 1052 6 5
196 232 256 254 1055 1052 6 6
196 232 256 254 1055 1052 7 0
196 232 256 254 1055 1052 7 1
196 232 256 254 1055 1052 7 2
196 232 256 254 1055 1052 7 3
196 232 256 254 1055 1052 7 4
196 232 256 254 1055 1052 7 5
196 232 256 254 1055 1052 7 6
196 232 256 254 1055 1052 8 0
196 232 256 254 1055 1052 8 1
196 232 256 254 1055 1052 8 2
196 232 256 254 1055 1052 8 3
196 232 256 254 1055 1052 8 4
196 232 256 254 1055 1052 8 5
196 232 256 254 1055 1052 8 6
196 232 256 254 1055 1052 9 0
196 232 256 254 1055 1052 9 1
196 232 256 254 1055 1052 9 2
196 232 256 254 1055 1052 9 3
196 232 256 254 1055 1052 9 4
196 232 256 254 1055 1052 9 5
196 232 256 254 1055 1052 9 6
196 232 256 254 1055 1052 10 0
196 232 256 254 1055 1052 10 1
196 232 256 254 1055 1052 10 2
196 232 256 254 1055 1052 10 3
196 232 256 254 1055 1052 10 4
196 232 256 254 1055 1052 10 5
196 232 256 254 1055 1052 10 6
197 235 256 254 1055 1052 0 0
197 235 256 254 1055 1052 0 1
197 235 256 254 1055 1052 0 2
197 235 256 254 1055 1052 0 3
197 235 256 254 1055 1052 0 4
197 235 256 254 1055 1052 0 5
197 235 256 254 1055 1052 0 6
197 235 256 254 1055 1052 1 0
197 235 256 254 1055 1052 1 1
197 235 256 254 1055 1052 1 2
197 235 256 254 1055 1052 1 3
197 235 256 254 1055 1052 1 4
197 235 256 254 1055 1052 1 5
197 235 256 254 1055 1052 1 6
197 235 256 254 1055 1052 2 0
197 235 256 254 1055 1052 2 1
197 235 256 254 1055 1052 2 2
197 235 256 254 1055 1052 2 3
197 235 256 254 1055 1052 2 4
197 235 256 254 1055 1052 2 5
197 235 256 254 1055 1052 2 6
197 235 256 254 1055 1052 3 0
197 235 256 254 1055 1052 3 1
197 235 256 254 1055 1052 3 2
197 235 256 254 1055 1052 3 3
197 235 256 254 1055 1052 3 4
197 235 256 254 1055 1052 3 5
197 235 256 254 1055 1052 3 6
197 235 256 254 1055 1052 4 0
197 235 256 254 1055 1052 4 1
197 235 256 254 1055 1052 4 2
197 235 256 254 1055 1052 4 3
197 235 256 254 1055 1052 4 4
197 235 256 254 1055 1052 4 5
197 235 256 254 1055 1052 4 6
197 235 256 254 1055 1052 5 0
197 235 256 254 1055 1052 5 1
197 235 256 254 1055 1052 5 2
197 235 256 254 1055 1052 5 3
197 235 256 254 1055 1052 5 4
197 235 256 254 1055 1052 5 5
197 235 256 254 1055 1052 5 6
197 235 256 254 1055 1052 6 0
197 235 256 254 1055 1052 6 1
197 235 256 254 1055 1052 6 2
197 235 256 254 1055 1052 6 3
197 235 256 254 1055 1052 6 4
197 235 256 254 1055 1052 6 5
197 235 256 254 1055 1052 6 6
197 235 256 254 1055 1052 7 0
197 235 256 254 1055 1052 7 1
197 235 256 254 1055 1052 7 2
197 235 256 254 1055 1052 7 3
197 235 256 254 1055 1052 7 4
197 235 256 254 1055 1052 7 5
197 235 256 254 1055 1052 7 6
197 235 256 254 1055 1052 8 0
197 235 256 254 1055 1052 8 1
197 235 256 254 1055 1052 8 2
197 235 256 254 1055 1052 8 3
197 235 256 254 1055 1052 8 4
197 235 256 254 1055 1052 8 5
197 235 256 254 1055 1052 8 6
197 235 256 254 1055 1052 9 0
197 235 256 254 1055 1052 9 1
197 235 256 254 1055 1052 9 2
197 235 256 254 1055 1052 9 3
197 235 256 254 1055 1052 9 4
197 235 256 254 1055 1052 9 5
197 235 256 254 1055 1052 9 6
197 235 256 254 1055 1052 10 0
197 235 256 254 1055 1052 10 1
197 235 256 254 1055 1052 10 2
197 235 256 254 1055 1052 10 3
197 235 256 254 1055 1052 10 4
197 235 256 254 1055 1052 10 5
197 235 256 254 1055 1052 10 6
198 239 256 254 1055 1052 0 0
198 239 256 254 1055 1052 0 1
198 239 256 254 1055 1052 0 2
198 239 256 254 1055 1052 0 3
198 239 256 254 1055 1052 0 4
198 239 256 254 1055 1052 0 5
198 239 256 254 1055 1052 0 6
198 239 256 254 1055 1052 1 0
198 239 256 254 1055 1052 1 1
198 239 256 254 1055 1052 1 2
198 239 256 254 1055 1052 1 3
198 239 256 254 1055 1052 1 4
198 239 256 254 1055 1052 1 5
198 239 256 254 1055 1052 1 6
198 239 256 254 1055 1052 2 0
198 239 256 254 1055 1052 2 1
198 239 256 254 1055 1052 2 2
198 239 256 254 1055 1052 2 3
198 239 256 254 1055 1052 2 4
198 239 256 254 1055 1052 2 5
198 239 256 254 1055 1052 2 6
198 239 256 254 1055 1052 3 0
198 239 256 254 1055 1052 3 1
198 239 256 254 1055 1052 3 2
198 239 256 254 1055 1052 3 3
198 239 256 254 1055 1052 3 4
198 239 256 254 1055 1052 3 5
198 239 256 254 1055 1052 3 6
198 239 256 254 1055 1052 4 0
198 239 256 254 1055 1052 4 1
198 239 256 254 1055 1052 4 2
198 239 256 254 1055 1052 4 3
198 239 256 254 1055 1052 4 4
198 239 256 254 1055 1052 4 5
198 239 256 254 1055 1052 4 6
198 239 256 254 1055 1052 5 0
198 239 256 254 1055 1052 5 1
198 239 256 254 1055 1052 5 2
198 239 256 254 1055 1052 5 3
198 239 256 254 1055 1052 5 4
198 239 256 254 1055 1052 5 5
198 239 256 254 1055 1052 5 6
198 239 256 254 1055 1052 6 0
198 239 256 254 1055 1052 6 1
198 239 256 254 1055 1052 6 2
198 239 256 254 1055 1052 6 3
198 239 256 254 1055 1052 6 4
198 239 256 254 1055 1052 6 5
198 239 256 254 1055 1052 6 6
198 239 256 254 1055 1052 7 0
198 239 256 254 1055 1052 7 1
198 239 256 254 1055 1052 7 2
198 239 256 254 1055 1052 7 3
198 239 256 254 1055 1052 7 4
198 239 256 254 1055 1052 7 5
198 239 256 254 1055 1052 7 6
198 239 256 254 1055 1052 8 0
198 239 256 254 1055 1052 8 1
198 239 256 254 1055 1052 8 2
198 239 256 254 1055 1052 8 3
198 239 256 254 1055 1052 8 4
198 239 256 254 1055 1052 8 5
198 239 256 254 1055 1052 8 6
198 239 256 254 1055 1052 9 0
198 239 256 254 1055 1052 9 1
198 239 256 254 1055 1052 9 2
198 239 256 254 1055 1052 9 3
198 239 256 254 1055 1052 9 4
198 239 256 254 1055 1052 9 5
198 239 256 254 1055 1052 9 6
198 239 256 254 1055 1052 10 0
198 239 256 254 1055 1052 10 1
198 239 256 254 1055 1052 10 2
198 239 256 254 1055 1052 10 3
198 239 256 254 1055 1052 10 4
198 239 256 254 1055 1052 10 5
198 239 256 254 1055 1052 10 6
199 242 256 254 1567 1564 0 0
199 242 256 254 1567 1564 0 1
199 242 256 254 1567 1564 0 2
199 242 256 254 1567 1564 0 3
199 242 256 254 1567 1564 0 4
199 242 256 254 1567 1564 0 5
199 242 256 254 1567 1564 0 6
199 242 256 254 1567 1564 1 0
199 242 256 254 1567 1564 1 1
199 242 256 254 1567 1564 1 2
199 242 256 254 1567 1564 1 3
199 242 256 254 1567 1564 1 4
199 242 256 254 1567 1564 1 5
199 242 256 254 1567 1564 1 6
199 242 256 254 1567 1564 2 0
199 242 256 254 1567 1564 2 1
199 242 256 254 1567 1564 2 2
199 242 256 254 1567 1564 2 3
199 242 256 254 1567 1564 2 4
199 242 256 254 1567 1564 2 5
199 242 256 254 1567 1564 2 6
199 242 256 254 1567 1564 3 0
199 242 256 254 1567 1564 3 1
199 242 256 254 1567 1564 3 2
199 242 256 254 1567 1564 3 3
199 242 256 254 1567 1564 3 4
199 242 256 254 1567 1564 3 5
199 242 256 254 1567 1564 3 6
199 242 256 254 1567 1564 4 0
199 242 256 254 1567 1564 4 1
199 242 256 254 1567 1564 4 2
199 242 256 254 1567 1564 4 3
199 242 256 254 1567 1564 4 4
199 242 256 254 1567 1564 4 5
199 242 256 254 1567 1564 4 6
199 242 256 254 1567 1564 5 0
199 242 256 254 1567 1564 5 1
199 242 256 254 1567 1564 5 2
199 242 256 254 1567 1564 5 3
199 242 256 254 1567 1564 5 4
199 242 256 254 1567 1564 5 5
199 242 256 254 1567 1564 5 6
199 242 256 254 1567 1564 6 0
199 242 256 254 1567 1564 6 1
199 242 256 254 1567 1564 6 2
199 242 256 254 1567 1564 6 3
199 242 256 254 1567 1564 6 4
199 242 256 254 1567 1564 6 5
199 242 256 254 1567 1564 6 6
199 242 256 254 1567 1564 7 0
199 242 256 254 1567 1564 7 1
199 242 256 254 1567 1564 7 2
199 242 256 254 1567 1564 7 3
199 242 256 254 1567 1564 7 4
199 242 256 254 1567 1564 7 5
199 242 256 254 1567 1564 7 6
199 242 256 254 1567 1564 8 0
199 242 256 254 1567 1564 8 1
199 242 256 254 1567 1564 8 2
199 242 256 254 1567 1564 8 3
199 242 256 254 1567 1564 8 4
199 242 256 254 1567 1564 8 5
199 242 256 254 1567 1564 8 6
199 242 256 254 1567 1564 9 0
199 242 256 254 1567 1564 9 1
199 242 256 254 1567 1564 9 2
199 242 256 254 1567 1564 9 3
199 242 256 254 1567 1564 9 4
199 242 256 254 1567 1564 9 5
199 242 256 254 1567 1564 9 6
199 242 256 254 1567 1564 10 0
199 242 256 254 1567 1564 10 1
199 242 256 254 1567 1564 10 2
199 242 256 254 1567 1564 10 3
199 242 256 254 1567 1564 10 4
199 242 256 254 1567 1564 10 5
199 242 256 254 1567 1564 10 6
200 246 256 254 1567 1564 0 0
200 246 256 254 1567 1564 0 1
200 246 256 254 1567 1564 0 2
200 246 256 254 1567 1564 0 3
200 246 256 254 1567 1564 0 4
200 246 256 254 1567 1564 0 5
200 246 256 254 1567 1564 0 6
200 246 256 254 1567 1564 1 0
200 246 256 254 1567 1564 1 1
200 246 256 254 1567 1564 1 2
200 246 256 254 1567 1564 1 3
200 246 256 254 1567 1564 1 4
200 246 256 254 1567 1564 1 5
200 246 256 254 1567 1564 1 6
200 246 256 254 1567 1564 2 0
200 246 256 254 1567 1564 2 1
200 246 256 254 1567 1564 2 2
200 246 256 254 1567 1564 2 3
200 246 256 254 1567 1564 2 4
200 246 256 254 1567 1564 2 5
200 246 256 254 1567 1564 2 6
200 246 256 254 1567 1564 3 0
200 246 256 254 1567 1564 3 1
200 246 256 254 1567 1564 3 2
200 246 256 254 1567 1564 3 3
200 246 256 254 1567 1564 3 4
200 246 256 254 1567 1564 3 5
200 246 256 254 1567 1564 3 6
200 246 256 254 1567 1564 4 0
200 246 256 254 1567 1564 4 1
200 246 256 254 1567 1564 4 2
200 246 256 254 1567 1564 4 3
200 246 256 254 1567 1564 4 4
200 246 256 254 1567 1564 4 5
200 246 256 254 1567 1564 4 6
200 246 256 254 1567 1564 5 0
200 246 256 254 1567 1564 5 1
200 246 256 254 1567 1564 5 2
200 246 256 254 1567 1564 5 3
200 246 256 254 1567 1564 5 4
200 246 256 254 1567 1564 5 5
200 246 256 254 1567 1564 5 6
200 246 256 254 1567 1564 6 0
200 246 256 254 1567 1564 6 1
200 246 256 254 1567 1564 6 2
200 246 256 254 1567 1564 6 3
200 246 256 254 1567 1564 6 4
200 246 256 254 1567 1564 6 5
200 246 256 254 1567 1564 6 6
200 246 256 254 1567 1564 7 0
200 246 256 254 1567 1564 7 1
200 246 256 254 1567 1564 7 2
200 246 256 254 1567 1564 7 3
200 246 256 254 1567 1564 7 4
200 246 256 254 1567 1564 7 5
200 246 256 254 1567 1564 7 6
200 246 256 254 1567 1564 8 0
200 246 256 254 1567 1564 8 1
200 246 256 254 1567 1564 8 2
200 246 256 254 1567 1564 8 3
200 246 256 254 1567 1564 8 4
200 246 256 254 1567 1564 8 5
200 246 256 254 1567 1564 8 6
200 246 256 254 1567 1564 9 0
200 246 256 254 1567 1564 9 1
200 246 256 254 1567 1564 9 2
200 246 256 254 1567 1564 9 3
200 246 256 254 1567 1564 9 4
200 246 256 254 1567 1564 9 5
200 246 256 254 1567 1564 9 6
200 246 256 254 1567 1564 10 0
200 246 256 254 1567 1564 10 1
200 246 256 254 1567 1564 10 2
200 246 256 254 1567 1564 10 3
200 246 256 254 1567 1564 10 4
200 246 256 254 1567 1564 10 5
200 246 256 254 1567 1564 10 6
201 249 256 254 1951 1820 0 0
201 249 256 254 1951 1820 0 1
201 249 256 254 1951 1820 0 2
201 249 256 254 1951 1820 0 3
201 249 256 254 1951 1820 0 4
201 249 256 254 1951 1820 0 5
201 249 256 254 1951 1820 0 6
201 249 256 254 1951 1820 1 0
201 249 256 254 1951 1820 1 1
201 249 256 254 1951 1820 1 2
201 249 256 254 1951 1820 1 3
201 249 256 254 1951 1820 1 4
201 249 256 254 1951 1820 1 5
201 249 256 254 1951 1820 1 6
201 249 256 254 1951 1820 2 0
201 249 256 254 1951 1820 2 1
201 249 256 254 1951 1820 2 2
201 249 256 254 1951 1820 2 3
201 249 256 254 1951 1820 2 4
201 249 256 254 1951 1820 2 5
201 249 256 254 1951 1820 2 6
201 249 256 254 1951 1820 3 0
201 249 256 254 1951 1820 3 1
201 249 256 254 1951 1820 3 2
201 249 256 254 1951 1820 3 3
201 249 256 254 1951 1820 3 4
201 249 256 254 1951 1820 3 5
201 249 256 254 1951 1820 3 6
201 249 256 254 1951 1820 4 0
201 249 256 254 1951 1820 4 1
201 249 256 254 1951 1820 4 2
201 249 256 254 1951 1820 4 3
201 249 256 254 1951 1820 4 4
201 249 256 254 1951 1820 4 5
201 249 256 254 1951 1820 4 6
201 249 256 254 1951 1820 5 0
201 249 256 254 1951 1820 5 1
201 249 256 254 1951 1820 5 2
201 249 256 254 1951 1820 5 3
201 249 256 254 1951 1820 5 4
201 249 256 254 1951 1820 5 5
201 249 256 254 1951 1820 5 6
201 249 256 254 1951 1820 6 0
201 249 256 254 1951 1820 6 1
201 249 256 254 1951 1820 6 2
201 249 256 254 1951 1820 6 3
201 249 256 254 1951 1820 6 4
201 249 256 254 1951 1820 6 5
201 249 256 254 1951 1820 6 6
201 249 256 254 1951 1820 7 0
201 249 256 254 1951 1820 7 1
201 249 256 254 1951 1820 7 2
201 249 256 254 1951 1820 7 3
201 249 256 254 1951 1820 7 4
201 249 256 254 1951 1820 7 5
201 249 256 254 1951 1820 7 6
201 249 256 254 1951 1820 8 0
201 249 256 254 1951 1820 8 1
201 249 256 254 1951 1820 8 2
201 249 256 254 1951 1820 8 3
201 249 256 254 1951 1820 8 4
201 249 256 254 1951 1820 8 5
201 249 256 254 1951 1820 8 6
201 249 256 254 1951 1820 9 0
201 249 256 254 1951 1820 9 1
201 249 256 254 1951 1820 9 2
201 249 256 254 1951 1820 9 3
201 249 256 254 1951 1820 9 4
201 249 256 254 1951 1820 9 5
201 249 256 254 1951 1820 9 6
201 249 256 254 1951 1820 10 0
201 249 256 254 1951 1820 10 1
201 249 256 254 1951 1820 10 2
201 249 256 254 1951 1820 10 3
201 249 256 254 1951 1820 10 4
201 249 256 254 1951 1820 10 5
201 249 256 254 1951 1820 10 6
