0	0	0	5	4	1808	0	0	0	18	4294967295	3	1
1	0	0	5	4	1808	0	0	1	18	4294967295	2	1
2	0	0	5	4	1808	0	0	2	18	4294967295	1	1
3	0	0	5	4	1808	0	0	3	18	4294967295	1	1
4	0	0	5	4	1808	0	0	4	18	4294967295	1	1
5	0	0	5	4	1808	0	0	5	18	4294967295	1	1
6	0	0	5	4	1808	0	0	6	18	4294967295	1	1
7	0	0	5	4	1808	0	1	0	18	4294967295	3	1
8	0	0	5	4	1808	0	1	1	18	4294967295	2	1
9	0	0	5	4	1808	0	1	2	18	4294967295	1	1
10	0	0	5	4	1808	0	1	3	18	4294967295	1	1
11	0	0	5	4	1808	0	1	4	18	4294967295	1	1
12	0	0	5	4	1808	0	1	5	18	4294967295	1	1
13	0	0	5	4	1808	0	1	6	18	4294967295	1	1
14	0	0	5	4	1808	0	2	0	18	4294967295	3	1
15	0	0	5	4	1808	0	2	1	18	4294967295	2	1
16	0	0	5	4	1808	0	2	2	18	4294967295	1	1
17	0	0	5	4	1808	0	2	3	18	4294967295	1	1
18	0	0	5	4	1808	0	2	4	18	4294967295	1	1
19	0	0	5	4	1808	0	2	5	18	4294967295	1	1
20	0	0	5	4	1808	0	2	6	18	4294967295	1	1
21	0	0	5	4	1808	0	3	0	18	4294967295	3	1
22	0	0	5	4	1808	0	3	1	18	4294967295	2	1
23	0	0	5	4	1808	0	3	2	18	4294967295	1	1
24	0	0	5	4	1808	0	3	3	18	4294967295	1	1
25	0	0	5	4	1808	0	3	4	18	4294967295	1	1
26	0	0	5	4	1808	0	3	5	18	4294967295	1	1
27	0	0	5	4	1808	0	3	6	18	4294967295	1	1
28	0	0	5	4	1808	0	4	0	18	36	3	1
29	0	0	5	4	1808	0	4	1	18	14	2	1
30	0	0	5	4	1808	0	4	2	18	18	1	1
31	0	0	5	4	1808	0	4	3	18	30	1	1
32	0	0	5	4	1808	0	4	4	18	30	1	1
33	0	0	5	4	1808	0	4	5	18	30	1	1
34	0	0	5	4	1808	0	4	6	18	30	1	1
35	0	0	5	4	1808	0	5	0	18	4294967295	3	1
36	0	0	5	4	1808	0	5	1	18	4294967295	2	1
37	0	0	5	4	1808	0	5	2	18	4294967295	1	1
38	0	0	5	4	1808	0	5	3	18	4294967295	1	1
39	0	0	5	4	1808	0	5	4	18	4294967295	1	1
40	0	0	5	4	1808	0	5	5	18	4294967295	1	1
41	0	0	5	4	1808	0	5	6	18	4294967295	1	1
42	0	0	5	4	1808	0	6	0	18	4294967295	3	1
43	0	0	5	4	1808	0	6	1	18	4294967295	2	1
44	0	0	5	4	1808	0	6	2	18	4294967295	1	1
45	0	0	5	4	1808	0	6	3	18	4294967295	1	1
46	0	0	5	4	1808	0	6	4	18	4294967295	1	1
47	0	0	5	4	1808	0	6	5	18	4294967295	1	1
48	0	0	5	4	1808	0	6	6	18	4294967295	1	1
49	0	0	5	4	1808	0	7	0	18	4294967295	3	1
50	0	0	5	4	1808	0	7	1	18	4294967295	2	1
51	0	0	5	4	1808	0	7	2	18	4294967295	1	1
52	0	0	5	4	1808	0	7	3	18	4294967295	1	1
53	0	0	5	4	1808	0	7	4	18	4294967295	1	1
54	0	0	5	4	1808	0	7	5	18	4294967295	1	1
55	0	0	5	4	1808	0	7	6	18	4294967295	1	1
56	0	0	5	4	1808	0	8	0	18	36	3	1
57	0	0	5	4	1808	0	8	1	18	14	2	1
58	0	0	5	4	1808	0	8	2	18	18	1	1
59	0	0	5	4	1808	0	8	3	18	30	1	1
60	0	0	5	4	1808	0	8	4	18	30	1	1
61	0	0	5	4	1808	0	8	5	18	30	1	1
62	0	0	5	4	1808	0	8	6	18	30	1	1
63	0	0	5	4	1808	0	9	0	18	36	3	1
64	0	0	5	4	1808	0	9	1	18	14	2	1
65	0	0	5	4	1808	0	9	2	18	18	1	1
66	0	0	5	4	1808	0	9	3	18	30	1	1
67	0	0	5	4	1808	0	9	4	18	30	1	1
68	0	0	5	4	1808	0	9	5	18	30	1	1
69	0	0	5	4	1808	0	9	6	18	30	1	1
70	0	0	5	4	1808	0	10	0	18	36	3	1
71	0	0	5	4	1808	0	10	1	18	14	2	1
72	0	0	5	4	1808	0	10	2	18	18	1	1
73	0	0	5	4	1808	0	10	3	18	30	1	1
74	0	0	5	4	1808	0	10	4	18	30	1	1
75	0	0	5	4	1808	0	10	5	18	30	1	1
76	0	0	5	4	1808	0	10	6	18	30	1	1
77	1	0	7	6	1808	0	0	0	30	4294967295	5	1
78	1	0	7	6	1808	0	0	1	30	4294967295	3	1
79	1	0	7	6	1808	0	0	2	30	4294967295	2	1
80	1	0	7	6	1808	0	0	3	30	4294967295	1	1
81	1	0	7	6	1808	0	0	4	30	4294967295	1	1
82	1	0	7	6	1808	0	0	5	30	4294967295	1	1
83	1	0	7	6	1808	0	0	6	30	4294967295	1	1
84	1	0	7	6	1808	0	1	0	30	4294967295	5	1
85	1	0	7	6	1808	0	1	1	30	4294967295	3	1
86	1	0	7	6	1808	0	1	2	30	4294967295	2	1
87	1	0	7	6	1808	0	1	3	30	4294967295	1	1
88	1	0	7	6	1808	0	1	4	30	4294967295	1	1
89	1	0	7	6	1808	0	1	5	30	4294967295	1	1
90	1	0	7	6	1808	0	1	6	30	4294967295	1	1
91	1	0	7	6	1808	0	2	0	30	4294967295	5	1
92	1	0	7	6	1808	0	2	1	30	4294967295	3	1
93	1	0	7	6	1808	0	2	2	30	4294967295	2	1
94	1	0	7	6	1808	0	2	3	30	4294967295	1	1
95	1	0	7	6	1808	0	2	4	30	4294967295	1	1
96	1	0	7	6	1808	0	2	5	30	4294967295	1	1
97	1	0	7	6	1808	0	2	6	30	4294967295	1	1
98	1	0	7	6	1808	0	3	0	30	4294967295	5	1
99	1	0	7	6	1808	0	3	1	30	4294967295	3	1
100	1	0	7	6	1808	0	3	2	30	4294967295	2	1
101	1	0	7	6	1808	0	3	3	30	4294967295	1	1
102	1	0	7	6	1808	0	3	4	30	4294967295	1	1
103	1	0	7	6	1808	0	3	5	30	4294967295	1	1
104	1	0	7	6	1808	0	3	6	30	4294967295	1	1
105	1	0	7	6	1808	0	4	0	30	60	5	1
106	1	0	7	6	1808	0	4	1	30	22	3	1
107	1	0	7	6	1808	0	4	2	30	30	2	1
108	1	0	7	6	1808	0	4	3	30	50	1	1
109	1	0	7	6	1808	0	4	4	30	50	1	1
110	1	0	7	6	1808	0	4	5	30	50	1	1
111	1	0	7	6	1808	0	4	6	30	50	1	1
112	1	0	7	6	1808	0	5	0	30	4294967295	5	1
113	1	0	7	6	1808	0	5	1	30	4294967295	3	1
114	1	0	7	6	1808	0	5	2	30	4294967295	2	1
115	1	0	7	6	1808	0	5	3	30	4294967295	1	1
116	1	0	7	6	1808	0	5	4	30	4294967295	1	1
117	1	0	7	6	1808	0	5	5	30	4294967295	1	1
118	1	0	7	6	1808	0	5	6	30	4294967295	1	1
119	1	0	7	6	1808	0	6	0	30	4294967295	5	1
120	1	0	7	6	1808	0	6	1	30	4294967295	3	1
121	1	0	7	6	1808	0	6	2	30	4294967295	2	1
122	1	0	7	6	1808	0	6	3	30	4294967295	1	1
123	1	0	7	6	1808	0	6	4	30	4294967295	1	1
124	1	0	7	6	1808	0	6	5	30	4294967295	1	1
125	1	0	7	6	1808	0	6	6	30	4294967295	1	1
126	1	0	7	6	1808	0	7	0	30	4294967295	5	1
127	1	0	7	6	1808	0	7	1	30	4294967295	3	1
128	1	0	7	6	1808	0	7	2	30	4294967295	2	1
129	1	0	7	6	1808	0	7	3	30	4294967295	1	1
130	1	0	7	6	1808	0	7	4	30	4294967295	1	1
131	1	0	7	6	1808	0	7	5	30	4294967295	1	1
132	1	0	7	6	1808	0	7	6	30	4294967295	1	1
133	1	0	7	6	1808	0	8	0	30	60	5	1
134	1	0	7	6	1808	0	8	1	30	22	3	1
135	1	0	7	6	1808	0	8	2	30	30	2	1
136	1	0	7	6	1808	0	8	3	30	50	1	1
137	1	0	7	6	1808	0	8	4	30	50	1	1
138	1	0	7	6	1808	0	8	5	30	50	1	1
139	1	0	7	6	1808	0	8	6	30	50	1	1
140	1	0	7	6	1808	0	9	0	30	60	5	1
141	1	0	7	6	1808	0	9	1	30	22	3	1
142	1	0	7	6	1808	0	9	2	30	30	2	1
143	1	0	7	6	1808	0	9	3	30	50	1	1
144	1	0	7	6	1808	0	9	4	30	50	1	1
145	1	0	7	6	1808	0	9	5	30	50	1	1
146	1	0	7	6	1808	0	9	6	30	50	1	1
147	1	0	7	6	1808	0	10	0	30	60	5	1
148	1	0	7	6	1808	0	10	1	30	22	3	1
149	1	0	7	6	1808	0	10	2	30	30	2	1
150	1	0	7	6	1808	0	10	3	30	50	1	1
151	1	0	7	6	1808	0	10	4	30	50	1	1
152	1	0	7	6	1808	0	10	5	30	50	1	1
153	1	0	7	6	1808	0	10	6	30	50	1	1
154	2	0	9	8	1552	0	0	0	70	4294967295	7	1
155	2	0	9	8	1552	0	0	1	70	4294967295	4	1
156	2	0	9	8	1552	0	0	2	70	4294967295	2	1
157	2	0	9	8	1552	0	0	3	70	4294967295	1	1
158	2	0	9	8	1552	0	0	4	70	4294967295	1	1
159	2	0	9	8	1552	0	0	5	70	4294967295	1	1
160	2	0	9	8	1552	0	0	6	70	4294967295	1	1
161	2	0	9	8	1552	0	1	0	70	4294967295	7	1
162	2	0	9	8	1552	0	1	1	70	4294967295	4	1
163	2	0	9	8	1552	0	1	2	70	4294967295	2	1
164	2	0	9	8	1552	0	1	3	70	4294967295	1	1
165	2	0	9	8	1552	0	1	4	70	4294967295	1	1
166	2	0	9	8	1552	0	1	5	70	4294967295	1	1
167	2	0	9	8	1552	0	1	6	70	4294967295	1	1
168	2	0	9	8	1552	0	2	0	70	4294967295	7	1
169	2	0	9	8	1552	0	2	1	70	4294967295	4	1
170	2	0	9	8	1552	0	2	2	70	4294967295	2	1
171	2	0	9	8	1552	0	2	3	70	4294967295	1	1
172	2	0	9	8	1552	0	2	4	70	4294967295	1	1
173	2	0	9	8	1552	0	2	5	70	4294967295	1	1
174	2	0	9	8	1552	0	2	6	70	4294967295	1	1
175	2	0	9	8	1552	0	3	0	70	4294967295	7	1
176	2	0	9	8	1552	0	3	1	70	4294967295	4	1
177	2	0	9	8	1552	0	3	2	70	4294967295	2	1
178	2	0	9	8	1552	0	3	3	70	4294967295	1	1
179	2	0	9	8	1552	0	3	4	70	4294967295	1	1
180	2	0	9	8	1552	0	3	5	70	4294967295	1	1
181	2	0	9	8	1552	0	3	6	70	4294967295	1	1
182	2	0	9	8	1552	0	4	0	70	140	7	1
183	2	0	9	8	1552	0	4	1	70	62	4	1
184	2	0	9	8	1552	0	4	2	70	50	2	1
185	2	0	9	8	1552	0	4	3	70	70	1	1
186	2	0	9	8	1552	0	4	4	70	98	1	1
187	2	0	9	8	1552	0	4	5	70	98	1	1
188	2	0	9	8	1552	0	4	6	70	98	1	1
189	2	0	9	8	1552	0	5	0	70	4294967295	7	1
190	2	0	9	8	1552	0	5	1	70	4294967295	4	1
191	2	0	9	8	1552	0	5	2	70	4294967295	2	1
192	2	0	9	8	1552	0	5	3	70	4294967295	1	1
193	2	0	9	8	1552	0	5	4	70	4294967295	1	1
194	2	0	9	8	1552	0	5	5	70	4294967295	1	1
195	2	0	9	8	1552	0	5	6	70	4294967295	1	1
196	2	0	9	8	1552	0	6	0	70	4294967295	7	1
197	2	0	9	8	1552	0	6	1	70	4294967295	4	1
198	2	0	9	8	1552	0	6	2	70	4294967295	2	1
199	2	0	9	8	1552	0	6	3	70	4294967295	1	1
200	2	0	9	8	1552	0	6	4	70	4294967295	1	1
201	2	0	9	8	1552	0	6	5	70	4294967295	1	1
202	2	0	9	8	1552	0	6	6	70	4294967295	1	1
203	2	0	9	8	1552	0	7	0	70	4294967295	7	1
204	2	0	9	8	1552	0	7	1	70	4294967295	4	1
205	2	0	9	8	1552	0	7	2	70	4294967295	2	1
206	2	0	9	8	1552	0	7	3	70	4294967295	1	1
207	2	0	9	8	1552	0	7	4	70	4294967295	1	1
208	2	0	9	8	1552	0	7	5	70	4294967295	1	1
209	2	0	9	8	1552	0	7	6	70	4294967295	1	1
210	2	0	9	8	1552	0	8	0	70	4294967295	7	1
211	2	0	9	8	1552	0	8	1	70	4294967295	4	1
212	2	0	9	8	1552	0	8	2	70	4294967295	2	1
213	2	0	9	8	1552	0	8	3	70	4294967295	1	1
214	2	0	9	8	1552	0	8	4	70	4294967295	1	1
215	2	0	9	8	1552	0	8	5	70	4294967295	1	1
216	2	0	9	8	1552	0	8	6	70	4294967295	1	1
217	2	0	9	8	1552	0	9	0	70	140	7	1
218	2	0	9	8	1552	0	9	1	70	62	4	1
219	2	0	9	8	1552	0	9	2	70	50	2	1
220	2	0	9	8	1552	0	9	3	70	70	1	1
221	2	0	9	8	1552	0	9	4	70	98	1	1
222	2	0	9	8	1552	0	9	5	70	98	1	1
223	2	0	9	8	1552	0	9	6	70	98	1	1
224	2	0	9	8	1552	0	10	0	70	140	7	1
225	2	0	9	8	1552	0	10	1	70	62	4	1
226	2	0	9	8	1552	0	10	2	70	50	2	1
227	2	0	9	8	1552	0	10	3	70	70	1	1
228	2	0	9	8	1552	0	10	4	70	98	1	1
229	2	0	9	8	1552	0	10	5	70	98	1	1
230	2	0	9	8	1552	0	10	6	70	98	1	1
231	3	0	11	10	1552	0	0	0	90	4294967295	9	1
232	3	0	11	10	1552	0	0	1	90	4294967295	5	1
233	3	0	11	10	1552	0	0	2	90	4294967295	3	1
234	3	0	11	10	1552	0	0	3	90	4294967295	2	1
235	3	0	11	10	1552	0	0	4	90	4294967295	1	1
236	3	0	11	10	1552	0	0	5	90	4294967295	1	1
237	3	0	11	10	1552	0	0	6	90	4294967295	1	1
238	3	0	11	10	1552	0	1	0	90	4294967295	9	1
239	3	0	11	10	1552	0	1	1	90	4294967295	5	1
240	3	0	11	10	1552	0	1	2	90	4294967295	3	1
241	3	0	11	10	1552	0	1	3	90	4294967295	2	1
242	3	0	11	10	1552	0	1	4	90	4294967295	1	1
243	3	0	11	10	1552	0	1	5	90	4294967295	1	1
244	3	0	11	10	1552	0	1	6	90	4294967295	1	1
245	3	0	11	10	1552	0	2	0	90	4294967295	9	1
246	3	0	11	10	1552	0	2	1	90	4294967295	5	1
247	3	0	11	10	1552	0	2	2	90	4294967295	3	1
248	3	0	11	10	1552	0	2	3	90	4294967295	2	1
249	3	0	11	10	1552	0	2	4	90	4294967295	1	1
250	3	0	11	10	1552	0	2	5	90	4294967295	1	1
251	3	0	11	10	1552	0	2	6	90	4294967295	1	1
252	3	0	11	10	1552	0	3	0	90	4294967295	9	1
253	3	0	11	10	1552	0	3	1	90	4294967295	5	1
254	3	0	11	10	1552	0	3	2	90	4294967295	3	1
255	3	0	11	10	1552	0	3	3	90	4294967295	2	1
256	3	0	11	10	1552	0	3	4	90	4294967295	1	1
257	3	0	11	10	1552	0	3	5	90	4294967295	1	1
258	3	0	11	10	1552	0	3	6	90	4294967295	1	1
259	3	0	11	10	1552	0	4	0	90	180	9	1
260	3	0	11	10	1552	0	4	1	90	78	5	1
261	3	0	11	10	1552	0	4	2	90	66	3	1
262	3	0	11	10	1552	0	4	3	90	90	2	1
263	3	0	11	10	1552	0	4	4	90	126	1	1
264	3	0	11	10	1552	0	4	5	90	126	1	1
265	3	0	11	10	1552	0	4	6	90	126	1	1
266	3	0	11	10	1552	0	5	0	90	4294967295	9	1
267	3	0	11	10	1552	0	5	1	90	4294967295	5	1
268	3	0	11	10	1552	0	5	2	90	4294967295	3	1
269	3	0	11	10	1552	0	5	3	90	4294967295	2	1
270	3	0	11	10	1552	0	5	4	90	4294967295	1	1
271	3	0	11	10	1552	0	5	5	90	4294967295	1	1
272	3	0	11	10	1552	0	5	6	90	4294967295	1	1
273	3	0	11	10	1552	0	6	0	90	4294967295	9	1
274	3	0	11	10	1552	0	6	1	90	4294967295	5	1
275	3	0	11	10	1552	0	6	2	90	4294967295	3	1
276	3	0	11	10	1552	0	6	3	90	4294967295	2	1
277	3	0	11	10	1552	0	6	4	90	4294967295	1	1
278	3	0	11	10	1552	0	6	5	90	4294967295	1	1
279	3	0	11	10	1552	0	6	6	90	4294967295	1	1
280	3	0	11	10	1552	0	7	0	90	4294967295	9	1
281	3	0	11	10	1552	0	7	1	90	4294967295	5	1
282	3	0	11	10	1552	0	7	2	90	4294967295	3	1
283	3	0	11	10	1552	0	7	3	90	4294967295	2	1
284	3	0	11	10	1552	0	7	4	90	4294967295	1	1
285	3	0	11	10	1552	0	7	5	90	4294967295	1	1
286	3	0	11	10	1552	0	7	6	90	4294967295	1	1
287	3	0	11	10	1552	0	8	0	90	4294967295	9	1
288	3	0	11	10	1552	0	8	1	90	4294967295	5	1
289	3	0	11	10	1552	0	8	2	90	4294967295	3	1
290	3	0	11	10	1552	0	8	3	90	4294967295	2	1
291	3	0	11	10	1552	0	8	4	90	4294967295	1	1
292	3	0	11	10	1552	0	8	5	90	4294967295	1	1
293	3	0	11	10	1552	0	8	6	90	4294967295	1	1
294	3	0	11	10	1552	0	9	0	90	180	9	1
295	3	0	11	10	1552	0	9	1	90	78	5	1
296	3	0	11	10	1552	0	9	2	90	66	3	1
297	3	0	11	10	1552	0	9	3	90	90	2	1
298	3	0	11	10	1552	0	9	4	90	126	1	1
299	3	0	11	10	1552	0	9	5	90	126	1	1
300	3	0	11	10	1552	0	9	6	90	126	1	1
301	3	0	11	10	1552	0	10	0	90	180	9	1
302	3	0	11	10	1552	0	10	1	90	78	5	1
303	3	0	11	10	1552	0	10	2	90	66	3	1
304	3	0	11	10	1552	0	10	3	90	90	2	1
305	3	0	11	10	1552	0	10	4	90	126	1	1
306	3	0	11	10	1552	0	10	5	90	126	1	1
307	3	0	11	10	1552	0	10	6	90	126	1	1
308	4	0	13	12	1552	0	0	0	110	4294967295	11	1
309	4	0	13	12	1552	0	0	1	110	4294967295	6	1
310	4	0	13	12	1552	0	0	2	110	4294967295	3	1
311	4	0	13	12	1552	0	0	3	110	4294967295	2	1
312	4	0	13	12	1552	0	0	4	110	4294967295	1	1
313	4	0	13	12	1552	0	0	5	110	4294967295	1	1
314	4	0	13	12	1552	0	0	6	110	4294967295	1	1
315	4	0	13	12	1552	0	1	0	110	4294967295	11	1
316	4	0	13	12	1552	0	1	1	110	4294967295	6	1
317	4	0	13	12	1552	0	1	2	110	4294967295	3	1
318	4	0	13	12	1552	0	1	3	110	4294967295	2	1
319	4	0	13	12	1552	0	1	4	110	4294967295	1	1
320	4	0	13	12	1552	0	1	5	110	4294967295	1	1
321	4	0	13	12	1552	0	1	6	110	4294967295	1	1
322	4	0	13	12	1552	0	2	0	110	4294967295	11	1
323	4	0	13	12	1552	0	2	1	110	4294967295	6	1
324	4	0	13	12	1552	0	2	2	110	4294967295	3	1
325	4	0	13	12	1552	0	2	3	110	4294967295	2	1
326	4	0	13	12	1552	0	2	4	110	4294967295	1	1
327	4	0	13	12	1552	0	2	5	110	4294967295	1	1
328	4	0	13	12	1552	0	2	6	110	4294967295	1	1
329	4	0	13	12	1552	0	3	0	110	4294967295	11	1
330	4	0	13	12	1552	0	3	1	110	4294967295	6	1
331	4	0	13	12	1552	0	3	2	110	4294967295	3	1
332	4	0	13	12	1552	0	3	3	110	4294967295	2	1
333	4	0	13	12	1552	0	3	4	110	4294967295	1	1
334	4	0	13	12	1552	0	3	5	110	4294967295	1	1
335	4	0	13	12	1552	0	3	6	110	4294967295	1	1
336	4	0	13	12	1552	0	4	0	110	220	11	1
337	4	0	13	12	1552	0	4	1	110	94	6	1
338	4	0	13	12	1552	0	4	2	110	78	3	1
339	4	0	13	12	1552	0	4	3	110	110	2	1
340	4	0	13	12	1552	0	4	4	110	154	1	1
341	4	0	13	12	1552	0	4	5	110	154	1	1
342	4	0	13	12	1552	0	4	6	110	154	1	1
343	4	0	13	12	1552	0	5	0	110	4294967295	11	1
344	4	0	13	12	1552	0	5	1	110	4294967295	6	1
345	4	0	13	12	1552	0	5	2	110	4294967295	3	1
346	4	0	13	12	1552	0	5	3	110	4294967295	2	1
347	4	0	13	12	1552	0	5	4	110	4294967295	1	1
348	4	0	13	12	1552	0	5	5	110	4294967295	1	1
349	4	0	13	12	1552	0	5	6	110	4294967295	1	1
350	4	0	13	12	1552	0	6	0	110	4294967295	11	1
351	4	0	13	12	1552	0	6	1	110	4294967295	6	1
352	4	0	13	12	1552	0	6	2	110	4294967295	3	1
353	4	0	13	12	1552	0	6	3	110	4294967295	2	1
354	4	0	13	12	1552	0	6	4	110	4294967295	1	1
355	4	0	13	12	1552	0	6	5	110	4294967295	1	1
356	4	0	13	12	1552	0	6	6	110	4294967295	1	1
357	4	0	13	12	1552	0	7	0	110	4294967295	11	1
358	4	0	13	12	1552	0	7	1	110	4294967295	6	1
359	4	0	13	12	1552	0	7	2	110	4294967295	3	1
360	4	0	13	12	1552	0	7	3	110	4294967295	2	1
361	4	0	13	12	1552	0	7	4	110	4294967295	1	1
362	4	0	13	12	1552	0	7	5	110	4294967295	1	1
363	4	0	13	12	1552	0	7	6	110	4294967295	1	1
364	4	0	13	12	1552	0	8	0	110	4294967295	11	1
365	4	0	13	12	1552	0	8	1	110	4294967295	6	1
366	4	0	13	12	1552	0	8	2	110	4294967295	3	1
367	4	0	13	12	1552	0	8	3	110	4294967295	2	1
368	4	0	13	12	1552	0	8	4	110	4294967295	1	1
369	4	0	13	12	1552	0	8	5	110	4294967295	1	1
370	4	0	13	12	1552	0	8	6	110	4294967295	1	1
371	4	0	13	12	1552	0	9	0	110	220	11	1
372	4	0	13	12	1552	0	9	1	110	94	6	1
373	4	0	13	12	1552	0	9	2	110	78	3	1
374	4	0	13	12	1552	0	9	3	110	110	2	1
375	4	0	13	12	1552	0	9	4	110	154	1	1
376	4	0	13	12	1552	0	9	5	110	154	1	1
377	4	0	13	12	1552	0	9	6	110	154	1	1
378	4	0	13	12	1552	0	10	0	110	220	11	1
379	4	0	13	12	1552	0	10	1	110	94	6	1
380	4	0	13	12	1552	0	10	2	110	78	3	1
381	4	0	13	12	1552	0	10	3	110	110	2	1
382	4	0	13	12	1552	0	10	4	110	154	1	1
383	4	0	13	12	1552	0	10	5	110	154	1	1
384	4	0	13	12	1552	0	10	6	110	154	1	1
385	5	0	15	14	1552	0	0	0	130	4294967295	13	1
386	5	0	15	14	1552	0	0	1	130	4294967295	7	1
387	5	0	15	14	1552	0	0	2	130	4294967295	4	1
388	5	0	15	14	1552	0	0	3	130	4294967295	2	1
389	5	0	15	14	1552	0	0	4	130	4294967295	1	1
390	5	0	15	14	1552	0	0	5	130	4294967295	1	1
391	5	0	15	14	1552	0	0	6	130	4294967295	1	1
392	5	0	15	14	1552	0	1	0	130	4294967295	13	1
393	5	0	15	14	1552	0	1	1	130	4294967295	7	1
394	5	0	15	14	1552	0	1	2	130	4294967295	4	1
395	5	0	15	14	1552	0	1	3	130	4294967295	2	1
396	5	0	15	14	1552	0	1	4	130	4294967295	1	1
397	5	0	15	14	1552	0	1	5	130	4294967295	1	1
398	5	0	15	14	1552	0	1	6	130	4294967295	1	1
399	5	0	15	14	1552	0	2	0	130	4294967295	13	1
400	5	0	15	14	1552	0	2	1	130	4294967295	7	1
401	5	0	15	14	1552	0	2	2	130	4294967295	4	1
402	5	0	15	14	1552	0	2	3	130	4294967295	2	1
403	5	0	15	14	1552	0	2	4	130	4294967295	1	1
404	5	0	15	14	1552	0	2	5	130	4294967295	1	1
405	5	0	15	14	1552	0	2	6	130	4294967295	1	1
406	5	0	15	14	1552	0	3	0	130	4294967295	13	1
407	5	0	15	14	1552	0	3	1	130	4294967295	7	1
408	5	0	15	14	1552	0	3	2	130	4294967295	4	1
409	5	0	15	14	1552	0	3	3	130	4294967295	2	1
410	5	0	15	14	1552	0	3	4	130	4294967295	1	1
411	5	0	15	14	1552	0	3	5	130	4294967295	1	1
412	5	0	15	14	1552	0	3	6	130	4294967295	1	1
413	5	0	15	14	1552	0	4	0	130	260	13	1
414	5	0	15	14	1552	0	4	1	130	110	7	1
415	5	0	15	14	1552	0	4	2	130	94	4	1
416	5	0	15	14	1552	0	4	3	130	130	2	1
417	5	0	15	14	1552	0	4	4	130	182	1	1
418	5	0	15	14	1552	0	4	5	130	182	1	1
419	5	0	15	14	1552	0	4	6	130	182	1	1
420	5	0	15	14	1552	0	5	0	130	4294967295	13	1
421	5	0	15	14	1552	0	5	1	130	4294967295	7	1
422	5	0	15	14	1552	0	5	2	130	4294967295	4	1
423	5	0	15	14	1552	0	5	3	130	4294967295	2	1
424	5	0	15	14	1552	0	5	4	130	4294967295	1	1
425	5	0	15	14	1552	0	5	5	130	4294967295	1	1
426	5	0	15	14	1552	0	5	6	130	4294967295	1	1
427	5	0	15	14	1552	0	6	0	130	4294967295	13	1
428	5	0	15	14	1552	0	6	1	130	4294967295	7	1
429	5	0	15	14	1552	0	6	2	130	4294967295	4	1
430	5	0	15	14	1552	0	6	3	130	4294967295	2	1
431	5	0	15	14	1552	0	6	4	130	4294967295	1	1
432	5	0	15	14	1552	0	6	5	130	4294967295	1	1
433	5	0	15	14	1552	0	6	6	130	4294967295	1	1
434	5	0	15	14	1552	0	7	0	130	4294967295	13	1
435	5	0	15	14	1552	0	7	1	130	4294967295	7	1
436	5	0	15	14	1552	0	7	2	130	4294967295	4	1
437	5	0	15	14	1552	0	7	3	130	4294967295	2	1
438	5	0	15	14	1552	0	7	4	130	4294967295	1	1
439	5	0	15	14	1552	0	7	5	130	4294967295	1	1
440	5	0	15	14	1552	0	7	6	130	4294967295	1	1
441	5	0	15	14	1552	0	8	0	130	4294967295	13	1
442	5	0	15	14	1552	0	8	1	130	4294967295	7	1
443	5	0	15	14	1552	0	8	2	130	4294967295	4	1
444	5	0	15	14	1552	0	8	3	130	4294967295	2	1
445	5	0	15	14	1552	0	8	4	130	4294967295	1	1
446	5	0	15	14	1552	0	8	5	130	4294967295	1	1
447	5	0	15	14	1552	0	8	6	130	4294967295	1	1
448	5	0	15	14	1552	0	9	0	130	260	13	1
449	5	0	15	14	1552	0	9	1	130	110	7	1
450	5	0	15	14	1552	0	9	2	130	94	4	1
451	5	0	15	14	1552	0	9	3	130	130	2	1
452	5	0	15	14	1552	0	9	4	130	182	1	1
453	5	0	15	14	1552	0	9	5	130	182	1	1
454	5	0	15	14	1552	0	9	6	130	182	1	1
455	5	0	15	14	1552	0	10	0	130	260	13	1
456	5	0	15	14	1552	0	10	1	130	110	7	1
457	5	0	15	14	1552	0	10	2	130	94	4	1
458	5	0	15	14	1552	0	10	3	130	130	2	1
459	5	0	15	14	1552	0	10	4	130	182	1	1
460	5	0	15	14	1552	0	10	5	130	182	1	1
461	5	0	15	14	1552	0	10	6	130	182	1	1
462	6	0	17	16	1040	0	0	0	210	4294967295	15	1
463	6	0	17	16	1040	0	0	1	210	4294967295	8	1
464	6	0	17	16	1040	0	0	2	210	4294967295	4	1
465	6	0	17	16	1040	0	0	3	210	4294967295	2	1
466	6	0	17	16	1040	0	0	4	210	4294967295	1	1
467	6	0	17	16	1040	0	0	5	210	4294967295	1	1
468	6	0	17	16	1040	0	0	6	210	4294967295	1	1
469	6	0	17	16	1040	0	1	0	210	4294967295	15	1
470	6	0	17	16	1040	0	1	1	210	4294967295	8	1
471	6	0	17	16	1040	0	1	2	210	4294967295	4	1
472	6	0	17	16	1040	0	1	3	210	4294967295	2	1
473	6	0	17	16	1040	0	1	4	210	4294967295	1	1
474	6	0	17	16	1040	0	1	5	210	4294967295	1	1
475	6	0	17	16	1040	0	1	6	210	4294967295	1	1
476	6	0	17	16	1040	0	2	0	210	4294967295	15	1
477	6	0	17	16	1040	0	2	1	210	4294967295	8	1
478	6	0	17	16	1040	0	2	2	210	4294967295	4	1
479	6	0	17	16	1040	0	2	3	210	4294967295	2	1
480	6	0	17	16	1040	0	2	4	210	4294967295	1	1
481	6	0	17	16	1040	0	2	5	210	4294967295	1	1
482	6	0	17	16	1040	0	2	6	210	4294967295	1	1
483	6	0	17	16	1040	0	3	0	210	4294967295	15	1
484	6	0	17	16	1040	0	3	1	210	4294967295	8	1
485	6	0	17	16	1040	0	3	2	210	4294967295	4	1
486	6	0	17	16	1040	0	3	3	210	4294967295	2	1
487	6	0	17	16	1040	0	3	4	210	4294967295	1	1
488	6	0	17	16	1040	0	3	5	210	4294967295	1	1
489	6	0	17	16	1040	0	3	6	210	4294967295	1	1
490	6	0	17	16	1040	0	4	0	210	420	15	1
491	6	0	17	16	1040	0	4	1	210	190	8	1
492	6	0	17	16	1040	0	4	2	210	138	4	1
493	6	0	17	16	1040	0	4	3	210	158	2	1
494	6	0	17	16	1040	0	4	4	210	210	1	1
495	6	0	17	16	1040	0	4	5	210	270	1	1
496	6	0	17	16	1040	0	4	6	210	270	1	1
497	6	0	17	16	1040	0	5	0	210	4294967295	15	1
498	6	0	17	16	1040	0	5	1	210	4294967295	8	1
499	6	0	17	16	1040	0	5	2	210	4294967295	4	1
500	6	0	17	16	1040	0	5	3	210	4294967295	2	1
501	6	0	17	16	1040	0	5	4	210	4294967295	1	1
502	6	0	17	16	1040	0	5	5	210	4294967295	1	1
503	6	0	17	16	1040	0	5	6	210	4294967295	1	1
504	6	0	17	16	1040	0	6	0	210	4294967295	15	1
505	6	0	17	16	1040	0	6	1	210	4294967295	8	1
506	6	0	17	16	1040	0	6	2	210	4294967295	4	1
507	6	0	17	16	1040	0	6	3	210	4294967295	2	1
508	6	0	17	16	1040	0	6	4	210	4294967295	1	1
509	6	0	17	16	1040	0	6	5	210	4294967295	1	1
510	6	0	17	16	1040	0	6	6	210	4294967295	1	1
511	6	0	17	16	1040	0	7	0	210	4294967295	15	1
512	6	0	17	16	1040	0	7	1	210	4294967295	8	1
513	6	0	17	16	1040	0	7	2	210	4294967295	4	1
514	6	0	17	16	1040	0	7	3	210	4294967295	2	1
515	6	0	17	16	1040	0	7	4	210	4294967295	1	1
516	6	0	17	16	1040	0	7	5	210	4294967295	1	1
517	6	0	17	16	1040	0	7	6	210	4294967295	1	1
518	6	0	17	16	1040	0	8	0	210	4294967295	15	1
519	6	0	17	16	1040	0	8	1	210	4294967295	8	1
520	6	0	17	16	1040	0	8	2	210	4294967295	4	1
521	6	0	17	16	1040	0	8	3	210	4294967295	2	1
522	6	0	17	16	1040	0	8	4	210	4294967295	1	1
523	6	0	17	16	1040	0	8	5	210	4294967295	1	1
524	6	0	17	16	1040	0	8	6	210	4294967295	1	1
525	6	0	17	16	1040	0	9	0	210	4294967295	15	1
526	6	0	17	16	1040	0	9	1	210	4294967295	8	1
527	6	0	17	16	1040	0	9	2	210	4294967295	4	1
528	6	0	17	16	1040	0	9	3	210	4294967295	2	1
529	6	0	17	16	1040	0	9	4	210	4294967295	1	1
530	6	0	17	16	1040	0	9	5	210	4294967295	1	1
531	6	0	17	16	1040	0	9	6	210	4294967295	1	1
532	6	0	17	16	1040	0	10	0	210	420	15	1
533	6	0	17	16	1040	0	10	1	210	190	8	1
534	6	0	17	16	1040	0	10	2	210	138	4	1
535	6	0	17	16	1040	0	10	3	210	158	2	1
536	6	0	17	16	1040	0	10	4	210	210	1	1
537	6	0	17	16	1040	0	10	5	210	270	1	1
538	6	0	17	16	1040	0	10	6	210	270	1	1
539	7	0	19	18	1040	0	0	0	238	4294967295	17	1
540	7	0	19	18	1040	0	0	1	238	4294967295	9	1
541	7	0	19	18	1040	0	0	2	238	4294967295	5	1
542	7	0	19	18	1040	0	0	3	238	4294967295	3	1
543	7	0	19	18	1040	0	0	4	238	4294967295	2	1
544	7	0	19	18	1040	0	0	5	238	4294967295	1	1
545	7	0	19	18	1040	0	0	6	238	4294967295	1	1
546	7	0	19	18	1040	0	1	0	238	4294967295	17	1
547	7	0	19	18	1040	0	1	1	238	4294967295	9	1
548	7	0	19	18	1040	0	1	2	238	4294967295	5	1
549	7	0	19	18	1040	0	1	3	238	4294967295	3	1
550	7	0	19	18	1040	0	1	4	238	4294967295	2	1
551	7	0	19	18	1040	0	1	5	238	4294967295	1	1
552	7	0	19	18	1040	0	1	6	238	4294967295	1	1
553	7	0	19	18	1040	0	2	0	238	4294967295	17	1
554	7	0	19	18	1040	0	2	1	238	4294967295	9	1
555	7	0	19	18	1040	0	2	2	238	4294967295	5	1
556	7	0	19	18	1040	0	2	3	238	4294967295	3	1
557	7	0	19	18	1040	0	2	4	238	4294967295	2	1
558	7	0	19	18	1040	0	2	5	238	4294967295	1	1
559	7	0	19	18	1040	0	2	6	238	4294967295	1	1
560	7	0	19	18	1040	0	3	0	238	4294967295	17	1
561	7	0	19	18	1040	0	3	1	238	4294967295	9	1
562	7	0	19	18	1040	0	3	2	238	4294967295	5	1
563	7	0	19	18	1040	0	3	3	238	4294967295	3	1
564	7	0	19	18	1040	0	3	4	238	4294967295	2	1
565	7	0	19	18	1040	0	3	5	238	4294967295	1	1
566	7	0	19	18	1040	0	3	6	238	4294967295	1	1
567	7	0	19	18	1040	0	4	0	238	476	17	1
568	7	0	19	18	1040	0	4	1	238	214	9	1
569	7	0	19	18	1040	0	4	2	238	162	5	1
570	7	0	19	18	1040	0	4	3	238	182	3	1
571	7	0	19	18	1040	0	4	4	238	238	2	1
572	7	0	19	18	1040	0	4	5	238	306	1	1
573	7	0	19	18	1040	0	4	6	238	306	1	1
574	7	0	19	18	1040	0	5	0	238	4294967295	17	1
575	7	0	19	18	1040	0	5	1	238	4294967295	9	1
576	7	0	19	18	1040	0	5	2	238	4294967295	5	1
577	7	0	19	18	1040	0	5	3	238	4294967295	3	1
578	7	0	19	18	1040	0	5	4	238	4294967295	2	1
579	7	0	19	18	1040	0	5	5	238	4294967295	1	1
580	7	0	19	18	1040	0	5	6	238	4294967295	1	1
581	7	0	19	18	1040	0	6	0	238	4294967295	17	1
582	7	0	19	18	1040	0	6	1	238	4294967295	9	1
583	7	0	19	18	1040	0	6	2	238	4294967295	5	1
584	7	0	19	18	1040	0	6	3	238	4294967295	3	1
585	7	0	19	18	1040	0	6	4	238	4294967295	2	1
586	7	0	19	18	1040	0	6	5	238	4294967295	1	1
587	7	0	19	18	1040	0	6	6	238	4294967295	1	1
588	7	0	19	18	1040	0	7	0	238	4294967295	17	1
589	7	0	19	18	1040	0	7	1	238	4294967295	9	1
590	7	0	19	18	1040	0	7	2	238	4294967295	5	1
591	7	0	19	18	1040	0	7	3	238	4294967295	3	1
592	7	0	19	18	1040	0	7	4	238	4294967295	2	1
593	7	0	19	18	1040	0	7	5	238	4294967295	1	1
594	7	0	19	18	1040	0	7	6	238	4294967295	1	1
595	7	0	19	18	1040	0	8	0	238	4294967295	17	1
596	7	0	19	18	1040	0	8	1	238	4294967295	9	1
597	7	0	19	18	1040	0	8	2	238	4294967295	5	1
598	7	0	19	18	1040	0	8	3	238	4294967295	3	1
599	7	0	19	18	1040	0	8	4	238	4294967295	2	1
600	7	0	19	18	1040	0	8	5	238	4294967295	1	1
601	7	0	19	18	1040	0	8	6	238	4294967295	1	1
602	7	0	19	18	1040	0	9	0	238	4294967295	17	1
603	7	0	19	18	1040	0	9	1	238	4294967295	9	1
604	7	0	19	18	1040	0	9	2	238	4294967295	5	1
605	7	0	19	18	1040	0	9	3	238	4294967295	3	1
606	7	0	19	18	1040	0	9	4	238	4294967295	2	1
607	7	0	19	18	1040	0	9	5	238	4294967295	1	1
608	7	0	19	18	1040	0	9	6	238	4294967295	1	1
609	7	0	19	18	1040	0	10	0	238	476	17	1
610	7	0	19	18	1040	0	10	1	238	214	9	1
611	7	0	19	18	1040	0	10	2	238	162	5	1
612	7	0	19	18	1040	0	10	3	238	182	3	1
613	7	0	19	18	1040	0	10	4	238	238	2	1
614	7	0	19	18	1040	0	10	5	238	306	1	1
615	7	0	19	18	1040	0	10	6	238	306	1	1
616	8	0	21	20	1040	0	0	0	266	4294967295	19	1
617	8	0	21	20	1040	0	0	1	266	4294967295	10	1
618	8	0	21	20	1040	0	0	2	266	4294967295	5	1
619	8	0	21	20	1040	0	0	3	266	4294967295	3	1
620	8	0	21	20	1040	0	0	4	266	4294967295	2	1
621	8	0	21	20	1040	0	0	5	266	4294967295	1	1
622	8	0	21	20	1040	0	0	6	266	4294967295	1	1
623	8	0	21	20	1040	0	1	0	266	4294967295	19	1
624	8	0	21	20	1040	0	1	1	266	4294967295	10	1
625	8	0	21	20	1040	0	1	2	266	4294967295	5	1
626	8	0	21	20	1040	0	1	3	266	4294967295	3	1
627	8	0	21	20	1040	0	1	4	266	4294967295	2	1
628	8	0	21	20	1040	0	1	5	266	4294967295	1	1
629	8	0	21	20	1040	0	1	6	266	4294967295	1	1
630	8	0	21	20	1040	0	2	0	266	4294967295	19	1
631	8	0	21	20	1040	0	2	1	266	4294967295	10	1
632	8	0	21	20	1040	0	2	2	266	4294967295	5	1
633	8	0	21	20	1040	0	2	3	266	4294967295	3	1
634	8	0	21	20	1040	0	2	4	266	4294967295	2	1
635	8	0	21	20	1040	0	2	5	266	4294967295	1	1
636	8	0	21	20	1040	0	2	6	266	4294967295	1	1
637	8	0	21	20	1040	0	3	0	266	4294967295	19	1
638	8	0	21	20	1040	0	3	1	266	4294967295	10	1
639	8	0	21	20	1040	0	3	2	266	4294967295	5	1
640	8	0	21	20	1040	0	3	3	266	4294967295	3	1
641	8	0	21	20	1040	0	3	4	266	4294967295	2	1
642	8	0	21	20	1040	0	3	5	266	4294967295	1	1
643	8	0	21	20	1040	0	3	6	266	4294967295	1	1
644	8	0	21	20	1040	0	4	0	266	532	19	1
645	8	0	21	20	1040	0	4	1	266	238	10	1
646	8	0	21	20	1040	0	4	2	266	174	5	1
647	8	0	21	20	1040	0	4	3	266	202	3	1
648	8	0	21	20	1040	0	4	4	266	266	2	1
649	8	0	21	20	1040	0	4	5	266	342	1	1
650	8	0	21	20	1040	0	4	6	266	342	1	1
651	8	0	21	20	1040	0	5	0	266	4294967295	19	1
652	8	0	21	20	1040	0	5	1	266	4294967295	10	1
653	8	0	21	20	1040	0	5	2	266	4294967295	5	1
654	8	0	21	20	1040	0	5	3	266	4294967295	3	1
655	8	0	21	20	1040	0	5	4	266	4294967295	2	1
656	8	0	21	20	1040	0	5	5	266	4294967295	1	1
657	8	0	21	20	1040	0	5	6	266	4294967295	1	1
658	8	0	21	20	1040	0	6	0	266	4294967295	19	1
659	8	0	21	20	1040	0	6	1	266	4294967295	10	1
660	8	0	21	20	1040	0	6	2	266	4294967295	5	1
661	8	0	21	20	1040	0	6	3	266	4294967295	3	1
662	8	0	21	20	1040	0	6	4	266	4294967295	2	1
663	8	0	21	20	1040	0	6	5	266	4294967295	1	1
664	8	0	21	20	1040	0	6	6	266	4294967295	1	1
665	8	0	21	20	1040	0	7	0	266	4294967295	19	1
666	8	0	21	20	1040	0	7	1	266	4294967295	10	1
667	8	0	21	20	1040	0	7	2	266	4294967295	5	1
668	8	0	21	20	1040	0	7	3	266	4294967295	3	1
669	8	0	21	20	1040	0	7	4	266	4294967295	2	1
670	8	0	21	20	1040	0	7	5	266	4294967295	1	1
671	8	0	21	20	1040	0	7	6	266	4294967295	1	1
672	8	0	21	20	1040	0	8	0	266	4294967295	19	1
673	8	0	21	20	1040	0	8	1	266	4294967295	10	1
674	8	0	21	20	1040	0	8	2	266	4294967295	5	1
675	8	0	21	20	1040	0	8	3	266	4294967295	3	1
676	8	0	21	20	1040	0	8	4	266	4294967295	2	1
677	8	0	21	20	1040	0	8	5	266	4294967295	1	1
678	8	0	21	20	1040	0	8	6	266	4294967295	1	1
679	8	0	21	20	1040	0	9	0	266	4294967295	19	1
680	8	0	21	20	1040	0	9	1	266	4294967295	10	1
681	8	0	21	20	1040	0	9	2	266	4294967295	5	1
682	8	0	21	20	1040	0	9	3	266	4294967295	3	1
683	8	0	21	20	1040	0	9	4	266	4294967295	2	1
684	8	0	21	20	1040	0	9	5	266	4294967295	1	1
685	8	0	21	20	1040	0	9	6	266	4294967295	1	1
686	8	0	21	20	1040	0	10	0	266	532	19	1
687	8	0	21	20	1040	0	10	1	266	238	10	1
688	8	0	21	20	1040	0	10	2	266	174	5	1
689	8	0	21	20	1040	0	10	3	266	202	3	1
690	8	0	21	20	1040	0	10	4	266	266	2	1
691	8	0	21	20	1040	0	10	5	266	342	1	1
692	8	0	21	20	1040	0	10	6	266	342	1	1
693	9	0	23	22	1040	0	0	0	294	4294967295	21	1
694	9	0	23	22	1040	0	0	1	294	4294967295	11	1
695	9	0	23	22	1040	0	0	2	294	4294967295	6	1
696	9	0	23	22	1040	0	0	3	294	4294967295	3	1
697	9	0	23	22	1040	0	0	4	294	4294967295	2	1
698	9	0	23	22	1040	0	0	5	294	4294967295	1	1
699	9	0	23	22	1040	0	0	6	294	4294967295	1	1
700	9	0	23	22	1040	0	1	0	294	4294967295	21	1
701	9	0	23	22	1040	0	1	1	294	4294967295	11	1
702	9	0	23	22	1040	0	1	2	294	4294967295	6	1
703	9	0	23	22	1040	0	1	3	294	4294967295	3	1
704	9	0	23	22	1040	0	1	4	294	4294967295	2	1
705	9	0	23	22	1040	0	1	5	294	4294967295	1	1
706	9	0	23	22	1040	0	1	6	294	4294967295	1	1
707	9	0	23	22	1040	0	2	0	294	4294967295	21	1
708	9	0	23	22	1040	0	2	1	294	4294967295	11	1
709	9	0	23	22	1040	0	2	2	294	4294967295	6	1
710	9	0	23	22	1040	0	2	3	294	4294967295	3	1
711	9	0	23	22	1040	0	2	4	294	4294967295	2	1
712	9	0	23	22	1040	0	2	5	294	4294967295	1	1
713	9	0	23	22	1040	0	2	6	294	4294967295	1	1
714	9	0	23	22	1040	0	3	0	294	4294967295	21	1
715	9	0	23	22	1040	0	3	1	294	4294967295	11	1
716	9	0	23	22	1040	0	3	2	294	4294967295	6	1
717	9	0	23	22	1040	0	3	3	294	4294967295	3	1
718	9	0	23	22	1040	0	3	4	294	4294967295	2	1
719	9	0	23	22	1040	0	3	5	294	4294967295	1	1
720	9	0	23	22	1040	0	3	6	294	4294967295	1	1
721	9	0	23	22	1040	0	4	0	294	588	21	1
722	9	0	23	22	1040	0	4	1	294	262	11	1
723	9	0	23	22	1040	0	4	2	294	198	6	1
724	9	0	23	22	1040	0	4	3	294	222	3	1
725	9	0	23	22	1040	0	4	4	294	294	2	1
726	9	0	23	22	1040	0	4	5	294	378	1	1
727	9	0	23	22	1040	0	4	6	294	378	1	1
728	9	0	23	22	1040	0	5	0	294	4294967295	21	1
729	9	0	23	22	1040	0	5	1	294	4294967295	11	1
730	9	0	23	22	1040	0	5	2	294	4294967295	6	1
731	9	0	23	22	1040	0	5	3	294	4294967295	3	1
732	9	0	23	22	1040	0	5	4	294	4294967295	2	1
733	9	0	23	22	1040	0	5	5	294	4294967295	1	1
734	9	0	23	22	1040	0	5	6	294	4294967295	1	1
735	9	0	23	22	1040	0	6	0	294	4294967295	21	1
736	9	0	23	22	1040	0	6	1	294	4294967295	11	1
737	9	0	23	22	1040	0	6	2	294	4294967295	6	1
738	9	0	23	22	1040	0	6	3	294	4294967295	3	1
739	9	0	23	22	1040	0	6	4	294	4294967295	2	1
740	9	0	23	22	1040	0	6	5	294	4294967295	1	1
741	9	0	23	22	1040	0	6	6	294	4294967295	1	1
742	9	0	23	22	1040	0	7	0	294	4294967295	21	1
743	9	0	23	22	1040	0	7	1	294	4294967295	11	1
744	9	0	23	22	1040	0	7	2	294	4294967295	6	1
745	9	0	23	22	1040	0	7	3	294	4294967295	3	1
746	9	0	23	22	1040	0	7	4	294	4294967295	2	1
747	9	0	23	22	1040	0	7	5	294	4294967295	1	1
748	9	0	23	22	1040	0	7	6	294	4294967295	1	1
749	9	0	23	22	1040	0	8	0	294	4294967295	21	1
750	9	0	23	22	1040	0	8	1	294	4294967295	11	1
751	9	0	23	22	1040	0	8	2	294	4294967295	6	1
752	9	0	23	22	1040	0	8	3	294	4294967295	3	1
753	9	0	23	22	1040	0	8	4	294	4294967295	2	1
754	9	0	23	22	1040	0	8	5	294	4294967295	1	1
755	9	0	23	22	1040	0	8	6	294	4294967295	1	1
756	9	0	23	22	1040	0	9	0	294	4294967295	21	1
757	9	0	23	22	1040	0	9	1	294	4294967295	11	1
758	9	0	23	22	1040	0	9	2	294	4294967295	6	1
759	9	0	23	22	1040	0	9	3	294	4294967295	3	1
760	9	0	23	22	1040	0	9	4	294	4294967295	2	1
761	9	0	23	22	1040	0	9	5	294	4294967295	1	1
762	9	0	23	22	1040	0	9	6	294	4294967295	1	1
763	9	0	23	22	1040	0	10	0	294	588	21	1
764	9	0	23	22	1040	0	10	1	294	262	11	1
765	9	0	23	22	1040	0	10	2	294	198	6	1
766	9	0	23	22	1040	0	10	3	294	222	3	1
767	9	0	23	22	1040	0	10	4	294	294	2	1
768	9	0	23	22	1040	0	10	5	294	378	1	1
769	9	0	23	22	1040	0	10	6	294	378	1	1
770	10	0	25	24	1040	0	0	0	322	4294967295	23	1
771	10	0	25	24	1040	0	0	1	322	4294967295	12	1
772	10	0	25	24	1040	0	0	2	322	4294967295	6	1
773	10	0	25	24	1040	0	0	3	322	4294967295	3	1
774	10	0	25	24	1040	0	0	4	322	4294967295	2	1
775	10	0	25	24	1040	0	0	5	322	4294967295	1	1
776	10	0	25	24	1040	0	0	6	322	4294967295	1	1
777	10	0	25	24	1040	0	1	0	322	4294967295	23	1
778	10	0	25	24	1040	0	1	1	322	4294967295	12	1
779	10	0	25	24	1040	0	1	2	322	4294967295	6	1
780	10	0	25	24	1040	0	1	3	322	4294967295	3	1
781	10	0	25	24	1040	0	1	4	322	4294967295	2	1
782	10	0	25	24	1040	0	1	5	322	4294967295	1	1
783	10	0	25	24	1040	0	1	6	322	4294967295	1	1
784	10	0	25	24	1040	0	2	0	322	4294967295	23	1
785	10	0	25	24	1040	0	2	1	322	4294967295	12	1
786	10	0	25	24	1040	0	2	2	322	4294967295	6	1
787	10	0	25	24	1040	0	2	3	322	4294967295	3	1
788	10	0	25	24	1040	0	2	4	322	4294967295	2	1
789	10	0	25	24	1040	0	2	5	322	4294967295	1	1
790	10	0	25	24	1040	0	2	6	322	4294967295	1	1
791	10	0	25	24	1040	0	3	0	322	4294967295	23	1
792	10	0	25	24	1040	0	3	1	322	4294967295	12	1
793	10	0	25	24	1040	0	3	2	322	4294967295	6	1
794	10	0	25	24	1040	0	3	3	322	4294967295	3	1
795	10	0	25	24	1040	0	3	4	322	4294967295	2	1
796	10	0	25	24	1040	0	3	5	322	4294967295	1	1
797	10	0	25	24	1040	0	3	6	322	4294967295	1	1
798	10	0	25	24	1040	0	4	0	322	644	23	1
799	10	0	25	24	1040	0	4	1	322	286	12	1
800	10	0	25	24	1040	0	4	2	322	210	6	1
801	10	0	25	24	1040	0	4	3	322	242	3	1
802	10	0	25	24	1040	0	4	4	322	322	2	1
803	10	0	25	24	1040	0	4	5	322	414	1	1
804	10	0	25	24	1040	0	4	6	322	414	1	1
805	10	0	25	24	1040	0	5	0	322	4294967295	23	1
806	10	0	25	24	1040	0	5	1	322	4294967295	12	1
807	10	0	25	24	1040	0	5	2	322	4294967295	6	1
808	10	0	25	24	1040	0	5	3	322	4294967295	3	1
809	10	0	25	24	1040	0	5	4	322	4294967295	2	1
810	10	0	25	24	1040	0	5	5	322	4294967295	1	1
811	10	0	25	24	1040	0	5	6	322	4294967295	1	1
812	10	0	25	24	1040	0	6	0	322	4294967295	23	1
813	10	0	25	24	1040	0	6	1	322	4294967295	12	1
814	10	0	25	24	1040	0	6	2	322	4294967295	6	1
815	10	0	25	24	1040	0	6	3	322	4294967295	3	1
816	10	0	25	24	1040	0	6	4	322	4294967295	2	1
817	10	0	25	24	1040	0	6	5	322	4294967295	1	1
818	10	0	25	24	1040	0	6	6	322	4294967295	1	1
819	10	0	25	24	1040	0	7	0	322	4294967295	23	1
820	10	0	25	24	1040	0	7	1	322	4294967295	12	1
821	10	0	25	24	1040	0	7	2	322	4294967295	6	1
822	10	0	25	24	1040	0	7	3	322	4294967295	3	1
823	10	0	25	24	1040	0	7	4	322	4294967295	2	1
824	10	0	25	24	1040	0	7	5	322	4294967295	1	1
825	10	0	25	24	1040	0	7	6	322	4294967295	1	1
826	10	0	25	24	1040	0	8	0	322	4294967295	23	1
827	10	0	25	24	1040	0	8	1	322	4294967295	12	1
828	10	0	25	24	1040	0	8	2	322	4294967295	6	1
829	10	0	25	24	1040	0	8	3	322	4294967295	3	1
830	10	0	25	24	1040	0	8	4	322	4294967295	2	1
831	10	0	25	24	1040	0	8	5	322	4294967295	1	1
832	10	0	25	24	1040	0	8	6	322	4294967295	1	1
833	10	0	25	24	1040	0	9	0	322	4294967295	23	1
834	10	0	25	24	1040	0	9	1	322	4294967295	12	1
835	10	0	25	24	1040	0	9	2	322	4294967295	6	1
836	10	0	25	24	1040	0	9	3	322	4294967295	3	1
837	10	0	25	24	1040	0	9	4	322	4294967295	2	1
838	10	0	25	24	1040	0	9	5	322	4294967295	1	1
839	10	0	25	24	1040	0	9	6	322	4294967295	1	1
840	10	0	25	24	1040	0	10	0	322	644	23	1
841	10	0	25	24	1040	0	10	1	322	286	12	1
842	10	0	25	24	1040	0	10	2	322	210	6	1
843	10	0	25	24	1040	0	10	3	322	242	3	1
844	10	0	25	24	1040	0	10	4	322	322	2	1
845	10	0	25	24	1040	0	10	5	322	414	1	1
846	10	0	25	24	1040	0	10	6	322	414	1	1
847	11	0	27	26	1040	0	0	0	350	4294967295	25	1
848	11	0	27	26	1040	0	0	1	350	4294967295	13	1
849	11	0	27	26	1040	0	0	2	350	4294967295	7	1
850	11	0	27	26	1040	0	0	3	350	4294967295	4	1
851	11	0	27	26	1040	0	0	4	350	4294967295	2	1
852	11	0	27	26	1040	0	0	5	350	4294967295	1	1
853	11	0	27	26	1040	0	0	6	350	4294967295	1	1
854	11	0	27	26	1040	0	1	0	350	4294967295	25	1
855	11	0	27	26	1040	0	1	1	350	4294967295	13	1
856	11	0	27	26	1040	0	1	2	350	4294967295	7	1
857	11	0	27	26	1040	0	1	3	350	4294967295	4	1
858	11	0	27	26	1040	0	1	4	350	4294967295	2	1
859	11	0	27	26	1040	0	1	5	350	4294967295	1	1
860	11	0	27	26	1040	0	1	6	350	4294967295	1	1
861	11	0	27	26	1040	0	2	0	350	4294967295	25	1
862	11	0	27	26	1040	0	2	1	350	4294967295	13	1
863	11	0	27	26	1040	0	2	2	350	4294967295	7	1
864	11	0	27	26	1040	0	2	3	350	4294967295	4	1
865	11	0	27	26	1040	0	2	4	350	4294967295	2	1
866	11	0	27	26	1040	0	2	5	350	4294967295	1	1
867	11	0	27	26	1040	0	2	6	350	4294967295	1	1
868	11	0	27	26	1040	0	3	0	350	4294967295	25	1
869	11	0	27	26	1040	0	3	1	350	4294967295	13	1
870	11	0	27	26	1040	0	3	2	350	4294967295	7	1
871	11	0	27	26	1040	0	3	3	350	4294967295	4	1
872	11	0	27	26	1040	0	3	4	350	4294967295	2	1
873	11	0	27	26	1040	0	3	5	350	4294967295	1	1
874	11	0	27	26	1040	0	3	6	350	4294967295	1	1
875	11	0	27	26	1040	0	4	0	350	700	25	1
876	11	0	27	26	1040	0	4	1	350	310	13	1
877	11	0	27	26	1040	0	4	2	350	234	7	1
878	11	0	27	26	1040	0	4	3	350	266	4	1
879	11	0	27	26	1040	0	4	4	350	350	2	1
880	11	0	27	26	1040	0	4	5	350	450	1	1
881	11	0	27	26	1040	0	4	6	350	450	1	1
882	11	0	27	26	1040	0	5	0	350	4294967295	25	1
883	11	0	27	26	1040	0	5	1	350	4294967295	13	1
884	11	0	27	26	1040	0	5	2	350	4294967295	7	1
885	11	0	27	26	1040	0	5	3	350	4294967295	4	1
886	11	0	27	26	1040	0	5	4	350	4294967295	2	1
887	11	0	27	26	1040	0	5	5	350	4294967295	1	1
888	11	0	27	26	1040	0	5	6	350	4294967295	1	1
889	11	0	27	26	1040	0	6	0	350	4294967295	25	1
890	11	0	27	26	1040	0	6	1	350	4294967295	13	1
891	11	0	27	26	1040	0	6	2	350	4294967295	7	1
892	11	0	27	26	1040	0	6	3	350	4294967295	4	1
893	11	0	27	26	1040	0	6	4	350	4294967295	2	1
894	11	0	27	26	1040	0	6	5	350	4294967295	1	1
895	11	0	27	26	1040	0	6	6	350	4294967295	1	1
896	11	0	27	26	1040	0	7	0	350	4294967295	25	1
897	11	0	27	26	1040	0	7	1	350	4294967295	13	1
898	11	0	27	26	1040	0	7	2	350	4294967295	7	1
899	11	0	27	26	1040	0	7	3	350	4294967295	4	1
900	11	0	27	26	1040	0	7	4	350	4294967295	2	1
901	11	0	27	26	1040	0	7	5	350	4294967295	1	1
902	11	0	27	26	1040	0	7	6	350	4294967295	1	1
903	11	0	27	26	1040	0	8	0	350	4294967295	25	1
904	11	0	27	26	1040	0	8	1	350	4294967295	13	1
905	11	0	27	26	1040	0	8	2	350	4294967295	7	1
906	11	0	27	26	1040	0	8	3	350	4294967295	4	1
907	11	0	27	26	1040	0	8	4	350	4294967295	2	1
908	11	0	27	26	1040	0	8	5	350	4294967295	1	1
909	11	0	27	26	1040	0	8	6	350	4294967295	1	1
910	11	0	27	26	1040	0	9	0	350	4294967295	25	1
911	11	0	27	26	1040	0	9	1	350	4294967295	13	1
912	11	0	27	26	1040	0	9	2	350	4294967295	7	1
913	11	0	27	26	1040	0	9	3	350	4294967295	4	1
914	11	0	27	26	1040	0	9	4	350	4294967295	2	1
915	11	0	27	26	1040	0	9	5	350	4294967295	1	1
916	11	0	27	26	1040	0	9	6	350	4294967295	1	1
917	11	0	27	26	1040	0	10	0	350	700	25	1
918	11	0	27	26	1040	0	10	1	350	310	13	1
919	11	0	27	26	1040	0	10	2	350	234	7	1
920	11	0	27	26	1040	0	10	3	350	266	4	1
921	11	0	27	26	1040	0	10	4	350	350	2	1
922	11	0	27	26	1040	0	10	5	350	450	1	1
923	11	0	27	26	1040	0	10	6	350	450	1	1
924	12	0	29	28	1040	0	0	0	378	4294967295	27	1
925	12	0	29	28	1040	0	0	1	378	4294967295	14	1
926	12	0	29	28	1040	0	0	2	378	4294967295	7	1
927	12	0	29	28	1040	0	0	3	378	4294967295	4	1
928	12	0	29	28	1040	0	0	4	378	4294967295	2	1
929	12	0	29	28	1040	0	0	5	378	4294967295	1	1
930	12	0	29	28	1040	0	0	6	378	4294967295	1	1
931	12	0	29	28	1040	0	1	0	378	4294967295	27	1
932	12	0	29	28	1040	0	1	1	378	4294967295	14	1
933	12	0	29	28	1040	0	1	2	378	4294967295	7	1
934	12	0	29	28	1040	0	1	3	378	4294967295	4	1
935	12	0	29	28	1040	0	1	4	378	4294967295	2	1
936	12	0	29	28	1040	0	1	5	378	4294967295	1	1
937	12	0	29	28	1040	0	1	6	378	4294967295	1	1
938	12	0	29	28	1040	0	2	0	378	4294967295	27	1
939	12	0	29	28	1040	0	2	1	378	4294967295	14	1
940	12	0	29	28	1040	0	2	2	378	4294967295	7	1
941	12	0	29	28	1040	0	2	3	378	4294967295	4	1
942	12	0	29	28	1040	0	2	4	378	4294967295	2	1
943	12	0	29	28	1040	0	2	5	378	4294967295	1	1
944	12	0	29	28	1040	0	2	6	378	4294967295	1	1
945	12	0	29	28	1040	0	3	0	378	4294967295	27	1
946	12	0	29	28	1040	0	3	1	378	4294967295	14	1
947	12	0	29	28	1040	0	3	2	378	4294967295	7	1
948	12	0	29	28	1040	0	3	3	378	4294967295	4	1
949	12	0	29	28	1040	0	3	4	378	4294967295	2	1
950	12	0	29	28	1040	0	3	5	378	4294967295	1	1
951	12	0	29	28	1040	0	3	6	378	4294967295	1	1
952	12	0	29	28	1040	0	4	0	378	756	27	1
953	12	0	29	28	1040	0	4	1	378	334	14	1
954	12	0	29	28	1040	0	4	2	378	246	7	1
955	12	0	29	28	1040	0	4	3	378	286	4	1
956	12	0	29	28	1040	0	4	4	378	378	2	1
957	12	0	29	28	1040	0	4	5	378	486	1	1
958	12	0	29	28	1040	0	4	6	378	486	1	1
959	12	0	29	28	1040	0	5	0	378	4294967295	27	1
960	12	0	29	28	1040	0	5	1	378	4294967295	14	1
961	12	0	29	28	1040	0	5	2	378	4294967295	7	1
962	12	0	29	28	1040	0	5	3	378	4294967295	4	1
963	12	0	29	28	1040	0	5	4	378	4294967295	2	1
964	12	0	29	28	1040	0	5	5	378	4294967295	1	1
965	12	0	29	28	1040	0	5	6	378	4294967295	1	1
966	12	0	29	28	1040	0	6	0	378	4294967295	27	1
967	12	0	29	28	1040	0	6	1	378	4294967295	14	1
968	12	0	29	28	1040	0	6	2	378	4294967295	7	1
969	12	0	29	28	1040	0	6	3	378	4294967295	4	1
970	12	0	29	28	1040	0	6	4	378	4294967295	2	1
971	12	0	29	28	1040	0	6	5	378	4294967295	1	1
972	12	0	29	28	1040	0	6	6	378	4294967295	1	1
973	12	0	29	28	1040	0	7	0	378	4294967295	27	1
974	12	0	29	28	1040	0	7	1	378	4294967295	14	1
975	12	0	29	28	1040	0	7	2	378	4294967295	7	1
976	12	0	29	28	1040	0	7	3	378	4294967295	4	1
977	12	0	29	28	1040	0	7	4	378	4294967295	2	1
978	12	0	29	28	1040	0	7	5	378	4294967295	1	1
979	12	0	29	28	1040	0	7	6	378	4294967295	1	1
980	12	0	29	28	1040	0	8	0	378	4294967295	27	1
981	12	0	29	28	1040	0	8	1	378	4294967295	14	1
982	12	0	29	28	1040	0	8	2	378	4294967295	7	1
983	12	0	29	28	1040	0	8	3	378	4294967295	4	1
984	12	0	29	28	1040	0	8	4	378	4294967295	2	1
985	12	0	29	28	1040	0	8	5	378	4294967295	1	1
986	12	0	29	28	1040	0	8	6	378	4294967295	1	1
987	12	0	29	28	1040	0	9	0	378	4294967295	27	1
988	12	0	29	28	1040	0	9	1	378	4294967295	14	1
989	12	0	29	28	1040	0	9	2	378	4294967295	7	1
990	12	0	29	28	1040	0	9	3	378	4294967295	4	1
991	12	0	29	28	1040	0	9	4	378	4294967295	2	1
992	12	0	29	28	1040	0	9	5	378	4294967295	1	1
993	12	0	29	28	1040	0	9	6	378	4294967295	1	1
994	12	0	29	28	1040	0	10	0	378	756	27	1
995	12	0	29	28	1040	0	10	1	378	334	14	1
996	12	0	29	28	1040	0	10	2	378	246	7	1
997	12	0	29	28	1040	0	10	3	378	286	4	1
998	12	0	29	28	1040	0	10	4	378	378	2	1
999	12	0	29	28	1040	0	10	5	378	486	1	1
1000	12	0	29	28	1040	0	10	6	378	486	1	1
1001	13	0	31	30	1040	0	0	0	406	4294967295	29	1
1002	13	0	31	30	1040	0	0	1	406	4294967295	15	1
1003	13	0	31	30	1040	0	0	2	406	4294967295	8	1
1004	13	0	31	30	1040	0	0	3	406	4294967295	4	1
1005	13	0	31	30	1040	0	0	4	406	4294967295	2	1
1006	13	0	31	30	1040	0	0	5	406	4294967295	1	1
1007	13	0	31	30	1040	0	0	6	406	4294967295	1	1
1008	13	0	31	30	1040	0	1	0	406	4294967295	29	1
1009	13	0	31	30	1040	0	1	1	406	4294967295	15	1
1010	13	0	31	30	1040	0	1	2	406	4294967295	8	1
1011	13	0	31	30	1040	0	1	3	406	4294967295	4	1
1012	13	0	31	30	1040	0	1	4	406	4294967295	2	1
1013	13	0	31	30	1040	0	1	5	406	4294967295	1	1
1014	13	0	31	30	1040	0	1	6	406	4294967295	1	1
1015	13	0	31	30	1040	0	2	0	406	4294967295	29	1
1016	13	0	31	30	1040	0	2	1	406	4294967295	15	1
1017	13	0	31	30	1040	0	2	2	406	4294967295	8	1
1018	13	0	31	30	1040	0	2	3	406	4294967295	4	1
1019	13	0	31	30	1040	0	2	4	406	4294967295	2	1
1020	13	0	31	30	1040	0	2	5	406	4294967295	1	1
1021	13	0	31	30	1040	0	2	6	406	4294967295	1	1
1022	13	0	31	30	1040	0	3	0	406	4294967295	29	1
1023	13	0	31	30	1040	0	3	1	406	4294967295	15	1
1024	13	0	31	30	1040	0	3	2	406	4294967295	8	1
1025	13	0	31	30	1040	0	3	3	406	4294967295	4	1
1026	13	0	31	30	1040	0	3	4	406	4294967295	2	1
1027	13	0	31	30	1040	0	3	5	406	4294967295	1	1
1028	13	0	31	30	1040	0	3	6	406	4294967295	1	1
1029	13	0	31	30	1040	0	4	0	406	812	29	1
1030	13	0	31	30	1040	0	4	1	406	358	15	1
1031	13	0	31	30	1040	0	4	2	406	270	8	1
1032	13	0	31	30	1040	0	4	3	406	306	4	1
1033	13	0	31	30	1040	0	4	4	406	406	2	1
1034	13	0	31	30	1040	0	4	5	406	522	1	1
1035	13	0	31	30	1040	0	4	6	406	522	1	1
1036	13	0	31	30	1040	0	5	0	406	4294967295	29	1
1037	13	0	31	30	1040	0	5	1	406	4294967295	15	1
1038	13	0	31	30	1040	0	5	2	406	4294967295	8	1
1039	13	0	31	30	1040	0	5	3	406	4294967295	4	1
1040	13	0	31	30	1040	0	5	4	406	4294967295	2	1
1041	13	0	31	30	1040	0	5	5	406	4294967295	1	1
1042	13	0	31	30	1040	0	5	6	406	4294967295	1	1
1043	13	0	31	30	1040	0	6	0	406	4294967295	29	1
1044	13	0	31	30	1040	0	6	1	406	4294967295	15	1
1045	13	0	31	30	1040	0	6	2	406	4294967295	8	1
1046	13	0	31	30	1040	0	6	3	406	4294967295	4	1
1047	13	0	31	30	1040	0	6	4	406	4294967295	2	1
1048	13	0	31	30	1040	0	6	5	406	4294967295	1	1
1049	13	0	31	30	1040	0	6	6	406	4294967295	1	1
1050	13	0	31	30	1040	0	7	0	406	4294967295	29	1
1051	13	0	31	30	1040	0	7	1	406	4294967295	15	1
1052	13	0	31	30	1040	0	7	2	406	4294967295	8	1
1053	13	0	31	30	1040	0	7	3	406	4294967295	4	1
1054	13	0	31	30	1040	0	7	4	406	4294967295	2	1
1055	13	0	31	30	1040	0	7	5	406	4294967295	1	1
1056	13	0	31	30	1040	0	7	6	406	4294967295	1	1
1057	13	0	31	30	1040	0	8	0	406	4294967295	29	1
1058	13	0	31	30	1040	0	8	1	406	4294967295	15	1
1059	13	0	31	30	1040	0	8	2	406	4294967295	8	1
1060	13	0	31	30	1040	0	8	3	406	4294967295	4	1
1061	13	0	31	30	1040	0	8	4	406	4294967295	2	1
1062	13	0	31	30	1040	0	8	5	406	4294967295	1	1
1063	13	0	31	30	1040	0	8	6	406	4294967295	1	1
1064	13	0	31	30	1040	0	9	0	406	4294967295	29	1
1065	13	0	31	30	1040	0	9	1	406	4294967295	15	1
1066	13	0	31	30	1040	0	9	2	406	4294967295	8	1
1067	13	0	31	30	1040	0	9	3	406	4294967295	4	1
1068	13	0	31	30	1040	0	9	4	406	4294967295	2	1
1069	13	0	31	30	1040	0	9	5	406	4294967295	1	1
1070	13	0	31	30	1040	0	9	6	406	4294967295	1	1
1071	13	0	31	30	1040	0	10	0	406	812	29	1
1072	13	0	31	30	1040	0	10	1	406	358	15	1
1073	13	0	31	30	1040	0	10	2	406	270	8	1
1074	13	0	31	30	1040	0	10	3	406	306	4	1
1075	13	0	31	30	1040	0	10	4	406	406	2	1
1076	13	0	31	30	1040	0	10	5	406	522	1	1
1077	13	0	31	30	1040	0	10	6	406	522	1	1
1078	14	0	33	32	16	0	0	0	558	4294967295	31	1
1079	14	0	33	32	16	0	0	1	558	4294967295	16	1
1080	14	0	33	32	16	0	0	2	558	4294967295	8	1
1081	14	0	33	32	16	0	0	3	558	4294967295	4	1
1082	14	0	33	32	16	0	0	4	558	4294967295	2	1
1083	14	0	33	32	16	0	0	5	558	4294967295	1	1
1084	14	0	33	32	16	0	0	6	558	4294967295	1	1
1085	14	0	33	32	16	0	1	0	558	4294967295	31	1
1086	14	0	33	32	16	0	1	1	558	4294967295	16	1
1087	14	0	33	32	16	0	1	2	558	4294967295	8	1
1088	14	0	33	32	16	0	1	3	558	4294967295	4	1
1089	14	0	33	32	16	0	1	4	558	4294967295	2	1
1090	14	0	33	32	16	0	1	5	558	4294967295	1	1
1091	14	0	33	32	16	0	1	6	558	4294967295	1	1
1092	14	0	33	32	16	0	2	0	558	4294967295	31	1
1093	14	0	33	32	16	0	2	1	558	4294967295	16	1
1094	14	0	33	32	16	0	2	2	558	4294967295	8	1
1095	14	0	33	32	16	0	2	3	558	4294967295	4	1
1096	14	0	33	32	16	0	2	4	558	4294967295	2	1
1097	14	0	33	32	16	0	2	5	558	4294967295	1	1
1098	14	0	33	32	16	0	2	6	558	4294967295	1	1
1099	14	0	33	32	16	0	3	0	558	4294967295	31	1
1100	14	0	33	32	16	0	3	1	558	4294967295	16	1
1101	14	0	33	32	16	0	3	2	558	4294967295	8	1
1102	14	0	33	32	16	0	3	3	558	4294967295	4	1
1103	14	0	33	32	16	0	3	4	558	4294967295	2	1
1104	14	0	33	32	16	0	3	5	558	4294967295	1	1
1105	14	0	33	32	16	0	3	6	558	4294967295	1	1
1106	14	0	33	32	16	0	4	0	558	1116	31	1
1107	14	0	33	32	16	0	4	1	558	510	16	1
1108	14	0	33	32	16	0	4	2	558	346	8	1
1109	14	0	33	32	16	0	4	3	558	358	4	1
1110	14	0	33	32	16	0	4	4	558	442	2	1
1111	14	0	33	32	16	0	4	5	558	558	1	1
1112	14	0	33	32	16	0	4	6	558	682	1	1
1113	14	0	33	32	16	0	5	0	558	4294967295	31	1
1114	14	0	33	32	16	0	5	1	558	4294967295	16	1
1115	14	0	33	32	16	0	5	2	558	4294967295	8	1
1116	14	0	33	32	16	0	5	3	558	4294967295	4	1
1117	14	0	33	32	16	0	5	4	558	4294967295	2	1
1118	14	0	33	32	16	0	5	5	558	4294967295	1	1
1119	14	0	33	32	16	0	5	6	558	4294967295	1	1
1120	14	0	33	32	16	0	6	0	558	4294967295	31	1
1121	14	0	33	32	16	0	6	1	558	4294967295	16	1
1122	14	0	33	32	16	0	6	2	558	4294967295	8	1
1123	14	0	33	32	16	0	6	3	558	4294967295	4	1
1124	14	0	33	32	16	0	6	4	558	4294967295	2	1
1125	14	0	33	32	16	0	6	5	558	4294967295	1	1
1126	14	0	33	32	16	0	6	6	558	4294967295	1	1
1127	14	0	33	32	16	0	7	0	558	4294967295	31	1
1128	14	0	33	32	16	0	7	1	558	4294967295	16	1
1129	14	0	33	32	16	0	7	2	558	4294967295	8	1
1130	14	0	33	32	16	0	7	3	558	4294967295	4	1
1131	14	0	33	32	16	0	7	4	558	4294967295	2	1
1132	14	0	33	32	16	0	7	5	558	4294967295	1	1
1133	14	0	33	32	16	0	7	6	558	4294967295	1	1
1134	14	0	33	32	16	0	8	0	558	4294967295	31	1
1135	14	0	33	32	16	0	8	1	558	4294967295	16	1
1136	14	0	33	32	16	0	8	2	558	4294967295	8	1
1137	14	0	33	32	16	0	8	3	558	4294967295	4	1
1138	14	0	33	32	16	0	8	4	558	4294967295	2	1
1139	14	0	33	32	16	0	8	5	558	4294967295	1	1
1140	14	0	33	32	16	0	8	6	558	4294967295	1	1
1141	14	0	33	32	16	0	9	0	558	4294967295	31	1
1142	14	0	33	32	16	0	9	1	558	4294967295	16	1
1143	14	0	33	32	16	0	9	2	558	4294967295	8	1
1144	14	0	33	32	16	0	9	3	558	4294967295	4	1
1145	14	0	33	32	16	0	9	4	558	4294967295	2	1
1146	14	0	33	32	16	0	9	5	558	4294967295	1	1
1147	14	0	33	32	16	0	9	6	558	4294967295	1	1
1148	14	0	33	32	16	0	10	0	558	4294967295	31	1
1149	14	0	33	32	16	0	10	1	558	4294967295	16	1
1150	14	0	33	32	16	0	10	2	558	4294967295	8	1
1151	14	0	33	32	16	0	10	3	558	4294967295	4	1
1152	14	0	33	32	16	0	10	4	558	4294967295	2	1
1153	14	0	33	32	16	0	10	5	558	4294967295	1	1
1154	14	0	33	32	16	0	10	6	558	4294967295	1	1
1155	15	0	35	34	16	0	0	0	594	4294967295	33	1
1156	15	0	35	34	16	0	0	1	594	4294967295	17	1
1157	15	0	35	34	16	0	0	2	594	4294967295	9	1
1158	15	0	35	34	16	0	0	3	594	4294967295	5	1
1159	15	0	35	34	16	0	0	4	594	4294967295	3	1
1160	15	0	35	34	16	0	0	5	594	4294967295	2	1
1161	15	0	35	34	16	0	0	6	594	4294967295	1	1
1162	15	0	35	34	16	0	1	0	594	4294967295	33	1
1163	15	0	35	34	16	0	1	1	594	4294967295	17	1
1164	15	0	35	34	16	0	1	2	594	4294967295	9	1
1165	15	0	35	34	16	0	1	3	594	4294967295	5	1
1166	15	0	35	34	16	0	1	4	594	4294967295	3	1
1167	15	0	35	34	16	0	1	5	594	4294967295	2	1
1168	15	0	35	34	16	0	1	6	594	4294967295	1	1
1169	15	0	35	34	16	0	2	0	594	4294967295	33	1
1170	15	0	35	34	16	0	2	1	594	4294967295	17	1
1171	15	0	35	34	16	0	2	2	594	4294967295	9	1
1172	15	0	35	34	16	0	2	3	594	4294967295	5	1
1173	15	0	35	34	16	0	2	4	594	4294967295	3	1
1174	15	0	35	34	16	0	2	5	594	4294967295	2	1
1175	15	0	35	34	16	0	2	6	594	4294967295	1	1
1176	15	0	35	34	16	0	3	0	594	4294967295	33	1
1177	15	0	35	34	16	0	3	1	594	4294967295	17	1
1178	15	0	35	34	16	0	3	2	594	4294967295	9	1
1179	15	0	35	34	16	0	3	3	594	4294967295	5	1
1180	15	0	35	34	16	0	3	4	594	4294967295	3	1
1181	15	0	35	34	16	0	3	5	594	4294967295	2	1
1182	15	0	35	34	16	0	3	6	594	4294967295	1	1
1183	15	0	35	34	16	0	4	0	594	1188	33	1
1184	15	0	35	34	16	0	4	1	594	542	17	1
1185	15	0	35	34	16	0	4	2	594	378	9	1
1186	15	0	35	34	16	0	4	3	594	390	5	1
1187	15	0	35	34	16	0	4	4	594	474	3	1
1188	15	0	35	34	16	0	4	5	594	594	2	1
1189	15	0	35	34	16	0	4	6	594	726	1	1
1190	15	0	35	34	16	0	5	0	594	4294967295	33	1
1191	15	0	35	34	16	0	5	1	594	4294967295	17	1
1192	15	0	35	34	16	0	5	2	594	4294967295	9	1
1193	15	0	35	34	16	0	5	3	594	4294967295	5	1
1194	15	0	35	34	16	0	5	4	594	4294967295	3	1
1195	15	0	35	34	16	0	5	5	594	4294967295	2	1
1196	15	0	35	34	16	0	5	6	594	4294967295	1	1
1197	15	0	35	34	16	0	6	0	594	4294967295	33	1
1198	15	0	35	34	16	0	6	1	594	4294967295	17	1
1199	15	0	35	34	16	0	6	2	594	4294967295	9	1
1200	15	0	35	34	16	0	6	3	594	4294967295	5	1
1201	15	0	35	34	16	0	6	4	594	4294967295	3	1
1202	15	0	35	34	16	0	6	5	594	4294967295	2	1
1203	15	0	35	34	16	0	6	6	594	4294967295	1	1
1204	15	0	35	34	16	0	7	0	594	4294967295	33	1
1205	15	0	35	34	16	0	7	1	594	4294967295	17	1
1206	15	0	35	34	16	0	7	2	594	4294967295	9	1
1207	15	0	35	34	16	0	7	3	594	4294967295	5	1
1208	15	0	35	34	16	0	7	4	594	4294967295	3	1
1209	15	0	35	34	16	0	7	5	594	4294967295	2	1
1210	15	0	35	34	16	0	7	6	594	4294967295	1	1
1211	15	0	35	34	16	0	8	0	594	4294967295	33	1
1212	15	0	35	34	16	0	8	1	594	4294967295	17	1
1213	15	0	35	34	16	0	8	2	594	4294967295	9	1
1214	15	0	35	34	16	0	8	3	594	4294967295	5	1
1215	15	0	35	34	16	0	8	4	594	4294967295	3	1
1216	15	0	35	34	16	0	8	5	594	4294967295	2	1
1217	15	0	35	34	16	0	8	6	594	4294967295	1	1
1218	15	0	35	34	16	0	9	0	594	4294967295	33	1
1219	15	0	35	34	16	0	9	1	594	4294967295	17	1
1220	15	0	35	34	16	0	9	2	594	4294967295	9	1
1221	15	0	35	34	16	0	9	3	594	4294967295	5	1
1222	15	0	35	34	16	0	9	4	594	4294967295	3	1
1223	15	0	35	34	16	0	9	5	594	4294967295	2	1
1224	15	0	35	34	16	0	9	6	594	4294967295	1	1
1225	15	0	35	34	16	0	10	0	594	4294967295	33	1
1226	15	0	35	34	16	0	10	1	594	4294967295	17	1
1227	15	0	35	34	16	0	10	2	594	4294967295	9	1
1228	15	0	35	34	16	0	10	3	594	4294967295	5	1
1229	15	0	35	34	16	0	10	4	594	4294967295	3	1
1230	15	0	35	34	16	0	10	5	594	4294967295	2	1
1231	15	0	35	34	16	0	10	6	594	4294967295	1	1
1232	16	0	37	36	16	0	0	0	630	4294967295	35	1
1233	16	0	37	36	16	0	0	1	630	4294967295	18	1
1234	16	0	37	36	16	0	0	2	630	4294967295	9	1
1235	16	0	37	36	16	0	0	3	630	4294967295	5	1
1236	16	0	37	36	16	0	0	4	630	4294967295	3	1
1237	16	0	37	36	16	0	0	5	630	4294967295	2	1
1238	16	0	37	36	16	0	0	6	630	4294967295	1	1
1239	16	0	37	36	16	0	1	0	630	4294967295	35	1
1240	16	0	37	36	16	0	1	1	630	4294967295	18	1
1241	16	0	37	36	16	0	1	2	630	4294967295	9	1
1242	16	0	37	36	16	0	1	3	630	4294967295	5	1
1243	16	0	37	36	16	0	1	4	630	4294967295	3	1
1244	16	0	37	36	16	0	1	5	630	4294967295	2	1
1245	16	0	37	36	16	0	1	6	630	4294967295	1	1
1246	16	0	37	36	16	0	2	0	630	4294967295	35	1
1247	16	0	37	36	16	0	2	1	630	4294967295	18	1
1248	16	0	37	36	16	0	2	2	630	4294967295	9	1
1249	16	0	37	36	16	0	2	3	630	4294967295	5	1
1250	16	0	37	36	16	0	2	4	630	4294967295	3	1
1251	16	0	37	36	16	0	2	5	630	4294967295	2	1
1252	16	0	37	36	16	0	2	6	630	4294967295	1	1
1253	16	0	37	36	16	0	3	0	630	4294967295	35	1
1254	16	0	37	36	16	0	3	1	630	4294967295	18	1
1255	16	0	37	36	16	0	3	2	630	4294967295	9	1
1256	16	0	37	36	16	0	3	3	630	4294967295	5	1
1257	16	0	37	36	16	0	3	4	630	4294967295	3	1
1258	16	0	37	36	16	0	3	5	630	4294967295	2	1
1259	16	0	37	36	16	0	3	6	630	4294967295	1	1
1260	16	0	37	36	16	0	4	0	630	1260	35	1
1261	16	0	37	36	16	0	4	1	630	574	18	1
1262	16	0	37	36	16	0	4	2	630	390	9	1
1263	16	0	37	36	16	0	4	3	630	410	5	1
1264	16	0	37	36	16	0	4	4	630	502	3	1
1265	16	0	37	36	16	0	4	5	630	630	2	1
1266	16	0	37	36	16	0	4	6	630	770	1	1
1267	16	0	37	36	16	0	5	0	630	4294967295	35	1
1268	16	0	37	36	16	0	5	1	630	4294967295	18	1
1269	16	0	37	36	16	0	5	2	630	4294967295	9	1
1270	16	0	37	36	16	0	5	3	630	4294967295	5	1
1271	16	0	37	36	16	0	5	4	630	4294967295	3	1
1272	16	0	37	36	16	0	5	5	630	4294967295	2	1
1273	16	0	37	36	16	0	5	6	630	4294967295	1	1
1274	16	0	37	36	16	0	6	0	630	4294967295	35	1
1275	16	0	37	36	16	0	6	1	630	4294967295	18	1
1276	16	0	37	36	16	0	6	2	630	4294967295	9	1
1277	16	0	37	36	16	0	6	3	630	4294967295	5	1
1278	16	0	37	36	16	0	6	4	630	4294967295	3	1
1279	16	0	37	36	16	0	6	5	630	4294967295	2	1
1280	16	0	37	36	16	0	6	6	630	4294967295	1	1
1281	16	0	37	36	16	0	7	0	630	4294967295	35	1
1282	16	0	37	36	16	0	7	1	630	4294967295	18	1
1283	16	0	37	36	16	0	7	2	630	4294967295	9	1
1284	16	0	37	36	16	0	7	3	630	4294967295	5	1
1285	16	0	37	36	16	0	7	4	630	4294967295	3	1
1286	16	0	37	36	16	0	7	5	630	4294967295	2	1
1287	16	0	37	36	16	0	7	6	630	4294967295	1	1
1288	16	0	37	36	16	0	8	0	630	4294967295	35	1
1289	16	0	37	36	16	0	8	1	630	4294967295	18	1
1290	16	0	37	36	16	0	8	2	630	4294967295	9	1
1291	16	0	37	36	16	0	8	3	630	4294967295	5	1
1292	16	0	37	36	16	0	8	4	630	4294967295	3	1
1293	16	0	37	36	16	0	8	5	630	4294967295	2	1
1294	16	0	37	36	16	0	8	6	630	4294967295	1	1
1295	16	0	37	36	16	0	9	0	630	4294967295	35	1
1296	16	0	37	36	16	0	9	1	630	4294967295	18	1
1297	16	0	37	36	16	0	9	2	630	4294967295	9	1
1298	16	0	37	36	16	0	9	3	630	4294967295	5	1
1299	16	0	37	36	16	0	9	4	630	4294967295	3	1
1300	16	0	37	36	16	0	9	5	630	4294967295	2	1
1301	16	0	37	36	16	0	9	6	630	4294967295	1	1
1302	16	0	37	36	16	0	10	0	630	4294967295	35	1
1303	16	0	37	36	16	0	10	1	630	4294967295	18	1
1304	16	0	37	36	16	0	10	2	630	4294967295	9	1
1305	16	0	37	36	16	0	10	3	630	4294967295	5	1
1306	16	0	37	36	16	0	10	4	630	4294967295	3	1
1307	16	0	37	36	16	0	10	5	630	4294967295	2	1
1308	16	0	37	36	16	0	10	6	630	4294967295	1	1
1309	17	0	39	38	16	0	0	0	666	4294967295	37	1
1310	17	0	39	38	16	0	0	1	666	4294967295	19	1
1311	17	0	39	38	16	0	0	2	666	4294967295	10	1
1312	17	0	39	38	16	0	0	3	666	4294967295	5	1
1313	17	0	39	38	16	0	0	4	666	4294967295	3	1
1314	17	0	39	38	16	0	0	5	666	4294967295	2	1
1315	17	0	39	38	16	0	0	6	666	4294967295	1	1
1316	17	0	39	38	16	0	1	0	666	4294967295	37	1
1317	17	0	39	38	16	0	1	1	666	4294967295	19	1
1318	17	0	39	38	16	0	1	2	666	4294967295	10	1
1319	17	0	39	38	16	0	1	3	666	4294967295	5	1
1320	17	0	39	38	16	0	1	4	666	4294967295	3	1
1321	17	0	39	38	16	0	1	5	666	4294967295	2	1
1322	17	0	39	38	16	0	1	6	666	4294967295	1	1
1323	17	0	39	38	16	0	2	0	666	4294967295	37	1
1324	17	0	39	38	16	0	2	1	666	4294967295	19	1
1325	17	0	39	38	16	0	2	2	666	4294967295	10	1
1326	17	0	39	38	16	0	2	3	666	4294967295	5	1
1327	17	0	39	38	16	0	2	4	666	4294967295	3	1
1328	17	0	39	38	16	0	2	5	666	4294967295	2	1
1329	17	0	39	38	16	0	2	6	666	4294967295	1	1
1330	17	0	39	38	16	0	3	0	666	4294967295	37	1
1331	17	0	39	38	16	0	3	1	666	4294967295	19	1
1332	17	0	39	38	16	0	3	2	666	4294967295	10	1
1333	17	0	39	38	16	0	3	3	666	4294967295	5	1
1334	17	0	39	38	16	0	3	4	666	4294967295	3	1
1335	17	0	39	38	16	0	3	5	666	4294967295	2	1
1336	17	0	39	38	16	0	3	6	666	4294967295	1	1
1337	17	0	39	38	16	0	4	0	666	1332	37	1
1338	17	0	39	38	16	0	4	1	666	606	19	1
1339	17	0	39	38	16	0	4	2	666	422	10	1
1340	17	0	39	38	16	0	4	3	666	430	5	1
1341	17	0	39	38	16	0	4	4	666	530	3	1
1342	17	0	39	38	16	0	4	5	666	666	2	1
1343	17	0	39	38	16	0	4	6	666	814	1	1
1344	17	0	39	38	16	0	5	0	666	4294967295	37	1
1345	17	0	39	38	16	0	5	1	666	4294967295	19	1
1346	17	0	39	38	16	0	5	2	666	4294967295	10	1
1347	17	0	39	38	16	0	5	3	666	4294967295	5	1
1348	17	0	39	38	16	0	5	4	666	4294967295	3	1
1349	17	0	39	38	16	0	5	5	666	4294967295	2	1
1350	17	0	39	38	16	0	5	6	666	4294967295	1	1
1351	17	0	39	38	16	0	6	0	666	4294967295	37	1
1352	17	0	39	38	16	0	6	1	666	4294967295	19	1
1353	17	0	39	38	16	0	6	2	666	4294967295	10	1
1354	17	0	39	38	16	0	6	3	666	4294967295	5	1
1355	17	0	39	38	16	0	6	4	666	4294967295	3	1
1356	17	0	39	38	16	0	6	5	666	4294967295	2	1
1357	17	0	39	38	16	0	6	6	666	4294967295	1	1
1358	17	0	39	38	16	0	7	0	666	4294967295	37	1
1359	17	0	39	38	16	0	7	1	666	4294967295	19	1
1360	17	0	39	38	16	0	7	2	666	4294967295	10	1
1361	17	0	39	38	16	0	7	3	666	4294967295	5	1
1362	17	0	39	38	16	0	7	4	666	4294967295	3	1
1363	17	0	39	38	16	0	7	5	666	4294967295	2	1
1364	17	0	39	38	16	0	7	6	666	4294967295	1	1
1365	17	0	39	38	16	0	8	0	666	4294967295	37	1
1366	17	0	39	38	16	0	8	1	666	4294967295	19	1
1367	17	0	39	38	16	0	8	2	666	4294967295	10	1
1368	17	0	39	38	16	0	8	3	666	4294967295	5	1
1369	17	0	39	38	16	0	8	4	666	4294967295	3	1
1370	17	0	39	38	16	0	8	5	666	4294967295	2	1
1371	17	0	39	38	16	0	8	6	666	4294967295	1	1
1372	17	0	39	38	16	0	9	0	666	4294967295	37	1
1373	17	0	39	38	16	0	9	1	666	4294967295	19	1
1374	17	0	39	38	16	0	9	2	666	4294967295	10	1
1375	17	0	39	38	16	0	9	3	666	4294967295	5	1
1376	17	0	39	38	16	0	9	4	666	4294967295	3	1
1377	17	0	39	38	16	0	9	5	666	4294967295	2	1
1378	17	0	39	38	16	0	9	6	666	4294967295	1	1
1379	17	0	39	38	16	0	10	0	666	4294967295	37	1
1380	17	0	39	38	16	0	10	1	666	4294967295	19	1
1381	17	0	39	38	16	0	10	2	666	4294967295	10	1
1382	17	0	39	38	16	0	10	3	666	4294967295	5	1
1383	17	0	39	38	16	0	10	4	666	4294967295	3	1
1384	17	0	39	38	16	0	10	5	666	4294967295	2	1
1385	17	0	39	38	16	0	10	6	666	4294967295	1	1
1386	18	0	41	40	16	0	0	0	702	4294967295	39	1
1387	18	0	41	40	16	0	0	1	702	4294967295	20	1
1388	18	0	41	40	16	0	0	2	702	4294967295	10	1
1389	18	0	41	40	16	0	0	3	702	4294967295	5	1
1390	18	0	41	40	16	0	0	4	702	4294967295	3	1
1391	18	0	41	40	16	0	0	5	702	4294967295	2	1
1392	18	0	41	40	16	0	0	6	702	4294967295	1	1
1393	18	0	41	40	16	0	1	0	702	4294967295	39	1
1394	18	0	41	40	16	0	1	1	702	4294967295	20	1
1395	18	0	41	40	16	0	1	2	702	4294967295	10	1
1396	18	0	41	40	16	0	1	3	702	4294967295	5	1
1397	18	0	41	40	16	0	1	4	702	4294967295	3	1
1398	18	0	41	40	16	0	1	5	702	4294967295	2	1
1399	18	0	41	40	16	0	1	6	702	4294967295	1	1
1400	18	0	41	40	16	0	2	0	702	4294967295	39	1
1401	18	0	41	40	16	0	2	1	702	4294967295	20	1
1402	18	0	41	40	16	0	2	2	702	4294967295	10	1
1403	18	0	41	40	16	0	2	3	702	4294967295	5	1
1404	18	0	41	40	16	0	2	4	702	4294967295	3	1
1405	18	0	41	40	16	0	2	5	702	4294967295	2	1
1406	18	0	41	40	16	0	2	6	702	4294967295	1	1
1407	18	0	41	40	16	0	3	0	702	4294967295	39	1
1408	18	0	41	40	16	0	3	1	702	4294967295	20	1
1409	18	0	41	40	16	0	3	2	702	4294967295	10	1
1410	18	0	41	40	16	0	3	3	702	4294967295	5	1
1411	18	0	41	40	16	0	3	4	702	4294967295	3	1
1412	18	0	41	40	16	0	3	5	702	4294967295	2	1
1413	18	0	41	40	16	0	3	6	702	4294967295	1	1
1414	18	0	41	40	16	0	4	0	702	1404	39	1
1415	18	0	41	40	16	0	4	1	702	638	20	1
1416	18	0	41	40	16	0	4	2	702	434	10	1
1417	18	0	41	40	16	0	4	3	702	450	5	1
1418	18	0	41	40	16	0	4	4	702	558	3	1
1419	18	0	41	40	16	0	4	5	702	702	2	1
1420	18	0	41	40	16	0	4	6	702	858	1	1
1421	18	0	41	40	16	0	5	0	702	4294967295	39	1
1422	18	0	41	40	16	0	5	1	702	4294967295	20	1
1423	18	0	41	40	16	0	5	2	702	4294967295	10	1
1424	18	0	41	40	16	0	5	3	702	4294967295	5	1
1425	18	0	41	40	16	0	5	4	702	4294967295	3	1
1426	18	0	41	40	16	0	5	5	702	4294967295	2	1
1427	18	0	41	40	16	0	5	6	702	4294967295	1	1
1428	18	0	41	40	16	0	6	0	702	4294967295	39	1
1429	18	0	41	40	16	0	6	1	702	4294967295	20	1
1430	18	0	41	40	16	0	6	2	702	4294967295	10	1
1431	18	0	41	40	16	0	6	3	702	4294967295	5	1
1432	18	0	41	40	16	0	6	4	702	4294967295	3	1
1433	18	0	41	40	16	0	6	5	702	4294967295	2	1
1434	18	0	41	40	16	0	6	6	702	4294967295	1	1
1435	18	0	41	40	16	0	7	0	702	4294967295	39	1
1436	18	0	41	40	16	0	7	1	702	4294967295	20	1
1437	18	0	41	40	16	0	7	2	702	4294967295	10	1
1438	18	0	41	40	16	0	7	3	702	4294967295	5	1
1439	18	0	41	40	16	0	7	4	702	4294967295	3	1
1440	18	0	41	40	16	0	7	5	702	4294967295	2	1
1441	18	0	41	40	16	0	7	6	702	4294967295	1	1
1442	18	0	41	40	16	0	8	0	702	4294967295	39	1
1443	18	0	41	40	16	0	8	1	702	4294967295	20	1
1444	18	0	41	40	16	0	8	2	702	4294967295	10	1
1445	18	0	41	40	16	0	8	3	702	4294967295	5	1
1446	18	0	41	40	16	0	8	4	702	4294967295	3	1
1447	18	0	41	40	16	0	8	5	702	4294967295	2	1
1448	18	0	41	40	16	0	8	6	702	4294967295	1	1
1449	18	0	41	40	16	0	9	0	702	4294967295	39	1
1450	18	0	41	40	16	0	9	1	702	4294967295	20	1
1451	18	0	41	40	16	0	9	2	702	4294967295	10	1
1452	18	0	41	40	16	0	9	3	702	4294967295	5	1
1453	18	0	41	40	16	0	9	4	702	4294967295	3	1
1454	18	0	41	40	16	0	9	5	702	4294967295	2	1
1455	18	0	41	40	16	0	9	6	702	4294967295	1	1
1456	18	0	41	40	16	0	10	0	702	4294967295	39	1
1457	18	0	41	40	16	0	10	1	702	4294967295	20	1
1458	18	0	41	40	16	0	10	2	702	4294967295	10	1
1459	18	0	41	40	16	0	10	3	702	4294967295	5	1
1460	18	0	41	40	16	0	10	4	702	4294967295	3	1
1461	18	0	41	40	16	0	10	5	702	4294967295	2	1
1462	18	0	41	40	16	0	10	6	702	4294967295	1	1
1463	19	0	43	42	16	0	0	0	738	4294967295	41	1
1464	19	0	43	42	16	0	0	1	738	4294967295	21	1
1465	19	0	43	42	16	0	0	2	738	4294967295	11	1
1466	19	0	43	42	16	0	0	3	738	4294967295	6	1
1467	19	0	43	42	16	0	0	4	738	4294967295	3	1
1468	19	0	43	42	16	0	0	5	738	4294967295	2	1
1469	19	0	43	42	16	0	0	6	738	4294967295	1	1
1470	19	0	43	42	16	0	1	0	738	4294967295	41	1
1471	19	0	43	42	16	0	1	1	738	4294967295	21	1
1472	19	0	43	42	16	0	1	2	738	4294967295	11	1
1473	19	0	43	42	16	0	1	3	738	4294967295	6	1
1474	19	0	43	42	16	0	1	4	738	4294967295	3	1
1475	19	0	43	42	16	0	1	5	738	4294967295	2	1
1476	19	0	43	42	16	0	1	6	738	4294967295	1	1
1477	19	0	43	42	16	0	2	0	738	4294967295	41	1
1478	19	0	43	42	16	0	2	1	738	4294967295	21	1
1479	19	0	43	42	16	0	2	2	738	4294967295	11	1
1480	19	0	43	42	16	0	2	3	738	4294967295	6	1
1481	19	0	43	42	16	0	2	4	738	4294967295	3	1
1482	19	0	43	42	16	0	2	5	738	4294967295	2	1
1483	19	0	43	42	16	0	2	6	738	4294967295	1	1
1484	19	0	43	42	16	0	3	0	738	4294967295	41	1
1485	19	0	43	42	16	0	3	1	738	4294967295	21	1
1486	19	0	43	42	16	0	3	2	738	4294967295	11	1
1487	19	0	43	42	16	0	3	3	738	4294967295	6	1
1488	19	0	43	42	16	0	3	4	738	4294967295	3	1
1489	19	0	43	42	16	0	3	5	738	4294967295	2	1
1490	19	0	43	42	16	0	3	6	738	4294967295	1	1
1491	19	0	43	42	16	0	4	0	738	1476	41	1
1492	19	0	43	42	16	0	4	1	738	670	21	1
1493	19	0	43	42	16	0	4	2	738	466	11	1
1494	19	0	43	42	16	0	4	3	738	482	6	1
1495	19	0	43	42	16	0	4	4	738	586	3	1
1496	19	0	43	42	16	0	4	5	738	738	2	1
1497	19	0	43	42	16	0	4	6	738	902	1	1
1498	19	0	43	42	16	0	5	0	738	4294967295	41	1
1499	19	0	43	42	16	0	5	1	738	4294967295	21	1
1500	19	0	43	42	16	0	5	2	738	4294967295	11	1
1501	19	0	43	42	16	0	5	3	738	4294967295	6	1
1502	19	0	43	42	16	0	5	4	738	4294967295	3	1
1503	19	0	43	42	16	0	5	5	738	4294967295	2	1
1504	19	0	43	42	16	0	5	6	738	4294967295	1	1
1505	19	0	43	42	16	0	6	0	738	4294967295	41	1
1506	19	0	43	42	16	0	6	1	738	4294967295	21	1
1507	19	0	43	42	16	0	6	2	738	4294967295	11	1
1508	19	0	43	42	16	0	6	3	738	4294967295	6	1
1509	19	0	43	42	16	0	6	4	738	4294967295	3	1
1510	19	0	43	42	16	0	6	5	738	4294967295	2	1
1511	19	0	43	42	16	0	6	6	738	4294967295	1	1
1512	19	0	43	42	16	0	7	0	738	4294967295	41	1
1513	19	0	43	42	16	0	7	1	738	4294967295	21	1
1514	19	0	43	42	16	0	7	2	738	4294967295	11	1
1515	19	0	43	42	16	0	7	3	738	4294967295	6	1
1516	19	0	43	42	16	0	7	4	738	4294967295	3	1
1517	19	0	43	42	16	0	7	5	738	4294967295	2	1
1518	19	0	43	42	16	0	7	6	738	4294967295	1	1
1519	19	0	43	42	16	0	8	0	738	4294967295	41	1
1520	19	0	43	42	16	0	8	1	738	4294967295	21	1
1521	19	0	43	42	16	0	8	2	738	4294967295	11	1
1522	19	0	43	42	16	0	8	3	738	4294967295	6	1
1523	19	0	43	42	16	0	8	4	738	4294967295	3	1
1524	19	0	43	42	16	0	8	5	738	4294967295	2	1
1525	19	0	43	42	16	0	8	6	738	4294967295	1	1
1526	19	0	43	42	16	0	9	0	738	4294967295	41	1
1527	19	0	43	42	16	0	9	1	738	4294967295	21	1
1528	19	0	43	42	16	0	9	2	738	4294967295	11	1
1529	19	0	43	42	16	0	9	3	738	4294967295	6	1
1530	19	0	43	42	16	0	9	4	738	4294967295	3	1
1531	19	0	43	42	16	0	9	5	738	4294967295	2	1
1532	19	0	43	42	16	0	9	6	738	4294967295	1	1
1533	19	0	43	42	16	0	10	0	738	4294967295	41	1
1534	19	0	43	42	16	0	10	1	738	4294967295	21	1
1535	19	0	43	42	16	0	10	2	738	4294967295	11	1
1536	19	0	43	42	16	0	10	3	738	4294967295	6	1
1537	19	0	43	42	16	0	10	4	738	4294967295	3	1
1538	19	0	43	42	16	0	10	5	738	4294967295	2	1
1539	19	0	43	42	16	0	10	6	738	4294967295	1	1
1540	20	0	45	44	16	0	0	0	774	4294967295	43	1
1541	20	0	45	44	16	0	0	1	774	4294967295	22	1
1542	20	0	45	44	16	0	0	2	774	4294967295	11	1
1543	20	0	45	44	16	0	0	3	774	4294967295	6	1
1544	20	0	45	44	16	0	0	4	774	4294967295	3	1
1545	20	0	45	44	16	0	0	5	774	4294967295	2	1
1546	20	0	45	44	16	0	0	6	774	4294967295	1	1
1547	20	0	45	44	16	0	1	0	774	4294967295	43	1
1548	20	0	45	44	16	0	1	1	774	4294967295	22	1
1549	20	0	45	44	16	0	1	2	774	4294967295	11	1
1550	20	0	45	44	16	0	1	3	774	4294967295	6	1
1551	20	0	45	44	16	0	1	4	774	4294967295	3	1
1552	20	0	45	44	16	0	1	5	774	4294967295	2	1
1553	20	0	45	44	16	0	1	6	774	4294967295	1	1
1554	20	0	45	44	16	0	2	0	774	4294967295	43	1
1555	20	0	45	44	16	0	2	1	774	4294967295	22	1
1556	20	0	45	44	16	0	2	2	774	4294967295	11	1
1557	20	0	45	44	16	0	2	3	774	4294967295	6	1
1558	20	0	45	44	16	0	2	4	774	4294967295	3	1
1559	20	0	45	44	16	0	2	5	774	4294967295	2	1
1560	20	0	45	44	16	0	2	6	774	4294967295	1	1
1561	20	0	45	44	16	0	3	0	774	4294967295	43	1
1562	20	0	45	44	16	0	3	1	774	4294967295	22	1
1563	20	0	45	44	16	0	3	2	774	4294967295	11	1
1564	20	0	45	44	16	0	3	3	774	4294967295	6	1
1565	20	0	45	44	16	0	3	4	774	4294967295	3	1
1566	20	0	45	44	16	0	3	5	774	4294967295	2	1
1567	20	0	45	44	16	0	3	6	774	4294967295	1	1
1568	20	0	45	44	16	0	4	0	774	1548	43	1
1569	20	0	45	44	16	0	4	1	774	702	22	1
1570	20	0	45	44	16	0	4	2	774	478	11	1
1571	20	0	45	44	16	0	4	3	774	502	6	1
1572	20	0	45	44	16	0	4	4	774	614	3	1
1573	20	0	45	44	16	0	4	5	774	774	2	1
1574	20	0	45	44	16	0	4	6	774	946	1	1
1575	20	0	45	44	16	0	5	0	774	4294967295	43	1
1576	20	0	45	44	16	0	5	1	774	4294967295	22	1
1577	20	0	45	44	16	0	5	2	774	4294967295	11	1
1578	20	0	45	44	16	0	5	3	774	4294967295	6	1
1579	20	0	45	44	16	0	5	4	774	4294967295	3	1
1580	20	0	45	44	16	0	5	5	774	4294967295	2	1
1581	20	0	45	44	16	0	5	6	774	4294967295	1	1
1582	20	0	45	44	16	0	6	0	774	4294967295	43	1
1583	20	0	45	44	16	0	6	1	774	4294967295	22	1
1584	20	0	45	44	16	0	6	2	774	4294967295	11	1
1585	20	0	45	44	16	0	6	3	774	4294967295	6	1
1586	20	0	45	44	16	0	6	4	774	4294967295	3	1
1587	20	0	45	44	16	0	6	5	774	4294967295	2	1
1588	20	0	45	44	16	0	6	6	774	4294967295	1	1
1589	20	0	45	44	16	0	7	0	774	4294967295	43	1
1590	20	0	45	44	16	0	7	1	774	4294967295	22	1
1591	20	0	45	44	16	0	7	2	774	4294967295	11	1
1592	20	0	45	44	16	0	7	3	774	4294967295	6	1
1593	20	0	45	44	16	0	7	4	774	4294967295	3	1
1594	20	0	45	44	16	0	7	5	774	4294967295	2	1
1595	20	0	45	44	16	0	7	6	774	4294967295	1	1
1596	20	0	45	44	16	0	8	0	774	4294967295	43	1
1597	20	0	45	44	16	0	8	1	774	4294967295	22	1
1598	20	0	45	44	16	0	8	2	774	4294967295	11	1
1599	20	0	45	44	16	0	8	3	774	4294967295	6	1
1600	20	0	45	44	16	0	8	4	774	4294967295	3	1
1601	20	0	45	44	16	0	8	5	774	4294967295	2	1
1602	20	0	45	44	16	0	8	6	774	4294967295	1	1
1603	20	0	45	44	16	0	9	0	774	4294967295	43	1
1604	20	0	45	44	16	0	9	1	774	4294967295	22	1
1605	20	0	45	44	16	0	9	2	774	4294967295	11	1
1606	20	0	45	44	16	0	9	3	774	4294967295	6	1
1607	20	0	45	44	16	0	9	4	774	4294967295	3	1
1608	20	0	45	44	16	0	9	5	774	4294967295	2	1
1609	20	0	45	44	16	0	9	6	774	4294967295	1	1
1610	20	0	45	44	16	0	10	0	774	4294967295	43	1
1611	20	0	45	44	16	0	10	1	774	4294967295	22	1
1612	20	0	45	44	16	0	10	2	774	4294967295	11	1
1613	20	0	45	44	16	0	10	3	774	4294967295	6	1
1614	20	0	45	44	16	0	10	4	774	4294967295	3	1
1615	20	0	45	44	16	0	10	5	774	4294967295	2	1
1616	20	0	45	44	16	0	10	6	774	4294967295	1	1
1617	21	0	47	46	16	0	0	0	810	4294967295	45	1
1618	21	0	47	46	16	0	0	1	810	4294967295	23	1
1619	21	0	47	46	16	0	0	2	810	4294967295	12	1
1620	21	0	47	46	16	0	0	3	810	4294967295	6	1
1621	21	0	47	46	16	0	0	4	810	4294967295	3	1
1622	21	0	47	46	16	0	0	5	810	4294967295	2	1
1623	21	0	47	46	16	0	0	6	810	4294967295	1	1
1624	21	0	47	46	16	0	1	0	810	4294967295	45	1
1625	21	0	47	46	16	0	1	1	810	4294967295	23	1
1626	21	0	47	46	16	0	1	2	810	4294967295	12	1
1627	21	0	47	46	16	0	1	3	810	4294967295	6	1
1628	21	0	47	46	16	0	1	4	810	4294967295	3	1
1629	21	0	47	46	16	0	1	5	810	4294967295	2	1
1630	21	0	47	46	16	0	1	6	810	4294967295	1	1
1631	21	0	47	46	16	0	2	0	810	4294967295	45	1
1632	21	0	47	46	16	0	2	1	810	4294967295	23	1
1633	21	0	47	46	16	0	2	2	810	4294967295	12	1
1634	21	0	47	46	16	0	2	3	810	4294967295	6	1
1635	21	0	47	46	16	0	2	4	810	4294967295	3	1
1636	21	0	47	46	16	0	2	5	810	4294967295	2	1
1637	21	0	47	46	16	0	2	6	810	4294967295	1	1
1638	21	0	47	46	16	0	3	0	810	4294967295	45	1
1639	21	0	47	46	16	0	3	1	810	4294967295	23	1
1640	21	0	47	46	16	0	3	2	810	4294967295	12	1
1641	21	0	47	46	16	0	3	3	810	4294967295	6	1
1642	21	0	47	46	16	0	3	4	810	4294967295	3	1
1643	21	0	47	46	16	0	3	5	810	4294967295	2	1
1644	21	0	47	46	16	0	3	6	810	4294967295	1	1
1645	21	0	47	46	16	0	4	0	810	1620	45	1
1646	21	0	47	46	16	0	4	1	810	734	23	1
1647	21	0	47	46	16	0	4	2	810	510	12	1
1648	21	0	47	46	16	0	4	3	810	522	6	1
1649	21	0	47	46	16	0	4	4	810	642	3	1
1650	21	0	47	46	16	0	4	5	810	810	2	1
1651	21	0	47	46	16	0	4	6	810	990	1	1
1652	21	0	47	46	16	0	5	0	810	4294967295	45	1
1653	21	0	47	46	16	0	5	1	810	4294967295	23	1
1654	21	0	47	46	16	0	5	2	810	4294967295	12	1
1655	21	0	47	46	16	0	5	3	810	4294967295	6	1
1656	21	0	47	46	16	0	5	4	810	4294967295	3	1
1657	21	0	47	46	16	0	5	5	810	4294967295	2	1
1658	21	0	47	46	16	0	5	6	810	4294967295	1	1
1659	21	0	47	46	16	0	6	0	810	4294967295	45	1
1660	21	0	47	46	16	0	6	1	810	4294967295	23	1
1661	21	0	47	46	16	0	6	2	810	4294967295	12	1
1662	21	0	47	46	16	0	6	3	810	4294967295	6	1
1663	21	0	47	46	16	0	6	4	810	4294967295	3	1
1664	21	0	47	46	16	0	6	5	810	4294967295	2	1
1665	21	0	47	46	16	0	6	6	810	4294967295	1	1
1666	21	0	47	46	16	0	7	0	810	4294967295	45	1
1667	21	0	47	46	16	0	7	1	810	4294967295	23	1
1668	21	0	47	46	16	0	7	2	810	4294967295	12	1
1669	21	0	47	46	16	0	7	3	810	4294967295	6	1
1670	21	0	47	46	16	0	7	4	810	4294967295	3	1
1671	21	0	47	46	16	0	7	5	810	4294967295	2	1
1672	21	0	47	46	16	0	7	6	810	4294967295	1	1
1673	21	0	47	46	16	0	8	0	810	4294967295	45	1
1674	21	0	47	46	16	0	8	1	810	4294967295	23	1
1675	21	0	47	46	16	0	8	2	810	4294967295	12	1
1676	21	0	47	46	16	0	8	3	810	4294967295	6	1
1677	21	0	47	46	16	0	8	4	810	4294967295	3	1
1678	21	0	47	46	16	0	8	5	810	4294967295	2	1
1679	21	0	47	46	16	0	8	6	810	4294967295	1	1
1680	21	0	47	46	16	0	9	0	810	4294967295	45	1
1681	21	0	47	46	16	0	9	1	810	4294967295	23	1
1682	21	0	47	46	16	0	9	2	810	4294967295	12	1
1683	21	0	47	46	16	0	9	3	810	4294967295	6	1
1684	21	0	47	46	16	0	9	4	810	4294967295	3	1
1685	21	0	47	46	16	0	9	5	810	4294967295	2	1
1686	21	0	47	46	16	0	9	6	810	4294967295	1	1
1687	21	0	47	46	16	0	10	0	810	4294967295	45	1
1688	21	0	47	46	16	0	10	1	810	4294967295	23	1
1689	21	0	47	46	16	0	10	2	810	4294967295	12	1
1690	21	0	47	46	16	0	10	3	810	4294967295	6	1
1691	21	0	47	46	16	0	10	4	810	4294967295	3	1
1692	21	0	47	46	16	0	10	5	810	4294967295	2	1
1693	21	0	47	46	16	0	10	6	810	4294967295	1	1
1694	22	0	49	48	16	0	0	0	846	4294967295	47	1
1695	22	0	49	48	16	0	0	1	846	4294967295	24	1
1696	22	0	49	48	16	0	0	2	846	4294967295	12	1
1697	22	0	49	48	16	0	0	3	846	4294967295	6	1
1698	22	0	49	48	16	0	0	4	846	4294967295	3	1
1699	22	0	49	48	16	0	0	5	846	4294967295	2	1
1700	22	0	49	48	16	0	0	6	846	4294967295	1	1
1701	22	0	49	48	16	0	1	0	846	4294967295	47	1
1702	22	0	49	48	16	0	1	1	846	4294967295	24	1
1703	22	0	49	48	16	0	1	2	846	4294967295	12	1
1704	22	0	49	48	16	0	1	3	846	4294967295	6	1
1705	22	0	49	48	16	0	1	4	846	4294967295	3	1
1706	22	0	49	48	16	0	1	5	846	4294967295	2	1
1707	22	0	49	48	16	0	1	6	846	4294967295	1	1
1708	22	0	49	48	16	0	2	0	846	4294967295	47	1
1709	22	0	49	48	16	0	2	1	846	4294967295	24	1
1710	22	0	49	48	16	0	2	2	846	4294967295	12	1
1711	22	0	49	48	16	0	2	3	846	4294967295	6	1
1712	22	0	49	48	16	0	2	4	846	4294967295	3	1
1713	22	0	49	48	16	0	2	5	846	4294967295	2	1
1714	22	0	49	48	16	0	2	6	846	4294967295	1	1
1715	22	0	49	48	16	0	3	0	846	4294967295	47	1
1716	22	0	49	48	16	0	3	1	846	4294967295	24	1
1717	22	0	49	48	16	0	3	2	846	4294967295	12	1
1718	22	0	49	48	16	0	3	3	846	4294967295	6	1
1719	22	0	49	48	16	0	3	4	846	4294967295	3	1
1720	22	0	49	48	16	0	3	5	846	4294967295	2	1
1721	22	0	49	48	16	0	3	6	846	4294967295	1	1
1722	22	0	49	48	16	0	4	0	846	1692	47	1
1723	22	0	49	48	16	0	4	1	846	766	24	1
1724	22	0	49	48	16	0	4	2	846	522	12	1
1725	22	0	49	48	16	0	4	3	846	542	6	1
1726	22	0	49	48	16	0	4	4	846	670	3	1
1727	22	0	49	48	16	0	4	5	846	846	2	1
1728	22	0	49	48	16	0	4	6	846	1034	1	1
1729	22	0	49	48	16	0	5	0	846	4294967295	47	1
1730	22	0	49	48	16	0	5	1	846	4294967295	24	1
1731	22	0	49	48	16	0	5	2	846	4294967295	12	1
1732	22	0	49	48	16	0	5	3	846	4294967295	6	1
1733	22	0	49	48	16	0	5	4	846	4294967295	3	1
1734	22	0	49	48	16	0	5	5	846	4294967295	2	1
1735	22	0	49	48	16	0	5	6	846	4294967295	1	1
1736	22	0	49	48	16	0	6	0	846	4294967295	47	1
1737	22	0	49	48	16	0	6	1	846	4294967295	24	1
1738	22	0	49	48	16	0	6	2	846	4294967295	12	1
1739	22	0	49	48	16	0	6	3	846	4294967295	6	1
1740	22	0	49	48	16	0	6	4	846	4294967295	3	1
1741	22	0	49	48	16	0	6	5	846	4294967295	2	1
1742	22	0	49	48	16	0	6	6	846	4294967295	1	1
1743	22	0	49	48	16	0	7	0	846	4294967295	47	1
1744	22	0	49	48	16	0	7	1	846	4294967295	24	1
1745	22	0	49	48	16	0	7	2	846	4294967295	12	1
1746	22	0	49	48	16	0	7	3	846	4294967295	6	1
1747	22	0	49	48	16	0	7	4	846	4294967295	3	1
1748	22	0	49	48	16	0	7	5	846	4294967295	2	1
1749	22	0	49	48	16	0	7	6	846	4294967295	1	1
1750	22	0	49	48	16	0	8	0	846	4294967295	47	1
1751	22	0	49	48	16	0	8	1	846	4294967295	24	1
1752	22	0	49	48	16	0	8	2	846	4294967295	12	1
1753	22	0	49	48	16	0	8	3	846	4294967295	6	1
1754	22	0	49	48	16	0	8	4	846	4294967295	3	1
1755	22	0	49	48	16	0	8	5	846	4294967295	2	1
1756	22	0	49	48	16	0	8	6	846	4294967295	1	1
1757	22	0	49	48	16	0	9	0	846	4294967295	47	1
1758	22	0	49	48	16	0	9	1	846	4294967295	24	1
1759	22	0	49	48	16	0	9	2	846	4294967295	12	1
1760	22	0	49	48	16	0	9	3	846	4294967295	6	1
1761	22	0	49	48	16	0	9	4	846	4294967295	3	1
1762	22	0	49	48	16	0	9	5	846	4294967295	2	1
1763	22	0	49	48	16	0	9	6	846	4294967295	1	1
1764	22	0	49	48	16	0	10	0	846	4294967295	47	1
1765	22	0	49	48	16	0	10	1	846	4294967295	24	1
1766	22	0	49	48	16	0	10	2	846	4294967295	12	1
1767	22	0	49	48	16	0	10	3	846	4294967295	6	1
1768	22	0	49	48	16	0	10	4	846	4294967295	3	1
1769	22	0	49	48	16	0	10	5	846	4294967295	2	1
1770	22	0	49	48	16	0	10	6	846	4294967295	1	1
1771	23	0	51	50	16	0	0	0	882	4294967295	49	1
1772	23	0	51	50	16	0	0	1	882	4294967295	25	1
1773	23	0	51	50	16	0	0	2	882	4294967295	13	1
1774	23	0	51	50	16	0	0	3	882	4294967295	7	1
1775	23	0	51	50	16	0	0	4	882	4294967295	4	1
1776	23	0	51	50	16	0	0	5	882	4294967295	2	1
1777	23	0	51	50	16	0	0	6	882	4294967295	1	1
1778	23	0	51	50	16	0	1	0	882	4294967295	49	1
1779	23	0	51	50	16	0	1	1	882	4294967295	25	1
1780	23	0	51	50	16	0	1	2	882	4294967295	13	1
1781	23	0	51	50	16	0	1	3	882	4294967295	7	1
1782	23	0	51	50	16	0	1	4	882	4294967295	4	1
1783	23	0	51	50	16	0	1	5	882	4294967295	2	1
1784	23	0	51	50	16	0	1	6	882	4294967295	1	1
1785	23	0	51	50	16	0	2	0	882	4294967295	49	1
1786	23	0	51	50	16	0	2	1	882	4294967295	25	1
1787	23	0	51	50	16	0	2	2	882	4294967295	13	1
1788	23	0	51	50	16	0	2	3	882	4294967295	7	1
1789	23	0	51	50	16	0	2	4	882	4294967295	4	1
1790	23	0	51	50	16	0	2	5	882	4294967295	2	1
1791	23	0	51	50	16	0	2	6	882	4294967295	1	1
1792	23	0	51	50	16	0	3	0	882	4294967295	49	1
1793	23	0	51	50	16	0	3	1	882	4294967295	25	1
1794	23	0	51	50	16	0	3	2	882	4294967295	13	1
1795	23	0	51	50	16	0	3	3	882	4294967295	7	1
1796	23	0	51	50	16	0	3	4	882	4294967295	4	1
1797	23	0	51	50	16	0	3	5	882	4294967295	2	1
1798	23	0	51	50	16	0	3	6	882	4294967295	1	1
1799	23	0	51	50	16	0	4	0	882	1764	49	1
1800	23	0	51	50	16	0	4	1	882	798	25	1
1801	23	0	51	50	16	0	4	2	882	554	13	1
1802	23	0	51	50	16	0	4	3	882	574	7	1
1803	23	0	51	50	16	0	4	4	882	702	4	1
1804	23	0	51	50	16	0	4	5	882	882	2	1
1805	23	0	51	50	16	0	4	6	882	1078	1	1
1806	23	0	51	50	16	0	5	0	882	4294967295	49	1
1807	23	0	51	50	16	0	5	1	882	4294967295	25	1
1808	23	0	51	50	16	0	5	2	882	4294967295	13	1
1809	23	0	51	50	16	0	5	3	882	4294967295	7	1
1810	23	0	51	50	16	0	5	4	882	4294967295	4	1
1811	23	0	51	50	16	0	5	5	882	4294967295	2	1
1812	23	0	51	50	16	0	5	6	882	4294967295	1	1
1813	23	0	51	50	16	0	6	0	882	4294967295	49	1
1814	23	0	51	50	16	0	6	1	882	4294967295	25	1
1815	23	0	51	50	16	0	6	2	882	4294967295	13	1
1816	23	0	51	50	16	0	6	3	882	4294967295	7	1
1817	23	0	51	50	16	0	6	4	882	4294967295	4	1
1818	23	0	51	50	16	0	6	5	882	4294967295	2	1
1819	23	0	51	50	16	0	6	6	882	4294967295	1	1
1820	23	0	51	50	16	0	7	0	882	4294967295	49	1
1821	23	0	51	50	16	0	7	1	882	4294967295	25	1
1822	23	0	51	50	16	0	7	2	882	4294967295	13	1
1823	23	0	51	50	16	0	7	3	882	4294967295	7	1
1824	23	0	51	50	16	0	7	4	882	4294967295	4	1
1825	23	0	51	50	16	0	7	5	882	4294967295	2	1
1826	23	0	51	50	16	0	7	6	882	4294967295	1	1
1827	23	0	51	50	16	0	8	0	882	4294967295	49	1
1828	23	0	51	50	16	0	8	1	882	4294967295	25	1
1829	23	0	51	50	16	0	8	2	882	4294967295	13	1
1830	23	0	51	50	16	0	8	3	882	4294967295	7	1
1831	23	0	51	50	16	0	8	4	882	4294967295	4	1
1832	23	0	51	50	16	0	8	5	882	4294967295	2	1
1833	23	0	51	50	16	0	8	6	882	4294967295	1	1
1834	23	0	51	50	16	0	9	0	882	4294967295	49	1
1835	23	0	51	50	16	0	9	1	882	4294967295	25	1
1836	23	0	51	50	16	0	9	2	882	4294967295	13	1
1837	23	0	51	50	16	0	9	3	882	4294967295	7	1
1838	23	0	51	50	16	0	9	4	882	4294967295	4	1
1839	23	0	51	50	16	0	9	5	882	4294967295	2	1
1840	23	0	51	50	16	0	9	6	882	4294967295	1	1
1841	23	0	51	50	16	0	10	0	882	4294967295	49	1
1842	23	0	51	50	16	0	10	1	882	4294967295	25	1
1843	23	0	51	50	16	0	10	2	882	4294967295	13	1
1844	23	0	51	50	16	0	10	3	882	4294967295	7	1
1845	23	0	51	50	16	0	10	4	882	4294967295	4	1
1846	23	0	51	50	16	0	10	5	882	4294967295	2	1
1847	23	0	51	50	16	0	10	6	882	4294967295	1	1
1848	24	0	53	52	16	0	0	0	918	4294967295	51	1
1849	24	0	53	52	16	0	0	1	918	4294967295	26	1
1850	24	0	53	52	16	0	0	2	918	4294967295	13	1
1851	24	0	53	52	16	0	0	3	918	4294967295	7	1
1852	24	0	53	52	16	0	0	4	918	4294967295	4	1
1853	24	0	53	52	16	0	0	5	918	4294967295	2	1
1854	24	0	53	52	16	0	0	6	918	4294967295	1	1
1855	24	0	53	52	16	0	1	0	918	4294967295	51	1
1856	24	0	53	52	16	0	1	1	918	4294967295	26	1
1857	24	0	53	52	16	0	1	2	918	4294967295	13	1
1858	24	0	53	52	16	0	1	3	918	4294967295	7	1
1859	24	0	53	52	16	0	1	4	918	4294967295	4	1
1860	24	0	53	52	16	0	1	5	918	4294967295	2	1
1861	24	0	53	52	16	0	1	6	918	4294967295	1	1
1862	24	0	53	52	16	0	2	0	918	4294967295	51	1
1863	24	0	53	52	16	0	2	1	918	4294967295	26	1
1864	24	0	53	52	16	0	2	2	918	4294967295	13	1
1865	24	0	53	52	16	0	2	3	918	4294967295	7	1
1866	24	0	53	52	16	0	2	4	918	4294967295	4	1
1867	24	0	53	52	16	0	2	5	918	4294967295	2	1
1868	24	0	53	52	16	0	2	6	918	4294967295	1	1
1869	24	0	53	52	16	0	3	0	918	4294967295	51	1
1870	24	0	53	52	16	0	3	1	918	4294967295	26	1
1871	24	0	53	52	16	0	3	2	918	4294967295	13	1
1872	24	0	53	52	16	0	3	3	918	4294967295	7	1
1873	24	0	53	52	16	0	3	4	918	4294967295	4	1
1874	24	0	53	52	16	0	3	5	918	4294967295	2	1
1875	24	0	53	52	16	0	3	6	918	4294967295	1	1
1876	24	0	53	52	16	0	4	0	918	1836	51	1
1877	24	0	53	52	16	0	4	1	918	830	26	1
1878	24	0	53	52	16	0	4	2	918	566	13	1
1879	24	0	53	52	16	0	4	3	918	594	7	1
1880	24	0	53	52	16	0	4	4	918	730	4	1
1881	24	0	53	52	16	0	4	5	918	918	2	1
1882	24	0	53	52	16	0	4	6	918	1122	1	1
1883	24	0	53	52	16	0	5	0	918	4294967295	51	1
1884	24	0	53	52	16	0	5	1	918	4294967295	26	1
1885	24	0	53	52	16	0	5	2	918	4294967295	13	1
1886	24	0	53	52	16	0	5	3	918	4294967295	7	1
1887	24	0	53	52	16	0	5	4	918	4294967295	4	1
1888	24	0	53	52	16	0	5	5	918	4294967295	2	1
1889	24	0	53	52	16	0	5	6	918	4294967295	1	1
1890	24	0	53	52	16	0	6	0	918	4294967295	51	1
1891	24	0	53	52	16	0	6	1	918	4294967295	26	1
1892	24	0	53	52	16	0	6	2	918	4294967295	13	1
1893	24	0	53	52	16	0	6	3	918	4294967295	7	1
1894	24	0	53	52	16	0	6	4	918	4294967295	4	1
1895	24	0	53	52	16	0	6	5	918	4294967295	2	1
1896	24	0	53	52	16	0	6	6	918	4294967295	1	1
1897	24	0	53	52	16	0	7	0	918	4294967295	51	1
1898	24	0	53	52	16	0	7	1	918	4294967295	26	1
1899	24	0	53	52	16	0	7	2	918	4294967295	13	1
1900	24	0	53	52	16	0	7	3	918	4294967295	7	1
1901	24	0	53	52	16	0	7	4	918	4294967295	4	1
1902	24	0	53	52	16	0	7	5	918	4294967295	2	1
1903	24	0	53	52	16	0	7	6	918	4294967295	1	1
1904	24	0	53	52	16	0	8	0	918	4294967295	51	1
1905	24	0	53	52	16	0	8	1	918	4294967295	26	1
1906	24	0	53	52	16	0	8	2	918	4294967295	13	1
1907	24	0	53	52	16	0	8	3	918	4294967295	7	1
1908	24	0	53	52	16	0	8	4	918	4294967295	4	1
1909	24	0	53	52	16	0	8	5	918	4294967295	2	1
1910	24	0	53	52	16	0	8	6	918	4294967295	1	1
1911	24	0	53	52	16	0	9	0	918	4294967295	51	1
1912	24	0	53	52	16	0	9	1	918	4294967295	26	1
1913	24	0	53	52	16	0	9	2	918	4294967295	13	1
1914	24	0	53	52	16	0	9	3	918	4294967295	7	1
1915	24	0	53	52	16	0	9	4	918	4294967295	4	1
1916	24	0	53	52	16	0	9	5	918	4294967295	2	1
1917	24	0	53	52	16	0	9	6	918	4294967295	1	1
1918	24	0	53	52	16	0	10	0	918	4294967295	51	1
1919	24	0	53	52	16	0	10	1	918	4294967295	26	1
1920	24	0	53	52	16	0	10	2	918	4294967295	13	1
1921	24	0	53	52	16	0	10	3	918	4294967295	7	1
1922	24	0	53	52	16	0	10	4	918	4294967295	4	1
1923	24	0	53	52	16	0	10	5	918	4294967295	2	1
1924	24	0	53	52	16	0	10	6	918	4294967295	1	1
1925	25	0	55	54	16	0	0	0	954	4294967295	53	1
1926	25	0	55	54	16	0	0	1	954	4294967295	27	1
1927	25	0	55	54	16	0	0	2	954	4294967295	14	1
1928	25	0	55	54	16	0	0	3	954	4294967295	7	1
1929	25	0	55	54	16	0	0	4	954	4294967295	4	1
1930	25	0	55	54	16	0	0	5	954	4294967295	2	1
1931	25	0	55	54	16	0	0	6	954	4294967295	1	1
1932	25	0	55	54	16	0	1	0	954	4294967295	53	1
1933	25	0	55	54	16	0	1	1	954	4294967295	27	1
1934	25	0	55	54	16	0	1	2	954	4294967295	14	1
1935	25	0	55	54	16	0	1	3	954	4294967295	7	1
1936	25	0	55	54	16	0	1	4	954	4294967295	4	1
1937	25	0	55	54	16	0	1	5	954	4294967295	2	1
1938	25	0	55	54	16	0	1	6	954	4294967295	1	1
1939	25	0	55	54	16	0	2	0	954	4294967295	53	1
1940	25	0	55	54	16	0	2	1	954	4294967295	27	1
1941	25	0	55	54	16	0	2	2	954	4294967295	14	1
1942	25	0	55	54	16	0	2	3	954	4294967295	7	1
1943	25	0	55	54	16	0	2	4	954	4294967295	4	1
1944	25	0	55	54	16	0	2	5	954	4294967295	2	1
1945	25	0	55	54	16	0	2	6	954	4294967295	1	1
1946	25	0	55	54	16	0	3	0	954	4294967295	53	1
1947	25	0	55	54	16	0	3	1	954	4294967295	27	1
1948	25	0	55	54	16	0	3	2	954	4294967295	14	1
1949	25	0	55	54	16	0	3	3	954	4294967295	7	1
1950	25	0	55	54	16	0	3	4	954	4294967295	4	1
1951	25	0	55	54	16	0	3	5	954	4294967295	2	1
1952	25	0	55	54	16	0	3	6	954	4294967295	1	1
1953	25	0	55	54	16	0	4	0	954	1908	53	1
1954	25	0	55	54	16	0	4	1	954	862	27	1
1955	25	0	55	54	16	0	4	2	954	598	14	1
1956	25	0	55	54	16	0	4	3	954	614	7	1
1957	25	0	55	54	16	0	4	4	954	758	4	1
1958	25	0	55	54	16	0	4	5	954	954	2	1
1959	25	0	55	54	16	0	4	6	954	1166	1	1
1960	25	0	55	54	16	0	5	0	954	4294967295	53	1
1961	25	0	55	54	16	0	5	1	954	4294967295	27	1
1962	25	0	55	54	16	0	5	2	954	4294967295	14	1
1963	25	0	55	54	16	0	5	3	954	4294967295	7	1
1964	25	0	55	54	16	0	5	4	954	4294967295	4	1
1965	25	0	55	54	16	0	5	5	954	4294967295	2	1
1966	25	0	55	54	16	0	5	6	954	4294967295	1	1
1967	25	0	55	54	16	0	6	0	954	4294967295	53	1
1968	25	0	55	54	16	0	6	1	954	4294967295	27	1
1969	25	0	55	54	16	0	6	2	954	4294967295	14	1
1970	25	0	55	54	16	0	6	3	954	4294967295	7	1
1971	25	0	55	54	16	0	6	4	954	4294967295	4	1
1972	25	0	55	54	16	0	6	5	954	4294967295	2	1
1973	25	0	55	54	16	0	6	6	954	4294967295	1	1
1974	25	0	55	54	16	0	7	0	954	4294967295	53	1
1975	25	0	55	54	16	0	7	1	954	4294967295	27	1
1976	25	0	55	54	16	0	7	2	954	4294967295	14	1
1977	25	0	55	54	16	0	7	3	954	4294967295	7	1
1978	25	0	55	54	16	0	7	4	954	4294967295	4	1
1979	25	0	55	54	16	0	7	5	954	4294967295	2	1
1980	25	0	55	54	16	0	7	6	954	4294967295	1	1
1981	25	0	55	54	16	0	8	0	954	4294967295	53	1
1982	25	0	55	54	16	0	8	1	954	4294967295	27	1
1983	25	0	55	54	16	0	8	2	954	4294967295	14	1
1984	25	0	55	54	16	0	8	3	954	4294967295	7	1
1985	25	0	55	54	16	0	8	4	954	4294967295	4	1
1986	25	0	55	54	16	0	8	5	954	4294967295	2	1
1987	25	0	55	54	16	0	8	6	954	4294967295	1	1
1988	25	0	55	54	16	0	9	0	954	4294967295	53	1
1989	25	0	55	54	16	0	9	1	954	4294967295	27	1
1990	25	0	55	54	16	0	9	2	954	4294967295	14	1
1991	25	0	55	54	16	0	9	3	954	4294967295	7	1
1992	25	0	55	54	16	0	9	4	954	4294967295	4	1
1993	25	0	55	54	16	0	9	5	954	4294967295	2	1
1994	25	0	55	54	16	0	9	6	954	4294967295	1	1
1995	25	0	55	54	16	0	10	0	954	4294967295	53	1
1996	25	0	55	54	16	0	10	1	954	4294967295	27	1
1997	25	0	55	54	16	0	10	2	954	4294967295	14	1
1998	25	0	55	54	16	0	10	3	954	4294967295	7	1
1999	25	0	55	54	16	0	10	4	954	4294967295	4	1
2000	25	0	55	54	16	0	10	5	954	4294967295	2	1
2001	25	0	55	54	16	0	10	6	954	4294967295	1	1
2002	26	0	57	56	16	0	0	0	990	4294967295	55	1
2003	26	0	57	56	16	0	0	1	990	4294967295	28	1
2004	26	0	57	56	16	0	0	2	990	4294967295	14	1
2005	26	0	57	56	16	0	0	3	990	4294967295	7	1
2006	26	0	57	56	16	0	0	4	990	4294967295	4	1
2007	26	0	57	56	16	0	0	5	990	4294967295	2	1
2008	26	0	57	56	16	0	0	6	990	4294967295	1	1
2009	26	0	57	56	16	0	1	0	990	4294967295	55	1
2010	26	0	57	56	16	0	1	1	990	4294967295	28	1
2011	26	0	57	56	16	0	1	2	990	4294967295	14	1
2012	26	0	57	56	16	0	1	3	990	4294967295	7	1
2013	26	0	57	56	16	0	1	4	990	4294967295	4	1
2014	26	0	57	56	16	0	1	5	990	4294967295	2	1
2015	26	0	57	56	16	0	1	6	990	4294967295	1	1
2016	26	0	57	56	16	0	2	0	990	4294967295	55	1
2017	26	0	57	56	16	0	2	1	990	4294967295	28	1
2018	26	0	57	56	16	0	2	2	990	4294967295	14	1
2019	26	0	57	56	16	0	2	3	990	4294967295	7	1
2020	26	0	57	56	16	0	2	4	990	4294967295	4	1
2021	26	0	57	56	16	0	2	5	990	4294967295	2	1
2022	26	0	57	56	16	0	2	6	990	4294967295	1	1
2023	26	0	57	56	16	0	3	0	990	4294967295	55	1
2024	26	0	57	56	16	0	3	1	990	4294967295	28	1
2025	26	0	57	56	16	0	3	2	990	4294967295	14	1
2026	26	0	57	56	16	0	3	3	990	4294967295	7	1
2027	26	0	57	56	16	0	3	4	990	4294967295	4	1
2028	26	0	57	56	16	0	3	5	990	4294967295	2	1
2029	26	0	57	56	16	0	3	6	990	4294967295	1	1
2030	26	0	57	56	16	0	4	0	990	1980	55	1
2031	26	0	57	56	16	0	4	1	990	894	28	1
2032	26	0	57	56	16	0	4	2	990	610	14	1
2033	26	0	57	56	16	0	4	3	990	634	7	1
2034	26	0	57	56	16	0	4	4	990	786	4	1
2035	26	0	57	56	16	0	4	5	990	990	2	1
2036	26	0	57	56	16	0	4	6	990	1210	1	1
2037	26	0	57	56	16	0	5	0	990	4294967295	55	1
2038	26	0	57	56	16	0	5	1	990	4294967295	28	1
2039	26	0	57	56	16	0	5	2	990	4294967295	14	1
2040	26	0	57	56	16	0	5	3	990	4294967295	7	1
2041	26	0	57	56	16	0	5	4	990	4294967295	4	1
2042	26	0	57	56	16	0	5	5	990	4294967295	2	1
2043	26	0	57	56	16	0	5	6	990	4294967295	1	1
2044	26	0	57	56	16	0	6	0	990	4294967295	55	1
2045	26	0	57	56	16	0	6	1	990	4294967295	28	1
2046	26	0	57	56	16	0	6	2	990	4294967295	14	1
2047	26	0	57	56	16	0	6	3	990	4294967295	7	1
2048	26	0	57	56	16	0	6	4	990	4294967295	4	1
2049	26	0	57	56	16	0	6	5	990	4294967295	2	1
2050	26	0	57	56	16	0	6	6	990	4294967295	1	1
2051	26	0	57	56	16	0	7	0	990	4294967295	55	1
2052	26	0	57	56	16	0	7	1	990	4294967295	28	1
2053	26	0	57	56	16	0	7	2	990	4294967295	14	1
2054	26	0	57	56	16	0	7	3	990	4294967295	7	1
2055	26	0	57	56	16	0	7	4	990	4294967295	4	1
2056	26	0	57	56	16	0	7	5	990	4294967295	2	1
2057	26	0	57	56	16	0	7	6	990	4294967295	1	1
2058	26	0	57	56	16	0	8	0	990	4294967295	55	1
2059	26	0	57	56	16	0	8	1	990	4294967295	28	1
2060	26	0	57	56	16	0	8	2	990	4294967295	14	1
2061	26	0	57	56	16	0	8	3	990	4294967295	7	1
2062	26	0	57	56	16	0	8	4	990	4294967295	4	1
2063	26	0	57	56	16	0	8	5	990	4294967295	2	1
2064	26	0	57	56	16	0	8	6	990	4294967295	1	1
2065	26	0	57	56	16	0	9	0	990	4294967295	55	1
2066	26	0	57	56	16	0	9	1	990	4294967295	28	1
2067	26	0	57	56	16	0	9	2	990	4294967295	14	1
2068	26	0	57	56	16	0	9	3	990	4294967295	7	1
2069	26	0	57	56	16	0	9	4	990	4294967295	4	1
2070	26	0	57	56	16	0	9	5	990	4294967295	2	1
2071	26	0	57	56	16	0	9	6	990	4294967295	1	1
2072	26	0	57	56	16	0	10	0	990	4294967295	55	1
2073	26	0	57	56	16	0	10	1	990	4294967295	28	1
2074	26	0	57	56	16	0	10	2	990	4294967295	14	1
2075	26	0	57	56	16	0	10	3	990	4294967295	7	1
2076	26	0	57	56	16	0	10	4	990	4294967295	4	1
2077	26	0	57	56	16	0	10	5	990	4294967295	2	1
2078	26	0	57	56	16	0	10	6	990	4294967295	1	1
2079	27	0	59	58	16	0	0	0	1026	4294967295	57	1
2080	27	0	59	58	16	0	0	1	1026	4294967295	29	1
2081	27	0	59	58	16	0	0	2	1026	4294967295	15	1
2082	27	0	59	58	16	0	0	3	1026	4294967295	8	1
2083	27	0	59	58	16	0	0	4	1026	4294967295	4	1
2084	27	0	59	58	16	0	0	5	1026	4294967295	2	1
2085	27	0	59	58	16	0	0	6	1026	4294967295	1	1
2086	27	0	59	58	16	0	1	0	1026	4294967295	57	1
2087	27	0	59	58	16	0	1	1	1026	4294967295	29	1
2088	27	0	59	58	16	0	1	2	1026	4294967295	15	1
2089	27	0	59	58	16	0	1	3	1026	4294967295	8	1
2090	27	0	59	58	16	0	1	4	1026	4294967295	4	1
2091	27	0	59	58	16	0	1	5	1026	4294967295	2	1
2092	27	0	59	58	16	0	1	6	1026	4294967295	1	1
2093	27	0	59	58	16	0	2	0	1026	4294967295	57	1
2094	27	0	59	58	16	0	2	1	1026	4294967295	29	1
2095	27	0	59	58	16	0	2	2	1026	4294967295	15	1
2096	27	0	59	58	16	0	2	3	1026	4294967295	8	1
2097	27	0	59	58	16	0	2	4	1026	4294967295	4	1
2098	27	0	59	58	16	0	2	5	1026	4294967295	2	1
2099	27	0	59	58	16	0	2	6	1026	4294967295	1	1
2100	27	0	59	58	16	0	3	0	1026	4294967295	57	1
2101	27	0	59	58	16	0	3	1	1026	4294967295	29	1
2102	27	0	59	58	16	0	3	2	1026	4294967295	15	1
2103	27	0	59	58	16	0	3	3	1026	4294967295	8	1
2104	27	0	59	58	16	0	3	4	1026	4294967295	4	1
2105	27	0	59	58	16	0	3	5	1026	4294967295	2	1
2106	27	0	59	58	16	0	3	6	1026	4294967295	1	1
2107	27	0	59	58	16	0	4	0	1026	2052	57	1
2108	27	0	59	58	16	0	4	1	1026	926	29	1
2109	27	0	59	58	16	0	4	2	1026	642	15	1
2110	27	0	59	58	16	0	4	3	1026	666	8	1
2111	27	0	59	58	16	0	4	4	1026	814	4	1
2112	27	0	59	58	16	0	4	5	1026	1026	2	1
2113	27	0	59	58	16	0	4	6	1026	1254	1	1
2114	27	0	59	58	16	0	5	0	1026	4294967295	57	1
2115	27	0	59	58	16	0	5	1	1026	4294967295	29	1
2116	27	0	59	58	16	0	5	2	1026	4294967295	15	1
2117	27	0	59	58	16	0	5	3	1026	4294967295	8	1
2118	27	0	59	58	16	0	5	4	1026	4294967295	4	1
2119	27	0	59	58	16	0	5	5	1026	4294967295	2	1
2120	27	0	59	58	16	0	5	6	1026	4294967295	1	1
2121	27	0	59	58	16	0	6	0	1026	4294967295	57	1
2122	27	0	59	58	16	0	6	1	1026	4294967295	29	1
2123	27	0	59	58	16	0	6	2	1026	4294967295	15	1
2124	27	0	59	58	16	0	6	3	1026	4294967295	8	1
2125	27	0	59	58	16	0	6	4	1026	4294967295	4	1
2126	27	0	59	58	16	0	6	5	1026	4294967295	2	1
2127	27	0	59	58	16	0	6	6	1026	4294967295	1	1
2128	27	0	59	58	16	0	7	0	1026	4294967295	57	1
2129	27	0	59	58	16	0	7	1	1026	4294967295	29	1
2130	27	0	59	58	16	0	7	2	1026	4294967295	15	1
2131	27	0	59	58	16	0	7	3	1026	4294967295	8	1
2132	27	0	59	58	16	0	7	4	1026	4294967295	4	1
2133	27	0	59	58	16	0	7	5	1026	4294967295	2	1
2134	27	0	59	58	16	0	7	6	1026	4294967295	1	1
2135	27	0	59	58	16	0	8	0	1026	4294967295	57	1
2136	27	0	59	58	16	0	8	1	1026	4294967295	29	1
2137	27	0	59	58	16	0	8	2	1026	4294967295	15	1
2138	27	0	59	58	16	0	8	3	1026	4294967295	8	1
2139	27	0	59	58	16	0	8	4	1026	4294967295	4	1
2140	27	0	59	58	16	0	8	5	1026	4294967295	2	1
2141	27	0	59	58	16	0	8	6	1026	4294967295	1	1
2142	27	0	59	58	16	0	9	0	1026	4294967295	57	1
2143	27	0	59	58	16	0	9	1	1026	4294967295	29	1
2144	27	0	59	58	16	0	9	2	1026	4294967295	15	1
2145	27	0	59	58	16	0	9	3	1026	4294967295	8	1
2146	27	0	59	58	16	0	9	4	1026	4294967295	4	1
2147	27	0	59	58	16	0	9	5	1026	4294967295	2	1
2148	27	0	59	58	16	0	9	6	1026	4294967295	1	1
2149	27	0	59	58	16	0	10	0	1026	4294967295	57	1
2150	27	0	59	58	16	0	10	1	1026	4294967295	29	1
2151	27	0	59	58	16	0	10	2	1026	4294967295	15	1
2152	27	0	59	58	16	0	10	3	1026	4294967295	8	1
2153	27	0	59	58	16	0	10	4	1026	4294967295	4	1
2154	27	0	59	58	16	0	10	5	1026	4294967295	2	1
2155	27	0	59	58	16	0	10	6	1026	4294967295	1	1
2156	28	0	61	60	16	0	0	0	1062	4294967295	59	1
2157	28	0	61	60	16	0	0	1	1062	4294967295	30	1
2158	28	0	61	60	16	0	0	2	1062	4294967295	15	1
2159	28	0	61	60	16	0	0	3	1062	4294967295	8	1
2160	28	0	61	60	16	0	0	4	1062	4294967295	4	1
2161	28	0	61	60	16	0	0	5	1062	4294967295	2	1
2162	28	0	61	60	16	0	0	6	1062	4294967295	1	1
2163	28	0	61	60	16	0	1	0	1062	4294967295	59	1
2164	28	0	61	60	16	0	1	1	1062	4294967295	30	1
2165	28	0	61	60	16	0	1	2	1062	4294967295	15	1
2166	28	0	61	60	16	0	1	3	1062	4294967295	8	1
2167	28	0	61	60	16	0	1	4	1062	4294967295	4	1
2168	28	0	61	60	16	0	1	5	1062	4294967295	2	1
2169	28	0	61	60	16	0	1	6	1062	4294967295	1	1
2170	28	0	61	60	16	0	2	0	1062	4294967295	59	1
2171	28	0	61	60	16	0	2	1	1062	4294967295	30	1
2172	28	0	61	60	16	0	2	2	1062	4294967295	15	1
2173	28	0	61	60	16	0	2	3	1062	4294967295	8	1
2174	28	0	61	60	16	0	2	4	1062	4294967295	4	1
2175	28	0	61	60	16	0	2	5	1062	4294967295	2	1
2176	28	0	61	60	16	0	2	6	1062	4294967295	1	1
2177	28	0	61	60	16	0	3	0	1062	4294967295	59	1
2178	28	0	61	60	16	0	3	1	1062	4294967295	30	1
2179	28	0	61	60	16	0	3	2	1062	4294967295	15	1
2180	28	0	61	60	16	0	3	3	1062	4294967295	8	1
2181	28	0	61	60	16	0	3	4	1062	4294967295	4	1
2182	28	0	61	60	16	0	3	5	1062	4294967295	2	1
2183	28	0	61	60	16	0	3	6	1062	4294967295	1	1
2184	28	0	61	60	16	0	4	0	1062	2124	59	1
2185	28	0	61	60	16	0	4	1	1062	958	30	1
2186	28	0	61	60	16	0	4	2	1062	654	15	1
2187	28	0	61	60	16	0	4	3	1062	686	8	1
2188	28	0	61	60	16	0	4	4	1062	842	4	1
2189	28	0	61	60	16	0	4	5	1062	1062	2	1
2190	28	0	61	60	16	0	4	6	1062	1298	1	1
2191	28	0	61	60	16	0	5	0	1062	4294967295	59	1
2192	28	0	61	60	16	0	5	1	1062	4294967295	30	1
2193	28	0	61	60	16	0	5	2	1062	4294967295	15	1
2194	28	0	61	60	16	0	5	3	1062	4294967295	8	1
2195	28	0	61	60	16	0	5	4	1062	4294967295	4	1
2196	28	0	61	60	16	0	5	5	1062	4294967295	2	1
2197	28	0	61	60	16	0	5	6	1062	4294967295	1	1
2198	28	0	61	60	16	0	6	0	1062	4294967295	59	1
2199	28	0	61	60	16	0	6	1	1062	4294967295	30	1
2200	28	0	61	60	16	0	6	2	1062	4294967295	15	1
2201	28	0	61	60	16	0	6	3	1062	4294967295	8	1
2202	28	0	61	60	16	0	6	4	1062	4294967295	4	1
2203	28	0	61	60	16	0	6	5	1062	4294967295	2	1
2204	28	0	61	60	16	0	6	6	1062	4294967295	1	1
2205	28	0	61	60	16	0	7	0	1062	4294967295	59	1
2206	28	0	61	60	16	0	7	1	1062	4294967295	30	1
2207	28	0	61	60	16	0	7	2	1062	4294967295	15	1
2208	28	0	61	60	16	0	7	3	1062	4294967295	8	1
2209	28	0	61	60	16	0	7	4	1062	4294967295	4	1
2210	28	0	61	60	16	0	7	5	1062	4294967295	2	1
2211	28	0	61	60	16	0	7	6	1062	4294967295	1	1
2212	28	0	61	60	16	0	8	0	1062	4294967295	59	1
2213	28	0	61	60	16	0	8	1	1062	4294967295	30	1
2214	28	0	61	60	16	0	8	2	1062	4294967295	15	1
2215	28	0	61	60	16	0	8	3	1062	4294967295	8	1
2216	28	0	61	60	16	0	8	4	1062	4294967295	4	1
2217	28	0	61	60	16	0	8	5	1062	4294967295	2	1
2218	28	0	61	60	16	0	8	6	1062	4294967295	1	1
2219	28	0	61	60	16	0	9	0	1062	4294967295	59	1
2220	28	0	61	60	16	0	9	1	1062	4294967295	30	1
2221	28	0	61	60	16	0	9	2	1062	4294967295	15	1
2222	28	0	61	60	16	0	9	3	1062	4294967295	8	1
2223	28	0	61	60	16	0	9	4	1062	4294967295	4	1
2224	28	0	61	60	16	0	9	5	1062	4294967295	2	1
2225	28	0	61	60	16	0	9	6	1062	4294967295	1	1
2226	28	0	61	60	16	0	10	0	1062	4294967295	59	1
2227	28	0	61	60	16	0	10	1	1062	4294967295	30	1
2228	28	0	61	60	16	0	10	2	1062	4294967295	15	1
2229	28	0	61	60	16	0	10	3	1062	4294967295	8	1
2230	28	0	61	60	16	0	10	4	1062	4294967295	4	1
2231	28	0	61	60	16	0	10	5	1062	4294967295	2	1
2232	28	0	61	60	16	0	10	6	1062	4294967295	1	1
2233	29	0	63	62	16	0	0	0	1098	4294967295	61	1
2234	29	0	63	62	16	0	0	1	1098	4294967295	31	1
2235	29	0	63	62	16	0	0	2	1098	4294967295	16	1
2236	29	0	63	62	16	0	0	3	1098	4294967295	8	1
2237	29	0	63	62	16	0	0	4	1098	4294967295	4	1
2238	29	0	63	62	16	0	0	5	1098	4294967295	2	1
2239	29	0	63	62	16	0	0	6	1098	4294967295	1	1
2240	29	0	63	62	16	0	1	0	1098	4294967295	61	1
2241	29	0	63	62	16	0	1	1	1098	4294967295	31	1
2242	29	0	63	62	16	0	1	2	1098	4294967295	16	1
2243	29	0	63	62	16	0	1	3	1098	4294967295	8	1
2244	29	0	63	62	16	0	1	4	1098	4294967295	4	1
2245	29	0	63	62	16	0	1	5	1098	4294967295	2	1
2246	29	0	63	62	16	0	1	6	1098	4294967295	1	1
2247	29	0	63	62	16	0	2	0	1098	4294967295	61	1
2248	29	0	63	62	16	0	2	1	1098	4294967295	31	1
2249	29	0	63	62	16	0	2	2	1098	4294967295	16	1
2250	29	0	63	62	16	0	2	3	1098	4294967295	8	1
2251	29	0	63	62	16	0	2	4	1098	4294967295	4	1
2252	29	0	63	62	16	0	2	5	1098	4294967295	2	1
2253	29	0	63	62	16	0	2	6	1098	4294967295	1	1
2254	29	0	63	62	16	0	3	0	1098	4294967295	61	1
2255	29	0	63	62	16	0	3	1	1098	4294967295	31	1
2256	29	0	63	62	16	0	3	2	1098	4294967295	16	1
2257	29	0	63	62	16	0	3	3	1098	4294967295	8	1
2258	29	0	63	62	16	0	3	4	1098	4294967295	4	1
2259	29	0	63	62	16	0	3	5	1098	4294967295	2	1
2260	29	0	63	62	16	0	3	6	1098	4294967295	1	1
2261	29	0	63	62	16	0	4	0	1098	2196	61	1
2262	29	0	63	62	16	0	4	1	1098	990	31	1
2263	29	0	63	62	16	0	4	2	1098	686	16	1
2264	29	0	63	62	16	0	4	3	1098	706	8	1
2265	29	0	63	62	16	0	4	4	1098	870	4	1
2266	29	0	63	62	16	0	4	5	1098	1098	2	1
2267	29	0	63	62	16	0	4	6	1098	1342	1	1
2268	29	0	63	62	16	0	5	0	1098	4294967295	61	1
2269	29	0	63	62	16	0	5	1	1098	4294967295	31	1
2270	29	0	63	62	16	0	5	2	1098	4294967295	16	1
2271	29	0	63	62	16	0	5	3	1098	4294967295	8	1
2272	29	0	63	62	16	0	5	4	1098	4294967295	4	1
2273	29	0	63	62	16	0	5	5	1098	4294967295	2	1
2274	29	0	63	62	16	0	5	6	1098	4294967295	1	1
2275	29	0	63	62	16	0	6	0	1098	4294967295	61	1
2276	29	0	63	62	16	0	6	1	1098	4294967295	31	1
2277	29	0	63	62	16	0	6	2	1098	4294967295	16	1
2278	29	0	63	62	16	0	6	3	1098	4294967295	8	1
2279	29	0	63	62	16	0	6	4	1098	4294967295	4	1
2280	29	0	63	62	16	0	6	5	1098	4294967295	2	1
2281	29	0	63	62	16	0	6	6	1098	4294967295	1	1
2282	29	0	63	62	16	0	7	0	1098	4294967295	61	1
2283	29	0	63	62	16	0	7	1	1098	4294967295	31	1
2284	29	0	63	62	16	0	7	2	1098	4294967295	16	1
2285	29	0	63	62	16	0	7	3	1098	4294967295	8	1
2286	29	0	63	62	16	0	7	4	1098	4294967295	4	1
2287	29	0	63	62	16	0	7	5	1098	4294967295	2	1
2288	29	0	63	62	16	0	7	6	1098	4294967295	1	1
2289	29	0	63	62	16	0	8	0	1098	4294967295	61	1
2290	29	0	63	62	16	0	8	1	1098	4294967295	31	1
2291	29	0	63	62	16	0	8	2	1098	4294967295	16	1
2292	29	0	63	62	16	0	8	3	1098	4294967295	8	1
2293	29	0	63	62	16	0	8	4	1098	4294967295	4	1
2294	29	0	63	62	16	0	8	5	1098	4294967295	2	1
2295	29	0	63	62	16	0	8	6	1098	4294967295	1	1
2296	29	0	63	62	16	0	9	0	1098	4294967295	61	1
2297	29	0	63	62	16	0	9	1	1098	4294967295	31	1
2298	29	0	63	62	16	0	9	2	1098	4294967295	16	1
2299	29	0	63	62	16	0	9	3	1098	4294967295	8	1
2300	29	0	63	62	16	0	9	4	1098	4294967295	4	1
2301	29	0	63	62	16	0	9	5	1098	4294967295	2	1
2302	29	0	63	62	16	0	9	6	1098	4294967295	1	1
2303	29	0	63	62	16	0	10	0	1098	4294967295	61	1
2304	29	0	63	62	16	0	10	1	1098	4294967295	31	1
2305	29	0	63	62	16	0	10	2	1098	4294967295	16	1
2306	29	0	63	62	16	0	10	3	1098	4294967295	8	1
2307	29	0	63	62	16	0	10	4	1098	4294967295	4	1
2308	29	0	63	62	16	0	10	5	1098	4294967295	2	1
2309	29	0	63	62	16	0	10	6	1098	4294967295	1	1
2310	30	0	65	64	0	0	0	0	1386	4294967295	63	1
2311	30	0	65	64	0	0	0	1	1386	4294967295	32	1
2312	30	0	65	64	0	0	0	2	1386	4294967295	16	1
2313	30	0	65	64	0	0	0	3	1386	4294967295	8	1
2314	30	0	65	64	0	0	0	4	1386	4294967295	4	1
2315	30	0	65	64	0	0	0	5	1386	4294967295	2	1
2316	30	0	65	64	0	0	0	6	1386	4294967295	1	1
2317	30	0	65	64	0	0	1	0	1386	4294967295	63	1
2318	30	0	65	64	0	0	1	1	1386	4294967295	32	1
2319	30	0	65	64	0	0	1	2	1386	4294967295	16	1
2320	30	0	65	64	0	0	1	3	1386	4294967295	8	1
2321	30	0	65	64	0	0	1	4	1386	4294967295	4	1
2322	30	0	65	64	0	0	1	5	1386	4294967295	2	1
2323	30	0	65	64	0	0	1	6	1386	4294967295	1	1
2324	30	0	65	64	0	0	2	0	1386	4294967295	63	1
2325	30	0	65	64	0	0	2	1	1386	4294967295	32	1
2326	30	0	65	64	0	0	2	2	1386	4294967295	16	1
2327	30	0	65	64	0	0	2	3	1386	4294967295	8	1
2328	30	0	65	64	0	0	2	4	1386	4294967295	4	1
2329	30	0	65	64	0	0	2	5	1386	4294967295	2	1
2330	30	0	65	64	0	0	2	6	1386	4294967295	1	1
2331	30	0	65	64	0	0	3	0	1386	4294967295	63	1
2332	30	0	65	64	0	0	3	1	1386	4294967295	32	1
2333	30	0	65	64	0	0	3	2	1386	4294967295	16	1
2334	30	0	65	64	0	0	3	3	1386	4294967295	8	1
2335	30	0	65	64	0	0	3	4	1386	4294967295	4	1
2336	30	0	65	64	0	0	3	5	1386	4294967295	2	1
2337	30	0	65	64	0	0	3	6	1386	4294967295	1	1
2338	30	0	65	64	0	0	4	0	1386	4294967295	63	1
2339	30	0	65	64	0	0	4	1	1386	4294967295	32	1
2340	30	0	65	64	0	0	4	2	1386	4294967295	16	1
2341	30	0	65	64	0	0	4	3	1386	4294967295	8	1
2342	30	0	65	64	0	0	4	4	1386	4294967295	4	1
2343	30	0	65	64	0	0	4	5	1386	4294967295	2	1
2344	30	0	65	64	0	0	4	6	1386	4294967295	1	1
2345	30	0	65	64	0	0	5	0	1386	4294967295	63	1
2346	30	0	65	64	0	0	5	1	1386	4294967295	32	1
2347	30	0	65	64	0	0	5	2	1386	4294967295	16	1
2348	30	0	65	64	0	0	5	3	1386	4294967295	8	1
2349	30	0	65	64	0	0	5	4	1386	4294967295	4	1
2350	30	0	65	64	0	0	5	5	1386	4294967295	2	1
2351	30	0	65	64	0	0	5	6	1386	4294967295	1	1
2352	30	0	65	64	0	0	6	0	1386	4294967295	63	1
2353	30	0	65	64	0	0	6	1	1386	4294967295	32	1
2354	30	0	65	64	0	0	6	2	1386	4294967295	16	1
2355	30	0	65	64	0	0	6	3	1386	4294967295	8	1
2356	30	0	65	64	0	0	6	4	1386	4294967295	4	1
2357	30	0	65	64	0	0	6	5	1386	4294967295	2	1
2358	30	0	65	64	0	0	6	6	1386	4294967295	1	1
2359	30	0	65	64	0	0	7	0	1386	4294967295	63	1
2360	30	0	65	64	0	0	7	1	1386	4294967295	32	1
2361	30	0	65	64	0	0	7	2	1386	4294967295	16	1
2362	30	0	65	64	0	0	7	3	1386	4294967295	8	1
2363	30	0	65	64	0	0	7	4	1386	4294967295	4	1
2364	30	0	65	64	0	0	7	5	1386	4294967295	2	1
2365	30	0	65	64	0	0	7	6	1386	4294967295	1	1
2366	30	0	65	64	0	0	8	0	1386	4294967295	63	1
2367	30	0	65	64	0	0	8	1	1386	4294967295	32	1
2368	30	0	65	64	0	0	8	2	1386	4294967295	16	1
2369	30	0	65	64	0	0	8	3	1386	4294967295	8	1
2370	30	0	65	64	0	0	8	4	1386	4294967295	4	1
2371	30	0	65	64	0	0	8	5	1386	4294967295	2	1
2372	30	0	65	64	0	0	8	6	1386	4294967295	1	1
2373	30	0	65	64	0	0	9	0	1386	4294967295	63	1
2374	30	0	65	64	0	0	9	1	1386	4294967295	32	1
2375	30	0	65	64	0	0	9	2	1386	4294967295	16	1
2376	30	0	65	64	0	0	9	3	1386	4294967295	8	1
2377	30	0	65	64	0	0	9	4	1386	4294967295	4	1
2378	30	0	65	64	0	0	9	5	1386	4294967295	2	1
2379	30	0	65	64	0	0	9	6	1386	4294967295	1	1
2380	30	0	65	64	0	0	10	0	1386	4294967295	63	1
2381	30	0	65	64	0	0	10	1	1386	4294967295	32	1
2382	30	0	65	64	0	0	10	2	1386	4294967295	16	1
2383	30	0	65	64	0	0	10	3	1386	4294967295	8	1
2384	30	0	65	64	0	0	10	4	1386	4294967295	4	1
2385	30	0	65	64	0	0	10	5	1386	4294967295	2	1
2386	30	0	65	64	0	0	10	6	1386	4294967295	1	1
2387	31	0	67	66	0	0	0	0	1418	4294967295	65	1
2388	31	0	67	66	0	0	0	1	1418	4294967295	33	1
2389	31	0	67	66	0	0	0	2	1418	4294967295	17	1
2390	31	0	67	66	0	0	0	3	1418	4294967295	9	1
2391	31	0	67	66	0	0	0	4	1418	4294967295	5	1
2392	31	0	67	66	0	0	0	5	1418	4294967295	3	1
2393	31	0	67	66	0	0	0	6	1418	4294967295	2	1
2394	31	0	67	66	0	0	1	0	1418	4294967295	65	1
2395	31	0	67	66	0	0	1	1	1418	4294967295	33	1
2396	31	0	67	66	0	0	1	2	1418	4294967295	17	1
2397	31	0	67	66	0	0	1	3	1418	4294967295	9	1
2398	31	0	67	66	0	0	1	4	1418	4294967295	5	1
2399	31	0	67	66	0	0	1	5	1418	4294967295	3	1
2400	31	0	67	66	0	0	1	6	1418	4294967295	2	1
2401	31	0	67	66	0	0	2	0	1418	4294967295	65	1
2402	31	0	67	66	0	0	2	1	1418	4294967295	33	1
2403	31	0	67	66	0	0	2	2	1418	4294967295	17	1
2404	31	0	67	66	0	0	2	3	1418	4294967295	9	1
2405	31	0	67	66	0	0	2	4	1418	4294967295	5	1
2406	31	0	67	66	0	0	2	5	1418	4294967295	3	1
2407	31	0	67	66	0	0	2	6	1418	4294967295	2	1
2408	31	0	67	66	0	0	3	0	1418	4294967295	65	1
2409	31	0	67	66	0	0	3	1	1418	4294967295	33	1
2410	31	0	67	66	0	0	3	2	1418	4294967295	17	1
2411	31	0	67	66	0	0	3	3	1418	4294967295	9	1
2412	31	0	67	66	0	0	3	4	1418	4294967295	5	1
2413	31	0	67	66	0	0	3	5	1418	4294967295	3	1
2414	31	0	67	66	0	0	3	6	1418	4294967295	2	1
2415	31	0	67	66	0	0	4	0	1418	4294967295	65	1
2416	31	0	67	66	0	0	4	1	1418	4294967295	33	1
2417	31	0	67	66	0	0	4	2	1418	4294967295	17	1
2418	31	0	67	66	0	0	4	3	1418	4294967295	9	1
2419	31	0	67	66	0	0	4	4	1418	4294967295	5	1
2420	31	0	67	66	0	0	4	5	1418	4294967295	3	1
2421	31	0	67	66	0	0	4	6	1418	4294967295	2	1
2422	31	0	67	66	0	0	5	0	1418	4294967295	65	1
2423	31	0	67	66	0	0	5	1	1418	4294967295	33	1
2424	31	0	67	66	0	0	5	2	1418	4294967295	17	1
2425	31	0	67	66	0	0	5	3	1418	4294967295	9	1
2426	31	0	67	66	0	0	5	4	1418	4294967295	5	1
2427	31	0	67	66	0	0	5	5	1418	4294967295	3	1
2428	31	0	67	66	0	0	5	6	1418	4294967295	2	1
2429	31	0	67	66	0	0	6	0	1418	4294967295	65	1
2430	31	0	67	66	0	0	6	1	1418	4294967295	33	1
2431	31	0	67	66	0	0	6	2	1418	4294967295	17	1
2432	31	0	67	66	0	0	6	3	1418	4294967295	9	1
2433	31	0	67	66	0	0	6	4	1418	4294967295	5	1
2434	31	0	67	66	0	0	6	5	1418	4294967295	3	1
2435	31	0	67	66	0	0	6	6	1418	4294967295	2	1
2436	31	0	67	66	0	0	7	0	1418	4294967295	65	1
2437	31	0	67	66	0	0	7	1	1418	4294967295	33	1
2438	31	0	67	66	0	0	7	2	1418	4294967295	17	1
2439	31	0	67	66	0	0	7	3	1418	4294967295	9	1
2440	31	0	67	66	0	0	7	4	1418	4294967295	5	1
2441	31	0	67	66	0	0	7	5	1418	4294967295	3	1
2442	31	0	67	66	0	0	7	6	1418	4294967295	2	1
2443	31	0	67	66	0	0	8	0	1418	4294967295	65	1
2444	31	0	67	66	0	0	8	1	1418	4294967295	33	1
2445	31	0	67	66	0	0	8	2	1418	4294967295	17	1
2446	31	0	67	66	0	0	8	3	1418	4294967295	9	1
2447	31	0	67	66	0	0	8	4	1418	4294967295	5	1
2448	31	0	67	66	0	0	8	5	1418	4294967295	3	1
2449	31	0	67	66	0	0	8	6	1418	4294967295	2	1
2450	31	0	67	66	0	0	9	0	1418	4294967295	65	1
2451	31	0	67	66	0	0	9	1	1418	4294967295	33	1
2452	31	0	67	66	0	0	9	2	1418	4294967295	17	1
2453	31	0	67	66	0	0	9	3	1418	4294967295	9	1
2454	31	0	67	66	0	0	9	4	1418	4294967295	5	1
2455	31	0	67	66	0	0	9	5	1418	4294967295	3	1
2456	31	0	67	66	0	0	9	6	1418	4294967295	2	1
2457	31	0	67	66	0	0	10	0	1418	4294967295	65	1
2458	31	0	67	66	0	0	10	1	1418	4294967295	33	1
2459	31	0	67	66	0	0	10	2	1418	4294967295	17	1
2460	31	0	67	66	0	0	10	3	1418	4294967295	9	1
2461	31	0	67	66	0	0	10	4	1418	4294967295	5	1
2462	31	0	67	66	0	0	10	5	1418	4294967295	3	1
2463	31	0	67	66	0	0	10	6	1418	4294967295	2	1
2464	32	0	69	68	0	0	0	0	1450	4294967295	67	1
2465	32	0	69	68	0	0	0	1	1450	4294967295	34	1
2466	32	0	69	68	0	0	0	2	1450	4294967295	17	1
2467	32	0	69	68	0	0	0	3	1450	4294967295	9	1
2468	32	0	69	68	0	0	0	4	1450	4294967295	5	1
2469	32	0	69	68	0	0	0	5	1450	4294967295	3	1
2470	32	0	69	68	0	0	0	6	1450	4294967295	2	1
2471	32	0	69	68	0	0	1	0	1450	4294967295	67	1
2472	32	0	69	68	0	0	1	1	1450	4294967295	34	1
2473	32	0	69	68	0	0	1	2	1450	4294967295	17	1
2474	32	0	69	68	0	0	1	3	1450	4294967295	9	1
2475	32	0	69	68	0	0	1	4	1450	4294967295	5	1
2476	32	0	69	68	0	0	1	5	1450	4294967295	3	1
2477	32	0	69	68	0	0	1	6	1450	4294967295	2	1
2478	32	0	69	68	0	0	2	0	1450	4294967295	67	1
2479	32	0	69	68	0	0	2	1	1450	4294967295	34	1
2480	32	0	69	68	0	0	2	2	1450	4294967295	17	1
2481	32	0	69	68	0	0	2	3	1450	4294967295	9	1
2482	32	0	69	68	0	0	2	4	1450	4294967295	5	1
2483	32	0	69	68	0	0	2	5	1450	4294967295	3	1
2484	32	0	69	68	0	0	2	6	1450	4294967295	2	1
2485	32	0	69	68	0	0	3	0	1450	4294967295	67	1
2486	32	0	69	68	0	0	3	1	1450	4294967295	34	1
2487	32	0	69	68	0	0	3	2	1450	4294967295	17	1
2488	32	0	69	68	0	0	3	3	1450	4294967295	9	1
2489	32	0	69	68	0	0	3	4	1450	4294967295	5	1
2490	32	0	69	68	0	0	3	5	1450	4294967295	3	1
2491	32	0	69	68	0	0	3	6	1450	4294967295	2	1
2492	32	0	69	68	0	0	4	0	1450	4294967295	67	1
2493	32	0	69	68	0	0	4	1	1450	4294967295	34	1
2494	32	0	69	68	0	0	4	2	1450	4294967295	17	1
2495	32	0	69	68	0	0	4	3	1450	4294967295	9	1
2496	32	0	69	68	0	0	4	4	1450	4294967295	5	1
2497	32	0	69	68	0	0	4	5	1450	4294967295	3	1
2498	32	0	69	68	0	0	4	6	1450	4294967295	2	1
2499	32	0	69	68	0	0	5	0	1450	4294967295	67	1
2500	32	0	69	68	0	0	5	1	1450	4294967295	34	1
2501	32	0	69	68	0	0	5	2	1450	4294967295	17	1
2502	32	0	69	68	0	0	5	3	1450	4294967295	9	1
2503	32	0	69	68	0	0	5	4	1450	4294967295	5	1
2504	32	0	69	68	0	0	5	5	1450	4294967295	3	1
2505	32	0	69	68	0	0	5	6	1450	4294967295	2	1
2506	32	0	69	68	0	0	6	0	1450	4294967295	67	1
2507	32	0	69	68	0	0	6	1	1450	4294967295	34	1
2508	32	0	69	68	0	0	6	2	1450	4294967295	17	1
2509	32	0	69	68	0	0	6	3	1450	4294967295	9	1
2510	32	0	69	68	0	0	6	4	1450	4294967295	5	1
2511	32	0	69	68	0	0	6	5	1450	4294967295	3	1
2512	32	0	69	68	0	0	6	6	1450	4294967295	2	1
2513	32	0	69	68	0	0	7	0	1450	4294967295	67	1
2514	32	0	69	68	0	0	7	1	1450	4294967295	34	1
2515	32	0	69	68	0	0	7	2	1450	4294967295	17	1
2516	32	0	69	68	0	0	7	3	1450	4294967295	9	1
2517	32	0	69	68	0	0	7	4	1450	4294967295	5	1
2518	32	0	69	68	0	0	7	5	1450	4294967295	3	1
2519	32	0	69	68	0	0	7	6	1450	4294967295	2	1
2520	32	0	69	68	0	0	8	0	1450	4294967295	67	1
2521	32	0	69	68	0	0	8	1	1450	4294967295	34	1
2522	32	0	69	68	0	0	8	2	1450	4294967295	17	1
2523	32	0	69	68	0	0	8	3	1450	4294967295	9	1
2524	32	0	69	68	0	0	8	4	1450	4294967295	5	1
2525	32	0	69	68	0	0	8	5	1450	4294967295	3	1
2526	32	0	69	68	0	0	8	6	1450	4294967295	2	1
2527	32	0	69	68	0	0	9	0	1450	4294967295	67	1
2528	32	0	69	68	0	0	9	1	1450	4294967295	34	1
2529	32	0	69	68	0	0	9	2	1450	4294967295	17	1
2530	32	0	69	68	0	0	9	3	1450	4294967295	9	1
2531	32	0	69	68	0	0	9	4	1450	4294967295	5	1
2532	32	0	69	68	0	0	9	5	1450	4294967295	3	1
2533	32	0	69	68	0	0	9	6	1450	4294967295	2	1
2534	32	0	69	68	0	0	10	0	1450	4294967295	67	1
2535	32	0	69	68	0	0	10	1	1450	4294967295	34	1
2536	32	0	69	68	0	0	10	2	1450	4294967295	17	1
2537	32	0	69	68	0	0	10	3	1450	4294967295	9	1
2538	32	0	69	68	0	0	10	4	1450	4294967295	5	1
2539	32	0	69	68	0	0	10	5	1450	4294967295	3	1
2540	32	0	69	68	0	0	10	6	1450	4294967295	2	1
2541	33	0	71	70	0	0	0	0	1478	4294967295	69	1
2542	33	0	71	70	0	0	0	1	1478	4294967295	35	1
2543	33	0	71	70	0	0	0	2	1478	4294967295	18	1
2544	33	0	71	70	0	0	0	3	1478	4294967295	9	1
2545	33	0	71	70	0	0	0	4	1478	4294967295	5	1
2546	33	0	71	70	0	0	0	5	1478	4294967295	3	1
2547	33	0	71	70	0	0	0	6	1478	4294967295	2	1
2548	33	0	71	70	0	0	1	0	1478	4294967295	69	1
2549	33	0	71	70	0	0	1	1	1478	4294967295	35	1
2550	33	0	71	70	0	0	1	2	1478	4294967295	18	1
2551	33	0	71	70	0	0	1	3	1478	4294967295	9	1
2552	33	0	71	70	0	0	1	4	1478	4294967295	5	1
2553	33	0	71	70	0	0	1	5	1478	4294967295	3	1
2554	33	0	71	70	0	0	1	6	1478	4294967295	2	1
2555	33	0	71	70	0	0	2	0	1478	4294967295	69	1
2556	33	0	71	70	0	0	2	1	1478	4294967295	35	1
2557	33	0	71	70	0	0	2	2	1478	4294967295	18	1
2558	33	0	71	70	0	0	2	3	1478	4294967295	9	1
2559	33	0	71	70	0	0	2	4	1478	4294967295	5	1
2560	33	0	71	70	0	0	2	5	1478	4294967295	3	1
2561	33	0	71	70	0	0	2	6	1478	4294967295	2	1
2562	33	0	71	70	0	0	3	0	1478	4294967295	69	1
2563	33	0	71	70	0	0	3	1	1478	4294967295	35	1
2564	33	0	71	70	0	0	3	2	1478	4294967295	18	1
2565	33	0	71	70	0	0	3	3	1478	4294967295	9	1
2566	33	0	71	70	0	0	3	4	1478	4294967295	5	1
2567	33	0	71	70	0	0	3	5	1478	4294967295	3	1
2568	33	0	71	70	0	0	3	6	1478	4294967295	2	1
2569	33	0	71	70	0	0	4	0	1478	4294967295	69	1
2570	33	0	71	70	0	0	4	1	1478	4294967295	35	1
2571	33	0	71	70	0	0	4	2	1478	4294967295	18	1
2572	33	0	71	70	0	0	4	3	1478	4294967295	9	1
2573	33	0	71	70	0	0	4	4	1478	4294967295	5	1
2574	33	0	71	70	0	0	4	5	1478	4294967295	3	1
2575	33	0	71	70	0	0	4	6	1478	4294967295	2	1
2576	33	0	71	70	0	0	5	0	1478	4294967295	69	1
2577	33	0	71	70	0	0	5	1	1478	4294967295	35	1
2578	33	0	71	70	0	0	5	2	1478	4294967295	18	1
2579	33	0	71	70	0	0	5	3	1478	4294967295	9	1
2580	33	0	71	70	0	0	5	4	1478	4294967295	5	1
2581	33	0	71	70	0	0	5	5	1478	4294967295	3	1
2582	33	0	71	70	0	0	5	6	1478	4294967295	2	1
2583	33	0	71	70	0	0	6	0	1478	4294967295	69	1
2584	33	0	71	70	0	0	6	1	1478	4294967295	35	1
2585	33	0	71	70	0	0	6	2	1478	4294967295	18	1
2586	33	0	71	70	0	0	6	3	1478	4294967295	9	1
2587	33	0	71	70	0	0	6	4	1478	4294967295	5	1
2588	33	0	71	70	0	0	6	5	1478	4294967295	3	1
2589	33	0	71	70	0	0	6	6	1478	4294967295	2	1
2590	33	0	71	70	0	0	7	0	1478	4294967295	69	1
2591	33	0	71	70	0	0	7	1	1478	4294967295	35	1
2592	33	0	71	70	0	0	7	2	1478	4294967295	18	1
2593	33	0	71	70	0	0	7	3	1478	4294967295	9	1
2594	33	0	71	70	0	0	7	4	1478	4294967295	5	1
2595	33	0	71	70	0	0	7	5	1478	4294967295	3	1
2596	33	0	71	70	0	0	7	6	1478	4294967295	2	1
2597	33	0	71	70	0	0	8	0	1478	4294967295	69	1
2598	33	0	71	70	0	0	8	1	1478	4294967295	35	1
2599	33	0	71	70	0	0	8	2	1478	4294967295	18	1
2600	33	0	71	70	0	0	8	3	1478	4294967295	9	1
2601	33	0	71	70	0	0	8	4	1478	4294967295	5	1
2602	33	0	71	70	0	0	8	5	1478	4294967295	3	1
2603	33	0	71	70	0	0	8	6	1478	4294967295	2	1
2604	33	0	71	70	0	0	9	0	1478	4294967295	69	1
2605	33	0	71	70	0	0	9	1	1478	4294967295	35	1
2606	33	0	71	70	0	0	9	2	1478	4294967295	18	1
2607	33	0	71	70	0	0	9	3	1478	4294967295	9	1
2608	33	0	71	70	0	0	9	4	1478	4294967295	5	1
2609	33	0	71	70	0	0	9	5	1478	4294967295	3	1
2610	33	0	71	70	0	0	9	6	1478	4294967295	2	1
2611	33	0	71	70	0	0	10	0	1478	4294967295	69	1
2612	33	0	71	70	0	0	10	1	1478	4294967295	35	1
2613	33	0	71	70	0	0	10	2	1478	4294967295	18	1
2614	33	0	71	70	0	0	10	3	1478	4294967295	9	1
2615	33	0	71	70	0	0	10	4	1478	4294967295	5	1
2616	33	0	71	70	0	0	10	5	1478	4294967295	3	1
2617	33	0	71	70	0	0	10	6	1478	4294967295	2	1
2618	34	0	73	72	0	0	0	0	1534	4294967295	71	1
2619	34	0	73	72	0	0	0	1	1534	4294967295	36	1
2620	34	0	73	72	0	0	0	2	1534	4294967295	18	1
2621	34	0	73	72	0	0	0	3	1534	4294967295	9	1
2622	34	0	73	72	0	0	0	4	1534	4294967295	5	1
2623	34	0	73	72	0	0	0	5	1534	4294967295	3	1
2624	34	0	73	72	0	0	0	6	1534	4294967295	2	1
2625	34	0	73	72	0	0	1	0	1534	4294967295	71	1
2626	34	0	73	72	0	0	1	1	1534	4294967295	36	1
2627	34	0	73	72	0	0	1	2	1534	4294967295	18	1
2628	34	0	73	72	0	0	1	3	1534	4294967295	9	1
2629	34	0	73	72	0	0	1	4	1534	4294967295	5	1
2630	34	0	73	72	0	0	1	5	1534	4294967295	3	1
2631	34	0	73	72	0	0	1	6	1534	4294967295	2	1
2632	34	0	73	72	0	0	2	0	1534	4294967295	71	1
2633	34	0	73	72	0	0	2	1	1534	4294967295	36	1
2634	34	0	73	72	0	0	2	2	1534	4294967295	18	1
2635	34	0	73	72	0	0	2	3	1534	4294967295	9	1
2636	34	0	73	72	0	0	2	4	1534	4294967295	5	1
2637	34	0	73	72	0	0	2	5	1534	4294967295	3	1
2638	34	0	73	72	0	0	2	6	1534	4294967295	2	1
2639	34	0	73	72	0	0	3	0	1534	4294967295	71	1
2640	34	0	73	72	0	0	3	1	1534	4294967295	36	1
2641	34	0	73	72	0	0	3	2	1534	4294967295	18	1
2642	34	0	73	72	0	0	3	3	1534	4294967295	9	1
2643	34	0	73	72	0	0	3	4	1534	4294967295	5	1
2644	34	0	73	72	0	0	3	5	1534	4294967295	3	1
2645	34	0	73	72	0	0	3	6	1534	4294967295	2	1
2646	34	0	73	72	0	0	4	0	1534	4294967295	71	1
2647	34	0	73	72	0	0	4	1	1534	4294967295	36	1
2648	34	0	73	72	0	0	4	2	1534	4294967295	18	1
2649	34	0	73	72	0	0	4	3	1534	4294967295	9	1
2650	34	0	73	72	0	0	4	4	1534	4294967295	5	1
2651	34	0	73	72	0	0	4	5	1534	4294967295	3	1
2652	34	0	73	72	0	0	4	6	1534	4294967295	2	1
2653	34	0	73	72	0	0	5	0	1534	4294967295	71	1
2654	34	0	73	72	0	0	5	1	1534	4294967295	36	1
2655	34	0	73	72	0	0	5	2	1534	4294967295	18	1
2656	34	0	73	72	0	0	5	3	1534	4294967295	9	1
2657	34	0	73	72	0	0	5	4	1534	4294967295	5	1
2658	34	0	73	72	0	0	5	5	1534	4294967295	3	1
2659	34	0	73	72	0	0	5	6	1534	4294967295	2	1
2660	34	0	73	72	0	0	6	0	1534	4294967295	71	1
2661	34	0	73	72	0	0	6	1	1534	4294967295	36	1
2662	34	0	73	72	0	0	6	2	1534	4294967295	18	1
2663	34	0	73	72	0	0	6	3	1534	4294967295	9	1
2664	34	0	73	72	0	0	6	4	1534	4294967295	5	1
2665	34	0	73	72	0	0	6	5	1534	4294967295	3	1
2666	34	0	73	72	0	0	6	6	1534	4294967295	2	1
2667	34	0	73	72	0	0	7	0	1534	4294967295	71	1
2668	34	0	73	72	0	0	7	1	1534	4294967295	36	1
2669	34	0	73	72	0	0	7	2	1534	4294967295	18	1
2670	34	0	73	72	0	0	7	3	1534	4294967295	9	1
2671	34	0	73	72	0	0	7	4	1534	4294967295	5	1
2672	34	0	73	72	0	0	7	5	1534	4294967295	3	1
2673	34	0	73	72	0	0	7	6	1534	4294967295	2	1
2674	34	0	73	72	0	0	8	0	1534	4294967295	71	1
2675	34	0	73	72	0	0	8	1	1534	4294967295	36	1
2676	34	0	73	72	0	0	8	2	1534	4294967295	18	1
2677	34	0	73	72	0	0	8	3	1534	4294967295	9	1
2678	34	0	73	72	0	0	8	4	1534	4294967295	5	1
2679	34	0	73	72	0	0	8	5	1534	4294967295	3	1
2680	34	0	73	72	0	0	8	6	1534	4294967295	2	1
2681	34	0	73	72	0	0	9	0	1534	4294967295	71	1
2682	34	0	73	72	0	0	9	1	1534	4294967295	36	1
2683	34	0	73	72	0	0	9	2	1534	4294967295	18	1
2684	34	0	73	72	0	0	9	3	1534	4294967295	9	1
2685	34	0	73	72	0	0	9	4	1534	4294967295	5	1
2686	34	0	73	72	0	0	9	5	1534	4294967295	3	1
2687	34	0	73	72	0	0	9	6	1534	4294967295	2	1
2688	34	0	73	72	0	0	10	0	1534	4294967295	71	1
2689	34	0	73	72	0	0	10	1	1534	4294967295	36	1
2690	34	0	73	72	0	0	10	2	1534	4294967295	18	1
2691	34	0	73	72	0	0	10	3	1534	4294967295	9	1
2692	34	0	73	72	0	0	10	4	1534	4294967295	5	1
2693	34	0	73	72	0	0	10	5	1534	4294967295	3	1
2694	34	0	73	72	0	0	10	6	1534	4294967295	2	1
2695	35	0	75	74	0	0	0	0	1570	4294967295	73	1
2696	35	0	75	74	0	0	0	1	1570	4294967295	37	1
2697	35	0	75	74	0	0	0	2	1570	4294967295	19	1
2698	35	0	75	74	0	0	0	3	1570	4294967295	10	1
2699	35	0	75	74	0	0	0	4	1570	4294967295	5	1
2700	35	0	75	74	0	0	0	5	1570	4294967295	3	1
2701	35	0	75	74	0	0	0	6	1570	4294967295	2	1
2702	35	0	75	74	0	0	1	0	1570	4294967295	73	1
2703	35	0	75	74	0	0	1	1	1570	4294967295	37	1
2704	35	0	75	74	0	0	1	2	1570	4294967295	19	1
2705	35	0	75	74	0	0	1	3	1570	4294967295	10	1
2706	35	0	75	74	0	0	1	4	1570	4294967295	5	1
2707	35	0	75	74	0	0	1	5	1570	4294967295	3	1
2708	35	0	75	74	0	0	1	6	1570	4294967295	2	1
2709	35	0	75	74	0	0	2	0	1570	4294967295	73	1
2710	35	0	75	74	0	0	2	1	1570	4294967295	37	1
2711	35	0	75	74	0	0	2	2	1570	4294967295	19	1
2712	35	0	75	74	0	0	2	3	1570	4294967295	10	1
2713	35	0	75	74	0	0	2	4	1570	4294967295	5	1
2714	35	0	75	74	0	0	2	5	1570	4294967295	3	1
2715	35	0	75	74	0	0	2	6	1570	4294967295	2	1
2716	35	0	75	74	0	0	3	0	1570	4294967295	73	1
2717	35	0	75	74	0	0	3	1	1570	4294967295	37	1
2718	35	0	75	74	0	0	3	2	1570	4294967295	19	1
2719	35	0	75	74	0	0	3	3	1570	4294967295	10	1
2720	35	0	75	74	0	0	3	4	1570	4294967295	5	1
2721	35	0	75	74	0	0	3	5	1570	4294967295	3	1
2722	35	0	75	74	0	0	3	6	1570	4294967295	2	1
2723	35	0	75	74	0	0	4	0	1570	4294967295	73	1
2724	35	0	75	74	0	0	4	1	1570	4294967295	37	1
2725	35	0	75	74	0	0	4	2	1570	4294967295	19	1
2726	35	0	75	74	0	0	4	3	1570	4294967295	10	1
2727	35	0	75	74	0	0	4	4	1570	4294967295	5	1
2728	35	0	75	74	0	0	4	5	1570	4294967295	3	1
2729	35	0	75	74	0	0	4	6	1570	4294967295	2	1
2730	35	0	75	74	0	0	5	0	1570	4294967295	73	1
2731	35	0	75	74	0	0	5	1	1570	4294967295	37	1
2732	35	0	75	74	0	0	5	2	1570	4294967295	19	1
2733	35	0	75	74	0	0	5	3	1570	4294967295	10	1
2734	35	0	75	74	0	0	5	4	1570	4294967295	5	1
2735	35	0	75	74	0	0	5	5	1570	4294967295	3	1
2736	35	0	75	74	0	0	5	6	1570	4294967295	2	1
2737	35	0	75	74	0	0	6	0	1570	4294967295	73	1
2738	35	0	75	74	0	0	6	1	1570	4294967295	37	1
2739	35	0	75	74	0	0	6	2	1570	4294967295	19	1
2740	35	0	75	74	0	0	6	3	1570	4294967295	10	1
2741	35	0	75	74	0	0	6	4	1570	4294967295	5	1
2742	35	0	75	74	0	0	6	5	1570	4294967295	3	1
2743	35	0	75	74	0	0	6	6	1570	4294967295	2	1
2744	35	0	75	74	0	0	7	0	1570	4294967295	73	1
2745	35	0	75	74	0	0	7	1	1570	4294967295	37	1
2746	35	0	75	74	0	0	7	2	1570	4294967295	19	1
2747	35	0	75	74	0	0	7	3	1570	4294967295	10	1
2748	35	0	75	74	0	0	7	4	1570	4294967295	5	1
2749	35	0	75	74	0	0	7	5	1570	4294967295	3	1
2750	35	0	75	74	0	0	7	6	1570	4294967295	2	1
2751	35	0	75	74	0	0	8	0	1570	4294967295	73	1
2752	35	0	75	74	0	0	8	1	1570	4294967295	37	1
2753	35	0	75	74	0	0	8	2	1570	4294967295	19	1
2754	35	0	75	74	0	0	8	3	1570	4294967295	10	1
2755	35	0	75	74	0	0	8	4	1570	4294967295	5	1
2756	35	0	75	74	0	0	8	5	1570	4294967295	3	1
2757	35	0	75	74	0	0	8	6	1570	4294967295	2	1
2758	35	0	75	74	0	0	9	0	1570	4294967295	73	1
2759	35	0	75	74	0	0	9	1	1570	4294967295	37	1
2760	35	0	75	74	0	0	9	2	1570	4294967295	19	1
2761	35	0	75	74	0	0	9	3	1570	4294967295	10	1
2762	35	0	75	74	0	0	9	4	1570	4294967295	5	1
2763	35	0	75	74	0	0	9	5	1570	4294967295	3	1
2764	35	0	75	74	0	0	9	6	1570	4294967295	2	1
2765	35	0	75	74	0	0	10	0	1570	4294967295	73	1
2766	35	0	75	74	0	0	10	1	1570	4294967295	37	1
2767	35	0	75	74	0	0	10	2	1570	4294967295	19	1
2768	35	0	75	74	0	0	10	3	1570	4294967295	10	1
2769	35	0	75	74	0	0	10	4	1570	4294967295	5	1
2770	35	0	75	74	0	0	10	5	1570	4294967295	3	1
2771	35	0	75	74	0	0	10	6	1570	4294967295	2	1
2772	36	0	77	76	0	0	0	0	1606	4294967295	75	1
2773	36	0	77	76	0	0	0	1	1606	4294967295	38	1
2774	36	0	77	76	0	0	0	2	1606	4294967295	19	1
2775	36	0	77	76	0	0	0	3	1606	4294967295	10	1
2776	36	0	77	76	0	0	0	4	1606	4294967295	5	1
2777	36	0	77	76	0	0	0	5	1606	4294967295	3	1
2778	36	0	77	76	0	0	0	6	1606	4294967295	2	1
2779	36	0	77	76	0	0	1	0	1606	4294967295	75	1
2780	36	0	77	76	0	0	1	1	1606	4294967295	38	1
2781	36	0	77	76	0	0	1	2	1606	4294967295	19	1
2782	36	0	77	76	0	0	1	3	1606	4294967295	10	1
2783	36	0	77	76	0	0	1	4	1606	4294967295	5	1
2784	36	0	77	76	0	0	1	5	1606	4294967295	3	1
2785	36	0	77	76	0	0	1	6	1606	4294967295	2	1
2786	36	0	77	76	0	0	2	0	1606	4294967295	75	1
2787	36	0	77	76	0	0	2	1	1606	4294967295	38	1
2788	36	0	77	76	0	0	2	2	1606	4294967295	19	1
2789	36	0	77	76	0	0	2	3	1606	4294967295	10	1
2790	36	0	77	76	0	0	2	4	1606	4294967295	5	1
2791	36	0	77	76	0	0	2	5	1606	4294967295	3	1
2792	36	0	77	76	0	0	2	6	1606	4294967295	2	1
2793	36	0	77	76	0	0	3	0	1606	4294967295	75	1
2794	36	0	77	76	0	0	3	1	1606	4294967295	38	1
2795	36	0	77	76	0	0	3	2	1606	4294967295	19	1
2796	36	0	77	76	0	0	3	3	1606	4294967295	10	1
2797	36	0	77	76	0	0	3	4	1606	4294967295	5	1
2798	36	0	77	76	0	0	3	5	1606	4294967295	3	1
2799	36	0	77	76	0	0	3	6	1606	4294967295	2	1
2800	36	0	77	76	0	0	4	0	1606	4294967295	75	1
2801	36	0	77	76	0	0	4	1	1606	4294967295	38	1
2802	36	0	77	76	0	0	4	2	1606	4294967295	19	1
2803	36	0	77	76	0	0	4	3	1606	4294967295	10	1
2804	36	0	77	76	0	0	4	4	1606	4294967295	5	1
2805	36	0	77	76	0	0	4	5	1606	4294967295	3	1
2806	36	0	77	76	0	0	4	6	1606	4294967295	2	1
2807	36	0	77	76	0	0	5	0	1606	4294967295	75	1
2808	36	0	77	76	0	0	5	1	1606	4294967295	38	1
2809	36	0	77	76	0	0	5	2	1606	4294967295	19	1
2810	36	0	77	76	0	0	5	3	1606	4294967295	10	1
2811	36	0	77	76	0	0	5	4	1606	4294967295	5	1
2812	36	0	77	76	0	0	5	5	1606	4294967295	3	1
2813	36	0	77	76	0	0	5	6	1606	4294967295	2	1
2814	36	0	77	76	0	0	6	0	1606	4294967295	75	1
2815	36	0	77	76	0	0	6	1	1606	4294967295	38	1
2816	36	0	77	76	0	0	6	2	1606	4294967295	19	1
2817	36	0	77	76	0	0	6	3	1606	4294967295	10	1
2818	36	0	77	76	0	0	6	4	1606	4294967295	5	1
2819	36	0	77	76	0	0	6	5	1606	4294967295	3	1
2820	36	0	77	76	0	0	6	6	1606	4294967295	2	1
2821	36	0	77	76	0	0	7	0	1606	4294967295	75	1
2822	36	0	77	76	0	0	7	1	1606	4294967295	38	1
2823	36	0	77	76	0	0	7	2	1606	4294967295	19	1
2824	36	0	77	76	0	0	7	3	1606	4294967295	10	1
2825	36	0	77	76	0	0	7	4	1606	4294967295	5	1
2826	36	0	77	76	0	0	7	5	1606	4294967295	3	1
2827	36	0	77	76	0	0	7	6	1606	4294967295	2	1
2828	36	0	77	76	0	0	8	0	1606	4294967295	75	1
2829	36	0	77	76	0	0	8	1	1606	4294967295	38	1
2830	36	0	77	76	0	0	8	2	1606	4294967295	19	1
2831	36	0	77	76	0	0	8	3	1606	4294967295	10	1
2832	36	0	77	76	0	0	8	4	1606	4294967295	5	1
2833	36	0	77	76	0	0	8	5	1606	4294967295	3	1
2834	36	0	77	76	0	0	8	6	1606	4294967295	2	1
2835	36	0	77	76	0	0	9	0	1606	4294967295	75	1
2836	36	0	77	76	0	0	9	1	1606	4294967295	38	1
2837	36	0	77	76	0	0	9	2	1606	4294967295	19	1
2838	36	0	77	76	0	0	9	3	1606	4294967295	10	1
2839	36	0	77	76	0	0	9	4	1606	4294967295	5	1
2840	36	0	77	76	0	0	9	5	1606	4294967295	3	1
2841	36	0	77	76	0	0	9	6	1606	4294967295	2	1
2842	36	0	77	76	0	0	10	0	1606	4294967295	75	1
2843	36	0	77	76	0	0	10	1	1606	4294967295	38	1
2844	36	0	77	76	0	0	10	2	1606	4294967295	19	1
2845	36	0	77	76	0	0	10	3	1606	4294967295	10	1
2846	36	0	77	76	0	0	10	4	1606	4294967295	5	1
2847	36	0	77	76	0	0	10	5	1606	4294967295	3	1
2848	36	0	77	76	0	0	10	6	1606	4294967295	2	1
2849	37	0	79	78	0	0	0	0	1642	4294967295	77	1
2850	37	0	79	78	0	0	0	1	1642	4294967295	39	1
2851	37	0	79	78	0	0	0	2	1642	4294967295	20	1
2852	37	0	79	78	0	0	0	3	1642	4294967295	10	1
2853	37	0	79	78	0	0	0	4	1642	4294967295	5	1
2854	37	0	79	78	0	0	0	5	1642	4294967295	3	1
2855	37	0	79	78	0	0	0	6	1642	4294967295	2	1
2856	37	0	79	78	0	0	1	0	1642	4294967295	77	1
2857	37	0	79	78	0	0	1	1	1642	4294967295	39	1
2858	37	0	79	78	0	0	1	2	1642	4294967295	20	1
2859	37	0	79	78	0	0	1	3	1642	4294967295	10	1
2860	37	0	79	78	0	0	1	4	1642	4294967295	5	1
2861	37	0	79	78	0	0	1	5	1642	4294967295	3	1
2862	37	0	79	78	0	0	1	6	1642	4294967295	2	1
2863	37	0	79	78	0	0	2	0	1642	4294967295	77	1
2864	37	0	79	78	0	0	2	1	1642	4294967295	39	1
2865	37	0	79	78	0	0	2	2	1642	4294967295	20	1
2866	37	0	79	78	0	0	2	3	1642	4294967295	10	1
2867	37	0	79	78	0	0	2	4	1642	4294967295	5	1
2868	37	0	79	78	0	0	2	5	1642	4294967295	3	1
2869	37	0	79	78	0	0	2	6	1642	4294967295	2	1
2870	37	0	79	78	0	0	3	0	1642	4294967295	77	1
2871	37	0	79	78	0	0	3	1	1642	4294967295	39	1
2872	37	0	79	78	0	0	3	2	1642	4294967295	20	1
2873	37	0	79	78	0	0	3	3	1642	4294967295	10	1
2874	37	0	79	78	0	0	3	4	1642	4294967295	5	1
2875	37	0	79	78	0	0	3	5	1642	4294967295	3	1
2876	37	0	79	78	0	0	3	6	1642	4294967295	2	1
2877	37	0	79	78	0	0	4	0	1642	4294967295	77	1
2878	37	0	79	78	0	0	4	1	1642	4294967295	39	1
2879	37	0	79	78	0	0	4	2	1642	4294967295	20	1
2880	37	0	79	78	0	0	4	3	1642	4294967295	10	1
2881	37	0	79	78	0	0	4	4	1642	4294967295	5	1
2882	37	0	79	78	0	0	4	5	1642	4294967295	3	1
2883	37	0	79	78	0	0	4	6	1642	4294967295	2	1
2884	37	0	79	78	0	0	5	0	1642	4294967295	77	1
2885	37	0	79	78	0	0	5	1	1642	4294967295	39	1
2886	37	0	79	78	0	0	5	2	1642	4294967295	20	1
2887	37	0	79	78	0	0	5	3	1642	4294967295	10	1
2888	37	0	79	78	0	0	5	4	1642	4294967295	5	1
2889	37	0	79	78	0	0	5	5	1642	4294967295	3	1
2890	37	0	79	78	0	0	5	6	1642	4294967295	2	1
2891	37	0	79	78	0	0	6	0	1642	4294967295	77	1
2892	37	0	79	78	0	0	6	1	1642	4294967295	39	1
2893	37	0	79	78	0	0	6	2	1642	4294967295	20	1
2894	37	0	79	78	0	0	6	3	1642	4294967295	10	1
2895	37	0	79	78	0	0	6	4	1642	4294967295	5	1
2896	37	0	79	78	0	0	6	5	1642	4294967295	3	1
2897	37	0	79	78	0	0	6	6	1642	4294967295	2	1
2898	37	0	79	78	0	0	7	0	1642	4294967295	77	1
2899	37	0	79	78	0	0	7	1	1642	4294967295	39	1
2900	37	0	79	78	0	0	7	2	1642	4294967295	20	1
2901	37	0	79	78	0	0	7	3	1642	4294967295	10	1
2902	37	0	79	78	0	0	7	4	1642	4294967295	5	1
2903	37	0	79	78	0	0	7	5	1642	4294967295	3	1
2904	37	0	79	78	0	0	7	6	1642	4294967295	2	1
2905	37	0	79	78	0	0	8	0	1642	4294967295	77	1
2906	37	0	79	78	0	0	8	1	1642	4294967295	39	1
2907	37	0	79	78	0	0	8	2	1642	4294967295	20	1
2908	37	0	79	78	0	0	8	3	1642	4294967295	10	1
2909	37	0	79	78	0	0	8	4	1642	4294967295	5	1
2910	37	0	79	78	0	0	8	5	1642	4294967295	3	1
2911	37	0	79	78	0	0	8	6	1642	4294967295	2	1
2912	37	0	79	78	0	0	9	0	1642	4294967295	77	1
2913	37	0	79	78	0	0	9	1	1642	4294967295	39	1
2914	37	0	79	78	0	0	9	2	1642	4294967295	20	1
2915	37	0	79	78	0	0	9	3	1642	4294967295	10	1
2916	37	0	79	78	0	0	9	4	1642	4294967295	5	1
2917	37	0	79	78	0	0	9	5	1642	4294967295	3	1
2918	37	0	79	78	0	0	9	6	1642	4294967295	2	1
2919	37	0	79	78	0	0	10	0	1642	4294967295	77	1
2920	37	0	79	78	0	0	10	1	1642	4294967295	39	1
2921	37	0	79	78	0	0	10	2	1642	4294967295	20	1
2922	37	0	79	78	0	0	10	3	1642	4294967295	10	1
2923	37	0	79	78	0	0	10	4	1642	4294967295	5	1
2924	37	0	79	78	0	0	10	5	1642	4294967295	3	1
2925	37	0	79	78	0	0	10	6	1642	4294967295	2	1
2926	38	0	81	80	0	0	0	0	1738	4294967295	79	1
2927	38	0	81	80	0	0	0	1	1738	4294967295	40	1
2928	38	0	81	80	0	0	0	2	1738	4294967295	20	1
2929	38	0	81	80	0	0	0	3	1738	4294967295	10	1
2930	38	0	81	80	0	0	0	4	1738	4294967295	5	1
2931	38	0	81	80	0	0	0	5	1738	4294967295	3	1
2932	38	0	81	80	0	0	0	6	1738	4294967295	2	1
2933	38	0	81	80	0	0	1	0	1738	4294967295	79	1
2934	38	0	81	80	0	0	1	1	1738	4294967295	40	1
2935	38	0	81	80	0	0	1	2	1738	4294967295	20	1
2936	38	0	81	80	0	0	1	3	1738	4294967295	10	1
2937	38	0	81	80	0	0	1	4	1738	4294967295	5	1
2938	38	0	81	80	0	0	1	5	1738	4294967295	3	1
2939	38	0	81	80	0	0	1	6	1738	4294967295	2	1
2940	38	0	81	80	0	0	2	0	1738	4294967295	79	1
2941	38	0	81	80	0	0	2	1	1738	4294967295	40	1
2942	38	0	81	80	0	0	2	2	1738	4294967295	20	1
2943	38	0	81	80	0	0	2	3	1738	4294967295	10	1
2944	38	0	81	80	0	0	2	4	1738	4294967295	5	1
2945	38	0	81	80	0	0	2	5	1738	4294967295	3	1
2946	38	0	81	80	0	0	2	6	1738	4294967295	2	1
2947	38	0	81	80	0	0	3	0	1738	4294967295	79	1
2948	38	0	81	80	0	0	3	1	1738	4294967295	40	1
2949	38	0	81	80	0	0	3	2	1738	4294967295	20	1
2950	38	0	81	80	0	0	3	3	1738	4294967295	10	1
2951	38	0	81	80	0	0	3	4	1738	4294967295	5	1
2952	38	0	81	80	0	0	3	5	1738	4294967295	3	1
2953	38	0	81	80	0	0	3	6	1738	4294967295	2	1
2954	38	0	81	80	0	0	4	0	1738	4294967295	79	1
2955	38	0	81	80	0	0	4	1	1738	4294967295	40	1
2956	38	0	81	80	0	0	4	2	1738	4294967295	20	1
2957	38	0	81	80	0	0	4	3	1738	4294967295	10	1
2958	38	0	81	80	0	0	4	4	1738	4294967295	5	1
2959	38	0	81	80	0	0	4	5	1738	4294967295	3	1
2960	38	0	81	80	0	0	4	6	1738	4294967295	2	1
2961	38	0	81	80	0	0	5	0	1738	4294967295	79	1
2962	38	0	81	80	0	0	5	1	1738	4294967295	40	1
2963	38	0	81	80	0	0	5	2	1738	4294967295	20	1
2964	38	0	81	80	0	0	5	3	1738	4294967295	10	1
2965	38	0	81	80	0	0	5	4	1738	4294967295	5	1
2966	38	0	81	80	0	0	5	5	1738	4294967295	3	1
2967	38	0	81	80	0	0	5	6	1738	4294967295	2	1
2968	38	0	81	80	0	0	6	0	1738	4294967295	79	1
2969	38	0	81	80	0	0	6	1	1738	4294967295	40	1
2970	38	0	81	80	0	0	6	2	1738	4294967295	20	1
2971	38	0	81	80	0	0	6	3	1738	4294967295	10	1
2972	38	0	81	80	0	0	6	4	1738	4294967295	5	1
2973	38	0	81	80	0	0	6	5	1738	4294967295	3	1
2974	38	0	81	80	0	0	6	6	1738	4294967295	2	1
2975	38	0	81	80	0	0	7	0	1738	4294967295	79	1
2976	38	0	81	80	0	0	7	1	1738	4294967295	40	1
2977	38	0	81	80	0	0	7	2	1738	4294967295	20	1
2978	38	0	81	80	0	0	7	3	1738	4294967295	10	1
2979	38	0	81	80	0	0	7	4	1738	4294967295	5	1
2980	38	0	81	80	0	0	7	5	1738	4294967295	3	1
2981	38	0	81	80	0	0	7	6	1738	4294967295	2	1
2982	38	0	81	80	0	0	8	0	1738	4294967295	79	1
2983	38	0	81	80	0	0	8	1	1738	4294967295	40	1
2984	38	0	81	80	0	0	8	2	1738	4294967295	20	1
2985	38	0	81	80	0	0	8	3	1738	4294967295	10	1
2986	38	0	81	80	0	0	8	4	1738	4294967295	5	1
2987	38	0	81	80	0	0	8	5	1738	4294967295	3	1
2988	38	0	81	80	0	0	8	6	1738	4294967295	2	1
2989	38	0	81	80	0	0	9	0	1738	4294967295	79	1
2990	38	0	81	80	0	0	9	1	1738	4294967295	40	1
2991	38	0	81	80	0	0	9	2	1738	4294967295	20	1
2992	38	0	81	80	0	0	9	3	1738	4294967295	10	1
2993	38	0	81	80	0	0	9	4	1738	4294967295	5	1
2994	38	0	81	80	0	0	9	5	1738	4294967295	3	1
2995	38	0	81	80	0	0	9	6	1738	4294967295	2	1
2996	38	0	81	80	0	0	10	0	1738	4294967295	79	1
2997	38	0	81	80	0	0	10	1	1738	4294967295	40	1
2998	38	0	81	80	0	0	10	2	1738	4294967295	20	1
2999	38	0	81	80	0	0	10	3	1738	4294967295	10	1
3000	38	0	81	80	0	0	10	4	1738	4294967295	5	1
3001	38	0	81	80	0	0	10	5	1738	4294967295	3	1
3002	38	0	81	80	0	0	10	6	1738	4294967295	2	1
3003	39	0	83	82	0	0	0	0	1782	4294967295	81	1
3004	39	0	83	82	0	0	0	1	1782	4294967295	41	1
3005	39	0	83	82	0	0	0	2	1782	4294967295	21	1
3006	39	0	83	82	0	0	0	3	1782	4294967295	11	1
3007	39	0	83	82	0	0	0	4	1782	4294967295	6	1
3008	39	0	83	82	0	0	0	5	1782	4294967295	3	1
3009	39	0	83	82	0	0	0	6	1782	4294967295	2	1
3010	39	0	83	82	0	0	1	0	1782	4294967295	81	1
3011	39	0	83	82	0	0	1	1	1782	4294967295	41	1
3012	39	0	83	82	0	0	1	2	1782	4294967295	21	1
3013	39	0	83	82	0	0	1	3	1782	4294967295	11	1
3014	39	0	83	82	0	0	1	4	1782	4294967295	6	1
3015	39	0	83	82	0	0	1	5	1782	4294967295	3	1
3016	39	0	83	82	0	0	1	6	1782	4294967295	2	1
3017	39	0	83	82	0	0	2	0	1782	4294967295	81	1
3018	39	0	83	82	0	0	2	1	1782	4294967295	41	1
3019	39	0	83	82	0	0	2	2	1782	4294967295	21	1
3020	39	0	83	82	0	0	2	3	1782	4294967295	11	1
3021	39	0	83	82	0	0	2	4	1782	4294967295	6	1
3022	39	0	83	82	0	0	2	5	1782	4294967295	3	1
3023	39	0	83	82	0	0	2	6	1782	4294967295	2	1
3024	39	0	83	82	0	0	3	0	1782	4294967295	81	1
3025	39	0	83	82	0	0	3	1	1782	4294967295	41	1
3026	39	0	83	82	0	0	3	2	1782	4294967295	21	1
3027	39	0	83	82	0	0	3	3	1782	4294967295	11	1
3028	39	0	83	82	0	0	3	4	1782	4294967295	6	1
3029	39	0	83	82	0	0	3	5	1782	4294967295	3	1
3030	39	0	83	82	0	0	3	6	1782	4294967295	2	1
3031	39	0	83	82	0	0	4	0	1782	4294967295	81	1
3032	39	0	83	82	0	0	4	1	1782	4294967295	41	1
3033	39	0	83	82	0	0	4	2	1782	4294967295	21	1
3034	39	0	83	82	0	0	4	3	1782	4294967295	11	1
3035	39	0	83	82	0	0	4	4	1782	4294967295	6	1
3036	39	0	83	82	0	0	4	5	1782	4294967295	3	1
3037	39	0	83	82	0	0	4	6	1782	4294967295	2	1
3038	39	0	83	82	0	0	5	0	1782	4294967295	81	1
3039	39	0	83	82	0	0	5	1	1782	4294967295	41	1
3040	39	0	83	82	0	0	5	2	1782	4294967295	21	1
3041	39	0	83	82	0	0	5	3	1782	4294967295	11	1
3042	39	0	83	82	0	0	5	4	1782	4294967295	6	1
3043	39	0	83	82	0	0	5	5	1782	4294967295	3	1
3044	39	0	83	82	0	0	5	6	1782	4294967295	2	1
3045	39	0	83	82	0	0	6	0	1782	4294967295	81	1
3046	39	0	83	82	0	0	6	1	1782	4294967295	41	1
3047	39	0	83	82	0	0	6	2	1782	4294967295	21	1
3048	39	0	83	82	0	0	6	3	1782	4294967295	11	1
3049	39	0	83	82	0	0	6	4	1782	4294967295	6	1
3050	39	0	83	82	0	0	6	5	1782	4294967295	3	1
3051	39	0	83	82	0	0	6	6	1782	4294967295	2	1
3052	39	0	83	82	0	0	7	0	1782	4294967295	81	1
3053	39	0	83	82	0	0	7	1	1782	4294967295	41	1
3054	39	0	83	82	0	0	7	2	1782	4294967295	21	1
3055	39	0	83	82	0	0	7	3	1782	4294967295	11	1
3056	39	0	83	82	0	0	7	4	1782	4294967295	6	1
3057	39	0	83	82	0	0	7	5	1782	4294967295	3	1
3058	39	0	83	82	0	0	7	6	1782	4294967295	2	1
3059	39	0	83	82	0	0	8	0	1782	4294967295	81	1
3060	39	0	83	82	0	0	8	1	1782	4294967295	41	1
3061	39	0	83	82	0	0	8	2	1782	4294967295	21	1
3062	39	0	83	82	0	0	8	3	1782	4294967295	11	1
3063	39	0	83	82	0	0	8	4	1782	4294967295	6	1
3064	39	0	83	82	0	0	8	5	1782	4294967295	3	1
3065	39	0	83	82	0	0	8	6	1782	4294967295	2	1
3066	39	0	83	82	0	0	9	0	1782	4294967295	81	1
3067	39	0	83	82	0	0	9	1	1782	4294967295	41	1
3068	39	0	83	82	0	0	9	2	1782	4294967295	21	1
3069	39	0	83	82	0	0	9	3	1782	4294967295	11	1
3070	39	0	83	82	0	0	9	4	1782	4294967295	6	1
3071	39	0	83	82	0	0	9	5	1782	4294967295	3	1
3072	39	0	83	82	0	0	9	6	1782	4294967295	2	1
3073	39	0	83	82	0	0	10	0	1782	4294967295	81	1
3074	39	0	83	82	0	0	10	1	1782	4294967295	41	1
3075	39	0	83	82	0	0	10	2	1782	4294967295	21	1
3076	39	0	83	82	0	0	10	3	1782	4294967295	11	1
3077	39	0	83	82	0	0	10	4	1782	4294967295	6	1
3078	39	0	83	82	0	0	10	5	1782	4294967295	3	1
3079	39	0	83	82	0	0	10	6	1782	4294967295	2	1
3080	40	0	85	84	0	0	0	0	1826	4294967295	83	1
3081	40	0	85	84	0	0	0	1	1826	4294967295	42	1
3082	40	0	85	84	0	0	0	2	1826	4294967295	21	1
3083	40	0	85	84	0	0	0	3	1826	4294967295	11	1
3084	40	0	85	84	0	0	0	4	1826	4294967295	6	1
3085	40	0	85	84	0	0	0	5	1826	4294967295	3	1
3086	40	0	85	84	0	0	0	6	1826	4294967295	2	1
3087	40	0	85	84	0	0	1	0	1826	4294967295	83	1
3088	40	0	85	84	0	0	1	1	1826	4294967295	42	1
3089	40	0	85	84	0	0	1	2	1826	4294967295	21	1
3090	40	0	85	84	0	0	1	3	1826	4294967295	11	1
3091	40	0	85	84	0	0	1	4	1826	4294967295	6	1
3092	40	0	85	84	0	0	1	5	1826	4294967295	3	1
3093	40	0	85	84	0	0	1	6	1826	4294967295	2	1
3094	40	0	85	84	0	0	2	0	1826	4294967295	83	1
3095	40	0	85	84	0	0	2	1	1826	4294967295	42	1
3096	40	0	85	84	0	0	2	2	1826	4294967295	21	1
3097	40	0	85	84	0	0	2	3	1826	4294967295	11	1
3098	40	0	85	84	0	0	2	4	1826	4294967295	6	1
3099	40	0	85	84	0	0	2	5	1826	4294967295	3	1
3100	40	0	85	84	0	0	2	6	1826	4294967295	2	1
3101	40	0	85	84	0	0	3	0	1826	4294967295	83	1
3102	40	0	85	84	0	0	3	1	1826	4294967295	42	1
3103	40	0	85	84	0	0	3	2	1826	4294967295	21	1
3104	40	0	85	84	0	0	3	3	1826	4294967295	11	1
3105	40	0	85	84	0	0	3	4	1826	4294967295	6	1
3106	40	0	85	84	0	0	3	5	1826	4294967295	3	1
3107	40	0	85	84	0	0	3	6	1826	4294967295	2	1
3108	40	0	85	84	0	0	4	0	1826	4294967295	83	1
3109	40	0	85	84	0	0	4	1	1826	4294967295	42	1
3110	40	0	85	84	0	0	4	2	1826	4294967295	21	1
3111	40	0	85	84	0	0	4	3	1826	4294967295	11	1
3112	40	0	85	84	0	0	4	4	1826	4294967295	6	1
3113	40	0	85	84	0	0	4	5	1826	4294967295	3	1
3114	40	0	85	84	0	0	4	6	1826	4294967295	2	1
3115	40	0	85	84	0	0	5	0	1826	4294967295	83	1
3116	40	0	85	84	0	0	5	1	1826	4294967295	42	1
3117	40	0	85	84	0	0	5	2	1826	4294967295	21	1
3118	40	0	85	84	0	0	5	3	1826	4294967295	11	1
3119	40	0	85	84	0	0	5	4	1826	4294967295	6	1
3120	40	0	85	84	0	0	5	5	1826	4294967295	3	1
3121	40	0	85	84	0	0	5	6	1826	4294967295	2	1
3122	40	0	85	84	0	0	6	0	1826	4294967295	83	1
3123	40	0	85	84	0	0	6	1	1826	4294967295	42	1
3124	40	0	85	84	0	0	6	2	1826	4294967295	21	1
3125	40	0	85	84	0	0	6	3	1826	4294967295	11	1
3126	40	0	85	84	0	0	6	4	1826	4294967295	6	1
3127	40	0	85	84	0	0	6	5	1826	4294967295	3	1
3128	40	0	85	84	0	0	6	6	1826	4294967295	2	1
3129	40	0	85	84	0	0	7	0	1826	4294967295	83	1
3130	40	0	85	84	0	0	7	1	1826	4294967295	42	1
3131	40	0	85	84	0	0	7	2	1826	4294967295	21	1
3132	40	0	85	84	0	0	7	3	1826	4294967295	11	1
3133	40	0	85	84	0	0	7	4	1826	4294967295	6	1
3134	40	0	85	84	0	0	7	5	1826	4294967295	3	1
3135	40	0	85	84	0	0	7	6	1826	4294967295	2	1
3136	40	0	85	84	0	0	8	0	1826	4294967295	83	1
3137	40	0	85	84	0	0	8	1	1826	4294967295	42	1
3138	40	0	85	84	0	0	8	2	1826	4294967295	21	1
3139	40	0	85	84	0	0	8	3	1826	4294967295	11	1
3140	40	0	85	84	0	0	8	4	1826	4294967295	6	1
3141	40	0	85	84	0	0	8	5	1826	4294967295	3	1
3142	40	0	85	84	0	0	8	6	1826	4294967295	2	1
3143	40	0	85	84	0	0	9	0	1826	4294967295	83	1
3144	40	0	85	84	0	0	9	1	1826	4294967295	42	1
3145	40	0	85	84	0	0	9	2	1826	4294967295	21	1
3146	40	0	85	84	0	0	9	3	1826	4294967295	11	1
3147	40	0	85	84	0	0	9	4	1826	4294967295	6	1
3148	40	0	85	84	0	0	9	5	1826	4294967295	3	1
3149	40	0	85	84	0	0	9	6	1826	4294967295	2	1
3150	40	0	85	84	0	0	10	0	1826	4294967295	83	1
3151	40	0	85	84	0	0	10	1	1826	4294967295	42	1
3152	40	0	85	84	0	0	10	2	1826	4294967295	21	1
3153	40	0	85	84	0	0	10	3	1826	4294967295	11	1
3154	40	0	85	84	0	0	10	4	1826	4294967295	6	1
3155	40	0	85	84	0	0	10	5	1826	4294967295	3	1
3156	40	0	85	84	0	0	10	6	1826	4294967295	2	1
3157	41	0	87	86	0	0	0	0	1870	4294967295	85	1
3158	41	0	87	86	0	0	0	1	1870	4294967295	43	1
3159	41	0	87	86	0	0	0	2	1870	4294967295	22	1
3160	41	0	87	86	0	0	0	3	1870	4294967295	11	1
3161	41	0	87	86	0	0	0	4	1870	4294967295	6	1
3162	41	0	87	86	0	0	0	5	1870	4294967295	3	1
3163	41	0	87	86	0	0	0	6	1870	4294967295	2	1
3164	41	0	87	86	0	0	1	0	1870	4294967295	85	1
3165	41	0	87	86	0	0	1	1	1870	4294967295	43	1
3166	41	0	87	86	0	0	1	2	1870	4294967295	22	1
3167	41	0	87	86	0	0	1	3	1870	4294967295	11	1
3168	41	0	87	86	0	0	1	4	1870	4294967295	6	1
3169	41	0	87	86	0	0	1	5	1870	4294967295	3	1
3170	41	0	87	86	0	0	1	6	1870	4294967295	2	1
3171	41	0	87	86	0	0	2	0	1870	4294967295	85	1
3172	41	0	87	86	0	0	2	1	1870	4294967295	43	1
3173	41	0	87	86	0	0	2	2	1870	4294967295	22	1
3174	41	0	87	86	0	0	2	3	1870	4294967295	11	1
3175	41	0	87	86	0	0	2	4	1870	4294967295	6	1
3176	41	0	87	86	0	0	2	5	1870	4294967295	3	1
3177	41	0	87	86	0	0	2	6	1870	4294967295	2	1
3178	41	0	87	86	0	0	3	0	1870	4294967295	85	1
3179	41	0	87	86	0	0	3	1	1870	4294967295	43	1
3180	41	0	87	86	0	0	3	2	1870	4294967295	22	1
3181	41	0	87	86	0	0	3	3	1870	4294967295	11	1
3182	41	0	87	86	0	0	3	4	1870	4294967295	6	1
3183	41	0	87	86	0	0	3	5	1870	4294967295	3	1
3184	41	0	87	86	0	0	3	6	1870	4294967295	2	1
3185	41	0	87	86	0	0	4	0	1870	4294967295	85	1
3186	41	0	87	86	0	0	4	1	1870	4294967295	43	1
3187	41	0	87	86	0	0	4	2	1870	4294967295	22	1
3188	41	0	87	86	0	0	4	3	1870	4294967295	11	1
3189	41	0	87	86	0	0	4	4	1870	4294967295	6	1
3190	41	0	87	86	0	0	4	5	1870	4294967295	3	1
3191	41	0	87	86	0	0	4	6	1870	4294967295	2	1
3192	41	0	87	86	0	0	5	0	1870	4294967295	85	1
3193	41	0	87	86	0	0	5	1	1870	4294967295	43	1
3194	41	0	87	86	0	0	5	2	1870	4294967295	22	1
3195	41	0	87	86	0	0	5	3	1870	4294967295	11	1
3196	41	0	87	86	0	0	5	4	1870	4294967295	6	1
3197	41	0	87	86	0	0	5	5	1870	4294967295	3	1
3198	41	0	87	86	0	0	5	6	1870	4294967295	2	1
3199	41	0	87	86	0	0	6	0	1870	4294967295	85	1
3200	41	0	87	86	0	0	6	1	1870	4294967295	43	1
3201	41	0	87	86	0	0	6	2	1870	4294967295	22	1
3202	41	0	87	86	0	0	6	3	1870	4294967295	11	1
3203	41	0	87	86	0	0	6	4	1870	4294967295	6	1
3204	41	0	87	86	0	0	6	5	1870	4294967295	3	1
3205	41	0	87	86	0	0	6	6	1870	4294967295	2	1
3206	41	0	87	86	0	0	7	0	1870	4294967295	85	1
3207	41	0	87	86	0	0	7	1	1870	4294967295	43	1
3208	41	0	87	86	0	0	7	2	1870	4294967295	22	1
3209	41	0	87	86	0	0	7	3	1870	4294967295	11	1
3210	41	0	87	86	0	0	7	4	1870	4294967295	6	1
3211	41	0	87	86	0	0	7	5	1870	4294967295	3	1
3212	41	0	87	86	0	0	7	6	1870	4294967295	2	1
3213	41	0	87	86	0	0	8	0	1870	4294967295	85	1
3214	41	0	87	86	0	0	8	1	1870	4294967295	43	1
3215	41	0	87	86	0	0	8	2	1870	4294967295	22	1
3216	41	0	87	86	0	0	8	3	1870	4294967295	11	1
3217	41	0	87	86	0	0	8	4	1870	4294967295	6	1
3218	41	0	87	86	0	0	8	5	1870	4294967295	3	1
3219	41	0	87	86	0	0	8	6	1870	4294967295	2	1
3220	41	0	87	86	0	0	9	0	1870	4294967295	85	1
3221	41	0	87	86	0	0	9	1	1870	4294967295	43	1
3222	41	0	87	86	0	0	9	2	1870	4294967295	22	1
3223	41	0	87	86	0	0	9	3	1870	4294967295	11	1
3224	41	0	87	86	0	0	9	4	1870	4294967295	6	1
3225	41	0	87	86	0	0	9	5	1870	4294967295	3	1
3226	41	0	87	86	0	0	9	6	1870	4294967295	2	1
3227	41	0	87	86	0	0	10	0	1870	4294967295	85	1
3228	41	0	87	86	0	0	10	1	1870	4294967295	43	1
3229	41	0	87	86	0	0	10	2	1870	4294967295	22	1
3230	41	0	87	86	0	0	10	3	1870	4294967295	11	1
3231	41	0	87	86	0	0	10	4	1870	4294967295	6	1
3232	41	0	87	86	0	0	10	5	1870	4294967295	3	1
3233	41	0	87	86	0	0	10	6	1870	4294967295	2	1
3234	42	0	89	88	0	0	0	0	1914	4294967295	87	1
3235	42	0	89	88	0	0	0	1	1914	4294967295	44	1
3236	42	0	89	88	0	0	0	2	1914	4294967295	22	1
3237	42	0	89	88	0	0	0	3	1914	4294967295	11	1
3238	42	0	89	88	0	0	0	4	1914	4294967295	6	1
3239	42	0	89	88	0	0	0	5	1914	4294967295	3	1
3240	42	0	89	88	0	0	0	6	1914	4294967295	2	1
3241	42	0	89	88	0	0	1	0	1914	4294967295	87	1
3242	42	0	89	88	0	0	1	1	1914	4294967295	44	1
3243	42	0	89	88	0	0	1	2	1914	4294967295	22	1
3244	42	0	89	88	0	0	1	3	1914	4294967295	11	1
3245	42	0	89	88	0	0	1	4	1914	4294967295	6	1
3246	42	0	89	88	0	0	1	5	1914	4294967295	3	1
3247	42	0	89	88	0	0	1	6	1914	4294967295	2	1
3248	42	0	89	88	0	0	2	0	1914	4294967295	87	1
3249	42	0	89	88	0	0	2	1	1914	4294967295	44	1
3250	42	0	89	88	0	0	2	2	1914	4294967295	22	1
3251	42	0	89	88	0	0	2	3	1914	4294967295	11	1
3252	42	0	89	88	0	0	2	4	1914	4294967295	6	1
3253	42	0	89	88	0	0	2	5	1914	4294967295	3	1
3254	42	0	89	88	0	0	2	6	1914	4294967295	2	1
3255	42	0	89	88	0	0	3	0	1914	4294967295	87	1
3256	42	0	89	88	0	0	3	1	1914	4294967295	44	1
3257	42	0	89	88	0	0	3	2	1914	4294967295	22	1
3258	42	0	89	88	0	0	3	3	1914	4294967295	11	1
3259	42	0	89	88	0	0	3	4	1914	4294967295	6	1
3260	42	0	89	88	0	0	3	5	1914	4294967295	3	1
3261	42	0	89	88	0	0	3	6	1914	4294967295	2	1
3262	42	0	89	88	0	0	4	0	1914	4294967295	87	1
3263	42	0	89	88	0	0	4	1	1914	4294967295	44	1
3264	42	0	89	88	0	0	4	2	1914	4294967295	22	1
3265	42	0	89	88	0	0	4	3	1914	4294967295	11	1
3266	42	0	89	88	0	0	4	4	1914	4294967295	6	1
3267	42	0	89	88	0	0	4	5	1914	4294967295	3	1
3268	42	0	89	88	0	0	4	6	1914	4294967295	2	1
3269	42	0	89	88	0	0	5	0	1914	4294967295	87	1
3270	42	0	89	88	0	0	5	1	1914	4294967295	44	1
3271	42	0	89	88	0	0	5	2	1914	4294967295	22	1
3272	42	0	89	88	0	0	5	3	1914	4294967295	11	1
3273	42	0	89	88	0	0	5	4	1914	4294967295	6	1
3274	42	0	89	88	0	0	5	5	1914	4294967295	3	1
3275	42	0	89	88	0	0	5	6	1914	4294967295	2	1
3276	42	0	89	88	0	0	6	0	1914	4294967295	87	1
3277	42	0	89	88	0	0	6	1	1914	4294967295	44	1
3278	42	0	89	88	0	0	6	2	1914	4294967295	22	1
3279	42	0	89	88	0	0	6	3	1914	4294967295	11	1
3280	42	0	89	88	0	0	6	4	1914	4294967295	6	1
3281	42	0	89	88	0	0	6	5	1914	4294967295	3	1
3282	42	0	89	88	0	0	6	6	1914	4294967295	2	1
3283	42	0	89	88	0	0	7	0	1914	4294967295	87	1
3284	42	0	89	88	0	0	7	1	1914	4294967295	44	1
3285	42	0	89	88	0	0	7	2	1914	4294967295	22	1
3286	42	0	89	88	0	0	7	3	1914	4294967295	11	1
3287	42	0	89	88	0	0	7	4	1914	4294967295	6	1
3288	42	0	89	88	0	0	7	5	1914	4294967295	3	1
3289	42	0	89	88	0	0	7	6	1914	4294967295	2	1
3290	42	0	89	88	0	0	8	0	1914	4294967295	87	1
3291	42	0	89	88	0	0	8	1	1914	4294967295	44	1
3292	42	0	89	88	0	0	8	2	1914	4294967295	22	1
3293	42	0	89	88	0	0	8	3	1914	4294967295	11	1
3294	42	0	89	88	0	0	8	4	1914	4294967295	6	1
3295	42	0	89	88	0	0	8	5	1914	4294967295	3	1
3296	42	0	89	88	0	0	8	6	1914	4294967295	2	1
3297	42	0	89	88	0	0	9	0	1914	4294967295	87	1
3298	42	0	89	88	0	0	9	1	1914	4294967295	44	1
3299	42	0	89	88	0	0	9	2	1914	4294967295	22	1
3300	42	0	89	88	0	0	9	3	1914	4294967295	11	1
3301	42	0	89	88	0	0	9	4	1914	4294967295	6	1
3302	42	0	89	88	0	0	9	5	1914	4294967295	3	1
3303	42	0	89	88	0	0	9	6	1914	4294967295	2	1
3304	42	0	89	88	0	0	10	0	1914	4294967295	87	1
3305	42	0	89	88	0	0	10	1	1914	4294967295	44	1
3306	42	0	89	88	0	0	10	2	1914	4294967295	22	1
3307	42	0	89	88	0	0	10	3	1914	4294967295	11	1
3308	42	0	89	88	0	0	10	4	1914	4294967295	6	1
3309	42	0	89	88	0	0	10	5	1914	4294967295	3	1
3310	42	0	89	88	0	0	10	6	1914	4294967295	2	1
3311	43	0	91	90	0	0	0	0	1958	4294967295	89	1
3312	43	0	91	90	0	0	0	1	1958	4294967295	45	1
3313	43	0	91	90	0	0	0	2	1958	4294967295	23	1
3314	43	0	91	90	0	0	0	3	1958	4294967295	12	1
3315	43	0	91	90	0	0	0	4	1958	4294967295	6	1
3316	43	0	91	90	0	0	0	5	1958	4294967295	3	1
3317	43	0	91	90	0	0	0	6	1958	4294967295	2	1
3318	43	0	91	90	0	0	1	0	1958	4294967295	89	1
3319	43	0	91	90	0	0	1	1	1958	4294967295	45	1
3320	43	0	91	90	0	0	1	2	1958	4294967295	23	1
3321	43	0	91	90	0	0	1	3	1958	4294967295	12	1
3322	43	0	91	90	0	0	1	4	1958	4294967295	6	1
3323	43	0	91	90	0	0	1	5	1958	4294967295	3	1
3324	43	0	91	90	0	0	1	6	1958	4294967295	2	1
3325	43	0	91	90	0	0	2	0	1958	4294967295	89	1
3326	43	0	91	90	0	0	2	1	1958	4294967295	45	1
3327	43	0	91	90	0	0	2	2	1958	4294967295	23	1
3328	43	0	91	90	0	0	2	3	1958	4294967295	12	1
3329	43	0	91	90	0	0	2	4	1958	4294967295	6	1
3330	43	0	91	90	0	0	2	5	1958	4294967295	3	1
3331	43	0	91	90	0	0	2	6	1958	4294967295	2	1
3332	43	0	91	90	0	0	3	0	1958	4294967295	89	1
3333	43	0	91	90	0	0	3	1	1958	4294967295	45	1
3334	43	0	91	90	0	0	3	2	1958	4294967295	23	1
3335	43	0	91	90	0	0	3	3	1958	4294967295	12	1
3336	43	0	91	90	0	0	3	4	1958	4294967295	6	1
3337	43	0	91	90	0	0	3	5	1958	4294967295	3	1
3338	43	0	91	90	0	0	3	6	1958	4294967295	2	1
3339	43	0	91	90	0	0	4	0	1958	4294967295	89	1
3340	43	0	91	90	0	0	4	1	1958	4294967295	45	1
3341	43	0	91	90	0	0	4	2	1958	4294967295	23	1
3342	43	0	91	90	0	0	4	3	1958	4294967295	12	1
3343	43	0	91	90	0	0	4	4	1958	4294967295	6	1
3344	43	0	91	90	0	0	4	5	1958	4294967295	3	1
3345	43	0	91	90	0	0	4	6	1958	4294967295	2	1
3346	43	0	91	90	0	0	5	0	1958	4294967295	89	1
3347	43	0	91	90	0	0	5	1	1958	4294967295	45	1
3348	43	0	91	90	0	0	5	2	1958	4294967295	23	1
3349	43	0	91	90	0	0	5	3	1958	4294967295	12	1
3350	43	0	91	90	0	0	5	4	1958	4294967295	6	1
3351	43	0	91	90	0	0	5	5	1958	4294967295	3	1
3352	43	0	91	90	0	0	5	6	1958	4294967295	2	1
3353	43	0	91	90	0	0	6	0	1958	4294967295	89	1
3354	43	0	91	90	0	0	6	1	1958	4294967295	45	1
3355	43	0	91	90	0	0	6	2	1958	4294967295	23	1
3356	43	0	91	90	0	0	6	3	1958	4294967295	12	1
3357	43	0	91	90	0	0	6	4	1958	4294967295	6	1
3358	43	0	91	90	0	0	6	5	1958	4294967295	3	1
3359	43	0	91	90	0	0	6	6	1958	4294967295	2	1
3360	43	0	91	90	0	0	7	0	1958	4294967295	89	1
3361	43	0	91	90	0	0	7	1	1958	4294967295	45	1
3362	43	0	91	90	0	0	7	2	1958	4294967295	23	1
3363	43	0	91	90	0	0	7	3	1958	4294967295	12	1
3364	43	0	91	90	0	0	7	4	1958	4294967295	6	1
3365	43	0	91	90	0	0	7	5	1958	4294967295	3	1
3366	43	0	91	90	0	0	7	6	1958	4294967295	2	1
3367	43	0	91	90	0	0	8	0	1958	4294967295	89	1
3368	43	0	91	90	0	0	8	1	1958	4294967295	45	1
3369	43	0	91	90	0	0	8	2	1958	4294967295	23	1
3370	43	0	91	90	0	0	8	3	1958	4294967295	12	1
3371	43	0	91	90	0	0	8	4	1958	4294967295	6	1
3372	43	0	91	90	0	0	8	5	1958	4294967295	3	1
3373	43	0	91	90	0	0	8	6	1958	4294967295	2	1
3374	43	0	91	90	0	0	9	0	1958	4294967295	89	1
3375	43	0	91	90	0	0	9	1	1958	4294967295	45	1
3376	43	0	91	90	0	0	9	2	1958	4294967295	23	1
3377	43	0	91	90	0	0	9	3	1958	4294967295	12	1
3378	43	0	91	90	0	0	9	4	1958	4294967295	6	1
3379	43	0	91	90	0	0	9	5	1958	4294967295	3	1
3380	43	0	91	90	0	0	9	6	1958	4294967295	2	1
3381	43	0	91	90	0	0	10	0	1958	4294967295	89	1
3382	43	0	91	90	0	0	10	1	1958	4294967295	45	1
3383	43	0	91	90	0	0	10	2	1958	4294967295	23	1
3384	43	0	91	90	0	0	10	3	1958	4294967295	12	1
3385	43	0	91	90	0	0	10	4	1958	4294967295	6	1
3386	43	0	91	90	0	0	10	5	1958	4294967295	3	1
3387	43	0	91	90	0	0	10	6	1958	4294967295	2	1
3388	44	0	93	92	0	0	0	0	2002	4294967295	91	1
3389	44	0	93	92	0	0	0	1	2002	4294967295	46	1
3390	44	0	93	92	0	0	0	2	2002	4294967295	23	1
3391	44	0	93	92	0	0	0	3	2002	4294967295	12	1
3392	44	0	93	92	0	0	0	4	2002	4294967295	6	1
3393	44	0	93	92	0	0	0	5	2002	4294967295	3	1
3394	44	0	93	92	0	0	0	6	2002	4294967295	2	1
3395	44	0	93	92	0	0	1	0	2002	4294967295	91	1
3396	44	0	93	92	0	0	1	1	2002	4294967295	46	1
3397	44	0	93	92	0	0	1	2	2002	4294967295	23	1
3398	44	0	93	92	0	0	1	3	2002	4294967295	12	1
3399	44	0	93	92	0	0	1	4	2002	4294967295	6	1
3400	44	0	93	92	0	0	1	5	2002	4294967295	3	1
3401	44	0	93	92	0	0	1	6	2002	4294967295	2	1
3402	44	0	93	92	0	0	2	0	2002	4294967295	91	1
3403	44	0	93	92	0	0	2	1	2002	4294967295	46	1
3404	44	0	93	92	0	0	2	2	2002	4294967295	23	1
3405	44	0	93	92	0	0	2	3	2002	4294967295	12	1
3406	44	0	93	92	0	0	2	4	2002	4294967295	6	1
3407	44	0	93	92	0	0	2	5	2002	4294967295	3	1
3408	44	0	93	92	0	0	2	6	2002	4294967295	2	1
3409	44	0	93	92	0	0	3	0	2002	4294967295	91	1
3410	44	0	93	92	0	0	3	1	2002	4294967295	46	1
3411	44	0	93	92	0	0	3	2	2002	4294967295	23	1
3412	44	0	93	92	0	0	3	3	2002	4294967295	12	1
3413	44	0	93	92	0	0	3	4	2002	4294967295	6	1
3414	44	0	93	92	0	0	3	5	2002	4294967295	3	1
3415	44	0	93	92	0	0	3	6	2002	4294967295	2	1
3416	44	0	93	92	0	0	4	0	2002	4294967295	91	1
3417	44	0	93	92	0	0	4	1	2002	4294967295	46	1
3418	44	0	93	92	0	0	4	2	2002	4294967295	23	1
3419	44	0	93	92	0	0	4	3	2002	4294967295	12	1
3420	44	0	93	92	0	0	4	4	2002	4294967295	6	1
3421	44	0	93	92	0	0	4	5	2002	4294967295	3	1
3422	44	0	93	92	0	0	4	6	2002	4294967295	2	1
3423	44	0	93	92	0	0	5	0	2002	4294967295	91	1
3424	44	0	93	92	0	0	5	1	2002	4294967295	46	1
3425	44	0	93	92	0	0	5	2	2002	4294967295	23	1
3426	44	0	93	92	0	0	5	3	2002	4294967295	12	1
3427	44	0	93	92	0	0	5	4	2002	4294967295	6	1
3428	44	0	93	92	0	0	5	5	2002	4294967295	3	1
3429	44	0	93	92	0	0	5	6	2002	4294967295	2	1
3430	44	0	93	92	0	0	6	0	2002	4294967295	91	1
3431	44	0	93	92	0	0	6	1	2002	4294967295	46	1
3432	44	0	93	92	0	0	6	2	2002	4294967295	23	1
3433	44	0	93	92	0	0	6	3	2002	4294967295	12	1
3434	44	0	93	92	0	0	6	4	2002	4294967295	6	1
3435	44	0	93	92	0	0	6	5	2002	4294967295	3	1
3436	44	0	93	92	0	0	6	6	2002	4294967295	2	1
3437	44	0	93	92	0	0	7	0	2002	4294967295	91	1
3438	44	0	93	92	0	0	7	1	2002	4294967295	46	1
3439	44	0	93	92	0	0	7	2	2002	4294967295	23	1
3440	44	0	93	92	0	0	7	3	2002	4294967295	12	1
3441	44	0	93	92	0	0	7	4	2002	4294967295	6	1
3442	44	0	93	92	0	0	7	5	2002	4294967295	3	1
3443	44	0	93	92	0	0	7	6	2002	4294967295	2	1
3444	44	0	93	92	0	0	8	0	2002	4294967295	91	1
3445	44	0	93	92	0	0	8	1	2002	4294967295	46	1
3446	44	0	93	92	0	0	8	2	2002	4294967295	23	1
3447	44	0	93	92	0	0	8	3	2002	4294967295	12	1
3448	44	0	93	92	0	0	8	4	2002	4294967295	6	1
3449	44	0	93	92	0	0	8	5	2002	4294967295	3	1
3450	44	0	93	92	0	0	8	6	2002	4294967295	2	1
3451	44	0	93	92	0	0	9	0	2002	4294967295	91	1
3452	44	0	93	92	0	0	9	1	2002	4294967295	46	1
3453	44	0	93	92	0	0	9	2	2002	4294967295	23	1
3454	44	0	93	92	0	0	9	3	2002	4294967295	12	1
3455	44	0	93	92	0	0	9	4	2002	4294967295	6	1
3456	44	0	93	92	0	0	9	5	2002	4294967295	3	1
3457	44	0	93	92	0	0	9	6	2002	4294967295	2	1
3458	44	0	93	92	0	0	10	0	2002	4294967295	91	1
3459	44	0	93	92	0	0	10	1	2002	4294967295	46	1
3460	44	0	93	92	0	0	10	2	2002	4294967295	23	1
3461	44	0	93	92	0	0	10	3	2002	4294967295	12	1
3462	44	0	93	92	0	0	10	4	2002	4294967295	6	1
3463	44	0	93	92	0	0	10	5	2002	4294967295	3	1
3464	44	0	93	92	0	0	10	6	2002	4294967295	2	1
3465	45	0	95	94	0	0	0	0	2046	4294967295	93	1
3466	45	0	95	94	0	0	0	1	2046	4294967295	47	1
3467	45	0	95	94	0	0	0	2	2046	4294967295	24	1
3468	45	0	95	94	0	0	0	3	2046	4294967295	12	1
3469	45	0	95	94	0	0	0	4	2046	4294967295	6	1
3470	45	0	95	94	0	0	0	5	2046	4294967295	3	1
3471	45	0	95	94	0	0	0	6	2046	4294967295	2	1
3472	45	0	95	94	0	0	1	0	2046	4294967295	93	1
3473	45	0	95	94	0	0	1	1	2046	4294967295	47	1
3474	45	0	95	94	0	0	1	2	2046	4294967295	24	1
3475	45	0	95	94	0	0	1	3	2046	4294967295	12	1
3476	45	0	95	94	0	0	1	4	2046	4294967295	6	1
3477	45	0	95	94	0	0	1	5	2046	4294967295	3	1
3478	45	0	95	94	0	0	1	6	2046	4294967295	2	1
3479	45	0	95	94	0	0	2	0	2046	4294967295	93	1
3480	45	0	95	94	0	0	2	1	2046	4294967295	47	1
3481	45	0	95	94	0	0	2	2	2046	4294967295	24	1
3482	45	0	95	94	0	0	2	3	2046	4294967295	12	1
3483	45	0	95	94	0	0	2	4	2046	4294967295	6	1
3484	45	0	95	94	0	0	2	5	2046	4294967295	3	1
3485	45	0	95	94	0	0	2	6	2046	4294967295	2	1
3486	45	0	95	94	0	0	3	0	2046	4294967295	93	1
3487	45	0	95	94	0	0	3	1	2046	4294967295	47	1
3488	45	0	95	94	0	0	3	2	2046	4294967295	24	1
3489	45	0	95	94	0	0	3	3	2046	4294967295	12	1
3490	45	0	95	94	0	0	3	4	2046	4294967295	6	1
3491	45	0	95	94	0	0	3	5	2046	4294967295	3	1
3492	45	0	95	94	0	0	3	6	2046	4294967295	2	1
3493	45	0	95	94	0	0	4	0	2046	4294967295	93	1
3494	45	0	95	94	0	0	4	1	2046	4294967295	47	1
3495	45	0	95	94	0	0	4	2	2046	4294967295	24	1
3496	45	0	95	94	0	0	4	3	2046	4294967295	12	1
3497	45	0	95	94	0	0	4	4	2046	4294967295	6	1
3498	45	0	95	94	0	0	4	5	2046	4294967295	3	1
3499	45	0	95	94	0	0	4	6	2046	4294967295	2	1
3500	45	0	95	94	0	0	5	0	2046	4294967295	93	1
3501	45	0	95	94	0	0	5	1	2046	4294967295	47	1
3502	45	0	95	94	0	0	5	2	2046	4294967295	24	1
3503	45	0	95	94	0	0	5	3	2046	4294967295	12	1
3504	45	0	95	94	0	0	5	4	2046	4294967295	6	1
3505	45	0	95	94	0	0	5	5	2046	4294967295	3	1
3506	45	0	95	94	0	0	5	6	2046	4294967295	2	1
3507	45	0	95	94	0	0	6	0	2046	4294967295	93	1
3508	45	0	95	94	0	0	6	1	2046	4294967295	47	1
3509	45	0	95	94	0	0	6	2	2046	4294967295	24	1
3510	45	0	95	94	0	0	6	3	2046	4294967295	12	1
3511	45	0	95	94	0	0	6	4	2046	4294967295	6	1
3512	45	0	95	94	0	0	6	5	2046	4294967295	3	1
3513	45	0	95	94	0	0	6	6	2046	4294967295	2	1
3514	45	0	95	94	0	0	7	0	2046	4294967295	93	1
3515	45	0	95	94	0	0	7	1	2046	4294967295	47	1
3516	45	0	95	94	0	0	7	2	2046	4294967295	24	1
3517	45	0	95	94	0	0	7	3	2046	4294967295	12	1
3518	45	0	95	94	0	0	7	4	2046	4294967295	6	1
3519	45	0	95	94	0	0	7	5	2046	4294967295	3	1
3520	45	0	95	94	0	0	7	6	2046	4294967295	2	1
3521	45	0	95	94	0	0	8	0	2046	4294967295	93	1
3522	45	0	95	94	0	0	8	1	2046	4294967295	47	1
3523	45	0	95	94	0	0	8	2	2046	4294967295	24	1
3524	45	0	95	94	0	0	8	3	2046	4294967295	12	1
3525	45	0	95	94	0	0	8	4	2046	4294967295	6	1
3526	45	0	95	94	0	0	8	5	2046	4294967295	3	1
3527	45	0	95	94	0	0	8	6	2046	4294967295	2	1
3528	45	0	95	94	0	0	9	0	2046	4294967295	93	1
3529	45	0	95	94	0	0	9	1	2046	4294967295	47	1
3530	45	0	95	94	0	0	9	2	2046	4294967295	24	1
3531	45	0	95	94	0	0	9	3	2046	4294967295	12	1
3532	45	0	95	94	0	0	9	4	2046	4294967295	6	1
3533	45	0	95	94	0	0	9	5	2046	4294967295	3	1
3534	45	0	95	94	0	0	9	6	2046	4294967295	2	1
3535	45	0	95	94	0	0	10	0	2046	4294967295	93	1
3536	45	0	95	94	0	0	10	1	2046	4294967295	47	1
3537	45	0	95	94	0	0	10	2	2046	4294967295	24	1
3538	45	0	95	94	0	0	10	3	2046	4294967295	12	1
3539	45	0	95	94	0	0	10	4	2046	4294967295	6	1
3540	45	0	95	94	0	0	10	5	2046	4294967295	3	1
3541	45	0	95	94	0	0	10	6	2046	4294967295	2	1
3542	46	0	97	96	0	0	0	0	2214	4294967295	95	1
3543	46	0	97	96	0	0	0	1	2214	4294967295	48	1
3544	46	0	97	96	0	0	0	2	2214	4294967295	24	1
3545	46	0	97	96	0	0	0	3	2214	4294967295	12	1
3546	46	0	97	96	0	0	0	4	2214	4294967295	6	1
3547	46	0	97	96	0	0	0	5	2214	4294967295	3	1
3548	46	0	97	96	0	0	0	6	2214	4294967295	2	1
3549	46	0	97	96	0	0	1	0	2214	4294967295	95	1
3550	46	0	97	96	0	0	1	1	2214	4294967295	48	1
3551	46	0	97	96	0	0	1	2	2214	4294967295	24	1
3552	46	0	97	96	0	0	1	3	2214	4294967295	12	1
3553	46	0	97	96	0	0	1	4	2214	4294967295	6	1
3554	46	0	97	96	0	0	1	5	2214	4294967295	3	1
3555	46	0	97	96	0	0	1	6	2214	4294967295	2	1
3556	46	0	97	96	0	0	2	0	2214	4294967295	95	1
3557	46	0	97	96	0	0	2	1	2214	4294967295	48	1
3558	46	0	97	96	0	0	2	2	2214	4294967295	24	1
3559	46	0	97	96	0	0	2	3	2214	4294967295	12	1
3560	46	0	97	96	0	0	2	4	2214	4294967295	6	1
3561	46	0	97	96	0	0	2	5	2214	4294967295	3	1
3562	46	0	97	96	0	0	2	6	2214	4294967295	2	1
3563	46	0	97	96	0	0	3	0	2214	4294967295	95	1
3564	46	0	97	96	0	0	3	1	2214	4294967295	48	1
3565	46	0	97	96	0	0	3	2	2214	4294967295	24	1
3566	46	0	97	96	0	0	3	3	2214	4294967295	12	1
3567	46	0	97	96	0	0	3	4	2214	4294967295	6	1
3568	46	0	97	96	0	0	3	5	2214	4294967295	3	1
3569	46	0	97	96	0	0	3	6	2214	4294967295	2	1
3570	46	0	97	96	0	0	4	0	2214	4294967295	95	1
3571	46	0	97	96	0	0	4	1	2214	4294967295	48	1
3572	46	0	97	96	0	0	4	2	2214	4294967295	24	1
3573	46	0	97	96	0	0	4	3	2214	4294967295	12	1
3574	46	0	97	96	0	0	4	4	2214	4294967295	6	1
3575	46	0	97	96	0	0	4	5	2214	4294967295	3	1
3576	46	0	97	96	0	0	4	6	2214	4294967295	2	1
3577	46	0	97	96	0	0	5	0	2214	4294967295	95	1
3578	46	0	97	96	0	0	5	1	2214	4294967295	48	1
3579	46	0	97	96	0	0	5	2	2214	4294967295	24	1
3580	46	0	97	96	0	0	5	3	2214	4294967295	12	1
3581	46	0	97	96	0	0	5	4	2214	4294967295	6	1
3582	46	0	97	96	0	0	5	5	2214	4294967295	3	1
3583	46	0	97	96	0	0	5	6	2214	4294967295	2	1
3584	46	0	97	96	0	0	6	0	2214	4294967295	95	1
3585	46	0	97	96	0	0	6	1	2214	4294967295	48	1
3586	46	0	97	96	0	0	6	2	2214	4294967295	24	1
3587	46	0	97	96	0	0	6	3	2214	4294967295	12	1
3588	46	0	97	96	0	0	6	4	2214	4294967295	6	1
3589	46	0	97	96	0	0	6	5	2214	4294967295	3	1
3590	46	0	97	96	0	0	6	6	2214	4294967295	2	1
3591	46	0	97	96	0	0	7	0	2214	4294967295	95	1
3592	46	0	97	96	0	0	7	1	2214	4294967295	48	1
3593	46	0	97	96	0	0	7	2	2214	4294967295	24	1
3594	46	0	97	96	0	0	7	3	2214	4294967295	12	1
3595	46	0	97	96	0	0	7	4	2214	4294967295	6	1
3596	46	0	97	96	0	0	7	5	2214	4294967295	3	1
3597	46	0	97	96	0	0	7	6	2214	4294967295	2	1
3598	46	0	97	96	0	0	8	0	2214	4294967295	95	1
3599	46	0	97	96	0	0	8	1	2214	4294967295	48	1
3600	46	0	97	96	0	0	8	2	2214	4294967295	24	1
3601	46	0	97	96	0	0	8	3	2214	4294967295	12	1
3602	46	0	97	96	0	0	8	4	2214	4294967295	6	1
3603	46	0	97	96	0	0	8	5	2214	4294967295	3	1
3604	46	0	97	96	0	0	8	6	2214	4294967295	2	1
3605	46	0	97	96	0	0	9	0	2214	4294967295	95	1
3606	46	0	97	96	0	0	9	1	2214	4294967295	48	1
3607	46	0	97	96	0	0	9	2	2214	4294967295	24	1
3608	46	0	97	96	0	0	9	3	2214	4294967295	12	1
3609	46	0	97	96	0	0	9	4	2214	4294967295	6	1
3610	46	0	97	96	0	0	9	5	2214	4294967295	3	1
3611	46	0	97	96	0	0	9	6	2214	4294967295	2	1
3612	46	0	97	96	0	0	10	0	2214	4294967295	95	1
3613	46	0	97	96	0	0	10	1	2214	4294967295	48	1
3614	46	0	97	96	0	0	10	2	2214	4294967295	24	1
3615	46	0	97	96	0	0	10	3	2214	4294967295	12	1
3616	46	0	97	96	0	0	10	4	2214	4294967295	6	1
3617	46	0	97	96	0	0	10	5	2214	4294967295	3	1
3618	46	0	97	96	0	0	10	6	2214	4294967295	2	1
3619	47	0	99	98	0	0	0	0	2266	4294967295	97	1
3620	47	0	99	98	0	0	0	1	2266	4294967295	49	1
3621	47	0	99	98	0	0	0	2	2266	4294967295	25	1
3622	47	0	99	98	0	0	0	3	2266	4294967295	13	1
3623	47	0	99	98	0	0	0	4	2266	4294967295	7	1
3624	47	0	99	98	0	0	0	5	2266	4294967295	4	1
3625	47	0	99	98	0	0	0	6	2266	4294967295	2	1
3626	47	0	99	98	0	0	1	0	2266	4294967295	97	1
3627	47	0	99	98	0	0	1	1	2266	4294967295	49	1
3628	47	0	99	98	0	0	1	2	2266	4294967295	25	1
3629	47	0	99	98	0	0	1	3	2266	4294967295	13	1
3630	47	0	99	98	0	0	1	4	2266	4294967295	7	1
3631	47	0	99	98	0	0	1	5	2266	4294967295	4	1
3632	47	0	99	98	0	0	1	6	2266	4294967295	2	1
3633	47	0	99	98	0	0	2	0	2266	4294967295	97	1
3634	47	0	99	98	0	0	2	1	2266	4294967295	49	1
3635	47	0	99	98	0	0	2	2	2266	4294967295	25	1
3636	47	0	99	98	0	0	2	3	2266	4294967295	13	1
3637	47	0	99	98	0	0	2	4	2266	4294967295	7	1
3638	47	0	99	98	0	0	2	5	2266	4294967295	4	1
3639	47	0	99	98	0	0	2	6	2266	4294967295	2	1
3640	47	0	99	98	0	0	3	0	2266	4294967295	97	1
3641	47	0	99	98	0	0	3	1	2266	4294967295	49	1
3642	47	0	99	98	0	0	3	2	2266	4294967295	25	1
3643	47	0	99	98	0	0	3	3	2266	4294967295	13	1
3644	47	0	99	98	0	0	3	4	2266	4294967295	7	1
3645	47	0	99	98	0	0	3	5	2266	4294967295	4	1
3646	47	0	99	98	0	0	3	6	2266	4294967295	2	1
3647	47	0	99	98	0	0	4	0	2266	4294967295	97	1
3648	47	0	99	98	0	0	4	1	2266	4294967295	49	1
3649	47	0	99	98	0	0	4	2	2266	4294967295	25	1
3650	47	0	99	98	0	0	4	3	2266	4294967295	13	1
3651	47	0	99	98	0	0	4	4	2266	4294967295	7	1
3652	47	0	99	98	0	0	4	5	2266	4294967295	4	1
3653	47	0	99	98	0	0	4	6	2266	4294967295	2	1
3654	47	0	99	98	0	0	5	0	2266	4294967295	97	1
3655	47	0	99	98	0	0	5	1	2266	4294967295	49	1
3656	47	0	99	98	0	0	5	2	2266	4294967295	25	1
3657	47	0	99	98	0	0	5	3	2266	4294967295	13	1
3658	47	0	99	98	0	0	5	4	2266	4294967295	7	1
3659	47	0	99	98	0	0	5	5	2266	4294967295	4	1
3660	47	0	99	98	0	0	5	6	2266	4294967295	2	1
3661	47	0	99	98	0	0	6	0	2266	4294967295	97	1
3662	47	0	99	98	0	0	6	1	2266	4294967295	49	1
3663	47	0	99	98	0	0	6	2	2266	4294967295	25	1
3664	47	0	99	98	0	0	6	3	2266	4294967295	13	1
3665	47	0	99	98	0	0	6	4	2266	4294967295	7	1
3666	47	0	99	98	0	0	6	5	2266	4294967295	4	1
3667	47	0	99	98	0	0	6	6	2266	4294967295	2	1
3668	47	0	99	98	0	0	7	0	2266	4294967295	97	1
3669	47	0	99	98	0	0	7	1	2266	4294967295	49	1
3670	47	0	99	98	0	0	7	2	2266	4294967295	25	1
3671	47	0	99	98	0	0	7	3	2266	4294967295	13	1
3672	47	0	99	98	0	0	7	4	2266	4294967295	7	1
3673	47	0	99	98	0	0	7	5	2266	4294967295	4	1
3674	47	0	99	98	0	0	7	6	2266	4294967295	2	1
3675	47	0	99	98	0	0	8	0	2266	4294967295	97	1
3676	47	0	99	98	0	0	8	1	2266	4294967295	49	1
3677	47	0	99	98	0	0	8	2	2266	4294967295	25	1
3678	47	0	99	98	0	0	8	3	2266	4294967295	13	1
3679	47	0	99	98	0	0	8	4	2266	4294967295	7	1
3680	47	0	99	98	0	0	8	5	2266	4294967295	4	1
3681	47	0	99	98	0	0	8	6	2266	4294967295	2	1
3682	47	0	99	98	0	0	9	0	2266	4294967295	97	1
3683	47	0	99	98	0	0	9	1	2266	4294967295	49	1
3684	47	0	99	98	0	0	9	2	2266	4294967295	25	1
3685	47	0	99	98	0	0	9	3	2266	4294967295	13	1
3686	47	0	99	98	0	0	9	4	2266	4294967295	7	1
3687	47	0	99	98	0	0	9	5	2266	4294967295	4	1
3688	47	0	99	98	0	0	9	6	2266	4294967295	2	1
3689	47	0	99	98	0	0	10	0	2266	4294967295	97	1
3690	47	0	99	98	0	0	10	1	2266	4294967295	49	1
3691	47	0	99	98	0	0	10	2	2266	4294967295	25	1
3692	47	0	99	98	0	0	10	3	2266	4294967295	13	1
3693	47	0	99	98	0	0	10	4	2266	4294967295	7	1
3694	47	0	99	98	0	0	10	5	2266	4294967295	4	1
3695	47	0	99	98	0	0	10	6	2266	4294967295	2	1
3696	48	0	101	100	0	0	0	0	2318	4294967295	99	1
3697	48	0	101	100	0	0	0	1	2318	4294967295	50	1
3698	48	0	101	100	0	0	0	2	2318	4294967295	25	1
3699	48	0	101	100	0	0	0	3	2318	4294967295	13	1
3700	48	0	101	100	0	0	0	4	2318	4294967295	7	1
3701	48	0	101	100	0	0	0	5	2318	4294967295	4	1
3702	48	0	101	100	0	0	0	6	2318	4294967295	2	1
3703	48	0	101	100	0	0	1	0	2318	4294967295	99	1
3704	48	0	101	100	0	0	1	1	2318	4294967295	50	1
3705	48	0	101	100	0	0	1	2	2318	4294967295	25	1
3706	48	0	101	100	0	0	1	3	2318	4294967295	13	1
3707	48	0	101	100	0	0	1	4	2318	4294967295	7	1
3708	48	0	101	100	0	0	1	5	2318	4294967295	4	1
3709	48	0	101	100	0	0	1	6	2318	4294967295	2	1
3710	48	0	101	100	0	0	2	0	2318	4294967295	99	1
3711	48	0	101	100	0	0	2	1	2318	4294967295	50	1
3712	48	0	101	100	0	0	2	2	2318	4294967295	25	1
3713	48	0	101	100	0	0	2	3	2318	4294967295	13	1
3714	48	0	101	100	0	0	2	4	2318	4294967295	7	1
3715	48	0	101	100	0	0	2	5	2318	4294967295	4	1
3716	48	0	101	100	0	0	2	6	2318	4294967295	2	1
3717	48	0	101	100	0	0	3	0	2318	4294967295	99	1
3718	48	0	101	100	0	0	3	1	2318	4294967295	50	1
3719	48	0	101	100	0	0	3	2	2318	4294967295	25	1
3720	48	0	101	100	0	0	3	3	2318	4294967295	13	1
3721	48	0	101	100	0	0	3	4	2318	4294967295	7	1
3722	48	0	101	100	0	0	3	5	2318	4294967295	4	1
3723	48	0	101	100	0	0	3	6	2318	4294967295	2	1
3724	48	0	101	100	0	0	4	0	2318	4294967295	99	1
3725	48	0	101	100	0	0	4	1	2318	4294967295	50	1
3726	48	0	101	100	0	0	4	2	2318	4294967295	25	1
3727	48	0	101	100	0	0	4	3	2318	4294967295	13	1
3728	48	0	101	100	0	0	4	4	2318	4294967295	7	1
3729	48	0	101	100	0	0	4	5	2318	4294967295	4	1
3730	48	0	101	100	0	0	4	6	2318	4294967295	2	1
3731	48	0	101	100	0	0	5	0	2318	4294967295	99	1
3732	48	0	101	100	0	0	5	1	2318	4294967295	50	1
3733	48	0	101	100	0	0	5	2	2318	4294967295	25	1
3734	48	0	101	100	0	0	5	3	2318	4294967295	13	1
3735	48	0	101	100	0	0	5	4	2318	4294967295	7	1
3736	48	0	101	100	0	0	5	5	2318	4294967295	4	1
3737	48	0	101	100	0	0	5	6	2318	4294967295	2	1
3738	48	0	101	100	0	0	6	0	2318	4294967295	99	1
3739	48	0	101	100	0	0	6	1	2318	4294967295	50	1
3740	48	0	101	100	0	0	6	2	2318	4294967295	25	1
3741	48	0	101	100	0	0	6	3	2318	4294967295	13	1
3742	48	0	101	100	0	0	6	4	2318	4294967295	7	1
3743	48	0	101	100	0	0	6	5	2318	4294967295	4	1
3744	48	0	101	100	0	0	6	6	2318	4294967295	2	1
3745	48	0	101	100	0	0	7	0	2318	4294967295	99	1
3746	48	0	101	100	0	0	7	1	2318	4294967295	50	1
3747	48	0	101	100	0	0	7	2	2318	4294967295	25	1
3748	48	0	101	100	0	0	7	3	2318	4294967295	13	1
3749	48	0	101	100	0	0	7	4	2318	4294967295	7	1
3750	48	0	101	100	0	0	7	5	2318	4294967295	4	1
3751	48	0	101	100	0	0	7	6	2318	4294967295	2	1
3752	48	0	101	100	0	0	8	0	2318	4294967295	99	1
3753	48	0	101	100	0	0	8	1	2318	4294967295	50	1
3754	48	0	101	100	0	0	8	2	2318	4294967295	25	1
3755	48	0	101	100	0	0	8	3	2318	4294967295	13	1
3756	48	0	101	100	0	0	8	4	2318	4294967295	7	1
3757	48	0	101	100	0	0	8	5	2318	4294967295	4	1
3758	48	0	101	100	0	0	8	6	2318	4294967295	2	1
3759	48	0	101	100	0	0	9	0	2318	4294967295	99	1
3760	48	0	101	100	0	0	9	1	2318	4294967295	50	1
3761	48	0	101	100	0	0	9	2	2318	4294967295	25	1
3762	48	0	101	100	0	0	9	3	2318	4294967295	13	1
3763	48	0	101	100	0	0	9	4	2318	4294967295	7	1
3764	48	0	101	100	0	0	9	5	2318	4294967295	4	1
3765	48	0	101	100	0	0	9	6	2318	4294967295	2	1
3766	48	0	101	100	0	0	10	0	2318	4294967295	99	1
3767	48	0	101	100	0	0	10	1	2318	4294967295	50	1
3768	48	0	101	100	0	0	10	2	2318	4294967295	25	1
3769	48	0	101	100	0	0	10	3	2318	4294967295	13	1
3770	48	0	101	100	0	0	10	4	2318	4294967295	7	1
3771	48	0	101	100	0	0	10	5	2318	4294967295	4	1
3772	48	0	101	100	0	0	10	6	2318	4294967295	2	1
3773	49	0	103	102	0	0	0	0	2370	4294967295	101	1
3774	49	0	103	102	0	0	0	1	2370	4294967295	51	1
3775	49	0	103	102	0	0	0	2	2370	4294967295	26	1
3776	49	0	103	102	0	0	0	3	2370	4294967295	13	1
3777	49	0	103	102	0	0	0	4	2370	4294967295	7	1
3778	49	0	103	102	0	0	0	5	2370	4294967295	4	1
3779	49	0	103	102	0	0	0	6	2370	4294967295	2	1
3780	49	0	103	102	0	0	1	0	2370	4294967295	101	1
3781	49	0	103	102	0	0	1	1	2370	4294967295	51	1
3782	49	0	103	102	0	0	1	2	2370	4294967295	26	1
3783	49	0	103	102	0	0	1	3	2370	4294967295	13	1
3784	49	0	103	102	0	0	1	4	2370	4294967295	7	1
3785	49	0	103	102	0	0	1	5	2370	4294967295	4	1
3786	49	0	103	102	0	0	1	6	2370	4294967295	2	1
3787	49	0	103	102	0	0	2	0	2370	4294967295	101	1
3788	49	0	103	102	0	0	2	1	2370	4294967295	51	1
3789	49	0	103	102	0	0	2	2	2370	4294967295	26	1
3790	49	0	103	102	0	0	2	3	2370	4294967295	13	1
3791	49	0	103	102	0	0	2	4	2370	4294967295	7	1
3792	49	0	103	102	0	0	2	5	2370	4294967295	4	1
3793	49	0	103	102	0	0	2	6	2370	4294967295	2	1
3794	49	0	103	102	0	0	3	0	2370	4294967295	101	1
3795	49	0	103	102	0	0	3	1	2370	4294967295	51	1
3796	49	0	103	102	0	0	3	2	2370	4294967295	26	1
3797	49	0	103	102	0	0	3	3	2370	4294967295	13	1
3798	49	0	103	102	0	0	3	4	2370	4294967295	7	1
3799	49	0	103	102	0	0	3	5	2370	4294967295	4	1
3800	49	0	103	102	0	0	3	6	2370	4294967295	2	1
3801	49	0	103	102	0	0	4	0	2370	4294967295	101	1
3802	49	0	103	102	0	0	4	1	2370	4294967295	51	1
3803	49	0	103	102	0	0	4	2	2370	4294967295	26	1
3804	49	0	103	102	0	0	4	3	2370	4294967295	13	1
3805	49	0	103	102	0	0	4	4	2370	4294967295	7	1
3806	49	0	103	102	0	0	4	5	2370	4294967295	4	1
3807	49	0	103	102	0	0	4	6	2370	4294967295	2	1
3808	49	0	103	102	0	0	5	0	2370	4294967295	101	1
3809	49	0	103	102	0	0	5	1	2370	4294967295	51	1
3810	49	0	103	102	0	0	5	2	2370	4294967295	26	1
3811	49	0	103	102	0	0	5	3	2370	4294967295	13	1
3812	49	0	103	102	0	0	5	4	2370	4294967295	7	1
3813	49	0	103	102	0	0	5	5	2370	4294967295	4	1
3814	49	0	103	102	0	0	5	6	2370	4294967295	2	1
3815	49	0	103	102	0	0	6	0	2370	4294967295	101	1
3816	49	0	103	102	0	0	6	1	2370	4294967295	51	1
3817	49	0	103	102	0	0	6	2	2370	4294967295	26	1
3818	49	0	103	102	0	0	6	3	2370	4294967295	13	1
3819	49	0	103	102	0	0	6	4	2370	4294967295	7	1
3820	49	0	103	102	0	0	6	5	2370	4294967295	4	1
3821	49	0	103	102	0	0	6	6	2370	4294967295	2	1
3822	49	0	103	102	0	0	7	0	2370	4294967295	101	1
3823	49	0	103	102	0	0	7	1	2370	4294967295	51	1
3824	49	0	103	102	0	0	7	2	2370	4294967295	26	1
3825	49	0	103	102	0	0	7	3	2370	4294967295	13	1
3826	49	0	103	102	0	0	7	4	2370	4294967295	7	1
3827	49	0	103	102	0	0	7	5	2370	4294967295	4	1
3828	49	0	103	102	0	0	7	6	2370	4294967295	2	1
3829	49	0	103	102	0	0	8	0	2370	4294967295	101	1
3830	49	0	103	102	0	0	8	1	2370	4294967295	51	1
3831	49	0	103	102	0	0	8	2	2370	4294967295	26	1
3832	49	0	103	102	0	0	8	3	2370	4294967295	13	1
3833	49	0	103	102	0	0	8	4	2370	4294967295	7	1
3834	49	0	103	102	0	0	8	5	2370	4294967295	4	1
3835	49	0	103	102	0	0	8	6	2370	4294967295	2	1
3836	49	0	103	102	0	0	9	0	2370	4294967295	101	1
3837	49	0	103	102	0	0	9	1	2370	4294967295	51	1
3838	49	0	103	102	0	0	9	2	2370	4294967295	26	1
3839	49	0	103	102	0	0	9	3	2370	4294967295	13	1
3840	49	0	103	102	0	0	9	4	2370	4294967295	7	1
3841	49	0	103	102	0	0	9	5	2370	4294967295	4	1
3842	49	0	103	102	0	0	9	6	2370	4294967295	2	1
3843	49	0	103	102	0	0	10	0	2370	4294967295	101	1
3844	49	0	103	102	0	0	10	1	2370	4294967295	51	1
3845	49	0	103	102	0	0	10	2	2370	4294967295	26	1
3846	49	0	103	102	0	0	10	3	2370	4294967295	13	1
3847	49	0	103	102	0	0	10	4	2370	4294967295	7	1
3848	49	0	103	102	0	0	10	5	2370	4294967295	4	1
3849	49	0	103	102	0	0	10	6	2370	4294967295	2	1
3850	50	0	105	104	0	0	0	0	2422	4294967295	103	1
3851	50	0	105	104	0	0	0	1	2422	4294967295	52	1
3852	50	0	105	104	0	0	0	2	2422	4294967295	26	1
3853	50	0	105	104	0	0	0	3	2422	4294967295	13	1
3854	50	0	105	104	0	0	0	4	2422	4294967295	7	1
3855	50	0	105	104	0	0	0	5	2422	4294967295	4	1
3856	50	0	105	104	0	0	0	6	2422	4294967295	2	1
3857	50	0	105	104	0	0	1	0	2422	4294967295	103	1
3858	50	0	105	104	0	0	1	1	2422	4294967295	52	1
3859	50	0	105	104	0	0	1	2	2422	4294967295	26	1
3860	50	0	105	104	0	0	1	3	2422	4294967295	13	1
3861	50	0	105	104	0	0	1	4	2422	4294967295	7	1
3862	50	0	105	104	0	0	1	5	2422	4294967295	4	1
3863	50	0	105	104	0	0	1	6	2422	4294967295	2	1
3864	50	0	105	104	0	0	2	0	2422	4294967295	103	1
3865	50	0	105	104	0	0	2	1	2422	4294967295	52	1
3866	50	0	105	104	0	0	2	2	2422	4294967295	26	1
3867	50	0	105	104	0	0	2	3	2422	4294967295	13	1
3868	50	0	105	104	0	0	2	4	2422	4294967295	7	1
3869	50	0	105	104	0	0	2	5	2422	4294967295	4	1
3870	50	0	105	104	0	0	2	6	2422	4294967295	2	1
3871	50	0	105	104	0	0	3	0	2422	4294967295	103	1
3872	50	0	105	104	0	0	3	1	2422	4294967295	52	1
3873	50	0	105	104	0	0	3	2	2422	4294967295	26	1
3874	50	0	105	104	0	0	3	3	2422	4294967295	13	1
3875	50	0	105	104	0	0	3	4	2422	4294967295	7	1
3876	50	0	105	104	0	0	3	5	2422	4294967295	4	1
3877	50	0	105	104	0	0	3	6	2422	4294967295	2	1
3878	50	0	105	104	0	0	4	0	2422	4294967295	103	1
3879	50	0	105	104	0	0	4	1	2422	4294967295	52	1
3880	50	0	105	104	0	0	4	2	2422	4294967295	26	1
3881	50	0	105	104	0	0	4	3	2422	4294967295	13	1
3882	50	0	105	104	0	0	4	4	2422	4294967295	7	1
3883	50	0	105	104	0	0	4	5	2422	4294967295	4	1
3884	50	0	105	104	0	0	4	6	2422	4294967295	2	1
3885	50	0	105	104	0	0	5	0	2422	4294967295	103	1
3886	50	0	105	104	0	0	5	1	2422	4294967295	52	1
3887	50	0	105	104	0	0	5	2	2422	4294967295	26	1
3888	50	0	105	104	0	0	5	3	2422	4294967295	13	1
3889	50	0	105	104	0	0	5	4	2422	4294967295	7	1
3890	50	0	105	104	0	0	5	5	2422	4294967295	4	1
3891	50	0	105	104	0	0	5	6	2422	4294967295	2	1
3892	50	0	105	104	0	0	6	0	2422	4294967295	103	1
3893	50	0	105	104	0	0	6	1	2422	4294967295	52	1
3894	50	0	105	104	0	0	6	2	2422	4294967295	26	1
3895	50	0	105	104	0	0	6	3	2422	4294967295	13	1
3896	50	0	105	104	0	0	6	4	2422	4294967295	7	1
3897	50	0	105	104	0	0	6	5	2422	4294967295	4	1
3898	50	0	105	104	0	0	6	6	2422	4294967295	2	1
3899	50	0	105	104	0	0	7	0	2422	4294967295	103	1
3900	50	0	105	104	0	0	7	1	2422	4294967295	52	1
3901	50	0	105	104	0	0	7	2	2422	4294967295	26	1
3902	50	0	105	104	0	0	7	3	2422	4294967295	13	1
3903	50	0	105	104	0	0	7	4	2422	4294967295	7	1
3904	50	0	105	104	0	0	7	5	2422	4294967295	4	1
3905	50	0	105	104	0	0	7	6	2422	4294967295	2	1
3906	50	0	105	104	0	0	8	0	2422	4294967295	103	1
3907	50	0	105	104	0	0	8	1	2422	4294967295	52	1
3908	50	0	105	104	0	0	8	2	2422	4294967295	26	1
3909	50	0	105	104	0	0	8	3	2422	4294967295	13	1
3910	50	0	105	104	0	0	8	4	2422	4294967295	7	1
3911	50	0	105	104	0	0	8	5	2422	4294967295	4	1
3912	50	0	105	104	0	0	8	6	2422	4294967295	2	1
3913	50	0	105	104	0	0	9	0	2422	4294967295	103	1
3914	50	0	105	104	0	0	9	1	2422	4294967295	52	1
3915	50	0	105	104	0	0	9	2	2422	4294967295	26	1
3916	50	0	105	104	0	0	9	3	2422	4294967295	13	1
3917	50	0	105	104	0	0	9	4	2422	4294967295	7	1
3918	50	0	105	104	0	0	9	5	2422	4294967295	4	1
3919	50	0	105	104	0	0	9	6	2422	4294967295	2	1
3920	50	0	105	104	0	0	10	0	2422	4294967295	103	1
3921	50	0	105	104	0	0	10	1	2422	4294967295	52	1
3922	50	0	105	104	0	0	10	2	2422	4294967295	26	1
3923	50	0	105	104	0	0	10	3	2422	4294967295	13	1
3924	50	0	105	104	0	0	10	4	2422	4294967295	7	1
3925	50	0	105	104	0	0	10	5	2422	4294967295	4	1
3926	50	0	105	104	0	0	10	6	2422	4294967295	2	1
3927	51	0	107	106	0	0	0	0	2474	4294967295	105	1
3928	51	0	107	106	0	0	0	1	2474	4294967295	53	1
3929	51	0	107	106	0	0	0	2	2474	4294967295	27	1
3930	51	0	107	106	0	0	0	3	2474	4294967295	14	1
3931	51	0	107	106	0	0	0	4	2474	4294967295	7	1
3932	51	0	107	106	0	0	0	5	2474	4294967295	4	1
3933	51	0	107	106	0	0	0	6	2474	4294967295	2	1
3934	51	0	107	106	0	0	1	0	2474	4294967295	105	1
3935	51	0	107	106	0	0	1	1	2474	4294967295	53	1
3936	51	0	107	106	0	0	1	2	2474	4294967295	27	1
3937	51	0	107	106	0	0	1	3	2474	4294967295	14	1
3938	51	0	107	106	0	0	1	4	2474	4294967295	7	1
3939	51	0	107	106	0	0	1	5	2474	4294967295	4	1
3940	51	0	107	106	0	0	1	6	2474	4294967295	2	1
3941	51	0	107	106	0	0	2	0	2474	4294967295	105	1
3942	51	0	107	106	0	0	2	1	2474	4294967295	53	1
3943	51	0	107	106	0	0	2	2	2474	4294967295	27	1
3944	51	0	107	106	0	0	2	3	2474	4294967295	14	1
3945	51	0	107	106	0	0	2	4	2474	4294967295	7	1
3946	51	0	107	106	0	0	2	5	2474	4294967295	4	1
3947	51	0	107	106	0	0	2	6	2474	4294967295	2	1
3948	51	0	107	106	0	0	3	0	2474	4294967295	105	1
3949	51	0	107	106	0	0	3	1	2474	4294967295	53	1
3950	51	0	107	106	0	0	3	2	2474	4294967295	27	1
3951	51	0	107	106	0	0	3	3	2474	4294967295	14	1
3952	51	0	107	106	0	0	3	4	2474	4294967295	7	1
3953	51	0	107	106	0	0	3	5	2474	4294967295	4	1
3954	51	0	107	106	0	0	3	6	2474	4294967295	2	1
3955	51	0	107	106	0	0	4	0	2474	4294967295	105	1
3956	51	0	107	106	0	0	4	1	2474	4294967295	53	1
3957	51	0	107	106	0	0	4	2	2474	4294967295	27	1
3958	51	0	107	106	0	0	4	3	2474	4294967295	14	1
3959	51	0	107	106	0	0	4	4	2474	4294967295	7	1
3960	51	0	107	106	0	0	4	5	2474	4294967295	4	1
3961	51	0	107	106	0	0	4	6	2474	4294967295	2	1
3962	51	0	107	106	0	0	5	0	2474	4294967295	105	1
3963	51	0	107	106	0	0	5	1	2474	4294967295	53	1
3964	51	0	107	106	0	0	5	2	2474	4294967295	27	1
3965	51	0	107	106	0	0	5	3	2474	4294967295	14	1
3966	51	0	107	106	0	0	5	4	2474	4294967295	7	1
3967	51	0	107	106	0	0	5	5	2474	4294967295	4	1
3968	51	0	107	106	0	0	5	6	2474	4294967295	2	1
3969	51	0	107	106	0	0	6	0	2474	4294967295	105	1
3970	51	0	107	106	0	0	6	1	2474	4294967295	53	1
3971	51	0	107	106	0	0	6	2	2474	4294967295	27	1
3972	51	0	107	106	0	0	6	3	2474	4294967295	14	1
3973	51	0	107	106	0	0	6	4	2474	4294967295	7	1
3974	51	0	107	106	0	0	6	5	2474	4294967295	4	1
3975	51	0	107	106	0	0	6	6	2474	4294967295	2	1
3976	51	0	107	106	0	0	7	0	2474	4294967295	105	1
3977	51	0	107	106	0	0	7	1	2474	4294967295	53	1
3978	51	0	107	106	0	0	7	2	2474	4294967295	27	1
3979	51	0	107	106	0	0	7	3	2474	4294967295	14	1
3980	51	0	107	106	0	0	7	4	2474	4294967295	7	1
3981	51	0	107	106	0	0	7	5	2474	4294967295	4	1
3982	51	0	107	106	0	0	7	6	2474	4294967295	2	1
3983	51	0	107	106	0	0	8	0	2474	4294967295	105	1
3984	51	0	107	106	0	0	8	1	2474	4294967295	53	1
3985	51	0	107	106	0	0	8	2	2474	4294967295	27	1
3986	51	0	107	106	0	0	8	3	2474	4294967295	14	1
3987	51	0	107	106	0	0	8	4	2474	4294967295	7	1
3988	51	0	107	106	0	0	8	5	2474	4294967295	4	1
3989	51	0	107	106	0	0	8	6	2474	4294967295	2	1
3990	51	0	107	106	0	0	9	0	2474	4294967295	105	1
3991	51	0	107	106	0	0	9	1	2474	4294967295	53	1
3992	51	0	107	106	0	0	9	2	2474	4294967295	27	1
3993	51	0	107	106	0	0	9	3	2474	4294967295	14	1
3994	51	0	107	106	0	0	9	4	2474	4294967295	7	1
3995	51	0	107	106	0	0	9	5	2474	4294967295	4	1
3996	51	0	107	106	0	0	9	6	2474	4294967295	2	1
3997	51	0	107	106	0	0	10	0	2474	4294967295	105	1
3998	51	0	107	106	0	0	10	1	2474	4294967295	53	1
3999	51	0	107	106	0	0	10	2	2474	4294967295	27	1
4000	51	0	107	106	0	0	10	3	2474	4294967295	14	1
4001	51	0	107	106	0	0	10	4	2474	4294967295	7	1
4002	51	0	107	106	0	0	10	5	2474	4294967295	4	1
4003	51	0	107	106	0	0	10	6	2474	4294967295	2	1
4004	52	0	109	108	0	0	0	0	2526	4294967295	107	1
4005	52	0	109	108	0	0	0	1	2526	4294967295	54	1
4006	52	0	109	108	0	0	0	2	2526	4294967295	27	1
4007	52	0	109	108	0	0	0	3	2526	4294967295	14	1
4008	52	0	109	108	0	0	0	4	2526	4294967295	7	1
4009	52	0	109	108	0	0	0	5	2526	4294967295	4	1
4010	52	0	109	108	0	0	0	6	2526	4294967295	2	1
4011	52	0	109	108	0	0	1	0	2526	4294967295	107	1
4012	52	0	109	108	0	0	1	1	2526	4294967295	54	1
4013	52	0	109	108	0	0	1	2	2526	4294967295	27	1
4014	52	0	109	108	0	0	1	3	2526	4294967295	14	1
4015	52	0	109	108	0	0	1	4	2526	4294967295	7	1
4016	52	0	109	108	0	0	1	5	2526	4294967295	4	1
4017	52	0	109	108	0	0	1	6	2526	4294967295	2	1
4018	52	0	109	108	0	0	2	0	2526	4294967295	107	1
4019	52	0	109	108	0	0	2	1	2526	4294967295	54	1
4020	52	0	109	108	0	0	2	2	2526	4294967295	27	1
4021	52	0	109	108	0	0	2	3	2526	4294967295	14	1
4022	52	0	109	108	0	0	2	4	2526	4294967295	7	1
4023	52	0	109	108	0	0	2	5	2526	4294967295	4	1
4024	52	0	109	108	0	0	2	6	2526	4294967295	2	1
4025	52	0	109	108	0	0	3	0	2526	4294967295	107	1
4026	52	0	109	108	0	0	3	1	2526	4294967295	54	1
4027	52	0	109	108	0	0	3	2	2526	4294967295	27	1
4028	52	0	109	108	0	0	3	3	2526	4294967295	14	1
4029	52	0	109	108	0	0	3	4	2526	4294967295	7	1
4030	52	0	109	108	0	0	3	5	2526	4294967295	4	1
4031	52	0	109	108	0	0	3	6	2526	4294967295	2	1
4032	52	0	109	108	0	0	4	0	2526	4294967295	107	1
4033	52	0	109	108	0	0	4	1	2526	4294967295	54	1
4034	52	0	109	108	0	0	4	2	2526	4294967295	27	1
4035	52	0	109	108	0	0	4	3	2526	4294967295	14	1
4036	52	0	109	108	0	0	4	4	2526	4294967295	7	1
4037	52	0	109	108	0	0	4	5	2526	4294967295	4	1
4038	52	0	109	108	0	0	4	6	2526	4294967295	2	1
4039	52	0	109	108	0	0	5	0	2526	4294967295	107	1
4040	52	0	109	108	0	0	5	1	2526	4294967295	54	1
4041	52	0	109	108	0	0	5	2	2526	4294967295	27	1
4042	52	0	109	108	0	0	5	3	2526	4294967295	14	1
4043	52	0	109	108	0	0	5	4	2526	4294967295	7	1
4044	52	0	109	108	0	0	5	5	2526	4294967295	4	1
4045	52	0	109	108	0	0	5	6	2526	4294967295	2	1
4046	52	0	109	108	0	0	6	0	2526	4294967295	107	1
4047	52	0	109	108	0	0	6	1	2526	4294967295	54	1
4048	52	0	109	108	0	0	6	2	2526	4294967295	27	1
4049	52	0	109	108	0	0	6	3	2526	4294967295	14	1
4050	52	0	109	108	0	0	6	4	2526	4294967295	7	1
4051	52	0	109	108	0	0	6	5	2526	4294967295	4	1
4052	52	0	109	108	0	0	6	6	2526	4294967295	2	1
4053	52	0	109	108	0	0	7	0	2526	4294967295	107	1
4054	52	0	109	108	0	0	7	1	2526	4294967295	54	1
4055	52	0	109	108	0	0	7	2	2526	4294967295	27	1
4056	52	0	109	108	0	0	7	3	2526	4294967295	14	1
4057	52	0	109	108	0	0	7	4	2526	4294967295	7	1
4058	52	0	109	108	0	0	7	5	2526	4294967295	4	1
4059	52	0	109	108	0	0	7	6	2526	4294967295	2	1
4060	52	0	109	108	0	0	8	0	2526	4294967295	107	1
4061	52	0	109	108	0	0	8	1	2526	4294967295	54	1
4062	52	0	109	108	0	0	8	2	2526	4294967295	27	1
4063	52	0	109	108	0	0	8	3	2526	4294967295	14	1
4064	52	0	109	108	0	0	8	4	2526	4294967295	7	1
4065	52	0	109	108	0	0	8	5	2526	4294967295	4	1
4066	52	0	109	108	0	0	8	6	2526	4294967295	2	1
4067	52	0	109	108	0	0	9	0	2526	4294967295	107	1
4068	52	0	109	108	0	0	9	1	2526	4294967295	54	1
4069	52	0	109	108	0	0	9	2	2526	4294967295	27	1
4070	52	0	109	108	0	0	9	3	2526	4294967295	14	1
4071	52	0	109	108	0	0	9	4	2526	4294967295	7	1
4072	52	0	109	108	0	0	9	5	2526	4294967295	4	1
4073	52	0	109	108	0	0	9	6	2526	4294967295	2	1
4074	52	0	109	108	0	0	10	0	2526	4294967295	107	1
4075	52	0	109	108	0	0	10	1	2526	4294967295	54	1
4076	52	0	109	108	0	0	10	2	2526	4294967295	27	1
4077	52	0	109	108	0	0	10	3	2526	4294967295	14	1
4078	52	0	109	108	0	0	10	4	2526	4294967295	7	1
4079	52	0	109	108	0	0	10	5	2526	4294967295	4	1
4080	52	0	109	108	0	0	10	6	2526	4294967295	2	1
4081	53	0	111	110	0	0	0	0	2578	4294967295	109	1
4082	53	0	111	110	0	0	0	1	2578	4294967295	55	1
4083	53	0	111	110	0	0	0	2	2578	4294967295	28	1
4084	53	0	111	110	0	0	0	3	2578	4294967295	14	1
4085	53	0	111	110	0	0	0	4	2578	4294967295	7	1
4086	53	0	111	110	0	0	0	5	2578	4294967295	4	1
4087	53	0	111	110	0	0	0	6	2578	4294967295	2	1
4088	53	0	111	110	0	0	1	0	2578	4294967295	109	1
4089	53	0	111	110	0	0	1	1	2578	4294967295	55	1
4090	53	0	111	110	0	0	1	2	2578	4294967295	28	1
4091	53	0	111	110	0	0	1	3	2578	4294967295	14	1
4092	53	0	111	110	0	0	1	4	2578	4294967295	7	1
4093	53	0	111	110	0	0	1	5	2578	4294967295	4	1
4094	53	0	111	110	0	0	1	6	2578	4294967295	2	1
4095	53	0	111	110	0	0	2	0	2578	4294967295	109	1
4096	53	0	111	110	0	0	2	1	2578	4294967295	55	1
4097	53	0	111	110	0	0	2	2	2578	4294967295	28	1
4098	53	0	111	110	0	0	2	3	2578	4294967295	14	1
4099	53	0	111	110	0	0	2	4	2578	4294967295	7	1
4100	53	0	111	110	0	0	2	5	2578	4294967295	4	1
4101	53	0	111	110	0	0	2	6	2578	4294967295	2	1
4102	53	0	111	110	0	0	3	0	2578	4294967295	109	1
4103	53	0	111	110	0	0	3	1	2578	4294967295	55	1
4104	53	0	111	110	0	0	3	2	2578	4294967295	28	1
4105	53	0	111	110	0	0	3	3	2578	4294967295	14	1
4106	53	0	111	110	0	0	3	4	2578	4294967295	7	1
4107	53	0	111	110	0	0	3	5	2578	4294967295	4	1
4108	53	0	111	110	0	0	3	6	2578	4294967295	2	1
4109	53	0	111	110	0	0	4	0	2578	4294967295	109	1
4110	53	0	111	110	0	0	4	1	2578	4294967295	55	1
4111	53	0	111	110	0	0	4	2	2578	4294967295	28	1
4112	53	0	111	110	0	0	4	3	2578	4294967295	14	1
4113	53	0	111	110	0	0	4	4	2578	4294967295	7	1
4114	53	0	111	110	0	0	4	5	2578	4294967295	4	1
4115	53	0	111	110	0	0	4	6	2578	4294967295	2	1
4116	53	0	111	110	0	0	5	0	2578	4294967295	109	1
4117	53	0	111	110	0	0	5	1	2578	4294967295	55	1
4118	53	0	111	110	0	0	5	2	2578	4294967295	28	1
4119	53	0	111	110	0	0	5	3	2578	4294967295	14	1
4120	53	0	111	110	0	0	5	4	2578	4294967295	7	1
4121	53	0	111	110	0	0	5	5	2578	4294967295	4	1
4122	53	0	111	110	0	0	5	6	2578	4294967295	2	1
4123	53	0	111	110	0	0	6	0	2578	4294967295	109	1
4124	53	0	111	110	0	0	6	1	2578	4294967295	55	1
4125	53	0	111	110	0	0	6	2	2578	4294967295	28	1
4126	53	0	111	110	0	0	6	3	2578	4294967295	14	1
4127	53	0	111	110	0	0	6	4	2578	4294967295	7	1
4128	53	0	111	110	0	0	6	5	2578	4294967295	4	1
4129	53	0	111	110	0	0	6	6	2578	4294967295	2	1
4130	53	0	111	110	0	0	7	0	2578	4294967295	109	1
4131	53	0	111	110	0	0	7	1	2578	4294967295	55	1
4132	53	0	111	110	0	0	7	2	2578	4294967295	28	1
4133	53	0	111	110	0	0	7	3	2578	4294967295	14	1
4134	53	0	111	110	0	0	7	4	2578	4294967295	7	1
4135	53	0	111	110	0	0	7	5	2578	4294967295	4	1
4136	53	0	111	110	0	0	7	6	2578	4294967295	2	1
4137	53	0	111	110	0	0	8	0	2578	4294967295	109	1
4138	53	0	111	110	0	0	8	1	2578	4294967295	55	1
4139	53	0	111	110	0	0	8	2	2578	4294967295	28	1
4140	53	0	111	110	0	0	8	3	2578	4294967295	14	1
4141	53	0	111	110	0	0	8	4	2578	4294967295	7	1
4142	53	0	111	110	0	0	8	5	2578	4294967295	4	1
4143	53	0	111	110	0	0	8	6	2578	4294967295	2	1
4144	53	0	111	110	0	0	9	0	2578	4294967295	109	1
4145	53	0	111	110	0	0	9	1	2578	4294967295	55	1
4146	53	0	111	110	0	0	9	2	2578	4294967295	28	1
4147	53	0	111	110	0	0	9	3	2578	4294967295	14	1
4148	53	0	111	110	0	0	9	4	2578	4294967295	7	1
4149	53	0	111	110	0	0	9	5	2578	4294967295	4	1
4150	53	0	111	110	0	0	9	6	2578	4294967295	2	1
4151	53	0	111	110	0	0	10	0	2578	4294967295	109	1
4152	53	0	111	110	0	0	10	1	2578	4294967295	55	1
4153	53	0	111	110	0	0	10	2	2578	4294967295	28	1
4154	53	0	111	110	0	0	10	3	2578	4294967295	14	1
4155	53	0	111	110	0	0	10	4	2578	4294967295	7	1
4156	53	0	111	110	0	0	10	5	2578	4294967295	4	1
4157	53	0	111	110	0	0	10	6	2578	4294967295	2	1
4158	54	0	113	112	0	0	0	0	2630	4294967295	111	1
4159	54	0	113	112	0	0	0	1	2630	4294967295	56	1
4160	54	0	113	112	0	0	0	2	2630	4294967295	28	1
4161	54	0	113	112	0	0	0	3	2630	4294967295	14	1
4162	54	0	113	112	0	0	0	4	2630	4294967295	7	1
4163	54	0	113	112	0	0	0	5	2630	4294967295	4	1
4164	54	0	113	112	0	0	0	6	2630	4294967295	2	1
4165	54	0	113	112	0	0	1	0	2630	4294967295	111	1
4166	54	0	113	112	0	0	1	1	2630	4294967295	56	1
4167	54	0	113	112	0	0	1	2	2630	4294967295	28	1
4168	54	0	113	112	0	0	1	3	2630	4294967295	14	1
4169	54	0	113	112	0	0	1	4	2630	4294967295	7	1
4170	54	0	113	112	0	0	1	5	2630	4294967295	4	1
4171	54	0	113	112	0	0	1	6	2630	4294967295	2	1
4172	54	0	113	112	0	0	2	0	2630	4294967295	111	1
4173	54	0	113	112	0	0	2	1	2630	4294967295	56	1
4174	54	0	113	112	0	0	2	2	2630	4294967295	28	1
4175	54	0	113	112	0	0	2	3	2630	4294967295	14	1
4176	54	0	113	112	0	0	2	4	2630	4294967295	7	1
4177	54	0	113	112	0	0	2	5	2630	4294967295	4	1
4178	54	0	113	112	0	0	2	6	2630	4294967295	2	1
4179	54	0	113	112	0	0	3	0	2630	4294967295	111	1
4180	54	0	113	112	0	0	3	1	2630	4294967295	56	1
4181	54	0	113	112	0	0	3	2	2630	4294967295	28	1
4182	54	0	113	112	0	0	3	3	2630	4294967295	14	1
4183	54	0	113	112	0	0	3	4	2630	4294967295	7	1
4184	54	0	113	112	0	0	3	5	2630	4294967295	4	1
4185	54	0	113	112	0	0	3	6	2630	4294967295	2	1
4186	54	0	113	112	0	0	4	0	2630	4294967295	111	1
4187	54	0	113	112	0	0	4	1	2630	4294967295	56	1
4188	54	0	113	112	0	0	4	2	2630	4294967295	28	1
4189	54	0	113	112	0	0	4	3	2630	4294967295	14	1
4190	54	0	113	112	0	0	4	4	2630	4294967295	7	1
4191	54	0	113	112	0	0	4	5	2630	4294967295	4	1
4192	54	0	113	112	0	0	4	6	2630	4294967295	2	1
4193	54	0	113	112	0	0	5	0	2630	4294967295	111	1
4194	54	0	113	112	0	0	5	1	2630	4294967295	56	1
4195	54	0	113	112	0	0	5	2	2630	4294967295	28	1
4196	54	0	113	112	0	0	5	3	2630	4294967295	14	1
4197	54	0	113	112	0	0	5	4	2630	4294967295	7	1
4198	54	0	113	112	0	0	5	5	2630	4294967295	4	1
4199	54	0	113	112	0	0	5	6	2630	4294967295	2	1
4200	54	0	113	112	0	0	6	0	2630	4294967295	111	1
4201	54	0	113	112	0	0	6	1	2630	4294967295	56	1
4202	54	0	113	112	0	0	6	2	2630	4294967295	28	1
4203	54	0	113	112	0	0	6	3	2630	4294967295	14	1
4204	54	0	113	112	0	0	6	4	2630	4294967295	7	1
4205	54	0	113	112	0	0	6	5	2630	4294967295	4	1
4206	54	0	113	112	0	0	6	6	2630	4294967295	2	1
4207	54	0	113	112	0	0	7	0	2630	4294967295	111	1
4208	54	0	113	112	0	0	7	1	2630	4294967295	56	1
4209	54	0	113	112	0	0	7	2	2630	4294967295	28	1
4210	54	0	113	112	0	0	7	3	2630	4294967295	14	1
4211	54	0	113	112	0	0	7	4	2630	4294967295	7	1
4212	54	0	113	112	0	0	7	5	2630	4294967295	4	1
4213	54	0	113	112	0	0	7	6	2630	4294967295	2	1
4214	54	0	113	112	0	0	8	0	2630	4294967295	111	1
4215	54	0	113	112	0	0	8	1	2630	4294967295	56	1
4216	54	0	113	112	0	0	8	2	2630	4294967295	28	1
4217	54	0	113	112	0	0	8	3	2630	4294967295	14	1
4218	54	0	113	112	0	0	8	4	2630	4294967295	7	1
4219	54	0	113	112	0	0	8	5	2630	4294967295	4	1
4220	54	0	113	112	0	0	8	6	2630	4294967295	2	1
4221	54	0	113	112	0	0	9	0	2630	4294967295	111	1
4222	54	0	113	112	0	0	9	1	2630	4294967295	56	1
4223	54	0	113	112	0	0	9	2	2630	4294967295	28	1
4224	54	0	113	112	0	0	9	3	2630	4294967295	14	1
4225	54	0	113	112	0	0	9	4	2630	4294967295	7	1
4226	54	0	113	112	0	0	9	5	2630	4294967295	4	1
4227	54	0	113	112	0	0	9	6	2630	4294967295	2	1
4228	54	0	113	112	0	0	10	0	2630	4294967295	111	1
4229	54	0	113	112	0	0	10	1	2630	4294967295	56	1
4230	54	0	113	112	0	0	10	2	2630	4294967295	28	1
4231	54	0	113	112	0	0	10	3	2630	4294967295	14	1
4232	54	0	113	112	0	0	10	4	2630	4294967295	7	1
4233	54	0	113	112	0	0	10	5	2630	4294967295	4	1
4234	54	0	113	112	0	0	10	6	2630	4294967295	2	1
4235	55	0	115	114	0	0	0	0	2682	4294967295	113	1
4236	55	0	115	114	0	0	0	1	2682	4294967295	57	1
4237	55	0	115	114	0	0	0	2	2682	4294967295	29	1
4238	55	0	115	114	0	0	0	3	2682	4294967295	15	1
4239	55	0	115	114	0	0	0	4	2682	4294967295	8	1
4240	55	0	115	114	0	0	0	5	2682	4294967295	4	1
4241	55	0	115	114	0	0	0	6	2682	4294967295	2	1
4242	55	0	115	114	0	0	1	0	2682	4294967295	113	1
4243	55	0	115	114	0	0	1	1	2682	4294967295	57	1
4244	55	0	115	114	0	0	1	2	2682	4294967295	29	1
4245	55	0	115	114	0	0	1	3	2682	4294967295	15	1
4246	55	0	115	114	0	0	1	4	2682	4294967295	8	1
4247	55	0	115	114	0	0	1	5	2682	4294967295	4	1
4248	55	0	115	114	0	0	1	6	2682	4294967295	2	1
4249	55	0	115	114	0	0	2	0	2682	4294967295	113	1
4250	55	0	115	114	0	0	2	1	2682	4294967295	57	1
4251	55	0	115	114	0	0	2	2	2682	4294967295	29	1
4252	55	0	115	114	0	0	2	3	2682	4294967295	15	1
4253	55	0	115	114	0	0	2	4	2682	4294967295	8	1
4254	55	0	115	114	0	0	2	5	2682	4294967295	4	1
4255	55	0	115	114	0	0	2	6	2682	4294967295	2	1
4256	55	0	115	114	0	0	3	0	2682	4294967295	113	1
4257	55	0	115	114	0	0	3	1	2682	4294967295	57	1
4258	55	0	115	114	0	0	3	2	2682	4294967295	29	1
4259	55	0	115	114	0	0	3	3	2682	4294967295	15	1
4260	55	0	115	114	0	0	3	4	2682	4294967295	8	1
4261	55	0	115	114	0	0	3	5	2682	4294967295	4	1
4262	55	0	115	114	0	0	3	6	2682	4294967295	2	1
4263	55	0	115	114	0	0	4	0	2682	4294967295	113	1
4264	55	0	115	114	0	0	4	1	2682	4294967295	57	1
4265	55	0	115	114	0	0	4	2	2682	4294967295	29	1
4266	55	0	115	114	0	0	4	3	2682	4294967295	15	1
4267	55	0	115	114	0	0	4	4	2682	4294967295	8	1
4268	55	0	115	114	0	0	4	5	2682	4294967295	4	1
4269	55	0	115	114	0	0	4	6	2682	4294967295	2	1
4270	55	0	115	114	0	0	5	0	2682	4294967295	113	1
4271	55	0	115	114	0	0	5	1	2682	4294967295	57	1
4272	55	0	115	114	0	0	5	2	2682	4294967295	29	1
4273	55	0	115	114	0	0	5	3	2682	4294967295	15	1
4274	55	0	115	114	0	0	5	4	2682	4294967295	8	1
4275	55	0	115	114	0	0	5	5	2682	4294967295	4	1
4276	55	0	115	114	0	0	5	6	2682	4294967295	2	1
4277	55	0	115	114	0	0	6	0	2682	4294967295	113	1
4278	55	0	115	114	0	0	6	1	2682	4294967295	57	1
4279	55	0	115	114	0	0	6	2	2682	4294967295	29	1
4280	55	0	115	114	0	0	6	3	2682	4294967295	15	1
4281	55	0	115	114	0	0	6	4	2682	4294967295	8	1
4282	55	0	115	114	0	0	6	5	2682	4294967295	4	1
4283	55	0	115	114	0	0	6	6	2682	4294967295	2	1
4284	55	0	115	114	0	0	7	0	2682	4294967295	113	1
4285	55	0	115	114	0	0	7	1	2682	4294967295	57	1
4286	55	0	115	114	0	0	7	2	2682	4294967295	29	1
4287	55	0	115	114	0	0	7	3	2682	4294967295	15	1
4288	55	0	115	114	0	0	7	4	2682	4294967295	8	1
4289	55	0	115	114	0	0	7	5	2682	4294967295	4	1
4290	55	0	115	114	0	0	7	6	2682	4294967295	2	1
4291	55	0	115	114	0	0	8	0	2682	4294967295	113	1
4292	55	0	115	114	0	0	8	1	2682	4294967295	57	1
4293	55	0	115	114	0	0	8	2	2682	4294967295	29	1
4294	55	0	115	114	0	0	8	3	2682	4294967295	15	1
4295	55	0	115	114	0	0	8	4	2682	4294967295	8	1
4296	55	0	115	114	0	0	8	5	2682	4294967295	4	1
4297	55	0	115	114	0	0	8	6	2682	4294967295	2	1
4298	55	0	115	114	0	0	9	0	2682	4294967295	113	1
4299	55	0	115	114	0	0	9	1	2682	4294967295	57	1
4300	55	0	115	114	0	0	9	2	2682	4294967295	29	1
4301	55	0	115	114	0	0	9	3	2682	4294967295	15	1
4302	55	0	115	114	0	0	9	4	2682	4294967295	8	1
4303	55	0	115	114	0	0	9	5	2682	4294967295	4	1
4304	55	0	115	114	0	0	9	6	2682	4294967295	2	1
4305	55	0	115	114	0	0	10	0	2682	4294967295	113	1
4306	55	0	115	114	0	0	10	1	2682	4294967295	57	1
4307	55	0	115	114	0	0	10	2	2682	4294967295	29	1
4308	55	0	115	114	0	0	10	3	2682	4294967295	15	1
4309	55	0	115	114	0	0	10	4	2682	4294967295	8	1
4310	55	0	115	114	0	0	10	5	2682	4294967295	4	1
4311	55	0	115	114	0	0	10	6	2682	4294967295	2	1
4312	56	0	117	116	0	0	0	0	2734	4294967295	115	1
4313	56	0	117	116	0	0	0	1	2734	4294967295	58	1
4314	56	0	117	116	0	0	0	2	2734	4294967295	29	1
4315	56	0	117	116	0	0	0	3	2734	4294967295	15	1
4316	56	0	117	116	0	0	0	4	2734	4294967295	8	1
4317	56	0	117	116	0	0	0	5	2734	4294967295	4	1
4318	56	0	117	116	0	0	0	6	2734	4294967295	2	1
4319	56	0	117	116	0	0	1	0	2734	4294967295	115	1
4320	56	0	117	116	0	0	1	1	2734	4294967295	58	1
4321	56	0	117	116	0	0	1	2	2734	4294967295	29	1
4322	56	0	117	116	0	0	1	3	2734	4294967295	15	1
4323	56	0	117	116	0	0	1	4	2734	4294967295	8	1
4324	56	0	117	116	0	0	1	5	2734	4294967295	4	1
4325	56	0	117	116	0	0	1	6	2734	4294967295	2	1
4326	56	0	117	116	0	0	2	0	2734	4294967295	115	1
4327	56	0	117	116	0	0	2	1	2734	4294967295	58	1
4328	56	0	117	116	0	0	2	2	2734	4294967295	29	1
4329	56	0	117	116	0	0	2	3	2734	4294967295	15	1
4330	56	0	117	116	0	0	2	4	2734	4294967295	8	1
4331	56	0	117	116	0	0	2	5	2734	4294967295	4	1
4332	56	0	117	116	0	0	2	6	2734	4294967295	2	1
4333	56	0	117	116	0	0	3	0	2734	4294967295	115	1
4334	56	0	117	116	0	0	3	1	2734	4294967295	58	1
4335	56	0	117	116	0	0	3	2	2734	4294967295	29	1
4336	56	0	117	116	0	0	3	3	2734	4294967295	15	1
4337	56	0	117	116	0	0	3	4	2734	4294967295	8	1
4338	56	0	117	116	0	0	3	5	2734	4294967295	4	1
4339	56	0	117	116	0	0	3	6	2734	4294967295	2	1
4340	56	0	117	116	0	0	4	0	2734	4294967295	115	1
4341	56	0	117	116	0	0	4	1	2734	4294967295	58	1
4342	56	0	117	116	0	0	4	2	2734	4294967295	29	1
4343	56	0	117	116	0	0	4	3	2734	4294967295	15	1
4344	56	0	117	116	0	0	4	4	2734	4294967295	8	1
4345	56	0	117	116	0	0	4	5	2734	4294967295	4	1
4346	56	0	117	116	0	0	4	6	2734	4294967295	2	1
4347	56	0	117	116	0	0	5	0	2734	4294967295	115	1
4348	56	0	117	116	0	0	5	1	2734	4294967295	58	1
4349	56	0	117	116	0	0	5	2	2734	4294967295	29	1
4350	56	0	117	116	0	0	5	3	2734	4294967295	15	1
4351	56	0	117	116	0	0	5	4	2734	4294967295	8	1
4352	56	0	117	116	0	0	5	5	2734	4294967295	4	1
4353	56	0	117	116	0	0	5	6	2734	4294967295	2	1
4354	56	0	117	116	0	0	6	0	2734	4294967295	115	1
4355	56	0	117	116	0	0	6	1	2734	4294967295	58	1
4356	56	0	117	116	0	0	6	2	2734	4294967295	29	1
4357	56	0	117	116	0	0	6	3	2734	4294967295	15	1
4358	56	0	117	116	0	0	6	4	2734	4294967295	8	1
4359	56	0	117	116	0	0	6	5	2734	4294967295	4	1
4360	56	0	117	116	0	0	6	6	2734	4294967295	2	1
4361	56	0	117	116	0	0	7	0	2734	4294967295	115	1
4362	56	0	117	116	0	0	7	1	2734	4294967295	58	1
4363	56	0	117	116	0	0	7	2	2734	4294967295	29	1
4364	56	0	117	116	0	0	7	3	2734	4294967295	15	1
4365	56	0	117	116	0	0	7	4	2734	4294967295	8	1
4366	56	0	117	116	0	0	7	5	2734	4294967295	4	1
4367	56	0	117	116	0	0	7	6	2734	4294967295	2	1
4368	56	0	117	116	0	0	8	0	2734	4294967295	115	1
4369	56	0	117	116	0	0	8	1	2734	4294967295	58	1
4370	56	0	117	116	0	0	8	2	2734	4294967295	29	1
4371	56	0	117	116	0	0	8	3	2734	4294967295	15	1
4372	56	0	117	116	0	0	8	4	2734	4294967295	8	1
4373	56	0	117	116	0	0	8	5	2734	4294967295	4	1
4374	56	0	117	116	0	0	8	6	2734	4294967295	2	1
4375	56	0	117	116	0	0	9	0	2734	4294967295	115	1
4376	56	0	117	116	0	0	9	1	2734	4294967295	58	1
4377	56	0	117	116	0	0	9	2	2734	4294967295	29	1
4378	56	0	117	116	0	0	9	3	2734	4294967295	15	1
4379	56	0	117	116	0	0	9	4	2734	4294967295	8	1
4380	56	0	117	116	0	0	9	5	2734	4294967295	4	1
4381	56	0	117	116	0	0	9	6	2734	4294967295	2	1
4382	56	0	117	116	0	0	10	0	2734	4294967295	115	1
4383	56	0	117	116	0	0	10	1	2734	4294967295	58	1
4384	56	0	117	116	0	0	10	2	2734	4294967295	29	1
4385	56	0	117	116	0	0	10	3	2734	4294967295	15	1
4386	56	0	117	116	0	0	10	4	2734	4294967295	8	1
4387	56	0	117	116	0	0	10	5	2734	4294967295	4	1
4388	56	0	117	116	0	0	10	6	2734	4294967295	2	1
4389	57	0	119	118	0	0	0	0	2786	4294967295	117	1
4390	57	0	119	118	0	0	0	1	2786	4294967295	59	1
4391	57	0	119	118	0	0	0	2	2786	4294967295	30	1
4392	57	0	119	118	0	0	0	3	2786	4294967295	15	1
4393	57	0	119	118	0	0	0	4	2786	4294967295	8	1
4394	57	0	119	118	0	0	0	5	2786	4294967295	4	1
4395	57	0	119	118	0	0	0	6	2786	4294967295	2	1
4396	57	0	119	118	0	0	1	0	2786	4294967295	117	1
4397	57	0	119	118	0	0	1	1	2786	4294967295	59	1
4398	57	0	119	118	0	0	1	2	2786	4294967295	30	1
4399	57	0	119	118	0	0	1	3	2786	4294967295	15	1
4400	57	0	119	118	0	0	1	4	2786	4294967295	8	1
4401	57	0	119	118	0	0	1	5	2786	4294967295	4	1
4402	57	0	119	118	0	0	1	6	2786	4294967295	2	1
4403	57	0	119	118	0	0	2	0	2786	4294967295	117	1
4404	57	0	119	118	0	0	2	1	2786	4294967295	59	1
4405	57	0	119	118	0	0	2	2	2786	4294967295	30	1
4406	57	0	119	118	0	0	2	3	2786	4294967295	15	1
4407	57	0	119	118	0	0	2	4	2786	4294967295	8	1
4408	57	0	119	118	0	0	2	5	2786	4294967295	4	1
4409	57	0	119	118	0	0	2	6	2786	4294967295	2	1
4410	57	0	119	118	0	0	3	0	2786	4294967295	117	1
4411	57	0	119	118	0	0	3	1	2786	4294967295	59	1
4412	57	0	119	118	0	0	3	2	2786	4294967295	30	1
4413	57	0	119	118	0	0	3	3	2786	4294967295	15	1
4414	57	0	119	118	0	0	3	4	2786	4294967295	8	1
4415	57	0	119	118	0	0	3	5	2786	4294967295	4	1
4416	57	0	119	118	0	0	3	6	2786	4294967295	2	1
4417	57	0	119	118	0	0	4	0	2786	4294967295	117	1
4418	57	0	119	118	0	0	4	1	2786	4294967295	59	1
4419	57	0	119	118	0	0	4	2	2786	4294967295	30	1
4420	57	0	119	118	0	0	4	3	2786	4294967295	15	1
4421	57	0	119	118	0	0	4	4	2786	4294967295	8	1
4422	57	0	119	118	0	0	4	5	2786	4294967295	4	1
4423	57	0	119	118	0	0	4	6	2786	4294967295	2	1
4424	57	0	119	118	0	0	5	0	2786	4294967295	117	1
4425	57	0	119	118	0	0	5	1	2786	4294967295	59	1
4426	57	0	119	118	0	0	5	2	2786	4294967295	30	1
4427	57	0	119	118	0	0	5	3	2786	4294967295	15	1
4428	57	0	119	118	0	0	5	4	2786	4294967295	8	1
4429	57	0	119	118	0	0	5	5	2786	4294967295	4	1
4430	57	0	119	118	0	0	5	6	2786	4294967295	2	1
4431	57	0	119	118	0	0	6	0	2786	4294967295	117	1
4432	57	0	119	118	0	0	6	1	2786	4294967295	59	1
4433	57	0	119	118	0	0	6	2	2786	4294967295	30	1
4434	57	0	119	118	0	0	6	3	2786	4294967295	15	1
4435	57	0	119	118	0	0	6	4	2786	4294967295	8	1
4436	57	0	119	118	0	0	6	5	2786	4294967295	4	1
4437	57	0	119	118	0	0	6	6	2786	4294967295	2	1
4438	57	0	119	118	0	0	7	0	2786	4294967295	117	1
4439	57	0	119	118	0	0	7	1	2786	4294967295	59	1
4440	57	0	119	118	0	0	7	2	2786	4294967295	30	1
4441	57	0	119	118	0	0	7	3	2786	4294967295	15	1
4442	57	0	119	118	0	0	7	4	2786	4294967295	8	1
4443	57	0	119	118	0	0	7	5	2786	4294967295	4	1
4444	57	0	119	118	0	0	7	6	2786	4294967295	2	1
4445	57	0	119	118	0	0	8	0	2786	4294967295	117	1
4446	57	0	119	118	0	0	8	1	2786	4294967295	59	1
4447	57	0	119	118	0	0	8	2	2786	4294967295	30	1
4448	57	0	119	118	0	0	8	3	2786	4294967295	15	1
4449	57	0	119	118	0	0	8	4	2786	4294967295	8	1
4450	57	0	119	118	0	0	8	5	2786	4294967295	4	1
4451	57	0	119	118	0	0	8	6	2786	4294967295	2	1
4452	57	0	119	118	0	0	9	0	2786	4294967295	117	1
4453	57	0	119	118	0	0	9	1	2786	4294967295	59	1
4454	57	0	119	118	0	0	9	2	2786	4294967295	30	1
4455	57	0	119	118	0	0	9	3	2786	4294967295	15	1
4456	57	0	119	118	0	0	9	4	2786	4294967295	8	1
4457	57	0	119	118	0	0	9	5	2786	4294967295	4	1
4458	57	0	119	118	0	0	9	6	2786	4294967295	2	1
4459	57	0	119	118	0	0	10	0	2786	4294967295	117	1
4460	57	0	119	118	0	0	10	1	2786	4294967295	59	1
4461	57	0	119	118	0	0	10	2	2786	4294967295	30	1
4462	57	0	119	118	0	0	10	3	2786	4294967295	15	1
4463	57	0	119	118	0	0	10	4	2786	4294967295	8	1
4464	57	0	119	118	0	0	10	5	2786	4294967295	4	1
4465	57	0	119	118	0	0	10	6	2786	4294967295	2	1
4466	58	0	121	120	0	0	0	0	2838	4294967295	119	1
4467	58	0	121	120	0	0	0	1	2838	4294967295	60	1
4468	58	0	121	120	0	0	0	2	2838	4294967295	30	1
4469	58	0	121	120	0	0	0	3	2838	4294967295	15	1
4470	58	0	121	120	0	0	0	4	2838	4294967295	8	1
4471	58	0	121	120	0	0	0	5	2838	4294967295	4	1
4472	58	0	121	120	0	0	0	6	2838	4294967295	2	1
4473	58	0	121	120	0	0	1	0	2838	4294967295	119	1
4474	58	0	121	120	0	0	1	1	2838	4294967295	60	1
4475	58	0	121	120	0	0	1	2	2838	4294967295	30	1
4476	58	0	121	120	0	0	1	3	2838	4294967295	15	1
4477	58	0	121	120	0	0	1	4	2838	4294967295	8	1
4478	58	0	121	120	0	0	1	5	2838	4294967295	4	1
4479	58	0	121	120	0	0	1	6	2838	4294967295	2	1
4480	58	0	121	120	0	0	2	0	2838	4294967295	119	1
4481	58	0	121	120	0	0	2	1	2838	4294967295	60	1
4482	58	0	121	120	0	0	2	2	2838	4294967295	30	1
4483	58	0	121	120	0	0	2	3	2838	4294967295	15	1
4484	58	0	121	120	0	0	2	4	2838	4294967295	8	1
4485	58	0	121	120	0	0	2	5	2838	4294967295	4	1
4486	58	0	121	120	0	0	2	6	2838	4294967295	2	1
4487	58	0	121	120	0	0	3	0	2838	4294967295	119	1
4488	58	0	121	120	0	0	3	1	2838	4294967295	60	1
4489	58	0	121	120	0	0	3	2	2838	4294967295	30	1
4490	58	0	121	120	0	0	3	3	2838	4294967295	15	1
4491	58	0	121	120	0	0	3	4	2838	4294967295	8	1
4492	58	0	121	120	0	0	3	5	2838	4294967295	4	1
4493	58	0	121	120	0	0	3	6	2838	4294967295	2	1
4494	58	0	121	120	0	0	4	0	2838	4294967295	119	1
4495	58	0	121	120	0	0	4	1	2838	4294967295	60	1
4496	58	0	121	120	0	0	4	2	2838	4294967295	30	1
4497	58	0	121	120	0	0	4	3	2838	4294967295	15	1
4498	58	0	121	120	0	0	4	4	2838	4294967295	8	1
4499	58	0	121	120	0	0	4	5	2838	4294967295	4	1
4500	58	0	121	120	0	0	4	6	2838	4294967295	2	1
4501	58	0	121	120	0	0	5	0	2838	4294967295	119	1
4502	58	0	121	120	0	0	5	1	2838	4294967295	60	1
4503	58	0	121	120	0	0	5	2	2838	4294967295	30	1
4504	58	0	121	120	0	0	5	3	2838	4294967295	15	1
4505	58	0	121	120	0	0	5	4	2838	4294967295	8	1
4506	58	0	121	120	0	0	5	5	2838	4294967295	4	1
4507	58	0	121	120	0	0	5	6	2838	4294967295	2	1
4508	58	0	121	120	0	0	6	0	2838	4294967295	119	1
4509	58	0	121	120	0	0	6	1	2838	4294967295	60	1
4510	58	0	121	120	0	0	6	2	2838	4294967295	30	1
4511	58	0	121	120	0	0	6	3	2838	4294967295	15	1
4512	58	0	121	120	0	0	6	4	2838	4294967295	8	1
4513	58	0	121	120	0	0	6	5	2838	4294967295	4	1
4514	58	0	121	120	0	0	6	6	2838	4294967295	2	1
4515	58	0	121	120	0	0	7	0	2838	4294967295	119	1
4516	58	0	121	120	0	0	7	1	2838	4294967295	60	1
4517	58	0	121	120	0	0	7	2	2838	4294967295	30	1
4518	58	0	121	120	0	0	7	3	2838	4294967295	15	1
4519	58	0	121	120	0	0	7	4	2838	4294967295	8	1
4520	58	0	121	120	0	0	7	5	2838	4294967295	4	1
4521	58	0	121	120	0	0	7	6	2838	4294967295	2	1
4522	58	0	121	120	0	0	8	0	2838	4294967295	119	1
4523	58	0	121	120	0	0	8	1	2838	4294967295	60	1
4524	58	0	121	120	0	0	8	2	2838	4294967295	30	1
4525	58	0	121	120	0	0	8	3	2838	4294967295	15	1
4526	58	0	121	120	0	0	8	4	2838	4294967295	8	1
4527	58	0	121	120	0	0	8	5	2838	4294967295	4	1
4528	58	0	121	120	0	0	8	6	2838	4294967295	2	1
4529	58	0	121	120	0	0	9	0	2838	4294967295	119	1
4530	58	0	121	120	0	0	9	1	2838	4294967295	60	1
4531	58	0	121	120	0	0	9	2	2838	4294967295	30	1
4532	58	0	121	120	0	0	9	3	2838	4294967295	15	1
4533	58	0	121	120	0	0	9	4	2838	4294967295	8	1
4534	58	0	121	120	0	0	9	5	2838	4294967295	4	1
4535	58	0	121	120	0	0	9	6	2838	4294967295	2	1
4536	58	0	121	120	0	0	10	0	2838	4294967295	119	1
4537	58	0	121	120	0	0	10	1	2838	4294967295	60	1
4538	58	0	121	120	0	0	10	2	2838	4294967295	30	1
4539	58	0	121	120	0	0	10	3	2838	4294967295	15	1
4540	58	0	121	120	0	0	10	4	2838	4294967295	8	1
4541	58	0	121	120	0	0	10	5	2838	4294967295	4	1
4542	58	0	121	120	0	0	10	6	2838	4294967295	2	1
4543	59	0	123	122	0	0	0	0	2890	4294967295	121	1
4544	59	0	123	122	0	0	0	1	2890	4294967295	61	1
4545	59	0	123	122	0	0	0	2	2890	4294967295	31	1
4546	59	0	123	122	0	0	0	3	2890	4294967295	16	1
4547	59	0	123	122	0	0	0	4	2890	4294967295	8	1
4548	59	0	123	122	0	0	0	5	2890	4294967295	4	1
4549	59	0	123	122	0	0	0	6	2890	4294967295	2	1
4550	59	0	123	122	0	0	1	0	2890	4294967295	121	1
4551	59	0	123	122	0	0	1	1	2890	4294967295	61	1
4552	59	0	123	122	0	0	1	2	2890	4294967295	31	1
4553	59	0	123	122	0	0	1	3	2890	4294967295	16	1
4554	59	0	123	122	0	0	1	4	2890	4294967295	8	1
4555	59	0	123	122	0	0	1	5	2890	4294967295	4	1
4556	59	0	123	122	0	0	1	6	2890	4294967295	2	1
4557	59	0	123	122	0	0	2	0	2890	4294967295	121	1
4558	59	0	123	122	0	0	2	1	2890	4294967295	61	1
4559	59	0	123	122	0	0	2	2	2890	4294967295	31	1
4560	59	0	123	122	0	0	2	3	2890	4294967295	16	1
4561	59	0	123	122	0	0	2	4	2890	4294967295	8	1
4562	59	0	123	122	0	0	2	5	2890	4294967295	4	1
4563	59	0	123	122	0	0	2	6	2890	4294967295	2	1
4564	59	0	123	122	0	0	3	0	2890	4294967295	121	1
4565	59	0	123	122	0	0	3	1	2890	4294967295	61	1
4566	59	0	123	122	0	0	3	2	2890	4294967295	31	1
4567	59	0	123	122	0	0	3	3	2890	4294967295	16	1
4568	59	0	123	122	0	0	3	4	2890	4294967295	8	1
4569	59	0	123	122	0	0	3	5	2890	4294967295	4	1
4570	59	0	123	122	0	0	3	6	2890	4294967295	2	1
4571	59	0	123	122	0	0	4	0	2890	4294967295	121	1
4572	59	0	123	122	0	0	4	1	2890	4294967295	61	1
4573	59	0	123	122	0	0	4	2	2890	4294967295	31	1
4574	59	0	123	122	0	0	4	3	2890	4294967295	16	1
4575	59	0	123	122	0	0	4	4	2890	4294967295	8	1
4576	59	0	123	122	0	0	4	5	2890	4294967295	4	1
4577	59	0	123	122	0	0	4	6	2890	4294967295	2	1
4578	59	0	123	122	0	0	5	0	2890	4294967295	121	1
4579	59	0	123	122	0	0	5	1	2890	4294967295	61	1
4580	59	0	123	122	0	0	5	2	2890	4294967295	31	1
4581	59	0	123	122	0	0	5	3	2890	4294967295	16	1
4582	59	0	123	122	0	0	5	4	2890	4294967295	8	1
4583	59	0	123	122	0	0	5	5	2890	4294967295	4	1
4584	59	0	123	122	0	0	5	6	2890	4294967295	2	1
4585	59	0	123	122	0	0	6	0	2890	4294967295	121	1
4586	59	0	123	122	0	0	6	1	2890	4294967295	61	1
4587	59	0	123	122	0	0	6	2	2890	4294967295	31	1
4588	59	0	123	122	0	0	6	3	2890	4294967295	16	1
4589	59	0	123	122	0	0	6	4	2890	4294967295	8	1
4590	59	0	123	122	0	0	6	5	2890	4294967295	4	1
4591	59	0	123	122	0	0	6	6	2890	4294967295	2	1
4592	59	0	123	122	0	0	7	0	2890	4294967295	121	1
4593	59	0	123	122	0	0	7	1	2890	4294967295	61	1
4594	59	0	123	122	0	0	7	2	2890	4294967295	31	1
4595	59	0	123	122	0	0	7	3	2890	4294967295	16	1
4596	59	0	123	122	0	0	7	4	2890	4294967295	8	1
4597	59	0	123	122	0	0	7	5	2890	4294967295	4	1
4598	59	0	123	122	0	0	7	6	2890	4294967295	2	1
4599	59	0	123	122	0	0	8	0	2890	4294967295	121	1
4600	59	0	123	122	0	0	8	1	2890	4294967295	61	1
4601	59	0	123	122	0	0	8	2	2890	4294967295	31	1
4602	59	0	123	122	0	0	8	3	2890	4294967295	16	1
4603	59	0	123	122	0	0	8	4	2890	4294967295	8	1
4604	59	0	123	122	0	0	8	5	2890	4294967295	4	1
4605	59	0	123	122	0	0	8	6	2890	4294967295	2	1
4606	59	0	123	122	0	0	9	0	2890	4294967295	121	1
4607	59	0	123	122	0	0	9	1	2890	4294967295	61	1
4608	59	0	123	122	0	0	9	2	2890	4294967295	31	1
4609	59	0	123	122	0	0	9	3	2890	4294967295	16	1
4610	59	0	123	122	0	0	9	4	2890	4294967295	8	1
4611	59	0	123	122	0	0	9	5	2890	4294967295	4	1
4612	59	0	123	122	0	0	9	6	2890	4294967295	2	1
4613	59	0	123	122	0	0	10	0	2890	4294967295	121	1
4614	59	0	123	122	0	0	10	1	2890	4294967295	61	1
4615	59	0	123	122	0	0	10	2	2890	4294967295	31	1
4616	59	0	123	122	0	0	10	3	2890	4294967295	16	1
4617	59	0	123	122	0	0	10	4	2890	4294967295	8	1
4618	59	0	123	122	0	0	10	5	2890	4294967295	4	1
4619	59	0	123	122	0	0	10	6	2890	4294967295	2	1
4620	60	0	125	124	0	0	0	0	2942	4294967295	123	1
4621	60	0	125	124	0	0	0	1	2942	4294967295	62	1
4622	60	0	125	124	0	0	0	2	2942	4294967295	31	1
4623	60	0	125	124	0	0	0	3	2942	4294967295	16	1
4624	60	0	125	124	0	0	0	4	2942	4294967295	8	1
4625	60	0	125	124	0	0	0	5	2942	4294967295	4	1
4626	60	0	125	124	0	0	0	6	2942	4294967295	2	1
4627	60	0	125	124	0	0	1	0	2942	4294967295	123	1
4628	60	0	125	124	0	0	1	1	2942	4294967295	62	1
4629	60	0	125	124	0	0	1	2	2942	4294967295	31	1
4630	60	0	125	124	0	0	1	3	2942	4294967295	16	1
4631	60	0	125	124	0	0	1	4	2942	4294967295	8	1
4632	60	0	125	124	0	0	1	5	2942	4294967295	4	1
4633	60	0	125	124	0	0	1	6	2942	4294967295	2	1
4634	60	0	125	124	0	0	2	0	2942	4294967295	123	1
4635	60	0	125	124	0	0	2	1	2942	4294967295	62	1
4636	60	0	125	124	0	0	2	2	2942	4294967295	31	1
4637	60	0	125	124	0	0	2	3	2942	4294967295	16	1
4638	60	0	125	124	0	0	2	4	2942	4294967295	8	1
4639	60	0	125	124	0	0	2	5	2942	4294967295	4	1
4640	60	0	125	124	0	0	2	6	2942	4294967295	2	1
4641	60	0	125	124	0	0	3	0	2942	4294967295	123	1
4642	60	0	125	124	0	0	3	1	2942	4294967295	62	1
4643	60	0	125	124	0	0	3	2	2942	4294967295	31	1
4644	60	0	125	124	0	0	3	3	2942	4294967295	16	1
4645	60	0	125	124	0	0	3	4	2942	4294967295	8	1
4646	60	0	125	124	0	0	3	5	2942	4294967295	4	1
4647	60	0	125	124	0	0	3	6	2942	4294967295	2	1
4648	60	0	125	124	0	0	4	0	2942	4294967295	123	1
4649	60	0	125	124	0	0	4	1	2942	4294967295	62	1
4650	60	0	125	124	0	0	4	2	2942	4294967295	31	1
4651	60	0	125	124	0	0	4	3	2942	4294967295	16	1
4652	60	0	125	124	0	0	4	4	2942	4294967295	8	1
4653	60	0	125	124	0	0	4	5	2942	4294967295	4	1
4654	60	0	125	124	0	0	4	6	2942	4294967295	2	1
4655	60	0	125	124	0	0	5	0	2942	4294967295	123	1
4656	60	0	125	124	0	0	5	1	2942	4294967295	62	1
4657	60	0	125	124	0	0	5	2	2942	4294967295	31	1
4658	60	0	125	124	0	0	5	3	2942	4294967295	16	1
4659	60	0	125	124	0	0	5	4	2942	4294967295	8	1
4660	60	0	125	124	0	0	5	5	2942	4294967295	4	1
4661	60	0	125	124	0	0	5	6	2942	4294967295	2	1
4662	60	0	125	124	0	0	6	0	2942	4294967295	123	1
4663	60	0	125	124	0	0	6	1	2942	4294967295	62	1
4664	60	0	125	124	0	0	6	2	2942	4294967295	31	1
4665	60	0	125	124	0	0	6	3	2942	4294967295	16	1
4666	60	0	125	124	0	0	6	4	2942	4294967295	8	1
4667	60	0	125	124	0	0	6	5	2942	4294967295	4	1
4668	60	0	125	124	0	0	6	6	2942	4294967295	2	1
4669	60	0	125	124	0	0	7	0	2942	4294967295	123	1
4670	60	0	125	124	0	0	7	1	2942	4294967295	62	1
4671	60	0	125	124	0	0	7	2	2942	4294967295	31	1
4672	60	0	125	124	0	0	7	3	2942	4294967295	16	1
4673	60	0	125	124	0	0	7	4	2942	4294967295	8	1
4674	60	0	125	124	0	0	7	5	2942	4294967295	4	1
4675	60	0	125	124	0	0	7	6	2942	4294967295	2	1
4676	60	0	125	124	0	0	8	0	2942	4294967295	123	1
4677	60	0	125	124	0	0	8	1	2942	4294967295	62	1
4678	60	0	125	124	0	0	8	2	2942	4294967295	31	1
4679	60	0	125	124	0	0	8	3	2942	4294967295	16	1
4680	60	0	125	124	0	0	8	4	2942	4294967295	8	1
4681	60	0	125	124	0	0	8	5	2942	4294967295	4	1
4682	60	0	125	124	0	0	8	6	2942	4294967295	2	1
4683	60	0	125	124	0	0	9	0	2942	4294967295	123	1
4684	60	0	125	124	0	0	9	1	2942	4294967295	62	1
4685	60	0	125	124	0	0	9	2	2942	4294967295	31	1
4686	60	0	125	124	0	0	9	3	2942	4294967295	16	1
4687	60	0	125	124	0	0	9	4	2942	4294967295	8	1
4688	60	0	125	124	0	0	9	5	2942	4294967295	4	1
4689	60	0	125	124	0	0	9	6	2942	4294967295	2	1
4690	60	0	125	124	0	0	10	0	2942	4294967295	123	1
4691	60	0	125	124	0	0	10	1	2942	4294967295	62	1
4692	60	0	125	124	0	0	10	2	2942	4294967295	31	1
4693	60	0	125	124	0	0	10	3	2942	4294967295	16	1
4694	60	0	125	124	0	0	10	4	2942	4294967295	8	1
4695	60	0	125	124	0	0	10	5	2942	4294967295	4	1
4696	60	0	125	124	0	0	10	6	2942	4294967295	2	1
4697	61	0	127	126	0	0	0	0	2994	4294967295	125	1
4698	61	0	127	126	0	0	0	1	2994	4294967295	63	1
4699	61	0	127	126	0	0	0	2	2994	4294967295	32	1
4700	61	0	127	126	0	0	0	3	2994	4294967295	16	1
4701	61	0	127	126	0	0	0	4	2994	4294967295	8	1
4702	61	0	127	126	0	0	0	5	2994	4294967295	4	1
4703	61	0	127	126	0	0	0	6	2994	4294967295	2	1
4704	61	0	127	126	0	0	1	0	2994	4294967295	125	1
4705	61	0	127	126	0	0	1	1	2994	4294967295	63	1
4706	61	0	127	126	0	0	1	2	2994	4294967295	32	1
4707	61	0	127	126	0	0	1	3	2994	4294967295	16	1
4708	61	0	127	126	0	0	1	4	2994	4294967295	8	1
4709	61	0	127	126	0	0	1	5	2994	4294967295	4	1
4710	61	0	127	126	0	0	1	6	2994	4294967295	2	1
4711	61	0	127	126	0	0	2	0	2994	4294967295	125	1
4712	61	0	127	126	0	0	2	1	2994	4294967295	63	1
4713	61	0	127	126	0	0	2	2	2994	4294967295	32	1
4714	61	0	127	126	0	0	2	3	2994	4294967295	16	1
4715	61	0	127	126	0	0	2	4	2994	4294967295	8	1
4716	61	0	127	126	0	0	2	5	2994	4294967295	4	1
4717	61	0	127	126	0	0	2	6	2994	4294967295	2	1
4718	61	0	127	126	0	0	3	0	2994	4294967295	125	1
4719	61	0	127	126	0	0	3	1	2994	4294967295	63	1
4720	61	0	127	126	0	0	3	2	2994	4294967295	32	1
4721	61	0	127	126	0	0	3	3	2994	4294967295	16	1
4722	61	0	127	126	0	0	3	4	2994	4294967295	8	1
4723	61	0	127	126	0	0	3	5	2994	4294967295	4	1
4724	61	0	127	126	0	0	3	6	2994	4294967295	2	1
4725	61	0	127	126	0	0	4	0	2994	4294967295	125	1
4726	61	0	127	126	0	0	4	1	2994	4294967295	63	1
4727	61	0	127	126	0	0	4	2	2994	4294967295	32	1
4728	61	0	127	126	0	0	4	3	2994	4294967295	16	1
4729	61	0	127	126	0	0	4	4	2994	4294967295	8	1
4730	61	0	127	126	0	0	4	5	2994	4294967295	4	1
4731	61	0	127	126	0	0	4	6	2994	4294967295	2	1
4732	61	0	127	126	0	0	5	0	2994	4294967295	125	1
4733	61	0	127	126	0	0	5	1	2994	4294967295	63	1
4734	61	0	127	126	0	0	5	2	2994	4294967295	32	1
4735	61	0	127	126	0	0	5	3	2994	4294967295	16	1
4736	61	0	127	126	0	0	5	4	2994	4294967295	8	1
4737	61	0	127	126	0	0	5	5	2994	4294967295	4	1
4738	61	0	127	126	0	0	5	6	2994	4294967295	2	1
4739	61	0	127	126	0	0	6	0	2994	4294967295	125	1
4740	61	0	127	126	0	0	6	1	2994	4294967295	63	1
4741	61	0	127	126	0	0	6	2	2994	4294967295	32	1
4742	61	0	127	126	0	0	6	3	2994	4294967295	16	1
4743	61	0	127	126	0	0	6	4	2994	4294967295	8	1
4744	61	0	127	126	0	0	6	5	2994	4294967295	4	1
4745	61	0	127	126	0	0	6	6	2994	4294967295	2	1
4746	61	0	127	126	0	0	7	0	2994	4294967295	125	1
4747	61	0	127	126	0	0	7	1	2994	4294967295	63	1
4748	61	0	127	126	0	0	7	2	2994	4294967295	32	1
4749	61	0	127	126	0	0	7	3	2994	4294967295	16	1
4750	61	0	127	126	0	0	7	4	2994	4294967295	8	1
4751	61	0	127	126	0	0	7	5	2994	4294967295	4	1
4752	61	0	127	126	0	0	7	6	2994	4294967295	2	1
4753	61	0	127	126	0	0	8	0	2994	4294967295	125	1
4754	61	0	127	126	0	0	8	1	2994	4294967295	63	1
4755	61	0	127	126	0	0	8	2	2994	4294967295	32	1
4756	61	0	127	126	0	0	8	3	2994	4294967295	16	1
4757	61	0	127	126	0	0	8	4	2994	4294967295	8	1
4758	61	0	127	126	0	0	8	5	2994	4294967295	4	1
4759	61	0	127	126	0	0	8	6	2994	4294967295	2	1
4760	61	0	127	126	0	0	9	0	2994	4294967295	125	1
4761	61	0	127	126	0	0	9	1	2994	4294967295	63	1
4762	61	0	127	126	0	0	9	2	2994	4294967295	32	1
4763	61	0	127	126	0	0	9	3	2994	4294967295	16	1
4764	61	0	127	126	0	0	9	4	2994	4294967295	8	1
4765	61	0	127	126	0	0	9	5	2994	4294967295	4	1
4766	61	0	127	126	0	0	9	6	2994	4294967295	2	1
4767	61	0	127	126	0	0	10	0	2994	4294967295	125	1
4768	61	0	127	126	0	0	10	1	2994	4294967295	63	1
4769	61	0	127	126	0	0	10	2	2994	4294967295	32	1
4770	61	0	127	126	0	0	10	3	2994	4294967295	16	1
4771	61	0	127	126	0	0	10	4	2994	4294967295	8	1
4772	61	0	127	126	0	0	10	5	2994	4294967295	4	1
4773	61	0	127	126	0	0	10	6	2994	4294967295	2	1
4774	62	0	129	128	0	0	0	0	3046	4294967295	127	1
4775	62	0	129	128	0	0	0	1	3046	4294967295	64	1
4776	62	0	129	128	0	0	0	2	3046	4294967295	32	1
4777	62	0	129	128	0	0	0	3	3046	4294967295	16	1
4778	62	0	129	128	0	0	0	4	3046	4294967295	8	1
4779	62	0	129	128	0	0	0	5	3046	4294967295	4	1
4780	62	0	129	128	0	0	0	6	3046	4294967295	2	1
4781	62	0	129	128	0	0	1	0	3046	4294967295	127	1
4782	62	0	129	128	0	0	1	1	3046	4294967295	64	1
4783	62	0	129	128	0	0	1	2	3046	4294967295	32	1
4784	62	0	129	128	0	0	1	3	3046	4294967295	16	1
4785	62	0	129	128	0	0	1	4	3046	4294967295	8	1
4786	62	0	129	128	0	0	1	5	3046	4294967295	4	1
4787	62	0	129	128	0	0	1	6	3046	4294967295	2	1
4788	62	0	129	128	0	0	2	0	3046	4294967295	127	1
4789	62	0	129	128	0	0	2	1	3046	4294967295	64	1
4790	62	0	129	128	0	0	2	2	3046	4294967295	32	1
4791	62	0	129	128	0	0	2	3	3046	4294967295	16	1
4792	62	0	129	128	0	0	2	4	3046	4294967295	8	1
4793	62	0	129	128	0	0	2	5	3046	4294967295	4	1
4794	62	0	129	128	0	0	2	6	3046	4294967295	2	1
4795	62	0	129	128	0	0	3	0	3046	4294967295	127	1
4796	62	0	129	128	0	0	3	1	3046	4294967295	64	1
4797	62	0	129	128	0	0	3	2	3046	4294967295	32	1
4798	62	0	129	128	0	0	3	3	3046	4294967295	16	1
4799	62	0	129	128	0	0	3	4	3046	4294967295	8	1
4800	62	0	129	128	0	0	3	5	3046	4294967295	4	1
4801	62	0	129	128	0	0	3	6	3046	4294967295	2	1
4802	62	0	129	128	0	0	4	0	3046	4294967295	127	1
4803	62	0	129	128	0	0	4	1	3046	4294967295	64	1
4804	62	0	129	128	0	0	4	2	3046	4294967295	32	1
4805	62	0	129	128	0	0	4	3	3046	4294967295	16	1
4806	62	0	129	128	0	0	4	4	3046	4294967295	8	1
4807	62	0	129	128	0	0	4	5	3046	4294967295	4	1
4808	62	0	129	128	0	0	4	6	3046	4294967295	2	1
4809	62	0	129	128	0	0	5	0	3046	4294967295	127	1
4810	62	0	129	128	0	0	5	1	3046	4294967295	64	1
4811	62	0	129	128	0	0	5	2	3046	4294967295	32	1
4812	62	0	129	128	0	0	5	3	3046	4294967295	16	1
4813	62	0	129	128	0	0	5	4	3046	4294967295	8	1
4814	62	0	129	128	0	0	5	5	3046	4294967295	4	1
4815	62	0	129	128	0	0	5	6	3046	4294967295	2	1
4816	62	0	129	128	0	0	6	0	3046	4294967295	127	1
4817	62	0	129	128	0	0	6	1	3046	4294967295	64	1
4818	62	0	129	128	0	0	6	2	3046	4294967295	32	1
4819	62	0	129	128	0	0	6	3	3046	4294967295	16	1
4820	62	0	129	128	0	0	6	4	3046	4294967295	8	1
4821	62	0	129	128	0	0	6	5	3046	4294967295	4	1
4822	62	0	129	128	0	0	6	6	3046	4294967295	2	1
4823	62	0	129	128	0	0	7	0	3046	4294967295	127	1
4824	62	0	129	128	0	0	7	1	3046	4294967295	64	1
4825	62	0	129	128	0	0	7	2	3046	4294967295	32	1
4826	62	0	129	128	0	0	7	3	3046	4294967295	16	1
4827	62	0	129	128	0	0	7	4	3046	4294967295	8	1
4828	62	0	129	128	0	0	7	5	3046	4294967295	4	1
4829	62	0	129	128	0	0	7	6	3046	4294967295	2	1
4830	62	0	129	128	0	0	8	0	3046	4294967295	127	1
4831	62	0	129	128	0	0	8	1	3046	4294967295	64	1
4832	62	0	129	128	0	0	8	2	3046	4294967295	32	1
4833	62	0	129	128	0	0	8	3	3046	4294967295	16	1
4834	62	0	129	128	0	0	8	4	3046	4294967295	8	1
4835	62	0	129	128	0	0	8	5	3046	4294967295	4	1
4836	62	0	129	128	0	0	8	6	3046	4294967295	2	1
4837	62	0	129	128	0	0	9	0	3046	4294967295	127	1
4838	62	0	129	128	0	0	9	1	3046	4294967295	64	1
4839	62	0	129	128	0	0	9	2	3046	4294967295	32	1
4840	62	0	129	128	0	0	9	3	3046	4294967295	16	1
4841	62	0	129	128	0	0	9	4	3046	4294967295	8	1
4842	62	0	129	128	0	0	9	5	3046	4294967295	4	1
4843	62	0	129	128	0	0	9	6	3046	4294967295	2	1
4844	62	0	129	128	0	0	10	0	3046	4294967295	127	1
4845	62	0	129	128	0	0	10	1	3046	4294967295	64	1
4846	62	0	129	128	0	0	10	2	3046	4294967295	32	1
4847	62	0	129	128	0	0	10	3	3046	4294967295	16	1
4848	62	0	129	128	0	0	10	4	3046	4294967295	8	1
4849	62	0	129	128	0	0	10	5	3046	4294967295	4	1
4850	62	0	129	128	0	0	10	6	3046	4294967295	2	1
4851	63	0	131	130	0	0	0	0	3086	4294967295	129	1
4852	63	0	131	130	0	0	0	1	3086	4294967295	65	1
4853	63	0	131	130	0	0	0	2	3086	4294967295	33	1
4854	63	0	131	130	0	0	0	3	3086	4294967295	17	1
4855	63	0	131	130	0	0	0	4	3086	4294967295	9	1
4856	63	0	131	130	0	0	0	5	3086	4294967295	5	1
4857	63	0	131	130	0	0	0	6	3086	4294967295	3	1
4858	63	0	131	130	0	0	1	0	3086	4294967295	129	1
4859	63	0	131	130	0	0	1	1	3086	4294967295	65	1
4860	63	0	131	130	0	0	1	2	3086	4294967295	33	1
4861	63	0	131	130	0	0	1	3	3086	4294967295	17	1
4862	63	0	131	130	0	0	1	4	3086	4294967295	9	1
4863	63	0	131	130	0	0	1	5	3086	4294967295	5	1
4864	63	0	131	130	0	0	1	6	3086	4294967295	3	1
4865	63	0	131	130	0	0	2	0	3086	4294967295	129	1
4866	63	0	131	130	0	0	2	1	3086	4294967295	65	1
4867	63	0	131	130	0	0	2	2	3086	4294967295	33	1
4868	63	0	131	130	0	0	2	3	3086	4294967295	17	1
4869	63	0	131	130	0	0	2	4	3086	4294967295	9	1
4870	63	0	131	130	0	0	2	5	3086	4294967295	5	1
4871	63	0	131	130	0	0	2	6	3086	4294967295	3	1
4872	63	0	131	130	0	0	3	0	3086	4294967295	129	1
4873	63	0	131	130	0	0	3	1	3086	4294967295	65	1
4874	63	0	131	130	0	0	3	2	3086	4294967295	33	1
4875	63	0	131	130	0	0	3	3	3086	4294967295	17	1
4876	63	0	131	130	0	0	3	4	3086	4294967295	9	1
4877	63	0	131	130	0	0	3	5	3086	4294967295	5	1
4878	63	0	131	130	0	0	3	6	3086	4294967295	3	1
4879	63	0	131	130	0	0	4	0	3086	4294967295	129	1
4880	63	0	131	130	0	0	4	1	3086	4294967295	65	1
4881	63	0	131	130	0	0	4	2	3086	4294967295	33	1
4882	63	0	131	130	0	0	4	3	3086	4294967295	17	1
4883	63	0	131	130	0	0	4	4	3086	4294967295	9	1
4884	63	0	131	130	0	0	4	5	3086	4294967295	5	1
4885	63	0	131	130	0	0	4	6	3086	4294967295	3	1
4886	63	0	131	130	0	0	5	0	3086	4294967295	129	1
4887	63	0	131	130	0	0	5	1	3086	4294967295	65	1
4888	63	0	131	130	0	0	5	2	3086	4294967295	33	1
4889	63	0	131	130	0	0	5	3	3086	4294967295	17	1
4890	63	0	131	130	0	0	5	4	3086	4294967295	9	1
4891	63	0	131	130	0	0	5	5	3086	4294967295	5	1
4892	63	0	131	130	0	0	5	6	3086	4294967295	3	1
4893	63	0	131	130	0	0	6	0	3086	4294967295	129	1
4894	63	0	131	130	0	0	6	1	3086	4294967295	65	1
4895	63	0	131	130	0	0	6	2	3086	4294967295	33	1
4896	63	0	131	130	0	0	6	3	3086	4294967295	17	1
4897	63	0	131	130	0	0	6	4	3086	4294967295	9	1
4898	63	0	131	130	0	0	6	5	3086	4294967295	5	1
4899	63	0	131	130	0	0	6	6	3086	4294967295	3	1
4900	63	0	131	130	0	0	7	0	3086	4294967295	129	1
4901	63	0	131	130	0	0	7	1	3086	4294967295	65	1
4902	63	0	131	130	0	0	7	2	3086	4294967295	33	1
4903	63	0	131	130	0	0	7	3	3086	4294967295	17	1
4904	63	0	131	130	0	0	7	4	3086	4294967295	9	1
4905	63	0	131	130	0	0	7	5	3086	4294967295	5	1
4906	63	0	131	130	0	0	7	6	3086	4294967295	3	1
4907	63	0	131	130	0	0	8	0	3086	4294967295	129	1
4908	63	0	131	130	0	0	8	1	3086	4294967295	65	1
4909	63	0	131	130	0	0	8	2	3086	4294967295	33	1
4910	63	0	131	130	0	0	8	3	3086	4294967295	17	1
4911	63	0	131	130	0	0	8	4	3086	4294967295	9	1
4912	63	0	131	130	0	0	8	5	3086	4294967295	5	1
4913	63	0	131	130	0	0	8	6	3086	4294967295	3	1
4914	63	0	131	130	0	0	9	0	3086	4294967295	129	1
4915	63	0	131	130	0	0	9	1	3086	4294967295	65	1
4916	63	0	131	130	0	0	9	2	3086	4294967295	33	1
4917	63	0	131	130	0	0	9	3	3086	4294967295	17	1
4918	63	0	131	130	0	0	9	4	3086	4294967295	9	1
4919	63	0	131	130	0	0	9	5	3086	4294967295	5	1
4920	63	0	131	130	0	0	9	6	3086	4294967295	3	1
4921	63	0	131	130	0	0	10	0	3086	4294967295	129	1
4922	63	0	131	130	0	0	10	1	3086	4294967295	65	1
4923	63	0	131	130	0	0	10	2	3086	4294967295	33	1
4924	63	0	131	130	0	0	10	3	3086	4294967295	17	1
4925	63	0	131	130	0	0	10	4	3086	4294967295	9	1
4926	63	0	131	130	0	0	10	5	3086	4294967295	5	1
4927	63	0	131	130	0	0	10	6	3086	4294967295	3	1
4928	64	0	133	132	0	0	0	0	3126	4294967295	131	1
4929	64	0	133	132	0	0	0	1	3126	4294967295	66	1
4930	64	0	133	132	0	0	0	2	3126	4294967295	33	1
4931	64	0	133	132	0	0	0	3	3126	4294967295	17	1
4932	64	0	133	132	0	0	0	4	3126	4294967295	9	1
4933	64	0	133	132	0	0	0	5	3126	4294967295	5	1
4934	64	0	133	132	0	0	0	6	3126	4294967295	3	1
4935	64	0	133	132	0	0	1	0	3126	4294967295	131	1
4936	64	0	133	132	0	0	1	1	3126	4294967295	66	1
4937	64	0	133	132	0	0	1	2	3126	4294967295	33	1
4938	64	0	133	132	0	0	1	3	3126	4294967295	17	1
4939	64	0	133	132	0	0	1	4	3126	4294967295	9	1
4940	64	0	133	132	0	0	1	5	3126	4294967295	5	1
4941	64	0	133	132	0	0	1	6	3126	4294967295	3	1
4942	64	0	133	132	0	0	2	0	3126	4294967295	131	1
4943	64	0	133	132	0	0	2	1	3126	4294967295	66	1
4944	64	0	133	132	0	0	2	2	3126	4294967295	33	1
4945	64	0	133	132	0	0	2	3	3126	4294967295	17	1
4946	64	0	133	132	0	0	2	4	3126	4294967295	9	1
4947	64	0	133	132	0	0	2	5	3126	4294967295	5	1
4948	64	0	133	132	0	0	2	6	3126	4294967295	3	1
4949	64	0	133	132	0	0	3	0	3126	4294967295	131	1
4950	64	0	133	132	0	0	3	1	3126	4294967295	66	1
4951	64	0	133	132	0	0	3	2	3126	4294967295	33	1
4952	64	0	133	132	0	0	3	3	3126	4294967295	17	1
4953	64	0	133	132	0	0	3	4	3126	4294967295	9	1
4954	64	0	133	132	0	0	3	5	3126	4294967295	5	1
4955	64	0	133	132	0	0	3	6	3126	4294967295	3	1
4956	64	0	133	132	0	0	4	0	3126	4294967295	131	1
4957	64	0	133	132	0	0	4	1	3126	4294967295	66	1
4958	64	0	133	132	0	0	4	2	3126	4294967295	33	1
4959	64	0	133	132	0	0	4	3	3126	4294967295	17	1
4960	64	0	133	132	0	0	4	4	3126	4294967295	9	1
4961	64	0	133	132	0	0	4	5	3126	4294967295	5	1
4962	64	0	133	132	0	0	4	6	3126	4294967295	3	1
4963	64	0	133	132	0	0	5	0	3126	4294967295	131	1
4964	64	0	133	132	0	0	5	1	3126	4294967295	66	1
4965	64	0	133	132	0	0	5	2	3126	4294967295	33	1
4966	64	0	133	132	0	0	5	3	3126	4294967295	17	1
4967	64	0	133	132	0	0	5	4	3126	4294967295	9	1
4968	64	0	133	132	0	0	5	5	3126	4294967295	5	1
4969	64	0	133	132	0	0	5	6	3126	4294967295	3	1
4970	64	0	133	132	0	0	6	0	3126	4294967295	131	1
4971	64	0	133	132	0	0	6	1	3126	4294967295	66	1
4972	64	0	133	132	0	0	6	2	3126	4294967295	33	1
4973	64	0	133	132	0	0	6	3	3126	4294967295	17	1
4974	64	0	133	132	0	0	6	4	3126	4294967295	9	1
4975	64	0	133	132	0	0	6	5	3126	4294967295	5	1
4976	64	0	133	132	0	0	6	6	3126	4294967295	3	1
4977	64	0	133	132	0	0	7	0	3126	4294967295	131	1
4978	64	0	133	132	0	0	7	1	3126	4294967295	66	1
4979	64	0	133	132	0	0	7	2	3126	4294967295	33	1
4980	64	0	133	132	0	0	7	3	3126	4294967295	17	1
4981	64	0	133	132	0	0	7	4	3126	4294967295	9	1
4982	64	0	133	132	0	0	7	5	3126	4294967295	5	1
4983	64	0	133	132	0	0	7	6	3126	4294967295	3	1
4984	64	0	133	132	0	0	8	0	3126	4294967295	131	1
4985	64	0	133	132	0	0	8	1	3126	4294967295	66	1
4986	64	0	133	132	0	0	8	2	3126	4294967295	33	1
4987	64	0	133	132	0	0	8	3	3126	4294967295	17	1
4988	64	0	133	132	0	0	8	4	3126	4294967295	9	1
4989	64	0	133	132	0	0	8	5	3126	4294967295	5	1
4990	64	0	133	132	0	0	8	6	3126	4294967295	3	1
4991	64	0	133	132	0	0	9	0	3126	4294967295	131	1
4992	64	0	133	132	0	0	9	1	3126	4294967295	66	1
4993	64	0	133	132	0	0	9	2	3126	4294967295	33	1
4994	64	0	133	132	0	0	9	3	3126	4294967295	17	1
4995	64	0	133	132	0	0	9	4	3126	4294967295	9	1
4996	64	0	133	132	0	0	9	5	3126	4294967295	5	1
4997	64	0	133	132	0	0	9	6	3126	4294967295	3	1
4998	64	0	133	132	0	0	10	0	3126	4294967295	131	1
4999	64	0	133	132	0	0	10	1	3126	4294967295	66	1
5000	64	0	133	132	0	0	10	2	3126	4294967295	33	1
5001	64	0	133	132	0	0	10	3	3126	4294967295	17	1
5002	64	0	133	132	0	0	10	4	3126	4294967295	9	1
5003	64	0	133	132	0	0	10	5	3126	4294967295	5	1
5004	64	0	133	132	0	0	10	6	3126	4294967295	3	1
5005	65	0	135	134	0	0	0	0	3162	4294967295	133	1
5006	65	0	135	134	0	0	0	1	3162	4294967295	67	1
5007	65	0	135	134	0	0	0	2	3162	4294967295	34	1
5008	65	0	135	134	0	0	0	3	3162	4294967295	17	1
5009	65	0	135	134	0	0	0	4	3162	4294967295	9	1
5010	65	0	135	134	0	0	0	5	3162	4294967295	5	1
5011	65	0	135	134	0	0	0	6	3162	4294967295	3	1
5012	65	0	135	134	0	0	1	0	3162	4294967295	133	1
5013	65	0	135	134	0	0	1	1	3162	4294967295	67	1
5014	65	0	135	134	0	0	1	2	3162	4294967295	34	1
5015	65	0	135	134	0	0	1	3	3162	4294967295	17	1
5016	65	0	135	134	0	0	1	4	3162	4294967295	9	1
5017	65	0	135	134	0	0	1	5	3162	4294967295	5	1
5018	65	0	135	134	0	0	1	6	3162	4294967295	3	1
5019	65	0	135	134	0	0	2	0	3162	4294967295	133	1
5020	65	0	135	134	0	0	2	1	3162	4294967295	67	1
5021	65	0	135	134	0	0	2	2	3162	4294967295	34	1
5022	65	0	135	134	0	0	2	3	3162	4294967295	17	1
5023	65	0	135	134	0	0	2	4	3162	4294967295	9	1
5024	65	0	135	134	0	0	2	5	3162	4294967295	5	1
5025	65	0	135	134	0	0	2	6	3162	4294967295	3	1
5026	65	0	135	134	0	0	3	0	3162	4294967295	133	1
5027	65	0	135	134	0	0	3	1	3162	4294967295	67	1
5028	65	0	135	134	0	0	3	2	3162	4294967295	34	1
5029	65	0	135	134	0	0	3	3	3162	4294967295	17	1
5030	65	0	135	134	0	0	3	4	3162	4294967295	9	1
5031	65	0	135	134	0	0	3	5	3162	4294967295	5	1
5032	65	0	135	134	0	0	3	6	3162	4294967295	3	1
5033	65	0	135	134	0	0	4	0	3162	4294967295	133	1
5034	65	0	135	134	0	0	4	1	3162	4294967295	67	1
5035	65	0	135	134	0	0	4	2	3162	4294967295	34	1
5036	65	0	135	134	0	0	4	3	3162	4294967295	17	1
5037	65	0	135	134	0	0	4	4	3162	4294967295	9	1
5038	65	0	135	134	0	0	4	5	3162	4294967295	5	1
5039	65	0	135	134	0	0	4	6	3162	4294967295	3	1
5040	65	0	135	134	0	0	5	0	3162	4294967295	133	1
5041	65	0	135	134	0	0	5	1	3162	4294967295	67	1
5042	65	0	135	134	0	0	5	2	3162	4294967295	34	1
5043	65	0	135	134	0	0	5	3	3162	4294967295	17	1
5044	65	0	135	134	0	0	5	4	3162	4294967295	9	1
5045	65	0	135	134	0	0	5	5	3162	4294967295	5	1
5046	65	0	135	134	0	0	5	6	3162	4294967295	3	1
5047	65	0	135	134	0	0	6	0	3162	4294967295	133	1
5048	65	0	135	134	0	0	6	1	3162	4294967295	67	1
5049	65	0	135	134	0	0	6	2	3162	4294967295	34	1
5050	65	0	135	134	0	0	6	3	3162	4294967295	17	1
5051	65	0	135	134	0	0	6	4	3162	4294967295	9	1
5052	65	0	135	134	0	0	6	5	3162	4294967295	5	1
5053	65	0	135	134	0	0	6	6	3162	4294967295	3	1
5054	65	0	135	134	0	0	7	0	3162	4294967295	133	1
5055	65	0	135	134	0	0	7	1	3162	4294967295	67	1
5056	65	0	135	134	0	0	7	2	3162	4294967295	34	1
5057	65	0	135	134	0	0	7	3	3162	4294967295	17	1
5058	65	0	135	134	0	0	7	4	3162	4294967295	9	1
5059	65	0	135	134	0	0	7	5	3162	4294967295	5	1
5060	65	0	135	134	0	0	7	6	3162	4294967295	3	1
5061	65	0	135	134	0	0	8	0	3162	4294967295	133	1
5062	65	0	135	134	0	0	8	1	3162	4294967295	67	1
5063	65	0	135	134	0	0	8	2	3162	4294967295	34	1
5064	65	0	135	134	0	0	8	3	3162	4294967295	17	1
5065	65	0	135	134	0	0	8	4	3162	4294967295	9	1
5066	65	0	135	134	0	0	8	5	3162	4294967295	5	1
5067	65	0	135	134	0	0	8	6	3162	4294967295	3	1
5068	65	0	135	134	0	0	9	0	3162	4294967295	133	1
5069	65	0	135	134	0	0	9	1	3162	4294967295	67	1
5070	65	0	135	134	0	0	9	2	3162	4294967295	34	1
5071	65	0	135	134	0	0	9	3	3162	4294967295	17	1
5072	65	0	135	134	0	0	9	4	3162	4294967295	9	1
5073	65	0	135	134	0	0	9	5	3162	4294967295	5	1
5074	65	0	135	134	0	0	9	6	3162	4294967295	3	1
5075	65	0	135	134	0	0	10	0	3162	4294967295	133	1
5076	65	0	135	134	0	0	10	1	3162	4294967295	67	1
5077	65	0	135	134	0	0	10	2	3162	4294967295	34	1
5078	65	0	135	134	0	0	10	3	3162	4294967295	17	1
5079	65	0	135	134	0	0	10	4	3162	4294967295	9	1
5080	65	0	135	134	0	0	10	5	3162	4294967295	5	1
5081	65	0	135	134	0	0	10	6	3162	4294967295	3	1
5082	66	0	137	136	0	0	0	0	3226	4294967295	135	1
5083	66	0	137	136	0	0	0	1	3226	4294967295	68	1
5084	66	0	137	136	0	0	0	2	3226	4294967295	34	1
5085	66	0	137	136	0	0	0	3	3226	4294967295	17	1
5086	66	0	137	136	0	0	0	4	3226	4294967295	9	1
5087	66	0	137	136	0	0	0	5	3226	4294967295	5	1
5088	66	0	137	136	0	0	0	6	3226	4294967295	3	1
5089	66	0	137	136	0	0	1	0	3226	4294967295	135	1
5090	66	0	137	136	0	0	1	1	3226	4294967295	68	1
5091	66	0	137	136	0	0	1	2	3226	4294967295	34	1
5092	66	0	137	136	0	0	1	3	3226	4294967295	17	1
5093	66	0	137	136	0	0	1	4	3226	4294967295	9	1
5094	66	0	137	136	0	0	1	5	3226	4294967295	5	1
5095	66	0	137	136	0	0	1	6	3226	4294967295	3	1
5096	66	0	137	136	0	0	2	0	3226	4294967295	135	1
5097	66	0	137	136	0	0	2	1	3226	4294967295	68	1
5098	66	0	137	136	0	0	2	2	3226	4294967295	34	1
5099	66	0	137	136	0	0	2	3	3226	4294967295	17	1
5100	66	0	137	136	0	0	2	4	3226	4294967295	9	1
5101	66	0	137	136	0	0	2	5	3226	4294967295	5	1
5102	66	0	137	136	0	0	2	6	3226	4294967295	3	1
5103	66	0	137	136	0	0	3	0	3226	4294967295	135	1
5104	66	0	137	136	0	0	3	1	3226	4294967295	68	1
5105	66	0	137	136	0	0	3	2	3226	4294967295	34	1
5106	66	0	137	136	0	0	3	3	3226	4294967295	17	1
5107	66	0	137	136	0	0	3	4	3226	4294967295	9	1
5108	66	0	137	136	0	0	3	5	3226	4294967295	5	1
5109	66	0	137	136	0	0	3	6	3226	4294967295	3	1
5110	66	0	137	136	0	0	4	0	3226	4294967295	135	1
5111	66	0	137	136	0	0	4	1	3226	4294967295	68	1
5112	66	0	137	136	0	0	4	2	3226	4294967295	34	1
5113	66	0	137	136	0	0	4	3	3226	4294967295	17	1
5114	66	0	137	136	0	0	4	4	3226	4294967295	9	1
5115	66	0	137	136	0	0	4	5	3226	4294967295	5	1
5116	66	0	137	136	0	0	4	6	3226	4294967295	3	1
5117	66	0	137	136	0	0	5	0	3226	4294967295	135	1
5118	66	0	137	136	0	0	5	1	3226	4294967295	68	1
5119	66	0	137	136	0	0	5	2	3226	4294967295	34	1
5120	66	0	137	136	0	0	5	3	3226	4294967295	17	1
5121	66	0	137	136	0	0	5	4	3226	4294967295	9	1
5122	66	0	137	136	0	0	5	5	3226	4294967295	5	1
5123	66	0	137	136	0	0	5	6	3226	4294967295	3	1
5124	66	0	137	136	0	0	6	0	3226	4294967295	135	1
5125	66	0	137	136	0	0	6	1	3226	4294967295	68	1
5126	66	0	137	136	0	0	6	2	3226	4294967295	34	1
5127	66	0	137	136	0	0	6	3	3226	4294967295	17	1
5128	66	0	137	136	0	0	6	4	3226	4294967295	9	1
5129	66	0	137	136	0	0	6	5	3226	4294967295	5	1
5130	66	0	137	136	0	0	6	6	3226	4294967295	3	1
5131	66	0	137	136	0	0	7	0	3226	4294967295	135	1
5132	66	0	137	136	0	0	7	1	3226	4294967295	68	1
5133	66	0	137	136	0	0	7	2	3226	4294967295	34	1
5134	66	0	137	136	0	0	7	3	3226	4294967295	17	1
5135	66	0	137	136	0	0	7	4	3226	4294967295	9	1
5136	66	0	137	136	0	0	7	5	3226	4294967295	5	1
5137	66	0	137	136	0	0	7	6	3226	4294967295	3	1
5138	66	0	137	136	0	0	8	0	3226	4294967295	135	1
5139	66	0	137	136	0	0	8	1	3226	4294967295	68	1
5140	66	0	137	136	0	0	8	2	3226	4294967295	34	1
5141	66	0	137	136	0	0	8	3	3226	4294967295	17	1
5142	66	0	137	136	0	0	8	4	3226	4294967295	9	1
5143	66	0	137	136	0	0	8	5	3226	4294967295	5	1
5144	66	0	137	136	0	0	8	6	3226	4294967295	3	1
5145	66	0	137	136	0	0	9	0	3226	4294967295	135	1
5146	66	0	137	136	0	0	9	1	3226	4294967295	68	1
5147	66	0	137	136	0	0	9	2	3226	4294967295	34	1
5148	66	0	137	136	0	0	9	3	3226	4294967295	17	1
5149	66	0	137	136	0	0	9	4	3226	4294967295	9	1
5150	66	0	137	136	0	0	9	5	3226	4294967295	5	1
5151	66	0	137	136	0	0	9	6	3226	4294967295	3	1
5152	66	0	137	136	0	0	10	0	3226	4294967295	135	1
5153	66	0	137	136	0	0	10	1	3226	4294967295	68	1
5154	66	0	137	136	0	0	10	2	3226	4294967295	34	1
5155	66	0	137	136	0	0	10	3	3226	4294967295	17	1
5156	66	0	137	136	0	0	10	4	3226	4294967295	9	1
5157	66	0	137	136	0	0	10	5	3226	4294967295	5	1
5158	66	0	137	136	0	0	10	6	3226	4294967295	3	1
5159	67	0	139	138	0	0	0	0	3270	4294967295	137	1
5160	67	0	139	138	0	0	0	1	3270	4294967295	69	1
5161	67	0	139	138	0	0	0	2	3270	4294967295	35	1
5162	67	0	139	138	0	0	0	3	3270	4294967295	18	1
5163	67	0	139	138	0	0	0	4	3270	4294967295	9	1
5164	67	0	139	138	0	0	0	5	3270	4294967295	5	1
5165	67	0	139	138	0	0	0	6	3270	4294967295	3	1
5166	67	0	139	138	0	0	1	0	3270	4294967295	137	1
5167	67	0	139	138	0	0	1	1	3270	4294967295	69	1
5168	67	0	139	138	0	0	1	2	3270	4294967295	35	1
5169	67	0	139	138	0	0	1	3	3270	4294967295	18	1
5170	67	0	139	138	0	0	1	4	3270	4294967295	9	1
5171	67	0	139	138	0	0	1	5	3270	4294967295	5	1
5172	67	0	139	138	0	0	1	6	3270	4294967295	3	1
5173	67	0	139	138	0	0	2	0	3270	4294967295	137	1
5174	67	0	139	138	0	0	2	1	3270	4294967295	69	1
5175	67	0	139	138	0	0	2	2	3270	4294967295	35	1
5176	67	0	139	138	0	0	2	3	3270	4294967295	18	1
5177	67	0	139	138	0	0	2	4	3270	4294967295	9	1
5178	67	0	139	138	0	0	2	5	3270	4294967295	5	1
5179	67	0	139	138	0	0	2	6	3270	4294967295	3	1
5180	67	0	139	138	0	0	3	0	3270	4294967295	137	1
5181	67	0	139	138	0	0	3	1	3270	4294967295	69	1
5182	67	0	139	138	0	0	3	2	3270	4294967295	35	1
5183	67	0	139	138	0	0	3	3	3270	4294967295	18	1
5184	67	0	139	138	0	0	3	4	3270	4294967295	9	1
5185	67	0	139	138	0	0	3	5	3270	4294967295	5	1
5186	67	0	139	138	0	0	3	6	3270	4294967295	3	1
5187	67	0	139	138	0	0	4	0	3270	4294967295	137	1
5188	67	0	139	138	0	0	4	1	3270	4294967295	69	1
5189	67	0	139	138	0	0	4	2	3270	4294967295	35	1
5190	67	0	139	138	0	0	4	3	3270	4294967295	18	1
5191	67	0	139	138	0	0	4	4	3270	4294967295	9	1
5192	67	0	139	138	0	0	4	5	3270	4294967295	5	1
5193	67	0	139	138	0	0	4	6	3270	4294967295	3	1
5194	67	0	139	138	0	0	5	0	3270	4294967295	137	1
5195	67	0	139	138	0	0	5	1	3270	4294967295	69	1
5196	67	0	139	138	0	0	5	2	3270	4294967295	35	1
5197	67	0	139	138	0	0	5	3	3270	4294967295	18	1
5198	67	0	139	138	0	0	5	4	3270	4294967295	9	1
5199	67	0	139	138	0	0	5	5	3270	4294967295	5	1
5200	67	0	139	138	0	0	5	6	3270	4294967295	3	1
5201	67	0	139	138	0	0	6	0	3270	4294967295	137	1
5202	67	0	139	138	0	0	6	1	3270	4294967295	69	1
5203	67	0	139	138	0	0	6	2	3270	4294967295	35	1
5204	67	0	139	138	0	0	6	3	3270	4294967295	18	1
5205	67	0	139	138	0	0	6	4	3270	4294967295	9	1
5206	67	0	139	138	0	0	6	5	3270	4294967295	5	1
5207	67	0	139	138	0	0	6	6	3270	4294967295	3	1
5208	67	0	139	138	0	0	7	0	3270	4294967295	137	1
5209	67	0	139	138	0	0	7	1	3270	4294967295	69	1
5210	67	0	139	138	0	0	7	2	3270	4294967295	35	1
5211	67	0	139	138	0	0	7	3	3270	4294967295	18	1
5212	67	0	139	138	0	0	7	4	3270	4294967295	9	1
5213	67	0	139	138	0	0	7	5	3270	4294967295	5	1
5214	67	0	139	138	0	0	7	6	3270	4294967295	3	1
5215	67	0	139	138	0	0	8	0	3270	4294967295	137	1
5216	67	0	139	138	0	0	8	1	3270	4294967295	69	1
5217	67	0	139	138	0	0	8	2	3270	4294967295	35	1
5218	67	0	139	138	0	0	8	3	3270	4294967295	18	1
5219	67	0	139	138	0	0	8	4	3270	4294967295	9	1
5220	67	0	139	138	0	0	8	5	3270	4294967295	5	1
5221	67	0	139	138	0	0	8	6	3270	4294967295	3	1
5222	67	0	139	138	0	0	9	0	3270	4294967295	137	1
5223	67	0	139	138	0	0	9	1	3270	4294967295	69	1
5224	67	0	139	138	0	0	9	2	3270	4294967295	35	1
5225	67	0	139	138	0	0	9	3	3270	4294967295	18	1
5226	67	0	139	138	0	0	9	4	3270	4294967295	9	1
5227	67	0	139	138	0	0	9	5	3270	4294967295	5	1
5228	67	0	139	138	0	0	9	6	3270	4294967295	3	1
5229	67	0	139	138	0	0	10	0	3270	4294967295	137	1
5230	67	0	139	138	0	0	10	1	3270	4294967295	69	1
5231	67	0	139	138	0	0	10	2	3270	4294967295	35	1
5232	67	0	139	138	0	0	10	3	3270	4294967295	18	1
5233	67	0	139	138	0	0	10	4	3270	4294967295	9	1
5234	67	0	139	138	0	0	10	5	3270	4294967295	5	1
5235	67	0	139	138	0	0	10	6	3270	4294967295	3	1
5236	68	0	141	140	0	0	0	0	3314	4294967295	139	1
5237	68	0	141	140	0	0	0	1	3314	4294967295	70	1
5238	68	0	141	140	0	0	0	2	3314	4294967295	35	1
5239	68	0	141	140	0	0	0	3	3314	4294967295	18	1
5240	68	0	141	140	0	0	0	4	3314	4294967295	9	1
5241	68	0	141	140	0	0	0	5	3314	4294967295	5	1
5242	68	0	141	140	0	0	0	6	3314	4294967295	3	1
5243	68	0	141	140	0	0	1	0	3314	4294967295	139	1
5244	68	0	141	140	0	0	1	1	3314	4294967295	70	1
5245	68	0	141	140	0	0	1	2	3314	4294967295	35	1
5246	68	0	141	140	0	0	1	3	3314	4294967295	18	1
5247	68	0	141	140	0	0	1	4	3314	4294967295	9	1
5248	68	0	141	140	0	0	1	5	3314	4294967295	5	1
5249	68	0	141	140	0	0	1	6	3314	4294967295	3	1
5250	68	0	141	140	0	0	2	0	3314	4294967295	139	1
5251	68	0	141	140	0	0	2	1	3314	4294967295	70	1
5252	68	0	141	140	0	0	2	2	3314	4294967295	35	1
5253	68	0	141	140	0	0	2	3	3314	4294967295	18	1
5254	68	0	141	140	0	0	2	4	3314	4294967295	9	1
5255	68	0	141	140	0	0	2	5	3314	4294967295	5	1
5256	68	0	141	140	0	0	2	6	3314	4294967295	3	1
5257	68	0	141	140	0	0	3	0	3314	4294967295	139	1
5258	68	0	141	140	0	0	3	1	3314	4294967295	70	1
5259	68	0	141	140	0	0	3	2	3314	4294967295	35	1
5260	68	0	141	140	0	0	3	3	3314	4294967295	18	1
5261	68	0	141	140	0	0	3	4	3314	4294967295	9	1
5262	68	0	141	140	0	0	3	5	3314	4294967295	5	1
5263	68	0	141	140	0	0	3	6	3314	4294967295	3	1
5264	68	0	141	140	0	0	4	0	3314	4294967295	139	1
5265	68	0	141	140	0	0	4	1	3314	4294967295	70	1
5266	68	0	141	140	0	0	4	2	3314	4294967295	35	1
5267	68	0	141	140	0	0	4	3	3314	4294967295	18	1
5268	68	0	141	140	0	0	4	4	3314	4294967295	9	1
5269	68	0	141	140	0	0	4	5	3314	4294967295	5	1
5270	68	0	141	140	0	0	4	6	3314	4294967295	3	1
5271	68	0	141	140	0	0	5	0	3314	4294967295	139	1
5272	68	0	141	140	0	0	5	1	3314	4294967295	70	1
5273	68	0	141	140	0	0	5	2	3314	4294967295	35	1
5274	68	0	141	140	0	0	5	3	3314	4294967295	18	1
5275	68	0	141	140	0	0	5	4	3314	4294967295	9	1
5276	68	0	141	140	0	0	5	5	3314	4294967295	5	1
5277	68	0	141	140	0	0	5	6	3314	4294967295	3	1
5278	68	0	141	140	0	0	6	0	3314	4294967295	139	1
5279	68	0	141	140	0	0	6	1	3314	4294967295	70	1
5280	68	0	141	140	0	0	6	2	3314	4294967295	35	1
5281	68	0	141	140	0	0	6	3	3314	4294967295	18	1
5282	68	0	141	140	0	0	6	4	3314	4294967295	9	1
5283	68	0	141	140	0	0	6	5	3314	4294967295	5	1
5284	68	0	141	140	0	0	6	6	3314	4294967295	3	1
5285	68	0	141	140	0	0	7	0	3314	4294967295	139	1
5286	68	0	141	140	0	0	7	1	3314	4294967295	70	1
5287	68	0	141	140	0	0	7	2	3314	4294967295	35	1
5288	68	0	141	140	0	0	7	3	3314	4294967295	18	1
5289	68	0	141	140	0	0	7	4	3314	4294967295	9	1
5290	68	0	141	140	0	0	7	5	3314	4294967295	5	1
5291	68	0	141	140	0	0	7	6	3314	4294967295	3	1
5292	68	0	141	140	0	0	8	0	3314	4294967295	139	1
5293	68	0	141	140	0	0	8	1	3314	4294967295	70	1
5294	68	0	141	140	0	0	8	2	3314	4294967295	35	1
5295	68	0	141	140	0	0	8	3	3314	4294967295	18	1
5296	68	0	141	140	0	0	8	4	3314	4294967295	9	1
5297	68	0	141	140	0	0	8	5	3314	4294967295	5	1
5298	68	0	141	140	0	0	8	6	3314	4294967295	3	1
5299	68	0	141	140	0	0	9	0	3314	4294967295	139	1
5300	68	0	141	140	0	0	9	1	3314	4294967295	70	1
5301	68	0	141	140	0	0	9	2	3314	4294967295	35	1
5302	68	0	141	140	0	0	9	3	3314	4294967295	18	1
5303	68	0	141	140	0	0	9	4	3314	4294967295	9	1
5304	68	0	141	140	0	0	9	5	3314	4294967295	5	1
5305	68	0	141	140	0	0	9	6	3314	4294967295	3	1
5306	68	0	141	140	0	0	10	0	3314	4294967295	139	1
5307	68	0	141	140	0	0	10	1	3314	4294967295	70	1
5308	68	0	141	140	0	0	10	2	3314	4294967295	35	1
5309	68	0	141	140	0	0	10	3	3314	4294967295	18	1
5310	68	0	141	140	0	0	10	4	3314	4294967295	9	1
5311	68	0	141	140	0	0	10	5	3314	4294967295	5	1
5312	68	0	141	140	0	0	10	6	3314	4294967295	3	1
5313	69	0	143	142	0	0	0	0	3358	4294967295	141	1
5314	69	0	143	142	0	0	0	1	3358	4294967295	71	1
5315	69	0	143	142	0	0	0	2	3358	4294967295	36	1
5316	69	0	143	142	0	0	0	3	3358	4294967295	18	1
5317	69	0	143	142	0	0	0	4	3358	4294967295	9	1
5318	69	0	143	142	0	0	0	5	3358	4294967295	5	1
5319	69	0	143	142	0	0	0	6	3358	4294967295	3	1
5320	69	0	143	142	0	0	1	0	3358	4294967295	141	1
5321	69	0	143	142	0	0	1	1	3358	4294967295	71	1
5322	69	0	143	142	0	0	1	2	3358	4294967295	36	1
5323	69	0	143	142	0	0	1	3	3358	4294967295	18	1
5324	69	0	143	142	0	0	1	4	3358	4294967295	9	1
5325	69	0	143	142	0	0	1	5	3358	4294967295	5	1
5326	69	0	143	142	0	0	1	6	3358	4294967295	3	1
5327	69	0	143	142	0	0	2	0	3358	4294967295	141	1
5328	69	0	143	142	0	0	2	1	3358	4294967295	71	1
5329	69	0	143	142	0	0	2	2	3358	4294967295	36	1
5330	69	0	143	142	0	0	2	3	3358	4294967295	18	1
5331	69	0	143	142	0	0	2	4	3358	4294967295	9	1
5332	69	0	143	142	0	0	2	5	3358	4294967295	5	1
5333	69	0	143	142	0	0	2	6	3358	4294967295	3	1
5334	69	0	143	142	0	0	3	0	3358	4294967295	141	1
5335	69	0	143	142	0	0	3	1	3358	4294967295	71	1
5336	69	0	143	142	0	0	3	2	3358	4294967295	36	1
5337	69	0	143	142	0	0	3	3	3358	4294967295	18	1
5338	69	0	143	142	0	0	3	4	3358	4294967295	9	1
5339	69	0	143	142	0	0	3	5	3358	4294967295	5	1
5340	69	0	143	142	0	0	3	6	3358	4294967295	3	1
5341	69	0	143	142	0	0	4	0	3358	4294967295	141	1
5342	69	0	143	142	0	0	4	1	3358	4294967295	71	1
5343	69	0	143	142	0	0	4	2	3358	4294967295	36	1
5344	69	0	143	142	0	0	4	3	3358	4294967295	18	1
5345	69	0	143	142	0	0	4	4	3358	4294967295	9	1
5346	69	0	143	142	0	0	4	5	3358	4294967295	5	1
5347	69	0	143	142	0	0	4	6	3358	4294967295	3	1
5348	69	0	143	142	0	0	5	0	3358	4294967295	141	1
5349	69	0	143	142	0	0	5	1	3358	4294967295	71	1
5350	69	0	143	142	0	0	5	2	3358	4294967295	36	1
5351	69	0	143	142	0	0	5	3	3358	4294967295	18	1
5352	69	0	143	142	0	0	5	4	3358	4294967295	9	1
5353	69	0	143	142	0	0	5	5	3358	4294967295	5	1
5354	69	0	143	142	0	0	5	6	3358	4294967295	3	1
5355	69	0	143	142	0	0	6	0	3358	4294967295	141	1
5356	69	0	143	142	0	0	6	1	3358	4294967295	71	1
5357	69	0	143	142	0	0	6	2	3358	4294967295	36	1
5358	69	0	143	142	0	0	6	3	3358	4294967295	18	1
5359	69	0	143	142	0	0	6	4	3358	4294967295	9	1
5360	69	0	143	142	0	0	6	5	3358	4294967295	5	1
5361	69	0	143	142	0	0	6	6	3358	4294967295	3	1
5362	69	0	143	142	0	0	7	0	3358	4294967295	141	1
5363	69	0	143	142	0	0	7	1	3358	4294967295	71	1
5364	69	0	143	142	0	0	7	2	3358	4294967295	36	1
5365	69	0	143	142	0	0	7	3	3358	4294967295	18	1
5366	69	0	143	142	0	0	7	4	3358	4294967295	9	1
5367	69	0	143	142	0	0	7	5	3358	4294967295	5	1
5368	69	0	143	142	0	0	7	6	3358	4294967295	3	1
5369	69	0	143	142	0	0	8	0	3358	4294967295	141	1
5370	69	0	143	142	0	0	8	1	3358	4294967295	71	1
5371	69	0	143	142	0	0	8	2	3358	4294967295	36	1
5372	69	0	143	142	0	0	8	3	3358	4294967295	18	1
5373	69	0	143	142	0	0	8	4	3358	4294967295	9	1
5374	69	0	143	142	0	0	8	5	3358	4294967295	5	1
5375	69	0	143	142	0	0	8	6	3358	4294967295	3	1
5376	69	0	143	142	0	0	9	0	3358	4294967295	141	1
5377	69	0	143	142	0	0	9	1	3358	4294967295	71	1
5378	69	0	143	142	0	0	9	2	3358	4294967295	36	1
5379	69	0	143	142	0	0	9	3	3358	4294967295	18	1
5380	69	0	143	142	0	0	9	4	3358	4294967295	9	1
5381	69	0	143	142	0	0	9	5	3358	4294967295	5	1
5382	69	0	143	142	0	0	9	6	3358	4294967295	3	1
5383	69	0	143	142	0	0	10	0	3358	4294967295	141	1
5384	69	0	143	142	0	0	10	1	3358	4294967295	71	1
5385	69	0	143	142	0	0	10	2	3358	4294967295	36	1
5386	69	0	143	142	0	0	10	3	3358	4294967295	18	1
5387	69	0	143	142	0	0	10	4	3358	4294967295	9	1
5388	69	0	143	142	0	0	10	5	3358	4294967295	5	1
5389	69	0	143	142	0	0	10	6	3358	4294967295	3	1
5390	70	0	145	144	0	0	0	0	3462	4294967295	143	1
5391	70	0	145	144	0	0	0	1	3462	4294967295	72	1
5392	70	0	145	144	0	0	0	2	3462	4294967295	36	1
5393	70	0	145	144	0	0	0	3	3462	4294967295	18	1
5394	70	0	145	144	0	0	0	4	3462	4294967295	9	1
5395	70	0	145	144	0	0	0	5	3462	4294967295	5	1
5396	70	0	145	144	0	0	0	6	3462	4294967295	3	1
5397	70	0	145	144	0	0	1	0	3462	4294967295	143	1
5398	70	0	145	144	0	0	1	1	3462	4294967295	72	1
5399	70	0	145	144	0	0	1	2	3462	4294967295	36	1
5400	70	0	145	144	0	0	1	3	3462	4294967295	18	1
5401	70	0	145	144	0	0	1	4	3462	4294967295	9	1
5402	70	0	145	144	0	0	1	5	3462	4294967295	5	1
5403	70	0	145	144	0	0	1	6	3462	4294967295	3	1
5404	70	0	145	144	0	0	2	0	3462	4294967295	143	1
5405	70	0	145	144	0	0	2	1	3462	4294967295	72	1
5406	70	0	145	144	0	0	2	2	3462	4294967295	36	1
5407	70	0	145	144	0	0	2	3	3462	4294967295	18	1
5408	70	0	145	144	0	0	2	4	3462	4294967295	9	1
5409	70	0	145	144	0	0	2	5	3462	4294967295	5	1
5410	70	0	145	144	0	0	2	6	3462	4294967295	3	1
5411	70	0	145	144	0	0	3	0	3462	4294967295	143	1
5412	70	0	145	144	0	0	3	1	3462	4294967295	72	1
5413	70	0	145	144	0	0	3	2	3462	4294967295	36	1
5414	70	0	145	144	0	0	3	3	3462	4294967295	18	1
5415	70	0	145	144	0	0	3	4	3462	4294967295	9	1
5416	70	0	145	144	0	0	3	5	3462	4294967295	5	1
5417	70	0	145	144	0	0	3	6	3462	4294967295	3	1
5418	70	0	145	144	0	0	4	0	3462	4294967295	143	1
5419	70	0	145	144	0	0	4	1	3462	4294967295	72	1
5420	70	0	145	144	0	0	4	2	3462	4294967295	36	1
5421	70	0	145	144	0	0	4	3	3462	4294967295	18	1
5422	70	0	145	144	0	0	4	4	3462	4294967295	9	1
5423	70	0	145	144	0	0	4	5	3462	4294967295	5	1
5424	70	0	145	144	0	0	4	6	3462	4294967295	3	1
5425	70	0	145	144	0	0	5	0	3462	4294967295	143	1
5426	70	0	145	144	0	0	5	1	3462	4294967295	72	1
5427	70	0	145	144	0	0	5	2	3462	4294967295	36	1
5428	70	0	145	144	0	0	5	3	3462	4294967295	18	1
5429	70	0	145	144	0	0	5	4	3462	4294967295	9	1
5430	70	0	145	144	0	0	5	5	3462	4294967295	5	1
5431	70	0	145	144	0	0	5	6	3462	4294967295	3	1
5432	70	0	145	144	0	0	6	0	3462	4294967295	143	1
5433	70	0	145	144	0	0	6	1	3462	4294967295	72	1
5434	70	0	145	144	0	0	6	2	3462	4294967295	36	1
5435	70	0	145	144	0	0	6	3	3462	4294967295	18	1
5436	70	0	145	144	0	0	6	4	3462	4294967295	9	1
5437	70	0	145	144	0	0	6	5	3462	4294967295	5	1
5438	70	0	145	144	0	0	6	6	3462	4294967295	3	1
5439	70	0	145	144	0	0	7	0	3462	4294967295	143	1
5440	70	0	145	144	0	0	7	1	3462	4294967295	72	1
5441	70	0	145	144	0	0	7	2	3462	4294967295	36	1
5442	70	0	145	144	0	0	7	3	3462	4294967295	18	1
5443	70	0	145	144	0	0	7	4	3462	4294967295	9	1
5444	70	0	145	144	0	0	7	5	3462	4294967295	5	1
5445	70	0	145	144	0	0	7	6	3462	4294967295	3	1
5446	70	0	145	144	0	0	8	0	3462	4294967295	143	1
5447	70	0	145	144	0	0	8	1	3462	4294967295	72	1
5448	70	0	145	144	0	0	8	2	3462	4294967295	36	1
5449	70	0	145	144	0	0	8	3	3462	4294967295	18	1
5450	70	0	145	144	0	0	8	4	3462	4294967295	9	1
5451	70	0	145	144	0	0	8	5	3462	4294967295	5	1
5452	70	0	145	144	0	0	8	6	3462	4294967295	3	1
5453	70	0	145	144	0	0	9	0	3462	4294967295	143	1
5454	70	0	145	144	0	0	9	1	3462	4294967295	72	1
5455	70	0	145	144	0	0	9	2	3462	4294967295	36	1
5456	70	0	145	144	0	0	9	3	3462	4294967295	18	1
5457	70	0	145	144	0	0	9	4	3462	4294967295	9	1
5458	70	0	145	144	0	0	9	5	3462	4294967295	5	1
5459	70	0	145	144	0	0	9	6	3462	4294967295	3	1
5460	70	0	145	144	0	0	10	0	3462	4294967295	143	1
5461	70	0	145	144	0	0	10	1	3462	4294967295	72	1
5462	70	0	145	144	0	0	10	2	3462	4294967295	36	1
5463	70	0	145	144	0	0	10	3	3462	4294967295	18	1
5464	70	0	145	144	0	0	10	4	3462	4294967295	9	1
5465	70	0	145	144	0	0	10	5	3462	4294967295	5	1
5466	70	0	145	144	0	0	10	6	3462	4294967295	3	1
5467	71	0	147	146	0	0	0	0	3514	4294967295	145	1
5468	71	0	147	146	0	0	0	1	3514	4294967295	73	1
5469	71	0	147	146	0	0	0	2	3514	4294967295	37	1
5470	71	0	147	146	0	0	0	3	3514	4294967295	19	1
5471	71	0	147	146	0	0	0	4	3514	4294967295	10	1
5472	71	0	147	146	0	0	0	5	3514	4294967295	5	1
5473	71	0	147	146	0	0	0	6	3514	4294967295	3	1
5474	71	0	147	146	0	0	1	0	3514	4294967295	145	1
5475	71	0	147	146	0	0	1	1	3514	4294967295	73	1
5476	71	0	147	146	0	0	1	2	3514	4294967295	37	1
5477	71	0	147	146	0	0	1	3	3514	4294967295	19	1
5478	71	0	147	146	0	0	1	4	3514	4294967295	10	1
5479	71	0	147	146	0	0	1	5	3514	4294967295	5	1
5480	71	0	147	146	0	0	1	6	3514	4294967295	3	1
5481	71	0	147	146	0	0	2	0	3514	4294967295	145	1
5482	71	0	147	146	0	0	2	1	3514	4294967295	73	1
5483	71	0	147	146	0	0	2	2	3514	4294967295	37	1
5484	71	0	147	146	0	0	2	3	3514	4294967295	19	1
5485	71	0	147	146	0	0	2	4	3514	4294967295	10	1
5486	71	0	147	146	0	0	2	5	3514	4294967295	5	1
5487	71	0	147	146	0	0	2	6	3514	4294967295	3	1
5488	71	0	147	146	0	0	3	0	3514	4294967295	145	1
5489	71	0	147	146	0	0	3	1	3514	4294967295	73	1
5490	71	0	147	146	0	0	3	2	3514	4294967295	37	1
5491	71	0	147	146	0	0	3	3	3514	4294967295	19	1
5492	71	0	147	146	0	0	3	4	3514	4294967295	10	1
5493	71	0	147	146	0	0	3	5	3514	4294967295	5	1
5494	71	0	147	146	0	0	3	6	3514	4294967295	3	1
5495	71	0	147	146	0	0	4	0	3514	4294967295	145	1
5496	71	0	147	146	0	0	4	1	3514	4294967295	73	1
5497	71	0	147	146	0	0	4	2	3514	4294967295	37	1
5498	71	0	147	146	0	0	4	3	3514	4294967295	19	1
5499	71	0	147	146	0	0	4	4	3514	4294967295	10	1
5500	71	0	147	146	0	0	4	5	3514	4294967295	5	1
5501	71	0	147	146	0	0	4	6	3514	4294967295	3	1
5502	71	0	147	146	0	0	5	0	3514	4294967295	145	1
5503	71	0	147	146	0	0	5	1	3514	4294967295	73	1
5504	71	0	147	146	0	0	5	2	3514	4294967295	37	1
5505	71	0	147	146	0	0	5	3	3514	4294967295	19	1
5506	71	0	147	146	0	0	5	4	3514	4294967295	10	1
5507	71	0	147	146	0	0	5	5	3514	4294967295	5	1
5508	71	0	147	146	0	0	5	6	3514	4294967295	3	1
5509	71	0	147	146	0	0	6	0	3514	4294967295	145	1
5510	71	0	147	146	0	0	6	1	3514	4294967295	73	1
5511	71	0	147	146	0	0	6	2	3514	4294967295	37	1
5512	71	0	147	146	0	0	6	3	3514	4294967295	19	1
5513	71	0	147	146	0	0	6	4	3514	4294967295	10	1
5514	71	0	147	146	0	0	6	5	3514	4294967295	5	1
5515	71	0	147	146	0	0	6	6	3514	4294967295	3	1
5516	71	0	147	146	0	0	7	0	3514	4294967295	145	1
5517	71	0	147	146	0	0	7	1	3514	4294967295	73	1
5518	71	0	147	146	0	0	7	2	3514	4294967295	37	1
5519	71	0	147	146	0	0	7	3	3514	4294967295	19	1
5520	71	0	147	146	0	0	7	4	3514	4294967295	10	1
5521	71	0	147	146	0	0	7	5	3514	4294967295	5	1
5522	71	0	147	146	0	0	7	6	3514	4294967295	3	1
5523	71	0	147	146	0	0	8	0	3514	4294967295	145	1
5524	71	0	147	146	0	0	8	1	3514	4294967295	73	1
5525	71	0	147	146	0	0	8	2	3514	4294967295	37	1
5526	71	0	147	146	0	0	8	3	3514	4294967295	19	1
5527	71	0	147	146	0	0	8	4	3514	4294967295	10	1
5528	71	0	147	146	0	0	8	5	3514	4294967295	5	1
5529	71	0	147	146	0	0	8	6	3514	4294967295	3	1
5530	71	0	147	146	0	0	9	0	3514	4294967295	145	1
5531	71	0	147	146	0	0	9	1	3514	4294967295	73	1
5532	71	0	147	146	0	0	9	2	3514	4294967295	37	1
5533	71	0	147	146	0	0	9	3	3514	4294967295	19	1
5534	71	0	147	146	0	0	9	4	3514	4294967295	10	1
5535	71	0	147	146	0	0	9	5	3514	4294967295	5	1
5536	71	0	147	146	0	0	9	6	3514	4294967295	3	1
5537	71	0	147	146	0	0	10	0	3514	4294967295	145	1
5538	71	0	147	146	0	0	10	1	3514	4294967295	73	1
5539	71	0	147	146	0	0	10	2	3514	4294967295	37	1
5540	71	0	147	146	0	0	10	3	3514	4294967295	19	1
5541	71	0	147	146	0	0	10	4	3514	4294967295	10	1
5542	71	0	147	146	0	0	10	5	3514	4294967295	5	1
5543	71	0	147	146	0	0	10	6	3514	4294967295	3	1
5544	72	0	149	148	0	0	0	0	3566	4294967295	147	1
5545	72	0	149	148	0	0	0	1	3566	4294967295	74	1
5546	72	0	149	148	0	0	0	2	3566	4294967295	37	1
5547	72	0	149	148	0	0	0	3	3566	4294967295	19	1
5548	72	0	149	148	0	0	0	4	3566	4294967295	10	1
5549	72	0	149	148	0	0	0	5	3566	4294967295	5	1
5550	72	0	149	148	0	0	0	6	3566	4294967295	3	1
5551	72	0	149	148	0	0	1	0	3566	4294967295	147	1
5552	72	0	149	148	0	0	1	1	3566	4294967295	74	1
5553	72	0	149	148	0	0	1	2	3566	4294967295	37	1
5554	72	0	149	148	0	0	1	3	3566	4294967295	19	1
5555	72	0	149	148	0	0	1	4	3566	4294967295	10	1
5556	72	0	149	148	0	0	1	5	3566	4294967295	5	1
5557	72	0	149	148	0	0	1	6	3566	4294967295	3	1
5558	72	0	149	148	0	0	2	0	3566	4294967295	147	1
5559	72	0	149	148	0	0	2	1	3566	4294967295	74	1
5560	72	0	149	148	0	0	2	2	3566	4294967295	37	1
5561	72	0	149	148	0	0	2	3	3566	4294967295	19	1
5562	72	0	149	148	0	0	2	4	3566	4294967295	10	1
5563	72	0	149	148	0	0	2	5	3566	4294967295	5	1
5564	72	0	149	148	0	0	2	6	3566	4294967295	3	1
5565	72	0	149	148	0	0	3	0	3566	4294967295	147	1
5566	72	0	149	148	0	0	3	1	3566	4294967295	74	1
5567	72	0	149	148	0	0	3	2	3566	4294967295	37	1
5568	72	0	149	148	0	0	3	3	3566	4294967295	19	1
5569	72	0	149	148	0	0	3	4	3566	4294967295	10	1
5570	72	0	149	148	0	0	3	5	3566	4294967295	5	1
5571	72	0	149	148	0	0	3	6	3566	4294967295	3	1
5572	72	0	149	148	0	0	4	0	3566	4294967295	147	1
5573	72	0	149	148	0	0	4	1	3566	4294967295	74	1
5574	72	0	149	148	0	0	4	2	3566	4294967295	37	1
5575	72	0	149	148	0	0	4	3	3566	4294967295	19	1
5576	72	0	149	148	0	0	4	4	3566	4294967295	10	1
5577	72	0	149	148	0	0	4	5	3566	4294967295	5	1
5578	72	0	149	148	0	0	4	6	3566	4294967295	3	1
5579	72	0	149	148	0	0	5	0	3566	4294967295	147	1
5580	72	0	149	148	0	0	5	1	3566	4294967295	74	1
5581	72	0	149	148	0	0	5	2	3566	4294967295	37	1
5582	72	0	149	148	0	0	5	3	3566	4294967295	19	1
5583	72	0	149	148	0	0	5	4	3566	4294967295	10	1
5584	72	0	149	148	0	0	5	5	3566	4294967295	5	1
5585	72	0	149	148	0	0	5	6	3566	4294967295	3	1
5586	72	0	149	148	0	0	6	0	3566	4294967295	147	1
5587	72	0	149	148	0	0	6	1	3566	4294967295	74	1
5588	72	0	149	148	0	0	6	2	3566	4294967295	37	1
5589	72	0	149	148	0	0	6	3	3566	4294967295	19	1
5590	72	0	149	148	0	0	6	4	3566	4294967295	10	1
5591	72	0	149	148	0	0	6	5	3566	4294967295	5	1
5592	72	0	149	148	0	0	6	6	3566	4294967295	3	1
5593	72	0	149	148	0	0	7	0	3566	4294967295	147	1
5594	72	0	149	148	0	0	7	1	3566	4294967295	74	1
5595	72	0	149	148	0	0	7	2	3566	4294967295	37	1
5596	72	0	149	148	0	0	7	3	3566	4294967295	19	1
5597	72	0	149	148	0	0	7	4	3566	4294967295	10	1
5598	72	0	149	148	0	0	7	5	3566	4294967295	5	1
5599	72	0	149	148	0	0	7	6	3566	4294967295	3	1
5600	72	0	149	148	0	0	8	0	3566	4294967295	147	1
5601	72	0	149	148	0	0	8	1	3566	4294967295	74	1
5602	72	0	149	148	0	0	8	2	3566	4294967295	37	1
5603	72	0	149	148	0	0	8	3	3566	4294967295	19	1
5604	72	0	149	148	0	0	8	4	3566	4294967295	10	1
5605	72	0	149	148	0	0	8	5	3566	4294967295	5	1
5606	72	0	149	148	0	0	8	6	3566	4294967295	3	1
5607	72	0	149	148	0	0	9	0	3566	4294967295	147	1
5608	72	0	149	148	0	0	9	1	3566	4294967295	74	1
5609	72	0	149	148	0	0	9	2	3566	4294967295	37	1
5610	72	0	149	148	0	0	9	3	3566	4294967295	19	1
5611	72	0	149	148	0	0	9	4	3566	4294967295	10	1
5612	72	0	149	148	0	0	9	5	3566	4294967295	5	1
5613	72	0	149	148	0	0	9	6	3566	4294967295	3	1
5614	72	0	149	148	0	0	10	0	3566	4294967295	147	1
5615	72	0	149	148	0	0	10	1	3566	4294967295	74	1
5616	72	0	149	148	0	0	10	2	3566	4294967295	37	1
5617	72	0	149	148	0	0	10	3	3566	4294967295	19	1
5618	72	0	149	148	0	0	10	4	3566	4294967295	10	1
5619	72	0	149	148	0	0	10	5	3566	4294967295	5	1
5620	72	0	149	148	0	0	10	6	3566	4294967295	3	1
5621	73	0	151	150	0	0	0	0	3618	4294967295	149	1
5622	73	0	151	150	0	0	0	1	3618	4294967295	75	1
5623	73	0	151	150	0	0	0	2	3618	4294967295	38	1
5624	73	0	151	150	0	0	0	3	3618	4294967295	19	1
5625	73	0	151	150	0	0	0	4	3618	4294967295	10	1
5626	73	0	151	150	0	0	0	5	3618	4294967295	5	1
5627	73	0	151	150	0	0	0	6	3618	4294967295	3	1
5628	73	0	151	150	0	0	1	0	3618	4294967295	149	1
5629	73	0	151	150	0	0	1	1	3618	4294967295	75	1
5630	73	0	151	150	0	0	1	2	3618	4294967295	38	1
5631	73	0	151	150	0	0	1	3	3618	4294967295	19	1
5632	73	0	151	150	0	0	1	4	3618	4294967295	10	1
5633	73	0	151	150	0	0	1	5	3618	4294967295	5	1
5634	73	0	151	150	0	0	1	6	3618	4294967295	3	1
5635	73	0	151	150	0	0	2	0	3618	4294967295	149	1
5636	73	0	151	150	0	0	2	1	3618	4294967295	75	1
5637	73	0	151	150	0	0	2	2	3618	4294967295	38	1
5638	73	0	151	150	0	0	2	3	3618	4294967295	19	1
5639	73	0	151	150	0	0	2	4	3618	4294967295	10	1
5640	73	0	151	150	0	0	2	5	3618	4294967295	5	1
5641	73	0	151	150	0	0	2	6	3618	4294967295	3	1
5642	73	0	151	150	0	0	3	0	3618	4294967295	149	1
5643	73	0	151	150	0	0	3	1	3618	4294967295	75	1
5644	73	0	151	150	0	0	3	2	3618	4294967295	38	1
5645	73	0	151	150	0	0	3	3	3618	4294967295	19	1
5646	73	0	151	150	0	0	3	4	3618	4294967295	10	1
5647	73	0	151	150	0	0	3	5	3618	4294967295	5	1
5648	73	0	151	150	0	0	3	6	3618	4294967295	3	1
5649	73	0	151	150	0	0	4	0	3618	4294967295	149	1
5650	73	0	151	150	0	0	4	1	3618	4294967295	75	1
5651	73	0	151	150	0	0	4	2	3618	4294967295	38	1
5652	73	0	151	150	0	0	4	3	3618	4294967295	19	1
5653	73	0	151	150	0	0	4	4	3618	4294967295	10	1
5654	73	0	151	150	0	0	4	5	3618	4294967295	5	1
5655	73	0	151	150	0	0	4	6	3618	4294967295	3	1
5656	73	0	151	150	0	0	5	0	3618	4294967295	149	1
5657	73	0	151	150	0	0	5	1	3618	4294967295	75	1
5658	73	0	151	150	0	0	5	2	3618	4294967295	38	1
5659	73	0	151	150	0	0	5	3	3618	4294967295	19	1
5660	73	0	151	150	0	0	5	4	3618	4294967295	10	1
5661	73	0	151	150	0	0	5	5	3618	4294967295	5	1
5662	73	0	151	150	0	0	5	6	3618	4294967295	3	1
5663	73	0	151	150	0	0	6	0	3618	4294967295	149	1
5664	73	0	151	150	0	0	6	1	3618	4294967295	75	1
5665	73	0	151	150	0	0	6	2	3618	4294967295	38	1
5666	73	0	151	150	0	0	6	3	3618	4294967295	19	1
5667	73	0	151	150	0	0	6	4	3618	4294967295	10	1
5668	73	0	151	150	0	0	6	5	3618	4294967295	5	1
5669	73	0	151	150	0	0	6	6	3618	4294967295	3	1
5670	73	0	151	150	0	0	7	0	3618	4294967295	149	1
5671	73	0	151	150	0	0	7	1	3618	4294967295	75	1
5672	73	0	151	150	0	0	7	2	3618	4294967295	38	1
5673	73	0	151	150	0	0	7	3	3618	4294967295	19	1
5674	73	0	151	150	0	0	7	4	3618	4294967295	10	1
5675	73	0	151	150	0	0	7	5	3618	4294967295	5	1
5676	73	0	151	150	0	0	7	6	3618	4294967295	3	1
5677	73	0	151	150	0	0	8	0	3618	4294967295	149	1
5678	73	0	151	150	0	0	8	1	3618	4294967295	75	1
5679	73	0	151	150	0	0	8	2	3618	4294967295	38	1
5680	73	0	151	150	0	0	8	3	3618	4294967295	19	1
5681	73	0	151	150	0	0	8	4	3618	4294967295	10	1
5682	73	0	151	150	0	0	8	5	3618	4294967295	5	1
5683	73	0	151	150	0	0	8	6	3618	4294967295	3	1
5684	73	0	151	150	0	0	9	0	3618	4294967295	149	1
5685	73	0	151	150	0	0	9	1	3618	4294967295	75	1
5686	73	0	151	150	0	0	9	2	3618	4294967295	38	1
5687	73	0	151	150	0	0	9	3	3618	4294967295	19	1
5688	73	0	151	150	0	0	9	4	3618	4294967295	10	1
5689	73	0	151	150	0	0	9	5	3618	4294967295	5	1
5690	73	0	151	150	0	0	9	6	3618	4294967295	3	1
5691	73	0	151	150	0	0	10	0	3618	4294967295	149	1
5692	73	0	151	150	0	0	10	1	3618	4294967295	75	1
5693	73	0	151	150	0	0	10	2	3618	4294967295	38	1
5694	73	0	151	150	0	0	10	3	3618	4294967295	19	1
5695	73	0	151	150	0	0	10	4	3618	4294967295	10	1
5696	73	0	151	150	0	0	10	5	3618	4294967295	5	1
5697	73	0	151	150	0	0	10	6	3618	4294967295	3	1
5698	74	0	153	152	0	0	0	0	3670	4294967295	151	1
5699	74	0	153	152	0	0	0	1	3670	4294967295	76	1
5700	74	0	153	152	0	0	0	2	3670	4294967295	38	1
5701	74	0	153	152	0	0	0	3	3670	4294967295	19	1
5702	74	0	153	152	0	0	0	4	3670	4294967295	10	1
5703	74	0	153	152	0	0	0	5	3670	4294967295	5	1
5704	74	0	153	152	0	0	0	6	3670	4294967295	3	1
5705	74	0	153	152	0	0	1	0	3670	4294967295	151	1
5706	74	0	153	152	0	0	1	1	3670	4294967295	76	1
5707	74	0	153	152	0	0	1	2	3670	4294967295	38	1
5708	74	0	153	152	0	0	1	3	3670	4294967295	19	1
5709	74	0	153	152	0	0	1	4	3670	4294967295	10	1
5710	74	0	153	152	0	0	1	5	3670	4294967295	5	1
5711	74	0	153	152	0	0	1	6	3670	4294967295	3	1
5712	74	0	153	152	0	0	2	0	3670	4294967295	151	1
5713	74	0	153	152	0	0	2	1	3670	4294967295	76	1
5714	74	0	153	152	0	0	2	2	3670	4294967295	38	1
5715	74	0	153	152	0	0	2	3	3670	4294967295	19	1
5716	74	0	153	152	0	0	2	4	3670	4294967295	10	1
5717	74	0	153	152	0	0	2	5	3670	4294967295	5	1
5718	74	0	153	152	0	0	2	6	3670	4294967295	3	1
5719	74	0	153	152	0	0	3	0	3670	4294967295	151	1
5720	74	0	153	152	0	0	3	1	3670	4294967295	76	1
5721	74	0	153	152	0	0	3	2	3670	4294967295	38	1
5722	74	0	153	152	0	0	3	3	3670	4294967295	19	1
5723	74	0	153	152	0	0	3	4	3670	4294967295	10	1
5724	74	0	153	152	0	0	3	5	3670	4294967295	5	1
5725	74	0	153	152	0	0	3	6	3670	4294967295	3	1
5726	74	0	153	152	0	0	4	0	3670	4294967295	151	1
5727	74	0	153	152	0	0	4	1	3670	4294967295	76	1
5728	74	0	153	152	0	0	4	2	3670	4294967295	38	1
5729	74	0	153	152	0	0	4	3	3670	4294967295	19	1
5730	74	0	153	152	0	0	4	4	3670	4294967295	10	1
5731	74	0	153	152	0	0	4	5	3670	4294967295	5	1
5732	74	0	153	152	0	0	4	6	3670	4294967295	3	1
5733	74	0	153	152	0	0	5	0	3670	4294967295	151	1
5734	74	0	153	152	0	0	5	1	3670	4294967295	76	1
5735	74	0	153	152	0	0	5	2	3670	4294967295	38	1
5736	74	0	153	152	0	0	5	3	3670	4294967295	19	1
5737	74	0	153	152	0	0	5	4	3670	4294967295	10	1
5738	74	0	153	152	0	0	5	5	3670	4294967295	5	1
5739	74	0	153	152	0	0	5	6	3670	4294967295	3	1
5740	74	0	153	152	0	0	6	0	3670	4294967295	151	1
5741	74	0	153	152	0	0	6	1	3670	4294967295	76	1
5742	74	0	153	152	0	0	6	2	3670	4294967295	38	1
5743	74	0	153	152	0	0	6	3	3670	4294967295	19	1
5744	74	0	153	152	0	0	6	4	3670	4294967295	10	1
5745	74	0	153	152	0	0	6	5	3670	4294967295	5	1
5746	74	0	153	152	0	0	6	6	3670	4294967295	3	1
5747	74	0	153	152	0	0	7	0	3670	4294967295	151	1
5748	74	0	153	152	0	0	7	1	3670	4294967295	76	1
5749	74	0	153	152	0	0	7	2	3670	4294967295	38	1
5750	74	0	153	152	0	0	7	3	3670	4294967295	19	1
5751	74	0	153	152	0	0	7	4	3670	4294967295	10	1
5752	74	0	153	152	0	0	7	5	3670	4294967295	5	1
5753	74	0	153	152	0	0	7	6	3670	4294967295	3	1
5754	74	0	153	152	0	0	8	0	3670	4294967295	151	1
5755	74	0	153	152	0	0	8	1	3670	4294967295	76	1
5756	74	0	153	152	0	0	8	2	3670	4294967295	38	1
5757	74	0	153	152	0	0	8	3	3670	4294967295	19	1
5758	74	0	153	152	0	0	8	4	3670	4294967295	10	1
5759	74	0	153	152	0	0	8	5	3670	4294967295	5	1
5760	74	0	153	152	0	0	8	6	3670	4294967295	3	1
5761	74	0	153	152	0	0	9	0	3670	4294967295	151	1
5762	74	0	153	152	0	0	9	1	3670	4294967295	76	1
5763	74	0	153	152	0	0	9	2	3670	4294967295	38	1
5764	74	0	153	152	0	0	9	3	3670	4294967295	19	1
5765	74	0	153	152	0	0	9	4	3670	4294967295	10	1
5766	74	0	153	152	0	0	9	5	3670	4294967295	5	1
5767	74	0	153	152	0	0	9	6	3670	4294967295	3	1
5768	74	0	153	152	0	0	10	0	3670	4294967295	151	1
5769	74	0	153	152	0	0	10	1	3670	4294967295	76	1
5770	74	0	153	152	0	0	10	2	3670	4294967295	38	1
5771	74	0	153	152	0	0	10	3	3670	4294967295	19	1
5772	74	0	153	152	0	0	10	4	3670	4294967295	10	1
5773	74	0	153	152	0	0	10	5	3670	4294967295	5	1
5774	74	0	153	152	0	0	10	6	3670	4294967295	3	1
5775	75	0	155	154	0	0	0	0	3722	4294967295	153	1
5776	75	0	155	154	0	0	0	1	3722	4294967295	77	1
5777	75	0	155	154	0	0	0	2	3722	4294967295	39	1
5778	75	0	155	154	0	0	0	3	3722	4294967295	20	1
5779	75	0	155	154	0	0	0	4	3722	4294967295	10	1
5780	75	0	155	154	0	0	0	5	3722	4294967295	5	1
5781	75	0	155	154	0	0	0	6	3722	4294967295	3	1
5782	75	0	155	154	0	0	1	0	3722	4294967295	153	1
5783	75	0	155	154	0	0	1	1	3722	4294967295	77	1
5784	75	0	155	154	0	0	1	2	3722	4294967295	39	1
5785	75	0	155	154	0	0	1	3	3722	4294967295	20	1
5786	75	0	155	154	0	0	1	4	3722	4294967295	10	1
5787	75	0	155	154	0	0	1	5	3722	4294967295	5	1
5788	75	0	155	154	0	0	1	6	3722	4294967295	3	1
5789	75	0	155	154	0	0	2	0	3722	4294967295	153	1
5790	75	0	155	154	0	0	2	1	3722	4294967295	77	1
5791	75	0	155	154	0	0	2	2	3722	4294967295	39	1
5792	75	0	155	154	0	0	2	3	3722	4294967295	20	1
5793	75	0	155	154	0	0	2	4	3722	4294967295	10	1
5794	75	0	155	154	0	0	2	5	3722	4294967295	5	1
5795	75	0	155	154	0	0	2	6	3722	4294967295	3	1
5796	75	0	155	154	0	0	3	0	3722	4294967295	153	1
5797	75	0	155	154	0	0	3	1	3722	4294967295	77	1
5798	75	0	155	154	0	0	3	2	3722	4294967295	39	1
5799	75	0	155	154	0	0	3	3	3722	4294967295	20	1
5800	75	0	155	154	0	0	3	4	3722	4294967295	10	1
5801	75	0	155	154	0	0	3	5	3722	4294967295	5	1
5802	75	0	155	154	0	0	3	6	3722	4294967295	3	1
5803	75	0	155	154	0	0	4	0	3722	4294967295	153	1
5804	75	0	155	154	0	0	4	1	3722	4294967295	77	1
5805	75	0	155	154	0	0	4	2	3722	4294967295	39	1
5806	75	0	155	154	0	0	4	3	3722	4294967295	20	1
5807	75	0	155	154	0	0	4	4	3722	4294967295	10	1
5808	75	0	155	154	0	0	4	5	3722	4294967295	5	1
5809	75	0	155	154	0	0	4	6	3722	4294967295	3	1
5810	75	0	155	154	0	0	5	0	3722	4294967295	153	1
5811	75	0	155	154	0	0	5	1	3722	4294967295	77	1
5812	75	0	155	154	0	0	5	2	3722	4294967295	39	1
5813	75	0	155	154	0	0	5	3	3722	4294967295	20	1
5814	75	0	155	154	0	0	5	4	3722	4294967295	10	1
5815	75	0	155	154	0	0	5	5	3722	4294967295	5	1
5816	75	0	155	154	0	0	5	6	3722	4294967295	3	1
5817	75	0	155	154	0	0	6	0	3722	4294967295	153	1
5818	75	0	155	154	0	0	6	1	3722	4294967295	77	1
5819	75	0	155	154	0	0	6	2	3722	4294967295	39	1
5820	75	0	155	154	0	0	6	3	3722	4294967295	20	1
5821	75	0	155	154	0	0	6	4	3722	4294967295	10	1
5822	75	0	155	154	0	0	6	5	3722	4294967295	5	1
5823	75	0	155	154	0	0	6	6	3722	4294967295	3	1
5824	75	0	155	154	0	0	7	0	3722	4294967295	153	1
5825	75	0	155	154	0	0	7	1	3722	4294967295	77	1
5826	75	0	155	154	0	0	7	2	3722	4294967295	39	1
5827	75	0	155	154	0	0	7	3	3722	4294967295	20	1
5828	75	0	155	154	0	0	7	4	3722	4294967295	10	1
5829	75	0	155	154	0	0	7	5	3722	4294967295	5	1
5830	75	0	155	154	0	0	7	6	3722	4294967295	3	1
5831	75	0	155	154	0	0	8	0	3722	4294967295	153	1
5832	75	0	155	154	0	0	8	1	3722	4294967295	77	1
5833	75	0	155	154	0	0	8	2	3722	4294967295	39	1
5834	75	0	155	154	0	0	8	3	3722	4294967295	20	1
5835	75	0	155	154	0	0	8	4	3722	4294967295	10	1
5836	75	0	155	154	0	0	8	5	3722	4294967295	5	1
5837	75	0	155	154	0	0	8	6	3722	4294967295	3	1
5838	75	0	155	154	0	0	9	0	3722	4294967295	153	1
5839	75	0	155	154	0	0	9	1	3722	4294967295	77	1
5840	75	0	155	154	0	0	9	2	3722	4294967295	39	1
5841	75	0	155	154	0	0	9	3	3722	4294967295	20	1
5842	75	0	155	154	0	0	9	4	3722	4294967295	10	1
5843	75	0	155	154	0	0	9	5	3722	4294967295	5	1
5844	75	0	155	154	0	0	9	6	3722	4294967295	3	1
5845	75	0	155	154	0	0	10	0	3722	4294967295	153	1
5846	75	0	155	154	0	0	10	1	3722	4294967295	77	1
5847	75	0	155	154	0	0	10	2	3722	4294967295	39	1
5848	75	0	155	154	0	0	10	3	3722	4294967295	20	1
5849	75	0	155	154	0	0	10	4	3722	4294967295	10	1
5850	75	0	155	154	0	0	10	5	3722	4294967295	5	1
5851	75	0	155	154	0	0	10	6	3722	4294967295	3	1
5852	76	0	157	156	0	0	0	0	3774	4294967295	155	1
5853	76	0	157	156	0	0	0	1	3774	4294967295	78	1
5854	76	0	157	156	0	0	0	2	3774	4294967295	39	1
5855	76	0	157	156	0	0	0	3	3774	4294967295	20	1
5856	76	0	157	156	0	0	0	4	3774	4294967295	10	1
5857	76	0	157	156	0	0	0	5	3774	4294967295	5	1
5858	76	0	157	156	0	0	0	6	3774	4294967295	3	1
5859	76	0	157	156	0	0	1	0	3774	4294967295	155	1
5860	76	0	157	156	0	0	1	1	3774	4294967295	78	1
5861	76	0	157	156	0	0	1	2	3774	4294967295	39	1
5862	76	0	157	156	0	0	1	3	3774	4294967295	20	1
5863	76	0	157	156	0	0	1	4	3774	4294967295	10	1
5864	76	0	157	156	0	0	1	5	3774	4294967295	5	1
5865	76	0	157	156	0	0	1	6	3774	4294967295	3	1
5866	76	0	157	156	0	0	2	0	3774	4294967295	155	1
5867	76	0	157	156	0	0	2	1	3774	4294967295	78	1
5868	76	0	157	156	0	0	2	2	3774	4294967295	39	1
5869	76	0	157	156	0	0	2	3	3774	4294967295	20	1
5870	76	0	157	156	0	0	2	4	3774	4294967295	10	1
5871	76	0	157	156	0	0	2	5	3774	4294967295	5	1
5872	76	0	157	156	0	0	2	6	3774	4294967295	3	1
5873	76	0	157	156	0	0	3	0	3774	4294967295	155	1
5874	76	0	157	156	0	0	3	1	3774	4294967295	78	1
5875	76	0	157	156	0	0	3	2	3774	4294967295	39	1
5876	76	0	157	156	0	0	3	3	3774	4294967295	20	1
5877	76	0	157	156	0	0	3	4	3774	4294967295	10	1
5878	76	0	157	156	0	0	3	5	3774	4294967295	5	1
5879	76	0	157	156	0	0	3	6	3774	4294967295	3	1
5880	76	0	157	156	0	0	4	0	3774	4294967295	155	1
5881	76	0	157	156	0	0	4	1	3774	4294967295	78	1
5882	76	0	157	156	0	0	4	2	3774	4294967295	39	1
5883	76	0	157	156	0	0	4	3	3774	4294967295	20	1
5884	76	0	157	156	0	0	4	4	3774	4294967295	10	1
5885	76	0	157	156	0	0	4	5	3774	4294967295	5	1
5886	76	0	157	156	0	0	4	6	3774	4294967295	3	1
5887	76	0	157	156	0	0	5	0	3774	4294967295	155	1
5888	76	0	157	156	0	0	5	1	3774	4294967295	78	1
5889	76	0	157	156	0	0	5	2	3774	4294967295	39	1
5890	76	0	157	156	0	0	5	3	3774	4294967295	20	1
5891	76	0	157	156	0	0	5	4	3774	4294967295	10	1
5892	76	0	157	156	0	0	5	5	3774	4294967295	5	1
5893	76	0	157	156	0	0	5	6	3774	4294967295	3	1
5894	76	0	157	156	0	0	6	0	3774	4294967295	155	1
5895	76	0	157	156	0	0	6	1	3774	4294967295	78	1
5896	76	0	157	156	0	0	6	2	3774	4294967295	39	1
5897	76	0	157	156	0	0	6	3	3774	4294967295	20	1
5898	76	0	157	156	0	0	6	4	3774	4294967295	10	1
5899	76	0	157	156	0	0	6	5	3774	4294967295	5	1
5900	76	0	157	156	0	0	6	6	3774	4294967295	3	1
5901	76	0	157	156	0	0	7	0	3774	4294967295	155	1
5902	76	0	157	156	0	0	7	1	3774	4294967295	78	1
5903	76	0	157	156	0	0	7	2	3774	4294967295	39	1
5904	76	0	157	156	0	0	7	3	3774	4294967295	20	1
5905	76	0	157	156	0	0	7	4	3774	4294967295	10	1
5906	76	0	157	156	0	0	7	5	3774	4294967295	5	1
5907	76	0	157	156	0	0	7	6	3774	4294967295	3	1
5908	76	0	157	156	0	0	8	0	3774	4294967295	155	1
5909	76	0	157	156	0	0	8	1	3774	4294967295	78	1
5910	76	0	157	156	0	0	8	2	3774	4294967295	39	1
5911	76	0	157	156	0	0	8	3	3774	4294967295	20	1
5912	76	0	157	156	0	0	8	4	3774	4294967295	10	1
5913	76	0	157	156	0	0	8	5	3774	4294967295	5	1
5914	76	0	157	156	0	0	8	6	3774	4294967295	3	1
5915	76	0	157	156	0	0	9	0	3774	4294967295	155	1
5916	76	0	157	156	0	0	9	1	3774	4294967295	78	1
5917	76	0	157	156	0	0	9	2	3774	4294967295	39	1
5918	76	0	157	156	0	0	9	3	3774	4294967295	20	1
5919	76	0	157	156	0	0	9	4	3774	4294967295	10	1
5920	76	0	157	156	0	0	9	5	3774	4294967295	5	1
5921	76	0	157	156	0	0	9	6	3774	4294967295	3	1
5922	76	0	157	156	0	0	10	0	3774	4294967295	155	1
5923	76	0	157	156	0	0	10	1	3774	4294967295	78	1
5924	76	0	157	156	0	0	10	2	3774	4294967295	39	1
5925	76	0	157	156	0	0	10	3	3774	4294967295	20	1
5926	76	0	157	156	0	0	10	4	3774	4294967295	10	1
5927	76	0	157	156	0	0	10	5	3774	4294967295	5	1
5928	76	0	157	156	0	0	10	6	3774	4294967295	3	1
5929	77	0	159	158	0	0	0	0	3826	4294967295	157	1
5930	77	0	159	158	0	0	0	1	3826	4294967295	79	1
5931	77	0	159	158	0	0	0	2	3826	4294967295	40	1
5932	77	0	159	158	0	0	0	3	3826	4294967295	20	1
5933	77	0	159	158	0	0	0	4	3826	4294967295	10	1
5934	77	0	159	158	0	0	0	5	3826	4294967295	5	1
5935	77	0	159	158	0	0	0	6	3826	4294967295	3	1
5936	77	0	159	158	0	0	1	0	3826	4294967295	157	1
5937	77	0	159	158	0	0	1	1	3826	4294967295	79	1
5938	77	0	159	158	0	0	1	2	3826	4294967295	40	1
5939	77	0	159	158	0	0	1	3	3826	4294967295	20	1
5940	77	0	159	158	0	0	1	4	3826	4294967295	10	1
5941	77	0	159	158	0	0	1	5	3826	4294967295	5	1
5942	77	0	159	158	0	0	1	6	3826	4294967295	3	1
5943	77	0	159	158	0	0	2	0	3826	4294967295	157	1
5944	77	0	159	158	0	0	2	1	3826	4294967295	79	1
5945	77	0	159	158	0	0	2	2	3826	4294967295	40	1
5946	77	0	159	158	0	0	2	3	3826	4294967295	20	1
5947	77	0	159	158	0	0	2	4	3826	4294967295	10	1
5948	77	0	159	158	0	0	2	5	3826	4294967295	5	1
5949	77	0	159	158	0	0	2	6	3826	4294967295	3	1
5950	77	0	159	158	0	0	3	0	3826	4294967295	157	1
5951	77	0	159	158	0	0	3	1	3826	4294967295	79	1
5952	77	0	159	158	0	0	3	2	3826	4294967295	40	1
5953	77	0	159	158	0	0	3	3	3826	4294967295	20	1
5954	77	0	159	158	0	0	3	4	3826	4294967295	10	1
5955	77	0	159	158	0	0	3	5	3826	4294967295	5	1
5956	77	0	159	158	0	0	3	6	3826	4294967295	3	1
5957	77	0	159	158	0	0	4	0	3826	4294967295	157	1
5958	77	0	159	158	0	0	4	1	3826	4294967295	79	1
5959	77	0	159	158	0	0	4	2	3826	4294967295	40	1
5960	77	0	159	158	0	0	4	3	3826	4294967295	20	1
5961	77	0	159	158	0	0	4	4	3826	4294967295	10	1
5962	77	0	159	158	0	0	4	5	3826	4294967295	5	1
5963	77	0	159	158	0	0	4	6	3826	4294967295	3	1
5964	77	0	159	158	0	0	5	0	3826	4294967295	157	1
5965	77	0	159	158	0	0	5	1	3826	4294967295	79	1
5966	77	0	159	158	0	0	5	2	3826	4294967295	40	1
5967	77	0	159	158	0	0	5	3	3826	4294967295	20	1
5968	77	0	159	158	0	0	5	4	3826	4294967295	10	1
5969	77	0	159	158	0	0	5	5	3826	4294967295	5	1
5970	77	0	159	158	0	0	5	6	3826	4294967295	3	1
5971	77	0	159	158	0	0	6	0	3826	4294967295	157	1
5972	77	0	159	158	0	0	6	1	3826	4294967295	79	1
5973	77	0	159	158	0	0	6	2	3826	4294967295	40	1
5974	77	0	159	158	0	0	6	3	3826	4294967295	20	1
5975	77	0	159	158	0	0	6	4	3826	4294967295	10	1
5976	77	0	159	158	0	0	6	5	3826	4294967295	5	1
5977	77	0	159	158	0	0	6	6	3826	4294967295	3	1
5978	77	0	159	158	0	0	7	0	3826	4294967295	157	1
5979	77	0	159	158	0	0	7	1	3826	4294967295	79	1
5980	77	0	159	158	0	0	7	2	3826	4294967295	40	1
5981	77	0	159	158	0	0	7	3	3826	4294967295	20	1
5982	77	0	159	158	0	0	7	4	3826	4294967295	10	1
5983	77	0	159	158	0	0	7	5	3826	4294967295	5	1
5984	77	0	159	158	0	0	7	6	3826	4294967295	3	1
5985	77	0	159	158	0	0	8	0	3826	4294967295	157	1
5986	77	0	159	158	0	0	8	1	3826	4294967295	79	1
5987	77	0	159	158	0	0	8	2	3826	4294967295	40	1
5988	77	0	159	158	0	0	8	3	3826	4294967295	20	1
5989	77	0	159	158	0	0	8	4	3826	4294967295	10	1
5990	77	0	159	158	0	0	8	5	3826	4294967295	5	1
5991	77	0	159	158	0	0	8	6	3826	4294967295	3	1
5992	77	0	159	158	0	0	9	0	3826	4294967295	157	1
5993	77	0	159	158	0	0	9	1	3826	4294967295	79	1
5994	77	0	159	158	0	0	9	2	3826	4294967295	40	1
5995	77	0	159	158	0	0	9	3	3826	4294967295	20	1
5996	77	0	159	158	0	0	9	4	3826	4294967295	10	1
5997	77	0	159	158	0	0	9	5	3826	4294967295	5	1
5998	77	0	159	158	0	0	9	6	3826	4294967295	3	1
5999	77	0	159	158	0	0	10	0	3826	4294967295	157	1
6000	77	0	159	158	0	0	10	1	3826	4294967295	79	1
6001	77	0	159	158	0	0	10	2	3826	4294967295	40	1
6002	77	0	159	158	0	0	10	3	3826	4294967295	20	1
6003	77	0	159	158	0	0	10	4	3826	4294967295	10	1
6004	77	0	159	158	0	0	10	5	3826	4294967295	5	1
6005	77	0	159	158	0	0	10	6	3826	4294967295	3	1
6006	78	0	161	160	0	0	0	0	4002	4294967295	159	1
6007	78	0	161	160	0	0	0	1	4002	4294967295	80	1
6008	78	0	161	160	0	0	0	2	4002	4294967295	40	1
6009	78	0	161	160	0	0	0	3	4002	4294967295	20	1
6010	78	0	161	160	0	0	0	4	4002	4294967295	10	1
6011	78	0	161	160	0	0	0	5	4002	4294967295	5	1
6012	78	0	161	160	0	0	0	6	4002	4294967295	3	1
6013	78	0	161	160	0	0	1	0	4002	4294967295	159	1
6014	78	0	161	160	0	0	1	1	4002	4294967295	80	1
6015	78	0	161	160	0	0	1	2	4002	4294967295	40	1
6016	78	0	161	160	0	0	1	3	4002	4294967295	20	1
6017	78	0	161	160	0	0	1	4	4002	4294967295	10	1
6018	78	0	161	160	0	0	1	5	4002	4294967295	5	1
6019	78	0	161	160	0	0	1	6	4002	4294967295	3	1
6020	78	0	161	160	0	0	2	0	4002	4294967295	159	1
6021	78	0	161	160	0	0	2	1	4002	4294967295	80	1
6022	78	0	161	160	0	0	2	2	4002	4294967295	40	1
6023	78	0	161	160	0	0	2	3	4002	4294967295	20	1
6024	78	0	161	160	0	0	2	4	4002	4294967295	10	1
6025	78	0	161	160	0	0	2	5	4002	4294967295	5	1
6026	78	0	161	160	0	0	2	6	4002	4294967295	3	1
6027	78	0	161	160	0	0	3	0	4002	4294967295	159	1
6028	78	0	161	160	0	0	3	1	4002	4294967295	80	1
6029	78	0	161	160	0	0	3	2	4002	4294967295	40	1
6030	78	0	161	160	0	0	3	3	4002	4294967295	20	1
6031	78	0	161	160	0	0	3	4	4002	4294967295	10	1
6032	78	0	161	160	0	0	3	5	4002	4294967295	5	1
6033	78	0	161	160	0	0	3	6	4002	4294967295	3	1
6034	78	0	161	160	0	0	4	0	4002	4294967295	159	1
6035	78	0	161	160	0	0	4	1	4002	4294967295	80	1
6036	78	0	161	160	0	0	4	2	4002	4294967295	40	1
6037	78	0	161	160	0	0	4	3	4002	4294967295	20	1
6038	78	0	161	160	0	0	4	4	4002	4294967295	10	1
6039	78	0	161	160	0	0	4	5	4002	4294967295	5	1
6040	78	0	161	160	0	0	4	6	4002	4294967295	3	1
6041	78	0	161	160	0	0	5	0	4002	4294967295	159	1
6042	78	0	161	160	0	0	5	1	4002	4294967295	80	1
6043	78	0	161	160	0	0	5	2	4002	4294967295	40	1
6044	78	0	161	160	0	0	5	3	4002	4294967295	20	1
6045	78	0	161	160	0	0	5	4	4002	4294967295	10	1
6046	78	0	161	160	0	0	5	5	4002	4294967295	5	1
6047	78	0	161	160	0	0	5	6	4002	4294967295	3	1
6048	78	0	161	160	0	0	6	0	4002	4294967295	159	1
6049	78	0	161	160	0	0	6	1	4002	4294967295	80	1
6050	78	0	161	160	0	0	6	2	4002	4294967295	40	1
6051	78	0	161	160	0	0	6	3	4002	4294967295	20	1
6052	78	0	161	160	0	0	6	4	4002	4294967295	10	1
6053	78	0	161	160	0	0	6	5	4002	4294967295	5	1
6054	78	0	161	160	0	0	6	6	4002	4294967295	3	1
6055	78	0	161	160	0	0	7	0	4002	4294967295	159	1
6056	78	0	161	160	0	0	7	1	4002	4294967295	80	1
6057	78	0	161	160	0	0	7	2	4002	4294967295	40	1
6058	78	0	161	160	0	0	7	3	4002	4294967295	20	1
6059	78	0	161	160	0	0	7	4	4002	4294967295	10	1
6060	78	0	161	160	0	0	7	5	4002	4294967295	5	1
6061	78	0	161	160	0	0	7	6	4002	4294967295	3	1
6062	78	0	161	160	0	0	8	0	4002	4294967295	159	1
6063	78	0	161	160	0	0	8	1	4002	4294967295	80	1
6064	78	0	161	160	0	0	8	2	4002	4294967295	40	1
6065	78	0	161	160	0	0	8	3	4002	4294967295	20	1
6066	78	0	161	160	0	0	8	4	4002	4294967295	10	1
6067	78	0	161	160	0	0	8	5	4002	4294967295	5	1
6068	78	0	161	160	0	0	8	6	4002	4294967295	3	1
6069	78	0	161	160	0	0	9	0	4002	4294967295	159	1
6070	78	0	161	160	0	0	9	1	4002	4294967295	80	1
6071	78	0	161	160	0	0	9	2	4002	4294967295	40	1
6072	78	0	161	160	0	0	9	3	4002	4294967295	20	1
6073	78	0	161	160	0	0	9	4	4002	4294967295	10	1
6074	78	0	161	160	0	0	9	5	4002	4294967295	5	1
6075	78	0	161	160	0	0	9	6	4002	4294967295	3	1
6076	78	0	161	160	0	0	10	0	4002	4294967295	159	1
6077	78	0	161	160	0	0	10	1	4002	4294967295	80	1
6078	78	0	161	160	0	0	10	2	4002	4294967295	40	1
6079	78	0	161	160	0	0	10	3	4002	4294967295	20	1
6080	78	0	161	160	0	0	10	4	4002	4294967295	10	1
6081	78	0	161	160	0	0	10	5	4002	4294967295	5	1
6082	78	0	161	160	0	0	10	6	4002	4294967295	3	1
6083	79	0	163	162	0	0	0	0	4062	4294967295	161	1
6084	79	0	163	162	0	0	0	1	4062	4294967295	81	1
6085	79	0	163	162	0	0	0	2	4062	4294967295	41	1
6086	79	0	163	162	0	0	0	3	4062	4294967295	21	1
6087	79	0	163	162	0	0	0	4	4062	4294967295	11	1
6088	79	0	163	162	0	0	0	5	4062	4294967295	6	1
6089	79	0	163	162	0	0	0	6	4062	4294967295	3	1
6090	79	0	163	162	0	0	1	0	4062	4294967295	161	1
6091	79	0	163	162	0	0	1	1	4062	4294967295	81	1
6092	79	0	163	162	0	0	1	2	4062	4294967295	41	1
6093	79	0	163	162	0	0	1	3	4062	4294967295	21	1
6094	79	0	163	162	0	0	1	4	4062	4294967295	11	1
6095	79	0	163	162	0	0	1	5	4062	4294967295	6	1
6096	79	0	163	162	0	0	1	6	4062	4294967295	3	1
6097	79	0	163	162	0	0	2	0	4062	4294967295	161	1
6098	79	0	163	162	0	0	2	1	4062	4294967295	81	1
6099	79	0	163	162	0	0	2	2	4062	4294967295	41	1
6100	79	0	163	162	0	0	2	3	4062	4294967295	21	1
6101	79	0	163	162	0	0	2	4	4062	4294967295	11	1
6102	79	0	163	162	0	0	2	5	4062	4294967295	6	1
6103	79	0	163	162	0	0	2	6	4062	4294967295	3	1
6104	79	0	163	162	0	0	3	0	4062	4294967295	161	1
6105	79	0	163	162	0	0	3	1	4062	4294967295	81	1
6106	79	0	163	162	0	0	3	2	4062	4294967295	41	1
6107	79	0	163	162	0	0	3	3	4062	4294967295	21	1
6108	79	0	163	162	0	0	3	4	4062	4294967295	11	1
6109	79	0	163	162	0	0	3	5	4062	4294967295	6	1
6110	79	0	163	162	0	0	3	6	4062	4294967295	3	1
6111	79	0	163	162	0	0	4	0	4062	4294967295	161	1
6112	79	0	163	162	0	0	4	1	4062	4294967295	81	1
6113	79	0	163	162	0	0	4	2	4062	4294967295	41	1
6114	79	0	163	162	0	0	4	3	4062	4294967295	21	1
6115	79	0	163	162	0	0	4	4	4062	4294967295	11	1
6116	79	0	163	162	0	0	4	5	4062	4294967295	6	1
6117	79	0	163	162	0	0	4	6	4062	4294967295	3	1
6118	79	0	163	162	0	0	5	0	4062	4294967295	161	1
6119	79	0	163	162	0	0	5	1	4062	4294967295	81	1
6120	79	0	163	162	0	0	5	2	4062	4294967295	41	1
6121	79	0	163	162	0	0	5	3	4062	4294967295	21	1
6122	79	0	163	162	0	0	5	4	4062	4294967295	11	1
6123	79	0	163	162	0	0	5	5	4062	4294967295	6	1
6124	79	0	163	162	0	0	5	6	4062	4294967295	3	1
6125	79	0	163	162	0	0	6	0	4062	4294967295	161	1
6126	79	0	163	162	0	0	6	1	4062	4294967295	81	1
6127	79	0	163	162	0	0	6	2	4062	4294967295	41	1
6128	79	0	163	162	0	0	6	3	4062	4294967295	21	1
6129	79	0	163	162	0	0	6	4	4062	4294967295	11	1
6130	79	0	163	162	0	0	6	5	4062	4294967295	6	1
6131	79	0	163	162	0	0	6	6	4062	4294967295	3	1
6132	79	0	163	162	0	0	7	0	4062	4294967295	161	1
6133	79	0	163	162	0	0	7	1	4062	4294967295	81	1
6134	79	0	163	162	0	0	7	2	4062	4294967295	41	1
6135	79	0	163	162	0	0	7	3	4062	4294967295	21	1
6136	79	0	163	162	0	0	7	4	4062	4294967295	11	1
6137	79	0	163	162	0	0	7	5	4062	4294967295	6	1
6138	79	0	163	162	0	0	7	6	4062	4294967295	3	1
6139	79	0	163	162	0	0	8	0	4062	4294967295	161	1
6140	79	0	163	162	0	0	8	1	4062	4294967295	81	1
6141	79	0	163	162	0	0	8	2	4062	4294967295	41	1
6142	79	0	163	162	0	0	8	3	4062	4294967295	21	1
6143	79	0	163	162	0	0	8	4	4062	4294967295	11	1
6144	79	0	163	162	0	0	8	5	4062	4294967295	6	1
6145	79	0	163	162	0	0	8	6	4062	4294967295	3	1
6146	79	0	163	162	0	0	9	0	4062	4294967295	161	1
6147	79	0	163	162	0	0	9	1	4062	4294967295	81	1
6148	79	0	163	162	0	0	9	2	4062	4294967295	41	1
6149	79	0	163	162	0	0	9	3	4062	4294967295	21	1
6150	79	0	163	162	0	0	9	4	4062	4294967295	11	1
6151	79	0	163	162	0	0	9	5	4062	4294967295	6	1
6152	79	0	163	162	0	0	9	6	4062	4294967295	3	1
6153	79	0	163	162	0	0	10	0	4062	4294967295	161	1
6154	79	0	163	162	0	0	10	1	4062	4294967295	81	1
6155	79	0	163	162	0	0	10	2	4062	4294967295	41	1
6156	79	0	163	162	0	0	10	3	4062	4294967295	21	1
6157	79	0	163	162	0	0	10	4	4062	4294967295	11	1
6158	79	0	163	162	0	0	10	5	4062	4294967295	6	1
6159	79	0	163	162	0	0	10	6	4062	4294967295	3	1
6160	80	0	165	164	0	0	0	0	4122	4294967295	163	1
6161	80	0	165	164	0	0	0	1	4122	4294967295	82	1
6162	80	0	165	164	0	0	0	2	4122	4294967295	41	1
6163	80	0	165	164	0	0	0	3	4122	4294967295	21	1
6164	80	0	165	164	0	0	0	4	4122	4294967295	11	1
6165	80	0	165	164	0	0	0	5	4122	4294967295	6	1
6166	80	0	165	164	0	0	0	6	4122	4294967295	3	1
6167	80	0	165	164	0	0	1	0	4122	4294967295	163	1
6168	80	0	165	164	0	0	1	1	4122	4294967295	82	1
6169	80	0	165	164	0	0	1	2	4122	4294967295	41	1
6170	80	0	165	164	0	0	1	3	4122	4294967295	21	1
6171	80	0	165	164	0	0	1	4	4122	4294967295	11	1
6172	80	0	165	164	0	0	1	5	4122	4294967295	6	1
6173	80	0	165	164	0	0	1	6	4122	4294967295	3	1
6174	80	0	165	164	0	0	2	0	4122	4294967295	163	1
6175	80	0	165	164	0	0	2	1	4122	4294967295	82	1
6176	80	0	165	164	0	0	2	2	4122	4294967295	41	1
6177	80	0	165	164	0	0	2	3	4122	4294967295	21	1
6178	80	0	165	164	0	0	2	4	4122	4294967295	11	1
6179	80	0	165	164	0	0	2	5	4122	4294967295	6	1
6180	80	0	165	164	0	0	2	6	4122	4294967295	3	1
6181	80	0	165	164	0	0	3	0	4122	4294967295	163	1
6182	80	0	165	164	0	0	3	1	4122	4294967295	82	1
6183	80	0	165	164	0	0	3	2	4122	4294967295	41	1
6184	80	0	165	164	0	0	3	3	4122	4294967295	21	1
6185	80	0	165	164	0	0	3	4	4122	4294967295	11	1
6186	80	0	165	164	0	0	3	5	4122	4294967295	6	1
6187	80	0	165	164	0	0	3	6	4122	4294967295	3	1
6188	80	0	165	164	0	0	4	0	4122	4294967295	163	1
6189	80	0	165	164	0	0	4	1	4122	4294967295	82	1
6190	80	0	165	164	0	0	4	2	4122	4294967295	41	1
6191	80	0	165	164	0	0	4	3	4122	4294967295	21	1
6192	80	0	165	164	0	0	4	4	4122	4294967295	11	1
6193	80	0	165	164	0	0	4	5	4122	4294967295	6	1
6194	80	0	165	164	0	0	4	6	4122	4294967295	3	1
6195	80	0	165	164	0	0	5	0	4122	4294967295	163	1
6196	80	0	165	164	0	0	5	1	4122	4294967295	82	1
6197	80	0	165	164	0	0	5	2	4122	4294967295	41	1
6198	80	0	165	164	0	0	5	3	4122	4294967295	21	1
6199	80	0	165	164	0	0	5	4	4122	4294967295	11	1
6200	80	0	165	164	0	0	5	5	4122	4294967295	6	1
6201	80	0	165	164	0	0	5	6	4122	4294967295	3	1
6202	80	0	165	164	0	0	6	0	4122	4294967295	163	1
6203	80	0	165	164	0	0	6	1	4122	4294967295	82	1
6204	80	0	165	164	0	0	6	2	4122	4294967295	41	1
6205	80	0	165	164	0	0	6	3	4122	4294967295	21	1
6206	80	0	165	164	0	0	6	4	4122	4294967295	11	1
6207	80	0	165	164	0	0	6	5	4122	4294967295	6	1
6208	80	0	165	164	0	0	6	6	4122	4294967295	3	1
6209	80	0	165	164	0	0	7	0	4122	4294967295	163	1
6210	80	0	165	164	0	0	7	1	4122	4294967295	82	1
6211	80	0	165	164	0	0	7	2	4122	4294967295	41	1
6212	80	0	165	164	0	0	7	3	4122	4294967295	21	1
6213	80	0	165	164	0	0	7	4	4122	4294967295	11	1
6214	80	0	165	164	0	0	7	5	4122	4294967295	6	1
6215	80	0	165	164	0	0	7	6	4122	4294967295	3	1
6216	80	0	165	164	0	0	8	0	4122	4294967295	163	1
6217	80	0	165	164	0	0	8	1	4122	4294967295	82	1
6218	80	0	165	164	0	0	8	2	4122	4294967295	41	1
6219	80	0	165	164	0	0	8	3	4122	4294967295	21	1
6220	80	0	165	164	0	0	8	4	4122	4294967295	11	1
6221	80	0	165	164	0	0	8	5	4122	4294967295	6	1
6222	80	0	165	164	0	0	8	6	4122	4294967295	3	1
6223	80	0	165	164	0	0	9	0	4122	4294967295	163	1
6224	80	0	165	164	0	0	9	1	4122	4294967295	82	1
6225	80	0	165	164	0	0	9	2	4122	4294967295	41	1
6226	80	0	165	164	0	0	9	3	4122	4294967295	21	1
6227	80	0	165	164	0	0	9	4	4122	4294967295	11	1
6228	80	0	165	164	0	0	9	5	4122	4294967295	6	1
6229	80	0	165	164	0	0	9	6	4122	4294967295	3	1
6230	80	0	165	164	0	0	10	0	4122	4294967295	163	1
6231	80	0	165	164	0	0	10	1	4122	4294967295	82	1
6232	80	0	165	164	0	0	10	2	4122	4294967295	41	1
6233	80	0	165	164	0	0	10	3	4122	4294967295	21	1
6234	80	0	165	164	0	0	10	4	4122	4294967295	11	1
6235	80	0	165	164	0	0	10	5	4122	4294967295	6	1
6236	80	0	165	164	0	0	10	6	4122	4294967295	3	1
6237	81	0	167	166	0	0	0	0	4182	4294967295	165	1
6238	81	0	167	166	0	0	0	1	4182	4294967295	83	1
6239	81	0	167	166	0	0	0	2	4182	4294967295	42	1
6240	81	0	167	166	0	0	0	3	4182	4294967295	21	1
6241	81	0	167	166	0	0	0	4	4182	4294967295	11	1
6242	81	0	167	166	0	0	0	5	4182	4294967295	6	1
6243	81	0	167	166	0	0	0	6	4182	4294967295	3	1
6244	81	0	167	166	0	0	1	0	4182	4294967295	165	1
6245	81	0	167	166	0	0	1	1	4182	4294967295	83	1
6246	81	0	167	166	0	0	1	2	4182	4294967295	42	1
6247	81	0	167	166	0	0	1	3	4182	4294967295	21	1
6248	81	0	167	166	0	0	1	4	4182	4294967295	11	1
6249	81	0	167	166	0	0	1	5	4182	4294967295	6	1
6250	81	0	167	166	0	0	1	6	4182	4294967295	3	1
6251	81	0	167	166	0	0	2	0	4182	4294967295	165	1
6252	81	0	167	166	0	0	2	1	4182	4294967295	83	1
6253	81	0	167	166	0	0	2	2	4182	4294967295	42	1
6254	81	0	167	166	0	0	2	3	4182	4294967295	21	1
6255	81	0	167	166	0	0	2	4	4182	4294967295	11	1
6256	81	0	167	166	0	0	2	5	4182	4294967295	6	1
6257	81	0	167	166	0	0	2	6	4182	4294967295	3	1
6258	81	0	167	166	0	0	3	0	4182	4294967295	165	1
6259	81	0	167	166	0	0	3	1	4182	4294967295	83	1
6260	81	0	167	166	0	0	3	2	4182	4294967295	42	1
6261	81	0	167	166	0	0	3	3	4182	4294967295	21	1
6262	81	0	167	166	0	0	3	4	4182	4294967295	11	1
6263	81	0	167	166	0	0	3	5	4182	4294967295	6	1
6264	81	0	167	166	0	0	3	6	4182	4294967295	3	1
6265	81	0	167	166	0	0	4	0	4182	4294967295	165	1
6266	81	0	167	166	0	0	4	1	4182	4294967295	83	1
6267	81	0	167	166	0	0	4	2	4182	4294967295	42	1
6268	81	0	167	166	0	0	4	3	4182	4294967295	21	1
6269	81	0	167	166	0	0	4	4	4182	4294967295	11	1
6270	81	0	167	166	0	0	4	5	4182	4294967295	6	1
6271	81	0	167	166	0	0	4	6	4182	4294967295	3	1
6272	81	0	167	166	0	0	5	0	4182	4294967295	165	1
6273	81	0	167	166	0	0	5	1	4182	4294967295	83	1
6274	81	0	167	166	0	0	5	2	4182	4294967295	42	1
6275	81	0	167	166	0	0	5	3	4182	4294967295	21	1
6276	81	0	167	166	0	0	5	4	4182	4294967295	11	1
6277	81	0	167	166	0	0	5	5	4182	4294967295	6	1
6278	81	0	167	166	0	0	5	6	4182	4294967295	3	1
6279	81	0	167	166	0	0	6	0	4182	4294967295	165	1
6280	81	0	167	166	0	0	6	1	4182	4294967295	83	1
6281	81	0	167	166	0	0	6	2	4182	4294967295	42	1
6282	81	0	167	166	0	0	6	3	4182	4294967295	21	1
6283	81	0	167	166	0	0	6	4	4182	4294967295	11	1
6284	81	0	167	166	0	0	6	5	4182	4294967295	6	1
6285	81	0	167	166	0	0	6	6	4182	4294967295	3	1
6286	81	0	167	166	0	0	7	0	4182	4294967295	165	1
6287	81	0	167	166	0	0	7	1	4182	4294967295	83	1
6288	81	0	167	166	0	0	7	2	4182	4294967295	42	1
6289	81	0	167	166	0	0	7	3	4182	4294967295	21	1
6290	81	0	167	166	0	0	7	4	4182	4294967295	11	1
6291	81	0	167	166	0	0	7	5	4182	4294967295	6	1
6292	81	0	167	166	0	0	7	6	4182	4294967295	3	1
6293	81	0	167	166	0	0	8	0	4182	4294967295	165	1
6294	81	0	167	166	0	0	8	1	4182	4294967295	83	1
6295	81	0	167	166	0	0	8	2	4182	4294967295	42	1
6296	81	0	167	166	0	0	8	3	4182	4294967295	21	1
6297	81	0	167	166	0	0	8	4	4182	4294967295	11	1
6298	81	0	167	166	0	0	8	5	4182	4294967295	6	1
6299	81	0	167	166	0	0	8	6	4182	4294967295	3	1
6300	81	0	167	166	0	0	9	0	4182	4294967295	165	1
6301	81	0	167	166	0	0	9	1	4182	4294967295	83	1
6302	81	0	167	166	0	0	9	2	4182	4294967295	42	1
6303	81	0	167	166	0	0	9	3	4182	4294967295	21	1
6304	81	0	167	166	0	0	9	4	4182	4294967295	11	1
6305	81	0	167	166	0	0	9	5	4182	4294967295	6	1
6306	81	0	167	166	0	0	9	6	4182	4294967295	3	1
6307	81	0	167	166	0	0	10	0	4182	4294967295	165	1
6308	81	0	167	166	0	0	10	1	4182	4294967295	83	1
6309	81	0	167	166	0	0	10	2	4182	4294967295	42	1
6310	81	0	167	166	0	0	10	3	4182	4294967295	21	1
6311	81	0	167	166	0	0	10	4	4182	4294967295	11	1
6312	81	0	167	166	0	0	10	5	4182	4294967295	6	1
6313	81	0	167	166	0	0	10	6	4182	4294967295	3	1
6314	82	0	169	168	0	0	0	0	4242	4294967295	167	1
6315	82	0	169	168	0	0	0	1	4242	4294967295	84	1
6316	82	0	169	168	0	0	0	2	4242	4294967295	42	1
6317	82	0	169	168	0	0	0	3	4242	4294967295	21	1
6318	82	0	169	168	0	0	0	4	4242	4294967295	11	1
6319	82	0	169	168	0	0	0	5	4242	4294967295	6	1
6320	82	0	169	168	0	0	0	6	4242	4294967295	3	1
6321	82	0	169	168	0	0	1	0	4242	4294967295	167	1
6322	82	0	169	168	0	0	1	1	4242	4294967295	84	1
6323	82	0	169	168	0	0	1	2	4242	4294967295	42	1
6324	82	0	169	168	0	0	1	3	4242	4294967295	21	1
6325	82	0	169	168	0	0	1	4	4242	4294967295	11	1
6326	82	0	169	168	0	0	1	5	4242	4294967295	6	1
6327	82	0	169	168	0	0	1	6	4242	4294967295	3	1
6328	82	0	169	168	0	0	2	0	4242	4294967295	167	1
6329	82	0	169	168	0	0	2	1	4242	4294967295	84	1
6330	82	0	169	168	0	0	2	2	4242	4294967295	42	1
6331	82	0	169	168	0	0	2	3	4242	4294967295	21	1
6332	82	0	169	168	0	0	2	4	4242	4294967295	11	1
6333	82	0	169	168	0	0	2	5	4242	4294967295	6	1
6334	82	0	169	168	0	0	2	6	4242	4294967295	3	1
6335	82	0	169	168	0	0	3	0	4242	4294967295	167	1
6336	82	0	169	168	0	0	3	1	4242	4294967295	84	1
6337	82	0	169	168	0	0	3	2	4242	4294967295	42	1
6338	82	0	169	168	0	0	3	3	4242	4294967295	21	1
6339	82	0	169	168	0	0	3	4	4242	4294967295	11	1
6340	82	0	169	168	0	0	3	5	4242	4294967295	6	1
6341	82	0	169	168	0	0	3	6	4242	4294967295	3	1
6342	82	0	169	168	0	0	4	0	4242	4294967295	167	1
6343	82	0	169	168	0	0	4	1	4242	4294967295	84	1
6344	82	0	169	168	0	0	4	2	4242	4294967295	42	1
6345	82	0	169	168	0	0	4	3	4242	4294967295	21	1
6346	82	0	169	168	0	0	4	4	4242	4294967295	11	1
6347	82	0	169	168	0	0	4	5	4242	4294967295	6	1
6348	82	0	169	168	0	0	4	6	4242	4294967295	3	1
6349	82	0	169	168	0	0	5	0	4242	4294967295	167	1
6350	82	0	169	168	0	0	5	1	4242	4294967295	84	1
6351	82	0	169	168	0	0	5	2	4242	4294967295	42	1
6352	82	0	169	168	0	0	5	3	4242	4294967295	21	1
6353	82	0	169	168	0	0	5	4	4242	4294967295	11	1
6354	82	0	169	168	0	0	5	5	4242	4294967295	6	1
6355	82	0	169	168	0	0	5	6	4242	4294967295	3	1
6356	82	0	169	168	0	0	6	0	4242	4294967295	167	1
6357	82	0	169	168	0	0	6	1	4242	4294967295	84	1
6358	82	0	169	168	0	0	6	2	4242	4294967295	42	1
6359	82	0	169	168	0	0	6	3	4242	4294967295	21	1
6360	82	0	169	168	0	0	6	4	4242	4294967295	11	1
6361	82	0	169	168	0	0	6	5	4242	4294967295	6	1
6362	82	0	169	168	0	0	6	6	4242	4294967295	3	1
6363	82	0	169	168	0	0	7	0	4242	4294967295	167	1
6364	82	0	169	168	0	0	7	1	4242	4294967295	84	1
6365	82	0	169	168	0	0	7	2	4242	4294967295	42	1
6366	82	0	169	168	0	0	7	3	4242	4294967295	21	1
6367	82	0	169	168	0	0	7	4	4242	4294967295	11	1
6368	82	0	169	168	0	0	7	5	4242	4294967295	6	1
6369	82	0	169	168	0	0	7	6	4242	4294967295	3	1
6370	82	0	169	168	0	0	8	0	4242	4294967295	167	1
6371	82	0	169	168	0	0	8	1	4242	4294967295	84	1
6372	82	0	169	168	0	0	8	2	4242	4294967295	42	1
6373	82	0	169	168	0	0	8	3	4242	4294967295	21	1
6374	82	0	169	168	0	0	8	4	4242	4294967295	11	1
6375	82	0	169	168	0	0	8	5	4242	4294967295	6	1
6376	82	0	169	168	0	0	8	6	4242	4294967295	3	1
6377	82	0	169	168	0	0	9	0	4242	4294967295	167	1
6378	82	0	169	168	0	0	9	1	4242	4294967295	84	1
6379	82	0	169	168	0	0	9	2	4242	4294967295	42	1
6380	82	0	169	168	0	0	9	3	4242	4294967295	21	1
6381	82	0	169	168	0	0	9	4	4242	4294967295	11	1
6382	82	0	169	168	0	0	9	5	4242	4294967295	6	1
6383	82	0	169	168	0	0	9	6	4242	4294967295	3	1
6384	82	0	169	168	0	0	10	0	4242	4294967295	167	1
6385	82	0	169	168	0	0	10	1	4242	4294967295	84	1
6386	82	0	169	168	0	0	10	2	4242	4294967295	42	1
6387	82	0	169	168	0	0	10	3	4242	4294967295	21	1
6388	82	0	169	168	0	0	10	4	4242	4294967295	11	1
6389	82	0	169	168	0	0	10	5	4242	4294967295	6	1
6390	82	0	169	168	0	0	10	6	4242	4294967295	3	1
6391	83	0	171	170	0	0	0	0	4302	4294967295	169	1
6392	83	0	171	170	0	0	0	1	4302	4294967295	85	1
6393	83	0	171	170	0	0	0	2	4302	4294967295	43	1
6394	83	0	171	170	0	0	0	3	4302	4294967295	22	1
6395	83	0	171	170	0	0	0	4	4302	4294967295	11	1
6396	83	0	171	170	0	0	0	5	4302	4294967295	6	1
6397	83	0	171	170	0	0	0	6	4302	4294967295	3	1
6398	83	0	171	170	0	0	1	0	4302	4294967295	169	1
6399	83	0	171	170	0	0	1	1	4302	4294967295	85	1
6400	83	0	171	170	0	0	1	2	4302	4294967295	43	1
6401	83	0	171	170	0	0	1	3	4302	4294967295	22	1
6402	83	0	171	170	0	0	1	4	4302	4294967295	11	1
6403	83	0	171	170	0	0	1	5	4302	4294967295	6	1
6404	83	0	171	170	0	0	1	6	4302	4294967295	3	1
6405	83	0	171	170	0	0	2	0	4302	4294967295	169	1
6406	83	0	171	170	0	0	2	1	4302	4294967295	85	1
6407	83	0	171	170	0	0	2	2	4302	4294967295	43	1
6408	83	0	171	170	0	0	2	3	4302	4294967295	22	1
6409	83	0	171	170	0	0	2	4	4302	4294967295	11	1
6410	83	0	171	170	0	0	2	5	4302	4294967295	6	1
6411	83	0	171	170	0	0	2	6	4302	4294967295	3	1
6412	83	0	171	170	0	0	3	0	4302	4294967295	169	1
6413	83	0	171	170	0	0	3	1	4302	4294967295	85	1
6414	83	0	171	170	0	0	3	2	4302	4294967295	43	1
6415	83	0	171	170	0	0	3	3	4302	4294967295	22	1
6416	83	0	171	170	0	0	3	4	4302	4294967295	11	1
6417	83	0	171	170	0	0	3	5	4302	4294967295	6	1
6418	83	0	171	170	0	0	3	6	4302	4294967295	3	1
6419	83	0	171	170	0	0	4	0	4302	4294967295	169	1
6420	83	0	171	170	0	0	4	1	4302	4294967295	85	1
6421	83	0	171	170	0	0	4	2	4302	4294967295	43	1
6422	83	0	171	170	0	0	4	3	4302	4294967295	22	1
6423	83	0	171	170	0	0	4	4	4302	4294967295	11	1
6424	83	0	171	170	0	0	4	5	4302	4294967295	6	1
6425	83	0	171	170	0	0	4	6	4302	4294967295	3	1
6426	83	0	171	170	0	0	5	0	4302	4294967295	169	1
6427	83	0	171	170	0	0	5	1	4302	4294967295	85	1
6428	83	0	171	170	0	0	5	2	4302	4294967295	43	1
6429	83	0	171	170	0	0	5	3	4302	4294967295	22	1
6430	83	0	171	170	0	0	5	4	4302	4294967295	11	1
6431	83	0	171	170	0	0	5	5	4302	4294967295	6	1
6432	83	0	171	170	0	0	5	6	4302	4294967295	3	1
6433	83	0	171	170	0	0	6	0	4302	4294967295	169	1
6434	83	0	171	170	0	0	6	1	4302	4294967295	85	1
6435	83	0	171	170	0	0	6	2	4302	4294967295	43	1
6436	83	0	171	170	0	0	6	3	4302	4294967295	22	1
6437	83	0	171	170	0	0	6	4	4302	4294967295	11	1
6438	83	0	171	170	0	0	6	5	4302	4294967295	6	1
6439	83	0	171	170	0	0	6	6	4302	4294967295	3	1
6440	83	0	171	170	0	0	7	0	4302	4294967295	169	1
6441	83	0	171	170	0	0	7	1	4302	4294967295	85	1
6442	83	0	171	170	0	0	7	2	4302	4294967295	43	1
6443	83	0	171	170	0	0	7	3	4302	4294967295	22	1
6444	83	0	171	170	0	0	7	4	4302	4294967295	11	1
6445	83	0	171	170	0	0	7	5	4302	4294967295	6	1
6446	83	0	171	170	0	0	7	6	4302	4294967295	3	1
6447	83	0	171	170	0	0	8	0	4302	4294967295	169	1
6448	83	0	171	170	0	0	8	1	4302	4294967295	85	1
6449	83	0	171	170	0	0	8	2	4302	4294967295	43	1
6450	83	0	171	170	0	0	8	3	4302	4294967295	22	1
6451	83	0	171	170	0	0	8	4	4302	4294967295	11	1
6452	83	0	171	170	0	0	8	5	4302	4294967295	6	1
6453	83	0	171	170	0	0	8	6	4302	4294967295	3	1
6454	83	0	171	170	0	0	9	0	4302	4294967295	169	1
6455	83	0	171	170	0	0	9	1	4302	4294967295	85	1
6456	83	0	171	170	0	0	9	2	4302	4294967295	43	1
6457	83	0	171	170	0	0	9	3	4302	4294967295	22	1
6458	83	0	171	170	0	0	9	4	4302	4294967295	11	1
6459	83	0	171	170	0	0	9	5	4302	4294967295	6	1
6460	83	0	171	170	0	0	9	6	4302	4294967295	3	1
6461	83	0	171	170	0	0	10	0	4302	4294967295	169	1
6462	83	0	171	170	0	0	10	1	4302	4294967295	85	1
6463	83	0	171	170	0	0	10	2	4302	4294967295	43	1
6464	83	0	171	170	0	0	10	3	4302	4294967295	22	1
6465	83	0	171	170	0	0	10	4	4302	4294967295	11	1
6466	83	0	171	170	0	0	10	5	4302	4294967295	6	1
6467	83	0	171	170	0	0	10	6	4302	4294967295	3	1
6468	84	0	173	172	0	0	0	0	4362	4294967295	171	1
6469	84	0	173	172	0	0	0	1	4362	4294967295	86	1
6470	84	0	173	172	0	0	0	2	4362	4294967295	43	1
6471	84	0	173	172	0	0	0	3	4362	4294967295	22	1
6472	84	0	173	172	0	0	0	4	4362	4294967295	11	1
6473	84	0	173	172	0	0	0	5	4362	4294967295	6	1
6474	84	0	173	172	0	0	0	6	4362	4294967295	3	1
6475	84	0	173	172	0	0	1	0	4362	4294967295	171	1
6476	84	0	173	172	0	0	1	1	4362	4294967295	86	1
6477	84	0	173	172	0	0	1	2	4362	4294967295	43	1
6478	84	0	173	172	0	0	1	3	4362	4294967295	22	1
6479	84	0	173	172	0	0	1	4	4362	4294967295	11	1
6480	84	0	173	172	0	0	1	5	4362	4294967295	6	1
6481	84	0	173	172	0	0	1	6	4362	4294967295	3	1
6482	84	0	173	172	0	0	2	0	4362	4294967295	171	1
6483	84	0	173	172	0	0	2	1	4362	4294967295	86	1
6484	84	0	173	172	0	0	2	2	4362	4294967295	43	1
6485	84	0	173	172	0	0	2	3	4362	4294967295	22	1
6486	84	0	173	172	0	0	2	4	4362	4294967295	11	1
6487	84	0	173	172	0	0	2	5	4362	4294967295	6	1
6488	84	0	173	172	0	0	2	6	4362	4294967295	3	1
6489	84	0	173	172	0	0	3	0	4362	4294967295	171	1
6490	84	0	173	172	0	0	3	1	4362	4294967295	86	1
6491	84	0	173	172	0	0	3	2	4362	4294967295	43	1
6492	84	0	173	172	0	0	3	3	4362	4294967295	22	1
6493	84	0	173	172	0	0	3	4	4362	4294967295	11	1
6494	84	0	173	172	0	0	3	5	4362	4294967295	6	1
6495	84	0	173	172	0	0	3	6	4362	4294967295	3	1
6496	84	0	173	172	0	0	4	0	4362	4294967295	171	1
6497	84	0	173	172	0	0	4	1	4362	4294967295	86	1
6498	84	0	173	172	0	0	4	2	4362	4294967295	43	1
6499	84	0	173	172	0	0	4	3	4362	4294967295	22	1
6500	84	0	173	172	0	0	4	4	4362	4294967295	11	1
6501	84	0	173	172	0	0	4	5	4362	4294967295	6	1
6502	84	0	173	172	0	0	4	6	4362	4294967295	3	1
6503	84	0	173	172	0	0	5	0	4362	4294967295	171	1
6504	84	0	173	172	0	0	5	1	4362	4294967295	86	1
6505	84	0	173	172	0	0	5	2	4362	4294967295	43	1
6506	84	0	173	172	0	0	5	3	4362	4294967295	22	1
6507	84	0	173	172	0	0	5	4	4362	4294967295	11	1
6508	84	0	173	172	0	0	5	5	4362	4294967295	6	1
6509	84	0	173	172	0	0	5	6	4362	4294967295	3	1
6510	84	0	173	172	0	0	6	0	4362	4294967295	171	1
6511	84	0	173	172	0	0	6	1	4362	4294967295	86	1
6512	84	0	173	172	0	0	6	2	4362	4294967295	43	1
6513	84	0	173	172	0	0	6	3	4362	4294967295	22	1
6514	84	0	173	172	0	0	6	4	4362	4294967295	11	1
6515	84	0	173	172	0	0	6	5	4362	4294967295	6	1
6516	84	0	173	172	0	0	6	6	4362	4294967295	3	1
6517	84	0	173	172	0	0	7	0	4362	4294967295	171	1
6518	84	0	173	172	0	0	7	1	4362	4294967295	86	1
6519	84	0	173	172	0	0	7	2	4362	4294967295	43	1
6520	84	0	173	172	0	0	7	3	4362	4294967295	22	1
6521	84	0	173	172	0	0	7	4	4362	4294967295	11	1
6522	84	0	173	172	0	0	7	5	4362	4294967295	6	1
6523	84	0	173	172	0	0	7	6	4362	4294967295	3	1
6524	84	0	173	172	0	0	8	0	4362	4294967295	171	1
6525	84	0	173	172	0	0	8	1	4362	4294967295	86	1
6526	84	0	173	172	0	0	8	2	4362	4294967295	43	1
6527	84	0	173	172	0	0	8	3	4362	4294967295	22	1
6528	84	0	173	172	0	0	8	4	4362	4294967295	11	1
6529	84	0	173	172	0	0	8	5	4362	4294967295	6	1
6530	84	0	173	172	0	0	8	6	4362	4294967295	3	1
6531	84	0	173	172	0	0	9	0	4362	4294967295	171	1
6532	84	0	173	172	0	0	9	1	4362	4294967295	86	1
6533	84	0	173	172	0	0	9	2	4362	4294967295	43	1
6534	84	0	173	172	0	0	9	3	4362	4294967295	22	1
6535	84	0	173	172	0	0	9	4	4362	4294967295	11	1
6536	84	0	173	172	0	0	9	5	4362	4294967295	6	1
6537	84	0	173	172	0	0	9	6	4362	4294967295	3	1
6538	84	0	173	172	0	0	10	0	4362	4294967295	171	1
6539	84	0	173	172	0	0	10	1	4362	4294967295	86	1
6540	84	0	173	172	0	0	10	2	4362	4294967295	43	1
6541	84	0	173	172	0	0	10	3	4362	4294967295	22	1
6542	84	0	173	172	0	0	10	4	4362	4294967295	11	1
6543	84	0	173	172	0	0	10	5	4362	4294967295	6	1
6544	84	0	173	172	0	0	10	6	4362	4294967295	3	1
6545	85	0	175	174	0	0	0	0	4422	4294967295	173	1
6546	85	0	175	174	0	0	0	1	4422	4294967295	87	1
6547	85	0	175	174	0	0	0	2	4422	4294967295	44	1
6548	85	0	175	174	0	0	0	3	4422	4294967295	22	1
6549	85	0	175	174	0	0	0	4	4422	4294967295	11	1
6550	85	0	175	174	0	0	0	5	4422	4294967295	6	1
6551	85	0	175	174	0	0	0	6	4422	4294967295	3	1
6552	85	0	175	174	0	0	1	0	4422	4294967295	173	1
6553	85	0	175	174	0	0	1	1	4422	4294967295	87	1
6554	85	0	175	174	0	0	1	2	4422	4294967295	44	1
6555	85	0	175	174	0	0	1	3	4422	4294967295	22	1
6556	85	0	175	174	0	0	1	4	4422	4294967295	11	1
6557	85	0	175	174	0	0	1	5	4422	4294967295	6	1
6558	85	0	175	174	0	0	1	6	4422	4294967295	3	1
6559	85	0	175	174	0	0	2	0	4422	4294967295	173	1
6560	85	0	175	174	0	0	2	1	4422	4294967295	87	1
6561	85	0	175	174	0	0	2	2	4422	4294967295	44	1
6562	85	0	175	174	0	0	2	3	4422	4294967295	22	1
6563	85	0	175	174	0	0	2	4	4422	4294967295	11	1
6564	85	0	175	174	0	0	2	5	4422	4294967295	6	1
6565	85	0	175	174	0	0	2	6	4422	4294967295	3	1
6566	85	0	175	174	0	0	3	0	4422	4294967295	173	1
6567	85	0	175	174	0	0	3	1	4422	4294967295	87	1
6568	85	0	175	174	0	0	3	2	4422	4294967295	44	1
6569	85	0	175	174	0	0	3	3	4422	4294967295	22	1
6570	85	0	175	174	0	0	3	4	4422	4294967295	11	1
6571	85	0	175	174	0	0	3	5	4422	4294967295	6	1
6572	85	0	175	174	0	0	3	6	4422	4294967295	3	1
6573	85	0	175	174	0	0	4	0	4422	4294967295	173	1
6574	85	0	175	174	0	0	4	1	4422	4294967295	87	1
6575	85	0	175	174	0	0	4	2	4422	4294967295	44	1
6576	85	0	175	174	0	0	4	3	4422	4294967295	22	1
6577	85	0	175	174	0	0	4	4	4422	4294967295	11	1
6578	85	0	175	174	0	0	4	5	4422	4294967295	6	1
6579	85	0	175	174	0	0	4	6	4422	4294967295	3	1
6580	85	0	175	174	0	0	5	0	4422	4294967295	173	1
6581	85	0	175	174	0	0	5	1	4422	4294967295	87	1
6582	85	0	175	174	0	0	5	2	4422	4294967295	44	1
6583	85	0	175	174	0	0	5	3	4422	4294967295	22	1
6584	85	0	175	174	0	0	5	4	4422	4294967295	11	1
6585	85	0	175	174	0	0	5	5	4422	4294967295	6	1
6586	85	0	175	174	0	0	5	6	4422	4294967295	3	1
6587	85	0	175	174	0	0	6	0	4422	4294967295	173	1
6588	85	0	175	174	0	0	6	1	4422	4294967295	87	1
6589	85	0	175	174	0	0	6	2	4422	4294967295	44	1
6590	85	0	175	174	0	0	6	3	4422	4294967295	22	1
6591	85	0	175	174	0	0	6	4	4422	4294967295	11	1
6592	85	0	175	174	0	0	6	5	4422	4294967295	6	1
6593	85	0	175	174	0	0	6	6	4422	4294967295	3	1
6594	85	0	175	174	0	0	7	0	4422	4294967295	173	1
6595	85	0	175	174	0	0	7	1	4422	4294967295	87	1
6596	85	0	175	174	0	0	7	2	4422	4294967295	44	1
6597	85	0	175	174	0	0	7	3	4422	4294967295	22	1
6598	85	0	175	174	0	0	7	4	4422	4294967295	11	1
6599	85	0	175	174	0	0	7	5	4422	4294967295	6	1
6600	85	0	175	174	0	0	7	6	4422	4294967295	3	1
6601	85	0	175	174	0	0	8	0	4422	4294967295	173	1
6602	85	0	175	174	0	0	8	1	4422	4294967295	87	1
6603	85	0	175	174	0	0	8	2	4422	4294967295	44	1
6604	85	0	175	174	0	0	8	3	4422	4294967295	22	1
6605	85	0	175	174	0	0	8	4	4422	4294967295	11	1
6606	85	0	175	174	0	0	8	5	4422	4294967295	6	1
6607	85	0	175	174	0	0	8	6	4422	4294967295	3	1
6608	85	0	175	174	0	0	9	0	4422	4294967295	173	1
6609	85	0	175	174	0	0	9	1	4422	4294967295	87	1
6610	85	0	175	174	0	0	9	2	4422	4294967295	44	1
6611	85	0	175	174	0	0	9	3	4422	4294967295	22	1
6612	85	0	175	174	0	0	9	4	4422	4294967295	11	1
6613	85	0	175	174	0	0	9	5	4422	4294967295	6	1
6614	85	0	175	174	0	0	9	6	4422	4294967295	3	1
6615	85	0	175	174	0	0	10	0	4422	4294967295	173	1
6616	85	0	175	174	0	0	10	1	4422	4294967295	87	1
6617	85	0	175	174	0	0	10	2	4422	4294967295	44	1
6618	85	0	175	174	0	0	10	3	4422	4294967295	22	1
6619	85	0	175	174	0	0	10	4	4422	4294967295	11	1
6620	85	0	175	174	0	0	10	5	4422	4294967295	6	1
6621	85	0	175	174	0	0	10	6	4422	4294967295	3	1
6622	86	0	177	176	0	0	0	0	4482	4294967295	175	1
6623	86	0	177	176	0	0	0	1	4482	4294967295	88	1
6624	86	0	177	176	0	0	0	2	4482	4294967295	44	1
6625	86	0	177	176	0	0	0	3	4482	4294967295	22	1
6626	86	0	177	176	0	0	0	4	4482	4294967295	11	1
6627	86	0	177	176	0	0	0	5	4482	4294967295	6	1
6628	86	0	177	176	0	0	0	6	4482	4294967295	3	1
6629	86	0	177	176	0	0	1	0	4482	4294967295	175	1
6630	86	0	177	176	0	0	1	1	4482	4294967295	88	1
6631	86	0	177	176	0	0	1	2	4482	4294967295	44	1
6632	86	0	177	176	0	0	1	3	4482	4294967295	22	1
6633	86	0	177	176	0	0	1	4	4482	4294967295	11	1
6634	86	0	177	176	0	0	1	5	4482	4294967295	6	1
6635	86	0	177	176	0	0	1	6	4482	4294967295	3	1
6636	86	0	177	176	0	0	2	0	4482	4294967295	175	1
6637	86	0	177	176	0	0	2	1	4482	4294967295	88	1
6638	86	0	177	176	0	0	2	2	4482	4294967295	44	1
6639	86	0	177	176	0	0	2	3	4482	4294967295	22	1
6640	86	0	177	176	0	0	2	4	4482	4294967295	11	1
6641	86	0	177	176	0	0	2	5	4482	4294967295	6	1
6642	86	0	177	176	0	0	2	6	4482	4294967295	3	1
6643	86	0	177	176	0	0	3	0	4482	4294967295	175	1
6644	86	0	177	176	0	0	3	1	4482	4294967295	88	1
6645	86	0	177	176	0	0	3	2	4482	4294967295	44	1
6646	86	0	177	176	0	0	3	3	4482	4294967295	22	1
6647	86	0	177	176	0	0	3	4	4482	4294967295	11	1
6648	86	0	177	176	0	0	3	5	4482	4294967295	6	1
6649	86	0	177	176	0	0	3	6	4482	4294967295	3	1
6650	86	0	177	176	0	0	4	0	4482	4294967295	175	1
6651	86	0	177	176	0	0	4	1	4482	4294967295	88	1
6652	86	0	177	176	0	0	4	2	4482	4294967295	44	1
6653	86	0	177	176	0	0	4	3	4482	4294967295	22	1
6654	86	0	177	176	0	0	4	4	4482	4294967295	11	1
6655	86	0	177	176	0	0	4	5	4482	4294967295	6	1
6656	86	0	177	176	0	0	4	6	4482	4294967295	3	1
6657	86	0	177	176	0	0	5	0	4482	4294967295	175	1
6658	86	0	177	176	0	0	5	1	4482	4294967295	88	1
6659	86	0	177	176	0	0	5	2	4482	4294967295	44	1
6660	86	0	177	176	0	0	5	3	4482	4294967295	22	1
6661	86	0	177	176	0	0	5	4	4482	4294967295	11	1
6662	86	0	177	176	0	0	5	5	4482	4294967295	6	1
6663	86	0	177	176	0	0	5	6	4482	4294967295	3	1
6664	86	0	177	176	0	0	6	0	4482	4294967295	175	1
6665	86	0	177	176	0	0	6	1	4482	4294967295	88	1
6666	86	0	177	176	0	0	6	2	4482	4294967295	44	1
6667	86	0	177	176	0	0	6	3	4482	4294967295	22	1
6668	86	0	177	176	0	0	6	4	4482	4294967295	11	1
6669	86	0	177	176	0	0	6	5	4482	4294967295	6	1
6670	86	0	177	176	0	0	6	6	4482	4294967295	3	1
6671	86	0	177	176	0	0	7	0	4482	4294967295	175	1
6672	86	0	177	176	0	0	7	1	4482	4294967295	88	1
6673	86	0	177	176	0	0	7	2	4482	4294967295	44	1
6674	86	0	177	176	0	0	7	3	4482	4294967295	22	1
6675	86	0	177	176	0	0	7	4	4482	4294967295	11	1
6676	86	0	177	176	0	0	7	5	4482	4294967295	6	1
6677	86	0	177	176	0	0	7	6	4482	4294967295	3	1
6678	86	0	177	176	0	0	8	0	4482	4294967295	175	1
6679	86	0	177	176	0	0	8	1	4482	4294967295	88	1
6680	86	0	177	176	0	0	8	2	4482	4294967295	44	1
6681	86	0	177	176	0	0	8	3	4482	4294967295	22	1
6682	86	0	177	176	0	0	8	4	4482	4294967295	11	1
6683	86	0	177	176	0	0	8	5	4482	4294967295	6	1
6684	86	0	177	176	0	0	8	6	4482	4294967295	3	1
6685	86	0	177	176	0	0	9	0	4482	4294967295	175	1
6686	86	0	177	176	0	0	9	1	4482	4294967295	88	1
6687	86	0	177	176	0	0	9	2	4482	4294967295	44	1
6688	86	0	177	176	0	0	9	3	4482	4294967295	22	1
6689	86	0	177	176	0	0	9	4	4482	4294967295	11	1
6690	86	0	177	176	0	0	9	5	4482	4294967295	6	1
6691	86	0	177	176	0	0	9	6	4482	4294967295	3	1
6692	86	0	177	176	0	0	10	0	4482	4294967295	175	1
6693	86	0	177	176	0	0	10	1	4482	4294967295	88	1
6694	86	0	177	176	0	0	10	2	4482	4294967295	44	1
6695	86	0	177	176	0	0	10	3	4482	4294967295	22	1
6696	86	0	177	176	0	0	10	4	4482	4294967295	11	1
6697	86	0	177	176	0	0	10	5	4482	4294967295	6	1
6698	86	0	177	176	0	0	10	6	4482	4294967295	3	1
6699	87	0	179	178	0	0	0	0	4542	4294967295	177	1
6700	87	0	179	178	0	0	0	1	4542	4294967295	89	1
6701	87	0	179	178	0	0	0	2	4542	4294967295	45	1
6702	87	0	179	178	0	0	0	3	4542	4294967295	23	1
6703	87	0	179	178	0	0	0	4	4542	4294967295	12	1
6704	87	0	179	178	0	0	0	5	4542	4294967295	6	1
6705	87	0	179	178	0	0	0	6	4542	4294967295	3	1
6706	87	0	179	178	0	0	1	0	4542	4294967295	177	1
6707	87	0	179	178	0	0	1	1	4542	4294967295	89	1
6708	87	0	179	178	0	0	1	2	4542	4294967295	45	1
6709	87	0	179	178	0	0	1	3	4542	4294967295	23	1
6710	87	0	179	178	0	0	1	4	4542	4294967295	12	1
6711	87	0	179	178	0	0	1	5	4542	4294967295	6	1
6712	87	0	179	178	0	0	1	6	4542	4294967295	3	1
6713	87	0	179	178	0	0	2	0	4542	4294967295	177	1
6714	87	0	179	178	0	0	2	1	4542	4294967295	89	1
6715	87	0	179	178	0	0	2	2	4542	4294967295	45	1
6716	87	0	179	178	0	0	2	3	4542	4294967295	23	1
6717	87	0	179	178	0	0	2	4	4542	4294967295	12	1
6718	87	0	179	178	0	0	2	5	4542	4294967295	6	1
6719	87	0	179	178	0	0	2	6	4542	4294967295	3	1
6720	87	0	179	178	0	0	3	0	4542	4294967295	177	1
6721	87	0	179	178	0	0	3	1	4542	4294967295	89	1
6722	87	0	179	178	0	0	3	2	4542	4294967295	45	1
6723	87	0	179	178	0	0	3	3	4542	4294967295	23	1
6724	87	0	179	178	0	0	3	4	4542	4294967295	12	1
6725	87	0	179	178	0	0	3	5	4542	4294967295	6	1
6726	87	0	179	178	0	0	3	6	4542	4294967295	3	1
6727	87	0	179	178	0	0	4	0	4542	4294967295	177	1
6728	87	0	179	178	0	0	4	1	4542	4294967295	89	1
6729	87	0	179	178	0	0	4	2	4542	4294967295	45	1
6730	87	0	179	178	0	0	4	3	4542	4294967295	23	1
6731	87	0	179	178	0	0	4	4	4542	4294967295	12	1
6732	87	0	179	178	0	0	4	5	4542	4294967295	6	1
6733	87	0	179	178	0	0	4	6	4542	4294967295	3	1
6734	87	0	179	178	0	0	5	0	4542	4294967295	177	1
6735	87	0	179	178	0	0	5	1	4542	4294967295	89	1
6736	87	0	179	178	0	0	5	2	4542	4294967295	45	1
6737	87	0	179	178	0	0	5	3	4542	4294967295	23	1
6738	87	0	179	178	0	0	5	4	4542	4294967295	12	1
6739	87	0	179	178	0	0	5	5	4542	4294967295	6	1
6740	87	0	179	178	0	0	5	6	4542	4294967295	3	1
6741	87	0	179	178	0	0	6	0	4542	4294967295	177	1
6742	87	0	179	178	0	0	6	1	4542	4294967295	89	1
6743	87	0	179	178	0	0	6	2	4542	4294967295	45	1
6744	87	0	179	178	0	0	6	3	4542	4294967295	23	1
6745	87	0	179	178	0	0	6	4	4542	4294967295	12	1
6746	87	0	179	178	0	0	6	5	4542	4294967295	6	1
6747	87	0	179	178	0	0	6	6	4542	4294967295	3	1
6748	87	0	179	178	0	0	7	0	4542	4294967295	177	1
6749	87	0	179	178	0	0	7	1	4542	4294967295	89	1
6750	87	0	179	178	0	0	7	2	4542	4294967295	45	1
6751	87	0	179	178	0	0	7	3	4542	4294967295	23	1
6752	87	0	179	178	0	0	7	4	4542	4294967295	12	1
6753	87	0	179	178	0	0	7	5	4542	4294967295	6	1
6754	87	0	179	178	0	0	7	6	4542	4294967295	3	1
6755	87	0	179	178	0	0	8	0	4542	4294967295	177	1
6756	87	0	179	178	0	0	8	1	4542	4294967295	89	1
6757	87	0	179	178	0	0	8	2	4542	4294967295	45	1
6758	87	0	179	178	0	0	8	3	4542	4294967295	23	1
6759	87	0	179	178	0	0	8	4	4542	4294967295	12	1
6760	87	0	179	178	0	0	8	5	4542	4294967295	6	1
6761	87	0	179	178	0	0	8	6	4542	4294967295	3	1
6762	87	0	179	178	0	0	9	0	4542	4294967295	177	1
6763	87	0	179	178	0	0	9	1	4542	4294967295	89	1
6764	87	0	179	178	0	0	9	2	4542	4294967295	45	1
6765	87	0	179	178	0	0	9	3	4542	4294967295	23	1
6766	87	0	179	178	0	0	9	4	4542	4294967295	12	1
6767	87	0	179	178	0	0	9	5	4542	4294967295	6	1
6768	87	0	179	178	0	0	9	6	4542	4294967295	3	1
6769	87	0	179	178	0	0	10	0	4542	4294967295	177	1
6770	87	0	179	178	0	0	10	1	4542	4294967295	89	1
6771	87	0	179	178	0	0	10	2	4542	4294967295	45	1
6772	87	0	179	178	0	0	10	3	4542	4294967295	23	1
6773	87	0	179	178	0	0	10	4	4542	4294967295	12	1
6774	87	0	179	178	0	0	10	5	4542	4294967295	6	1
6775	87	0	179	178	0	0	10	6	4542	4294967295	3	1
6776	88	0	181	180	0	0	0	0	4602	4294967295	179	1
6777	88	0	181	180	0	0	0	1	4602	4294967295	90	1
6778	88	0	181	180	0	0	0	2	4602	4294967295	45	1
6779	88	0	181	180	0	0	0	3	4602	4294967295	23	1
6780	88	0	181	180	0	0	0	4	4602	4294967295	12	1
6781	88	0	181	180	0	0	0	5	4602	4294967295	6	1
6782	88	0	181	180	0	0	0	6	4602	4294967295	3	1
6783	88	0	181	180	0	0	1	0	4602	4294967295	179	1
6784	88	0	181	180	0	0	1	1	4602	4294967295	90	1
6785	88	0	181	180	0	0	1	2	4602	4294967295	45	1
6786	88	0	181	180	0	0	1	3	4602	4294967295	23	1
6787	88	0	181	180	0	0	1	4	4602	4294967295	12	1
6788	88	0	181	180	0	0	1	5	4602	4294967295	6	1
6789	88	0	181	180	0	0	1	6	4602	4294967295	3	1
6790	88	0	181	180	0	0	2	0	4602	4294967295	179	1
6791	88	0	181	180	0	0	2	1	4602	4294967295	90	1
6792	88	0	181	180	0	0	2	2	4602	4294967295	45	1
6793	88	0	181	180	0	0	2	3	4602	4294967295	23	1
6794	88	0	181	180	0	0	2	4	4602	4294967295	12	1
6795	88	0	181	180	0	0	2	5	4602	4294967295	6	1
6796	88	0	181	180	0	0	2	6	4602	4294967295	3	1
6797	88	0	181	180	0	0	3	0	4602	4294967295	179	1
6798	88	0	181	180	0	0	3	1	4602	4294967295	90	1
6799	88	0	181	180	0	0	3	2	4602	4294967295	45	1
6800	88	0	181	180	0	0	3	3	4602	4294967295	23	1
6801	88	0	181	180	0	0	3	4	4602	4294967295	12	1
6802	88	0	181	180	0	0	3	5	4602	4294967295	6	1
6803	88	0	181	180	0	0	3	6	4602	4294967295	3	1
6804	88	0	181	180	0	0	4	0	4602	4294967295	179	1
6805	88	0	181	180	0	0	4	1	4602	4294967295	90	1
6806	88	0	181	180	0	0	4	2	4602	4294967295	45	1
6807	88	0	181	180	0	0	4	3	4602	4294967295	23	1
6808	88	0	181	180	0	0	4	4	4602	4294967295	12	1
6809	88	0	181	180	0	0	4	5	4602	4294967295	6	1
6810	88	0	181	180	0	0	4	6	4602	4294967295	3	1
6811	88	0	181	180	0	0	5	0	4602	4294967295	179	1
6812	88	0	181	180	0	0	5	1	4602	4294967295	90	1
6813	88	0	181	180	0	0	5	2	4602	4294967295	45	1
6814	88	0	181	180	0	0	5	3	4602	4294967295	23	1
6815	88	0	181	180	0	0	5	4	4602	4294967295	12	1
6816	88	0	181	180	0	0	5	5	4602	4294967295	6	1
6817	88	0	181	180	0	0	5	6	4602	4294967295	3	1
6818	88	0	181	180	0	0	6	0	4602	4294967295	179	1
6819	88	0	181	180	0	0	6	1	4602	4294967295	90	1
6820	88	0	181	180	0	0	6	2	4602	4294967295	45	1
6821	88	0	181	180	0	0	6	3	4602	4294967295	23	1
6822	88	0	181	180	0	0	6	4	4602	4294967295	12	1
6823	88	0	181	180	0	0	6	5	4602	4294967295	6	1
6824	88	0	181	180	0	0	6	6	4602	4294967295	3	1
6825	88	0	181	180	0	0	7	0	4602	4294967295	179	1
6826	88	0	181	180	0	0	7	1	4602	4294967295	90	1
6827	88	0	181	180	0	0	7	2	4602	4294967295	45	1
6828	88	0	181	180	0	0	7	3	4602	4294967295	23	1
6829	88	0	181	180	0	0	7	4	4602	4294967295	12	1
6830	88	0	181	180	0	0	7	5	4602	4294967295	6	1
6831	88	0	181	180	0	0	7	6	4602	4294967295	3	1
6832	88	0	181	180	0	0	8	0	4602	4294967295	179	1
6833	88	0	181	180	0	0	8	1	4602	4294967295	90	1
6834	88	0	181	180	0	0	8	2	4602	4294967295	45	1
6835	88	0	181	180	0	0	8	3	4602	4294967295	23	1
6836	88	0	181	180	0	0	8	4	4602	4294967295	12	1
6837	88	0	181	180	0	0	8	5	4602	4294967295	6	1
6838	88	0	181	180	0	0	8	6	4602	4294967295	3	1
6839	88	0	181	180	0	0	9	0	4602	4294967295	179	1
6840	88	0	181	180	0	0	9	1	4602	4294967295	90	1
6841	88	0	181	180	0	0	9	2	4602	4294967295	45	1
6842	88	0	181	180	0	0	9	3	4602	4294967295	23	1
6843	88	0	181	180	0	0	9	4	4602	4294967295	12	1
6844	88	0	181	180	0	0	9	5	4602	4294967295	6	1
6845	88	0	181	180	0	0	9	6	4602	4294967295	3	1
6846	88	0	181	180	0	0	10	0	4602	4294967295	179	1
6847	88	0	181	180	0	0	10	1	4602	4294967295	90	1
6848	88	0	181	180	0	0	10	2	4602	4294967295	45	1
6849	88	0	181	180	0	0	10	3	4602	4294967295	23	1
6850	88	0	181	180	0	0	10	4	4602	4294967295	12	1
6851	88	0	181	180	0	0	10	5	4602	4294967295	6	1
6852	88	0	181	180	0	0	10	6	4602	4294967295	3	1
6853	89	0	183	182	0	0	0	0	4662	4294967295	181	1
6854	89	0	183	182	0	0	0	1	4662	4294967295	91	1
6855	89	0	183	182	0	0	0	2	4662	4294967295	46	1
6856	89	0	183	182	0	0	0	3	4662	4294967295	23	1
6857	89	0	183	182	0	0	0	4	4662	4294967295	12	1
6858	89	0	183	182	0	0	0	5	4662	4294967295	6	1
6859	89	0	183	182	0	0	0	6	4662	4294967295	3	1
6860	89	0	183	182	0	0	1	0	4662	4294967295	181	1
6861	89	0	183	182	0	0	1	1	4662	4294967295	91	1
6862	89	0	183	182	0	0	1	2	4662	4294967295	46	1
6863	89	0	183	182	0	0	1	3	4662	4294967295	23	1
6864	89	0	183	182	0	0	1	4	4662	4294967295	12	1
6865	89	0	183	182	0	0	1	5	4662	4294967295	6	1
6866	89	0	183	182	0	0	1	6	4662	4294967295	3	1
6867	89	0	183	182	0	0	2	0	4662	4294967295	181	1
6868	89	0	183	182	0	0	2	1	4662	4294967295	91	1
6869	89	0	183	182	0	0	2	2	4662	4294967295	46	1
6870	89	0	183	182	0	0	2	3	4662	4294967295	23	1
6871	89	0	183	182	0	0	2	4	4662	4294967295	12	1
6872	89	0	183	182	0	0	2	5	4662	4294967295	6	1
6873	89	0	183	182	0	0	2	6	4662	4294967295	3	1
6874	89	0	183	182	0	0	3	0	4662	4294967295	181	1
6875	89	0	183	182	0	0	3	1	4662	4294967295	91	1
6876	89	0	183	182	0	0	3	2	4662	4294967295	46	1
6877	89	0	183	182	0	0	3	3	4662	4294967295	23	1
6878	89	0	183	182	0	0	3	4	4662	4294967295	12	1
6879	89	0	183	182	0	0	3	5	4662	4294967295	6	1
6880	89	0	183	182	0	0	3	6	4662	4294967295	3	1
6881	89	0	183	182	0	0	4	0	4662	4294967295	181	1
6882	89	0	183	182	0	0	4	1	4662	4294967295	91	1
6883	89	0	183	182	0	0	4	2	4662	4294967295	46	1
6884	89	0	183	182	0	0	4	3	4662	4294967295	23	1
6885	89	0	183	182	0	0	4	4	4662	4294967295	12	1
6886	89	0	183	182	0	0	4	5	4662	4294967295	6	1
6887	89	0	183	182	0	0	4	6	4662	4294967295	3	1
6888	89	0	183	182	0	0	5	0	4662	4294967295	181	1
6889	89	0	183	182	0	0	5	1	4662	4294967295	91	1
6890	89	0	183	182	0	0	5	2	4662	4294967295	46	1
6891	89	0	183	182	0	0	5	3	4662	4294967295	23	1
6892	89	0	183	182	0	0	5	4	4662	4294967295	12	1
6893	89	0	183	182	0	0	5	5	4662	4294967295	6	1
6894	89	0	183	182	0	0	5	6	4662	4294967295	3	1
6895	89	0	183	182	0	0	6	0	4662	4294967295	181	1
6896	89	0	183	182	0	0	6	1	4662	4294967295	91	1
6897	89	0	183	182	0	0	6	2	4662	4294967295	46	1
6898	89	0	183	182	0	0	6	3	4662	4294967295	23	1
6899	89	0	183	182	0	0	6	4	4662	4294967295	12	1
6900	89	0	183	182	0	0	6	5	4662	4294967295	6	1
6901	89	0	183	182	0	0	6	6	4662	4294967295	3	1
6902	89	0	183	182	0	0	7	0	4662	4294967295	181	1
6903	89	0	183	182	0	0	7	1	4662	4294967295	91	1
6904	89	0	183	182	0	0	7	2	4662	4294967295	46	1
6905	89	0	183	182	0	0	7	3	4662	4294967295	23	1
6906	89	0	183	182	0	0	7	4	4662	4294967295	12	1
6907	89	0	183	182	0	0	7	5	4662	4294967295	6	1
6908	89	0	183	182	0	0	7	6	4662	4294967295	3	1
6909	89	0	183	182	0	0	8	0	4662	4294967295	181	1
6910	89	0	183	182	0	0	8	1	4662	4294967295	91	1
6911	89	0	183	182	0	0	8	2	4662	4294967295	46	1
6912	89	0	183	182	0	0	8	3	4662	4294967295	23	1
6913	89	0	183	182	0	0	8	4	4662	4294967295	12	1
6914	89	0	183	182	0	0	8	5	4662	4294967295	6	1
6915	89	0	183	182	0	0	8	6	4662	4294967295	3	1
6916	89	0	183	182	0	0	9	0	4662	4294967295	181	1
6917	89	0	183	182	0	0	9	1	4662	4294967295	91	1
6918	89	0	183	182	0	0	9	2	4662	4294967295	46	1
6919	89	0	183	182	0	0	9	3	4662	4294967295	23	1
6920	89	0	183	182	0	0	9	4	4662	4294967295	12	1
6921	89	0	183	182	0	0	9	5	4662	4294967295	6	1
6922	89	0	183	182	0	0	9	6	4662	4294967295	3	1
6923	89	0	183	182	0	0	10	0	4662	4294967295	181	1
6924	89	0	183	182	0	0	10	1	4662	4294967295	91	1
6925	89	0	183	182	0	0	10	2	4662	4294967295	46	1
6926	89	0	183	182	0	0	10	3	4662	4294967295	23	1
6927	89	0	183	182	0	0	10	4	4662	4294967295	12	1
6928	89	0	183	182	0	0	10	5	4662	4294967295	6	1
6929	89	0	183	182	0	0	10	6	4662	4294967295	3	1
6930	90	0	185	184	0	0	0	0	4722	4294967295	183	1
6931	90	0	185	184	0	0	0	1	4722	4294967295	92	1
6932	90	0	185	184	0	0	0	2	4722	4294967295	46	1
6933	90	0	185	184	0	0	0	3	4722	4294967295	23	1
6934	90	0	185	184	0	0	0	4	4722	4294967295	12	1
6935	90	0	185	184	0	0	0	5	4722	4294967295	6	1
6936	90	0	185	184	0	0	0	6	4722	4294967295	3	1
6937	90	0	185	184	0	0	1	0	4722	4294967295	183	1
6938	90	0	185	184	0	0	1	1	4722	4294967295	92	1
6939	90	0	185	184	0	0	1	2	4722	4294967295	46	1
6940	90	0	185	184	0	0	1	3	4722	4294967295	23	1
6941	90	0	185	184	0	0	1	4	4722	4294967295	12	1
6942	90	0	185	184	0	0	1	5	4722	4294967295	6	1
6943	90	0	185	184	0	0	1	6	4722	4294967295	3	1
6944	90	0	185	184	0	0	2	0	4722	4294967295	183	1
6945	90	0	185	184	0	0	2	1	4722	4294967295	92	1
6946	90	0	185	184	0	0	2	2	4722	4294967295	46	1
6947	90	0	185	184	0	0	2	3	4722	4294967295	23	1
6948	90	0	185	184	0	0	2	4	4722	4294967295	12	1
6949	90	0	185	184	0	0	2	5	4722	4294967295	6	1
6950	90	0	185	184	0	0	2	6	4722	4294967295	3	1
6951	90	0	185	184	0	0	3	0	4722	4294967295	183	1
6952	90	0	185	184	0	0	3	1	4722	4294967295	92	1
6953	90	0	185	184	0	0	3	2	4722	4294967295	46	1
6954	90	0	185	184	0	0	3	3	4722	4294967295	23	1
6955	90	0	185	184	0	0	3	4	4722	4294967295	12	1
6956	90	0	185	184	0	0	3	5	4722	4294967295	6	1
6957	90	0	185	184	0	0	3	6	4722	4294967295	3	1
6958	90	0	185	184	0	0	4	0	4722	4294967295	183	1
6959	90	0	185	184	0	0	4	1	4722	4294967295	92	1
6960	90	0	185	184	0	0	4	2	4722	4294967295	46	1
6961	90	0	185	184	0	0	4	3	4722	4294967295	23	1
6962	90	0	185	184	0	0	4	4	4722	4294967295	12	1
6963	90	0	185	184	0	0	4	5	4722	4294967295	6	1
6964	90	0	185	184	0	0	4	6	4722	4294967295	3	1
6965	90	0	185	184	0	0	5	0	4722	4294967295	183	1
6966	90	0	185	184	0	0	5	1	4722	4294967295	92	1
6967	90	0	185	184	0	0	5	2	4722	4294967295	46	1
6968	90	0	185	184	0	0	5	3	4722	4294967295	23	1
6969	90	0	185	184	0	0	5	4	4722	4294967295	12	1
6970	90	0	185	184	0	0	5	5	4722	4294967295	6	1
6971	90	0	185	184	0	0	5	6	4722	4294967295	3	1
6972	90	0	185	184	0	0	6	0	4722	4294967295	183	1
6973	90	0	185	184	0	0	6	1	4722	4294967295	92	1
6974	90	0	185	184	0	0	6	2	4722	4294967295	46	1
6975	90	0	185	184	0	0	6	3	4722	4294967295	23	1
6976	90	0	185	184	0	0	6	4	4722	4294967295	12	1
6977	90	0	185	184	0	0	6	5	4722	4294967295	6	1
6978	90	0	185	184	0	0	6	6	4722	4294967295	3	1
6979	90	0	185	184	0	0	7	0	4722	4294967295	183	1
6980	90	0	185	184	0	0	7	1	4722	4294967295	92	1
6981	90	0	185	184	0	0	7	2	4722	4294967295	46	1
6982	90	0	185	184	0	0	7	3	4722	4294967295	23	1
6983	90	0	185	184	0	0	7	4	4722	4294967295	12	1
6984	90	0	185	184	0	0	7	5	4722	4294967295	6	1
6985	90	0	185	184	0	0	7	6	4722	4294967295	3	1
6986	90	0	185	184	0	0	8	0	4722	4294967295	183	1
6987	90	0	185	184	0	0	8	1	4722	4294967295	92	1
6988	90	0	185	184	0	0	8	2	4722	4294967295	46	1
6989	90	0	185	184	0	0	8	3	4722	4294967295	23	1
6990	90	0	185	184	0	0	8	4	4722	4294967295	12	1
6991	90	0	185	184	0	0	8	5	4722	4294967295	6	1
6992	90	0	185	184	0	0	8	6	4722	4294967295	3	1
6993	90	0	185	184	0	0	9	0	4722	4294967295	183	1
6994	90	0	185	184	0	0	9	1	4722	4294967295	92	1
6995	90	0	185	184	0	0	9	2	4722	4294967295	46	1
6996	90	0	185	184	0	0	9	3	4722	4294967295	23	1
6997	90	0	185	184	0	0	9	4	4722	4294967295	12	1
6998	90	0	185	184	0	0	9	5	4722	4294967295	6	1
6999	90	0	185	184	0	0	9	6	4722	4294967295	3	1
7000	90	0	185	184	0	0	10	0	4722	4294967295	183	1
7001	90	0	185	184	0	0	10	1	4722	4294967295	92	1
7002	90	0	185	184	0	0	10	2	4722	4294967295	46	1
7003	90	0	185	184	0	0	10	3	4722	4294967295	23	1
7004	90	0	185	184	0	0	10	4	4722	4294967295	12	1
7005	90	0	185	184	0	0	10	5	4722	4294967295	6	1
7006	90	0	185	184	0	0	10	6	4722	4294967295	3	1
7007	91	0	187	186	0	0	0	0	4782	4294967295	185	1
7008	91	0	187	186	0	0	0	1	4782	4294967295	93	1
7009	91	0	187	186	0	0	0	2	4782	4294967295	47	1
7010	91	0	187	186	0	0	0	3	4782	4294967295	24	1
7011	91	0	187	186	0	0	0	4	4782	4294967295	12	1
7012	91	0	187	186	0	0	0	5	4782	4294967295	6	1
7013	91	0	187	186	0	0	0	6	4782	4294967295	3	1
7014	91	0	187	186	0	0	1	0	4782	4294967295	185	1
7015	91	0	187	186	0	0	1	1	4782	4294967295	93	1
7016	91	0	187	186	0	0	1	2	4782	4294967295	47	1
7017	91	0	187	186	0	0	1	3	4782	4294967295	24	1
7018	91	0	187	186	0	0	1	4	4782	4294967295	12	1
7019	91	0	187	186	0	0	1	5	4782	4294967295	6	1
7020	91	0	187	186	0	0	1	6	4782	4294967295	3	1
7021	91	0	187	186	0	0	2	0	4782	4294967295	185	1
7022	91	0	187	186	0	0	2	1	4782	4294967295	93	1
7023	91	0	187	186	0	0	2	2	4782	4294967295	47	1
7024	91	0	187	186	0	0	2	3	4782	4294967295	24	1
7025	91	0	187	186	0	0	2	4	4782	4294967295	12	1
7026	91	0	187	186	0	0	2	5	4782	4294967295	6	1
7027	91	0	187	186	0	0	2	6	4782	4294967295	3	1
7028	91	0	187	186	0	0	3	0	4782	4294967295	185	1
7029	91	0	187	186	0	0	3	1	4782	4294967295	93	1
7030	91	0	187	186	0	0	3	2	4782	4294967295	47	1
7031	91	0	187	186	0	0	3	3	4782	4294967295	24	1
7032	91	0	187	186	0	0	3	4	4782	4294967295	12	1
7033	91	0	187	186	0	0	3	5	4782	4294967295	6	1
7034	91	0	187	186	0	0	3	6	4782	4294967295	3	1
7035	91	0	187	186	0	0	4	0	4782	4294967295	185	1
7036	91	0	187	186	0	0	4	1	4782	4294967295	93	1
7037	91	0	187	186	0	0	4	2	4782	4294967295	47	1
7038	91	0	187	186	0	0	4	3	4782	4294967295	24	1
7039	91	0	187	186	0	0	4	4	4782	4294967295	12	1
7040	91	0	187	186	0	0	4	5	4782	4294967295	6	1
7041	91	0	187	186	0	0	4	6	4782	4294967295	3	1
7042	91	0	187	186	0	0	5	0	4782	4294967295	185	1
7043	91	0	187	186	0	0	5	1	4782	4294967295	93	1
7044	91	0	187	186	0	0	5	2	4782	4294967295	47	1
7045	91	0	187	186	0	0	5	3	4782	4294967295	24	1
7046	91	0	187	186	0	0	5	4	4782	4294967295	12	1
7047	91	0	187	186	0	0	5	5	4782	4294967295	6	1
7048	91	0	187	186	0	0	5	6	4782	4294967295	3	1
7049	91	0	187	186	0	0	6	0	4782	4294967295	185	1
7050	91	0	187	186	0	0	6	1	4782	4294967295	93	1
7051	91	0	187	186	0	0	6	2	4782	4294967295	47	1
7052	91	0	187	186	0	0	6	3	4782	4294967295	24	1
7053	91	0	187	186	0	0	6	4	4782	4294967295	12	1
7054	91	0	187	186	0	0	6	5	4782	4294967295	6	1
7055	91	0	187	186	0	0	6	6	4782	4294967295	3	1
7056	91	0	187	186	0	0	7	0	4782	4294967295	185	1
7057	91	0	187	186	0	0	7	1	4782	4294967295	93	1
7058	91	0	187	186	0	0	7	2	4782	4294967295	47	1
7059	91	0	187	186	0	0	7	3	4782	4294967295	24	1
7060	91	0	187	186	0	0	7	4	4782	4294967295	12	1
7061	91	0	187	186	0	0	7	5	4782	4294967295	6	1
7062	91	0	187	186	0	0	7	6	4782	4294967295	3	1
7063	91	0	187	186	0	0	8	0	4782	4294967295	185	1
7064	91	0	187	186	0	0	8	1	4782	4294967295	93	1
7065	91	0	187	186	0	0	8	2	4782	4294967295	47	1
7066	91	0	187	186	0	0	8	3	4782	4294967295	24	1
7067	91	0	187	186	0	0	8	4	4782	4294967295	12	1
7068	91	0	187	186	0	0	8	5	4782	4294967295	6	1
7069	91	0	187	186	0	0	8	6	4782	4294967295	3	1
7070	91	0	187	186	0	0	9	0	4782	4294967295	185	1
7071	91	0	187	186	0	0	9	1	4782	4294967295	93	1
7072	91	0	187	186	0	0	9	2	4782	4294967295	47	1
7073	91	0	187	186	0	0	9	3	4782	4294967295	24	1
7074	91	0	187	186	0	0	9	4	4782	4294967295	12	1
7075	91	0	187	186	0	0	9	5	4782	4294967295	6	1
7076	91	0	187	186	0	0	9	6	4782	4294967295	3	1
7077	91	0	187	186	0	0	10	0	4782	4294967295	185	1
7078	91	0	187	186	0	0	10	1	4782	4294967295	93	1
7079	91	0	187	186	0	0	10	2	4782	4294967295	47	1
7080	91	0	187	186	0	0	10	3	4782	4294967295	24	1
7081	91	0	187	186	0	0	10	4	4782	4294967295	12	1
7082	91	0	187	186	0	0	10	5	4782	4294967295	6	1
7083	91	0	187	186	0	0	10	6	4782	4294967295	3	1
7084	92	0	189	188	0	0	0	0	4842	4294967295	187	1
7085	92	0	189	188	0	0	0	1	4842	4294967295	94	1
7086	92	0	189	188	0	0	0	2	4842	4294967295	47	1
7087	92	0	189	188	0	0	0	3	4842	4294967295	24	1
7088	92	0	189	188	0	0	0	4	4842	4294967295	12	1
7089	92	0	189	188	0	0	0	5	4842	4294967295	6	1
7090	92	0	189	188	0	0	0	6	4842	4294967295	3	1
7091	92	0	189	188	0	0	1	0	4842	4294967295	187	1
7092	92	0	189	188	0	0	1	1	4842	4294967295	94	1
7093	92	0	189	188	0	0	1	2	4842	4294967295	47	1
7094	92	0	189	188	0	0	1	3	4842	4294967295	24	1
7095	92	0	189	188	0	0	1	4	4842	4294967295	12	1
7096	92	0	189	188	0	0	1	5	4842	4294967295	6	1
7097	92	0	189	188	0	0	1	6	4842	4294967295	3	1
7098	92	0	189	188	0	0	2	0	4842	4294967295	187	1
7099	92	0	189	188	0	0	2	1	4842	4294967295	94	1
7100	92	0	189	188	0	0	2	2	4842	4294967295	47	1
7101	92	0	189	188	0	0	2	3	4842	4294967295	24	1
7102	92	0	189	188	0	0	2	4	4842	4294967295	12	1
7103	92	0	189	188	0	0	2	5	4842	4294967295	6	1
7104	92	0	189	188	0	0	2	6	4842	4294967295	3	1
7105	92	0	189	188	0	0	3	0	4842	4294967295	187	1
7106	92	0	189	188	0	0	3	1	4842	4294967295	94	1
7107	92	0	189	188	0	0	3	2	4842	4294967295	47	1
7108	92	0	189	188	0	0	3	3	4842	4294967295	24	1
7109	92	0	189	188	0	0	3	4	4842	4294967295	12	1
7110	92	0	189	188	0	0	3	5	4842	4294967295	6	1
7111	92	0	189	188	0	0	3	6	4842	4294967295	3	1
7112	92	0	189	188	0	0	4	0	4842	4294967295	187	1
7113	92	0	189	188	0	0	4	1	4842	4294967295	94	1
7114	92	0	189	188	0	0	4	2	4842	4294967295	47	1
7115	92	0	189	188	0	0	4	3	4842	4294967295	24	1
7116	92	0	189	188	0	0	4	4	4842	4294967295	12	1
7117	92	0	189	188	0	0	4	5	4842	4294967295	6	1
7118	92	0	189	188	0	0	4	6	4842	4294967295	3	1
7119	92	0	189	188	0	0	5	0	4842	4294967295	187	1
7120	92	0	189	188	0	0	5	1	4842	4294967295	94	1
7121	92	0	189	188	0	0	5	2	4842	4294967295	47	1
7122	92	0	189	188	0	0	5	3	4842	4294967295	24	1
7123	92	0	189	188	0	0	5	4	4842	4294967295	12	1
7124	92	0	189	188	0	0	5	5	4842	4294967295	6	1
7125	92	0	189	188	0	0	5	6	4842	4294967295	3	1
7126	92	0	189	188	0	0	6	0	4842	4294967295	187	1
7127	92	0	189	188	0	0	6	1	4842	4294967295	94	1
7128	92	0	189	188	0	0	6	2	4842	4294967295	47	1
7129	92	0	189	188	0	0	6	3	4842	4294967295	24	1
7130	92	0	189	188	0	0	6	4	4842	4294967295	12	1
7131	92	0	189	188	0	0	6	5	4842	4294967295	6	1
7132	92	0	189	188	0	0	6	6	4842	4294967295	3	1
7133	92	0	189	188	0	0	7	0	4842	4294967295	187	1
7134	92	0	189	188	0	0	7	1	4842	4294967295	94	1
7135	92	0	189	188	0	0	7	2	4842	4294967295	47	1
7136	92	0	189	188	0	0	7	3	4842	4294967295	24	1
7137	92	0	189	188	0	0	7	4	4842	4294967295	12	1
7138	92	0	189	188	0	0	7	5	4842	4294967295	6	1
7139	92	0	189	188	0	0	7	6	4842	4294967295	3	1
7140	92	0	189	188	0	0	8	0	4842	4294967295	187	1
7141	92	0	189	188	0	0	8	1	4842	4294967295	94	1
7142	92	0	189	188	0	0	8	2	4842	4294967295	47	1
7143	92	0	189	188	0	0	8	3	4842	4294967295	24	1
7144	92	0	189	188	0	0	8	4	4842	4294967295	12	1
7145	92	0	189	188	0	0	8	5	4842	4294967295	6	1
7146	92	0	189	188	0	0	8	6	4842	4294967295	3	1
7147	92	0	189	188	0	0	9	0	4842	4294967295	187	1
7148	92	0	189	188	0	0	9	1	4842	4294967295	94	1
7149	92	0	189	188	0	0	9	2	4842	4294967295	47	1
7150	92	0	189	188	0	0	9	3	4842	4294967295	24	1
7151	92	0	189	188	0	0	9	4	4842	4294967295	12	1
7152	92	0	189	188	0	0	9	5	4842	4294967295	6	1
7153	92	0	189	188	0	0	9	6	4842	4294967295	3	1
7154	92	0	189	188	0	0	10	0	4842	4294967295	187	1
7155	92	0	189	188	0	0	10	1	4842	4294967295	94	1
7156	92	0	189	188	0	0	10	2	4842	4294967295	47	1
7157	92	0	189	188	0	0	10	3	4842	4294967295	24	1
7158	92	0	189	188	0	0	10	4	4842	4294967295	12	1
7159	92	0	189	188	0	0	10	5	4842	4294967295	6	1
7160	92	0	189	188	0	0	10	6	4842	4294967295	3	1
7161	93	0	191	190	0	0	0	0	4902	4294967295	189	1
7162	93	0	191	190	0	0	0	1	4902	4294967295	95	1
7163	93	0	191	190	0	0	0	2	4902	4294967295	48	1
7164	93	0	191	190	0	0	0	3	4902	4294967295	24	1
7165	93	0	191	190	0	0	0	4	4902	4294967295	12	1
7166	93	0	191	190	0	0	0	5	4902	4294967295	6	1
7167	93	0	191	190	0	0	0	6	4902	4294967295	3	1
7168	93	0	191	190	0	0	1	0	4902	4294967295	189	1
7169	93	0	191	190	0	0	1	1	4902	4294967295	95	1
7170	93	0	191	190	0	0	1	2	4902	4294967295	48	1
7171	93	0	191	190	0	0	1	3	4902	4294967295	24	1
7172	93	0	191	190	0	0	1	4	4902	4294967295	12	1
7173	93	0	191	190	0	0	1	5	4902	4294967295	6	1
7174	93	0	191	190	0	0	1	6	4902	4294967295	3	1
7175	93	0	191	190	0	0	2	0	4902	4294967295	189	1
7176	93	0	191	190	0	0	2	1	4902	4294967295	95	1
7177	93	0	191	190	0	0	2	2	4902	4294967295	48	1
7178	93	0	191	190	0	0	2	3	4902	4294967295	24	1
7179	93	0	191	190	0	0	2	4	4902	4294967295	12	1
7180	93	0	191	190	0	0	2	5	4902	4294967295	6	1
7181	93	0	191	190	0	0	2	6	4902	4294967295	3	1
7182	93	0	191	190	0	0	3	0	4902	4294967295	189	1
7183	93	0	191	190	0	0	3	1	4902	4294967295	95	1
7184	93	0	191	190	0	0	3	2	4902	4294967295	48	1
7185	93	0	191	190	0	0	3	3	4902	4294967295	24	1
7186	93	0	191	190	0	0	3	4	4902	4294967295	12	1
7187	93	0	191	190	0	0	3	5	4902	4294967295	6	1
7188	93	0	191	190	0	0	3	6	4902	4294967295	3	1
7189	93	0	191	190	0	0	4	0	4902	4294967295	189	1
7190	93	0	191	190	0	0	4	1	4902	4294967295	95	1
7191	93	0	191	190	0	0	4	2	4902	4294967295	48	1
7192	93	0	191	190	0	0	4	3	4902	4294967295	24	1
7193	93	0	191	190	0	0	4	4	4902	4294967295	12	1
7194	93	0	191	190	0	0	4	5	4902	4294967295	6	1
7195	93	0	191	190	0	0	4	6	4902	4294967295	3	1
7196	93	0	191	190	0	0	5	0	4902	4294967295	189	1
7197	93	0	191	190	0	0	5	1	4902	4294967295	95	1
7198	93	0	191	190	0	0	5	2	4902	4294967295	48	1
7199	93	0	191	190	0	0	5	3	4902	4294967295	24	1
7200	93	0	191	190	0	0	5	4	4902	4294967295	12	1
7201	93	0	191	190	0	0	5	5	4902	4294967295	6	1
7202	93	0	191	190	0	0	5	6	4902	4294967295	3	1
7203	93	0	191	190	0	0	6	0	4902	4294967295	189	1
7204	93	0	191	190	0	0	6	1	4902	4294967295	95	1
7205	93	0	191	190	0	0	6	2	4902	4294967295	48	1
7206	93	0	191	190	0	0	6	3	4902	4294967295	24	1
7207	93	0	191	190	0	0	6	4	4902	4294967295	12	1
7208	93	0	191	190	0	0	6	5	4902	4294967295	6	1
7209	93	0	191	190	0	0	6	6	4902	4294967295	3	1
7210	93	0	191	190	0	0	7	0	4902	4294967295	189	1
7211	93	0	191	190	0	0	7	1	4902	4294967295	95	1
7212	93	0	191	190	0	0	7	2	4902	4294967295	48	1
7213	93	0	191	190	0	0	7	3	4902	4294967295	24	1
7214	93	0	191	190	0	0	7	4	4902	4294967295	12	1
7215	93	0	191	190	0	0	7	5	4902	4294967295	6	1
7216	93	0	191	190	0	0	7	6	4902	4294967295	3	1
7217	93	0	191	190	0	0	8	0	4902	4294967295	189	1
7218	93	0	191	190	0	0	8	1	4902	4294967295	95	1
7219	93	0	191	190	0	0	8	2	4902	4294967295	48	1
7220	93	0	191	190	0	0	8	3	4902	4294967295	24	1
7221	93	0	191	190	0	0	8	4	4902	4294967295	12	1
7222	93	0	191	190	0	0	8	5	4902	4294967295	6	1
7223	93	0	191	190	0	0	8	6	4902	4294967295	3	1
7224	93	0	191	190	0	0	9	0	4902	4294967295	189	1
7225	93	0	191	190	0	0	9	1	4902	4294967295	95	1
7226	93	0	191	190	0	0	9	2	4902	4294967295	48	1
7227	93	0	191	190	0	0	9	3	4902	4294967295	24	1
7228	93	0	191	190	0	0	9	4	4902	4294967295	12	1
7229	93	0	191	190	0	0	9	5	4902	4294967295	6	1
7230	93	0	191	190	0	0	9	6	4902	4294967295	3	1
7231	93	0	191	190	0	0	10	0	4902	4294967295	189	1
7232	93	0	191	190	0	0	10	1	4902	4294967295	95	1
7233	93	0	191	190	0	0	10	2	4902	4294967295	48	1
7234	93	0	191	190	0	0	10	3	4902	4294967295	24	1
7235	93	0	191	190	0	0	10	4	4902	4294967295	12	1
7236	93	0	191	190	0	0	10	5	4902	4294967295	6	1
7237	93	0	191	190	0	0	10	6	4902	4294967295	3	1
7238	94	0	193	192	0	0	0	0	4962	4294967295	191	1
7239	94	0	193	192	0	0	0	1	4962	4294967295	96	1
7240	94	0	193	192	0	0	0	2	4962	4294967295	48	1
7241	94	0	193	192	0	0	0	3	4962	4294967295	24	1
7242	94	0	193	192	0	0	0	4	4962	4294967295	12	1
7243	94	0	193	192	0	0	0	5	4962	4294967295	6	1
7244	94	0	193	192	0	0	0	6	4962	4294967295	3	1
7245	94	0	193	192	0	0	1	0	4962	4294967295	191	1
7246	94	0	193	192	0	0	1	1	4962	4294967295	96	1
7247	94	0	193	192	0	0	1	2	4962	4294967295	48	1
7248	94	0	193	192	0	0	1	3	4962	4294967295	24	1
7249	94	0	193	192	0	0	1	4	4962	4294967295	12	1
7250	94	0	193	192	0	0	1	5	4962	4294967295	6	1
7251	94	0	193	192	0	0	1	6	4962	4294967295	3	1
7252	94	0	193	192	0	0	2	0	4962	4294967295	191	1
7253	94	0	193	192	0	0	2	1	4962	4294967295	96	1
7254	94	0	193	192	0	0	2	2	4962	4294967295	48	1
7255	94	0	193	192	0	0	2	3	4962	4294967295	24	1
7256	94	0	193	192	0	0	2	4	4962	4294967295	12	1
7257	94	0	193	192	0	0	2	5	4962	4294967295	6	1
7258	94	0	193	192	0	0	2	6	4962	4294967295	3	1
7259	94	0	193	192	0	0	3	0	4962	4294967295	191	1
7260	94	0	193	192	0	0	3	1	4962	4294967295	96	1
7261	94	0	193	192	0	0	3	2	4962	4294967295	48	1
7262	94	0	193	192	0	0	3	3	4962	4294967295	24	1
7263	94	0	193	192	0	0	3	4	4962	4294967295	12	1
7264	94	0	193	192	0	0	3	5	4962	4294967295	6	1
7265	94	0	193	192	0	0	3	6	4962	4294967295	3	1
7266	94	0	193	192	0	0	4	0	4962	4294967295	191	1
7267	94	0	193	192	0	0	4	1	4962	4294967295	96	1
7268	94	0	193	192	0	0	4	2	4962	4294967295	48	1
7269	94	0	193	192	0	0	4	3	4962	4294967295	24	1
7270	94	0	193	192	0	0	4	4	4962	4294967295	12	1
7271	94	0	193	192	0	0	4	5	4962	4294967295	6	1
7272	94	0	193	192	0	0	4	6	4962	4294967295	3	1
7273	94	0	193	192	0	0	5	0	4962	4294967295	191	1
7274	94	0	193	192	0	0	5	1	4962	4294967295	96	1
7275	94	0	193	192	0	0	5	2	4962	4294967295	48	1
7276	94	0	193	192	0	0	5	3	4962	4294967295	24	1
7277	94	0	193	192	0	0	5	4	4962	4294967295	12	1
7278	94	0	193	192	0	0	5	5	4962	4294967295	6	1
7279	94	0	193	192	0	0	5	6	4962	4294967295	3	1
7280	94	0	193	192	0	0	6	0	4962	4294967295	191	1
7281	94	0	193	192	0	0	6	1	4962	4294967295	96	1
7282	94	0	193	192	0	0	6	2	4962	4294967295	48	1
7283	94	0	193	192	0	0	6	3	4962	4294967295	24	1
7284	94	0	193	192	0	0	6	4	4962	4294967295	12	1
7285	94	0	193	192	0	0	6	5	4962	4294967295	6	1
7286	94	0	193	192	0	0	6	6	4962	4294967295	3	1
7287	94	0	193	192	0	0	7	0	4962	4294967295	191	1
7288	94	0	193	192	0	0	7	1	4962	4294967295	96	1
7289	94	0	193	192	0	0	7	2	4962	4294967295	48	1
7290	94	0	193	192	0	0	7	3	4962	4294967295	24	1
7291	94	0	193	192	0	0	7	4	4962	4294967295	12	1
7292	94	0	193	192	0	0	7	5	4962	4294967295	6	1
7293	94	0	193	192	0	0	7	6	4962	4294967295	3	1
7294	94	0	193	192	0	0	8	0	4962	4294967295	191	1
7295	94	0	193	192	0	0	8	1	4962	4294967295	96	1
7296	94	0	193	192	0	0	8	2	4962	4294967295	48	1
7297	94	0	193	192	0	0	8	3	4962	4294967295	24	1
7298	94	0	193	192	0	0	8	4	4962	4294967295	12	1
7299	94	0	193	192	0	0	8	5	4962	4294967295	6	1
7300	94	0	193	192	0	0	8	6	4962	4294967295	3	1
7301	94	0	193	192	0	0	9	0	4962	4294967295	191	1
7302	94	0	193	192	0	0	9	1	4962	4294967295	96	1
7303	94	0	193	192	0	0	9	2	4962	4294967295	48	1
7304	94	0	193	192	0	0	9	3	4962	4294967295	24	1
7305	94	0	193	192	0	0	9	4	4962	4294967295	12	1
7306	94	0	193	192	0	0	9	5	4962	4294967295	6	1
7307	94	0	193	192	0	0	9	6	4962	4294967295	3	1
7308	94	0	193	192	0	0	10	0	4962	4294967295	191	1
7309	94	0	193	192	0	0	10	1	4962	4294967295	96	1
7310	94	0	193	192	0	0	10	2	4962	4294967295	48	1
7311	94	0	193	192	0	0	10	3	4962	4294967295	24	1
7312	94	0	193	192	0	0	10	4	4962	4294967295	12	1
7313	94	0	193	192	0	0	10	5	4962	4294967295	6	1
7314	94	0	193	192	0	0	10	6	4962	4294967295	3	1
7315	95	0	195	194	0	0	0	0	5006	4294967295	193	1
7316	95	0	195	194	0	0	0	1	5006	4294967295	97	1
7317	95	0	195	194	0	0	0	2	5006	4294967295	49	1
7318	95	0	195	194	0	0	0	3	5006	4294967295	25	1
7319	95	0	195	194	0	0	0	4	5006	4294967295	13	1
7320	95	0	195	194	0	0	0	5	5006	4294967295	7	1
7321	95	0	195	194	0	0	0	6	5006	4294967295	4	1
7322	95	0	195	194	0	0	1	0	5006	4294967295	193	1
7323	95	0	195	194	0	0	1	1	5006	4294967295	97	1
7324	95	0	195	194	0	0	1	2	5006	4294967295	49	1
7325	95	0	195	194	0	0	1	3	5006	4294967295	25	1
7326	95	0	195	194	0	0	1	4	5006	4294967295	13	1
7327	95	0	195	194	0	0	1	5	5006	4294967295	7	1
7328	95	0	195	194	0	0	1	6	5006	4294967295	4	1
7329	95	0	195	194	0	0	2	0	5006	4294967295	193	1
7330	95	0	195	194	0	0	2	1	5006	4294967295	97	1
7331	95	0	195	194	0	0	2	2	5006	4294967295	49	1
7332	95	0	195	194	0	0	2	3	5006	4294967295	25	1
7333	95	0	195	194	0	0	2	4	5006	4294967295	13	1
7334	95	0	195	194	0	0	2	5	5006	4294967295	7	1
7335	95	0	195	194	0	0	2	6	5006	4294967295	4	1
7336	95	0	195	194	0	0	3	0	5006	4294967295	193	1
7337	95	0	195	194	0	0	3	1	5006	4294967295	97	1
7338	95	0	195	194	0	0	3	2	5006	4294967295	49	1
7339	95	0	195	194	0	0	3	3	5006	4294967295	25	1
7340	95	0	195	194	0	0	3	4	5006	4294967295	13	1
7341	95	0	195	194	0	0	3	5	5006	4294967295	7	1
7342	95	0	195	194	0	0	3	6	5006	4294967295	4	1
7343	95	0	195	194	0	0	4	0	5006	4294967295	193	1
7344	95	0	195	194	0	0	4	1	5006	4294967295	97	1
7345	95	0	195	194	0	0	4	2	5006	4294967295	49	1
7346	95	0	195	194	0	0	4	3	5006	4294967295	25	1
7347	95	0	195	194	0	0	4	4	5006	4294967295	13	1
7348	95	0	195	194	0	0	4	5	5006	4294967295	7	1
7349	95	0	195	194	0	0	4	6	5006	4294967295	4	1
7350	95	0	195	194	0	0	5	0	5006	4294967295	193	1
7351	95	0	195	194	0	0	5	1	5006	4294967295	97	1
7352	95	0	195	194	0	0	5	2	5006	4294967295	49	1
7353	95	0	195	194	0	0	5	3	5006	4294967295	25	1
7354	95	0	195	194	0	0	5	4	5006	4294967295	13	1
7355	95	0	195	194	0	0	5	5	5006	4294967295	7	1
7356	95	0	195	194	0	0	5	6	5006	4294967295	4	1
7357	95	0	195	194	0	0	6	0	5006	4294967295	193	1
7358	95	0	195	194	0	0	6	1	5006	4294967295	97	1
7359	95	0	195	194	0	0	6	2	5006	4294967295	49	1
7360	95	0	195	194	0	0	6	3	5006	4294967295	25	1
7361	95	0	195	194	0	0	6	4	5006	4294967295	13	1
7362	95	0	195	194	0	0	6	5	5006	4294967295	7	1
7363	95	0	195	194	0	0	6	6	5006	4294967295	4	1
7364	95	0	195	194	0	0	7	0	5006	4294967295	193	1
7365	95	0	195	194	0	0	7	1	5006	4294967295	97	1
7366	95	0	195	194	0	0	7	2	5006	4294967295	49	1
7367	95	0	195	194	0	0	7	3	5006	4294967295	25	1
7368	95	0	195	194	0	0	7	4	5006	4294967295	13	1
7369	95	0	195	194	0	0	7	5	5006	4294967295	7	1
7370	95	0	195	194	0	0	7	6	5006	4294967295	4	1
7371	95	0	195	194	0	0	8	0	5006	4294967295	193	1
7372	95	0	195	194	0	0	8	1	5006	4294967295	97	1
7373	95	0	195	194	0	0	8	2	5006	4294967295	49	1
7374	95	0	195	194	0	0	8	3	5006	4294967295	25	1
7375	95	0	195	194	0	0	8	4	5006	4294967295	13	1
7376	95	0	195	194	0	0	8	5	5006	4294967295	7	1
7377	95	0	195	194	0	0	8	6	5006	4294967295	4	1
7378	95	0	195	194	0	0	9	0	5006	4294967295	193	1
7379	95	0	195	194	0	0	9	1	5006	4294967295	97	1
7380	95	0	195	194	0	0	9	2	5006	4294967295	49	1
7381	95	0	195	194	0	0	9	3	5006	4294967295	25	1
7382	95	0	195	194	0	0	9	4	5006	4294967295	13	1
7383	95	0	195	194	0	0	9	5	5006	4294967295	7	1
7384	95	0	195	194	0	0	9	6	5006	4294967295	4	1
7385	95	0	195	194	0	0	10	0	5006	4294967295	193	1
7386	95	0	195	194	0	0	10	1	5006	4294967295	97	1
7387	95	0	195	194	0	0	10	2	5006	4294967295	49	1
7388	95	0	195	194	0	0	10	3	5006	4294967295	25	1
7389	95	0	195	194	0	0	10	4	5006	4294967295	13	1
7390	95	0	195	194	0	0	10	5	5006	4294967295	7	1
7391	95	0	195	194	0	0	10	6	5006	4294967295	4	1
7392	96	0	197	196	0	0	0	0	5046	4294967295	195	1
7393	96	0	197	196	0	0	0	1	5046	4294967295	98	1
7394	96	0	197	196	0	0	0	2	5046	4294967295	49	1
7395	96	0	197	196	0	0	0	3	5046	4294967295	25	1
7396	96	0	197	196	0	0	0	4	5046	4294967295	13	1
7397	96	0	197	196	0	0	0	5	5046	4294967295	7	1
7398	96	0	197	196	0	0	0	6	5046	4294967295	4	1
7399	96	0	197	196	0	0	1	0	5046	4294967295	195	1
7400	96	0	197	196	0	0	1	1	5046	4294967295	98	1
7401	96	0	197	196	0	0	1	2	5046	4294967295	49	1
7402	96	0	197	196	0	0	1	3	5046	4294967295	25	1
7403	96	0	197	196	0	0	1	4	5046	4294967295	13	1
7404	96	0	197	196	0	0	1	5	5046	4294967295	7	1
7405	96	0	197	196	0	0	1	6	5046	4294967295	4	1
7406	96	0	197	196	0	0	2	0	5046	4294967295	195	1
7407	96	0	197	196	0	0	2	1	5046	4294967295	98	1
7408	96	0	197	196	0	0	2	2	5046	4294967295	49	1
7409	96	0	197	196	0	0	2	3	5046	4294967295	25	1
7410	96	0	197	196	0	0	2	4	5046	4294967295	13	1
7411	96	0	197	196	0	0	2	5	5046	4294967295	7	1
7412	96	0	197	196	0	0	2	6	5046	4294967295	4	1
7413	96	0	197	196	0	0	3	0	5046	4294967295	195	1
7414	96	0	197	196	0	0	3	1	5046	4294967295	98	1
7415	96	0	197	196	0	0	3	2	5046	4294967295	49	1
7416	96	0	197	196	0	0	3	3	5046	4294967295	25	1
7417	96	0	197	196	0	0	3	4	5046	4294967295	13	1
7418	96	0	197	196	0	0	3	5	5046	4294967295	7	1
7419	96	0	197	196	0	0	3	6	5046	4294967295	4	1
7420	96	0	197	196	0	0	4	0	5046	4294967295	195	1
7421	96	0	197	196	0	0	4	1	5046	4294967295	98	1
7422	96	0	197	196	0	0	4	2	5046	4294967295	49	1
7423	96	0	197	196	0	0	4	3	5046	4294967295	25	1
7424	96	0	197	196	0	0	4	4	5046	4294967295	13	1
7425	96	0	197	196	0	0	4	5	5046	4294967295	7	1
7426	96	0	197	196	0	0	4	6	5046	4294967295	4	1
7427	96	0	197	196	0	0	5	0	5046	4294967295	195	1
7428	96	0	197	196	0	0	5	1	5046	4294967295	98	1
7429	96	0	197	196	0	0	5	2	5046	4294967295	49	1
7430	96	0	197	196	0	0	5	3	5046	4294967295	25	1
7431	96	0	197	196	0	0	5	4	5046	4294967295	13	1
7432	96	0	197	196	0	0	5	5	5046	4294967295	7	1
7433	96	0	197	196	0	0	5	6	5046	4294967295	4	1
7434	96	0	197	196	0	0	6	0	5046	4294967295	195	1
7435	96	0	197	196	0	0	6	1	5046	4294967295	98	1
7436	96	0	197	196	0	0	6	2	5046	4294967295	49	1
7437	96	0	197	196	0	0	6	3	5046	4294967295	25	1
7438	96	0	197	196	0	0	6	4	5046	4294967295	13	1
7439	96	0	197	196	0	0	6	5	5046	4294967295	7	1
7440	96	0	197	196	0	0	6	6	5046	4294967295	4	1
7441	96	0	197	196	0	0	7	0	5046	4294967295	195	1
7442	96	0	197	196	0	0	7	1	5046	4294967295	98	1
7443	96	0	197	196	0	0	7	2	5046	4294967295	49	1
7444	96	0	197	196	0	0	7	3	5046	4294967295	25	1
7445	96	0	197	196	0	0	7	4	5046	4294967295	13	1
7446	96	0	197	196	0	0	7	5	5046	4294967295	7	1
7447	96	0	197	196	0	0	7	6	5046	4294967295	4	1
7448	96	0	197	196	0	0	8	0	5046	4294967295	195	1
7449	96	0	197	196	0	0	8	1	5046	4294967295	98	1
7450	96	0	197	196	0	0	8	2	5046	4294967295	49	1
7451	96	0	197	196	0	0	8	3	5046	4294967295	25	1
7452	96	0	197	196	0	0	8	4	5046	4294967295	13	1
7453	96	0	197	196	0	0	8	5	5046	4294967295	7	1
7454	96	0	197	196	0	0	8	6	5046	4294967295	4	1
7455	96	0	197	196	0	0	9	0	5046	4294967295	195	1
7456	96	0	197	196	0	0	9	1	5046	4294967295	98	1
7457	96	0	197	196	0	0	9	2	5046	4294967295	49	1
7458	96	0	197	196	0	0	9	3	5046	4294967295	25	1
7459	96	0	197	196	0	0	9	4	5046	4294967295	13	1
7460	96	0	197	196	0	0	9	5	5046	4294967295	7	1
7461	96	0	197	196	0	0	9	6	5046	4294967295	4	1
7462	96	0	197	196	0	0	10	0	5046	4294967295	195	1
7463	96	0	197	196	0	0	10	1	5046	4294967295	98	1
7464	96	0	197	196	0	0	10	2	5046	4294967295	49	1
7465	96	0	197	196	0	0	10	3	5046	4294967295	25	1
7466	96	0	197	196	0	0	10	4	5046	4294967295	13	1
7467	96	0	197	196	0	0	10	5	5046	4294967295	7	1
7468	96	0	197	196	0	0	10	6	5046	4294967295	4	1
7469	97	0	199	198	0	0	0	0	5082	4294967295	197	1
7470	97	0	199	198	0	0	0	1	5082	4294967295	99	1
7471	97	0	199	198	0	0	0	2	5082	4294967295	50	1
7472	97	0	199	198	0	0	0	3	5082	4294967295	25	1
7473	97	0	199	198	0	0	0	4	5082	4294967295	13	1
7474	97	0	199	198	0	0	0	5	5082	4294967295	7	1
7475	97	0	199	198	0	0	0	6	5082	4294967295	4	1
7476	97	0	199	198	0	0	1	0	5082	4294967295	197	1
7477	97	0	199	198	0	0	1	1	5082	4294967295	99	1
7478	97	0	199	198	0	0	1	2	5082	4294967295	50	1
7479	97	0	199	198	0	0	1	3	5082	4294967295	25	1
7480	97	0	199	198	0	0	1	4	5082	4294967295	13	1
7481	97	0	199	198	0	0	1	5	5082	4294967295	7	1
7482	97	0	199	198	0	0	1	6	5082	4294967295	4	1
7483	97	0	199	198	0	0	2	0	5082	4294967295	197	1
7484	97	0	199	198	0	0	2	1	5082	4294967295	99	1
7485	97	0	199	198	0	0	2	2	5082	4294967295	50	1
7486	97	0	199	198	0	0	2	3	5082	4294967295	25	1
7487	97	0	199	198	0	0	2	4	5082	4294967295	13	1
7488	97	0	199	198	0	0	2	5	5082	4294967295	7	1
7489	97	0	199	198	0	0	2	6	5082	4294967295	4	1
7490	97	0	199	198	0	0	3	0	5082	4294967295	197	1
7491	97	0	199	198	0	0	3	1	5082	4294967295	99	1
7492	97	0	199	198	0	0	3	2	5082	4294967295	50	1
7493	97	0	199	198	0	0	3	3	5082	4294967295	25	1
7494	97	0	199	198	0	0	3	4	5082	4294967295	13	1
7495	97	0	199	198	0	0	3	5	5082	4294967295	7	1
7496	97	0	199	198	0	0	3	6	5082	4294967295	4	1
7497	97	0	199	198	0	0	4	0	5082	4294967295	197	1
7498	97	0	199	198	0	0	4	1	5082	4294967295	99	1
7499	97	0	199	198	0	0	4	2	5082	4294967295	50	1
7500	97	0	199	198	0	0	4	3	5082	4294967295	25	1
7501	97	0	199	198	0	0	4	4	5082	4294967295	13	1
7502	97	0	199	198	0	0	4	5	5082	4294967295	7	1
7503	97	0	199	198	0	0	4	6	5082	4294967295	4	1
7504	97	0	199	198	0	0	5	0	5082	4294967295	197	1
7505	97	0	199	198	0	0	5	1	5082	4294967295	99	1
7506	97	0	199	198	0	0	5	2	5082	4294967295	50	1
7507	97	0	199	198	0	0	5	3	5082	4294967295	25	1
7508	97	0	199	198	0	0	5	4	5082	4294967295	13	1
7509	97	0	199	198	0	0	5	5	5082	4294967295	7	1
7510	97	0	199	198	0	0	5	6	5082	4294967295	4	1
7511	97	0	199	198	0	0	6	0	5082	4294967295	197	1
7512	97	0	199	198	0	0	6	1	5082	4294967295	99	1
7513	97	0	199	198	0	0	6	2	5082	4294967295	50	1
7514	97	0	199	198	0	0	6	3	5082	4294967295	25	1
7515	97	0	199	198	0	0	6	4	5082	4294967295	13	1
7516	97	0	199	198	0	0	6	5	5082	4294967295	7	1
7517	97	0	199	198	0	0	6	6	5082	4294967295	4	1
7518	97	0	199	198	0	0	7	0	5082	4294967295	197	1
7519	97	0	199	198	0	0	7	1	5082	4294967295	99	1
7520	97	0	199	198	0	0	7	2	5082	4294967295	50	1
7521	97	0	199	198	0	0	7	3	5082	4294967295	25	1
7522	97	0	199	198	0	0	7	4	5082	4294967295	13	1
7523	97	0	199	198	0	0	7	5	5082	4294967295	7	1
7524	97	0	199	198	0	0	7	6	5082	4294967295	4	1
7525	97	0	199	198	0	0	8	0	5082	4294967295	197	1
7526	97	0	199	198	0	0	8	1	5082	4294967295	99	1
7527	97	0	199	198	0	0	8	2	5082	4294967295	50	1
7528	97	0	199	198	0	0	8	3	5082	4294967295	25	1
7529	97	0	199	198	0	0	8	4	5082	4294967295	13	1
7530	97	0	199	198	0	0	8	5	5082	4294967295	7	1
7531	97	0	199	198	0	0	8	6	5082	4294967295	4	1
7532	97	0	199	198	0	0	9	0	5082	4294967295	197	1
7533	97	0	199	198	0	0	9	1	5082	4294967295	99	1
7534	97	0	199	198	0	0	9	2	5082	4294967295	50	1
7535	97	0	199	198	0	0	9	3	5082	4294967295	25	1
7536	97	0	199	198	0	0	9	4	5082	4294967295	13	1
7537	97	0	199	198	0	0	9	5	5082	4294967295	7	1
7538	97	0	199	198	0	0	9	6	5082	4294967295	4	1
7539	97	0	199	198	0	0	10	0	5082	4294967295	197	1
7540	97	0	199	198	0	0	10	1	5082	4294967295	99	1
7541	97	0	199	198	0	0	10	2	5082	4294967295	50	1
7542	97	0	199	198	0	0	10	3	5082	4294967295	25	1
7543	97	0	199	198	0	0	10	4	5082	4294967295	13	1
7544	97	0	199	198	0	0	10	5	5082	4294967295	7	1
7545	97	0	199	198	0	0	10	6	5082	4294967295	4	1
7546	98	0	201	200	0	0	0	0	5146	4294967295	199	1
7547	98	0	201	200	0	0	0	1	5146	4294967295	100	1
7548	98	0	201	200	0	0	0	2	5146	4294967295	50	1
7549	98	0	201	200	0	0	0	3	5146	4294967295	25	1
7550	98	0	201	200	0	0	0	4	5146	4294967295	13	1
7551	98	0	201	200	0	0	0	5	5146	4294967295	7	1
7552	98	0	201	200	0	0	0	6	5146	4294967295	4	1
7553	98	0	201	200	0	0	1	0	5146	4294967295	199	1
7554	98	0	201	200	0	0	1	1	5146	4294967295	100	1
7555	98	0	201	200	0	0	1	2	5146	4294967295	50	1
7556	98	0	201	200	0	0	1	3	5146	4294967295	25	1
7557	98	0	201	200	0	0	1	4	5146	4294967295	13	1
7558	98	0	201	200	0	0	1	5	5146	4294967295	7	1
7559	98	0	201	200	0	0	1	6	5146	4294967295	4	1
7560	98	0	201	200	0	0	2	0	5146	4294967295	199	1
7561	98	0	201	200	0	0	2	1	5146	4294967295	100	1
7562	98	0	201	200	0	0	2	2	5146	4294967295	50	1
7563	98	0	201	200	0	0	2	3	5146	4294967295	25	1
7564	98	0	201	200	0	0	2	4	5146	4294967295	13	1
7565	98	0	201	200	0	0	2	5	5146	4294967295	7	1
7566	98	0	201	200	0	0	2	6	5146	4294967295	4	1
7567	98	0	201	200	0	0	3	0	5146	4294967295	199	1
7568	98	0	201	200	0	0	3	1	5146	4294967295	100	1
7569	98	0	201	200	0	0	3	2	5146	4294967295	50	1
7570	98	0	201	200	0	0	3	3	5146	4294967295	25	1
7571	98	0	201	200	0	0	3	4	5146	4294967295	13	1
7572	98	0	201	200	0	0	3	5	5146	4294967295	7	1
7573	98	0	201	200	0	0	3	6	5146	4294967295	4	1
7574	98	0	201	200	0	0	4	0	5146	4294967295	199	1
7575	98	0	201	200	0	0	4	1	5146	4294967295	100	1
7576	98	0	201	200	0	0	4	2	5146	4294967295	50	1
7577	98	0	201	200	0	0	4	3	5146	4294967295	25	1
7578	98	0	201	200	0	0	4	4	5146	4294967295	13	1
7579	98	0	201	200	0	0	4	5	5146	4294967295	7	1
7580	98	0	201	200	0	0	4	6	5146	4294967295	4	1
7581	98	0	201	200	0	0	5	0	5146	4294967295	199	1
7582	98	0	201	200	0	0	5	1	5146	4294967295	100	1
7583	98	0	201	200	0	0	5	2	5146	4294967295	50	1
7584	98	0	201	200	0	0	5	3	5146	4294967295	25	1
7585	98	0	201	200	0	0	5	4	5146	4294967295	13	1
7586	98	0	201	200	0	0	5	5	5146	4294967295	7	1
7587	98	0	201	200	0	0	5	6	5146	4294967295	4	1
7588	98	0	201	200	0	0	6	0	5146	4294967295	199	1
7589	98	0	201	200	0	0	6	1	5146	4294967295	100	1
7590	98	0	201	200	0	0	6	2	5146	4294967295	50	1
7591	98	0	201	200	0	0	6	3	5146	4294967295	25	1
7592	98	0	201	200	0	0	6	4	5146	4294967295	13	1
7593	98	0	201	200	0	0	6	5	5146	4294967295	7	1
7594	98	0	201	200	0	0	6	6	5146	4294967295	4	1
7595	98	0	201	200	0	0	7	0	5146	4294967295	199	1
7596	98	0	201	200	0	0	7	1	5146	4294967295	100	1
7597	98	0	201	200	0	0	7	2	5146	4294967295	50	1
7598	98	0	201	200	0	0	7	3	5146	4294967295	25	1
7599	98	0	201	200	0	0	7	4	5146	4294967295	13	1
7600	98	0	201	200	0	0	7	5	5146	4294967295	7	1
7601	98	0	201	200	0	0	7	6	5146	4294967295	4	1
7602	98	0	201	200	0	0	8	0	5146	4294967295	199	1
7603	98	0	201	200	0	0	8	1	5146	4294967295	100	1
7604	98	0	201	200	0	0	8	2	5146	4294967295	50	1
7605	98	0	201	200	0	0	8	3	5146	4294967295	25	1
7606	98	0	201	200	0	0	8	4	5146	4294967295	13	1
7607	98	0	201	200	0	0	8	5	5146	4294967295	7	1
7608	98	0	201	200	0	0	8	6	5146	4294967295	4	1
7609	98	0	201	200	0	0	9	0	5146	4294967295	199	1
7610	98	0	201	200	0	0	9	1	5146	4294967295	100	1
7611	98	0	201	200	0	0	9	2	5146	4294967295	50	1
7612	98	0	201	200	0	0	9	3	5146	4294967295	25	1
7613	98	0	201	200	0	0	9	4	5146	4294967295	13	1
7614	98	0	201	200	0	0	9	5	5146	4294967295	7	1
7615	98	0	201	200	0	0	9	6	5146	4294967295	4	1
7616	98	0	201	200	0	0	10	0	5146	4294967295	199	1
7617	98	0	201	200	0	0	10	1	5146	4294967295	100	1
7618	98	0	201	200	0	0	10	2	5146	4294967295	50	1
7619	98	0	201	200	0	0	10	3	5146	4294967295	25	1
7620	98	0	201	200	0	0	10	4	5146	4294967295	13	1
7621	98	0	201	200	0	0	10	5	5146	4294967295	7	1
7622	98	0	201	200	0	0	10	6	5146	4294967295	4	1
7623	99	0	203	202	0	0	0	0	5190	4294967295	201	1
7624	99	0	203	202	0	0	0	1	5190	4294967295	101	1
7625	99	0	203	202	0	0	0	2	5190	4294967295	51	1
7626	99	0	203	202	0	0	0	3	5190	4294967295	26	1
7627	99	0	203	202	0	0	0	4	5190	4294967295	13	1
7628	99	0	203	202	0	0	0	5	5190	4294967295	7	1
7629	99	0	203	202	0	0	0	6	5190	4294967295	4	1
7630	99	0	203	202	0	0	1	0	5190	4294967295	201	1
7631	99	0	203	202	0	0	1	1	5190	4294967295	101	1
7632	99	0	203	202	0	0	1	2	5190	4294967295	51	1
7633	99	0	203	202	0	0	1	3	5190	4294967295	26	1
7634	99	0	203	202	0	0	1	4	5190	4294967295	13	1
7635	99	0	203	202	0	0	1	5	5190	4294967295	7	1
7636	99	0	203	202	0	0	1	6	5190	4294967295	4	1
7637	99	0	203	202	0	0	2	0	5190	4294967295	201	1
7638	99	0	203	202	0	0	2	1	5190	4294967295	101	1
7639	99	0	203	202	0	0	2	2	5190	4294967295	51	1
7640	99	0	203	202	0	0	2	3	5190	4294967295	26	1
7641	99	0	203	202	0	0	2	4	5190	4294967295	13	1
7642	99	0	203	202	0	0	2	5	5190	4294967295	7	1
7643	99	0	203	202	0	0	2	6	5190	4294967295	4	1
7644	99	0	203	202	0	0	3	0	5190	4294967295	201	1
7645	99	0	203	202	0	0	3	1	5190	4294967295	101	1
7646	99	0	203	202	0	0	3	2	5190	4294967295	51	1
7647	99	0	203	202	0	0	3	3	5190	4294967295	26	1
7648	99	0	203	202	0	0	3	4	5190	4294967295	13	1
7649	99	0	203	202	0	0	3	5	5190	4294967295	7	1
7650	99	0	203	202	0	0	3	6	5190	4294967295	4	1
7651	99	0	203	202	0	0	4	0	5190	4294967295	201	1
7652	99	0	203	202	0	0	4	1	5190	4294967295	101	1
7653	99	0	203	202	0	0	4	2	5190	4294967295	51	1
7654	99	0	203	202	0	0	4	3	5190	4294967295	26	1
7655	99	0	203	202	0	0	4	4	5190	4294967295	13	1
7656	99	0	203	202	0	0	4	5	5190	4294967295	7	1
7657	99	0	203	202	0	0	4	6	5190	4294967295	4	1
7658	99	0	203	202	0	0	5	0	5190	4294967295	201	1
7659	99	0	203	202	0	0	5	1	5190	4294967295	101	1
7660	99	0	203	202	0	0	5	2	5190	4294967295	51	1
7661	99	0	203	202	0	0	5	3	5190	4294967295	26	1
7662	99	0	203	202	0	0	5	4	5190	4294967295	13	1
7663	99	0	203	202	0	0	5	5	5190	4294967295	7	1
7664	99	0	203	202	0	0	5	6	5190	4294967295	4	1
7665	99	0	203	202	0	0	6	0	5190	4294967295	201	1
7666	99	0	203	202	0	0	6	1	5190	4294967295	101	1
7667	99	0	203	202	0	0	6	2	5190	4294967295	51	1
7668	99	0	203	202	0	0	6	3	5190	4294967295	26	1
7669	99	0	203	202	0	0	6	4	5190	4294967295	13	1
7670	99	0	203	202	0	0	6	5	5190	4294967295	7	1
7671	99	0	203	202	0	0	6	6	5190	4294967295	4	1
7672	99	0	203	202	0	0	7	0	5190	4294967295	201	1
7673	99	0	203	202	0	0	7	1	5190	4294967295	101	1
7674	99	0	203	202	0	0	7	2	5190	4294967295	51	1
7675	99	0	203	202	0	0	7	3	5190	4294967295	26	1
7676	99	0	203	202	0	0	7	4	5190	4294967295	13	1
7677	99	0	203	202	0	0	7	5	5190	4294967295	7	1
7678	99	0	203	202	0	0	7	6	5190	4294967295	4	1
7679	99	0	203	202	0	0	8	0	5190	4294967295	201	1
7680	99	0	203	202	0	0	8	1	5190	4294967295	101	1
7681	99	0	203	202	0	0	8	2	5190	4294967295	51	1
7682	99	0	203	202	0	0	8	3	5190	4294967295	26	1
7683	99	0	203	202	0	0	8	4	5190	4294967295	13	1
7684	99	0	203	202	0	0	8	5	5190	4294967295	7	1
7685	99	0	203	202	0	0	8	6	5190	4294967295	4	1
7686	99	0	203	202	0	0	9	0	5190	4294967295	201	1
7687	99	0	203	202	0	0	9	1	5190	4294967295	101	1
7688	99	0	203	202	0	0	9	2	5190	4294967295	51	1
7689	99	0	203	202	0	0	9	3	5190	4294967295	26	1
7690	99	0	203	202	0	0	9	4	5190	4294967295	13	1
7691	99	0	203	202	0	0	9	5	5190	4294967295	7	1
7692	99	0	203	202	0	0	9	6	5190	4294967295	4	1
7693	99	0	203	202	0	0	10	0	5190	4294967295	201	1
7694	99	0	203	202	0	0	10	1	5190	4294967295	101	1
7695	99	0	203	202	0	0	10	2	5190	4294967295	51	1
7696	99	0	203	202	0	0	10	3	5190	4294967295	26	1
7697	99	0	203	202	0	0	10	4	5190	4294967295	13	1
7698	99	0	203	202	0	0	10	5	5190	4294967295	7	1
7699	99	0	203	202	0	0	10	6	5190	4294967295	4	1
7700	100	0	205	204	0	0	0	0	5234	4294967295	203	1
7701	100	0	205	204	0	0	0	1	5234	4294967295	102	1
7702	100	0	205	204	0	0	0	2	5234	4294967295	51	1
7703	100	0	205	204	0	0	0	3	5234	4294967295	26	1
7704	100	0	205	204	0	0	0	4	5234	4294967295	13	1
7705	100	0	205	204	0	0	0	5	5234	4294967295	7	1
7706	100	0	205	204	0	0	0	6	5234	4294967295	4	1
7707	100	0	205	204	0	0	1	0	5234	4294967295	203	1
7708	100	0	205	204	0	0	1	1	5234	4294967295	102	1
7709	100	0	205	204	0	0	1	2	5234	4294967295	51	1
7710	100	0	205	204	0	0	1	3	5234	4294967295	26	1
7711	100	0	205	204	0	0	1	4	5234	4294967295	13	1
7712	100	0	205	204	0	0	1	5	5234	4294967295	7	1
7713	100	0	205	204	0	0	1	6	5234	4294967295	4	1
7714	100	0	205	204	0	0	2	0	5234	4294967295	203	1
7715	100	0	205	204	0	0	2	1	5234	4294967295	102	1
7716	100	0	205	204	0	0	2	2	5234	4294967295	51	1
7717	100	0	205	204	0	0	2	3	5234	4294967295	26	1
7718	100	0	205	204	0	0	2	4	5234	4294967295	13	1
7719	100	0	205	204	0	0	2	5	5234	4294967295	7	1
7720	100	0	205	204	0	0	2	6	5234	4294967295	4	1
7721	100	0	205	204	0	0	3	0	5234	4294967295	203	1
7722	100	0	205	204	0	0	3	1	5234	4294967295	102	1
7723	100	0	205	204	0	0	3	2	5234	4294967295	51	1
7724	100	0	205	204	0	0	3	3	5234	4294967295	26	1
7725	100	0	205	204	0	0	3	4	5234	4294967295	13	1
7726	100	0	205	204	0	0	3	5	5234	4294967295	7	1
7727	100	0	205	204	0	0	3	6	5234	4294967295	4	1
7728	100	0	205	204	0	0	4	0	5234	4294967295	203	1
7729	100	0	205	204	0	0	4	1	5234	4294967295	102	1
7730	100	0	205	204	0	0	4	2	5234	4294967295	51	1
7731	100	0	205	204	0	0	4	3	5234	4294967295	26	1
7732	100	0	205	204	0	0	4	4	5234	4294967295	13	1
7733	100	0	205	204	0	0	4	5	5234	4294967295	7	1
7734	100	0	205	204	0	0	4	6	5234	4294967295	4	1
7735	100	0	205	204	0	0	5	0	5234	4294967295	203	1
7736	100	0	205	204	0	0	5	1	5234	4294967295	102	1
7737	100	0	205	204	0	0	5	2	5234	4294967295	51	1
7738	100	0	205	204	0	0	5	3	5234	4294967295	26	1
7739	100	0	205	204	0	0	5	4	5234	4294967295	13	1
7740	100	0	205	204	0	0	5	5	5234	4294967295	7	1
7741	100	0	205	204	0	0	5	6	5234	4294967295	4	1
7742	100	0	205	204	0	0	6	0	5234	4294967295	203	1
7743	100	0	205	204	0	0	6	1	5234	4294967295	102	1
7744	100	0	205	204	0	0	6	2	5234	4294967295	51	1
7745	100	0	205	204	0	0	6	3	5234	4294967295	26	1
7746	100	0	205	204	0	0	6	4	5234	4294967295	13	1
7747	100	0	205	204	0	0	6	5	5234	4294967295	7	1
7748	100	0	205	204	0	0	6	6	5234	4294967295	4	1
7749	100	0	205	204	0	0	7	0	5234	4294967295	203	1
7750	100	0	205	204	0	0	7	1	5234	4294967295	102	1
7751	100	0	205	204	0	0	7	2	5234	4294967295	51	1
7752	100	0	205	204	0	0	7	3	5234	4294967295	26	1
7753	100	0	205	204	0	0	7	4	5234	4294967295	13	1
7754	100	0	205	204	0	0	7	5	5234	4294967295	7	1
7755	100	0	205	204	0	0	7	6	5234	4294967295	4	1
7756	100	0	205	204	0	0	8	0	5234	4294967295	203	1
7757	100	0	205	204	0	0	8	1	5234	4294967295	102	1
7758	100	0	205	204	0	0	8	2	5234	4294967295	51	1
7759	100	0	205	204	0	0	8	3	5234	4294967295	26	1
7760	100	0	205	204	0	0	8	4	5234	4294967295	13	1
7761	100	0	205	204	0	0	8	5	5234	4294967295	7	1
7762	100	0	205	204	0	0	8	6	5234	4294967295	4	1
7763	100	0	205	204	0	0	9	0	5234	4294967295	203	1
7764	100	0	205	204	0	0	9	1	5234	4294967295	102	1
7765	100	0	205	204	0	0	9	2	5234	4294967295	51	1
7766	100	0	205	204	0	0	9	3	5234	4294967295	26	1
7767	100	0	205	204	0	0	9	4	5234	4294967295	13	1
7768	100	0	205	204	0	0	9	5	5234	4294967295	7	1
7769	100	0	205	204	0	0	9	6	5234	4294967295	4	1
7770	100	0	205	204	0	0	10	0	5234	4294967295	203	1
7771	100	0	205	204	0	0	10	1	5234	4294967295	102	1
7772	100	0	205	204	0	0	10	2	5234	4294967295	51	1
7773	100	0	205	204	0	0	10	3	5234	4294967295	26	1
7774	100	0	205	204	0	0	10	4	5234	4294967295	13	1
7775	100	0	205	204	0	0	10	5	5234	4294967295	7	1
7776	100	0	205	204	0	0	10	6	5234	4294967295	4	1
7777	101	0	207	206	0	0	0	0	5278	4294967295	205	1
7778	101	0	207	206	0	0	0	1	5278	4294967295	103	1
7779	101	0	207	206	0	0	0	2	5278	4294967295	52	1
7780	101	0	207	206	0	0	0	3	5278	4294967295	26	1
7781	101	0	207	206	0	0	0	4	5278	4294967295	13	1
7782	101	0	207	206	0	0	0	5	5278	4294967295	7	1
7783	101	0	207	206	0	0	0	6	5278	4294967295	4	1
7784	101	0	207	206	0	0	1	0	5278	4294967295	205	1
7785	101	0	207	206	0	0	1	1	5278	4294967295	103	1
7786	101	0	207	206	0	0	1	2	5278	4294967295	52	1
7787	101	0	207	206	0	0	1	3	5278	4294967295	26	1
7788	101	0	207	206	0	0	1	4	5278	4294967295	13	1
7789	101	0	207	206	0	0	1	5	5278	4294967295	7	1
7790	101	0	207	206	0	0	1	6	5278	4294967295	4	1
7791	101	0	207	206	0	0	2	0	5278	4294967295	205	1
7792	101	0	207	206	0	0	2	1	5278	4294967295	103	1
7793	101	0	207	206	0	0	2	2	5278	4294967295	52	1
7794	101	0	207	206	0	0	2	3	5278	4294967295	26	1
7795	101	0	207	206	0	0	2	4	5278	4294967295	13	1
7796	101	0	207	206	0	0	2	5	5278	4294967295	7	1
7797	101	0	207	206	0	0	2	6	5278	4294967295	4	1
7798	101	0	207	206	0	0	3	0	5278	4294967295	205	1
7799	101	0	207	206	0	0	3	1	5278	4294967295	103	1
7800	101	0	207	206	0	0	3	2	5278	4294967295	52	1
7801	101	0	207	206	0	0	3	3	5278	4294967295	26	1
7802	101	0	207	206	0	0	3	4	5278	4294967295	13	1
7803	101	0	207	206	0	0	3	5	5278	4294967295	7	1
7804	101	0	207	206	0	0	3	6	5278	4294967295	4	1
7805	101	0	207	206	0	0	4	0	5278	4294967295	205	1
7806	101	0	207	206	0	0	4	1	5278	4294967295	103	1
7807	101	0	207	206	0	0	4	2	5278	4294967295	52	1
7808	101	0	207	206	0	0	4	3	5278	4294967295	26	1
7809	101	0	207	206	0	0	4	4	5278	4294967295	13	1
7810	101	0	207	206	0	0	4	5	5278	4294967295	7	1
7811	101	0	207	206	0	0	4	6	5278	4294967295	4	1
7812	101	0	207	206	0	0	5	0	5278	4294967295	205	1
7813	101	0	207	206	0	0	5	1	5278	4294967295	103	1
7814	101	0	207	206	0	0	5	2	5278	4294967295	52	1
7815	101	0	207	206	0	0	5	3	5278	4294967295	26	1
7816	101	0	207	206	0	0	5	4	5278	4294967295	13	1
7817	101	0	207	206	0	0	5	5	5278	4294967295	7	1
7818	101	0	207	206	0	0	5	6	5278	4294967295	4	1
7819	101	0	207	206	0	0	6	0	5278	4294967295	205	1
7820	101	0	207	206	0	0	6	1	5278	4294967295	103	1
7821	101	0	207	206	0	0	6	2	5278	4294967295	52	1
7822	101	0	207	206	0	0	6	3	5278	4294967295	26	1
7823	101	0	207	206	0	0	6	4	5278	4294967295	13	1
7824	101	0	207	206	0	0	6	5	5278	4294967295	7	1
7825	101	0	207	206	0	0	6	6	5278	4294967295	4	1
7826	101	0	207	206	0	0	7	0	5278	4294967295	205	1
7827	101	0	207	206	0	0	7	1	5278	4294967295	103	1
7828	101	0	207	206	0	0	7	2	5278	4294967295	52	1
7829	101	0	207	206	0	0	7	3	5278	4294967295	26	1
7830	101	0	207	206	0	0	7	4	5278	4294967295	13	1
7831	101	0	207	206	0	0	7	5	5278	4294967295	7	1
7832	101	0	207	206	0	0	7	6	5278	4294967295	4	1
7833	101	0	207	206	0	0	8	0	5278	4294967295	205	1
7834	101	0	207	206	0	0	8	1	5278	4294967295	103	1
7835	101	0	207	206	0	0	8	2	5278	4294967295	52	1
7836	101	0	207	206	0	0	8	3	5278	4294967295	26	1
7837	101	0	207	206	0	0	8	4	5278	4294967295	13	1
7838	101	0	207	206	0	0	8	5	5278	4294967295	7	1
7839	101	0	207	206	0	0	8	6	5278	4294967295	4	1
7840	101	0	207	206	0	0	9	0	5278	4294967295	205	1
7841	101	0	207	206	0	0	9	1	5278	4294967295	103	1
7842	101	0	207	206	0	0	9	2	5278	4294967295	52	1
7843	101	0	207	206	0	0	9	3	5278	4294967295	26	1
7844	101	0	207	206	0	0	9	4	5278	4294967295	13	1
7845	101	0	207	206	0	0	9	5	5278	4294967295	7	1
7846	101	0	207	206	0	0	9	6	5278	4294967295	4	1
7847	101	0	207	206	0	0	10	0	5278	4294967295	205	1
7848	101	0	207	206	0	0	10	1	5278	4294967295	103	1
7849	101	0	207	206	0	0	10	2	5278	4294967295	52	1
7850	101	0	207	206	0	0	10	3	5278	4294967295	26	1
7851	101	0	207	206	0	0	10	4	5278	4294967295	13	1
7852	101	0	207	206	0	0	10	5	5278	4294967295	7	1
7853	101	0	207	206	0	0	10	6	5278	4294967295	4	1
7854	102	0	209	208	0	0	0	0	5382	4294967295	207	1
7855	102	0	209	208	0	0	0	1	5382	4294967295	104	1
7856	102	0	209	208	0	0	0	2	5382	4294967295	52	1
7857	102	0	209	208	0	0	0	3	5382	4294967295	26	1
7858	102	0	209	208	0	0	0	4	5382	4294967295	13	1
7859	102	0	209	208	0	0	0	5	5382	4294967295	7	1
7860	102	0	209	208	0	0	0	6	5382	4294967295	4	1
7861	102	0	209	208	0	0	1	0	5382	4294967295	207	1
7862	102	0	209	208	0	0	1	1	5382	4294967295	104	1
7863	102	0	209	208	0	0	1	2	5382	4294967295	52	1
7864	102	0	209	208	0	0	1	3	5382	4294967295	26	1
7865	102	0	209	208	0	0	1	4	5382	4294967295	13	1
7866	102	0	209	208	0	0	1	5	5382	4294967295	7	1
7867	102	0	209	208	0	0	1	6	5382	4294967295	4	1
7868	102	0	209	208	0	0	2	0	5382	4294967295	207	1
7869	102	0	209	208	0	0	2	1	5382	4294967295	104	1
7870	102	0	209	208	0	0	2	2	5382	4294967295	52	1
7871	102	0	209	208	0	0	2	3	5382	4294967295	26	1
7872	102	0	209	208	0	0	2	4	5382	4294967295	13	1
7873	102	0	209	208	0	0	2	5	5382	4294967295	7	1
7874	102	0	209	208	0	0	2	6	5382	4294967295	4	1
7875	102	0	209	208	0	0	3	0	5382	4294967295	207	1
7876	102	0	209	208	0	0	3	1	5382	4294967295	104	1
7877	102	0	209	208	0	0	3	2	5382	4294967295	52	1
7878	102	0	209	208	0	0	3	3	5382	4294967295	26	1
7879	102	0	209	208	0	0	3	4	5382	4294967295	13	1
7880	102	0	209	208	0	0	3	5	5382	4294967295	7	1
7881	102	0	209	208	0	0	3	6	5382	4294967295	4	1
7882	102	0	209	208	0	0	4	0	5382	4294967295	207	1
7883	102	0	209	208	0	0	4	1	5382	4294967295	104	1
7884	102	0	209	208	0	0	4	2	5382	4294967295	52	1
7885	102	0	209	208	0	0	4	3	5382	4294967295	26	1
7886	102	0	209	208	0	0	4	4	5382	4294967295	13	1
7887	102	0	209	208	0	0	4	5	5382	4294967295	7	1
7888	102	0	209	208	0	0	4	6	5382	4294967295	4	1
7889	102	0	209	208	0	0	5	0	5382	4294967295	207	1
7890	102	0	209	208	0	0	5	1	5382	4294967295	104	1
7891	102	0	209	208	0	0	5	2	5382	4294967295	52	1
7892	102	0	209	208	0	0	5	3	5382	4294967295	26	1
7893	102	0	209	208	0	0	5	4	5382	4294967295	13	1
7894	102	0	209	208	0	0	5	5	5382	4294967295	7	1
7895	102	0	209	208	0	0	5	6	5382	4294967295	4	1
7896	102	0	209	208	0	0	6	0	5382	4294967295	207	1
7897	102	0	209	208	0	0	6	1	5382	4294967295	104	1
7898	102	0	209	208	0	0	6	2	5382	4294967295	52	1
7899	102	0	209	208	0	0	6	3	5382	4294967295	26	1
7900	102	0	209	208	0	0	6	4	5382	4294967295	13	1
7901	102	0	209	208	0	0	6	5	5382	4294967295	7	1
7902	102	0	209	208	0	0	6	6	5382	4294967295	4	1
7903	102	0	209	208	0	0	7	0	5382	4294967295	207	1
7904	102	0	209	208	0	0	7	1	5382	4294967295	104	1
7905	102	0	209	208	0	0	7	2	5382	4294967295	52	1
7906	102	0	209	208	0	0	7	3	5382	4294967295	26	1
7907	102	0	209	208	0	0	7	4	5382	4294967295	13	1
7908	102	0	209	208	0	0	7	5	5382	4294967295	7	1
7909	102	0	209	208	0	0	7	6	5382	4294967295	4	1
7910	102	0	209	208	0	0	8	0	5382	4294967295	207	1
7911	102	0	209	208	0	0	8	1	5382	4294967295	104	1
7912	102	0	209	208	0	0	8	2	5382	4294967295	52	1
7913	102	0	209	208	0	0	8	3	5382	4294967295	26	1
7914	102	0	209	208	0	0	8	4	5382	4294967295	13	1
7915	102	0	209	208	0	0	8	5	5382	4294967295	7	1
7916	102	0	209	208	0	0	8	6	5382	4294967295	4	1
7917	102	0	209	208	0	0	9	0	5382	4294967295	207	1
7918	102	0	209	208	0	0	9	1	5382	4294967295	104	1
7919	102	0	209	208	0	0	9	2	5382	4294967295	52	1
7920	102	0	209	208	0	0	9	3	5382	4294967295	26	1
7921	102	0	209	208	0	0	9	4	5382	4294967295	13	1
7922	102	0	209	208	0	0	9	5	5382	4294967295	7	1
7923	102	0	209	208	0	0	9	6	5382	4294967295	4	1
7924	102	0	209	208	0	0	10	0	5382	4294967295	207	1
7925	102	0	209	208	0	0	10	1	5382	4294967295	104	1
7926	102	0	209	208	0	0	10	2	5382	4294967295	52	1
7927	102	0	209	208	0	0	10	3	5382	4294967295	26	1
7928	102	0	209	208	0	0	10	4	5382	4294967295	13	1
7929	102	0	209	208	0	0	10	5	5382	4294967295	7	1
7930	102	0	209	208	0	0	10	6	5382	4294967295	4	1
7931	103	0	211	210	0	0	0	0	5434	4294967295	209	1
7932	103	0	211	210	0	0	0	1	5434	4294967295	105	1
7933	103	0	211	210	0	0	0	2	5434	4294967295	53	1
7934	103	0	211	210	0	0	0	3	5434	4294967295	27	1
7935	103	0	211	210	0	0	0	4	5434	4294967295	14	1
7936	103	0	211	210	0	0	0	5	5434	4294967295	7	1
7937	103	0	211	210	0	0	0	6	5434	4294967295	4	1
7938	103	0	211	210	0	0	1	0	5434	4294967295	209	1
7939	103	0	211	210	0	0	1	1	5434	4294967295	105	1
7940	103	0	211	210	0	0	1	2	5434	4294967295	53	1
7941	103	0	211	210	0	0	1	3	5434	4294967295	27	1
7942	103	0	211	210	0	0	1	4	5434	4294967295	14	1
7943	103	0	211	210	0	0	1	5	5434	4294967295	7	1
7944	103	0	211	210	0	0	1	6	5434	4294967295	4	1
7945	103	0	211	210	0	0	2	0	5434	4294967295	209	1
7946	103	0	211	210	0	0	2	1	5434	4294967295	105	1
7947	103	0	211	210	0	0	2	2	5434	4294967295	53	1
7948	103	0	211	210	0	0	2	3	5434	4294967295	27	1
7949	103	0	211	210	0	0	2	4	5434	4294967295	14	1
7950	103	0	211	210	0	0	2	5	5434	4294967295	7	1
7951	103	0	211	210	0	0	2	6	5434	4294967295	4	1
7952	103	0	211	210	0	0	3	0	5434	4294967295	209	1
7953	103	0	211	210	0	0	3	1	5434	4294967295	105	1
7954	103	0	211	210	0	0	3	2	5434	4294967295	53	1
7955	103	0	211	210	0	0	3	3	5434	4294967295	27	1
7956	103	0	211	210	0	0	3	4	5434	4294967295	14	1
7957	103	0	211	210	0	0	3	5	5434	4294967295	7	1
7958	103	0	211	210	0	0	3	6	5434	4294967295	4	1
7959	103	0	211	210	0	0	4	0	5434	4294967295	209	1
7960	103	0	211	210	0	0	4	1	5434	4294967295	105	1
7961	103	0	211	210	0	0	4	2	5434	4294967295	53	1
7962	103	0	211	210	0	0	4	3	5434	4294967295	27	1
7963	103	0	211	210	0	0	4	4	5434	4294967295	14	1
7964	103	0	211	210	0	0	4	5	5434	4294967295	7	1
7965	103	0	211	210	0	0	4	6	5434	4294967295	4	1
7966	103	0	211	210	0	0	5	0	5434	4294967295	209	1
7967	103	0	211	210	0	0	5	1	5434	4294967295	105	1
7968	103	0	211	210	0	0	5	2	5434	4294967295	53	1
7969	103	0	211	210	0	0	5	3	5434	4294967295	27	1
7970	103	0	211	210	0	0	5	4	5434	4294967295	14	1
7971	103	0	211	210	0	0	5	5	5434	4294967295	7	1
7972	103	0	211	210	0	0	5	6	5434	4294967295	4	1
7973	103	0	211	210	0	0	6	0	5434	4294967295	209	1
7974	103	0	211	210	0	0	6	1	5434	4294967295	105	1
7975	103	0	211	210	0	0	6	2	5434	4294967295	53	1
7976	103	0	211	210	0	0	6	3	5434	4294967295	27	1
7977	103	0	211	210	0	0	6	4	5434	4294967295	14	1
7978	103	0	211	210	0	0	6	5	5434	4294967295	7	1
7979	103	0	211	210	0	0	6	6	5434	4294967295	4	1
7980	103	0	211	210	0	0	7	0	5434	4294967295	209	1
7981	103	0	211	210	0	0	7	1	5434	4294967295	105	1
7982	103	0	211	210	0	0	7	2	5434	4294967295	53	1
7983	103	0	211	210	0	0	7	3	5434	4294967295	27	1
7984	103	0	211	210	0	0	7	4	5434	4294967295	14	1
7985	103	0	211	210	0	0	7	5	5434	4294967295	7	1
7986	103	0	211	210	0	0	7	6	5434	4294967295	4	1
7987	103	0	211	210	0	0	8	0	5434	4294967295	209	1
7988	103	0	211	210	0	0	8	1	5434	4294967295	105	1
7989	103	0	211	210	0	0	8	2	5434	4294967295	53	1
7990	103	0	211	210	0	0	8	3	5434	4294967295	27	1
7991	103	0	211	210	0	0	8	4	5434	4294967295	14	1
7992	103	0	211	210	0	0	8	5	5434	4294967295	7	1
7993	103	0	211	210	0	0	8	6	5434	4294967295	4	1
7994	103	0	211	210	0	0	9	0	5434	4294967295	209	1
7995	103	0	211	210	0	0	9	1	5434	4294967295	105	1
7996	103	0	211	210	0	0	9	2	5434	4294967295	53	1
7997	103	0	211	210	0	0	9	3	5434	4294967295	27	1
7998	103	0	211	210	0	0	9	4	5434	4294967295	14	1
7999	103	0	211	210	0	0	9	5	5434	4294967295	7	1
8000	103	0	211	210	0	0	9	6	5434	4294967295	4	1
8001	103	0	211	210	0	0	10	0	5434	4294967295	209	1
8002	103	0	211	210	0	0	10	1	5434	4294967295	105	1
8003	103	0	211	210	0	0	10	2	5434	4294967295	53	1
8004	103	0	211	210	0	0	10	3	5434	4294967295	27	1
8005	103	0	211	210	0	0	10	4	5434	4294967295	14	1
8006	103	0	211	210	0	0	10	5	5434	4294967295	7	1
8007	103	0	211	210	0	0	10	6	5434	4294967295	4	1
8008	104	0	213	212	0	0	0	0	5486	4294967295	211	1
8009	104	0	213	212	0	0	0	1	5486	4294967295	106	1
8010	104	0	213	212	0	0	0	2	5486	4294967295	53	1
8011	104	0	213	212	0	0	0	3	5486	4294967295	27	1
8012	104	0	213	212	0	0	0	4	5486	4294967295	14	1
8013	104	0	213	212	0	0	0	5	5486	4294967295	7	1
8014	104	0	213	212	0	0	0	6	5486	4294967295	4	1
8015	104	0	213	212	0	0	1	0	5486	4294967295	211	1
8016	104	0	213	212	0	0	1	1	5486	4294967295	106	1
8017	104	0	213	212	0	0	1	2	5486	4294967295	53	1
8018	104	0	213	212	0	0	1	3	5486	4294967295	27	1
8019	104	0	213	212	0	0	1	4	5486	4294967295	14	1
8020	104	0	213	212	0	0	1	5	5486	4294967295	7	1
8021	104	0	213	212	0	0	1	6	5486	4294967295	4	1
8022	104	0	213	212	0	0	2	0	5486	4294967295	211	1
8023	104	0	213	212	0	0	2	1	5486	4294967295	106	1
8024	104	0	213	212	0	0	2	2	5486	4294967295	53	1
8025	104	0	213	212	0	0	2	3	5486	4294967295	27	1
8026	104	0	213	212	0	0	2	4	5486	4294967295	14	1
8027	104	0	213	212	0	0	2	5	5486	4294967295	7	1
8028	104	0	213	212	0	0	2	6	5486	4294967295	4	1
8029	104	0	213	212	0	0	3	0	5486	4294967295	211	1
8030	104	0	213	212	0	0	3	1	5486	4294967295	106	1
8031	104	0	213	212	0	0	3	2	5486	4294967295	53	1
8032	104	0	213	212	0	0	3	3	5486	4294967295	27	1
8033	104	0	213	212	0	0	3	4	5486	4294967295	14	1
8034	104	0	213	212	0	0	3	5	5486	4294967295	7	1
8035	104	0	213	212	0	0	3	6	5486	4294967295	4	1
8036	104	0	213	212	0	0	4	0	5486	4294967295	211	1
8037	104	0	213	212	0	0	4	1	5486	4294967295	106	1
8038	104	0	213	212	0	0	4	2	5486	4294967295	53	1
8039	104	0	213	212	0	0	4	3	5486	4294967295	27	1
8040	104	0	213	212	0	0	4	4	5486	4294967295	14	1
8041	104	0	213	212	0	0	4	5	5486	4294967295	7	1
8042	104	0	213	212	0	0	4	6	5486	4294967295	4	1
8043	104	0	213	212	0	0	5	0	5486	4294967295	211	1
8044	104	0	213	212	0	0	5	1	5486	4294967295	106	1
8045	104	0	213	212	0	0	5	2	5486	4294967295	53	1
8046	104	0	213	212	0	0	5	3	5486	4294967295	27	1
8047	104	0	213	212	0	0	5	4	5486	4294967295	14	1
8048	104	0	213	212	0	0	5	5	5486	4294967295	7	1
8049	104	0	213	212	0	0	5	6	5486	4294967295	4	1
8050	104	0	213	212	0	0	6	0	5486	4294967295	211	1
8051	104	0	213	212	0	0	6	1	5486	4294967295	106	1
8052	104	0	213	212	0	0	6	2	5486	4294967295	53	1
8053	104	0	213	212	0	0	6	3	5486	4294967295	27	1
8054	104	0	213	212	0	0	6	4	5486	4294967295	14	1
8055	104	0	213	212	0	0	6	5	5486	4294967295	7	1
8056	104	0	213	212	0	0	6	6	5486	4294967295	4	1
8057	104	0	213	212	0	0	7	0	5486	4294967295	211	1
8058	104	0	213	212	0	0	7	1	5486	4294967295	106	1
8059	104	0	213	212	0	0	7	2	5486	4294967295	53	1
8060	104	0	213	212	0	0	7	3	5486	4294967295	27	1
8061	104	0	213	212	0	0	7	4	5486	4294967295	14	1
8062	104	0	213	212	0	0	7	5	5486	4294967295	7	1
8063	104	0	213	212	0	0	7	6	5486	4294967295	4	1
8064	104	0	213	212	0	0	8	0	5486	4294967295	211	1
8065	104	0	213	212	0	0	8	1	5486	4294967295	106	1
8066	104	0	213	212	0	0	8	2	5486	4294967295	53	1
8067	104	0	213	212	0	0	8	3	5486	4294967295	27	1
8068	104	0	213	212	0	0	8	4	5486	4294967295	14	1
8069	104	0	213	212	0	0	8	5	5486	4294967295	7	1
8070	104	0	213	212	0	0	8	6	5486	4294967295	4	1
8071	104	0	213	212	0	0	9	0	5486	4294967295	211	1
8072	104	0	213	212	0	0	9	1	5486	4294967295	106	1
8073	104	0	213	212	0	0	9	2	5486	4294967295	53	1
8074	104	0	213	212	0	0	9	3	5486	4294967295	27	1
8075	104	0	213	212	0	0	9	4	5486	4294967295	14	1
8076	104	0	213	212	0	0	9	5	5486	4294967295	7	1
8077	104	0	213	212	0	0	9	6	5486	4294967295	4	1
8078	104	0	213	212	0	0	10	0	5486	4294967295	211	1
8079	104	0	213	212	0	0	10	1	5486	4294967295	106	1
8080	104	0	213	212	0	0	10	2	5486	4294967295	53	1
8081	104	0	213	212	0	0	10	3	5486	4294967295	27	1
8082	104	0	213	212	0	0	10	4	5486	4294967295	14	1
8083	104	0	213	212	0	0	10	5	5486	4294967295	7	1
8084	104	0	213	212	0	0	10	6	5486	4294967295	4	1
8085	105	0	215	214	0	0	0	0	5538	4294967295	213	1
8086	105	0	215	214	0	0	0	1	5538	4294967295	107	1
8087	105	0	215	214	0	0	0	2	5538	4294967295	54	1
8088	105	0	215	214	0	0	0	3	5538	4294967295	27	1
8089	105	0	215	214	0	0	0	4	5538	4294967295	14	1
8090	105	0	215	214	0	0	0	5	5538	4294967295	7	1
8091	105	0	215	214	0	0	0	6	5538	4294967295	4	1
8092	105	0	215	214	0	0	1	0	5538	4294967295	213	1
8093	105	0	215	214	0	0	1	1	5538	4294967295	107	1
8094	105	0	215	214	0	0	1	2	5538	4294967295	54	1
8095	105	0	215	214	0	0	1	3	5538	4294967295	27	1
8096	105	0	215	214	0	0	1	4	5538	4294967295	14	1
8097	105	0	215	214	0	0	1	5	5538	4294967295	7	1
8098	105	0	215	214	0	0	1	6	5538	4294967295	4	1
8099	105	0	215	214	0	0	2	0	5538	4294967295	213	1
8100	105	0	215	214	0	0	2	1	5538	4294967295	107	1
8101	105	0	215	214	0	0	2	2	5538	4294967295	54	1
8102	105	0	215	214	0	0	2	3	5538	4294967295	27	1
8103	105	0	215	214	0	0	2	4	5538	4294967295	14	1
8104	105	0	215	214	0	0	2	5	5538	4294967295	7	1
8105	105	0	215	214	0	0	2	6	5538	4294967295	4	1
8106	105	0	215	214	0	0	3	0	5538	4294967295	213	1
8107	105	0	215	214	0	0	3	1	5538	4294967295	107	1
8108	105	0	215	214	0	0	3	2	5538	4294967295	54	1
8109	105	0	215	214	0	0	3	3	5538	4294967295	27	1
8110	105	0	215	214	0	0	3	4	5538	4294967295	14	1
8111	105	0	215	214	0	0	3	5	5538	4294967295	7	1
8112	105	0	215	214	0	0	3	6	5538	4294967295	4	1
8113	105	0	215	214	0	0	4	0	5538	4294967295	213	1
8114	105	0	215	214	0	0	4	1	5538	4294967295	107	1
8115	105	0	215	214	0	0	4	2	5538	4294967295	54	1
8116	105	0	215	214	0	0	4	3	5538	4294967295	27	1
8117	105	0	215	214	0	0	4	4	5538	4294967295	14	1
8118	105	0	215	214	0	0	4	5	5538	4294967295	7	1
8119	105	0	215	214	0	0	4	6	5538	4294967295	4	1
8120	105	0	215	214	0	0	5	0	5538	4294967295	213	1
8121	105	0	215	214	0	0	5	1	5538	4294967295	107	1
8122	105	0	215	214	0	0	5	2	5538	4294967295	54	1
8123	105	0	215	214	0	0	5	3	5538	4294967295	27	1
8124	105	0	215	214	0	0	5	4	5538	4294967295	14	1
8125	105	0	215	214	0	0	5	5	5538	4294967295	7	1
8126	105	0	215	214	0	0	5	6	5538	4294967295	4	1
8127	105	0	215	214	0	0	6	0	5538	4294967295	213	1
8128	105	0	215	214	0	0	6	1	5538	4294967295	107	1
8129	105	0	215	214	0	0	6	2	5538	4294967295	54	1
8130	105	0	215	214	0	0	6	3	5538	4294967295	27	1
8131	105	0	215	214	0	0	6	4	5538	4294967295	14	1
8132	105	0	215	214	0	0	6	5	5538	4294967295	7	1
8133	105	0	215	214	0	0	6	6	5538	4294967295	4	1
8134	105	0	215	214	0	0	7	0	5538	4294967295	213	1
8135	105	0	215	214	0	0	7	1	5538	4294967295	107	1
8136	105	0	215	214	0	0	7	2	5538	4294967295	54	1
8137	105	0	215	214	0	0	7	3	5538	4294967295	27	1
8138	105	0	215	214	0	0	7	4	5538	4294967295	14	1
8139	105	0	215	214	0	0	7	5	5538	4294967295	7	1
8140	105	0	215	214	0	0	7	6	5538	4294967295	4	1
8141	105	0	215	214	0	0	8	0	5538	4294967295	213	1
8142	105	0	215	214	0	0	8	1	5538	4294967295	107	1
8143	105	0	215	214	0	0	8	2	5538	4294967295	54	1
8144	105	0	215	214	0	0	8	3	5538	4294967295	27	1
8145	105	0	215	214	0	0	8	4	5538	4294967295	14	1
8146	105	0	215	214	0	0	8	5	5538	4294967295	7	1
8147	105	0	215	214	0	0	8	6	5538	4294967295	4	1
8148	105	0	215	214	0	0	9	0	5538	4294967295	213	1
8149	105	0	215	214	0	0	9	1	5538	4294967295	107	1
8150	105	0	215	214	0	0	9	2	5538	4294967295	54	1
8151	105	0	215	214	0	0	9	3	5538	4294967295	27	1
8152	105	0	215	214	0	0	9	4	5538	4294967295	14	1
8153	105	0	215	214	0	0	9	5	5538	4294967295	7	1
8154	105	0	215	214	0	0	9	6	5538	4294967295	4	1
8155	105	0	215	214	0	0	10	0	5538	4294967295	213	1
8156	105	0	215	214	0	0	10	1	5538	4294967295	107	1
8157	105	0	215	214	0	0	10	2	5538	4294967295	54	1
8158	105	0	215	214	0	0	10	3	5538	4294967295	27	1
8159	105	0	215	214	0	0	10	4	5538	4294967295	14	1
8160	105	0	215	214	0	0	10	5	5538	4294967295	7	1
8161	105	0	215	214	0	0	10	6	5538	4294967295	4	1
8162	106	0	217	216	0	0	0	0	5590	4294967295	215	1
8163	106	0	217	216	0	0	0	1	5590	4294967295	108	1
8164	106	0	217	216	0	0	0	2	5590	4294967295	54	1
8165	106	0	217	216	0	0	0	3	5590	4294967295	27	1
8166	106	0	217	216	0	0	0	4	5590	4294967295	14	1
8167	106	0	217	216	0	0	0	5	5590	4294967295	7	1
8168	106	0	217	216	0	0	0	6	5590	4294967295	4	1
8169	106	0	217	216	0	0	1	0	5590	4294967295	215	1
8170	106	0	217	216	0	0	1	1	5590	4294967295	108	1
8171	106	0	217	216	0	0	1	2	5590	4294967295	54	1
8172	106	0	217	216	0	0	1	3	5590	4294967295	27	1
8173	106	0	217	216	0	0	1	4	5590	4294967295	14	1
8174	106	0	217	216	0	0	1	5	5590	4294967295	7	1
8175	106	0	217	216	0	0	1	6	5590	4294967295	4	1
8176	106	0	217	216	0	0	2	0	5590	4294967295	215	1
8177	106	0	217	216	0	0	2	1	5590	4294967295	108	1
8178	106	0	217	216	0	0	2	2	5590	4294967295	54	1
8179	106	0	217	216	0	0	2	3	5590	4294967295	27	1
8180	106	0	217	216	0	0	2	4	5590	4294967295	14	1
8181	106	0	217	216	0	0	2	5	5590	4294967295	7	1
8182	106	0	217	216	0	0	2	6	5590	4294967295	4	1
8183	106	0	217	216	0	0	3	0	5590	4294967295	215	1
8184	106	0	217	216	0	0	3	1	5590	4294967295	108	1
8185	106	0	217	216	0	0	3	2	5590	4294967295	54	1
8186	106	0	217	216	0	0	3	3	5590	4294967295	27	1
8187	106	0	217	216	0	0	3	4	5590	4294967295	14	1
8188	106	0	217	216	0	0	3	5	5590	4294967295	7	1
8189	106	0	217	216	0	0	3	6	5590	4294967295	4	1
8190	106	0	217	216	0	0	4	0	5590	4294967295	215	1
8191	106	0	217	216	0	0	4	1	5590	4294967295	108	1
8192	106	0	217	216	0	0	4	2	5590	4294967295	54	1
8193	106	0	217	216	0	0	4	3	5590	4294967295	27	1
8194	106	0	217	216	0	0	4	4	5590	4294967295	14	1
8195	106	0	217	216	0	0	4	5	5590	4294967295	7	1
8196	106	0	217	216	0	0	4	6	5590	4294967295	4	1
8197	106	0	217	216	0	0	5	0	5590	4294967295	215	1
8198	106	0	217	216	0	0	5	1	5590	4294967295	108	1
8199	106	0	217	216	0	0	5	2	5590	4294967295	54	1
8200	106	0	217	216	0	0	5	3	5590	4294967295	27	1
8201	106	0	217	216	0	0	5	4	5590	4294967295	14	1
8202	106	0	217	216	0	0	5	5	5590	4294967295	7	1
8203	106	0	217	216	0	0	5	6	5590	4294967295	4	1
8204	106	0	217	216	0	0	6	0	5590	4294967295	215	1
8205	106	0	217	216	0	0	6	1	5590	4294967295	108	1
8206	106	0	217	216	0	0	6	2	5590	4294967295	54	1
8207	106	0	217	216	0	0	6	3	5590	4294967295	27	1
8208	106	0	217	216	0	0	6	4	5590	4294967295	14	1
8209	106	0	217	216	0	0	6	5	5590	4294967295	7	1
8210	106	0	217	216	0	0	6	6	5590	4294967295	4	1
8211	106	0	217	216	0	0	7	0	5590	4294967295	215	1
8212	106	0	217	216	0	0	7	1	5590	4294967295	108	1
8213	106	0	217	216	0	0	7	2	5590	4294967295	54	1
8214	106	0	217	216	0	0	7	3	5590	4294967295	27	1
8215	106	0	217	216	0	0	7	4	5590	4294967295	14	1
8216	106	0	217	216	0	0	7	5	5590	4294967295	7	1
8217	106	0	217	216	0	0	7	6	5590	4294967295	4	1
8218	106	0	217	216	0	0	8	0	5590	4294967295	215	1
8219	106	0	217	216	0	0	8	1	5590	4294967295	108	1
8220	106	0	217	216	0	0	8	2	5590	4294967295	54	1
8221	106	0	217	216	0	0	8	3	5590	4294967295	27	1
8222	106	0	217	216	0	0	8	4	5590	4294967295	14	1
8223	106	0	217	216	0	0	8	5	5590	4294967295	7	1
8224	106	0	217	216	0	0	8	6	5590	4294967295	4	1
8225	106	0	217	216	0	0	9	0	5590	4294967295	215	1
8226	106	0	217	216	0	0	9	1	5590	4294967295	108	1
8227	106	0	217	216	0	0	9	2	5590	4294967295	54	1
8228	106	0	217	216	0	0	9	3	5590	4294967295	27	1
8229	106	0	217	216	0	0	9	4	5590	4294967295	14	1
8230	106	0	217	216	0	0	9	5	5590	4294967295	7	1
8231	106	0	217	216	0	0	9	6	5590	4294967295	4	1
8232	106	0	217	216	0	0	10	0	5590	4294967295	215	1
8233	106	0	217	216	0	0	10	1	5590	4294967295	108	1
8234	106	0	217	216	0	0	10	2	5590	4294967295	54	1
8235	106	0	217	216	0	0	10	3	5590	4294967295	27	1
8236	106	0	217	216	0	0	10	4	5590	4294967295	14	1
8237	106	0	217	216	0	0	10	5	5590	4294967295	7	1
8238	106	0	217	216	0	0	10	6	5590	4294967295	4	1
8239	107	0	219	218	0	0	0	0	5642	4294967295	217	1
8240	107	0	219	218	0	0	0	1	5642	4294967295	109	1
8241	107	0	219	218	0	0	0	2	5642	4294967295	55	1
8242	107	0	219	218	0	0	0	3	5642	4294967295	28	1
8243	107	0	219	218	0	0	0	4	5642	4294967295	14	1
8244	107	0	219	218	0	0	0	5	5642	4294967295	7	1
8245	107	0	219	218	0	0	0	6	5642	4294967295	4	1
8246	107	0	219	218	0	0	1	0	5642	4294967295	217	1
8247	107	0	219	218	0	0	1	1	5642	4294967295	109	1
8248	107	0	219	218	0	0	1	2	5642	4294967295	55	1
8249	107	0	219	218	0	0	1	3	5642	4294967295	28	1
8250	107	0	219	218	0	0	1	4	5642	4294967295	14	1
8251	107	0	219	218	0	0	1	5	5642	4294967295	7	1
8252	107	0	219	218	0	0	1	6	5642	4294967295	4	1
8253	107	0	219	218	0	0	2	0	5642	4294967295	217	1
8254	107	0	219	218	0	0	2	1	5642	4294967295	109	1
8255	107	0	219	218	0	0	2	2	5642	4294967295	55	1
8256	107	0	219	218	0	0	2	3	5642	4294967295	28	1
8257	107	0	219	218	0	0	2	4	5642	4294967295	14	1
8258	107	0	219	218	0	0	2	5	5642	4294967295	7	1
8259	107	0	219	218	0	0	2	6	5642	4294967295	4	1
8260	107	0	219	218	0	0	3	0	5642	4294967295	217	1
8261	107	0	219	218	0	0	3	1	5642	4294967295	109	1
8262	107	0	219	218	0	0	3	2	5642	4294967295	55	1
8263	107	0	219	218	0	0	3	3	5642	4294967295	28	1
8264	107	0	219	218	0	0	3	4	5642	4294967295	14	1
8265	107	0	219	218	0	0	3	5	5642	4294967295	7	1
8266	107	0	219	218	0	0	3	6	5642	4294967295	4	1
8267	107	0	219	218	0	0	4	0	5642	4294967295	217	1
8268	107	0	219	218	0	0	4	1	5642	4294967295	109	1
8269	107	0	219	218	0	0	4	2	5642	4294967295	55	1
8270	107	0	219	218	0	0	4	3	5642	4294967295	28	1
8271	107	0	219	218	0	0	4	4	5642	4294967295	14	1
8272	107	0	219	218	0	0	4	5	5642	4294967295	7	1
8273	107	0	219	218	0	0	4	6	5642	4294967295	4	1
8274	107	0	219	218	0	0	5	0	5642	4294967295	217	1
8275	107	0	219	218	0	0	5	1	5642	4294967295	109	1
8276	107	0	219	218	0	0	5	2	5642	4294967295	55	1
8277	107	0	219	218	0	0	5	3	5642	4294967295	28	1
8278	107	0	219	218	0	0	5	4	5642	4294967295	14	1
8279	107	0	219	218	0	0	5	5	5642	4294967295	7	1
8280	107	0	219	218	0	0	5	6	5642	4294967295	4	1
8281	107	0	219	218	0	0	6	0	5642	4294967295	217	1
8282	107	0	219	218	0	0	6	1	5642	4294967295	109	1
8283	107	0	219	218	0	0	6	2	5642	4294967295	55	1
8284	107	0	219	218	0	0	6	3	5642	4294967295	28	1
8285	107	0	219	218	0	0	6	4	5642	4294967295	14	1
8286	107	0	219	218	0	0	6	5	5642	4294967295	7	1
8287	107	0	219	218	0	0	6	6	5642	4294967295	4	1
8288	107	0	219	218	0	0	7	0	5642	4294967295	217	1
8289	107	0	219	218	0	0	7	1	5642	4294967295	109	1
8290	107	0	219	218	0	0	7	2	5642	4294967295	55	1
8291	107	0	219	218	0	0	7	3	5642	4294967295	28	1
8292	107	0	219	218	0	0	7	4	5642	4294967295	14	1
8293	107	0	219	218	0	0	7	5	5642	4294967295	7	1
8294	107	0	219	218	0	0	7	6	5642	4294967295	4	1
8295	107	0	219	218	0	0	8	0	5642	4294967295	217	1
8296	107	0	219	218	0	0	8	1	5642	4294967295	109	1
8297	107	0	219	218	0	0	8	2	5642	4294967295	55	1
8298	107	0	219	218	0	0	8	3	5642	4294967295	28	1
8299	107	0	219	218	0	0	8	4	5642	4294967295	14	1
8300	107	0	219	218	0	0	8	5	5642	4294967295	7	1
8301	107	0	219	218	0	0	8	6	5642	4294967295	4	1
8302	107	0	219	218	0	0	9	0	5642	4294967295	217	1
8303	107	0	219	218	0	0	9	1	5642	4294967295	109	1
8304	107	0	219	218	0	0	9	2	5642	4294967295	55	1
8305	107	0	219	218	0	0	9	3	5642	4294967295	28	1
8306	107	0	219	218	0	0	9	4	5642	4294967295	14	1
8307	107	0	219	218	0	0	9	5	5642	4294967295	7	1
8308	107	0	219	218	0	0	9	6	5642	4294967295	4	1
8309	107	0	219	218	0	0	10	0	5642	4294967295	217	1
8310	107	0	219	218	0	0	10	1	5642	4294967295	109	1
8311	107	0	219	218	0	0	10	2	5642	4294967295	55	1
8312	107	0	219	218	0	0	10	3	5642	4294967295	28	1
8313	107	0	219	218	0	0	10	4	5642	4294967295	14	1
8314	107	0	219	218	0	0	10	5	5642	4294967295	7	1
8315	107	0	219	218	0	0	10	6	5642	4294967295	4	1
8316	108	0	221	220	0	0	0	0	5694	4294967295	219	1
8317	108	0	221	220	0	0	0	1	5694	4294967295	110	1
8318	108	0	221	220	0	0	0	2	5694	4294967295	55	1
8319	108	0	221	220	0	0	0	3	5694	4294967295	28	1
8320	108	0	221	220	0	0	0	4	5694	4294967295	14	1
8321	108	0	221	220	0	0	0	5	5694	4294967295	7	1
8322	108	0	221	220	0	0	0	6	5694	4294967295	4	1
8323	108	0	221	220	0	0	1	0	5694	4294967295	219	1
8324	108	0	221	220	0	0	1	1	5694	4294967295	110	1
8325	108	0	221	220	0	0	1	2	5694	4294967295	55	1
8326	108	0	221	220	0	0	1	3	5694	4294967295	28	1
8327	108	0	221	220	0	0	1	4	5694	4294967295	14	1
8328	108	0	221	220	0	0	1	5	5694	4294967295	7	1
8329	108	0	221	220	0	0	1	6	5694	4294967295	4	1
8330	108	0	221	220	0	0	2	0	5694	4294967295	219	1
8331	108	0	221	220	0	0	2	1	5694	4294967295	110	1
8332	108	0	221	220	0	0	2	2	5694	4294967295	55	1
8333	108	0	221	220	0	0	2	3	5694	4294967295	28	1
8334	108	0	221	220	0	0	2	4	5694	4294967295	14	1
8335	108	0	221	220	0	0	2	5	5694	4294967295	7	1
8336	108	0	221	220	0	0	2	6	5694	4294967295	4	1
8337	108	0	221	220	0	0	3	0	5694	4294967295	219	1
8338	108	0	221	220	0	0	3	1	5694	4294967295	110	1
8339	108	0	221	220	0	0	3	2	5694	4294967295	55	1
8340	108	0	221	220	0	0	3	3	5694	4294967295	28	1
8341	108	0	221	220	0	0	3	4	5694	4294967295	14	1
8342	108	0	221	220	0	0	3	5	5694	4294967295	7	1
8343	108	0	221	220	0	0	3	6	5694	4294967295	4	1
8344	108	0	221	220	0	0	4	0	5694	4294967295	219	1
8345	108	0	221	220	0	0	4	1	5694	4294967295	110	1
8346	108	0	221	220	0	0	4	2	5694	4294967295	55	1
8347	108	0	221	220	0	0	4	3	5694	4294967295	28	1
8348	108	0	221	220	0	0	4	4	5694	4294967295	14	1
8349	108	0	221	220	0	0	4	5	5694	4294967295	7	1
8350	108	0	221	220	0	0	4	6	5694	4294967295	4	1
8351	108	0	221	220	0	0	5	0	5694	4294967295	219	1
8352	108	0	221	220	0	0	5	1	5694	4294967295	110	1
8353	108	0	221	220	0	0	5	2	5694	4294967295	55	1
8354	108	0	221	220	0	0	5	3	5694	4294967295	28	1
8355	108	0	221	220	0	0	5	4	5694	4294967295	14	1
8356	108	0	221	220	0	0	5	5	5694	4294967295	7	1
8357	108	0	221	220	0	0	5	6	5694	4294967295	4	1
8358	108	0	221	220	0	0	6	0	5694	4294967295	219	1
8359	108	0	221	220	0	0	6	1	5694	4294967295	110	1
8360	108	0	221	220	0	0	6	2	5694	4294967295	55	1
8361	108	0	221	220	0	0	6	3	5694	4294967295	28	1
8362	108	0	221	220	0	0	6	4	5694	4294967295	14	1
8363	108	0	221	220	0	0	6	5	5694	4294967295	7	1
8364	108	0	221	220	0	0	6	6	5694	4294967295	4	1
8365	108	0	221	220	0	0	7	0	5694	4294967295	219	1
8366	108	0	221	220	0	0	7	1	5694	4294967295	110	1
8367	108	0	221	220	0	0	7	2	5694	4294967295	55	1
8368	108	0	221	220	0	0	7	3	5694	4294967295	28	1
8369	108	0	221	220	0	0	7	4	5694	4294967295	14	1
8370	108	0	221	220	0	0	7	5	5694	4294967295	7	1
8371	108	0	221	220	0	0	7	6	5694	4294967295	4	1
8372	108	0	221	220	0	0	8	0	5694	4294967295	219	1
8373	108	0	221	220	0	0	8	1	5694	4294967295	110	1
8374	108	0	221	220	0	0	8	2	5694	4294967295	55	1
8375	108	0	221	220	0	0	8	3	5694	4294967295	28	1
8376	108	0	221	220	0	0	8	4	5694	4294967295	14	1
8377	108	0	221	220	0	0	8	5	5694	4294967295	7	1
8378	108	0	221	220	0	0	8	6	5694	4294967295	4	1
8379	108	0	221	220	0	0	9	0	5694	4294967295	219	1
8380	108	0	221	220	0	0	9	1	5694	4294967295	110	1
8381	108	0	221	220	0	0	9	2	5694	4294967295	55	1
8382	108	0	221	220	0	0	9	3	5694	4294967295	28	1
8383	108	0	221	220	0	0	9	4	5694	4294967295	14	1
8384	108	0	221	220	0	0	9	5	5694	4294967295	7	1
8385	108	0	221	220	0	0	9	6	5694	4294967295	4	1
8386	108	0	221	220	0	0	10	0	5694	4294967295	219	1
8387	108	0	221	220	0	0	10	1	5694	4294967295	110	1
8388	108	0	221	220	0	0	10	2	5694	4294967295	55	1
8389	108	0	221	220	0	0	10	3	5694	4294967295	28	1
8390	108	0	221	220	0	0	10	4	5694	4294967295	14	1
8391	108	0	221	220	0	0	10	5	5694	4294967295	7	1
8392	108	0	221	220	0	0	10	6	5694	4294967295	4	1
8393	109	0	223	222	0	0	0	0	5746	4294967295	221	1
8394	109	0	223	222	0	0	0	1	5746	4294967295	111	1
8395	109	0	223	222	0	0	0	2	5746	4294967295	56	1
8396	109	0	223	222	0	0	0	3	5746	4294967295	28	1
8397	109	0	223	222	0	0	0	4	5746	4294967295	14	1
8398	109	0	223	222	0	0	0	5	5746	4294967295	7	1
8399	109	0	223	222	0	0	0	6	5746	4294967295	4	1
8400	109	0	223	222	0	0	1	0	5746	4294967295	221	1
8401	109	0	223	222	0	0	1	1	5746	4294967295	111	1
8402	109	0	223	222	0	0	1	2	5746	4294967295	56	1
8403	109	0	223	222	0	0	1	3	5746	4294967295	28	1
8404	109	0	223	222	0	0	1	4	5746	4294967295	14	1
8405	109	0	223	222	0	0	1	5	5746	4294967295	7	1
8406	109	0	223	222	0	0	1	6	5746	4294967295	4	1
8407	109	0	223	222	0	0	2	0	5746	4294967295	221	1
8408	109	0	223	222	0	0	2	1	5746	4294967295	111	1
8409	109	0	223	222	0	0	2	2	5746	4294967295	56	1
8410	109	0	223	222	0	0	2	3	5746	4294967295	28	1
8411	109	0	223	222	0	0	2	4	5746	4294967295	14	1
8412	109	0	223	222	0	0	2	5	5746	4294967295	7	1
8413	109	0	223	222	0	0	2	6	5746	4294967295	4	1
8414	109	0	223	222	0	0	3	0	5746	4294967295	221	1
8415	109	0	223	222	0	0	3	1	5746	4294967295	111	1
8416	109	0	223	222	0	0	3	2	5746	4294967295	56	1
8417	109	0	223	222	0	0	3	3	5746	4294967295	28	1
8418	109	0	223	222	0	0	3	4	5746	4294967295	14	1
8419	109	0	223	222	0	0	3	5	5746	4294967295	7	1
8420	109	0	223	222	0	0	3	6	5746	4294967295	4	1
8421	109	0	223	222	0	0	4	0	5746	4294967295	221	1
8422	109	0	223	222	0	0	4	1	5746	4294967295	111	1
8423	109	0	223	222	0	0	4	2	5746	4294967295	56	1
8424	109	0	223	222	0	0	4	3	5746	4294967295	28	1
8425	109	0	223	222	0	0	4	4	5746	4294967295	14	1
8426	109	0	223	222	0	0	4	5	5746	4294967295	7	1
8427	109	0	223	222	0	0	4	6	5746	4294967295	4	1
8428	109	0	223	222	0	0	5	0	5746	4294967295	221	1
8429	109	0	223	222	0	0	5	1	5746	4294967295	111	1
8430	109	0	223	222	0	0	5	2	5746	4294967295	56	1
8431	109	0	223	222	0	0	5	3	5746	4294967295	28	1
8432	109	0	223	222	0	0	5	4	5746	4294967295	14	1
8433	109	0	223	222	0	0	5	5	5746	4294967295	7	1
8434	109	0	223	222	0	0	5	6	5746	4294967295	4	1
8435	109	0	223	222	0	0	6	0	5746	4294967295	221	1
8436	109	0	223	222	0	0	6	1	5746	4294967295	111	1
8437	109	0	223	222	0	0	6	2	5746	4294967295	56	1
8438	109	0	223	222	0	0	6	3	5746	4294967295	28	1
8439	109	0	223	222	0	0	6	4	5746	4294967295	14	1
8440	109	0	223	222	0	0	6	5	5746	4294967295	7	1
8441	109	0	223	222	0	0	6	6	5746	4294967295	4	1
8442	109	0	223	222	0	0	7	0	5746	4294967295	221	1
8443	109	0	223	222	0	0	7	1	5746	4294967295	111	1
8444	109	0	223	222	0	0	7	2	5746	4294967295	56	1
8445	109	0	223	222	0	0	7	3	5746	4294967295	28	1
8446	109	0	223	222	0	0	7	4	5746	4294967295	14	1
8447	109	0	223	222	0	0	7	5	5746	4294967295	7	1
8448	109	0	223	222	0	0	7	6	5746	4294967295	4	1
8449	109	0	223	222	0	0	8	0	5746	4294967295	221	1
8450	109	0	223	222	0	0	8	1	5746	4294967295	111	1
8451	109	0	223	222	0	0	8	2	5746	4294967295	56	1
8452	109	0	223	222	0	0	8	3	5746	4294967295	28	1
8453	109	0	223	222	0	0	8	4	5746	4294967295	14	1
8454	109	0	223	222	0	0	8	5	5746	4294967295	7	1
8455	109	0	223	222	0	0	8	6	5746	4294967295	4	1
8456	109	0	223	222	0	0	9	0	5746	4294967295	221	1
8457	109	0	223	222	0	0	9	1	5746	4294967295	111	1
8458	109	0	223	222	0	0	9	2	5746	4294967295	56	1
8459	109	0	223	222	0	0	9	3	5746	4294967295	28	1
8460	109	0	223	222	0	0	9	4	5746	4294967295	14	1
8461	109	0	223	222	0	0	9	5	5746	4294967295	7	1
8462	109	0	223	222	0	0	9	6	5746	4294967295	4	1
8463	109	0	223	222	0	0	10	0	5746	4294967295	221	1
8464	109	0	223	222	0	0	10	1	5746	4294967295	111	1
8465	109	0	223	222	0	0	10	2	5746	4294967295	56	1
8466	109	0	223	222	0	0	10	3	5746	4294967295	28	1
8467	109	0	223	222	0	0	10	4	5746	4294967295	14	1
8468	109	0	223	222	0	0	10	5	5746	4294967295	7	1
8469	109	0	223	222	0	0	10	6	5746	4294967295	4	1
8470	110	0	225	224	0	0	0	0	5922	4294967295	223	1
8471	110	0	225	224	0	0	0	1	5922	4294967295	112	1
8472	110	0	225	224	0	0	0	2	5922	4294967295	56	1
8473	110	0	225	224	0	0	0	3	5922	4294967295	28	1
8474	110	0	225	224	0	0	0	4	5922	4294967295	14	1
8475	110	0	225	224	0	0	0	5	5922	4294967295	7	1
8476	110	0	225	224	0	0	0	6	5922	4294967295	4	1
8477	110	0	225	224	0	0	1	0	5922	4294967295	223	1
8478	110	0	225	224	0	0	1	1	5922	4294967295	112	1
8479	110	0	225	224	0	0	1	2	5922	4294967295	56	1
8480	110	0	225	224	0	0	1	3	5922	4294967295	28	1
8481	110	0	225	224	0	0	1	4	5922	4294967295	14	1
8482	110	0	225	224	0	0	1	5	5922	4294967295	7	1
8483	110	0	225	224	0	0	1	6	5922	4294967295	4	1
8484	110	0	225	224	0	0	2	0	5922	4294967295	223	1
8485	110	0	225	224	0	0	2	1	5922	4294967295	112	1
8486	110	0	225	224	0	0	2	2	5922	4294967295	56	1
8487	110	0	225	224	0	0	2	3	5922	4294967295	28	1
8488	110	0	225	224	0	0	2	4	5922	4294967295	14	1
8489	110	0	225	224	0	0	2	5	5922	4294967295	7	1
8490	110	0	225	224	0	0	2	6	5922	4294967295	4	1
8491	110	0	225	224	0	0	3	0	5922	4294967295	223	1
8492	110	0	225	224	0	0	3	1	5922	4294967295	112	1
8493	110	0	225	224	0	0	3	2	5922	4294967295	56	1
8494	110	0	225	224	0	0	3	3	5922	4294967295	28	1
8495	110	0	225	224	0	0	3	4	5922	4294967295	14	1
8496	110	0	225	224	0	0	3	5	5922	4294967295	7	1
8497	110	0	225	224	0	0	3	6	5922	4294967295	4	1
8498	110	0	225	224	0	0	4	0	5922	4294967295	223	1
8499	110	0	225	224	0	0	4	1	5922	4294967295	112	1
8500	110	0	225	224	0	0	4	2	5922	4294967295	56	1
8501	110	0	225	224	0	0	4	3	5922	4294967295	28	1
8502	110	0	225	224	0	0	4	4	5922	4294967295	14	1
8503	110	0	225	224	0	0	4	5	5922	4294967295	7	1
8504	110	0	225	224	0	0	4	6	5922	4294967295	4	1
8505	110	0	225	224	0	0	5	0	5922	4294967295	223	1
8506	110	0	225	224	0	0	5	1	5922	4294967295	112	1
8507	110	0	225	224	0	0	5	2	5922	4294967295	56	1
8508	110	0	225	224	0	0	5	3	5922	4294967295	28	1
8509	110	0	225	224	0	0	5	4	5922	4294967295	14	1
8510	110	0	225	224	0	0	5	5	5922	4294967295	7	1
8511	110	0	225	224	0	0	5	6	5922	4294967295	4	1
8512	110	0	225	224	0	0	6	0	5922	4294967295	223	1
8513	110	0	225	224	0	0	6	1	5922	4294967295	112	1
8514	110	0	225	224	0	0	6	2	5922	4294967295	56	1
8515	110	0	225	224	0	0	6	3	5922	4294967295	28	1
8516	110	0	225	224	0	0	6	4	5922	4294967295	14	1
8517	110	0	225	224	0	0	6	5	5922	4294967295	7	1
8518	110	0	225	224	0	0	6	6	5922	4294967295	4	1
8519	110	0	225	224	0	0	7	0	5922	4294967295	223	1
8520	110	0	225	224	0	0	7	1	5922	4294967295	112	1
8521	110	0	225	224	0	0	7	2	5922	4294967295	56	1
8522	110	0	225	224	0	0	7	3	5922	4294967295	28	1
8523	110	0	225	224	0	0	7	4	5922	4294967295	14	1
8524	110	0	225	224	0	0	7	5	5922	4294967295	7	1
8525	110	0	225	224	0	0	7	6	5922	4294967295	4	1
8526	110	0	225	224	0	0	8	0	5922	4294967295	223	1
8527	110	0	225	224	0	0	8	1	5922	4294967295	112	1
8528	110	0	225	224	0	0	8	2	5922	4294967295	56	1
8529	110	0	225	224	0	0	8	3	5922	4294967295	28	1
8530	110	0	225	224	0	0	8	4	5922	4294967295	14	1
8531	110	0	225	224	0	0	8	5	5922	4294967295	7	1
8532	110	0	225	224	0	0	8	6	5922	4294967295	4	1
8533	110	0	225	224	0	0	9	0	5922	4294967295	223	1
8534	110	0	225	224	0	0	9	1	5922	4294967295	112	1
8535	110	0	225	224	0	0	9	2	5922	4294967295	56	1
8536	110	0	225	224	0	0	9	3	5922	4294967295	28	1
8537	110	0	225	224	0	0	9	4	5922	4294967295	14	1
8538	110	0	225	224	0	0	9	5	5922	4294967295	7	1
8539	110	0	225	224	0	0	9	6	5922	4294967295	4	1
8540	110	0	225	224	0	0	10	0	5922	4294967295	223	1
8541	110	0	225	224	0	0	10	1	5922	4294967295	112	1
8542	110	0	225	224	0	0	10	2	5922	4294967295	56	1
8543	110	0	225	224	0	0	10	3	5922	4294967295	28	1
8544	110	0	225	224	0	0	10	4	5922	4294967295	14	1
8545	110	0	225	224	0	0	10	5	5922	4294967295	7	1
8546	110	0	225	224	0	0	10	6	5922	4294967295	4	1
8547	111	0	227	226	0	0	0	0	5982	4294967295	225	1
8548	111	0	227	226	0	0	0	1	5982	4294967295	113	1
8549	111	0	227	226	0	0	0	2	5982	4294967295	57	1
8550	111	0	227	226	0	0	0	3	5982	4294967295	29	1
8551	111	0	227	226	0	0	0	4	5982	4294967295	15	1
8552	111	0	227	226	0	0	0	5	5982	4294967295	8	1
8553	111	0	227	226	0	0	0	6	5982	4294967295	4	1
8554	111	0	227	226	0	0	1	0	5982	4294967295	225	1
8555	111	0	227	226	0	0	1	1	5982	4294967295	113	1
8556	111	0	227	226	0	0	1	2	5982	4294967295	57	1
8557	111	0	227	226	0	0	1	3	5982	4294967295	29	1
8558	111	0	227	226	0	0	1	4	5982	4294967295	15	1
8559	111	0	227	226	0	0	1	5	5982	4294967295	8	1
8560	111	0	227	226	0	0	1	6	5982	4294967295	4	1
8561	111	0	227	226	0	0	2	0	5982	4294967295	225	1
8562	111	0	227	226	0	0	2	1	5982	4294967295	113	1
8563	111	0	227	226	0	0	2	2	5982	4294967295	57	1
8564	111	0	227	226	0	0	2	3	5982	4294967295	29	1
8565	111	0	227	226	0	0	2	4	5982	4294967295	15	1
8566	111	0	227	226	0	0	2	5	5982	4294967295	8	1
8567	111	0	227	226	0	0	2	6	5982	4294967295	4	1
8568	111	0	227	226	0	0	3	0	5982	4294967295	225	1
8569	111	0	227	226	0	0	3	1	5982	4294967295	113	1
8570	111	0	227	226	0	0	3	2	5982	4294967295	57	1
8571	111	0	227	226	0	0	3	3	5982	4294967295	29	1
8572	111	0	227	226	0	0	3	4	5982	4294967295	15	1
8573	111	0	227	226	0	0	3	5	5982	4294967295	8	1
8574	111	0	227	226	0	0	3	6	5982	4294967295	4	1
8575	111	0	227	226	0	0	4	0	5982	4294967295	225	1
8576	111	0	227	226	0	0	4	1	5982	4294967295	113	1
8577	111	0	227	226	0	0	4	2	5982	4294967295	57	1
8578	111	0	227	226	0	0	4	3	5982	4294967295	29	1
8579	111	0	227	226	0	0	4	4	5982	4294967295	15	1
8580	111	0	227	226	0	0	4	5	5982	4294967295	8	1
8581	111	0	227	226	0	0	4	6	5982	4294967295	4	1
8582	111	0	227	226	0	0	5	0	5982	4294967295	225	1
8583	111	0	227	226	0	0	5	1	5982	4294967295	113	1
8584	111	0	227	226	0	0	5	2	5982	4294967295	57	1
8585	111	0	227	226	0	0	5	3	5982	4294967295	29	1
8586	111	0	227	226	0	0	5	4	5982	4294967295	15	1
8587	111	0	227	226	0	0	5	5	5982	4294967295	8	1
8588	111	0	227	226	0	0	5	6	5982	4294967295	4	1
8589	111	0	227	226	0	0	6	0	5982	4294967295	225	1
8590	111	0	227	226	0	0	6	1	5982	4294967295	113	1
8591	111	0	227	226	0	0	6	2	5982	4294967295	57	1
8592	111	0	227	226	0	0	6	3	5982	4294967295	29	1
8593	111	0	227	226	0	0	6	4	5982	4294967295	15	1
8594	111	0	227	226	0	0	6	5	5982	4294967295	8	1
8595	111	0	227	226	0	0	6	6	5982	4294967295	4	1
8596	111	0	227	226	0	0	7	0	5982	4294967295	225	1
8597	111	0	227	226	0	0	7	1	5982	4294967295	113	1
8598	111	0	227	226	0	0	7	2	5982	4294967295	57	1
8599	111	0	227	226	0	0	7	3	5982	4294967295	29	1
8600	111	0	227	226	0	0	7	4	5982	4294967295	15	1
8601	111	0	227	226	0	0	7	5	5982	4294967295	8	1
8602	111	0	227	226	0	0	7	6	5982	4294967295	4	1
8603	111	0	227	226	0	0	8	0	5982	4294967295	225	1
8604	111	0	227	226	0	0	8	1	5982	4294967295	113	1
8605	111	0	227	226	0	0	8	2	5982	4294967295	57	1
8606	111	0	227	226	0	0	8	3	5982	4294967295	29	1
8607	111	0	227	226	0	0	8	4	5982	4294967295	15	1
8608	111	0	227	226	0	0	8	5	5982	4294967295	8	1
8609	111	0	227	226	0	0	8	6	5982	4294967295	4	1
8610	111	0	227	226	0	0	9	0	5982	4294967295	225	1
8611	111	0	227	226	0	0	9	1	5982	4294967295	113	1
8612	111	0	227	226	0	0	9	2	5982	4294967295	57	1
8613	111	0	227	226	0	0	9	3	5982	4294967295	29	1
8614	111	0	227	226	0	0	9	4	5982	4294967295	15	1
8615	111	0	227	226	0	0	9	5	5982	4294967295	8	1
8616	111	0	227	226	0	0	9	6	5982	4294967295	4	1
8617	111	0	227	226	0	0	10	0	5982	4294967295	225	1
8618	111	0	227	226	0	0	10	1	5982	4294967295	113	1
8619	111	0	227	226	0	0	10	2	5982	4294967295	57	1
8620	111	0	227	226	0	0	10	3	5982	4294967295	29	1
8621	111	0	227	226	0	0	10	4	5982	4294967295	15	1
8622	111	0	227	226	0	0	10	5	5982	4294967295	8	1
8623	111	0	227	226	0	0	10	6	5982	4294967295	4	1
8624	112	0	229	228	0	0	0	0	6042	4294967295	227	1
8625	112	0	229	228	0	0	0	1	6042	4294967295	114	1
8626	112	0	229	228	0	0	0	2	6042	4294967295	57	1
8627	112	0	229	228	0	0	0	3	6042	4294967295	29	1
8628	112	0	229	228	0	0	0	4	6042	4294967295	15	1
8629	112	0	229	228	0	0	0	5	6042	4294967295	8	1
8630	112	0	229	228	0	0	0	6	6042	4294967295	4	1
8631	112	0	229	228	0	0	1	0	6042	4294967295	227	1
8632	112	0	229	228	0	0	1	1	6042	4294967295	114	1
8633	112	0	229	228	0	0	1	2	6042	4294967295	57	1
8634	112	0	229	228	0	0	1	3	6042	4294967295	29	1
8635	112	0	229	228	0	0	1	4	6042	4294967295	15	1
8636	112	0	229	228	0	0	1	5	6042	4294967295	8	1
8637	112	0	229	228	0	0	1	6	6042	4294967295	4	1
8638	112	0	229	228	0	0	2	0	6042	4294967295	227	1
8639	112	0	229	228	0	0	2	1	6042	4294967295	114	1
8640	112	0	229	228	0	0	2	2	6042	4294967295	57	1
8641	112	0	229	228	0	0	2	3	6042	4294967295	29	1
8642	112	0	229	228	0	0	2	4	6042	4294967295	15	1
8643	112	0	229	228	0	0	2	5	6042	4294967295	8	1
8644	112	0	229	228	0	0	2	6	6042	4294967295	4	1
8645	112	0	229	228	0	0	3	0	6042	4294967295	227	1
8646	112	0	229	228	0	0	3	1	6042	4294967295	114	1
8647	112	0	229	228	0	0	3	2	6042	4294967295	57	1
8648	112	0	229	228	0	0	3	3	6042	4294967295	29	1
8649	112	0	229	228	0	0	3	4	6042	4294967295	15	1
8650	112	0	229	228	0	0	3	5	6042	4294967295	8	1
8651	112	0	229	228	0	0	3	6	6042	4294967295	4	1
8652	112	0	229	228	0	0	4	0	6042	4294967295	227	1
8653	112	0	229	228	0	0	4	1	6042	4294967295	114	1
8654	112	0	229	228	0	0	4	2	6042	4294967295	57	1
8655	112	0	229	228	0	0	4	3	6042	4294967295	29	1
8656	112	0	229	228	0	0	4	4	6042	4294967295	15	1
8657	112	0	229	228	0	0	4	5	6042	4294967295	8	1
8658	112	0	229	228	0	0	4	6	6042	4294967295	4	1
8659	112	0	229	228	0	0	5	0	6042	4294967295	227	1
8660	112	0	229	228	0	0	5	1	6042	4294967295	114	1
8661	112	0	229	228	0	0	5	2	6042	4294967295	57	1
8662	112	0	229	228	0	0	5	3	6042	4294967295	29	1
8663	112	0	229	228	0	0	5	4	6042	4294967295	15	1
8664	112	0	229	228	0	0	5	5	6042	4294967295	8	1
8665	112	0	229	228	0	0	5	6	6042	4294967295	4	1
8666	112	0	229	228	0	0	6	0	6042	4294967295	227	1
8667	112	0	229	228	0	0	6	1	6042	4294967295	114	1
8668	112	0	229	228	0	0	6	2	6042	4294967295	57	1
8669	112	0	229	228	0	0	6	3	6042	4294967295	29	1
8670	112	0	229	228	0	0	6	4	6042	4294967295	15	1
8671	112	0	229	228	0	0	6	5	6042	4294967295	8	1
8672	112	0	229	228	0	0	6	6	6042	4294967295	4	1
8673	112	0	229	228	0	0	7	0	6042	4294967295	227	1
8674	112	0	229	228	0	0	7	1	6042	4294967295	114	1
8675	112	0	229	228	0	0	7	2	6042	4294967295	57	1
8676	112	0	229	228	0	0	7	3	6042	4294967295	29	1
8677	112	0	229	228	0	0	7	4	6042	4294967295	15	1
8678	112	0	229	228	0	0	7	5	6042	4294967295	8	1
8679	112	0	229	228	0	0	7	6	6042	4294967295	4	1
8680	112	0	229	228	0	0	8	0	6042	4294967295	227	1
8681	112	0	229	228	0	0	8	1	6042	4294967295	114	1
8682	112	0	229	228	0	0	8	2	6042	4294967295	57	1
8683	112	0	229	228	0	0	8	3	6042	4294967295	29	1
8684	112	0	229	228	0	0	8	4	6042	4294967295	15	1
8685	112	0	229	228	0	0	8	5	6042	4294967295	8	1
8686	112	0	229	228	0	0	8	6	6042	4294967295	4	1
8687	112	0	229	228	0	0	9	0	6042	4294967295	227	1
8688	112	0	229	228	0	0	9	1	6042	4294967295	114	1
8689	112	0	229	228	0	0	9	2	6042	4294967295	57	1
8690	112	0	229	228	0	0	9	3	6042	4294967295	29	1
8691	112	0	229	228	0	0	9	4	6042	4294967295	15	1
8692	112	0	229	228	0	0	9	5	6042	4294967295	8	1
8693	112	0	229	228	0	0	9	6	6042	4294967295	4	1
8694	112	0	229	228	0	0	10	0	6042	4294967295	227	1
8695	112	0	229	228	0	0	10	1	6042	4294967295	114	1
8696	112	0	229	228	0	0	10	2	6042	4294967295	57	1
8697	112	0	229	228	0	0	10	3	6042	4294967295	29	1
8698	112	0	229	228	0	0	10	4	6042	4294967295	15	1
8699	112	0	229	228	0	0	10	5	6042	4294967295	8	1
8700	112	0	229	228	0	0	10	6	6042	4294967295	4	1
8701	113	0	231	230	0	0	0	0	6102	4294967295	229	1
8702	113	0	231	230	0	0	0	1	6102	4294967295	115	1
8703	113	0	231	230	0	0	0	2	6102	4294967295	58	1
8704	113	0	231	230	0	0	0	3	6102	4294967295	29	1
8705	113	0	231	230	0	0	0	4	6102	4294967295	15	1
8706	113	0	231	230	0	0	0	5	6102	4294967295	8	1
8707	113	0	231	230	0	0	0	6	6102	4294967295	4	1
8708	113	0	231	230	0	0	1	0	6102	4294967295	229	1
8709	113	0	231	230	0	0	1	1	6102	4294967295	115	1
8710	113	0	231	230	0	0	1	2	6102	4294967295	58	1
8711	113	0	231	230	0	0	1	3	6102	4294967295	29	1
8712	113	0	231	230	0	0	1	4	6102	4294967295	15	1
8713	113	0	231	230	0	0	1	5	6102	4294967295	8	1
8714	113	0	231	230	0	0	1	6	6102	4294967295	4	1
8715	113	0	231	230	0	0	2	0	6102	4294967295	229	1
8716	113	0	231	230	0	0	2	1	6102	4294967295	115	1
8717	113	0	231	230	0	0	2	2	6102	4294967295	58	1
8718	113	0	231	230	0	0	2	3	6102	4294967295	29	1
8719	113	0	231	230	0	0	2	4	6102	4294967295	15	1
8720	113	0	231	230	0	0	2	5	6102	4294967295	8	1
8721	113	0	231	230	0	0	2	6	6102	4294967295	4	1
8722	113	0	231	230	0	0	3	0	6102	4294967295	229	1
8723	113	0	231	230	0	0	3	1	6102	4294967295	115	1
8724	113	0	231	230	0	0	3	2	6102	4294967295	58	1
8725	113	0	231	230	0	0	3	3	6102	4294967295	29	1
8726	113	0	231	230	0	0	3	4	6102	4294967295	15	1
8727	113	0	231	230	0	0	3	5	6102	4294967295	8	1
8728	113	0	231	230	0	0	3	6	6102	4294967295	4	1
8729	113	0	231	230	0	0	4	0	6102	4294967295	229	1
8730	113	0	231	230	0	0	4	1	6102	4294967295	115	1
8731	113	0	231	230	0	0	4	2	6102	4294967295	58	1
8732	113	0	231	230	0	0	4	3	6102	4294967295	29	1
8733	113	0	231	230	0	0	4	4	6102	4294967295	15	1
8734	113	0	231	230	0	0	4	5	6102	4294967295	8	1
8735	113	0	231	230	0	0	4	6	6102	4294967295	4	1
8736	113	0	231	230	0	0	5	0	6102	4294967295	229	1
8737	113	0	231	230	0	0	5	1	6102	4294967295	115	1
8738	113	0	231	230	0	0	5	2	6102	4294967295	58	1
8739	113	0	231	230	0	0	5	3	6102	4294967295	29	1
8740	113	0	231	230	0	0	5	4	6102	4294967295	15	1
8741	113	0	231	230	0	0	5	5	6102	4294967295	8	1
8742	113	0	231	230	0	0	5	6	6102	4294967295	4	1
8743	113	0	231	230	0	0	6	0	6102	4294967295	229	1
8744	113	0	231	230	0	0	6	1	6102	4294967295	115	1
8745	113	0	231	230	0	0	6	2	6102	4294967295	58	1
8746	113	0	231	230	0	0	6	3	6102	4294967295	29	1
8747	113	0	231	230	0	0	6	4	6102	4294967295	15	1
8748	113	0	231	230	0	0	6	5	6102	4294967295	8	1
8749	113	0	231	230	0	0	6	6	6102	4294967295	4	1
8750	113	0	231	230	0	0	7	0	6102	4294967295	229	1
8751	113	0	231	230	0	0	7	1	6102	4294967295	115	1
8752	113	0	231	230	0	0	7	2	6102	4294967295	58	1
8753	113	0	231	230	0	0	7	3	6102	4294967295	29	1
8754	113	0	231	230	0	0	7	4	6102	4294967295	15	1
8755	113	0	231	230	0	0	7	5	6102	4294967295	8	1
8756	113	0	231	230	0	0	7	6	6102	4294967295	4	1
8757	113	0	231	230	0	0	8	0	6102	4294967295	229	1
8758	113	0	231	230	0	0	8	1	6102	4294967295	115	1
8759	113	0	231	230	0	0	8	2	6102	4294967295	58	1
8760	113	0	231	230	0	0	8	3	6102	4294967295	29	1
8761	113	0	231	230	0	0	8	4	6102	4294967295	15	1
8762	113	0	231	230	0	0	8	5	6102	4294967295	8	1
8763	113	0	231	230	0	0	8	6	6102	4294967295	4	1
8764	113	0	231	230	0	0	9	0	6102	4294967295	229	1
8765	113	0	231	230	0	0	9	1	6102	4294967295	115	1
8766	113	0	231	230	0	0	9	2	6102	4294967295	58	1
8767	113	0	231	230	0	0	9	3	6102	4294967295	29	1
8768	113	0	231	230	0	0	9	4	6102	4294967295	15	1
8769	113	0	231	230	0	0	9	5	6102	4294967295	8	1
8770	113	0	231	230	0	0	9	6	6102	4294967295	4	1
8771	113	0	231	230	0	0	10	0	6102	4294967295	229	1
8772	113	0	231	230	0	0	10	1	6102	4294967295	115	1
8773	113	0	231	230	0	0	10	2	6102	4294967295	58	1
8774	113	0	231	230	0	0	10	3	6102	4294967295	29	1
8775	113	0	231	230	0	0	10	4	6102	4294967295	15	1
8776	113	0	231	230	0	0	10	5	6102	4294967295	8	1
8777	113	0	231	230	0	0	10	6	6102	4294967295	4	1
8778	114	0	233	232	0	0	0	0	6162	4294967295	231	1
8779	114	0	233	232	0	0	0	1	6162	4294967295	116	1
8780	114	0	233	232	0	0	0	2	6162	4294967295	58	1
8781	114	0	233	232	0	0	0	3	6162	4294967295	29	1
8782	114	0	233	232	0	0	0	4	6162	4294967295	15	1
8783	114	0	233	232	0	0	0	5	6162	4294967295	8	1
8784	114	0	233	232	0	0	0	6	6162	4294967295	4	1
8785	114	0	233	232	0	0	1	0	6162	4294967295	231	1
8786	114	0	233	232	0	0	1	1	6162	4294967295	116	1
8787	114	0	233	232	0	0	1	2	6162	4294967295	58	1
8788	114	0	233	232	0	0	1	3	6162	4294967295	29	1
8789	114	0	233	232	0	0	1	4	6162	4294967295	15	1
8790	114	0	233	232	0	0	1	5	6162	4294967295	8	1
8791	114	0	233	232	0	0	1	6	6162	4294967295	4	1
8792	114	0	233	232	0	0	2	0	6162	4294967295	231	1
8793	114	0	233	232	0	0	2	1	6162	4294967295	116	1
8794	114	0	233	232	0	0	2	2	6162	4294967295	58	1
8795	114	0	233	232	0	0	2	3	6162	4294967295	29	1
8796	114	0	233	232	0	0	2	4	6162	4294967295	15	1
8797	114	0	233	232	0	0	2	5	6162	4294967295	8	1
8798	114	0	233	232	0	0	2	6	6162	4294967295	4	1
8799	114	0	233	232	0	0	3	0	6162	4294967295	231	1
8800	114	0	233	232	0	0	3	1	6162	4294967295	116	1
8801	114	0	233	232	0	0	3	2	6162	4294967295	58	1
8802	114	0	233	232	0	0	3	3	6162	4294967295	29	1
8803	114	0	233	232	0	0	3	4	6162	4294967295	15	1
8804	114	0	233	232	0	0	3	5	6162	4294967295	8	1
8805	114	0	233	232	0	0	3	6	6162	4294967295	4	1
8806	114	0	233	232	0	0	4	0	6162	4294967295	231	1
8807	114	0	233	232	0	0	4	1	6162	4294967295	116	1
8808	114	0	233	232	0	0	4	2	6162	4294967295	58	1
8809	114	0	233	232	0	0	4	3	6162	4294967295	29	1
8810	114	0	233	232	0	0	4	4	6162	4294967295	15	1
8811	114	0	233	232	0	0	4	5	6162	4294967295	8	1
8812	114	0	233	232	0	0	4	6	6162	4294967295	4	1
8813	114	0	233	232	0	0	5	0	6162	4294967295	231	1
8814	114	0	233	232	0	0	5	1	6162	4294967295	116	1
8815	114	0	233	232	0	0	5	2	6162	4294967295	58	1
8816	114	0	233	232	0	0	5	3	6162	4294967295	29	1
8817	114	0	233	232	0	0	5	4	6162	4294967295	15	1
8818	114	0	233	232	0	0	5	5	6162	4294967295	8	1
8819	114	0	233	232	0	0	5	6	6162	4294967295	4	1
8820	114	0	233	232	0	0	6	0	6162	4294967295	231	1
8821	114	0	233	232	0	0	6	1	6162	4294967295	116	1
8822	114	0	233	232	0	0	6	2	6162	4294967295	58	1
8823	114	0	233	232	0	0	6	3	6162	4294967295	29	1
8824	114	0	233	232	0	0	6	4	6162	4294967295	15	1
8825	114	0	233	232	0	0	6	5	6162	4294967295	8	1
8826	114	0	233	232	0	0	6	6	6162	4294967295	4	1
8827	114	0	233	232	0	0	7	0	6162	4294967295	231	1
8828	114	0	233	232	0	0	7	1	6162	4294967295	116	1
8829	114	0	233	232	0	0	7	2	6162	4294967295	58	1
8830	114	0	233	232	0	0	7	3	6162	4294967295	29	1
8831	114	0	233	232	0	0	7	4	6162	4294967295	15	1
8832	114	0	233	232	0	0	7	5	6162	4294967295	8	1
8833	114	0	233	232	0	0	7	6	6162	4294967295	4	1
8834	114	0	233	232	0	0	8	0	6162	4294967295	231	1
8835	114	0	233	232	0	0	8	1	6162	4294967295	116	1
8836	114	0	233	232	0	0	8	2	6162	4294967295	58	1
8837	114	0	233	232	0	0	8	3	6162	4294967295	29	1
8838	114	0	233	232	0	0	8	4	6162	4294967295	15	1
8839	114	0	233	232	0	0	8	5	6162	4294967295	8	1
8840	114	0	233	232	0	0	8	6	6162	4294967295	4	1
8841	114	0	233	232	0	0	9	0	6162	4294967295	231	1
8842	114	0	233	232	0	0	9	1	6162	4294967295	116	1
8843	114	0	233	232	0	0	9	2	6162	4294967295	58	1
8844	114	0	233	232	0	0	9	3	6162	4294967295	29	1
8845	114	0	233	232	0	0	9	4	6162	4294967295	15	1
8846	114	0	233	232	0	0	9	5	6162	4294967295	8	1
8847	114	0	233	232	0	0	9	6	6162	4294967295	4	1
8848	114	0	233	232	0	0	10	0	6162	4294967295	231	1
8849	114	0	233	232	0	0	10	1	6162	4294967295	116	1
8850	114	0	233	232	0	0	10	2	6162	4294967295	58	1
8851	114	0	233	232	0	0	10	3	6162	4294967295	29	1
8852	114	0	233	232	0	0	10	4	6162	4294967295	15	1
8853	114	0	233	232	0	0	10	5	6162	4294967295	8	1
8854	114	0	233	232	0	0	10	6	6162	4294967295	4	1
8855	115	0	235	234	0	0	0	0	6222	4294967295	233	1
8856	115	0	235	234	0	0	0	1	6222	4294967295	117	1
8857	115	0	235	234	0	0	0	2	6222	4294967295	59	1
8858	115	0	235	234	0	0	0	3	6222	4294967295	30	1
8859	115	0	235	234	0	0	0	4	6222	4294967295	15	1
8860	115	0	235	234	0	0	0	5	6222	4294967295	8	1
8861	115	0	235	234	0	0	0	6	6222	4294967295	4	1
8862	115	0	235	234	0	0	1	0	6222	4294967295	233	1
8863	115	0	235	234	0	0	1	1	6222	4294967295	117	1
8864	115	0	235	234	0	0	1	2	6222	4294967295	59	1
8865	115	0	235	234	0	0	1	3	6222	4294967295	30	1
8866	115	0	235	234	0	0	1	4	6222	4294967295	15	1
8867	115	0	235	234	0	0	1	5	6222	4294967295	8	1
8868	115	0	235	234	0	0	1	6	6222	4294967295	4	1
8869	115	0	235	234	0	0	2	0	6222	4294967295	233	1
8870	115	0	235	234	0	0	2	1	6222	4294967295	117	1
8871	115	0	235	234	0	0	2	2	6222	4294967295	59	1
8872	115	0	235	234	0	0	2	3	6222	4294967295	30	1
8873	115	0	235	234	0	0	2	4	6222	4294967295	15	1
8874	115	0	235	234	0	0	2	5	6222	4294967295	8	1
8875	115	0	235	234	0	0	2	6	6222	4294967295	4	1
8876	115	0	235	234	0	0	3	0	6222	4294967295	233	1
8877	115	0	235	234	0	0	3	1	6222	4294967295	117	1
8878	115	0	235	234	0	0	3	2	6222	4294967295	59	1
8879	115	0	235	234	0	0	3	3	6222	4294967295	30	1
8880	115	0	235	234	0	0	3	4	6222	4294967295	15	1
8881	115	0	235	234	0	0	3	5	6222	4294967295	8	1
8882	115	0	235	234	0	0	3	6	6222	4294967295	4	1
8883	115	0	235	234	0	0	4	0	6222	4294967295	233	1
8884	115	0	235	234	0	0	4	1	6222	4294967295	117	1
8885	115	0	235	234	0	0	4	2	6222	4294967295	59	1
8886	115	0	235	234	0	0	4	3	6222	4294967295	30	1
8887	115	0	235	234	0	0	4	4	6222	4294967295	15	1
8888	115	0	235	234	0	0	4	5	6222	4294967295	8	1
8889	115	0	235	234	0	0	4	6	6222	4294967295	4	1
8890	115	0	235	234	0	0	5	0	6222	4294967295	233	1
8891	115	0	235	234	0	0	5	1	6222	4294967295	117	1
8892	115	0	235	234	0	0	5	2	6222	4294967295	59	1
8893	115	0	235	234	0	0	5	3	6222	4294967295	30	1
8894	115	0	235	234	0	0	5	4	6222	4294967295	15	1
8895	115	0	235	234	0	0	5	5	6222	4294967295	8	1
8896	115	0	235	234	0	0	5	6	6222	4294967295	4	1
8897	115	0	235	234	0	0	6	0	6222	4294967295	233	1
8898	115	0	235	234	0	0	6	1	6222	4294967295	117	1
8899	115	0	235	234	0	0	6	2	6222	4294967295	59	1
8900	115	0	235	234	0	0	6	3	6222	4294967295	30	1
8901	115	0	235	234	0	0	6	4	6222	4294967295	15	1
8902	115	0	235	234	0	0	6	5	6222	4294967295	8	1
8903	115	0	235	234	0	0	6	6	6222	4294967295	4	1
8904	115	0	235	234	0	0	7	0	6222	4294967295	233	1
8905	115	0	235	234	0	0	7	1	6222	4294967295	117	1
8906	115	0	235	234	0	0	7	2	6222	4294967295	59	1
8907	115	0	235	234	0	0	7	3	6222	4294967295	30	1
8908	115	0	235	234	0	0	7	4	6222	4294967295	15	1
8909	115	0	235	234	0	0	7	5	6222	4294967295	8	1
8910	115	0	235	234	0	0	7	6	6222	4294967295	4	1
8911	115	0	235	234	0	0	8	0	6222	4294967295	233	1
8912	115	0	235	234	0	0	8	1	6222	4294967295	117	1
8913	115	0	235	234	0	0	8	2	6222	4294967295	59	1
8914	115	0	235	234	0	0	8	3	6222	4294967295	30	1
8915	115	0	235	234	0	0	8	4	6222	4294967295	15	1
8916	115	0	235	234	0	0	8	5	6222	4294967295	8	1
8917	115	0	235	234	0	0	8	6	6222	4294967295	4	1
8918	115	0	235	234	0	0	9	0	6222	4294967295	233	1
8919	115	0	235	234	0	0	9	1	6222	4294967295	117	1
8920	115	0	235	234	0	0	9	2	6222	4294967295	59	1
8921	115	0	235	234	0	0	9	3	6222	4294967295	30	1
8922	115	0	235	234	0	0	9	4	6222	4294967295	15	1
8923	115	0	235	234	0	0	9	5	6222	4294967295	8	1
8924	115	0	235	234	0	0	9	6	6222	4294967295	4	1
8925	115	0	235	234	0	0	10	0	6222	4294967295	233	1
8926	115	0	235	234	0	0	10	1	6222	4294967295	117	1
8927	115	0	235	234	0	0	10	2	6222	4294967295	59	1
8928	115	0	235	234	0	0	10	3	6222	4294967295	30	1
8929	115	0	235	234	0	0	10	4	6222	4294967295	15	1
8930	115	0	235	234	0	0	10	5	6222	4294967295	8	1
8931	115	0	235	234	0	0	10	6	6222	4294967295	4	1
8932	116	0	237	236	0	0	0	0	6282	4294967295	235	1
8933	116	0	237	236	0	0	0	1	6282	4294967295	118	1
8934	116	0	237	236	0	0	0	2	6282	4294967295	59	1
8935	116	0	237	236	0	0	0	3	6282	4294967295	30	1
8936	116	0	237	236	0	0	0	4	6282	4294967295	15	1
8937	116	0	237	236	0	0	0	5	6282	4294967295	8	1
8938	116	0	237	236	0	0	0	6	6282	4294967295	4	1
8939	116	0	237	236	0	0	1	0	6282	4294967295	235	1
8940	116	0	237	236	0	0	1	1	6282	4294967295	118	1
8941	116	0	237	236	0	0	1	2	6282	4294967295	59	1
8942	116	0	237	236	0	0	1	3	6282	4294967295	30	1
8943	116	0	237	236	0	0	1	4	6282	4294967295	15	1
8944	116	0	237	236	0	0	1	5	6282	4294967295	8	1
8945	116	0	237	236	0	0	1	6	6282	4294967295	4	1
8946	116	0	237	236	0	0	2	0	6282	4294967295	235	1
8947	116	0	237	236	0	0	2	1	6282	4294967295	118	1
8948	116	0	237	236	0	0	2	2	6282	4294967295	59	1
8949	116	0	237	236	0	0	2	3	6282	4294967295	30	1
8950	116	0	237	236	0	0	2	4	6282	4294967295	15	1
8951	116	0	237	236	0	0	2	5	6282	4294967295	8	1
8952	116	0	237	236	0	0	2	6	6282	4294967295	4	1
8953	116	0	237	236	0	0	3	0	6282	4294967295	235	1
8954	116	0	237	236	0	0	3	1	6282	4294967295	118	1
8955	116	0	237	236	0	0	3	2	6282	4294967295	59	1
8956	116	0	237	236	0	0	3	3	6282	4294967295	30	1
8957	116	0	237	236	0	0	3	4	6282	4294967295	15	1
8958	116	0	237	236	0	0	3	5	6282	4294967295	8	1
8959	116	0	237	236	0	0	3	6	6282	4294967295	4	1
8960	116	0	237	236	0	0	4	0	6282	4294967295	235	1
8961	116	0	237	236	0	0	4	1	6282	4294967295	118	1
8962	116	0	237	236	0	0	4	2	6282	4294967295	59	1
8963	116	0	237	236	0	0	4	3	6282	4294967295	30	1
8964	116	0	237	236	0	0	4	4	6282	4294967295	15	1
8965	116	0	237	236	0	0	4	5	6282	4294967295	8	1
8966	116	0	237	236	0	0	4	6	6282	4294967295	4	1
8967	116	0	237	236	0	0	5	0	6282	4294967295	235	1
8968	116	0	237	236	0	0	5	1	6282	4294967295	118	1
8969	116	0	237	236	0	0	5	2	6282	4294967295	59	1
8970	116	0	237	236	0	0	5	3	6282	4294967295	30	1
8971	116	0	237	236	0	0	5	4	6282	4294967295	15	1
8972	116	0	237	236	0	0	5	5	6282	4294967295	8	1
8973	116	0	237	236	0	0	5	6	6282	4294967295	4	1
8974	116	0	237	236	0	0	6	0	6282	4294967295	235	1
8975	116	0	237	236	0	0	6	1	6282	4294967295	118	1
8976	116	0	237	236	0	0	6	2	6282	4294967295	59	1
8977	116	0	237	236	0	0	6	3	6282	4294967295	30	1
8978	116	0	237	236	0	0	6	4	6282	4294967295	15	1
8979	116	0	237	236	0	0	6	5	6282	4294967295	8	1
8980	116	0	237	236	0	0	6	6	6282	4294967295	4	1
8981	116	0	237	236	0	0	7	0	6282	4294967295	235	1
8982	116	0	237	236	0	0	7	1	6282	4294967295	118	1
8983	116	0	237	236	0	0	7	2	6282	4294967295	59	1
8984	116	0	237	236	0	0	7	3	6282	4294967295	30	1
8985	116	0	237	236	0	0	7	4	6282	4294967295	15	1
8986	116	0	237	236	0	0	7	5	6282	4294967295	8	1
8987	116	0	237	236	0	0	7	6	6282	4294967295	4	1
8988	116	0	237	236	0	0	8	0	6282	4294967295	235	1
8989	116	0	237	236	0	0	8	1	6282	4294967295	118	1
8990	116	0	237	236	0	0	8	2	6282	4294967295	59	1
8991	116	0	237	236	0	0	8	3	6282	4294967295	30	1
8992	116	0	237	236	0	0	8	4	6282	4294967295	15	1
8993	116	0	237	236	0	0	8	5	6282	4294967295	8	1
8994	116	0	237	236	0	0	8	6	6282	4294967295	4	1
8995	116	0	237	236	0	0	9	0	6282	4294967295	235	1
8996	116	0	237	236	0	0	9	1	6282	4294967295	118	1
8997	116	0	237	236	0	0	9	2	6282	4294967295	59	1
8998	116	0	237	236	0	0	9	3	6282	4294967295	30	1
8999	116	0	237	236	0	0	9	4	6282	4294967295	15	1
9000	116	0	237	236	0	0	9	5	6282	4294967295	8	1
9001	116	0	237	236	0	0	9	6	6282	4294967295	4	1
9002	116	0	237	236	0	0	10	0	6282	4294967295	235	1
9003	116	0	237	236	0	0	10	1	6282	4294967295	118	1
9004	116	0	237	236	0	0	10	2	6282	4294967295	59	1
9005	116	0	237	236	0	0	10	3	6282	4294967295	30	1
9006	116	0	237	236	0	0	10	4	6282	4294967295	15	1
9007	116	0	237	236	0	0	10	5	6282	4294967295	8	1
9008	116	0	237	236	0	0	10	6	6282	4294967295	4	1
9009	117	0	239	238	0	0	0	0	6342	4294967295	237	1
9010	117	0	239	238	0	0	0	1	6342	4294967295	119	1
9011	117	0	239	238	0	0	0	2	6342	4294967295	60	1
9012	117	0	239	238	0	0	0	3	6342	4294967295	30	1
9013	117	0	239	238	0	0	0	4	6342	4294967295	15	1
9014	117	0	239	238	0	0	0	5	6342	4294967295	8	1
9015	117	0	239	238	0	0	0	6	6342	4294967295	4	1
9016	117	0	239	238	0	0	1	0	6342	4294967295	237	1
9017	117	0	239	238	0	0	1	1	6342	4294967295	119	1
9018	117	0	239	238	0	0	1	2	6342	4294967295	60	1
9019	117	0	239	238	0	0	1	3	6342	4294967295	30	1
9020	117	0	239	238	0	0	1	4	6342	4294967295	15	1
9021	117	0	239	238	0	0	1	5	6342	4294967295	8	1
9022	117	0	239	238	0	0	1	6	6342	4294967295	4	1
9023	117	0	239	238	0	0	2	0	6342	4294967295	237	1
9024	117	0	239	238	0	0	2	1	6342	4294967295	119	1
9025	117	0	239	238	0	0	2	2	6342	4294967295	60	1
9026	117	0	239	238	0	0	2	3	6342	4294967295	30	1
9027	117	0	239	238	0	0	2	4	6342	4294967295	15	1
9028	117	0	239	238	0	0	2	5	6342	4294967295	8	1
9029	117	0	239	238	0	0	2	6	6342	4294967295	4	1
9030	117	0	239	238	0	0	3	0	6342	4294967295	237	1
9031	117	0	239	238	0	0	3	1	6342	4294967295	119	1
9032	117	0	239	238	0	0	3	2	6342	4294967295	60	1
9033	117	0	239	238	0	0	3	3	6342	4294967295	30	1
9034	117	0	239	238	0	0	3	4	6342	4294967295	15	1
9035	117	0	239	238	0	0	3	5	6342	4294967295	8	1
9036	117	0	239	238	0	0	3	6	6342	4294967295	4	1
9037	117	0	239	238	0	0	4	0	6342	4294967295	237	1
9038	117	0	239	238	0	0	4	1	6342	4294967295	119	1
9039	117	0	239	238	0	0	4	2	6342	4294967295	60	1
9040	117	0	239	238	0	0	4	3	6342	4294967295	30	1
9041	117	0	239	238	0	0	4	4	6342	4294967295	15	1
9042	117	0	239	238	0	0	4	5	6342	4294967295	8	1
9043	117	0	239	238	0	0	4	6	6342	4294967295	4	1
9044	117	0	239	238	0	0	5	0	6342	4294967295	237	1
9045	117	0	239	238	0	0	5	1	6342	4294967295	119	1
9046	117	0	239	238	0	0	5	2	6342	4294967295	60	1
9047	117	0	239	238	0	0	5	3	6342	4294967295	30	1
9048	117	0	239	238	0	0	5	4	6342	4294967295	15	1
9049	117	0	239	238	0	0	5	5	6342	4294967295	8	1
9050	117	0	239	238	0	0	5	6	6342	4294967295	4	1
9051	117	0	239	238	0	0	6	0	6342	4294967295	237	1
9052	117	0	239	238	0	0	6	1	6342	4294967295	119	1
9053	117	0	239	238	0	0	6	2	6342	4294967295	60	1
9054	117	0	239	238	0	0	6	3	6342	4294967295	30	1
9055	117	0	239	238	0	0	6	4	6342	4294967295	15	1
9056	117	0	239	238	0	0	6	5	6342	4294967295	8	1
9057	117	0	239	238	0	0	6	6	6342	4294967295	4	1
9058	117	0	239	238	0	0	7	0	6342	4294967295	237	1
9059	117	0	239	238	0	0	7	1	6342	4294967295	119	1
9060	117	0	239	238	0	0	7	2	6342	4294967295	60	1
9061	117	0	239	238	0	0	7	3	6342	4294967295	30	1
9062	117	0	239	238	0	0	7	4	6342	4294967295	15	1
9063	117	0	239	238	0	0	7	5	6342	4294967295	8	1
9064	117	0	239	238	0	0	7	6	6342	4294967295	4	1
9065	117	0	239	238	0	0	8	0	6342	4294967295	237	1
9066	117	0	239	238	0	0	8	1	6342	4294967295	119	1
9067	117	0	239	238	0	0	8	2	6342	4294967295	60	1
9068	117	0	239	238	0	0	8	3	6342	4294967295	30	1
9069	117	0	239	238	0	0	8	4	6342	4294967295	15	1
9070	117	0	239	238	0	0	8	5	6342	4294967295	8	1
9071	117	0	239	238	0	0	8	6	6342	4294967295	4	1
9072	117	0	239	238	0	0	9	0	6342	4294967295	237	1
9073	117	0	239	238	0	0	9	1	6342	4294967295	119	1
9074	117	0	239	238	0	0	9	2	6342	4294967295	60	1
9075	117	0	239	238	0	0	9	3	6342	4294967295	30	1
9076	117	0	239	238	0	0	9	4	6342	4294967295	15	1
9077	117	0	239	238	0	0	9	5	6342	4294967295	8	1
9078	117	0	239	238	0	0	9	6	6342	4294967295	4	1
9079	117	0	239	238	0	0	10	0	6342	4294967295	237	1
9080	117	0	239	238	0	0	10	1	6342	4294967295	119	1
9081	117	0	239	238	0	0	10	2	6342	4294967295	60	1
9082	117	0	239	238	0	0	10	3	6342	4294967295	30	1
9083	117	0	239	238	0	0	10	4	6342	4294967295	15	1
9084	117	0	239	238	0	0	10	5	6342	4294967295	8	1
9085	117	0	239	238	0	0	10	6	6342	4294967295	4	1
9086	118	0	241	240	0	0	0	0	6402	4294967295	239	1
9087	118	0	241	240	0	0	0	1	6402	4294967295	120	1
9088	118	0	241	240	0	0	0	2	6402	4294967295	60	1
9089	118	0	241	240	0	0	0	3	6402	4294967295	30	1
9090	118	0	241	240	0	0	0	4	6402	4294967295	15	1
9091	118	0	241	240	0	0	0	5	6402	4294967295	8	1
9092	118	0	241	240	0	0	0	6	6402	4294967295	4	1
9093	118	0	241	240	0	0	1	0	6402	4294967295	239	1
9094	118	0	241	240	0	0	1	1	6402	4294967295	120	1
9095	118	0	241	240	0	0	1	2	6402	4294967295	60	1
9096	118	0	241	240	0	0	1	3	6402	4294967295	30	1
9097	118	0	241	240	0	0	1	4	6402	4294967295	15	1
9098	118	0	241	240	0	0	1	5	6402	4294967295	8	1
9099	118	0	241	240	0	0	1	6	6402	4294967295	4	1
9100	118	0	241	240	0	0	2	0	6402	4294967295	239	1
9101	118	0	241	240	0	0	2	1	6402	4294967295	120	1
9102	118	0	241	240	0	0	2	2	6402	4294967295	60	1
9103	118	0	241	240	0	0	2	3	6402	4294967295	30	1
9104	118	0	241	240	0	0	2	4	6402	4294967295	15	1
9105	118	0	241	240	0	0	2	5	6402	4294967295	8	1
9106	118	0	241	240	0	0	2	6	6402	4294967295	4	1
9107	118	0	241	240	0	0	3	0	6402	4294967295	239	1
9108	118	0	241	240	0	0	3	1	6402	4294967295	120	1
9109	118	0	241	240	0	0	3	2	6402	4294967295	60	1
9110	118	0	241	240	0	0	3	3	6402	4294967295	30	1
9111	118	0	241	240	0	0	3	4	6402	4294967295	15	1
9112	118	0	241	240	0	0	3	5	6402	4294967295	8	1
9113	118	0	241	240	0	0	3	6	6402	4294967295	4	1
9114	118	0	241	240	0	0	4	0	6402	4294967295	239	1
9115	118	0	241	240	0	0	4	1	6402	4294967295	120	1
9116	118	0	241	240	0	0	4	2	6402	4294967295	60	1
9117	118	0	241	240	0	0	4	3	6402	4294967295	30	1
9118	118	0	241	240	0	0	4	4	6402	4294967295	15	1
9119	118	0	241	240	0	0	4	5	6402	4294967295	8	1
9120	118	0	241	240	0	0	4	6	6402	4294967295	4	1
9121	118	0	241	240	0	0	5	0	6402	4294967295	239	1
9122	118	0	241	240	0	0	5	1	6402	4294967295	120	1
9123	118	0	241	240	0	0	5	2	6402	4294967295	60	1
9124	118	0	241	240	0	0	5	3	6402	4294967295	30	1
9125	118	0	241	240	0	0	5	4	6402	4294967295	15	1
9126	118	0	241	240	0	0	5	5	6402	4294967295	8	1
9127	118	0	241	240	0	0	5	6	6402	4294967295	4	1
9128	118	0	241	240	0	0	6	0	6402	4294967295	239	1
9129	118	0	241	240	0	0	6	1	6402	4294967295	120	1
9130	118	0	241	240	0	0	6	2	6402	4294967295	60	1
9131	118	0	241	240	0	0	6	3	6402	4294967295	30	1
9132	118	0	241	240	0	0	6	4	6402	4294967295	15	1
9133	118	0	241	240	0	0	6	5	6402	4294967295	8	1
9134	118	0	241	240	0	0	6	6	6402	4294967295	4	1
9135	118	0	241	240	0	0	7	0	6402	4294967295	239	1
9136	118	0	241	240	0	0	7	1	6402	4294967295	120	1
9137	118	0	241	240	0	0	7	2	6402	4294967295	60	1
9138	118	0	241	240	0	0	7	3	6402	4294967295	30	1
9139	118	0	241	240	0	0	7	4	6402	4294967295	15	1
9140	118	0	241	240	0	0	7	5	6402	4294967295	8	1
9141	118	0	241	240	0	0	7	6	6402	4294967295	4	1
9142	118	0	241	240	0	0	8	0	6402	4294967295	239	1
9143	118	0	241	240	0	0	8	1	6402	4294967295	120	1
9144	118	0	241	240	0	0	8	2	6402	4294967295	60	1
9145	118	0	241	240	0	0	8	3	6402	4294967295	30	1
9146	118	0	241	240	0	0	8	4	6402	4294967295	15	1
9147	118	0	241	240	0	0	8	5	6402	4294967295	8	1
9148	118	0	241	240	0	0	8	6	6402	4294967295	4	1
9149	118	0	241	240	0	0	9	0	6402	4294967295	239	1
9150	118	0	241	240	0	0	9	1	6402	4294967295	120	1
9151	118	0	241	240	0	0	9	2	6402	4294967295	60	1
9152	118	0	241	240	0	0	9	3	6402	4294967295	30	1
9153	118	0	241	240	0	0	9	4	6402	4294967295	15	1
9154	118	0	241	240	0	0	9	5	6402	4294967295	8	1
9155	118	0	241	240	0	0	9	6	6402	4294967295	4	1
9156	118	0	241	240	0	0	10	0	6402	4294967295	239	1
9157	118	0	241	240	0	0	10	1	6402	4294967295	120	1
9158	118	0	241	240	0	0	10	2	6402	4294967295	60	1
9159	118	0	241	240	0	0	10	3	6402	4294967295	30	1
9160	118	0	241	240	0	0	10	4	6402	4294967295	15	1
9161	118	0	241	240	0	0	10	5	6402	4294967295	8	1
9162	118	0	241	240	0	0	10	6	6402	4294967295	4	1
9163	119	0	243	242	0	0	0	0	6462	4294967295	241	1
9164	119	0	243	242	0	0	0	1	6462	4294967295	121	1
9165	119	0	243	242	0	0	0	2	6462	4294967295	61	1
9166	119	0	243	242	0	0	0	3	6462	4294967295	31	1
9167	119	0	243	242	0	0	0	4	6462	4294967295	16	1
9168	119	0	243	242	0	0	0	5	6462	4294967295	8	1
9169	119	0	243	242	0	0	0	6	6462	4294967295	4	1
9170	119	0	243	242	0	0	1	0	6462	4294967295	241	1
9171	119	0	243	242	0	0	1	1	6462	4294967295	121	1
9172	119	0	243	242	0	0	1	2	6462	4294967295	61	1
9173	119	0	243	242	0	0	1	3	6462	4294967295	31	1
9174	119	0	243	242	0	0	1	4	6462	4294967295	16	1
9175	119	0	243	242	0	0	1	5	6462	4294967295	8	1
9176	119	0	243	242	0	0	1	6	6462	4294967295	4	1
9177	119	0	243	242	0	0	2	0	6462	4294967295	241	1
9178	119	0	243	242	0	0	2	1	6462	4294967295	121	1
9179	119	0	243	242	0	0	2	2	6462	4294967295	61	1
9180	119	0	243	242	0	0	2	3	6462	4294967295	31	1
9181	119	0	243	242	0	0	2	4	6462	4294967295	16	1
9182	119	0	243	242	0	0	2	5	6462	4294967295	8	1
9183	119	0	243	242	0	0	2	6	6462	4294967295	4	1
9184	119	0	243	242	0	0	3	0	6462	4294967295	241	1
9185	119	0	243	242	0	0	3	1	6462	4294967295	121	1
9186	119	0	243	242	0	0	3	2	6462	4294967295	61	1
9187	119	0	243	242	0	0	3	3	6462	4294967295	31	1
9188	119	0	243	242	0	0	3	4	6462	4294967295	16	1
9189	119	0	243	242	0	0	3	5	6462	4294967295	8	1
9190	119	0	243	242	0	0	3	6	6462	4294967295	4	1
9191	119	0	243	242	0	0	4	0	6462	4294967295	241	1
9192	119	0	243	242	0	0	4	1	6462	4294967295	121	1
9193	119	0	243	242	0	0	4	2	6462	4294967295	61	1
9194	119	0	243	242	0	0	4	3	6462	4294967295	31	1
9195	119	0	243	242	0	0	4	4	6462	4294967295	16	1
9196	119	0	243	242	0	0	4	5	6462	4294967295	8	1
9197	119	0	243	242	0	0	4	6	6462	4294967295	4	1
9198	119	0	243	242	0	0	5	0	6462	4294967295	241	1
9199	119	0	243	242	0	0	5	1	6462	4294967295	121	1
9200	119	0	243	242	0	0	5	2	6462	4294967295	61	1
9201	119	0	243	242	0	0	5	3	6462	4294967295	31	1
9202	119	0	243	242	0	0	5	4	6462	4294967295	16	1
9203	119	0	243	242	0	0	5	5	6462	4294967295	8	1
9204	119	0	243	242	0	0	5	6	6462	4294967295	4	1
9205	119	0	243	242	0	0	6	0	6462	4294967295	241	1
9206	119	0	243	242	0	0	6	1	6462	4294967295	121	1
9207	119	0	243	242	0	0	6	2	6462	4294967295	61	1
9208	119	0	243	242	0	0	6	3	6462	4294967295	31	1
9209	119	0	243	242	0	0	6	4	6462	4294967295	16	1
9210	119	0	243	242	0	0	6	5	6462	4294967295	8	1
9211	119	0	243	242	0	0	6	6	6462	4294967295	4	1
9212	119	0	243	242	0	0	7	0	6462	4294967295	241	1
9213	119	0	243	242	0	0	7	1	6462	4294967295	121	1
9214	119	0	243	242	0	0	7	2	6462	4294967295	61	1
9215	119	0	243	242	0	0	7	3	6462	4294967295	31	1
9216	119	0	243	242	0	0	7	4	6462	4294967295	16	1
9217	119	0	243	242	0	0	7	5	6462	4294967295	8	1
9218	119	0	243	242	0	0	7	6	6462	4294967295	4	1
9219	119	0	243	242	0	0	8	0	6462	4294967295	241	1
9220	119	0	243	242	0	0	8	1	6462	4294967295	121	1
9221	119	0	243	242	0	0	8	2	6462	4294967295	61	1
9222	119	0	243	242	0	0	8	3	6462	4294967295	31	1
9223	119	0	243	242	0	0	8	4	6462	4294967295	16	1
9224	119	0	243	242	0	0	8	5	6462	4294967295	8	1
9225	119	0	243	242	0	0	8	6	6462	4294967295	4	1
9226	119	0	243	242	0	0	9	0	6462	4294967295	241	1
9227	119	0	243	242	0	0	9	1	6462	4294967295	121	1
9228	119	0	243	242	0	0	9	2	6462	4294967295	61	1
9229	119	0	243	242	0	0	9	3	6462	4294967295	31	1
9230	119	0	243	242	0	0	9	4	6462	4294967295	16	1
9231	119	0	243	242	0	0	9	5	6462	4294967295	8	1
9232	119	0	243	242	0	0	9	6	6462	4294967295	4	1
9233	119	0	243	242	0	0	10	0	6462	4294967295	241	1
9234	119	0	243	242	0	0	10	1	6462	4294967295	121	1
9235	119	0	243	242	0	0	10	2	6462	4294967295	61	1
9236	119	0	243	242	0	0	10	3	6462	4294967295	31	1
9237	119	0	243	242	0	0	10	4	6462	4294967295	16	1
9238	119	0	243	242	0	0	10	5	6462	4294967295	8	1
9239	119	0	243	242	0	0	10	6	6462	4294967295	4	1
9240	120	0	245	244	0	0	0	0	6522	4294967295	243	1
9241	120	0	245	244	0	0	0	1	6522	4294967295	122	1
9242	120	0	245	244	0	0	0	2	6522	4294967295	61	1
9243	120	0	245	244	0	0	0	3	6522	4294967295	31	1
9244	120	0	245	244	0	0	0	4	6522	4294967295	16	1
9245	120	0	245	244	0	0	0	5	6522	4294967295	8	1
9246	120	0	245	244	0	0	0	6	6522	4294967295	4	1
9247	120	0	245	244	0	0	1	0	6522	4294967295	243	1
9248	120	0	245	244	0	0	1	1	6522	4294967295	122	1
9249	120	0	245	244	0	0	1	2	6522	4294967295	61	1
9250	120	0	245	244	0	0	1	3	6522	4294967295	31	1
9251	120	0	245	244	0	0	1	4	6522	4294967295	16	1
9252	120	0	245	244	0	0	1	5	6522	4294967295	8	1
9253	120	0	245	244	0	0	1	6	6522	4294967295	4	1
9254	120	0	245	244	0	0	2	0	6522	4294967295	243	1
9255	120	0	245	244	0	0	2	1	6522	4294967295	122	1
9256	120	0	245	244	0	0	2	2	6522	4294967295	61	1
9257	120	0	245	244	0	0	2	3	6522	4294967295	31	1
9258	120	0	245	244	0	0	2	4	6522	4294967295	16	1
9259	120	0	245	244	0	0	2	5	6522	4294967295	8	1
9260	120	0	245	244	0	0	2	6	6522	4294967295	4	1
9261	120	0	245	244	0	0	3	0	6522	4294967295	243	1
9262	120	0	245	244	0	0	3	1	6522	4294967295	122	1
9263	120	0	245	244	0	0	3	2	6522	4294967295	61	1
9264	120	0	245	244	0	0	3	3	6522	4294967295	31	1
9265	120	0	245	244	0	0	3	4	6522	4294967295	16	1
9266	120	0	245	244	0	0	3	5	6522	4294967295	8	1
9267	120	0	245	244	0	0	3	6	6522	4294967295	4	1
9268	120	0	245	244	0	0	4	0	6522	4294967295	243	1
9269	120	0	245	244	0	0	4	1	6522	4294967295	122	1
9270	120	0	245	244	0	0	4	2	6522	4294967295	61	1
9271	120	0	245	244	0	0	4	3	6522	4294967295	31	1
9272	120	0	245	244	0	0	4	4	6522	4294967295	16	1
9273	120	0	245	244	0	0	4	5	6522	4294967295	8	1
9274	120	0	245	244	0	0	4	6	6522	4294967295	4	1
9275	120	0	245	244	0	0	5	0	6522	4294967295	243	1
9276	120	0	245	244	0	0	5	1	6522	4294967295	122	1
9277	120	0	245	244	0	0	5	2	6522	4294967295	61	1
9278	120	0	245	244	0	0	5	3	6522	4294967295	31	1
9279	120	0	245	244	0	0	5	4	6522	4294967295	16	1
9280	120	0	245	244	0	0	5	5	6522	4294967295	8	1
9281	120	0	245	244	0	0	5	6	6522	4294967295	4	1
9282	120	0	245	244	0	0	6	0	6522	4294967295	243	1
9283	120	0	245	244	0	0	6	1	6522	4294967295	122	1
9284	120	0	245	244	0	0	6	2	6522	4294967295	61	1
9285	120	0	245	244	0	0	6	3	6522	4294967295	31	1
9286	120	0	245	244	0	0	6	4	6522	4294967295	16	1
9287	120	0	245	244	0	0	6	5	6522	4294967295	8	1
9288	120	0	245	244	0	0	6	6	6522	4294967295	4	1
9289	120	0	245	244	0	0	7	0	6522	4294967295	243	1
9290	120	0	245	244	0	0	7	1	6522	4294967295	122	1
9291	120	0	245	244	0	0	7	2	6522	4294967295	61	1
9292	120	0	245	244	0	0	7	3	6522	4294967295	31	1
9293	120	0	245	244	0	0	7	4	6522	4294967295	16	1
9294	120	0	245	244	0	0	7	5	6522	4294967295	8	1
9295	120	0	245	244	0	0	7	6	6522	4294967295	4	1
9296	120	0	245	244	0	0	8	0	6522	4294967295	243	1
9297	120	0	245	244	0	0	8	1	6522	4294967295	122	1
9298	120	0	245	244	0	0	8	2	6522	4294967295	61	1
9299	120	0	245	244	0	0	8	3	6522	4294967295	31	1
9300	120	0	245	244	0	0	8	4	6522	4294967295	16	1
9301	120	0	245	244	0	0	8	5	6522	4294967295	8	1
9302	120	0	245	244	0	0	8	6	6522	4294967295	4	1
9303	120	0	245	244	0	0	9	0	6522	4294967295	243	1
9304	120	0	245	244	0	0	9	1	6522	4294967295	122	1
9305	120	0	245	244	0	0	9	2	6522	4294967295	61	1
9306	120	0	245	244	0	0	9	3	6522	4294967295	31	1
9307	120	0	245	244	0	0	9	4	6522	4294967295	16	1
9308	120	0	245	244	0	0	9	5	6522	4294967295	8	1
9309	120	0	245	244	0	0	9	6	6522	4294967295	4	1
9310	120	0	245	244	0	0	10	0	6522	4294967295	243	1
9311	120	0	245	244	0	0	10	1	6522	4294967295	122	1
9312	120	0	245	244	0	0	10	2	6522	4294967295	61	1
9313	120	0	245	244	0	0	10	3	6522	4294967295	31	1
9314	120	0	245	244	0	0	10	4	6522	4294967295	16	1
9315	120	0	245	244	0	0	10	5	6522	4294967295	8	1
9316	120	0	245	244	0	0	10	6	6522	4294967295	4	1
9317	121	0	247	246	0	0	0	0	6582	4294967295	245	1
9318	121	0	247	246	0	0	0	1	6582	4294967295	123	1
9319	121	0	247	246	0	0	0	2	6582	4294967295	62	1
9320	121	0	247	246	0	0	0	3	6582	4294967295	31	1
9321	121	0	247	246	0	0	0	4	6582	4294967295	16	1
9322	121	0	247	246	0	0	0	5	6582	4294967295	8	1
9323	121	0	247	246	0	0	0	6	6582	4294967295	4	1
9324	121	0	247	246	0	0	1	0	6582	4294967295	245	1
9325	121	0	247	246	0	0	1	1	6582	4294967295	123	1
9326	121	0	247	246	0	0	1	2	6582	4294967295	62	1
9327	121	0	247	246	0	0	1	3	6582	4294967295	31	1
9328	121	0	247	246	0	0	1	4	6582	4294967295	16	1
9329	121	0	247	246	0	0	1	5	6582	4294967295	8	1
9330	121	0	247	246	0	0	1	6	6582	4294967295	4	1
9331	121	0	247	246	0	0	2	0	6582	4294967295	245	1
9332	121	0	247	246	0	0	2	1	6582	4294967295	123	1
9333	121	0	247	246	0	0	2	2	6582	4294967295	62	1
9334	121	0	247	246	0	0	2	3	6582	4294967295	31	1
9335	121	0	247	246	0	0	2	4	6582	4294967295	16	1
9336	121	0	247	246	0	0	2	5	6582	4294967295	8	1
9337	121	0	247	246	0	0	2	6	6582	4294967295	4	1
9338	121	0	247	246	0	0	3	0	6582	4294967295	245	1
9339	121	0	247	246	0	0	3	1	6582	4294967295	123	1
9340	121	0	247	246	0	0	3	2	6582	4294967295	62	1
9341	121	0	247	246	0	0	3	3	6582	4294967295	31	1
9342	121	0	247	246	0	0	3	4	6582	4294967295	16	1
9343	121	0	247	246	0	0	3	5	6582	4294967295	8	1
9344	121	0	247	246	0	0	3	6	6582	4294967295	4	1
9345	121	0	247	246	0	0	4	0	6582	4294967295	245	1
9346	121	0	247	246	0	0	4	1	6582	4294967295	123	1
9347	121	0	247	246	0	0	4	2	6582	4294967295	62	1
9348	121	0	247	246	0	0	4	3	6582	4294967295	31	1
9349	121	0	247	246	0	0	4	4	6582	4294967295	16	1
9350	121	0	247	246	0	0	4	5	6582	4294967295	8	1
9351	121	0	247	246	0	0	4	6	6582	4294967295	4	1
9352	121	0	247	246	0	0	5	0	6582	4294967295	245	1
9353	121	0	247	246	0	0	5	1	6582	4294967295	123	1
9354	121	0	247	246	0	0	5	2	6582	4294967295	62	1
9355	121	0	247	246	0	0	5	3	6582	4294967295	31	1
9356	121	0	247	246	0	0	5	4	6582	4294967295	16	1
9357	121	0	247	246	0	0	5	5	6582	4294967295	8	1
9358	121	0	247	246	0	0	5	6	6582	4294967295	4	1
9359	121	0	247	246	0	0	6	0	6582	4294967295	245	1
9360	121	0	247	246	0	0	6	1	6582	4294967295	123	1
9361	121	0	247	246	0	0	6	2	6582	4294967295	62	1
9362	121	0	247	246	0	0	6	3	6582	4294967295	31	1
9363	121	0	247	246	0	0	6	4	6582	4294967295	16	1
9364	121	0	247	246	0	0	6	5	6582	4294967295	8	1
9365	121	0	247	246	0	0	6	6	6582	4294967295	4	1
9366	121	0	247	246	0	0	7	0	6582	4294967295	245	1
9367	121	0	247	246	0	0	7	1	6582	4294967295	123	1
9368	121	0	247	246	0	0	7	2	6582	4294967295	62	1
9369	121	0	247	246	0	0	7	3	6582	4294967295	31	1
9370	121	0	247	246	0	0	7	4	6582	4294967295	16	1
9371	121	0	247	246	0	0	7	5	6582	4294967295	8	1
9372	121	0	247	246	0	0	7	6	6582	4294967295	4	1
9373	121	0	247	246	0	0	8	0	6582	4294967295	245	1
9374	121	0	247	246	0	0	8	1	6582	4294967295	123	1
9375	121	0	247	246	0	0	8	2	6582	4294967295	62	1
9376	121	0	247	246	0	0	8	3	6582	4294967295	31	1
9377	121	0	247	246	0	0	8	4	6582	4294967295	16	1
9378	121	0	247	246	0	0	8	5	6582	4294967295	8	1
9379	121	0	247	246	0	0	8	6	6582	4294967295	4	1
9380	121	0	247	246	0	0	9	0	6582	4294967295	245	1
9381	121	0	247	246	0	0	9	1	6582	4294967295	123	1
9382	121	0	247	246	0	0	9	2	6582	4294967295	62	1
9383	121	0	247	246	0	0	9	3	6582	4294967295	31	1
9384	121	0	247	246	0	0	9	4	6582	4294967295	16	1
9385	121	0	247	246	0	0	9	5	6582	4294967295	8	1
9386	121	0	247	246	0	0	9	6	6582	4294967295	4	1
9387	121	0	247	246	0	0	10	0	6582	4294967295	245	1
9388	121	0	247	246	0	0	10	1	6582	4294967295	123	1
9389	121	0	247	246	0	0	10	2	6582	4294967295	62	1
9390	121	0	247	246	0	0	10	3	6582	4294967295	31	1
9391	121	0	247	246	0	0	10	4	6582	4294967295	16	1
9392	121	0	247	246	0	0	10	5	6582	4294967295	8	1
9393	121	0	247	246	0	0	10	6	6582	4294967295	4	1
9394	122	0	249	248	0	0	0	0	6642	4294967295	247	1
9395	122	0	249	248	0	0	0	1	6642	4294967295	124	1
9396	122	0	249	248	0	0	0	2	6642	4294967295	62	1
9397	122	0	249	248	0	0	0	3	6642	4294967295	31	1
9398	122	0	249	248	0	0	0	4	6642	4294967295	16	1
9399	122	0	249	248	0	0	0	5	6642	4294967295	8	1
9400	122	0	249	248	0	0	0	6	6642	4294967295	4	1
9401	122	0	249	248	0	0	1	0	6642	4294967295	247	1
9402	122	0	249	248	0	0	1	1	6642	4294967295	124	1
9403	122	0	249	248	0	0	1	2	6642	4294967295	62	1
9404	122	0	249	248	0	0	1	3	6642	4294967295	31	1
9405	122	0	249	248	0	0	1	4	6642	4294967295	16	1
9406	122	0	249	248	0	0	1	5	6642	4294967295	8	1
9407	122	0	249	248	0	0	1	6	6642	4294967295	4	1
9408	122	0	249	248	0	0	2	0	6642	4294967295	247	1
9409	122	0	249	248	0	0	2	1	6642	4294967295	124	1
9410	122	0	249	248	0	0	2	2	6642	4294967295	62	1
9411	122	0	249	248	0	0	2	3	6642	4294967295	31	1
9412	122	0	249	248	0	0	2	4	6642	4294967295	16	1
9413	122	0	249	248	0	0	2	5	6642	4294967295	8	1
9414	122	0	249	248	0	0	2	6	6642	4294967295	4	1
9415	122	0	249	248	0	0	3	0	6642	4294967295	247	1
9416	122	0	249	248	0	0	3	1	6642	4294967295	124	1
9417	122	0	249	248	0	0	3	2	6642	4294967295	62	1
9418	122	0	249	248	0	0	3	3	6642	4294967295	31	1
9419	122	0	249	248	0	0	3	4	6642	4294967295	16	1
9420	122	0	249	248	0	0	3	5	6642	4294967295	8	1
9421	122	0	249	248	0	0	3	6	6642	4294967295	4	1
9422	122	0	249	248	0	0	4	0	6642	4294967295	247	1
9423	122	0	249	248	0	0	4	1	6642	4294967295	124	1
9424	122	0	249	248	0	0	4	2	6642	4294967295	62	1
9425	122	0	249	248	0	0	4	3	6642	4294967295	31	1
9426	122	0	249	248	0	0	4	4	6642	4294967295	16	1
9427	122	0	249	248	0	0	4	5	6642	4294967295	8	1
9428	122	0	249	248	0	0	4	6	6642	4294967295	4	1
9429	122	0	249	248	0	0	5	0	6642	4294967295	247	1
9430	122	0	249	248	0	0	5	1	6642	4294967295	124	1
9431	122	0	249	248	0	0	5	2	6642	4294967295	62	1
9432	122	0	249	248	0	0	5	3	6642	4294967295	31	1
9433	122	0	249	248	0	0	5	4	6642	4294967295	16	1
9434	122	0	249	248	0	0	5	5	6642	4294967295	8	1
9435	122	0	249	248	0	0	5	6	6642	4294967295	4	1
9436	122	0	249	248	0	0	6	0	6642	4294967295	247	1
9437	122	0	249	248	0	0	6	1	6642	4294967295	124	1
9438	122	0	249	248	0	0	6	2	6642	4294967295	62	1
9439	122	0	249	248	0	0	6	3	6642	4294967295	31	1
9440	122	0	249	248	0	0	6	4	6642	4294967295	16	1
9441	122	0	249	248	0	0	6	5	6642	4294967295	8	1
9442	122	0	249	248	0	0	6	6	6642	4294967295	4	1
9443	122	0	249	248	0	0	7	0	6642	4294967295	247	1
9444	122	0	249	248	0	0	7	1	6642	4294967295	124	1
9445	122	0	249	248	0	0	7	2	6642	4294967295	62	1
9446	122	0	249	248	0	0	7	3	6642	4294967295	31	1
9447	122	0	249	248	0	0	7	4	6642	4294967295	16	1
9448	122	0	249	248	0	0	7	5	6642	4294967295	8	1
9449	122	0	249	248	0	0	7	6	6642	4294967295	4	1
9450	122	0	249	248	0	0	8	0	6642	4294967295	247	1
9451	122	0	249	248	0	0	8	1	6642	4294967295	124	1
9452	122	0	249	248	0	0	8	2	6642	4294967295	62	1
9453	122	0	249	248	0	0	8	3	6642	4294967295	31	1
9454	122	0	249	248	0	0	8	4	6642	4294967295	16	1
9455	122	0	249	248	0	0	8	5	6642	4294967295	8	1
9456	122	0	249	248	0	0	8	6	6642	4294967295	4	1
9457	122	0	249	248	0	0	9	0	6642	4294967295	247	1
9458	122	0	249	248	0	0	9	1	6642	4294967295	124	1
9459	122	0	249	248	0	0	9	2	6642	4294967295	62	1
9460	122	0	249	248	0	0	9	3	6642	4294967295	31	1
9461	122	0	249	248	0	0	9	4	6642	4294967295	16	1
9462	122	0	249	248	0	0	9	5	6642	4294967295	8	1
9463	122	0	249	248	0	0	9	6	6642	4294967295	4	1
9464	122	0	249	248	0	0	10	0	6642	4294967295	247	1
9465	122	0	249	248	0	0	10	1	6642	4294967295	124	1
9466	122	0	249	248	0	0	10	2	6642	4294967295	62	1
9467	122	0	249	248	0	0	10	3	6642	4294967295	31	1
9468	122	0	249	248	0	0	10	4	6642	4294967295	16	1
9469	122	0	249	248	0	0	10	5	6642	4294967295	8	1
9470	122	0	249	248	0	0	10	6	6642	4294967295	4	1
9471	123	0	251	250	0	0	0	0	6702	4294967295	249	1
9472	123	0	251	250	0	0	0	1	6702	4294967295	125	1
9473	123	0	251	250	0	0	0	2	6702	4294967295	63	1
9474	123	0	251	250	0	0	0	3	6702	4294967295	32	1
9475	123	0	251	250	0	0	0	4	6702	4294967295	16	1
9476	123	0	251	250	0	0	0	5	6702	4294967295	8	1
9477	123	0	251	250	0	0	0	6	6702	4294967295	4	1
9478	123	0	251	250	0	0	1	0	6702	4294967295	249	1
9479	123	0	251	250	0	0	1	1	6702	4294967295	125	1
9480	123	0	251	250	0	0	1	2	6702	4294967295	63	1
9481	123	0	251	250	0	0	1	3	6702	4294967295	32	1
9482	123	0	251	250	0	0	1	4	6702	4294967295	16	1
9483	123	0	251	250	0	0	1	5	6702	4294967295	8	1
9484	123	0	251	250	0	0	1	6	6702	4294967295	4	1
9485	123	0	251	250	0	0	2	0	6702	4294967295	249	1
9486	123	0	251	250	0	0	2	1	6702	4294967295	125	1
9487	123	0	251	250	0	0	2	2	6702	4294967295	63	1
9488	123	0	251	250	0	0	2	3	6702	4294967295	32	1
9489	123	0	251	250	0	0	2	4	6702	4294967295	16	1
9490	123	0	251	250	0	0	2	5	6702	4294967295	8	1
9491	123	0	251	250	0	0	2	6	6702	4294967295	4	1
9492	123	0	251	250	0	0	3	0	6702	4294967295	249	1
9493	123	0	251	250	0	0	3	1	6702	4294967295	125	1
9494	123	0	251	250	0	0	3	2	6702	4294967295	63	1
9495	123	0	251	250	0	0	3	3	6702	4294967295	32	1
9496	123	0	251	250	0	0	3	4	6702	4294967295	16	1
9497	123	0	251	250	0	0	3	5	6702	4294967295	8	1
9498	123	0	251	250	0	0	3	6	6702	4294967295	4	1
9499	123	0	251	250	0	0	4	0	6702	4294967295	249	1
9500	123	0	251	250	0	0	4	1	6702	4294967295	125	1
9501	123	0	251	250	0	0	4	2	6702	4294967295	63	1
9502	123	0	251	250	0	0	4	3	6702	4294967295	32	1
9503	123	0	251	250	0	0	4	4	6702	4294967295	16	1
9504	123	0	251	250	0	0	4	5	6702	4294967295	8	1
9505	123	0	251	250	0	0	4	6	6702	4294967295	4	1
9506	123	0	251	250	0	0	5	0	6702	4294967295	249	1
9507	123	0	251	250	0	0	5	1	6702	4294967295	125	1
9508	123	0	251	250	0	0	5	2	6702	4294967295	63	1
9509	123	0	251	250	0	0	5	3	6702	4294967295	32	1
9510	123	0	251	250	0	0	5	4	6702	4294967295	16	1
9511	123	0	251	250	0	0	5	5	6702	4294967295	8	1
9512	123	0	251	250	0	0	5	6	6702	4294967295	4	1
9513	123	0	251	250	0	0	6	0	6702	4294967295	249	1
9514	123	0	251	250	0	0	6	1	6702	4294967295	125	1
9515	123	0	251	250	0	0	6	2	6702	4294967295	63	1
9516	123	0	251	250	0	0	6	3	6702	4294967295	32	1
9517	123	0	251	250	0	0	6	4	6702	4294967295	16	1
9518	123	0	251	250	0	0	6	5	6702	4294967295	8	1
9519	123	0	251	250	0	0	6	6	6702	4294967295	4	1
9520	123	0	251	250	0	0	7	0	6702	4294967295	249	1
9521	123	0	251	250	0	0	7	1	6702	4294967295	125	1
9522	123	0	251	250	0	0	7	2	6702	4294967295	63	1
9523	123	0	251	250	0	0	7	3	6702	4294967295	32	1
9524	123	0	251	250	0	0	7	4	6702	4294967295	16	1
9525	123	0	251	250	0	0	7	5	6702	4294967295	8	1
9526	123	0	251	250	0	0	7	6	6702	4294967295	4	1
9527	123	0	251	250	0	0	8	0	6702	4294967295	249	1
9528	123	0	251	250	0	0	8	1	6702	4294967295	125	1
9529	123	0	251	250	0	0	8	2	6702	4294967295	63	1
9530	123	0	251	250	0	0	8	3	6702	4294967295	32	1
9531	123	0	251	250	0	0	8	4	6702	4294967295	16	1
9532	123	0	251	250	0	0	8	5	6702	4294967295	8	1
9533	123	0	251	250	0	0	8	6	6702	4294967295	4	1
9534	123	0	251	250	0	0	9	0	6702	4294967295	249	1
9535	123	0	251	250	0	0	9	1	6702	4294967295	125	1
9536	123	0	251	250	0	0	9	2	6702	4294967295	63	1
9537	123	0	251	250	0	0	9	3	6702	4294967295	32	1
9538	123	0	251	250	0	0	9	4	6702	4294967295	16	1
9539	123	0	251	250	0	0	9	5	6702	4294967295	8	1
9540	123	0	251	250	0	0	9	6	6702	4294967295	4	1
9541	123	0	251	250	0	0	10	0	6702	4294967295	249	1
9542	123	0	251	250	0	0	10	1	6702	4294967295	125	1
9543	123	0	251	250	0	0	10	2	6702	4294967295	63	1
9544	123	0	251	250	0	0	10	3	6702	4294967295	32	1
9545	123	0	251	250	0	0	10	4	6702	4294967295	16	1
9546	123	0	251	250	0	0	10	5	6702	4294967295	8	1
9547	123	0	251	250	0	0	10	6	6702	4294967295	4	1
9548	124	0	253	252	0	0	0	0	6762	4294967295	251	1
9549	124	0	253	252	0	0	0	1	6762	4294967295	126	1
9550	124	0	253	252	0	0	0	2	6762	4294967295	63	1
9551	124	0	253	252	0	0	0	3	6762	4294967295	32	1
9552	124	0	253	252	0	0	0	4	6762	4294967295	16	1
9553	124	0	253	252	0	0	0	5	6762	4294967295	8	1
9554	124	0	253	252	0	0	0	6	6762	4294967295	4	1
9555	124	0	253	252	0	0	1	0	6762	4294967295	251	1
9556	124	0	253	252	0	0	1	1	6762	4294967295	126	1
9557	124	0	253	252	0	0	1	2	6762	4294967295	63	1
9558	124	0	253	252	0	0	1	3	6762	4294967295	32	1
9559	124	0	253	252	0	0	1	4	6762	4294967295	16	1
9560	124	0	253	252	0	0	1	5	6762	4294967295	8	1
9561	124	0	253	252	0	0	1	6	6762	4294967295	4	1
9562	124	0	253	252	0	0	2	0	6762	4294967295	251	1
9563	124	0	253	252	0	0	2	1	6762	4294967295	126	1
9564	124	0	253	252	0	0	2	2	6762	4294967295	63	1
9565	124	0	253	252	0	0	2	3	6762	4294967295	32	1
9566	124	0	253	252	0	0	2	4	6762	4294967295	16	1
9567	124	0	253	252	0	0	2	5	6762	4294967295	8	1
9568	124	0	253	252	0	0	2	6	6762	4294967295	4	1
9569	124	0	253	252	0	0	3	0	6762	4294967295	251	1
9570	124	0	253	252	0	0	3	1	6762	4294967295	126	1
9571	124	0	253	252	0	0	3	2	6762	4294967295	63	1
9572	124	0	253	252	0	0	3	3	6762	4294967295	32	1
9573	124	0	253	252	0	0	3	4	6762	4294967295	16	1
9574	124	0	253	252	0	0	3	5	6762	4294967295	8	1
9575	124	0	253	252	0	0	3	6	6762	4294967295	4	1
9576	124	0	253	252	0	0	4	0	6762	4294967295	251	1
9577	124	0	253	252	0	0	4	1	6762	4294967295	126	1
9578	124	0	253	252	0	0	4	2	6762	4294967295	63	1
9579	124	0	253	252	0	0	4	3	6762	4294967295	32	1
9580	124	0	253	252	0	0	4	4	6762	4294967295	16	1
9581	124	0	253	252	0	0	4	5	6762	4294967295	8	1
9582	124	0	253	252	0	0	4	6	6762	4294967295	4	1
9583	124	0	253	252	0	0	5	0	6762	4294967295	251	1
9584	124	0	253	252	0	0	5	1	6762	4294967295	126	1
9585	124	0	253	252	0	0	5	2	6762	4294967295	63	1
9586	124	0	253	252	0	0	5	3	6762	4294967295	32	1
9587	124	0	253	252	0	0	5	4	6762	4294967295	16	1
9588	124	0	253	252	0	0	5	5	6762	4294967295	8	1
9589	124	0	253	252	0	0	5	6	6762	4294967295	4	1
9590	124	0	253	252	0	0	6	0	6762	4294967295	251	1
9591	124	0	253	252	0	0	6	1	6762	4294967295	126	1
9592	124	0	253	252	0	0	6	2	6762	4294967295	63	1
9593	124	0	253	252	0	0	6	3	6762	4294967295	32	1
9594	124	0	253	252	0	0	6	4	6762	4294967295	16	1
9595	124	0	253	252	0	0	6	5	6762	4294967295	8	1
9596	124	0	253	252	0	0	6	6	6762	4294967295	4	1
9597	124	0	253	252	0	0	7	0	6762	4294967295	251	1
9598	124	0	253	252	0	0	7	1	6762	4294967295	126	1
9599	124	0	253	252	0	0	7	2	6762	4294967295	63	1
9600	124	0	253	252	0	0	7	3	6762	4294967295	32	1
9601	124	0	253	252	0	0	7	4	6762	4294967295	16	1
9602	124	0	253	252	0	0	7	5	6762	4294967295	8	1
9603	124	0	253	252	0	0	7	6	6762	4294967295	4	1
9604	124	0	253	252	0	0	8	0	6762	4294967295	251	1
9605	124	0	253	252	0	0	8	1	6762	4294967295	126	1
9606	124	0	253	252	0	0	8	2	6762	4294967295	63	1
9607	124	0	253	252	0	0	8	3	6762	4294967295	32	1
9608	124	0	253	252	0	0	8	4	6762	4294967295	16	1
9609	124	0	253	252	0	0	8	5	6762	4294967295	8	1
9610	124	0	253	252	0	0	8	6	6762	4294967295	4	1
9611	124	0	253	252	0	0	9	0	6762	4294967295	251	1
9612	124	0	253	252	0	0	9	1	6762	4294967295	126	1
9613	124	0	253	252	0	0	9	2	6762	4294967295	63	1
9614	124	0	253	252	0	0	9	3	6762	4294967295	32	1
9615	124	0	253	252	0	0	9	4	6762	4294967295	16	1
9616	124	0	253	252	0	0	9	5	6762	4294967295	8	1
9617	124	0	253	252	0	0	9	6	6762	4294967295	4	1
9618	124	0	253	252	0	0	10	0	6762	4294967295	251	1
9619	124	0	253	252	0	0	10	1	6762	4294967295	126	1
9620	124	0	253	252	0	0	10	2	6762	4294967295	63	1
9621	124	0	253	252	0	0	10	3	6762	4294967295	32	1
9622	124	0	253	252	0	0	10	4	6762	4294967295	16	1
9623	124	0	253	252	0	0	10	5	6762	4294967295	8	1
9624	124	0	253	252	0	0	10	6	6762	4294967295	4	1
9625	125	0	255	254	0	0	0	0	6822	4294967295	252	1
9626	125	0	255	254	0	0	0	1	6822	4294967295	126	1
9627	125	0	255	254	0	0	0	2	6822	4294967295	63	1
9628	125	0	255	254	0	0	0	3	6822	4294967295	32	1
9629	125	0	255	254	0	0	0	4	6822	4294967295	16	1
9630	125	0	255	254	0	0	0	5	6822	4294967295	8	1
9631	125	0	255	254	0	0	0	6	6822	4294967295	4	1
9632	125	0	255	254	0	0	1	0	6822	4294967295	252	1
9633	125	0	255	254	0	0	1	1	6822	4294967295	126	1
9634	125	0	255	254	0	0	1	2	6822	4294967295	63	1
9635	125	0	255	254	0	0	1	3	6822	4294967295	32	1
9636	125	0	255	254	0	0	1	4	6822	4294967295	16	1
9637	125	0	255	254	0	0	1	5	6822	4294967295	8	1
9638	125	0	255	254	0	0	1	6	6822	4294967295	4	1
9639	125	0	255	254	0	0	2	0	6822	4294967295	252	1
9640	125	0	255	254	0	0	2	1	6822	4294967295	126	1
9641	125	0	255	254	0	0	2	2	6822	4294967295	63	1
9642	125	0	255	254	0	0	2	3	6822	4294967295	32	1
9643	125	0	255	254	0	0	2	4	6822	4294967295	16	1
9644	125	0	255	254	0	0	2	5	6822	4294967295	8	1
9645	125	0	255	254	0	0	2	6	6822	4294967295	4	1
9646	125	0	255	254	0	0	3	0	6822	4294967295	252	1
9647	125	0	255	254	0	0	3	1	6822	4294967295	126	1
9648	125	0	255	254	0	0	3	2	6822	4294967295	63	1
9649	125	0	255	254	0	0	3	3	6822	4294967295	32	1
9650	125	0	255	254	0	0	3	4	6822	4294967295	16	1
9651	125	0	255	254	0	0	3	5	6822	4294967295	8	1
9652	125	0	255	254	0	0	3	6	6822	4294967295	4	1
9653	125	0	255	254	0	0	4	0	6822	4294967295	252	1
9654	125	0	255	254	0	0	4	1	6822	4294967295	126	1
9655	125	0	255	254	0	0	4	2	6822	4294967295	63	1
9656	125	0	255	254	0	0	4	3	6822	4294967295	32	1
9657	125	0	255	254	0	0	4	4	6822	4294967295	16	1
9658	125	0	255	254	0	0	4	5	6822	4294967295	8	1
9659	125	0	255	254	0	0	4	6	6822	4294967295	4	1
9660	125	0	255	254	0	0	5	0	6822	4294967295	252	1
9661	125	0	255	254	0	0	5	1	6822	4294967295	126	1
9662	125	0	255	254	0	0	5	2	6822	4294967295	63	1
9663	125	0	255	254	0	0	5	3	6822	4294967295	32	1
9664	125	0	255	254	0	0	5	4	6822	4294967295	16	1
9665	125	0	255	254	0	0	5	5	6822	4294967295	8	1
9666	125	0	255	254	0	0	5	6	6822	4294967295	4	1
9667	125	0	255	254	0	0	6	0	6822	4294967295	252	1
9668	125	0	255	254	0	0	6	1	6822	4294967295	126	1
9669	125	0	255	254	0	0	6	2	6822	4294967295	63	1
9670	125	0	255	254	0	0	6	3	6822	4294967295	32	1
9671	125	0	255	254	0	0	6	4	6822	4294967295	16	1
9672	125	0	255	254	0	0	6	5	6822	4294967295	8	1
9673	125	0	255	254	0	0	6	6	6822	4294967295	4	1
9674	125	0	255	254	0	0	7	0	6822	4294967295	252	1
9675	125	0	255	254	0	0	7	1	6822	4294967295	126	1
9676	125	0	255	254	0	0	7	2	6822	4294967295	63	1
9677	125	0	255	254	0	0	7	3	6822	4294967295	32	1
9678	125	0	255	254	0	0	7	4	6822	4294967295	16	1
9679	125	0	255	254	0	0	7	5	6822	4294967295	8	1
9680	125	0	255	254	0	0	7	6	6822	4294967295	4	1
9681	125	0	255	254	0	0	8	0	6822	4294967295	252	1
9682	125	0	255	254	0	0	8	1	6822	4294967295	126	1
9683	125	0	255	254	0	0	8	2	6822	4294967295	63	1
9684	125	0	255	254	0	0	8	3	6822	4294967295	32	1
9685	125	0	255	254	0	0	8	4	6822	4294967295	16	1
9686	125	0	255	254	0	0	8	5	6822	4294967295	8	1
9687	125	0	255	254	0	0	8	6	6822	4294967295	4	1
9688	125	0	255	254	0	0	9	0	6822	4294967295	252	1
9689	125	0	255	254	0	0	9	1	6822	4294967295	126	1
9690	125	0	255	254	0	0	9	2	6822	4294967295	63	1
9691	125	0	255	254	0	0	9	3	6822	4294967295	32	1
9692	125	0	255	254	0	0	9	4	6822	4294967295	16	1
9693	125	0	255	254	0	0	9	5	6822	4294967295	8	1
9694	125	0	255	254	0	0	9	6	6822	4294967295	4	1
9695	125	0	255	254	0	0	10	0	6822	4294967295	252	1
9696	125	0	255	254	0	0	10	1	6822	4294967295	126	1
9697	125	0	255	254	0	0	10	2	6822	4294967295	63	1
9698	125	0	255	254	0	0	10	3	6822	4294967295	32	1
9699	125	0	255	254	0	0	10	4	6822	4294967295	16	1
9700	125	0	255	254	0	0	10	5	6822	4294967295	8	1
9701	125	0	255	254	0	0	10	6	6822	4294967295	4	1
9702	126	0	256	254	0	0	0	0	6822	4294967295	252	1
9703	126	0	256	254	0	0	0	1	6822	4294967295	126	1
9704	126	0	256	254	0	0	0	2	6822	4294967295	63	1
9705	126	0	256	254	0	0	0	3	6822	4294967295	32	1
9706	126	0	256	254	0	0	0	4	6822	4294967295	16	1
9707	126	0	256	254	0	0	0	5	6822	4294967295	8	1
9708	126	0	256	254	0	0	0	6	6822	4294967295	4	1
9709	126	0	256	254	0	0	1	0	6822	4294967295	252	1
9710	126	0	256	254	0	0	1	1	6822	4294967295	126	1
9711	126	0	256	254	0	0	1	2	6822	4294967295	63	1
9712	126	0	256	254	0	0	1	3	6822	4294967295	32	1
9713	126	0	256	254	0	0	1	4	6822	4294967295	16	1
9714	126	0	256	254	0	0	1	5	6822	4294967295	8	1
9715	126	0	256	254	0	0	1	6	6822	4294967295	4	1
9716	126	0	256	254	0	0	2	0	6822	4294967295	252	1
9717	126	0	256	254	0	0	2	1	6822	4294967295	126	1
9718	126	0	256	254	0	0	2	2	6822	4294967295	63	1
9719	126	0	256	254	0	0	2	3	6822	4294967295	32	1
9720	126	0	256	254	0	0	2	4	6822	4294967295	16	1
9721	126	0	256	254	0	0	2	5	6822	4294967295	8	1
9722	126	0	256	254	0	0	2	6	6822	4294967295	4	1
9723	126	0	256	254	0	0	3	0	6822	4294967295	252	1
9724	126	0	256	254	0	0	3	1	6822	4294967295	126	1
9725	126	0	256	254	0	0	3	2	6822	4294967295	63	1
9726	126	0	256	254	0	0	3	3	6822	4294967295	32	1
9727	126	0	256	254	0	0	3	4	6822	4294967295	16	1
9728	126	0	256	254	0	0	3	5	6822	4294967295	8	1
9729	126	0	256	254	0	0	3	6	6822	4294967295	4	1
9730	126	0	256	254	0	0	4	0	6822	4294967295	252	1
9731	126	0	256	254	0	0	4	1	6822	4294967295	126	1
9732	126	0	256	254	0	0	4	2	6822	4294967295	63	1
9733	126	0	256	254	0	0	4	3	6822	4294967295	32	1
9734	126	0	256	254	0	0	4	4	6822	4294967295	16	1
9735	126	0	256	254	0	0	4	5	6822	4294967295	8	1
9736	126	0	256	254	0	0	4	6	6822	4294967295	4	1
9737	126	0	256	254	0	0	5	0	6822	4294967295	252	1
9738	126	0	256	254	0	0	5	1	6822	4294967295	126	1
9739	126	0	256	254	0	0	5	2	6822	4294967295	63	1
9740	126	0	256	254	0	0	5	3	6822	4294967295	32	1
9741	126	0	256	254	0	0	5	4	6822	4294967295	16	1
9742	126	0	256	254	0	0	5	5	6822	4294967295	8	1
9743	126	0	256	254	0	0	5	6	6822	4294967295	4	1
9744	126	0	256	254	0	0	6	0	6822	4294967295	252	1
9745	126	0	256	254	0	0	6	1	6822	4294967295	126	1
9746	126	0	256	254	0	0	6	2	6822	4294967295	63	1
9747	126	0	256	254	0	0	6	3	6822	4294967295	32	1
9748	126	0	256	254	0	0	6	4	6822	4294967295	16	1
9749	126	0	256	254	0	0	6	5	6822	4294967295	8	1
9750	126	0	256	254	0	0	6	6	6822	4294967295	4	1
9751	126	0	256	254	0	0	7	0	6822	4294967295	252	1
9752	126	0	256	254	0	0	7	1	6822	4294967295	126	1
9753	126	0	256	254	0	0	7	2	6822	4294967295	63	1
9754	126	0	256	254	0	0	7	3	6822	4294967295	32	1
9755	126	0	256	254	0	0	7	4	6822	4294967295	16	1
9756	126	0	256	254	0	0	7	5	6822	4294967295	8	1
9757	126	0	256	254	0	0	7	6	6822	4294967295	4	1
9758	126	0	256	254	0	0	8	0	6822	4294967295	252	1
9759	126	0	256	254	0	0	8	1	6822	4294967295	126	1
9760	126	0	256	254	0	0	8	2	6822	4294967295	63	1
9761	126	0	256	254	0	0	8	3	6822	4294967295	32	1
9762	126	0	256	254	0	0	8	4	6822	4294967295	16	1
9763	126	0	256	254	0	0	8	5	6822	4294967295	8	1
9764	126	0	256	254	0	0	8	6	6822	4294967295	4	1
9765	126	0	256	254	0	0	9	0	6822	4294967295	252	1
9766	126	0	256	254	0	0	9	1	6822	4294967295	126	1
9767	126	0	256	254	0	0	9	2	6822	4294967295	63	1
9768	126	0	256	254	0	0	9	3	6822	4294967295	32	1
9769	126	0	256	254	0	0	9	4	6822	4294967295	16	1
9770	126	0	256	254	0	0	9	5	6822	4294967295	8	1
9771	126	0	256	254	0	0	9	6	6822	4294967295	4	1
9772	126	0	256	254	0	0	10	0	6822	4294967295	252	1
9773	126	0	256	254	0	0	10	1	6822	4294967295	126	1
9774	126	0	256	254	0	0	10	2	6822	4294967295	63	1
9775	126	0	256	254	0	0	10	3	6822	4294967295	32	1
9776	126	0	256	254	0	0	10	4	6822	4294967295	16	1
9777	126	0	256	254	0	0	10	5	6822	4294967295	8	1
9778	126	0	256	254	0	0	10	6	6822	4294967295	4	1
9779	127	0	256	254	0	0	0	0	6822	4294967295	252	1
9780	127	0	256	254	0	0	0	1	6822	4294967295	126	1
9781	127	0	256	254	0	0	0	2	6822	4294967295	63	1
9782	127	0	256	254	0	0	0	3	6822	4294967295	32	1
9783	127	0	256	254	0	0	0	4	6822	4294967295	16	1
9784	127	0	256	254	0	0	0	5	6822	4294967295	8	1
9785	127	0	256	254	0	0	0	6	6822	4294967295	4	1
9786	127	0	256	254	0	0	1	0	6822	4294967295	252	1
9787	127	0	256	254	0	0	1	1	6822	4294967295	126	1
9788	127	0	256	254	0	0	1	2	6822	4294967295	63	1
9789	127	0	256	254	0	0	1	3	6822	4294967295	32	1
9790	127	0	256	254	0	0	1	4	6822	4294967295	16	1
9791	127	0	256	254	0	0	1	5	6822	4294967295	8	1
9792	127	0	256	254	0	0	1	6	6822	4294967295	4	1
9793	127	0	256	254	0	0	2	0	6822	4294967295	252	1
9794	127	0	256	254	0	0	2	1	6822	4294967295	126	1
9795	127	0	256	254	0	0	2	2	6822	4294967295	63	1
9796	127	0	256	254	0	0	2	3	6822	4294967295	32	1
9797	127	0	256	254	0	0	2	4	6822	4294967295	16	1
9798	127	0	256	254	0	0	2	5	6822	4294967295	8	1
9799	127	0	256	254	0	0	2	6	6822	4294967295	4	1
9800	127	0	256	254	0	0	3	0	6822	4294967295	252	1
9801	127	0	256	254	0	0	3	1	6822	4294967295	126	1
9802	127	0	256	254	0	0	3	2	6822	4294967295	63	1
9803	127	0	256	254	0	0	3	3	6822	4294967295	32	1
9804	127	0	256	254	0	0	3	4	6822	4294967295	16	1
9805	127	0	256	254	0	0	3	5	6822	4294967295	8	1
9806	127	0	256	254	0	0	3	6	6822	4294967295	4	1
9807	127	0	256	254	0	0	4	0	6822	4294967295	252	1
9808	127	0	256	254	0	0	4	1	6822	4294967295	126	1
9809	127	0	256	254	0	0	4	2	6822	4294967295	63	1
9810	127	0	256	254	0	0	4	3	6822	4294967295	32	1
9811	127	0	256	254	0	0	4	4	6822	4294967295	16	1
9812	127	0	256	254	0	0	4	5	6822	4294967295	8	1
9813	127	0	256	254	0	0	4	6	6822	4294967295	4	1
9814	127	0	256	254	0	0	5	0	6822	4294967295	252	1
9815	127	0	256	254	0	0	5	1	6822	4294967295	126	1
9816	127	0	256	254	0	0	5	2	6822	4294967295	63	1
9817	127	0	256	254	0	0	5	3	6822	4294967295	32	1
9818	127	0	256	254	0	0	5	4	6822	4294967295	16	1
9819	127	0	256	254	0	0	5	5	6822	4294967295	8	1
9820	127	0	256	254	0	0	5	6	6822	4294967295	4	1
9821	127	0	256	254	0	0	6	0	6822	4294967295	252	1
9822	127	0	256	254	0	0	6	1	6822	4294967295	126	1
9823	127	0	256	254	0	0	6	2	6822	4294967295	63	1
9824	127	0	256	254	0	0	6	3	6822	4294967295	32	1
9825	127	0	256	254	0	0	6	4	6822	4294967295	16	1
9826	127	0	256	254	0	0	6	5	6822	4294967295	8	1
9827	127	0	256	254	0	0	6	6	6822	4294967295	4	1
9828	127	0	256	254	0	0	7	0	6822	4294967295	252	1
9829	127	0	256	254	0	0	7	1	6822	4294967295	126	1
9830	127	0	256	254	0	0	7	2	6822	4294967295	63	1
9831	127	0	256	254	0	0	7	3	6822	4294967295	32	1
9832	127	0	256	254	0	0	7	4	6822	4294967295	16	1
9833	127	0	256	254	0	0	7	5	6822	4294967295	8	1
9834	127	0	256	254	0	0	7	6	6822	4294967295	4	1
9835	127	0	256	254	0	0	8	0	6822	4294967295	252	1
9836	127	0	256	254	0	0	8	1	6822	4294967295	126	1
9837	127	0	256	254	0	0	8	2	6822	4294967295	63	1
9838	127	0	256	254	0	0	8	3	6822	4294967295	32	1
9839	127	0	256	254	0	0	8	4	6822	4294967295	16	1
9840	127	0	256	254	0	0	8	5	6822	4294967295	8	1
9841	127	0	256	254	0	0	8	6	6822	4294967295	4	1
9842	127	0	256	254	0	0	9	0	6822	4294967295	252	1
9843	127	0	256	254	0	0	9	1	6822	4294967295	126	1
9844	127	0	256	254	0	0	9	2	6822	4294967295	63	1
9845	127	0	256	254	0	0	9	3	6822	4294967295	32	1
9846	127	0	256	254	0	0	9	4	6822	4294967295	16	1
9847	127	0	256	254	0	0	9	5	6822	4294967295	8	1
9848	127	0	256	254	0	0	9	6	6822	4294967295	4	1
9849	127	0	256	254	0	0	10	0	6822	4294967295	252	1
9850	127	0	256	254	0	0	10	1	6822	4294967295	126	1
9851	127	0	256	254	0	0	10	2	6822	4294967295	63	1
9852	127	0	256	254	0	0	10	3	6822	4294967295	32	1
9853	127	0	256	254	0	0	10	4	6822	4294967295	16	1
9854	127	0	256	254	0	0	10	5	6822	4294967295	8	1
9855	127	0	256	254	0	0	10	6	6822	4294967295	4	1
9856	128	0	256	254	0	0	0	0	6822	4294967295	252	1
9857	128	0	256	254	0	0	0	1	6822	4294967295	126	1
9858	128	0	256	254	0	0	0	2	6822	4294967295	63	1
9859	128	0	256	254	0	0	0	3	6822	4294967295	32	1
9860	128	0	256	254	0	0	0	4	6822	4294967295	16	1
9861	128	0	256	254	0	0	0	5	6822	4294967295	8	1
9862	128	0	256	254	0	0	0	6	6822	4294967295	4	1
9863	128	0	256	254	0	0	1	0	6822	4294967295	252	1
9864	128	0	256	254	0	0	1	1	6822	4294967295	126	1
9865	128	0	256	254	0	0	1	2	6822	4294967295	63	1
9866	128	0	256	254	0	0	1	3	6822	4294967295	32	1
9867	128	0	256	254	0	0	1	4	6822	4294967295	16	1
9868	128	0	256	254	0	0	1	5	6822	4294967295	8	1
9869	128	0	256	254	0	0	1	6	6822	4294967295	4	1
9870	128	0	256	254	0	0	2	0	6822	4294967295	252	1
9871	128	0	256	254	0	0	2	1	6822	4294967295	126	1
9872	128	0	256	254	0	0	2	2	6822	4294967295	63	1
9873	128	0	256	254	0	0	2	3	6822	4294967295	32	1
9874	128	0	256	254	0	0	2	4	6822	4294967295	16	1
9875	128	0	256	254	0	0	2	5	6822	4294967295	8	1
9876	128	0	256	254	0	0	2	6	6822	4294967295	4	1
9877	128	0	256	254	0	0	3	0	6822	4294967295	252	1
9878	128	0	256	254	0	0	3	1	6822	4294967295	126	1
9879	128	0	256	254	0	0	3	2	6822	4294967295	63	1
9880	128	0	256	254	0	0	3	3	6822	4294967295	32	1
9881	128	0	256	254	0	0	3	4	6822	4294967295	16	1
9882	128	0	256	254	0	0	3	5	6822	4294967295	8	1
9883	128	0	256	254	0	0	3	6	6822	4294967295	4	1
9884	128	0	256	254	0	0	4	0	6822	4294967295	252	1
9885	128	0	256	254	0	0	4	1	6822	4294967295	126	1
9886	128	0	256	254	0	0	4	2	6822	4294967295	63	1
9887	128	0	256	254	0	0	4	3	6822	4294967295	32	1
9888	128	0	256	254	0	0	4	4	6822	4294967295	16	1
9889	128	0	256	254	0	0	4	5	6822	4294967295	8	1
9890	128	0	256	254	0	0	4	6	6822	4294967295	4	1
9891	128	0	256	254	0	0	5	0	6822	4294967295	252	1
9892	128	0	256	254	0	0	5	1	6822	4294967295	126	1
9893	128	0	256	254	0	0	5	2	6822	4294967295	63	1
9894	128	0	256	254	0	0	5	3	6822	4294967295	32	1
9895	128	0	256	254	0	0	5	4	6822	4294967295	16	1
9896	128	0	256	254	0	0	5	5	6822	4294967295	8	1
9897	128	0	256	254	0	0	5	6	6822	4294967295	4	1
9898	128	0	256	254	0	0	6	0	6822	4294967295	252	1
9899	128	0	256	254	0	0	6	1	6822	4294967295	126	1
9900	128	0	256	254	0	0	6	2	6822	4294967295	63	1
9901	128	0	256	254	0	0	6	3	6822	4294967295	32	1
9902	128	0	256	254	0	0	6	4	6822	4294967295	16	1
9903	128	0	256	254	0	0	6	5	6822	4294967295	8	1
9904	128	0	256	254	0	0	6	6	6822	4294967295	4	1
9905	128	0	256	254	0	0	7	0	6822	4294967295	252	1
9906	128	0	256	254	0	0	7	1	6822	4294967295	126	1
9907	128	0	256	254	0	0	7	2	6822	4294967295	63	1
9908	128	0	256	254	0	0	7	3	6822	4294967295	32	1
9909	128	0	256	254	0	0	7	4	6822	4294967295	16	1
9910	128	0	256	254	0	0	7	5	6822	4294967295	8	1
9911	128	0	256	254	0	0	7	6	6822	4294967295	4	1
9912	128	0	256	254	0	0	8	0	6822	4294967295	252	1
9913	128	0	256	254	0	0	8	1	6822	4294967295	126	1
9914	128	0	256	254	0	0	8	2	6822	4294967295	63	1
9915	128	0	256	254	0	0	8	3	6822	4294967295	32	1
9916	128	0	256	254	0	0	8	4	6822	4294967295	16	1
9917	128	0	256	254	0	0	8	5	6822	4294967295	8	1
9918	128	0	256	254	0	0	8	6	6822	4294967295	4	1
9919	128	0	256	254	0	0	9	0	6822	4294967295	252	1
9920	128	0	256	254	0	0	9	1	6822	4294967295	126	1
9921	128	0	256	254	0	0	9	2	6822	4294967295	63	1
9922	128	0	256	254	0	0	9	3	6822	4294967295	32	1
9923	128	0	256	254	0	0	9	4	6822	4294967295	16	1
9924	128	0	256	254	0	0	9	5	6822	4294967295	8	1
9925	128	0	256	254	0	0	9	6	6822	4294967295	4	1
9926	128	0	256	254	0	0	10	0	6822	4294967295	252	1
9927	128	0	256	254	0	0	10	1	6822	4294967295	126	1
9928	128	0	256	254	0	0	10	2	6822	4294967295	63	1
9929	128	0	256	254	0	0	10	3	6822	4294967295	32	1
9930	128	0	256	254	0	0	10	4	6822	4294967295	16	1
9931	128	0	256	254	0	0	10	5	6822	4294967295	8	1
9932	128	0	256	254	0	0	10	6	6822	4294967295	4	1
9933	129	0	256	254	0	0	0	0	6822	4294967295	252	1
9934	129	0	256	254	0	0	0	1	6822	4294967295	126	1
9935	129	0	256	254	0	0	0	2	6822	4294967295	63	1
9936	129	0	256	254	0	0	0	3	6822	4294967295	32	1
9937	129	0	256	254	0	0	0	4	6822	4294967295	16	1
9938	129	0	256	254	0	0	0	5	6822	4294967295	8	1
9939	129	0	256	254	0	0	0	6	6822	4294967295	4	1
9940	129	0	256	254	0	0	1	0	6822	4294967295	252	1
9941	129	0	256	254	0	0	1	1	6822	4294967295	126	1
9942	129	0	256	254	0	0	1	2	6822	4294967295	63	1
9943	129	0	256	254	0	0	1	3	6822	4294967295	32	1
9944	129	0	256	254	0	0	1	4	6822	4294967295	16	1
9945	129	0	256	254	0	0	1	5	6822	4294967295	8	1
9946	129	0	256	254	0	0	1	6	6822	4294967295	4	1
9947	129	0	256	254	0	0	2	0	6822	4294967295	252	1
9948	129	0	256	254	0	0	2	1	6822	4294967295	126	1
9949	129	0	256	254	0	0	2	2	6822	4294967295	63	1
9950	129	0	256	254	0	0	2	3	6822	4294967295	32	1
9951	129	0	256	254	0	0	2	4	6822	4294967295	16	1
9952	129	0	256	254	0	0	2	5	6822	4294967295	8	1
9953	129	0	256	254	0	0	2	6	6822	4294967295	4	1
9954	129	0	256	254	0	0	3	0	6822	4294967295	252	1
9955	129	0	256	254	0	0	3	1	6822	4294967295	126	1
9956	129	0	256	254	0	0	3	2	6822	4294967295	63	1
9957	129	0	256	254	0	0	3	3	6822	4294967295	32	1
9958	129	0	256	254	0	0	3	4	6822	4294967295	16	1
9959	129	0	256	254	0	0	3	5	6822	4294967295	8	1
9960	129	0	256	254	0	0	3	6	6822	4294967295	4	1
9961	129	0	256	254	0	0	4	0	6822	4294967295	252	1
9962	129	0	256	254	0	0	4	1	6822	4294967295	126	1
9963	129	0	256	254	0	0	4	2	6822	4294967295	63	1
9964	129	0	256	254	0	0	4	3	6822	4294967295	32	1
9965	129	0	256	254	0	0	4	4	6822	4294967295	16	1
9966	129	0	256	254	0	0	4	5	6822	4294967295	8	1
9967	129	0	256	254	0	0	4	6	6822	4294967295	4	1
9968	129	0	256	254	0	0	5	0	6822	4294967295	252	1
9969	129	0	256	254	0	0	5	1	6822	4294967295	126	1
9970	129	0	256	254	0	0	5	2	6822	4294967295	63	1
9971	129	0	256	254	0	0	5	3	6822	4294967295	32	1
9972	129	0	256	254	0	0	5	4	6822	4294967295	16	1
9973	129	0	256	254	0	0	5	5	6822	4294967295	8	1
9974	129	0	256	254	0	0	5	6	6822	4294967295	4	1
9975	129	0	256	254	0	0	6	0	6822	4294967295	252	1
9976	129	0	256	254	0	0	6	1	6822	4294967295	126	1
9977	129	0	256	254	0	0	6	2	6822	4294967295	63	1
9978	129	0	256	254	0	0	6	3	6822	4294967295	32	1
9979	129	0	256	254	0	0	6	4	6822	4294967295	16	1
9980	129	0	256	254	0	0	6	5	6822	4294967295	8	1
9981	129	0	256	254	0	0	6	6	6822	4294967295	4	1
9982	129	0	256	254	0	0	7	0	6822	4294967295	252	1
9983	129	0	256	254	0	0	7	1	6822	4294967295	126	1
9984	129	0	256	254	0	0	7	2	6822	4294967295	63	1
9985	129	0	256	254	0	0	7	3	6822	4294967295	32	1
9986	129	0	256	254	0	0	7	4	6822	4294967295	16	1
9987	129	0	256	254	0	0	7	5	6822	4294967295	8	1
9988	129	0	256	254	0	0	7	6	6822	4294967295	4	1
9989	129	0	256	254	0	0	8	0	6822	4294967295	252	1
9990	129	0	256	254	0	0	8	1	6822	4294967295	126	1
9991	129	0	256	254	0	0	8	2	6822	4294967295	63	1
9992	129	0	256	254	0	0	8	3	6822	4294967295	32	1
9993	129	0	256	254	0	0	8	4	6822	4294967295	16	1
9994	129	0	256	254	0	0	8	5	6822	4294967295	8	1
9995	129	0	256	254	0	0	8	6	6822	4294967295	4	1
9996	129	0	256	254	0	0	9	0	6822	4294967295	252	1
9997	129	0	256	254	0	0	9	1	6822	4294967295	126	1
9998	129	0	256	254	0	0	9	2	6822	4294967295	63	1
9999	129	0	256	254	0	0	9	3	6822	4294967295	32	1
10000	129	0	256	254	0	0	9	4	6822	4294967295	16	1
10001	129	0	256	254	0	0	9	5	6822	4294967295	8	1
10002	129	0	256	254	0	0	9	6	6822	4294967295	4	1
10003	129	0	256	254	0	0	10	0	6822	4294967295	252	1
10004	129	0	256	254	0	0	10	1	6822	4294967295	126	1
10005	129	0	256	254	0	0	10	2	6822	4294967295	63	1
10006	129	0	256	254	0	0	10	3	6822	4294967295	32	1
10007	129	0	256	254	0	0	10	4	6822	4294967295	16	1
10008	129	0	256	254	0	0	10	5	6822	4294967295	8	1
10009	129	0	256	254	0	0	10	6	6822	4294967295	4	1
10010	130	4	256	254	0	0	0	0	6734	4294967295	248	1
10011	130	4	256	254	0	0	0	1	6734	4294967295	124	1
10012	130	4	256	254	0	0	0	2	6734	4294967295	62	1
10013	130	4	256	254	0	0	0	3	6734	4294967295	32	1
10014	130	4	256	254	0	0	0	4	6734	4294967295	16	1
10015	130	4	256	254	0	0	0	5	6734	4294967295	8	1
10016	130	4	256	254	0	0	0	6	6734	4294967295	4	1
10017	130	4	256	254	0	0	1	0	6734	4294967295	248	1
10018	130	4	256	254	0	0	1	1	6734	4294967295	124	1
10019	130	4	256	254	0	0	1	2	6734	4294967295	62	1
10020	130	4	256	254	0	0	1	3	6734	4294967295	32	1
10021	130	4	256	254	0	0	1	4	6734	4294967295	16	1
10022	130	4	256	254	0	0	1	5	6734	4294967295	8	1
10023	130	4	256	254	0	0	1	6	6734	4294967295	4	1
10024	130	4	256	254	0	0	2	0	6734	4294967295	248	1
10025	130	4	256	254	0	0	2	1	6734	4294967295	124	1
10026	130	4	256	254	0	0	2	2	6734	4294967295	62	1
10027	130	4	256	254	0	0	2	3	6734	4294967295	32	1
10028	130	4	256	254	0	0	2	4	6734	4294967295	16	1
10029	130	4	256	254	0	0	2	5	6734	4294967295	8	1
10030	130	4	256	254	0	0	2	6	6734	4294967295	4	1
10031	130	4	256	254	0	0	3	0	6734	4294967295	248	1
10032	130	4	256	254	0	0	3	1	6734	4294967295	124	1
10033	130	4	256	254	0	0	3	2	6734	4294967295	62	1
10034	130	4	256	254	0	0	3	3	6734	4294967295	32	1
10035	130	4	256	254	0	0	3	4	6734	4294967295	16	1
10036	130	4	256	254	0	0	3	5	6734	4294967295	8	1
10037	130	4	256	254	0	0	3	6	6734	4294967295	4	1
10038	130	4	256	254	0	0	4	0	6734	4294967295	248	1
10039	130	4	256	254	0	0	4	1	6734	4294967295	124	1
10040	130	4	256	254	0	0	4	2	6734	4294967295	62	1
10041	130	4	256	254	0	0	4	3	6734	4294967295	32	1
10042	130	4	256	254	0	0	4	4	6734	4294967295	16	1
10043	130	4	256	254	0	0	4	5	6734	4294967295	8	1
10044	130	4	256	254	0	0	4	6	6734	4294967295	4	1
10045	130	4	256	254	0	0	5	0	6734	4294967295	248	1
10046	130	4	256	254	0	0	5	1	6734	4294967295	124	1
10047	130	4	256	254	0	0	5	2	6734	4294967295	62	1
10048	130	4	256	254	0	0	5	3	6734	4294967295	32	1
10049	130	4	256	254	0	0	5	4	6734	4294967295	16	1
10050	130	4	256	254	0	0	5	5	6734	4294967295	8	1
10051	130	4	256	254	0	0	5	6	6734	4294967295	4	1
10052	130	4	256	254	0	0	6	0	6734	4294967295	248	1
10053	130	4	256	254	0	0	6	1	6734	4294967295	124	1
10054	130	4	256	254	0	0	6	2	6734	4294967295	62	1
10055	130	4	256	254	0	0	6	3	6734	4294967295	32	1
10056	130	4	256	254	0	0	6	4	6734	4294967295	16	1
10057	130	4	256	254	0	0	6	5	6734	4294967295	8	1
10058	130	4	256	254	0	0	6	6	6734	4294967295	4	1
10059	130	4	256	254	0	0	7	0	6734	4294967295	248	1
10060	130	4	256	254	0	0	7	1	6734	4294967295	124	1
10061	130	4	256	254	0	0	7	2	6734	4294967295	62	1
10062	130	4	256	254	0	0	7	3	6734	4294967295	32	1
10063	130	4	256	254	0	0	7	4	6734	4294967295	16	1
10064	130	4	256	254	0	0	7	5	6734	4294967295	8	1
10065	130	4	256	254	0	0	7	6	6734	4294967295	4	1
10066	130	4	256	254	0	0	8	0	6734	4294967295	248	1
10067	130	4	256	254	0	0	8	1	6734	4294967295	124	1
10068	130	4	256	254	0	0	8	2	6734	4294967295	62	1
10069	130	4	256	254	0	0	8	3	6734	4294967295	32	1
10070	130	4	256	254	0	0	8	4	6734	4294967295	16	1
10071	130	4	256	254	0	0	8	5	6734	4294967295	8	1
10072	130	4	256	254	0	0	8	6	6734	4294967295	4	1
10073	130	4	256	254	0	0	9	0	6734	4294967295	248	1
10074	130	4	256	254	0	0	9	1	6734	4294967295	124	1
10075	130	4	256	254	0	0	9	2	6734	4294967295	62	1
10076	130	4	256	254	0	0	9	3	6734	4294967295	32	1
10077	130	4	256	254	0	0	9	4	6734	4294967295	16	1
10078	130	4	256	254	0	0	9	5	6734	4294967295	8	1
10079	130	4	256	254	0	0	9	6	6734	4294967295	4	1
10080	130	4	256	254	0	0	10	0	6734	4294967295	248	1
10081	130	4	256	254	0	0	10	1	6734	4294967295	124	1
10082	130	4	256	254	0	0	10	2	6734	4294967295	62	1
10083	130	4	256	254	0	0	10	3	6734	4294967295	32	1
10084	130	4	256	254	0	0	10	4	6734	4294967295	16	1
10085	130	4	256	254	0	0	10	5	6734	4294967295	8	1
10086	130	4	256	254	0	0	10	6	6734	4294967295	4	1
10087	131	7	256	254	0	0	0	0	6668	4294967295	245	1
10088	131	7	256	254	0	0	0	1	6668	4294967295	123	1
10089	131	7	256	254	0	0	0	2	6668	4294967295	62	1
10090	131	7	256	254	0	0	0	3	6668	4294967295	32	1
10091	131	7	256	254	0	0	0	4	6668	4294967295	16	1
10092	131	7	256	254	0	0	0	5	6668	4294967295	8	1
10093	131	7	256	254	0	0	0	6	6668	4294967295	4	1
10094	131	7	256	254	0	0	1	0	6668	4294967295	245	1
10095	131	7	256	254	0	0	1	1	6668	4294967295	123	1
10096	131	7	256	254	0	0	1	2	6668	4294967295	62	1
10097	131	7	256	254	0	0	1	3	6668	4294967295	32	1
10098	131	7	256	254	0	0	1	4	6668	4294967295	16	1
10099	131	7	256	254	0	0	1	5	6668	4294967295	8	1
10100	131	7	256	254	0	0	1	6	6668	4294967295	4	1
10101	131	7	256	254	0	0	2	0	6668	4294967295	245	1
10102	131	7	256	254	0	0	2	1	6668	4294967295	123	1
10103	131	7	256	254	0	0	2	2	6668	4294967295	62	1
10104	131	7	256	254	0	0	2	3	6668	4294967295	32	1
10105	131	7	256	254	0	0	2	4	6668	4294967295	16	1
10106	131	7	256	254	0	0	2	5	6668	4294967295	8	1
10107	131	7	256	254	0	0	2	6	6668	4294967295	4	1
10108	131	7	256	254	0	0	3	0	6668	4294967295	245	1
10109	131	7	256	254	0	0	3	1	6668	4294967295	123	1
10110	131	7	256	254	0	0	3	2	6668	4294967295	62	1
10111	131	7	256	254	0	0	3	3	6668	4294967295	32	1
10112	131	7	256	254	0	0	3	4	6668	4294967295	16	1
10113	131	7	256	254	0	0	3	5	6668	4294967295	8	1
10114	131	7	256	254	0	0	3	6	6668	4294967295	4	1
10115	131	7	256	254	0	0	4	0	6668	4294967295	245	1
10116	131	7	256	254	0	0	4	1	6668	4294967295	123	1
10117	131	7	256	254	0	0	4	2	6668	4294967295	62	1
10118	131	7	256	254	0	0	4	3	6668	4294967295	32	1
10119	131	7	256	254	0	0	4	4	6668	4294967295	16	1
10120	131	7	256	254	0	0	4	5	6668	4294967295	8	1
10121	131	7	256	254	0	0	4	6	6668	4294967295	4	1
10122	131	7	256	254	0	0	5	0	6668	4294967295	245	1
10123	131	7	256	254	0	0	5	1	6668	4294967295	123	1
10124	131	7	256	254	0	0	5	2	6668	4294967295	62	1
10125	131	7	256	254	0	0	5	3	6668	4294967295	32	1
10126	131	7	256	254	0	0	5	4	6668	4294967295	16	1
10127	131	7	256	254	0	0	5	5	6668	4294967295	8	1
10128	131	7	256	254	0	0	5	6	6668	4294967295	4	1
10129	131	7	256	254	0	0	6	0	6668	4294967295	245	1
10130	131	7	256	254	0	0	6	1	6668	4294967295	123	1
10131	131	7	256	254	0	0	6	2	6668	4294967295	62	1
10132	131	7	256	254	0	0	6	3	6668	4294967295	32	1
10133	131	7	256	254	0	0	6	4	6668	4294967295	16	1
10134	131	7	256	254	0	0	6	5	6668	4294967295	8	1
10135	131	7	256	254	0	0	6	6	6668	4294967295	4	1
10136	131	7	256	254	0	0	7	0	6668	4294967295	245	1
10137	131	7	256	254	0	0	7	1	6668	4294967295	123	1
10138	131	7	256	254	0	0	7	2	6668	4294967295	62	1
10139	131	7	256	254	0	0	7	3	6668	4294967295	32	1
10140	131	7	256	254	0	0	7	4	6668	4294967295	16	1
10141	131	7	256	254	0	0	7	5	6668	4294967295	8	1
10142	131	7	256	254	0	0	7	6	6668	4294967295	4	1
10143	131	7	256	254	0	0	8	0	6668	4294967295	245	1
10144	131	7	256	254	0	0	8	1	6668	4294967295	123	1
10145	131	7	256	254	0	0	8	2	6668	4294967295	62	1
10146	131	7	256	254	0	0	8	3	6668	4294967295	32	1
10147	131	7	256	254	0	0	8	4	6668	4294967295	16	1
10148	131	7	256	254	0	0	8	5	6668	4294967295	8	1
10149	131	7	256	254	0	0	8	6	6668	4294967295	4	1
10150	131	7	256	254	0	0	9	0	6668	4294967295	245	1
10151	131	7	256	254	0	0	9	1	6668	4294967295	123	1
10152	131	7	256	254	0	0	9	2	6668	4294967295	62	1
10153	131	7	256	254	0	0	9	3	6668	4294967295	32	1
10154	131	7	256	254	0	0	9	4	6668	4294967295	16	1
10155	131	7	256	254	0	0	9	5	6668	4294967295	8	1
10156	131	7	256	254	0	0	9	6	6668	4294967295	4	1
10157	131	7	256	254	0	0	10	0	6668	4294967295	245	1
10158	131	7	256	254	0	0	10	1	6668	4294967295	123	1
10159	131	7	256	254	0	0	10	2	6668	4294967295	62	1
10160	131	7	256	254	0	0	10	3	6668	4294967295	32	1
10161	131	7	256	254	0	0	10	4	6668	4294967295	16	1
10162	131	7	256	254	0	0	10	5	6668	4294967295	8	1
10163	131	7	256	254	0	0	10	6	6668	4294967295	4	1
10164	132	11	256	254	0	0	0	0	6580	4294967295	241	1
10165	132	11	256	254	0	0	0	1	6580	4294967295	121	1
10166	132	11	256	254	0	0	0	2	6580	4294967295	61	1
10167	132	11	256	254	0	0	0	3	6580	4294967295	31	1
10168	132	11	256	254	0	0	0	4	6580	4294967295	16	1
10169	132	11	256	254	0	0	0	5	6580	4294967295	8	1
10170	132	11	256	254	0	0	0	6	6580	4294967295	4	1
10171	132	11	256	254	0	0	1	0	6580	4294967295	241	1
10172	132	11	256	254	0	0	1	1	6580	4294967295	121	1
10173	132	11	256	254	0	0	1	2	6580	4294967295	61	1
10174	132	11	256	254	0	0	1	3	6580	4294967295	31	1
10175	132	11	256	254	0	0	1	4	6580	4294967295	16	1
10176	132	11	256	254	0	0	1	5	6580	4294967295	8	1
10177	132	11	256	254	0	0	1	6	6580	4294967295	4	1
10178	132	11	256	254	0	0	2	0	6580	4294967295	241	1
10179	132	11	256	254	0	0	2	1	6580	4294967295	121	1
10180	132	11	256	254	0	0	2	2	6580	4294967295	61	1
10181	132	11	256	254	0	0	2	3	6580	4294967295	31	1
10182	132	11	256	254	0	0	2	4	6580	4294967295	16	1
10183	132	11	256	254	0	0	2	5	6580	4294967295	8	1
10184	132	11	256	254	0	0	2	6	6580	4294967295	4	1
10185	132	11	256	254	0	0	3	0	6580	4294967295	241	1
10186	132	11	256	254	0	0	3	1	6580	4294967295	121	1
10187	132	11	256	254	0	0	3	2	6580	4294967295	61	1
10188	132	11	256	254	0	0	3	3	6580	4294967295	31	1
10189	132	11	256	254	0	0	3	4	6580	4294967295	16	1
10190	132	11	256	254	0	0	3	5	6580	4294967295	8	1
10191	132	11	256	254	0	0	3	6	6580	4294967295	4	1
10192	132	11	256	254	0	0	4	0	6580	4294967295	241	1
10193	132	11	256	254	0	0	4	1	6580	4294967295	121	1
10194	132	11	256	254	0	0	4	2	6580	4294967295	61	1
10195	132	11	256	254	0	0	4	3	6580	4294967295	31	1
10196	132	11	256	254	0	0	4	4	6580	4294967295	16	1
10197	132	11	256	254	0	0	4	5	6580	4294967295	8	1
10198	132	11	256	254	0	0	4	6	6580	4294967295	4	1
10199	132	11	256	254	0	0	5	0	6580	4294967295	241	1
10200	132	11	256	254	0	0	5	1	6580	4294967295	121	1
10201	132	11	256	254	0	0	5	2	6580	4294967295	61	1
10202	132	11	256	254	0	0	5	3	6580	4294967295	31	1
10203	132	11	256	254	0	0	5	4	6580	4294967295	16	1
10204	132	11	256	254	0	0	5	5	6580	4294967295	8	1
10205	132	11	256	254	0	0	5	6	6580	4294967295	4	1
10206	132	11	256	254	0	0	6	0	6580	4294967295	241	1
10207	132	11	256	254	0	0	6	1	6580	4294967295	121	1
10208	132	11	256	254	0	0	6	2	6580	4294967295	61	1
10209	132	11	256	254	0	0	6	3	6580	4294967295	31	1
10210	132	11	256	254	0	0	6	4	6580	4294967295	16	1
10211	132	11	256	254	0	0	6	5	6580	4294967295	8	1
10212	132	11	256	254	0	0	6	6	6580	4294967295	4	1
10213	132	11	256	254	0	0	7	0	6580	4294967295	241	1
10214	132	11	256	254	0	0	7	1	6580	4294967295	121	1
10215	132	11	256	254	0	0	7	2	6580	4294967295	61	1
10216	132	11	256	254	0	0	7	3	6580	4294967295	31	1
10217	132	11	256	254	0	0	7	4	6580	4294967295	16	1
10218	132	11	256	254	0	0	7	5	6580	4294967295	8	1
10219	132	11	256	254	0	0	7	6	6580	4294967295	4	1
10220	132	11	256	254	0	0	8	0	6580	4294967295	241	1
10221	132	11	256	254	0	0	8	1	6580	4294967295	121	1
10222	132	11	256	254	0	0	8	2	6580	4294967295	61	1
10223	132	11	256	254	0	0	8	3	6580	4294967295	31	1
10224	132	11	256	254	0	0	8	4	6580	4294967295	16	1
10225	132	11	256	254	0	0	8	5	6580	4294967295	8	1
10226	132	11	256	254	0	0	8	6	6580	4294967295	4	1
10227	132	11	256	254	0	0	9	0	6580	4294967295	241	1
10228	132	11	256	254	0	0	9	1	6580	4294967295	121	1
10229	132	11	256	254	0	0	9	2	6580	4294967295	61	1
10230	132	11	256	254	0	0	9	3	6580	4294967295	31	1
10231	132	11	256	254	0	0	9	4	6580	4294967295	16	1
10232	132	11	256	254	0	0	9	5	6580	4294967295	8	1
10233	132	11	256	254	0	0	9	6	6580	4294967295	4	1
10234	132	11	256	254	0	0	10	0	6580	4294967295	241	1
10235	132	11	256	254	0	0	10	1	6580	4294967295	121	1
10236	132	11	256	254	0	0	10	2	6580	4294967295	61	1
10237	132	11	256	254	0	0	10	3	6580	4294967295	31	1
10238	132	11	256	254	0	0	10	4	6580	4294967295	16	1
10239	132	11	256	254	0	0	10	5	6580	4294967295	8	1
10240	132	11	256	254	0	0	10	6	6580	4294967295	4	1
10241	133	14	256	254	0	0	0	0	6514	4294967295	238	1
10242	133	14	256	254	0	0	0	1	6514	4294967295	119	1
10243	133	14	256	254	0	0	0	2	6514	4294967295	60	1
10244	133	14	256	254	0	0	0	3	6514	4294967295	31	1
10245	133	14	256	254	0	0	0	4	6514	4294967295	16	1
10246	133	14	256	254	0	0	0	5	6514	4294967295	8	1
10247	133	14	256	254	0	0	0	6	6514	4294967295	4	1
10248	133	14	256	254	0	0	1	0	6514	4294967295	238	1
10249	133	14	256	254	0	0	1	1	6514	4294967295	119	1
10250	133	14	256	254	0	0	1	2	6514	4294967295	60	1
10251	133	14	256	254	0	0	1	3	6514	4294967295	31	1
10252	133	14	256	254	0	0	1	4	6514	4294967295	16	1
10253	133	14	256	254	0	0	1	5	6514	4294967295	8	1
10254	133	14	256	254	0	0	1	6	6514	4294967295	4	1
10255	133	14	256	254	0	0	2	0	6514	4294967295	238	1
10256	133	14	256	254	0	0	2	1	6514	4294967295	119	1
10257	133	14	256	254	0	0	2	2	6514	4294967295	60	1
10258	133	14	256	254	0	0	2	3	6514	4294967295	31	1
10259	133	14	256	254	0	0	2	4	6514	4294967295	16	1
10260	133	14	256	254	0	0	2	5	6514	4294967295	8	1
10261	133	14	256	254	0	0	2	6	6514	4294967295	4	1
10262	133	14	256	254	0	0	3	0	6514	4294967295	238	1
10263	133	14	256	254	0	0	3	1	6514	4294967295	119	1
10264	133	14	256	254	0	0	3	2	6514	4294967295	60	1
10265	133	14	256	254	0	0	3	3	6514	4294967295	31	1
10266	133	14	256	254	0	0	3	4	6514	4294967295	16	1
10267	133	14	256	254	0	0	3	5	6514	4294967295	8	1
10268	133	14	256	254	0	0	3	6	6514	4294967295	4	1
10269	133	14	256	254	0	0	4	0	6514	4294967295	238	1
10270	133	14	256	254	0	0	4	1	6514	4294967295	119	1
10271	133	14	256	254	0	0	4	2	6514	4294967295	60	1
10272	133	14	256	254	0	0	4	3	6514	4294967295	31	1
10273	133	14	256	254	0	0	4	4	6514	4294967295	16	1
10274	133	14	256	254	0	0	4	5	6514	4294967295	8	1
10275	133	14	256	254	0	0	4	6	6514	4294967295	4	1
10276	133	14	256	254	0	0	5	0	6514	4294967295	238	1
10277	133	14	256	254	0	0	5	1	6514	4294967295	119	1
10278	133	14	256	254	0	0	5	2	6514	4294967295	60	1
10279	133	14	256	254	0	0	5	3	6514	4294967295	31	1
10280	133	14	256	254	0	0	5	4	6514	4294967295	16	1
10281	133	14	256	254	0	0	5	5	6514	4294967295	8	1
10282	133	14	256	254	0	0	5	6	6514	4294967295	4	1
10283	133	14	256	254	0	0	6	0	6514	4294967295	238	1
10284	133	14	256	254	0	0	6	1	6514	4294967295	119	1
10285	133	14	256	254	0	0	6	2	6514	4294967295	60	1
10286	133	14	256	254	0	0	6	3	6514	4294967295	31	1
10287	133	14	256	254	0	0	6	4	6514	4294967295	16	1
10288	133	14	256	254	0	0	6	5	6514	4294967295	8	1
10289	133	14	256	254	0	0	6	6	6514	4294967295	4	1
10290	133	14	256	254	0	0	7	0	6514	4294967295	238	1
10291	133	14	256	254	0	0	7	1	6514	4294967295	119	1
10292	133	14	256	254	0	0	7	2	6514	4294967295	60	1
10293	133	14	256	254	0	0	7	3	6514	4294967295	31	1
10294	133	14	256	254	0	0	7	4	6514	4294967295	16	1
10295	133	14	256	254	0	0	7	5	6514	4294967295	8	1
10296	133	14	256	254	0	0	7	6	6514	4294967295	4	1
10297	133	14	256	254	0	0	8	0	6514	4294967295	238	1
10298	133	14	256	254	0	0	8	1	6514	4294967295	119	1
10299	133	14	256	254	0	0	8	2	6514	4294967295	60	1
10300	133	14	256	254	0	0	8	3	6514	4294967295	31	1
10301	133	14	256	254	0	0	8	4	6514	4294967295	16	1
10302	133	14	256	254	0	0	8	5	6514	4294967295	8	1
10303	133	14	256	254	0	0	8	6	6514	4294967295	4	1
10304	133	14	256	254	0	0	9	0	6514	4294967295	238	1
10305	133	14	256	254	0	0	9	1	6514	4294967295	119	1
10306	133	14	256	254	0	0	9	2	6514	4294967295	60	1
10307	133	14	256	254	0	0	9	3	6514	4294967295	31	1
10308	133	14	256	254	0	0	9	4	6514	4294967295	16	1
10309	133	14	256	254	0	0	9	5	6514	4294967295	8	1
10310	133	14	256	254	0	0	9	6	6514	4294967295	4	1
10311	133	14	256	254	0	0	10	0	6514	4294967295	238	1
10312	133	14	256	254	0	0	10	1	6514	4294967295	119	1
10313	133	14	256	254	0	0	10	2	6514	4294967295	60	1
10314	133	14	256	254	0	0	10	3	6514	4294967295	31	1
10315	133	14	256	254	0	0	10	4	6514	4294967295	16	1
10316	133	14	256	254	0	0	10	5	6514	4294967295	8	1
10317	133	14	256	254	0	0	10	6	6514	4294967295	4	1
10318	134	18	256	254	0	0	0	0	6426	4294967295	234	1
10319	134	18	256	254	0	0	0	1	6426	4294967295	117	1
10320	134	18	256	254	0	0	0	2	6426	4294967295	59	1
10321	134	18	256	254	0	0	0	3	6426	4294967295	30	1
10322	134	18	256	254	0	0	0	4	6426	4294967295	15	1
10323	134	18	256	254	0	0	0	5	6426	4294967295	8	1
10324	134	18	256	254	0	0	0	6	6426	4294967295	4	1
10325	134	18	256	254	0	0	1	0	6426	4294967295	234	1
10326	134	18	256	254	0	0	1	1	6426	4294967295	117	1
10327	134	18	256	254	0	0	1	2	6426	4294967295	59	1
10328	134	18	256	254	0	0	1	3	6426	4294967295	30	1
10329	134	18	256	254	0	0	1	4	6426	4294967295	15	1
10330	134	18	256	254	0	0	1	5	6426	4294967295	8	1
10331	134	18	256	254	0	0	1	6	6426	4294967295	4	1
10332	134	18	256	254	0	0	2	0	6426	4294967295	234	1
10333	134	18	256	254	0	0	2	1	6426	4294967295	117	1
10334	134	18	256	254	0	0	2	2	6426	4294967295	59	1
10335	134	18	256	254	0	0	2	3	6426	4294967295	30	1
10336	134	18	256	254	0	0	2	4	6426	4294967295	15	1
10337	134	18	256	254	0	0	2	5	6426	4294967295	8	1
10338	134	18	256	254	0	0	2	6	6426	4294967295	4	1
10339	134	18	256	254	0	0	3	0	6426	4294967295	234	1
10340	134	18	256	254	0	0	3	1	6426	4294967295	117	1
10341	134	18	256	254	0	0	3	2	6426	4294967295	59	1
10342	134	18	256	254	0	0	3	3	6426	4294967295	30	1
10343	134	18	256	254	0	0	3	4	6426	4294967295	15	1
10344	134	18	256	254	0	0	3	5	6426	4294967295	8	1
10345	134	18	256	254	0	0	3	6	6426	4294967295	4	1
10346	134	18	256	254	0	0	4	0	6426	4294967295	234	1
10347	134	18	256	254	0	0	4	1	6426	4294967295	117	1
10348	134	18	256	254	0	0	4	2	6426	4294967295	59	1
10349	134	18	256	254	0	0	4	3	6426	4294967295	30	1
10350	134	18	256	254	0	0	4	4	6426	4294967295	15	1
10351	134	18	256	254	0	0	4	5	6426	4294967295	8	1
10352	134	18	256	254	0	0	4	6	6426	4294967295	4	1
10353	134	18	256	254	0	0	5	0	6426	4294967295	234	1
10354	134	18	256	254	0	0	5	1	6426	4294967295	117	1
10355	134	18	256	254	0	0	5	2	6426	4294967295	59	1
10356	134	18	256	254	0	0	5	3	6426	4294967295	30	1
10357	134	18	256	254	0	0	5	4	6426	4294967295	15	1
10358	134	18	256	254	0	0	5	5	6426	4294967295	8	1
10359	134	18	256	254	0	0	5	6	6426	4294967295	4	1
10360	134	18	256	254	0	0	6	0	6426	4294967295	234	1
10361	134	18	256	254	0	0	6	1	6426	4294967295	117	1
10362	134	18	256	254	0	0	6	2	6426	4294967295	59	1
10363	134	18	256	254	0	0	6	3	6426	4294967295	30	1
10364	134	18	256	254	0	0	6	4	6426	4294967295	15	1
10365	134	18	256	254	0	0	6	5	6426	4294967295	8	1
10366	134	18	256	254	0	0	6	6	6426	4294967295	4	1
10367	134	18	256	254	0	0	7	0	6426	4294967295	234	1
10368	134	18	256	254	0	0	7	1	6426	4294967295	117	1
10369	134	18	256	254	0	0	7	2	6426	4294967295	59	1
10370	134	18	256	254	0	0	7	3	6426	4294967295	30	1
10371	134	18	256	254	0	0	7	4	6426	4294967295	15	1
10372	134	18	256	254	0	0	7	5	6426	4294967295	8	1
10373	134	18	256	254	0	0	7	6	6426	4294967295	4	1
10374	134	18	256	254	0	0	8	0	6426	4294967295	234	1
10375	134	18	256	254	0	0	8	1	6426	4294967295	117	1
10376	134	18	256	254	0	0	8	2	6426	4294967295	59	1
10377	134	18	256	254	0	0	8	3	6426	4294967295	30	1
10378	134	18	256	254	0	0	8	4	6426	4294967295	15	1
10379	134	18	256	254	0	0	8	5	6426	4294967295	8	1
10380	134	18	256	254	0	0	8	6	6426	4294967295	4	1
10381	134	18	256	254	0	0	9	0	6426	4294967295	234	1
10382	134	18	256	254	0	0	9	1	6426	4294967295	117	1
10383	134	18	256	254	0	0	9	2	6426	4294967295	59	1
10384	134	18	256	254	0	0	9	3	6426	4294967295	30	1
10385	134	18	256	254	0	0	9	4	6426	4294967295	15	1
10386	134	18	256	254	0	0	9	5	6426	4294967295	8	1
10387	134	18	256	254	0	0	9	6	6426	4294967295	4	1
10388	134	18	256	254	0	0	10	0	6426	4294967295	234	1
10389	134	18	256	254	0	0	10	1	6426	4294967295	117	1
10390	134	18	256	254	0	0	10	2	6426	4294967295	59	1
10391	134	18	256	254	0	0	10	3	6426	4294967295	30	1
10392	134	18	256	254	0	0	10	4	6426	4294967295	15	1
10393	134	18	256	254	0	0	10	5	6426	4294967295	8	1
10394	134	18	256	254	0	0	10	6	6426	4294967295	4	1
10395	135	21	256	254	0	0	0	0	6360	4294967295	231	1
10396	135	21	256	254	0	0	0	1	6360	4294967295	116	1
10397	135	21	256	254	0	0	0	2	6360	4294967295	58	1
10398	135	21	256	254	0	0	0	3	6360	4294967295	30	1
10399	135	21	256	254	0	0	0	4	6360	4294967295	15	1
10400	135	21	256	254	0	0	0	5	6360	4294967295	8	1
10401	135	21	256	254	0	0	0	6	6360	4294967295	4	1
10402	135	21	256	254	0	0	1	0	6360	4294967295	231	1
10403	135	21	256	254	0	0	1	1	6360	4294967295	116	1
10404	135	21	256	254	0	0	1	2	6360	4294967295	58	1
10405	135	21	256	254	0	0	1	3	6360	4294967295	30	1
10406	135	21	256	254	0	0	1	4	6360	4294967295	15	1
10407	135	21	256	254	0	0	1	5	6360	4294967295	8	1
10408	135	21	256	254	0	0	1	6	6360	4294967295	4	1
10409	135	21	256	254	0	0	2	0	6360	4294967295	231	1
10410	135	21	256	254	0	0	2	1	6360	4294967295	116	1
10411	135	21	256	254	0	0	2	2	6360	4294967295	58	1
10412	135	21	256	254	0	0	2	3	6360	4294967295	30	1
10413	135	21	256	254	0	0	2	4	6360	4294967295	15	1
10414	135	21	256	254	0	0	2	5	6360	4294967295	8	1
10415	135	21	256	254	0	0	2	6	6360	4294967295	4	1
10416	135	21	256	254	0	0	3	0	6360	4294967295	231	1
10417	135	21	256	254	0	0	3	1	6360	4294967295	116	1
10418	135	21	256	254	0	0	3	2	6360	4294967295	58	1
10419	135	21	256	254	0	0	3	3	6360	4294967295	30	1
10420	135	21	256	254	0	0	3	4	6360	4294967295	15	1
10421	135	21	256	254	0	0	3	5	6360	4294967295	8	1
10422	135	21	256	254	0	0	3	6	6360	4294967295	4	1
10423	135	21	256	254	0	0	4	0	6360	4294967295	231	1
10424	135	21	256	254	0	0	4	1	6360	4294967295	116	1
10425	135	21	256	254	0	0	4	2	6360	4294967295	58	1
10426	135	21	256	254	0	0	4	3	6360	4294967295	30	1
10427	135	21	256	254	0	0	4	4	6360	4294967295	15	1
10428	135	21	256	254	0	0	4	5	6360	4294967295	8	1
10429	135	21	256	254	0	0	4	6	6360	4294967295	4	1
10430	135	21	256	254	0	0	5	0	6360	4294967295	231	1
10431	135	21	256	254	0	0	5	1	6360	4294967295	116	1
10432	135	21	256	254	0	0	5	2	6360	4294967295	58	1
10433	135	21	256	254	0	0	5	3	6360	4294967295	30	1
10434	135	21	256	254	0	0	5	4	6360	4294967295	15	1
10435	135	21	256	254	0	0	5	5	6360	4294967295	8	1
10436	135	21	256	254	0	0	5	6	6360	4294967295	4	1
10437	135	21	256	254	0	0	6	0	6360	4294967295	231	1
10438	135	21	256	254	0	0	6	1	6360	4294967295	116	1
10439	135	21	256	254	0	0	6	2	6360	4294967295	58	1
10440	135	21	256	254	0	0	6	3	6360	4294967295	30	1
10441	135	21	256	254	0	0	6	4	6360	4294967295	15	1
10442	135	21	256	254	0	0	6	5	6360	4294967295	8	1
10443	135	21	256	254	0	0	6	6	6360	4294967295	4	1
10444	135	21	256	254	0	0	7	0	6360	4294967295	231	1
10445	135	21	256	254	0	0	7	1	6360	4294967295	116	1
10446	135	21	256	254	0	0	7	2	6360	4294967295	58	1
10447	135	21	256	254	0	0	7	3	6360	4294967295	30	1
10448	135	21	256	254	0	0	7	4	6360	4294967295	15	1
10449	135	21	256	254	0	0	7	5	6360	4294967295	8	1
10450	135	21	256	254	0	0	7	6	6360	4294967295	4	1
10451	135	21	256	254	0	0	8	0	6360	4294967295	231	1
10452	135	21	256	254	0	0	8	1	6360	4294967295	116	1
10453	135	21	256	254	0	0	8	2	6360	4294967295	58	1
10454	135	21	256	254	0	0	8	3	6360	4294967295	30	1
10455	135	21	256	254	0	0	8	4	6360	4294967295	15	1
10456	135	21	256	254	0	0	8	5	6360	4294967295	8	1
10457	135	21	256	254	0	0	8	6	6360	4294967295	4	1
10458	135	21	256	254	0	0	9	0	6360	4294967295	231	1
10459	135	21	256	254	0	0	9	1	6360	4294967295	116	1
10460	135	21	256	254	0	0	9	2	6360	4294967295	58	1
10461	135	21	256	254	0	0	9	3	6360	4294967295	30	1
10462	135	21	256	254	0	0	9	4	6360	4294967295	15	1
10463	135	21	256	254	0	0	9	5	6360	4294967295	8	1
10464	135	21	256	254	0	0	9	6	6360	4294967295	4	1
10465	135	21	256	254	0	0	10	0	6360	4294967295	231	1
10466	135	21	256	254	0	0	10	1	6360	4294967295	116	1
10467	135	21	256	254	0	0	10	2	6360	4294967295	58	1
10468	135	21	256	254	0	0	10	3	6360	4294967295	30	1
10469	135	21	256	254	0	0	10	4	6360	4294967295	15	1
10470	135	21	256	254	0	0	10	5	6360	4294967295	8	1
10471	135	21	256	254	0	0	10	6	6360	4294967295	4	1
10472	136	25	256	254	0	0	0	0	6272	4294967295	227	1
10473	136	25	256	254	0	0	0	1	6272	4294967295	114	1
10474	136	25	256	254	0	0	0	2	6272	4294967295	57	1
10475	136	25	256	254	0	0	0	3	6272	4294967295	29	1
10476	136	25	256	254	0	0	0	4	6272	4294967295	15	1
10477	136	25	256	254	0	0	0	5	6272	4294967295	8	1
10478	136	25	256	254	0	0	0	6	6272	4294967295	4	1
10479	136	25	256	254	0	0	1	0	6272	4294967295	227	1
10480	136	25	256	254	0	0	1	1	6272	4294967295	114	1
10481	136	25	256	254	0	0	1	2	6272	4294967295	57	1
10482	136	25	256	254	0	0	1	3	6272	4294967295	29	1
10483	136	25	256	254	0	0	1	4	6272	4294967295	15	1
10484	136	25	256	254	0	0	1	5	6272	4294967295	8	1
10485	136	25	256	254	0	0	1	6	6272	4294967295	4	1
10486	136	25	256	254	0	0	2	0	6272	4294967295	227	1
10487	136	25	256	254	0	0	2	1	6272	4294967295	114	1
10488	136	25	256	254	0	0	2	2	6272	4294967295	57	1
10489	136	25	256	254	0	0	2	3	6272	4294967295	29	1
10490	136	25	256	254	0	0	2	4	6272	4294967295	15	1
10491	136	25	256	254	0	0	2	5	6272	4294967295	8	1
10492	136	25	256	254	0	0	2	6	6272	4294967295	4	1
10493	136	25	256	254	0	0	3	0	6272	4294967295	227	1
10494	136	25	256	254	0	0	3	1	6272	4294967295	114	1
10495	136	25	256	254	0	0	3	2	6272	4294967295	57	1
10496	136	25	256	254	0	0	3	3	6272	4294967295	29	1
10497	136	25	256	254	0	0	3	4	6272	4294967295	15	1
10498	136	25	256	254	0	0	3	5	6272	4294967295	8	1
10499	136	25	256	254	0	0	3	6	6272	4294967295	4	1
10500	136	25	256	254	0	0	4	0	6272	4294967295	227	1
10501	136	25	256	254	0	0	4	1	6272	4294967295	114	1
10502	136	25	256	254	0	0	4	2	6272	4294967295	57	1
10503	136	25	256	254	0	0	4	3	6272	4294967295	29	1
10504	136	25	256	254	0	0	4	4	6272	4294967295	15	1
10505	136	25	256	254	0	0	4	5	6272	4294967295	8	1
10506	136	25	256	254	0	0	4	6	6272	4294967295	4	1
10507	136	25	256	254	0	0	5	0	6272	4294967295	227	1
10508	136	25	256	254	0	0	5	1	6272	4294967295	114	1
10509	136	25	256	254	0	0	5	2	6272	4294967295	57	1
10510	136	25	256	254	0	0	5	3	6272	4294967295	29	1
10511	136	25	256	254	0	0	5	4	6272	4294967295	15	1
10512	136	25	256	254	0	0	5	5	6272	4294967295	8	1
10513	136	25	256	254	0	0	5	6	6272	4294967295	4	1
10514	136	25	256	254	0	0	6	0	6272	4294967295	227	1
10515	136	25	256	254	0	0	6	1	6272	4294967295	114	1
10516	136	25	256	254	0	0	6	2	6272	4294967295	57	1
10517	136	25	256	254	0	0	6	3	6272	4294967295	29	1
10518	136	25	256	254	0	0	6	4	6272	4294967295	15	1
10519	136	25	256	254	0	0	6	5	6272	4294967295	8	1
10520	136	25	256	254	0	0	6	6	6272	4294967295	4	1
10521	136	25	256	254	0	0	7	0	6272	4294967295	227	1
10522	136	25	256	254	0	0	7	1	6272	4294967295	114	1
10523	136	25	256	254	0	0	7	2	6272	4294967295	57	1
10524	136	25	256	254	0	0	7	3	6272	4294967295	29	1
10525	136	25	256	254	0	0	7	4	6272	4294967295	15	1
10526	136	25	256	254	0	0	7	5	6272	4294967295	8	1
10527	136	25	256	254	0	0	7	6	6272	4294967295	4	1
10528	136	25	256	254	0	0	8	0	6272	4294967295	227	1
10529	136	25	256	254	0	0	8	1	6272	4294967295	114	1
10530	136	25	256	254	0	0	8	2	6272	4294967295	57	1
10531	136	25	256	254	0	0	8	3	6272	4294967295	29	1
10532	136	25	256	254	0	0	8	4	6272	4294967295	15	1
10533	136	25	256	254	0	0	8	5	6272	4294967295	8	1
10534	136	25	256	254	0	0	8	6	6272	4294967295	4	1
10535	136	25	256	254	0	0	9	0	6272	4294967295	227	1
10536	136	25	256	254	0	0	9	1	6272	4294967295	114	1
10537	136	25	256	254	0	0	9	2	6272	4294967295	57	1
10538	136	25	256	254	0	0	9	3	6272	4294967295	29	1
10539	136	25	256	254	0	0	9	4	6272	4294967295	15	1
10540	136	25	256	254	0	0	9	5	6272	4294967295	8	1
10541	136	25	256	254	0	0	9	6	6272	4294967295	4	1
10542	136	25	256	254	0	0	10	0	6272	4294967295	227	1
10543	136	25	256	254	0	0	10	1	6272	4294967295	114	1
10544	136	25	256	254	0	0	10	2	6272	4294967295	57	1
10545	136	25	256	254	0	0	10	3	6272	4294967295	29	1
10546	136	25	256	254	0	0	10	4	6272	4294967295	15	1
10547	136	25	256	254	0	0	10	5	6272	4294967295	8	1
10548	136	25	256	254	0	0	10	6	6272	4294967295	4	1
10549	137	28	256	254	0	0	0	0	6206	4294967295	224	1
10550	137	28	256	254	0	0	0	1	6206	4294967295	112	1
10551	137	28	256	254	0	0	0	2	6206	4294967295	56	1
10552	137	28	256	254	0	0	0	3	6206	4294967295	29	1
10553	137	28	256	254	0	0	0	4	6206	4294967295	15	1
10554	137	28	256	254	0	0	0	5	6206	4294967295	8	1
10555	137	28	256	254	0	0	0	6	6206	4294967295	4	1
10556	137	28	256	254	0	0	1	0	6206	4294967295	224	1
10557	137	28	256	254	0	0	1	1	6206	4294967295	112	1
10558	137	28	256	254	0	0	1	2	6206	4294967295	56	1
10559	137	28	256	254	0	0	1	3	6206	4294967295	29	1
10560	137	28	256	254	0	0	1	4	6206	4294967295	15	1
10561	137	28	256	254	0	0	1	5	6206	4294967295	8	1
10562	137	28	256	254	0	0	1	6	6206	4294967295	4	1
10563	137	28	256	254	0	0	2	0	6206	4294967295	224	1
10564	137	28	256	254	0	0	2	1	6206	4294967295	112	1
10565	137	28	256	254	0	0	2	2	6206	4294967295	56	1
10566	137	28	256	254	0	0	2	3	6206	4294967295	29	1
10567	137	28	256	254	0	0	2	4	6206	4294967295	15	1
10568	137	28	256	254	0	0	2	5	6206	4294967295	8	1
10569	137	28	256	254	0	0	2	6	6206	4294967295	4	1
10570	137	28	256	254	0	0	3	0	6206	4294967295	224	1
10571	137	28	256	254	0	0	3	1	6206	4294967295	112	1
10572	137	28	256	254	0	0	3	2	6206	4294967295	56	1
10573	137	28	256	254	0	0	3	3	6206	4294967295	29	1
10574	137	28	256	254	0	0	3	4	6206	4294967295	15	1
10575	137	28	256	254	0	0	3	5	6206	4294967295	8	1
10576	137	28	256	254	0	0	3	6	6206	4294967295	4	1
10577	137	28	256	254	0	0	4	0	6206	4294967295	224	1
10578	137	28	256	254	0	0	4	1	6206	4294967295	112	1
10579	137	28	256	254	0	0	4	2	6206	4294967295	56	1
10580	137	28	256	254	0	0	4	3	6206	4294967295	29	1
10581	137	28	256	254	0	0	4	4	6206	4294967295	15	1
10582	137	28	256	254	0	0	4	5	6206	4294967295	8	1
10583	137	28	256	254	0	0	4	6	6206	4294967295	4	1
10584	137	28	256	254	0	0	5	0	6206	4294967295	224	1
10585	137	28	256	254	0	0	5	1	6206	4294967295	112	1
10586	137	28	256	254	0	0	5	2	6206	4294967295	56	1
10587	137	28	256	254	0	0	5	3	6206	4294967295	29	1
10588	137	28	256	254	0	0	5	4	6206	4294967295	15	1
10589	137	28	256	254	0	0	5	5	6206	4294967295	8	1
10590	137	28	256	254	0	0	5	6	6206	4294967295	4	1
10591	137	28	256	254	0	0	6	0	6206	4294967295	224	1
10592	137	28	256	254	0	0	6	1	6206	4294967295	112	1
10593	137	28	256	254	0	0	6	2	6206	4294967295	56	1
10594	137	28	256	254	0	0	6	3	6206	4294967295	29	1
10595	137	28	256	254	0	0	6	4	6206	4294967295	15	1
10596	137	28	256	254	0	0	6	5	6206	4294967295	8	1
10597	137	28	256	254	0	0	6	6	6206	4294967295	4	1
10598	137	28	256	254	0	0	7	0	6206	4294967295	224	1
10599	137	28	256	254	0	0	7	1	6206	4294967295	112	1
10600	137	28	256	254	0	0	7	2	6206	4294967295	56	1
10601	137	28	256	254	0	0	7	3	6206	4294967295	29	1
10602	137	28	256	254	0	0	7	4	6206	4294967295	15	1
10603	137	28	256	254	0	0	7	5	6206	4294967295	8	1
10604	137	28	256	254	0	0	7	6	6206	4294967295	4	1
10605	137	28	256	254	0	0	8	0	6206	4294967295	224	1
10606	137	28	256	254	0	0	8	1	6206	4294967295	112	1
10607	137	28	256	254	0	0	8	2	6206	4294967295	56	1
10608	137	28	256	254	0	0	8	3	6206	4294967295	29	1
10609	137	28	256	254	0	0	8	4	6206	4294967295	15	1
10610	137	28	256	254	0	0	8	5	6206	4294967295	8	1
10611	137	28	256	254	0	0	8	6	6206	4294967295	4	1
10612	137	28	256	254	0	0	9	0	6206	4294967295	224	1
10613	137	28	256	254	0	0	9	1	6206	4294967295	112	1
10614	137	28	256	254	0	0	9	2	6206	4294967295	56	1
10615	137	28	256	254	0	0	9	3	6206	4294967295	29	1
10616	137	28	256	254	0	0	9	4	6206	4294967295	15	1
10617	137	28	256	254	0	0	9	5	6206	4294967295	8	1
10618	137	28	256	254	0	0	9	6	6206	4294967295	4	1
10619	137	28	256	254	0	0	10	0	6206	4294967295	224	1
10620	137	28	256	254	0	0	10	1	6206	4294967295	112	1
10621	137	28	256	254	0	0	10	2	6206	4294967295	56	1
10622	137	28	256	254	0	0	10	3	6206	4294967295	29	1
10623	137	28	256	254	0	0	10	4	6206	4294967295	15	1
10624	137	28	256	254	0	0	10	5	6206	4294967295	8	1
10625	137	28	256	254	0	0	10	6	6206	4294967295	4	1
10626	138	31	256	254	0	0	0	0	6140	4294967295	221	1
10627	138	31	256	254	0	0	0	1	6140	4294967295	111	1
10628	138	31	256	254	0	0	0	2	6140	4294967295	56	1
10629	138	31	256	254	0	0	0	3	6140	4294967295	29	1
10630	138	31	256	254	0	0	0	4	6140	4294967295	15	1
10631	138	31	256	254	0	0	0	5	6140	4294967295	8	1
10632	138	31	256	254	0	0	0	6	6140	4294967295	4	1
10633	138	31	256	254	0	0	1	0	6140	4294967295	221	1
10634	138	31	256	254	0	0	1	1	6140	4294967295	111	1
10635	138	31	256	254	0	0	1	2	6140	4294967295	56	1
10636	138	31	256	254	0	0	1	3	6140	4294967295	29	1
10637	138	31	256	254	0	0	1	4	6140	4294967295	15	1
10638	138	31	256	254	0	0	1	5	6140	4294967295	8	1
10639	138	31	256	254	0	0	1	6	6140	4294967295	4	1
10640	138	31	256	254	0	0	2	0	6140	4294967295	221	1
10641	138	31	256	254	0	0	2	1	6140	4294967295	111	1
10642	138	31	256	254	0	0	2	2	6140	4294967295	56	1
10643	138	31	256	254	0	0	2	3	6140	4294967295	29	1
10644	138	31	256	254	0	0	2	4	6140	4294967295	15	1
10645	138	31	256	254	0	0	2	5	6140	4294967295	8	1
10646	138	31	256	254	0	0	2	6	6140	4294967295	4	1
10647	138	31	256	254	0	0	3	0	6140	4294967295	221	1
10648	138	31	256	254	0	0	3	1	6140	4294967295	111	1
10649	138	31	256	254	0	0	3	2	6140	4294967295	56	1
10650	138	31	256	254	0	0	3	3	6140	4294967295	29	1
10651	138	31	256	254	0	0	3	4	6140	4294967295	15	1
10652	138	31	256	254	0	0	3	5	6140	4294967295	8	1
10653	138	31	256	254	0	0	3	6	6140	4294967295	4	1
10654	138	31	256	254	0	0	4	0	6140	4294967295	221	1
10655	138	31	256	254	0	0	4	1	6140	4294967295	111	1
10656	138	31	256	254	0	0	4	2	6140	4294967295	56	1
10657	138	31	256	254	0	0	4	3	6140	4294967295	29	1
10658	138	31	256	254	0	0	4	4	6140	4294967295	15	1
10659	138	31	256	254	0	0	4	5	6140	4294967295	8	1
10660	138	31	256	254	0	0	4	6	6140	4294967295	4	1
10661	138	31	256	254	0	0	5	0	6140	4294967295	221	1
10662	138	31	256	254	0	0	5	1	6140	4294967295	111	1
10663	138	31	256	254	0	0	5	2	6140	4294967295	56	1
10664	138	31	256	254	0	0	5	3	6140	4294967295	29	1
10665	138	31	256	254	0	0	5	4	6140	4294967295	15	1
10666	138	31	256	254	0	0	5	5	6140	4294967295	8	1
10667	138	31	256	254	0	0	5	6	6140	4294967295	4	1
10668	138	31	256	254	0	0	6	0	6140	4294967295	221	1
10669	138	31	256	254	0	0	6	1	6140	4294967295	111	1
10670	138	31	256	254	0	0	6	2	6140	4294967295	56	1
10671	138	31	256	254	0	0	6	3	6140	4294967295	29	1
10672	138	31	256	254	0	0	6	4	6140	4294967295	15	1
10673	138	31	256	254	0	0	6	5	6140	4294967295	8	1
10674	138	31	256	254	0	0	6	6	6140	4294967295	4	1
10675	138	31	256	254	0	0	7	0	6140	4294967295	221	1
10676	138	31	256	254	0	0	7	1	6140	4294967295	111	1
10677	138	31	256	254	0	0	7	2	6140	4294967295	56	1
10678	138	31	256	254	0	0	7	3	6140	4294967295	29	1
10679	138	31	256	254	0	0	7	4	6140	4294967295	15	1
10680	138	31	256	254	0	0	7	5	6140	4294967295	8	1
10681	138	31	256	254	0	0	7	6	6140	4294967295	4	1
10682	138	31	256	254	0	0	8	0	6140	4294967295	221	1
10683	138	31	256	254	0	0	8	1	6140	4294967295	111	1
10684	138	31	256	254	0	0	8	2	6140	4294967295	56	1
10685	138	31	256	254	0	0	8	3	6140	4294967295	29	1
10686	138	31	256	254	0	0	8	4	6140	4294967295	15	1
10687	138	31	256	254	0	0	8	5	6140	4294967295	8	1
10688	138	31	256	254	0	0	8	6	6140	4294967295	4	1
10689	138	31	256	254	0	0	9	0	6140	4294967295	221	1
10690	138	31	256	254	0	0	9	1	6140	4294967295	111	1
10691	138	31	256	254	0	0	9	2	6140	4294967295	56	1
10692	138	31	256	254	0	0	9	3	6140	4294967295	29	1
10693	138	31	256	254	0	0	9	4	6140	4294967295	15	1
10694	138	31	256	254	0	0	9	5	6140	4294967295	8	1
10695	138	31	256	254	0	0	9	6	6140	4294967295	4	1
10696	138	31	256	254	0	0	10	0	6140	4294967295	221	1
10697	138	31	256	254	0	0	10	1	6140	4294967295	111	1
10698	138	31	256	254	0	0	10	2	6140	4294967295	56	1
10699	138	31	256	254	0	0	10	3	6140	4294967295	29	1
10700	138	31	256	254	0	0	10	4	6140	4294967295	15	1
10701	138	31	256	254	0	0	10	5	6140	4294967295	8	1
10702	138	31	256	254	0	0	10	6	6140	4294967295	4	1
10703	139	35	256	254	0	0	0	0	5936	4294967295	217	1
10704	139	35	256	254	0	0	0	1	5936	4294967295	109	1
10705	139	35	256	254	0	0	0	2	5936	4294967295	55	1
10706	139	35	256	254	0	0	0	3	5936	4294967295	28	1
10707	139	35	256	254	0	0	0	4	5936	4294967295	14	1
10708	139	35	256	254	0	0	0	5	5936	4294967295	7	1
10709	139	35	256	254	0	0	0	6	5936	4294967295	4	1
10710	139	35	256	254	0	0	1	0	5936	4294967295	217	1
10711	139	35	256	254	0	0	1	1	5936	4294967295	109	1
10712	139	35	256	254	0	0	1	2	5936	4294967295	55	1
10713	139	35	256	254	0	0	1	3	5936	4294967295	28	1
10714	139	35	256	254	0	0	1	4	5936	4294967295	14	1
10715	139	35	256	254	0	0	1	5	5936	4294967295	7	1
10716	139	35	256	254	0	0	1	6	5936	4294967295	4	1
10717	139	35	256	254	0	0	2	0	5936	4294967295	217	1
10718	139	35	256	254	0	0	2	1	5936	4294967295	109	1
10719	139	35	256	254	0	0	2	2	5936	4294967295	55	1
10720	139	35	256	254	0	0	2	3	5936	4294967295	28	1
10721	139	35	256	254	0	0	2	4	5936	4294967295	14	1
10722	139	35	256	254	0	0	2	5	5936	4294967295	7	1
10723	139	35	256	254	0	0	2	6	5936	4294967295	4	1
10724	139	35	256	254	0	0	3	0	5936	4294967295	217	1
10725	139	35	256	254	0	0	3	1	5936	4294967295	109	1
10726	139	35	256	254	0	0	3	2	5936	4294967295	55	1
10727	139	35	256	254	0	0	3	3	5936	4294967295	28	1
10728	139	35	256	254	0	0	3	4	5936	4294967295	14	1
10729	139	35	256	254	0	0	3	5	5936	4294967295	7	1
10730	139	35	256	254	0	0	3	6	5936	4294967295	4	1
10731	139	35	256	254	0	0	4	0	5936	4294967295	217	1
10732	139	35	256	254	0	0	4	1	5936	4294967295	109	1
10733	139	35	256	254	0	0	4	2	5936	4294967295	55	1
10734	139	35	256	254	0	0	4	3	5936	4294967295	28	1
10735	139	35	256	254	0	0	4	4	5936	4294967295	14	1
10736	139	35	256	254	0	0	4	5	5936	4294967295	7	1
10737	139	35	256	254	0	0	4	6	5936	4294967295	4	1
10738	139	35	256	254	0	0	5	0	5936	4294967295	217	1
10739	139	35	256	254	0	0	5	1	5936	4294967295	109	1
10740	139	35	256	254	0	0	5	2	5936	4294967295	55	1
10741	139	35	256	254	0	0	5	3	5936	4294967295	28	1
10742	139	35	256	254	0	0	5	4	5936	4294967295	14	1
10743	139	35	256	254	0	0	5	5	5936	4294967295	7	1
10744	139	35	256	254	0	0	5	6	5936	4294967295	4	1
10745	139	35	256	254	0	0	6	0	5936	4294967295	217	1
10746	139	35	256	254	0	0	6	1	5936	4294967295	109	1
10747	139	35	256	254	0	0	6	2	5936	4294967295	55	1
10748	139	35	256	254	0	0	6	3	5936	4294967295	28	1
10749	139	35	256	254	0	0	6	4	5936	4294967295	14	1
10750	139	35	256	254	0	0	6	5	5936	4294967295	7	1
10751	139	35	256	254	0	0	6	6	5936	4294967295	4	1
10752	139	35	256	254	0	0	7	0	5936	4294967295	217	1
10753	139	35	256	254	0	0	7	1	5936	4294967295	109	1
10754	139	35	256	254	0	0	7	2	5936	4294967295	55	1
10755	139	35	256	254	0	0	7	3	5936	4294967295	28	1
10756	139	35	256	254	0	0	7	4	5936	4294967295	14	1
10757	139	35	256	254	0	0	7	5	5936	4294967295	7	1
10758	139	35	256	254	0	0	7	6	5936	4294967295	4	1
10759	139	35	256	254	0	0	8	0	5936	4294967295	217	1
10760	139	35	256	254	0	0	8	1	5936	4294967295	109	1
10761	139	35	256	254	0	0	8	2	5936	4294967295	55	1
10762	139	35	256	254	0	0	8	3	5936	4294967295	28	1
10763	139	35	256	254	0	0	8	4	5936	4294967295	14	1
10764	139	35	256	254	0	0	8	5	5936	4294967295	7	1
10765	139	35	256	254	0	0	8	6	5936	4294967295	4	1
10766	139	35	256	254	0	0	9	0	5936	4294967295	217	1
10767	139	35	256	254	0	0	9	1	5936	4294967295	109	1
10768	139	35	256	254	0	0	9	2	5936	4294967295	55	1
10769	139	35	256	254	0	0	9	3	5936	4294967295	28	1
10770	139	35	256	254	0	0	9	4	5936	4294967295	14	1
10771	139	35	256	254	0	0	9	5	5936	4294967295	7	1
10772	139	35	256	254	0	0	9	6	5936	4294967295	4	1
10773	139	35	256	254	0	0	10	0	5936	4294967295	217	1
10774	139	35	256	254	0	0	10	1	5936	4294967295	109	1
10775	139	35	256	254	0	0	10	2	5936	4294967295	55	1
10776	139	35	256	254	0	0	10	3	5936	4294967295	28	1
10777	139	35	256	254	0	0	10	4	5936	4294967295	14	1
10778	139	35	256	254	0	0	10	5	5936	4294967295	7	1
10779	139	35	256	254	0	0	10	6	5936	4294967295	4	1
10780	140	38	256	254	0	0	0	0	5882	4294967295	214	1
10781	140	38	256	254	0	0	0	1	5882	4294967295	107	1
10782	140	38	256	254	0	0	0	2	5882	4294967295	54	1
10783	140	38	256	254	0	0	0	3	5882	4294967295	28	1
10784	140	38	256	254	0	0	0	4	5882	4294967295	14	1
10785	140	38	256	254	0	0	0	5	5882	4294967295	7	1
10786	140	38	256	254	0	0	0	6	5882	4294967295	4	1
10787	140	38	256	254	0	0	1	0	5882	4294967295	214	1
10788	140	38	256	254	0	0	1	1	5882	4294967295	107	1
10789	140	38	256	254	0	0	1	2	5882	4294967295	54	1
10790	140	38	256	254	0	0	1	3	5882	4294967295	28	1
10791	140	38	256	254	0	0	1	4	5882	4294967295	14	1
10792	140	38	256	254	0	0	1	5	5882	4294967295	7	1
10793	140	38	256	254	0	0	1	6	5882	4294967295	4	1
10794	140	38	256	254	0	0	2	0	5882	4294967295	214	1
10795	140	38	256	254	0	0	2	1	5882	4294967295	107	1
10796	140	38	256	254	0	0	2	2	5882	4294967295	54	1
10797	140	38	256	254	0	0	2	3	5882	4294967295	28	1
10798	140	38	256	254	0	0	2	4	5882	4294967295	14	1
10799	140	38	256	254	0	0	2	5	5882	4294967295	7	1
10800	140	38	256	254	0	0	2	6	5882	4294967295	4	1
10801	140	38	256	254	0	0	3	0	5882	4294967295	214	1
10802	140	38	256	254	0	0	3	1	5882	4294967295	107	1
10803	140	38	256	254	0	0	3	2	5882	4294967295	54	1
10804	140	38	256	254	0	0	3	3	5882	4294967295	28	1
10805	140	38	256	254	0	0	3	4	5882	4294967295	14	1
10806	140	38	256	254	0	0	3	5	5882	4294967295	7	1
10807	140	38	256	254	0	0	3	6	5882	4294967295	4	1
10808	140	38	256	254	0	0	4	0	5882	4294967295	214	1
10809	140	38	256	254	0	0	4	1	5882	4294967295	107	1
10810	140	38	256	254	0	0	4	2	5882	4294967295	54	1
10811	140	38	256	254	0	0	4	3	5882	4294967295	28	1
10812	140	38	256	254	0	0	4	4	5882	4294967295	14	1
10813	140	38	256	254	0	0	4	5	5882	4294967295	7	1
10814	140	38	256	254	0	0	4	6	5882	4294967295	4	1
10815	140	38	256	254	0	0	5	0	5882	4294967295	214	1
10816	140	38	256	254	0	0	5	1	5882	4294967295	107	1
10817	140	38	256	254	0	0	5	2	5882	4294967295	54	1
10818	140	38	256	254	0	0	5	3	5882	4294967295	28	1
10819	140	38	256	254	0	0	5	4	5882	4294967295	14	1
10820	140	38	256	254	0	0	5	5	5882	4294967295	7	1
10821	140	38	256	254	0	0	5	6	5882	4294967295	4	1
10822	140	38	256	254	0	0	6	0	5882	4294967295	214	1
10823	140	38	256	254	0	0	6	1	5882	4294967295	107	1
10824	140	38	256	254	0	0	6	2	5882	4294967295	54	1
10825	140	38	256	254	0	0	6	3	5882	4294967295	28	1
10826	140	38	256	254	0	0	6	4	5882	4294967295	14	1
10827	140	38	256	254	0	0	6	5	5882	4294967295	7	1
10828	140	38	256	254	0	0	6	6	5882	4294967295	4	1
10829	140	38	256	254	0	0	7	0	5882	4294967295	214	1
10830	140	38	256	254	0	0	7	1	5882	4294967295	107	1
10831	140	38	256	254	0	0	7	2	5882	4294967295	54	1
10832	140	38	256	254	0	0	7	3	5882	4294967295	28	1
10833	140	38	256	254	0	0	7	4	5882	4294967295	14	1
10834	140	38	256	254	0	0	7	5	5882	4294967295	7	1
10835	140	38	256	254	0	0	7	6	5882	4294967295	4	1
10836	140	38	256	254	0	0	8	0	5882	4294967295	214	1
10837	140	38	256	254	0	0	8	1	5882	4294967295	107	1
10838	140	38	256	254	0	0	8	2	5882	4294967295	54	1
10839	140	38	256	254	0	0	8	3	5882	4294967295	28	1
10840	140	38	256	254	0	0	8	4	5882	4294967295	14	1
10841	140	38	256	254	0	0	8	5	5882	4294967295	7	1
10842	140	38	256	254	0	0	8	6	5882	4294967295	4	1
10843	140	38	256	254	0	0	9	0	5882	4294967295	214	1
10844	140	38	256	254	0	0	9	1	5882	4294967295	107	1
10845	140	38	256	254	0	0	9	2	5882	4294967295	54	1
10846	140	38	256	254	0	0	9	3	5882	4294967295	28	1
10847	140	38	256	254	0	0	9	4	5882	4294967295	14	1
10848	140	38	256	254	0	0	9	5	5882	4294967295	7	1
10849	140	38	256	254	0	0	9	6	5882	4294967295	4	1
10850	140	38	256	254	0	0	10	0	5882	4294967295	214	1
10851	140	38	256	254	0	0	10	1	5882	4294967295	107	1
10852	140	38	256	254	0	0	10	2	5882	4294967295	54	1
10853	140	38	256	254	0	0	10	3	5882	4294967295	28	1
10854	140	38	256	254	0	0	10	4	5882	4294967295	14	1
10855	140	38	256	254	0	0	10	5	5882	4294967295	7	1
10856	140	38	256	254	0	0	10	6	5882	4294967295	4	1
10857	141	42	256	254	0	0	0	0	5810	4294967295	210	1
10858	141	42	256	254	0	0	0	1	5810	4294967295	105	1
10859	141	42	256	254	0	0	0	2	5810	4294967295	53	1
10860	141	42	256	254	0	0	0	3	5810	4294967295	27	1
10861	141	42	256	254	0	0	0	4	5810	4294967295	14	1
10862	141	42	256	254	0	0	0	5	5810	4294967295	7	1
10863	141	42	256	254	0	0	0	6	5810	4294967295	4	1
10864	141	42	256	254	0	0	1	0	5810	4294967295	210	1
10865	141	42	256	254	0	0	1	1	5810	4294967295	105	1
10866	141	42	256	254	0	0	1	2	5810	4294967295	53	1
10867	141	42	256	254	0	0	1	3	5810	4294967295	27	1
10868	141	42	256	254	0	0	1	4	5810	4294967295	14	1
10869	141	42	256	254	0	0	1	5	5810	4294967295	7	1
10870	141	42	256	254	0	0	1	6	5810	4294967295	4	1
10871	141	42	256	254	0	0	2	0	5810	4294967295	210	1
10872	141	42	256	254	0	0	2	1	5810	4294967295	105	1
10873	141	42	256	254	0	0	2	2	5810	4294967295	53	1
10874	141	42	256	254	0	0	2	3	5810	4294967295	27	1
10875	141	42	256	254	0	0	2	4	5810	4294967295	14	1
10876	141	42	256	254	0	0	2	5	5810	4294967295	7	1
10877	141	42	256	254	0	0	2	6	5810	4294967295	4	1
10878	141	42	256	254	0	0	3	0	5810	4294967295	210	1
10879	141	42	256	254	0	0	3	1	5810	4294967295	105	1
10880	141	42	256	254	0	0	3	2	5810	4294967295	53	1
10881	141	42	256	254	0	0	3	3	5810	4294967295	27	1
10882	141	42	256	254	0	0	3	4	5810	4294967295	14	1
10883	141	42	256	254	0	0	3	5	5810	4294967295	7	1
10884	141	42	256	254	0	0	3	6	5810	4294967295	4	1
10885	141	42	256	254	0	0	4	0	5810	4294967295	210	1
10886	141	42	256	254	0	0	4	1	5810	4294967295	105	1
10887	141	42	256	254	0	0	4	2	5810	4294967295	53	1
10888	141	42	256	254	0	0	4	3	5810	4294967295	27	1
10889	141	42	256	254	0	0	4	4	5810	4294967295	14	1
10890	141	42	256	254	0	0	4	5	5810	4294967295	7	1
10891	141	42	256	254	0	0	4	6	5810	4294967295	4	1
10892	141	42	256	254	0	0	5	0	5810	4294967295	210	1
10893	141	42	256	254	0	0	5	1	5810	4294967295	105	1
10894	141	42	256	254	0	0	5	2	5810	4294967295	53	1
10895	141	42	256	254	0	0	5	3	5810	4294967295	27	1
10896	141	42	256	254	0	0	5	4	5810	4294967295	14	1
10897	141	42	256	254	0	0	5	5	5810	4294967295	7	1
10898	141	42	256	254	0	0	5	6	5810	4294967295	4	1
10899	141	42	256	254	0	0	6	0	5810	4294967295	210	1
10900	141	42	256	254	0	0	6	1	5810	4294967295	105	1
10901	141	42	256	254	0	0	6	2	5810	4294967295	53	1
10902	141	42	256	254	0	0	6	3	5810	4294967295	27	1
10903	141	42	256	254	0	0	6	4	5810	4294967295	14	1
10904	141	42	256	254	0	0	6	5	5810	4294967295	7	1
10905	141	42	256	254	0	0	6	6	5810	4294967295	4	1
10906	141	42	256	254	0	0	7	0	5810	4294967295	210	1
10907	141	42	256	254	0	0	7	1	5810	4294967295	105	1
10908	141	42	256	254	0	0	7	2	5810	4294967295	53	1
10909	141	42	256	254	0	0	7	3	5810	4294967295	27	1
10910	141	42	256	254	0	0	7	4	5810	4294967295	14	1
10911	141	42	256	254	0	0	7	5	5810	4294967295	7	1
10912	141	42	256	254	0	0	7	6	5810	4294967295	4	1
10913	141	42	256	254	0	0	8	0	5810	4294967295	210	1
10914	141	42	256	254	0	0	8	1	5810	4294967295	105	1
10915	141	42	256	254	0	0	8	2	5810	4294967295	53	1
10916	141	42	256	254	0	0	8	3	5810	4294967295	27	1
10917	141	42	256	254	0	0	8	4	5810	4294967295	14	1
10918	141	42	256	254	0	0	8	5	5810	4294967295	7	1
10919	141	42	256	254	0	0	8	6	5810	4294967295	4	1
10920	141	42	256	254	0	0	9	0	5810	4294967295	210	1
10921	141	42	256	254	0	0	9	1	5810	4294967295	105	1
10922	141	42	256	254	0	0	9	2	5810	4294967295	53	1
10923	141	42	256	254	0	0	9	3	5810	4294967295	27	1
10924	141	42	256	254	0	0	9	4	5810	4294967295	14	1
10925	141	42	256	254	0	0	9	5	5810	4294967295	7	1
10926	141	42	256	254	0	0	9	6	5810	4294967295	4	1
10927	141	42	256	254	0	0	10	0	5810	4294967295	210	1
10928	141	42	256	254	0	0	10	1	5810	4294967295	105	1
10929	141	42	256	254	0	0	10	2	5810	4294967295	53	1
10930	141	42	256	254	0	0	10	3	5810	4294967295	27	1
10931	141	42	256	254	0	0	10	4	5810	4294967295	14	1
10932	141	42	256	254	0	0	10	5	5810	4294967295	7	1
10933	141	42	256	254	0	0	10	6	5810	4294967295	4	1
10934	142	45	256	254	0	0	0	0	5756	4294967295	207	1
10935	142	45	256	254	0	0	0	1	5756	4294967295	104	1
10936	142	45	256	254	0	0	0	2	5756	4294967295	52	1
10937	142	45	256	254	0	0	0	3	5756	4294967295	27	1
10938	142	45	256	254	0	0	0	4	5756	4294967295	14	1
10939	142	45	256	254	0	0	0	5	5756	4294967295	7	1
10940	142	45	256	254	0	0	0	6	5756	4294967295	4	1
10941	142	45	256	254	0	0	1	0	5756	4294967295	207	1
10942	142	45	256	254	0	0	1	1	5756	4294967295	104	1
10943	142	45	256	254	0	0	1	2	5756	4294967295	52	1
10944	142	45	256	254	0	0	1	3	5756	4294967295	27	1
10945	142	45	256	254	0	0	1	4	5756	4294967295	14	1
10946	142	45	256	254	0	0	1	5	5756	4294967295	7	1
10947	142	45	256	254	0	0	1	6	5756	4294967295	4	1
10948	142	45	256	254	0	0	2	0	5756	4294967295	207	1
10949	142	45	256	254	0	0	2	1	5756	4294967295	104	1
10950	142	45	256	254	0	0	2	2	5756	4294967295	52	1
10951	142	45	256	254	0	0	2	3	5756	4294967295	27	1
10952	142	45	256	254	0	0	2	4	5756	4294967295	14	1
10953	142	45	256	254	0	0	2	5	5756	4294967295	7	1
10954	142	45	256	254	0	0	2	6	5756	4294967295	4	1
10955	142	45	256	254	0	0	3	0	5756	4294967295	207	1
10956	142	45	256	254	0	0	3	1	5756	4294967295	104	1
10957	142	45	256	254	0	0	3	2	5756	4294967295	52	1
10958	142	45	256	254	0	0	3	3	5756	4294967295	27	1
10959	142	45	256	254	0	0	3	4	5756	4294967295	14	1
10960	142	45	256	254	0	0	3	5	5756	4294967295	7	1
10961	142	45	256	254	0	0	3	6	5756	4294967295	4	1
10962	142	45	256	254	0	0	4	0	5756	4294967295	207	1
10963	142	45	256	254	0	0	4	1	5756	4294967295	104	1
10964	142	45	256	254	0	0	4	2	5756	4294967295	52	1
10965	142	45	256	254	0	0	4	3	5756	4294967295	27	1
10966	142	45	256	254	0	0	4	4	5756	4294967295	14	1
10967	142	45	256	254	0	0	4	5	5756	4294967295	7	1
10968	142	45	256	254	0	0	4	6	5756	4294967295	4	1
10969	142	45	256	254	0	0	5	0	5756	4294967295	207	1
10970	142	45	256	254	0	0	5	1	5756	4294967295	104	1
10971	142	45	256	254	0	0	5	2	5756	4294967295	52	1
10972	142	45	256	254	0	0	5	3	5756	4294967295	27	1
10973	142	45	256	254	0	0	5	4	5756	4294967295	14	1
10974	142	45	256	254	0	0	5	5	5756	4294967295	7	1
10975	142	45	256	254	0	0	5	6	5756	4294967295	4	1
10976	142	45	256	254	0	0	6	0	5756	4294967295	207	1
10977	142	45	256	254	0	0	6	1	5756	4294967295	104	1
10978	142	45	256	254	0	0	6	2	5756	4294967295	52	1
10979	142	45	256	254	0	0	6	3	5756	4294967295	27	1
10980	142	45	256	254	0	0	6	4	5756	4294967295	14	1
10981	142	45	256	254	0	0	6	5	5756	4294967295	7	1
10982	142	45	256	254	0	0	6	6	5756	4294967295	4	1
10983	142	45	256	254	0	0	7	0	5756	4294967295	207	1
10984	142	45	256	254	0	0	7	1	5756	4294967295	104	1
10985	142	45	256	254	0	0	7	2	5756	4294967295	52	1
10986	142	45	256	254	0	0	7	3	5756	4294967295	27	1
10987	142	45	256	254	0	0	7	4	5756	4294967295	14	1
10988	142	45	256	254	0	0	7	5	5756	4294967295	7	1
10989	142	45	256	254	0	0	7	6	5756	4294967295	4	1
10990	142	45	256	254	0	0	8	0	5756	4294967295	207	1
10991	142	45	256	254	0	0	8	1	5756	4294967295	104	1
10992	142	45	256	254	0	0	8	2	5756	4294967295	52	1
10993	142	45	256	254	0	0	8	3	5756	4294967295	27	1
10994	142	45	256	254	0	0	8	4	5756	4294967295	14	1
10995	142	45	256	254	0	0	8	5	5756	4294967295	7	1
10996	142	45	256	254	0	0	8	6	5756	4294967295	4	1
10997	142	45	256	254	0	0	9	0	5756	4294967295	207	1
10998	142	45	256	254	0	0	9	1	5756	4294967295	104	1
10999	142	45	256	254	0	0	9	2	5756	4294967295	52	1
11000	142	45	256	254	0	0	9	3	5756	4294967295	27	1
11001	142	45	256	254	0	0	9	4	5756	4294967295	14	1
11002	142	45	256	254	0	0	9	5	5756	4294967295	7	1
11003	142	45	256	254	0	0	9	6	5756	4294967295	4	1
11004	142	45	256	254	0	0	10	0	5756	4294967295	207	1
11005	142	45	256	254	0	0	10	1	5756	4294967295	104	1
11006	142	45	256	254	0	0	10	2	5756	4294967295	52	1
11007	142	45	256	254	0	0	10	3	5756	4294967295	27	1
11008	142	45	256	254	0	0	10	4	5756	4294967295	14	1
11009	142	45	256	254	0	0	10	5	5756	4294967295	7	1
11010	142	45	256	254	0	0	10	6	5756	4294967295	4	1
11011	143	49	256	254	0	0	0	0	5624	4294967295	203	1
11012	143	49	256	254	0	0	0	1	5624	4294967295	102	1
11013	143	49	256	254	0	0	0	2	5624	4294967295	51	1
11014	143	49	256	254	0	0	0	3	5624	4294967295	26	1
11015	143	49	256	254	0	0	0	4	5624	4294967295	13	1
11016	143	49	256	254	0	0	0	5	5624	4294967295	7	1
11017	143	49	256	254	0	0	0	6	5624	4294967295	4	1
11018	143	49	256	254	0	0	1	0	5624	4294967295	203	1
11019	143	49	256	254	0	0	1	1	5624	4294967295	102	1
11020	143	49	256	254	0	0	1	2	5624	4294967295	51	1
11021	143	49	256	254	0	0	1	3	5624	4294967295	26	1
11022	143	49	256	254	0	0	1	4	5624	4294967295	13	1
11023	143	49	256	254	0	0	1	5	5624	4294967295	7	1
11024	143	49	256	254	0	0	1	6	5624	4294967295	4	1
11025	143	49	256	254	0	0	2	0	5624	4294967295	203	1
11026	143	49	256	254	0	0	2	1	5624	4294967295	102	1
11027	143	49	256	254	0	0	2	2	5624	4294967295	51	1
11028	143	49	256	254	0	0	2	3	5624	4294967295	26	1
11029	143	49	256	254	0	0	2	4	5624	4294967295	13	1
11030	143	49	256	254	0	0	2	5	5624	4294967295	7	1
11031	143	49	256	254	0	0	2	6	5624	4294967295	4	1
11032	143	49	256	254	0	0	3	0	5624	4294967295	203	1
11033	143	49	256	254	0	0	3	1	5624	4294967295	102	1
11034	143	49	256	254	0	0	3	2	5624	4294967295	51	1
11035	143	49	256	254	0	0	3	3	5624	4294967295	26	1
11036	143	49	256	254	0	0	3	4	5624	4294967295	13	1
11037	143	49	256	254	0	0	3	5	5624	4294967295	7	1
11038	143	49	256	254	0	0	3	6	5624	4294967295	4	1
11039	143	49	256	254	0	0	4	0	5624	4294967295	203	1
11040	143	49	256	254	0	0	4	1	5624	4294967295	102	1
11041	143	49	256	254	0	0	4	2	5624	4294967295	51	1
11042	143	49	256	254	0	0	4	3	5624	4294967295	26	1
11043	143	49	256	254	0	0	4	4	5624	4294967295	13	1
11044	143	49	256	254	0	0	4	5	5624	4294967295	7	1
11045	143	49	256	254	0	0	4	6	5624	4294967295	4	1
11046	143	49	256	254	0	0	5	0	5624	4294967295	203	1
11047	143	49	256	254	0	0	5	1	5624	4294967295	102	1
11048	143	49	256	254	0	0	5	2	5624	4294967295	51	1
11049	143	49	256	254	0	0	5	3	5624	4294967295	26	1
11050	143	49	256	254	0	0	5	4	5624	4294967295	13	1
11051	143	49	256	254	0	0	5	5	5624	4294967295	7	1
11052	143	49	256	254	0	0	5	6	5624	4294967295	4	1
11053	143	49	256	254	0	0	6	0	5624	4294967295	203	1
11054	143	49	256	254	0	0	6	1	5624	4294967295	102	1
11055	143	49	256	254	0	0	6	2	5624	4294967295	51	1
11056	143	49	256	254	0	0	6	3	5624	4294967295	26	1
11057	143	49	256	254	0	0	6	4	5624	4294967295	13	1
11058	143	49	256	254	0	0	6	5	5624	4294967295	7	1
11059	143	49	256	254	0	0	6	6	5624	4294967295	4	1
11060	143	49	256	254	0	0	7	0	5624	4294967295	203	1
11061	143	49	256	254	0	0	7	1	5624	4294967295	102	1
11062	143	49	256	254	0	0	7	2	5624	4294967295	51	1
11063	143	49	256	254	0	0	7	3	5624	4294967295	26	1
11064	143	49	256	254	0	0	7	4	5624	4294967295	13	1
11065	143	49	256	254	0	0	7	5	5624	4294967295	7	1
11066	143	49	256	254	0	0	7	6	5624	4294967295	4	1
11067	143	49	256	254	0	0	8	0	5624	4294967295	203	1
11068	143	49	256	254	0	0	8	1	5624	4294967295	102	1
11069	143	49	256	254	0	0	8	2	5624	4294967295	51	1
11070	143	49	256	254	0	0	8	3	5624	4294967295	26	1
11071	143	49	256	254	0	0	8	4	5624	4294967295	13	1
11072	143	49	256	254	0	0	8	5	5624	4294967295	7	1
11073	143	49	256	254	0	0	8	6	5624	4294967295	4	1
11074	143	49	256	254	0	0	9	0	5624	4294967295	203	1
11075	143	49	256	254	0	0	9	1	5624	4294967295	102	1
11076	143	49	256	254	0	0	9	2	5624	4294967295	51	1
11077	143	49	256	254	0	0	9	3	5624	4294967295	26	1
11078	143	49	256	254	0	0	9	4	5624	4294967295	13	1
11079	143	49	256	254	0	0	9	5	5624	4294967295	7	1
11080	143	49	256	254	0	0	9	6	5624	4294967295	4	1
11081	143	49	256	254	0	0	10	0	5624	4294967295	203	1
11082	143	49	256	254	0	0	10	1	5624	4294967295	102	1
11083	143	49	256	254	0	0	10	2	5624	4294967295	51	1
11084	143	49	256	254	0	0	10	3	5624	4294967295	26	1
11085	143	49	256	254	0	0	10	4	5624	4294967295	13	1
11086	143	49	256	254	0	0	10	5	5624	4294967295	7	1
11087	143	49	256	254	0	0	10	6	5624	4294967295	4	1
11088	144	52	256	254	0	0	0	0	5582	4294967295	200	1
11089	144	52	256	254	0	0	0	1	5582	4294967295	100	1
11090	144	52	256	254	0	0	0	2	5582	4294967295	50	1
11091	144	52	256	254	0	0	0	3	5582	4294967295	26	1
11092	144	52	256	254	0	0	0	4	5582	4294967295	13	1
11093	144	52	256	254	0	0	0	5	5582	4294967295	7	1
11094	144	52	256	254	0	0	0	6	5582	4294967295	4	1
11095	144	52	256	254	0	0	1	0	5582	4294967295	200	1
11096	144	52	256	254	0	0	1	1	5582	4294967295	100	1
11097	144	52	256	254	0	0	1	2	5582	4294967295	50	1
11098	144	52	256	254	0	0	1	3	5582	4294967295	26	1
11099	144	52	256	254	0	0	1	4	5582	4294967295	13	1
11100	144	52	256	254	0	0	1	5	5582	4294967295	7	1
11101	144	52	256	254	0	0	1	6	5582	4294967295	4	1
11102	144	52	256	254	0	0	2	0	5582	4294967295	200	1
11103	144	52	256	254	0	0	2	1	5582	4294967295	100	1
11104	144	52	256	254	0	0	2	2	5582	4294967295	50	1
11105	144	52	256	254	0	0	2	3	5582	4294967295	26	1
11106	144	52	256	254	0	0	2	4	5582	4294967295	13	1
11107	144	52	256	254	0	0	2	5	5582	4294967295	7	1
11108	144	52	256	254	0	0	2	6	5582	4294967295	4	1
11109	144	52	256	254	0	0	3	0	5582	4294967295	200	1
11110	144	52	256	254	0	0	3	1	5582	4294967295	100	1
11111	144	52	256	254	0	0	3	2	5582	4294967295	50	1
11112	144	52	256	254	0	0	3	3	5582	4294967295	26	1
11113	144	52	256	254	0	0	3	4	5582	4294967295	13	1
11114	144	52	256	254	0	0	3	5	5582	4294967295	7	1
11115	144	52	256	254	0	0	3	6	5582	4294967295	4	1
11116	144	52	256	254	0	0	4	0	5582	4294967295	200	1
11117	144	52	256	254	0	0	4	1	5582	4294967295	100	1
11118	144	52	256	254	0	0	4	2	5582	4294967295	50	1
11119	144	52	256	254	0	0	4	3	5582	4294967295	26	1
11120	144	52	256	254	0	0	4	4	5582	4294967295	13	1
11121	144	52	256	254	0	0	4	5	5582	4294967295	7	1
11122	144	52	256	254	0	0	4	6	5582	4294967295	4	1
11123	144	52	256	254	0	0	5	0	5582	4294967295	200	1
11124	144	52	256	254	0	0	5	1	5582	4294967295	100	1
11125	144	52	256	254	0	0	5	2	5582	4294967295	50	1
11126	144	52	256	254	0	0	5	3	5582	4294967295	26	1
11127	144	52	256	254	0	0	5	4	5582	4294967295	13	1
11128	144	52	256	254	0	0	5	5	5582	4294967295	7	1
11129	144	52	256	254	0	0	5	6	5582	4294967295	4	1
11130	144	52	256	254	0	0	6	0	5582	4294967295	200	1
11131	144	52	256	254	0	0	6	1	5582	4294967295	100	1
11132	144	52	256	254	0	0	6	2	5582	4294967295	50	1
11133	144	52	256	254	0	0	6	3	5582	4294967295	26	1
11134	144	52	256	254	0	0	6	4	5582	4294967295	13	1
11135	144	52	256	254	0	0	6	5	5582	4294967295	7	1
11136	144	52	256	254	0	0	6	6	5582	4294967295	4	1
11137	144	52	256	254	0	0	7	0	5582	4294967295	200	1
11138	144	52	256	254	0	0	7	1	5582	4294967295	100	1
11139	144	52	256	254	0	0	7	2	5582	4294967295	50	1
11140	144	52	256	254	0	0	7	3	5582	4294967295	26	1
11141	144	52	256	254	0	0	7	4	5582	4294967295	13	1
11142	144	52	256	254	0	0	7	5	5582	4294967295	7	1
11143	144	52	256	254	0	0	7	6	5582	4294967295	4	1
11144	144	52	256	254	0	0	8	0	5582	4294967295	200	1
11145	144	52	256	254	0	0	8	1	5582	4294967295	100	1
11146	144	52	256	254	0	0	8	2	5582	4294967295	50	1
11147	144	52	256	254	0	0	8	3	5582	4294967295	26	1
11148	144	52	256	254	0	0	8	4	5582	4294967295	13	1
11149	144	52	256	254	0	0	8	5	5582	4294967295	7	1
11150	144	52	256	254	0	0	8	6	5582	4294967295	4	1
11151	144	52	256	254	0	0	9	0	5582	4294967295	200	1
11152	144	52	256	254	0	0	9	1	5582	4294967295	100	1
11153	144	52	256	254	0	0	9	2	5582	4294967295	50	1
11154	144	52	256	254	0	0	9	3	5582	4294967295	26	1
11155	144	52	256	254	0	0	9	4	5582	4294967295	13	1
11156	144	52	256	254	0	0	9	5	5582	4294967295	7	1
11157	144	52	256	254	0	0	9	6	5582	4294967295	4	1
11158	144	52	256	254	0	0	10	0	5582	4294967295	200	1
11159	144	52	256	254	0	0	10	1	5582	4294967295	100	1
11160	144	52	256	254	0	0	10	2	5582	4294967295	50	1
11161	144	52	256	254	0	0	10	3	5582	4294967295	26	1
11162	144	52	256	254	0	0	10	4	5582	4294967295	13	1
11163	144	52	256	254	0	0	10	5	5582	4294967295	7	1
11164	144	52	256	254	0	0	10	6	5582	4294967295	4	1
11165	145	56	256	254	0	0	0	0	5494	4294967295	196	1
11166	145	56	256	254	0	0	0	1	5494	4294967295	98	1
11167	145	56	256	254	0	0	0	2	5494	4294967295	49	1
11168	145	56	256	254	0	0	0	3	5494	4294967295	25	1
11169	145	56	256	254	0	0	0	4	5494	4294967295	13	1
11170	145	56	256	254	0	0	0	5	5494	4294967295	7	1
11171	145	56	256	254	0	0	0	6	5494	4294967295	4	1
11172	145	56	256	254	0	0	1	0	5494	4294967295	196	1
11173	145	56	256	254	0	0	1	1	5494	4294967295	98	1
11174	145	56	256	254	0	0	1	2	5494	4294967295	49	1
11175	145	56	256	254	0	0	1	3	5494	4294967295	25	1
11176	145	56	256	254	0	0	1	4	5494	4294967295	13	1
11177	145	56	256	254	0	0	1	5	5494	4294967295	7	1
11178	145	56	256	254	0	0	1	6	5494	4294967295	4	1
11179	145	56	256	254	0	0	2	0	5494	4294967295	196	1
11180	145	56	256	254	0	0	2	1	5494	4294967295	98	1
11181	145	56	256	254	0	0	2	2	5494	4294967295	49	1
11182	145	56	256	254	0	0	2	3	5494	4294967295	25	1
11183	145	56	256	254	0	0	2	4	5494	4294967295	13	1
11184	145	56	256	254	0	0	2	5	5494	4294967295	7	1
11185	145	56	256	254	0	0	2	6	5494	4294967295	4	1
11186	145	56	256	254	0	0	3	0	5494	4294967295	196	1
11187	145	56	256	254	0	0	3	1	5494	4294967295	98	1
11188	145	56	256	254	0	0	3	2	5494	4294967295	49	1
11189	145	56	256	254	0	0	3	3	5494	4294967295	25	1
11190	145	56	256	254	0	0	3	4	5494	4294967295	13	1
11191	145	56	256	254	0	0	3	5	5494	4294967295	7	1
11192	145	56	256	254	0	0	3	6	5494	4294967295	4	1
11193	145	56	256	254	0	0	4	0	5494	4294967295	196	1
11194	145	56	256	254	0	0	4	1	5494	4294967295	98	1
11195	145	56	256	254	0	0	4	2	5494	4294967295	49	1
11196	145	56	256	254	0	0	4	3	5494	4294967295	25	1
11197	145	56	256	254	0	0	4	4	5494	4294967295	13	1
11198	145	56	256	254	0	0	4	5	5494	4294967295	7	1
11199	145	56	256	254	0	0	4	6	5494	4294967295	4	1
11200	145	56	256	254	0	0	5	0	5494	4294967295	196	1
11201	145	56	256	254	0	0	5	1	5494	4294967295	98	1
11202	145	56	256	254	0	0	5	2	5494	4294967295	49	1
11203	145	56	256	254	0	0	5	3	5494	4294967295	25	1
11204	145	56	256	254	0	0	5	4	5494	4294967295	13	1
11205	145	56	256	254	0	0	5	5	5494	4294967295	7	1
11206	145	56	256	254	0	0	5	6	5494	4294967295	4	1
11207	145	56	256	254	0	0	6	0	5494	4294967295	196	1
11208	145	56	256	254	0	0	6	1	5494	4294967295	98	1
11209	145	56	256	254	0	0	6	2	5494	4294967295	49	1
11210	145	56	256	254	0	0	6	3	5494	4294967295	25	1
11211	145	56	256	254	0	0	6	4	5494	4294967295	13	1
11212	145	56	256	254	0	0	6	5	5494	4294967295	7	1
11213	145	56	256	254	0	0	6	6	5494	4294967295	4	1
11214	145	56	256	254	0	0	7	0	5494	4294967295	196	1
11215	145	56	256	254	0	0	7	1	5494	4294967295	98	1
11216	145	56	256	254	0	0	7	2	5494	4294967295	49	1
11217	145	56	256	254	0	0	7	3	5494	4294967295	25	1
11218	145	56	256	254	0	0	7	4	5494	4294967295	13	1
11219	145	56	256	254	0	0	7	5	5494	4294967295	7	1
11220	145	56	256	254	0	0	7	6	5494	4294967295	4	1
11221	145	56	256	254	0	0	8	0	5494	4294967295	196	1
11222	145	56	256	254	0	0	8	1	5494	4294967295	98	1
11223	145	56	256	254	0	0	8	2	5494	4294967295	49	1
11224	145	56	256	254	0	0	8	3	5494	4294967295	25	1
11225	145	56	256	254	0	0	8	4	5494	4294967295	13	1
11226	145	56	256	254	0	0	8	5	5494	4294967295	7	1
11227	145	56	256	254	0	0	8	6	5494	4294967295	4	1
11228	145	56	256	254	0	0	9	0	5494	4294967295	196	1
11229	145	56	256	254	0	0	9	1	5494	4294967295	98	1
11230	145	56	256	254	0	0	9	2	5494	4294967295	49	1
11231	145	56	256	254	0	0	9	3	5494	4294967295	25	1
11232	145	56	256	254	0	0	9	4	5494	4294967295	13	1
11233	145	56	256	254	0	0	9	5	5494	4294967295	7	1
11234	145	56	256	254	0	0	9	6	5494	4294967295	4	1
11235	145	56	256	254	0	0	10	0	5494	4294967295	196	1
11236	145	56	256	254	0	0	10	1	5494	4294967295	98	1
11237	145	56	256	254	0	0	10	2	5494	4294967295	49	1
11238	145	56	256	254	0	0	10	3	5494	4294967295	25	1
11239	145	56	256	254	0	0	10	4	5494	4294967295	13	1
11240	145	56	256	254	0	0	10	5	5494	4294967295	7	1
11241	145	56	256	254	0	0	10	6	5494	4294967295	4	1
11242	146	59	256	254	0	0	0	0	5464	4294967295	193	1
11243	146	59	256	254	0	0	0	1	5464	4294967295	97	1
11244	146	59	256	254	0	0	0	2	5464	4294967295	49	1
11245	146	59	256	254	0	0	0	3	5464	4294967295	25	1
11246	146	59	256	254	0	0	0	4	5464	4294967295	13	1
11247	146	59	256	254	0	0	0	5	5464	4294967295	7	1
11248	146	59	256	254	0	0	0	6	5464	4294967295	4	1
11249	146	59	256	254	0	0	1	0	5464	4294967295	193	1
11250	146	59	256	254	0	0	1	1	5464	4294967295	97	1
11251	146	59	256	254	0	0	1	2	5464	4294967295	49	1
11252	146	59	256	254	0	0	1	3	5464	4294967295	25	1
11253	146	59	256	254	0	0	1	4	5464	4294967295	13	1
11254	146	59	256	254	0	0	1	5	5464	4294967295	7	1
11255	146	59	256	254	0	0	1	6	5464	4294967295	4	1
11256	146	59	256	254	0	0	2	0	5464	4294967295	193	1
11257	146	59	256	254	0	0	2	1	5464	4294967295	97	1
11258	146	59	256	254	0	0	2	2	5464	4294967295	49	1
11259	146	59	256	254	0	0	2	3	5464	4294967295	25	1
11260	146	59	256	254	0	0	2	4	5464	4294967295	13	1
11261	146	59	256	254	0	0	2	5	5464	4294967295	7	1
11262	146	59	256	254	0	0	2	6	5464	4294967295	4	1
11263	146	59	256	254	0	0	3	0	5464	4294967295	193	1
11264	146	59	256	254	0	0	3	1	5464	4294967295	97	1
11265	146	59	256	254	0	0	3	2	5464	4294967295	49	1
11266	146	59	256	254	0	0	3	3	5464	4294967295	25	1
11267	146	59	256	254	0	0	3	4	5464	4294967295	13	1
11268	146	59	256	254	0	0	3	5	5464	4294967295	7	1
11269	146	59	256	254	0	0	3	6	5464	4294967295	4	1
11270	146	59	256	254	0	0	4	0	5464	4294967295	193	1
11271	146	59	256	254	0	0	4	1	5464	4294967295	97	1
11272	146	59	256	254	0	0	4	2	5464	4294967295	49	1
11273	146	59	256	254	0	0	4	3	5464	4294967295	25	1
11274	146	59	256	254	0	0	4	4	5464	4294967295	13	1
11275	146	59	256	254	0	0	4	5	5464	4294967295	7	1
11276	146	59	256	254	0	0	4	6	5464	4294967295	4	1
11277	146	59	256	254	0	0	5	0	5464	4294967295	193	1
11278	146	59	256	254	0	0	5	1	5464	4294967295	97	1
11279	146	59	256	254	0	0	5	2	5464	4294967295	49	1
11280	146	59	256	254	0	0	5	3	5464	4294967295	25	1
11281	146	59	256	254	0	0	5	4	5464	4294967295	13	1
11282	146	59	256	254	0	0	5	5	5464	4294967295	7	1
11283	146	59	256	254	0	0	5	6	5464	4294967295	4	1
11284	146	59	256	254	0	0	6	0	5464	4294967295	193	1
11285	146	59	256	254	0	0	6	1	5464	4294967295	97	1
11286	146	59	256	254	0	0	6	2	5464	4294967295	49	1
11287	146	59	256	254	0	0	6	3	5464	4294967295	25	1
11288	146	59	256	254	0	0	6	4	5464	4294967295	13	1
11289	146	59	256	254	0	0	6	5	5464	4294967295	7	1
11290	146	59	256	254	0	0	6	6	5464	4294967295	4	1
11291	146	59	256	254	0	0	7	0	5464	4294967295	193	1
11292	146	59	256	254	0	0	7	1	5464	4294967295	97	1
11293	146	59	256	254	0	0	7	2	5464	4294967295	49	1
11294	146	59	256	254	0	0	7	3	5464	4294967295	25	1
11295	146	59	256	254	0	0	7	4	5464	4294967295	13	1
11296	146	59	256	254	0	0	7	5	5464	4294967295	7	1
11297	146	59	256	254	0	0	7	6	5464	4294967295	4	1
11298	146	59	256	254	0	0	8	0	5464	4294967295	193	1
11299	146	59	256	254	0	0	8	1	5464	4294967295	97	1
11300	146	59	256	254	0	0	8	2	5464	4294967295	49	1
11301	146	59	256	254	0	0	8	3	5464	4294967295	25	1
11302	146	59	256	254	0	0	8	4	5464	4294967295	13	1
11303	146	59	256	254	0	0	8	5	5464	4294967295	7	1
11304	146	59	256	254	0	0	8	6	5464	4294967295	4	1
11305	146	59	256	254	0	0	9	0	5464	4294967295	193	1
11306	146	59	256	254	0	0	9	1	5464	4294967295	97	1
11307	146	59	256	254	0	0	9	2	5464	4294967295	49	1
11308	146	59	256	254	0	0	9	3	5464	4294967295	25	1
11309	146	59	256	254	0	0	9	4	5464	4294967295	13	1
11310	146	59	256	254	0	0	9	5	5464	4294967295	7	1
11311	146	59	256	254	0	0	9	6	5464	4294967295	4	1
11312	146	59	256	254	0	0	10	0	5464	4294967295	193	1
11313	146	59	256	254	0	0	10	1	5464	4294967295	97	1
11314	146	59	256	254	0	0	10	2	5464	4294967295	49	1
11315	146	59	256	254	0	0	10	3	5464	4294967295	25	1
11316	146	59	256	254	0	0	10	4	5464	4294967295	13	1
11317	146	59	256	254	0	0	10	5	5464	4294967295	7	1
11318	146	59	256	254	0	0	10	6	5464	4294967295	4	1
11319	147	63	256	254	0	0	0	0	5414	4294967295	189	1
11320	147	63	256	254	0	0	0	1	5414	4294967295	95	1
11321	147	63	256	254	0	0	0	2	5414	4294967295	48	1
11322	147	63	256	254	0	0	0	3	5414	4294967295	25	1
11323	147	63	256	254	0	0	0	4	5414	4294967295	13	1
11324	147	63	256	254	0	0	0	5	5414	4294967295	7	1
11325	147	63	256	254	0	0	0	6	5414	4294967295	4	1
11326	147	63	256	254	0	0	1	0	5414	4294967295	189	1
11327	147	63	256	254	0	0	1	1	5414	4294967295	95	1
11328	147	63	256	254	0	0	1	2	5414	4294967295	48	1
11329	147	63	256	254	0	0	1	3	5414	4294967295	25	1
11330	147	63	256	254	0	0	1	4	5414	4294967295	13	1
11331	147	63	256	254	0	0	1	5	5414	4294967295	7	1
11332	147	63	256	254	0	0	1	6	5414	4294967295	4	1
11333	147	63	256	254	0	0	2	0	5414	4294967295	189	1
11334	147	63	256	254	0	0	2	1	5414	4294967295	95	1
11335	147	63	256	254	0	0	2	2	5414	4294967295	48	1
11336	147	63	256	254	0	0	2	3	5414	4294967295	25	1
11337	147	63	256	254	0	0	2	4	5414	4294967295	13	1
11338	147	63	256	254	0	0	2	5	5414	4294967295	7	1
11339	147	63	256	254	0	0	2	6	5414	4294967295	4	1
11340	147	63	256	254	0	0	3	0	5414	4294967295	189	1
11341	147	63	256	254	0	0	3	1	5414	4294967295	95	1
11342	147	63	256	254	0	0	3	2	5414	4294967295	48	1
11343	147	63	256	254	0	0	3	3	5414	4294967295	25	1
11344	147	63	256	254	0	0	3	4	5414	4294967295	13	1
11345	147	63	256	254	0	0	3	5	5414	4294967295	7	1
11346	147	63	256	254	0	0	3	6	5414	4294967295	4	1
11347	147	63	256	254	0	0	4	0	5414	4294967295	189	1
11348	147	63	256	254	0	0	4	1	5414	4294967295	95	1
11349	147	63	256	254	0	0	4	2	5414	4294967295	48	1
11350	147	63	256	254	0	0	4	3	5414	4294967295	25	1
11351	147	63	256	254	0	0	4	4	5414	4294967295	13	1
11352	147	63	256	254	0	0	4	5	5414	4294967295	7	1
11353	147	63	256	254	0	0	4	6	5414	4294967295	4	1
11354	147	63	256	254	0	0	5	0	5414	4294967295	189	1
11355	147	63	256	254	0	0	5	1	5414	4294967295	95	1
11356	147	63	256	254	0	0	5	2	5414	4294967295	48	1
11357	147	63	256	254	0	0	5	3	5414	4294967295	25	1
11358	147	63	256	254	0	0	5	4	5414	4294967295	13	1
11359	147	63	256	254	0	0	5	5	5414	4294967295	7	1
11360	147	63	256	254	0	0	5	6	5414	4294967295	4	1
11361	147	63	256	254	0	0	6	0	5414	4294967295	189	1
11362	147	63	256	254	0	0	6	1	5414	4294967295	95	1
11363	147	63	256	254	0	0	6	2	5414	4294967295	48	1
11364	147	63	256	254	0	0	6	3	5414	4294967295	25	1
11365	147	63	256	254	0	0	6	4	5414	4294967295	13	1
11366	147	63	256	254	0	0	6	5	5414	4294967295	7	1
11367	147	63	256	254	0	0	6	6	5414	4294967295	4	1
11368	147	63	256	254	0	0	7	0	5414	4294967295	189	1
11369	147	63	256	254	0	0	7	1	5414	4294967295	95	1
11370	147	63	256	254	0	0	7	2	5414	4294967295	48	1
11371	147	63	256	254	0	0	7	3	5414	4294967295	25	1
11372	147	63	256	254	0	0	7	4	5414	4294967295	13	1
11373	147	63	256	254	0	0	7	5	5414	4294967295	7	1
11374	147	63	256	254	0	0	7	6	5414	4294967295	4	1
11375	147	63	256	254	0	0	8	0	5414	4294967295	189	1
11376	147	63	256	254	0	0	8	1	5414	4294967295	95	1
11377	147	63	256	254	0	0	8	2	5414	4294967295	48	1
11378	147	63	256	254	0	0	8	3	5414	4294967295	25	1
11379	147	63	256	254	0	0	8	4	5414	4294967295	13	1
11380	147	63	256	254	0	0	8	5	5414	4294967295	7	1
11381	147	63	256	254	0	0	8	6	5414	4294967295	4	1
11382	147	63	256	254	0	0	9	0	5414	4294967295	189	1
11383	147	63	256	254	0	0	9	1	5414	4294967295	95	1
11384	147	63	256	254	0	0	9	2	5414	4294967295	48	1
11385	147	63	256	254	0	0	9	3	5414	4294967295	25	1
11386	147	63	256	254	0	0	9	4	5414	4294967295	13	1
11387	147	63	256	254	0	0	9	5	5414	4294967295	7	1
11388	147	63	256	254	0	0	9	6	5414	4294967295	4	1
11389	147	63	256	254	0	0	10	0	5414	4294967295	189	1
11390	147	63	256	254	0	0	10	1	5414	4294967295	95	1
11391	147	63	256	254	0	0	10	2	5414	4294967295	48	1
11392	147	63	256	254	0	0	10	3	5414	4294967295	25	1
11393	147	63	256	254	0	0	10	4	5414	4294967295	13	1
11394	147	63	256	254	0	0	10	5	5414	4294967295	7	1
11395	147	63	256	254	0	0	10	6	5414	4294967295	4	1
11396	148	66	256	254	16	16	0	0	5362	4294967295	186	1
11397	148	66	256	254	16	16	0	1	5362	4294967295	93	1
11398	148	66	256	254	16	16	0	2	5362	4294967295	47	1
11399	148	66	256	254	16	16	0	3	5362	4294967295	24	1
11400	148	66	256	254	16	16	0	4	5362	4294967295	12	1
11401	148	66	256	254	16	16	0	5	5362	4294967295	6	1
11402	148	66	256	254	16	16	0	6	5362	4294967295	3	1
11403	148	66	256	254	16	16	1	0	5362	4294967295	186	1
11404	148	66	256	254	16	16	1	1	5362	4294967295	93	1
11405	148	66	256	254	16	16	1	2	5362	4294967295	47	1
11406	148	66	256	254	16	16	1	3	5362	4294967295	24	1
11407	148	66	256	254	16	16	1	4	5362	4294967295	12	1
11408	148	66	256	254	16	16	1	5	5362	4294967295	6	1
11409	148	66	256	254	16	16	1	6	5362	4294967295	3	1
11410	148	66	256	254	16	16	2	0	5362	4294967295	186	1
11411	148	66	256	254	16	16	2	1	5362	4294967295	93	1
11412	148	66	256	254	16	16	2	2	5362	4294967295	47	1
11413	148	66	256	254	16	16	2	3	5362	4294967295	24	1
11414	148	66	256	254	16	16	2	4	5362	4294967295	12	1
11415	148	66	256	254	16	16	2	5	5362	4294967295	6	1
11416	148	66	256	254	16	16	2	6	5362	4294967295	3	1
11417	148	66	256	254	16	16	3	0	5362	4294967295	186	1
11418	148	66	256	254	16	16	3	1	5362	4294967295	93	1
11419	148	66	256	254	16	16	3	2	5362	4294967295	47	1
11420	148	66	256	254	16	16	3	3	5362	4294967295	24	1
11421	148	66	256	254	16	16	3	4	5362	4294967295	12	1
11422	148	66	256	254	16	16	3	5	5362	4294967295	6	1
11423	148	66	256	254	16	16	3	6	5362	4294967295	3	1
11424	148	66	256	254	16	16	4	0	5362	9176	186	1
11425	148	66	256	254	16	16	4	1	5362	4216	93	1
11426	148	66	256	254	16	16	4	2	5362	2680	47	1
11427	148	66	256	254	16	16	4	3	5362	2468	24	1
11428	148	66	256	254	16	16	4	4	5362	2812	12	1
11429	148	66	256	254	16	16	4	5	5362	3404	6	1
11430	148	66	256	254	16	16	4	6	5362	4100	3	1
11431	148	66	256	254	16	16	5	0	5362	4294967295	186	1
11432	148	66	256	254	16	16	5	1	5362	4294967295	93	1
11433	148	66	256	254	16	16	5	2	5362	4294967295	47	1
11434	148	66	256	254	16	16	5	3	5362	4294967295	24	1
11435	148	66	256	254	16	16	5	4	5362	4294967295	12	1
11436	148	66	256	254	16	16	5	5	5362	4294967295	6	1
11437	148	66	256	254	16	16	5	6	5362	4294967295	3	1
11438	148	66	256	254	16	16	6	0	5362	4294967295	186	1
11439	148	66	256	254	16	16	6	1	5362	4294967295	93	1
11440	148	66	256	254	16	16	6	2	5362	4294967295	47	1
11441	148	66	256	254	16	16	6	3	5362	4294967295	24	1
11442	148	66	256	254	16	16	6	4	5362	4294967295	12	1
11443	148	66	256	254	16	16	6	5	5362	4294967295	6	1
11444	148	66	256	254	16	16	6	6	5362	4294967295	3	1
11445	148	66	256	254	16	16	7	0	5362	4294967295	186	1
11446	148	66	256	254	16	16	7	1	5362	4294967295	93	1
11447	148	66	256	254	16	16	7	2	5362	4294967295	47	1
11448	148	66	256	254	16	16	7	3	5362	4294967295	24	1
11449	148	66	256	254	16	16	7	4	5362	4294967295	12	1
11450	148	66	256	254	16	16	7	5	5362	4294967295	6	1
11451	148	66	256	254	16	16	7	6	5362	4294967295	3	1
11452	148	66	256	254	16	16	8	0	5362	4294967295	186	1
11453	148	66	256	254	16	16	8	1	5362	4294967295	93	1
11454	148	66	256	254	16	16	8	2	5362	4294967295	47	1
11455	148	66	256	254	16	16	8	3	5362	4294967295	24	1
11456	148	66	256	254	16	16	8	4	5362	4294967295	12	1
11457	148	66	256	254	16	16	8	5	5362	4294967295	6	1
11458	148	66	256	254	16	16	8	6	5362	4294967295	3	1
11459	148	66	256	254	16	16	9	0	5362	4294967295	186	1
11460	148	66	256	254	16	16	9	1	5362	4294967295	93	1
11461	148	66	256	254	16	16	9	2	5362	4294967295	47	1
11462	148	66	256	254	16	16	9	3	5362	4294967295	24	1
11463	148	66	256	254	16	16	9	4	5362	4294967295	12	1
11464	148	66	256	254	16	16	9	5	5362	4294967295	6	1
11465	148	66	256	254	16	16	9	6	5362	4294967295	3	1
11466	148	66	256	254	16	16	10	0	5362	4294967295	186	1
11467	148	66	256	254	16	16	10	1	5362	4294967295	93	1
11468	148	66	256	254	16	16	10	2	5362	4294967295	47	1
11469	148	66	256	254	16	16	10	3	5362	4294967295	24	1
11470	148	66	256	254	16	16	10	4	5362	4294967295	12	1
11471	148	66	256	254	16	16	10	5	5362	4294967295	6	1
11472	148	66	256	254	16	16	10	6	5362	4294967295	3	1
11473	149	69	256	254	16	16	0	0	5284	4294967295	183	1
11474	149	69	256	254	16	16	0	1	5284	4294967295	92	1
11475	149	69	256	254	16	16	0	2	5284	4294967295	46	1
11476	149	69	256	254	16	16	0	3	5284	4294967295	24	1
11477	149	69	256	254	16	16	0	4	5284	4294967295	12	1
11478	149	69	256	254	16	16	0	5	5284	4294967295	6	1
11479	149	69	256	254	16	16	0	6	5284	4294967295	3	1
11480	149	69	256	254	16	16	1	0	5284	4294967295	183	1
11481	149	69	256	254	16	16	1	1	5284	4294967295	92	1
11482	149	69	256	254	16	16	1	2	5284	4294967295	46	1
11483	149	69	256	254	16	16	1	3	5284	4294967295	24	1
11484	149	69	256	254	16	16	1	4	5284	4294967295	12	1
11485	149	69	256	254	16	16	1	5	5284	4294967295	6	1
11486	149	69	256	254	16	16	1	6	5284	4294967295	3	1
11487	149	69	256	254	16	16	2	0	5284	4294967295	183	1
11488	149	69	256	254	16	16	2	1	5284	4294967295	92	1
11489	149	69	256	254	16	16	2	2	5284	4294967295	46	1
11490	149	69	256	254	16	16	2	3	5284	4294967295	24	1
11491	149	69	256	254	16	16	2	4	5284	4294967295	12	1
11492	149	69	256	254	16	16	2	5	5284	4294967295	6	1
11493	149	69	256	254	16	16	2	6	5284	4294967295	3	1
11494	149	69	256	254	16	16	3	0	5284	4294967295	183	1
11495	149	69	256	254	16	16	3	1	5284	4294967295	92	1
11496	149	69	256	254	16	16	3	2	5284	4294967295	46	1
11497	149	69	256	254	16	16	3	3	5284	4294967295	24	1
11498	149	69	256	254	16	16	3	4	5284	4294967295	12	1
11499	149	69	256	254	16	16	3	5	5284	4294967295	6	1
11500	149	69	256	254	16	16	3	6	5284	4294967295	3	1
11501	149	69	256	254	16	16	4	0	5284	9044	183	1
11502	149	69	256	254	16	16	4	1	5284	4174	92	1
11503	149	69	256	254	16	16	4	2	5284	2634	46	1
11504	149	69	256	254	16	16	4	3	5284	2438	24	1
11505	149	69	256	254	16	16	4	4	5284	2770	12	1
11506	149	69	256	254	16	16	4	5	5284	3350	6	1
11507	149	69	256	254	16	16	4	6	5284	4034	3	1
11508	149	69	256	254	16	16	5	0	5284	4294967295	183	1
11509	149	69	256	254	16	16	5	1	5284	4294967295	92	1
11510	149	69	256	254	16	16	5	2	5284	4294967295	46	1
11511	149	69	256	254	16	16	5	3	5284	4294967295	24	1
11512	149	69	256	254	16	16	5	4	5284	4294967295	12	1
11513	149	69	256	254	16	16	5	5	5284	4294967295	6	1
11514	149	69	256	254	16	16	5	6	5284	4294967295	3	1
11515	149	69	256	254	16	16	6	0	5284	4294967295	183	1
11516	149	69	256	254	16	16	6	1	5284	4294967295	92	1
11517	149	69	256	254	16	16	6	2	5284	4294967295	46	1
11518	149	69	256	254	16	16	6	3	5284	4294967295	24	1
11519	149	69	256	254	16	16	6	4	5284	4294967295	12	1
11520	149	69	256	254	16	16	6	5	5284	4294967295	6	1
11521	149	69	256	254	16	16	6	6	5284	4294967295	3	1
11522	149	69	256	254	16	16	7	0	5284	4294967295	183	1
11523	149	69	256	254	16	16	7	1	5284	4294967295	92	1
11524	149	69	256	254	16	16	7	2	5284	4294967295	46	1
11525	149	69	256	254	16	16	7	3	5284	4294967295	24	1
11526	149	69	256	254	16	16	7	4	5284	4294967295	12	1
11527	149	69	256	254	16	16	7	5	5284	4294967295	6	1
11528	149	69	256	254	16	16	7	6	5284	4294967295	3	1
11529	149	69	256	254	16	16	8	0	5284	4294967295	183	1
11530	149	69	256	254	16	16	8	1	5284	4294967295	92	1
11531	149	69	256	254	16	16	8	2	5284	4294967295	46	1
11532	149	69	256	254	16	16	8	3	5284	4294967295	24	1
11533	149	69	256	254	16	16	8	4	5284	4294967295	12	1
11534	149	69	256	254	16	16	8	5	5284	4294967295	6	1
11535	149	69	256	254	16	16	8	6	5284	4294967295	3	1
11536	149	69	256	254	16	16	9	0	5284	4294967295	183	1
11537	149	69	256	254	16	16	9	1	5284	4294967295	92	1
11538	149	69	256	254	16	16	9	2	5284	4294967295	46	1
11539	149	69	256	254	16	16	9	3	5284	4294967295	24	1
11540	149	69	256	254	16	16	9	4	5284	4294967295	12	1
11541	149	69	256	254	16	16	9	5	5284	4294967295	6	1
11542	149	69	256	254	16	16	9	6	5284	4294967295	3	1
11543	149	69	256	254	16	16	10	0	5284	4294967295	183	1
11544	149	69	256	254	16	16	10	1	5284	4294967295	92	1
11545	149	69	256	254	16	16	10	2	5284	4294967295	46	1
11546	149	69	256	254	16	16	10	3	5284	4294967295	24	1
11547	149	69	256	254	16	16	10	4	5284	4294967295	12	1
11548	149	69	256	254	16	16	10	5	5284	4294967295	6	1
11549	149	69	256	254	16	16	10	6	5284	4294967295	3	1
11550	150	73	256	254	16	16	0	0	5180	4294967295	179	1
11551	150	73	256	254	16	16	0	1	5180	4294967295	90	1
11552	150	73	256	254	16	16	0	2	5180	4294967295	45	1
11553	150	73	256	254	16	16	0	3	5180	4294967295	23	1
11554	150	73	256	254	16	16	0	4	5180	4294967295	12	1
11555	150	73	256	254	16	16	0	5	5180	4294967295	6	1
11556	150	73	256	254	16	16	0	6	5180	4294967295	3	1
11557	150	73	256	254	16	16	1	0	5180	4294967295	179	1
11558	150	73	256	254	16	16	1	1	5180	4294967295	90	1
11559	150	73	256	254	16	16	1	2	5180	4294967295	45	1
11560	150	73	256	254	16	16	1	3	5180	4294967295	23	1
11561	150	73	256	254	16	16	1	4	5180	4294967295	12	1
11562	150	73	256	254	16	16	1	5	5180	4294967295	6	1
11563	150	73	256	254	16	16	1	6	5180	4294967295	3	1
11564	150	73	256	254	16	16	2	0	5180	4294967295	179	1
11565	150	73	256	254	16	16	2	1	5180	4294967295	90	1
11566	150	73	256	254	16	16	2	2	5180	4294967295	45	1
11567	150	73	256	254	16	16	2	3	5180	4294967295	23	1
11568	150	73	256	254	16	16	2	4	5180	4294967295	12	1
11569	150	73	256	254	16	16	2	5	5180	4294967295	6	1
11570	150	73	256	254	16	16	2	6	5180	4294967295	3	1
11571	150	73	256	254	16	16	3	0	5180	4294967295	179	1
11572	150	73	256	254	16	16	3	1	5180	4294967295	90	1
11573	150	73	256	254	16	16	3	2	5180	4294967295	45	1
11574	150	73	256	254	16	16	3	3	5180	4294967295	23	1
11575	150	73	256	254	16	16	3	4	5180	4294967295	12	1
11576	150	73	256	254	16	16	3	5	5180	4294967295	6	1
11577	150	73	256	254	16	16	3	6	5180	4294967295	3	1
11578	150	73	256	254	16	16	4	0	5180	8868	179	1
11579	150	73	256	254	16	16	4	1	5180	4094	90	1
11580	150	73	256	254	16	16	4	2	5180	2582	45	1
11581	150	73	256	254	16	16	4	3	5180	2378	23	1
11582	150	73	256	254	16	16	4	4	5180	2714	12	1
11583	150	73	256	254	16	16	4	5	5180	3278	6	1
11584	150	73	256	254	16	16	4	6	5180	3946	3	1
11585	150	73	256	254	16	16	5	0	5180	4294967295	179	1
11586	150	73	256	254	16	16	5	1	5180	4294967295	90	1
11587	150	73	256	254	16	16	5	2	5180	4294967295	45	1
11588	150	73	256	254	16	16	5	3	5180	4294967295	23	1
11589	150	73	256	254	16	16	5	4	5180	4294967295	12	1
11590	150	73	256	254	16	16	5	5	5180	4294967295	6	1
11591	150	73	256	254	16	16	5	6	5180	4294967295	3	1
11592	150	73	256	254	16	16	6	0	5180	4294967295	179	1
11593	150	73	256	254	16	16	6	1	5180	4294967295	90	1
11594	150	73	256	254	16	16	6	2	5180	4294967295	45	1
11595	150	73	256	254	16	16	6	3	5180	4294967295	23	1
11596	150	73	256	254	16	16	6	4	5180	4294967295	12	1
11597	150	73	256	254	16	16	6	5	5180	4294967295	6	1
11598	150	73	256	254	16	16	6	6	5180	4294967295	3	1
11599	150	73	256	254	16	16	7	0	5180	4294967295	179	1
11600	150	73	256	254	16	16	7	1	5180	4294967295	90	1
11601	150	73	256	254	16	16	7	2	5180	4294967295	45	1
11602	150	73	256	254	16	16	7	3	5180	4294967295	23	1
11603	150	73	256	254	16	16	7	4	5180	4294967295	12	1
11604	150	73	256	254	16	16	7	5	5180	4294967295	6	1
11605	150	73	256	254	16	16	7	6	5180	4294967295	3	1
11606	150	73	256	254	16	16	8	0	5180	4294967295	179	1
11607	150	73	256	254	16	16	8	1	5180	4294967295	90	1
11608	150	73	256	254	16	16	8	2	5180	4294967295	45	1
11609	150	73	256	254	16	16	8	3	5180	4294967295	23	1
11610	150	73	256	254	16	16	8	4	5180	4294967295	12	1
11611	150	73	256	254	16	16	8	5	5180	4294967295	6	1
11612	150	73	256	254	16	16	8	6	5180	4294967295	3	1
11613	150	73	256	254	16	16	9	0	5180	4294967295	179	1
11614	150	73	256	254	16	16	9	1	5180	4294967295	90	1
11615	150	73	256	254	16	16	9	2	5180	4294967295	45	1
11616	150	73	256	254	16	16	9	3	5180	4294967295	23	1
11617	150	73	256	254	16	16	9	4	5180	4294967295	12	1
11618	150	73	256	254	16	16	9	5	5180	4294967295	6	1
11619	150	73	256	254	16	16	9	6	5180	4294967295	3	1
11620	150	73	256	254	16	16	10	0	5180	4294967295	179	1
11621	150	73	256	254	16	16	10	1	5180	4294967295	90	1
11622	150	73	256	254	16	16	10	2	5180	4294967295	45	1
11623	150	73	256	254	16	16	10	3	5180	4294967295	23	1
11624	150	73	256	254	16	16	10	4	5180	4294967295	12	1
11625	150	73	256	254	16	16	10	5	5180	4294967295	6	1
11626	150	73	256	254	16	16	10	6	5180	4294967295	3	1
11627	151	76	256	254	16	16	0	0	5102	4294967295	176	1
11628	151	76	256	254	16	16	0	1	5102	4294967295	88	1
11629	151	76	256	254	16	16	0	2	5102	4294967295	44	1
11630	151	76	256	254	16	16	0	3	5102	4294967295	23	1
11631	151	76	256	254	16	16	0	4	5102	4294967295	12	1
11632	151	76	256	254	16	16	0	5	5102	4294967295	6	1
11633	151	76	256	254	16	16	0	6	5102	4294967295	3	1
11634	151	76	256	254	16	16	1	0	5102	4294967295	176	1
11635	151	76	256	254	16	16	1	1	5102	4294967295	88	1
11636	151	76	256	254	16	16	1	2	5102	4294967295	44	1
11637	151	76	256	254	16	16	1	3	5102	4294967295	23	1
11638	151	76	256	254	16	16	1	4	5102	4294967295	12	1
11639	151	76	256	254	16	16	1	5	5102	4294967295	6	1
11640	151	76	256	254	16	16	1	6	5102	4294967295	3	1
11641	151	76	256	254	16	16	2	0	5102	4294967295	176	1
11642	151	76	256	254	16	16	2	1	5102	4294967295	88	1
11643	151	76	256	254	16	16	2	2	5102	4294967295	44	1
11644	151	76	256	254	16	16	2	3	5102	4294967295	23	1
11645	151	76	256	254	16	16	2	4	5102	4294967295	12	1
11646	151	76	256	254	16	16	2	5	5102	4294967295	6	1
11647	151	76	256	254	16	16	2	6	5102	4294967295	3	1
11648	151	76	256	254	16	16	3	0	5102	4294967295	176	1
11649	151	76	256	254	16	16	3	1	5102	4294967295	88	1
11650	151	76	256	254	16	16	3	2	5102	4294967295	44	1
11651	151	76	256	254	16	16	3	3	5102	4294967295	23	1
11652	151	76	256	254	16	16	3	4	5102	4294967295	12	1
11653	151	76	256	254	16	16	3	5	5102	4294967295	6	1
11654	151	76	256	254	16	16	3	6	5102	4294967295	3	1
11655	151	76	256	254	16	16	4	0	5102	8736	176	1
11656	151	76	256	254	16	16	4	1	5102	4016	88	1
11657	151	76	256	254	16	16	4	2	5102	2536	44	1
11658	151	76	256	254	16	16	4	3	5102	2348	23	1
11659	151	76	256	254	16	16	4	4	5102	2672	12	1
11660	151	76	256	254	16	16	4	5	5102	3224	6	1
11661	151	76	256	254	16	16	4	6	5102	3880	3	1
11662	151	76	256	254	16	16	5	0	5102	4294967295	176	1
11663	151	76	256	254	16	16	5	1	5102	4294967295	88	1
11664	151	76	256	254	16	16	5	2	5102	4294967295	44	1
11665	151	76	256	254	16	16	5	3	5102	4294967295	23	1
11666	151	76	256	254	16	16	5	4	5102	4294967295	12	1
11667	151	76	256	254	16	16	5	5	5102	4294967295	6	1
11668	151	76	256	254	16	16	5	6	5102	4294967295	3	1
11669	151	76	256	254	16	16	6	0	5102	4294967295	176	1
11670	151	76	256	254	16	16	6	1	5102	4294967295	88	1
11671	151	76	256	254	16	16	6	2	5102	4294967295	44	1
11672	151	76	256	254	16	16	6	3	5102	4294967295	23	1
11673	151	76	256	254	16	16	6	4	5102	4294967295	12	1
11674	151	76	256	254	16	16	6	5	5102	4294967295	6	1
11675	151	76	256	254	16	16	6	6	5102	4294967295	3	1
11676	151	76	256	254	16	16	7	0	5102	4294967295	176	1
11677	151	76	256	254	16	16	7	1	5102	4294967295	88	1
11678	151	76	256	254	16	16	7	2	5102	4294967295	44	1
11679	151	76	256	254	16	16	7	3	5102	4294967295	23	1
11680	151	76	256	254	16	16	7	4	5102	4294967295	12	1
11681	151	76	256	254	16	16	7	5	5102	4294967295	6	1
11682	151	76	256	254	16	16	7	6	5102	4294967295	3	1
11683	151	76	256	254	16	16	8	0	5102	4294967295	176	1
11684	151	76	256	254	16	16	8	1	5102	4294967295	88	1
11685	151	76	256	254	16	16	8	2	5102	4294967295	44	1
11686	151	76	256	254	16	16	8	3	5102	4294967295	23	1
11687	151	76	256	254	16	16	8	4	5102	4294967295	12	1
11688	151	76	256	254	16	16	8	5	5102	4294967295	6	1
11689	151	76	256	254	16	16	8	6	5102	4294967295	3	1
11690	151	76	256	254	16	16	9	0	5102	4294967295	176	1
11691	151	76	256	254	16	16	9	1	5102	4294967295	88	1
11692	151	76	256	254	16	16	9	2	5102	4294967295	44	1
11693	151	76	256	254	16	16	9	3	5102	4294967295	23	1
11694	151	76	256	254	16	16	9	4	5102	4294967295	12	1
11695	151	76	256	254	16	16	9	5	5102	4294967295	6	1
11696	151	76	256	254	16	16	9	6	5102	4294967295	3	1
11697	151	76	256	254	16	16	10	0	5102	4294967295	176	1
11698	151	76	256	254	16	16	10	1	5102	4294967295	88	1
11699	151	76	256	254	16	16	10	2	5102	4294967295	44	1
11700	151	76	256	254	16	16	10	3	5102	4294967295	23	1
11701	151	76	256	254	16	16	10	4	5102	4294967295	12	1
11702	151	76	256	254	16	16	10	5	5102	4294967295	6	1
11703	151	76	256	254	16	16	10	6	5102	4294967295	3	1
11704	152	80	256	254	16	16	0	0	4998	4294967295	172	1
11705	152	80	256	254	16	16	0	1	4998	4294967295	86	1
11706	152	80	256	254	16	16	0	2	4998	4294967295	43	1
11707	152	80	256	254	16	16	0	3	4998	4294967295	22	1
11708	152	80	256	254	16	16	0	4	4998	4294967295	11	1
11709	152	80	256	254	16	16	0	5	4998	4294967295	6	1
11710	152	80	256	254	16	16	0	6	4998	4294967295	3	1
11711	152	80	256	254	16	16	1	0	4998	4294967295	172	1
11712	152	80	256	254	16	16	1	1	4998	4294967295	86	1
11713	152	80	256	254	16	16	1	2	4998	4294967295	43	1
11714	152	80	256	254	16	16	1	3	4998	4294967295	22	1
11715	152	80	256	254	16	16	1	4	4998	4294967295	11	1
11716	152	80	256	254	16	16	1	5	4998	4294967295	6	1
11717	152	80	256	254	16	16	1	6	4998	4294967295	3	1
11718	152	80	256	254	16	16	2	0	4998	4294967295	172	1
11719	152	80	256	254	16	16	2	1	4998	4294967295	86	1
11720	152	80	256	254	16	16	2	2	4998	4294967295	43	1
11721	152	80	256	254	16	16	2	3	4998	4294967295	22	1
11722	152	80	256	254	16	16	2	4	4998	4294967295	11	1
11723	152	80	256	254	16	16	2	5	4998	4294967295	6	1
11724	152	80	256	254	16	16	2	6	4998	4294967295	3	1
11725	152	80	256	254	16	16	3	0	4998	4294967295	172	1
11726	152	80	256	254	16	16	3	1	4998	4294967295	86	1
11727	152	80	256	254	16	16	3	2	4998	4294967295	43	1
11728	152	80	256	254	16	16	3	3	4998	4294967295	22	1
11729	152	80	256	254	16	16	3	4	4998	4294967295	11	1
11730	152	80	256	254	16	16	3	5	4998	4294967295	6	1
11731	152	80	256	254	16	16	3	6	4998	4294967295	3	1
11732	152	80	256	254	16	16	4	0	4998	8560	172	1
11733	152	80	256	254	16	16	4	1	4998	3936	86	1
11734	152	80	256	254	16	16	4	2	4998	2484	43	1
11735	152	80	256	254	16	16	4	3	4998	2288	22	1
11736	152	80	256	254	16	16	4	4	4998	2604	11	1
11737	152	80	256	254	16	16	4	5	4998	3152	6	1
11738	152	80	256	254	16	16	4	6	4998	3792	3	1
11739	152	80	256	254	16	16	5	0	4998	4294967295	172	1
11740	152	80	256	254	16	16	5	1	4998	4294967295	86	1
11741	152	80	256	254	16	16	5	2	4998	4294967295	43	1
11742	152	80	256	254	16	16	5	3	4998	4294967295	22	1
11743	152	80	256	254	16	16	5	4	4998	4294967295	11	1
11744	152	80	256	254	16	16	5	5	4998	4294967295	6	1
11745	152	80	256	254	16	16	5	6	4998	4294967295	3	1
11746	152	80	256	254	16	16	6	0	4998	4294967295	172	1
11747	152	80	256	254	16	16	6	1	4998	4294967295	86	1
11748	152	80	256	254	16	16	6	2	4998	4294967295	43	1
11749	152	80	256	254	16	16	6	3	4998	4294967295	22	1
11750	152	80	256	254	16	16	6	4	4998	4294967295	11	1
11751	152	80	256	254	16	16	6	5	4998	4294967295	6	1
11752	152	80	256	254	16	16	6	6	4998	4294967295	3	1
11753	152	80	256	254	16	16	7	0	4998	4294967295	172	1
11754	152	80	256	254	16	16	7	1	4998	4294967295	86	1
11755	152	80	256	254	16	16	7	2	4998	4294967295	43	1
11756	152	80	256	254	16	16	7	3	4998	4294967295	22	1
11757	152	80	256	254	16	16	7	4	4998	4294967295	11	1
11758	152	80	256	254	16	16	7	5	4998	4294967295	6	1
11759	152	80	256	254	16	16	7	6	4998	4294967295	3	1
11760	152	80	256	254	16	16	8	0	4998	4294967295	172	1
11761	152	80	256	254	16	16	8	1	4998	4294967295	86	1
11762	152	80	256	254	16	16	8	2	4998	4294967295	43	1
11763	152	80	256	254	16	16	8	3	4998	4294967295	22	1
11764	152	80	256	254	16	16	8	4	4998	4294967295	11	1
11765	152	80	256	254	16	16	8	5	4998	4294967295	6	1
11766	152	80	256	254	16	16	8	6	4998	4294967295	3	1
11767	152	80	256	254	16	16	9	0	4998	4294967295	172	1
11768	152	80	256	254	16	16	9	1	4998	4294967295	86	1
11769	152	80	256	254	16	16	9	2	4998	4294967295	43	1
11770	152	80	256	254	16	16	9	3	4998	4294967295	22	1
11771	152	80	256	254	16	16	9	4	4998	4294967295	11	1
11772	152	80	256	254	16	16	9	5	4998	4294967295	6	1
11773	152	80	256	254	16	16	9	6	4998	4294967295	3	1
11774	152	80	256	254	16	16	10	0	4998	4294967295	172	1
11775	152	80	256	254	16	16	10	1	4998	4294967295	86	1
11776	152	80	256	254	16	16	10	2	4998	4294967295	43	1
11777	152	80	256	254	16	16	10	3	4998	4294967295	22	1
11778	152	80	256	254	16	16	10	4	4998	4294967295	11	1
11779	152	80	256	254	16	16	10	5	4998	4294967295	6	1
11780	152	80	256	254	16	16	10	6	4998	4294967295	3	1
11781	153	83	256	254	16	16	0	0	4920	4294967295	169	1
11782	153	83	256	254	16	16	0	1	4920	4294967295	85	1
11783	153	83	256	254	16	16	0	2	4920	4294967295	43	1
11784	153	83	256	254	16	16	0	3	4920	4294967295	22	1
11785	153	83	256	254	16	16	0	4	4920	4294967295	11	1
11786	153	83	256	254	16	16	0	5	4920	4294967295	6	1
11787	153	83	256	254	16	16	0	6	4920	4294967295	3	1
11788	153	83	256	254	16	16	1	0	4920	4294967295	169	1
11789	153	83	256	254	16	16	1	1	4920	4294967295	85	1
11790	153	83	256	254	16	16	1	2	4920	4294967295	43	1
11791	153	83	256	254	16	16	1	3	4920	4294967295	22	1
11792	153	83	256	254	16	16	1	4	4920	4294967295	11	1
11793	153	83	256	254	16	16	1	5	4920	4294967295	6	1
11794	153	83	256	254	16	16	1	6	4920	4294967295	3	1
11795	153	83	256	254	16	16	2	0	4920	4294967295	169	1
11796	153	83	256	254	16	16	2	1	4920	4294967295	85	1
11797	153	83	256	254	16	16	2	2	4920	4294967295	43	1
11798	153	83	256	254	16	16	2	3	4920	4294967295	22	1
11799	153	83	256	254	16	16	2	4	4920	4294967295	11	1
11800	153	83	256	254	16	16	2	5	4920	4294967295	6	1
11801	153	83	256	254	16	16	2	6	4920	4294967295	3	1
11802	153	83	256	254	16	16	3	0	4920	4294967295	169	1
11803	153	83	256	254	16	16	3	1	4920	4294967295	85	1
11804	153	83	256	254	16	16	3	2	4920	4294967295	43	1
11805	153	83	256	254	16	16	3	3	4920	4294967295	22	1
11806	153	83	256	254	16	16	3	4	4920	4294967295	11	1
11807	153	83	256	254	16	16	3	5	4920	4294967295	6	1
11808	153	83	256	254	16	16	3	6	4920	4294967295	3	1
11809	153	83	256	254	16	16	4	0	4920	8428	169	1
11810	153	83	256	254	16	16	4	1	4920	3894	85	1
11811	153	83	256	254	16	16	4	2	4920	2466	43	1
11812	153	83	256	254	16	16	4	3	4920	2258	22	1
11813	153	83	256	254	16	16	4	4	4920	2562	11	1
11814	153	83	256	254	16	16	4	5	4920	3098	6	1
11815	153	83	256	254	16	16	4	6	4920	3726	3	1
11816	153	83	256	254	16	16	5	0	4920	4294967295	169	1
11817	153	83	256	254	16	16	5	1	4920	4294967295	85	1
11818	153	83	256	254	16	16	5	2	4920	4294967295	43	1
11819	153	83	256	254	16	16	5	3	4920	4294967295	22	1
11820	153	83	256	254	16	16	5	4	4920	4294967295	11	1
11821	153	83	256	254	16	16	5	5	4920	4294967295	6	1
11822	153	83	256	254	16	16	5	6	4920	4294967295	3	1
11823	153	83	256	254	16	16	6	0	4920	4294967295	169	1
11824	153	83	256	254	16	16	6	1	4920	4294967295	85	1
11825	153	83	256	254	16	16	6	2	4920	4294967295	43	1
11826	153	83	256	254	16	16	6	3	4920	4294967295	22	1
11827	153	83	256	254	16	16	6	4	4920	4294967295	11	1
11828	153	83	256	254	16	16	6	5	4920	4294967295	6	1
11829	153	83	256	254	16	16	6	6	4920	4294967295	3	1
11830	153	83	256	254	16	16	7	0	4920	4294967295	169	1
11831	153	83	256	254	16	16	7	1	4920	4294967295	85	1
11832	153	83	256	254	16	16	7	2	4920	4294967295	43	1
11833	153	83	256	254	16	16	7	3	4920	4294967295	22	1
11834	153	83	256	254	16	16	7	4	4920	4294967295	11	1
11835	153	83	256	254	16	16	7	5	4920	4294967295	6	1
11836	153	83	256	254	16	16	7	6	4920	4294967295	3	1
11837	153	83	256	254	16	16	8	0	4920	4294967295	169	1
11838	153	83	256	254	16	16	8	1	4920	4294967295	85	1
11839	153	83	256	254	16	16	8	2	4920	4294967295	43	1
11840	153	83	256	254	16	16	8	3	4920	4294967295	22	1
11841	153	83	256	254	16	16	8	4	4920	4294967295	11	1
11842	153	83	256	254	16	16	8	5	4920	4294967295	6	1
11843	153	83	256	254	16	16	8	6	4920	4294967295	3	1
11844	153	83	256	254	16	16	9	0	4920	4294967295	169	1
11845	153	83	256	254	16	16	9	1	4920	4294967295	85	1
11846	153	83	256	254	16	16	9	2	4920	4294967295	43	1
11847	153	83	256	254	16	16	9	3	4920	4294967295	22	1
11848	153	83	256	254	16	16	9	4	4920	4294967295	11	1
11849	153	83	256	254	16	16	9	5	4920	4294967295	6	1
11850	153	83	256	254	16	16	9	6	4920	4294967295	3	1
11851	153	83	256	254	16	16	10	0	4920	4294967295	169	1
11852	153	83	256	254	16	16	10	1	4920	4294967295	85	1
11853	153	83	256	254	16	16	10	2	4920	4294967295	43	1
11854	153	83	256	254	16	16	10	3	4920	4294967295	22	1
11855	153	83	256	254	16	16	10	4	4920	4294967295	11	1
11856	153	83	256	254	16	16	10	5	4920	4294967295	6	1
11857	153	83	256	254	16	16	10	6	4920	4294967295	3	1
11858	154	87	256	254	16	16	0	0	4816	4294967295	165	1
11859	154	87	256	254	16	16	0	1	4816	4294967295	83	1
11860	154	87	256	254	16	16	0	2	4816	4294967295	42	1
11861	154	87	256	254	16	16	0	3	4816	4294967295	22	1
11862	154	87	256	254	16	16	0	4	4816	4294967295	11	1
11863	154	87	256	254	16	16	0	5	4816	4294967295	6	1
11864	154	87	256	254	16	16	0	6	4816	4294967295	3	1
11865	154	87	256	254	16	16	1	0	4816	4294967295	165	1
11866	154	87	256	254	16	16	1	1	4816	4294967295	83	1
11867	154	87	256	254	16	16	1	2	4816	4294967295	42	1
11868	154	87	256	254	16	16	1	3	4816	4294967295	22	1
11869	154	87	256	254	16	16	1	4	4816	4294967295	11	1
11870	154	87	256	254	16	16	1	5	4816	4294967295	6	1
11871	154	87	256	254	16	16	1	6	4816	4294967295	3	1
11872	154	87	256	254	16	16	2	0	4816	4294967295	165	1
11873	154	87	256	254	16	16	2	1	4816	4294967295	83	1
11874	154	87	256	254	16	16	2	2	4816	4294967295	42	1
11875	154	87	256	254	16	16	2	3	4816	4294967295	22	1
11876	154	87	256	254	16	16	2	4	4816	4294967295	11	1
11877	154	87	256	254	16	16	2	5	4816	4294967295	6	1
11878	154	87	256	254	16	16	2	6	4816	4294967295	3	1
11879	154	87	256	254	16	16	3	0	4816	4294967295	165	1
11880	154	87	256	254	16	16	3	1	4816	4294967295	83	1
11881	154	87	256	254	16	16	3	2	4816	4294967295	42	1
11882	154	87	256	254	16	16	3	3	4816	4294967295	22	1
11883	154	87	256	254	16	16	3	4	4816	4294967295	11	1
11884	154	87	256	254	16	16	3	5	4816	4294967295	6	1
11885	154	87	256	254	16	16	3	6	4816	4294967295	3	1
11886	154	87	256	254	16	16	4	0	4816	8252	165	1
11887	154	87	256	254	16	16	4	1	4816	3814	83	1
11888	154	87	256	254	16	16	4	2	4816	2414	42	1
11889	154	87	256	254	16	16	4	3	4816	2218	22	1
11890	154	87	256	254	16	16	4	4	4816	2506	11	1
11891	154	87	256	254	16	16	4	5	4816	3026	6	1
11892	154	87	256	254	16	16	4	6	4816	3638	3	1
11893	154	87	256	254	16	16	5	0	4816	4294967295	165	1
11894	154	87	256	254	16	16	5	1	4816	4294967295	83	1
11895	154	87	256	254	16	16	5	2	4816	4294967295	42	1
11896	154	87	256	254	16	16	5	3	4816	4294967295	22	1
11897	154	87	256	254	16	16	5	4	4816	4294967295	11	1
11898	154	87	256	254	16	16	5	5	4816	4294967295	6	1
11899	154	87	256	254	16	16	5	6	4816	4294967295	3	1
11900	154	87	256	254	16	16	6	0	4816	4294967295	165	1
11901	154	87	256	254	16	16	6	1	4816	4294967295	83	1
11902	154	87	256	254	16	16	6	2	4816	4294967295	42	1
11903	154	87	256	254	16	16	6	3	4816	4294967295	22	1
11904	154	87	256	254	16	16	6	4	4816	4294967295	11	1
11905	154	87	256	254	16	16	6	5	4816	4294967295	6	1
11906	154	87	256	254	16	16	6	6	4816	4294967295	3	1
11907	154	87	256	254	16	16	7	0	4816	4294967295	165	1
11908	154	87	256	254	16	16	7	1	4816	4294967295	83	1
11909	154	87	256	254	16	16	7	2	4816	4294967295	42	1
11910	154	87	256	254	16	16	7	3	4816	4294967295	22	1
11911	154	87	256	254	16	16	7	4	4816	4294967295	11	1
11912	154	87	256	254	16	16	7	5	4816	4294967295	6	1
11913	154	87	256	254	16	16	7	6	4816	4294967295	3	1
11914	154	87	256	254	16	16	8	0	4816	4294967295	165	1
11915	154	87	256	254	16	16	8	1	4816	4294967295	83	1
11916	154	87	256	254	16	16	8	2	4816	4294967295	42	1
11917	154	87	256	254	16	16	8	3	4816	4294967295	22	1
11918	154	87	256	254	16	16	8	4	4816	4294967295	11	1
11919	154	87	256	254	16	16	8	5	4816	4294967295	6	1
11920	154	87	256	254	16	16	8	6	4816	4294967295	3	1
11921	154	87	256	254	16	16	9	0	4816	4294967295	165	1
11922	154	87	256	254	16	16	9	1	4816	4294967295	83	1
11923	154	87	256	254	16	16	9	2	4816	4294967295	42	1
11924	154	87	256	254	16	16	9	3	4816	4294967295	22	1
11925	154	87	256	254	16	16	9	4	4816	4294967295	11	1
11926	154	87	256	254	16	16	9	5	4816	4294967295	6	1
11927	154	87	256	254	16	16	9	6	4816	4294967295	3	1
11928	154	87	256	254	16	16	10	0	4816	4294967295	165	1
11929	154	87	256	254	16	16	10	1	4816	4294967295	83	1
11930	154	87	256	254	16	16	10	2	4816	4294967295	42	1
11931	154	87	256	254	16	16	10	3	4816	4294967295	22	1
11932	154	87	256	254	16	16	10	4	4816	4294967295	11	1
11933	154	87	256	254	16	16	10	5	4816	4294967295	6	1
11934	154	87	256	254	16	16	10	6	4816	4294967295	3	1
11935	155	90	256	254	16	16	0	0	4738	4294967295	162	1
11936	155	90	256	254	16	16	0	1	4738	4294967295	81	1
11937	155	90	256	254	16	16	0	2	4738	4294967295	41	1
11938	155	90	256	254	16	16	0	3	4738	4294967295	21	1
11939	155	90	256	254	16	16	0	4	4738	4294967295	11	1
11940	155	90	256	254	16	16	0	5	4738	4294967295	6	1
11941	155	90	256	254	16	16	0	6	4738	4294967295	3	1
11942	155	90	256	254	16	16	1	0	4738	4294967295	162	1
11943	155	90	256	254	16	16	1	1	4738	4294967295	81	1
11944	155	90	256	254	16	16	1	2	4738	4294967295	41	1
11945	155	90	256	254	16	16	1	3	4738	4294967295	21	1
11946	155	90	256	254	16	16	1	4	4738	4294967295	11	1
11947	155	90	256	254	16	16	1	5	4738	4294967295	6	1
11948	155	90	256	254	16	16	1	6	4738	4294967295	3	1
11949	155	90	256	254	16	16	2	0	4738	4294967295	162	1
11950	155	90	256	254	16	16	2	1	4738	4294967295	81	1
11951	155	90	256	254	16	16	2	2	4738	4294967295	41	1
11952	155	90	256	254	16	16	2	3	4738	4294967295	21	1
11953	155	90	256	254	16	16	2	4	4738	4294967295	11	1
11954	155	90	256	254	16	16	2	5	4738	4294967295	6	1
11955	155	90	256	254	16	16	2	6	4738	4294967295	3	1
11956	155	90	256	254	16	16	3	0	4738	4294967295	162	1
11957	155	90	256	254	16	16	3	1	4738	4294967295	81	1
11958	155	90	256	254	16	16	3	2	4738	4294967295	41	1
11959	155	90	256	254	16	16	3	3	4738	4294967295	21	1
11960	155	90	256	254	16	16	3	4	4738	4294967295	11	1
11961	155	90	256	254	16	16	3	5	4738	4294967295	6	1
11962	155	90	256	254	16	16	3	6	4738	4294967295	3	1
11963	155	90	256	254	16	16	4	0	4738	8120	162	1
11964	155	90	256	254	16	16	4	1	4738	3736	81	1
11965	155	90	256	254	16	16	4	2	4738	2368	41	1
11966	155	90	256	254	16	16	4	3	4738	2168	21	1
11967	155	90	256	254	16	16	4	4	4738	2464	11	1
11968	155	90	256	254	16	16	4	5	4738	2972	6	1
11969	155	90	256	254	16	16	4	6	4738	3572	3	1
11970	155	90	256	254	16	16	5	0	4738	4294967295	162	1
11971	155	90	256	254	16	16	5	1	4738	4294967295	81	1
11972	155	90	256	254	16	16	5	2	4738	4294967295	41	1
11973	155	90	256	254	16	16	5	3	4738	4294967295	21	1
11974	155	90	256	254	16	16	5	4	4738	4294967295	11	1
11975	155	90	256	254	16	16	5	5	4738	4294967295	6	1
11976	155	90	256	254	16	16	5	6	4738	4294967295	3	1
11977	155	90	256	254	16	16	6	0	4738	4294967295	162	1
11978	155	90	256	254	16	16	6	1	4738	4294967295	81	1
11979	155	90	256	254	16	16	6	2	4738	4294967295	41	1
11980	155	90	256	254	16	16	6	3	4738	4294967295	21	1
11981	155	90	256	254	16	16	6	4	4738	4294967295	11	1
11982	155	90	256	254	16	16	6	5	4738	4294967295	6	1
11983	155	90	256	254	16	16	6	6	4738	4294967295	3	1
11984	155	90	256	254	16	16	7	0	4738	4294967295	162	1
11985	155	90	256	254	16	16	7	1	4738	4294967295	81	1
11986	155	90	256	254	16	16	7	2	4738	4294967295	41	1
11987	155	90	256	254	16	16	7	3	4738	4294967295	21	1
11988	155	90	256	254	16	16	7	4	4738	4294967295	11	1
11989	155	90	256	254	16	16	7	5	4738	4294967295	6	1
11990	155	90	256	254	16	16	7	6	4738	4294967295	3	1
11991	155	90	256	254	16	16	8	0	4738	4294967295	162	1
11992	155	90	256	254	16	16	8	1	4738	4294967295	81	1
11993	155	90	256	254	16	16	8	2	4738	4294967295	41	1
11994	155	90	256	254	16	16	8	3	4738	4294967295	21	1
11995	155	90	256	254	16	16	8	4	4738	4294967295	11	1
11996	155	90	256	254	16	16	8	5	4738	4294967295	6	1
11997	155	90	256	254	16	16	8	6	4738	4294967295	3	1
11998	155	90	256	254	16	16	9	0	4738	4294967295	162	1
11999	155	90	256	254	16	16	9	1	4738	4294967295	81	1
12000	155	90	256	254	16	16	9	2	4738	4294967295	41	1
12001	155	90	256	254	16	16	9	3	4738	4294967295	21	1
12002	155	90	256	254	16	16	9	4	4738	4294967295	11	1
12003	155	90	256	254	16	16	9	5	4738	4294967295	6	1
12004	155	90	256	254	16	16	9	6	4738	4294967295	3	1
12005	155	90	256	254	16	16	10	0	4738	4294967295	162	1
12006	155	90	256	254	16	16	10	1	4738	4294967295	81	1
12007	155	90	256	254	16	16	10	2	4738	4294967295	41	1
12008	155	90	256	254	16	16	10	3	4738	4294967295	21	1
12009	155	90	256	254	16	16	10	4	4738	4294967295	11	1
12010	155	90	256	254	16	16	10	5	4738	4294967295	6	1
12011	155	90	256	254	16	16	10	6	4738	4294967295	3	1
12012	156	94	256	254	16	16	0	0	4634	4294967295	158	1
12013	156	94	256	254	16	16	0	1	4634	4294967295	79	1
12014	156	94	256	254	16	16	0	2	4634	4294967295	40	1
12015	156	94	256	254	16	16	0	3	4634	4294967295	21	1
12016	156	94	256	254	16	16	0	4	4634	4294967295	11	1
12017	156	94	256	254	16	16	0	5	4634	4294967295	6	1
12018	156	94	256	254	16	16	0	6	4634	4294967295	3	1
12019	156	94	256	254	16	16	1	0	4634	4294967295	158	1
12020	156	94	256	254	16	16	1	1	4634	4294967295	79	1
12021	156	94	256	254	16	16	1	2	4634	4294967295	40	1
12022	156	94	256	254	16	16	1	3	4634	4294967295	21	1
12023	156	94	256	254	16	16	1	4	4634	4294967295	11	1
12024	156	94	256	254	16	16	1	5	4634	4294967295	6	1
12025	156	94	256	254	16	16	1	6	4634	4294967295	3	1
12026	156	94	256	254	16	16	2	0	4634	4294967295	158	1
12027	156	94	256	254	16	16	2	1	4634	4294967295	79	1
12028	156	94	256	254	16	16	2	2	4634	4294967295	40	1
12029	156	94	256	254	16	16	2	3	4634	4294967295	21	1
12030	156	94	256	254	16	16	2	4	4634	4294967295	11	1
12031	156	94	256	254	16	16	2	5	4634	4294967295	6	1
12032	156	94	256	254	16	16	2	6	4634	4294967295	3	1
12033	156	94	256	254	16	16	3	0	4634	4294967295	158	1
12034	156	94	256	254	16	16	3	1	4634	4294967295	79	1
12035	156	94	256	254	16	16	3	2	4634	4294967295	40	1
12036	156	94	256	254	16	16	3	3	4634	4294967295	21	1
12037	156	94	256	254	16	16	3	4	4634	4294967295	11	1
12038	156	94	256	254	16	16	3	5	4634	4294967295	6	1
12039	156	94	256	254	16	16	3	6	4634	4294967295	3	1
12040	156	94	256	254	16	16	4	0	4634	7944	158	1
12041	156	94	256	254	16	16	4	1	4634	3656	79	1
12042	156	94	256	254	16	16	4	2	4634	2316	40	1
12043	156	94	256	254	16	16	4	3	4634	2128	21	1
12044	156	94	256	254	16	16	4	4	4634	2408	11	1
12045	156	94	256	254	16	16	4	5	4634	2900	6	1
12046	156	94	256	254	16	16	4	6	4634	3484	3	1
12047	156	94	256	254	16	16	5	0	4634	4294967295	158	1
12048	156	94	256	254	16	16	5	1	4634	4294967295	79	1
12049	156	94	256	254	16	16	5	2	4634	4294967295	40	1
12050	156	94	256	254	16	16	5	3	4634	4294967295	21	1
12051	156	94	256	254	16	16	5	4	4634	4294967295	11	1
12052	156	94	256	254	16	16	5	5	4634	4294967295	6	1
12053	156	94	256	254	16	16	5	6	4634	4294967295	3	1
12054	156	94	256	254	16	16	6	0	4634	4294967295	158	1
12055	156	94	256	254	16	16	6	1	4634	4294967295	79	1
12056	156	94	256	254	16	16	6	2	4634	4294967295	40	1
12057	156	94	256	254	16	16	6	3	4634	4294967295	21	1
12058	156	94	256	254	16	16	6	4	4634	4294967295	11	1
12059	156	94	256	254	16	16	6	5	4634	4294967295	6	1
12060	156	94	256	254	16	16	6	6	4634	4294967295	3	1
12061	156	94	256	254	16	16	7	0	4634	4294967295	158	1
12062	156	94	256	254	16	16	7	1	4634	4294967295	79	1
12063	156	94	256	254	16	16	7	2	4634	4294967295	40	1
12064	156	94	256	254	16	16	7	3	4634	4294967295	21	1
12065	156	94	256	254	16	16	7	4	4634	4294967295	11	1
12066	156	94	256	254	16	16	7	5	4634	4294967295	6	1
12067	156	94	256	254	16	16	7	6	4634	4294967295	3	1
12068	156	94	256	254	16	16	8	0	4634	4294967295	158	1
12069	156	94	256	254	16	16	8	1	4634	4294967295	79	1
12070	156	94	256	254	16	16	8	2	4634	4294967295	40	1
12071	156	94	256	254	16	16	8	3	4634	4294967295	21	1
12072	156	94	256	254	16	16	8	4	4634	4294967295	11	1
12073	156	94	256	254	16	16	8	5	4634	4294967295	6	1
12074	156	94	256	254	16	16	8	6	4634	4294967295	3	1
12075	156	94	256	254	16	16	9	0	4634	4294967295	158	1
12076	156	94	256	254	16	16	9	1	4634	4294967295	79	1
12077	156	94	256	254	16	16	9	2	4634	4294967295	40	1
12078	156	94	256	254	16	16	9	3	4634	4294967295	21	1
12079	156	94	256	254	16	16	9	4	4634	4294967295	11	1
12080	156	94	256	254	16	16	9	5	4634	4294967295	6	1
12081	156	94	256	254	16	16	9	6	4634	4294967295	3	1
12082	156	94	256	254	16	16	10	0	4634	4294967295	158	1
12083	156	94	256	254	16	16	10	1	4634	4294967295	79	1
12084	156	94	256	254	16	16	10	2	4634	4294967295	40	1
12085	156	94	256	254	16	16	10	3	4634	4294967295	21	1
12086	156	94	256	254	16	16	10	4	4634	4294967295	11	1
12087	156	94	256	254	16	16	10	5	4634	4294967295	6	1
12088	156	94	256	254	16	16	10	6	4634	4294967295	3	1
12089	157	97	256	254	16	16	0	0	4432	4294967295	155	1
12090	157	97	256	254	16	16	0	1	4432	4294967295	78	1
12091	157	97	256	254	16	16	0	2	4432	4294967295	39	1
12092	157	97	256	254	16	16	0	3	4432	4294967295	20	1
12093	157	97	256	254	16	16	0	4	4432	4294967295	10	1
12094	157	97	256	254	16	16	0	5	4432	4294967295	5	1
12095	157	97	256	254	16	16	0	6	4432	4294967295	3	1
12096	157	97	256	254	16	16	1	0	4432	4294967295	155	1
12097	157	97	256	254	16	16	1	1	4432	4294967295	78	1
12098	157	97	256	254	16	16	1	2	4432	4294967295	39	1
12099	157	97	256	254	16	16	1	3	4432	4294967295	20	1
12100	157	97	256	254	16	16	1	4	4432	4294967295	10	1
12101	157	97	256	254	16	16	1	5	4432	4294967295	5	1
12102	157	97	256	254	16	16	1	6	4432	4294967295	3	1
12103	157	97	256	254	16	16	2	0	4432	4294967295	155	1
12104	157	97	256	254	16	16	2	1	4432	4294967295	78	1
12105	157	97	256	254	16	16	2	2	4432	4294967295	39	1
12106	157	97	256	254	16	16	2	3	4432	4294967295	20	1
12107	157	97	256	254	16	16	2	4	4432	4294967295	10	1
12108	157	97	256	254	16	16	2	5	4432	4294967295	5	1
12109	157	97	256	254	16	16	2	6	4432	4294967295	3	1
12110	157	97	256	254	16	16	3	0	4432	4294967295	155	1
12111	157	97	256	254	16	16	3	1	4432	4294967295	78	1
12112	157	97	256	254	16	16	3	2	4432	4294967295	39	1
12113	157	97	256	254	16	16	3	3	4432	4294967295	20	1
12114	157	97	256	254	16	16	3	4	4432	4294967295	10	1
12115	157	97	256	254	16	16	3	5	4432	4294967295	5	1
12116	157	97	256	254	16	16	3	6	4432	4294967295	3	1
12117	157	97	256	254	16	16	4	0	4432	7564	155	1
12118	157	97	256	254	16	16	4	1	4432	3486	78	1
12119	157	97	256	254	16	16	4	2	4432	2206	39	1
12120	157	97	256	254	16	16	4	3	4432	2046	20	1
12121	157	97	256	254	16	16	4	4	4432	2338	10	1
12122	157	97	256	254	16	16	4	5	4432	2838	5	1
12123	157	97	256	254	16	16	4	6	4432	3294	3	1
12124	157	97	256	254	16	16	5	0	4432	4294967295	155	1
12125	157	97	256	254	16	16	5	1	4432	4294967295	78	1
12126	157	97	256	254	16	16	5	2	4432	4294967295	39	1
12127	157	97	256	254	16	16	5	3	4432	4294967295	20	1
12128	157	97	256	254	16	16	5	4	4432	4294967295	10	1
12129	157	97	256	254	16	16	5	5	4432	4294967295	5	1
12130	157	97	256	254	16	16	5	6	4432	4294967295	3	1
12131	157	97	256	254	16	16	6	0	4432	4294967295	155	1
12132	157	97	256	254	16	16	6	1	4432	4294967295	78	1
12133	157	97	256	254	16	16	6	2	4432	4294967295	39	1
12134	157	97	256	254	16	16	6	3	4432	4294967295	20	1
12135	157	97	256	254	16	16	6	4	4432	4294967295	10	1
12136	157	97	256	254	16	16	6	5	4432	4294967295	5	1
12137	157	97	256	254	16	16	6	6	4432	4294967295	3	1
12138	157	97	256	254	16	16	7	0	4432	4294967295	155	1
12139	157	97	256	254	16	16	7	1	4432	4294967295	78	1
12140	157	97	256	254	16	16	7	2	4432	4294967295	39	1
12141	157	97	256	254	16	16	7	3	4432	4294967295	20	1
12142	157	97	256	254	16	16	7	4	4432	4294967295	10	1
12143	157	97	256	254	16	16	7	5	4432	4294967295	5	1
12144	157	97	256	254	16	16	7	6	4432	4294967295	3	1
12145	157	97	256	254	16	16	8	0	4432	4294967295	155	1
12146	157	97	256	254	16	16	8	1	4432	4294967295	78	1
12147	157	97	256	254	16	16	8	2	4432	4294967295	39	1
12148	157	97	256	254	16	16	8	3	4432	4294967295	20	1
12149	157	97	256	254	16	16	8	4	4432	4294967295	10	1
12150	157	97	256	254	16	16	8	5	4432	4294967295	5	1
12151	157	97	256	254	16	16	8	6	4432	4294967295	3	1
12152	157	97	256	254	16	16	9	0	4432	4294967295	155	1
12153	157	97	256	254	16	16	9	1	4432	4294967295	78	1
12154	157	97	256	254	16	16	9	2	4432	4294967295	39	1
12155	157	97	256	254	16	16	9	3	4432	4294967295	20	1
12156	157	97	256	254	16	16	9	4	4432	4294967295	10	1
12157	157	97	256	254	16	16	9	5	4432	4294967295	5	1
12158	157	97	256	254	16	16	9	6	4432	4294967295	3	1
12159	157	97	256	254	16	16	10	0	4432	4294967295	155	1
12160	157	97	256	254	16	16	10	1	4432	4294967295	78	1
12161	157	97	256	254	16	16	10	2	4432	4294967295	39	1
12162	157	97	256	254	16	16	10	3	4432	4294967295	20	1
12163	157	97	256	254	16	16	10	4	4432	4294967295	10	1
12164	157	97	256	254	16	16	10	5	4432	4294967295	5	1
12165	157	97	256	254	16	16	10	6	4432	4294967295	3	1
12166	158	101	256	254	16	16	0	0	4344	4294967295	151	1
12167	158	101	256	254	16	16	0	1	4344	4294967295	76	1
12168	158	101	256	254	16	16	0	2	4344	4294967295	38	1
12169	158	101	256	254	16	16	0	3	4344	4294967295	20	1
12170	158	101	256	254	16	16	0	4	4344	4294967295	10	1
12171	158	101	256	254	16	16	0	5	4344	4294967295	5	1
12172	158	101	256	254	16	16	0	6	4344	4294967295	3	1
12173	158	101	256	254	16	16	1	0	4344	4294967295	151	1
12174	158	101	256	254	16	16	1	1	4344	4294967295	76	1
12175	158	101	256	254	16	16	1	2	4344	4294967295	38	1
12176	158	101	256	254	16	16	1	3	4344	4294967295	20	1
12177	158	101	256	254	16	16	1	4	4344	4294967295	10	1
12178	158	101	256	254	16	16	1	5	4344	4294967295	5	1
12179	158	101	256	254	16	16	1	6	4344	4294967295	3	1
12180	158	101	256	254	16	16	2	0	4344	4294967295	151	1
12181	158	101	256	254	16	16	2	1	4344	4294967295	76	1
12182	158	101	256	254	16	16	2	2	4344	4294967295	38	1
12183	158	101	256	254	16	16	2	3	4344	4294967295	20	1
12184	158	101	256	254	16	16	2	4	4344	4294967295	10	1
12185	158	101	256	254	16	16	2	5	4344	4294967295	5	1
12186	158	101	256	254	16	16	2	6	4344	4294967295	3	1
12187	158	101	256	254	16	16	3	0	4344	4294967295	151	1
12188	158	101	256	254	16	16	3	1	4344	4294967295	76	1
12189	158	101	256	254	16	16	3	2	4344	4294967295	38	1
12190	158	101	256	254	16	16	3	3	4344	4294967295	20	1
12191	158	101	256	254	16	16	3	4	4344	4294967295	10	1
12192	158	101	256	254	16	16	3	5	4344	4294967295	5	1
12193	158	101	256	254	16	16	3	6	4344	4294967295	3	1
12194	158	101	256	254	16	16	4	0	4344	7420	151	1
12195	158	101	256	254	16	16	4	1	4344	3422	76	1
12196	158	101	256	254	16	16	4	2	4344	2162	38	1
12197	158	101	256	254	16	16	4	3	4344	2006	20	1
12198	158	101	256	254	16	16	4	4	4344	2282	10	1
12199	158	101	256	254	16	16	4	5	4344	2766	5	1
12200	158	101	256	254	16	16	4	6	4344	3222	3	1
12201	158	101	256	254	16	16	5	0	4344	4294967295	151	1
12202	158	101	256	254	16	16	5	1	4344	4294967295	76	1
12203	158	101	256	254	16	16	5	2	4344	4294967295	38	1
12204	158	101	256	254	16	16	5	3	4344	4294967295	20	1
12205	158	101	256	254	16	16	5	4	4344	4294967295	10	1
12206	158	101	256	254	16	16	5	5	4344	4294967295	5	1
12207	158	101	256	254	16	16	5	6	4344	4294967295	3	1
12208	158	101	256	254	16	16	6	0	4344	4294967295	151	1
12209	158	101	256	254	16	16	6	1	4344	4294967295	76	1
12210	158	101	256	254	16	16	6	2	4344	4294967295	38	1
12211	158	101	256	254	16	16	6	3	4344	4294967295	20	1
12212	158	101	256	254	16	16	6	4	4344	4294967295	10	1
12213	158	101	256	254	16	16	6	5	4344	4294967295	5	1
12214	158	101	256	254	16	16	6	6	4344	4294967295	3	1
12215	158	101	256	254	16	16	7	0	4344	4294967295	151	1
12216	158	101	256	254	16	16	7	1	4344	4294967295	76	1
12217	158	101	256	254	16	16	7	2	4344	4294967295	38	1
12218	158	101	256	254	16	16	7	3	4344	4294967295	20	1
12219	158	101	256	254	16	16	7	4	4344	4294967295	10	1
12220	158	101	256	254	16	16	7	5	4344	4294967295	5	1
12221	158	101	256	254	16	16	7	6	4344	4294967295	3	1
12222	158	101	256	254	16	16	8	0	4344	4294967295	151	1
12223	158	101	256	254	16	16	8	1	4344	4294967295	76	1
12224	158	101	256	254	16	16	8	2	4344	4294967295	38	1
12225	158	101	256	254	16	16	8	3	4344	4294967295	20	1
12226	158	101	256	254	16	16	8	4	4344	4294967295	10	1
12227	158	101	256	254	16	16	8	5	4344	4294967295	5	1
12228	158	101	256	254	16	16	8	6	4344	4294967295	3	1
12229	158	101	256	254	16	16	9	0	4344	4294967295	151	1
12230	158	101	256	254	16	16	9	1	4344	4294967295	76	1
12231	158	101	256	254	16	16	9	2	4344	4294967295	38	1
12232	158	101	256	254	16	16	9	3	4344	4294967295	20	1
12233	158	101	256	254	16	16	9	4	4344	4294967295	10	1
12234	158	101	256	254	16	16	9	5	4344	4294967295	5	1
12235	158	101	256	254	16	16	9	6	4344	4294967295	3	1
12236	158	101	256	254	16	16	10	0	4344	4294967295	151	1
12237	158	101	256	254	16	16	10	1	4344	4294967295	76	1
12238	158	101	256	254	16	16	10	2	4344	4294967295	38	1
12239	158	101	256	254	16	16	10	3	4344	4294967295	20	1
12240	158	101	256	254	16	16	10	4	4344	4294967295	10	1
12241	158	101	256	254	16	16	10	5	4344	4294967295	5	1
12242	158	101	256	254	16	16	10	6	4344	4294967295	3	1
12243	159	104	256	254	16	16	0	0	4278	4294967295	148	1
12244	159	104	256	254	16	16	0	1	4278	4294967295	74	1
12245	159	104	256	254	16	16	0	2	4278	4294967295	37	1
12246	159	104	256	254	16	16	0	3	4278	4294967295	19	1
12247	159	104	256	254	16	16	0	4	4278	4294967295	10	1
12248	159	104	256	254	16	16	0	5	4278	4294967295	5	1
12249	159	104	256	254	16	16	0	6	4278	4294967295	3	1
12250	159	104	256	254	16	16	1	0	4278	4294967295	148	1
12251	159	104	256	254	16	16	1	1	4278	4294967295	74	1
12252	159	104	256	254	16	16	1	2	4278	4294967295	37	1
12253	159	104	256	254	16	16	1	3	4278	4294967295	19	1
12254	159	104	256	254	16	16	1	4	4278	4294967295	10	1
12255	159	104	256	254	16	16	1	5	4278	4294967295	5	1
12256	159	104	256	254	16	16	1	6	4278	4294967295	3	1
12257	159	104	256	254	16	16	2	0	4278	4294967295	148	1
12258	159	104	256	254	16	16	2	1	4278	4294967295	74	1
12259	159	104	256	254	16	16	2	2	4278	4294967295	37	1
12260	159	104	256	254	16	16	2	3	4278	4294967295	19	1
12261	159	104	256	254	16	16	2	4	4278	4294967295	10	1
12262	159	104	256	254	16	16	2	5	4278	4294967295	5	1
12263	159	104	256	254	16	16	2	6	4278	4294967295	3	1
12264	159	104	256	254	16	16	3	0	4278	4294967295	148	1
12265	159	104	256	254	16	16	3	1	4278	4294967295	74	1
12266	159	104	256	254	16	16	3	2	4278	4294967295	37	1
12267	159	104	256	254	16	16	3	3	4278	4294967295	19	1
12268	159	104	256	254	16	16	3	4	4278	4294967295	10	1
12269	159	104	256	254	16	16	3	5	4278	4294967295	5	1
12270	159	104	256	254	16	16	3	6	4278	4294967295	3	1
12271	159	104	256	254	16	16	4	0	4278	7312	148	1
12272	159	104	256	254	16	16	4	1	4278	3360	74	1
12273	159	104	256	254	16	16	4	2	4278	2124	37	1
12274	159	104	256	254	16	16	4	3	4278	1964	19	1
12275	159	104	256	254	16	16	4	4	4278	2240	10	1
12276	159	104	256	254	16	16	4	5	4278	2712	5	1
12277	159	104	256	254	16	16	4	6	4278	3168	3	1
12278	159	104	256	254	16	16	5	0	4278	4294967295	148	1
12279	159	104	256	254	16	16	5	1	4278	4294967295	74	1
12280	159	104	256	254	16	16	5	2	4278	4294967295	37	1
12281	159	104	256	254	16	16	5	3	4278	4294967295	19	1
12282	159	104	256	254	16	16	5	4	4278	4294967295	10	1
12283	159	104	256	254	16	16	5	5	4278	4294967295	5	1
12284	159	104	256	254	16	16	5	6	4278	4294967295	3	1
12285	159	104	256	254	16	16	6	0	4278	4294967295	148	1
12286	159	104	256	254	16	16	6	1	4278	4294967295	74	1
12287	159	104	256	254	16	16	6	2	4278	4294967295	37	1
12288	159	104	256	254	16	16	6	3	4278	4294967295	19	1
12289	159	104	256	254	16	16	6	4	4278	4294967295	10	1
12290	159	104	256	254	16	16	6	5	4278	4294967295	5	1
12291	159	104	256	254	16	16	6	6	4278	4294967295	3	1
12292	159	104	256	254	16	16	7	0	4278	4294967295	148	1
12293	159	104	256	254	16	16	7	1	4278	4294967295	74	1
12294	159	104	256	254	16	16	7	2	4278	4294967295	37	1
12295	159	104	256	254	16	16	7	3	4278	4294967295	19	1
12296	159	104	256	254	16	16	7	4	4278	4294967295	10	1
12297	159	104	256	254	16	16	7	5	4278	4294967295	5	1
12298	159	104	256	254	16	16	7	6	4278	4294967295	3	1
12299	159	104	256	254	16	16	8	0	4278	4294967295	148	1
12300	159	104	256	254	16	16	8	1	4278	4294967295	74	1
12301	159	104	256	254	16	16	8	2	4278	4294967295	37	1
12302	159	104	256	254	16	16	8	3	4278	4294967295	19	1
12303	159	104	256	254	16	16	8	4	4278	4294967295	10	1
12304	159	104	256	254	16	16	8	5	4278	4294967295	5	1
12305	159	104	256	254	16	16	8	6	4278	4294967295	3	1
12306	159	104	256	254	16	16	9	0	4278	4294967295	148	1
12307	159	104	256	254	16	16	9	1	4278	4294967295	74	1
12308	159	104	256	254	16	16	9	2	4278	4294967295	37	1
12309	159	104	256	254	16	16	9	3	4278	4294967295	19	1
12310	159	104	256	254	16	16	9	4	4278	4294967295	10	1
12311	159	104	256	254	16	16	9	5	4278	4294967295	5	1
12312	159	104	256	254	16	16	9	6	4278	4294967295	3	1
12313	159	104	256	254	16	16	10	0	4278	4294967295	148	1
12314	159	104	256	254	16	16	10	1	4278	4294967295	74	1
12315	159	104	256	254	16	16	10	2	4278	4294967295	37	1
12316	159	104	256	254	16	16	10	3	4278	4294967295	19	1
12317	159	104	256	254	16	16	10	4	4278	4294967295	10	1
12318	159	104	256	254	16	16	10	5	4278	4294967295	5	1
12319	159	104	256	254	16	16	10	6	4278	4294967295	3	1
12320	160	107	256	254	16	16	0	0	4212	4294967295	145	1
12321	160	107	256	254	16	16	0	1	4212	4294967295	73	1
12322	160	107	256	254	16	16	0	2	4212	4294967295	37	1
12323	160	107	256	254	16	16	0	3	4212	4294967295	19	1
12324	160	107	256	254	16	16	0	4	4212	4294967295	10	1
12325	160	107	256	254	16	16	0	5	4212	4294967295	5	1
12326	160	107	256	254	16	16	0	6	4212	4294967295	3	1
12327	160	107	256	254	16	16	1	0	4212	4294967295	145	1
12328	160	107	256	254	16	16	1	1	4212	4294967295	73	1
12329	160	107	256	254	16	16	1	2	4212	4294967295	37	1
12330	160	107	256	254	16	16	1	3	4212	4294967295	19	1
12331	160	107	256	254	16	16	1	4	4212	4294967295	10	1
12332	160	107	256	254	16	16	1	5	4212	4294967295	5	1
12333	160	107	256	254	16	16	1	6	4212	4294967295	3	1
12334	160	107	256	254	16	16	2	0	4212	4294967295	145	1
12335	160	107	256	254	16	16	2	1	4212	4294967295	73	1
12336	160	107	256	254	16	16	2	2	4212	4294967295	37	1
12337	160	107	256	254	16	16	2	3	4212	4294967295	19	1
12338	160	107	256	254	16	16	2	4	4212	4294967295	10	1
12339	160	107	256	254	16	16	2	5	4212	4294967295	5	1
12340	160	107	256	254	16	16	2	6	4212	4294967295	3	1
12341	160	107	256	254	16	16	3	0	4212	4294967295	145	1
12342	160	107	256	254	16	16	3	1	4212	4294967295	73	1
12343	160	107	256	254	16	16	3	2	4212	4294967295	37	1
12344	160	107	256	254	16	16	3	3	4212	4294967295	19	1
12345	160	107	256	254	16	16	3	4	4212	4294967295	10	1
12346	160	107	256	254	16	16	3	5	4212	4294967295	5	1
12347	160	107	256	254	16	16	3	6	4212	4294967295	3	1
12348	160	107	256	254	16	16	4	0	4212	7204	145	1
12349	160	107	256	254	16	16	4	1	4212	3326	73	1
12350	160	107	256	254	16	16	4	2	4212	2106	37	1
12351	160	107	256	254	16	16	4	3	4212	1934	19	1
12352	160	107	256	254	16	16	4	4	4212	2198	10	1
12353	160	107	256	254	16	16	4	5	4212	2658	5	1
12354	160	107	256	254	16	16	4	6	4212	3114	3	1
12355	160	107	256	254	16	16	5	0	4212	4294967295	145	1
12356	160	107	256	254	16	16	5	1	4212	4294967295	73	1
12357	160	107	256	254	16	16	5	2	4212	4294967295	37	1
12358	160	107	256	254	16	16	5	3	4212	4294967295	19	1
12359	160	107	256	254	16	16	5	4	4212	4294967295	10	1
12360	160	107	256	254	16	16	5	5	4212	4294967295	5	1
12361	160	107	256	254	16	16	5	6	4212	4294967295	3	1
12362	160	107	256	254	16	16	6	0	4212	4294967295	145	1
12363	160	107	256	254	16	16	6	1	4212	4294967295	73	1
12364	160	107	256	254	16	16	6	2	4212	4294967295	37	1
12365	160	107	256	254	16	16	6	3	4212	4294967295	19	1
12366	160	107	256	254	16	16	6	4	4212	4294967295	10	1
12367	160	107	256	254	16	16	6	5	4212	4294967295	5	1
12368	160	107	256	254	16	16	6	6	4212	4294967295	3	1
12369	160	107	256	254	16	16	7	0	4212	4294967295	145	1
12370	160	107	256	254	16	16	7	1	4212	4294967295	73	1
12371	160	107	256	254	16	16	7	2	4212	4294967295	37	1
12372	160	107	256	254	16	16	7	3	4212	4294967295	19	1
12373	160	107	256	254	16	16	7	4	4212	4294967295	10	1
12374	160	107	256	254	16	16	7	5	4212	4294967295	5	1
12375	160	107	256	254	16	16	7	6	4212	4294967295	3	1
12376	160	107	256	254	16	16	8	0	4212	4294967295	145	1
12377	160	107	256	254	16	16	8	1	4212	4294967295	73	1
12378	160	107	256	254	16	16	8	2	4212	4294967295	37	1
12379	160	107	256	254	16	16	8	3	4212	4294967295	19	1
12380	160	107	256	254	16	16	8	4	4212	4294967295	10	1
12381	160	107	256	254	16	16	8	5	4212	4294967295	5	1
12382	160	107	256	254	16	16	8	6	4212	4294967295	3	1
12383	160	107	256	254	16	16	9	0	4212	4294967295	145	1
12384	160	107	256	254	16	16	9	1	4212	4294967295	73	1
12385	160	107	256	254	16	16	9	2	4212	4294967295	37	1
12386	160	107	256	254	16	16	9	3	4212	4294967295	19	1
12387	160	107	256	254	16	16	9	4	4212	4294967295	10	1
12388	160	107	256	254	16	16	9	5	4212	4294967295	5	1
12389	160	107	256	254	16	16	9	6	4212	4294967295	3	1
12390	160	107	256	254	16	16	10	0	4212	4294967295	145	1
12391	160	107	256	254	16	16	10	1	4212	4294967295	73	1
12392	160	107	256	254	16	16	10	2	4212	4294967295	37	1
12393	160	107	256	254	16	16	10	3	4212	4294967295	19	1
12394	160	107	256	254	16	16	10	4	4212	4294967295	10	1
12395	160	107	256	254	16	16	10	5	4212	4294967295	5	1
12396	160	107	256	254	16	16	10	6	4212	4294967295	3	1
12397	161	111	256	254	16	16	0	0	4124	4294967295	141	1
12398	161	111	256	254	16	16	0	1	4124	4294967295	71	1
12399	161	111	256	254	16	16	0	2	4124	4294967295	36	1
12400	161	111	256	254	16	16	0	3	4124	4294967295	19	1
12401	161	111	256	254	16	16	0	4	4124	4294967295	10	1
12402	161	111	256	254	16	16	0	5	4124	4294967295	5	1
12403	161	111	256	254	16	16	0	6	4124	4294967295	3	1
12404	161	111	256	254	16	16	1	0	4124	4294967295	141	1
12405	161	111	256	254	16	16	1	1	4124	4294967295	71	1
12406	161	111	256	254	16	16	1	2	4124	4294967295	36	1
12407	161	111	256	254	16	16	1	3	4124	4294967295	19	1
12408	161	111	256	254	16	16	1	4	4124	4294967295	10	1
12409	161	111	256	254	16	16	1	5	4124	4294967295	5	1
12410	161	111	256	254	16	16	1	6	4124	4294967295	3	1
12411	161	111	256	254	16	16	2	0	4124	4294967295	141	1
12412	161	111	256	254	16	16	2	1	4124	4294967295	71	1
12413	161	111	256	254	16	16	2	2	4124	4294967295	36	1
12414	161	111	256	254	16	16	2	3	4124	4294967295	19	1
12415	161	111	256	254	16	16	2	4	4124	4294967295	10	1
12416	161	111	256	254	16	16	2	5	4124	4294967295	5	1
12417	161	111	256	254	16	16	2	6	4124	4294967295	3	1
12418	161	111	256	254	16	16	3	0	4124	4294967295	141	1
12419	161	111	256	254	16	16	3	1	4124	4294967295	71	1
12420	161	111	256	254	16	16	3	2	4124	4294967295	36	1
12421	161	111	256	254	16	16	3	3	4124	4294967295	19	1
12422	161	111	256	254	16	16	3	4	4124	4294967295	10	1
12423	161	111	256	254	16	16	3	5	4124	4294967295	5	1
12424	161	111	256	254	16	16	3	6	4124	4294967295	3	1
12425	161	111	256	254	16	16	4	0	4124	7060	141	1
12426	161	111	256	254	16	16	4	1	4124	3262	71	1
12427	161	111	256	254	16	16	4	2	4124	2062	36	1
12428	161	111	256	254	16	16	4	3	4124	1894	19	1
12429	161	111	256	254	16	16	4	4	4124	2142	10	1
12430	161	111	256	254	16	16	4	5	4124	2586	5	1
12431	161	111	256	254	16	16	4	6	4124	3042	3	1
12432	161	111	256	254	16	16	5	0	4124	4294967295	141	1
12433	161	111	256	254	16	16	5	1	4124	4294967295	71	1
12434	161	111	256	254	16	16	5	2	4124	4294967295	36	1
12435	161	111	256	254	16	16	5	3	4124	4294967295	19	1
12436	161	111	256	254	16	16	5	4	4124	4294967295	10	1
12437	161	111	256	254	16	16	5	5	4124	4294967295	5	1
12438	161	111	256	254	16	16	5	6	4124	4294967295	3	1
12439	161	111	256	254	16	16	6	0	4124	4294967295	141	1
12440	161	111	256	254	16	16	6	1	4124	4294967295	71	1
12441	161	111	256	254	16	16	6	2	4124	4294967295	36	1
12442	161	111	256	254	16	16	6	3	4124	4294967295	19	1
12443	161	111	256	254	16	16	6	4	4124	4294967295	10	1
12444	161	111	256	254	16	16	6	5	4124	4294967295	5	1
12445	161	111	256	254	16	16	6	6	4124	4294967295	3	1
12446	161	111	256	254	16	16	7	0	4124	4294967295	141	1
12447	161	111	256	254	16	16	7	1	4124	4294967295	71	1
12448	161	111	256	254	16	16	7	2	4124	4294967295	36	1
12449	161	111	256	254	16	16	7	3	4124	4294967295	19	1
12450	161	111	256	254	16	16	7	4	4124	4294967295	10	1
12451	161	111	256	254	16	16	7	5	4124	4294967295	5	1
12452	161	111	256	254	16	16	7	6	4124	4294967295	3	1
12453	161	111	256	254	16	16	8	0	4124	4294967295	141	1
12454	161	111	256	254	16	16	8	1	4124	4294967295	71	1
12455	161	111	256	254	16	16	8	2	4124	4294967295	36	1
12456	161	111	256	254	16	16	8	3	4124	4294967295	19	1
12457	161	111	256	254	16	16	8	4	4124	4294967295	10	1
12458	161	111	256	254	16	16	8	5	4124	4294967295	5	1
12459	161	111	256	254	16	16	8	6	4124	4294967295	3	1
12460	161	111	256	254	16	16	9	0	4124	4294967295	141	1
12461	161	111	256	254	16	16	9	1	4124	4294967295	71	1
12462	161	111	256	254	16	16	9	2	4124	4294967295	36	1
12463	161	111	256	254	16	16	9	3	4124	4294967295	19	1
12464	161	111	256	254	16	16	9	4	4124	4294967295	10	1
12465	161	111	256	254	16	16	9	5	4124	4294967295	5	1
12466	161	111	256	254	16	16	9	6	4124	4294967295	3	1
12467	161	111	256	254	16	16	10	0	4124	4294967295	141	1
12468	161	111	256	254	16	16	10	1	4124	4294967295	71	1
12469	161	111	256	254	16	16	10	2	4124	4294967295	36	1
12470	161	111	256	254	16	16	10	3	4124	4294967295	19	1
12471	161	111	256	254	16	16	10	4	4124	4294967295	10	1
12472	161	111	256	254	16	16	10	5	4124	4294967295	5	1
12473	161	111	256	254	16	16	10	6	4124	4294967295	3	1
12474	162	114	256	254	16	16	0	0	4002	4294967295	138	1
12475	162	114	256	254	16	16	0	1	4002	4294967295	69	1
12476	162	114	256	254	16	16	0	2	4002	4294967295	35	1
12477	162	114	256	254	16	16	0	3	4002	4294967295	18	1
12478	162	114	256	254	16	16	0	4	4002	4294967295	9	1
12479	162	114	256	254	16	16	0	5	4002	4294967295	5	1
12480	162	114	256	254	16	16	0	6	4002	4294967295	3	1
12481	162	114	256	254	16	16	1	0	4002	4294967295	138	1
12482	162	114	256	254	16	16	1	1	4002	4294967295	69	1
12483	162	114	256	254	16	16	1	2	4002	4294967295	35	1
12484	162	114	256	254	16	16	1	3	4002	4294967295	18	1
12485	162	114	256	254	16	16	1	4	4002	4294967295	9	1
12486	162	114	256	254	16	16	1	5	4002	4294967295	5	1
12487	162	114	256	254	16	16	1	6	4002	4294967295	3	1
12488	162	114	256	254	16	16	2	0	4002	4294967295	138	1
12489	162	114	256	254	16	16	2	1	4002	4294967295	69	1
12490	162	114	256	254	16	16	2	2	4002	4294967295	35	1
12491	162	114	256	254	16	16	2	3	4002	4294967295	18	1
12492	162	114	256	254	16	16	2	4	4002	4294967295	9	1
12493	162	114	256	254	16	16	2	5	4002	4294967295	5	1
12494	162	114	256	254	16	16	2	6	4002	4294967295	3	1
12495	162	114	256	254	16	16	3	0	4002	4294967295	138	1
12496	162	114	256	254	16	16	3	1	4002	4294967295	69	1
12497	162	114	256	254	16	16	3	2	4002	4294967295	35	1
12498	162	114	256	254	16	16	3	3	4002	4294967295	18	1
12499	162	114	256	254	16	16	3	4	4002	4294967295	9	1
12500	162	114	256	254	16	16	3	5	4002	4294967295	5	1
12501	162	114	256	254	16	16	3	6	4002	4294967295	3	1
12502	162	114	256	254	16	16	4	0	4002	6840	138	1
12503	162	114	256	254	16	16	4	1	4002	3144	69	1
12504	162	114	256	254	16	16	4	2	4002	1992	35	1
12505	162	114	256	254	16	16	4	3	4002	1836	18	1
12506	162	114	256	254	16	16	4	4	4002	2092	9	1
12507	162	114	256	254	16	16	4	5	4002	2476	5	1
12508	162	114	256	254	16	16	4	6	4002	2932	3	1
12509	162	114	256	254	16	16	5	0	4002	4294967295	138	1
12510	162	114	256	254	16	16	5	1	4002	4294967295	69	1
12511	162	114	256	254	16	16	5	2	4002	4294967295	35	1
12512	162	114	256	254	16	16	5	3	4002	4294967295	18	1
12513	162	114	256	254	16	16	5	4	4002	4294967295	9	1
12514	162	114	256	254	16	16	5	5	4002	4294967295	5	1
12515	162	114	256	254	16	16	5	6	4002	4294967295	3	1
12516	162	114	256	254	16	16	6	0	4002	4294967295	138	1
12517	162	114	256	254	16	16	6	1	4002	4294967295	69	1
12518	162	114	256	254	16	16	6	2	4002	4294967295	35	1
12519	162	114	256	254	16	16	6	3	4002	4294967295	18	1
12520	162	114	256	254	16	16	6	4	4002	4294967295	9	1
12521	162	114	256	254	16	16	6	5	4002	4294967295	5	1
12522	162	114	256	254	16	16	6	6	4002	4294967295	3	1
12523	162	114	256	254	16	16	7	0	4002	4294967295	138	1
12524	162	114	256	254	16	16	7	1	4002	4294967295	69	1
12525	162	114	256	254	16	16	7	2	4002	4294967295	35	1
12526	162	114	256	254	16	16	7	3	4002	4294967295	18	1
12527	162	114	256	254	16	16	7	4	4002	4294967295	9	1
12528	162	114	256	254	16	16	7	5	4002	4294967295	5	1
12529	162	114	256	254	16	16	7	6	4002	4294967295	3	1
12530	162	114	256	254	16	16	8	0	4002	4294967295	138	1
12531	162	114	256	254	16	16	8	1	4002	4294967295	69	1
12532	162	114	256	254	16	16	8	2	4002	4294967295	35	1
12533	162	114	256	254	16	16	8	3	4002	4294967295	18	1
12534	162	114	256	254	16	16	8	4	4002	4294967295	9	1
12535	162	114	256	254	16	16	8	5	4002	4294967295	5	1
12536	162	114	256	254	16	16	8	6	4002	4294967295	3	1
12537	162	114	256	254	16	16	9	0	4002	4294967295	138	1
12538	162	114	256	254	16	16	9	1	4002	4294967295	69	1
12539	162	114	256	254	16	16	9	2	4002	4294967295	35	1
12540	162	114	256	254	16	16	9	3	4002	4294967295	18	1
12541	162	114	256	254	16	16	9	4	4002	4294967295	9	1
12542	162	114	256	254	16	16	9	5	4002	4294967295	5	1
12543	162	114	256	254	16	16	9	6	4002	4294967295	3	1
12544	162	114	256	254	16	16	10	0	4002	4294967295	138	1
12545	162	114	256	254	16	16	10	1	4002	4294967295	69	1
12546	162	114	256	254	16	16	10	2	4002	4294967295	35	1
12547	162	114	256	254	16	16	10	3	4002	4294967295	18	1
12548	162	114	256	254	16	16	10	4	4002	4294967295	9	1
12549	162	114	256	254	16	16	10	5	4002	4294967295	5	1
12550	162	114	256	254	16	16	10	6	4002	4294967295	3	1
12551	163	118	256	254	16	16	0	0	3930	4294967295	134	1
12552	163	118	256	254	16	16	0	1	3930	4294967295	67	1
12553	163	118	256	254	16	16	0	2	3930	4294967295	34	1
12554	163	118	256	254	16	16	0	3	3930	4294967295	18	1
12555	163	118	256	254	16	16	0	4	3930	4294967295	9	1
12556	163	118	256	254	16	16	0	5	3930	4294967295	5	1
12557	163	118	256	254	16	16	0	6	3930	4294967295	3	1
12558	163	118	256	254	16	16	1	0	3930	4294967295	134	1
12559	163	118	256	254	16	16	1	1	3930	4294967295	67	1
12560	163	118	256	254	16	16	1	2	3930	4294967295	34	1
12561	163	118	256	254	16	16	1	3	3930	4294967295	18	1
12562	163	118	256	254	16	16	1	4	3930	4294967295	9	1
12563	163	118	256	254	16	16	1	5	3930	4294967295	5	1
12564	163	118	256	254	16	16	1	6	3930	4294967295	3	1
12565	163	118	256	254	16	16	2	0	3930	4294967295	134	1
12566	163	118	256	254	16	16	2	1	3930	4294967295	67	1
12567	163	118	256	254	16	16	2	2	3930	4294967295	34	1
12568	163	118	256	254	16	16	2	3	3930	4294967295	18	1
12569	163	118	256	254	16	16	2	4	3930	4294967295	9	1
12570	163	118	256	254	16	16	2	5	3930	4294967295	5	1
12571	163	118	256	254	16	16	2	6	3930	4294967295	3	1
12572	163	118	256	254	16	16	3	0	3930	4294967295	134	1
12573	163	118	256	254	16	16	3	1	3930	4294967295	67	1
12574	163	118	256	254	16	16	3	2	3930	4294967295	34	1
12575	163	118	256	254	16	16	3	3	3930	4294967295	18	1
12576	163	118	256	254	16	16	3	4	3930	4294967295	9	1
12577	163	118	256	254	16	16	3	5	3930	4294967295	5	1
12578	163	118	256	254	16	16	3	6	3930	4294967295	3	1
12579	163	118	256	254	16	16	4	0	3930	6728	134	1
12580	163	118	256	254	16	16	4	1	3930	3096	67	1
12581	163	118	256	254	16	16	4	2	3930	1956	34	1
12582	163	118	256	254	16	16	4	3	3930	1796	18	1
12583	163	118	256	254	16	16	4	4	3930	2036	9	1
12584	163	118	256	254	16	16	4	5	3930	2420	5	1
12585	163	118	256	254	16	16	4	6	3930	2876	3	1
12586	163	118	256	254	16	16	5	0	3930	4294967295	134	1
12587	163	118	256	254	16	16	5	1	3930	4294967295	67	1
12588	163	118	256	254	16	16	5	2	3930	4294967295	34	1
12589	163	118	256	254	16	16	5	3	3930	4294967295	18	1
12590	163	118	256	254	16	16	5	4	3930	4294967295	9	1
12591	163	118	256	254	16	16	5	5	3930	4294967295	5	1
12592	163	118	256	254	16	16	5	6	3930	4294967295	3	1
12593	163	118	256	254	16	16	6	0	3930	4294967295	134	1
12594	163	118	256	254	16	16	6	1	3930	4294967295	67	1
12595	163	118	256	254	16	16	6	2	3930	4294967295	34	1
12596	163	118	256	254	16	16	6	3	3930	4294967295	18	1
12597	163	118	256	254	16	16	6	4	3930	4294967295	9	1
12598	163	118	256	254	16	16	6	5	3930	4294967295	5	1
12599	163	118	256	254	16	16	6	6	3930	4294967295	3	1
12600	163	118	256	254	16	16	7	0	3930	4294967295	134	1
12601	163	118	256	254	16	16	7	1	3930	4294967295	67	1
12602	163	118	256	254	16	16	7	2	3930	4294967295	34	1
12603	163	118	256	254	16	16	7	3	3930	4294967295	18	1
12604	163	118	256	254	16	16	7	4	3930	4294967295	9	1
12605	163	118	256	254	16	16	7	5	3930	4294967295	5	1
12606	163	118	256	254	16	16	7	6	3930	4294967295	3	1
12607	163	118	256	254	16	16	8	0	3930	4294967295	134	1
12608	163	118	256	254	16	16	8	1	3930	4294967295	67	1
12609	163	118	256	254	16	16	8	2	3930	4294967295	34	1
12610	163	118	256	254	16	16	8	3	3930	4294967295	18	1
12611	163	118	256	254	16	16	8	4	3930	4294967295	9	1
12612	163	118	256	254	16	16	8	5	3930	4294967295	5	1
12613	163	118	256	254	16	16	8	6	3930	4294967295	3	1
12614	163	118	256	254	16	16	9	0	3930	4294967295	134	1
12615	163	118	256	254	16	16	9	1	3930	4294967295	67	1
12616	163	118	256	254	16	16	9	2	3930	4294967295	34	1
12617	163	118	256	254	16	16	9	3	3930	4294967295	18	1
12618	163	118	256	254	16	16	9	4	3930	4294967295	9	1
12619	163	118	256	254	16	16	9	5	3930	4294967295	5	1
12620	163	118	256	254	16	16	9	6	3930	4294967295	3	1
12621	163	118	256	254	16	16	10	0	3930	4294967295	134	1
12622	163	118	256	254	16	16	10	1	3930	4294967295	67	1
12623	163	118	256	254	16	16	10	2	3930	4294967295	34	1
12624	163	118	256	254	16	16	10	3	3930	4294967295	18	1
12625	163	118	256	254	16	16	10	4	3930	4294967295	9	1
12626	163	118	256	254	16	16	10	5	3930	4294967295	5	1
12627	163	118	256	254	16	16	10	6	3930	4294967295	3	1
12628	164	121	256	254	16	16	0	0	3848	4294967295	131	1
12629	164	121	256	254	16	16	0	1	3848	4294967295	66	1
12630	164	121	256	254	16	16	0	2	3848	4294967295	33	1
12631	164	121	256	254	16	16	0	3	3848	4294967295	17	1
12632	164	121	256	254	16	16	0	4	3848	4294967295	9	1
12633	164	121	256	254	16	16	0	5	3848	4294967295	5	1
12634	164	121	256	254	16	16	0	6	3848	4294967295	3	1
12635	164	121	256	254	16	16	1	0	3848	4294967295	131	1
12636	164	121	256	254	16	16	1	1	3848	4294967295	66	1
12637	164	121	256	254	16	16	1	2	3848	4294967295	33	1
12638	164	121	256	254	16	16	1	3	3848	4294967295	17	1
12639	164	121	256	254	16	16	1	4	3848	4294967295	9	1
12640	164	121	256	254	16	16	1	5	3848	4294967295	5	1
12641	164	121	256	254	16	16	1	6	3848	4294967295	3	1
12642	164	121	256	254	16	16	2	0	3848	4294967295	131	1
12643	164	121	256	254	16	16	2	1	3848	4294967295	66	1
12644	164	121	256	254	16	16	2	2	3848	4294967295	33	1
12645	164	121	256	254	16	16	2	3	3848	4294967295	17	1
12646	164	121	256	254	16	16	2	4	3848	4294967295	9	1
12647	164	121	256	254	16	16	2	5	3848	4294967295	5	1
12648	164	121	256	254	16	16	2	6	3848	4294967295	3	1
12649	164	121	256	254	16	16	3	0	3848	4294967295	131	1
12650	164	121	256	254	16	16	3	1	3848	4294967295	66	1
12651	164	121	256	254	16	16	3	2	3848	4294967295	33	1
12652	164	121	256	254	16	16	3	3	3848	4294967295	17	1
12653	164	121	256	254	16	16	3	4	3848	4294967295	9	1
12654	164	121	256	254	16	16	3	5	3848	4294967295	5	1
12655	164	121	256	254	16	16	3	6	3848	4294967295	3	1
12656	164	121	256	254	16	16	4	0	3848	6588	131	1
12657	164	121	256	254	16	16	4	1	3848	3038	66	1
12658	164	121	256	254	16	16	4	2	3848	1910	33	1
12659	164	121	256	254	16	16	4	3	3848	1758	17	1
12660	164	121	256	254	16	16	4	4	3848	1966	9	1
12661	164	121	256	254	16	16	4	5	3848	2350	5	1
12662	164	121	256	254	16	16	4	6	3848	2806	3	1
12663	164	121	256	254	16	16	5	0	3848	4294967295	131	1
12664	164	121	256	254	16	16	5	1	3848	4294967295	66	1
12665	164	121	256	254	16	16	5	2	3848	4294967295	33	1
12666	164	121	256	254	16	16	5	3	3848	4294967295	17	1
12667	164	121	256	254	16	16	5	4	3848	4294967295	9	1
12668	164	121	256	254	16	16	5	5	3848	4294967295	5	1
12669	164	121	256	254	16	16	5	6	3848	4294967295	3	1
12670	164	121	256	254	16	16	6	0	3848	4294967295	131	1
12671	164	121	256	254	16	16	6	1	3848	4294967295	66	1
12672	164	121	256	254	16	16	6	2	3848	4294967295	33	1
12673	164	121	256	254	16	16	6	3	3848	4294967295	17	1
12674	164	121	256	254	16	16	6	4	3848	4294967295	9	1
12675	164	121	256	254	16	16	6	5	3848	4294967295	5	1
12676	164	121	256	254	16	16	6	6	3848	4294967295	3	1
12677	164	121	256	254	16	16	7	0	3848	4294967295	131	1
12678	164	121	256	254	16	16	7	1	3848	4294967295	66	1
12679	164	121	256	254	16	16	7	2	3848	4294967295	33	1
12680	164	121	256	254	16	16	7	3	3848	4294967295	17	1
12681	164	121	256	254	16	16	7	4	3848	4294967295	9	1
12682	164	121	256	254	16	16	7	5	3848	4294967295	5	1
12683	164	121	256	254	16	16	7	6	3848	4294967295	3	1
12684	164	121	256	254	16	16	8	0	3848	4294967295	131	1
12685	164	121	256	254	16	16	8	1	3848	4294967295	66	1
12686	164	121	256	254	16	16	8	2	3848	4294967295	33	1
12687	164	121	256	254	16	16	8	3	3848	4294967295	17	1
12688	164	121	256	254	16	16	8	4	3848	4294967295	9	1
12689	164	121	256	254	16	16	8	5	3848	4294967295	5	1
12690	164	121	256	254	16	16	8	6	3848	4294967295	3	1
12691	164	121	256	254	16	16	9	0	3848	4294967295	131	1
12692	164	121	256	254	16	16	9	1	3848	4294967295	66	1
12693	164	121	256	254	16	16	9	2	3848	4294967295	33	1
12694	164	121	256	254	16	16	9	3	3848	4294967295	17	1
12695	164	121	256	254	16	16	9	4	3848	4294967295	9	1
12696	164	121	256	254	16	16	9	5	3848	4294967295	5	1
12697	164	121	256	254	16	16	9	6	3848	4294967295	3	1
12698	164	121	256	254	16	16	10	0	3848	4294967295	131	1
12699	164	121	256	254	16	16	10	1	3848	4294967295	66	1
12700	164	121	256	254	16	16	10	2	3848	4294967295	33	1
12701	164	121	256	254	16	16	10	3	3848	4294967295	17	1
12702	164	121	256	254	16	16	10	4	3848	4294967295	9	1
12703	164	121	256	254	16	16	10	5	3848	4294967295	5	1
12704	164	121	256	254	16	16	10	6	3848	4294967295	3	1
12705	165	125	256	254	16	16	0	0	3780	4294967295	127	1
12706	165	125	256	254	16	16	0	1	3780	4294967295	64	1
12707	165	125	256	254	16	16	0	2	3780	4294967295	32	1
12708	165	125	256	254	16	16	0	3	3780	4294967295	17	1
12709	165	125	256	254	16	16	0	4	3780	4294967295	9	1
12710	165	125	256	254	16	16	0	5	3780	4294967295	5	1
12711	165	125	256	254	16	16	0	6	3780	4294967295	3	1
12712	165	125	256	254	16	16	1	0	3780	4294967295	127	1
12713	165	125	256	254	16	16	1	1	3780	4294967295	64	1
12714	165	125	256	254	16	16	1	2	3780	4294967295	32	1
12715	165	125	256	254	16	16	1	3	3780	4294967295	17	1
12716	165	125	256	254	16	16	1	4	3780	4294967295	9	1
12717	165	125	256	254	16	16	1	5	3780	4294967295	5	1
12718	165	125	256	254	16	16	1	6	3780	4294967295	3	1
12719	165	125	256	254	16	16	2	0	3780	4294967295	127	1
12720	165	125	256	254	16	16	2	1	3780	4294967295	64	1
12721	165	125	256	254	16	16	2	2	3780	4294967295	32	1
12722	165	125	256	254	16	16	2	3	3780	4294967295	17	1
12723	165	125	256	254	16	16	2	4	3780	4294967295	9	1
12724	165	125	256	254	16	16	2	5	3780	4294967295	5	1
12725	165	125	256	254	16	16	2	6	3780	4294967295	3	1
12726	165	125	256	254	16	16	3	0	3780	4294967295	127	1
12727	165	125	256	254	16	16	3	1	3780	4294967295	64	1
12728	165	125	256	254	16	16	3	2	3780	4294967295	32	1
12729	165	125	256	254	16	16	3	3	3780	4294967295	17	1
12730	165	125	256	254	16	16	3	4	3780	4294967295	9	1
12731	165	125	256	254	16	16	3	5	3780	4294967295	5	1
12732	165	125	256	254	16	16	3	6	3780	4294967295	3	1
12733	165	125	256	254	16	16	4	0	3780	6484	127	1
12734	165	125	256	254	16	16	4	1	3780	2990	64	1
12735	165	125	256	254	16	16	4	2	3780	1878	32	1
12736	165	125	256	254	16	16	4	3	3780	1706	17	1
12737	165	125	256	254	16	16	4	4	3780	1914	9	1
12738	165	125	256	254	16	16	4	5	3780	2298	5	1
12739	165	125	256	254	16	16	4	6	3780	2754	3	1
12740	165	125	256	254	16	16	5	0	3780	4294967295	127	1
12741	165	125	256	254	16	16	5	1	3780	4294967295	64	1
12742	165	125	256	254	16	16	5	2	3780	4294967295	32	1
12743	165	125	256	254	16	16	5	3	3780	4294967295	17	1
12744	165	125	256	254	16	16	5	4	3780	4294967295	9	1
12745	165	125	256	254	16	16	5	5	3780	4294967295	5	1
12746	165	125	256	254	16	16	5	6	3780	4294967295	3	1
12747	165	125	256	254	16	16	6	0	3780	4294967295	127	1
12748	165	125	256	254	16	16	6	1	3780	4294967295	64	1
12749	165	125	256	254	16	16	6	2	3780	4294967295	32	1
12750	165	125	256	254	16	16	6	3	3780	4294967295	17	1
12751	165	125	256	254	16	16	6	4	3780	4294967295	9	1
12752	165	125	256	254	16	16	6	5	3780	4294967295	5	1
12753	165	125	256	254	16	16	6	6	3780	4294967295	3	1
12754	165	125	256	254	16	16	7	0	3780	4294967295	127	1
12755	165	125	256	254	16	16	7	1	3780	4294967295	64	1
12756	165	125	256	254	16	16	7	2	3780	4294967295	32	1
12757	165	125	256	254	16	16	7	3	3780	4294967295	17	1
12758	165	125	256	254	16	16	7	4	3780	4294967295	9	1
12759	165	125	256	254	16	16	7	5	3780	4294967295	5	1
12760	165	125	256	254	16	16	7	6	3780	4294967295	3	1
12761	165	125	256	254	16	16	8	0	3780	4294967295	127	1
12762	165	125	256	254	16	16	8	1	3780	4294967295	64	1
12763	165	125	256	254	16	16	8	2	3780	4294967295	32	1
12764	165	125	256	254	16	16	8	3	3780	4294967295	17	1
12765	165	125	256	254	16	16	8	4	3780	4294967295	9	1
12766	165	125	256	254	16	16	8	5	3780	4294967295	5	1
12767	165	125	256	254	16	16	8	6	3780	4294967295	3	1
12768	165	125	256	254	16	16	9	0	3780	4294967295	127	1
12769	165	125	256	254	16	16	9	1	3780	4294967295	64	1
12770	165	125	256	254	16	16	9	2	3780	4294967295	32	1
12771	165	125	256	254	16	16	9	3	3780	4294967295	17	1
12772	165	125	256	254	16	16	9	4	3780	4294967295	9	1
12773	165	125	256	254	16	16	9	5	3780	4294967295	5	1
12774	165	125	256	254	16	16	9	6	3780	4294967295	3	1
12775	165	125	256	254	16	16	10	0	3780	4294967295	127	1
12776	165	125	256	254	16	16	10	1	3780	4294967295	64	1
12777	165	125	256	254	16	16	10	2	3780	4294967295	32	1
12778	165	125	256	254	16	16	10	3	3780	4294967295	17	1
12779	165	125	256	254	16	16	10	4	3780	4294967295	9	1
12780	165	125	256	254	16	16	10	5	3780	4294967295	5	1
12781	165	125	256	254	16	16	10	6	3780	4294967295	3	1
12782	166	128	256	254	24	24	0	0	3750	4294967295	124	1
12783	166	128	256	254	24	24	0	1	3750	4294967295	62	1
12784	166	128	256	254	24	24	0	2	3750	4294967295	31	1
12785	166	128	256	254	24	24	0	3	3750	4294967295	16	1
12786	166	128	256	254	24	24	0	4	3750	4294967295	8	1
12787	166	128	256	254	24	24	0	5	3750	4294967295	4	1
12788	166	128	256	254	24	24	0	6	3750	4294967295	2	1
12789	166	128	256	254	24	24	1	0	3750	4294967295	124	1
12790	166	128	256	254	24	24	1	1	3750	4294967295	62	1
12791	166	128	256	254	24	24	1	2	3750	4294967295	31	1
12792	166	128	256	254	24	24	1	3	3750	4294967295	16	1
12793	166	128	256	254	24	24	1	4	3750	4294967295	8	1
12794	166	128	256	254	24	24	1	5	3750	4294967295	4	1
12795	166	128	256	254	24	24	1	6	3750	4294967295	2	1
12796	166	128	256	254	24	24	2	0	3750	4294967295	124	1
12797	166	128	256	254	24	24	2	1	3750	4294967295	62	1
12798	166	128	256	254	24	24	2	2	3750	4294967295	31	1
12799	166	128	256	254	24	24	2	3	3750	4294967295	16	1
12800	166	128	256	254	24	24	2	4	3750	4294967295	8	1
12801	166	128	256	254	24	24	2	5	3750	4294967295	4	1
12802	166	128	256	254	24	24	2	6	3750	4294967295	2	1
12803	166	128	256	254	24	24	3	0	3750	5456	124	1
12804	166	128	256	254	24	24	3	1	3750	2480	62	1
12805	166	128	256	254	24	24	3	2	3750	1612	31	1
12806	166	128	256	254	24	24	3	3	3750	1560	16	1
12807	166	128	256	254	24	24	3	4	3750	1832	8	1
12808	166	128	256	254	24	24	3	5	3750	2248	4	1
12809	166	128	256	254	24	24	3	6	3750	2728	2	1
12810	166	128	256	254	24	24	4	0	3750	5456	124	1
12811	166	128	256	254	24	24	4	1	3750	2480	62	1
12812	166	128	256	254	24	24	4	2	3750	1612	31	1
12813	166	128	256	254	24	24	4	3	3750	1560	16	1
12814	166	128	256	254	24	24	4	4	3750	1832	8	1
12815	166	128	256	254	24	24	4	5	3750	2248	4	1
12816	166	128	256	254	24	24	4	6	3750	2728	2	1
12817	166	128	256	254	24	24	5	0	3750	4294967295	124	1
12818	166	128	256	254	24	24	5	1	3750	4294967295	62	1
12819	166	128	256	254	24	24	5	2	3750	4294967295	31	1
12820	166	128	256	254	24	24	5	3	3750	4294967295	16	1
12821	166	128	256	254	24	24	5	4	3750	4294967295	8	1
12822	166	128	256	254	24	24	5	5	3750	4294967295	4	1
12823	166	128	256	254	24	24	5	6	3750	4294967295	2	1
12824	166	128	256	254	24	24	6	0	3750	4294967295	124	1
12825	166	128	256	254	24	24	6	1	3750	4294967295	62	1
12826	166	128	256	254	24	24	6	2	3750	4294967295	31	1
12827	166	128	256	254	24	24	6	3	3750	4294967295	16	1
12828	166	128	256	254	24	24	6	4	3750	4294967295	8	1
12829	166	128	256	254	24	24	6	5	3750	4294967295	4	1
12830	166	128	256	254	24	24	6	6	3750	4294967295	2	1
12831	166	128	256	254	24	24	7	0	3750	4294967295	124	1
12832	166	128	256	254	24	24	7	1	3750	4294967295	62	1
12833	166	128	256	254	24	24	7	2	3750	4294967295	31	1
12834	166	128	256	254	24	24	7	3	3750	4294967295	16	1
12835	166	128	256	254	24	24	7	4	3750	4294967295	8	1
12836	166	128	256	254	24	24	7	5	3750	4294967295	4	1
12837	166	128	256	254	24	24	7	6	3750	4294967295	2	1
12838	166	128	256	254	24	24	8	0	3750	4294967295	124	1
12839	166	128	256	254	24	24	8	1	3750	4294967295	62	1
12840	166	128	256	254	24	24	8	2	3750	4294967295	31	1
12841	166	128	256	254	24	24	8	3	3750	4294967295	16	1
12842	166	128	256	254	24	24	8	4	3750	4294967295	8	1
12843	166	128	256	254	24	24	8	5	3750	4294967295	4	1
12844	166	128	256	254	24	24	8	6	3750	4294967295	2	1
12845	166	128	256	254	24	24	9	0	3750	4294967295	124	1
12846	166	128	256	254	24	24	9	1	3750	4294967295	62	1
12847	166	128	256	254	24	24	9	2	3750	4294967295	31	1
12848	166	128	256	254	24	24	9	3	3750	4294967295	16	1
12849	166	128	256	254	24	24	9	4	3750	4294967295	8	1
12850	166	128	256	254	24	24	9	5	3750	4294967295	4	1
12851	166	128	256	254	24	24	9	6	3750	4294967295	2	1
12852	166	128	256	254	24	24	10	0	3750	4294967295	124	1
12853	166	128	256	254	24	24	10	1	3750	4294967295	62	1
12854	166	128	256	254	24	24	10	2	3750	4294967295	31	1
12855	166	128	256	254	24	24	10	3	3750	4294967295	16	1
12856	166	128	256	254	24	24	10	4	3750	4294967295	8	1
12857	166	128	256	254	24	24	10	5	3750	4294967295	4	1
12858	166	128	256	254	24	24	10	6	3750	4294967295	2	1
12859	167	132	256	254	24	24	0	0	3630	4294967295	120	1
12860	167	132	256	254	24	24	0	1	3630	4294967295	60	1
12861	167	132	256	254	24	24	0	2	3630	4294967295	30	1
12862	167	132	256	254	24	24	0	3	3630	4294967295	16	1
12863	167	132	256	254	24	24	0	4	3630	4294967295	8	1
12864	167	132	256	254	24	24	0	5	3630	4294967295	4	1
12865	167	132	256	254	24	24	0	6	3630	4294967295	2	1
12866	167	132	256	254	24	24	1	0	3630	4294967295	120	1
12867	167	132	256	254	24	24	1	1	3630	4294967295	60	1
12868	167	132	256	254	24	24	1	2	3630	4294967295	30	1
12869	167	132	256	254	24	24	1	3	3630	4294967295	16	1
12870	167	132	256	254	24	24	1	4	3630	4294967295	8	1
12871	167	132	256	254	24	24	1	5	3630	4294967295	4	1
12872	167	132	256	254	24	24	1	6	3630	4294967295	2	1
12873	167	132	256	254	24	24	2	0	3630	4294967295	120	1
12874	167	132	256	254	24	24	2	1	3630	4294967295	60	1
12875	167	132	256	254	24	24	2	2	3630	4294967295	30	1
12876	167	132	256	254	24	24	2	3	3630	4294967295	16	1
12877	167	132	256	254	24	24	2	4	3630	4294967295	8	1
12878	167	132	256	254	24	24	2	5	3630	4294967295	4	1
12879	167	132	256	254	24	24	2	6	3630	4294967295	2	1
12880	167	132	256	254	24	24	3	0	3630	5280	120	1
12881	167	132	256	254	24	24	3	1	3630	2400	60	1
12882	167	132	256	254	24	24	3	2	3630	1560	30	1
12883	167	132	256	254	24	24	3	3	3630	1520	16	1
12884	167	132	256	254	24	24	3	4	3630	1776	8	1
12885	167	132	256	254	24	24	3	5	3630	2176	4	1
12886	167	132	256	254	24	24	3	6	3630	2640	2	1
12887	167	132	256	254	24	24	4	0	3630	5280	120	1
12888	167	132	256	254	24	24	4	1	3630	2400	60	1
12889	167	132	256	254	24	24	4	2	3630	1560	30	1
12890	167	132	256	254	24	24	4	3	3630	1520	16	1
12891	167	132	256	254	24	24	4	4	3630	1776	8	1
12892	167	132	256	254	24	24	4	5	3630	2176	4	1
12893	167	132	256	254	24	24	4	6	3630	2640	2	1
12894	167	132	256	254	24	24	5	0	3630	4294967295	120	1
12895	167	132	256	254	24	24	5	1	3630	4294967295	60	1
12896	167	132	256	254	24	24	5	2	3630	4294967295	30	1
12897	167	132	256	254	24	24	5	3	3630	4294967295	16	1
12898	167	132	256	254	24	24	5	4	3630	4294967295	8	1
12899	167	132	256	254	24	24	5	5	3630	4294967295	4	1
12900	167	132	256	254	24	24	5	6	3630	4294967295	2	1
12901	167	132	256	254	24	24	6	0	3630	4294967295	120	1
12902	167	132	256	254	24	24	6	1	3630	4294967295	60	1
12903	167	132	256	254	24	24	6	2	3630	4294967295	30	1
12904	167	132	256	254	24	24	6	3	3630	4294967295	16	1
12905	167	132	256	254	24	24	6	4	3630	4294967295	8	1
12906	167	132	256	254	24	24	6	5	3630	4294967295	4	1
12907	167	132	256	254	24	24	6	6	3630	4294967295	2	1
12908	167	132	256	254	24	24	7	0	3630	4294967295	120	1
12909	167	132	256	254	24	24	7	1	3630	4294967295	60	1
12910	167	132	256	254	24	24	7	2	3630	4294967295	30	1
12911	167	132	256	254	24	24	7	3	3630	4294967295	16	1
12912	167	132	256	254	24	24	7	4	3630	4294967295	8	1
12913	167	132	256	254	24	24	7	5	3630	4294967295	4	1
12914	167	132	256	254	24	24	7	6	3630	4294967295	2	1
12915	167	132	256	254	24	24	8	0	3630	4294967295	120	1
12916	167	132	256	254	24	24	8	1	3630	4294967295	60	1
12917	167	132	256	254	24	24	8	2	3630	4294967295	30	1
12918	167	132	256	254	24	24	8	3	3630	4294967295	16	1
12919	167	132	256	254	24	24	8	4	3630	4294967295	8	1
12920	167	132	256	254	24	24	8	5	3630	4294967295	4	1
12921	167	132	256	254	24	24	8	6	3630	4294967295	2	1
12922	167	132	256	254	24	24	9	0	3630	4294967295	120	1
12923	167	132	256	254	24	24	9	1	3630	4294967295	60	1
12924	167	132	256	254	24	24	9	2	3630	4294967295	30	1
12925	167	132	256	254	24	24	9	3	3630	4294967295	16	1
12926	167	132	256	254	24	24	9	4	3630	4294967295	8	1
12927	167	132	256	254	24	24	9	5	3630	4294967295	4	1
12928	167	132	256	254	24	24	9	6	3630	4294967295	2	1
12929	167	132	256	254	24	24	10	0	3630	4294967295	120	1
12930	167	132	256	254	24	24	10	1	3630	4294967295	60	1
12931	167	132	256	254	24	24	10	2	3630	4294967295	30	1
12932	167	132	256	254	24	24	10	3	3630	4294967295	16	1
12933	167	132	256	254	24	24	10	4	3630	4294967295	8	1
12934	167	132	256	254	24	24	10	5	3630	4294967295	4	1
12935	167	132	256	254	24	24	10	6	3630	4294967295	2	1
12936	168	135	256	254	24	24	0	0	3540	4294967295	117	1
12937	168	135	256	254	24	24	0	1	3540	4294967295	59	1
12938	168	135	256	254	24	24	0	2	3540	4294967295	30	1
12939	168	135	256	254	24	24	0	3	3540	4294967295	16	1
12940	168	135	256	254	24	24	0	4	3540	4294967295	8	1
12941	168	135	256	254	24	24	0	5	3540	4294967295	4	1
12942	168	135	256	254	24	24	0	6	3540	4294967295	2	1
12943	168	135	256	254	24	24	1	0	3540	4294967295	117	1
12944	168	135	256	254	24	24	1	1	3540	4294967295	59	1
12945	168	135	256	254	24	24	1	2	3540	4294967295	30	1
12946	168	135	256	254	24	24	1	3	3540	4294967295	16	1
12947	168	135	256	254	24	24	1	4	3540	4294967295	8	1
12948	168	135	256	254	24	24	1	5	3540	4294967295	4	1
12949	168	135	256	254	24	24	1	6	3540	4294967295	2	1
12950	168	135	256	254	24	24	2	0	3540	4294967295	117	1
12951	168	135	256	254	24	24	2	1	3540	4294967295	59	1
12952	168	135	256	254	24	24	2	2	3540	4294967295	30	1
12953	168	135	256	254	24	24	2	3	3540	4294967295	16	1
12954	168	135	256	254	24	24	2	4	3540	4294967295	8	1
12955	168	135	256	254	24	24	2	5	3540	4294967295	4	1
12956	168	135	256	254	24	24	2	6	3540	4294967295	2	1
12957	168	135	256	254	24	24	3	0	3540	5148	117	1
12958	168	135	256	254	24	24	3	1	3540	2358	59	1
12959	168	135	256	254	24	24	3	2	3540	1542	30	1
12960	168	135	256	254	24	24	3	3	3540	1490	16	1
12961	168	135	256	254	24	24	3	4	3540	1734	8	1
12962	168	135	256	254	24	24	3	5	3540	2122	4	1
12963	168	135	256	254	24	24	3	6	3540	2574	2	1
12964	168	135	256	254	24	24	4	0	3540	5148	117	1
12965	168	135	256	254	24	24	4	1	3540	2358	59	1
12966	168	135	256	254	24	24	4	2	3540	1542	30	1
12967	168	135	256	254	24	24	4	3	3540	1490	16	1
12968	168	135	256	254	24	24	4	4	3540	1734	8	1
12969	168	135	256	254	24	24	4	5	3540	2122	4	1
12970	168	135	256	254	24	24	4	6	3540	2574	2	1
12971	168	135	256	254	24	24	5	0	3540	4294967295	117	1
12972	168	135	256	254	24	24	5	1	3540	4294967295	59	1
12973	168	135	256	254	24	24	5	2	3540	4294967295	30	1
12974	168	135	256	254	24	24	5	3	3540	4294967295	16	1
12975	168	135	256	254	24	24	5	4	3540	4294967295	8	1
12976	168	135	256	254	24	24	5	5	3540	4294967295	4	1
12977	168	135	256	254	24	24	5	6	3540	4294967295	2	1
12978	168	135	256	254	24	24	6	0	3540	4294967295	117	1
12979	168	135	256	254	24	24	6	1	3540	4294967295	59	1
12980	168	135	256	254	24	24	6	2	3540	4294967295	30	1
12981	168	135	256	254	24	24	6	3	3540	4294967295	16	1
12982	168	135	256	254	24	24	6	4	3540	4294967295	8	1
12983	168	135	256	254	24	24	6	5	3540	4294967295	4	1
12984	168	135	256	254	24	24	6	6	3540	4294967295	2	1
12985	168	135	256	254	24	24	7	0	3540	4294967295	117	1
12986	168	135	256	254	24	24	7	1	3540	4294967295	59	1
12987	168	135	256	254	24	24	7	2	3540	4294967295	30	1
12988	168	135	256	254	24	24	7	3	3540	4294967295	16	1
12989	168	135	256	254	24	24	7	4	3540	4294967295	8	1
12990	168	135	256	254	24	24	7	5	3540	4294967295	4	1
12991	168	135	256	254	24	24	7	6	3540	4294967295	2	1
12992	168	135	256	254	24	24	8	0	3540	4294967295	117	1
12993	168	135	256	254	24	24	8	1	3540	4294967295	59	1
12994	168	135	256	254	24	24	8	2	3540	4294967295	30	1
12995	168	135	256	254	24	24	8	3	3540	4294967295	16	1
12996	168	135	256	254	24	24	8	4	3540	4294967295	8	1
12997	168	135	256	254	24	24	8	5	3540	4294967295	4	1
12998	168	135	256	254	24	24	8	6	3540	4294967295	2	1
12999	168	135	256	254	24	24	9	0	3540	4294967295	117	1
13000	168	135	256	254	24	24	9	1	3540	4294967295	59	1
13001	168	135	256	254	24	24	9	2	3540	4294967295	30	1
13002	168	135	256	254	24	24	9	3	3540	4294967295	16	1
13003	168	135	256	254	24	24	9	4	3540	4294967295	8	1
13004	168	135	256	254	24	24	9	5	3540	4294967295	4	1
13005	168	135	256	254	24	24	9	6	3540	4294967295	2	1
13006	168	135	256	254	24	24	10	0	3540	4294967295	117	1
13007	168	135	256	254	24	24	10	1	3540	4294967295	59	1
13008	168	135	256	254	24	24	10	2	3540	4294967295	30	1
13009	168	135	256	254	24	24	10	3	3540	4294967295	16	1
13010	168	135	256	254	24	24	10	4	3540	4294967295	8	1
13011	168	135	256	254	24	24	10	5	3540	4294967295	4	1
13012	168	135	256	254	24	24	10	6	3540	4294967295	2	1
13013	169	139	256	254	24	24	0	0	3420	4294967295	113	1
13014	169	139	256	254	24	24	0	1	3420	4294967295	57	1
13015	169	139	256	254	24	24	0	2	3420	4294967295	29	1
13016	169	139	256	254	24	24	0	3	3420	4294967295	15	1
13017	169	139	256	254	24	24	0	4	3420	4294967295	8	1
13018	169	139	256	254	24	24	0	5	3420	4294967295	4	1
13019	169	139	256	254	24	24	0	6	3420	4294967295	2	1
13020	169	139	256	254	24	24	1	0	3420	4294967295	113	1
13021	169	139	256	254	24	24	1	1	3420	4294967295	57	1
13022	169	139	256	254	24	24	1	2	3420	4294967295	29	1
13023	169	139	256	254	24	24	1	3	3420	4294967295	15	1
13024	169	139	256	254	24	24	1	4	3420	4294967295	8	1
13025	169	139	256	254	24	24	1	5	3420	4294967295	4	1
13026	169	139	256	254	24	24	1	6	3420	4294967295	2	1
13027	169	139	256	254	24	24	2	0	3420	4294967295	113	1
13028	169	139	256	254	24	24	2	1	3420	4294967295	57	1
13029	169	139	256	254	24	24	2	2	3420	4294967295	29	1
13030	169	139	256	254	24	24	2	3	3420	4294967295	15	1
13031	169	139	256	254	24	24	2	4	3420	4294967295	8	1
13032	169	139	256	254	24	24	2	5	3420	4294967295	4	1
13033	169	139	256	254	24	24	2	6	3420	4294967295	2	1
13034	169	139	256	254	24	24	3	0	3420	4972	113	1
13035	169	139	256	254	24	24	3	1	3420	2278	57	1
13036	169	139	256	254	24	24	3	2	3420	1490	29	1
13037	169	139	256	254	24	24	3	3	3420	1430	15	1
13038	169	139	256	254	24	24	3	4	3420	1678	8	1
13039	169	139	256	254	24	24	3	5	3420	2050	4	1
13040	169	139	256	254	24	24	3	6	3420	2486	2	1
13041	169	139	256	254	24	24	4	0	3420	4972	113	1
13042	169	139	256	254	24	24	4	1	3420	2278	57	1
13043	169	139	256	254	24	24	4	2	3420	1490	29	1
13044	169	139	256	254	24	24	4	3	3420	1430	15	1
13045	169	139	256	254	24	24	4	4	3420	1678	8	1
13046	169	139	256	254	24	24	4	5	3420	2050	4	1
13047	169	139	256	254	24	24	4	6	3420	2486	2	1
13048	169	139	256	254	24	24	5	0	3420	4294967295	113	1
13049	169	139	256	254	24	24	5	1	3420	4294967295	57	1
13050	169	139	256	254	24	24	5	2	3420	4294967295	29	1
13051	169	139	256	254	24	24	5	3	3420	4294967295	15	1
13052	169	139	256	254	24	24	5	4	3420	4294967295	8	1
13053	169	139	256	254	24	24	5	5	3420	4294967295	4	1
13054	169	139	256	254	24	24	5	6	3420	4294967295	2	1
13055	169	139	256	254	24	24	6	0	3420	4294967295	113	1
13056	169	139	256	254	24	24	6	1	3420	4294967295	57	1
13057	169	139	256	254	24	24	6	2	3420	4294967295	29	1
13058	169	139	256	254	24	24	6	3	3420	4294967295	15	1
13059	169	139	256	254	24	24	6	4	3420	4294967295	8	1
13060	169	139	256	254	24	24	6	5	3420	4294967295	4	1
13061	169	139	256	254	24	24	6	6	3420	4294967295	2	1
13062	169	139	256	254	24	24	7	0	3420	4294967295	113	1
13063	169	139	256	254	24	24	7	1	3420	4294967295	57	1
13064	169	139	256	254	24	24	7	2	3420	4294967295	29	1
13065	169	139	256	254	24	24	7	3	3420	4294967295	15	1
13066	169	139	256	254	24	24	7	4	3420	4294967295	8	1
13067	169	139	256	254	24	24	7	5	3420	4294967295	4	1
13068	169	139	256	254	24	24	7	6	3420	4294967295	2	1
13069	169	139	256	254	24	24	8	0	3420	4294967295	113	1
13070	169	139	256	254	24	24	8	1	3420	4294967295	57	1
13071	169	139	256	254	24	24	8	2	3420	4294967295	29	1
13072	169	139	256	254	24	24	8	3	3420	4294967295	15	1
13073	169	139	256	254	24	24	8	4	3420	4294967295	8	1
13074	169	139	256	254	24	24	8	5	3420	4294967295	4	1
13075	169	139	256	254	24	24	8	6	3420	4294967295	2	1
13076	169	139	256	254	24	24	9	0	3420	4294967295	113	1
13077	169	139	256	254	24	24	9	1	3420	4294967295	57	1
13078	169	139	256	254	24	24	9	2	3420	4294967295	29	1
13079	169	139	256	254	24	24	9	3	3420	4294967295	15	1
13080	169	139	256	254	24	24	9	4	3420	4294967295	8	1
13081	169	139	256	254	24	24	9	5	3420	4294967295	4	1
13082	169	139	256	254	24	24	9	6	3420	4294967295	2	1
13083	169	139	256	254	24	24	10	0	3420	4294967295	113	1
13084	169	139	256	254	24	24	10	1	3420	4294967295	57	1
13085	169	139	256	254	24	24	10	2	3420	4294967295	29	1
13086	169	139	256	254	24	24	10	3	3420	4294967295	15	1
13087	169	139	256	254	24	24	10	4	3420	4294967295	8	1
13088	169	139	256	254	24	24	10	5	3420	4294967295	4	1
13089	169	139	256	254	24	24	10	6	3420	4294967295	2	1
13090	170	142	256	254	24	24	0	0	3330	4294967295	110	1
13091	170	142	256	254	24	24	0	1	3330	4294967295	55	1
13092	170	142	256	254	24	24	0	2	3330	4294967295	28	1
13093	170	142	256	254	24	24	0	3	3330	4294967295	15	1
13094	170	142	256	254	24	24	0	4	3330	4294967295	8	1
13095	170	142	256	254	24	24	0	5	3330	4294967295	4	1
13096	170	142	256	254	24	24	0	6	3330	4294967295	2	1
13097	170	142	256	254	24	24	1	0	3330	4294967295	110	1
13098	170	142	256	254	24	24	1	1	3330	4294967295	55	1
13099	170	142	256	254	24	24	1	2	3330	4294967295	28	1
13100	170	142	256	254	24	24	1	3	3330	4294967295	15	1
13101	170	142	256	254	24	24	1	4	3330	4294967295	8	1
13102	170	142	256	254	24	24	1	5	3330	4294967295	4	1
13103	170	142	256	254	24	24	1	6	3330	4294967295	2	1
13104	170	142	256	254	24	24	2	0	3330	4294967295	110	1
13105	170	142	256	254	24	24	2	1	3330	4294967295	55	1
13106	170	142	256	254	24	24	2	2	3330	4294967295	28	1
13107	170	142	256	254	24	24	2	3	3330	4294967295	15	1
13108	170	142	256	254	24	24	2	4	3330	4294967295	8	1
13109	170	142	256	254	24	24	2	5	3330	4294967295	4	1
13110	170	142	256	254	24	24	2	6	3330	4294967295	2	1
13111	170	142	256	254	24	24	3	0	3330	4840	110	1
13112	170	142	256	254	24	24	3	1	3330	2200	55	1
13113	170	142	256	254	24	24	3	2	3330	1444	28	1
13114	170	142	256	254	24	24	3	3	3330	1400	15	1
13115	170	142	256	254	24	24	3	4	3330	1636	8	1
13116	170	142	256	254	24	24	3	5	3330	1996	4	1
13117	170	142	256	254	24	24	3	6	3330	2420	2	1
13118	170	142	256	254	24	24	4	0	3330	4840	110	1
13119	170	142	256	254	24	24	4	1	3330	2200	55	1
13120	170	142	256	254	24	24	4	2	3330	1444	28	1
13121	170	142	256	254	24	24	4	3	3330	1400	15	1
13122	170	142	256	254	24	24	4	4	3330	1636	8	1
13123	170	142	256	254	24	24	4	5	3330	1996	4	1
13124	170	142	256	254	24	24	4	6	3330	2420	2	1
13125	170	142	256	254	24	24	5	0	3330	4294967295	110	1
13126	170	142	256	254	24	24	5	1	3330	4294967295	55	1
13127	170	142	256	254	24	24	5	2	3330	4294967295	28	1
13128	170	142	256	254	24	24	5	3	3330	4294967295	15	1
13129	170	142	256	254	24	24	5	4	3330	4294967295	8	1
13130	170	142	256	254	24	24	5	5	3330	4294967295	4	1
13131	170	142	256	254	24	24	5	6	3330	4294967295	2	1
13132	170	142	256	254	24	24	6	0	3330	4294967295	110	1
13133	170	142	256	254	24	24	6	1	3330	4294967295	55	1
13134	170	142	256	254	24	24	6	2	3330	4294967295	28	1
13135	170	142	256	254	24	24	6	3	3330	4294967295	15	1
13136	170	142	256	254	24	24	6	4	3330	4294967295	8	1
13137	170	142	256	254	24	24	6	5	3330	4294967295	4	1
13138	170	142	256	254	24	24	6	6	3330	4294967295	2	1
13139	170	142	256	254	24	24	7	0	3330	4294967295	110	1
13140	170	142	256	254	24	24	7	1	3330	4294967295	55	1
13141	170	142	256	254	24	24	7	2	3330	4294967295	28	1
13142	170	142	256	254	24	24	7	3	3330	4294967295	15	1
13143	170	142	256	254	24	24	7	4	3330	4294967295	8	1
13144	170	142	256	254	24	24	7	5	3330	4294967295	4	1
13145	170	142	256	254	24	24	7	6	3330	4294967295	2	1
13146	170	142	256	254	24	24	8	0	3330	4294967295	110	1
13147	170	142	256	254	24	24	8	1	3330	4294967295	55	1
13148	170	142	256	254	24	24	8	2	3330	4294967295	28	1
13149	170	142	256	254	24	24	8	3	3330	4294967295	15	1
13150	170	142	256	254	24	24	8	4	3330	4294967295	8	1
13151	170	142	256	254	24	24	8	5	3330	4294967295	4	1
13152	170	142	256	254	24	24	8	6	3330	4294967295	2	1
13153	170	142	256	254	24	24	9	0	3330	4294967295	110	1
13154	170	142	256	254	24	24	9	1	3330	4294967295	55	1
13155	170	142	256	254	24	24	9	2	3330	4294967295	28	1
13156	170	142	256	254	24	24	9	3	3330	4294967295	15	1
13157	170	142	256	254	24	24	9	4	3330	4294967295	8	1
13158	170	142	256	254	24	24	9	5	3330	4294967295	4	1
13159	170	142	256	254	24	24	9	6	3330	4294967295	2	1
13160	170	142	256	254	24	24	10	0	3330	4294967295	110	1
13161	170	142	256	254	24	24	10	1	3330	4294967295	55	1
13162	170	142	256	254	24	24	10	2	3330	4294967295	28	1
13163	170	142	256	254	24	24	10	3	3330	4294967295	15	1
13164	170	142	256	254	24	24	10	4	3330	4294967295	8	1
13165	170	142	256	254	24	24	10	5	3330	4294967295	4	1
13166	170	142	256	254	24	24	10	6	3330	4294967295	2	1
13167	171	145	256	254	24	24	0	0	3240	4294967295	107	1
13168	171	145	256	254	24	24	0	1	3240	4294967295	54	1
13169	171	145	256	254	24	24	0	2	3240	4294967295	27	1
13170	171	145	256	254	24	24	0	3	3240	4294967295	14	1
13171	171	145	256	254	24	24	0	4	3240	4294967295	7	1
13172	171	145	256	254	24	24	0	5	3240	4294967295	4	1
13173	171	145	256	254	24	24	0	6	3240	4294967295	2	1
13174	171	145	256	254	24	24	1	0	3240	4294967295	107	1
13175	171	145	256	254	24	24	1	1	3240	4294967295	54	1
13176	171	145	256	254	24	24	1	2	3240	4294967295	27	1
13177	171	145	256	254	24	24	1	3	3240	4294967295	14	1
13178	171	145	256	254	24	24	1	4	3240	4294967295	7	1
13179	171	145	256	254	24	24	1	5	3240	4294967295	4	1
13180	171	145	256	254	24	24	1	6	3240	4294967295	2	1
13181	171	145	256	254	24	24	2	0	3240	4294967295	107	1
13182	171	145	256	254	24	24	2	1	3240	4294967295	54	1
13183	171	145	256	254	24	24	2	2	3240	4294967295	27	1
13184	171	145	256	254	24	24	2	3	3240	4294967295	14	1
13185	171	145	256	254	24	24	2	4	3240	4294967295	7	1
13186	171	145	256	254	24	24	2	5	3240	4294967295	4	1
13187	171	145	256	254	24	24	2	6	3240	4294967295	2	1
13188	171	145	256	254	24	24	3	0	3240	4708	107	1
13189	171	145	256	254	24	24	3	1	3240	2158	54	1
13190	171	145	256	254	24	24	3	2	3240	1398	27	1
13191	171	145	256	254	24	24	3	3	3240	1350	14	1
13192	171	145	256	254	24	24	3	4	3240	1582	7	1
13193	171	145	256	254	24	24	3	5	3240	1942	4	1
13194	171	145	256	254	24	24	3	6	3240	2354	2	1
13195	171	145	256	254	24	24	4	0	3240	4708	107	1
13196	171	145	256	254	24	24	4	1	3240	2158	54	1
13197	171	145	256	254	24	24	4	2	3240	1398	27	1
13198	171	145	256	254	24	24	4	3	3240	1350	14	1
13199	171	145	256	254	24	24	4	4	3240	1582	7	1
13200	171	145	256	254	24	24	4	5	3240	1942	4	1
13201	171	145	256	254	24	24	4	6	3240	2354	2	1
13202	171	145	256	254	24	24	5	0	3240	4294967295	107	1
13203	171	145	256	254	24	24	5	1	3240	4294967295	54	1
13204	171	145	256	254	24	24	5	2	3240	4294967295	27	1
13205	171	145	256	254	24	24	5	3	3240	4294967295	14	1
13206	171	145	256	254	24	24	5	4	3240	4294967295	7	1
13207	171	145	256	254	24	24	5	5	3240	4294967295	4	1
13208	171	145	256	254	24	24	5	6	3240	4294967295	2	1
13209	171	145	256	254	24	24	6	0	3240	4294967295	107	1
13210	171	145	256	254	24	24	6	1	3240	4294967295	54	1
13211	171	145	256	254	24	24	6	2	3240	4294967295	27	1
13212	171	145	256	254	24	24	6	3	3240	4294967295	14	1
13213	171	145	256	254	24	24	6	4	3240	4294967295	7	1
13214	171	145	256	254	24	24	6	5	3240	4294967295	4	1
13215	171	145	256	254	24	24	6	6	3240	4294967295	2	1
13216	171	145	256	254	24	24	7	0	3240	4294967295	107	1
13217	171	145	256	254	24	24	7	1	3240	4294967295	54	1
13218	171	145	256	254	24	24	7	2	3240	4294967295	27	1
13219	171	145	256	254	24	24	7	3	3240	4294967295	14	1
13220	171	145	256	254	24	24	7	4	3240	4294967295	7	1
13221	171	145	256	254	24	24	7	5	3240	4294967295	4	1
13222	171	145	256	254	24	24	7	6	3240	4294967295	2	1
13223	171	145	256	254	24	24	8	0	3240	4294967295	107	1
13224	171	145	256	254	24	24	8	1	3240	4294967295	54	1
13225	171	145	256	254	24	24	8	2	3240	4294967295	27	1
13226	171	145	256	254	24	24	8	3	3240	4294967295	14	1
13227	171	145	256	254	24	24	8	4	3240	4294967295	7	1
13228	171	145	256	254	24	24	8	5	3240	4294967295	4	1
13229	171	145	256	254	24	24	8	6	3240	4294967295	2	1
13230	171	145	256	254	24	24	9	0	3240	4294967295	107	1
13231	171	145	256	254	24	24	9	1	3240	4294967295	54	1
13232	171	145	256	254	24	24	9	2	3240	4294967295	27	1
13233	171	145	256	254	24	24	9	3	3240	4294967295	14	1
13234	171	145	256	254	24	24	9	4	3240	4294967295	7	1
13235	171	145	256	254	24	24	9	5	3240	4294967295	4	1
13236	171	145	256	254	24	24	9	6	3240	4294967295	2	1
13237	171	145	256	254	24	24	10	0	3240	4294967295	107	1
13238	171	145	256	254	24	24	10	1	3240	4294967295	54	1
13239	171	145	256	254	24	24	10	2	3240	4294967295	27	1
13240	171	145	256	254	24	24	10	3	3240	4294967295	14	1
13241	171	145	256	254	24	24	10	4	3240	4294967295	7	1
13242	171	145	256	254	24	24	10	5	3240	4294967295	4	1
13243	171	145	256	254	24	24	10	6	3240	4294967295	2	1
13244	172	149	256	254	24	24	0	0	3120	4294967295	103	1
13245	172	149	256	254	24	24	0	1	3120	4294967295	52	1
13246	172	149	256	254	24	24	0	2	3120	4294967295	26	1
13247	172	149	256	254	24	24	0	3	3120	4294967295	14	1
13248	172	149	256	254	24	24	0	4	3120	4294967295	7	1
13249	172	149	256	254	24	24	0	5	3120	4294967295	4	1
13250	172	149	256	254	24	24	0	6	3120	4294967295	2	1
13251	172	149	256	254	24	24	1	0	3120	4294967295	103	1
13252	172	149	256	254	24	24	1	1	3120	4294967295	52	1
13253	172	149	256	254	24	24	1	2	3120	4294967295	26	1
13254	172	149	256	254	24	24	1	3	3120	4294967295	14	1
13255	172	149	256	254	24	24	1	4	3120	4294967295	7	1
13256	172	149	256	254	24	24	1	5	3120	4294967295	4	1
13257	172	149	256	254	24	24	1	6	3120	4294967295	2	1
13258	172	149	256	254	24	24	2	0	3120	4294967295	103	1
13259	172	149	256	254	24	24	2	1	3120	4294967295	52	1
13260	172	149	256	254	24	24	2	2	3120	4294967295	26	1
13261	172	149	256	254	24	24	2	3	3120	4294967295	14	1
13262	172	149	256	254	24	24	2	4	3120	4294967295	7	1
13263	172	149	256	254	24	24	2	5	3120	4294967295	4	1
13264	172	149	256	254	24	24	2	6	3120	4294967295	2	1
13265	172	149	256	254	24	24	3	0	3120	4532	103	1
13266	172	149	256	254	24	24	3	1	3120	2078	52	1
13267	172	149	256	254	24	24	3	2	3120	1346	26	1
13268	172	149	256	254	24	24	3	3	3120	1310	14	1
13269	172	149	256	254	24	24	3	4	3120	1526	7	1
13270	172	149	256	254	24	24	3	5	3120	1870	4	1
13271	172	149	256	254	24	24	3	6	3120	2266	2	1
13272	172	149	256	254	24	24	4	0	3120	4532	103	1
13273	172	149	256	254	24	24	4	1	3120	2078	52	1
13274	172	149	256	254	24	24	4	2	3120	1346	26	1
13275	172	149	256	254	24	24	4	3	3120	1310	14	1
13276	172	149	256	254	24	24	4	4	3120	1526	7	1
13277	172	149	256	254	24	24	4	5	3120	1870	4	1
13278	172	149	256	254	24	24	4	6	3120	2266	2	1
13279	172	149	256	254	24	24	5	0	3120	4294967295	103	1
13280	172	149	256	254	24	24	5	1	3120	4294967295	52	1
13281	172	149	256	254	24	24	5	2	3120	4294967295	26	1
13282	172	149	256	254	24	24	5	3	3120	4294967295	14	1
13283	172	149	256	254	24	24	5	4	3120	4294967295	7	1
13284	172	149	256	254	24	24	5	5	3120	4294967295	4	1
13285	172	149	256	254	24	24	5	6	3120	4294967295	2	1
13286	172	149	256	254	24	24	6	0	3120	4294967295	103	1
13287	172	149	256	254	24	24	6	1	3120	4294967295	52	1
13288	172	149	256	254	24	24	6	2	3120	4294967295	26	1
13289	172	149	256	254	24	24	6	3	3120	4294967295	14	1
13290	172	149	256	254	24	24	6	4	3120	4294967295	7	1
13291	172	149	256	254	24	24	6	5	3120	4294967295	4	1
13292	172	149	256	254	24	24	6	6	3120	4294967295	2	1
13293	172	149	256	254	24	24	7	0	3120	4294967295	103	1
13294	172	149	256	254	24	24	7	1	3120	4294967295	52	1
13295	172	149	256	254	24	24	7	2	3120	4294967295	26	1
13296	172	149	256	254	24	24	7	3	3120	4294967295	14	1
13297	172	149	256	254	24	24	7	4	3120	4294967295	7	1
13298	172	149	256	254	24	24	7	5	3120	4294967295	4	1
13299	172	149	256	254	24	24	7	6	3120	4294967295	2	1
13300	172	149	256	254	24	24	8	0	3120	4294967295	103	1
13301	172	149	256	254	24	24	8	1	3120	4294967295	52	1
13302	172	149	256	254	24	24	8	2	3120	4294967295	26	1
13303	172	149	256	254	24	24	8	3	3120	4294967295	14	1
13304	172	149	256	254	24	24	8	4	3120	4294967295	7	1
13305	172	149	256	254	24	24	8	5	3120	4294967295	4	1
13306	172	149	256	254	24	24	8	6	3120	4294967295	2	1
13307	172	149	256	254	24	24	9	0	3120	4294967295	103	1
13308	172	149	256	254	24	24	9	1	3120	4294967295	52	1
13309	172	149	256	254	24	24	9	2	3120	4294967295	26	1
13310	172	149	256	254	24	24	9	3	3120	4294967295	14	1
13311	172	149	256	254	24	24	9	4	3120	4294967295	7	1
13312	172	149	256	254	24	24	9	5	3120	4294967295	4	1
13313	172	149	256	254	24	24	9	6	3120	4294967295	2	1
13314	172	149	256	254	24	24	10	0	3120	4294967295	103	1
13315	172	149	256	254	24	24	10	1	3120	4294967295	52	1
13316	172	149	256	254	24	24	10	2	3120	4294967295	26	1
13317	172	149	256	254	24	24	10	3	3120	4294967295	14	1
13318	172	149	256	254	24	24	10	4	3120	4294967295	7	1
13319	172	149	256	254	24	24	10	5	3120	4294967295	4	1
13320	172	149	256	254	24	24	10	6	3120	4294967295	2	1
13321	173	152	256	254	24	24	0	0	3030	4294967295	100	1
13322	173	152	256	254	24	24	0	1	3030	4294967295	50	1
13323	173	152	256	254	24	24	0	2	3030	4294967295	25	1
13324	173	152	256	254	24	24	0	3	3030	4294967295	13	1
13325	173	152	256	254	24	24	0	4	3030	4294967295	7	1
13326	173	152	256	254	24	24	0	5	3030	4294967295	4	1
13327	173	152	256	254	24	24	0	6	3030	4294967295	2	1
13328	173	152	256	254	24	24	1	0	3030	4294967295	100	1
13329	173	152	256	254	24	24	1	1	3030	4294967295	50	1
13330	173	152	256	254	24	24	1	2	3030	4294967295	25	1
13331	173	152	256	254	24	24	1	3	3030	4294967295	13	1
13332	173	152	256	254	24	24	1	4	3030	4294967295	7	1
13333	173	152	256	254	24	24	1	5	3030	4294967295	4	1
13334	173	152	256	254	24	24	1	6	3030	4294967295	2	1
13335	173	152	256	254	24	24	2	0	3030	4294967295	100	1
13336	173	152	256	254	24	24	2	1	3030	4294967295	50	1
13337	173	152	256	254	24	24	2	2	3030	4294967295	25	1
13338	173	152	256	254	24	24	2	3	3030	4294967295	13	1
13339	173	152	256	254	24	24	2	4	3030	4294967295	7	1
13340	173	152	256	254	24	24	2	5	3030	4294967295	4	1
13341	173	152	256	254	24	24	2	6	3030	4294967295	2	1
13342	173	152	256	254	24	24	3	0	3030	4400	100	1
13343	173	152	256	254	24	24	3	1	3030	2000	50	1
13344	173	152	256	254	24	24	3	2	3030	1300	25	1
13345	173	152	256	254	24	24	3	3	3030	1260	13	1
13346	173	152	256	254	24	24	3	4	3030	1484	7	1
13347	173	152	256	254	24	24	3	5	3030	1816	4	1
13348	173	152	256	254	24	24	3	6	3030	2200	2	1
13349	173	152	256	254	24	24	4	0	3030	4400	100	1
13350	173	152	256	254	24	24	4	1	3030	2000	50	1
13351	173	152	256	254	24	24	4	2	3030	1300	25	1
13352	173	152	256	254	24	24	4	3	3030	1260	13	1
13353	173	152	256	254	24	24	4	4	3030	1484	7	1
13354	173	152	256	254	24	24	4	5	3030	1816	4	1
13355	173	152	256	254	24	24	4	6	3030	2200	2	1
13356	173	152	256	254	24	24	5	0	3030	4294967295	100	1
13357	173	152	256	254	24	24	5	1	3030	4294967295	50	1
13358	173	152	256	254	24	24	5	2	3030	4294967295	25	1
13359	173	152	256	254	24	24	5	3	3030	4294967295	13	1
13360	173	152	256	254	24	24	5	4	3030	4294967295	7	1
13361	173	152	256	254	24	24	5	5	3030	4294967295	4	1
13362	173	152	256	254	24	24	5	6	3030	4294967295	2	1
13363	173	152	256	254	24	24	6	0	3030	4294967295	100	1
13364	173	152	256	254	24	24	6	1	3030	4294967295	50	1
13365	173	152	256	254	24	24	6	2	3030	4294967295	25	1
13366	173	152	256	254	24	24	6	3	3030	4294967295	13	1
13367	173	152	256	254	24	24	6	4	3030	4294967295	7	1
13368	173	152	256	254	24	24	6	5	3030	4294967295	4	1
13369	173	152	256	254	24	24	6	6	3030	4294967295	2	1
13370	173	152	256	254	24	24	7	0	3030	4294967295	100	1
13371	173	152	256	254	24	24	7	1	3030	4294967295	50	1
13372	173	152	256	254	24	24	7	2	3030	4294967295	25	1
13373	173	152	256	254	24	24	7	3	3030	4294967295	13	1
13374	173	152	256	254	24	24	7	4	3030	4294967295	7	1
13375	173	152	256	254	24	24	7	5	3030	4294967295	4	1
13376	173	152	256	254	24	24	7	6	3030	4294967295	2	1
13377	173	152	256	254	24	24	8	0	3030	4294967295	100	1
13378	173	152	256	254	24	24	8	1	3030	4294967295	50	1
13379	173	152	256	254	24	24	8	2	3030	4294967295	25	1
13380	173	152	256	254	24	24	8	3	3030	4294967295	13	1
13381	173	152	256	254	24	24	8	4	3030	4294967295	7	1
13382	173	152	256	254	24	24	8	5	3030	4294967295	4	1
13383	173	152	256	254	24	24	8	6	3030	4294967295	2	1
13384	173	152	256	254	24	24	9	0	3030	4294967295	100	1
13385	173	152	256	254	24	24	9	1	3030	4294967295	50	1
13386	173	152	256	254	24	24	9	2	3030	4294967295	25	1
13387	173	152	256	254	24	24	9	3	3030	4294967295	13	1
13388	173	152	256	254	24	24	9	4	3030	4294967295	7	1
13389	173	152	256	254	24	24	9	5	3030	4294967295	4	1
13390	173	152	256	254	24	24	9	6	3030	4294967295	2	1
13391	173	152	256	254	24	24	10	0	3030	4294967295	100	1
13392	173	152	256	254	24	24	10	1	3030	4294967295	50	1
13393	173	152	256	254	24	24	10	2	3030	4294967295	25	1
13394	173	152	256	254	24	24	10	3	3030	4294967295	13	1
13395	173	152	256	254	24	24	10	4	3030	4294967295	7	1
13396	173	152	256	254	24	24	10	5	3030	4294967295	4	1
13397	173	152	256	254	24	24	10	6	3030	4294967295	2	1
13398	174	156	256	254	24	24	0	0	2910	4294967295	96	1
13399	174	156	256	254	24	24	0	1	2910	4294967295	48	1
13400	174	156	256	254	24	24	0	2	2910	4294967295	24	1
13401	174	156	256	254	24	24	0	3	2910	4294967295	13	1
13402	174	156	256	254	24	24	0	4	2910	4294967295	7	1
13403	174	156	256	254	24	24	0	5	2910	4294967295	4	1
13404	174	156	256	254	24	24	0	6	2910	4294967295	2	1
13405	174	156	256	254	24	24	1	0	2910	4294967295	96	1
13406	174	156	256	254	24	24	1	1	2910	4294967295	48	1
13407	174	156	256	254	24	24	1	2	2910	4294967295	24	1
13408	174	156	256	254	24	24	1	3	2910	4294967295	13	1
13409	174	156	256	254	24	24	1	4	2910	4294967295	7	1
13410	174	156	256	254	24	24	1	5	2910	4294967295	4	1
13411	174	156	256	254	24	24	1	6	2910	4294967295	2	1
13412	174	156	256	254	24	24	2	0	2910	4294967295	96	1
13413	174	156	256	254	24	24	2	1	2910	4294967295	48	1
13414	174	156	256	254	24	24	2	2	2910	4294967295	24	1
13415	174	156	256	254	24	24	2	3	2910	4294967295	13	1
13416	174	156	256	254	24	24	2	4	2910	4294967295	7	1
13417	174	156	256	254	24	24	2	5	2910	4294967295	4	1
13418	174	156	256	254	24	24	2	6	2910	4294967295	2	1
13419	174	156	256	254	24	24	3	0	2910	4224	96	1
13420	174	156	256	254	24	24	3	1	2910	1920	48	1
13421	174	156	256	254	24	24	3	2	2910	1248	24	1
13422	174	156	256	254	24	24	3	3	2910	1220	13	1
13423	174	156	256	254	24	24	3	4	2910	1428	7	1
13424	174	156	256	254	24	24	3	5	2910	1744	4	1
13425	174	156	256	254	24	24	3	6	2910	2112	2	1
13426	174	156	256	254	24	24	4	0	2910	4224	96	1
13427	174	156	256	254	24	24	4	1	2910	1920	48	1
13428	174	156	256	254	24	24	4	2	2910	1248	24	1
13429	174	156	256	254	24	24	4	3	2910	1220	13	1
13430	174	156	256	254	24	24	4	4	2910	1428	7	1
13431	174	156	256	254	24	24	4	5	2910	1744	4	1
13432	174	156	256	254	24	24	4	6	2910	2112	2	1
13433	174	156	256	254	24	24	5	0	2910	4294967295	96	1
13434	174	156	256	254	24	24	5	1	2910	4294967295	48	1
13435	174	156	256	254	24	24	5	2	2910	4294967295	24	1
13436	174	156	256	254	24	24	5	3	2910	4294967295	13	1
13437	174	156	256	254	24	24	5	4	2910	4294967295	7	1
13438	174	156	256	254	24	24	5	5	2910	4294967295	4	1
13439	174	156	256	254	24	24	5	6	2910	4294967295	2	1
13440	174	156	256	254	24	24	6	0	2910	4294967295	96	1
13441	174	156	256	254	24	24	6	1	2910	4294967295	48	1
13442	174	156	256	254	24	24	6	2	2910	4294967295	24	1
13443	174	156	256	254	24	24	6	3	2910	4294967295	13	1
13444	174	156	256	254	24	24	6	4	2910	4294967295	7	1
13445	174	156	256	254	24	24	6	5	2910	4294967295	4	1
13446	174	156	256	254	24	24	6	6	2910	4294967295	2	1
13447	174	156	256	254	24	24	7	0	2910	4294967295	96	1
13448	174	156	256	254	24	24	7	1	2910	4294967295	48	1
13449	174	156	256	254	24	24	7	2	2910	4294967295	24	1
13450	174	156	256	254	24	24	7	3	2910	4294967295	13	1
13451	174	156	256	254	24	24	7	4	2910	4294967295	7	1
13452	174	156	256	254	24	24	7	5	2910	4294967295	4	1
13453	174	156	256	254	24	24	7	6	2910	4294967295	2	1
13454	174	156	256	254	24	24	8	0	2910	4294967295	96	1
13455	174	156	256	254	24	24	8	1	2910	4294967295	48	1
13456	174	156	256	254	24	24	8	2	2910	4294967295	24	1
13457	174	156	256	254	24	24	8	3	2910	4294967295	13	1
13458	174	156	256	254	24	24	8	4	2910	4294967295	7	1
13459	174	156	256	254	24	24	8	5	2910	4294967295	4	1
13460	174	156	256	254	24	24	8	6	2910	4294967295	2	1
13461	174	156	256	254	24	24	9	0	2910	4294967295	96	1
13462	174	156	256	254	24	24	9	1	2910	4294967295	48	1
13463	174	156	256	254	24	24	9	2	2910	4294967295	24	1
13464	174	156	256	254	24	24	9	3	2910	4294967295	13	1
13465	174	156	256	254	24	24	9	4	2910	4294967295	7	1
13466	174	156	256	254	24	24	9	5	2910	4294967295	4	1
13467	174	156	256	254	24	24	9	6	2910	4294967295	2	1
13468	174	156	256	254	24	24	10	0	2910	4294967295	96	1
13469	174	156	256	254	24	24	10	1	2910	4294967295	48	1
13470	174	156	256	254	24	24	10	2	2910	4294967295	24	1
13471	174	156	256	254	24	24	10	3	2910	4294967295	13	1
13472	174	156	256	254	24	24	10	4	2910	4294967295	7	1
13473	174	156	256	254	24	24	10	5	2910	4294967295	4	1
13474	174	156	256	254	24	24	10	6	2910	4294967295	2	1
13475	175	159	256	254	24	24	0	0	2820	4294967295	93	1
13476	175	159	256	254	24	24	0	1	2820	4294967295	47	1
13477	175	159	256	254	24	24	0	2	2820	4294967295	24	1
13478	175	159	256	254	24	24	0	3	2820	4294967295	13	1
13479	175	159	256	254	24	24	0	4	2820	4294967295	7	1
13480	175	159	256	254	24	24	0	5	2820	4294967295	4	1
13481	175	159	256	254	24	24	0	6	2820	4294967295	2	1
13482	175	159	256	254	24	24	1	0	2820	4294967295	93	1
13483	175	159	256	254	24	24	1	1	2820	4294967295	47	1
13484	175	159	256	254	24	24	1	2	2820	4294967295	24	1
13485	175	159	256	254	24	24	1	3	2820	4294967295	13	1
13486	175	159	256	254	24	24	1	4	2820	4294967295	7	1
13487	175	159	256	254	24	24	1	5	2820	4294967295	4	1
13488	175	159	256	254	24	24	1	6	2820	4294967295	2	1
13489	175	159	256	254	24	24	2	0	2820	4294967295	93	1
13490	175	159	256	254	24	24	2	1	2820	4294967295	47	1
13491	175	159	256	254	24	24	2	2	2820	4294967295	24	1
13492	175	159	256	254	24	24	2	3	2820	4294967295	13	1
13493	175	159	256	254	24	24	2	4	2820	4294967295	7	1
13494	175	159	256	254	24	24	2	5	2820	4294967295	4	1
13495	175	159	256	254	24	24	2	6	2820	4294967295	2	1
13496	175	159	256	254	24	24	3	0	2820	4092	93	1
13497	175	159	256	254	24	24	3	1	2820	1878	47	1
13498	175	159	256	254	24	24	3	2	2820	1230	24	1
13499	175	159	256	254	24	24	3	3	2820	1190	13	1
13500	175	159	256	254	24	24	3	4	2820	1386	7	1
13501	175	159	256	254	24	24	3	5	2820	1690	4	1
13502	175	159	256	254	24	24	3	6	2820	2046	2	1
13503	175	159	256	254	24	24	4	0	2820	4092	93	1
13504	175	159	256	254	24	24	4	1	2820	1878	47	1
13505	175	159	256	254	24	24	4	2	2820	1230	24	1
13506	175	159	256	254	24	24	4	3	2820	1190	13	1
13507	175	159	256	254	24	24	4	4	2820	1386	7	1
13508	175	159	256	254	24	24	4	5	2820	1690	4	1
13509	175	159	256	254	24	24	4	6	2820	2046	2	1
13510	175	159	256	254	24	24	5	0	2820	4294967295	93	1
13511	175	159	256	254	24	24	5	1	2820	4294967295	47	1
13512	175	159	256	254	24	24	5	2	2820	4294967295	24	1
13513	175	159	256	254	24	24	5	3	2820	4294967295	13	1
13514	175	159	256	254	24	24	5	4	2820	4294967295	7	1
13515	175	159	256	254	24	24	5	5	2820	4294967295	4	1
13516	175	159	256	254	24	24	5	6	2820	4294967295	2	1
13517	175	159	256	254	24	24	6	0	2820	4294967295	93	1
13518	175	159	256	254	24	24	6	1	2820	4294967295	47	1
13519	175	159	256	254	24	24	6	2	2820	4294967295	24	1
13520	175	159	256	254	24	24	6	3	2820	4294967295	13	1
13521	175	159	256	254	24	24	6	4	2820	4294967295	7	1
13522	175	159	256	254	24	24	6	5	2820	4294967295	4	1
13523	175	159	256	254	24	24	6	6	2820	4294967295	2	1
13524	175	159	256	254	24	24	7	0	2820	4294967295	93	1
13525	175	159	256	254	24	24	7	1	2820	4294967295	47	1
13526	175	159	256	254	24	24	7	2	2820	4294967295	24	1
13527	175	159	256	254	24	24	7	3	2820	4294967295	13	1
13528	175	159	256	254	24	24	7	4	2820	4294967295	7	1
13529	175	159	256	254	24	24	7	5	2820	4294967295	4	1
13530	175	159	256	254	24	24	7	6	2820	4294967295	2	1
13531	175	159	256	254	24	24	8	0	2820	4294967295	93	1
13532	175	159	256	254	24	24	8	1	2820	4294967295	47	1
13533	175	159	256	254	24	24	8	2	2820	4294967295	24	1
13534	175	159	256	254	24	24	8	3	2820	4294967295	13	1
13535	175	159	256	254	24	24	8	4	2820	4294967295	7	1
13536	175	159	256	254	24	24	8	5	2820	4294967295	4	1
13537	175	159	256	254	24	24	8	6	2820	4294967295	2	1
13538	175	159	256	254	24	24	9	0	2820	4294967295	93	1
13539	175	159	256	254	24	24	9	1	2820	4294967295	47	1
13540	175	159	256	254	24	24	9	2	2820	4294967295	24	1
13541	175	159	256	254	24	24	9	3	2820	4294967295	13	1
13542	175	159	256	254	24	24	9	4	2820	4294967295	7	1
13543	175	159	256	254	24	24	9	5	2820	4294967295	4	1
13544	175	159	256	254	24	24	9	6	2820	4294967295	2	1
13545	175	159	256	254	24	24	10	0	2820	4294967295	93	1
13546	175	159	256	254	24	24	10	1	2820	4294967295	47	1
13547	175	159	256	254	24	24	10	2	2820	4294967295	24	1
13548	175	159	256	254	24	24	10	3	2820	4294967295	13	1
13549	175	159	256	254	24	24	10	4	2820	4294967295	7	1
13550	175	159	256	254	24	24	10	5	2820	4294967295	4	1
13551	175	159	256	254	24	24	10	6	2820	4294967295	2	1
13552	176	163	256	254	24	24	0	0	2584	4294967295	89	1
13553	176	163	256	254	24	24	0	1	2584	4294967295	45	1
13554	176	163	256	254	24	24	0	2	2584	4294967295	23	1
13555	176	163	256	254	24	24	0	3	2584	4294967295	12	1
13556	176	163	256	254	24	24	0	4	2584	4294967295	6	1
13557	176	163	256	254	24	24	0	5	2584	4294967295	3	1
13558	176	163	256	254	24	24	0	6	2584	4294967295	2	1
13559	176	163	256	254	24	24	1	0	2584	4294967295	89	1
13560	176	163	256	254	24	24	1	1	2584	4294967295	45	1
13561	176	163	256	254	24	24	1	2	2584	4294967295	23	1
13562	176	163	256	254	24	24	1	3	2584	4294967295	12	1
13563	176	163	256	254	24	24	1	4	2584	4294967295	6	1
13564	176	163	256	254	24	24	1	5	2584	4294967295	3	1
13565	176	163	256	254	24	24	1	6	2584	4294967295	2	1
13566	176	163	256	254	24	24	2	0	2584	4294967295	89	1
13567	176	163	256	254	24	24	2	1	2584	4294967295	45	1
13568	176	163	256	254	24	24	2	2	2584	4294967295	23	1
13569	176	163	256	254	24	24	2	3	2584	4294967295	12	1
13570	176	163	256	254	24	24	2	4	2584	4294967295	6	1
13571	176	163	256	254	24	24	2	5	2584	4294967295	3	1
13572	176	163	256	254	24	24	2	6	2584	4294967295	2	1
13573	176	163	256	254	24	24	3	0	2584	3684	89	1
13574	176	163	256	254	24	24	3	1	2584	1678	45	1
13575	176	163	256	254	24	24	3	2	2584	1114	23	1
13576	176	163	256	254	24	24	3	3	2584	1098	12	1
13577	176	163	256	254	24	24	3	4	2584	1302	6	1
13578	176	163	256	254	24	24	3	5	2584	1610	3	1
13579	176	163	256	254	24	24	3	6	2584	1842	2	1
13580	176	163	256	254	24	24	4	0	2584	3684	89	1
13581	176	163	256	254	24	24	4	1	2584	1678	45	1
13582	176	163	256	254	24	24	4	2	2584	1114	23	1
13583	176	163	256	254	24	24	4	3	2584	1098	12	1
13584	176	163	256	254	24	24	4	4	2584	1302	6	1
13585	176	163	256	254	24	24	4	5	2584	1610	3	1
13586	176	163	256	254	24	24	4	6	2584	1842	2	1
13587	176	163	256	254	24	24	5	0	2584	4294967295	89	1
13588	176	163	256	254	24	24	5	1	2584	4294967295	45	1
13589	176	163	256	254	24	24	5	2	2584	4294967295	23	1
13590	176	163	256	254	24	24	5	3	2584	4294967295	12	1
13591	176	163	256	254	24	24	5	4	2584	4294967295	6	1
13592	176	163	256	254	24	24	5	5	2584	4294967295	3	1
13593	176	163	256	254	24	24	5	6	2584	4294967295	2	1
13594	176	163	256	254	24	24	6	0	2584	4294967295	89	1
13595	176	163	256	254	24	24	6	1	2584	4294967295	45	1
13596	176	163	256	254	24	24	6	2	2584	4294967295	23	1
13597	176	163	256	254	24	24	6	3	2584	4294967295	12	1
13598	176	163	256	254	24	24	6	4	2584	4294967295	6	1
13599	176	163	256	254	24	24	6	5	2584	4294967295	3	1
13600	176	163	256	254	24	24	6	6	2584	4294967295	2	1
13601	176	163	256	254	24	24	7	0	2584	4294967295	89	1
13602	176	163	256	254	24	24	7	1	2584	4294967295	45	1
13603	176	163	256	254	24	24	7	2	2584	4294967295	23	1
13604	176	163	256	254	24	24	7	3	2584	4294967295	12	1
13605	176	163	256	254	24	24	7	4	2584	4294967295	6	1
13606	176	163	256	254	24	24	7	5	2584	4294967295	3	1
13607	176	163	256	254	24	24	7	6	2584	4294967295	2	1
13608	176	163	256	254	24	24	8	0	2584	4294967295	89	1
13609	176	163	256	254	24	24	8	1	2584	4294967295	45	1
13610	176	163	256	254	24	24	8	2	2584	4294967295	23	1
13611	176	163	256	254	24	24	8	3	2584	4294967295	12	1
13612	176	163	256	254	24	24	8	4	2584	4294967295	6	1
13613	176	163	256	254	24	24	8	5	2584	4294967295	3	1
13614	176	163	256	254	24	24	8	6	2584	4294967295	2	1
13615	176	163	256	254	24	24	9	0	2584	4294967295	89	1
13616	176	163	256	254	24	24	9	1	2584	4294967295	45	1
13617	176	163	256	254	24	24	9	2	2584	4294967295	23	1
13618	176	163	256	254	24	24	9	3	2584	4294967295	12	1
13619	176	163	256	254	24	24	9	4	2584	4294967295	6	1
13620	176	163	256	254	24	24	9	5	2584	4294967295	3	1
13621	176	163	256	254	24	24	9	6	2584	4294967295	2	1
13622	176	163	256	254	24	24	10	0	2584	4294967295	89	1
13623	176	163	256	254	24	24	10	1	2584	4294967295	45	1
13624	176	163	256	254	24	24	10	2	2584	4294967295	23	1
13625	176	163	256	254	24	24	10	3	2584	4294967295	12	1
13626	176	163	256	254	24	24	10	4	2584	4294967295	6	1
13627	176	163	256	254	24	24	10	5	2584	4294967295	3	1
13628	176	163	256	254	24	24	10	6	2584	4294967295	2	1
13629	177	166	256	254	24	24	0	0	2506	4294967295	86	1
13630	177	166	256	254	24	24	0	1	2506	4294967295	43	1
13631	177	166	256	254	24	24	0	2	2506	4294967295	22	1
13632	177	166	256	254	24	24	0	3	2506	4294967295	12	1
13633	177	166	256	254	24	24	0	4	2506	4294967295	6	1
13634	177	166	256	254	24	24	0	5	2506	4294967295	3	1
13635	177	166	256	254	24	24	0	6	2506	4294967295	2	1
13636	177	166	256	254	24	24	1	0	2506	4294967295	86	1
13637	177	166	256	254	24	24	1	1	2506	4294967295	43	1
13638	177	166	256	254	24	24	1	2	2506	4294967295	22	1
13639	177	166	256	254	24	24	1	3	2506	4294967295	12	1
13640	177	166	256	254	24	24	1	4	2506	4294967295	6	1
13641	177	166	256	254	24	24	1	5	2506	4294967295	3	1
13642	177	166	256	254	24	24	1	6	2506	4294967295	2	1
13643	177	166	256	254	24	24	2	0	2506	4294967295	86	1
13644	177	166	256	254	24	24	2	1	2506	4294967295	43	1
13645	177	166	256	254	24	24	2	2	2506	4294967295	22	1
13646	177	166	256	254	24	24	2	3	2506	4294967295	12	1
13647	177	166	256	254	24	24	2	4	2506	4294967295	6	1
13648	177	166	256	254	24	24	2	5	2506	4294967295	3	1
13649	177	166	256	254	24	24	2	6	2506	4294967295	2	1
13650	177	166	256	254	24	24	3	0	2506	3576	86	1
13651	177	166	256	254	24	24	3	1	2506	1616	43	1
13652	177	166	256	254	24	24	3	2	2506	1076	22	1
13653	177	166	256	254	24	24	3	3	2506	1068	12	1
13654	177	166	256	254	24	24	3	4	2506	1260	6	1
13655	177	166	256	254	24	24	3	5	2506	1556	3	1
13656	177	166	256	254	24	24	3	6	2506	1788	2	1
13657	177	166	256	254	24	24	4	0	2506	3576	86	1
13658	177	166	256	254	24	24	4	1	2506	1616	43	1
13659	177	166	256	254	24	24	4	2	2506	1076	22	1
13660	177	166	256	254	24	24	4	3	2506	1068	12	1
13661	177	166	256	254	24	24	4	4	2506	1260	6	1
13662	177	166	256	254	24	24	4	5	2506	1556	3	1
13663	177	166	256	254	24	24	4	6	2506	1788	2	1
13664	177	166	256	254	24	24	5	0	2506	4294967295	86	1
13665	177	166	256	254	24	24	5	1	2506	4294967295	43	1
13666	177	166	256	254	24	24	5	2	2506	4294967295	22	1
13667	177	166	256	254	24	24	5	3	2506	4294967295	12	1
13668	177	166	256	254	24	24	5	4	2506	4294967295	6	1
13669	177	166	256	254	24	24	5	5	2506	4294967295	3	1
13670	177	166	256	254	24	24	5	6	2506	4294967295	2	1
13671	177	166	256	254	24	24	6	0	2506	4294967295	86	1
13672	177	166	256	254	24	24	6	1	2506	4294967295	43	1
13673	177	166	256	254	24	24	6	2	2506	4294967295	22	1
13674	177	166	256	254	24	24	6	3	2506	4294967295	12	1
13675	177	166	256	254	24	24	6	4	2506	4294967295	6	1
13676	177	166	256	254	24	24	6	5	2506	4294967295	3	1
13677	177	166	256	254	24	24	6	6	2506	4294967295	2	1
13678	177	166	256	254	24	24	7	0	2506	4294967295	86	1
13679	177	166	256	254	24	24	7	1	2506	4294967295	43	1
13680	177	166	256	254	24	24	7	2	2506	4294967295	22	1
13681	177	166	256	254	24	24	7	3	2506	4294967295	12	1
13682	177	166	256	254	24	24	7	4	2506	4294967295	6	1
13683	177	166	256	254	24	24	7	5	2506	4294967295	3	1
13684	177	166	256	254	24	24	7	6	2506	4294967295	2	1
13685	177	166	256	254	24	24	8	0	2506	4294967295	86	1
13686	177	166	256	254	24	24	8	1	2506	4294967295	43	1
13687	177	166	256	254	24	24	8	2	2506	4294967295	22	1
13688	177	166	256	254	24	24	8	3	2506	4294967295	12	1
13689	177	166	256	254	24	24	8	4	2506	4294967295	6	1
13690	177	166	256	254	24	24	8	5	2506	4294967295	3	1
13691	177	166	256	254	24	24	8	6	2506	4294967295	2	1
13692	177	166	256	254	24	24	9	0	2506	4294967295	86	1
13693	177	166	256	254	24	24	9	1	2506	4294967295	43	1
13694	177	166	256	254	24	24	9	2	2506	4294967295	22	1
13695	177	166	256	254	24	24	9	3	2506	4294967295	12	1
13696	177	166	256	254	24	24	9	4	2506	4294967295	6	1
13697	177	166	256	254	24	24	9	5	2506	4294967295	3	1
13698	177	166	256	254	24	24	9	6	2506	4294967295	2	1
13699	177	166	256	254	24	24	10	0	2506	4294967295	86	1
13700	177	166	256	254	24	24	10	1	2506	4294967295	43	1
13701	177	166	256	254	24	24	10	2	2506	4294967295	22	1
13702	177	166	256	254	24	24	10	3	2506	4294967295	12	1
13703	177	166	256	254	24	24	10	4	2506	4294967295	6	1
13704	177	166	256	254	24	24	10	5	2506	4294967295	3	1
13705	177	166	256	254	24	24	10	6	2506	4294967295	2	1
13706	178	170	256	254	24	24	0	0	2402	4294967295	82	1
13707	178	170	256	254	24	24	0	1	2402	4294967295	41	1
13708	178	170	256	254	24	24	0	2	2402	4294967295	21	1
13709	178	170	256	254	24	24	0	3	2402	4294967295	11	1
13710	178	170	256	254	24	24	0	4	2402	4294967295	6	1
13711	178	170	256	254	24	24	0	5	2402	4294967295	3	1
13712	178	170	256	254	24	24	0	6	2402	4294967295	2	1
13713	178	170	256	254	24	24	1	0	2402	4294967295	82	1
13714	178	170	256	254	24	24	1	1	2402	4294967295	41	1
13715	178	170	256	254	24	24	1	2	2402	4294967295	21	1
13716	178	170	256	254	24	24	1	3	2402	4294967295	11	1
13717	178	170	256	254	24	24	1	4	2402	4294967295	6	1
13718	178	170	256	254	24	24	1	5	2402	4294967295	3	1
13719	178	170	256	254	24	24	1	6	2402	4294967295	2	1
13720	178	170	256	254	24	24	2	0	2402	4294967295	82	1
13721	178	170	256	254	24	24	2	1	2402	4294967295	41	1
13722	178	170	256	254	24	24	2	2	2402	4294967295	21	1
13723	178	170	256	254	24	24	2	3	2402	4294967295	11	1
13724	178	170	256	254	24	24	2	4	2402	4294967295	6	1
13725	178	170	256	254	24	24	2	5	2402	4294967295	3	1
13726	178	170	256	254	24	24	2	6	2402	4294967295	2	1
13727	178	170	256	254	24	24	3	0	2402	3432	82	1
13728	178	170	256	254	24	24	3	1	2402	1552	41	1
13729	178	170	256	254	24	24	3	2	2402	1032	21	1
13730	178	170	256	254	24	24	3	3	2402	1016	11	1
13731	178	170	256	254	24	24	3	4	2402	1204	6	1
13732	178	170	256	254	24	24	3	5	2402	1484	3	1
13733	178	170	256	254	24	24	3	6	2402	1716	2	1
13734	178	170	256	254	24	24	4	0	2402	3432	82	1
13735	178	170	256	254	24	24	4	1	2402	1552	41	1
13736	178	170	256	254	24	24	4	2	2402	1032	21	1
13737	178	170	256	254	24	24	4	3	2402	1016	11	1
13738	178	170	256	254	24	24	4	4	2402	1204	6	1
13739	178	170	256	254	24	24	4	5	2402	1484	3	1
13740	178	170	256	254	24	24	4	6	2402	1716	2	1
13741	178	170	256	254	24	24	5	0	2402	4294967295	82	1
13742	178	170	256	254	24	24	5	1	2402	4294967295	41	1
13743	178	170	256	254	24	24	5	2	2402	4294967295	21	1
13744	178	170	256	254	24	24	5	3	2402	4294967295	11	1
13745	178	170	256	254	24	24	5	4	2402	4294967295	6	1
13746	178	170	256	254	24	24	5	5	2402	4294967295	3	1
13747	178	170	256	254	24	24	5	6	2402	4294967295	2	1
13748	178	170	256	254	24	24	6	0	2402	4294967295	82	1
13749	178	170	256	254	24	24	6	1	2402	4294967295	41	1
13750	178	170	256	254	24	24	6	2	2402	4294967295	21	1
13751	178	170	256	254	24	24	6	3	2402	4294967295	11	1
13752	178	170	256	254	24	24	6	4	2402	4294967295	6	1
13753	178	170	256	254	24	24	6	5	2402	4294967295	3	1
13754	178	170	256	254	24	24	6	6	2402	4294967295	2	1
13755	178	170	256	254	24	24	7	0	2402	4294967295	82	1
13756	178	170	256	254	24	24	7	1	2402	4294967295	41	1
13757	178	170	256	254	24	24	7	2	2402	4294967295	21	1
13758	178	170	256	254	24	24	7	3	2402	4294967295	11	1
13759	178	170	256	254	24	24	7	4	2402	4294967295	6	1
13760	178	170	256	254	24	24	7	5	2402	4294967295	3	1
13761	178	170	256	254	24	24	7	6	2402	4294967295	2	1
13762	178	170	256	254	24	24	8	0	2402	4294967295	82	1
13763	178	170	256	254	24	24	8	1	2402	4294967295	41	1
13764	178	170	256	254	24	24	8	2	2402	4294967295	21	1
13765	178	170	256	254	24	24	8	3	2402	4294967295	11	1
13766	178	170	256	254	24	24	8	4	2402	4294967295	6	1
13767	178	170	256	254	24	24	8	5	2402	4294967295	3	1
13768	178	170	256	254	24	24	8	6	2402	4294967295	2	1
13769	178	170	256	254	24	24	9	0	2402	4294967295	82	1
13770	178	170	256	254	24	24	9	1	2402	4294967295	41	1
13771	178	170	256	254	24	24	9	2	2402	4294967295	21	1
13772	178	170	256	254	24	24	9	3	2402	4294967295	11	1
13773	178	170	256	254	24	24	9	4	2402	4294967295	6	1
13774	178	170	256	254	24	24	9	5	2402	4294967295	3	1
13775	178	170	256	254	24	24	9	6	2402	4294967295	2	1
13776	178	170	256	254	24	24	10	0	2402	4294967295	82	1
13777	178	170	256	254	24	24	10	1	2402	4294967295	41	1
13778	178	170	256	254	24	24	10	2	2402	4294967295	21	1
13779	178	170	256	254	24	24	10	3	2402	4294967295	11	1
13780	178	170	256	254	24	24	10	4	2402	4294967295	6	1
13781	178	170	256	254	24	24	10	5	2402	4294967295	3	1
13782	178	170	256	254	24	24	10	6	2402	4294967295	2	1
13783	179	173	256	254	24	24	0	0	2324	4294967295	79	1
13784	179	173	256	254	24	24	0	1	2324	4294967295	40	1
13785	179	173	256	254	24	24	0	2	2324	4294967295	20	1
13786	179	173	256	254	24	24	0	3	2324	4294967295	11	1
13787	179	173	256	254	24	24	0	4	2324	4294967295	6	1
13788	179	173	256	254	24	24	0	5	2324	4294967295	3	1
13789	179	173	256	254	24	24	0	6	2324	4294967295	2	1
13790	179	173	256	254	24	24	1	0	2324	4294967295	79	1
13791	179	173	256	254	24	24	1	1	2324	4294967295	40	1
13792	179	173	256	254	24	24	1	2	2324	4294967295	20	1
13793	179	173	256	254	24	24	1	3	2324	4294967295	11	1
13794	179	173	256	254	24	24	1	4	2324	4294967295	6	1
13795	179	173	256	254	24	24	1	5	2324	4294967295	3	1
13796	179	173	256	254	24	24	1	6	2324	4294967295	2	1
13797	179	173	256	254	24	24	2	0	2324	4294967295	79	1
13798	179	173	256	254	24	24	2	1	2324	4294967295	40	1
13799	179	173	256	254	24	24	2	2	2324	4294967295	20	1
13800	179	173	256	254	24	24	2	3	2324	4294967295	11	1
13801	179	173	256	254	24	24	2	4	2324	4294967295	6	1
13802	179	173	256	254	24	24	2	5	2324	4294967295	3	1
13803	179	173	256	254	24	24	2	6	2324	4294967295	2	1
13804	179	173	256	254	24	24	3	0	2324	3324	79	1
13805	179	173	256	254	24	24	3	1	2324	1518	40	1
13806	179	173	256	254	24	24	3	2	2324	994	20	1
13807	179	173	256	254	24	24	3	3	2324	986	11	1
13808	179	173	256	254	24	24	3	4	2324	1162	6	1
13809	179	173	256	254	24	24	3	5	2324	1430	3	1
13810	179	173	256	254	24	24	3	6	2324	1662	2	1
13811	179	173	256	254	24	24	4	0	2324	3324	79	1
13812	179	173	256	254	24	24	4	1	2324	1518	40	1
13813	179	173	256	254	24	24	4	2	2324	994	20	1
13814	179	173	256	254	24	24	4	3	2324	986	11	1
13815	179	173	256	254	24	24	4	4	2324	1162	6	1
13816	179	173	256	254	24	24	4	5	2324	1430	3	1
13817	179	173	256	254	24	24	4	6	2324	1662	2	1
13818	179	173	256	254	24	24	5	0	2324	4294967295	79	1
13819	179	173	256	254	24	24	5	1	2324	4294967295	40	1
13820	179	173	256	254	24	24	5	2	2324	4294967295	20	1
13821	179	173	256	254	24	24	5	3	2324	4294967295	11	1
13822	179	173	256	254	24	24	5	4	2324	4294967295	6	1
13823	179	173	256	254	24	24	5	5	2324	4294967295	3	1
13824	179	173	256	254	24	24	5	6	2324	4294967295	2	1
13825	179	173	256	254	24	24	6	0	2324	4294967295	79	1
13826	179	173	256	254	24	24	6	1	2324	4294967295	40	1
13827	179	173	256	254	24	24	6	2	2324	4294967295	20	1
13828	179	173	256	254	24	24	6	3	2324	4294967295	11	1
13829	179	173	256	254	24	24	6	4	2324	4294967295	6	1
13830	179	173	256	254	24	24	6	5	2324	4294967295	3	1
13831	179	173	256	254	24	24	6	6	2324	4294967295	2	1
13832	179	173	256	254	24	24	7	0	2324	4294967295	79	1
13833	179	173	256	254	24	24	7	1	2324	4294967295	40	1
13834	179	173	256	254	24	24	7	2	2324	4294967295	20	1
13835	179	173	256	254	24	24	7	3	2324	4294967295	11	1
13836	179	173	256	254	24	24	7	4	2324	4294967295	6	1
13837	179	173	256	254	24	24	7	5	2324	4294967295	3	1
13838	179	173	256	254	24	24	7	6	2324	4294967295	2	1
13839	179	173	256	254	24	24	8	0	2324	4294967295	79	1
13840	179	173	256	254	24	24	8	1	2324	4294967295	40	1
13841	179	173	256	254	24	24	8	2	2324	4294967295	20	1
13842	179	173	256	254	24	24	8	3	2324	4294967295	11	1
13843	179	173	256	254	24	24	8	4	2324	4294967295	6	1
13844	179	173	256	254	24	24	8	5	2324	4294967295	3	1
13845	179	173	256	254	24	24	8	6	2324	4294967295	2	1
13846	179	173	256	254	24	24	9	0	2324	4294967295	79	1
13847	179	173	256	254	24	24	9	1	2324	4294967295	40	1
13848	179	173	256	254	24	24	9	2	2324	4294967295	20	1
13849	179	173	256	254	24	24	9	3	2324	4294967295	11	1
13850	179	173	256	254	24	24	9	4	2324	4294967295	6	1
13851	179	173	256	254	24	24	9	5	2324	4294967295	3	1
13852	179	173	256	254	24	24	9	6	2324	4294967295	2	1
13853	179	173	256	254	24	24	10	0	2324	4294967295	79	1
13854	179	173	256	254	24	24	10	1	2324	4294967295	40	1
13855	179	173	256	254	24	24	10	2	2324	4294967295	20	1
13856	179	173	256	254	24	24	10	3	2324	4294967295	11	1
13857	179	173	256	254	24	24	10	4	2324	4294967295	6	1
13858	179	173	256	254	24	24	10	5	2324	4294967295	3	1
13859	179	173	256	254	24	24	10	6	2324	4294967295	2	1
13860	180	177	256	254	24	24	0	0	2160	4294967295	75	1
13861	180	177	256	254	24	24	0	1	2160	4294967295	38	1
13862	180	177	256	254	24	24	0	2	2160	4294967295	19	1
13863	180	177	256	254	24	24	0	3	2160	4294967295	10	1
13864	180	177	256	254	24	24	0	4	2160	4294967295	5	1
13865	180	177	256	254	24	24	0	5	2160	4294967295	3	1
13866	180	177	256	254	24	24	0	6	2160	4294967295	2	1
13867	180	177	256	254	24	24	1	0	2160	4294967295	75	1
13868	180	177	256	254	24	24	1	1	2160	4294967295	38	1
13869	180	177	256	254	24	24	1	2	2160	4294967295	19	1
13870	180	177	256	254	24	24	1	3	2160	4294967295	10	1
13871	180	177	256	254	24	24	1	4	2160	4294967295	5	1
13872	180	177	256	254	24	24	1	5	2160	4294967295	3	1
13873	180	177	256	254	24	24	1	6	2160	4294967295	2	1
13874	180	177	256	254	24	24	2	0	2160	4294967295	75	1
13875	180	177	256	254	24	24	2	1	2160	4294967295	38	1
13876	180	177	256	254	24	24	2	2	2160	4294967295	19	1
13877	180	177	256	254	24	24	2	3	2160	4294967295	10	1
13878	180	177	256	254	24	24	2	4	2160	4294967295	5	1
13879	180	177	256	254	24	24	2	5	2160	4294967295	3	1
13880	180	177	256	254	24	24	2	6	2160	4294967295	2	1
13881	180	177	256	254	24	24	3	0	2160	3060	75	1
13882	180	177	256	254	24	24	3	1	2160	1390	38	1
13883	180	177	256	254	24	24	3	2	2160	918	19	1
13884	180	177	256	254	24	24	3	3	2160	918	10	1
13885	180	177	256	254	24	24	3	4	2160	1098	5	1
13886	180	177	256	254	24	24	3	5	2160	1298	3	1
13887	180	177	256	254	24	24	3	6	2160	1530	2	1
13888	180	177	256	254	24	24	4	0	2160	3060	75	1
13889	180	177	256	254	24	24	4	1	2160	1390	38	1
13890	180	177	256	254	24	24	4	2	2160	918	19	1
13891	180	177	256	254	24	24	4	3	2160	918	10	1
13892	180	177	256	254	24	24	4	4	2160	1098	5	1
13893	180	177	256	254	24	24	4	5	2160	1298	3	1
13894	180	177	256	254	24	24	4	6	2160	1530	2	1
13895	180	177	256	254	24	24	5	0	2160	4294967295	75	1
13896	180	177	256	254	24	24	5	1	2160	4294967295	38	1
13897	180	177	256	254	24	24	5	2	2160	4294967295	19	1
13898	180	177	256	254	24	24	5	3	2160	4294967295	10	1
13899	180	177	256	254	24	24	5	4	2160	4294967295	5	1
13900	180	177	256	254	24	24	5	5	2160	4294967295	3	1
13901	180	177	256	254	24	24	5	6	2160	4294967295	2	1
13902	180	177	256	254	24	24	6	0	2160	4294967295	75	1
13903	180	177	256	254	24	24	6	1	2160	4294967295	38	1
13904	180	177	256	254	24	24	6	2	2160	4294967295	19	1
13905	180	177	256	254	24	24	6	3	2160	4294967295	10	1
13906	180	177	256	254	24	24	6	4	2160	4294967295	5	1
13907	180	177	256	254	24	24	6	5	2160	4294967295	3	1
13908	180	177	256	254	24	24	6	6	2160	4294967295	2	1
13909	180	177	256	254	24	24	7	0	2160	4294967295	75	1
13910	180	177	256	254	24	24	7	1	2160	4294967295	38	1
13911	180	177	256	254	24	24	7	2	2160	4294967295	19	1
13912	180	177	256	254	24	24	7	3	2160	4294967295	10	1
13913	180	177	256	254	24	24	7	4	2160	4294967295	5	1
13914	180	177	256	254	24	24	7	5	2160	4294967295	3	1
13915	180	177	256	254	24	24	7	6	2160	4294967295	2	1
13916	180	177	256	254	24	24	8	0	2160	4294967295	75	1
13917	180	177	256	254	24	24	8	1	2160	4294967295	38	1
13918	180	177	256	254	24	24	8	2	2160	4294967295	19	1
13919	180	177	256	254	24	24	8	3	2160	4294967295	10	1
13920	180	177	256	254	24	24	8	4	2160	4294967295	5	1
13921	180	177	256	254	24	24	8	5	2160	4294967295	3	1
13922	180	177	256	254	24	24	8	6	2160	4294967295	2	1
13923	180	177	256	254	24	24	9	0	2160	4294967295	75	1
13924	180	177	256	254	24	24	9	1	2160	4294967295	38	1
13925	180	177	256	254	24	24	9	2	2160	4294967295	19	1
13926	180	177	256	254	24	24	9	3	2160	4294967295	10	1
13927	180	177	256	254	24	24	9	4	2160	4294967295	5	1
13928	180	177	256	254	24	24	9	5	2160	4294967295	3	1
13929	180	177	256	254	24	24	9	6	2160	4294967295	2	1
13930	180	177	256	254	24	24	10	0	2160	4294967295	75	1
13931	180	177	256	254	24	24	10	1	2160	4294967295	38	1
13932	180	177	256	254	24	24	10	2	2160	4294967295	19	1
13933	180	177	256	254	24	24	10	3	2160	4294967295	10	1
13934	180	177	256	254	24	24	10	4	2160	4294967295	5	1
13935	180	177	256	254	24	24	10	5	2160	4294967295	3	1
13936	180	177	256	254	24	24	10	6	2160	4294967295	2	1
13937	181	180	256	254	24	24	0	0	2094	4294967295	72	1
13938	181	180	256	254	24	24	0	1	2094	4294967295	36	1
13939	181	180	256	254	24	24	0	2	2094	4294967295	18	1
13940	181	180	256	254	24	24	0	3	2094	4294967295	10	1
13941	181	180	256	254	24	24	0	4	2094	4294967295	5	1
13942	181	180	256	254	24	24	0	5	2094	4294967295	3	1
13943	181	180	256	254	24	24	0	6	2094	4294967295	2	1
13944	181	180	256	254	24	24	1	0	2094	4294967295	72	1
13945	181	180	256	254	24	24	1	1	2094	4294967295	36	1
13946	181	180	256	254	24	24	1	2	2094	4294967295	18	1
13947	181	180	256	254	24	24	1	3	2094	4294967295	10	1
13948	181	180	256	254	24	24	1	4	2094	4294967295	5	1
13949	181	180	256	254	24	24	1	5	2094	4294967295	3	1
13950	181	180	256	254	24	24	1	6	2094	4294967295	2	1
13951	181	180	256	254	24	24	2	0	2094	4294967295	72	1
13952	181	180	256	254	24	24	2	1	2094	4294967295	36	1
13953	181	180	256	254	24	24	2	2	2094	4294967295	18	1
13954	181	180	256	254	24	24	2	3	2094	4294967295	10	1
13955	181	180	256	254	24	24	2	4	2094	4294967295	5	1
13956	181	180	256	254	24	24	2	5	2094	4294967295	3	1
13957	181	180	256	254	24	24	2	6	2094	4294967295	2	1
13958	181	180	256	254	24	24	3	0	2094	2976	72	1
13959	181	180	256	254	24	24	3	1	2094	1344	36	1
13960	181	180	256	254	24	24	3	2	2094	888	18	1
13961	181	180	256	254	24	24	3	3	2094	888	10	1
13962	181	180	256	254	24	24	3	4	2094	1056	5	1
13963	181	180	256	254	24	24	3	5	2094	1256	3	1
13964	181	180	256	254	24	24	3	6	2094	1488	2	1
13965	181	180	256	254	24	24	4	0	2094	2976	72	1
13966	181	180	256	254	24	24	4	1	2094	1344	36	1
13967	181	180	256	254	24	24	4	2	2094	888	18	1
13968	181	180	256	254	24	24	4	3	2094	888	10	1
13969	181	180	256	254	24	24	4	4	2094	1056	5	1
13970	181	180	256	254	24	24	4	5	2094	1256	3	1
13971	181	180	256	254	24	24	4	6	2094	1488	2	1
13972	181	180	256	254	24	24	5	0	2094	4294967295	72	1
13973	181	180	256	254	24	24	5	1	2094	4294967295	36	1
13974	181	180	256	254	24	24	5	2	2094	4294967295	18	1
13975	181	180	256	254	24	24	5	3	2094	4294967295	10	1
13976	181	180	256	254	24	24	5	4	2094	4294967295	5	1
13977	181	180	256	254	24	24	5	5	2094	4294967295	3	1
13978	181	180	256	254	24	24	5	6	2094	4294967295	2	1
13979	181	180	256	254	24	24	6	0	2094	4294967295	72	1
13980	181	180	256	254	24	24	6	1	2094	4294967295	36	1
13981	181	180	256	254	24	24	6	2	2094	4294967295	18	1
13982	181	180	256	254	24	24	6	3	2094	4294967295	10	1
13983	181	180	256	254	24	24	6	4	2094	4294967295	5	1
13984	181	180	256	254	24	24	6	5	2094	4294967295	3	1
13985	181	180	256	254	24	24	6	6	2094	4294967295	2	1
13986	181	180	256	254	24	24	7	0	2094	4294967295	72	1
13987	181	180	256	254	24	24	7	1	2094	4294967295	36	1
13988	181	180	256	254	24	24	7	2	2094	4294967295	18	1
13989	181	180	256	254	24	24	7	3	2094	4294967295	10	1
13990	181	180	256	254	24	24	7	4	2094	4294967295	5	1
13991	181	180	256	254	24	24	7	5	2094	4294967295	3	1
13992	181	180	256	254	24	24	7	6	2094	4294967295	2	1
13993	181	180	256	254	24	24	8	0	2094	4294967295	72	1
13994	181	180	256	254	24	24	8	1	2094	4294967295	36	1
13995	181	180	256	254	24	24	8	2	2094	4294967295	18	1
13996	181	180	256	254	24	24	8	3	2094	4294967295	10	1
13997	181	180	256	254	24	24	8	4	2094	4294967295	5	1
13998	181	180	256	254	24	24	8	5	2094	4294967295	3	1
13999	181	180	256	254	24	24	8	6	2094	4294967295	2	1
14000	181	180	256	254	24	24	9	0	2094	4294967295	72	1
14001	181	180	256	254	24	24	9	1	2094	4294967295	36	1
14002	181	180	256	254	24	24	9	2	2094	4294967295	18	1
14003	181	180	256	254	24	24	9	3	2094	4294967295	10	1
14004	181	180	256	254	24	24	9	4	2094	4294967295	5	1
14005	181	180	256	254	24	24	9	5	2094	4294967295	3	1
14006	181	180	256	254	24	24	9	6	2094	4294967295	2	1
14007	181	180	256	254	24	24	10	0	2094	4294967295	72	1
14008	181	180	256	254	24	24	10	1	2094	4294967295	36	1
14009	181	180	256	254	24	24	10	2	2094	4294967295	18	1
14010	181	180	256	254	24	24	10	3	2094	4294967295	10	1
14011	181	180	256	254	24	24	10	4	2094	4294967295	5	1
14012	181	180	256	254	24	24	10	5	2094	4294967295	3	1
14013	181	180	256	254	24	24	10	6	2094	4294967295	2	1
14014	182	183	256	254	24	24	0	0	2028	4294967295	69	1
14015	182	183	256	254	24	24	0	1	2028	4294967295	35	1
14016	182	183	256	254	24	24	0	2	2028	4294967295	18	1
14017	182	183	256	254	24	24	0	3	2028	4294967295	10	1
14018	182	183	256	254	24	24	0	4	2028	4294967295	5	1
14019	182	183	256	254	24	24	0	5	2028	4294967295	3	1
14020	182	183	256	254	24	24	0	6	2028	4294967295	2	1
14021	182	183	256	254	24	24	1	0	2028	4294967295	69	1
14022	182	183	256	254	24	24	1	1	2028	4294967295	35	1
14023	182	183	256	254	24	24	1	2	2028	4294967295	18	1
14024	182	183	256	254	24	24	1	3	2028	4294967295	10	1
14025	182	183	256	254	24	24	1	4	2028	4294967295	5	1
14026	182	183	256	254	24	24	1	5	2028	4294967295	3	1
14027	182	183	256	254	24	24	1	6	2028	4294967295	2	1
14028	182	183	256	254	24	24	2	0	2028	4294967295	69	1
14029	182	183	256	254	24	24	2	1	2028	4294967295	35	1
14030	182	183	256	254	24	24	2	2	2028	4294967295	18	1
14031	182	183	256	254	24	24	2	3	2028	4294967295	10	1
14032	182	183	256	254	24	24	2	4	2028	4294967295	5	1
14033	182	183	256	254	24	24	2	5	2028	4294967295	3	1
14034	182	183	256	254	24	24	2	6	2028	4294967295	2	1
14035	182	183	256	254	24	24	3	0	2028	2892	69	1
14036	182	183	256	254	24	24	3	1	2028	1318	35	1
14037	182	183	256	254	24	24	3	2	2028	870	18	1
14038	182	183	256	254	24	24	3	3	2028	858	10	1
14039	182	183	256	254	24	24	3	4	2028	1014	5	1
14040	182	183	256	254	24	24	3	5	2028	1214	3	1
14041	182	183	256	254	24	24	3	6	2028	1446	2	1
14042	182	183	256	254	24	24	4	0	2028	2892	69	1
14043	182	183	256	254	24	24	4	1	2028	1318	35	1
14044	182	183	256	254	24	24	4	2	2028	870	18	1
14045	182	183	256	254	24	24	4	3	2028	858	10	1
14046	182	183	256	254	24	24	4	4	2028	1014	5	1
14047	182	183	256	254	24	24	4	5	2028	1214	3	1
14048	182	183	256	254	24	24	4	6	2028	1446	2	1
14049	182	183	256	254	24	24	5	0	2028	4294967295	69	1
14050	182	183	256	254	24	24	5	1	2028	4294967295	35	1
14051	182	183	256	254	24	24	5	2	2028	4294967295	18	1
14052	182	183	256	254	24	24	5	3	2028	4294967295	10	1
14053	182	183	256	254	24	24	5	4	2028	4294967295	5	1
14054	182	183	256	254	24	24	5	5	2028	4294967295	3	1
14055	182	183	256	254	24	24	5	6	2028	4294967295	2	1
14056	182	183	256	254	24	24	6	0	2028	4294967295	69	1
14057	182	183	256	254	24	24	6	1	2028	4294967295	35	1
14058	182	183	256	254	24	24	6	2	2028	4294967295	18	1
14059	182	183	256	254	24	24	6	3	2028	4294967295	10	1
14060	182	183	256	254	24	24	6	4	2028	4294967295	5	1
14061	182	183	256	254	24	24	6	5	2028	4294967295	3	1
14062	182	183	256	254	24	24	6	6	2028	4294967295	2	1
14063	182	183	256	254	24	24	7	0	2028	4294967295	69	1
14064	182	183	256	254	24	24	7	1	2028	4294967295	35	1
14065	182	183	256	254	24	24	7	2	2028	4294967295	18	1
14066	182	183	256	254	24	24	7	3	2028	4294967295	10	1
14067	182	183	256	254	24	24	7	4	2028	4294967295	5	1
14068	182	183	256	254	24	24	7	5	2028	4294967295	3	1
14069	182	183	256	254	24	24	7	6	2028	4294967295	2	1
14070	182	183	256	254	24	24	8	0	2028	4294967295	69	1
14071	182	183	256	254	24	24	8	1	2028	4294967295	35	1
14072	182	183	256	254	24	24	8	2	2028	4294967295	18	1
14073	182	183	256	254	24	24	8	3	2028	4294967295	10	1
14074	182	183	256	254	24	24	8	4	2028	4294967295	5	1
14075	182	183	256	254	24	24	8	5	2028	4294967295	3	1
14076	182	183	256	254	24	24	8	6	2028	4294967295	2	1
14077	182	183	256	254	24	24	9	0	2028	4294967295	69	1
14078	182	183	256	254	24	24	9	1	2028	4294967295	35	1
14079	182	183	256	254	24	24	9	2	2028	4294967295	18	1
14080	182	183	256	254	24	24	9	3	2028	4294967295	10	1
14081	182	183	256	254	24	24	9	4	2028	4294967295	5	1
14082	182	183	256	254	24	24	9	5	2028	4294967295	3	1
14083	182	183	256	254	24	24	9	6	2028	4294967295	2	1
14084	182	183	256	254	24	24	10	0	2028	4294967295	69	1
14085	182	183	256	254	24	24	10	1	2028	4294967295	35	1
14086	182	183	256	254	24	24	10	2	2028	4294967295	18	1
14087	182	183	256	254	24	24	10	3	2028	4294967295	10	1
14088	182	183	256	254	24	24	10	4	2028	4294967295	5	1
14089	182	183	256	254	24	24	10	5	2028	4294967295	3	1
14090	182	183	256	254	24	24	10	6	2028	4294967295	2	1
14091	183	187	256	254	24	24	0	0	1920	4294967295	65	1
14092	183	187	256	254	24	24	0	1	1920	4294967295	33	1
14093	183	187	256	254	24	24	0	2	1920	4294967295	17	1
14094	183	187	256	254	24	24	0	3	1920	4294967295	9	1
14095	183	187	256	254	24	24	0	4	1920	4294967295	5	1
14096	183	187	256	254	24	24	0	5	1920	4294967295	3	1
14097	183	187	256	254	24	24	0	6	1920	4294967295	2	1
14098	183	187	256	254	24	24	1	0	1920	4294967295	65	1
14099	183	187	256	254	24	24	1	1	1920	4294967295	33	1
14100	183	187	256	254	24	24	1	2	1920	4294967295	17	1
14101	183	187	256	254	24	24	1	3	1920	4294967295	9	1
14102	183	187	256	254	24	24	1	4	1920	4294967295	5	1
14103	183	187	256	254	24	24	1	5	1920	4294967295	3	1
14104	183	187	256	254	24	24	1	6	1920	4294967295	2	1
14105	183	187	256	254	24	24	2	0	1920	4294967295	65	1
14106	183	187	256	254	24	24	2	1	1920	4294967295	33	1
14107	183	187	256	254	24	24	2	2	1920	4294967295	17	1
14108	183	187	256	254	24	24	2	3	1920	4294967295	9	1
14109	183	187	256	254	24	24	2	4	1920	4294967295	5	1
14110	183	187	256	254	24	24	2	5	1920	4294967295	3	1
14111	183	187	256	254	24	24	2	6	1920	4294967295	2	1
14112	183	187	256	254	24	24	3	0	1920	2740	65	1
14113	183	187	256	254	24	24	3	1	1920	1246	33	1
14114	183	187	256	254	24	24	3	2	1920	818	17	1
14115	183	187	256	254	24	24	3	3	1920	810	9	1
14116	183	187	256	254	24	24	3	4	1920	938	5	1
14117	183	187	256	254	24	24	3	5	1920	1138	3	1
14118	183	187	256	254	24	24	3	6	1920	1370	2	1
14119	183	187	256	254	24	24	4	0	1920	2740	65	1
14120	183	187	256	254	24	24	4	1	1920	1246	33	1
14121	183	187	256	254	24	24	4	2	1920	818	17	1
14122	183	187	256	254	24	24	4	3	1920	810	9	1
14123	183	187	256	254	24	24	4	4	1920	938	5	1
14124	183	187	256	254	24	24	4	5	1920	1138	3	1
14125	183	187	256	254	24	24	4	6	1920	1370	2	1
14126	183	187	256	254	24	24	5	0	1920	4294967295	65	1
14127	183	187	256	254	24	24	5	1	1920	4294967295	33	1
14128	183	187	256	254	24	24	5	2	1920	4294967295	17	1
14129	183	187	256	254	24	24	5	3	1920	4294967295	9	1
14130	183	187	256	254	24	24	5	4	1920	4294967295	5	1
14131	183	187	256	254	24	24	5	5	1920	4294967295	3	1
14132	183	187	256	254	24	24	5	6	1920	4294967295	2	1
14133	183	187	256	254	24	24	6	0	1920	4294967295	65	1
14134	183	187	256	254	24	24	6	1	1920	4294967295	33	1
14135	183	187	256	254	24	24	6	2	1920	4294967295	17	1
14136	183	187	256	254	24	24	6	3	1920	4294967295	9	1
14137	183	187	256	254	24	24	6	4	1920	4294967295	5	1
14138	183	187	256	254	24	24	6	5	1920	4294967295	3	1
14139	183	187	256	254	24	24	6	6	1920	4294967295	2	1
14140	183	187	256	254	24	24	7	0	1920	4294967295	65	1
14141	183	187	256	254	24	24	7	1	1920	4294967295	33	1
14142	183	187	256	254	24	24	7	2	1920	4294967295	17	1
14143	183	187	256	254	24	24	7	3	1920	4294967295	9	1
14144	183	187	256	254	24	24	7	4	1920	4294967295	5	1
14145	183	187	256	254	24	24	7	5	1920	4294967295	3	1
14146	183	187	256	254	24	24	7	6	1920	4294967295	2	1
14147	183	187	256	254	24	24	8	0	1920	4294967295	65	1
14148	183	187	256	254	24	24	8	1	1920	4294967295	33	1
14149	183	187	256	254	24	24	8	2	1920	4294967295	17	1
14150	183	187	256	254	24	24	8	3	1920	4294967295	9	1
14151	183	187	256	254	24	24	8	4	1920	4294967295	5	1
14152	183	187	256	254	24	24	8	5	1920	4294967295	3	1
14153	183	187	256	254	24	24	8	6	1920	4294967295	2	1
14154	183	187	256	254	24	24	9	0	1920	4294967295	65	1
14155	183	187	256	254	24	24	9	1	1920	4294967295	33	1
14156	183	187	256	254	24	24	9	2	1920	4294967295	17	1
14157	183	187	256	254	24	24	9	3	1920	4294967295	9	1
14158	183	187	256	254	24	24	9	4	1920	4294967295	5	1
14159	183	187	256	254	24	24	9	5	1920	4294967295	3	1
14160	183	187	256	254	24	24	9	6	1920	4294967295	2	1
14161	183	187	256	254	24	24	10	0	1920	4294967295	65	1
14162	183	187	256	254	24	24	10	1	1920	4294967295	33	1
14163	183	187	256	254	24	24	10	2	1920	4294967295	17	1
14164	183	187	256	254	24	24	10	3	1920	4294967295	9	1
14165	183	187	256	254	24	24	10	4	1920	4294967295	5	1
14166	183	187	256	254	24	24	10	5	1920	4294967295	3	1
14167	183	187	256	254	24	24	10	6	1920	4294967295	2	1
14168	184	190	256	254	26	24	0	0	1850	4294967295	62	1
14169	184	190	256	254	26	24	0	1	1850	4294967295	31	1
14170	184	190	256	254	26	24	0	2	1850	4294967295	16	1
14171	184	190	256	254	26	24	0	3	1850	4294967295	9	1
14172	184	190	256	254	26	24	0	4	1850	4294967295	5	1
14173	184	190	256	254	26	24	0	5	1850	4294967295	3	1
14174	184	190	256	254	26	24	0	6	1850	4294967295	2	1
14175	184	190	256	254	26	24	1	0	1850	2648	62	1
14176	184	190	256	254	26	24	1	1	1850	1204	31	1
14177	184	190	256	254	26	24	1	2	1850	784	16	1
14178	184	190	256	254	26	24	1	3	1850	764	9	1
14179	184	190	256	254	26	24	1	4	1850	892	5	1
14180	184	190	256	254	26	24	1	5	1850	1092	3	1
14181	184	190	256	254	26	24	1	6	1850	1324	2	1
14182	184	190	256	254	26	24	2	0	1850	4294967295	62	1
14183	184	190	256	254	26	24	2	1	1850	4294967295	31	1
14184	184	190	256	254	26	24	2	2	1850	4294967295	16	1
14185	184	190	256	254	26	24	2	3	1850	4294967295	9	1
14186	184	190	256	254	26	24	2	4	1850	4294967295	5	1
14187	184	190	256	254	26	24	2	5	1850	4294967295	3	1
14188	184	190	256	254	26	24	2	6	1850	4294967295	2	1
14189	184	190	256	254	26	24	3	0	1850	2648	62	1
14190	184	190	256	254	26	24	3	1	1850	1204	31	1
14191	184	190	256	254	26	24	3	2	1850	784	16	1
14192	184	190	256	254	26	24	3	3	1850	764	9	1
14193	184	190	256	254	26	24	3	4	1850	892	5	1
14194	184	190	256	254	26	24	3	5	1850	1092	3	1
14195	184	190	256	254	26	24	3	6	1850	1324	2	1
14196	184	190	256	254	26	24	4	0	1850	2648	62	1
14197	184	190	256	254	26	24	4	1	1850	1204	31	1
14198	184	190	256	254	26	24	4	2	1850	784	16	1
14199	184	190	256	254	26	24	4	3	1850	764	9	1
14200	184	190	256	254	26	24	4	4	1850	892	5	1
14201	184	190	256	254	26	24	4	5	1850	1092	3	1
14202	184	190	256	254	26	24	4	6	1850	1324	2	1
14203	184	190	256	254	26	24	5	0	1850	4294967295	62	1
14204	184	190	256	254	26	24	5	1	1850	4294967295	31	1
14205	184	190	256	254	26	24	5	2	1850	4294967295	16	1
14206	184	190	256	254	26	24	5	3	1850	4294967295	9	1
14207	184	190	256	254	26	24	5	4	1850	4294967295	5	1
14208	184	190	256	254	26	24	5	5	1850	4294967295	3	1
14209	184	190	256	254	26	24	5	6	1850	4294967295	2	1
14210	184	190	256	254	26	24	6	0	1850	4294967295	62	1
14211	184	190	256	254	26	24	6	1	1850	4294967295	31	1
14212	184	190	256	254	26	24	6	2	1850	4294967295	16	1
14213	184	190	256	254	26	24	6	3	1850	4294967295	9	1
14214	184	190	256	254	26	24	6	4	1850	4294967295	5	1
14215	184	190	256	254	26	24	6	5	1850	4294967295	3	1
14216	184	190	256	254	26	24	6	6	1850	4294967295	2	1
14217	184	190	256	254	26	24	7	0	1850	4294967295	62	1
14218	184	190	256	254	26	24	7	1	1850	4294967295	31	1
14219	184	190	256	254	26	24	7	2	1850	4294967295	16	1
14220	184	190	256	254	26	24	7	3	1850	4294967295	9	1
14221	184	190	256	254	26	24	7	4	1850	4294967295	5	1
14222	184	190	256	254	26	24	7	5	1850	4294967295	3	1
14223	184	190	256	254	26	24	7	6	1850	4294967295	2	1
14224	184	190	256	254	26	24	8	0	1850	4294967295	62	1
14225	184	190	256	254	26	24	8	1	1850	4294967295	31	1
14226	184	190	256	254	26	24	8	2	1850	4294967295	16	1
14227	184	190	256	254	26	24	8	3	1850	4294967295	9	1
14228	184	190	256	254	26	24	8	4	1850	4294967295	5	1
14229	184	190	256	254	26	24	8	5	1850	4294967295	3	1
14230	184	190	256	254	26	24	8	6	1850	4294967295	2	1
14231	184	190	256	254	26	24	9	0	1850	4294967295	62	1
14232	184	190	256	254	26	24	9	1	1850	4294967295	31	1
14233	184	190	256	254	26	24	9	2	1850	4294967295	16	1
14234	184	190	256	254	26	24	9	3	1850	4294967295	9	1
14235	184	190	256	254	26	24	9	4	1850	4294967295	5	1
14236	184	190	256	254	26	24	9	5	1850	4294967295	3	1
14237	184	190	256	254	26	24	9	6	1850	4294967295	2	1
14238	184	190	256	254	26	24	10	0	1850	4294967295	62	1
14239	184	190	256	254	26	24	10	1	1850	4294967295	31	1
14240	184	190	256	254	26	24	10	2	1850	4294967295	16	1
14241	184	190	256	254	26	24	10	3	1850	4294967295	9	1
14242	184	190	256	254	26	24	10	4	1850	4294967295	5	1
14243	184	190	256	254	26	24	10	5	1850	4294967295	3	1
14244	184	190	256	254	26	24	10	6	1850	4294967295	2	1
14245	185	194	256	254	31	28	0	0	1062	2088	58	1
14246	185	194	256	254	31	28	0	1	1062	928	29	1
14247	185	194	256	254	31	28	0	2	1062	648	15	1
14248	185	194	256	254	31	28	0	3	1062	676	8	1
14249	185	194	256	254	31	28	0	4	1062	828	4	1
14250	185	194	256	254	31	28	0	5	1062	1044	2	1
14251	185	194	256	254	31	28	0	6	1062	1276	1	1
14252	185	194	256	254	31	28	1	0	1062	2088	58	1
14253	185	194	256	254	31	28	1	1	1062	928	29	1
14254	185	194	256	254	31	28	1	2	1062	648	15	1
14255	185	194	256	254	31	28	1	3	1062	676	8	1
14256	185	194	256	254	31	28	1	4	1062	828	4	1
14257	185	194	256	254	31	28	1	5	1062	1044	2	1
14258	185	194	256	254	31	28	1	6	1062	1276	1	1
14259	185	194	256	254	31	28	2	0	1062	2088	58	1
14260	185	194	256	254	31	28	2	1	1062	928	29	1
14261	185	194	256	254	31	28	2	2	1062	648	15	1
14262	185	194	256	254	31	28	2	3	1062	676	8	1
14263	185	194	256	254	31	28	2	4	1062	828	4	1
14264	185	194	256	254	31	28	2	5	1062	1044	2	1
14265	185	194	256	254	31	28	2	6	1062	1276	1	1
14266	185	194	256	254	31	28	3	0	1062	2088	58	1
14267	185	194	256	254	31	28	3	1	1062	928	29	1
14268	185	194	256	254	31	28	3	2	1062	648	15	1
14269	185	194	256	254	31	28	3	3	1062	676	8	1
14270	185	194	256	254	31	28	3	4	1062	828	4	1
14271	185	194	256	254	31	28	3	5	1062	1044	2	1
14272	185	194	256	254	31	28	3	6	1062	1276	1	1
14273	185	194	256	254	31	28	4	0	1062	2088	58	1
14274	185	194	256	254	31	28	4	1	1062	928	29	1
14275	185	194	256	254	31	28	4	2	1062	648	15	1
14276	185	194	256	254	31	28	4	3	1062	676	8	1
14277	185	194	256	254	31	28	4	4	1062	828	4	1
14278	185	194	256	254	31	28	4	5	1062	1044	2	1
14279	185	194	256	254	31	28	4	6	1062	1276	1	1
14280	185	194	256	254	31	28	5	0	1062	4294967295	58	1
14281	185	194	256	254	31	28	5	1	1062	4294967295	29	1
14282	185	194	256	254	31	28	5	2	1062	4294967295	15	1
14283	185	194	256	254	31	28	5	3	1062	4294967295	8	1
14284	185	194	256	254	31	28	5	4	1062	4294967295	4	1
14285	185	194	256	254	31	28	5	5	1062	4294967295	2	1
14286	185	194	256	254	31	28	5	6	1062	4294967295	1	1
14287	185	194	256	254	31	28	6	0	1062	4294967295	58	1
14288	185	194	256	254	31	28	6	1	1062	4294967295	29	1
14289	185	194	256	254	31	28	6	2	1062	4294967295	15	1
14290	185	194	256	254	31	28	6	3	1062	4294967295	8	1
14291	185	194	256	254	31	28	6	4	1062	4294967295	4	1
14292	185	194	256	254	31	28	6	5	1062	4294967295	2	1
14293	185	194	256	254	31	28	6	6	1062	4294967295	1	1
14294	185	194	256	254	31	28	7	0	1062	4294967295	58	1
14295	185	194	256	254	31	28	7	1	1062	4294967295	29	1
14296	185	194	256	254	31	28	7	2	1062	4294967295	15	1
14297	185	194	256	254	31	28	7	3	1062	4294967295	8	1
14298	185	194	256	254	31	28	7	4	1062	4294967295	4	1
14299	185	194	256	254	31	28	7	5	1062	4294967295	2	1
14300	185	194	256	254	31	28	7	6	1062	4294967295	1	1
14301	185	194	256	254	31	28	8	0	1062	4294967295	58	1
14302	185	194	256	254	31	28	8	1	1062	4294967295	29	1
14303	185	194	256	254	31	28	8	2	1062	4294967295	15	1
14304	185	194	256	254	31	28	8	3	1062	4294967295	8	1
14305	185	194	256	254	31	28	8	4	1062	4294967295	4	1
14306	185	194	256	254	31	28	8	5	1062	4294967295	2	1
14307	185	194	256	254	31	28	8	6	1062	4294967295	1	1
14308	185	194	256	254	31	28	9	0	1062	4294967295	58	1
14309	185	194	256	254	31	28	9	1	1062	4294967295	29	1
14310	185	194	256	254	31	28	9	2	1062	4294967295	15	1
14311	185	194	256	254	31	28	9	3	1062	4294967295	8	1
14312	185	194	256	254	31	28	9	4	1062	4294967295	4	1
14313	185	194	256	254	31	28	9	5	1062	4294967295	2	1
14314	185	194	256	254	31	28	9	6	1062	4294967295	1	1
14315	185	194	256	254	31	28	10	0	1062	4294967295	58	1
14316	185	194	256	254	31	28	10	1	1062	4294967295	29	1
14317	185	194	256	254	31	28	10	2	1062	4294967295	15	1
14318	185	194	256	254	31	28	10	3	1062	4294967295	8	1
14319	185	194	256	254	31	28	10	4	1062	4294967295	4	1
14320	185	194	256	254	31	28	10	5	1062	4294967295	2	1
14321	185	194	256	254	31	28	10	6	1062	4294967295	1	1
14322	186	197	256	254	31	28	0	0	1008	1980	55	1
14323	186	197	256	254	31	28	0	1	1008	894	28	1
14324	186	197	256	254	31	28	0	2	1008	610	14	1
14325	186	197	256	254	31	28	0	3	1008	646	8	1
14326	186	197	256	254	31	28	0	4	1008	786	4	1
14327	186	197	256	254	31	28	0	5	1008	990	2	1
14328	186	197	256	254	31	28	0	6	1008	1210	1	1
14329	186	197	256	254	31	28	1	0	1008	1980	55	1
14330	186	197	256	254	31	28	1	1	1008	894	28	1
14331	186	197	256	254	31	28	1	2	1008	610	14	1
14332	186	197	256	254	31	28	1	3	1008	646	8	1
14333	186	197	256	254	31	28	1	4	1008	786	4	1
14334	186	197	256	254	31	28	1	5	1008	990	2	1
14335	186	197	256	254	31	28	1	6	1008	1210	1	1
14336	186	197	256	254	31	28	2	0	1008	1980	55	1
14337	186	197	256	254	31	28	2	1	1008	894	28	1
14338	186	197	256	254	31	28	2	2	1008	610	14	1
14339	186	197	256	254	31	28	2	3	1008	646	8	1
14340	186	197	256	254	31	28	2	4	1008	786	4	1
14341	186	197	256	254	31	28	2	5	1008	990	2	1
14342	186	197	256	254	31	28	2	6	1008	1210	1	1
14343	186	197	256	254	31	28	3	0	1008	1980	55	1
14344	186	197	256	254	31	28	3	1	1008	894	28	1
14345	186	197	256	254	31	28	3	2	1008	610	14	1
14346	186	197	256	254	31	28	3	3	1008	646	8	1
14347	186	197	256	254	31	28	3	4	1008	786	4	1
14348	186	197	256	254	31	28	3	5	1008	990	2	1
14349	186	197	256	254	31	28	3	6	1008	1210	1	1
14350	186	197	256	254	31	28	4	0	1008	1980	55	1
14351	186	197	256	254	31	28	4	1	1008	894	28	1
14352	186	197	256	254	31	28	4	2	1008	610	14	1
14353	186	197	256	254	31	28	4	3	1008	646	8	1
14354	186	197	256	254	31	28	4	4	1008	786	4	1
14355	186	197	256	254	31	28	4	5	1008	990	2	1
14356	186	197	256	254	31	28	4	6	1008	1210	1	1
14357	186	197	256	254	31	28	5	0	1008	4294967295	55	1
14358	186	197	256	254	31	28	5	1	1008	4294967295	28	1
14359	186	197	256	254	31	28	5	2	1008	4294967295	14	1
14360	186	197	256	254	31	28	5	3	1008	4294967295	8	1
14361	186	197	256	254	31	28	5	4	1008	4294967295	4	1
14362	186	197	256	254	31	28	5	5	1008	4294967295	2	1
14363	186	197	256	254	31	28	5	6	1008	4294967295	1	1
14364	186	197	256	254	31	28	6	0	1008	4294967295	55	1
14365	186	197	256	254	31	28	6	1	1008	4294967295	28	1
14366	186	197	256	254	31	28	6	2	1008	4294967295	14	1
14367	186	197	256	254	31	28	6	3	1008	4294967295	8	1
14368	186	197	256	254	31	28	6	4	1008	4294967295	4	1
14369	186	197	256	254	31	28	6	5	1008	4294967295	2	1
14370	186	197	256	254	31	28	6	6	1008	4294967295	1	1
14371	186	197	256	254	31	28	7	0	1008	4294967295	55	1
14372	186	197	256	254	31	28	7	1	1008	4294967295	28	1
14373	186	197	256	254	31	28	7	2	1008	4294967295	14	1
14374	186	197	256	254	31	28	7	3	1008	4294967295	8	1
14375	186	197	256	254	31	28	7	4	1008	4294967295	4	1
14376	186	197	256	254	31	28	7	5	1008	4294967295	2	1
14377	186	197	256	254	31	28	7	6	1008	4294967295	1	1
14378	186	197	256	254	31	28	8	0	1008	4294967295	55	1
14379	186	197	256	254	31	28	8	1	1008	4294967295	28	1
14380	186	197	256	254	31	28	8	2	1008	4294967295	14	1
14381	186	197	256	254	31	28	8	3	1008	4294967295	8	1
14382	186	197	256	254	31	28	8	4	1008	4294967295	4	1
14383	186	197	256	254	31	28	8	5	1008	4294967295	2	1
14384	186	197	256	254	31	28	8	6	1008	4294967295	1	1
14385	186	197	256	254	31	28	9	0	1008	4294967295	55	1
14386	186	197	256	254	31	28	9	1	1008	4294967295	28	1
14387	186	197	256	254	31	28	9	2	1008	4294967295	14	1
14388	186	197	256	254	31	28	9	3	1008	4294967295	8	1
14389	186	197	256	254	31	28	9	4	1008	4294967295	4	1
14390	186	197	256	254	31	28	9	5	1008	4294967295	2	1
14391	186	197	256	254	31	28	9	6	1008	4294967295	1	1
14392	186	197	256	254	31	28	10	0	1008	4294967295	55	1
14393	186	197	256	254	31	28	10	1	1008	4294967295	28	1
14394	186	197	256	254	31	28	10	2	1008	4294967295	14	1
14395	186	197	256	254	31	28	10	3	1008	4294967295	8	1
14396	186	197	256	254	31	28	10	4	1008	4294967295	4	1
14397	186	197	256	254	31	28	10	5	1008	4294967295	2	1
14398	186	197	256	254	31	28	10	6	1008	4294967295	1	1
14399	187	201	256	254	31	28	0	0	936	1836	51	1
14400	187	201	256	254	31	28	0	1	936	830	26	1
14401	187	201	256	254	31	28	0	2	936	566	13	1
14402	187	201	256	254	31	28	0	3	936	594	7	1
14403	187	201	256	254	31	28	0	4	936	730	4	1
14404	187	201	256	254	31	28	0	5	936	918	2	1
14405	187	201	256	254	31	28	0	6	936	1122	1	1
14406	187	201	256	254	31	28	1	0	936	1836	51	1
14407	187	201	256	254	31	28	1	1	936	830	26	1
14408	187	201	256	254	31	28	1	2	936	566	13	1
14409	187	201	256	254	31	28	1	3	936	594	7	1
14410	187	201	256	254	31	28	1	4	936	730	4	1
14411	187	201	256	254	31	28	1	5	936	918	2	1
14412	187	201	256	254	31	28	1	6	936	1122	1	1
14413	187	201	256	254	31	28	2	0	936	1836	51	1
14414	187	201	256	254	31	28	2	1	936	830	26	1
14415	187	201	256	254	31	28	2	2	936	566	13	1
14416	187	201	256	254	31	28	2	3	936	594	7	1
14417	187	201	256	254	31	28	2	4	936	730	4	1
14418	187	201	256	254	31	28	2	5	936	918	2	1
14419	187	201	256	254	31	28	2	6	936	1122	1	1
14420	187	201	256	254	31	28	3	0	936	1836	51	1
14421	187	201	256	254	31	28	3	1	936	830	26	1
14422	187	201	256	254	31	28	3	2	936	566	13	1
14423	187	201	256	254	31	28	3	3	936	594	7	1
14424	187	201	256	254	31	28	3	4	936	730	4	1
14425	187	201	256	254	31	28	3	5	936	918	2	1
14426	187	201	256	254	31	28	3	6	936	1122	1	1
14427	187	201	256	254	31	28	4	0	936	1836	51	1
14428	187	201	256	254	31	28	4	1	936	830	26	1
14429	187	201	256	254	31	28	4	2	936	566	13	1
14430	187	201	256	254	31	28	4	3	936	594	7	1
14431	187	201	256	254	31	28	4	4	936	730	4	1
14432	187	201	256	254	31	28	4	5	936	918	2	1
14433	187	201	256	254	31	28	4	6	936	1122	1	1
14434	187	201	256	254	31	28	5	0	936	4294967295	51	1
14435	187	201	256	254	31	28	5	1	936	4294967295	26	1
14436	187	201	256	254	31	28	5	2	936	4294967295	13	1
14437	187	201	256	254	31	28	5	3	936	4294967295	7	1
14438	187	201	256	254	31	28	5	4	936	4294967295	4	1
14439	187	201	256	254	31	28	5	5	936	4294967295	2	1
14440	187	201	256	254	31	28	5	6	936	4294967295	1	1
14441	187	201	256	254	31	28	6	0	936	4294967295	51	1
14442	187	201	256	254	31	28	6	1	936	4294967295	26	1
14443	187	201	256	254	31	28	6	2	936	4294967295	13	1
14444	187	201	256	254	31	28	6	3	936	4294967295	7	1
14445	187	201	256	254	31	28	6	4	936	4294967295	4	1
14446	187	201	256	254	31	28	6	5	936	4294967295	2	1
14447	187	201	256	254	31	28	6	6	936	4294967295	1	1
14448	187	201	256	254	31	28	7	0	936	4294967295	51	1
14449	187	201	256	254	31	28	7	1	936	4294967295	26	1
14450	187	201	256	254	31	28	7	2	936	4294967295	13	1
14451	187	201	256	254	31	28	7	3	936	4294967295	7	1
14452	187	201	256	254	31	28	7	4	936	4294967295	4	1
14453	187	201	256	254	31	28	7	5	936	4294967295	2	1
14454	187	201	256	254	31	28	7	6	936	4294967295	1	1
14455	187	201	256	254	31	28	8	0	936	4294967295	51	1
14456	187	201	256	254	31	28	8	1	936	4294967295	26	1
14457	187	201	256	254	31	28	8	2	936	4294967295	13	1
14458	187	201	256	254	31	28	8	3	936	4294967295	7	1
14459	187	201	256	254	31	28	8	4	936	4294967295	4	1
14460	187	201	256	254	31	28	8	5	936	4294967295	2	1
14461	187	201	256	254	31	28	8	6	936	4294967295	1	1
14462	187	201	256	254	31	28	9	0	936	4294967295	51	1
14463	187	201	256	254	31	28	9	1	936	4294967295	26	1
14464	187	201	256	254	31	28	9	2	936	4294967295	13	1
14465	187	201	256	254	31	28	9	3	936	4294967295	7	1
14466	187	201	256	254	31	28	9	4	936	4294967295	4	1
14467	187	201	256	254	31	28	9	5	936	4294967295	2	1
14468	187	201	256	254	31	28	9	6	936	4294967295	1	1
14469	187	201	256	254	31	28	10	0	936	4294967295	51	1
14470	187	201	256	254	31	28	10	1	936	4294967295	26	1
14471	187	201	256	254	31	28	10	2	936	4294967295	13	1
14472	187	201	256	254	31	28	10	3	936	4294967295	7	1
14473	187	201	256	254	31	28	10	4	936	4294967295	4	1
14474	187	201	256	254	31	28	10	5	936	4294967295	2	1
14475	187	201	256	254	31	28	10	6	936	4294967295	1	1
14476	188	204	256	254	31	28	0	0	882	1728	48	1
14477	188	204	256	254	31	28	0	1	882	768	24	1
14478	188	204	256	254	31	28	0	2	882	528	12	1
14479	188	204	256	254	31	28	0	3	882	564	7	1
14480	188	204	256	254	31	28	0	4	882	688	4	1
14481	188	204	256	254	31	28	0	5	882	864	2	1
14482	188	204	256	254	31	28	0	6	882	1056	1	1
14483	188	204	256	254	31	28	1	0	882	1728	48	1
14484	188	204	256	254	31	28	1	1	882	768	24	1
14485	188	204	256	254	31	28	1	2	882	528	12	1
14486	188	204	256	254	31	28	1	3	882	564	7	1
14487	188	204	256	254	31	28	1	4	882	688	4	1
14488	188	204	256	254	31	28	1	5	882	864	2	1
14489	188	204	256	254	31	28	1	6	882	1056	1	1
14490	188	204	256	254	31	28	2	0	882	1728	48	1
14491	188	204	256	254	31	28	2	1	882	768	24	1
14492	188	204	256	254	31	28	2	2	882	528	12	1
14493	188	204	256	254	31	28	2	3	882	564	7	1
14494	188	204	256	254	31	28	2	4	882	688	4	1
14495	188	204	256	254	31	28	2	5	882	864	2	1
14496	188	204	256	254	31	28	2	6	882	1056	1	1
14497	188	204	256	254	31	28	3	0	882	1728	48	1
14498	188	204	256	254	31	28	3	1	882	768	24	1
14499	188	204	256	254	31	28	3	2	882	528	12	1
14500	188	204	256	254	31	28	3	3	882	564	7	1
14501	188	204	256	254	31	28	3	4	882	688	4	1
14502	188	204	256	254	31	28	3	5	882	864	2	1
14503	188	204	256	254	31	28	3	6	882	1056	1	1
14504	188	204	256	254	31	28	4	0	882	1728	48	1
14505	188	204	256	254	31	28	4	1	882	768	24	1
14506	188	204	256	254	31	28	4	2	882	528	12	1
14507	188	204	256	254	31	28	4	3	882	564	7	1
14508	188	204	256	254	31	28	4	4	882	688	4	1
14509	188	204	256	254	31	28	4	5	882	864	2	1
14510	188	204	256	254	31	28	4	6	882	1056	1	1
14511	188	204	256	254	31	28	5	0	882	4294967295	48	1
14512	188	204	256	254	31	28	5	1	882	4294967295	24	1
14513	188	204	256	254	31	28	5	2	882	4294967295	12	1
14514	188	204	256	254	31	28	5	3	882	4294967295	7	1
14515	188	204	256	254	31	28	5	4	882	4294967295	4	1
14516	188	204	256	254	31	28	5	5	882	4294967295	2	1
14517	188	204	256	254	31	28	5	6	882	4294967295	1	1
14518	188	204	256	254	31	28	6	0	882	4294967295	48	1
14519	188	204	256	254	31	28	6	1	882	4294967295	24	1
14520	188	204	256	254	31	28	6	2	882	4294967295	12	1
14521	188	204	256	254	31	28	6	3	882	4294967295	7	1
14522	188	204	256	254	31	28	6	4	882	4294967295	4	1
14523	188	204	256	254	31	28	6	5	882	4294967295	2	1
14524	188	204	256	254	31	28	6	6	882	4294967295	1	1
14525	188	204	256	254	31	28	7	0	882	4294967295	48	1
14526	188	204	256	254	31	28	7	1	882	4294967295	24	1
14527	188	204	256	254	31	28	7	2	882	4294967295	12	1
14528	188	204	256	254	31	28	7	3	882	4294967295	7	1
14529	188	204	256	254	31	28	7	4	882	4294967295	4	1
14530	188	204	256	254	31	28	7	5	882	4294967295	2	1
14531	188	204	256	254	31	28	7	6	882	4294967295	1	1
14532	188	204	256	254	31	28	8	0	882	4294967295	48	1
14533	188	204	256	254	31	28	8	1	882	4294967295	24	1
14534	188	204	256	254	31	28	8	2	882	4294967295	12	1
14535	188	204	256	254	31	28	8	3	882	4294967295	7	1
14536	188	204	256	254	31	28	8	4	882	4294967295	4	1
14537	188	204	256	254	31	28	8	5	882	4294967295	2	1
14538	188	204	256	254	31	28	8	6	882	4294967295	1	1
14539	188	204	256	254	31	28	9	0	882	4294967295	48	1
14540	188	204	256	254	31	28	9	1	882	4294967295	24	1
14541	188	204	256	254	31	28	9	2	882	4294967295	12	1
14542	188	204	256	254	31	28	9	3	882	4294967295	7	1
14543	188	204	256	254	31	28	9	4	882	4294967295	4	1
14544	188	204	256	254	31	28	9	5	882	4294967295	2	1
14545	188	204	256	254	31	28	9	6	882	4294967295	1	1
14546	188	204	256	254	31	28	10	0	882	4294967295	48	1
14547	188	204	256	254	31	28	10	1	882	4294967295	24	1
14548	188	204	256	254	31	28	10	2	882	4294967295	12	1
14549	188	204	256	254	31	28	10	3	882	4294967295	7	1
14550	188	204	256	254	31	28	10	4	882	4294967295	4	1
14551	188	204	256	254	31	28	10	5	882	4294967295	2	1
14552	188	204	256	254	31	28	10	6	882	4294967295	1	1
14553	189	208	256	254	31	28	0	0	810	1584	44	1
14554	189	208	256	254	31	28	0	1	810	704	22	1
14555	189	208	256	254	31	28	0	2	810	484	11	1
14556	189	208	256	254	31	28	0	3	810	512	6	1
14557	189	208	256	254	31	28	0	4	810	628	3	1
14558	189	208	256	254	31	28	0	5	810	792	2	1
14559	189	208	256	254	31	28	0	6	810	968	1	1
14560	189	208	256	254	31	28	1	0	810	1584	44	1
14561	189	208	256	254	31	28	1	1	810	704	22	1
14562	189	208	256	254	31	28	1	2	810	484	11	1
14563	189	208	256	254	31	28	1	3	810	512	6	1
14564	189	208	256	254	31	28	1	4	810	628	3	1
14565	189	208	256	254	31	28	1	5	810	792	2	1
14566	189	208	256	254	31	28	1	6	810	968	1	1
14567	189	208	256	254	31	28	2	0	810	1584	44	1
14568	189	208	256	254	31	28	2	1	810	704	22	1
14569	189	208	256	254	31	28	2	2	810	484	11	1
14570	189	208	256	254	31	28	2	3	810	512	6	1
14571	189	208	256	254	31	28	2	4	810	628	3	1
14572	189	208	256	254	31	28	2	5	810	792	2	1
14573	189	208	256	254	31	28	2	6	810	968	1	1
14574	189	208	256	254	31	28	3	0	810	1584	44	1
14575	189	208	256	254	31	28	3	1	810	704	22	1
14576	189	208	256	254	31	28	3	2	810	484	11	1
14577	189	208	256	254	31	28	3	3	810	512	6	1
14578	189	208	256	254	31	28	3	4	810	628	3	1
14579	189	208	256	254	31	28	3	5	810	792	2	1
14580	189	208	256	254	31	28	3	6	810	968	1	1
14581	189	208	256	254	31	28	4	0	810	1584	44	1
14582	189	208	256	254	31	28	4	1	810	704	22	1
14583	189	208	256	254	31	28	4	2	810	484	11	1
14584	189	208	256	254	31	28	4	3	810	512	6	1
14585	189	208	256	254	31	28	4	4	810	628	3	1
14586	189	208	256	254	31	28	4	5	810	792	2	1
14587	189	208	256	254	31	28	4	6	810	968	1	1
14588	189	208	256	254	31	28	5	0	810	4294967295	44	1
14589	189	208	256	254	31	28	5	1	810	4294967295	22	1
14590	189	208	256	254	31	28	5	2	810	4294967295	11	1
14591	189	208	256	254	31	28	5	3	810	4294967295	6	1
14592	189	208	256	254	31	28	5	4	810	4294967295	3	1
14593	189	208	256	254	31	28	5	5	810	4294967295	2	1
14594	189	208	256	254	31	28	5	6	810	4294967295	1	1
14595	189	208	256	254	31	28	6	0	810	4294967295	44	1
14596	189	208	256	254	31	28	6	1	810	4294967295	22	1
14597	189	208	256	254	31	28	6	2	810	4294967295	11	1
14598	189	208	256	254	31	28	6	3	810	4294967295	6	1
14599	189	208	256	254	31	28	6	4	810	4294967295	3	1
14600	189	208	256	254	31	28	6	5	810	4294967295	2	1
14601	189	208	256	254	31	28	6	6	810	4294967295	1	1
14602	189	208	256	254	31	28	7	0	810	4294967295	44	1
14603	189	208	256	254	31	28	7	1	810	4294967295	22	1
14604	189	208	256	254	31	28	7	2	810	4294967295	11	1
14605	189	208	256	254	31	28	7	3	810	4294967295	6	1
14606	189	208	256	254	31	28	7	4	810	4294967295	3	1
14607	189	208	256	254	31	28	7	5	810	4294967295	2	1
14608	189	208	256	254	31	28	7	6	810	4294967295	1	1
14609	189	208	256	254	31	28	8	0	810	4294967295	44	1
14610	189	208	256	254	31	28	8	1	810	4294967295	22	1
14611	189	208	256	254	31	28	8	2	810	4294967295	11	1
14612	189	208	256	254	31	28	8	3	810	4294967295	6	1
14613	189	208	256	254	31	28	8	4	810	4294967295	3	1
14614	189	208	256	254	31	28	8	5	810	4294967295	2	1
14615	189	208	256	254	31	28	8	6	810	4294967295	1	1
14616	189	208	256	254	31	28	9	0	810	4294967295	44	1
14617	189	208	256	254	31	28	9	1	810	4294967295	22	1
14618	189	208	256	254	31	28	9	2	810	4294967295	11	1
14619	189	208	256	254	31	28	9	3	810	4294967295	6	1
14620	189	208	256	254	31	28	9	4	810	4294967295	3	1
14621	189	208	256	254	31	28	9	5	810	4294967295	2	1
14622	189	208	256	254	31	28	9	6	810	4294967295	1	1
14623	189	208	256	254	31	28	10	0	810	4294967295	44	1
14624	189	208	256	254	31	28	10	1	810	4294967295	22	1
14625	189	208	256	254	31	28	10	2	810	4294967295	11	1
14626	189	208	256	254	31	28	10	3	810	4294967295	6	1
14627	189	208	256	254	31	28	10	4	810	4294967295	3	1
14628	189	208	256	254	31	28	10	5	810	4294967295	2	1
14629	189	208	256	254	31	28	10	6	810	4294967295	1	1
14630	190	211	256	254	31	28	0	0	756	1476	41	1
14631	190	211	256	254	31	28	0	1	756	670	21	1
14632	190	211	256	254	31	28	0	2	756	466	11	1
14633	190	211	256	254	31	28	0	3	756	482	6	1
14634	190	211	256	254	31	28	0	4	756	586	3	1
14635	190	211	256	254	31	28	0	5	756	738	2	1
14636	190	211	256	254	31	28	0	6	756	902	1	1
14637	190	211	256	254	31	28	1	0	756	1476	41	1
14638	190	211	256	254	31	28	1	1	756	670	21	1
14639	190	211	256	254	31	28	1	2	756	466	11	1
14640	190	211	256	254	31	28	1	3	756	482	6	1
14641	190	211	256	254	31	28	1	4	756	586	3	1
14642	190	211	256	254	31	28	1	5	756	738	2	1
14643	190	211	256	254	31	28	1	6	756	902	1	1
14644	190	211	256	254	31	28	2	0	756	1476	41	1
14645	190	211	256	254	31	28	2	1	756	670	21	1
14646	190	211	256	254	31	28	2	2	756	466	11	1
14647	190	211	256	254	31	28	2	3	756	482	6	1
14648	190	211	256	254	31	28	2	4	756	586	3	1
14649	190	211	256	254	31	28	2	5	756	738	2	1
14650	190	211	256	254	31	28	2	6	756	902	1	1
14651	190	211	256	254	31	28	3	0	756	1476	41	1
14652	190	211	256	254	31	28	3	1	756	670	21	1
14653	190	211	256	254	31	28	3	2	756	466	11	1
14654	190	211	256	254	31	28	3	3	756	482	6	1
14655	190	211	256	254	31	28	3	4	756	586	3	1
14656	190	211	256	254	31	28	3	5	756	738	2	1
14657	190	211	256	254	31	28	3	6	756	902	1	1
14658	190	211	256	254	31	28	4	0	756	1476	41	1
14659	190	211	256	254	31	28	4	1	756	670	21	1
14660	190	211	256	254	31	28	4	2	756	466	11	1
14661	190	211	256	254	31	28	4	3	756	482	6	1
14662	190	211	256	254	31	28	4	4	756	586	3	1
14663	190	211	256	254	31	28	4	5	756	738	2	1
14664	190	211	256	254	31	28	4	6	756	902	1	1
14665	190	211	256	254	31	28	5	0	756	4294967295	41	1
14666	190	211	256	254	31	28	5	1	756	4294967295	21	1
14667	190	211	256	254	31	28	5	2	756	4294967295	11	1
14668	190	211	256	254	31	28	5	3	756	4294967295	6	1
14669	190	211	256	254	31	28	5	4	756	4294967295	3	1
14670	190	211	256	254	31	28	5	5	756	4294967295	2	1
14671	190	211	256	254	31	28	5	6	756	4294967295	1	1
14672	190	211	256	254	31	28	6	0	756	4294967295	41	1
14673	190	211	256	254	31	28	6	1	756	4294967295	21	1
14674	190	211	256	254	31	28	6	2	756	4294967295	11	1
14675	190	211	256	254	31	28	6	3	756	4294967295	6	1
14676	190	211	256	254	31	28	6	4	756	4294967295	3	1
14677	190	211	256	254	31	28	6	5	756	4294967295	2	1
14678	190	211	256	254	31	28	6	6	756	4294967295	1	1
14679	190	211	256	254	31	28	7	0	756	4294967295	41	1
14680	190	211	256	254	31	28	7	1	756	4294967295	21	1
14681	190	211	256	254	31	28	7	2	756	4294967295	11	1
14682	190	211	256	254	31	28	7	3	756	4294967295	6	1
14683	190	211	256	254	31	28	7	4	756	4294967295	3	1
14684	190	211	256	254	31	28	7	5	756	4294967295	2	1
14685	190	211	256	254	31	28	7	6	756	4294967295	1	1
14686	190	211	256	254	31	28	8	0	756	4294967295	41	1
14687	190	211	256	254	31	28	8	1	756	4294967295	21	1
14688	190	211	256	254	31	28	8	2	756	4294967295	11	1
14689	190	211	256	254	31	28	8	3	756	4294967295	6	1
14690	190	211	256	254	31	28	8	4	756	4294967295	3	1
14691	190	211	256	254	31	28	8	5	756	4294967295	2	1
14692	190	211	256	254	31	28	8	6	756	4294967295	1	1
14693	190	211	256	254	31	28	9	0	756	4294967295	41	1
14694	190	211	256	254	31	28	9	1	756	4294967295	21	1
14695	190	211	256	254	31	28	9	2	756	4294967295	11	1
14696	190	211	256	254	31	28	9	3	756	4294967295	6	1
14697	190	211	256	254	31	28	9	4	756	4294967295	3	1
14698	190	211	256	254	31	28	9	5	756	4294967295	2	1
14699	190	211	256	254	31	28	9	6	756	4294967295	1	1
14700	190	211	256	254	31	28	10	0	756	4294967295	41	1
14701	190	211	256	254	31	28	10	1	756	4294967295	21	1
14702	190	211	256	254	31	28	10	2	756	4294967295	11	1
14703	190	211	256	254	31	28	10	3	756	4294967295	6	1
14704	190	211	256	254	31	28	10	4	756	4294967295	3	1
14705	190	211	256	254	31	28	10	5	756	4294967295	2	1
14706	190	211	256	254	31	28	10	6	756	4294967295	1	1
14707	191	215	256	254	31	28	0	0	684	1332	37	1
14708	191	215	256	254	31	28	0	1	684	606	19	1
14709	191	215	256	254	31	28	0	2	684	422	10	1
14710	191	215	256	254	31	28	0	3	684	442	6	1
14711	191	215	256	254	31	28	0	4	684	530	3	1
14712	191	215	256	254	31	28	0	5	684	666	2	1
14713	191	215	256	254	31	28	0	6	684	814	1	1
14714	191	215	256	254	31	28	1	0	684	1332	37	1
14715	191	215	256	254	31	28	1	1	684	606	19	1
14716	191	215	256	254	31	28	1	2	684	422	10	1
14717	191	215	256	254	31	28	1	3	684	442	6	1
14718	191	215	256	254	31	28	1	4	684	530	3	1
14719	191	215	256	254	31	28	1	5	684	666	2	1
14720	191	215	256	254	31	28	1	6	684	814	1	1
14721	191	215	256	254	31	28	2	0	684	1332	37	1
14722	191	215	256	254	31	28	2	1	684	606	19	1
14723	191	215	256	254	31	28	2	2	684	422	10	1
14724	191	215	256	254	31	28	2	3	684	442	6	1
14725	191	215	256	254	31	28	2	4	684	530	3	1
14726	191	215	256	254	31	28	2	5	684	666	2	1
14727	191	215	256	254	31	28	2	6	684	814	1	1
14728	191	215	256	254	31	28	3	0	684	1332	37	1
14729	191	215	256	254	31	28	3	1	684	606	19	1
14730	191	215	256	254	31	28	3	2	684	422	10	1
14731	191	215	256	254	31	28	3	3	684	442	6	1
14732	191	215	256	254	31	28	3	4	684	530	3	1
14733	191	215	256	254	31	28	3	5	684	666	2	1
14734	191	215	256	254	31	28	3	6	684	814	1	1
14735	191	215	256	254	31	28	4	0	684	1332	37	1
14736	191	215	256	254	31	28	4	1	684	606	19	1
14737	191	215	256	254	31	28	4	2	684	422	10	1
14738	191	215	256	254	31	28	4	3	684	442	6	1
14739	191	215	256	254	31	28	4	4	684	530	3	1
14740	191	215	256	254	31	28	4	5	684	666	2	1
14741	191	215	256	254	31	28	4	6	684	814	1	1
14742	191	215	256	254	31	28	5	0	684	4294967295	37	1
14743	191	215	256	254	31	28	5	1	684	4294967295	19	1
14744	191	215	256	254	31	28	5	2	684	4294967295	10	1
14745	191	215	256	254	31	28	5	3	684	4294967295	6	1
14746	191	215	256	254	31	28	5	4	684	4294967295	3	1
14747	191	215	256	254	31	28	5	5	684	4294967295	2	1
14748	191	215	256	254	31	28	5	6	684	4294967295	1	1
14749	191	215	256	254	31	28	6	0	684	4294967295	37	1
14750	191	215	256	254	31	28	6	1	684	4294967295	19	1
14751	191	215	256	254	31	28	6	2	684	4294967295	10	1
14752	191	215	256	254	31	28	6	3	684	4294967295	6	1
14753	191	215	256	254	31	28	6	4	684	4294967295	3	1
14754	191	215	256	254	31	28	6	5	684	4294967295	2	1
14755	191	215	256	254	31	28	6	6	684	4294967295	1	1
14756	191	215	256	254	31	28	7	0	684	4294967295	37	1
14757	191	215	256	254	31	28	7	1	684	4294967295	19	1
14758	191	215	256	254	31	28	7	2	684	4294967295	10	1
14759	191	215	256	254	31	28	7	3	684	4294967295	6	1
14760	191	215	256	254	31	28	7	4	684	4294967295	3	1
14761	191	215	256	254	31	28	7	5	684	4294967295	2	1
14762	191	215	256	254	31	28	7	6	684	4294967295	1	1
14763	191	215	256	254	31	28	8	0	684	4294967295	37	1
14764	191	215	256	254	31	28	8	1	684	4294967295	19	1
14765	191	215	256	254	31	28	8	2	684	4294967295	10	1
14766	191	215	256	254	31	28	8	3	684	4294967295	6	1
14767	191	215	256	254	31	28	8	4	684	4294967295	3	1
14768	191	215	256	254	31	28	8	5	684	4294967295	2	1
14769	191	215	256	254	31	28	8	6	684	4294967295	1	1
14770	191	215	256	254	31	28	9	0	684	4294967295	37	1
14771	191	215	256	254	31	28	9	1	684	4294967295	19	1
14772	191	215	256	254	31	28	9	2	684	4294967295	10	1
14773	191	215	256	254	31	28	9	3	684	4294967295	6	1
14774	191	215	256	254	31	28	9	4	684	4294967295	3	1
14775	191	215	256	254	31	28	9	5	684	4294967295	2	1
14776	191	215	256	254	31	28	9	6	684	4294967295	1	1
14777	191	215	256	254	31	28	10	0	684	4294967295	37	1
14778	191	215	256	254	31	28	10	1	684	4294967295	19	1
14779	191	215	256	254	31	28	10	2	684	4294967295	10	1
14780	191	215	256	254	31	28	10	3	684	4294967295	6	1
14781	191	215	256	254	31	28	10	4	684	4294967295	3	1
14782	191	215	256	254	31	28	10	5	684	4294967295	2	1
14783	191	215	256	254	31	28	10	6	684	4294967295	1	1
14784	192	218	256	254	31	28	0	0	630	1224	34	1
14785	192	218	256	254	31	28	0	1	630	544	17	1
14786	192	218	256	254	31	28	0	2	630	384	9	1
14787	192	218	256	254	31	28	0	3	630	400	5	1
14788	192	218	256	254	31	28	0	4	630	488	3	1
14789	192	218	256	254	31	28	0	5	630	612	2	1
14790	192	218	256	254	31	28	0	6	630	748	1	1
14791	192	218	256	254	31	28	1	0	630	1224	34	1
14792	192	218	256	254	31	28	1	1	630	544	17	1
14793	192	218	256	254	31	28	1	2	630	384	9	1
14794	192	218	256	254	31	28	1	3	630	400	5	1
14795	192	218	256	254	31	28	1	4	630	488	3	1
14796	192	218	256	254	31	28	1	5	630	612	2	1
14797	192	218	256	254	31	28	1	6	630	748	1	1
14798	192	218	256	254	31	28	2	0	630	1224	34	1
14799	192	218	256	254	31	28	2	1	630	544	17	1
14800	192	218	256	254	31	28	2	2	630	384	9	1
14801	192	218	256	254	31	28	2	3	630	400	5	1
14802	192	218	256	254	31	28	2	4	630	488	3	1
14803	192	218	256	254	31	28	2	5	630	612	2	1
14804	192	218	256	254	31	28	2	6	630	748	1	1
14805	192	218	256	254	31	28	3	0	630	1224	34	1
14806	192	218	256	254	31	28	3	1	630	544	17	1
14807	192	218	256	254	31	28	3	2	630	384	9	1
14808	192	218	256	254	31	28	3	3	630	400	5	1
14809	192	218	256	254	31	28	3	4	630	488	3	1
14810	192	218	256	254	31	28	3	5	630	612	2	1
14811	192	218	256	254	31	28	3	6	630	748	1	1
14812	192	218	256	254	31	28	4	0	630	1224	34	1
14813	192	218	256	254	31	28	4	1	630	544	17	1
14814	192	218	256	254	31	28	4	2	630	384	9	1
14815	192	218	256	254	31	28	4	3	630	400	5	1
14816	192	218	256	254	31	28	4	4	630	488	3	1
14817	192	218	256	254	31	28	4	5	630	612	2	1
14818	192	218	256	254	31	28	4	6	630	748	1	1
14819	192	218	256	254	31	28	5	0	630	4294967295	34	1
14820	192	218	256	254	31	28	5	1	630	4294967295	17	1
14821	192	218	256	254	31	28	5	2	630	4294967295	9	1
14822	192	218	256	254	31	28	5	3	630	4294967295	5	1
14823	192	218	256	254	31	28	5	4	630	4294967295	3	1
14824	192	218	256	254	31	28	5	5	630	4294967295	2	1
14825	192	218	256	254	31	28	5	6	630	4294967295	1	1
14826	192	218	256	254	31	28	6	0	630	4294967295	34	1
14827	192	218	256	254	31	28	6	1	630	4294967295	17	1
14828	192	218	256	254	31	28	6	2	630	4294967295	9	1
14829	192	218	256	254	31	28	6	3	630	4294967295	5	1
14830	192	218	256	254	31	28	6	4	630	4294967295	3	1
14831	192	218	256	254	31	28	6	5	630	4294967295	2	1
14832	192	218	256	254	31	28	6	6	630	4294967295	1	1
14833	192	218	256	254	31	28	7	0	630	4294967295	34	1
14834	192	218	256	254	31	28	7	1	630	4294967295	17	1
14835	192	218	256	254	31	28	7	2	630	4294967295	9	1
14836	192	218	256	254	31	28	7	3	630	4294967295	5	1
14837	192	218	256	254	31	28	7	4	630	4294967295	3	1
14838	192	218	256	254	31	28	7	5	630	4294967295	2	1
14839	192	218	256	254	31	28	7	6	630	4294967295	1	1
14840	192	218	256	254	31	28	8	0	630	4294967295	34	1
14841	192	218	256	254	31	28	8	1	630	4294967295	17	1
14842	192	218	256	254	31	28	8	2	630	4294967295	9	1
14843	192	218	256	254	31	28	8	3	630	4294967295	5	1
14844	192	218	256	254	31	28	8	4	630	4294967295	3	1
14845	192	218	256	254	31	28	8	5	630	4294967295	2	1
14846	192	218	256	254	31	28	8	6	630	4294967295	1	1
14847	192	218	256	254	31	28	9	0	630	4294967295	34	1
14848	192	218	256	254	31	28	9	1	630	4294967295	17	1
14849	192	218	256	254	31	28	9	2	630	4294967295	9	1
14850	192	218	256	254	31	28	9	3	630	4294967295	5	1
14851	192	218	256	254	31	28	9	4	630	4294967295	3	1
14852	192	218	256	254	31	28	9	5	630	4294967295	2	1
14853	192	218	256	254	31	28	9	6	630	4294967295	1	1
14854	192	218	256	254	31	28	10	0	630	4294967295	34	1
14855	192	218	256	254	31	28	10	1	630	4294967295	17	1
14856	192	218	256	254	31	28	10	2	630	4294967295	9	1
14857	192	218	256	254	31	28	10	3	630	4294967295	5	1
14858	192	218	256	254	31	28	10	4	630	4294967295	3	1
14859	192	218	256	254	31	28	10	5	630	4294967295	2	1
14860	192	218	256	254	31	28	10	6	630	4294967295	1	1
14861	193	221	256	254	31	28	0	0	576	1116	31	1
14862	193	221	256	254	31	28	0	1	576	510	16	1
14863	193	221	256	254	31	28	0	2	576	346	8	1
14864	193	221	256	254	31	28	0	3	576	370	5	1
14865	193	221	256	254	31	28	0	4	576	446	3	1
14866	193	221	256	254	31	28	0	5	576	558	2	1
14867	193	221	256	254	31	28	0	6	576	682	1	1
14868	193	221	256	254	31	28	1	0	576	1116	31	1
14869	193	221	256	254	31	28	1	1	576	510	16	1
14870	193	221	256	254	31	28	1	2	576	346	8	1
14871	193	221	256	254	31	28	1	3	576	370	5	1
14872	193	221	256	254	31	28	1	4	576	446	3	1
14873	193	221	256	254	31	28	1	5	576	558	2	1
14874	193	221	256	254	31	28	1	6	576	682	1	1
14875	193	221	256	254	31	28	2	0	576	1116	31	1
14876	193	221	256	254	31	28	2	1	576	510	16	1
14877	193	221	256	254	31	28	2	2	576	346	8	1
14878	193	221	256	254	31	28	2	3	576	370	5	1
14879	193	221	256	254	31	28	2	4	576	446	3	1
14880	193	221	256	254	31	28	2	5	576	558	2	1
14881	193	221	256	254	31	28	2	6	576	682	1	1
14882	193	221	256	254	31	28	3	0	576	1116	31	1
14883	193	221	256	254	31	28	3	1	576	510	16	1
14884	193	221	256	254	31	28	3	2	576	346	8	1
14885	193	221	256	254	31	28	3	3	576	370	5	1
14886	193	221	256	254	31	28	3	4	576	446	3	1
14887	193	221	256	254	31	28	3	5	576	558	2	1
14888	193	221	256	254	31	28	3	6	576	682	1	1
14889	193	221	256	254	31	28	4	0	576	1116	31	1
14890	193	221	256	254	31	28	4	1	576	510	16	1
14891	193	221	256	254	31	28	4	2	576	346	8	1
14892	193	221	256	254	31	28	4	3	576	370	5	1
14893	193	221	256	254	31	28	4	4	576	446	3	1
14894	193	221	256	254	31	28	4	5	576	558	2	1
14895	193	221	256	254	31	28	4	6	576	682	1	1
14896	193	221	256	254	31	28	5	0	576	4294967295	31	1
14897	193	221	256	254	31	28	5	1	576	4294967295	16	1
14898	193	221	256	254	31	28	5	2	576	4294967295	8	1
14899	193	221	256	254	31	28	5	3	576	4294967295	5	1
14900	193	221	256	254	31	28	5	4	576	4294967295	3	1
14901	193	221	256	254	31	28	5	5	576	4294967295	2	1
14902	193	221	256	254	31	28	5	6	576	4294967295	1	1
14903	193	221	256	254	31	28	6	0	576	4294967295	31	1
14904	193	221	256	254	31	28	6	1	576	4294967295	16	1
14905	193	221	256	254	31	28	6	2	576	4294967295	8	1
14906	193	221	256	254	31	28	6	3	576	4294967295	5	1
14907	193	221	256	254	31	28	6	4	576	4294967295	3	1
14908	193	221	256	254	31	28	6	5	576	4294967295	2	1
14909	193	221	256	254	31	28	6	6	576	4294967295	1	1
14910	193	221	256	254	31	28	7	0	576	4294967295	31	1
14911	193	221	256	254	31	28	7	1	576	4294967295	16	1
14912	193	221	256	254	31	28	7	2	576	4294967295	8	1
14913	193	221	256	254	31	28	7	3	576	4294967295	5	1
14914	193	221	256	254	31	28	7	4	576	4294967295	3	1
14915	193	221	256	254	31	28	7	5	576	4294967295	2	1
14916	193	221	256	254	31	28	7	6	576	4294967295	1	1
14917	193	221	256	254	31	28	8	0	576	4294967295	31	1
14918	193	221	256	254	31	28	8	1	576	4294967295	16	1
14919	193	221	256	254	31	28	8	2	576	4294967295	8	1
14920	193	221	256	254	31	28	8	3	576	4294967295	5	1
14921	193	221	256	254	31	28	8	4	576	4294967295	3	1
14922	193	221	256	254	31	28	8	5	576	4294967295	2	1
14923	193	221	256	254	31	28	8	6	576	4294967295	1	1
14924	193	221	256	254	31	28	9	0	576	4294967295	31	1
14925	193	221	256	254	31	28	9	1	576	4294967295	16	1
14926	193	221	256	254	31	28	9	2	576	4294967295	8	1
14927	193	221	256	254	31	28	9	3	576	4294967295	5	1
14928	193	221	256	254	31	28	9	4	576	4294967295	3	1
14929	193	221	256	254	31	28	9	5	576	4294967295	2	1
14930	193	221	256	254	31	28	9	6	576	4294967295	1	1
14931	193	221	256	254	31	28	10	0	576	4294967295	31	1
14932	193	221	256	254	31	28	10	1	576	4294967295	16	1
14933	193	221	256	254	31	28	10	2	576	4294967295	8	1
14934	193	221	256	254	31	28	10	3	576	4294967295	5	1
14935	193	221	256	254	31	28	10	4	576	4294967295	3	1
14936	193	221	256	254	31	28	10	5	576	4294967295	2	1
14937	193	221	256	254	31	28	10	6	576	4294967295	1	1
14938	194	225	256	254	1055	1052	0	0	392	756	27	1
14939	194	225	256	254	1055	1052	0	1	392	334	14	1
14940	194	225	256	254	1055	1052	0	2	392	246	7	1
14941	194	225	256	254	1055	1052	0	3	392	286	4	1
14942	194	225	256	254	1055	1052	0	4	392	378	2	1
14943	194	225	256	254	1055	1052	0	5	392	486	1	1
14944	194	225	256	254	1055	1052	0	6	392	486	1	1
14945	194	225	256	254	1055	1052	1	0	392	756	27	1
14946	194	225	256	254	1055	1052	1	1	392	334	14	1
14947	194	225	256	254	1055	1052	1	2	392	246	7	1
14948	194	225	256	254	1055	1052	1	3	392	286	4	1
14949	194	225	256	254	1055	1052	1	4	392	378	2	1
14950	194	225	256	254	1055	1052	1	5	392	486	1	1
14951	194	225	256	254	1055	1052	1	6	392	486	1	1
14952	194	225	256	254	1055	1052	2	0	392	756	27	1
14953	194	225	256	254	1055	1052	2	1	392	334	14	1
14954	194	225	256	254	1055	1052	2	2	392	246	7	1
14955	194	225	256	254	1055	1052	2	3	392	286	4	1
14956	194	225	256	254	1055	1052	2	4	392	378	2	1
14957	194	225	256	254	1055	1052	2	5	392	486	1	1
14958	194	225	256	254	1055	1052	2	6	392	486	1	1
14959	194	225	256	254	1055	1052	3	0	392	756	27	1
14960	194	225	256	254	1055	1052	3	1	392	334	14	1
14961	194	225	256	254	1055	1052	3	2	392	246	7	1
14962	194	225	256	254	1055	1052	3	3	392	286	4	1
14963	194	225	256	254	1055	1052	3	4	392	378	2	1
14964	194	225	256	254	1055	1052	3	5	392	486	1	1
14965	194	225	256	254	1055	1052	3	6	392	486	1	1
14966	194	225	256	254	1055	1052	4	0	392	756	27	1
14967	194	225	256	254	1055	1052	4	1	392	334	14	1
14968	194	225	256	254	1055	1052	4	2	392	246	7	1
14969	194	225	256	254	1055	1052	4	3	392	286	4	1
14970	194	225	256	254	1055	1052	4	4	392	378	2	1
14971	194	225	256	254	1055	1052	4	5	392	486	1	1
14972	194	225	256	254	1055	1052	4	6	392	486	1	1
14973	194	225	256	254	1055	1052	5	0	392	4294967295	27	1
14974	194	225	256	254	1055	1052	5	1	392	4294967295	14	1
14975	194	225	256	254	1055	1052	5	2	392	4294967295	7	1
14976	194	225	256	254	1055	1052	5	3	392	4294967295	4	1
14977	194	225	256	254	1055	1052	5	4	392	4294967295	2	1
14978	194	225	256	254	1055	1052	5	5	392	4294967295	1	1
14979	194	225	256	254	1055	1052	5	6	392	4294967295	1	1
14980	194	225	256	254	1055	1052	6	0	392	4294967295	27	1
14981	194	225	256	254	1055	1052	6	1	392	4294967295	14	1
14982	194	225	256	254	1055	1052	6	2	392	4294967295	7	1
14983	194	225	256	254	1055	1052	6	3	392	4294967295	4	1
14984	194	225	256	254	1055	1052	6	4	392	4294967295	2	1
14985	194	225	256	254	1055	1052	6	5	392	4294967295	1	1
14986	194	225	256	254	1055	1052	6	6	392	4294967295	1	1
14987	194	225	256	254	1055	1052	7	0	392	4294967295	27	1
14988	194	225	256	254	1055	1052	7	1	392	4294967295	14	1
14989	194	225	256	254	1055	1052	7	2	392	4294967295	7	1
14990	194	225	256	254	1055	1052	7	3	392	4294967295	4	1
14991	194	225	256	254	1055	1052	7	4	392	4294967295	2	1
14992	194	225	256	254	1055	1052	7	5	392	4294967295	1	1
14993	194	225	256	254	1055	1052	7	6	392	4294967295	1	1
14994	194	225	256	254	1055	1052	8	0	392	4294967295	27	1
14995	194	225	256	254	1055	1052	8	1	392	4294967295	14	1
14996	194	225	256	254	1055	1052	8	2	392	4294967295	7	1
14997	194	225	256	254	1055	1052	8	3	392	4294967295	4	1
14998	194	225	256	254	1055	1052	8	4	392	4294967295	2	1
14999	194	225	256	254	1055	1052	8	5	392	4294967295	1	1
15000	194	225	256	254	1055	1052	8	6	392	4294967295	1	1
15001	194	225	256	254	1055	1052	9	0	392	4294967295	27	1
15002	194	225	256	254	1055	1052	9	1	392	4294967295	14	1
15003	194	225	256	254	1055	1052	9	2	392	4294967295	7	1
15004	194	225	256	254	1055	1052	9	3	392	4294967295	4	1
15005	194	225	256	254	1055	1052	9	4	392	4294967295	2	1
15006	194	225	256	254	1055	1052	9	5	392	4294967295	1	1
15007	194	225	256	254	1055	1052	9	6	392	4294967295	1	1
15008	194	225	256	254	1055	1052	10	0	392	756	27	1
15009	194	225	256	254	1055	1052	10	1	392	334	14	1
15010	194	225	256	254	1055	1052	10	2	392	246	7	1
15011	194	225	256	254	1055	1052	10	3	392	286	4	1
15012	194	225	256	254	1055	1052	10	4	392	378	2	1
15013	194	225	256	254	1055	1052	10	5	392	486	1	1
15014	194	225	256	254	1055	1052	10	6	392	486	1	1
15015	195	228	256	254	1055	1052	0	0	350	672	24	1
15016	195	228	256	254	1055	1052	0	1	350	288	12	1
15017	195	228	256	254	1055	1052	0	2	350	216	6	1
15018	195	228	256	254	1055	1052	0	3	350	256	4	1
15019	195	228	256	254	1055	1052	0	4	350	336	2	1
15020	195	228	256	254	1055	1052	0	5	350	432	1	1
15021	195	228	256	254	1055	1052	0	6	350	432	1	1
15022	195	228	256	254	1055	1052	1	0	350	672	24	1
15023	195	228	256	254	1055	1052	1	1	350	288	12	1
15024	195	228	256	254	1055	1052	1	2	350	216	6	1
15025	195	228	256	254	1055	1052	1	3	350	256	4	1
15026	195	228	256	254	1055	1052	1	4	350	336	2	1
15027	195	228	256	254	1055	1052	1	5	350	432	1	1
15028	195	228	256	254	1055	1052	1	6	350	432	1	1
15029	195	228	256	254	1055	1052	2	0	350	672	24	1
15030	195	228	256	254	1055	1052	2	1	350	288	12	1
15031	195	228	256	254	1055	1052	2	2	350	216	6	1
15032	195	228	256	254	1055	1052	2	3	350	256	4	1
15033	195	228	256	254	1055	1052	2	4	350	336	2	1
15034	195	228	256	254	1055	1052	2	5	350	432	1	1
15035	195	228	256	254	1055	1052	2	6	350	432	1	1
15036	195	228	256	254	1055	1052	3	0	350	672	24	1
15037	195	228	256	254	1055	1052	3	1	350	288	12	1
15038	195	228	256	254	1055	1052	3	2	350	216	6	1
15039	195	228	256	254	1055	1052	3	3	350	256	4	1
15040	195	228	256	254	1055	1052	3	4	350	336	2	1
15041	195	228	256	254	1055	1052	3	5	350	432	1	1
15042	195	228	256	254	1055	1052	3	6	350	432	1	1
15043	195	228	256	254	1055	1052	4	0	350	672	24	1
15044	195	228	256	254	1055	1052	4	1	350	288	12	1
15045	195	228	256	254	1055	1052	4	2	350	216	6	1
15046	195	228	256	254	1055	1052	4	3	350	256	4	1
15047	195	228	256	254	1055	1052	4	4	350	336	2	1
15048	195	228	256	254	1055	1052	4	5	350	432	1	1
15049	195	228	256	254	1055	1052	4	6	350	432	1	1
15050	195	228	256	254	1055	1052	5	0	350	4294967295	24	1
15051	195	228	256	254	1055	1052	5	1	350	4294967295	12	1
15052	195	228	256	254	1055	1052	5	2	350	4294967295	6	1
15053	195	228	256	254	1055	1052	5	3	350	4294967295	4	1
15054	195	228	256	254	1055	1052	5	4	350	4294967295	2	1
15055	195	228	256	254	1055	1052	5	5	350	4294967295	1	1
15056	195	228	256	254	1055	1052	5	6	350	4294967295	1	1
15057	195	228	256	254	1055	1052	6	0	350	4294967295	24	1
15058	195	228	256	254	1055	1052	6	1	350	4294967295	12	1
15059	195	228	256	254	1055	1052	6	2	350	4294967295	6	1
15060	195	228	256	254	1055	1052	6	3	350	4294967295	4	1
15061	195	228	256	254	1055	1052	6	4	350	4294967295	2	1
15062	195	228	256	254	1055	1052	6	5	350	4294967295	1	1
15063	195	228	256	254	1055	1052	6	6	350	4294967295	1	1
15064	195	228	256	254	1055	1052	7	0	350	4294967295	24	1
15065	195	228	256	254	1055	1052	7	1	350	4294967295	12	1
15066	195	228	256	254	1055	1052	7	2	350	4294967295	6	1
15067	195	228	256	254	1055	1052	7	3	350	4294967295	4	1
15068	195	228	256	254	1055	1052	7	4	350	4294967295	2	1
15069	195	228	256	254	1055	1052	7	5	350	4294967295	1	1
15070	195	228	256	254	1055	1052	7	6	350	4294967295	1	1
15071	195	228	256	254	1055	1052	8	0	350	4294967295	24	1
15072	195	228	256	254	1055	1052	8	1	350	4294967295	12	1
15073	195	228	256	254	1055	1052	8	2	350	4294967295	6	1
15074	195	228	256	254	1055	1052	8	3	350	4294967295	4	1
15075	195	228	256	254	1055	1052	8	4	350	4294967295	2	1
15076	195	228	256	254	1055	1052	8	5	350	4294967295	1	1
15077	195	228	256	254	1055	1052	8	6	350	4294967295	1	1
15078	195	228	256	254	1055	1052	9	0	350	4294967295	24	1
15079	195	228	256	254	1055	1052	9	1	350	4294967295	12	1
15080	195	228	256	254	1055	1052	9	2	350	4294967295	6	1
15081	195	228	256	254	1055	1052	9	3	350	4294967295	4	1
15082	195	228	256	254	1055	1052	9	4	350	4294967295	2	1
15083	195	228	256	254	1055	1052	9	5	350	4294967295	1	1
15084	195	228	256	254	1055	1052	9	6	350	4294967295	1	1
15085	195	228	256	254	1055	1052	10	0	350	672	24	1
15086	195	228	256	254	1055	1052	10	1	350	288	12	1
15087	195	228	256	254	1055	1052	10	2	350	216	6	1
15088	195	228	256	254	1055	1052	10	3	350	256	4	1
15089	195	228	256	254	1055	1052	10	4	350	336	2	1
15090	195	228	256	254	1055	1052	10	5	350	432	1	1
15091	195	228	256	254	1055	1052	10	6	350	432	1	1
15092	196	232	256	254	1055	1052	0	0	294	560	20	1
15093	196	232	256	254	1055	1052	0	1	294	240	10	1
15094	196	232	256	254	1055	1052	0	2	294	180	5	1
15095	196	232	256	254	1055	1052	0	3	294	212	3	1
15096	196	232	256	254	1055	1052	0	4	294	280	2	1
15097	196	232	256	254	1055	1052	0	5	294	360	1	1
15098	196	232	256	254	1055	1052	0	6	294	360	1	1
15099	196	232	256	254	1055	1052	1	0	294	560	20	1
15100	196	232	256	254	1055	1052	1	1	294	240	10	1
15101	196	232	256	254	1055	1052	1	2	294	180	5	1
15102	196	232	256	254	1055	1052	1	3	294	212	3	1
15103	196	232	256	254	1055	1052	1	4	294	280	2	1
15104	196	232	256	254	1055	1052	1	5	294	360	1	1
15105	196	232	256	254	1055	1052	1	6	294	360	1	1
15106	196	232	256	254	1055	1052	2	0	294	560	20	1
15107	196	232	256	254	1055	1052	2	1	294	240	10	1
15108	196	232	256	254	1055	1052	2	2	294	180	5	1
15109	196	232	256	254	1055	1052	2	3	294	212	3	1
15110	196	232	256	254	1055	1052	2	4	294	280	2	1
15111	196	232	256	254	1055	1052	2	5	294	360	1	1
15112	196	232	256	254	1055	1052	2	6	294	360	1	1
15113	196	232	256	254	1055	1052	3	0	294	560	20	1
15114	196	232	256	254	1055	1052	3	1	294	240	10	1
15115	196	232	256	254	1055	1052	3	2	294	180	5	1
15116	196	232	256	254	1055	1052	3	3	294	212	3	1
15117	196	232	256	254	1055	1052	3	4	294	280	2	1
15118	196	232	256	254	1055	1052	3	5	294	360	1	1
15119	196	232	256	254	1055	1052	3	6	294	360	1	1
15120	196	232	256	254	1055	1052	4	0	294	560	20	1
15121	196	232	256	254	1055	1052	4	1	294	240	10	1
15122	196	232	256	254	1055	1052	4	2	294	180	5	1
15123	196	232	256	254	1055	1052	4	3	294	212	3	1
15124	196	232	256	254	1055	1052	4	4	294	280	2	1
15125	196	232	256	254	1055	1052	4	5	294	360	1	1
15126	196	232	256	254	1055	1052	4	6	294	360	1	1
15127	196	232	256	254	1055	1052	5	0	294	4294967295	20	1
15128	196	232	256	254	1055	1052	5	1	294	4294967295	10	1
15129	196	232	256	254	1055	1052	5	2	294	4294967295	5	1
15130	196	232	256	254	1055	1052	5	3	294	4294967295	3	1
15131	196	232	256	254	1055	1052	5	4	294	4294967295	2	1
15132	196	232	256	254	1055	1052	5	5	294	4294967295	1	1
15133	196	232	256	254	1055	1052	5	6	294	4294967295	1	1
15134	196	232	256	254	1055	1052	6	0	294	4294967295	20	1
15135	196	232	256	254	1055	1052	6	1	294	4294967295	10	1
15136	196	232	256	254	1055	1052	6	2	294	4294967295	5	1
15137	196	232	256	254	1055	1052	6	3	294	4294967295	3	1
15138	196	232	256	254	1055	1052	6	4	294	4294967295	2	1
15139	196	232	256	254	1055	1052	6	5	294	4294967295	1	1
15140	196	232	256	254	1055	1052	6	6	294	4294967295	1	1
15141	196	232	256	254	1055	1052	7	0	294	4294967295	20	1
15142	196	232	256	254	1055	1052	7	1	294	4294967295	10	1
15143	196	232	256	254	1055	1052	7	2	294	4294967295	5	1
15144	196	232	256	254	1055	1052	7	3	294	4294967295	3	1
15145	196	232	256	254	1055	1052	7	4	294	4294967295	2	1
15146	196	232	256	254	1055	1052	7	5	294	4294967295	1	1
15147	196	232	256	254	1055	1052	7	6	294	4294967295	1	1
15148	196	232	256	254	1055	1052	8	0	294	4294967295	20	1
15149	196	232	256	254	1055	1052	8	1	294	4294967295	10	1
15150	196	232	256	254	1055	1052	8	2	294	4294967295	5	1
15151	196	232	256	254	1055	1052	8	3	294	4294967295	3	1
15152	196	232	256	254	1055	1052	8	4	294	4294967295	2	1
15153	196	232	256	254	1055	1052	8	5	294	4294967295	1	1
15154	196	232	256	254	1055	1052	8	6	294	4294967295	1	1
15155	196	232	256	254	1055	1052	9	0	294	4294967295	20	1
15156	196	232	256	254	1055	1052	9	1	294	4294967295	10	1
15157	196	232	256	254	1055	1052	9	2	294	4294967295	5	1
15158	196	232	256	254	1055	1052	9	3	294	4294967295	3	1
15159	196	232	256	254	1055	1052	9	4	294	4294967295	2	1
15160	196	232	256	254	1055	1052	9	5	294	4294967295	1	1
15161	196	232	256	254	1055	1052	9	6	294	4294967295	1	1
15162	196	232	256	254	1055	1052	10	0	294	560	20	1
15163	196	232	256	254	1055	1052	10	1	294	240	10	1
15164	196	232	256	254	1055	1052	10	2	294	180	5	1
15165	196	232	256	254	1055	1052	10	3	294	212	3	1
15166	196	232	256	254	1055	1052	10	4	294	280	2	1
15167	196	232	256	254	1055	1052	10	5	294	360	1	1
15168	196	232	256	254	1055	1052	10	6	294	360	1	1
15169	197	235	256	254	1055	1052	0	0	252	476	17	1
15170	197	235	256	254	1055	1052	0	1	252	214	9	1
15171	197	235	256	254	1055	1052	0	2	252	162	5	1
15172	197	235	256	254	1055	1052	0	3	252	182	3	1
15173	197	235	256	254	1055	1052	0	4	252	238	2	1
15174	197	235	256	254	1055	1052	0	5	252	306	1	1
15175	197	235	256	254	1055	1052	0	6	252	306	1	1
15176	197	235	256	254	1055	1052	1	0	252	476	17	1
15177	197	235	256	254	1055	1052	1	1	252	214	9	1
15178	197	235	256	254	1055	1052	1	2	252	162	5	1
15179	197	235	256	254	1055	1052	1	3	252	182	3	1
15180	197	235	256	254	1055	1052	1	4	252	238	2	1
15181	197	235	256	254	1055	1052	1	5	252	306	1	1
15182	197	235	256	254	1055	1052	1	6	252	306	1	1
15183	197	235	256	254	1055	1052	2	0	252	476	17	1
15184	197	235	256	254	1055	1052	2	1	252	214	9	1
15185	197	235	256	254	1055	1052	2	2	252	162	5	1
15186	197	235	256	254	1055	1052	2	3	252	182	3	1
15187	197	235	256	254	1055	1052	2	4	252	238	2	1
15188	197	235	256	254	1055	1052	2	5	252	306	1	1
15189	197	235	256	254	1055	1052	2	6	252	306	1	1
15190	197	235	256	254	1055	1052	3	0	252	476	17	1
15191	197	235	256	254	1055	1052	3	1	252	214	9	1
15192	197	235	256	254	1055	1052	3	2	252	162	5	1
15193	197	235	256	254	1055	1052	3	3	252	182	3	1
15194	197	235	256	254	1055	1052	3	4	252	238	2	1
15195	197	235	256	254	1055	1052	3	5	252	306	1	1
15196	197	235	256	254	1055	1052	3	6	252	306	1	1
15197	197	235	256	254	1055	1052	4	0	252	476	17	1
15198	197	235	256	254	1055	1052	4	1	252	214	9	1
15199	197	235	256	254	1055	1052	4	2	252	162	5	1
15200	197	235	256	254	1055	1052	4	3	252	182	3	1
15201	197	235	256	254	1055	1052	4	4	252	238	2	1
15202	197	235	256	254	1055	1052	4	5	252	306	1	1
15203	197	235	256	254	1055	1052	4	6	252	306	1	1
15204	197	235	256	254	1055	1052	5	0	252	4294967295	17	1
15205	197	235	256	254	1055	1052	5	1	252	4294967295	9	1
15206	197	235	256	254	1055	1052	5	2	252	4294967295	5	1
15207	197	235	256	254	1055	1052	5	3	252	4294967295	3	1
15208	197	235	256	254	1055	1052	5	4	252	4294967295	2	1
15209	197	235	256	254	1055	1052	5	5	252	4294967295	1	1
15210	197	235	256	254	1055	1052	5	6	252	4294967295	1	1
15211	197	235	256	254	1055	1052	6	0	252	4294967295	17	1
15212	197	235	256	254	1055	1052	6	1	252	4294967295	9	1
15213	197	235	256	254	1055	1052	6	2	252	4294967295	5	1
15214	197	235	256	254	1055	1052	6	3	252	4294967295	3	1
15215	197	235	256	254	1055	1052	6	4	252	4294967295	2	1
15216	197	235	256	254	1055	1052	6	5	252	4294967295	1	1
15217	197	235	256	254	1055	1052	6	6	252	4294967295	1	1
15218	197	235	256	254	1055	1052	7	0	252	4294967295	17	1
15219	197	235	256	254	1055	1052	7	1	252	4294967295	9	1
15220	197	235	256	254	1055	1052	7	2	252	4294967295	5	1
15221	197	235	256	254	1055	1052	7	3	252	4294967295	3	1
15222	197	235	256	254	1055	1052	7	4	252	4294967295	2	1
15223	197	235	256	254	1055	1052	7	5	252	4294967295	1	1
15224	197	235	256	254	1055	1052	7	6	252	4294967295	1	1
15225	197	235	256	254	1055	1052	8	0	252	4294967295	17	1
15226	197	235	256	254	1055	1052	8	1	252	4294967295	9	1
15227	197	235	256	254	1055	1052	8	2	252	4294967295	5	1
15228	197	235	256	254	1055	1052	8	3	252	4294967295	3	1
15229	197	235	256	254	1055	1052	8	4	252	4294967295	2	1
15230	197	235	256	254	1055	1052	8	5	252	4294967295	1	1
15231	197	235	256	254	1055	1052	8	6	252	4294967295	1	1
15232	197	235	256	254	1055	1052	9	0	252	4294967295	17	1
15233	197	235	256	254	1055	1052	9	1	252	4294967295	9	1
15234	197	235	256	254	1055	1052	9	2	252	4294967295	5	1
15235	197	235	256	254	1055	1052	9	3	252	4294967295	3	1
15236	197	235	256	254	1055	1052	9	4	252	4294967295	2	1
15237	197	235	256	254	1055	1052	9	5	252	4294967295	1	1
15238	197	235	256	254	1055	1052	9	6	252	4294967295	1	1
15239	197	235	256	254	1055	1052	10	0	252	476	17	1
15240	197	235	256	254	1055	1052	10	1	252	214	9	1
15241	197	235	256	254	1055	1052	10	2	252	162	5	1
15242	197	235	256	254	1055	1052	10	3	252	182	3	1
15243	197	235	256	254	1055	1052	10	4	252	238	2	1
15244	197	235	256	254	1055	1052	10	5	252	306	1	1
15245	197	235	256	254	1055	1052	10	6	252	306	1	1
15246	198	239	256	254	1055	1052	0	0	196	364	13	1
15247	198	239	256	254	1055	1052	0	1	196	166	7	1
15248	198	239	256	254	1055	1052	0	2	196	126	4	1
15249	198	239	256	254	1055	1052	0	3	196	142	3	1
15250	198	239	256	254	1055	1052	0	4	196	182	2	1
15251	198	239	256	254	1055	1052	0	5	196	234	1	1
15252	198	239	256	254	1055	1052	0	6	196	234	1	1
15253	198	239	256	254	1055	1052	1	0	196	364	13	1
15254	198	239	256	254	1055	1052	1	1	196	166	7	1
15255	198	239	256	254	1055	1052	1	2	196	126	4	1
15256	198	239	256	254	1055	1052	1	3	196	142	3	1
15257	198	239	256	254	1055	1052	1	4	196	182	2	1
15258	198	239	256	254	1055	1052	1	5	196	234	1	1
15259	198	239	256	254	1055	1052	1	6	196	234	1	1
15260	198	239	256	254	1055	1052	2	0	196	364	13	1
15261	198	239	256	254	1055	1052	2	1	196	166	7	1
15262	198	239	256	254	1055	1052	2	2	196	126	4	1
15263	198	239	256	254	1055	1052	2	3	196	142	3	1
15264	198	239	256	254	1055	1052	2	4	196	182	2	1
15265	198	239	256	254	1055	1052	2	5	196	234	1	1
15266	198	239	256	254	1055	1052	2	6	196	234	1	1
15267	198	239	256	254	1055	1052	3	0	196	364	13	1
15268	198	239	256	254	1055	1052	3	1	196	166	7	1
15269	198	239	256	254	1055	1052	3	2	196	126	4	1
15270	198	239	256	254	1055	1052	3	3	196	142	3	1
15271	198	239	256	254	1055	1052	3	4	196	182	2	1
15272	198	239	256	254	1055	1052	3	5	196	234	1	1
15273	198	239	256	254	1055	1052	3	6	196	234	1	1
15274	198	239	256	254	1055	1052	4	0	196	364	13	1
15275	198	239	256	254	1055	1052	4	1	196	166	7	1
15276	198	239	256	254	1055	1052	4	2	196	126	4	1
15277	198	239	256	254	1055	1052	4	3	196	142	3	1
15278	198	239	256	254	1055	1052	4	4	196	182	2	1
15279	198	239	256	254	1055	1052	4	5	196	234	1	1
15280	198	239	256	254	1055	1052	4	6	196	234	1	1
15281	198	239	256	254	1055	1052	5	0	196	4294967295	13	1
15282	198	239	256	254	1055	1052	5	1	196	4294967295	7	1
15283	198	239	256	254	1055	1052	5	2	196	4294967295	4	1
15284	198	239	256	254	1055	1052	5	3	196	4294967295	3	1
15285	198	239	256	254	1055	1052	5	4	196	4294967295	2	1
15286	198	239	256	254	1055	1052	5	5	196	4294967295	1	1
15287	198	239	256	254	1055	1052	5	6	196	4294967295	1	1
15288	198	239	256	254	1055	1052	6	0	196	4294967295	13	1
15289	198	239	256	254	1055	1052	6	1	196	4294967295	7	1
15290	198	239	256	254	1055	1052	6	2	196	4294967295	4	1
15291	198	239	256	254	1055	1052	6	3	196	4294967295	3	1
15292	198	239	256	254	1055	1052	6	4	196	4294967295	2	1
15293	198	239	256	254	1055	1052	6	5	196	4294967295	1	1
15294	198	239	256	254	1055	1052	6	6	196	4294967295	1	1
15295	198	239	256	254	1055	1052	7	0	196	4294967295	13	1
15296	198	239	256	254	1055	1052	7	1	196	4294967295	7	1
15297	198	239	256	254	1055	1052	7	2	196	4294967295	4	1
15298	198	239	256	254	1055	1052	7	3	196	4294967295	3	1
15299	198	239	256	254	1055	1052	7	4	196	4294967295	2	1
15300	198	239	256	254	1055	1052	7	5	196	4294967295	1	1
15301	198	239	256	254	1055	1052	7	6	196	4294967295	1	1
15302	198	239	256	254	1055	1052	8	0	196	4294967295	13	1
15303	198	239	256	254	1055	1052	8	1	196	4294967295	7	1
15304	198	239	256	254	1055	1052	8	2	196	4294967295	4	1
15305	198	239	256	254	1055	1052	8	3	196	4294967295	3	1
15306	198	239	256	254	1055	1052	8	4	196	4294967295	2	1
15307	198	239	256	254	1055	1052	8	5	196	4294967295	1	1
15308	198	239	256	254	1055	1052	8	6	196	4294967295	1	1
15309	198	239	256	254	1055	1052	9	0	196	4294967295	13	1
15310	198	239	256	254	1055	1052	9	1	196	4294967295	7	1
15311	198	239	256	254	1055	1052	9	2	196	4294967295	4	1
15312	198	239	256	254	1055	1052	9	3	196	4294967295	3	1
15313	198	239	256	254	1055	1052	9	4	196	4294967295	2	1
15314	198	239	256	254	1055	1052	9	5	196	4294967295	1	1
15315	198	239	256	254	1055	1052	9	6	196	4294967295	1	1
15316	198	239	256	254	1055	1052	10	0	196	364	13	1
15317	198	239	256	254	1055	1052	10	1	196	166	7	1
15318	198	239	256	254	1055	1052	10	2	196	126	4	1
15319	198	239	256	254	1055	1052	10	3	196	142	3	1
15320	198	239	256	254	1055	1052	10	4	196	182	2	1
15321	198	239	256	254	1055	1052	10	5	196	234	1	1
15322	198	239	256	254	1055	1052	10	6	196	234	1	1
15323	199	242	256	254	1567	1564	0	0	110	200	10	1
15324	199	242	256	254	1567	1564	0	1	110	80	5	1
15325	199	242	256	254	1567	1564	0	2	110	72	3	1
15326	199	242	256	254	1567	1564	0	3	110	100	2	1
15327	199	242	256	254	1567	1564	0	4	110	140	1	1
15328	199	242	256	254	1567	1564	0	5	110	140	1	1
15329	199	242	256	254	1567	1564	0	6	110	140	1	1
15330	199	242	256	254	1567	1564	1	0	110	200	10	1
15331	199	242	256	254	1567	1564	1	1	110	80	5	1
15332	199	242	256	254	1567	1564	1	2	110	72	3	1
15333	199	242	256	254	1567	1564	1	3	110	100	2	1
15334	199	242	256	254	1567	1564	1	4	110	140	1	1
15335	199	242	256	254	1567	1564	1	5	110	140	1	1
15336	199	242	256	254	1567	1564	1	6	110	140	1	1
15337	199	242	256	254	1567	1564	2	0	110	200	10	1
15338	199	242	256	254	1567	1564	2	1	110	80	5	1
15339	199	242	256	254	1567	1564	2	2	110	72	3	1
15340	199	242	256	254	1567	1564	2	3	110	100	2	1
15341	199	242	256	254	1567	1564	2	4	110	140	1	1
15342	199	242	256	254	1567	1564	2	5	110	140	1	1
15343	199	242	256	254	1567	1564	2	6	110	140	1	1
15344	199	242	256	254	1567	1564	3	0	110	200	10	1
15345	199	242	256	254	1567	1564	3	1	110	80	5	1
15346	199	242	256	254	1567	1564	3	2	110	72	3	1
15347	199	242	256	254	1567	1564	3	3	110	100	2	1
15348	199	242	256	254	1567	1564	3	4	110	140	1	1
15349	199	242	256	254	1567	1564	3	5	110	140	1	1
15350	199	242	256	254	1567	1564	3	6	110	140	1	1
15351	199	242	256	254	1567	1564	4	0	110	200	10	1
15352	199	242	256	254	1567	1564	4	1	110	80	5	1
15353	199	242	256	254	1567	1564	4	2	110	72	3	1
15354	199	242	256	254	1567	1564	4	3	110	100	2	1
15355	199	242	256	254	1567	1564	4	4	110	140	1	1
15356	199	242	256	254	1567	1564	4	5	110	140	1	1
15357	199	242	256	254	1567	1564	4	6	110	140	1	1
15358	199	242	256	254	1567	1564	5	0	110	4294967295	10	1
15359	199	242	256	254	1567	1564	5	1	110	4294967295	5	1
15360	199	242	256	254	1567	1564	5	2	110	4294967295	3	1
15361	199	242	256	254	1567	1564	5	3	110	4294967295	2	1
15362	199	242	256	254	1567	1564	5	4	110	4294967295	1	1
15363	199	242	256	254	1567	1564	5	5	110	4294967295	1	1
15364	199	242	256	254	1567	1564	5	6	110	4294967295	1	1
15365	199	242	256	254	1567	1564	6	0	110	4294967295	10	1
15366	199	242	256	254	1567	1564	6	1	110	4294967295	5	1
15367	199	242	256	254	1567	1564	6	2	110	4294967295	3	1
15368	199	242	256	254	1567	1564	6	3	110	4294967295	2	1
15369	199	242	256	254	1567	1564	6	4	110	4294967295	1	1
15370	199	242	256	254	1567	1564	6	5	110	4294967295	1	1
15371	199	242	256	254	1567	1564	6	6	110	4294967295	1	1
15372	199	242	256	254	1567	1564	7	0	110	4294967295	10	1
15373	199	242	256	254	1567	1564	7	1	110	4294967295	5	1
15374	199	242	256	254	1567	1564	7	2	110	4294967295	3	1
15375	199	242	256	254	1567	1564	7	3	110	4294967295	2	1
15376	199	242	256	254	1567	1564	7	4	110	4294967295	1	1
15377	199	242	256	254	1567	1564	7	5	110	4294967295	1	1
15378	199	242	256	254	1567	1564	7	6	110	4294967295	1	1
15379	199	242	256	254	1567	1564	8	0	110	4294967295	10	1
15380	199	242	256	254	1567	1564	8	1	110	4294967295	5	1
15381	199	242	256	254	1567	1564	8	2	110	4294967295	3	1
15382	199	242	256	254	1567	1564	8	3	110	4294967295	2	1
15383	199	242	256	254	1567	1564	8	4	110	4294967295	1	1
15384	199	242	256	254	1567	1564	8	5	110	4294967295	1	1
15385	199	242	256	254	1567	1564	8	6	110	4294967295	1	1
15386	199	242	256	254	1567	1564	9	0	110	200	10	1
15387	199	242	256	254	1567	1564	9	1	110	80	5	1
15388	199	242	256	254	1567	1564	9	2	110	72	3	1
15389	199	242	256	254	1567	1564	9	3	110	100	2	1
15390	199	242	256	254	1567	1564	9	4	110	140	1	1
15391	199	242	256	254	1567	1564	9	5	110	140	1	1
15392	199	242	256	254	1567	1564	9	6	110	140	1	1
15393	199	242	256	254	1567	1564	10	0	110	200	10	1
15394	199	242	256	254	1567	1564	10	1	110	80	5	1
15395	199	242	256	254	1567	1564	10	2	110	72	3	1
15396	199	242	256	254	1567	1564	10	3	110	100	2	1
15397	199	242	256	254	1567	1564	10	4	110	140	1	1
15398	199	242	256	254	1567	1564	10	5	110	140	1	1
15399	199	242	256	254	1567	1564	10	6	110	140	1	1
15400	200	246	256	254	1567	1564	0	0	70	120	6	1
15401	200	246	256	254	1567	1564	0	1	70	48	3	1
15402	200	246	256	254	1567	1564	0	2	70	44	2	1
15403	200	246	256	254	1567	1564	0	3	70	60	2	1
15404	200	246	256	254	1567	1564	0	4	70	84	1	1
15405	200	246	256	254	1567	1564	0	5	70	84	1	1
15406	200	246	256	254	1567	1564	0	6	70	84	1	1
15407	200	246	256	254	1567	1564	1	0	70	120	6	1
15408	200	246	256	254	1567	1564	1	1	70	48	3	1
15409	200	246	256	254	1567	1564	1	2	70	44	2	1
15410	200	246	256	254	1567	1564	1	3	70	60	2	1
15411	200	246	256	254	1567	1564	1	4	70	84	1	1
15412	200	246	256	254	1567	1564	1	5	70	84	1	1
15413	200	246	256	254	1567	1564	1	6	70	84	1	1
15414	200	246	256	254	1567	1564	2	0	70	120	6	1
15415	200	246	256	254	1567	1564	2	1	70	48	3	1
15416	200	246	256	254	1567	1564	2	2	70	44	2	1
15417	200	246	256	254	1567	1564	2	3	70	60	2	1
15418	200	246	256	254	1567	1564	2	4	70	84	1	1
15419	200	246	256	254	1567	1564	2	5	70	84	1	1
15420	200	246	256	254	1567	1564	2	6	70	84	1	1
15421	200	246	256	254	1567	1564	3	0	70	120	6	1
15422	200	246	256	254	1567	1564	3	1	70	48	3	1
15423	200	246	256	254	1567	1564	3	2	70	44	2	1
15424	200	246	256	254	1567	1564	3	3	70	60	2	1
15425	200	246	256	254	1567	1564	3	4	70	84	1	1
15426	200	246	256	254	1567	1564	3	5	70	84	1	1
15427	200	246	256	254	1567	1564	3	6	70	84	1	1
15428	200	246	256	254	1567	1564	4	0	70	120	6	1
15429	200	246	256	254	1567	1564	4	1	70	48	3	1
15430	200	246	256	254	1567	1564	4	2	70	44	2	1
15431	200	246	256	254	1567	1564	4	3	70	60	2	1
15432	200	246	256	254	1567	1564	4	4	70	84	1	1
15433	200	246	256	254	1567	1564	4	5	70	84	1	1
15434	200	246	256	254	1567	1564	4	6	70	84	1	1
15435	200	246	256	254	1567	1564	5	0	70	4294967295	6	1
15436	200	246	256	254	1567	1564	5	1	70	4294967295	3	1
15437	200	246	256	254	1567	1564	5	2	70	4294967295	2	1
15438	200	246	256	254	1567	1564	5	3	70	4294967295	2	1
15439	200	246	256	254	1567	1564	5	4	70	4294967295	1	1
15440	200	246	256	254	1567	1564	5	5	70	4294967295	1	1
15441	200	246	256	254	1567	1564	5	6	70	4294967295	1	1
15442	200	246	256	254	1567	1564	6	0	70	4294967295	6	1
15443	200	246	256	254	1567	1564	6	1	70	4294967295	3	1
15444	200	246	256	254	1567	1564	6	2	70	4294967295	2	1
15445	200	246	256	254	1567	1564	6	3	70	4294967295	2	1
15446	200	246	256	254	1567	1564	6	4	70	4294967295	1	1
15447	200	246	256	254	1567	1564	6	5	70	4294967295	1	1
15448	200	246	256	254	1567	1564	6	6	70	4294967295	1	1
15449	200	246	256	254	1567	1564	7	0	70	4294967295	6	1
15450	200	246	256	254	1567	1564	7	1	70	4294967295	3	1
15451	200	246	256	254	1567	1564	7	2	70	4294967295	2	1
15452	200	246	256	254	1567	1564	7	3	70	4294967295	2	1
15453	200	246	256	254	1567	1564	7	4	70	4294967295	1	1
15454	200	246	256	254	1567	1564	7	5	70	4294967295	1	1
15455	200	246	256	254	1567	1564	7	6	70	4294967295	1	1
15456	200	246	256	254	1567	1564	8	0	70	4294967295	6	1
15457	200	246	256	254	1567	1564	8	1	70	4294967295	3	1
15458	200	246	256	254	1567	1564	8	2	70	4294967295	2	1
15459	200	246	256	254	1567	1564	8	3	70	4294967295	2	1
15460	200	246	256	254	1567	1564	8	4	70	4294967295	1	1
15461	200	246	256	254	1567	1564	8	5	70	4294967295	1	1
15462	200	246	256	254	1567	1564	8	6	70	4294967295	1	1
15463	200	246	256	254	1567	1564	9	0	70	120	6	1
15464	200	246	256	254	1567	1564	9	1	70	48	3	1
15465	200	246	256	254	1567	1564	9	2	70	44	2	1
15466	200	246	256	254	1567	1564	9	3	70	60	2	1
15467	200	246	256	254	1567	1564	9	4	70	84	1	1
15468	200	246	256	254	1567	1564	9	5	70	84	1	1
15469	200	246	256	254	1567	1564	9	6	70	84	1	1
15470	200	246	256	254	1567	1564	10	0	70	120	6	1
15471	200	246	256	254	1567	1564	10	1	70	48	3	1
15472	200	246	256	254	1567	1564	10	2	70	44	2	1
15473	200	246	256	254	1567	1564	10	3	70	60	2	1
15474	200	246	256	254	1567	1564	10	4	70	84	1	1
15475	200	246	256	254	1567	1564	10	5	70	84	1	1
15476	200	246	256	254	1567	1564	10	6	70	84	1	1
15477	201	249	256	254	1951	1820	0	0	24	12	3	1
15478	201	249	256	254	1951	1820	0	1	24	6	2	1
15479	201	249	256	254	1951	1820	0	2	24	18	1	1
15480	201	249	256	254	1951	1820	0	3	24	18	1	1
15481	201	249	256	254	1951	1820	0	4	24	18	1	1
15482	201	249	256	254	1951	1820	0	5	24	18	1	1
15483	201	249	256	254	1951	1820	0	6	24	18	1	1
15484	201	249	256	254	1951	1820	1	0	24	12	3	1
15485	201	249	256	254	1951	1820	1	1	24	6	2	1
15486	201	249	256	254	1951	1820	1	2	24	18	1	1
15487	201	249	256	254	1951	1820	1	3	24	18	1	1
15488	201	249	256	254	1951	1820	1	4	24	18	1	1
15489	201	249	256	254	1951	1820	1	5	24	18	1	1
15490	201	249	256	254	1951	1820	1	6	24	18	1	1
15491	201	249	256	254	1951	1820	2	0	24	12	3	1
15492	201	249	256	254	1951	1820	2	1	24	6	2	1
15493	201	249	256	254	1951	1820	2	2	24	18	1	1
15494	201	249	256	254	1951	1820	2	3	24	18	1	1
15495	201	249	256	254	1951	1820	2	4	24	18	1	1
15496	201	249	256	254	1951	1820	2	5	24	18	1	1
15497	201	249	256	254	1951	1820	2	6	24	18	1	1
15498	201	249	256	254	1951	1820	3	0	24	12	3	1
15499	201	249	256	254	1951	1820	3	1	24	6	2	1
15500	201	249	256	254	1951	1820	3	2	24	18	1	1
15501	201	249	256	254	1951	1820	3	3	24	18	1	1
15502	201	249	256	254	1951	1820	3	4	24	18	1	1
15503	201	249	256	254	1951	1820	3	5	24	18	1	1
15504	201	249	256	254	1951	1820	3	6	24	18	1	1
15505	201	249	256	254	1951	1820	4	0	24	12	3	1
15506	201	249	256	254	1951	1820	4	1	24	6	2	1
15507	201	249	256	254	1951	1820	4	2	24	18	1	1
15508	201	249	256	254	1951	1820	4	3	24	18	1	1
15509	201	249	256	254	1951	1820	4	4	24	18	1	1
15510	201	249	256	254	1951	1820	4	5	24	18	1	1
15511	201	249	256	254	1951	1820	4	6	24	18	1	1
15512	201	249	256	254	1951	1820	5	0	24	4294967295	3	1
15513	201	249	256	254	1951	1820	5	1	24	4294967295	2	1
15514	201	249	256	254	1951	1820	5	2	24	4294967295	1	1
15515	201	249	256	254	1951	1820	5	3	24	4294967295	1	1
15516	201	249	256	254	1951	1820	5	4	24	4294967295	1	1
15517	201	249	256	254	1951	1820	5	5	24	4294967295	1	1
15518	201	249	256	254	1951	1820	5	6	24	4294967295	1	1
15519	201	249	256	254	1951	1820	6	0	24	4294967295	3	1
15520	201	249	256	254	1951	1820	6	1	24	4294967295	2	1
15521	201	249	256	254	1951	1820	6	2	24	4294967295	1	1
15522	201	249	256	254	1951	1820	6	3	24	4294967295	1	1
15523	201	249	256	254	1951	1820	6	4	24	4294967295	1	1
15524	201	249	256	254	1951	1820	6	5	24	4294967295	1	1
15525	201	249	256	254	1951	1820	6	6	24	4294967295	1	1
15526	201	249	256	254	1951	1820	7	0	24	12	3	1
15527	201	249	256	254	1951	1820	7	1	24	6	2	1
15528	201	249	256	254	1951	1820	7	2	24	18	1	1
15529	201	249	256	254	1951	1820	7	3	24	18	1	1
15530	201	249	256	254	1951	1820	7	4	24	18	1	1
15531	201	249	256	254	1951	1820	7	5	24	18	1	1
15532	201	249	256	254	1951	1820	7	6	24	18	1	1
15533	201	249	256	254	1951	1820	8	0	24	12	3	1
15534	201	249	256	254	1951	1820	8	1	24	6	2	1
15535	201	249	256	254	1951	1820	8	2	24	18	1	1
15536	201	249	256	254	1951	1820	8	3	24	18	1	1
15537	201	249	256	254	1951	1820	8	4	24	18	1	1
15538	201	249	256	254	1951	1820	8	5	24	18	1	1
15539	201	249	256	254	1951	1820	8	6	24	18	1	1
15540	201	249	256	254	1951	1820	9	0	24	12	3	1
15541	201	249	256	254	1951	1820	9	1	24	6	2	1
15542	201	249	256	254	1951	1820	9	2	24	18	1	1
15543	201	249	256	254	1951	1820	9	3	24	18	1	1
15544	201	249	256	254	1951	1820	9	4	24	18	1	1
15545	201	249	256	254	1951	1820	9	5	24	18	1	1
15546	201	249	256	254	1951	1820	9	6	24	18	1	1
15547	201	249	256	254	1951	1820	10	0	24	12	3	1
15548	201	249	256	254	1951	1820	10	1	24	6	2	1
15549	201	249	256	254	1951	1820	10	2	24	18	1	1
15550	201	249	256	254	1951	1820	10	3	24	18	1	1
15551	201	249	256	254	1951	1820	10	4	24	18	1	1
15552	201	249	256	254	1951	1820	10	5	24	18	1	1
15553	201	249	256	254	1951	1820	10	6	24	18	1	1
