0 0 1 1
0 1 1 4
1 0 4 4
1 1 3 5
1 2 5 10
1 3 4 10
2 0 27 27
2 1 35 39
2 2 44 54
2 3 56 78
2 4 30 32
2 5 32 38
2 6 48 64
2 7 52 76
2 8 33 37
2 9 31 39
2 10 53 76
2 11 49 80
2 12 36 42
2 13 28 38
2 14 57 86
2 15 45 78
2 16 43 51
2 17 55 75
2 18 68 102
2 19 85 152
2 20 47 61
2 21 51 73
2 22 73 124
2 23 80 146
2 24 52 68
2 25 46 70
2 26 81 138
2 27 72 140
2 28 54 76
2 29 44 70
2 30 84 152
2 31 69 142
2 32 27 31
2 33 32 40
2 34 44 62
2 35 52 80
2 36 30 36
2 37 35 45
2 38 48 72
2 39 56 90
2 40 36 48
2 41 31 43
2 42 57 98
2 43 49 88
2 44 33 47
2 45 28 42
2 46 53 96
2 47 45 86
2 48 37 53
2 49 45 71
2 50 60 106
2 51 72 142
2 52 41 63
2 53 49 81
2 54 65 128
2 55 77 164
2 56 48 78
2 57 40 68
2 58 76 156
2 59 64 136
2 60 46 78
2 61 38 68
2 62 73 158
2 63 61 138
3 0 36 36
3 1 46 50
3 2 60 72
3 3 76 100
3 4 51 57
3 5 60 74
3 6 84 114
3 7 100 148
3 8 46 50
3 9 56 64
3 10 76 100
3 11 92 128
3 12 64 78
3 13 63 85
3 14 104 156
3 15 104 170
3 16 37 39
3 17 47 53
3 18 61 80
3 19 77 108
3 20 52 60
3 21 61 77
3 22 85 122
3 23 101 156
3 24 47 53
3 25 57 67
3 26 77 108
3 27 93 136
3 28 65 81
3 29 64 88
3 30 105 164
3 31 105 178
3 32 54 62
3 33 70 90
3 34 88 124
3 35 113 182
3 36 65 87
3 37 81 121
3 38 105 176
3 39 132 242
3 40 67 83
3 41 73 101
3 42 108 166
3 43 117 204
3 44 75 105
3 45 71 111
3 46 121 212
3 47 116 222
3 48 55 65
3 49 69 91
3 50 89 132
3 51 112 182
3 52 64 88
3 53 82 124
3 54 104 176
3 55 133 250
3 56 68 86
3 57 72 102
3 58 109 174
3 59 116 204
3 60 74 106
3 61 72 114
3 62 120 212
3 63 117 230
3 64 53 59
3 65 58 72
3 66 88 118
3 67 96 144
3 68 66 86
3 69 73 103
3 70 108 172
3 71 120 206
3 72 69 87
3 73 68 94
3 74 112 174
3 75 112 188
3 76 80 122
3 77 77 125
3 78 129 246
3 79 125 252
3 80 54 62
3 81 59 75
3 82 89 126
3 83 97 152
3 84 67 89
3 85 74 106
3 86 109 180
3 87 121 214
3 88 70 90
3 89 69 97
3 90 113 182
3 91 113 196
3 92 79 123
3 93 76 126
3 94 128 246
3 95 124 252
3 96 79 101
3 97 87 127
3 98 128 202
3 99 141 256
3 100 79 121
3 101 91 155
3 102 129 244
3 103 149 312
3 104 93 137
3 105 89 143
3 106 149 276
3 107 144 286
3 108 83 137
3 109 81 145
3 110 137 276
3 111 133 292
3 112 80 104
3 113 86 128
3 114 129 210
3 115 140 256
3 116 78 122
3 117 90 156
3 118 128 244
3 119 148 312
3 120 92 138
3 121 90 146
3 122 148 276
3 123 145 294
3 124 82 138
3 125 80 146
3 126 136 276
3 127 132 292
4 0 60 60
4 1 79 85
4 2 64 68
4 3 73 83
4 4 101 122
4 5 133 172
4 6 108 136
4 7 124 166
4 8 94 106
4 9 126 156
4 10 101 121
4 11 117 151
4 12 157 214
4 13 209 314
4 14 168 242
4 15 196 302
4 16 63 69
4 17 63 75
4 18 67 77
4 19 67 83
4 20 105 140
4 21 105 152
4 22 112 154
4 23 112 166
4 24 97 119
4 25 97 131
4 26 104 134
4 27 104 146
4 28 161 240
4 29 161 264
4 30 172 268
4 31 172 292
4 32 63 65
4 33 82 90
4 34 67 73
4 35 76 88
4 36 105 132
4 37 137 182
4 38 112 146
4 39 128 176
4 40 97 111
4 41 123 155
4 42 98 120
4 43 120 156
4 44 161 224
4 45 205 312
4 46 164 240
4 47 200 312
4 48 66 74
4 49 66 80
4 50 70 82
4 51 70 88
4 52 109 150
4 53 109 162
4 54 116 164
4 55 116 176
4 56 100 124
4 57 100 136
4 58 101 133
4 59 101 145
4 60 165 250
4 61 165 274
4 62 168 266
4 63 168 290
4 64 63 65
4 65 82 90
4 66 67 73
4 67 76 88
4 68 105 132
4 69 137 182
4 70 112 146
4 71 128 176
4 72 96 114
4 73 128 164
4 74 105 131
4 75 121 161
4 76 160 228
4 77 212 328
4 78 173 264
4 79 201 324
4 80 66 74
4 81 66 80
4 82 70 82
4 83 70 88
4 84 109 150
4 85 109 162
4 86 116 164
4 87 116 176
4 88 99 127
4 89 99 139
4 90 108 144
4 91 108 156
4 92 164 254
4 93 164 278
4 94 177 290
4 95 177 314
4 96 66 70
4 97 85 95
4 98 70 78
4 99 79 93
4 100 109 142
4 101 141 192
4 102 116 156
4 103 132 186
4 104 99 119
4 105 125 163
4 106 102 130
4 107 124 166
4 108 164 238
4 109 208 326
4 110 169 262
4 111 205 334
4 112 69 79
4 113 69 85
4 114 73 87
4 115 73 93
4 116 113 160
4 117 113 172
4 118 120 174
4 119 120 186
4 120 102 132
4 121 102 144
4 122 105 143
4 123 105 155
4 124 168 264
4 125 168 288
4 126 173 288
4 127 173 312
4 128 63 69
4 129 63 75
4 130 67 77
4 131 67 83
4 132 105 140
4 133 105 152
4 134 112 154
4 135 112 166
4 136 97 119
4 137 97 131
4 138 104 134
4 139 104 146
4 140 161 240
4 141 161 264
4 142 172 268
4 143 172 292
4 144 84 104
4 145 65 87
4 146 80 104
4 147 71 97
4 148 140 208
4 149 108 174
4 150 133 210
4 151 117 196
4 152 131 181
4 153 99 147
4 154 124 178
4 155 108 164
4 156 216 362
4 157 164 294
4 158 205 358
4 159 177 330
4 160 66 74
4 161 66 80
4 162 70 82
4 163 70 88
4 164 109 150
4 165 109 162
4 166 116 164
4 167 116 176
4 168 100 124
4 169 100 136
4 170 101 133
4 171 101 145
4 172 165 250
4 173 165 274
4 174 168 266
4 175 168 290
4 176 87 109
4 177 68 92
4 178 83 109
4 179 74 102
4 180 144 218
4 181 112 184
4 182 137 220
4 183 121 206
4 184 128 180
4 185 102 152
4 186 127 183
4 187 105 163
4 188 212 360
4 189 168 304
4 190 209 368
4 191 173 328
4 192 66 74
4 193 66 80
4 194 70 82
4 195 70 88
4 196 109 150
4 197 109 162
4 198 116 164
4 199 116 176
4 200 99 127
4 201 99 139
4 202 108 144
4 203 108 156
4 204 164 254
4 205 164 278
4 206 177 290
4 207 177 314
4 208 87 109
4 209 68 92
4 210 83 109
4 211 74 102
4 212 144 218
4 213 112 184
4 214 137 220
4 215 121 206
4 216 135 191
4 217 103 157
4 218 126 186
4 219 110 172
4 220 221 384
4 221 169 316
4 222 208 372
4 223 180 344
4 224 69 79
4 225 69 85
4 226 73 87
4 227 73 93
4 228 113 160
4 229 113 172
4 230 120 174
4 231 120 186
4 232 102 132
4 233 102 144
4 234 105 143
4 235 105 155
4 236 168 264
4 237 168 288
4 238 173 288
4 239 173 312
4 240 90 114
4 241 71 97
4 242 86 114
4 243 77 107
4 244 148 228
4 245 116 194
4 246 141 230
4 247 125 216
4 248 132 190
4 249 106 162
4 250 129 191
4 251 107 171
4 252 217 382
4 253 173 326
4 254 212 382
4 255 176 342
4 256 94 106
4 257 126 156
4 258 101 121
4 259 117 151
4 260 157 214
4 261 209 314
4 262 168 242
4 263 196 302
4 264 133 177
4 265 183 275
4 266 144 202
4 267 172 262
4 268 221 356
4 269 300 550
4 270 237 406
4 271 284 524
4 272 97 119
4 273 97 131
4 274 104 134
4 275 104 146
4 276 161 240
4 277 161 264
4 278 172 268
4 279 172 292
4 280 130 188
4 281 136 218
4 282 141 213
4 283 147 243
4 284 217 378
4 285 225 438
4 286 233 428
4 287 241 488
4 288 96 114
4 289 128 164
4 290 105 131
4 291 121 161
4 292 160 228
4 293 212 328
4 294 173 264
4 295 201 324
4 296 135 185
4 297 181 275
4 298 140 200
4 299 176 272
4 300 224 370
4 301 297 552
4 302 232 400
4 303 289 546
4 304 99 127
4 305 99 139
4 306 108 144
4 307 108 156
4 308 164 254
4 309 164 278
4 310 177 290
4 311 177 314
4 312 132 196
4 313 138 226
4 314 137 211
4 315 143 241
4 316 220 392
4 317 228 452
4 318 228 422
4 319 236 482
4 320 97 111
4 321 123 155
4 322 98 120
4 323 120 156
4 324 161 224
4 325 205 312
4 326 164 240
4 327 200 312
4 328 135 185
4 329 181 275
4 330 140 200
4 331 176 272
4 332 224 370
4 333 297 552
4 334 232 400
4 335 289 546
4 336 100 124
4 337 100 136
4 338 101 133
4 339 101 145
4 340 165 250
4 341 165 274
4 342 168 266
4 343 168 290
4 344 132 196
4 345 138 226
4 346 137 211
4 347 143 241
4 348 220 392
4 349 228 452
4 350 228 422
4 351 236 482
4 352 99 119
4 353 125 163
4 354 102 130
4 355 124 166
4 356 164 238
4 357 208 326
4 358 169 262
4 359 205 334
4 360 139 195
4 361 177 273
4 362 138 200
4 363 178 280
4 364 229 392
4 365 292 546
4 366 229 402
4 367 292 560
4 368 102 132
4 369 102 144
4 370 105 143
4 371 105 155
4 372 168 264
4 373 168 288
4 374 173 288
4 375 173 312
4 376 136 206
4 377 142 236
4 378 135 211
4 379 141 241
4 380 225 414
4 381 233 474
4 382 225 424
4 383 233 484
4 384 97 119
4 385 97 131
4 386 104 134
4 387 104 146
4 388 161 240
4 389 161 264
4 390 172 268
4 391 172 292
4 392 130 188
4 393 136 218
4 394 141 213
4 395 147 243
4 396 217 378
4 397 225 438
4 398 233 428
4 399 241 488
4 400 131 181
4 401 99 147
4 402 124 178
4 403 108 164
4 404 216 362
4 405 164 294
4 406 205 358
4 407 177 330
4 408 178 286
4 409 138 238
4 410 167 273
4 411 149 263
4 412 293 574
4 413 228 476
4 414 277 548
4 415 244 526
4 416 99 127
4 417 99 139
4 418 108 144
4 419 108 156
4 420 164 254
4 421 164 278
4 422 177 290
4 423 177 314
4 424 132 196
4 425 138 226
4 426 137 211
4 427 143 241
4 428 220 392
4 429 228 452
4 430 228 422
4 431 236 482
4 432 135 191
4 433 103 157
4 434 126 186
4 435 110 172
4 436 221 384
4 437 169 316
4 438 208 372
4 439 180 344
4 440 174 284
4 441 142 248
4 442 169 281
4 443 147 263
4 444 288 568
4 445 233 498
4 446 280 562
4 447 241 528
4 448 100 124
4 449 100 136
4 450 101 133
4 451 101 145
4 452 165 250
4 453 165 274
4 454 168 266
4 455 168 290
4 456 132 196
4 457 138 226
4 458 137 211
4 459 143 241
4 460 220 392
4 461 228 452
4 462 228 422
4 463 236 482
4 464 128 180
4 465 102 152
4 466 127 183
4 467 105 163
4 468 212 360
4 469 168 304
4 470 209 368
4 471 173 328
4 472 174 284
4 473 142 248
4 474 169 281
4 475 147 263
4 476 288 568
4 477 233 498
4 478 280 562
4 479 241 528
4 480 102 132
4 481 102 144
4 482 105 143
4 483 105 155
4 484 168 264
4 485 168 288
4 486 173 288
4 487 173 312
4 488 136 206
4 489 142 236
4 490 135 211
4 491 141 241
4 492 225 414
4 493 233 474
4 494 225 424
4 495 233 484
4 496 132 190
4 497 106 162
4 498 129 191
4 499 107 171
4 500 217 382
4 501 173 326
4 502 212 382
4 503 176 342
4 504 172 284
4 505 144 256
4 506 173 291
4 507 143 261
4 508 285 570
4 509 236 512
4 510 285 584
4 511 236 522
5 0 60 60
5 1 79 85
5 2 64 68
5 3 73 83
5 4 101 122
5 5 133 172
5 6 108 136
5 7 124 166
5 8 63 69
5 9 63 75
5 10 67 77
5 11 67 83
5 12 105 140
5 13 105 152
5 14 112 154
5 15 112 166
5 16 63 65
5 17 82 90
5 18 67 73
5 19 76 88
5 20 105 132
5 21 137 182
5 22 112 146
5 23 128 176
5 24 66 74
5 25 66 80
5 26 70 82
5 27 70 88
5 28 109 150
5 29 109 162
5 30 116 164
5 31 116 176
5 32 63 65
5 33 82 90
5 34 67 73
5 35 76 88
5 36 105 132
5 37 137 182
5 38 112 146
5 39 128 176
5 40 66 74
5 41 66 80
5 42 70 82
5 43 70 88
5 44 109 150
5 45 109 162
5 46 116 164
5 47 116 176
5 48 66 70
5 49 85 95
5 50 70 78
5 51 79 93
5 52 109 142
5 53 141 192
5 54 116 156
5 55 132 186
5 56 69 79
5 57 69 85
5 58 73 87
5 59 73 93
5 60 113 160
5 61 113 172
5 62 120 174
5 63 120 186
5 64 63 69
5 65 63 75
5 66 67 77
5 67 67 83
5 68 105 140
5 69 105 152
5 70 112 154
5 71 112 166
5 72 84 104
5 73 65 87
5 74 80 104
5 75 71 97
5 76 140 208
5 77 108 174
5 78 133 210
5 79 117 196
5 80 66 74
5 81 66 80
5 82 70 82
5 83 70 88
5 84 109 150
5 85 109 162
5 86 116 164
5 87 116 176
5 88 87 109
5 89 68 92
5 90 83 109
5 91 74 102
5 92 144 218
5 93 112 184
5 94 137 220
5 95 121 206
5 96 66 74
5 97 66 80
5 98 70 82
5 99 70 88
5 100 109 150
5 101 109 162
5 102 116 164
5 103 116 176
5 104 87 109
5 105 68 92
5 106 83 109
5 107 74 102
5 108 144 218
5 109 112 184
5 110 137 220
5 111 121 206
5 112 69 79
5 113 69 85
5 114 73 87
5 115 73 93
5 116 113 160
5 117 113 172
5 118 120 174
5 119 120 186
5 120 90 114
5 121 71 97
5 122 86 114
5 123 77 107
5 124 148 228
5 125 116 194
5 126 141 230
5 127 125 216
5 128 94 106
5 129 126 156
5 130 101 121
5 131 117 151
5 132 157 214
5 133 209 314
5 134 168 242
5 135 196 302
5 136 97 119
5 137 97 131
5 138 104 134
5 139 104 146
5 140 161 240
5 141 161 264
5 142 172 268
5 143 172 292
5 144 96 114
5 145 128 164
5 146 105 131
5 147 121 161
5 148 160 228
5 149 212 328
5 150 173 264
5 151 201 324
5 152 99 127
5 153 99 139
5 154 108 144
5 155 108 156
5 156 164 254
5 157 164 278
5 158 177 290
5 159 177 314
5 160 97 111
5 161 123 155
5 162 98 120
5 163 120 156
5 164 161 224
5 165 205 312
5 166 164 240
5 167 200 312
5 168 100 124
5 169 100 136
5 170 101 133
5 171 101 145
5 172 165 250
5 173 165 274
5 174 168 266
5 175 168 290
5 176 99 119
5 177 125 163
5 178 102 130
5 179 124 166
5 180 164 238
5 181 208 326
5 182 169 262
5 183 205 334
5 184 102 132
5 185 102 144
5 186 105 143
5 187 105 155
5 188 168 264
5 189 168 288
5 190 173 288
5 191 173 312
5 192 97 119
5 193 97 131
5 194 104 134
5 195 104 146
5 196 161 240
5 197 161 264
5 198 172 268
5 199 172 292
5 200 131 181
5 201 99 147
5 202 124 178
5 203 108 164
5 204 216 362
5 205 164 294
5 206 205 358
5 207 177 330
5 208 99 127
5 209 99 139
5 210 108 144
5 211 108 156
5 212 164 254
5 213 164 278
5 214 177 290
5 215 177 314
5 216 135 191
5 217 103 157
5 218 126 186
5 219 110 172
5 220 221 384
5 221 169 316
5 222 208 372
5 223 180 344
5 224 100 124
5 225 100 136
5 226 101 133
5 227 101 145
5 228 165 250
5 229 165 274
5 230 168 266
5 231 168 290
5 232 128 180
5 233 102 152
5 234 127 183
5 235 105 163
5 236 212 360
5 237 168 304
5 238 209 368
5 239 173 328
5 240 102 132
5 241 102 144
5 242 105 143
5 243 105 155
5 244 168 264
5 245 168 288
5 246 173 288
5 247 173 312
5 248 132 190
5 249 106 162
5 250 129 191
5 251 107 171
5 252 217 382
5 253 173 326
5 254 212 382
5 255 176 342
5 256 94 106
5 257 126 156
5 258 101 121
5 259 117 151
5 260 157 214
5 261 209 314
5 262 168 242
5 263 196 302
5 264 97 119
5 265 97 131
5 266 104 134
5 267 104 146
5 268 161 240
5 269 161 264
5 270 172 268
5 271 172 292
5 272 97 111
5 273 123 155
5 274 98 120
5 275 120 156
5 276 161 224
5 277 205 312
5 278 164 240
5 279 200 312
5 280 100 124
5 281 100 136
5 282 101 133
5 283 101 145
5 284 165 250
5 285 165 274
5 286 168 266
5 287 168 290
5 288 96 114
5 289 128 164
5 290 105 131
5 291 121 161
5 292 160 228
5 293 212 328
5 294 173 264
5 295 201 324
5 296 99 127
5 297 99 139
5 298 108 144
5 299 108 156
5 300 164 254
5 301 164 278
5 302 177 290
5 303 177 314
5 304 99 119
5 305 125 163
5 306 102 130
5 307 124 166
5 308 164 238
5 309 208 326
5 310 169 262
5 311 205 334
5 312 102 132
5 313 102 144
5 314 105 143
5 315 105 155
5 316 168 264
5 317 168 288
5 318 173 288
5 319 173 312
5 320 97 119
5 321 97 131
5 322 104 134
5 323 104 146
5 324 161 240
5 325 161 264
5 326 172 268
5 327 172 292
5 328 131 181
5 329 99 147
5 330 124 178
5 331 108 164
5 332 216 362
5 333 164 294
5 334 205 358
5 335 177 330
5 336 100 124
5 337 100 136
5 338 101 133
5 339 101 145
5 340 165 250
5 341 165 274
5 342 168 266
5 343 168 290
5 344 128 180
5 345 102 152
5 346 127 183
5 347 105 163
5 348 212 360
5 349 168 304
5 350 209 368
5 351 173 328
5 352 99 127
5 353 99 139
5 354 108 144
5 355 108 156
5 356 164 254
5 357 164 278
5 358 177 290
5 359 177 314
5 360 135 191
5 361 103 157
5 362 126 186
5 363 110 172
5 364 221 384
5 365 169 316
5 366 208 372
5 367 180 344
5 368 102 132
5 369 102 144
5 370 105 143
5 371 105 155
5 372 168 264
5 373 168 288
5 374 173 288
5 375 173 312
5 376 132 190
5 377 106 162
5 378 129 191
5 379 107 171
5 380 217 382
5 381 173 326
5 382 212 382
5 383 176 342
5 384 133 177
5 385 183 275
5 386 144 202
5 387 172 262
5 388 221 356
5 389 300 550
5 390 237 406
5 391 284 524
5 392 130 188
5 393 136 218
5 394 141 213
5 395 147 243
5 396 217 378
5 397 225 438
5 398 233 428
5 399 241 488
5 400 135 185
5 401 181 275
5 402 140 200
5 403 176 272
5 404 224 370
5 405 297 552
5 406 232 400
5 407 289 546
5 408 132 196
5 409 138 226
5 410 137 211
5 411 143 241
5 412 220 392
5 413 228 452
5 414 228 422
5 415 236 482
5 416 135 185
5 417 181 275
5 418 140 200
5 419 176 272
5 420 224 370
5 421 297 552
5 422 232 400
5 423 289 546
5 424 132 196
5 425 138 226
5 426 137 211
5 427 143 241
5 428 220 392
5 429 228 452
5 430 228 422
5 431 236 482
5 432 139 195
5 433 177 273
5 434 138 200
5 435 178 280
5 436 229 392
5 437 292 546
5 438 229 402
5 439 292 560
5 440 136 206
5 441 142 236
5 442 135 211
5 443 141 241
5 444 225 414
5 445 233 474
5 446 225 424
5 447 233 484
5 448 130 188
5 449 136 218
5 450 141 213
5 451 147 243
5 452 217 378
5 453 225 438
5 454 233 428
5 455 241 488
5 456 178 286
5 457 138 238
5 458 167 273
5 459 149 263
5 460 293 574
5 461 228 476
5 462 277 548
5 463 244 526
5 464 132 196
5 465 138 226
5 466 137 211
5 467 143 241
5 468 220 392
5 469 228 452
5 470 228 422
5 471 236 482
5 472 174 284
5 473 142 248
5 474 169 281
5 475 147 263
5 476 288 568
5 477 233 498
5 478 280 562
5 479 241 528
5 480 132 196
5 481 138 226
5 482 137 211
5 483 143 241
5 484 220 392
5 485 228 452
5 486 228 422
5 487 236 482
5 488 174 284
5 489 142 248
5 490 169 281
5 491 147 263
5 492 288 568
5 493 233 498
5 494 280 562
5 495 241 528
5 496 136 206
5 497 142 236
5 498 135 211
5 499 141 241
5 500 225 414
5 501 233 474
5 502 225 424
5 503 233 484
5 504 172 284
5 505 144 256
5 506 173 291
5 507 143 261
5 508 285 570
5 509 236 512
5 510 285 584
5 511 236 522
6 0 4 4
6 1 5 10
6 2 3 5
6 3 4 10
7 0 3 3
7 1 4 6
7 2 4 6
7 3 5 14
8 0 36 36
8 1 53 70
8 2 37 42
8 3 52 72
8 4 23 33
8 5 35 61
8 6 24 38
8 7 34 60
8 8 28 32
8 9 41 62
8 10 29 38
8 11 40 64
8 12 18 28
8 13 27 51
8 14 19 33
8 15 26 50
8 16 32 36
8 17 48 68
8 18 33 42
8 19 49 74
8 20 20 30
8 21 31 55
8 22 21 35
8 23 32 60
8 24 24 32
8 25 36 60
8 26 25 38
8 27 37 66
8 28 15 25
8 29 23 45
8 30 16 30
8 31 24 50
8 32 40 48
8 33 60 92
8 34 41 54
8 35 61 98
8 36 25 39
8 37 39 73
8 38 26 44
8 39 40 78
8 40 36 48
8 41 53 94
8 42 37 54
8 43 52 96
8 44 23 39
8 45 35 73
8 46 24 44
8 47 34 72
8 48 44 56
8 49 65 110
8 50 45 62
8 51 64 112
8 52 28 46
8 53 43 87
8 54 29 51
8 55 42 86
8 56 32 48
8 57 48 92
8 58 33 54
8 59 49 98
8 60 20 36
8 61 31 67
8 62 21 41
8 63 32 72
9 0 72 72
9 1 100 112
9 2 80 84
9 3 108 124
9 4 44 60
9 5 61 89
9 6 49 69
9 7 66 98
9 8 80 84
9 9 104 128
9 10 88 96
9 11 112 140
9 12 49 69
9 13 63 97
9 14 54 78
9 15 68 106
9 16 73 78
9 17 101 118
9 18 81 90
9 19 109 130
9 20 45 65
9 21 62 94
9 22 50 74
9 23 67 103
9 24 81 90
9 25 105 134
9 26 89 102
9 27 113 146
9 28 50 74
9 29 64 102
9 30 55 83
9 31 69 111
9 32 89 106
9 33 129 174
9 34 97 118
9 35 121 170
9 36 54 82
9 37 79 131
9 38 59 91
9 39 74 126
9 40 97 118
9 41 141 198
9 42 105 130
9 43 133 194
9 44 59 91
9 45 87 149
9 46 64 100
9 47 82 144
9 48 88 108
9 49 128 176
9 50 96 120
9 51 120 172
9 52 53 81
9 53 78 130
9 54 58 90
9 55 73 125
9 56 96 120
9 57 140 200
9 58 104 132
9 59 132 196
9 60 58 90
9 61 86 148
9 62 63 99
9 63 81 143
9 64 73 94
9 65 97 138
9 66 85 118
9 67 109 162
9 68 45 73
9 69 60 104
9 70 53 91
9 71 68 122
9 72 85 118
9 73 104 168
9 74 97 142
9 75 116 192
9 76 53 91
9 77 64 120
9 78 61 109
9 79 72 138
9 80 72 96
9 81 96 140
9 82 84 120
9 83 108 164
9 84 44 72
9 85 59 103
9 86 52 90
9 87 67 121
9 88 84 120
9 89 105 174
9 90 96 144
9 91 117 198
9 92 52 90
9 93 65 125
9 94 60 108
9 95 73 143
9 96 81 110
9 97 113 174
9 98 93 134
9 99 109 174
9 100 49 81
9 101 69 125
9 102 57 99
9 103 67 125
9 104 93 134
9 105 128 220
9 106 105 158
9 107 124 220
9 108 57 99
9 109 79 155
9 110 65 117
9 111 77 155
9 112 80 112
9 113 112 176
9 114 92 136
9 115 108 176
9 116 48 80
9 117 68 124
9 118 56 98
9 119 66 124
9 120 92 136
9 121 129 226
9 122 104 160
9 123 125 226
9 124 56 98
9 125 80 160
9 126 64 116
9 127 78 160
9 128 100 112
9 129 116 156
9 130 104 128
9 131 120 172
9 132 61 89
9 133 70 114
9 134 63 97
9 135 72 122
9 136 108 124
9 137 120 172
9 138 112 140
9 139 132 196
9 140 66 98
9 141 72 122
9 142 68 106
9 143 80 140
9 144 101 118
9 145 117 162
9 146 105 134
9 147 121 178
9 148 62 94
9 149 71 119
9 150 64 102
9 151 73 127
9 152 109 130
9 153 121 178
9 154 113 146
9 155 133 202
9 156 67 103
9 157 73 127
9 158 69 111
9 159 81 145
9 160 129 174
9 161 160 256
9 162 141 198
9 163 148 248
9 164 79 131
9 165 98 182
9 166 87 149
9 167 90 172
9 168 121 170
9 169 148 248
9 170 133 194
9 171 144 248
9 172 74 126
9 173 90 172
9 174 82 144
9 175 88 172
9 176 128 176
9 177 161 262
9 178 140 200
9 179 149 254
9 180 78 130
9 181 99 187
9 182 86 148
9 183 91 177
9 184 120 172
9 185 149 254
9 186 132 196
9 187 145 254
9 188 73 125
9 189 91 177
9 190 81 143
9 191 89 177
9 192 97 138
9 193 113 178
9 194 104 168
9 195 120 208
9 196 60 104
9 197 70 130
9 198 64 120
9 199 74 146
9 200 109 162
9 201 120 208
9 202 116 192
9 203 137 258
9 204 68 122
9 205 74 146
9 206 72 138
9 207 86 182
9 208 96 140
9 209 112 180
9 210 105 174
9 211 121 214
9 212 59 103
9 213 69 129
9 214 65 125
9 215 75 151
9 216 108 164
9 217 121 214
9 218 117 198
9 219 136 260
9 220 67 121
9 221 75 151
9 222 73 143
9 223 85 181
9 224 113 174
9 225 141 246
9 226 128 220
9 227 132 244
9 228 69 125
9 229 87 173
9 230 79 155
9 231 81 167
9 232 109 174
9 233 132 244
9 234 124 220
9 235 133 262
9 236 67 125
9 237 81 167
9 238 77 155
9 239 83 181
9 240 112 176
9 241 140 248
9 242 129 226
9 243 133 250
9 244 68 124
9 245 86 172
9 246 80 160
9 247 82 172
9 248 108 176
9 249 133 250
9 250 125 226
9 251 132 264
9 252 66 124
9 253 82 172
9 254 78 160
9 255 82 180
10 0 60 60
10 1 79 85
10 2 64 68
10 3 73 83
10 4 101 122
10 5 133 172
10 6 108 136
10 7 124 166
10 8 63 65
10 9 82 90
10 10 67 73
10 11 76 88
10 12 105 132
10 13 137 182
10 14 112 146
10 15 128 176
10 16 63 65
10 17 82 90
10 18 67 73
10 19 76 88
10 20 105 132
10 21 137 182
10 22 112 146
10 23 128 176
10 24 66 70
10 25 85 95
10 26 70 78
10 27 79 93
10 28 109 142
10 29 141 192
10 30 116 156
10 31 132 186
10 32 63 69
10 33 63 75
10 34 67 77
10 35 67 83
10 36 105 140
10 37 105 152
10 38 112 154
10 39 112 166
10 40 66 74
10 41 66 80
10 42 70 82
10 43 70 88
10 44 109 150
10 45 109 162
10 46 116 164
10 47 116 176
10 48 66 74
10 49 66 80
10 50 70 82
10 51 70 88
10 52 109 150
10 53 109 162
10 54 116 164
10 55 116 176
10 56 69 79
10 57 69 85
10 58 73 87
10 59 73 93
10 60 113 160
10 61 113 172
10 62 120 174
10 63 120 186
10 64 94 106
10 65 126 156
10 66 101 121
10 67 117 151
10 68 157 214
10 69 209 314
10 70 168 242
10 71 196 302
10 72 96 114
10 73 128 164
10 74 105 131
10 75 121 161
10 76 160 228
10 77 212 328
10 78 173 264
10 79 201 324
10 80 97 111
10 81 123 155
10 82 98 120
10 83 120 156
10 84 161 224
10 85 205 312
10 86 164 240
10 87 200 312
10 88 99 119
10 89 125 163
10 90 102 130
10 91 124 166
10 92 164 238
10 93 208 326
10 94 169 262
10 95 205 334
10 96 97 119
10 97 97 131
10 98 104 134
10 99 104 146
10 100 161 240
10 101 161 264
10 102 172 268
10 103 172 292
10 104 99 127
10 105 99 139
10 106 108 144
10 107 108 156
10 108 164 254
10 109 164 278
10 110 177 290
10 111 177 314
10 112 100 124
10 113 100 136
10 114 101 133
10 115 101 145
10 116 165 250
10 117 165 274
10 118 168 266
10 119 168 290
10 120 102 132
10 121 102 144
10 122 105 143
10 123 105 155
10 124 168 264
10 125 168 288
10 126 173 288
10 127 173 312
10 128 94 106
10 129 126 156
10 130 101 121
10 131 117 151
10 132 157 214
10 133 209 314
10 134 168 242
10 135 196 302
10 136 97 111
10 137 123 155
10 138 98 120
10 139 120 156
10 140 161 224
10 141 205 312
10 142 164 240
10 143 200 312
10 144 96 114
10 145 128 164
10 146 105 131
10 147 121 161
10 148 160 228
10 149 212 328
10 150 173 264
10 151 201 324
10 152 99 119
10 153 125 163
10 154 102 130
10 155 124 166
10 156 164 238
10 157 208 326
10 158 169 262
10 159 205 334
10 160 97 119
10 161 97 131
10 162 104 134
10 163 104 146
10 164 161 240
10 165 161 264
10 166 172 268
10 167 172 292
10 168 100 124
10 169 100 136
10 170 101 133
10 171 101 145
10 172 165 250
10 173 165 274
10 174 168 266
10 175 168 290
10 176 99 127
10 177 99 139
10 178 108 144
10 179 108 156
10 180 164 254
10 181 164 278
10 182 177 290
10 183 177 314
10 184 102 132
10 185 102 144
10 186 105 143
10 187 105 155
10 188 168 264
10 189 168 288
10 190 173 288
10 191 173 312
10 192 133 177
10 193 183 275
10 194 144 202
10 195 172 262
10 196 221 356
10 197 300 550
10 198 237 406
10 199 284 524
10 200 135 185
10 201 181 275
10 202 140 200
10 203 176 272
10 204 224 370
10 205 297 552
10 206 232 400
10 207 289 546
10 208 135 185
10 209 181 275
10 210 140 200
10 211 176 272
10 212 224 370
10 213 297 552
10 214 232 400
10 215 289 546
10 216 139 195
10 217 177 273
10 218 138 200
10 219 178 280
10 220 229 392
10 221 292 546
10 222 229 402
10 223 292 560
10 224 130 188
10 225 136 218
10 226 141 213
10 227 147 243
10 228 217 378
10 229 225 438
10 230 233 428
10 231 241 488
10 232 132 196
10 233 138 226
10 234 137 211
10 235 143 241
10 236 220 392
10 237 228 452
10 238 228 422
10 239 236 482
10 240 132 196
10 241 138 226
10 242 137 211
10 243 143 241
10 244 220 392
10 245 228 452
10 246 228 422
10 247 236 482
10 248 136 206
10 249 142 236
10 250 135 211
10 251 141 241
10 252 225 414
10 253 233 474
10 254 225 424
10 255 233 484
10 256 63 69
10 257 63 75
10 258 67 77
10 259 67 83
10 260 105 140
10 261 105 152
10 262 112 154
10 263 112 166
10 264 66 74
10 265 66 80
10 266 70 82
10 267 70 88
10 268 109 150
10 269 109 162
10 270 116 164
10 271 116 176
10 272 66 74
10 273 66 80
10 274 70 82
10 275 70 88
10 276 109 150
10 277 109 162
10 278 116 164
10 279 116 176
10 280 69 79
10 281 69 85
10 282 73 87
10 283 73 93
10 284 113 160
10 285 113 172
10 286 120 174
10 287 120 186
10 288 84 104
10 289 65 87
10 290 80 104
10 291 71 97
10 292 140 208
10 293 108 174
10 294 133 210
10 295 117 196
10 296 87 109
10 297 68 92
10 298 83 109
10 299 74 102
10 300 144 218
10 301 112 184
10 302 137 220
10 303 121 206
10 304 87 109
10 305 68 92
10 306 83 109
10 307 74 102
10 308 144 218
10 309 112 184
10 310 137 220
10 311 121 206
10 312 90 114
10 313 71 97
10 314 86 114
10 315 77 107
10 316 148 228
10 317 116 194
10 318 141 230
10 319 125 216
10 320 97 119
10 321 97 131
10 322 104 134
10 323 104 146
10 324 161 240
10 325 161 264
10 326 172 268
10 327 172 292
10 328 99 127
10 329 99 139
10 330 108 144
10 331 108 156
10 332 164 254
10 333 164 278
10 334 177 290
10 335 177 314
10 336 100 124
10 337 100 136
10 338 101 133
10 339 101 145
10 340 165 250
10 341 165 274
10 342 168 266
10 343 168 290
10 344 102 132
10 345 102 144
10 346 105 143
10 347 105 155
10 348 168 264
10 349 168 288
10 350 173 288
10 351 173 312
10 352 131 181
10 353 99 147
10 354 124 178
10 355 108 164
10 356 216 362
10 357 164 294
10 358 205 358
10 359 177 330
10 360 135 191
10 361 103 157
10 362 126 186
10 363 110 172
10 364 221 384
10 365 169 316
10 366 208 372
10 367 180 344
10 368 128 180
10 369 102 152
10 370 127 183
10 371 105 163
10 372 212 360
10 373 168 304
10 374 209 368
10 375 173 328
10 376 132 190
10 377 106 162
10 378 129 191
10 379 107 171
10 380 217 382
10 381 173 326
10 382 212 382
10 383 176 342
10 384 97 119
10 385 97 131
10 386 104 134
10 387 104 146
10 388 161 240
10 389 161 264
10 390 172 268
10 391 172 292
10 392 100 124
10 393 100 136
10 394 101 133
10 395 101 145
10 396 165 250
10 397 165 274
10 398 168 266
10 399 168 290
10 400 99 127
10 401 99 139
10 402 108 144
10 403 108 156
10 404 164 254
10 405 164 278
10 406 177 290
10 407 177 314
10 408 102 132
10 409 102 144
10 410 105 143
10 411 105 155
10 412 168 264
10 413 168 288
10 414 173 288
10 415 173 312
10 416 131 181
10 417 99 147
10 418 124 178
10 419 108 164
10 420 216 362
10 421 164 294
10 422 205 358
10 423 177 330
10 424 128 180
10 425 102 152
10 426 127 183
10 427 105 163
10 428 212 360
10 429 168 304
10 430 209 368
10 431 173 328
10 432 135 191
10 433 103 157
10 434 126 186
10 435 110 172
10 436 221 384
10 437 169 316
10 438 208 372
10 439 180 344
10 440 132 190
10 441 106 162
10 442 129 191
10 443 107 171
10 444 217 382
10 445 173 326
10 446 212 382
10 447 176 342
10 448 130 188
10 449 136 218
10 450 141 213
10 451 147 243
10 452 217 378
10 453 225 438
10 454 233 428
10 455 241 488
10 456 132 196
10 457 138 226
10 458 137 211
10 459 143 241
10 460 220 392
10 461 228 452
10 462 228 422
10 463 236 482
10 464 132 196
10 465 138 226
10 466 137 211
10 467 143 241
10 468 220 392
10 469 228 452
10 470 228 422
10 471 236 482
10 472 136 206
10 473 142 236
10 474 135 211
10 475 141 241
10 476 225 414
10 477 233 474
10 478 225 424
10 479 233 484
10 480 178 286
10 481 138 238
10 482 167 273
10 483 149 263
10 484 293 574
10 485 228 476
10 486 277 548
10 487 244 526
10 488 174 284
10 489 142 248
10 490 169 281
10 491 147 263
10 492 288 568
10 493 233 498
10 494 280 562
10 495 241 528
10 496 174 284
10 497 142 248
10 498 169 281
10 499 147 263
10 500 288 568
10 501 233 498
10 502 280 562
10 503 241 528
10 504 172 284
10 505 144 256
10 506 173 291
10 507 143 261
10 508 285 570
10 509 236 512
10 510 285 584
10 511 236 522
11 0 72 72
11 1 100 112
11 2 80 84
11 3 108 124
11 4 44 60
11 5 61 89
11 6 49 69
11 7 66 98
11 8 100 112
11 9 116 156
11 10 104 128
11 11 120 172
11 12 61 89
11 13 70 114
11 14 63 97
11 15 72 122
11 16 80 84
11 17 104 128
11 18 88 96
11 19 112 140
11 20 49 69
11 21 63 97
11 22 54 78
11 23 68 106
11 24 108 124
11 25 120 172
11 26 112 140
11 27 132 196
11 28 66 98
11 29 72 122
11 30 68 106
11 31 80 140
11 32 73 78
11 33 101 118
11 34 81 90
11 35 109 130
11 36 45 65
11 37 62 94
11 38 50 74
11 39 67 103
11 40 101 118
11 41 117 162
11 42 105 134
11 43 121 178
11 44 62 94
11 45 71 119
11 46 64 102
11 47 73 127
11 48 81 90
11 49 105 134
11 50 89 102
11 51 113 146
11 52 50 74
11 53 64 102
11 54 55 83
11 55 69 111
11 56 109 130
11 57 121 178
11 58 113 146
11 59 133 202
11 60 67 103
11 61 73 127
11 62 69 111
11 63 81 145
11 64 89 106
11 65 129 174
11 66 97 118
11 67 121 170
11 68 54 82
11 69 79 131
11 70 59 91
11 71 74 126
11 72 129 174
11 73 160 256
11 74 141 198
11 75 148 248
11 76 79 131
11 77 98 182
11 78 87 149
11 79 90 172
11 80 97 118
11 81 141 198
11 82 105 130
11 83 133 194
11 84 59 91
11 85 87 149
11 86 64 100
11 87 82 144
11 88 121 170
11 89 148 248
11 90 133 194
11 91 144 248
11 92 74 126
11 93 90 172
11 94 82 144
11 95 88 172
11 96 88 108
11 97 128 176
11 98 96 120
11 99 120 172
11 100 53 81
11 101 78 130
11 102 58 90
11 103 73 125
11 104 128 176
11 105 161 262
11 106 140 200
11 107 149 254
11 108 78 130
11 109 99 187
11 110 86 148
11 111 91 177
11 112 96 120
11 113 140 200
11 114 104 132
11 115 132 196
11 116 58 90
11 117 86 148
11 118 63 99
11 119 81 143
11 120 120 172
11 121 149 254
11 122 132 196
11 123 145 254
11 124 73 125
11 125 91 177
11 126 81 143
11 127 89 177
11 128 73 94
11 129 97 138
11 130 85 118
11 131 109 162
11 132 45 73
11 133 60 104
11 134 53 91
11 135 68 122
11 136 97 138
11 137 113 178
11 138 104 168
11 139 120 208
11 140 60 104
11 141 70 130
11 142 64 120
11 143 74 146
11 144 85 118
11 145 104 168
11 146 97 142
11 147 116 192
11 148 53 91
11 149 64 120
11 150 61 109
11 151 72 138
11 152 109 162
11 153 120 208
11 154 116 192
11 155 137 258
11 156 68 122
11 157 74 146
11 158 72 138
11 159 86 182
11 160 72 96
11 161 96 140
11 162 84 120
11 163 108 164
11 164 44 72
11 165 59 103
11 166 52 90
11 167 67 121
11 168 96 140
11 169 112 180
11 170 105 174
11 171 121 214
11 172 59 103
11 173 69 129
11 174 65 125
11 175 75 151
11 176 84 120
11 177 105 174
11 178 96 144
11 179 117 198
11 180 52 90
11 181 65 125
11 182 60 108
11 183 73 143
11 184 108 164
11 185 121 214
11 186 117 198
11 187 136 260
11 188 67 121
11 189 75 151
11 190 73 143
11 191 85 181
11 192 81 110
11 193 113 174
11 194 93 134
11 195 109 174
11 196 49 81
11 197 69 125
11 198 57 99
11 199 67 125
11 200 113 174
11 201 141 246
11 202 128 220
11 203 132 244
11 204 69 125
11 205 87 173
11 206 79 155
11 207 81 167
11 208 93 134
11 209 128 220
11 210 105 158
11 211 124 220
11 212 57 99
11 213 79 155
11 214 65 117
11 215 77 155
11 216 109 174
11 217 132 244
11 218 124 220
11 219 133 262
11 220 67 125
11 221 81 167
11 222 77 155
11 223 83 181
11 224 80 112
11 225 112 176
11 226 92 136
11 227 108 176
11 228 48 80
11 229 68 124
11 230 56 98
11 231 66 124
11 232 112 176
11 233 140 248
11 234 129 226
11 235 133 250
11 236 68 124
11 237 86 172
11 238 80 160
11 239 82 172
11 240 92 136
11 241 129 226
11 242 104 160
11 243 125 226
11 244 56 98
11 245 80 160
11 246 64 116
11 247 78 160
11 248 108 176
11 249 133 250
11 250 125 226
11 251 132 264
11 252 66 124
11 253 82 172
11 254 78 160
11 255 82 180
12 0 296 296
12 1 424 456
12 2 424 456
12 3 560 656
12 4 528 592
12 5 752 912
12 6 752 912
12 7 992 1312
12 8 388 412
12 9 332 388
12 10 524 612
12 11 460 580
12 12 688 824
12 13 592 776
12 14 928 1224
12 15 816 1160
12 16 388 412
12 17 524 612
12 18 332 388
12 19 460 580
12 20 688 824
12 21 928 1224
12 22 592 776
12 23 816 1160
12 24 460 524
12 25 452 564
12 26 452 564
12 27 396 524
12 28 816 1048
12 29 800 1128
12 30 800 1128
12 31 704 1048
12 32 164 196
12 33 236 300
12 34 236 300
12 35 312 424
12 36 296 392
12 37 424 600
12 38 424 600
12 39 560 848
12 40 216 272
12 41 184 248
12 42 292 396
12 43 256 368
12 44 388 544
12 45 332 496
12 46 524 792
12 47 460 736
12 48 216 272
12 49 292 396
12 50 184 248
12 51 256 368
12 52 388 544
12 53 524 792
12 54 332 496
12 55 460 736
12 56 256 340
12 57 252 360
12 58 252 360
12 59 220 328
12 60 460 680
12 61 452 720
12 62 452 720
12 63 396 656
12 64 164 196
12 65 236 300
12 66 236 300
12 67 312 424
12 68 296 392
12 69 424 600
12 70 424 600
12 71 560 848
12 72 216 272
12 73 184 248
12 74 292 396
12 75 256 368
12 76 388 544
12 77 332 496
12 78 524 792
12 79 460 736
12 80 216 272
12 81 292 396
12 82 184 248
12 83 256 368
12 84 388 544
12 85 524 792
12 86 332 496
12 87 460 736
12 88 256 340
12 89 252 360
12 90 252 360
12 91 220 328
12 92 460 680
12 93 452 720
12 94 452 720
12 95 396 656
12 96 90 122
12 97 130 186
12 98 130 186
12 99 172 260
12 100 164 244
12 101 236 372
12 102 236 372
12 103 312 520
12 104 119 169
12 105 101 151
12 106 161 243
12 107 141 223
12 108 216 338
12 109 184 302
12 110 292 486
12 111 256 446
12 112 119 169
12 113 161 243
12 114 101 151
12 115 141 223
12 116 216 338
12 117 292 486
12 118 184 302
12 119 256 446
12 120 141 209
12 121 139 219
12 122 139 219
12 123 121 197
12 124 256 418
12 125 252 438
12 126 252 438
12 127 220 394
12 128 528 592
12 129 752 912
12 130 752 912
12 131 992 1312
12 132 929 1186
12 133 1313 1826
12 134 1313 1826
12 135 1728 2624
12 136 688 824
12 137 592 776
12 138 928 1224
12 139 816 1160
12 140 1201 1650
12 141 1041 1554
12 142 1616 2448
12 143 1425 2322
12 144 688 824
12 145 928 1224
12 146 592 776
12 147 816 1160
12 148 1201 1650
12 149 1616 2448
12 150 1041 1554
12 151 1425 2322
12 152 816 1048
12 153 800 1128
12 154 800 1128
12 155 704 1048
12 156 1424 2096
12 157 1393 2258
12 158 1393 2258
12 159 1233 2098
12 160 296 392
12 161 424 600
12 162 424 600
12 163 560 848
12 164 528 784
12 165 752 1200
12 166 752 1200
12 167 992 1696
12 168 388 544
12 169 332 496
12 170 524 792
12 171 460 736
12 172 688 1088
12 173 592 992
12 174 928 1584
12 175 816 1472
12 176 388 544
12 177 524 792
12 178 332 496
12 179 460 736
12 180 688 1088
12 181 928 1584
12 182 592 992
12 183 816 1472
12 184 460 680
12 185 452 720
12 186 452 720
12 187 396 656
12 188 816 1360
12 189 800 1440
12 190 800 1440
12 191 704 1312
12 192 296 392
12 193 424 600
12 194 424 600
12 195 560 848
12 196 528 784
12 197 752 1200
12 198 752 1200
12 199 992 1696
12 200 388 544
12 201 332 496
12 202 524 792
12 203 460 736
12 204 688 1088
12 205 592 992
12 206 928 1584
12 207 816 1472
12 208 388 544
12 209 524 792
12 210 332 496
12 211 460 736
12 212 688 1088
12 213 928 1584
12 214 592 992
12 215 816 1472
12 216 460 680
12 217 452 720
12 218 452 720
12 219 396 656
12 220 816 1360
12 221 800 1440
12 222 800 1440
12 223 704 1312
12 224 164 244
12 225 236 372
12 226 236 372
12 227 312 520
12 228 296 488
12 229 424 744
12 230 424 744
12 231 560 1040
12 232 216 338
12 233 184 302
12 234 292 486
12 235 256 446
12 236 388 676
12 237 332 604
12 238 524 972
12 239 460 892
12 240 216 338
12 241 292 486
12 242 184 302
12 243 256 446
12 244 388 676
12 245 524 972
12 246 332 604
12 247 460 892
12 248 256 418
12 249 252 438
12 250 252 438
12 251 220 394
12 252 460 836
12 253 452 876
12 254 452 876
12 255 396 788
12 256 188 212
12 257 260 316
12 258 260 316
12 259 360 472
12 260 336 424
12 261 464 632
12 262 464 632
12 263 640 944
12 264 252 300
12 265 252 316
12 266 352 456
12 267 324 436
12 268 448 600
12 269 448 632
12 270 624 912
12 271 576 872
12 272 252 300
12 273 352 456
12 274 252 316
12 275 324 436
12 276 448 600
12 277 624 912
12 278 448 632
12 279 576 872
12 280 296 384
12 281 324 452
12 282 324 452
12 283 324 468
12 284 528 768
12 285 576 904
12 286 576 904
12 287 576 936
12 288 104 136
12 289 144 200
12 290 144 200
12 291 200 296
12 292 188 272
12 293 260 400
12 294 260 400
12 295 360 592
12 296 140 192
12 297 140 200
12 298 196 288
12 299 180 272
12 300 252 384
12 301 252 400
12 302 352 576
12 303 324 544
12 304 140 192
12 305 196 288
12 306 140 200
12 307 180 272
12 308 252 384
12 309 352 576
12 310 252 400
12 311 324 544
12 312 164 240
12 313 180 280
12 314 180 280
12 315 180 288
12 316 296 480
12 317 324 560
12 318 324 560
12 319 324 576
12 320 104 136
12 321 144 200
12 322 144 200
12 323 200 296
12 324 188 272
12 325 260 400
12 326 260 400
12 327 360 592
12 328 140 192
12 329 140 200
12 330 196 288
12 331 180 272
12 332 252 384
12 333 252 400
12 334 352 576
12 335 324 544
12 336 140 192
12 337 196 288
12 338 140 200
12 339 180 272
12 340 252 384
12 341 352 576
12 342 252 400
12 343 324 544
12 344 164 240
12 345 180 280
12 346 180 280
12 347 180 288
12 348 296 480
12 349 324 560
12 350 324 560
12 351 324 576
12 352 57 83
12 353 79 121
12 354 79 121
12 355 110 178
12 356 104 166
12 357 144 242
12 358 144 242
12 359 200 356
12 360 77 117
12 361 77 121
12 362 108 174
12 363 99 163
12 364 140 234
12 365 140 242
12 366 196 348
12 367 180 326
12 368 77 117
12 369 108 174
12 370 77 121
12 371 99 163
12 372 140 234
12 373 196 348
12 374 140 242
12 375 180 326
12 376 90 144
12 377 99 167
12 378 99 167
12 379 99 171
12 380 164 288
12 381 180 334
12 382 180 334
12 383 180 342
12 384 336 424
12 385 464 632
12 386 464 632
12 387 640 944
12 388 593 850
12 389 817 1266
12 390 817 1266
12 391 1121 1890
12 392 448 600
12 393 448 632
12 394 624 912
12 395 576 872
12 396 785 1202
12 397 785 1266
12 398 1089 1826
12 399 1009 1746
12 400 448 600
12 401 624 912
12 402 448 632
12 403 576 872
12 404 785 1202
12 405 1089 1826
12 406 785 1266
12 407 1009 1746
12 408 528 768
12 409 576 904
12 410 576 904
12 411 576 936
12 412 928 1536
12 413 1008 1808
12 414 1008 1808
12 415 1008 1872
12 416 188 272
12 417 260 400
12 418 260 400
12 419 360 592
12 420 336 544
12 421 464 800
12 422 464 800
12 423 640 1184
12 424 252 384
12 425 252 400
12 426 352 576
12 427 324 544
12 428 448 768
12 429 448 800
12 430 624 1152
12 431 576 1088
12 432 252 384
12 433 352 576
12 434 252 400
12 435 324 544
12 436 448 768
12 437 624 1152
12 438 448 800
12 439 576 1088
12 440 296 480
12 441 324 560
12 442 324 560
12 443 324 576
12 444 528 960
12 445 576 1120
12 446 576 1120
12 447 576 1152
12 448 188 272
12 449 260 400
12 450 260 400
12 451 360 592
12 452 336 544
12 453 464 800
12 454 464 800
12 455 640 1184
12 456 252 384
12 457 252 400
12 458 352 576
12 459 324 544
12 460 448 768
12 461 448 800
12 462 624 1152
12 463 576 1088
12 464 252 384
12 465 352 576
12 466 252 400
12 467 324 544
12 468 448 768
12 469 624 1152
12 470 448 800
12 471 576 1088
12 472 296 480
12 473 324 560
12 474 324 560
12 475 324 576
12 476 528 960
12 477 576 1120
12 478 576 1120
12 479 576 1152
12 480 104 166
12 481 144 242
12 482 144 242
12 483 200 356
12 484 188 332
12 485 260 484
12 486 260 484
12 487 360 712
12 488 140 234
12 489 140 242
12 490 196 348
12 491 180 326
12 492 252 468
12 493 252 484
12 494 352 696
12 495 324 652
12 496 140 234
12 497 196 348
12 498 140 242
12 499 180 326
12 500 252 468
12 501 352 696
12 502 252 484
12 503 324 652
12 504 164 288
12 505 180 334
12 506 180 334
12 507 180 342
12 508 296 576
12 509 324 668
12 510 324 668
12 511 324 684
13 0 72 72
13 1 100 112
13 2 80 84
13 3 108 124
13 4 44 60
13 5 61 89
13 6 49 69
13 7 66 98
13 8 73 78
13 9 101 118
13 10 81 90
13 11 109 130
13 12 45 65
13 13 62 94
13 14 50 74
13 15 67 103
13 16 89 106
13 17 129 174
13 18 97 118
13 19 121 170
13 20 54 82
13 21 79 131
13 22 59 91
13 23 74 126
13 24 88 108
13 25 128 176
13 26 96 120
13 27 120 172
13 28 53 81
13 29 78 130
13 30 58 90
13 31 73 125
13 32 73 94
13 33 97 138
13 34 85 118
13 35 109 162
13 36 45 73
13 37 60 104
13 38 53 91
13 39 68 122
13 40 72 96
13 41 96 140
13 42 84 120
13 43 108 164
13 44 44 72
13 45 59 103
13 46 52 90
13 47 67 121
13 48 81 110
13 49 113 174
13 50 93 134
13 51 109 174
13 52 49 81
13 53 69 125
13 54 57 99
13 55 67 125
13 56 80 112
13 57 112 176
13 58 92 136
13 59 108 176
13 60 48 80
13 61 68 124
13 62 56 98
13 63 66 124
13 64 100 112
13 65 116 156
13 66 104 128
13 67 120 172
13 68 61 89
13 69 70 114
13 70 63 97
13 71 72 122
13 72 101 118
13 73 117 162
13 74 105 134
13 75 121 178
13 76 62 94
13 77 71 119
13 78 64 102
13 79 73 127
13 80 129 174
13 81 160 256
13 82 141 198
13 83 148 248
13 84 79 131
13 85 98 182
13 86 87 149
13 87 90 172
13 88 128 176
13 89 161 262
13 90 140 200
13 91 149 254
13 92 78 130
13 93 99 187
13 94 86 148
13 95 91 177
13 96 97 138
13 97 113 178
13 98 104 168
13 99 120 208
13 100 60 104
13 101 70 130
13 102 64 120
13 103 74 146
13 104 96 140
13 105 112 180
13 106 105 174
13 107 121 214
13 108 59 103
13 109 69 129
13 110 65 125
13 111 75 151
13 112 113 174
13 113 141 246
13 114 128 220
13 115 132 244
13 116 69 125
13 117 87 173
13 118 79 155
13 119 81 167
13 120 112 176
13 121 140 248
13 122 129 226
13 123 133 250
13 124 68 124
13 125 86 172
13 126 80 160
13 127 82 172
13 128 80 84
13 129 104 128
13 130 88 96
13 131 112 140
13 132 49 69
13 133 63 97
13 134 54 78
13 135 68 106
13 136 81 90
13 137 105 134
13 138 89 102
13 139 113 146
13 140 50 74
13 141 64 102
13 142 55 83
13 143 69 111
13 144 97 118
13 145 141 198
13 146 105 130
13 147 133 194
13 148 59 91
13 149 87 149
13 150 64 100
13 151 82 144
13 152 96 120
13 153 140 200
13 154 104 132
13 155 132 196
13 156 58 90
13 157 86 148
13 158 63 99
13 159 81 143
13 160 85 118
13 161 104 168
13 162 97 142
13 163 116 192
13 164 53 91
13 165 64 120
13 166 61 109
13 167 72 138
13 168 84 120
13 169 105 174
13 170 96 144
13 171 117 198
13 172 52 90
13 173 65 125
13 174 60 108
13 175 73 143
13 176 93 134
13 177 128 220
13 178 105 158
13 179 124 220
13 180 57 99
13 181 79 155
13 182 65 117
13 183 77 155
13 184 92 136
13 185 129 226
13 186 104 160
13 187 125 226
13 188 56 98
13 189 80 160
13 190 64 116
13 191 78 160
13 192 108 124
13 193 120 172
13 194 112 140
13 195 132 196
13 196 66 98
13 197 72 122
13 198 68 106
13 199 80 140
13 200 109 130
13 201 121 178
13 202 113 146
13 203 133 202
13 204 67 103
13 205 73 127
13 206 69 111
13 207 81 145
13 208 121 170
13 209 148 248
13 210 133 194
13 211 144 248
13 212 74 126
13 213 90 172
13 214 82 144
13 215 88 172
13 216 120 172
13 217 149 254
13 218 132 196
13 219 145 254
13 220 73 125
13 221 91 177
13 222 81 143
13 223 89 177
13 224 109 162
13 225 120 208
13 226 116 192
13 227 137 258
13 228 68 122
13 229 74 146
13 230 72 138
13 231 86 182
13 232 108 164
13 233 121 214
13 234 117 198
13 235 136 260
13 236 67 121
13 237 75 151
13 238 73 143
13 239 85 181
13 240 109 174
13 241 132 244
13 242 124 220
13 243 133 262
13 244 67 125
13 245 81 167
13 246 77 155
13 247 83 181
13 248 108 176
13 249 133 250
13 250 125 226
13 251 132 264
13 252 66 124
13 253 82 172
13 254 78 160
13 255 82 180
14 0 80 80
14 1 84 88
14 2 112 128
14 3 117 146
14 4 88 92
14 5 92 100
14 6 120 140
14 7 125 158
14 8 49 67
14 9 52 74
14 10 69 103
14 11 73 117
14 12 54 76
14 13 57 83
14 14 74 112
14 15 78 126
14 16 88 92
14 17 92 100
14 18 116 144
14 19 121 162
14 20 96 104
14 21 100 112
14 22 124 156
14 23 129 174
14 24 54 76
14 25 57 83
14 26 71 111
14 27 75 125
14 28 59 85
14 29 62 92
14 30 76 120
14 31 80 134
14 32 81 86
14 33 85 94
14 34 113 134
14 35 116 148
14 36 89 98
14 37 93 106
14 38 121 146
14 39 124 160
14 40 50 72
14 41 53 79
14 42 70 108
14 43 72 116
14 44 55 81
14 45 58 88
14 46 75 117
14 47 77 125
14 48 89 98
14 49 93 106
14 50 117 150
14 51 120 164
14 52 97 110
14 53 101 118
14 54 125 162
14 55 128 176
14 56 55 81
14 57 58 88
14 58 72 116
14 59 74 124
14 60 60 90
14 61 63 97
14 62 77 125
14 63 79 133
14 64 97 114
14 65 101 122
14 66 141 190
14 67 144 204
14 68 105 126
14 69 109 134
14 70 133 186
14 71 136 200
14 72 59 89
14 73 62 96
14 74 87 145
14 75 89 153
14 76 64 98
14 77 67 105
14 78 82 140
14 79 84 148
14 80 105 126
14 81 109 134
14 82 153 214
14 83 156 228
14 84 113 138
14 85 117 146
14 86 145 210
14 87 148 224
14 88 64 98
14 89 67 105
14 90 95 163
14 91 97 171
14 92 69 107
14 93 72 114
14 94 90 158
14 95 92 166
14 96 96 116
14 97 100 124
14 98 140 192
14 99 145 210
14 100 104 128
14 101 108 136
14 102 132 188
14 103 137 206
14 104 58 88
14 105 61 95
14 106 86 144
14 107 90 158
14 108 63 97
14 109 66 104
14 110 81 139
14 111 85 153
14 112 104 128
14 113 108 136
14 114 152 216
14 115 157 234
14 116 112 140
14 117 116 148
14 118 144 212
14 119 149 230
14 120 63 97
14 121 66 104
14 122 94 162
14 123 98 176
14 124 68 106
14 125 71 113
14 126 89 157
14 127 93 171
14 128 81 102
14 129 85 110
14 130 109 154
14 131 112 168
14 132 93 126
14 133 97 134
14 134 121 178
14 135 124 192
14 136 50 80
14 137 53 87
14 138 68 118
14 139 70 126
14 140 58 98
14 141 61 105
14 142 76 136
14 143 78 144
14 144 93 126
14 145 89 126
14 146 116 184
14 147 113 186
14 148 105 150
14 149 101 150
14 150 128 208
14 151 125 210
14 152 58 98
14 153 55 95
14 154 72 134
14 155 70 134
14 156 66 116
14 157 63 113
14 158 80 152
14 159 78 152
14 160 80 104
14 161 84 112
14 162 108 156
14 163 113 174
14 164 92 128
14 165 96 136
14 166 120 180
14 167 125 198
14 168 49 79
14 169 52 86
14 170 67 117
14 171 71 131
14 172 57 97
14 173 60 104
14 174 75 135
14 175 79 149
14 176 92 128
14 177 88 128
14 178 117 190
14 179 112 188
14 180 104 152
14 181 100 152
14 182 129 214
14 183 124 212
14 184 57 97
14 185 54 94
14 186 73 139
14 187 69 133
14 188 65 115
14 189 62 112
14 190 81 157
14 191 77 151
14 192 89 118
14 193 93 126
14 194 125 190
14 195 128 204
14 196 101 142
14 197 105 150
14 198 121 190
14 199 124 204
14 200 54 88
14 201 57 95
14 202 77 139
14 203 79 147
14 204 62 106
14 205 65 113
14 206 75 139
14 207 77 147
14 208 101 142
14 209 97 142
14 210 140 236
14 211 137 238
14 212 113 166
14 213 109 166
14 214 136 236
14 215 133 238
14 216 62 106
14 217 59 103
14 218 87 169
14 219 85 169
14 220 70 124
14 221 67 121
14 222 85 169
14 223 83 169
14 224 88 120
14 225 92 128
14 226 124 192
14 227 129 210
14 228 100 144
14 229 104 152
14 230 120 192
14 231 125 210
14 232 53 87
14 233 56 94
14 234 76 138
14 235 80 152
14 236 61 105
14 237 64 112
14 238 74 138
14 239 78 152
14 240 100 144
14 241 96 144
14 242 141 242
14 243 136 240
14 244 112 168
14 245 108 168
14 246 137 242
14 247 132 240
14 248 61 105
14 249 58 102
14 250 88 174
14 251 84 168
14 252 69 123
14 253 66 120
14 254 86 174
14 255 82 168
14 256 108 120
14 257 112 128
14 258 128 172
14 259 133 190
14 260 112 136
14 261 116 144
14 262 132 188
14 263 137 206
14 264 66 96
14 265 69 103
14 266 78 128
14 267 82 142
14 268 68 104
14 269 71 111
14 270 80 136
14 271 84 150
14 272 116 132
14 273 120 140
14 274 132 188
14 275 137 206
14 276 120 148
14 277 124 156
14 278 144 212
14 279 149 230
14 280 71 105
14 281 74 112
14 282 80 136
14 283 84 150
14 284 73 113
14 285 76 120
14 286 88 154
14 287 92 168
14 288 109 126
14 289 113 134
14 290 129 178
14 291 132 192
14 292 113 142
14 293 117 150
14 294 133 194
14 295 136 208
14 296 67 101
14 297 70 108
14 298 79 133
14 299 81 141
14 300 69 109
14 301 72 116
14 302 81 141
14 303 83 149
14 304 117 138
14 305 121 146
14 306 133 194
14 307 136 208
14 308 121 154
14 309 125 162
14 310 145 218
14 311 148 232
14 312 72 110
14 313 75 117
14 314 81 141
14 315 83 149
14 316 74 118
14 317 77 125
14 318 89 159
14 319 91 167
14 320 137 182
14 321 133 182
14 322 172 272
14 323 169 274
14 324 149 206
14 325 145 206
14 326 160 264
14 327 157 266
14 328 84 138
14 329 81 135
14 330 106 196
14 331 104 196
14 332 92 156
14 333 89 153
14 334 98 186
14 335 96 186
14 336 129 178
14 337 125 178
14 338 160 264
14 339 157 266
14 340 141 202
14 341 137 202
14 342 156 264
14 343 153 266
14 344 79 133
14 345 76 130
14 346 98 186
14 347 96 186
14 348 87 151
14 349 84 148
14 350 96 186
14 351 94 186
14 352 136 184
14 353 132 184
14 354 173 278
14 355 168 276
14 356 148 208
14 357 144 208
14 358 161 270
14 359 156 268
14 360 83 137
14 361 80 134
14 362 107 201
14 363 103 195
14 364 91 155
14 365 88 152
14 366 99 191
14 367 95 185
14 368 128 180
14 369 124 180
14 370 161 270
14 371 156 268
14 372 140 204
14 373 136 204
14 374 157 270
14 375 152 268
14 376 78 132
14 377 75 129
14 378 99 191
14 379 95 185
14 380 86 150
14 381 83 147
14 382 97 191
14 383 93 185
14 384 105 146
14 385 109 154
14 386 125 194
14 387 128 208
14 388 112 176
14 389 116 184
14 390 132 224
14 391 137 242
14 392 65 111
14 393 68 118
14 394 78 144
14 395 80 152
14 396 69 127
14 397 72 134
14 398 82 160
14 399 86 174
14 400 117 170
14 401 113 170
14 402 132 224
14 403 129 226
14 404 124 200
14 405 120 200
14 406 149 274
14 407 144 272
14 408 73 129
14 409 70 126
14 410 82 160
14 411 80 160
14 412 77 145
14 413 74 142
14 414 94 196
14 415 90 190
14 416 104 148
14 417 108 156
14 418 124 196
14 419 129 214
14 420 113 182
14 421 117 190
14 422 133 230
14 423 136 244
14 424 64 110
14 425 67 117
14 426 77 143
14 427 81 157
14 428 70 132
14 429 73 139
14 430 83 165
14 431 85 173
14 432 116 172
14 433 112 172
14 434 133 230
14 435 128 228
14 436 125 206
14 437 121 206
14 438 148 276
14 439 145 278
14 440 72 128
14 441 69 125
14 442 83 165
14 443 79 159
14 444 78 150
14 445 75 147
14 446 93 195
14 447 91 195
14 448 121 182
14 449 125 190
14 450 153 262
14 451 156 276
14 452 136 228
14 453 140 236
14 454 144 260
14 455 149 278
14 456 74 132
14 457 77 139
14 458 95 187
14 459 97 195
14 460 84 162
14 461 87 169
14 462 89 181
14 463 93 195
14 464 117 182
14 465 113 182
14 466 144 260
14 467 141 262
14 468 132 228
14 469 128 228
14 470 145 278
14 471 140 276
14 472 72 132
14 473 69 129
14 474 89 181
14 475 87 181
14 476 82 162
14 477 79 159
14 478 91 195
14 479 87 189
14 480 120 184
14 481 124 192
14 482 152 264
14 483 157 282
14 484 137 234
14 485 141 242
14 486 145 266
14 487 148 280
14 488 73 131
14 489 76 138
14 490 94 186
14 491 98 200
14 492 85 167
14 493 88 174
14 494 90 186
14 495 92 194
14 496 116 184
14 497 112 184
14 498 145 266
14 499 140 264
14 500 133 234
14 501 129 234
14 502 144 280
14 503 141 282
14 504 71 131
14 505 68 128
14 506 90 186
14 507 86 180
14 508 83 167
14 509 80 164
14 510 90 194
14 511 88 194
15 0 300 300
15 1 300 320
15 2 364 388
15 3 340 392
15 4 532 600
15 5 528 640
15 6 644 776
15 7 600 784
15 8 352 384
15 9 272 316
15 10 428 508
15 11 352 440
15 12 620 768
15 13 480 632
15 14 756 1016
15 15 620 880
15 16 340 368
15 17 340 396
15 18 352 404
15 19 376 464
15 20 600 736
15 21 600 792
15 22 624 808
15 23 664 928
15 24 348 416
15 25 316 404
15 26 400 504
15 27 364 492
15 28 612 832
15 29 556 808
15 30 704 1008
15 31 644 984
15 32 352 372
15 33 324 372
15 34 376 420
15 35 356 428
15 36 624 744
15 37 572 744
15 38 664 840
15 39 628 856
15 40 388 456
15 41 292 368
15 42 416 516
15 43 332 436
15 44 684 912
15 45 516 736
15 46 732 1032
15 47 584 872
15 48 416 472
15 49 388 472
15 50 396 484
15 51 416 532
15 52 732 944
15 53 684 944
15 54 700 968
15 55 732 1064
15 56 400 516
15 57 352 484
15 58 412 556
15 59 360 516
15 60 704 1032
15 61 620 968
15 62 724 1112
15 63 636 1032
15 64 167 201
15 65 168 214
15 66 203 257
15 67 190 256
15 68 300 402
15 69 300 428
15 70 364 514
15 71 340 512
15 72 197 255
15 73 152 206
15 74 239 329
15 75 197 283
15 76 352 510
15 77 272 412
15 78 428 658
15 79 352 566
15 80 190 244
15 81 190 258
15 82 196 262
15 83 210 298
15 84 340 488
15 85 340 516
15 86 352 524
15 87 376 596
15 88 195 271
15 89 177 259
15 90 224 324
15 91 203 309
15 92 348 542
15 93 316 518
15 94 400 648
15 95 364 618
15 96 196 246
15 97 181 243
15 98 210 276
15 99 199 277
15 100 352 492
15 101 324 486
15 102 376 552
15 103 356 554
15 104 217 297
15 105 163 235
15 106 233 333
15 107 186 278
15 108 388 594
15 109 292 470
15 110 416 666
15 111 332 556
15 112 233 311
15 113 217 305
15 114 221 311
15 115 233 341
15 116 416 622
15 117 388 610
15 118 396 622
15 119 416 682
15 120 224 330
15 121 197 305
15 122 231 353
15 123 201 321
15 124 400 660
15 125 352 610
15 126 412 706
15 127 360 642
15 128 496 556
15 129 492 596
15 130 608 732
15 131 564 740
15 132 873 1114
15 133 857 1194
15 134 1065 1466
15 135 984 1480
15 136 540 672
15 137 400 536
15 138 692 936
15 139 540 784
15 140 941 1346
15 141 701 1074
15 142 1204 1872
15 143 941 1570
15 144 536 656
15 145 568 744
15 146 544 712
15 147 616 864
15 148 933 1314
15 149 988 1488
15 150 957 1426
15 151 1077 1730
15 152 496 664
15 153 472 680
15 154 572 824
15 155 560 856
15 156 860 1328
15 157 821 1362
15 158 997 1650
15 159 981 1714
15 160 576 680
15 161 540 696
15 162 584 744
15 163 564 776
15 164 1013 1362
15 165 941 1394
15 166 1021 1490
15 167 980 1552
15 168 600 784
15 169 432 608
15 170 600 848
15 171 468 704
15 172 1045 1570
15 173 757 1218
15 174 1044 1696
15 175 813 1410
15 176 608 776
15 177 632 856
15 178 560 776
15 179 608 896
15 180 1061 1554
15 181 1100 1712
15 182 981 1554
15 183 1061 1794
15 184 540 752
15 185 512 768
15 186 528 784
15 187 472 752
15 188 940 1504
15 189 893 1538
15 190 917 1570
15 191 829 1506
15 192 278 368
15 193 278 394
15 194 342 480
15 195 318 478
15 196 496 736
15 197 492 788
15 198 608 960
15 199 564 956
15 200 305 441
15 201 225 343
15 202 391 603
15 203 305 497
15 204 540 882
15 205 400 686
15 206 692 1206
15 207 540 994
15 208 303 433
15 209 321 483
15 210 305 455
15 211 347 549
15 212 536 866
15 213 568 966
15 214 544 910
15 215 616 1098
15 216 281 431
15 217 267 433
15 218 323 523
15 219 315 533
15 220 496 862
15 221 472 866
15 222 572 1046
15 223 560 1066
15 224 323 445
15 225 305 453
15 226 329 483
15 227 319 499
15 228 576 890
15 229 540 906
15 230 584 966
15 231 564 998
15 232 339 509
15 233 243 385
15 234 339 541
15 235 265 445
15 236 600 1018
15 237 432 770
15 238 600 1082
15 239 468 890
15 240 343 505
15 241 357 551
15 242 315 493
15 243 343 565
15 244 608 1010
15 245 632 1102
15 246 560 986
15 247 608 1130
15 248 305 481
15 249 289 483
15 250 299 497
15 251 265 463
15 252 540 962
15 253 512 966
15 254 528 994
15 255 472 926
15 256 432 480
15 257 420 496
15 258 472 560
15 259 488 616
15 260 765 962
15 261 741 994
15 262 837 1122
15 263 857 1234
15 264 424 528
15 265 380 488
15 266 484 640
15 267 448 616
15 268 749 1058
15 269 669 978
15 270 857 1282
15 271 789 1234
15 272 532 632
15 273 440 568
15 274 524 664
15 275 492 672
15 276 933 1266
15 277 777 1138
15 278 925 1330
15 279 869 1346
15 280 452 608
15 281 424 600
15 282 508 712
15 283 496 736
15 284 793 1218
15 285 741 1202
15 286 893 1426
15 287 869 1474
15 288 524 624
15 289 504 640
15 290 492 624
15 291 468 632
15 292 925 1250
15 293 885 1282
15 294 869 1250
15 295 825 1266
15 296 528 712
15 297 432 608
15 298 508 712
15 299 428 624
15 300 925 1426
15 301 757 1218
15 302 889 1426
15 303 749 1250
15 304 600 776
15 305 524 720
15 306 616 840
15 307 536 776
15 308 1053 1554
15 309 921 1442
15 310 1077 1682
15 311 941 1554
15 312 544 808
15 313 488 760
15 314 552 848
15 315 488 784
15 316 952 1616
15 317 852 1520
15 318 964 1696
15 319 852 1568
15 320 241 315
15 321 235 323
15 322 263 361
15 323 274 398
15 324 432 630
15 325 420 646
15 326 472 722
15 327 488 796
15 328 237 339
15 329 213 313
15 330 270 404
15 331 251 389
15 332 424 678
15 333 380 626
15 334 484 808
15 335 448 778
15 336 299 415
15 337 246 362
15 338 293 425
15 339 275 423
15 340 532 830
15 341 440 724
15 342 524 850
15 343 492 846
15 344 254 388
15 345 239 381
15 346 285 449
15 347 279 461
15 348 452 776
15 349 424 762
15 350 508 898
15 351 496 922
15 352 293 405
15 353 283 413
15 354 275 399
15 355 262 400
15 356 524 810
15 357 504 826
15 358 492 798
15 359 468 800
15 360 297 455
15 361 243 385
15 362 286 452
15 363 241 393
15 364 528 910
15 365 432 770
15 366 508 904
15 367 428 786
15 368 337 499
15 369 294 456
15 370 347 537
15 371 301 487
15 372 600 998
15 373 524 912
15 374 616 1074
15 375 536 974
15 376 306 506
15 377 275 473
15 378 311 529
15 379 275 485
15 380 544 1012
15 381 488 946
15 382 552 1058
15 383 488 970
15 384 716 880
15 385 692 912
15 386 788 1040
15 387 800 1144
15 388 1257 1762
15 389 1209 1826
15 390 1385 2082
15 391 1392 2288
15 392 624 872
15 393 544 792
15 394 748 1120
15 395 664 1048
15 396 1097 1746
15 397 953 1586
15 398 1313 2242
15 399 1161 2098
15 400 816 1096
15 401 724 1040
15 402 800 1144
15 403 800 1224
15 404 1416 2192
15 405 1265 2082
15 406 1401 2290
15 407 1401 2450
15 408 596 880
15 409 592 936
15 410 680 1064
15 411 720 1208
15 412 1041 1762
15 413 1032 1872
15 414 1193 2130
15 415 1256 2416
15 416 832 1104
15 417 800 1152
15 418 768 1088
15 419 740 1128
15 420 1457 2210
15 421 1392 2304
15 422 1345 2178
15 423 1289 2258
15 424 736 1112
15 425 584 920
15 426 676 1072
15 427 568 936
15 428 1288 2224
15 429 1024 1840
15 430 1184 2144
15 431 992 1872
15 432 848 1208
15 433 796 1216
15 434 856 1320
15 435 768 1256
15 436 1481 2418
15 437 1393 2434
15 438 1488 2640
15 439 1345 2514
15 440 652 1016
15 441 632 1056
15 442 640 1056
15 443 600 1048
15 444 1144 2032
15 445 1105 2114
15 446 1120 2112
15 447 1049 2098
15 448 402 572
15 449 390 588
15 450 442 664
15 451 452 728
15 452 716 1144
15 453 692 1176
15 454 788 1328
15 455 800 1456
15 456 350 550
15 457 306 498
15 458 420 698
15 459 374 650
15 460 624 1100
15 461 544 996
15 462 748 1396
15 463 664 1300
15 464 462 710
15 465 408 658
15 466 450 722
15 467 450 762
15 468 816 1420
15 469 724 1316
15 470 800 1444
15 471 800 1524
15 472 336 554
15 473 334 582
15 474 382 658
15 475 406 742
15 476 596 1108
15 477 592 1164
15 478 680 1316
15 479 720 1484
15 480 468 708
15 481 452 732
15 482 432 688
15 483 418 708
15 484 832 1416
15 485 800 1464
15 486 768 1376
15 487 740 1416
15 488 414 694
15 489 328 568
15 490 380 662
15 491 320 576
15 492 736 1388
15 493 584 1136
15 494 676 1324
15 495 568 1152
15 496 478 766
15 497 448 758
15 498 484 828
15 499 432 772
15 500 848 1532
15 501 796 1516
15 502 856 1656
15 503 768 1544
15 504 366 628
15 505 356 648
15 506 360 648
15 507 338 638
15 508 652 1256
15 509 632 1296
15 510 640 1296
15 511 600 1276
16 0 0 1
17 0 128 128
17 1 164 184
17 2 188 216
17 3 225 306
17 4 140 148
17 5 177 214
17 6 192 228
17 7 212 300
17 8 77 103
17 9 100 146
17 10 114 168
17 11 137 227
17 12 85 119
17 13 109 169
17 14 116 174
17 15 128 216
17 16 144 160
17 17 156 192
17 18 184 244
17 19 209 310
17 20 152 184
17 21 165 226
17 22 184 260
17 23 192 300
17 24 87 125
17 25 95 147
17 26 111 179
17 27 128 226
17 28 92 140
17 29 101 169
17 30 110 184
17 31 116 210
17 32 136 140
17 33 156 180
17 34 192 232
17 35 221 306
17 36 148 160
17 37 169 210
17 38 196 244
17 39 208 300
17 40 82 112
17 41 95 141
17 42 116 176
17 43 135 227
17 44 90 128
17 45 104 164
17 46 118 182
17 47 126 216
17 48 152 172
17 49 164 204
17 50 188 260
17 51 213 326
17 52 160 196
17 53 173 238
17 54 196 284
17 55 204 324
17 56 92 134
17 57 100 156
17 58 113 187
17 59 130 234
17 60 97 149
17 61 106 178
17 62 118 202
17 63 124 228
17 64 129 134
17 65 165 190
17 66 189 222
17 67 224 308
17 68 141 154
17 69 176 216
17 70 193 234
17 71 213 306
17 72 78 108
17 73 101 151
17 74 115 173
17 75 136 226
17 76 86 124
17 77 108 168
17 78 117 179
17 79 129 221
17 80 145 166
17 81 157 198
17 82 185 250
17 83 208 312
17 84 153 190
17 85 164 228
17 86 185 266
17 87 193 306
17 88 88 130
17 89 96 152
17 90 112 184
17 91 127 225
17 92 93 145
17 93 100 168
17 94 111 189
17 95 117 215
17 96 137 146
17 97 157 186
17 98 193 238
17 99 220 308
17 100 149 166
17 101 168 212
17 102 197 250
17 103 209 306
17 104 83 117
17 105 96 146
17 106 117 181
17 107 134 226
17 108 91 133
17 109 103 163
17 110 119 187
17 111 127 221
17 112 153 178
17 113 165 210
17 114 189 266
17 115 212 328
17 116 161 202
17 117 172 240
17 118 197 290
17 119 205 330
17 120 93 139
17 121 101 161
17 122 114 192
17 123 129 233
17 124 98 154
17 125 105 177
17 126 119 207
17 127 125 233
17 128 137 158
17 129 145 186
17 130 205 270
17 131 205 302
17 132 149 178
17 133 156 212
17 134 201 274
17 135 216 328
17 136 82 120
17 137 88 140
17 138 124 200
17 139 125 219
17 140 90 136
17 141 95 157
17 142 122 202
17 143 132 236
17 144 165 218
17 145 149 206
17 146 216 336
17 147 196 320
17 148 181 250
17 149 164 244
17 150 208 336
17 151 205 354
17 152 100 162
17 153 91 153
17 154 131 237
17 155 120 226
17 156 111 187
17 157 101 179
17 158 126 234
17 159 126 248
17 160 145 170
17 161 137 182
17 162 217 294
17 163 193 294
17 164 157 190
17 165 148 208
17 166 213 298
17 167 204 320
17 168 87 129
17 169 83 135
17 170 132 218
17 171 117 209
17 172 95 145
17 173 90 152
17 174 130 220
17 175 124 226
17 176 157 214
17 177 141 202
17 178 204 328
17 179 184 312
17 180 173 246
17 181 156 240
17 182 204 336
17 183 201 354
17 184 95 157
17 185 86 148
17 186 123 227
17 187 112 216
17 188 106 182
17 189 96 174
17 190 124 234
17 191 124 248
17 192 136 160
17 193 144 188
17 194 204 272
17 195 204 304
17 196 148 180
17 197 157 218
17 198 200 276
17 199 217 334
17 200 81 119
17 201 87 139
17 202 123 199
17 203 124 218
17 204 89 135
17 205 96 162
17 206 121 201
17 207 133 241
17 208 164 220
17 209 148 208
17 210 217 342
17 211 197 326
17 212 180 252
17 213 165 250
17 214 209 342
17 215 204 356
17 216 99 161
17 217 90 152
17 218 132 242
17 219 121 231
17 220 110 186
17 221 102 184
17 222 127 239
17 223 125 247
17 224 144 172
17 225 136 184
17 226 216 296
17 227 192 296
17 228 156 192
17 229 149 214
17 230 212 300
17 231 205 326
17 232 86 128
17 233 82 134
17 234 131 217
17 235 116 208
17 236 94 144
17 237 91 157
17 238 129 219
17 239 125 231
17 240 156 216
17 241 140 204
17 242 205 334
17 243 185 318
17 244 172 248
17 245 157 246
17 246 205 342
17 247 200 356
17 248 94 156
17 249 85 147
17 250 124 232
17 251 113 221
17 252 105 181
17 253 97 179
17 254 125 239
17 255 123 247
17 256 133 162
17 257 173 230
17 258 193 266
17 259 245 378
17 260 149 194
17 261 188 268
17 262 209 298
17 263 236 384
17 264 80 122
17 265 105 171
17 266 117 195
17 267 150 272
17 268 91 147
17 269 115 197
17 270 128 220
17 271 144 270
17 272 153 206
17 273 181 266
17 274 201 306
17 275 244 424
17 276 164 244
17 277 193 306
17 278 204 336
17 279 224 400
17 280 93 153
17 281 110 192
17 282 123 221
17 283 150 296
17 284 100 176
17 285 118 218
17 286 124 234
17 287 136 272
17 288 145 186
17 289 169 230
17 290 200 296
17 291 244 392
17 292 161 218
17 293 184 268
17 294 216 328
17 295 237 402
17 296 88 140
17 297 103 171
17 298 121 211
17 299 150 280
17 300 99 165
17 301 113 197
17 302 132 236
17 303 146 284
17 304 165 230
17 305 185 282
17 306 208 336
17 307 245 442
17 308 176 268
17 309 197 322
17 310 221 386
17 311 233 434
17 312 101 171
17 313 112 200
17 314 127 237
17 315 150 304
17 316 108 194
17 317 120 226
17 318 136 270
17 319 142 294
17 320 132 164
17 321 172 232
17 322 192 268
17 323 244 380
17 324 148 196
17 325 189 274
17 326 208 300
17 327 237 390
17 328 79 121
17 329 104 170
17 330 116 194
17 331 149 271
17 332 90 146
17 333 116 202
17 334 127 219
17 335 145 275
17 336 152 208
17 337 180 268
17 338 200 308
17 339 245 430
17 340 165 250
17 341 192 308
17 342 205 342
17 343 225 406
17 344 92 152
17 345 109 191
17 346 122 220
17 347 151 301
17 348 101 181
17 349 117 217
17 350 125 239
17 351 137 277
17 352 144 188
17 353 168 232
17 354 201 302
17 355 245 398
17 356 160 220
17 357 185 274
17 358 217 334
17 359 236 404
17 360 87 139
17 361 102 170
17 362 122 216
17 363 151 285
17 364 98 164
17 365 114 202
17 366 133 241
17 367 145 283
17 368 164 232
17 369 184 284
17 370 209 342
17 371 244 444
17 372 177 274
17 373 196 324
17 374 220 388
17 375 232 436
17 376 100 170
17 377 111 199
17 378 128 242
17 379 149 303
17 380 109 199
17 381 119 225
17 382 135 269
17 383 141 293
17 384 149 190
17 385 169 238
17 386 221 326
17 387 244 412
17 388 165 222
17 389 184 276
17 390 213 326
17 391 245 430
17 392 89 139
17 393 103 175
17 394 134 234
17 395 151 293
17 396 100 164
17 397 113 201
17 398 129 231
17 399 151 301
17 400 161 238
17 401 161 254
17 402 217 366
17 403 217 398
17 404 180 292
17 405 181 310
17 406 212 372
17 407 221 422
17 408 97 169
17 409 97 177
17 410 132 254
17 411 133 273
17 412 110 206
17 413 111 217
17 414 129 255
17 415 135 285
17 416 161 214
17 417 157 230
17 418 236 372
17 419 229 398
17 420 177 246
17 421 172 268
17 422 228 372
17 423 228 412
17 424 97 157
17 425 95 165
17 426 144 264
17 427 141 279
17 428 108 182
17 429 105 191
17 430 139 261
17 431 139 281
17 432 157 238
17 433 157 254
17 434 208 364
17 435 208 396
17 436 176 292
17 437 177 310
17 438 213 390
17 439 220 436
17 440 95 169
17 441 95 177
17 442 126 248
17 443 127 267
17 444 108 206
17 445 109 217
17 446 131 269
17 447 135 293
17 448 148 192
17 449 168 240
17 450 220 328
17 451 245 418
17 452 164 224
17 453 185 282
17 454 212 328
17 455 244 432
17 456 88 138
17 457 102 174
17 458 133 233
17 459 152 298
17 460 99 163
17 461 114 206
17 462 128 230
17 463 150 300
17 464 160 240
17 465 160 256
17 466 216 368
17 467 216 400
17 468 181 298
17 469 180 312
17 470 213 378
17 471 220 424
17 472 96 168
17 473 96 176
17 474 131 253
17 475 132 272
17 476 111 211
17 477 110 216
17 478 130 260
17 479 134 284
17 480 160 216
17 481 156 232
17 482 237 378
17 483 228 400
17 484 176 248
17 485 173 274
17 486 229 378
17 487 229 418
17 488 96 156
17 489 94 164
17 490 145 269
17 491 140 278
17 492 107 181
17 493 106 196
17 494 140 266
17 495 140 286
17 496 156 240
17 497 156 256
17 498 209 370
17 499 209 402
17 500 177 298
17 501 176 312
17 502 212 392
17 503 221 442
17 504 94 168
17 505 94 176
17 506 127 253
17 507 128 272
17 508 109 211
17 509 108 216
17 510 130 268
17 511 136 298
18 0 12 12
18 1 14 18
18 2 17 26
18 3 20 36
18 4 9 11
18 5 12 18
18 6 13 24
18 7 17 38
18 8 11 13
18 9 15 21
18 10 16 26
18 11 21 44
18 12 8 12
18 13 11 19
18 14 12 24
18 15 16 38
19 0 68 68
19 1 72 76
19 2 92 108
19 3 97 126
19 4 72 76
19 5 76 84
19 6 88 108
19 7 93 126
19 8 43 61
19 9 46 68
19 10 59 93
19 11 63 107
19 12 46 68
19 13 49 75
19 14 56 90
19 15 60 104
19 16 92 108
19 17 88 108
19 18 109 166
19 19 104 164
19 20 97 126
19 21 93 126
19 22 104 164
19 23 101 166
19 24 59 93
19 25 56 90
19 26 70 130
19 27 66 124
19 28 63 107
19 29 60 104
19 30 66 124
19 31 64 124
19 32 69 74
19 33 73 82
19 34 93 114
19 35 96 128
19 36 73 82
19 37 77 90
19 38 89 114
19 39 92 128
19 40 44 66
19 41 47 73
19 42 60 98
19 43 62 106
19 44 47 73
19 45 50 80
19 46 57 95
19 47 59 103
19 48 93 114
19 49 89 114
19 50 108 168
19 51 105 170
19 52 96 128
19 53 92 128
19 54 105 170
19 55 100 168
19 56 60 98
19 57 57 95
19 58 69 129
19 59 67 129
19 60 62 106
19 61 59 103
19 62 67 129
19 63 63 123
19 64 57 70
19 65 61 78
19 66 77 106
19 67 80 120
19 68 61 78
19 69 65 86
19 70 81 114
19 71 84 128
19 72 36 58
19 73 39 65
19 74 49 85
19 75 51 93
19 76 39 65
19 77 42 72
19 78 52 92
19 79 54 100
19 80 77 106
19 81 81 114
19 82 97 154
19 83 100 168
19 84 80 120
19 85 84 128
19 86 100 168
19 87 105 186
19 88 49 85
19 89 52 92
19 90 62 118
19 91 64 126
19 92 51 93
19 93 54 100
19 94 64 126
19 95 68 140
19 96 56 72
19 97 60 80
19 98 76 108
19 99 81 126
19 100 60 80
19 101 64 88
19 102 80 116
19 103 85 134
19 104 35 57
19 105 38 64
19 106 48 84
19 107 52 98
19 108 38 64
19 109 41 71
19 110 51 91
19 111 55 105
19 112 76 108
19 113 80 116
19 114 96 156
19 115 101 174
19 116 81 126
19 117 85 134
19 118 101 174
19 119 104 188
19 120 48 84
19 121 51 91
19 122 61 117
19 123 65 131
19 124 52 98
19 125 55 105
19 126 65 131
19 127 67 139
19 128 57 70
19 129 61 78
19 130 77 106
19 131 80 120
19 132 61 78
19 133 65 86
19 134 81 114
19 135 84 128
19 136 36 58
19 137 39 65
19 138 49 85
19 139 51 93
19 140 39 65
19 141 42 72
19 142 52 92
19 143 54 100
19 144 77 106
19 145 81 114
19 146 97 154
19 147 100 168
19 148 80 120
19 149 84 128
19 150 100 168
19 151 105 186
19 152 49 85
19 153 52 92
19 154 62 118
19 155 64 126
19 156 51 93
19 157 54 100
19 158 64 126
19 159 68 140
19 160 56 72
19 161 60 80
19 162 76 108
19 163 81 126
19 164 60 80
19 165 64 88
19 166 80 116
19 167 85 134
19 168 35 57
19 169 38 64
19 170 48 84
19 171 52 98
19 172 38 64
19 173 41 71
19 174 51 91
19 175 55 105
19 176 76 108
19 177 80 116
19 178 96 156
19 179 101 174
19 180 81 126
19 181 85 134
19 182 101 174
19 183 104 188
19 184 48 84
19 185 51 91
19 186 61 117
19 187 65 131
19 188 52 98
19 189 55 105
19 190 65 131
19 191 67 139
19 192 61 78
19 193 65 86
19 194 85 126
19 195 88 140
19 196 65 86
19 197 69 94
19 198 81 126
19 199 84 140
19 200 38 62
19 201 41 69
19 202 54 98
19 203 56 106
19 204 41 69
19 205 44 76
19 206 51 95
19 207 53 103
19 208 85 126
19 209 81 126
19 210 116 212
19 211 113 214
19 212 88 140
19 213 84 140
19 214 113 214
19 215 108 212
19 216 54 98
19 217 51 95
19 218 75 157
19 219 73 157
19 220 56 106
19 221 53 103
19 222 73 157
19 223 69 151
19 224 60 80
19 225 64 88
19 226 84 128
19 227 89 146
19 228 64 88
19 229 68 96
19 230 80 128
19 231 85 146
19 232 37 61
19 233 40 68
19 234 53 97
19 235 57 111
19 236 40 68
19 237 43 75
19 238 50 94
19 239 54 108
19 240 84 128
19 241 80 128
19 242 117 218
19 243 112 216
19 244 89 146
19 245 85 146
19 246 112 216
19 247 109 218
19 248 53 97
19 249 50 94
19 250 76 162
19 251 72 156
19 252 57 111
19 253 54 108
19 254 72 156
19 255 70 156
20 0 51 51
20 1 49 53
20 2 88 102
20 3 84 106
20 4 82 92
20 5 78 96
20 6 140 184
20 7 132 192
20 8 57 61
20 9 55 63
20 10 97 124
20 11 93 128
20 12 78 92
20 13 84 106
20 14 133 186
20 15 141 214
20 16 44 46
20 17 56 62
20 18 76 92
20 19 96 124
20 20 70 82
20 21 90 114
20 22 120 164
20 23 152 228
20 24 50 56
20 25 62 72
20 26 85 114
20 27 105 146
20 28 76 92
20 29 86 114
20 30 129 186
20 31 145 230
20 32 44 46
20 33 56 62
20 34 76 92
20 35 96 124
20 36 70 82
20 37 90 114
20 38 120 164
20 39 152 228
20 40 50 56
20 41 62 72
20 42 85 114
20 43 105 146
20 44 76 92
20 45 86 114
20 46 129 186
20 47 145 230
20 48 51 55
20 49 49 57
20 50 88 110
20 51 84 114
20 52 82 100
20 53 78 104
20 54 140 200
20 55 132 208
20 56 57 65
20 57 55 67
20 58 97 132
20 59 93 136
20 60 78 100
20 61 84 114
20 62 133 202
20 63 141 230
20 64 87 99
20 65 83 103
20 66 148 198
20 67 140 206
20 68 139 181
20 69 131 189
20 70 232 362
20 71 217 380
20 72 96 116
20 73 92 120
20 74 161 234
20 75 153 242
20 76 132 178
20 77 138 204
20 78 221 358
20 79 228 408
20 80 75 89
20 81 95 121
20 82 128 178
20 83 160 242
20 84 119 161
20 85 151 225
20 86 200 322
20 87 249 452
20 88 84 106
20 89 104 138
20 90 141 214
20 91 173 278
20 92 128 178
20 93 142 220
20 94 213 358
20 95 236 440
20 96 75 89
20 97 95 121
20 98 128 178
20 99 160 242
20 100 119 161
20 101 151 225
20 102 200 322
20 103 249 452
20 104 84 106
20 105 104 138
20 106 141 214
20 107 173 278
20 108 128 178
20 109 142 220
20 110 213 358
20 111 236 440
20 112 87 107
20 113 83 111
20 114 148 214
20 115 140 222
20 116 139 197
20 117 131 205
20 118 232 394
20 119 217 412
20 120 96 124
20 121 92 128
20 122 161 250
20 123 153 258
20 124 132 194
20 125 138 220
20 126 221 390
20 127 228 440
20 128 68 78
20 129 61 71
20 130 116 156
20 131 104 142
20 132 107 139
20 133 95 125
20 134 180 278
20 135 160 250
20 136 77 95
20 137 70 88
20 138 129 192
20 139 117 178
20 140 100 136
20 141 98 136
20 142 169 274
20 143 165 274
20 144 56 68
20 145 63 79
20 146 96 136
20 147 108 158
20 148 87 119
20 149 99 141
20 150 148 238
20 151 168 282
20 152 65 85
20 153 72 96
20 154 109 172
20 155 121 194
20 156 96 136
20 157 98 144
20 158 161 274
20 159 165 290
20 160 56 68
20 161 63 79
20 162 96 136
20 163 108 158
20 164 87 119
20 165 99 141
20 166 148 238
20 167 168 282
20 168 65 85
20 169 72 96
20 170 109 172
20 171 121 194
20 172 96 136
20 173 98 144
20 174 161 274
20 175 165 290
20 176 68 86
20 177 61 79
20 178 116 172
20 179 104 158
20 180 107 155
20 181 95 141
20 182 180 310
20 183 160 282
20 184 77 103
20 185 70 96
20 186 129 208
20 187 117 194
20 188 100 152
20 189 98 152
20 190 169 306
20 191 165 306
20 192 109 147
20 193 97 133
20 194 184 294
20 195 164 266
20 196 173 269
20 197 153 241
20 198 285 540
20 199 253 484
20 200 120 172
20 201 108 158
20 202 200 344
20 203 180 316
20 204 162 256
20 205 158 256
20 206 269 514
20 207 261 514
20 208 89 127
20 209 101 149
20 210 152 254
20 211 172 298
20 212 141 229
20 213 161 273
20 214 236 458
20 215 268 546
20 216 100 152
20 217 112 174
20 218 168 304
20 219 188 348
20 220 152 254
20 221 156 270
20 222 252 508
20 223 260 540
20 224 89 127
20 225 101 149
20 226 152 254
20 227 172 298
20 228 141 229
20 229 161 273
20 230 236 458
20 231 268 546
20 232 100 152
20 233 112 174
20 234 168 304
20 235 188 348
20 236 152 254
20 237 156 270
20 238 252 508
20 239 260 540
20 240 109 163
20 241 97 149
20 242 184 326
20 243 164 298
20 244 173 301
20 245 153 273
20 246 285 604
20 247 253 548
20 248 120 188
20 249 108 174
20 250 200 376
20 251 180 348
20 252 162 288
20 253 158 288
20 254 269 578
20 255 261 578
21 0 320 320
21 1 384 400
21 2 576 640
21 3 688 800
21 4 512 560
21 5 624 720
21 6 912 1120
21 7 1104 1440
21 8 448 480
21 9 384 432
21 10 800 960
21 11 688 864
21 12 688 800
21 13 576 704
21 14 1216 1600
21 15 1024 1408
21 16 384 400
21 17 448 480
21 18 688 800
21 19 800 960
21 20 448 512
21 21 560 672
21 22 800 1024
21 23 992 1344
21 24 560 640
21 25 496 592
21 26 992 1280
21 27 880 1184
21 28 576 704
21 29 560 704
21 30 1024 1408
21 31 992 1408
21 32 384 400
21 33 320 352
21 34 688 800
21 35 576 704
21 36 624 720
21 37 512 624
21 38 1104 1440
21 39 912 1248
21 40 384 432
21 41 448 512
21 42 688 864
21 43 800 1024
21 44 576 704
21 45 688 864
21 46 1024 1408
21 47 1216 1728
21 48 448 480
21 49 384 432
21 50 800 960
21 51 688 864
21 52 560 672
21 53 448 576
21 54 992 1344
21 55 800 1152
21 56 496 592
21 57 560 672
21 58 880 1184
21 59 992 1344
21 60 560 704
21 61 576 768
21 62 992 1408
21 63 1024 1536
21 64 176 208
21 65 212 260
21 66 320 416
21 67 384 520
21 68 284 364
21 69 348 468
21 70 512 728
21 71 624 936
21 72 248 312
21 73 212 276
21 74 448 624
21 75 384 552
21 76 384 520
21 77 320 448
21 78 688 1040
21 79 576 896
21 80 212 260
21 81 248 312
21 82 384 520
21 83 448 624
21 84 248 328
21 85 312 432
21 86 448 656
21 87 560 864
21 88 312 416
21 89 276 380
21 90 560 832
21 91 496 760
21 92 320 448
21 93 312 448
21 94 576 896
21 95 560 896
21 96 212 260
21 97 176 224
21 98 384 520
21 99 320 448
21 100 348 468
21 101 284 396
21 102 624 936
21 103 512 792
21 104 212 276
21 105 248 328
21 106 384 552
21 107 448 656
21 108 320 448
21 109 384 552
21 110 576 896
21 111 688 1104
21 112 248 312
21 113 212 276
21 114 448 624
21 115 384 552
21 116 312 432
21 117 248 360
21 118 560 864
21 119 448 720
21 120 276 380
21 121 312 432
21 122 496 760
21 123 560 864
21 124 312 448
21 125 320 480
21 126 560 896
21 127 576 960
21 128 176 208
21 129 212 260
21 130 320 416
21 131 384 520
21 132 284 364
21 133 348 468
21 134 512 728
21 135 624 936
21 136 248 312
21 137 212 276
21 138 448 624
21 139 384 552
21 140 384 520
21 141 320 448
21 142 688 1040
21 143 576 896
21 144 212 260
21 145 248 312
21 146 384 520
21 147 448 624
21 148 248 328
21 149 312 432
21 150 448 656
21 151 560 864
21 152 312 416
21 153 276 380
21 154 560 832
21 155 496 760
21 156 320 448
21 157 312 448
21 158 576 896
21 159 560 896
21 160 212 260
21 161 176 224
21 162 384 520
21 163 320 448
21 164 348 468
21 165 284 396
21 166 624 936
21 167 512 792
21 168 212 276
21 169 248 328
21 170 384 552
21 171 448 656
21 172 320 448
21 173 384 552
21 174 576 896
21 175 688 1104
21 176 248 312
21 177 212 276
21 178 448 624
21 179 384 552
21 180 312 432
21 181 248 360
21 182 560 864
21 183 448 720
21 184 276 380
21 185 312 432
21 186 496 760
21 187 560 864
21 188 312 448
21 189 320 480
21 190 560 896
21 191 576 960
21 192 96 128
21 193 116 160
21 194 176 256
21 195 212 320
21 196 156 224
21 197 192 288
21 198 284 448
21 199 348 576
21 200 136 192
21 201 116 168
21 202 248 384
21 203 212 336
21 204 212 320
21 205 176 272
21 206 384 640
21 207 320 544
21 208 116 160
21 209 136 192
21 210 212 320
21 211 248 384
21 212 136 200
21 213 172 264
21 214 248 400
21 215 312 528
21 216 172 256
21 217 152 232
21 218 312 512
21 219 276 464
21 220 176 272
21 221 172 272
21 222 320 544
21 223 312 544
21 224 116 160
21 225 96 136
21 226 212 320
21 227 176 272
21 228 192 288
21 229 156 240
21 230 348 576
21 231 284 480
21 232 116 168
21 233 136 200
21 234 212 336
21 235 248 400
21 236 176 272
21 237 212 336
21 238 320 544
21 239 384 672
21 240 136 192
21 241 116 168
21 242 248 384
21 243 212 336
21 244 172 264
21 245 136 216
21 246 312 528
21 247 248 432
21 248 152 232
21 249 172 264
21 250 276 464
21 251 312 528
21 252 172 272
21 253 176 288
21 254 312 544
21 255 320 576
21 256 576 640
21 257 688 800
21 258 1024 1280
21 259 1216 1600
21 260 912 1120
21 261 1104 1440
21 262 1600 2240
21 263 1921 2882
21 264 800 960
21 265 688 864
21 266 1408 1920
21 267 1216 1728
21 268 1216 1600
21 269 1024 1408
21 270 2113 3202
21 271 1792 2816
21 272 688 800
21 273 800 960
21 274 1216 1600
21 275 1408 1920
21 276 800 1024
21 277 992 1344
21 278 1408 2048
21 279 1729 2690
21 280 992 1280
21 281 880 1184
21 282 1729 2562
21 283 1537 2370
21 284 1024 1408
21 285 992 1408
21 286 1792 2816
21 287 1729 2818
21 288 688 800
21 289 576 704
21 290 1216 1600
21 291 1024 1408
21 292 1104 1440
21 293 912 1248
21 294 1921 2882
21 295 1600 2496
21 296 688 864
21 297 800 1024
21 298 1216 1728
21 299 1408 2048
21 300 1024 1408
21 301 1216 1728
21 302 1792 2816
21 303 2113 3458
21 304 800 960
21 305 688 864
21 306 1408 1920
21 307 1216 1728
21 308 992 1344
21 309 800 1152
21 310 1729 2690
21 311 1408 2304
21 312 880 1184
21 313 992 1344
21 314 1537 2370
21 315 1729 2690
21 316 992 1408
21 317 1024 1536
21 318 1729 2818
21 319 1792 3072
21 320 320 416
21 321 384 520
21 322 576 832
21 323 688 1040
21 324 512 728
21 325 624 936
21 326 912 1456
21 327 1104 1872
21 328 448 624
21 329 384 552
21 330 800 1248
21 331 688 1104
21 332 688 1040
21 333 576 896
21 334 1216 2080
21 335 1024 1792
21 336 384 520
21 337 448 624
21 338 688 1040
21 339 800 1248
21 340 448 656
21 341 560 864
21 342 800 1312
21 343 992 1728
21 344 560 832
21 345 496 760
21 346 992 1664
21 347 880 1520
21 348 576 896
21 349 560 896
21 350 1024 1792
21 351 992 1792
21 352 384 520
21 353 320 448
21 354 688 1040
21 355 576 896
21 356 624 936
21 357 512 792
21 358 1104 1872
21 359 912 1584
21 360 384 552
21 361 448 656
21 362 688 1104
21 363 800 1312
21 364 576 896
21 365 688 1104
21 366 1024 1792
21 367 1216 2208
21 368 448 624
21 369 384 552
21 370 800 1248
21 371 688 1104
21 372 560 864
21 373 448 720
21 374 992 1728
21 375 800 1440
21 376 496 760
21 377 560 864
21 378 880 1520
21 379 992 1728
21 380 560 896
21 381 576 960
21 382 992 1792
21 383 1024 1920
21 384 320 416
21 385 384 520
21 386 576 832
21 387 688 1040
21 388 512 728
21 389 624 936
21 390 912 1456
21 391 1104 1872
21 392 448 624
21 393 384 552
21 394 800 1248
21 395 688 1104
21 396 688 1040
21 397 576 896
21 398 1216 2080
21 399 1024 1792
21 400 384 520
21 401 448 624
21 402 688 1040
21 403 800 1248
21 404 448 656
21 405 560 864
21 406 800 1312
21 407 992 1728
21 408 560 832
21 409 496 760
21 410 992 1664
21 411 880 1520
21 412 576 896
21 413 560 896
21 414 1024 1792
21 415 992 1792
21 416 384 520
21 417 320 448
21 418 688 1040
21 419 576 896
21 420 624 936
21 421 512 792
21 422 1104 1872
21 423 912 1584
21 424 384 552
21 425 448 656
21 426 688 1104
21 427 800 1312
21 428 576 896
21 429 688 1104
21 430 1024 1792
21 431 1216 2208
21 432 448 624
21 433 384 552
21 434 800 1248
21 435 688 1104
21 436 560 864
21 437 448 720
21 438 992 1728
21 439 800 1440
21 440 496 760
21 441 560 864
21 442 880 1520
21 443 992 1728
21 444 560 896
21 445 576 960
21 446 992 1792
21 447 1024 1920
21 448 176 256
21 449 212 320
21 450 320 512
21 451 384 640
21 452 284 448
21 453 348 576
21 454 512 896
21 455 624 1152
21 456 248 384
21 457 212 336
21 458 448 768
21 459 384 672
21 460 384 640
21 461 320 544
21 462 688 1280
21 463 576 1088
21 464 212 320
21 465 248 384
21 466 384 640
21 467 448 768
21 468 248 400
21 469 312 528
21 470 448 800
21 471 560 1056
21 472 312 512
21 473 276 464
21 474 560 1024
21 475 496 928
21 476 320 544
21 477 312 544
21 478 576 1088
21 479 560 1088
21 480 212 320
21 481 176 272
21 482 384 640
21 483 320 544
21 484 348 576
21 485 284 480
21 486 624 1152
21 487 512 960
21 488 212 336
21 489 248 400
21 490 384 672
21 491 448 800
21 492 320 544
21 493 384 672
21 494 576 1088
21 495 688 1344
21 496 248 384
21 497 212 336
21 498 448 768
21 499 384 672
21 500 312 528
21 501 248 432
21 502 560 1056
21 503 448 864
21 504 276 464
21 505 312 528
21 506 496 928
21 507 560 1056
21 508 312 544
21 509 320 576
21 510 560 1088
21 511 576 1152
21 512 176 208
21 513 212 260
21 514 320 416
21 515 384 520
21 516 284 364
21 517 348 468
21 518 512 728
21 519 624 936
21 520 248 312
21 521 212 276
21 522 448 624
21 523 384 552
21 524 384 520
21 525 320 448
21 526 688 1040
21 527 576 896
21 528 212 260
21 529 248 312
21 530 384 520
21 531 448 624
21 532 248 328
21 533 312 432
21 534 448 656
21 535 560 864
21 536 312 416
21 537 276 380
21 538 560 832
21 539 496 760
21 540 320 448
21 541 312 448
21 542 576 896
21 543 560 896
21 544 212 260
21 545 176 224
21 546 384 520
21 547 320 448
21 548 348 468
21 549 284 396
21 550 624 936
21 551 512 792
21 552 212 276
21 553 248 328
21 554 384 552
21 555 448 656
21 556 320 448
21 557 384 552
21 558 576 896
21 559 688 1104
21 560 248 312
21 561 212 276
21 562 448 624
21 563 384 552
21 564 312 432
21 565 248 360
21 566 560 864
21 567 448 720
21 568 276 380
21 569 312 432
21 570 496 760
21 571 560 864
21 572 312 448
21 573 320 480
21 574 560 896
21 575 576 960
21 576 96 128
21 577 116 160
21 578 176 256
21 579 212 320
21 580 156 224
21 581 192 288
21 582 284 448
21 583 348 576
21 584 136 192
21 585 116 168
21 586 248 384
21 587 212 336
21 588 212 320
21 589 176 272
21 590 384 640
21 591 320 544
21 592 116 160
21 593 136 192
21 594 212 320
21 595 248 384
21 596 136 200
21 597 172 264
21 598 248 400
21 599 312 528
21 600 172 256
21 601 152 232
21 602 312 512
21 603 276 464
21 604 176 272
21 605 172 272
21 606 320 544
21 607 312 544
21 608 116 160
21 609 96 136
21 610 212 320
21 611 176 272
21 612 192 288
21 613 156 240
21 614 348 576
21 615 284 480
21 616 116 168
21 617 136 200
21 618 212 336
21 619 248 400
21 620 176 272
21 621 212 336
21 622 320 544
21 623 384 672
21 624 136 192
21 625 116 168
21 626 248 384
21 627 212 336
21 628 172 264
21 629 136 216
21 630 312 528
21 631 248 432
21 632 152 232
21 633 172 264
21 634 276 464
21 635 312 528
21 636 172 272
21 637 176 288
21 638 312 544
21 639 320 576
21 640 96 128
21 641 116 160
21 642 176 256
21 643 212 320
21 644 156 224
21 645 192 288
21 646 284 448
21 647 348 576
21 648 136 192
21 649 116 168
21 650 248 384
21 651 212 336
21 652 212 320
21 653 176 272
21 654 384 640
21 655 320 544
21 656 116 160
21 657 136 192
21 658 212 320
21 659 248 384
21 660 136 200
21 661 172 264
21 662 248 400
21 663 312 528
21 664 172 256
21 665 152 232
21 666 312 512
21 667 276 464
21 668 176 272
21 669 172 272
21 670 320 544
21 671 312 544
21 672 116 160
21 673 96 136
21 674 212 320
21 675 176 272
21 676 192 288
21 677 156 240
21 678 348 576
21 679 284 480
21 680 116 168
21 681 136 200
21 682 212 336
21 683 248 400
21 684 176 272
21 685 212 336
21 686 320 544
21 687 384 672
21 688 136 192
21 689 116 168
21 690 248 384
21 691 212 336
21 692 172 264
21 693 136 216
21 694 312 528
21 695 248 432
21 696 152 232
21 697 172 264
21 698 276 464
21 699 312 528
21 700 172 272
21 701 176 288
21 702 312 544
21 703 320 576
21 704 52 76
21 705 63 95
21 706 96 152
21 707 116 190
21 708 85 133
21 709 105 171
21 710 156 266
21 711 192 342
21 712 74 114
21 713 63 99
21 714 136 228
21 715 116 198
21 716 116 190
21 717 96 160
21 718 212 380
21 719 176 320
21 720 63 95
21 721 74 114
21 722 116 190
21 723 136 228
21 724 74 118
21 725 94 156
21 726 136 236
21 727 172 312
21 728 94 152
21 729 83 137
21 730 172 304
21 731 152 274
21 732 96 160
21 733 94 160
21 734 176 320
21 735 172 320
21 736 63 95
21 737 52 80
21 738 116 190
21 739 96 160
21 740 105 171
21 741 85 141
21 742 192 342
21 743 156 282
21 744 63 99
21 745 74 118
21 746 116 198
21 747 136 236
21 748 96 160
21 749 116 198
21 750 176 320
21 751 212 396
21 752 74 114
21 753 63 99
21 754 136 228
21 755 116 198
21 756 94 156
21 757 74 126
21 758 172 312
21 759 136 252
21 760 83 137
21 761 94 156
21 762 152 274
21 763 172 312
21 764 94 160
21 765 96 168
21 766 172 320
21 767 176 336
21 768 320 416
21 769 384 520
21 770 576 832
21 771 688 1040
21 772 512 728
21 773 624 936
21 774 912 1456
21 775 1104 1872
21 776 448 624
21 777 384 552
21 778 800 1248
21 779 688 1104
21 780 688 1040
21 781 576 896
21 782 1216 2080
21 783 1024 1792
21 784 384 520
21 785 448 624
21 786 688 1040
21 787 800 1248
21 788 448 656
21 789 560 864
21 790 800 1312
21 791 992 1728
21 792 560 832
21 793 496 760
21 794 992 1664
21 795 880 1520
21 796 576 896
21 797 560 896
21 798 1024 1792
21 799 992 1792
21 800 384 520
21 801 320 448
21 802 688 1040
21 803 576 896
21 804 624 936
21 805 512 792
21 806 1104 1872
21 807 912 1584
21 808 384 552
21 809 448 656
21 810 688 1104
21 811 800 1312
21 812 576 896
21 813 688 1104
21 814 1024 1792
21 815 1216 2208
21 816 448 624
21 817 384 552
21 818 800 1248
21 819 688 1104
21 820 560 864
21 821 448 720
21 822 992 1728
21 823 800 1440
21 824 496 760
21 825 560 864
21 826 880 1520
21 827 992 1728
21 828 560 896
21 829 576 960
21 830 992 1792
21 831 1024 1920
21 832 176 256
21 833 212 320
21 834 320 512
21 835 384 640
21 836 284 448
21 837 348 576
21 838 512 896
21 839 624 1152
21 840 248 384
21 841 212 336
21 842 448 768
21 843 384 672
21 844 384 640
21 845 320 544
21 846 688 1280
21 847 576 1088
21 848 212 320
21 849 248 384
21 850 384 640
21 851 448 768
21 852 248 400
21 853 312 528
21 854 448 800
21 855 560 1056
21 856 312 512
21 857 276 464
21 858 560 1024
21 859 496 928
21 860 320 544
21 861 312 544
21 862 576 1088
21 863 560 1088
21 864 212 320
21 865 176 272
21 866 384 640
21 867 320 544
21 868 348 576
21 869 284 480
21 870 624 1152
21 871 512 960
21 872 212 336
21 873 248 400
21 874 384 672
21 875 448 800
21 876 320 544
21 877 384 672
21 878 576 1088
21 879 688 1344
21 880 248 384
21 881 212 336
21 882 448 768
21 883 384 672
21 884 312 528
21 885 248 432
21 886 560 1056
21 887 448 864
21 888 276 464
21 889 312 528
21 890 496 928
21 891 560 1056
21 892 312 544
21 893 320 576
21 894 560 1088
21 895 576 1152
21 896 176 256
21 897 212 320
21 898 320 512
21 899 384 640
21 900 284 448
21 901 348 576
21 902 512 896
21 903 624 1152
21 904 248 384
21 905 212 336
21 906 448 768
21 907 384 672
21 908 384 640
21 909 320 544
21 910 688 1280
21 911 576 1088
21 912 212 320
21 913 248 384
21 914 384 640
21 915 448 768
21 916 248 400
21 917 312 528
21 918 448 800
21 919 560 1056
21 920 312 512
21 921 276 464
21 922 560 1024
21 923 496 928
21 924 320 544
21 925 312 544
21 926 576 1088
21 927 560 1088
21 928 212 320
21 929 176 272
21 930 384 640
21 931 320 544
21 932 348 576
21 933 284 480
21 934 624 1152
21 935 512 960
21 936 212 336
21 937 248 400
21 938 384 672
21 939 448 800
21 940 320 544
21 941 384 672
21 942 576 1088
21 943 688 1344
21 944 248 384
21 945 212 336
21 946 448 768
21 947 384 672
21 948 312 528
21 949 248 432
21 950 560 1056
21 951 448 864
21 952 276 464
21 953 312 528
21 954 496 928
21 955 560 1056
21 956 312 544
21 957 320 576
21 958 560 1088
21 959 576 1152
21 960 96 152
21 961 116 190
21 962 176 304
21 963 212 380
21 964 156 266
21 965 192 342
21 966 284 532
21 967 348 684
21 968 136 228
21 969 116 198
21 970 248 456
21 971 212 396
21 972 212 380
21 973 176 320
21 974 384 760
21 975 320 640
21 976 116 190
21 977 136 228
21 978 212 380
21 979 248 456
21 980 136 236
21 981 172 312
21 982 248 472
21 983 312 624
21 984 172 304
21 985 152 274
21 986 312 608
21 987 276 548
21 988 176 320
21 989 172 320
21 990 320 640
21 991 312 640
21 992 116 190
21 993 96 160
21 994 212 380
21 995 176 320
21 996 192 342
21 997 156 282
21 998 348 684
21 999 284 564
21 1000 116 198
21 1001 136 236
21 1002 212 396
21 1003 248 472
21 1004 176 320
21 1005 212 396
21 1006 320 640
21 1007 384 792
21 1008 136 228
21 1009 116 198
21 1010 248 456
21 1011 212 396
21 1012 172 312
21 1013 136 252
21 1014 312 624
21 1015 248 504
21 1016 152 274
21 1017 172 312
21 1018 276 548
21 1019 312 624
21 1020 172 320
21 1021 176 336
21 1022 312 640
21 1023 320 672
22 0 10 10
22 1 16 20
22 2 16 20
22 3 25 42
22 4 15 17
22 5 24 34
22 6 24 34
22 7 37 70
22 8 15 17
22 9 24 34
22 10 24 34
22 11 37 70
22 12 17 25
22 13 28 50
22 14 28 50
22 15 44 100
23 0 160 160
23 1 288 320
23 2 224 240
23 3 400 480
23 4 288 320
23 5 512 640
23 6 400 480
23 7 704 960
23 8 224 240
23 9 400 480
23 10 160 192
23 11 288 384
23 12 400 480
23 13 704 960
23 14 288 384
23 15 512 768
23 16 88 104
23 17 160 208
23 18 124 156
23 19 224 312
23 20 160 208
23 21 288 416
23 22 224 312
23 23 400 624
23 24 124 156
23 25 224 312
23 26 88 120
23 27 160 240
23 28 224 312
23 29 400 624
23 30 160 240
23 31 288 480
23 32 88 104
23 33 160 208
23 34 124 156
23 35 224 312
23 36 160 208
23 37 288 416
23 38 224 312
23 39 400 624
23 40 124 156
23 41 224 312
23 42 88 120
23 43 160 240
23 44 224 312
23 45 400 624
23 46 160 240
23 47 288 480
23 48 48 64
23 49 88 128
23 50 68 96
23 51 124 192
23 52 88 128
23 53 160 256
23 54 124 192
23 55 224 384
23 56 68 96
23 57 124 192
23 58 48 72
23 59 88 144
23 60 124 192
23 61 224 384
23 62 88 144
23 63 160 288
23 64 288 320
23 65 512 640
23 66 400 480
23 67 704 960
23 68 512 640
23 69 896 1280
23 70 704 960
23 71 1217 1922
23 72 400 480
23 73 704 960
23 74 288 384
23 75 512 768
23 76 704 960
23 77 1217 1922
23 78 512 768
23 79 896 1536
23 80 160 208
23 81 288 416
23 82 224 312
23 83 400 624
23 84 288 416
23 85 512 832
23 86 400 624
23 87 704 1248
23 88 224 312
23 89 400 624
23 90 160 240
23 91 288 480
23 92 400 624
23 93 704 1248
23 94 288 480
23 95 512 960
23 96 160 208
23 97 288 416
23 98 224 312
23 99 400 624
23 100 288 416
23 101 512 832
23 102 400 624
23 103 704 1248
23 104 224 312
23 105 400 624
23 106 160 240
23 107 288 480
23 108 400 624
23 109 704 1248
23 110 288 480
23 111 512 960
23 112 88 128
23 113 160 256
23 114 124 192
23 115 224 384
23 116 160 256
23 117 288 512
23 118 224 384
23 119 400 768
23 120 124 192
23 121 224 384
23 122 88 144
23 123 160 288
23 124 224 384
23 125 400 768
23 126 160 288
23 127 288 576
23 128 88 104
23 129 160 208
23 130 124 156
23 131 224 312
23 132 160 208
23 133 288 416
23 134 224 312
23 135 400 624
23 136 124 156
23 137 224 312
23 138 88 120
23 139 160 240
23 140 224 312
23 141 400 624
23 142 160 240
23 143 288 480
23 144 48 64
23 145 88 128
23 146 68 96
23 147 124 192
23 148 88 128
23 149 160 256
23 150 124 192
23 151 224 384
23 152 68 96
23 153 124 192
23 154 48 72
23 155 88 144
23 156 124 192
23 157 224 384
23 158 88 144
23 159 160 288
23 160 48 64
23 161 88 128
23 162 68 96
23 163 124 192
23 164 88 128
23 165 160 256
23 166 124 192
23 167 224 384
23 168 68 96
23 169 124 192
23 170 48 72
23 171 88 144
23 172 124 192
23 173 224 384
23 174 88 144
23 175 160 288
23 176 26 38
23 177 48 76
23 178 37 57
23 179 68 114
23 180 48 76
23 181 88 152
23 182 68 114
23 183 124 228
23 184 37 57
23 185 68 114
23 186 26 42
23 187 48 84
23 188 68 114
23 189 124 228
23 190 48 84
23 191 88 168
23 192 160 208
23 193 288 416
23 194 224 312
23 195 400 624
23 196 288 416
23 197 512 832
23 198 400 624
23 199 704 1248
23 200 224 312
23 201 400 624
23 202 160 240
23 203 288 480
23 204 400 624
23 205 704 1248
23 206 288 480
23 207 512 960
23 208 88 128
23 209 160 256
23 210 124 192
23 211 224 384
23 212 160 256
23 213 288 512
23 214 224 384
23 215 400 768
23 216 124 192
23 217 224 384
23 218 88 144
23 219 160 288
23 220 224 384
23 221 400 768
23 222 160 288
23 223 288 576
23 224 88 128
23 225 160 256
23 226 124 192
23 227 224 384
23 228 160 256
23 229 288 512
23 230 224 384
23 231 400 768
23 232 124 192
23 233 224 384
23 234 88 144
23 235 160 288
23 236 224 384
23 237 400 768
23 238 160 288
23 239 288 576
23 240 48 76
23 241 88 152
23 242 68 114
23 243 124 228
23 244 88 152
23 245 160 304
23 246 124 228
23 247 224 456
23 248 68 114
23 249 124 228
23 250 48 84
23 251 88 168
23 252 124 228
23 253 224 456
23 254 88 168
23 255 160 336
24 0 106 106
24 1 119 129
24 2 109 111
24 3 122 134
24 4 176 211
24 5 196 257
24 6 180 221
24 7 200 267
24 8 137 147
24 9 134 158
24 10 140 152
24 11 131 157
24 12 228 293
24 13 220 315
24 14 232 303
24 15 216 313
24 16 110 114
24 17 123 137
24 18 113 119
24 19 126 142
24 20 183 225
24 21 203 271
24 22 187 235
24 23 207 281
24 24 131 145
24 25 138 166
24 26 134 150
24 27 135 165
24 28 219 287
24 29 227 329
24 30 223 297
24 31 223 327
24 32 114 122
24 33 124 146
24 34 117 127
24 35 121 145
24 36 188 243
24 37 204 291
24 38 192 253
24 39 200 289
24 40 116 134
24 41 142 178
24 42 119 139
24 43 145 183
24 44 192 267
24 45 236 355
24 46 196 277
24 47 240 365
24 48 118 130
24 49 128 154
24 50 121 135
24 51 125 153
24 52 195 257
24 53 211 305
24 54 199 267
24 55 207 303
24 56 120 142
24 57 136 176
24 58 123 147
24 59 139 181
24 60 199 281
24 61 227 349
24 62 203 291
24 63 231 359
24 64 108 115
24 65 121 138
24 66 105 114
24 67 118 137
24 68 179 220
24 69 199 266
24 70 175 218
24 71 195 264
24 72 139 156
24 73 130 161
24 74 136 155
24 75 133 166
24 76 231 302
24 77 215 312
24 78 227 300
24 79 219 322
24 80 114 125
24 81 127 148
24 82 111 124
24 83 124 147
24 84 188 240
24 85 208 286
24 86 184 238
24 87 204 284
24 88 135 156
24 89 136 171
24 90 132 155
24 91 139 176
24 92 224 302
24 93 224 332
24 94 220 300
24 95 228 342
24 96 116 131
24 97 120 149
24 98 113 130
24 99 123 154
24 100 191 252
24 101 199 288
24 102 187 250
24 103 203 298
24 104 118 143
24 105 144 187
24 106 115 142
24 107 141 186
24 108 195 276
24 109 239 364
24 110 191 274
24 111 235 362
24 112 122 141
24 113 126 159
24 114 119 140
24 115 129 164
24 116 200 272
24 117 208 308
24 118 196 270
24 119 212 318
24 120 124 153
24 121 140 187
24 122 121 152
24 123 137 186
24 124 204 296
24 125 232 364
24 126 200 294
24 127 228 362
24 128 109 111
24 129 122 134
24 130 112 116
24 131 125 139
24 132 180 221
24 133 200 267
24 134 184 231
24 135 204 277
24 136 140 152
24 137 137 163
24 138 143 157
24 139 134 162
24 140 232 303
24 141 224 325
24 142 236 313
24 143 220 323
24 144 113 119
24 145 126 142
24 146 116 124
24 147 129 147
24 148 187 235
24 149 207 281
24 150 191 245
24 151 211 291
24 152 134 150
24 153 141 171
24 154 137 155
24 155 138 170
24 156 223 297
24 157 231 339
24 158 227 307
24 159 227 337
24 160 117 127
24 161 127 151
24 162 120 132
24 163 124 150
24 164 192 253
24 165 208 301
24 166 196 263
24 167 204 299
24 168 119 139
24 169 145 183
24 170 122 144
24 171 148 188
24 172 196 277
24 173 240 365
24 174 200 287
24 175 244 375
24 176 121 135
24 177 131 159
24 178 124 140
24 179 128 158
24 180 199 267
24 181 215 315
24 182 203 277
24 183 211 313
24 184 123 147
24 185 139 181
24 186 126 152
24 187 142 186
24 188 203 291
24 189 231 359
24 190 207 301
24 191 235 369
24 192 111 120
24 193 124 143
24 194 108 119
24 195 121 142
24 196 183 230
24 197 203 276
24 198 179 228
24 199 199 274
24 200 142 161
24 201 133 166
24 202 139 160
24 203 136 171
24 204 235 312
24 205 219 322
24 206 231 310
24 207 223 332
24 208 117 130
24 209 130 153
24 210 114 129
24 211 127 152
24 212 192 250
24 213 212 296
24 214 188 248
24 215 208 294
24 216 138 161
24 217 139 176
24 218 135 160
24 219 142 181
24 220 228 312
24 221 228 342
24 222 224 310
24 223 232 352
24 224 119 136
24 225 123 154
24 226 116 135
24 227 126 159
24 228 195 262
24 229 203 298
24 230 191 260
24 231 207 308
24 232 121 148
24 233 147 192
24 234 118 147
24 235 144 191
24 236 199 286
24 237 243 374
24 238 195 284
24 239 239 372
24 240 125 146
24 241 129 164
24 242 122 145
24 243 132 169
24 244 204 282
24 245 212 318
24 246 200 280
24 247 216 328
24 248 127 158
24 249 143 192
24 250 124 157
24 251 140 191
24 252 208 306
24 253 236 374
24 254 204 304
24 255 232 372
24 256 119 129
24 257 150 178
24 258 122 134
24 259 153 183
24 260 196 257
24 261 247 353
24 262 200 267
24 263 251 363
24 264 117 137
24 265 132 170
24 266 120 142
24 267 129 169
24 268 192 273
24 269 215 337
24 270 196 283
24 271 211 335
24 272 123 137
24 273 146 178
24 274 126 142
24 275 149 183
24 276 203 271
24 277 240 355
24 278 207 281
24 279 244 365
24 280 121 145
24 281 138 180
24 282 124 150
24 283 135 179
24 284 199 287
24 285 224 359
24 286 203 297
24 287 220 357
24 288 145 171
24 289 137 177
24 290 148 176
24 291 134 176
24 292 239 339
24 293 224 353
24 294 243 349
24 295 220 351
24 296 114 146
24 297 122 168
24 298 117 151
24 299 125 173
24 300 187 289
24 301 200 335
24 302 191 299
24 303 204 345
24 304 141 171
24 305 141 185
24 306 144 176
24 307 138 184
24 308 232 341
24 309 231 367
24 310 236 351
24 311 227 365
24 312 120 156
24 313 126 176
24 314 123 161
24 315 129 181
24 316 196 311
24 317 207 349
24 318 200 321
24 319 211 359
24 320 121 138
24 321 154 189
24 322 118 137
24 323 151 188
24 324 199 266
24 325 252 368
24 326 195 264
24 327 248 366
24 328 119 146
24 329 130 175
24 330 116 145
24 331 133 180
24 332 195 282
24 333 212 340
24 334 191 280
24 335 216 350
24 336 127 148
24 337 148 187
24 338 124 147
24 339 145 186
24 340 208 286
24 341 243 364
24 342 204 284
24 343 239 362
24 344 125 156
24 345 134 183
24 346 122 155
24 347 137 188
24 348 204 302
24 349 219 356
24 350 200 300
24 351 223 366
24 352 149 182
24 353 133 180
24 354 146 181
24 355 136 185
24 356 244 354
24 357 219 350
24 358 240 352
24 359 223 360
24 360 118 157
24 361 124 177
24 362 115 156
24 363 121 176
24 364 192 304
24 365 203 344
24 366 188 302
24 367 199 342
24 368 143 180
24 369 139 190
24 370 140 179
24 371 142 195
24 372 235 350
24 373 228 370
24 374 231 348
24 375 232 380
24 376 122 165
24 377 130 187
24 378 119 164
24 379 127 186
24 380 199 320
24 381 212 364
24 382 195 318
24 383 208 362
24 384 122 134
24 385 153 183
24 386 125 139
24 387 156 188
24 388 200 267
24 389 251 363
24 390 204 277
24 391 255 373
24 392 120 142
24 393 135 175
24 394 123 147
24 395 132 174
24 396 196 283
24 397 219 347
24 398 200 293
24 399 215 345
24 400 126 142
24 401 149 183
24 402 129 147
24 403 152 188
24 404 207 281
24 405 244 365
24 406 211 291
24 407 248 375
24 408 124 150
24 409 141 185
24 410 127 155
24 411 138 184
24 412 203 297
24 413 228 369
24 414 207 307
24 415 224 367
24 416 148 176
24 417 140 182
24 418 151 181
24 419 137 181
24 420 243 349
24 421 228 363
24 422 247 359
24 423 224 361
24 424 117 151
24 425 125 173
24 426 120 156
24 427 128 178
24 428 191 299
24 429 204 345
24 430 195 309
24 431 208 355
24 432 144 176
24 433 144 190
24 434 147 181
24 435 141 189
24 436 236 351
24 437 235 377
24 438 240 361
24 439 231 375
24 440 123 161
24 441 129 181
24 442 126 166
24 443 132 186
24 444 200 321
24 445 211 359
24 446 204 331
24 447 215 369
24 448 124 143
24 449 157 194
24 450 121 142
24 451 154 193
24 452 203 276
24 453 256 378
24 454 199 274
24 455 252 376
24 456 122 151
24 457 133 180
24 458 119 150
24 459 136 185
24 460 199 292
24 461 216 350
24 462 195 290
24 463 220 360
24 464 130 153
24 465 151 192
24 466 127 152
24 467 148 191
24 468 212 296
24 469 247 374
24 470 208 294
24 471 243 372
24 472 128 161
24 473 137 188
24 474 125 160
24 475 140 193
24 476 208 312
24 477 223 366
24 478 204 310
24 479 227 376
24 480 152 187
24 481 136 185
24 482 149 186
24 483 139 190
24 484 248 364
24 485 223 360
24 486 244 362
24 487 227 370
24 488 121 162
24 489 127 182
24 490 118 161
24 491 124 181
24 492 196 314
24 493 207 354
24 494 192 312
24 495 203 352
24 496 146 185
24 497 142 195
24 498 143 184
24 499 145 200
24 500 239 360
24 501 232 380
24 502 235 358
24 503 236 390
24 504 125 170
24 505 133 192
24 506 122 169
24 507 130 191
24 508 203 330
24 509 216 374
24 510 199 328
24 511 212 372
24 512 161 183
24 513 180 224
24 514 163 191
24 515 182 232
24 516 270 367
24 517 298 449
24 518 273 381
24 519 301 463
24 520 213 265
24 521 202 280
24 522 215 273
24 523 200 280
24 524 354 531
24 525 333 559
24 526 357 545
24 527 330 561
24 528 168 198
24 529 187 239
24 530 172 208
24 531 191 249
24 532 281 395
24 533 309 477
24 534 286 417
24 535 314 499
24 536 204 260
24 537 211 297
24 538 208 270
24 539 207 295
24 540 341 519
24 541 346 595
24 542 346 541
24 543 341 589
24 544 172 210
24 545 187 257
24 546 174 218
24 547 185 257
24 548 286 421
24 549 309 513
24 550 289 435
24 551 306 515
24 552 176 234
24 553 221 323
24 554 178 242
24 555 223 331
24 556 294 469
24 557 366 647
24 558 297 483
24 559 369 661
24 560 179 225
24 561 196 274
24 562 183 235
24 563 192 272
24 564 297 449
24 565 322 549
24 566 302 471
24 567 317 543
24 568 183 249
24 569 212 318
24 570 187 259
24 571 216 328
24 572 305 497
24 573 353 635
24 574 310 519
24 575 358 657
24 576 164 193
24 577 183 234
24 578 160 191
24 579 179 232
24 580 274 382
24 581 302 464
24 582 269 378
24 583 297 460
24 584 216 275
24 585 199 280
24 586 212 273
24 587 203 290
24 588 358 546
24 589 329 556
24 590 353 542
24 591 334 576
24 592 171 208
24 593 190 249
24 594 169 208
24 595 188 249
24 596 285 412
24 597 313 494
24 598 282 412
24 599 310 494
24 600 207 270
24 601 208 297
24 602 205 270
24 603 210 305
24 604 345 536
24 605 342 590
24 606 342 536
24 607 345 606
24 608 175 220
24 609 184 257
24 610 171 218
24 611 188 267
24 612 290 436
24 613 305 510
24 614 285 432
24 615 310 530
24 616 179 244
24 617 224 333
24 618 175 242
24 619 220 331
24 620 298 484
24 621 370 662
24 622 293 480
24 623 365 658
24 624 182 235
24 625 193 274
24 626 180 235
24 627 195 282
24 628 301 466
24 629 318 544
24 630 298 466
24 631 321 560
24 632 186 259
24 633 215 328
24 634 184 259
24 635 213 328
24 636 309 514
24 637 357 652
24 638 306 514
24 639 354 652
24 640 164 188
24 641 183 229
24 642 166 196
24 643 185 237
24 644 274 377
24 645 302 459
24 646 277 391
24 647 305 473
24 648 210 264
24 649 205 285
24 650 212 272
24 651 203 285
24 652 350 529
24 653 337 569
24 654 353 543
24 655 334 571
24 656 165 197
24 657 184 238
24 658 169 207
24 659 188 248
24 660 277 393
24 661 305 475
24 662 282 415
24 663 310 497
24 664 207 265
24 665 208 296
24 666 211 275
24 667 204 294
24 668 345 529
24 669 342 593
24 670 350 551
24 671 337 587
24 672 175 215
24 673 190 262
24 674 177 223
24 675 188 262
24 676 290 431
24 677 313 523
24 678 293 445
24 679 310 525
24 680 179 239
24 681 218 322
24 682 181 247
24 683 220 330
24 684 298 479
24 685 362 645
24 686 301 493
24 687 365 659
24 688 176 224
24 689 193 273
24 690 180 234
24 691 189 271
24 692 293 447
24 693 318 547
24 694 298 469
24 695 313 541
24 696 180 248
24 697 215 323
24 698 184 258
24 699 219 333
24 700 301 495
24 701 357 645
24 702 306 517
24 703 362 667
24 704 167 198
24 705 186 239
24 706 163 196
24 707 182 237
24 708 278 392
24 709 306 474
24 710 273 388
24 711 301 470
24 712 213 274
24 713 202 285
24 714 209 272
24 715 206 295
24 716 354 544
24 717 333 566
24 718 349 540
24 719 338 586
24 720 168 207
24 721 187 248
24 722 166 207
24 723 185 248
24 724 281 410
24 725 309 492
24 726 278 410
24 727 306 492
24 728 210 275
24 729 205 296
24 730 208 275
24 731 207 304
24 732 349 546
24 733 338 588
24 734 346 546
24 735 341 604
24 736 178 225
24 737 187 262
24 738 174 223
24 739 191 272
24 740 294 446
24 741 309 520
24 742 289 442
24 743 314 540
24 744 182 249
24 745 221 332
24 746 178 247
24 747 217 330
24 748 302 494
24 749 366 660
24 750 297 490
24 751 361 656
24 752 179 234
24 753 190 273
24 754 177 234
24 755 192 281
24 756 297 464
24 757 314 542
24 758 294 464
24 759 317 558
24 760 183 258
24 761 218 333
24 762 181 258
24 763 216 333
24 764 305 512
24 765 361 662
24 766 302 512
24 767 358 662
24 768 179 219
24 769 223 303
24 770 181 227
24 771 227 313
24 772 298 439
24 773 369 605
24 774 301 453
24 775 374 627
24 776 169 229
24 777 185 277
24 778 171 237
24 779 181 275
24 780 282 459
24 781 306 555
24 782 285 473
24 783 301 549
24 784 186 234
24 785 216 300
24 786 190 244
24 787 218 308
24 788 309 467
24 789 358 601
24 790 314 489
24 791 361 615
24 792 176 244
24 793 192 292
24 794 180 254
24 795 190 292
24 796 293 487
24 797 317 583
24 798 298 509
24 799 314 585
24 800 215 289
24 801 193 285
24 802 219 299
24 803 191 285
24 804 357 577
24 805 321 569
24 806 362 599
24 807 318 571
24 808 169 245
24 809 177 279
24 810 173 255
24 811 179 287
24 812 281 489
24 813 294 559
24 814 286 511
24 815 297 573
24 816 208 286
24 817 202 302
24 818 210 294
24 819 198 300
24 820 346 573
24 821 334 605
24 822 349 587
24 823 329 599
24 824 178 262
24 825 184 294
24 826 180 270
24 827 188 304
24 828 294 525
24 829 305 587
24 830 297 539
24 831 310 609
24 832 182 229
24 833 226 313
24 834 178 227
24 835 224 313
24 836 302 454
24 837 373 622
24 838 297 450
24 839 370 622
24 840 172 239
24 841 182 277
24 842 168 237
24 843 184 285
24 844 286 474
24 845 302 550
24 846 281 470
24 847 305 566
24 848 189 244
24 849 219 310
24 850 187 244
24 851 215 308
24 852 313 484
24 853 362 616
24 854 310 484
24 855 357 612
24 856 179 254
24 857 189 292
24 858 177 254
24 859 193 302
24 860 297 504
24 861 313 580
24 862 294 504
24 863 318 600
24 864 218 299
24 865 190 285
24 866 216 299
24 867 194 295
24 868 361 594
24 869 317 566
24 870 358 594
24 871 322 586
24 872 172 255
24 873 180 289
24 874 170 255
24 875 176 287
24 876 285 506
24 877 298 574
24 878 282 506
24 879 293 570
24 880 211 296
24 881 199 302
24 882 207 294
24 883 201 310
24 884 350 588
24 885 330 600
24 886 345 584
24 887 333 616
24 888 181 272
24 889 187 304
24 890 177 270
24 891 185 304
24 892 298 540
24 893 309 604
24 894 293 536
24 895 306 604
24 896 182 224
24 897 220 302
24 898 184 232
24 899 224 312
24 900 302 449
24 901 365 603
24 902 305 463
24 903 370 625
24 904 172 234
24 905 188 282
24 906 174 242
24 907 184 280
24 908 286 469
24 909 310 565
24 910 289 483
24 911 305 559
24 912 183 233
24 913 219 305
24 914 187 243
24 915 221 313
24 916 305 465
24 917 362 611
24 918 310 487
24 919 365 625
24 920 173 243
24 921 189 291
24 922 177 253
24 923 187 291
24 924 289 485
24 925 313 581
24 926 294 507
24 927 310 583
24 928 212 288
24 929 196 290
24 930 216 298
24 931 194 290
24 932 353 575
24 933 325 579
24 934 358 597
24 935 322 581
24 936 172 250
24 937 180 284
24 938 176 260
24 939 182 292
24 940 285 499
24 941 298 569
24 942 290 521
24 943 301 583
24 944 211 291
24 945 199 301
24 946 213 299
24 947 195 299
24 948 350 583
24 949 330 603
24 950 353 597
24 951 325 597
24 952 175 261
24 953 181 293
24 954 177 269
24 955 185 303
24 956 290 523
24 957 301 585
24 958 293 537
24 959 306 607
24 960 185 234
24 961 223 312
24 962 181 232
24 963 221 312
24 964 306 464
24 965 369 620
24 966 301 460
24 967 366 620
24 968 175 244
24 969 185 282
24 970 171 242
24 971 187 290
24 972 290 484
24 973 306 560
24 974 285 480
24 975 309 576
24 976 186 243
24 977 222 315
24 978 184 243
24 979 218 313
24 980 309 482
24 981 366 626
24 982 306 482
24 983 361 622
24 984 176 253
24 985 186 291
24 986 174 253
24 987 190 301
24 988 293 502
24 989 309 578
24 990 290 502
24 991 314 598
24 992 215 298
24 993 193 290
24 994 213 298
24 995 197 300
24 996 357 592
24 997 321 576
24 998 354 592
24 999 326 596
24 1000 175 260
24 1001 183 294
24 1002 173 260
24 1003 179 292
24 1004 289 516
24 1005 302 584
24 1006 286 516
24 1007 297 580
24 1008 214 301
24 1009 196 301
24 1010 210 299
24 1011 198 309
24 1012 354 598
24 1013 326 598
24 1014 349 594
24 1015 329 614
24 1016 178 271
24 1017 184 303
24 1018 174 269
24 1019 182 303
24 1020 294 538
24 1021 305 602
24 1022 289 534
24 1023 302 602
24 1024 140 156
24 1025 153 179
24 1026 143 161
24 1027 156 184
24 1028 232 311
24 1029 252 357
24 1030 236 321
24 1031 256 367
24 1032 179 217
24 1033 153 195
24 1034 176 216
24 1035 150 194
24 1036 296 433
24 1037 252 389
24 1038 292 431
24 1039 248 387
24 1040 147 171
24 1041 160 194
24 1042 144 170
24 1043 157 193
24 1044 243 339
24 1045 263 385
24 1046 239 337
24 1047 259 383
24 1048 170 212
24 1049 154 204
24 1050 173 217
24 1051 157 209
24 1052 283 421
24 1053 255 405
24 1054 287 431
24 1055 259 415
24 1056 148 176
24 1057 148 190
24 1058 151 181
24 1059 145 189
24 1060 244 351
24 1061 244 379
24 1062 248 361
24 1063 240 377
24 1064 155 199
24 1065 174 238
24 1066 158 204
24 1067 171 237
24 1068 256 397
24 1069 288 475
24 1070 260 407
24 1071 284 473
24 1072 155 191
24 1073 149 199
24 1074 152 190
24 1075 152 204
24 1076 255 379
24 1077 247 395
24 1078 251 377
24 1079 251 405
24 1080 162 214
24 1081 165 233
24 1082 159 213
24 1083 168 238
24 1084 267 425
24 1085 275 463
24 1086 263 423
24 1087 279 473
24 1088 142 165
24 1089 155 188
24 1090 139 164
24 1091 152 187
24 1092 235 320
24 1093 255 366
24 1094 231 318
24 1095 251 364
24 1096 175 220
24 1097 149 198
24 1098 178 225
24 1099 152 203
24 1100 291 430
24 1101 247 386
24 1102 295 440
24 1103 251 396
24 1104 145 176
24 1105 158 199
24 1106 148 181
24 1107 161 204
24 1108 240 342
24 1109 260 388
24 1110 244 352
24 1111 264 398
24 1112 174 223
24 1113 158 215
24 1114 171 222
24 1115 155 214
24 1116 288 436
24 1117 260 420
24 1118 284 434
24 1119 256 418
24 1120 150 185
24 1121 144 193
24 1122 147 184
24 1123 147 198
24 1124 247 360
24 1125 239 376
24 1126 243 358
24 1127 243 386
24 1128 157 208
24 1129 170 241
24 1130 154 207
24 1131 173 246
24 1132 259 406
24 1133 283 472
24 1134 255 404
24 1135 287 482
24 1136 153 196
24 1137 153 210
24 1138 156 201
24 1139 150 209
24 1140 252 382
24 1141 252 410
24 1142 256 392
24 1143 248 408
24 1144 160 219
24 1145 169 244
24 1146 163 224
24 1147 166 243
24 1148 264 428
24 1149 280 478
24 1150 268 438
24 1151 276 476
24 1152 142 164
24 1153 155 187
24 1154 145 169
24 1155 158 192
24 1156 235 325
24 1157 255 371
24 1158 239 335
24 1159 259 381
24 1160 181 225
24 1161 155 203
24 1162 178 224
24 1163 152 202
24 1164 299 447
24 1165 255 403
24 1166 295 445
24 1167 251 401
24 1168 151 181
24 1169 164 204
24 1170 148 180
24 1171 161 203
24 1172 248 361
24 1173 268 407
24 1174 244 359
24 1175 264 405
24 1176 174 222
24 1177 158 214
24 1178 177 227
24 1179 161 219
24 1180 288 443
24 1181 260 427
24 1182 292 453
24 1183 264 437
24 1184 150 184
24 1185 150 198
24 1186 153 189
24 1187 147 197
24 1188 247 365
24 1189 247 393
24 1190 251 375
24 1191 243 391
24 1192 157 207
24 1193 176 246
24 1194 160 212
24 1195 173 245
24 1196 259 411
24 1197 291 489
24 1198 263 421
24 1199 287 487
24 1200 159 201
24 1201 153 209
24 1202 156 200
24 1203 156 214
24 1204 260 401
24 1205 252 417
24 1206 256 399
24 1207 256 427
24 1208 166 224
24 1209 169 243
24 1210 163 223
24 1211 172 248
24 1212 272 447
24 1213 280 485
24 1214 268 445
24 1215 284 495
24 1216 146 175
24 1217 159 198
24 1218 143 174
24 1219 156 197
24 1220 240 340
24 1221 260 386
24 1222 236 338
24 1223 256 384
24 1224 179 230
24 1225 153 208
24 1226 182 235
24 1227 156 213
24 1228 296 450
24 1229 252 406
24 1230 300 460
24 1231 256 416
24 1232 147 184
24 1233 160 207
24 1234 150 189
24 1235 163 212
24 1236 243 358
24 1237 263 404
24 1238 247 368
24 1239 267 414
24 1240 176 231
24 1241 160 223
24 1242 173 230
24 1243 157 222
24 1244 291 452
24 1245 263 436
24 1246 287 450
24 1247 259 434
24 1248 154 195
24 1249 148 203
24 1250 151 194
24 1251 151 208
24 1252 252 380
24 1253 244 396
24 1254 248 378
24 1255 248 406
24 1256 161 218
24 1257 174 251
24 1258 158 217
24 1259 177 256
24 1260 264 426
24 1261 288 492
24 1262 260 424
24 1263 292 502
24 1264 155 204
24 1265 155 218
24 1266 158 209
24 1267 152 217
24 1268 255 398
24 1269 255 426
24 1270 259 408
24 1271 251 424
24 1272 162 227
24 1273 171 252
24 1274 165 232
24 1275 168 251
24 1276 267 444
24 1277 283 494
24 1278 271 454
24 1279 279 492
24 1280 158 192
24 1281 182 244
24 1282 161 197
24 1283 179 243
24 1284 260 383
24 1285 299 485
24 1286 264 393
24 1287 295 483
24 1288 151 197
24 1289 156 216
24 1290 154 202
24 1291 153 215
24 1292 248 393
24 1293 255 429
24 1294 252 403
24 1295 251 427
24 1296 165 207
24 1297 175 241
24 1298 162 206
24 1299 178 246
24 1300 271 411
24 1301 288 481
24 1302 267 409
24 1303 292 491
24 1304 158 212
24 1305 159 227
24 1306 155 211
24 1307 162 232
24 1308 259 421
24 1309 260 453
24 1310 255 419
24 1311 264 463
24 1312 187 251
24 1313 156 220
24 1314 184 250
24 1315 153 219
24 1316 307 499
24 1317 256 439
24 1318 303 497
24 1319 252 437
24 1320 148 210
24 1321 156 232
24 1322 151 215
24 1323 159 237
24 1324 243 417
24 1325 256 463
24 1326 247 427
24 1327 260 473
24 1328 180 248
24 1329 157 229
24 1330 183 253
24 1331 160 234
24 1332 296 495
24 1333 259 455
24 1334 300 505
24 1335 263 465
24 1336 157 227
24 1337 163 247
24 1338 154 226
24 1339 160 246
24 1340 256 453
24 1341 267 491
24 1342 252 451
24 1343 263 489
24 1344 160 201
24 1345 180 249
24 1346 157 200
24 1347 183 254
24 1348 263 392
24 1349 296 488
24 1350 259 390
24 1351 300 498
24 1352 153 206
24 1353 154 221
24 1354 150 205
24 1355 157 226
24 1356 251 402
24 1357 252 432
24 1358 247 400
24 1359 256 442
24 1360 163 212
24 1361 177 250
24 1362 166 217
24 1363 174 249
24 1364 268 414
24 1365 291 490
24 1366 272 424
24 1367 287 488
24 1368 156 217
24 1369 161 236
24 1370 159 222
24 1371 158 235
24 1372 256 424
24 1373 263 462
24 1374 260 434
24 1375 259 460
24 1376 185 256
24 1377 152 223
24 1378 188 261
24 1379 155 228
24 1380 304 502
24 1381 251 436
24 1382 308 512
24 1383 255 446
24 1384 152 221
24 1385 158 241
24 1386 149 220
24 1387 155 240
24 1388 248 432
24 1389 259 472
24 1390 244 430
24 1391 255 470
24 1392 182 257
24 1393 161 240
24 1394 179 256
24 1395 158 239
24 1396 299 504
24 1397 264 470
24 1398 295 502
24 1399 260 468
24 1400 153 230
24 1401 161 252
24 1402 156 235
24 1403 164 257
24 1404 251 450
24 1405 264 494
24 1406 255 460
24 1407 268 504
24 1408 160 200
24 1409 186 254
24 1410 163 205
24 1411 183 253
24 1412 263 397
24 1413 304 507
24 1414 267 407
24 1415 300 505
24 1416 153 205
24 1417 160 226
24 1418 156 210
24 1419 157 225
24 1420 251 407
24 1421 260 451
24 1422 255 417
24 1423 256 449
24 1424 169 217
24 1425 177 249
24 1426 166 216
24 1427 180 254
24 1428 276 433
24 1429 291 495
24 1430 272 431
24 1431 295 505
24 1432 162 222
24 1433 161 235
24 1434 159 221
24 1435 164 240
24 1436 264 443
24 1437 263 467
24 1438 260 441
24 1439 267 477
24 1440 191 261
24 1441 158 228
24 1442 188 260
24 1443 155 227
24 1444 312 521
24 1445 259 453
24 1446 308 519
24 1447 255 451
24 1448 152 220
24 1449 158 240
24 1450 155 225
24 1451 161 245
24 1452 248 439
24 1453 259 477
24 1454 252 449
24 1455 263 487
24 1456 182 256
24 1457 161 239
24 1458 185 261
24 1459 164 244
24 1460 299 509
24 1461 264 477
24 1462 303 519
24 1463 268 487
24 1464 159 235
24 1465 167 257
24 1466 156 234
24 1467 164 256
24 1468 259 467
24 1469 272 513
24 1470 255 465
24 1471 268 511
24 1472 164 211
24 1473 182 257
24 1474 161 210
24 1475 185 262
24 1476 268 412
24 1477 299 504
24 1478 264 410
24 1479 303 514
24 1480 157 216
24 1481 156 229
24 1482 154 215
24 1483 159 234
24 1484 256 422
24 1485 255 448
24 1486 252 420
24 1487 259 458
24 1488 165 220
24 1489 181 260
24 1490 168 225
24 1491 178 259
24 1492 271 430
24 1493 296 510
24 1494 275 440
24 1495 292 508
24 1496 158 225
24 1497 165 246
24 1498 161 230
24 1499 162 245
24 1500 259 440
24 1501 268 482
24 1502 263 450
24 1503 264 480
24 1504 187 264
24 1505 156 233
24 1506 190 269
24 1507 159 238
24 1508 307 518
24 1509 256 456
24 1510 311 528
24 1511 260 466
24 1512 154 229
24 1513 162 251
24 1514 151 228
24 1515 159 250
24 1516 251 448
24 1517 264 492
24 1518 247 446
24 1519 260 490
24 1520 186 267
24 1521 163 248
24 1522 183 266
24 1523 160 247
24 1524 304 524
24 1525 267 486
24 1526 300 522
24 1527 263 484
24 1528 157 240
24 1529 163 260
24 1530 160 245
24 1531 166 265
24 1532 256 470
24 1533 267 510
24 1534 260 480
24 1535 271 520
24 1536 190 252
24 1537 203 283
24 1538 192 260
24 1539 205 291
24 1540 318 505
24 1541 338 567
24 1542 321 519
24 1543 341 581
24 1544 252 372
24 1545 207 319
24 1546 250 372
24 1547 205 319
24 1548 417 743
24 1549 345 637
24 1550 414 745
24 1551 342 639
24 1552 201 277
24 1553 214 308
24 1554 197 275
24 1555 210 306
24 1556 334 555
24 1557 354 617
24 1558 329 549
24 1559 349 611
24 1560 241 359
24 1561 212 334
24 1562 245 369
24 1563 216 344
24 1564 401 717
24 1565 353 667
24 1566 406 739
24 1567 358 689
24 1568 195 277
24 1569 200 306
24 1570 197 285
24 1571 198 306
24 1572 326 555
24 1573 333 611
24 1574 329 569
24 1575 330 613
24 1576 213 329
24 1577 244 402
24 1578 215 337
24 1579 242 402
24 1580 354 659
24 1581 405 803
24 1582 357 673
24 1583 402 805
24 1584 206 302
24 1585 205 321
24 1586 202 300
24 1587 209 331
24 1588 342 605
24 1589 341 641
24 1590 337 599
24 1591 346 663
24 1592 224 354
24 1593 233 389
24 1594 220 352
24 1595 237 399
24 1596 370 709
24 1597 389 777
24 1598 365 703
24 1599 394 799
24 1600 193 262
24 1601 206 293
24 1602 189 260
24 1603 202 291
24 1604 322 520
24 1605 342 582
24 1606 317 516
24 1607 337 578
24 1608 249 372
24 1609 204 319
24 1610 253 382
24 1611 208 329
24 1612 413 740
24 1613 341 634
24 1614 418 760
24 1615 346 654
24 1616 198 277
24 1617 211 308
24 1618 200 285
24 1619 213 316
24 1620 330 550
24 1621 350 612
24 1622 333 566
24 1623 353 628
24 1624 244 369
24 1625 215 344
24 1626 242 369
24 1627 213 344
24 1628 405 734
24 1629 357 684
24 1630 402 734
24 1631 354 684
24 1632 198 287
24 1633 197 306
24 1634 194 285
24 1635 201 316
24 1636 330 570
24 1637 329 608
24 1638 325 566
24 1639 334 628
24 1640 216 339
24 1641 241 402
24 1642 212 337
24 1643 245 412
24 1644 358 674
24 1645 401 800
24 1646 353 670
24 1647 406 820
24 1648 203 302
24 1649 208 331
24 1650 205 310
24 1651 206 331
24 1652 338 600
24 1653 345 658
24 1654 341 616
24 1655 342 658
24 1656 221 354
24 1657 236 399
24 1658 223 362
24 1659 234 399
24 1660 366 704
24 1661 393 794
24 1662 369 720
24 1663 390 794
24 1664 192 260
24 1665 205 291
24 1666 196 270
24 1667 209 301
24 1668 321 519
24 1669 341 581
24 1670 326 541
24 1671 346 603
24 1672 250 372
24 1673 211 329
24 1674 246 370
24 1675 207 327
24 1676 414 745
24 1677 350 659
24 1678 409 739
24 1679 345 653
24 1680 197 275
24 1681 210 306
24 1682 195 275
24 1683 208 306
24 1684 329 549
24 1685 349 611
24 1686 326 551
24 1687 346 613
24 1688 245 369
24 1689 210 334
24 1690 247 377
24 1691 212 342
24 1692 406 739
24 1693 350 669
24 1694 409 753
24 1695 353 683
24 1696 197 285
24 1697 204 316
24 1698 201 295
24 1699 200 314
24 1700 329 569
24 1701 338 633
24 1702 334 591
24 1703 333 627
24 1704 215 337
24 1705 242 402
24 1706 219 347
24 1707 238 400
24 1708 357 673
24 1709 402 805
24 1710 362 695
24 1711 397 799
24 1712 202 300
24 1713 203 321
24 1714 200 300
24 1715 205 329
24 1716 337 599
24 1717 338 643
24 1718 334 601
24 1719 341 657
24 1720 220 352
24 1721 237 399
24 1722 218 352
24 1723 239 407
24 1724 365 703
24 1725 394 799
24 1726 362 705
24 1727 397 813
24 1728 195 270
24 1729 208 301
24 1730 193 270
24 1731 206 301
24 1732 325 536
24 1733 345 598
24 1734 322 536
24 1735 342 598
24 1736 247 372
24 1737 208 329
24 1738 249 380
24 1739 210 337
24 1740 410 740
24 1741 346 654
24 1742 413 756
24 1743 349 670
24 1744 194 275
24 1745 207 306
24 1746 198 285
24 1747 211 316
24 1748 325 546
24 1749 345 608
24 1750 330 566
24 1751 350 628
24 1752 248 379
24 1753 213 344
24 1754 244 377
24 1755 209 342
24 1756 410 754
24 1757 354 684
24 1758 405 750
24 1759 349 680
24 1760 200 295
24 1761 201 316
24 1762 198 295
24 1763 203 324
24 1764 333 586
24 1765 334 628
24 1766 330 586
24 1767 337 644
24 1768 218 347
24 1769 239 402
24 1770 216 347
24 1771 241 410
24 1772 361 690
24 1773 398 800
24 1774 358 690
24 1775 401 816
24 1776 199 300
24 1777 206 331
24 1778 203 310
24 1779 202 329
24 1780 333 596
24 1781 342 658
24 1782 338 616
24 1783 337 654
24 1784 217 352
24 1785 240 409
24 1786 221 362
24 1787 236 407
24 1788 361 700
24 1789 398 814
24 1790 366 720
24 1791 393 810
24 1792 204 294
24 1793 242 378
24 1794 206 302
24 1795 238 376
24 1796 342 589
24 1797 402 757
24 1798 345 603
24 1799 397 751
24 1800 198 310
24 1801 198 326
24 1802 200 318
24 1803 194 324
24 1804 330 621
24 1805 330 653
24 1806 333 635
24 1807 325 647
24 1808 215 319
24 1809 231 365
24 1810 211 317
24 1811 233 373
24 1812 358 639
24 1813 386 731
24 1814 353 633
24 1815 389 745
24 1816 209 335
24 1817 203 341
24 1818 205 333
24 1819 205 349
24 1820 346 671
24 1821 338 683
24 1822 341 665
24 1823 341 697
24 1824 250 392
24 1825 210 344
24 1826 246 390
24 1827 208 344
24 1828 414 785
24 1829 349 687
24 1830 409 779
24 1831 346 689
24 1832 198 330
24 1833 206 360
24 1834 202 340
24 1835 208 368
24 1836 329 659
24 1837 342 721
24 1838 334 681
24 1839 345 735
24 1840 239 379
24 1841 215 359
24 1842 241 387
24 1843 219 369
24 1844 398 759
24 1845 357 717
24 1846 401 773
24 1847 362 739
24 1848 209 355
24 1849 217 385
24 1850 207 355
24 1851 213 383
24 1852 345 709
24 1853 358 771
24 1854 342 711
24 1855 353 765
24 1856 207 304
24 1857 239 378
24 1858 203 302
24 1859 241 386
24 1860 346 604
24 1861 398 752
24 1862 341 600
24 1863 401 768
24 1864 201 320
24 1865 195 326
24 1866 197 318
24 1867 197 334
24 1868 334 636
24 1869 326 648
24 1870 329 632
24 1871 329 664
24 1872 212 319
24 1873 234 375
24 1874 214 327
24 1875 230 373
24 1876 354 634
24 1877 390 746
24 1878 357 650
24 1879 385 742
24 1880 206 335
24 1881 206 351
24 1882 208 343
24 1883 202 349
24 1884 342 666
24 1885 342 698
24 1886 345 682
24 1887 337 694
24 1888 247 392
24 1889 207 344
24 1890 249 400
24 1891 211 354
24 1892 410 780
24 1893 345 684
24 1894 413 796
24 1895 350 704
24 1896 201 340
24 1897 209 370
24 1898 199 340
24 1899 205 368
24 1900 333 676
24 1901 346 736
24 1902 330 676
24 1903 341 732
24 1904 242 389
24 1905 218 369
24 1906 238 387
24 1907 216 369
24 1908 402 774
24 1909 361 734
24 1910 397 770
24 1911 358 734
24 1912 206 355
24 1913 214 385
24 1914 210 365
24 1915 216 393
24 1916 341 706
24 1917 354 766
24 1918 346 726
24 1919 357 782
24 1920 206 302
24 1921 238 376
24 1922 210 312
24 1923 236 376
24 1924 345 603
24 1925 397 751
24 1926 350 625
24 1927 394 753
24 1928 200 318
24 1929 200 334
24 1930 204 328
24 1931 198 334
24 1932 333 635
24 1933 333 667
24 1934 338 657
24 1935 330 669
24 1936 211 317
24 1937 233 373
24 1938 209 317
24 1939 237 383
24 1940 353 633
24 1941 389 745
24 1942 350 635
24 1943 394 767
24 1944 205 333
24 1945 199 339
24 1946 203 333
24 1947 203 349
24 1948 341 665
24 1949 333 677
24 1950 338 667
24 1951 338 699
24 1952 246 390
24 1953 214 354
24 1954 244 390
24 1955 210 352
24 1956 409 779
24 1957 354 709
24 1958 406 781
24 1959 349 703
24 1960 202 340
24 1961 208 368
24 1962 204 348
24 1963 212 378
24 1964 334 681
24 1965 345 735
24 1966 337 695
24 1967 350 757
24 1968 241 387
24 1969 213 359
24 1970 245 397
24 1971 215 367
24 1972 401 773
24 1973 354 719
24 1974 406 795
24 1975 357 733
24 1976 207 355
24 1977 213 383
24 1978 203 353
24 1979 211 383
24 1980 342 711
24 1981 353 765
24 1982 337 705
24 1983 350 767
24 1984 209 312
24 1985 235 376
24 1986 207 312
24 1987 239 386
24 1988 349 620
24 1989 393 748
24 1990 346 620
24 1991 398 768
24 1992 203 328
24 1993 197 334
24 1994 201 328
24 1995 201 344
24 1996 337 652
24 1997 329 664
24 1998 334 652
24 1999 334 684
24 2000 208 317
24 2001 236 383
24 2002 212 327
24 2003 234 383
24 2004 349 630
24 2005 393 762
24 2006 354 650
24 2007 390 762
24 2008 202 333
24 2009 202 349
24 2010 206 343
24 2011 200 349
24 2012 337 662
24 2013 337 694
24 2014 342 682
24 2015 334 694
24 2016 243 390
24 2017 211 354
24 2018 247 400
24 2019 213 362
24 2020 405 776
24 2021 350 704
24 2022 410 796
24 2023 353 720
24 2024 205 350
24 2025 211 378
24 2026 201 348
24 2027 209 378
24 2028 338 696
24 2029 349 752
24 2030 333 692
24 2031 346 752
24 2032 244 397
24 2033 216 369
24 2034 242 397
24 2035 212 367
24 2036 405 790
24 2037 358 734
24 2038 402 790
24 2039 353 730
24 2040 204 355
24 2041 210 383
24 2042 206 363
24 2043 214 393
24 2044 338 706
24 2045 349 762
24 2046 341 722
24 2047 354 782
25 0 416 416
25 1 508 532
25 2 739 829
25 3 899 1061
25 4 608 656
25 5 708 812
25 6 1075 1309
25 7 1251 1621
25 8 544 576
25 9 452 508
25 10 963 1149
25 11 803 1013
25 12 744 856
25 13 644 780
25 14 1315 1709
25 15 1139 1557
25 16 536 568
25 17 608 680
25 18 947 1133
25 19 1075 1357
25 20 488 568
25 21 608 744
25 22 867 1133
25 23 1075 1485
25 24 672 768
25 25 600 720
25 26 1187 1533
25 27 1059 1437
25 28 616 760
25 29 552 704
25 30 1091 1517
25 31 979 1405
25 32 509 538
25 33 417 470
25 34 900 1066
25 35 740 930
25 36 709 818
25 37 609 742
25 38 1252 1626
25 39 1076 1474
25 40 453 514
25 41 545 630
25 42 804 1018
25 43 964 1250
25 44 645 786
25 45 745 942
25 46 1140 1562
25 47 1316 1874
25 48 609 686
25 49 537 638
25 50 1076 1362
25 51 948 1266
25 52 609 750
25 53 489 638
25 54 1076 1490
25 55 868 1266
25 56 601 726
25 57 673 838
25 58 1060 1442
25 59 1188 1666
25 60 553 710
25 61 617 830
25 62 980 1410
25 63 1092 1650
25 64 232 276
25 65 284 352
25 66 415 549
25 67 507 701
25 68 340 432
25 69 396 528
25 70 607 861
25 71 707 1053
25 72 304 380
25 73 252 328
25 74 543 757
25 75 451 653
25 76 416 556
25 77 360 500
25 78 743 1109
25 79 643 997
25 80 300 376
25 81 340 444
25 82 535 749
25 83 607 885
25 84 272 364
25 85 340 476
25 86 487 725
25 87 607 949
25 88 376 500
25 89 336 464
25 90 671 997
25 91 599 925
25 92 344 484
25 93 308 444
25 94 615 965
25 95 551 885
25 96 285 358
25 97 233 306
25 98 508 706
25 99 416 602
25 100 397 534
25 101 341 478
25 102 708 1058
25 103 608 946
25 104 253 334
25 105 305 410
25 106 452 658
25 107 544 810
25 108 361 506
25 109 417 602
25 110 644 1002
25 111 744 1194
25 112 341 450
25 113 301 414
25 114 608 890
25 115 536 818
25 116 341 482
25 117 273 402
25 118 608 954
25 119 488 794
25 120 337 470
25 121 377 538
25 122 600 930
25 123 672 1066
25 124 309 450
25 125 345 522
25 126 552 890
25 127 616 1034
25 128 232 276
25 129 284 352
25 130 415 549
25 131 507 701
25 132 340 432
25 133 396 528
25 134 607 861
25 135 707 1053
25 136 304 380
25 137 252 328
25 138 543 757
25 139 451 653
25 140 416 556
25 141 360 500
25 142 743 1109
25 143 643 997
25 144 300 376
25 145 340 444
25 146 535 749
25 147 607 885
25 148 272 364
25 149 340 476
25 150 487 725
25 151 607 949
25 152 376 500
25 153 336 464
25 154 671 997
25 155 599 925
25 156 344 484
25 157 308 444
25 158 615 965
25 159 551 885
25 160 285 358
25 161 233 306
25 162 508 706
25 163 416 602
25 164 397 534
25 165 341 478
25 166 708 1058
25 167 608 946
25 168 253 334
25 169 305 410
25 170 452 658
25 171 544 810
25 172 361 506
25 173 417 602
25 174 644 1002
25 175 744 1194
25 176 341 450
25 177 301 414
25 178 608 890
25 179 536 818
25 180 341 482
25 181 273 402
25 182 608 954
25 183 488 794
25 184 337 470
25 185 377 538
25 186 600 930
25 187 672 1066
25 188 309 450
25 189 345 522
25 190 552 890
25 191 616 1034
25 192 129 173
25 193 158 220
25 194 231 343
25 195 283 437
25 196 189 269
25 197 220 326
25 198 339 535
25 199 395 649
25 200 169 237
25 201 140 202
25 202 303 471
25 203 251 401
25 204 231 343
25 205 200 306
25 206 415 683
25 207 359 609
25 208 167 235
25 209 189 275
25 210 299 467
25 211 339 547
25 212 151 223
25 213 189 291
25 214 271 443
25 215 339 579
25 216 209 309
25 217 187 285
25 218 375 615
25 219 335 567
25 220 191 295
25 221 171 269
25 222 343 587
25 223 307 535
25 224 159 226
25 225 130 191
25 226 284 442
25 227 232 372
25 228 221 332
25 229 190 295
25 230 396 654
25 231 340 580
25 232 141 208
25 233 170 255
25 234 252 406
25 235 304 500
25 236 201 312
25 237 232 369
25 238 360 614
25 239 416 728
25 240 190 281
25 241 168 257
25 242 340 552
25 243 300 504
25 244 190 297
25 245 152 245
25 246 340 584
25 247 272 480
25 248 188 291
25 249 210 331
25 250 336 572
25 251 376 652
25 252 172 275
25 253 192 317
25 254 308 540
25 255 344 624
25 256 740 828
25 257 900 1060
25 258 1300 1655
25 259 1572 2119
25 260 1070 1302
25 261 1246 1614
25 262 1870 2605
25 263 2173 3227
25 264 964 1148
25 265 804 1012
25 266 1684 2295
25 267 1412 2023
25 268 1310 1702
25 269 1134 1550
25 270 2285 3403
25 271 1982 3101
25 272 942 1126
25 273 1070 1350
25 274 1646 2253
25 275 1869 2699
25 276 868 1132
25 277 1076 1484
25 278 1524 2263
25 279 1876 2967
25 280 1182 1526
25 281 1054 1430
25 282 2061 3051
25 283 1838 2861
25 284 1092 1516
25 285 980 1404
25 286 1908 3031
25 287 1716 2807
25 288 899 1064
25 289 739 928
25 290 1571 2118
25 291 1299 1846
25 292 1247 1616
25 293 1069 1462
25 294 2174 3228
25 295 1869 2920
25 296 803 1016
25 297 963 1248
25 298 1411 2022
25 299 1683 2486
25 300 1133 1550
25 301 1311 1864
25 302 1981 3096
25 303 2286 3724
25 304 1071 1352
25 305 941 1254
25 306 1870 2700
25 307 1645 2504
25 308 1075 1488
25 309 867 1264
25 310 1875 2966
25 311 1523 2518
25 312 1053 1430
25 313 1183 1656
25 314 1837 2856
25 315 2062 3308
25 316 979 1408
25 317 1091 1648
25 318 1715 2806
25 319 1907 3286
25 320 416 548
25 321 508 700
25 322 739 1093
25 323 899 1397
25 324 608 860
25 325 708 1052
25 326 1075 1717
25 327 1251 2101
25 328 544 756
25 329 452 652
25 330 963 1509
25 331 803 1301
25 332 744 1108
25 333 644 996
25 334 1315 2213
25 335 1139 1989
25 336 536 748
25 337 608 884
25 338 947 1493
25 339 1075 1765
25 340 488 724
25 341 608 948
25 342 867 1445
25 343 1075 1893
25 344 672 996
25 345 600 924
25 346 1187 1989
25 347 1059 1845
25 348 616 964
25 349 552 884
25 350 1091 1925
25 351 979 1765
25 352 509 706
25 353 417 602
25 354 900 1402
25 355 740 1194
25 356 709 1058
25 357 609 946
25 358 1252 2106
25 359 1076 1882
25 360 453 658
25 361 545 810
25 362 804 1306
25 363 964 1610
25 364 645 1002
25 365 745 1194
25 366 1140 1994
25 367 1316 2378
25 368 609 890
25 369 537 818
25 370 1076 1770
25 371 948 1626
25 372 609 954
25 373 489 794
25 374 1076 1898
25 375 868 1578
25 376 601 930
25 377 673 1066
25 378 1060 1850
25 379 1188 2122
25 380 553 890
25 381 617 1034
25 382 980 1770
25 383 1092 2058
25 384 416 548
25 385 508 700
25 386 739 1093
25 387 899 1397
25 388 608 860
25 389 708 1052
25 390 1075 1717
25 391 1251 2101
25 392 544 756
25 393 452 652
25 394 963 1509
25 395 803 1301
25 396 744 1108
25 397 644 996
25 398 1315 2213
25 399 1139 1989
25 400 536 748
25 401 608 884
25 402 947 1493
25 403 1075 1765
25 404 488 724
25 405 608 948
25 406 867 1445
25 407 1075 1893
25 408 672 996
25 409 600 924
25 410 1187 1989
25 411 1059 1845
25 412 616 964
25 413 552 884
25 414 1091 1925
25 415 979 1765
25 416 509 706
25 417 417 602
25 418 900 1402
25 419 740 1194
25 420 709 1058
25 421 609 946
25 422 1252 2106
25 423 1076 1882
25 424 453 658
25 425 545 810
25 426 804 1306
25 427 964 1610
25 428 645 1002
25 429 745 1194
25 430 1140 1994
25 431 1316 2378
25 432 609 890
25 433 537 818
25 434 1076 1770
25 435 948 1626
25 436 609 954
25 437 489 794
25 438 1076 1898
25 439 868 1578
25 440 601 930
25 441 673 1066
25 442 1060 1850
25 443 1188 2122
25 444 553 890
25 445 617 1034
25 446 980 1770
25 447 1092 2058
25 448 232 342
25 449 284 436
25 450 415 681
25 451 507 869
25 452 340 534
25 453 396 648
25 454 607 1065
25 455 707 1293
25 456 304 470
25 457 252 400
25 458 543 937
25 459 451 797
25 460 416 682
25 461 360 608
25 462 743 1361
25 463 643 1213
25 464 300 466
25 465 340 546
25 466 535 929
25 467 607 1089
25 468 272 442
25 469 340 578
25 470 487 881
25 471 607 1153
25 472 376 614
25 473 336 566
25 474 671 1225
25 475 599 1129
25 476 344 586
25 477 308 534
25 478 615 1169
25 479 551 1065
25 480 285 442
25 481 233 372
25 482 508 874
25 483 416 734
25 484 397 654
25 485 341 580
25 486 708 1298
25 487 608 1150
25 488 253 406
25 489 305 500
25 490 452 802
25 491 544 990
25 492 361 614
25 493 417 728
25 494 644 1218
25 495 744 1446
25 496 341 552
25 497 301 504
25 498 608 1094
25 499 536 998
25 500 341 584
25 501 273 480
25 502 608 1158
25 503 488 950
25 504 337 572
25 505 377 652
25 506 600 1134
25 507 672 1294
25 508 309 540
25 509 345 624
25 510 552 1070
25 511 616 1238
25 512 272 304
25 513 336 392
25 514 483 605
25 515 595 781
25 516 380 460
25 517 472 600
25 518 675 917
25 519 835 1197
25 520 344 408
25 521 336 408
25 522 611 813
25 523 595 813
25 524 480 616
25 525 444 580
25 526 851 1229
25 527 787 1157
25 528 364 428
25 529 408 512
25 530 643 853
25 531 723 1021
25 532 400 496
25 533 472 632
25 534 707 989
25 535 835 1261
25 536 464 584
25 537 436 580
25 538 819 1165
25 539 771 1157
25 540 472 616
25 541 472 648
25 542 835 1229
25 543 835 1293
25 544 337 398
25 545 273 342
25 546 596 786
25 547 484 674
25 548 473 606
25 549 381 514
25 550 836 1202
25 551 676 1018
25 552 337 414
25 553 345 446
25 554 596 818
25 555 612 882
25 556 445 586
25 557 481 670
25 558 788 1162
25 559 852 1330
25 560 409 518
25 561 365 482
25 562 724 1026
25 563 644 954
25 564 473 638
25 565 401 566
25 566 836 1266
25 567 708 1122
25 568 437 586
25 569 465 638
25 570 772 1162
25 571 820 1266
25 572 473 654
25 573 473 686
25 574 836 1298
25 575 836 1362
25 576 152 196
25 577 188 252
25 578 271 389
25 579 335 501
25 580 212 292
25 581 264 380
25 582 379 581
25 583 471 757
25 584 192 260
25 585 188 260
25 586 343 517
25 587 335 517
25 588 268 388
25 589 248 364
25 590 479 773
25 591 443 725
25 592 204 276
25 593 228 324
25 594 363 549
25 595 407 645
25 596 224 316
25 597 264 396
25 598 399 629
25 599 471 789
25 600 260 372
25 601 244 364
25 602 463 741
25 603 435 725
25 604 264 388
25 605 264 404
25 606 471 773
25 607 471 805
25 608 189 258
25 609 153 218
25 610 336 506
25 611 272 426
25 612 265 386
25 613 213 322
25 614 472 762
25 615 380 634
25 616 189 266
25 617 193 282
25 618 336 522
25 619 344 554
25 620 249 370
25 621 269 418
25 622 444 730
25 623 480 826
25 624 229 330
25 625 205 306
25 626 408 650
25 627 364 602
25 628 265 402
25 629 225 354
25 630 472 794
25 631 400 698
25 632 245 370
25 633 261 402
25 634 436 730
25 635 464 794
25 636 265 410
25 637 265 426
25 638 472 810
25 639 472 842
25 640 152 196
25 641 188 252
25 642 271 389
25 643 335 501
25 644 212 292
25 645 264 380
25 646 379 581
25 647 471 757
25 648 192 260
25 649 188 260
25 650 343 517
25 651 335 517
25 652 268 388
25 653 248 364
25 654 479 773
25 655 443 725
25 656 204 276
25 657 228 324
25 658 363 549
25 659 407 645
25 660 224 316
25 661 264 396
25 662 399 629
25 663 471 789
25 664 260 372
25 665 244 364
25 666 463 741
25 667 435 725
25 668 264 388
25 669 264 404
25 670 471 773
25 671 471 805
25 672 189 258
25 673 153 218
25 674 336 506
25 675 272 426
25 676 265 386
25 677 213 322
25 678 472 762
25 679 380 634
25 680 189 266
25 681 193 282
25 682 336 522
25 683 344 554
25 684 249 370
25 685 269 418
25 686 444 730
25 687 480 826
25 688 229 330
25 689 205 306
25 690 408 650
25 691 364 602
25 692 265 402
25 693 225 354
25 694 472 794
25 695 400 698
25 696 245 370
25 697 261 402
25 698 436 730
25 699 464 794
25 700 265 410
25 701 265 426
25 702 472 810
25 703 472 842
25 704 85 121
25 705 105 155
25 706 151 239
25 707 187 307
25 708 118 178
25 709 147 231
25 710 211 353
25 711 263 459
25 712 107 159
25 713 105 159
25 714 191 315
25 715 187 315
25 716 149 235
25 717 138 220
25 718 267 467
25 719 247 437
25 720 114 170
25 721 127 197
25 722 203 337
25 723 227 391
25 724 125 193
25 725 147 239
25 726 223 383
25 727 263 475
25 728 145 227
25 729 136 220
25 730 259 451
25 731 243 437
25 732 147 235
25 733 147 243
25 734 263 467
25 735 263 483
25 736 106 161
25 737 86 135
25 738 188 312
25 739 152 260
25 740 148 237
25 741 119 196
25 742 264 464
25 743 212 382
25 744 106 165
25 745 108 173
25 746 188 320
25 747 192 336
25 748 139 226
25 749 150 253
25 750 248 442
25 751 268 496
25 752 128 203
25 753 115 188
25 754 228 396
25 755 204 366
25 756 148 245
25 757 126 215
25 758 264 480
25 759 224 420
25 760 137 226
25 761 146 245
25 762 244 442
25 763 260 480
25 764 148 249
25 765 148 257
25 766 264 488
25 767 264 504
25 768 484 604
25 769 596 780
25 770 852 1207
25 771 1044 1559
25 772 676 916
25 773 836 1196
25 774 1188 1831
25 775 1460 2391
25 776 612 812
25 777 596 812
25 778 1076 1623
25 779 1044 1623
25 780 852 1228
25 781 788 1156
25 782 1492 2455
25 783 1380 2311
25 784 638 846
25 785 718 1014
25 786 1118 1693
25 787 1261 2027
25 788 702 982
25 789 830 1254
25 790 1230 1965
25 791 1453 2507
25 792 814 1158
25 793 766 1150
25 794 1422 2317
25 795 1341 2299
25 796 830 1222
25 797 830 1286
25 798 1454 2445
25 799 1453 2571
25 800 595 784
25 801 483 672
25 802 1043 1558
25 803 851 1334
25 804 835 1200
25 805 675 1016
25 806 1459 2390
25 807 1187 2022
25 808 595 816
25 809 611 880
25 810 1043 1622
25 811 1075 1750
25 812 787 1160
25 813 851 1328
25 814 1379 2310
25 815 1491 2646
25 816 719 1016
25 817 637 942
25 818 1262 2028
25 819 1117 1880
25 820 831 1256
25 821 701 1110
25 822 1454 2508
25 823 1229 2216
25 824 767 1152
25 825 813 1254
25 826 1342 2300
25 827 1421 2504
25 828 831 1288
25 829 829 1350
25 830 1454 2572
25 831 1453 2696
25 832 272 388
25 833 336 500
25 834 483 773
25 835 595 997
25 836 380 580
25 837 472 756
25 838 675 1157
25 839 835 1509
25 840 344 516
25 841 336 516
25 842 611 1029
25 843 595 1029
25 844 480 772
25 845 444 724
25 846 851 1541
25 847 787 1445
25 848 364 548
25 849 408 644
25 850 643 1093
25 851 723 1285
25 852 400 628
25 853 472 788
25 854 707 1253
25 855 835 1573
25 856 464 740
25 857 436 724
25 858 819 1477
25 859 771 1445
25 860 472 772
25 861 472 804
25 862 835 1541
25 863 835 1605
25 864 337 506
25 865 273 426
25 866 596 1002
25 867 484 842
25 868 473 762
25 869 381 634
25 870 836 1514
25 871 676 1258
25 872 337 522
25 873 345 554
25 874 596 1034
25 875 612 1098
25 876 445 730
25 877 481 826
25 878 788 1450
25 879 852 1642
25 880 409 650
25 881 365 602
25 882 724 1290
25 883 644 1194
25 884 473 794
25 885 401 698
25 886 836 1578
25 887 708 1386
25 888 437 730
25 889 465 794
25 890 772 1450
25 891 820 1578
25 892 473 810
25 893 473 842
25 894 836 1610
25 895 836 1674
25 896 272 388
25 897 336 500
25 898 483 773
25 899 595 997
25 900 380 580
25 901 472 756
25 902 675 1157
25 903 835 1509
25 904 344 516
25 905 336 516
25 906 611 1029
25 907 595 1029
25 908 480 772
25 909 444 724
25 910 851 1541
25 911 787 1445
25 912 364 548
25 913 408 644
25 914 643 1093
25 915 723 1285
25 916 400 628
25 917 472 788
25 918 707 1253
25 919 835 1573
25 920 464 740
25 921 436 724
25 922 819 1477
25 923 771 1445
25 924 472 772
25 925 472 804
25 926 835 1541
25 927 835 1605
25 928 337 506
25 929 273 426
25 930 596 1002
25 931 484 842
25 932 473 762
25 933 381 634
25 934 836 1514
25 935 676 1258
25 936 337 522
25 937 345 554
25 938 596 1034
25 939 612 1098
25 940 445 730
25 941 481 826
25 942 788 1450
25 943 852 1642
25 944 409 650
25 945 365 602
25 946 724 1290
25 947 644 1194
25 948 473 794
25 949 401 698
25 950 836 1578
25 951 708 1386
25 952 437 730
25 953 465 794
25 954 772 1450
25 955 820 1578
25 956 473 810
25 957 473 842
25 958 836 1610
25 959 836 1674
25 960 152 238
25 961 188 306
25 962 271 473
25 963 335 609
25 964 212 352
25 965 264 458
25 966 379 701
25 967 471 913
25 968 192 314
25 969 188 314
25 970 343 625
25 971 335 625
25 972 268 466
25 973 248 436
25 974 479 929
25 975 443 869
25 976 204 336
25 977 228 390
25 978 363 669
25 979 407 777
25 980 224 382
25 981 264 474
25 982 399 761
25 983 471 945
25 984 260 450
25 985 244 436
25 986 463 897
25 987 435 869
25 988 264 466
25 989 264 482
25 990 471 929
25 991 471 961
25 992 189 312
25 993 153 260
25 994 336 614
25 995 272 510
25 996 265 464
25 997 213 382
25 998 472 918
25 999 380 754
25 1000 189 320
25 1001 193 336
25 1002 336 630
25 1003 344 662
25 1004 249 442
25 1005 269 496
25 1006 444 874
25 1007 480 982
25 1008 229 396
25 1009 205 366
25 1010 408 782
25 1011 364 722
25 1012 265 480
25 1013 225 420
25 1014 472 950
25 1015 400 830
25 1016 245 442
25 1017 261 480
25 1018 436 874
25 1019 464 950
25 1020 265 488
25 1021 265 504
25 1022 472 966
25 1023 472 998
26 0 60 60
26 1 64 68
26 2 35 45
26 3 38 52
26 4 92 108
26 5 97 126
26 6 55 81
26 7 59 95
26 8 68 72
26 9 72 80
26 10 40 54
26 11 43 61
26 12 100 120
26 13 105 138
26 14 60 90
26 15 64 104
26 16 68 72
26 17 72 80
26 18 40 54
26 19 43 61
26 20 104 132
26 21 109 150
26 22 63 99
26 23 67 113
26 24 76 84
26 25 80 92
26 26 45 63
26 27 48 70
26 28 112 144
26 29 117 162
26 30 68 108
26 31 72 122
26 32 80 88
26 33 84 96
26 34 47 65
26 35 50 72
26 36 124 164
26 37 129 182
26 38 75 121
26 39 79 135
26 40 88 100
26 41 92 108
26 42 52 74
26 43 55 81
26 44 116 160
26 45 121 178
26 46 70 116
26 47 74 130
26 48 88 100
26 49 92 108
26 50 52 74
26 51 55 81
26 52 136 188
26 53 141 206
26 54 83 139
26 55 87 153
26 56 96 112
26 57 100 120
26 58 57 83
26 59 60 90
26 60 128 184
26 61 133 202
26 62 78 134
26 63 82 148
26 64 64 76
26 65 68 84
26 66 38 56
26 67 41 63
26 68 92 128
26 69 97 146
26 70 56 94
26 71 60 108
26 72 76 100
26 73 80 108
26 74 46 74
26 75 49 81
26 76 104 152
26 77 109 170
26 78 64 112
26 79 68 126
26 80 76 100
26 81 72 100
26 82 46 74
26 83 43 71
26 84 109 178
26 85 104 176
26 86 68 130
26 87 64 124
26 88 88 124
26 89 84 124
26 90 54 92
26 91 51 89
26 92 121 202
26 93 116 200
26 94 76 148
26 95 72 142
26 96 76 96
26 97 80 104
26 98 45 69
26 99 48 76
26 100 112 168
26 101 117 186
26 102 68 120
26 103 72 134
26 104 88 120
26 105 92 128
26 106 53 87
26 107 56 94
26 108 108 168
26 109 113 186
26 110 66 120
26 111 70 134
26 112 88 120
26 113 84 120
26 114 53 87
26 115 50 84
26 116 129 218
26 117 124 216
26 118 80 156
26 119 76 150
26 120 100 144
26 121 96 144
26 122 61 105
26 123 58 102
26 124 125 218
26 125 120 216
26 126 78 156
26 127 74 150
26 128 88 100
26 129 92 108
26 130 52 74
26 131 55 81
26 132 132 176
26 133 137 194
26 134 80 130
26 135 84 144
26 136 100 124
26 137 104 132
26 138 60 92
26 139 63 99
26 140 144 200
26 141 149 218
26 142 88 148
26 143 92 162
26 144 96 112
26 145 100 120
26 146 57 83
26 147 60 90
26 148 144 200
26 149 149 218
26 150 88 148
26 151 92 162
26 152 108 136
26 153 112 144
26 154 65 101
26 155 68 108
26 156 148 216
26 157 153 234
26 158 90 156
26 159 94 170
26 160 120 156
26 161 116 156
26 162 72 114
26 163 69 111
26 164 181 290
26 165 176 288
26 166 112 210
26 167 108 204
26 168 132 180
26 169 128 180
26 170 80 132
26 171 77 129
26 172 169 282
26 173 164 280
26 174 104 200
26 175 100 194
26 176 112 152
26 177 108 152
26 178 67 109
26 179 64 106
26 180 169 282
26 181 164 280
26 182 104 200
26 183 100 194
26 184 124 176
26 185 120 176
26 186 75 127
26 187 72 124
26 188 165 282
26 189 160 280
26 190 102 200
26 191 98 194
26 192 88 120
26 193 92 128
26 194 53 87
26 195 56 94
26 196 124 192
26 197 129 210
26 198 76 138
26 199 80 152
26 200 105 170
26 201 109 178
26 202 65 123
26 203 68 130
26 204 141 242
26 205 144 256
26 206 88 174
26 207 90 182
26 208 100 144
26 209 96 144
26 210 61 105
26 211 58 102
26 212 141 242
26 213 136 240
26 214 88 174
26 215 84 168
26 216 117 194
26 217 113 194
26 218 73 141
26 219 70 138
26 220 148 272
26 221 145 274
26 222 92 190
26 223 90 190
26 224 108 160
26 225 112 168
26 226 65 113
26 227 68 120
26 228 156 272
26 229 161 290
26 230 96 190
26 231 100 204
26 232 125 210
26 233 129 218
26 234 77 149
26 235 80 156
26 236 149 274
26 237 152 288
26 238 92 190
26 239 94 198
26 240 104 160
26 241 100 160
26 242 63 113
26 243 60 110
26 244 149 274
26 245 144 272
26 246 92 190
26 247 88 184
26 248 121 210
26 249 117 210
26 250 75 149
26 251 72 146
26 252 148 288
26 253 145 290
26 254 92 198
26 255 90 198
27 0 12 12
27 1 7 9
27 2 20 24
27 3 12 18
27 4 20 24
27 5 12 18
27 6 32 48
27 7 20 36
27 8 20 24
27 9 12 18
27 10 32 48
27 11 20 36
27 12 32 48
27 13 20 36
27 14 49 98
27 15 32 72
28 0 84 84
28 1 85 90
28 2 88 92
28 3 89 98
28 4 52 72
28 5 53 77
28 6 55 79
28 7 56 84
28 8 116 132
28 9 117 138
28 10 121 150
28 11 120 152
28 12 72 108
28 13 73 113
28 14 76 122
28 15 75 121
28 16 92 96
28 17 93 102
28 18 96 104
28 19 97 110
28 20 57 81
28 21 58 86
28 22 60 88
28 23 61 93
28 24 124 144
28 25 125 150
28 26 129 162
28 27 128 164
28 28 77 117
28 29 78 122
28 30 81 131
28 31 80 130
28 32 92 96
28 33 93 102
28 34 96 104
28 35 97 110
28 36 57 81
28 37 58 86
28 38 60 88
28 39 61 93
28 40 120 148
28 41 121 154
28 42 125 166
28 43 124 168
28 44 74 116
28 45 75 121
28 46 78 130
28 47 77 129
28 48 100 108
28 49 101 114
28 50 104 116
28 51 105 122
28 52 62 90
28 53 63 95
28 54 65 97
28 55 66 102
28 56 128 160
28 57 129 166
28 58 133 178
28 59 132 180
28 60 79 125
28 61 80 130
28 62 83 139
28 63 82 138
28 64 85 90
28 65 84 92
28 66 89 98
28 67 88 100
28 68 53 77
28 69 52 76
28 70 56 84
28 71 55 83
28 72 117 138
28 73 116 140
28 74 120 152
28 75 121 158
28 76 73 113
28 77 72 112
28 78 75 121
28 79 76 126
28 80 93 102
28 81 92 104
28 82 97 110
28 83 96 112
28 84 58 86
28 85 57 85
28 86 61 93
28 87 60 92
28 88 125 150
28 89 124 152
28 90 128 164
28 91 129 170
28 92 78 122
28 93 77 121
28 94 80 130
28 95 81 135
28 96 93 102
28 97 92 104
28 98 97 110
28 99 96 112
28 100 58 86
28 101 57 85
28 102 61 93
28 103 60 92
28 104 121 154
28 105 120 156
28 106 124 168
28 107 125 174
28 108 75 121
28 109 74 120
28 110 77 129
28 111 78 134
28 112 101 114
28 113 100 116
28 114 105 122
28 115 104 124
28 116 63 95
28 117 62 94
28 118 66 102
28 119 65 101
28 120 129 166
28 121 128 168
28 122 132 180
28 123 133 186
28 124 80 130
28 125 79 129
28 126 82 138
28 127 83 143
28 128 101 118
28 129 100 120
28 130 105 126
28 131 104 128
28 132 62 94
28 133 61 93
28 134 65 101
28 135 64 100
28 136 145 194
28 137 144 196
28 138 148 208
28 139 149 214
28 140 90 150
28 141 89 149
28 142 92 158
28 143 93 163
28 144 109 130
28 145 108 132
28 146 113 138
28 147 112 140
28 148 67 103
28 149 66 102
28 150 70 110
28 151 69 109
28 152 137 190
28 153 136 192
28 154 140 204
28 155 141 210
28 156 85 145
28 157 84 144
28 158 87 153
28 159 88 158
28 160 109 130
28 161 108 132
28 162 113 138
28 163 112 140
28 164 67 103
28 165 66 102
28 166 70 110
28 167 69 109
28 168 157 218
28 169 156 220
28 170 160 232
28 171 161 238
28 172 98 168
28 173 97 167
28 174 100 176
28 175 101 181
28 176 117 142
28 177 116 144
28 178 121 150
28 179 120 152
28 180 72 112
28 181 71 111
28 182 75 119
28 183 74 118
28 184 149 214
28 185 148 216
28 186 152 228
28 187 153 234
28 188 93 163
28 189 92 162
28 190 95 171
28 191 96 176
28 192 100 120
28 193 101 126
28 194 104 128
28 195 105 134
28 196 61 93
28 197 62 98
28 198 64 100
28 199 65 105
28 200 144 196
28 201 145 202
28 202 149 214
28 203 148 216
28 204 89 149
28 205 90 154
28 206 93 163
28 207 92 162
28 208 108 132
28 209 109 138
28 210 112 140
28 211 113 146
28 212 66 102
28 213 67 107
28 214 69 109
28 215 70 114
28 216 136 192
28 217 137 198
28 218 141 210
28 219 140 212
28 220 84 144
28 221 85 149
28 222 88 158
28 223 87 157
28 224 108 132
28 225 109 138
28 226 112 140
28 227 113 146
28 228 66 102
28 229 67 107
28 230 69 109
28 231 70 114
28 232 156 220
28 233 157 226
28 234 161 238
28 235 160 240
28 236 97 167
28 237 98 172
28 238 101 181
28 239 100 180
28 240 116 144
28 241 117 150
28 242 120 152
28 243 121 158
28 244 71 111
28 245 72 116
28 246 74 118
28 247 75 123
28 248 148 216
28 249 149 222
28 250 153 234
28 251 152 236
28 252 92 162
28 253 93 167
28 254 96 176
28 255 95 175
28 256 85 106
28 257 84 108
28 258 89 114
28 259 88 116
28 260 53 85
28 261 52 84
28 262 56 92
28 263 55 91
28 264 113 158
28 265 112 160
28 266 116 172
28 267 117 178
28 268 71 123
28 269 70 122
28 270 73 131
28 271 74 136
28 272 97 130
28 273 96 132
28 274 101 138
28 275 100 140
28 276 61 103
28 277 60 102
28 278 64 110
28 279 63 109
28 280 125 182
28 281 124 184
28 282 128 196
28 283 129 202
28 284 79 141
28 285 78 140
28 286 81 149
28 287 82 154
28 288 97 130
28 289 96 132
28 290 93 130
28 291 92 132
28 292 61 103
28 293 60 102
28 294 58 100
28 295 57 99
28 296 120 188
28 297 121 194
28 298 117 190
28 299 116 192
28 300 75 139
28 301 76 144
28 302 73 139
28 303 72 138
28 304 109 154
28 305 108 156
28 306 105 154
28 307 104 156
28 308 69 121
28 309 68 120
28 310 66 118
28 311 65 117
28 312 132 212
28 313 133 218
28 314 129 214
28 315 128 216
28 316 83 157
28 317 84 162
28 318 81 157
28 319 80 156
28 320 84 108
28 321 85 114
28 322 88 116
28 323 89 122
28 324 52 84
28 325 53 89
28 326 55 91
28 327 56 96
28 328 112 160
28 329 113 166
28 330 117 178
28 331 116 180
28 332 70 122
28 333 71 127
28 334 74 136
28 335 73 135
28 336 96 132
28 337 97 138
28 338 100 140
28 339 101 146
28 340 60 102
28 341 61 107
28 342 63 109
28 343 64 114
28 344 124 184
28 345 125 190
28 346 129 202
28 347 128 204
28 348 78 140
28 349 79 145
28 350 82 154
28 351 81 153
28 352 96 132
28 353 97 138
28 354 92 132
28 355 93 138
28 356 60 102
28 357 61 107
28 358 57 99
28 359 58 104
28 360 121 194
28 361 120 196
28 362 116 192
28 363 117 198
28 364 76 144
28 365 75 143
28 366 72 138
28 367 73 143
28 368 108 156
28 369 109 162
28 370 104 156
28 371 105 162
28 372 68 120
28 373 69 125
28 374 65 117
28 375 66 122
28 376 133 218
28 377 132 220
28 378 128 216
28 379 129 222
28 380 84 162
28 381 83 161
28 382 80 156
28 383 81 161
28 384 93 122
28 385 92 124
28 386 97 130
28 387 96 132
28 388 57 93
28 389 56 92
28 390 60 100
28 391 59 99
28 392 129 194
28 393 128 196
28 394 132 208
28 395 133 214
28 396 80 144
28 397 79 143
28 398 82 152
28 399 83 157
28 400 105 146
28 401 104 148
28 402 109 154
28 403 108 156
28 404 65 111
28 405 64 110
28 406 68 118
28 407 67 117
28 408 125 194
28 409 124 196
28 410 128 208
28 411 129 214
28 412 78 144
28 413 77 143
28 414 80 152
28 415 81 157
28 416 105 146
28 417 104 148
28 418 101 146
28 419 100 148
28 420 65 111
28 421 64 110
28 422 62 108
28 423 61 107
28 424 144 240
28 425 145 246
28 426 141 242
28 427 140 244
28 428 90 174
28 429 91 179
28 430 88 174
28 431 87 173
28 432 117 170
28 433 116 172
28 434 113 170
28 435 112 172
28 436 73 129
28 437 72 128
28 438 70 126
28 439 69 125
28 440 140 240
28 441 141 246
28 442 137 242
28 443 136 244
28 444 88 174
28 445 89 179
28 446 86 174
28 447 85 173
28 448 92 124
28 449 93 130
28 450 96 132
28 451 97 138
28 452 56 92
28 453 57 97
28 454 59 99
28 455 60 104
28 456 128 196
28 457 129 202
28 458 133 214
28 459 132 216
28 460 79 143
28 461 80 148
28 462 83 157
28 463 82 156
28 464 104 148
28 465 105 154
28 466 108 156
28 467 109 162
28 468 64 110
28 469 65 115
28 470 67 117
28 471 68 122
28 472 124 196
28 473 125 202
28 474 129 214
28 475 128 216
28 476 77 143
28 477 78 148
28 478 81 157
28 479 80 156
28 480 104 148
28 481 105 154
28 482 100 148
28 483 101 154
28 484 64 110
28 485 65 115
28 486 61 107
28 487 62 112
28 488 145 246
28 489 144 248
28 490 140 244
28 491 141 250
28 492 91 179
28 493 90 178
28 494 87 173
28 495 88 178
28 496 116 172
28 497 117 178
28 498 112 172
28 499 113 178
28 500 72 128
28 501 73 133
28 502 69 125
28 503 70 130
28 504 141 246
28 505 140 248
28 506 136 244
28 507 137 250
28 508 89 179
28 509 88 178
28 510 85 173
28 511 86 178
28 512 112 124
28 513 113 130
28 514 116 132
28 515 117 138
28 516 69 101
28 517 70 106
28 518 72 108
28 519 73 113
28 520 132 176
28 521 133 182
28 522 137 194
28 523 136 196
28 524 81 133
28 525 82 138
28 526 85 147
28 527 84 146
28 528 116 140
28 529 117 146
28 530 120 148
28 531 121 154
28 532 71 109
28 533 72 114
28 534 74 116
28 535 75 121
28 536 136 192
28 537 137 198
28 538 141 210
28 539 140 212
28 540 83 141
28 541 84 146
28 542 87 155
28 543 86 154
28 544 120 136
28 545 121 142
28 546 124 144
28 547 125 150
28 548 74 110
28 549 75 115
28 550 77 117
28 551 78 122
28 552 136 192
28 553 137 198
28 554 141 210
28 555 140 212
28 556 83 141
28 557 84 146
28 558 87 155
28 559 86 154
28 560 124 152
28 561 125 158
28 562 128 160
28 563 129 166
28 564 76 118
28 565 77 123
28 566 79 125
28 567 80 130
28 568 148 216
28 569 149 222
28 570 153 234
28 571 152 236
28 572 91 159
28 573 92 164
28 574 95 173
28 575 94 172
28 576 113 130
28 577 112 132
28 578 117 138
28 579 116 140
28 580 70 106
28 581 69 105
28 582 73 113
28 583 72 112
28 584 133 182
28 585 132 184
28 586 136 196
28 587 137 202
28 588 82 138
28 589 81 137
28 590 84 146
28 591 85 151
28 592 117 146
28 593 116 148
28 594 121 154
28 595 120 156
28 596 72 114
28 597 71 113
28 598 75 121
28 599 74 120
28 600 137 198
28 601 136 200
28 602 140 212
28 603 141 218
28 604 84 146
28 605 83 145
28 606 86 154
28 607 87 159
28 608 121 142
28 609 120 144
28 610 125 150
28 611 124 152
28 612 75 115
28 613 74 114
28 614 78 122
28 615 77 121
28 616 137 198
28 617 136 200
28 618 140 212
28 619 141 218
28 620 84 146
28 621 83 145
28 622 86 154
28 623 87 159
28 624 125 158
28 625 124 160
28 626 129 166
28 627 128 168
28 628 77 123
28 629 76 122
28 630 80 130
28 631 79 129
28 632 149 222
28 633 148 224
28 634 152 236
28 635 153 242
28 636 92 164
28 637 91 163
28 638 94 172
28 639 95 177
28 640 141 186
28 641 140 188
28 642 137 186
28 643 136 188
28 644 87 143
28 645 86 142
28 646 84 140
28 647 83 139
28 648 176 276
28 649 177 282
28 650 173 278
28 651 172 280
28 652 109 201
28 653 110 206
28 654 107 201
28 655 106 200
28 656 153 210
28 657 152 212
28 658 149 210
28 659 148 212
28 660 95 161
28 661 94 160
28 662 92 158
28 663 91 157
28 664 164 268
28 665 165 274
28 666 161 270
28 667 160 272
28 668 101 191
28 669 102 196
28 670 99 191
28 671 98 190
28 672 133 182
28 673 132 184
28 674 129 182
28 675 128 184
28 676 82 138
28 677 81 137
28 678 79 135
28 679 78 134
28 680 164 268
28 681 165 274
28 682 161 270
28 683 160 272
28 684 101 191
28 685 102 196
28 686 99 191
28 687 98 190
28 688 145 206
28 689 144 208
28 690 141 206
28 691 140 208
28 692 90 156
28 693 89 155
28 694 87 153
28 695 86 152
28 696 160 268
28 697 161 274
28 698 157 270
28 699 156 272
28 700 99 191
28 701 100 196
28 702 97 191
28 703 96 190
28 704 140 188
28 705 141 194
28 706 136 188
28 707 137 194
28 708 86 142
28 709 87 147
28 710 83 139
28 711 84 144
28 712 177 282
28 713 176 284
28 714 172 280
28 715 173 286
28 716 110 206
28 717 109 205
28 718 106 200
28 719 107 205
28 720 152 212
28 721 153 218
28 722 148 212
28 723 149 218
28 724 94 160
28 725 95 165
28 726 91 157
28 727 92 162
28 728 165 274
28 729 164 276
28 730 160 272
28 731 161 278
28 732 102 196
28 733 101 195
28 734 98 190
28 735 99 195
28 736 132 184
28 737 133 190
28 738 128 184
28 739 129 190
28 740 81 137
28 741 82 142
28 742 78 134
28 743 79 139
28 744 165 274
28 745 164 276
28 746 160 272
28 747 161 278
28 748 102 196
28 749 101 195
28 750 98 190
28 751 99 195
28 752 144 208
28 753 145 214
28 754 140 208
28 755 141 214
28 756 89 155
28 757 90 160
28 758 86 152
28 759 87 157
28 760 161 274
28 761 160 276
28 762 156 272
28 763 157 278
28 764 100 196
28 765 99 195
28 766 96 190
28 767 97 195
28 768 109 150
28 769 108 152
28 770 113 158
28 771 112 160
28 772 68 116
28 773 67 115
28 774 71 123
28 775 70 122
28 776 129 198
28 777 128 200
28 778 132 212
28 779 133 218
28 780 81 149
28 781 80 148
28 782 83 157
28 783 84 162
28 784 116 180
28 785 117 186
28 786 120 188
28 787 121 194
28 788 72 132
28 789 73 137
28 790 75 139
28 791 76 144
28 792 136 228
28 793 137 234
28 794 141 246
28 795 140 248
28 796 85 165
28 797 86 170
28 798 89 179
28 799 88 178
28 800 121 174
28 801 120 176
28 802 117 174
28 803 116 176
28 804 76 134
28 805 75 133
28 806 73 131
28 807 72 130
28 808 136 228
28 809 137 234
28 810 133 230
28 811 132 232
28 812 85 165
28 813 86 170
28 814 83 165
28 815 82 164
28 816 128 204
28 817 129 210
28 818 124 204
28 819 125 210
28 820 80 150
28 821 81 155
28 822 77 147
28 823 78 152
28 824 153 278
28 825 152 280
28 826 148 276
28 827 149 282
28 828 97 201
28 829 96 200
28 830 93 195
28 831 94 200
28 832 108 152
28 833 109 158
28 834 112 160
28 835 113 166
28 836 67 115
28 837 68 120
28 838 70 122
28 839 71 127
28 840 128 200
28 841 129 206
28 842 133 218
28 843 132 220
28 844 80 148
28 845 81 153
28 846 84 162
28 847 83 161
28 848 117 186
28 849 116 188
28 850 121 194
28 851 120 196
28 852 73 137
28 853 72 136
28 854 76 144
28 855 75 143
28 856 137 234
28 857 136 236
28 858 140 248
28 859 141 254
28 860 86 170
28 861 85 169
28 862 88 178
28 863 89 183
28 864 120 176
28 865 121 182
28 866 116 176
28 867 117 182
28 868 75 133
28 869 76 138
28 870 72 130
28 871 73 135
28 872 137 234
28 873 136 236
28 874 132 232
28 875 133 238
28 876 86 170
28 877 85 169
28 878 82 164
28 879 83 169
28 880 129 210
28 881 128 212
28 882 125 210
28 883 124 212
28 884 81 155
28 885 80 154
28 886 78 152
28 887 77 151
28 888 152 280
28 889 153 286
28 890 149 282
28 891 148 284
28 892 96 200
28 893 97 205
28 894 94 200
28 895 93 199
28 896 125 186
28 897 124 188
28 898 129 194
28 899 128 196
28 900 77 137
28 901 76 136
28 902 80 144
28 903 79 143
28 904 157 266
28 905 156 268
28 906 160 280
28 907 161 286
28 908 98 192
28 909 97 191
28 910 100 200
28 911 101 205
28 912 140 232
28 913 141 238
28 914 144 240
28 915 145 246
28 916 87 167
28 917 88 172
28 918 90 174
28 919 91 179
28 920 148 264
28 921 149 270
28 922 153 282
28 923 152 284
28 924 92 186
28 925 93 191
28 926 96 200
28 927 95 199
28 928 121 186
28 929 120 188
28 930 117 186
28 931 116 188
28 932 75 137
28 933 74 136
28 934 72 134
28 935 71 133
28 936 148 264
28 937 149 270
28 938 145 266
28 939 144 268
28 940 92 186
28 941 93 191
28 942 90 186
28 943 89 185
28 944 136 232
28 945 137 238
28 946 132 232
28 947 133 238
28 948 85 167
28 949 86 172
28 950 82 164
28 951 83 169
28 952 149 282
28 953 148 284
28 954 144 280
28 955 145 286
28 956 94 200
28 957 93 199
28 958 90 194
28 959 91 199
28 960 124 188
28 961 125 194
28 962 128 196
28 963 129 202
28 964 76 136
28 965 77 141
28 966 79 143
28 967 80 148
28 968 156 268
28 969 157 274
28 970 161 286
28 971 160 288
28 972 97 191
28 973 98 196
28 974 101 205
28 975 100 204
28 976 141 238
28 977 140 240
28 978 145 246
28 979 144 248
28 980 88 172
28 981 87 171
28 982 91 179
28 983 90 178
28 984 149 270
28 985 148 272
28 986 152 284
28 987 153 290
28 988 93 191
28 989 92 190
28 990 95 199
28 991 96 204
28 992 120 188
28 993 121 194
28 994 116 188
28 995 117 194
28 996 74 136
28 997 75 141
28 998 71 133
28 999 72 138
28 1000 149 270
28 1001 148 272
28 1002 144 268
28 1003 145 274
28 1004 93 191
28 1005 92 190
28 1006 89 185
28 1007 90 190
28 1008 137 238
28 1009 136 240
28 1010 133 238
28 1011 132 240
28 1012 86 172
28 1013 85 171
28 1014 83 169
28 1015 82 168
28 1016 148 284
28 1017 149 290
28 1018 145 286
28 1019 144 288
28 1020 93 199
28 1021 94 204
28 1022 91 199
28 1023 90 198
29 0 84 84
29 1 89 98
29 2 52 72
29 3 56 84
29 4 108 124
29 5 112 136
29 6 66 98
29 7 69 107
29 8 92 96
29 9 97 110
29 10 57 81
29 11 61 93
29 12 116 136
29 13 120 148
29 14 71 107
29 15 74 116
29 16 92 96
29 17 97 110
29 18 57 81
29 19 61 93
29 20 112 140
29 21 116 152
29 22 68 106
29 23 71 115
29 24 100 108
29 25 105 122
29 26 62 90
29 27 66 102
29 28 120 152
29 29 124 164
29 30 73 115
29 31 76 124
29 32 85 90
29 33 88 100
29 34 53 77
29 35 55 83
29 36 109 130
29 37 113 142
29 38 67 103
29 39 70 112
29 40 93 102
29 41 96 112
29 42 58 86
29 43 60 92
29 44 117 142
29 45 121 154
29 46 72 112
29 47 75 121
29 48 93 102
29 49 96 112
29 50 58 86
29 51 60 92
29 52 113 146
29 53 117 158
29 54 69 111
29 55 72 120
29 56 101 114
29 57 104 124
29 58 63 95
29 59 65 101
29 60 121 158
29 61 125 170
29 62 74 120
29 63 77 129
29 64 101 118
29 65 104 128
29 66 62 94
29 67 64 100
29 68 137 186
29 69 141 198
29 70 84 140
29 71 87 149
29 72 109 130
29 73 112 140
29 74 67 103
29 75 69 109
29 76 129 182
29 77 133 194
29 78 79 135
29 79 82 144
29 80 109 130
29 81 112 140
29 82 67 103
29 83 69 109
29 84 149 210
29 85 153 222
29 86 92 158
29 87 95 167
29 88 117 142
29 89 120 152
29 90 72 112
29 91 74 118
29 92 141 206
29 93 145 218
29 94 87 153
29 95 90 162
29 96 100 120
29 97 105 134
29 98 61 93
29 99 65 105
29 100 136 188
29 101 140 200
29 102 83 139
29 103 86 148
29 104 108 132
29 105 113 146
29 106 66 102
29 107 70 114
29 108 128 184
29 109 132 196
29 110 78 134
29 111 81 143
29 112 108 132
29 113 113 146
29 114 66 102
29 115 70 114
29 116 148 212
29 117 152 224
29 118 91 157
29 119 94 166
29 120 116 144
29 121 121 158
29 122 71 111
29 123 75 123
29 124 140 208
29 125 144 220
29 126 86 152
29 127 89 161
29 128 85 106
29 129 88 116
29 130 53 85
29 131 55 91
29 132 105 150
29 133 109 162
29 134 65 113
29 135 68 122
29 136 97 130
29 137 100 140
29 138 61 103
29 139 63 109
29 140 117 174
29 141 121 186
29 142 73 131
29 143 76 140
29 144 97 130
29 145 92 132
29 146 61 103
29 147 57 99
29 148 112 180
29 149 108 176
29 150 69 129
29 151 66 124
29 152 109 154
29 153 104 156
29 154 69 121
29 155 65 117
29 156 124 204
29 157 120 200
29 158 77 147
29 159 74 142
29 160 84 108
29 161 89 122
29 162 52 84
29 163 56 96
29 164 104 152
29 165 108 164
29 166 64 112
29 167 67 121
29 168 96 132
29 169 101 146
29 170 60 102
29 171 64 114
29 172 116 176
29 173 120 188
29 174 72 130
29 175 75 139
29 176 96 132
29 177 93 138
29 178 60 102
29 179 58 104
29 180 113 186
29 181 109 182
29 182 70 134
29 183 67 129
29 184 108 156
29 185 105 162
29 186 68 120
29 187 66 122
29 188 125 210
29 189 121 206
29 190 78 152
29 191 75 147
29 192 93 122
29 193 96 132
29 194 57 93
29 195 59 99
29 196 121 186
29 197 125 198
29 198 74 134
29 199 77 143
29 200 105 146
29 201 108 156
29 202 65 111
29 203 67 117
29 204 117 186
29 205 121 198
29 206 72 134
29 207 75 143
29 208 105 146
29 209 100 148
29 210 65 111
29 211 61 107
29 212 136 232
29 213 132 228
29 214 84 164
29 215 81 159
29 216 117 170
29 217 112 172
29 218 73 129
29 219 69 125
29 220 132 232
29 221 128 228
29 222 82 164
29 223 79 159
29 224 92 124
29 225 97 138
29 226 56 92
29 227 60 104
29 228 120 188
29 229 124 200
29 230 73 133
29 231 76 142
29 232 104 148
29 233 109 162
29 234 64 110
29 235 68 122
29 236 116 188
29 237 120 200
29 238 71 133
29 239 74 142
29 240 104 148
29 241 101 154
29 242 64 110
29 243 62 112
29 244 137 238
29 245 133 234
29 246 85 169
29 247 82 164
29 248 116 172
29 249 113 178
29 250 72 128
29 251 70 130
29 252 133 238
29 253 129 234
29 254 83 169
29 255 80 164
29 256 112 124
29 257 117 138
29 258 69 101
29 259 73 113
29 260 124 168
29 261 128 180
29 262 75 123
29 263 78 132
29 264 116 140
29 265 121 154
29 266 71 109
29 267 75 121
29 268 128 184
29 269 132 196
29 270 77 131
29 271 80 140
29 272 120 136
29 273 125 150
29 274 74 110
29 275 78 122
29 276 128 184
29 277 132 196
29 278 77 131
29 279 80 140
29 280 124 152
29 281 129 166
29 282 76 118
29 283 80 130
29 284 140 208
29 285 144 220
29 286 85 149
29 287 88 158
29 288 113 130
29 289 116 140
29 290 70 106
29 291 72 112
29 292 125 174
29 293 129 186
29 294 76 128
29 295 79 137
29 296 117 146
29 297 120 156
29 298 72 114
29 299 74 120
29 300 129 190
29 301 133 202
29 302 78 136
29 303 81 145
29 304 121 142
29 305 124 152
29 306 75 115
29 307 77 121
29 308 129 190
29 309 133 202
29 310 78 136
29 311 81 145
29 312 125 158
29 313 128 168
29 314 77 123
29 315 79 129
29 316 141 214
29 317 145 226
29 318 86 154
29 319 89 163
29 320 141 186
29 321 136 188
29 322 87 143
29 323 83 139
29 324 168 268
29 325 164 264
29 326 103 191
29 327 100 186
29 328 153 210
29 329 148 212
29 330 95 161
29 331 91 157
29 332 156 260
29 333 152 256
29 334 95 181
29 335 92 176
29 336 133 182
29 337 128 184
29 338 82 138
29 339 78 134
29 340 156 260
29 341 152 256
29 342 95 181
29 343 92 176
29 344 145 206
29 345 140 208
29 346 90 156
29 347 86 152
29 348 152 260
29 349 148 256
29 350 93 181
29 351 90 176
29 352 140 188
29 353 137 194
29 354 86 142
29 355 84 144
29 356 169 274
29 357 165 270
29 358 104 196
29 359 101 191
29 360 152 212
29 361 149 218
29 362 94 160
29 363 92 162
29 364 157 266
29 365 153 262
29 366 96 186
29 367 93 181
29 368 132 184
29 369 129 190
29 370 81 137
29 371 79 139
29 372 157 266
29 373 153 262
29 374 96 186
29 375 93 181
29 376 144 208
29 377 141 214
29 378 89 155
29 379 87 157
29 380 153 266
29 381 149 262
29 382 94 186
29 383 91 181
29 384 109 150
29 385 112 160
29 386 68 116
29 387 70 122
29 388 121 190
29 389 125 202
29 390 75 139
29 391 78 148
29 392 116 180
29 393 121 194
29 394 72 132
29 395 76 144
29 396 128 220
29 397 132 232
29 398 79 155
29 399 82 164
29 400 121 174
29 401 116 176
29 402 76 134
29 403 72 130
29 404 128 220
29 405 124 216
29 406 79 155
29 407 76 150
29 408 128 204
29 409 125 210
29 410 80 150
29 411 78 152
29 412 145 270
29 413 141 266
29 414 91 191
29 415 88 186
29 416 108 152
29 417 113 166
29 418 67 115
29 419 71 127
29 420 120 192
29 421 124 204
29 422 74 138
29 423 77 147
29 424 117 186
29 425 120 196
29 426 73 137
29 427 75 143
29 428 129 226
29 429 133 238
29 430 80 160
29 431 83 169
29 432 120 176
29 433 117 182
29 434 75 133
29 435 73 135
29 436 129 226
29 437 125 222
29 438 80 160
29 439 77 155
29 440 129 210
29 441 124 212
29 442 81 155
29 443 77 151
29 444 144 272
29 445 140 268
29 446 90 190
29 447 87 185
29 448 125 186
29 449 128 196
29 450 77 137
29 451 79 143
29 452 149 258
29 453 153 270
29 454 92 182
29 455 95 191
29 456 140 232
29 457 145 246
29 458 87 167
29 459 91 179
29 460 140 256
29 461 144 268
29 462 86 176
29 463 89 185
29 464 121 186
29 465 116 188
29 466 75 137
29 467 71 133
29 468 140 256
29 469 136 252
29 470 86 176
29 471 83 171
29 472 136 232
29 473 133 238
29 474 85 167
29 475 83 169
29 476 141 274
29 477 137 270
29 478 88 190
29 479 85 185
29 480 124 188
29 481 129 202
29 482 76 136
29 483 80 148
29 484 148 260
29 485 152 272
29 486 91 181
29 487 94 190
29 488 141 238
29 489 144 248
29 490 88 172
29 491 90 178
29 492 141 262
29 493 145 274
29 494 87 181
29 495 90 190
29 496 120 188
29 497 117 194
29 498 74 136
29 499 72 138
29 500 141 262
29 501 137 258
29 502 87 181
29 503 84 176
29 504 137 238
29 505 132 240
29 506 86 172
29 507 82 168
29 508 140 276
29 509 136 272
29 510 87 189
29 511 84 184
30 0 44 44
30 1 80 88
30 2 80 88
30 3 144 176
30 4 24 28
30 5 44 56
30 6 44 56
30 7 80 112
30 8 24 28
30 9 44 56
30 10 44 56
30 11 80 112
30 12 13 17
30 13 24 34
30 14 24 34
30 15 44 68
30 16 80 88
30 17 144 176
30 18 144 176
30 19 256 352
30 20 44 56
30 21 80 112
30 22 80 112
30 23 144 224
30 24 44 56
30 25 80 112
30 26 80 112
30 27 144 224
30 28 24 34
30 29 44 68
30 30 44 68
30 31 80 136
30 32 80 88
30 33 144 176
30 34 144 176
30 35 256 352
30 36 44 56
30 37 80 112
30 38 80 112
30 39 144 224
30 40 44 56
30 41 80 112
30 42 80 112
30 43 144 224
30 44 24 34
30 45 44 68
30 46 44 68
30 47 80 136
30 48 144 176
30 49 256 352
30 50 256 352
30 51 448 704
30 52 80 112
30 53 144 224
30 54 144 224
30 55 256 448
30 56 80 112
30 57 144 224
30 58 144 224
30 59 256 448
30 60 44 68
30 61 80 136
30 62 80 136
30 63 144 272
30 64 80 88
30 65 144 176
30 66 144 176
30 67 256 352
30 68 44 56
30 69 80 112
30 70 80 112
30 71 144 224
30 72 44 56
30 73 80 112
30 74 80 112
30 75 144 224
30 76 24 34
30 77 44 68
30 78 44 68
30 79 80 136
30 80 144 176
30 81 256 352
30 82 256 352
30 83 448 704
30 84 80 112
30 85 144 224
30 86 144 224
30 87 256 448
30 88 80 112
30 89 144 224
30 90 144 224
30 91 256 448
30 92 44 68
30 93 80 136
30 94 80 136
30 95 144 272
30 96 144 176
30 97 256 352
30 98 256 352
30 99 448 704
30 100 80 112
30 101 144 224
30 102 144 224
30 103 256 448
30 104 80 112
30 105 144 224
30 106 144 224
30 107 256 448
30 108 44 68
30 109 80 136
30 110 80 136
30 111 144 272
30 112 256 352
30 113 448 704
30 114 448 704
30 115 769 1410
30 116 144 224
30 117 256 448
30 118 256 448
30 119 448 896
30 120 144 224
30 121 256 448
30 122 256 448
30 123 448 896
30 124 80 136
30 125 144 272
30 126 144 272
30 127 256 544
31 0 5 5
31 1 8 10
31 2 8 10
31 3 12 20
31 4 8 10
31 5 12 20
31 6 12 20
31 7 17 42
32 0 144 144
32 1 176 184
32 2 260 288
32 3 316 368
32 4 140 148
32 5 140 156
32 6 252 296
32 7 252 312
32 8 172 188
32 9 184 216
32 10 308 376
32 11 328 432
32 12 152 168
32 13 164 196
32 14 272 336
32 15 292 392
32 16 176 184
32 17 144 160
32 18 316 368
32 19 260 320
32 20 140 156
32 21 140 164
32 22 252 312
32 23 252 328
32 24 184 216
32 25 172 212
32 26 328 432
32 27 308 424
32 28 164 196
32 29 152 192
32 30 292 392
32 31 272 384
32 32 79 93
32 33 97 119
32 34 144 186
32 35 176 238
32 36 77 95
32 37 77 99
32 38 140 190
32 39 140 198
32 40 95 121
32 41 102 138
32 42 172 242
32 43 184 276
32 44 84 108
32 45 91 125
32 46 152 216
32 47 164 250
32 48 97 119
32 49 79 101
32 50 176 238
32 51 144 202
32 52 77 99
32 53 77 103
32 54 140 198
32 55 140 206
32 56 102 138
32 57 95 133
32 58 184 276
32 59 172 266
32 60 91 125
32 61 84 120
32 62 164 250
32 63 152 240
32 64 228 248
32 65 240 276
32 66 408 496
32 67 428 552
32 68 220 256
32 69 208 252
32 70 392 512
32 71 372 504
32 72 188 232
32 73 156 200
32 74 336 464
32 75 280 400
32 76 152 192
32 77 152 200
32 78 272 384
32 79 272 400
32 80 240 276
32 81 228 272
32 82 428 552
32 83 408 544
32 84 208 252
32 85 220 280
32 86 372 504
32 87 392 560
32 88 156 200
32 89 188 248
32 90 280 400
32 91 336 496
32 92 152 200
32 93 152 208
32 94 272 400
32 95 272 416
32 96 126 160
32 97 133 177
32 98 228 320
32 99 240 354
32 100 122 164
32 101 115 159
32 102 220 328
32 103 208 318
32 104 104 146
32 105 86 124
32 106 188 292
32 107 156 248
32 108 84 120
32 109 84 124
32 110 152 240
32 111 152 248
32 112 133 177
32 113 126 172
32 114 240 354
32 115 228 344
32 116 115 159
32 117 122 176
32 118 208 318
32 119 220 352
32 120 86 124
32 121 104 154
32 122 156 248
32 123 188 308
32 124 84 124
32 125 84 128
32 126 152 248
32 127 152 256
32 128 260 288
32 129 316 368
32 130 464 576
32 131 560 736
32 132 252 296
32 133 252 312
32 134 448 592
32 135 448 624
32 136 308 376
32 137 328 432
32 138 544 752
32 139 576 864
32 140 272 336
32 141 292 392
32 142 480 672
32 143 512 784
32 144 316 368
32 145 260 320
32 146 560 736
32 147 464 640
32 148 252 312
32 149 252 328
32 150 448 624
32 151 448 656
32 152 328 432
32 153 308 424
32 154 576 864
32 155 544 848
32 156 292 392
32 157 272 384
32 158 512 784
32 159 480 768
32 160 144 186
32 161 176 238
32 162 260 372
32 163 316 476
32 164 140 190
32 165 140 198
32 166 252 380
32 167 252 396
32 168 172 242
32 169 184 276
32 170 308 484
32 171 328 552
32 172 152 216
32 173 164 250
32 174 272 432
32 175 292 500
32 176 176 238
32 177 144 202
32 178 316 476
32 179 260 404
32 180 140 198
32 181 140 206
32 182 252 396
32 183 252 412
32 184 184 276
32 185 172 266
32 186 328 552
32 187 308 532
32 188 164 250
32 189 152 240
32 190 292 500
32 191 272 480
32 192 408 496
32 193 428 552
32 194 720 992
32 195 752 1104
32 196 392 512
32 197 372 504
32 198 688 1024
32 199 656 1008
32 200 336 464
32 201 280 400
32 202 592 928
32 203 496 800
32 204 272 384
32 205 272 400
32 206 480 768
32 207 480 800
32 208 428 552
32 209 408 544
32 210 752 1104
32 211 720 1088
32 212 372 504
32 213 392 560
32 214 656 1008
32 215 688 1120
32 216 280 400
32 217 336 496
32 218 496 800
32 219 592 992
32 220 272 400
32 221 272 416
32 222 480 800
32 223 480 832
32 224 228 320
32 225 240 354
32 226 408 640
32 227 428 708
32 228 220 328
32 229 208 318
32 230 392 656
32 231 372 636
32 232 188 292
32 233 156 248
32 234 336 584
32 235 280 496
32 236 152 240
32 237 152 248
32 238 272 480
32 239 272 496
32 240 240 354
32 241 228 344
32 242 428 708
32 243 408 688
32 244 208 318
32 245 220 352
32 246 372 636
32 247 392 704
32 248 156 248
32 249 188 308
32 250 280 496
32 251 336 616
32 252 152 248
32 253 152 256
32 254 272 496
32 255 272 512
32 256 260 288
32 257 316 368
32 258 464 576
32 259 560 736
32 260 252 296
32 261 252 312
32 262 448 592
32 263 448 624
32 264 308 376
32 265 328 432
32 266 544 752
32 267 576 864
32 268 272 336
32 269 292 392
32 270 480 672
32 271 512 784
32 272 316 368
32 273 260 320
32 274 560 736
32 275 464 640
32 276 252 312
32 277 252 328
32 278 448 624
32 279 448 656
32 280 328 432
32 281 308 424
32 282 576 864
32 283 544 848
32 284 292 392
32 285 272 384
32 286 512 784
32 287 480 768
32 288 144 186
32 289 176 238
32 290 260 372
32 291 316 476
32 292 140 190
32 293 140 198
32 294 252 380
32 295 252 396
32 296 172 242
32 297 184 276
32 298 308 484
32 299 328 552
32 300 152 216
32 301 164 250
32 302 272 432
32 303 292 500
32 304 176 238
32 305 144 202
32 306 316 476
32 307 260 404
32 308 140 198
32 309 140 206
32 310 252 396
32 311 252 412
32 312 184 276
32 313 172 266
32 314 328 552
32 315 308 532
32 316 164 250
32 317 152 240
32 318 292 500
32 319 272 480
32 320 408 496
32 321 428 552
32 322 720 992
32 323 752 1104
32 324 392 512
32 325 372 504
32 326 688 1024
32 327 656 1008
32 328 336 464
32 329 280 400
32 330 592 928
32 331 496 800
32 332 272 384
32 333 272 400
32 334 480 768
32 335 480 800
32 336 428 552
32 337 408 544
32 338 752 1104
32 339 720 1088
32 340 372 504
32 341 392 560
32 342 656 1008
32 343 688 1120
32 344 280 400
32 345 336 496
32 346 496 800
32 347 592 992
32 348 272 400
32 349 272 416
32 350 480 800
32 351 480 832
32 352 228 320
32 353 240 354
32 354 408 640
32 355 428 708
32 356 220 328
32 357 208 318
32 358 392 656
32 359 372 636
32 360 188 292
32 361 156 248
32 362 336 584
32 363 280 496
32 364 152 240
32 365 152 248
32 366 272 480
32 367 272 496
32 368 240 354
32 369 228 344
32 370 428 708
32 371 408 688
32 372 208 318
32 373 220 352
32 374 372 636
32 375 392 704
32 376 156 248
32 377 188 308
32 378 280 496
32 379 336 616
32 380 152 248
32 381 152 256
32 382 272 496
32 383 272 512
32 384 464 576
32 385 560 736
32 386 816 1152
32 387 976 1472
32 388 448 592
32 389 448 624
32 390 784 1184
32 391 784 1248
32 392 544 752
32 393 576 864
32 394 944 1504
32 395 993 1730
32 396 480 672
32 397 512 784
32 398 832 1344
32 399 881 1570
32 400 560 736
32 401 464 640
32 402 976 1472
32 403 816 1280
32 404 448 624
32 405 448 656
32 406 784 1248
32 407 784 1312
32 408 576 864
32 409 544 848
32 410 993 1730
32 411 944 1696
32 412 512 784
32 413 480 768
32 414 881 1570
32 415 832 1536
32 416 260 372
32 417 316 476
32 418 464 744
32 419 560 952
32 420 252 380
32 421 252 396
32 422 448 760
32 423 448 792
32 424 308 484
32 425 328 552
32 426 544 968
32 427 576 1104
32 428 272 432
32 429 292 500
32 430 480 864
32 431 512 1000
32 432 316 476
32 433 260 404
32 434 560 952
32 435 464 808
32 436 252 396
32 437 252 412
32 438 448 792
32 439 448 824
32 440 328 552
32 441 308 532
32 442 576 1104
32 443 544 1064
32 444 292 500
32 445 272 480
32 446 512 1000
32 447 480 960
32 448 720 992
32 449 752 1104
32 450 1248 1984
32 451 1297 2210
32 452 688 1024
32 453 656 1008
32 454 1185 2050
32 455 1136 2016
32 456 592 928
32 457 496 800
32 458 1025 1858
32 459 865 1602
32 460 480 768
32 461 480 800
32 462 833 1538
32 463 833 1602
32 464 752 1104
32 465 720 1088
32 466 1297 2210
32 467 1248 2176
32 468 656 1008
32 469 688 1120
32 470 1136 2016
32 471 1185 2242
32 472 496 800
32 473 592 992
32 474 865 1602
32 475 1025 1986
32 476 480 800
32 477 480 832
32 478 833 1602
32 479 833 1666
32 480 408 640
32 481 428 708
32 482 720 1280
32 483 752 1416
32 484 392 656
32 485 372 636
32 486 688 1312
32 487 656 1272
32 488 336 584
32 489 280 496
32 490 592 1168
32 491 496 992
32 492 272 480
32 493 272 496
32 494 480 960
32 495 480 992
32 496 428 708
32 497 408 688
32 498 752 1416
32 499 720 1376
32 500 372 636
32 501 392 704
32 502 656 1272
32 503 688 1408
32 504 280 496
32 505 336 616
32 506 496 992
32 507 592 1232
32 508 272 496
32 509 272 512
32 510 480 992
32 511 480 1024
33 0 69 69
33 1 65 69
33 2 67 71
33 3 63 71
33 4 120 138
33 5 112 138
33 6 116 142
33 7 108 142
33 8 114 128
33 9 106 128
33 10 110 132
33 11 102 132
33 12 196 256
33 13 180 256
33 14 188 264
33 15 172 264
33 16 75 79
33 17 71 79
33 18 73 81
33 19 69 81
33 20 129 160
33 21 121 160
33 22 125 164
33 23 117 164
33 24 110 128
33 25 102 128
33 26 116 142
33 27 108 142
33 28 189 258
33 29 173 258
33 30 197 286
33 31 181 286
33 32 95 107
33 33 84 100
33 34 88 100
33 35 77 93
33 36 164 214
33 37 144 200
33 38 152 200
33 39 132 186
33 40 155 197
33 41 135 183
33 42 143 183
33 43 123 169
33 44 264 394
33 45 228 366
33 46 244 366
33 47 208 338
33 48 104 124
33 49 93 117
33 50 97 117
33 51 86 110
33 52 177 250
33 53 157 236
33 54 165 236
33 55 145 222
33 56 148 194
33 57 128 180
33 58 146 194
33 59 126 180
33 60 253 390
33 61 217 362
33 62 249 390
33 63 213 362
33 64 62 64
33 65 58 64
33 66 74 80
33 67 70 80
33 68 108 128
33 69 100 128
33 70 128 160
33 71 120 160
33 72 102 118
33 73 94 118
33 74 122 150
33 75 114 150
33 76 176 236
33 77 160 236
33 78 208 300
33 79 192 300
33 80 68 74
33 81 64 74
33 82 80 90
33 83 76 90
33 84 117 150
33 85 109 150
33 86 137 182
33 87 129 182
33 88 108 128
33 89 100 128
33 90 118 150
33 91 110 150
33 92 185 258
33 93 169 258
33 94 201 302
33 95 185 302
33 96 83 97
33 97 72 90
33 98 90 108
33 99 79 101
33 100 144 194
33 101 124 180
33 102 156 216
33 103 136 202
33 104 135 177
33 105 115 163
33 106 147 199
33 107 127 185
33 108 232 354
33 109 196 326
33 110 252 398
33 111 216 370
33 112 92 114
33 113 81 107
33 114 99 125
33 115 88 118
33 116 157 230
33 117 137 216
33 118 169 252
33 119 149 238
33 120 144 194
33 121 124 180
33 122 146 202
33 123 126 188
33 124 245 390
33 125 209 362
33 126 249 406
33 127 213 378
33 128 76 82
33 129 82 96
33 130 88 98
33 131 80 98
33 132 132 164
33 133 140 192
33 134 152 196
33 135 136 196
33 136 126 154
33 137 134 182
33 138 146 186
33 139 130 186
33 140 216 308
33 141 225 366
33 142 248 372
33 143 217 374
33 144 82 92
33 145 88 106
33 146 94 108
33 147 86 108
33 148 141 186
33 149 149 214
33 150 161 218
33 151 145 218
33 152 132 164
33 153 128 180
33 154 142 186
33 155 134 194
33 156 225 330
33 157 216 360
33 158 241 374
33 159 224 388
33 160 104 126
33 161 108 140
33 162 111 137
33 163 101 133
33 164 180 252
33 165 184 280
33 166 192 274
33 167 172 266
33 168 171 235
33 169 175 263
33 170 183 257
33 171 163 249
33 172 292 470
33 173 293 528
33 174 312 514
33 175 273 500
33 176 113 143
33 177 117 157
33 178 120 154
33 179 110 150
33 180 193 288
33 181 197 316
33 182 205 310
33 183 185 302
33 184 180 252
33 185 166 258
33 186 182 260
33 187 164 258
33 188 305 506
33 189 280 516
33 190 309 522
33 191 276 516
33 192 83 91
33 193 75 91
33 194 81 93
33 195 87 107
33 196 144 182
33 197 128 182
33 198 140 186
33 199 148 214
33 200 138 172
33 201 122 172
33 202 134 176
33 203 142 204
33 204 236 344
33 205 205 346
33 206 228 352
33 207 237 410
33 208 89 101
33 209 81 101
33 210 87 103
33 211 93 117
33 212 153 204
33 213 137 204
33 214 149 208
33 215 157 236
33 216 134 172
33 217 126 180
33 218 140 186
33 219 136 202
33 220 229 346
33 221 212 360
33 222 237 374
33 223 228 404
33 224 116 144
33 225 96 130
33 226 109 137
33 227 103 141
33 228 200 288
33 229 164 260
33 230 188 274
33 231 176 282
33 232 191 271
33 233 155 243
33 234 179 257
33 235 167 265
33 236 324 542
33 237 261 488
33 238 304 514
33 239 281 532
33 240 125 161
33 241 105 147
33 242 118 154
33 243 112 158
33 244 213 324
33 245 177 296
33 246 201 310
33 247 189 318
33 248 184 268
33 249 162 258
33 250 182 268
33 251 164 266
33 252 313 538
33 253 272 516
33 254 309 538
33 255 276 532
33 256 114 128
33 257 103 121
33 258 110 132
33 259 99 125
33 260 196 256
33 261 176 242
33 262 188 264
33 263 168 250
33 264 187 239
33 265 167 225
33 266 179 247
33 267 159 233
33 268 316 478
33 269 280 450
33 270 301 496
33 271 265 468
33 272 123 145
33 273 112 138
33 274 119 149
33 275 108 142
33 276 209 292
33 277 189 278
33 278 201 300
33 279 181 286
33 280 180 236
33 281 160 222
33 282 186 262
33 283 166 248
33 284 305 474
33 285 269 446
33 286 312 524
33 287 276 496
33 288 138 184
33 289 115 159
33 290 126 170
33 291 103 145
33 292 236 368
33 293 196 318
33 294 216 340
33 295 176 290
33 296 225 343
33 297 185 293
33 298 205 315
33 299 165 265
33 300 377 688
33 301 309 588
33 302 345 632
33 303 277 532
33 304 149 209
33 305 126 184
33 306 137 195
33 307 114 170
33 308 252 418
33 309 212 368
33 310 232 390
33 311 192 340
33 312 214 330
33 313 174 280
33 314 210 330
33 315 170 280
33 316 361 662
33 317 293 562
33 318 353 662
33 319 285 562
33 320 102 118
33 321 91 111
33 322 122 150
33 323 111 143
33 324 176 236
33 325 156 222
33 326 208 300
33 327 188 286
33 328 167 219
33 329 147 205
33 330 199 283
33 331 179 269
33 332 284 438
33 333 248 410
33 334 333 568
33 335 297 540
33 336 111 135
33 337 100 128
33 338 131 167
33 339 120 160
33 340 189 272
33 341 169 258
33 342 221 336
33 343 201 322
33 344 176 236
33 345 156 222
33 346 190 278
33 347 170 264
33 348 297 474
33 349 261 446
33 350 320 556
33 351 284 528
33 352 118 164
33 353 95 139
33 354 130 186
33 355 107 161
33 356 204 328
33 357 164 278
33 358 224 372
33 359 184 322
33 360 193 303
33 361 153 253
33 362 213 347
33 363 173 297
33 364 328 606
33 365 260 506
33 366 360 694
33 367 292 594
33 368 129 189
33 369 106 164
33 370 141 211
33 371 118 186
33 372 220 378
33 373 180 328
33 374 240 422
33 375 200 372
33 376 204 328
33 377 164 278
33 378 208 344
33 379 168 294
33 380 344 656
33 381 276 556
33 382 352 688
33 383 284 588
33 384 123 147
33 385 127 161
33 386 143 179
33 387 117 159
33 388 212 294
33 389 216 322
33 390 244 358
33 391 200 318
33 392 203 277
33 393 207 305
33 394 235 341
33 395 191 301
33 396 344 554
33 397 345 612
33 398 393 684
33 399 320 602
33 400 132 164
33 401 136 178
33 402 152 196
33 403 126 176
33 404 225 330
33 405 229 358
33 406 257 394
33 407 213 354
33 408 212 294
33 409 198 300
33 410 226 336
33 411 200 318
33 412 357 590
33 413 332 600
33 414 380 672
33 415 333 638
33 416 141 201
33 417 135 201
33 418 153 223
33 419 123 187
33 420 244 402
33 421 232 402
33 422 264 446
33 423 212 374
33 424 233 377
33 425 221 377
33 426 253 421
33 427 201 349
33 428 396 754
33 429 372 754
33 430 428 842
33 431 340 698
33 432 152 226
33 433 146 226
33 434 164 248
33 435 134 212
33 436 260 452
33 437 248 452
33 438 280 496
33 439 228 424
33 440 244 402
33 441 210 364
33 442 248 418
33 443 206 364
33 444 412 804
33 445 356 728
33 446 420 836
33 447 348 728
33 448 135 165
33 449 115 151
33 450 131 169
33 451 129 177
33 452 232 330
33 453 196 302
33 454 224 338
33 455 220 354
33 456 223 313
33 457 187 285
33 458 215 321
33 459 211 337
33 460 376 626
33 461 313 572
33 462 361 644
33 463 352 674
33 464 144 182
33 465 124 168
33 466 140 186
33 467 138 194
33 468 245 366
33 469 209 338
33 470 237 374
33 471 233 390
33 472 216 310
33 473 194 300
33 474 222 336
33 475 204 334
33 476 365 622
33 477 324 600
33 478 372 672
33 479 341 670
33 480 161 237
33 481 121 187
33 482 149 223
33 483 133 209
33 484 276 474
33 485 208 374
33 486 256 446
33 487 228 418
33 488 265 449
33 489 197 349
33 490 245 421
33 491 217 393
33 492 445 900
33 493 333 700
33 494 413 844
33 495 365 788
33 496 172 262
33 497 132 212
33 498 160 248
33 499 144 234
33 500 292 524
33 501 224 424
33 502 272 496
33 503 244 468
33 504 254 436
33 505 208 374
33 506 250 436
33 507 212 390
33 508 429 874
33 509 349 750
33 510 421 874
33 511 357 782
34 0 356 356
34 1 424 448
34 2 644 712
34 3 764 896
34 4 504 548
34 5 668 768
34 6 904 1096
34 7 1192 1536
34 8 488 520
34 9 528 592
34 10 876 1040
34 11 948 1184
34 12 628 712
34 13 740 888
34 14 1120 1424
34 15 1320 1776
34 16 384 424
34 17 484 564
34 18 692 848
34 19 868 1128
34 20 508 616
34 21 740 964
34 22 912 1232
34 23 1316 1928
34 24 520 616
34 25 580 712
34 26 928 1232
34 27 1036 1424
34 28 608 768
34 29 792 1064
34 30 1088 1536
34 31 1408 2128
34 32 368 388
34 33 424 476
34 34 664 776
34 35 768 952
34 36 568 648
34 37 628 772
34 38 1016 1296
34 39 1128 1544
34 40 472 532
34 41 516 616
34 42 848 1064
34 43 928 1232
34 44 640 768
34 45 632 808
34 46 1144 1536
34 47 1128 1616
34 48 384 444
34 49 508 632
34 50 692 888
34 51 916 1264
34 52 564 724
34 53 732 1024
34 54 1012 1448
34 55 1312 2048
34 56 480 592
34 57 572 752
34 58 860 1184
34 59 1024 1504
34 60 616 824
34 61 680 976
34 62 1104 1648
34 63 1216 1952
34 64 392 400
34 65 460 492
34 66 708 800
34 67 828 984
34 68 568 636
34 69 732 856
34 70 1016 1272
34 71 1304 1712
34 72 484 524
34 73 524 596
34 74 868 1048
34 75 940 1192
34 76 652 752
34 77 708 872
34 78 1160 1504
34 79 1264 1744
34 80 404 452
34 81 504 592
34 82 728 904
34 83 904 1184
34 84 544 672
34 85 776 1020
34 86 976 1344
34 87 1380 2040
34 88 500 596
34 89 560 692
34 90 892 1192
34 91 1000 1384
34 92 604 768
34 93 756 1024
34 94 1080 1536
34 95 1344 2048
34 96 404 432
34 97 420 480
34 98 728 864
34 99 760 960
34 100 632 736
34 101 620 780
34 102 1128 1472
34 103 1112 1560
34 104 468 536
34 105 552 660
34 106 840 1072
34 107 992 1320
34 108 608 752
34 109 664 864
34 110 1088 1504
34 111 1184 1728
34 112 404 472
34 113 488 612
34 114 728 944
34 115 880 1224
34 116 600 780
34 117 696 984
34 118 1076 1560
34 119 1248 1968
34 120 460 572
34 121 592 780
34 122 824 1144
34 123 1060 1560
34 124 580 784
34 125 684 992
34 126 1040 1568
34 127 1224 1984
34 128 195 229
34 129 233 287
34 130 356 458
34 131 424 574
34 132 278 352
34 133 370 492
34 134 504 704
34 135 668 984
34 136 269 335
34 137 291 377
34 138 488 670
34 139 528 754
34 140 348 458
34 141 410 564
34 142 628 916
34 143 740 1128
34 144 211 269
34 145 267 357
34 146 384 538
34 147 484 714
34 148 280 386
34 149 411 605
34 150 508 772
34 151 740 1210
34 152 288 392
34 153 321 449
34 154 520 784
34 155 580 898
34 156 336 480
34 157 440 664
34 158 608 960
34 159 792 1328
34 160 202 248
34 161 232 298
34 162 368 496
34 163 424 596
34 164 314 414
34 165 346 482
34 166 568 828
34 167 628 964
34 168 260 338
34 169 284 386
34 170 472 676
34 171 516 772
34 172 354 486
34 173 350 506
34 174 640 972
34 175 632 1012
34 176 211 279
34 177 279 391
34 178 384 558
34 179 508 782
34 180 311 449
34 181 404 626
34 182 564 898
34 183 732 1252
34 184 265 371
34 185 316 466
34 186 480 742
34 187 572 932
34 188 340 508
34 189 376 596
34 190 616 1016
34 191 680 1192
34 192 215 257
34 193 253 315
34 194 392 514
34 195 460 630
34 196 314 408
34 197 406 548
34 198 568 816
34 199 732 1096
34 200 267 337
34 201 289 379
34 202 484 674
34 203 524 758
34 204 362 484
34 205 392 550
34 206 652 968
34 207 708 1100
34 208 222 286
34 209 278 374
34 210 404 572
34 211 504 748
34 212 300 420
34 213 431 639
34 214 544 840
34 215 776 1278
34 216 277 379
34 217 310 436
34 218 500 758
34 219 560 872
34 220 334 480
34 221 420 638
34 222 604 960
34 223 756 1276
34 224 222 276
34 225 230 300
34 226 404 552
34 227 420 600
34 228 350 470
34 229 342 486
34 230 632 940
34 231 620 972
34 232 258 340
34 233 304 414
34 234 468 680
34 235 552 828
34 236 336 472
34 237 368 540
34 238 608 944
34 239 664 1080
34 240 222 296
34 241 268 378
34 242 404 592
34 243 488 756
34 244 331 483
34 245 384 600
34 246 600 966
34 247 696 1200
34 248 254 358
34 249 327 483
34 250 460 716
34 251 592 966
34 252 320 482
34 253 378 604
34 254 580 964
34 255 684 1208
34 256 560 620
34 257 612 712
34 258 1000 1240
34 259 1088 1424
34 260 752 912
34 261 920 1168
34 262 1328 1824
34 263 1617 2338
34 264 792 948
34 265 764 968
34 266 1400 1896
34 267 1352 1936
34 268 936 1208
34 269 992 1336
34 270 1641 2418
34 271 1744 2672
34 272 540 664
34 273 596 760
34 274 960 1328
34 275 1056 1520
34 276 640 864
34 277 836 1192
34 278 1136 1728
34 279 1473 2386
34 280 776 1048
34 281 708 992
34 282 1361 2098
34 283 1249 1986
34 284 784 1128
34 285 848 1272
34 286 1384 2256
34 287 1497 2546
34 288 596 692
34 289 644 784
34 290 1060 1384
34 291 1152 1568
34 292 892 1128
34 293 904 1208
34 294 1569 2258
34 295 1600 2416
34 296 780 980
34 297 804 1064
34 298 1380 1960
34 299 1424 2128
34 300 1020 1368
34 301 936 1320
34 302 1792 2736
34 303 1641 2642
34 304 568 720
34 305 692 928
34 306 1008 1440
34 307 1232 1856
34 308 788 1112
34 309 912 1376
34 310 1393 2226
34 311 1616 2752
34 312 736 1016
34 313 800 1168
34 314 1297 2034
34 315 1409 2338
34 316 880 1312
34 317 848 1328
34 318 1553 2626
34 319 1496 2656
34 320 624 708
34 321 644 768
34 322 1112 1416
34 323 1144 1536
34 324 864 1088
34 325 976 1280
34 326 1520 2176
34 327 1713 2562
34 328 784 956
34 329 788 1008
34 330 1384 1912
34 331 1392 2016
34 332 976 1288
34 333 992 1368
34 334 1705 2578
34 335 1744 2736
34 336 576 720
34 337 600 776
34 338 1024 1440
34 339 1064 1552
34 340 704 976
34 341 844 1224
34 342 1248 1952
34 343 1489 2450
34 344 740 1008
34 345 704 992
34 346 1297 2018
34 347 1241 1986
34 348 776 1128
34 349 840 1272
34 350 1368 2256
34 351 1481 2546
34 352 660 780
34 353 636 792
34 354 1172 1560
34 355 1136 1584
34 356 1004 1304
34 357 888 1224
34 358 1761 2610
34 359 1568 2448
34 360 772 988
34 361 868 1152
34 362 1364 1976
34 363 1536 2304
34 364 964 1336
34 365 992 1432
34 366 1696 2672
34 367 1737 2866
34 368 604 776
34 369 656 888
34 370 1072 1552
34 371 1168 1776
34 372 852 1224
34 373 848 1296
34 374 1505 2450
34 375 1504 2592
34 376 700 976
34 377 836 1224
34 378 1233 1954
34 379 1473 2450
34 380 816 1232
34 381 856 1360
34 382 1441 2466
34 383 1512 2720
34 384 310 400
34 385 340 458
34 386 560 800
34 387 612 916
34 388 420 588
34 389 516 752
34 390 752 1176
34 391 920 1504
34 392 442 612
34 393 426 616
34 394 792 1224
34 395 764 1232
34 396 526 778
34 397 556 848
34 398 936 1556
34 399 992 1696
34 400 300 422
34 401 332 482
34 402 540 844
34 403 596 964
34 404 356 540
34 405 468 746
34 406 640 1080
34 407 836 1492
34 408 436 668
34 409 396 622
34 410 776 1336
34 411 708 1244
34 412 438 702
34 413 474 786
34 414 784 1404
34 415 848 1572
34 416 331 445
34 417 356 494
34 418 596 890
34 419 644 988
34 420 500 726
34 421 504 760
34 422 892 1452
34 423 904 1520
34 424 435 625
34 425 448 670
34 426 780 1250
34 427 804 1340
34 428 572 870
34 429 526 834
34 430 1020 1740
34 431 936 1668
34 432 316 456
34 433 384 578
34 434 568 912
34 435 692 1156
34 436 440 694
34 437 508 844
34 438 788 1388
34 439 912 1688
34 440 412 640
34 441 448 728
34 442 736 1280
34 443 800 1456
34 444 492 812
34 445 474 814
34 446 880 1624
34 447 848 1628
34 448 346 456
34 449 358 492
34 450 624 912
34 451 644 984
34 452 484 700
34 453 548 820
34 454 864 1400
34 455 976 1640
34 456 438 616
34 457 440 642
34 458 784 1232
34 459 788 1284
34 460 550 830
34 461 556 864
34 462 976 1660
34 463 992 1728
34 464 320 456
34 465 334 490
34 466 576 912
34 467 600 980
34 468 392 608
34 469 472 762
34 470 704 1216
34 471 844 1524
34 472 416 642
34 473 394 622
34 474 740 1284
34 475 704 1244
34 476 434 702
34 477 470 786
34 478 776 1404
34 479 840 1572
34 480 367 501
34 481 352 498
34 482 660 1002
34 483 636 996
34 484 564 838
34 485 496 768
34 486 1004 1676
34 487 888 1536
34 488 431 629
34 489 484 726
34 490 772 1258
34 491 868 1452
34 492 540 842
34 493 558 902
34 494 964 1684
34 495 992 1804
34 496 336 490
34 497 364 552
34 498 604 980
34 499 656 1104
34 500 476 762
34 501 472 792
34 502 852 1524
34 503 848 1584
34 504 392 614
34 505 468 762
34 506 700 1228
34 507 836 1524
34 508 456 760
34 509 478 830
34 510 816 1520
34 511 856 1660
34 512 564 616
34 513 708 816
34 514 1016 1232
34 515 1268 1632
34 516 832 984
34 517 1052 1336
34 518 1484 1968
34 519 1868 2672
34 520 756 880
34 521 892 1096
34 522 1352 1760
34 523 1588 2192
34 524 980 1216
34 525 1112 1480
34 526 1744 2432
34 527 1976 2960
34 528 548 672
34 529 716 944
34 530 988 1344
34 531 1280 1888
34 532 816 1088
34 533 1120 1648
34 534 1456 2176
34 535 1977 3298
34 536 700 912
34 537 864 1184
34 538 1256 1824
34 539 1540 2368
34 540 952 1312
34 541 1188 1792
34 542 1696 2624
34 543 2097 3586
34 544 608 696
34 545 688 848
34 546 1092 1392
34 547 1240 1696
34 548 876 1096
34 549 1056 1416
34 550 1564 2192
34 551 1884 2832
34 552 792 976
34 553 808 1064
34 554 1412 1952
34 555 1448 2128
34 556 936 1240
34 557 964 1352
34 558 1672 2480
34 559 1720 2704
34 560 540 704
34 561 708 1000
34 562 976 1408
34 563 1276 2000
34 564 816 1168
34 565 1104 1728
34 566 1464 2336
34 567 1968 3456
34 568 688 944
34 569 756 1120
34 570 1236 1888
34 571 1360 2240
34 572 884 1312
34 573 968 1552
34 574 1584 2624
34 575 1728 3104
34 576 628 704
34 577 748 880
34 578 1128 1408
34 579 1340 1760
34 580 944 1160
34 581 1124 1464
34 582 1676 2320
34 583 1996 2928
34 584 724 864
34 585 884 1104
34 586 1296 1728
34 587 1572 2208
34 588 956 1224
34 589 1080 1472
34 590 1704 2448
34 591 1920 2944
34 592 584 728
34 593 752 1000
34 594 1052 1456
34 595 1344 2000
34 596 880 1200
34 597 1184 1760
34 598 1568 2400
34 599 2089 3522
34 600 664 872
34 601 828 1144
34 602 1192 1744
34 603 1476 2288
34 604 920 1280
34 605 1148 1744
34 606 1640 2560
34 607 2025 3490
34 608 648 760
34 609 680 856
34 610 1164 1520
34 611 1224 1712
34 612 948 1224
34 613 1040 1432
34 614 1692 2448
34 615 1852 2864
34 616 784 984
34 617 848 1128
34 618 1396 1968
34 619 1520 2256
34 620 904 1232
34 621 1004 1440
34 622 1616 2464
34 623 1792 2880
34 624 576 760
34 625 672 960
34 626 1040 1520
34 627 1212 1920
34 628 880 1280
34 629 1040 1648
34 630 1576 2560
34 631 1856 3296
34 632 652 904
34 633 792 1176
34 634 1172 1808
34 635 1424 2352
34 636 844 1264
34 637 1000 1616
34 638 1512 2528
34 639 1784 3232
34 640 310 392
34 641 391 519
34 642 564 784
34 643 708 1038
34 644 461 627
34 645 585 845
34 646 832 1254
34 647 1052 1690
34 648 418 560
34 649 495 695
34 650 756 1120
34 651 892 1390
34 652 544 770
34 653 618 926
34 654 980 1540
34 655 1112 1852
34 656 301 417
34 657 396 586
34 658 548 834
34 659 716 1172
34 660 452 676
34 661 626 1022
34 662 816 1352
34 663 1120 2044
34 664 386 564
34 665 479 733
34 666 700 1128
34 667 864 1466
34 668 528 812
34 669 664 1106
34 670 952 1624
34 671 1188 2212
34 672 335 441
34 673 378 526
34 674 608 882
34 675 688 1052
34 676 485 689
34 677 585 879
34 678 876 1378
34 679 1056 1758
34 680 439 617
34 681 446 658
34 682 792 1234
34 683 808 1316
34 684 518 770
34 685 534 832
34 686 936 1540
34 687 964 1664
34 688 296 430
34 689 389 605
34 690 540 860
34 691 708 1210
34 692 450 710
34 693 612 1044
34 694 816 1420
34 695 1104 2088
34 696 379 577
34 697 416 674
34 698 688 1154
34 699 756 1348
34 700 488 794
34 701 536 932
34 702 884 1588
34 703 968 1864
34 704 346 448
34 705 413 557
34 706 628 896
34 707 748 1114
34 708 525 739
34 709 625 921
34 710 944 1478
34 711 1124 1842
34 712 400 546
34 713 491 699
34 714 724 1092
34 715 884 1398
34 716 530 768
34 717 600 916
34 718 956 1536
34 719 1080 1832
34 720 321 451
34 721 416 620
34 722 584 902
34 723 752 1240
34 724 488 744
34 725 662 1090
34 726 880 1488
34 727 1184 2180
34 728 366 538
34 729 459 707
34 730 664 1076
34 731 828 1414
34 732 510 790
34 733 642 1076
34 734 920 1580
34 735 1148 2152
34 736 357 479
34 737 374 530
34 738 648 958
34 739 680 1060
34 740 525 765
34 741 577 887
34 742 948 1530
34 743 1040 1774
34 744 435 621
34 745 468 696
34 746 784 1242
34 747 848 1392
34 748 500 760
34 749 556 882
34 750 904 1520
34 751 1004 1764
34 752 316 464
34 753 369 579
34 754 576 928
34 755 672 1158
34 756 486 778
34 757 576 992
34 758 880 1556
34 759 1040 1984
34 760 359 551
34 761 436 708
34 762 652 1102
34 763 792 1416
34 764 466 764
34 765 554 970
34 766 844 1528
34 767 1000 1940
34 768 864 1048
34 769 996 1264
34 770 1536 2096
34 771 1760 2528
34 772 1212 1600
34 773 1388 1936
34 774 2128 3200
34 775 2433 3874
34 776 1200 1576
34 777 1260 1760
34 778 2112 3152
34 779 2209 3522
34 780 1416 2000
34 781 1416 2096
34 782 2481 4002
34 783 2489 4194
34 784 692 952
34 785 784 1128
34 786 1240 1904
34 787 1400 2256
34 788 936 1392
34 789 1120 1776
34 790 1664 2784
34 791 1984 3552
34 792 960 1432
34 793 964 1496
34 794 1704 2864
34 795 1712 2992
34 796 1120 1760
34 797 1136 1872
34 798 1984 3520
34 799 2016 3744
34 800 968 1224
34 801 1016 1360
34 802 1712 2448
34 803 1808 2720
34 804 1340 1856
34 805 1484 2160
34 806 2353 3714
34 807 2608 4320
34 808 1288 1784
34 809 1224 1792
34 810 2257 3570
34 811 2160 3584
34 812 1448 2144
34 813 1376 2112
34 814 2545 4290
34 815 2417 4226
34 816 752 1072
34 817 900 1360
34 818 1344 2144
34 819 1608 2720
34 820 1064 1664
34 821 1304 2176
34 822 1889 3330
34 823 2305 4354
34 824 1012 1552
34 825 984 1600
34 826 1792 3104
34 827 1752 3200
34 828 1184 1952
34 829 1120 1920
34 830 2097 3906
34 831 1985 3842
34 832 976 1224
34 833 1012 1328
34 834 1728 2448
34 835 1792 2656
34 836 1404 1952
34 837 1420 2064
34 838 2449 3906
34 839 2496 4128
34 840 1144 1544
34 841 1300 1840
34 842 2016 3088
34 843 2273 3682
34 844 1376 2016
34 845 1424 2176
34 846 2416 4032
34 847 2504 4352
34 848 756 1064
34 849 792 1160
34 850 1352 2128
34 851 1416 2320
34 852 1048 1616
34 853 1136 1840
34 854 1856 3232
34 855 2016 3680
34 856 896 1352
34 857 956 1496
34 858 1592 2704
34 859 1696 2992
34 860 1064 1696
34 861 1128 1888
34 862 1888 3392
34 863 2000 3776
34 864 1040 1352
34 865 1000 1376
34 866 1840 2704
34 867 1776 2752
34 868 1468 2112
34 869 1452 2192
34 870 2576 4224
34 871 2545 4386
34 872 1272 1800
34 873 1296 1920
34 874 2225 3602
34 875 2288 3840
34 876 1392 2128
34 877 1448 2288
34 878 2448 4256
34 879 2544 4576
34 880 816 1184
34 881 836 1280
34 882 1456 2368
34 883 1496 2560
34 884 1176 1888
34 885 1192 2016
34 886 2081 3778
34 887 2113 4034
34 888 948 1472
34 889 1048 1712
34 890 1680 2944
34 891 1864 3424
34 892 1112 1856
34 893 1176 2048
34 894 1969 3714
34 895 2081 4098
34 896 480 668
34 897 556 806
34 898 864 1336
34 899 996 1612
34 900 680 1022
34 901 780 1226
34 902 1212 2044
34 903 1388 2452
34 904 672 1004
34 905 708 1114
34 906 1200 2008
34 907 1260 2228
34 908 796 1264
34 909 794 1306
34 910 1416 2528
34 911 1416 2612
34 912 382 584
34 913 434 690
34 914 692 1168
34 915 784 1380
34 916 520 852
34 917 624 1080
34 918 936 1704
34 919 1120 2160
34 920 534 878
34 921 536 910
34 922 960 1756
34 923 964 1820
34 924 624 1072
34 925 632 1128
34 926 1120 2144
34 927 1136 2256
34 928 540 780
34 929 564 848
34 930 968 1560
34 931 1016 1696
34 932 752 1174
34 933 832 1350
34 934 1340 2348
34 935 1484 2700
34 936 724 1132
34 937 684 1112
34 938 1288 2264
34 939 1224 2224
34 940 812 1336
34 941 772 1308
34 942 1448 2672
34 943 1376 2616
34 944 416 656
34 945 498 824
34 946 752 1312
34 947 900 1648
34 948 592 1012
34 949 728 1316
34 950 1064 2024
34 951 1304 2632
34 952 564 950
34 953 546 962
34 954 1012 1900
34 955 984 1924
34 956 660 1180
34 957 624 1152
34 958 1184 2360
34 959 1120 2304
34 960 544 780
34 961 564 838
34 962 976 1560
34 963 1012 1676
34 964 792 1246
34 965 796 1290
34 966 1404 2492
34 967 1420 2580
34 968 640 976
34 969 732 1166
34 970 1144 1952
34 971 1300 2332
34 972 772 1260
34 973 798 1346
34 974 1376 2520
34 975 1424 2692
34 976 418 652
34 977 438 706
34 978 756 1304
34 979 792 1412
34 980 584 988
34 981 632 1112
34 982 1048 1976
34 983 1136 2224
34 984 498 826
34 985 532 910
34 986 896 1652
34 987 956 1820
34 988 592 1028
34 989 628 1136
34 990 1064 2056
34 991 1128 2272
34 992 580 856
34 993 556 856
34 994 1040 1712
34 995 1000 1712
34 996 824 1326
34 997 816 1366
34 998 1468 2652
34 999 1452 2732
34 1000 716 1140
34 1001 724 1188
34 1002 1272 2280
34 1003 1296 2376
34 1004 780 1316
34 1005 812 1408
34 1006 1392 2632
34 1007 1448 2816
34 1008 452 724
34 1009 462 772
34 1010 816 1448
34 1011 836 1544
34 1012 656 1148
34 1013 664 1212
34 1014 1176 2296
34 1015 1192 2424
34 1016 528 898
34 1017 582 1030
34 1018 948 1796
34 1019 1048 2060
34 1020 620 1120
34 1021 656 1228
34 1022 1112 2240
34 1023 1176 2456
34 1024 392 400
34 1025 460 492
34 1026 708 800
34 1027 828 984
34 1028 568 636
34 1029 732 856
34 1030 1016 1272
34 1031 1304 1712
34 1032 484 524
34 1033 524 596
34 1034 868 1048
34 1035 940 1192
34 1036 652 752
34 1037 708 872
34 1038 1160 1504
34 1039 1264 1744
34 1040 404 452
34 1041 504 592
34 1042 728 904
34 1043 904 1184
34 1044 544 672
34 1045 776 1020
34 1046 976 1344
34 1047 1380 2040
34 1048 500 596
34 1049 560 692
34 1050 892 1192
34 1051 1000 1384
34 1052 604 768
34 1053 756 1024
34 1054 1080 1536
34 1055 1344 2048
34 1056 404 432
34 1057 420 480
34 1058 728 864
34 1059 760 960
34 1060 632 736
34 1061 620 780
34 1062 1128 1472
34 1063 1112 1560
34 1064 468 536
34 1065 552 660
34 1066 840 1072
34 1067 992 1320
34 1068 608 752
34 1069 664 864
34 1070 1088 1504
34 1071 1184 1728
34 1072 404 472
34 1073 488 612
34 1074 728 944
34 1075 880 1224
34 1076 600 780
34 1077 696 984
34 1078 1076 1560
34 1079 1248 1968
34 1080 460 572
34 1081 592 780
34 1082 824 1144
34 1083 1060 1560
34 1084 580 784
34 1085 684 992
34 1086 1040 1568
34 1087 1224 1984
34 1088 356 372
34 1089 424 464
34 1090 644 744
34 1091 764 928
34 1092 504 580
34 1093 668 800
34 1094 904 1160
34 1095 1192 1600
34 1096 488 536
34 1097 528 608
34 1098 876 1072
34 1099 948 1216
34 1100 628 744
34 1101 740 920
34 1102 1120 1488
34 1103 1320 1840
34 1104 384 432
34 1105 484 572
34 1106 692 864
34 1107 868 1144
34 1108 508 632
34 1109 740 980
34 1110 912 1264
34 1111 1316 1960
34 1112 520 624
34 1113 580 720
34 1114 928 1248
34 1115 1036 1440
34 1116 608 784
34 1117 792 1080
34 1118 1088 1568
34 1119 1408 2160
34 1120 368 404
34 1121 424 492
34 1122 664 808
34 1123 768 984
34 1124 568 680
34 1125 628 804
34 1126 1016 1360
34 1127 1128 1608
34 1128 472 548
34 1129 516 632
34 1130 848 1096
34 1131 928 1264
34 1132 640 800
34 1133 632 840
34 1134 1144 1600
34 1135 1128 1680
34 1136 384 452
34 1137 508 640
34 1138 692 904
34 1139 916 1280
34 1140 564 740
34 1141 732 1040
34 1142 1012 1480
34 1143 1312 2080
34 1144 480 600
34 1145 572 760
34 1146 860 1200
34 1147 1024 1520
34 1148 616 840
34 1149 680 992
34 1150 1104 1680
34 1151 1216 1984
34 1152 215 257
34 1153 253 315
34 1154 392 514
34 1155 460 630
34 1156 314 408
34 1157 406 548
34 1158 568 816
34 1159 732 1096
34 1160 267 337
34 1161 289 379
34 1162 484 674
34 1163 524 758
34 1164 362 484
34 1165 392 550
34 1166 652 968
34 1167 708 1100
34 1168 222 286
34 1169 278 374
34 1170 404 572
34 1171 504 748
34 1172 300 420
34 1173 431 639
34 1174 544 840
34 1175 776 1278
34 1176 277 379
34 1177 310 436
34 1178 500 758
34 1179 560 872
34 1180 334 480
34 1181 420 638
34 1182 604 960
34 1183 756 1276
34 1184 222 276
34 1185 230 300
34 1186 404 552
34 1187 420 600
34 1188 350 470
34 1189 342 486
34 1190 632 940
34 1191 620 972
34 1192 258 340
34 1193 304 414
34 1194 468 680
34 1195 552 828
34 1196 336 472
34 1197 368 540
34 1198 608 944
34 1199 664 1080
34 1200 222 296
34 1201 268 378
34 1202 404 592
34 1203 488 756
34 1204 331 483
34 1205 384 600
34 1206 600 966
34 1207 696 1200
34 1208 254 358
34 1209 327 483
34 1210 460 716
34 1211 592 966
34 1212 320 482
34 1213 378 604
34 1214 580 964
34 1215 684 1208
34 1216 195 237
34 1217 233 295
34 1218 356 474
34 1219 424 590
34 1220 278 368
34 1221 370 508
34 1222 504 736
34 1223 668 1016
34 1224 269 343
34 1225 291 385
34 1226 488 686
34 1227 528 770
34 1228 348 474
34 1229 410 580
34 1230 628 948
34 1231 740 1160
34 1232 211 273
34 1233 267 361
34 1234 384 546
34 1235 484 722
34 1236 280 394
34 1237 411 613
34 1238 508 788
34 1239 740 1226
34 1240 288 396
34 1241 321 453
34 1242 520 792
34 1243 580 906
34 1244 336 488
34 1245 440 672
34 1246 608 976
34 1247 792 1344
34 1248 202 256
34 1249 232 306
34 1250 368 512
34 1251 424 612
34 1252 314 430
34 1253 346 498
34 1254 568 860
34 1255 628 996
34 1256 260 346
34 1257 284 394
34 1258 472 692
34 1259 516 788
34 1260 354 502
34 1261 350 522
34 1262 640 1004
34 1263 632 1044
34 1264 211 283
34 1265 279 395
34 1266 384 566
34 1267 508 790
34 1268 311 457
34 1269 404 634
34 1270 564 914
34 1271 732 1268
34 1272 265 375
34 1273 316 470
34 1274 480 750
34 1275 572 940
34 1276 340 516
34 1277 376 604
34 1278 616 1032
34 1279 680 1208
34 1280 624 708
34 1281 644 768
34 1282 1112 1416
34 1283 1144 1536
34 1284 864 1088
34 1285 976 1280
34 1286 1520 2176
34 1287 1713 2562
34 1288 784 956
34 1289 788 1008
34 1290 1384 1912
34 1291 1392 2016
34 1292 976 1288
34 1293 992 1368
34 1294 1705 2578
34 1295 1744 2736
34 1296 576 720
34 1297 600 776
34 1298 1024 1440
34 1299 1064 1552
34 1300 704 976
34 1301 844 1224
34 1302 1248 1952
34 1303 1489 2450
34 1304 740 1008
34 1305 704 992
34 1306 1297 2018
34 1307 1241 1986
34 1308 776 1128
34 1309 840 1272
34 1310 1368 2256
34 1311 1481 2546
34 1312 660 780
34 1313 636 792
34 1314 1172 1560
34 1315 1136 1584
34 1316 1004 1304
34 1317 888 1224
34 1318 1761 2610
34 1319 1568 2448
34 1320 772 988
34 1321 868 1152
34 1322 1364 1976
34 1323 1536 2304
34 1324 964 1336
34 1325 992 1432
34 1326 1696 2672
34 1327 1737 2866
34 1328 604 776
34 1329 656 888
34 1330 1072 1552
34 1331 1168 1776
34 1332 852 1224
34 1333 848 1296
34 1334 1505 2450
34 1335 1504 2592
34 1336 700 976
34 1337 836 1224
34 1338 1233 1954
34 1339 1473 2450
34 1340 816 1232
34 1341 856 1360
34 1342 1441 2466
34 1343 1512 2720
34 1344 560 652
34 1345 612 744
34 1346 1000 1304
34 1347 1088 1488
34 1348 752 976
34 1349 920 1232
34 1350 1328 1952
34 1351 1617 2466
34 1352 792 980
34 1353 764 1000
34 1354 1400 1960
34 1355 1352 2000
34 1356 936 1272
34 1357 992 1400
34 1358 1641 2546
34 1359 1744 2800
34 1360 540 680
34 1361 596 776
34 1362 960 1360
34 1363 1056 1552
34 1364 640 896
34 1365 836 1224
34 1366 1136 1792
34 1367 1473 2450
34 1368 776 1064
34 1369 708 1008
34 1370 1361 2130
34 1371 1249 2018
34 1372 784 1160
34 1373 848 1304
34 1374 1384 2320
34 1375 1497 2610
34 1376 596 724
34 1377 644 816
34 1378 1060 1448
34 1379 1152 1632
34 1380 892 1192
34 1381 904 1272
34 1382 1569 2386
34 1383 1600 2544
34 1384 780 1012
34 1385 804 1096
34 1386 1380 2024
34 1387 1424 2192
34 1388 1020 1432
34 1389 936 1384
34 1390 1792 2864
34 1391 1641 2770
34 1392 568 736
34 1393 692 944
34 1394 1008 1472
34 1395 1232 1888
34 1396 788 1144
34 1397 912 1408
34 1398 1393 2290
34 1399 1616 2816
34 1400 736 1032
34 1401 800 1184
34 1402 1297 2066
34 1403 1409 2370
34 1404 880 1344
34 1405 848 1360
34 1406 1553 2690
34 1407 1496 2720
34 1408 346 456
34 1409 358 492
34 1410 624 912
34 1411 644 984
34 1412 484 700
34 1413 548 820
34 1414 864 1400
34 1415 976 1640
34 1416 438 616
34 1417 440 642
34 1418 784 1232
34 1419 788 1284
34 1420 550 830
34 1421 556 864
34 1422 976 1660
34 1423 992 1728
34 1424 320 456
34 1425 334 490
34 1426 576 912
34 1427 600 980
34 1428 392 608
34 1429 472 762
34 1430 704 1216
34 1431 844 1524
34 1432 416 642
34 1433 394 622
34 1434 740 1284
34 1435 704 1244
34 1436 434 702
34 1437 470 786
34 1438 776 1404
34 1439 840 1572
34 1440 367 501
34 1441 352 498
34 1442 660 1002
34 1443 636 996
34 1444 564 838
34 1445 496 768
34 1446 1004 1676
34 1447 888 1536
34 1448 431 629
34 1449 484 726
34 1450 772 1258
34 1451 868 1452
34 1452 540 842
34 1453 558 902
34 1454 964 1684
34 1455 992 1804
34 1456 336 490
34 1457 364 552
34 1458 604 980
34 1459 656 1104
34 1460 476 762
34 1461 472 792
34 1462 852 1524
34 1463 848 1584
34 1464 392 614
34 1465 468 762
34 1466 700 1228
34 1467 836 1524
34 1468 456 760
34 1469 478 830
34 1470 816 1520
34 1471 856 1660
34 1472 310 416
34 1473 340 474
34 1474 560 832
34 1475 612 948
34 1476 420 620
34 1477 516 784
34 1478 752 1240
34 1479 920 1568
34 1480 442 628
34 1481 426 632
34 1482 792 1256
34 1483 764 1264
34 1484 526 810
34 1485 556 880
34 1486 936 1620
34 1487 992 1760
34 1488 300 430
34 1489 332 490
34 1490 540 860
34 1491 596 980
34 1492 356 556
34 1493 468 762
34 1494 640 1112
34 1495 836 1524
34 1496 436 676
34 1497 396 630
34 1498 776 1352
34 1499 708 1260
34 1500 438 718
34 1501 474 802
34 1502 784 1436
34 1503 848 1604
34 1504 331 461
34 1505 356 510
34 1506 596 922
34 1507 644 1020
34 1508 500 758
34 1509 504 792
34 1510 892 1516
34 1511 904 1584
34 1512 435 641
34 1513 448 686
34 1514 780 1282
34 1515 804 1372
34 1516 572 902
34 1517 526 866
34 1518 1020 1804
34 1519 936 1732
34 1520 316 464
34 1521 384 586
34 1522 568 928
34 1523 692 1172
34 1524 440 710
34 1525 508 860
34 1526 788 1420
34 1527 912 1720
34 1528 412 648
34 1529 448 736
34 1530 736 1296
34 1531 800 1472
34 1532 492 828
34 1533 474 830
34 1534 880 1656
34 1535 848 1660
34 1536 628 704
34 1537 748 880
34 1538 1128 1408
34 1539 1340 1760
34 1540 944 1160
34 1541 1124 1464
34 1542 1676 2320
34 1543 1996 2928
34 1544 724 864
34 1545 884 1104
34 1546 1296 1728
34 1547 1572 2208
34 1548 956 1224
34 1549 1080 1472
34 1550 1704 2448
34 1551 1920 2944
34 1552 584 728
34 1553 752 1000
34 1554 1052 1456
34 1555 1344 2000
34 1556 880 1200
34 1557 1184 1760
34 1558 1568 2400
34 1559 2089 3522
34 1560 664 872
34 1561 828 1144
34 1562 1192 1744
34 1563 1476 2288
34 1564 920 1280
34 1565 1148 1744
34 1566 1640 2560
34 1567 2025 3490
34 1568 648 760
34 1569 680 856
34 1570 1164 1520
34 1571 1224 1712
34 1572 948 1224
34 1573 1040 1432
34 1574 1692 2448
34 1575 1852 2864
34 1576 784 984
34 1577 848 1128
34 1578 1396 1968
34 1579 1520 2256
34 1580 904 1232
34 1581 1004 1440
34 1582 1616 2464
34 1583 1792 2880
34 1584 576 760
34 1585 672 960
34 1586 1040 1520
34 1587 1212 1920
34 1588 880 1280
34 1589 1040 1648
34 1590 1576 2560
34 1591 1856 3296
34 1592 652 904
34 1593 792 1176
34 1594 1172 1808
34 1595 1424 2352
34 1596 844 1264
34 1597 1000 1616
34 1598 1512 2528
34 1599 1784 3232
34 1600 564 648
34 1601 708 848
34 1602 1016 1296
34 1603 1268 1696
34 1604 832 1048
34 1605 1052 1400
34 1606 1484 2096
34 1607 1868 2800
34 1608 756 912
34 1609 892 1128
34 1610 1352 1824
34 1611 1588 2256
34 1612 980 1280
34 1613 1112 1544
34 1614 1744 2560
34 1615 1976 3088
34 1616 548 688
34 1617 716 960
34 1618 988 1376
34 1619 1280 1920
34 1620 816 1120
34 1621 1120 1680
34 1622 1456 2240
34 1623 1977 3362
34 1624 700 928
34 1625 864 1200
34 1626 1256 1856
34 1627 1540 2400
34 1628 952 1344
34 1629 1188 1824
34 1630 1696 2688
34 1631 2097 3650
34 1632 608 728
34 1633 688 880
34 1634 1092 1456
34 1635 1240 1760
34 1636 876 1160
34 1637 1056 1480
34 1638 1564 2320
34 1639 1884 2960
34 1640 792 1008
34 1641 808 1096
34 1642 1412 2016
34 1643 1448 2192
34 1644 936 1304
34 1645 964 1416
34 1646 1672 2608
34 1647 1720 2832
34 1648 540 720
34 1649 708 1016
34 1650 976 1440
34 1651 1276 2032
34 1652 816 1200
34 1653 1104 1760
34 1654 1464 2400
34 1655 1968 3520
34 1656 688 960
34 1657 756 1136
34 1658 1236 1920
34 1659 1360 2272
34 1660 884 1344
34 1661 968 1584
34 1662 1584 2688
34 1663 1728 3168
34 1664 346 448
34 1665 413 557
34 1666 628 896
34 1667 748 1114
34 1668 525 739
34 1669 625 921
34 1670 944 1478
34 1671 1124 1842
34 1672 400 546
34 1673 491 699
34 1674 724 1092
34 1675 884 1398
34 1676 530 768
34 1677 600 916
34 1678 956 1536
34 1679 1080 1832
34 1680 321 451
34 1681 416 620
34 1682 584 902
34 1683 752 1240
34 1684 488 744
34 1685 662 1090
34 1686 880 1488
34 1687 1184 2180
34 1688 366 538
34 1689 459 707
34 1690 664 1076
34 1691 828 1414
34 1692 510 790
34 1693 642 1076
34 1694 920 1580
34 1695 1148 2152
34 1696 357 479
34 1697 374 530
34 1698 648 958
34 1699 680 1060
34 1700 525 765
34 1701 577 887
34 1702 948 1530
34 1703 1040 1774
34 1704 435 621
34 1705 468 696
34 1706 784 1242
34 1707 848 1392
34 1708 500 760
34 1709 556 882
34 1710 904 1520
34 1711 1004 1764
34 1712 316 464
34 1713 369 579
34 1714 576 928
34 1715 672 1158
34 1716 486 778
34 1717 576 992
34 1718 880 1556
34 1719 1040 1984
34 1720 359 551
34 1721 436 708
34 1722 652 1102
34 1723 792 1416
34 1724 466 764
34 1725 554 970
34 1726 844 1528
34 1727 1000 1940
34 1728 310 408
34 1729 391 535
34 1730 564 816
34 1731 708 1070
34 1732 461 659
34 1733 585 877
34 1734 832 1318
34 1735 1052 1754
34 1736 418 576
34 1737 495 711
34 1738 756 1152
34 1739 892 1422
34 1740 544 802
34 1741 618 958
34 1742 980 1604
34 1743 1112 1916
34 1744 301 425
34 1745 396 594
34 1746 548 850
34 1747 716 1188
34 1748 452 692
34 1749 626 1038
34 1750 816 1384
34 1751 1120 2076
34 1752 386 572
34 1753 479 741
34 1754 700 1144
34 1755 864 1482
34 1756 528 828
34 1757 664 1122
34 1758 952 1656
34 1759 1188 2244
34 1760 335 457
34 1761 378 542
34 1762 608 914
34 1763 688 1084
34 1764 485 721
34 1765 585 911
34 1766 876 1442
34 1767 1056 1822
34 1768 439 633
34 1769 446 674
34 1770 792 1266
34 1771 808 1348
34 1772 518 802
34 1773 534 864
34 1774 936 1604
34 1775 964 1728
34 1776 296 438
34 1777 389 613
34 1778 540 876
34 1779 708 1226
34 1780 450 726
34 1781 612 1060
34 1782 816 1452
34 1783 1104 2120
34 1784 379 585
34 1785 416 682
34 1786 688 1170
34 1787 756 1364
34 1788 488 810
34 1789 536 948
34 1790 884 1620
34 1791 968 1896
34 1792 976 1224
34 1793 1012 1328
34 1794 1728 2448
34 1795 1792 2656
34 1796 1404 1952
34 1797 1420 2064
34 1798 2449 3906
34 1799 2496 4128
34 1800 1144 1544
34 1801 1300 1840
34 1802 2016 3088
34 1803 2273 3682
34 1804 1376 2016
34 1805 1424 2176
34 1806 2416 4032
34 1807 2504 4352
34 1808 756 1064
34 1809 792 1160
34 1810 1352 2128
34 1811 1416 2320
34 1812 1048 1616
34 1813 1136 1840
34 1814 1856 3232
34 1815 2016 3680
34 1816 896 1352
34 1817 956 1496
34 1818 1592 2704
34 1819 1696 2992
34 1820 1064 1696
34 1821 1128 1888
34 1822 1888 3392
34 1823 2000 3776
34 1824 1040 1352
34 1825 1000 1376
34 1826 1840 2704
34 1827 1776 2752
34 1828 1468 2112
34 1829 1452 2192
34 1830 2576 4224
34 1831 2545 4386
34 1832 1272 1800
34 1833 1296 1920
34 1834 2225 3602
34 1835 2288 3840
34 1836 1392 2128
34 1837 1448 2288
34 1838 2448 4256
34 1839 2544 4576
34 1840 816 1184
34 1841 836 1280
34 1842 1456 2368
34 1843 1496 2560
34 1844 1176 1888
34 1845 1192 2016
34 1846 2081 3778
34 1847 2113 4034
34 1848 948 1472
34 1849 1048 1712
34 1850 1680 2944
34 1851 1864 3424
34 1852 1112 1856
34 1853 1176 2048
34 1854 1969 3714
34 1855 2081 4098
34 1856 864 1112
34 1857 996 1328
34 1858 1536 2224
34 1859 1760 2656
34 1860 1212 1728
34 1861 1388 2064
34 1862 2128 3456
34 1863 2433 4130
34 1864 1200 1640
34 1865 1260 1824
34 1866 2112 3280
34 1867 2209 3650
34 1868 1416 2128
34 1869 1416 2224
34 1870 2481 4258
34 1871 2489 4450
34 1872 692 984
34 1873 784 1160
34 1874 1240 1968
34 1875 1400 2320
34 1876 936 1456
34 1877 1120 1840
34 1878 1664 2912
34 1879 1984 3680
34 1880 960 1464
34 1881 964 1528
34 1882 1704 2928
34 1883 1712 3056
34 1884 1120 1824
34 1885 1136 1936
34 1886 1984 3648
34 1887 2016 3872
34 1888 968 1288
34 1889 1016 1424
34 1890 1712 2576
34 1891 1808 2848
34 1892 1340 1984
34 1893 1484 2288
34 1894 2353 3970
34 1895 2608 4576
34 1896 1288 1848
34 1897 1224 1856
34 1898 2257 3698
34 1899 2160 3712
34 1900 1448 2272
34 1901 1376 2240
34 1902 2545 4546
34 1903 2417 4482
34 1904 752 1104
34 1905 900 1392
34 1906 1344 2208
34 1907 1608 2784
34 1908 1064 1728
34 1909 1304 2240
34 1910 1889 3458
34 1911 2305 4482
34 1912 1012 1584
34 1913 984 1632
34 1914 1792 3168
34 1915 1752 3264
34 1916 1184 2016
34 1917 1120 1984
34 1918 2097 4034
34 1919 1985 3970
34 1920 544 780
34 1921 564 838
34 1922 976 1560
34 1923 1012 1676
34 1924 792 1246
34 1925 796 1290
34 1926 1404 2492
34 1927 1420 2580
34 1928 640 976
34 1929 732 1166
34 1930 1144 1952
34 1931 1300 2332
34 1932 772 1260
34 1933 798 1346
34 1934 1376 2520
34 1935 1424 2692
34 1936 418 652
34 1937 438 706
34 1938 756 1304
34 1939 792 1412
34 1940 584 988
34 1941 632 1112
34 1942 1048 1976
34 1943 1136 2224
34 1944 498 826
34 1945 532 910
34 1946 896 1652
34 1947 956 1820
34 1948 592 1028
34 1949 628 1136
34 1950 1064 2056
34 1951 1128 2272
34 1952 580 856
34 1953 556 856
34 1954 1040 1712
34 1955 1000 1712
34 1956 824 1326
34 1957 816 1366
34 1958 1468 2652
34 1959 1452 2732
34 1960 716 1140
34 1961 724 1188
34 1962 1272 2280
34 1963 1296 2376
34 1964 780 1316
34 1965 812 1408
34 1966 1392 2632
34 1967 1448 2816
34 1968 452 724
34 1969 462 772
34 1970 816 1448
34 1971 836 1544
34 1972 656 1148
34 1973 664 1212
34 1974 1176 2296
34 1975 1192 2424
34 1976 528 898
34 1977 582 1030
34 1978 948 1796
34 1979 1048 2060
34 1980 620 1120
34 1981 656 1228
34 1982 1112 2240
34 1983 1176 2456
34 1984 480 700
34 1985 556 838
34 1986 864 1400
34 1987 996 1676
34 1988 680 1086
34 1989 780 1290
34 1990 1212 2172
34 1991 1388 2580
34 1992 672 1036
34 1993 708 1146
34 1994 1200 2072
34 1995 1260 2292
34 1996 796 1328
34 1997 794 1370
34 1998 1416 2656
34 1999 1416 2740
34 2000 382 600
34 2001 434 706
34 2002 692 1200
34 2003 784 1412
34 2004 520 884
34 2005 624 1112
34 2006 936 1768
34 2007 1120 2224
34 2008 534 894
34 2009 536 926
34 2010 960 1788
34 2011 964 1852
34 2012 624 1104
34 2013 632 1160
34 2014 1120 2208
34 2015 1136 2320
34 2016 540 812
34 2017 564 880
34 2018 968 1624
34 2019 1016 1760
34 2020 752 1238
34 2021 832 1414
34 2022 1340 2476
34 2023 1484 2828
34 2024 724 1164
34 2025 684 1144
34 2026 1288 2328
34 2027 1224 2288
34 2028 812 1400
34 2029 772 1372
34 2030 1448 2800
34 2031 1376 2744
34 2032 416 672
34 2033 498 840
34 2034 752 1344
34 2035 900 1680
34 2036 592 1044
34 2037 728 1348
34 2038 1064 2088
34 2039 1304 2696
34 2040 564 966
34 2041 546 978
34 2042 1012 1932
34 2043 984 1956
34 2044 660 1212
34 2045 624 1184
34 2046 1184 2424
34 2047 1120 2368
35 0 8 8
35 1 12 16
35 2 12 16
35 3 17 34
35 4 5 7
35 5 8 14
35 6 8 14
35 7 12 28
36 0 35 35
36 1 60 70
36 2 54 60
36 3 92 120
36 4 41 45
36 5 69 92
36 6 50 60
36 7 85 122
36 8 28 30
36 9 48 60
36 10 42 50
36 11 72 100
36 12 34 40
36 13 57 82
36 14 48 60
36 15 81 122
36 16 59 67
36 17 100 134
36 18 91 117
36 19 152 234
36 20 68 84
36 21 113 170
36 22 84 114
36 23 141 230
36 24 47 57
36 25 80 114
36 26 71 97
36 27 120 194
36 28 56 74
36 29 93 150
36 30 80 114
36 31 133 230
36 32 59 67
36 33 100 134
36 34 91 117
36 35 152 234
36 36 68 84
36 37 113 170
36 38 84 114
36 39 141 230
36 40 47 57
36 41 80 114
36 42 71 97
36 43 120 194
36 44 56 74
36 45 93 150
36 46 80 114
36 47 133 230
36 48 93 125
36 49 156 250
36 50 145 225
36 51 237 452
36 52 104 150
36 53 172 300
36 54 134 212
36 55 221 426
36 56 73 105
36 57 124 210
36 58 113 185
36 59 188 370
36 60 84 130
36 61 140 260
36 62 124 210
36 63 204 420
36 64 28 30
36 65 48 60
36 66 42 50
36 67 72 100
36 68 34 40
36 69 57 82
36 70 48 60
36 71 81 122
36 72 35 39
36 73 60 78
36 74 54 68
36 75 92 136
36 76 41 49
36 77 69 100
36 78 50 68
36 79 85 138
36 80 47 57
36 81 80 114
36 82 71 97
36 83 120 194
36 84 56 74
36 85 93 150
36 86 80 114
36 87 133 230
36 88 59 75
36 89 100 150
36 90 91 133
36 91 152 266
36 92 68 92
36 93 113 186
36 94 84 130
36 95 141 262
36 96 47 57
36 97 80 114
36 98 71 97
36 99 120 194
36 100 56 74
36 101 93 150
36 102 80 114
36 103 133 230
36 104 59 75
36 105 100 150
36 106 91 133
36 107 152 266
36 108 68 92
36 109 113 186
36 110 84 130
36 111 141 262
36 112 73 105
36 113 124 210
36 114 113 185
36 115 188 370
36 116 84 130
36 117 140 260
36 118 124 210
36 119 204 420
36 120 93 141
36 121 156 282
36 122 145 257
36 123 237 516
36 124 104 166
36 125 172 332
36 126 134 244
36 127 221 490
37 0 164 164
37 1 160 168
37 2 296 328
37 3 288 336
37 4 156 164
37 5 192 208
37 6 280 328
37 7 344 416
37 8 296 328
37 9 288 336
37 10 528 656
37 11 512 672
37 12 280 328
37 13 344 416
37 14 496 656
37 15 608 832
37 16 172 192
37 17 152 172
37 18 308 384
37 19 272 344
37 20 124 152
37 21 144 180
37 22 224 304
37 23 260 360
37 24 308 384
37 25 272 344
37 26 544 768
37 27 480 688
37 28 224 304
37 29 260 360
37 30 400 608
37 31 464 720
37 32 160 168
37 33 164 180
37 34 288 336
37 35 296 360
37 36 192 208
37 37 156 180
37 38 344 416
37 39 280 360
37 40 288 336
37 41 296 360
37 42 512 672
37 43 528 720
37 44 344 416
37 45 280 360
37 46 608 832
37 47 496 720
37 48 152 172
37 49 172 200
37 50 272 344
37 51 308 400
37 52 144 180
37 53 124 160
37 54 260 360
37 55 224 320
37 56 272 344
37 57 308 400
37 58 480 688
37 59 544 800
37 60 260 360
37 61 224 320
37 62 464 720
37 63 400 640
37 64 90 106
37 65 88 108
37 66 164 212
37 67 160 216
37 68 86 106
37 69 106 134
37 70 156 212
37 71 192 268
37 72 164 212
37 73 160 216
37 74 296 424
37 75 288 432
37 76 156 212
37 77 192 268
37 78 280 424
37 79 344 536
37 80 95 123
37 81 84 110
37 82 172 246
37 83 152 220
37 84 68 94
37 85 79 111
37 86 124 188
37 87 144 222
37 88 172 246
37 89 152 220
37 90 308 492
37 91 272 440
37 92 124 188
37 93 144 222
37 94 224 376
37 95 260 444
37 96 88 108
37 97 90 114
37 98 160 216
37 99 164 228
37 100 106 134
37 101 86 114
37 102 192 268
37 103 156 228
37 104 160 216
37 105 164 228
37 106 288 432
37 107 296 456
37 108 192 268
37 109 156 228
37 110 344 536
37 111 280 456
37 112 84 110
37 113 95 127
37 114 152 220
37 115 172 254
37 116 79 111
37 117 68 98
37 118 144 222
37 119 124 196
37 120 152 220
37 121 172 254
37 122 272 440
37 123 308 508
37 124 144 222
37 125 124 196
37 126 260 444
37 127 224 392
37 128 296 328
37 129 288 336
37 130 528 656
37 131 512 672
37 132 280 328
37 133 344 416
37 134 496 656
37 135 608 832
37 136 528 656
37 137 512 672
37 138 928 1312
37 139 896 1344
37 140 496 656
37 141 608 832
37 142 865 1314
37 143 1057 1666
37 144 308 384
37 145 272 344
37 146 544 768
37 147 480 688
37 148 224 304
37 149 260 360
37 150 400 608
37 151 464 720
37 152 544 768
37 153 480 688
37 154 945 1538
37 155 833 1378
37 156 400 608
37 157 464 720
37 158 704 1216
37 159 816 1440
37 160 288 336
37 161 296 360
37 162 512 672
37 163 528 720
37 164 344 416
37 165 280 360
37 166 608 832
37 167 496 720
37 168 512 672
37 169 528 720
37 170 896 1344
37 171 928 1440
37 172 608 832
37 173 496 720
37 174 1057 1666
37 175 865 1442
37 176 272 344
37 177 308 400
37 178 480 688
37 179 544 800
37 180 260 360
37 181 224 320
37 182 464 720
37 183 400 640
37 184 480 688
37 185 544 800
37 186 833 1378
37 187 945 1602
37 188 464 720
37 189 400 640
37 190 816 1440
37 191 704 1280
37 192 164 212
37 193 160 216
37 194 296 424
37 195 288 432
37 196 156 212
37 197 192 268
37 198 280 424
37 199 344 536
37 200 296 424
37 201 288 432
37 202 528 848
37 203 512 864
37 204 280 424
37 205 344 536
37 206 496 848
37 207 608 1072
37 208 172 246
37 209 152 220
37 210 308 492
37 211 272 440
37 212 124 188
37 213 144 222
37 214 224 376
37 215 260 444
37 216 308 492
37 217 272 440
37 218 544 984
37 219 480 880
37 220 224 376
37 221 260 444
37 222 400 752
37 223 464 888
37 224 160 216
37 225 164 228
37 226 288 432
37 227 296 456
37 228 192 268
37 229 156 228
37 230 344 536
37 231 280 456
37 232 288 432
37 233 296 456
37 234 512 864
37 235 528 912
37 236 344 536
37 237 280 456
37 238 608 1072
37 239 496 912
37 240 152 220
37 241 172 254
37 242 272 440
37 243 308 508
37 244 144 222
37 245 124 196
37 246 260 444
37 247 224 392
37 248 272 440
37 249 308 508
37 250 480 880
37 251 544 1016
37 252 260 444
37 253 224 392
37 254 464 888
37 255 400 784
37 256 240 264
37 257 264 304
37 258 432 528
37 259 472 608
37 260 248 280
37 261 256 312
37 262 444 560
37 263 460 624
37 264 432 528
37 265 472 608
37 266 768 1056
37 267 832 1216
37 268 444 560
37 269 460 624
37 270 784 1120
37 271 816 1248
37 272 188 240
37 273 184 240
37 274 340 480
37 275 332 480
37 276 168 224
37 277 172 240
37 278 304 448
37 279 312 480
37 280 340 480
37 281 332 480
37 282 608 960
37 283 592 960
37 284 304 448
37 285 312 480
37 286 544 896
37 287 560 960
37 288 264 304
37 289 240 296
37 290 472 608
37 291 432 592
37 292 256 312
37 293 248 312
37 294 460 624
37 295 444 624
37 296 472 608
37 297 432 592
37 298 832 1216
37 299 768 1184
37 300 460 624
37 301 444 624
37 302 816 1248
37 303 784 1248
37 304 184 240
37 305 188 256
37 306 332 480
37 307 340 512
37 308 172 240
37 309 168 240
37 310 312 480
37 311 304 480
37 312 332 480
37 313 340 512
37 314 592 960
37 315 608 1024
37 316 312 480
37 317 304 480
37 318 560 960
37 319 544 960
37 320 132 168
37 321 146 194
37 322 240 336
37 323 264 388
37 324 137 179
37 325 141 195
37 326 248 358
37 327 256 390
37 328 240 336
37 329 264 388
37 330 432 672
37 331 472 776
37 332 248 358
37 333 256 390
37 334 444 716
37 335 460 780
37 336 103 147
37 337 101 147
37 338 188 294
37 339 184 294
37 340 92 136
37 341 94 144
37 342 168 272
37 343 172 288
37 344 188 294
37 345 184 294
37 346 340 588
37 347 332 588
37 348 168 272
37 349 172 288
37 350 304 544
37 351 312 576
37 352 146 194
37 353 132 184
37 354 264 388
37 355 240 368
37 356 141 195
37 357 137 195
37 358 256 390
37 359 248 390
37 360 264 388
37 361 240 368
37 362 472 776
37 363 432 736
37 364 256 390
37 365 248 390
37 366 460 780
37 367 444 780
37 368 101 147
37 369 103 155
37 370 184 294
37 371 188 310
37 372 94 144
37 373 92 144
37 374 172 288
37 375 168 288
37 376 184 294
37 377 188 310
37 378 332 588
37 379 340 620
37 380 172 288
37 381 168 288
37 382 312 576
37 383 304 576
37 384 432 528
37 385 472 608
37 386 768 1056
37 387 832 1216
37 388 444 560
37 389 460 624
37 390 784 1120
37 391 816 1248
37 392 768 1056
37 393 832 1216
37 394 1344 2112
37 395 1441 2434
37 396 784 1120
37 397 816 1248
37 398 1361 2242
37 399 1424 2496
37 400 340 480
37 401 332 480
37 402 608 960
37 403 592 960
37 404 304 448
37 405 312 480
37 406 544 896
37 407 560 960
37 408 608 960
37 409 592 960
37 410 1072 1920
37 411 1040 1920
37 412 544 896
37 413 560 960
37 414 960 1792
37 415 992 1920
37 416 472 608
37 417 432 592
37 418 832 1216
37 419 768 1184
37 420 460 624
37 421 444 624
37 422 816 1248
37 423 784 1248
37 424 832 1216
37 425 768 1184
37 426 1441 2434
37 427 1344 2368
37 428 816 1248
37 429 784 1248
37 430 1424 2496
37 431 1361 2498
37 432 332 480
37 433 340 512
37 434 592 960
37 435 608 1024
37 436 312 480
37 437 304 480
37 438 560 960
37 439 544 960
37 440 592 960
37 441 608 1024
37 442 1040 1920
37 443 1072 2048
37 444 560 960
37 445 544 960
37 446 992 1920
37 447 960 1920
37 448 240 336
37 449 264 388
37 450 432 672
37 451 472 776
37 452 248 358
37 453 256 390
37 454 444 716
37 455 460 780
37 456 432 672
37 457 472 776
37 458 768 1344
37 459 832 1552
37 460 444 716
37 461 460 780
37 462 784 1432
37 463 816 1560
37 464 188 294
37 465 184 294
37 466 340 588
37 467 332 588
37 468 168 272
37 469 172 288
37 470 304 544
37 471 312 576
37 472 340 588
37 473 332 588
37 474 608 1176
37 475 592 1176
37 476 304 544
37 477 312 576
37 478 544 1088
37 479 560 1152
37 480 264 388
37 481 240 368
37 482 472 776
37 483 432 736
37 484 256 390
37 485 248 390
37 486 460 780
37 487 444 780
37 488 472 776
37 489 432 736
37 490 832 1552
37 491 768 1472
37 492 460 780
37 493 444 780
37 494 816 1560
37 495 784 1560
37 496 184 294
37 497 188 310
37 498 332 588
37 499 340 620
37 500 172 288
37 501 168 288
37 502 312 576
37 503 304 576
37 504 332 588
37 505 340 620
37 506 592 1176
37 507 608 1240
37 508 312 576
37 509 304 576
37 510 560 1152
37 511 544 1152
38 0 172 172
38 1 204 220
38 2 199 213
38 3 241 279
38 4 292 343
38 5 344 439
38 6 336 425
38 7 404 557
38 8 217 231
38 9 217 251
38 10 228 260
38 11 246 302
38 12 368 461
38 13 364 501
38 14 384 519
38 15 412 603
38 16 176 180
38 17 208 228
38 18 203 221
38 19 235 277
38 20 299 357
38 21 351 453
38 22 343 439
38 23 395 551
38 24 211 229
38 25 211 249
38 26 232 268
38 27 240 300
38 28 359 455
38 29 355 495
38 30 391 533
38 31 403 597
38 32 234 258
38 33 238 290
38 34 266 308
38 35 257 337
38 36 396 515
38 37 400 579
38 38 448 615
38 39 432 673
38 40 284 338
38 41 235 307
38 42 263 329
38 43 245 335
38 44 480 675
38 45 396 613
38 46 444 657
38 47 412 669
38 48 241 273
38 49 245 305
38 50 273 323
38 51 248 332
38 52 407 543
38 53 411 607
38 54 459 643
38 55 419 661
38 56 275 333
38 57 226 302
38 58 264 338
38 59 242 336
38 60 467 663
38 61 383 601
38 62 447 673
38 63 407 669
38 64 194 206
38 65 236 272
38 66 190 220
38 67 222 276
38 68 328 411
38 69 396 543
38 70 320 439
38 71 372 551
38 72 210 236
38 73 228 278
38 74 222 270
38 75 222 290
38 76 356 471
38 77 384 555
38 78 376 539
38 79 372 579
38 80 198 214
38 81 230 270
38 82 194 228
38 83 226 284
38 84 335 425
38 85 387 537
38 86 327 453
38 87 379 565
38 88 214 244
38 89 222 276
38 90 216 268
38 91 216 288
38 92 363 485
38 93 375 549
38 94 367 533
38 95 363 573
38 96 261 305
38 97 252 334
38 98 242 304
38 99 226 312
38 100 440 609
38 101 424 667
38 102 408 607
38 103 380 623
38 104 265 333
38 105 233 321
38 106 279 371
38 107 230 332
38 108 448 665
38 109 392 641
38 110 472 741
38 111 388 663
38 112 268 320
38 113 243 329
38 114 243 313
38 115 227 321
38 116 451 637
38 117 411 655
38 118 411 623
38 119 383 639
38 120 272 348
38 121 224 316
38 122 270 366
38 123 221 327
38 124 459 693
38 125 379 629
38 126 459 729
38 127 375 651
38 128 174 181
38 129 206 229
38 130 201 222
38 131 243 288
38 132 295 352
38 133 347 448
38 134 339 434
38 135 407 566
38 136 219 240
38 137 219 260
38 138 224 263
38 139 242 305
38 140 371 470
38 141 367 510
38 142 379 516
38 143 407 600
38 144 180 191
38 145 212 239
38 146 207 232
38 147 239 288
38 148 304 372
38 149 356 468
38 150 348 454
38 151 400 566
38 152 215 240
38 153 215 260
38 154 230 273
38 155 238 305
38 156 364 470
38 157 360 510
38 158 388 536
38 159 400 600
38 160 236 267
38 161 240 299
38 162 268 317
38 163 253 340
38 164 399 524
38 165 403 588
38 166 451 624
38 167 427 670
38 168 280 341
38 169 231 310
38 170 259 332
38 171 247 344
38 172 475 672
38 173 391 610
38 174 439 654
38 175 415 678
38 176 239 278
38 177 243 310
38 178 271 328
38 179 252 343
38 180 404 546
38 181 408 610
38 182 456 646
38 183 424 676
38 184 279 344
38 185 230 313
38 186 268 349
38 187 240 341
38 188 472 678
38 189 388 616
38 190 452 688
38 191 404 672
38 192 196 215
38 193 238 281
38 194 186 223
38 195 218 279
38 196 331 420
38 197 399 552
38 198 315 436
38 199 367 548
38 200 212 245
38 201 230 287
38 202 224 279
38 203 224 299
38 204 359 480
38 205 387 564
38 206 379 548
38 207 375 588
38 208 202 225
38 209 234 281
38 210 192 233
38 211 224 289
38 212 340 440
38 213 392 552
38 214 324 456
38 215 376 568
38 216 218 255
38 217 226 287
38 218 220 279
38 219 220 299
38 220 368 500
38 221 380 564
38 222 372 548
38 223 368 588
38 224 263 314
38 225 248 337
38 226 238 307
38 227 222 315
38 228 443 618
38 229 419 664
38 230 403 604
38 231 375 620
38 232 267 342
38 233 229 324
38 234 275 374
38 235 226 335
38 236 451 674
38 237 387 638
38 238 467 738
38 239 383 660
38 240 266 325
38 241 247 340
38 242 247 324
38 243 231 332
38 244 448 640
38 245 416 670
38 246 416 638
38 247 388 654
38 248 270 353
38 249 228 327
38 250 274 377
38 251 225 338
38 252 456 696
38 253 384 644
38 254 464 744
38 255 380 666
38 256 178 182
38 257 209 233
38 258 205 223
38 259 246 292
38 260 300 363
38 261 351 463
38 262 344 445
38 263 411 581
38 264 223 241
38 265 222 264
38 266 234 270
38 267 251 315
38 268 376 481
38 269 371 525
38 270 392 539
38 271 419 627
38 272 182 190
38 273 215 243
38 274 209 231
38 275 242 292
38 276 307 377
38 277 360 485
38 278 351 459
38 279 404 583
38 280 217 239
38 281 218 264
38 282 238 278
38 283 247 315
38 284 367 475
38 285 364 527
38 286 399 553
38 287 412 629
38 288 239 271
38 289 244 304
38 290 271 321
38 291 263 351
38 292 403 539
38 293 408 607
38 294 455 639
38 295 440 701
38 296 289 351
38 297 241 321
38 298 268 342
38 299 251 349
38 300 487 699
38 301 404 641
38 302 451 681
38 303 420 697
38 304 248 288
38 305 251 319
38 306 280 338
38 307 254 346
38 308 416 575
38 309 419 635
38 310 468 675
38 311 427 689
38 312 282 348
38 313 232 316
38 314 271 353
38 315 248 350
38 316 476 695
38 317 391 629
38 318 456 705
38 319 415 697
38 320 200 216
38 321 241 285
38 322 196 230
38 323 227 289
38 324 336 431
38 325 403 567
38 326 328 459
38 327 379 575
38 328 216 246
38 329 233 291
38 330 228 280
38 331 227 303
38 332 364 491
38 333 391 579
38 334 384 559
38 335 379 603
38 336 204 224
38 337 237 285
38 338 200 238
38 339 233 299
38 340 343 445
38 341 396 569
38 342 335 473
38 343 388 597
38 344 220 254
38 345 229 291
38 346 222 278
38 347 223 303
38 348 371 505
38 349 384 581
38 350 375 553
38 351 372 605
38 352 266 318
38 353 258 348
38 354 247 317
38 355 232 326
38 356 447 633
38 357 432 695
38 358 415 631
38 359 388 651
38 360 270 346
38 361 239 335
38 362 284 384
38 363 236 346
38 364 455 689
38 365 400 669
38 366 479 765
38 367 396 691
38 368 275 335
38 369 249 343
38 370 250 328
38 371 233 335
38 372 460 669
38 373 419 683
38 374 420 655
38 375 391 667
38 376 279 363
38 377 230 330
38 378 277 381
38 379 227 341
38 380 468 725
38 381 387 657
38 382 468 761
38 383 383 679
38 384 180 191
38 385 213 244
38 386 207 232
38 387 250 303
38 388 303 372
38 389 356 478
38 390 347 454
38 391 416 596
38 392 225 250
38 393 226 275
38 394 230 273
38 395 249 320
38 396 379 490
38 397 376 540
38 398 387 536
38 399 416 630
38 400 186 201
38 401 217 252
38 402 213 242
38 403 244 301
38 404 312 392
38 405 363 494
38 406 356 474
38 407 407 592
38 408 221 250
38 409 220 273
38 410 236 283
38 411 243 318
38 412 372 490
38 413 367 536
38 414 396 556
38 415 407 626
38 416 243 282
38 417 246 313
38 418 275 332
38 419 259 354
38 420 408 554
38 421 411 616
38 422 460 654
38 423 435 698
38 424 287 356
38 425 237 324
38 426 266 347
38 427 253 358
38 428 484 702
38 429 399 638
38 430 448 684
38 431 423 706
38 432 244 291
38 433 249 324
38 434 276 341
38 435 258 357
38 436 411 572
38 437 416 638
38 438 463 672
38 439 432 704
38 440 284 357
38 441 236 327
38 442 273 362
38 443 246 355
38 444 479 704
38 445 396 644
38 446 459 714
38 447 412 700
38 448 202 225
38 449 245 296
38 450 192 233
38 451 225 294
38 452 339 440
38 453 408 582
38 454 323 456
38 455 376 578
38 456 218 255
38 457 237 302
38 458 230 289
38 459 231 314
38 460 367 500
38 461 396 594
38 462 387 568
38 463 384 618
38 464 208 235
38 465 239 294
38 466 198 243
38 467 229 302
38 468 348 460
38 469 399 578
38 470 332 476
38 471 383 594
38 472 224 265
38 473 231 300
38 474 226 289
38 475 225 312
38 476 376 520
38 477 387 590
38 478 380 568
38 479 375 614
38 480 270 329
38 481 254 351
38 482 245 322
38 483 228 329
38 484 452 648
38 485 427 692
38 486 412 634
38 487 383 648
38 488 274 357
38 489 235 338
38 490 282 389
38 491 232 349
38 492 460 704
38 493 395 666
38 494 476 768
38 495 391 688
38 496 271 338
38 497 253 354
38 498 252 337
38 499 237 346
38 500 455 666
38 501 424 698
38 502 423 664
38 503 396 682
38 504 275 366
38 505 234 341
38 506 279 390
38 507 231 352
38 508 463 722
38 509 392 672
38 510 471 770
38 511 388 694
38 512 218 238
38 513 245 297
38 514 268 314
38 515 274 362
38 516 368 475
38 517 408 593
38 518 451 625
38 519 455 721
38 520 240 282
38 521 285 371
38 522 260 328
38 523 288 402
38 524 404 563
38 525 475 739
38 526 435 653
38 527 480 803
38 528 222 246
38 529 249 305
38 530 264 314
38 531 280 372
38 532 375 489
38 533 415 607
38 534 444 627
38 535 464 743
38 536 244 290
38 537 281 371
38 538 266 338
38 539 292 410
38 540 411 577
38 541 468 741
38 542 444 675
38 543 487 817
38 544 267 327
38 545 250 338
38 546 305 401
38 547 260 372
38 548 448 653
38 549 415 673
38 550 511 799
38 551 432 743
38 552 280 370
38 553 285 413
38 554 271 375
38 555 270 408
38 556 472 739
38 557 476 825
38 558 455 747
38 559 451 813
38 560 274 342
38 561 259 355
38 562 298 398
38 563 261 381
38 564 459 681
38 565 428 709
38 566 500 795
38 567 435 759
38 568 287 385
38 569 276 408
38 570 274 386
38 571 279 425
38 572 483 767
38 573 463 813
38 574 460 771
38 575 464 849
38 576 263 307
38 577 269 355
38 578 236 298
38 579 243 333
38 580 443 611
38 581 447 707
38 582 396 595
38 583 404 665
38 584 242 304
38 585 296 408
38 586 245 325
38 587 290 422
38 588 407 605
38 589 492 815
38 590 412 649
38 591 483 841
38 592 259 307
38 593 275 365
38 594 240 306
38 595 247 341
38 596 436 613
38 597 456 729
38 598 403 609
38 599 411 679
38 600 248 314
38 601 300 416
38 602 249 333
38 603 286 422
38 604 416 627
38 605 499 829
38 606 419 663
38 607 476 843
38 608 310 408
38 609 255 369
38 610 265 363
38 611 238 356
38 612 519 813
38 613 424 737
38 614 444 725
38 615 395 709
38 616 263 369
38 617 258 394
38 618 285 413
38 619 280 442
38 620 443 735
38 621 431 785
38 622 480 825
38 623 468 883
38 624 303 405
38 625 256 378
38 626 266 372
38 627 241 367
38 628 508 809
38 629 427 753
38 630 447 741
38 631 400 733
38 632 272 386
38 633 261 405
38 634 292 428
38 635 271 437
38 636 456 771
38 637 436 809
38 638 491 853
38 639 455 871
38 640 220 247
38 641 247 306
38 642 272 325
38 643 272 367
38 644 371 484
38 645 411 602
38 646 456 640
38 647 452 724
38 648 242 291
38 649 289 382
38 650 258 333
38 651 290 411
38 652 407 572
38 653 480 754
38 654 432 656
38 655 483 812
38 656 226 257
38 657 253 316
38 658 266 323
38 659 276 375
38 660 380 504
38 661 420 622
38 662 447 636
38 663 459 740
38 664 248 301
38 665 283 380
38 666 262 341
38 667 296 421
38 668 416 592
38 669 471 750
38 670 439 672
38 671 492 832
38 672 269 336
38 673 254 349
38 674 303 406
38 675 256 375
38 676 451 662
38 677 420 688
38 678 508 802
38 679 427 740
38 680 282 379
38 681 281 416
38 682 269 380
38 683 274 419
38 684 475 748
38 685 471 822
38 686 452 750
38 687 456 828
38 688 272 347
38 689 255 358
38 690 300 407
38 691 265 392
38 692 456 684
38 693 423 706
38 694 503 804
38 695 440 774
38 696 285 390
38 697 280 419
38 698 276 395
38 699 275 428
38 700 480 770
38 701 468 828
38 702 463 780
38 703 459 846
38 704 267 318
38 705 267 360
38 706 232 301
38 707 239 336
38 708 448 626
38 709 444 710
38 710 391 592
38 711 399 662
38 712 246 315
38 713 292 411
38 714 247 334
38 715 294 433
38 716 412 620
38 717 487 812
38 718 415 658
38 719 488 856
38 720 261 316
38 721 271 368
38 722 238 311
38 723 245 346
38 724 439 622
38 725 451 726
38 726 400 612
38 727 408 682
38 728 250 323
38 729 298 421
38 730 253 344
38 731 288 431
38 732 419 636
38 733 496 832
38 734 424 678
38 735 479 852
38 736 308 413
38 737 251 372
38 738 261 366
38 739 236 361
38 740 516 816
38 741 419 734
38 742 439 722
38 743 392 712
38 744 267 380
38 745 256 399
38 746 287 422
38 747 276 445
38 748 448 750
38 749 428 788
38 750 483 834
38 751 463 880
38 752 305 414
38 753 260 389
38 754 270 383
38 755 243 376
38 756 511 818
38 757 432 768
38 758 452 756
38 759 403 742
38 760 268 389
38 761 263 414
38 762 290 433
38 763 275 448
38 764 451 768
38 765 439 818
38 766 488 856
38 767 460 886
38 768 224 248
38 769 244 304
38 770 274 324
38 771 275 371
38 772 376 495
38 773 407 605
38 774 459 645
38 775 456 741
38 776 240 286
38 777 280 370
38 778 260 332
38 779 281 399
38 780 404 571
38 781 468 739
38 782 435 661
38 783 471 795
38 784 228 256
38 785 250 314
38 786 270 324
38 787 279 379
38 788 383 509
38 789 416 627
38 790 452 647
38 791 463 755
38 792 244 294
38 793 274 368
38 794 266 342
38 795 287 409
38 796 411 585
38 797 459 733
38 798 444 683
38 799 480 817
38 800 266 334
38 801 244 332
38 802 306 410
38 803 254 366
38 804 447 665
38 805 407 661
38 806 512 819
38 807 424 731
38 808 285 383
38 809 285 417
38 810 278 390
38 811 270 412
38 812 479 763
38 813 476 833
38 814 464 779
38 815 451 821
38 816 275 351
38 817 253 349
38 818 297 405
38 819 255 375
38 820 460 701
38 821 420 697
38 822 499 807
38 823 427 747
38 824 294 400
38 825 276 412
38 826 279 399
38 827 279 429
38 828 492 799
38 829 463 821
38 830 467 795
38 831 464 857
38 832 269 317
38 833 270 364
38 834 242 308
38 835 242 340
38 836 451 631
38 837 448 727
38 838 404 615
38 839 403 677
38 840 242 308
38 841 289 405
38 842 245 329
38 843 285 421
38 844 407 613
38 845 483 807
38 846 412 657
38 847 476 841
38 848 265 317
38 849 274 372
38 850 246 316
38 851 248 350
38 852 444 633
38 853 455 741
38 854 411 629
38 855 412 699
38 856 248 318
38 857 295 415
38 858 249 337
38 859 279 419
38 860 416 635
38 861 492 829
38 862 419 671
38 863 467 835
38 864 311 417
38 865 249 363
38 866 264 370
38 867 232 350
38 868 520 833
38 869 416 725
38 870 443 737
38 871 387 697
38 872 270 384
38 873 258 398
38 874 290 426
38 875 280 446
38 876 452 767
38 877 431 793
38 878 487 849
38 879 468 891
38 880 302 412
38 881 250 372
38 882 267 381
38 883 235 361
38 884 507 821
38 885 419 741
38 886 448 761
38 887 392 721
38 888 277 399
38 889 261 409
38 890 299 443
38 891 271 441
38 892 463 795
38 893 436 817
38 894 500 885
38 895 455 879
38 896 226 257
38 897 248 315
38 898 278 335
38 899 271 374
38 900 379 504
38 901 412 620
38 902 464 660
38 903 451 738
38 904 242 295
38 905 282 379
38 906 258 337
38 907 285 410
38 908 407 580
38 909 471 748
38 910 432 664
38 911 476 810
38 912 232 267
38 913 252 323
38 914 272 333
38 915 277 384
38 916 388 524
38 917 419 636
38 918 455 656
38 919 460 758
38 920 248 305
38 921 278 379
38 922 262 345
38 923 289 418
38 924 416 600
38 925 464 748
38 926 439 680
38 927 483 826
38 928 270 345
38 929 248 343
38 930 302 413
38 931 250 369
38 932 452 680
38 933 412 676
38 934 507 816
38 935 419 728
38 936 289 394
38 937 281 420
38 938 274 393
38 939 274 423
38 940 484 778
38 941 471 830
38 942 459 776
38 943 456 836
38 944 271 354
38 945 249 352
38 946 301 416
38 947 259 386
38 948 455 698
38 949 415 694
38 950 504 822
38 951 432 762
38 952 290 403
38 953 280 423
38 954 283 410
38 955 275 432
38 956 487 796
38 957 468 836
38 958 472 810
38 959 459 854
38 960 273 328
38 961 266 367
38 962 238 311
38 963 240 345
38 964 456 646
38 965 443 724
38 966 399 612
38 967 400 680
38 968 246 319
38 969 287 410
38 970 247 338
38 971 287 430
38 972 412 628
38 973 480 810
38 974 415 666
38 975 479 850
38 976 267 326
38 977 272 377
38 978 244 321
38 979 244 353
38 980 447 642
38 981 452 744
38 982 408 632
38 983 407 696
38 984 250 327
38 985 291 418
38 986 253 348
38 987 283 430
38 988 419 644
38 989 487 826
38 990 424 686
38 991 472 850
38 992 307 420
38 993 245 366
38 994 262 375
38 995 230 355
38 996 515 830
38 997 411 722
38 998 440 740
38 999 384 700
38 1000 272 393
38 1001 256 403
38 1002 294 437
38 1003 276 449
38 1004 455 776
38 1005 428 796
38 1006 492 864
38 1007 463 888
38 1008 306 423
38 1009 254 383
38 1010 269 390
38 1011 237 370
38 1012 512 836
38 1013 424 756
38 1014 451 770
38 1015 395 730
38 1016 275 404
38 1017 263 418
38 1018 295 446
38 1019 275 452
38 1020 460 798
38 1021 439 826
38 1022 495 882
38 1023 460 894
38 1024 264 296
38 1025 289 353
38 1026 307 373
38 1027 332 446
38 1028 450 593
38 1029 490 707
38 1030 518 747
38 1031 558 893
38 1032 323 393
38 1033 291 383
38 1034 326 434
38 1035 318 456
38 1036 546 787
38 1037 490 767
38 1038 549 867
38 1039 533 911
38 1040 271 311
38 1041 296 368
38 1042 314 388
38 1043 323 441
38 1044 461 621
38 1045 501 735
38 1046 529 775
38 1047 545 881
38 1048 314 388
38 1049 282 378
38 1050 335 451
38 1051 311 453
38 1052 533 775
38 1053 477 755
38 1054 562 903
38 1055 522 907
38 1056 324 416
38 1057 342 476
38 1058 359 491
38 1059 353 541
38 1060 550 833
38 1061 574 953
38 1062 606 983
38 1063 593 1081
38 1064 395 555
38 1065 326 488
38 1066 358 528
38 1067 333 527
38 1068 665 1109
38 1069 549 975
38 1070 605 1055
38 1071 558 1055
38 1072 335 441
38 1073 353 501
38 1074 370 516
38 1075 342 528
38 1076 566 883
38 1077 590 1003
38 1078 622 1033
38 1079 577 1055
38 1080 384 542
38 1081 315 475
38 1082 363 543
38 1083 328 524
38 1084 649 1083
38 1085 533 949
38 1086 613 1085
38 1087 550 1049
38 1088 299 359
38 1089 324 432
38 1090 290 386
38 1091 315 451
38 1092 506 719
38 1093 546 865
38 1094 489 771
38 1095 529 901
38 1096 300 388
38 1097 292 410
38 1098 331 467
38 1099 299 449
38 1100 510 777
38 1101 494 821
38 1102 558 935
38 1103 502 899
38 1104 306 374
38 1105 315 427
38 1106 299 403
38 1107 324 468
38 1108 517 747
38 1109 533 853
38 1110 502 807
38 1111 542 937
38 1112 307 403
38 1113 283 405
38 1114 322 462
38 1115 290 444
38 1116 521 805
38 1117 481 809
38 1118 545 923
38 1119 489 887
38 1120 351 485
38 1121 345 535
38 1122 334 494
38 1123 320 514
38 1124 594 971
38 1125 581 1069
38 1126 565 987
38 1127 541 1027
38 1128 364 538
38 1129 311 497
38 1130 387 609
38 1131 318 534
38 1132 614 1077
38 1133 525 993
38 1134 653 1217
38 1135 537 1067
38 1136 362 510
38 1137 334 522
38 1138 339 509
38 1139 325 529
38 1140 610 1021
38 1141 565 1043
38 1142 573 1017
38 1143 549 1057
38 1144 375 563
38 1145 300 484
38 1146 376 596
38 1147 307 521
38 1148 630 1127
38 1149 509 967
38 1150 637 1191
38 1151 521 1041
38 1152 267 306
38 1153 292 363
38 1154 310 383
38 1155 335 456
38 1156 454 608
38 1157 494 722
38 1158 522 762
38 1159 562 908
38 1160 326 403
38 1161 294 393
38 1162 323 434
38 1163 315 456
38 1164 550 802
38 1165 494 782
38 1166 545 864
38 1167 529 908
38 1168 274 321
38 1169 299 378
38 1170 317 398
38 1171 326 451
38 1172 465 638
38 1173 505 752
38 1174 533 792
38 1175 549 898
38 1176 317 398
38 1177 285 388
38 1178 332 451
38 1179 308 453
38 1180 537 792
38 1181 481 772
38 1182 558 898
38 1183 518 902
38 1184 327 426
38 1185 345 486
38 1186 362 501
38 1187 350 541
38 1188 554 848
38 1189 578 968
38 1190 610 998
38 1191 589 1078
38 1192 392 555
38 1193 323 488
38 1194 355 528
38 1195 336 537
38 1196 661 1106
38 1197 545 972
38 1198 601 1052
38 1199 562 1070
38 1200 332 441
38 1201 350 501
38 1202 367 516
38 1203 345 538
38 1204 562 878
38 1205 586 998
38 1206 618 1028
38 1207 581 1072
38 1208 387 552
38 1209 318 485
38 1210 366 553
38 1211 325 524
38 1212 653 1100
38 1213 537 966
38 1214 617 1102
38 1215 546 1044
38 1216 302 369
38 1217 327 442
38 1218 287 386
38 1219 312 451
38 1220 510 734
38 1221 550 880
38 1222 485 768
38 1223 525 898
38 1224 303 398
38 1225 295 420
38 1226 334 477
38 1227 302 459
38 1228 514 792
38 1229 498 836
38 1230 562 950
38 1231 506 914
38 1232 309 384
38 1233 318 437
38 1234 296 403
38 1235 321 468
38 1236 521 764
38 1237 537 870
38 1238 498 802
38 1239 538 932
38 1240 310 413
38 1241 286 415
38 1242 325 472
38 1243 293 454
38 1244 525 822
38 1245 485 826
38 1246 549 940
38 1247 493 904
38 1248 354 495
38 1249 342 535
38 1250 331 494
38 1251 317 514
38 1252 598 986
38 1253 577 1066
38 1254 561 984
38 1255 537 1024
38 1256 367 548
38 1257 308 497
38 1258 384 609
38 1259 315 534
38 1260 618 1092
38 1261 521 990
38 1262 649 1214
38 1263 533 1064
38 1264 359 510
38 1265 337 532
38 1266 342 519
38 1267 328 539
38 1268 606 1016
38 1269 569 1060
38 1270 577 1034
38 1271 553 1074
38 1272 372 563
38 1273 303 494
38 1274 379 606
38 1275 310 531
38 1276 626 1122
38 1277 513 984
38 1278 641 1208
38 1279 525 1058
38 1280 270 306
38 1281 294 366
38 1282 313 383
38 1283 331 453
38 1284 458 613
38 1285 497 731
38 1286 526 767
38 1287 557 905
38 1288 323 397
38 1289 290 390
38 1290 332 444
38 1291 319 465
38 1292 546 795
38 1293 489 779
38 1294 557 887
38 1295 534 931
38 1296 271 315
38 1297 297 377
38 1298 314 392
38 1299 330 456
38 1300 461 629
38 1301 502 755
38 1302 529 783
38 1303 554 913
38 1304 320 398
38 1305 289 393
38 1306 335 455
38 1307 316 466
38 1308 541 795
38 1309 486 787
38 1310 562 911
38 1311 529 931
38 1312 329 429
38 1313 348 490
38 1314 358 498
38 1315 347 535
38 1316 557 857
38 1317 582 981
38 1318 605 995
38 1319 585 1069
38 1320 396 560
38 1321 326 492
38 1322 359 537
38 1323 327 521
38 1324 666 1121
38 1325 549 983
38 1326 606 1075
38 1327 550 1043
38 1328 334 444
38 1329 353 505
38 1330 363 513
38 1331 342 532
38 1332 565 887
38 1333 590 1011
38 1334 613 1025
38 1335 577 1063
38 1336 391 557
38 1337 321 489
38 1338 358 542
38 1339 328 528
38 1340 658 1115
38 1341 541 977
38 1342 606 1085
38 1343 550 1057
38 1344 305 369
38 1345 323 439
38 1346 296 396
38 1347 322 466
38 1348 514 739
38 1349 545 877
38 1350 497 791
38 1351 538 933
38 1352 306 398
38 1353 291 417
38 1354 331 471
38 1355 298 456
38 1356 518 797
38 1357 493 833
38 1358 558 943
38 1359 501 911
38 1360 306 378
38 1361 322 442
38 1362 299 407
38 1363 323 475
38 1364 517 755
38 1365 542 885
38 1366 502 815
38 1367 541 949
38 1368 307 407
38 1369 290 420
38 1370 328 472
38 1371 297 459
38 1372 521 813
38 1373 490 841
38 1374 553 943
38 1375 498 919
38 1376 350 492
38 1377 339 529
38 1378 341 509
38 1379 326 528
38 1380 593 983
38 1381 573 1057
38 1382 574 1019
38 1383 549 1055
38 1384 363 545
38 1385 305 491
38 1386 388 614
38 1387 318 538
38 1388 613 1089
38 1389 517 981
38 1390 654 1229
38 1391 537 1075
38 1392 355 507
38 1393 334 526
38 1394 340 514
38 1395 325 533
38 1396 601 1013
38 1397 565 1051
38 1398 574 1029
38 1399 549 1065
38 1400 368 560
38 1401 300 488
38 1402 383 611
38 1403 313 535
38 1404 621 1119
38 1405 509 975
38 1406 646 1223
38 1407 529 1069
38 1408 273 316
38 1409 297 376
38 1410 316 393
38 1411 334 463
38 1412 462 628
38 1413 501 748
38 1414 530 782
38 1415 561 922
38 1416 326 407
38 1417 293 400
38 1418 329 444
38 1419 316 465
38 1420 550 810
38 1421 493 796
38 1422 553 884
38 1423 530 926
38 1424 274 325
38 1425 300 387
38 1426 317 402
38 1427 333 466
38 1428 465 646
38 1429 506 770
38 1430 533 800
38 1431 558 928
38 1432 323 408
38 1433 292 403
38 1434 332 455
38 1435 313 466
38 1436 545 812
38 1437 490 802
38 1438 558 906
38 1439 525 928
38 1440 332 439
38 1441 351 500
38 1442 361 508
38 1443 344 535
38 1444 561 874
38 1445 586 996
38 1446 609 1012
38 1447 581 1066
38 1448 393 560
38 1449 323 492
38 1450 356 537
38 1451 330 531
38 1452 662 1116
38 1453 545 980
38 1454 602 1070
38 1455 554 1058
38 1456 331 444
38 1457 350 505
38 1458 360 513
38 1459 345 542
38 1460 561 884
38 1461 586 1006
38 1462 609 1022
38 1463 581 1080
38 1464 394 567
38 1465 324 499
38 1466 361 552
38 1467 325 528
38 1468 662 1130
38 1469 545 994
38 1470 610 1100
38 1471 546 1052
38 1472 308 379
38 1473 326 449
38 1474 293 396
38 1475 319 466
38 1476 518 754
38 1477 549 894
38 1478 493 788
38 1479 534 928
38 1480 309 408
38 1481 294 427
38 1482 334 481
38 1483 301 466
38 1484 522 812
38 1485 497 850
38 1486 562 958
38 1487 505 928
38 1488 309 388
38 1489 325 452
38 1490 296 407
38 1491 320 475
38 1492 521 772
38 1493 546 900
38 1494 498 810
38 1495 537 946
38 1496 310 417
38 1497 293 430
38 1498 331 482
38 1499 300 469
38 1500 525 830
38 1501 494 856
38 1502 557 960
38 1503 502 934
38 1504 353 502
38 1505 336 529
38 1506 338 509
38 1507 323 528
38 1508 597 1000
38 1509 569 1054
38 1510 570 1014
38 1511 545 1052
38 1512 366 555
38 1513 302 491
38 1514 385 614
38 1515 315 538
38 1516 617 1106
38 1517 513 978
38 1518 650 1224
38 1519 533 1072
38 1520 352 507
38 1521 337 536
38 1522 343 524
38 1523 328 543
38 1524 597 1010
38 1525 569 1068
38 1526 578 1044
38 1527 553 1082
38 1528 365 560
38 1529 303 498
38 1530 386 621
38 1531 316 545
38 1532 617 1116
38 1533 513 992
38 1534 650 1238
38 1535 533 1086
38 1536 332 404
38 1537 331 449
38 1538 398 532
38 1539 351 525
38 1540 562 809
38 1541 558 899
38 1542 669 1063
38 1543 590 1051
38 1544 334 444
38 1545 369 535
38 1546 352 508
38 1547 365 567
38 1548 566 889
38 1549 621 1069
38 1550 594 1017
38 1551 614 1135
38 1552 339 419
38 1553 332 458
38 1554 391 529
38 1555 352 534
38 1556 573 837
38 1557 561 915
38 1558 658 1059
38 1559 593 1067
38 1560 341 459
38 1561 368 538
38 1562 359 523
38 1563 366 576
38 1564 577 917
38 1565 618 1077
38 1566 605 1045
38 1567 617 1151
38 1568 345 489
38 1569 318 486
38 1570 387 589
38 1571 310 500
38 1572 586 979
38 1573 537 971
38 1574 654 1179
38 1575 525 999
38 1576 355 543
38 1577 358 584
38 1578 341 545
38 1579 334 568
38 1580 602 1087
38 1581 605 1167
38 1582 578 1091
38 1583 565 1135
38 1584 356 514
38 1585 323 501
38 1586 376 576
38 1587 309 505
38 1588 602 1029
38 1589 545 1001
38 1590 638 1153
38 1591 525 1009
38 1592 366 568
38 1593 353 581
38 1594 346 560
38 1595 339 583
38 1596 618 1137
38 1597 597 1161
38 1598 586 1121
38 1599 573 1165
38 1600 390 518
38 1601 349 517
38 1602 346 494
38 1603 331 509
38 1604 657 1035
38 1605 586 1035
38 1606 585 987
38 1607 557 1017
38 1608 336 476
38 1609 369 571
38 1610 342 518
38 1611 371 607
38 1612 569 951
38 1613 621 1141
38 1614 578 1037
38 1615 625 1213
38 1616 383 515
38 1617 350 526
38 1618 355 511
38 1619 334 520
38 1620 646 1031
38 1621 589 1051
38 1622 598 1023
38 1623 562 1041
38 1624 345 493
38 1625 372 582
38 1626 349 533
38 1627 370 610
38 1628 582 987
38 1629 626 1165
38 1630 589 1065
38 1631 622 1221
38 1632 395 603
38 1633 308 500
38 1634 351 555
38 1635 316 532
38 1636 666 1207
38 1637 521 999
38 1638 593 1109
38 1639 530 1065
38 1640 341 549
38 1641 332 566
38 1642 363 609
38 1643 356 640
38 1644 577 1097
38 1645 558 1133
38 1646 614 1219
38 1647 601 1279
38 1648 384 590
38 1649 307 505
38 1650 356 570
38 1651 315 537
38 1652 650 1181
38 1653 521 1009
38 1654 601 1139
38 1655 530 1075
38 1656 352 574
38 1657 331 571
38 1658 374 634
38 1659 351 637
38 1660 593 1147
38 1661 558 1143
38 1662 630 1269
38 1663 593 1273
38 1664 335 414
38 1665 334 459
38 1666 401 542
38 1667 348 525
38 1668 566 824
38 1669 562 914
38 1670 673 1080
38 1671 586 1046
38 1672 337 454
38 1673 372 545
38 1674 349 508
38 1675 368 577
38 1676 570 904
38 1677 625 1086
38 1678 590 1012
38 1679 618 1150
38 1680 342 429
38 1681 335 468
38 1682 394 539
38 1683 349 534
38 1684 577 854
38 1685 565 932
38 1686 662 1074
38 1687 589 1064
38 1688 344 469
38 1689 371 548
38 1690 356 523
38 1691 369 586
38 1692 581 934
38 1693 622 1092
38 1694 601 1042
38 1695 621 1168
38 1696 348 499
38 1697 321 496
38 1698 384 589
38 1699 307 500
38 1700 590 994
38 1701 541 988
38 1702 650 1174
38 1703 521 996
38 1704 358 553
38 1705 355 584
38 1706 338 545
38 1707 337 578
38 1708 606 1102
38 1709 601 1164
38 1710 574 1086
38 1711 569 1152
38 1712 353 514
38 1713 320 501
38 1714 379 586
38 1715 312 515
38 1716 598 1024
38 1717 541 998
38 1718 642 1168
38 1719 529 1026
38 1720 363 568
38 1721 356 591
38 1722 349 570
38 1723 336 583
38 1724 614 1132
38 1725 601 1178
38 1726 590 1136
38 1727 569 1162
38 1728 393 528
38 1729 346 517
38 1730 343 494
38 1731 328 509
38 1732 661 1052
38 1733 582 1030
38 1734 581 984
38 1735 553 1014
38 1736 339 486
38 1737 366 571
38 1738 345 528
38 1739 374 617
38 1740 573 968
38 1741 617 1138
38 1742 582 1052
38 1743 629 1230
38 1744 386 525
38 1745 347 526
38 1746 352 511
38 1747 331 520
38 1748 650 1046
38 1749 585 1048
38 1750 594 1018
38 1751 558 1036
38 1752 348 503
38 1753 369 582
38 1754 352 543
38 1755 373 620
38 1756 586 1002
38 1757 622 1160
38 1758 593 1082
38 1759 626 1236
38 1760 392 603
38 1761 305 500
38 1762 348 555
38 1763 313 532
38 1764 662 1202
38 1765 517 996
38 1766 589 1106
38 1767 526 1060
38 1768 344 559
38 1769 329 566
38 1770 366 619
38 1771 353 640
38 1772 581 1114
38 1773 554 1128
38 1774 618 1234
38 1775 597 1276
38 1776 387 600
38 1777 310 515
38 1778 359 580
38 1779 318 547
38 1780 654 1196
38 1781 525 1026
38 1782 605 1156
38 1783 534 1090
38 1784 349 574
38 1785 334 581
38 1786 371 634
38 1787 354 647
38 1788 589 1144
38 1789 562 1158
38 1790 626 1264
38 1791 597 1290
38 1792 338 414
38 1793 330 456
38 1794 392 530
38 1795 344 522
38 1796 570 829
38 1797 557 911
38 1798 661 1059
38 1799 581 1043
38 1800 334 448
38 1801 370 540
38 1802 358 518
38 1803 364 574
38 1804 566 897
38 1805 622 1081
38 1806 602 1037
38 1807 613 1147
38 1808 339 423
38 1809 339 473
38 1810 391 533
38 1811 353 539
38 1812 573 845
38 1813 570 947
38 1814 658 1067
38 1815 594 1079
38 1816 335 457
38 1817 361 535
38 1818 359 527
38 1819 373 591
38 1820 569 913
38 1821 609 1069
38 1822 605 1053
38 1823 626 1183
38 1824 344 496
38 1825 312 480
38 1826 380 586
38 1827 304 494
38 1828 585 991
38 1829 529 959
38 1830 645 1171
38 1831 517 987
38 1832 354 550
38 1833 358 588
38 1834 340 552
38 1835 328 562
38 1836 601 1099
38 1837 605 1175
38 1838 577 1103
38 1839 557 1123
38 1840 349 511
38 1841 323 505
38 1842 375 583
38 1843 309 509
38 1844 593 1021
38 1845 545 1009
38 1846 637 1165
38 1847 525 1017
38 1848 359 565
38 1849 347 575
38 1850 339 557
38 1851 339 587
38 1852 609 1129
38 1853 589 1149
38 1854 577 1113
38 1855 573 1173
38 1856 384 516
38 1857 342 514
38 1858 352 504
38 1859 332 518
38 1860 649 1031
38 1861 577 1027
38 1862 593 1007
38 1863 558 1037
38 1864 342 486
38 1865 370 580
38 1866 342 522
38 1867 372 612
38 1868 577 971
38 1869 622 1161
38 1870 578 1045
38 1871 626 1225
38 1872 383 519
38 1873 351 531
38 1874 355 515
38 1875 339 533
38 1876 646 1039
38 1877 590 1063
38 1878 598 1031
38 1879 569 1065
38 1880 345 497
38 1881 377 595
38 1882 343 531
38 1883 363 607
38 1884 582 995
38 1885 633 1189
38 1886 581 1061
38 1887 613 1213
38 1888 388 600
38 1889 302 494
38 1890 352 564
38 1891 310 526
38 1892 657 1199
38 1893 513 987
38 1894 594 1129
38 1895 522 1053
38 1896 342 558
38 1897 326 560
38 1898 362 616
38 1899 356 644
38 1900 578 1117
38 1901 550 1121
38 1902 613 1231
38 1903 601 1287
38 1904 383 597
38 1905 307 509
38 1906 351 569
38 1907 315 541
38 1908 649 1193
38 1909 521 1017
38 1910 594 1139
38 1911 530 1083
38 1912 347 573
38 1913 331 575
38 1914 367 631
38 1915 345 631
38 1916 586 1147
38 1917 558 1151
38 1918 621 1261
38 1919 585 1261
38 1920 341 424
38 1921 333 466
38 1922 395 540
38 1923 341 522
38 1924 574 844
38 1925 561 928
38 1926 665 1076
38 1927 577 1040
38 1928 337 458
38 1929 373 550
38 1930 355 518
38 1931 367 584
38 1932 570 912
38 1933 626 1096
38 1934 598 1032
38 1935 617 1164
38 1936 342 433
38 1937 342 483
38 1938 394 543
38 1939 350 539
38 1940 577 862
38 1941 574 962
38 1942 662 1082
38 1943 590 1074
38 1944 338 467
38 1945 364 545
38 1946 356 527
38 1947 376 601
38 1948 573 930
38 1949 613 1086
38 1950 601 1050
38 1951 630 1198
38 1952 347 506
38 1953 315 490
38 1954 377 586
38 1955 301 494
38 1956 589 1008
38 1957 533 976
38 1958 641 1168
38 1959 513 984
38 1960 357 560
38 1961 355 588
38 1962 337 552
38 1963 331 572
38 1964 605 1116
38 1965 601 1172
38 1966 573 1100
38 1967 561 1140
38 1968 346 511
38 1969 320 505
38 1970 378 593
38 1971 312 519
38 1972 589 1018
38 1973 541 1006
38 1974 641 1182
38 1975 529 1034
38 1976 356 565
38 1977 350 585
38 1978 342 567
38 1979 336 587
38 1980 605 1126
38 1981 593 1166
38 1982 581 1130
38 1983 569 1170
38 1984 387 526
38 1985 339 514
38 1986 349 504
38 1987 329 518
38 1988 653 1048
38 1989 573 1024
38 1990 589 1004
38 1991 554 1032
38 1992 345 496
38 1993 367 580
38 1994 345 532
38 1995 375 622
38 1996 581 988
38 1997 618 1156
38 1998 582 1060
38 1999 630 1240
38 2000 386 529
38 2001 348 531
38 2002 352 515
38 2003 336 533
38 2004 650 1054
38 2005 586 1058
38 2006 594 1026
38 2007 565 1062
38 2008 348 507
38 2009 374 595
38 2010 346 541
38 2011 366 617
38 2012 586 1010
38 2013 629 1186
38 2014 585 1078
38 2015 617 1230
38 2016 385 600
38 2017 299 494
38 2018 349 564
38 2019 307 526
38 2020 653 1196
38 2021 509 984
38 2022 590 1124
38 2023 518 1048
38 2024 345 568
38 2025 323 560
38 2026 365 626
38 2027 353 644
38 2028 582 1132
38 2029 546 1116
38 2030 617 1248
38 2031 597 1284
38 2032 386 607
38 2033 310 519
38 2034 354 579
38 2035 318 551
38 2036 653 1210
38 2037 525 1034
38 2038 598 1154
38 2039 534 1098
38 2040 344 573
38 2041 334 585
38 2042 364 631
38 2043 348 641
38 2044 582 1142
38 2045 562 1166
38 2046 617 1258
38 2047 589 1278
38 2048 175 177
38 2049 207 225
38 2050 202 218
38 2051 244 284
38 2052 296 353
38 2053 348 449
38 2054 340 435
38 2055 408 567
38 2056 220 236
38 2057 220 256
38 2058 225 259
38 2059 243 301
38 2060 372 471
38 2061 368 511
38 2062 380 517
38 2063 408 601
38 2064 179 185
38 2065 211 233
38 2066 206 226
38 2067 238 282
38 2068 303 367
38 2069 355 463
38 2070 347 449
38 2071 399 561
38 2072 214 234
38 2073 214 254
38 2074 229 267
38 2075 237 299
38 2076 363 465
38 2077 359 505
38 2078 387 531
38 2079 399 595
38 2080 237 263
38 2081 241 295
38 2082 269 313
38 2083 254 336
38 2084 400 525
38 2085 404 589
38 2086 452 625
38 2087 428 671
38 2088 281 337
38 2089 232 306
38 2090 260 328
38 2091 248 340
38 2092 476 673
38 2093 392 611
38 2094 440 655
38 2095 416 679
38 2096 238 272
38 2097 242 304
38 2098 270 322
38 2099 251 337
38 2100 403 541
38 2101 407 605
38 2102 455 641
38 2103 423 671
38 2104 278 338
38 2105 229 307
38 2106 267 343
38 2107 239 335
38 2108 471 673
38 2109 387 611
38 2110 451 683
38 2111 403 667
38 2112 197 211
38 2113 239 277
38 2114 187 219
38 2115 219 275
38 2116 332 421
38 2117 400 553
38 2118 316 437
38 2119 368 549
38 2120 213 241
38 2121 231 283
38 2122 225 275
38 2123 225 295
38 2124 360 481
38 2125 388 565
38 2126 380 549
38 2127 376 589
38 2128 201 219
38 2129 233 275
38 2130 191 227
38 2131 223 283
38 2132 339 435
38 2133 391 547
38 2134 323 451
38 2135 375 563
38 2136 217 249
38 2137 225 281
38 2138 219 273
38 2139 219 293
38 2140 367 495
38 2141 379 559
38 2142 371 543
38 2143 367 583
38 2144 264 310
38 2145 249 333
38 2146 239 303
38 2147 223 311
38 2148 444 619
38 2149 420 665
38 2150 404 605
38 2151 376 621
38 2152 268 338
38 2153 230 320
38 2154 276 370
38 2155 227 331
38 2156 452 675
38 2157 388 639
38 2158 468 739
38 2159 384 661
38 2160 265 319
38 2161 246 334
38 2162 246 318
38 2163 230 326
38 2164 447 635
38 2165 415 665
38 2166 415 633
38 2167 387 649
38 2168 269 347
38 2169 227 321
38 2170 273 371
38 2171 224 332
38 2172 455 691
38 2173 383 639
38 2174 463 739
38 2175 379 661
38 2176 171 180
38 2177 203 228
38 2178 198 221
38 2179 240 287
38 2180 291 350
38 2181 343 446
38 2182 335 432
38 2183 403 564
38 2184 216 239
38 2185 216 259
38 2186 227 268
38 2187 245 310
38 2188 367 468
38 2189 363 508
38 2190 383 526
38 2191 411 610
38 2192 177 190
38 2193 209 238
38 2194 204 231
38 2195 236 287
38 2196 300 370
38 2197 352 466
38 2198 344 452
38 2199 396 564
38 2200 212 239
38 2201 212 259
38 2202 233 278
38 2203 241 310
38 2204 360 468
38 2205 356 508
38 2206 392 546
38 2207 404 610
38 2208 233 266
38 2209 237 298
38 2210 265 316
38 2211 256 345
38 2212 395 522
38 2213 399 586
38 2214 447 622
38 2215 431 680
38 2216 283 346
38 2217 234 315
38 2218 262 337
38 2219 244 343
38 2220 479 682
38 2221 395 620
38 2222 443 664
38 2223 411 676
38 2224 242 283
38 2225 246 315
38 2226 274 333
38 2227 249 342
38 2228 408 556
38 2229 412 620
38 2230 460 656
38 2231 420 674
38 2232 276 343
38 2233 227 312
38 2234 265 348
38 2235 243 346
38 2236 468 676
38 2237 384 614
38 2238 448 686
38 2239 408 682
38 2240 193 214
38 2241 235 280
38 2242 189 228
38 2243 221 284
38 2244 327 418
38 2245 395 550
38 2246 319 446
38 2247 371 558
38 2248 209 244
38 2249 227 286
38 2250 221 278
38 2251 221 298
38 2252 355 478
38 2253 383 562
38 2254 375 546
38 2255 371 586
38 2256 199 224
38 2257 231 280
38 2258 195 238
38 2259 227 294
38 2260 336 438
38 2261 388 550
38 2262 328 466
38 2263 380 578
38 2264 215 254
38 2265 223 286
38 2266 217 278
38 2267 217 298
38 2268 364 498
38 2269 376 562
38 2270 368 546
38 2271 364 586
38 2272 260 313
38 2273 251 342
38 2274 241 312
38 2275 225 320
38 2276 439 616
38 2277 423 674
38 2278 407 614
38 2279 379 630
38 2280 264 341
38 2281 232 329
38 2282 278 379
38 2283 229 340
38 2284 447 672
38 2285 391 648
38 2286 471 748
38 2287 387 670
38 2288 269 330
38 2289 244 339
38 2290 244 323
38 2291 228 331
38 2292 452 650
38 2293 412 668
38 2294 412 636
38 2295 384 652
38 2296 273 358
38 2297 225 326
38 2298 271 376
38 2299 222 337
38 2300 460 706
38 2301 380 642
38 2302 460 742
38 2303 376 664
38 2304 181 187
38 2305 212 238
38 2306 208 228
38 2307 249 297
38 2308 304 373
38 2309 355 473
38 2310 348 455
38 2311 415 591
38 2312 226 246
38 2313 225 269
38 2314 231 269
38 2315 248 314
38 2316 380 491
38 2317 375 535
38 2318 388 537
38 2319 415 625
38 2320 185 195
38 2321 218 248
38 2322 212 236
38 2323 245 297
38 2324 311 387
38 2325 364 495
38 2326 355 469
38 2327 408 593
38 2328 220 244
38 2329 221 269
38 2330 235 277
38 2331 244 314
38 2332 371 485
38 2333 368 537
38 2334 395 551
38 2335 408 627
38 2336 242 276
38 2337 247 309
38 2338 274 326
38 2339 260 350
38 2340 407 549
38 2341 412 617
38 2342 459 649
38 2343 436 699
38 2344 286 350
38 2345 238 320
38 2346 265 341
38 2347 254 354
38 2348 483 697
38 2349 400 639
38 2350 447 679
38 2351 424 707
38 2352 245 287
38 2353 248 318
38 2354 277 337
38 2355 257 351
38 2356 412 573
38 2357 415 633
38 2358 464 673
38 2359 431 699
38 2360 285 353
38 2361 235 321
38 2362 274 358
38 2363 245 349
38 2364 480 705
38 2365 395 639
38 2366 460 715
38 2367 411 695
38 2368 203 221
38 2369 244 290
38 2370 193 229
38 2371 224 288
38 2372 340 441
38 2373 407 577
38 2374 324 457
38 2375 375 573
38 2376 219 251
38 2377 236 296
38 2378 231 285
38 2379 230 308
38 2380 368 501
38 2381 395 589
38 2382 388 569
38 2383 383 613
38 2384 207 229
38 2385 240 290
38 2386 197 237
38 2387 230 298
38 2388 347 455
38 2389 400 579
38 2390 331 471
38 2391 384 595
38 2392 223 259
38 2393 232 296
38 2394 225 283
38 2395 226 308
38 2396 375 515
38 2397 388 591
38 2398 379 563
38 2399 376 615
38 2400 269 323
38 2401 255 347
38 2402 244 316
38 2403 229 325
38 2404 451 643
38 2405 428 693
38 2406 411 629
38 2407 384 649
38 2408 273 351
38 2409 236 334
38 2410 281 383
38 2411 233 345
38 2412 459 699
38 2413 396 667
38 2414 475 763
38 2415 392 689
38 2416 272 334
38 2417 252 348
38 2418 253 333
38 2419 236 340
38 2420 456 667
38 2421 423 693
38 2422 424 665
38 2423 395 677
38 2424 276 362
38 2425 233 335
38 2426 280 386
38 2427 230 346
38 2428 464 723
38 2429 391 667
38 2430 472 771
38 2431 387 689
38 2432 177 190
38 2433 210 243
38 2434 204 231
38 2435 247 302
38 2436 299 370
38 2437 352 476
38 2438 343 452
38 2439 412 594
38 2440 222 249
38 2441 223 274
38 2442 233 278
38 2443 252 325
38 2444 375 488
38 2445 372 538
38 2446 391 546
38 2447 420 640
38 2448 183 200
38 2449 214 251
38 2450 210 241
38 2451 241 300
38 2452 308 390
38 2453 359 492
38 2454 352 472
38 2455 403 590
38 2456 218 249
38 2457 217 272
38 2458 239 288
38 2459 246 323
38 2460 368 488
38 2461 363 534
38 2462 400 566
38 2463 411 636
38 2464 240 281
38 2465 243 312
38 2466 272 331
38 2467 262 359
38 2468 404 552
38 2469 407 614
38 2470 456 652
38 2471 439 708
38 2472 290 361
38 2473 240 329
38 2474 269 352
38 2475 250 357
38 2476 488 712
38 2477 403 648
38 2478 452 694
38 2479 419 704
38 2480 247 296
38 2481 252 329
38 2482 279 346
38 2483 255 356
38 2484 415 582
38 2485 420 648
38 2486 467 682
38 2487 428 702
38 2488 281 356
38 2489 233 326
38 2490 270 361
38 2491 249 360
38 2492 475 702
38 2493 392 642
38 2494 455 712
38 2495 416 710
38 2496 199 224
38 2497 242 295
38 2498 195 238
38 2499 228 299
38 2500 335 438
38 2501 404 580
38 2502 327 466
38 2503 380 588
38 2504 215 254
38 2505 234 301
38 2506 227 288
38 2507 228 313
38 2508 363 498
38 2509 392 592
38 2510 383 566
38 2511 380 616
38 2512 205 234
38 2513 236 293
38 2514 201 248
38 2515 232 307
38 2516 344 458
38 2517 395 576
38 2518 336 486
38 2519 387 604
38 2520 221 264
38 2521 228 299
38 2522 223 288
38 2523 222 311
38 2524 372 518
38 2525 383 588
38 2526 376 566
38 2527 371 612
38 2528 267 328
38 2529 257 356
38 2530 248 327
38 2531 231 334
38 2532 448 646
38 2533 431 702
38 2534 416 644
38 2535 387 658
38 2536 271 356
38 2537 238 343
38 2538 285 394
38 2539 235 354
38 2540 456 702
38 2541 399 676
38 2542 480 778
38 2543 395 698
38 2544 274 343
38 2545 250 353
38 2546 249 336
38 2547 234 345
38 2548 459 676
38 2549 420 696
38 2550 419 662
38 2551 392 680
38 2552 278 371
38 2553 231 340
38 2554 276 389
38 2555 228 351
38 2556 467 732
38 2557 388 670
38 2558 467 768
38 2559 384 692
38 2560 221 243
38 2561 248 302
38 2562 271 319
38 2563 271 361
38 2564 372 485
38 2565 412 603
38 2566 455 635
38 2567 451 719
38 2568 243 287
38 2569 288 376
38 2570 257 327
38 2571 291 407
38 2572 408 573
38 2573 479 749
38 2574 431 651
38 2575 484 813
38 2576 225 251
38 2577 252 310
38 2578 267 319
38 2579 277 371
38 2580 379 499
38 2581 419 617
38 2582 448 637
38 2583 460 741
38 2584 247 295
38 2585 284 376
38 2586 263 337
38 2587 295 415
38 2588 415 587
38 2589 472 751
38 2590 440 673
38 2591 491 827
38 2592 270 332
38 2593 253 343
38 2594 302 400
38 2595 257 371
38 2596 452 663
38 2597 419 683
38 2598 507 797
38 2599 428 741
38 2600 283 375
38 2601 282 412
38 2602 268 374
38 2603 273 413
38 2604 476 749
38 2605 472 823
38 2606 451 745
38 2607 455 823
38 2608 271 341
38 2609 256 354
38 2610 301 403
38 2611 264 386
38 2612 455 679
38 2613 424 707
38 2614 504 805
38 2615 439 769
38 2616 284 384
38 2617 279 413
38 2618 277 391
38 2619 276 424
38 2620 479 765
38 2621 467 823
38 2622 464 781
38 2623 460 847
38 2624 266 312
38 2625 266 354
38 2626 233 297
38 2627 240 332
38 2628 447 621
38 2629 443 705
38 2630 392 593
38 2631 400 663
38 2632 245 309
38 2633 293 407
38 2634 248 330
38 2635 293 427
38 2636 411 615
38 2637 488 813
38 2638 416 659
38 2639 487 851
38 2640 262 312
38 2641 272 364
38 2642 237 305
38 2643 244 340
38 2644 440 623
38 2645 452 727
38 2646 399 607
38 2647 407 677
38 2648 251 319
38 2649 297 415
38 2650 252 338
38 2651 289 427
38 2652 420 637
38 2653 495 827
38 2654 423 673
38 2655 480 853
38 2656 307 407
38 2657 252 368
38 2658 262 362
38 2659 235 355
38 2660 515 811
38 2661 420 735
38 2662 440 723
38 2663 391 707
38 2664 266 374
38 2665 255 393
38 2666 288 418
38 2667 277 441
38 2668 447 745
38 2669 427 783
38 2670 484 835
38 2671 464 881
38 2672 306 410
38 2673 259 383
38 2674 269 377
38 2675 244 372
38 2676 512 819
38 2677 431 763
38 2678 451 751
38 2679 404 743
38 2680 269 385
38 2681 264 410
38 2682 289 427
38 2683 274 442
38 2684 452 769
38 2685 440 819
38 2686 487 851
38 2687 459 881
38 2688 217 246
38 2689 244 305
38 2690 269 324
38 2691 275 372
38 2692 367 482
38 2693 407 600
38 2694 452 638
38 2695 456 734
38 2696 239 290
38 2697 286 381
38 2698 261 338
38 2699 287 410
38 2700 403 570
38 2701 476 752
38 2702 436 666
38 2703 479 810
38 2704 223 256
38 2705 250 315
38 2706 263 322
38 2707 279 380
38 2708 376 502
38 2709 416 620
38 2710 443 634
38 2711 463 750
38 2712 245 300
38 2713 280 379
38 2714 265 346
38 2715 293 420
38 2716 412 590
38 2717 467 748
38 2718 443 682
38 2719 488 830
38 2720 266 335
38 2721 251 348
38 2722 306 411
38 2723 259 380
38 2724 447 660
38 2725 416 686
38 2726 512 812
38 2727 431 750
38 2728 279 378
38 2729 284 421
38 2730 272 385
38 2731 271 418
38 2732 471 746
38 2733 475 832
38 2734 456 760
38 2735 452 826
38 2736 275 352
38 2737 258 363
38 2738 297 406
38 2739 262 391
38 2740 460 694
38 2741 427 716
38 2742 499 802
38 2743 436 772
38 2744 288 395
38 2745 277 418
38 2746 273 394
38 2747 278 433
38 2748 484 780
38 2749 464 826
38 2750 459 778
38 2751 463 856
38 2752 264 317
38 2753 270 365
38 2754 235 306
38 2755 242 341
38 2756 444 624
38 2757 448 720
38 2758 395 602
38 2759 403 672
38 2760 243 314
38 2761 295 416
38 2762 244 333
38 2763 291 432
38 2764 408 618
38 2765 491 822
38 2766 411 656
38 2767 484 854
38 2768 258 315
38 2769 274 373
38 2770 241 316
38 2771 248 351
38 2772 435 620
38 2773 455 736
38 2774 404 622
38 2775 412 692
38 2776 247 322
38 2777 301 426
38 2778 250 343
38 2779 285 430
38 2780 415 634
38 2781 500 842
38 2782 420 676
38 2783 475 850
38 2784 311 418
38 2785 254 377
38 2786 264 371
38 2787 239 366
38 2788 520 826
38 2789 423 744
38 2790 443 732
38 2791 396 722
38 2792 264 379
38 2793 259 404
38 2794 284 421
38 2795 279 450
38 2796 444 748
38 2797 432 798
38 2798 479 832
38 2799 467 890
38 2800 302 413
38 2801 257 388
38 2802 267 382
38 2803 240 375
38 2804 507 816
38 2805 428 766
38 2806 448 754
38 2807 399 740
38 2808 271 394
38 2809 260 413
38 2810 293 438
38 2811 272 447
38 2812 455 778
38 2813 435 816
38 2814 492 866
38 2815 456 884
38 2816 227 253
38 2817 247 309
38 2818 277 329
38 2819 272 370
38 2820 380 505
38 2821 411 615
38 2822 463 655
38 2823 452 739
38 2824 243 291
38 2825 283 375
38 2826 257 331
38 2827 284 404
38 2828 408 581
38 2829 472 749
38 2830 431 659
38 2831 475 805
38 2832 231 261
38 2833 253 319
38 2834 273 329
38 2835 276 378
38 2836 387 519
38 2837 420 637
38 2838 456 657
38 2839 459 753
38 2840 247 299
38 2841 277 373
38 2842 263 341
38 2843 290 414
38 2844 415 595
38 2845 463 743
38 2846 440 681
38 2847 484 827
38 2848 269 339
38 2849 247 337
38 2850 303 409
38 2851 251 365
38 2852 451 675
38 2853 411 671
38 2854 508 817
38 2855 420 729
38 2856 288 388
38 2857 282 416
38 2858 275 389
38 2859 273 417
38 2860 483 773
38 2861 472 831
38 2862 460 777
38 2863 455 831
38 2864 272 350
38 2865 250 348
38 2866 300 410
38 2867 258 380
38 2868 456 699
38 2869 416 695
38 2870 503 817
38 2871 431 757
38 2872 291 399
38 2873 279 417
38 2874 282 404
38 2875 276 428
38 2876 488 797
38 2877 467 831
38 2878 471 805
38 2879 460 855
38 2880 272 322
38 2881 267 363
38 2882 239 307
38 2883 239 339
38 2884 455 641
38 2885 444 725
38 2886 400 613
38 2887 399 675
38 2888 245 313
38 2889 286 404
38 2890 248 334
38 2891 288 426
38 2892 411 623
38 2893 479 805
38 2894 416 667
38 2895 480 851
38 2896 268 322
38 2897 271 371
38 2898 243 315
38 2899 245 349
38 2900 448 643
38 2901 451 739
38 2902 407 627
38 2903 408 697
38 2904 251 323
38 2905 292 414
38 2906 252 342
38 2907 282 424
38 2908 420 645
38 2909 488 827
38 2910 423 681
38 2911 471 845
38 2912 308 416
38 2913 246 362
38 2914 261 369
38 2915 229 349
38 2916 516 831
38 2917 412 723
38 2918 439 735
38 2919 383 695
38 2920 273 389
38 2921 255 397
38 2922 293 431
38 2923 277 445
38 2924 456 777
38 2925 427 791
38 2926 491 859
38 2927 464 889
38 2928 305 417
38 2929 253 377
38 2930 270 386
38 2931 238 366
38 2932 511 831
38 2933 423 751
38 2934 452 771
38 2935 396 731
38 2936 274 398
38 2937 264 414
38 2938 296 442
38 2939 274 446
38 2940 459 793
38 2941 440 827
38 2942 496 883
38 2943 459 889
38 2944 223 256
38 2945 245 314
38 2946 275 334
38 2947 274 379
38 2948 375 502
38 2949 408 618
38 2950 460 658
38 2951 455 748
38 2952 239 294
38 2953 279 378
38 2954 261 342
38 2955 282 409
38 2956 403 578
38 2957 467 746
38 2958 436 674
38 2959 472 808
38 2960 229 266
38 2961 249 322
38 2962 269 332
38 2963 280 389
38 2964 384 522
38 2965 415 634
38 2966 451 654
38 2967 464 768
38 2968 245 304
38 2969 275 378
38 2970 265 350
38 2971 286 417
38 2972 412 598
38 2973 460 746
38 2974 443 690
38 2975 479 824
38 2976 267 344
38 2977 245 342
38 2978 305 418
38 2979 253 374
38 2980 448 678
38 2981 408 674
38 2982 511 826
38 2983 423 738
38 2984 286 393
38 2985 284 425
38 2986 277 398
38 2987 271 422
38 2988 480 776
38 2989 475 840
38 2990 463 786
38 2991 452 834
38 2992 274 359
38 2993 252 357
38 2994 298 415
38 2995 256 385
38 2996 459 708
38 2997 419 704
38 2998 500 820
38 2999 428 760
38 3000 293 408
38 3001 277 422
38 3002 280 409
38 3003 278 437
38 3004 491 806
38 3005 464 834
38 3006 468 808
38 3007 463 864
38 3008 270 327
38 3009 269 372
38 3010 241 316
38 3011 243 350
38 3012 452 644
38 3013 447 734
38 3014 403 622
38 3015 404 690
38 3016 243 318
38 3017 290 415
38 3018 244 337
38 3019 284 429
38 3020 408 626
38 3021 484 820
38 3022 411 664
38 3023 475 848
38 3024 264 325
38 3025 275 382
38 3026 247 326
38 3027 247 358
38 3028 443 640
38 3029 456 754
38 3030 412 642
38 3031 411 706
38 3032 247 326
38 3033 294 423
38 3034 250 347
38 3035 280 429
38 3036 415 642
38 3037 491 836
38 3038 420 684
38 3039 468 848
38 3040 310 425
38 3041 248 371
38 3042 265 380
38 3043 233 360
38 3044 519 840
38 3045 415 732
38 3046 444 750
38 3047 388 710
38 3048 269 392
38 3049 259 408
38 3050 291 436
38 3051 279 454
38 3052 451 774
38 3053 432 806
38 3054 488 862
38 3055 467 898
38 3056 303 422
38 3057 251 382
38 3058 266 389
38 3059 234 369
38 3060 508 834
38 3061 420 754
38 3062 447 768
38 3063 391 728
38 3064 278 409
38 3065 260 417
38 3066 298 451
38 3067 272 451
38 3068 464 808
38 3069 435 824
38 3070 499 892
38 3071 456 892
38 3072 266 304
38 3073 291 361
38 3074 309 381
38 3075 334 454
38 3076 453 607
38 3077 493 721
38 3078 521 761
38 3079 561 907
38 3080 325 401
38 3081 293 391
38 3082 324 434
38 3083 316 456
38 3084 549 801
38 3085 493 781
38 3086 546 869
38 3087 530 913
38 3088 275 321
38 3089 300 378
38 3090 318 398
38 3091 327 451
38 3092 466 643
38 3093 506 757
38 3094 534 797
38 3095 550 903
38 3096 318 398
38 3097 286 388
38 3098 331 449
38 3099 307 451
38 3100 538 797
38 3101 482 777
38 3102 557 897
38 3103 517 901
38 3104 326 424
38 3105 344 484
38 3106 361 499
38 3107 351 541
38 3108 553 847
38 3109 577 967
38 3110 609 997
38 3111 590 1083
38 3112 393 555
38 3113 324 488
38 3114 356 528
38 3115 335 535
38 3116 662 1111
38 3117 546 977
38 3118 602 1057
38 3119 561 1069
38 3120 331 439
38 3121 349 499
38 3122 366 514
38 3123 346 538
38 3124 561 877
38 3125 585 997
38 3126 617 1027
38 3127 582 1077
38 3128 388 552
38 3129 319 485
38 3130 367 553
38 3131 324 522
38 3132 654 1105
38 3133 538 971
38 3134 618 1107
38 3135 545 1043
38 3136 301 367
38 3137 326 440
38 3138 288 386
38 3139 313 451
38 3140 509 733
38 3141 549 879
38 3142 486 773
38 3143 526 903
38 3144 302 396
38 3145 294 418
38 3146 333 475
38 3147 301 457
38 3148 513 791
38 3149 497 835
38 3150 561 949
38 3151 505 913
38 3152 310 384
38 3153 319 437
38 3154 295 401
38 3155 320 466
38 3156 522 769
38 3157 538 875
38 3158 497 801
38 3159 537 931
38 3160 311 413
38 3161 287 415
38 3162 326 472
38 3163 294 454
38 3164 526 827
38 3165 486 831
38 3166 550 945
38 3167 494 909
38 3168 353 493
38 3169 343 535
38 3170 332 494
38 3171 318 514
38 3172 597 985
38 3173 578 1071
38 3174 562 989
38 3175 538 1029
38 3176 366 546
38 3177 309 497
38 3178 385 609
38 3179 316 534
38 3180 617 1091
38 3181 522 995
38 3182 650 1219
38 3183 534 1069
38 3184 358 508
38 3185 338 532
38 3186 343 519
38 3187 329 539
38 3188 605 1015
38 3189 570 1065
38 3190 578 1039
38 3191 554 1079
38 3192 371 561
38 3193 304 494
38 3194 380 606
38 3195 311 531
38 3196 625 1121
38 3197 514 989
38 3198 642 1213
38 3199 526 1063
38 3200 263 304
38 3201 288 361
38 3202 306 381
38 3203 331 454
38 3204 449 604
38 3205 489 718
38 3206 517 758
38 3207 557 904
38 3208 322 401
38 3209 290 391
38 3210 327 444
38 3211 319 466
38 3212 545 798
38 3213 489 778
38 3214 550 884
38 3215 534 928
38 3216 272 321
38 3217 297 378
38 3218 315 398
38 3219 324 451
38 3220 462 638
38 3221 502 752
38 3222 530 792
38 3223 546 898
38 3224 315 398
38 3225 283 388
38 3226 334 459
38 3227 310 461
38 3228 534 792
38 3229 478 772
38 3230 561 914
38 3231 521 918
38 3232 323 424
38 3233 341 484
38 3234 358 499
38 3235 354 551
38 3236 549 844
38 3237 573 964
38 3238 605 994
38 3239 594 1098
38 3240 396 565
38 3241 327 498
38 3242 359 538
38 3243 332 535
38 3244 666 1126
38 3245 550 992
38 3246 606 1072
38 3247 557 1066
38 3248 334 449
38 3249 352 509
38 3250 369 524
38 3251 343 538
38 3252 565 894
38 3253 589 1014
38 3254 621 1044
38 3255 578 1072
38 3256 385 552
38 3257 316 485
38 3258 364 553
38 3259 327 532
38 3260 650 1100
38 3261 534 966
38 3262 614 1102
38 3263 549 1060
38 3264 298 367
38 3265 323 440
38 3266 291 396
38 3267 316 461
38 3268 505 730
38 3269 545 876
38 3270 490 788
38 3271 530 918
38 3272 299 396
38 3273 291 418
38 3274 330 475
38 3275 298 457
38 3276 509 788
38 3277 493 832
38 3278 557 946
38 3279 501 910
38 3280 307 384
38 3281 316 437
38 3282 298 411
38 3283 323 476
38 3284 518 764
38 3285 534 870
38 3286 501 818
38 3287 541 948
38 3288 308 413
38 3289 284 415
38 3290 323 472
38 3291 291 454
38 3292 522 822
38 3293 482 826
38 3294 546 940
38 3295 490 904
38 3296 350 493
38 3297 346 545
38 3298 335 504
38 3299 321 524
38 3300 593 982
38 3301 582 1086
38 3302 566 1004
38 3303 542 1044
38 3304 363 546
38 3305 312 507
38 3306 388 619
38 3307 319 544
38 3308 613 1088
38 3309 526 1010
38 3310 654 1234
38 3311 538 1084
38 3312 361 518
38 3313 335 532
38 3314 340 519
38 3315 326 539
38 3316 609 1032
38 3317 566 1060
38 3318 574 1034
38 3319 550 1074
38 3320 374 571
38 3321 301 494
38 3322 377 606
38 3323 308 531
38 3324 629 1138
38 3325 510 984
38 3326 638 1208
38 3327 522 1058
38 3328 272 314
38 3329 298 376
38 3330 315 391
38 3331 335 463
38 3332 461 627
38 3333 502 753
38 3334 529 781
38 3335 562 927
38 3336 325 405
38 3337 294 400
38 3338 330 444
38 3339 315 463
38 3340 549 809
38 3341 494 801
38 3342 554 889
38 3343 529 925
38 3344 275 325
38 3345 299 385
38 3346 318 402
38 3347 332 464
38 3348 466 651
38 3349 505 769
38 3350 534 805
38 3351 557 927
38 3352 324 408
38 3353 291 401
38 3354 331 453
38 3355 314 466
38 3356 546 817
38 3357 489 801
38 3358 557 905
38 3359 526 933
38 3360 333 439
38 3361 350 498
38 3362 362 508
38 3363 345 535
38 3364 562 879
38 3365 585 995
38 3366 610 1017
38 3367 582 1071
38 3368 392 558
38 3369 324 492
38 3370 355 535
38 3371 329 529
38 3372 661 1115
38 3373 546 985
38 3374 601 1069
38 3375 553 1057
38 3376 332 444
38 3377 349 503
38 3378 361 513
38 3379 346 542
38 3380 562 889
38 3381 585 1005
38 3382 610 1027
38 3383 582 1085
38 3384 393 565
38 3385 325 499
38 3386 360 550
38 3387 324 526
38 3388 661 1129
38 3389 546 999
38 3390 609 1099
38 3391 545 1051
38 3392 307 377
38 3393 327 449
38 3394 294 396
38 3395 318 464
38 3396 517 753
38 3397 550 899
38 3398 494 793
38 3399 533 927
38 3400 308 406
38 3401 295 427
38 3402 333 479
38 3403 302 466
38 3404 521 811
38 3405 498 855
38 3406 561 957
38 3407 506 933
38 3408 310 388
38 3409 324 450
38 3410 295 405
38 3411 321 475
38 3412 522 777
38 3413 545 899
38 3414 497 809
38 3415 538 951
38 3416 311 417
38 3417 292 428
38 3418 332 482
38 3419 299 467
38 3420 526 835
38 3421 493 855
38 3422 558 965
38 3423 501 933
38 3424 354 502
38 3425 337 529
38 3426 337 507
38 3427 324 528
38 3428 598 1005
38 3429 570 1059
38 3430 569 1013
38 3431 546 1057
38 3432 367 555
38 3433 303 491
38 3434 384 612
38 3435 316 538
38 3436 618 1111
38 3437 514 983
38 3438 649 1223
38 3439 534 1077
38 3440 353 507
38 3441 338 536
38 3442 342 522
38 3443 329 543
38 3444 598 1015
38 3445 570 1073
38 3446 577 1043
38 3447 554 1087
38 3448 366 560
38 3449 304 498
38 3450 385 619
38 3451 317 545
38 3452 618 1121
38 3453 514 997
38 3454 649 1237
38 3455 534 1091
38 3456 269 314
38 3457 295 376
38 3458 312 391
38 3459 332 463
38 3460 457 624
38 3461 498 748
38 3462 525 778
38 3463 558 922
38 3464 322 405
38 3465 291 400
38 3466 333 454
38 3467 318 473
38 3468 545 806
38 3469 490 796
38 3470 558 904
38 3471 533 942
38 3472 272 325
38 3473 296 385
38 3474 315 402
38 3475 329 464
38 3476 462 646
38 3477 501 766
38 3478 530 800
38 3479 553 924
38 3480 321 408
38 3481 288 401
38 3482 334 463
38 3483 317 476
38 3484 542 812
38 3485 485 798
38 3486 561 922
38 3487 530 948
38 3488 330 439
38 3489 347 498
38 3490 359 508
38 3491 348 545
38 3492 558 874
38 3493 581 992
38 3494 606 1012
38 3495 586 1086
38 3496 395 568
38 3497 327 502
38 3498 358 545
38 3499 326 529
38 3500 665 1132
38 3501 550 1000
38 3502 605 1086
38 3503 549 1054
38 3504 335 454
38 3505 352 513
38 3506 364 523
38 3507 343 542
38 3508 566 904
38 3509 589 1022
38 3510 614 1042
38 3511 578 1080
38 3512 390 565
38 3513 322 499
38 3514 357 550
38 3515 327 536
38 3516 657 1126
38 3517 542 994
38 3518 605 1096
38 3519 549 1068
38 3520 304 377
38 3521 324 449
38 3522 297 406
38 3523 321 474
38 3524 513 750
38 3525 546 894
38 3526 498 808
38 3527 537 944
38 3528 305 406
38 3529 292 427
38 3530 330 479
38 3531 299 466
38 3532 517 808
38 3533 494 850
38 3534 557 954
38 3535 502 928
38 3536 307 388
38 3537 321 450
38 3538 298 415
38 3539 324 485
38 3540 518 772
38 3541 541 896
38 3542 501 826
38 3543 542 966
38 3544 308 417
38 3545 289 428
38 3546 329 482
38 3547 296 467
38 3548 522 830
38 3549 489 852
38 3550 554 960
38 3551 497 930
38 3552 351 502
38 3553 340 539
38 3554 340 517
38 3555 327 538
38 3556 594 1000
38 3557 574 1074
38 3558 573 1030
38 3559 550 1072
38 3560 364 555
38 3561 306 501
38 3562 387 622
38 3563 319 548
38 3564 614 1106
38 3565 518 998
38 3566 653 1240
38 3567 538 1092
38 3568 356 517
38 3569 335 536
38 3570 339 522
38 3571 326 543
38 3572 602 1030
38 3573 566 1068
38 3574 573 1040
38 3575 550 1082
38 3576 369 570
38 3577 301 498
38 3578 382 619
38 3579 314 545
38 3580 622 1136
38 3581 510 992
38 3582 645 1234
38 3583 530 1086
38 3584 334 412
38 3585 333 457
38 3586 402 542
38 3587 347 523
38 3588 565 823
38 3589 561 913
38 3590 674 1085
38 3591 585 1045
38 3592 336 452
38 3593 373 545
38 3594 348 506
38 3595 367 575
38 3596 569 903
38 3597 626 1091
38 3598 589 1011
38 3599 617 1149
38 3600 343 429
38 3601 336 468
38 3602 393 537
38 3603 350 534
38 3604 578 859
38 3605 566 937
38 3606 661 1073
38 3607 590 1069
38 3608 345 469
38 3609 370 546
38 3610 357 523
38 3611 370 586
38 3612 582 939
38 3613 621 1091
38 3614 602 1047
38 3615 622 1173
38 3616 347 497
38 3617 322 496
38 3618 383 587
38 3619 308 500
38 3620 589 993
38 3621 542 993
38 3622 649 1173
38 3623 522 1001
38 3624 357 551
38 3625 356 584
38 3626 337 543
38 3627 338 578
38 3628 605 1101
38 3629 602 1169
38 3630 573 1085
38 3631 570 1157
38 3632 352 512
38 3633 321 501
38 3634 378 584
38 3635 313 515
38 3636 597 1023
38 3637 542 1003
38 3638 641 1167
38 3639 530 1031
38 3640 362 566
38 3641 357 591
38 3642 348 568
38 3643 337 583
38 3644 613 1131
38 3645 602 1183
38 3646 589 1135
38 3647 570 1167
38 3648 394 528
38 3649 345 515
38 3650 344 494
38 3651 329 509
38 3652 662 1057
38 3653 581 1029
38 3654 582 989
38 3655 554 1019
38 3656 340 486
38 3657 367 571
38 3658 344 526
38 3659 375 617
38 3660 574 973
38 3661 618 1143
38 3662 581 1051
38 3663 630 1235
38 3664 385 523
38 3665 348 526
38 3666 351 509
38 3667 330 518
38 3668 649 1045
38 3669 586 1053
38 3670 593 1017
38 3671 557 1035
38 3672 347 501
38 3673 368 580
38 3674 353 543
38 3675 372 618
38 3676 585 1001
38 3677 621 1159
38 3678 594 1087
38 3679 625 1235
38 3680 391 601
38 3681 306 500
38 3682 349 555
38 3683 312 530
38 3684 661 1201
38 3685 518 1001
38 3686 590 1111
38 3687 525 1059
38 3688 345 559
38 3689 328 564
38 3690 365 617
38 3691 354 640
38 3692 582 1119
38 3693 553 1127
38 3694 617 1233
38 3695 598 1281
38 3696 386 598
38 3697 311 515
38 3698 360 580
38 3699 317 545
38 3700 653 1195
38 3701 526 1031
38 3702 606 1161
38 3703 533 1089
38 3704 350 574
38 3705 333 579
38 3706 370 632
38 3707 355 647
38 3708 590 1149
38 3709 561 1157
38 3710 625 1263
38 3711 598 1295
38 3712 331 412
38 3713 330 457
38 3714 399 542
38 3715 350 533
38 3716 561 820
38 3717 557 910
38 3718 670 1080
38 3719 589 1062
38 3720 333 452
38 3721 370 545
38 3722 351 516
38 3723 364 575
38 3724 565 900
38 3725 622 1086
38 3726 593 1028
38 3727 613 1146
38 3728 340 429
38 3729 333 468
38 3730 390 537
38 3731 353 544
38 3732 574 854
38 3733 562 932
38 3734 657 1070
38 3735 594 1084
38 3736 342 469
38 3737 367 546
38 3738 360 533
38 3739 367 586
38 3740 578 934
38 3741 617 1088
38 3742 606 1062
38 3743 618 1168
38 3744 344 497
38 3745 319 496
38 3746 386 597
38 3747 311 510
38 3748 585 990
38 3749 538 988
38 3750 653 1190
38 3751 526 1016
38 3752 354 551
38 3753 359 594
38 3754 340 553
38 3755 335 578
38 3756 601 1098
38 3757 606 1184
38 3758 577 1102
38 3759 566 1152
38 3760 355 522
38 3761 324 511
38 3762 375 584
38 3763 310 515
38 3764 601 1040
38 3765 546 1018
38 3766 637 1164
38 3767 526 1026
38 3768 365 576
38 3769 354 591
38 3770 345 568
38 3771 340 593
38 3772 617 1148
38 3773 598 1178
38 3774 585 1132
38 3775 574 1182
38 3776 391 528
38 3777 348 525
38 3778 347 504
38 3779 332 519
38 3780 658 1052
38 3781 585 1046
38 3782 586 1004
38 3783 558 1034
38 3784 337 486
38 3785 370 581
38 3786 341 526
38 3787 372 617
38 3788 570 968
38 3789 622 1158
38 3790 577 1048
38 3791 626 1230
38 3792 382 523
38 3793 351 536
38 3794 354 519
38 3795 333 528
38 3796 645 1042
38 3797 590 1068
38 3798 597 1034
38 3799 561 1052
38 3800 344 501
38 3801 371 590
38 3802 350 543
38 3803 369 618
38 3804 581 998
38 3805 625 1176
38 3806 590 1082
38 3807 621 1232
38 3808 394 611
38 3809 309 510
38 3810 352 565
38 3811 315 540
38 3812 665 1218
38 3813 522 1016
38 3814 594 1126
38 3815 529 1076
38 3816 342 559
38 3817 331 574
38 3818 362 617
38 3819 357 650
38 3820 578 1114
38 3821 557 1144
38 3822 613 1230
38 3823 602 1296
38 3824 383 598
38 3825 308 515
38 3826 357 580
38 3827 314 545
38 3828 649 1192
38 3829 522 1026
38 3830 602 1156
38 3831 529 1086
38 3832 353 584
38 3833 330 579
38 3834 373 642
38 3835 352 647
38 3836 594 1164
38 3837 557 1154
38 3838 629 1280
38 3839 594 1290
38 3840 340 422
38 3841 334 466
38 3842 396 540
38 3843 342 522
38 3844 573 843
38 3845 562 933
38 3846 666 1081
38 3847 578 1045
38 3848 336 456
38 3849 372 548
38 3850 354 516
38 3851 368 584
38 3852 569 911
38 3853 625 1095
38 3854 597 1031
38 3855 618 1169
38 3856 343 433
38 3857 341 481
38 3858 393 541
38 3859 349 537
38 3860 578 867
38 3861 573 961
38 3862 661 1081
38 3863 589 1073
38 3864 339 467
38 3865 365 545
38 3866 357 527
38 3867 375 599
38 3868 574 935
38 3869 614 1091
38 3870 602 1055
38 3871 629 1197
38 3872 348 506
38 3873 316 490
38 3874 378 586
38 3875 302 494
38 3876 590 1013
38 3877 534 981
38 3878 642 1173
38 3879 514 989
38 3880 358 560
38 3881 356 588
38 3882 338 552
38 3883 332 572
38 3884 606 1121
38 3885 602 1177
38 3886 574 1105
38 3887 562 1145
38 3888 347 511
38 3889 321 505
38 3890 379 593
38 3891 313 519
38 3892 590 1023
38 3893 542 1011
38 3894 642 1187
38 3895 530 1039
38 3896 357 565
38 3897 351 585
38 3898 343 567
38 3899 337 587
38 3900 606 1131
38 3901 594 1171
38 3902 582 1135
38 3903 570 1175
38 3904 388 526
38 3905 340 514
38 3906 350 504
38 3907 328 516
38 3908 654 1053
38 3909 574 1029
38 3910 590 1009
38 3911 553 1031
38 3912 346 496
38 3913 366 578
38 3914 344 530
38 3915 374 620
38 3916 582 993
38 3917 617 1155
38 3918 581 1059
38 3919 629 1239
38 3920 385 527
38 3921 347 529
38 3922 351 513
38 3923 337 533
38 3924 649 1053
38 3925 585 1057
38 3926 593 1025
38 3927 566 1067
38 3928 347 505
38 3929 375 595
38 3930 347 541
38 3931 367 617
38 3932 585 1009
38 3933 630 1191
38 3934 586 1083
38 3935 618 1235
38 3936 386 600
38 3937 300 494
38 3938 348 562
38 3939 306 524
38 3940 654 1201
38 3941 510 989
38 3942 589 1123
38 3943 517 1047
38 3944 344 566
38 3945 322 558
38 3946 366 626
38 3947 354 644
38 3948 581 1131
38 3949 545 1115
38 3950 618 1253
38 3951 598 1289
38 3952 387 607
38 3953 311 519
38 3954 353 577
38 3955 317 549
38 3956 654 1215
38 3957 526 1039
38 3958 597 1153
38 3959 533 1097
38 3960 343 571
38 3961 333 583
38 3962 365 631
38 3963 349 641
38 3964 581 1141
38 3965 561 1165
38 3966 618 1263
38 3967 590 1283
38 3968 337 422
38 3969 331 466
38 3970 393 540
38 3971 345 532
38 3972 569 840
38 3973 558 928
38 3974 662 1076
38 3975 582 1060
38 3976 333 456
38 3977 369 548
38 3978 357 526
38 3979 365 584
38 3980 565 908
38 3981 621 1092
38 3982 601 1048
38 3983 614 1164
38 3984 340 433
38 3985 338 481
38 3986 390 541
38 3987 352 547
38 3988 574 862
38 3989 569 958
38 3990 657 1078
38 3991 593 1090
38 3992 336 467
38 3993 362 545
38 3994 360 537
38 3995 372 599
38 3996 570 930
38 3997 610 1086
38 3998 606 1070
38 3999 625 1194
38 4000 345 506
38 4001 313 490
38 4002 381 596
38 4003 305 504
38 4004 586 1008
38 4005 530 976
38 4006 646 1188
38 4007 518 1004
38 4008 355 560
38 4009 359 598
38 4010 341 562
38 4011 329 572
38 4012 602 1116
38 4013 606 1192
38 4014 578 1120
38 4015 558 1140
38 4016 350 521
38 4017 324 515
38 4018 376 593
38 4019 310 519
38 4020 594 1038
38 4021 546 1026
38 4022 638 1182
38 4023 526 1034
38 4024 360 575
38 4025 348 585
38 4026 340 567
38 4027 340 597
38 4028 610 1146
38 4029 590 1166
38 4030 578 1130
38 4031 574 1190
38 4032 385 526
38 4033 343 524
38 4034 353 514
38 4035 331 526
38 4036 650 1048
38 4037 578 1044
38 4038 594 1024
38 4039 557 1048
38 4040 343 496
38 4041 369 588
38 4042 341 530
38 4043 371 620
38 4044 578 988
38 4045 621 1172
38 4046 577 1056
38 4047 625 1236
38 4048 382 527
38 4049 350 539
38 4050 354 523
38 4051 340 543
38 4052 645 1050
38 4053 589 1074
38 4054 597 1042
38 4055 570 1082
38 4056 344 505
38 4057 378 605
38 4058 344 541
38 4059 364 617
38 4060 581 1006
38 4061 634 1206
38 4062 582 1078
38 4063 614 1230
38 4064 389 610
38 4065 303 504
38 4066 351 572
38 4067 309 534
38 4068 658 1216
38 4069 514 1004
38 4070 593 1140
38 4071 521 1064
38 4072 341 566
38 4073 325 568
38 4074 363 626
38 4075 357 654
38 4076 577 1128
38 4077 549 1132
38 4078 614 1248
38 4079 602 1304
38 4080 384 607
38 4081 308 519
38 4082 350 577
38 4083 314 549
38 4084 650 1210
38 4085 522 1034
38 4086 593 1150
38 4087 529 1094
38 4088 346 581
38 4089 330 583
38 4090 368 641
38 4091 346 641
38 4092 585 1158
38 4093 557 1162
38 4094 622 1278
38 4095 586 1278
39 0 80 80
39 1 144 160
39 2 144 160
39 3 256 320
39 4 44 52
39 5 80 104
39 6 80 104
39 7 144 208
39 8 44 52
39 9 80 104
39 10 80 104
39 11 144 208
39 12 24 32
39 13 44 64
39 14 44 64
39 15 80 128
39 16 144 160
39 17 256 320
39 18 256 320
39 19 448 640
39 20 80 104
39 21 144 208
39 22 144 208
39 23 256 416
39 24 80 104
39 25 144 208
39 26 144 208
39 27 256 416
39 28 44 64
39 29 80 128
39 30 80 128
39 31 144 256
39 32 144 160
39 33 256 320
39 34 256 320
39 35 448 640
39 36 80 104
39 37 144 208
39 38 144 208
39 39 256 416
39 40 80 104
39 41 144 208
39 42 144 208
39 43 256 416
39 44 44 64
39 45 80 128
39 46 80 128
39 47 144 256
39 48 256 320
39 49 448 640
39 50 448 640
39 51 769 1282
39 52 144 208
39 53 256 416
39 54 256 416
39 55 448 832
39 56 144 208
39 57 256 416
39 58 256 416
39 59 448 832
39 60 80 128
39 61 144 256
39 62 144 256
39 63 256 512
39 64 44 52
39 65 80 104
39 66 80 104
39 67 144 208
39 68 24 32
39 69 44 64
39 70 44 64
39 71 80 128
39 72 24 32
39 73 44 64
39 74 44 64
39 75 80 128
39 76 13 19
39 77 24 38
39 78 24 38
39 79 44 76
39 80 80 104
39 81 144 208
39 82 144 208
39 83 256 416
39 84 44 64
39 85 80 128
39 86 80 128
39 87 144 256
39 88 44 64
39 89 80 128
39 90 80 128
39 91 144 256
39 92 24 38
39 93 44 76
39 94 44 76
39 95 80 152
39 96 80 104
39 97 144 208
39 98 144 208
39 99 256 416
39 100 44 64
39 101 80 128
39 102 80 128
39 103 144 256
39 104 44 64
39 105 80 128
39 106 80 128
39 107 144 256
39 108 24 38
39 109 44 76
39 110 44 76
39 111 80 152
39 112 144 208
39 113 256 416
39 114 256 416
39 115 448 832
39 116 80 128
39 117 144 256
39 118 144 256
39 119 256 512
39 120 80 128
39 121 144 256
39 122 144 256
39 123 256 512
39 124 44 76
39 125 80 152
39 126 80 152
39 127 144 304
40 0 676 676
40 1 828 880
40 2 1207 1349
40 3 1475 1757
40 4 696 740
40 5 824 944
40 6 1235 1477
40 7 1463 1885
40 8 744 776
40 9 804 888
40 10 1327 1549
40 11 1435 1773
40 12 740 824
40 13 864 1024
40 14 1315 1645
40 15 1535 2045
40 16 844 920
40 17 964 1140
40 18 1499 1837
40 19 1711 2277
40 20 752 872
40 21 948 1212
40 22 1335 1741
40 23 1679 2421
40 24 940 1072
40 25 996 1208
40 26 1671 2141
40 27 1767 2413
40 28 852 1024
40 29 1016 1328
40 30 1511 2045
40 31 1803 2653
40 32 772 820
40 33 800 916
40 34 1375 1637
40 35 1431 1829
40 36 724 824
40 37 764 940
40 38 1287 1645
40 39 1359 1877
40 40 748 828
40 41 716 848
40 42 1335 1653
40 43 1279 1693
40 44 764 904
40 45 768 976
40 46 1359 1805
40 47 1367 1949
40 48 864 1020
40 49 980 1240
40 50 1535 2037
40 51 1747 2477
40 52 788 988
40 53 876 1192
40 54 1399 1973
40 55 1559 2381
40 56 896 1088
40 57 916 1192
40 58 1591 2173
40 59 1631 2381
40 60 856 1104
40 61 904 1256
40 62 1523 2205
40 63 1607 2509
40 64 729 762
40 65 905 998
40 66 1300 1514
40 67 1608 1986
40 68 689 774
40 69 785 938
40 70 1224 1538
40 71 1396 1866
40 72 789 854
40 73 881 1014
40 74 1404 1698
40 75 1568 2018
40 76 757 874
40 77 849 1042
40 78 1344 1738
40 79 1508 2074
40 80 893 1026
40 81 1061 1306
40 82 1584 2042
40 83 1880 2602
40 84 729 894
40 85 877 1166
40 86 1296 1778
40 87 1556 2322
40 88 941 1114
40 89 1053 1326
40 90 1668 2218
40 91 1864 2642
40 92 789 990
40 93 905 1226
40 94 1400 1970
40 95 1608 2442
40 96 849 938
40 97 781 930
40 98 1508 1866
40 99 1396 1850
40 100 773 914
40 101 717 918
40 102 1372 1818
40 103 1276 1826
40 104 825 954
40 105 833 1014
40 106 1468 1898
40 107 1484 2018
40 108 837 1018
40 109 825 1082
40 110 1484 2026
40 111 1468 2154
40 112 961 1186
40 113 1045 1370
40 114 1704 2362
40 115 1856 2730
40 116 837 1102
40 117 813 1150
40 118 1484 2194
40 119 1448 2290
40 120 953 1206
40 121 1029 1386
40 122 1688 2402
40 123 1828 2762
40 124 865 1162
40 125 881 1270
40 126 1536 2314
40 127 1568 2530
40 128 375 445
40 129 460 574
40 130 675 887
40 131 827 1145
40 132 388 486
40 133 459 609
40 134 695 969
40 135 823 1215
40 136 413 507
40 137 446 572
40 138 743 1011
40 139 803 1141
40 140 412 534
40 141 481 655
40 142 739 1065
40 143 863 1307
40 144 470 600
40 145 537 731
40 146 843 1197
40 147 963 1459
40 148 419 561
40 149 529 767
40 150 751 1119
40 151 947 1531
40 152 523 691
40 153 555 771
40 154 939 1379
40 155 995 1539
40 156 475 655
40 157 566 834
40 158 851 1307
40 159 1015 1665
40 160 429 535
40 161 443 583
40 162 771 1067
40 163 799 1163
40 164 403 531
40 165 425 595
40 166 723 1059
40 167 763 1187
40 168 415 533
40 169 397 537
40 170 747 1063
40 171 715 1071
40 172 425 577
40 173 427 613
40 174 763 1151
40 175 767 1223
40 176 481 653
40 177 544 778
40 178 863 1303
40 179 979 1553
40 180 439 625
40 181 487 739
40 182 787 1247
40 183 875 1475
40 184 499 693
40 185 509 745
40 186 895 1383
40 187 915 1487
40 188 476 692
40 189 503 777
40 190 855 1381
40 191 903 1551
40 192 405 500
40 193 504 651
40 194 728 990
40 195 904 1292
40 196 384 503
40 197 437 600
40 198 688 996
40 199 784 1190
40 200 439 558
40 201 490 653
40 202 788 1106
40 203 880 1296
40 204 422 565
40 205 473 664
40 206 756 1120
40 207 848 1318
40 208 498 665
40 209 592 835
40 210 892 1320
40 211 1060 1660
40 212 406 569
40 213 489 732
40 214 728 1128
40 215 876 1454
40 216 525 718
40 217 588 845
40 218 940 1426
40 219 1052 1680
40 220 440 629
40 221 504 765
40 222 788 1248
40 223 904 1520
40 224 473 612
40 225 433 590
40 226 848 1214
40 227 780 1170
40 228 431 588
40 229 399 578
40 230 772 1166
40 231 716 1146
40 232 459 614
40 233 463 644
40 234 824 1218
40 235 832 1278
40 236 467 652
40 237 459 678
40 238 836 1294
40 239 824 1346
40 240 536 757
40 241 582 861
40 242 960 1504
40 243 1044 1712
40 244 467 694
40 245 452 709
40 246 836 1378
40 247 812 1408
40 248 532 767
40 249 573 866
40 250 952 1524
40 251 1028 1722
40 252 482 727
40 253 490 781
40 254 864 1444
40 255 880 1552
40 256 1040 1152
40 257 1168 1380
40 258 1840 2303
40 259 2056 2759
40 260 1040 1228
40 261 1172 1468
40 262 1824 2455
40 263 2055 2933
40 264 1160 1352
40 265 1080 1348
40 266 2048 2703
40 267 1912 2695
40 268 1088 1364
40 269 1108 1476
40 270 1911 2725
40 271 1952 2951
40 272 1088 1340
40 273 1092 1436
40 274 1912 2679
40 275 1919 2869
40 276 852 1116
40 277 1004 1412
40 278 1504 2231
40 279 1768 2823
40 280 1276 1660
40 281 1076 1492
40 282 2239 3317
40 283 1896 2983
40 284 996 1380
40 285 984 1444
40 286 1752 2759
40 287 1744 2887
40 288 1152 1360
40 289 1224 1540
40 290 2028 2719
40 291 2168 3079
40 292 1112 1396
40 293 1124 1516
40 294 1951 2789
40 295 1976 3031
40 296 1096 1360
40 297 1072 1404
40 298 1940 2719
40 299 1896 2807
40 300 1168 1540
40 301 1100 1548
40 302 2056 3079
40 303 1935 3093
40 304 1064 1396
40 305 1280 1780
40 306 1871 2789
40 307 2256 3559
40 308 964 1340
40 309 1004 1492
40 310 1696 2679
40 311 1776 2983
40 312 1104 1516
40 313 1148 1668
40 314 1944 3031
40 315 2023 3333
40 316 1088 1572
40 317 1020 1572
40 318 1920 3143
40 319 1800 3143
40 320 1107 1276
40 321 1163 1436
40 322 1959 2542
40 323 2051 2862
40 324 1043 1296
40 325 1105 1446
40 326 1831 2582
40 327 1940 2882
40 328 1147 1396
40 329 1171 1508
40 330 2023 2782
40 331 2067 3006
40 332 1133 1466
40 333 1231 1676
40 334 1984 2922
40 335 2163 3342
40 336 1147 1464
40 337 1105 1498
40 338 2015 2918
40 339 1944 2986
40 340 851 1160
40 341 939 1360
40 342 1503 2310
40 343 1655 2710
40 344 1153 1546
40 345 1095 1544
40 346 2024 3082
40 347 1927 3078
40 348 923 1312
40 349 999 1496
40 350 1623 2614
40 351 1767 2982
40 352 1179 1448
40 353 1099 1432
40 354 2079 2886
40 355 1951 2854
40 356 1165 1510
40 357 1055 1472
40 358 2044 3010
40 359 1855 2934
40 360 1155 1488
40 361 1251 1680
40 362 2039 2966
40 363 2207 3350
40 364 1171 1604
40 365 1217 1762
40 366 2059 3198
40 367 2136 3514
40 368 1109 1498
40 369 1219 1744
40 370 1952 2986
40 371 2151 3478
40 372 1003 1440
40 373 931 1416
40 374 1767 2870
40 375 1647 2822
40 376 1091 1528
40 377 1273 1890
40 378 1919 3046
40 379 2240 3770
40 380 967 1440
40 381 1019 1608
40 382 1711 2870
40 383 1799 3206
40 384 581 755
40 385 655 899
40 386 1039 1507
40 387 1167 1795
40 388 585 805
40 389 659 949
40 390 1039 1607
40 391 1171 1895
40 392 649 879
40 393 603 859
40 394 1159 1755
40 395 1079 1715
40 396 611 879
40 397 621 935
40 398 1087 1755
40 399 1107 1867
40 400 611 867
40 401 613 915
40 402 1087 1731
40 403 1091 1827
40 404 477 707
40 405 563 885
40 406 851 1411
40 407 1003 1767
40 408 717 1063
40 409 603 937
40 410 1275 2123
40 411 1075 1871
40 412 559 869
40 413 549 889
40 414 995 1735
40 415 983 1775
40 416 646 886
40 417 683 979
40 418 1151 1769
40 419 1223 1955
40 420 625 901
40 421 631 961
40 422 1111 1799
40 423 1123 1919
40 424 612 868
40 425 599 887
40 426 1095 1733
40 427 1071 1771
40 428 655 979
40 429 617 971
40 430 1167 1955
40 431 1099 1939
40 432 597 889
40 433 717 1117
40 434 1063 1775
40 435 1279 2231
40 436 541 843
40 437 561 919
40 438 963 1683
40 439 1003 1835
40 440 619 955
40 441 643 1037
40 442 1103 1907
40 443 1147 2071
40 444 609 977
40 445 571 965
40 446 1087 1951
40 447 1019 1927
40 448 620 833
40 449 653 928
40 450 1108 1656
40 451 1164 1846
40 452 588 843
40 453 621 926
40 454 1044 1676
40 455 1104 1842
40 456 644 905
40 457 657 964
40 458 1148 1800
40 459 1172 1918
40 460 638 945
40 461 693 1066
40 462 1132 1880
40 463 1232 2122
40 464 646 945
40 465 620 949
40 466 1148 1880
40 467 1104 1888
40 468 478 733
40 469 528 851
40 470 852 1456
40 471 940 1692
40 472 648 985
40 473 616 973
40 474 1152 1960
40 475 1096 1936
40 476 520 827
40 477 560 925
40 478 924 1644
40 479 1000 1840
40 480 662 937
40 481 614 905
40 482 1180 1864
40 483 1100 1800
40 484 655 970
40 485 594 931
40 486 1164 1930
40 487 1056 1852
40 488 648 951
40 489 702 1065
40 490 1156 1892
40 491 1252 2120
40 492 659 1018
40 493 684 1105
40 494 1172 2026
40 495 1216 2200
40 496 622 949
40 497 684 1091
40 498 1108 1888
40 499 1220 2172
40 500 564 903
40 501 522 873
40 502 1004 1796
40 503 932 1736
40 504 614 965
40 505 714 1175
40 506 1092 1920
40 507 1272 2340
40 508 542 891
40 509 572 987
40 510 968 1772
40 511 1020 1964
40 512 1084 1196
40 513 1352 1588
40 514 1928 2391
40 515 2392 3175
40 516 1072 1260
40 517 1248 1588
40 518 1900 2519
40 519 2208 3175
40 520 1100 1268
40 521 1312 1596
40 522 1960 2535
40 523 2328 3191
40 524 1140 1396
40 525 1300 1708
40 526 2016 2791
40 527 2300 3415
40 528 1248 1524
40 529 1450 1926
40 530 2212 3047
40 531 2562 3853
40 532 1212 1556
40 533 1486 2126
40 534 2136 3111
40 535 2609 4251
40 536 1312 1652
40 537 1502 2030
40 538 2328 3303
40 539 2654 4061
40 540 1284 1700
40 541 1562 2278
40 542 2264 3399
40 543 2745 4555
40 544 1252 1468
40 545 1244 1580
40 546 2216 2935
40 547 2216 3159
40 548 1072 1348
40 549 1196 1620
40 550 1904 2695
40 551 2124 3239
40 552 1212 1476
40 553 1140 1484
40 554 2152 2951
40 555 2032 2967
40 556 1124 1468
40 557 1192 1660
40 558 1996 2935
40 559 2112 3319
40 560 1274 1686
40 561 1432 2028
40 562 2258 3373
40 563 2540 4055
40 564 1206 1678
40 565 1372 2084
40 566 2130 3357
40 567 2424 4167
40 568 1326 1790
40 569 1368 1972
40 570 2350 3581
40 571 2424 3943
40 572 1282 1830
40 573 1340 2068
40 574 2266 3661
40 575 2368 4135
40 576 1175 1360
40 577 1419 1752
40 578 2087 2710
40 579 2511 3494
40 580 1123 1384
40 581 1203 1592
40 582 1987 2758
40 583 2135 3174
40 584 1175 1416
40 585 1459 1856
40 586 2087 2822
40 587 2575 3702
40 588 1095 1408
40 589 1223 1680
40 590 1943 2806
40 591 2171 3350
40 592 1395 1792
40 593 1595 2224
40 594 2459 3574
40 595 2810 4444
40 596 1187 1608
40 597 1361 2022
40 598 2095 3206
40 599 2401 4040
40 600 1379 1808
40 601 1599 2264
40 602 2431 3606
40 603 2814 4524
40 604 1187 1640
40 605 1365 2062
40 606 2095 3270
40 607 2409 4120
40 608 1319 1632
40 609 1207 1600
40 610 2335 3254
40 611 2151 3190
40 612 1179 1544
40 613 1175 1648
40 614 2087 3078
40 615 2083 3286
40 616 1359 1736
40 617 1295 1760
40 618 2399 3462
40 619 2303 3510
40 620 1199 1632
40 621 1219 1768
40 622 2123 3254
40 623 2167 3526
40 624 1419 1984
40 625 1475 2200
40 626 2506 3964
40 627 2611 4390
40 628 1291 1896
40 629 1275 2008
40 630 2274 3788
40 631 2255 4006
40 632 1423 2024
40 633 1491 2256
40 634 2510 4044
40 635 2639 4502
40 636 1295 1936
40 637 1315 2104
40 638 2282 3868
40 639 2327 4198
40 640 603 777
40 641 755 1027
40 642 1083 1551
40 643 1351 2051
40 644 598 812
40 645 697 1009
40 646 1071 1621
40 647 1247 2015
40 648 611 813
40 649 731 1019
40 650 1099 1623
40 651 1311 2035
40 652 637 895
40 653 726 1078
40 654 1139 1787
40 655 1299 2153
40 656 696 974
40 657 815 1223
40 658 1247 1945
40 659 1455 2443
40 660 679 993
40 661 839 1341
40 662 1211 1983
40 663 1491 2679
40 664 731 1047
40 665 844 1284
40 666 1311 2091
40 667 1507 2565
40 668 719 1077
40 669 881 1429
40 670 1283 2151
40 671 1567 2855
40 672 699 949
40 673 691 993
40 674 1251 1895
40 675 1243 1983
40 676 597 853
40 677 666 1010
40 678 1071 1703
40 679 1195 2017
40 680 675 941
40 681 633 927
40 682 1211 1879
40 683 1139 1851
40 684 626 922
40 685 665 1033
40 686 1123 1841
40 687 1191 2063
40 688 715 1067
40 689 798 1256
40 690 1279 2131
40 691 1431 2509
40 692 679 1057
40 693 767 1281
40 694 1211 2111
40 695 1371 2559
40 696 744 1128
40 697 763 1219
40 698 1331 2253
40 699 1367 2435
40 700 721 1145
40 701 749 1267
40 702 1287 2287
40 703 1339 2531
40 704 656 881
40 705 794 1125
40 706 1176 1752
40 707 1420 2240
40 708 629 890
40 709 672 1003
40 710 1124 1770
40 711 1204 1996
40 712 656 909
40 713 818 1189
40 714 1176 1808
40 715 1460 2368
40 716 612 893
40 717 683 1050
40 718 1096 1776
40 719 1224 2090
40 720 783 1148
40 721 898 1407
40 722 1396 2286
40 723 1600 2804
40 724 666 1017
40 725 768 1265
40 726 1188 2024
40 727 1368 2520
40 728 774 1153
40 729 901 1430
40 730 1380 2296
40 731 1604 2850
40 732 666 1033
40 733 770 1285
40 734 1188 2056
40 735 1372 2560
40 736 738 1047
40 737 672 1001
40 738 1320 2084
40 739 1208 1992
40 740 660 979
40 741 657 1028
40 742 1180 1948
40 743 1176 2046
40 744 762 1111
40 745 722 1099
40 746 1360 2212
40 747 1296 2188
40 748 671 1026
40 749 680 1091
40 750 1200 2042
40 751 1220 2172
40 752 798 1251
40 753 825 1358
40 754 1424 2492
40 755 1476 2706
40 756 728 1189
40 757 714 1229
40 758 1296 2368
40 759 1276 2448
40 760 801 1274
40 761 834 1389
40 762 1428 2538
40 763 1492 2768
40 764 730 1209
40 765 736 1283
40 766 1300 2408
40 767 1316 2556
40 768 1644 2004
40 769 1838 2406
40 770 2892 4007
40 771 3221 4811
40 772 1538 1998
40 773 1636 2268
40 774 2702 3997
40 775 2876 4535
40 776 1676 2148
40 777 1710 2342
40 778 2956 4295
40 779 3014 4685
40 780 1638 2246
40 781 1616 2340
40 782 2869 4491
40 783 2844 4679
40 784 1474 2030
40 785 1470 2150
40 786 2606 4061
40 787 2598 4301
40 788 1254 1798
40 789 1366 2110
40 790 2214 3597
40 791 2414 4221
40 792 1606 2310
40 793 1466 2222
40 794 2838 4621
40 795 2598 4445
40 796 1374 2070
40 797 1382 2206
40 798 2422 4141
40 799 2446 4413
40 800 1810 2366
40 801 1860 2588
40 802 3173 4731
40 803 3276 5175
40 804 1596 2196
40 805 1690 2486
40 806 2804 4391
40 807 2974 4973
40 808 1738 2366
40 809 1676 2396
40 810 3062 4733
40 811 2956 4791
40 812 1672 2412
40 813 1662 2542
40 814 2940 4823
40 815 2917 5083
40 816 1438 2094
40 817 1730 2678
40 818 2542 4189
40 819 3053 5355
40 820 1366 2086
40 821 1462 2390
40 822 2405 4171
40 823 2582 4781
40 824 1514 2278
40 825 1598 2542
40 826 2678 4557
40 827 2821 5083
40 828 1502 2390
40 829 1398 2342
40 830 2645 4779
40 831 2470 4685
40 832 1715 2200
40 833 1761 2406
40 834 3019 4390
40 835 3101 4808
40 836 1635 2240
40 837 1623 2336
40 838 2862 4476
40 839 2851 4662
40 840 1699 2280
40 841 1875 2680
40 842 2987 4550
40 843 3286 5356
40 844 1589 2278
40 845 1699 2568
40 846 2789 4552
40 847 2987 5126
40 848 1587 2288
40 849 1471 2224
40 850 2798 4572
40 851 2606 4444
40 852 1263 1896
40 853 1311 2088
40 854 2230 3788
40 855 2318 4172
40 856 1527 2264
40 857 1491 2328
40 858 2694 4524
40 859 2638 4652
40 860 1255 1944
40 861 1351 2224
40 862 2214 3884
40 863 2390 4444
40 864 1789 2430
40 865 1691 2432
40 866 3149 4856
40 867 2987 4854
40 868 1663 2392
40 869 1659 2536
40 870 2923 4774
40 871 2910 5068
40 872 1847 2640
40 873 1859 2784
40 874 3238 5276
40 875 3275 5558
40 876 1643 2480
40 877 1741 2766
40 878 2891 4950
40 879 3061 5528
40 880 1495 2248
40 881 1617 2582
40 882 2646 4492
40 883 2861 5160
40 884 1381 2190
40 885 1343 2248
40 886 2437 4376
40 887 2374 4492
40 888 1483 2304
40 889 1677 2750
40 890 2622 4604
40 891 2965 5496
40 892 1349 2198
40 893 1407 2424
40 894 2381 4392
40 895 2486 4844
40 896 922 1298
40 897 1038 1550
40 898 1643 2593
40 899 1843 3097
40 900 868 1286
40 901 918 1430
40 902 1543 2569
40 903 1635 2857
40 904 938 1370
40 905 962 1482
40 906 1675 2737
40 907 1715 2961
40 908 926 1434
40 909 906 1460
40 910 1643 2865
40 911 1615 2917
40 912 828 1278
40 913 826 1338
40 914 1479 2553
40 915 1475 2673
40 916 706 1126
40 917 768 1300
40 918 1259 2249
40 919 1371 2597
40 920 902 1442
40 921 822 1368
40 922 1611 2881
40 923 1471 2733
40 924 774 1286
40 925 776 1348
40 926 1379 2569
40 927 1387 2693
40 928 1022 1524
40 929 1042 1626
40 930 1815 3045
40 931 1859 3249
40 932 896 1388
40 933 952 1554
40 934 1595 2773
40 935 1695 3105
40 936 978 1500
40 937 938 1494
40 938 1743 2997
40 939 1675 2985
40 940 938 1508
40 941 938 1582
40 942 1671 3013
40 943 1667 3161
40 944 808 1304
40 945 972 1650
40 946 1443 2605
40 947 1735 3297
40 948 770 1294
40 949 822 1458
40 950 1371 2585
40 951 1467 2913
40 952 850 1408
40 953 898 1558
40 954 1519 2813
40 955 1603 3113
40 956 846 1470
40 957 786 1422
40 958 1507 2937
40 959 1403 2841
40 960 963 1412
40 961 993 1532
40 962 1716 2814
40 963 1768 3054
40 964 925 1436
40 965 913 1468
40 966 1640 2862
40 967 1624 2926
40 968 955 1452
40 969 1059 1698
40 970 1700 2894
40 971 1880 3386
40 972 899 1444
40 973 955 1596
40 974 1596 2878
40 975 1700 3182
40 976 893 1436
40 977 825 1374
40 978 1592 2862
40 979 1476 2738
40 980 711 1180
40 981 737 1282
40 982 1268 2350
40 983 1316 2554
40 984 859 1412
40 985 837 1432
40 986 1532 2814
40 987 1496 2854
40 988 707 1204
40 989 759 1356
40 990 1260 2398
40 991 1356 2702
40 992 1009 1550
40 993 947 1516
40 994 1796 3090
40 995 1692 3022
40 996 935 1502
40 997 937 1584
40 998 1664 2994
40 999 1664 3158
40 1000 1043 1672
40 1001 1043 1728
40 1002 1852 3334
40 1003 1860 3446
40 1004 923 1540
40 1005 983 1712
40 1006 1644 3070
40 1007 1748 3414
40 1008 839 1392
40 1009 909 1584
40 1010 1500 2774
40 1011 1624 3158
40 1012 779 1352
40 1013 755 1368
40 1014 1388 2694
40 1015 1348 2726
40 1016 833 1420
40 1017 943 1680
40 1018 1488 2830
40 1019 1684 3350
40 1020 761 1350
40 1021 791 1468
40 1022 1356 2690
40 1023 1412 2926
40 1024 728 756
40 1025 904 992
40 1026 1299 1509
40 1027 1607 1981
40 1028 688 768
40 1029 784 932
40 1030 1223 1533
40 1031 1395 1861
40 1032 788 848
40 1033 880 1008
40 1034 1403 1693
40 1035 1567 2013
40 1036 756 868
40 1037 848 1036
40 1038 1343 1733
40 1039 1507 2069
40 1040 892 1020
40 1041 1060 1300
40 1042 1583 2037
40 1043 1879 2597
40 1044 728 888
40 1045 876 1160
40 1046 1295 1773
40 1047 1555 2317
40 1048 940 1108
40 1049 1052 1320
40 1050 1667 2213
40 1051 1863 2637
40 1052 788 984
40 1053 904 1220
40 1054 1399 1965
40 1055 1607 2437
40 1056 848 932
40 1057 780 924
40 1058 1507 1861
40 1059 1395 1845
40 1060 772 908
40 1061 716 912
40 1062 1371 1813
40 1063 1275 1821
40 1064 824 948
40 1065 832 1008
40 1066 1467 1893
40 1067 1483 2013
40 1068 836 1012
40 1069 824 1076
40 1070 1483 2021
40 1071 1467 2149
40 1072 960 1180
40 1073 1044 1364
40 1074 1703 2357
40 1075 1855 2725
40 1076 836 1096
40 1077 812 1144
40 1078 1483 2189
40 1079 1447 2285
40 1080 952 1200
40 1081 1028 1380
40 1082 1687 2397
40 1083 1827 2757
40 1084 864 1156
40 1085 880 1264
40 1086 1535 2309
40 1087 1567 2525
40 1088 677 738
40 1089 829 958
40 1090 1208 1466
40 1091 1476 1906
40 1092 697 802
40 1093 825 1006
40 1094 1236 1594
40 1095 1464 2002
40 1096 745 838
40 1097 805 966
40 1098 1328 1666
40 1099 1436 1922
40 1100 741 886
40 1101 865 1086
40 1102 1316 1762
40 1103 1536 2162
40 1104 845 998
40 1105 965 1226
40 1106 1500 1986
40 1107 1712 2442
40 1108 753 942
40 1109 949 1290
40 1110 1336 1874
40 1111 1680 2570
40 1112 941 1150
40 1113 997 1294
40 1114 1672 2290
40 1115 1768 2578
40 1116 853 1094
40 1117 1017 1406
40 1118 1512 2178
40 1119 1804 2802
40 1120 773 898
40 1121 801 978
40 1122 1376 1786
40 1123 1432 1946
40 1124 725 886
40 1125 765 1002
40 1126 1288 1762
40 1127 1360 1994
40 1128 749 906
40 1129 717 910
40 1130 1336 1802
40 1131 1280 1810
40 1132 765 966
40 1133 769 1038
40 1134 1360 1922
40 1135 1368 2066
40 1136 865 1106
40 1137 981 1318
40 1138 1536 2202
40 1139 1748 2626
40 1140 789 1066
40 1141 877 1262
40 1142 1400 2122
40 1143 1560 2514
40 1144 897 1174
40 1145 917 1270
40 1146 1592 2338
40 1147 1632 2530
40 1148 857 1182
40 1149 905 1326
40 1150 1524 2354
40 1151 1608 2642
40 1152 404 494
40 1153 503 645
40 1154 727 985
40 1155 903 1287
40 1156 383 497
40 1157 436 594
40 1158 687 991
40 1159 783 1185
40 1160 438 552
40 1161 489 647
40 1162 787 1101
40 1163 879 1291
40 1164 421 559
40 1165 472 658
40 1166 755 1115
40 1167 847 1313
40 1168 497 659
40 1169 591 829
40 1170 891 1315
40 1171 1059 1655
40 1172 405 563
40 1173 488 726
40 1174 727 1123
40 1175 875 1449
40 1176 524 712
40 1177 587 839
40 1178 939 1421
40 1179 1051 1675
40 1180 439 623
40 1181 503 759
40 1182 787 1243
40 1183 903 1515
40 1184 472 606
40 1185 432 584
40 1186 847 1209
40 1187 779 1165
40 1188 430 582
40 1189 398 572
40 1190 771 1161
40 1191 715 1141
40 1192 458 608
40 1193 462 638
40 1194 823 1213
40 1195 831 1273
40 1196 466 646
40 1197 458 672
40 1198 835 1289
40 1199 823 1341
40 1200 535 751
40 1201 581 855
40 1202 959 1499
40 1203 1043 1707
40 1204 466 688
40 1205 451 703
40 1206 835 1373
40 1207 811 1403
40 1208 531 761
40 1209 572 860
40 1210 951 1519
40 1211 1027 1717
40 1212 481 721
40 1213 489 775
40 1214 863 1439
40 1215 879 1547
40 1216 376 479
40 1217 461 616
40 1218 676 948
40 1219 828 1222
40 1220 389 520
40 1221 460 643
40 1222 696 1030
40 1223 824 1276
40 1224 414 541
40 1225 447 614
40 1226 744 1072
40 1227 804 1218
40 1228 413 568
40 1229 482 689
40 1230 740 1126
40 1231 864 1368
40 1232 471 642
40 1233 538 777
40 1234 844 1274
40 1235 964 1544
40 1236 420 599
40 1237 530 809
40 1238 752 1188
40 1239 948 1608
40 1240 524 733
40 1241 556 817
40 1242 940 1456
40 1243 996 1624
40 1244 476 693
40 1245 567 876
40 1246 852 1376
40 1247 1016 1742
40 1248 430 577
40 1249 444 617
40 1250 772 1144
40 1251 800 1224
40 1252 404 565
40 1253 426 629
40 1254 724 1120
40 1255 764 1248
40 1256 416 575
40 1257 398 571
40 1258 748 1140
40 1259 716 1132
40 1260 426 611
40 1261 428 647
40 1262 764 1212
40 1263 768 1284
40 1264 482 699
40 1265 545 820
40 1266 864 1388
40 1267 980 1630
40 1268 440 667
40 1269 488 777
40 1270 788 1324
40 1271 876 1544
40 1272 500 739
40 1273 510 787
40 1274 896 1468
40 1275 916 1564
40 1276 477 734
40 1277 504 815
40 1278 856 1458
40 1279 904 1620
40 1280 1108 1272
40 1281 1164 1432
40 1282 1960 2543
40 1283 2052 2863
40 1284 1044 1292
40 1285 1104 1440
40 1286 1832 2583
40 1287 1939 2877
40 1288 1148 1392
40 1289 1172 1504
40 1290 2024 2783
40 1291 2068 3007
40 1292 1132 1460
40 1293 1232 1672
40 1294 1983 2917
40 1295 2164 3343
40 1296 1148 1460
40 1297 1104 1492
40 1298 2016 2919
40 1299 1943 2981
40 1300 852 1156
40 1301 940 1356
40 1302 1504 2311
40 1303 1656 2711
40 1304 1152 1540
40 1305 1096 1540
40 1306 2023 3077
40 1307 1928 3079
40 1308 924 1308
40 1309 1000 1492
40 1310 1624 2615
40 1311 1768 2983
40 1312 1180 1444
40 1313 1100 1428
40 1314 2080 2887
40 1315 1952 2855
40 1316 1164 1504
40 1317 1056 1468
40 1318 2043 3005
40 1319 1856 2935
40 1320 1156 1484
40 1321 1252 1676
40 1322 2040 2967
40 1323 2208 3351
40 1324 1172 1600
40 1325 1216 1756
40 1326 2060 3199
40 1327 2135 3509
40 1328 1108 1492
40 1329 1220 1740
40 1330 1951 2981
40 1331 2152 3479
40 1332 1004 1436
40 1333 932 1412
40 1334 1768 2871
40 1335 1648 2823
40 1336 1092 1524
40 1337 1272 1884
40 1338 1920 3047
40 1339 2239 3765
40 1340 968 1436
40 1341 1020 1604
40 1342 1712 2871
40 1343 1800 3207
40 1344 1039 1252
40 1345 1167 1488
40 1346 1839 2494
40 1347 2055 2966
40 1348 1039 1328
40 1349 1173 1562
40 1350 1823 2646
40 1351 2056 3114
40 1352 1159 1452
40 1353 1079 1456
40 1354 2047 2894
40 1355 1911 2902
40 1356 1089 1466
40 1357 1107 1568
40 1358 1912 2922
40 1359 1951 3126
40 1360 1087 1424
40 1361 1093 1506
40 1362 1911 2838
40 1363 1920 3002
40 1364 851 1184
40 1365 1003 1480
40 1366 1503 2358
40 1367 1767 2950
40 1368 1277 1746
40 1369 1075 1560
40 1370 2240 3482
40 1371 1895 3110
40 1372 995 1448
40 1373 983 1512
40 1374 1751 2886
40 1375 1743 3014
40 1376 1151 1468
40 1377 1223 1640
40 1378 2027 2926
40 1379 2167 3270
40 1380 1113 1490
40 1381 1123 1616
40 1382 1952 2970
40 1383 1975 3222
40 1384 1095 1468
40 1385 1071 1504
40 1386 1939 2926
40 1387 1895 2998
40 1388 1167 1632
40 1389 1101 1650
40 1390 2055 3254
40 1391 1936 3290
40 1392 1065 1466
40 1393 1279 1864
40 1394 1872 2922
40 1395 2255 3718
40 1396 963 1408
40 1397 1003 1560
40 1398 1695 2806
40 1399 1775 3110
40 1400 1103 1584
40 1401 1149 1754
40 1402 1943 3158
40 1403 2024 3498
40 1404 1087 1640
40 1405 1019 1640
40 1406 1919 3270
40 1407 1799 3270
40 1408 619 827
40 1409 652 922
40 1410 1107 1651
40 1411 1163 1841
40 1412 587 837
40 1413 620 920
40 1414 1043 1671
40 1415 1103 1837
40 1416 643 899
40 1417 656 958
40 1418 1147 1795
40 1419 1171 1913
40 1420 637 939
40 1421 692 1060
40 1422 1131 1875
40 1423 1231 2117
40 1424 645 939
40 1425 619 943
40 1426 1147 1875
40 1427 1103 1883
40 1428 477 727
40 1429 527 845
40 1430 851 1451
40 1431 939 1687
40 1432 647 979
40 1433 615 967
40 1434 1151 1955
40 1435 1095 1931
40 1436 519 821
40 1437 559 919
40 1438 923 1639
40 1439 999 1835
40 1440 661 931
40 1441 613 899
40 1442 1179 1859
40 1443 1099 1795
40 1444 654 964
40 1445 593 925
40 1446 1163 1925
40 1447 1055 1847
40 1448 647 945
40 1449 701 1059
40 1450 1155 1887
40 1451 1251 2115
40 1452 658 1012
40 1453 683 1099
40 1454 1171 2021
40 1455 1215 2195
40 1456 621 943
40 1457 683 1085
40 1458 1107 1883
40 1459 1219 2167
40 1460 563 897
40 1461 521 867
40 1462 1003 1791
40 1463 931 1731
40 1464 613 959
40 1465 713 1169
40 1466 1091 1915
40 1467 1271 2335
40 1468 541 885
40 1469 571 981
40 1470 967 1767
40 1471 1019 1959
40 1472 582 809
40 1473 656 957
40 1474 1040 1608
40 1475 1168 1904
40 1476 586 859
40 1477 660 999
40 1478 1040 1708
40 1479 1172 1988
40 1480 650 933
40 1481 604 917
40 1482 1160 1856
40 1483 1080 1824
40 1484 612 933
40 1485 622 985
40 1486 1088 1856
40 1487 1108 1960
40 1488 612 913
40 1489 614 953
40 1490 1088 1816
40 1491 1092 1896
40 1492 478 745
40 1493 564 923
40 1494 852 1480
40 1495 1004 1836
40 1496 718 1109
40 1497 604 975
40 1498 1276 2208
40 1499 1076 1940
40 1500 560 907
40 1501 550 927
40 1502 996 1804
40 1503 984 1844
40 1504 647 944
40 1505 684 1033
40 1506 1152 1878
40 1507 1224 2056
40 1508 626 951
40 1509 632 1015
40 1510 1112 1892
40 1511 1124 2020
40 1512 613 926
40 1513 600 941
40 1514 1096 1842
40 1515 1072 1872
40 1516 656 1029
40 1517 618 1025
40 1518 1168 2048
40 1519 1100 2040
40 1520 598 927
40 1521 718 1163
40 1522 1064 1844
40 1523 1280 2316
40 1524 542 881
40 1525 562 957
40 1526 964 1752
40 1527 1004 1904
40 1528 620 993
40 1529 644 1083
40 1530 1104 1976
40 1531 1148 2156
40 1532 610 1015
40 1533 572 1003
40 1534 1088 2020
40 1535 1020 1996
40 1536 1176 1356
40 1537 1420 1748
40 1538 2088 2711
40 1539 2512 3495
40 1540 1124 1380
40 1541 1204 1588
40 1542 1988 2759
40 1543 2136 3175
40 1544 1176 1412
40 1545 1460 1852
40 1546 2088 2823
40 1547 2576 3703
40 1548 1096 1404
40 1549 1224 1676
40 1550 1944 2807
40 1551 2172 3351
40 1552 1396 1788
40 1553 1594 2222
40 1554 2460 3575
40 1555 2809 4443
40 1556 1188 1604
40 1557 1362 2022
40 1558 2096 3207
40 1559 2402 4045
40 1560 1380 1804
40 1561 1598 2262
40 1562 2432 3607
40 1563 2813 4523
40 1564 1188 1636
40 1565 1366 2062
40 1566 2096 3271
40 1567 2410 4125
40 1568 1320 1628
40 1569 1208 1596
40 1570 2336 3255
40 1571 2152 3191
40 1572 1180 1540
40 1573 1176 1644
40 1574 2088 3079
40 1575 2084 3287
40 1576 1360 1732
40 1577 1296 1756
40 1578 2400 3463
40 1579 2304 3511
40 1580 1200 1628
40 1581 1220 1764
40 1582 2124 3255
40 1583 2168 3527
40 1584 1418 1982
40 1585 1476 2196
40 1586 2505 3963
40 1587 2612 4391
40 1588 1290 1894
40 1589 1276 2004
40 1590 2273 3787
40 1591 2256 4007
40 1592 1422 2022
40 1593 1492 2252
40 1594 2509 4043
40 1595 2640 4503
40 1596 1294 1934
40 1597 1316 2100
40 1598 2281 3867
40 1599 2328 4199
40 1600 1083 1312
40 1601 1351 1736
40 1602 1927 2614
40 1603 2391 3462
40 1604 1071 1376
40 1605 1247 1704
40 1606 1899 2742
40 1607 2207 3398
40 1608 1099 1384
40 1609 1311 1744
40 1610 1959 2758
40 1611 2327 3478
40 1612 1139 1512
40 1613 1299 1824
40 1614 2015 3014
40 1615 2299 3638
40 1616 1247 1672
40 1617 1449 2086
40 1618 2211 3334
40 1619 2561 4168
40 1620 1211 1688
40 1621 1487 2272
40 1622 2135 3366
40 1623 2610 4540
40 1624 1311 1800
40 1625 1501 2190
40 1626 2327 3590
40 1627 2653 4376
40 1628 1283 1832
40 1629 1563 2424
40 1630 2263 3654
40 1631 2746 4844
40 1632 1251 1616
40 1633 1243 1696
40 1634 2215 3222
40 1635 2215 3382
40 1636 1071 1464
40 1637 1195 1736
40 1638 1903 2918
40 1639 2123 3462
40 1640 1211 1624
40 1641 1139 1600
40 1642 2151 3238
40 1643 2031 3190
40 1644 1123 1584
40 1645 1191 1776
40 1646 1995 3158
40 1647 2111 3542
40 1648 1273 1846
40 1649 1431 2176
40 1650 2257 3688
40 1651 2539 4342
40 1652 1205 1822
40 1653 1371 2216
40 1654 2129 3640
40 1655 2423 4422
40 1656 1325 1950
40 1657 1367 2120
40 1658 2349 3896
40 1659 2423 4230
40 1660 1281 1974
40 1661 1339 2200
40 1662 2265 3944
40 1663 2367 4390
40 1664 655 875
40 1665 793 1119
40 1666 1175 1747
40 1667 1419 2235
40 1668 628 884
40 1669 671 997
40 1670 1123 1765
40 1671 1203 1991
40 1672 655 903
40 1673 817 1183
40 1674 1175 1803
40 1675 1459 2363
40 1676 611 887
40 1677 682 1044
40 1678 1095 1771
40 1679 1223 2085
40 1680 782 1142
40 1681 897 1401
40 1682 1395 2281
40 1683 1599 2799
40 1684 665 1011
40 1685 767 1259
40 1686 1187 2019
40 1687 1367 2515
40 1688 773 1147
40 1689 900 1424
40 1690 1379 2291
40 1691 1603 2845
40 1692 665 1027
40 1693 769 1279
40 1694 1187 2051
40 1695 1371 2555
40 1696 737 1041
40 1697 671 995
40 1698 1319 2079
40 1699 1207 1987
40 1700 659 973
40 1701 656 1022
40 1702 1179 1943
40 1703 1175 2041
40 1704 761 1105
40 1705 721 1093
40 1706 1359 2207
40 1707 1295 2183
40 1708 670 1020
40 1709 679 1085
40 1710 1199 2037
40 1711 1219 2167
40 1712 797 1245
40 1713 824 1352
40 1714 1423 2487
40 1715 1475 2701
40 1716 727 1183
40 1717 713 1223
40 1718 1295 2363
40 1719 1275 2443
40 1720 800 1268
40 1721 833 1383
40 1722 1427 2533
40 1723 1491 2763
40 1724 729 1203
40 1725 735 1277
40 1726 1299 2403
40 1727 1315 2551
40 1728 604 839
40 1729 756 1105
40 1730 1084 1668
40 1731 1352 2200
40 1732 599 874
40 1733 698 1071
40 1734 1072 1738
40 1735 1248 2132
40 1736 612 875
40 1737 732 1097
40 1738 1100 1740
40 1739 1312 2184
40 1740 638 957
40 1741 727 1140
40 1742 1140 1904
40 1743 1300 2270
40 1744 697 1052
40 1745 816 1309
40 1746 1248 2094
40 1747 1456 2608
40 1748 680 1063
40 1749 840 1419
40 1750 1212 2116
40 1751 1492 2828
40 1752 732 1125
40 1753 845 1370
40 1754 1312 2240
40 1755 1508 2730
40 1756 720 1147
40 1757 882 1507
40 1758 1284 2284
40 1759 1568 3004
40 1760 700 1027
40 1761 692 1055
40 1762 1252 2044
40 1763 1244 2100
40 1764 598 915
40 1765 667 1072
40 1766 1072 1820
40 1767 1196 2134
40 1768 676 1019
40 1769 634 989
40 1770 1212 2028
40 1771 1140 1968
40 1772 627 984
40 1773 666 1095
40 1774 1124 1958
40 1775 1192 2180
40 1776 716 1153
40 1777 799 1334
40 1778 1280 2296
40 1779 1432 2658
40 1780 680 1135
40 1781 768 1351
40 1782 1212 2260
40 1783 1372 2692
40 1784 745 1214
40 1785 764 1297
40 1786 1332 2418
40 1787 1368 2584
40 1788 722 1223
40 1789 750 1337
40 1790 1288 2436
40 1791 1340 2664
40 1792 1716 2196
40 1793 1762 2406
40 1794 3020 4391
40 1795 3102 4813
40 1796 1634 2238
40 1797 1624 2332
40 1798 2861 4475
40 1799 2852 4663
40 1800 1700 2276
40 1801 1874 2678
40 1802 2988 4551
40 1803 3285 5355
40 1804 1590 2278
40 1805 1700 2564
40 1806 2790 4557
40 1807 2988 5127
40 1808 1586 2286
40 1809 1470 2222
40 1810 2797 4571
40 1811 2605 4443
40 1812 1262 1894
40 1813 1310 2086
40 1814 2229 3787
40 1815 2317 4171
40 1816 1526 2262
40 1817 1490 2326
40 1818 2693 4523
40 1819 2637 4651
40 1820 1254 1942
40 1821 1350 2222
40 1822 2213 3883
40 1823 2389 4443
40 1824 1790 2430
40 1825 1692 2428
40 1826 3150 4861
40 1827 2988 4855
40 1828 1664 2388
40 1829 1658 2534
40 1830 2924 4775
40 1831 2909 5067
40 1832 1846 2638
40 1833 1860 2780
40 1834 3237 5275
40 1835 3276 5559
40 1836 1644 2476
40 1837 1742 2766
40 1838 2892 4951
40 1839 3062 5533
40 1840 1494 2246
40 1841 1618 2582
40 1842 2645 4491
40 1843 2862 5165
40 1844 1382 2190
40 1845 1342 2246
40 1846 2438 4381
40 1847 2373 4491
40 1848 1482 2302
40 1849 1678 2750
40 1850 2621 4603
40 1851 2966 5501
40 1852 1350 2198
40 1853 1406 2422
40 1854 2382 4397
40 1855 2485 4843
40 1856 1643 2200
40 1857 1839 2616
40 1858 2891 4390
40 1859 3222 5228
40 1860 1537 2190
40 1861 1635 2448
40 1862 2701 4376
40 1863 2875 4886
40 1864 1675 2344
40 1865 1709 2550
40 1866 2955 4678
40 1867 3013 5096
40 1868 1639 2440
40 1869 1615 2520
40 1870 2870 4876
40 1871 2843 5030
40 1872 1473 2190
40 1873 1469 2278
40 1874 2605 4376
40 1875 2597 4552
40 1876 1253 1926
40 1877 1365 2238
40 1878 2213 3848
40 1879 2413 4472
40 1880 1605 2470
40 1881 1465 2350
40 1882 2837 4936
40 1883 2597 4696
40 1884 1373 2198
40 1885 1381 2334
40 1886 2421 4392
40 1887 2445 4664
40 1888 1811 2576
40 1889 1859 2784
40 1890 3174 5148
40 1891 3275 5558
40 1892 1595 2376
40 1893 1689 2678
40 1894 2803 4742
40 1895 2973 5352
40 1896 1737 2574
40 1897 1675 2592
40 1898 3061 5144
40 1899 2955 5174
40 1900 1671 2592
40 1901 1663 2736
40 1902 2939 5174
40 1903 2918 5468
40 1904 1437 2222
40 1905 1731 2840
40 1906 2541 4440
40 1907 3054 5676
40 1908 1367 2216
40 1909 1461 2518
40 1910 2406 4428
40 1911 2581 5032
40 1912 1513 2406
40 1913 1599 2704
40 1914 2677 4808
40 1915 2822 5404
40 1916 1503 2520
40 1917 1397 2470
40 1918 2646 5036
40 1919 2469 4936
40 1920 962 1406
40 1921 992 1526
40 1922 1715 2809
40 1923 1767 3049
40 1924 924 1430
40 1925 912 1462
40 1926 1639 2857
40 1927 1623 2921
40 1928 954 1446
40 1929 1058 1692
40 1930 1699 2889
40 1931 1879 3381
40 1932 898 1438
40 1933 954 1590
40 1934 1595 2873
40 1935 1699 3177
40 1936 892 1430
40 1937 824 1368
40 1938 1591 2857
40 1939 1475 2733
40 1940 710 1174
40 1941 736 1276
40 1942 1267 2345
40 1943 1315 2549
40 1944 858 1406
40 1945 836 1426
40 1946 1531 2809
40 1947 1495 2849
40 1948 706 1198
40 1949 758 1350
40 1950 1259 2393
40 1951 1355 2697
40 1952 1008 1544
40 1953 946 1510
40 1954 1795 3085
40 1955 1691 3017
40 1956 934 1496
40 1957 936 1578
40 1958 1663 2989
40 1959 1663 3153
40 1960 1042 1666
40 1961 1042 1722
40 1962 1851 3329
40 1963 1859 3441
40 1964 922 1534
40 1965 982 1706
40 1966 1643 3065
40 1967 1747 3409
40 1968 838 1386
40 1969 908 1578
40 1970 1499 2769
40 1971 1623 3153
40 1972 778 1346
40 1973 754 1362
40 1974 1387 2689
40 1975 1347 2721
40 1976 832 1414
40 1977 942 1674
40 1978 1487 2825
40 1979 1683 3345
40 1980 760 1344
40 1981 790 1462
40 1982 1355 2685
40 1983 1411 2921
40 1984 923 1400
40 1985 1039 1660
40 1986 1644 2790
40 1987 1844 3310
40 1988 869 1388
40 1989 919 1524
40 1990 1544 2766
40 1991 1636 3038
40 1992 939 1472
40 1993 963 1592
40 1994 1676 2934
40 1995 1716 3174
40 1996 927 1536
40 1997 907 1554
40 1998 1644 3062
40 1999 1616 3098
40 2000 829 1364
40 2001 827 1408
40 2002 1480 2718
40 2003 1476 2806
40 2004 707 1196
40 2005 769 1370
40 2006 1260 2382
40 2007 1372 2730
40 2008 903 1528
40 2009 823 1438
40 2010 1612 3046
40 2011 1472 2866
40 2012 775 1356
40 2013 777 1418
40 2014 1380 2702
40 2015 1388 2826
40 2016 1023 1634
40 2017 1043 1728
40 2018 1816 3258
40 2019 1860 3446
40 2020 897 1482
40 2021 953 1656
40 2022 1596 2954
40 2023 1696 3302
40 2024 979 1610
40 2025 939 1596
40 2026 1744 3210
40 2027 1676 3182
40 2028 939 1602
40 2029 939 1684
40 2030 1672 3194
40 2031 1668 3358
40 2032 809 1374
40 2033 973 1736
40 2034 1444 2738
40 2035 1736 3462
40 2036 771 1364
40 2037 823 1528
40 2038 1372 2718
40 2039 1468 3046
40 2040 851 1478
40 2041 899 1644
40 2042 1520 2946
40 2043 1604 3278
40 2044 847 1540
40 2045 787 1492
40 2046 1508 3070
40 2047 1404 2974
41 0 260 260
41 1 316 332
41 2 464 520
41 3 560 664
41 4 252 268
41 5 252 284
41 6 448 536
41 7 448 568
41 8 308 340
41 9 328 392
41 10 544 680
41 11 576 784
41 12 272 304
41 13 292 356
41 14 480 608
41 15 512 712
41 16 316 332
41 17 260 292
41 18 560 664
41 19 464 584
41 20 252 284
41 21 252 300
41 22 448 568
41 23 448 600
41 24 328 392
41 25 308 388
41 26 576 784
41 27 544 776
41 28 292 356
41 29 272 352
41 30 512 712
41 31 480 704
41 32 144 172
41 33 176 220
41 34 260 344
41 35 316 440
41 36 140 176
41 37 140 184
41 38 252 352
41 39 252 368
41 40 172 224
41 41 184 256
41 42 308 448
41 43 328 512
41 44 152 200
41 45 164 232
41 46 272 400
41 47 292 464
41 48 176 220
41 49 144 188
41 50 316 440
41 51 260 376
41 52 140 184
41 53 140 192
41 54 252 368
41 55 252 384
41 56 184 256
41 57 172 248
41 58 328 512
41 59 308 496
41 60 164 232
41 61 152 224
41 62 292 464
41 63 272 448
41 64 408 448
41 65 428 500
41 66 720 896
41 67 752 1000
41 68 392 464
41 69 372 460
41 70 688 928
41 71 656 920
41 72 336 424
41 73 280 368
41 74 592 848
41 75 496 736
41 76 272 352
41 77 272 368
41 78 480 704
41 79 480 736
41 80 428 500
41 81 408 496
41 82 752 1000
41 83 720 992
41 84 372 460
41 85 392 512
41 86 656 920
41 87 688 1024
41 88 280 368
41 89 336 456
41 90 496 736
41 91 592 912
41 92 272 368
41 93 272 384
41 94 480 736
41 95 480 768
41 96 228 296
41 97 240 328
41 98 408 592
41 99 428 656
41 100 220 304
41 101 208 296
41 102 392 608
41 103 372 592
41 104 188 272
41 105 156 232
41 106 336 544
41 107 280 464
41 108 152 224
41 109 152 232
41 110 272 448
41 111 272 464
41 112 240 328
41 113 228 320
41 114 428 656
41 115 408 640
41 116 208 296
41 117 220 328
41 118 372 592
41 119 392 656
41 120 156 232
41 121 188 288
41 122 280 464
41 123 336 576
41 124 152 232
41 125 152 240
41 126 272 464
41 127 272 480
41 128 464 520
41 129 560 664
41 130 816 1040
41 131 976 1328
41 132 448 536
41 133 448 568
41 134 784 1072
41 135 784 1136
41 136 544 680
41 137 576 784
41 138 944 1360
41 139 993 1570
41 140 480 608
41 141 512 712
41 142 832 1216
41 143 881 1426
41 144 560 664
41 145 464 584
41 146 976 1328
41 147 816 1168
41 148 448 568
41 149 448 600
41 150 784 1136
41 151 784 1200
41 152 576 784
41 153 544 776
41 154 993 1570
41 155 944 1552
41 156 512 712
41 157 480 704
41 158 881 1426
41 159 832 1408
41 160 260 344
41 161 316 440
41 162 464 688
41 163 560 880
41 164 252 352
41 165 252 368
41 166 448 704
41 167 448 736
41 168 308 448
41 169 328 512
41 170 544 896
41 171 576 1024
41 172 272 400
41 173 292 464
41 174 480 800
41 175 512 928
41 176 316 440
41 177 260 376
41 178 560 880
41 179 464 752
41 180 252 368
41 181 252 384
41 182 448 736
41 183 448 768
41 184 328 512
41 185 308 496
41 186 576 1024
41 187 544 992
41 188 292 464
41 189 272 448
41 190 512 928
41 191 480 896
41 192 720 896
41 193 752 1000
41 194 1248 1792
41 195 1297 2002
41 196 688 928
41 197 656 920
41 198 1185 1858
41 199 1136 1840
41 200 592 848
41 201 496 736
41 202 1025 1698
41 203 865 1474
41 204 480 704
41 205 480 736
41 206 833 1410
41 207 833 1474
41 208 752 1000
41 209 720 992
41 210 1297 2002
41 211 1248 1984
41 212 656 920
41 213 688 1024
41 214 1136 1840
41 215 1185 2050
41 216 496 736
41 217 592 912
41 218 865 1474
41 219 1025 1826
41 220 480 736
41 221 480 768
41 222 833 1474
41 223 833 1538
41 224 408 592
41 225 428 656
41 226 720 1184
41 227 752 1312
41 228 392 608
41 229 372 592
41 230 688 1216
41 231 656 1184
41 232 336 544
41 233 280 464
41 234 592 1088
41 235 496 928
41 236 272 448
41 237 272 464
41 238 480 896
41 239 480 928
41 240 428 656
41 241 408 640
41 242 752 1312
41 243 720 1280
41 244 372 592
41 245 392 656
41 246 656 1184
41 247 688 1312
41 248 280 464
41 249 336 576
41 250 496 928
41 251 592 1152
41 252 272 464
41 253 272 480
41 254 480 928
41 255 480 960
41 256 144 172
41 257 176 220
41 258 260 344
41 259 316 440
41 260 140 176
41 261 140 184
41 262 252 352
41 263 252 368
41 264 172 224
41 265 184 256
41 266 308 448
41 267 328 512
41 268 152 200
41 269 164 232
41 270 272 400
41 271 292 464
41 272 176 220
41 273 144 188
41 274 316 440
41 275 260 376
41 276 140 184
41 277 140 192
41 278 252 368
41 279 252 384
41 280 184 256
41 281 172 248
41 282 328 512
41 283 308 496
41 284 164 232
41 285 152 224
41 286 292 464
41 287 272 448
41 288 79 107
41 289 97 137
41 290 144 214
41 291 176 274
41 292 77 109
41 293 77 113
41 294 140 218
41 295 140 226
41 296 95 139
41 297 102 158
41 298 172 278
41 299 184 316
41 300 84 124
41 301 91 143
41 302 152 248
41 303 164 286
41 304 97 137
41 305 79 115
41 306 176 274
41 307 144 230
41 308 77 113
41 309 77 117
41 310 140 226
41 311 140 234
41 312 102 158
41 313 95 151
41 314 184 316
41 315 172 302
41 316 91 143
41 317 84 136
41 318 164 286
41 319 152 272
41 320 228 296
41 321 240 328
41 322 408 592
41 323 428 656
41 324 220 304
41 325 208 296
41 326 392 608
41 327 372 592
41 328 188 272
41 329 156 232
41 330 336 544
41 331 280 464
41 332 152 224
41 333 152 232
41 334 272 448
41 335 272 464
41 336 240 328
41 337 228 320
41 338 428 656
41 339 408 640
41 340 208 296
41 341 220 328
41 342 372 592
41 343 392 656
41 344 156 232
41 345 188 288
41 346 280 464
41 347 336 576
41 348 152 232
41 349 152 240
41 350 272 464
41 351 272 480
41 352 126 184
41 353 133 203
41 354 228 368
41 355 240 406
41 356 122 188
41 357 115 181
41 358 220 376
41 359 208 362
41 360 104 166
41 361 86 140
41 362 188 332
41 363 156 280
41 364 84 136
41 365 84 140
41 366 152 272
41 367 152 280
41 368 133 203
41 369 126 196
41 370 240 406
41 371 228 392
41 372 115 181
41 373 122 200
41 374 208 362
41 375 220 400
41 376 86 140
41 377 104 174
41 378 156 280
41 379 188 348
41 380 84 140
41 381 84 144
41 382 152 280
41 383 152 288
41 384 260 344
41 385 316 440
41 386 464 688
41 387 560 880
41 388 252 352
41 389 252 368
41 390 448 704
41 391 448 736
41 392 308 448
41 393 328 512
41 394 544 896
41 395 576 1024
41 396 272 400
41 397 292 464
41 398 480 800
41 399 512 928
41 400 316 440
41 401 260 376
41 402 560 880
41 403 464 752
41 404 252 368
41 405 252 384
41 406 448 736
41 407 448 768
41 408 328 512
41 409 308 496
41 410 576 1024
41 411 544 992
41 412 292 464
41 413 272 448
41 414 512 928
41 415 480 896
41 416 144 214
41 417 176 274
41 418 260 428
41 419 316 548
41 420 140 218
41 421 140 226
41 422 252 436
41 423 252 452
41 424 172 278
41 425 184 316
41 426 308 556
41 427 328 632
41 428 152 248
41 429 164 286
41 430 272 496
41 431 292 572
41 432 176 274
41 433 144 230
41 434 316 548
41 435 260 460
41 436 140 226
41 437 140 234
41 438 252 452
41 439 252 468
41 440 184 316
41 441 172 302
41 442 328 632
41 443 308 604
41 444 164 286
41 445 152 272
41 446 292 572
41 447 272 544
41 448 408 592
41 449 428 656
41 450 720 1184
41 451 752 1312
41 452 392 608
41 453 372 592
41 454 688 1216
41 455 656 1184
41 456 336 544
41 457 280 464
41 458 592 1088
41 459 496 928
41 460 272 448
41 461 272 464
41 462 480 896
41 463 480 928
41 464 428 656
41 465 408 640
41 466 752 1312
41 467 720 1280
41 468 372 592
41 469 392 656
41 470 656 1184
41 471 688 1312
41 472 280 464
41 473 336 576
41 474 496 928
41 475 592 1152
41 476 272 464
41 477 272 480
41 478 480 928
41 479 480 960
41 480 228 368
41 481 240 406
41 482 408 736
41 483 428 812
41 484 220 376
41 485 208 362
41 486 392 752
41 487 372 724
41 488 188 332
41 489 156 280
41 490 336 664
41 491 280 560
41 492 152 272
41 493 152 280
41 494 272 544
41 495 272 560
41 496 240 406
41 497 228 392
41 498 428 812
41 499 408 784
41 500 208 362
41 501 220 400
41 502 372 724
41 503 392 800
41 504 156 280
41 505 188 348
41 506 280 560
41 507 336 696
41 508 152 280
41 509 152 288
41 510 272 560
41 511 272 576
42 0 16 16
42 1 20 31
42 2 18 22
42 3 23 41
42 4 13 15
42 5 16 29
42 6 16 22
42 7 20 43
42 8 15 17
42 9 19 31
42 10 19 25
42 11 24 49
42 12 12 16
42 13 15 29
42 14 15 23
42 15 19 43
42 16 15 20
42 17 19 30
42 18 19 28
42 19 24 46
42 20 12 19
42 21 15 28
42 22 15 26
42 23 19 42
42 24 16 23
42 25 20 36
42 26 18 29
42 27 23 48
42 28 13 22
42 29 16 34
42 30 16 29
42 31 20 48
43 0 69 69
43 1 72 74
43 2 112 137
43 3 116 147
43 4 88 94
43 5 91 99
43 6 144 187
43 7 148 197
43 8 73 77
43 9 76 82
43 10 119 151
43 11 123 161
43 12 82 92
43 13 85 97
43 14 135 181
43 15 139 191
43 16 71 78
43 17 68 77
43 18 115 146
43 19 111 144
43 20 90 103
43 21 87 102
43 22 147 196
43 23 143 194
43 24 77 88
43 25 74 87
43 26 124 166
43 27 120 164
43 28 86 103
43 29 83 102
43 30 140 196
43 31 136 194
43 32 72 74
43 33 75 79
43 34 116 147
43 35 120 157
43 36 91 99
43 37 94 104
43 38 148 197
43 39 152 207
43 40 76 82
43 41 79 87
43 42 123 161
43 43 127 171
43 44 85 97
43 45 88 102
43 46 139 191
43 47 143 201
43 48 74 83
43 49 71 82
43 50 119 156
43 51 115 154
43 52 93 108
43 53 90 107
43 54 151 206
43 55 147 204
43 56 80 93
43 57 77 92
43 58 128 176
43 59 124 174
43 60 89 108
43 61 86 107
43 62 144 206
43 63 140 204
43 64 72 78
43 65 75 83
43 66 116 155
43 67 120 165
43 68 72 84
43 69 75 89
43 70 116 167
43 71 120 177
43 72 76 86
43 73 79 91
43 74 123 169
43 75 127 179
43 76 76 92
43 77 79 97
43 78 123 181
43 79 127 191
43 80 74 87
43 81 71 86
43 82 119 164
43 83 115 162
43 84 74 93
43 85 71 92
43 86 119 176
43 87 115 174
43 88 80 97
43 89 77 96
43 90 128 184
43 91 124 182
43 92 80 103
43 93 77 102
43 94 128 196
43 95 124 194
43 96 75 83
43 97 78 88
43 98 120 165
43 99 124 175
43 100 75 89
43 101 78 94
43 102 120 177
43 103 124 187
43 104 79 91
43 105 82 96
43 106 127 179
43 107 131 189
43 108 79 97
43 109 82 102
43 110 127 191
43 111 131 201
43 112 77 92
43 113 74 91
43 114 123 174
43 115 119 172
43 116 77 98
43 117 74 97
43 118 123 186
43 119 119 184
43 120 83 102
43 121 80 101
43 122 132 194
43 123 128 192
43 124 83 108
43 125 80 107
43 126 132 206
43 127 128 204
43 128 100 114
43 129 102 122
43 130 166 229
43 131 169 243
43 132 132 164
43 133 134 172
43 134 218 329
43 135 221 343
43 136 107 129
43 137 111 139
43 138 177 257
43 139 182 279
43 140 123 159
43 141 127 169
43 142 205 317
43 143 210 339
43 144 103 124
43 145 99 122
43 146 170 244
43 147 165 240
43 148 135 174
43 149 131 172
43 150 222 344
43 151 217 340
43 152 110 139
43 153 108 139
43 154 181 274
43 155 178 274
43 156 126 169
43 157 124 169
43 158 209 334
43 159 206 334
43 160 103 119
43 161 105 127
43 162 170 239
43 163 173 253
43 164 129 163
43 165 131 171
43 166 214 327
43 167 217 341
43 168 104 128
43 169 108 138
43 170 173 255
43 171 178 277
43 172 126 164
43 173 130 174
43 174 209 327
43 175 214 349
43 176 106 129
43 177 102 127
43 178 174 254
43 179 169 250
43 180 132 173
43 181 128 171
43 182 218 342
43 183 213 338
43 184 107 138
43 185 105 138
43 186 177 272
43 187 174 272
43 188 129 174
43 189 127 174
43 190 213 344
43 191 210 344
43 192 103 127
43 193 105 135
43 194 170 255
43 195 173 269
43 196 103 139
43 197 105 147
43 198 170 279
43 199 173 293
43 200 110 142
43 201 114 152
43 202 181 283
43 203 186 305
43 204 110 154
43 205 114 164
43 206 181 307
43 207 186 329
43 208 106 137
43 209 102 135
43 210 174 270
43 211 169 266
43 212 106 149
43 213 102 147
43 214 174 294
43 215 169 290
43 216 113 152
43 217 111 152
43 218 185 300
43 219 182 300
43 220 113 164
43 221 111 164
43 222 185 324
43 223 182 324
43 224 106 132
43 225 108 140
43 226 174 265
43 227 177 279
43 228 106 144
43 229 108 152
43 230 174 289
43 231 177 303
43 232 107 141
43 233 111 151
43 234 177 281
43 235 182 303
43 236 107 153
43 237 111 163
43 238 177 305
43 239 182 327
43 240 109 142
43 241 105 140
43 242 178 280
43 243 173 276
43 244 109 154
43 245 105 152
43 246 178 304
43 247 173 300
43 248 110 151
43 249 108 151
43 250 181 298
43 251 178 298
43 252 110 163
43 253 108 163
43 254 181 322
43 255 178 322
43 256 103 115
43 257 106 120
43 258 168 229
43 259 172 239
43 260 135 165
43 261 132 164
43 262 220 329
43 263 216 327
43 264 110 130
43 265 107 129
43 266 179 257
43 267 175 255
43 268 126 160
43 269 129 165
43 270 207 317
43 271 211 327
43 272 105 124
43 273 102 123
43 274 171 238
43 275 167 236
43 276 131 168
43 277 134 173
43 278 215 326
43 279 219 336
43 280 108 135
43 281 111 140
43 282 176 260
43 283 180 270
43 284 130 171
43 285 127 170
43 286 212 332
43 287 208 330
43 288 105 123
43 289 108 128
43 290 171 243
43 291 175 253
43 292 137 173
43 293 134 172
43 294 223 343
43 295 219 341
43 296 114 140
43 297 111 139
43 298 184 279
43 299 180 277
43 300 130 170
43 301 133 175
43 302 212 339
43 303 216 349
43 304 109 134
43 305 106 133
43 306 176 258
43 307 172 256
43 308 135 178
43 309 138 183
43 310 220 346
43 311 224 356
43 312 110 143
43 313 113 148
43 314 179 276
43 315 183 286
43 316 132 179
43 317 129 178
43 318 215 348
43 319 211 346
43 320 106 128
43 321 109 133
43 322 172 255
43 323 176 265
43 324 106 140
43 325 109 145
43 326 172 279
43 327 176 289
43 328 113 143
43 329 110 142
43 330 183 283
43 331 179 281
43 332 113 155
43 333 110 154
43 334 183 307
43 335 179 305
43 336 108 137
43 337 105 136
43 338 175 264
43 339 171 262
43 340 108 149
43 341 105 148
43 342 175 288
43 343 171 286
43 344 111 148
43 345 114 153
43 346 180 286
43 347 184 296
43 348 111 160
43 349 114 165
43 350 180 310
43 351 184 320
43 352 108 136
43 353 111 141
43 354 175 269
43 355 179 279
43 356 108 148
43 357 111 153
43 358 175 293
43 359 179 303
43 360 117 153
43 361 114 152
43 362 188 305
43 363 184 303
43 364 117 165
43 365 114 164
43 366 188 329
43 367 184 327
43 368 112 147
43 369 109 146
43 370 180 284
43 371 176 282
43 372 112 159
43 373 109 158
43 374 180 308
43 375 176 306
43 376 113 156
43 377 116 161
43 378 183 302
43 379 187 312
43 380 113 168
43 381 116 173
43 382 183 326
43 383 187 336
43 384 139 185
43 385 141 193
43 386 230 371
43 387 233 385
43 388 189 283
43 389 187 283
43 390 309 565
43 391 306 567
43 392 150 210
43 393 146 208
43 394 246 421
43 395 241 415
43 396 178 270
43 397 182 280
43 398 293 539
43 399 298 561
43 400 142 195
43 401 138 193
43 402 234 386
43 403 229 382
43 404 186 283
43 405 190 293
43 406 305 562
43 407 310 582
43 408 147 210
43 409 149 218
43 410 242 416
43 411 245 432
43 412 181 280
43 413 179 280
43 414 297 556
43 415 294 556
43 416 141 193
43 417 145 203
43 418 233 385
43 419 238 407
43 420 187 283
43 421 183 281
43 422 306 567
43 423 301 561
43 424 146 208
43 425 144 208
43 426 241 415
43 427 238 417
43 428 182 280
43 429 184 288
43 430 298 561
43 431 301 575
43 432 144 203
43 433 142 203
43 434 237 402
43 435 234 402
43 436 184 283
43 437 186 291
43 438 302 562
43 439 305 578
43 440 143 208
43 441 147 218
43 442 237 412
43 443 242 432
43 444 185 290
43 445 181 288
43 446 302 576
43 447 297 572
43 448 136 196
43 449 138 204
43 450 226 393
43 451 229 407
43 452 142 226
43 453 144 234
43 454 234 453
43 455 237 467
43 456 147 221
43 457 143 219
43 458 242 443
43 459 237 437
43 460 153 251
43 461 149 249
43 462 250 503
43 463 245 497
43 464 139 206
43 465 135 204
43 466 230 408
43 467 225 404
43 468 145 236
43 469 141 234
43 470 238 468
43 471 233 464
43 472 144 221
43 473 146 229
43 474 238 438
43 475 241 454
43 476 150 251
43 477 152 259
43 478 246 498
43 479 249 514
43 480 138 204
43 481 142 214
43 482 229 407
43 483 234 429
43 484 144 234
43 485 148 244
43 486 237 467
43 487 242 489
43 488 143 219
43 489 141 219
43 490 237 437
43 491 234 439
43 492 149 249
43 493 147 249
43 494 245 497
43 495 242 499
43 496 141 214
43 497 139 214
43 498 233 424
43 499 230 424
43 500 147 244
43 501 145 244
43 502 241 484
43 503 238 484
43 504 140 219
43 505 144 229
43 506 233 434
43 507 238 454
43 508 146 249
43 509 150 259
43 510 241 494
43 511 246 514
43 512 72 78
43 513 75 83
43 514 116 155
43 515 120 165
43 516 72 84
43 517 75 89
43 518 116 167
43 519 120 177
43 520 76 86
43 521 79 91
43 522 123 169
43 523 127 179
43 524 76 92
43 525 79 97
43 526 123 181
43 527 127 191
43 528 74 87
43 529 71 86
43 530 119 164
43 531 115 162
43 532 74 93
43 533 71 92
43 534 119 176
43 535 115 174
43 536 80 97
43 537 77 96
43 538 128 184
43 539 124 182
43 540 80 103
43 541 77 102
43 542 128 196
43 543 124 194
43 544 75 83
43 545 78 88
43 546 120 165
43 547 124 175
43 548 75 89
43 549 78 94
43 550 120 177
43 551 124 187
43 552 79 91
43 553 82 96
43 554 127 179
43 555 131 189
43 556 79 97
43 557 82 102
43 558 127 191
43 559 131 201
43 560 77 92
43 561 74 91
43 562 123 174
43 563 119 172
43 564 77 98
43 565 74 97
43 566 123 186
43 567 119 184
43 568 83 102
43 569 80 101
43 570 132 194
43 571 128 192
43 572 83 108
43 573 80 107
43 574 132 206
43 575 128 204
43 576 93 113
43 577 96 118
43 578 151 223
43 579 155 233
43 580 74 96
43 581 77 101
43 582 119 189
43 583 123 199
43 584 89 113
43 585 92 118
43 586 144 225
43 587 148 235
43 588 80 106
43 589 83 111
43 590 128 211
43 591 132 221
43 592 97 124
43 593 94 123
43 594 156 238
43 595 152 236
43 596 78 107
43 597 75 106
43 598 124 204
43 599 120 202
43 600 91 122
43 601 88 121
43 602 147 234
43 603 143 232
43 604 82 115
43 605 79 114
43 606 131 220
43 607 127 218
43 608 96 118
43 609 99 123
43 610 155 233
43 611 159 243
43 612 77 101
43 613 80 106
43 614 123 199
43 615 127 209
43 616 92 118
43 617 95 123
43 618 148 235
43 619 152 245
43 620 83 111
43 621 86 116
43 622 132 221
43 623 136 231
43 624 100 129
43 625 97 128
43 626 160 248
43 627 156 246
43 628 81 112
43 629 78 111
43 630 128 214
43 631 124 212
43 632 94 127
43 633 91 126
43 634 151 244
43 635 147 242
43 636 85 120
43 637 82 119
43 638 135 230
43 639 131 228
43 640 103 127
43 641 105 135
43 642 170 255
43 643 173 269
43 644 103 139
43 645 105 147
43 646 170 279
43 647 173 293
43 648 110 142
43 649 114 152
43 650 181 283
43 651 186 305
43 652 110 154
43 653 114 164
43 654 181 307
43 655 186 329
43 656 106 137
43 657 102 135
43 658 174 270
43 659 169 266
43 660 106 149
43 661 102 147
43 662 174 294
43 663 169 290
43 664 113 152
43 665 111 152
43 666 185 300
43 667 182 300
43 668 113 164
43 669 111 164
43 670 185 324
43 671 182 324
43 672 106 132
43 673 108 140
43 674 174 265
43 675 177 279
43 676 106 144
43 677 108 152
43 678 174 289
43 679 177 303
43 680 107 141
43 681 111 151
43 682 177 281
43 683 182 303
43 684 107 153
43 685 111 163
43 686 177 305
43 687 182 327
43 688 109 142
43 689 105 140
43 690 178 280
43 691 173 276
43 692 109 154
43 693 105 152
43 694 178 304
43 695 173 300
43 696 110 151
43 697 108 151
43 698 181 298
43 699 178 298
43 700 110 163
43 701 108 163
43 702 181 322
43 703 178 322
43 704 137 189
43 705 141 199
43 706 225 377
43 707 230 399
43 708 105 155
43 709 109 165
43 710 173 309
43 711 178 331
43 712 130 186
43 713 132 194
43 714 214 373
43 715 217 387
43 716 114 172
43 717 116 180
43 718 186 345
43 719 189 359
43 720 140 199
43 721 138 199
43 722 229 394
43 723 226 394
43 724 108 165
43 725 106 165
43 726 177 326
43 727 174 326
43 728 133 196
43 729 129 194
43 730 218 388
43 731 213 384
43 732 117 182
43 733 113 180
43 734 190 360
43 735 185 356
43 736 134 188
43 737 138 198
43 738 221 375
43 739 226 397
43 740 108 160
43 741 112 170
43 742 177 319
43 743 182 341
43 744 133 191
43 745 135 199
43 746 218 383
43 747 221 397
43 748 111 171
43 749 113 179
43 750 182 343
43 751 185 357
43 752 137 198
43 753 135 198
43 754 225 392
43 755 222 392
43 756 111 170
43 757 109 170
43 758 181 336
43 759 178 336
43 760 136 201
43 761 132 199
43 762 222 398
43 763 217 394
43 764 114 181
43 765 110 179
43 766 186 358
43 767 181 354
43 768 106 128
43 769 109 133
43 770 172 255
43 771 176 265
43 772 106 140
43 773 109 145
43 774 172 279
43 775 176 289
43 776 113 143
43 777 110 142
43 778 183 283
43 779 179 281
43 780 113 155
43 781 110 154
43 782 183 307
43 783 179 305
43 784 108 137
43 785 105 136
43 786 175 264
43 787 171 262
43 788 108 149
43 789 105 148
43 790 175 288
43 791 171 286
43 792 111 148
43 793 114 153
43 794 180 286
43 795 184 296
43 796 111 160
43 797 114 165
43 798 180 310
43 799 184 320
43 800 108 136
43 801 111 141
43 802 175 269
43 803 179 279
43 804 108 148
43 805 111 153
43 806 175 293
43 807 179 303
43 808 117 153
43 809 114 152
43 810 188 305
43 811 184 303
43 812 117 165
43 813 114 164
43 814 188 329
43 815 184 327
43 816 112 147
43 817 109 146
43 818 180 284
43 819 176 282
43 820 112 159
43 821 109 158
43 822 180 308
43 823 176 306
43 824 113 156
43 825 116 161
43 826 183 302
43 827 187 312
43 828 113 168
43 829 116 173
43 830 183 326
43 831 187 336
43 832 140 190
43 833 137 189
43 834 227 377
43 835 223 375
43 836 108 156
43 837 111 161
43 838 175 309
43 839 179 319
43 840 133 187
43 841 136 192
43 842 216 373
43 843 220 383
43 844 117 173
43 845 114 172
43 846 188 345
43 847 184 343
43 848 138 195
43 849 141 200
43 850 224 380
43 851 228 390
43 852 112 167
43 853 109 166
43 854 180 324
43 855 176 322
43 856 135 196
43 857 132 195
43 858 219 382
43 859 215 380
43 860 113 176
43 861 116 181
43 862 183 342
43 863 187 352
43 864 144 200
43 865 141 199
43 866 232 399
43 867 228 397
43 868 112 166
43 869 115 171
43 870 180 331
43 871 184 341
43 872 135 195
43 873 138 200
43 874 219 387
43 875 223 397
43 876 119 181
43 877 116 180
43 878 191 359
43 879 187 357
43 880 140 203
43 881 143 208
43 882 227 396
43 883 231 406
43 884 114 175
43 885 111 174
43 886 183 340
43 887 179 338
43 888 139 206
43 889 136 205
43 890 224 402
43 891 220 400
43 892 117 186
43 893 120 191
43 894 188 362
43 895 192 372
43 896 136 196
43 897 138 204
43 898 226 393
43 899 229 407
43 900 142 226
43 901 144 234
43 902 234 453
43 903 237 467
43 904 147 221
43 905 143 219
43 906 242 443
43 907 237 437
43 908 153 251
43 909 149 249
43 910 250 503
43 911 245 497
43 912 139 206
43 913 135 204
43 914 230 408
43 915 225 404
43 916 145 236
43 917 141 234
43 918 238 468
43 919 233 464
43 920 144 221
43 921 146 229
43 922 238 438
43 923 241 454
43 924 150 251
43 925 152 259
43 926 246 498
43 927 249 514
43 928 138 204
43 929 142 214
43 930 229 407
43 931 234 429
43 932 144 234
43 933 148 244
43 934 237 467
43 935 242 489
43 936 143 219
43 937 141 219
43 938 237 437
43 939 234 439
43 940 149 249
43 941 147 249
43 942 245 497
43 943 242 499
43 944 141 214
43 945 139 214
43 946 233 424
43 947 230 424
43 948 147 244
43 949 145 244
43 950 241 484
43 951 238 484
43 952 140 219
43 953 144 229
43 954 233 434
43 955 238 454
43 956 146 249
43 957 150 259
43 958 241 494
43 959 246 514
43 960 184 294
43 961 180 292
43 962 302 589
43 963 297 583
43 964 144 246
43 965 148 256
43 966 237 491
43 967 242 513
43 968 173 281
43 969 175 289
43 970 286 563
43 971 289 577
43 972 155 271
43 973 153 271
43 974 253 541
43 975 250 543
43 976 181 294
43 977 183 302
43 978 298 584
43 979 301 600
43 980 147 256
43 981 145 256
43 982 241 508
43 983 238 508
43 984 176 291
43 985 172 289
43 986 290 578
43 987 285 574
43 988 152 271
43 989 156 281
43 990 249 538
43 991 254 558
43 992 180 292
43 993 178 292
43 994 297 583
43 995 294 585
43 996 148 256
43 997 150 264
43 998 242 513
43 999 245 527
43 1000 175 289
43 1001 179 299
43 1002 289 577
43 1003 294 599
43 1004 153 271
43 1005 149 269
43 1006 250 543
43 1007 245 537
43 1008 177 292
43 1009 181 302
43 1010 293 580
43 1011 298 600
43 1012 151 266
43 1013 147 264
43 1014 246 528
43 1015 241 524
43 1016 178 299
43 1017 176 299
43 1018 293 594
43 1019 290 594
43 1020 150 271
43 1021 152 279
43 1022 246 538
43 1023 249 554
44 0 116 116
44 1 152 172
44 2 120 124
44 3 148 172
44 4 68 88
44 5 91 131
44 6 71 95
44 7 88 128
44 8 180 212
44 9 233 318
44 10 185 230
44 11 228 316
44 12 108 160
44 13 143 239
44 14 112 174
44 15 139 233
44 16 128 136
44 17 165 202
44 18 132 144
44 19 161 202
44 20 76 104
44 21 100 154
44 22 79 111
44 23 97 151
44 24 184 224
44 25 220 312
44 26 189 242
44 27 217 314
44 28 110 166
44 29 134 228
44 30 114 180
44 31 132 228
44 32 132 148
44 33 144 180
44 34 136 156
44 35 140 180
44 36 78 110
44 37 86 132
44 38 81 117
44 39 83 129
44 40 200 264
44 41 217 322
44 42 205 282
44 43 212 320
44 44 121 195
44 45 132 232
44 46 125 209
44 47 128 226
44 48 148 180
44 49 161 222
44 50 152 188
44 51 157 222
44 52 89 135
44 53 98 164
44 54 92 142
44 55 95 161
44 56 208 288
44 57 208 320
44 58 213 306
44 59 205 322
44 60 126 210
44 61 126 226
44 62 130 224
44 63 124 226
44 64 124 128
44 65 144 168
44 66 128 136
44 67 140 168
44 68 73 97
44 69 86 126
44 70 76 104
44 71 83 123
44 72 192 236
44 73 221 310
44 74 197 254
44 75 216 308
44 76 116 178
44 77 135 229
44 78 120 192
44 79 131 223
44 80 136 148
44 81 157 198
44 82 140 156
44 83 153 198
44 84 81 113
44 85 95 149
44 86 84 120
44 87 92 146
44 88 196 248
44 89 208 304
44 90 201 266
44 91 205 306
44 92 118 184
44 93 126 218
44 94 122 198
44 95 124 218
44 96 140 160
44 97 152 192
44 98 144 168
44 99 148 192
44 100 83 119
44 101 91 141
44 102 86 126
44 103 88 138
44 104 212 288
44 105 229 346
44 106 217 306
44 107 224 344
44 108 129 213
44 109 140 250
44 110 133 227
44 111 136 244
44 112 156 192
44 113 169 234
44 114 160 200
44 115 165 234
44 116 94 144
44 117 103 173
44 118 97 151
44 119 100 170
44 120 212 304
44 121 212 336
44 122 217 322
44 123 209 338
44 124 128 218
44 125 128 234
44 126 132 232
44 127 126 234
44 128 128 140
44 129 136 168
44 130 132 148
44 131 140 176
44 132 75 103
44 133 81 123
44 134 78 110
44 135 84 130
44 136 200 260
44 137 208 308
44 138 205 278
44 139 213 326
44 140 120 190
44 141 127 223
44 142 124 204
44 143 131 237
44 144 140 160
44 145 149 198
44 146 144 168
44 147 153 206
44 148 83 119
44 149 90 146
44 150 86 126
44 151 93 153
44 152 196 264
44 153 221 338
44 154 201 282
44 155 224 352
44 156 118 192
44 157 136 246
44 158 122 206
44 159 138 254
44 160 156 200
44 161 140 188
44 162 152 200
44 163 136 188
44 164 93 145
44 165 84 136
44 166 90 142
44 167 81 133
44 168 237 370
44 169 209 338
44 170 232 368
44 171 204 336
44 172 145 265
44 173 128 240
44 174 141 259
44 175 124 234
44 176 172 232
44 177 157 230
44 178 168 232
44 179 153 230
44 180 104 170
44 181 96 168
44 182 101 167
44 183 93 165
44 184 229 370
44 185 216 368
44 186 224 368
44 187 213 370
44 188 140 262
44 189 132 256
44 190 136 256
44 191 130 256
44 192 136 152
44 193 128 164
44 194 140 160
44 195 132 172
44 196 80 112
44 197 76 118
44 198 83 119
44 199 79 125
44 200 212 284
44 201 196 300
44 202 217 302
44 203 201 318
44 204 128 208
44 205 119 213
44 206 132 222
44 207 123 227
44 208 148 172
44 209 141 194
44 210 152 180
44 211 145 202
44 212 88 128
44 213 85 141
44 214 91 135
44 215 88 148
44 216 208 288
44 217 209 330
44 218 213 306
44 219 212 344
44 220 126 210
44 221 128 236
44 222 130 224
44 223 130 244
44 224 148 196
44 225 132 184
44 226 144 196
44 227 128 184
44 228 88 140
44 229 79 131
44 230 85 137
44 231 76 128
44 232 225 362
44 233 197 330
44 234 220 360
44 235 192 328
44 236 137 255
44 237 120 230
44 238 133 249
44 239 116 224
44 240 164 228
44 241 149 226
44 242 160 228
44 243 145 226
44 244 99 165
44 245 91 163
44 246 96 162
44 247 88 160
44 248 225 370
44 249 212 368
44 250 220 368
44 251 209 370
44 252 138 262
44 253 130 256
44 254 134 256
44 255 128 256
44 256 124 144
44 257 164 212
44 258 128 152
44 259 168 220
44 260 73 105
44 261 98 154
44 262 76 112
44 263 101 161
44 264 188 256
44 265 248 384
44 266 193 274
44 267 253 402
44 268 113 185
44 269 152 276
44 270 117 199
44 271 156 290
44 272 140 176
44 273 181 254
44 274 144 184
44 275 185 262
44 276 84 130
44 277 110 186
44 278 87 137
44 279 113 193
44 280 204 288
44 281 241 394
44 282 209 306
44 283 244 408
44 284 124 210
44 285 148 280
44 286 128 224
44 287 150 288
44 288 144 188
44 289 172 248
44 290 148 196
44 291 168 248
44 292 86 136
44 293 103 175
44 294 89 143
44 295 100 172
44 296 212 320
44 297 257 442
44 298 217 338
44 299 252 440
44 300 129 229
44 301 158 310
44 302 133 243
44 303 154 304
44 304 165 246
44 305 192 304
44 306 169 254
44 307 188 304
44 308 101 179
44 309 117 215
44 310 104 186
44 311 114 212
44 312 225 370
44 313 245 434
44 314 228 384
44 315 240 432
44 316 138 262
44 317 150 300
44 318 140 270
44 319 146 294
44 320 136 168
44 321 160 212
44 322 132 168
44 323 156 212
44 324 81 123
44 325 96 154
44 326 78 120
44 327 93 151
44 328 205 306
44 329 241 386
44 330 200 304
44 331 236 384
44 332 125 221
44 333 148 276
44 334 121 215
44 335 144 270
44 336 152 200
44 337 177 254
44 338 148 200
44 339 173 254
44 340 92 148
44 341 108 186
44 342 89 145
44 343 105 183
44 344 221 338
44 345 232 392
44 346 216 336
44 347 229 394
44 348 136 246
44 349 142 274
44 350 132 240
44 351 140 274
44 352 156 212
44 353 176 264
44 354 152 212
44 355 180 272
44 356 94 154
44 357 105 183
44 358 91 151
44 359 108 190
44 360 229 370
44 361 264 472
44 362 224 368
44 363 269 490
44 364 141 265
44 365 162 326
44 366 137 259
44 367 166 340
44 368 177 270
44 369 196 320
44 370 173 270
44 371 200 328
44 372 109 197
44 373 119 223
44 374 106 194
44 375 122 230
44 376 232 400
44 377 244 448
44 378 229 402
44 379 249 466
44 380 142 278
44 381 148 302
44 382 140 278
44 383 152 316
44 384 144 176
44 385 164 224
44 386 148 184
44 387 160 224
44 388 85 127
44 389 99 163
44 390 88 134
44 391 96 160
44 392 220 320
44 393 245 410
44 394 225 338
44 395 240 408
44 396 133 229
44 397 152 294
44 398 137 243
44 399 148 288
44 400 160 208
44 401 181 266
44 402 164 216
44 403 177 266
44 404 96 152
44 405 111 195
44 406 99 159
44 407 108 192
44 408 212 320
44 409 244 424
44 410 217 338
44 411 241 426
44 412 128 226
44 413 150 296
44 414 132 240
44 415 148 296
44 416 156 224
44 417 156 240
44 418 160 232
44 419 160 248
44 420 93 157
44 421 93 165
44 422 96 164
44 423 96 172
44 424 232 392
44 425 232 424
44 426 237 410
44 427 237 442
44 428 141 271
44 429 142 290
44 430 145 285
44 431 146 304
44 432 177 282
44 433 176 296
44 434 181 290
44 435 180 304
44 436 108 200
44 437 107 205
44 438 111 207
44 439 110 212
44 440 229 402
44 441 236 448
44 442 232 416
44 443 241 466
44 444 140 278
44 445 144 302
44 446 142 286
44 447 148 316
44 448 156 200
44 449 152 216
44 450 152 200
44 451 156 224
44 452 93 145
44 453 91 153
44 454 90 142
44 455 94 160
44 456 237 370
44 457 228 392
44 458 232 368
44 459 233 410
44 460 145 265
44 461 140 274
44 462 141 259
44 463 144 288
44 464 172 232
44 465 169 258
44 466 168 232
44 467 173 266
44 468 104 170
44 469 103 185
44 470 101 167
44 471 106 192
44 472 229 370
44 473 229 410
44 474 224 368
44 475 232 424
44 476 140 262
44 477 140 282
44 478 136 256
44 479 142 290
44 480 152 224
44 481 152 240
44 482 148 224
44 483 148 240
44 484 91 157
44 485 91 165
44 486 88 154
44 487 88 162
44 488 225 394
44 489 225 426
44 490 220 392
44 491 220 424
44 492 137 271
44 493 138 290
44 494 133 265
44 495 134 284
44 496 173 282
44 497 172 296
44 498 169 282
44 499 168 296
44 500 106 200
44 501 105 205
44 502 103 197
44 503 102 202
44 504 228 416
44 505 237 466
44 506 225 418
44 507 232 464
44 508 140 286
44 509 146 316
44 510 138 286
44 511 142 310
45 0 48 48
45 1 52 56
45 2 29 39
45 3 32 46
45 4 72 88
45 5 77 106
45 6 45 71
45 7 49 85
45 8 52 56
45 9 56 64
45 10 32 46
45 11 35 53
45 12 68 88
45 13 73 106
45 14 42 68
45 15 46 82
45 16 72 88
45 17 68 88
45 18 45 71
45 19 42 68
45 20 105 162
45 21 100 160
45 22 68 128
45 23 64 122
45 24 77 106
45 25 73 106
45 26 49 85
45 27 46 82
45 28 100 160
45 29 97 162
45 30 64 122
45 31 62 122
45 32 40 44
45 33 44 52
45 34 24 34
45 35 27 41
45 36 60 80
45 37 65 98
45 38 37 61
45 39 41 75
45 40 44 52
45 41 48 60
45 42 27 41
45 43 30 48
45 44 64 88
45 45 69 106
45 46 40 68
45 47 44 82
45 48 60 80
45 49 64 88
45 50 37 61
45 51 40 68
45 52 88 144
45 53 93 162
45 54 56 108
45 55 60 122
45 56 65 98
45 57 69 106
45 58 41 75
45 59 44 82
45 60 93 162
45 61 96 176
45 62 60 122
45 63 62 130
45 64 40 44
45 65 44 52
45 66 24 34
45 67 27 41
45 68 60 80
45 69 65 98
45 70 37 61
45 71 41 75
45 72 44 52
45 73 48 60
45 74 27 41
45 75 30 48
45 76 64 88
45 77 69 106
45 78 40 68
45 79 44 82
45 80 60 80
45 81 64 88
45 82 37 61
45 83 40 68
45 84 88 144
45 85 93 162
45 86 56 108
45 87 60 122
45 88 65 98
45 89 69 106
45 90 41 75
45 91 44 82
45 92 93 162
45 93 96 176
45 94 60 122
45 95 62 130
45 96 48 56
45 97 52 64
45 98 29 43
45 99 32 50
45 100 72 104
45 101 77 122
45 102 45 79
45 103 49 93
45 104 52 64
45 105 56 72
45 106 32 50
45 107 35 57
45 108 68 104
45 109 73 122
45 110 42 76
45 111 46 90
45 112 72 104
45 113 68 104
45 114 45 79
45 115 42 76
45 116 105 194
45 117 100 192
45 118 68 144
45 119 64 138
45 120 77 122
45 121 73 122
45 122 49 93
45 123 46 90
45 124 100 192
45 125 97 194
45 126 64 138
45 127 62 138
46 0 20 20
46 1 24 28
46 2 12 16
46 3 15 23
46 4 32 40
46 5 37 58
46 6 20 32
46 7 24 46
46 8 28 32
46 9 32 40
46 10 17 25
46 11 20 32
46 12 44 64
46 13 49 82
46 14 28 50
46 15 32 64
46 16 28 32
46 17 32 40
46 18 17 25
46 19 20 32
46 20 44 64
46 21 49 82
46 22 28 50
46 23 32 64
46 24 40 56
46 25 36 56
46 26 25 43
46 27 22 40
46 28 61 114
46 29 56 112
46 30 40 86
46 31 36 80
47 0 8 8
47 1 5 7
47 2 12 16
47 3 8 14
47 4 12 16
47 5 8 14
47 6 17 34
47 7 12 28
48 0 140 140
48 1 141 146
48 2 176 196
48 3 177 202
48 4 144 148
48 5 145 154
48 6 172 196
48 7 173 202
48 8 85 115
48 9 86 120
48 10 108 158
48 11 109 163
48 12 88 122
48 13 89 127
48 14 105 155
48 15 106 160
48 16 204 236
48 17 205 242
48 18 241 326
48 19 240 328
48 20 209 254
48 21 208 256
48 22 236 324
48 23 237 330
48 24 125 187
48 25 126 192
48 26 148 246
48 27 147 245
48 28 129 201
48 29 128 200
48 30 144 240
48 31 145 245
48 32 152 160
48 33 153 166
48 34 189 226
48 35 188 228
48 36 156 168
48 37 157 174
48 38 185 226
48 39 184 228
48 40 93 131
48 41 94 136
48 42 117 181
48 43 116 180
48 44 96 138
48 45 97 143
48 46 114 178
48 47 113 177
48 48 208 248
48 49 209 254
48 50 228 320
48 51 229 326
48 52 213 266
48 53 212 268
48 54 225 322
48 55 224 324
48 56 127 193
48 57 128 198
48 58 139 235
48 59 140 240
48 60 131 207
48 61 130 206
48 62 137 235
48 63 136 234
48 64 156 172
48 65 157 178
48 66 168 204
48 67 169 210
48 68 160 180
48 69 161 186
48 70 164 204
48 71 165 210
48 72 95 137
48 73 96 142
48 74 103 159
48 75 104 164
48 76 98 144
48 77 99 149
48 78 100 156
48 79 101 161
48 80 200 264
48 81 201 270
48 82 225 330
48 83 224 332
48 84 205 282
48 85 204 284
48 86 220 328
48 87 221 334
48 88 122 198
48 89 123 203
48 90 139 245
48 91 138 244
48 92 126 212
48 93 125 211
48 94 135 239
48 95 136 244
48 96 164 196
48 97 165 202
48 98 177 238
48 99 176 240
48 100 168 204
48 101 169 210
48 102 173 238
48 103 172 240
48 104 100 152
48 105 101 157
48 106 109 181
48 107 108 180
48 108 103 159
48 109 104 164
48 110 106 178
48 111 105 177
48 112 200 280
48 113 201 286
48 114 208 320
48 115 209 326
48 116 205 298
48 117 204 300
48 118 205 322
48 119 204 324
48 120 121 203
48 121 122 208
48 122 127 229
48 123 128 234
48 124 125 217
48 125 124 216
48 126 125 229
48 127 124 228
48 128 148 152
48 129 149 158
48 130 168 192
48 131 169 198
48 132 152 160
48 133 153 166
48 134 164 192
48 135 165 198
48 136 90 124
48 137 91 129
48 138 103 153
48 139 104 158
48 140 93 131
48 141 94 136
48 142 100 150
48 143 101 155
48 144 208 252
48 145 209 258
48 146 237 326
48 147 236 328
48 148 213 270
48 149 212 272
48 150 232 324
48 151 233 330
48 152 127 195
48 153 128 200
48 154 146 246
48 155 145 245
48 156 131 209
48 157 130 208
48 158 142 240
48 159 143 245
48 160 160 172
48 161 161 178
48 162 181 222
48 163 180 224
48 164 164 180
48 165 165 186
48 166 177 222
48 167 176 224
48 168 98 140
48 169 99 145
48 170 112 176
48 171 111 175
48 172 101 147
48 173 102 152
48 174 109 173
48 175 108 172
48 176 212 264
48 177 213 270
48 178 224 320
48 179 225 326
48 180 217 282
48 181 216 284
48 182 221 322
48 183 220 324
48 184 129 201
48 185 130 206
48 186 137 235
48 187 138 240
48 188 133 215
48 189 132 214
48 190 135 235
48 191 134 234
48 192 164 184
48 193 165 190
48 194 176 216
48 195 177 222
48 196 168 192
48 197 169 198
48 198 172 216
48 199 173 222
48 200 100 146
48 201 101 151
48 202 108 168
48 203 109 173
48 204 103 153
48 205 104 158
48 206 105 165
48 207 106 170
48 208 204 280
48 209 205 286
48 210 229 346
48 211 228 348
48 212 209 298
48 213 208 300
48 214 224 344
48 215 225 350
48 216 124 206
48 217 125 211
48 218 141 253
48 219 140 252
48 220 128 220
48 221 127 219
48 222 137 247
48 223 138 252
48 224 172 208
48 225 173 214
48 226 185 250
48 227 184 252
48 228 176 216
48 229 177 222
48 230 181 250
48 231 180 252
48 232 105 161
48 233 106 166
48 234 114 190
48 235 113 189
48 236 108 168
48 237 109 173
48 238 111 187
48 239 110 186
48 240 212 304
48 241 213 310
48 242 220 344
48 243 221 350
48 244 217 322
48 245 216 324
48 246 217 346
48 247 216 348
48 248 129 221
48 249 130 226
48 250 135 247
48 251 136 252
48 252 133 235
48 253 132 234
48 254 133 247
48 255 132 246
48 256 141 146
48 257 140 148
48 258 177 202
48 259 176 204
48 260 145 154
48 261 144 156
48 262 173 202
48 263 172 204
48 264 86 120
48 265 85 119
48 266 109 163
48 267 108 162
48 268 89 127
48 269 88 126
48 270 106 160
48 271 105 159
48 272 205 242
48 273 204 244
48 274 240 328
48 275 241 334
48 276 208 256
48 277 209 262
48 278 237 330
48 279 236 332
48 280 126 192
48 281 125 191
48 282 147 245
48 283 148 250
48 284 128 200
48 285 129 205
48 286 145 245
48 287 144 244
48 288 153 166
48 289 152 168
48 290 188 228
48 291 189 234
48 292 157 174
48 293 156 176
48 294 184 228
48 295 185 234
48 296 94 136
48 297 93 135
48 298 116 180
48 299 117 185
48 300 97 143
48 301 96 142
48 302 113 177
48 303 114 182
48 304 209 254
48 305 208 256
48 306 229 326
48 307 228 328
48 308 212 268
48 309 213 274
48 310 224 324
48 311 225 330
48 312 128 198
48 313 127 197
48 314 140 240
48 315 139 239
48 316 130 206
48 317 131 211
48 318 136 234
48 319 137 239
48 320 157 178
48 321 156 180
48 322 169 210
48 323 168 212
48 324 161 186
48 325 160 188
48 326 165 210
48 327 164 212
48 328 96 142
48 329 95 141
48 330 104 164
48 331 103 163
48 332 99 149
48 333 98 148
48 334 101 161
48 335 100 160
48 336 201 270
48 337 200 272
48 338 224 332
48 339 225 338
48 340 204 284
48 341 205 290
48 342 221 334
48 343 220 336
48 344 123 203
48 345 122 202
48 346 138 244
48 347 139 249
48 348 125 211
48 349 126 216
48 350 136 244
48 351 135 243
48 352 165 202
48 353 164 204
48 354 176 240
48 355 177 246
48 356 169 210
48 357 168 212
48 358 172 240
48 359 173 246
48 360 101 157
48 361 100 156
48 362 108 180
48 363 109 185
48 364 104 164
48 365 103 163
48 366 105 177
48 367 106 182
48 368 201 286
48 369 200 288
48 370 209 326
48 371 208 328
48 372 204 300
48 373 205 306
48 374 204 324
48 375 205 330
48 376 122 208
48 377 121 207
48 378 128 234
48 379 127 233
48 380 124 216
48 381 125 221
48 382 124 228
48 383 125 233
48 384 149 158
48 385 148 160
48 386 169 198
48 387 168 200
48 388 153 166
48 389 152 168
48 390 165 198
48 391 164 200
48 392 91 129
48 393 90 128
48 394 104 158
48 395 103 157
48 396 94 136
48 397 93 135
48 398 101 155
48 399 100 154
48 400 209 258
48 401 208 260
48 402 236 328
48 403 237 334
48 404 212 272
48 405 213 278
48 406 233 330
48 407 232 332
48 408 128 200
48 409 127 199
48 410 145 245
48 411 146 250
48 412 130 208
48 413 131 213
48 414 143 245
48 415 142 244
48 416 161 178
48 417 160 180
48 418 180 224
48 419 181 230
48 420 165 186
48 421 164 188
48 422 176 224
48 423 177 230
48 424 99 145
48 425 98 144
48 426 111 175
48 427 112 180
48 428 102 152
48 429 101 151
48 430 108 172
48 431 109 177
48 432 213 270
48 433 212 272
48 434 225 326
48 435 224 328
48 436 216 284
48 437 217 290
48 438 220 324
48 439 221 330
48 440 130 206
48 441 129 205
48 442 138 240
48 443 137 239
48 444 132 214
48 445 133 219
48 446 134 234
48 447 135 239
48 448 165 190
48 449 164 192
48 450 177 222
48 451 176 224
48 452 169 198
48 453 168 200
48 454 173 222
48 455 172 224
48 456 101 151
48 457 100 150
48 458 109 173
48 459 108 172
48 460 104 158
48 461 103 157
48 462 106 170
48 463 105 169
48 464 205 286
48 465 204 288
48 466 228 348
48 467 229 354
48 468 208 300
48 469 209 306
48 470 225 350
48 471 224 352
48 472 125 211
48 473 124 210
48 474 140 252
48 475 141 257
48 476 127 219
48 477 128 224
48 478 138 252
48 479 137 251
48 480 173 214
48 481 172 216
48 482 184 252
48 483 185 258
48 484 177 222
48 485 176 224
48 486 180 252
48 487 181 258
48 488 106 166
48 489 105 165
48 490 113 189
48 491 114 194
48 492 109 173
48 493 108 172
48 494 110 186
48 495 111 191
48 496 213 310
48 497 212 312
48 498 221 350
48 499 220 352
48 500 216 324
48 501 217 330
48 502 216 348
48 503 217 354
48 504 130 226
48 505 129 225
48 506 136 252
48 507 135 251
48 508 132 234
48 509 133 239
48 510 132 246
48 511 133 251
48 512 149 170
48 513 148 172
48 514 157 198
48 515 156 200
48 516 153 178
48 517 152 180
48 518 161 206
48 519 160 208
48 520 90 132
48 521 89 131
48 522 96 152
48 523 95 151
48 524 93 139
48 525 92 138
48 526 99 159
48 527 98 158
48 528 221 290
48 529 220 292
48 530 221 322
48 531 220 324
48 532 224 304
48 533 225 310
48 534 224 336
48 535 225 342
48 536 135 219
48 537 134 218
48 538 136 238
48 539 135 237
48 540 137 227
48 541 138 232
48 542 138 246
48 543 139 251
48 544 161 190
48 545 160 192
48 546 168 224
48 547 169 230
48 548 165 198
48 549 164 200
48 550 172 232
48 551 173 238
48 552 98 148
48 553 97 147
48 554 103 169
48 555 104 174
48 556 101 155
48 557 100 154
48 558 106 176
48 559 107 181
48 560 217 294
48 561 216 296
48 562 232 348
48 563 233 354
48 564 220 308
48 565 221 314
48 566 237 366
48 567 236 368
48 568 133 221
48 569 132 220
48 570 143 255
48 571 144 260
48 572 135 229
48 573 136 234
48 574 147 269
48 575 146 268
48 576 177 230
48 577 176 232
48 578 161 218
48 579 160 220
48 580 173 230
48 581 172 232
48 582 157 218
48 583 156 220
48 584 108 174
48 585 107 173
48 586 99 165
48 587 98 164
48 588 105 171
48 589 104 170
48 590 96 162
48 591 95 161
48 592 232 356
48 593 233 362
48 594 212 340
48 595 213 346
48 596 229 358
48 597 228 360
48 598 209 342
48 599 208 344
48 600 142 256
48 601 143 261
48 602 131 245
48 603 132 250
48 604 140 256
48 605 139 255
48 606 129 245
48 607 128 244
48 608 193 262
48 609 192 264
48 610 176 256
48 611 177 262
48 612 189 262
48 613 188 264
48 614 172 256
48 615 173 262
48 616 119 199
48 617 118 198
48 618 109 191
48 619 110 196
48 620 116 196
48 621 115 195
48 622 106 188
48 623 107 193
48 624 224 356
48 625 225 362
48 626 221 374
48 627 220 376
48 628 221 358
48 629 220 360
48 630 216 372
48 631 217 378
48 632 137 253
48 633 138 258
48 634 137 267
48 635 136 266
48 636 135 253
48 637 134 252
48 638 133 261
48 639 134 266
48 640 157 182
48 641 156 184
48 642 149 194
48 643 148 196
48 644 161 190
48 645 160 192
48 646 153 202
48 647 152 204
48 648 95 141
48 649 94 140
48 650 91 147
48 651 90 146
48 652 98 148
48 653 97 147
48 654 94 154
48 655 93 153
48 656 233 314
48 657 232 316
48 658 209 314
48 659 208 316
48 660 236 328
48 661 237 334
48 662 212 328
48 663 213 334
48 664 143 237
48 665 142 236
48 666 128 228
48 667 127 227
48 668 145 245
48 669 146 250
48 670 130 236
48 671 131 241
48 672 169 202
48 673 168 204
48 674 160 220
48 675 161 226
48 676 173 210
48 677 172 212
48 678 164 228
48 679 165 234
48 680 103 157
48 681 102 156
48 682 98 164
48 683 99 169
48 684 106 164
48 685 105 163
48 686 101 171
48 687 102 176
48 688 229 318
48 689 228 320
48 690 220 340
48 691 221 346
48 692 232 332
48 693 233 338
48 694 225 358
48 695 224 360
48 696 141 239
48 697 140 238
48 698 135 245
48 699 136 250
48 700 143 247
48 701 144 252
48 702 139 259
48 703 138 258
48 704 169 226
48 705 168 228
48 706 153 214
48 707 152 216
48 708 165 226
48 709 164 228
48 710 149 214
48 711 148 216
48 712 103 169
48 713 102 168
48 714 94 160
48 715 93 159
48 716 100 166
48 717 99 165
48 718 91 157
48 719 90 156
48 720 220 348
48 721 221 354
48 722 200 332
48 723 201 338
48 724 217 350
48 725 216 352
48 726 197 334
48 727 196 336
48 728 134 246
48 729 135 251
48 730 123 235
48 731 124 240
48 732 132 246
48 733 131 245
48 734 121 235
48 735 120 234
48 736 185 258
48 737 184 260
48 738 168 252
48 739 169 258
48 740 181 258
48 741 180 260
48 742 164 252
48 743 165 258
48 744 114 194
48 745 113 193
48 746 104 186
48 747 105 191
48 748 111 191
48 749 110 190
48 750 101 183
48 751 102 188
48 752 220 356
48 753 221 362
48 754 217 374
48 755 216 376
48 756 217 358
48 757 216 360
48 758 212 372
48 759 213 378
48 760 135 253
48 761 136 258
48 762 135 267
48 763 134 266
48 764 133 253
48 765 132 252
48 766 131 261
48 767 132 266
48 768 148 172
48 769 149 178
48 770 156 200
48 771 157 206
48 772 152 180
48 773 153 186
48 774 160 208
48 775 161 214
48 776 89 131
48 777 90 136
48 778 95 151
48 779 96 156
48 780 92 138
48 781 93 143
48 782 98 158
48 783 99 163
48 784 220 292
48 785 221 298
48 786 220 324
48 787 221 330
48 788 225 310
48 789 224 312
48 790 225 342
48 791 224 344
48 792 134 218
48 793 135 223
48 794 135 237
48 795 136 242
48 796 138 232
48 797 137 231
48 798 139 251
48 799 138 250
48 800 160 192
48 801 161 198
48 802 169 230
48 803 168 232
48 804 164 200
48 805 165 206
48 806 173 238
48 807 172 240
48 808 97 147
48 809 98 152
48 810 104 174
48 811 103 173
48 812 100 154
48 813 101 159
48 814 107 181
48 815 106 180
48 816 216 296
48 817 217 302
48 818 233 354
48 819 232 356
48 820 221 314
48 821 220 316
48 822 236 368
48 823 237 374
48 824 132 220
48 825 133 225
48 826 144 260
48 827 143 259
48 828 136 234
48 829 135 233
48 830 146 268
48 831 147 273
48 832 176 232
48 833 177 238
48 834 160 220
48 835 161 226
48 836 172 232
48 837 173 238
48 838 156 220
48 839 157 226
48 840 107 173
48 841 108 178
48 842 98 164
48 843 99 169
48 844 104 170
48 845 105 175
48 846 95 161
48 847 96 166
48 848 233 362
48 849 232 364
48 850 213 346
48 851 212 348
48 852 228 360
48 853 229 366
48 854 208 344
48 855 209 350
48 856 143 261
48 857 142 260
48 858 132 250
48 859 131 249
48 860 139 255
48 861 140 260
48 862 128 244
48 863 129 249
48 864 192 264
48 865 193 270
48 866 177 262
48 867 176 264
48 868 188 264
48 869 189 270
48 870 173 262
48 871 172 264
48 872 118 198
48 873 119 203
48 874 110 196
48 875 109 195
48 876 115 195
48 877 116 200
48 878 107 193
48 879 106 192
48 880 225 362
48 881 224 364
48 882 220 376
48 883 221 382
48 884 220 360
48 885 221 366
48 886 217 378
48 887 216 380
48 888 138 258
48 889 137 257
48 890 136 266
48 891 137 271
48 892 134 252
48 893 135 257
48 894 134 266
48 895 133 265
48 896 156 184
48 897 157 190
48 898 148 196
48 899 149 202
48 900 160 192
48 901 161 198
48 902 152 204
48 903 153 210
48 904 94 140
48 905 95 145
48 906 90 146
48 907 91 151
48 908 97 147
48 909 98 152
48 910 93 153
48 911 94 158
48 912 232 316
48 913 233 322
48 914 208 316
48 915 209 322
48 916 237 334
48 917 236 336
48 918 213 334
48 919 212 336
48 920 142 236
48 921 143 241
48 922 127 227
48 923 128 232
48 924 146 250
48 925 145 249
48 926 131 241
48 927 130 240
48 928 168 204
48 929 169 210
48 930 161 226
48 931 160 228
48 932 172 212
48 933 173 218
48 934 165 234
48 935 164 236
48 936 102 156
48 937 103 161
48 938 99 169
48 939 98 168
48 940 105 163
48 941 106 168
48 942 102 176
48 943 101 175
48 944 228 320
48 945 229 326
48 946 221 346
48 947 220 348
48 948 233 338
48 949 232 340
48 950 224 360
48 951 225 366
48 952 140 238
48 953 141 243
48 954 136 250
48 955 135 249
48 956 144 252
48 957 143 251
48 958 138 258
48 959 139 263
48 960 168 228
48 961 169 234
48 962 152 216
48 963 153 222
48 964 164 228
48 965 165 234
48 966 148 216
48 967 149 222
48 968 102 168
48 969 103 173
48 970 93 159
48 971 94 164
48 972 99 165
48 973 100 170
48 974 90 156
48 975 91 161
48 976 221 354
48 977 220 356
48 978 201 338
48 979 200 340
48 980 216 352
48 981 217 358
48 982 196 336
48 983 197 342
48 984 135 251
48 985 134 250
48 986 124 240
48 987 123 239
48 988 131 245
48 989 132 250
48 990 120 234
48 991 121 239
48 992 184 260
48 993 185 266
48 994 169 258
48 995 168 260
48 996 180 260
48 997 181 266
48 998 165 258
48 999 164 260
48 1000 113 193
48 1001 114 198
48 1002 105 191
48 1003 104 190
48 1004 110 190
48 1005 111 195
48 1006 102 188
48 1007 101 187
48 1008 221 362
48 1009 220 364
48 1010 216 376
48 1011 217 382
48 1012 216 360
48 1013 217 366
48 1014 213 378
48 1015 212 380
48 1016 136 258
48 1017 135 257
48 1018 134 266
48 1019 135 271
48 1020 132 252
48 1021 133 257
48 1022 132 266
48 1023 131 265
48 1024 145 174
48 1025 144 176
48 1026 185 242
48 1027 184 244
48 1028 149 182
48 1029 148 184
48 1030 189 250
48 1031 188 252
48 1032 88 134
48 1033 87 133
48 1034 113 183
48 1035 112 182
48 1036 91 141
48 1037 90 140
48 1038 116 190
48 1039 115 189
48 1040 209 286
48 1041 208 288
48 1042 261 398
48 1043 260 400
48 1044 212 300
48 1045 213 306
48 1046 264 412
48 1047 265 418
48 1048 128 214
48 1049 127 213
48 1050 161 291
48 1051 160 290
48 1052 130 222
48 1053 131 227
48 1054 163 299
48 1055 164 304
48 1056 161 206
48 1057 160 208
48 1058 200 280
48 1059 201 286
48 1060 165 214
48 1061 164 216
48 1062 204 288
48 1063 205 294
48 1064 99 159
48 1065 98 158
48 1066 123 209
48 1067 124 214
48 1068 102 166
48 1069 101 165
48 1070 126 216
48 1071 127 221
48 1072 225 318
48 1073 224 320
48 1074 252 404
48 1075 253 410
48 1076 228 332
48 1077 229 338
48 1078 257 422
48 1079 256 424
48 1080 139 239
48 1081 138 238
48 1082 155 289
48 1083 156 294
48 1084 141 247
48 1085 142 252
48 1086 159 303
48 1087 158 302
48 1088 165 218
48 1089 164 220
48 1090 193 278
48 1091 192 280
48 1092 169 226
48 1093 168 228
48 1094 189 278
48 1095 188 280
48 1096 101 165
48 1097 100 164
48 1098 118 204
48 1099 117 203
48 1100 104 172
48 1101 103 171
48 1102 115 201
48 1103 114 200
48 1104 217 326
48 1105 216 328
48 1106 260 444
48 1107 261 450
48 1108 220 340
48 1109 221 346
48 1110 257 446
48 1111 256 448
48 1112 134 240
48 1113 133 239
48 1114 161 315
48 1115 162 320
48 1116 136 248
48 1117 137 253
48 1118 159 315
48 1119 158 314
48 1120 176 256
48 1121 177 262
48 1122 205 318
48 1123 204 320
48 1124 180 264
48 1125 181 270
48 1126 201 318
48 1127 200 320
48 1128 108 188
48 1129 109 193
48 1130 126 230
48 1131 125 229
48 1132 111 195
48 1133 112 200
48 1134 123 227
48 1135 122 226
48 1136 220 356
48 1137 221 362
48 1138 240 420
48 1139 241 426
48 1140 225 374
48 1141 224 376
48 1142 237 422
48 1143 236 424
48 1144 135 253
48 1145 136 258
48 1146 147 291
48 1147 148 296
48 1148 139 267
48 1149 138 266
48 1150 145 291
48 1151 144 290
48 1152 157 198
48 1153 156 200
48 1154 181 242
48 1155 180 244
48 1156 153 198
48 1157 152 200
48 1158 177 242
48 1159 176 244
48 1160 96 152
48 1161 95 151
48 1162 111 183
48 1163 110 182
48 1164 93 149
48 1165 92 148
48 1166 108 180
48 1167 107 179
48 1168 216 316
48 1169 217 322
48 1170 260 412
48 1171 261 418
48 1172 213 318
48 1173 212 320
48 1174 257 414
48 1175 256 416
48 1176 132 230
48 1177 133 235
48 1178 161 299
48 1179 162 304
48 1180 130 230
48 1181 129 229
48 1182 159 299
48 1183 158 298
48 1184 173 230
48 1185 172 232
48 1186 196 280
48 1187 197 286
48 1188 169 230
48 1189 168 232
48 1190 192 280
48 1191 193 286
48 1192 107 177
48 1193 106 176
48 1194 121 209
48 1195 122 214
48 1196 104 174
48 1197 103 173
48 1198 118 206
48 1199 119 211
48 1200 232 348
48 1201 233 354
48 1202 253 422
48 1203 252 424
48 1204 229 350
48 1205 228 352
48 1206 248 420
48 1207 249 426
48 1208 143 255
48 1209 144 260
48 1210 157 303
48 1211 156 302
48 1212 141 255
48 1213 140 254
48 1214 153 297
48 1215 154 302
48 1216 177 242
48 1217 176 244
48 1218 197 294
48 1219 196 296
48 1220 173 242
48 1221 172 244
48 1222 201 302
48 1223 200 304
48 1224 109 183
48 1225 108 182
48 1226 120 212
48 1227 119 211
48 1228 106 180
48 1229 105 179
48 1230 123 219
48 1231 122 218
48 1232 224 356
48 1233 225 362
48 1234 261 462
48 1235 260 464
48 1236 221 358
48 1237 220 360
48 1238 264 476
48 1239 265 482
48 1240 138 256
48 1241 139 261
48 1242 161 323
48 1243 160 322
48 1244 136 256
48 1245 135 255
48 1246 163 331
48 1247 164 336
48 1248 188 280
48 1249 189 286
48 1250 209 334
48 1251 208 336
48 1252 184 280
48 1253 185 286
48 1254 213 342
48 1255 212 344
48 1256 116 206
48 1257 117 211
48 1258 128 238
48 1259 127 237
48 1260 113 203
48 1261 114 208
48 1262 131 245
48 1263 130 244
48 1264 237 406
48 1265 236 408
48 1266 249 454
48 1267 248 456
48 1268 232 404
48 1269 233 410
48 1270 252 468
48 1271 253 474
48 1272 147 289
48 1273 146 288
48 1274 153 313
48 1275 152 312
48 1276 143 283
48 1277 144 288
48 1278 155 321
48 1279 156 326
48 1280 144 176
48 1281 145 182
48 1282 184 244
48 1283 185 250
48 1284 148 184
48 1285 149 190
48 1286 188 252
48 1287 189 258
48 1288 87 133
48 1289 88 138
48 1290 112 182
48 1291 113 187
48 1292 90 140
48 1293 91 145
48 1294 115 189
48 1295 116 194
48 1296 208 288
48 1297 209 294
48 1298 260 400
48 1299 261 406
48 1300 213 306
48 1301 212 308
48 1302 265 418
48 1303 264 420
48 1304 127 213
48 1305 128 218
48 1306 160 290
48 1307 161 295
48 1308 131 227
48 1309 130 226
48 1310 164 304
48 1311 163 303
48 1312 160 208
48 1313 161 214
48 1314 201 286
48 1315 200 288
48 1316 164 216
48 1317 165 222
48 1318 205 294
48 1319 204 296
48 1320 98 158
48 1321 99 163
48 1322 124 214
48 1323 123 213
48 1324 101 165
48 1325 102 170
48 1326 127 221
48 1327 126 220
48 1328 224 320
48 1329 225 326
48 1330 253 410
48 1331 252 412
48 1332 229 338
48 1333 228 340
48 1334 256 424
48 1335 257 430
48 1336 138 238
48 1337 139 243
48 1338 156 294
48 1339 155 293
48 1340 142 252
48 1341 141 251
48 1342 158 302
48 1343 159 307
48 1344 164 220
48 1345 165 226
48 1346 192 280
48 1347 193 286
48 1348 168 228
48 1349 169 234
48 1350 188 280
48 1351 189 286
48 1352 100 164
48 1353 101 169
48 1354 117 203
48 1355 118 208
48 1356 103 171
48 1357 104 176
48 1358 114 200
48 1359 115 205
48 1360 216 328
48 1361 217 334
48 1362 261 450
48 1363 260 452
48 1364 221 346
48 1365 220 348
48 1366 256 448
48 1367 257 454
48 1368 133 239
48 1369 134 244
48 1370 162 320
48 1371 161 319
48 1372 137 253
48 1373 136 252
48 1374 158 314
48 1375 159 319
48 1376 177 262
48 1377 176 264
48 1378 204 320
48 1379 205 326
48 1380 181 270
48 1381 180 272
48 1382 200 320
48 1383 201 326
48 1384 109 193
48 1385 108 192
48 1386 125 229
48 1387 126 234
48 1388 112 200
48 1389 111 199
48 1390 122 226
48 1391 123 231
48 1392 221 362
48 1393 220 364
48 1394 241 426
48 1395 240 428
48 1396 224 376
48 1397 225 382
48 1398 236 424
48 1399 237 430
48 1400 136 258
48 1401 135 257
48 1402 148 296
48 1403 147 295
48 1404 138 266
48 1405 139 271
48 1406 144 290
48 1407 145 295
48 1408 156 200
48 1409 157 206
48 1410 180 244
48 1411 181 250
48 1412 152 200
48 1413 153 206
48 1414 176 244
48 1415 177 250
48 1416 95 151
48 1417 96 156
48 1418 110 182
48 1419 111 187
48 1420 92 148
48 1421 93 153
48 1422 107 179
48 1423 108 184
48 1424 217 322
48 1425 216 324
48 1426 261 418
48 1427 260 420
48 1428 212 320
48 1429 213 326
48 1430 256 416
48 1431 257 422
48 1432 133 235
48 1433 132 234
48 1434 162 304
48 1435 161 303
48 1436 129 229
48 1437 130 234
48 1438 158 298
48 1439 159 303
48 1440 172 232
48 1441 173 238
48 1442 197 286
48 1443 196 288
48 1444 168 232
48 1445 169 238
48 1446 193 286
48 1447 192 288
48 1448 106 176
48 1449 107 181
48 1450 122 214
48 1451 121 213
48 1452 103 173
48 1453 104 178
48 1454 119 211
48 1455 118 210
48 1456 233 354
48 1457 232 356
48 1458 252 424
48 1459 253 430
48 1460 228 352
48 1461 229 358
48 1462 249 426
48 1463 248 428
48 1464 144 260
48 1465 143 259
48 1466 156 302
48 1467 157 307
48 1468 140 254
48 1469 141 259
48 1470 154 302
48 1471 153 301
48 1472 176 244
48 1473 177 250
48 1474 196 296
48 1475 197 302
48 1476 172 244
48 1477 173 250
48 1478 200 304
48 1479 201 310
48 1480 108 182
48 1481 109 187
48 1482 119 211
48 1483 120 216
48 1484 105 179
48 1485 106 184
48 1486 122 218
48 1487 123 223
48 1488 225 362
48 1489 224 364
48 1490 260 464
48 1491 261 470
48 1492 220 360
48 1493 221 366
48 1494 265 482
48 1495 264 484
48 1496 139 261
48 1497 138 260
48 1498 160 322
48 1499 161 327
48 1500 135 255
48 1501 136 260
48 1502 164 336
48 1503 163 335
48 1504 189 286
48 1505 188 288
48 1506 208 336
48 1507 209 342
48 1508 185 286
48 1509 184 288
48 1510 212 344
48 1511 213 350
48 1512 117 211
48 1513 116 210
48 1514 127 237
48 1515 128 242
48 1516 114 208
48 1517 113 207
48 1518 130 244
48 1519 131 249
48 1520 236 408
48 1521 237 414
48 1522 248 456
48 1523 249 462
48 1524 233 410
48 1525 232 412
48 1526 253 474
48 1527 252 476
48 1528 146 288
48 1529 147 293
48 1530 152 312
48 1531 153 317
48 1532 144 288
48 1533 143 287
48 1534 156 326
48 1535 155 325
48 1536 161 202
48 1537 160 204
48 1538 181 250
48 1539 180 252
48 1540 165 210
48 1541 164 212
48 1542 177 250
48 1543 176 252
48 1544 97 151
48 1545 96 150
48 1546 111 187
48 1547 110 186
48 1548 100 158
48 1549 99 157
48 1550 108 184
48 1551 107 183
48 1552 237 346
48 1553 236 348
48 1554 260 432
48 1555 261 438
48 1556 240 360
48 1557 241 366
48 1558 257 434
48 1559 256 436
48 1560 145 253
48 1561 144 252
48 1562 162 312
48 1563 163 317
48 1564 147 261
48 1565 148 266
48 1566 160 312
48 1567 159 311
48 1568 177 234
48 1569 176 236
48 1570 196 288
48 1571 197 294
48 1572 181 242
48 1573 180 244
48 1574 192 288
48 1575 193 294
48 1576 108 176
48 1577 107 175
48 1578 121 213
48 1579 122 218
48 1580 111 183
48 1581 110 182
48 1582 118 210
48 1583 119 215
48 1584 229 346
48 1585 228 348
48 1586 261 450
48 1587 260 452
48 1588 232 360
48 1589 233 366
48 1590 256 448
48 1591 257 454
48 1592 140 250
48 1593 139 249
48 1594 162 320
48 1595 161 319
48 1596 142 258
48 1597 143 263
48 1598 158 314
48 1599 159 319
48 1600 173 250
48 1601 172 252
48 1602 173 266
48 1603 172 268
48 1604 177 258
48 1605 176 260
48 1606 177 274
48 1607 176 276
48 1608 105 181
48 1609 104 180
48 1610 105 189
48 1611 104 188
48 1612 108 188
48 1613 107 187
48 1614 108 196
48 1615 107 195
48 1616 233 386
48 1617 232 388
48 1618 233 418
48 1619 232 420
48 1620 236 400
48 1621 237 406
48 1622 236 432
48 1623 237 438
48 1624 143 273
48 1625 142 272
48 1626 144 292
48 1627 143 291
48 1628 145 281
48 1629 146 286
48 1630 146 300
48 1631 147 305
48 1632 192 304
48 1633 193 310
48 1634 193 322
48 1635 192 324
48 1636 196 312
48 1637 197 318
48 1638 197 330
48 1639 196 332
48 1640 118 218
48 1641 119 223
48 1642 119 229
48 1643 118 228
48 1644 121 225
48 1645 122 230
48 1646 122 236
48 1647 121 235
48 1648 228 392
48 1649 229 398
48 1650 237 442
48 1651 236 444
48 1652 233 410
48 1653 232 412
48 1654 240 456
48 1655 241 462
48 1656 140 274
48 1657 141 279
48 1658 146 304
48 1659 145 303
48 1660 144 288
48 1661 143 287
48 1662 148 312
48 1663 149 317
48 1664 173 226
48 1665 172 228
48 1666 169 242
48 1667 168 244
48 1668 169 226
48 1669 168 228
48 1670 173 250
48 1671 172 252
48 1672 105 169
48 1673 104 168
48 1674 103 177
48 1675 102 176
48 1676 102 166
48 1677 101 165
48 1678 106 184
48 1679 105 183
48 1680 252 392
48 1681 253 398
48 1682 245 418
48 1683 244 420
48 1684 249 394
48 1685 248 396
48 1686 248 432
48 1687 249 438
48 1688 155 283
48 1689 156 288
48 1690 152 298
48 1691 151 297
48 1692 153 283
48 1693 152 282
48 1694 154 306
48 1695 155 311
48 1696 189 258
48 1697 188 260
48 1698 184 280
48 1699 185 286
48 1700 185 258
48 1701 184 260
48 1702 188 288
48 1703 189 294
48 1704 116 194
48 1705 115 193
48 1706 113 203
48 1707 114 208
48 1708 113 191
48 1709 112 190
48 1710 116 210
48 1711 117 215
48 1712 244 392
48 1713 245 398
48 1714 244 432
48 1715 245 438
48 1716 241 394
48 1717 240 396
48 1718 249 450
48 1719 248 452
48 1720 150 280
48 1721 151 285
48 1722 150 300
48 1723 151 305
48 1724 148 280
48 1725 147 279
48 1726 154 314
48 1727 153 313
48 1728 169 250
48 1729 168 252
48 1730 169 266
48 1731 168 268
48 1732 165 250
48 1733 164 252
48 1734 165 266
48 1735 164 268
48 1736 103 181
48 1737 102 180
48 1738 103 189
48 1739 102 188
48 1740 100 178
48 1741 99 177
48 1742 100 186
48 1743 99 185
48 1744 224 384
48 1745 225 390
48 1746 224 416
48 1747 225 422
48 1748 221 386
48 1749 220 388
48 1750 221 418
48 1751 220 420
48 1752 137 267
48 1753 138 272
48 1754 138 286
48 1755 139 291
48 1756 135 267
48 1757 134 266
48 1758 136 286
48 1759 135 285
48 1760 188 304
48 1761 189 310
48 1762 189 322
48 1763 188 324
48 1764 184 304
48 1765 185 310
48 1766 185 322
48 1767 184 324
48 1768 116 218
48 1769 117 223
48 1770 117 229
48 1771 116 228
48 1772 113 215
48 1773 114 220
48 1774 114 226
48 1775 113 225
48 1776 229 410
48 1777 228 412
48 1778 236 456
48 1779 237 462
48 1780 224 408
48 1781 225 414
48 1782 233 458
48 1783 232 460
48 1784 142 288
48 1785 141 287
48 1786 146 312
48 1787 147 317
48 1788 138 282
48 1789 139 287
48 1790 144 312
48 1791 143 311
48 1792 160 204
48 1793 161 210
48 1794 180 252
48 1795 181 258
48 1796 164 212
48 1797 165 218
48 1798 176 252
48 1799 177 258
48 1800 96 150
48 1801 97 155
48 1802 110 186
48 1803 111 191
48 1804 99 157
48 1805 100 162
48 1806 107 183
48 1807 108 188
48 1808 236 348
48 1809 237 354
48 1810 261 438
48 1811 260 440
48 1812 241 366
48 1813 240 368
48 1814 256 436
48 1815 257 442
48 1816 144 252
48 1817 145 257
48 1818 163 317
48 1819 162 316
48 1820 148 266
48 1821 147 265
48 1822 159 311
48 1823 160 316
48 1824 176 236
48 1825 177 242
48 1826 197 294
48 1827 196 296
48 1828 180 244
48 1829 181 250
48 1830 193 294
48 1831 192 296
48 1832 107 175
48 1833 108 180
48 1834 122 218
48 1835 121 217
48 1836 110 182
48 1837 111 187
48 1838 119 215
48 1839 118 214
48 1840 228 348
48 1841 229 354
48 1842 260 452
48 1843 261 458
48 1844 233 366
48 1845 232 368
48 1846 257 454
48 1847 256 456
48 1848 139 249
48 1849 140 254
48 1850 161 319
48 1851 162 324
48 1852 143 263
48 1853 142 262
48 1854 159 319
48 1855 158 318
48 1856 172 252
48 1857 173 258
48 1858 172 268
48 1859 173 274
48 1860 176 260
48 1861 177 266
48 1862 176 276
48 1863 177 282
48 1864 104 180
48 1865 105 185
48 1866 104 188
48 1867 105 193
48 1868 107 187
48 1869 108 192
48 1870 107 195
48 1871 108 200
48 1872 232 388
48 1873 233 394
48 1874 232 420
48 1875 233 426
48 1876 237 406
48 1877 236 408
48 1878 237 438
48 1879 236 440
48 1880 142 272
48 1881 143 277
48 1882 143 291
48 1883 144 296
48 1884 146 286
48 1885 145 285
48 1886 147 305
48 1887 146 304
48 1888 193 310
48 1889 192 312
48 1890 192 324
48 1891 193 330
48 1892 197 318
48 1893 196 320
48 1894 196 332
48 1895 197 338
48 1896 119 223
48 1897 118 222
48 1898 118 228
48 1899 119 233
48 1900 122 230
48 1901 121 229
48 1902 121 235
48 1903 122 240
48 1904 229 398
48 1905 228 400
48 1906 236 444
48 1907 237 450
48 1908 232 412
48 1909 233 418
48 1910 241 462
48 1911 240 464
48 1912 141 279
48 1913 140 278
48 1914 145 303
48 1915 146 308
48 1916 143 287
48 1917 144 292
48 1918 149 317
48 1919 148 316
48 1920 172 228
48 1921 173 234
48 1922 168 244
48 1923 169 250
48 1924 168 228
48 1925 169 234
48 1926 172 252
48 1927 173 258
48 1928 104 168
48 1929 105 173
48 1930 102 176
48 1931 103 181
48 1932 101 165
48 1933 102 170
48 1934 105 183
48 1935 106 188
48 1936 253 398
48 1937 252 400
48 1938 244 420
48 1939 245 426
48 1940 248 396
48 1941 249 402
48 1942 249 438
48 1943 248 440
48 1944 156 288
48 1945 155 287
48 1946 151 297
48 1947 152 302
48 1948 152 282
48 1949 153 287
48 1950 155 311
48 1951 154 310
48 1952 188 260
48 1953 189 266
48 1954 185 286
48 1955 184 288
48 1956 184 260
48 1957 185 266
48 1958 189 294
48 1959 188 296
48 1960 115 193
48 1961 116 198
48 1962 114 208
48 1963 113 207
48 1964 112 190
48 1965 113 195
48 1966 117 215
48 1967 116 214
48 1968 245 398
48 1969 244 400
48 1970 245 438
48 1971 244 440
48 1972 240 396
48 1973 241 402
48 1974 248 452
48 1975 249 458
48 1976 151 285
48 1977 150 284
48 1978 151 305
48 1979 150 304
48 1980 147 279
48 1981 148 284
48 1982 153 313
48 1983 154 318
48 1984 168 252
48 1985 169 258
48 1986 168 268
48 1987 169 274
48 1988 164 252
48 1989 165 258
48 1990 164 268
48 1991 165 274
48 1992 102 180
48 1993 103 185
48 1994 102 188
48 1995 103 193
48 1996 99 177
48 1997 100 182
48 1998 99 185
48 1999 100 190
48 2000 225 390
48 2001 224 392
48 2002 225 422
48 2003 224 424
48 2004 220 388
48 2005 221 394
48 2006 220 420
48 2007 221 426
48 2008 138 272
48 2009 137 271
48 2010 139 291
48 2011 138 290
48 2012 134 266
48 2013 135 271
48 2014 135 285
48 2015 136 290
48 2016 189 310
48 2017 188 312
48 2018 188 324
48 2019 189 330
48 2020 185 310
48 2021 184 312
48 2022 184 324
48 2023 185 330
48 2024 117 223
48 2025 116 222
48 2026 116 228
48 2027 117 233
48 2028 114 220
48 2029 113 219
48 2030 113 225
48 2031 114 230
48 2032 228 412
48 2033 229 418
48 2034 237 462
48 2035 236 464
48 2036 225 414
48 2037 224 416
48 2038 232 460
48 2039 233 466
48 2040 141 287
48 2041 142 292
48 2042 147 317
48 2043 146 316
48 2044 139 287
48 2045 138 286
48 2046 143 311
48 2047 144 316
49 0 140 140
49 1 177 202
49 2 144 148
49 3 173 202
49 4 85 115
49 5 109 163
49 6 88 122
49 7 106 160
49 8 196 228
49 9 232 312
49 10 201 246
49 11 229 314
49 12 119 177
49 13 141 231
49 14 123 191
49 15 139 231
49 16 144 152
49 17 180 212
49 18 148 160
49 19 176 212
49 20 87 121
49 21 110 166
49 22 90 128
49 23 107 163
49 24 208 248
49 25 229 326
49 26 213 266
49 27 224 324
49 28 127 193
49 29 140 240
49 30 131 207
49 31 136 234
49 32 156 172
49 33 169 210
49 34 160 180
49 35 165 210
49 36 95 137
49 37 104 164
49 38 98 144
49 39 101 161
49 40 192 256
49 41 216 316
49 42 197 274
49 43 213 318
49 44 116 188
49 45 132 230
49 46 120 202
49 47 130 230
49 48 156 188
49 49 168 224
49 50 160 196
49 51 164 224
49 52 94 142
49 53 102 166
49 54 97 149
49 55 99 163
49 56 200 280
49 57 209 326
49 58 205 298
49 59 204 324
49 60 121 203
49 61 128 234
49 62 125 217
49 63 124 228
49 64 148 152
49 65 169 198
49 66 152 160
49 67 165 198
49 68 90 124
49 69 104 158
49 70 93 131
49 71 101 155
49 72 200 244
49 73 228 312
49 74 205 262
49 75 225 314
49 76 121 185
49 77 139 231
49 78 125 199
49 79 137 231
49 80 152 164
49 81 172 208
49 82 156 172
49 83 168 208
49 84 92 130
49 85 105 161
49 86 95 137
49 87 102 158
49 88 212 264
49 89 225 326
49 90 217 282
49 91 220 324
49 92 129 201
49 93 138 240
49 94 133 215
49 95 134 234
49 96 164 184
49 97 177 222
49 98 168 192
49 99 173 222
49 100 100 146
49 101 109 173
49 102 103 153
49 103 106 170
49 104 196 272
49 105 220 332
49 106 201 290
49 107 217 334
49 108 118 196
49 109 134 238
49 110 122 210
49 111 132 238
49 112 164 200
49 113 176 236
49 114 168 208
49 115 172 236
49 116 99 151
49 117 107 175
49 118 102 158
49 119 104 172
49 120 212 304
49 121 221 350
49 122 217 322
49 123 216 348
49 124 129 221
49 125 136 252
49 126 133 235
49 127 132 246
49 128 141 146
49 129 176 204
49 130 145 154
49 131 172 204
49 132 86 120
49 133 108 162
49 134 89 127
49 135 105 159
49 136 197 234
49 137 233 318
49 138 200 248
49 139 228 316
49 140 120 182
49 141 142 236
49 142 122 190
49 143 138 230
49 144 145 158
49 145 181 218
49 146 149 166
49 147 177 218
49 148 88 126
49 149 111 171
49 150 91 133
49 151 108 168
49 152 209 254
49 153 228 328
49 154 212 268
49 155 225 330
49 156 128 198
49 157 139 239
49 158 130 206
49 159 137 239
49 160 157 178
49 161 168 212
49 162 161 186
49 163 164 212
49 164 96 142
49 165 103 163
49 166 99 149
49 167 100 160
49 168 193 262
49 169 217 322
49 170 196 276
49 171 212 320
49 172 117 193
49 173 133 235
49 174 119 201
49 175 129 229
49 176 157 194
49 177 169 230
49 178 161 202
49 179 165 230
49 180 95 147
49 181 103 171
49 182 98 154
49 183 100 168
49 184 201 286
49 185 208 328
49 186 204 300
49 187 205 330
49 188 122 208
49 189 127 233
49 190 124 216
49 191 125 233
49 192 149 158
49 193 168 200
49 194 153 166
49 195 164 200
49 196 91 129
49 197 103 157
49 198 94 136
49 199 100 154
49 200 201 250
49 201 229 318
49 202 204 264
49 203 224 316
49 204 122 190
49 205 140 236
49 206 124 198
49 207 136 230
49 208 153 170
49 209 173 214
49 210 157 178
49 211 169 214
49 212 93 135
49 213 106 166
49 214 96 142
49 215 103 163
49 216 213 270
49 217 224 328
49 218 216 284
49 219 221 330
49 220 130 206
49 221 137 239
49 222 132 214
49 223 135 239
49 224 165 190
49 225 176 224
49 226 169 198
49 227 172 224
49 228 101 151
49 229 108 172
49 230 104 158
49 231 105 169
49 232 197 278
49 233 221 338
49 234 200 292
49 235 216 336
49 236 119 201
49 237 135 243
49 238 121 209
49 239 131 237
49 240 165 206
49 241 177 242
49 242 169 214
49 243 173 242
49 244 100 156
49 245 108 180
49 246 103 163
49 247 105 177
49 248 213 310
49 249 220 352
49 250 216 324
49 251 217 354
49 252 130 226
49 253 135 251
49 254 132 234
49 255 133 251
49 256 149 170
49 257 156 200
49 258 153 178
49 259 160 208
49 260 90 132
49 261 95 151
49 262 93 139
49 263 98 158
49 264 221 290
49 265 220 324
49 266 224 304
49 267 225 342
49 268 135 219
49 269 135 237
49 270 137 227
49 271 139 251
49 272 153 182
49 273 161 214
49 274 157 190
49 275 165 222
49 276 92 138
49 277 98 160
49 278 95 145
49 279 101 167
49 280 209 286
49 281 225 338
49 282 212 300
49 283 228 352
49 284 127 211
49 285 138 246
49 286 129 219
49 287 140 254
49 288 177 230
49 289 160 220
49 290 173 230
49 291 156 220
49 292 108 174
49 293 98 164
49 294 105 171
49 295 95 161
49 296 232 356
49 297 213 346
49 298 229 358
49 299 208 344
49 300 142 256
49 301 132 250
49 302 140 256
49 303 128 244
49 304 185 254
49 305 169 246
49 306 181 254
49 307 165 246
49 308 113 189
49 309 104 182
49 310 110 186
49 311 101 179
49 312 216 348
49 313 212 360
49 314 213 350
49 315 209 362
49 316 131 243
49 317 130 252
49 318 129 243
49 319 128 252
49 320 157 182
49 321 148 196
49 322 161 190
49 323 152 204
49 324 95 141
49 325 90 146
49 326 98 148
49 327 93 153
49 328 233 314
49 329 208 316
49 330 236 328
49 331 213 334
49 332 143 237
49 333 127 227
49 334 145 245
49 335 131 241
49 336 161 194
49 337 153 210
49 338 165 202
49 339 157 218
49 340 97 147
49 341 93 155
49 342 100 154
49 343 96 162
49 344 221 310
49 345 213 330
49 346 224 324
49 347 216 344
49 348 135 229
49 349 130 236
49 350 137 237
49 351 132 244
49 352 169 226
49 353 152 216
49 354 165 226
49 355 148 216
49 356 103 169
49 357 93 159
49 358 100 166
49 359 90 156
49 360 220 348
49 361 201 338
49 362 217 350
49 363 196 336
49 364 134 246
49 365 124 240
49 366 132 246
49 367 120 234
49 368 177 250
49 369 161 242
49 370 173 250
49 371 157 242
49 372 108 184
49 373 99 177
49 374 105 181
49 375 96 174
49 376 212 348
49 377 208 360
49 378 209 350
49 379 205 362
49 380 129 243
49 381 128 252
49 382 127 243
49 383 126 252
49 384 148 172
49 385 157 206
49 386 152 180
49 387 161 214
49 388 89 131
49 389 96 156
49 390 92 138
49 391 99 163
49 392 220 292
49 393 221 330
49 394 225 310
49 395 224 344
49 396 134 218
49 397 136 242
49 398 138 232
49 399 138 250
49 400 152 184
49 401 160 216
49 402 156 192
49 403 164 224
49 404 91 137
49 405 97 159
49 406 94 144
49 407 100 166
49 408 208 288
49 409 224 340
49 410 213 306
49 411 229 358
49 412 126 210
49 413 137 245
49 414 130 224
49 415 141 259
49 416 176 232
49 417 161 226
49 418 172 232
49 419 157 226
49 420 107 173
49 421 99 169
49 422 104 170
49 423 96 166
49 424 233 362
49 425 212 348
49 426 228 360
49 427 209 350
49 428 143 261
49 429 131 249
49 430 139 255
49 431 129 249
49 432 184 256
49 433 168 248
49 434 180 256
49 435 164 248
49 436 112 188
49 437 103 181
49 438 109 185
49 439 100 178
49 440 217 354
49 441 213 366
49 442 212 352
49 443 208 364
49 444 132 248
49 445 131 257
49 446 128 242
49 447 127 251
49 448 156 184
49 449 149 202
49 450 160 192
49 451 153 210
49 452 94 140
49 453 91 151
49 454 97 147
49 455 94 158
49 456 232 316
49 457 209 322
49 458 237 334
49 459 212 336
49 460 142 236
49 461 128 232
49 462 146 250
49 463 130 240
49 464 160 196
49 465 152 212
49 466 164 204
49 467 156 220
49 468 96 146
49 469 92 154
49 470 99 153
49 471 95 161
49 472 220 312
49 473 212 332
49 474 225 330
49 475 217 350
49 476 134 228
49 477 129 235
49 478 138 242
49 479 133 249
49 480 168 228
49 481 153 222
49 482 164 228
49 483 149 222
49 484 102 168
49 485 94 164
49 486 99 165
49 487 91 161
49 488 221 354
49 489 200 340
49 490 216 352
49 491 197 342
49 492 135 251
49 493 123 239
49 494 131 245
49 495 121 239
49 496 176 252
49 497 160 244
49 498 172 252
49 499 156 244
49 500 107 183
49 501 98 176
49 502 104 180
49 503 95 173
49 504 213 354
49 505 209 366
49 506 208 352
49 507 204 364
49 508 130 248
49 509 129 257
49 510 126 242
49 511 125 251
49 512 145 174
49 513 184 244
49 514 149 182
49 515 188 252
49 516 88 134
49 517 112 182
49 518 91 141
49 519 115 189
49 520 209 286
49 521 260 400
49 522 212 300
49 523 265 418
49 524 128 214
49 525 160 290
49 526 130 222
49 527 164 304
49 528 153 198
49 529 193 270
49 530 157 206
49 531 197 278
49 532 93 149
49 533 118 200
49 534 96 156
49 535 121 207
49 536 217 310
49 537 245 394
49 538 220 324
49 539 248 408
49 540 133 229
49 541 150 280
49 542 135 237
49 543 152 288
49 544 165 218
49 545 192 280
49 546 169 226
49 547 188 280
49 548 101 165
49 549 117 203
49 550 104 172
49 551 114 200
49 552 209 318
49 553 253 434
49 554 212 332
49 555 248 432
49 556 128 230
49 557 156 306
49 558 130 238
49 559 152 300
49 560 168 248
49 561 196 304
49 562 172 256
49 563 192 304
49 564 102 178
49 565 119 215
49 566 105 185
49 567 116 212
49 568 220 356
49 569 241 426
49 570 225 374
49 571 236 424
49 572 135 253
49 573 148 296
49 574 139 267
49 575 144 290
49 576 157 198
49 577 180 244
49 578 153 198
49 579 176 244
49 580 96 152
49 581 110 182
49 582 93 149
49 583 107 179
49 584 216 316
49 585 261 418
49 586 213 318
49 587 256 416
49 588 132 230
49 589 162 304
49 590 130 230
49 591 158 298
49 592 165 222
49 593 189 270
49 594 161 222
49 595 185 270
49 596 101 167
49 597 116 200
49 598 98 164
49 599 113 197
49 600 224 340
49 601 244 408
49 602 221 342
49 603 241 410
49 604 137 245
49 605 150 288
49 606 135 245
49 607 148 288
49 608 177 242
49 609 196 296
49 610 173 242
49 611 200 304
49 612 109 183
49 613 119 211
49 614 106 180
49 615 122 218
49 616 216 348
49 617 252 448
49 618 213 350
49 619 257 466
49 620 132 246
49 621 154 308
49 622 130 246
49 623 158 322
49 624 180 272
49 625 200 320
49 626 176 272
49 627 204 328
49 628 110 196
49 629 121 223
49 630 107 193
49 631 124 230
49 632 237 406
49 633 248 456
49 634 232 404
49 635 253 474
49 636 147 289
49 637 152 312
49 638 143 283
49 639 156 326
49 640 144 176
49 641 185 250
49 642 148 184
49 643 189 258
49 644 87 133
49 645 113 187
49 646 90 140
49 647 116 194
49 648 208 288
49 649 261 406
49 650 213 306
49 651 264 420
49 652 127 213
49 653 161 295
49 654 131 227
49 655 163 303
49 656 152 200
49 657 192 272
49 658 156 208
49 659 196 280
49 660 92 148
49 661 117 199
49 662 95 155
49 663 120 206
49 664 216 312
49 665 244 396
49 666 221 330
49 667 249 414
49 668 132 228
49 669 149 279
49 670 136 242
49 671 153 293
49 672 164 220
49 673 193 286
49 674 168 228
49 675 189 286
49 676 100 164
49 677 118 208
49 678 103 171
49 679 115 205
49 680 208 320
49 681 252 436
49 682 213 338
49 683 249 438
49 684 127 229
49 685 155 305
49 686 131 243
49 687 153 305
49 688 169 254
49 689 197 310
49 690 173 262
49 691 193 310
49 692 103 183
49 693 120 220
49 694 106 190
49 695 117 217
49 696 221 362
49 697 240 428
49 698 224 376
49 699 237 430
49 700 136 258
49 701 147 295
49 702 138 266
49 703 145 295
49 704 156 200
49 705 181 250
49 706 152 200
49 707 177 250
49 708 95 151
49 709 111 187
49 710 92 148
49 711 108 184
49 712 217 322
49 713 260 420
49 714 212 320
49 715 257 422
49 716 133 235
49 717 161 303
49 718 129 229
49 719 159 303
49 720 164 224
49 721 188 272
49 722 160 224
49 723 184 272
49 724 100 166
49 725 115 199
49 726 97 163
49 727 112 196
49 728 225 346
49 729 245 414
49 730 220 344
49 731 240 412
49 732 138 250
49 733 151 293
49 734 134 244
49 735 147 287
49 736 176 244
49 737 197 302
49 738 172 244
49 739 201 310
49 740 108 182
49 741 120 216
49 742 105 179
49 743 123 223
49 744 217 354
49 745 253 454
49 746 212 352
49 747 256 468
49 748 133 251
49 749 155 313
49 750 129 245
49 751 157 321
49 752 181 278
49 753 201 326
49 754 177 278
49 755 205 334
49 756 111 201
49 757 122 228
49 758 108 198
49 759 125 235
49 760 236 408
49 761 249 462
49 762 233 410
49 763 252 476
49 764 146 288
49 765 153 317
49 766 144 288
49 767 155 325
49 768 161 202
49 769 180 252
49 770 165 210
49 771 176 252
49 772 97 151
49 773 110 186
49 774 100 158
49 775 107 183
49 776 229 338
49 777 253 422
49 778 232 352
49 779 248 420
49 780 139 243
49 781 157 303
49 782 141 251
49 783 153 297
49 784 169 226
49 785 189 278
49 786 173 234
49 787 185 278
49 788 102 166
49 789 116 204
49 790 105 173
49 791 113 201
49 792 229 346
49 793 260 452
49 794 232 360
49 795 257 454
49 796 140 250
49 797 161 319
49 798 142 258
49 799 159 319
49 800 173 250
49 801 172 268
49 802 177 258
49 803 176 276
49 804 105 181
49 805 104 188
49 806 108 188
49 807 107 195
49 808 233 386
49 809 232 420
49 810 236 400
49 811 237 438
49 812 143 273
49 813 143 291
49 814 145 281
49 815 147 305
49 816 184 296
49 817 184 308
49 818 188 304
49 819 188 316
49 820 112 208
49 821 112 214
49 822 115 215
49 823 115 221
49 824 220 384
49 825 228 428
49 826 225 402
49 827 233 446
49 828 134 264
49 829 139 289
49 830 138 278
49 831 143 303
49 832 173 226
49 833 168 244
49 834 169 226
49 835 172 252
49 836 105 169
49 837 102 176
49 838 102 166
49 839 105 183
49 840 244 384
49 841 236 404
49 842 241 386
49 843 241 422
49 844 149 273
49 845 145 283
49 846 147 273
49 847 149 297
49 848 181 250
49 849 177 270
49 850 177 250
49 851 181 278
49 852 110 184
49 853 108 194
49 854 107 181
49 855 111 201
49 856 244 392
49 857 245 438
49 858 241 394
49 859 248 452
49 860 150 280
49 861 151 305
49 862 148 280
49 863 153 313
49 864 169 250
49 865 168 268
49 866 165 250
49 867 164 268
49 868 103 181
49 869 102 188
49 870 100 178
49 871 99 185
49 872 224 384
49 873 225 422
49 874 221 386
49 875 220 420
49 876 137 267
49 877 139 291
49 878 135 267
49 879 135 285
49 880 180 296
49 881 180 308
49 882 176 296
49 883 176 308
49 884 110 208
49 885 110 214
49 886 107 205
49 887 107 211
49 888 221 402
49 889 229 446
49 890 216 400
49 891 224 444
49 892 136 278
49 893 141 303
49 894 132 272
49 895 137 297
49 896 160 204
49 897 181 258
49 898 164 212
49 899 177 258
49 900 96 150
49 901 111 191
49 902 99 157
49 903 108 188
49 904 228 340
49 905 252 424
49 906 233 358
49 907 249 426
49 908 138 242
49 909 156 302
49 910 142 256
49 911 154 302
49 912 168 228
49 913 188 280
49 914 172 236
49 915 184 280
49 916 101 165
49 917 115 203
49 918 104 172
49 919 112 200
49 920 228 348
49 921 261 458
49 922 233 366
49 923 256 456
49 924 139 249
49 925 162 324
49 926 143 263
49 927 158 318
49 928 172 252
49 929 173 274
49 930 176 260
49 931 177 282
49 932 104 180
49 933 105 193
49 934 107 187
49 935 108 200
49 936 232 388
49 937 233 426
49 938 237 406
49 939 236 440
49 940 142 272
49 941 144 296
49 942 146 286
49 943 146 304
49 944 185 302
49 945 185 314
49 946 189 310
49 947 189 322
49 948 113 213
49 949 113 219
49 950 116 220
49 951 116 226
49 952 221 390
49 953 229 434
49 954 224 404
49 955 232 448
49 956 135 269
49 957 140 294
49 958 137 277
49 959 142 302
49 960 172 228
49 961 169 250
49 962 168 228
49 963 173 258
49 964 104 168
49 965 103 181
49 966 101 165
49 967 106 188
49 968 245 390
49 969 237 410
49 970 240 388
49 971 240 424
49 972 150 278
49 973 146 288
49 974 146 272
49 975 148 296
49 976 180 252
49 977 176 272
49 978 176 252
49 979 180 280
49 980 109 183
49 981 107 193
49 982 106 180
49 983 110 200
49 984 245 398
49 985 244 440
49 986 240 396
49 987 249 458
49 988 151 285
49 989 150 304
49 990 147 279
49 991 154 318
49 992 168 252
49 993 169 274
49 994 164 252
49 995 165 274
49 996 102 180
49 997 103 193
49 998 99 177
49 999 100 190
49 1000 225 390
49 1001 224 424
49 1002 220 388
49 1003 221 426
49 1004 138 272
49 1005 138 290
49 1006 134 266
49 1007 136 290
49 1008 181 302
49 1009 181 314
49 1010 177 302
49 1011 177 314
49 1012 111 213
49 1013 111 219
49 1014 108 210
49 1015 108 216
49 1016 220 404
49 1017 228 448
49 1018 217 406
49 1019 225 450
49 1020 135 277
49 1021 140 302
49 1022 133 277
49 1023 138 302
50 0 72 72
50 1 77 86
50 2 46 66
50 3 50 78
50 4 88 104
50 5 92 116
50 6 56 88
50 7 59 97
50 8 76 80
50 9 81 94
50 10 49 73
50 11 53 85
50 12 84 104
50 13 88 116
50 14 53 85
50 15 56 94
50 16 96 112
50 17 93 118
50 18 62 98
50 19 60 100
50 20 105 162
50 21 101 158
50 22 67 125
50 23 64 120
50 24 101 130
50 25 96 132
50 26 66 112
50 27 62 108
50 28 100 160
50 29 96 156
50 30 63 119
50 31 60 114
50 32 73 78
50 33 76 88
50 34 47 71
50 35 49 77
50 36 89 110
50 37 93 122
50 38 57 93
50 39 60 102
50 40 77 86
50 41 80 96
50 42 50 78
50 43 52 84
50 44 85 110
50 45 89 122
50 46 54 90
50 47 57 99
50 48 97 118
50 49 92 120
50 50 63 103
50 51 59 99
50 52 104 164
50 53 100 160
50 54 66 124
50 55 63 119
50 56 100 132
50 57 97 138
50 58 65 111
50 59 63 113
50 60 101 166
50 61 97 162
50 62 64 124
50 63 61 119
50 64 61 74
50 65 64 84
50 66 39 63
50 67 41 69
50 68 73 102
50 69 77 114
50 70 46 80
50 71 49 89
50 72 65 82
50 73 68 92
50 74 42 70
50 75 44 76
50 76 77 110
50 77 81 122
50 78 49 87
50 79 52 96
50 80 81 110
50 81 84 120
50 82 52 90
50 83 54 96
50 84 93 150
50 85 97 162
50 86 59 113
50 87 62 122
50 88 84 124
50 89 89 138
50 90 54 98
50 91 58 110
50 92 96 164
50 93 100 176
50 94 61 121
50 95 64 130
50 96 60 76
50 97 65 90
50 98 38 62
50 99 42 74
50 100 72 104
50 101 76 116
50 102 45 79
50 103 48 88
50 104 64 84
50 105 69 98
50 106 41 69
50 107 45 81
50 108 76 112
50 109 80 124
50 110 48 86
50 111 51 95
50 112 80 112
50 113 85 126
50 114 51 89
50 115 55 101
50 116 92 152
50 117 96 164
50 118 58 112
50 119 61 121
50 120 85 130
50 121 88 140
50 122 55 103
50 123 57 109
50 124 97 170
50 125 101 182
50 126 62 126
50 127 65 135
50 128 61 74
50 129 64 84
50 130 39 63
50 131 41 69
50 132 73 102
50 133 77 114
50 134 46 80
50 135 49 89
50 136 65 82
50 137 68 92
50 138 42 70
50 139 44 76
50 140 77 110
50 141 81 122
50 142 49 87
50 143 52 96
50 144 81 110
50 145 84 120
50 146 52 90
50 147 54 96
50 148 93 150
50 149 97 162
50 150 59 113
50 151 62 122
50 152 84 124
50 153 89 138
50 154 54 98
50 155 58 110
50 156 96 164
50 157 100 176
50 158 61 121
50 159 64 130
50 160 60 76
50 161 65 90
50 162 38 62
50 163 42 74
50 164 72 104
50 165 76 116
50 166 45 79
50 167 48 88
50 168 64 84
50 169 69 98
50 170 41 69
50 171 45 81
50 172 76 112
50 173 80 124
50 174 48 86
50 175 51 95
50 176 80 112
50 177 85 126
50 178 51 89
50 179 55 101
50 180 92 152
50 181 96 164
50 182 58 112
50 183 61 121
50 184 85 130
50 185 88 140
50 186 55 103
50 187 57 109
50 188 97 170
50 189 101 182
50 190 62 126
50 191 65 135
50 192 65 82
50 193 68 92
50 194 41 67
50 195 43 73
50 196 81 122
50 197 85 134
50 198 51 93
50 199 54 102
50 200 69 90
50 201 72 100
50 202 44 74
50 203 46 80
50 204 77 122
50 205 81 134
50 206 48 90
50 207 51 99
50 208 89 130
50 209 84 132
50 210 57 103
50 211 53 99
50 212 112 208
50 213 108 204
50 214 72 152
50 215 69 147
50 216 92 144
50 217 89 150
50 218 59 111
50 219 57 113
50 220 109 210
50 221 105 206
50 222 70 152
50 223 67 147
50 224 64 84
50 225 69 98
50 226 40 66
50 227 44 78
50 228 80 124
50 229 84 136
50 230 50 92
50 231 53 101
50 232 68 92
50 233 73 106
50 234 43 73
50 235 47 85
50 236 76 124
50 237 80 136
50 238 47 89
50 239 50 98
50 240 88 132
50 241 85 138
50 242 56 102
50 243 54 104
50 244 113 214
50 245 109 210
50 246 73 157
50 247 70 152
50 248 93 150
50 249 88 152
50 250 60 116
50 251 56 112
50 252 108 212
50 253 104 208
50 254 69 151
50 255 66 146
51 0 52 52
51 1 30 38
51 2 80 92
51 3 47 67
51 4 60 64
51 5 35 47
51 6 88 104
51 7 52 76
51 8 72 80
51 9 42 58
51 10 112 148
51 11 67 107
51 12 80 92
51 13 47 67
51 14 104 144
51 15 62 102
51 16 56 68
51 17 33 49
51 18 80 112
51 19 48 80
51 20 68 92
51 21 41 67
51 22 92 136
51 23 56 98
51 24 68 88
51 25 40 62
51 26 100 152
51 27 60 106
51 28 80 112
51 29 48 80
51 30 96 152
51 31 58 106
51 32 80 92
51 33 47 67
51 34 120 160
51 35 72 116
51 36 92 116
51 37 55 85
51 38 132 184
51 39 80 134
51 40 112 148
51 41 67 107
51 42 169 274
51 43 104 196
51 44 124 172
51 45 75 125
51 46 157 266
51 47 96 186
51 48 80 112
51 49 48 80
51 50 112 176
51 51 68 124
51 52 97 162
51 53 60 116
51 54 129 226
51 55 80 160
51 56 100 152
51 57 60 106
51 58 144 256
51 59 88 176
51 60 117 202
51 61 72 142
51 62 137 258
51 63 84 176
51 64 60 64
51 65 35 47
51 66 92 116
51 67 55 85
51 68 68 76
51 69 40 56
51 70 100 128
51 71 60 94
51 72 80 92
51 73 47 67
51 74 124 172
51 75 75 125
51 76 88 104
51 77 52 76
51 78 116 168
51 79 70 120
51 80 68 92
51 81 41 67
51 82 97 162
51 83 60 116
51 84 80 116
51 85 49 85
51 86 109 186
51 87 68 134
51 88 80 112
51 89 48 80
51 90 117 202
51 91 72 142
51 92 92 136
51 93 56 98
51 94 113 202
51 95 70 142
51 96 88 104
51 97 52 76
51 98 132 184
51 99 80 134
51 100 100 128
51 101 60 94
51 102 136 200
51 103 82 142
51 104 104 144
51 105 62 102
51 106 157 266
51 107 96 186
51 108 116 168
51 109 70 120
51 110 153 266
51 111 94 186
51 112 92 136
51 113 56 98
51 114 129 226
51 115 80 160
51 116 109 186
51 117 68 134
51 118 136 256
51 119 84 176
51 120 96 152
51 121 58 106
51 122 137 258
51 123 84 176
51 124 113 202
51 125 70 142
51 126 136 272
51 127 84 184
52 0 76 76
52 1 77 82
52 2 47 65
52 3 48 70
52 4 104 116
52 5 105 122
52 6 64 94
52 7 65 99
52 8 84 88
52 9 85 94
52 10 52 74
52 11 53 79
52 12 112 128
52 13 113 134
52 14 69 103
52 15 70 108
52 16 77 82
52 17 76 84
52 18 48 70
52 19 47 69
52 20 105 122
52 21 104 124
52 22 65 99
52 23 64 98
52 24 85 94
52 25 84 96
52 26 53 79
52 27 52 78
52 28 113 134
52 29 112 136
52 30 70 108
52 31 69 107
52 32 93 110
52 33 92 112
52 34 57 87
52 35 56 86
52 36 133 178
52 37 132 180
52 38 82 136
52 39 81 135
52 40 101 122
52 41 100 124
52 42 62 96
52 43 61 95
52 44 125 174
52 45 124 176
52 46 77 131
52 47 76 130
52 48 92 112
52 49 93 118
52 50 56 86
52 51 57 91
52 52 132 180
52 53 133 186
52 54 81 135
52 55 82 140
52 56 100 124
52 57 101 130
52 58 61 95
52 59 62 100
52 60 124 176
52 61 125 182
52 62 76 130
52 63 77 135
52 64 77 98
52 65 76 100
52 66 48 78
52 67 47 77
52 68 101 142
52 69 100 144
52 70 63 109
52 71 62 108
52 72 89 122
52 73 88 124
52 74 56 96
52 75 55 95
52 76 113 166
52 77 112 168
52 78 71 127
52 79 70 126
52 80 76 100
52 81 77 106
52 82 47 77
52 83 48 82
52 84 100 144
52 85 101 150
52 86 62 108
52 87 63 113
52 88 88 124
52 89 89 130
52 90 55 95
52 91 56 100
52 92 112 168
52 93 113 174
52 94 70 126
52 95 71 131
52 96 85 114
52 97 84 116
52 98 52 86
52 99 51 85
52 100 117 178
52 101 116 180
52 102 72 130
52 103 71 129
52 104 97 138
52 105 96 140
52 106 60 104
52 107 59 103
52 108 113 178
52 109 112 180
52 110 70 130
52 111 69 129
52 112 84 116
52 113 85 122
52 114 51 85
52 115 52 90
52 116 116 180
52 117 117 186
52 118 71 129
52 119 72 134
52 120 96 140
52 121 97 146
52 122 59 103
52 123 60 108
52 124 112 180
52 125 113 186
52 126 69 129
52 127 70 134
52 128 104 116
52 129 105 122
52 130 64 94
52 131 65 99
52 132 120 160
52 133 121 166
52 134 73 119
52 135 74 124
52 136 108 132
52 137 109 138
52 138 66 102
52 139 67 107
52 140 124 176
52 141 125 182
52 142 75 127
52 143 76 132
52 144 105 122
52 145 104 124
52 146 65 99
52 147 64 98
52 148 121 166
52 149 120 168
52 150 74 124
52 151 73 123
52 152 109 138
52 153 108 140
52 154 67 107
52 155 66 106
52 156 125 182
52 157 124 184
52 158 76 132
52 159 75 131
52 160 133 178
52 161 132 180
52 162 82 136
52 163 81 135
52 164 164 260
52 165 165 266
52 166 101 187
52 167 102 192
52 168 145 202
52 169 144 204
52 170 90 154
52 171 89 153
52 172 152 252
52 173 153 258
52 174 93 177
52 175 94 182
52 176 132 180
52 177 133 186
52 178 81 135
52 179 82 140
52 180 165 266
52 181 164 268
52 182 102 192
52 183 101 191
52 184 144 204
52 185 145 210
52 186 89 153
52 187 90 158
52 188 153 258
52 189 152 260
52 190 94 182
52 191 93 181
52 192 101 142
52 193 100 144
52 194 63 109
52 195 62 108
52 196 117 182
52 197 116 184
52 198 73 135
52 199 72 134
52 200 108 172
52 201 109 178
52 202 67 125
52 203 68 130
52 204 124 212
52 205 125 218
52 206 77 151
52 207 78 156
52 208 100 144
52 209 101 150
52 210 62 108
52 211 63 113
52 212 116 184
52 213 117 190
52 214 72 134
52 215 73 139
52 216 109 178
52 217 108 180
52 218 68 130
52 219 67 129
52 220 125 218
52 221 124 220
52 222 78 156
52 223 77 155
52 224 117 178
52 225 116 180
52 226 72 130
52 227 71 129
52 228 145 250
52 229 144 252
52 230 90 178
52 231 89 177
52 232 132 224
52 233 133 230
52 234 82 160
52 235 83 165
52 236 136 248
52 237 137 254
52 238 84 172
52 239 85 177
52 240 116 180
52 241 117 186
52 242 71 129
52 243 72 134
52 244 144 252
52 245 145 258
52 246 89 177
52 247 90 182
52 248 133 230
52 249 132 232
52 250 83 165
52 251 82 164
52 252 137 254
52 253 136 256
52 254 85 177
52 255 84 176
52 256 84 88
52 257 85 94
52 258 52 74
52 259 53 79
52 260 108 132
52 261 109 138
52 262 66 102
52 263 67 107
52 264 92 100
52 265 93 106
52 266 57 83
52 267 58 88
52 268 116 144
52 269 117 150
52 270 71 111
52 271 72 116
52 272 85 94
52 273 84 96
52 274 53 79
52 275 52 78
52 276 109 138
52 277 108 140
52 278 67 107
52 279 66 106
52 280 93 106
52 281 92 108
52 282 58 88
52 283 57 87
52 284 117 150
52 285 116 152
52 286 72 116
52 287 71 115
52 288 101 122
52 289 100 124
52 290 62 96
52 291 61 95
52 292 145 202
52 293 144 204
52 294 90 154
52 295 89 153
52 296 109 134
52 297 108 136
52 298 67 105
52 299 66 104
52 300 137 198
52 301 136 200
52 302 85 149
52 303 84 148
52 304 100 124
52 305 101 130
52 306 61 95
52 307 62 100
52 308 144 204
52 309 145 210
52 310 89 153
52 311 90 158
52 312 108 136
52 313 109 142
52 314 66 104
52 315 67 109
52 316 136 200
52 317 137 206
52 318 84 148
52 319 85 153
52 320 89 122
52 321 88 124
52 322 56 96
52 323 55 95
52 324 108 172
52 325 109 178
52 326 67 125
52 327 68 130
52 328 101 146
52 329 100 148
52 330 64 114
52 331 63 113
52 332 120 196
52 333 121 202
52 334 75 143
52 335 76 148
52 336 88 124
52 337 89 130
52 338 55 95
52 339 56 100
52 340 109 178
52 341 108 180
52 342 68 130
52 343 67 129
52 344 100 148
52 345 101 154
52 346 63 113
52 347 64 118
52 348 121 202
52 349 120 204
52 350 76 148
52 351 75 147
52 352 97 138
52 353 96 140
52 354 60 104
52 355 59 103
52 356 132 224
52 357 133 230
52 358 82 160
52 359 83 165
52 360 109 162
52 361 108 164
52 362 68 122
52 363 67 121
52 364 128 224
52 365 129 230
52 366 80 160
52 367 81 165
52 368 96 140
52 369 97 146
52 370 59 103
52 371 60 108
52 372 133 230
52 373 132 232
52 374 83 165
52 375 82 164
52 376 108 164
52 377 109 170
52 378 67 121
52 379 68 126
52 380 129 230
52 381 128 232
52 382 81 165
52 383 80 164
52 384 112 128
52 385 113 134
52 386 69 103
52 387 70 108
52 388 124 176
52 389 125 182
52 390 75 127
52 391 76 132
52 392 116 144
52 393 117 150
52 394 71 111
52 395 72 116
52 396 136 200
52 397 137 206
52 398 83 145
52 399 84 150
52 400 113 134
52 401 112 136
52 402 70 108
52 403 69 107
52 404 125 182
52 405 124 184
52 406 76 132
52 407 75 131
52 408 117 150
52 409 116 152
52 410 72 116
52 411 71 115
52 412 137 206
52 413 136 208
52 414 84 150
52 415 83 149
52 416 125 174
52 417 124 176
52 418 77 131
52 419 76 130
52 420 152 252
52 421 153 258
52 422 93 177
52 423 94 182
52 424 137 198
52 425 136 200
52 426 85 149
52 427 84 148
52 428 148 252
52 429 149 258
52 430 91 177
52 431 92 182
52 432 124 176
52 433 125 182
52 434 76 130
52 435 77 135
52 436 153 258
52 437 152 260
52 438 94 182
52 439 93 181
52 440 136 200
52 441 137 206
52 442 84 148
52 443 85 153
52 444 149 258
52 445 148 260
52 446 92 182
52 447 91 181
52 448 113 166
52 449 112 168
52 450 71 127
52 451 70 126
52 452 124 212
52 453 125 218
52 454 77 151
52 455 78 156
52 456 120 196
52 457 121 202
52 458 75 143
52 459 76 148
52 460 141 262
52 461 140 264
52 462 89 187
52 463 88 186
52 464 112 168
52 465 113 174
52 466 70 126
52 467 71 131
52 468 125 218
52 469 124 220
52 470 78 156
52 471 77 155
52 472 121 202
52 473 120 204
52 474 76 148
52 475 75 147
52 476 140 264
52 477 141 270
52 478 88 186
52 479 89 191
52 480 113 178
52 481 112 180
52 482 70 130
52 483 69 129
52 484 136 248
52 485 137 254
52 486 84 172
52 487 85 177
52 488 128 224
52 489 129 230
52 490 80 160
52 491 81 165
52 492 137 266
52 493 136 268
52 494 86 186
52 495 85 185
52 496 112 180
52 497 113 186
52 498 69 129
52 499 70 134
52 500 137 254
52 501 136 256
52 502 85 177
52 503 84 176
52 504 129 230
52 505 128 232
52 506 81 165
52 507 80 164
52 508 136 268
52 509 137 274
52 510 85 185
52 511 86 190
53 0 4 5
53 1 4 5
53 2 4 5
53 3 4 5
53 4 4 5
53 5 4 5
53 6 4 5
53 7 4 5
53 8 5 9
53 9 5 9
53 10 5 9
53 11 5 9
53 12 5 9
53 13 5 9
53 14 5 9
53 15 5 9
53 16 4 5
53 17 4 5
53 18 4 5
53 19 4 5
53 20 4 5
53 21 4 5
53 22 4 5
53 23 4 5
53 24 5 9
53 25 5 9
53 26 5 9
53 27 5 9
53 28 5 9
53 29 5 9
53 30 5 9
53 31 5 9
53 32 4 5
53 33 4 5
53 34 4 5
53 35 4 5
53 36 4 5
53 37 4 5
53 38 4 5
53 39 4 5
53 40 5 9
53 41 5 9
53 42 5 9
53 43 5 9
53 44 5 9
53 45 5 9
53 46 5 9
53 47 5 9
53 48 4 5
53 49 4 5
53 50 4 5
53 51 4 5
53 52 4 5
53 53 4 5
53 54 4 5
53 55 4 5
53 56 5 9
53 57 5 9
53 58 5 9
53 59 5 9
53 60 5 9
53 61 5 9
53 62 5 9
53 63 5 9
53 64 3 6
53 65 3 6
53 66 3 6
53 67 3 6
53 68 3 6
53 69 3 6
53 70 3 6
53 71 3 6
53 72 4 11
53 73 4 11
53 74 4 11
53 75 4 11
53 76 4 11
53 77 4 11
53 78 4 11
53 79 4 11
53 80 3 6
53 81 3 6
53 82 3 6
53 83 3 6
53 84 3 6
53 85 3 6
53 86 3 6
53 87 3 6
53 88 4 11
53 89 4 11
53 90 4 11
53 91 4 11
53 92 4 11
53 93 4 11
53 94 4 11
53 95 4 11
53 96 3 6
53 97 3 6
53 98 3 6
53 99 3 6
53 100 3 6
53 101 3 6
53 102 3 6
53 103 3 6
53 104 4 11
53 105 4 11
53 106 4 11
53 107 4 11
53 108 4 11
53 109 4 11
53 110 4 11
53 111 4 11
53 112 3 6
53 113 3 6
53 114 3 6
53 115 3 6
53 116 3 6
53 117 3 6
53 118 3 6
53 119 3 6
53 120 4 11
53 121 4 11
53 122 4 11
53 123 4 11
53 124 4 11
53 125 4 11
53 126 4 11
53 127 4 11
54 0 0 0
54 1 0 0
54 2 0 0
54 3 0 0
54 4 0 0
54 5 0 0
54 6 0 0
54 7 0 0
54 8 0 0
54 9 0 0
54 10 0 0
54 11 0 0
54 12 0 0
54 13 0 0
54 14 0 0
54 15 0 0
54 16 0 0
54 17 0 0
54 18 0 0
54 19 0 0
54 20 0 0
54 21 0 0
54 22 0 0
54 23 0 0
54 24 0 0
54 25 0 0
54 26 0 0
54 27 0 0
54 28 0 0
54 29 0 0
54 30 0 0
54 31 0 0
54 32 0 0
54 33 0 0
54 34 0 0
54 35 0 0
54 36 0 0
54 37 0 0
54 38 0 0
54 39 0 0
54 40 0 0
54 41 0 0
54 42 0 0
54 43 0 0
54 44 0 0
54 45 0 0
54 46 0 0
54 47 0 0
54 48 0 0
54 49 0 0
54 50 0 0
54 51 0 0
54 52 0 0
54 53 0 0
54 54 0 0
54 55 0 0
54 56 0 0
54 57 0 0
54 58 0 0
54 59 0 0
54 60 0 0
54 61 0 0
54 62 0 0
54 63 0 0
54 64 0 0
54 65 0 0
54 66 0 0
54 67 0 0
54 68 0 0
54 69 0 0
54 70 0 0
54 71 0 0
54 72 0 0
54 73 0 0
54 74 0 0
54 75 0 0
54 76 0 0
54 77 0 0
54 78 0 0
54 79 0 0
54 80 0 0
54 81 0 0
54 82 0 0
54 83 0 0
54 84 0 0
54 85 0 0
54 86 0 0
54 87 0 0
54 88 0 0
54 89 0 0
54 90 0 0
54 91 0 0
54 92 0 0
54 93 0 0
54 94 0 0
54 95 0 0
54 96 0 0
54 97 0 0
54 98 0 0
54 99 0 0
54 100 0 0
54 101 0 0
54 102 0 0
54 103 0 0
54 104 0 0
54 105 0 0
54 106 0 0
54 107 0 0
54 108 0 0
54 109 0 0
54 110 0 0
54 111 0 0
54 112 0 0
54 113 0 0
54 114 0 0
54 115 0 0
54 116 0 0
54 117 0 0
54 118 0 0
54 119 0 0
54 120 0 0
54 121 0 0
54 122 0 0
54 123 0 0
54 124 0 0
54 125 0 0
54 126 0 0
54 127 0 0
54 128 0 0
54 129 0 0
54 130 0 0
54 131 0 0
54 132 0 0
54 133 0 0
54 134 0 0
54 135 0 0
54 136 0 0
54 137 0 0
54 138 0 0
54 139 0 0
54 140 0 0
54 141 0 0
54 142 0 0
54 143 0 0
54 144 0 0
54 145 0 0
54 146 0 0
54 147 0 0
54 148 0 0
54 149 0 0
54 150 0 0
54 151 0 0
54 152 0 0
54 153 0 0
54 154 0 0
54 155 0 0
54 156 0 0
54 157 0 0
54 158 0 0
54 159 0 0
54 160 0 0
54 161 0 0
54 162 0 0
54 163 0 0
54 164 0 0
54 165 0 0
54 166 0 0
54 167 0 0
54 168 0 0
54 169 0 0
54 170 0 0
54 171 0 0
54 172 0 0
54 173 0 0
54 174 0 0
54 175 0 0
54 176 0 0
54 177 0 0
54 178 0 0
54 179 0 0
54 180 0 0
54 181 0 0
54 182 0 0
54 183 0 0
54 184 0 0
54 185 0 0
54 186 0 0
54 187 0 0
54 188 0 0
54 189 0 0
54 190 0 0
54 191 0 0
54 192 0 0
54 193 0 0
54 194 0 0
54 195 0 0
54 196 0 0
54 197 0 0
54 198 0 0
54 199 0 0
54 200 0 0
54 201 0 0
54 202 0 0
54 203 0 0
54 204 0 0
54 205 0 0
54 206 0 0
54 207 0 0
54 208 0 0
54 209 0 0
54 210 0 0
54 211 0 0
54 212 0 0
54 213 0 0
54 214 0 0
54 215 0 0
54 216 0 0
54 217 0 0
54 218 0 0
54 219 0 0
54 220 0 0
54 221 0 0
54 222 0 0
54 223 0 0
54 224 0 0
54 225 0 0
54 226 0 0
54 227 0 0
54 228 0 0
54 229 0 0
54 230 0 0
54 231 0 0
54 232 0 0
54 233 0 0
54 234 0 0
54 235 0 0
54 236 0 0
54 237 0 0
54 238 0 0
54 239 0 0
54 240 0 0
54 241 0 0
54 242 0 0
54 243 0 0
54 244 0 0
54 245 0 0
54 246 0 0
54 247 0 0
54 248 0 0
54 249 0 0
54 250 0 0
54 251 0 0
54 252 0 0
54 253 0 0
54 254 0 0
54 255 0 0
54 256 0 0
54 257 0 0
54 258 0 0
54 259 0 0
54 260 0 0
54 261 0 0
54 262 0 0
54 263 0 0
54 264 0 0
54 265 0 0
54 266 0 0
54 267 0 0
54 268 0 0
54 269 0 0
54 270 0 0
54 271 0 0
54 272 0 0
54 273 0 0
54 274 0 0
54 275 0 0
54 276 0 0
54 277 0 0
54 278 0 0
54 279 0 0
54 280 0 0
54 281 0 0
54 282 0 0
54 283 0 0
54 284 0 0
54 285 0 0
54 286 0 0
54 287 0 0
54 288 0 0
54 289 0 0
54 290 0 0
54 291 0 0
54 292 0 0
54 293 0 0
54 294 0 0
54 295 0 0
54 296 0 0
54 297 0 0
54 298 0 0
54 299 0 0
54 300 0 0
54 301 0 0
54 302 0 0
54 303 0 0
54 304 0 0
54 305 0 0
54 306 0 0
54 307 0 0
54 308 0 0
54 309 0 0
54 310 0 0
54 311 0 0
54 312 0 0
54 313 0 0
54 314 0 0
54 315 0 0
54 316 0 0
54 317 0 0
54 318 0 0
54 319 0 0
54 320 0 0
54 321 0 0
54 322 0 0
54 323 0 0
54 324 0 0
54 325 0 0
54 326 0 0
54 327 0 0
54 328 0 0
54 329 0 0
54 330 0 0
54 331 0 0
54 332 0 0
54 333 0 0
54 334 0 0
54 335 0 0
54 336 0 0
54 337 0 0
54 338 0 0
54 339 0 0
54 340 0 0
54 341 0 0
54 342 0 0
54 343 0 0
54 344 0 0
54 345 0 0
54 346 0 0
54 347 0 0
54 348 0 0
54 349 0 0
54 350 0 0
54 351 0 0
54 352 0 0
54 353 0 0
54 354 0 0
54 355 0 0
54 356 0 0
54 357 0 0
54 358 0 0
54 359 0 0
54 360 0 0
54 361 0 0
54 362 0 0
54 363 0 0
54 364 0 0
54 365 0 0
54 366 0 0
54 367 0 0
54 368 0 0
54 369 0 0
54 370 0 0
54 371 0 0
54 372 0 0
54 373 0 0
54 374 0 0
54 375 0 0
54 376 0 0
54 377 0 0
54 378 0 0
54 379 0 0
54 380 0 0
54 381 0 0
54 382 0 0
54 383 0 0
54 384 0 0
54 385 0 0
54 386 0 0
54 387 0 0
54 388 0 0
54 389 0 0
54 390 0 0
54 391 0 0
54 392 0 0
54 393 0 0
54 394 0 0
54 395 0 0
54 396 0 0
54 397 0 0
54 398 0 0
54 399 0 0
54 400 0 0
54 401 0 0
54 402 0 0
54 403 0 0
54 404 0 0
54 405 0 0
54 406 0 0
54 407 0 0
54 408 0 0
54 409 0 0
54 410 0 0
54 411 0 0
54 412 0 0
54 413 0 0
54 414 0 0
54 415 0 0
54 416 0 0
54 417 0 0
54 418 0 0
54 419 0 0
54 420 0 0
54 421 0 0
54 422 0 0
54 423 0 0
54 424 0 0
54 425 0 0
54 426 0 0
54 427 0 0
54 428 0 0
54 429 0 0
54 430 0 0
54 431 0 0
54 432 0 0
54 433 0 0
54 434 0 0
54 435 0 0
54 436 0 0
54 437 0 0
54 438 0 0
54 439 0 0
54 440 0 0
54 441 0 0
54 442 0 0
54 443 0 0
54 444 0 0
54 445 0 0
54 446 0 0
54 447 0 0
54 448 0 0
54 449 0 0
54 450 0 0
54 451 0 0
54 452 0 0
54 453 0 0
54 454 0 0
54 455 0 0
54 456 0 0
54 457 0 0
54 458 0 0
54 459 0 0
54 460 0 0
54 461 0 0
54 462 0 0
54 463 0 0
54 464 0 0
54 465 0 0
54 466 0 0
54 467 0 0
54 468 0 0
54 469 0 0
54 470 0 0
54 471 0 0
54 472 0 0
54 473 0 0
54 474 0 0
54 475 0 0
54 476 0 0
54 477 0 0
54 478 0 0
54 479 0 0
54 480 0 0
54 481 0 0
54 482 0 0
54 483 0 0
54 484 0 0
54 485 0 0
54 486 0 0
54 487 0 0
54 488 0 0
54 489 0 0
54 490 0 0
54 491 0 0
54 492 0 0
54 493 0 0
54 494 0 0
54 495 0 0
54 496 0 0
54 497 0 0
54 498 0 0
54 499 0 0
54 500 0 0
54 501 0 0
54 502 0 0
54 503 0 0
54 504 0 0
54 505 0 0
54 506 0 0
54 507 0 0
54 508 0 0
54 509 0 0
54 510 0 0
54 511 0 0
55 0 64 65
55 1 60 69
55 2 64 65
55 3 60 69
55 4 64 65
55 5 60 69
55 6 64 65
55 7 60 69
55 8 61 81
55 9 49 69
55 10 61 81
55 11 49 69
55 12 61 81
55 13 49 69
55 14 61 81
55 15 49 69
55 16 73 93
55 17 81 117
55 18 73 93
55 19 81 117
55 20 73 93
55 21 81 117
55 22 73 93
55 23 81 117
55 24 57 89
55 25 53 89
55 26 57 89
55 27 53 89
55 28 57 89
55 29 53 89
55 30 57 89
55 31 53 89
55 32 64 65
55 33 60 69
55 34 64 65
55 35 60 69
55 36 64 65
55 37 60 69
55 38 64 65
55 39 60 69
55 40 61 81
55 41 49 69
55 42 61 81
55 43 49 69
55 44 61 81
55 45 49 69
55 46 61 81
55 47 49 69
55 48 73 93
55 49 81 117
55 50 73 93
55 51 81 117
55 52 73 93
55 53 81 117
55 54 73 93
55 55 81 117
55 56 57 89
55 57 53 89
55 58 57 89
55 59 53 89
55 60 57 89
55 61 53 89
55 62 57 89
55 63 53 89
55 64 72 89
55 65 72 105
55 66 72 89
55 67 72 105
55 68 72 89
55 69 72 105
55 70 72 89
55 71 72 105
55 72 64 101
55 73 60 101
55 74 64 101
55 75 60 101
55 76 64 101
55 77 60 101
55 78 64 101
55 79 60 101
55 80 97 141
55 81 112 197
55 82 97 141
55 83 112 197
55 84 97 141
55 85 112 197
55 86 97 141
55 87 112 197
55 88 73 129
55 89 81 161
55 90 73 129
55 91 81 161
55 92 73 129
55 93 81 161
55 94 73 129
55 95 81 161
55 96 72 89
55 97 72 105
55 98 72 89
55 99 72 105
55 100 72 89
55 101 72 105
55 102 72 89
55 103 72 105
55 104 64 101
55 105 60 101
55 106 64 101
55 107 60 101
55 108 64 101
55 109 60 101
55 110 64 101
55 111 60 101
55 112 97 141
55 113 112 197
55 114 97 141
55 115 112 197
55 116 97 141
55 117 112 197
55 118 97 141
55 119 112 197
55 120 73 129
55 121 81 161
55 122 73 129
55 123 81 161
55 124 73 129
55 125 81 161
55 126 73 129
55 127 81 161
55 128 39 54
55 129 37 56
55 130 39 54
55 131 37 56
55 132 39 54
55 133 37 56
55 134 39 54
55 135 37 56
55 136 38 65
55 137 31 56
55 138 38 65
55 139 31 56
55 140 38 65
55 141 31 56
55 142 38 65
55 143 31 56
55 144 44 71
55 145 50 89
55 146 44 71
55 147 50 89
55 148 44 71
55 149 50 89
55 150 44 71
55 151 50 89
55 152 34 63
55 153 32 63
55 154 34 63
55 155 32 63
55 156 34 63
55 157 32 63
55 158 34 63
55 159 32 63
55 160 39 54
55 161 37 56
55 162 39 54
55 163 37 56
55 164 39 54
55 165 37 56
55 166 39 54
55 167 37 56
55 168 38 65
55 169 31 56
55 170 38 65
55 171 31 56
55 172 38 65
55 173 31 56
55 174 38 65
55 175 31 56
55 176 44 71
55 177 50 89
55 178 44 71
55 179 50 89
55 180 44 71
55 181 50 89
55 182 44 71
55 183 50 89
55 184 34 63
55 185 32 63
55 186 34 63
55 187 32 63
55 188 34 63
55 189 32 63
55 190 34 63
55 191 32 63
55 192 43 66
55 193 43 74
55 194 43 66
55 195 43 74
55 196 43 66
55 197 43 74
55 198 43 66
55 199 43 74
55 200 39 72
55 201 37 72
55 202 39 72
55 203 37 72
55 204 39 72
55 205 37 72
55 206 39 72
55 207 37 72
55 208 59 104
55 209 69 138
55 210 59 104
55 211 69 138
55 212 59 104
55 213 69 138
55 214 59 104
55 215 69 138
55 216 44 89
55 217 50 111
55 218 44 89
55 219 50 111
55 220 44 89
55 221 50 111
55 222 44 89
55 223 50 111
55 224 43 66
55 225 43 74
55 226 43 66
55 227 43 74
55 228 43 66
55 229 43 74
55 230 43 66
55 231 43 74
55 232 39 72
55 233 37 72
55 234 39 72
55 235 37 72
55 236 39 72
55 237 37 72
55 238 39 72
55 239 37 72
55 240 59 104
55 241 69 138
55 242 59 104
55 243 69 138
55 244 59 104
55 245 69 138
55 246 59 104
55 247 69 138
55 248 44 89
55 249 50 111
55 250 44 89
55 251 50 111
55 252 44 89
55 253 50 111
55 254 44 89
55 255 50 111
56 0 72 72
56 1 44 60
56 2 72 72
56 3 44 60
56 4 72 72
56 5 44 60
56 6 72 72
56 7 44 60
56 8 60 68
56 9 36 52
56 10 60 68
56 11 36 52
56 12 60 68
56 13 36 52
56 14 60 68
56 15 36 52
56 16 60 68
56 17 36 52
56 18 60 68
56 19 36 52
56 20 60 68
56 21 36 52
56 22 60 68
56 23 36 52
56 24 72 88
56 25 44 68
56 26 72 88
56 27 44 68
56 28 72 88
56 29 44 68
56 30 72 88
56 31 44 68
56 32 72 72
56 33 44 60
56 34 72 72
56 35 44 60
56 36 72 72
56 37 44 60
56 38 72 72
56 39 44 60
56 40 60 68
56 41 36 52
56 42 60 68
56 43 36 52
56 44 60 68
56 45 36 52
56 46 60 68
56 47 36 52
56 48 60 68
56 49 36 52
56 50 60 68
56 51 36 52
56 52 60 68
56 53 36 52
56 54 60 68
56 55 36 52
56 56 72 88
56 57 44 68
56 58 72 88
56 59 44 68
56 60 72 88
56 61 44 68
56 62 72 88
56 63 44 68
56 64 60 68
56 65 36 52
56 66 60 68
56 67 36 52
56 68 60 68
56 69 36 52
56 70 60 68
56 71 36 52
56 72 72 88
56 73 44 68
56 74 72 88
56 75 44 68
56 76 72 88
56 77 44 68
56 78 72 88
56 79 44 68
56 80 72 88
56 81 44 68
56 82 72 88
56 83 44 68
56 84 72 88
56 85 44 68
56 86 72 88
56 87 44 68
56 88 60 84
56 89 36 60
56 90 60 84
56 91 36 60
56 92 60 84
56 93 36 60
56 94 60 84
56 95 36 60
56 96 60 68
56 97 36 52
56 98 60 68
56 99 36 52
56 100 60 68
56 101 36 52
56 102 60 68
56 103 36 52
56 104 72 88
56 105 44 68
56 106 72 88
56 107 44 68
56 108 72 88
56 109 44 68
56 110 72 88
56 111 44 68
56 112 72 88
56 113 44 68
56 114 72 88
56 115 44 68
56 116 72 88
56 117 44 68
56 118 72 88
56 119 44 68
56 120 60 84
56 121 36 60
56 122 60 84
56 123 36 60
56 124 60 84
56 125 36 60
56 126 60 84
56 127 36 60
56 128 72 72
56 129 44 60
56 130 72 72
56 131 44 60
56 132 72 72
56 133 44 60
56 134 72 72
56 135 44 60
56 136 60 68
56 137 36 52
56 138 60 68
56 139 36 52
56 140 60 68
56 141 36 52
56 142 60 68
56 143 36 52
56 144 60 68
56 145 36 52
56 146 60 68
56 147 36 52
56 148 60 68
56 149 36 52
56 150 60 68
56 151 36 52
56 152 72 88
56 153 44 68
56 154 72 88
56 155 44 68
56 156 72 88
56 157 44 68
56 158 72 88
56 159 44 68
56 160 72 72
56 161 44 60
56 162 72 72
56 163 44 60
56 164 72 72
56 165 44 60
56 166 72 72
56 167 44 60
56 168 60 68
56 169 36 52
56 170 60 68
56 171 36 52
56 172 60 68
56 173 36 52
56 174 60 68
56 175 36 52
56 176 60 68
56 177 36 52
56 178 60 68
56 179 36 52
56 180 60 68
56 181 36 52
56 182 60 68
56 183 36 52
56 184 72 88
56 185 44 68
56 186 72 88
56 187 44 68
56 188 72 88
56 189 44 68
56 190 72 88
56 191 44 68
56 192 60 68
56 193 36 52
56 194 60 68
56 195 36 52
56 196 60 68
56 197 36 52
56 198 60 68
56 199 36 52
56 200 72 88
56 201 44 68
56 202 72 88
56 203 44 68
56 204 72 88
56 205 44 68
56 206 72 88
56 207 44 68
56 208 72 88
56 209 44 68
56 210 72 88
56 211 44 68
56 212 72 88
56 213 44 68
56 214 72 88
56 215 44 68
56 216 60 84
56 217 36 60
56 218 60 84
56 219 36 60
56 220 60 84
56 221 36 60
56 222 60 84
56 223 36 60
56 224 60 68
56 225 36 52
56 226 60 68
56 227 36 52
56 228 60 68
56 229 36 52
56 230 60 68
56 231 36 52
56 232 72 88
56 233 44 68
56 234 72 88
56 235 44 68
56 236 72 88
56 237 44 68
56 238 72 88
56 239 44 68
56 240 72 88
56 241 44 68
56 242 72 88
56 243 44 68
56 244 72 88
56 245 44 68
56 246 72 88
56 247 44 68
56 248 60 84
56 249 36 60
56 250 60 84
56 251 36 60
56 252 60 84
56 253 36 60
56 254 60 84
56 255 36 60
56 256 113 146
56 257 72 120
56 258 113 146
56 259 72 120
56 260 113 146
56 261 72 120
56 262 113 146
56 263 72 120
56 264 96 136
56 265 60 104
56 266 96 136
56 267 60 104
56 268 96 136
56 269 60 104
56 270 96 136
56 271 60 104
56 272 96 136
56 273 60 104
56 274 96 136
56 275 60 104
56 276 96 136
56 277 60 104
56 278 96 136
56 279 60 104
56 280 113 178
56 281 72 136
56 282 113 178
56 283 72 136
56 284 113 178
56 285 72 136
56 286 113 178
56 287 72 136
56 288 113 146
56 289 72 120
56 290 113 146
56 291 72 120
56 292 113 146
56 293 72 120
56 294 113 146
56 295 72 120
56 296 96 136
56 297 60 104
56 298 96 136
56 299 60 104
56 300 96 136
56 301 60 104
56 302 96 136
56 303 60 104
56 304 96 136
56 305 60 104
56 306 96 136
56 307 60 104
56 308 96 136
56 309 60 104
56 310 96 136
56 311 60 104
56 312 113 178
56 313 72 136
56 314 113 178
56 315 72 136
56 316 113 178
56 317 72 136
56 318 113 178
56 319 72 136
56 320 96 136
56 321 60 104
56 322 96 136
56 323 60 104
56 324 96 136
56 325 60 104
56 326 96 136
56 327 60 104
56 328 113 178
56 329 72 136
56 330 113 178
56 331 72 136
56 332 113 178
56 333 72 136
56 334 113 178
56 335 72 136
56 336 113 178
56 337 72 136
56 338 113 178
56 339 72 136
56 340 113 178
56 341 72 136
56 342 113 178
56 343 72 136
56 344 96 168
56 345 60 120
56 346 96 168
56 347 60 120
56 348 96 168
56 349 60 120
56 350 96 168
56 351 60 120
56 352 96 136
56 353 60 104
56 354 96 136
56 355 60 104
56 356 96 136
56 357 60 104
56 358 96 136
56 359 60 104
56 360 113 178
56 361 72 136
56 362 113 178
56 363 72 136
56 364 113 178
56 365 72 136
56 366 113 178
56 367 72 136
56 368 113 178
56 369 72 136
56 370 113 178
56 371 72 136
56 372 113 178
56 373 72 136
56 374 113 178
56 375 72 136
56 376 96 168
56 377 60 120
56 378 96 168
56 379 60 120
56 380 96 168
56 381 60 120
56 382 96 168
56 383 60 120
56 384 113 146
56 385 72 120
56 386 113 146
56 387 72 120
56 388 113 146
56 389 72 120
56 390 113 146
56 391 72 120
56 392 96 136
56 393 60 104
56 394 96 136
56 395 60 104
56 396 96 136
56 397 60 104
56 398 96 136
56 399 60 104
56 400 96 136
56 401 60 104
56 402 96 136
56 403 60 104
56 404 96 136
56 405 60 104
56 406 96 136
56 407 60 104
56 408 113 178
56 409 72 136
56 410 113 178
56 411 72 136
56 412 113 178
56 413 72 136
56 414 113 178
56 415 72 136
56 416 113 146
56 417 72 120
56 418 113 146
56 419 72 120
56 420 113 146
56 421 72 120
56 422 113 146
56 423 72 120
56 424 96 136
56 425 60 104
56 426 96 136
56 427 60 104
56 428 96 136
56 429 60 104
56 430 96 136
56 431 60 104
56 432 96 136
56 433 60 104
56 434 96 136
56 435 60 104
56 436 96 136
56 437 60 104
56 438 96 136
56 439 60 104
56 440 113 178
56 441 72 136
56 442 113 178
56 443 72 136
56 444 113 178
56 445 72 136
56 446 113 178
56 447 72 136
56 448 96 136
56 449 60 104
56 450 96 136
56 451 60 104
56 452 96 136
56 453 60 104
56 454 96 136
56 455 60 104
56 456 113 178
56 457 72 136
56 458 113 178
56 459 72 136
56 460 113 178
56 461 72 136
56 462 113 178
56 463 72 136
56 464 113 178
56 465 72 136
56 466 113 178
56 467 72 136
56 468 113 178
56 469 72 136
56 470 113 178
56 471 72 136
56 472 96 168
56 473 60 120
56 474 96 168
56 475 60 120
56 476 96 168
56 477 60 120
56 478 96 168
56 479 60 120
56 480 96 136
56 481 60 104
56 482 96 136
56 483 60 104
56 484 96 136
56 485 60 104
56 486 96 136
56 487 60 104
56 488 113 178
56 489 72 136
56 490 113 178
56 491 72 136
56 492 113 178
56 493 72 136
56 494 113 178
56 495 72 136
56 496 113 178
56 497 72 136
56 498 113 178
56 499 72 136
56 500 113 178
56 501 72 136
56 502 113 178
56 503 72 136
56 504 96 168
56 505 60 120
56 506 96 168
56 507 60 120
56 508 96 168
56 509 60 120
56 510 96 168
56 511 60 120
56 512 44 60
56 513 26 42
56 514 44 60
56 515 26 42
56 516 44 60
56 517 26 42
56 518 44 60
56 519 26 42
56 520 36 52
56 521 21 35
56 522 36 52
56 523 21 35
56 524 36 52
56 525 21 35
56 526 36 52
56 527 21 35
56 528 36 52
56 529 21 35
56 530 36 52
56 531 21 35
56 532 36 52
56 533 21 35
56 534 36 52
56 535 21 35
56 536 44 68
56 537 26 46
56 538 44 68
56 539 26 46
56 540 44 68
56 541 26 46
56 542 44 68
56 543 26 46
56 544 44 60
56 545 26 42
56 546 44 60
56 547 26 42
56 548 44 60
56 549 26 42
56 550 44 60
56 551 26 42
56 552 36 52
56 553 21 35
56 554 36 52
56 555 21 35
56 556 36 52
56 557 21 35
56 558 36 52
56 559 21 35
56 560 36 52
56 561 21 35
56 562 36 52
56 563 21 35
56 564 36 52
56 565 21 35
56 566 36 52
56 567 21 35
56 568 44 68
56 569 26 46
56 570 44 68
56 571 26 46
56 572 44 68
56 573 26 46
56 574 44 68
56 575 26 46
56 576 36 52
56 577 21 35
56 578 36 52
56 579 21 35
56 580 36 52
56 581 21 35
56 582 36 52
56 583 21 35
56 584 44 68
56 585 26 46
56 586 44 68
56 587 26 46
56 588 44 68
56 589 26 46
56 590 44 68
56 591 26 46
56 592 44 68
56 593 26 46
56 594 44 68
56 595 26 46
56 596 44 68
56 597 26 46
56 598 44 68
56 599 26 46
56 600 36 60
56 601 21 39
56 602 36 60
56 603 21 39
56 604 36 60
56 605 21 39
56 606 36 60
56 607 21 39
56 608 36 52
56 609 21 35
56 610 36 52
56 611 21 35
56 612 36 52
56 613 21 35
56 614 36 52
56 615 21 35
56 616 44 68
56 617 26 46
56 618 44 68
56 619 26 46
56 620 44 68
56 621 26 46
56 622 44 68
56 623 26 46
56 624 44 68
56 625 26 46
56 626 44 68
56 627 26 46
56 628 44 68
56 629 26 46
56 630 44 68
56 631 26 46
56 632 36 60
56 633 21 39
56 634 36 60
56 635 21 39
56 636 36 60
56 637 21 39
56 638 36 60
56 639 21 39
56 640 44 60
56 641 26 42
56 642 44 60
56 643 26 42
56 644 44 60
56 645 26 42
56 646 44 60
56 647 26 42
56 648 36 52
56 649 21 35
56 650 36 52
56 651 21 35
56 652 36 52
56 653 21 35
56 654 36 52
56 655 21 35
56 656 36 52
56 657 21 35
56 658 36 52
56 659 21 35
56 660 36 52
56 661 21 35
56 662 36 52
56 663 21 35
56 664 44 68
56 665 26 46
56 666 44 68
56 667 26 46
56 668 44 68
56 669 26 46
56 670 44 68
56 671 26 46
56 672 44 60
56 673 26 42
56 674 44 60
56 675 26 42
56 676 44 60
56 677 26 42
56 678 44 60
56 679 26 42
56 680 36 52
56 681 21 35
56 682 36 52
56 683 21 35
56 684 36 52
56 685 21 35
56 686 36 52
56 687 21 35
56 688 36 52
56 689 21 35
56 690 36 52
56 691 21 35
56 692 36 52
56 693 21 35
56 694 36 52
56 695 21 35
56 696 44 68
56 697 26 46
56 698 44 68
56 699 26 46
56 700 44 68
56 701 26 46
56 702 44 68
56 703 26 46
56 704 36 52
56 705 21 35
56 706 36 52
56 707 21 35
56 708 36 52
56 709 21 35
56 710 36 52
56 711 21 35
56 712 44 68
56 713 26 46
56 714 44 68
56 715 26 46
56 716 44 68
56 717 26 46
56 718 44 68
56 719 26 46
56 720 44 68
56 721 26 46
56 722 44 68
56 723 26 46
56 724 44 68
56 725 26 46
56 726 44 68
56 727 26 46
56 728 36 60
56 729 21 39
56 730 36 60
56 731 21 39
56 732 36 60
56 733 21 39
56 734 36 60
56 735 21 39
56 736 36 52
56 737 21 35
56 738 36 52
56 739 21 35
56 740 36 52
56 741 21 35
56 742 36 52
56 743 21 35
56 744 44 68
56 745 26 46
56 746 44 68
56 747 26 46
56 748 44 68
56 749 26 46
56 750 44 68
56 751 26 46
56 752 44 68
56 753 26 46
56 754 44 68
56 755 26 46
56 756 44 68
56 757 26 46
56 758 44 68
56 759 26 46
56 760 36 60
56 761 21 39
56 762 36 60
56 763 21 39
56 764 36 60
56 765 21 39
56 766 36 60
56 767 21 39
56 768 72 120
56 769 44 84
56 770 72 120
56 771 44 84
56 772 72 120
56 773 44 84
56 774 72 120
56 775 44 84
56 776 60 104
56 777 36 70
56 778 60 104
56 779 36 70
56 780 60 104
56 781 36 70
56 782 60 104
56 783 36 70
56 784 60 104
56 785 36 70
56 786 60 104
56 787 36 70
56 788 60 104
56 789 36 70
56 790 60 104
56 791 36 70
56 792 72 136
56 793 44 92
56 794 72 136
56 795 44 92
56 796 72 136
56 797 44 92
56 798 72 136
56 799 44 92
56 800 72 120
56 801 44 84
56 802 72 120
56 803 44 84
56 804 72 120
56 805 44 84
56 806 72 120
56 807 44 84
56 808 60 104
56 809 36 70
56 810 60 104
56 811 36 70
56 812 60 104
56 813 36 70
56 814 60 104
56 815 36 70
56 816 60 104
56 817 36 70
56 818 60 104
56 819 36 70
56 820 60 104
56 821 36 70
56 822 60 104
56 823 36 70
56 824 72 136
56 825 44 92
56 826 72 136
56 827 44 92
56 828 72 136
56 829 44 92
56 830 72 136
56 831 44 92
56 832 60 104
56 833 36 70
56 834 60 104
56 835 36 70
56 836 60 104
56 837 36 70
56 838 60 104
56 839 36 70
56 840 72 136
56 841 44 92
56 842 72 136
56 843 44 92
56 844 72 136
56 845 44 92
56 846 72 136
56 847 44 92
56 848 72 136
56 849 44 92
56 850 72 136
56 851 44 92
56 852 72 136
56 853 44 92
56 854 72 136
56 855 44 92
56 856 60 120
56 857 36 78
56 858 60 120
56 859 36 78
56 860 60 120
56 861 36 78
56 862 60 120
56 863 36 78
56 864 60 104
56 865 36 70
56 866 60 104
56 867 36 70
56 868 60 104
56 869 36 70
56 870 60 104
56 871 36 70
56 872 72 136
56 873 44 92
56 874 72 136
56 875 44 92
56 876 72 136
56 877 44 92
56 878 72 136
56 879 44 92
56 880 72 136
56 881 44 92
56 882 72 136
56 883 44 92
56 884 72 136
56 885 44 92
56 886 72 136
56 887 44 92
56 888 60 120
56 889 36 78
56 890 60 120
56 891 36 78
56 892 60 120
56 893 36 78
56 894 60 120
56 895 36 78
56 896 72 120
56 897 44 84
56 898 72 120
56 899 44 84
56 900 72 120
56 901 44 84
56 902 72 120
56 903 44 84
56 904 60 104
56 905 36 70
56 906 60 104
56 907 36 70
56 908 60 104
56 909 36 70
56 910 60 104
56 911 36 70
56 912 60 104
56 913 36 70
56 914 60 104
56 915 36 70
56 916 60 104
56 917 36 70
56 918 60 104
56 919 36 70
56 920 72 136
56 921 44 92
56 922 72 136
56 923 44 92
56 924 72 136
56 925 44 92
56 926 72 136
56 927 44 92
56 928 72 120
56 929 44 84
56 930 72 120
56 931 44 84
56 932 72 120
56 933 44 84
56 934 72 120
56 935 44 84
56 936 60 104
56 937 36 70
56 938 60 104
56 939 36 70
56 940 60 104
56 941 36 70
56 942 60 104
56 943 36 70
56 944 60 104
56 945 36 70
56 946 60 104
56 947 36 70
56 948 60 104
56 949 36 70
56 950 60 104
56 951 36 70
56 952 72 136
56 953 44 92
56 954 72 136
56 955 44 92
56 956 72 136
56 957 44 92
56 958 72 136
56 959 44 92
56 960 60 104
56 961 36 70
56 962 60 104
56 963 36 70
56 964 60 104
56 965 36 70
56 966 60 104
56 967 36 70
56 968 72 136
56 969 44 92
56 970 72 136
56 971 44 92
56 972 72 136
56 973 44 92
56 974 72 136
56 975 44 92
56 976 72 136
56 977 44 92
56 978 72 136
56 979 44 92
56 980 72 136
56 981 44 92
56 982 72 136
56 983 44 92
56 984 60 120
56 985 36 78
56 986 60 120
56 987 36 78
56 988 60 120
56 989 36 78
56 990 60 120
56 991 36 78
56 992 60 104
56 993 36 70
56 994 60 104
56 995 36 70
56 996 60 104
56 997 36 70
56 998 60 104
56 999 36 70
56 1000 72 136
56 1001 44 92
56 1002 72 136
56 1003 44 92
56 1004 72 136
56 1005 44 92
56 1006 72 136
56 1007 44 92
56 1008 72 136
56 1009 44 92
56 1010 72 136
56 1011 44 92
56 1012 72 136
56 1013 44 92
56 1014 72 136
56 1015 44 92
56 1016 60 120
56 1017 36 78
56 1018 60 120
56 1019 36 78
56 1020 60 120
56 1021 36 78
56 1022 60 120
56 1023 36 78
57 0 250 251
57 1 222 255
57 2 222 239
57 3 218 259
57 4 250 251
57 5 222 255
57 6 222 239
57 7 218 259
57 8 209 257
57 9 187 243
57 10 193 249
57 11 183 251
57 12 209 257
57 13 187 243
57 14 193 249
57 15 183 251
57 16 229 273
57 17 261 341
57 18 227 283
57 19 269 373
57 20 229 273
57 21 261 341
57 22 227 283
57 23 269 373
57 24 175 247
57 25 185 273
57 26 171 251
57 27 179 279
57 28 175 247
57 29 185 273
57 30 171 251
57 31 179 279
57 32 285 341
57 33 291 387
57 34 243 323
57 35 251 363
57 36 285 341
57 37 291 387
57 38 243 323
57 39 251 363
57 40 215 299
57 41 237 349
57 42 193 289
57 43 219 347
57 44 215 299
57 45 237 349
57 46 193 289
57 47 219 347
57 48 227 307
57 49 291 423
57 50 253 361
57 51 317 501
57 52 227 307
57 53 291 423
57 54 253 361
57 55 317 501
57 56 165 253
57 57 203 327
57 58 181 293
57 59 225 389
57 60 165 253
57 61 203 327
57 62 181 293
57 63 225 389
57 64 213 256
57 65 205 280
57 66 199 246
57 67 203 282
57 68 213 256
57 69 205 280
57 70 199 246
57 71 203 282
57 72 180 259
57 73 183 276
57 74 169 250
57 75 179 278
57 76 180 259
57 77 183 276
57 78 169 250
57 79 179 278
57 80 247 337
57 81 302 473
57 82 238 334
57 83 291 468
57 84 247 337
57 85 302 473
57 86 238 334
57 87 291 468
57 88 187 303
57 89 229 403
57 90 171 283
57 91 206 372
57 92 187 303
57 93 229 403
57 94 171 283
57 95 206 372
57 96 201 287
57 97 209 323
57 98 177 267
57 99 185 299
57 100 201 287
57 101 209 323
57 102 177 267
57 103 185 299
57 104 157 253
57 105 183 309
57 106 141 239
57 107 169 299
57 108 157 253
57 109 183 309
57 110 141 239
57 111 169 299
57 112 193 301
57 113 257 441
57 114 201 327
57 115 255 457
57 116 193 301
57 117 257 441
57 118 201 327
57 119 255 457
57 120 143 251
57 121 191 359
57 122 139 251
57 123 185 359
57 124 143 251
57 125 191 359
57 126 139 251
57 127 185 359
57 128 285 340
57 129 289 384
57 130 241 320
57 131 249 360
57 132 285 340
57 133 289 384
57 134 241 320
57 135 249 360
57 136 217 304
57 137 239 354
57 138 193 292
57 139 219 350
57 140 217 304
57 141 239 354
57 142 193 292
57 143 219 350
57 144 229 312
57 145 293 428
57 146 255 366
57 147 317 504
57 148 229 312
57 149 293 428
57 150 255 366
57 151 317 504
57 152 167 258
57 153 205 332
57 154 183 298
57 155 227 394
57 156 167 258
57 157 205 332
57 158 183 298
57 159 227 394
57 160 410 560
57 161 465 712
57 162 343 530
57 163 369 616
57 164 410 560
57 165 465 712
57 166 343 530
57 167 369 616
57 168 291 451
57 169 372 632
57 170 256 437
57 171 329 602
57 172 291 451
57 173 372 632
57 174 256 437
57 175 329 602
57 176 305 461
57 177 427 707
57 178 375 615
57 179 480 877
57 180 305 461
57 181 427 707
57 182 375 615
57 183 480 877
57 184 213 359
57 185 293 533
57 186 261 479
57 187 359 719
57 188 213 359
57 189 293 533
57 190 261 479
57 191 359 719
57 192 199 284
57 193 207 320
57 194 175 264
57 195 183 296
57 196 199 284
57 197 207 320
57 198 175 264
57 199 183 296
57 200 155 250
57 201 181 306
57 202 139 236
57 203 167 296
57 204 155 250
57 205 181 306
57 206 139 236
57 207 167 296
57 208 193 304
57 209 255 438
57 210 201 330
57 211 253 454
57 212 193 304
57 213 255 438
57 214 201 330
57 215 253 454
57 216 143 254
57 217 191 362
57 218 139 254
57 219 185 362
57 220 143 254
57 221 191 362
57 222 139 254
57 223 185 362
57 224 257 420
57 225 293 512
57 226 217 380
57 227 233 428
57 228 257 420
57 229 293 512
57 230 217 380
57 231 233 428
57 232 185 330
57 233 245 468
57 234 161 306
57 235 215 430
57 236 185 330
57 237 245 468
57 238 161 306
57 239 215 430
57 240 207 360
57 241 299 564
57 242 243 452
57 243 313 626
57 244 207 360
57 245 299 564
57 246 243 452
57 247 313 626
57 248 148 283
57 249 214 437
57 250 164 331
57 251 236 511
57 252 148 283
57 253 214 437
57 254 164 331
57 255 236 511
58 0 524 524
58 1 300 376
58 2 552 624
58 3 318 438
58 4 524 524
58 5 300 376
58 6 552 624
58 7 318 438
58 8 476 524
58 9 272 364
58 10 492 612
58 11 282 414
58 12 476 524
58 13 272 364
58 14 492 612
58 15 282 414
58 16 540 604
58 17 310 422
58 18 536 672
58 19 308 456
58 20 540 604
58 21 310 422
58 22 536 672
58 23 308 456
58 24 524 628
58 25 300 428
58 26 536 720
58 27 308 480
58 28 524 628
58 29 300 428
58 30 536 720
58 31 308 480
58 32 488 520
58 33 278 362
58 34 532 636
58 35 306 438
58 36 488 520
58 37 278 362
58 38 532 636
58 39 306 438
58 40 544 624
58 41 312 432
58 42 544 712
58 43 312 476
58 44 544 624
58 45 312 432
58 46 544 712
58 47 312 476
58 48 480 552
58 49 274 378
58 50 504 640
58 51 290 434
58 52 480 552
58 53 274 378
58 54 504 640
58 55 290 434
58 56 568 712
58 57 326 482
58 58 576 808
58 59 332 536
58 60 568 712
58 61 326 482
58 62 576 808
58 63 332 536
58 64 548 596
58 65 314 418
58 66 568 720
58 67 326 486
58 68 548 596
58 69 314 418
58 70 568 720
58 71 326 486
58 72 528 624
58 73 302 426
58 74 516 692
58 75 296 460
58 76 528 624
58 77 302 426
58 78 516 692
58 79 296 460
58 80 484 580
58 81 278 398
58 82 500 668
58 83 288 448
58 84 484 580
58 85 278 398
58 86 500 668
58 87 288 448
58 88 528 696
58 89 302 462
58 90 540 796
58 91 312 524
58 92 528 696
58 93 302 462
58 94 540 796
58 95 312 524
58 96 568 648
58 97 324 444
58 98 580 764
58 99 332 508
58 100 568 648
58 101 324 444
58 102 580 764
58 103 332 508
58 104 500 628
58 105 286 422
58 106 480 688
58 107 274 446
58 108 500 628
58 109 286 422
58 110 480 688
58 111 274 446
58 112 536 672
58 113 308 456
58 114 540 756
58 115 312 504
58 116 536 672
58 117 308 456
58 118 540 756
58 119 312 504
58 120 492 668
58 121 282 442
58 122 484 740
58 123 278 478
58 124 492 668
58 125 282 442
58 126 484 740
58 127 278 478
58 128 544 584
58 129 312 412
58 130 556 668
58 131 320 460
58 132 544 584
58 133 312 412
58 134 556 668
58 135 320 460
58 136 568 672
58 137 326 462
58 138 572 772
58 139 328 512
58 140 568 672
58 141 326 462
58 142 572 772
58 143 328 512
58 144 512 616
58 145 292 416
58 146 548 724
58 147 316 488
58 148 512 616
58 149 292 416
58 150 548 724
58 151 316 488
58 152 472 616
58 153 270 410
58 154 472 688
58 155 270 446
58 156 472 616
58 157 270 410
58 158 472 688
58 159 270 446
58 160 516 588
58 161 296 408
58 162 520 664
58 163 298 446
58 164 516 588
58 165 296 408
58 166 520 664
58 167 298 446
58 168 596 732
58 169 342 498
58 170 608 840
58 171 350 558
58 172 596 732
58 173 342 498
58 174 608 840
58 175 350 558
58 176 476 588
58 177 272 396
58 178 492 668
58 179 282 442
58 180 476 588
58 181 272 396
58 182 492 668
58 183 282 442
58 184 508 692
58 185 290 454
58 186 528 792
58 187 304 516
58 188 508 692
58 189 290 454
58 190 528 792
58 191 304 516
58 192 480 576
58 193 274 390
58 194 496 664
58 195 284 440
58 196 480 576
58 197 274 390
58 198 496 664
58 199 284 440
58 200 540 684
58 201 310 462
58 202 544 776
58 203 314 514
58 204 540 684
58 205 310 462
58 206 544 776
58 207 314 514
58 208 496 640
58 209 282 422
58 210 508 740
58 211 290 478
58 212 496 640
58 213 282 422
58 214 508 740
58 215 290 478
58 216 524 724
58 217 300 476
58 218 496 776
58 219 284 496
58 220 524 724
58 221 300 476
58 222 496 776
58 223 284 496
58 224 556 684
58 225 320 468
58 226 572 788
58 227 330 526
58 228 556 684
58 229 320 468
58 230 572 788
58 231 330 526
58 232 504 680
58 233 288 448
58 234 524 788
58 235 302 514
58 236 504 680
58 237 288 448
58 238 524 788
58 239 302 514
58 240 556 740
58 241 318 490
58 242 564 844
58 243 324 548
58 244 556 740
58 245 318 490
58 246 564 844
58 247 324 548
58 248 464 672
58 249 264 432
58 250 464 744
58 251 266 474
58 252 464 672
58 253 264 432
58 254 464 744
58 255 266 474
58 256 493 594
58 257 287 419
58 258 441 566
58 259 258 396
58 260 493 594
58 261 287 419
58 262 441 566
58 263 258 396
58 264 461 602
58 265 269 417
58 266 421 582
58 267 247 401
58 268 461 602
58 269 269 417
58 270 421 582
58 271 247 401
58 272 520 708
58 273 303 483
58 274 448 636
58 275 262 432
58 276 520 708
58 277 303 483
58 278 448 636
58 279 262 432
58 280 509 734
58 281 298 498
58 282 457 694
58 283 269 469
58 284 509 734
58 285 298 498
58 286 457 694
58 287 269 469
58 288 448 572
58 289 258 388
58 290 416 572
58 291 241 385
58 292 448 572
58 293 258 388
58 294 416 572
58 295 241 385
58 296 512 700
58 297 298 476
58 298 452 660
58 299 264 444
58 300 512 700
58 301 298 476
58 302 452 660
58 303 264 444
58 304 464 640
58 305 269 431
58 306 420 604
58 307 245 407
58 308 464 640
58 309 269 431
58 310 420 604
58 311 245 407
58 312 549 826
58 313 322 556
58 314 485 766
58 315 286 514
58 316 549 826
58 317 322 556
58 318 485 766
58 319 286 514
58 320 497 646
58 321 289 445
58 322 465 654
58 323 272 446
58 324 497 646
58 325 289 445
58 326 465 654
58 327 272 446
58 328 501 702
58 329 292 476
58 330 425 630
58 331 249 425
58 332 501 702
58 333 292 476
58 334 425 630
58 335 249 425
58 336 481 698
58 337 282 474
58 338 437 662
58 339 258 450
58 340 481 698
58 341 282 474
58 342 437 662
58 343 258 450
58 344 512 816
58 345 298 534
58 346 432 724
58 347 253 473
58 348 512 816
58 349 298 534
58 350 432 724
58 351 253 473
58 352 524 712
58 353 304 482
58 354 472 692
58 355 275 463
58 356 524 712
58 357 304 482
58 358 472 692
58 359 275 463
58 360 456 680
58 361 263 445
58 362 384 612
58 363 222 396
58 364 456 680
58 365 263 445
58 366 384 612
58 367 222 396
58 368 537 814
58 369 316 550
58 370 465 734
58 371 275 495
58 372 537 814
58 373 316 550
58 374 465 734
58 375 275 495
58 376 472 772
58 377 274 500
58 378 388 668
58 379 226 430
58 380 472 772
58 381 274 500
58 382 388 668
58 383 226 430
58 384 541 698
58 385 318 492
58 386 489 662
58 387 289 465
58 388 541 698
58 389 318 492
58 390 489 662
58 391 289 465
58 392 536 760
58 393 313 515
58 394 488 740
58 395 286 496
58 396 536 760
58 397 313 515
58 398 488 740
58 399 286 496
58 400 472 692
58 401 272 454
58 402 416 636
58 403 241 417
58 404 472 692
58 405 272 454
58 406 416 636
58 407 241 417
58 408 440 692
58 409 254 448
58 410 380 628
58 411 220 404
58 412 440 692
58 413 254 448
58 414 380 628
58 415 220 404
58 416 496 676
58 417 289 461
58 418 448 644
58 419 262 436
58 420 496 676
58 421 289 461
58 422 448 644
58 423 262 436
58 424 581 854
58 425 342 582
58 426 529 830
58 427 313 561
58 428 581 854
58 429 342 582
58 430 529 830
58 431 313 561
58 432 432 648
58 433 248 420
58 434 372 580
58 435 214 374
58 436 432 648
58 437 248 420
58 438 372 580
58 439 214 374
58 440 480 784
58 441 278 506
58 442 424 724
58 443 247 467
58 444 480 784
58 445 278 506
58 446 424 724
58 447 247 467
58 448 484 692
58 449 283 469
58 450 444 668
58 451 261 451
58 452 484 692
58 453 283 469
58 454 444 668
58 455 261 451
58 456 533 806
58 457 313 543
58 458 457 726
58 459 270 488
58 460 533 806
58 461 313 543
58 462 457 726
58 463 270 488
58 464 452 704
58 465 260 454
58 466 400 660
58 467 231 423
58 468 452 704
58 469 260 454
58 470 400 660
58 471 231 423
58 472 480 800
58 473 277 511
58 474 384 676
58 475 222 428
58 476 480 800
58 477 277 511
58 478 384 676
58 479 222 428
58 480 553 818
58 481 326 558
58 482 509 798
58 483 302 542
58 484 553 818
58 485 326 558
58 486 509 798
58 487 302 542
58 488 488 784
58 489 284 512
58 490 432 732
58 491 253 477
58 492 488 784
58 493 284 512
58 494 432 732
58 495 253 477
58 496 508 820
58 497 294 530
58 498 444 756
58 499 258 486
58 500 508 820
58 501 294 530
58 502 444 756
58 503 258 486
58 504 424 732
58 505 243 459
58 506 356 644
58 507 205 403
58 508 424 732
58 509 243 459
58 510 356 644
58 511 205 403
58 512 713 834
58 513 412 584
58 514 873 1154
58 515 510 798
58 516 713 834
58 517 412 584
58 518 873 1154
58 519 510 798
58 520 640 816
58 521 368 552
58 522 752 1096
58 523 434 722
58 524 640 816
58 525 368 552
58 526 752 1096
58 527 434 722
58 528 717 926
58 529 416 636
58 530 828 1212
58 531 482 810
58 532 717 926
58 533 416 636
58 534 828 1212
58 535 482 810
58 536 700 960
58 537 403 639
58 538 820 1280
58 539 475 835
58 540 700 960
58 541 403 639
58 542 820 1280
58 543 475 835
58 544 676 836
58 545 390 574
58 546 845 1174
58 547 494 802
58 548 676 836
58 549 390 574
58 550 845 1174
58 551 494 802
58 552 741 990
58 553 430 674
58 554 844 1284
58 555 490 846
58 556 741 990
58 557 430 674
58 558 844 1284
58 559 490 846
58 560 640 844
58 561 369 569
58 562 777 1158
58 563 453 773
58 564 640 844
58 565 369 569
58 566 777 1158
58 567 453 773
58 568 761 1090
58 569 440 724
58 570 889 1450
58 571 518 946
58 572 761 1090
58 573 440 724
58 574 889 1450
58 575 518 946
58 576 769 970
58 577 446 670
58 578 880 1312
58 579 510 866
58 580 769 970
58 581 446 670
58 582 880 1312
58 583 510 866
58 584 712 976
58 585 410 650
58 586 808 1264
58 587 468 824
58 588 712 976
58 589 410 650
58 590 808 1264
58 591 468 824
58 592 637 866
58 593 369 585
58 594 756 1176
58 595 439 771
58 596 637 866
58 597 369 585
58 598 756 1176
58 599 439 771
58 600 700 1044
58 601 404 684
58 602 861 1470
58 603 506 962
58 604 700 1044
58 605 404 684
58 606 861 1470
58 607 506 962
58 608 788 1036
58 609 454 698
58 610 908 1388
58 611 526 910
58 612 788 1036
58 613 454 698
58 614 908 1388
58 615 526 910
58 616 693 1006
58 617 402 670
58 618 764 1260
58 619 442 810
58 620 693 1006
58 621 402 670
58 622 764 1260
58 623 442 810
58 624 696 992
58 625 402 658
58 626 825 1346
58 627 482 882
58 628 696 992
58 629 402 658
58 630 825 1346
58 631 482 882
58 632 657 1014
58 633 381 665
58 634 776 1364
58 635 453 877
58 636 657 1014
58 637 381 665
58 638 776 1364
58 639 453 877
58 640 712 888
58 641 410 606
58 642 832 1176
58 643 482 786
58 644 712 888
58 645 410 606
58 646 832 1176
58 647 482 786
58 648 777 1062
58 649 451 719
58 650 872 1364
58 651 505 889
58 652 777 1062
58 653 451 719
58 654 872 1364
58 655 505 889
58 656 700 956
58 657 404 640
58 658 885 1358
58 659 520 912
58 660 700 956
58 661 404 640
58 662 885 1358
58 663 520 912
58 664 645 958
58 665 374 634
58 666 748 1252
58 667 434 806
58 668 645 958
58 669 374 634
58 670 748 1252
58 671 434 806
58 672 693 918
58 673 402 626
58 674 788 1172
58 675 456 772
58 676 693 918
58 677 402 626
58 678 788 1172
58 679 456 772
58 680 796 1128
58 681 459 747
58 682 916 1464
58 683 531 951
58 684 796 1128
58 685 459 747
58 686 916 1464
58 687 531 951
58 688 657 926
58 689 381 621
58 690 800 1252
58 691 467 827
58 692 657 926
58 693 381 621
58 694 800 1252
58 695 467 827
58 696 688 1060
58 697 397 689
58 698 833 1446
58 699 487 935
58 700 688 1060
58 701 397 689
58 702 833 1446
58 703 487 935
58 704 632 860
58 705 363 571
58 706 744 1148
58 707 429 745
58 708 632 860
58 709 363 571
58 710 744 1148
58 711 429 745
58 712 713 1034
58 713 412 684
58 714 849 1410
58 715 496 920
58 716 713 1034
58 717 412 684
58 718 849 1410
58 719 496 920
58 720 692 1004
58 721 398 658
58 722 812 1356
58 723 470 870
58 724 692 1004
58 725 398 658
58 726 812 1356
58 727 470 870
58 728 717 1126
58 729 416 736
58 730 804 1444
58 731 468 920
58 732 717 1126
58 733 416 736
58 734 804 1444
58 735 468 920
58 736 733 1034
58 737 425 693
58 738 852 1360
58 739 495 887
58 740 733 1034
58 741 425 693
58 742 852 1360
58 743 495 887
58 744 676 1036
58 745 390 674
58 746 821 1430
58 747 480 924
58 748 676 1036
58 749 390 674
58 750 821 1430
58 751 480 924
58 752 769 1158
58 753 445 761
58 754 897 1550
58 755 523 999
58 756 769 1158
58 757 445 761
58 758 897 1550
58 759 523 999
58 760 640 1044
58 761 369 669
58 762 753 1390
58 763 439 883
58 764 640 1044
58 765 369 669
58 766 753 1390
58 767 439 883
58 768 524 744
58 769 300 486
58 770 552 848
58 771 318 550
58 772 524 744
58 773 300 486
58 774 552 848
58 775 318 550
58 776 476 720
58 777 272 462
58 778 492 808
58 779 282 512
58 780 476 720
58 781 272 462
58 782 492 808
58 783 282 512
58 784 540 840
58 785 310 540
58 786 536 888
58 787 308 564
58 788 540 840
58 789 310 540
58 790 536 888
58 791 308 564
58 792 524 848
58 793 300 538
58 794 536 936
58 795 308 588
58 796 524 848
58 797 300 538
58 798 536 936
58 799 308 588
58 800 488 720
58 801 278 462
58 802 532 856
58 803 306 548
58 804 488 720
58 805 278 462
58 806 532 856
58 807 306 548
58 808 544 856
58 809 312 548
58 810 544 928
58 811 312 584
58 812 544 856
58 813 312 548
58 814 544 928
58 815 312 584
58 816 480 752
58 817 274 478
58 818 504 848
58 819 290 538
58 820 480 752
58 821 274 478
58 822 504 848
58 823 290 538
58 824 568 952
58 825 326 602
58 826 576 1040
58 827 332 652
58 828 568 952
58 829 326 602
58 830 576 1040
58 831 332 652
58 832 548 824
58 833 314 532
58 834 568 952
58 835 326 602
58 836 548 824
58 837 314 532
58 838 568 952
58 839 326 602
58 840 528 848
58 841 302 538
58 842 516 896
58 843 296 562
58 844 528 848
58 845 302 538
58 846 516 896
58 847 296 562
58 848 484 784
58 849 278 500
58 850 500 872
58 851 288 550
58 852 484 784
58 853 278 500
58 854 500 872
58 855 288 550
58 856 528 920
58 857 302 574
58 858 540 1016
58 859 312 634
58 860 528 920
58 861 302 574
58 862 540 1016
58 863 312 634
58 864 568 880
58 865 324 560
58 866 580 992
58 867 332 622
58 868 568 880
58 869 324 560
58 870 580 992
58 871 332 622
58 872 500 840
58 873 286 528
58 874 480 872
58 875 274 538
58 876 500 840
58 877 286 528
58 878 480 872
58 879 274 538
58 880 536 904
58 881 308 572
58 882 540 976
58 883 312 614
58 884 536 904
58 885 308 572
58 886 540 976
58 887 312 614
58 888 492 880
58 889 282 548
58 890 484 928
58 891 278 572
58 892 492 880
58 893 282 548
58 894 484 928
58 895 278 572
58 896 544 816
58 897 312 528
58 898 556 896
58 899 320 574
58 900 544 816
58 901 312 528
58 902 556 896
58 903 320 574
58 904 568 912
58 905 326 582
58 906 572 1000
58 907 328 626
58 908 568 912
58 909 326 582
58 910 572 1000
58 911 328 626
58 912 512 832
58 913 292 524
58 914 548 952
58 915 316 602
58 916 512 832
58 917 292 524
58 918 548 952
58 919 316 602
58 920 472 816
58 921 270 510
58 922 472 872
58 923 270 538
58 924 472 816
58 925 270 510
58 926 472 872
58 927 270 538
58 928 516 808
58 929 296 518
58 930 520 872
58 931 298 550
58 932 516 808
58 933 296 518
58 934 520 872
58 935 298 550
58 936 596 984
58 937 342 624
58 938 608 1088
58 939 350 682
58 940 596 984
58 941 342 624
58 942 608 1088
58 943 350 682
58 944 476 792
58 945 272 498
58 946 492 864
58 947 282 540
58 948 476 792
58 949 272 498
58 950 492 864
58 951 282 540
58 952 508 904
58 953 290 560
58 954 528 1008
58 955 304 624
58 956 508 904
58 957 290 560
58 958 528 1008
58 959 304 624
58 960 480 768
58 961 274 486
58 962 496 856
58 963 284 536
58 964 480 768
58 965 274 486
58 966 496 856
58 967 284 536
58 968 540 912
58 969 310 576
58 970 544 992
58 971 314 622
58 972 540 912
58 973 310 576
58 974 544 992
58 975 314 622
58 976 496 840
58 977 282 522
58 978 508 936
58 979 290 576
58 980 496 840
58 981 282 522
58 982 508 936
58 983 290 576
58 984 524 952
58 985 300 590
58 986 496 968
58 987 284 592
58 988 524 952
58 989 300 590
58 990 496 968
58 991 284 592
58 992 556 920
58 993 320 586
58 994 572 1024
58 995 330 644
58 996 556 920
58 997 320 586
58 998 572 1024
58 999 330 644
58 1000 504 888
58 1001 288 552
58 1002 524 1000
58 1003 302 620
58 1004 504 888
58 1005 288 552
58 1006 524 1000
58 1007 302 620
58 1008 556 976
58 1009 318 608
58 1010 564 1072
58 1011 324 662
58 1012 556 976
58 1013 318 608
58 1014 564 1072
58 1015 324 662
58 1016 464 864
58 1017 264 528
58 1018 464 928
58 1019 266 566
58 1020 464 864
58 1021 264 528
58 1022 464 928
58 1023 266 566
59 0 0 0
59 1 0 0
59 2 0 0
59 3 0 0
59 4 0 0
59 5 0 0
59 6 0 0
59 7 0 0
59 8 0 0
59 9 0 0
59 10 0 0
59 11 0 0
59 12 0 0
59 13 0 0
59 14 0 0
59 15 0 0
59 16 0 0
59 17 0 0
59 18 0 0
59 19 0 0
59 20 0 0
59 21 0 0
59 22 0 0
59 23 0 0
59 24 0 0
59 25 0 0
59 26 0 0
59 27 0 0
59 28 0 0
59 29 0 0
59 30 0 0
59 31 0 0
59 32 0 0
59 33 0 0
59 34 0 0
59 35 0 0
59 36 0 0
59 37 0 0
59 38 0 0
59 39 0 0
59 40 0 0
59 41 0 0
59 42 0 0
59 43 0 0
59 44 0 0
59 45 0 0
59 46 0 0
59 47 0 0
59 48 0 0
59 49 0 0
59 50 0 0
59 51 0 0
59 52 0 0
59 53 0 0
59 54 0 0
59 55 0 0
59 56 0 0
59 57 0 0
59 58 0 0
59 59 0 0
59 60 0 0
59 61 0 0
59 62 0 0
59 63 0 0
59 64 0 0
59 65 0 0
59 66 0 0
59 67 0 0
59 68 0 0
59 69 0 0
59 70 0 0
59 71 0 0
59 72 0 0
59 73 0 0
59 74 0 0
59 75 0 0
59 76 0 0
59 77 0 0
59 78 0 0
59 79 0 0
59 80 0 0
59 81 0 0
59 82 0 0
59 83 0 0
59 84 0 0
59 85 0 0
59 86 0 0
59 87 0 0
59 88 0 0
59 89 0 0
59 90 0 0
59 91 0 0
59 92 0 0
59 93 0 0
59 94 0 0
59 95 0 0
59 96 0 0
59 97 0 0
59 98 0 0
59 99 0 0
59 100 0 0
59 101 0 0
59 102 0 0
59 103 0 0
59 104 0 0
59 105 0 0
59 106 0 0
59 107 0 0
59 108 0 0
59 109 0 0
59 110 0 0
59 111 0 0
59 112 0 0
59 113 0 0
59 114 0 0
59 115 0 0
59 116 0 0
59 117 0 0
59 118 0 0
59 119 0 0
59 120 0 0
59 121 0 0
59 122 0 0
59 123 0 0
59 124 0 0
59 125 0 0
59 126 0 0
59 127 0 0
59 128 0 0
59 129 0 0
59 130 0 0
59 131 0 0
59 132 0 0
59 133 0 0
59 134 0 0
59 135 0 0
59 136 0 0
59 137 0 0
59 138 0 0
59 139 0 0
59 140 0 0
59 141 0 0
59 142 0 0
59 143 0 0
59 144 0 0
59 145 0 0
59 146 0 0
59 147 0 0
59 148 0 0
59 149 0 0
59 150 0 0
59 151 0 0
59 152 0 0
59 153 0 0
59 154 0 0
59 155 0 0
59 156 0 0
59 157 0 0
59 158 0 0
59 159 0 0
59 160 0 0
59 161 0 0
59 162 0 0
59 163 0 0
59 164 0 0
59 165 0 0
59 166 0 0
59 167 0 0
59 168 0 0
59 169 0 0
59 170 0 0
59 171 0 0
59 172 0 0
59 173 0 0
59 174 0 0
59 175 0 0
59 176 0 0
59 177 0 0
59 178 0 0
59 179 0 0
59 180 0 0
59 181 0 0
59 182 0 0
59 183 0 0
59 184 0 0
59 185 0 0
59 186 0 0
59 187 0 0
59 188 0 0
59 189 0 0
59 190 0 0
59 191 0 0
59 192 0 0
59 193 0 0
59 194 0 0
59 195 0 0
59 196 0 0
59 197 0 0
59 198 0 0
59 199 0 0
59 200 0 0
59 201 0 0
59 202 0 0
59 203 0 0
59 204 0 0
59 205 0 0
59 206 0 0
59 207 0 0
59 208 0 0
59 209 0 0
59 210 0 0
59 211 0 0
59 212 0 0
59 213 0 0
59 214 0 0
59 215 0 0
59 216 0 0
59 217 0 0
59 218 0 0
59 219 0 0
59 220 0 0
59 221 0 0
59 222 0 0
59 223 0 0
59 224 0 0
59 225 0 0
59 226 0 0
59 227 0 0
59 228 0 0
59 229 0 0
59 230 0 0
59 231 0 0
59 232 0 0
59 233 0 0
59 234 0 0
59 235 0 0
59 236 0 0
59 237 0 0
59 238 0 0
59 239 0 0
59 240 0 0
59 241 0 0
59 242 0 0
59 243 0 0
59 244 0 0
59 245 0 0
59 246 0 0
59 247 0 0
59 248 0 0
59 249 0 0
59 250 0 0
59 251 0 0
59 252 0 0
59 253 0 0
59 254 0 0
59 255 0 0
59 256 0 0
59 257 0 0
59 258 0 0
59 259 0 0
59 260 0 0
59 261 0 0
59 262 0 0
59 263 0 0
59 264 0 0
59 265 0 0
59 266 0 0
59 267 0 0
59 268 0 0
59 269 0 0
59 270 0 0
59 271 0 0
59 272 0 0
59 273 0 0
59 274 0 0
59 275 0 0
59 276 0 0
59 277 0 0
59 278 0 0
59 279 0 0
59 280 0 0
59 281 0 0
59 282 0 0
59 283 0 0
59 284 0 0
59 285 0 0
59 286 0 0
59 287 0 0
59 288 0 0
59 289 0 0
59 290 0 0
59 291 0 0
59 292 0 0
59 293 0 0
59 294 0 0
59 295 0 0
59 296 0 0
59 297 0 0
59 298 0 0
59 299 0 0
59 300 0 0
59 301 0 0
59 302 0 0
59 303 0 0
59 304 0 0
59 305 0 0
59 306 0 0
59 307 0 0
59 308 0 0
59 309 0 0
59 310 0 0
59 311 0 0
59 312 0 0
59 313 0 0
59 314 0 0
59 315 0 0
59 316 0 0
59 317 0 0
59 318 0 0
59 319 0 0
59 320 0 0
59 321 0 0
59 322 0 0
59 323 0 0
59 324 0 0
59 325 0 0
59 326 0 0
59 327 0 0
59 328 0 0
59 329 0 0
59 330 0 0
59 331 0 0
59 332 0 0
59 333 0 0
59 334 0 0
59 335 0 0
59 336 0 0
59 337 0 0
59 338 0 0
59 339 0 0
59 340 0 0
59 341 0 0
59 342 0 0
59 343 0 0
59 344 0 0
59 345 0 0
59 346 0 0
59 347 0 0
59 348 0 0
59 349 0 0
59 350 0 0
59 351 0 0
59 352 0 0
59 353 0 0
59 354 0 0
59 355 0 0
59 356 0 0
59 357 0 0
59 358 0 0
59 359 0 0
59 360 0 0
59 361 0 0
59 362 0 0
59 363 0 0
59 364 0 0
59 365 0 0
59 366 0 0
59 367 0 0
59 368 0 0
59 369 0 0
59 370 0 0
59 371 0 0
59 372 0 0
59 373 0 0
59 374 0 0
59 375 0 0
59 376 0 0
59 377 0 0
59 378 0 0
59 379 0 0
59 380 0 0
59 381 0 0
59 382 0 0
59 383 0 0
59 384 0 0
59 385 0 0
59 386 0 0
59 387 0 0
59 388 0 0
59 389 0 0
59 390 0 0
59 391 0 0
59 392 0 0
59 393 0 0
59 394 0 0
59 395 0 0
59 396 0 0
59 397 0 0
59 398 0 0
59 399 0 0
59 400 0 0
59 401 0 0
59 402 0 0
59 403 0 0
59 404 0 0
59 405 0 0
59 406 0 0
59 407 0 0
59 408 0 0
59 409 0 0
59 410 0 0
59 411 0 0
59 412 0 0
59 413 0 0
59 414 0 0
59 415 0 0
59 416 0 0
59 417 0 0
59 418 0 0
59 419 0 0
59 420 0 0
59 421 0 0
59 422 0 0
59 423 0 0
59 424 0 0
59 425 0 0
59 426 0 0
59 427 0 0
59 428 0 0
59 429 0 0
59 430 0 0
59 431 0 0
59 432 0 0
59 433 0 0
59 434 0 0
59 435 0 0
59 436 0 0
59 437 0 0
59 438 0 0
59 439 0 0
59 440 0 0
59 441 0 0
59 442 0 0
59 443 0 0
59 444 0 0
59 445 0 0
59 446 0 0
59 447 0 0
59 448 0 0
59 449 0 0
59 450 0 0
59 451 0 0
59 452 0 0
59 453 0 0
59 454 0 0
59 455 0 0
59 456 0 0
59 457 0 0
59 458 0 0
59 459 0 0
59 460 0 0
59 461 0 0
59 462 0 0
59 463 0 0
59 464 0 0
59 465 0 0
59 466 0 0
59 467 0 0
59 468 0 0
59 469 0 0
59 470 0 0
59 471 0 0
59 472 0 0
59 473 0 0
59 474 0 0
59 475 0 0
59 476 0 0
59 477 0 0
59 478 0 0
59 479 0 0
59 480 0 0
59 481 0 0
59 482 0 0
59 483 0 0
59 484 0 0
59 485 0 0
59 486 0 0
59 487 0 0
59 488 0 0
59 489 0 0
59 490 0 0
59 491 0 0
59 492 0 0
59 493 0 0
59 494 0 0
59 495 0 0
59 496 0 0
59 497 0 0
59 498 0 0
59 499 0 0
59 500 0 0
59 501 0 0
59 502 0 0
59 503 0 0
59 504 0 0
59 505 0 0
59 506 0 0
59 507 0 0
59 508 0 0
59 509 0 0
59 510 0 0
59 511 0 0
59 512 0 0
59 513 0 0
59 514 0 0
59 515 0 0
59 516 0 0
59 517 0 0
59 518 0 0
59 519 0 0
59 520 0 0
59 521 0 0
59 522 0 0
59 523 0 0
59 524 0 0
59 525 0 0
59 526 0 0
59 527 0 0
59 528 0 0
59 529 0 0
59 530 0 0
59 531 0 0
59 532 0 0
59 533 0 0
59 534 0 0
59 535 0 0
59 536 0 0
59 537 0 0
59 538 0 0
59 539 0 0
59 540 0 0
59 541 0 0
59 542 0 0
59 543 0 0
59 544 0 0
59 545 0 0
59 546 0 0
59 547 0 0
59 548 0 0
59 549 0 0
59 550 0 0
59 551 0 0
59 552 0 0
59 553 0 0
59 554 0 0
59 555 0 0
59 556 0 0
59 557 0 0
59 558 0 0
59 559 0 0
59 560 0 0
59 561 0 0
59 562 0 0
59 563 0 0
59 564 0 0
59 565 0 0
59 566 0 0
59 567 0 0
59 568 0 0
59 569 0 0
59 570 0 0
59 571 0 0
59 572 0 0
59 573 0 0
59 574 0 0
59 575 0 0
59 576 0 0
59 577 0 0
59 578 0 0
59 579 0 0
59 580 0 0
59 581 0 0
59 582 0 0
59 583 0 0
59 584 0 0
59 585 0 0
59 586 0 0
59 587 0 0
59 588 0 0
59 589 0 0
59 590 0 0
59 591 0 0
59 592 0 0
59 593 0 0
59 594 0 0
59 595 0 0
59 596 0 0
59 597 0 0
59 598 0 0
59 599 0 0
59 600 0 0
59 601 0 0
59 602 0 0
59 603 0 0
59 604 0 0
59 605 0 0
59 606 0 0
59 607 0 0
59 608 0 0
59 609 0 0
59 610 0 0
59 611 0 0
59 612 0 0
59 613 0 0
59 614 0 0
59 615 0 0
59 616 0 0
59 617 0 0
59 618 0 0
59 619 0 0
59 620 0 0
59 621 0 0
59 622 0 0
59 623 0 0
59 624 0 0
59 625 0 0
59 626 0 0
59 627 0 0
59 628 0 0
59 629 0 0
59 630 0 0
59 631 0 0
59 632 0 0
59 633 0 0
59 634 0 0
59 635 0 0
59 636 0 0
59 637 0 0
59 638 0 0
59 639 0 0
59 640 0 0
59 641 0 0
59 642 0 0
59 643 0 0
59 644 0 0
59 645 0 0
59 646 0 0
59 647 0 0
59 648 0 0
59 649 0 0
59 650 0 0
59 651 0 0
59 652 0 0
59 653 0 0
59 654 0 0
59 655 0 0
59 656 0 0
59 657 0 0
59 658 0 0
59 659 0 0
59 660 0 0
59 661 0 0
59 662 0 0
59 663 0 0
59 664 0 0
59 665 0 0
59 666 0 0
59 667 0 0
59 668 0 0
59 669 0 0
59 670 0 0
59 671 0 0
59 672 0 0
59 673 0 0
59 674 0 0
59 675 0 0
59 676 0 0
59 677 0 0
59 678 0 0
59 679 0 0
59 680 0 0
59 681 0 0
59 682 0 0
59 683 0 0
59 684 0 0
59 685 0 0
59 686 0 0
59 687 0 0
59 688 0 0
59 689 0 0
59 690 0 0
59 691 0 0
59 692 0 0
59 693 0 0
59 694 0 0
59 695 0 0
59 696 0 0
59 697 0 0
59 698 0 0
59 699 0 0
59 700 0 0
59 701 0 0
59 702 0 0
59 703 0 0
59 704 0 0
59 705 0 0
59 706 0 0
59 707 0 0
59 708 0 0
59 709 0 0
59 710 0 0
59 711 0 0
59 712 0 0
59 713 0 0
59 714 0 0
59 715 0 0
59 716 0 0
59 717 0 0
59 718 0 0
59 719 0 0
59 720 0 0
59 721 0 0
59 722 0 0
59 723 0 0
59 724 0 0
59 725 0 0
59 726 0 0
59 727 0 0
59 728 0 0
59 729 0 0
59 730 0 0
59 731 0 0
59 732 0 0
59 733 0 0
59 734 0 0
59 735 0 0
59 736 0 0
59 737 0 0
59 738 0 0
59 739 0 0
59 740 0 0
59 741 0 0
59 742 0 0
59 743 0 0
59 744 0 0
59 745 0 0
59 746 0 0
59 747 0 0
59 748 0 0
59 749 0 0
59 750 0 0
59 751 0 0
59 752 0 0
59 753 0 0
59 754 0 0
59 755 0 0
59 756 0 0
59 757 0 0
59 758 0 0
59 759 0 0
59 760 0 0
59 761 0 0
59 762 0 0
59 763 0 0
59 764 0 0
59 765 0 0
59 766 0 0
59 767 0 0
59 768 0 0
59 769 0 0
59 770 0 0
59 771 0 0
59 772 0 0
59 773 0 0
59 774 0 0
59 775 0 0
59 776 0 0
59 777 0 0
59 778 0 0
59 779 0 0
59 780 0 0
59 781 0 0
59 782 0 0
59 783 0 0
59 784 0 0
59 785 0 0
59 786 0 0
59 787 0 0
59 788 0 0
59 789 0 0
59 790 0 0
59 791 0 0
59 792 0 0
59 793 0 0
59 794 0 0
59 795 0 0
59 796 0 0
59 797 0 0
59 798 0 0
59 799 0 0
59 800 0 0
59 801 0 0
59 802 0 0
59 803 0 0
59 804 0 0
59 805 0 0
59 806 0 0
59 807 0 0
59 808 0 0
59 809 0 0
59 810 0 0
59 811 0 0
59 812 0 0
59 813 0 0
59 814 0 0
59 815 0 0
59 816 0 0
59 817 0 0
59 818 0 0
59 819 0 0
59 820 0 0
59 821 0 0
59 822 0 0
59 823 0 0
59 824 0 0
59 825 0 0
59 826 0 0
59 827 0 0
59 828 0 0
59 829 0 0
59 830 0 0
59 831 0 0
59 832 0 0
59 833 0 0
59 834 0 0
59 835 0 0
59 836 0 0
59 837 0 0
59 838 0 0
59 839 0 0
59 840 0 0
59 841 0 0
59 842 0 0
59 843 0 0
59 844 0 0
59 845 0 0
59 846 0 0
59 847 0 0
59 848 0 0
59 849 0 0
59 850 0 0
59 851 0 0
59 852 0 0
59 853 0 0
59 854 0 0
59 855 0 0
59 856 0 0
59 857 0 0
59 858 0 0
59 859 0 0
59 860 0 0
59 861 0 0
59 862 0 0
59 863 0 0
59 864 0 0
59 865 0 0
59 866 0 0
59 867 0 0
59 868 0 0
59 869 0 0
59 870 0 0
59 871 0 0
59 872 0 0
59 873 0 0
59 874 0 0
59 875 0 0
59 876 0 0
59 877 0 0
59 878 0 0
59 879 0 0
59 880 0 0
59 881 0 0
59 882 0 0
59 883 0 0
59 884 0 0
59 885 0 0
59 886 0 0
59 887 0 0
59 888 0 0
59 889 0 0
59 890 0 0
59 891 0 0
59 892 0 0
59 893 0 0
59 894 0 0
59 895 0 0
59 896 0 0
59 897 0 0
59 898 0 0
59 899 0 0
59 900 0 0
59 901 0 0
59 902 0 0
59 903 0 0
59 904 0 0
59 905 0 0
59 906 0 0
59 907 0 0
59 908 0 0
59 909 0 0
59 910 0 0
59 911 0 0
59 912 0 0
59 913 0 0
59 914 0 0
59 915 0 0
59 916 0 0
59 917 0 0
59 918 0 0
59 919 0 0
59 920 0 0
59 921 0 0
59 922 0 0
59 923 0 0
59 924 0 0
59 925 0 0
59 926 0 0
59 927 0 0
59 928 0 0
59 929 0 0
59 930 0 0
59 931 0 0
59 932 0 0
59 933 0 0
59 934 0 0
59 935 0 0
59 936 0 0
59 937 0 0
59 938 0 0
59 939 0 0
59 940 0 0
59 941 0 0
59 942 0 0
59 943 0 0
59 944 0 0
59 945 0 0
59 946 0 0
59 947 0 0
59 948 0 0
59 949 0 0
59 950 0 0
59 951 0 0
59 952 0 0
59 953 0 0
59 954 0 0
59 955 0 0
59 956 0 0
59 957 0 0
59 958 0 0
59 959 0 0
59 960 0 0
59 961 0 0
59 962 0 0
59 963 0 0
59 964 0 0
59 965 0 0
59 966 0 0
59 967 0 0
59 968 0 0
59 969 0 0
59 970 0 0
59 971 0 0
59 972 0 0
59 973 0 0
59 974 0 0
59 975 0 0
59 976 0 0
59 977 0 0
59 978 0 0
59 979 0 0
59 980 0 0
59 981 0 0
59 982 0 0
59 983 0 0
59 984 0 0
59 985 0 0
59 986 0 0
59 987 0 0
59 988 0 0
59 989 0 0
59 990 0 0
59 991 0 0
59 992 0 0
59 993 0 0
59 994 0 0
59 995 0 0
59 996 0 0
59 997 0 0
59 998 0 0
59 999 0 0
59 1000 0 0
59 1001 0 0
59 1002 0 0
59 1003 0 0
59 1004 0 0
59 1005 0 0
59 1006 0 0
59 1007 0 0
59 1008 0 0
59 1009 0 0
59 1010 0 0
59 1011 0 0
59 1012 0 0
59 1013 0 0
59 1014 0 0
59 1015 0 0
59 1016 0 0
59 1017 0 0
59 1018 0 0
59 1019 0 0
59 1020 0 0
59 1021 0 0
59 1022 0 0
59 1023 0 0
59 1024 0 0
59 1025 0 0
59 1026 0 0
59 1027 0 0
59 1028 0 0
59 1029 0 0
59 1030 0 0
59 1031 0 0
59 1032 0 0
59 1033 0 0
59 1034 0 0
59 1035 0 0
59 1036 0 0
59 1037 0 0
59 1038 0 0
59 1039 0 0
59 1040 0 0
59 1041 0 0
59 1042 0 0
59 1043 0 0
59 1044 0 0
59 1045 0 0
59 1046 0 0
59 1047 0 0
59 1048 0 0
59 1049 0 0
59 1050 0 0
59 1051 0 0
59 1052 0 0
59 1053 0 0
59 1054 0 0
59 1055 0 0
59 1056 0 0
59 1057 0 0
59 1058 0 0
59 1059 0 0
59 1060 0 0
59 1061 0 0
59 1062 0 0
59 1063 0 0
59 1064 0 0
59 1065 0 0
59 1066 0 0
59 1067 0 0
59 1068 0 0
59 1069 0 0
59 1070 0 0
59 1071 0 0
59 1072 0 0
59 1073 0 0
59 1074 0 0
59 1075 0 0
59 1076 0 0
59 1077 0 0
59 1078 0 0
59 1079 0 0
59 1080 0 0
59 1081 0 0
59 1082 0 0
59 1083 0 0
59 1084 0 0
59 1085 0 0
59 1086 0 0
59 1087 0 0
59 1088 0 0
59 1089 0 0
59 1090 0 0
59 1091 0 0
59 1092 0 0
59 1093 0 0
59 1094 0 0
59 1095 0 0
59 1096 0 0
59 1097 0 0
59 1098 0 0
59 1099 0 0
59 1100 0 0
59 1101 0 0
59 1102 0 0
59 1103 0 0
59 1104 0 0
59 1105 0 0
59 1106 0 0
59 1107 0 0
59 1108 0 0
59 1109 0 0
59 1110 0 0
59 1111 0 0
59 1112 0 0
59 1113 0 0
59 1114 0 0
59 1115 0 0
59 1116 0 0
59 1117 0 0
59 1118 0 0
59 1119 0 0
59 1120 0 0
59 1121 0 0
59 1122 0 0
59 1123 0 0
59 1124 0 0
59 1125 0 0
59 1126 0 0
59 1127 0 0
59 1128 0 0
59 1129 0 0
59 1130 0 0
59 1131 0 0
59 1132 0 0
59 1133 0 0
59 1134 0 0
59 1135 0 0
59 1136 0 0
59 1137 0 0
59 1138 0 0
59 1139 0 0
59 1140 0 0
59 1141 0 0
59 1142 0 0
59 1143 0 0
59 1144 0 0
59 1145 0 0
59 1146 0 0
59 1147 0 0
59 1148 0 0
59 1149 0 0
59 1150 0 0
59 1151 0 0
59 1152 0 0
59 1153 0 0
59 1154 0 0
59 1155 0 0
59 1156 0 0
59 1157 0 0
59 1158 0 0
59 1159 0 0
59 1160 0 0
59 1161 0 0
59 1162 0 0
59 1163 0 0
59 1164 0 0
59 1165 0 0
59 1166 0 0
59 1167 0 0
59 1168 0 0
59 1169 0 0
59 1170 0 0
59 1171 0 0
59 1172 0 0
59 1173 0 0
59 1174 0 0
59 1175 0 0
59 1176 0 0
59 1177 0 0
59 1178 0 0
59 1179 0 0
59 1180 0 0
59 1181 0 0
59 1182 0 0
59 1183 0 0
59 1184 0 0
59 1185 0 0
59 1186 0 0
59 1187 0 0
59 1188 0 0
59 1189 0 0
59 1190 0 0
59 1191 0 0
59 1192 0 0
59 1193 0 0
59 1194 0 0
59 1195 0 0
59 1196 0 0
59 1197 0 0
59 1198 0 0
59 1199 0 0
59 1200 0 0
59 1201 0 0
59 1202 0 0
59 1203 0 0
59 1204 0 0
59 1205 0 0
59 1206 0 0
59 1207 0 0
59 1208 0 0
59 1209 0 0
59 1210 0 0
59 1211 0 0
59 1212 0 0
59 1213 0 0
59 1214 0 0
59 1215 0 0
59 1216 0 0
59 1217 0 0
59 1218 0 0
59 1219 0 0
59 1220 0 0
59 1221 0 0
59 1222 0 0
59 1223 0 0
59 1224 0 0
59 1225 0 0
59 1226 0 0
59 1227 0 0
59 1228 0 0
59 1229 0 0
59 1230 0 0
59 1231 0 0
59 1232 0 0
59 1233 0 0
59 1234 0 0
59 1235 0 0
59 1236 0 0
59 1237 0 0
59 1238 0 0
59 1239 0 0
59 1240 0 0
59 1241 0 0
59 1242 0 0
59 1243 0 0
59 1244 0 0
59 1245 0 0
59 1246 0 0
59 1247 0 0
59 1248 0 0
59 1249 0 0
59 1250 0 0
59 1251 0 0
59 1252 0 0
59 1253 0 0
59 1254 0 0
59 1255 0 0
59 1256 0 0
59 1257 0 0
59 1258 0 0
59 1259 0 0
59 1260 0 0
59 1261 0 0
59 1262 0 0
59 1263 0 0
59 1264 0 0
59 1265 0 0
59 1266 0 0
59 1267 0 0
59 1268 0 0
59 1269 0 0
59 1270 0 0
59 1271 0 0
59 1272 0 0
59 1273 0 0
59 1274 0 0
59 1275 0 0
59 1276 0 0
59 1277 0 0
59 1278 0 0
59 1279 0 0
59 1280 0 0
59 1281 0 0
59 1282 0 0
59 1283 0 0
59 1284 0 0
59 1285 0 0
59 1286 0 0
59 1287 0 0
59 1288 0 0
59 1289 0 0
59 1290 0 0
59 1291 0 0
59 1292 0 0
59 1293 0 0
59 1294 0 0
59 1295 0 0
59 1296 0 0
59 1297 0 0
59 1298 0 0
59 1299 0 0
59 1300 0 0
59 1301 0 0
59 1302 0 0
59 1303 0 0
59 1304 0 0
59 1305 0 0
59 1306 0 0
59 1307 0 0
59 1308 0 0
59 1309 0 0
59 1310 0 0
59 1311 0 0
59 1312 0 0
59 1313 0 0
59 1314 0 0
59 1315 0 0
59 1316 0 0
59 1317 0 0
59 1318 0 0
59 1319 0 0
59 1320 0 0
59 1321 0 0
59 1322 0 0
59 1323 0 0
59 1324 0 0
59 1325 0 0
59 1326 0 0
59 1327 0 0
59 1328 0 0
59 1329 0 0
59 1330 0 0
59 1331 0 0
59 1332 0 0
59 1333 0 0
59 1334 0 0
59 1335 0 0
59 1336 0 0
59 1337 0 0
59 1338 0 0
59 1339 0 0
59 1340 0 0
59 1341 0 0
59 1342 0 0
59 1343 0 0
59 1344 0 0
59 1345 0 0
59 1346 0 0
59 1347 0 0
59 1348 0 0
59 1349 0 0
59 1350 0 0
59 1351 0 0
59 1352 0 0
59 1353 0 0
59 1354 0 0
59 1355 0 0
59 1356 0 0
59 1357 0 0
59 1358 0 0
59 1359 0 0
59 1360 0 0
59 1361 0 0
59 1362 0 0
59 1363 0 0
59 1364 0 0
59 1365 0 0
59 1366 0 0
59 1367 0 0
59 1368 0 0
59 1369 0 0
59 1370 0 0
59 1371 0 0
59 1372 0 0
59 1373 0 0
59 1374 0 0
59 1375 0 0
59 1376 0 0
59 1377 0 0
59 1378 0 0
59 1379 0 0
59 1380 0 0
59 1381 0 0
59 1382 0 0
59 1383 0 0
59 1384 0 0
59 1385 0 0
59 1386 0 0
59 1387 0 0
59 1388 0 0
59 1389 0 0
59 1390 0 0
59 1391 0 0
59 1392 0 0
59 1393 0 0
59 1394 0 0
59 1395 0 0
59 1396 0 0
59 1397 0 0
59 1398 0 0
59 1399 0 0
59 1400 0 0
59 1401 0 0
59 1402 0 0
59 1403 0 0
59 1404 0 0
59 1405 0 0
59 1406 0 0
59 1407 0 0
59 1408 0 0
59 1409 0 0
59 1410 0 0
59 1411 0 0
59 1412 0 0
59 1413 0 0
59 1414 0 0
59 1415 0 0
59 1416 0 0
59 1417 0 0
59 1418 0 0
59 1419 0 0
59 1420 0 0
59 1421 0 0
59 1422 0 0
59 1423 0 0
59 1424 0 0
59 1425 0 0
59 1426 0 0
59 1427 0 0
59 1428 0 0
59 1429 0 0
59 1430 0 0
59 1431 0 0
59 1432 0 0
59 1433 0 0
59 1434 0 0
59 1435 0 0
59 1436 0 0
59 1437 0 0
59 1438 0 0
59 1439 0 0
59 1440 0 0
59 1441 0 0
59 1442 0 0
59 1443 0 0
59 1444 0 0
59 1445 0 0
59 1446 0 0
59 1447 0 0
59 1448 0 0
59 1449 0 0
59 1450 0 0
59 1451 0 0
59 1452 0 0
59 1453 0 0
59 1454 0 0
59 1455 0 0
59 1456 0 0
59 1457 0 0
59 1458 0 0
59 1459 0 0
59 1460 0 0
59 1461 0 0
59 1462 0 0
59 1463 0 0
59 1464 0 0
59 1465 0 0
59 1466 0 0
59 1467 0 0
59 1468 0 0
59 1469 0 0
59 1470 0 0
59 1471 0 0
59 1472 0 0
59 1473 0 0
59 1474 0 0
59 1475 0 0
59 1476 0 0
59 1477 0 0
59 1478 0 0
59 1479 0 0
59 1480 0 0
59 1481 0 0
59 1482 0 0
59 1483 0 0
59 1484 0 0
59 1485 0 0
59 1486 0 0
59 1487 0 0
59 1488 0 0
59 1489 0 0
59 1490 0 0
59 1491 0 0
59 1492 0 0
59 1493 0 0
59 1494 0 0
59 1495 0 0
59 1496 0 0
59 1497 0 0
59 1498 0 0
59 1499 0 0
59 1500 0 0
59 1501 0 0
59 1502 0 0
59 1503 0 0
59 1504 0 0
59 1505 0 0
59 1506 0 0
59 1507 0 0
59 1508 0 0
59 1509 0 0
59 1510 0 0
59 1511 0 0
59 1512 0 0
59 1513 0 0
59 1514 0 0
59 1515 0 0
59 1516 0 0
59 1517 0 0
59 1518 0 0
59 1519 0 0
59 1520 0 0
59 1521 0 0
59 1522 0 0
59 1523 0 0
59 1524 0 0
59 1525 0 0
59 1526 0 0
59 1527 0 0
59 1528 0 0
59 1529 0 0
59 1530 0 0
59 1531 0 0
59 1532 0 0
59 1533 0 0
59 1534 0 0
59 1535 0 0
59 1536 0 0
59 1537 0 0
59 1538 0 0
59 1539 0 0
59 1540 0 0
59 1541 0 0
59 1542 0 0
59 1543 0 0
59 1544 0 0
59 1545 0 0
59 1546 0 0
59 1547 0 0
59 1548 0 0
59 1549 0 0
59 1550 0 0
59 1551 0 0
59 1552 0 0
59 1553 0 0
59 1554 0 0
59 1555 0 0
59 1556 0 0
59 1557 0 0
59 1558 0 0
59 1559 0 0
59 1560 0 0
59 1561 0 0
59 1562 0 0
59 1563 0 0
59 1564 0 0
59 1565 0 0
59 1566 0 0
59 1567 0 0
59 1568 0 0
59 1569 0 0
59 1570 0 0
59 1571 0 0
59 1572 0 0
59 1573 0 0
59 1574 0 0
59 1575 0 0
59 1576 0 0
59 1577 0 0
59 1578 0 0
59 1579 0 0
59 1580 0 0
59 1581 0 0
59 1582 0 0
59 1583 0 0
59 1584 0 0
59 1585 0 0
59 1586 0 0
59 1587 0 0
59 1588 0 0
59 1589 0 0
59 1590 0 0
59 1591 0 0
59 1592 0 0
59 1593 0 0
59 1594 0 0
59 1595 0 0
59 1596 0 0
59 1597 0 0
59 1598 0 0
59 1599 0 0
59 1600 0 0
59 1601 0 0
59 1602 0 0
59 1603 0 0
59 1604 0 0
59 1605 0 0
59 1606 0 0
59 1607 0 0
59 1608 0 0
59 1609 0 0
59 1610 0 0
59 1611 0 0
59 1612 0 0
59 1613 0 0
59 1614 0 0
59 1615 0 0
59 1616 0 0
59 1617 0 0
59 1618 0 0
59 1619 0 0
59 1620 0 0
59 1621 0 0
59 1622 0 0
59 1623 0 0
59 1624 0 0
59 1625 0 0
59 1626 0 0
59 1627 0 0
59 1628 0 0
59 1629 0 0
59 1630 0 0
59 1631 0 0
59 1632 0 0
59 1633 0 0
59 1634 0 0
59 1635 0 0
59 1636 0 0
59 1637 0 0
59 1638 0 0
59 1639 0 0
59 1640 0 0
59 1641 0 0
59 1642 0 0
59 1643 0 0
59 1644 0 0
59 1645 0 0
59 1646 0 0
59 1647 0 0
59 1648 0 0
59 1649 0 0
59 1650 0 0
59 1651 0 0
59 1652 0 0
59 1653 0 0
59 1654 0 0
59 1655 0 0
59 1656 0 0
59 1657 0 0
59 1658 0 0
59 1659 0 0
59 1660 0 0
59 1661 0 0
59 1662 0 0
59 1663 0 0
59 1664 0 0
59 1665 0 0
59 1666 0 0
59 1667 0 0
59 1668 0 0
59 1669 0 0
59 1670 0 0
59 1671 0 0
59 1672 0 0
59 1673 0 0
59 1674 0 0
59 1675 0 0
59 1676 0 0
59 1677 0 0
59 1678 0 0
59 1679 0 0
59 1680 0 0
59 1681 0 0
59 1682 0 0
59 1683 0 0
59 1684 0 0
59 1685 0 0
59 1686 0 0
59 1687 0 0
59 1688 0 0
59 1689 0 0
59 1690 0 0
59 1691 0 0
59 1692 0 0
59 1693 0 0
59 1694 0 0
59 1695 0 0
59 1696 0 0
59 1697 0 0
59 1698 0 0
59 1699 0 0
59 1700 0 0
59 1701 0 0
59 1702 0 0
59 1703 0 0
59 1704 0 0
59 1705 0 0
59 1706 0 0
59 1707 0 0
59 1708 0 0
59 1709 0 0
59 1710 0 0
59 1711 0 0
59 1712 0 0
59 1713 0 0
59 1714 0 0
59 1715 0 0
59 1716 0 0
59 1717 0 0
59 1718 0 0
59 1719 0 0
59 1720 0 0
59 1721 0 0
59 1722 0 0
59 1723 0 0
59 1724 0 0
59 1725 0 0
59 1726 0 0
59 1727 0 0
59 1728 0 0
59 1729 0 0
59 1730 0 0
59 1731 0 0
59 1732 0 0
59 1733 0 0
59 1734 0 0
59 1735 0 0
59 1736 0 0
59 1737 0 0
59 1738 0 0
59 1739 0 0
59 1740 0 0
59 1741 0 0
59 1742 0 0
59 1743 0 0
59 1744 0 0
59 1745 0 0
59 1746 0 0
59 1747 0 0
59 1748 0 0
59 1749 0 0
59 1750 0 0
59 1751 0 0
59 1752 0 0
59 1753 0 0
59 1754 0 0
59 1755 0 0
59 1756 0 0
59 1757 0 0
59 1758 0 0
59 1759 0 0
59 1760 0 0
59 1761 0 0
59 1762 0 0
59 1763 0 0
59 1764 0 0
59 1765 0 0
59 1766 0 0
59 1767 0 0
59 1768 0 0
59 1769 0 0
59 1770 0 0
59 1771 0 0
59 1772 0 0
59 1773 0 0
59 1774 0 0
59 1775 0 0
59 1776 0 0
59 1777 0 0
59 1778 0 0
59 1779 0 0
59 1780 0 0
59 1781 0 0
59 1782 0 0
59 1783 0 0
59 1784 0 0
59 1785 0 0
59 1786 0 0
59 1787 0 0
59 1788 0 0
59 1789 0 0
59 1790 0 0
59 1791 0 0
59 1792 0 0
59 1793 0 0
59 1794 0 0
59 1795 0 0
59 1796 0 0
59 1797 0 0
59 1798 0 0
59 1799 0 0
59 1800 0 0
59 1801 0 0
59 1802 0 0
59 1803 0 0
59 1804 0 0
59 1805 0 0
59 1806 0 0
59 1807 0 0
59 1808 0 0
59 1809 0 0
59 1810 0 0
59 1811 0 0
59 1812 0 0
59 1813 0 0
59 1814 0 0
59 1815 0 0
59 1816 0 0
59 1817 0 0
59 1818 0 0
59 1819 0 0
59 1820 0 0
59 1821 0 0
59 1822 0 0
59 1823 0 0
59 1824 0 0
59 1825 0 0
59 1826 0 0
59 1827 0 0
59 1828 0 0
59 1829 0 0
59 1830 0 0
59 1831 0 0
59 1832 0 0
59 1833 0 0
59 1834 0 0
59 1835 0 0
59 1836 0 0
59 1837 0 0
59 1838 0 0
59 1839 0 0
59 1840 0 0
59 1841 0 0
59 1842 0 0
59 1843 0 0
59 1844 0 0
59 1845 0 0
59 1846 0 0
59 1847 0 0
59 1848 0 0
59 1849 0 0
59 1850 0 0
59 1851 0 0
59 1852 0 0
59 1853 0 0
59 1854 0 0
59 1855 0 0
59 1856 0 0
59 1857 0 0
59 1858 0 0
59 1859 0 0
59 1860 0 0
59 1861 0 0
59 1862 0 0
59 1863 0 0
59 1864 0 0
59 1865 0 0
59 1866 0 0
59 1867 0 0
59 1868 0 0
59 1869 0 0
59 1870 0 0
59 1871 0 0
59 1872 0 0
59 1873 0 0
59 1874 0 0
59 1875 0 0
59 1876 0 0
59 1877 0 0
59 1878 0 0
59 1879 0 0
59 1880 0 0
59 1881 0 0
59 1882 0 0
59 1883 0 0
59 1884 0 0
59 1885 0 0
59 1886 0 0
59 1887 0 0
59 1888 0 0
59 1889 0 0
59 1890 0 0
59 1891 0 0
59 1892 0 0
59 1893 0 0
59 1894 0 0
59 1895 0 0
59 1896 0 0
59 1897 0 0
59 1898 0 0
59 1899 0 0
59 1900 0 0
59 1901 0 0
59 1902 0 0
59 1903 0 0
59 1904 0 0
59 1905 0 0
59 1906 0 0
59 1907 0 0
59 1908 0 0
59 1909 0 0
59 1910 0 0
59 1911 0 0
59 1912 0 0
59 1913 0 0
59 1914 0 0
59 1915 0 0
59 1916 0 0
59 1917 0 0
59 1918 0 0
59 1919 0 0
59 1920 0 0
59 1921 0 0
59 1922 0 0
59 1923 0 0
59 1924 0 0
59 1925 0 0
59 1926 0 0
59 1927 0 0
59 1928 0 0
59 1929 0 0
59 1930 0 0
59 1931 0 0
59 1932 0 0
59 1933 0 0
59 1934 0 0
59 1935 0 0
59 1936 0 0
59 1937 0 0
59 1938 0 0
59 1939 0 0
59 1940 0 0
59 1941 0 0
59 1942 0 0
59 1943 0 0
59 1944 0 0
59 1945 0 0
59 1946 0 0
59 1947 0 0
59 1948 0 0
59 1949 0 0
59 1950 0 0
59 1951 0 0
59 1952 0 0
59 1953 0 0
59 1954 0 0
59 1955 0 0
59 1956 0 0
59 1957 0 0
59 1958 0 0
59 1959 0 0
59 1960 0 0
59 1961 0 0
59 1962 0 0
59 1963 0 0
59 1964 0 0
59 1965 0 0
59 1966 0 0
59 1967 0 0
59 1968 0 0
59 1969 0 0
59 1970 0 0
59 1971 0 0
59 1972 0 0
59 1973 0 0
59 1974 0 0
59 1975 0 0
59 1976 0 0
59 1977 0 0
59 1978 0 0
59 1979 0 0
59 1980 0 0
59 1981 0 0
59 1982 0 0
59 1983 0 0
59 1984 0 0
59 1985 0 0
59 1986 0 0
59 1987 0 0
59 1988 0 0
59 1989 0 0
59 1990 0 0
59 1991 0 0
59 1992 0 0
59 1993 0 0
59 1994 0 0
59 1995 0 0
59 1996 0 0
59 1997 0 0
59 1998 0 0
59 1999 0 0
59 2000 0 0
59 2001 0 0
59 2002 0 0
59 2003 0 0
59 2004 0 0
59 2005 0 0
59 2006 0 0
59 2007 0 0
59 2008 0 0
59 2009 0 0
59 2010 0 0
59 2011 0 0
59 2012 0 0
59 2013 0 0
59 2014 0 0
59 2015 0 0
59 2016 0 0
59 2017 0 0
59 2018 0 0
59 2019 0 0
59 2020 0 0
59 2021 0 0
59 2022 0 0
59 2023 0 0
59 2024 0 0
59 2025 0 0
59 2026 0 0
59 2027 0 0
59 2028 0 0
59 2029 0 0
59 2030 0 0
59 2031 0 0
59 2032 0 0
59 2033 0 0
59 2034 0 0
59 2035 0 0
59 2036 0 0
59 2037 0 0
59 2038 0 0
59 2039 0 0
59 2040 0 0
59 2041 0 0
59 2042 0 0
59 2043 0 0
59 2044 0 0
59 2045 0 0
59 2046 0 0
59 2047 0 0
60 0 0 0
60 1 0 0
60 2 0 0
60 3 0 0
60 4 0 0
60 5 0 0
60 6 0 0
60 7 0 0
60 8 0 0
60 9 0 0
60 10 0 0
60 11 0 0
60 12 0 0
60 13 0 0
60 14 0 0
60 15 0 0
60 16 0 0
60 17 0 0
60 18 0 0
60 19 0 0
60 20 0 0
60 21 0 0
60 22 0 0
60 23 0 0
60 24 0 0
60 25 0 0
60 26 0 0
60 27 0 0
60 28 0 0
60 29 0 0
60 30 0 0
60 31 0 0
60 32 0 0
60 33 0 0
60 34 0 0
60 35 0 0
60 36 0 0
60 37 0 0
60 38 0 0
60 39 0 0
60 40 0 0
60 41 0 0
60 42 0 0
60 43 0 0
60 44 0 0
60 45 0 0
60 46 0 0
60 47 0 0
60 48 0 0
60 49 0 0
60 50 0 0
60 51 0 0
60 52 0 0
60 53 0 0
60 54 0 0
60 55 0 0
60 56 0 0
60 57 0 0
60 58 0 0
60 59 0 0
60 60 0 0
60 61 0 0
60 62 0 0
60 63 0 0
60 64 0 0
60 65 0 0
60 66 0 0
60 67 0 0
60 68 0 0
60 69 0 0
60 70 0 0
60 71 0 0
60 72 0 0
60 73 0 0
60 74 0 0
60 75 0 0
60 76 0 0
60 77 0 0
60 78 0 0
60 79 0 0
60 80 0 0
60 81 0 0
60 82 0 0
60 83 0 0
60 84 0 0
60 85 0 0
60 86 0 0
60 87 0 0
60 88 0 0
60 89 0 0
60 90 0 0
60 91 0 0
60 92 0 0
60 93 0 0
60 94 0 0
60 95 0 0
60 96 0 0
60 97 0 0
60 98 0 0
60 99 0 0
60 100 0 0
60 101 0 0
60 102 0 0
60 103 0 0
60 104 0 0
60 105 0 0
60 106 0 0
60 107 0 0
60 108 0 0
60 109 0 0
60 110 0 0
60 111 0 0
60 112 0 0
60 113 0 0
60 114 0 0
60 115 0 0
60 116 0 0
60 117 0 0
60 118 0 0
60 119 0 0
60 120 0 0
60 121 0 0
60 122 0 0
60 123 0 0
60 124 0 0
60 125 0 0
60 126 0 0
60 127 0 0
60 128 0 0
60 129 0 0
60 130 0 0
60 131 0 0
60 132 0 0
60 133 0 0
60 134 0 0
60 135 0 0
60 136 0 0
60 137 0 0
60 138 0 0
60 139 0 0
60 140 0 0
60 141 0 0
60 142 0 0
60 143 0 0
60 144 0 0
60 145 0 0
60 146 0 0
60 147 0 0
60 148 0 0
60 149 0 0
60 150 0 0
60 151 0 0
60 152 0 0
60 153 0 0
60 154 0 0
60 155 0 0
60 156 0 0
60 157 0 0
60 158 0 0
60 159 0 0
60 160 0 0
60 161 0 0
60 162 0 0
60 163 0 0
60 164 0 0
60 165 0 0
60 166 0 0
60 167 0 0
60 168 0 0
60 169 0 0
60 170 0 0
60 171 0 0
60 172 0 0
60 173 0 0
60 174 0 0
60 175 0 0
60 176 0 0
60 177 0 0
60 178 0 0
60 179 0 0
60 180 0 0
60 181 0 0
60 182 0 0
60 183 0 0
60 184 0 0
60 185 0 0
60 186 0 0
60 187 0 0
60 188 0 0
60 189 0 0
60 190 0 0
60 191 0 0
60 192 0 0
60 193 0 0
60 194 0 0
60 195 0 0
60 196 0 0
60 197 0 0
60 198 0 0
60 199 0 0
60 200 0 0
60 201 0 0
60 202 0 0
60 203 0 0
60 204 0 0
60 205 0 0
60 206 0 0
60 207 0 0
60 208 0 0
60 209 0 0
60 210 0 0
60 211 0 0
60 212 0 0
60 213 0 0
60 214 0 0
60 215 0 0
60 216 0 0
60 217 0 0
60 218 0 0
60 219 0 0
60 220 0 0
60 221 0 0
60 222 0 0
60 223 0 0
60 224 0 0
60 225 0 0
60 226 0 0
60 227 0 0
60 228 0 0
60 229 0 0
60 230 0 0
60 231 0 0
60 232 0 0
60 233 0 0
60 234 0 0
60 235 0 0
60 236 0 0
60 237 0 0
60 238 0 0
60 239 0 0
60 240 0 0
60 241 0 0
60 242 0 0
60 243 0 0
60 244 0 0
60 245 0 0
60 246 0 0
60 247 0 0
60 248 0 0
60 249 0 0
60 250 0 0
60 251 0 0
60 252 0 0
60 253 0 0
60 254 0 0
60 255 0 0
60 256 0 0
60 257 0 0
60 258 0 0
60 259 0 0
60 260 0 0
60 261 0 0
60 262 0 0
60 263 0 0
60 264 0 0
60 265 0 0
60 266 0 0
60 267 0 0
60 268 0 0
60 269 0 0
60 270 0 0
60 271 0 0
60 272 0 0
60 273 0 0
60 274 0 0
60 275 0 0
60 276 0 0
60 277 0 0
60 278 0 0
60 279 0 0
60 280 0 0
60 281 0 0
60 282 0 0
60 283 0 0
60 284 0 0
60 285 0 0
60 286 0 0
60 287 0 0
60 288 0 0
60 289 0 0
60 290 0 0
60 291 0 0
60 292 0 0
60 293 0 0
60 294 0 0
60 295 0 0
60 296 0 0
60 297 0 0
60 298 0 0
60 299 0 0
60 300 0 0
60 301 0 0
60 302 0 0
60 303 0 0
60 304 0 0
60 305 0 0
60 306 0 0
60 307 0 0
60 308 0 0
60 309 0 0
60 310 0 0
60 311 0 0
60 312 0 0
60 313 0 0
60 314 0 0
60 315 0 0
60 316 0 0
60 317 0 0
60 318 0 0
60 319 0 0
60 320 0 0
60 321 0 0
60 322 0 0
60 323 0 0
60 324 0 0
60 325 0 0
60 326 0 0
60 327 0 0
60 328 0 0
60 329 0 0
60 330 0 0
60 331 0 0
60 332 0 0
60 333 0 0
60 334 0 0
60 335 0 0
60 336 0 0
60 337 0 0
60 338 0 0
60 339 0 0
60 340 0 0
60 341 0 0
60 342 0 0
60 343 0 0
60 344 0 0
60 345 0 0
60 346 0 0
60 347 0 0
60 348 0 0
60 349 0 0
60 350 0 0
60 351 0 0
60 352 0 0
60 353 0 0
60 354 0 0
60 355 0 0
60 356 0 0
60 357 0 0
60 358 0 0
60 359 0 0
60 360 0 0
60 361 0 0
60 362 0 0
60 363 0 0
60 364 0 0
60 365 0 0
60 366 0 0
60 367 0 0
60 368 0 0
60 369 0 0
60 370 0 0
60 371 0 0
60 372 0 0
60 373 0 0
60 374 0 0
60 375 0 0
60 376 0 0
60 377 0 0
60 378 0 0
60 379 0 0
60 380 0 0
60 381 0 0
60 382 0 0
60 383 0 0
60 384 0 0
60 385 0 0
60 386 0 0
60 387 0 0
60 388 0 0
60 389 0 0
60 390 0 0
60 391 0 0
60 392 0 0
60 393 0 0
60 394 0 0
60 395 0 0
60 396 0 0
60 397 0 0
60 398 0 0
60 399 0 0
60 400 0 0
60 401 0 0
60 402 0 0
60 403 0 0
60 404 0 0
60 405 0 0
60 406 0 0
60 407 0 0
60 408 0 0
60 409 0 0
60 410 0 0
60 411 0 0
60 412 0 0
60 413 0 0
60 414 0 0
60 415 0 0
60 416 0 0
60 417 0 0
60 418 0 0
60 419 0 0
60 420 0 0
60 421 0 0
60 422 0 0
60 423 0 0
60 424 0 0
60 425 0 0
60 426 0 0
60 427 0 0
60 428 0 0
60 429 0 0
60 430 0 0
60 431 0 0
60 432 0 0
60 433 0 0
60 434 0 0
60 435 0 0
60 436 0 0
60 437 0 0
60 438 0 0
60 439 0 0
60 440 0 0
60 441 0 0
60 442 0 0
60 443 0 0
60 444 0 0
60 445 0 0
60 446 0 0
60 447 0 0
60 448 0 0
60 449 0 0
60 450 0 0
60 451 0 0
60 452 0 0
60 453 0 0
60 454 0 0
60 455 0 0
60 456 0 0
60 457 0 0
60 458 0 0
60 459 0 0
60 460 0 0
60 461 0 0
60 462 0 0
60 463 0 0
60 464 0 0
60 465 0 0
60 466 0 0
60 467 0 0
60 468 0 0
60 469 0 0
60 470 0 0
60 471 0 0
60 472 0 0
60 473 0 0
60 474 0 0
60 475 0 0
60 476 0 0
60 477 0 0
60 478 0 0
60 479 0 0
60 480 0 0
60 481 0 0
60 482 0 0
60 483 0 0
60 484 0 0
60 485 0 0
60 486 0 0
60 487 0 0
60 488 0 0
60 489 0 0
60 490 0 0
60 491 0 0
60 492 0 0
60 493 0 0
60 494 0 0
60 495 0 0
60 496 0 0
60 497 0 0
60 498 0 0
60 499 0 0
60 500 0 0
60 501 0 0
60 502 0 0
60 503 0 0
60 504 0 0
60 505 0 0
60 506 0 0
60 507 0 0
60 508 0 0
60 509 0 0
60 510 0 0
60 511 0 0
60 512 0 0
60 513 0 0
60 514 0 0
60 515 0 0
60 516 0 0
60 517 0 0
60 518 0 0
60 519 0 0
60 520 0 0
60 521 0 0
60 522 0 0
60 523 0 0
60 524 0 0
60 525 0 0
60 526 0 0
60 527 0 0
60 528 0 0
60 529 0 0
60 530 0 0
60 531 0 0
60 532 0 0
60 533 0 0
60 534 0 0
60 535 0 0
60 536 0 0
60 537 0 0
60 538 0 0
60 539 0 0
60 540 0 0
60 541 0 0
60 542 0 0
60 543 0 0
60 544 0 0
60 545 0 0
60 546 0 0
60 547 0 0
60 548 0 0
60 549 0 0
60 550 0 0
60 551 0 0
60 552 0 0
60 553 0 0
60 554 0 0
60 555 0 0
60 556 0 0
60 557 0 0
60 558 0 0
60 559 0 0
60 560 0 0
60 561 0 0
60 562 0 0
60 563 0 0
60 564 0 0
60 565 0 0
60 566 0 0
60 567 0 0
60 568 0 0
60 569 0 0
60 570 0 0
60 571 0 0
60 572 0 0
60 573 0 0
60 574 0 0
60 575 0 0
60 576 0 0
60 577 0 0
60 578 0 0
60 579 0 0
60 580 0 0
60 581 0 0
60 582 0 0
60 583 0 0
60 584 0 0
60 585 0 0
60 586 0 0
60 587 0 0
60 588 0 0
60 589 0 0
60 590 0 0
60 591 0 0
60 592 0 0
60 593 0 0
60 594 0 0
60 595 0 0
60 596 0 0
60 597 0 0
60 598 0 0
60 599 0 0
60 600 0 0
60 601 0 0
60 602 0 0
60 603 0 0
60 604 0 0
60 605 0 0
60 606 0 0
60 607 0 0
60 608 0 0
60 609 0 0
60 610 0 0
60 611 0 0
60 612 0 0
60 613 0 0
60 614 0 0
60 615 0 0
60 616 0 0
60 617 0 0
60 618 0 0
60 619 0 0
60 620 0 0
60 621 0 0
60 622 0 0
60 623 0 0
60 624 0 0
60 625 0 0
60 626 0 0
60 627 0 0
60 628 0 0
60 629 0 0
60 630 0 0
60 631 0 0
60 632 0 0
60 633 0 0
60 634 0 0
60 635 0 0
60 636 0 0
60 637 0 0
60 638 0 0
60 639 0 0
60 640 0 0
60 641 0 0
60 642 0 0
60 643 0 0
60 644 0 0
60 645 0 0
60 646 0 0
60 647 0 0
60 648 0 0
60 649 0 0
60 650 0 0
60 651 0 0
60 652 0 0
60 653 0 0
60 654 0 0
60 655 0 0
60 656 0 0
60 657 0 0
60 658 0 0
60 659 0 0
60 660 0 0
60 661 0 0
60 662 0 0
60 663 0 0
60 664 0 0
60 665 0 0
60 666 0 0
60 667 0 0
60 668 0 0
60 669 0 0
60 670 0 0
60 671 0 0
60 672 0 0
60 673 0 0
60 674 0 0
60 675 0 0
60 676 0 0
60 677 0 0
60 678 0 0
60 679 0 0
60 680 0 0
60 681 0 0
60 682 0 0
60 683 0 0
60 684 0 0
60 685 0 0
60 686 0 0
60 687 0 0
60 688 0 0
60 689 0 0
60 690 0 0
60 691 0 0
60 692 0 0
60 693 0 0
60 694 0 0
60 695 0 0
60 696 0 0
60 697 0 0
60 698 0 0
60 699 0 0
60 700 0 0
60 701 0 0
60 702 0 0
60 703 0 0
60 704 0 0
60 705 0 0
60 706 0 0
60 707 0 0
60 708 0 0
60 709 0 0
60 710 0 0
60 711 0 0
60 712 0 0
60 713 0 0
60 714 0 0
60 715 0 0
60 716 0 0
60 717 0 0
60 718 0 0
60 719 0 0
60 720 0 0
60 721 0 0
60 722 0 0
60 723 0 0
60 724 0 0
60 725 0 0
60 726 0 0
60 727 0 0
60 728 0 0
60 729 0 0
60 730 0 0
60 731 0 0
60 732 0 0
60 733 0 0
60 734 0 0
60 735 0 0
60 736 0 0
60 737 0 0
60 738 0 0
60 739 0 0
60 740 0 0
60 741 0 0
60 742 0 0
60 743 0 0
60 744 0 0
60 745 0 0
60 746 0 0
60 747 0 0
60 748 0 0
60 749 0 0
60 750 0 0
60 751 0 0
60 752 0 0
60 753 0 0
60 754 0 0
60 755 0 0
60 756 0 0
60 757 0 0
60 758 0 0
60 759 0 0
60 760 0 0
60 761 0 0
60 762 0 0
60 763 0 0
60 764 0 0
60 765 0 0
60 766 0 0
60 767 0 0
60 768 0 0
60 769 0 0
60 770 0 0
60 771 0 0
60 772 0 0
60 773 0 0
60 774 0 0
60 775 0 0
60 776 0 0
60 777 0 0
60 778 0 0
60 779 0 0
60 780 0 0
60 781 0 0
60 782 0 0
60 783 0 0
60 784 0 0
60 785 0 0
60 786 0 0
60 787 0 0
60 788 0 0
60 789 0 0
60 790 0 0
60 791 0 0
60 792 0 0
60 793 0 0
60 794 0 0
60 795 0 0
60 796 0 0
60 797 0 0
60 798 0 0
60 799 0 0
60 800 0 0
60 801 0 0
60 802 0 0
60 803 0 0
60 804 0 0
60 805 0 0
60 806 0 0
60 807 0 0
60 808 0 0
60 809 0 0
60 810 0 0
60 811 0 0
60 812 0 0
60 813 0 0
60 814 0 0
60 815 0 0
60 816 0 0
60 817 0 0
60 818 0 0
60 819 0 0
60 820 0 0
60 821 0 0
60 822 0 0
60 823 0 0
60 824 0 0
60 825 0 0
60 826 0 0
60 827 0 0
60 828 0 0
60 829 0 0
60 830 0 0
60 831 0 0
60 832 0 0
60 833 0 0
60 834 0 0
60 835 0 0
60 836 0 0
60 837 0 0
60 838 0 0
60 839 0 0
60 840 0 0
60 841 0 0
60 842 0 0
60 843 0 0
60 844 0 0
60 845 0 0
60 846 0 0
60 847 0 0
60 848 0 0
60 849 0 0
60 850 0 0
60 851 0 0
60 852 0 0
60 853 0 0
60 854 0 0
60 855 0 0
60 856 0 0
60 857 0 0
60 858 0 0
60 859 0 0
60 860 0 0
60 861 0 0
60 862 0 0
60 863 0 0
60 864 0 0
60 865 0 0
60 866 0 0
60 867 0 0
60 868 0 0
60 869 0 0
60 870 0 0
60 871 0 0
60 872 0 0
60 873 0 0
60 874 0 0
60 875 0 0
60 876 0 0
60 877 0 0
60 878 0 0
60 879 0 0
60 880 0 0
60 881 0 0
60 882 0 0
60 883 0 0
60 884 0 0
60 885 0 0
60 886 0 0
60 887 0 0
60 888 0 0
60 889 0 0
60 890 0 0
60 891 0 0
60 892 0 0
60 893 0 0
60 894 0 0
60 895 0 0
60 896 0 0
60 897 0 0
60 898 0 0
60 899 0 0
60 900 0 0
60 901 0 0
60 902 0 0
60 903 0 0
60 904 0 0
60 905 0 0
60 906 0 0
60 907 0 0
60 908 0 0
60 909 0 0
60 910 0 0
60 911 0 0
60 912 0 0
60 913 0 0
60 914 0 0
60 915 0 0
60 916 0 0
60 917 0 0
60 918 0 0
60 919 0 0
60 920 0 0
60 921 0 0
60 922 0 0
60 923 0 0
60 924 0 0
60 925 0 0
60 926 0 0
60 927 0 0
60 928 0 0
60 929 0 0
60 930 0 0
60 931 0 0
60 932 0 0
60 933 0 0
60 934 0 0
60 935 0 0
60 936 0 0
60 937 0 0
60 938 0 0
60 939 0 0
60 940 0 0
60 941 0 0
60 942 0 0
60 943 0 0
60 944 0 0
60 945 0 0
60 946 0 0
60 947 0 0
60 948 0 0
60 949 0 0
60 950 0 0
60 951 0 0
60 952 0 0
60 953 0 0
60 954 0 0
60 955 0 0
60 956 0 0
60 957 0 0
60 958 0 0
60 959 0 0
60 960 0 0
60 961 0 0
60 962 0 0
60 963 0 0
60 964 0 0
60 965 0 0
60 966 0 0
60 967 0 0
60 968 0 0
60 969 0 0
60 970 0 0
60 971 0 0
60 972 0 0
60 973 0 0
60 974 0 0
60 975 0 0
60 976 0 0
60 977 0 0
60 978 0 0
60 979 0 0
60 980 0 0
60 981 0 0
60 982 0 0
60 983 0 0
60 984 0 0
60 985 0 0
60 986 0 0
60 987 0 0
60 988 0 0
60 989 0 0
60 990 0 0
60 991 0 0
60 992 0 0
60 993 0 0
60 994 0 0
60 995 0 0
60 996 0 0
60 997 0 0
60 998 0 0
60 999 0 0
60 1000 0 0
60 1001 0 0
60 1002 0 0
60 1003 0 0
60 1004 0 0
60 1005 0 0
60 1006 0 0
60 1007 0 0
60 1008 0 0
60 1009 0 0
60 1010 0 0
60 1011 0 0
60 1012 0 0
60 1013 0 0
60 1014 0 0
60 1015 0 0
60 1016 0 0
60 1017 0 0
60 1018 0 0
60 1019 0 0
60 1020 0 0
60 1021 0 0
60 1022 0 0
60 1023 0 0
60 1024 0 0
60 1025 0 0
60 1026 0 0
60 1027 0 0
60 1028 0 0
60 1029 0 0
60 1030 0 0
60 1031 0 0
60 1032 0 0
60 1033 0 0
60 1034 0 0
60 1035 0 0
60 1036 0 0
60 1037 0 0
60 1038 0 0
60 1039 0 0
60 1040 0 0
60 1041 0 0
60 1042 0 0
60 1043 0 0
60 1044 0 0
60 1045 0 0
60 1046 0 0
60 1047 0 0
60 1048 0 0
60 1049 0 0
60 1050 0 0
60 1051 0 0
60 1052 0 0
60 1053 0 0
60 1054 0 0
60 1055 0 0
60 1056 0 0
60 1057 0 0
60 1058 0 0
60 1059 0 0
60 1060 0 0
60 1061 0 0
60 1062 0 0
60 1063 0 0
60 1064 0 0
60 1065 0 0
60 1066 0 0
60 1067 0 0
60 1068 0 0
60 1069 0 0
60 1070 0 0
60 1071 0 0
60 1072 0 0
60 1073 0 0
60 1074 0 0
60 1075 0 0
60 1076 0 0
60 1077 0 0
60 1078 0 0
60 1079 0 0
60 1080 0 0
60 1081 0 0
60 1082 0 0
60 1083 0 0
60 1084 0 0
60 1085 0 0
60 1086 0 0
60 1087 0 0
60 1088 0 0
60 1089 0 0
60 1090 0 0
60 1091 0 0
60 1092 0 0
60 1093 0 0
60 1094 0 0
60 1095 0 0
60 1096 0 0
60 1097 0 0
60 1098 0 0
60 1099 0 0
60 1100 0 0
60 1101 0 0
60 1102 0 0
60 1103 0 0
60 1104 0 0
60 1105 0 0
60 1106 0 0
60 1107 0 0
60 1108 0 0
60 1109 0 0
60 1110 0 0
60 1111 0 0
60 1112 0 0
60 1113 0 0
60 1114 0 0
60 1115 0 0
60 1116 0 0
60 1117 0 0
60 1118 0 0
60 1119 0 0
60 1120 0 0
60 1121 0 0
60 1122 0 0
60 1123 0 0
60 1124 0 0
60 1125 0 0
60 1126 0 0
60 1127 0 0
60 1128 0 0
60 1129 0 0
60 1130 0 0
60 1131 0 0
60 1132 0 0
60 1133 0 0
60 1134 0 0
60 1135 0 0
60 1136 0 0
60 1137 0 0
60 1138 0 0
60 1139 0 0
60 1140 0 0
60 1141 0 0
60 1142 0 0
60 1143 0 0
60 1144 0 0
60 1145 0 0
60 1146 0 0
60 1147 0 0
60 1148 0 0
60 1149 0 0
60 1150 0 0
60 1151 0 0
60 1152 0 0
60 1153 0 0
60 1154 0 0
60 1155 0 0
60 1156 0 0
60 1157 0 0
60 1158 0 0
60 1159 0 0
60 1160 0 0
60 1161 0 0
60 1162 0 0
60 1163 0 0
60 1164 0 0
60 1165 0 0
60 1166 0 0
60 1167 0 0
60 1168 0 0
60 1169 0 0
60 1170 0 0
60 1171 0 0
60 1172 0 0
60 1173 0 0
60 1174 0 0
60 1175 0 0
60 1176 0 0
60 1177 0 0
60 1178 0 0
60 1179 0 0
60 1180 0 0
60 1181 0 0
60 1182 0 0
60 1183 0 0
60 1184 0 0
60 1185 0 0
60 1186 0 0
60 1187 0 0
60 1188 0 0
60 1189 0 0
60 1190 0 0
60 1191 0 0
60 1192 0 0
60 1193 0 0
60 1194 0 0
60 1195 0 0
60 1196 0 0
60 1197 0 0
60 1198 0 0
60 1199 0 0
60 1200 0 0
60 1201 0 0
60 1202 0 0
60 1203 0 0
60 1204 0 0
60 1205 0 0
60 1206 0 0
60 1207 0 0
60 1208 0 0
60 1209 0 0
60 1210 0 0
60 1211 0 0
60 1212 0 0
60 1213 0 0
60 1214 0 0
60 1215 0 0
60 1216 0 0
60 1217 0 0
60 1218 0 0
60 1219 0 0
60 1220 0 0
60 1221 0 0
60 1222 0 0
60 1223 0 0
60 1224 0 0
60 1225 0 0
60 1226 0 0
60 1227 0 0
60 1228 0 0
60 1229 0 0
60 1230 0 0
60 1231 0 0
60 1232 0 0
60 1233 0 0
60 1234 0 0
60 1235 0 0
60 1236 0 0
60 1237 0 0
60 1238 0 0
60 1239 0 0
60 1240 0 0
60 1241 0 0
60 1242 0 0
60 1243 0 0
60 1244 0 0
60 1245 0 0
60 1246 0 0
60 1247 0 0
60 1248 0 0
60 1249 0 0
60 1250 0 0
60 1251 0 0
60 1252 0 0
60 1253 0 0
60 1254 0 0
60 1255 0 0
60 1256 0 0
60 1257 0 0
60 1258 0 0
60 1259 0 0
60 1260 0 0
60 1261 0 0
60 1262 0 0
60 1263 0 0
60 1264 0 0
60 1265 0 0
60 1266 0 0
60 1267 0 0
60 1268 0 0
60 1269 0 0
60 1270 0 0
60 1271 0 0
60 1272 0 0
60 1273 0 0
60 1274 0 0
60 1275 0 0
60 1276 0 0
60 1277 0 0
60 1278 0 0
60 1279 0 0
60 1280 0 0
60 1281 0 0
60 1282 0 0
60 1283 0 0
60 1284 0 0
60 1285 0 0
60 1286 0 0
60 1287 0 0
60 1288 0 0
60 1289 0 0
60 1290 0 0
60 1291 0 0
60 1292 0 0
60 1293 0 0
60 1294 0 0
60 1295 0 0
60 1296 0 0
60 1297 0 0
60 1298 0 0
60 1299 0 0
60 1300 0 0
60 1301 0 0
60 1302 0 0
60 1303 0 0
60 1304 0 0
60 1305 0 0
60 1306 0 0
60 1307 0 0
60 1308 0 0
60 1309 0 0
60 1310 0 0
60 1311 0 0
60 1312 0 0
60 1313 0 0
60 1314 0 0
60 1315 0 0
60 1316 0 0
60 1317 0 0
60 1318 0 0
60 1319 0 0
60 1320 0 0
60 1321 0 0
60 1322 0 0
60 1323 0 0
60 1324 0 0
60 1325 0 0
60 1326 0 0
60 1327 0 0
60 1328 0 0
60 1329 0 0
60 1330 0 0
60 1331 0 0
60 1332 0 0
60 1333 0 0
60 1334 0 0
60 1335 0 0
60 1336 0 0
60 1337 0 0
60 1338 0 0
60 1339 0 0
60 1340 0 0
60 1341 0 0
60 1342 0 0
60 1343 0 0
60 1344 0 0
60 1345 0 0
60 1346 0 0
60 1347 0 0
60 1348 0 0
60 1349 0 0
60 1350 0 0
60 1351 0 0
60 1352 0 0
60 1353 0 0
60 1354 0 0
60 1355 0 0
60 1356 0 0
60 1357 0 0
60 1358 0 0
60 1359 0 0
60 1360 0 0
60 1361 0 0
60 1362 0 0
60 1363 0 0
60 1364 0 0
60 1365 0 0
60 1366 0 0
60 1367 0 0
60 1368 0 0
60 1369 0 0
60 1370 0 0
60 1371 0 0
60 1372 0 0
60 1373 0 0
60 1374 0 0
60 1375 0 0
60 1376 0 0
60 1377 0 0
60 1378 0 0
60 1379 0 0
60 1380 0 0
60 1381 0 0
60 1382 0 0
60 1383 0 0
60 1384 0 0
60 1385 0 0
60 1386 0 0
60 1387 0 0
60 1388 0 0
60 1389 0 0
60 1390 0 0
60 1391 0 0
60 1392 0 0
60 1393 0 0
60 1394 0 0
60 1395 0 0
60 1396 0 0
60 1397 0 0
60 1398 0 0
60 1399 0 0
60 1400 0 0
60 1401 0 0
60 1402 0 0
60 1403 0 0
60 1404 0 0
60 1405 0 0
60 1406 0 0
60 1407 0 0
60 1408 0 0
60 1409 0 0
60 1410 0 0
60 1411 0 0
60 1412 0 0
60 1413 0 0
60 1414 0 0
60 1415 0 0
60 1416 0 0
60 1417 0 0
60 1418 0 0
60 1419 0 0
60 1420 0 0
60 1421 0 0
60 1422 0 0
60 1423 0 0
60 1424 0 0
60 1425 0 0
60 1426 0 0
60 1427 0 0
60 1428 0 0
60 1429 0 0
60 1430 0 0
60 1431 0 0
60 1432 0 0
60 1433 0 0
60 1434 0 0
60 1435 0 0
60 1436 0 0
60 1437 0 0
60 1438 0 0
60 1439 0 0
60 1440 0 0
60 1441 0 0
60 1442 0 0
60 1443 0 0
60 1444 0 0
60 1445 0 0
60 1446 0 0
60 1447 0 0
60 1448 0 0
60 1449 0 0
60 1450 0 0
60 1451 0 0
60 1452 0 0
60 1453 0 0
60 1454 0 0
60 1455 0 0
60 1456 0 0
60 1457 0 0
60 1458 0 0
60 1459 0 0
60 1460 0 0
60 1461 0 0
60 1462 0 0
60 1463 0 0
60 1464 0 0
60 1465 0 0
60 1466 0 0
60 1467 0 0
60 1468 0 0
60 1469 0 0
60 1470 0 0
60 1471 0 0
60 1472 0 0
60 1473 0 0
60 1474 0 0
60 1475 0 0
60 1476 0 0
60 1477 0 0
60 1478 0 0
60 1479 0 0
60 1480 0 0
60 1481 0 0
60 1482 0 0
60 1483 0 0
60 1484 0 0
60 1485 0 0
60 1486 0 0
60 1487 0 0
60 1488 0 0
60 1489 0 0
60 1490 0 0
60 1491 0 0
60 1492 0 0
60 1493 0 0
60 1494 0 0
60 1495 0 0
60 1496 0 0
60 1497 0 0
60 1498 0 0
60 1499 0 0
60 1500 0 0
60 1501 0 0
60 1502 0 0
60 1503 0 0
60 1504 0 0
60 1505 0 0
60 1506 0 0
60 1507 0 0
60 1508 0 0
60 1509 0 0
60 1510 0 0
60 1511 0 0
60 1512 0 0
60 1513 0 0
60 1514 0 0
60 1515 0 0
60 1516 0 0
60 1517 0 0
60 1518 0 0
60 1519 0 0
60 1520 0 0
60 1521 0 0
60 1522 0 0
60 1523 0 0
60 1524 0 0
60 1525 0 0
60 1526 0 0
60 1527 0 0
60 1528 0 0
60 1529 0 0
60 1530 0 0
60 1531 0 0
60 1532 0 0
60 1533 0 0
60 1534 0 0
60 1535 0 0
60 1536 0 0
60 1537 0 0
60 1538 0 0
60 1539 0 0
60 1540 0 0
60 1541 0 0
60 1542 0 0
60 1543 0 0
60 1544 0 0
60 1545 0 0
60 1546 0 0
60 1547 0 0
60 1548 0 0
60 1549 0 0
60 1550 0 0
60 1551 0 0
60 1552 0 0
60 1553 0 0
60 1554 0 0
60 1555 0 0
60 1556 0 0
60 1557 0 0
60 1558 0 0
60 1559 0 0
60 1560 0 0
60 1561 0 0
60 1562 0 0
60 1563 0 0
60 1564 0 0
60 1565 0 0
60 1566 0 0
60 1567 0 0
60 1568 0 0
60 1569 0 0
60 1570 0 0
60 1571 0 0
60 1572 0 0
60 1573 0 0
60 1574 0 0
60 1575 0 0
60 1576 0 0
60 1577 0 0
60 1578 0 0
60 1579 0 0
60 1580 0 0
60 1581 0 0
60 1582 0 0
60 1583 0 0
60 1584 0 0
60 1585 0 0
60 1586 0 0
60 1587 0 0
60 1588 0 0
60 1589 0 0
60 1590 0 0
60 1591 0 0
60 1592 0 0
60 1593 0 0
60 1594 0 0
60 1595 0 0
60 1596 0 0
60 1597 0 0
60 1598 0 0
60 1599 0 0
60 1600 0 0
60 1601 0 0
60 1602 0 0
60 1603 0 0
60 1604 0 0
60 1605 0 0
60 1606 0 0
60 1607 0 0
60 1608 0 0
60 1609 0 0
60 1610 0 0
60 1611 0 0
60 1612 0 0
60 1613 0 0
60 1614 0 0
60 1615 0 0
60 1616 0 0
60 1617 0 0
60 1618 0 0
60 1619 0 0
60 1620 0 0
60 1621 0 0
60 1622 0 0
60 1623 0 0
60 1624 0 0
60 1625 0 0
60 1626 0 0
60 1627 0 0
60 1628 0 0
60 1629 0 0
60 1630 0 0
60 1631 0 0
60 1632 0 0
60 1633 0 0
60 1634 0 0
60 1635 0 0
60 1636 0 0
60 1637 0 0
60 1638 0 0
60 1639 0 0
60 1640 0 0
60 1641 0 0
60 1642 0 0
60 1643 0 0
60 1644 0 0
60 1645 0 0
60 1646 0 0
60 1647 0 0
60 1648 0 0
60 1649 0 0
60 1650 0 0
60 1651 0 0
60 1652 0 0
60 1653 0 0
60 1654 0 0
60 1655 0 0
60 1656 0 0
60 1657 0 0
60 1658 0 0
60 1659 0 0
60 1660 0 0
60 1661 0 0
60 1662 0 0
60 1663 0 0
60 1664 0 0
60 1665 0 0
60 1666 0 0
60 1667 0 0
60 1668 0 0
60 1669 0 0
60 1670 0 0
60 1671 0 0
60 1672 0 0
60 1673 0 0
60 1674 0 0
60 1675 0 0
60 1676 0 0
60 1677 0 0
60 1678 0 0
60 1679 0 0
60 1680 0 0
60 1681 0 0
60 1682 0 0
60 1683 0 0
60 1684 0 0
60 1685 0 0
60 1686 0 0
60 1687 0 0
60 1688 0 0
60 1689 0 0
60 1690 0 0
60 1691 0 0
60 1692 0 0
60 1693 0 0
60 1694 0 0
60 1695 0 0
60 1696 0 0
60 1697 0 0
60 1698 0 0
60 1699 0 0
60 1700 0 0
60 1701 0 0
60 1702 0 0
60 1703 0 0
60 1704 0 0
60 1705 0 0
60 1706 0 0
60 1707 0 0
60 1708 0 0
60 1709 0 0
60 1710 0 0
60 1711 0 0
60 1712 0 0
60 1713 0 0
60 1714 0 0
60 1715 0 0
60 1716 0 0
60 1717 0 0
60 1718 0 0
60 1719 0 0
60 1720 0 0
60 1721 0 0
60 1722 0 0
60 1723 0 0
60 1724 0 0
60 1725 0 0
60 1726 0 0
60 1727 0 0
60 1728 0 0
60 1729 0 0
60 1730 0 0
60 1731 0 0
60 1732 0 0
60 1733 0 0
60 1734 0 0
60 1735 0 0
60 1736 0 0
60 1737 0 0
60 1738 0 0
60 1739 0 0
60 1740 0 0
60 1741 0 0
60 1742 0 0
60 1743 0 0
60 1744 0 0
60 1745 0 0
60 1746 0 0
60 1747 0 0
60 1748 0 0
60 1749 0 0
60 1750 0 0
60 1751 0 0
60 1752 0 0
60 1753 0 0
60 1754 0 0
60 1755 0 0
60 1756 0 0
60 1757 0 0
60 1758 0 0
60 1759 0 0
60 1760 0 0
60 1761 0 0
60 1762 0 0
60 1763 0 0
60 1764 0 0
60 1765 0 0
60 1766 0 0
60 1767 0 0
60 1768 0 0
60 1769 0 0
60 1770 0 0
60 1771 0 0
60 1772 0 0
60 1773 0 0
60 1774 0 0
60 1775 0 0
60 1776 0 0
60 1777 0 0
60 1778 0 0
60 1779 0 0
60 1780 0 0
60 1781 0 0
60 1782 0 0
60 1783 0 0
60 1784 0 0
60 1785 0 0
60 1786 0 0
60 1787 0 0
60 1788 0 0
60 1789 0 0
60 1790 0 0
60 1791 0 0
60 1792 0 0
60 1793 0 0
60 1794 0 0
60 1795 0 0
60 1796 0 0
60 1797 0 0
60 1798 0 0
60 1799 0 0
60 1800 0 0
60 1801 0 0
60 1802 0 0
60 1803 0 0
60 1804 0 0
60 1805 0 0
60 1806 0 0
60 1807 0 0
60 1808 0 0
60 1809 0 0
60 1810 0 0
60 1811 0 0
60 1812 0 0
60 1813 0 0
60 1814 0 0
60 1815 0 0
60 1816 0 0
60 1817 0 0
60 1818 0 0
60 1819 0 0
60 1820 0 0
60 1821 0 0
60 1822 0 0
60 1823 0 0
60 1824 0 0
60 1825 0 0
60 1826 0 0
60 1827 0 0
60 1828 0 0
60 1829 0 0
60 1830 0 0
60 1831 0 0
60 1832 0 0
60 1833 0 0
60 1834 0 0
60 1835 0 0
60 1836 0 0
60 1837 0 0
60 1838 0 0
60 1839 0 0
60 1840 0 0
60 1841 0 0
60 1842 0 0
60 1843 0 0
60 1844 0 0
60 1845 0 0
60 1846 0 0
60 1847 0 0
60 1848 0 0
60 1849 0 0
60 1850 0 0
60 1851 0 0
60 1852 0 0
60 1853 0 0
60 1854 0 0
60 1855 0 0
60 1856 0 0
60 1857 0 0
60 1858 0 0
60 1859 0 0
60 1860 0 0
60 1861 0 0
60 1862 0 0
60 1863 0 0
60 1864 0 0
60 1865 0 0
60 1866 0 0
60 1867 0 0
60 1868 0 0
60 1869 0 0
60 1870 0 0
60 1871 0 0
60 1872 0 0
60 1873 0 0
60 1874 0 0
60 1875 0 0
60 1876 0 0
60 1877 0 0
60 1878 0 0
60 1879 0 0
60 1880 0 0
60 1881 0 0
60 1882 0 0
60 1883 0 0
60 1884 0 0
60 1885 0 0
60 1886 0 0
60 1887 0 0
60 1888 0 0
60 1889 0 0
60 1890 0 0
60 1891 0 0
60 1892 0 0
60 1893 0 0
60 1894 0 0
60 1895 0 0
60 1896 0 0
60 1897 0 0
60 1898 0 0
60 1899 0 0
60 1900 0 0
60 1901 0 0
60 1902 0 0
60 1903 0 0
60 1904 0 0
60 1905 0 0
60 1906 0 0
60 1907 0 0
60 1908 0 0
60 1909 0 0
60 1910 0 0
60 1911 0 0
60 1912 0 0
60 1913 0 0
60 1914 0 0
60 1915 0 0
60 1916 0 0
60 1917 0 0
60 1918 0 0
60 1919 0 0
60 1920 0 0
60 1921 0 0
60 1922 0 0
60 1923 0 0
60 1924 0 0
60 1925 0 0
60 1926 0 0
60 1927 0 0
60 1928 0 0
60 1929 0 0
60 1930 0 0
60 1931 0 0
60 1932 0 0
60 1933 0 0
60 1934 0 0
60 1935 0 0
60 1936 0 0
60 1937 0 0
60 1938 0 0
60 1939 0 0
60 1940 0 0
60 1941 0 0
60 1942 0 0
60 1943 0 0
60 1944 0 0
60 1945 0 0
60 1946 0 0
60 1947 0 0
60 1948 0 0
60 1949 0 0
60 1950 0 0
60 1951 0 0
60 1952 0 0
60 1953 0 0
60 1954 0 0
60 1955 0 0
60 1956 0 0
60 1957 0 0
60 1958 0 0
60 1959 0 0
60 1960 0 0
60 1961 0 0
60 1962 0 0
60 1963 0 0
60 1964 0 0
60 1965 0 0
60 1966 0 0
60 1967 0 0
60 1968 0 0
60 1969 0 0
60 1970 0 0
60 1971 0 0
60 1972 0 0
60 1973 0 0
60 1974 0 0
60 1975 0 0
60 1976 0 0
60 1977 0 0
60 1978 0 0
60 1979 0 0
60 1980 0 0
60 1981 0 0
60 1982 0 0
60 1983 0 0
60 1984 0 0
60 1985 0 0
60 1986 0 0
60 1987 0 0
60 1988 0 0
60 1989 0 0
60 1990 0 0
60 1991 0 0
60 1992 0 0
60 1993 0 0
60 1994 0 0
60 1995 0 0
60 1996 0 0
60 1997 0 0
60 1998 0 0
60 1999 0 0
60 2000 0 0
60 2001 0 0
60 2002 0 0
60 2003 0 0
60 2004 0 0
60 2005 0 0
60 2006 0 0
60 2007 0 0
60 2008 0 0
60 2009 0 0
60 2010 0 0
60 2011 0 0
60 2012 0 0
60 2013 0 0
60 2014 0 0
60 2015 0 0
60 2016 0 0
60 2017 0 0
60 2018 0 0
60 2019 0 0
60 2020 0 0
60 2021 0 0
60 2022 0 0
60 2023 0 0
60 2024 0 0
60 2025 0 0
60 2026 0 0
60 2027 0 0
60 2028 0 0
60 2029 0 0
60 2030 0 0
60 2031 0 0
60 2032 0 0
60 2033 0 0
60 2034 0 0
60 2035 0 0
60 2036 0 0
60 2037 0 0
60 2038 0 0
60 2039 0 0
60 2040 0 0
60 2041 0 0
60 2042 0 0
60 2043 0 0
60 2044 0 0
60 2045 0 0
60 2046 0 0
60 2047 0 0
60 2048 0 0
60 2049 0 0
60 2050 0 0
60 2051 0 0
60 2052 0 0
60 2053 0 0
60 2054 0 0
60 2055 0 0
60 2056 0 0
60 2057 0 0
60 2058 0 0
60 2059 0 0
60 2060 0 0
60 2061 0 0
60 2062 0 0
60 2063 0 0
60 2064 0 0
60 2065 0 0
60 2066 0 0
60 2067 0 0
60 2068 0 0
60 2069 0 0
60 2070 0 0
60 2071 0 0
60 2072 0 0
60 2073 0 0
60 2074 0 0
60 2075 0 0
60 2076 0 0
60 2077 0 0
60 2078 0 0
60 2079 0 0
60 2080 0 0
60 2081 0 0
60 2082 0 0
60 2083 0 0
60 2084 0 0
60 2085 0 0
60 2086 0 0
60 2087 0 0
60 2088 0 0
60 2089 0 0
60 2090 0 0
60 2091 0 0
60 2092 0 0
60 2093 0 0
60 2094 0 0
60 2095 0 0
60 2096 0 0
60 2097 0 0
60 2098 0 0
60 2099 0 0
60 2100 0 0
60 2101 0 0
60 2102 0 0
60 2103 0 0
60 2104 0 0
60 2105 0 0
60 2106 0 0
60 2107 0 0
60 2108 0 0
60 2109 0 0
60 2110 0 0
60 2111 0 0
60 2112 0 0
60 2113 0 0
60 2114 0 0
60 2115 0 0
60 2116 0 0
60 2117 0 0
60 2118 0 0
60 2119 0 0
60 2120 0 0
60 2121 0 0
60 2122 0 0
60 2123 0 0
60 2124 0 0
60 2125 0 0
60 2126 0 0
60 2127 0 0
60 2128 0 0
60 2129 0 0
60 2130 0 0
60 2131 0 0
60 2132 0 0
60 2133 0 0
60 2134 0 0
60 2135 0 0
60 2136 0 0
60 2137 0 0
60 2138 0 0
60 2139 0 0
60 2140 0 0
60 2141 0 0
60 2142 0 0
60 2143 0 0
60 2144 0 0
60 2145 0 0
60 2146 0 0
60 2147 0 0
60 2148 0 0
60 2149 0 0
60 2150 0 0
60 2151 0 0
60 2152 0 0
60 2153 0 0
60 2154 0 0
60 2155 0 0
60 2156 0 0
60 2157 0 0
60 2158 0 0
60 2159 0 0
60 2160 0 0
60 2161 0 0
60 2162 0 0
60 2163 0 0
60 2164 0 0
60 2165 0 0
60 2166 0 0
60 2167 0 0
60 2168 0 0
60 2169 0 0
60 2170 0 0
60 2171 0 0
60 2172 0 0
60 2173 0 0
60 2174 0 0
60 2175 0 0
60 2176 0 0
60 2177 0 0
60 2178 0 0
60 2179 0 0
60 2180 0 0
60 2181 0 0
60 2182 0 0
60 2183 0 0
60 2184 0 0
60 2185 0 0
60 2186 0 0
60 2187 0 0
60 2188 0 0
60 2189 0 0
60 2190 0 0
60 2191 0 0
60 2192 0 0
60 2193 0 0
60 2194 0 0
60 2195 0 0
60 2196 0 0
60 2197 0 0
60 2198 0 0
60 2199 0 0
60 2200 0 0
60 2201 0 0
60 2202 0 0
60 2203 0 0
60 2204 0 0
60 2205 0 0
60 2206 0 0
60 2207 0 0
60 2208 0 0
60 2209 0 0
60 2210 0 0
60 2211 0 0
60 2212 0 0
60 2213 0 0
60 2214 0 0
60 2215 0 0
60 2216 0 0
60 2217 0 0
60 2218 0 0
60 2219 0 0
60 2220 0 0
60 2221 0 0
60 2222 0 0
60 2223 0 0
60 2224 0 0
60 2225 0 0
60 2226 0 0
60 2227 0 0
60 2228 0 0
60 2229 0 0
60 2230 0 0
60 2231 0 0
60 2232 0 0
60 2233 0 0
60 2234 0 0
60 2235 0 0
60 2236 0 0
60 2237 0 0
60 2238 0 0
60 2239 0 0
60 2240 0 0
60 2241 0 0
60 2242 0 0
60 2243 0 0
60 2244 0 0
60 2245 0 0
60 2246 0 0
60 2247 0 0
60 2248 0 0
60 2249 0 0
60 2250 0 0
60 2251 0 0
60 2252 0 0
60 2253 0 0
60 2254 0 0
60 2255 0 0
60 2256 0 0
60 2257 0 0
60 2258 0 0
60 2259 0 0
60 2260 0 0
60 2261 0 0
60 2262 0 0
60 2263 0 0
60 2264 0 0
60 2265 0 0
60 2266 0 0
60 2267 0 0
60 2268 0 0
60 2269 0 0
60 2270 0 0
60 2271 0 0
60 2272 0 0
60 2273 0 0
60 2274 0 0
60 2275 0 0
60 2276 0 0
60 2277 0 0
60 2278 0 0
60 2279 0 0
60 2280 0 0
60 2281 0 0
60 2282 0 0
60 2283 0 0
60 2284 0 0
60 2285 0 0
60 2286 0 0
60 2287 0 0
60 2288 0 0
60 2289 0 0
60 2290 0 0
60 2291 0 0
60 2292 0 0
60 2293 0 0
60 2294 0 0
60 2295 0 0
60 2296 0 0
60 2297 0 0
60 2298 0 0
60 2299 0 0
60 2300 0 0
60 2301 0 0
60 2302 0 0
60 2303 0 0
60 2304 0 0
60 2305 0 0
60 2306 0 0
60 2307 0 0
60 2308 0 0
60 2309 0 0
60 2310 0 0
60 2311 0 0
60 2312 0 0
60 2313 0 0
60 2314 0 0
60 2315 0 0
60 2316 0 0
60 2317 0 0
60 2318 0 0
60 2319 0 0
60 2320 0 0
60 2321 0 0
60 2322 0 0
60 2323 0 0
60 2324 0 0
60 2325 0 0
60 2326 0 0
60 2327 0 0
60 2328 0 0
60 2329 0 0
60 2330 0 0
60 2331 0 0
60 2332 0 0
60 2333 0 0
60 2334 0 0
60 2335 0 0
60 2336 0 0
60 2337 0 0
60 2338 0 0
60 2339 0 0
60 2340 0 0
60 2341 0 0
60 2342 0 0
60 2343 0 0
60 2344 0 0
60 2345 0 0
60 2346 0 0
60 2347 0 0
60 2348 0 0
60 2349 0 0
60 2350 0 0
60 2351 0 0
60 2352 0 0
60 2353 0 0
60 2354 0 0
60 2355 0 0
60 2356 0 0
60 2357 0 0
60 2358 0 0
60 2359 0 0
60 2360 0 0
60 2361 0 0
60 2362 0 0
60 2363 0 0
60 2364 0 0
60 2365 0 0
60 2366 0 0
60 2367 0 0
60 2368 0 0
60 2369 0 0
60 2370 0 0
60 2371 0 0
60 2372 0 0
60 2373 0 0
60 2374 0 0
60 2375 0 0
60 2376 0 0
60 2377 0 0
60 2378 0 0
60 2379 0 0
60 2380 0 0
60 2381 0 0
60 2382 0 0
60 2383 0 0
60 2384 0 0
60 2385 0 0
60 2386 0 0
60 2387 0 0
60 2388 0 0
60 2389 0 0
60 2390 0 0
60 2391 0 0
60 2392 0 0
60 2393 0 0
60 2394 0 0
60 2395 0 0
60 2396 0 0
60 2397 0 0
60 2398 0 0
60 2399 0 0
60 2400 0 0
60 2401 0 0
60 2402 0 0
60 2403 0 0
60 2404 0 0
60 2405 0 0
60 2406 0 0
60 2407 0 0
60 2408 0 0
60 2409 0 0
60 2410 0 0
60 2411 0 0
60 2412 0 0
60 2413 0 0
60 2414 0 0
60 2415 0 0
60 2416 0 0
60 2417 0 0
60 2418 0 0
60 2419 0 0
60 2420 0 0
60 2421 0 0
60 2422 0 0
60 2423 0 0
60 2424 0 0
60 2425 0 0
60 2426 0 0
60 2427 0 0
60 2428 0 0
60 2429 0 0
60 2430 0 0
60 2431 0 0
60 2432 0 0
60 2433 0 0
60 2434 0 0
60 2435 0 0
60 2436 0 0
60 2437 0 0
60 2438 0 0
60 2439 0 0
60 2440 0 0
60 2441 0 0
60 2442 0 0
60 2443 0 0
60 2444 0 0
60 2445 0 0
60 2446 0 0
60 2447 0 0
60 2448 0 0
60 2449 0 0
60 2450 0 0
60 2451 0 0
60 2452 0 0
60 2453 0 0
60 2454 0 0
60 2455 0 0
60 2456 0 0
60 2457 0 0
60 2458 0 0
60 2459 0 0
60 2460 0 0
60 2461 0 0
60 2462 0 0
60 2463 0 0
60 2464 0 0
60 2465 0 0
60 2466 0 0
60 2467 0 0
60 2468 0 0
60 2469 0 0
60 2470 0 0
60 2471 0 0
60 2472 0 0
60 2473 0 0
60 2474 0 0
60 2475 0 0
60 2476 0 0
60 2477 0 0
60 2478 0 0
60 2479 0 0
60 2480 0 0
60 2481 0 0
60 2482 0 0
60 2483 0 0
60 2484 0 0
60 2485 0 0
60 2486 0 0
60 2487 0 0
60 2488 0 0
60 2489 0 0
60 2490 0 0
60 2491 0 0
60 2492 0 0
60 2493 0 0
60 2494 0 0
60 2495 0 0
60 2496 0 0
60 2497 0 0
60 2498 0 0
60 2499 0 0
60 2500 0 0
60 2501 0 0
60 2502 0 0
60 2503 0 0
60 2504 0 0
60 2505 0 0
60 2506 0 0
60 2507 0 0
60 2508 0 0
60 2509 0 0
60 2510 0 0
60 2511 0 0
60 2512 0 0
60 2513 0 0
60 2514 0 0
60 2515 0 0
60 2516 0 0
60 2517 0 0
60 2518 0 0
60 2519 0 0
60 2520 0 0
60 2521 0 0
60 2522 0 0
60 2523 0 0
60 2524 0 0
60 2525 0 0
60 2526 0 0
60 2527 0 0
60 2528 0 0
60 2529 0 0
60 2530 0 0
60 2531 0 0
60 2532 0 0
60 2533 0 0
60 2534 0 0
60 2535 0 0
60 2536 0 0
60 2537 0 0
60 2538 0 0
60 2539 0 0
60 2540 0 0
60 2541 0 0
60 2542 0 0
60 2543 0 0
60 2544 0 0
60 2545 0 0
60 2546 0 0
60 2547 0 0
60 2548 0 0
60 2549 0 0
60 2550 0 0
60 2551 0 0
60 2552 0 0
60 2553 0 0
60 2554 0 0
60 2555 0 0
60 2556 0 0
60 2557 0 0
60 2558 0 0
60 2559 0 0
60 2560 0 0
60 2561 0 0
60 2562 0 0
60 2563 0 0
60 2564 0 0
60 2565 0 0
60 2566 0 0
60 2567 0 0
60 2568 0 0
60 2569 0 0
60 2570 0 0
60 2571 0 0
60 2572 0 0
60 2573 0 0
60 2574 0 0
60 2575 0 0
60 2576 0 0
60 2577 0 0
60 2578 0 0
60 2579 0 0
60 2580 0 0
60 2581 0 0
60 2582 0 0
60 2583 0 0
60 2584 0 0
60 2585 0 0
60 2586 0 0
60 2587 0 0
60 2588 0 0
60 2589 0 0
60 2590 0 0
60 2591 0 0
60 2592 0 0
60 2593 0 0
60 2594 0 0
60 2595 0 0
60 2596 0 0
60 2597 0 0
60 2598 0 0
60 2599 0 0
60 2600 0 0
60 2601 0 0
60 2602 0 0
60 2603 0 0
60 2604 0 0
60 2605 0 0
60 2606 0 0
60 2607 0 0
60 2608 0 0
60 2609 0 0
60 2610 0 0
60 2611 0 0
60 2612 0 0
60 2613 0 0
60 2614 0 0
60 2615 0 0
60 2616 0 0
60 2617 0 0
60 2618 0 0
60 2619 0 0
60 2620 0 0
60 2621 0 0
60 2622 0 0
60 2623 0 0
60 2624 0 0
60 2625 0 0
60 2626 0 0
60 2627 0 0
60 2628 0 0
60 2629 0 0
60 2630 0 0
60 2631 0 0
60 2632 0 0
60 2633 0 0
60 2634 0 0
60 2635 0 0
60 2636 0 0
60 2637 0 0
60 2638 0 0
60 2639 0 0
60 2640 0 0
60 2641 0 0
60 2642 0 0
60 2643 0 0
60 2644 0 0
60 2645 0 0
60 2646 0 0
60 2647 0 0
60 2648 0 0
60 2649 0 0
60 2650 0 0
60 2651 0 0
60 2652 0 0
60 2653 0 0
60 2654 0 0
60 2655 0 0
60 2656 0 0
60 2657 0 0
60 2658 0 0
60 2659 0 0
60 2660 0 0
60 2661 0 0
60 2662 0 0
60 2663 0 0
60 2664 0 0
60 2665 0 0
60 2666 0 0
60 2667 0 0
60 2668 0 0
60 2669 0 0
60 2670 0 0
60 2671 0 0
60 2672 0 0
60 2673 0 0
60 2674 0 0
60 2675 0 0
60 2676 0 0
60 2677 0 0
60 2678 0 0
60 2679 0 0
60 2680 0 0
60 2681 0 0
60 2682 0 0
60 2683 0 0
60 2684 0 0
60 2685 0 0
60 2686 0 0
60 2687 0 0
60 2688 0 0
60 2689 0 0
60 2690 0 0
60 2691 0 0
60 2692 0 0
60 2693 0 0
60 2694 0 0
60 2695 0 0
60 2696 0 0
60 2697 0 0
60 2698 0 0
60 2699 0 0
60 2700 0 0
60 2701 0 0
60 2702 0 0
60 2703 0 0
60 2704 0 0
60 2705 0 0
60 2706 0 0
60 2707 0 0
60 2708 0 0
60 2709 0 0
60 2710 0 0
60 2711 0 0
60 2712 0 0
60 2713 0 0
60 2714 0 0
60 2715 0 0
60 2716 0 0
60 2717 0 0
60 2718 0 0
60 2719 0 0
60 2720 0 0
60 2721 0 0
60 2722 0 0
60 2723 0 0
60 2724 0 0
60 2725 0 0
60 2726 0 0
60 2727 0 0
60 2728 0 0
60 2729 0 0
60 2730 0 0
60 2731 0 0
60 2732 0 0
60 2733 0 0
60 2734 0 0
60 2735 0 0
60 2736 0 0
60 2737 0 0
60 2738 0 0
60 2739 0 0
60 2740 0 0
60 2741 0 0
60 2742 0 0
60 2743 0 0
60 2744 0 0
60 2745 0 0
60 2746 0 0
60 2747 0 0
60 2748 0 0
60 2749 0 0
60 2750 0 0
60 2751 0 0
60 2752 0 0
60 2753 0 0
60 2754 0 0
60 2755 0 0
60 2756 0 0
60 2757 0 0
60 2758 0 0
60 2759 0 0
60 2760 0 0
60 2761 0 0
60 2762 0 0
60 2763 0 0
60 2764 0 0
60 2765 0 0
60 2766 0 0
60 2767 0 0
60 2768 0 0
60 2769 0 0
60 2770 0 0
60 2771 0 0
60 2772 0 0
60 2773 0 0
60 2774 0 0
60 2775 0 0
60 2776 0 0
60 2777 0 0
60 2778 0 0
60 2779 0 0
60 2780 0 0
60 2781 0 0
60 2782 0 0
60 2783 0 0
60 2784 0 0
60 2785 0 0
60 2786 0 0
60 2787 0 0
60 2788 0 0
60 2789 0 0
60 2790 0 0
60 2791 0 0
60 2792 0 0
60 2793 0 0
60 2794 0 0
60 2795 0 0
60 2796 0 0
60 2797 0 0
60 2798 0 0
60 2799 0 0
60 2800 0 0
60 2801 0 0
60 2802 0 0
60 2803 0 0
60 2804 0 0
60 2805 0 0
60 2806 0 0
60 2807 0 0
60 2808 0 0
60 2809 0 0
60 2810 0 0
60 2811 0 0
60 2812 0 0
60 2813 0 0
60 2814 0 0
60 2815 0 0
60 2816 0 0
60 2817 0 0
60 2818 0 0
60 2819 0 0
60 2820 0 0
60 2821 0 0
60 2822 0 0
60 2823 0 0
60 2824 0 0
60 2825 0 0
60 2826 0 0
60 2827 0 0
60 2828 0 0
60 2829 0 0
60 2830 0 0
60 2831 0 0
60 2832 0 0
60 2833 0 0
60 2834 0 0
60 2835 0 0
60 2836 0 0
60 2837 0 0
60 2838 0 0
60 2839 0 0
60 2840 0 0
60 2841 0 0
60 2842 0 0
60 2843 0 0
60 2844 0 0
60 2845 0 0
60 2846 0 0
60 2847 0 0
60 2848 0 0
60 2849 0 0
60 2850 0 0
60 2851 0 0
60 2852 0 0
60 2853 0 0
60 2854 0 0
60 2855 0 0
60 2856 0 0
60 2857 0 0
60 2858 0 0
60 2859 0 0
60 2860 0 0
60 2861 0 0
60 2862 0 0
60 2863 0 0
60 2864 0 0
60 2865 0 0
60 2866 0 0
60 2867 0 0
60 2868 0 0
60 2869 0 0
60 2870 0 0
60 2871 0 0
60 2872 0 0
60 2873 0 0
60 2874 0 0
60 2875 0 0
60 2876 0 0
60 2877 0 0
60 2878 0 0
60 2879 0 0
60 2880 0 0
60 2881 0 0
60 2882 0 0
60 2883 0 0
60 2884 0 0
60 2885 0 0
60 2886 0 0
60 2887 0 0
60 2888 0 0
60 2889 0 0
60 2890 0 0
60 2891 0 0
60 2892 0 0
60 2893 0 0
60 2894 0 0
60 2895 0 0
60 2896 0 0
60 2897 0 0
60 2898 0 0
60 2899 0 0
60 2900 0 0
60 2901 0 0
60 2902 0 0
60 2903 0 0
60 2904 0 0
60 2905 0 0
60 2906 0 0
60 2907 0 0
60 2908 0 0
60 2909 0 0
60 2910 0 0
60 2911 0 0
60 2912 0 0
60 2913 0 0
60 2914 0 0
60 2915 0 0
60 2916 0 0
60 2917 0 0
60 2918 0 0
60 2919 0 0
60 2920 0 0
60 2921 0 0
60 2922 0 0
60 2923 0 0
60 2924 0 0
60 2925 0 0
60 2926 0 0
60 2927 0 0
60 2928 0 0
60 2929 0 0
60 2930 0 0
60 2931 0 0
60 2932 0 0
60 2933 0 0
60 2934 0 0
60 2935 0 0
60 2936 0 0
60 2937 0 0
60 2938 0 0
60 2939 0 0
60 2940 0 0
60 2941 0 0
60 2942 0 0
60 2943 0 0
60 2944 0 0
60 2945 0 0
60 2946 0 0
60 2947 0 0
60 2948 0 0
60 2949 0 0
60 2950 0 0
60 2951 0 0
60 2952 0 0
60 2953 0 0
60 2954 0 0
60 2955 0 0
60 2956 0 0
60 2957 0 0
60 2958 0 0
60 2959 0 0
60 2960 0 0
60 2961 0 0
60 2962 0 0
60 2963 0 0
60 2964 0 0
60 2965 0 0
60 2966 0 0
60 2967 0 0
60 2968 0 0
60 2969 0 0
60 2970 0 0
60 2971 0 0
60 2972 0 0
60 2973 0 0
60 2974 0 0
60 2975 0 0
60 2976 0 0
60 2977 0 0
60 2978 0 0
60 2979 0 0
60 2980 0 0
60 2981 0 0
60 2982 0 0
60 2983 0 0
60 2984 0 0
60 2985 0 0
60 2986 0 0
60 2987 0 0
60 2988 0 0
60 2989 0 0
60 2990 0 0
60 2991 0 0
60 2992 0 0
60 2993 0 0
60 2994 0 0
60 2995 0 0
60 2996 0 0
60 2997 0 0
60 2998 0 0
60 2999 0 0
60 3000 0 0
60 3001 0 0
60 3002 0 0
60 3003 0 0
60 3004 0 0
60 3005 0 0
60 3006 0 0
60 3007 0 0
60 3008 0 0
60 3009 0 0
60 3010 0 0
60 3011 0 0
60 3012 0 0
60 3013 0 0
60 3014 0 0
60 3015 0 0
60 3016 0 0
60 3017 0 0
60 3018 0 0
60 3019 0 0
60 3020 0 0
60 3021 0 0
60 3022 0 0
60 3023 0 0
60 3024 0 0
60 3025 0 0
60 3026 0 0
60 3027 0 0
60 3028 0 0
60 3029 0 0
60 3030 0 0
60 3031 0 0
60 3032 0 0
60 3033 0 0
60 3034 0 0
60 3035 0 0
60 3036 0 0
60 3037 0 0
60 3038 0 0
60 3039 0 0
60 3040 0 0
60 3041 0 0
60 3042 0 0
60 3043 0 0
60 3044 0 0
60 3045 0 0
60 3046 0 0
60 3047 0 0
60 3048 0 0
60 3049 0 0
60 3050 0 0
60 3051 0 0
60 3052 0 0
60 3053 0 0
60 3054 0 0
60 3055 0 0
60 3056 0 0
60 3057 0 0
60 3058 0 0
60 3059 0 0
60 3060 0 0
60 3061 0 0
60 3062 0 0
60 3063 0 0
60 3064 0 0
60 3065 0 0
60 3066 0 0
60 3067 0 0
60 3068 0 0
60 3069 0 0
60 3070 0 0
60 3071 0 0
60 3072 0 0
60 3073 0 0
60 3074 0 0
60 3075 0 0
60 3076 0 0
60 3077 0 0
60 3078 0 0
60 3079 0 0
60 3080 0 0
60 3081 0 0
60 3082 0 0
60 3083 0 0
60 3084 0 0
60 3085 0 0
60 3086 0 0
60 3087 0 0
60 3088 0 0
60 3089 0 0
60 3090 0 0
60 3091 0 0
60 3092 0 0
60 3093 0 0
60 3094 0 0
60 3095 0 0
60 3096 0 0
60 3097 0 0
60 3098 0 0
60 3099 0 0
60 3100 0 0
60 3101 0 0
60 3102 0 0
60 3103 0 0
60 3104 0 0
60 3105 0 0
60 3106 0 0
60 3107 0 0
60 3108 0 0
60 3109 0 0
60 3110 0 0
60 3111 0 0
60 3112 0 0
60 3113 0 0
60 3114 0 0
60 3115 0 0
60 3116 0 0
60 3117 0 0
60 3118 0 0
60 3119 0 0
60 3120 0 0
60 3121 0 0
60 3122 0 0
60 3123 0 0
60 3124 0 0
60 3125 0 0
60 3126 0 0
60 3127 0 0
60 3128 0 0
60 3129 0 0
60 3130 0 0
60 3131 0 0
60 3132 0 0
60 3133 0 0
60 3134 0 0
60 3135 0 0
60 3136 0 0
60 3137 0 0
60 3138 0 0
60 3139 0 0
60 3140 0 0
60 3141 0 0
60 3142 0 0
60 3143 0 0
60 3144 0 0
60 3145 0 0
60 3146 0 0
60 3147 0 0
60 3148 0 0
60 3149 0 0
60 3150 0 0
60 3151 0 0
60 3152 0 0
60 3153 0 0
60 3154 0 0
60 3155 0 0
60 3156 0 0
60 3157 0 0
60 3158 0 0
60 3159 0 0
60 3160 0 0
60 3161 0 0
60 3162 0 0
60 3163 0 0
60 3164 0 0
60 3165 0 0
60 3166 0 0
60 3167 0 0
60 3168 0 0
60 3169 0 0
60 3170 0 0
60 3171 0 0
60 3172 0 0
60 3173 0 0
60 3174 0 0
60 3175 0 0
60 3176 0 0
60 3177 0 0
60 3178 0 0
60 3179 0 0
60 3180 0 0
60 3181 0 0
60 3182 0 0
60 3183 0 0
60 3184 0 0
60 3185 0 0
60 3186 0 0
60 3187 0 0
60 3188 0 0
60 3189 0 0
60 3190 0 0
60 3191 0 0
60 3192 0 0
60 3193 0 0
60 3194 0 0
60 3195 0 0
60 3196 0 0
60 3197 0 0
60 3198 0 0
60 3199 0 0
60 3200 0 0
60 3201 0 0
60 3202 0 0
60 3203 0 0
60 3204 0 0
60 3205 0 0
60 3206 0 0
60 3207 0 0
60 3208 0 0
60 3209 0 0
60 3210 0 0
60 3211 0 0
60 3212 0 0
60 3213 0 0
60 3214 0 0
60 3215 0 0
60 3216 0 0
60 3217 0 0
60 3218 0 0
60 3219 0 0
60 3220 0 0
60 3221 0 0
60 3222 0 0
60 3223 0 0
60 3224 0 0
60 3225 0 0
60 3226 0 0
60 3227 0 0
60 3228 0 0
60 3229 0 0
60 3230 0 0
60 3231 0 0
60 3232 0 0
60 3233 0 0
60 3234 0 0
60 3235 0 0
60 3236 0 0
60 3237 0 0
60 3238 0 0
60 3239 0 0
60 3240 0 0
60 3241 0 0
60 3242 0 0
60 3243 0 0
60 3244 0 0
60 3245 0 0
60 3246 0 0
60 3247 0 0
60 3248 0 0
60 3249 0 0
60 3250 0 0
60 3251 0 0
60 3252 0 0
60 3253 0 0
60 3254 0 0
60 3255 0 0
60 3256 0 0
60 3257 0 0
60 3258 0 0
60 3259 0 0
60 3260 0 0
60 3261 0 0
60 3262 0 0
60 3263 0 0
60 3264 0 0
60 3265 0 0
60 3266 0 0
60 3267 0 0
60 3268 0 0
60 3269 0 0
60 3270 0 0
60 3271 0 0
60 3272 0 0
60 3273 0 0
60 3274 0 0
60 3275 0 0
60 3276 0 0
60 3277 0 0
60 3278 0 0
60 3279 0 0
60 3280 0 0
60 3281 0 0
60 3282 0 0
60 3283 0 0
60 3284 0 0
60 3285 0 0
60 3286 0 0
60 3287 0 0
60 3288 0 0
60 3289 0 0
60 3290 0 0
60 3291 0 0
60 3292 0 0
60 3293 0 0
60 3294 0 0
60 3295 0 0
60 3296 0 0
60 3297 0 0
60 3298 0 0
60 3299 0 0
60 3300 0 0
60 3301 0 0
60 3302 0 0
60 3303 0 0
60 3304 0 0
60 3305 0 0
60 3306 0 0
60 3307 0 0
60 3308 0 0
60 3309 0 0
60 3310 0 0
60 3311 0 0
60 3312 0 0
60 3313 0 0
60 3314 0 0
60 3315 0 0
60 3316 0 0
60 3317 0 0
60 3318 0 0
60 3319 0 0
60 3320 0 0
60 3321 0 0
60 3322 0 0
60 3323 0 0
60 3324 0 0
60 3325 0 0
60 3326 0 0
60 3327 0 0
60 3328 0 0
60 3329 0 0
60 3330 0 0
60 3331 0 0
60 3332 0 0
60 3333 0 0
60 3334 0 0
60 3335 0 0
60 3336 0 0
60 3337 0 0
60 3338 0 0
60 3339 0 0
60 3340 0 0
60 3341 0 0
60 3342 0 0
60 3343 0 0
60 3344 0 0
60 3345 0 0
60 3346 0 0
60 3347 0 0
60 3348 0 0
60 3349 0 0
60 3350 0 0
60 3351 0 0
60 3352 0 0
60 3353 0 0
60 3354 0 0
60 3355 0 0
60 3356 0 0
60 3357 0 0
60 3358 0 0
60 3359 0 0
60 3360 0 0
60 3361 0 0
60 3362 0 0
60 3363 0 0
60 3364 0 0
60 3365 0 0
60 3366 0 0
60 3367 0 0
60 3368 0 0
60 3369 0 0
60 3370 0 0
60 3371 0 0
60 3372 0 0
60 3373 0 0
60 3374 0 0
60 3375 0 0
60 3376 0 0
60 3377 0 0
60 3378 0 0
60 3379 0 0
60 3380 0 0
60 3381 0 0
60 3382 0 0
60 3383 0 0
60 3384 0 0
60 3385 0 0
60 3386 0 0
60 3387 0 0
60 3388 0 0
60 3389 0 0
60 3390 0 0
60 3391 0 0
60 3392 0 0
60 3393 0 0
60 3394 0 0
60 3395 0 0
60 3396 0 0
60 3397 0 0
60 3398 0 0
60 3399 0 0
60 3400 0 0
60 3401 0 0
60 3402 0 0
60 3403 0 0
60 3404 0 0
60 3405 0 0
60 3406 0 0
60 3407 0 0
60 3408 0 0
60 3409 0 0
60 3410 0 0
60 3411 0 0
60 3412 0 0
60 3413 0 0
60 3414 0 0
60 3415 0 0
60 3416 0 0
60 3417 0 0
60 3418 0 0
60 3419 0 0
60 3420 0 0
60 3421 0 0
60 3422 0 0
60 3423 0 0
60 3424 0 0
60 3425 0 0
60 3426 0 0
60 3427 0 0
60 3428 0 0
60 3429 0 0
60 3430 0 0
60 3431 0 0
60 3432 0 0
60 3433 0 0
60 3434 0 0
60 3435 0 0
60 3436 0 0
60 3437 0 0
60 3438 0 0
60 3439 0 0
60 3440 0 0
60 3441 0 0
60 3442 0 0
60 3443 0 0
60 3444 0 0
60 3445 0 0
60 3446 0 0
60 3447 0 0
60 3448 0 0
60 3449 0 0
60 3450 0 0
60 3451 0 0
60 3452 0 0
60 3453 0 0
60 3454 0 0
60 3455 0 0
60 3456 0 0
60 3457 0 0
60 3458 0 0
60 3459 0 0
60 3460 0 0
60 3461 0 0
60 3462 0 0
60 3463 0 0
60 3464 0 0
60 3465 0 0
60 3466 0 0
60 3467 0 0
60 3468 0 0
60 3469 0 0
60 3470 0 0
60 3471 0 0
60 3472 0 0
60 3473 0 0
60 3474 0 0
60 3475 0 0
60 3476 0 0
60 3477 0 0
60 3478 0 0
60 3479 0 0
60 3480 0 0
60 3481 0 0
60 3482 0 0
60 3483 0 0
60 3484 0 0
60 3485 0 0
60 3486 0 0
60 3487 0 0
60 3488 0 0
60 3489 0 0
60 3490 0 0
60 3491 0 0
60 3492 0 0
60 3493 0 0
60 3494 0 0
60 3495 0 0
60 3496 0 0
60 3497 0 0
60 3498 0 0
60 3499 0 0
60 3500 0 0
60 3501 0 0
60 3502 0 0
60 3503 0 0
60 3504 0 0
60 3505 0 0
60 3506 0 0
60 3507 0 0
60 3508 0 0
60 3509 0 0
60 3510 0 0
60 3511 0 0
60 3512 0 0
60 3513 0 0
60 3514 0 0
60 3515 0 0
60 3516 0 0
60 3517 0 0
60 3518 0 0
60 3519 0 0
60 3520 0 0
60 3521 0 0
60 3522 0 0
60 3523 0 0
60 3524 0 0
60 3525 0 0
60 3526 0 0
60 3527 0 0
60 3528 0 0
60 3529 0 0
60 3530 0 0
60 3531 0 0
60 3532 0 0
60 3533 0 0
60 3534 0 0
60 3535 0 0
60 3536 0 0
60 3537 0 0
60 3538 0 0
60 3539 0 0
60 3540 0 0
60 3541 0 0
60 3542 0 0
60 3543 0 0
60 3544 0 0
60 3545 0 0
60 3546 0 0
60 3547 0 0
60 3548 0 0
60 3549 0 0
60 3550 0 0
60 3551 0 0
60 3552 0 0
60 3553 0 0
60 3554 0 0
60 3555 0 0
60 3556 0 0
60 3557 0 0
60 3558 0 0
60 3559 0 0
60 3560 0 0
60 3561 0 0
60 3562 0 0
60 3563 0 0
60 3564 0 0
60 3565 0 0
60 3566 0 0
60 3567 0 0
60 3568 0 0
60 3569 0 0
60 3570 0 0
60 3571 0 0
60 3572 0 0
60 3573 0 0
60 3574 0 0
60 3575 0 0
60 3576 0 0
60 3577 0 0
60 3578 0 0
60 3579 0 0
60 3580 0 0
60 3581 0 0
60 3582 0 0
60 3583 0 0
60 3584 0 0
60 3585 0 0
60 3586 0 0
60 3587 0 0
60 3588 0 0
60 3589 0 0
60 3590 0 0
60 3591 0 0
60 3592 0 0
60 3593 0 0
60 3594 0 0
60 3595 0 0
60 3596 0 0
60 3597 0 0
60 3598 0 0
60 3599 0 0
60 3600 0 0
60 3601 0 0
60 3602 0 0
60 3603 0 0
60 3604 0 0
60 3605 0 0
60 3606 0 0
60 3607 0 0
60 3608 0 0
60 3609 0 0
60 3610 0 0
60 3611 0 0
60 3612 0 0
60 3613 0 0
60 3614 0 0
60 3615 0 0
60 3616 0 0
60 3617 0 0
60 3618 0 0
60 3619 0 0
60 3620 0 0
60 3621 0 0
60 3622 0 0
60 3623 0 0
60 3624 0 0
60 3625 0 0
60 3626 0 0
60 3627 0 0
60 3628 0 0
60 3629 0 0
60 3630 0 0
60 3631 0 0
60 3632 0 0
60 3633 0 0
60 3634 0 0
60 3635 0 0
60 3636 0 0
60 3637 0 0
60 3638 0 0
60 3639 0 0
60 3640 0 0
60 3641 0 0
60 3642 0 0
60 3643 0 0
60 3644 0 0
60 3645 0 0
60 3646 0 0
60 3647 0 0
60 3648 0 0
60 3649 0 0
60 3650 0 0
60 3651 0 0
60 3652 0 0
60 3653 0 0
60 3654 0 0
60 3655 0 0
60 3656 0 0
60 3657 0 0
60 3658 0 0
60 3659 0 0
60 3660 0 0
60 3661 0 0
60 3662 0 0
60 3663 0 0
60 3664 0 0
60 3665 0 0
60 3666 0 0
60 3667 0 0
60 3668 0 0
60 3669 0 0
60 3670 0 0
60 3671 0 0
60 3672 0 0
60 3673 0 0
60 3674 0 0
60 3675 0 0
60 3676 0 0
60 3677 0 0
60 3678 0 0
60 3679 0 0
60 3680 0 0
60 3681 0 0
60 3682 0 0
60 3683 0 0
60 3684 0 0
60 3685 0 0
60 3686 0 0
60 3687 0 0
60 3688 0 0
60 3689 0 0
60 3690 0 0
60 3691 0 0
60 3692 0 0
60 3693 0 0
60 3694 0 0
60 3695 0 0
60 3696 0 0
60 3697 0 0
60 3698 0 0
60 3699 0 0
60 3700 0 0
60 3701 0 0
60 3702 0 0
60 3703 0 0
60 3704 0 0
60 3705 0 0
60 3706 0 0
60 3707 0 0
60 3708 0 0
60 3709 0 0
60 3710 0 0
60 3711 0 0
60 3712 0 0
60 3713 0 0
60 3714 0 0
60 3715 0 0
60 3716 0 0
60 3717 0 0
60 3718 0 0
60 3719 0 0
60 3720 0 0
60 3721 0 0
60 3722 0 0
60 3723 0 0
60 3724 0 0
60 3725 0 0
60 3726 0 0
60 3727 0 0
60 3728 0 0
60 3729 0 0
60 3730 0 0
60 3731 0 0
60 3732 0 0
60 3733 0 0
60 3734 0 0
60 3735 0 0
60 3736 0 0
60 3737 0 0
60 3738 0 0
60 3739 0 0
60 3740 0 0
60 3741 0 0
60 3742 0 0
60 3743 0 0
60 3744 0 0
60 3745 0 0
60 3746 0 0
60 3747 0 0
60 3748 0 0
60 3749 0 0
60 3750 0 0
60 3751 0 0
60 3752 0 0
60 3753 0 0
60 3754 0 0
60 3755 0 0
60 3756 0 0
60 3757 0 0
60 3758 0 0
60 3759 0 0
60 3760 0 0
60 3761 0 0
60 3762 0 0
60 3763 0 0
60 3764 0 0
60 3765 0 0
60 3766 0 0
60 3767 0 0
60 3768 0 0
60 3769 0 0
60 3770 0 0
60 3771 0 0
60 3772 0 0
60 3773 0 0
60 3774 0 0
60 3775 0 0
60 3776 0 0
60 3777 0 0
60 3778 0 0
60 3779 0 0
60 3780 0 0
60 3781 0 0
60 3782 0 0
60 3783 0 0
60 3784 0 0
60 3785 0 0
60 3786 0 0
60 3787 0 0
60 3788 0 0
60 3789 0 0
60 3790 0 0
60 3791 0 0
60 3792 0 0
60 3793 0 0
60 3794 0 0
60 3795 0 0
60 3796 0 0
60 3797 0 0
60 3798 0 0
60 3799 0 0
60 3800 0 0
60 3801 0 0
60 3802 0 0
60 3803 0 0
60 3804 0 0
60 3805 0 0
60 3806 0 0
60 3807 0 0
60 3808 0 0
60 3809 0 0
60 3810 0 0
60 3811 0 0
60 3812 0 0
60 3813 0 0
60 3814 0 0
60 3815 0 0
60 3816 0 0
60 3817 0 0
60 3818 0 0
60 3819 0 0
60 3820 0 0
60 3821 0 0
60 3822 0 0
60 3823 0 0
60 3824 0 0
60 3825 0 0
60 3826 0 0
60 3827 0 0
60 3828 0 0
60 3829 0 0
60 3830 0 0
60 3831 0 0
60 3832 0 0
60 3833 0 0
60 3834 0 0
60 3835 0 0
60 3836 0 0
60 3837 0 0
60 3838 0 0
60 3839 0 0
60 3840 0 0
60 3841 0 0
60 3842 0 0
60 3843 0 0
60 3844 0 0
60 3845 0 0
60 3846 0 0
60 3847 0 0
60 3848 0 0
60 3849 0 0
60 3850 0 0
60 3851 0 0
60 3852 0 0
60 3853 0 0
60 3854 0 0
60 3855 0 0
60 3856 0 0
60 3857 0 0
60 3858 0 0
60 3859 0 0
60 3860 0 0
60 3861 0 0
60 3862 0 0
60 3863 0 0
60 3864 0 0
60 3865 0 0
60 3866 0 0
60 3867 0 0
60 3868 0 0
60 3869 0 0
60 3870 0 0
60 3871 0 0
60 3872 0 0
60 3873 0 0
60 3874 0 0
60 3875 0 0
60 3876 0 0
60 3877 0 0
60 3878 0 0
60 3879 0 0
60 3880 0 0
60 3881 0 0
60 3882 0 0
60 3883 0 0
60 3884 0 0
60 3885 0 0
60 3886 0 0
60 3887 0 0
60 3888 0 0
60 3889 0 0
60 3890 0 0
60 3891 0 0
60 3892 0 0
60 3893 0 0
60 3894 0 0
60 3895 0 0
60 3896 0 0
60 3897 0 0
60 3898 0 0
60 3899 0 0
60 3900 0 0
60 3901 0 0
60 3902 0 0
60 3903 0 0
60 3904 0 0
60 3905 0 0
60 3906 0 0
60 3907 0 0
60 3908 0 0
60 3909 0 0
60 3910 0 0
60 3911 0 0
60 3912 0 0
60 3913 0 0
60 3914 0 0
60 3915 0 0
60 3916 0 0
60 3917 0 0
60 3918 0 0
60 3919 0 0
60 3920 0 0
60 3921 0 0
60 3922 0 0
60 3923 0 0
60 3924 0 0
60 3925 0 0
60 3926 0 0
60 3927 0 0
60 3928 0 0
60 3929 0 0
60 3930 0 0
60 3931 0 0
60 3932 0 0
60 3933 0 0
60 3934 0 0
60 3935 0 0
60 3936 0 0
60 3937 0 0
60 3938 0 0
60 3939 0 0
60 3940 0 0
60 3941 0 0
60 3942 0 0
60 3943 0 0
60 3944 0 0
60 3945 0 0
60 3946 0 0
60 3947 0 0
60 3948 0 0
60 3949 0 0
60 3950 0 0
60 3951 0 0
60 3952 0 0
60 3953 0 0
60 3954 0 0
60 3955 0 0
60 3956 0 0
60 3957 0 0
60 3958 0 0
60 3959 0 0
60 3960 0 0
60 3961 0 0
60 3962 0 0
60 3963 0 0
60 3964 0 0
60 3965 0 0
60 3966 0 0
60 3967 0 0
60 3968 0 0
60 3969 0 0
60 3970 0 0
60 3971 0 0
60 3972 0 0
60 3973 0 0
60 3974 0 0
60 3975 0 0
60 3976 0 0
60 3977 0 0
60 3978 0 0
60 3979 0 0
60 3980 0 0
60 3981 0 0
60 3982 0 0
60 3983 0 0
60 3984 0 0
60 3985 0 0
60 3986 0 0
60 3987 0 0
60 3988 0 0
60 3989 0 0
60 3990 0 0
60 3991 0 0
60 3992 0 0
60 3993 0 0
60 3994 0 0
60 3995 0 0
60 3996 0 0
60 3997 0 0
60 3998 0 0
60 3999 0 0
60 4000 0 0
60 4001 0 0
60 4002 0 0
60 4003 0 0
60 4004 0 0
60 4005 0 0
60 4006 0 0
60 4007 0 0
60 4008 0 0
60 4009 0 0
60 4010 0 0
60 4011 0 0
60 4012 0 0
60 4013 0 0
60 4014 0 0
60 4015 0 0
60 4016 0 0
60 4017 0 0
60 4018 0 0
60 4019 0 0
60 4020 0 0
60 4021 0 0
60 4022 0 0
60 4023 0 0
60 4024 0 0
60 4025 0 0
60 4026 0 0
60 4027 0 0
60 4028 0 0
60 4029 0 0
60 4030 0 0
60 4031 0 0
60 4032 0 0
60 4033 0 0
60 4034 0 0
60 4035 0 0
60 4036 0 0
60 4037 0 0
60 4038 0 0
60 4039 0 0
60 4040 0 0
60 4041 0 0
60 4042 0 0
60 4043 0 0
60 4044 0 0
60 4045 0 0
60 4046 0 0
60 4047 0 0
60 4048 0 0
60 4049 0 0
60 4050 0 0
60 4051 0 0
60 4052 0 0
60 4053 0 0
60 4054 0 0
60 4055 0 0
60 4056 0 0
60 4057 0 0
60 4058 0 0
60 4059 0 0
60 4060 0 0
60 4061 0 0
60 4062 0 0
60 4063 0 0
60 4064 0 0
60 4065 0 0
60 4066 0 0
60 4067 0 0
60 4068 0 0
60 4069 0 0
60 4070 0 0
60 4071 0 0
60 4072 0 0
60 4073 0 0
60 4074 0 0
60 4075 0 0
60 4076 0 0
60 4077 0 0
60 4078 0 0
60 4079 0 0
60 4080 0 0
60 4081 0 0
60 4082 0 0
60 4083 0 0
60 4084 0 0
60 4085 0 0
60 4086 0 0
60 4087 0 0
60 4088 0 0
60 4089 0 0
60 4090 0 0
60 4091 0 0
60 4092 0 0
60 4093 0 0
60 4094 0 0
60 4095 0 0
61 0 108 108
61 1 141 178
61 2 95 120
61 3 107 156
61 4 85 106
61 5 109 158
61 6 73 106
61 7 81 130
61 8 75 93
61 9 108 162
61 10 69 100
61 11 95 156
61 12 59 86
61 13 85 142
61 14 53 86
61 15 73 130
61 16 81 99
61 17 121 175
61 18 108 150
61 19 141 232
61 20 63 90
61 21 95 154
61 22 85 134
61 23 109 194
61 24 55 79
61 25 81 135
61 26 75 123
61 27 108 204
61 28 43 70
61 29 63 114
61 30 59 106
61 31 85 170
61 32 83 101
61 33 111 161
61 34 75 109
61 35 83 133
61 36 108 146
61 37 141 228
61 38 95 154
61 39 107 190
61 40 57 81
61 41 83 137
61 42 55 89
61 43 75 133
61 44 75 119
61 45 108 200
61 46 69 126
61 47 95 190
61 48 61 85
61 49 93 149
61 50 83 129
61 51 111 197
61 52 81 125
61 53 121 217
61 54 108 188
61 55 141 282
61 56 41 65
61 57 61 109
61 58 57 101
61 59 83 165
61 60 55 97
61 61 81 161
61 62 75 149
61 63 108 242
62 0 144 144
62 1 87 117
62 2 209 254
62 3 128 198
62 4 173 202
62 5 106 160
62 6 241 322
62 7 148 244
62 8 128 144
62 9 77 111
62 10 193 262
62 11 119 199
62 12 148 192
62 13 90 144
62 14 204 312
62 15 124 222
62 16 148 164
62 17 89 127
62 18 216 292
62 19 132 218
62 20 169 214
62 21 104 166
62 22 232 344
62 23 142 250
62 24 136 168
62 25 82 126
62 26 205 310
62 27 127 229
62 28 156 216
62 29 95 159
62 30 216 352
62 31 132 248
62 32 128 140
62 33 76 106
62 34 196 252
62 35 119 189
62 36 164 204
62 37 100 156
62 38 237 338
62 39 146 252
62 40 136 164
62 41 82 124
62 42 196 284
62 43 120 208
62 44 165 230
62 45 102 174
62 46 216 344
62 47 132 244
62 48 136 156
62 49 81 117
62 50 208 284
62 51 127 211
62 52 156 204
62 53 95 153
62 54 225 346
62 55 138 250
62 56 148 192
62 57 90 144
62 58 213 342
62 59 132 248
62 60 169 250
62 61 104 184
62 62 225 386
62 63 138 270
62 64 148 164
62 65 89 127
62 66 209 286
62 67 128 214
62 68 189 242
62 69 116 186
62 70 240 376
62 71 146 266
62 72 140 172
62 73 84 128
62 74 197 294
62 75 121 215
62 76 168 240
62 77 102 174
62 78 220 368
62 79 134 256
62 80 156 188
62 81 94 142
62 82 221 334
62 83 136 244
62 84 165 226
62 85 101 169
62 86 220 360
62 87 134 252
62 88 144 200
62 89 86 142
62 90 204 348
62 91 125 243
62 92 164 252
62 93 100 180
62 94 229 418
62 95 142 292
62 96 148 176
62 97 88 130
62 98 212 308
62 99 129 223
62 100 188 252
62 101 114 186
62 102 244 392
62 103 148 274
62 104 132 176
62 105 79 127
62 106 176 284
62 107 106 196
62 108 169 262
62 109 104 190
62 110 208 368
62 111 126 250
62 112 160 204
62 113 96 150
62 114 229 366
62 115 141 263
62 116 168 240
62 117 102 174
62 118 229 394
62 119 140 274
62 120 140 200
62 121 84 142
62 122 188 332
62 123 114 226
62 124 161 262
62 125 99 187
62 126 212 400
62 127 130 272
62 128 156 168
62 129 94 132
62 130 237 310
62 131 147 241
62 132 168 208
62 133 102 158
62 134 236 344
62 135 144 250
62 136 144 180
62 137 87 135
62 138 208 316
62 139 128 230
62 140 173 246
62 141 107 185
62 142 220 360
62 143 134 252
62 144 128 156
62 145 76 114
62 146 196 284
62 147 119 205
62 148 164 220
62 149 100 164
62 150 245 386
62 151 152 282
62 152 120 164
62 153 72 118
62 154 172 284
62 155 104 196
62 156 149 230
62 157 92 168
62 158 200 352
62 159 122 242
62 160 148 172
62 161 89 131
62 162 216 300
62 163 132 222
62 164 169 230
62 165 104 174
62 166 224 344
62 167 136 244
62 168 152 200
62 169 92 148
62 170 229 366
62 171 143 269
62 172 172 256
62 173 105 185
62 174 232 392
62 175 142 274
62 176 124 156
62 177 74 114
62 178 180 268
62 179 108 188
62 180 161 230
62 181 99 171
62 182 228 368
62 183 140 262
62 184 124 180
62 185 74 126
62 186 188 324
62 187 115 225
62 188 152 244
62 189 93 173
62 190 217 402
62 191 134 278
62 192 156 192
62 193 93 141
62 194 224 340
62 195 137 245
62 196 164 228
62 197 99 165
62 198 216 352
62 199 130 242
62 200 160 212
62 201 97 157
62 202 217 358
62 203 134 256
62 204 173 266
62 205 106 192
62 206 225 402
62 207 138 278
62 208 132 176
62 209 78 124
62 210 188 308
62 211 113 211
62 212 172 252
62 213 104 180
62 214 228 400
62 215 138 272
62 216 132 192
62 217 79 135
62 218 176 316
62 219 106 212
62 220 169 278
62 221 104 198
62 222 216 416
62 223 132 280
62 224 172 220
62 225 104 164
62 226 245 390
62 227 152 284
62 228 181 266
62 229 111 195
62 230 236 400
62 231 144 278
62 232 144 208
62 233 86 146
62 234 204 356
62 235 125 247
62 236 164 268
62 237 100 188
62 238 221 418
62 239 136 286
62 240 144 200
62 241 86 142
62 242 204 348
62 243 124 240
62 244 185 286
62 245 113 205
62 246 245 450
62 247 150 308
62 248 120 184
62 249 71 125
62 250 168 308
62 251 101 205
62 252 156 268
62 253 95 185
62 254 209 418
62 255 128 280
63 0 72 72
63 1 42 54
63 2 116 136
63 3 69 101
63 4 96 108
63 5 57 81
63 6 152 200
63 7 92 148
63 8 68 76
63 9 40 56
63 10 108 144
63 11 65 105
63 12 84 104
63 13 50 76
63 14 124 184
63 15 74 128
63 16 80 84
63 17 47 63
63 18 128 160
63 19 77 119
63 20 88 104
63 21 52 76
63 22 140 192
63 23 84 138
63 24 76 88
63 25 45 65
63 26 120 168
63 27 73 123
63 28 92 116
63 29 55 85
63 30 136 208
63 31 82 146
63 32 72 72
63 33 42 54
63 34 116 136
63 35 69 101
63 36 96 108
63 37 57 81
63 38 152 200
63 39 92 148
63 40 68 76
63 41 40 56
63 42 108 144
63 43 65 105
63 44 84 104
63 45 50 76
63 46 124 184
63 47 74 128
63 48 80 84
63 49 47 63
63 50 128 160
63 51 77 119
63 52 88 104
63 53 52 76
63 54 140 192
63 55 84 138
63 56 76 88
63 57 45 65
63 58 120 168
63 59 73 123
63 60 92 116
63 61 55 85
63 62 136 208
63 63 82 146
63 64 108 124
63 65 64 92
63 66 172 240
63 67 105 177
63 68 144 188
63 69 87 139
63 70 217 354
63 71 134 254
63 72 80 104
63 73 47 73
63 74 128 200
63 75 77 139
63 76 104 152
63 77 62 106
63 78 164 288
63 79 100 198
63 80 120 148
63 81 72 110
63 82 189 290
63 83 117 213
63 84 132 180
63 85 79 129
63 86 200 336
63 87 122 234
63 88 92 128
63 89 55 91
63 90 145 250
63 91 89 175
63 92 116 176
63 93 70 124
63 94 181 338
63 95 112 234
63 96 108 124
63 97 64 92
63 98 172 240
63 99 105 177
63 100 144 188
63 101 87 139
63 102 217 354
63 103 134 254
63 104 80 104
63 105 47 73
63 106 128 200
63 107 77 139
63 108 104 152
63 109 62 106
63 110 164 288
63 111 100 198
63 112 120 148
63 113 72 110
63 114 189 290
63 115 117 213
63 116 132 180
63 117 79 129
63 118 200 336
63 119 122 234
63 120 92 128
63 121 55 91
63 122 145 250
63 123 89 175
63 124 116 176
63 125 70 124
63 126 181 338
63 127 112 234
63 128 92 104
63 129 55 79
63 130 144 192
63 131 88 144
63 132 101 134
63 133 61 99
63 134 157 234
63 135 96 170
63 136 92 120
63 137 56 90
63 138 141 226
63 139 88 166
63 140 109 158
63 141 67 117
63 142 156 264
63 143 96 186
63 144 84 100
63 145 50 74
63 146 132 184
63 147 80 134
63 148 109 146
63 149 66 108
63 150 169 258
63 151 104 188
63 152 84 116
63 153 51 85
63 154 129 218
63 155 80 156
63 156 101 154
63 157 62 112
63 158 144 256
63 159 88 176
63 160 92 104
63 161 55 79
63 162 144 192
63 163 88 144
63 164 101 134
63 165 61 99
63 166 157 234
63 167 96 170
63 168 92 120
63 169 56 90
63 170 141 226
63 171 88 166
63 172 109 158
63 173 67 117
63 174 156 264
63 175 96 186
63 176 84 100
63 177 50 74
63 178 132 184
63 179 80 134
63 180 109 146
63 181 66 108
63 182 169 258
63 183 104 188
63 184 84 116
63 185 51 85
63 186 129 218
63 187 80 156
63 188 101 154
63 189 62 112
63 190 144 256
63 191 88 176
63 192 132 168
63 193 80 126
63 194 197 314
63 195 122 228
63 196 129 194
63 197 78 138
63 198 185 322
63 199 112 220
63 200 100 144
63 201 60 102
63 202 156 272
63 203 96 190
63 204 109 178
63 205 66 124
63 206 169 322
63 207 104 220
63 208 120 160
63 209 72 116
63 210 180 296
63 211 110 208
63 212 141 218
63 213 86 156
63 214 200 368
63 215 122 250
63 216 96 144
63 217 58 102
63 218 149 274
63 219 92 190
63 220 105 178
63 221 64 124
63 222 160 320
63 223 98 214
63 224 132 168
63 225 80 126
63 226 197 314
63 227 122 228
63 228 129 194
63 229 78 138
63 230 185 322
63 231 112 220
63 232 100 144
63 233 60 102
63 234 156 272
63 235 96 190
63 236 109 178
63 237 66 124
63 238 169 322
63 239 104 220
63 240 120 160
63 241 72 116
63 242 180 296
63 243 110 208
63 244 141 218
63 245 86 156
63 246 200 368
63 247 122 250
63 248 96 144
63 249 58 102
63 250 149 274
63 251 92 190
63 252 105 178
63 253 64 124
63 254 160 320
63 255 98 214
64 0 100 100
64 1 59 77
64 2 160 192
64 3 97 147
64 4 136 156
64 5 82 120
64 6 213 298
64 7 132 226
64 8 88 100
64 9 52 74
64 10 140 192
64 11 85 141
64 12 112 144
64 13 67 105
64 14 168 264
64 15 102 186
64 16 112 120
64 17 67 93
64 18 177 234
64 19 109 179
64 20 124 152
64 21 74 112
64 22 196 288
64 23 120 210
64 24 100 120
64 25 60 90
64 26 157 234
64 27 97 173
64 28 124 164
64 29 75 121
64 30 185 306
64 31 114 218
64 32 100 100
64 33 59 77
64 34 160 192
64 35 97 147
64 36 136 156
64 37 82 120
64 38 213 298
64 39 132 226
64 40 88 100
64 41 52 74
64 42 140 192
64 43 85 141
64 44 112 144
64 45 67 105
64 46 168 264
64 47 102 186
64 48 112 120
64 49 67 93
64 50 177 234
64 51 109 179
64 52 124 152
64 53 74 112
64 54 196 288
64 55 120 210
64 56 100 120
64 57 60 90
64 58 157 234
64 59 97 173
64 60 124 164
64 61 75 121
64 62 185 306
64 63 114 218
64 64 80 96
64 65 47 69
64 66 128 184
64 67 77 131
64 68 104 140
64 69 62 100
64 70 156 256
64 71 94 176
64 72 60 80
64 73 35 55
64 74 96 152
64 75 57 103
64 76 76 112
64 77 45 77
64 78 120 208
64 79 72 140
64 80 88 112
64 81 52 80
64 82 140 216
64 83 85 153
64 84 96 132
64 85 57 93
64 86 144 240
64 87 86 162
64 88 68 96
64 89 40 66
64 90 108 184
64 91 65 125
64 92 84 128
64 93 50 88
64 94 132 240
64 95 80 162
64 96 80 96
64 97 47 69
64 98 128 184
64 99 77 131
64 100 104 140
64 101 62 100
64 102 156 256
64 103 94 176
64 104 60 80
64 105 35 55
64 106 96 152
64 107 57 103
64 108 76 112
64 109 45 77
64 110 120 208
64 111 72 140
64 112 88 112
64 113 52 80
64 114 140 216
64 115 85 153
64 116 96 132
64 117 57 93
64 118 144 240
64 119 86 162
64 120 68 96
64 121 40 66
64 122 108 184
64 123 65 125
64 124 84 128
64 125 50 88
64 126 132 240
64 127 80 162
64 128 120 132
64 129 72 102
64 130 180 240
64 131 110 180
64 132 125 166
64 133 76 124
64 134 184 280
64 135 112 200
64 136 112 144
64 137 68 108
64 138 173 274
64 139 108 202
64 140 121 174
64 141 74 128
64 142 176 296
64 143 108 208
64 144 116 136
64 145 70 104
64 146 173 250
64 147 106 184
64 148 129 178
64 149 78 130
64 150 193 306
64 151 118 218
64 152 100 140
64 153 60 100
64 154 156 264
64 155 96 186
64 156 109 170
64 157 66 120
64 158 161 290
64 159 98 198
64 160 120 132
64 161 72 102
64 162 180 240
64 163 110 180
64 164 125 166
64 165 76 124
64 166 184 280
64 167 112 200
64 168 112 144
64 169 68 108
64 170 173 274
64 171 108 202
64 172 121 174
64 173 74 128
64 174 176 296
64 175 108 208
64 176 116 136
64 177 70 104
64 178 173 250
64 179 106 184
64 180 129 178
64 181 78 130
64 182 193 306
64 183 118 218
64 184 100 140
64 185 60 100
64 186 156 264
64 187 96 186
64 188 109 170
64 189 66 120
64 190 161 290
64 191 98 198
64 192 104 140
64 193 63 103
64 194 161 266
64 195 100 192
64 196 113 170
64 197 69 123
64 198 164 288
64 199 100 198
64 200 80 120
64 201 48 84
64 202 124 224
64 203 76 154
64 204 97 162
64 205 59 113
64 206 149 290
64 207 92 198
64 208 96 132
64 209 58 96
64 210 149 250
64 211 92 178
64 212 121 186
64 213 74 134
64 214 176 320
64 215 108 220
64 216 72 112
64 217 43 77
64 218 112 208
64 219 68 140
64 220 89 154
64 221 54 106
64 222 137 274
64 223 84 184
64 224 104 140
64 225 63 103
64 226 161 266
64 227 100 192
64 228 113 170
64 229 69 123
64 230 164 288
64 231 100 198
64 232 80 120
64 233 48 84
64 234 124 224
64 235 76 154
64 236 97 162
64 237 59 113
64 238 149 290
64 239 92 198
64 240 96 132
64 241 58 96
64 242 149 250
64 243 92 178
64 244 121 186
64 245 74 134
64 246 176 320
64 247 108 220
64 248 72 112
64 249 43 77
64 250 112 208
64 251 68 140
64 252 89 154
64 253 54 106
64 254 137 274
64 255 84 184
65 0 52 52
65 1 32 44
65 2 76 92
65 3 48 76
65 4 57 66
65 5 36 56
65 6 81 106
65 7 52 88
65 8 64 72
65 9 40 60
65 10 93 134
65 11 60 108
65 12 69 86
65 13 44 72
65 14 88 136
65 15 56 104
65 16 52 52
65 17 32 44
65 18 76 92
65 19 48 76
65 20 57 66
65 21 36 56
65 22 81 106
65 23 52 88
65 24 64 72
65 25 40 60
65 26 93 134
65 27 60 108
65 28 69 86
65 29 44 72
65 30 88 136
65 31 56 104
65 32 52 52
65 33 32 44
65 34 76 92
65 35 48 76
65 36 57 66
65 37 36 56
65 38 81 106
65 39 52 88
65 40 64 72
65 41 40 60
65 42 93 134
65 43 60 108
65 44 69 86
65 45 44 72
65 46 88 136
65 47 56 104
65 48 52 52
65 49 32 44
65 50 76 92
65 51 48 76
65 52 57 66
65 53 36 56
65 54 81 106
65 55 52 88
65 56 64 72
65 57 40 60
65 58 93 134
65 59 60 108
65 60 69 86
65 61 44 72
65 62 88 136
65 63 56 104
65 64 64 72
65 65 40 60
65 66 93 134
65 67 60 108
65 68 69 86
65 69 44 72
65 70 88 136
65 71 56 104
65 72 52 68
65 73 32 52
65 74 76 124
65 75 48 92
65 76 57 82
65 77 36 64
65 78 81 138
65 79 52 104
65 80 64 72
65 81 40 60
65 82 93 134
65 83 60 108
65 84 69 86
65 85 44 72
65 86 88 136
65 87 56 104
65 88 52 68
65 89 32 52
65 90 76 124
65 91 48 92
65 92 57 82
65 93 36 64
65 94 81 138
65 95 52 104
65 96 64 72
65 97 40 60
65 98 93 134
65 99 60 108
65 100 69 86
65 101 44 72
65 102 88 136
65 103 56 104
65 104 52 68
65 105 32 52
65 106 76 124
65 107 48 92
65 108 57 82
65 109 36 64
65 110 81 138
65 111 52 104
65 112 64 72
65 113 40 60
65 114 93 134
65 115 60 108
65 116 69 86
65 117 44 72
65 118 88 136
65 119 56 104
65 120 52 68
65 121 32 52
65 122 76 124
65 123 48 92
65 124 57 82
65 125 36 64
65 126 81 138
65 127 52 104
65 128 32 44
65 129 19 31
65 130 48 76
65 131 29 53
65 132 36 56
65 133 22 40
65 134 52 88
65 135 32 62
65 136 40 60
65 137 24 42
65 138 60 108
65 139 37 75
65 140 44 72
65 141 27 51
65 142 56 104
65 143 34 70
65 144 32 44
65 145 19 31
65 146 48 76
65 147 29 53
65 148 36 56
65 149 22 40
65 150 52 88
65 151 32 62
65 152 40 60
65 153 24 42
65 154 60 108
65 155 37 75
65 156 44 72
65 157 27 51
65 158 56 104
65 159 34 70
65 160 32 44
65 161 19 31
65 162 48 76
65 163 29 53
65 164 36 56
65 165 22 40
65 166 52 88
65 167 32 62
65 168 40 60
65 169 24 42
65 170 60 108
65 171 37 75
65 172 44 72
65 173 27 51
65 174 56 104
65 175 34 70
65 176 32 44
65 177 19 31
65 178 48 76
65 179 29 53
65 180 36 56
65 181 22 40
65 182 52 88
65 183 32 62
65 184 40 60
65 185 24 42
65 186 60 108
65 187 37 75
65 188 44 72
65 189 27 51
65 190 56 104
65 191 34 70
65 192 40 60
65 193 24 42
65 194 60 108
65 195 37 75
65 196 44 72
65 197 27 51
65 198 56 104
65 199 34 70
65 200 32 52
65 201 19 35
65 202 48 92
65 203 29 61
65 204 36 64
65 205 22 44
65 206 52 104
65 207 32 70
65 208 40 60
65 209 24 42
65 210 60 108
65 211 37 75
65 212 44 72
65 213 27 51
65 214 56 104
65 215 34 70
65 216 32 52
65 217 19 35
65 218 48 92
65 219 29 61
65 220 36 64
65 221 22 44
65 222 52 104
65 223 32 70
65 224 40 60
65 225 24 42
65 226 60 108
65 227 37 75
65 228 44 72
65 229 27 51
65 230 56 104
65 231 34 70
65 232 32 52
65 233 19 35
65 234 48 92
65 235 29 61
65 236 36 64
65 237 22 44
65 238 52 104
65 239 32 70
65 240 40 60
65 241 24 42
65 242 60 108
65 243 37 75
65 244 44 72
65 245 27 51
65 246 56 104
65 247 34 70
65 248 32 52
65 249 19 35
65 250 48 92
65 251 29 61
65 252 36 64
65 253 22 44
65 254 52 104
65 255 32 70
66 0 0 0
66 1 0 0
66 2 0 0
66 3 0 0
66 4 0 0
66 5 0 0
66 6 0 0
66 7 0 0
66 8 0 0
66 9 0 0
66 10 0 0
66 11 0 0
66 12 0 0
66 13 0 0
66 14 0 0
66 15 0 0
66 16 0 0
66 17 0 0
66 18 0 0
66 19 0 0
66 20 0 0
66 21 0 0
66 22 0 0
66 23 0 0
66 24 0 0
66 25 0 0
66 26 0 0
66 27 0 0
66 28 0 0
66 29 0 0
66 30 0 0
66 31 0 0
66 32 0 0
66 33 0 0
66 34 0 0
66 35 0 0
66 36 0 0
66 37 0 0
66 38 0 0
66 39 0 0
66 40 0 0
66 41 0 0
66 42 0 0
66 43 0 0
66 44 0 0
66 45 0 0
66 46 0 0
66 47 0 0
66 48 0 0
66 49 0 0
66 50 0 0
66 51 0 0
66 52 0 0
66 53 0 0
66 54 0 0
66 55 0 0
66 56 0 0
66 57 0 0
66 58 0 0
66 59 0 0
66 60 0 0
66 61 0 0
66 62 0 0
66 63 0 0
66 64 0 0
66 65 0 0
66 66 0 0
66 67 0 0
66 68 0 0
66 69 0 0
66 70 0 0
66 71 0 0
66 72 0 0
66 73 0 0
66 74 0 0
66 75 0 0
66 76 0 0
66 77 0 0
66 78 0 0
66 79 0 0
66 80 0 0
66 81 0 0
66 82 0 0
66 83 0 0
66 84 0 0
66 85 0 0
66 86 0 0
66 87 0 0
66 88 0 0
66 89 0 0
66 90 0 0
66 91 0 0
66 92 0 0
66 93 0 0
66 94 0 0
66 95 0 0
66 96 0 0
66 97 0 0
66 98 0 0
66 99 0 0
66 100 0 0
66 101 0 0
66 102 0 0
66 103 0 0
66 104 0 0
66 105 0 0
66 106 0 0
66 107 0 0
66 108 0 0
66 109 0 0
66 110 0 0
66 111 0 0
66 112 0 0
66 113 0 0
66 114 0 0
66 115 0 0
66 116 0 0
66 117 0 0
66 118 0 0
66 119 0 0
66 120 0 0
66 121 0 0
66 122 0 0
66 123 0 0
66 124 0 0
66 125 0 0
66 126 0 0
66 127 0 0
66 128 0 0
66 129 0 0
66 130 0 0
66 131 0 0
66 132 0 0
66 133 0 0
66 134 0 0
66 135 0 0
66 136 0 0
66 137 0 0
66 138 0 0
66 139 0 0
66 140 0 0
66 141 0 0
66 142 0 0
66 143 0 0
66 144 0 0
66 145 0 0
66 146 0 0
66 147 0 0
66 148 0 0
66 149 0 0
66 150 0 0
66 151 0 0
66 152 0 0
66 153 0 0
66 154 0 0
66 155 0 0
66 156 0 0
66 157 0 0
66 158 0 0
66 159 0 0
66 160 0 0
66 161 0 0
66 162 0 0
66 163 0 0
66 164 0 0
66 165 0 0
66 166 0 0
66 167 0 0
66 168 0 0
66 169 0 0
66 170 0 0
66 171 0 0
66 172 0 0
66 173 0 0
66 174 0 0
66 175 0 0
66 176 0 0
66 177 0 0
66 178 0 0
66 179 0 0
66 180 0 0
66 181 0 0
66 182 0 0
66 183 0 0
66 184 0 0
66 185 0 0
66 186 0 0
66 187 0 0
66 188 0 0
66 189 0 0
66 190 0 0
66 191 0 0
66 192 0 0
66 193 0 0
66 194 0 0
66 195 0 0
66 196 0 0
66 197 0 0
66 198 0 0
66 199 0 0
66 200 0 0
66 201 0 0
66 202 0 0
66 203 0 0
66 204 0 0
66 205 0 0
66 206 0 0
66 207 0 0
66 208 0 0
66 209 0 0
66 210 0 0
66 211 0 0
66 212 0 0
66 213 0 0
66 214 0 0
66 215 0 0
66 216 0 0
66 217 0 0
66 218 0 0
66 219 0 0
66 220 0 0
66 221 0 0
66 222 0 0
66 223 0 0
66 224 0 0
66 225 0 0
66 226 0 0
66 227 0 0
66 228 0 0
66 229 0 0
66 230 0 0
66 231 0 0
66 232 0 0
66 233 0 0
66 234 0 0
66 235 0 0
66 236 0 0
66 237 0 0
66 238 0 0
66 239 0 0
66 240 0 0
66 241 0 0
66 242 0 0
66 243 0 0
66 244 0 0
66 245 0 0
66 246 0 0
66 247 0 0
66 248 0 0
66 249 0 0
66 250 0 0
66 251 0 0
66 252 0 0
66 253 0 0
66 254 0 0
66 255 0 0
66 256 0 0
66 257 0 0
66 258 0 0
66 259 0 0
66 260 0 0
66 261 0 0
66 262 0 0
66 263 0 0
66 264 0 0
66 265 0 0
66 266 0 0
66 267 0 0
66 268 0 0
66 269 0 0
66 270 0 0
66 271 0 0
66 272 0 0
66 273 0 0
66 274 0 0
66 275 0 0
66 276 0 0
66 277 0 0
66 278 0 0
66 279 0 0
66 280 0 0
66 281 0 0
66 282 0 0
66 283 0 0
66 284 0 0
66 285 0 0
66 286 0 0
66 287 0 0
66 288 0 0
66 289 0 0
66 290 0 0
66 291 0 0
66 292 0 0
66 293 0 0
66 294 0 0
66 295 0 0
66 296 0 0
66 297 0 0
66 298 0 0
66 299 0 0
66 300 0 0
66 301 0 0
66 302 0 0
66 303 0 0
66 304 0 0
66 305 0 0
66 306 0 0
66 307 0 0
66 308 0 0
66 309 0 0
66 310 0 0
66 311 0 0
66 312 0 0
66 313 0 0
66 314 0 0
66 315 0 0
66 316 0 0
66 317 0 0
66 318 0 0
66 319 0 0
66 320 0 0
66 321 0 0
66 322 0 0
66 323 0 0
66 324 0 0
66 325 0 0
66 326 0 0
66 327 0 0
66 328 0 0
66 329 0 0
66 330 0 0
66 331 0 0
66 332 0 0
66 333 0 0
66 334 0 0
66 335 0 0
66 336 0 0
66 337 0 0
66 338 0 0
66 339 0 0
66 340 0 0
66 341 0 0
66 342 0 0
66 343 0 0
66 344 0 0
66 345 0 0
66 346 0 0
66 347 0 0
66 348 0 0
66 349 0 0
66 350 0 0
66 351 0 0
66 352 0 0
66 353 0 0
66 354 0 0
66 355 0 0
66 356 0 0
66 357 0 0
66 358 0 0
66 359 0 0
66 360 0 0
66 361 0 0
66 362 0 0
66 363 0 0
66 364 0 0
66 365 0 0
66 366 0 0
66 367 0 0
66 368 0 0
66 369 0 0
66 370 0 0
66 371 0 0
66 372 0 0
66 373 0 0
66 374 0 0
66 375 0 0
66 376 0 0
66 377 0 0
66 378 0 0
66 379 0 0
66 380 0 0
66 381 0 0
66 382 0 0
66 383 0 0
66 384 0 0
66 385 0 0
66 386 0 0
66 387 0 0
66 388 0 0
66 389 0 0
66 390 0 0
66 391 0 0
66 392 0 0
66 393 0 0
66 394 0 0
66 395 0 0
66 396 0 0
66 397 0 0
66 398 0 0
66 399 0 0
66 400 0 0
66 401 0 0
66 402 0 0
66 403 0 0
66 404 0 0
66 405 0 0
66 406 0 0
66 407 0 0
66 408 0 0
66 409 0 0
66 410 0 0
66 411 0 0
66 412 0 0
66 413 0 0
66 414 0 0
66 415 0 0
66 416 0 0
66 417 0 0
66 418 0 0
66 419 0 0
66 420 0 0
66 421 0 0
66 422 0 0
66 423 0 0
66 424 0 0
66 425 0 0
66 426 0 0
66 427 0 0
66 428 0 0
66 429 0 0
66 430 0 0
66 431 0 0
66 432 0 0
66 433 0 0
66 434 0 0
66 435 0 0
66 436 0 0
66 437 0 0
66 438 0 0
66 439 0 0
66 440 0 0
66 441 0 0
66 442 0 0
66 443 0 0
66 444 0 0
66 445 0 0
66 446 0 0
66 447 0 0
66 448 0 0
66 449 0 0
66 450 0 0
66 451 0 0
66 452 0 0
66 453 0 0
66 454 0 0
66 455 0 0
66 456 0 0
66 457 0 0
66 458 0 0
66 459 0 0
66 460 0 0
66 461 0 0
66 462 0 0
66 463 0 0
66 464 0 0
66 465 0 0
66 466 0 0
66 467 0 0
66 468 0 0
66 469 0 0
66 470 0 0
66 471 0 0
66 472 0 0
66 473 0 0
66 474 0 0
66 475 0 0
66 476 0 0
66 477 0 0
66 478 0 0
66 479 0 0
66 480 0 0
66 481 0 0
66 482 0 0
66 483 0 0
66 484 0 0
66 485 0 0
66 486 0 0
66 487 0 0
66 488 0 0
66 489 0 0
66 490 0 0
66 491 0 0
66 492 0 0
66 493 0 0
66 494 0 0
66 495 0 0
66 496 0 0
66 497 0 0
66 498 0 0
66 499 0 0
66 500 0 0
66 501 0 0
66 502 0 0
66 503 0 0
66 504 0 0
66 505 0 0
66 506 0 0
66 507 0 0
66 508 0 0
66 509 0 0
66 510 0 0
66 511 0 0
66 512 0 0
66 513 0 0
66 514 0 0
66 515 0 0
66 516 0 0
66 517 0 0
66 518 0 0
66 519 0 0
66 520 0 0
66 521 0 0
66 522 0 0
66 523 0 0
66 524 0 0
66 525 0 0
66 526 0 0
66 527 0 0
66 528 0 0
66 529 0 0
66 530 0 0
66 531 0 0
66 532 0 0
66 533 0 0
66 534 0 0
66 535 0 0
66 536 0 0
66 537 0 0
66 538 0 0
66 539 0 0
66 540 0 0
66 541 0 0
66 542 0 0
66 543 0 0
66 544 0 0
66 545 0 0
66 546 0 0
66 547 0 0
66 548 0 0
66 549 0 0
66 550 0 0
66 551 0 0
66 552 0 0
66 553 0 0
66 554 0 0
66 555 0 0
66 556 0 0
66 557 0 0
66 558 0 0
66 559 0 0
66 560 0 0
66 561 0 0
66 562 0 0
66 563 0 0
66 564 0 0
66 565 0 0
66 566 0 0
66 567 0 0
66 568 0 0
66 569 0 0
66 570 0 0
66 571 0 0
66 572 0 0
66 573 0 0
66 574 0 0
66 575 0 0
66 576 0 0
66 577 0 0
66 578 0 0
66 579 0 0
66 580 0 0
66 581 0 0
66 582 0 0
66 583 0 0
66 584 0 0
66 585 0 0
66 586 0 0
66 587 0 0
66 588 0 0
66 589 0 0
66 590 0 0
66 591 0 0
66 592 0 0
66 593 0 0
66 594 0 0
66 595 0 0
66 596 0 0
66 597 0 0
66 598 0 0
66 599 0 0
66 600 0 0
66 601 0 0
66 602 0 0
66 603 0 0
66 604 0 0
66 605 0 0
66 606 0 0
66 607 0 0
66 608 0 0
66 609 0 0
66 610 0 0
66 611 0 0
66 612 0 0
66 613 0 0
66 614 0 0
66 615 0 0
66 616 0 0
66 617 0 0
66 618 0 0
66 619 0 0
66 620 0 0
66 621 0 0
66 622 0 0
66 623 0 0
66 624 0 0
66 625 0 0
66 626 0 0
66 627 0 0
66 628 0 0
66 629 0 0
66 630 0 0
66 631 0 0
66 632 0 0
66 633 0 0
66 634 0 0
66 635 0 0
66 636 0 0
66 637 0 0
66 638 0 0
66 639 0 0
66 640 0 0
66 641 0 0
66 642 0 0
66 643 0 0
66 644 0 0
66 645 0 0
66 646 0 0
66 647 0 0
66 648 0 0
66 649 0 0
66 650 0 0
66 651 0 0
66 652 0 0
66 653 0 0
66 654 0 0
66 655 0 0
66 656 0 0
66 657 0 0
66 658 0 0
66 659 0 0
66 660 0 0
66 661 0 0
66 662 0 0
66 663 0 0
66 664 0 0
66 665 0 0
66 666 0 0
66 667 0 0
66 668 0 0
66 669 0 0
66 670 0 0
66 671 0 0
66 672 0 0
66 673 0 0
66 674 0 0
66 675 0 0
66 676 0 0
66 677 0 0
66 678 0 0
66 679 0 0
66 680 0 0
66 681 0 0
66 682 0 0
66 683 0 0
66 684 0 0
66 685 0 0
66 686 0 0
66 687 0 0
66 688 0 0
66 689 0 0
66 690 0 0
66 691 0 0
66 692 0 0
66 693 0 0
66 694 0 0
66 695 0 0
66 696 0 0
66 697 0 0
66 698 0 0
66 699 0 0
66 700 0 0
66 701 0 0
66 702 0 0
66 703 0 0
66 704 0 0
66 705 0 0
66 706 0 0
66 707 0 0
66 708 0 0
66 709 0 0
66 710 0 0
66 711 0 0
66 712 0 0
66 713 0 0
66 714 0 0
66 715 0 0
66 716 0 0
66 717 0 0
66 718 0 0
66 719 0 0
66 720 0 0
66 721 0 0
66 722 0 0
66 723 0 0
66 724 0 0
66 725 0 0
66 726 0 0
66 727 0 0
66 728 0 0
66 729 0 0
66 730 0 0
66 731 0 0
66 732 0 0
66 733 0 0
66 734 0 0
66 735 0 0
66 736 0 0
66 737 0 0
66 738 0 0
66 739 0 0
66 740 0 0
66 741 0 0
66 742 0 0
66 743 0 0
66 744 0 0
66 745 0 0
66 746 0 0
66 747 0 0
66 748 0 0
66 749 0 0
66 750 0 0
66 751 0 0
66 752 0 0
66 753 0 0
66 754 0 0
66 755 0 0
66 756 0 0
66 757 0 0
66 758 0 0
66 759 0 0
66 760 0 0
66 761 0 0
66 762 0 0
66 763 0 0
66 764 0 0
66 765 0 0
66 766 0 0
66 767 0 0
66 768 0 0
66 769 0 0
66 770 0 0
66 771 0 0
66 772 0 0
66 773 0 0
66 774 0 0
66 775 0 0
66 776 0 0
66 777 0 0
66 778 0 0
66 779 0 0
66 780 0 0
66 781 0 0
66 782 0 0
66 783 0 0
66 784 0 0
66 785 0 0
66 786 0 0
66 787 0 0
66 788 0 0
66 789 0 0
66 790 0 0
66 791 0 0
66 792 0 0
66 793 0 0
66 794 0 0
66 795 0 0
66 796 0 0
66 797 0 0
66 798 0 0
66 799 0 0
66 800 0 0
66 801 0 0
66 802 0 0
66 803 0 0
66 804 0 0
66 805 0 0
66 806 0 0
66 807 0 0
66 808 0 0
66 809 0 0
66 810 0 0
66 811 0 0
66 812 0 0
66 813 0 0
66 814 0 0
66 815 0 0
66 816 0 0
66 817 0 0
66 818 0 0
66 819 0 0
66 820 0 0
66 821 0 0
66 822 0 0
66 823 0 0
66 824 0 0
66 825 0 0
66 826 0 0
66 827 0 0
66 828 0 0
66 829 0 0
66 830 0 0
66 831 0 0
66 832 0 0
66 833 0 0
66 834 0 0
66 835 0 0
66 836 0 0
66 837 0 0
66 838 0 0
66 839 0 0
66 840 0 0
66 841 0 0
66 842 0 0
66 843 0 0
66 844 0 0
66 845 0 0
66 846 0 0
66 847 0 0
66 848 0 0
66 849 0 0
66 850 0 0
66 851 0 0
66 852 0 0
66 853 0 0
66 854 0 0
66 855 0 0
66 856 0 0
66 857 0 0
66 858 0 0
66 859 0 0
66 860 0 0
66 861 0 0
66 862 0 0
66 863 0 0
66 864 0 0
66 865 0 0
66 866 0 0
66 867 0 0
66 868 0 0
66 869 0 0
66 870 0 0
66 871 0 0
66 872 0 0
66 873 0 0
66 874 0 0
66 875 0 0
66 876 0 0
66 877 0 0
66 878 0 0
66 879 0 0
66 880 0 0
66 881 0 0
66 882 0 0
66 883 0 0
66 884 0 0
66 885 0 0
66 886 0 0
66 887 0 0
66 888 0 0
66 889 0 0
66 890 0 0
66 891 0 0
66 892 0 0
66 893 0 0
66 894 0 0
66 895 0 0
66 896 0 0
66 897 0 0
66 898 0 0
66 899 0 0
66 900 0 0
66 901 0 0
66 902 0 0
66 903 0 0
66 904 0 0
66 905 0 0
66 906 0 0
66 907 0 0
66 908 0 0
66 909 0 0
66 910 0 0
66 911 0 0
66 912 0 0
66 913 0 0
66 914 0 0
66 915 0 0
66 916 0 0
66 917 0 0
66 918 0 0
66 919 0 0
66 920 0 0
66 921 0 0
66 922 0 0
66 923 0 0
66 924 0 0
66 925 0 0
66 926 0 0
66 927 0 0
66 928 0 0
66 929 0 0
66 930 0 0
66 931 0 0
66 932 0 0
66 933 0 0
66 934 0 0
66 935 0 0
66 936 0 0
66 937 0 0
66 938 0 0
66 939 0 0
66 940 0 0
66 941 0 0
66 942 0 0
66 943 0 0
66 944 0 0
66 945 0 0
66 946 0 0
66 947 0 0
66 948 0 0
66 949 0 0
66 950 0 0
66 951 0 0
66 952 0 0
66 953 0 0
66 954 0 0
66 955 0 0
66 956 0 0
66 957 0 0
66 958 0 0
66 959 0 0
66 960 0 0
66 961 0 0
66 962 0 0
66 963 0 0
66 964 0 0
66 965 0 0
66 966 0 0
66 967 0 0
66 968 0 0
66 969 0 0
66 970 0 0
66 971 0 0
66 972 0 0
66 973 0 0
66 974 0 0
66 975 0 0
66 976 0 0
66 977 0 0
66 978 0 0
66 979 0 0
66 980 0 0
66 981 0 0
66 982 0 0
66 983 0 0
66 984 0 0
66 985 0 0
66 986 0 0
66 987 0 0
66 988 0 0
66 989 0 0
66 990 0 0
66 991 0 0
66 992 0 0
66 993 0 0
66 994 0 0
66 995 0 0
66 996 0 0
66 997 0 0
66 998 0 0
66 999 0 0
66 1000 0 0
66 1001 0 0
66 1002 0 0
66 1003 0 0
66 1004 0 0
66 1005 0 0
66 1006 0 0
66 1007 0 0
66 1008 0 0
66 1009 0 0
66 1010 0 0
66 1011 0 0
66 1012 0 0
66 1013 0 0
66 1014 0 0
66 1015 0 0
66 1016 0 0
66 1017 0 0
66 1018 0 0
66 1019 0 0
66 1020 0 0
66 1021 0 0
66 1022 0 0
66 1023 0 0
67 0 72 72
67 1 44 60
67 2 72 72
67 3 44 60
67 4 72 72
67 5 44 60
67 6 72 72
67 7 44 60
67 8 72 72
67 9 44 60
67 10 72 72
67 11 44 60
67 12 72 72
67 13 44 60
67 14 72 72
67 15 44 60
67 16 60 68
67 17 36 52
67 18 60 68
67 19 36 52
67 20 60 68
67 21 36 52
67 22 60 68
67 23 36 52
67 24 60 68
67 25 36 52
67 26 60 68
67 27 36 52
67 28 60 68
67 29 36 52
67 30 60 68
67 31 36 52
67 32 60 68
67 33 36 52
67 34 60 68
67 35 36 52
67 36 60 68
67 37 36 52
67 38 60 68
67 39 36 52
67 40 60 68
67 41 36 52
67 42 60 68
67 43 36 52
67 44 60 68
67 45 36 52
67 46 60 68
67 47 36 52
67 48 72 88
67 49 44 68
67 50 72 88
67 51 44 68
67 52 72 88
67 53 44 68
67 54 72 88
67 55 44 68
67 56 72 88
67 57 44 68
67 58 72 88
67 59 44 68
67 60 72 88
67 61 44 68
67 62 72 88
67 63 44 68
67 64 72 72
67 65 44 60
67 66 72 72
67 67 44 60
67 68 72 72
67 69 44 60
67 70 72 72
67 71 44 60
67 72 72 72
67 73 44 60
67 74 72 72
67 75 44 60
67 76 72 72
67 77 44 60
67 78 72 72
67 79 44 60
67 80 60 68
67 81 36 52
67 82 60 68
67 83 36 52
67 84 60 68
67 85 36 52
67 86 60 68
67 87 36 52
67 88 60 68
67 89 36 52
67 90 60 68
67 91 36 52
67 92 60 68
67 93 36 52
67 94 60 68
67 95 36 52
67 96 60 68
67 97 36 52
67 98 60 68
67 99 36 52
67 100 60 68
67 101 36 52
67 102 60 68
67 103 36 52
67 104 60 68
67 105 36 52
67 106 60 68
67 107 36 52
67 108 60 68
67 109 36 52
67 110 60 68
67 111 36 52
67 112 72 88
67 113 44 68
67 114 72 88
67 115 44 68
67 116 72 88
67 117 44 68
67 118 72 88
67 119 44 68
67 120 72 88
67 121 44 68
67 122 72 88
67 123 44 68
67 124 72 88
67 125 44 68
67 126 72 88
67 127 44 68
67 128 60 68
67 129 36 52
67 130 60 68
67 131 36 52
67 132 60 68
67 133 36 52
67 134 60 68
67 135 36 52
67 136 60 68
67 137 36 52
67 138 60 68
67 139 36 52
67 140 60 68
67 141 36 52
67 142 60 68
67 143 36 52
67 144 72 88
67 145 44 68
67 146 72 88
67 147 44 68
67 148 72 88
67 149 44 68
67 150 72 88
67 151 44 68
67 152 72 88
67 153 44 68
67 154 72 88
67 155 44 68
67 156 72 88
67 157 44 68
67 158 72 88
67 159 44 68
67 160 72 88
67 161 44 68
67 162 72 88
67 163 44 68
67 164 72 88
67 165 44 68
67 166 72 88
67 167 44 68
67 168 72 88
67 169 44 68
67 170 72 88
67 171 44 68
67 172 72 88
67 173 44 68
67 174 72 88
67 175 44 68
67 176 60 84
67 177 36 60
67 178 60 84
67 179 36 60
67 180 60 84
67 181 36 60
67 182 60 84
67 183 36 60
67 184 60 84
67 185 36 60
67 186 60 84
67 187 36 60
67 188 60 84
67 189 36 60
67 190 60 84
67 191 36 60
67 192 60 68
67 193 36 52
67 194 60 68
67 195 36 52
67 196 60 68
67 197 36 52
67 198 60 68
67 199 36 52
67 200 60 68
67 201 36 52
67 202 60 68
67 203 36 52
67 204 60 68
67 205 36 52
67 206 60 68
67 207 36 52
67 208 72 88
67 209 44 68
67 210 72 88
67 211 44 68
67 212 72 88
67 213 44 68
67 214 72 88
67 215 44 68
67 216 72 88
67 217 44 68
67 218 72 88
67 219 44 68
67 220 72 88
67 221 44 68
67 222 72 88
67 223 44 68
67 224 72 88
67 225 44 68
67 226 72 88
67 227 44 68
67 228 72 88
67 229 44 68
67 230 72 88
67 231 44 68
67 232 72 88
67 233 44 68
67 234 72 88
67 235 44 68
67 236 72 88
67 237 44 68
67 238 72 88
67 239 44 68
67 240 60 84
67 241 36 60
67 242 60 84
67 243 36 60
67 244 60 84
67 245 36 60
67 246 60 84
67 247 36 60
67 248 60 84
67 249 36 60
67 250 60 84
67 251 36 60
67 252 60 84
67 253 36 60
67 254 60 84
67 255 36 60
67 256 72 72
67 257 44 60
67 258 72 72
67 259 44 60
67 260 72 72
67 261 44 60
67 262 72 72
67 263 44 60
67 264 72 72
67 265 44 60
67 266 72 72
67 267 44 60
67 268 72 72
67 269 44 60
67 270 72 72
67 271 44 60
67 272 60 68
67 273 36 52
67 274 60 68
67 275 36 52
67 276 60 68
67 277 36 52
67 278 60 68
67 279 36 52
67 280 60 68
67 281 36 52
67 282 60 68
67 283 36 52
67 284 60 68
67 285 36 52
67 286 60 68
67 287 36 52
67 288 60 68
67 289 36 52
67 290 60 68
67 291 36 52
67 292 60 68
67 293 36 52
67 294 60 68
67 295 36 52
67 296 60 68
67 297 36 52
67 298 60 68
67 299 36 52
67 300 60 68
67 301 36 52
67 302 60 68
67 303 36 52
67 304 72 88
67 305 44 68
67 306 72 88
67 307 44 68
67 308 72 88
67 309 44 68
67 310 72 88
67 311 44 68
67 312 72 88
67 313 44 68
67 314 72 88
67 315 44 68
67 316 72 88
67 317 44 68
67 318 72 88
67 319 44 68
67 320 72 72
67 321 44 60
67 322 72 72
67 323 44 60
67 324 72 72
67 325 44 60
67 326 72 72
67 327 44 60
67 328 72 72
67 329 44 60
67 330 72 72
67 331 44 60
67 332 72 72
67 333 44 60
67 334 72 72
67 335 44 60
67 336 60 68
67 337 36 52
67 338 60 68
67 339 36 52
67 340 60 68
67 341 36 52
67 342 60 68
67 343 36 52
67 344 60 68
67 345 36 52
67 346 60 68
67 347 36 52
67 348 60 68
67 349 36 52
67 350 60 68
67 351 36 52
67 352 60 68
67 353 36 52
67 354 60 68
67 355 36 52
67 356 60 68
67 357 36 52
67 358 60 68
67 359 36 52
67 360 60 68
67 361 36 52
67 362 60 68
67 363 36 52
67 364 60 68
67 365 36 52
67 366 60 68
67 367 36 52
67 368 72 88
67 369 44 68
67 370 72 88
67 371 44 68
67 372 72 88
67 373 44 68
67 374 72 88
67 375 44 68
67 376 72 88
67 377 44 68
67 378 72 88
67 379 44 68
67 380 72 88
67 381 44 68
67 382 72 88
67 383 44 68
67 384 60 68
67 385 36 52
67 386 60 68
67 387 36 52
67 388 60 68
67 389 36 52
67 390 60 68
67 391 36 52
67 392 60 68
67 393 36 52
67 394 60 68
67 395 36 52
67 396 60 68
67 397 36 52
67 398 60 68
67 399 36 52
67 400 72 88
67 401 44 68
67 402 72 88
67 403 44 68
67 404 72 88
67 405 44 68
67 406 72 88
67 407 44 68
67 408 72 88
67 409 44 68
67 410 72 88
67 411 44 68
67 412 72 88
67 413 44 68
67 414 72 88
67 415 44 68
67 416 72 88
67 417 44 68
67 418 72 88
67 419 44 68
67 420 72 88
67 421 44 68
67 422 72 88
67 423 44 68
67 424 72 88
67 425 44 68
67 426 72 88
67 427 44 68
67 428 72 88
67 429 44 68
67 430 72 88
67 431 44 68
67 432 60 84
67 433 36 60
67 434 60 84
67 435 36 60
67 436 60 84
67 437 36 60
67 438 60 84
67 439 36 60
67 440 60 84
67 441 36 60
67 442 60 84
67 443 36 60
67 444 60 84
67 445 36 60
67 446 60 84
67 447 36 60
67 448 60 68
67 449 36 52
67 450 60 68
67 451 36 52
67 452 60 68
67 453 36 52
67 454 60 68
67 455 36 52
67 456 60 68
67 457 36 52
67 458 60 68
67 459 36 52
67 460 60 68
67 461 36 52
67 462 60 68
67 463 36 52
67 464 72 88
67 465 44 68
67 466 72 88
67 467 44 68
67 468 72 88
67 469 44 68
67 470 72 88
67 471 44 68
67 472 72 88
67 473 44 68
67 474 72 88
67 475 44 68
67 476 72 88
67 477 44 68
67 478 72 88
67 479 44 68
67 480 72 88
67 481 44 68
67 482 72 88
67 483 44 68
67 484 72 88
67 485 44 68
67 486 72 88
67 487 44 68
67 488 72 88
67 489 44 68
67 490 72 88
67 491 44 68
67 492 72 88
67 493 44 68
67 494 72 88
67 495 44 68
67 496 60 84
67 497 36 60
67 498 60 84
67 499 36 60
67 500 60 84
67 501 36 60
67 502 60 84
67 503 36 60
67 504 60 84
67 505 36 60
67 506 60 84
67 507 36 60
67 508 60 84
67 509 36 60
67 510 60 84
67 511 36 60
67 512 113 146
67 513 72 120
67 514 113 146
67 515 72 120
67 516 113 146
67 517 72 120
67 518 113 146
67 519 72 120
67 520 113 146
67 521 72 120
67 522 113 146
67 523 72 120
67 524 113 146
67 525 72 120
67 526 113 146
67 527 72 120
67 528 96 136
67 529 60 104
67 530 96 136
67 531 60 104
67 532 96 136
67 533 60 104
67 534 96 136
67 535 60 104
67 536 96 136
67 537 60 104
67 538 96 136
67 539 60 104
67 540 96 136
67 541 60 104
67 542 96 136
67 543 60 104
67 544 96 136
67 545 60 104
67 546 96 136
67 547 60 104
67 548 96 136
67 549 60 104
67 550 96 136
67 551 60 104
67 552 96 136
67 553 60 104
67 554 96 136
67 555 60 104
67 556 96 136
67 557 60 104
67 558 96 136
67 559 60 104
67 560 113 178
67 561 72 136
67 562 113 178
67 563 72 136
67 564 113 178
67 565 72 136
67 566 113 178
67 567 72 136
67 568 113 178
67 569 72 136
67 570 113 178
67 571 72 136
67 572 113 178
67 573 72 136
67 574 113 178
67 575 72 136
67 576 113 146
67 577 72 120
67 578 113 146
67 579 72 120
67 580 113 146
67 581 72 120
67 582 113 146
67 583 72 120
67 584 113 146
67 585 72 120
67 586 113 146
67 587 72 120
67 588 113 146
67 589 72 120
67 590 113 146
67 591 72 120
67 592 96 136
67 593 60 104
67 594 96 136
67 595 60 104
67 596 96 136
67 597 60 104
67 598 96 136
67 599 60 104
67 600 96 136
67 601 60 104
67 602 96 136
67 603 60 104
67 604 96 136
67 605 60 104
67 606 96 136
67 607 60 104
67 608 96 136
67 609 60 104
67 610 96 136
67 611 60 104
67 612 96 136
67 613 60 104
67 614 96 136
67 615 60 104
67 616 96 136
67 617 60 104
67 618 96 136
67 619 60 104
67 620 96 136
67 621 60 104
67 622 96 136
67 623 60 104
67 624 113 178
67 625 72 136
67 626 113 178
67 627 72 136
67 628 113 178
67 629 72 136
67 630 113 178
67 631 72 136
67 632 113 178
67 633 72 136
67 634 113 178
67 635 72 136
67 636 113 178
67 637 72 136
67 638 113 178
67 639 72 136
67 640 96 136
67 641 60 104
67 642 96 136
67 643 60 104
67 644 96 136
67 645 60 104
67 646 96 136
67 647 60 104
67 648 96 136
67 649 60 104
67 650 96 136
67 651 60 104
67 652 96 136
67 653 60 104
67 654 96 136
67 655 60 104
67 656 113 178
67 657 72 136
67 658 113 178
67 659 72 136
67 660 113 178
67 661 72 136
67 662 113 178
67 663 72 136
67 664 113 178
67 665 72 136
67 666 113 178
67 667 72 136
67 668 113 178
67 669 72 136
67 670 113 178
67 671 72 136
67 672 113 178
67 673 72 136
67 674 113 178
67 675 72 136
67 676 113 178
67 677 72 136
67 678 113 178
67 679 72 136
67 680 113 178
67 681 72 136
67 682 113 178
67 683 72 136
67 684 113 178
67 685 72 136
67 686 113 178
67 687 72 136
67 688 96 168
67 689 60 120
67 690 96 168
67 691 60 120
67 692 96 168
67 693 60 120
67 694 96 168
67 695 60 120
67 696 96 168
67 697 60 120
67 698 96 168
67 699 60 120
67 700 96 168
67 701 60 120
67 702 96 168
67 703 60 120
67 704 96 136
67 705 60 104
67 706 96 136
67 707 60 104
67 708 96 136
67 709 60 104
67 710 96 136
67 711 60 104
67 712 96 136
67 713 60 104
67 714 96 136
67 715 60 104
67 716 96 136
67 717 60 104
67 718 96 136
67 719 60 104
67 720 113 178
67 721 72 136
67 722 113 178
67 723 72 136
67 724 113 178
67 725 72 136
67 726 113 178
67 727 72 136
67 728 113 178
67 729 72 136
67 730 113 178
67 731 72 136
67 732 113 178
67 733 72 136
67 734 113 178
67 735 72 136
67 736 113 178
67 737 72 136
67 738 113 178
67 739 72 136
67 740 113 178
67 741 72 136
67 742 113 178
67 743 72 136
67 744 113 178
67 745 72 136
67 746 113 178
67 747 72 136
67 748 113 178
67 749 72 136
67 750 113 178
67 751 72 136
67 752 96 168
67 753 60 120
67 754 96 168
67 755 60 120
67 756 96 168
67 757 60 120
67 758 96 168
67 759 60 120
67 760 96 168
67 761 60 120
67 762 96 168
67 763 60 120
67 764 96 168
67 765 60 120
67 766 96 168
67 767 60 120
67 768 113 146
67 769 72 120
67 770 113 146
67 771 72 120
67 772 113 146
67 773 72 120
67 774 113 146
67 775 72 120
67 776 113 146
67 777 72 120
67 778 113 146
67 779 72 120
67 780 113 146
67 781 72 120
67 782 113 146
67 783 72 120
67 784 96 136
67 785 60 104
67 786 96 136
67 787 60 104
67 788 96 136
67 789 60 104
67 790 96 136
67 791 60 104
67 792 96 136
67 793 60 104
67 794 96 136
67 795 60 104
67 796 96 136
67 797 60 104
67 798 96 136
67 799 60 104
67 800 96 136
67 801 60 104
67 802 96 136
67 803 60 104
67 804 96 136
67 805 60 104
67 806 96 136
67 807 60 104
67 808 96 136
67 809 60 104
67 810 96 136
67 811 60 104
67 812 96 136
67 813 60 104
67 814 96 136
67 815 60 104
67 816 113 178
67 817 72 136
67 818 113 178
67 819 72 136
67 820 113 178
67 821 72 136
67 822 113 178
67 823 72 136
67 824 113 178
67 825 72 136
67 826 113 178
67 827 72 136
67 828 113 178
67 829 72 136
67 830 113 178
67 831 72 136
67 832 113 146
67 833 72 120
67 834 113 146
67 835 72 120
67 836 113 146
67 837 72 120
67 838 113 146
67 839 72 120
67 840 113 146
67 841 72 120
67 842 113 146
67 843 72 120
67 844 113 146
67 845 72 120
67 846 113 146
67 847 72 120
67 848 96 136
67 849 60 104
67 850 96 136
67 851 60 104
67 852 96 136
67 853 60 104
67 854 96 136
67 855 60 104
67 856 96 136
67 857 60 104
67 858 96 136
67 859 60 104
67 860 96 136
67 861 60 104
67 862 96 136
67 863 60 104
67 864 96 136
67 865 60 104
67 866 96 136
67 867 60 104
67 868 96 136
67 869 60 104
67 870 96 136
67 871 60 104
67 872 96 136
67 873 60 104
67 874 96 136
67 875 60 104
67 876 96 136
67 877 60 104
67 878 96 136
67 879 60 104
67 880 113 178
67 881 72 136
67 882 113 178
67 883 72 136
67 884 113 178
67 885 72 136
67 886 113 178
67 887 72 136
67 888 113 178
67 889 72 136
67 890 113 178
67 891 72 136
67 892 113 178
67 893 72 136
67 894 113 178
67 895 72 136
67 896 96 136
67 897 60 104
67 898 96 136
67 899 60 104
67 900 96 136
67 901 60 104
67 902 96 136
67 903 60 104
67 904 96 136
67 905 60 104
67 906 96 136
67 907 60 104
67 908 96 136
67 909 60 104
67 910 96 136
67 911 60 104
67 912 113 178
67 913 72 136
67 914 113 178
67 915 72 136
67 916 113 178
67 917 72 136
67 918 113 178
67 919 72 136
67 920 113 178
67 921 72 136
67 922 113 178
67 923 72 136
67 924 113 178
67 925 72 136
67 926 113 178
67 927 72 136
67 928 113 178
67 929 72 136
67 930 113 178
67 931 72 136
67 932 113 178
67 933 72 136
67 934 113 178
67 935 72 136
67 936 113 178
67 937 72 136
67 938 113 178
67 939 72 136
67 940 113 178
67 941 72 136
67 942 113 178
67 943 72 136
67 944 96 168
67 945 60 120
67 946 96 168
67 947 60 120
67 948 96 168
67 949 60 120
67 950 96 168
67 951 60 120
67 952 96 168
67 953 60 120
67 954 96 168
67 955 60 120
67 956 96 168
67 957 60 120
67 958 96 168
67 959 60 120
67 960 96 136
67 961 60 104
67 962 96 136
67 963 60 104
67 964 96 136
67 965 60 104
67 966 96 136
67 967 60 104
67 968 96 136
67 969 60 104
67 970 96 136
67 971 60 104
67 972 96 136
67 973 60 104
67 974 96 136
67 975 60 104
67 976 113 178
67 977 72 136
67 978 113 178
67 979 72 136
67 980 113 178
67 981 72 136
67 982 113 178
67 983 72 136
67 984 113 178
67 985 72 136
67 986 113 178
67 987 72 136
67 988 113 178
67 989 72 136
67 990 113 178
67 991 72 136
67 992 113 178
67 993 72 136
67 994 113 178
67 995 72 136
67 996 113 178
67 997 72 136
67 998 113 178
67 999 72 136
67 1000 113 178
67 1001 72 136
67 1002 113 178
67 1003 72 136
67 1004 113 178
67 1005 72 136
67 1006 113 178
67 1007 72 136
67 1008 96 168
67 1009 60 120
67 1010 96 168
67 1011 60 120
67 1012 96 168
67 1013 60 120
67 1014 96 168
67 1015 60 120
67 1016 96 168
67 1017 60 120
67 1018 96 168
67 1019 60 120
67 1020 96 168
67 1021 60 120
67 1022 96 168
67 1023 60 120
67 1024 44 60
67 1025 26 42
67 1026 44 60
67 1027 26 42
67 1028 44 60
67 1029 26 42
67 1030 44 60
67 1031 26 42
67 1032 44 60
67 1033 26 42
67 1034 44 60
67 1035 26 42
67 1036 44 60
67 1037 26 42
67 1038 44 60
67 1039 26 42
67 1040 36 52
67 1041 21 35
67 1042 36 52
67 1043 21 35
67 1044 36 52
67 1045 21 35
67 1046 36 52
67 1047 21 35
67 1048 36 52
67 1049 21 35
67 1050 36 52
67 1051 21 35
67 1052 36 52
67 1053 21 35
67 1054 36 52
67 1055 21 35
67 1056 36 52
67 1057 21 35
67 1058 36 52
67 1059 21 35
67 1060 36 52
67 1061 21 35
67 1062 36 52
67 1063 21 35
67 1064 36 52
67 1065 21 35
67 1066 36 52
67 1067 21 35
67 1068 36 52
67 1069 21 35
67 1070 36 52
67 1071 21 35
67 1072 44 68
67 1073 26 46
67 1074 44 68
67 1075 26 46
67 1076 44 68
67 1077 26 46
67 1078 44 68
67 1079 26 46
67 1080 44 68
67 1081 26 46
67 1082 44 68
67 1083 26 46
67 1084 44 68
67 1085 26 46
67 1086 44 68
67 1087 26 46
67 1088 44 60
67 1089 26 42
67 1090 44 60
67 1091 26 42
67 1092 44 60
67 1093 26 42
67 1094 44 60
67 1095 26 42
67 1096 44 60
67 1097 26 42
67 1098 44 60
67 1099 26 42
67 1100 44 60
67 1101 26 42
67 1102 44 60
67 1103 26 42
67 1104 36 52
67 1105 21 35
67 1106 36 52
67 1107 21 35
67 1108 36 52
67 1109 21 35
67 1110 36 52
67 1111 21 35
67 1112 36 52
67 1113 21 35
67 1114 36 52
67 1115 21 35
67 1116 36 52
67 1117 21 35
67 1118 36 52
67 1119 21 35
67 1120 36 52
67 1121 21 35
67 1122 36 52
67 1123 21 35
67 1124 36 52
67 1125 21 35
67 1126 36 52
67 1127 21 35
67 1128 36 52
67 1129 21 35
67 1130 36 52
67 1131 21 35
67 1132 36 52
67 1133 21 35
67 1134 36 52
67 1135 21 35
67 1136 44 68
67 1137 26 46
67 1138 44 68
67 1139 26 46
67 1140 44 68
67 1141 26 46
67 1142 44 68
67 1143 26 46
67 1144 44 68
67 1145 26 46
67 1146 44 68
67 1147 26 46
67 1148 44 68
67 1149 26 46
67 1150 44 68
67 1151 26 46
67 1152 36 52
67 1153 21 35
67 1154 36 52
67 1155 21 35
67 1156 36 52
67 1157 21 35
67 1158 36 52
67 1159 21 35
67 1160 36 52
67 1161 21 35
67 1162 36 52
67 1163 21 35
67 1164 36 52
67 1165 21 35
67 1166 36 52
67 1167 21 35
67 1168 44 68
67 1169 26 46
67 1170 44 68
67 1171 26 46
67 1172 44 68
67 1173 26 46
67 1174 44 68
67 1175 26 46
67 1176 44 68
67 1177 26 46
67 1178 44 68
67 1179 26 46
67 1180 44 68
67 1181 26 46
67 1182 44 68
67 1183 26 46
67 1184 44 68
67 1185 26 46
67 1186 44 68
67 1187 26 46
67 1188 44 68
67 1189 26 46
67 1190 44 68
67 1191 26 46
67 1192 44 68
67 1193 26 46
67 1194 44 68
67 1195 26 46
67 1196 44 68
67 1197 26 46
67 1198 44 68
67 1199 26 46
67 1200 36 60
67 1201 21 39
67 1202 36 60
67 1203 21 39
67 1204 36 60
67 1205 21 39
67 1206 36 60
67 1207 21 39
67 1208 36 60
67 1209 21 39
67 1210 36 60
67 1211 21 39
67 1212 36 60
67 1213 21 39
67 1214 36 60
67 1215 21 39
67 1216 36 52
67 1217 21 35
67 1218 36 52
67 1219 21 35
67 1220 36 52
67 1221 21 35
67 1222 36 52
67 1223 21 35
67 1224 36 52
67 1225 21 35
67 1226 36 52
67 1227 21 35
67 1228 36 52
67 1229 21 35
67 1230 36 52
67 1231 21 35
67 1232 44 68
67 1233 26 46
67 1234 44 68
67 1235 26 46
67 1236 44 68
67 1237 26 46
67 1238 44 68
67 1239 26 46
67 1240 44 68
67 1241 26 46
67 1242 44 68
67 1243 26 46
67 1244 44 68
67 1245 26 46
67 1246 44 68
67 1247 26 46
67 1248 44 68
67 1249 26 46
67 1250 44 68
67 1251 26 46
67 1252 44 68
67 1253 26 46
67 1254 44 68
67 1255 26 46
67 1256 44 68
67 1257 26 46
67 1258 44 68
67 1259 26 46
67 1260 44 68
67 1261 26 46
67 1262 44 68
67 1263 26 46
67 1264 36 60
67 1265 21 39
67 1266 36 60
67 1267 21 39
67 1268 36 60
67 1269 21 39
67 1270 36 60
67 1271 21 39
67 1272 36 60
67 1273 21 39
67 1274 36 60
67 1275 21 39
67 1276 36 60
67 1277 21 39
67 1278 36 60
67 1279 21 39
67 1280 44 60
67 1281 26 42
67 1282 44 60
67 1283 26 42
67 1284 44 60
67 1285 26 42
67 1286 44 60
67 1287 26 42
67 1288 44 60
67 1289 26 42
67 1290 44 60
67 1291 26 42
67 1292 44 60
67 1293 26 42
67 1294 44 60
67 1295 26 42
67 1296 36 52
67 1297 21 35
67 1298 36 52
67 1299 21 35
67 1300 36 52
67 1301 21 35
67 1302 36 52
67 1303 21 35
67 1304 36 52
67 1305 21 35
67 1306 36 52
67 1307 21 35
67 1308 36 52
67 1309 21 35
67 1310 36 52
67 1311 21 35
67 1312 36 52
67 1313 21 35
67 1314 36 52
67 1315 21 35
67 1316 36 52
67 1317 21 35
67 1318 36 52
67 1319 21 35
67 1320 36 52
67 1321 21 35
67 1322 36 52
67 1323 21 35
67 1324 36 52
67 1325 21 35
67 1326 36 52
67 1327 21 35
67 1328 44 68
67 1329 26 46
67 1330 44 68
67 1331 26 46
67 1332 44 68
67 1333 26 46
67 1334 44 68
67 1335 26 46
67 1336 44 68
67 1337 26 46
67 1338 44 68
67 1339 26 46
67 1340 44 68
67 1341 26 46
67 1342 44 68
67 1343 26 46
67 1344 44 60
67 1345 26 42
67 1346 44 60
67 1347 26 42
67 1348 44 60
67 1349 26 42
67 1350 44 60
67 1351 26 42
67 1352 44 60
67 1353 26 42
67 1354 44 60
67 1355 26 42
67 1356 44 60
67 1357 26 42
67 1358 44 60
67 1359 26 42
67 1360 36 52
67 1361 21 35
67 1362 36 52
67 1363 21 35
67 1364 36 52
67 1365 21 35
67 1366 36 52
67 1367 21 35
67 1368 36 52
67 1369 21 35
67 1370 36 52
67 1371 21 35
67 1372 36 52
67 1373 21 35
67 1374 36 52
67 1375 21 35
67 1376 36 52
67 1377 21 35
67 1378 36 52
67 1379 21 35
67 1380 36 52
67 1381 21 35
67 1382 36 52
67 1383 21 35
67 1384 36 52
67 1385 21 35
67 1386 36 52
67 1387 21 35
67 1388 36 52
67 1389 21 35
67 1390 36 52
67 1391 21 35
67 1392 44 68
67 1393 26 46
67 1394 44 68
67 1395 26 46
67 1396 44 68
67 1397 26 46
67 1398 44 68
67 1399 26 46
67 1400 44 68
67 1401 26 46
67 1402 44 68
67 1403 26 46
67 1404 44 68
67 1405 26 46
67 1406 44 68
67 1407 26 46
67 1408 36 52
67 1409 21 35
67 1410 36 52
67 1411 21 35
67 1412 36 52
67 1413 21 35
67 1414 36 52
67 1415 21 35
67 1416 36 52
67 1417 21 35
67 1418 36 52
67 1419 21 35
67 1420 36 52
67 1421 21 35
67 1422 36 52
67 1423 21 35
67 1424 44 68
67 1425 26 46
67 1426 44 68
67 1427 26 46
67 1428 44 68
67 1429 26 46
67 1430 44 68
67 1431 26 46
67 1432 44 68
67 1433 26 46
67 1434 44 68
67 1435 26 46
67 1436 44 68
67 1437 26 46
67 1438 44 68
67 1439 26 46
67 1440 44 68
67 1441 26 46
67 1442 44 68
67 1443 26 46
67 1444 44 68
67 1445 26 46
67 1446 44 68
67 1447 26 46
67 1448 44 68
67 1449 26 46
67 1450 44 68
67 1451 26 46
67 1452 44 68
67 1453 26 46
67 1454 44 68
67 1455 26 46
67 1456 36 60
67 1457 21 39
67 1458 36 60
67 1459 21 39
67 1460 36 60
67 1461 21 39
67 1462 36 60
67 1463 21 39
67 1464 36 60
67 1465 21 39
67 1466 36 60
67 1467 21 39
67 1468 36 60
67 1469 21 39
67 1470 36 60
67 1471 21 39
67 1472 36 52
67 1473 21 35
67 1474 36 52
67 1475 21 35
67 1476 36 52
67 1477 21 35
67 1478 36 52
67 1479 21 35
67 1480 36 52
67 1481 21 35
67 1482 36 52
67 1483 21 35
67 1484 36 52
67 1485 21 35
67 1486 36 52
67 1487 21 35
67 1488 44 68
67 1489 26 46
67 1490 44 68
67 1491 26 46
67 1492 44 68
67 1493 26 46
67 1494 44 68
67 1495 26 46
67 1496 44 68
67 1497 26 46
67 1498 44 68
67 1499 26 46
67 1500 44 68
67 1501 26 46
67 1502 44 68
67 1503 26 46
67 1504 44 68
67 1505 26 46
67 1506 44 68
67 1507 26 46
67 1508 44 68
67 1509 26 46
67 1510 44 68
67 1511 26 46
67 1512 44 68
67 1513 26 46
67 1514 44 68
67 1515 26 46
67 1516 44 68
67 1517 26 46
67 1518 44 68
67 1519 26 46
67 1520 36 60
67 1521 21 39
67 1522 36 60
67 1523 21 39
67 1524 36 60
67 1525 21 39
67 1526 36 60
67 1527 21 39
67 1528 36 60
67 1529 21 39
67 1530 36 60
67 1531 21 39
67 1532 36 60
67 1533 21 39
67 1534 36 60
67 1535 21 39
67 1536 72 120
67 1537 44 84
67 1538 72 120
67 1539 44 84
67 1540 72 120
67 1541 44 84
67 1542 72 120
67 1543 44 84
67 1544 72 120
67 1545 44 84
67 1546 72 120
67 1547 44 84
67 1548 72 120
67 1549 44 84
67 1550 72 120
67 1551 44 84
67 1552 60 104
67 1553 36 70
67 1554 60 104
67 1555 36 70
67 1556 60 104
67 1557 36 70
67 1558 60 104
67 1559 36 70
67 1560 60 104
67 1561 36 70
67 1562 60 104
67 1563 36 70
67 1564 60 104
67 1565 36 70
67 1566 60 104
67 1567 36 70
67 1568 60 104
67 1569 36 70
67 1570 60 104
67 1571 36 70
67 1572 60 104
67 1573 36 70
67 1574 60 104
67 1575 36 70
67 1576 60 104
67 1577 36 70
67 1578 60 104
67 1579 36 70
67 1580 60 104
67 1581 36 70
67 1582 60 104
67 1583 36 70
67 1584 72 136
67 1585 44 92
67 1586 72 136
67 1587 44 92
67 1588 72 136
67 1589 44 92
67 1590 72 136
67 1591 44 92
67 1592 72 136
67 1593 44 92
67 1594 72 136
67 1595 44 92
67 1596 72 136
67 1597 44 92
67 1598 72 136
67 1599 44 92
67 1600 72 120
67 1601 44 84
67 1602 72 120
67 1603 44 84
67 1604 72 120
67 1605 44 84
67 1606 72 120
67 1607 44 84
67 1608 72 120
67 1609 44 84
67 1610 72 120
67 1611 44 84
67 1612 72 120
67 1613 44 84
67 1614 72 120
67 1615 44 84
67 1616 60 104
67 1617 36 70
67 1618 60 104
67 1619 36 70
67 1620 60 104
67 1621 36 70
67 1622 60 104
67 1623 36 70
67 1624 60 104
67 1625 36 70
67 1626 60 104
67 1627 36 70
67 1628 60 104
67 1629 36 70
67 1630 60 104
67 1631 36 70
67 1632 60 104
67 1633 36 70
67 1634 60 104
67 1635 36 70
67 1636 60 104
67 1637 36 70
67 1638 60 104
67 1639 36 70
67 1640 60 104
67 1641 36 70
67 1642 60 104
67 1643 36 70
67 1644 60 104
67 1645 36 70
67 1646 60 104
67 1647 36 70
67 1648 72 136
67 1649 44 92
67 1650 72 136
67 1651 44 92
67 1652 72 136
67 1653 44 92
67 1654 72 136
67 1655 44 92
67 1656 72 136
67 1657 44 92
67 1658 72 136
67 1659 44 92
67 1660 72 136
67 1661 44 92
67 1662 72 136
67 1663 44 92
67 1664 60 104
67 1665 36 70
67 1666 60 104
67 1667 36 70
67 1668 60 104
67 1669 36 70
67 1670 60 104
67 1671 36 70
67 1672 60 104
67 1673 36 70
67 1674 60 104
67 1675 36 70
67 1676 60 104
67 1677 36 70
67 1678 60 104
67 1679 36 70
67 1680 72 136
67 1681 44 92
67 1682 72 136
67 1683 44 92
67 1684 72 136
67 1685 44 92
67 1686 72 136
67 1687 44 92
67 1688 72 136
67 1689 44 92
67 1690 72 136
67 1691 44 92
67 1692 72 136
67 1693 44 92
67 1694 72 136
67 1695 44 92
67 1696 72 136
67 1697 44 92
67 1698 72 136
67 1699 44 92
67 1700 72 136
67 1701 44 92
67 1702 72 136
67 1703 44 92
67 1704 72 136
67 1705 44 92
67 1706 72 136
67 1707 44 92
67 1708 72 136
67 1709 44 92
67 1710 72 136
67 1711 44 92
67 1712 60 120
67 1713 36 78
67 1714 60 120
67 1715 36 78
67 1716 60 120
67 1717 36 78
67 1718 60 120
67 1719 36 78
67 1720 60 120
67 1721 36 78
67 1722 60 120
67 1723 36 78
67 1724 60 120
67 1725 36 78
67 1726 60 120
67 1727 36 78
67 1728 60 104
67 1729 36 70
67 1730 60 104
67 1731 36 70
67 1732 60 104
67 1733 36 70
67 1734 60 104
67 1735 36 70
67 1736 60 104
67 1737 36 70
67 1738 60 104
67 1739 36 70
67 1740 60 104
67 1741 36 70
67 1742 60 104
67 1743 36 70
67 1744 72 136
67 1745 44 92
67 1746 72 136
67 1747 44 92
67 1748 72 136
67 1749 44 92
67 1750 72 136
67 1751 44 92
67 1752 72 136
67 1753 44 92
67 1754 72 136
67 1755 44 92
67 1756 72 136
67 1757 44 92
67 1758 72 136
67 1759 44 92
67 1760 72 136
67 1761 44 92
67 1762 72 136
67 1763 44 92
67 1764 72 136
67 1765 44 92
67 1766 72 136
67 1767 44 92
67 1768 72 136
67 1769 44 92
67 1770 72 136
67 1771 44 92
67 1772 72 136
67 1773 44 92
67 1774 72 136
67 1775 44 92
67 1776 60 120
67 1777 36 78
67 1778 60 120
67 1779 36 78
67 1780 60 120
67 1781 36 78
67 1782 60 120
67 1783 36 78
67 1784 60 120
67 1785 36 78
67 1786 60 120
67 1787 36 78
67 1788 60 120
67 1789 36 78
67 1790 60 120
67 1791 36 78
67 1792 72 120
67 1793 44 84
67 1794 72 120
67 1795 44 84
67 1796 72 120
67 1797 44 84
67 1798 72 120
67 1799 44 84
67 1800 72 120
67 1801 44 84
67 1802 72 120
67 1803 44 84
67 1804 72 120
67 1805 44 84
67 1806 72 120
67 1807 44 84
67 1808 60 104
67 1809 36 70
67 1810 60 104
67 1811 36 70
67 1812 60 104
67 1813 36 70
67 1814 60 104
67 1815 36 70
67 1816 60 104
67 1817 36 70
67 1818 60 104
67 1819 36 70
67 1820 60 104
67 1821 36 70
67 1822 60 104
67 1823 36 70
67 1824 60 104
67 1825 36 70
67 1826 60 104
67 1827 36 70
67 1828 60 104
67 1829 36 70
67 1830 60 104
67 1831 36 70
67 1832 60 104
67 1833 36 70
67 1834 60 104
67 1835 36 70
67 1836 60 104
67 1837 36 70
67 1838 60 104
67 1839 36 70
67 1840 72 136
67 1841 44 92
67 1842 72 136
67 1843 44 92
67 1844 72 136
67 1845 44 92
67 1846 72 136
67 1847 44 92
67 1848 72 136
67 1849 44 92
67 1850 72 136
67 1851 44 92
67 1852 72 136
67 1853 44 92
67 1854 72 136
67 1855 44 92
67 1856 72 120
67 1857 44 84
67 1858 72 120
67 1859 44 84
67 1860 72 120
67 1861 44 84
67 1862 72 120
67 1863 44 84
67 1864 72 120
67 1865 44 84
67 1866 72 120
67 1867 44 84
67 1868 72 120
67 1869 44 84
67 1870 72 120
67 1871 44 84
67 1872 60 104
67 1873 36 70
67 1874 60 104
67 1875 36 70
67 1876 60 104
67 1877 36 70
67 1878 60 104
67 1879 36 70
67 1880 60 104
67 1881 36 70
67 1882 60 104
67 1883 36 70
67 1884 60 104
67 1885 36 70
67 1886 60 104
67 1887 36 70
67 1888 60 104
67 1889 36 70
67 1890 60 104
67 1891 36 70
67 1892 60 104
67 1893 36 70
67 1894 60 104
67 1895 36 70
67 1896 60 104
67 1897 36 70
67 1898 60 104
67 1899 36 70
67 1900 60 104
67 1901 36 70
67 1902 60 104
67 1903 36 70
67 1904 72 136
67 1905 44 92
67 1906 72 136
67 1907 44 92
67 1908 72 136
67 1909 44 92
67 1910 72 136
67 1911 44 92
67 1912 72 136
67 1913 44 92
67 1914 72 136
67 1915 44 92
67 1916 72 136
67 1917 44 92
67 1918 72 136
67 1919 44 92
67 1920 60 104
67 1921 36 70
67 1922 60 104
67 1923 36 70
67 1924 60 104
67 1925 36 70
67 1926 60 104
67 1927 36 70
67 1928 60 104
67 1929 36 70
67 1930 60 104
67 1931 36 70
67 1932 60 104
67 1933 36 70
67 1934 60 104
67 1935 36 70
67 1936 72 136
67 1937 44 92
67 1938 72 136
67 1939 44 92
67 1940 72 136
67 1941 44 92
67 1942 72 136
67 1943 44 92
67 1944 72 136
67 1945 44 92
67 1946 72 136
67 1947 44 92
67 1948 72 136
67 1949 44 92
67 1950 72 136
67 1951 44 92
67 1952 72 136
67 1953 44 92
67 1954 72 136
67 1955 44 92
67 1956 72 136
67 1957 44 92
67 1958 72 136
67 1959 44 92
67 1960 72 136
67 1961 44 92
67 1962 72 136
67 1963 44 92
67 1964 72 136
67 1965 44 92
67 1966 72 136
67 1967 44 92
67 1968 60 120
67 1969 36 78
67 1970 60 120
67 1971 36 78
67 1972 60 120
67 1973 36 78
67 1974 60 120
67 1975 36 78
67 1976 60 120
67 1977 36 78
67 1978 60 120
67 1979 36 78
67 1980 60 120
67 1981 36 78
67 1982 60 120
67 1983 36 78
67 1984 60 104
67 1985 36 70
67 1986 60 104
67 1987 36 70
67 1988 60 104
67 1989 36 70
67 1990 60 104
67 1991 36 70
67 1992 60 104
67 1993 36 70
67 1994 60 104
67 1995 36 70
67 1996 60 104
67 1997 36 70
67 1998 60 104
67 1999 36 70
67 2000 72 136
67 2001 44 92
67 2002 72 136
67 2003 44 92
67 2004 72 136
67 2005 44 92
67 2006 72 136
67 2007 44 92
67 2008 72 136
67 2009 44 92
67 2010 72 136
67 2011 44 92
67 2012 72 136
67 2013 44 92
67 2014 72 136
67 2015 44 92
67 2016 72 136
67 2017 44 92
67 2018 72 136
67 2019 44 92
67 2020 72 136
67 2021 44 92
67 2022 72 136
67 2023 44 92
67 2024 72 136
67 2025 44 92
67 2026 72 136
67 2027 44 92
67 2028 72 136
67 2029 44 92
67 2030 72 136
67 2031 44 92
67 2032 60 120
67 2033 36 78
67 2034 60 120
67 2035 36 78
67 2036 60 120
67 2037 36 78
67 2038 60 120
67 2039 36 78
67 2040 60 120
67 2041 36 78
67 2042 60 120
67 2043 36 78
67 2044 60 120
67 2045 36 78
67 2046 60 120
67 2047 36 78
68 0 348 348
68 1 200 252
68 2 360 400
68 3 208 284
68 4 348 348
68 5 200 252
68 6 360 400
68 7 208 284
68 8 320 328
68 9 184 236
68 10 336 384
68 11 194 270
68 12 320 328
68 13 184 236
68 14 336 384
68 15 194 270
68 16 288 312
68 17 164 216
68 18 304 360
68 19 174 246
68 20 288 312
68 21 164 216
68 22 304 360
68 23 174 246
68 24 316 348
68 25 180 240
68 26 352 432
68 27 202 294
68 28 316 348
68 29 180 240
68 30 352 432
68 31 202 294
68 32 288 312
68 33 164 216
68 34 304 360
68 35 174 246
68 36 288 312
68 37 164 216
68 38 304 360
68 39 174 246
68 40 316 348
68 41 180 240
68 42 352 432
68 43 202 294
68 44 316 348
68 45 180 240
68 46 352 432
68 47 202 294
68 48 348 396
68 49 200 276
68 50 360 448
68 51 208 308
68 52 348 396
68 53 200 276
68 54 360 448
68 55 208 308
68 56 320 376
68 57 184 260
68 58 336 432
68 59 194 294
68 60 320 376
68 61 184 260
68 62 336 432
68 63 194 294
68 64 348 348
68 65 200 252
68 66 360 400
68 67 208 284
68 68 348 348
68 69 200 252
68 70 360 400
68 71 208 284
68 72 320 328
68 73 184 236
68 74 336 384
68 75 194 270
68 76 320 328
68 77 184 236
68 78 336 384
68 79 194 270
68 80 288 312
68 81 164 216
68 82 304 360
68 83 174 246
68 84 288 312
68 85 164 216
68 86 304 360
68 87 174 246
68 88 316 348
68 89 180 240
68 90 352 432
68 91 202 294
68 92 316 348
68 93 180 240
68 94 352 432
68 95 202 294
68 96 288 312
68 97 164 216
68 98 304 360
68 99 174 246
68 100 288 312
68 101 164 216
68 102 304 360
68 103 174 246
68 104 316 348
68 105 180 240
68 106 352 432
68 107 202 294
68 108 316 348
68 109 180 240
68 110 352 432
68 111 202 294
68 112 348 396
68 113 200 276
68 114 360 448
68 115 208 308
68 116 348 396
68 117 200 276
68 118 360 448
68 119 208 308
68 120 320 376
68 121 184 260
68 122 336 432
68 123 194 294
68 124 320 376
68 125 184 260
68 126 336 432
68 127 194 294
68 128 288 312
68 129 164 216
68 130 304 360
68 131 174 246
68 132 288 312
68 133 164 216
68 134 304 360
68 135 174 246
68 136 316 348
68 137 180 240
68 138 352 432
68 139 202 294
68 140 316 348
68 141 180 240
68 142 352 432
68 143 202 294
68 144 348 396
68 145 200 276
68 146 360 448
68 147 208 308
68 148 348 396
68 149 200 276
68 150 360 448
68 151 208 308
68 152 320 376
68 153 184 260
68 154 336 432
68 155 194 294
68 156 320 376
68 157 184 260
68 158 336 432
68 159 194 294
68 160 348 396
68 161 200 276
68 162 360 448
68 163 208 308
68 164 348 396
68 165 200 276
68 166 360 448
68 167 208 308
68 168 320 376
68 169 184 260
68 170 336 432
68 171 194 294
68 172 320 376
68 173 184 260
68 174 336 432
68 175 194 294
68 176 288 360
68 177 164 240
68 178 304 408
68 179 174 270
68 180 288 360
68 181 164 240
68 182 304 408
68 183 174 270
68 184 316 396
68 185 180 264
68 186 352 480
68 187 202 318
68 188 316 396
68 189 180 264
68 190 352 480
68 191 202 318
68 192 288 312
68 193 164 216
68 194 304 360
68 195 174 246
68 196 288 312
68 197 164 216
68 198 304 360
68 199 174 246
68 200 316 348
68 201 180 240
68 202 352 432
68 203 202 294
68 204 316 348
68 205 180 240
68 206 352 432
68 207 202 294
68 208 348 396
68 209 200 276
68 210 360 448
68 211 208 308
68 212 348 396
68 213 200 276
68 214 360 448
68 215 208 308
68 216 320 376
68 217 184 260
68 218 336 432
68 219 194 294
68 220 320 376
68 221 184 260
68 222 336 432
68 223 194 294
68 224 348 396
68 225 200 276
68 226 360 448
68 227 208 308
68 228 348 396
68 229 200 276
68 230 360 448
68 231 208 308
68 232 320 376
68 233 184 260
68 234 336 432
68 235 194 294
68 236 320 376
68 237 184 260
68 238 336 432
68 239 194 294
68 240 288 360
68 241 164 240
68 242 304 408
68 243 174 270
68 244 288 360
68 245 164 240
68 246 304 408
68 247 174 270
68 248 316 396
68 249 180 264
68 250 352 480
68 251 202 318
68 252 316 396
68 253 180 264
68 254 352 480
68 255 202 318
68 256 408 480
68 257 232 324
68 258 512 672
68 259 296 456
68 260 408 480
68 261 232 324
68 262 512 672
68 263 296 456
68 264 360 440
68 265 204 292
68 266 456 624
68 267 262 414
68 268 360 440
68 269 204 292
68 270 456 624
68 271 262 414
68 272 340 420
68 273 192 276
68 274 436 596
68 275 250 394
68 276 340 420
68 277 192 276
68 278 436 596
68 279 250 394
68 280 388 492
68 281 220 324
68 282 516 740
68 283 298 490
68 284 388 492
68 285 220 324
68 286 516 740
68 287 298 490
68 288 340 420
68 289 192 276
68 290 436 596
68 291 250 394
68 292 340 420
68 293 192 276
68 294 436 596
68 295 250 394
68 296 388 492
68 297 220 324
68 298 516 740
68 299 298 490
68 300 388 492
68 301 220 324
68 302 516 740
68 303 298 490
68 304 408 528
68 305 232 348
68 306 512 736
68 307 296 488
68 308 408 528
68 309 232 348
68 310 512 736
68 311 296 488
68 312 360 488
68 313 204 316
68 314 456 688
68 315 262 446
68 316 360 488
68 317 204 316
68 318 456 688
68 319 262 446
68 320 408 480
68 321 232 324
68 322 512 672
68 323 296 456
68 324 408 480
68 325 232 324
68 326 512 672
68 327 296 456
68 328 360 440
68 329 204 292
68 330 456 624
68 331 262 414
68 332 360 440
68 333 204 292
68 334 456 624
68 335 262 414
68 336 340 420
68 337 192 276
68 338 436 596
68 339 250 394
68 340 340 420
68 341 192 276
68 342 436 596
68 343 250 394
68 344 388 492
68 345 220 324
68 346 516 740
68 347 298 490
68 348 388 492
68 349 220 324
68 350 516 740
68 351 298 490
68 352 340 420
68 353 192 276
68 354 436 596
68 355 250 394
68 356 340 420
68 357 192 276
68 358 436 596
68 359 250 394
68 360 388 492
68 361 220 324
68 362 516 740
68 363 298 490
68 364 388 492
68 365 220 324
68 366 516 740
68 367 298 490
68 368 408 528
68 369 232 348
68 370 512 736
68 371 296 488
68 372 408 528
68 373 232 348
68 374 512 736
68 375 296 488
68 376 360 488
68 377 204 316
68 378 456 688
68 379 262 446
68 380 360 488
68 381 204 316
68 382 456 688
68 383 262 446
68 384 340 420
68 385 192 276
68 386 436 596
68 387 250 394
68 388 340 420
68 389 192 276
68 390 436 596
68 391 250 394
68 392 388 492
68 393 220 324
68 394 516 740
68 395 298 490
68 396 388 492
68 397 220 324
68 398 516 740
68 399 298 490
68 400 408 528
68 401 232 348
68 402 512 736
68 403 296 488
68 404 408 528
68 405 232 348
68 406 512 736
68 407 296 488
68 408 360 488
68 409 204 316
68 410 456 688
68 411 262 446
68 412 360 488
68 413 204 316
68 414 456 688
68 415 262 446
68 416 408 528
68 417 232 348
68 418 512 736
68 419 296 488
68 420 408 528
68 421 232 348
68 422 512 736
68 423 296 488
68 424 360 488
68 425 204 316
68 426 456 688
68 427 262 446
68 428 360 488
68 429 204 316
68 430 456 688
68 431 262 446
68 432 340 468
68 433 192 300
68 434 436 660
68 435 250 426
68 436 340 468
68 437 192 300
68 438 436 660
68 439 250 426
68 440 388 540
68 441 220 348
68 442 516 804
68 443 298 522
68 444 388 540
68 445 220 348
68 446 516 804
68 447 298 522
68 448 340 420
68 449 192 276
68 450 436 596
68 451 250 394
68 452 340 420
68 453 192 276
68 454 436 596
68 455 250 394
68 456 388 492
68 457 220 324
68 458 516 740
68 459 298 490
68 460 388 492
68 461 220 324
68 462 516 740
68 463 298 490
68 464 408 528
68 465 232 348
68 466 512 736
68 467 296 488
68 468 408 528
68 469 232 348
68 470 512 736
68 471 296 488
68 472 360 488
68 473 204 316
68 474 456 688
68 475 262 446
68 476 360 488
68 477 204 316
68 478 456 688
68 479 262 446
68 480 408 528
68 481 232 348
68 482 512 736
68 483 296 488
68 484 408 528
68 485 232 348
68 486 512 736
68 487 296 488
68 488 360 488
68 489 204 316
68 490 456 688
68 491 262 446
68 492 360 488
68 493 204 316
68 494 456 688
68 495 262 446
68 496 340 468
68 497 192 300
68 498 436 660
68 499 250 426
68 500 340 468
68 501 192 300
68 502 436 660
68 503 250 426
68 504 388 540
68 505 220 348
68 506 516 804
68 507 298 522
68 508 388 540
68 509 220 348
68 510 516 804
68 511 298 522
68 512 385 470
68 513 229 345
68 514 341 434
68 515 204 318
68 516 385 470
68 517 229 345
68 518 341 434
68 519 204 318
68 520 369 454
68 521 220 334
68 522 337 434
68 523 202 318
68 524 369 454
68 525 220 334
68 526 337 434
68 527 202 318
68 528 320 420
68 529 188 294
68 530 288 392
68 531 170 274
68 532 320 420
68 533 188 294
68 534 288 392
68 535 170 274
68 536 336 444
68 537 197 309
68 538 316 440
68 539 186 304
68 540 336 444
68 541 197 309
68 542 316 440
68 543 186 304
68 544 320 420
68 545 188 294
68 546 288 392
68 547 170 274
68 548 320 420
68 549 188 294
68 550 288 392
68 551 170 274
68 552 336 444
68 553 197 309
68 554 316 440
68 555 186 304
68 556 336 444
68 557 197 309
68 558 316 440
68 559 186 304
68 560 385 542
68 561 229 381
68 562 341 498
68 563 204 350
68 564 385 542
68 565 229 381
68 566 341 498
68 567 204 350
68 568 369 526
68 569 220 370
68 570 337 498
68 571 202 350
68 572 369 526
68 573 220 370
68 574 337 498
68 575 202 350
68 576 385 470
68 577 229 345
68 578 341 434
68 579 204 318
68 580 385 470
68 581 229 345
68 582 341 434
68 583 204 318
68 584 369 454
68 585 220 334
68 586 337 434
68 587 202 318
68 588 369 454
68 589 220 334
68 590 337 434
68 591 202 318
68 592 320 420
68 593 188 294
68 594 288 392
68 595 170 274
68 596 320 420
68 597 188 294
68 598 288 392
68 599 170 274
68 600 336 444
68 601 197 309
68 602 316 440
68 603 186 304
68 604 336 444
68 605 197 309
68 606 316 440
68 607 186 304
68 608 320 420
68 609 188 294
68 610 288 392
68 611 170 274
68 612 320 420
68 613 188 294
68 614 288 392
68 615 170 274
68 616 336 444
68 617 197 309
68 618 316 440
68 619 186 304
68 620 336 444
68 621 197 309
68 622 316 440
68 623 186 304
68 624 385 542
68 625 229 381
68 626 341 498
68 627 204 350
68 628 385 542
68 629 229 381
68 630 341 498
68 631 204 350
68 632 369 526
68 633 220 370
68 634 337 498
68 635 202 350
68 636 369 526
68 637 220 370
68 638 337 498
68 639 202 350
68 640 320 420
68 641 188 294
68 642 288 392
68 643 170 274
68 644 320 420
68 645 188 294
68 646 288 392
68 647 170 274
68 648 336 444
68 649 197 309
68 650 316 440
68 651 186 304
68 652 336 444
68 653 197 309
68 654 316 440
68 655 186 304
68 656 385 542
68 657 229 381
68 658 341 498
68 659 204 350
68 660 385 542
68 661 229 381
68 662 341 498
68 663 204 350
68 664 369 526
68 665 220 370
68 666 337 498
68 667 202 350
68 668 369 526
68 669 220 370
68 670 337 498
68 671 202 350
68 672 385 542
68 673 229 381
68 674 341 498
68 675 204 350
68 676 385 542
68 677 229 381
68 678 341 498
68 679 204 350
68 680 369 526
68 681 220 370
68 682 337 498
68 683 202 350
68 684 369 526
68 685 220 370
68 686 337 498
68 687 202 350
68 688 320 492
68 689 188 330
68 690 288 456
68 691 170 306
68 692 320 492
68 693 188 330
68 694 288 456
68 695 170 306
68 696 336 516
68 697 197 345
68 698 316 504
68 699 186 336
68 700 336 516
68 701 197 345
68 702 316 504
68 703 186 336
68 704 320 420
68 705 188 294
68 706 288 392
68 707 170 274
68 708 320 420
68 709 188 294
68 710 288 392
68 711 170 274
68 712 336 444
68 713 197 309
68 714 316 440
68 715 186 304
68 716 336 444
68 717 197 309
68 718 316 440
68 719 186 304
68 720 385 542
68 721 229 381
68 722 341 498
68 723 204 350
68 724 385 542
68 725 229 381
68 726 341 498
68 727 204 350
68 728 369 526
68 729 220 370
68 730 337 498
68 731 202 350
68 732 369 526
68 733 220 370
68 734 337 498
68 735 202 350
68 736 385 542
68 737 229 381
68 738 341 498
68 739 204 350
68 740 385 542
68 741 229 381
68 742 341 498
68 743 204 350
68 744 369 526
68 745 220 370
68 746 337 498
68 747 202 350
68 748 369 526
68 749 220 370
68 750 337 498
68 751 202 350
68 752 320 492
68 753 188 330
68 754 288 456
68 755 170 306
68 756 320 492
68 757 188 330
68 758 288 456
68 759 170 306
68 760 336 516
68 761 197 345
68 762 316 504
68 763 186 336
68 764 336 516
68 765 197 345
68 766 316 504
68 767 186 336
68 768 348 504
68 769 200 330
68 770 360 552
68 771 208 360
68 772 348 504
68 773 200 330
68 774 360 552
68 775 208 360
68 776 320 472
68 777 184 308
68 778 336 528
68 779 194 342
68 780 320 472
68 781 184 308
68 782 336 528
68 783 194 342
68 784 288 432
68 785 164 276
68 786 304 480
68 787 174 306
68 788 288 432
68 789 164 276
68 790 304 480
68 791 174 306
68 792 316 480
68 793 180 306
68 794 352 576
68 795 202 366
68 796 316 480
68 797 180 306
68 798 352 576
68 799 202 366
68 800 288 432
68 801 164 276
68 802 304 480
68 803 174 306
68 804 288 432
68 805 164 276
68 806 304 480
68 807 174 306
68 808 316 480
68 809 180 306
68 810 352 576
68 811 202 366
68 812 316 480
68 813 180 306
68 814 352 576
68 815 202 366
68 816 348 552
68 817 200 354
68 818 360 600
68 819 208 384
68 820 348 552
68 821 200 354
68 822 360 600
68 823 208 384
68 824 320 520
68 825 184 332
68 826 336 576
68 827 194 366
68 828 320 520
68 829 184 332
68 830 336 576
68 831 194 366
68 832 348 504
68 833 200 330
68 834 360 552
68 835 208 360
68 836 348 504
68 837 200 330
68 838 360 552
68 839 208 360
68 840 320 472
68 841 184 308
68 842 336 528
68 843 194 342
68 844 320 472
68 845 184 308
68 846 336 528
68 847 194 342
68 848 288 432
68 849 164 276
68 850 304 480
68 851 174 306
68 852 288 432
68 853 164 276
68 854 304 480
68 855 174 306
68 856 316 480
68 857 180 306
68 858 352 576
68 859 202 366
68 860 316 480
68 861 180 306
68 862 352 576
68 863 202 366
68 864 288 432
68 865 164 276
68 866 304 480
68 867 174 306
68 868 288 432
68 869 164 276
68 870 304 480
68 871 174 306
68 872 316 480
68 873 180 306
68 874 352 576
68 875 202 366
68 876 316 480
68 877 180 306
68 878 352 576
68 879 202 366
68 880 348 552
68 881 200 354
68 882 360 600
68 883 208 384
68 884 348 552
68 885 200 354
68 886 360 600
68 887 208 384
68 888 320 520
68 889 184 332
68 890 336 576
68 891 194 366
68 892 320 520
68 893 184 332
68 894 336 576
68 895 194 366
68 896 288 432
68 897 164 276
68 898 304 480
68 899 174 306
68 900 288 432
68 901 164 276
68 902 304 480
68 903 174 306
68 904 316 480
68 905 180 306
68 906 352 576
68 907 202 366
68 908 316 480
68 909 180 306
68 910 352 576
68 911 202 366
68 912 348 552
68 913 200 354
68 914 360 600
68 915 208 384
68 916 348 552
68 917 200 354
68 918 360 600
68 919 208 384
68 920 320 520
68 921 184 332
68 922 336 576
68 923 194 366
68 924 320 520
68 925 184 332
68 926 336 576
68 927 194 366
68 928 348 552
68 929 200 354
68 930 360 600
68 931 208 384
68 932 348 552
68 933 200 354
68 934 360 600
68 935 208 384
68 936 320 520
68 937 184 332
68 938 336 576
68 939 194 366
68 940 320 520
68 941 184 332
68 942 336 576
68 943 194 366
68 944 288 480
68 945 164 300
68 946 304 528
68 947 174 330
68 948 288 480
68 949 164 300
68 950 304 528
68 951 174 330
68 952 316 528
68 953 180 330
68 954 352 624
68 955 202 390
68 956 316 528
68 957 180 330
68 958 352 624
68 959 202 390
68 960 288 432
68 961 164 276
68 962 304 480
68 963 174 306
68 964 288 432
68 965 164 276
68 966 304 480
68 967 174 306
68 968 316 480
68 969 180 306
68 970 352 576
68 971 202 366
68 972 316 480
68 973 180 306
68 974 352 576
68 975 202 366
68 976 348 552
68 977 200 354
68 978 360 600
68 979 208 384
68 980 348 552
68 981 200 354
68 982 360 600
68 983 208 384
68 984 320 520
68 985 184 332
68 986 336 576
68 987 194 366
68 988 320 520
68 989 184 332
68 990 336 576
68 991 194 366
68 992 348 552
68 993 200 354
68 994 360 600
68 995 208 384
68 996 348 552
68 997 200 354
68 998 360 600
68 999 208 384
68 1000 320 520
68 1001 184 332
68 1002 336 576
68 1003 194 366
68 1004 320 520
68 1005 184 332
68 1006 336 576
68 1007 194 366
68 1008 288 480
68 1009 164 300
68 1010 304 528
68 1011 174 330
68 1012 288 480
68 1013 164 300
68 1014 304 528
68 1015 174 330
68 1016 316 528
68 1017 180 330
68 1018 352 624
68 1019 202 390
68 1020 316 528
68 1021 180 330
68 1022 352 624
68 1023 202 390
68 1024 408 480
68 1025 232 324
68 1026 512 672
68 1027 296 456
68 1028 408 480
68 1029 232 324
68 1030 512 672
68 1031 296 456
68 1032 360 440
68 1033 204 292
68 1034 456 624
68 1035 262 414
68 1036 360 440
68 1037 204 292
68 1038 456 624
68 1039 262 414
68 1040 340 420
68 1041 192 276
68 1042 436 596
68 1043 250 394
68 1044 340 420
68 1045 192 276
68 1046 436 596
68 1047 250 394
68 1048 388 492
68 1049 220 324
68 1050 516 740
68 1051 298 490
68 1052 388 492
68 1053 220 324
68 1054 516 740
68 1055 298 490
68 1056 340 420
68 1057 192 276
68 1058 436 596
68 1059 250 394
68 1060 340 420
68 1061 192 276
68 1062 436 596
68 1063 250 394
68 1064 388 492
68 1065 220 324
68 1066 516 740
68 1067 298 490
68 1068 388 492
68 1069 220 324
68 1070 516 740
68 1071 298 490
68 1072 408 528
68 1073 232 348
68 1074 512 736
68 1075 296 488
68 1076 408 528
68 1077 232 348
68 1078 512 736
68 1079 296 488
68 1080 360 488
68 1081 204 316
68 1082 456 688
68 1083 262 446
68 1084 360 488
68 1085 204 316
68 1086 456 688
68 1087 262 446
68 1088 408 480
68 1089 232 324
68 1090 512 672
68 1091 296 456
68 1092 408 480
68 1093 232 324
68 1094 512 672
68 1095 296 456
68 1096 360 440
68 1097 204 292
68 1098 456 624
68 1099 262 414
68 1100 360 440
68 1101 204 292
68 1102 456 624
68 1103 262 414
68 1104 340 420
68 1105 192 276
68 1106 436 596
68 1107 250 394
68 1108 340 420
68 1109 192 276
68 1110 436 596
68 1111 250 394
68 1112 388 492
68 1113 220 324
68 1114 516 740
68 1115 298 490
68 1116 388 492
68 1117 220 324
68 1118 516 740
68 1119 298 490
68 1120 340 420
68 1121 192 276
68 1122 436 596
68 1123 250 394
68 1124 340 420
68 1125 192 276
68 1126 436 596
68 1127 250 394
68 1128 388 492
68 1129 220 324
68 1130 516 740
68 1131 298 490
68 1132 388 492
68 1133 220 324
68 1134 516 740
68 1135 298 490
68 1136 408 528
68 1137 232 348
68 1138 512 736
68 1139 296 488
68 1140 408 528
68 1141 232 348
68 1142 512 736
68 1143 296 488
68 1144 360 488
68 1145 204 316
68 1146 456 688
68 1147 262 446
68 1148 360 488
68 1149 204 316
68 1150 456 688
68 1151 262 446
68 1152 340 420
68 1153 192 276
68 1154 436 596
68 1155 250 394
68 1156 340 420
68 1157 192 276
68 1158 436 596
68 1159 250 394
68 1160 388 492
68 1161 220 324
68 1162 516 740
68 1163 298 490
68 1164 388 492
68 1165 220 324
68 1166 516 740
68 1167 298 490
68 1168 408 528
68 1169 232 348
68 1170 512 736
68 1171 296 488
68 1172 408 528
68 1173 232 348
68 1174 512 736
68 1175 296 488
68 1176 360 488
68 1177 204 316
68 1178 456 688
68 1179 262 446
68 1180 360 488
68 1181 204 316
68 1182 456 688
68 1183 262 446
68 1184 408 528
68 1185 232 348
68 1186 512 736
68 1187 296 488
68 1188 408 528
68 1189 232 348
68 1190 512 736
68 1191 296 488
68 1192 360 488
68 1193 204 316
68 1194 456 688
68 1195 262 446
68 1196 360 488
68 1197 204 316
68 1198 456 688
68 1199 262 446
68 1200 340 468
68 1201 192 300
68 1202 436 660
68 1203 250 426
68 1204 340 468
68 1205 192 300
68 1206 436 660
68 1207 250 426
68 1208 388 540
68 1209 220 348
68 1210 516 804
68 1211 298 522
68 1212 388 540
68 1213 220 348
68 1214 516 804
68 1215 298 522
68 1216 340 420
68 1217 192 276
68 1218 436 596
68 1219 250 394
68 1220 340 420
68 1221 192 276
68 1222 436 596
68 1223 250 394
68 1224 388 492
68 1225 220 324
68 1226 516 740
68 1227 298 490
68 1228 388 492
68 1229 220 324
68 1230 516 740
68 1231 298 490
68 1232 408 528
68 1233 232 348
68 1234 512 736
68 1235 296 488
68 1236 408 528
68 1237 232 348
68 1238 512 736
68 1239 296 488
68 1240 360 488
68 1241 204 316
68 1242 456 688
68 1243 262 446
68 1244 360 488
68 1245 204 316
68 1246 456 688
68 1247 262 446
68 1248 408 528
68 1249 232 348
68 1250 512 736
68 1251 296 488
68 1252 408 528
68 1253 232 348
68 1254 512 736
68 1255 296 488
68 1256 360 488
68 1257 204 316
68 1258 456 688
68 1259 262 446
68 1260 360 488
68 1261 204 316
68 1262 456 688
68 1263 262 446
68 1264 340 468
68 1265 192 300
68 1266 436 660
68 1267 250 426
68 1268 340 468
68 1269 192 300
68 1270 436 660
68 1271 250 426
68 1272 388 540
68 1273 220 348
68 1274 516 804
68 1275 298 522
68 1276 388 540
68 1277 220 348
68 1278 516 804
68 1279 298 522
68 1280 588 780
68 1281 338 522
68 1282 837 1286
68 1283 494 870
68 1284 588 780
68 1285 338 522
68 1286 837 1286
68 1287 494 870
68 1288 508 700
68 1289 290 458
68 1290 732 1164
68 1291 428 768
68 1292 508 700
68 1293 290 458
68 1294 732 1164
68 1295 428 768
68 1296 496 684
68 1297 283 447
68 1298 720 1140
68 1299 421 753
68 1300 496 684
68 1301 283 447
68 1302 720 1140
68 1303 421 753
68 1304 576 828
68 1305 331 543
68 1306 849 1430
68 1307 501 945
68 1308 576 828
68 1309 331 543
68 1310 849 1430
68 1311 501 945
68 1312 496 684
68 1313 283 447
68 1314 720 1140
68 1315 421 753
68 1316 496 684
68 1317 283 447
68 1318 720 1140
68 1319 421 753
68 1320 576 828
68 1321 331 543
68 1322 849 1430
68 1323 501 945
68 1324 576 828
68 1325 331 543
68 1326 849 1430
68 1327 501 945
68 1328 588 852
68 1329 338 558
68 1330 837 1406
68 1331 494 930
68 1332 588 852
68 1333 338 558
68 1334 837 1406
68 1335 494 930
68 1336 508 772
68 1337 290 494
68 1338 732 1284
68 1339 428 828
68 1340 508 772
68 1341 290 494
68 1342 732 1284
68 1343 428 828
68 1344 588 780
68 1345 338 522
68 1346 837 1286
68 1347 494 870
68 1348 588 780
68 1349 338 522
68 1350 837 1286
68 1351 494 870
68 1352 508 700
68 1353 290 458
68 1354 732 1164
68 1355 428 768
68 1356 508 700
68 1357 290 458
68 1358 732 1164
68 1359 428 768
68 1360 496 684
68 1361 283 447
68 1362 720 1140
68 1363 421 753
68 1364 496 684
68 1365 283 447
68 1366 720 1140
68 1367 421 753
68 1368 576 828
68 1369 331 543
68 1370 849 1430
68 1371 501 945
68 1372 576 828
68 1373 331 543
68 1374 849 1430
68 1375 501 945
68 1376 496 684
68 1377 283 447
68 1378 720 1140
68 1379 421 753
68 1380 496 684
68 1381 283 447
68 1382 720 1140
68 1383 421 753
68 1384 576 828
68 1385 331 543
68 1386 849 1430
68 1387 501 945
68 1388 576 828
68 1389 331 543
68 1390 849 1430
68 1391 501 945
68 1392 588 852
68 1393 338 558
68 1394 837 1406
68 1395 494 930
68 1396 588 852
68 1397 338 558
68 1398 837 1406
68 1399 494 930
68 1400 508 772
68 1401 290 494
68 1402 732 1284
68 1403 428 828
68 1404 508 772
68 1405 290 494
68 1406 732 1284
68 1407 428 828
68 1408 496 684
68 1409 283 447
68 1410 720 1140
68 1411 421 753
68 1412 496 684
68 1413 283 447
68 1414 720 1140
68 1415 421 753
68 1416 576 828
68 1417 331 543
68 1418 849 1430
68 1419 501 945
68 1420 576 828
68 1421 331 543
68 1422 849 1430
68 1423 501 945
68 1424 588 852
68 1425 338 558
68 1426 837 1406
68 1427 494 930
68 1428 588 852
68 1429 338 558
68 1430 837 1406
68 1431 494 930
68 1432 508 772
68 1433 290 494
68 1434 732 1284
68 1435 428 828
68 1436 508 772
68 1437 290 494
68 1438 732 1284
68 1439 428 828
68 1440 588 852
68 1441 338 558
68 1442 837 1406
68 1443 494 930
68 1444 588 852
68 1445 338 558
68 1446 837 1406
68 1447 494 930
68 1448 508 772
68 1449 290 494
68 1450 732 1284
68 1451 428 828
68 1452 508 772
68 1453 290 494
68 1454 732 1284
68 1455 428 828
68 1456 496 756
68 1457 283 483
68 1458 720 1260
68 1459 421 813
68 1460 496 756
68 1461 283 483
68 1462 720 1260
68 1463 421 813
68 1464 576 900
68 1465 331 579
68 1466 849 1550
68 1467 501 1005
68 1468 576 900
68 1469 331 579
68 1470 849 1550
68 1471 501 1005
68 1472 496 684
68 1473 283 447
68 1474 720 1140
68 1475 421 753
68 1476 496 684
68 1477 283 447
68 1478 720 1140
68 1479 421 753
68 1480 576 828
68 1481 331 543
68 1482 849 1430
68 1483 501 945
68 1484 576 828
68 1485 331 543
68 1486 849 1430
68 1487 501 945
68 1488 588 852
68 1489 338 558
68 1490 837 1406
68 1491 494 930
68 1492 588 852
68 1493 338 558
68 1494 837 1406
68 1495 494 930
68 1496 508 772
68 1497 290 494
68 1498 732 1284
68 1499 428 828
68 1500 508 772
68 1501 290 494
68 1502 732 1284
68 1503 428 828
68 1504 588 852
68 1505 338 558
68 1506 837 1406
68 1507 494 930
68 1508 588 852
68 1509 338 558
68 1510 837 1406
68 1511 494 930
68 1512 508 772
68 1513 290 494
68 1514 732 1284
68 1515 428 828
68 1516 508 772
68 1517 290 494
68 1518 732 1284
68 1519 428 828
68 1520 496 756
68 1521 283 483
68 1522 720 1260
68 1523 421 813
68 1524 496 756
68 1525 283 483
68 1526 720 1260
68 1527 421 813
68 1528 576 900
68 1529 331 579
68 1530 849 1550
68 1531 501 1005
68 1532 576 900
68 1533 331 579
68 1534 849 1550
68 1535 501 1005
68 1536 348 504
68 1537 200 330
68 1538 360 552
68 1539 208 360
68 1540 348 504
68 1541 200 330
68 1542 360 552
68 1543 208 360
68 1544 320 472
68 1545 184 308
68 1546 336 528
68 1547 194 342
68 1548 320 472
68 1549 184 308
68 1550 336 528
68 1551 194 342
68 1552 288 432
68 1553 164 276
68 1554 304 480
68 1555 174 306
68 1556 288 432
68 1557 164 276
68 1558 304 480
68 1559 174 306
68 1560 316 480
68 1561 180 306
68 1562 352 576
68 1563 202 366
68 1564 316 480
68 1565 180 306
68 1566 352 576
68 1567 202 366
68 1568 288 432
68 1569 164 276
68 1570 304 480
68 1571 174 306
68 1572 288 432
68 1573 164 276
68 1574 304 480
68 1575 174 306
68 1576 316 480
68 1577 180 306
68 1578 352 576
68 1579 202 366
68 1580 316 480
68 1581 180 306
68 1582 352 576
68 1583 202 366
68 1584 348 552
68 1585 200 354
68 1586 360 600
68 1587 208 384
68 1588 348 552
68 1589 200 354
68 1590 360 600
68 1591 208 384
68 1592 320 520
68 1593 184 332
68 1594 336 576
68 1595 194 366
68 1596 320 520
68 1597 184 332
68 1598 336 576
68 1599 194 366
68 1600 348 504
68 1601 200 330
68 1602 360 552
68 1603 208 360
68 1604 348 504
68 1605 200 330
68 1606 360 552
68 1607 208 360
68 1608 320 472
68 1609 184 308
68 1610 336 528
68 1611 194 342
68 1612 320 472
68 1613 184 308
68 1614 336 528
68 1615 194 342
68 1616 288 432
68 1617 164 276
68 1618 304 480
68 1619 174 306
68 1620 288 432
68 1621 164 276
68 1622 304 480
68 1623 174 306
68 1624 316 480
68 1625 180 306
68 1626 352 576
68 1627 202 366
68 1628 316 480
68 1629 180 306
68 1630 352 576
68 1631 202 366
68 1632 288 432
68 1633 164 276
68 1634 304 480
68 1635 174 306
68 1636 288 432
68 1637 164 276
68 1638 304 480
68 1639 174 306
68 1640 316 480
68 1641 180 306
68 1642 352 576
68 1643 202 366
68 1644 316 480
68 1645 180 306
68 1646 352 576
68 1647 202 366
68 1648 348 552
68 1649 200 354
68 1650 360 600
68 1651 208 384
68 1652 348 552
68 1653 200 354
68 1654 360 600
68 1655 208 384
68 1656 320 520
68 1657 184 332
68 1658 336 576
68 1659 194 366
68 1660 320 520
68 1661 184 332
68 1662 336 576
68 1663 194 366
68 1664 288 432
68 1665 164 276
68 1666 304 480
68 1667 174 306
68 1668 288 432
68 1669 164 276
68 1670 304 480
68 1671 174 306
68 1672 316 480
68 1673 180 306
68 1674 352 576
68 1675 202 366
68 1676 316 480
68 1677 180 306
68 1678 352 576
68 1679 202 366
68 1680 348 552
68 1681 200 354
68 1682 360 600
68 1683 208 384
68 1684 348 552
68 1685 200 354
68 1686 360 600
68 1687 208 384
68 1688 320 520
68 1689 184 332
68 1690 336 576
68 1691 194 366
68 1692 320 520
68 1693 184 332
68 1694 336 576
68 1695 194 366
68 1696 348 552
68 1697 200 354
68 1698 360 600
68 1699 208 384
68 1700 348 552
68 1701 200 354
68 1702 360 600
68 1703 208 384
68 1704 320 520
68 1705 184 332
68 1706 336 576
68 1707 194 366
68 1708 320 520
68 1709 184 332
68 1710 336 576
68 1711 194 366
68 1712 288 480
68 1713 164 300
68 1714 304 528
68 1715 174 330
68 1716 288 480
68 1717 164 300
68 1718 304 528
68 1719 174 330
68 1720 316 528
68 1721 180 330
68 1722 352 624
68 1723 202 390
68 1724 316 528
68 1725 180 330
68 1726 352 624
68 1727 202 390
68 1728 288 432
68 1729 164 276
68 1730 304 480
68 1731 174 306
68 1732 288 432
68 1733 164 276
68 1734 304 480
68 1735 174 306
68 1736 316 480
68 1737 180 306
68 1738 352 576
68 1739 202 366
68 1740 316 480
68 1741 180 306
68 1742 352 576
68 1743 202 366
68 1744 348 552
68 1745 200 354
68 1746 360 600
68 1747 208 384
68 1748 348 552
68 1749 200 354
68 1750 360 600
68 1751 208 384
68 1752 320 520
68 1753 184 332
68 1754 336 576
68 1755 194 366
68 1756 320 520
68 1757 184 332
68 1758 336 576
68 1759 194 366
68 1760 348 552
68 1761 200 354
68 1762 360 600
68 1763 208 384
68 1764 348 552
68 1765 200 354
68 1766 360 600
68 1767 208 384
68 1768 320 520
68 1769 184 332
68 1770 336 576
68 1771 194 366
68 1772 320 520
68 1773 184 332
68 1774 336 576
68 1775 194 366
68 1776 288 480
68 1777 164 300
68 1778 304 528
68 1779 174 330
68 1780 288 480
68 1781 164 300
68 1782 304 528
68 1783 174 330
68 1784 316 528
68 1785 180 330
68 1786 352 624
68 1787 202 390
68 1788 316 528
68 1789 180 330
68 1790 352 624
68 1791 202 390
68 1792 408 648
68 1793 232 408
68 1794 512 896
68 1795 296 568
68 1796 408 648
68 1797 232 408
68 1798 512 896
68 1799 296 568
68 1800 360 584
68 1801 204 364
68 1802 456 816
68 1803 262 510
68 1804 360 584
68 1805 204 364
68 1806 456 816
68 1807 262 510
68 1808 340 552
68 1809 192 342
68 1810 436 776
68 1811 250 484
68 1812 340 552
68 1813 192 342
68 1814 436 776
68 1815 250 484
68 1816 388 648
68 1817 220 402
68 1818 516 968
68 1819 298 604
68 1820 388 648
68 1821 220 402
68 1822 516 968
68 1823 298 604
68 1824 340 552
68 1825 192 342
68 1826 436 776
68 1827 250 484
68 1828 340 552
68 1829 192 342
68 1830 436 776
68 1831 250 484
68 1832 388 648
68 1833 220 402
68 1834 516 968
68 1835 298 604
68 1836 388 648
68 1837 220 402
68 1838 516 968
68 1839 298 604
68 1840 408 696
68 1841 232 432
68 1842 512 960
68 1843 296 600
68 1844 408 696
68 1845 232 432
68 1846 512 960
68 1847 296 600
68 1848 360 632
68 1849 204 388
68 1850 456 880
68 1851 262 542
68 1852 360 632
68 1853 204 388
68 1854 456 880
68 1855 262 542
68 1856 408 648
68 1857 232 408
68 1858 512 896
68 1859 296 568
68 1860 408 648
68 1861 232 408
68 1862 512 896
68 1863 296 568
68 1864 360 584
68 1865 204 364
68 1866 456 816
68 1867 262 510
68 1868 360 584
68 1869 204 364
68 1870 456 816
68 1871 262 510
68 1872 340 552
68 1873 192 342
68 1874 436 776
68 1875 250 484
68 1876 340 552
68 1877 192 342
68 1878 436 776
68 1879 250 484
68 1880 388 648
68 1881 220 402
68 1882 516 968
68 1883 298 604
68 1884 388 648
68 1885 220 402
68 1886 516 968
68 1887 298 604
68 1888 340 552
68 1889 192 342
68 1890 436 776
68 1891 250 484
68 1892 340 552
68 1893 192 342
68 1894 436 776
68 1895 250 484
68 1896 388 648
68 1897 220 402
68 1898 516 968
68 1899 298 604
68 1900 388 648
68 1901 220 402
68 1902 516 968
68 1903 298 604
68 1904 408 696
68 1905 232 432
68 1906 512 960
68 1907 296 600
68 1908 408 696
68 1909 232 432
68 1910 512 960
68 1911 296 600
68 1912 360 632
68 1913 204 388
68 1914 456 880
68 1915 262 542
68 1916 360 632
68 1917 204 388
68 1918 456 880
68 1919 262 542
68 1920 340 552
68 1921 192 342
68 1922 436 776
68 1923 250 484
68 1924 340 552
68 1925 192 342
68 1926 436 776
68 1927 250 484
68 1928 388 648
68 1929 220 402
68 1930 516 968
68 1931 298 604
68 1932 388 648
68 1933 220 402
68 1934 516 968
68 1935 298 604
68 1936 408 696
68 1937 232 432
68 1938 512 960
68 1939 296 600
68 1940 408 696
68 1941 232 432
68 1942 512 960
68 1943 296 600
68 1944 360 632
68 1945 204 388
68 1946 456 880
68 1947 262 542
68 1948 360 632
68 1949 204 388
68 1950 456 880
68 1951 262 542
68 1952 408 696
68 1953 232 432
68 1954 512 960
68 1955 296 600
68 1956 408 696
68 1957 232 432
68 1958 512 960
68 1959 296 600
68 1960 360 632
68 1961 204 388
68 1962 456 880
68 1963 262 542
68 1964 360 632
68 1965 204 388
68 1966 456 880
68 1967 262 542
68 1968 340 600
68 1969 192 366
68 1970 436 840
68 1971 250 516
68 1972 340 600
68 1973 192 366
68 1974 436 840
68 1975 250 516
68 1976 388 696
68 1977 220 426
68 1978 516 1032
68 1979 298 636
68 1980 388 696
68 1981 220 426
68 1982 516 1032
68 1983 298 636
68 1984 340 552
68 1985 192 342
68 1986 436 776
68 1987 250 484
68 1988 340 552
68 1989 192 342
68 1990 436 776
68 1991 250 484
68 1992 388 648
68 1993 220 402
68 1994 516 968
68 1995 298 604
68 1996 388 648
68 1997 220 402
68 1998 516 968
68 1999 298 604
68 2000 408 696
68 2001 232 432
68 2002 512 960
68 2003 296 600
68 2004 408 696
68 2005 232 432
68 2006 512 960
68 2007 296 600
68 2008 360 632
68 2009 204 388
68 2010 456 880
68 2011 262 542
68 2012 360 632
68 2013 204 388
68 2014 456 880
68 2015 262 542
68 2016 408 696
68 2017 232 432
68 2018 512 960
68 2019 296 600
68 2020 408 696
68 2021 232 432
68 2022 512 960
68 2023 296 600
68 2024 360 632
68 2025 204 388
68 2026 456 880
68 2027 262 542
68 2028 360 632
68 2029 204 388
68 2030 456 880
68 2031 262 542
68 2032 340 600
68 2033 192 366
68 2034 436 840
68 2035 250 516
68 2036 340 600
68 2037 192 366
68 2038 436 840
68 2039 250 516
68 2040 388 696
68 2041 220 426
68 2042 516 1032
68 2043 298 636
68 2044 388 696
68 2045 220 426
68 2046 516 1032
68 2047 298 636
69 0 132 132
69 1 79 105
69 2 213 266
69 3 132 210
69 4 116 136
69 5 68 98
69 6 192 272
69 7 116 196
69 8 144 148
69 9 86 116
69 10 233 298
69 11 144 232
69 12 120 152
69 13 70 106
69 14 200 304
69 15 120 212
69 16 112 124
69 17 66 92
69 18 184 248
69 19 112 184
69 20 100 124
69 21 58 86
69 22 168 248
69 23 100 172
69 24 124 140
69 25 73 103
69 26 204 280
69 27 124 206
69 28 120 156
69 29 70 108
69 30 200 312
69 31 120 216
69 32 112 124
69 33 66 92
69 34 184 248
69 35 112 184
69 36 100 124
69 37 58 86
69 38 168 248
69 39 100 172
69 40 124 140
69 41 73 103
69 42 204 280
69 43 124 206
69 44 120 156
69 45 70 108
69 46 200 312
69 47 120 216
69 48 132 156
69 49 79 117
69 50 213 314
69 51 132 234
69 52 116 152
69 53 68 106
69 54 192 304
69 55 116 212
69 56 144 172
69 57 86 128
69 58 233 346
69 59 144 256
69 60 120 168
69 61 70 114
69 62 200 336
69 63 120 228
69 64 132 132
69 65 79 105
69 66 213 266
69 67 132 210
69 68 116 136
69 69 68 98
69 70 192 272
69 71 116 196
69 72 144 148
69 73 86 116
69 74 233 298
69 75 144 232
69 76 120 152
69 77 70 106
69 78 200 304
69 79 120 212
69 80 112 124
69 81 66 92
69 82 184 248
69 83 112 184
69 84 100 124
69 85 58 86
69 86 168 248
69 87 100 172
69 88 124 140
69 89 73 103
69 90 204 280
69 91 124 206
69 92 120 156
69 93 70 108
69 94 200 312
69 95 120 216
69 96 112 124
69 97 66 92
69 98 184 248
69 99 112 184
69 100 100 124
69 101 58 86
69 102 168 248
69 103 100 172
69 104 124 140
69 105 73 103
69 106 204 280
69 107 124 206
69 108 120 156
69 109 70 108
69 110 200 312
69 111 120 216
69 112 132 156
69 113 79 117
69 114 213 314
69 115 132 234
69 116 116 152
69 117 68 106
69 118 192 304
69 119 116 212
69 120 144 172
69 121 86 128
69 122 233 346
69 123 144 256
69 124 120 168
69 125 70 114
69 126 200 336
69 127 120 228
69 128 112 124
69 129 66 92
69 130 184 248
69 131 112 184
69 132 100 124
69 133 58 86
69 134 168 248
69 135 100 172
69 136 124 140
69 137 73 103
69 138 204 280
69 139 124 206
69 140 120 156
69 141 70 108
69 142 200 312
69 143 120 216
69 144 132 156
69 145 79 117
69 146 213 314
69 147 132 234
69 148 116 152
69 149 68 106
69 150 192 304
69 151 116 212
69 152 144 172
69 153 86 128
69 154 233 346
69 155 144 256
69 156 120 168
69 157 70 114
69 158 200 336
69 159 120 228
69 160 132 156
69 161 79 117
69 162 213 314
69 163 132 234
69 164 116 152
69 165 68 106
69 166 192 304
69 167 116 212
69 168 144 172
69 169 86 128
69 170 233 346
69 171 144 256
69 172 120 168
69 173 70 114
69 174 200 336
69 175 120 228
69 176 112 148
69 177 66 104
69 178 184 296
69 179 112 208
69 180 100 140
69 181 58 94
69 182 168 280
69 183 100 188
69 184 124 164
69 185 73 115
69 186 204 328
69 187 124 230
69 188 120 172
69 189 70 116
69 190 200 344
69 191 120 232
69 192 112 124
69 193 66 92
69 194 184 248
69 195 112 184
69 196 100 124
69 197 58 86
69 198 168 248
69 199 100 172
69 200 124 140
69 201 73 103
69 202 204 280
69 203 124 206
69 204 120 156
69 205 70 108
69 206 200 312
69 207 120 216
69 208 132 156
69 209 79 117
69 210 213 314
69 211 132 234
69 212 116 152
69 213 68 106
69 214 192 304
69 215 116 212
69 216 144 172
69 217 86 128
69 218 233 346
69 219 144 256
69 220 120 168
69 221 70 114
69 222 200 336
69 223 120 228
69 224 132 156
69 225 79 117
69 226 213 314
69 227 132 234
69 228 116 152
69 229 68 106
69 230 192 304
69 231 116 212
69 232 144 172
69 233 86 128
69 234 233 346
69 235 144 256
69 236 120 168
69 237 70 114
69 238 200 336
69 239 120 228
69 240 112 148
69 241 66 104
69 242 184 296
69 243 112 208
69 244 100 140
69 245 58 94
69 246 168 280
69 247 100 188
69 248 124 164
69 249 73 115
69 250 204 328
69 251 124 230
69 252 120 172
69 253 70 116
69 254 200 344
69 255 120 232
69 256 116 136
69 257 68 98
69 258 192 272
69 259 116 196
69 260 164 212
69 261 98 154
69 262 265 426
69 263 164 308
69 264 120 152
69 265 70 106
69 266 200 304
69 267 120 212
69 268 156 220
69 269 92 152
69 270 256 440
69 271 156 304
69 272 100 124
69 273 58 86
69 274 168 248
69 275 100 172
69 276 144 196
69 277 85 137
69 278 236 392
69 279 144 274
69 280 120 156
69 281 70 108
69 282 200 312
69 283 120 216
69 284 176 260
69 285 105 181
69 286 285 522
69 287 176 362
69 288 100 124
69 289 58 86
69 290 168 248
69 291 100 172
69 292 144 196
69 293 85 137
69 294 236 392
69 295 144 274
69 296 120 156
69 297 70 108
69 298 200 312
69 299 120 216
69 300 176 260
69 301 105 181
69 302 285 522
69 303 176 362
69 304 116 152
69 305 68 106
69 306 192 304
69 307 116 212
69 308 164 236
69 309 98 166
69 310 265 474
69 311 164 332
69 312 120 168
69 313 70 114
69 314 200 336
69 315 120 228
69 316 156 244
69 317 92 164
69 318 256 488
69 319 156 328
69 320 116 136
69 321 68 98
69 322 192 272
69 323 116 196
69 324 164 212
69 325 98 154
69 326 265 426
69 327 164 308
69 328 120 152
69 329 70 106
69 330 200 304
69 331 120 212
69 332 156 220
69 333 92 152
69 334 256 440
69 335 156 304
69 336 100 124
69 337 58 86
69 338 168 248
69 339 100 172
69 340 144 196
69 341 85 137
69 342 236 392
69 343 144 274
69 344 120 156
69 345 70 108
69 346 200 312
69 347 120 216
69 348 176 260
69 349 105 181
69 350 285 522
69 351 176 362
69 352 100 124
69 353 58 86
69 354 168 248
69 355 100 172
69 356 144 196
69 357 85 137
69 358 236 392
69 359 144 274
69 360 120 156
69 361 70 108
69 362 200 312
69 363 120 216
69 364 176 260
69 365 105 181
69 366 285 522
69 367 176 362
69 368 116 152
69 369 68 106
69 370 192 304
69 371 116 212
69 372 164 236
69 373 98 166
69 374 265 474
69 375 164 332
69 376 120 168
69 377 70 114
69 378 200 336
69 379 120 228
69 380 156 244
69 381 92 164
69 382 256 488
69 383 156 328
69 384 100 124
69 385 58 86
69 386 168 248
69 387 100 172
69 388 144 196
69 389 85 137
69 390 236 392
69 391 144 274
69 392 120 156
69 393 70 108
69 394 200 312
69 395 120 216
69 396 176 260
69 397 105 181
69 398 285 522
69 399 176 362
69 400 116 152
69 401 68 106
69 402 192 304
69 403 116 212
69 404 164 236
69 405 98 166
69 406 265 474
69 407 164 332
69 408 120 168
69 409 70 114
69 410 200 336
69 411 120 228
69 412 156 244
69 413 92 164
69 414 256 488
69 415 156 328
69 416 116 152
69 417 68 106
69 418 192 304
69 419 116 212
69 420 164 236
69 421 98 166
69 422 265 474
69 423 164 332
69 424 120 168
69 425 70 114
69 426 200 336
69 427 120 228
69 428 156 244
69 429 92 164
69 430 256 488
69 431 156 328
69 432 100 140
69 433 58 94
69 434 168 280
69 435 100 188
69 436 144 220
69 437 85 149
69 438 236 440
69 439 144 298
69 440 120 172
69 441 70 116
69 442 200 344
69 443 120 232
69 444 176 284
69 445 105 193
69 446 285 570
69 447 176 386
69 448 100 124
69 449 58 86
69 450 168 248
69 451 100 172
69 452 144 196
69 453 85 137
69 454 236 392
69 455 144 274
69 456 120 156
69 457 70 108
69 458 200 312
69 459 120 216
69 460 176 260
69 461 105 181
69 462 285 522
69 463 176 362
69 464 116 152
69 465 68 106
69 466 192 304
69 467 116 212
69 468 164 236
69 469 98 166
69 470 265 474
69 471 164 332
69 472 120 168
69 473 70 114
69 474 200 336
69 475 120 228
69 476 156 244
69 477 92 164
69 478 256 488
69 479 156 328
69 480 116 152
69 481 68 106
69 482 192 304
69 483 116 212
69 484 164 236
69 485 98 166
69 486 265 474
69 487 164 332
69 488 120 168
69 489 70 114
69 490 200 336
69 491 120 228
69 492 156 244
69 493 92 164
69 494 256 488
69 495 156 328
69 496 100 140
69 497 58 94
69 498 168 280
69 499 100 188
69 500 144 220
69 501 85 149
69 502 236 440
69 503 144 298
69 504 120 172
69 505 70 116
69 506 200 344
69 507 120 232
69 508 176 284
69 509 105 193
69 510 285 570
69 511 176 386
70 0 32 32
70 1 19 25
70 2 52 64
70 3 32 50
70 4 24 28
70 5 14 20
70 6 40 56
70 7 24 40
70 8 32 32
70 9 19 25
70 10 52 64
70 11 32 50
70 12 24 28
70 13 14 20
70 14 40 56
70 15 24 40
70 16 32 32
70 17 19 25
70 18 52 64
70 19 32 50
70 20 24 28
70 21 14 20
70 22 40 56
70 23 24 40
70 24 32 32
70 25 19 25
70 26 52 64
70 27 32 50
70 28 24 28
70 29 14 20
70 30 40 56
70 31 24 40
70 32 32 32
70 33 19 25
70 34 52 64
70 35 32 50
70 36 24 28
70 37 14 20
70 38 40 56
70 39 24 40
70 40 32 32
70 41 19 25
70 42 52 64
70 43 32 50
70 44 24 28
70 45 14 20
70 46 40 56
70 47 24 40
70 48 32 32
70 49 19 25
70 50 52 64
70 51 32 50
70 52 24 28
70 53 14 20
70 54 40 56
70 55 24 40
70 56 32 32
70 57 19 25
70 58 52 64
70 59 32 50
70 60 24 28
70 61 14 20
70 62 40 56
70 63 24 40
70 64 32 32
70 65 19 25
70 66 52 64
70 67 32 50
70 68 24 28
70 69 14 20
70 70 40 56
70 71 24 40
70 72 32 32
70 73 19 25
70 74 52 64
70 75 32 50
70 76 24 28
70 77 14 20
70 78 40 56
70 79 24 40
70 80 32 32
70 81 19 25
70 82 52 64
70 83 32 50
70 84 24 28
70 85 14 20
70 86 40 56
70 87 24 40
70 88 32 32
70 89 19 25
70 90 52 64
70 91 32 50
70 92 24 28
70 93 14 20
70 94 40 56
70 95 24 40
70 96 32 32
70 97 19 25
70 98 52 64
70 99 32 50
70 100 24 28
70 101 14 20
70 102 40 56
70 103 24 40
70 104 32 32
70 105 19 25
70 106 52 64
70 107 32 50
70 108 24 28
70 109 14 20
70 110 40 56
70 111 24 40
70 112 32 32
70 113 19 25
70 114 52 64
70 115 32 50
70 116 24 28
70 117 14 20
70 118 40 56
70 119 24 40
70 120 32 32
70 121 19 25
70 122 52 64
70 123 32 50
70 124 24 28
70 125 14 20
70 126 40 56
70 127 24 40
70 128 52 64
70 129 32 50
70 130 81 130
70 131 52 100
70 132 40 56
70 133 24 40
70 134 64 112
70 135 40 80
70 136 52 64
70 137 32 50
70 138 81 130
70 139 52 100
70 140 40 56
70 141 24 40
70 142 64 112
70 143 40 80
70 144 52 64
70 145 32 50
70 146 81 130
70 147 52 100
70 148 40 56
70 149 24 40
70 150 64 112
70 151 40 80
70 152 52 64
70 153 32 50
70 154 81 130
70 155 52 100
70 156 40 56
70 157 24 40
70 158 64 112
70 159 40 80
70 160 52 64
70 161 32 50
70 162 81 130
70 163 52 100
70 164 40 56
70 165 24 40
70 166 64 112
70 167 40 80
70 168 52 64
70 169 32 50
70 170 81 130
70 171 52 100
70 172 40 56
70 173 24 40
70 174 64 112
70 175 40 80
70 176 52 64
70 177 32 50
70 178 81 130
70 179 52 100
70 180 40 56
70 181 24 40
70 182 64 112
70 183 40 80
70 184 52 64
70 185 32 50
70 186 81 130
70 187 52 100
70 188 40 56
70 189 24 40
70 190 64 112
70 191 40 80
70 192 52 64
70 193 32 50
70 194 81 130
70 195 52 100
70 196 40 56
70 197 24 40
70 198 64 112
70 199 40 80
70 200 52 64
70 201 32 50
70 202 81 130
70 203 52 100
70 204 40 56
70 205 24 40
70 206 64 112
70 207 40 80
70 208 52 64
70 209 32 50
70 210 81 130
70 211 52 100
70 212 40 56
70 213 24 40
70 214 64 112
70 215 40 80
70 216 52 64
70 217 32 50
70 218 81 130
70 219 52 100
70 220 40 56
70 221 24 40
70 222 64 112
70 223 40 80
70 224 52 64
70 225 32 50
70 226 81 130
70 227 52 100
70 228 40 56
70 229 24 40
70 230 64 112
70 231 40 80
70 232 52 64
70 233 32 50
70 234 81 130
70 235 52 100
70 236 40 56
70 237 24 40
70 238 64 112
70 239 40 80
70 240 52 64
70 241 32 50
70 242 81 130
70 243 52 100
70 244 40 56
70 245 24 40
70 246 64 112
70 247 40 80
70 248 52 64
70 249 32 50
70 250 81 130
70 251 52 100
70 252 40 56
70 253 24 40
70 254 64 112
70 255 40 80
70 256 24 28
70 257 14 20
70 258 40 56
70 259 24 40
70 260 32 40
70 261 19 29
70 262 52 80
70 263 32 58
70 264 24 28
70 265 14 20
70 266 40 56
70 267 24 40
70 268 32 40
70 269 19 29
70 270 52 80
70 271 32 58
70 272 24 28
70 273 14 20
70 274 40 56
70 275 24 40
70 276 32 40
70 277 19 29
70 278 52 80
70 279 32 58
70 280 24 28
70 281 14 20
70 282 40 56
70 283 24 40
70 284 32 40
70 285 19 29
70 286 52 80
70 287 32 58
70 288 24 28
70 289 14 20
70 290 40 56
70 291 24 40
70 292 32 40
70 293 19 29
70 294 52 80
70 295 32 58
70 296 24 28
70 297 14 20
70 298 40 56
70 299 24 40
70 300 32 40
70 301 19 29
70 302 52 80
70 303 32 58
70 304 24 28
70 305 14 20
70 306 40 56
70 307 24 40
70 308 32 40
70 309 19 29
70 310 52 80
70 311 32 58
70 312 24 28
70 313 14 20
70 314 40 56
70 315 24 40
70 316 32 40
70 317 19 29
70 318 52 80
70 319 32 58
70 320 24 28
70 321 14 20
70 322 40 56
70 323 24 40
70 324 32 40
70 325 19 29
70 326 52 80
70 327 32 58
70 328 24 28
70 329 14 20
70 330 40 56
70 331 24 40
70 332 32 40
70 333 19 29
70 334 52 80
70 335 32 58
70 336 24 28
70 337 14 20
70 338 40 56
70 339 24 40
70 340 32 40
70 341 19 29
70 342 52 80
70 343 32 58
70 344 24 28
70 345 14 20
70 346 40 56
70 347 24 40
70 348 32 40
70 349 19 29
70 350 52 80
70 351 32 58
70 352 24 28
70 353 14 20
70 354 40 56
70 355 24 40
70 356 32 40
70 357 19 29
70 358 52 80
70 359 32 58
70 360 24 28
70 361 14 20
70 362 40 56
70 363 24 40
70 364 32 40
70 365 19 29
70 366 52 80
70 367 32 58
70 368 24 28
70 369 14 20
70 370 40 56
70 371 24 40
70 372 32 40
70 373 19 29
70 374 52 80
70 375 32 58
70 376 24 28
70 377 14 20
70 378 40 56
70 379 24 40
70 380 32 40
70 381 19 29
70 382 52 80
70 383 32 58
70 384 40 56
70 385 24 40
70 386 64 112
70 387 40 80
70 388 52 80
70 389 32 58
70 390 81 162
70 391 52 116
70 392 40 56
70 393 24 40
70 394 64 112
70 395 40 80
70 396 52 80
70 397 32 58
70 398 81 162
70 399 52 116
70 400 40 56
70 401 24 40
70 402 64 112
70 403 40 80
70 404 52 80
70 405 32 58
70 406 81 162
70 407 52 116
70 408 40 56
70 409 24 40
70 410 64 112
70 411 40 80
70 412 52 80
70 413 32 58
70 414 81 162
70 415 52 116
70 416 40 56
70 417 24 40
70 418 64 112
70 419 40 80
70 420 52 80
70 421 32 58
70 422 81 162
70 423 52 116
70 424 40 56
70 425 24 40
70 426 64 112
70 427 40 80
70 428 52 80
70 429 32 58
70 430 81 162
70 431 52 116
70 432 40 56
70 433 24 40
70 434 64 112
70 435 40 80
70 436 52 80
70 437 32 58
70 438 81 162
70 439 52 116
70 440 40 56
70 441 24 40
70 442 64 112
70 443 40 80
70 444 52 80
70 445 32 58
70 446 81 162
70 447 52 116
70 448 40 56
70 449 24 40
70 450 64 112
70 451 40 80
70 452 52 80
70 453 32 58
70 454 81 162
70 455 52 116
70 456 40 56
70 457 24 40
70 458 64 112
70 459 40 80
70 460 52 80
70 461 32 58
70 462 81 162
70 463 52 116
70 464 40 56
70 465 24 40
70 466 64 112
70 467 40 80
70 468 52 80
70 469 32 58
70 470 81 162
70 471 52 116
70 472 40 56
70 473 24 40
70 474 64 112
70 475 40 80
70 476 52 80
70 477 32 58
70 478 81 162
70 479 52 116
70 480 40 56
70 481 24 40
70 482 64 112
70 483 40 80
70 484 52 80
70 485 32 58
70 486 81 162
70 487 52 116
70 488 40 56
70 489 24 40
70 490 64 112
70 491 40 80
70 492 52 80
70 493 32 58
70 494 81 162
70 495 52 116
70 496 40 56
70 497 24 40
70 498 64 112
70 499 40 80
70 500 52 80
70 501 32 58
70 502 81 162
70 503 52 116
70 504 40 56
70 505 24 40
70 506 64 112
70 507 40 80
70 508 52 80
70 509 32 58
70 510 81 162
70 511 52 116
71 0 52 52
71 1 32 44
71 2 81 106
71 3 52 88
71 4 40 48
71 5 24 36
71 6 64 96
71 7 40 72
71 8 52 52
71 9 32 44
71 10 81 106
71 11 52 88
71 12 40 48
71 13 24 36
71 14 64 96
71 15 40 72
71 16 52 52
71 17 32 44
71 18 81 106
71 19 52 88
71 20 40 48
71 21 24 36
71 22 64 96
71 23 40 72
71 24 52 52
71 25 32 44
71 26 81 106
71 27 52 88
71 28 40 48
71 29 24 36
71 30 64 96
71 31 40 72
71 32 52 52
71 33 32 44
71 34 81 106
71 35 52 88
71 36 40 48
71 37 24 36
71 38 64 96
71 39 40 72
71 40 52 52
71 41 32 44
71 42 81 106
71 43 52 88
71 44 40 48
71 45 24 36
71 46 64 96
71 47 40 72
71 48 52 52
71 49 32 44
71 50 81 106
71 51 52 88
71 52 40 48
71 53 24 36
71 54 64 96
71 55 40 72
71 56 52 52
71 57 32 44
71 58 81 106
71 59 52 88
71 60 40 48
71 61 24 36
71 62 64 96
71 63 40 72
71 64 52 52
71 65 32 44
71 66 81 106
71 67 52 88
71 68 40 48
71 69 24 36
71 70 64 96
71 71 40 72
71 72 52 52
71 73 32 44
71 74 81 106
71 75 52 88
71 76 40 48
71 77 24 36
71 78 64 96
71 79 40 72
71 80 52 52
71 81 32 44
71 82 81 106
71 83 52 88
71 84 40 48
71 85 24 36
71 86 64 96
71 87 40 72
71 88 52 52
71 89 32 44
71 90 81 106
71 91 52 88
71 92 40 48
71 93 24 36
71 94 64 96
71 95 40 72
71 96 52 52
71 97 32 44
71 98 81 106
71 99 52 88
71 100 40 48
71 101 24 36
71 102 64 96
71 103 40 72
71 104 52 52
71 105 32 44
71 106 81 106
71 107 52 88
71 108 40 48
71 109 24 36
71 110 64 96
71 111 40 72
71 112 52 52
71 113 32 44
71 114 81 106
71 115 52 88
71 116 40 48
71 117 24 36
71 118 64 96
71 119 40 72
71 120 52 52
71 121 32 44
71 122 81 106
71 123 52 88
71 124 40 48
71 125 24 36
71 126 64 96
71 127 40 72
71 128 32 44
71 129 19 31
71 130 52 88
71 131 32 62
71 132 24 36
71 133 14 24
71 134 40 72
71 135 24 48
71 136 32 44
71 137 19 31
71 138 52 88
71 139 32 62
71 140 24 36
71 141 14 24
71 142 40 72
71 143 24 48
71 144 32 44
71 145 19 31
71 146 52 88
71 147 32 62
71 148 24 36
71 149 14 24
71 150 40 72
71 151 24 48
71 152 32 44
71 153 19 31
71 154 52 88
71 155 32 62
71 156 24 36
71 157 14 24
71 158 40 72
71 159 24 48
71 160 32 44
71 161 19 31
71 162 52 88
71 163 32 62
71 164 24 36
71 165 14 24
71 166 40 72
71 167 24 48
71 168 32 44
71 169 19 31
71 170 52 88
71 171 32 62
71 172 24 36
71 173 14 24
71 174 40 72
71 175 24 48
71 176 32 44
71 177 19 31
71 178 52 88
71 179 32 62
71 180 24 36
71 181 14 24
71 182 40 72
71 183 24 48
71 184 32 44
71 185 19 31
71 186 52 88
71 187 32 62
71 188 24 36
71 189 14 24
71 190 40 72
71 191 24 48
71 192 32 44
71 193 19 31
71 194 52 88
71 195 32 62
71 196 24 36
71 197 14 24
71 198 40 72
71 199 24 48
71 200 32 44
71 201 19 31
71 202 52 88
71 203 32 62
71 204 24 36
71 205 14 24
71 206 40 72
71 207 24 48
71 208 32 44
71 209 19 31
71 210 52 88
71 211 32 62
71 212 24 36
71 213 14 24
71 214 40 72
71 215 24 48
71 216 32 44
71 217 19 31
71 218 52 88
71 219 32 62
71 220 24 36
71 221 14 24
71 222 40 72
71 223 24 48
71 224 32 44
71 225 19 31
71 226 52 88
71 227 32 62
71 228 24 36
71 229 14 24
71 230 40 72
71 231 24 48
71 232 32 44
71 233 19 31
71 234 52 88
71 235 32 62
71 236 24 36
71 237 14 24
71 238 40 72
71 239 24 48
71 240 32 44
71 241 19 31
71 242 52 88
71 243 32 62
71 244 24 36
71 245 14 24
71 246 40 72
71 247 24 48
71 248 32 44
71 249 19 31
71 250 52 88
71 251 32 62
71 252 24 36
71 253 14 24
71 254 40 72
71 255 24 48
71 256 40 48
71 257 24 36
71 258 64 96
71 259 40 72
71 260 52 68
71 261 32 52
71 262 81 138
71 263 52 104
71 264 40 48
71 265 24 36
71 266 64 96
71 267 40 72
71 268 52 68
71 269 32 52
71 270 81 138
71 271 52 104
71 272 40 48
71 273 24 36
71 274 64 96
71 275 40 72
71 276 52 68
71 277 32 52
71 278 81 138
71 279 52 104
71 280 40 48
71 281 24 36
71 282 64 96
71 283 40 72
71 284 52 68
71 285 32 52
71 286 81 138
71 287 52 104
71 288 40 48
71 289 24 36
71 290 64 96
71 291 40 72
71 292 52 68
71 293 32 52
71 294 81 138
71 295 52 104
71 296 40 48
71 297 24 36
71 298 64 96
71 299 40 72
71 300 52 68
71 301 32 52
71 302 81 138
71 303 52 104
71 304 40 48
71 305 24 36
71 306 64 96
71 307 40 72
71 308 52 68
71 309 32 52
71 310 81 138
71 311 52 104
71 312 40 48
71 313 24 36
71 314 64 96
71 315 40 72
71 316 52 68
71 317 32 52
71 318 81 138
71 319 52 104
71 320 40 48
71 321 24 36
71 322 64 96
71 323 40 72
71 324 52 68
71 325 32 52
71 326 81 138
71 327 52 104
71 328 40 48
71 329 24 36
71 330 64 96
71 331 40 72
71 332 52 68
71 333 32 52
71 334 81 138
71 335 52 104
71 336 40 48
71 337 24 36
71 338 64 96
71 339 40 72
71 340 52 68
71 341 32 52
71 342 81 138
71 343 52 104
71 344 40 48
71 345 24 36
71 346 64 96
71 347 40 72
71 348 52 68
71 349 32 52
71 350 81 138
71 351 52 104
71 352 40 48
71 353 24 36
71 354 64 96
71 355 40 72
71 356 52 68
71 357 32 52
71 358 81 138
71 359 52 104
71 360 40 48
71 361 24 36
71 362 64 96
71 363 40 72
71 364 52 68
71 365 32 52
71 366 81 138
71 367 52 104
71 368 40 48
71 369 24 36
71 370 64 96
71 371 40 72
71 372 52 68
71 373 32 52
71 374 81 138
71 375 52 104
71 376 40 48
71 377 24 36
71 378 64 96
71 379 40 72
71 380 52 68
71 381 32 52
71 382 81 138
71 383 52 104
71 384 24 36
71 385 14 24
71 386 40 72
71 387 24 48
71 388 32 52
71 389 19 35
71 390 52 104
71 391 32 70
71 392 24 36
71 393 14 24
71 394 40 72
71 395 24 48
71 396 32 52
71 397 19 35
71 398 52 104
71 399 32 70
71 400 24 36
71 401 14 24
71 402 40 72
71 403 24 48
71 404 32 52
71 405 19 35
71 406 52 104
71 407 32 70
71 408 24 36
71 409 14 24
71 410 40 72
71 411 24 48
71 412 32 52
71 413 19 35
71 414 52 104
71 415 32 70
71 416 24 36
71 417 14 24
71 418 40 72
71 419 24 48
71 420 32 52
71 421 19 35
71 422 52 104
71 423 32 70
71 424 24 36
71 425 14 24
71 426 40 72
71 427 24 48
71 428 32 52
71 429 19 35
71 430 52 104
71 431 32 70
71 432 24 36
71 433 14 24
71 434 40 72
71 435 24 48
71 436 32 52
71 437 19 35
71 438 52 104
71 439 32 70
71 440 24 36
71 441 14 24
71 442 40 72
71 443 24 48
71 444 32 52
71 445 19 35
71 446 52 104
71 447 32 70
71 448 24 36
71 449 14 24
71 450 40 72
71 451 24 48
71 452 32 52
71 453 19 35
71 454 52 104
71 455 32 70
71 456 24 36
71 457 14 24
71 458 40 72
71 459 24 48
71 460 32 52
71 461 19 35
71 462 52 104
71 463 32 70
71 464 24 36
71 465 14 24
71 466 40 72
71 467 24 48
71 468 32 52
71 469 19 35
71 470 52 104
71 471 32 70
71 472 24 36
71 473 14 24
71 474 40 72
71 475 24 48
71 476 32 52
71 477 19 35
71 478 52 104
71 479 32 70
71 480 24 36
71 481 14 24
71 482 40 72
71 483 24 48
71 484 32 52
71 485 19 35
71 486 52 104
71 487 32 70
71 488 24 36
71 489 14 24
71 490 40 72
71 491 24 48
71 492 32 52
71 493 19 35
71 494 52 104
71 495 32 70
71 496 24 36
71 497 14 24
71 498 40 72
71 499 24 48
71 500 32 52
71 501 19 35
71 502 52 104
71 503 32 70
71 504 24 36
71 505 14 24
71 506 40 72
71 507 24 48
71 508 32 52
71 509 19 35
71 510 52 104
71 511 32 70
72 0 228 228
72 1 280 292
72 2 412 456
72 3 504 584
72 4 336 360
72 5 392 444
72 6 604 720
72 7 704 888
72 8 300 316
72 9 248 276
72 10 540 632
72 11 448 552
72 12 412 468
72 13 356 424
72 14 740 936
72 15 640 848
72 16 296 312
72 17 336 372
72 18 532 624
72 19 604 744
72 20 268 308
72 21 336 404
72 22 484 616
72 23 604 808
72 24 372 420
72 25 332 392
72 26 668 840
72 27 596 784
72 28 340 412
72 29 304 380
72 30 612 824
72 31 548 760
72 32 280 292
72 33 228 252
72 34 504 584
72 35 412 504
72 36 392 444
72 37 336 400
72 38 704 888
72 39 604 800
72 40 248 276
72 41 300 340
72 42 448 552
72 43 540 680
72 44 356 424
72 45 412 508
72 46 640 848
72 47 740 1016
72 48 336 372
72 49 296 344
72 50 604 744
72 51 532 688
72 52 336 404
72 53 268 340
72 54 604 808
72 55 484 680
72 56 332 392
72 57 372 452
72 58 596 784
72 59 668 904
72 60 304 380
72 61 340 444
72 62 548 760
72 63 612 888
72 64 412 456
72 65 504 584
72 66 736 912
72 67 896 1168
72 68 604 720
72 69 704 888
72 70 1072 1440
72 71 1248 1776
72 72 540 632
72 73 448 552
72 74 960 1264
72 75 800 1104
72 76 740 936
72 77 640 848
72 78 1312 1872
72 79 1136 1696
72 80 532 624
72 81 604 744
72 82 944 1248
72 83 1072 1488
72 84 484 616
72 85 604 808
72 86 864 1232
72 87 1072 1616
72 88 668 840
72 89 596 784
72 90 1184 1680
72 91 1056 1568
72 92 612 824
72 93 548 760
72 94 1088 1648
72 95 976 1520
72 96 504 584
72 97 412 504
72 98 896 1168
72 99 736 1008
72 100 704 888
72 101 604 800
72 102 1248 1776
72 103 1072 1600
72 104 448 552
72 105 540 680
72 106 800 1104
72 107 960 1360
72 108 640 848
72 109 740 1016
72 110 1136 1696
72 111 1312 2032
72 112 604 744
72 113 532 688
72 114 1072 1488
72 115 944 1376
72 116 604 808
72 117 484 680
72 118 1072 1616
72 119 864 1360
72 120 596 784
72 121 668 904
72 122 1056 1568
72 123 1184 1808
72 124 548 760
72 125 612 888
72 126 976 1520
72 127 1088 1776
72 128 125 147
72 129 154 188
72 130 228 294
72 131 280 376
72 132 185 231
72 133 216 282
72 134 336 462
72 135 392 564
72 136 165 203
72 137 136 174
72 138 300 406
72 139 248 348
72 140 227 297
72 141 196 266
72 142 412 594
72 143 356 532
72 144 163 201
72 145 185 237
72 146 296 402
72 147 336 474
72 148 147 193
72 149 185 253
72 150 268 386
72 151 336 506
72 152 205 267
72 153 183 247
72 154 372 534
72 155 332 494
72 156 187 257
72 157 167 235
72 158 340 514
72 159 304 470
72 160 154 188
72 161 125 159
72 162 280 376
72 163 228 318
72 164 216 282
72 165 185 251
72 166 392 564
72 167 336 502
72 168 136 174
72 169 165 215
72 170 248 348
72 171 300 430
72 172 196 266
72 173 227 317
72 174 356 532
72 175 412 634
72 176 185 237
72 177 163 217
72 178 336 474
72 179 296 434
72 180 185 253
72 181 147 209
72 182 336 506
72 183 268 418
72 184 183 247
72 185 205 283
72 186 332 494
72 187 372 566
72 188 167 235
72 189 187 273
72 190 304 470
72 191 340 546
72 192 228 294
72 193 280 376
72 194 412 588
72 195 504 752
72 196 336 462
72 197 392 564
72 198 604 924
72 199 704 1128
72 200 300 406
72 201 248 348
72 202 540 812
72 203 448 696
72 204 412 594
72 205 356 532
72 206 740 1188
72 207 640 1064
72 208 296 402
72 209 336 474
72 210 532 804
72 211 604 948
72 212 268 386
72 213 336 506
72 214 484 772
72 215 604 1012
72 216 372 534
72 217 332 494
72 218 668 1068
72 219 596 988
72 220 340 514
72 221 304 470
72 222 612 1028
72 223 548 940
72 224 280 376
72 225 228 318
72 226 504 752
72 227 412 636
72 228 392 564
72 229 336 502
72 230 704 1128
72 231 604 1004
72 232 248 348
72 233 300 430
72 234 448 696
72 235 540 860
72 236 356 532
72 237 412 634
72 238 640 1064
72 239 740 1268
72 240 336 474
72 241 296 434
72 242 604 948
72 243 532 868
72 244 336 506
72 245 268 418
72 246 604 1012
72 247 484 836
72 248 332 494
72 249 372 566
72 250 596 988
72 251 668 1132
72 252 304 470
72 253 340 546
72 254 548 940
72 255 612 1092
72 256 412 456
72 257 504 584
72 258 736 912
72 259 896 1168
72 260 604 720
72 261 704 888
72 262 1072 1440
72 263 1248 1776
72 264 540 632
72 265 448 552
72 266 960 1264
72 267 800 1104
72 268 740 936
72 269 640 848
72 270 1312 1872
72 271 1136 1696
72 272 532 624
72 273 604 744
72 274 944 1248
72 275 1072 1488
72 276 484 616
72 277 604 808
72 278 864 1232
72 279 1072 1616
72 280 668 840
72 281 596 784
72 282 1184 1680
72 283 1056 1568
72 284 612 824
72 285 548 760
72 286 1088 1648
72 287 976 1520
72 288 504 584
72 289 412 504
72 290 896 1168
72 291 736 1008
72 292 704 888
72 293 604 800
72 294 1248 1776
72 295 1072 1600
72 296 448 552
72 297 540 680
72 298 800 1104
72 299 960 1360
72 300 640 848
72 301 740 1016
72 302 1136 1696
72 303 1312 2032
72 304 604 744
72 305 532 688
72 306 1072 1488
72 307 944 1376
72 308 604 808
72 309 484 680
72 310 1072 1616
72 311 864 1360
72 312 596 784
72 313 668 904
72 314 1056 1568
72 315 1184 1808
72 316 548 760
72 317 612 888
72 318 976 1520
72 319 1088 1776
72 320 736 912
72 321 896 1168
72 322 1297 1826
72 323 1569 2338
72 324 1072 1440
72 325 1248 1776
72 326 1873 2882
72 327 2176 3552
72 328 960 1264
72 329 800 1104
72 330 1681 2530
72 331 1409 2210
72 332 1312 1872
72 333 1136 1696
72 334 2288 3744
72 335 1985 3394
72 336 944 1248
72 337 1072 1488
72 338 1649 2498
72 339 1872 2976
72 340 864 1232
72 341 1072 1616
72 342 1521 2466
72 343 1873 3234
72 344 1184 1680
72 345 1056 1568
72 346 2064 3360
72 347 1841 3138
72 348 1088 1648
72 349 976 1520
72 350 1905 3298
72 351 1713 3042
72 352 896 1168
72 353 736 1008
72 354 1569 2338
72 355 1297 2018
72 356 1248 1776
72 357 1072 1600
72 358 2176 3552
72 359 1873 3202
72 360 800 1104
72 361 960 1360
72 362 1409 2210
72 363 1681 2722
72 364 1136 1696
72 365 1312 2032
72 366 1985 3394
72 367 2288 4064
72 368 1072 1488
72 369 944 1376
72 370 1872 2976
72 371 1649 2754
72 372 1072 1616
72 373 864 1360
72 374 1873 3234
72 375 1521 2722
72 376 1056 1568
72 377 1184 1808
72 378 1841 3138
72 379 2064 3616
72 380 976 1520
72 381 1088 1776
72 382 1713 3042
72 383 1905 3554
72 384 228 294
72 385 280 376
72 386 412 588
72 387 504 752
72 388 336 462
72 389 392 564
72 390 604 924
72 391 704 1128
72 392 300 406
72 393 248 348
72 394 540 812
72 395 448 696
72 396 412 594
72 397 356 532
72 398 740 1188
72 399 640 1064
72 400 296 402
72 401 336 474
72 402 532 804
72 403 604 948
72 404 268 386
72 405 336 506
72 406 484 772
72 407 604 1012
72 408 372 534
72 409 332 494
72 410 668 1068
72 411 596 988
72 412 340 514
72 413 304 470
72 414 612 1028
72 415 548 940
72 416 280 376
72 417 228 318
72 418 504 752
72 419 412 636
72 420 392 564
72 421 336 502
72 422 704 1128
72 423 604 1004
72 424 248 348
72 425 300 430
72 426 448 696
72 427 540 860
72 428 356 532
72 429 412 634
72 430 640 1064
72 431 740 1268
72 432 336 474
72 433 296 434
72 434 604 948
72 435 532 868
72 436 336 506
72 437 268 418
72 438 604 1012
72 439 484 836
72 440 332 494
72 441 372 566
72 442 596 988
72 443 668 1132
72 444 304 470
72 445 340 546
72 446 548 940
72 447 612 1092
72 448 412 588
72 449 504 752
72 450 736 1176
72 451 896 1504
72 452 604 924
72 453 704 1128
72 454 1072 1848
72 455 1248 2256
72 456 540 812
72 457 448 696
72 458 960 1624
72 459 800 1392
72 460 740 1188
72 461 640 1064
72 462 1312 2376
72 463 1136 2128
72 464 532 804
72 465 604 948
72 466 944 1608
72 467 1072 1896
72 468 484 772
72 469 604 1012
72 470 864 1544
72 471 1072 2024
72 472 668 1068
72 473 596 988
72 474 1184 2136
72 475 1056 1976
72 476 612 1028
72 477 548 940
72 478 1088 2056
72 479 976 1880
72 480 504 752
72 481 412 636
72 482 896 1504
72 483 736 1272
72 484 704 1128
72 485 604 1004
72 486 1248 2256
72 487 1072 2008
72 488 448 696
72 489 540 860
72 490 800 1392
72 491 960 1720
72 492 640 1064
72 493 740 1268
72 494 1136 2128
72 495 1312 2536
72 496 604 948
72 497 532 868
72 498 1072 1896
72 499 944 1736
72 500 604 1012
72 501 484 836
72 502 1072 2024
72 503 864 1672
72 504 596 988
72 505 668 1132
72 506 1056 1976
72 507 1184 2264
72 508 548 940
72 509 612 1092
72 510 976 1880
72 511 1088 2184
72 512 148 164
72 513 184 212
72 514 268 328
72 515 332 424
72 516 208 248
72 517 260 324
72 518 376 496
72 519 468 648
72 520 188 220
72 521 184 220
72 522 340 440
72 523 332 440
72 524 264 332
72 525 244 312
72 526 476 664
72 527 440 624
72 528 200 232
72 529 224 276
72 530 360 464
72 531 404 552
72 532 220 268
72 533 260 340
72 534 396 536
72 535 468 680
72 536 256 316
72 537 240 312
72 538 460 632
72 539 432 624
72 540 260 332
72 541 260 348
72 542 468 664
72 543 468 696
72 544 184 212
72 545 148 180
72 546 332 424
72 547 268 360
72 548 260 324
72 549 208 272
72 550 468 648
72 551 376 544
72 552 184 220
72 553 188 236
72 554 332 440
72 555 340 472
72 556 244 312
72 557 264 356
72 558 440 624
72 559 476 712
72 560 224 276
72 561 200 256
72 562 404 552
72 563 360 512
72 564 260 340
72 565 220 300
72 566 468 680
72 567 396 600
72 568 240 312
72 569 256 340
72 570 432 624
72 571 460 680
72 572 260 348
72 573 260 364
72 574 468 696
72 575 468 728
72 576 268 328
72 577 332 424
72 578 480 656
72 579 592 848
72 580 376 496
72 581 468 648
72 582 672 992
72 583 832 1296
72 584 340 440
72 585 332 440
72 586 608 880
72 587 592 880
72 588 476 664
72 589 440 624
72 590 848 1328
72 591 784 1248
72 592 360 464
72 593 404 552
72 594 640 928
72 595 720 1104
72 596 396 536
72 597 468 680
72 598 704 1072
72 599 832 1360
72 600 460 632
72 601 432 624
72 602 816 1264
72 603 768 1248
72 604 468 664
72 605 468 696
72 606 832 1328
72 607 832 1392
72 608 332 424
72 609 268 360
72 610 592 848
72 611 480 720
72 612 468 648
72 613 376 544
72 614 832 1296
72 615 672 1088
72 616 332 440
72 617 340 472
72 618 592 880
72 619 608 944
72 620 440 624
72 621 476 712
72 622 784 1248
72 623 848 1424
72 624 404 552
72 625 360 512
72 626 720 1104
72 627 640 1024
72 628 468 680
72 629 396 600
72 630 832 1360
72 631 704 1200
72 632 432 624
72 633 460 680
72 634 768 1248
72 635 816 1360
72 636 468 696
72 637 468 728
72 638 832 1392
72 639 832 1456
72 640 81 103
72 641 101 133
72 642 148 206
72 643 184 266
72 644 114 154
72 645 143 201
72 646 208 308
72 647 260 402
72 648 103 137
72 649 101 137
72 650 188 274
72 651 184 274
72 652 145 205
72 653 134 192
72 654 264 410
72 655 244 384
72 656 110 146
72 657 123 171
72 658 200 292
72 659 224 342
72 660 121 167
72 661 143 209
72 662 220 334
72 663 260 418
72 664 141 197
72 665 132 192
72 666 256 394
72 667 240 384
72 668 143 205
72 669 143 213
72 670 260 410
72 671 260 426
72 672 101 133
72 673 81 111
72 674 184 266
72 675 148 222
72 676 143 201
72 677 114 166
72 678 260 402
72 679 208 332
72 680 101 137
72 681 103 145
72 682 184 274
72 683 188 290
72 684 134 192
72 685 145 217
72 686 244 384
72 687 264 434
72 688 123 171
72 689 110 158
72 690 224 342
72 691 200 316
72 692 143 209
72 693 121 183
72 694 260 418
72 695 220 366
72 696 132 192
72 697 141 209
72 698 240 384
72 699 256 418
72 700 143 213
72 701 143 221
72 702 260 426
72 703 260 442
72 704 148 206
72 705 184 266
72 706 268 412
72 707 332 532
72 708 208 308
72 709 260 402
72 710 376 616
72 711 468 804
72 712 188 274
72 713 184 274
72 714 340 548
72 715 332 548
72 716 264 410
72 717 244 384
72 718 476 820
72 719 440 768
72 720 200 292
72 721 224 342
72 722 360 584
72 723 404 684
72 724 220 334
72 725 260 418
72 726 396 668
72 727 468 836
72 728 256 394
72 729 240 384
72 730 460 788
72 731 432 768
72 732 260 410
72 733 260 426
72 734 468 820
72 735 468 852
72 736 184 266
72 737 148 222
72 738 332 532
72 739 268 444
72 740 260 402
72 741 208 332
72 742 468 804
72 743 376 664
72 744 184 274
72 745 188 290
72 746 332 548
72 747 340 580
72 748 244 384
72 749 264 434
72 750 440 768
72 751 476 868
72 752 224 342
72 753 200 316
72 754 404 684
72 755 360 632
72 756 260 418
72 757 220 366
72 758 468 836
72 759 396 732
72 760 240 384
72 761 256 418
72 762 432 768
72 763 460 836
72 764 260 426
72 765 260 442
72 766 468 852
72 767 468 884
72 768 268 328
72 769 332 424
72 770 480 656
72 771 592 848
72 772 376 496
72 773 468 648
72 774 672 992
72 775 832 1296
72 776 340 440
72 777 332 440
72 778 608 880
72 779 592 880
72 780 476 664
72 781 440 624
72 782 848 1328
72 783 784 1248
72 784 360 464
72 785 404 552
72 786 640 928
72 787 720 1104
72 788 396 536
72 789 468 680
72 790 704 1072
72 791 832 1360
72 792 460 632
72 793 432 624
72 794 816 1264
72 795 768 1248
72 796 468 664
72 797 468 696
72 798 832 1328
72 799 832 1392
72 800 332 424
72 801 268 360
72 802 592 848
72 803 480 720
72 804 468 648
72 805 376 544
72 806 832 1296
72 807 672 1088
72 808 332 440
72 809 340 472
72 810 592 880
72 811 608 944
72 812 440 624
72 813 476 712
72 814 784 1248
72 815 848 1424
72 816 404 552
72 817 360 512
72 818 720 1104
72 819 640 1024
72 820 468 680
72 821 396 600
72 822 832 1360
72 823 704 1200
72 824 432 624
72 825 460 680
72 826 768 1248
72 827 816 1360
72 828 468 696
72 829 468 728
72 830 832 1392
72 831 832 1456
72 832 480 656
72 833 592 848
72 834 849 1314
72 835 1041 1698
72 836 672 992
72 837 832 1296
72 838 1185 1986
72 839 1457 2594
72 840 608 880
72 841 592 880
72 842 1073 1762
72 843 1041 1762
72 844 848 1328
72 845 784 1248
72 846 1489 2658
72 847 1377 2498
72 848 640 928
72 849 720 1104
72 850 1121 1858
72 851 1264 2208
72 852 704 1072
72 853 832 1360
72 854 1233 2146
72 855 1456 2720
72 856 816 1264
72 857 768 1248
72 858 1425 2530
72 859 1344 2496
72 860 832 1328
72 861 832 1392
72 862 1457 2658
72 863 1456 2784
72 864 592 848
72 865 480 720
72 866 1041 1698
72 867 849 1442
72 868 832 1296
72 869 672 1088
72 870 1457 2594
72 871 1185 2178
72 872 592 880
72 873 608 944
72 874 1041 1762
72 875 1073 1890
72 876 784 1248
72 877 848 1424
72 878 1377 2498
72 879 1489 2850
72 880 720 1104
72 881 640 1024
72 882 1264 2208
72 883 1121 2050
72 884 832 1360
72 885 704 1200
72 886 1456 2720
72 887 1233 2402
72 888 768 1248
72 889 816 1360
72 890 1344 2496
72 891 1425 2722
72 892 832 1392
72 893 832 1456
72 894 1456 2784
72 895 1457 2914
72 896 148 206
72 897 184 266
72 898 268 412
72 899 332 532
72 900 208 308
72 901 260 402
72 902 376 616
72 903 468 804
72 904 188 274
72 905 184 274
72 906 340 548
72 907 332 548
72 908 264 410
72 909 244 384
72 910 476 820
72 911 440 768
72 912 200 292
72 913 224 342
72 914 360 584
72 915 404 684
72 916 220 334
72 917 260 418
72 918 396 668
72 919 468 836
72 920 256 394
72 921 240 384
72 922 460 788
72 923 432 768
72 924 260 410
72 925 260 426
72 926 468 820
72 927 468 852
72 928 184 266
72 929 148 222
72 930 332 532
72 931 268 444
72 932 260 402
72 933 208 332
72 934 468 804
72 935 376 664
72 936 184 274
72 937 188 290
72 938 332 548
72 939 340 580
72 940 244 384
72 941 264 434
72 942 440 768
72 943 476 868
72 944 224 342
72 945 200 316
72 946 404 684
72 947 360 632
72 948 260 418
72 949 220 366
72 950 468 836
72 951 396 732
72 952 240 384
72 953 256 418
72 954 432 768
72 955 460 836
72 956 260 426
72 957 260 442
72 958 468 852
72 959 468 884
72 960 268 412
72 961 332 532
72 962 480 824
72 963 592 1064
72 964 376 616
72 965 468 804
72 966 672 1232
72 967 832 1608
72 968 340 548
72 969 332 548
72 970 608 1096
72 971 592 1096
72 972 476 820
72 973 440 768
72 974 848 1640
72 975 784 1536
72 976 360 584
72 977 404 684
72 978 640 1168
72 979 720 1368
72 980 396 668
72 981 468 836
72 982 704 1336
72 983 832 1672
72 984 460 788
72 985 432 768
72 986 816 1576
72 987 768 1536
72 988 468 820
72 989 468 852
72 990 832 1640
72 991 832 1704
72 992 332 532
72 993 268 444
72 994 592 1064
72 995 480 888
72 996 468 804
72 997 376 664
72 998 832 1608
72 999 672 1328
72 1000 332 548
72 1001 340 580
72 1002 592 1096
72 1003 608 1160
72 1004 440 768
72 1005 476 868
72 1006 784 1536
72 1007 848 1736
72 1008 404 684
72 1009 360 632
72 1010 720 1368
72 1011 640 1264
72 1012 468 836
72 1013 396 732
72 1014 832 1672
72 1015 704 1464
72 1016 432 768
72 1017 460 836
72 1018 768 1536
72 1019 816 1672
72 1020 468 852
72 1021 468 884
72 1022 832 1704
72 1023 832 1768
73 0 23 23
73 1 40 46
73 2 30 32
73 3 52 64
73 4 40 46
73 5 68 92
73 6 52 64
73 7 88 128
73 8 37 41
73 9 64 82
73 10 49 59
73 11 84 118
73 12 64 82
73 13 108 164
73 14 84 118
73 15 140 236
73 16 37 41
73 17 64 82
73 18 49 59
73 19 84 118
73 20 64 82
73 21 108 164
73 22 84 118
73 23 140 236
73 24 51 67
73 25 88 134
73 26 71 103
73 27 120 206
73 28 88 134
73 29 148 268
73 30 120 206
73 31 197 414
73 32 33 37
73 33 56 74
73 34 26 32
73 35 44 64
73 36 56 74
73 37 93 150
73 38 44 64
73 39 73 130
73 40 52 64
73 41 88 128
73 42 40 54
73 43 68 108
73 44 88 128
73 45 145 258
73 46 68 108
73 47 113 218
73 48 52 64
73 49 88 128
73 50 40 54
73 51 68 108
73 52 88 128
73 53 145 258
73 54 68 108
73 55 113 218
73 56 68 98
73 57 116 196
73 58 54 84
73 59 92 168
73 60 116 196
73 61 192 392
73 62 92 168
73 63 153 338
74 0 40 40
74 1 24 32
74 2 60 68
74 3 36 52
74 4 65 82
74 5 40 64
74 6 97 138
74 7 60 104
74 8 24 32
74 9 14 22
74 10 36 52
74 11 21 35
74 12 40 64
74 13 24 44
74 14 60 104
74 15 36 70
74 16 60 68
74 17 36 52
74 18 68 100
74 19 40 68
74 20 97 138
74 21 60 104
74 22 112 200
74 23 68 136
74 24 36 52
74 25 21 35
74 26 40 68
74 27 23 43
74 28 60 104
74 29 36 70
74 30 68 136
74 31 40 86
75 0 40 40
75 1 52 60
75 2 64 80
75 3 81 122
75 4 44 48
75 5 48 60
75 6 69 98
75 7 76 120
75 8 48 52
75 9 44 56
75 10 76 104
75 11 69 114
75 12 52 60
75 13 40 56
75 14 81 122
75 15 64 112
75 16 24 32
75 17 32 48
75 18 40 64
75 19 52 96
75 20 27 39
75 21 29 45
75 22 44 78
75 23 48 90
75 24 29 41
75 25 27 43
75 26 48 82
75 27 44 86
75 28 32 48
75 29 24 40
75 30 52 96
75 31 40 80
75 32 40 48
75 33 48 64
75 34 64 96
75 35 76 128
75 36 44 56
75 37 52 72
75 38 69 114
75 39 81 146
75 40 52 72
75 41 44 64
75 42 81 146
75 43 69 130
75 44 48 72
75 45 40 64
75 46 76 144
75 47 64 128
75 48 24 36
75 49 29 47
75 50 40 72
75 51 48 94
75 52 27 43
75 53 32 54
75 54 44 86
75 55 52 108
75 56 32 54
75 57 27 47
75 58 52 108
75 59 44 94
75 60 29 51
75 61 24 44
75 62 48 102
75 63 40 88
76 0 80 80
76 1 112 124
76 2 88 92
76 3 104 120
76 4 136 160
76 5 188 248
76 6 148 184
76 7 176 240
76 8 80 88
76 9 80 100
76 10 88 100
76 11 88 112
76 12 136 176
76 13 136 200
76 14 148 200
76 15 148 224
76 16 84 88
76 17 116 132
76 18 92 100
76 19 108 128
76 20 141 178
76 21 193 266
76 22 153 202
76 23 181 258
76 24 84 96
76 25 84 108
76 26 92 108
76 27 92 120
76 28 141 194
76 29 141 218
76 30 153 218
76 31 153 242
76 32 80 88
76 33 80 100
76 34 88 100
76 35 88 112
76 36 136 176
76 37 136 200
76 38 148 200
76 39 148 224
76 40 112 136
76 41 80 108
76 42 104 132
76 43 88 120
76 44 188 272
76 45 136 216
76 46 176 264
76 47 148 240
76 48 84 96
76 49 84 108
76 50 92 108
76 51 92 120
76 52 141 194
76 53 141 218
76 54 153 218
76 55 153 242
76 56 116 144
76 57 84 116
76 58 108 140
76 59 92 128
76 60 193 290
76 61 141 234
76 62 181 282
76 63 153 258
76 64 46 58
76 65 65 89
76 66 51 67
76 67 60 84
76 68 80 116
76 69 112 178
76 70 88 134
76 71 104 168
76 72 46 62
76 73 46 68
76 74 51 71
76 75 51 77
76 76 80 124
76 77 80 136
76 78 88 142
76 79 88 154
76 80 49 65
76 81 68 96
76 82 54 74
76 83 63 91
76 84 84 130
76 85 116 192
76 86 92 148
76 87 108 182
76 88 49 69
76 89 49 75
76 90 54 78
76 91 54 84
76 92 84 138
76 93 84 150
76 94 92 156
76 95 92 168
76 96 46 62
76 97 46 68
76 98 51 71
76 99 51 77
76 100 80 124
76 101 80 136
76 102 88 142
76 103 88 154
76 104 65 95
76 105 46 72
76 106 60 90
76 107 51 81
76 108 112 190
76 109 80 144
76 110 104 180
76 111 88 162
76 112 49 69
76 113 49 75
76 114 54 78
76 115 54 84
76 116 84 138
76 117 84 150
76 118 92 156
76 119 92 168
76 120 68 102
76 121 49 79
76 122 63 97
76 123 54 88
76 124 116 204
76 125 84 158
76 126 108 194
76 127 92 176
76 128 132 152
76 129 184 240
76 130 144 176
76 131 172 232
76 132 220 304
76 133 301 482
76 134 237 354
76 135 284 464
76 136 132 168
76 137 132 192
76 138 144 192
76 139 144 216
76 140 220 336
76 141 220 384
76 142 237 386
76 143 237 434
76 144 136 160
76 145 180 240
76 146 140 176
76 147 176 240
76 148 225 322
76 149 296 480
76 150 232 352
76 151 289 482
76 152 136 176
76 153 136 200
76 154 140 192
76 155 140 216
76 156 225 354
76 157 225 402
76 158 232 384
76 159 232 432
76 160 132 168
76 161 132 192
76 162 144 192
76 163 144 216
76 164 220 336
76 165 220 384
76 166 237 386
76 167 237 434
76 168 184 264
76 169 132 208
76 170 172 256
76 171 144 232
76 172 301 530
76 173 220 416
76 174 284 512
76 175 237 466
76 176 136 176
76 177 136 200
76 178 140 192
76 179 140 216
76 180 225 354
76 181 225 402
76 182 232 384
76 183 232 432
76 184 180 264
76 185 136 216
76 186 176 264
76 187 140 232
76 188 296 528
76 189 225 434
76 190 289 530
76 191 232 464
76 192 77 109
76 193 109 171
76 194 85 127
76 195 101 161
76 196 132 218
76 197 184 342
76 198 144 254
76 199 172 322
76 200 77 117
76 201 77 129
76 202 85 135
76 203 85 147
76 204 132 234
76 205 132 258
76 206 144 270
76 207 144 294
76 208 80 116
76 209 106 168
76 210 82 124
76 211 104 168
76 212 136 232
76 213 180 336
76 214 140 248
76 215 176 336
76 216 80 124
76 217 80 136
76 218 82 132
76 219 82 144
76 220 136 248
76 221 136 272
76 222 140 264
76 223 140 288
76 224 77 117
76 225 77 129
76 226 85 135
76 227 85 147
76 228 132 234
76 229 132 258
76 230 144 270
76 231 144 294
76 232 109 183
76 233 77 137
76 234 101 173
76 235 85 155
76 236 184 366
76 237 132 274
76 238 172 346
76 239 144 310
76 240 80 124
76 241 80 136
76 242 82 132
76 243 82 144
76 244 136 248
76 245 136 272
76 246 140 264
76 247 140 288
76 248 106 180
76 249 80 144
76 250 104 180
76 251 82 152
76 252 180 360
76 253 136 288
76 254 176 360
76 255 140 304
77 0 85 86
77 1 117 134
77 2 97 106
77 3 129 154
77 4 52 72
77 5 72 108
77 6 60 88
77 7 80 124
77 8 97 106
77 9 124 164
77 10 109 126
77 11 136 184
77 12 60 88
77 13 76 124
77 14 68 104
77 15 84 140
77 16 100 116
77 17 144 192
77 18 112 136
77 19 132 188
77 20 60 88
77 21 88 144
77 22 68 104
77 23 80 136
77 24 112 136
77 25 161 234
77 26 124 156
77 27 149 230
77 28 68 104
77 29 100 176
77 30 76 120
77 31 92 168
77 32 52 72
77 33 72 108
77 34 60 88
77 35 80 124
77 36 31 51
77 37 43 75
77 38 36 62
77 39 48 86
77 40 60 88
77 41 76 124
77 42 68 104
77 43 84 140
77 44 36 62
77 45 45 83
77 46 41 73
77 47 50 94
77 48 60 88
77 49 88 144
77 50 68 104
77 51 80 136
77 52 35 59
77 53 52 96
77 54 40 70
77 55 47 89
77 56 68 104
77 57 100 176
77 58 76 120
77 59 92 168
77 60 40 70
77 61 60 118
77 62 45 81
77 63 55 111
77 64 117 134
77 65 137 186
77 66 124 164
77 67 144 216
77 68 72 108
77 69 84 140
77 70 76 124
77 71 88 156
77 72 129 154
77 73 144 216
77 74 136 184
77 75 161 258
77 76 80 124
77 77 88 156
77 78 84 140
77 79 100 188
77 80 144 192
77 81 181 286
77 82 161 234
77 83 164 276
77 84 88 144
77 85 112 208
77 86 100 176
77 87 100 192
77 88 132 188
77 89 164 276
77 90 149 230
77 91 157 278
77 92 80 136
77 93 100 192
77 94 92 168
77 95 96 192
77 96 72 108
77 97 84 140
77 98 76 124
77 99 88 156
77 100 43 75
77 101 50 94
77 102 45 83
77 103 52 102
77 104 80 124
77 105 88 156
77 106 84 140
77 107 100 188
77 108 48 86
77 109 52 102
77 110 50 94
77 111 60 124
77 112 88 144
77 113 112 208
77 114 100 176
77 115 100 192
77 116 52 96
77 117 67 137
77 118 60 118
77 119 59 123
77 120 80 136
77 121 100 192
77 122 92 168
77 123 96 192
77 124 47 89
77 125 59 123
77 126 55 111
77 127 57 123
78 0 44 44
78 1 60 68
78 2 72 88
78 3 97 138
78 4 60 68
78 5 76 100
78 6 97 138
78 7 124 200
78 8 52 56
78 9 68 80
78 10 84 112
78 11 109 162
78 12 68 80
78 13 68 96
78 14 109 162
78 15 112 192
78 16 26 34
78 17 36 52
78 18 44 68
78 19 60 104
78 20 36 52
78 21 45 71
78 22 60 104
78 23 76 142
78 24 31 43
78 25 41 61
78 26 52 86
78 27 68 122
78 28 41 61
78 29 40 66
78 30 68 122
78 31 68 132
78 32 64 72
78 33 72 96
78 34 104 144
78 35 117 194
78 36 72 96
78 37 84 128
78 38 117 194
78 39 137 258
78 40 76 96
78 41 76 112
78 42 121 194
78 43 124 224
78 44 76 112
78 45 72 120
78 46 124 224
78 47 120 240
78 48 38 54
78 49 43 69
78 50 64 108
78 51 72 138
78 52 43 69
78 53 50 88
78 54 72 138
78 55 84 176
78 56 46 72
78 57 45 77
78 58 76 144
78 59 76 154
78 60 45 77
78 61 42 78
78 62 76 154
78 63 72 156
79 0 40 40
79 1 52 56
79 2 68 80
79 3 88 112
79 4 64 72
79 5 84 104
79 6 108 144
79 7 140 208
79 8 56 64
79 9 44 56
79 10 93 130
79 11 73 114
79 12 88 112
79 13 68 96
79 14 145 226
79 15 113 194
79 16 23 29
79 17 30 40
79 18 40 58
79 19 52 80
79 20 37 51
79 21 49 73
79 22 64 102
79 23 84 146
79 24 33 47
79 25 26 40
79 26 56 94
79 27 44 80
79 28 52 80
79 29 40 66
79 30 88 160
79 31 68 132
79 32 64 72
79 33 84 104
79 34 108 144
79 35 140 208
79 36 88 120
79 37 120 184
79 38 148 240
79 39 197 370
79 40 88 112
79 41 68 96
79 42 145 226
79 43 113 194
79 44 116 176
79 45 92 152
79 46 192 352
79 47 153 306
79 48 37 51
79 49 49 73
79 50 64 102
79 51 84 146
79 52 51 81
79 53 71 125
79 54 88 162
79 55 120 250
79 56 52 80
79 57 40 66
79 58 88 160
79 59 68 132
79 60 68 118
79 61 54 100
79 62 116 236
79 63 92 200
80 0 1 2
80 1 1 3
81 0 93 94
81 1 97 102
81 2 129 150
81 3 132 164
81 4 105 114
81 5 109 122
81 6 141 170
81 7 144 184
81 8 57 79
81 9 60 86
81 10 80 122
81 11 82 130
81 12 65 95
81 13 68 102
81 14 88 138
81 15 90 146
81 16 105 114
81 17 101 114
81 18 136 180
81 19 133 182
81 20 117 134
81 21 113 134
81 22 148 200
81 23 145 202
81 24 65 95
81 25 62 92
81 26 84 138
81 27 82 138
81 28 73 111
81 29 70 108
81 30 92 154
81 31 90 154
81 32 108 124
81 33 112 132
81 34 156 208
81 35 161 226
81 36 120 144
81 37 124 152
81 38 144 204
81 39 149 222
81 40 65 95
81 41 68 102
81 42 96 158
81 43 100 172
81 44 73 111
81 45 76 118
81 46 88 150
81 47 92 164
81 48 120 144
81 49 116 144
81 50 173 250
81 51 168 248
81 52 132 164
81 53 128 164
81 54 161 246
81 55 156 244
81 56 73 111
81 57 70 108
81 58 108 190
81 59 104 184
81 60 81 127
81 61 78 124
81 62 100 182
81 63 96 176
81 64 60 80
81 65 64 88
81 66 84 124
81 67 89 142
81 68 68 96
81 69 72 104
81 70 92 140
81 71 97 158
81 72 36 58
81 73 39 65
81 74 51 89
81 75 55 103
81 76 41 69
81 77 44 76
81 78 56 100
81 79 60 114
81 80 68 96
81 81 72 104
81 82 88 140
81 83 93 158
81 84 76 112
81 85 80 120
81 86 96 156
81 87 101 174
81 88 41 69
81 89 44 76
81 90 53 97
81 91 57 111
81 92 46 80
81 93 49 87
81 94 58 108
81 95 62 122
81 96 68 96
81 97 72 104
81 98 100 160
81 99 105 178
81 100 76 112
81 101 80 120
81 102 92 152
81 103 97 170
81 104 40 66
81 105 43 73
81 106 60 110
81 107 64 124
81 108 45 77
81 109 48 84
81 110 55 103
81 111 59 117
81 112 76 112
81 113 80 120
81 114 112 192
81 115 117 210
81 116 84 128
81 117 88 136
81 118 104 184
81 119 109 202
81 120 45 77
81 121 48 84
81 122 68 132
81 123 72 146
81 124 50 88
81 125 53 95
81 126 63 125
81 127 67 139
81 128 125 142
81 129 129 150
81 130 149 202
81 131 152 216
81 132 132 172
81 133 136 180
81 134 156 232
81 135 161 250
81 136 77 115
81 137 80 122
81 138 92 154
81 139 94 162
81 140 81 131
81 141 84 138
81 142 96 170
81 143 100 184
81 144 137 162
81 145 133 162
81 146 156 232
81 147 153 234
81 148 144 192
81 149 140 192
81 150 173 274
81 151 168 272
81 152 85 131
81 153 82 128
81 154 96 170
81 155 94 170
81 156 89 147
81 157 86 144
81 158 108 202
81 159 104 196
81 160 152 200
81 161 148 200
81 162 193 302
81 163 188 300
81 164 169 242
81 165 165 242
81 166 176 292
81 167 173 294
81 168 93 151
81 169 90 148
81 170 120 222
81 171 116 216
81 172 105 183
81 173 102 180
81 174 108 206
81 175 106 206
81 176 140 196
81 177 144 204
81 178 176 292
81 179 181 310
81 180 157 238
81 181 161 246
81 182 169 294
81 183 172 308
81 184 85 143
81 185 88 150
81 186 108 206
81 187 112 220
81 188 97 175
81 189 100 182
81 190 104 206
81 191 106 214
81 192 80 116
81 193 84 124
81 194 96 156
81 195 101 174
81 196 84 132
81 197 88 140
81 198 100 172
81 199 105 190
81 200 48 82
81 201 51 89
81 202 58 108
81 203 62 122
81 204 50 90
81 205 53 97
81 206 60 116
81 207 64 130
81 208 88 132
81 209 92 140
81 210 100 172
81 211 105 190
81 212 92 148
81 213 96 156
81 214 112 204
81 215 117 222
81 216 53 93
81 217 56 100
81 218 60 116
81 219 64 130
81 220 55 101
81 221 58 108
81 222 68 138
81 223 72 152
81 224 96 152
81 225 100 160
81 226 124 224
81 227 129 242
81 228 108 184
81 229 112 192
81 230 112 208
81 231 117 226
81 232 57 103
81 233 60 110
81 234 75 151
81 235 79 165
81 236 65 125
81 237 68 132
81 238 67 137
81 239 71 151
81 240 88 144
81 241 92 152
81 242 112 208
81 243 117 226
81 244 100 176
81 245 104 184
81 246 108 208
81 247 113 226
81 248 52 96
81 249 55 103
81 250 67 137
81 251 71 151
81 252 60 118
81 253 63 125
81 254 65 137
81 255 69 151
82 0 12 12
82 1 17 26
82 2 8 12
82 3 12 24
82 4 8 12
82 5 12 24
82 6 5 9
82 7 8 18
83 0 65 66
83 1 97 114
83 2 40 56
83 3 60 92
83 4 97 114
83 5 112 176
83 6 60 92
83 7 68 124
83 8 40 56
83 9 60 92
83 10 24 40
83 11 36 64
83 12 60 92
83 13 68 124
83 14 36 64
83 15 40 80
83 16 40 56
83 17 60 92
83 18 24 40
83 19 36 64
83 20 60 92
83 21 68 124
83 22 36 64
83 23 40 80
83 24 24 40
83 25 36 64
83 26 14 26
83 27 21 41
83 28 36 64
83 29 40 80
83 30 21 41
83 31 23 49
84 0 24 24
84 1 36 44
84 2 25 30
84 3 37 50
84 4 15 21
84 5 23 37
84 6 16 26
84 7 24 42
84 8 16 20
84 9 24 36
84 10 17 26
84 11 25 42
84 12 10 16
84 13 15 27
84 14 11 21
84 15 16 32
84 16 36 44
84 17 53 86
84 18 37 50
84 19 52 88
84 20 23 37
84 21 35 69
84 22 24 42
84 23 34 68
84 24 24 36
84 25 36 68
84 26 25 42
84 27 37 74
84 28 15 27
84 29 23 49
84 30 16 32
84 31 24 54
85 0 121 122
85 1 133 154
85 2 185 218
85 3 180 256
85 4 125 130
85 5 136 168
85 6 181 218
85 7 177 258
85 8 73 99
85 9 82 124
85 10 113 171
85 11 110 188
85 12 76 106
85 13 84 132
85 14 110 168
85 15 108 188
85 16 141 162
85 17 121 154
85 18 180 264
85 19 157 250
85 20 145 170
85 21 124 168
85 22 176 264
85 23 152 248
85 24 86 128
85 25 74 118
85 26 109 189
85 27 96 178
85 28 89 135
85 29 76 126
85 30 106 186
85 31 92 172
85 32 88 108
85 33 120 160
85 34 136 188
85 35 176 268
85 36 92 116
85 37 125 178
85 38 140 196
85 39 181 286
85 40 52 78
85 41 72 116
85 42 81 133
85 43 106 188
85 44 55 85
85 45 76 130
85 46 84 140
85 47 110 202
85 48 96 136
85 49 104 156
85 50 124 204
85 51 144 252
85 52 100 144
85 53 109 174
85 54 128 212
85 55 149 270
85 56 57 95
85 57 62 108
85 58 73 135
85 59 86 168
85 60 60 102
85 61 66 122
85 62 76 142
85 63 90 182
85 64 100 124
85 65 116 160
85 66 156 220
85 67 168 268
85 68 104 132
85 69 121 178
85 70 160 228
85 71 173 286
85 72 59 89
85 73 70 116
85 74 93 155
85 75 102 188
85 76 62 96
85 77 74 130
85 78 96 162
85 79 106 202
85 80 116 160
85 81 128 188
85 82 156 252
85 83 169 302
85 84 120 168
85 85 133 206
85 86 152 252
85 87 164 300
85 88 69 113
85 89 78 136
85 90 93 171
85 91 104 210
85 92 72 120
85 93 82 150
85 94 90 168
85 95 100 204
85 96 92 120
85 97 136 200
85 98 144 216
85 99 209 370
85 100 96 128
85 101 141 218
85 102 140 216
85 103 204 368
85 104 54 84
85 105 82 142
85 106 86 150
85 107 129 259
85 108 57 91
85 109 86 156
85 110 83 147
85 111 125 253
85 112 84 128
85 113 116 192
85 114 116 200
85 115 164 320
85 116 88 136
85 117 121 210
85 118 120 208
85 119 169 338
85 120 49 85
85 121 69 129
85 122 68 130
85 123 99 211
85 124 52 92
85 125 73 143
85 126 71 137
85 127 103 225
86 0 37 38
86 1 49 58
86 2 24 36
86 3 32 52
86 4 49 58
86 5 56 88
86 6 32 52
86 7 36 68
86 8 24 36
86 9 32 52
86 10 15 27
86 11 20 38
86 12 32 52
86 13 36 68
86 14 20 38
86 15 22 46
86 16 32 40
86 17 44 60
86 18 20 32
86 19 28 48
86 20 44 60
86 21 61 102
86 22 28 48
86 23 40 80
86 24 20 32
86 25 28 48
86 26 12 22
86 27 17 33
86 28 28 48
86 29 40 80
86 30 17 33
86 31 25 55
87 0 83 83
87 1 93 101
87 2 86 88
87 3 96 106
87 4 144 166
87 5 160 202
87 6 148 176
87 7 164 212
87 8 114 124
87 9 108 130
87 10 117 129
87 11 105 129
87 12 196 248
87 13 184 260
87 14 200 258
87 15 180 258
87 16 88 90
87 17 98 108
87 18 91 95
87 19 101 113
87 20 152 180
87 21 168 216
87 22 156 190
87 23 172 226
87 24 109 121
87 25 113 137
87 26 112 126
87 27 110 136
87 28 188 242
87 29 192 274
87 30 192 252
87 31 188 272
87 32 88 94
87 33 101 119
87 34 91 99
87 35 98 118
87 36 152 188
87 37 172 238
87 38 156 198
87 39 168 236
87 40 90 106
87 41 119 151
87 42 93 111
87 43 122 156
87 44 156 212
87 45 204 302
87 46 160 222
87 47 208 312
87 48 93 101
87 49 106 126
87 50 96 106
87 51 103 125
87 52 160 202
87 53 180 252
87 54 164 212
87 55 176 250
87 56 95 113
87 57 114 148
87 58 98 118
87 59 117 153
87 60 164 226
87 61 196 296
87 62 168 236
87 63 200 306
87 64 86 88
87 65 96 106
87 66 83 87
87 67 93 105
87 68 148 176
87 69 164 212
87 70 144 174
87 71 160 210
87 72 117 129
87 73 105 129
87 74 114 128
87 75 108 134
87 76 200 258
87 77 180 258
87 78 196 256
87 79 184 268
87 80 91 95
87 81 101 113
87 82 88 94
87 83 98 112
87 84 156 190
87 85 172 226
87 86 152 188
87 87 168 224
87 88 112 126
87 89 110 136
87 90 109 125
87 91 113 141
87 92 192 252
87 93 188 272
87 94 188 250
87 95 192 282
87 96 91 99
87 97 98 118
87 98 88 98
87 99 101 123
87 100 156 198
87 101 168 236
87 102 152 196
87 103 172 246
87 104 93 111
87 105 122 156
87 106 90 110
87 107 119 155
87 108 160 222
87 109 208 312
87 110 156 220
87 111 204 310
87 112 96 106
87 113 103 125
87 114 93 105
87 115 106 130
87 116 164 212
87 117 176 250
87 118 160 210
87 119 180 260
87 120 98 118
87 121 117 153
87 122 95 117
87 123 114 152
87 124 168 236
87 125 200 306
87 126 164 234
87 127 196 304
87 128 90 96
87 129 119 137
87 130 93 101
87 131 122 142
87 132 156 192
87 133 204 274
87 134 160 202
87 135 208 284
87 136 88 104
87 137 101 129
87 138 91 109
87 139 98 128
87 140 152 208
87 141 172 258
87 142 156 218
87 143 168 256
87 144 95 103
87 145 114 134
87 146 98 108
87 147 117 139
87 148 164 206
87 149 196 268
87 150 168 216
87 151 200 278
87 152 93 111
87 153 106 136
87 154 96 116
87 155 103 135
87 156 160 222
87 157 180 272
87 158 164 232
87 159 176 270
87 160 114 130
87 161 108 136
87 162 117 135
87 163 105 135
87 164 196 260
87 165 184 272
87 166 200 270
87 167 180 270
87 168 83 105
87 169 93 127
87 170 86 110
87 171 96 132
87 172 144 210
87 173 160 254
87 174 148 220
87 175 164 264
87 176 109 127
87 177 113 143
87 178 112 132
87 179 110 142
87 180 188 254
87 181 192 286
87 182 192 264
87 183 188 284
87 184 88 112
87 185 98 134
87 186 91 117
87 187 101 139
87 188 152 224
87 189 168 268
87 190 156 234
87 191 172 278
87 192 93 101
87 193 122 142
87 194 90 100
87 195 119 141
87 196 160 202
87 197 208 284
87 198 156 200
87 199 204 282
87 200 91 109
87 201 98 128
87 202 88 108
87 203 101 133
87 204 156 218
87 205 168 256
87 206 152 216
87 207 172 266
87 208 98 108
87 209 117 139
87 210 95 107
87 211 114 138
87 212 168 216
87 213 200 278
87 214 164 214
87 215 196 276
87 216 96 116
87 217 103 135
87 218 93 115
87 219 106 140
87 220 164 232
87 221 176 270
87 222 160 230
87 223 180 280
87 224 117 135
87 225 105 135
87 226 114 134
87 227 108 140
87 228 200 270
87 229 180 270
87 230 196 268
87 231 184 280
87 232 86 110
87 233 96 132
87 234 83 109
87 235 93 131
87 236 148 220
87 237 164 264
87 238 144 218
87 239 160 262
87 240 112 132
87 241 110 142
87 242 109 131
87 243 113 147
87 244 192 264
87 245 188 284
87 246 188 262
87 247 192 294
87 248 91 117
87 249 101 139
87 250 88 116
87 251 98 138
87 252 156 234
87 253 172 278
87 254 152 232
87 255 168 276
87 256 144 166
87 257 160 202
87 258 148 176
87 259 164 212
87 260 244 332
87 261 268 404
87 262 249 354
87 263 273 426
87 264 196 248
87 265 184 260
87 266 200 258
87 267 180 258
87 268 328 496
87 269 305 522
87 270 333 518
87 271 300 516
87 272 152 180
87 273 168 216
87 274 156 190
87 275 172 226
87 276 256 360
87 277 280 432
87 278 261 382
87 279 285 454
87 280 188 242
87 281 192 274
87 282 192 252
87 283 188 272
87 284 316 484
87 285 317 550
87 286 321 506
87 287 312 544
87 288 152 188
87 289 172 238
87 290 156 198
87 291 168 236
87 292 256 376
87 293 285 478
87 294 261 398
87 295 280 472
87 296 156 212
87 297 204 302
87 298 160 222
87 299 208 312
87 300 264 424
87 301 340 604
87 302 269 446
87 303 345 626
87 304 160 202
87 305 180 252
87 306 164 212
87 307 176 250
87 308 268 404
87 309 297 506
87 310 273 426
87 311 292 500
87 312 164 226
87 313 196 296
87 314 168 236
87 315 200 306
87 316 276 452
87 317 328 592
87 318 281 474
87 319 333 614
87 320 148 176
87 321 164 212
87 322 144 174
87 323 160 210
87 324 249 354
87 325 273 426
87 326 244 348
87 327 268 420
87 328 200 258
87 329 180 258
87 330 196 256
87 331 184 268
87 332 333 518
87 333 300 516
87 334 328 512
87 335 305 538
87 336 156 190
87 337 172 226
87 338 152 188
87 339 168 224
87 340 261 382
87 341 285 454
87 342 256 376
87 343 280 448
87 344 192 252
87 345 188 272
87 346 188 250
87 347 192 282
87 348 321 506
87 349 312 544
87 350 316 500
87 351 317 566
87 352 156 198
87 353 168 236
87 354 152 196
87 355 172 246
87 356 261 398
87 357 280 472
87 358 256 392
87 359 285 494
87 360 160 222
87 361 208 312
87 362 156 220
87 363 204 310
87 364 269 446
87 365 345 626
87 366 264 440
87 367 340 620
87 368 164 212
87 369 176 250
87 370 160 210
87 371 180 260
87 372 273 426
87 373 292 500
87 374 268 420
87 375 297 522
87 376 168 236
87 377 200 306
87 378 164 234
87 379 196 304
87 380 281 474
87 381 333 614
87 382 276 468
87 383 328 608
87 384 156 192
87 385 204 274
87 386 160 202
87 387 208 284
87 388 264 384
87 389 340 548
87 390 269 406
87 391 345 570
87 392 152 208
87 393 172 258
87 394 156 218
87 395 168 256
87 396 256 416
87 397 285 518
87 398 261 438
87 399 280 512
87 400 164 206
87 401 196 268
87 402 168 216
87 403 200 278
87 404 276 412
87 405 328 536
87 406 281 434
87 407 333 558
87 408 160 222
87 409 180 272
87 410 164 232
87 411 176 270
87 412 268 444
87 413 297 546
87 414 273 466
87 415 292 540
87 416 196 260
87 417 184 272
87 418 200 270
87 419 180 270
87 420 328 520
87 421 305 546
87 422 333 542
87 423 300 540
87 424 144 210
87 425 160 254
87 426 148 220
87 427 164 264
87 428 244 420
87 429 268 508
87 430 249 442
87 431 273 530
87 432 188 254
87 433 192 286
87 434 192 264
87 435 188 284
87 436 316 508
87 437 317 574
87 438 321 530
87 439 312 568
87 440 152 224
87 441 168 268
87 442 156 234
87 443 172 278
87 444 256 448
87 445 280 536
87 446 261 470
87 447 285 558
87 448 160 202
87 449 208 284
87 450 156 200
87 451 204 282
87 452 269 406
87 453 345 570
87 454 264 400
87 455 340 564
87 456 156 218
87 457 168 256
87 458 152 216
87 459 172 266
87 460 261 438
87 461 280 512
87 462 256 432
87 463 285 534
87 464 168 216
87 465 200 278
87 466 164 214
87 467 196 276
87 468 281 434
87 469 333 558
87 470 276 428
87 471 328 552
87 472 164 232
87 473 176 270
87 474 160 230
87 475 180 280
87 476 273 466
87 477 292 540
87 478 268 460
87 479 297 562
87 480 200 270
87 481 180 270
87 482 196 268
87 483 184 280
87 484 333 542
87 485 300 540
87 486 328 536
87 487 305 562
87 488 148 220
87 489 164 264
87 490 144 218
87 491 160 262
87 492 249 442
87 493 273 530
87 494 244 436
87 495 268 524
87 496 192 264
87 497 188 284
87 498 188 262
87 499 192 294
87 500 321 530
87 501 312 568
87 502 316 524
87 503 317 590
87 504 156 234
87 505 172 278
87 506 152 232
87 507 168 276
87 508 261 470
87 509 285 558
87 510 256 464
87 511 280 552
87 512 114 128
87 513 124 146
87 514 117 133
87 515 127 151
87 516 196 256
87 517 212 292
87 518 200 266
87 519 216 302
87 520 153 189
87 521 124 162
87 522 150 188
87 523 121 161
87 524 260 378
87 525 212 324
87 526 256 376
87 527 208 322
87 528 122 142
87 529 132 160
87 530 119 141
87 531 129 159
87 532 208 284
87 533 224 320
87 534 204 282
87 535 220 318
87 536 145 183
87 537 126 170
87 538 148 188
87 539 129 175
87 540 248 366
87 541 216 340
87 542 252 376
87 543 220 350
87 544 119 143
87 545 122 158
87 546 122 148
87 547 119 157
87 548 204 286
87 549 208 316
87 550 208 296
87 551 204 314
87 552 126 166
87 553 148 206
87 554 129 171
87 555 145 205
87 556 216 332
87 557 252 412
87 558 220 342
87 559 248 410
87 560 127 157
87 561 124 166
87 562 124 156
87 563 127 171
87 564 216 314
87 565 212 332
87 566 212 312
87 567 216 342
87 568 134 180
87 569 140 200
87 570 131 179
87 571 143 205
87 572 228 360
87 573 240 400
87 574 224 358
87 575 244 410
87 576 117 133
87 577 127 151
87 578 114 132
87 579 124 150
87 580 200 266
87 581 216 302
87 582 196 264
87 583 212 300
87 584 150 188
87 585 121 161
87 586 153 193
87 587 124 166
87 588 256 376
87 589 208 322
87 590 260 386
87 591 212 332
87 592 119 141
87 593 129 159
87 594 122 146
87 595 132 164
87 596 204 282
87 597 220 318
87 598 208 292
87 599 224 328
87 600 148 188
87 601 129 175
87 602 145 187
87 603 126 174
87 604 252 376
87 605 220 350
87 606 248 374
87 607 216 348
87 608 122 148
87 609 119 157
87 610 119 147
87 611 122 162
87 612 208 296
87 613 204 314
87 614 204 294
87 615 208 324
87 616 129 171
87 617 145 205
87 618 126 170
87 619 148 210
87 620 220 342
87 621 248 410
87 622 216 340
87 623 252 420
87 624 124 156
87 625 127 171
87 626 127 161
87 627 124 170
87 628 212 312
87 629 216 342
87 630 216 322
87 631 212 340
87 632 131 179
87 633 143 205
87 634 134 184
87 635 140 204
87 636 224 358
87 637 244 410
87 638 228 368
87 639 240 408
87 640 126 154
87 641 148 198
87 642 129 159
87 643 145 197
87 644 216 308
87 645 252 396
87 646 220 318
87 647 248 394
87 648 119 159
87 649 122 170
87 650 122 164
87 651 119 169
87 652 204 318
87 653 208 340
87 654 208 328
87 655 204 338
87 656 134 168
87 657 140 192
87 658 131 167
87 659 143 197
87 660 228 336
87 661 240 384
87 662 224 334
87 663 244 394
87 664 127 173
87 665 124 178
87 666 124 172
87 667 127 183
87 668 216 346
87 669 212 356
87 670 212 344
87 671 216 366
87 672 153 205
87 673 124 174
87 674 150 204
87 675 121 173
87 676 260 410
87 677 212 348
87 678 256 408
87 679 208 346
87 680 114 164
87 681 124 186
87 682 117 169
87 683 127 191
87 684 196 328
87 685 212 372
87 686 200 338
87 687 216 382
87 688 145 199
87 689 126 182
87 690 148 204
87 691 129 187
87 692 248 398
87 693 216 364
87 694 252 408
87 695 220 374
87 696 122 178
87 697 132 200
87 698 119 177
87 699 129 199
87 700 208 356
87 701 224 400
87 702 204 354
87 703 220 398
87 704 129 159
87 705 145 197
87 706 126 158
87 707 148 202
87 708 220 318
87 709 248 394
87 710 216 316
87 711 252 404
87 712 122 164
87 713 119 169
87 714 119 163
87 715 122 174
87 716 208 328
87 717 204 338
87 718 204 326
87 719 208 348
87 720 131 167
87 721 143 197
87 722 134 172
87 723 140 196
87 724 224 334
87 725 244 394
87 726 228 344
87 727 240 392
87 728 124 172
87 729 127 183
87 730 127 177
87 731 124 182
87 732 212 344
87 733 216 366
87 734 216 354
87 735 212 364
87 736 150 204
87 737 121 173
87 738 153 209
87 739 124 178
87 740 256 408
87 741 208 346
87 742 260 418
87 743 212 356
87 744 117 169
87 745 127 191
87 746 114 168
87 747 124 190
87 748 200 338
87 749 216 382
87 750 196 336
87 751 212 380
87 752 148 204
87 753 129 187
87 754 145 203
87 755 126 186
87 756 252 408
87 757 220 374
87 758 248 406
87 759 216 372
87 760 119 177
87 761 129 199
87 762 122 182
87 763 132 204
87 764 204 354
87 765 220 398
87 766 208 364
87 767 224 408
87 768 196 256
87 769 212 292
87 770 200 266
87 771 216 302
87 772 328 512
87 773 352 584
87 774 333 534
87 775 357 606
87 776 260 378
87 777 212 324
87 778 256 376
87 779 208 322
87 780 429 758
87 781 353 650
87 782 424 752
87 783 348 644
87 784 208 284
87 785 224 320
87 786 204 282
87 787 220 318
87 788 345 570
87 789 369 642
87 790 340 564
87 791 364 636
87 792 248 366
87 793 216 340
87 794 252 376
87 795 220 350
87 796 412 732
87 797 360 680
87 798 417 754
87 799 365 702
87 800 204 286
87 801 208 316
87 802 208 296
87 803 204 314
87 804 340 572
87 805 345 634
87 806 345 594
87 807 340 628
87 808 216 332
87 809 252 412
87 810 220 342
87 811 248 410
87 812 360 664
87 813 417 826
87 814 365 686
87 815 412 820
87 816 216 314
87 817 212 332
87 818 212 312
87 819 216 342
87 820 357 630
87 821 352 664
87 822 352 624
87 823 357 686
87 824 228 360
87 825 240 400
87 826 224 358
87 827 244 410
87 828 377 722
87 829 400 800
87 830 372 716
87 831 405 822
87 832 200 266
87 833 216 302
87 834 196 264
87 835 212 300
87 836 333 534
87 837 357 606
87 838 328 528
87 839 352 600
87 840 256 376
87 841 208 322
87 842 260 386
87 843 212 332
87 844 424 752
87 845 348 644
87 846 429 774
87 847 353 666
87 848 204 282
87 849 220 318
87 850 208 292
87 851 224 328
87 852 340 564
87 853 364 636
87 854 345 586
87 855 369 658
87 856 252 376
87 857 220 350
87 858 248 374
87 859 216 348
87 860 417 754
87 861 365 702
87 862 412 748
87 863 360 696
87 864 208 296
87 865 204 314
87 866 204 294
87 867 208 324
87 868 345 594
87 869 340 628
87 870 340 588
87 871 345 650
87 872 220 342
87 873 248 410
87 874 216 340
87 875 252 420
87 876 365 686
87 877 412 820
87 878 360 680
87 879 417 842
87 880 212 312
87 881 216 342
87 882 216 322
87 883 212 340
87 884 352 624
87 885 357 686
87 886 357 646
87 887 352 680
87 888 224 358
87 889 244 410
87 890 228 368
87 891 240 408
87 892 372 716
87 893 405 822
87 894 377 738
87 895 400 816
87 896 216 308
87 897 252 396
87 898 220 318
87 899 248 394
87 900 360 616
87 901 417 794
87 902 365 638
87 903 412 788
87 904 204 318
87 905 208 340
87 906 208 328
87 907 204 338
87 908 340 636
87 909 345 682
87 910 345 658
87 911 340 676
87 912 228 336
87 913 240 384
87 914 224 334
87 915 244 394
87 916 377 674
87 917 400 768
87 918 372 668
87 919 405 790
87 920 216 346
87 921 212 356
87 922 212 344
87 923 216 366
87 924 357 694
87 925 352 712
87 926 352 688
87 927 357 734
87 928 260 410
87 929 212 348
87 930 256 408
87 931 208 346
87 932 429 822
87 933 353 698
87 934 424 816
87 935 348 692
87 936 196 328
87 937 212 372
87 938 200 338
87 939 216 382
87 940 328 656
87 941 352 744
87 942 333 678
87 943 357 766
87 944 248 398
87 945 216 364
87 946 252 408
87 947 220 374
87 948 412 796
87 949 360 728
87 950 417 818
87 951 365 750
87 952 208 356
87 953 224 400
87 954 204 354
87 955 220 398
87 956 345 714
87 957 369 802
87 958 340 708
87 959 364 796
87 960 220 318
87 961 248 394
87 962 216 316
87 963 252 404
87 964 365 638
87 965 412 788
87 966 360 632
87 967 417 810
87 968 208 328
87 969 204 338
87 970 204 326
87 971 208 348
87 972 345 658
87 973 340 676
87 974 340 652
87 975 345 698
87 976 224 334
87 977 244 394
87 978 228 344
87 979 240 392
87 980 372 668
87 981 405 790
87 982 377 690
87 983 400 784
87 984 212 344
87 985 216 366
87 986 216 354
87 987 212 364
87 988 352 688
87 989 357 734
87 990 357 710
87 991 352 728
87 992 256 408
87 993 208 346
87 994 260 418
87 995 212 356
87 996 424 816
87 997 348 692
87 998 429 838
87 999 353 714
87 1000 200 338
87 1001 216 382
87 1002 196 336
87 1003 212 380
87 1004 333 678
87 1005 357 766
87 1006 328 672
87 1007 352 760
87 1008 252 408
87 1009 220 374
87 1010 248 406
87 1011 216 372
87 1012 417 818
87 1013 365 750
87 1014 412 812
87 1015 360 744
87 1016 204 354
87 1017 220 398
87 1018 208 364
87 1019 224 408
87 1020 340 708
87 1021 364 796
87 1022 345 730
87 1023 369 818
88 0 412 412
88 1 504 528
88 2 736 824
88 3 896 1056
88 4 604 652
88 5 704 808
88 6 1072 1304
88 7 1248 1616
88 8 540 572
88 9 448 504
88 10 960 1144
88 11 800 1008
88 12 740 852
88 13 640 776
88 14 1312 1704
88 15 1136 1552
88 16 532 564
88 17 604 676
88 18 944 1128
88 19 1072 1352
88 20 484 564
88 21 604 740
88 22 864 1128
88 23 1072 1480
88 24 668 764
88 25 596 716
88 26 1184 1528
88 27 1056 1432
88 28 612 756
88 29 548 700
88 30 1088 1512
88 31 976 1400
88 32 504 528
88 33 412 460
88 34 896 1056
88 35 736 920
88 36 704 808
88 37 604 732
88 38 1248 1616
88 39 1072 1464
88 40 448 504
88 41 540 620
88 42 800 1008
88 43 960 1240
88 44 640 776
88 45 740 932
88 46 1136 1552
88 47 1312 1864
88 48 604 676
88 49 532 628
88 50 1072 1352
88 51 944 1256
88 52 604 740
88 53 484 628
88 54 1072 1480
88 55 864 1256
88 56 596 716
88 57 668 828
88 58 1056 1432
88 59 1184 1656
88 60 548 700
88 61 612 820
88 62 976 1400
88 63 1088 1640
88 64 228 272
88 65 280 348
88 66 412 544
88 67 504 696
88 68 336 428
88 69 392 524
88 70 604 856
88 71 704 1048
88 72 300 376
88 73 248 324
88 74 540 752
88 75 448 648
88 76 412 552
88 77 356 496
88 78 740 1104
88 79 640 992
88 80 296 372
88 81 336 440
88 82 532 744
88 83 604 880
88 84 268 360
88 85 336 472
88 86 484 720
88 87 604 944
88 88 372 496
88 89 332 460
88 90 668 992
88 91 596 920
88 92 340 480
88 93 304 440
88 94 612 960
88 95 548 880
88 96 280 348
88 97 228 296
88 98 504 696
88 99 412 592
88 100 392 524
88 101 336 468
88 102 704 1048
88 103 604 936
88 104 248 324
88 105 300 400
88 106 448 648
88 107 540 800
88 108 356 496
88 109 412 592
88 110 640 992
88 111 740 1184
88 112 336 440
88 113 296 404
88 114 604 880
88 115 532 808
88 116 336 472
88 117 268 392
88 118 604 944
88 119 484 784
88 120 332 460
88 121 372 528
88 122 596 920
88 123 668 1056
88 124 304 440
88 125 340 512
88 126 548 880
88 127 612 1024
88 128 228 272
88 129 280 348
88 130 412 544
88 131 504 696
88 132 336 428
88 133 392 524
88 134 604 856
88 135 704 1048
88 136 300 376
88 137 248 324
88 138 540 752
88 139 448 648
88 140 412 552
88 141 356 496
88 142 740 1104
88 143 640 992
88 144 296 372
88 145 336 440
88 146 532 744
88 147 604 880
88 148 268 360
88 149 336 472
88 150 484 720
88 151 604 944
88 152 372 496
88 153 332 460
88 154 668 992
88 155 596 920
88 156 340 480
88 157 304 440
88 158 612 960
88 159 548 880
88 160 280 348
88 161 228 296
88 162 504 696
88 163 412 592
88 164 392 524
88 165 336 468
88 166 704 1048
88 167 604 936
88 168 248 324
88 169 300 400
88 170 448 648
88 171 540 800
88 172 356 496
88 173 412 592
88 174 640 992
88 175 740 1184
88 176 336 440
88 177 296 404
88 178 604 880
88 179 532 808
88 180 336 472
88 181 268 392
88 182 604 944
88 183 484 784
88 184 332 460
88 185 372 528
88 186 596 920
88 187 668 1056
88 188 304 440
88 189 340 512
88 190 548 880
88 191 612 1024
88 192 125 169
88 193 154 216
88 194 228 338
88 195 280 432
88 196 185 265
88 197 216 322
88 198 336 530
88 199 392 644
88 200 165 233
88 201 136 198
88 202 300 466
88 203 248 396
88 204 227 339
88 205 196 302
88 206 412 678
88 207 356 604
88 208 163 231
88 209 185 271
88 210 296 462
88 211 336 542
88 212 147 219
88 213 185 287
88 214 268 438
88 215 336 574
88 216 205 305
88 217 183 281
88 218 372 610
88 219 332 562
88 220 187 291
88 221 167 265
88 222 340 582
88 223 304 530
88 224 154 216
88 225 125 181
88 226 280 432
88 227 228 362
88 228 216 322
88 229 185 285
88 230 392 644
88 231 336 570
88 232 136 198
88 233 165 245
88 234 248 396
88 235 300 490
88 236 196 302
88 237 227 359
88 238 356 604
88 239 412 718
88 240 185 271
88 241 163 247
88 242 336 542
88 243 296 494
88 244 185 287
88 245 147 235
88 246 336 574
88 247 268 470
88 248 183 281
88 249 205 321
88 250 332 562
88 251 372 642
88 252 167 265
88 253 187 307
88 254 304 530
88 255 340 614
88 256 736 824
88 257 896 1056
88 258 1297 1650
88 259 1569 2114
88 260 1072 1304
88 261 1248 1616
88 262 1873 2610
88 263 2176 3232
88 264 960 1144
88 265 800 1008
88 266 1681 2290
88 267 1409 2018
88 268 1312 1704
88 269 1136 1552
88 270 2288 3408
88 271 1985 3106
88 272 944 1128
88 273 1072 1352
88 274 1649 2258
88 275 1872 2704
88 276 864 1128
88 277 1072 1480
88 278 1521 2258
88 279 1873 2962
88 280 1184 1528
88 281 1056 1432
88 282 2064 3056
88 283 1841 2866
88 284 1088 1512
88 285 976 1400
88 286 1905 3026
88 287 1713 2802
88 288 896 1056
88 289 736 920
88 290 1569 2114
88 291 1297 1842
88 292 1248 1616
88 293 1072 1464
88 294 2176 3232
88 295 1873 2930
88 296 800 1008
88 297 960 1240
88 298 1409 2018
88 299 1681 2482
88 300 1136 1552
88 301 1312 1864
88 302 1985 3106
88 303 2288 3728
88 304 1072 1352
88 305 944 1256
88 306 1872 2704
88 307 1649 2514
88 308 1072 1480
88 309 864 1256
88 310 1873 2962
88 311 1521 2514
88 312 1056 1432
88 313 1184 1656
88 314 1841 2866
88 315 2064 3312
88 316 976 1400
88 317 1088 1640
88 318 1713 2802
88 319 1905 3282
88 320 412 544
88 321 504 696
88 322 736 1088
88 323 896 1392
88 324 604 856
88 325 704 1048
88 326 1072 1712
88 327 1248 2096
88 328 540 752
88 329 448 648
88 330 960 1504
88 331 800 1296
88 332 740 1104
88 333 640 992
88 334 1312 2208
88 335 1136 1984
88 336 532 744
88 337 604 880
88 338 944 1488
88 339 1072 1760
88 340 484 720
88 341 604 944
88 342 864 1440
88 343 1072 1888
88 344 668 992
88 345 596 920
88 346 1184 1984
88 347 1056 1840
88 348 612 960
88 349 548 880
88 350 1088 1920
88 351 976 1760
88 352 504 696
88 353 412 592
88 354 896 1392
88 355 736 1184
88 356 704 1048
88 357 604 936
88 358 1248 2096
88 359 1072 1872
88 360 448 648
88 361 540 800
88 362 800 1296
88 363 960 1600
88 364 640 992
88 365 740 1184
88 366 1136 1984
88 367 1312 2368
88 368 604 880
88 369 532 808
88 370 1072 1760
88 371 944 1616
88 372 604 944
88 373 484 784
88 374 1072 1888
88 375 864 1568
88 376 596 920
88 377 668 1056
88 378 1056 1840
88 379 1184 2112
88 380 548 880
88 381 612 1024
88 382 976 1760
88 383 1088 2048
88 384 412 544
88 385 504 696
88 386 736 1088
88 387 896 1392
88 388 604 856
88 389 704 1048
88 390 1072 1712
88 391 1248 2096
88 392 540 752
88 393 448 648
88 394 960 1504
88 395 800 1296
88 396 740 1104
88 397 640 992
88 398 1312 2208
88 399 1136 1984
88 400 532 744
88 401 604 880
88 402 944 1488
88 403 1072 1760
88 404 484 720
88 405 604 944
88 406 864 1440
88 407 1072 1888
88 408 668 992
88 409 596 920
88 410 1184 1984
88 411 1056 1840
88 412 612 960
88 413 548 880
88 414 1088 1920
88 415 976 1760
88 416 504 696
88 417 412 592
88 418 896 1392
88 419 736 1184
88 420 704 1048
88 421 604 936
88 422 1248 2096
88 423 1072 1872
88 424 448 648
88 425 540 800
88 426 800 1296
88 427 960 1600
88 428 640 992
88 429 740 1184
88 430 1136 1984
88 431 1312 2368
88 432 604 880
88 433 532 808
88 434 1072 1760
88 435 944 1616
88 436 604 944
88 437 484 784
88 438 1072 1888
88 439 864 1568
88 440 596 920
88 441 668 1056
88 442 1056 1840
88 443 1184 2112
88 444 548 880
88 445 612 1024
88 446 976 1760
88 447 1088 2048
88 448 228 338
88 449 280 432
88 450 412 676
88 451 504 864
88 452 336 530
88 453 392 644
88 454 604 1060
88 455 704 1288
88 456 300 466
88 457 248 396
88 458 540 932
88 459 448 792
88 460 412 678
88 461 356 604
88 462 740 1356
88 463 640 1208
88 464 296 462
88 465 336 542
88 466 532 924
88 467 604 1084
88 468 268 438
88 469 336 574
88 470 484 876
88 471 604 1148
88 472 372 610
88 473 332 562
88 474 668 1220
88 475 596 1124
88 476 340 582
88 477 304 530
88 478 612 1164
88 479 548 1060
88 480 280 432
88 481 228 362
88 482 504 864
88 483 412 724
88 484 392 644
88 485 336 570
88 486 704 1288
88 487 604 1140
88 488 248 396
88 489 300 490
88 490 448 792
88 491 540 980
88 492 356 604
88 493 412 718
88 494 640 1208
88 495 740 1436
88 496 336 542
88 497 296 494
88 498 604 1084
88 499 532 988
88 500 336 574
88 501 268 470
88 502 604 1148
88 503 484 940
88 504 332 562
88 505 372 642
88 506 596 1124
88 507 668 1284
88 508 304 530
88 509 340 614
88 510 548 1060
88 511 612 1228
88 512 268 300
88 513 332 388
88 514 480 600
88 515 592 776
88 516 376 456
88 517 468 596
88 518 672 912
88 519 832 1192
88 520 340 404
88 521 332 404
88 522 608 808
88 523 592 808
88 524 476 612
88 525 440 576
88 526 848 1224
88 527 784 1152
88 528 360 424
88 529 404 508
88 530 640 848
88 531 720 1016
88 532 396 492
88 533 468 628
88 534 704 984
88 535 832 1256
88 536 460 580
88 537 432 576
88 538 816 1160
88 539 768 1152
88 540 468 612
88 541 468 644
88 542 832 1224
88 543 832 1288
88 544 332 388
88 545 268 332
88 546 592 776
88 547 480 664
88 548 468 596
88 549 376 504
88 550 832 1192
88 551 672 1008
88 552 332 404
88 553 340 436
88 554 592 808
88 555 608 872
88 556 440 576
88 557 476 660
88 558 784 1152
88 559 848 1320
88 560 404 508
88 561 360 472
88 562 720 1016
88 563 640 944
88 564 468 628
88 565 396 556
88 566 832 1256
88 567 704 1112
88 568 432 576
88 569 460 628
88 570 768 1152
88 571 816 1256
88 572 468 644
88 573 468 676
88 574 832 1288
88 575 832 1352
88 576 148 192
88 577 184 248
88 578 268 384
88 579 332 496
88 580 208 288
88 581 260 376
88 582 376 576
88 583 468 752
88 584 188 256
88 585 184 256
88 586 340 512
88 587 332 512
88 588 264 384
88 589 244 360
88 590 476 768
88 591 440 720
88 592 200 272
88 593 224 320
88 594 360 544
88 595 404 640
88 596 220 312
88 597 260 392
88 598 396 624
88 599 468 784
88 600 256 368
88 601 240 360
88 602 460 736
88 603 432 720
88 604 260 384
88 605 260 400
88 606 468 768
88 607 468 800
88 608 184 248
88 609 148 208
88 610 332 496
88 611 268 416
88 612 260 376
88 613 208 312
88 614 468 752
88 615 376 624
88 616 184 256
88 617 188 272
88 618 332 512
88 619 340 544
88 620 244 360
88 621 264 408
88 622 440 720
88 623 476 816
88 624 224 320
88 625 200 296
88 626 404 640
88 627 360 592
88 628 260 392
88 629 220 344
88 630 468 784
88 631 396 688
88 632 240 360
88 633 256 392
88 634 432 720
88 635 460 784
88 636 260 400
88 637 260 416
88 638 468 800
88 639 468 832
88 640 148 192
88 641 184 248
88 642 268 384
88 643 332 496
88 644 208 288
88 645 260 376
88 646 376 576
88 647 468 752
88 648 188 256
88 649 184 256
88 650 340 512
88 651 332 512
88 652 264 384
88 653 244 360
88 654 476 768
88 655 440 720
88 656 200 272
88 657 224 320
88 658 360 544
88 659 404 640
88 660 220 312
88 661 260 392
88 662 396 624
88 663 468 784
88 664 256 368
88 665 240 360
88 666 460 736
88 667 432 720
88 668 260 384
88 669 260 400
88 670 468 768
88 671 468 800
88 672 184 248
88 673 148 208
88 674 332 496
88 675 268 416
88 676 260 376
88 677 208 312
88 678 468 752
88 679 376 624
88 680 184 256
88 681 188 272
88 682 332 512
88 683 340 544
88 684 244 360
88 685 264 408
88 686 440 720
88 687 476 816
88 688 224 320
88 689 200 296
88 690 404 640
88 691 360 592
88 692 260 392
88 693 220 344
88 694 468 784
88 695 396 688
88 696 240 360
88 697 256 392
88 698 432 720
88 699 460 784
88 700 260 400
88 701 260 416
88 702 468 800
88 703 468 832
88 704 81 117
88 705 101 151
88 706 148 234
88 707 184 302
88 708 114 174
88 709 143 227
88 710 208 348
88 711 260 454
88 712 103 155
88 713 101 155
88 714 188 310
88 715 184 310
88 716 145 231
88 717 134 216
88 718 264 462
88 719 244 432
88 720 110 166
88 721 123 193
88 722 200 332
88 723 224 386
88 724 121 189
88 725 143 235
88 726 220 378
88 727 260 470
88 728 141 223
88 729 132 216
88 730 256 446
88 731 240 432
88 732 143 231
88 733 143 239
88 734 260 462
88 735 260 478
88 736 101 151
88 737 81 125
88 738 184 302
88 739 148 250
88 740 143 227
88 741 114 186
88 742 260 454
88 743 208 372
88 744 101 155
88 745 103 163
88 746 184 310
88 747 188 326
88 748 134 216
88 749 145 243
88 750 244 432
88 751 264 486
88 752 123 193
88 753 110 178
88 754 224 386
88 755 200 356
88 756 143 235
88 757 121 205
88 758 260 470
88 759 220 410
88 760 132 216
88 761 141 235
88 762 240 432
88 763 256 470
88 764 143 239
88 765 143 247
88 766 260 478
88 767 260 494
88 768 480 600
88 769 592 776
88 770 849 1202
88 771 1041 1554
88 772 672 912
88 773 832 1192
88 774 1185 1826
88 775 1457 2386
88 776 608 808
88 777 592 808
88 778 1073 1618
88 779 1041 1618
88 780 848 1224
88 781 784 1152
88 782 1489 2450
88 783 1377 2306
88 784 640 848
88 785 720 1016
88 786 1121 1698
88 787 1264 2032
88 788 704 984
88 789 832 1256
88 790 1233 1970
88 791 1456 2512
88 792 816 1160
88 793 768 1152
88 794 1425 2322
88 795 1344 2304
88 796 832 1224
88 797 832 1288
88 798 1457 2450
88 799 1456 2576
88 800 592 776
88 801 480 664
88 802 1041 1554
88 803 849 1330
88 804 832 1192
88 805 672 1008
88 806 1457 2386
88 807 1185 2018
88 808 592 808
88 809 608 872
88 810 1041 1618
88 811 1073 1746
88 812 784 1152
88 813 848 1320
88 814 1377 2306
88 815 1489 2642
88 816 720 1016
88 817 640 944
88 818 1264 2032
88 819 1121 1890
88 820 832 1256
88 821 704 1112
88 822 1456 2512
88 823 1233 2226
88 824 768 1152
88 825 816 1256
88 826 1344 2304
88 827 1425 2514
88 828 832 1288
88 829 832 1352
88 830 1456 2576
88 831 1457 2706
88 832 268 384
88 833 332 496
88 834 480 768
88 835 592 992
88 836 376 576
88 837 468 752
88 838 672 1152
88 839 832 1504
88 840 340 512
88 841 332 512
88 842 608 1024
88 843 592 1024
88 844 476 768
88 845 440 720
88 846 848 1536
88 847 784 1440
88 848 360 544
88 849 404 640
88 850 640 1088
88 851 720 1280
88 852 396 624
88 853 468 784
88 854 704 1248
88 855 832 1568
88 856 460 736
88 857 432 720
88 858 816 1472
88 859 768 1440
88 860 468 768
88 861 468 800
88 862 832 1536
88 863 832 1600
88 864 332 496
88 865 268 416
88 866 592 992
88 867 480 832
88 868 468 752
88 869 376 624
88 870 832 1504
88 871 672 1248
88 872 332 512
88 873 340 544
88 874 592 1024
88 875 608 1088
88 876 440 720
88 877 476 816
88 878 784 1440
88 879 848 1632
88 880 404 640
88 881 360 592
88 882 720 1280
88 883 640 1184
88 884 468 784
88 885 396 688
88 886 832 1568
88 887 704 1376
88 888 432 720
88 889 460 784
88 890 768 1440
88 891 816 1568
88 892 468 800
88 893 468 832
88 894 832 1600
88 895 832 1664
88 896 268 384
88 897 332 496
88 898 480 768
88 899 592 992
88 900 376 576
88 901 468 752
88 902 672 1152
88 903 832 1504
88 904 340 512
88 905 332 512
88 906 608 1024
88 907 592 1024
88 908 476 768
88 909 440 720
88 910 848 1536
88 911 784 1440
88 912 360 544
88 913 404 640
88 914 640 1088
88 915 720 1280
88 916 396 624
88 917 468 784
88 918 704 1248
88 919 832 1568
88 920 460 736
88 921 432 720
88 922 816 1472
88 923 768 1440
88 924 468 768
88 925 468 800
88 926 832 1536
88 927 832 1600
88 928 332 496
88 929 268 416
88 930 592 992
88 931 480 832
88 932 468 752
88 933 376 624
88 934 832 1504
88 935 672 1248
88 936 332 512
88 937 340 544
88 938 592 1024
88 939 608 1088
88 940 440 720
88 941 476 816
88 942 784 1440
88 943 848 1632
88 944 404 640
88 945 360 592
88 946 720 1280
88 947 640 1184
88 948 468 784
88 949 396 688
88 950 832 1568
88 951 704 1376
88 952 432 720
88 953 460 784
88 954 768 1440
88 955 816 1568
88 956 468 800
88 957 468 832
88 958 832 1600
88 959 832 1664
88 960 148 234
88 961 184 302
88 962 268 468
88 963 332 604
88 964 208 348
88 965 260 454
88 966 376 696
88 967 468 908
88 968 188 310
88 969 184 310
88 970 340 620
88 971 332 620
88 972 264 462
88 973 244 432
88 974 476 924
88 975 440 864
88 976 200 332
88 977 224 386
88 978 360 664
88 979 404 772
88 980 220 378
88 981 260 470
88 982 396 756
88 983 468 940
88 984 256 446
88 985 240 432
88 986 460 892
88 987 432 864
88 988 260 462
88 989 260 478
88 990 468 924
88 991 468 956
88 992 184 302
88 993 148 250
88 994 332 604
88 995 268 500
88 996 260 454
88 997 208 372
88 998 468 908
88 999 376 744
88 1000 184 310
88 1001 188 326
88 1002 332 620
88 1003 340 652
88 1004 244 432
88 1005 264 486
88 1006 440 864
88 1007 476 972
88 1008 224 386
88 1009 200 356
88 1010 404 772
88 1011 360 712
88 1012 260 470
88 1013 220 410
88 1014 468 940
88 1015 396 820
88 1016 240 432
88 1017 256 470
88 1018 432 864
88 1019 460 940
88 1020 260 478
88 1021 260 494
88 1022 468 956
88 1023 468 988
89 0 37 37
89 1 47 51
89 2 64 74
89 3 80 102
89 4 44 46
89 5 40 46
89 6 76 92
89 7 68 92
89 8 47 51
89 9 37 45
89 10 80 102
89 11 64 90
89 12 40 46
89 13 44 54
89 14 68 92
89 15 76 108
89 16 64 74
89 17 80 102
89 18 108 148
89 19 133 206
89 20 76 92
89 21 68 92
89 22 128 184
89 23 113 186
89 24 80 102
89 25 64 90
89 26 133 206
89 27 108 180
89 28 68 92
89 29 76 108
89 30 113 186
89 31 128 216
89 32 58 64
89 33 73 87
89 34 100 128
89 35 124 174
89 36 70 82
89 37 61 77
89 38 120 164
89 39 104 154
89 40 73 87
89 41 58 76
89 42 124 174
89 43 100 152
89 44 61 77
89 45 70 94
89 46 104 154
89 47 120 188
89 48 100 128
89 49 124 174
89 50 168 256
89 51 205 350
89 52 120 164
89 53 104 154
89 54 200 328
89 55 173 310
89 56 124 174
89 57 100 152
89 58 205 350
89 59 168 304
89 60 104 154
89 61 120 188
89 62 173 310
89 63 200 376
89 64 58 64
89 65 73 87
89 66 100 128
89 67 124 174
89 68 70 82
89 69 61 77
89 70 120 164
89 71 104 154
89 72 73 87
89 73 58 76
89 74 124 174
89 75 100 152
89 76 61 77
89 77 70 94
89 78 104 154
89 79 120 188
89 80 100 128
89 81 124 174
89 82 168 256
89 83 205 350
89 84 120 164
89 85 104 154
89 86 200 328
89 87 173 310
89 88 124 174
89 89 100 152
89 90 205 350
89 91 168 304
89 92 104 154
89 93 120 188
89 94 173 310
89 95 200 376
89 96 74 98
89 97 91 129
89 98 128 196
89 99 156 258
89 100 94 134
89 101 77 115
89 102 160 268
89 103 132 230
89 104 91 129
89 105 74 110
89 106 156 258
89 107 128 220
89 108 77 115
89 109 94 146
89 110 132 230
89 111 160 292
89 112 128 196
89 113 156 258
89 114 216 392
89 115 260 516
89 116 160 268
89 117 132 230
89 118 265 538
89 119 221 462
89 120 156 258
89 121 128 220
89 122 260 516
89 123 216 440
89 124 132 230
89 125 160 292
89 126 221 462
89 127 265 586
90 0 228 228
90 1 280 292
90 2 412 456
90 3 504 584
90 4 336 360
90 5 392 444
90 6 604 720
90 7 704 888
90 8 300 316
90 9 248 276
90 10 540 632
90 11 448 552
90 12 412 468
90 13 356 424
90 14 740 936
90 15 640 848
90 16 296 312
90 17 336 372
90 18 532 624
90 19 604 744
90 20 268 308
90 21 336 404
90 22 484 616
90 23 604 808
90 24 372 420
90 25 332 392
90 26 668 840
90 27 596 784
90 28 340 412
90 29 304 380
90 30 612 824
90 31 548 760
90 32 280 292
90 33 228 252
90 34 504 584
90 35 412 504
90 36 392 444
90 37 336 400
90 38 704 888
90 39 604 800
90 40 248 276
90 41 300 340
90 42 448 552
90 43 540 680
90 44 356 424
90 45 412 508
90 46 640 848
90 47 740 1016
90 48 336 372
90 49 296 344
90 50 604 744
90 51 532 688
90 52 336 404
90 53 268 340
90 54 604 808
90 55 484 680
90 56 332 392
90 57 372 452
90 58 596 784
90 59 668 904
90 60 304 380
90 61 340 444
90 62 548 760
90 63 612 888
90 64 125 147
90 65 154 188
90 66 228 294
90 67 280 376
90 68 185 231
90 69 216 282
90 70 336 462
90 71 392 564
90 72 165 203
90 73 136 174
90 74 300 406
90 75 248 348
90 76 227 297
90 77 196 266
90 78 412 594
90 79 356 532
90 80 163 201
90 81 185 237
90 82 296 402
90 83 336 474
90 84 147 193
90 85 185 253
90 86 268 386
90 87 336 506
90 88 205 267
90 89 183 247
90 90 372 534
90 91 332 494
90 92 187 257
90 93 167 235
90 94 340 514
90 95 304 470
90 96 154 188
90 97 125 159
90 98 280 376
90 99 228 318
90 100 216 282
90 101 185 251
90 102 392 564
90 103 336 502
90 104 136 174
90 105 165 215
90 106 248 348
90 107 300 430
90 108 196 266
90 109 227 317
90 110 356 532
90 111 412 634
90 112 185 237
90 113 163 217
90 114 336 474
90 115 296 434
90 116 185 253
90 117 147 209
90 118 336 506
90 119 268 418
90 120 183 247
90 121 205 283
90 122 332 494
90 123 372 566
90 124 167 235
90 125 187 273
90 126 304 470
90 127 340 546
90 128 412 456
90 129 504 584
90 130 736 912
90 131 896 1168
90 132 604 720
90 133 704 888
90 134 1072 1440
90 135 1248 1776
90 136 540 632
90 137 448 552
90 138 960 1264
90 139 800 1104
90 140 740 936
90 141 640 848
90 142 1312 1872
90 143 1136 1696
90 144 532 624
90 145 604 744
90 146 944 1248
90 147 1072 1488
90 148 484 616
90 149 604 808
90 150 864 1232
90 151 1072 1616
90 152 668 840
90 153 596 784
90 154 1184 1680
90 155 1056 1568
90 156 612 824
90 157 548 760
90 158 1088 1648
90 159 976 1520
90 160 504 584
90 161 412 504
90 162 896 1168
90 163 736 1008
90 164 704 888
90 165 604 800
90 166 1248 1776
90 167 1072 1600
90 168 448 552
90 169 540 680
90 170 800 1104
90 171 960 1360
90 172 640 848
90 173 740 1016
90 174 1136 1696
90 175 1312 2032
90 176 604 744
90 177 532 688
90 178 1072 1488
90 179 944 1376
90 180 604 808
90 181 484 680
90 182 1072 1616
90 183 864 1360
90 184 596 784
90 185 668 904
90 186 1056 1568
90 187 1184 1808
90 188 548 760
90 189 612 888
90 190 976 1520
90 191 1088 1776
90 192 228 294
90 193 280 376
90 194 412 588
90 195 504 752
90 196 336 462
90 197 392 564
90 198 604 924
90 199 704 1128
90 200 300 406
90 201 248 348
90 202 540 812
90 203 448 696
90 204 412 594
90 205 356 532
90 206 740 1188
90 207 640 1064
90 208 296 402
90 209 336 474
90 210 532 804
90 211 604 948
90 212 268 386
90 213 336 506
90 214 484 772
90 215 604 1012
90 216 372 534
90 217 332 494
90 218 668 1068
90 219 596 988
90 220 340 514
90 221 304 470
90 222 612 1028
90 223 548 940
90 224 280 376
90 225 228 318
90 226 504 752
90 227 412 636
90 228 392 564
90 229 336 502
90 230 704 1128
90 231 604 1004
90 232 248 348
90 233 300 430
90 234 448 696
90 235 540 860
90 236 356 532
90 237 412 634
90 238 640 1064
90 239 740 1268
90 240 336 474
90 241 296 434
90 242 604 948
90 243 532 868
90 244 336 506
90 245 268 418
90 246 604 1012
90 247 484 836
90 248 332 494
90 249 372 566
90 250 596 988
90 251 668 1132
90 252 304 470
90 253 340 546
90 254 548 940
90 255 612 1092
90 256 412 456
90 257 504 584
90 258 736 912
90 259 896 1168
90 260 604 720
90 261 704 888
90 262 1072 1440
90 263 1248 1776
90 264 540 632
90 265 448 552
90 266 960 1264
90 267 800 1104
90 268 740 936
90 269 640 848
90 270 1312 1872
90 271 1136 1696
90 272 532 624
90 273 604 744
90 274 944 1248
90 275 1072 1488
90 276 484 616
90 277 604 808
90 278 864 1232
90 279 1072 1616
90 280 668 840
90 281 596 784
90 282 1184 1680
90 283 1056 1568
90 284 612 824
90 285 548 760
90 286 1088 1648
90 287 976 1520
90 288 504 584
90 289 412 504
90 290 896 1168
90 291 736 1008
90 292 704 888
90 293 604 800
90 294 1248 1776
90 295 1072 1600
90 296 448 552
90 297 540 680
90 298 800 1104
90 299 960 1360
90 300 640 848
90 301 740 1016
90 302 1136 1696
90 303 1312 2032
90 304 604 744
90 305 532 688
90 306 1072 1488
90 307 944 1376
90 308 604 808
90 309 484 680
90 310 1072 1616
90 311 864 1360
90 312 596 784
90 313 668 904
90 314 1056 1568
90 315 1184 1808
90 316 548 760
90 317 612 888
90 318 976 1520
90 319 1088 1776
90 320 228 294
90 321 280 376
90 322 412 588
90 323 504 752
90 324 336 462
90 325 392 564
90 326 604 924
90 327 704 1128
90 328 300 406
90 329 248 348
90 330 540 812
90 331 448 696
90 332 412 594
90 333 356 532
90 334 740 1188
90 335 640 1064
90 336 296 402
90 337 336 474
90 338 532 804
90 339 604 948
90 340 268 386
90 341 336 506
90 342 484 772
90 343 604 1012
90 344 372 534
90 345 332 494
90 346 668 1068
90 347 596 988
90 348 340 514
90 349 304 470
90 350 612 1028
90 351 548 940
90 352 280 376
90 353 228 318
90 354 504 752
90 355 412 636
90 356 392 564
90 357 336 502
90 358 704 1128
90 359 604 1004
90 360 248 348
90 361 300 430
90 362 448 696
90 363 540 860
90 364 356 532
90 365 412 634
90 366 640 1064
90 367 740 1268
90 368 336 474
90 369 296 434
90 370 604 948
90 371 532 868
90 372 336 506
90 373 268 418
90 374 604 1012
90 375 484 836
90 376 332 494
90 377 372 566
90 378 596 988
90 379 668 1132
90 380 304 470
90 381 340 546
90 382 548 940
90 383 612 1092
90 384 736 912
90 385 896 1168
90 386 1297 1826
90 387 1569 2338
90 388 1072 1440
90 389 1248 1776
90 390 1873 2882
90 391 2176 3552
90 392 960 1264
90 393 800 1104
90 394 1681 2530
90 395 1409 2210
90 396 1312 1872
90 397 1136 1696
90 398 2288 3744
90 399 1985 3394
90 400 944 1248
90 401 1072 1488
90 402 1649 2498
90 403 1872 2976
90 404 864 1232
90 405 1072 1616
90 406 1521 2466
90 407 1873 3234
90 408 1184 1680
90 409 1056 1568
90 410 2064 3360
90 411 1841 3138
90 412 1088 1648
90 413 976 1520
90 414 1905 3298
90 415 1713 3042
90 416 896 1168
90 417 736 1008
90 418 1569 2338
90 419 1297 2018
90 420 1248 1776
90 421 1072 1600
90 422 2176 3552
90 423 1873 3202
90 424 800 1104
90 425 960 1360
90 426 1409 2210
90 427 1681 2722
90 428 1136 1696
90 429 1312 2032
90 430 1985 3394
90 431 2288 4064
90 432 1072 1488
90 433 944 1376
90 434 1872 2976
90 435 1649 2754
90 436 1072 1616
90 437 864 1360
90 438 1873 3234
90 439 1521 2722
90 440 1056 1568
90 441 1184 1808
90 442 1841 3138
90 443 2064 3616
90 444 976 1520
90 445 1088 1776
90 446 1713 3042
90 447 1905 3554
90 448 412 588
90 449 504 752
90 450 736 1176
90 451 896 1504
90 452 604 924
90 453 704 1128
90 454 1072 1848
90 455 1248 2256
90 456 540 812
90 457 448 696
90 458 960 1624
90 459 800 1392
90 460 740 1188
90 461 640 1064
90 462 1312 2376
90 463 1136 2128
90 464 532 804
90 465 604 948
90 466 944 1608
90 467 1072 1896
90 468 484 772
90 469 604 1012
90 470 864 1544
90 471 1072 2024
90 472 668 1068
90 473 596 988
90 474 1184 2136
90 475 1056 1976
90 476 612 1028
90 477 548 940
90 478 1088 2056
90 479 976 1880
90 480 504 752
90 481 412 636
90 482 896 1504
90 483 736 1272
90 484 704 1128
90 485 604 1004
90 486 1248 2256
90 487 1072 2008
90 488 448 696
90 489 540 860
90 490 800 1392
90 491 960 1720
90 492 640 1064
90 493 740 1268
90 494 1136 2128
90 495 1312 2536
90 496 604 948
90 497 532 868
90 498 1072 1896
90 499 944 1736
90 500 604 1012
90 501 484 836
90 502 1072 2024
90 503 864 1672
90 504 596 988
90 505 668 1132
90 506 1056 1976
90 507 1184 2264
90 508 548 940
90 509 612 1092
90 510 976 1880
90 511 1088 2184
90 512 148 164
90 513 184 212
90 514 268 328
90 515 332 424
90 516 208 248
90 517 260 324
90 518 376 496
90 519 468 648
90 520 188 220
90 521 184 220
90 522 340 440
90 523 332 440
90 524 264 332
90 525 244 312
90 526 476 664
90 527 440 624
90 528 200 232
90 529 224 276
90 530 360 464
90 531 404 552
90 532 220 268
90 533 260 340
90 534 396 536
90 535 468 680
90 536 256 316
90 537 240 312
90 538 460 632
90 539 432 624
90 540 260 332
90 541 260 348
90 542 468 664
90 543 468 696
90 544 184 212
90 545 148 180
90 546 332 424
90 547 268 360
90 548 260 324
90 549 208 272
90 550 468 648
90 551 376 544
90 552 184 220
90 553 188 236
90 554 332 440
90 555 340 472
90 556 244 312
90 557 264 356
90 558 440 624
90 559 476 712
90 560 224 276
90 561 200 256
90 562 404 552
90 563 360 512
90 564 260 340
90 565 220 300
90 566 468 680
90 567 396 600
90 568 240 312
90 569 256 340
90 570 432 624
90 571 460 680
90 572 260 348
90 573 260 364
90 574 468 696
90 575 468 728
90 576 81 103
90 577 101 133
90 578 148 206
90 579 184 266
90 580 114 154
90 581 143 201
90 582 208 308
90 583 260 402
90 584 103 137
90 585 101 137
90 586 188 274
90 587 184 274
90 588 145 205
90 589 134 192
90 590 264 410
90 591 244 384
90 592 110 146
90 593 123 171
90 594 200 292
90 595 224 342
90 596 121 167
90 597 143 209
90 598 220 334
90 599 260 418
90 600 141 197
90 601 132 192
90 602 256 394
90 603 240 384
90 604 143 205
90 605 143 213
90 606 260 410
90 607 260 426
90 608 101 133
90 609 81 111
90 610 184 266
90 611 148 222
90 612 143 201
90 613 114 166
90 614 260 402
90 615 208 332
90 616 101 137
90 617 103 145
90 618 184 274
90 619 188 290
90 620 134 192
90 621 145 217
90 622 244 384
90 623 264 434
90 624 123 171
90 625 110 158
90 626 224 342
90 627 200 316
90 628 143 209
90 629 121 183
90 630 260 418
90 631 220 366
90 632 132 192
90 633 141 209
90 634 240 384
90 635 256 418
90 636 143 213
90 637 143 221
90 638 260 426
90 639 260 442
90 640 268 328
90 641 332 424
90 642 480 656
90 643 592 848
90 644 376 496
90 645 468 648
90 646 672 992
90 647 832 1296
90 648 340 440
90 649 332 440
90 650 608 880
90 651 592 880
90 652 476 664
90 653 440 624
90 654 848 1328
90 655 784 1248
90 656 360 464
90 657 404 552
90 658 640 928
90 659 720 1104
90 660 396 536
90 661 468 680
90 662 704 1072
90 663 832 1360
90 664 460 632
90 665 432 624
90 666 816 1264
90 667 768 1248
90 668 468 664
90 669 468 696
90 670 832 1328
90 671 832 1392
90 672 332 424
90 673 268 360
90 674 592 848
90 675 480 720
90 676 468 648
90 677 376 544
90 678 832 1296
90 679 672 1088
90 680 332 440
90 681 340 472
90 682 592 880
90 683 608 944
90 684 440 624
90 685 476 712
90 686 784 1248
90 687 848 1424
90 688 404 552
90 689 360 512
90 690 720 1104
90 691 640 1024
90 692 468 680
90 693 396 600
90 694 832 1360
90 695 704 1200
90 696 432 624
90 697 460 680
90 698 768 1248
90 699 816 1360
90 700 468 696
90 701 468 728
90 702 832 1392
90 703 832 1456
90 704 148 206
90 705 184 266
90 706 268 412
90 707 332 532
90 708 208 308
90 709 260 402
90 710 376 616
90 711 468 804
90 712 188 274
90 713 184 274
90 714 340 548
90 715 332 548
90 716 264 410
90 717 244 384
90 718 476 820
90 719 440 768
90 720 200 292
90 721 224 342
90 722 360 584
90 723 404 684
90 724 220 334
90 725 260 418
90 726 396 668
90 727 468 836
90 728 256 394
90 729 240 384
90 730 460 788
90 731 432 768
90 732 260 410
90 733 260 426
90 734 468 820
90 735 468 852
90 736 184 266
90 737 148 222
90 738 332 532
90 739 268 444
90 740 260 402
90 741 208 332
90 742 468 804
90 743 376 664
90 744 184 274
90 745 188 290
90 746 332 548
90 747 340 580
90 748 244 384
90 749 264 434
90 750 440 768
90 751 476 868
90 752 224 342
90 753 200 316
90 754 404 684
90 755 360 632
90 756 260 418
90 757 220 366
90 758 468 836
90 759 396 732
90 760 240 384
90 761 256 418
90 762 432 768
90 763 460 836
90 764 260 426
90 765 260 442
90 766 468 852
90 767 468 884
90 768 268 328
90 769 332 424
90 770 480 656
90 771 592 848
90 772 376 496
90 773 468 648
90 774 672 992
90 775 832 1296
90 776 340 440
90 777 332 440
90 778 608 880
90 779 592 880
90 780 476 664
90 781 440 624
90 782 848 1328
90 783 784 1248
90 784 360 464
90 785 404 552
90 786 640 928
90 787 720 1104
90 788 396 536
90 789 468 680
90 790 704 1072
90 791 832 1360
90 792 460 632
90 793 432 624
90 794 816 1264
90 795 768 1248
90 796 468 664
90 797 468 696
90 798 832 1328
90 799 832 1392
90 800 332 424
90 801 268 360
90 802 592 848
90 803 480 720
90 804 468 648
90 805 376 544
90 806 832 1296
90 807 672 1088
90 808 332 440
90 809 340 472
90 810 592 880
90 811 608 944
90 812 440 624
90 813 476 712
90 814 784 1248
90 815 848 1424
90 816 404 552
90 817 360 512
90 818 720 1104
90 819 640 1024
90 820 468 680
90 821 396 600
90 822 832 1360
90 823 704 1200
90 824 432 624
90 825 460 680
90 826 768 1248
90 827 816 1360
90 828 468 696
90 829 468 728
90 830 832 1392
90 831 832 1456
90 832 148 206
90 833 184 266
90 834 268 412
90 835 332 532
90 836 208 308
90 837 260 402
90 838 376 616
90 839 468 804
90 840 188 274
90 841 184 274
90 842 340 548
90 843 332 548
90 844 264 410
90 845 244 384
90 846 476 820
90 847 440 768
90 848 200 292
90 849 224 342
90 850 360 584
90 851 404 684
90 852 220 334
90 853 260 418
90 854 396 668
90 855 468 836
90 856 256 394
90 857 240 384
90 858 460 788
90 859 432 768
90 860 260 410
90 861 260 426
90 862 468 820
90 863 468 852
90 864 184 266
90 865 148 222
90 866 332 532
90 867 268 444
90 868 260 402
90 869 208 332
90 870 468 804
90 871 376 664
90 872 184 274
90 873 188 290
90 874 332 548
90 875 340 580
90 876 244 384
90 877 264 434
90 878 440 768
90 879 476 868
90 880 224 342
90 881 200 316
90 882 404 684
90 883 360 632
90 884 260 418
90 885 220 366
90 886 468 836
90 887 396 732
90 888 240 384
90 889 256 418
90 890 432 768
90 891 460 836
90 892 260 426
90 893 260 442
90 894 468 852
90 895 468 884
90 896 480 656
90 897 592 848
90 898 849 1314
90 899 1041 1698
90 900 672 992
90 901 832 1296
90 902 1185 1986
90 903 1457 2594
90 904 608 880
90 905 592 880
90 906 1073 1762
90 907 1041 1762
90 908 848 1328
90 909 784 1248
90 910 1489 2658
90 911 1377 2498
90 912 640 928
90 913 720 1104
90 914 1121 1858
90 915 1264 2208
90 916 704 1072
90 917 832 1360
90 918 1233 2146
90 919 1456 2720
90 920 816 1264
90 921 768 1248
90 922 1425 2530
90 923 1344 2496
90 924 832 1328
90 925 832 1392
90 926 1457 2658
90 927 1456 2784
90 928 592 848
90 929 480 720
90 930 1041 1698
90 931 849 1442
90 932 832 1296
90 933 672 1088
90 934 1457 2594
90 935 1185 2178
90 936 592 880
90 937 608 944
90 938 1041 1762
90 939 1073 1890
90 940 784 1248
90 941 848 1424
90 942 1377 2498
90 943 1489 2850
90 944 720 1104
90 945 640 1024
90 946 1264 2208
90 947 1121 2050
90 948 832 1360
90 949 704 1200
90 950 1456 2720
90 951 1233 2402
90 952 768 1248
90 953 816 1360
90 954 1344 2496
90 955 1425 2722
90 956 832 1392
90 957 832 1456
90 958 1456 2784
90 959 1457 2914
90 960 268 412
90 961 332 532
90 962 480 824
90 963 592 1064
90 964 376 616
90 965 468 804
90 966 672 1232
90 967 832 1608
90 968 340 548
90 969 332 548
90 970 608 1096
90 971 592 1096
90 972 476 820
90 973 440 768
90 974 848 1640
90 975 784 1536
90 976 360 584
90 977 404 684
90 978 640 1168
90 979 720 1368
90 980 396 668
90 981 468 836
90 982 704 1336
90 983 832 1672
90 984 460 788
90 985 432 768
90 986 816 1576
90 987 768 1536
90 988 468 820
90 989 468 852
90 990 832 1640
90 991 832 1704
90 992 332 532
90 993 268 444
90 994 592 1064
90 995 480 888
90 996 468 804
90 997 376 664
90 998 832 1608
90 999 672 1328
90 1000 332 548
90 1001 340 580
90 1002 592 1096
90 1003 608 1160
90 1004 440 768
90 1005 476 868
90 1006 784 1536
90 1007 848 1736
90 1008 404 684
90 1009 360 632
90 1010 720 1368
90 1011 640 1264
90 1012 468 836
90 1013 396 732
90 1014 832 1672
90 1015 704 1464
90 1016 432 768
90 1017 460 836
90 1018 768 1536
90 1019 816 1672
90 1020 468 852
90 1021 468 884
90 1022 832 1704
90 1023 832 1768
91 0 52 52
91 1 31 41
91 2 72 80
91 3 43 61
91 4 60 64
91 5 36 50
91 6 80 92
91 7 48 70
91 8 60 64
91 9 36 50
91 10 76 96
91 11 45 69
91 12 68 76
91 13 41 59
91 14 84 108
91 15 50 78
91 16 60 68
91 17 35 49
91 18 88 112
91 19 52 80
91 20 68 80
91 21 40 58
91 22 80 108
91 23 47 75
91 24 68 80
91 25 40 58
91 26 100 136
91 27 60 98
91 28 76 92
91 29 45 67
91 30 92 132
91 31 55 93
91 32 85 106
91 33 52 82
91 34 117 162
91 35 72 122
91 36 97 130
91 37 60 100
91 38 129 186
91 39 80 140
91 40 97 130
91 41 60 100
91 42 124 192
91 43 76 138
91 44 109 154
91 45 68 118
91 46 136 216
91 47 84 156
91 48 100 136
91 49 60 98
91 50 144 224
91 51 88 160
91 52 112 160
91 53 68 116
91 54 132 216
91 55 80 150
91 56 112 160
91 57 68 116
91 58 161 274
91 59 100 196
91 60 124 184
91 61 76 134
91 62 149 266
91 63 92 186
91 64 72 80
91 65 43 61
91 66 84 108
91 67 50 78
91 68 76 96
91 69 45 69
91 70 88 124
91 71 52 86
91 72 80 92
91 73 48 70
91 74 88 124
91 75 52 86
91 76 84 108
91 77 50 78
91 78 100 148
91 79 60 104
91 80 88 112
91 81 52 80
91 82 112 164
91 83 67 115
91 84 100 136
91 85 60 98
91 86 100 156
91 87 59 105
91 88 80 108
91 89 47 75
91 90 100 156
91 91 59 105
91 92 92 132
91 93 55 93
91 94 96 156
91 95 57 105
91 96 117 162
91 97 72 122
91 98 137 218
91 99 84 156
91 100 124 192
91 101 76 138
91 102 144 248
91 103 88 172
91 104 129 186
91 105 80 140
91 106 144 248
91 107 88 172
91 108 136 216
91 109 84 156
91 110 161 298
91 111 100 208
91 112 144 224
91 113 88 160
91 114 181 330
91 115 112 230
91 116 161 274
91 117 100 196
91 118 164 312
91 119 100 210
91 120 132 216
91 121 80 150
91 122 164 312
91 123 100 210
91 124 149 266
91 125 92 186
91 126 157 314
91 127 96 210
92 0 104 104
92 1 120 124
92 2 188 208
92 3 216 248
92 4 100 108
92 5 84 96
92 6 180 216
92 7 152 192
92 8 100 108
92 9 84 96
92 10 180 216
92 11 152 192
92 12 80 88
92 13 64 76
92 14 144 176
92 15 116 152
92 16 120 124
92 17 104 112
92 18 216 248
92 19 188 224
92 20 84 96
92 21 100 116
92 22 152 192
92 23 180 232
92 24 84 96
92 25 100 116
92 26 152 192
92 27 180 232
92 28 64 76
92 29 80 96
92 30 116 152
92 31 144 192
92 32 57 67
92 33 66 80
92 34 104 134
92 35 120 160
92 36 55 69
92 37 46 60
92 38 100 138
92 39 84 120
92 40 55 69
92 41 46 60
92 42 100 138
92 43 84 120
92 44 44 56
92 45 35 47
92 46 80 112
92 47 64 94
92 48 66 80
92 49 57 71
92 50 120 160
92 51 104 142
92 52 46 60
92 53 55 73
92 54 84 120
92 55 100 146
92 56 46 60
92 57 55 73
92 58 84 120
92 59 100 146
92 60 35 47
92 61 44 60
92 62 64 94
92 63 80 120
92 64 188 208
92 65 216 248
92 66 336 416
92 67 384 496
92 68 180 216
92 69 152 192
92 70 320 432
92 71 272 384
92 72 180 216
92 73 152 192
92 74 320 432
92 75 272 384
92 76 144 176
92 77 116 152
92 78 256 352
92 79 208 304
92 80 216 248
92 81 188 224
92 82 384 496
92 83 336 448
92 84 152 192
92 85 180 232
92 86 272 384
92 87 320 464
92 88 152 192
92 89 180 232
92 90 272 384
92 91 320 464
92 92 116 152
92 93 144 192
92 94 208 304
92 95 256 384
92 96 104 134
92 97 120 160
92 98 188 268
92 99 216 320
92 100 100 138
92 101 84 120
92 102 180 276
92 103 152 240
92 104 100 138
92 105 84 120
92 106 180 276
92 107 152 240
92 108 80 112
92 109 64 94
92 110 144 224
92 111 116 188
92 112 120 160
92 113 104 142
92 114 216 320
92 115 188 284
92 116 84 120
92 117 100 146
92 118 152 240
92 119 180 292
92 120 84 120
92 121 100 146
92 122 152 240
92 123 180 292
92 124 64 94
92 125 80 120
92 126 116 188
92 127 144 240
92 128 188 208
92 129 216 248
92 130 336 416
92 131 384 496
92 132 180 216
92 133 152 192
92 134 320 432
92 135 272 384
92 136 180 216
92 137 152 192
92 138 320 432
92 139 272 384
92 140 144 176
92 141 116 152
92 142 256 352
92 143 208 304
92 144 216 248
92 145 188 224
92 146 384 496
92 147 336 448
92 148 152 192
92 149 180 232
92 150 272 384
92 151 320 464
92 152 152 192
92 153 180 232
92 154 272 384
92 155 320 464
92 156 116 152
92 157 144 192
92 158 208 304
92 159 256 384
92 160 104 134
92 161 120 160
92 162 188 268
92 163 216 320
92 164 100 138
92 165 84 120
92 166 180 276
92 167 152 240
92 168 100 138
92 169 84 120
92 170 180 276
92 171 152 240
92 172 80 112
92 173 64 94
92 174 144 224
92 175 116 188
92 176 120 160
92 177 104 142
92 178 216 320
92 179 188 284
92 180 84 120
92 181 100 146
92 182 152 240
92 183 180 292
92 184 84 120
92 185 100 146
92 186 152 240
92 187 180 292
92 188 64 94
92 189 80 120
92 190 116 188
92 191 144 240
92 192 336 416
92 193 384 496
92 194 592 832
92 195 672 992
92 196 320 432
92 197 272 384
92 198 560 864
92 199 480 768
92 200 320 432
92 201 272 384
92 202 560 864
92 203 480 768
92 204 256 352
92 205 208 304
92 206 448 704
92 207 368 608
92 208 384 496
92 209 336 448
92 210 672 992
92 211 592 896
92 212 272 384
92 213 320 464
92 214 480 768
92 215 560 928
92 216 272 384
92 217 320 464
92 218 480 768
92 219 560 928
92 220 208 304
92 221 256 384
92 222 368 608
92 223 448 768
92 224 188 268
92 225 216 320
92 226 336 536
92 227 384 640
92 228 180 276
92 229 152 240
92 230 320 552
92 231 272 480
92 232 180 276
92 233 152 240
92 234 320 552
92 235 272 480
92 236 144 224
92 237 116 188
92 238 256 448
92 239 208 376
92 240 216 320
92 241 188 284
92 242 384 640
92 243 336 568
92 244 152 240
92 245 180 292
92 246 272 480
92 247 320 584
92 248 152 240
92 249 180 292
92 250 272 480
92 251 320 584
92 252 116 188
92 253 144 240
92 254 208 376
92 255 256 480
92 256 188 208
92 257 216 248
92 258 336 416
92 259 384 496
92 260 180 216
92 261 152 192
92 262 320 432
92 263 272 384
92 264 180 216
92 265 152 192
92 266 320 432
92 267 272 384
92 268 144 176
92 269 116 152
92 270 256 352
92 271 208 304
92 272 216 248
92 273 188 224
92 274 384 496
92 275 336 448
92 276 152 192
92 277 180 232
92 278 272 384
92 279 320 464
92 280 152 192
92 281 180 232
92 282 272 384
92 283 320 464
92 284 116 152
92 285 144 192
92 286 208 304
92 287 256 384
92 288 104 134
92 289 120 160
92 290 188 268
92 291 216 320
92 292 100 138
92 293 84 120
92 294 180 276
92 295 152 240
92 296 100 138
92 297 84 120
92 298 180 276
92 299 152 240
92 300 80 112
92 301 64 94
92 302 144 224
92 303 116 188
92 304 120 160
92 305 104 142
92 306 216 320
92 307 188 284
92 308 84 120
92 309 100 146
92 310 152 240
92 311 180 292
92 312 84 120
92 313 100 146
92 314 152 240
92 315 180 292
92 316 64 94
92 317 80 120
92 318 116 188
92 319 144 240
92 320 336 416
92 321 384 496
92 322 592 832
92 323 672 992
92 324 320 432
92 325 272 384
92 326 560 864
92 327 480 768
92 328 320 432
92 329 272 384
92 330 560 864
92 331 480 768
92 332 256 352
92 333 208 304
92 334 448 704
92 335 368 608
92 336 384 496
92 337 336 448
92 338 672 992
92 339 592 896
92 340 272 384
92 341 320 464
92 342 480 768
92 343 560 928
92 344 272 384
92 345 320 464
92 346 480 768
92 347 560 928
92 348 208 304
92 349 256 384
92 350 368 608
92 351 448 768
92 352 188 268
92 353 216 320
92 354 336 536
92 355 384 640
92 356 180 276
92 357 152 240
92 358 320 552
92 359 272 480
92 360 180 276
92 361 152 240
92 362 320 552
92 363 272 480
92 364 144 224
92 365 116 188
92 366 256 448
92 367 208 376
92 368 216 320
92 369 188 284
92 370 384 640
92 371 336 568
92 372 152 240
92 373 180 292
92 374 272 480
92 375 320 584
92 376 152 240
92 377 180 292
92 378 272 480
92 379 320 584
92 380 116 188
92 381 144 240
92 382 208 376
92 383 256 480
92 384 336 416
92 385 384 496
92 386 592 832
92 387 672 992
92 388 320 432
92 389 272 384
92 390 560 864
92 391 480 768
92 392 320 432
92 393 272 384
92 394 560 864
92 395 480 768
92 396 256 352
92 397 208 304
92 398 448 704
92 399 368 608
92 400 384 496
92 401 336 448
92 402 672 992
92 403 592 896
92 404 272 384
92 405 320 464
92 406 480 768
92 407 560 928
92 408 272 384
92 409 320 464
92 410 480 768
92 411 560 928
92 412 208 304
92 413 256 384
92 414 368 608
92 415 448 768
92 416 188 268
92 417 216 320
92 418 336 536
92 419 384 640
92 420 180 276
92 421 152 240
92 422 320 552
92 423 272 480
92 424 180 276
92 425 152 240
92 426 320 552
92 427 272 480
92 428 144 224
92 429 116 188
92 430 256 448
92 431 208 376
92 432 216 320
92 433 188 284
92 434 384 640
92 435 336 568
92 436 152 240
92 437 180 292
92 438 272 480
92 439 320 584
92 440 152 240
92 441 180 292
92 442 272 480
92 443 320 584
92 444 116 188
92 445 144 240
92 446 208 376
92 447 256 480
92 448 592 832
92 449 672 992
92 450 1024 1664
92 451 1153 1986
92 452 560 864
92 453 480 768
92 454 961 1730
92 455 832 1536
92 456 560 864
92 457 480 768
92 458 961 1730
92 459 832 1536
92 460 448 704
92 461 368 608
92 462 769 1410
92 463 640 1216
92 464 672 992
92 465 592 896
92 466 1153 1986
92 467 1024 1792
92 468 480 768
92 469 560 928
92 470 832 1536
92 471 961 1858
92 472 480 768
92 473 560 928
92 474 832 1536
92 475 961 1858
92 476 368 608
92 477 448 768
92 478 640 1216
92 479 769 1538
92 480 336 536
92 481 384 640
92 482 592 1072
92 483 672 1280
92 484 320 552
92 485 272 480
92 486 560 1104
92 487 480 960
92 488 320 552
92 489 272 480
92 490 560 1104
92 491 480 960
92 492 256 448
92 493 208 376
92 494 448 896
92 495 368 752
92 496 384 640
92 497 336 568
92 498 672 1280
92 499 592 1136
92 500 272 480
92 501 320 584
92 502 480 960
92 503 560 1168
92 504 272 480
92 505 320 584
92 506 480 960
92 507 560 1168
92 508 208 376
92 509 256 480
92 510 368 752
92 511 448 960
93 0 79 79
93 1 97 101
93 2 144 158
93 3 176 202
93 4 77 81
93 5 77 85
93 6 140 162
93 7 140 170
93 8 95 103
93 9 102 118
93 10 172 206
93 11 184 236
93 12 84 92
93 13 91 107
93 14 152 184
93 15 164 214
93 16 97 101
93 17 79 87
93 18 176 202
93 19 144 174
93 20 77 85
93 21 77 89
93 22 140 170
93 23 140 178
93 24 102 118
93 25 95 115
93 26 184 236
93 27 172 230
93 28 91 107
93 29 84 104
93 30 164 214
93 31 152 208
93 32 144 158
93 33 176 202
93 34 260 316
93 35 316 404
93 36 140 162
93 37 140 170
93 38 252 324
93 39 252 340
93 40 172 206
93 41 184 236
93 42 308 412
93 43 328 472
93 44 152 184
93 45 164 214
93 46 272 368
93 47 292 428
93 48 176 202
93 49 144 174
93 50 316 404
93 51 260 348
93 52 140 170
93 53 140 178
93 54 252 340
93 55 252 356
93 56 184 236
93 57 172 230
93 58 328 472
93 59 308 460
93 60 164 214
93 61 152 208
93 62 292 428
93 63 272 416
93 64 126 136
93 65 133 151
93 66 228 272
93 67 240 302
93 68 122 140
93 69 115 137
93 70 220 280
93 71 208 274
93 72 104 126
93 73 86 108
93 74 188 252
93 75 156 216
93 76 84 104
93 77 84 108
93 78 152 208
93 79 152 216
93 80 133 151
93 81 126 148
93 82 240 302
93 83 228 296
93 84 115 137
93 85 122 152
93 86 208 274
93 87 220 304
93 88 86 108
93 89 104 134
93 90 156 216
93 91 188 268
93 92 84 108
93 93 84 112
93 94 152 216
93 95 152 224
93 96 228 272
93 97 240 302
93 98 408 544
93 99 428 604
93 100 220 280
93 101 208 274
93 102 392 560
93 103 372 548
93 104 188 252
93 105 156 216
93 106 336 504
93 107 280 432
93 108 152 208
93 109 152 216
93 110 272 416
93 111 272 432
93 112 240 302
93 113 228 296
93 114 428 604
93 115 408 592
93 116 208 274
93 117 220 304
93 118 372 548
93 119 392 608
93 120 156 216
93 121 188 268
93 122 280 432
93 123 336 536
93 124 152 216
93 125 152 224
93 126 272 432
93 127 272 448
93 128 144 158
93 129 176 202
93 130 260 316
93 131 316 404
93 132 140 162
93 133 140 170
93 134 252 324
93 135 252 340
93 136 172 206
93 137 184 236
93 138 308 412
93 139 328 472
93 140 152 184
93 141 164 214
93 142 272 368
93 143 292 428
93 144 176 202
93 145 144 174
93 146 316 404
93 147 260 348
93 148 140 170
93 149 140 178
93 150 252 340
93 151 252 356
93 152 184 236
93 153 172 230
93 154 328 472
93 155 308 460
93 156 164 214
93 157 152 208
93 158 292 428
93 159 272 416
93 160 260 316
93 161 316 404
93 162 464 632
93 163 560 808
93 164 252 324
93 165 252 340
93 166 448 648
93 167 448 680
93 168 308 412
93 169 328 472
93 170 544 824
93 171 576 944
93 172 272 368
93 173 292 428
93 174 480 736
93 175 512 856
93 176 316 404
93 177 260 348
93 178 560 808
93 179 464 696
93 180 252 340
93 181 252 356
93 182 448 680
93 183 448 712
93 184 328 472
93 185 308 460
93 186 576 944
93 187 544 920
93 188 292 428
93 189 272 416
93 190 512 856
93 191 480 832
93 192 228 272
93 193 240 302
93 194 408 544
93 195 428 604
93 196 220 280
93 197 208 274
93 198 392 560
93 199 372 548
93 200 188 252
93 201 156 216
93 202 336 504
93 203 280 432
93 204 152 208
93 205 152 216
93 206 272 416
93 207 272 432
93 208 240 302
93 209 228 296
93 210 428 604
93 211 408 592
93 212 208 274
93 213 220 304
93 214 372 548
93 215 392 608
93 216 156 216
93 217 188 268
93 218 280 432
93 219 336 536
93 220 152 216
93 221 152 224
93 222 272 432
93 223 272 448
93 224 408 544
93 225 428 604
93 226 720 1088
93 227 752 1208
93 228 392 560
93 229 372 548
93 230 688 1120
93 231 656 1096
93 232 336 504
93 233 280 432
93 234 592 1008
93 235 496 864
93 236 272 416
93 237 272 432
93 238 480 832
93 239 480 864
93 240 428 604
93 241 408 592
93 242 752 1208
93 243 720 1184
93 244 372 548
93 245 392 608
93 246 656 1096
93 247 688 1216
93 248 280 432
93 249 336 536
93 250 496 864
93 251 592 1072
93 252 272 432
93 253 272 448
93 254 480 864
93 255 480 896
93 256 144 158
93 257 176 202
93 258 260 316
93 259 316 404
93 260 140 162
93 261 140 170
93 262 252 324
93 263 252 340
93 264 172 206
93 265 184 236
93 266 308 412
93 267 328 472
93 268 152 184
93 269 164 214
93 270 272 368
93 271 292 428
93 272 176 202
93 273 144 174
93 274 316 404
93 275 260 348
93 276 140 170
93 277 140 178
93 278 252 340
93 279 252 356
93 280 184 236
93 281 172 230
93 282 328 472
93 283 308 460
93 284 164 214
93 285 152 208
93 286 292 428
93 287 272 416
93 288 260 316
93 289 316 404
93 290 464 632
93 291 560 808
93 292 252 324
93 293 252 340
93 294 448 648
93 295 448 680
93 296 308 412
93 297 328 472
93 298 544 824
93 299 576 944
93 300 272 368
93 301 292 428
93 302 480 736
93 303 512 856
93 304 316 404
93 305 260 348
93 306 560 808
93 307 464 696
93 308 252 340
93 309 252 356
93 310 448 680
93 311 448 712
93 312 328 472
93 313 308 460
93 314 576 944
93 315 544 920
93 316 292 428
93 317 272 416
93 318 512 856
93 319 480 832
93 320 228 272
93 321 240 302
93 322 408 544
93 323 428 604
93 324 220 280
93 325 208 274
93 326 392 560
93 327 372 548
93 328 188 252
93 329 156 216
93 330 336 504
93 331 280 432
93 332 152 208
93 333 152 216
93 334 272 416
93 335 272 432
93 336 240 302
93 337 228 296
93 338 428 604
93 339 408 592
93 340 208 274
93 341 220 304
93 342 372 548
93 343 392 608
93 344 156 216
93 345 188 268
93 346 280 432
93 347 336 536
93 348 152 216
93 349 152 224
93 350 272 432
93 351 272 448
93 352 408 544
93 353 428 604
93 354 720 1088
93 355 752 1208
93 356 392 560
93 357 372 548
93 358 688 1120
93 359 656 1096
93 360 336 504
93 361 280 432
93 362 592 1008
93 363 496 864
93 364 272 416
93 365 272 432
93 366 480 832
93 367 480 864
93 368 428 604
93 369 408 592
93 370 752 1208
93 371 720 1184
93 372 372 548
93 373 392 608
93 374 656 1096
93 375 688 1216
93 376 280 432
93 377 336 536
93 378 496 864
93 379 592 1072
93 380 272 432
93 381 272 448
93 382 480 864
93 383 480 896
93 384 260 316
93 385 316 404
93 386 464 632
93 387 560 808
93 388 252 324
93 389 252 340
93 390 448 648
93 391 448 680
93 392 308 412
93 393 328 472
93 394 544 824
93 395 576 944
93 396 272 368
93 397 292 428
93 398 480 736
93 399 512 856
93 400 316 404
93 401 260 348
93 402 560 808
93 403 464 696
93 404 252 340
93 405 252 356
93 406 448 680
93 407 448 712
93 408 328 472
93 409 308 460
93 410 576 944
93 411 544 920
93 412 292 428
93 413 272 416
93 414 512 856
93 415 480 832
93 416 464 632
93 417 560 808
93 418 816 1264
93 419 976 1616
93 420 448 648
93 421 448 680
93 422 784 1296
93 423 784 1360
93 424 544 824
93 425 576 944
93 426 944 1648
93 427 993 1890
93 428 480 736
93 429 512 856
93 430 832 1472
93 431 881 1714
93 432 560 808
93 433 464 696
93 434 976 1616
93 435 816 1392
93 436 448 680
93 437 448 712
93 438 784 1360
93 439 784 1424
93 440 576 944
93 441 544 920
93 442 993 1890
93 443 944 1840
93 444 512 856
93 445 480 832
93 446 881 1714
93 447 832 1664
93 448 408 544
93 449 428 604
93 450 720 1088
93 451 752 1208
93 452 392 560
93 453 372 548
93 454 688 1120
93 455 656 1096
93 456 336 504
93 457 280 432
93 458 592 1008
93 459 496 864
93 460 272 416
93 461 272 432
93 462 480 832
93 463 480 864
93 464 428 604
93 465 408 592
93 466 752 1208
93 467 720 1184
93 468 372 548
93 469 392 608
93 470 656 1096
93 471 688 1216
93 472 280 432
93 473 336 536
93 474 496 864
93 475 592 1072
93 476 272 432
93 477 272 448
93 478 480 864
93 479 480 896
93 480 720 1088
93 481 752 1208
93 482 1248 2176
93 483 1297 2418
93 484 688 1120
93 485 656 1096
93 486 1185 2242
93 487 1136 2192
93 488 592 1008
93 489 496 864
93 490 1025 2018
93 491 865 1730
93 492 480 832
93 493 480 864
93 494 833 1666
93 495 833 1730
93 496 752 1208
93 497 720 1184
93 498 1297 2418
93 499 1248 2368
93 500 656 1096
93 501 688 1216
93 502 1136 2192
93 503 1185 2434
93 504 496 864
93 505 592 1072
93 506 865 1730
93 507 1025 2146
93 508 480 864
93 509 480 896
93 510 833 1730
93 511 833 1794
94 0 80 80
94 1 95 105
94 2 97 103
94 3 117 137
94 4 140 160
94 5 164 210
94 6 168 206
94 7 200 274
94 8 101 107
94 9 112 132
94 10 104 116
94 11 128 158
94 12 176 214
94 13 192 264
94 14 180 232
94 15 220 316
94 16 115 125
94 17 98 122
94 18 137 157
94 19 109 143
94 20 200 250
94 21 168 244
94 22 236 314
94 23 188 286
94 24 138 162
94 25 106 142
94 26 122 152
94 27 109 151
94 28 240 324
94 29 184 284
94 30 212 304
94 31 188 302
94 32 97 103
94 33 117 137
94 34 80 92
94 35 95 121
94 36 168 206
94 37 200 274
94 38 140 184
94 39 164 242
94 40 104 116
94 41 128 158
94 42 101 119
94 43 112 148
94 44 180 232
94 45 220 316
94 46 176 238
94 47 192 296
94 48 137 157
94 49 109 143
94 50 115 141
94 51 98 134
94 52 236 314
94 53 188 286
94 54 200 282
94 55 168 268
94 56 122 152
94 57 109 151
94 58 138 178
94 59 106 154
94 60 212 304
94 61 188 302
94 62 240 356
94 63 184 308
94 64 140 160
94 65 164 210
94 66 168 206
94 67 200 274
94 68 240 320
94 69 276 420
94 70 285 414
94 71 333 550
94 72 176 214
94 73 192 264
94 74 180 232
94 75 220 316
94 76 300 428
94 77 321 530
94 78 305 466
94 79 368 632
94 80 200 250
94 81 168 244
94 82 236 314
94 83 188 286
94 84 340 500
94 85 281 490
94 86 397 630
94 87 316 572
94 88 240 324
94 89 184 284
94 90 212 304
94 91 188 302
94 92 408 648
94 93 312 568
94 94 361 610
94 95 317 606
94 96 168 206
94 97 200 274
94 98 140 184
94 99 164 242
94 100 285 414
94 101 333 550
94 102 240 368
94 103 276 484
94 104 180 232
94 105 220 316
94 106 176 238
94 107 192 296
94 108 305 466
94 109 368 632
94 110 300 476
94 111 321 594
94 112 236 314
94 113 188 286
94 114 200 282
94 115 168 268
94 116 397 630
94 117 316 572
94 118 340 564
94 119 281 538
94 120 212 304
94 121 188 302
94 122 240 356
94 123 184 308
94 124 361 610
94 125 317 606
94 126 408 712
94 127 312 616
94 128 124 136
94 129 122 152
94 130 151 177
94 131 141 191
94 132 216 272
94 133 212 304
94 134 260 354
94 135 244 382
94 136 143 169
94 137 132 174
94 138 136 172
94 139 141 199
94 140 248 338
94 141 228 348
94 142 236 344
94 143 244 398
94 144 147 185
94 145 128 174
94 146 166 224
94 147 129 189
94 148 256 370
94 149 220 348
94 150 288 448
94 151 224 378
94 152 176 240
94 153 134 194
94 154 147 211
94 155 127 193
94 156 304 480
94 157 232 388
94 158 256 422
94 159 220 386
94 160 151 177
94 161 141 191
94 162 124 156
94 163 122 172
94 164 260 354
94 165 244 382
94 166 216 312
94 167 212 344
94 168 136 172
94 169 141 199
94 170 143 189
94 171 132 194
94 172 236 344
94 173 244 398
94 174 248 378
94 175 228 388
94 176 166 224
94 177 129 189
94 178 147 205
94 179 128 194
94 180 288 448
94 181 224 378
94 182 256 410
94 183 220 388
94 184 147 211
94 185 127 193
94 186 176 260
94 187 134 214
94 188 256 422
94 189 220 386
94 190 304 520
94 191 232 428
94 192 216 272
94 193 212 304
94 194 260 354
94 195 244 382
94 196 368 544
94 197 360 608
94 198 437 710
94 199 412 764
94 200 248 338
94 201 228 348
94 202 236 344
94 203 244 398
94 204 420 676
94 205 385 698
94 206 401 690
94 207 413 798
94 208 256 370
94 209 220 348
94 210 288 448
94 211 224 378
94 212 436 740
94 213 369 698
94 214 488 896
94 215 380 756
94 216 304 480
94 217 232 388
94 218 256 422
94 219 220 386
94 220 513 962
94 221 392 776
94 222 437 846
94 223 373 774
94 224 260 354
94 225 244 382
94 226 216 312
94 227 212 344
94 228 437 710
94 229 412 764
94 230 368 624
94 231 360 688
94 232 236 344
94 233 244 398
94 234 248 378
94 235 228 388
94 236 401 690
94 237 413 798
94 238 420 756
94 239 385 778
94 240 288 448
94 241 224 378
94 242 256 410
94 243 220 388
94 244 488 896
94 245 380 756
94 246 436 820
94 247 369 778
94 248 256 422
94 249 220 386
94 250 304 520
94 251 232 428
94 252 437 846
94 253 373 774
94 254 513 1042
94 255 392 856
95 0 540 540
95 1 624 660
95 2 968 1080
95 3 1116 1320
95 4 524 560
95 5 556 636
95 6 932 1120
95 7 992 1272
95 8 608 640
95 9 600 668
95 10 1088 1280
95 11 1076 1336
95 12 568 644
95 13 596 716
95 14 1012 1288
95 15 1064 1432
95 16 608 660
95 17 608 712
95 18 1084 1320
95 19 1088 1424
95 20 452 524
95 21 496 624
95 22 808 1048
95 23 888 1248
95 24 704 812
95 25 640 780
95 26 1256 1624
95 27 1144 1560
95 28 552 676
95 29 564 740
95 30 984 1352
95 31 1012 1480
95 32 624 660
95 33 664 752
95 34 1116 1320
95 35 1192 1504
95 36 556 636
95 37 592 720
95 38 992 1272
95 39 1056 1440
95 40 600 668
95 41 580 684
95 42 1076 1336
95 43 1040 1368
95 44 596 716
95 45 596 756
95 46 1064 1432
95 47 1064 1512
95 48 608 712
95 49 744 924
95 50 1088 1424
95 51 1332 1848
95 52 496 624
95 53 576 764
95 54 888 1248
95 55 1032 1528
95 56 640 780
95 57 680 876
95 58 1144 1560
95 59 1216 1752
95 60 564 740
95 61 604 828
95 62 1012 1480
95 63 1080 1656
95 64 560 580
95 65 656 712
95 66 1004 1160
95 67 1172 1424
95 68 516 580
95 69 560 660
95 70 920 1160
95 71 1000 1320
95 72 620 672
95 73 632 728
95 74 1108 1344
95 75 1132 1456
95 76 584 680
95 77 624 764
95 78 1040 1360
95 79 1112 1528
95 80 600 680
95 81 644 768
95 82 1072 1360
95 83 1152 1536
95 84 428 524
95 85 484 628
95 86 768 1048
95 87 868 1256
95 88 648 768
95 89 636 788
95 90 1156 1536
95 91 1136 1576
95 92 488 620
95 93 512 688
95 94 872 1240
95 95 920 1376
95 96 656 712
95 97 612 712
95 98 1172 1424
95 99 1100 1424
95 100 560 660
95 101 544 684
95 102 1000 1320
95 103 972 1368
95 104 632 728
95 105 664 796
95 106 1132 1456
95 107 1188 1592
95 108 624 764
95 109 652 848
95 110 1112 1528
95 111 1164 1696
95 112 644 768
95 113 752 952
95 114 1152 1536
95 115 1344 1904
95 116 484 628
95 117 512 700
95 118 868 1256
95 119 920 1400
95 120 636 788
95 121 736 968
95 122 1136 1576
95 123 1316 1936
95 124 512 688
95 125 580 820
95 126 920 1376
95 127 1040 1640
95 128 298 354
95 129 345 429
95 130 540 708
95 131 624 858
95 132 291 367
95 133 308 408
95 134 524 734
95 135 556 816
95 136 336 416
95 137 331 427
95 138 608 832
95 139 600 854
95 140 315 415
95 141 330 454
95 142 568 830
95 143 596 908
95 144 337 429
95 145 336 452
95 146 608 858
95 147 608 904
95 148 250 334
95 149 274 390
95 150 452 668
95 151 496 780
95 152 390 520
95 153 354 492
95 154 704 1040
95 155 640 984
95 156 306 428
95 157 311 457
95 158 552 856
95 159 564 914
95 160 345 429
95 161 366 478
95 162 624 858
95 163 664 956
95 164 308 408
95 165 328 456
95 166 556 816
95 167 592 912
95 168 331 427
95 169 320 432
95 170 600 854
95 171 580 864
95 172 330 454
95 173 330 474
95 174 596 908
95 175 596 948
95 176 336 452
95 177 411 579
95 178 608 904
95 179 744 1158
95 180 274 390
95 181 318 472
95 182 496 780
95 183 576 944
95 184 354 492
95 185 376 546
95 186 640 984
95 187 680 1092
95 188 311 457
95 189 334 510
95 190 564 914
95 191 604 1020
95 192 309 377
95 193 363 461
95 194 560 754
95 195 656 922
95 196 286 374
95 197 310 420
95 198 516 748
95 199 560 840
95 200 343 435
95 201 349 463
95 202 620 870
95 203 632 926
95 204 324 436
95 205 346 484
95 206 584 872
95 207 624 968
95 208 332 436
95 209 356 486
95 210 600 872
95 211 644 972
95 212 236 328
95 213 267 389
95 214 428 656
95 215 484 778
95 216 359 489
95 217 352 496
95 218 648 978
95 219 636 992
95 220 270 388
95 221 282 422
95 222 488 776
95 223 512 844
95 224 363 461
95 225 337 449
95 226 656 922
95 227 612 898
95 228 310 420
95 229 301 429
95 230 560 840
95 231 544 858
95 232 349 463
95 233 367 503
95 234 632 926
95 235 664 1006
95 236 346 484
95 237 361 529
95 238 624 968
95 239 652 1058
95 240 356 486
95 241 416 596
95 242 644 972
95 243 752 1192
95 244 267 389
95 245 282 428
95 246 484 778
95 247 512 856
95 248 352 496
95 249 407 601
95 250 636 992
95 251 736 1202
95 252 282 422
95 253 320 500
95 254 512 844
95 255 580 1000
95 256 968 1080
95 257 1116 1320
95 258 1713 2162
95 259 1969 2642
95 260 932 1120
95 261 992 1272
95 262 1633 2242
95 263 1744 2544
95 264 1088 1280
95 265 1076 1336
95 266 1921 2562
95 267 1905 2674
95 268 1012 1288
95 269 1064 1432
95 270 1776 2576
95 271 1873 2866
95 272 1084 1320
95 273 1088 1424
95 274 1905 2642
95 275 1920 2848
95 276 808 1048
95 277 888 1248
95 278 1425 2098
95 279 1569 2498
95 280 1256 1624
95 281 1144 1560
95 282 2208 3248
95 283 2017 3122
95 284 984 1352
95 285 1012 1480
95 286 1729 2706
95 287 1793 2962
95 288 1116 1320
95 289 1192 1504
95 290 1969 2642
95 291 2113 3010
95 292 992 1272
95 293 1056 1440
95 294 1744 2544
95 295 1857 2882
95 296 1076 1336
95 297 1040 1368
95 298 1905 2674
95 299 1841 2738
95 300 1064 1432
95 301 1064 1512
95 302 1873 2866
95 303 1872 3024
95 304 1088 1424
95 305 1332 1848
95 306 1920 2848
95 307 2353 3698
95 308 888 1248
95 309 1032 1528
95 310 1569 2498
95 311 1825 3058
95 312 1144 1560
95 313 1216 1752
95 314 2017 3122
95 315 2144 3504
95 316 1012 1480
95 317 1080 1656
95 318 1793 2962
95 319 1905 3314
95 320 1004 1160
95 321 1172 1424
95 322 1777 2322
95 323 2065 2850
95 324 920 1160
95 325 1000 1320
95 326 1617 2322
95 327 1760 2640
95 328 1108 1344
95 329 1132 1456
95 330 1953 2690
95 331 2001 2914
95 332 1040 1360
95 333 1112 1528
95 334 1824 2720
95 335 1953 3058
95 336 1072 1360
95 337 1152 1536
95 338 1889 2722
95 339 2032 3072
95 340 768 1048
95 341 868 1256
95 342 1361 2098
95 343 1537 2514
95 344 1156 1536
95 345 1136 1576
95 346 2032 3072
95 347 2001 3154
95 348 872 1240
95 349 920 1376
95 350 1537 2482
95 351 1633 2754
95 352 1172 1424
95 353 1100 1424
95 354 2065 2850
95 355 1953 2850
95 356 1000 1320
95 357 972 1368
95 358 1760 2640
95 359 1713 2738
95 360 1132 1456
95 361 1188 1592
95 362 2001 2914
95 363 2097 3186
95 364 1112 1528
95 365 1164 1696
95 366 1953 3058
95 367 2048 3392
95 368 1152 1536
95 369 1344 1904
95 370 2032 3072
95 371 2369 3810
95 372 868 1256
95 373 920 1400
95 374 1537 2514
95 375 1633 2802
95 376 1136 1576
95 377 1316 1936
95 378 2001 3154
95 379 2320 3872
95 380 920 1376
95 381 1040 1640
95 382 1633 2754
95 383 1841 3282
95 384 540 708
95 385 624 858
95 386 968 1416
95 387 1116 1716
95 388 524 734
95 389 556 816
95 390 932 1468
95 391 992 1632
95 392 608 832
95 393 600 854
95 394 1088 1664
95 395 1076 1708
95 396 568 830
95 397 596 908
95 398 1012 1660
95 399 1064 1816
95 400 608 858
95 401 608 904
95 402 1084 1716
95 403 1088 1808
95 404 452 668
95 405 496 780
95 406 808 1336
95 407 888 1560
95 408 704 1040
95 409 640 984
95 410 1256 2080
95 411 1144 1968
95 412 552 856
95 413 564 914
95 414 984 1712
95 415 1012 1828
95 416 624 858
95 417 664 956
95 418 1116 1716
95 419 1192 1912
95 420 556 816
95 421 592 912
95 422 992 1632
95 423 1056 1824
95 424 600 854
95 425 580 864
95 426 1076 1708
95 427 1040 1728
95 428 596 908
95 429 596 948
95 430 1064 1816
95 431 1064 1896
95 432 608 904
95 433 744 1158
95 434 1088 1808
95 435 1332 2316
95 436 496 780
95 437 576 944
95 438 888 1560
95 439 1032 1888
95 440 640 984
95 441 680 1092
95 442 1144 1968
95 443 1216 2184
95 444 564 914
95 445 604 1020
95 446 1012 1828
95 447 1080 2040
95 448 560 754
95 449 656 922
95 450 1004 1508
95 451 1172 1844
95 452 516 748
95 453 560 840
95 454 920 1496
95 455 1000 1680
95 456 620 870
95 457 632 926
95 458 1108 1740
95 459 1132 1852
95 460 584 872
95 461 624 968
95 462 1040 1744
95 463 1112 1936
95 464 600 872
95 465 644 972
95 466 1072 1744
95 467 1152 1944
95 468 428 656
95 469 484 778
95 470 768 1312
95 471 868 1556
95 472 648 978
95 473 636 992
95 474 1156 1956
95 475 1136 1984
95 476 488 776
95 477 512 844
95 478 872 1552
95 479 920 1688
95 480 656 922
95 481 612 898
95 482 1172 1844
95 483 1100 1796
95 484 560 840
95 485 544 858
95 486 1000 1680
95 487 972 1716
95 488 632 926
95 489 664 1006
95 490 1132 1852
95 491 1188 2012
95 492 624 968
95 493 652 1058
95 494 1112 1936
95 495 1164 2116
95 496 644 972
95 497 752 1192
95 498 1152 1944
95 499 1344 2384
95 500 484 778
95 501 512 856
95 502 868 1556
95 503 920 1712
95 504 636 992
95 505 736 1202
95 506 1136 1984
95 507 1316 2404
95 508 512 844
95 509 580 1000
95 510 920 1688
95 511 1040 2000
95 512 844 928
95 513 992 1152
95 514 1508 1856
95 515 1764 2304
95 516 768 904
95 517 776 976
95 518 1368 1808
95 519 1388 1952
95 520 860 1000
95 521 952 1160
95 522 1540 2000
95 523 1700 2320
95 524 836 1040
95 525 828 1096
95 526 1484 2080
95 527 1480 2192
95 528 832 1008
95 529 832 1080
95 530 1488 2016
95 531 1492 2160
95 532 684 864
95 533 700 960
95 534 1220 1728
95 535 1252 1920
95 536 896 1136
95 537 884 1184
95 538 1604 2272
95 539 1584 2368
95 540 756 1008
95 541 776 1112
95 542 1348 2016
95 543 1388 2224
95 544 992 1152
95 545 1004 1256
95 546 1764 2304
95 547 1796 2512
95 548 776 976
95 549 892 1184
95 550 1388 1952
95 551 1592 2368
95 552 952 1160
95 553 900 1160
95 554 1700 2320
95 555 1612 2320
95 556 828 1096
95 557 888 1224
95 558 1480 2192
95 559 1580 2448
95 560 832 1080
95 561 1016 1400
95 562 1492 2160
95 563 1816 2800
95 564 700 960
95 565 844 1232
95 566 1252 1920
95 567 1508 2464
95 568 884 1184
95 569 952 1344
95 570 1584 2368
95 571 1700 2688
95 572 776 1112
95 573 812 1216
95 574 1388 2224
95 575 1452 2432
95 576 880 1008
95 577 984 1192
95 578 1572 2016
95 579 1756 2384
95 580 820 1008
95 581 808 1048
95 582 1456 2016
95 583 1444 2096
95 584 880 1064
95 585 1024 1296
95 586 1572 2128
95 587 1820 2592
95 588 792 1032
95 589 828 1136
95 590 1412 2064
95 591 1480 2272
95 592 884 1112
95 593 872 1168
95 594 1576 2224
95 595 1564 2336
95 596 660 880
95 597 680 968
95 598 1180 1760
95 599 1220 1936
95 600 868 1128
95 601 876 1208
95 602 1548 2256
95 603 1568 2416
95 604 660 912
95 605 684 1008
95 606 1180 1824
95 607 1228 2016
95 608 984 1192
95 609 912 1176
95 610 1756 2384
95 611 1636 2352
95 612 808 1048
95 613 872 1192
95 614 1444 2096
95 615 1552 2384
95 616 1024 1296
95 617 1000 1336
95 618 1820 2592
95 619 1788 2672
95 620 828 1136
95 621 916 1312
95 622 1480 2272
95 623 1636 2624
95 624 872 1168
95 625 964 1376
95 626 1564 2336
95 627 1728 2752
95 628 680 968
95 629 748 1120
95 630 1220 1936
95 631 1340 2240
95 632 876 1208
95 633 980 1432
95 634 1568 2416
95 635 1756 2864
95 636 684 1008
95 637 788 1216
95 638 1228 2016
95 639 1412 2432
95 640 467 599
95 641 551 741
95 642 844 1198
95 643 992 1482
95 644 426 578
95 645 429 611
95 646 768 1156
95 647 776 1222
95 648 475 635
95 649 527 733
95 650 860 1270
95 651 952 1466
95 652 465 661
95 653 458 680
95 654 836 1322
95 655 828 1360
95 656 460 636
95 657 459 669
95 658 832 1272
95 659 832 1338
95 660 379 543
95 661 387 591
95 662 684 1086
95 663 700 1182
95 664 495 709
95 665 488 730
95 666 896 1418
95 667 884 1460
95 668 419 627
95 669 429 679
95 670 756 1254
95 671 776 1358
95 672 551 741
95 673 555 787
95 674 992 1482
95 675 1004 1574
95 676 429 611
95 677 494 736
95 678 776 1222
95 679 892 1472
95 680 527 733
95 681 497 721
95 682 952 1466
95 683 900 1442
95 684 458 680
95 685 493 759
95 686 828 1360
95 687 888 1518
95 688 459 669
95 689 562 862
95 690 832 1338
95 691 1016 1724
95 692 387 591
95 693 467 751
95 694 700 1182
95 695 844 1502
95 696 488 730
95 697 527 825
95 698 884 1460
95 699 952 1650
95 700 429 679
95 701 449 737
95 702 776 1358
95 703 812 1474
95 704 487 645
95 705 545 755
95 706 880 1290
95 707 984 1510
95 708 456 642
95 709 447 653
95 710 820 1284
95 711 808 1306
95 712 487 673
95 713 569 819
95 714 880 1346
95 715 1024 1638
95 716 439 645
95 717 458 700
95 718 792 1290
95 719 828 1400
95 720 490 700
95 721 481 719
95 722 884 1400
95 723 872 1438
95 724 365 545
95 725 375 589
95 726 660 1090
95 727 680 1178
95 728 481 705
95 729 484 742
95 730 868 1410
95 731 876 1484
95 732 365 561
95 733 377 609
95 734 660 1122
95 735 684 1218
95 736 545 755
95 737 503 729
95 738 984 1510
95 739 912 1458
95 740 447 653
95 741 484 740
95 742 808 1306
95 743 872 1480
95 744 569 819
95 745 553 827
95 746 1024 1638
95 747 1000 1654
95 748 458 700
95 749 507 803
95 750 828 1400
95 751 916 1606
95 752 481 719
95 753 532 838
95 754 872 1438
95 755 964 1676
95 756 375 589
95 757 413 677
95 758 680 1178
95 759 748 1354
95 760 484 742
95 761 541 869
95 762 876 1484
95 763 980 1738
95 764 377 609
95 765 435 731
95 766 684 1218
95 767 788 1462
95 768 1508 1856
95 769 1764 2304
95 770 2656 3712
95 771 3089 4610
95 772 1368 1808
95 773 1388 1952
95 774 2400 3616
95 775 2448 3904
95 776 1540 2000
95 777 1700 2320
95 778 2720 4000
95 779 2992 4640
95 780 1484 2080
95 781 1480 2192
95 782 2593 4162
95 783 2608 4384
95 784 1488 2016
95 785 1492 2160
95 786 2624 4032
95 787 2640 4320
95 788 1220 1728
95 789 1252 1920
95 790 2144 3456
95 791 2209 3842
95 792 1604 2272
95 793 1584 2368
95 794 2832 4544
95 795 2800 4736
95 796 1348 2016
95 797 1388 2224
95 798 2368 4032
95 799 2449 4450
95 800 1764 2304
95 801 1796 2512
95 802 3089 4610
95 803 3168 5024
95 804 1388 1952
95 805 1592 2368
95 806 2448 3904
95 807 2800 4736
95 808 1700 2320
95 809 1612 2320
95 810 2992 4640
95 811 2848 4640
95 812 1480 2192
95 813 1580 2448
95 814 2608 4384
95 815 2769 4898
95 816 1492 2160
95 817 1816 2800
95 818 2640 4320
95 819 3201 5602
95 820 1252 1920
95 821 1508 2464
95 822 2209 3842
95 823 2656 4928
95 824 1584 2368
95 825 1700 2688
95 826 2800 4736
95 827 2993 5378
95 828 1388 2224
95 829 1452 2432
95 830 2449 4450
95 831 2560 4864
95 832 1572 2016
95 833 1756 2384
95 834 2768 4032
95 835 3088 4768
95 836 1456 2016
95 837 1444 2096
95 838 2545 4034
95 839 2544 4192
95 840 1572 2128
95 841 1820 2592
95 842 2768 4256
95 843 3185 5186
95 844 1412 2064
95 845 1480 2272
95 846 2480 4128
95 847 2608 4544
95 848 1576 2224
95 849 1564 2336
95 850 2769 4450
95 851 2768 4672
95 852 1180 1760
95 853 1220 1936
95 854 2081 3522
95 855 2161 3874
95 856 1548 2256
95 857 1568 2416
95 858 2721 4514
95 859 2768 4832
95 860 1180 1824
95 861 1228 2016
95 862 2081 3650
95 863 2177 4034
95 864 1756 2384
95 865 1636 2352
95 866 3088 4768
95 867 2896 4704
95 868 1444 2096
95 869 1552 2384
95 870 2544 4192
95 871 2721 4770
95 872 1820 2592
95 873 1788 2672
95 874 3185 5186
95 875 3152 5344
95 876 1480 2272
95 877 1636 2624
95 878 2608 4544
95 879 2880 5248
95 880 1564 2336
95 881 1728 2752
95 882 2768 4672
95 883 3056 5504
95 884 1220 1936
95 885 1340 2240
95 886 2161 3874
95 887 2369 4482
95 888 1568 2416
95 889 1756 2864
95 890 2768 4832
95 891 3104 5728
95 892 1228 2016
95 893 1412 2432
95 894 2177 4034
95 895 2497 4866
95 896 844 1198
95 897 992 1482
95 898 1508 2396
95 899 1764 2964
95 900 768 1156
95 901 776 1222
95 902 1368 2312
95 903 1388 2444
95 904 860 1270
95 905 952 1466
95 906 1540 2540
95 907 1700 2932
95 908 836 1322
95 909 828 1360
95 910 1484 2644
95 911 1480 2720
95 912 832 1272
95 913 832 1338
95 914 1488 2544
95 915 1492 2676
95 916 684 1086
95 917 700 1182
95 918 1220 2172
95 919 1252 2364
95 920 896 1418
95 921 884 1460
95 922 1604 2836
95 923 1584 2920
95 924 756 1254
95 925 776 1358
95 926 1348 2508
95 927 1388 2716
95 928 992 1482
95 929 1004 1574
95 930 1764 2964
95 931 1796 3148
95 932 776 1222
95 933 892 1472
95 934 1388 2444
95 935 1592 2944
95 936 952 1466
95 937 900 1442
95 938 1700 2932
95 939 1612 2884
95 940 828 1360
95 941 888 1518
95 942 1480 2720
95 943 1580 3036
95 944 832 1338
95 945 1016 1724
95 946 1492 2676
95 947 1816 3448
95 948 700 1182
95 949 844 1502
95 950 1252 2364
95 951 1508 3004
95 952 884 1460
95 953 952 1650
95 954 1584 2920
95 955 1700 3300
95 956 776 1358
95 957 812 1474
95 958 1388 2716
95 959 1452 2948
95 960 880 1290
95 961 984 1510
95 962 1572 2580
95 963 1756 3020
95 964 820 1284
95 965 808 1306
95 966 1456 2568
95 967 1444 2612
95 968 880 1346
95 969 1024 1638
95 970 1572 2692
95 971 1820 3276
95 972 792 1290
95 973 828 1400
95 974 1412 2580
95 975 1480 2800
95 976 884 1400
95 977 872 1438
95 978 1576 2800
95 979 1564 2876
95 980 660 1090
95 981 680 1178
95 982 1180 2180
95 983 1220 2356
95 984 868 1410
95 985 876 1484
95 986 1548 2820
95 987 1568 2968
95 988 660 1122
95 989 684 1218
95 990 1180 2244
95 991 1228 2436
95 992 984 1510
95 993 912 1458
95 994 1756 3020
95 995 1636 2916
95 996 808 1306
95 997 872 1480
95 998 1444 2612
95 999 1552 2960
95 1000 1024 1638
95 1001 1000 1654
95 1002 1820 3276
95 1003 1788 3308
95 1004 828 1400
95 1005 916 1606
95 1006 1480 2800
95 1007 1636 3212
95 1008 872 1438
95 1009 964 1676
95 1010 1564 2876
95 1011 1728 3352
95 1012 680 1178
95 1013 748 1354
95 1014 1220 2356
95 1015 1340 2708
95 1016 876 1484
95 1017 980 1738
95 1018 1568 2968
95 1019 1756 3476
95 1020 684 1218
95 1021 788 1462
95 1022 1228 2436
95 1023 1412 2924
95 1024 560 580
95 1025 656 712
95 1026 1004 1160
95 1027 1172 1424
95 1028 516 580
95 1029 560 660
95 1030 920 1160
95 1031 1000 1320
95 1032 620 672
95 1033 632 728
95 1034 1108 1344
95 1035 1132 1456
95 1036 584 680
95 1037 624 764
95 1038 1040 1360
95 1039 1112 1528
95 1040 600 680
95 1041 644 768
95 1042 1072 1360
95 1043 1152 1536
95 1044 428 524
95 1045 484 628
95 1046 768 1048
95 1047 868 1256
95 1048 648 768
95 1049 636 788
95 1050 1156 1536
95 1051 1136 1576
95 1052 488 620
95 1053 512 688
95 1054 872 1240
95 1055 920 1376
95 1056 656 712
95 1057 612 712
95 1058 1172 1424
95 1059 1100 1424
95 1060 560 660
95 1061 544 684
95 1062 1000 1320
95 1063 972 1368
95 1064 632 728
95 1065 664 796
95 1066 1132 1456
95 1067 1188 1592
95 1068 624 764
95 1069 652 848
95 1070 1112 1528
95 1071 1164 1696
95 1072 644 768
95 1073 752 952
95 1074 1152 1536
95 1075 1344 1904
95 1076 484 628
95 1077 512 700
95 1078 868 1256
95 1079 920 1400
95 1080 636 788
95 1081 736 968
95 1082 1136 1576
95 1083 1316 1936
95 1084 512 688
95 1085 580 820
95 1086 920 1376
95 1087 1040 1640
95 1088 540 580
95 1089 624 708
95 1090 968 1160
95 1091 1116 1416
95 1092 524 600
95 1093 556 668
95 1094 932 1200
95 1095 992 1336
95 1096 608 680
95 1097 600 716
95 1098 1088 1360
95 1099 1076 1432
95 1100 568 684
95 1101 596 748
95 1102 1012 1368
95 1103 1064 1496
95 1104 608 700
95 1105 608 744
95 1106 1084 1400
95 1107 1088 1488
95 1108 452 556
95 1109 496 648
95 1110 808 1112
95 1111 888 1296
95 1112 704 852
95 1113 640 812
95 1114 1256 1704
95 1115 1144 1624
95 1116 552 708
95 1117 564 764
95 1118 984 1416
95 1119 1012 1528
95 1120 624 708
95 1121 664 792
95 1122 1116 1416
95 1123 1192 1584
95 1124 556 668
95 1125 592 760
95 1126 992 1336
95 1127 1056 1520
95 1128 600 716
95 1129 580 724
95 1130 1076 1432
95 1131 1040 1448
95 1132 596 748
95 1133 596 796
95 1134 1064 1496
95 1135 1064 1592
95 1136 608 744
95 1137 744 964
95 1138 1088 1488
95 1139 1332 1928
95 1140 496 648
95 1141 576 796
95 1142 888 1296
95 1143 1032 1592
95 1144 640 812
95 1145 680 916
95 1146 1144 1624
95 1147 1216 1832
95 1148 564 764
95 1149 604 860
95 1150 1012 1528
95 1151 1080 1720
95 1152 309 377
95 1153 363 461
95 1154 560 754
95 1155 656 922
95 1156 286 374
95 1157 310 420
95 1158 516 748
95 1159 560 840
95 1160 343 435
95 1161 349 463
95 1162 620 870
95 1163 632 926
95 1164 324 436
95 1165 346 484
95 1166 584 872
95 1167 624 968
95 1168 332 436
95 1169 356 486
95 1170 600 872
95 1171 644 972
95 1172 236 328
95 1173 267 389
95 1174 428 656
95 1175 484 778
95 1176 359 489
95 1177 352 496
95 1178 648 978
95 1179 636 992
95 1180 270 388
95 1181 282 422
95 1182 488 776
95 1183 512 844
95 1184 363 461
95 1185 337 449
95 1186 656 922
95 1187 612 898
95 1188 310 420
95 1189 301 429
95 1190 560 840
95 1191 544 858
95 1192 349 463
95 1193 367 503
95 1194 632 926
95 1195 664 1006
95 1196 346 484
95 1197 361 529
95 1198 624 968
95 1199 652 1058
95 1200 356 486
95 1201 416 596
95 1202 644 972
95 1203 752 1192
95 1204 267 389
95 1205 282 428
95 1206 484 778
95 1207 512 856
95 1208 352 496
95 1209 407 601
95 1210 636 992
95 1211 736 1202
95 1212 282 422
95 1213 320 500
95 1214 512 844
95 1215 580 1000
95 1216 298 374
95 1217 345 453
95 1218 540 748
95 1219 624 906
95 1220 291 387
95 1221 308 424
95 1222 524 774
95 1223 556 848
95 1224 336 436
95 1225 331 451
95 1226 608 872
95 1227 600 902
95 1228 315 435
95 1229 330 470
95 1230 568 870
95 1231 596 940
95 1232 337 449
95 1233 336 468
95 1234 608 898
95 1235 608 936
95 1236 250 350
95 1237 274 402
95 1238 452 700
95 1239 496 804
95 1240 390 540
95 1241 354 508
95 1242 704 1080
95 1243 640 1016
95 1244 306 444
95 1245 311 469
95 1246 552 888
95 1247 564 938
95 1248 345 453
95 1249 366 498
95 1250 624 906
95 1251 664 996
95 1252 308 424
95 1253 328 476
95 1254 556 848
95 1255 592 952
95 1256 331 451
95 1257 320 452
95 1258 600 902
95 1259 580 904
95 1260 330 470
95 1261 330 494
95 1262 596 940
95 1263 596 988
95 1264 336 468
95 1265 411 599
95 1266 608 936
95 1267 744 1198
95 1268 274 402
95 1269 318 488
95 1270 496 804
95 1271 576 976
95 1272 354 508
95 1273 376 566
95 1274 640 1016
95 1275 680 1132
95 1276 311 469
95 1277 334 526
95 1278 564 938
95 1279 604 1052
95 1280 1004 1160
95 1281 1172 1424
95 1282 1777 2322
95 1283 2065 2850
95 1284 920 1160
95 1285 1000 1320
95 1286 1617 2322
95 1287 1760 2640
95 1288 1108 1344
95 1289 1132 1456
95 1290 1953 2690
95 1291 2001 2914
95 1292 1040 1360
95 1293 1112 1528
95 1294 1824 2720
95 1295 1953 3058
95 1296 1072 1360
95 1297 1152 1536
95 1298 1889 2722
95 1299 2032 3072
95 1300 768 1048
95 1301 868 1256
95 1302 1361 2098
95 1303 1537 2514
95 1304 1156 1536
95 1305 1136 1576
95 1306 2032 3072
95 1307 2001 3154
95 1308 872 1240
95 1309 920 1376
95 1310 1537 2482
95 1311 1633 2754
95 1312 1172 1424
95 1313 1100 1424
95 1314 2065 2850
95 1315 1953 2850
95 1316 1000 1320
95 1317 972 1368
95 1318 1760 2640
95 1319 1713 2738
95 1320 1132 1456
95 1321 1188 1592
95 1322 2001 2914
95 1323 2097 3186
95 1324 1112 1528
95 1325 1164 1696
95 1326 1953 3058
95 1327 2048 3392
95 1328 1152 1536
95 1329 1344 1904
95 1330 2032 3072
95 1331 2369 3810
95 1332 868 1256
95 1333 920 1400
95 1334 1537 2514
95 1335 1633 2802
95 1336 1136 1576
95 1337 1316 1936
95 1338 2001 3154
95 1339 2320 3872
95 1340 920 1376
95 1341 1040 1640
95 1342 1633 2754
95 1343 1841 3282
95 1344 968 1160
95 1345 1116 1416
95 1346 1713 2322
95 1347 1969 2834
95 1348 932 1200
95 1349 992 1336
95 1350 1633 2402
95 1351 1744 2672
95 1352 1088 1360
95 1353 1076 1432
95 1354 1921 2722
95 1355 1905 2866
95 1356 1012 1368
95 1357 1064 1496
95 1358 1776 2736
95 1359 1873 2994
95 1360 1084 1400
95 1361 1088 1488
95 1362 1905 2802
95 1363 1920 2976
95 1364 808 1112
95 1365 888 1296
95 1366 1425 2226
95 1367 1569 2594
95 1368 1256 1704
95 1369 1144 1624
95 1370 2208 3408
95 1371 2017 3250
95 1372 984 1416
95 1373 1012 1528
95 1374 1729 2834
95 1375 1793 3058
95 1376 1116 1416
95 1377 1192 1584
95 1378 1969 2834
95 1379 2113 3170
95 1380 992 1336
95 1381 1056 1520
95 1382 1744 2672
95 1383 1857 3042
95 1384 1076 1432
95 1385 1040 1448
95 1386 1905 2866
95 1387 1841 2898
95 1388 1064 1496
95 1389 1064 1592
95 1390 1873 2994
95 1391 1872 3184
95 1392 1088 1488
95 1393 1332 1928
95 1394 1920 2976
95 1395 2353 3858
95 1396 888 1296
95 1397 1032 1592
95 1398 1569 2594
95 1399 1825 3186
95 1400 1144 1624
95 1401 1216 1832
95 1402 2017 3250
95 1403 2144 3664
95 1404 1012 1528
95 1405 1080 1720
95 1406 1793 3058
95 1407 1905 3442
95 1408 560 754
95 1409 656 922
95 1410 1004 1508
95 1411 1172 1844
95 1412 516 748
95 1413 560 840
95 1414 920 1496
95 1415 1000 1680
95 1416 620 870
95 1417 632 926
95 1418 1108 1740
95 1419 1132 1852
95 1420 584 872
95 1421 624 968
95 1422 1040 1744
95 1423 1112 1936
95 1424 600 872
95 1425 644 972
95 1426 1072 1744
95 1427 1152 1944
95 1428 428 656
95 1429 484 778
95 1430 768 1312
95 1431 868 1556
95 1432 648 978
95 1433 636 992
95 1434 1156 1956
95 1435 1136 1984
95 1436 488 776
95 1437 512 844
95 1438 872 1552
95 1439 920 1688
95 1440 656 922
95 1441 612 898
95 1442 1172 1844
95 1443 1100 1796
95 1444 560 840
95 1445 544 858
95 1446 1000 1680
95 1447 972 1716
95 1448 632 926
95 1449 664 1006
95 1450 1132 1852
95 1451 1188 2012
95 1452 624 968
95 1453 652 1058
95 1454 1112 1936
95 1455 1164 2116
95 1456 644 972
95 1457 752 1192
95 1458 1152 1944
95 1459 1344 2384
95 1460 484 778
95 1461 512 856
95 1462 868 1556
95 1463 920 1712
95 1464 636 992
95 1465 736 1202
95 1466 1136 1984
95 1467 1316 2404
95 1468 512 844
95 1469 580 1000
95 1470 920 1688
95 1471 1040 2000
95 1472 540 748
95 1473 624 906
95 1474 968 1496
95 1475 1116 1812
95 1476 524 774
95 1477 556 848
95 1478 932 1548
95 1479 992 1696
95 1480 608 872
95 1481 600 902
95 1482 1088 1744
95 1483 1076 1804
95 1484 568 870
95 1485 596 940
95 1486 1012 1740
95 1487 1064 1880
95 1488 608 898
95 1489 608 936
95 1490 1084 1796
95 1491 1088 1872
95 1492 452 700
95 1493 496 804
95 1494 808 1400
95 1495 888 1608
95 1496 704 1080
95 1497 640 1016
95 1498 1256 2160
95 1499 1144 2032
95 1500 552 888
95 1501 564 938
95 1502 984 1776
95 1503 1012 1876
95 1504 624 906
95 1505 664 996
95 1506 1116 1812
95 1507 1192 1992
95 1508 556 848
95 1509 592 952
95 1510 992 1696
95 1511 1056 1904
95 1512 600 902
95 1513 580 904
95 1514 1076 1804
95 1515 1040 1808
95 1516 596 940
95 1517 596 988
95 1518 1064 1880
95 1519 1064 1976
95 1520 608 936
95 1521 744 1198
95 1522 1088 1872
95 1523 1332 2396
95 1524 496 804
95 1525 576 976
95 1526 888 1608
95 1527 1032 1952
95 1528 640 1016
95 1529 680 1132
95 1530 1144 2032
95 1531 1216 2264
95 1532 564 938
95 1533 604 1052
95 1534 1012 1876
95 1535 1080 2104
95 1536 880 1008
95 1537 984 1192
95 1538 1572 2016
95 1539 1756 2384
95 1540 820 1008
95 1541 808 1048
95 1542 1456 2016
95 1543 1444 2096
95 1544 880 1064
95 1545 1024 1296
95 1546 1572 2128
95 1547 1820 2592
95 1548 792 1032
95 1549 828 1136
95 1550 1412 2064
95 1551 1480 2272
95 1552 884 1112
95 1553 872 1168
95 1554 1576 2224
95 1555 1564 2336
95 1556 660 880
95 1557 680 968
95 1558 1180 1760
95 1559 1220 1936
95 1560 868 1128
95 1561 876 1208
95 1562 1548 2256
95 1563 1568 2416
95 1564 660 912
95 1565 684 1008
95 1566 1180 1824
95 1567 1228 2016
95 1568 984 1192
95 1569 912 1176
95 1570 1756 2384
95 1571 1636 2352
95 1572 808 1048
95 1573 872 1192
95 1574 1444 2096
95 1575 1552 2384
95 1576 1024 1296
95 1577 1000 1336
95 1578 1820 2592
95 1579 1788 2672
95 1580 828 1136
95 1581 916 1312
95 1582 1480 2272
95 1583 1636 2624
95 1584 872 1168
95 1585 964 1376
95 1586 1564 2336
95 1587 1728 2752
95 1588 680 968
95 1589 748 1120
95 1590 1220 1936
95 1591 1340 2240
95 1592 876 1208
95 1593 980 1432
95 1594 1568 2416
95 1595 1756 2864
95 1596 684 1008
95 1597 788 1216
95 1598 1228 2016
95 1599 1412 2432
95 1600 844 1008
95 1601 992 1248
95 1602 1508 2016
95 1603 1764 2496
95 1604 768 984
95 1605 776 1040
95 1606 1368 1968
95 1607 1388 2080
95 1608 860 1080
95 1609 952 1256
95 1610 1540 2160
95 1611 1700 2512
95 1612 836 1120
95 1613 828 1160
95 1614 1484 2240
95 1615 1480 2320
95 1616 832 1088
95 1617 832 1144
95 1618 1488 2176
95 1619 1492 2288
95 1620 684 928
95 1621 700 1008
95 1622 1220 1856
95 1623 1252 2016
95 1624 896 1216
95 1625 884 1248
95 1626 1604 2432
95 1627 1584 2496
95 1628 756 1072
95 1629 776 1160
95 1630 1348 2144
95 1631 1388 2320
95 1632 992 1248
95 1633 1004 1336
95 1634 1764 2496
95 1635 1796 2672
95 1636 776 1040
95 1637 892 1264
95 1638 1388 2080
95 1639 1592 2528
95 1640 952 1256
95 1641 900 1240
95 1642 1700 2512
95 1643 1612 2480
95 1644 828 1160
95 1645 888 1304
95 1646 1480 2320
95 1647 1580 2608
95 1648 832 1144
95 1649 1016 1480
95 1650 1492 2288
95 1651 1816 2960
95 1652 700 1008
95 1653 844 1296
95 1654 1252 2016
95 1655 1508 2592
95 1656 884 1248
95 1657 952 1424
95 1658 1584 2496
95 1659 1700 2848
95 1660 776 1160
95 1661 812 1280
95 1662 1388 2320
95 1663 1452 2560
95 1664 487 645
95 1665 545 755
95 1666 880 1290
95 1667 984 1510
95 1668 456 642
95 1669 447 653
95 1670 820 1284
95 1671 808 1306
95 1672 487 673
95 1673 569 819
95 1674 880 1346
95 1675 1024 1638
95 1676 439 645
95 1677 458 700
95 1678 792 1290
95 1679 828 1400
95 1680 490 700
95 1681 481 719
95 1682 884 1400
95 1683 872 1438
95 1684 365 545
95 1685 375 589
95 1686 660 1090
95 1687 680 1178
95 1688 481 705
95 1689 484 742
95 1690 868 1410
95 1691 876 1484
95 1692 365 561
95 1693 377 609
95 1694 660 1122
95 1695 684 1218
95 1696 545 755
95 1697 503 729
95 1698 984 1510
95 1699 912 1458
95 1700 447 653
95 1701 484 740
95 1702 808 1306
95 1703 872 1480
95 1704 569 819
95 1705 553 827
95 1706 1024 1638
95 1707 1000 1654
95 1708 458 700
95 1709 507 803
95 1710 828 1400
95 1711 916 1606
95 1712 481 719
95 1713 532 838
95 1714 872 1438
95 1715 964 1676
95 1716 375 589
95 1717 413 677
95 1718 680 1178
95 1719 748 1354
95 1720 484 742
95 1721 541 869
95 1722 876 1484
95 1723 980 1738
95 1724 377 609
95 1725 435 731
95 1726 684 1218
95 1727 788 1462
95 1728 467 639
95 1729 551 789
95 1730 844 1278
95 1731 992 1578
95 1732 426 618
95 1733 429 643
95 1734 768 1236
95 1735 776 1286
95 1736 475 675
95 1737 527 781
95 1738 860 1350
95 1739 952 1562
95 1740 465 701
95 1741 458 712
95 1742 836 1402
95 1743 828 1424
95 1744 460 676
95 1745 459 701
95 1746 832 1352
95 1747 832 1402
95 1748 379 575
95 1749 387 615
95 1750 684 1150
95 1751 700 1230
95 1752 495 749
95 1753 488 762
95 1754 896 1498
95 1755 884 1524
95 1756 419 659
95 1757 429 703
95 1758 756 1318
95 1759 776 1406
95 1760 551 789
95 1761 555 827
95 1762 992 1578
95 1763 1004 1654
95 1764 429 643
95 1765 494 776
95 1766 776 1286
95 1767 892 1552
95 1768 527 781
95 1769 497 761
95 1770 952 1562
95 1771 900 1522
95 1772 458 712
95 1773 493 799
95 1774 828 1424
95 1775 888 1598
95 1776 459 701
95 1777 562 902
95 1778 832 1402
95 1779 1016 1804
95 1780 387 615
95 1781 467 783
95 1782 700 1230
95 1783 844 1566
95 1784 488 762
95 1785 527 865
95 1786 884 1524
95 1787 952 1730
95 1788 429 703
95 1789 449 769
95 1790 776 1406
95 1791 812 1538
95 1792 1572 2016
95 1793 1756 2384
95 1794 2768 4032
95 1795 3088 4768
95 1796 1456 2016
95 1797 1444 2096
95 1798 2545 4034
95 1799 2544 4192
95 1800 1572 2128
95 1801 1820 2592
95 1802 2768 4256
95 1803 3185 5186
95 1804 1412 2064
95 1805 1480 2272
95 1806 2480 4128
95 1807 2608 4544
95 1808 1576 2224
95 1809 1564 2336
95 1810 2769 4450
95 1811 2768 4672
95 1812 1180 1760
95 1813 1220 1936
95 1814 2081 3522
95 1815 2161 3874
95 1816 1548 2256
95 1817 1568 2416
95 1818 2721 4514
95 1819 2768 4832
95 1820 1180 1824
95 1821 1228 2016
95 1822 2081 3650
95 1823 2177 4034
95 1824 1756 2384
95 1825 1636 2352
95 1826 3088 4768
95 1827 2896 4704
95 1828 1444 2096
95 1829 1552 2384
95 1830 2544 4192
95 1831 2721 4770
95 1832 1820 2592
95 1833 1788 2672
95 1834 3185 5186
95 1835 3152 5344
95 1836 1480 2272
95 1837 1636 2624
95 1838 2608 4544
95 1839 2880 5248
95 1840 1564 2336
95 1841 1728 2752
95 1842 2768 4672
95 1843 3056 5504
95 1844 1220 1936
95 1845 1340 2240
95 1846 2161 3874
95 1847 2369 4482
95 1848 1568 2416
95 1849 1756 2864
95 1850 2768 4832
95 1851 3104 5728
95 1852 1228 2016
95 1853 1412 2432
95 1854 2177 4034
95 1855 2497 4866
95 1856 1508 2016
95 1857 1764 2496
95 1858 2656 4032
95 1859 3089 4994
95 1860 1368 1968
95 1861 1388 2080
95 1862 2400 3936
95 1863 2448 4160
95 1864 1540 2160
95 1865 1700 2512
95 1866 2720 4320
95 1867 2992 5024
95 1868 1484 2240
95 1869 1480 2320
95 1870 2593 4482
95 1871 2608 4640
95 1872 1488 2176
95 1873 1492 2288
95 1874 2624 4352
95 1875 2640 4576
95 1876 1220 1856
95 1877 1252 2016
95 1878 2144 3712
95 1879 2209 4034
95 1880 1604 2432
95 1881 1584 2496
95 1882 2832 4864
95 1883 2800 4992
95 1884 1348 2144
95 1885 1388 2320
95 1886 2368 4288
95 1887 2449 4642
95 1888 1764 2496
95 1889 1796 2672
95 1890 3089 4994
95 1891 3168 5344
95 1892 1388 2080
95 1893 1592 2528
95 1894 2448 4160
95 1895 2800 5056
95 1896 1700 2512
95 1897 1612 2480
95 1898 2992 5024
95 1899 2848 4960
95 1900 1480 2320
95 1901 1580 2608
95 1902 2608 4640
95 1903 2769 5218
95 1904 1492 2288
95 1905 1816 2960
95 1906 2640 4576
95 1907 3201 5922
95 1908 1252 2016
95 1909 1508 2592
95 1910 2209 4034
95 1911 2656 5184
95 1912 1584 2496
95 1913 1700 2848
95 1914 2800 4992
95 1915 2993 5698
95 1916 1388 2320
95 1917 1452 2560
95 1918 2449 4642
95 1919 2560 5120
95 1920 880 1290
95 1921 984 1510
95 1922 1572 2580
95 1923 1756 3020
95 1924 820 1284
95 1925 808 1306
95 1926 1456 2568
95 1927 1444 2612
95 1928 880 1346
95 1929 1024 1638
95 1930 1572 2692
95 1931 1820 3276
95 1932 792 1290
95 1933 828 1400
95 1934 1412 2580
95 1935 1480 2800
95 1936 884 1400
95 1937 872 1438
95 1938 1576 2800
95 1939 1564 2876
95 1940 660 1090
95 1941 680 1178
95 1942 1180 2180
95 1943 1220 2356
95 1944 868 1410
95 1945 876 1484
95 1946 1548 2820
95 1947 1568 2968
95 1948 660 1122
95 1949 684 1218
95 1950 1180 2244
95 1951 1228 2436
95 1952 984 1510
95 1953 912 1458
95 1954 1756 3020
95 1955 1636 2916
95 1956 808 1306
95 1957 872 1480
95 1958 1444 2612
95 1959 1552 2960
95 1960 1024 1638
95 1961 1000 1654
95 1962 1820 3276
95 1963 1788 3308
95 1964 828 1400
95 1965 916 1606
95 1966 1480 2800
95 1967 1636 3212
95 1968 872 1438
95 1969 964 1676
95 1970 1564 2876
95 1971 1728 3352
95 1972 680 1178
95 1973 748 1354
95 1974 1220 2356
95 1975 1340 2708
95 1976 876 1484
95 1977 980 1738
95 1978 1568 2968
95 1979 1756 3476
95 1980 684 1218
95 1981 788 1462
95 1982 1228 2436
95 1983 1412 2924
95 1984 844 1278
95 1985 992 1578
95 1986 1508 2556
95 1987 1764 3156
95 1988 768 1236
95 1989 776 1286
95 1990 1368 2472
95 1991 1388 2572
95 1992 860 1350
95 1993 952 1562
95 1994 1540 2700
95 1995 1700 3124
95 1996 836 1402
95 1997 828 1424
95 1998 1484 2804
95 1999 1480 2848
95 2000 832 1352
95 2001 832 1402
95 2002 1488 2704
95 2003 1492 2804
95 2004 684 1150
95 2005 700 1230
95 2006 1220 2300
95 2007 1252 2460
95 2008 896 1498
95 2009 884 1524
95 2010 1604 2996
95 2011 1584 3048
95 2012 756 1318
95 2013 776 1406
95 2014 1348 2636
95 2015 1388 2812
95 2016 992 1578
95 2017 1004 1654
95 2018 1764 3156
95 2019 1796 3308
95 2020 776 1286
95 2021 892 1552
95 2022 1388 2572
95 2023 1592 3104
95 2024 952 1562
95 2025 900 1522
95 2026 1700 3124
95 2027 1612 3044
95 2028 828 1424
95 2029 888 1598
95 2030 1480 2848
95 2031 1580 3196
95 2032 832 1402
95 2033 1016 1804
95 2034 1492 2804
95 2035 1816 3608
95 2036 700 1230
95 2037 844 1566
95 2038 1252 2460
95 2039 1508 3132
95 2040 884 1524
95 2041 952 1730
95 2042 1584 3048
95 2043 1700 3460
95 2044 776 1406
95 2045 812 1538
95 2046 1388 2812
95 2047 1452 3076
96 0 10 10
96 1 13 15
96 2 16 20
96 3 20 30
96 4 13 15
96 5 10 14
96 6 20 30
96 7 16 28
96 8 16 20
96 9 20 30
96 10 24 40
96 11 29 62
96 12 20 30
96 13 16 28
96 14 29 62
96 15 24 56
97 0 371 371
97 1 456 482
97 2 672 742
97 3 824 964
97 4 384 406
97 5 455 515
97 6 692 812
97 7 820 1030
97 8 409 425
97 9 442 484
97 10 740 850
97 11 800 968
97 12 408 450
97 13 477 557
97 14 736 900
97 15 860 1114
97 16 466 504
97 17 533 621
97 18 840 1008
97 19 960 1242
97 20 415 475
97 21 525 657
97 22 748 950
97 23 944 1314
97 24 519 585
97 25 551 657
97 26 936 1170
97 27 992 1314
97 28 471 557
97 29 562 718
97 30 848 1114
97 31 1012 1436
97 32 425 449
97 33 439 497
97 34 768 898
97 35 796 994
97 36 399 449
97 37 421 509
97 38 720 898
97 39 760 1018
97 40 411 451
97 41 393 459
97 42 744 902
97 43 712 918
97 44 421 491
97 45 423 527
97 46 760 982
97 47 764 1054
97 48 477 555
97 49 540 670
97 50 860 1110
97 51 976 1340
97 52 435 535
97 53 483 641
97 54 784 1070
97 55 872 1282
97 56 495 591
97 57 505 643
97 58 892 1182
97 59 912 1286
97 60 472 596
97 61 499 675
97 62 852 1192
97 63 900 1350
97 64 400 414
97 65 499 543
97 66 724 828
97 67 900 1086
97 68 379 419
97 69 432 506
97 70 684 838
97 71 780 1012
97 72 434 464
97 73 485 549
97 74 784 928
97 75 876 1098
97 76 417 473
97 77 468 562
97 78 752 946
97 79 844 1124
97 80 493 557
97 81 587 707
97 82 888 1114
97 83 1056 1414
97 84 401 481
97 85 484 626
97 86 724 962
97 87 872 1252
97 88 520 604
97 89 583 717
97 90 936 1208
97 91 1048 1434
97 92 435 533
97 93 499 657
97 94 784 1066
97 95 900 1314
97 96 468 510
97 97 428 500
97 98 844 1020
97 99 776 1000
97 100 426 494
97 101 394 492
97 102 768 988
97 103 712 984
97 104 454 516
97 105 458 546
97 106 820 1032
97 107 828 1092
97 108 462 550
97 109 454 580
97 110 832 1100
97 111 820 1160
97 112 531 641
97 113 577 737
97 114 956 1282
97 115 1040 1474
97 116 462 592
97 117 447 613
97 118 832 1184
97 119 808 1226
97 120 527 651
97 121 568 744
97 122 948 1302
97 123 1024 1488
97 124 477 623
97 125 485 677
97 126 860 1246
97 127 876 1354
97 128 672 742
97 129 824 964
97 130 1204 1484
97 131 1472 1928
97 132 692 812
97 133 820 1030
97 134 1232 1624
97 135 1460 2060
97 136 740 850
97 137 800 968
97 138 1324 1700
97 139 1432 1936
97 140 736 900
97 141 860 1114
97 142 1312 1800
97 143 1532 2228
97 144 840 1008
97 145 960 1242
97 146 1496 2016
97 147 1708 2484
97 148 748 950
97 149 944 1314
97 150 1332 1900
97 151 1676 2628
97 152 936 1170
97 153 992 1314
97 154 1668 2340
97 155 1764 2628
97 156 848 1114
97 157 1012 1436
97 158 1508 2228
97 159 1800 2872
97 160 768 898
97 161 796 994
97 162 1372 1796
97 163 1428 1988
97 164 720 898
97 165 760 1018
97 166 1284 1796
97 167 1356 2036
97 168 744 902
97 169 712 918
97 170 1332 1804
97 171 1276 1836
97 172 760 982
97 173 764 1054
97 174 1356 1964
97 175 1364 2108
97 176 860 1110
97 177 976 1340
97 178 1532 2220
97 179 1744 2680
97 180 784 1070
97 181 872 1282
97 182 1396 2140
97 183 1556 2564
97 184 892 1182
97 185 912 1286
97 186 1588 2364
97 187 1628 2572
97 188 852 1192
97 189 900 1350
97 190 1520 2384
97 191 1604 2700
97 192 724 828
97 193 900 1086
97 194 1296 1656
97 195 1604 2172
97 196 684 838
97 197 780 1012
97 198 1220 1676
97 199 1392 2024
97 200 784 928
97 201 876 1098
97 202 1400 1856
97 203 1564 2196
97 204 752 946
97 205 844 1124
97 206 1340 1892
97 207 1504 2248
97 208 888 1114
97 209 1056 1414
97 210 1580 2228
97 211 1876 2828
97 212 724 962
97 213 872 1252
97 214 1292 1924
97 215 1552 2504
97 216 936 1208
97 217 1048 1434
97 218 1664 2416
97 219 1860 2868
97 220 784 1066
97 221 900 1314
97 222 1396 2132
97 223 1604 2628
97 224 844 1020
97 225 776 1000
97 226 1504 2040
97 227 1392 2000
97 228 768 988
97 229 712 984
97 230 1368 1976
97 231 1272 1968
97 232 820 1032
97 233 828 1092
97 234 1464 2064
97 235 1480 2184
97 236 832 1100
97 237 820 1160
97 238 1480 2200
97 239 1464 2320
97 240 956 1282
97 241 1040 1474
97 242 1700 2564
97 243 1852 2948
97 244 832 1184
97 245 808 1226
97 246 1480 2368
97 247 1444 2452
97 248 948 1302
97 249 1024 1488
97 250 1684 2604
97 251 1824 2976
97 252 860 1246
97 253 876 1354
97 254 1532 2492
97 255 1564 2708
97 256 577 633
97 257 651 757
97 258 1036 1266
97 259 1164 1514
97 260 581 675
97 261 655 803
97 262 1036 1350
97 263 1168 1606
97 264 645 741
97 265 599 733
97 266 1156 1482
97 267 1076 1466
97 268 607 745
97 269 617 801
97 270 1084 1490
97 271 1104 1602
97 272 607 733
97 273 609 781
97 274 1084 1466
97 275 1088 1562
97 276 473 605
97 277 559 763
97 278 848 1210
97 279 1000 1526
97 280 713 905
97 281 599 807
97 282 1272 1810
97 283 1072 1614
97 284 555 747
97 285 545 775
97 286 992 1494
97 287 980 1550
97 288 642 746
97 289 679 837
97 290 1148 1492
97 291 1220 1674
97 292 621 763
97 293 627 823
97 294 1108 1526
97 295 1120 1646
97 296 608 740
97 297 595 761
97 298 1092 1480
97 299 1068 1522
97 300 651 837
97 301 613 837
97 302 1164 1674
97 303 1096 1674
97 304 593 759
97 305 713 963
97 306 1060 1518
97 307 1276 1926
97 308 537 725
97 309 557 801
97 310 960 1450
97 311 1000 1602
97 312 615 821
97 313 639 899
97 314 1100 1642
97 315 1144 1798
97 316 605 847
97 317 567 843
97 318 1084 1694
97 319 1016 1686
97 320 615 697
97 321 648 782
97 322 1104 1394
97 323 1160 1564
97 324 583 707
97 325 616 784
97 326 1040 1414
97 327 1100 1568
97 328 639 761
97 329 652 818
97 330 1144 1522
97 331 1168 1636
97 332 633 797
97 333 688 908
97 334 1128 1594
97 335 1228 1816
97 336 641 797
97 337 615 809
97 338 1144 1594
97 339 1100 1618
97 340 473 625
97 341 523 731
97 342 848 1250
97 343 936 1462
97 344 643 837
97 345 611 833
97 346 1148 1674
97 347 1092 1666
97 348 515 707
97 349 555 801
97 350 920 1414
97 351 996 1602
97 352 657 789
97 353 609 773
97 354 1176 1578
97 355 1096 1546
97 356 650 820
97 357 589 795
97 358 1160 1640
97 359 1052 1590
97 360 643 807
97 361 697 909
97 362 1152 1614
97 363 1248 1818
97 364 654 868
97 365 679 949
97 366 1168 1736
97 367 1212 1898
97 368 617 809
97 369 679 939
97 370 1104 1618
97 371 1216 1878
97 372 559 775
97 373 517 757
97 374 1000 1550
97 375 928 1514
97 376 609 825
97 377 709 1015
97 378 1088 1650
97 379 1268 2030
97 380 537 771
97 381 567 859
97 382 964 1542
97 383 1016 1718
97 384 1036 1266
97 385 1164 1514
97 386 1837 2534
97 387 2053 3030
97 388 1036 1350
97 389 1168 1606
97 390 1821 2702
97 391 2052 3212
97 392 1156 1482
97 393 1076 1466
97 394 2045 2966
97 395 1909 2934
97 396 1084 1490
97 397 1104 1602
97 398 1908 2980
97 399 1949 3206
97 400 1084 1466
97 401 1088 1562
97 402 1909 2934
97 403 1916 3124
97 404 848 1210
97 405 1000 1526
97 406 1501 2422
97 407 1765 3054
97 408 1272 1810
97 409 1072 1614
97 410 2236 3620
97 411 1893 3230
97 412 992 1494
97 413 980 1550
97 414 1749 2990
97 415 1741 3102
97 416 1148 1492
97 417 1220 1674
97 418 2025 2986
97 419 2165 3350
97 420 1108 1526
97 421 1120 1646
97 422 1948 3052
97 423 1973 3294
97 424 1092 1480
97 425 1068 1522
97 426 1937 2962
97 427 1893 3046
97 428 1164 1674
97 429 1096 1674
97 430 2053 3350
97 431 1932 3348
97 432 1060 1518
97 433 1276 1926
97 434 1868 3036
97 435 2253 3854
97 436 960 1450
97 437 1000 1602
97 438 1693 2902
97 439 1773 3206
97 440 1100 1642
97 441 1144 1798
97 442 1941 3286
97 443 2020 3596
97 444 1084 1694
97 445 1016 1686
97 446 1917 3390
97 447 1797 3374
97 448 1104 1394
97 449 1160 1564
97 450 1957 2790
97 451 2049 3130
97 452 1040 1414
97 453 1100 1568
97 454 1829 2830
97 455 1936 3136
97 456 1144 1522
97 457 1168 1636
97 458 2021 3046
97 459 2065 3274
97 460 1128 1594
97 461 1228 1816
97 462 1980 3188
97 463 2161 3634
97 464 1144 1594
97 465 1100 1618
97 466 2013 3190
97 467 1940 3236
97 468 848 1250
97 469 936 1462
97 470 1501 2502
97 471 1653 2926
97 472 1148 1674
97 473 1092 1666
97 474 2020 3348
97 475 1925 3334
97 476 920 1414
97 477 996 1602
97 478 1621 2830
97 479 1765 3206
97 480 1176 1578
97 481 1096 1546
97 482 2077 3158
97 483 1949 3094
97 484 1160 1640
97 485 1052 1590
97 486 2040 3280
97 487 1853 3182
97 488 1152 1614
97 489 1248 1818
97 490 2037 3230
97 491 2205 3638
97 492 1168 1736
97 493 1212 1898
97 494 2057 3474
97 495 2132 3796
97 496 1104 1618
97 497 1216 1878
97 498 1948 3236
97 499 2149 3758
97 500 1000 1550
97 501 928 1514
97 502 1765 3102
97 503 1645 3030
97 504 1088 1650
97 505 1268 2030
97 506 1917 3302
97 507 2236 4060
97 508 964 1542
97 509 1016 1718
97 510 1709 3086
97 511 1797 3438
97 512 599 655
97 513 751 869
97 514 1080 1310
97 515 1348 1738
97 516 594 688
97 517 693 863
97 518 1068 1376
97 519 1244 1726
97 520 607 691
97 521 727 869
97 522 1096 1382
97 523 1308 1738
97 524 633 761
97 525 722 926
97 526 1136 1522
97 527 1296 1852
97 528 692 830
97 529 811 1049
97 530 1244 1660
97 531 1452 2098
97 532 675 847
97 533 835 1155
97 534 1208 1694
97 535 1488 2310
97 536 727 897
97 537 840 1104
97 538 1308 1794
97 539 1504 2208
97 540 715 923
97 541 877 1235
97 542 1280 1846
97 543 1564 2470
97 544 695 803
97 545 687 855
97 546 1248 1606
97 547 1240 1710
97 548 593 731
97 549 662 874
97 550 1068 1462
97 551 1192 1748
97 552 671 803
97 553 629 801
97 554 1208 1606
97 555 1136 1602
97 556 622 794
97 557 661 895
97 558 1120 1588
97 559 1188 1790
97 560 711 917
97 561 794 1092
97 562 1276 1834
97 563 1428 2184
97 564 675 911
97 565 763 1119
97 566 1208 1822
97 567 1368 2238
97 568 740 972
97 569 759 1061
97 570 1328 1944
97 571 1364 2122
97 572 717 991
97 573 745 1109
97 574 1284 1982
97 575 1336 2218
97 576 651 741
97 577 789 953
97 578 1172 1482
97 579 1416 1906
97 580 624 752
97 581 667 859
97 582 1120 1504
97 583 1200 1718
97 584 651 769
97 585 813 1009
97 586 1172 1538
97 587 1456 2018
97 588 607 761
97 589 678 904
97 590 1092 1522
97 591 1220 1808
97 592 778 974
97 593 893 1207
97 594 1392 1948
97 595 1596 2414
97 596 661 869
97 597 763 1093
97 598 1184 1738
97 599 1364 2186
97 600 769 981
97 601 896 1228
97 602 1376 1962
97 603 1600 2456
97 604 661 885
97 605 765 1113
97 606 1184 1770
97 607 1368 2226
97 608 733 887
97 609 667 861
97 610 1316 1774
97 611 1204 1722
97 612 655 835
97 613 652 886
97 614 1176 1670
97 615 1172 1772
97 616 757 943
97 617 717 947
97 618 1356 1886
97 619 1292 1894
97 620 666 880
97 621 675 947
97 622 1196 1760
97 623 1216 1894
97 624 793 1075
97 625 820 1180
97 626 1420 2150
97 627 1472 2360
97 628 723 1025
97 629 709 1073
97 630 1292 2050
97 631 1272 2146
97 632 796 1096
97 633 829 1209
97 634 1424 2192
97 635 1488 2418
97 636 725 1045
97 637 731 1123
97 638 1296 2090
97 639 1312 2246
97 640 1080 1310
97 641 1348 1738
97 642 1925 2622
97 643 2389 3478
97 644 1068 1376
97 645 1244 1726
97 646 1897 2754
97 647 2205 3454
97 648 1096 1382
97 649 1308 1738
97 650 1957 2766
97 651 2325 3478
97 652 1136 1522
97 653 1296 1852
97 654 2013 3046
97 655 2297 3706
97 656 1244 1660
97 657 1452 2098
97 658 2209 3322
97 659 2565 4198
97 660 1208 1694
97 661 1488 2310
97 662 2133 3390
97 663 2612 4620
97 664 1308 1794
97 665 1504 2208
97 666 2325 3590
97 667 2657 4418
97 668 1280 1846
97 669 1564 2470
97 670 2261 3694
97 671 2748 4940
97 672 1248 1606
97 673 1240 1710
97 674 2213 3214
97 675 2213 3422
97 676 1068 1462
97 677 1192 1748
97 678 1901 2926
97 679 2121 3498
97 680 1208 1606
97 681 1136 1602
97 682 2149 3214
97 683 2029 3206
97 684 1120 1588
97 685 1188 1790
97 686 1993 3178
97 687 2109 3582
97 688 1276 1834
97 689 1428 2184
97 690 2261 3670
97 691 2537 4370
97 692 1208 1822
97 693 1368 2238
97 694 2133 3646
97 695 2421 4478
97 696 1328 1944
97 697 1364 2122
97 698 2353 3890
97 699 2421 4246
97 700 1284 1982
97 701 1336 2218
97 702 2269 3966
97 703 2365 4438
97 704 1172 1482
97 705 1416 1906
97 706 2085 2966
97 707 2509 3814
97 708 1120 1504
97 709 1200 1718
97 710 1985 3010
97 711 2133 3438
97 712 1172 1538
97 713 1456 2018
97 714 2085 3078
97 715 2573 4038
97 716 1092 1522
97 717 1220 1808
97 718 1941 3046
97 719 2169 3618
97 720 1392 1948
97 721 1596 2414
97 722 2457 3898
97 723 2812 4828
97 724 1184 1738
97 725 1364 2186
97 726 2093 3478
97 727 2405 4374
97 728 1376 1962
97 729 1600 2456
97 730 2429 3926
97 731 2816 4912
97 732 1184 1770
97 733 1368 2226
97 734 2093 3542
97 735 2413 4454
97 736 1316 1774
97 737 1204 1722
97 738 2333 3550
97 739 2149 3446
97 740 1176 1670
97 741 1172 1772
97 742 2085 3342
97 743 2081 3546
97 744 1356 1886
97 745 1292 1894
97 746 2397 3774
97 747 2301 3790
97 748 1196 1760
97 749 1216 1894
97 750 2121 3522
97 751 2165 3790
97 752 1420 2150
97 753 1472 2360
97 754 2508 4300
97 755 2609 4722
97 756 1292 2050
97 757 1272 2146
97 758 2276 4100
97 759 2253 4294
97 760 1424 2192
97 761 1488 2418
97 762 2512 4384
97 763 2637 4838
97 764 1296 2090
97 765 1312 2246
97 766 2284 4180
97 767 2325 4494
97 768 918 1098
97 769 1034 1318
97 770 1640 2196
97 771 1840 2636
97 772 864 1094
97 773 914 1230
97 774 1540 2188
97 775 1632 2460
97 776 934 1170
97 777 958 1274
97 778 1672 2340
97 779 1712 2548
97 780 922 1226
97 781 902 1264
97 782 1640 2452
97 783 1612 2528
97 784 824 1102
97 785 822 1162
97 786 1476 2204
97 787 1472 2324
97 788 702 974
97 789 764 1136
97 790 1256 1948
97 791 1368 2272
97 792 898 1250
97 793 818 1196
97 794 1608 2500
97 795 1468 2392
97 796 770 1118
97 797 772 1184
97 798 1376 2236
97 799 1384 2368
97 800 1018 1296
97 801 1038 1402
97 802 1812 2592
97 803 1856 2804
97 804 892 1192
97 805 948 1346
97 806 1592 2384
97 807 1692 2692
97 808 974 1288
97 809 934 1294
97 810 1740 2576
97 811 1672 2588
97 812 934 1304
97 813 934 1374
97 814 1668 2608
97 815 1664 2748
97 816 804 1132
97 817 968 1442
97 818 1440 2264
97 819 1732 2884
97 820 766 1126
97 821 818 1282
97 822 1368 2252
97 823 1464 2564
97 824 846 1228
97 825 894 1366
97 826 1516 2456
97 827 1600 2732
97 828 842 1286
97 829 782 1254
97 830 1504 2572
97 831 1400 2508
97 832 958 1198
97 833 988 1310
97 834 1712 2396
97 835 1764 2620
97 836 920 1222
97 837 908 1262
97 838 1636 2444
97 839 1620 2524
97 840 950 1238
97 841 1054 1456
97 842 1696 2476
97 843 1876 2912
97 844 894 1238
97 845 950 1382
97 846 1592 2476
97 847 1696 2764
97 848 888 1238
97 849 820 1196
97 850 1588 2476
97 851 1472 2392
97 852 706 1022
97 853 732 1120
97 854 1264 2044
97 855 1312 2240
97 856 854 1222
97 857 832 1250
97 858 1528 2444
97 859 1492 2500
97 860 702 1046
97 861 754 1190
97 862 1256 2092
97 863 1352 2380
97 864 1004 1324
97 865 942 1310
97 866 1792 2648
97 867 1688 2620
97 868 930 1292
97 869 932 1370
97 870 1660 2584
97 871 1660 2740
97 872 1038 1434
97 873 1038 1498
97 874 1848 2868
97 875 1856 2996
97 876 918 1334
97 877 978 1490
97 878 1640 2668
97 879 1744 2980
97 880 834 1210
97 881 904 1386
97 882 1496 2420
97 883 1620 2772
97 884 774 1178
97 885 750 1202
97 886 1384 2356
97 887 1344 2404
97 888 828 1238
97 889 938 1474
97 890 1484 2476
97 891 1680 2948
97 892 756 1180
97 893 786 1294
97 894 1352 2360
97 895 1408 2588
97 896 1640 2196
97 897 1840 2636
97 898 2889 4394
97 899 3224 5272
97 900 1540 2188
97 901 1632 2460
97 902 2705 4378
97 903 2873 4922
97 904 1672 2340
97 905 1712 2548
97 906 2953 4682
97 907 3017 5098
97 908 1640 2452
97 909 1612 2528
97 910 2872 4904
97 911 2841 5058
97 912 1476 2204
97 913 1472 2324
97 914 2609 4410
97 915 2601 4650
97 916 1256 1948
97 917 1368 2272
97 918 2217 3898
97 919 2417 4546
97 920 1608 2500
97 921 1468 2392
97 922 2841 5002
97 923 2601 4786
97 924 1376 2236
97 925 1384 2368
97 926 2425 4474
97 927 2449 4738
97 928 1812 2592
97 929 1856 2804
97 930 3176 5184
97 931 3273 5610
97 932 1592 2384
97 933 1692 2692
97 934 2801 4770
97 935 2977 5386
97 936 1740 2576
97 937 1672 2588
97 938 3065 5154
97 939 2953 5178
97 940 1668 2608
97 941 1664 2748
97 942 2937 5218
97 943 2920 5496
97 944 1440 2264
97 945 1732 2884
97 946 2545 4530
97 947 3056 5768
97 948 1368 2252
97 949 1464 2564
97 950 2408 4504
97 951 2585 5130
97 952 1516 2456
97 953 1600 2732
97 954 2681 4914
97 955 2824 5464
97 956 1504 2572
97 957 1400 2508
97 958 2648 5144
97 959 2473 5018
97 960 1712 2396
97 961 1764 2620
97 962 3017 4794
97 963 3105 5242
97 964 1636 2444
97 965 1620 2524
97 966 2864 4888
97 967 2849 5050
97 968 1696 2476
97 969 1876 2912
97 970 2985 4954
97 971 3288 5824
97 972 1592 2476
97 973 1696 2764
97 974 2793 4954
97 975 2985 5530
97 976 1588 2476
97 977 1472 2392
97 978 2800 4952
97 979 2608 4784
97 980 1264 2044
97 981 1312 2240
97 982 2232 4088
97 983 2320 4480
97 984 1528 2444
97 985 1492 2500
97 986 2696 4888
97 987 2640 5000
97 988 1256 2092
97 989 1352 2380
97 990 2216 4184
97 991 2392 4760
97 992 1792 2648
97 993 1688 2620
97 994 3153 5298
97 995 2985 5242
97 996 1660 2584
97 997 1660 2740
97 998 2921 5170
97 999 2912 5480
97 1000 1848 2868
97 1001 1856 2996
97 1002 3240 5736
97 1003 3273 5994
97 1004 1640 2668
97 1005 1744 2980
97 1006 2889 5338
97 1007 3065 5962
97 1008 1496 2420
97 1009 1620 2772
97 1010 2648 4840
97 1011 2865 5546
97 1012 1384 2356
97 1013 1344 2404
97 1014 2441 4714
97 1015 2376 4808
97 1016 1484 2476
97 1017 1680 2948
97 1018 2624 4952
97 1019 2969 5898
97 1020 1352 2360
97 1021 1408 2588
97 1022 2385 4722
97 1023 2488 5176
97 1024 400 414
97 1025 499 543
97 1026 724 828
97 1027 900 1086
97 1028 379 419
97 1029 432 506
97 1030 684 838
97 1031 780 1012
97 1032 434 464
97 1033 485 549
97 1034 784 928
97 1035 876 1098
97 1036 417 473
97 1037 468 562
97 1038 752 946
97 1039 844 1124
97 1040 493 557
97 1041 587 707
97 1042 888 1114
97 1043 1056 1414
97 1044 401 481
97 1045 484 626
97 1046 724 962
97 1047 872 1252
97 1048 520 604
97 1049 583 717
97 1050 936 1208
97 1051 1048 1434
97 1052 435 533
97 1053 499 657
97 1054 784 1066
97 1055 900 1314
97 1056 468 510
97 1057 428 500
97 1058 844 1020
97 1059 776 1000
97 1060 426 494
97 1061 394 492
97 1062 768 988
97 1063 712 984
97 1064 454 516
97 1065 458 546
97 1066 820 1032
97 1067 828 1092
97 1068 462 550
97 1069 454 580
97 1070 832 1100
97 1071 820 1160
97 1072 531 641
97 1073 577 737
97 1074 956 1282
97 1075 1040 1474
97 1076 462 592
97 1077 447 613
97 1078 832 1184
97 1079 808 1226
97 1080 527 651
97 1081 568 744
97 1082 948 1302
97 1083 1024 1488
97 1084 477 623
97 1085 485 677
97 1086 860 1246
97 1087 876 1354
97 1088 371 399
97 1089 456 518
97 1090 672 798
97 1091 824 1036
97 1092 384 434
97 1093 455 543
97 1094 692 868
97 1095 820 1086
97 1096 409 453
97 1097 442 520
97 1098 740 906
97 1099 800 1040
97 1100 408 478
97 1101 477 585
97 1102 736 956
97 1103 860 1170
97 1104 466 540
97 1105 533 661
97 1106 840 1080
97 1107 960 1322
97 1108 415 507
97 1109 525 693
97 1110 748 1014
97 1111 944 1386
97 1112 519 621
97 1113 551 697
97 1114 936 1242
97 1115 992 1394
97 1116 471 589
97 1117 562 754
97 1118 848 1178
97 1119 1012 1508
97 1120 425 485
97 1121 439 525
97 1122 768 970
97 1123 796 1050
97 1124 399 477
97 1125 421 537
97 1126 720 954
97 1127 760 1074
97 1128 411 487
97 1129 393 487
97 1130 744 974
97 1131 712 974
97 1132 421 519
97 1133 423 555
97 1134 760 1038
97 1135 764 1110
97 1136 477 595
97 1137 540 706
97 1138 860 1190
97 1139 976 1412
97 1140 435 571
97 1141 483 673
97 1142 784 1142
97 1143 872 1346
97 1144 495 631
97 1145 505 679
97 1146 892 1262
97 1147 912 1358
97 1148 472 632
97 1149 499 707
97 1150 852 1264
97 1151 900 1414
97 1152 724 828
97 1153 900 1086
97 1154 1296 1656
97 1155 1604 2172
97 1156 684 838
97 1157 780 1012
97 1158 1220 1676
97 1159 1392 2024
97 1160 784 928
97 1161 876 1098
97 1162 1400 1856
97 1163 1564 2196
97 1164 752 946
97 1165 844 1124
97 1166 1340 1892
97 1167 1504 2248
97 1168 888 1114
97 1169 1056 1414
97 1170 1580 2228
97 1171 1876 2828
97 1172 724 962
97 1173 872 1252
97 1174 1292 1924
97 1175 1552 2504
97 1176 936 1208
97 1177 1048 1434
97 1178 1664 2416
97 1179 1860 2868
97 1180 784 1066
97 1181 900 1314
97 1182 1396 2132
97 1183 1604 2628
97 1184 844 1020
97 1185 776 1000
97 1186 1504 2040
97 1187 1392 2000
97 1188 768 988
97 1189 712 984
97 1190 1368 1976
97 1191 1272 1968
97 1192 820 1032
97 1193 828 1092
97 1194 1464 2064
97 1195 1480 2184
97 1196 832 1100
97 1197 820 1160
97 1198 1480 2200
97 1199 1464 2320
97 1200 956 1282
97 1201 1040 1474
97 1202 1700 2564
97 1203 1852 2948
97 1204 832 1184
97 1205 808 1226
97 1206 1480 2368
97 1207 1444 2452
97 1208 948 1302
97 1209 1024 1488
97 1210 1684 2604
97 1211 1824 2976
97 1212 860 1246
97 1213 876 1354
97 1214 1532 2492
97 1215 1564 2708
97 1216 672 798
97 1217 824 1036
97 1218 1204 1596
97 1219 1472 2072
97 1220 692 868
97 1221 820 1086
97 1222 1232 1736
97 1223 1460 2172
97 1224 740 906
97 1225 800 1040
97 1226 1324 1812
97 1227 1432 2080
97 1228 736 956
97 1229 860 1170
97 1230 1312 1912
97 1231 1532 2340
97 1232 840 1080
97 1233 960 1322
97 1234 1496 2160
97 1235 1708 2644
97 1236 748 1014
97 1237 944 1386
97 1238 1332 2028
97 1239 1676 2772
97 1240 936 1242
97 1241 992 1394
97 1242 1668 2484
97 1243 1764 2788
97 1244 848 1178
97 1245 1012 1508
97 1246 1508 2356
97 1247 1800 3016
97 1248 768 970
97 1249 796 1050
97 1250 1372 1940
97 1251 1428 2100
97 1252 720 954
97 1253 760 1074
97 1254 1284 1908
97 1255 1356 2148
97 1256 744 974
97 1257 712 974
97 1258 1332 1948
97 1259 1276 1948
97 1260 760 1038
97 1261 764 1110
97 1262 1356 2076
97 1263 1364 2220
97 1264 860 1190
97 1265 976 1412
97 1266 1532 2380
97 1267 1744 2824
97 1268 784 1142
97 1269 872 1346
97 1270 1396 2284
97 1271 1556 2692
97 1272 892 1262
97 1273 912 1358
97 1274 1588 2524
97 1275 1628 2716
97 1276 852 1264
97 1277 900 1414
97 1278 1520 2528
97 1279 1604 2828
97 1280 615 697
97 1281 648 782
97 1282 1104 1394
97 1283 1160 1564
97 1284 583 707
97 1285 616 784
97 1286 1040 1414
97 1287 1100 1568
97 1288 639 761
97 1289 652 818
97 1290 1144 1522
97 1291 1168 1636
97 1292 633 797
97 1293 688 908
97 1294 1128 1594
97 1295 1228 1816
97 1296 641 797
97 1297 615 809
97 1298 1144 1594
97 1299 1100 1618
97 1300 473 625
97 1301 523 731
97 1302 848 1250
97 1303 936 1462
97 1304 643 837
97 1305 611 833
97 1306 1148 1674
97 1307 1092 1666
97 1308 515 707
97 1309 555 801
97 1310 920 1414
97 1311 996 1602
97 1312 657 789
97 1313 609 773
97 1314 1176 1578
97 1315 1096 1546
97 1316 650 820
97 1317 589 795
97 1318 1160 1640
97 1319 1052 1590
97 1320 643 807
97 1321 697 909
97 1322 1152 1614
97 1323 1248 1818
97 1324 654 868
97 1325 679 949
97 1326 1168 1736
97 1327 1212 1898
97 1328 617 809
97 1329 679 939
97 1330 1104 1618
97 1331 1216 1878
97 1332 559 775
97 1333 517 757
97 1334 1000 1550
97 1335 928 1514
97 1336 609 825
97 1337 709 1015
97 1338 1088 1650
97 1339 1268 2030
97 1340 537 771
97 1341 567 859
97 1342 964 1542
97 1343 1016 1718
97 1344 577 681
97 1345 651 809
97 1346 1036 1362
97 1347 1164 1618
97 1348 581 723
97 1349 655 847
97 1350 1036 1446
97 1351 1168 1694
97 1352 645 789
97 1353 599 785
97 1354 1156 1578
97 1355 1076 1570
97 1356 607 793
97 1357 617 845
97 1358 1084 1586
97 1359 1104 1690
97 1360 607 773
97 1361 609 813
97 1362 1084 1546
97 1363 1088 1626
97 1364 473 637
97 1365 559 795
97 1366 848 1274
97 1367 1000 1590
97 1368 713 945
97 1369 599 839
97 1370 1272 1890
97 1371 1072 1678
97 1372 555 779
97 1373 545 807
97 1374 992 1558
97 1375 980 1614
97 1376 642 798
97 1377 679 885
97 1378 1148 1596
97 1379 1220 1770
97 1380 621 807
97 1381 627 871
97 1382 1108 1614
97 1383 1120 1742
97 1384 608 792
97 1385 595 809
97 1386 1092 1584
97 1387 1068 1618
97 1388 651 881
97 1389 613 885
97 1390 1164 1762
97 1391 1096 1770
97 1392 593 791
97 1393 713 1003
97 1394 1060 1582
97 1395 1276 2006
97 1396 537 757
97 1397 557 833
97 1398 960 1514
97 1399 1000 1666
97 1400 615 853
97 1401 639 939
97 1402 1100 1706
97 1403 1144 1878
97 1404 605 879
97 1405 567 875
97 1406 1084 1758
97 1407 1016 1750
97 1408 1104 1394
97 1409 1160 1564
97 1410 1957 2790
97 1411 2049 3130
97 1412 1040 1414
97 1413 1100 1568
97 1414 1829 2830
97 1415 1936 3136
97 1416 1144 1522
97 1417 1168 1636
97 1418 2021 3046
97 1419 2065 3274
97 1420 1128 1594
97 1421 1228 1816
97 1422 1980 3188
97 1423 2161 3634
97 1424 1144 1594
97 1425 1100 1618
97 1426 2013 3190
97 1427 1940 3236
97 1428 848 1250
97 1429 936 1462
97 1430 1501 2502
97 1431 1653 2926
97 1432 1148 1674
97 1433 1092 1666
97 1434 2020 3348
97 1435 1925 3334
97 1436 920 1414
97 1437 996 1602
97 1438 1621 2830
97 1439 1765 3206
97 1440 1176 1578
97 1441 1096 1546
97 1442 2077 3158
97 1443 1949 3094
97 1444 1160 1640
97 1445 1052 1590
97 1446 2040 3280
97 1447 1853 3182
97 1448 1152 1614
97 1449 1248 1818
97 1450 2037 3230
97 1451 2205 3638
97 1452 1168 1736
97 1453 1212 1898
97 1454 2057 3474
97 1455 2132 3796
97 1456 1104 1618
97 1457 1216 1878
97 1458 1948 3236
97 1459 2149 3758
97 1460 1000 1550
97 1461 928 1514
97 1462 1765 3102
97 1463 1645 3030
97 1464 1088 1650
97 1465 1268 2030
97 1466 1917 3302
97 1467 2236 4060
97 1468 964 1542
97 1469 1016 1718
97 1470 1709 3086
97 1471 1797 3438
97 1472 1036 1362
97 1473 1164 1618
97 1474 1837 2726
97 1475 2053 3238
97 1476 1036 1446
97 1477 1168 1694
97 1478 1821 2894
97 1479 2052 3388
97 1480 1156 1578
97 1481 1076 1570
97 1482 2045 3158
97 1483 1909 3142
97 1484 1084 1586
97 1485 1104 1690
97 1486 1908 3172
97 1487 1949 3382
97 1488 1084 1546
97 1489 1088 1626
97 1490 1909 3094
97 1491 1916 3252
97 1492 848 1274
97 1493 1000 1590
97 1494 1501 2550
97 1495 1765 3182
97 1496 1272 1890
97 1497 1072 1678
97 1498 2236 3780
97 1499 1893 3358
97 1500 992 1558
97 1501 980 1614
97 1502 1749 3118
97 1503 1741 3230
97 1504 1148 1596
97 1505 1220 1770
97 1506 2025 3194
97 1507 2165 3542
97 1508 1108 1614
97 1509 1120 1742
97 1510 1948 3228
97 1511 1973 3486
97 1512 1092 1584
97 1513 1068 1618
97 1514 1937 3170
97 1515 1893 3238
97 1516 1164 1762
97 1517 1096 1770
97 1518 2053 3526
97 1519 1932 3540
97 1520 1060 1582
97 1521 1276 2006
97 1522 1868 3164
97 1523 2253 4014
97 1524 960 1514
97 1525 1000 1666
97 1526 1693 3030
97 1527 1773 3334
97 1528 1100 1706
97 1529 1144 1878
97 1530 1941 3414
97 1531 2020 3756
97 1532 1084 1758
97 1533 1016 1750
97 1534 1917 3518
97 1535 1797 3502
97 1536 651 741
97 1537 789 953
97 1538 1172 1482
97 1539 1416 1906
97 1540 624 752
97 1541 667 859
97 1542 1120 1504
97 1543 1200 1718
97 1544 651 769
97 1545 813 1009
97 1546 1172 1538
97 1547 1456 2018
97 1548 607 761
97 1549 678 904
97 1550 1092 1522
97 1551 1220 1808
97 1552 778 974
97 1553 893 1207
97 1554 1392 1948
97 1555 1596 2414
97 1556 661 869
97 1557 763 1093
97 1558 1184 1738
97 1559 1364 2186
97 1560 769 981
97 1561 896 1228
97 1562 1376 1962
97 1563 1600 2456
97 1564 661 885
97 1565 765 1113
97 1566 1184 1770
97 1567 1368 2226
97 1568 733 887
97 1569 667 861
97 1570 1316 1774
97 1571 1204 1722
97 1572 655 835
97 1573 652 886
97 1574 1176 1670
97 1575 1172 1772
97 1576 757 943
97 1577 717 947
97 1578 1356 1886
97 1579 1292 1894
97 1580 666 880
97 1581 675 947
97 1582 1196 1760
97 1583 1216 1894
97 1584 793 1075
97 1585 820 1180
97 1586 1420 2150
97 1587 1472 2360
97 1588 723 1025
97 1589 709 1073
97 1590 1292 2050
97 1591 1272 2146
97 1592 796 1096
97 1593 829 1209
97 1594 1424 2192
97 1595 1488 2418
97 1596 725 1045
97 1597 731 1123
97 1598 1296 2090
97 1599 1312 2246
97 1600 599 711
97 1601 751 941
97 1602 1080 1422
97 1603 1348 1882
97 1604 594 744
97 1605 693 919
97 1606 1068 1488
97 1607 1244 1838
97 1608 607 747
97 1609 727 941
97 1610 1096 1494
97 1611 1308 1882
97 1612 633 817
97 1613 722 982
97 1614 1136 1634
97 1615 1296 1964
97 1616 692 902
97 1617 811 1129
97 1618 1244 1804
97 1619 1452 2258
97 1620 675 911
97 1621 835 1227
97 1622 1208 1822
97 1623 1488 2454
97 1624 727 969
97 1625 840 1184
97 1626 1308 1938
97 1627 1504 2368
97 1628 715 987
97 1629 877 1307
97 1630 1280 1974
97 1631 1564 2614
97 1632 695 875
97 1633 687 911
97 1634 1248 1750
97 1635 1240 1822
97 1636 593 787
97 1637 662 930
97 1638 1068 1574
97 1639 1192 1860
97 1640 671 875
97 1641 629 857
97 1642 1208 1750
97 1643 1136 1714
97 1644 622 850
97 1645 661 951
97 1646 1120 1700
97 1647 1188 1902
97 1648 711 997
97 1649 794 1164
97 1650 1276 1994
97 1651 1428 2328
97 1652 675 983
97 1653 763 1183
97 1654 1208 1966
97 1655 1368 2366
97 1656 740 1052
97 1657 759 1133
97 1658 1328 2104
97 1659 1364 2266
97 1660 717 1063
97 1661 745 1173
97 1662 1284 2126
97 1663 1336 2346
97 1664 1172 1482
97 1665 1416 1906
97 1666 2085 2966
97 1667 2509 3814
97 1668 1120 1504
97 1669 1200 1718
97 1670 1985 3010
97 1671 2133 3438
97 1672 1172 1538
97 1673 1456 2018
97 1674 2085 3078
97 1675 2573 4038
97 1676 1092 1522
97 1677 1220 1808
97 1678 1941 3046
97 1679 2169 3618
97 1680 1392 1948
97 1681 1596 2414
97 1682 2457 3898
97 1683 2812 4828
97 1684 1184 1738
97 1685 1364 2186
97 1686 2093 3478
97 1687 2405 4374
97 1688 1376 1962
97 1689 1600 2456
97 1690 2429 3926
97 1691 2816 4912
97 1692 1184 1770
97 1693 1368 2226
97 1694 2093 3542
97 1695 2413 4454
97 1696 1316 1774
97 1697 1204 1722
97 1698 2333 3550
97 1699 2149 3446
97 1700 1176 1670
97 1701 1172 1772
97 1702 2085 3342
97 1703 2081 3546
97 1704 1356 1886
97 1705 1292 1894
97 1706 2397 3774
97 1707 2301 3790
97 1708 1196 1760
97 1709 1216 1894
97 1710 2121 3522
97 1711 2165 3790
97 1712 1420 2150
97 1713 1472 2360
97 1714 2508 4300
97 1715 2609 4722
97 1716 1292 2050
97 1717 1272 2146
97 1718 2276 4100
97 1719 2253 4294
97 1720 1424 2192
97 1721 1488 2418
97 1722 2512 4384
97 1723 2637 4838
97 1724 1296 2090
97 1725 1312 2246
97 1726 2284 4180
97 1727 2325 4494
97 1728 1080 1422
97 1729 1348 1882
97 1730 1925 2846
97 1731 2389 3766
97 1732 1068 1488
97 1733 1244 1838
97 1734 1897 2978
97 1735 2205 3678
97 1736 1096 1494
97 1737 1308 1882
97 1738 1957 2990
97 1739 2325 3766
97 1740 1136 1634
97 1741 1296 1964
97 1742 2013 3270
97 1743 2297 3930
97 1744 1244 1804
97 1745 1452 2258
97 1746 2209 3610
97 1747 2565 4518
97 1748 1208 1822
97 1749 1488 2454
97 1750 2133 3646
97 1751 2612 4908
97 1752 1308 1938
97 1753 1504 2368
97 1754 2325 3878
97 1755 2657 4738
97 1756 1280 1974
97 1757 1564 2614
97 1758 2261 3950
97 1759 2748 5228
97 1760 1248 1750
97 1761 1240 1822
97 1762 2213 3502
97 1763 2213 3646
97 1764 1068 1574
97 1765 1192 1860
97 1766 1901 3150
97 1767 2121 3722
97 1768 1208 1750
97 1769 1136 1714
97 1770 2149 3502
97 1771 2029 3430
97 1772 1120 1700
97 1773 1188 1902
97 1774 1993 3402
97 1775 2109 3806
97 1776 1276 1994
97 1777 1428 2328
97 1778 2261 3990
97 1779 2537 4658
97 1780 1208 1966
97 1781 1368 2366
97 1782 2133 3934
97 1783 2421 4734
97 1784 1328 2104
97 1785 1364 2266
97 1786 2353 4210
97 1787 2421 4534
97 1788 1284 2126
97 1789 1336 2346
97 1790 2269 4254
97 1791 2365 4694
97 1792 958 1198
97 1793 988 1310
97 1794 1712 2396
97 1795 1764 2620
97 1796 920 1222
97 1797 908 1262
97 1798 1636 2444
97 1799 1620 2524
97 1800 950 1238
97 1801 1054 1456
97 1802 1696 2476
97 1803 1876 2912
97 1804 894 1238
97 1805 950 1382
97 1806 1592 2476
97 1807 1696 2764
97 1808 888 1238
97 1809 820 1196
97 1810 1588 2476
97 1811 1472 2392
97 1812 706 1022
97 1813 732 1120
97 1814 1264 2044
97 1815 1312 2240
97 1816 854 1222
97 1817 832 1250
97 1818 1528 2444
97 1819 1492 2500
97 1820 702 1046
97 1821 754 1190
97 1822 1256 2092
97 1823 1352 2380
97 1824 1004 1324
97 1825 942 1310
97 1826 1792 2648
97 1827 1688 2620
97 1828 930 1292
97 1829 932 1370
97 1830 1660 2584
97 1831 1660 2740
97 1832 1038 1434
97 1833 1038 1498
97 1834 1848 2868
97 1835 1856 2996
97 1836 918 1334
97 1837 978 1490
97 1838 1640 2668
97 1839 1744 2980
97 1840 834 1210
97 1841 904 1386
97 1842 1496 2420
97 1843 1620 2772
97 1844 774 1178
97 1845 750 1202
97 1846 1384 2356
97 1847 1344 2404
97 1848 828 1238
97 1849 938 1474
97 1850 1484 2476
97 1851 1680 2948
97 1852 756 1180
97 1853 786 1294
97 1854 1352 2360
97 1855 1408 2588
97 1856 918 1194
97 1857 1034 1422
97 1858 1640 2388
97 1859 1840 2844
97 1860 864 1190
97 1861 914 1318
97 1862 1540 2380
97 1863 1632 2636
97 1864 934 1266
97 1865 958 1378
97 1866 1672 2532
97 1867 1712 2756
97 1868 922 1322
97 1869 902 1352
97 1870 1640 2644
97 1871 1612 2704
97 1872 824 1182
97 1873 822 1226
97 1874 1476 2364
97 1875 1472 2452
97 1876 702 1038
97 1877 764 1200
97 1878 1256 2076
97 1879 1368 2400
97 1880 898 1330
97 1881 818 1260
97 1882 1608 2660
97 1883 1468 2520
97 1884 770 1182
97 1885 772 1248
97 1886 1376 2364
97 1887 1384 2496
97 1888 1018 1400
97 1889 1038 1498
97 1890 1812 2800
97 1891 1856 2996
97 1892 892 1280
97 1893 948 1442
97 1894 1592 2560
97 1895 1692 2884
97 1896 974 1392
97 1897 934 1390
97 1898 1740 2784
97 1899 1672 2780
97 1900 934 1392
97 1901 934 1470
97 1902 1668 2784
97 1903 1664 2940
97 1904 804 1196
97 1905 968 1522
97 1906 1440 2392
97 1907 1732 3044
97 1908 766 1190
97 1909 818 1346
97 1910 1368 2380
97 1911 1464 2692
97 1912 846 1292
97 1913 894 1446
97 1914 1516 2584
97 1915 1600 2892
97 1916 842 1350
97 1917 782 1318
97 1918 1504 2700
97 1919 1400 2636
97 1920 1712 2396
97 1921 1764 2620
97 1922 3017 4794
97 1923 3105 5242
97 1924 1636 2444
97 1925 1620 2524
97 1926 2864 4888
97 1927 2849 5050
97 1928 1696 2476
97 1929 1876 2912
97 1930 2985 4954
97 1931 3288 5824
97 1932 1592 2476
97 1933 1696 2764
97 1934 2793 4954
97 1935 2985 5530
97 1936 1588 2476
97 1937 1472 2392
97 1938 2800 4952
97 1939 2608 4784
97 1940 1264 2044
97 1941 1312 2240
97 1942 2232 4088
97 1943 2320 4480
97 1944 1528 2444
97 1945 1492 2500
97 1946 2696 4888
97 1947 2640 5000
97 1948 1256 2092
97 1949 1352 2380
97 1950 2216 4184
97 1951 2392 4760
97 1952 1792 2648
97 1953 1688 2620
97 1954 3153 5298
97 1955 2985 5242
97 1956 1660 2584
97 1957 1660 2740
97 1958 2921 5170
97 1959 2912 5480
97 1960 1848 2868
97 1961 1856 2996
97 1962 3240 5736
97 1963 3273 5994
97 1964 1640 2668
97 1965 1744 2980
97 1966 2889 5338
97 1967 3065 5962
97 1968 1496 2420
97 1969 1620 2772
97 1970 2648 4840
97 1971 2865 5546
97 1972 1384 2356
97 1973 1344 2404
97 1974 2441 4714
97 1975 2376 4808
97 1976 1484 2476
97 1977 1680 2948
97 1978 2624 4952
97 1979 2969 5898
97 1980 1352 2360
97 1981 1408 2588
97 1982 2385 4722
97 1983 2488 5176
97 1984 1640 2388
97 1985 1840 2844
97 1986 2889 4778
97 1987 3224 5688
97 1988 1540 2380
97 1989 1632 2636
97 1990 2705 4762
97 1991 2873 5274
97 1992 1672 2532
97 1993 1712 2756
97 1994 2953 5066
97 1995 3017 5514
97 1996 1640 2644
97 1997 1612 2704
97 1998 2872 5288
97 1999 2841 5410
97 2000 1476 2364
97 2001 1472 2452
97 2002 2609 4730
97 2003 2601 4906
97 2004 1256 2076
97 2005 1368 2400
97 2006 2217 4154
97 2007 2417 4802
97 2008 1608 2660
97 2009 1468 2520
97 2010 2841 5322
97 2011 2601 5042
97 2012 1376 2364
97 2013 1384 2496
97 2014 2425 4730
97 2015 2449 4994
97 2016 1812 2800
97 2017 1856 2996
97 2018 3176 5600
97 2019 3273 5994
97 2020 1592 2560
97 2021 1692 2884
97 2022 2801 5122
97 2023 2977 5770
97 2024 1740 2784
97 2025 1672 2780
97 2026 3065 5570
97 2027 2953 5562
97 2028 1668 2784
97 2029 1664 2940
97 2030 2937 5570
97 2031 2920 5880
97 2032 1440 2392
97 2033 1732 3044
97 2034 2545 4786
97 2035 3056 6088
97 2036 1368 2380
97 2037 1464 2692
97 2038 2408 4760
97 2039 2585 5386
97 2040 1516 2584
97 2041 1600 2892
97 2042 2681 5170
97 2043 2824 5784
97 2044 1504 2700
97 2045 1400 2636
97 2046 2648 5400
97 2047 2473 5274
98 0 51 51
98 1 54 56
98 2 88 102
98 3 92 112
98 4 70 76
98 5 73 81
98 6 120 152
98 7 124 162
98 8 56 58
98 9 59 63
98 10 96 116
98 11 100 126
98 12 65 73
98 13 68 78
98 14 112 146
98 15 116 156
98 16 54 56
98 17 51 55
98 18 92 112
98 19 88 110
98 20 73 81
98 21 70 80
98 22 124 162
98 23 120 160
98 24 59 63
98 25 56 62
98 26 100 126
98 27 96 124
98 28 68 78
98 29 65 77
98 30 116 156
98 31 112 154
98 32 51 55
98 33 54 60
98 34 88 110
98 35 92 120
98 36 51 61
98 37 54 66
98 38 88 122
98 39 92 132
98 40 56 62
98 41 59 67
98 42 96 124
98 43 100 134
98 44 56 68
98 45 59 73
98 46 96 136
98 47 100 146
98 48 54 60
98 49 51 59
98 50 92 120
98 51 88 118
98 52 54 66
98 53 51 65
98 54 92 132
98 55 88 130
98 56 59 67
98 57 56 66
98 58 100 134
98 59 96 132
98 60 59 73
98 61 56 72
98 62 100 146
98 63 96 144
98 64 88 102
98 65 92 112
98 66 148 204
98 67 153 226
98 68 120 152
98 69 124 162
98 70 200 304
98 71 205 326
98 72 96 116
98 73 100 126
98 74 160 232
98 75 165 254
98 76 112 146
98 77 116 156
98 78 188 292
98 79 193 314
98 80 92 112
98 81 88 110
98 82 153 226
98 83 148 220
98 84 124 162
98 85 120 160
98 86 205 326
98 87 200 320
98 88 100 126
98 89 96 124
98 90 165 254
98 91 160 248
98 92 116 156
98 93 112 154
98 94 193 314
98 95 188 308
98 96 88 110
98 97 92 120
98 98 148 220
98 99 153 242
98 100 88 122
98 101 92 132
98 102 148 244
98 103 153 266
98 104 96 124
98 105 100 134
98 106 160 248
98 107 165 270
98 108 96 136
98 109 100 146
98 110 160 272
98 111 165 294
98 112 92 120
98 113 88 118
98 114 153 242
98 115 148 236
98 116 92 132
98 117 88 130
98 118 153 266
98 119 148 260
98 120 100 134
98 121 96 132
98 122 165 270
98 123 160 264
98 124 100 146
98 125 96 144
98 126 165 294
98 127 160 288
98 128 82 92
98 129 85 97
98 130 140 184
98 131 144 194
98 132 114 142
98 133 111 141
98 134 192 284
98 135 188 282
98 136 90 106
98 137 87 105
98 138 152 212
98 139 148 210
98 140 106 136
98 141 109 141
98 142 180 272
98 143 184 282
98 144 85 97
98 145 82 96
98 146 144 194
98 147 140 192
98 148 111 141
98 149 114 146
98 150 188 282
98 151 192 292
98 152 87 105
98 153 90 110
98 154 148 210
98 155 152 220
98 156 109 141
98 157 106 140
98 158 184 282
98 159 180 280
98 160 82 100
98 161 85 105
98 162 140 200
98 163 144 210
98 164 82 112
98 165 85 117
98 166 140 224
98 167 144 234
98 168 90 114
98 169 87 113
98 170 152 228
98 171 148 226
98 172 90 126
98 173 87 125
98 174 152 252
98 175 148 250
98 176 85 105
98 177 82 104
98 178 144 210
98 179 140 208
98 180 85 117
98 181 82 116
98 182 144 234
98 183 140 232
98 184 87 113
98 185 90 118
98 186 148 226
98 187 152 236
98 188 87 125
98 189 90 130
98 190 148 250
98 191 152 260
98 192 140 184
98 193 144 194
98 194 232 368
98 195 237 390
98 196 192 284
98 197 188 282
98 198 313 570
98 199 308 564
98 200 152 212
98 201 148 210
98 202 249 426
98 203 244 420
98 204 180 272
98 205 184 282
98 206 296 544
98 207 301 566
98 208 144 194
98 209 140 192
98 210 237 390
98 211 232 384
98 212 188 282
98 213 192 292
98 214 308 564
98 215 313 586
98 216 148 210
98 217 152 220
98 218 244 420
98 219 249 442
98 220 184 282
98 221 180 280
98 222 301 566
98 223 296 560
98 224 140 200
98 225 144 210
98 226 232 400
98 227 237 422
98 228 140 224
98 229 144 234
98 230 232 448
98 231 237 470
98 232 152 228
98 233 148 226
98 234 249 458
98 235 244 452
98 236 152 252
98 237 148 250
98 238 249 506
98 239 244 500
98 240 144 210
98 241 140 208
98 242 237 422
98 243 232 416
98 244 144 234
98 245 140 232
98 246 237 470
98 247 232 464
98 248 148 226
98 249 152 236
98 250 244 452
98 251 249 474
98 252 148 250
98 253 152 260
98 254 244 500
98 255 249 522
98 256 51 55
98 257 54 60
98 258 88 110
98 259 92 120
98 260 51 61
98 261 54 66
98 262 88 122
98 263 92 132
98 264 56 62
98 265 59 67
98 266 96 124
98 267 100 134
98 268 56 68
98 269 59 73
98 270 96 136
98 271 100 146
98 272 54 60
98 273 51 59
98 274 92 120
98 275 88 118
98 276 54 66
98 277 51 65
98 278 92 132
98 279 88 130
98 280 59 67
98 281 56 66
98 282 100 134
98 283 96 132
98 284 59 73
98 285 56 72
98 286 100 146
98 287 96 144
98 288 70 82
98 289 73 87
98 290 120 164
98 291 124 174
98 292 51 65
98 293 54 70
98 294 88 130
98 295 92 140
98 296 65 79
98 297 68 84
98 298 112 158
98 299 116 168
98 300 56 72
98 301 59 77
98 302 96 144
98 303 100 154
98 304 73 87
98 305 70 86
98 306 124 174
98 307 120 172
98 308 54 70
98 309 51 69
98 310 92 140
98 311 88 138
98 312 68 84
98 313 65 83
98 314 116 168
98 315 112 166
98 316 59 77
98 317 56 76
98 318 100 154
98 319 96 152
98 320 88 110
98 321 92 120
98 322 148 220
98 323 153 242
98 324 88 122
98 325 92 132
98 326 148 244
98 327 153 266
98 328 96 124
98 329 100 134
98 330 160 248
98 331 165 270
98 332 96 136
98 333 100 146
98 334 160 272
98 335 165 294
98 336 92 120
98 337 88 118
98 338 153 242
98 339 148 236
98 340 92 132
98 341 88 130
98 342 153 266
98 343 148 260
98 344 100 134
98 345 96 132
98 346 165 270
98 347 160 264
98 348 100 146
98 349 96 144
98 350 165 294
98 351 160 288
98 352 120 164
98 353 124 174
98 354 200 328
98 355 205 350
98 356 88 130
98 357 92 140
98 358 148 260
98 359 153 282
98 360 112 158
98 361 116 168
98 362 188 316
98 363 193 338
98 364 96 144
98 365 100 154
98 366 160 288
98 367 165 310
98 368 124 174
98 369 120 172
98 370 205 350
98 371 200 344
98 372 92 140
98 373 88 138
98 374 153 282
98 375 148 276
98 376 116 168
98 377 112 166
98 378 193 338
98 379 188 332
98 380 100 154
98 381 96 152
98 382 165 310
98 383 160 304
98 384 82 100
98 385 85 105
98 386 140 200
98 387 144 210
98 388 82 112
98 389 85 117
98 390 140 224
98 391 144 234
98 392 90 114
98 393 87 113
98 394 152 228
98 395 148 226
98 396 90 126
98 397 87 125
98 398 152 252
98 399 148 250
98 400 85 105
98 401 82 104
98 402 144 210
98 403 140 208
98 404 85 117
98 405 82 116
98 406 144 234
98 407 140 232
98 408 87 113
98 409 90 118
98 410 148 226
98 411 152 236
98 412 87 125
98 413 90 130
98 414 148 250
98 415 152 260
98 416 114 154
98 417 111 153
98 418 192 308
98 419 188 306
98 420 82 120
98 421 85 125
98 422 140 240
98 423 144 250
98 424 106 148
98 425 109 153
98 426 180 296
98 427 184 306
98 428 90 134
98 429 87 133
98 430 152 268
98 431 148 266
98 432 111 153
98 433 114 158
98 434 188 306
98 435 192 316
98 436 85 125
98 437 82 124
98 438 144 250
98 439 140 248
98 440 109 153
98 441 106 152
98 442 184 306
98 443 180 304
98 444 87 133
98 445 90 138
98 446 148 266
98 447 152 276
98 448 140 200
98 449 144 210
98 450 232 400
98 451 237 422
98 452 140 224
98 453 144 234
98 454 232 448
98 455 237 470
98 456 152 228
98 457 148 226
98 458 249 458
98 459 244 452
98 460 152 252
98 461 148 250
98 462 249 506
98 463 244 500
98 464 144 210
98 465 140 208
98 466 237 422
98 467 232 416
98 468 144 234
98 469 140 232
98 470 237 470
98 471 232 464
98 472 148 226
98 473 152 236
98 474 244 452
98 475 249 474
98 476 148 250
98 477 152 260
98 478 244 500
98 479 249 522
98 480 192 308
98 481 188 306
98 482 313 618
98 483 308 612
98 484 140 240
98 485 144 250
98 486 232 480
98 487 237 502
98 488 180 296
98 489 184 306
98 490 296 592
98 491 301 614
98 492 152 268
98 493 148 266
98 494 249 538
98 495 244 532
98 496 188 306
98 497 192 316
98 498 308 612
98 499 313 634
98 500 144 250
98 501 140 248
98 502 237 502
98 503 232 496
98 504 184 306
98 505 180 304
98 506 301 614
98 507 296 608
98 508 148 266
98 509 152 276
98 510 244 532
98 511 249 554
99 0 17 18
99 1 12 20
99 2 12 20
99 3 8 16
99 4 12 20
99 5 8 16
99 6 8 16
99 7 5 11
100 0 52 52
100 1 60 64
100 2 31 41
100 3 36 50
100 4 80 92
100 5 84 108
100 6 48 70
100 7 50 78
100 8 72 80
100 9 64 76
100 10 43 61
100 11 38 56
100 12 88 124
100 13 84 124
100 14 52 86
100 15 50 86
100 16 85 106
100 17 97 130
100 18 52 82
100 19 60 100
100 20 129 186
100 21 136 216
100 22 80 140
100 23 84 156
100 24 117 162
100 25 105 154
100 26 72 122
100 27 64 112
100 28 144 248
100 29 137 250
100 30 88 172
100 31 84 172
100 32 36 44
100 33 44 56
100 34 21 31
100 35 26 40
100 36 56 76
100 37 68 100
100 38 33 53
100 39 41 71
100 40 48 64
100 41 56 76
100 42 28 44
100 43 33 53
100 44 60 92
100 45 72 116
100 46 35 61
100 47 43 79
100 48 60 88
100 49 72 112
100 50 36 62
100 51 44 80
100 52 92 152
100 53 109 202
100 54 56 106
100 55 68 142
100 56 80 128
100 57 92 152
100 58 48 88
100 59 56 106
100 60 100 184
100 61 117 234
100 62 60 122
100 63 72 158
101 0 24 24
101 1 15 21
101 2 32 36
101 3 20 30
101 4 32 36
101 5 20 30
101 6 36 52
101 7 22 38
101 8 37 50
101 9 24 42
101 10 49 74
101 11 32 60
101 12 49 74
101 13 32 60
101 14 56 104
101 15 36 76
101 16 20 24
101 17 12 18
101 18 28 36
101 19 17 27
101 20 28 36
101 21 17 27
101 22 40 60
101 23 25 45
101 24 32 48
101 25 20 36
101 26 44 72
101 27 28 54
101 28 44 72
101 29 28 54
101 30 61 122
101 31 40 90
102 0 52 52
102 1 31 41
102 2 72 80
102 3 43 61
102 4 60 64
102 5 36 50
102 6 80 92
102 7 48 70
102 8 60 68
102 9 35 49
102 10 88 112
102 11 52 80
102 12 68 80
102 13 40 58
102 14 80 108
102 15 47 75
102 16 85 106
102 17 52 82
102 18 117 162
102 19 72 122
102 20 97 130
102 21 60 100
102 22 129 186
102 23 80 140
102 24 100 136
102 25 60 98
102 26 144 224
102 27 88 160
102 28 112 160
102 29 68 116
102 30 132 216
102 31 80 150
102 32 72 80
102 33 43 61
102 34 84 108
102 35 50 78
102 36 76 96
102 37 45 69
102 38 88 124
102 39 52 86
102 40 88 112
102 41 52 80
102 42 112 164
102 43 67 115
102 44 100 136
102 45 60 98
102 46 100 156
102 47 59 105
102 48 117 162
102 49 72 122
102 50 137 218
102 51 84 156
102 52 124 192
102 53 76 138
102 54 144 248
102 55 88 172
102 56 144 224
102 57 88 160
102 58 181 330
102 59 112 230
102 60 161 274
102 61 100 196
102 62 164 312
102 63 100 210
102 64 60 64
102 65 36 50
102 66 76 96
102 67 45 69
102 68 68 76
102 69 41 59
102 70 84 108
102 71 50 78
102 72 68 80
102 73 40 58
102 74 100 136
102 75 60 98
102 76 76 92
102 77 45 67
102 78 92 132
102 79 55 93
102 80 97 130
102 81 60 100
102 82 124 192
102 83 76 138
102 84 109 154
102 85 68 118
102 86 136 216
102 87 84 156
102 88 112 160
102 89 68 116
102 90 161 274
102 91 100 196
102 92 124 184
102 93 76 134
102 94 149 266
102 95 92 186
102 96 80 92
102 97 48 70
102 98 88 124
102 99 52 86
102 100 84 108
102 101 50 78
102 102 100 148
102 103 60 104
102 104 80 108
102 105 47 75
102 106 100 156
102 107 59 105
102 108 92 132
102 109 55 93
102 110 96 156
102 111 57 105
102 112 129 186
102 113 80 140
102 114 144 248
102 115 88 172
102 116 136 216
102 117 84 156
102 118 161 298
102 119 100 208
102 120 132 216
102 121 80 150
102 122 164 312
102 123 100 210
102 124 149 266
102 125 92 186
102 126 157 314
102 127 96 210
103 0 188 188
103 1 216 224
103 2 336 376
103 3 384 448
103 4 180 196
103 5 152 176
103 6 320 392
103 7 272 352
103 8 180 196
103 9 152 176
103 10 320 392
103 11 272 352
103 12 144 160
103 13 116 140
103 14 256 320
103 15 208 280
103 16 216 224
103 17 188 204
103 18 384 448
103 19 336 408
103 20 152 176
103 21 180 212
103 22 272 352
103 23 320 424
103 24 152 176
103 25 180 212
103 26 272 352
103 27 320 424
103 28 116 140
103 29 144 176
103 30 208 280
103 31 256 352
103 32 104 124
103 33 120 148
103 34 188 248
103 35 216 296
103 36 100 128
103 37 84 112
103 38 180 256
103 39 152 224
103 40 100 128
103 41 84 112
103 42 180 256
103 43 152 224
103 44 80 104
103 45 64 88
103 46 144 208
103 47 116 176
103 48 120 148
103 49 104 132
103 50 216 296
103 51 188 264
103 52 84 112
103 53 100 136
103 54 152 224
103 55 180 272
103 56 84 112
103 57 100 136
103 58 152 224
103 59 180 272
103 60 64 88
103 61 80 112
103 62 116 176
103 63 144 224
103 64 336 376
103 65 384 448
103 66 592 752
103 67 672 896
103 68 320 392
103 69 272 352
103 70 560 784
103 71 480 704
103 72 320 392
103 73 272 352
103 74 560 784
103 75 480 704
103 76 256 320
103 77 208 280
103 78 448 640
103 79 368 560
103 80 384 448
103 81 336 408
103 82 672 896
103 83 592 816
103 84 272 352
103 85 320 424
103 86 480 704
103 87 560 848
103 88 272 352
103 89 320 424
103 90 480 704
103 91 560 848
103 92 208 280
103 93 256 352
103 94 368 560
103 95 448 704
103 96 188 248
103 97 216 296
103 98 336 496
103 99 384 592
103 100 180 256
103 101 152 224
103 102 320 512
103 103 272 448
103 104 180 256
103 105 152 224
103 106 320 512
103 107 272 448
103 108 144 208
103 109 116 176
103 110 256 416
103 111 208 352
103 112 216 296
103 113 188 264
103 114 384 592
103 115 336 528
103 116 152 224
103 117 180 272
103 118 272 448
103 119 320 544
103 120 152 224
103 121 180 272
103 122 272 448
103 123 320 544
103 124 116 176
103 125 144 224
103 126 208 352
103 127 256 448
103 128 336 376
103 129 384 448
103 130 592 752
103 131 672 896
103 132 320 392
103 133 272 352
103 134 560 784
103 135 480 704
103 136 320 392
103 137 272 352
103 138 560 784
103 139 480 704
103 140 256 320
103 141 208 280
103 142 448 640
103 143 368 560
103 144 384 448
103 145 336 408
103 146 672 896
103 147 592 816
103 148 272 352
103 149 320 424
103 150 480 704
103 151 560 848
103 152 272 352
103 153 320 424
103 154 480 704
103 155 560 848
103 156 208 280
103 157 256 352
103 158 368 560
103 159 448 704
103 160 188 248
103 161 216 296
103 162 336 496
103 163 384 592
103 164 180 256
103 165 152 224
103 166 320 512
103 167 272 448
103 168 180 256
103 169 152 224
103 170 320 512
103 171 272 448
103 172 144 208
103 173 116 176
103 174 256 416
103 175 208 352
103 176 216 296
103 177 188 264
103 178 384 592
103 179 336 528
103 180 152 224
103 181 180 272
103 182 272 448
103 183 320 544
103 184 152 224
103 185 180 272
103 186 272 448
103 187 320 544
103 188 116 176
103 189 144 224
103 190 208 352
103 191 256 448
103 192 592 752
103 193 672 896
103 194 1024 1504
103 195 1153 1794
103 196 560 784
103 197 480 704
103 198 961 1570
103 199 832 1408
103 200 560 784
103 201 480 704
103 202 961 1570
103 203 832 1408
103 204 448 640
103 205 368 560
103 206 769 1282
103 207 640 1120
103 208 672 896
103 209 592 816
103 210 1153 1794
103 211 1024 1632
103 212 480 704
103 213 560 848
103 214 832 1408
103 215 961 1698
103 216 480 704
103 217 560 848
103 218 832 1408
103 219 961 1698
103 220 368 560
103 221 448 704
103 222 640 1120
103 223 769 1410
103 224 336 496
103 225 384 592
103 226 592 992
103 227 672 1184
103 228 320 512
103 229 272 448
103 230 560 1024
103 231 480 896
103 232 320 512
103 233 272 448
103 234 560 1024
103 235 480 896
103 236 256 416
103 237 208 352
103 238 448 832
103 239 368 704
103 240 384 592
103 241 336 528
103 242 672 1184
103 243 592 1056
103 244 272 448
103 245 320 544
103 246 480 896
103 247 560 1088
103 248 272 448
103 249 320 544
103 250 480 896
103 251 560 1088
103 252 208 352
103 253 256 448
103 254 368 704
103 255 448 896
103 256 104 124
103 257 120 148
103 258 188 248
103 259 216 296
103 260 100 128
103 261 84 112
103 262 180 256
103 263 152 224
103 264 100 128
103 265 84 112
103 266 180 256
103 267 152 224
103 268 80 104
103 269 64 88
103 270 144 208
103 271 116 176
103 272 120 148
103 273 104 132
103 274 216 296
103 275 188 264
103 276 84 112
103 277 100 136
103 278 152 224
103 279 180 272
103 280 84 112
103 281 100 136
103 282 152 224
103 283 180 272
103 284 64 88
103 285 80 112
103 286 116 176
103 287 144 224
103 288 57 77
103 289 66 92
103 290 104 154
103 291 120 184
103 292 55 79
103 293 46 68
103 294 100 158
103 295 84 136
103 296 55 79
103 297 46 68
103 298 100 158
103 299 84 136
103 300 44 64
103 301 35 53
103 302 80 128
103 303 64 106
103 304 66 92
103 305 57 81
103 306 120 184
103 307 104 162
103 308 46 68
103 309 55 83
103 310 84 136
103 311 100 166
103 312 46 68
103 313 55 83
103 314 84 136
103 315 100 166
103 316 35 53
103 317 44 68
103 318 64 106
103 319 80 136
103 320 188 248
103 321 216 296
103 322 336 496
103 323 384 592
103 324 180 256
103 325 152 224
103 326 320 512
103 327 272 448
103 328 180 256
103 329 152 224
103 330 320 512
103 331 272 448
103 332 144 208
103 333 116 176
103 334 256 416
103 335 208 352
103 336 216 296
103 337 188 264
103 338 384 592
103 339 336 528
103 340 152 224
103 341 180 272
103 342 272 448
103 343 320 544
103 344 152 224
103 345 180 272
103 346 272 448
103 347 320 544
103 348 116 176
103 349 144 224
103 350 208 352
103 351 256 448
103 352 104 154
103 353 120 184
103 354 188 308
103 355 216 368
103 356 100 158
103 357 84 136
103 358 180 316
103 359 152 272
103 360 100 158
103 361 84 136
103 362 180 316
103 363 152 272
103 364 80 128
103 365 64 106
103 366 144 256
103 367 116 212
103 368 120 184
103 369 104 162
103 370 216 368
103 371 188 324
103 372 84 136
103 373 100 166
103 374 152 272
103 375 180 332
103 376 84 136
103 377 100 166
103 378 152 272
103 379 180 332
103 380 64 106
103 381 80 136
103 382 116 212
103 383 144 272
103 384 188 248
103 385 216 296
103 386 336 496
103 387 384 592
103 388 180 256
103 389 152 224
103 390 320 512
103 391 272 448
103 392 180 256
103 393 152 224
103 394 320 512
103 395 272 448
103 396 144 208
103 397 116 176
103 398 256 416
103 399 208 352
103 400 216 296
103 401 188 264
103 402 384 592
103 403 336 528
103 404 152 224
103 405 180 272
103 406 272 448
103 407 320 544
103 408 152 224
103 409 180 272
103 410 272 448
103 411 320 544
103 412 116 176
103 413 144 224
103 414 208 352
103 415 256 448
103 416 104 154
103 417 120 184
103 418 188 308
103 419 216 368
103 420 100 158
103 421 84 136
103 422 180 316
103 423 152 272
103 424 100 158
103 425 84 136
103 426 180 316
103 427 152 272
103 428 80 128
103 429 64 106
103 430 144 256
103 431 116 212
103 432 120 184
103 433 104 162
103 434 216 368
103 435 188 324
103 436 84 136
103 437 100 166
103 438 152 272
103 439 180 332
103 440 84 136
103 441 100 166
103 442 152 272
103 443 180 332
103 444 64 106
103 445 80 136
103 446 116 212
103 447 144 272
103 448 336 496
103 449 384 592
103 450 592 992
103 451 672 1184
103 452 320 512
103 453 272 448
103 454 560 1024
103 455 480 896
103 456 320 512
103 457 272 448
103 458 560 1024
103 459 480 896
103 460 256 416
103 461 208 352
103 462 448 832
103 463 368 704
103 464 384 592
103 465 336 528
103 466 672 1184
103 467 592 1056
103 468 272 448
103 469 320 544
103 470 480 896
103 471 560 1088
103 472 272 448
103 473 320 544
103 474 480 896
103 475 560 1088
103 476 208 352
103 477 256 448
103 478 368 704
103 479 448 896
103 480 188 308
103 481 216 368
103 482 336 616
103 483 384 736
103 484 180 316
103 485 152 272
103 486 320 632
103 487 272 544
103 488 180 316
103 489 152 272
103 490 320 632
103 491 272 544
103 492 144 256
103 493 116 212
103 494 256 512
103 495 208 424
103 496 216 368
103 497 188 324
103 498 384 736
103 499 336 648
103 500 152 272
103 501 180 332
103 502 272 544
103 503 320 664
103 504 152 272
103 505 180 332
103 506 272 544
103 507 320 664
103 508 116 212
103 509 144 272
103 510 208 424
103 511 256 544
104 0 144 144
104 1 176 184
104 2 260 288
104 3 316 368
104 4 140 148
104 5 140 156
104 6 252 296
104 7 252 312
104 8 172 188
104 9 184 216
104 10 308 376
104 11 328 432
104 12 152 168
104 13 164 196
104 14 272 336
104 15 292 392
104 16 176 184
104 17 144 160
104 18 316 368
104 19 260 320
104 20 140 156
104 21 140 164
104 22 252 312
104 23 252 328
104 24 184 216
104 25 172 212
104 26 328 432
104 27 308 424
104 28 164 196
104 29 152 192
104 30 292 392
104 31 272 384
104 32 260 288
104 33 316 368
104 34 464 576
104 35 560 736
104 36 252 296
104 37 252 312
104 38 448 592
104 39 448 624
104 40 308 376
104 41 328 432
104 42 544 752
104 43 576 864
104 44 272 336
104 45 292 392
104 46 480 672
104 47 512 784
104 48 316 368
104 49 260 320
104 50 560 736
104 51 464 640
104 52 252 312
104 53 252 328
104 54 448 624
104 55 448 656
104 56 328 432
104 57 308 424
104 58 576 864
104 59 544 848
104 60 292 392
104 61 272 384
104 62 512 784
104 63 480 768
104 64 228 248
104 65 240 276
104 66 408 496
104 67 428 552
104 68 220 256
104 69 208 252
104 70 392 512
104 71 372 504
104 72 188 232
104 73 156 200
104 74 336 464
104 75 280 400
104 76 152 192
104 77 152 200
104 78 272 384
104 79 272 400
104 80 240 276
104 81 228 272
104 82 428 552
104 83 408 544
104 84 208 252
104 85 220 280
104 86 372 504
104 87 392 560
104 88 156 200
104 89 188 248
104 90 280 400
104 91 336 496
104 92 152 200
104 93 152 208
104 94 272 400
104 95 272 416
104 96 408 496
104 97 428 552
104 98 720 992
104 99 752 1104
104 100 392 512
104 101 372 504
104 102 688 1024
104 103 656 1008
104 104 336 464
104 105 280 400
104 106 592 928
104 107 496 800
104 108 272 384
104 109 272 400
104 110 480 768
104 111 480 800
104 112 428 552
104 113 408 544
104 114 752 1104
104 115 720 1088
104 116 372 504
104 117 392 560
104 118 656 1008
104 119 688 1120
104 120 280 400
104 121 336 496
104 122 496 800
104 123 592 992
104 124 272 400
104 125 272 416
104 126 480 800
104 127 480 832
104 128 260 288
104 129 316 368
104 130 464 576
104 131 560 736
104 132 252 296
104 133 252 312
104 134 448 592
104 135 448 624
104 136 308 376
104 137 328 432
104 138 544 752
104 139 576 864
104 140 272 336
104 141 292 392
104 142 480 672
104 143 512 784
104 144 316 368
104 145 260 320
104 146 560 736
104 147 464 640
104 148 252 312
104 149 252 328
104 150 448 624
104 151 448 656
104 152 328 432
104 153 308 424
104 154 576 864
104 155 544 848
104 156 292 392
104 157 272 384
104 158 512 784
104 159 480 768
104 160 464 576
104 161 560 736
104 162 816 1152
104 163 976 1472
104 164 448 592
104 165 448 624
104 166 784 1184
104 167 784 1248
104 168 544 752
104 169 576 864
104 170 944 1504
104 171 993 1730
104 172 480 672
104 173 512 784
104 174 832 1344
104 175 881 1570
104 176 560 736
104 177 464 640
104 178 976 1472
104 179 816 1280
104 180 448 624
104 181 448 656
104 182 784 1248
104 183 784 1312
104 184 576 864
104 185 544 848
104 186 993 1730
104 187 944 1696
104 188 512 784
104 189 480 768
104 190 881 1570
104 191 832 1536
104 192 408 496
104 193 428 552
104 194 720 992
104 195 752 1104
104 196 392 512
104 197 372 504
104 198 688 1024
104 199 656 1008
104 200 336 464
104 201 280 400
104 202 592 928
104 203 496 800
104 204 272 384
104 205 272 400
104 206 480 768
104 207 480 800
104 208 428 552
104 209 408 544
104 210 752 1104
104 211 720 1088
104 212 372 504
104 213 392 560
104 214 656 1008
104 215 688 1120
104 216 280 400
104 217 336 496
104 218 496 800
104 219 592 992
104 220 272 400
104 221 272 416
104 222 480 800
104 223 480 832
104 224 720 992
104 225 752 1104
104 226 1248 1984
104 227 1297 2210
104 228 688 1024
104 229 656 1008
104 230 1185 2050
104 231 1136 2016
104 232 592 928
104 233 496 800
104 234 1025 1858
104 235 865 1602
104 236 480 768
104 237 480 800
104 238 833 1538
104 239 833 1602
104 240 752 1104
104 241 720 1088
104 242 1297 2210
104 243 1248 2176
104 244 656 1008
104 245 688 1120
104 246 1136 2016
104 247 1185 2242
104 248 496 800
104 249 592 992
104 250 865 1602
104 251 1025 1986
104 252 480 800
104 253 480 832
104 254 833 1602
104 255 833 1666
104 256 79 93
104 257 97 119
104 258 144 186
104 259 176 238
104 260 77 95
104 261 77 99
104 262 140 190
104 263 140 198
104 264 95 121
104 265 102 138
104 266 172 242
104 267 184 276
104 268 84 108
104 269 91 125
104 270 152 216
104 271 164 250
104 272 97 119
104 273 79 101
104 274 176 238
104 275 144 202
104 276 77 99
104 277 77 103
104 278 140 198
104 279 140 206
104 280 102 138
104 281 95 133
104 282 184 276
104 283 172 266
104 284 91 125
104 285 84 120
104 286 164 250
104 287 152 240
104 288 144 186
104 289 176 238
104 290 260 372
104 291 316 476
104 292 140 190
104 293 140 198
104 294 252 380
104 295 252 396
104 296 172 242
104 297 184 276
104 298 308 484
104 299 328 552
104 300 152 216
104 301 164 250
104 302 272 432
104 303 292 500
104 304 176 238
104 305 144 202
104 306 316 476
104 307 260 404
104 308 140 198
104 309 140 206
104 310 252 396
104 311 252 412
104 312 184 276
104 313 172 266
104 314 328 552
104 315 308 532
104 316 164 250
104 317 152 240
104 318 292 500
104 319 272 480
104 320 126 160
104 321 133 177
104 322 228 320
104 323 240 354
104 324 122 164
104 325 115 159
104 326 220 328
104 327 208 318
104 328 104 146
104 329 86 124
104 330 188 292
104 331 156 248
104 332 84 120
104 333 84 124
104 334 152 240
104 335 152 248
104 336 133 177
104 337 126 172
104 338 240 354
104 339 228 344
104 340 115 159
104 341 122 176
104 342 208 318
104 343 220 352
104 344 86 124
104 345 104 154
104 346 156 248
104 347 188 308
104 348 84 124
104 349 84 128
104 350 152 248
104 351 152 256
104 352 228 320
104 353 240 354
104 354 408 640
104 355 428 708
104 356 220 328
104 357 208 318
104 358 392 656
104 359 372 636
104 360 188 292
104 361 156 248
104 362 336 584
104 363 280 496
104 364 152 240
104 365 152 248
104 366 272 480
104 367 272 496
104 368 240 354
104 369 228 344
104 370 428 708
104 371 408 688
104 372 208 318
104 373 220 352
104 374 372 636
104 375 392 704
104 376 156 248
104 377 188 308
104 378 280 496
104 379 336 616
104 380 152 248
104 381 152 256
104 382 272 496
104 383 272 512
104 384 144 186
104 385 176 238
104 386 260 372
104 387 316 476
104 388 140 190
104 389 140 198
104 390 252 380
104 391 252 396
104 392 172 242
104 393 184 276
104 394 308 484
104 395 328 552
104 396 152 216
104 397 164 250
104 398 272 432
104 399 292 500
104 400 176 238
104 401 144 202
104 402 316 476
104 403 260 404
104 404 140 198
104 405 140 206
104 406 252 396
104 407 252 412
104 408 184 276
104 409 172 266
104 410 328 552
104 411 308 532
104 412 164 250
104 413 152 240
104 414 292 500
104 415 272 480
104 416 260 372
104 417 316 476
104 418 464 744
104 419 560 952
104 420 252 380
104 421 252 396
104 422 448 760
104 423 448 792
104 424 308 484
104 425 328 552
104 426 544 968
104 427 576 1104
104 428 272 432
104 429 292 500
104 430 480 864
104 431 512 1000
104 432 316 476
104 433 260 404
104 434 560 952
104 435 464 808
104 436 252 396
104 437 252 412
104 438 448 792
104 439 448 824
104 440 328 552
104 441 308 532
104 442 576 1104
104 443 544 1064
104 444 292 500
104 445 272 480
104 446 512 1000
104 447 480 960
104 448 228 320
104 449 240 354
104 450 408 640
104 451 428 708
104 452 220 328
104 453 208 318
104 454 392 656
104 455 372 636
104 456 188 292
104 457 156 248
104 458 336 584
104 459 280 496
104 460 152 240
104 461 152 248
104 462 272 480
104 463 272 496
104 464 240 354
104 465 228 344
104 466 428 708
104 467 408 688
104 468 208 318
104 469 220 352
104 470 372 636
104 471 392 704
104 472 156 248
104 473 188 308
104 474 280 496
104 475 336 616
104 476 152 248
104 477 152 256
104 478 272 496
104 479 272 512
104 480 408 640
104 481 428 708
104 482 720 1280
104 483 752 1416
104 484 392 656
104 485 372 636
104 486 688 1312
104 487 656 1272
104 488 336 584
104 489 280 496
104 490 592 1168
104 491 496 992
104 492 272 480
104 493 272 496
104 494 480 960
104 495 480 992
104 496 428 708
104 497 408 688
104 498 752 1416
104 499 720 1376
104 500 372 636
104 501 392 704
104 502 656 1272
104 503 688 1408
104 504 280 496
104 505 336 616
104 506 496 992
104 507 592 1232
104 508 272 496
104 509 272 512
104 510 480 992
104 511 480 1024
