=== quantum_ecc: build_circuit (untrusted stage) ===

-- building circuit --
RANK4_LOWER class=4 original_ops=379 new_ops=301 symbolic_rank_gates=12 paired_macros=12 conditional_clean=true
FOLD20_T10_RANK4 j=3 last=true low=true old_ops=379 ops=301
RANK4_LOWER class=3 original_ops=34393 new_ops=30979 symbolic_rank_gates=512 paired_macros=576 conditional_clean=true
FOLD20_T10_RANK4 j=3 last=false low=true old_ops=34393 ops=30979
FOLD20_PASSIVE_LOWER old=688 new=1138 macros=8 gathers=0
FOLD20_PASSIVE_LOWER old=260 new=664 macros=6 gathers=0
FOLD20_PASSIVE_LOWER old=1082 new=6864 macros=22 gathers=0
Q796_HOLE block=0 j=0 touches=0
Q796_HOLE block=0 j=0 touches=0
Q796_HOLE block=0 j=0 touches=0
FOLD20_FULL_STEP_BLOCK block=0 j=0 ops=249494 T=160935 physical=564 PASS
RANK4_LOWER class=4 original_ops=491 new_ops=389 symbolic_rank_gates=12 paired_macros=12 conditional_clean=true
FOLD20_T10_RANK4 j=3 last=true low=true old_ops=491 ops=389
RANK4_LOWER class=3 original_ops=34569 new_ops=31133 symbolic_rank_gates=512 paired_macros=576 conditional_clean=true
FOLD20_T10_RANK4 j=3 last=false low=true old_ops=34569 ops=31133
FOLD20_PASSIVE_LOWER old=688 new=1138 macros=8 gathers=0
FOLD20_PASSIVE_LOWER old=260 new=664 macros=6 gathers=0
FOLD20_PASSIVE_LOWER old=1082 new=6864 macros=22 gathers=0
Q796_HOLE block=1 j=0 touches=0
Q796_HOLE block=1 j=0 touches=0
Q796_HOLE block=1 j=0 touches=0
FOLD20_FULL_STEP_BLOCK block=1 j=0 ops=250274 T=161317 physical=564 PASS
RANK4_LOWER class=4 original_ops=621 new_ops=483 symbolic_rank_gates=12 paired_macros=12 conditional_clean=true
FOLD20_T10_RANK4 j=3 last=true low=true old_ops=621 ops=483
RANK4_LOWER class=3 original_ops=34825 new_ops=31351 symbolic_rank_gates=512 paired_macros=576 conditional_clean=true
FOLD20_T10_RANK4 j=3 last=false low=true old_ops=34825 ops=31351
FOLD20_PASSIVE_LOWER old=688 new=1138 macros=8 gathers=0
FOLD20_PASSIVE_LOWER old=260 new=664 macros=6 gathers=0
FOLD20_PASSIVE_LOWER old=1082 new=6864 macros=22 gathers=0
Q796_HOLE block=2 j=0 touches=0
Q796_HOLE block=2 j=0 touches=0
Q796_HOLE block=2 j=0 touches=0
FOLD20_FULL_STEP_BLOCK block=2 j=0 ops=251700 T=162257 physical=564 PASS
RANK4_LOWER class=4 original_ops=749 new_ops=579 symbolic_rank_gates=12 paired_macros=12 conditional_clean=true
FOLD20_T10_RANK4 j=3 last=true low=true old_ops=749 ops=579
RANK4_LOWER class=3 original_ops=35021 new_ops=31525 symbolic_rank_gates=512 paired_macros=576 conditional_clean=true
FOLD20_T10_RANK4 j=3 last=false low=true old_ops=35021 ops=31525
FOLD20_PASSIVE_LOWER old=688 new=1138 macros=8 gathers=0
FOLD20_PASSIVE_LOWER old=260 new=664 macros=6 gathers=0
FOLD20_PASSIVE_LOWER old=1082 new=6864 macros=22 gathers=0
Q796_HOLE block=3 j=0 touches=0
Q796_HOLE block=3 j=0 touches=0
Q796_HOLE block=3 j=0 touches=0
FOLD20_FULL_STEP_BLOCK block=3 j=0 ops=252528 T=162663 physical=564 PASS
RANK4_LOWER class=4 original_ops=857 new_ops=663 symbolic_rank_gates=12 paired_macros=12 conditional_clean=true
FOLD20_T10_RANK4 j=3 last=true low=true old_ops=857 ops=663
RANK4_LOWER class=3 original_ops=35217 new_ops=31691 symbolic_rank_gates=512 paired_macros=576 conditional_clean=true
FOLD20_T10_RANK4 j=3 last=false low=true old_ops=35217 ops=31691
FOLD20_PASSIVE_LOWER old=688 new=1138 macros=8 gathers=0
FOLD20_PASSIVE_LOWER old=260 new=664 macros=6 gathers=0
FOLD20_PASSIVE_LOWER old=1082 new=6864 macros=22 gathers=0
Q796_HOLE block=4 j=0 touches=0
Q796_HOLE block=4 j=0 touches=0
Q796_HOLE block=4 j=0 touches=0
FOLD20_FULL_STEP_BLOCK block=4 j=0 ops=253410 T=163151 physical=564 PASS
RANK4_LOWER class=4 original_ops=981 new_ops=755 symbolic_rank_gates=12 paired_macros=12 conditional_clean=true
FOLD20_T10_RANK4 j=3 last=true low=true old_ops=981 ops=755
RANK4_LOWER class=3 original_ops=35409 new_ops=31861 symbolic_rank_gates=512 paired_macros=576 conditional_clean=true
FOLD20_T10_RANK4 j=3 last=false low=true old_ops=35409 ops=31861
FOLD20_PASSIVE_LOWER old=688 new=1138 macros=8 gathers=0
FOLD20_PASSIVE_LOWER old=260 new=664 macros=6 gathers=0
FOLD20_PASSIVE_LOWER old=1082 new=6864 macros=22 gathers=0
Q796_HOLE block=5 j=0 touches=0
Q796_HOLE block=5 j=0 touches=0
Q796_HOLE block=5 j=0 touches=0
FOLD20_FULL_STEP_BLOCK block=5 j=0 ops=254226 T=163557 physical=564 PASS
RANK4_LOWER class=4 original_ops=1145 new_ops=871 symbolic_rank_gates=12 paired_macros=12 conditional_clean=true
FOLD20_T10_RANK4 j=3 last=true low=true old_ops=1145 ops=871
RANK4_LOWER class=3 original_ops=35777 new_ops=32161 symbolic_rank_gates=512 paired_macros=576 conditional_clean=true
FOLD20_T10_RANK4 j=3 last=false low=true old_ops=35777 ops=32161
FOLD20_PASSIVE_LOWER old=688 new=1138 macros=8 gathers=0
FOLD20_PASSIVE_LOWER old=260 new=664 macros=6 gathers=0
FOLD20_PASSIVE_LOWER old=1082 new=6864 macros=22 gathers=0
Q796_HOLE block=6 j=0 touches=0
Q796_HOLE block=6 j=0 touches=0
Q796_HOLE block=6 j=0 touches=0
FOLD20_FULL_STEP_BLOCK block=6 j=0 ops=255884 T=164581 physical=564 PASS
RANK4_LOWER class=4 original_ops=1285 new_ops=979 symbolic_rank_gates=12 paired_macros=12 conditional_clean=true
FOLD20_T10_RANK4 j=3 last=true low=true old_ops=1285 ops=979
RANK4_LOWER class=3 original_ops=35993 new_ops=32355 symbolic_rank_gates=512 paired_macros=576 conditional_clean=true
FOLD20_T10_RANK4 j=3 last=false low=true old_ops=35993 ops=32355
FOLD20_PASSIVE_LOWER old=688 new=1138 macros=8 gathers=0
FOLD20_PASSIVE_LOWER old=260 new=664 macros=6 gathers=0
FOLD20_PASSIVE_LOWER old=1082 new=6864 macros=22 gathers=0
Q796_HOLE block=7 j=0 touches=0
Q796_HOLE block=7 j=0 touches=0
Q796_HOLE block=7 j=0 touches=0
FOLD20_FULL_STEP_BLOCK block=7 j=0 ops=256756 T=165011 physical=564 PASS
RANK4_LOWER class=4 original_ops=1393 new_ops=1063 symbolic_rank_gates=12 paired_macros=12 conditional_clean=true
FOLD20_T10_RANK4 j=3 last=true low=true old_ops=1393 ops=1063
RANK4_LOWER class=3 original_ops=36213 new_ops=32605 symbolic_rank_gates=512 paired_macros=576 conditional_clean=true
FOLD20_T10_RANK4 j=3 last=false low=true old_ops=36213 ops=32605
FOLD20_PASSIVE_LOWER old=688 new=1138 macros=8 gathers=0
FOLD20_PASSIVE_LOWER old=260 new=664 macros=6 gathers=0
FOLD20_PASSIVE_LOWER old=1082 new=6864 macros=22 gathers=0
Q796_HOLE block=8 j=0 touches=0
Q796_HOLE block=8 j=0 touches=0
Q796_HOLE block=8 j=0 touches=0
FOLD20_FULL_STEP_BLOCK block=8 j=0 ops=257670 T=165515 physical=564 PASS
RANK4_LOWER class=4 original_ops=1533 new_ops=1163 symbolic_rank_gates=12 paired_macros=12 conditional_clean=true
FOLD20_T10_RANK4 j=3 last=true low=true old_ops=1533 ops=1163
RANK4_LOWER class=3 original_ops=36429 new_ops=32861 symbolic_rank_gates=512 paired_macros=576 conditional_clean=true
FOLD20_T10_RANK4 j=3 last=false low=true old_ops=36429 ops=32861
FOLD20_PASSIVE_LOWER old=688 new=1138 macros=8 gathers=0
FOLD20_PASSIVE_LOWER old=260 new=664 macros=6 gathers=0
FOLD20_PASSIVE_LOWER old=1082 new=6864 macros=22 gathers=0
Q796_HOLE block=9 j=0 touches=0
Q796_HOLE block=9 j=0 touches=0
Q796_HOLE block=9 j=0 touches=0
FOLD20_FULL_STEP_BLOCK block=9 j=0 ops=258518 T=165945 physical=564 PASS
RANK4_LOWER class=4 original_ops=1641 new_ops=1247 symbolic_rank_gates=12 paired_macros=12 conditional_clean=true
FOLD20_T10_RANK4 j=3 last=true low=true old_ops=1641 ops=1247
RANK4_LOWER class=3 original_ops=36641 new_ops=33113 symbolic_rank_gates=512 paired_macros=576 conditional_clean=true
FOLD20_T10_RANK4 j=3 last=false low=true old_ops=36641 ops=33113
FOLD20_PASSIVE_LOWER old=688 new=1138 macros=8 gathers=0
FOLD20_PASSIVE_LOWER old=260 new=664 macros=6 gathers=0
FOLD20_PASSIVE_LOWER old=1082 new=6864 macros=22 gathers=0
Q796_HOLE block=10 j=0 touches=0
Q796_HOLE block=10 j=0 touches=0
Q796_HOLE block=10 j=0 touches=0
FOLD20_FULL_STEP_BLOCK block=10 j=0 ops=259414 T=166435 physical=564 PASS
RANK4_LOWER class=4 original_ops=1777 new_ops=1351 symbolic_rank_gates=12 paired_macros=12 conditional_clean=true
FOLD20_T10_RANK4 j=3 last=true low=true old_ops=1777 ops=1351
RANK4_LOWER class=3 original_ops=36853 new_ops=33321 symbolic_rank_gates=512 paired_macros=576 conditional_clean=true
FOLD20_T10_RANK4 j=3 last=false low=true old_ops=36853 ops=33321
FOLD20_PASSIVE_LOWER old=688 new=1138 macros=8 gathers=0
FOLD20_PASSIVE_LOWER old=260 new=664 macros=6 gathers=0
FOLD20_PASSIVE_LOWER old=1082 new=6864 macros=22 gathers=0
Q796_HOLE block=11 j=0 touches=0
Q796_HOLE block=11 j=0 touches=0
Q796_HOLE block=11 j=0 touches=0
FOLD20_FULL_STEP_BLOCK block=11 j=0 ops=260274 T=166865 physical=564 PASS
RANK4_LOWER class=4 original_ops=1885 new_ops=1435 symbolic_rank_gates=12 paired_macros=12 conditional_clean=true
FOLD20_T10_RANK4 j=3 last=true low=true old_ops=1885 ops=1435
RANK4_LOWER class=3 original_ops=37065 new_ops=33505 symbolic_rank_gates=512 paired_macros=576 conditional_clean=true
FOLD20_T10_RANK4 j=3 last=false low=true old_ops=37065 ops=33505
FOLD20_PASSIVE_LOWER old=688 new=1138 macros=8 gathers=0
FOLD20_PASSIVE_LOWER old=260 new=664 macros=6 gathers=0
FOLD20_PASSIVE_LOWER old=1082 new=6864 macros=22 gathers=0
Q796_HOLE block=12 j=0 touches=0
Q796_HOLE block=12 j=0 touches=0
Q796_HOLE block=12 j=0 touches=0
FOLD20_FULL_STEP_BLOCK block=12 j=0 ops=261180 T=167369 physical=564 PASS
RANK4_LOWER class=4 original_ops=2017 new_ops=1535 symbolic_rank_gates=12 paired_macros=12 conditional_clean=true
FOLD20_T10_RANK4 j=3 last=true low=true old_ops=2017 ops=1535
RANK4_LOWER class=3 original_ops=37273 new_ops=33689 symbolic_rank_gates=512 paired_macros=576 conditional_clean=true
FOLD20_T10_RANK4 j=3 last=false low=true old_ops=37273 ops=33689
FOLD20_PASSIVE_LOWER old=688 new=1138 macros=8 gathers=0
FOLD20_PASSIVE_LOWER old=260 new=664 macros=6 gathers=0
FOLD20_PASSIVE_LOWER old=1082 new=6864 macros=22 gathers=0
Q796_HOLE block=13 j=0 touches=0
Q796_HOLE block=13 j=0 touches=0
Q796_HOLE block=13 j=0 touches=0
FOLD20_FULL_STEP_BLOCK block=13 j=0 ops=262028 T=167799 physical=564 PASS
RANK4_LOWER class=4 original_ops=2069 new_ops=1667 symbolic_rank_gates=12 paired_macros=12 conditional_clean=true
FOLD20_T10_RANK4 j=3 last=true low=true old_ops=2069 ops=1667
RANK4_LOWER class=3 original_ops=37849 new_ops=34125 symbolic_rank_gates=512 paired_macros=576 conditional_clean=true
FOLD20_T10_RANK4 j=3 last=false low=true old_ops=37849 ops=34125
FOLD20_PASSIVE_LOWER old=688 new=1138 macros=8 gathers=0
FOLD20_PASSIVE_LOWER old=260 new=664 macros=6 gathers=0
FOLD20_PASSIVE_LOWER old=1082 new=6864 macros=22 gathers=0
Q796_HOLE block=14 j=0 touches=0
Q796_HOLE block=14 j=0 touches=0
Q796_HOLE block=14 j=0 touches=0
FOLD20_FULL_STEP_BLOCK block=14 j=0 ops=263892 T=168969 physical=564 PASS
RANK4_LOWER class=4 original_ops=2221 new_ops=1787 symbolic_rank_gates=12 paired_macros=12 conditional_clean=true
FOLD20_T10_RANK4 j=3 last=true low=true old_ops=2221 ops=1787
RANK4_LOWER class=3 original_ops=38085 new_ops=34337 symbolic_rank_gates=512 paired_macros=576 conditional_clean=true
FOLD20_T10_RANK4 j=3 last=false low=true old_ops=38085 ops=34337
FOLD20_PASSIVE_LOWER old=688 new=1138 macros=8 gathers=0
FOLD20_PASSIVE_LOWER old=260 new=664 macros=6 gathers=0
FOLD20_PASSIVE_LOWER old=1082 new=6864 macros=22 gathers=0
Q796_HOLE block=15 j=0 touches=0
Q796_HOLE block=15 j=0 touches=0
Q796_HOLE block=15 j=0 touches=0
FOLD20_FULL_STEP_BLOCK block=15 j=0 ops=264816 T=169423 physical=564 PASS
RANK4_LOWER class=4 original_ops=2325 new_ops=1875 symbolic_rank_gates=12 paired_macros=12 conditional_clean=true
FOLD20_T10_RANK4 j=3 last=true low=true old_ops=2325 ops=1875
RANK4_LOWER class=3 original_ops=38329 new_ops=34533 symbolic_rank_gates=512 paired_macros=576 conditional_clean=true
FOLD20_T10_RANK4 j=3 last=false low=true old_ops=38329 ops=34533
FOLD20_PASSIVE_LOWER old=688 new=1138 macros=8 gathers=0
FOLD20_PASSIVE_LOWER old=260 new=664 macros=6 gathers=0
FOLD20_PASSIVE_LOWER old=1082 new=6864 macros=22 gathers=0
Q796_HOLE block=16 j=0 touches=0
Q796_HOLE block=16 j=0 touches=0
Q796_HOLE block=16 j=0 touches=0
FOLD20_FULL_STEP_BLOCK block=16 j=0 ops=265774 T=169947 physical=564 PASS
RANK4_LOWER class=4 original_ops=2445 new_ops=1971 symbolic_rank_gates=12 paired_macros=12 conditional_clean=true
FOLD20_T10_RANK4 j=3 last=true low=true old_ops=2445 ops=1971
RANK4_LOWER class=3 original_ops=38569 new_ops=34733 symbolic_rank_gates=512 paired_macros=576 conditional_clean=true
FOLD20_T10_RANK4 j=3 last=false low=true old_ops=38569 ops=34733
FOLD20_PASSIVE_LOWER old=688 new=1138 macros=8 gathers=0
FOLD20_PASSIVE_LOWER old=260 new=664 macros=6 gathers=0
FOLD20_PASSIVE_LOWER old=1082 new=6864 macros=22 gathers=0
Q796_HOLE block=17 j=0 touches=0
Q796_HOLE block=17 j=0 touches=0
Q796_HOLE block=17 j=0 touches=0
FOLD20_FULL_STEP_BLOCK block=17 j=0 ops=266650 T=170389 physical=564 PASS
RANK4_LOWER class=4 original_ops=2549 new_ops=2059 symbolic_rank_gates=12 paired_macros=12 conditional_clean=true
FOLD20_T10_RANK4 j=3 last=true low=true old_ops=2549 ops=2059
RANK4_LOWER class=3 original_ops=38805 new_ops=34929 symbolic_rank_gates=512 paired_macros=576 conditional_clean=true
FOLD20_T10_RANK4 j=3 last=false low=true old_ops=38805 ops=34929
FOLD20_PASSIVE_LOWER old=688 new=1138 macros=8 gathers=0
FOLD20_PASSIVE_LOWER old=260 new=664 macros=6 gathers=0
FOLD20_PASSIVE_LOWER old=1082 new=6864 macros=22 gathers=0
Q796_HOLE block=18 j=0 touches=0
Q796_HOLE block=18 j=0 touches=0
Q796_HOLE block=18 j=0 touches=0
FOLD20_FULL_STEP_BLOCK block=18 j=0 ops=267598 T=170899 physical=564 PASS
RANK4_LOWER class=4 original_ops=2701 new_ops=2171 symbolic_rank_gates=12 paired_macros=12 conditional_clean=true
FOLD20_T10_RANK4 j=3 last=true low=true old_ops=2701 ops=2171
RANK4_LOWER class=3 original_ops=39041 new_ops=35133 symbolic_rank_gates=512 paired_macros=576 conditional_clean=true
FOLD20_T10_RANK4 j=3 last=false low=true old_ops=39041 ops=35133
FOLD20_PASSIVE_LOWER old=688 new=1138 macros=8 gathers=0
FOLD20_PASSIVE_LOWER old=260 new=664 macros=6 gathers=0
FOLD20_PASSIVE_LOWER old=1082 new=6864 macros=22 gathers=0
Q796_HOLE block=19 j=0 touches=0
Q796_HOLE block=19 j=0 touches=0
Q796_HOLE block=19 j=0 touches=0
FOLD20_FULL_STEP_BLOCK block=19 j=0 ops=268498 T=171353 physical=564 PASS
RANK4_LOWER class=4 original_ops=2805 new_ops=2259 symbolic_rank_gates=12 paired_macros=12 conditional_clean=true
FOLD20_T10_RANK4 j=3 last=true low=true old_ops=2805 ops=2259
RANK4_LOWER class=3 original_ops=39277 new_ops=35329 symbolic_rank_gates=512 paired_macros=576 conditional_clean=true
FOLD20_T10_RANK4 j=3 last=false low=true old_ops=39277 ops=35329
FOLD20_PASSIVE_LOWER old=688 new=1138 macros=8 gathers=0
FOLD20_PASSIVE_LOWER old=260 new=664 macros=6 gathers=0
FOLD20_PASSIVE_LOWER old=1082 new=6864 macros=22 gathers=0
Q796_HOLE block=20 j=0 touches=0
Q796_HOLE block=20 j=0 touches=0
Q796_HOLE block=20 j=0 touches=0
FOLD20_FULL_STEP_BLOCK block=20 j=0 ops=269440 T=171877 physical=564 PASS
RANK4_LOWER class=4 original_ops=2925 new_ops=2355 symbolic_rank_gates=12 paired_macros=12 conditional_clean=true
FOLD20_T10_RANK4 j=3 last=true low=true old_ops=2925 ops=2355
RANK4_LOWER class=3 original_ops=39509 new_ops=35529 symbolic_rank_gates=512 paired_macros=576 conditional_clean=true
FOLD20_T10_RANK4 j=3 last=false low=true old_ops=39509 ops=35529
FOLD20_PASSIVE_LOWER old=688 new=1138 macros=8 gathers=0
FOLD20_PASSIVE_LOWER old=260 new=664 macros=6 gathers=0
FOLD20_PASSIVE_LOWER old=1082 new=6864 macros=22 gathers=0
Q796_HOLE block=21 j=0 touches=0
Q796_HOLE block=21 j=0 touches=0
Q796_HOLE block=21 j=0 touches=0
FOLD20_FULL_STEP_BLOCK block=21 j=0 ops=270316 T=172319 physical=564 PASS
RANK4_LOWER class=4 original_ops=3029 new_ops=2443 symbolic_rank_gates=12 paired_macros=12 conditional_clean=true
FOLD20_T10_RANK4 j=3 last=true low=true old_ops=3029 ops=2443
RANK4_LOWER class=3 original_ops=39737 new_ops=35725 symbolic_rank_gates=512 paired_macros=576 conditional_clean=true
FOLD20_T10_RANK4 j=3 last=false low=true old_ops=39737 ops=35725
FOLD20_PASSIVE_LOWER old=688 new=1138 macros=8 gathers=0
FOLD20_PASSIVE_LOWER old=260 new=664 macros=6 gathers=0
FOLD20_PASSIVE_LOWER old=1082 new=6864 macros=22 gathers=0
Q796_HOLE block=22 j=0 touches=0
Q796_HOLE block=22 j=0 touches=0
Q796_HOLE block=22 j=0 touches=0
FOLD20_FULL_STEP_BLOCK block=22 j=0 ops=271198 T=172815 physical=564 PASS
RANK4_LOWER class=4 original_ops=3177 new_ops=2559 symbolic_rank_gates=12 paired_macros=12 conditional_clean=true
FOLD20_T10_RANK4 j=3 last=true low=true old_ops=3177 ops=2559
RANK4_LOWER class=3 original_ops=39969 new_ops=35933 symbolic_rank_gates=512 paired_macros=576 conditional_clean=true
FOLD20_T10_RANK4 j=3 last=false low=true old_ops=39969 ops=35933
FOLD20_PASSIVE_LOWER old=688 new=1138 macros=8 gathers=0
FOLD20_PASSIVE_LOWER old=260 new=664 macros=6 gathers=0
FOLD20_PASSIVE_LOWER old=1082 new=6864 macros=22 gathers=0
Q796_HOLE block=23 j=0 touches=0
Q796_HOLE block=23 j=0 touches=0
Q796_HOLE block=23 j=0 touches=0
FOLD20_FULL_STEP_BLOCK block=23 j=0 ops=272110 T=173269 physical=564 PASS
RANK4_LOWER class=4 original_ops=3281 new_ops=2647 symbolic_rank_gates=12 paired_macros=12 conditional_clean=true
FOLD20_T10_RANK4 j=3 last=true low=true old_ops=3281 ops=2647
RANK4_LOWER class=3 original_ops=40205 new_ops=36133 symbolic_rank_gates=512 paired_macros=576 conditional_clean=true
FOLD20_T10_RANK4 j=3 last=false low=true old_ops=40205 ops=36133
FOLD20_PASSIVE_LOWER old=688 new=1138 macros=8 gathers=0
FOLD20_PASSIVE_LOWER old=260 new=664 macros=6 gathers=0
FOLD20_PASSIVE_LOWER old=1082 new=6864 macros=22 gathers=0
Q796_HOLE block=24 j=0 touches=0
Q796_HOLE block=24 j=0 touches=0
Q796_HOLE block=24 j=0 touches=0
FOLD20_FULL_STEP_BLOCK block=24 j=0 ops=273060 T=173793 physical=564 PASS
RANK4_LOWER class=4 original_ops=3401 new_ops=2743 symbolic_rank_gates=12 paired_macros=12 conditional_clean=true
FOLD20_T10_RANK4 j=3 last=true low=true old_ops=3401 ops=2743
RANK4_LOWER class=3 original_ops=40437 new_ops=36333 symbolic_rank_gates=512 paired_macros=576 conditional_clean=true
FOLD20_T10_RANK4 j=3 last=false low=true old_ops=40437 ops=36333
FOLD20_PASSIVE_LOWER old=688 new=1138 macros=8 gathers=0
FOLD20_PASSIVE_LOWER old=260 new=664 macros=6 gathers=0
FOLD20_PASSIVE_LOWER old=1082 new=6864 macros=22 gathers=0
Q796_HOLE block=25 j=0 touches=0
Q796_HOLE block=25 j=0 touches=0
Q796_HOLE block=25 j=0 touches=0
FOLD20_FULL_STEP_BLOCK block=25 j=0 ops=273936 T=174235 physical=564 PASS
RANK4_LOWER class=4 original_ops=3505 new_ops=2831 symbolic_rank_gates=12 paired_macros=12 conditional_clean=true
FOLD20_T10_RANK4 j=3 last=true low=true old_ops=3505 ops=2831
RANK4_LOWER class=3 original_ops=40665 new_ops=36529 symbolic_rank_gates=512 paired_macros=576 conditional_clean=true
FOLD20_T10_RANK4 j=3 last=false low=true old_ops=40665 ops=36529
FOLD20_PASSIVE_LOWER old=688 new=1138 macros=8 gathers=0
FOLD20_PASSIVE_LOWER old=260 new=664 macros=6 gathers=0
FOLD20_PASSIVE_LOWER old=1082 new=6864 macros=22 gathers=0
Q796_HOLE block=26 j=0 touches=0
Q796_HOLE block=26 j=0 touches=0
Q796_HOLE block=26 j=0 touches=0
FOLD20_FULL_STEP_BLOCK block=26 j=0 ops=274868 T=174745 physical=564 PASS
RANK4_LOWER class=4 original_ops=3649 new_ops=2943 symbolic_rank_gates=12 paired_macros=12 conditional_clean=true
FOLD20_T10_RANK4 j=3 last=true low=true old_ops=3649 ops=2943
RANK4_LOWER class=3 original_ops=40893 new_ops=36733 symbolic_rank_gates=512 paired_macros=576 conditional_clean=true
FOLD20_T10_RANK4 j=3 last=false low=true old_ops=40893 ops=36733
FOLD20_PASSIVE_LOWER old=688 new=1138 macros=8 gathers=0
FOLD20_PASSIVE_LOWER old=260 new=664 macros=6 gathers=0
FOLD20_PASSIVE_LOWER old=1082 new=6864 macros=22 gathers=0
Q796_HOLE block=27 j=0 touches=0
Q796_HOLE block=27 j=0 touches=0
Q796_HOLE block=27 j=0 touches=0
FOLD20_FULL_STEP_BLOCK block=27 j=0 ops=275768 T=175199 physical=564 PASS
RANK4_LOWER class=4 original_ops=3753 new_ops=3031 symbolic_rank_gates=12 paired_macros=12 conditional_clean=true
FOLD20_T10_RANK4 j=3 last=true low=true old_ops=3753 ops=3031
RANK4_LOWER class=3 original_ops=41121 new_ops=36929 symbolic_rank_gates=512 paired_macros=576 conditional_clean=true
FOLD20_T10_RANK4 j=3 last=false low=true old_ops=41121 ops=36929
FOLD20_PASSIVE_LOWER old=688 new=1138 macros=8 gathers=0
FOLD20_PASSIVE_LOWER old=260 new=664 macros=6 gathers=0
FOLD20_PASSIVE_LOWER old=1082 new=6864 macros=22 gathers=0
Q796_HOLE block=28 j=0 touches=0
Q796_HOLE block=28 j=0 touches=0
Q796_HOLE block=28 j=0 touches=0
FOLD20_FULL_STEP_BLOCK block=28 j=0 ops=276710 T=175723 physical=564 PASS
RANK4_LOWER class=4 original_ops=3873 new_ops=3127 symbolic_rank_gates=12 paired_macros=12 conditional_clean=true
FOLD20_T10_RANK4 j=3 last=true low=true old_ops=3873 ops=3127
RANK4_LOWER class=3 original_ops=41345 new_ops=37129 symbolic_rank_gates=512 paired_macros=576 conditional_clean=true
FOLD20_T10_RANK4 j=3 last=false low=true old_ops=41345 ops=37129
FOLD20_PASSIVE_LOWER old=688 new=1138 macros=8 gathers=0
FOLD20_PASSIVE_LOWER old=260 new=664 macros=6 gathers=0
FOLD20_PASSIVE_LOWER old=1082 new=6864 macros=22 gathers=0
Q796_HOLE block=29 j=0 touches=0
Q796_HOLE block=29 j=0 touches=0
Q796_HOLE block=29 j=0 touches=0
FOLD20_FULL_STEP_BLOCK block=29 j=0 ops=277586 T=176165 physical=564 PASS
RANK4_LOWER class=4 original_ops=4419 new_ops=3437 symbolic_rank_gates=48 paired_macros=48 conditional_clean=true
FOLD20_T10_RANK4 j=3 last=true low=true old_ops=4419 ops=3437
RANK4_LOWER class=3 original_ops=42811 new_ops=38021 symbolic_rank_gates=608 paired_macros=662 conditional_clean=true
FOLD20_T10_RANK4 j=3 last=false low=true old_ops=42811 ops=38021
FOLD20_PASSIVE_LOWER old=688 new=1138 macros=8 gathers=0
FOLD20_PASSIVE_LOWER old=260 new=664 macros=6 gathers=0
FOLD20_PASSIVE_LOWER old=1082 new=6864 macros=22 gathers=0
Q796_HOLE block=30 j=0 touches=0
Q796_HOLE block=30 j=0 touches=0
Q796_HOLE block=30 j=0 touches=0
FOLD20_FULL_STEP_BLOCK block=30 j=0 ops=283216 T=179457 physical=564 PASS
RANK4_LOWER class=4 original_ops=4741 new_ops=3593 symbolic_rank_gates=48 paired_macros=62 conditional_clean=true
FOLD20_T10_RANK4 j=3 last=true low=true old_ops=4741 ops=3593
RANK4_LOWER class=3 original_ops=43197 new_ops=38249 symbolic_rank_gates=608 paired_macros=676 conditional_clean=true
FOLD20_T10_RANK4 j=3 last=false low=true old_ops=43197 ops=38249
FOLD20_PASSIVE_LOWER old=688 new=1138 macros=8 gathers=0
FOLD20_PASSIVE_LOWER old=260 new=664 macros=6 gathers=0
FOLD20_PASSIVE_LOWER old=1082 new=6864 macros=22 gathers=0
Q796_HOLE block=31 j=0 touches=0
Q796_HOLE block=31 j=0 touches=0
Q796_HOLE block=31 j=0 touches=0
FOLD20_FULL_STEP_BLOCK block=31 j=0 ops=284404 T=180153 physical=564 PASS
RANK4_LOWER class=4 original_ops=4849 new_ops=3685 symbolic_rank_gates=48 paired_macros=62 conditional_clean=true
FOLD20_T10_RANK4 j=3 last=true low=true old_ops=4849 ops=3685
RANK4_LOWER class=3 original_ops=43405 new_ops=38425 symbolic_rank_gates=608 paired_macros=676 conditional_clean=true
FOLD20_T10_RANK4 j=3 last=false low=true old_ops=43405 ops=38425
FOLD20_PASSIVE_LOWER old=688 new=1138 macros=8 gathers=0
FOLD20_PASSIVE_LOWER old=260 new=664 macros=6 gathers=0
FOLD20_PASSIVE_LOWER old=1082 new=6864 macros=22 gathers=0
Q796_HOLE block=32 j=0 touches=0
Q796_HOLE block=32 j=0 touches=0
Q796_HOLE block=32 j=0 touches=0
FOLD20_FULL_STEP_BLOCK block=32 j=0 ops=285402 T=180683 physical=564 PASS
RANK4_LOWER class=4 original_ops=4969 new_ops=3781 symbolic_rank_gates=48 paired_macros=62 conditional_clean=true
FOLD20_T10_RANK4 j=3 last=true low=true old_ops=4969 ops=3781
RANK4_LOWER class=3 original_ops=43597 new_ops=38593 symbolic_rank_gates=608 paired_macros=676 conditional_clean=true
FOLD20_T10_RANK4 j=3 last=false low=true old_ops=43597 ops=38593
FOLD20_PASSIVE_LOWER old=688 new=1138 macros=8 gathers=0
FOLD20_PASSIVE_LOWER old=260 new=664 macros=6 gathers=0
FOLD20_PASSIVE_LOWER old=1082 new=6864 macros=22 gathers=0
Q796_HOLE block=33 j=0 touches=0
Q796_HOLE block=33 j=0 touches=0
Q796_HOLE block=33 j=0 touches=0
FOLD20_FULL_STEP_BLOCK block=33 j=0 ops=286254 T=181109 physical=564 PASS
RANK4_LOWER class=4 original_ops=5077 new_ops=3873 symbolic_rank_gates=48 paired_macros=62 conditional_clean=true
FOLD20_T10_RANK4 j=3 last=true low=true old_ops=5077 ops=3873
RANK4_LOWER class=3 original_ops=43869 new_ops=38817 symbolic_rank_gates=608 paired_macros=676 conditional_clean=true
FOLD20_T10_RANK4 j=3 last=false low=true old_ops=43869 ops=38817
FOLD20_PASSIVE_LOWER old=688 new=1138 macros=8 gathers=0
FOLD20_PASSIVE_LOWER old=260 new=664 macros=6 gathers=0
FOLD20_PASSIVE_LOWER old=1082 new=6864 macros=22 gathers=0
Q796_HOLE block=34 j=0 touches=0
Q796_HOLE block=34 j=0 touches=0
Q796_HOLE block=34 j=0 touches=0
FOLD20_FULL_STEP_BLOCK block=34 j=0 ops=287136 T=181563 physical=564 PASS
RANK4_LOWER class=4 original_ops=5213 new_ops=3977 symbolic_rank_gates=48 paired_macros=62 conditional_clean=true
FOLD20_T10_RANK4 j=3 last=true low=true old_ops=5213 ops=3977
RANK4_LOWER class=3 original_ops=44081 new_ops=39005 symbolic_rank_gates=608 paired_macros=676 conditional_clean=true
FOLD20_T10_RANK4 j=3 last=false low=true old_ops=44081 ops=39005
FOLD20_PASSIVE_LOWER old=688 new=1138 macros=8 gathers=0
FOLD20_PASSIVE_LOWER old=260 new=664 macros=6 gathers=0
FOLD20_PASSIVE_LOWER old=1082 new=6864 macros=22 gathers=0
Q796_HOLE block=35 j=0 touches=0
Q796_HOLE block=35 j=0 touches=0
Q796_HOLE block=35 j=0 touches=0
FOLD20_FULL_STEP_BLOCK block=35 j=0 ops=287874 T=181903 physical=564 PASS
RANK4_LOWER class=4 original_ops=5317 new_ops=4065 symbolic_rank_gates=48 paired_macros=62 conditional_clean=true
FOLD20_T10_RANK4 j=3 last=true low=true old_ops=5317 ops=4065
RANK4_LOWER class=3 original_ops=44293 new_ops=39185 symbolic_rank_gates=608 paired_macros=676 conditional_clean=true
FOLD20_T10_RANK4 j=3 last=false low=true old_ops=44293 ops=39185
FOLD20_PASSIVE_LOWER old=688 new=1138 macros=8 gathers=0
FOLD20_PASSIVE_LOWER old=260 new=664 macros=6 gathers=0
FOLD20_PASSIVE_LOWER old=1082 new=6864 macros=22 gathers=0
Q796_HOLE block=36 j=0 touches=0
Q796_HOLE block=36 j=0 touches=0
Q796_HOLE block=36 j=0 touches=0
FOLD20_FULL_STEP_BLOCK block=36 j=0 ops=288552 T=182259 physical=564 PASS
RANK4_LOWER class=4 original_ops=5437 new_ops=4161 symbolic_rank_gates=48 paired_macros=62 conditional_clean=true
FOLD20_T10_RANK4 j=3 last=true low=true old_ops=5437 ops=4161
RANK4_LOWER class=3 original_ops=44501 new_ops=39369 symbolic_rank_gates=608 paired_macros=676 conditional_clean=true
FOLD20_T10_RANK4 j=3 last=false low=true old_ops=44501 ops=39369
FOLD20_PASSIVE_LOWER old=688 new=1138 macros=8 gathers=0
FOLD20_PASSIVE_LOWER old=260 new=664 macros=6 gathers=0
FOLD20_PASSIVE_LOWER old=1082 new=6864 macros=22 gathers=0
Q796_HOLE block=37 j=0 touches=0
Q796_HOLE block=37 j=0 touches=0
Q796_HOLE block=37 j=0 touches=0
FOLD20_FULL_STEP_BLOCK block=37 j=0 ops=289338 T=182645 physical=564 PASS
RANK4_LOWER class=4 original_ops=5565 new_ops=4265 symbolic_rank_gates=48 paired_macros=62 conditional_clean=true
FOLD20_T10_RANK4 j=3 last=true low=true old_ops=5565 ops=4265
RANK4_LOWER class=3 original_ops=44885 new_ops=39673 symbolic_rank_gates=608 paired_macros=676 conditional_clean=true
FOLD20_T10_RANK4 j=3 last=false low=true old_ops=44885 ops=39673
FOLD20_PASSIVE_LOWER old=688 new=1138 macros=8 gathers=0
FOLD20_PASSIVE_LOWER old=260 new=664 macros=6 gathers=0
FOLD20_PASSIVE_LOWER old=1082 new=6864 macros=22 gathers=0
Q796_HOLE block=38 j=0 touches=0
Q796_HOLE block=38 j=0 touches=0
Q796_HOLE block=38 j=0 touches=0
FOLD20_FULL_STEP_BLOCK block=38 j=0 ops=290246 T=183119 physical=564 PASS
RANK4_LOWER class=4 original_ops=5713 new_ops=4381 symbolic_rank_gates=48 paired_macros=62 conditional_clean=true
FOLD20_T10_RANK4 j=3 last=true low=true old_ops=5713 ops=4381
RANK4_LOWER class=3 original_ops=45117 new_ops=39881 symbolic_rank_gates=608 paired_macros=676 conditional_clean=true
FOLD20_T10_RANK4 j=3 last=false low=true old_ops=45117 ops=39881
FOLD20_PASSIVE_LOWER old=688 new=1138 macros=8 gathers=0
FOLD20_PASSIVE_LOWER old=260 new=664 macros=6 gathers=0
FOLD20_PASSIVE_LOWER old=1082 new=6864 macros=22 gathers=0
Q796_HOLE block=39 j=0 touches=0
Q796_HOLE block=39 j=0 touches=0
Q796_HOLE block=39 j=0 touches=0
FOLD20_FULL_STEP_BLOCK block=39 j=0 ops=291026 T=183477 physical=564 PASS
RANK4_LOWER class=4 original_ops=5817 new_ops=4469 symbolic_rank_gates=48 paired_macros=62 conditional_clean=true
FOLD20_T10_RANK4 j=3 last=true low=true old_ops=5817 ops=4469
RANK4_LOWER class=3 original_ops=45353 new_ops=40077 symbolic_rank_gates=608 paired_macros=676 conditional_clean=true
FOLD20_T10_RANK4 j=3 last=false low=true old_ops=45353 ops=40077
FOLD20_PASSIVE_LOWER old=688 new=1138 macros=8 gathers=0
FOLD20_PASSIVE_LOWER old=260 new=664 macros=6 gathers=0
FOLD20_PASSIVE_LOWER old=1082 new=6864 macros=22 gathers=0
Q796_HOLE block=40 j=0 touches=0
Q796_HOLE block=40 j=0 touches=0
Q796_HOLE block=40 j=0 touches=0
FOLD20_FULL_STEP_BLOCK block=40 j=0 ops=291756 T=183855 physical=564 PASS
RANK4_LOWER class=4 original_ops=5937 new_ops=4565 symbolic_rank_gates=48 paired_macros=62 conditional_clean=true
FOLD20_T10_RANK4 j=3 last=true low=true old_ops=5937 ops=4565
RANK4_LOWER class=3 original_ops=45585 new_ops=40277 symbolic_rank_gates=608 paired_macros=676 conditional_clean=true
FOLD20_T10_RANK4 j=3 last=false low=true old_ops=45585 ops=40277
FOLD20_PASSIVE_LOWER old=688 new=1138 macros=8 gathers=0
FOLD20_PASSIVE_LOWER old=260 new=664 macros=6 gathers=0
FOLD20_PASSIVE_LOWER old=1082 new=6864 macros=22 gathers=0
Q796_HOLE block=41 j=0 touches=0
Q796_HOLE block=41 j=0 touches=0
Q796_HOLE block=41 j=0 touches=0
FOLD20_FULL_STEP_BLOCK block=41 j=0 ops=292572 T=184257 physical=564 PASS
RANK4_LOWER class=4 original_ops=6041 new_ops=4653 symbolic_rank_gates=48 paired_macros=62 conditional_clean=true
FOLD20_T10_RANK4 j=3 last=true low=true old_ops=6041 ops=4653
RANK4_LOWER class=3 original_ops=45813 new_ops=40473 symbolic_rank_gates=608 paired_macros=676 conditional_clean=true
FOLD20_T10_RANK4 j=3 last=false low=true old_ops=45813 ops=40473
FOLD20_PASSIVE_LOWER old=688 new=1138 macros=8 gathers=0
FOLD20_PASSIVE_LOWER old=260 new=664 macros=6 gathers=0
FOLD20_PASSIVE_LOWER old=1082 new=6864 macros=22 gathers=0
Q796_HOLE block=42 j=0 touches=0
Q796_HOLE block=42 j=0 touches=0
Q796_HOLE block=42 j=0 touches=0
FOLD20_FULL_STEP_BLOCK block=42 j=0 ops=293300 T=184633 physical=564 PASS
RANK4_LOWER class=4 original_ops=6185 new_ops=4765 symbolic_rank_gates=48 paired_macros=62 conditional_clean=true
FOLD20_T10_RANK4 j=3 last=true low=true old_ops=6185 ops=4765
RANK4_LOWER class=3 original_ops=46041 new_ops=40677 symbolic_rank_gates=608 paired_macros=676 conditional_clean=true
FOLD20_T10_RANK4 j=3 last=false low=true old_ops=46041 ops=40677
FOLD20_PASSIVE_LOWER old=688 new=1138 macros=8 gathers=0
FOLD20_PASSIVE_LOWER old=260 new=664 macros=6 gathers=0
FOLD20_PASSIVE_LOWER old=1082 new=6864 macros=22 gathers=0
Q796_HOLE block=43 j=0 touches=0
Q796_HOLE block=43 j=0 touches=0
Q796_HOLE block=43 j=0 touches=0
FOLD20_FULL_STEP_BLOCK block=43 j=0 ops=293926 T=184913 physical=564 PASS
RANK4_LOWER class=4 original_ops=6289 new_ops=4853 symbolic_rank_gates=48 paired_macros=62 conditional_clean=true
FOLD20_T10_RANK4 j=3 last=true low=true old_ops=6289 ops=4853
RANK4_LOWER class=3 original_ops=46269 new_ops=40873 symbolic_rank_gates=608 paired_macros=676 conditional_clean=true
FOLD20_T10_RANK4 j=3 last=false low=true old_ops=46269 ops=40873
FOLD20_PASSIVE_LOWER old=688 new=1138 macros=8 gathers=0
FOLD20_PASSIVE_LOWER old=260 new=664 macros=6 gathers=0
FOLD20_PASSIVE_LOWER old=1082 new=6864 macros=22 gathers=0
Q796_HOLE block=44 j=0 touches=0
Q796_HOLE block=44 j=0 touches=0
Q796_HOLE block=44 j=0 touches=0
FOLD20_FULL_STEP_BLOCK block=44 j=0 ops=294734 T=185341 physical=564 PASS
RANK4_LOWER class=4 original_ops=6409 new_ops=4949 symbolic_rank_gates=48 paired_macros=62 conditional_clean=true
FOLD20_T10_RANK4 j=3 last=true low=true old_ops=6409 ops=4949
RANK4_LOWER class=3 original_ops=46493 new_ops=41073 symbolic_rank_gates=608 paired_macros=676 conditional_clean=true
FOLD20_T10_RANK4 j=3 last=false low=true old_ops=46493 ops=41073
FOLD20_PASSIVE_LOWER old=688 new=1138 macros=8 gathers=0
FOLD20_PASSIVE_LOWER old=260 new=664 macros=6 gathers=0
FOLD20_PASSIVE_LOWER old=1082 new=6864 macros=22 gathers=0
Q796_HOLE block=45 j=0 touches=0
Q796_HOLE block=45 j=0 touches=0
Q796_HOLE block=45 j=0 touches=0
FOLD20_FULL_STEP_BLOCK block=45 j=0 ops=295390 T=185637 physical=564 PASS
RANK4_LOWER class=4 original_ops=6597 new_ops=5097 symbolic_rank_gates=48 paired_macros=62 conditional_clean=true
FOLD20_T10_RANK4 j=3 last=true low=true old_ops=6597 ops=5097
RANK4_LOWER class=3 original_ops=47085 new_ops=41521 symbolic_rank_gates=608 paired_macros=676 conditional_clean=true
FOLD20_T10_RANK4 j=3 last=false low=true old_ops=47085 ops=41521
FOLD20_PASSIVE_LOWER old=688 new=1138 macros=8 gathers=0
FOLD20_PASSIVE_LOWER old=260 new=664 macros=6 gathers=0
FOLD20_PASSIVE_LOWER old=1082 new=6864 macros=22 gathers=0
Q796_HOLE block=46 j=0 touches=0
Q796_HOLE block=46 j=0 touches=0
Q796_HOLE block=46 j=0 touches=0
FOLD20_FULL_STEP_BLOCK block=46 j=0 ops=296854 T=186415 physical=564 PASS
RANK4_LOWER class=4 original_ops=6765 new_ops=5233 symbolic_rank_gates=48 paired_macros=62 conditional_clean=true
FOLD20_T10_RANK4 j=3 last=true low=true old_ops=6765 ops=5233
RANK4_LOWER class=3 original_ops=47337 new_ops=41749 symbolic_rank_gates=608 paired_macros=676 conditional_clean=true
FOLD20_T10_RANK4 j=3 last=false low=true old_ops=47337 ops=41749
FOLD20_PASSIVE_LOWER old=688 new=1138 macros=8 gathers=0
FOLD20_PASSIVE_LOWER old=260 new=664 macros=6 gathers=0
FOLD20_PASSIVE_LOWER old=1082 new=6864 macros=22 gathers=0
Q796_HOLE block=47 j=0 touches=0
Q796_HOLE block=47 j=0 touches=0
Q796_HOLE block=47 j=0 touches=0
FOLD20_FULL_STEP_BLOCK block=47 j=0 ops=297596 T=186741 physical=564 PASS
RANK4_LOWER class=4 original_ops=6869 new_ops=5321 symbolic_rank_gates=48 paired_macros=62 conditional_clean=true
FOLD20_T10_RANK4 j=3 last=true low=true old_ops=6869 ops=5321
RANK4_LOWER class=3 original_ops=47597 new_ops=41961 symbolic_rank_gates=608 paired_macros=676 conditional_clean=true
FOLD20_T10_RANK4 j=3 last=false low=true old_ops=47597 ops=41961
FOLD20_PASSIVE_LOWER old=688 new=1138 macros=8 gathers=0
FOLD20_PASSIVE_LOWER old=260 new=664 macros=6 gathers=0
FOLD20_PASSIVE_LOWER old=1082 new=6864 macros=22 gathers=0
Q796_HOLE block=48 j=0 touches=0
Q796_HOLE block=48 j=0 touches=0
Q796_HOLE block=48 j=0 touches=0
FOLD20_FULL_STEP_BLOCK block=48 j=0 ops=298418 T=187163 physical=564 PASS
RANK4_LOWER class=4 original_ops=6989 new_ops=5417 symbolic_rank_gates=48 paired_macros=62 conditional_clean=true
FOLD20_T10_RANK4 j=3 last=true low=true old_ops=6989 ops=5417
RANK4_LOWER class=3 original_ops=47853 new_ops=42177 symbolic_rank_gates=608 paired_macros=676 conditional_clean=true
FOLD20_T10_RANK4 j=3 last=false low=true old_ops=47853 ops=42177
FOLD20_PASSIVE_LOWER old=688 new=1138 macros=8 gathers=0
FOLD20_PASSIVE_LOWER old=260 new=664 macros=6 gathers=0
FOLD20_PASSIVE_LOWER old=1082 new=6864 macros=22 gathers=0
Q796_HOLE block=49 j=0 touches=0
Q796_HOLE block=49 j=0 touches=0
Q796_HOLE block=49 j=0 touches=0
FOLD20_FULL_STEP_BLOCK block=49 j=0 ops=299092 T=187469 physical=564 PASS
RANK4_LOWER class=4 original_ops=7093 new_ops=5505 symbolic_rank_gates=48 paired_macros=62 conditional_clean=true
FOLD20_T10_RANK4 j=3 last=true low=true old_ops=7093 ops=5505
RANK4_LOWER class=3 original_ops=48105 new_ops=42389 symbolic_rank_gates=608 paired_macros=676 conditional_clean=true
FOLD20_T10_RANK4 j=3 last=false low=true old_ops=48105 ops=42389
FOLD20_PASSIVE_LOWER old=688 new=1138 macros=8 gathers=0
FOLD20_PASSIVE_LOWER old=260 new=664 macros=6 gathers=0
FOLD20_PASSIVE_LOWER old=1082 new=6864 macros=22 gathers=0
Q796_HOLE block=50 j=0 touches=0
Q796_HOLE block=50 j=0 touches=0
Q796_HOLE block=50 j=0 touches=0
FOLD20_FULL_STEP_BLOCK block=50 j=0 ops=300058 T=187983 physical=564 PASS
RANK4_LOWER class=4 original_ops=7261 new_ops=5633 symbolic_rank_gates=48 paired_macros=62 conditional_clean=true
FOLD20_T10_RANK4 j=3 last=true low=true old_ops=7261 ops=5633
RANK4_LOWER class=3 original_ops=48357 new_ops=42609 symbolic_rank_gates=608 paired_macros=676 conditional_clean=true
FOLD20_T10_RANK4 j=3 last=false low=true old_ops=48357 ops=42609
FOLD20_PASSIVE_LOWER old=688 new=1138 macros=8 gathers=0
FOLD20_PASSIVE_LOWER old=260 new=664 macros=6 gathers=0
FOLD20_PASSIVE_LOWER old=1082 new=6864 macros=22 gathers=0
Q796_HOLE block=51 j=0 touches=0
Q796_HOLE block=51 j=0 touches=0
Q796_HOLE block=51 j=0 touches=0
FOLD20_FULL_STEP_BLOCK block=51 j=0 ops=300784 T=188315 physical=564 PASS
RANK4_LOWER class=4 original_ops=7365 new_ops=5721 symbolic_rank_gates=48 paired_macros=62 conditional_clean=true
FOLD20_T10_RANK4 j=3 last=true low=true old_ops=7365 ops=5721
RANK4_LOWER class=3 original_ops=48609 new_ops=42821 symbolic_rank_gates=608 paired_macros=676 conditional_clean=true
FOLD20_T10_RANK4 j=3 last=false low=true old_ops=48609 ops=42821
FOLD20_PASSIVE_LOWER old=688 new=1138 macros=8 gathers=0
FOLD20_PASSIVE_LOWER old=260 new=664 macros=6 gathers=0
FOLD20_PASSIVE_LOWER old=1082 new=6864 macros=22 gathers=0
Q796_HOLE block=52 j=0 touches=0
Q796_HOLE block=52 j=0 touches=0
Q796_HOLE block=52 j=0 touches=0
FOLD20_FULL_STEP_BLOCK block=52 j=0 ops=301608 T=188747 physical=564 PASS
RANK4_LOWER class=4 original_ops=7485 new_ops=5817 symbolic_rank_gates=48 paired_macros=62 conditional_clean=true
FOLD20_T10_RANK4 j=3 last=true low=true old_ops=7485 ops=5817
RANK4_LOWER class=3 original_ops=48857 new_ops=43039 symbolic_rank_gates=608 paired_macros=676 conditional_clean=true
FOLD20_T10_RANK4 j=3 last=false low=true old_ops=48857 ops=43039
FOLD20_PASSIVE_LOWER old=688 new=1138 macros=8 gathers=0
FOLD20_PASSIVE_LOWER old=260 new=664 macros=6 gathers=0
FOLD20_PASSIVE_LOWER old=1082 new=6864 macros=22 gathers=0
Q796_HOLE block=53 j=0 touches=0
Q796_HOLE block=53 j=0 touches=0
Q796_HOLE block=53 j=0 touches=0
FOLD20_FULL_STEP_BLOCK block=53 j=0 ops=302246 T=189031 physical=564 PASS
RANK4_LOWER class=4 original_ops=7589 new_ops=5905 symbolic_rank_gates=48 paired_macros=62 conditional_clean=true
FOLD20_T10_RANK4 j=3 last=true low=true old_ops=7589 ops=5905
RANK4_LOWER class=3 original_ops=49101 new_ops=43251 symbolic_rank_gates=608 paired_macros=676 conditional_clean=true
FOLD20_T10_RANK4 j=3 last=false low=true old_ops=49101 ops=43251
FOLD20_PASSIVE_LOWER old=688 new=1138 macros=8 gathers=0
FOLD20_PASSIVE_LOWER old=260 new=664 macros=6 gathers=0
FOLD20_PASSIVE_LOWER old=1082 new=6864 macros=22 gathers=0
Q796_HOLE block=54 j=0 touches=0
Q796_HOLE block=54 j=0 touches=0
Q796_HOLE block=54 j=0 touches=0
FOLD20_FULL_STEP_BLOCK block=54 j=0 ops=303138 T=189531 physical=564 PASS
RANK4_LOWER class=4 original_ops=7753 new_ops=6037 symbolic_rank_gates=48 paired_macros=62 conditional_clean=true
FOLD20_T10_RANK4 j=3 last=true low=true old_ops=7753 ops=6037
RANK4_LOWER class=3 original_ops=49349 new_ops=43475 symbolic_rank_gates=608 paired_macros=676 conditional_clean=true
FOLD20_T10_RANK4 j=3 last=false low=true old_ops=49349 ops=43475
FOLD20_PASSIVE_LOWER old=688 new=1138 macros=8 gathers=0
FOLD20_PASSIVE_LOWER old=260 new=664 macros=6 gathers=0
FOLD20_PASSIVE_LOWER old=1082 new=6864 macros=22 gathers=0
Q796_HOLE block=55 j=0 touches=0
Q796_HOLE block=55 j=0 touches=0
Q796_HOLE block=55 j=0 touches=0
FOLD20_FULL_STEP_BLOCK block=55 j=0 ops=303864 T=189857 physical=564 PASS
RANK4_LOWER class=4 original_ops=7857 new_ops=6125 symbolic_rank_gates=48 paired_macros=62 conditional_clean=true
FOLD20_T10_RANK4 j=3 last=true low=true old_ops=7857 ops=6125
RANK4_LOWER class=3 original_ops=49601 new_ops=43687 symbolic_rank_gates=608 paired_macros=676 conditional_clean=true
FOLD20_T10_RANK4 j=3 last=false low=true old_ops=49601 ops=43687
FOLD20_PASSIVE_LOWER old=688 new=1138 macros=8 gathers=0
FOLD20_PASSIVE_LOWER old=260 new=664 macros=6 gathers=0
FOLD20_PASSIVE_LOWER old=1082 new=6864 macros=22 gathers=0
Q796_HOLE block=56 j=0 touches=0
Q796_HOLE block=56 j=0 touches=0
Q796_HOLE block=56 j=0 touches=0
FOLD20_FULL_STEP_BLOCK block=56 j=0 ops=304724 T=190307 physical=564 PASS
RANK4_LOWER class=4 original_ops=7977 new_ops=6221 symbolic_rank_gates=48 paired_macros=62 conditional_clean=true
FOLD20_T10_RANK4 j=3 last=true low=true old_ops=7977 ops=6221
RANK4_LOWER class=3 original_ops=49849 new_ops=43903 symbolic_rank_gates=608 paired_macros=676 conditional_clean=true
FOLD20_T10_RANK4 j=3 last=false low=true old_ops=49849 ops=43903
FOLD20_PASSIVE_LOWER old=688 new=1138 macros=8 gathers=0
FOLD20_PASSIVE_LOWER old=260 new=664 macros=6 gathers=0
FOLD20_PASSIVE_LOWER old=1082 new=6864 macros=22 gathers=0
Q796_HOLE block=57 j=0 touches=0
Q796_HOLE block=57 j=0 touches=0
Q796_HOLE block=57 j=0 touches=0
FOLD20_FULL_STEP_BLOCK block=57 j=0 ops=305400 T=190613 physical=564 PASS
RANK4_LOWER class=4 original_ops=8081 new_ops=6309 symbolic_rank_gates=48 paired_macros=62 conditional_clean=true
FOLD20_T10_RANK4 j=3 last=true low=true old_ops=8081 ops=6309
RANK4_LOWER class=3 original_ops=50093 new_ops=44115 symbolic_rank_gates=608 paired_macros=676 conditional_clean=true
FOLD20_T10_RANK4 j=3 last=false low=true old_ops=50093 ops=44115
FOLD20_PASSIVE_LOWER old=688 new=1138 macros=8 gathers=0
FOLD20_PASSIVE_LOWER old=260 new=664 macros=6 gathers=0
FOLD20_PASSIVE_LOWER old=1082 new=6864 macros=22 gathers=0
Q796_HOLE block=58 j=0 touches=0
Q796_HOLE block=58 j=0 touches=0
Q796_HOLE block=58 j=0 touches=0
FOLD20_FULL_STEP_BLOCK block=58 j=0 ops=306350 T=191127 physical=564 PASS
RANK4_LOWER class=4 original_ops=8241 new_ops=6437 symbolic_rank_gates=48 paired_macros=62 conditional_clean=true
FOLD20_T10_RANK4 j=3 last=true low=true old_ops=8241 ops=6437
RANK4_LOWER class=3 original_ops=50337 new_ops=44335 symbolic_rank_gates=608 paired_macros=676 conditional_clean=true
FOLD20_T10_RANK4 j=3 last=false low=true old_ops=50337 ops=44335
FOLD20_PASSIVE_LOWER old=688 new=1138 macros=8 gathers=0
FOLD20_PASSIVE_LOWER old=260 new=664 macros=6 gathers=0
FOLD20_PASSIVE_LOWER old=1082 new=6864 macros=22 gathers=0
Q796_HOLE block=59 j=0 touches=0
Q796_HOLE block=59 j=0 touches=0
Q796_HOLE block=59 j=0 touches=0
FOLD20_FULL_STEP_BLOCK block=59 j=0 ops=307028 T=191431 physical=564 PASS
RANK4_LOWER class=4 original_ops=8345 new_ops=6525 symbolic_rank_gates=48 paired_macros=62 conditional_clean=true
FOLD20_T10_RANK4 j=3 last=true low=true old_ops=8345 ops=6525
RANK4_LOWER class=3 original_ops=50581 new_ops=44551 symbolic_rank_gates=608 paired_macros=676 conditional_clean=true
FOLD20_T10_RANK4 j=3 last=false low=true old_ops=50581 ops=44551
FOLD20_PASSIVE_LOWER old=688 new=1138 macros=8 gathers=0
FOLD20_PASSIVE_LOWER old=260 new=664 macros=6 gathers=0
FOLD20_PASSIVE_LOWER old=1082 new=6864 macros=22 gathers=0
Q796_HOLE block=60 j=0 touches=0
Q796_HOLE block=60 j=0 touches=0
Q796_HOLE block=60 j=0 touches=0
FOLD20_FULL_STEP_BLOCK block=60 j=0 ops=307870 T=191875 physical=564 PASS
RANK4_LOWER class=4 original_ops=8465 new_ops=6621 symbolic_rank_gates=48 paired_macros=62 conditional_clean=true
FOLD20_T10_RANK4 j=3 last=true low=true old_ops=8465 ops=6621
RANK4_LOWER class=3 original_ops=50821 new_ops=44791 symbolic_rank_gates=608 paired_macros=676 conditional_clean=true
FOLD20_T10_RANK4 j=3 last=false low=true old_ops=50821 ops=44791
FOLD20_PASSIVE_LOWER old=688 new=1138 macros=8 gathers=0
FOLD20_PASSIVE_LOWER old=260 new=664 macros=6 gathers=0
FOLD20_PASSIVE_LOWER old=1082 new=6864 macros=22 gathers=0
Q796_HOLE block=61 j=0 touches=0
Q796_HOLE block=61 j=0 touches=0
Q796_HOLE block=61 j=0 touches=0
FOLD20_FULL_STEP_BLOCK block=61 j=0 ops=308558 T=192187 physical=564 PASS
RANK4_LOWER class=4 original_ops=8821 new_ops=6757 symbolic_rank_gates=84 paired_macros=92 conditional_clean=true
FOLD20_T10_RANK4 j=3 last=true low=true old_ops=8821 ops=6757
RANK4_LOWER class=3 original_ops=51729 new_ops=45183 symbolic_rank_gates=704 paired_macros=756 conditional_clean=true
FOLD20_T10_RANK4 j=3 last=false low=true old_ops=51729 ops=45183
FOLD20_PASSIVE_LOWER old=688 new=1138 macros=8 gathers=0
FOLD20_PASSIVE_LOWER old=260 new=664 macros=6 gathers=0
FOLD20_PASSIVE_LOWER old=1082 new=6864 macros=22 gathers=0
Q796_HOLE block=62 j=0 touches=0
Q796_HOLE block=62 j=0 touches=0
Q796_HOLE block=62 j=0 touches=0
FOLD20_FULL_STEP_BLOCK block=62 j=0 ops=310168 T=193353 physical=564 PASS
RANK4_LOWER class=4 original_ops=9169 new_ops=6907 symbolic_rank_gates=84 paired_macros=106 conditional_clean=true
FOLD20_T10_RANK4 j=3 last=true low=true old_ops=9169 ops=6907
RANK4_LOWER class=3 original_ops=52141 new_ops=45427 symbolic_rank_gates=704 paired_macros=770 conditional_clean=true
FOLD20_T10_RANK4 j=3 last=false low=true old_ops=52141 ops=45427
FOLD20_PASSIVE_LOWER old=688 new=1138 macros=8 gathers=0
FOLD20_PASSIVE_LOWER old=260 new=664 macros=6 gathers=0
FOLD20_PASSIVE_LOWER old=1082 new=6864 macros=22 gathers=0
Q796_HOLE block=63 j=0 touches=0
Q796_HOLE block=63 j=0 touches=0
Q796_HOLE block=63 j=0 touches=0
FOLD20_FULL_STEP_BLOCK block=63 j=0 ops=311104 T=193871 physical=564 PASS
RANK4_LOWER class=4 original_ops=9277 new_ops=6999 symbolic_rank_gates=84 paired_macros=106 conditional_clean=true
FOLD20_T10_RANK4 j=3 last=true low=true old_ops=9277 ops=6999
RANK4_LOWER class=3 original_ops=52349 new_ops=45623 symbolic_rank_gates=704 paired_macros=770 conditional_clean=true
FOLD20_T10_RANK4 j=3 last=false low=true old_ops=52349 ops=45623
FOLD20_PASSIVE_LOWER old=688 new=1138 macros=8 gathers=0
FOLD20_PASSIVE_LOWER old=260 new=664 macros=6 gathers=0
FOLD20_PASSIVE_LOWER old=1082 new=6864 macros=22 gathers=0
Q796_HOLE block=64 j=0 touches=0
Q796_HOLE block=64 j=0 touches=0
Q796_HOLE block=64 j=0 touches=0
FOLD20_FULL_STEP_BLOCK block=64 j=0 ops=311916 T=194275 physical=564 PASS
RANK4_LOWER class=4 original_ops=9397 new_ops=7095 symbolic_rank_gates=84 paired_macros=106 conditional_clean=true
FOLD20_T10_RANK4 j=3 last=true low=true old_ops=9397 ops=7095
RANK4_LOWER class=3 original_ops=52541 new_ops=45815 symbolic_rank_gates=704 paired_macros=770 conditional_clean=true
FOLD20_T10_RANK4 j=3 last=false low=true old_ops=52541 ops=45815
FOLD20_PASSIVE_LOWER old=688 new=1138 macros=8 gathers=0
FOLD20_PASSIVE_LOWER old=260 new=664 macros=6 gathers=0
FOLD20_PASSIVE_LOWER old=1082 new=6864 macros=22 gathers=0
Q796_HOLE block=65 j=0 touches=0
Q796_HOLE block=65 j=0 touches=0
Q796_HOLE block=65 j=0 touches=0
FOLD20_FULL_STEP_BLOCK block=65 j=0 ops=312506 T=194541 physical=564 PASS
RANK4_LOWER class=4 original_ops=9505 new_ops=7187 symbolic_rank_gates=84 paired_macros=106 conditional_clean=true
FOLD20_T10_RANK4 j=3 last=true low=true old_ops=9505 ops=7187
RANK4_LOWER class=3 original_ops=52813 new_ops=46059 symbolic_rank_gates=704 paired_macros=770 conditional_clean=true
FOLD20_T10_RANK4 j=3 last=false low=true old_ops=52813 ops=46059
FOLD20_PASSIVE_LOWER old=688 new=1138 macros=8 gathers=0
FOLD20_PASSIVE_LOWER old=260 new=664 macros=6 gathers=0
FOLD20_PASSIVE_LOWER old=1082 new=6864 macros=22 gathers=0
Q796_HOLE block=66 j=0 touches=0
Q796_HOLE block=66 j=0 touches=0
Q796_HOLE block=66 j=0 touches=0
FOLD20_FULL_STEP_BLOCK block=66 j=0 ops=313528 T=195065 physical=564 PASS
RANK4_LOWER class=4 original_ops=9641 new_ops=7291 symbolic_rank_gates=84 paired_macros=106 conditional_clean=true
FOLD20_T10_RANK4 j=3 last=true low=true old_ops=9641 ops=7291
RANK4_LOWER class=3 original_ops=53025 new_ops=46271 symbolic_rank_gates=704 paired_macros=770 conditional_clean=true
FOLD20_T10_RANK4 j=3 last=false low=true old_ops=53025 ops=46271
FOLD20_PASSIVE_LOWER old=688 new=1138 macros=8 gathers=0
FOLD20_PASSIVE_LOWER old=260 new=664 macros=6 gathers=0
FOLD20_PASSIVE_LOWER old=1082 new=6864 macros=22 gathers=0
Q796_HOLE block=67 j=0 touches=0
Q796_HOLE block=67 j=0 touches=0
Q796_HOLE block=67 j=0 touches=0
FOLD20_FULL_STEP_BLOCK block=67 j=0 ops=314182 T=195357 physical=564 PASS
RANK4_LOWER class=4 original_ops=9745 new_ops=7379 symbolic_rank_gates=84 paired_macros=106 conditional_clean=true
FOLD20_T10_RANK4 j=3 last=true low=true old_ops=9745 ops=7379
RANK4_LOWER class=3 original_ops=53237 new_ops=46471 symbolic_rank_gates=704 paired_macros=770 conditional_clean=true
FOLD20_T10_RANK4 j=3 last=false low=true old_ops=53237 ops=46471
FOLD20_PASSIVE_LOWER old=688 new=1138 macros=8 gathers=0
FOLD20_PASSIVE_LOWER old=260 new=664 macros=6 gathers=0
FOLD20_PASSIVE_LOWER old=1082 new=6864 macros=22 gathers=0
Q796_HOLE block=68 j=0 touches=0
Q796_HOLE block=68 j=0 touches=0
Q796_HOLE block=68 j=0 touches=0
FOLD20_FULL_STEP_BLOCK block=68 j=0 ops=314976 T=195777 physical=564 PASS
RANK4_LOWER class=4 original_ops=9865 new_ops=7475 symbolic_rank_gates=84 paired_macros=106 conditional_clean=true
FOLD20_T10_RANK4 j=3 last=true low=true old_ops=9865 ops=7475
RANK4_LOWER class=3 original_ops=53445 new_ops=46663 symbolic_rank_gates=704 paired_macros=770 conditional_clean=true
FOLD20_T10_RANK4 j=3 last=false low=true old_ops=53445 ops=46663
FOLD20_PASSIVE_LOWER old=688 new=1138 macros=8 gathers=0
FOLD20_PASSIVE_LOWER old=260 new=664 macros=6 gathers=0
FOLD20_PASSIVE_LOWER old=1082 new=6864 macros=22 gathers=0
Q796_HOLE block=69 j=0 touches=0
Q796_HOLE block=69 j=0 touches=0
Q796_HOLE block=69 j=0 touches=0
FOLD20_FULL_STEP_BLOCK block=69 j=0 ops=315570 T=196037 physical=564 PASS
RANK4_LOWER class=4 original_ops=9993 new_ops=7579 symbolic_rank_gates=84 paired_macros=106 conditional_clean=true
FOLD20_T10_RANK4 j=3 last=true low=true old_ops=9993 ops=7579
RANK4_LOWER class=3 original_ops=53829 new_ops=46963 symbolic_rank_gates=704 paired_macros=770 conditional_clean=true
FOLD20_T10_RANK4 j=3 last=false low=true old_ops=53829 ops=46963
FOLD20_PASSIVE_LOWER old=688 new=1138 macros=8 gathers=0
FOLD20_PASSIVE_LOWER old=260 new=664 macros=6 gathers=0
FOLD20_PASSIVE_LOWER old=1082 new=6864 macros=22 gathers=0
Q796_HOLE block=70 j=0 touches=0
Q796_HOLE block=70 j=0 touches=0
Q796_HOLE block=70 j=0 touches=0
FOLD20_FULL_STEP_BLOCK block=70 j=0 ops=316702 T=196653 physical=564 PASS
RANK4_LOWER class=4 original_ops=10141 new_ops=7695 symbolic_rank_gates=84 paired_macros=106 conditional_clean=true
FOLD20_T10_RANK4 j=3 last=true low=true old_ops=10141 ops=7695
RANK4_LOWER class=3 original_ops=54061 new_ops=47167 symbolic_rank_gates=704 paired_macros=770 conditional_clean=true
FOLD20_T10_RANK4 j=3 last=false low=true old_ops=54061 ops=47167
FOLD20_PASSIVE_LOWER old=688 new=1138 macros=8 gathers=0
FOLD20_PASSIVE_LOWER old=260 new=664 macros=6 gathers=0
FOLD20_PASSIVE_LOWER old=1082 new=6864 macros=22 gathers=0
Q796_HOLE block=71 j=0 touches=0
Q796_HOLE block=71 j=0 touches=0
Q796_HOLE block=71 j=0 touches=0
FOLD20_FULL_STEP_BLOCK block=71 j=0 ops=317400 T=196963 physical=564 PASS
RANK4_LOWER class=4 original_ops=10245 new_ops=7783 symbolic_rank_gates=84 paired_macros=106 conditional_clean=true
FOLD20_T10_RANK4 j=3 last=true low=true old_ops=10245 ops=7783
RANK4_LOWER class=3 original_ops=54297 new_ops=47359 symbolic_rank_gates=704 paired_macros=770 conditional_clean=true
FOLD20_T10_RANK4 j=3 last=false low=true old_ops=54297 ops=47359
FOLD20_PASSIVE_LOWER old=688 new=1138 macros=8 gathers=0
FOLD20_PASSIVE_LOWER old=260 new=664 macros=6 gathers=0
FOLD20_PASSIVE_LOWER old=1082 new=6864 macros=22 gathers=0
Q796_HOLE block=72 j=0 touches=0
Q796_HOLE block=72 j=0 touches=0
Q796_HOLE block=72 j=0 touches=0
FOLD20_FULL_STEP_BLOCK block=72 j=0 ops=318244 T=197405 physical=564 PASS
RANK4_LOWER class=4 original_ops=10365 new_ops=7879 symbolic_rank_gates=84 paired_macros=106 conditional_clean=true
FOLD20_T10_RANK4 j=3 last=true low=true old_ops=10365 ops=7879
RANK4_LOWER class=3 original_ops=54529 new_ops=47555 symbolic_rank_gates=704 paired_macros=770 conditional_clean=true
FOLD20_T10_RANK4 j=3 last=false low=true old_ops=54529 ops=47555
FOLD20_PASSIVE_LOWER old=688 new=1138 macros=8 gathers=0
FOLD20_PASSIVE_LOWER old=260 new=664 macros=6 gathers=0
FOLD20_PASSIVE_LOWER old=1082 new=6864 macros=22 gathers=0
Q796_HOLE block=73 j=0 touches=0
Q796_HOLE block=73 j=0 touches=0
Q796_HOLE block=73 j=0 touches=0
FOLD20_FULL_STEP_BLOCK block=73 j=0 ops=318888 T=197693 physical=564 PASS
RANK4_LOWER class=4 original_ops=10469 new_ops=7967 symbolic_rank_gates=84 paired_macros=106 conditional_clean=true
FOLD20_T10_RANK4 j=3 last=true low=true old_ops=10469 ops=7967
RANK4_LOWER class=3 original_ops=54757 new_ops=47747 symbolic_rank_gates=704 paired_macros=770 conditional_clean=true
FOLD20_T10_RANK4 j=3 last=false low=true old_ops=54757 ops=47747
FOLD20_PASSIVE_LOWER old=688 new=1138 macros=8 gathers=0
FOLD20_PASSIVE_LOWER old=260 new=664 macros=6 gathers=0
FOLD20_PASSIVE_LOWER old=1082 new=6864 macros=22 gathers=0
Q796_HOLE block=74 j=0 touches=0
Q796_HOLE block=74 j=0 touches=0
Q796_HOLE block=74 j=0 touches=0
FOLD20_FULL_STEP_BLOCK block=74 j=0 ops=319806 T=198191 physical=564 PASS
RANK4_LOWER class=4 original_ops=10613 new_ops=8079 symbolic_rank_gates=84 paired_macros=106 conditional_clean=true
FOLD20_T10_RANK4 j=3 last=true low=true old_ops=10613 ops=8079
RANK4_LOWER class=3 original_ops=54985 new_ops=47947 symbolic_rank_gates=704 paired_macros=770 conditional_clean=true
FOLD20_T10_RANK4 j=3 last=false low=true old_ops=54985 ops=47947
FOLD20_PASSIVE_LOWER old=688 new=1138 macros=8 gathers=0
FOLD20_PASSIVE_LOWER old=260 new=664 macros=6 gathers=0
FOLD20_PASSIVE_LOWER old=1082 new=6864 macros=22 gathers=0
Q796_HOLE block=75 j=0 touches=0
Q796_HOLE block=75 j=0 touches=0
Q796_HOLE block=75 j=0 touches=0
FOLD20_FULL_STEP_BLOCK block=75 j=0 ops=320432 T=198473 physical=564 PASS
RANK4_LOWER class=4 original_ops=10717 new_ops=8167 symbolic_rank_gates=84 paired_macros=106 conditional_clean=true
FOLD20_T10_RANK4 j=3 last=true low=true old_ops=10717 ops=8167
RANK4_LOWER class=3 original_ops=55213 new_ops=48139 symbolic_rank_gates=704 paired_macros=770 conditional_clean=true
FOLD20_T10_RANK4 j=3 last=false low=true old_ops=55213 ops=48139
FOLD20_PASSIVE_LOWER old=688 new=1138 macros=8 gathers=0
FOLD20_PASSIVE_LOWER old=260 new=664 macros=6 gathers=0
FOLD20_PASSIVE_LOWER old=1082 new=6864 macros=22 gathers=0
Q796_HOLE block=76 j=0 touches=0
Q796_HOLE block=76 j=0 touches=0
Q796_HOLE block=76 j=0 touches=0
FOLD20_FULL_STEP_BLOCK block=76 j=0 ops=321250 T=198907 physical=564 PASS
RANK4_LOWER class=4 original_ops=10837 new_ops=8263 symbolic_rank_gates=84 paired_macros=106 conditional_clean=true
FOLD20_T10_RANK4 j=3 last=true low=true old_ops=10837 ops=8263
RANK4_LOWER class=3 original_ops=55437 new_ops=48335 symbolic_rank_gates=704 paired_macros=770 conditional_clean=true
FOLD20_T10_RANK4 j=3 last=false low=true old_ops=55437 ops=48335
FOLD20_PASSIVE_LOWER old=688 new=1138 macros=8 gathers=0
FOLD20_PASSIVE_LOWER old=260 new=664 macros=6 gathers=0
FOLD20_PASSIVE_LOWER old=1082 new=6864 macros=22 gathers=0
Q796_HOLE block=77 j=0 touches=0
Q796_HOLE block=77 j=0 touches=0
Q796_HOLE block=77 j=0 touches=0
FOLD20_FULL_STEP_BLOCK block=77 j=0 ops=321896 T=199193 physical=564 PASS
RANK4_LOWER class=4 original_ops=11025 new_ops=8411 symbolic_rank_gates=84 paired_macros=106 conditional_clean=true
FOLD20_T10_RANK4 j=3 last=true low=true old_ops=11025 ops=8411
RANK4_LOWER class=3 original_ops=56029 new_ops=48779 symbolic_rank_gates=704 paired_macros=770 conditional_clean=true
FOLD20_T10_RANK4 j=3 last=false low=true old_ops=56029 ops=48779
FOLD20_PASSIVE_LOWER old=688 new=1138 macros=8 gathers=0
FOLD20_PASSIVE_LOWER old=260 new=664 macros=6 gathers=0
FOLD20_PASSIVE_LOWER old=1082 new=6864 macros=22 gathers=0
Q796_HOLE block=78 j=0 touches=0
Q796_HOLE block=78 j=0 touches=0
Q796_HOLE block=78 j=0 touches=0
FOLD20_FULL_STEP_BLOCK block=78 j=0 ops=323376 T=199979 physical=564 PASS
RANK4_LOWER class=4 original_ops=11193 new_ops=8547 symbolic_rank_gates=84 paired_macros=106 conditional_clean=true
FOLD20_T10_RANK4 j=3 last=true low=true old_ops=11193 ops=8547
RANK4_LOWER class=3 original_ops=56281 new_ops=49003 symbolic_rank_gates=704 paired_macros=770 conditional_clean=true
FOLD20_T10_RANK4 j=3 last=false low=true old_ops=56281 ops=49003
FOLD20_PASSIVE_LOWER old=688 new=1138 macros=8 gathers=0
FOLD20_PASSIVE_LOWER old=260 new=664 macros=6 gathers=0
FOLD20_PASSIVE_LOWER old=1082 new=6864 macros=22 gathers=0
Q796_HOLE block=79 j=0 touches=0
Q796_HOLE block=79 j=0 touches=0
Q796_HOLE block=79 j=0 touches=0
FOLD20_FULL_STEP_BLOCK block=79 j=0 ops=324108 T=200295 physical=564 PASS
RANK4_LOWER class=4 original_ops=11297 new_ops=8635 symbolic_rank_gates=84 paired_macros=106 conditional_clean=true
FOLD20_T10_RANK4 j=3 last=true low=true old_ops=11297 ops=8635
RANK4_LOWER class=3 original_ops=56541 new_ops=49211 symbolic_rank_gates=704 paired_macros=770 conditional_clean=true
FOLD20_T10_RANK4 j=3 last=false low=true old_ops=56541 ops=49211
FOLD20_PASSIVE_LOWER old=688 new=1138 macros=8 gathers=0
FOLD20_PASSIVE_LOWER old=260 new=664 macros=6 gathers=0
FOLD20_PASSIVE_LOWER old=1082 new=6864 macros=22 gathers=0
Q796_HOLE block=80 j=0 touches=0
Q796_HOLE block=80 j=0 touches=0
Q796_HOLE block=80 j=0 touches=0
FOLD20_FULL_STEP_BLOCK block=80 j=0 ops=324920 T=200707 physical=564 PASS
RANK4_LOWER class=4 original_ops=11417 new_ops=8731 symbolic_rank_gates=84 paired_macros=106 conditional_clean=true
FOLD20_T10_RANK4 j=3 last=true low=true old_ops=11417 ops=8731
RANK4_LOWER class=3 original_ops=56797 new_ops=49423 symbolic_rank_gates=704 paired_macros=770 conditional_clean=true
FOLD20_T10_RANK4 j=3 last=false low=true old_ops=56797 ops=49423
FOLD20_PASSIVE_LOWER old=688 new=1138 macros=8 gathers=0
FOLD20_PASSIVE_LOWER old=260 new=664 macros=6 gathers=0
FOLD20_PASSIVE_LOWER old=1082 new=6864 macros=22 gathers=0
Q796_HOLE block=81 j=0 touches=0
Q796_HOLE block=81 j=0 touches=0
Q796_HOLE block=81 j=0 touches=0
FOLD20_FULL_STEP_BLOCK block=81 j=0 ops=325584 T=201003 physical=564 PASS
RANK4_LOWER class=4 original_ops=11521 new_ops=8819 symbolic_rank_gates=84 paired_macros=106 conditional_clean=true
FOLD20_T10_RANK4 j=3 last=true low=true old_ops=11521 ops=8819
RANK4_LOWER class=3 original_ops=57049 new_ops=49631 symbolic_rank_gates=704 paired_macros=770 conditional_clean=true
FOLD20_T10_RANK4 j=3 last=false low=true old_ops=57049 ops=49631
FOLD20_PASSIVE_LOWER old=688 new=1138 macros=8 gathers=0
FOLD20_PASSIVE_LOWER old=260 new=664 macros=6 gathers=0
FOLD20_PASSIVE_LOWER old=1082 new=6864 macros=22 gathers=0
Q796_HOLE block=82 j=0 touches=0
Q796_HOLE block=82 j=0 touches=0
Q796_HOLE block=82 j=0 touches=0
FOLD20_FULL_STEP_BLOCK block=82 j=0 ops=326566 T=201525 physical=564 PASS
RANK4_LOWER class=4 original_ops=11689 new_ops=8947 symbolic_rank_gates=84 paired_macros=106 conditional_clean=true
FOLD20_T10_RANK4 j=3 last=true low=true old_ops=11689 ops=8947
RANK4_LOWER class=3 original_ops=57301 new_ops=49847 symbolic_rank_gates=704 paired_macros=770 conditional_clean=true
FOLD20_T10_RANK4 j=3 last=false low=true old_ops=57301 ops=49847
FOLD20_PASSIVE_LOWER old=688 new=1138 macros=8 gathers=0
FOLD20_PASSIVE_LOWER old=260 new=664 macros=6 gathers=0
FOLD20_PASSIVE_LOWER old=1082 new=6864 macros=22 gathers=0
Q796_HOLE block=83 j=0 touches=0
Q796_HOLE block=83 j=0 touches=0
Q796_HOLE block=83 j=0 touches=0
FOLD20_FULL_STEP_BLOCK block=83 j=0 ops=327282 T=201847 physical=564 PASS
RANK4_LOWER class=4 original_ops=11793 new_ops=9035 symbolic_rank_gates=84 paired_macros=106 conditional_clean=true
FOLD20_T10_RANK4 j=3 last=true low=true old_ops=11793 ops=9035
RANK4_LOWER class=3 original_ops=57553 new_ops=50067 symbolic_rank_gates=704 paired_macros=770 conditional_clean=true
FOLD20_T10_RANK4 j=3 last=false low=true old_ops=57553 ops=50067
FOLD20_PASSIVE_LOWER old=688 new=1138 macros=8 gathers=0
FOLD20_PASSIVE_LOWER old=260 new=664 macros=6 gathers=0
FOLD20_PASSIVE_LOWER old=1082 new=6864 macros=22 gathers=0
Q796_HOLE block=84 j=0 touches=0
Q796_HOLE block=84 j=0 touches=0
Q796_HOLE block=84 j=0 touches=0
FOLD20_FULL_STEP_BLOCK block=84 j=0 ops=328112 T=202279 physical=564 PASS
RANK4_LOWER class=4 original_ops=11913 new_ops=9131 symbolic_rank_gates=84 paired_macros=106 conditional_clean=true
FOLD20_T10_RANK4 j=3 last=true low=true old_ops=11913 ops=9131
RANK4_LOWER class=3 original_ops=57801 new_ops=50295 symbolic_rank_gates=704 paired_macros=770 conditional_clean=true
FOLD20_T10_RANK4 j=3 last=false low=true old_ops=57801 ops=50295
FOLD20_PASSIVE_LOWER old=688 new=1138 macros=8 gathers=0
FOLD20_PASSIVE_LOWER old=260 new=664 macros=6 gathers=0
FOLD20_PASSIVE_LOWER old=1082 new=6864 macros=22 gathers=0
Q796_HOLE block=85 j=0 touches=0
Q796_HOLE block=85 j=0 touches=0
Q796_HOLE block=85 j=0 touches=0
FOLD20_FULL_STEP_BLOCK block=85 j=0 ops=328742 T=202553 physical=564 PASS
RANK4_LOWER class=4 original_ops=12017 new_ops=9219 symbolic_rank_gates=84 paired_macros=106 conditional_clean=true
FOLD20_T10_RANK4 j=3 last=true low=true old_ops=12017 ops=9219
RANK4_LOWER class=3 original_ops=58045 new_ops=50503 symbolic_rank_gates=704 paired_macros=770 conditional_clean=true
FOLD20_T10_RANK4 j=3 last=false low=true old_ops=58045 ops=50503
FOLD20_PASSIVE_LOWER old=688 new=1138 macros=8 gathers=0
FOLD20_PASSIVE_LOWER old=260 new=664 macros=6 gathers=0
FOLD20_PASSIVE_LOWER old=1082 new=6864 macros=22 gathers=0
Q796_HOLE block=86 j=0 touches=0
Q796_HOLE block=86 j=0 touches=0
Q796_HOLE block=86 j=0 touches=0
FOLD20_FULL_STEP_BLOCK block=86 j=0 ops=329652 T=203061 physical=564 PASS
RANK4_LOWER class=4 original_ops=12181 new_ops=9351 symbolic_rank_gates=84 paired_macros=106 conditional_clean=true
FOLD20_T10_RANK4 j=3 last=true low=true old_ops=12181 ops=9351
RANK4_LOWER class=3 original_ops=58293 new_ops=50723 symbolic_rank_gates=704 paired_macros=770 conditional_clean=true
FOLD20_T10_RANK4 j=3 last=false low=true old_ops=58293 ops=50723
FOLD20_PASSIVE_LOWER old=688 new=1138 macros=8 gathers=0
FOLD20_PASSIVE_LOWER old=260 new=664 macros=6 gathers=0
FOLD20_PASSIVE_LOWER old=1082 new=6864 macros=22 gathers=0
Q796_HOLE block=87 j=0 touches=0
Q796_HOLE block=87 j=0 touches=0
Q796_HOLE block=87 j=0 touches=0
FOLD20_FULL_STEP_BLOCK block=87 j=0 ops=330370 T=203377 physical=564 PASS
RANK4_LOWER class=4 original_ops=12285 new_ops=9439 symbolic_rank_gates=84 paired_macros=106 conditional_clean=true
FOLD20_T10_RANK4 j=3 last=true low=true old_ops=12285 ops=9439
RANK4_LOWER class=3 original_ops=58545 new_ops=50931 symbolic_rank_gates=704 paired_macros=770 conditional_clean=true
FOLD20_T10_RANK4 j=3 last=false low=true old_ops=58545 ops=50931
FOLD20_PASSIVE_LOWER old=688 new=1138 macros=8 gathers=0
FOLD20_PASSIVE_LOWER old=260 new=664 macros=6 gathers=0
FOLD20_PASSIVE_LOWER old=1082 new=6864 macros=22 gathers=0
Q796_HOLE block=88 j=0 touches=0
Q796_HOLE block=88 j=0 touches=0
Q796_HOLE block=88 j=0 touches=0
FOLD20_FULL_STEP_BLOCK block=88 j=0 ops=331220 T=203817 physical=564 PASS
RANK4_LOWER class=4 original_ops=12405 new_ops=9535 symbolic_rank_gates=84 paired_macros=106 conditional_clean=true
FOLD20_T10_RANK4 j=3 last=true low=true old_ops=12405 ops=9535
RANK4_LOWER class=3 original_ops=58793 new_ops=51143 symbolic_rank_gates=704 paired_macros=770 conditional_clean=true
FOLD20_T10_RANK4 j=3 last=false low=true old_ops=58793 ops=51143
FOLD20_PASSIVE_LOWER old=688 new=1138 macros=8 gathers=0
FOLD20_PASSIVE_LOWER old=260 new=664 macros=6 gathers=0
FOLD20_PASSIVE_LOWER old=1082 new=6864 macros=22 gathers=0
Q796_HOLE block=89 j=0 touches=0
Q796_HOLE block=89 j=0 touches=0
Q796_HOLE block=89 j=0 touches=0
FOLD20_FULL_STEP_BLOCK block=89 j=0 ops=331886 T=204113 physical=564 PASS
RANK4_LOWER class=4 original_ops=12509 new_ops=9623 symbolic_rank_gates=84 paired_macros=106 conditional_clean=true
FOLD20_T10_RANK4 j=3 last=true low=true old_ops=12509 ops=9623
RANK4_LOWER class=3 original_ops=59037 new_ops=51351 symbolic_rank_gates=704 paired_macros=770 conditional_clean=true
FOLD20_T10_RANK4 j=3 last=false low=true old_ops=59037 ops=51351
FOLD20_PASSIVE_LOWER old=688 new=1138 macros=8 gathers=0
FOLD20_PASSIVE_LOWER old=260 new=664 macros=6 gathers=0
FOLD20_PASSIVE_LOWER old=1082 new=6864 macros=22 gathers=0
Q796_HOLE block=90 j=0 touches=0
Q796_HOLE block=90 j=0 touches=0
Q796_HOLE block=90 j=0 touches=0
FOLD20_FULL_STEP_BLOCK block=90 j=0 ops=332852 T=204635 physical=564 PASS
RANK4_LOWER class=4 original_ops=12669 new_ops=9751 symbolic_rank_gates=84 paired_macros=106 conditional_clean=true
FOLD20_T10_RANK4 j=3 last=true low=true old_ops=12669 ops=9751
RANK4_LOWER class=3 original_ops=59281 new_ops=51567 symbolic_rank_gates=704 paired_macros=770 conditional_clean=true
FOLD20_T10_RANK4 j=3 last=false low=true old_ops=59281 ops=51567
FOLD20_PASSIVE_LOWER old=688 new=1138 macros=8 gathers=0
FOLD20_PASSIVE_LOWER old=260 new=664 macros=6 gathers=0
FOLD20_PASSIVE_LOWER old=1082 new=6864 macros=22 gathers=0
Q796_HOLE block=91 j=0 touches=0
Q796_HOLE block=91 j=0 touches=0
Q796_HOLE block=91 j=0 touches=0
FOLD20_FULL_STEP_BLOCK block=91 j=0 ops=333520 T=204929 physical=564 PASS
RANK4_LOWER class=4 original_ops=12773 new_ops=9839 symbolic_rank_gates=84 paired_macros=106 conditional_clean=true
FOLD20_T10_RANK4 j=3 last=true low=true old_ops=12773 ops=9839
RANK4_LOWER class=3 original_ops=59525 new_ops=51775 symbolic_rank_gates=704 paired_macros=770 conditional_clean=true
FOLD20_T10_RANK4 j=3 last=false low=true old_ops=59525 ops=51775
FOLD20_PASSIVE_LOWER old=688 new=1138 macros=8 gathers=0
FOLD20_PASSIVE_LOWER old=260 new=664 macros=6 gathers=0
FOLD20_PASSIVE_LOWER old=1082 new=6864 macros=22 gathers=0
Q796_HOLE block=92 j=0 touches=0
Q796_HOLE block=92 j=0 touches=0
Q796_HOLE block=92 j=0 touches=0
FOLD20_FULL_STEP_BLOCK block=92 j=0 ops=334352 T=205363 physical=564 PASS
RANK4_LOWER class=4 original_ops=12893 new_ops=9935 symbolic_rank_gates=84 paired_macros=106 conditional_clean=true
FOLD20_T10_RANK4 j=3 last=true low=true old_ops=12893 ops=9935
RANK4_LOWER class=3 original_ops=59765 new_ops=51987 symbolic_rank_gates=704 paired_macros=770 conditional_clean=true
FOLD20_T10_RANK4 j=3 last=false low=true old_ops=59765 ops=51987
FOLD20_PASSIVE_LOWER old=688 new=1138 macros=8 gathers=0
FOLD20_PASSIVE_LOWER old=260 new=664 macros=6 gathers=0
FOLD20_PASSIVE_LOWER old=1082 new=6864 macros=22 gathers=0
Q796_HOLE block=93 j=0 touches=0
Q796_HOLE block=93 j=0 touches=0
Q796_HOLE block=93 j=0 touches=0
FOLD20_FULL_STEP_BLOCK block=93 j=0 ops=335030 T=205665 physical=564 PASS
RANK4_LOWER class=4 original_ops=12997 new_ops=10023 symbolic_rank_gates=84 paired_macros=106 conditional_clean=true
FOLD20_T10_RANK4 j=3 last=true low=true old_ops=12997 ops=10023
RANK4_LOWER class=3 original_ops=60001 new_ops=52195 symbolic_rank_gates=704 paired_macros=770 conditional_clean=true
FOLD20_T10_RANK4 j=3 last=false low=true old_ops=60001 ops=52195
FOLD20_PASSIVE_LOWER old=688 new=1138 macros=8 gathers=0
FOLD20_PASSIVE_LOWER old=260 new=664 macros=6 gathers=0
FOLD20_PASSIVE_LOWER old=1082 new=6864 macros=22 gathers=0
Q796_HOLE block=94 j=0 touches=0
Q796_HOLE block=94 j=0 touches=0
Q796_HOLE block=94 j=0 touches=0
FOLD20_FULL_STEP_BLOCK block=94 j=0 ops=336428 T=206623 physical=564 PASS
RANK4_LOWER class=4 original_ops=13289 new_ops=10177 symbolic_rank_gates=84 paired_macros=116 conditional_clean=true
FOLD20_T10_RANK4 j=3 last=true low=true old_ops=13289 ops=10177
RANK4_LOWER class=3 original_ops=60357 new_ops=52417 symbolic_rank_gates=704 paired_macros=780 conditional_clean=true
FOLD20_T10_RANK4 j=3 last=false low=true old_ops=60357 ops=52417
FOLD20_PASSIVE_LOWER old=688 new=1138 macros=8 gathers=0
FOLD20_PASSIVE_LOWER old=260 new=664 macros=6 gathers=0
FOLD20_PASSIVE_LOWER old=1082 new=6864 macros=22 gathers=0
Q796_HOLE block=95 j=0 touches=0
Q796_HOLE block=95 j=0 touches=0
Q796_HOLE block=95 j=0 touches=0
FOLD20_FULL_STEP_BLOCK block=95 j=0 ops=337218 T=207045 physical=564 PASS
RANK4_LOWER class=4 original_ops=13397 new_ops=10269 symbolic_rank_gates=84 paired_macros=116 conditional_clean=true
FOLD20_T10_RANK4 j=3 last=true low=true old_ops=13397 ops=10269
RANK4_LOWER class=3 original_ops=60565 new_ops=52589 symbolic_rank_gates=704 paired_macros=780 conditional_clean=true
FOLD20_T10_RANK4 j=3 last=false low=true old_ops=60565 ops=52589
FOLD20_PASSIVE_LOWER old=688 new=1138 macros=8 gathers=0
FOLD20_PASSIVE_LOWER old=260 new=664 macros=6 gathers=0
FOLD20_PASSIVE_LOWER old=1082 new=6864 macros=22 gathers=0
Q796_HOLE block=96 j=0 touches=0
Q796_HOLE block=96 j=0 touches=0
Q796_HOLE block=96 j=0 touches=0
FOLD20_FULL_STEP_BLOCK block=96 j=0 ops=337994 T=207431 physical=564 PASS
RANK4_LOWER class=4 original_ops=13517 new_ops=10365 symbolic_rank_gates=84 paired_macros=116 conditional_clean=true
FOLD20_T10_RANK4 j=3 last=true low=true old_ops=13517 ops=10365
RANK4_LOWER class=3 original_ops=60757 new_ops=52753 symbolic_rank_gates=704 paired_macros=780 conditional_clean=true
FOLD20_T10_RANK4 j=3 last=false low=true old_ops=60757 ops=52753
FOLD20_PASSIVE_LOWER old=688 new=1138 macros=8 gathers=0
FOLD20_PASSIVE_LOWER old=260 new=664 macros=6 gathers=0
FOLD20_PASSIVE_LOWER old=1082 new=6864 macros=22 gathers=0
Q796_HOLE block=97 j=0 touches=0
Q796_HOLE block=97 j=0 touches=0
Q796_HOLE block=97 j=0 touches=0
FOLD20_FULL_STEP_BLOCK block=97 j=0 ops=338554 T=207679 physical=564 PASS
RANK4_LOWER class=4 original_ops=13625 new_ops=10457 symbolic_rank_gates=84 paired_macros=116 conditional_clean=true
FOLD20_T10_RANK4 j=3 last=true low=true old_ops=13625 ops=10457
RANK4_LOWER class=3 original_ops=61029 new_ops=52973 symbolic_rank_gates=704 paired_macros=780 conditional_clean=true
FOLD20_T10_RANK4 j=3 last=false low=true old_ops=61029 ops=52973
FOLD20_PASSIVE_LOWER old=688 new=1138 macros=8 gathers=0
FOLD20_PASSIVE_LOWER old=260 new=664 macros=6 gathers=0
FOLD20_PASSIVE_LOWER old=1082 new=6864 macros=22 gathers=0
Q796_HOLE block=98 j=0 touches=0
Q796_HOLE block=98 j=0 touches=0
Q796_HOLE block=98 j=0 touches=0
FOLD20_FULL_STEP_BLOCK block=98 j=0 ops=339560 T=208203 physical=564 PASS
RANK4_LOWER class=4 original_ops=13761 new_ops=10561 symbolic_rank_gates=84 paired_macros=116 conditional_clean=true
FOLD20_T10_RANK4 j=3 last=true low=true old_ops=13761 ops=10561
RANK4_LOWER class=3 original_ops=61241 new_ops=53157 symbolic_rank_gates=704 paired_macros=780 conditional_clean=true
FOLD20_T10_RANK4 j=3 last=false low=true old_ops=61241 ops=53157
FOLD20_PASSIVE_LOWER old=688 new=1138 macros=8 gathers=0
FOLD20_PASSIVE_LOWER old=260 new=664 macros=6 gathers=0
FOLD20_PASSIVE_LOWER old=1082 new=6864 macros=22 gathers=0
Q796_HOLE block=99 j=0 touches=0
Q796_HOLE block=99 j=0 touches=0
Q796_HOLE block=99 j=0 touches=0
FOLD20_FULL_STEP_BLOCK block=99 j=0 ops=340188 T=208477 physical=564 PASS
RANK4_LOWER class=4 original_ops=13865 new_ops=10649 symbolic_rank_gates=84 paired_macros=116 conditional_clean=true
FOLD20_T10_RANK4 j=3 last=true low=true old_ops=13865 ops=10649
RANK4_LOWER class=3 original_ops=61453 new_ops=53333 symbolic_rank_gates=704 paired_macros=780 conditional_clean=true
FOLD20_T10_RANK4 j=3 last=false low=true old_ops=61453 ops=53333
FOLD20_PASSIVE_LOWER old=688 new=1138 macros=8 gathers=0
FOLD20_PASSIVE_LOWER old=260 new=664 macros=6 gathers=0
FOLD20_PASSIVE_LOWER old=1082 new=6864 macros=22 gathers=0
Q796_HOLE block=100 j=0 touches=0
Q796_HOLE block=100 j=0 touches=0
Q796_HOLE block=100 j=0 touches=0
FOLD20_FULL_STEP_BLOCK block=100 j=0 ops=340956 T=208879 physical=564 PASS
RANK4_LOWER class=4 original_ops=13985 new_ops=10745 symbolic_rank_gates=84 paired_macros=116 conditional_clean=true
FOLD20_T10_RANK4 j=3 last=true low=true old_ops=13985 ops=10745
RANK4_LOWER class=3 original_ops=61661 new_ops=53513 symbolic_rank_gates=704 paired_macros=780 conditional_clean=true
FOLD20_T10_RANK4 j=3 last=false low=true old_ops=61661 ops=53513
FOLD20_PASSIVE_LOWER old=688 new=1138 macros=8 gathers=0
FOLD20_PASSIVE_LOWER old=260 new=664 macros=6 gathers=0
FOLD20_PASSIVE_LOWER old=1082 new=6864 macros=22 gathers=0
Q796_HOLE block=101 j=0 touches=0
Q796_HOLE block=101 j=0 touches=0
Q796_HOLE block=101 j=0 touches=0
FOLD20_FULL_STEP_BLOCK block=101 j=0 ops=341524 T=209121 physical=564 PASS
RANK4_LOWER class=4 original_ops=14113 new_ops=10849 symbolic_rank_gates=84 paired_macros=116 conditional_clean=true
FOLD20_T10_RANK4 j=3 last=true low=true old_ops=14113 ops=10849
RANK4_LOWER class=3 original_ops=62045 new_ops=53813 symbolic_rank_gates=704 paired_macros=780 conditional_clean=true
FOLD20_T10_RANK4 j=3 last=false low=true old_ops=62045 ops=53813
FOLD20_PASSIVE_LOWER old=688 new=1138 macros=8 gathers=0
FOLD20_PASSIVE_LOWER old=260 new=664 macros=6 gathers=0
FOLD20_PASSIVE_LOWER old=1082 new=6864 macros=22 gathers=0
Q796_HOLE block=102 j=0 touches=0
Q796_HOLE block=102 j=0 touches=0
Q796_HOLE block=102 j=0 touches=0
FOLD20_FULL_STEP_BLOCK block=102 j=0 ops=342656 T=209737 physical=564 PASS
RANK4_LOWER class=4 original_ops=14261 new_ops=10965 symbolic_rank_gates=84 paired_macros=116 conditional_clean=true
FOLD20_T10_RANK4 j=3 last=true low=true old_ops=14261 ops=10965
RANK4_LOWER class=3 original_ops=62277 new_ops=54017 symbolic_rank_gates=704 paired_macros=780 conditional_clean=true
FOLD20_T10_RANK4 j=3 last=false low=true old_ops=62277 ops=54017
FOLD20_PASSIVE_LOWER old=688 new=1138 macros=8 gathers=0
FOLD20_PASSIVE_LOWER old=260 new=664 macros=6 gathers=0
FOLD20_PASSIVE_LOWER old=1082 new=6864 macros=22 gathers=0
Q796_HOLE block=103 j=0 touches=0
Q796_HOLE block=103 j=0 touches=0
Q796_HOLE block=103 j=0 touches=0
FOLD20_FULL_STEP_BLOCK block=103 j=0 ops=343328 T=210029 physical=564 PASS
RANK4_LOWER class=4 original_ops=14365 new_ops=11053 symbolic_rank_gates=84 paired_macros=116 conditional_clean=true
FOLD20_T10_RANK4 j=3 last=true low=true old_ops=14365 ops=11053
RANK4_LOWER class=3 original_ops=62513 new_ops=54209 symbolic_rank_gates=704 paired_macros=780 conditional_clean=true
FOLD20_T10_RANK4 j=3 last=false low=true old_ops=62513 ops=54209
FOLD20_PASSIVE_LOWER old=688 new=1138 macros=8 gathers=0
FOLD20_PASSIVE_LOWER old=260 new=664 macros=6 gathers=0
FOLD20_PASSIVE_LOWER old=1082 new=6864 macros=22 gathers=0
Q796_HOLE block=104 j=0 touches=0
Q796_HOLE block=104 j=0 touches=0
Q796_HOLE block=104 j=0 touches=0
FOLD20_FULL_STEP_BLOCK block=104 j=0 ops=344146 T=210453 physical=564 PASS
RANK4_LOWER class=4 original_ops=14485 new_ops=11149 symbolic_rank_gates=84 paired_macros=116 conditional_clean=true
FOLD20_T10_RANK4 j=3 last=true low=true old_ops=14485 ops=11149
RANK4_LOWER class=3 original_ops=62745 new_ops=54405 symbolic_rank_gates=704 paired_macros=780 conditional_clean=true
FOLD20_T10_RANK4 j=3 last=false low=true old_ops=62745 ops=54405
FOLD20_PASSIVE_LOWER old=688 new=1138 macros=8 gathers=0
FOLD20_PASSIVE_LOWER old=260 new=664 macros=6 gathers=0
FOLD20_PASSIVE_LOWER old=1082 new=6864 macros=22 gathers=0
Q796_HOLE block=105 j=0 touches=0
Q796_HOLE block=105 j=0 touches=0
Q796_HOLE block=105 j=0 touches=0
FOLD20_FULL_STEP_BLOCK block=105 j=0 ops=344778 T=210731 physical=564 PASS
RANK4_LOWER class=4 original_ops=14589 new_ops=11237 symbolic_rank_gates=84 paired_macros=116 conditional_clean=true
FOLD20_T10_RANK4 j=3 last=true low=true old_ops=14589 ops=11237
RANK4_LOWER class=3 original_ops=62973 new_ops=54597 symbolic_rank_gates=704 paired_macros=780 conditional_clean=true
FOLD20_T10_RANK4 j=3 last=false low=true old_ops=62973 ops=54597
FOLD20_PASSIVE_LOWER old=688 new=1138 macros=8 gathers=0
FOLD20_PASSIVE_LOWER old=260 new=664 macros=6 gathers=0
FOLD20_PASSIVE_LOWER old=1082 new=6864 macros=22 gathers=0
Q796_HOLE block=106 j=0 touches=0
Q796_HOLE block=106 j=0 touches=0
Q796_HOLE block=106 j=0 touches=0
FOLD20_FULL_STEP_BLOCK block=106 j=0 ops=345696 T=211229 physical=564 PASS
RANK4_LOWER class=4 original_ops=14733 new_ops=11349 symbolic_rank_gates=84 paired_macros=116 conditional_clean=true
FOLD20_T10_RANK4 j=3 last=true low=true old_ops=14733 ops=11349
RANK4_LOWER class=3 original_ops=63201 new_ops=54797 symbolic_rank_gates=704 paired_macros=780 conditional_clean=true
FOLD20_T10_RANK4 j=3 last=false low=true old_ops=63201 ops=54797
FOLD20_PASSIVE_LOWER old=688 new=1138 macros=8 gathers=0
FOLD20_PASSIVE_LOWER old=260 new=664 macros=6 gathers=0
FOLD20_PASSIVE_LOWER old=1082 new=6864 macros=22 gathers=0
Q796_HOLE block=107 j=0 touches=0
Q796_HOLE block=107 j=0 touches=0
Q796_HOLE block=107 j=0 touches=0
FOLD20_FULL_STEP_BLOCK block=107 j=0 ops=346312 T=211499 physical=564 PASS
RANK4_LOWER class=4 original_ops=14837 new_ops=11437 symbolic_rank_gates=84 paired_macros=116 conditional_clean=true
FOLD20_T10_RANK4 j=3 last=true low=true old_ops=14837 ops=11437
RANK4_LOWER class=3 original_ops=63429 new_ops=54989 symbolic_rank_gates=704 paired_macros=780 conditional_clean=true
FOLD20_T10_RANK4 j=3 last=false low=true old_ops=63429 ops=54989
FOLD20_PASSIVE_LOWER old=688 new=1138 macros=8 gathers=0
FOLD20_PASSIVE_LOWER old=260 new=664 macros=6 gathers=0
FOLD20_PASSIVE_LOWER old=1082 new=6864 macros=22 gathers=0
Q796_HOLE block=108 j=0 touches=0
Q796_HOLE block=108 j=0 touches=0
Q796_HOLE block=108 j=0 touches=0
FOLD20_FULL_STEP_BLOCK block=108 j=0 ops=347110 T=211917 physical=564 PASS
RANK4_LOWER class=4 original_ops=14957 new_ops=11533 symbolic_rank_gates=84 paired_macros=116 conditional_clean=true
FOLD20_T10_RANK4 j=3 last=true low=true old_ops=14957 ops=11533
RANK4_LOWER class=3 original_ops=63653 new_ops=55185 symbolic_rank_gates=704 paired_macros=780 conditional_clean=true
FOLD20_T10_RANK4 j=3 last=false low=true old_ops=63653 ops=55185
FOLD20_PASSIVE_LOWER old=688 new=1138 macros=8 gathers=0
FOLD20_PASSIVE_LOWER old=260 new=664 macros=6 gathers=0
FOLD20_PASSIVE_LOWER old=1082 new=6864 macros=22 gathers=0
Q796_HOLE block=109 j=0 touches=0
Q796_HOLE block=109 j=0 touches=0
Q796_HOLE block=109 j=0 touches=0
FOLD20_FULL_STEP_BLOCK block=109 j=0 ops=347756 T=212203 physical=564 PASS
RANK4_LOWER class=4 original_ops=15145 new_ops=11681 symbolic_rank_gates=84 paired_macros=116 conditional_clean=true
FOLD20_T10_RANK4 j=3 last=true low=true old_ops=15145 ops=11681
RANK4_LOWER class=3 original_ops=64245 new_ops=55629 symbolic_rank_gates=704 paired_macros=780 conditional_clean=true
FOLD20_T10_RANK4 j=3 last=false low=true old_ops=64245 ops=55629
FOLD20_PASSIVE_LOWER old=688 new=1138 macros=8 gathers=0
FOLD20_PASSIVE_LOWER old=260 new=664 macros=6 gathers=0
FOLD20_PASSIVE_LOWER old=1082 new=6864 macros=22 gathers=0
Q796_HOLE block=110 j=0 touches=0
Q796_HOLE block=110 j=0 touches=0
Q796_HOLE block=110 j=0 touches=0
FOLD20_FULL_STEP_BLOCK block=110 j=0 ops=349224 T=212989 physical=564 PASS
RANK4_LOWER class=4 original_ops=15313 new_ops=11817 symbolic_rank_gates=84 paired_macros=116 conditional_clean=true
FOLD20_T10_RANK4 j=3 last=true low=true old_ops=15313 ops=11817
RANK4_LOWER class=3 original_ops=64497 new_ops=55853 symbolic_rank_gates=704 paired_macros=780 conditional_clean=true
FOLD20_T10_RANK4 j=3 last=false low=true old_ops=64497 ops=55853
FOLD20_PASSIVE_LOWER old=688 new=1138 macros=8 gathers=0
FOLD20_PASSIVE_LOWER old=260 new=664 macros=6 gathers=0
FOLD20_PASSIVE_LOWER old=1082 new=6864 macros=22 gathers=0
Q796_HOLE block=111 j=0 touches=0
Q796_HOLE block=111 j=0 touches=0
Q796_HOLE block=111 j=0 touches=0
FOLD20_FULL_STEP_BLOCK block=111 j=0 ops=349968 T=213305 physical=564 PASS
RANK4_LOWER class=4 original_ops=15417 new_ops=11905 symbolic_rank_gates=84 paired_macros=116 conditional_clean=true
FOLD20_T10_RANK4 j=3 last=true low=true old_ops=15417 ops=11905
RANK4_LOWER class=3 original_ops=64757 new_ops=56061 symbolic_rank_gates=704 paired_macros=780 conditional_clean=true
FOLD20_T10_RANK4 j=3 last=false low=true old_ops=64757 ops=56061
FOLD20_PASSIVE_LOWER old=688 new=1138 macros=8 gathers=0
FOLD20_PASSIVE_LOWER old=260 new=664 macros=6 gathers=0
FOLD20_PASSIVE_LOWER old=1082 new=6864 macros=22 gathers=0
Q796_HOLE block=112 j=0 touches=0
Q796_HOLE block=112 j=0 touches=0
Q796_HOLE block=112 j=0 touches=0
FOLD20_FULL_STEP_BLOCK block=112 j=0 ops=350780 T=213717 physical=564 PASS
RANK4_LOWER class=4 original_ops=15537 new_ops=12001 symbolic_rank_gates=84 paired_macros=116 conditional_clean=true
FOLD20_T10_RANK4 j=3 last=true low=true old_ops=15537 ops=12001
RANK4_LOWER class=3 original_ops=65013 new_ops=56275 symbolic_rank_gates=704 paired_macros=780 conditional_clean=true
FOLD20_T10_RANK4 j=3 last=false low=true old_ops=65013 ops=56275
FOLD20_PASSIVE_LOWER old=688 new=1138 macros=8 gathers=0
FOLD20_PASSIVE_LOWER old=260 new=664 macros=6 gathers=0
FOLD20_PASSIVE_LOWER old=1082 new=6864 macros=22 gathers=0
Q796_HOLE block=113 j=0 touches=0
Q796_HOLE block=113 j=0 touches=0
Q796_HOLE block=113 j=0 touches=0
FOLD20_FULL_STEP_BLOCK block=113 j=0 ops=351444 T=214013 physical=564 PASS
RANK4_LOWER class=4 original_ops=15641 new_ops=12089 symbolic_rank_gates=84 paired_macros=116 conditional_clean=true
FOLD20_T10_RANK4 j=3 last=true low=true old_ops=15641 ops=12089
RANK4_LOWER class=3 original_ops=65265 new_ops=56483 symbolic_rank_gates=704 paired_macros=780 conditional_clean=true
FOLD20_T10_RANK4 j=3 last=false low=true old_ops=65265 ops=56483
FOLD20_PASSIVE_LOWER old=688 new=1138 macros=8 gathers=0
FOLD20_PASSIVE_LOWER old=260 new=664 macros=6 gathers=0
FOLD20_PASSIVE_LOWER old=1082 new=6864 macros=22 gathers=0
Q796_HOLE block=114 j=0 touches=0
Q796_HOLE block=114 j=0 touches=0
Q796_HOLE block=114 j=0 touches=0
FOLD20_FULL_STEP_BLOCK block=114 j=0 ops=352426 T=214535 physical=564 PASS
RANK4_LOWER class=4 original_ops=15809 new_ops=12217 symbolic_rank_gates=84 paired_macros=116 conditional_clean=true
FOLD20_T10_RANK4 j=3 last=true low=true old_ops=15809 ops=12217
RANK4_LOWER class=3 original_ops=65517 new_ops=56699 symbolic_rank_gates=704 paired_macros=780 conditional_clean=true
FOLD20_T10_RANK4 j=3 last=false low=true old_ops=65517 ops=56699
FOLD20_PASSIVE_LOWER old=688 new=1138 macros=8 gathers=0
FOLD20_PASSIVE_LOWER old=260 new=664 macros=6 gathers=0
FOLD20_PASSIVE_LOWER old=1082 new=6864 macros=22 gathers=0
Q796_HOLE block=115 j=0 touches=0
Q796_HOLE block=115 j=0 touches=0
Q796_HOLE block=115 j=0 touches=0
FOLD20_FULL_STEP_BLOCK block=115 j=0 ops=353106 T=214825 physical=564 PASS
RANK4_LOWER class=4 original_ops=15913 new_ops=12305 symbolic_rank_gates=84 paired_macros=116 conditional_clean=true
FOLD20_T10_RANK4 j=3 last=true low=true old_ops=15913 ops=12305
RANK4_LOWER class=3 original_ops=65769 new_ops=56907 symbolic_rank_gates=704 paired_macros=780 conditional_clean=true
FOLD20_T10_RANK4 j=3 last=false low=true old_ops=65769 ops=56907
FOLD20_PASSIVE_LOWER old=688 new=1138 macros=8 gathers=0
FOLD20_PASSIVE_LOWER old=260 new=664 macros=6 gathers=0
FOLD20_PASSIVE_LOWER old=1082 new=6864 macros=22 gathers=0
Q796_HOLE block=116 j=0 touches=0
Q796_HOLE block=116 j=0 touches=0
Q796_HOLE block=116 j=0 touches=0
FOLD20_FULL_STEP_BLOCK block=116 j=0 ops=353886 T=215217 physical=564 PASS
RANK4_LOWER class=4 original_ops=16033 new_ops=12401 symbolic_rank_gates=84 paired_macros=116 conditional_clean=true
FOLD20_T10_RANK4 j=3 last=true low=true old_ops=16033 ops=12401
RANK4_LOWER class=3 original_ops=66017 new_ops=57119 symbolic_rank_gates=704 paired_macros=780 conditional_clean=true
FOLD20_T10_RANK4 j=3 last=false low=true old_ops=66017 ops=57119
FOLD20_PASSIVE_LOWER old=688 new=1138 macros=8 gathers=0
FOLD20_PASSIVE_LOWER old=260 new=664 macros=6 gathers=0
FOLD20_PASSIVE_LOWER old=1082 new=6864 macros=22 gathers=0
Q796_HOLE block=117 j=0 touches=0
Q796_HOLE block=117 j=0 touches=0
Q796_HOLE block=117 j=0 touches=0
FOLD20_FULL_STEP_BLOCK block=117 j=0 ops=354470 T=215459 physical=564 PASS
RANK4_LOWER class=4 original_ops=16137 new_ops=12489 symbolic_rank_gates=84 paired_macros=116 conditional_clean=true
FOLD20_T10_RANK4 j=3 last=true low=true old_ops=16137 ops=12489
RANK4_LOWER class=3 original_ops=66261 new_ops=57327 symbolic_rank_gates=704 paired_macros=780 conditional_clean=true
FOLD20_T10_RANK4 j=3 last=false low=true old_ops=66261 ops=57327
FOLD20_PASSIVE_LOWER old=688 new=1138 macros=8 gathers=0
FOLD20_PASSIVE_LOWER old=260 new=664 macros=6 gathers=0
FOLD20_PASSIVE_LOWER old=1082 new=6864 macros=22 gathers=0
Q796_HOLE block=118 j=0 touches=0
Q796_HOLE block=118 j=0 touches=0
Q796_HOLE block=118 j=0 touches=0
FOLD20_FULL_STEP_BLOCK block=118 j=0 ops=355354 T=215961 physical=564 PASS
RANK4_LOWER class=4 original_ops=16301 new_ops=12621 symbolic_rank_gates=84 paired_macros=116 conditional_clean=true
FOLD20_T10_RANK4 j=3 last=true low=true old_ops=16301 ops=12621
RANK4_LOWER class=3 original_ops=66509 new_ops=57547 symbolic_rank_gates=704 paired_macros=780 conditional_clean=true
FOLD20_T10_RANK4 j=3 last=false low=true old_ops=66509 ops=57547
FOLD20_PASSIVE_LOWER old=688 new=1138 macros=8 gathers=0
FOLD20_PASSIVE_LOWER old=260 new=664 macros=6 gathers=0
FOLD20_PASSIVE_LOWER old=1082 new=6864 macros=22 gathers=0
Q796_HOLE block=119 j=0 touches=0
Q796_HOLE block=119 j=0 touches=0
Q796_HOLE block=119 j=0 touches=0
FOLD20_FULL_STEP_BLOCK block=119 j=0 ops=356046 T=216245 physical=564 PASS
RANK4_LOWER class=4 original_ops=16405 new_ops=12709 symbolic_rank_gates=84 paired_macros=116 conditional_clean=true
FOLD20_T10_RANK4 j=3 last=true low=true old_ops=16405 ops=12709
RANK4_LOWER class=3 original_ops=66761 new_ops=57757 symbolic_rank_gates=704 paired_macros=780 conditional_clean=true
FOLD20_T10_RANK4 j=3 last=false low=true old_ops=66761 ops=57757
FOLD20_PASSIVE_LOWER old=688 new=1138 macros=8 gathers=0
FOLD20_PASSIVE_LOWER old=260 new=664 macros=6 gathers=0
FOLD20_PASSIVE_LOWER old=1082 new=6864 macros=22 gathers=0
Q796_HOLE block=120 j=0 touches=0
Q796_HOLE block=120 j=0 touches=0
Q796_HOLE block=120 j=0 touches=0
FOLD20_FULL_STEP_BLOCK block=120 j=0 ops=356874 T=216655 physical=564 PASS
RANK4_LOWER class=4 original_ops=16525 new_ops=12805 symbolic_rank_gates=84 paired_macros=116 conditional_clean=true
FOLD20_T10_RANK4 j=3 last=true low=true old_ops=16525 ops=12805
RANK4_LOWER class=3 original_ops=67009 new_ops=57969 symbolic_rank_gates=704 paired_macros=780 conditional_clean=true
FOLD20_T10_RANK4 j=3 last=false low=true old_ops=67009 ops=57969
FOLD20_PASSIVE_LOWER old=688 new=1138 macros=8 gathers=0
FOLD20_PASSIVE_LOWER old=260 new=664 macros=6 gathers=0
FOLD20_PASSIVE_LOWER old=1082 new=6864 macros=22 gathers=0
Q796_HOLE block=121 j=0 touches=0
Q796_HOLE block=121 j=0 touches=0
Q796_HOLE block=121 j=0 touches=0
FOLD20_FULL_STEP_BLOCK block=121 j=0 ops=357518 T=216921 physical=564 PASS
RANK4_LOWER class=4 original_ops=16629 new_ops=12893 symbolic_rank_gates=84 paired_macros=116 conditional_clean=true
FOLD20_T10_RANK4 j=3 last=true low=true old_ops=16629 ops=12893
RANK4_LOWER class=3 original_ops=67253 new_ops=58177 symbolic_rank_gates=704 paired_macros=780 conditional_clean=true
FOLD20_T10_RANK4 j=3 last=false low=true old_ops=67253 ops=58177
FOLD20_PASSIVE_LOWER old=688 new=1138 macros=8 gathers=0
FOLD20_PASSIVE_LOWER old=260 new=664 macros=6 gathers=0
FOLD20_PASSIVE_LOWER old=1082 new=6864 macros=22 gathers=0
Q796_HOLE block=122 j=0 touches=0
Q796_HOLE block=122 j=0 touches=0
Q796_HOLE block=122 j=0 touches=0
FOLD20_FULL_STEP_BLOCK block=122 j=0 ops=358472 T=217443 physical=564 PASS
RANK4_LOWER class=4 original_ops=16789 new_ops=13021 symbolic_rank_gates=84 paired_macros=116 conditional_clean=true
FOLD20_T10_RANK4 j=3 last=true low=true old_ops=16789 ops=13021
RANK4_LOWER class=3 original_ops=67497 new_ops=58393 symbolic_rank_gates=704 paired_macros=780 conditional_clean=true
FOLD20_T10_RANK4 j=3 last=false low=true old_ops=67497 ops=58393
FOLD20_PASSIVE_LOWER old=688 new=1138 macros=8 gathers=0
FOLD20_PASSIVE_LOWER old=260 new=664 macros=6 gathers=0
FOLD20_PASSIVE_LOWER old=1082 new=6864 macros=22 gathers=0
Q796_HOLE block=123 j=0 touches=0
Q796_HOLE block=123 j=0 touches=0
Q796_HOLE block=123 j=0 touches=0
FOLD20_FULL_STEP_BLOCK block=123 j=0 ops=359130 T=217707 physical=564 PASS
RANK4_LOWER class=4 original_ops=16893 new_ops=13109 symbolic_rank_gates=84 paired_macros=116 conditional_clean=true
FOLD20_T10_RANK4 j=3 last=true low=true old_ops=16893 ops=13109
RANK4_LOWER class=3 original_ops=69129 new_ops=59665 symbolic_rank_gates=704 paired_macros=794 conditional_clean=true
FOLD20_T10_RANK4 j=3 last=false low=true old_ops=69129 ops=59665
FOLD20_PASSIVE_LOWER old=688 new=1138 macros=8 gathers=0
FOLD20_PASSIVE_LOWER old=260 new=664 macros=6 gathers=0
FOLD20_PASSIVE_LOWER old=1082 new=6864 macros=22 gathers=0
Q796_HOLE block=124 j=0 touches=0
Q796_HOLE block=124 j=0 touches=0
Q796_HOLE block=124 j=0 touches=0
FOLD20_FULL_STEP_BLOCK block=124 j=0 ops=361178 T=218883 physical=564 PASS
RANK4_LOWER class=4 original_ops=17013 new_ops=13205 symbolic_rank_gates=84 paired_macros=116 conditional_clean=true
FOLD20_T10_RANK4 j=3 last=true low=true old_ops=17013 ops=13205
RANK4_LOWER class=3 original_ops=73737 new_ops=63195 symbolic_rank_gates=704 paired_macros=828 conditional_clean=true
FOLD20_T10_RANK4 j=3 last=false low=true old_ops=73737 ops=63195
FOLD20_PASSIVE_LOWER old=688 new=1138 macros=8 gathers=0
FOLD20_PASSIVE_LOWER old=260 new=664 macros=6 gathers=0
FOLD20_PASSIVE_LOWER old=1082 new=6864 macros=22 gathers=0
Q796_HOLE block=125 j=0 touches=0
Q796_HOLE block=125 j=0 touches=0
Q796_HOLE block=125 j=0 touches=0
FOLD20_FULL_STEP_BLOCK block=125 j=0 ops=365180 T=221281 physical=564 PASS
RANK4_LOWER class=4 original_ops=17081 new_ops=13259 symbolic_rank_gates=84 paired_macros=116 conditional_clean=true
FOLD20_T10_RANK4 j=3 last=true low=true old_ops=17081 ops=13259
RANK4_LOWER class=3 original_ops=73877 new_ops=63319 symbolic_rank_gates=704 paired_macros=828 conditional_clean=true
FOLD20_T10_RANK4 j=3 last=false low=true old_ops=73877 ops=63319
FOLD20_PASSIVE_LOWER old=688 new=1138 macros=8 gathers=0
FOLD20_PASSIVE_LOWER old=260 new=664 macros=6 gathers=0
FOLD20_PASSIVE_LOWER old=1082 new=6864 macros=22 gathers=0
Q796_HOLE block=126 j=0 touches=0
Q796_HOLE block=126 j=0 touches=0
Q796_HOLE block=126 j=0 touches=0
FOLD20_FULL_STEP_BLOCK block=126 j=0 ops=365358 T=221403 physical=564 PASS
RANK4_LOWER class=4 original_ops=17081 new_ops=13259 symbolic_rank_gates=84 paired_macros=116 conditional_clean=true
FOLD20_T10_RANK4 j=3 last=true low=true old_ops=17081 ops=13259
RANK4_LOWER class=3 original_ops=73877 new_ops=63319 symbolic_rank_gates=704 paired_macros=828 conditional_clean=true
FOLD20_T10_RANK4 j=3 last=false low=true old_ops=73877 ops=63319
FOLD20_PASSIVE_LOWER old=688 new=1138 macros=8 gathers=0
FOLD20_PASSIVE_LOWER old=260 new=664 macros=6 gathers=0
FOLD20_PASSIVE_LOWER old=1082 new=6864 macros=22 gathers=0
Q796_HOLE block=127 j=0 touches=0
Q796_HOLE block=127 j=0 touches=0
Q796_HOLE block=127 j=0 touches=0
FOLD20_FULL_STEP_BLOCK block=127 j=0 ops=365038 T=221185 physical=564 PASS
RANK4_LOWER class=4 original_ops=17081 new_ops=13259 symbolic_rank_gates=84 paired_macros=116 conditional_clean=true
FOLD20_T10_RANK4 j=3 last=true low=true old_ops=17081 ops=13259
RANK4_LOWER class=3 original_ops=73877 new_ops=63319 symbolic_rank_gates=704 paired_macros=828 conditional_clean=true
FOLD20_T10_RANK4 j=3 last=false low=true old_ops=73877 ops=63319
FOLD20_PASSIVE_LOWER old=688 new=1138 macros=8 gathers=0
FOLD20_PASSIVE_LOWER old=260 new=664 macros=6 gathers=0
FOLD20_PASSIVE_LOWER old=1082 new=6864 macros=22 gathers=0
Q796_HOLE block=128 j=0 touches=0
Q796_HOLE block=128 j=0 touches=0
Q796_HOLE block=128 j=0 touches=0
FOLD20_FULL_STEP_BLOCK block=128 j=0 ops=364780 T=221003 physical=564 PASS
RANK4_LOWER class=4 original_ops=17081 new_ops=13259 symbolic_rank_gates=84 paired_macros=116 conditional_clean=true
FOLD20_T10_RANK4 j=3 last=true low=true old_ops=17081 ops=13259
RANK4_LOWER class=3 original_ops=73877 new_ops=63319 symbolic_rank_gates=704 paired_macros=828 conditional_clean=true
FOLD20_T10_RANK4 j=3 last=false low=true old_ops=73877 ops=63319
FOLD20_PASSIVE_LOWER old=688 new=1138 macros=8 gathers=0
FOLD20_PASSIVE_LOWER old=260 new=664 macros=6 gathers=0
FOLD20_PASSIVE_LOWER old=1082 new=6864 macros=22 gathers=0
Q796_HOLE block=129 j=0 touches=0
Q796_HOLE block=129 j=0 touches=0
Q796_HOLE block=129 j=0 touches=0
FOLD20_FULL_STEP_BLOCK block=129 j=0 ops=364454 T=220787 physical=564 PASS
RANK4_LOWER class=4 original_ops=16933 new_ops=13141 symbolic_rank_gates=84 paired_macros=116 conditional_clean=true
FOLD20_T10_RANK4 j=3 last=true low=true old_ops=16933 ops=13141
RANK4_LOWER class=3 original_ops=67389 new_ops=55755 symbolic_rank_gates=704 paired_macros=764 conditional_clean=true
FOLD20_T10_RANK4 j=3 last=false low=true old_ops=67389 ops=55755
FOLD20_PASSIVE_LOWER old=688 new=1138 macros=8 gathers=0
FOLD20_PASSIVE_LOWER old=260 new=664 macros=6 gathers=0
FOLD20_PASSIVE_LOWER old=1082 new=6864 macros=22 gathers=0
Q796_HOLE block=130 j=0 touches=0
Q796_HOLE block=130 j=0 touches=0
Q796_HOLE block=130 j=0 touches=0
FOLD20_FULL_STEP_BLOCK block=130 j=0 ops=339342 T=201775 physical=564 PASS
RANK4_LOWER class=4 original_ops=16833 new_ops=13057 symbolic_rank_gates=84 paired_macros=116 conditional_clean=true
FOLD20_T10_RANK4 j=3 last=true low=true old_ops=16833 ops=13057
RANK4_LOWER class=3 original_ops=67067 new_ops=55509 symbolic_rank_gates=704 paired_macros=764 conditional_clean=true
FOLD20_T10_RANK4 j=3 last=false low=true old_ops=67067 ops=55509
FOLD20_PASSIVE_LOWER old=688 new=1138 macros=8 gathers=0
FOLD20_PASSIVE_LOWER old=260 new=664 macros=6 gathers=0
FOLD20_PASSIVE_LOWER old=1082 new=6864 macros=22 gathers=0
Q796_HOLE block=131 j=0 touches=0
Q796_HOLE block=131 j=0 touches=0
Q796_HOLE block=131 j=0 touches=0
FOLD20_FULL_STEP_BLOCK block=131 j=0 ops=337732 T=200893 physical=564 PASS
RANK4_LOWER class=4 original_ops=16633 new_ops=12913 symbolic_rank_gates=84 paired_macros=116 conditional_clean=true
FOLD20_T10_RANK4 j=3 last=true low=true old_ops=16633 ops=12913
RANK4_LOWER class=3 original_ops=66643 new_ops=55171 symbolic_rank_gates=704 paired_macros=764 conditional_clean=true
FOLD20_T10_RANK4 j=3 last=false low=true old_ops=66643 ops=55171
FOLD20_PASSIVE_LOWER old=688 new=1138 macros=8 gathers=0
FOLD20_PASSIVE_LOWER old=260 new=664 macros=6 gathers=0
FOLD20_PASSIVE_LOWER old=1082 new=6864 macros=22 gathers=0
Q796_HOLE block=132 j=0 touches=0
Q796_HOLE block=132 j=0 touches=0
Q796_HOLE block=132 j=0 touches=0
FOLD20_FULL_STEP_BLOCK block=132 j=0 ops=335548 T=199785 physical=564 PASS
RANK4_LOWER class=4 original_ops=16517 new_ops=12825 symbolic_rank_gates=84 paired_macros=116 conditional_clean=true
FOLD20_T10_RANK4 j=3 last=true low=true old_ops=16517 ops=12825
RANK4_LOWER class=3 original_ops=66333 new_ops=54913 symbolic_rank_gates=704 paired_macros=764 conditional_clean=true
FOLD20_T10_RANK4 j=3 last=false low=true old_ops=66333 ops=54913
FOLD20_PASSIVE_LOWER old=688 new=1138 macros=8 gathers=0
FOLD20_PASSIVE_LOWER old=260 new=664 macros=6 gathers=0
FOLD20_PASSIVE_LOWER old=1082 new=6864 macros=22 gathers=0
Q796_HOLE block=133 j=0 touches=0
Q796_HOLE block=133 j=0 touches=0
Q796_HOLE block=133 j=0 touches=0
FOLD20_FULL_STEP_BLOCK block=133 j=0 ops=333710 T=198887 physical=564 PASS
RANK4_LOWER class=4 original_ops=16325 new_ops=12681 symbolic_rank_gates=84 paired_macros=116 conditional_clean=true
FOLD20_T10_RANK4 j=3 last=true low=true old_ops=16325 ops=12681
RANK4_LOWER class=3 original_ops=65917 new_ops=54577 symbolic_rank_gates=704 paired_macros=764 conditional_clean=true
FOLD20_T10_RANK4 j=3 last=false low=true old_ops=65917 ops=54577
FOLD20_PASSIVE_LOWER old=688 new=1138 macros=8 gathers=0
FOLD20_PASSIVE_LOWER old=260 new=664 macros=6 gathers=0
FOLD20_PASSIVE_LOWER old=1082 new=6864 macros=22 gathers=0
Q796_HOLE block=134 j=0 touches=0
Q796_HOLE block=134 j=0 touches=0
Q796_HOLE block=134 j=0 touches=0
FOLD20_FULL_STEP_BLOCK block=134 j=0 ops=331678 T=197887 physical=564 PASS
RANK4_LOWER class=4 original_ops=16209 new_ops=12593 symbolic_rank_gates=84 paired_macros=116 conditional_clean=true
FOLD20_T10_RANK4 j=3 last=true low=true old_ops=16209 ops=12593
RANK4_LOWER class=3 original_ops=65603 new_ops=54331 symbolic_rank_gates=704 paired_macros=764 conditional_clean=true
FOLD20_T10_RANK4 j=3 last=false low=true old_ops=65603 ops=54331
FOLD20_PASSIVE_LOWER old=688 new=1138 macros=8 gathers=0
FOLD20_PASSIVE_LOWER old=260 new=664 macros=6 gathers=0
FOLD20_PASSIVE_LOWER old=1082 new=6864 macros=22 gathers=0
Q796_HOLE block=135 j=0 touches=0
Q796_HOLE block=135 j=0 touches=0
Q796_HOLE block=135 j=0 touches=0
FOLD20_FULL_STEP_BLOCK block=135 j=0 ops=329962 T=196979 physical=564 PASS
RANK4_LOWER class=4 original_ops=16017 new_ops=12449 symbolic_rank_gates=84 paired_macros=116 conditional_clean=true
FOLD20_T10_RANK4 j=3 last=true low=true old_ops=16017 ops=12449
RANK4_LOWER class=3 original_ops=65195 new_ops=53995 symbolic_rank_gates=704 paired_macros=764 conditional_clean=true
FOLD20_T10_RANK4 j=3 last=false low=true old_ops=65195 ops=53995
FOLD20_PASSIVE_LOWER old=688 new=1138 macros=8 gathers=0
FOLD20_PASSIVE_LOWER old=260 new=664 macros=6 gathers=0
FOLD20_PASSIVE_LOWER old=1082 new=6864 macros=22 gathers=0
Q796_HOLE block=136 j=0 touches=0
Q796_HOLE block=136 j=0 touches=0
Q796_HOLE block=136 j=0 touches=0
FOLD20_FULL_STEP_BLOCK block=136 j=0 ops=327814 T=195877 physical=564 PASS
RANK4_LOWER class=4 original_ops=15905 new_ops=12361 symbolic_rank_gates=84 paired_macros=116 conditional_clean=true
FOLD20_T10_RANK4 j=3 last=true low=true old_ops=15905 ops=12361
RANK4_LOWER class=3 original_ops=64893 new_ops=53737 symbolic_rank_gates=704 paired_macros=764 conditional_clean=true
FOLD20_T10_RANK4 j=3 last=false low=true old_ops=64893 ops=53737
FOLD20_PASSIVE_LOWER old=688 new=1138 macros=8 gathers=0
FOLD20_PASSIVE_LOWER old=260 new=664 macros=6 gathers=0
FOLD20_PASSIVE_LOWER old=1082 new=6864 macros=22 gathers=0
Q796_HOLE block=137 j=0 touches=0
Q796_HOLE block=137 j=0 touches=0
Q796_HOLE block=137 j=0 touches=0
FOLD20_FULL_STEP_BLOCK block=137 j=0 ops=325844 T=194885 physical=564 PASS
RANK4_LOWER class=4 original_ops=15805 new_ops=12277 symbolic_rank_gates=84 paired_macros=116 conditional_clean=true
FOLD20_T10_RANK4 j=3 last=true low=true old_ops=15805 ops=12277
RANK4_LOWER class=3 original_ops=64595 new_ops=53491 symbolic_rank_gates=704 paired_macros=764 conditional_clean=true
FOLD20_T10_RANK4 j=3 last=false low=true old_ops=64595 ops=53491
FOLD20_PASSIVE_LOWER old=688 new=1138 macros=8 gathers=0
FOLD20_PASSIVE_LOWER old=260 new=664 macros=6 gathers=0
FOLD20_PASSIVE_LOWER old=1082 new=6864 macros=22 gathers=0
Q796_HOLE block=138 j=0 touches=0
Q796_HOLE block=138 j=0 touches=0
Q796_HOLE block=138 j=0 touches=0
FOLD20_FULL_STEP_BLOCK block=138 j=0 ops=324352 T=194129 physical=564 PASS
RANK4_LOWER class=4 original_ops=15557 new_ops=12069 symbolic_rank_gates=84 paired_macros=116 conditional_clean=true
FOLD20_T10_RANK4 j=3 last=true low=true old_ops=15557 ops=12069
RANK4_LOWER class=3 original_ops=63947 new_ops=52923 symbolic_rank_gates=704 paired_macros=764 conditional_clean=true
FOLD20_T10_RANK4 j=3 last=false low=true old_ops=63947 ops=52923
FOLD20_PASSIVE_LOWER old=688 new=1138 macros=8 gathers=0
FOLD20_PASSIVE_LOWER old=260 new=664 macros=6 gathers=0
FOLD20_PASSIVE_LOWER old=1082 new=6864 macros=22 gathers=0
Q796_HOLE block=139 j=0 touches=0
Q796_HOLE block=139 j=0 touches=0
Q796_HOLE block=139 j=0 touches=0
FOLD20_FULL_STEP_BLOCK block=139 j=0 ops=321534 T=192707 physical=564 PASS
RANK4_LOWER class=4 original_ops=15441 new_ops=11981 symbolic_rank_gates=84 paired_macros=116 conditional_clean=true
FOLD20_T10_RANK4 j=3 last=true low=true old_ops=15441 ops=11981
RANK4_LOWER class=3 original_ops=63661 new_ops=52689 symbolic_rank_gates=704 paired_macros=764 conditional_clean=true
FOLD20_T10_RANK4 j=3 last=false low=true old_ops=63661 ops=52689
FOLD20_PASSIVE_LOWER old=688 new=1138 macros=8 gathers=0
FOLD20_PASSIVE_LOWER old=260 new=664 macros=6 gathers=0
FOLD20_PASSIVE_LOWER old=1082 new=6864 macros=22 gathers=0
Q796_HOLE block=140 j=0 touches=0
Q796_HOLE block=140 j=0 touches=0
Q796_HOLE block=140 j=0 touches=0
FOLD20_FULL_STEP_BLOCK block=140 j=0 ops=319874 T=191911 physical=564 PASS
RANK4_LOWER class=4 original_ops=15265 new_ops=11853 symbolic_rank_gates=84 paired_macros=116 conditional_clean=true
FOLD20_T10_RANK4 j=3 last=true low=true old_ops=15265 ops=11853
RANK4_LOWER class=3 original_ops=63285 new_ops=52385 symbolic_rank_gates=704 paired_macros=764 conditional_clean=true
FOLD20_T10_RANK4 j=3 last=false low=true old_ops=63285 ops=52385
FOLD20_PASSIVE_LOWER old=688 new=1138 macros=8 gathers=0
FOLD20_PASSIVE_LOWER old=260 new=664 macros=6 gathers=0
FOLD20_PASSIVE_LOWER old=1082 new=6864 macros=22 gathers=0
Q796_HOLE block=141 j=0 touches=0
Q796_HOLE block=141 j=0 touches=0
Q796_HOLE block=141 j=0 touches=0
FOLD20_FULL_STEP_BLOCK block=141 j=0 ops=317708 T=190793 physical=564 PASS
RANK4_LOWER class=4 original_ops=15149 new_ops=11765 symbolic_rank_gates=84 paired_macros=116 conditional_clean=true
FOLD20_T10_RANK4 j=3 last=true low=true old_ops=15149 ops=11765
RANK4_LOWER class=3 original_ops=63007 new_ops=52163 symbolic_rank_gates=704 paired_macros=764 conditional_clean=true
FOLD20_T10_RANK4 j=3 last=false low=true old_ops=63007 ops=52163
FOLD20_PASSIVE_LOWER old=688 new=1138 macros=8 gathers=0
FOLD20_PASSIVE_LOWER old=260 new=664 macros=6 gathers=0
FOLD20_PASSIVE_LOWER old=1082 new=6864 macros=22 gathers=0
Q796_HOLE block=142 j=0 touches=0
Q796_HOLE block=142 j=0 touches=0
Q796_HOLE block=142 j=0 touches=0
FOLD20_FULL_STEP_BLOCK block=142 j=0 ops=316250 T=190059 physical=564 PASS
RANK4_LOWER class=4 original_ops=14965 new_ops=11621 symbolic_rank_gates=84 paired_macros=116 conditional_clean=true
FOLD20_T10_RANK4 j=3 last=true low=true old_ops=14965 ops=11621
RANK4_LOWER class=3 original_ops=62523 new_ops=51739 symbolic_rank_gates=704 paired_macros=764 conditional_clean=true
FOLD20_T10_RANK4 j=3 last=false low=true old_ops=62523 ops=51739
FOLD20_PASSIVE_LOWER old=688 new=1138 macros=8 gathers=0
FOLD20_PASSIVE_LOWER old=260 new=664 macros=6 gathers=0
FOLD20_PASSIVE_LOWER old=1082 new=6864 macros=22 gathers=0
Q796_HOLE block=143 j=0 touches=0
Q796_HOLE block=143 j=0 touches=0
Q796_HOLE block=143 j=0 touches=0
FOLD20_FULL_STEP_BLOCK block=143 j=0 ops=313856 T=188813 physical=564 PASS
RANK4_LOWER class=4 original_ops=14853 new_ops=11533 symbolic_rank_gates=84 paired_macros=116 conditional_clean=true
FOLD20_T10_RANK4 j=3 last=true low=true old_ops=14853 ops=11533
RANK4_LOWER class=3 original_ops=62269 new_ops=51529 symbolic_rank_gates=704 paired_macros=764 conditional_clean=true
FOLD20_T10_RANK4 j=3 last=false low=true old_ops=62269 ops=51529
FOLD20_PASSIVE_LOWER old=688 new=1138 macros=8 gathers=0
FOLD20_PASSIVE_LOWER old=260 new=664 macros=6 gathers=0
FOLD20_PASSIVE_LOWER old=1082 new=6864 macros=22 gathers=0
Q796_HOLE block=144 j=0 touches=0
Q796_HOLE block=144 j=0 touches=0
Q796_HOLE block=144 j=0 touches=0
FOLD20_FULL_STEP_BLOCK block=144 j=0 ops=311940 T=187859 physical=564 PASS
RANK4_LOWER class=4 original_ops=14693 new_ops=11413 symbolic_rank_gates=84 paired_macros=116 conditional_clean=true
FOLD20_T10_RANK4 j=3 last=true low=true old_ops=14693 ops=11413
RANK4_LOWER class=3 original_ops=61877 new_ops=51193 symbolic_rank_gates=704 paired_macros=764 conditional_clean=true
FOLD20_T10_RANK4 j=3 last=false low=true old_ops=61877 ops=51193
FOLD20_PASSIVE_LOWER old=688 new=1138 macros=8 gathers=0
FOLD20_PASSIVE_LOWER old=260 new=664 macros=6 gathers=0
FOLD20_PASSIVE_LOWER old=1082 new=6864 macros=22 gathers=0
Q796_HOLE block=145 j=0 touches=0
Q796_HOLE block=145 j=0 touches=0
Q796_HOLE block=145 j=0 touches=0
FOLD20_FULL_STEP_BLOCK block=145 j=0 ops=309806 T=186763 physical=564 PASS
RANK4_LOWER class=4 original_ops=14593 new_ops=11329 symbolic_rank_gates=84 paired_macros=116 conditional_clean=true
FOLD20_T10_RANK4 j=3 last=true low=true old_ops=14593 ops=11329
RANK4_LOWER class=3 original_ops=61651 new_ops=51019 symbolic_rank_gates=704 paired_macros=764 conditional_clean=true
FOLD20_T10_RANK4 j=3 last=false low=true old_ops=61651 ops=51019
FOLD20_PASSIVE_LOWER old=688 new=1138 macros=8 gathers=0
FOLD20_PASSIVE_LOWER old=260 new=664 macros=6 gathers=0
FOLD20_PASSIVE_LOWER old=1082 new=6864 macros=22 gathers=0
Q796_HOLE block=146 j=0 touches=0
Q796_HOLE block=146 j=0 touches=0
Q796_HOLE block=146 j=0 touches=0
FOLD20_FULL_STEP_BLOCK block=146 j=0 ops=308230 T=185925 physical=564 PASS
RANK4_LOWER class=4 original_ops=14441 new_ops=11207 symbolic_rank_gates=84 paired_macros=116 conditional_clean=true
FOLD20_T10_RANK4 j=3 last=true low=true old_ops=14441 ops=11207
RANK4_LOWER class=3 original_ops=61355 new_ops=50765 symbolic_rank_gates=704 paired_macros=764 conditional_clean=true
FOLD20_T10_RANK4 j=3 last=false low=true old_ops=61355 ops=50765
FOLD20_PASSIVE_LOWER old=688 new=1138 macros=8 gathers=0
FOLD20_PASSIVE_LOWER old=260 new=664 macros=6 gathers=0
FOLD20_PASSIVE_LOWER old=1082 new=6864 macros=22 gathers=0
Q796_HOLE block=147 j=0 touches=0
Q796_HOLE block=147 j=0 touches=0
Q796_HOLE block=147 j=0 touches=0
FOLD20_FULL_STEP_BLOCK block=147 j=0 ops=306132 T=184801 physical=564 PASS
RANK4_LOWER class=4 original_ops=13933 new_ops=10997 symbolic_rank_gates=48 paired_macros=74 conditional_clean=true
FOLD20_T10_RANK4 j=3 last=true low=true old_ops=13933 ops=10997
RANK4_LOWER class=3 original_ops=60265 new_ops=50341 symbolic_rank_gates=608 paired_macros=672 conditional_clean=true
FOLD20_T10_RANK4 j=3 last=false low=true old_ops=60265 ops=50341
FOLD20_PASSIVE_LOWER old=688 new=1138 macros=8 gathers=0
FOLD20_PASSIVE_LOWER old=260 new=664 macros=6 gathers=0
FOLD20_PASSIVE_LOWER old=1082 new=6864 macros=22 gathers=0
Q796_HOLE block=148 j=0 touches=0
Q796_HOLE block=148 j=0 touches=0
Q796_HOLE block=148 j=0 touches=0
FOLD20_FULL_STEP_BLOCK block=148 j=0 ops=297872 T=180203 physical=564 PASS
RANK4_LOWER class=4 original_ops=13817 new_ops=10909 symbolic_rank_gates=48 paired_macros=74 conditional_clean=true
FOLD20_T10_RANK4 j=3 last=true low=true old_ops=13817 ops=10909
RANK4_LOWER class=3 original_ops=59939 new_ops=50095 symbolic_rank_gates=608 paired_macros=672 conditional_clean=true
FOLD20_T10_RANK4 j=3 last=false low=true old_ops=59939 ops=50095
FOLD20_PASSIVE_LOWER old=688 new=1138 macros=8 gathers=0
FOLD20_PASSIVE_LOWER old=260 new=664 macros=6 gathers=0
FOLD20_PASSIVE_LOWER old=1082 new=6864 macros=22 gathers=0
Q796_HOLE block=149 j=0 touches=0
Q796_HOLE block=149 j=0 touches=0
Q796_HOLE block=149 j=0 touches=0
FOLD20_FULL_STEP_BLOCK block=149 j=0 ops=296260 T=179373 physical=564 PASS
RANK4_LOWER class=4 original_ops=13617 new_ops=10765 symbolic_rank_gates=48 paired_macros=74 conditional_clean=true
FOLD20_T10_RANK4 j=3 last=true low=true old_ops=13617 ops=10765
RANK4_LOWER class=3 original_ops=59515 new_ops=49759 symbolic_rank_gates=608 paired_macros=672 conditional_clean=true
FOLD20_T10_RANK4 j=3 last=false low=true old_ops=59515 ops=49759
FOLD20_PASSIVE_LOWER old=688 new=1138 macros=8 gathers=0
FOLD20_PASSIVE_LOWER old=260 new=664 macros=6 gathers=0
FOLD20_PASSIVE_LOWER old=1082 new=6864 macros=22 gathers=0
Q796_HOLE block=150 j=0 touches=0
Q796_HOLE block=150 j=0 touches=0
Q796_HOLE block=150 j=0 touches=0
FOLD20_FULL_STEP_BLOCK block=150 j=0 ops=294064 T=178237 physical=564 PASS
RANK4_LOWER class=4 original_ops=13505 new_ops=10677 symbolic_rank_gates=48 paired_macros=74 conditional_clean=true
FOLD20_T10_RANK4 j=3 last=true low=true old_ops=13505 ops=10677
RANK4_LOWER class=3 original_ops=59201 new_ops=49501 symbolic_rank_gates=608 paired_macros=672 conditional_clean=true
FOLD20_T10_RANK4 j=3 last=false low=true old_ops=59201 ops=49501
FOLD20_PASSIVE_LOWER old=688 new=1138 macros=8 gathers=0
FOLD20_PASSIVE_LOWER old=260 new=664 macros=6 gathers=0
FOLD20_PASSIVE_LOWER old=1082 new=6864 macros=22 gathers=0
Q796_HOLE block=151 j=0 touches=0
Q796_HOLE block=151 j=0 touches=0
Q796_HOLE block=151 j=0 touches=0
FOLD20_FULL_STEP_BLOCK block=151 j=0 ops=292390 T=177445 physical=564 PASS
RANK4_LOWER class=4 original_ops=13313 new_ops=10533 symbolic_rank_gates=48 paired_macros=74 conditional_clean=true
FOLD20_T10_RANK4 j=3 last=true low=true old_ops=13313 ops=10533
RANK4_LOWER class=3 original_ops=58793 new_ops=49137 symbolic_rank_gates=608 paired_macros=672 conditional_clean=true
FOLD20_T10_RANK4 j=3 last=false low=true old_ops=58793 ops=49137
FOLD20_PASSIVE_LOWER old=688 new=1138 macros=8 gathers=0
FOLD20_PASSIVE_LOWER old=260 new=664 macros=6 gathers=0
FOLD20_PASSIVE_LOWER old=1082 new=6864 macros=22 gathers=0
Q796_HOLE block=152 j=0 touches=0
Q796_HOLE block=152 j=0 touches=0
Q796_HOLE block=152 j=0 touches=0
FOLD20_FULL_STEP_BLOCK block=152 j=0 ops=290206 T=176315 physical=564 PASS
RANK4_LOWER class=4 original_ops=13213 new_ops=10449 symbolic_rank_gates=48 paired_macros=74 conditional_clean=true
FOLD20_T10_RANK4 j=3 last=true low=true old_ops=13213 ops=10449
RANK4_LOWER class=3 original_ops=58471 new_ops=48891 symbolic_rank_gates=608 paired_macros=672 conditional_clean=true
FOLD20_T10_RANK4 j=3 last=false low=true old_ops=58471 ops=48891
FOLD20_PASSIVE_LOWER old=688 new=1138 macros=8 gathers=0
FOLD20_PASSIVE_LOWER old=260 new=664 macros=6 gathers=0
FOLD20_PASSIVE_LOWER old=1082 new=6864 macros=22 gathers=0
Q796_HOLE block=153 j=0 touches=0
Q796_HOLE block=153 j=0 touches=0
Q796_HOLE block=153 j=0 touches=0
FOLD20_FULL_STEP_BLOCK block=153 j=0 ops=288682 T=175513 physical=564 PASS
RANK4_LOWER class=4 original_ops=13065 new_ops=10333 symbolic_rank_gates=48 paired_macros=74 conditional_clean=true
FOLD20_T10_RANK4 j=3 last=true low=true old_ops=13065 ops=10333
RANK4_LOWER class=3 original_ops=58059 new_ops=48525 symbolic_rank_gates=608 paired_macros=672 conditional_clean=true
FOLD20_T10_RANK4 j=3 last=false low=true old_ops=58059 ops=48525
FOLD20_PASSIVE_LOWER old=688 new=1138 macros=8 gathers=0
FOLD20_PASSIVE_LOWER old=260 new=664 macros=6 gathers=0
FOLD20_PASSIVE_LOWER old=1082 new=6864 macros=22 gathers=0
Q796_HOLE block=154 j=0 touches=0
Q796_HOLE block=154 j=0 touches=0
Q796_HOLE block=154 j=0 touches=0
FOLD20_FULL_STEP_BLOCK block=154 j=0 ops=286472 T=174381 physical=564 PASS
RANK4_LOWER class=4 original_ops=12905 new_ops=10217 symbolic_rank_gates=48 paired_macros=74 conditional_clean=true
FOLD20_T10_RANK4 j=3 last=true low=true old_ops=12905 ops=10217
RANK4_LOWER class=3 original_ops=57753 new_ops=48233 symbolic_rank_gates=608 paired_macros=672 conditional_clean=true
FOLD20_T10_RANK4 j=3 last=false low=true old_ops=57753 ops=48233
FOLD20_PASSIVE_LOWER old=688 new=1138 macros=8 gathers=0
FOLD20_PASSIVE_LOWER old=260 new=664 macros=6 gathers=0
FOLD20_PASSIVE_LOWER old=1082 new=6864 macros=22 gathers=0
Q796_HOLE block=155 j=0 touches=0
Q796_HOLE block=155 j=0 touches=0
Q796_HOLE block=155 j=0 touches=0
FOLD20_FULL_STEP_BLOCK block=155 j=0 ops=284958 T=173677 physical=564 PASS
RANK4_LOWER class=4 original_ops=12757 new_ops=10101 symbolic_rank_gates=48 paired_macros=74 conditional_clean=true
FOLD20_T10_RANK4 j=3 last=true low=true old_ops=12757 ops=10101
RANK4_LOWER class=3 original_ops=57353 new_ops=47853 symbolic_rank_gates=608 paired_macros=672 conditional_clean=true
FOLD20_T10_RANK4 j=3 last=false low=true old_ops=57353 ops=47853
FOLD20_PASSIVE_LOWER old=688 new=1138 macros=8 gathers=0
FOLD20_PASSIVE_LOWER old=260 new=664 macros=6 gathers=0
FOLD20_PASSIVE_LOWER old=1082 new=6864 macros=22 gathers=0
Q796_HOLE block=156 j=0 touches=0
Q796_HOLE block=156 j=0 touches=0
Q796_HOLE block=156 j=0 touches=0
FOLD20_FULL_STEP_BLOCK block=156 j=0 ops=282788 T=172577 physical=564 PASS
RANK4_LOWER class=4 original_ops=12541 new_ops=9921 symbolic_rank_gates=48 paired_macros=74 conditional_clean=true
FOLD20_T10_RANK4 j=3 last=true low=true old_ops=12541 ops=9921
RANK4_LOWER class=3 original_ops=56803 new_ops=47327 symbolic_rank_gates=608 paired_macros=672 conditional_clean=true
FOLD20_T10_RANK4 j=3 last=false low=true old_ops=56803 ops=47327
FOLD20_PASSIVE_LOWER old=688 new=1138 macros=8 gathers=0
FOLD20_PASSIVE_LOWER old=260 new=664 macros=6 gathers=0
FOLD20_PASSIVE_LOWER old=1082 new=6864 macros=22 gathers=0
Q796_HOLE block=157 j=0 touches=0
Q796_HOLE block=157 j=0 touches=0
Q796_HOLE block=157 j=0 touches=0
FOLD20_FULL_STEP_BLOCK block=157 j=0 ops=280912 T=171559 physical=564 PASS
RANK4_LOWER class=4 original_ops=12393 new_ops=9805 symbolic_rank_gates=48 paired_macros=74 conditional_clean=true
FOLD20_T10_RANK4 j=3 last=true low=true old_ops=12393 ops=9805
RANK4_LOWER class=3 original_ops=56415 new_ops=46979 symbolic_rank_gates=608 paired_macros=672 conditional_clean=true
FOLD20_T10_RANK4 j=3 last=false low=true old_ops=56415 ops=46979
FOLD20_PASSIVE_LOWER old=688 new=1138 macros=8 gathers=0
FOLD20_PASSIVE_LOWER old=260 new=664 macros=6 gathers=0
FOLD20_PASSIVE_LOWER old=1082 new=6864 macros=22 gathers=0
Q796_HOLE block=158 j=0 touches=0
Q796_HOLE block=158 j=0 touches=0
Q796_HOLE block=158 j=0 touches=0
FOLD20_FULL_STEP_BLOCK block=158 j=0 ops=278682 T=170455 physical=564 PASS
RANK4_LOWER class=4 original_ops=12253 new_ops=9705 symbolic_rank_gates=48 paired_macros=74 conditional_clean=true
FOLD20_T10_RANK4 j=3 last=true low=true old_ops=12253 ops=9705
RANK4_LOWER class=3 original_ops=56137 new_ops=46725 symbolic_rank_gates=608 paired_macros=672 conditional_clean=true
FOLD20_T10_RANK4 j=3 last=false low=true old_ops=56137 ops=46725
FOLD20_PASSIVE_LOWER old=688 new=1138 macros=8 gathers=0
FOLD20_PASSIVE_LOWER old=260 new=664 macros=6 gathers=0
FOLD20_PASSIVE_LOWER old=1082 new=6864 macros=22 gathers=0
Q796_HOLE block=159 j=0 touches=0
Q796_HOLE block=159 j=0 touches=0
Q796_HOLE block=159 j=0 touches=0
FOLD20_FULL_STEP_BLOCK block=159 j=0 ops=277076 T=169665 physical=564 PASS
RANK4_LOWER class=4 original_ops=12153 new_ops=9621 symbolic_rank_gates=48 paired_macros=74 conditional_clean=true
FOLD20_T10_RANK4 j=3 last=true low=true old_ops=12153 ops=9621
RANK4_LOWER class=3 original_ops=55851 new_ops=46499 symbolic_rank_gates=608 paired_macros=672 conditional_clean=true
FOLD20_T10_RANK4 j=3 last=false low=true old_ops=55851 ops=46499
FOLD20_PASSIVE_LOWER old=688 new=1138 macros=8 gathers=0
FOLD20_PASSIVE_LOWER old=260 new=664 macros=6 gathers=0
FOLD20_PASSIVE_LOWER old=1082 new=6864 macros=22 gathers=0
Q796_HOLE block=160 j=0 touches=0
Q796_HOLE block=160 j=0 touches=0
Q796_HOLE block=160 j=0 touches=0
FOLD20_FULL_STEP_BLOCK block=160 j=0 ops=275398 T=168777 physical=564 PASS
RANK4_LOWER class=4 original_ops=12005 new_ops=9505 symbolic_rank_gates=48 paired_macros=74 conditional_clean=true
FOLD20_T10_RANK4 j=3 last=true low=true old_ops=12005 ops=9505
RANK4_LOWER class=3 original_ops=55487 new_ops=46187 symbolic_rank_gates=608 paired_macros=672 conditional_clean=true
FOLD20_T10_RANK4 j=3 last=false low=true old_ops=55487 ops=46187
FOLD20_PASSIVE_LOWER old=688 new=1138 macros=8 gathers=0
FOLD20_PASSIVE_LOWER old=260 new=664 macros=6 gathers=0
FOLD20_PASSIVE_LOWER old=1082 new=6864 macros=22 gathers=0
Q796_HOLE block=161 j=0 touches=0
Q796_HOLE block=161 j=0 touches=0
Q796_HOLE block=161 j=0 touches=0
FOLD20_FULL_STEP_BLOCK block=161 j=0 ops=273338 T=167737 physical=564 PASS
RANK4_LOWER class=4 original_ops=11853 new_ops=9389 symbolic_rank_gates=48 paired_macros=74 conditional_clean=true
FOLD20_T10_RANK4 j=3 last=true low=true old_ops=11853 ops=9389
RANK4_LOWER class=3 original_ops=55097 new_ops=45833 symbolic_rank_gates=608 paired_macros=672 conditional_clean=true
FOLD20_T10_RANK4 j=3 last=false low=true old_ops=55097 ops=45833
FOLD20_PASSIVE_LOWER old=688 new=1138 macros=8 gathers=0
FOLD20_PASSIVE_LOWER old=260 new=664 macros=6 gathers=0
FOLD20_PASSIVE_LOWER old=1082 new=6864 macros=22 gathers=0
Q796_HOLE block=162 j=0 touches=0
Q796_HOLE block=162 j=0 touches=0
Q796_HOLE block=162 j=0 touches=0
FOLD20_FULL_STEP_BLOCK block=162 j=0 ops=271568 T=166833 physical=564 PASS
RANK4_LOWER class=4 original_ops=11705 new_ops=9273 symbolic_rank_gates=48 paired_macros=74 conditional_clean=true
FOLD20_T10_RANK4 j=3 last=true low=true old_ops=11705 ops=9273
RANK4_LOWER class=3 original_ops=54761 new_ops=45553 symbolic_rank_gates=608 paired_macros=672 conditional_clean=true
FOLD20_T10_RANK4 j=3 last=false low=true old_ops=54761 ops=45553
FOLD20_PASSIVE_LOWER old=688 new=1138 macros=8 gathers=0
FOLD20_PASSIVE_LOWER old=260 new=664 macros=6 gathers=0
FOLD20_PASSIVE_LOWER old=1082 new=6864 macros=22 gathers=0
Q796_HOLE block=163 j=0 touches=0
Q796_HOLE block=163 j=0 touches=0
Q796_HOLE block=163 j=0 touches=0
FOLD20_FULL_STEP_BLOCK block=163 j=0 ops=269658 T=165925 physical=564 PASS
RANK4_LOWER class=4 original_ops=11577 new_ops=9181 symbolic_rank_gates=48 paired_macros=74 conditional_clean=true
FOLD20_T10_RANK4 j=3 last=true low=true old_ops=11577 ops=9181
RANK4_LOWER class=3 original_ops=54459 new_ops=45295 symbolic_rank_gates=608 paired_macros=672 conditional_clean=true
FOLD20_T10_RANK4 j=3 last=false low=true old_ops=54459 ops=45295
FOLD20_PASSIVE_LOWER old=688 new=1138 macros=8 gathers=0
FOLD20_PASSIVE_LOWER old=260 new=664 macros=6 gathers=0
FOLD20_PASSIVE_LOWER old=1082 new=6864 macros=22 gathers=0
Q796_HOLE block=164 j=0 touches=0
Q796_HOLE block=164 j=0 touches=0
Q796_HOLE block=164 j=0 touches=0
FOLD20_FULL_STEP_BLOCK block=164 j=0 ops=268010 T=165025 physical=564 PASS
RANK4_LOWER class=4 original_ops=11429 new_ops=9065 symbolic_rank_gates=48 paired_macros=74 conditional_clean=true
FOLD20_T10_RANK4 j=3 last=true low=true old_ops=11429 ops=9065
RANK4_LOWER class=3 original_ops=54143 new_ops=45021 symbolic_rank_gates=608 paired_macros=672 conditional_clean=true
FOLD20_T10_RANK4 j=3 last=false low=true old_ops=54143 ops=45021
FOLD20_PASSIVE_LOWER old=688 new=1138 macros=8 gathers=0
FOLD20_PASSIVE_LOWER old=260 new=664 macros=6 gathers=0
FOLD20_PASSIVE_LOWER old=1082 new=6864 macros=22 gathers=0
Q796_HOLE block=165 j=0 touches=0
Q796_HOLE block=165 j=0 touches=0
Q796_HOLE block=165 j=0 touches=0
FOLD20_FULL_STEP_BLOCK block=165 j=0 ops=265916 T=163969 physical=564 PASS
RANK4_LOWER class=4 original_ops=10963 new_ops=8861 symbolic_rank_gates=36 paired_macros=46 conditional_clean=true
FOLD20_T10_RANK4 j=3 last=true low=true old_ops=10963 ops=8861
RANK4_LOWER class=3 original_ops=53401 new_ops=44559 symbolic_rank_gates=576 paired_macros=624 conditional_clean=true
FOLD20_T10_RANK4 j=3 last=false low=true old_ops=53401 ops=44559
FOLD20_PASSIVE_LOWER old=688 new=1138 macros=8 gathers=0
FOLD20_PASSIVE_LOWER old=260 new=664 macros=6 gathers=0
FOLD20_PASSIVE_LOWER old=1082 new=6864 macros=22 gathers=0
Q796_HOLE block=166 j=0 touches=0
Q796_HOLE block=166 j=0 touches=0
Q796_HOLE block=166 j=0 touches=0
FOLD20_FULL_STEP_BLOCK block=166 j=0 ops=261400 T=161017 physical=564 PASS
RANK4_LOWER class=4 original_ops=10815 new_ops=8745 symbolic_rank_gates=36 paired_macros=46 conditional_clean=true
FOLD20_T10_RANK4 j=3 last=true low=true old_ops=10815 ops=8745
RANK4_LOWER class=3 original_ops=52961 new_ops=44215 symbolic_rank_gates=576 paired_macros=624 conditional_clean=true
FOLD20_T10_RANK4 j=3 last=false low=true old_ops=52961 ops=44215
FOLD20_PASSIVE_LOWER old=688 new=1138 macros=8 gathers=0
FOLD20_PASSIVE_LOWER old=260 new=664 macros=6 gathers=0
FOLD20_PASSIVE_LOWER old=1082 new=6864 macros=22 gathers=0
Q796_HOLE block=167 j=0 touches=0
Q796_HOLE block=167 j=0 touches=0
Q796_HOLE block=167 j=0 touches=0
FOLD20_FULL_STEP_BLOCK block=167 j=0 ops=259218 T=159989 physical=564 PASS
RANK4_LOWER class=4 original_ops=10715 new_ops=8661 symbolic_rank_gates=36 paired_macros=46 conditional_clean=true
FOLD20_T10_RANK4 j=3 last=true low=true old_ops=10715 ops=8661
RANK4_LOWER class=3 original_ops=52639 new_ops=43965 symbolic_rank_gates=576 paired_macros=624 conditional_clean=true
FOLD20_T10_RANK4 j=3 last=false low=true old_ops=52639 ops=43965
FOLD20_PASSIVE_LOWER old=688 new=1138 macros=8 gathers=0
FOLD20_PASSIVE_LOWER old=260 new=664 macros=6 gathers=0
FOLD20_PASSIVE_LOWER old=1082 new=6864 macros=22 gathers=0
Q796_HOLE block=168 j=0 touches=0
Q796_HOLE block=168 j=0 touches=0
Q796_HOLE block=168 j=0 touches=0
FOLD20_FULL_STEP_BLOCK block=168 j=0 ops=257660 T=159143 physical=564 PASS
RANK4_LOWER class=4 original_ops=10515 new_ops=8517 symbolic_rank_gates=36 paired_macros=46 conditional_clean=true
FOLD20_T10_RANK4 j=3 last=true low=true old_ops=10515 ops=8517
RANK4_LOWER class=3 original_ops=52215 new_ops=43619 symbolic_rank_gates=576 paired_macros=624 conditional_clean=true
FOLD20_T10_RANK4 j=3 last=false low=true old_ops=52215 ops=43619
FOLD20_PASSIVE_LOWER old=688 new=1138 macros=8 gathers=0
FOLD20_PASSIVE_LOWER old=260 new=664 macros=6 gathers=0
FOLD20_PASSIVE_LOWER old=1082 new=6864 macros=22 gathers=0
Q796_HOLE block=169 j=0 touches=0
Q796_HOLE block=169 j=0 touches=0
Q796_HOLE block=169 j=0 touches=0
FOLD20_FULL_STEP_BLOCK block=169 j=0 ops=255538 T=158061 physical=564 PASS
RANK4_LOWER class=4 original_ops=10399 new_ops=8429 symbolic_rank_gates=36 paired_macros=46 conditional_clean=true
FOLD20_T10_RANK4 j=3 last=true low=true old_ops=10399 ops=8429
RANK4_LOWER class=3 original_ops=51905 new_ops=43353 symbolic_rank_gates=576 paired_macros=624 conditional_clean=true
FOLD20_T10_RANK4 j=3 last=false low=true old_ops=51905 ops=43353
FOLD20_PASSIVE_LOWER old=688 new=1138 macros=8 gathers=0
FOLD20_PASSIVE_LOWER old=260 new=664 macros=6 gathers=0
FOLD20_PASSIVE_LOWER old=1082 new=6864 macros=22 gathers=0
Q796_HOLE block=170 j=0 touches=0
Q796_HOLE block=170 j=0 touches=0
Q796_HOLE block=170 j=0 touches=0
FOLD20_FULL_STEP_BLOCK block=170 j=0 ops=253768 T=157195 physical=564 PASS
RANK4_LOWER class=4 original_ops=10239 new_ops=8313 symbolic_rank_gates=36 paired_macros=46 conditional_clean=true
FOLD20_T10_RANK4 j=3 last=true low=true old_ops=10239 ops=8313
RANK4_LOWER class=3 original_ops=51595 new_ops=43103 symbolic_rank_gates=576 paired_macros=624 conditional_clean=true
FOLD20_T10_RANK4 j=3 last=false low=true old_ops=51595 ops=43103
FOLD20_PASSIVE_LOWER old=688 new=1138 macros=8 gathers=0
FOLD20_PASSIVE_LOWER old=260 new=664 macros=6 gathers=0
FOLD20_PASSIVE_LOWER old=1082 new=6864 macros=22 gathers=0
Q796_HOLE block=171 j=0 touches=0
Q796_HOLE block=171 j=0 touches=0
Q796_HOLE block=171 j=0 touches=0
FOLD20_FULL_STEP_BLOCK block=171 j=0 ops=252378 T=156465 physical=564 PASS
RANK4_LOWER class=4 original_ops=10091 new_ops=8197 symbolic_rank_gates=36 paired_macros=46 conditional_clean=true
FOLD20_T10_RANK4 j=3 last=true low=true old_ops=10091 ops=8197
RANK4_LOWER class=3 original_ops=51175 new_ops=42759 symbolic_rank_gates=576 paired_macros=624 conditional_clean=true
FOLD20_T10_RANK4 j=3 last=false low=true old_ops=51175 ops=42759
FOLD20_PASSIVE_LOWER old=688 new=1138 macros=8 gathers=0
FOLD20_PASSIVE_LOWER old=260 new=664 macros=6 gathers=0
FOLD20_PASSIVE_LOWER old=1082 new=6864 macros=22 gathers=0
Q796_HOLE block=172 j=0 touches=0
Q796_HOLE block=172 j=0 touches=0
Q796_HOLE block=172 j=0 touches=0
FOLD20_FULL_STEP_BLOCK block=172 j=0 ops=250150 T=155355 physical=564 PASS
RANK4_LOWER class=4 original_ops=9935 new_ops=8081 symbolic_rank_gates=36 paired_macros=46 conditional_clean=true
FOLD20_T10_RANK4 j=3 last=true low=true old_ops=9935 ops=8081
RANK4_LOWER class=3 original_ops=50873 new_ops=42493 symbolic_rank_gates=576 paired_macros=624 conditional_clean=true
FOLD20_T10_RANK4 j=3 last=false low=true old_ops=50873 ops=42493
FOLD20_PASSIVE_LOWER old=688 new=1138 macros=8 gathers=0
FOLD20_PASSIVE_LOWER old=260 new=664 macros=6 gathers=0
FOLD20_PASSIVE_LOWER old=1082 new=6864 macros=22 gathers=0
Q796_HOLE block=173 j=0 touches=0
Q796_HOLE block=173 j=0 touches=0
Q796_HOLE block=173 j=0 touches=0
FOLD20_FULL_STEP_BLOCK block=173 j=0 ops=248360 T=154433 physical=564 PASS
RANK4_LOWER class=4 original_ops=9787 new_ops=7965 symbolic_rank_gates=36 paired_macros=46 conditional_clean=true
FOLD20_T10_RANK4 j=3 last=true low=true old_ops=9787 ops=7965
RANK4_LOWER class=3 original_ops=50465 new_ops=42149 symbolic_rank_gates=576 paired_macros=624 conditional_clean=true
FOLD20_T10_RANK4 j=3 last=false low=true old_ops=50465 ops=42149
FOLD20_PASSIVE_LOWER old=688 new=1138 macros=8 gathers=0
FOLD20_PASSIVE_LOWER old=260 new=664 macros=6 gathers=0
FOLD20_PASSIVE_LOWER old=1082 new=6864 macros=22 gathers=0
Q796_HOLE block=174 j=0 touches=0
Q796_HOLE block=174 j=0 touches=0
Q796_HOLE block=174 j=0 touches=0
FOLD20_FULL_STEP_BLOCK block=174 j=0 ops=246196 T=153337 physical=564 PASS
RANK4_LOWER class=4 original_ops=9687 new_ops=7881 symbolic_rank_gates=36 paired_macros=46 conditional_clean=true
FOLD20_T10_RANK4 j=3 last=true low=true old_ops=9687 ops=7881
RANK4_LOWER class=3 original_ops=50167 new_ops=41899 symbolic_rank_gates=576 paired_macros=624 conditional_clean=true
FOLD20_T10_RANK4 j=3 last=false low=true old_ops=50167 ops=41899
FOLD20_PASSIVE_LOWER old=688 new=1138 macros=8 gathers=0
FOLD20_PASSIVE_LOWER old=260 new=664 macros=6 gathers=0
FOLD20_PASSIVE_LOWER old=1082 new=6864 macros=22 gathers=0
Q796_HOLE block=175 j=0 touches=0
Q796_HOLE block=175 j=0 touches=0
Q796_HOLE block=175 j=0 touches=0
FOLD20_FULL_STEP_BLOCK block=175 j=0 ops=244762 T=152617 physical=564 PASS
RANK4_LOWER class=4 original_ops=9439 new_ops=7673 symbolic_rank_gates=36 paired_macros=46 conditional_clean=true
FOLD20_T10_RANK4 j=3 last=true low=true old_ops=9439 ops=7673
RANK4_LOWER class=3 original_ops=49519 new_ops=41323 symbolic_rank_gates=576 paired_macros=624 conditional_clean=true
FOLD20_T10_RANK4 j=3 last=false low=true old_ops=49519 ops=41323
FOLD20_PASSIVE_LOWER old=688 new=1138 macros=8 gathers=0
FOLD20_PASSIVE_LOWER old=260 new=664 macros=6 gathers=0
FOLD20_PASSIVE_LOWER old=1082 new=6864 macros=22 gathers=0
Q796_HOLE block=176 j=0 touches=0
Q796_HOLE block=176 j=0 touches=0
Q796_HOLE block=176 j=0 touches=0
FOLD20_FULL_STEP_BLOCK block=176 j=0 ops=242184 T=151307 physical=564 PASS
RANK4_LOWER class=4 original_ops=9323 new_ops=7585 symbolic_rank_gates=36 paired_macros=46 conditional_clean=true
FOLD20_T10_RANK4 j=3 last=true low=true old_ops=9323 ops=7585
RANK4_LOWER class=3 original_ops=49233 new_ops=41081 symbolic_rank_gates=576 paired_macros=624 conditional_clean=true
FOLD20_T10_RANK4 j=3 last=false low=true old_ops=49233 ops=41081
FOLD20_PASSIVE_LOWER old=688 new=1138 macros=8 gathers=0
FOLD20_PASSIVE_LOWER old=260 new=664 macros=6 gathers=0
FOLD20_PASSIVE_LOWER old=1082 new=6864 macros=22 gathers=0
Q796_HOLE block=177 j=0 touches=0
Q796_HOLE block=177 j=0 touches=0
Q796_HOLE block=177 j=0 touches=0
FOLD20_FULL_STEP_BLOCK block=177 j=0 ops=240574 T=150531 physical=564 PASS
RANK4_LOWER class=4 original_ops=9147 new_ops=7457 symbolic_rank_gates=36 paired_macros=46 conditional_clean=true
FOLD20_T10_RANK4 j=3 last=true low=true old_ops=9147 ops=7457
RANK4_LOWER class=3 original_ops=48857 new_ops=40769 symbolic_rank_gates=576 paired_macros=624 conditional_clean=true
FOLD20_T10_RANK4 j=3 last=false low=true old_ops=48857 ops=40769
FOLD20_PASSIVE_LOWER old=688 new=1138 macros=8 gathers=0
FOLD20_PASSIVE_LOWER old=260 new=664 macros=6 gathers=0
FOLD20_PASSIVE_LOWER old=1082 new=6864 macros=22 gathers=0
Q796_HOLE block=178 j=0 touches=0
Q796_HOLE block=178 j=0 touches=0
Q796_HOLE block=178 j=0 touches=0
FOLD20_FULL_STEP_BLOCK block=178 j=0 ops=238456 T=149433 physical=564 PASS
RANK4_LOWER class=4 original_ops=9031 new_ops=7369 symbolic_rank_gates=36 paired_macros=46 conditional_clean=true
FOLD20_T10_RANK4 j=3 last=true low=true old_ops=9031 ops=7369
RANK4_LOWER class=3 original_ops=48579 new_ops=40543 symbolic_rank_gates=576 paired_macros=624 conditional_clean=true
FOLD20_T10_RANK4 j=3 last=false low=true old_ops=48579 ops=40543
FOLD20_PASSIVE_LOWER old=688 new=1138 macros=8 gathers=0
FOLD20_PASSIVE_LOWER old=260 new=664 macros=6 gathers=0
FOLD20_PASSIVE_LOWER old=1082 new=6864 macros=22 gathers=0
Q796_HOLE block=179 j=0 touches=0
Q796_HOLE block=179 j=0 touches=0
Q796_HOLE block=179 j=0 touches=0
FOLD20_FULL_STEP_BLOCK block=179 j=0 ops=237044 T=148727 physical=564 PASS
RANK4_LOWER class=4 original_ops=8847 new_ops=7225 symbolic_rank_gates=36 paired_macros=46 conditional_clean=true
FOLD20_T10_RANK4 j=3 last=true low=true old_ops=8847 ops=7225
RANK4_LOWER class=3 original_ops=48095 new_ops=40111 symbolic_rank_gates=576 paired_macros=624 conditional_clean=true
FOLD20_T10_RANK4 j=3 last=false low=true old_ops=48095 ops=40111
FOLD20_PASSIVE_LOWER old=688 new=1138 macros=8 gathers=0
FOLD20_PASSIVE_LOWER old=260 new=664 macros=6 gathers=0
FOLD20_PASSIVE_LOWER old=1082 new=6864 macros=22 gathers=0
Q796_HOLE block=180 j=0 touches=0
Q796_HOLE block=180 j=0 touches=0
Q796_HOLE block=180 j=0 touches=0
FOLD20_FULL_STEP_BLOCK block=180 j=0 ops=234660 T=147533 physical=564 PASS
RANK4_LOWER class=4 original_ops=8735 new_ops=7137 symbolic_rank_gates=36 paired_macros=46 conditional_clean=true
FOLD20_T10_RANK4 j=3 last=true low=true old_ops=8735 ops=7137
RANK4_LOWER class=3 original_ops=47841 new_ops=39893 symbolic_rank_gates=576 paired_macros=624 conditional_clean=true
FOLD20_T10_RANK4 j=3 last=false low=true old_ops=47841 ops=39893
FOLD20_PASSIVE_LOWER old=688 new=1138 macros=8 gathers=0
FOLD20_PASSIVE_LOWER old=260 new=664 macros=6 gathers=0
FOLD20_PASSIVE_LOWER old=1082 new=6864 macros=22 gathers=0
Q796_HOLE block=181 j=0 touches=0
Q796_HOLE block=181 j=0 touches=0
Q796_HOLE block=181 j=0 touches=0
FOLD20_FULL_STEP_BLOCK block=181 j=0 ops=232888 T=146647 physical=564 PASS
RANK4_LOWER class=4 original_ops=8635 new_ops=7053 symbolic_rank_gates=36 paired_macros=46 conditional_clean=true
FOLD20_T10_RANK4 j=3 last=true low=true old_ops=8635 ops=7053
RANK4_LOWER class=3 original_ops=47591 new_ops=39691 symbolic_rank_gates=576 paired_macros=624 conditional_clean=true
FOLD20_T10_RANK4 j=3 last=false low=true old_ops=47591 ops=39691
FOLD20_PASSIVE_LOWER old=688 new=1138 macros=8 gathers=0
FOLD20_PASSIVE_LOWER old=260 new=664 macros=6 gathers=0
FOLD20_PASSIVE_LOWER old=1082 new=6864 macros=22 gathers=0
Q796_HOLE block=182 j=0 touches=0
Q796_HOLE block=182 j=0 touches=0
Q796_HOLE block=182 j=0 touches=0
FOLD20_FULL_STEP_BLOCK block=182 j=0 ops=231386 T=145791 physical=564 PASS
RANK4_LOWER class=4 original_ops=8475 new_ops=6933 symbolic_rank_gates=36 paired_macros=46 conditional_clean=true
FOLD20_T10_RANK4 j=3 last=true low=true old_ops=8475 ops=6933
RANK4_LOWER class=3 original_ops=47223 new_ops=39371 symbolic_rank_gates=576 paired_macros=624 conditional_clean=true
FOLD20_T10_RANK4 j=3 last=false low=true old_ops=47223 ops=39371
FOLD20_PASSIVE_LOWER old=688 new=1138 macros=8 gathers=0
FOLD20_PASSIVE_LOWER old=260 new=664 macros=6 gathers=0
FOLD20_PASSIVE_LOWER old=1082 new=6864 macros=22 gathers=0
Q796_HOLE block=183 j=0 touches=0
Q796_HOLE block=183 j=0 touches=0
Q796_HOLE block=183 j=0 touches=0
FOLD20_FULL_STEP_BLOCK block=183 j=0 ops=229464 T=144851 physical=564 PASS
RANK4_LOWER class=4 original_ops=8351 new_ops=6835 symbolic_rank_gates=36 paired_macros=46 conditional_clean=true
FOLD20_T10_RANK4 j=3 last=true low=true old_ops=8351 ops=6835
RANK4_LOWER class=3 original_ops=46985 new_ops=39151 symbolic_rank_gates=576 paired_macros=624 conditional_clean=true
FOLD20_T10_RANK4 j=3 last=false low=true old_ops=46985 ops=39151
FOLD20_PASSIVE_LOWER old=688 new=1138 macros=8 gathers=0
FOLD20_PASSIVE_LOWER old=260 new=664 macros=6 gathers=0
FOLD20_PASSIVE_LOWER old=1082 new=6864 macros=22 gathers=0
Q796_HOLE block=184 j=0 touches=0
Q796_HOLE block=184 j=0 touches=0
Q796_HOLE block=184 j=0 touches=0
FOLD20_FULL_STEP_BLOCK block=184 j=0 ops=227808 T=144025 physical=564 PASS
RANK4_LOWER class=4 original_ops=7587 new_ops=6479 symbolic_rank_gates=0 paired_macros=0 conditional_clean=true
FOLD20_T10_RANK4 j=3 last=true low=true old_ops=7587 ops=6479
RANK4_LOWER class=3 original_ops=45241 new_ops=38159 symbolic_rank_gates=480 paired_macros=528 conditional_clean=true
FOLD20_T10_RANK4 j=3 last=false low=true old_ops=45241 ops=38159
FOLD20_PASSIVE_LOWER old=688 new=1138 macros=8 gathers=0
FOLD20_PASSIVE_LOWER old=260 new=664 macros=6 gathers=0
FOLD20_PASSIVE_LOWER old=1082 new=6864 macros=22 gathers=0
Q796_HOLE block=185 j=0 touches=0
Q796_HOLE block=185 j=0 touches=0
Q796_HOLE block=185 j=0 touches=0
FOLD20_FULL_STEP_BLOCK block=185 j=0 ops=221818 T=140337 physical=564 PASS
RANK4_LOWER class=4 original_ops=7471 new_ops=6391 symbolic_rank_gates=0 paired_macros=0 conditional_clean=true
FOLD20_T10_RANK4 j=3 last=true low=true old_ops=7471 ops=6391
RANK4_LOWER class=3 original_ops=44939 new_ops=37933 symbolic_rank_gates=480 paired_macros=528 conditional_clean=true
FOLD20_T10_RANK4 j=3 last=false low=true old_ops=44939 ops=37933
FOLD20_PASSIVE_LOWER old=688 new=1138 macros=8 gathers=0
FOLD20_PASSIVE_LOWER old=260 new=664 macros=6 gathers=0
FOLD20_PASSIVE_LOWER old=1082 new=6864 macros=22 gathers=0
Q796_HOLE block=186 j=0 touches=0
Q796_HOLE block=186 j=0 touches=0
Q796_HOLE block=186 j=0 touches=0
FOLD20_FULL_STEP_BLOCK block=186 j=0 ops=220146 T=139467 physical=564 PASS
RANK4_LOWER class=4 original_ops=7287 new_ops=6263 symbolic_rank_gates=0 paired_macros=0 conditional_clean=true
FOLD20_T10_RANK4 j=3 last=true low=true old_ops=7287 ops=6263
RANK4_LOWER class=3 original_ops=44547 new_ops=37621 symbolic_rank_gates=480 paired_macros=528 conditional_clean=true
FOLD20_T10_RANK4 j=3 last=false low=true old_ops=44547 ops=37621
FOLD20_PASSIVE_LOWER old=688 new=1138 macros=8 gathers=0
FOLD20_PASSIVE_LOWER old=260 new=664 macros=6 gathers=0
FOLD20_PASSIVE_LOWER old=1082 new=6864 macros=22 gathers=0
Q796_HOLE block=187 j=0 touches=0
Q796_HOLE block=187 j=0 touches=0
Q796_HOLE block=187 j=0 touches=0
FOLD20_FULL_STEP_BLOCK block=187 j=0 ops=218262 T=138535 physical=564 PASS
RANK4_LOWER class=4 original_ops=7175 new_ops=6175 symbolic_rank_gates=0 paired_macros=0 conditional_clean=true
FOLD20_T10_RANK4 j=3 last=true low=true old_ops=7175 ops=6175
RANK4_LOWER class=3 original_ops=44257 new_ops=37379 symbolic_rank_gates=480 paired_macros=528 conditional_clean=true
FOLD20_T10_RANK4 j=3 last=false low=true old_ops=44257 ops=37379
FOLD20_PASSIVE_LOWER old=688 new=1138 macros=8 gathers=0
FOLD20_PASSIVE_LOWER old=260 new=664 macros=6 gathers=0
FOLD20_PASSIVE_LOWER old=1082 new=6864 macros=22 gathers=0
Q796_HOLE block=188 j=0 touches=0
Q796_HOLE block=188 j=0 touches=0
Q796_HOLE block=188 j=0 touches=0
FOLD20_FULL_STEP_BLOCK block=188 j=0 ops=216424 T=137603 physical=564 PASS
RANK4_LOWER class=4 original_ops=6999 new_ops=6047 symbolic_rank_gates=0 paired_macros=0 conditional_clean=true
FOLD20_T10_RANK4 j=3 last=true low=true old_ops=6999 ops=6047
RANK4_LOWER class=3 original_ops=43881 new_ops=37067 symbolic_rank_gates=480 paired_macros=528 conditional_clean=true
FOLD20_T10_RANK4 j=3 last=false low=true old_ops=43881 ops=37067
FOLD20_PASSIVE_LOWER old=688 new=1138 macros=8 gathers=0
FOLD20_PASSIVE_LOWER old=260 new=664 macros=6 gathers=0
FOLD20_PASSIVE_LOWER old=1082 new=6864 macros=22 gathers=0
Q796_HOLE block=189 j=0 touches=0
Q796_HOLE block=189 j=0 touches=0
Q796_HOLE block=189 j=0 touches=0
FOLD20_FULL_STEP_BLOCK block=189 j=0 ops=214396 T=136553 physical=564 PASS
RANK4_LOWER class=4 original_ops=6899 new_ops=5963 symbolic_rank_gates=0 paired_macros=0 conditional_clean=true
FOLD20_T10_RANK4 j=3 last=true low=true old_ops=6899 ops=5963
RANK4_LOWER class=3 original_ops=43583 new_ops=36841 symbolic_rank_gates=480 paired_macros=528 conditional_clean=true
FOLD20_T10_RANK4 j=3 last=false low=true old_ops=43583 ops=36841
FOLD20_PASSIVE_LOWER old=688 new=1138 macros=8 gathers=0
FOLD20_PASSIVE_LOWER old=260 new=664 macros=6 gathers=0
FOLD20_PASSIVE_LOWER old=1082 new=6864 macros=22 gathers=0
Q796_HOLE block=190 j=0 touches=0
Q796_HOLE block=190 j=0 touches=0
Q796_HOLE block=190 j=0 touches=0
FOLD20_FULL_STEP_BLOCK block=190 j=0 ops=212806 T=135717 physical=564 PASS
RANK4_LOWER class=4 original_ops=6751 new_ops=5847 symbolic_rank_gates=0 paired_macros=0 conditional_clean=true
FOLD20_T10_RANK4 j=3 last=true low=true old_ops=6751 ops=5847
RANK4_LOWER class=3 original_ops=43203 new_ops=36529 symbolic_rank_gates=480 paired_macros=528 conditional_clean=true
FOLD20_T10_RANK4 j=3 last=false low=true old_ops=43203 ops=36529
FOLD20_PASSIVE_LOWER old=688 new=1138 macros=8 gathers=0
FOLD20_PASSIVE_LOWER old=260 new=664 macros=6 gathers=0
FOLD20_PASSIVE_LOWER old=1082 new=6864 macros=22 gathers=0
Q796_HOLE block=191 j=0 touches=0
Q796_HOLE block=191 j=0 touches=0
Q796_HOLE block=191 j=0 touches=0
FOLD20_FULL_STEP_BLOCK block=191 j=0 ops=210896 T=134783 physical=564 PASS
RANK4_LOWER class=4 original_ops=6607 new_ops=5747 symbolic_rank_gates=0 paired_macros=0 conditional_clean=true
FOLD20_T10_RANK4 j=3 last=true low=true old_ops=6607 ops=5747
RANK4_LOWER class=3 original_ops=42921 new_ops=36287 symbolic_rank_gates=480 paired_macros=528 conditional_clean=true
FOLD20_T10_RANK4 j=3 last=false low=true old_ops=42921 ops=36287
FOLD20_PASSIVE_LOWER old=688 new=1138 macros=8 gathers=0
FOLD20_PASSIVE_LOWER old=260 new=664 macros=6 gathers=0
FOLD20_PASSIVE_LOWER old=1082 new=6864 macros=22 gathers=0
Q796_HOLE block=192 j=0 touches=0
Q796_HOLE block=192 j=0 touches=0
Q796_HOLE block=192 j=0 touches=0
FOLD20_FULL_STEP_BLOCK block=192 j=0 ops=209226 T=133949 physical=564 PASS
RANK4_LOWER class=4 original_ops=6491 new_ops=5659 symbolic_rank_gates=0 paired_macros=0 conditional_clean=true
FOLD20_T10_RANK4 j=3 last=true low=true old_ops=6491 ops=5659
RANK4_LOWER class=3 original_ops=42643 new_ops=36061 symbolic_rank_gates=480 paired_macros=528 conditional_clean=true
FOLD20_T10_RANK4 j=3 last=false low=true old_ops=42643 ops=36061
FOLD20_PASSIVE_LOWER old=688 new=1138 macros=8 gathers=0
FOLD20_PASSIVE_LOWER old=260 new=664 macros=6 gathers=0
FOLD20_PASSIVE_LOWER old=1082 new=6864 macros=22 gathers=0
Q796_HOLE block=193 j=0 touches=0
Q796_HOLE block=193 j=0 touches=0
Q796_HOLE block=193 j=0 touches=0
FOLD20_FULL_STEP_BLOCK block=193 j=0 ops=207668 T=133125 physical=564 PASS
RANK4_LOWER class=4 original_ops=6415 new_ops=5491 symbolic_rank_gates=0 paired_macros=0 conditional_clean=true
FOLD20_T10_RANK4 j=3 last=true low=true old_ops=6415 ops=5491
RANK4_LOWER class=3 original_ops=42035 new_ops=35505 symbolic_rank_gates=480 paired_macros=528 conditional_clean=true
FOLD20_T10_RANK4 j=3 last=false low=true old_ops=42035 ops=35505
FOLD20_PASSIVE_LOWER old=688 new=1138 macros=8 gathers=0
FOLD20_PASSIVE_LOWER old=260 new=664 macros=6 gathers=0
FOLD20_PASSIVE_LOWER old=1082 new=6864 macros=22 gathers=0
Q796_HOLE block=194 j=0 touches=0
Q796_HOLE block=194 j=0 touches=0
Q796_HOLE block=194 j=0 touches=0
FOLD20_FULL_STEP_BLOCK block=194 j=0 ops=204692 T=131399 physical=564 PASS
RANK4_LOWER class=4 original_ops=6263 new_ops=5399 symbolic_rank_gates=0 paired_macros=0 conditional_clean=true
FOLD20_T10_RANK4 j=3 last=true low=true old_ops=6263 ops=5399
RANK4_LOWER class=3 original_ops=41769 new_ops=35287 symbolic_rank_gates=480 paired_macros=528 conditional_clean=true
FOLD20_T10_RANK4 j=3 last=false low=true old_ops=41769 ops=35287
FOLD20_PASSIVE_LOWER old=688 new=1138 macros=8 gathers=0
FOLD20_PASSIVE_LOWER old=260 new=664 macros=6 gathers=0
FOLD20_PASSIVE_LOWER old=1082 new=6864 macros=22 gathers=0
Q796_HOLE block=195 j=0 touches=0
Q796_HOLE block=195 j=0 touches=0
Q796_HOLE block=195 j=0 touches=0
FOLD20_FULL_STEP_BLOCK block=195 j=0 ops=203056 T=130639 physical=564 PASS
RANK4_LOWER class=4 original_ops=6091 new_ops=5283 symbolic_rank_gates=0 paired_macros=0 conditional_clean=true
FOLD20_T10_RANK4 j=3 last=true low=true old_ops=6091 ops=5283
RANK4_LOWER class=3 original_ops=41425 new_ops=35007 symbolic_rank_gates=480 paired_macros=528 conditional_clean=true
FOLD20_T10_RANK4 j=3 last=false low=true old_ops=41425 ops=35007
FOLD20_PASSIVE_LOWER old=688 new=1138 macros=8 gathers=0
FOLD20_PASSIVE_LOWER old=260 new=664 macros=6 gathers=0
FOLD20_PASSIVE_LOWER old=1082 new=6864 macros=22 gathers=0
Q796_HOLE block=196 j=0 touches=0
Q796_HOLE block=196 j=0 touches=0
Q796_HOLE block=196 j=0 touches=0
FOLD20_FULL_STEP_BLOCK block=196 j=0 ops=201020 T=129587 physical=564 PASS
RANK4_LOWER class=4 original_ops=5991 new_ops=5207 symbolic_rank_gates=0 paired_macros=0 conditional_clean=true
FOLD20_T10_RANK4 j=3 last=true low=true old_ops=5991 ops=5207
RANK4_LOWER class=3 original_ops=41163 new_ops=34803 symbolic_rank_gates=480 paired_macros=528 conditional_clean=true
FOLD20_T10_RANK4 j=3 last=false low=true old_ops=41163 ops=34803
FOLD20_PASSIVE_LOWER old=688 new=1138 macros=8 gathers=0
FOLD20_PASSIVE_LOWER old=260 new=664 macros=6 gathers=0
FOLD20_PASSIVE_LOWER old=1082 new=6864 macros=22 gathers=0
Q796_HOLE block=197 j=0 touches=0
Q796_HOLE block=197 j=0 touches=0
Q796_HOLE block=197 j=0 touches=0
FOLD20_FULL_STEP_BLOCK block=197 j=0 ops=199532 T=128805 physical=564 PASS
RANK4_LOWER class=4 original_ops=5819 new_ops=5091 symbolic_rank_gates=0 paired_macros=0 conditional_clean=true
FOLD20_T10_RANK4 j=3 last=true low=true old_ops=5819 ops=5091
RANK4_LOWER class=3 original_ops=40831 new_ops=34523 symbolic_rank_gates=480 paired_macros=528 conditional_clean=true
FOLD20_T10_RANK4 j=3 last=false low=true old_ops=40831 ops=34523
FOLD20_PASSIVE_LOWER old=688 new=1138 macros=8 gathers=0
FOLD20_PASSIVE_LOWER old=260 new=664 macros=6 gathers=0
FOLD20_PASSIVE_LOWER old=1082 new=6864 macros=22 gathers=0
Q796_HOLE block=198 j=0 touches=0
Q796_HOLE block=198 j=0 touches=0
Q796_HOLE block=198 j=0 touches=0
FOLD20_FULL_STEP_BLOCK block=198 j=0 ops=197440 T=127737 physical=564 PASS
RANK4_LOWER class=4 original_ops=5655 new_ops=4971 symbolic_rank_gates=0 paired_macros=0 conditional_clean=true
FOLD20_T10_RANK4 j=3 last=true low=true old_ops=5655 ops=4971
RANK4_LOWER class=3 original_ops=40473 new_ops=34197 symbolic_rank_gates=480 paired_macros=528 conditional_clean=true
FOLD20_T10_RANK4 j=3 last=false low=true old_ops=40473 ops=34197
FOLD20_PASSIVE_LOWER old=688 new=1138 macros=8 gathers=0
FOLD20_PASSIVE_LOWER old=260 new=664 macros=6 gathers=0
FOLD20_PASSIVE_LOWER old=1082 new=6864 macros=22 gathers=0
Q796_HOLE block=199 j=0 touches=0
Q796_HOLE block=199 j=0 touches=0
Q796_HOLE block=199 j=0 touches=0
FOLD20_FULL_STEP_BLOCK block=199 j=0 ops=195228 T=126585 physical=564 PASS
RANK4_LOWER class=4 original_ops=5491 new_ops=4863 symbolic_rank_gates=0 paired_macros=0 conditional_clean=true
FOLD20_T10_RANK4 j=3 last=true low=true old_ops=5491 ops=4863
RANK4_LOWER class=3 original_ops=40169 new_ops=33949 symbolic_rank_gates=480 paired_macros=528 conditional_clean=true
FOLD20_T10_RANK4 j=3 last=false low=true old_ops=40169 ops=33949
FOLD20_PASSIVE_LOWER old=688 new=1138 macros=8 gathers=0
FOLD20_PASSIVE_LOWER old=260 new=664 macros=6 gathers=0
FOLD20_PASSIVE_LOWER old=1082 new=6864 macros=22 gathers=0
Q796_HOLE block=200 j=0 touches=0
Q796_HOLE block=200 j=0 touches=0
Q796_HOLE block=200 j=0 touches=0
FOLD20_FULL_STEP_BLOCK block=200 j=0 ops=193180 T=125563 physical=564 PASS
RANK4_LOWER class=4 original_ops=5369 new_ops=4777 symbolic_rank_gates=0 paired_macros=0 conditional_clean=true
FOLD20_T10_RANK4 j=3 last=true low=true old_ops=5369 ops=4777
RANK4_LOWER class=3 original_ops=39899 new_ops=33719 symbolic_rank_gates=480 paired_macros=528 conditional_clean=true
FOLD20_T10_RANK4 j=3 last=false low=true old_ops=39899 ops=33719
FOLD20_PASSIVE_LOWER old=688 new=1138 macros=8 gathers=0
FOLD20_PASSIVE_LOWER old=260 new=664 macros=6 gathers=0
FOLD20_PASSIVE_LOWER old=1082 new=6864 macros=22 gathers=0
Q796_HOLE block=201 j=0 touches=0
Q796_HOLE block=201 j=0 touches=0
Q796_HOLE block=201 j=0 touches=0
FOLD20_FULL_STEP_BLOCK block=201 j=0 ops=191094 T=124311 physical=564 PASS
FOLD20_FULL_STEP_PASS lanes=387840 forward_ops=118771320 forward_T=73651108; own integrated three-hole/mod8 step; holes256/257/258 absent; NOT whole point-add Q792 or9024
	Command being timed: "prlimit --as=3000000000 timeout 1200s /home/agentyczny-zdzich/Desktop/projekty/ecdsa/.autoresearch/q792-memo-joint-20260913.s9u6rt86/stage-r04-workspace/target/release/build_circuit"
	User time (seconds): 70.62
	System time (seconds): 1.54
	Percent of CPU this job got: 99%
	Elapsed (wall clock) time (h:mm:ss or m:ss): 1:12.24
	Average shared text size (kbytes): 0
	Average unshared data size (kbytes): 0
	Average stack size (kbytes): 0
	Average total size (kbytes): 0
	Maximum resident set size (kbytes): 120956
	Average resident set size (kbytes): 0
	Major (requiring I/O) page faults: 0
	Minor (reclaiming a frame) page faults: 2565352
	Voluntary context switches: 728
	Involuntary context switches: 1081
	Swaps: 0
	File system inputs: 0
	File system outputs: 296
	Socket messages sent: 0
	Socket messages received: 0
	Signals delivered: 0
	Page size (bytes): 4096
	Exit status: 0
