=== quantum_ecc: build_circuit (untrusted stage) ===

-- building circuit --
RANK4_LOWER class=4 original_ops=379 new_ops=301 symbolic_rank_gates=12 paired_macros=12 conditional_clean=true
FOLD20_T10_RANK4 j=3 last=true low=true old_ops=379 ops=301
RANK4_LOWER class=4 original_ops=2189 new_ops=1401 symbolic_rank_gates=36 paired_macros=84 conditional_clean=true
FOLD20_T10_RANK4 j=0 last=true low=true old_ops=2189 ops=1401
RANK4_LOWER class=4 original_ops=2775 new_ops=1829 symbolic_rank_gates=36 paired_macros=84 conditional_clean=true
FOLD20_T10_RANK4 j=1 last=true low=true old_ops=2775 ops=1829
RANK4_LOWER class=4 original_ops=3605 new_ops=2407 symbolic_rank_gates=36 paired_macros=84 conditional_clean=true
FOLD20_T10_RANK4 j=2 last=true low=true old_ops=3605 ops=2407
RANK4_LOWER class=3 original_ops=34097 new_ops=30983 symbolic_rank_gates=512 paired_macros=576 conditional_clean=true
FOLD20_T10_RANK4 j=1 last=false low=true old_ops=34097 ops=30983
RANK4_LOWER class=3 original_ops=34393 new_ops=30979 symbolic_rank_gates=512 paired_macros=576 conditional_clean=true
FOLD20_T10_RANK4 j=3 last=false low=true old_ops=34393 ops=30979
FOLD20_PASSIVE_LOWER old=544 new=872 macros=6 gathers=0
FOLD20_PASSIVE_LOWER old=688 new=1138 macros=8 gathers=0
FOLD20_PASSIVE_LOWER old=260 new=664 macros=6 gathers=0
RANK4_LOWER class=3 original_ops=58537 new_ops=52291 symbolic_rank_gates=704 paired_macros=806 conditional_clean=true
FOLD20_PASSIVE_LOWER old=260 new=664 macros=6 gathers=0
FOLD20_T10_RANK4 j=0 last=false low=true old_ops=58537 ops=52291
FOLD20_PASSIVE_LOWER old=326 new=3110 macros=9 gathers=0
RANK4_LOWER class=3 original_ops=58271 new_ops=52301 symbolic_rank_gates=704 paired_macros=806 conditional_clean=true
FOLD20_T10_RANK4 j=2 last=false low=true old_ops=58271 ops=52301
FOLD20_PASSIVE_LOWER old=1082 new=6864 macros=22 gathers=0
FOLD20_PASSIVE_LOWER old=544 new=872 macros=6 gathers=0
FOLD20_PASSIVE_LOWER old=260 new=664 macros=6 gathers=0
FOLD20_PASSIVE_LOWER old=0 new=0 macros=0 gathers=0
FOLD20_PASSIVE_LOWER old=544 new=872 macros=6 gathers=0
FOLD20_PASSIVE_LOWER old=260 new=664 macros=6 gathers=0
FOLD20_PASSIVE_LOWER old=0 new=0 macros=0 gathers=0
RANK4_LOWER class=4 original_ops=491 new_ops=389 symbolic_rank_gates=12 paired_macros=12 conditional_clean=true
FOLD20_T10_RANK4 j=3 last=true low=true old_ops=491 ops=389
RANK4_LOWER class=4 original_ops=2301 new_ops=1489 symbolic_rank_gates=36 paired_macros=84 conditional_clean=true
FOLD20_T10_RANK4 j=0 last=true low=true old_ops=2301 ops=1489
RANK4_LOWER class=4 original_ops=2887 new_ops=1917 symbolic_rank_gates=36 paired_macros=84 conditional_clean=true
FOLD20_T10_RANK4 j=1 last=true low=true old_ops=2887 ops=1917
RANK4_LOWER class=4 original_ops=3717 new_ops=2495 symbolic_rank_gates=36 paired_macros=84 conditional_clean=true
FOLD20_T10_RANK4 j=2 last=true low=true old_ops=3717 ops=2495
RANK4_LOWER class=3 original_ops=34569 new_ops=31133 symbolic_rank_gates=512 paired_macros=576 conditional_clean=true
FOLD20_T10_RANK4 j=3 last=false low=true old_ops=34569 ops=31133
RANK4_LOWER class=3 original_ops=34273 new_ops=31137 symbolic_rank_gates=512 paired_macros=576 conditional_clean=true
FOLD20_T10_RANK4 j=1 last=false low=true old_ops=34273 ops=31137
FOLD20_PASSIVE_LOWER old=688 new=1138 macros=8 gathers=0
FOLD20_PASSIVE_LOWER old=544 new=872 macros=6 gathers=0
FOLD20_PASSIVE_LOWER old=260 new=664 macros=6 gathers=0
FOLD20_PASSIVE_LOWER old=260 new=664 macros=6 gathers=0
FOLD20_PASSIVE_LOWER old=326 new=3110 macros=9 gathers=0
RANK4_LOWER class=3 original_ops=58447 new_ops=52455 symbolic_rank_gates=704 paired_macros=806 conditional_clean=true
FOLD20_T10_RANK4 j=2 last=false low=true old_ops=58447 ops=52455
FOLD20_PASSIVE_LOWER old=1082 new=6864 macros=22 gathers=0
RANK4_LOWER class=3 original_ops=58713 new_ops=52445 symbolic_rank_gates=704 paired_macros=806 conditional_clean=true
FOLD20_T10_RANK4 j=0 last=false low=true old_ops=58713 ops=52445
FOLD20_PASSIVE_LOWER old=544 new=872 macros=6 gathers=0
FOLD20_PASSIVE_LOWER old=260 new=664 macros=6 gathers=0
FOLD20_PASSIVE_LOWER old=544 new=872 macros=6 gathers=0
FOLD20_PASSIVE_LOWER old=260 new=664 macros=6 gathers=0
FOLD20_PASSIVE_LOWER old=0 new=0 macros=0 gathers=0
FOLD20_PASSIVE_LOWER old=0 new=0 macros=0 gathers=0
RANK4_LOWER class=4 original_ops=621 new_ops=483 symbolic_rank_gates=12 paired_macros=12 conditional_clean=true
FOLD20_T10_RANK4 j=3 last=true low=true old_ops=621 ops=483
RANK4_LOWER class=4 original_ops=2431 new_ops=1585 symbolic_rank_gates=36 paired_macros=84 conditional_clean=true
FOLD20_T10_RANK4 j=0 last=true low=true old_ops=2431 ops=1585
RANK4_LOWER class=4 original_ops=3017 new_ops=2013 symbolic_rank_gates=36 paired_macros=84 conditional_clean=true
FOLD20_T10_RANK4 j=1 last=true low=true old_ops=3017 ops=2013
RANK4_LOWER class=4 original_ops=3847 new_ops=2591 symbolic_rank_gates=36 paired_macros=84 conditional_clean=true
FOLD20_T10_RANK4 j=2 last=true low=true old_ops=3847 ops=2591
RANK4_LOWER class=3 original_ops=34529 new_ops=31355 symbolic_rank_gates=512 paired_macros=576 conditional_clean=true
FOLD20_T10_RANK4 j=1 last=false low=true old_ops=34529 ops=31355
RANK4_LOWER class=3 original_ops=34825 new_ops=31351 symbolic_rank_gates=512 paired_macros=576 conditional_clean=true
FOLD20_T10_RANK4 j=3 last=false low=true old_ops=34825 ops=31351
FOLD20_PASSIVE_LOWER old=544 new=872 macros=6 gathers=0
FOLD20_PASSIVE_LOWER old=260 new=664 macros=6 gathers=0
FOLD20_PASSIVE_LOWER old=688 new=1138 macros=8 gathers=0
RANK4_LOWER class=3 original_ops=58969 new_ops=52663 symbolic_rank_gates=704 paired_macros=806 conditional_clean=true
FOLD20_T10_RANK4 j=0 last=false low=true old_ops=58969 ops=52663
FOLD20_PASSIVE_LOWER old=260 new=664 macros=6 gathers=0
FOLD20_PASSIVE_LOWER old=326 new=3110 macros=9 gathers=0
RANK4_LOWER class=3 original_ops=58703 new_ops=52673 symbolic_rank_gates=704 paired_macros=806 conditional_clean=true
FOLD20_T10_RANK4 j=2 last=false low=true old_ops=58703 ops=52673
FOLD20_PASSIVE_LOWER old=544 new=872 macros=6 gathers=0
FOLD20_PASSIVE_LOWER old=1082 new=6864 macros=22 gathers=0
FOLD20_PASSIVE_LOWER old=544 new=872 macros=6 gathers=0
FOLD20_PASSIVE_LOWER old=260 new=664 macros=6 gathers=0
FOLD20_PASSIVE_LOWER old=260 new=664 macros=6 gathers=0
FOLD20_PASSIVE_LOWER old=0 new=0 macros=0 gathers=0
FOLD20_PASSIVE_LOWER old=0 new=0 macros=0 gathers=0
RANK4_LOWER class=4 original_ops=749 new_ops=579 symbolic_rank_gates=12 paired_macros=12 conditional_clean=true
FOLD20_T10_RANK4 j=3 last=true low=true old_ops=749 ops=579
RANK4_LOWER class=4 original_ops=2559 new_ops=1681 symbolic_rank_gates=36 paired_macros=84 conditional_clean=true
FOLD20_T10_RANK4 j=0 last=true low=true old_ops=2559 ops=1681
RANK4_LOWER class=4 original_ops=3145 new_ops=2109 symbolic_rank_gates=36 paired_macros=84 conditional_clean=true
FOLD20_T10_RANK4 j=1 last=true low=true old_ops=3145 ops=2109
RANK4_LOWER class=4 original_ops=3975 new_ops=2687 symbolic_rank_gates=36 paired_macros=84 conditional_clean=true
FOLD20_T10_RANK4 j=2 last=true low=true old_ops=3975 ops=2687
RANK4_LOWER class=3 original_ops=35021 new_ops=31525 symbolic_rank_gates=512 paired_macros=576 conditional_clean=true
FOLD20_T10_RANK4 j=3 last=false low=true old_ops=35021 ops=31525
RANK4_LOWER class=3 original_ops=34725 new_ops=31529 symbolic_rank_gates=512 paired_macros=576 conditional_clean=true
FOLD20_T10_RANK4 j=1 last=false low=true old_ops=34725 ops=31529
FOLD20_PASSIVE_LOWER old=688 new=1138 macros=8 gathers=0
FOLD20_PASSIVE_LOWER old=544 new=872 macros=6 gathers=0
FOLD20_PASSIVE_LOWER old=260 new=664 macros=6 gathers=0
FOLD20_PASSIVE_LOWER old=260 new=664 macros=6 gathers=0
RANK4_LOWER class=3 original_ops=59165 new_ops=52837 symbolic_rank_gates=704 paired_macros=806 conditional_clean=true
FOLD20_T10_RANK4 j=0 last=false low=true old_ops=59165 ops=52837
RANK4_LOWER class=3 original_ops=58899 new_ops=52847 symbolic_rank_gates=704 paired_macros=806 conditional_clean=true
FOLD20_T10_RANK4 j=2 last=false low=true old_ops=58899 ops=52847
FOLD20_PASSIVE_LOWER old=326 new=3110 macros=9 gathers=0
FOLD20_PASSIVE_LOWER old=1082 new=6864 macros=22 gathers=0
FOLD20_PASSIVE_LOWER old=544 new=872 macros=6 gathers=0
FOLD20_PASSIVE_LOWER old=544 new=872 macros=6 gathers=0
FOLD20_PASSIVE_LOWER old=260 new=664 macros=6 gathers=0
FOLD20_PASSIVE_LOWER old=260 new=664 macros=6 gathers=0
FOLD20_PASSIVE_LOWER old=0 new=0 macros=0 gathers=0
FOLD20_PASSIVE_LOWER old=0 new=0 macros=0 gathers=0
RANK4_LOWER class=4 original_ops=857 new_ops=663 symbolic_rank_gates=12 paired_macros=12 conditional_clean=true
FOLD20_T10_RANK4 j=3 last=true low=true old_ops=857 ops=663
RANK4_LOWER class=4 original_ops=2667 new_ops=1765 symbolic_rank_gates=36 paired_macros=84 conditional_clean=true
FOLD20_T10_RANK4 j=0 last=true low=true old_ops=2667 ops=1765
RANK4_LOWER class=4 original_ops=3253 new_ops=2195 symbolic_rank_gates=36 paired_macros=84 conditional_clean=true
FOLD20_T10_RANK4 j=1 last=true low=true old_ops=3253 ops=2195
RANK4_LOWER class=4 original_ops=4083 new_ops=2771 symbolic_rank_gates=36 paired_macros=84 conditional_clean=true
FOLD20_T10_RANK4 j=2 last=true low=true old_ops=4083 ops=2771
RANK4_LOWER class=3 original_ops=35217 new_ops=31691 symbolic_rank_gates=512 paired_macros=576 conditional_clean=true
FOLD20_T10_RANK4 j=3 last=false low=true old_ops=35217 ops=31691
RANK4_LOWER class=3 original_ops=34921 new_ops=31695 symbolic_rank_gates=512 paired_macros=576 conditional_clean=true
FOLD20_T10_RANK4 j=1 last=false low=true old_ops=34921 ops=31695
FOLD20_PASSIVE_LOWER old=544 new=872 macros=6 gathers=0
FOLD20_PASSIVE_LOWER old=688 new=1138 macros=8 gathers=0
FOLD20_PASSIVE_LOWER old=260 new=664 macros=6 gathers=0
FOLD20_PASSIVE_LOWER old=260 new=664 macros=6 gathers=0
RANK4_LOWER class=3 original_ops=59095 new_ops=53013 symbolic_rank_gates=704 paired_macros=806 conditional_clean=true
FOLD20_T10_RANK4 j=2 last=false low=true old_ops=59095 ops=53013
RANK4_LOWER class=3 original_ops=59361 new_ops=53003 symbolic_rank_gates=704 paired_macros=806 conditional_clean=true
FOLD20_T10_RANK4 j=0 last=false low=true old_ops=59361 ops=53003
FOLD20_PASSIVE_LOWER old=326 new=3110 macros=9 gathers=0
FOLD20_PASSIVE_LOWER old=1082 new=6864 macros=22 gathers=0
FOLD20_PASSIVE_LOWER old=544 new=872 macros=6 gathers=0
FOLD20_PASSIVE_LOWER old=544 new=872 macros=6 gathers=0
FOLD20_PASSIVE_LOWER old=260 new=664 macros=6 gathers=0
FOLD20_PASSIVE_LOWER old=260 new=664 macros=6 gathers=0
FOLD20_PASSIVE_LOWER old=0 new=0 macros=0 gathers=0
FOLD20_PASSIVE_LOWER old=0 new=0 macros=0 gathers=0
RANK4_LOWER class=4 original_ops=981 new_ops=755 symbolic_rank_gates=12 paired_macros=12 conditional_clean=true
FOLD20_T10_RANK4 j=3 last=true low=true old_ops=981 ops=755
RANK4_LOWER class=4 original_ops=2791 new_ops=1857 symbolic_rank_gates=36 paired_macros=84 conditional_clean=true
FOLD20_T10_RANK4 j=0 last=true low=true old_ops=2791 ops=1857
RANK4_LOWER class=4 original_ops=3377 new_ops=2287 symbolic_rank_gates=36 paired_macros=84 conditional_clean=true
FOLD20_T10_RANK4 j=1 last=true low=true old_ops=3377 ops=2287
RANK4_LOWER class=4 original_ops=4207 new_ops=2863 symbolic_rank_gates=36 paired_macros=84 conditional_clean=true
FOLD20_T10_RANK4 j=2 last=true low=true old_ops=4207 ops=2863
RANK4_LOWER class=3 original_ops=35409 new_ops=31861 symbolic_rank_gates=512 paired_macros=576 conditional_clean=true
FOLD20_T10_RANK4 j=3 last=false low=true old_ops=35409 ops=31861
RANK4_LOWER class=3 original_ops=35113 new_ops=31865 symbolic_rank_gates=512 paired_macros=576 conditional_clean=true
FOLD20_T10_RANK4 j=1 last=false low=true old_ops=35113 ops=31865
FOLD20_PASSIVE_LOWER old=688 new=1138 macros=8 gathers=0
FOLD20_PASSIVE_LOWER old=544 new=872 macros=6 gathers=0
FOLD20_PASSIVE_LOWER old=260 new=664 macros=6 gathers=0
FOLD20_PASSIVE_LOWER old=260 new=664 macros=6 gathers=0
RANK4_LOWER class=3 original_ops=59553 new_ops=53173 symbolic_rank_gates=704 paired_macros=806 conditional_clean=true
FOLD20_T10_RANK4 j=0 last=false low=true old_ops=59553 ops=53173
RANK4_LOWER class=3 original_ops=59287 new_ops=53183 symbolic_rank_gates=704 paired_macros=806 conditional_clean=true
FOLD20_T10_RANK4 j=2 last=false low=true old_ops=59287 ops=53183
FOLD20_PASSIVE_LOWER old=1082 new=6864 macros=22 gathers=0
FOLD20_PASSIVE_LOWER old=326 new=3110 macros=9 gathers=0
FOLD20_PASSIVE_LOWER old=544 new=872 macros=6 gathers=0
FOLD20_PASSIVE_LOWER old=544 new=872 macros=6 gathers=0
FOLD20_PASSIVE_LOWER old=260 new=664 macros=6 gathers=0
FOLD20_PASSIVE_LOWER old=260 new=664 macros=6 gathers=0
FOLD20_PASSIVE_LOWER old=0 new=0 macros=0 gathers=0
FOLD20_PASSIVE_LOWER old=0 new=0 macros=0 gathers=0
RANK4_LOWER class=4 original_ops=1145 new_ops=871 symbolic_rank_gates=12 paired_macros=12 conditional_clean=true
FOLD20_T10_RANK4 j=3 last=true low=true old_ops=1145 ops=871
RANK4_LOWER class=4 original_ops=2955 new_ops=1975 symbolic_rank_gates=36 paired_macros=84 conditional_clean=true
FOLD20_T10_RANK4 j=0 last=true low=true old_ops=2955 ops=1975
RANK4_LOWER class=4 original_ops=3541 new_ops=2405 symbolic_rank_gates=36 paired_macros=84 conditional_clean=true
FOLD20_T10_RANK4 j=1 last=true low=true old_ops=3541 ops=2405
RANK4_LOWER class=4 original_ops=4371 new_ops=2981 symbolic_rank_gates=36 paired_macros=84 conditional_clean=true
FOLD20_T10_RANK4 j=2 last=true low=true old_ops=4371 ops=2981
RANK4_LOWER class=3 original_ops=35777 new_ops=32161 symbolic_rank_gates=512 paired_macros=576 conditional_clean=true
FOLD20_T10_RANK4 j=3 last=false low=true old_ops=35777 ops=32161
RANK4_LOWER class=3 original_ops=35481 new_ops=32165 symbolic_rank_gates=512 paired_macros=576 conditional_clean=true
FOLD20_T10_RANK4 j=1 last=false low=true old_ops=35481 ops=32165
FOLD20_PASSIVE_LOWER old=688 new=1138 macros=8 gathers=0
FOLD20_PASSIVE_LOWER old=544 new=872 macros=6 gathers=0
FOLD20_PASSIVE_LOWER old=260 new=664 macros=6 gathers=0
FOLD20_PASSIVE_LOWER old=260 new=664 macros=6 gathers=0
FOLD20_PASSIVE_LOWER old=326 new=3110 macros=9 gathers=0
FOLD20_PASSIVE_LOWER old=1082 new=6864 macros=22 gathers=0
RANK4_LOWER class=3 original_ops=59921 new_ops=53473 symbolic_rank_gates=704 paired_macros=806 conditional_clean=true
FOLD20_T10_RANK4 j=0 last=false low=true old_ops=59921 ops=53473
RANK4_LOWER class=3 original_ops=59655 new_ops=53483 symbolic_rank_gates=704 paired_macros=806 conditional_clean=true
FOLD20_T10_RANK4 j=2 last=false low=true old_ops=59655 ops=53483
FOLD20_PASSIVE_LOWER old=544 new=872 macros=6 gathers=0
FOLD20_PASSIVE_LOWER old=260 new=664 macros=6 gathers=0
FOLD20_PASSIVE_LOWER old=544 new=872 macros=6 gathers=0
FOLD20_PASSIVE_LOWER old=260 new=664 macros=6 gathers=0
FOLD20_PASSIVE_LOWER old=0 new=0 macros=0 gathers=0
FOLD20_PASSIVE_LOWER old=0 new=0 macros=0 gathers=0
RANK4_LOWER class=4 original_ops=1285 new_ops=979 symbolic_rank_gates=12 paired_macros=12 conditional_clean=true
FOLD20_T10_RANK4 j=3 last=true low=true old_ops=1285 ops=979
RANK4_LOWER class=4 original_ops=3095 new_ops=2083 symbolic_rank_gates=36 paired_macros=84 conditional_clean=true
FOLD20_T10_RANK4 j=0 last=true low=true old_ops=3095 ops=2083
RANK4_LOWER class=4 original_ops=3681 new_ops=2513 symbolic_rank_gates=36 paired_macros=84 conditional_clean=true
FOLD20_T10_RANK4 j=1 last=true low=true old_ops=3681 ops=2513
RANK4_LOWER class=4 original_ops=4511 new_ops=3089 symbolic_rank_gates=36 paired_macros=84 conditional_clean=true
FOLD20_T10_RANK4 j=2 last=true low=true old_ops=4511 ops=3089
RANK4_LOWER class=3 original_ops=35993 new_ops=32355 symbolic_rank_gates=512 paired_macros=576 conditional_clean=true
FOLD20_T10_RANK4 j=3 last=false low=true old_ops=35993 ops=32355
RANK4_LOWER class=3 original_ops=35697 new_ops=32359 symbolic_rank_gates=512 paired_macros=576 conditional_clean=true
FOLD20_T10_RANK4 j=1 last=false low=true old_ops=35697 ops=32359
FOLD20_PASSIVE_LOWER old=688 new=1138 macros=8 gathers=0
FOLD20_PASSIVE_LOWER old=544 new=872 macros=6 gathers=0
FOLD20_PASSIVE_LOWER old=260 new=664 macros=6 gathers=0
FOLD20_PASSIVE_LOWER old=260 new=664 macros=6 gathers=0
FOLD20_PASSIVE_LOWER old=326 new=3110 macros=9 gathers=0
FOLD20_PASSIVE_LOWER old=1082 new=6864 macros=22 gathers=0
RANK4_LOWER class=3 original_ops=60137 new_ops=53687 symbolic_rank_gates=704 paired_macros=806 conditional_clean=true
FOLD20_T10_RANK4 j=0 last=false low=true old_ops=60137 ops=53687
RANK4_LOWER class=3 original_ops=59871 new_ops=53697 symbolic_rank_gates=704 paired_macros=806 conditional_clean=true
FOLD20_T10_RANK4 j=2 last=false low=true old_ops=59871 ops=53697
FOLD20_PASSIVE_LOWER old=544 new=872 macros=6 gathers=0
FOLD20_PASSIVE_LOWER old=260 new=664 macros=6 gathers=0
FOLD20_PASSIVE_LOWER old=544 new=872 macros=6 gathers=0
FOLD20_PASSIVE_LOWER old=0 new=0 macros=0 gathers=0
FOLD20_PASSIVE_LOWER old=260 new=664 macros=6 gathers=0
FOLD20_PASSIVE_LOWER old=0 new=0 macros=0 gathers=0
RANK4_LOWER class=4 original_ops=1393 new_ops=1063 symbolic_rank_gates=12 paired_macros=12 conditional_clean=true
FOLD20_T10_RANK4 j=3 last=true low=true old_ops=1393 ops=1063
RANK4_LOWER class=4 original_ops=3203 new_ops=2169 symbolic_rank_gates=36 paired_macros=84 conditional_clean=true
FOLD20_T10_RANK4 j=0 last=true low=true old_ops=3203 ops=2169
RANK4_LOWER class=4 original_ops=3789 new_ops=2597 symbolic_rank_gates=36 paired_macros=84 conditional_clean=true
FOLD20_T10_RANK4 j=1 last=true low=true old_ops=3789 ops=2597
RANK4_LOWER class=4 original_ops=4619 new_ops=3173 symbolic_rank_gates=36 paired_macros=84 conditional_clean=true
FOLD20_T10_RANK4 j=2 last=true low=true old_ops=4619 ops=3173
RANK4_LOWER class=3 original_ops=36213 new_ops=32605 symbolic_rank_gates=512 paired_macros=576 conditional_clean=true
FOLD20_T10_RANK4 j=3 last=false low=true old_ops=36213 ops=32605
RANK4_LOWER class=3 original_ops=35917 new_ops=32609 symbolic_rank_gates=512 paired_macros=576 conditional_clean=true
FOLD20_T10_RANK4 j=1 last=false low=true old_ops=35917 ops=32609
FOLD20_PASSIVE_LOWER old=688 new=1138 macros=8 gathers=0
FOLD20_PASSIVE_LOWER old=544 new=872 macros=6 gathers=0
FOLD20_PASSIVE_LOWER old=260 new=664 macros=6 gathers=0
FOLD20_PASSIVE_LOWER old=260 new=664 macros=6 gathers=0
FOLD20_PASSIVE_LOWER old=326 new=3110 macros=9 gathers=0
FOLD20_PASSIVE_LOWER old=1082 new=6864 macros=22 gathers=0
RANK4_LOWER class=3 original_ops=60091 new_ops=53947 symbolic_rank_gates=704 paired_macros=806 conditional_clean=true
FOLD20_T10_RANK4 j=2 last=false low=true old_ops=60091 ops=53947
RANK4_LOWER class=3 original_ops=60357 new_ops=53939 symbolic_rank_gates=704 paired_macros=806 conditional_clean=true
FOLD20_T10_RANK4 j=0 last=false low=true old_ops=60357 ops=53939
FOLD20_PASSIVE_LOWER old=544 new=872 macros=6 gathers=0
FOLD20_PASSIVE_LOWER old=260 new=664 macros=6 gathers=0
FOLD20_PASSIVE_LOWER old=544 new=872 macros=6 gathers=0
FOLD20_PASSIVE_LOWER old=0 new=0 macros=0 gathers=0
FOLD20_PASSIVE_LOWER old=260 new=664 macros=6 gathers=0
FOLD20_PASSIVE_LOWER old=0 new=0 macros=0 gathers=0
RANK4_LOWER class=4 original_ops=1533 new_ops=1163 symbolic_rank_gates=12 paired_macros=12 conditional_clean=true
FOLD20_T10_RANK4 j=3 last=true low=true old_ops=1533 ops=1163
RANK4_LOWER class=4 original_ops=3343 new_ops=2269 symbolic_rank_gates=36 paired_macros=84 conditional_clean=true
FOLD20_T10_RANK4 j=0 last=true low=true old_ops=3343 ops=2269
RANK4_LOWER class=4 original_ops=3929 new_ops=2697 symbolic_rank_gates=36 paired_macros=84 conditional_clean=true
FOLD20_T10_RANK4 j=1 last=true low=true old_ops=3929 ops=2697
RANK4_LOWER class=4 original_ops=4759 new_ops=3273 symbolic_rank_gates=36 paired_macros=84 conditional_clean=true
FOLD20_T10_RANK4 j=2 last=true low=true old_ops=4759 ops=3273
RANK4_LOWER class=3 original_ops=36133 new_ops=32865 symbolic_rank_gates=512 paired_macros=576 conditional_clean=true
FOLD20_T10_RANK4 j=1 last=false low=true old_ops=36133 ops=32865
RANK4_LOWER class=3 original_ops=36429 new_ops=32861 symbolic_rank_gates=512 paired_macros=576 conditional_clean=true
FOLD20_T10_RANK4 j=3 last=false low=true old_ops=36429 ops=32861
FOLD20_PASSIVE_LOWER old=544 new=872 macros=6 gathers=0
FOLD20_PASSIVE_LOWER old=688 new=1138 macros=8 gathers=0
FOLD20_PASSIVE_LOWER old=260 new=664 macros=6 gathers=0
FOLD20_PASSIVE_LOWER old=260 new=664 macros=6 gathers=0
FOLD20_PASSIVE_LOWER old=326 new=3110 macros=9 gathers=0
FOLD20_PASSIVE_LOWER old=1082 new=6864 macros=22 gathers=0
RANK4_LOWER class=3 original_ops=60307 new_ops=54205 symbolic_rank_gates=704 paired_macros=806 conditional_clean=true
FOLD20_T10_RANK4 j=2 last=false low=true old_ops=60307 ops=54205
RANK4_LOWER class=3 original_ops=60573 new_ops=54195 symbolic_rank_gates=704 paired_macros=806 conditional_clean=true
FOLD20_T10_RANK4 j=0 last=false low=true old_ops=60573 ops=54195
FOLD20_PASSIVE_LOWER old=544 new=872 macros=6 gathers=0
FOLD20_PASSIVE_LOWER old=544 new=872 macros=6 gathers=0
FOLD20_PASSIVE_LOWER old=260 new=664 macros=6 gathers=0
FOLD20_PASSIVE_LOWER old=260 new=664 macros=6 gathers=0
FOLD20_PASSIVE_LOWER old=0 new=0 macros=0 gathers=0
FOLD20_PASSIVE_LOWER old=0 new=0 macros=0 gathers=0
RANK4_LOWER class=4 original_ops=1641 new_ops=1247 symbolic_rank_gates=12 paired_macros=12 conditional_clean=true
FOLD20_T10_RANK4 j=3 last=true low=true old_ops=1641 ops=1247
RANK4_LOWER class=4 original_ops=3451 new_ops=2353 symbolic_rank_gates=36 paired_macros=84 conditional_clean=true
FOLD20_T10_RANK4 j=0 last=true low=true old_ops=3451 ops=2353
RANK4_LOWER class=4 original_ops=4037 new_ops=2781 symbolic_rank_gates=36 paired_macros=84 conditional_clean=true
FOLD20_T10_RANK4 j=1 last=true low=true old_ops=4037 ops=2781
RANK4_LOWER class=4 original_ops=4867 new_ops=3357 symbolic_rank_gates=36 paired_macros=84 conditional_clean=true
FOLD20_T10_RANK4 j=2 last=true low=true old_ops=4867 ops=3357
RANK4_LOWER class=3 original_ops=36641 new_ops=33113 symbolic_rank_gates=512 paired_macros=576 conditional_clean=true
FOLD20_T10_RANK4 j=3 last=false low=true old_ops=36641 ops=33113
RANK4_LOWER class=3 original_ops=36345 new_ops=33117 symbolic_rank_gates=512 paired_macros=576 conditional_clean=true
FOLD20_T10_RANK4 j=1 last=false low=true old_ops=36345 ops=33117
FOLD20_PASSIVE_LOWER old=688 new=1138 macros=8 gathers=0
FOLD20_PASSIVE_LOWER old=544 new=872 macros=6 gathers=0
FOLD20_PASSIVE_LOWER old=260 new=664 macros=6 gathers=0
FOLD20_PASSIVE_LOWER old=260 new=664 macros=6 gathers=0
FOLD20_PASSIVE_LOWER old=326 new=3110 macros=9 gathers=0
FOLD20_PASSIVE_LOWER old=1082 new=6864 macros=22 gathers=0
RANK4_LOWER class=3 original_ops=60785 new_ops=54445 symbolic_rank_gates=704 paired_macros=806 conditional_clean=true
FOLD20_T10_RANK4 j=0 last=false low=true old_ops=60785 ops=54445
RANK4_LOWER class=3 original_ops=60519 new_ops=54455 symbolic_rank_gates=704 paired_macros=806 conditional_clean=true
FOLD20_T10_RANK4 j=2 last=false low=true old_ops=60519 ops=54455
FOLD20_PASSIVE_LOWER old=544 new=872 macros=6 gathers=0
FOLD20_PASSIVE_LOWER old=544 new=872 macros=6 gathers=0
FOLD20_PASSIVE_LOWER old=260 new=664 macros=6 gathers=0
FOLD20_PASSIVE_LOWER old=260 new=664 macros=6 gathers=0
FOLD20_PASSIVE_LOWER old=0 new=0 macros=0 gathers=0
FOLD20_PASSIVE_LOWER old=0 new=0 macros=0 gathers=0
RANK4_LOWER class=4 original_ops=1777 new_ops=1351 symbolic_rank_gates=12 paired_macros=12 conditional_clean=true
FOLD20_T10_RANK4 j=3 last=true low=true old_ops=1777 ops=1351
RANK4_LOWER class=4 original_ops=3587 new_ops=2457 symbolic_rank_gates=36 paired_macros=84 conditional_clean=true
FOLD20_T10_RANK4 j=0 last=true low=true old_ops=3587 ops=2457
RANK4_LOWER class=4 original_ops=4173 new_ops=2885 symbolic_rank_gates=36 paired_macros=84 conditional_clean=true
FOLD20_T10_RANK4 j=1 last=true low=true old_ops=4173 ops=2885
RANK4_LOWER class=4 original_ops=5003 new_ops=3461 symbolic_rank_gates=36 paired_macros=84 conditional_clean=true
FOLD20_T10_RANK4 j=2 last=true low=true old_ops=5003 ops=3461
RANK4_LOWER class=3 original_ops=36853 new_ops=33321 symbolic_rank_gates=512 paired_macros=576 conditional_clean=true
FOLD20_T10_RANK4 j=3 last=false low=true old_ops=36853 ops=33321
RANK4_LOWER class=3 original_ops=36557 new_ops=33325 symbolic_rank_gates=512 paired_macros=576 conditional_clean=true
FOLD20_T10_RANK4 j=1 last=false low=true old_ops=36557 ops=33325
FOLD20_PASSIVE_LOWER old=688 new=1138 macros=8 gathers=0
FOLD20_PASSIVE_LOWER old=260 new=664 macros=6 gathers=0
FOLD20_PASSIVE_LOWER old=544 new=872 macros=6 gathers=0
FOLD20_PASSIVE_LOWER old=260 new=664 macros=6 gathers=0
FOLD20_PASSIVE_LOWER old=1082 new=6864 macros=22 gathers=0
FOLD20_PASSIVE_LOWER old=326 new=3110 macros=9 gathers=0
RANK4_LOWER class=3 original_ops=60997 new_ops=54637 symbolic_rank_gates=704 paired_macros=806 conditional_clean=true
FOLD20_T10_RANK4 j=0 last=false low=true old_ops=60997 ops=54637
RANK4_LOWER class=3 original_ops=60731 new_ops=54647 symbolic_rank_gates=704 paired_macros=806 conditional_clean=true
FOLD20_T10_RANK4 j=2 last=false low=true old_ops=60731 ops=54647
FOLD20_PASSIVE_LOWER old=544 new=872 macros=6 gathers=0
FOLD20_PASSIVE_LOWER old=544 new=872 macros=6 gathers=0
FOLD20_PASSIVE_LOWER old=260 new=664 macros=6 gathers=0
FOLD20_PASSIVE_LOWER old=260 new=664 macros=6 gathers=0
FOLD20_PASSIVE_LOWER old=0 new=0 macros=0 gathers=0
FOLD20_PASSIVE_LOWER old=0 new=0 macros=0 gathers=0
RANK4_LOWER class=4 original_ops=1885 new_ops=1435 symbolic_rank_gates=12 paired_macros=12 conditional_clean=true
FOLD20_T10_RANK4 j=3 last=true low=true old_ops=1885 ops=1435
RANK4_LOWER class=4 original_ops=4281 new_ops=2971 symbolic_rank_gates=36 paired_macros=84 conditional_clean=true
FOLD20_T10_RANK4 j=1 last=true low=true old_ops=4281 ops=2971
RANK4_LOWER class=4 original_ops=3695 new_ops=2541 symbolic_rank_gates=36 paired_macros=84 conditional_clean=true
FOLD20_T10_RANK4 j=0 last=true low=true old_ops=3695 ops=2541
RANK4_LOWER class=4 original_ops=5111 new_ops=3545 symbolic_rank_gates=36 paired_macros=84 conditional_clean=true
FOLD20_T10_RANK4 j=2 last=true low=true old_ops=5111 ops=3545
RANK4_LOWER class=3 original_ops=37065 new_ops=33505 symbolic_rank_gates=512 paired_macros=576 conditional_clean=true
FOLD20_T10_RANK4 j=3 last=false low=true old_ops=37065 ops=33505
RANK4_LOWER class=3 original_ops=36769 new_ops=33509 symbolic_rank_gates=512 paired_macros=576 conditional_clean=true
FOLD20_T10_RANK4 j=1 last=false low=true old_ops=36769 ops=33509
FOLD20_PASSIVE_LOWER old=688 new=1138 macros=8 gathers=0
FOLD20_PASSIVE_LOWER old=544 new=872 macros=6 gathers=0
FOLD20_PASSIVE_LOWER old=260 new=664 macros=6 gathers=0
FOLD20_PASSIVE_LOWER old=260 new=664 macros=6 gathers=0
FOLD20_PASSIVE_LOWER old=326 new=3110 macros=9 gathers=0
RANK4_LOWER class=3 original_ops=61209 new_ops=54817 symbolic_rank_gates=704 paired_macros=806 conditional_clean=true
FOLD20_PASSIVE_LOWER old=1082 new=6864 macros=22 gathers=0
FOLD20_T10_RANK4 j=0 last=false low=true old_ops=61209 ops=54817
RANK4_LOWER class=3 original_ops=60943 new_ops=54827 symbolic_rank_gates=704 paired_macros=806 conditional_clean=true
FOLD20_T10_RANK4 j=2 last=false low=true old_ops=60943 ops=54827
FOLD20_PASSIVE_LOWER old=544 new=872 macros=6 gathers=0
FOLD20_PASSIVE_LOWER old=260 new=664 macros=6 gathers=0
FOLD20_PASSIVE_LOWER old=544 new=872 macros=6 gathers=0
FOLD20_PASSIVE_LOWER old=0 new=0 macros=0 gathers=0
FOLD20_PASSIVE_LOWER old=260 new=664 macros=6 gathers=0
FOLD20_PASSIVE_LOWER old=0 new=0 macros=0 gathers=0
RANK4_LOWER class=4 original_ops=2017 new_ops=1535 symbolic_rank_gates=12 paired_macros=12 conditional_clean=true
FOLD20_T10_RANK4 j=3 last=true low=true old_ops=2017 ops=1535
RANK4_LOWER class=4 original_ops=3827 new_ops=2641 symbolic_rank_gates=36 paired_macros=84 conditional_clean=true
FOLD20_T10_RANK4 j=0 last=true low=true old_ops=3827 ops=2641
RANK4_LOWER class=4 original_ops=4413 new_ops=3071 symbolic_rank_gates=36 paired_macros=84 conditional_clean=true
FOLD20_T10_RANK4 j=1 last=true low=true old_ops=4413 ops=3071
RANK4_LOWER class=4 original_ops=5243 new_ops=3645 symbolic_rank_gates=36 paired_macros=84 conditional_clean=true
FOLD20_T10_RANK4 j=2 last=true low=true old_ops=5243 ops=3645
RANK4_LOWER class=3 original_ops=36977 new_ops=33693 symbolic_rank_gates=512 paired_macros=576 conditional_clean=true
FOLD20_T10_RANK4 j=1 last=false low=true old_ops=36977 ops=33693
RANK4_LOWER class=3 original_ops=37273 new_ops=33689 symbolic_rank_gates=512 paired_macros=576 conditional_clean=true
FOLD20_T10_RANK4 j=3 last=false low=true old_ops=37273 ops=33689
FOLD20_PASSIVE_LOWER old=544 new=872 macros=6 gathers=0
FOLD20_PASSIVE_LOWER old=260 new=664 macros=6 gathers=0
FOLD20_PASSIVE_LOWER old=688 new=1138 macros=8 gathers=0
FOLD20_PASSIVE_LOWER old=326 new=3110 macros=9 gathers=0
FOLD20_PASSIVE_LOWER old=260 new=664 macros=6 gathers=0
RANK4_LOWER class=3 original_ops=61417 new_ops=55001 symbolic_rank_gates=704 paired_macros=806 conditional_clean=true
FOLD20_T10_RANK4 j=0 last=false low=true old_ops=61417 ops=55001
RANK4_LOWER class=3 original_ops=61151 new_ops=55011 symbolic_rank_gates=704 paired_macros=806 conditional_clean=true
FOLD20_T10_RANK4 j=2 last=false low=true old_ops=61151 ops=55011
FOLD20_PASSIVE_LOWER old=1082 new=6864 macros=22 gathers=0
FOLD20_PASSIVE_LOWER old=544 new=872 macros=6 gathers=0
FOLD20_PASSIVE_LOWER old=260 new=664 macros=6 gathers=0
FOLD20_PASSIVE_LOWER old=0 new=0 macros=0 gathers=0
FOLD20_PASSIVE_LOWER old=544 new=872 macros=6 gathers=0
FOLD20_PASSIVE_LOWER old=260 new=664 macros=6 gathers=0
FOLD20_PASSIVE_LOWER old=0 new=0 macros=0 gathers=0
RANK4_LOWER class=4 original_ops=2069 new_ops=1667 symbolic_rank_gates=12 paired_macros=12 conditional_clean=true
FOLD20_T10_RANK4 j=3 last=true low=true old_ops=2069 ops=1667
RANK4_LOWER class=4 original_ops=4465 new_ops=3205 symbolic_rank_gates=36 paired_macros=84 conditional_clean=true
FOLD20_T10_RANK4 j=1 last=true low=true old_ops=4465 ops=3205
RANK4_LOWER class=4 original_ops=3879 new_ops=2775 symbolic_rank_gates=36 paired_macros=84 conditional_clean=true
FOLD20_T10_RANK4 j=0 last=true low=true old_ops=3879 ops=2775
RANK4_LOWER class=4 original_ops=5295 new_ops=3779 symbolic_rank_gates=36 paired_macros=84 conditional_clean=true
FOLD20_T10_RANK4 j=2 last=true low=true old_ops=5295 ops=3779
RANK4_LOWER class=3 original_ops=37849 new_ops=34125 symbolic_rank_gates=512 paired_macros=576 conditional_clean=true
FOLD20_T10_RANK4 j=3 last=false low=true old_ops=37849 ops=34125
RANK4_LOWER class=3 original_ops=37553 new_ops=34129 symbolic_rank_gates=512 paired_macros=576 conditional_clean=true
FOLD20_T10_RANK4 j=1 last=false low=true old_ops=37553 ops=34129
FOLD20_PASSIVE_LOWER old=688 new=1138 macros=8 gathers=0
FOLD20_PASSIVE_LOWER old=544 new=872 macros=6 gathers=0
FOLD20_PASSIVE_LOWER old=260 new=664 macros=6 gathers=0
FOLD20_PASSIVE_LOWER old=260 new=664 macros=6 gathers=0
FOLD20_PASSIVE_LOWER old=326 new=3110 macros=9 gathers=0
FOLD20_PASSIVE_LOWER old=1082 new=6864 macros=22 gathers=0
RANK4_LOWER class=3 original_ops=61993 new_ops=55441 symbolic_rank_gates=704 paired_macros=806 conditional_clean=true
FOLD20_T10_RANK4 j=0 last=false low=true old_ops=61993 ops=55441
RANK4_LOWER class=3 original_ops=61727 new_ops=55449 symbolic_rank_gates=704 paired_macros=806 conditional_clean=true
FOLD20_T10_RANK4 j=2 last=false low=true old_ops=61727 ops=55449
FOLD20_PASSIVE_LOWER old=544 new=872 macros=6 gathers=0
FOLD20_PASSIVE_LOWER old=260 new=664 macros=6 gathers=0
FOLD20_PASSIVE_LOWER old=544 new=872 macros=6 gathers=0
FOLD20_PASSIVE_LOWER old=0 new=0 macros=0 gathers=0
FOLD20_PASSIVE_LOWER old=260 new=664 macros=6 gathers=0
FOLD20_PASSIVE_LOWER old=0 new=0 macros=0 gathers=0
RANK4_LOWER class=4 original_ops=2221 new_ops=1787 symbolic_rank_gates=12 paired_macros=12 conditional_clean=true
FOLD20_T10_RANK4 j=3 last=true low=true old_ops=2221 ops=1787
RANK4_LOWER class=4 original_ops=4031 new_ops=2899 symbolic_rank_gates=36 paired_macros=84 conditional_clean=true
FOLD20_T10_RANK4 j=0 last=true low=true old_ops=4031 ops=2899
RANK4_LOWER class=4 original_ops=4617 new_ops=3325 symbolic_rank_gates=36 paired_macros=84 conditional_clean=true
FOLD20_T10_RANK4 j=1 last=true low=true old_ops=4617 ops=3325
RANK4_LOWER class=4 original_ops=5447 new_ops=3899 symbolic_rank_gates=36 paired_macros=84 conditional_clean=true
FOLD20_T10_RANK4 j=2 last=true low=true old_ops=5447 ops=3899
RANK4_LOWER class=3 original_ops=38085 new_ops=34337 symbolic_rank_gates=512 paired_macros=576 conditional_clean=true
RANK4_LOWER class=3 original_ops=37789 new_ops=34341 symbolic_rank_gates=512 paired_macros=576 conditional_clean=true
FOLD20_T10_RANK4 j=1 last=false low=true old_ops=37789 ops=34341
FOLD20_T10_RANK4 j=3 last=false low=true old_ops=38085 ops=34337
FOLD20_PASSIVE_LOWER old=544 new=872 macros=6 gathers=0
FOLD20_PASSIVE_LOWER old=688 new=1138 macros=8 gathers=0
FOLD20_PASSIVE_LOWER old=260 new=664 macros=6 gathers=0
FOLD20_PASSIVE_LOWER old=260 new=664 macros=6 gathers=0
FOLD20_PASSIVE_LOWER old=326 new=3110 macros=9 gathers=0
RANK4_LOWER class=3 original_ops=62229 new_ops=55653 symbolic_rank_gates=704 paired_macros=806 conditional_clean=true
FOLD20_PASSIVE_LOWER old=1082 new=6864 macros=22 gathers=0
FOLD20_T10_RANK4 j=0 last=false low=true old_ops=62229 ops=55653
RANK4_LOWER class=3 original_ops=61963 new_ops=55661 symbolic_rank_gates=704 paired_macros=806 conditional_clean=true
FOLD20_T10_RANK4 j=2 last=false low=true old_ops=61963 ops=55661
FOLD20_PASSIVE_LOWER old=544 new=872 macros=6 gathers=0
FOLD20_PASSIVE_LOWER old=544 new=872 macros=6 gathers=0
FOLD20_PASSIVE_LOWER old=260 new=664 macros=6 gathers=0
FOLD20_PASSIVE_LOWER old=260 new=664 macros=6 gathers=0
FOLD20_PASSIVE_LOWER old=0 new=0 macros=0 gathers=0
FOLD20_PASSIVE_LOWER old=0 new=0 macros=0 gathers=0
RANK4_LOWER class=4 original_ops=2325 new_ops=1875 symbolic_rank_gates=12 paired_macros=12 conditional_clean=true
FOLD20_T10_RANK4 j=3 last=true low=true old_ops=2325 ops=1875
RANK4_LOWER class=4 original_ops=5551 new_ops=3987 symbolic_rank_gates=36 paired_macros=84 conditional_clean=true
FOLD20_T10_RANK4 j=2 last=true low=true old_ops=5551 ops=3987
RANK4_LOWER class=4 original_ops=4135 new_ops=2987 symbolic_rank_gates=36 paired_macros=84 conditional_clean=true
FOLD20_T10_RANK4 j=0 last=true low=true old_ops=4135 ops=2987
RANK4_LOWER class=4 original_ops=4721 new_ops=3413 symbolic_rank_gates=36 paired_macros=84 conditional_clean=true
FOLD20_T10_RANK4 j=1 last=true low=true old_ops=4721 ops=3413
RANK4_LOWER class=3 original_ops=38329 new_ops=34533 symbolic_rank_gates=512 paired_macros=576 conditional_clean=true
FOLD20_T10_RANK4 j=3 last=false low=true old_ops=38329 ops=34533
RANK4_LOWER class=3 original_ops=38033 new_ops=34537 symbolic_rank_gates=512 paired_macros=576 conditional_clean=true
FOLD20_T10_RANK4 j=1 last=false low=true old_ops=38033 ops=34537
FOLD20_PASSIVE_LOWER old=688 new=1138 macros=8 gathers=0
FOLD20_PASSIVE_LOWER old=260 new=664 macros=6 gathers=0
FOLD20_PASSIVE_LOWER old=544 new=872 macros=6 gathers=0
RANK4_LOWER class=3 original_ops=62207 new_ops=55857 symbolic_rank_gates=704 paired_macros=806 conditional_clean=true
FOLD20_T10_RANK4 j=2 last=false low=true old_ops=62207 ops=55857
RANK4_LOWER class=3 original_ops=62473 new_ops=55849 symbolic_rank_gates=704 paired_macros=806 conditional_clean=true
FOLD20_T10_RANK4 j=0 last=false low=true old_ops=62473 ops=55849
FOLD20_PASSIVE_LOWER old=260 new=664 macros=6 gathers=0
FOLD20_PASSIVE_LOWER old=1082 new=6864 macros=22 gathers=0
FOLD20_PASSIVE_LOWER old=326 new=3110 macros=9 gathers=0
FOLD20_PASSIVE_LOWER old=544 new=872 macros=6 gathers=0
FOLD20_PASSIVE_LOWER old=260 new=664 macros=6 gathers=0
FOLD20_PASSIVE_LOWER old=544 new=872 macros=6 gathers=0
FOLD20_PASSIVE_LOWER old=260 new=664 macros=6 gathers=0
FOLD20_PASSIVE_LOWER old=0 new=0 macros=0 gathers=0
FOLD20_PASSIVE_LOWER old=0 new=0 macros=0 gathers=0
RANK4_LOWER class=4 original_ops=2445 new_ops=1971 symbolic_rank_gates=12 paired_macros=12 conditional_clean=true
FOLD20_T10_RANK4 j=3 last=true low=true old_ops=2445 ops=1971
RANK4_LOWER class=4 original_ops=4255 new_ops=3083 symbolic_rank_gates=36 paired_macros=84 conditional_clean=true
FOLD20_T10_RANK4 j=0 last=true low=true old_ops=4255 ops=3083
RANK4_LOWER class=4 original_ops=4841 new_ops=3509 symbolic_rank_gates=36 paired_macros=84 conditional_clean=true
FOLD20_T10_RANK4 j=1 last=true low=true old_ops=4841 ops=3509
RANK4_LOWER class=4 original_ops=5671 new_ops=4083 symbolic_rank_gates=36 paired_macros=84 conditional_clean=true
FOLD20_T10_RANK4 j=2 last=true low=true old_ops=5671 ops=4083
RANK4_LOWER class=3 original_ops=38569 new_ops=34733 symbolic_rank_gates=512 paired_macros=576 conditional_clean=true
FOLD20_T10_RANK4 j=3 last=false low=true old_ops=38569 ops=34733
RANK4_LOWER class=3 original_ops=38273 new_ops=34737 symbolic_rank_gates=512 paired_macros=576 conditional_clean=true
FOLD20_T10_RANK4 j=1 last=false low=true old_ops=38273 ops=34737
FOLD20_PASSIVE_LOWER old=688 new=1138 macros=8 gathers=0
FOLD20_PASSIVE_LOWER old=260 new=664 macros=6 gathers=0
FOLD20_PASSIVE_LOWER old=544 new=872 macros=6 gathers=0
FOLD20_PASSIVE_LOWER old=260 new=664 macros=6 gathers=0
FOLD20_PASSIVE_LOWER old=1082 new=6864 macros=22 gathers=0
FOLD20_PASSIVE_LOWER old=326 new=3110 macros=9 gathers=0
RANK4_LOWER class=3 original_ops=62713 new_ops=56049 symbolic_rank_gates=704 paired_macros=806 conditional_clean=true
FOLD20_T10_RANK4 j=0 last=false low=true old_ops=62713 ops=56049
RANK4_LOWER class=3 original_ops=62447 new_ops=56057 symbolic_rank_gates=704 paired_macros=806 conditional_clean=true
FOLD20_T10_RANK4 j=2 last=false low=true old_ops=62447 ops=56057
FOLD20_PASSIVE_LOWER old=544 new=872 macros=6 gathers=0
FOLD20_PASSIVE_LOWER old=260 new=664 macros=6 gathers=0
FOLD20_PASSIVE_LOWER old=544 new=872 macros=6 gathers=0
FOLD20_PASSIVE_LOWER old=260 new=664 macros=6 gathers=0
FOLD20_PASSIVE_LOWER old=0 new=0 macros=0 gathers=0
FOLD20_PASSIVE_LOWER old=0 new=0 macros=0 gathers=0
RANK4_LOWER class=4 original_ops=2549 new_ops=2059 symbolic_rank_gates=12 paired_macros=12 conditional_clean=true
FOLD20_T10_RANK4 j=3 last=true low=true old_ops=2549 ops=2059
RANK4_LOWER class=4 original_ops=4359 new_ops=3173 symbolic_rank_gates=36 paired_macros=84 conditional_clean=true
RANK4_LOWER class=4 original_ops=4945 new_ops=3599 symbolic_rank_gates=36 paired_macros=84 conditional_clean=true
RANK4_LOWER class=4 original_ops=5775 new_ops=4173 symbolic_rank_gates=36 paired_macros=84 conditional_clean=true
FOLD20_T10_RANK4 j=1 last=true low=true old_ops=4945 ops=3599
FOLD20_T10_RANK4 j=2 last=true low=true old_ops=5775 ops=4173
FOLD20_T10_RANK4 j=0 last=true low=true old_ops=4359 ops=3173
RANK4_LOWER class=3 original_ops=38805 new_ops=34929 symbolic_rank_gates=512 paired_macros=576 conditional_clean=true
FOLD20_T10_RANK4 j=3 last=false low=true old_ops=38805 ops=34929
RANK4_LOWER class=3 original_ops=38509 new_ops=34933 symbolic_rank_gates=512 paired_macros=576 conditional_clean=true
FOLD20_T10_RANK4 j=1 last=false low=true old_ops=38509 ops=34933
FOLD20_PASSIVE_LOWER old=544 new=872 macros=6 gathers=0
FOLD20_PASSIVE_LOWER old=688 new=1138 macros=8 gathers=0
FOLD20_PASSIVE_LOWER old=260 new=664 macros=6 gathers=0
FOLD20_PASSIVE_LOWER old=260 new=664 macros=6 gathers=0
FOLD20_PASSIVE_LOWER old=326 new=3110 macros=9 gathers=0
RANK4_LOWER class=3 original_ops=62683 new_ops=56253 symbolic_rank_gates=704 paired_macros=806 conditional_clean=true
FOLD20_T10_RANK4 j=2 last=false low=true old_ops=62683 ops=56253
FOLD20_PASSIVE_LOWER old=1082 new=6864 macros=22 gathers=0
RANK4_LOWER class=3 original_ops=62949 new_ops=56245 symbolic_rank_gates=704 paired_macros=806 conditional_clean=true
FOLD20_T10_RANK4 j=0 last=false low=true old_ops=62949 ops=56245
FOLD20_PASSIVE_LOWER old=544 new=872 macros=6 gathers=0
FOLD20_PASSIVE_LOWER old=260 new=664 macros=6 gathers=0
FOLD20_PASSIVE_LOWER old=0 new=0 macros=0 gathers=0
FOLD20_PASSIVE_LOWER old=544 new=872 macros=6 gathers=0
FOLD20_PASSIVE_LOWER old=260 new=664 macros=6 gathers=0
FOLD20_PASSIVE_LOWER old=0 new=0 macros=0 gathers=0
RANK4_LOWER class=4 original_ops=2701 new_ops=2171 symbolic_rank_gates=12 paired_macros=12 conditional_clean=true
FOLD20_T10_RANK4 j=3 last=true low=true old_ops=2701 ops=2171
RANK4_LOWER class=4 original_ops=4511 new_ops=3285 symbolic_rank_gates=36 paired_macros=84 conditional_clean=true
FOLD20_T10_RANK4 j=0 last=true low=true old_ops=4511 ops=3285
RANK4_LOWER class=4 original_ops=5097 new_ops=3711 symbolic_rank_gates=36 paired_macros=84 conditional_clean=true
FOLD20_T10_RANK4 j=1 last=true low=true old_ops=5097 ops=3711
RANK4_LOWER class=4 original_ops=5927 new_ops=4285 symbolic_rank_gates=36 paired_macros=84 conditional_clean=true
FOLD20_T10_RANK4 j=2 last=true low=true old_ops=5927 ops=4285
RANK4_LOWER class=3 original_ops=39041 new_ops=35133 symbolic_rank_gates=512 paired_macros=576 conditional_clean=true
FOLD20_T10_RANK4 j=3 last=false low=true old_ops=39041 ops=35133
RANK4_LOWER class=3 original_ops=38745 new_ops=35137 symbolic_rank_gates=512 paired_macros=576 conditional_clean=true
FOLD20_T10_RANK4 j=1 last=false low=true old_ops=38745 ops=35137
FOLD20_PASSIVE_LOWER old=688 new=1138 macros=8 gathers=0
FOLD20_PASSIVE_LOWER old=544 new=872 macros=6 gathers=0
FOLD20_PASSIVE_LOWER old=260 new=664 macros=6 gathers=0
FOLD20_PASSIVE_LOWER old=260 new=664 macros=6 gathers=0
FOLD20_PASSIVE_LOWER old=1082 new=6864 macros=22 gathers=0
FOLD20_PASSIVE_LOWER old=326 new=3110 macros=9 gathers=0
RANK4_LOWER class=3 original_ops=62919 new_ops=56457 symbolic_rank_gates=704 paired_macros=806 conditional_clean=true
FOLD20_T10_RANK4 j=2 last=false low=true old_ops=62919 ops=56457
RANK4_LOWER class=3 original_ops=63185 new_ops=56449 symbolic_rank_gates=704 paired_macros=806 conditional_clean=true
FOLD20_T10_RANK4 j=0 last=false low=true old_ops=63185 ops=56449
FOLD20_PASSIVE_LOWER old=544 new=872 macros=6 gathers=0
FOLD20_PASSIVE_LOWER old=260 new=664 macros=6 gathers=0
FOLD20_PASSIVE_LOWER old=544 new=872 macros=6 gathers=0
FOLD20_PASSIVE_LOWER old=0 new=0 macros=0 gathers=0
FOLD20_PASSIVE_LOWER old=260 new=664 macros=6 gathers=0
FOLD20_PASSIVE_LOWER old=0 new=0 macros=0 gathers=0
RANK4_LOWER class=4 original_ops=2805 new_ops=2259 symbolic_rank_gates=12 paired_macros=12 conditional_clean=true
FOLD20_T10_RANK4 j=3 last=true low=true old_ops=2805 ops=2259
RANK4_LOWER class=4 original_ops=4615 new_ops=3373 symbolic_rank_gates=36 paired_macros=84 conditional_clean=true
FOLD20_T10_RANK4 j=0 last=true low=true old_ops=4615 ops=3373
RANK4_LOWER class=4 original_ops=5201 new_ops=3799 symbolic_rank_gates=36 paired_macros=84 conditional_clean=true
FOLD20_T10_RANK4 j=1 last=true low=true old_ops=5201 ops=3799
RANK4_LOWER class=4 original_ops=6031 new_ops=4373 symbolic_rank_gates=36 paired_macros=84 conditional_clean=true
FOLD20_T10_RANK4 j=2 last=true low=true old_ops=6031 ops=4373
RANK4_LOWER class=3 original_ops=39277 new_ops=35329 symbolic_rank_gates=512 paired_macros=576 conditional_clean=true
FOLD20_T10_RANK4 j=3 last=false low=true old_ops=39277 ops=35329
RANK4_LOWER class=3 original_ops=38981 new_ops=35333 symbolic_rank_gates=512 paired_macros=576 conditional_clean=true
FOLD20_T10_RANK4 j=1 last=false low=true old_ops=38981 ops=35333
FOLD20_PASSIVE_LOWER old=688 new=1138 macros=8 gathers=0
FOLD20_PASSIVE_LOWER old=260 new=664 macros=6 gathers=0
FOLD20_PASSIVE_LOWER old=544 new=872 macros=6 gathers=0
FOLD20_PASSIVE_LOWER old=260 new=664 macros=6 gathers=0
RANK4_LOWER class=3 original_ops=63155 new_ops=56653 symbolic_rank_gates=704 paired_macros=806 conditional_clean=true
FOLD20_T10_RANK4 j=2 last=false low=true old_ops=63155 ops=56653
FOLD20_PASSIVE_LOWER old=1082 new=6864 macros=22 gathers=0
RANK4_LOWER class=3 original_ops=63421 new_ops=56645 symbolic_rank_gates=704 paired_macros=806 conditional_clean=true
FOLD20_T10_RANK4 j=0 last=false low=true old_ops=63421 ops=56645
FOLD20_PASSIVE_LOWER old=326 new=3110 macros=9 gathers=0
FOLD20_PASSIVE_LOWER old=544 new=872 macros=6 gathers=0
FOLD20_PASSIVE_LOWER old=544 new=872 macros=6 gathers=0
FOLD20_PASSIVE_LOWER old=260 new=664 macros=6 gathers=0
FOLD20_PASSIVE_LOWER old=260 new=664 macros=6 gathers=0
FOLD20_PASSIVE_LOWER old=0 new=0 macros=0 gathers=0
FOLD20_PASSIVE_LOWER old=0 new=0 macros=0 gathers=0
RANK4_LOWER class=4 original_ops=2925 new_ops=2355 symbolic_rank_gates=12 paired_macros=12 conditional_clean=true
FOLD20_T10_RANK4 j=3 last=true low=true old_ops=2925 ops=2355
RANK4_LOWER class=4 original_ops=4735 new_ops=3469 symbolic_rank_gates=36 paired_macros=84 conditional_clean=true
RANK4_LOWER class=4 original_ops=5321 new_ops=3895 symbolic_rank_gates=36 paired_macros=84 conditional_clean=true
FOLD20_T10_RANK4 j=0 last=true low=true old_ops=4735 ops=3469
FOLD20_T10_RANK4 j=1 last=true low=true old_ops=5321 ops=3895
RANK4_LOWER class=4 original_ops=6151 new_ops=4469 symbolic_rank_gates=36 paired_macros=84 conditional_clean=true
FOLD20_T10_RANK4 j=2 last=true low=true old_ops=6151 ops=4469
RANK4_LOWER class=3 original_ops=39213 new_ops=35533 symbolic_rank_gates=512 paired_macros=576 conditional_clean=true
FOLD20_T10_RANK4 j=1 last=false low=true old_ops=39213 ops=35533
RANK4_LOWER class=3 original_ops=39509 new_ops=35529 symbolic_rank_gates=512 paired_macros=576 conditional_clean=true
FOLD20_T10_RANK4 j=3 last=false low=true old_ops=39509 ops=35529
FOLD20_PASSIVE_LOWER old=544 new=872 macros=6 gathers=0
FOLD20_PASSIVE_LOWER old=688 new=1138 macros=8 gathers=0
FOLD20_PASSIVE_LOWER old=260 new=664 macros=6 gathers=0
FOLD20_PASSIVE_LOWER old=260 new=664 macros=6 gathers=0
FOLD20_PASSIVE_LOWER old=326 new=3110 macros=9 gathers=0
FOLD20_PASSIVE_LOWER old=1082 new=6864 macros=22 gathers=0
RANK4_LOWER class=3 original_ops=63653 new_ops=56845 symbolic_rank_gates=704 paired_macros=806 conditional_clean=true
FOLD20_T10_RANK4 j=0 last=false low=true old_ops=63653 ops=56845
RANK4_LOWER class=3 original_ops=63387 new_ops=56853 symbolic_rank_gates=704 paired_macros=806 conditional_clean=true
FOLD20_T10_RANK4 j=2 last=false low=true old_ops=63387 ops=56853
FOLD20_PASSIVE_LOWER old=544 new=872 macros=6 gathers=0
FOLD20_PASSIVE_LOWER old=544 new=872 macros=6 gathers=0
FOLD20_PASSIVE_LOWER old=260 new=664 macros=6 gathers=0
FOLD20_PASSIVE_LOWER old=260 new=664 macros=6 gathers=0
FOLD20_PASSIVE_LOWER old=0 new=0 macros=0 gathers=0
FOLD20_PASSIVE_LOWER old=0 new=0 macros=0 gathers=0
RANK4_LOWER class=4 original_ops=3029 new_ops=2443 symbolic_rank_gates=12 paired_macros=12 conditional_clean=true
FOLD20_T10_RANK4 j=3 last=true low=true old_ops=3029 ops=2443
RANK4_LOWER class=4 original_ops=4839 new_ops=3557 symbolic_rank_gates=36 paired_macros=84 conditional_clean=true
FOLD20_T10_RANK4 j=0 last=true low=true old_ops=4839 ops=3557
RANK4_LOWER class=4 original_ops=5425 new_ops=3983 symbolic_rank_gates=36 paired_macros=84 conditional_clean=true
FOLD20_T10_RANK4 j=1 last=true low=true old_ops=5425 ops=3983
RANK4_LOWER class=4 original_ops=6255 new_ops=4557 symbolic_rank_gates=36 paired_macros=84 conditional_clean=true
FOLD20_T10_RANK4 j=2 last=true low=true old_ops=6255 ops=4557
RANK4_LOWER class=3 original_ops=39737 new_ops=35725 symbolic_rank_gates=512 paired_macros=576 conditional_clean=true
FOLD20_T10_RANK4 j=3 last=false low=true old_ops=39737 ops=35725
RANK4_LOWER class=3 original_ops=39441 new_ops=35729 symbolic_rank_gates=512 paired_macros=576 conditional_clean=true
FOLD20_T10_RANK4 j=1 last=false low=true old_ops=39441 ops=35729
FOLD20_PASSIVE_LOWER old=688 new=1138 macros=8 gathers=0
FOLD20_PASSIVE_LOWER old=544 new=872 macros=6 gathers=0
FOLD20_PASSIVE_LOWER old=260 new=664 macros=6 gathers=0
FOLD20_PASSIVE_LOWER old=260 new=664 macros=6 gathers=0
RANK4_LOWER class=3 original_ops=63881 new_ops=57041 symbolic_rank_gates=704 paired_macros=806 conditional_clean=true
FOLD20_T10_RANK4 j=0 last=false low=true old_ops=63881 ops=57041
FOLD20_PASSIVE_LOWER old=326 new=3110 macros=9 gathers=0
FOLD20_PASSIVE_LOWER old=1082 new=6864 macros=22 gathers=0
RANK4_LOWER class=3 original_ops=63615 new_ops=57049 symbolic_rank_gates=704 paired_macros=806 conditional_clean=true
FOLD20_T10_RANK4 j=2 last=false low=true old_ops=63615 ops=57049
FOLD20_PASSIVE_LOWER old=544 new=872 macros=6 gathers=0
FOLD20_PASSIVE_LOWER old=544 new=872 macros=6 gathers=0
FOLD20_PASSIVE_LOWER old=260 new=664 macros=6 gathers=0
FOLD20_PASSIVE_LOWER old=260 new=664 macros=6 gathers=0
FOLD20_PASSIVE_LOWER old=0 new=0 macros=0 gathers=0
FOLD20_PASSIVE_LOWER old=0 new=0 macros=0 gathers=0
RANK4_LOWER class=4 original_ops=3177 new_ops=2559 symbolic_rank_gates=12 paired_macros=12 conditional_clean=true
FOLD20_T10_RANK4 j=3 last=true low=true old_ops=3177 ops=2559
RANK4_LOWER class=4 original_ops=4987 new_ops=3673 symbolic_rank_gates=36 paired_macros=84 conditional_clean=true
FOLD20_T10_RANK4 j=0 last=true low=true old_ops=4987 ops=3673
RANK4_LOWER class=4 original_ops=5573 new_ops=4099 symbolic_rank_gates=36 paired_macros=84 conditional_clean=true
FOLD20_T10_RANK4 j=1 last=true low=true old_ops=5573 ops=4099
RANK4_LOWER class=4 original_ops=6403 new_ops=4673 symbolic_rank_gates=36 paired_macros=84 conditional_clean=true
FOLD20_T10_RANK4 j=2 last=true low=true old_ops=6403 ops=4673
RANK4_LOWER class=3 original_ops=39969 new_ops=35933 symbolic_rank_gates=512 paired_macros=576 conditional_clean=true
FOLD20_T10_RANK4 j=3 last=false low=true old_ops=39969 ops=35933
RANK4_LOWER class=3 original_ops=39673 new_ops=35937 symbolic_rank_gates=512 paired_macros=576 conditional_clean=true
FOLD20_T10_RANK4 j=1 last=false low=true old_ops=39673 ops=35937
FOLD20_PASSIVE_LOWER old=688 new=1138 macros=8 gathers=0
FOLD20_PASSIVE_LOWER old=260 new=664 macros=6 gathers=0
RANK4_LOWER class=3 original_ops=64113 new_ops=57249 symbolic_rank_gates=704 paired_macros=806 conditional_clean=true
FOLD20_T10_RANK4 j=0 last=false low=true old_ops=64113 ops=57249
FOLD20_PASSIVE_LOWER old=544 new=872 macros=6 gathers=0
RANK4_LOWER class=3 original_ops=63847 new_ops=57257 symbolic_rank_gates=704 paired_macros=806 conditional_clean=true
FOLD20_T10_RANK4 j=2 last=false low=true old_ops=63847 ops=57257
FOLD20_PASSIVE_LOWER old=1082 new=6864 macros=22 gathers=0
FOLD20_PASSIVE_LOWER old=260 new=664 macros=6 gathers=0
FOLD20_PASSIVE_LOWER old=326 new=3110 macros=9 gathers=0
FOLD20_PASSIVE_LOWER old=544 new=872 macros=6 gathers=0
FOLD20_PASSIVE_LOWER old=544 new=872 macros=6 gathers=0
FOLD20_PASSIVE_LOWER old=260 new=664 macros=6 gathers=0
FOLD20_PASSIVE_LOWER old=260 new=664 macros=6 gathers=0
FOLD20_PASSIVE_LOWER old=0 new=0 macros=0 gathers=0
FOLD20_PASSIVE_LOWER old=0 new=0 macros=0 gathers=0
RANK4_LOWER class=4 original_ops=3281 new_ops=2647 symbolic_rank_gates=12 paired_macros=12 conditional_clean=true
FOLD20_T10_RANK4 j=3 last=true low=true old_ops=3281 ops=2647
RANK4_LOWER class=4 original_ops=5091 new_ops=3761 symbolic_rank_gates=36 paired_macros=84 conditional_clean=true
FOLD20_T10_RANK4 j=0 last=true low=true old_ops=5091 ops=3761
RANK4_LOWER class=4 original_ops=5677 new_ops=4187 symbolic_rank_gates=36 paired_macros=84 conditional_clean=true
FOLD20_T10_RANK4 j=1 last=true low=true old_ops=5677 ops=4187
RANK4_LOWER class=4 original_ops=6507 new_ops=4761 symbolic_rank_gates=36 paired_macros=84 conditional_clean=true
FOLD20_T10_RANK4 j=2 last=true low=true old_ops=6507 ops=4761
RANK4_LOWER class=3 original_ops=40205 new_ops=36133 symbolic_rank_gates=512 paired_macros=576 conditional_clean=true
FOLD20_T10_RANK4 j=3 last=false low=true old_ops=40205 ops=36133
RANK4_LOWER class=3 original_ops=39909 new_ops=36137 symbolic_rank_gates=512 paired_macros=576 conditional_clean=true
FOLD20_T10_RANK4 j=1 last=false low=true old_ops=39909 ops=36137
FOLD20_PASSIVE_LOWER old=688 new=1138 macros=8 gathers=0
FOLD20_PASSIVE_LOWER old=260 new=664 macros=6 gathers=0
FOLD20_PASSIVE_LOWER old=544 new=872 macros=6 gathers=0
FOLD20_PASSIVE_LOWER old=260 new=664 macros=6 gathers=0
FOLD20_PASSIVE_LOWER old=1082 new=6864 macros=22 gathers=0
RANK4_LOWER class=3 original_ops=64349 new_ops=57449 symbolic_rank_gates=704 paired_macros=806 conditional_clean=true
FOLD20_T10_RANK4 j=0 last=false low=true old_ops=64349 ops=57449
FOLD20_PASSIVE_LOWER old=326 new=3110 macros=9 gathers=0
RANK4_LOWER class=3 original_ops=64083 new_ops=57457 symbolic_rank_gates=704 paired_macros=806 conditional_clean=true
FOLD20_T10_RANK4 j=2 last=false low=true old_ops=64083 ops=57457
FOLD20_PASSIVE_LOWER old=544 new=872 macros=6 gathers=0
FOLD20_PASSIVE_LOWER old=260 new=664 macros=6 gathers=0
FOLD20_PASSIVE_LOWER old=0 new=0 macros=0 gathers=0
FOLD20_PASSIVE_LOWER old=544 new=872 macros=6 gathers=0
FOLD20_PASSIVE_LOWER old=260 new=664 macros=6 gathers=0
FOLD20_PASSIVE_LOWER old=0 new=0 macros=0 gathers=0
RANK4_LOWER class=4 original_ops=3401 new_ops=2743 symbolic_rank_gates=12 paired_macros=12 conditional_clean=true
FOLD20_T10_RANK4 j=3 last=true low=true old_ops=3401 ops=2743
RANK4_LOWER class=4 original_ops=5797 new_ops=4283 symbolic_rank_gates=36 paired_macros=84 conditional_clean=true
FOLD20_T10_RANK4 j=1 last=true low=true old_ops=5797 ops=4283
RANK4_LOWER class=4 original_ops=5211 new_ops=3857 symbolic_rank_gates=36 paired_macros=84 conditional_clean=true
FOLD20_T10_RANK4 j=0 last=true low=true old_ops=5211 ops=3857
RANK4_LOWER class=4 original_ops=6627 new_ops=4857 symbolic_rank_gates=36 paired_macros=84 conditional_clean=true
FOLD20_T10_RANK4 j=2 last=true low=true old_ops=6627 ops=4857
RANK4_LOWER class=3 original_ops=40437 new_ops=36333 symbolic_rank_gates=512 paired_macros=576 conditional_clean=true
FOLD20_T10_RANK4 j=3 last=false low=true old_ops=40437 ops=36333
RANK4_LOWER class=3 original_ops=40141 new_ops=36337 symbolic_rank_gates=512 paired_macros=576 conditional_clean=true
FOLD20_T10_RANK4 j=1 last=false low=true old_ops=40141 ops=36337
FOLD20_PASSIVE_LOWER old=688 new=1138 macros=8 gathers=0
FOLD20_PASSIVE_LOWER old=544 new=872 macros=6 gathers=0
FOLD20_PASSIVE_LOWER old=260 new=664 macros=6 gathers=0
FOLD20_PASSIVE_LOWER old=260 new=664 macros=6 gathers=0
FOLD20_PASSIVE_LOWER old=326 new=3110 macros=9 gathers=0
FOLD20_PASSIVE_LOWER old=1082 new=6864 macros=22 gathers=0
RANK4_LOWER class=3 original_ops=64315 new_ops=57657 symbolic_rank_gates=704 paired_macros=806 conditional_clean=true
FOLD20_T10_RANK4 j=2 last=false low=true old_ops=64315 ops=57657
RANK4_LOWER class=3 original_ops=64581 new_ops=57649 symbolic_rank_gates=704 paired_macros=806 conditional_clean=true
FOLD20_T10_RANK4 j=0 last=false low=true old_ops=64581 ops=57649
FOLD20_PASSIVE_LOWER old=544 new=872 macros=6 gathers=0
FOLD20_PASSIVE_LOWER old=260 new=664 macros=6 gathers=0
FOLD20_PASSIVE_LOWER old=544 new=872 macros=6 gathers=0
FOLD20_PASSIVE_LOWER old=260 new=664 macros=6 gathers=0
FOLD20_PASSIVE_LOWER old=0 new=0 macros=0 gathers=0
FOLD20_PASSIVE_LOWER old=0 new=0 macros=0 gathers=0
RANK4_LOWER class=4 original_ops=3505 new_ops=2831 symbolic_rank_gates=12 paired_macros=12 conditional_clean=true
FOLD20_T10_RANK4 j=3 last=true low=true old_ops=3505 ops=2831
RANK4_LOWER class=4 original_ops=5315 new_ops=3945 symbolic_rank_gates=36 paired_macros=84 conditional_clean=true
FOLD20_T10_RANK4 j=0 last=true low=true old_ops=5315 ops=3945
RANK4_LOWER class=4 original_ops=5901 new_ops=4371 symbolic_rank_gates=36 paired_macros=84 conditional_clean=true
FOLD20_T10_RANK4 j=1 last=true low=true old_ops=5901 ops=4371
RANK4_LOWER class=4 original_ops=6731 new_ops=4945 symbolic_rank_gates=36 paired_macros=84 conditional_clean=true
FOLD20_T10_RANK4 j=2 last=true low=true old_ops=6731 ops=4945
RANK4_LOWER class=3 original_ops=40665 new_ops=36529 symbolic_rank_gates=512 paired_macros=576 conditional_clean=true
FOLD20_T10_RANK4 j=3 last=false low=true old_ops=40665 ops=36529
RANK4_LOWER class=3 original_ops=40369 new_ops=36533 symbolic_rank_gates=512 paired_macros=576 conditional_clean=true
FOLD20_T10_RANK4 j=1 last=false low=true old_ops=40369 ops=36533
FOLD20_PASSIVE_LOWER old=688 new=1138 macros=8 gathers=0
FOLD20_PASSIVE_LOWER old=260 new=664 macros=6 gathers=0
FOLD20_PASSIVE_LOWER old=544 new=872 macros=6 gathers=0
FOLD20_PASSIVE_LOWER old=260 new=664 macros=6 gathers=0
RANK4_LOWER class=3 original_ops=64809 new_ops=57845 symbolic_rank_gates=704 paired_macros=806 conditional_clean=true
FOLD20_T10_RANK4 j=0 last=false low=true old_ops=64809 ops=57845
FOLD20_PASSIVE_LOWER old=1082 new=6864 macros=22 gathers=0
FOLD20_PASSIVE_LOWER old=326 new=3110 macros=9 gathers=0
RANK4_LOWER class=3 original_ops=64543 new_ops=57853 symbolic_rank_gates=704 paired_macros=806 conditional_clean=true
FOLD20_T10_RANK4 j=2 last=false low=true old_ops=64543 ops=57853
FOLD20_PASSIVE_LOWER old=544 new=872 macros=6 gathers=0
FOLD20_PASSIVE_LOWER old=544 new=872 macros=6 gathers=0
FOLD20_PASSIVE_LOWER old=260 new=664 macros=6 gathers=0
FOLD20_PASSIVE_LOWER old=260 new=664 macros=6 gathers=0
FOLD20_PASSIVE_LOWER old=0 new=0 macros=0 gathers=0
FOLD20_PASSIVE_LOWER old=0 new=0 macros=0 gathers=0
RANK4_LOWER class=4 original_ops=5459 new_ops=4057 symbolic_rank_gates=36 paired_macros=84 conditional_clean=true
FOLD20_T10_RANK4 j=0 last=true low=true old_ops=5459 ops=4057
RANK4_LOWER class=4 original_ops=3649 new_ops=2943 symbolic_rank_gates=12 paired_macros=12 conditional_clean=true
FOLD20_T10_RANK4 j=3 last=true low=true old_ops=3649 ops=2943
RANK4_LOWER class=4 original_ops=6875 new_ops=5059 symbolic_rank_gates=36 paired_macros=84 conditional_clean=true
FOLD20_T10_RANK4 j=2 last=true low=true old_ops=6875 ops=5059
RANK4_LOWER class=4 original_ops=6045 new_ops=4483 symbolic_rank_gates=36 paired_macros=84 conditional_clean=true
FOLD20_T10_RANK4 j=1 last=true low=true old_ops=6045 ops=4483
RANK4_LOWER class=3 original_ops=40893 new_ops=36733 symbolic_rank_gates=512 paired_macros=576 conditional_clean=true
FOLD20_T10_RANK4 j=3 last=false low=true old_ops=40893 ops=36733
RANK4_LOWER class=3 original_ops=40597 new_ops=36737 symbolic_rank_gates=512 paired_macros=576 conditional_clean=true
FOLD20_T10_RANK4 j=1 last=false low=true old_ops=40597 ops=36737
FOLD20_PASSIVE_LOWER old=688 new=1138 macros=8 gathers=0
FOLD20_PASSIVE_LOWER old=260 new=664 macros=6 gathers=0
FOLD20_PASSIVE_LOWER old=544 new=872 macros=6 gathers=0
FOLD20_PASSIVE_LOWER old=260 new=664 macros=6 gathers=0
FOLD20_PASSIVE_LOWER old=1082 new=6864 macros=22 gathers=0
RANK4_LOWER class=3 original_ops=65037 new_ops=58049 symbolic_rank_gates=704 paired_macros=806 conditional_clean=true
FOLD20_T10_RANK4 j=0 last=false low=true old_ops=65037 ops=58049
RANK4_LOWER class=3 original_ops=64771 new_ops=58057 symbolic_rank_gates=704 paired_macros=806 conditional_clean=true
FOLD20_PASSIVE_LOWER old=326 new=3110 macros=9 gathers=0
FOLD20_T10_RANK4 j=2 last=false low=true old_ops=64771 ops=58057
FOLD20_PASSIVE_LOWER old=544 new=872 macros=6 gathers=0
FOLD20_PASSIVE_LOWER old=544 new=872 macros=6 gathers=0
FOLD20_PASSIVE_LOWER old=260 new=664 macros=6 gathers=0
FOLD20_PASSIVE_LOWER old=260 new=664 macros=6 gathers=0
FOLD20_PASSIVE_LOWER old=0 new=0 macros=0 gathers=0
FOLD20_PASSIVE_LOWER old=0 new=0 macros=0 gathers=0
RANK4_LOWER class=4 original_ops=3753 new_ops=3031 symbolic_rank_gates=12 paired_macros=12 conditional_clean=true
FOLD20_T10_RANK4 j=3 last=true low=true old_ops=3753 ops=3031
RANK4_LOWER class=4 original_ops=5563 new_ops=4145 symbolic_rank_gates=36 paired_macros=84 conditional_clean=true
FOLD20_T10_RANK4 j=0 last=true low=true old_ops=5563 ops=4145
RANK4_LOWER class=4 original_ops=6149 new_ops=4571 symbolic_rank_gates=36 paired_macros=84 conditional_clean=true
FOLD20_T10_RANK4 j=1 last=true low=true old_ops=6149 ops=4571
RANK4_LOWER class=4 original_ops=6979 new_ops=5147 symbolic_rank_gates=36 paired_macros=84 conditional_clean=true
FOLD20_T10_RANK4 j=2 last=true low=true old_ops=6979 ops=5147
RANK4_LOWER class=3 original_ops=41121 new_ops=36929 symbolic_rank_gates=512 paired_macros=576 conditional_clean=true
FOLD20_T10_RANK4 j=3 last=false low=true old_ops=41121 ops=36929
RANK4_LOWER class=3 original_ops=40825 new_ops=36933 symbolic_rank_gates=512 paired_macros=576 conditional_clean=true
FOLD20_T10_RANK4 j=1 last=false low=true old_ops=40825 ops=36933
FOLD20_PASSIVE_LOWER old=688 new=1138 macros=8 gathers=0
FOLD20_PASSIVE_LOWER old=544 new=872 macros=6 gathers=0
FOLD20_PASSIVE_LOWER old=260 new=664 macros=6 gathers=0
FOLD20_PASSIVE_LOWER old=260 new=664 macros=6 gathers=0
FOLD20_PASSIVE_LOWER old=326 new=3110 macros=9 gathers=0
FOLD20_PASSIVE_LOWER old=1082 new=6864 macros=22 gathers=0
RANK4_LOWER class=3 original_ops=65265 new_ops=58245 symbolic_rank_gates=704 paired_macros=806 conditional_clean=true
FOLD20_T10_RANK4 j=0 last=false low=true old_ops=65265 ops=58245
RANK4_LOWER class=3 original_ops=64999 new_ops=58253 symbolic_rank_gates=704 paired_macros=806 conditional_clean=true
FOLD20_T10_RANK4 j=2 last=false low=true old_ops=64999 ops=58253
FOLD20_PASSIVE_LOWER old=544 new=872 macros=6 gathers=0
FOLD20_PASSIVE_LOWER old=544 new=872 macros=6 gathers=0
FOLD20_PASSIVE_LOWER old=260 new=664 macros=6 gathers=0
FOLD20_PASSIVE_LOWER old=260 new=664 macros=6 gathers=0
FOLD20_PASSIVE_LOWER old=0 new=0 macros=0 gathers=0
FOLD20_PASSIVE_LOWER old=0 new=0 macros=0 gathers=0
RANK4_LOWER class=4 original_ops=3873 new_ops=3127 symbolic_rank_gates=12 paired_macros=12 conditional_clean=true
FOLD20_T10_RANK4 j=3 last=true low=true old_ops=3873 ops=3127
RANK4_LOWER class=4 original_ops=5683 new_ops=4241 symbolic_rank_gates=36 paired_macros=84 conditional_clean=true
FOLD20_T10_RANK4 j=0 last=true low=true old_ops=5683 ops=4241
RANK4_LOWER class=4 original_ops=6269 new_ops=4667 symbolic_rank_gates=36 paired_macros=84 conditional_clean=true
FOLD20_T10_RANK4 j=1 last=true low=true old_ops=6269 ops=4667
RANK4_LOWER class=4 original_ops=7099 new_ops=5243 symbolic_rank_gates=36 paired_macros=84 conditional_clean=true
FOLD20_T10_RANK4 j=2 last=true low=true old_ops=7099 ops=5243
RANK4_LOWER class=3 original_ops=41345 new_ops=37129 symbolic_rank_gates=512 paired_macros=576 conditional_clean=true
RANK4_LOWER class=3 original_ops=41049 new_ops=37133 symbolic_rank_gates=512 paired_macros=576 conditional_clean=true
FOLD20_T10_RANK4 j=1 last=false low=true old_ops=41049 ops=37133
FOLD20_T10_RANK4 j=3 last=false low=true old_ops=41345 ops=37129
FOLD20_PASSIVE_LOWER old=688 new=1138 macros=8 gathers=0
FOLD20_PASSIVE_LOWER old=544 new=872 macros=6 gathers=0
FOLD20_PASSIVE_LOWER old=260 new=664 macros=6 gathers=0
FOLD20_PASSIVE_LOWER old=260 new=664 macros=6 gathers=0
RANK4_LOWER class=3 original_ops=65489 new_ops=58445 symbolic_rank_gates=704 paired_macros=806 conditional_clean=true
FOLD20_T10_RANK4 j=0 last=false low=true old_ops=65489 ops=58445
RANK4_LOWER class=3 original_ops=65223 new_ops=58453 symbolic_rank_gates=704 paired_macros=806 conditional_clean=true
FOLD20_T10_RANK4 j=2 last=false low=true old_ops=65223 ops=58453
FOLD20_PASSIVE_LOWER old=326 new=3110 macros=9 gathers=0
FOLD20_PASSIVE_LOWER old=1082 new=6864 macros=22 gathers=0
FOLD20_PASSIVE_LOWER old=544 new=872 macros=6 gathers=0
FOLD20_PASSIVE_LOWER old=544 new=872 macros=6 gathers=0
FOLD20_PASSIVE_LOWER old=260 new=664 macros=6 gathers=0
FOLD20_PASSIVE_LOWER old=260 new=664 macros=6 gathers=0
FOLD20_PASSIVE_LOWER old=0 new=0 macros=0 gathers=0
FOLD20_PASSIVE_LOWER old=0 new=0 macros=0 gathers=0
RANK4_LOWER class=4 original_ops=4419 new_ops=3437 symbolic_rank_gates=48 paired_macros=48 conditional_clean=true
FOLD20_T10_RANK4 j=3 last=true low=true old_ops=4419 ops=3437
RANK4_LOWER class=4 original_ops=6229 new_ops=4555 symbolic_rank_gates=72 paired_macros=120 conditional_clean=true
FOLD20_T10_RANK4 j=0 last=true low=true old_ops=6229 ops=4555
RANK4_LOWER class=4 original_ops=6815 new_ops=4981 symbolic_rank_gates=72 paired_macros=120 conditional_clean=true
FOLD20_T10_RANK4 j=1 last=true low=true old_ops=6815 ops=4981
RANK4_LOWER class=4 original_ops=7645 new_ops=5557 symbolic_rank_gates=72 paired_macros=120 conditional_clean=true
FOLD20_T10_RANK4 j=2 last=true low=true old_ops=7645 ops=5557
RANK4_LOWER class=3 original_ops=42811 new_ops=38021 symbolic_rank_gates=608 paired_macros=662 conditional_clean=true
FOLD20_T10_RANK4 j=3 last=false low=true old_ops=42811 ops=38021
RANK4_LOWER class=3 original_ops=42515 new_ops=38025 symbolic_rank_gates=608 paired_macros=662 conditional_clean=true
FOLD20_T10_RANK4 j=1 last=false low=true old_ops=42515 ops=38025
FOLD20_PASSIVE_LOWER old=688 new=1138 macros=8 gathers=0
FOLD20_PASSIVE_LOWER old=544 new=872 macros=6 gathers=0
FOLD20_PASSIVE_LOWER old=260 new=664 macros=6 gathers=0
FOLD20_PASSIVE_LOWER old=260 new=664 macros=6 gathers=0
FOLD20_PASSIVE_LOWER old=326 new=3110 macros=9 gathers=0
RANK4_LOWER class=3 original_ops=66955 new_ops=59337 symbolic_rank_gates=800 paired_macros=892 conditional_clean=true
FOLD20_T10_RANK4 j=0 last=false low=true old_ops=66955 ops=59337
FOLD20_PASSIVE_LOWER old=1082 new=6864 macros=22 gathers=0
RANK4_LOWER class=3 original_ops=66689 new_ops=59345 symbolic_rank_gates=800 paired_macros=892 conditional_clean=true
FOLD20_T10_RANK4 j=2 last=false low=true old_ops=66689 ops=59345
FOLD20_PASSIVE_LOWER old=544 new=872 macros=6 gathers=0
FOLD20_PASSIVE_LOWER old=544 new=872 macros=6 gathers=0
FOLD20_PASSIVE_LOWER old=260 new=664 macros=6 gathers=0
FOLD20_PASSIVE_LOWER old=260 new=664 macros=6 gathers=0
FOLD20_PASSIVE_LOWER old=0 new=0 macros=0 gathers=0
FOLD20_PASSIVE_LOWER old=0 new=0 macros=0 gathers=0
RANK4_LOWER class=4 original_ops=4741 new_ops=3593 symbolic_rank_gates=48 paired_macros=62 conditional_clean=true
FOLD20_T10_RANK4 j=3 last=true low=true old_ops=4741 ops=3593
RANK4_LOWER class=4 original_ops=6551 new_ops=4711 symbolic_rank_gates=72 paired_macros=134 conditional_clean=true
FOLD20_T10_RANK4 j=0 last=true low=true old_ops=6551 ops=4711
RANK4_LOWER class=4 original_ops=7137 new_ops=5137 symbolic_rank_gates=72 paired_macros=134 conditional_clean=true
FOLD20_T10_RANK4 j=1 last=true low=true old_ops=7137 ops=5137
RANK4_LOWER class=4 original_ops=7967 new_ops=5713 symbolic_rank_gates=72 paired_macros=134 conditional_clean=true
FOLD20_T10_RANK4 j=2 last=true low=true old_ops=7967 ops=5713
RANK4_LOWER class=3 original_ops=42901 new_ops=38253 symbolic_rank_gates=608 paired_macros=676 conditional_clean=true
FOLD20_T10_RANK4 j=1 last=false low=true old_ops=42901 ops=38253
RANK4_LOWER class=3 original_ops=43197 new_ops=38249 symbolic_rank_gates=608 paired_macros=676 conditional_clean=true
FOLD20_T10_RANK4 j=3 last=false low=true old_ops=43197 ops=38249
FOLD20_PASSIVE_LOWER old=544 new=872 macros=6 gathers=0
FOLD20_PASSIVE_LOWER old=688 new=1138 macros=8 gathers=0
FOLD20_PASSIVE_LOWER old=260 new=664 macros=6 gathers=0
FOLD20_PASSIVE_LOWER old=260 new=664 macros=6 gathers=0
RANK4_LOWER class=3 original_ops=67341 new_ops=59565 symbolic_rank_gates=800 paired_macros=906 conditional_clean=true
FOLD20_T10_RANK4 j=0 last=false low=true old_ops=67341 ops=59565
FOLD20_PASSIVE_LOWER old=326 new=3110 macros=9 gathers=0
RANK4_LOWER class=3 original_ops=67075 new_ops=59573 symbolic_rank_gates=800 paired_macros=906 conditional_clean=true
FOLD20_T10_RANK4 j=2 last=false low=true old_ops=67075 ops=59573
FOLD20_PASSIVE_LOWER old=1082 new=6864 macros=22 gathers=0
FOLD20_PASSIVE_LOWER old=544 new=872 macros=6 gathers=0
FOLD20_PASSIVE_LOWER old=260 new=664 macros=6 gathers=0
FOLD20_PASSIVE_LOWER old=544 new=872 macros=6 gathers=0
FOLD20_PASSIVE_LOWER old=260 new=664 macros=6 gathers=0
FOLD20_PASSIVE_LOWER old=0 new=0 macros=0 gathers=0
FOLD20_PASSIVE_LOWER old=0 new=0 macros=0 gathers=0
RANK4_LOWER class=4 original_ops=4849 new_ops=3685 symbolic_rank_gates=48 paired_macros=62 conditional_clean=true
FOLD20_T10_RANK4 j=3 last=true low=true old_ops=4849 ops=3685
RANK4_LOWER class=4 original_ops=7245 new_ops=5229 symbolic_rank_gates=72 paired_macros=134 conditional_clean=true
FOLD20_T10_RANK4 j=1 last=true low=true old_ops=7245 ops=5229
RANK4_LOWER class=4 original_ops=6659 new_ops=4803 symbolic_rank_gates=72 paired_macros=134 conditional_clean=true
FOLD20_T10_RANK4 j=0 last=true low=true old_ops=6659 ops=4803
RANK4_LOWER class=4 original_ops=8075 new_ops=5805 symbolic_rank_gates=72 paired_macros=134 conditional_clean=true
FOLD20_T10_RANK4 j=2 last=true low=true old_ops=8075 ops=5805
RANK4_LOWER class=3 original_ops=43109 new_ops=38429 symbolic_rank_gates=608 paired_macros=676 conditional_clean=true
FOLD20_T10_RANK4 j=1 last=false low=true old_ops=43109 ops=38429
RANK4_LOWER class=3 original_ops=43405 new_ops=38425 symbolic_rank_gates=608 paired_macros=676 conditional_clean=true
FOLD20_T10_RANK4 j=3 last=false low=true old_ops=43405 ops=38425
FOLD20_PASSIVE_LOWER old=544 new=872 macros=6 gathers=0
FOLD20_PASSIVE_LOWER old=260 new=664 macros=6 gathers=0
FOLD20_PASSIVE_LOWER old=688 new=1138 macros=8 gathers=0
FOLD20_PASSIVE_LOWER old=326 new=3110 macros=9 gathers=0
RANK4_LOWER class=3 original_ops=67549 new_ops=59741 symbolic_rank_gates=800 paired_macros=906 conditional_clean=true
FOLD20_T10_RANK4 j=0 last=false low=true old_ops=67549 ops=59741
FOLD20_PASSIVE_LOWER old=260 new=664 macros=6 gathers=0
RANK4_LOWER class=3 original_ops=67283 new_ops=59749 symbolic_rank_gates=800 paired_macros=906 conditional_clean=true
FOLD20_T10_RANK4 j=2 last=false low=true old_ops=67283 ops=59749
FOLD20_PASSIVE_LOWER old=544 new=872 macros=6 gathers=0
FOLD20_PASSIVE_LOWER old=1082 new=6864 macros=22 gathers=0
FOLD20_PASSIVE_LOWER old=544 new=872 macros=6 gathers=0
FOLD20_PASSIVE_LOWER old=260 new=664 macros=6 gathers=0
FOLD20_PASSIVE_LOWER old=260 new=664 macros=6 gathers=0
FOLD20_PASSIVE_LOWER old=0 new=0 macros=0 gathers=0
FOLD20_PASSIVE_LOWER old=0 new=0 macros=0 gathers=0
RANK4_LOWER class=4 original_ops=4969 new_ops=3781 symbolic_rank_gates=48 paired_macros=62 conditional_clean=true
FOLD20_T10_RANK4 j=3 last=true low=true old_ops=4969 ops=3781
RANK4_LOWER class=4 original_ops=6779 new_ops=4899 symbolic_rank_gates=72 paired_macros=134 conditional_clean=true
FOLD20_T10_RANK4 j=0 last=true low=true old_ops=6779 ops=4899
RANK4_LOWER class=4 original_ops=7365 new_ops=5325 symbolic_rank_gates=72 paired_macros=134 conditional_clean=true
FOLD20_T10_RANK4 j=1 last=true low=true old_ops=7365 ops=5325
RANK4_LOWER class=4 original_ops=8195 new_ops=5901 symbolic_rank_gates=72 paired_macros=134 conditional_clean=true
FOLD20_T10_RANK4 j=2 last=true low=true old_ops=8195 ops=5901
RANK4_LOWER class=3 original_ops=43597 new_ops=38593 symbolic_rank_gates=608 paired_macros=676 conditional_clean=true
FOLD20_T10_RANK4 j=3 last=false low=true old_ops=43597 ops=38593
RANK4_LOWER class=3 original_ops=43301 new_ops=38597 symbolic_rank_gates=608 paired_macros=676 conditional_clean=true
FOLD20_T10_RANK4 j=1 last=false low=true old_ops=43301 ops=38597
FOLD20_PASSIVE_LOWER old=544 new=872 macros=6 gathers=0
FOLD20_PASSIVE_LOWER old=688 new=1138 macros=8 gathers=0
FOLD20_PASSIVE_LOWER old=260 new=664 macros=6 gathers=0
FOLD20_PASSIVE_LOWER old=260 new=664 macros=6 gathers=0
FOLD20_PASSIVE_LOWER old=326 new=3110 macros=9 gathers=0
RANK4_LOWER class=3 original_ops=67475 new_ops=59917 symbolic_rank_gates=800 paired_macros=906 conditional_clean=true
FOLD20_T10_RANK4 j=2 last=false low=true old_ops=67475 ops=59917
FOLD20_PASSIVE_LOWER old=1082 new=6864 macros=22 gathers=0
RANK4_LOWER class=3 original_ops=67741 new_ops=59909 symbolic_rank_gates=800 paired_macros=906 conditional_clean=true
FOLD20_T10_RANK4 j=0 last=false low=true old_ops=67741 ops=59909
FOLD20_PASSIVE_LOWER old=544 new=872 macros=6 gathers=0
FOLD20_PASSIVE_LOWER old=260 new=664 macros=6 gathers=0
FOLD20_PASSIVE_LOWER old=544 new=872 macros=6 gathers=0
FOLD20_PASSIVE_LOWER old=0 new=0 macros=0 gathers=0
FOLD20_PASSIVE_LOWER old=260 new=664 macros=6 gathers=0
FOLD20_PASSIVE_LOWER old=0 new=0 macros=0 gathers=0
RANK4_LOWER class=4 original_ops=5077 new_ops=3873 symbolic_rank_gates=48 paired_macros=62 conditional_clean=true
FOLD20_T10_RANK4 j=3 last=true low=true old_ops=5077 ops=3873
RANK4_LOWER class=4 original_ops=6887 new_ops=4991 symbolic_rank_gates=72 paired_macros=134 conditional_clean=true
FOLD20_T10_RANK4 j=0 last=true low=true old_ops=6887 ops=4991
RANK4_LOWER class=4 original_ops=7473 new_ops=5417 symbolic_rank_gates=72 paired_macros=134 conditional_clean=true
FOLD20_T10_RANK4 j=1 last=true low=true old_ops=7473 ops=5417
RANK4_LOWER class=4 original_ops=8303 new_ops=5993 symbolic_rank_gates=72 paired_macros=134 conditional_clean=true
FOLD20_T10_RANK4 j=2 last=true low=true old_ops=8303 ops=5993
RANK4_LOWER class=3 original_ops=43573 new_ops=38821 symbolic_rank_gates=608 paired_macros=676 conditional_clean=true
FOLD20_T10_RANK4 j=1 last=false low=true old_ops=43573 ops=38821
RANK4_LOWER class=3 original_ops=43869 new_ops=38817 symbolic_rank_gates=608 paired_macros=676 conditional_clean=true
FOLD20_T10_RANK4 j=3 last=false low=true old_ops=43869 ops=38817
FOLD20_PASSIVE_LOWER old=544 new=872 macros=6 gathers=0
FOLD20_PASSIVE_LOWER old=260 new=664 macros=6 gathers=0
FOLD20_PASSIVE_LOWER old=688 new=1138 macros=8 gathers=0
FOLD20_PASSIVE_LOWER old=260 new=664 macros=6 gathers=0
FOLD20_PASSIVE_LOWER old=326 new=3110 macros=9 gathers=0
RANK4_LOWER class=3 original_ops=68013 new_ops=60133 symbolic_rank_gates=800 paired_macros=906 conditional_clean=true
FOLD20_T10_RANK4 j=0 last=false low=true old_ops=68013 ops=60133
RANK4_LOWER class=3 original_ops=67747 new_ops=60141 symbolic_rank_gates=800 paired_macros=906 conditional_clean=true
FOLD20_T10_RANK4 j=2 last=false low=true old_ops=67747 ops=60141
FOLD20_PASSIVE_LOWER old=1082 new=6864 macros=22 gathers=0
FOLD20_PASSIVE_LOWER old=544 new=872 macros=6 gathers=0
FOLD20_PASSIVE_LOWER old=260 new=664 macros=6 gathers=0
FOLD20_PASSIVE_LOWER old=544 new=872 macros=6 gathers=0
FOLD20_PASSIVE_LOWER old=0 new=0 macros=0 gathers=0
FOLD20_PASSIVE_LOWER old=260 new=664 macros=6 gathers=0
FOLD20_PASSIVE_LOWER old=0 new=0 macros=0 gathers=0
RANK4_LOWER class=4 original_ops=5213 new_ops=3977 symbolic_rank_gates=48 paired_macros=62 conditional_clean=true
FOLD20_T10_RANK4 j=3 last=true low=true old_ops=5213 ops=3977
RANK4_LOWER class=4 original_ops=7609 new_ops=5521 symbolic_rank_gates=72 paired_macros=134 conditional_clean=true
FOLD20_T10_RANK4 j=1 last=true low=true old_ops=7609 ops=5521
RANK4_LOWER class=4 original_ops=7023 new_ops=5095 symbolic_rank_gates=72 paired_macros=134 conditional_clean=true
FOLD20_T10_RANK4 j=0 last=true low=true old_ops=7023 ops=5095
RANK4_LOWER class=4 original_ops=8439 new_ops=6097 symbolic_rank_gates=72 paired_macros=134 conditional_clean=true
FOLD20_T10_RANK4 j=2 last=true low=true old_ops=8439 ops=6097
RANK4_LOWER class=3 original_ops=44081 new_ops=39005 symbolic_rank_gates=608 paired_macros=676 conditional_clean=true
FOLD20_T10_RANK4 j=3 last=false low=true old_ops=44081 ops=39005
RANK4_LOWER class=3 original_ops=43785 new_ops=39009 symbolic_rank_gates=608 paired_macros=676 conditional_clean=true
FOLD20_T10_RANK4 j=1 last=false low=true old_ops=43785 ops=39009
FOLD20_PASSIVE_LOWER old=688 new=1138 macros=8 gathers=0
FOLD20_PASSIVE_LOWER old=544 new=872 macros=6 gathers=0
FOLD20_PASSIVE_LOWER old=260 new=664 macros=6 gathers=0
FOLD20_PASSIVE_LOWER old=260 new=664 macros=6 gathers=0
RANK4_LOWER class=3 original_ops=67959 new_ops=60329 symbolic_rank_gates=800 paired_macros=906 conditional_clean=true
FOLD20_T10_RANK4 j=2 last=false low=true old_ops=67959 ops=60329
FOLD20_PASSIVE_LOWER old=326 new=3110 macros=9 gathers=0
FOLD20_PASSIVE_LOWER old=1082 new=6864 macros=22 gathers=0
FOLD20_PASSIVE_LOWER old=544 new=872 macros=6 gathers=0
RANK4_LOWER class=3 original_ops=68225 new_ops=60321 symbolic_rank_gates=800 paired_macros=906 conditional_clean=true
FOLD20_T10_RANK4 j=0 last=false low=true old_ops=68225 ops=60321
FOLD20_PASSIVE_LOWER old=260 new=664 macros=6 gathers=0
FOLD20_PASSIVE_LOWER old=0 new=0 macros=0 gathers=0
FOLD20_PASSIVE_LOWER old=544 new=872 macros=6 gathers=0
FOLD20_PASSIVE_LOWER old=260 new=664 macros=6 gathers=0
FOLD20_PASSIVE_LOWER old=0 new=0 macros=0 gathers=0
RANK4_LOWER class=4 original_ops=5317 new_ops=4065 symbolic_rank_gates=48 paired_macros=62 conditional_clean=true
FOLD20_T10_RANK4 j=3 last=true low=true old_ops=5317 ops=4065
RANK4_LOWER class=4 original_ops=7127 new_ops=5183 symbolic_rank_gates=72 paired_macros=134 conditional_clean=true
FOLD20_T10_RANK4 j=0 last=true low=true old_ops=7127 ops=5183
RANK4_LOWER class=4 original_ops=7713 new_ops=5609 symbolic_rank_gates=72 paired_macros=134 conditional_clean=true
FOLD20_T10_RANK4 j=1 last=true low=true old_ops=7713 ops=5609
RANK4_LOWER class=4 original_ops=8543 new_ops=6185 symbolic_rank_gates=72 paired_macros=134 conditional_clean=true
FOLD20_T10_RANK4 j=2 last=true low=true old_ops=8543 ops=6185
RANK4_LOWER class=3 original_ops=43997 new_ops=39189 symbolic_rank_gates=608 paired_macros=676 conditional_clean=true
FOLD20_T10_RANK4 j=1 last=false low=true old_ops=43997 ops=39189
RANK4_LOWER class=3 original_ops=44293 new_ops=39185 symbolic_rank_gates=608 paired_macros=676 conditional_clean=true
FOLD20_T10_RANK4 j=3 last=false low=true old_ops=44293 ops=39185
FOLD20_PASSIVE_LOWER old=544 new=872 macros=6 gathers=0
FOLD20_PASSIVE_LOWER old=260 new=664 macros=6 gathers=0
FOLD20_PASSIVE_LOWER old=688 new=1138 macros=8 gathers=0
FOLD20_PASSIVE_LOWER old=260 new=664 macros=6 gathers=0
FOLD20_PASSIVE_LOWER old=326 new=3110 macros=9 gathers=0
RANK4_LOWER class=3 original_ops=68171 new_ops=60509 symbolic_rank_gates=800 paired_macros=906 conditional_clean=true
FOLD20_T10_RANK4 j=2 last=false low=true old_ops=68171 ops=60509
RANK4_LOWER class=3 original_ops=68437 new_ops=60501 symbolic_rank_gates=800 paired_macros=906 conditional_clean=true
FOLD20_T10_RANK4 j=0 last=false low=true old_ops=68437 ops=60501
FOLD20_PASSIVE_LOWER old=1082 new=6864 macros=22 gathers=0
FOLD20_PASSIVE_LOWER old=544 new=872 macros=6 gathers=0
FOLD20_PASSIVE_LOWER old=260 new=664 macros=6 gathers=0
FOLD20_PASSIVE_LOWER old=544 new=872 macros=6 gathers=0
FOLD20_PASSIVE_LOWER old=0 new=0 macros=0 gathers=0
FOLD20_PASSIVE_LOWER old=260 new=664 macros=6 gathers=0
FOLD20_PASSIVE_LOWER old=0 new=0 macros=0 gathers=0
RANK4_LOWER class=4 original_ops=5437 new_ops=4161 symbolic_rank_gates=48 paired_macros=62 conditional_clean=true
FOLD20_T10_RANK4 j=3 last=true low=true old_ops=5437 ops=4161
RANK4_LOWER class=4 original_ops=7247 new_ops=5279 symbolic_rank_gates=72 paired_macros=134 conditional_clean=true
FOLD20_T10_RANK4 j=0 last=true low=true old_ops=7247 ops=5279
RANK4_LOWER class=4 original_ops=8663 new_ops=6281 symbolic_rank_gates=72 paired_macros=134 conditional_clean=true
FOLD20_T10_RANK4 j=2 last=true low=true old_ops=8663 ops=6281
RANK4_LOWER class=4 original_ops=7833 new_ops=5705 symbolic_rank_gates=72 paired_macros=134 conditional_clean=true
FOLD20_T10_RANK4 j=1 last=true low=true old_ops=7833 ops=5705
RANK4_LOWER class=3 original_ops=44205 new_ops=39373 symbolic_rank_gates=608 paired_macros=676 conditional_clean=true
FOLD20_T10_RANK4 j=1 last=false low=true old_ops=44205 ops=39373
RANK4_LOWER class=3 original_ops=44501 new_ops=39369 symbolic_rank_gates=608 paired_macros=676 conditional_clean=true
FOLD20_T10_RANK4 j=3 last=false low=true old_ops=44501 ops=39369
FOLD20_PASSIVE_LOWER old=544 new=872 macros=6 gathers=0
FOLD20_PASSIVE_LOWER old=260 new=664 macros=6 gathers=0
FOLD20_PASSIVE_LOWER old=688 new=1138 macros=8 gathers=0
RANK4_LOWER class=3 original_ops=68645 new_ops=60685 symbolic_rank_gates=800 paired_macros=906 conditional_clean=true
FOLD20_T10_RANK4 j=0 last=false low=true old_ops=68645 ops=60685
FOLD20_PASSIVE_LOWER old=326 new=3110 macros=9 gathers=0
RANK4_LOWER class=3 original_ops=68379 new_ops=60693 symbolic_rank_gates=800 paired_macros=906 conditional_clean=true
FOLD20_T10_RANK4 j=2 last=false low=true old_ops=68379 ops=60693
FOLD20_PASSIVE_LOWER old=260 new=664 macros=6 gathers=0
FOLD20_PASSIVE_LOWER old=544 new=872 macros=6 gathers=0
FOLD20_PASSIVE_LOWER old=260 new=664 macros=6 gathers=0
FOLD20_PASSIVE_LOWER old=544 new=872 macros=6 gathers=0
FOLD20_PASSIVE_LOWER old=0 new=0 macros=0 gathers=0
FOLD20_PASSIVE_LOWER old=1082 new=6864 macros=22 gathers=0
FOLD20_PASSIVE_LOWER old=260 new=664 macros=6 gathers=0
FOLD20_PASSIVE_LOWER old=0 new=0 macros=0 gathers=0
RANK4_LOWER class=4 original_ops=5565 new_ops=4265 symbolic_rank_gates=48 paired_macros=62 conditional_clean=true
FOLD20_T10_RANK4 j=3 last=true low=true old_ops=5565 ops=4265
RANK4_LOWER class=4 original_ops=7375 new_ops=5383 symbolic_rank_gates=72 paired_macros=134 conditional_clean=true
FOLD20_T10_RANK4 j=0 last=true low=true old_ops=7375 ops=5383
RANK4_LOWER class=4 original_ops=7961 new_ops=5809 symbolic_rank_gates=72 paired_macros=134 conditional_clean=true
FOLD20_T10_RANK4 j=1 last=true low=true old_ops=7961 ops=5809
RANK4_LOWER class=4 original_ops=8791 new_ops=6385 symbolic_rank_gates=72 paired_macros=134 conditional_clean=true
FOLD20_T10_RANK4 j=2 last=true low=true old_ops=8791 ops=6385
RANK4_LOWER class=3 original_ops=44885 new_ops=39673 symbolic_rank_gates=608 paired_macros=676 conditional_clean=true
FOLD20_T10_RANK4 j=3 last=false low=true old_ops=44885 ops=39673
RANK4_LOWER class=3 original_ops=44589 new_ops=39677 symbolic_rank_gates=608 paired_macros=676 conditional_clean=true
FOLD20_T10_RANK4 j=1 last=false low=true old_ops=44589 ops=39677
FOLD20_PASSIVE_LOWER old=688 new=1138 macros=8 gathers=0
FOLD20_PASSIVE_LOWER old=260 new=664 macros=6 gathers=0
RANK4_LOWER class=3 original_ops=69029 new_ops=60989 symbolic_rank_gates=800 paired_macros=906 conditional_clean=true
FOLD20_T10_RANK4 j=0 last=false low=true old_ops=69029 ops=60989
FOLD20_PASSIVE_LOWER old=544 new=872 macros=6 gathers=0
FOLD20_PASSIVE_LOWER old=260 new=664 macros=6 gathers=0
FOLD20_PASSIVE_LOWER old=326 new=3110 macros=9 gathers=0
FOLD20_PASSIVE_LOWER old=1082 new=6864 macros=22 gathers=0
FOLD20_PASSIVE_LOWER old=544 new=872 macros=6 gathers=0
FOLD20_PASSIVE_LOWER old=260 new=664 macros=6 gathers=0
RANK4_LOWER class=3 original_ops=68763 new_ops=60997 symbolic_rank_gates=800 paired_macros=906 conditional_clean=true
FOLD20_T10_RANK4 j=2 last=false low=true old_ops=68763 ops=60997
FOLD20_PASSIVE_LOWER old=0 new=0 macros=0 gathers=0
FOLD20_PASSIVE_LOWER old=544 new=872 macros=6 gathers=0
FOLD20_PASSIVE_LOWER old=260 new=664 macros=6 gathers=0
FOLD20_PASSIVE_LOWER old=0 new=0 macros=0 gathers=0
RANK4_LOWER class=4 original_ops=5713 new_ops=4381 symbolic_rank_gates=48 paired_macros=62 conditional_clean=true
FOLD20_T10_RANK4 j=3 last=true low=true old_ops=5713 ops=4381
RANK4_LOWER class=4 original_ops=7523 new_ops=5499 symbolic_rank_gates=72 paired_macros=134 conditional_clean=true
FOLD20_T10_RANK4 j=0 last=true low=true old_ops=7523 ops=5499
RANK4_LOWER class=4 original_ops=8109 new_ops=5925 symbolic_rank_gates=72 paired_macros=134 conditional_clean=true
FOLD20_T10_RANK4 j=1 last=true low=true old_ops=8109 ops=5925
RANK4_LOWER class=4 original_ops=8939 new_ops=6501 symbolic_rank_gates=72 paired_macros=134 conditional_clean=true
FOLD20_T10_RANK4 j=2 last=true low=true old_ops=8939 ops=6501
RANK4_LOWER class=3 original_ops=45117 new_ops=39881 symbolic_rank_gates=608 paired_macros=676 conditional_clean=true
FOLD20_T10_RANK4 j=3 last=false low=true old_ops=45117 ops=39881
RANK4_LOWER class=3 original_ops=44821 new_ops=39885 symbolic_rank_gates=608 paired_macros=676 conditional_clean=true
FOLD20_T10_RANK4 j=1 last=false low=true old_ops=44821 ops=39885
FOLD20_PASSIVE_LOWER old=688 new=1138 macros=8 gathers=0
FOLD20_PASSIVE_LOWER old=544 new=872 macros=6 gathers=0
FOLD20_PASSIVE_LOWER old=260 new=664 macros=6 gathers=0
FOLD20_PASSIVE_LOWER old=260 new=664 macros=6 gathers=0
RANK4_LOWER class=3 original_ops=69261 new_ops=61197 symbolic_rank_gates=800 paired_macros=906 conditional_clean=true
FOLD20_T10_RANK4 j=0 last=false low=true old_ops=69261 ops=61197
FOLD20_PASSIVE_LOWER old=326 new=3110 macros=9 gathers=0
RANK4_LOWER class=3 original_ops=68995 new_ops=61205 symbolic_rank_gates=800 paired_macros=906 conditional_clean=true
FOLD20_T10_RANK4 j=2 last=false low=true old_ops=68995 ops=61205
FOLD20_PASSIVE_LOWER old=1082 new=6864 macros=22 gathers=0
FOLD20_PASSIVE_LOWER old=544 new=872 macros=6 gathers=0
FOLD20_PASSIVE_LOWER old=260 new=664 macros=6 gathers=0
FOLD20_PASSIVE_LOWER old=544 new=872 macros=6 gathers=0
FOLD20_PASSIVE_LOWER old=260 new=664 macros=6 gathers=0
FOLD20_PASSIVE_LOWER old=0 new=0 macros=0 gathers=0
FOLD20_PASSIVE_LOWER old=0 new=0 macros=0 gathers=0
RANK4_LOWER class=4 original_ops=5817 new_ops=4469 symbolic_rank_gates=48 paired_macros=62 conditional_clean=true
FOLD20_T10_RANK4 j=3 last=true low=true old_ops=5817 ops=4469
RANK4_LOWER class=4 original_ops=7627 new_ops=5587 symbolic_rank_gates=72 paired_macros=134 conditional_clean=true
FOLD20_T10_RANK4 j=0 last=true low=true old_ops=7627 ops=5587
RANK4_LOWER class=4 original_ops=8213 new_ops=6013 symbolic_rank_gates=72 paired_macros=134 conditional_clean=true
FOLD20_T10_RANK4 j=1 last=true low=true old_ops=8213 ops=6013
RANK4_LOWER class=4 original_ops=9043 new_ops=6589 symbolic_rank_gates=72 paired_macros=134 conditional_clean=true
FOLD20_T10_RANK4 j=2 last=true low=true old_ops=9043 ops=6589
RANK4_LOWER class=3 original_ops=45353 new_ops=40077 symbolic_rank_gates=608 paired_macros=676 conditional_clean=true
FOLD20_T10_RANK4 j=3 last=false low=true old_ops=45353 ops=40077
RANK4_LOWER class=3 original_ops=45057 new_ops=40081 symbolic_rank_gates=608 paired_macros=676 conditional_clean=true
FOLD20_T10_RANK4 j=1 last=false low=true old_ops=45057 ops=40081
FOLD20_PASSIVE_LOWER old=688 new=1138 macros=8 gathers=0
FOLD20_PASSIVE_LOWER old=544 new=872 macros=6 gathers=0
FOLD20_PASSIVE_LOWER old=260 new=664 macros=6 gathers=0
FOLD20_PASSIVE_LOWER old=260 new=664 macros=6 gathers=0
RANK4_LOWER class=3 original_ops=69497 new_ops=61393 symbolic_rank_gates=800 paired_macros=906 conditional_clean=true
FOLD20_T10_RANK4 j=0 last=false low=true old_ops=69497 ops=61393
FOLD20_PASSIVE_LOWER old=326 new=3110 macros=9 gathers=0
RANK4_LOWER class=3 original_ops=69231 new_ops=61401 symbolic_rank_gates=800 paired_macros=906 conditional_clean=true
FOLD20_T10_RANK4 j=2 last=false low=true old_ops=69231 ops=61401
FOLD20_PASSIVE_LOWER old=1082 new=6864 macros=22 gathers=0
FOLD20_PASSIVE_LOWER old=544 new=872 macros=6 gathers=0
FOLD20_PASSIVE_LOWER old=260 new=664 macros=6 gathers=0
FOLD20_PASSIVE_LOWER old=544 new=872 macros=6 gathers=0
FOLD20_PASSIVE_LOWER old=0 new=0 macros=0 gathers=0
FOLD20_PASSIVE_LOWER old=260 new=664 macros=6 gathers=0
FOLD20_PASSIVE_LOWER old=0 new=0 macros=0 gathers=0
RANK4_LOWER class=4 original_ops=7747 new_ops=5683 symbolic_rank_gates=72 paired_macros=134 conditional_clean=true
FOLD20_T10_RANK4 j=0 last=true low=true old_ops=7747 ops=5683
RANK4_LOWER class=4 original_ops=5937 new_ops=4565 symbolic_rank_gates=48 paired_macros=62 conditional_clean=true
FOLD20_T10_RANK4 j=3 last=true low=true old_ops=5937 ops=4565
RANK4_LOWER class=4 original_ops=8333 new_ops=6109 symbolic_rank_gates=72 paired_macros=134 conditional_clean=true
FOLD20_T10_RANK4 j=1 last=true low=true old_ops=8333 ops=6109
RANK4_LOWER class=4 original_ops=9163 new_ops=6685 symbolic_rank_gates=72 paired_macros=134 conditional_clean=true
FOLD20_T10_RANK4 j=2 last=true low=true old_ops=9163 ops=6685
RANK4_LOWER class=3 original_ops=45289 new_ops=40281 symbolic_rank_gates=608 paired_macros=676 conditional_clean=true
FOLD20_T10_RANK4 j=1 last=false low=true old_ops=45289 ops=40281
RANK4_LOWER class=3 original_ops=45585 new_ops=40277 symbolic_rank_gates=608 paired_macros=676 conditional_clean=true
FOLD20_T10_RANK4 j=3 last=false low=true old_ops=45585 ops=40277
FOLD20_PASSIVE_LOWER old=544 new=872 macros=6 gathers=0
FOLD20_PASSIVE_LOWER old=688 new=1138 macros=8 gathers=0
FOLD20_PASSIVE_LOWER old=260 new=664 macros=6 gathers=0
FOLD20_PASSIVE_LOWER old=260 new=664 macros=6 gathers=0
FOLD20_PASSIVE_LOWER old=326 new=3110 macros=9 gathers=0
FOLD20_PASSIVE_LOWER old=1082 new=6864 macros=22 gathers=0
RANK4_LOWER class=3 original_ops=69729 new_ops=61593 symbolic_rank_gates=800 paired_macros=906 conditional_clean=true
FOLD20_T10_RANK4 j=0 last=false low=true old_ops=69729 ops=61593
RANK4_LOWER class=3 original_ops=69463 new_ops=61601 symbolic_rank_gates=800 paired_macros=906 conditional_clean=true
FOLD20_T10_RANK4 j=2 last=false low=true old_ops=69463 ops=61601
FOLD20_PASSIVE_LOWER old=544 new=872 macros=6 gathers=0
FOLD20_PASSIVE_LOWER old=544 new=872 macros=6 gathers=0
FOLD20_PASSIVE_LOWER old=260 new=664 macros=6 gathers=0
FOLD20_PASSIVE_LOWER old=260 new=664 macros=6 gathers=0
FOLD20_PASSIVE_LOWER old=0 new=0 macros=0 gathers=0
FOLD20_PASSIVE_LOWER old=0 new=0 macros=0 gathers=0
RANK4_LOWER class=4 original_ops=6041 new_ops=4653 symbolic_rank_gates=48 paired_macros=62 conditional_clean=true
FOLD20_T10_RANK4 j=3 last=true low=true old_ops=6041 ops=4653
RANK4_LOWER class=4 original_ops=7851 new_ops=5771 symbolic_rank_gates=72 paired_macros=134 conditional_clean=true
RANK4_LOWER class=4 original_ops=8437 new_ops=6197 symbolic_rank_gates=72 paired_macros=134 conditional_clean=true
FOLD20_T10_RANK4 j=0 last=true low=true old_ops=7851 ops=5771
FOLD20_T10_RANK4 j=1 last=true low=true old_ops=8437 ops=6197
RANK4_LOWER class=4 original_ops=9267 new_ops=6773 symbolic_rank_gates=72 paired_macros=134 conditional_clean=true
FOLD20_T10_RANK4 j=2 last=true low=true old_ops=9267 ops=6773
RANK4_LOWER class=3 original_ops=45813 new_ops=40473 symbolic_rank_gates=608 paired_macros=676 conditional_clean=true
FOLD20_T10_RANK4 j=3 last=false low=true old_ops=45813 ops=40473
RANK4_LOWER class=3 original_ops=45517 new_ops=40477 symbolic_rank_gates=608 paired_macros=676 conditional_clean=true
FOLD20_T10_RANK4 j=1 last=false low=true old_ops=45517 ops=40477
FOLD20_PASSIVE_LOWER old=544 new=872 macros=6 gathers=0
FOLD20_PASSIVE_LOWER old=688 new=1138 macros=8 gathers=0
FOLD20_PASSIVE_LOWER old=260 new=664 macros=6 gathers=0
FOLD20_PASSIVE_LOWER old=260 new=664 macros=6 gathers=0
FOLD20_PASSIVE_LOWER old=326 new=3110 macros=9 gathers=0
RANK4_LOWER class=3 original_ops=69691 new_ops=61797 symbolic_rank_gates=800 paired_macros=906 conditional_clean=true
FOLD20_T10_RANK4 j=2 last=false low=true old_ops=69691 ops=61797
RANK4_LOWER class=3 original_ops=69957 new_ops=61789 symbolic_rank_gates=800 paired_macros=906 conditional_clean=true
FOLD20_T10_RANK4 j=0 last=false low=true old_ops=69957 ops=61789
FOLD20_PASSIVE_LOWER old=1082 new=6864 macros=22 gathers=0
FOLD20_PASSIVE_LOWER old=544 new=872 macros=6 gathers=0
FOLD20_PASSIVE_LOWER old=260 new=664 macros=6 gathers=0
FOLD20_PASSIVE_LOWER old=0 new=0 macros=0 gathers=0
FOLD20_PASSIVE_LOWER old=544 new=872 macros=6 gathers=0
FOLD20_PASSIVE_LOWER old=260 new=664 macros=6 gathers=0
FOLD20_PASSIVE_LOWER old=0 new=0 macros=0 gathers=0
RANK4_LOWER class=4 original_ops=6185 new_ops=4765 symbolic_rank_gates=48 paired_macros=62 conditional_clean=true
FOLD20_T10_RANK4 j=3 last=true low=true old_ops=6185 ops=4765
RANK4_LOWER class=4 original_ops=7995 new_ops=5883 symbolic_rank_gates=72 paired_macros=134 conditional_clean=true
FOLD20_T10_RANK4 j=0 last=true low=true old_ops=7995 ops=5883
RANK4_LOWER class=4 original_ops=8581 new_ops=6309 symbolic_rank_gates=72 paired_macros=134 conditional_clean=true
FOLD20_T10_RANK4 j=1 last=true low=true old_ops=8581 ops=6309
RANK4_LOWER class=4 original_ops=9411 new_ops=6885 symbolic_rank_gates=72 paired_macros=134 conditional_clean=true
FOLD20_T10_RANK4 j=2 last=true low=true old_ops=9411 ops=6885
RANK4_LOWER class=3 original_ops=45745 new_ops=40681 symbolic_rank_gates=608 paired_macros=676 conditional_clean=true
FOLD20_T10_RANK4 j=1 last=false low=true old_ops=45745 ops=40681
RANK4_LOWER class=3 original_ops=46041 new_ops=40677 symbolic_rank_gates=608 paired_macros=676 conditional_clean=true
FOLD20_T10_RANK4 j=3 last=false low=true old_ops=46041 ops=40677
FOLD20_PASSIVE_LOWER old=544 new=872 macros=6 gathers=0
FOLD20_PASSIVE_LOWER old=260 new=664 macros=6 gathers=0
FOLD20_PASSIVE_LOWER old=688 new=1138 macros=8 gathers=0
FOLD20_PASSIVE_LOWER old=260 new=664 macros=6 gathers=0
FOLD20_PASSIVE_LOWER old=326 new=3110 macros=9 gathers=0
RANK4_LOWER class=3 original_ops=70185 new_ops=61993 symbolic_rank_gates=800 paired_macros=906 conditional_clean=true
FOLD20_T10_RANK4 j=0 last=false low=true old_ops=70185 ops=61993
RANK4_LOWER class=3 original_ops=69919 new_ops=62001 symbolic_rank_gates=800 paired_macros=906 conditional_clean=true
FOLD20_T10_RANK4 j=2 last=false low=true old_ops=69919 ops=62001
FOLD20_PASSIVE_LOWER old=1082 new=6864 macros=22 gathers=0
FOLD20_PASSIVE_LOWER old=544 new=872 macros=6 gathers=0
FOLD20_PASSIVE_LOWER old=544 new=872 macros=6 gathers=0
FOLD20_PASSIVE_LOWER old=260 new=664 macros=6 gathers=0
FOLD20_PASSIVE_LOWER old=260 new=664 macros=6 gathers=0
FOLD20_PASSIVE_LOWER old=0 new=0 macros=0 gathers=0
FOLD20_PASSIVE_LOWER old=0 new=0 macros=0 gathers=0
RANK4_LOWER class=4 original_ops=6289 new_ops=4853 symbolic_rank_gates=48 paired_macros=62 conditional_clean=true
FOLD20_T10_RANK4 j=3 last=true low=true old_ops=6289 ops=4853
RANK4_LOWER class=4 original_ops=8685 new_ops=6397 symbolic_rank_gates=72 paired_macros=134 conditional_clean=true
FOLD20_T10_RANK4 j=1 last=true low=true old_ops=8685 ops=6397
RANK4_LOWER class=4 original_ops=8099 new_ops=5971 symbolic_rank_gates=72 paired_macros=134 conditional_clean=true
FOLD20_T10_RANK4 j=0 last=true low=true old_ops=8099 ops=5971
RANK4_LOWER class=4 original_ops=9515 new_ops=6973 symbolic_rank_gates=72 paired_macros=134 conditional_clean=true
FOLD20_T10_RANK4 j=2 last=true low=true old_ops=9515 ops=6973
RANK4_LOWER class=3 original_ops=45973 new_ops=40877 symbolic_rank_gates=608 paired_macros=676 conditional_clean=true
FOLD20_T10_RANK4 j=1 last=false low=true old_ops=45973 ops=40877
RANK4_LOWER class=3 original_ops=46269 new_ops=40873 symbolic_rank_gates=608 paired_macros=676 conditional_clean=true
FOLD20_T10_RANK4 j=3 last=false low=true old_ops=46269 ops=40873
FOLD20_PASSIVE_LOWER old=544 new=872 macros=6 gathers=0
FOLD20_PASSIVE_LOWER old=688 new=1138 macros=8 gathers=0
FOLD20_PASSIVE_LOWER old=260 new=664 macros=6 gathers=0
FOLD20_PASSIVE_LOWER old=260 new=664 macros=6 gathers=0
RANK4_LOWER class=3 original_ops=70147 new_ops=62197 symbolic_rank_gates=800 paired_macros=906 conditional_clean=true
FOLD20_T10_RANK4 j=2 last=false low=true old_ops=70147 ops=62197
FOLD20_PASSIVE_LOWER old=326 new=3110 macros=9 gathers=0
RANK4_LOWER class=3 original_ops=70413 new_ops=62189 symbolic_rank_gates=800 paired_macros=906 conditional_clean=true
FOLD20_T10_RANK4 j=0 last=false low=true old_ops=70413 ops=62189
FOLD20_PASSIVE_LOWER old=1082 new=6864 macros=22 gathers=0
FOLD20_PASSIVE_LOWER old=544 new=872 macros=6 gathers=0
FOLD20_PASSIVE_LOWER old=260 new=664 macros=6 gathers=0
FOLD20_PASSIVE_LOWER old=0 new=0 macros=0 gathers=0
FOLD20_PASSIVE_LOWER old=544 new=872 macros=6 gathers=0
FOLD20_PASSIVE_LOWER old=260 new=664 macros=6 gathers=0
FOLD20_PASSIVE_LOWER old=0 new=0 macros=0 gathers=0
RANK4_LOWER class=4 original_ops=6409 new_ops=4949 symbolic_rank_gates=48 paired_macros=62 conditional_clean=true
FOLD20_T10_RANK4 j=3 last=true low=true old_ops=6409 ops=4949
RANK4_LOWER class=4 original_ops=8805 new_ops=6493 symbolic_rank_gates=72 paired_macros=134 conditional_clean=true
FOLD20_T10_RANK4 j=1 last=true low=true old_ops=8805 ops=6493
RANK4_LOWER class=4 original_ops=8219 new_ops=6067 symbolic_rank_gates=72 paired_macros=134 conditional_clean=true
FOLD20_T10_RANK4 j=0 last=true low=true old_ops=8219 ops=6067
RANK4_LOWER class=4 original_ops=9635 new_ops=7069 symbolic_rank_gates=72 paired_macros=134 conditional_clean=true
FOLD20_T10_RANK4 j=2 last=true low=true old_ops=9635 ops=7069
RANK4_LOWER class=3 original_ops=46197 new_ops=41077 symbolic_rank_gates=608 paired_macros=676 conditional_clean=true
FOLD20_T10_RANK4 j=1 last=false low=true old_ops=46197 ops=41077
RANK4_LOWER class=3 original_ops=46493 new_ops=41073 symbolic_rank_gates=608 paired_macros=676 conditional_clean=true
FOLD20_T10_RANK4 j=3 last=false low=true old_ops=46493 ops=41073
FOLD20_PASSIVE_LOWER old=544 new=872 macros=6 gathers=0
FOLD20_PASSIVE_LOWER old=260 new=664 macros=6 gathers=0
FOLD20_PASSIVE_LOWER old=688 new=1138 macros=8 gathers=0
RANK4_LOWER class=3 original_ops=70637 new_ops=62389 symbolic_rank_gates=800 paired_macros=906 conditional_clean=true
FOLD20_T10_RANK4 j=0 last=false low=true old_ops=70637 ops=62389
RANK4_LOWER class=3 original_ops=70371 new_ops=62397 symbolic_rank_gates=800 paired_macros=906 conditional_clean=true
FOLD20_T10_RANK4 j=2 last=false low=true old_ops=70371 ops=62397
FOLD20_PASSIVE_LOWER old=326 new=3110 macros=9 gathers=0
FOLD20_PASSIVE_LOWER old=260 new=664 macros=6 gathers=0
FOLD20_PASSIVE_LOWER old=544 new=872 macros=6 gathers=0
FOLD20_PASSIVE_LOWER old=544 new=872 macros=6 gathers=0
FOLD20_PASSIVE_LOWER old=1082 new=6864 macros=22 gathers=0
FOLD20_PASSIVE_LOWER old=260 new=664 macros=6 gathers=0
FOLD20_PASSIVE_LOWER old=260 new=664 macros=6 gathers=0
FOLD20_PASSIVE_LOWER old=0 new=0 macros=0 gathers=0
FOLD20_PASSIVE_LOWER old=0 new=0 macros=0 gathers=0
RANK4_LOWER class=4 original_ops=6597 new_ops=5097 symbolic_rank_gates=48 paired_macros=62 conditional_clean=true
FOLD20_T10_RANK4 j=3 last=true low=true old_ops=6597 ops=5097
RANK4_LOWER class=4 original_ops=8407 new_ops=6215 symbolic_rank_gates=72 paired_macros=134 conditional_clean=true
FOLD20_T10_RANK4 j=0 last=true low=true old_ops=8407 ops=6215
RANK4_LOWER class=4 original_ops=8993 new_ops=6641 symbolic_rank_gates=72 paired_macros=134 conditional_clean=true
FOLD20_T10_RANK4 j=1 last=true low=true old_ops=8993 ops=6641
RANK4_LOWER class=4 original_ops=9823 new_ops=7217 symbolic_rank_gates=72 paired_macros=134 conditional_clean=true
FOLD20_T10_RANK4 j=2 last=true low=true old_ops=9823 ops=7217
RANK4_LOWER class=3 original_ops=47085 new_ops=41521 symbolic_rank_gates=608 paired_macros=676 conditional_clean=true
FOLD20_T10_RANK4 j=3 last=false low=true old_ops=47085 ops=41521
RANK4_LOWER class=3 original_ops=46789 new_ops=41525 symbolic_rank_gates=608 paired_macros=676 conditional_clean=true
FOLD20_T10_RANK4 j=1 last=false low=true old_ops=46789 ops=41525
FOLD20_PASSIVE_LOWER old=688 new=1138 macros=8 gathers=0
FOLD20_PASSIVE_LOWER old=544 new=872 macros=6 gathers=0
FOLD20_PASSIVE_LOWER old=260 new=664 macros=6 gathers=0
FOLD20_PASSIVE_LOWER old=260 new=664 macros=6 gathers=0
RANK4_LOWER class=3 original_ops=71229 new_ops=62837 symbolic_rank_gates=800 paired_macros=906 conditional_clean=true
FOLD20_T10_RANK4 j=0 last=false low=true old_ops=71229 ops=62837
FOLD20_PASSIVE_LOWER old=326 new=3110 macros=9 gathers=0
FOLD20_PASSIVE_LOWER old=1082 new=6864 macros=22 gathers=0
RANK4_LOWER class=3 original_ops=70963 new_ops=62845 symbolic_rank_gates=800 paired_macros=906 conditional_clean=true
FOLD20_T10_RANK4 j=2 last=false low=true old_ops=70963 ops=62845
FOLD20_PASSIVE_LOWER old=544 new=872 macros=6 gathers=0
FOLD20_PASSIVE_LOWER old=260 new=664 macros=6 gathers=0
FOLD20_PASSIVE_LOWER old=0 new=0 macros=0 gathers=0
FOLD20_PASSIVE_LOWER old=544 new=872 macros=6 gathers=0
FOLD20_PASSIVE_LOWER old=260 new=664 macros=6 gathers=0
FOLD20_PASSIVE_LOWER old=0 new=0 macros=0 gathers=0
RANK4_LOWER class=4 original_ops=6765 new_ops=5233 symbolic_rank_gates=48 paired_macros=62 conditional_clean=true
FOLD20_T10_RANK4 j=3 last=true low=true old_ops=6765 ops=5233
RANK4_LOWER class=4 original_ops=8575 new_ops=6351 symbolic_rank_gates=72 paired_macros=134 conditional_clean=true
FOLD20_T10_RANK4 j=0 last=true low=true old_ops=8575 ops=6351
RANK4_LOWER class=4 original_ops=9161 new_ops=6777 symbolic_rank_gates=72 paired_macros=134 conditional_clean=true
FOLD20_T10_RANK4 j=1 last=true low=true old_ops=9161 ops=6777
RANK4_LOWER class=4 original_ops=9991 new_ops=7353 symbolic_rank_gates=72 paired_macros=134 conditional_clean=true
FOLD20_T10_RANK4 j=2 last=true low=true old_ops=9991 ops=7353
RANK4_LOWER class=3 original_ops=47337 new_ops=41749 symbolic_rank_gates=608 paired_macros=676 conditional_clean=true
FOLD20_T10_RANK4 j=3 last=false low=true old_ops=47337 ops=41749
RANK4_LOWER class=3 original_ops=47041 new_ops=41753 symbolic_rank_gates=608 paired_macros=676 conditional_clean=true
FOLD20_T10_RANK4 j=1 last=false low=true old_ops=47041 ops=41753
FOLD20_PASSIVE_LOWER old=688 new=1138 macros=8 gathers=0
FOLD20_PASSIVE_LOWER old=260 new=664 macros=6 gathers=0
RANK4_LOWER class=3 original_ops=71215 new_ops=63073 symbolic_rank_gates=800 paired_macros=906 conditional_clean=true
FOLD20_T10_RANK4 j=2 last=false low=true old_ops=71215 ops=63073
FOLD20_PASSIVE_LOWER old=544 new=872 macros=6 gathers=0
RANK4_LOWER class=3 original_ops=71481 new_ops=63065 symbolic_rank_gates=800 paired_macros=906 conditional_clean=true
FOLD20_T10_RANK4 j=0 last=false low=true old_ops=71481 ops=63065
FOLD20_PASSIVE_LOWER old=260 new=664 macros=6 gathers=0
FOLD20_PASSIVE_LOWER old=1082 new=6864 macros=22 gathers=0
FOLD20_PASSIVE_LOWER old=544 new=872 macros=6 gathers=0
FOLD20_PASSIVE_LOWER old=326 new=3110 macros=9 gathers=0
FOLD20_PASSIVE_LOWER old=260 new=664 macros=6 gathers=0
FOLD20_PASSIVE_LOWER old=544 new=872 macros=6 gathers=0
FOLD20_PASSIVE_LOWER old=0 new=0 macros=0 gathers=0
FOLD20_PASSIVE_LOWER old=260 new=664 macros=6 gathers=0
FOLD20_PASSIVE_LOWER old=0 new=0 macros=0 gathers=0
RANK4_LOWER class=4 original_ops=6869 new_ops=5321 symbolic_rank_gates=48 paired_macros=62 conditional_clean=true
FOLD20_T10_RANK4 j=3 last=true low=true old_ops=6869 ops=5321
RANK4_LOWER class=4 original_ops=9265 new_ops=6865 symbolic_rank_gates=72 paired_macros=134 conditional_clean=true
RANK4_LOWER class=4 original_ops=8679 new_ops=6439 symbolic_rank_gates=72 paired_macros=134 conditional_clean=true
FOLD20_T10_RANK4 j=1 last=true low=true old_ops=9265 ops=6865
FOLD20_T10_RANK4 j=0 last=true low=true old_ops=8679 ops=6439
RANK4_LOWER class=4 original_ops=10095 new_ops=7441 symbolic_rank_gates=72 paired_macros=134 conditional_clean=true
FOLD20_T10_RANK4 j=2 last=true low=true old_ops=10095 ops=7441
RANK4_LOWER class=3 original_ops=47301 new_ops=41965 symbolic_rank_gates=608 paired_macros=676 conditional_clean=true
FOLD20_T10_RANK4 j=1 last=false low=true old_ops=47301 ops=41965
RANK4_LOWER class=3 original_ops=47597 new_ops=41961 symbolic_rank_gates=608 paired_macros=676 conditional_clean=true
FOLD20_T10_RANK4 j=3 last=false low=true old_ops=47597 ops=41961
FOLD20_PASSIVE_LOWER old=544 new=872 macros=6 gathers=0
FOLD20_PASSIVE_LOWER old=260 new=664 macros=6 gathers=0
FOLD20_PASSIVE_LOWER old=326 new=3110 macros=9 gathers=0
RANK4_LOWER class=3 original_ops=71741 new_ops=63277 symbolic_rank_gates=800 paired_macros=906 conditional_clean=true
FOLD20_T10_RANK4 j=0 last=false low=true old_ops=71741 ops=63277
FOLD20_PASSIVE_LOWER old=688 new=1138 macros=8 gathers=0
RANK4_LOWER class=3 original_ops=71475 new_ops=63285 symbolic_rank_gates=800 paired_macros=906 conditional_clean=true
FOLD20_T10_RANK4 j=2 last=false low=true old_ops=71475 ops=63285
FOLD20_PASSIVE_LOWER old=260 new=664 macros=6 gathers=0
FOLD20_PASSIVE_LOWER old=544 new=872 macros=6 gathers=0
FOLD20_PASSIVE_LOWER old=544 new=872 macros=6 gathers=0
FOLD20_PASSIVE_LOWER old=260 new=664 macros=6 gathers=0
FOLD20_PASSIVE_LOWER old=260 new=664 macros=6 gathers=0
FOLD20_PASSIVE_LOWER old=1082 new=6864 macros=22 gathers=0
FOLD20_PASSIVE_LOWER old=0 new=0 macros=0 gathers=0
FOLD20_PASSIVE_LOWER old=0 new=0 macros=0 gathers=0
RANK4_LOWER class=4 original_ops=6989 new_ops=5417 symbolic_rank_gates=48 paired_macros=62 conditional_clean=true
FOLD20_T10_RANK4 j=3 last=true low=true old_ops=6989 ops=5417
RANK4_LOWER class=4 original_ops=9385 new_ops=6961 symbolic_rank_gates=72 paired_macros=134 conditional_clean=true
FOLD20_T10_RANK4 j=1 last=true low=true old_ops=9385 ops=6961
RANK4_LOWER class=4 original_ops=8799 new_ops=6535 symbolic_rank_gates=72 paired_macros=134 conditional_clean=true
FOLD20_T10_RANK4 j=0 last=true low=true old_ops=8799 ops=6535
RANK4_LOWER class=4 original_ops=10215 new_ops=7537 symbolic_rank_gates=72 paired_macros=134 conditional_clean=true
FOLD20_T10_RANK4 j=2 last=true low=true old_ops=10215 ops=7537
RANK4_LOWER class=3 original_ops=47853 new_ops=42177 symbolic_rank_gates=608 paired_macros=676 conditional_clean=true
FOLD20_T10_RANK4 j=3 last=false low=true old_ops=47853 ops=42177
RANK4_LOWER class=3 original_ops=47557 new_ops=42181 symbolic_rank_gates=608 paired_macros=676 conditional_clean=true
FOLD20_T10_RANK4 j=1 last=false low=true old_ops=47557 ops=42181
FOLD20_PASSIVE_LOWER old=688 new=1138 macros=8 gathers=0
FOLD20_PASSIVE_LOWER old=544 new=872 macros=6 gathers=0
FOLD20_PASSIVE_LOWER old=260 new=664 macros=6 gathers=0
FOLD20_PASSIVE_LOWER old=260 new=664 macros=6 gathers=0
FOLD20_PASSIVE_LOWER old=326 new=3110 macros=9 gathers=0
RANK4_LOWER class=3 original_ops=71731 new_ops=63501 symbolic_rank_gates=800 paired_macros=906 conditional_clean=true
FOLD20_T10_RANK4 j=2 last=false low=true old_ops=71731 ops=63501
RANK4_LOWER class=3 original_ops=71997 new_ops=63493 symbolic_rank_gates=800 paired_macros=906 conditional_clean=true
FOLD20_T10_RANK4 j=0 last=false low=true old_ops=71997 ops=63493
FOLD20_PASSIVE_LOWER old=1082 new=6864 macros=22 gathers=0
FOLD20_PASSIVE_LOWER old=544 new=872 macros=6 gathers=0
FOLD20_PASSIVE_LOWER old=260 new=664 macros=6 gathers=0
FOLD20_PASSIVE_LOWER old=544 new=872 macros=6 gathers=0
FOLD20_PASSIVE_LOWER old=260 new=664 macros=6 gathers=0
FOLD20_PASSIVE_LOWER old=0 new=0 macros=0 gathers=0
FOLD20_PASSIVE_LOWER old=0 new=0 macros=0 gathers=0
RANK4_LOWER class=4 original_ops=7093 new_ops=5505 symbolic_rank_gates=48 paired_macros=62 conditional_clean=true
FOLD20_T10_RANK4 j=3 last=true low=true old_ops=7093 ops=5505
RANK4_LOWER class=4 original_ops=8903 new_ops=6623 symbolic_rank_gates=72 paired_macros=134 conditional_clean=true
FOLD20_T10_RANK4 j=0 last=true low=true old_ops=8903 ops=6623
RANK4_LOWER class=4 original_ops=9489 new_ops=7049 symbolic_rank_gates=72 paired_macros=134 conditional_clean=true
FOLD20_T10_RANK4 j=1 last=true low=true old_ops=9489 ops=7049
RANK4_LOWER class=4 original_ops=10319 new_ops=7625 symbolic_rank_gates=72 paired_macros=134 conditional_clean=true
FOLD20_T10_RANK4 j=2 last=true low=true old_ops=10319 ops=7625
RANK4_LOWER class=3 original_ops=47809 new_ops=42393 symbolic_rank_gates=608 paired_macros=676 conditional_clean=true
FOLD20_T10_RANK4 j=1 last=false low=true old_ops=47809 ops=42393
RANK4_LOWER class=3 original_ops=48105 new_ops=42389 symbolic_rank_gates=608 paired_macros=676 conditional_clean=true
FOLD20_T10_RANK4 j=3 last=false low=true old_ops=48105 ops=42389
FOLD20_PASSIVE_LOWER old=544 new=872 macros=6 gathers=0
FOLD20_PASSIVE_LOWER old=260 new=664 macros=6 gathers=0
FOLD20_PASSIVE_LOWER old=688 new=1138 macros=8 gathers=0
FOLD20_PASSIVE_LOWER old=326 new=3110 macros=9 gathers=0
RANK4_LOWER class=3 original_ops=71983 new_ops=63713 symbolic_rank_gates=800 paired_macros=906 conditional_clean=true
FOLD20_T10_RANK4 j=2 last=false low=true old_ops=71983 ops=63713
FOLD20_PASSIVE_LOWER old=260 new=664 macros=6 gathers=0
RANK4_LOWER class=3 original_ops=72249 new_ops=63705 symbolic_rank_gates=800 paired_macros=906 conditional_clean=true
FOLD20_T10_RANK4 j=0 last=false low=true old_ops=72249 ops=63705
FOLD20_PASSIVE_LOWER old=544 new=872 macros=6 gathers=0
FOLD20_PASSIVE_LOWER old=1082 new=6864 macros=22 gathers=0
FOLD20_PASSIVE_LOWER old=260 new=664 macros=6 gathers=0
FOLD20_PASSIVE_LOWER old=544 new=872 macros=6 gathers=0
FOLD20_PASSIVE_LOWER old=260 new=664 macros=6 gathers=0
FOLD20_PASSIVE_LOWER old=0 new=0 macros=0 gathers=0
FOLD20_PASSIVE_LOWER old=0 new=0 macros=0 gathers=0
RANK4_LOWER class=4 original_ops=7261 new_ops=5633 symbolic_rank_gates=48 paired_macros=62 conditional_clean=true
FOLD20_T10_RANK4 j=3 last=true low=true old_ops=7261 ops=5633
RANK4_LOWER class=4 original_ops=9071 new_ops=6751 symbolic_rank_gates=72 paired_macros=134 conditional_clean=true
FOLD20_T10_RANK4 j=0 last=true low=true old_ops=9071 ops=6751
RANK4_LOWER class=4 original_ops=9657 new_ops=7177 symbolic_rank_gates=72 paired_macros=134 conditional_clean=true
FOLD20_T10_RANK4 j=1 last=true low=true old_ops=9657 ops=7177
RANK4_LOWER class=4 original_ops=10487 new_ops=7753 symbolic_rank_gates=72 paired_macros=134 conditional_clean=true
FOLD20_T10_RANK4 j=2 last=true low=true old_ops=10487 ops=7753
RANK4_LOWER class=3 original_ops=48357 new_ops=42609 symbolic_rank_gates=608 paired_macros=676 conditional_clean=true
FOLD20_T10_RANK4 j=3 last=false low=true old_ops=48357 ops=42609
RANK4_LOWER class=3 original_ops=48061 new_ops=42613 symbolic_rank_gates=608 paired_macros=676 conditional_clean=true
FOLD20_T10_RANK4 j=1 last=false low=true old_ops=48061 ops=42613
FOLD20_PASSIVE_LOWER old=688 new=1138 macros=8 gathers=0
FOLD20_PASSIVE_LOWER old=544 new=872 macros=6 gathers=0
FOLD20_PASSIVE_LOWER old=260 new=664 macros=6 gathers=0
FOLD20_PASSIVE_LOWER old=260 new=664 macros=6 gathers=0
RANK4_LOWER class=3 original_ops=72501 new_ops=63925 symbolic_rank_gates=800 paired_macros=906 conditional_clean=true
FOLD20_T10_RANK4 j=0 last=false low=true old_ops=72501 ops=63925
RANK4_LOWER class=3 original_ops=72235 new_ops=63933 symbolic_rank_gates=800 paired_macros=906 conditional_clean=true
FOLD20_T10_RANK4 j=2 last=false low=true old_ops=72235 ops=63933
FOLD20_PASSIVE_LOWER old=326 new=3110 macros=9 gathers=0
FOLD20_PASSIVE_LOWER old=1082 new=6864 macros=22 gathers=0
FOLD20_PASSIVE_LOWER old=544 new=872 macros=6 gathers=0
FOLD20_PASSIVE_LOWER old=544 new=872 macros=6 gathers=0
FOLD20_PASSIVE_LOWER old=260 new=664 macros=6 gathers=0
FOLD20_PASSIVE_LOWER old=260 new=664 macros=6 gathers=0
FOLD20_PASSIVE_LOWER old=0 new=0 macros=0 gathers=0
FOLD20_PASSIVE_LOWER old=0 new=0 macros=0 gathers=0
RANK4_LOWER class=4 original_ops=7365 new_ops=5721 symbolic_rank_gates=48 paired_macros=62 conditional_clean=true
FOLD20_T10_RANK4 j=3 last=true low=true old_ops=7365 ops=5721
RANK4_LOWER class=4 original_ops=9175 new_ops=6839 symbolic_rank_gates=72 paired_macros=134 conditional_clean=true
FOLD20_T10_RANK4 j=0 last=true low=true old_ops=9175 ops=6839
RANK4_LOWER class=4 original_ops=9761 new_ops=7265 symbolic_rank_gates=72 paired_macros=134 conditional_clean=true
FOLD20_T10_RANK4 j=1 last=true low=true old_ops=9761 ops=7265
RANK4_LOWER class=4 original_ops=10591 new_ops=7841 symbolic_rank_gates=72 paired_macros=134 conditional_clean=true
FOLD20_T10_RANK4 j=2 last=true low=true old_ops=10591 ops=7841
RANK4_LOWER class=3 original_ops=48609 new_ops=42821 symbolic_rank_gates=608 paired_macros=676 conditional_clean=true
FOLD20_T10_RANK4 j=3 last=false low=true old_ops=48609 ops=42821
RANK4_LOWER class=3 original_ops=48313 new_ops=42825 symbolic_rank_gates=608 paired_macros=676 conditional_clean=true
FOLD20_T10_RANK4 j=1 last=false low=true old_ops=48313 ops=42825
FOLD20_PASSIVE_LOWER old=688 new=1138 macros=8 gathers=0
FOLD20_PASSIVE_LOWER old=260 new=664 macros=6 gathers=0
FOLD20_PASSIVE_LOWER old=544 new=872 macros=6 gathers=0
FOLD20_PASSIVE_LOWER old=260 new=664 macros=6 gathers=0
RANK4_LOWER class=3 original_ops=72753 new_ops=64137 symbolic_rank_gates=800 paired_macros=906 conditional_clean=true
FOLD20_PASSIVE_LOWER old=1082 new=6864 macros=22 gathers=0
FOLD20_T10_RANK4 j=0 last=false low=true old_ops=72753 ops=64137
FOLD20_PASSIVE_LOWER old=326 new=3110 macros=9 gathers=0
RANK4_LOWER class=3 original_ops=72487 new_ops=64145 symbolic_rank_gates=800 paired_macros=906 conditional_clean=true
FOLD20_T10_RANK4 j=2 last=false low=true old_ops=72487 ops=64145
FOLD20_PASSIVE_LOWER old=544 new=872 macros=6 gathers=0
FOLD20_PASSIVE_LOWER old=260 new=664 macros=6 gathers=0
FOLD20_PASSIVE_LOWER old=544 new=872 macros=6 gathers=0
FOLD20_PASSIVE_LOWER old=0 new=0 macros=0 gathers=0
FOLD20_PASSIVE_LOWER old=260 new=664 macros=6 gathers=0
FOLD20_PASSIVE_LOWER old=0 new=0 macros=0 gathers=0
RANK4_LOWER class=4 original_ops=7485 new_ops=5817 symbolic_rank_gates=48 paired_macros=62 conditional_clean=true
FOLD20_T10_RANK4 j=3 last=true low=true old_ops=7485 ops=5817
RANK4_LOWER class=4 original_ops=9295 new_ops=6935 symbolic_rank_gates=72 paired_macros=134 conditional_clean=true
FOLD20_T10_RANK4 j=0 last=true low=true old_ops=9295 ops=6935
RANK4_LOWER class=4 original_ops=9881 new_ops=7361 symbolic_rank_gates=72 paired_macros=134 conditional_clean=true
FOLD20_T10_RANK4 j=1 last=true low=true old_ops=9881 ops=7361
RANK4_LOWER class=4 original_ops=10711 new_ops=7937 symbolic_rank_gates=72 paired_macros=134 conditional_clean=true
FOLD20_T10_RANK4 j=2 last=true low=true old_ops=10711 ops=7937
RANK4_LOWER class=3 original_ops=48857 new_ops=43039 symbolic_rank_gates=608 paired_macros=676 conditional_clean=true
FOLD20_T10_RANK4 j=3 last=false low=true old_ops=48857 ops=43039
RANK4_LOWER class=3 original_ops=48561 new_ops=43043 symbolic_rank_gates=608 paired_macros=676 conditional_clean=true
FOLD20_T10_RANK4 j=1 last=false low=true old_ops=48561 ops=43043
FOLD20_PASSIVE_LOWER old=544 new=872 macros=6 gathers=0
FOLD20_PASSIVE_LOWER old=688 new=1138 macros=8 gathers=0
FOLD20_PASSIVE_LOWER old=260 new=664 macros=6 gathers=0
FOLD20_PASSIVE_LOWER old=260 new=664 macros=6 gathers=0
RANK4_LOWER class=3 original_ops=73001 new_ops=64355 symbolic_rank_gates=800 paired_macros=906 conditional_clean=true
FOLD20_T10_RANK4 j=0 last=false low=true old_ops=73001 ops=64355
RANK4_LOWER class=3 original_ops=72735 new_ops=64363 symbolic_rank_gates=800 paired_macros=906 conditional_clean=true
FOLD20_T10_RANK4 j=2 last=false low=true old_ops=72735 ops=64363
FOLD20_PASSIVE_LOWER old=326 new=3110 macros=9 gathers=0
FOLD20_PASSIVE_LOWER old=1082 new=6864 macros=22 gathers=0
FOLD20_PASSIVE_LOWER old=544 new=872 macros=6 gathers=0
FOLD20_PASSIVE_LOWER old=260 new=664 macros=6 gathers=0
FOLD20_PASSIVE_LOWER old=544 new=872 macros=6 gathers=0
FOLD20_PASSIVE_LOWER old=0 new=0 macros=0 gathers=0
FOLD20_PASSIVE_LOWER old=260 new=664 macros=6 gathers=0
FOLD20_PASSIVE_LOWER old=0 new=0 macros=0 gathers=0
RANK4_LOWER class=4 original_ops=7589 new_ops=5905 symbolic_rank_gates=48 paired_macros=62 conditional_clean=true
FOLD20_T10_RANK4 j=3 last=true low=true old_ops=7589 ops=5905
RANK4_LOWER class=4 original_ops=9399 new_ops=7023 symbolic_rank_gates=72 paired_macros=134 conditional_clean=true
FOLD20_T10_RANK4 j=0 last=true low=true old_ops=9399 ops=7023
RANK4_LOWER class=4 original_ops=9985 new_ops=7449 symbolic_rank_gates=72 paired_macros=134 conditional_clean=true
FOLD20_T10_RANK4 j=1 last=true low=true old_ops=9985 ops=7449
RANK4_LOWER class=4 original_ops=10815 new_ops=8025 symbolic_rank_gates=72 paired_macros=134 conditional_clean=true
FOLD20_T10_RANK4 j=2 last=true low=true old_ops=10815 ops=8025
RANK4_LOWER class=3 original_ops=49101 new_ops=43251 symbolic_rank_gates=608 paired_macros=676 conditional_clean=true
FOLD20_T10_RANK4 j=3 last=false low=true old_ops=49101 ops=43251
RANK4_LOWER class=3 original_ops=48805 new_ops=43255 symbolic_rank_gates=608 paired_macros=676 conditional_clean=true
FOLD20_PASSIVE_LOWER old=688 new=1138 macros=8 gathers=0
FOLD20_T10_RANK4 j=1 last=false low=true old_ops=48805 ops=43255
FOLD20_PASSIVE_LOWER old=260 new=664 macros=6 gathers=0
FOLD20_PASSIVE_LOWER old=1082 new=6864 macros=22 gathers=0
FOLD20_PASSIVE_LOWER old=544 new=872 macros=6 gathers=0
FOLD20_PASSIVE_LOWER old=260 new=664 macros=6 gathers=0
RANK4_LOWER class=3 original_ops=73245 new_ops=64567 symbolic_rank_gates=800 paired_macros=906 conditional_clean=true
FOLD20_T10_RANK4 j=0 last=false low=true old_ops=73245 ops=64567
FOLD20_PASSIVE_LOWER old=326 new=3110 macros=9 gathers=0
RANK4_LOWER class=3 original_ops=72979 new_ops=64575 symbolic_rank_gates=800 paired_macros=906 conditional_clean=true
FOLD20_T10_RANK4 j=2 last=false low=true old_ops=72979 ops=64575
FOLD20_PASSIVE_LOWER old=544 new=872 macros=6 gathers=0
FOLD20_PASSIVE_LOWER old=544 new=872 macros=6 gathers=0
FOLD20_PASSIVE_LOWER old=260 new=664 macros=6 gathers=0
FOLD20_PASSIVE_LOWER old=260 new=664 macros=6 gathers=0
FOLD20_PASSIVE_LOWER old=0 new=0 macros=0 gathers=0
FOLD20_PASSIVE_LOWER old=0 new=0 macros=0 gathers=0
RANK4_LOWER class=4 original_ops=7753 new_ops=6037 symbolic_rank_gates=48 paired_macros=62 conditional_clean=true
FOLD20_T10_RANK4 j=3 last=true low=true old_ops=7753 ops=6037
RANK4_LOWER class=4 original_ops=9563 new_ops=7155 symbolic_rank_gates=72 paired_macros=134 conditional_clean=true
FOLD20_T10_RANK4 j=0 last=true low=true old_ops=9563 ops=7155
RANK4_LOWER class=4 original_ops=10149 new_ops=7581 symbolic_rank_gates=72 paired_macros=134 conditional_clean=true
FOLD20_T10_RANK4 j=1 last=true low=true old_ops=10149 ops=7581
RANK4_LOWER class=4 original_ops=10979 new_ops=8157 symbolic_rank_gates=72 paired_macros=134 conditional_clean=true
FOLD20_T10_RANK4 j=2 last=true low=true old_ops=10979 ops=8157
RANK4_LOWER class=3 original_ops=49349 new_ops=43475 symbolic_rank_gates=608 paired_macros=676 conditional_clean=true
FOLD20_T10_RANK4 j=3 last=false low=true old_ops=49349 ops=43475
RANK4_LOWER class=3 original_ops=49053 new_ops=43479 symbolic_rank_gates=608 paired_macros=676 conditional_clean=true
FOLD20_T10_RANK4 j=1 last=false low=true old_ops=49053 ops=43479
FOLD20_PASSIVE_LOWER old=544 new=872 macros=6 gathers=0
FOLD20_PASSIVE_LOWER old=688 new=1138 macros=8 gathers=0
FOLD20_PASSIVE_LOWER old=260 new=664 macros=6 gathers=0
FOLD20_PASSIVE_LOWER old=260 new=664 macros=6 gathers=0
FOLD20_PASSIVE_LOWER old=326 new=3110 macros=9 gathers=0
RANK4_LOWER class=3 original_ops=73227 new_ops=64799 symbolic_rank_gates=800 paired_macros=906 conditional_clean=true
FOLD20_T10_RANK4 j=2 last=false low=true old_ops=73227 ops=64799
RANK4_LOWER class=3 original_ops=73493 new_ops=64791 symbolic_rank_gates=800 paired_macros=906 conditional_clean=true
FOLD20_T10_RANK4 j=0 last=false low=true old_ops=73493 ops=64791
FOLD20_PASSIVE_LOWER old=1082 new=6864 macros=22 gathers=0
FOLD20_PASSIVE_LOWER old=544 new=872 macros=6 gathers=0
FOLD20_PASSIVE_LOWER old=260 new=664 macros=6 gathers=0
FOLD20_PASSIVE_LOWER old=544 new=872 macros=6 gathers=0
FOLD20_PASSIVE_LOWER old=0 new=0 macros=0 gathers=0
FOLD20_PASSIVE_LOWER old=260 new=664 macros=6 gathers=0
FOLD20_PASSIVE_LOWER old=0 new=0 macros=0 gathers=0
RANK4_LOWER class=4 original_ops=7857 new_ops=6125 symbolic_rank_gates=48 paired_macros=62 conditional_clean=true
FOLD20_T10_RANK4 j=3 last=true low=true old_ops=7857 ops=6125
RANK4_LOWER class=4 original_ops=9667 new_ops=7243 symbolic_rank_gates=72 paired_macros=134 conditional_clean=true
FOLD20_T10_RANK4 j=0 last=true low=true old_ops=9667 ops=7243
RANK4_LOWER class=4 original_ops=10253 new_ops=7669 symbolic_rank_gates=72 paired_macros=134 conditional_clean=true
FOLD20_T10_RANK4 j=1 last=true low=true old_ops=10253 ops=7669
RANK4_LOWER class=4 original_ops=11083 new_ops=8245 symbolic_rank_gates=72 paired_macros=134 conditional_clean=true
FOLD20_T10_RANK4 j=2 last=true low=true old_ops=11083 ops=8245
RANK4_LOWER class=3 original_ops=49601 new_ops=43687 symbolic_rank_gates=608 paired_macros=676 conditional_clean=true
FOLD20_T10_RANK4 j=3 last=false low=true old_ops=49601 ops=43687
RANK4_LOWER class=3 original_ops=49305 new_ops=43691 symbolic_rank_gates=608 paired_macros=676 conditional_clean=true
FOLD20_T10_RANK4 j=1 last=false low=true old_ops=49305 ops=43691
FOLD20_PASSIVE_LOWER old=688 new=1138 macros=8 gathers=0
FOLD20_PASSIVE_LOWER old=544 new=872 macros=6 gathers=0
FOLD20_PASSIVE_LOWER old=260 new=664 macros=6 gathers=0
FOLD20_PASSIVE_LOWER old=260 new=664 macros=6 gathers=0
FOLD20_PASSIVE_LOWER old=326 new=3110 macros=9 gathers=0
FOLD20_PASSIVE_LOWER old=1082 new=6864 macros=22 gathers=0
RANK4_LOWER class=3 original_ops=73745 new_ops=65003 symbolic_rank_gates=800 paired_macros=906 conditional_clean=true
FOLD20_T10_RANK4 j=0 last=false low=true old_ops=73745 ops=65003
RANK4_LOWER class=3 original_ops=73479 new_ops=65011 symbolic_rank_gates=800 paired_macros=906 conditional_clean=true
FOLD20_T10_RANK4 j=2 last=false low=true old_ops=73479 ops=65011
FOLD20_PASSIVE_LOWER old=544 new=872 macros=6 gathers=0
FOLD20_PASSIVE_LOWER old=544 new=872 macros=6 gathers=0
FOLD20_PASSIVE_LOWER old=260 new=664 macros=6 gathers=0
FOLD20_PASSIVE_LOWER old=260 new=664 macros=6 gathers=0
FOLD20_PASSIVE_LOWER old=0 new=0 macros=0 gathers=0
FOLD20_PASSIVE_LOWER old=0 new=0 macros=0 gathers=0
RANK4_LOWER class=4 original_ops=7977 new_ops=6221 symbolic_rank_gates=48 paired_macros=62 conditional_clean=true
FOLD20_T10_RANK4 j=3 last=true low=true old_ops=7977 ops=6221
RANK4_LOWER class=4 original_ops=9787 new_ops=7339 symbolic_rank_gates=72 paired_macros=134 conditional_clean=true
FOLD20_T10_RANK4 j=0 last=true low=true old_ops=9787 ops=7339
RANK4_LOWER class=4 original_ops=10373 new_ops=7765 symbolic_rank_gates=72 paired_macros=134 conditional_clean=true
FOLD20_T10_RANK4 j=1 last=true low=true old_ops=10373 ops=7765
RANK4_LOWER class=4 original_ops=11203 new_ops=8341 symbolic_rank_gates=72 paired_macros=134 conditional_clean=true
FOLD20_T10_RANK4 j=2 last=true low=true old_ops=11203 ops=8341
RANK4_LOWER class=3 original_ops=49849 new_ops=43903 symbolic_rank_gates=608 paired_macros=676 conditional_clean=true
FOLD20_T10_RANK4 j=3 last=false low=true old_ops=49849 ops=43903
RANK4_LOWER class=3 original_ops=49553 new_ops=43907 symbolic_rank_gates=608 paired_macros=676 conditional_clean=true
FOLD20_T10_RANK4 j=1 last=false low=true old_ops=49553 ops=43907
FOLD20_PASSIVE_LOWER old=544 new=872 macros=6 gathers=0
FOLD20_PASSIVE_LOWER old=688 new=1138 macros=8 gathers=0
FOLD20_PASSIVE_LOWER old=260 new=664 macros=6 gathers=0
FOLD20_PASSIVE_LOWER old=260 new=664 macros=6 gathers=0
RANK4_LOWER class=3 original_ops=73993 new_ops=65219 symbolic_rank_gates=800 paired_macros=906 conditional_clean=true
FOLD20_T10_RANK4 j=0 last=false low=true old_ops=73993 ops=65219
FOLD20_PASSIVE_LOWER old=326 new=3110 macros=9 gathers=0
RANK4_LOWER class=3 original_ops=73727 new_ops=65227 symbolic_rank_gates=800 paired_macros=906 conditional_clean=true
FOLD20_T10_RANK4 j=2 last=false low=true old_ops=73727 ops=65227
FOLD20_PASSIVE_LOWER old=544 new=872 macros=6 gathers=0
FOLD20_PASSIVE_LOWER old=1082 new=6864 macros=22 gathers=0
FOLD20_PASSIVE_LOWER old=260 new=664 macros=6 gathers=0
FOLD20_PASSIVE_LOWER old=0 new=0 macros=0 gathers=0
FOLD20_PASSIVE_LOWER old=544 new=872 macros=6 gathers=0
FOLD20_PASSIVE_LOWER old=260 new=664 macros=6 gathers=0
FOLD20_PASSIVE_LOWER old=0 new=0 macros=0 gathers=0
RANK4_LOWER class=4 original_ops=8081 new_ops=6309 symbolic_rank_gates=48 paired_macros=62 conditional_clean=true
FOLD20_T10_RANK4 j=3 last=true low=true old_ops=8081 ops=6309
RANK4_LOWER class=4 original_ops=10477 new_ops=7853 symbolic_rank_gates=72 paired_macros=134 conditional_clean=true
FOLD20_T10_RANK4 j=1 last=true low=true old_ops=10477 ops=7853
RANK4_LOWER class=4 original_ops=9891 new_ops=7427 symbolic_rank_gates=72 paired_macros=134 conditional_clean=true
FOLD20_T10_RANK4 j=0 last=true low=true old_ops=9891 ops=7427
RANK4_LOWER class=4 original_ops=11307 new_ops=8429 symbolic_rank_gates=72 paired_macros=134 conditional_clean=true
FOLD20_T10_RANK4 j=2 last=true low=true old_ops=11307 ops=8429
RANK4_LOWER class=3 original_ops=49797 new_ops=44119 symbolic_rank_gates=608 paired_macros=676 conditional_clean=true
FOLD20_T10_RANK4 j=1 last=false low=true old_ops=49797 ops=44119
RANK4_LOWER class=3 original_ops=50093 new_ops=44115 symbolic_rank_gates=608 paired_macros=676 conditional_clean=true
FOLD20_T10_RANK4 j=3 last=false low=true old_ops=50093 ops=44115
FOLD20_PASSIVE_LOWER old=544 new=872 macros=6 gathers=0
FOLD20_PASSIVE_LOWER old=260 new=664 macros=6 gathers=0
FOLD20_PASSIVE_LOWER old=688 new=1138 macros=8 gathers=0
FOLD20_PASSIVE_LOWER old=260 new=664 macros=6 gathers=0
FOLD20_PASSIVE_LOWER old=326 new=3110 macros=9 gathers=0
RANK4_LOWER class=3 original_ops=73971 new_ops=65439 symbolic_rank_gates=800 paired_macros=906 conditional_clean=true
FOLD20_T10_RANK4 j=2 last=false low=true old_ops=73971 ops=65439
RANK4_LOWER class=3 original_ops=74237 new_ops=65431 symbolic_rank_gates=800 paired_macros=906 conditional_clean=true
FOLD20_T10_RANK4 j=0 last=false low=true old_ops=74237 ops=65431
FOLD20_PASSIVE_LOWER old=1082 new=6864 macros=22 gathers=0
FOLD20_PASSIVE_LOWER old=544 new=872 macros=6 gathers=0
FOLD20_PASSIVE_LOWER old=260 new=664 macros=6 gathers=0
FOLD20_PASSIVE_LOWER old=544 new=872 macros=6 gathers=0
FOLD20_PASSIVE_LOWER old=0 new=0 macros=0 gathers=0
FOLD20_PASSIVE_LOWER old=260 new=664 macros=6 gathers=0
FOLD20_PASSIVE_LOWER old=0 new=0 macros=0 gathers=0
RANK4_LOWER class=4 original_ops=8241 new_ops=6437 symbolic_rank_gates=48 paired_macros=62 conditional_clean=true
FOLD20_T10_RANK4 j=3 last=true low=true old_ops=8241 ops=6437
RANK4_LOWER class=4 original_ops=10051 new_ops=7555 symbolic_rank_gates=72 paired_macros=134 conditional_clean=true
FOLD20_T10_RANK4 j=0 last=true low=true old_ops=10051 ops=7555
RANK4_LOWER class=4 original_ops=11467 new_ops=8557 symbolic_rank_gates=72 paired_macros=134 conditional_clean=true
FOLD20_T10_RANK4 j=2 last=true low=true old_ops=11467 ops=8557
RANK4_LOWER class=4 original_ops=10637 new_ops=7981 symbolic_rank_gates=72 paired_macros=134 conditional_clean=true
FOLD20_T10_RANK4 j=1 last=true low=true old_ops=10637 ops=7981
RANK4_LOWER class=3 original_ops=50041 new_ops=44339 symbolic_rank_gates=608 paired_macros=676 conditional_clean=true
FOLD20_T10_RANK4 j=1 last=false low=true old_ops=50041 ops=44339
RANK4_LOWER class=3 original_ops=50337 new_ops=44335 symbolic_rank_gates=608 paired_macros=676 conditional_clean=true
FOLD20_T10_RANK4 j=3 last=false low=true old_ops=50337 ops=44335
FOLD20_PASSIVE_LOWER old=544 new=872 macros=6 gathers=0
FOLD20_PASSIVE_LOWER old=688 new=1138 macros=8 gathers=0
FOLD20_PASSIVE_LOWER old=260 new=664 macros=6 gathers=0
FOLD20_PASSIVE_LOWER old=260 new=664 macros=6 gathers=0
RANK4_LOWER class=3 original_ops=74215 new_ops=65659 symbolic_rank_gates=800 paired_macros=906 conditional_clean=true
FOLD20_T10_RANK4 j=2 last=false low=true old_ops=74215 ops=65659
RANK4_LOWER class=3 original_ops=74481 new_ops=65651 symbolic_rank_gates=800 paired_macros=906 conditional_clean=true
FOLD20_T10_RANK4 j=0 last=false low=true old_ops=74481 ops=65651
FOLD20_PASSIVE_LOWER old=326 new=3110 macros=9 gathers=0
FOLD20_PASSIVE_LOWER old=1082 new=6864 macros=22 gathers=0
FOLD20_PASSIVE_LOWER old=544 new=872 macros=6 gathers=0
FOLD20_PASSIVE_LOWER old=544 new=872 macros=6 gathers=0
FOLD20_PASSIVE_LOWER old=260 new=664 macros=6 gathers=0
FOLD20_PASSIVE_LOWER old=260 new=664 macros=6 gathers=0
FOLD20_PASSIVE_LOWER old=0 new=0 macros=0 gathers=0
FOLD20_PASSIVE_LOWER old=0 new=0 macros=0 gathers=0
RANK4_LOWER class=4 original_ops=8345 new_ops=6525 symbolic_rank_gates=48 paired_macros=62 conditional_clean=true
FOLD20_T10_RANK4 j=3 last=true low=true old_ops=8345 ops=6525
RANK4_LOWER class=4 original_ops=10155 new_ops=7643 symbolic_rank_gates=72 paired_macros=134 conditional_clean=true
FOLD20_T10_RANK4 j=0 last=true low=true old_ops=10155 ops=7643
RANK4_LOWER class=4 original_ops=10741 new_ops=8069 symbolic_rank_gates=72 paired_macros=134 conditional_clean=true
FOLD20_T10_RANK4 j=1 last=true low=true old_ops=10741 ops=8069
RANK4_LOWER class=4 original_ops=11571 new_ops=8645 symbolic_rank_gates=72 paired_macros=134 conditional_clean=true
FOLD20_T10_RANK4 j=2 last=true low=true old_ops=11571 ops=8645
RANK4_LOWER class=3 original_ops=50581 new_ops=44551 symbolic_rank_gates=608 paired_macros=676 conditional_clean=true
FOLD20_T10_RANK4 j=3 last=false low=true old_ops=50581 ops=44551
RANK4_LOWER class=3 original_ops=50285 new_ops=44555 symbolic_rank_gates=608 paired_macros=676 conditional_clean=true
FOLD20_T10_RANK4 j=1 last=false low=true old_ops=50285 ops=44555
FOLD20_PASSIVE_LOWER old=688 new=1138 macros=8 gathers=0
FOLD20_PASSIVE_LOWER old=544 new=872 macros=6 gathers=0
FOLD20_PASSIVE_LOWER old=260 new=664 macros=6 gathers=0
FOLD20_PASSIVE_LOWER old=260 new=664 macros=6 gathers=0
RANK4_LOWER class=3 original_ops=74725 new_ops=65867 symbolic_rank_gates=800 paired_macros=906 conditional_clean=true
FOLD20_T10_RANK4 j=0 last=false low=true old_ops=74725 ops=65867
RANK4_LOWER class=3 original_ops=74459 new_ops=65875 symbolic_rank_gates=800 paired_macros=906 conditional_clean=true
FOLD20_T10_RANK4 j=2 last=false low=true old_ops=74459 ops=65875
FOLD20_PASSIVE_LOWER old=326 new=3110 macros=9 gathers=0
FOLD20_PASSIVE_LOWER old=1082 new=6864 macros=22 gathers=0
FOLD20_PASSIVE_LOWER old=544 new=872 macros=6 gathers=0
FOLD20_PASSIVE_LOWER old=544 new=872 macros=6 gathers=0
FOLD20_PASSIVE_LOWER old=260 new=664 macros=6 gathers=0
FOLD20_PASSIVE_LOWER old=260 new=664 macros=6 gathers=0
FOLD20_PASSIVE_LOWER old=0 new=0 macros=0 gathers=0
FOLD20_PASSIVE_LOWER old=0 new=0 macros=0 gathers=0
RANK4_LOWER class=4 original_ops=8465 new_ops=6621 symbolic_rank_gates=48 paired_macros=62 conditional_clean=true
FOLD20_T10_RANK4 j=3 last=true low=true old_ops=8465 ops=6621
RANK4_LOWER class=4 original_ops=10275 new_ops=7739 symbolic_rank_gates=72 paired_macros=134 conditional_clean=true
FOLD20_T10_RANK4 j=0 last=true low=true old_ops=10275 ops=7739
RANK4_LOWER class=4 original_ops=10861 new_ops=8165 symbolic_rank_gates=72 paired_macros=134 conditional_clean=true
FOLD20_T10_RANK4 j=1 last=true low=true old_ops=10861 ops=8165
RANK4_LOWER class=4 original_ops=11691 new_ops=8741 symbolic_rank_gates=72 paired_macros=134 conditional_clean=true
FOLD20_T10_RANK4 j=2 last=true low=true old_ops=11691 ops=8741
RANK4_LOWER class=3 original_ops=50525 new_ops=44795 symbolic_rank_gates=608 paired_macros=676 conditional_clean=true
FOLD20_T10_RANK4 j=1 last=false low=true old_ops=50525 ops=44795
RANK4_LOWER class=3 original_ops=50821 new_ops=44791 symbolic_rank_gates=608 paired_macros=676 conditional_clean=true
FOLD20_T10_RANK4 j=3 last=false low=true old_ops=50821 ops=44791
FOLD20_PASSIVE_LOWER old=544 new=872 macros=6 gathers=0
FOLD20_PASSIVE_LOWER old=260 new=664 macros=6 gathers=0
FOLD20_PASSIVE_LOWER old=688 new=1138 macros=8 gathers=0
FOLD20_PASSIVE_LOWER old=326 new=3110 macros=9 gathers=0
FOLD20_PASSIVE_LOWER old=260 new=664 macros=6 gathers=0
RANK4_LOWER class=3 original_ops=74965 new_ops=66107 symbolic_rank_gates=800 paired_macros=906 conditional_clean=true
FOLD20_T10_RANK4 j=0 last=false low=true old_ops=74965 ops=66107
RANK4_LOWER class=3 original_ops=74699 new_ops=66115 symbolic_rank_gates=800 paired_macros=906 conditional_clean=true
FOLD20_T10_RANK4 j=2 last=false low=true old_ops=74699 ops=66115
FOLD20_PASSIVE_LOWER old=1082 new=6864 macros=22 gathers=0
FOLD20_PASSIVE_LOWER old=544 new=872 macros=6 gathers=0
FOLD20_PASSIVE_LOWER old=260 new=664 macros=6 gathers=0
FOLD20_PASSIVE_LOWER old=544 new=872 macros=6 gathers=0
FOLD20_PASSIVE_LOWER old=0 new=0 macros=0 gathers=0
FOLD20_PASSIVE_LOWER old=260 new=664 macros=6 gathers=0
FOLD20_PASSIVE_LOWER old=0 new=0 macros=0 gathers=0
RANK4_LOWER class=4 original_ops=8821 new_ops=6757 symbolic_rank_gates=84 paired_macros=92 conditional_clean=true
FOLD20_T10_RANK4 j=3 last=true low=true old_ops=8821 ops=6757
RANK4_LOWER class=4 original_ops=12047 new_ops=8877 symbolic_rank_gates=108 paired_macros=164 conditional_clean=true
FOLD20_T10_RANK4 j=2 last=true low=true old_ops=12047 ops=8877
RANK4_LOWER class=4 original_ops=11217 new_ops=8301 symbolic_rank_gates=108 paired_macros=164 conditional_clean=true
FOLD20_T10_RANK4 j=1 last=true low=true old_ops=11217 ops=8301
RANK4_LOWER class=4 original_ops=10631 new_ops=7875 symbolic_rank_gates=108 paired_macros=164 conditional_clean=true
FOLD20_T10_RANK4 j=0 last=true low=true old_ops=10631 ops=7875
RANK4_LOWER class=3 original_ops=51729 new_ops=45183 symbolic_rank_gates=704 paired_macros=756 conditional_clean=true
FOLD20_T10_RANK4 j=3 last=false low=true old_ops=51729 ops=45183
RANK4_LOWER class=3 original_ops=51433 new_ops=45187 symbolic_rank_gates=704 paired_macros=756 conditional_clean=true
FOLD20_T10_RANK4 j=1 last=false low=true old_ops=51433 ops=45187
FOLD20_PASSIVE_LOWER old=688 new=1138 macros=8 gathers=0
FOLD20_PASSIVE_LOWER old=260 new=664 macros=6 gathers=0
FOLD20_PASSIVE_LOWER old=544 new=872 macros=6 gathers=0
RANK4_LOWER class=3 original_ops=75607 new_ops=66507 symbolic_rank_gates=896 paired_macros=986 conditional_clean=true
FOLD20_T10_RANK4 j=2 last=false low=true old_ops=75607 ops=66507
FOLD20_PASSIVE_LOWER old=260 new=664 macros=6 gathers=0
RANK4_LOWER class=3 original_ops=75873 new_ops=66499 symbolic_rank_gates=896 paired_macros=986 conditional_clean=true
FOLD20_T10_RANK4 j=0 last=false low=true old_ops=75873 ops=66499
FOLD20_PASSIVE_LOWER old=1082 new=6864 macros=22 gathers=0
FOLD20_PASSIVE_LOWER old=326 new=3110 macros=9 gathers=0
FOLD20_PASSIVE_LOWER old=544 new=872 macros=6 gathers=0
FOLD20_PASSIVE_LOWER old=260 new=664 macros=6 gathers=0
FOLD20_PASSIVE_LOWER old=544 new=872 macros=6 gathers=0
FOLD20_PASSIVE_LOWER old=260 new=664 macros=6 gathers=0
FOLD20_PASSIVE_LOWER old=0 new=0 macros=0 gathers=0
FOLD20_PASSIVE_LOWER old=0 new=0 macros=0 gathers=0
RANK4_LOWER class=4 original_ops=9169 new_ops=6907 symbolic_rank_gates=84 paired_macros=106 conditional_clean=true
FOLD20_T10_RANK4 j=3 last=true low=true old_ops=9169 ops=6907
RANK4_LOWER class=4 original_ops=12395 new_ops=9027 symbolic_rank_gates=108 paired_macros=178 conditional_clean=true
FOLD20_T10_RANK4 j=2 last=true low=true old_ops=12395 ops=9027
RANK4_LOWER class=4 original_ops=10979 new_ops=8025 symbolic_rank_gates=108 paired_macros=178 conditional_clean=true
FOLD20_T10_RANK4 j=0 last=true low=true old_ops=10979 ops=8025
RANK4_LOWER class=4 original_ops=11565 new_ops=8451 symbolic_rank_gates=108 paired_macros=178 conditional_clean=true
FOLD20_T10_RANK4 j=1 last=true low=true old_ops=11565 ops=8451
RANK4_LOWER class=3 original_ops=52141 new_ops=45427 symbolic_rank_gates=704 paired_macros=770 conditional_clean=true
FOLD20_T10_RANK4 j=3 last=false low=true old_ops=52141 ops=45427
RANK4_LOWER class=3 original_ops=51845 new_ops=45431 symbolic_rank_gates=704 paired_macros=770 conditional_clean=true
FOLD20_T10_RANK4 j=1 last=false low=true old_ops=51845 ops=45431
FOLD20_PASSIVE_LOWER old=688 new=1138 macros=8 gathers=0
FOLD20_PASSIVE_LOWER old=260 new=664 macros=6 gathers=0
RANK4_LOWER class=3 original_ops=76019 new_ops=66751 symbolic_rank_gates=896 paired_macros=1000 conditional_clean=true
FOLD20_T10_RANK4 j=2 last=false low=true old_ops=76019 ops=66751
FOLD20_PASSIVE_LOWER old=544 new=872 macros=6 gathers=0
FOLD20_PASSIVE_LOWER old=260 new=664 macros=6 gathers=0
FOLD20_PASSIVE_LOWER old=1082 new=6864 macros=22 gathers=0
RANK4_LOWER class=3 original_ops=76285 new_ops=66743 symbolic_rank_gates=896 paired_macros=1000 conditional_clean=true
FOLD20_T10_RANK4 j=0 last=false low=true old_ops=76285 ops=66743
FOLD20_PASSIVE_LOWER old=326 new=3110 macros=9 gathers=0
FOLD20_PASSIVE_LOWER old=544 new=872 macros=6 gathers=0
FOLD20_PASSIVE_LOWER old=260 new=664 macros=6 gathers=0
FOLD20_PASSIVE_LOWER old=0 new=0 macros=0 gathers=0
FOLD20_PASSIVE_LOWER old=544 new=872 macros=6 gathers=0
FOLD20_PASSIVE_LOWER old=260 new=664 macros=6 gathers=0
FOLD20_PASSIVE_LOWER old=0 new=0 macros=0 gathers=0
RANK4_LOWER class=4 original_ops=9277 new_ops=6999 symbolic_rank_gates=84 paired_macros=106 conditional_clean=true
FOLD20_T10_RANK4 j=3 last=true low=true old_ops=9277 ops=6999
RANK4_LOWER class=4 original_ops=11087 new_ops=8117 symbolic_rank_gates=108 paired_macros=178 conditional_clean=true
FOLD20_T10_RANK4 j=0 last=true low=true old_ops=11087 ops=8117
RANK4_LOWER class=4 original_ops=11673 new_ops=8543 symbolic_rank_gates=108 paired_macros=178 conditional_clean=true
FOLD20_T10_RANK4 j=1 last=true low=true old_ops=11673 ops=8543
RANK4_LOWER class=4 original_ops=12503 new_ops=9119 symbolic_rank_gates=108 paired_macros=178 conditional_clean=true
FOLD20_T10_RANK4 j=2 last=true low=true old_ops=12503 ops=9119
RANK4_LOWER class=3 original_ops=52349 new_ops=45623 symbolic_rank_gates=704 paired_macros=770 conditional_clean=true
FOLD20_T10_RANK4 j=3 last=false low=true old_ops=52349 ops=45623
RANK4_LOWER class=3 original_ops=52053 new_ops=45627 symbolic_rank_gates=704 paired_macros=770 conditional_clean=true
FOLD20_T10_RANK4 j=1 last=false low=true old_ops=52053 ops=45627
FOLD20_PASSIVE_LOWER old=688 new=1138 macros=8 gathers=0
FOLD20_PASSIVE_LOWER old=260 new=664 macros=6 gathers=0
FOLD20_PASSIVE_LOWER old=544 new=872 macros=6 gathers=0
FOLD20_PASSIVE_LOWER old=260 new=664 macros=6 gathers=0
RANK4_LOWER class=3 original_ops=76227 new_ops=66947 symbolic_rank_gates=896 paired_macros=1000 conditional_clean=true
FOLD20_PASSIVE_LOWER old=1082 new=6864 macros=22 gathers=0
FOLD20_T10_RANK4 j=2 last=false low=true old_ops=76227 ops=66947
RANK4_LOWER class=3 original_ops=76493 new_ops=66939 symbolic_rank_gates=896 paired_macros=1000 conditional_clean=true
FOLD20_T10_RANK4 j=0 last=false low=true old_ops=76493 ops=66939
FOLD20_PASSIVE_LOWER old=326 new=3110 macros=9 gathers=0
FOLD20_PASSIVE_LOWER old=544 new=872 macros=6 gathers=0
FOLD20_PASSIVE_LOWER old=260 new=664 macros=6 gathers=0
FOLD20_PASSIVE_LOWER old=0 new=0 macros=0 gathers=0
FOLD20_PASSIVE_LOWER old=544 new=872 macros=6 gathers=0
FOLD20_PASSIVE_LOWER old=260 new=664 macros=6 gathers=0
FOLD20_PASSIVE_LOWER old=0 new=0 macros=0 gathers=0
RANK4_LOWER class=4 original_ops=9397 new_ops=7095 symbolic_rank_gates=84 paired_macros=106 conditional_clean=true
FOLD20_T10_RANK4 j=3 last=true low=true old_ops=9397 ops=7095
RANK4_LOWER class=4 original_ops=11207 new_ops=8213 symbolic_rank_gates=108 paired_macros=178 conditional_clean=true
FOLD20_T10_RANK4 j=0 last=true low=true old_ops=11207 ops=8213
RANK4_LOWER class=4 original_ops=11793 new_ops=8639 symbolic_rank_gates=108 paired_macros=178 conditional_clean=true
FOLD20_T10_RANK4 j=1 last=true low=true old_ops=11793 ops=8639
RANK4_LOWER class=4 original_ops=12623 new_ops=9215 symbolic_rank_gates=108 paired_macros=178 conditional_clean=true
FOLD20_T10_RANK4 j=2 last=true low=true old_ops=12623 ops=9215
RANK4_LOWER class=3 original_ops=52541 new_ops=45815 symbolic_rank_gates=704 paired_macros=770 conditional_clean=true
FOLD20_T10_RANK4 j=3 last=false low=true old_ops=52541 ops=45815
RANK4_LOWER class=3 original_ops=52245 new_ops=45819 symbolic_rank_gates=704 paired_macros=770 conditional_clean=true
FOLD20_T10_RANK4 j=1 last=false low=true old_ops=52245 ops=45819
FOLD20_PASSIVE_LOWER old=688 new=1138 macros=8 gathers=0
FOLD20_PASSIVE_LOWER old=260 new=664 macros=6 gathers=0
FOLD20_PASSIVE_LOWER old=544 new=872 macros=6 gathers=0
FOLD20_PASSIVE_LOWER old=1082 new=6864 macros=22 gathers=0
RANK4_LOWER class=3 original_ops=76419 new_ops=67139 symbolic_rank_gates=896 paired_macros=1000 conditional_clean=true
FOLD20_T10_RANK4 j=2 last=false low=true old_ops=76419 ops=67139
FOLD20_PASSIVE_LOWER old=260 new=664 macros=6 gathers=0
RANK4_LOWER class=3 original_ops=76685 new_ops=67131 symbolic_rank_gates=896 paired_macros=1000 conditional_clean=true
FOLD20_T10_RANK4 j=0 last=false low=true old_ops=76685 ops=67131
FOLD20_PASSIVE_LOWER old=326 new=3110 macros=9 gathers=0
FOLD20_PASSIVE_LOWER old=544 new=872 macros=6 gathers=0
FOLD20_PASSIVE_LOWER old=260 new=664 macros=6 gathers=0
FOLD20_PASSIVE_LOWER old=544 new=872 macros=6 gathers=0
FOLD20_PASSIVE_LOWER old=0 new=0 macros=0 gathers=0
FOLD20_PASSIVE_LOWER old=260 new=664 macros=6 gathers=0
FOLD20_PASSIVE_LOWER old=0 new=0 macros=0 gathers=0
RANK4_LOWER class=4 original_ops=9505 new_ops=7187 symbolic_rank_gates=84 paired_macros=106 conditional_clean=true
FOLD20_T10_RANK4 j=3 last=true low=true old_ops=9505 ops=7187
RANK4_LOWER class=4 original_ops=11901 new_ops=8731 symbolic_rank_gates=108 paired_macros=178 conditional_clean=true
FOLD20_T10_RANK4 j=1 last=true low=true old_ops=11901 ops=8731
RANK4_LOWER class=4 original_ops=11315 new_ops=8305 symbolic_rank_gates=108 paired_macros=178 conditional_clean=true
FOLD20_T10_RANK4 j=0 last=true low=true old_ops=11315 ops=8305
RANK4_LOWER class=4 original_ops=12731 new_ops=9307 symbolic_rank_gates=108 paired_macros=178 conditional_clean=true
FOLD20_T10_RANK4 j=2 last=true low=true old_ops=12731 ops=9307
RANK4_LOWER class=3 original_ops=52813 new_ops=46059 symbolic_rank_gates=704 paired_macros=770 conditional_clean=true
FOLD20_T10_RANK4 j=3 last=false low=true old_ops=52813 ops=46059
RANK4_LOWER class=3 original_ops=52517 new_ops=46063 symbolic_rank_gates=704 paired_macros=770 conditional_clean=true
FOLD20_T10_RANK4 j=1 last=false low=true old_ops=52517 ops=46063
FOLD20_PASSIVE_LOWER old=544 new=872 macros=6 gathers=0
FOLD20_PASSIVE_LOWER old=688 new=1138 macros=8 gathers=0
FOLD20_PASSIVE_LOWER old=260 new=664 macros=6 gathers=0
FOLD20_PASSIVE_LOWER old=260 new=664 macros=6 gathers=0
RANK4_LOWER class=3 original_ops=76691 new_ops=67383 symbolic_rank_gates=896 paired_macros=1000 conditional_clean=true
FOLD20_T10_RANK4 j=2 last=false low=true old_ops=76691 ops=67383
FOLD20_PASSIVE_LOWER old=326 new=3110 macros=9 gathers=0
RANK4_LOWER class=3 original_ops=76957 new_ops=67375 symbolic_rank_gates=896 paired_macros=1000 conditional_clean=true
FOLD20_T10_RANK4 j=0 last=false low=true old_ops=76957 ops=67375
FOLD20_PASSIVE_LOWER old=1082 new=6864 macros=22 gathers=0
FOLD20_PASSIVE_LOWER old=544 new=872 macros=6 gathers=0
FOLD20_PASSIVE_LOWER old=260 new=664 macros=6 gathers=0
FOLD20_PASSIVE_LOWER old=0 new=0 macros=0 gathers=0
FOLD20_PASSIVE_LOWER old=544 new=872 macros=6 gathers=0
FOLD20_PASSIVE_LOWER old=260 new=664 macros=6 gathers=0
FOLD20_PASSIVE_LOWER old=0 new=0 macros=0 gathers=0
RANK4_LOWER class=4 original_ops=9641 new_ops=7291 symbolic_rank_gates=84 paired_macros=106 conditional_clean=true
FOLD20_T10_RANK4 j=3 last=true low=true old_ops=9641 ops=7291
RANK4_LOWER class=4 original_ops=12037 new_ops=8835 symbolic_rank_gates=108 paired_macros=178 conditional_clean=true
FOLD20_T10_RANK4 j=1 last=true low=true old_ops=12037 ops=8835
RANK4_LOWER class=4 original_ops=11451 new_ops=8409 symbolic_rank_gates=108 paired_macros=178 conditional_clean=true
FOLD20_T10_RANK4 j=0 last=true low=true old_ops=11451 ops=8409
RANK4_LOWER class=4 original_ops=12867 new_ops=9411 symbolic_rank_gates=108 paired_macros=178 conditional_clean=true
FOLD20_T10_RANK4 j=2 last=true low=true old_ops=12867 ops=9411
RANK4_LOWER class=3 original_ops=53025 new_ops=46271 symbolic_rank_gates=704 paired_macros=770 conditional_clean=true
FOLD20_T10_RANK4 j=3 last=false low=true old_ops=53025 ops=46271
RANK4_LOWER class=3 original_ops=52729 new_ops=46275 symbolic_rank_gates=704 paired_macros=770 conditional_clean=true
FOLD20_T10_RANK4 j=1 last=false low=true old_ops=52729 ops=46275
FOLD20_PASSIVE_LOWER old=688 new=1138 macros=8 gathers=0
FOLD20_PASSIVE_LOWER old=260 new=664 macros=6 gathers=0
FOLD20_PASSIVE_LOWER old=544 new=872 macros=6 gathers=0
FOLD20_PASSIVE_LOWER old=260 new=664 macros=6 gathers=0
RANK4_LOWER class=3 original_ops=76903 new_ops=67595 symbolic_rank_gates=896 paired_macros=1000 conditional_clean=true
FOLD20_T10_RANK4 j=2 last=false low=true old_ops=76903 ops=67595
FOLD20_PASSIVE_LOWER old=1082 new=6864 macros=22 gathers=0
FOLD20_PASSIVE_LOWER old=326 new=3110 macros=9 gathers=0
RANK4_LOWER class=3 original_ops=77169 new_ops=67587 symbolic_rank_gates=896 paired_macros=1000 conditional_clean=true
FOLD20_T10_RANK4 j=0 last=false low=true old_ops=77169 ops=67587
FOLD20_PASSIVE_LOWER old=544 new=872 macros=6 gathers=0
FOLD20_PASSIVE_LOWER old=260 new=664 macros=6 gathers=0
FOLD20_PASSIVE_LOWER old=544 new=872 macros=6 gathers=0
FOLD20_PASSIVE_LOWER old=0 new=0 macros=0 gathers=0
FOLD20_PASSIVE_LOWER old=260 new=664 macros=6 gathers=0
FOLD20_PASSIVE_LOWER old=0 new=0 macros=0 gathers=0
RANK4_LOWER class=4 original_ops=9745 new_ops=7379 symbolic_rank_gates=84 paired_macros=106 conditional_clean=true
FOLD20_T10_RANK4 j=3 last=true low=true old_ops=9745 ops=7379
RANK4_LOWER class=4 original_ops=11555 new_ops=8497 symbolic_rank_gates=108 paired_macros=178 conditional_clean=true
FOLD20_T10_RANK4 j=0 last=true low=true old_ops=11555 ops=8497
RANK4_LOWER class=4 original_ops=12141 new_ops=8923 symbolic_rank_gates=108 paired_macros=178 conditional_clean=true
FOLD20_T10_RANK4 j=1 last=true low=true old_ops=12141 ops=8923
RANK4_LOWER class=4 original_ops=12971 new_ops=9499 symbolic_rank_gates=108 paired_macros=178 conditional_clean=true
FOLD20_T10_RANK4 j=2 last=true low=true old_ops=12971 ops=9499
RANK4_LOWER class=3 original_ops=53237 new_ops=46471 symbolic_rank_gates=704 paired_macros=770 conditional_clean=true
FOLD20_T10_RANK4 j=3 last=false low=true old_ops=53237 ops=46471
RANK4_LOWER class=3 original_ops=52941 new_ops=46475 symbolic_rank_gates=704 paired_macros=770 conditional_clean=true
FOLD20_T10_RANK4 j=1 last=false low=true old_ops=52941 ops=46475
FOLD20_PASSIVE_LOWER old=688 new=1138 macros=8 gathers=0
FOLD20_PASSIVE_LOWER old=260 new=664 macros=6 gathers=0
FOLD20_PASSIVE_LOWER old=544 new=872 macros=6 gathers=0
FOLD20_PASSIVE_LOWER old=260 new=664 macros=6 gathers=0
RANK4_LOWER class=3 original_ops=77381 new_ops=67787 symbolic_rank_gates=896 paired_macros=1000 conditional_clean=true
FOLD20_T10_RANK4 j=0 last=false low=true old_ops=77381 ops=67787
FOLD20_PASSIVE_LOWER old=1082 new=6864 macros=22 gathers=0
RANK4_LOWER class=3 original_ops=77115 new_ops=67795 symbolic_rank_gates=896 paired_macros=1000 conditional_clean=true
FOLD20_T10_RANK4 j=2 last=false low=true old_ops=77115 ops=67795
FOLD20_PASSIVE_LOWER old=326 new=3110 macros=9 gathers=0
FOLD20_PASSIVE_LOWER old=544 new=872 macros=6 gathers=0
FOLD20_PASSIVE_LOWER old=544 new=872 macros=6 gathers=0
FOLD20_PASSIVE_LOWER old=260 new=664 macros=6 gathers=0
FOLD20_PASSIVE_LOWER old=260 new=664 macros=6 gathers=0
FOLD20_PASSIVE_LOWER old=0 new=0 macros=0 gathers=0
FOLD20_PASSIVE_LOWER old=0 new=0 macros=0 gathers=0
RANK4_LOWER class=4 original_ops=9865 new_ops=7475 symbolic_rank_gates=84 paired_macros=106 conditional_clean=true
FOLD20_T10_RANK4 j=3 last=true low=true old_ops=9865 ops=7475
RANK4_LOWER class=4 original_ops=11675 new_ops=8593 symbolic_rank_gates=108 paired_macros=178 conditional_clean=true
FOLD20_T10_RANK4 j=0 last=true low=true old_ops=11675 ops=8593
RANK4_LOWER class=4 original_ops=12261 new_ops=9019 symbolic_rank_gates=108 paired_macros=178 conditional_clean=true
FOLD20_T10_RANK4 j=1 last=true low=true old_ops=12261 ops=9019
RANK4_LOWER class=4 original_ops=13091 new_ops=9595 symbolic_rank_gates=108 paired_macros=178 conditional_clean=true
FOLD20_T10_RANK4 j=2 last=true low=true old_ops=13091 ops=9595
RANK4_LOWER class=3 original_ops=53445 new_ops=46663 symbolic_rank_gates=704 paired_macros=770 conditional_clean=true
FOLD20_T10_RANK4 j=3 last=false low=true old_ops=53445 ops=46663
RANK4_LOWER class=3 original_ops=53149 new_ops=46667 symbolic_rank_gates=704 paired_macros=770 conditional_clean=true
FOLD20_T10_RANK4 j=1 last=false low=true old_ops=53149 ops=46667
FOLD20_PASSIVE_LOWER old=688 new=1138 macros=8 gathers=0
FOLD20_PASSIVE_LOWER old=544 new=872 macros=6 gathers=0
FOLD20_PASSIVE_LOWER old=260 new=664 macros=6 gathers=0
FOLD20_PASSIVE_LOWER old=260 new=664 macros=6 gathers=0
RANK4_LOWER class=3 original_ops=77323 new_ops=67987 symbolic_rank_gates=896 paired_macros=1000 conditional_clean=true
FOLD20_T10_RANK4 j=2 last=false low=true old_ops=77323 ops=67987
FOLD20_PASSIVE_LOWER old=326 new=3110 macros=9 gathers=0
RANK4_LOWER class=3 original_ops=77589 new_ops=67979 symbolic_rank_gates=896 paired_macros=1000 conditional_clean=true
FOLD20_T10_RANK4 j=0 last=false low=true old_ops=77589 ops=67979
FOLD20_PASSIVE_LOWER old=1082 new=6864 macros=22 gathers=0
FOLD20_PASSIVE_LOWER old=544 new=872 macros=6 gathers=0
FOLD20_PASSIVE_LOWER old=260 new=664 macros=6 gathers=0
FOLD20_PASSIVE_LOWER old=544 new=872 macros=6 gathers=0
FOLD20_PASSIVE_LOWER old=0 new=0 macros=0 gathers=0
FOLD20_PASSIVE_LOWER old=260 new=664 macros=6 gathers=0
FOLD20_PASSIVE_LOWER old=0 new=0 macros=0 gathers=0
RANK4_LOWER class=4 original_ops=9993 new_ops=7579 symbolic_rank_gates=84 paired_macros=106 conditional_clean=true
FOLD20_T10_RANK4 j=3 last=true low=true old_ops=9993 ops=7579
RANK4_LOWER class=4 original_ops=13219 new_ops=9699 symbolic_rank_gates=108 paired_macros=178 conditional_clean=true
FOLD20_T10_RANK4 j=2 last=true low=true old_ops=13219 ops=9699
RANK4_LOWER class=4 original_ops=12389 new_ops=9123 symbolic_rank_gates=108 paired_macros=178 conditional_clean=true
FOLD20_T10_RANK4 j=1 last=true low=true old_ops=12389 ops=9123
RANK4_LOWER class=4 original_ops=11803 new_ops=8697 symbolic_rank_gates=108 paired_macros=178 conditional_clean=true
FOLD20_T10_RANK4 j=0 last=true low=true old_ops=11803 ops=8697
RANK4_LOWER class=3 original_ops=53829 new_ops=46963 symbolic_rank_gates=704 paired_macros=770 conditional_clean=true
FOLD20_T10_RANK4 j=3 last=false low=true old_ops=53829 ops=46963
RANK4_LOWER class=3 original_ops=53533 new_ops=46967 symbolic_rank_gates=704 paired_macros=770 conditional_clean=true
FOLD20_T10_RANK4 j=1 last=false low=true old_ops=53533 ops=46967
FOLD20_PASSIVE_LOWER old=688 new=1138 macros=8 gathers=0
FOLD20_PASSIVE_LOWER old=544 new=872 macros=6 gathers=0
FOLD20_PASSIVE_LOWER old=260 new=664 macros=6 gathers=0
FOLD20_PASSIVE_LOWER old=260 new=664 macros=6 gathers=0
RANK4_LOWER class=3 original_ops=77707 new_ops=68287 symbolic_rank_gates=896 paired_macros=1000 conditional_clean=true
FOLD20_T10_RANK4 j=2 last=false low=true old_ops=77707 ops=68287
FOLD20_PASSIVE_LOWER old=326 new=3110 macros=9 gathers=0
FOLD20_PASSIVE_LOWER old=1082 new=6864 macros=22 gathers=0
RANK4_LOWER class=3 original_ops=77973 new_ops=68279 symbolic_rank_gates=896 paired_macros=1000 conditional_clean=true
FOLD20_T10_RANK4 j=0 last=false low=true old_ops=77973 ops=68279
FOLD20_PASSIVE_LOWER old=544 new=872 macros=6 gathers=0
FOLD20_PASSIVE_LOWER old=260 new=664 macros=6 gathers=0
FOLD20_PASSIVE_LOWER old=0 new=0 macros=0 gathers=0
FOLD20_PASSIVE_LOWER old=544 new=872 macros=6 gathers=0
FOLD20_PASSIVE_LOWER old=260 new=664 macros=6 gathers=0
FOLD20_PASSIVE_LOWER old=0 new=0 macros=0 gathers=0
RANK4_LOWER class=4 original_ops=10141 new_ops=7695 symbolic_rank_gates=84 paired_macros=106 conditional_clean=true
FOLD20_T10_RANK4 j=3 last=true low=true old_ops=10141 ops=7695
RANK4_LOWER class=4 original_ops=11951 new_ops=8813 symbolic_rank_gates=108 paired_macros=178 conditional_clean=true
FOLD20_T10_RANK4 j=0 last=true low=true old_ops=11951 ops=8813
RANK4_LOWER class=4 original_ops=12537 new_ops=9239 symbolic_rank_gates=108 paired_macros=178 conditional_clean=true
FOLD20_T10_RANK4 j=1 last=true low=true old_ops=12537 ops=9239
RANK4_LOWER class=4 original_ops=13367 new_ops=9815 symbolic_rank_gates=108 paired_macros=178 conditional_clean=true
FOLD20_T10_RANK4 j=2 last=true low=true old_ops=13367 ops=9815
RANK4_LOWER class=3 original_ops=54061 new_ops=47167 symbolic_rank_gates=704 paired_macros=770 conditional_clean=true
FOLD20_T10_RANK4 j=3 last=false low=true old_ops=54061 ops=47167
FOLD20_PASSIVE_LOWER old=688 new=1138 macros=8 gathers=0
RANK4_LOWER class=3 original_ops=53765 new_ops=47171 symbolic_rank_gates=704 paired_macros=770 conditional_clean=true
FOLD20_T10_RANK4 j=1 last=false low=true old_ops=53765 ops=47171
FOLD20_PASSIVE_LOWER old=260 new=664 macros=6 gathers=0
FOLD20_PASSIVE_LOWER old=1082 new=6864 macros=22 gathers=0
FOLD20_PASSIVE_LOWER old=544 new=872 macros=6 gathers=0
FOLD20_PASSIVE_LOWER old=260 new=664 macros=6 gathers=0
FOLD20_PASSIVE_LOWER old=326 new=3110 macros=9 gathers=0
RANK4_LOWER class=3 original_ops=77939 new_ops=68491 symbolic_rank_gates=896 paired_macros=1000 conditional_clean=true
RANK4_LOWER class=3 original_ops=78205 new_ops=68483 symbolic_rank_gates=896 paired_macros=1000 conditional_clean=true
FOLD20_T10_RANK4 j=2 last=false low=true old_ops=77939 ops=68491
FOLD20_T10_RANK4 j=0 last=false low=true old_ops=78205 ops=68483
FOLD20_PASSIVE_LOWER old=544 new=872 macros=6 gathers=0
FOLD20_PASSIVE_LOWER old=544 new=872 macros=6 gathers=0
FOLD20_PASSIVE_LOWER old=260 new=664 macros=6 gathers=0
FOLD20_PASSIVE_LOWER old=260 new=664 macros=6 gathers=0
FOLD20_PASSIVE_LOWER old=0 new=0 macros=0 gathers=0
FOLD20_PASSIVE_LOWER old=0 new=0 macros=0 gathers=0
RANK4_LOWER class=4 original_ops=10245 new_ops=7783 symbolic_rank_gates=84 paired_macros=106 conditional_clean=true
FOLD20_T10_RANK4 j=3 last=true low=true old_ops=10245 ops=7783
RANK4_LOWER class=4 original_ops=12055 new_ops=8901 symbolic_rank_gates=108 paired_macros=178 conditional_clean=true
FOLD20_T10_RANK4 j=0 last=true low=true old_ops=12055 ops=8901
RANK4_LOWER class=4 original_ops=12641 new_ops=9327 symbolic_rank_gates=108 paired_macros=178 conditional_clean=true
FOLD20_T10_RANK4 j=1 last=true low=true old_ops=12641 ops=9327
RANK4_LOWER class=4 original_ops=13471 new_ops=9903 symbolic_rank_gates=108 paired_macros=178 conditional_clean=true
FOLD20_T10_RANK4 j=2 last=true low=true old_ops=13471 ops=9903
RANK4_LOWER class=3 original_ops=54297 new_ops=47359 symbolic_rank_gates=704 paired_macros=770 conditional_clean=true
FOLD20_T10_RANK4 j=3 last=false low=true old_ops=54297 ops=47359
RANK4_LOWER class=3 original_ops=54001 new_ops=47363 symbolic_rank_gates=704 paired_macros=770 conditional_clean=true
FOLD20_T10_RANK4 j=1 last=false low=true old_ops=54001 ops=47363
FOLD20_PASSIVE_LOWER old=688 new=1138 macros=8 gathers=0
FOLD20_PASSIVE_LOWER old=260 new=664 macros=6 gathers=0
RANK4_LOWER class=3 original_ops=78441 new_ops=68675 symbolic_rank_gates=896 paired_macros=1000 conditional_clean=true
FOLD20_T10_RANK4 j=0 last=false low=true old_ops=78441 ops=68675
FOLD20_PASSIVE_LOWER old=544 new=872 macros=6 gathers=0
FOLD20_PASSIVE_LOWER old=260 new=664 macros=6 gathers=0
FOLD20_PASSIVE_LOWER old=1082 new=6864 macros=22 gathers=0
FOLD20_PASSIVE_LOWER old=326 new=3110 macros=9 gathers=0
FOLD20_PASSIVE_LOWER old=544 new=872 macros=6 gathers=0
FOLD20_PASSIVE_LOWER old=260 new=664 macros=6 gathers=0
RANK4_LOWER class=3 original_ops=78175 new_ops=68683 symbolic_rank_gates=896 paired_macros=1000 conditional_clean=true
FOLD20_T10_RANK4 j=2 last=false low=true old_ops=78175 ops=68683
FOLD20_PASSIVE_LOWER old=0 new=0 macros=0 gathers=0
FOLD20_PASSIVE_LOWER old=544 new=872 macros=6 gathers=0
FOLD20_PASSIVE_LOWER old=260 new=664 macros=6 gathers=0
FOLD20_PASSIVE_LOWER old=0 new=0 macros=0 gathers=0
RANK4_LOWER class=4 original_ops=10365 new_ops=7879 symbolic_rank_gates=84 paired_macros=106 conditional_clean=true
FOLD20_T10_RANK4 j=3 last=true low=true old_ops=10365 ops=7879
RANK4_LOWER class=4 original_ops=12175 new_ops=8997 symbolic_rank_gates=108 paired_macros=178 conditional_clean=true
FOLD20_T10_RANK4 j=0 last=true low=true old_ops=12175 ops=8997
RANK4_LOWER class=4 original_ops=13591 new_ops=9999 symbolic_rank_gates=108 paired_macros=178 conditional_clean=true
FOLD20_T10_RANK4 j=2 last=true low=true old_ops=13591 ops=9999
RANK4_LOWER class=4 original_ops=12761 new_ops=9423 symbolic_rank_gates=108 paired_macros=178 conditional_clean=true
FOLD20_T10_RANK4 j=1 last=true low=true old_ops=12761 ops=9423
RANK4_LOWER class=3 original_ops=54529 new_ops=47555 symbolic_rank_gates=704 paired_macros=770 conditional_clean=true
FOLD20_T10_RANK4 j=3 last=false low=true old_ops=54529 ops=47555
FOLD20_PASSIVE_LOWER old=688 new=1138 macros=8 gathers=0
RANK4_LOWER class=3 original_ops=54233 new_ops=47559 symbolic_rank_gates=704 paired_macros=770 conditional_clean=true
FOLD20_T10_RANK4 j=1 last=false low=true old_ops=54233 ops=47559
FOLD20_PASSIVE_LOWER old=260 new=664 macros=6 gathers=0
FOLD20_PASSIVE_LOWER old=1082 new=6864 macros=22 gathers=0
FOLD20_PASSIVE_LOWER old=544 new=872 macros=6 gathers=0
FOLD20_PASSIVE_LOWER old=260 new=664 macros=6 gathers=0
RANK4_LOWER class=3 original_ops=78407 new_ops=68879 symbolic_rank_gates=896 paired_macros=1000 conditional_clean=true
FOLD20_T10_RANK4 j=2 last=false low=true old_ops=78407 ops=68879
FOLD20_PASSIVE_LOWER old=326 new=3110 macros=9 gathers=0
RANK4_LOWER class=3 original_ops=78673 new_ops=68871 symbolic_rank_gates=896 paired_macros=1000 conditional_clean=true
FOLD20_T10_RANK4 j=0 last=false low=true old_ops=78673 ops=68871
FOLD20_PASSIVE_LOWER old=544 new=872 macros=6 gathers=0
FOLD20_PASSIVE_LOWER old=544 new=872 macros=6 gathers=0
FOLD20_PASSIVE_LOWER old=260 new=664 macros=6 gathers=0
FOLD20_PASSIVE_LOWER old=260 new=664 macros=6 gathers=0
FOLD20_PASSIVE_LOWER old=0 new=0 macros=0 gathers=0
FOLD20_PASSIVE_LOWER old=0 new=0 macros=0 gathers=0
RANK4_LOWER class=4 original_ops=10469 new_ops=7967 symbolic_rank_gates=84 paired_macros=106 conditional_clean=true
FOLD20_T10_RANK4 j=3 last=true low=true old_ops=10469 ops=7967
RANK4_LOWER class=4 original_ops=12279 new_ops=9085 symbolic_rank_gates=108 paired_macros=178 conditional_clean=true
FOLD20_T10_RANK4 j=0 last=true low=true old_ops=12279 ops=9085
RANK4_LOWER class=4 original_ops=13695 new_ops=10087 symbolic_rank_gates=108 paired_macros=178 conditional_clean=true
RANK4_LOWER class=4 original_ops=12865 new_ops=9511 symbolic_rank_gates=108 paired_macros=178 conditional_clean=true
FOLD20_T10_RANK4 j=2 last=true low=true old_ops=13695 ops=10087
FOLD20_T10_RANK4 j=1 last=true low=true old_ops=12865 ops=9511
RANK4_LOWER class=3 original_ops=54757 new_ops=47747 symbolic_rank_gates=704 paired_macros=770 conditional_clean=true
FOLD20_T10_RANK4 j=3 last=false low=true old_ops=54757 ops=47747
RANK4_LOWER class=3 original_ops=54461 new_ops=47751 symbolic_rank_gates=704 paired_macros=770 conditional_clean=true
FOLD20_T10_RANK4 j=1 last=false low=true old_ops=54461 ops=47751
FOLD20_PASSIVE_LOWER old=688 new=1138 macros=8 gathers=0
FOLD20_PASSIVE_LOWER old=260 new=664 macros=6 gathers=0
FOLD20_PASSIVE_LOWER old=544 new=872 macros=6 gathers=0
FOLD20_PASSIVE_LOWER old=1082 new=6864 macros=22 gathers=0
FOLD20_PASSIVE_LOWER old=260 new=664 macros=6 gathers=0
RANK4_LOWER class=3 original_ops=78635 new_ops=69071 symbolic_rank_gates=896 paired_macros=1000 conditional_clean=true
FOLD20_T10_RANK4 j=2 last=false low=true old_ops=78635 ops=69071
RANK4_LOWER class=3 original_ops=78901 new_ops=69063 symbolic_rank_gates=896 paired_macros=1000 conditional_clean=true
FOLD20_T10_RANK4 j=0 last=false low=true old_ops=78901 ops=69063
FOLD20_PASSIVE_LOWER old=326 new=3110 macros=9 gathers=0
FOLD20_PASSIVE_LOWER old=544 new=872 macros=6 gathers=0
FOLD20_PASSIVE_LOWER old=260 new=664 macros=6 gathers=0
FOLD20_PASSIVE_LOWER old=544 new=872 macros=6 gathers=0
FOLD20_PASSIVE_LOWER old=260 new=664 macros=6 gathers=0
FOLD20_PASSIVE_LOWER old=0 new=0 macros=0 gathers=0
FOLD20_PASSIVE_LOWER old=0 new=0 macros=0 gathers=0
RANK4_LOWER class=4 original_ops=10613 new_ops=8079 symbolic_rank_gates=84 paired_macros=106 conditional_clean=true
FOLD20_T10_RANK4 j=3 last=true low=true old_ops=10613 ops=8079
RANK4_LOWER class=4 original_ops=12423 new_ops=9197 symbolic_rank_gates=108 paired_macros=178 conditional_clean=true
FOLD20_T10_RANK4 j=0 last=true low=true old_ops=12423 ops=9197
RANK4_LOWER class=4 original_ops=13009 new_ops=9623 symbolic_rank_gates=108 paired_macros=178 conditional_clean=true
FOLD20_T10_RANK4 j=1 last=true low=true old_ops=13009 ops=9623
RANK4_LOWER class=4 original_ops=13839 new_ops=10199 symbolic_rank_gates=108 paired_macros=178 conditional_clean=true
FOLD20_T10_RANK4 j=2 last=true low=true old_ops=13839 ops=10199
RANK4_LOWER class=3 original_ops=54985 new_ops=47947 symbolic_rank_gates=704 paired_macros=770 conditional_clean=true
FOLD20_T10_RANK4 j=3 last=false low=true old_ops=54985 ops=47947
RANK4_LOWER class=3 original_ops=54689 new_ops=47951 symbolic_rank_gates=704 paired_macros=770 conditional_clean=true
FOLD20_T10_RANK4 j=1 last=false low=true old_ops=54689 ops=47951
FOLD20_PASSIVE_LOWER old=688 new=1138 macros=8 gathers=0
FOLD20_PASSIVE_LOWER old=260 new=664 macros=6 gathers=0
FOLD20_PASSIVE_LOWER old=544 new=872 macros=6 gathers=0
FOLD20_PASSIVE_LOWER old=260 new=664 macros=6 gathers=0
RANK4_LOWER class=3 original_ops=78863 new_ops=69271 symbolic_rank_gates=896 paired_macros=1000 conditional_clean=true
FOLD20_T10_RANK4 j=2 last=false low=true old_ops=78863 ops=69271
FOLD20_PASSIVE_LOWER old=1082 new=6864 macros=22 gathers=0
FOLD20_PASSIVE_LOWER old=326 new=3110 macros=9 gathers=0
RANK4_LOWER class=3 original_ops=79129 new_ops=69263 symbolic_rank_gates=896 paired_macros=1000 conditional_clean=true
FOLD20_T10_RANK4 j=0 last=false low=true old_ops=79129 ops=69263
FOLD20_PASSIVE_LOWER old=544 new=872 macros=6 gathers=0
FOLD20_PASSIVE_LOWER old=260 new=664 macros=6 gathers=0
FOLD20_PASSIVE_LOWER old=544 new=872 macros=6 gathers=0
FOLD20_PASSIVE_LOWER old=0 new=0 macros=0 gathers=0
FOLD20_PASSIVE_LOWER old=260 new=664 macros=6 gathers=0
FOLD20_PASSIVE_LOWER old=0 new=0 macros=0 gathers=0
RANK4_LOWER class=4 original_ops=10717 new_ops=8167 symbolic_rank_gates=84 paired_macros=106 conditional_clean=true
FOLD20_T10_RANK4 j=3 last=true low=true old_ops=10717 ops=8167
RANK4_LOWER class=4 original_ops=12527 new_ops=9285 symbolic_rank_gates=108 paired_macros=178 conditional_clean=true
FOLD20_T10_RANK4 j=0 last=true low=true old_ops=12527 ops=9285
RANK4_LOWER class=4 original_ops=13113 new_ops=9711 symbolic_rank_gates=108 paired_macros=178 conditional_clean=true
FOLD20_T10_RANK4 j=1 last=true low=true old_ops=13113 ops=9711
RANK4_LOWER class=4 original_ops=13943 new_ops=10287 symbolic_rank_gates=108 paired_macros=178 conditional_clean=true
FOLD20_T10_RANK4 j=2 last=true low=true old_ops=13943 ops=10287
RANK4_LOWER class=3 original_ops=55213 new_ops=48139 symbolic_rank_gates=704 paired_macros=770 conditional_clean=true
FOLD20_T10_RANK4 j=3 last=false low=true old_ops=55213 ops=48139
RANK4_LOWER class=3 original_ops=54917 new_ops=48143 symbolic_rank_gates=704 paired_macros=770 conditional_clean=true
FOLD20_T10_RANK4 j=1 last=false low=true old_ops=54917 ops=48143
FOLD20_PASSIVE_LOWER old=688 new=1138 macros=8 gathers=0
FOLD20_PASSIVE_LOWER old=544 new=872 macros=6 gathers=0
FOLD20_PASSIVE_LOWER old=260 new=664 macros=6 gathers=0
FOLD20_PASSIVE_LOWER old=260 new=664 macros=6 gathers=0
FOLD20_PASSIVE_LOWER old=326 new=3110 macros=9 gathers=0
RANK4_LOWER class=3 original_ops=79091 new_ops=69463 symbolic_rank_gates=896 paired_macros=1000 conditional_clean=true
FOLD20_T10_RANK4 j=2 last=false low=true old_ops=79091 ops=69463
FOLD20_PASSIVE_LOWER old=1082 new=6864 macros=22 gathers=0
RANK4_LOWER class=3 original_ops=79357 new_ops=69455 symbolic_rank_gates=896 paired_macros=1000 conditional_clean=true
FOLD20_T10_RANK4 j=0 last=false low=true old_ops=79357 ops=69455
FOLD20_PASSIVE_LOWER old=544 new=872 macros=6 gathers=0
FOLD20_PASSIVE_LOWER old=260 new=664 macros=6 gathers=0
FOLD20_PASSIVE_LOWER old=544 new=872 macros=6 gathers=0
FOLD20_PASSIVE_LOWER old=0 new=0 macros=0 gathers=0
FOLD20_PASSIVE_LOWER old=260 new=664 macros=6 gathers=0
FOLD20_PASSIVE_LOWER old=0 new=0 macros=0 gathers=0
RANK4_LOWER class=4 original_ops=10837 new_ops=8263 symbolic_rank_gates=84 paired_macros=106 conditional_clean=true
FOLD20_T10_RANK4 j=3 last=true low=true old_ops=10837 ops=8263
RANK4_LOWER class=4 original_ops=12647 new_ops=9381 symbolic_rank_gates=108 paired_macros=178 conditional_clean=true
FOLD20_T10_RANK4 j=0 last=true low=true old_ops=12647 ops=9381
RANK4_LOWER class=4 original_ops=13233 new_ops=9807 symbolic_rank_gates=108 paired_macros=178 conditional_clean=true
FOLD20_T10_RANK4 j=1 last=true low=true old_ops=13233 ops=9807
RANK4_LOWER class=4 original_ops=14063 new_ops=10383 symbolic_rank_gates=108 paired_macros=178 conditional_clean=true
FOLD20_T10_RANK4 j=2 last=true low=true old_ops=14063 ops=10383
RANK4_LOWER class=3 original_ops=55437 new_ops=48335 symbolic_rank_gates=704 paired_macros=770 conditional_clean=true
FOLD20_T10_RANK4 j=3 last=false low=true old_ops=55437 ops=48335
FOLD20_PASSIVE_LOWER old=688 new=1138 macros=8 gathers=0
FOLD20_PASSIVE_LOWER old=260 new=664 macros=6 gathers=0
RANK4_LOWER class=3 original_ops=55141 new_ops=48339 symbolic_rank_gates=704 paired_macros=770 conditional_clean=true
FOLD20_T10_RANK4 j=1 last=false low=true old_ops=55141 ops=48339
FOLD20_PASSIVE_LOWER old=1082 new=6864 macros=22 gathers=0
RANK4_LOWER class=3 original_ops=79315 new_ops=69659 symbolic_rank_gates=896 paired_macros=1000 conditional_clean=true
FOLD20_T10_RANK4 j=2 last=false low=true old_ops=79315 ops=69659
RANK4_LOWER class=3 original_ops=79581 new_ops=69651 symbolic_rank_gates=896 paired_macros=1000 conditional_clean=true
FOLD20_T10_RANK4 j=0 last=false low=true old_ops=79581 ops=69651
FOLD20_PASSIVE_LOWER old=544 new=872 macros=6 gathers=0
FOLD20_PASSIVE_LOWER old=260 new=664 macros=6 gathers=0
FOLD20_PASSIVE_LOWER old=544 new=872 macros=6 gathers=0
FOLD20_PASSIVE_LOWER old=260 new=664 macros=6 gathers=0
FOLD20_PASSIVE_LOWER old=544 new=872 macros=6 gathers=0
FOLD20_PASSIVE_LOWER old=326 new=3110 macros=9 gathers=0
FOLD20_PASSIVE_LOWER old=0 new=0 macros=0 gathers=0
FOLD20_PASSIVE_LOWER old=260 new=664 macros=6 gathers=0
FOLD20_PASSIVE_LOWER old=0 new=0 macros=0 gathers=0
RANK4_LOWER class=4 original_ops=11025 new_ops=8411 symbolic_rank_gates=84 paired_macros=106 conditional_clean=true
FOLD20_T10_RANK4 j=3 last=true low=true old_ops=11025 ops=8411
RANK4_LOWER class=4 original_ops=12835 new_ops=9529 symbolic_rank_gates=108 paired_macros=178 conditional_clean=true
FOLD20_T10_RANK4 j=0 last=true low=true old_ops=12835 ops=9529
RANK4_LOWER class=4 original_ops=13421 new_ops=9955 symbolic_rank_gates=108 paired_macros=178 conditional_clean=true
FOLD20_T10_RANK4 j=1 last=true low=true old_ops=13421 ops=9955
RANK4_LOWER class=4 original_ops=14251 new_ops=10531 symbolic_rank_gates=108 paired_macros=178 conditional_clean=true
FOLD20_T10_RANK4 j=2 last=true low=true old_ops=14251 ops=10531
RANK4_LOWER class=3 original_ops=56029 new_ops=48779 symbolic_rank_gates=704 paired_macros=770 conditional_clean=true
FOLD20_T10_RANK4 j=3 last=false low=true old_ops=56029 ops=48779
RANK4_LOWER class=3 original_ops=55733 new_ops=48783 symbolic_rank_gates=704 paired_macros=770 conditional_clean=true
FOLD20_T10_RANK4 j=1 last=false low=true old_ops=55733 ops=48783
FOLD20_PASSIVE_LOWER old=688 new=1138 macros=8 gathers=0
FOLD20_PASSIVE_LOWER old=260 new=664 macros=6 gathers=0
FOLD20_PASSIVE_LOWER old=544 new=872 macros=6 gathers=0
FOLD20_PASSIVE_LOWER old=260 new=664 macros=6 gathers=0
FOLD20_PASSIVE_LOWER old=1082 new=6864 macros=22 gathers=0
FOLD20_PASSIVE_LOWER old=326 new=3110 macros=9 gathers=0
RANK4_LOWER class=3 original_ops=79907 new_ops=70103 symbolic_rank_gates=896 paired_macros=1000 conditional_clean=true
FOLD20_T10_RANK4 j=2 last=false low=true old_ops=79907 ops=70103
RANK4_LOWER class=3 original_ops=80173 new_ops=70095 symbolic_rank_gates=896 paired_macros=1000 conditional_clean=true
FOLD20_T10_RANK4 j=0 last=false low=true old_ops=80173 ops=70095
FOLD20_PASSIVE_LOWER old=544 new=872 macros=6 gathers=0
FOLD20_PASSIVE_LOWER old=260 new=664 macros=6 gathers=0
FOLD20_PASSIVE_LOWER old=0 new=0 macros=0 gathers=0
FOLD20_PASSIVE_LOWER old=544 new=872 macros=6 gathers=0
FOLD20_PASSIVE_LOWER old=260 new=664 macros=6 gathers=0
FOLD20_PASSIVE_LOWER old=0 new=0 macros=0 gathers=0
RANK4_LOWER class=4 original_ops=11193 new_ops=8547 symbolic_rank_gates=84 paired_macros=106 conditional_clean=true
FOLD20_T10_RANK4 j=3 last=true low=true old_ops=11193 ops=8547
RANK4_LOWER class=4 original_ops=13003 new_ops=9665 symbolic_rank_gates=108 paired_macros=178 conditional_clean=true
FOLD20_T10_RANK4 j=0 last=true low=true old_ops=13003 ops=9665
RANK4_LOWER class=4 original_ops=13589 new_ops=10091 symbolic_rank_gates=108 paired_macros=178 conditional_clean=true
FOLD20_T10_RANK4 j=1 last=true low=true old_ops=13589 ops=10091
RANK4_LOWER class=4 original_ops=14419 new_ops=10667 symbolic_rank_gates=108 paired_macros=178 conditional_clean=true
FOLD20_T10_RANK4 j=2 last=true low=true old_ops=14419 ops=10667
RANK4_LOWER class=3 original_ops=56281 new_ops=49003 symbolic_rank_gates=704 paired_macros=770 conditional_clean=true
FOLD20_T10_RANK4 j=3 last=false low=true old_ops=56281 ops=49003
RANK4_LOWER class=3 original_ops=55985 new_ops=49007 symbolic_rank_gates=704 paired_macros=770 conditional_clean=true
FOLD20_T10_RANK4 j=1 last=false low=true old_ops=55985 ops=49007
FOLD20_PASSIVE_LOWER old=688 new=1138 macros=8 gathers=0
FOLD20_PASSIVE_LOWER old=544 new=872 macros=6 gathers=0
FOLD20_PASSIVE_LOWER old=260 new=664 macros=6 gathers=0
FOLD20_PASSIVE_LOWER old=260 new=664 macros=6 gathers=0
RANK4_LOWER class=3 original_ops=80425 new_ops=70319 symbolic_rank_gates=896 paired_macros=1000 conditional_clean=true
FOLD20_T10_RANK4 j=0 last=false low=true old_ops=80425 ops=70319
FOLD20_PASSIVE_LOWER old=326 new=3110 macros=9 gathers=0
FOLD20_PASSIVE_LOWER old=1082 new=6864 macros=22 gathers=0
RANK4_LOWER class=3 original_ops=80159 new_ops=70327 symbolic_rank_gates=896 paired_macros=1000 conditional_clean=true
FOLD20_T10_RANK4 j=2 last=false low=true old_ops=80159 ops=70327
FOLD20_PASSIVE_LOWER old=544 new=872 macros=6 gathers=0
FOLD20_PASSIVE_LOWER old=260 new=664 macros=6 gathers=0
FOLD20_PASSIVE_LOWER old=544 new=872 macros=6 gathers=0
FOLD20_PASSIVE_LOWER old=0 new=0 macros=0 gathers=0
FOLD20_PASSIVE_LOWER old=260 new=664 macros=6 gathers=0
FOLD20_PASSIVE_LOWER old=0 new=0 macros=0 gathers=0
RANK4_LOWER class=4 original_ops=11297 new_ops=8635 symbolic_rank_gates=84 paired_macros=106 conditional_clean=true
FOLD20_T10_RANK4 j=3 last=true low=true old_ops=11297 ops=8635
RANK4_LOWER class=4 original_ops=13107 new_ops=9753 symbolic_rank_gates=108 paired_macros=178 conditional_clean=true
FOLD20_T10_RANK4 j=0 last=true low=true old_ops=13107 ops=9753
RANK4_LOWER class=4 original_ops=13693 new_ops=10179 symbolic_rank_gates=108 paired_macros=178 conditional_clean=true
FOLD20_T10_RANK4 j=1 last=true low=true old_ops=13693 ops=10179
RANK4_LOWER class=4 original_ops=14523 new_ops=10755 symbolic_rank_gates=108 paired_macros=178 conditional_clean=true
FOLD20_T10_RANK4 j=2 last=true low=true old_ops=14523 ops=10755
RANK4_LOWER class=3 original_ops=56541 new_ops=49211 symbolic_rank_gates=704 paired_macros=770 conditional_clean=true
FOLD20_T10_RANK4 j=3 last=false low=true old_ops=56541 ops=49211
FOLD20_PASSIVE_LOWER old=688 new=1138 macros=8 gathers=0
RANK4_LOWER class=3 original_ops=56245 new_ops=49215 symbolic_rank_gates=704 paired_macros=770 conditional_clean=true
FOLD20_T10_RANK4 j=1 last=false low=true old_ops=56245 ops=49215
FOLD20_PASSIVE_LOWER old=260 new=664 macros=6 gathers=0
FOLD20_PASSIVE_LOWER old=544 new=872 macros=6 gathers=0
FOLD20_PASSIVE_LOWER old=1082 new=6864 macros=22 gathers=0
FOLD20_PASSIVE_LOWER old=260 new=664 macros=6 gathers=0
RANK4_LOWER class=3 original_ops=80685 new_ops=70527 symbolic_rank_gates=896 paired_macros=1000 conditional_clean=true
FOLD20_T10_RANK4 j=0 last=false low=true old_ops=80685 ops=70527
RANK4_LOWER class=3 original_ops=80419 new_ops=70535 symbolic_rank_gates=896 paired_macros=1000 conditional_clean=true
FOLD20_T10_RANK4 j=2 last=false low=true old_ops=80419 ops=70535
FOLD20_PASSIVE_LOWER old=326 new=3110 macros=9 gathers=0
FOLD20_PASSIVE_LOWER old=544 new=872 macros=6 gathers=0
FOLD20_PASSIVE_LOWER old=544 new=872 macros=6 gathers=0
FOLD20_PASSIVE_LOWER old=260 new=664 macros=6 gathers=0
FOLD20_PASSIVE_LOWER old=260 new=664 macros=6 gathers=0
FOLD20_PASSIVE_LOWER old=0 new=0 macros=0 gathers=0
FOLD20_PASSIVE_LOWER old=0 new=0 macros=0 gathers=0
RANK4_LOWER class=4 original_ops=11417 new_ops=8731 symbolic_rank_gates=84 paired_macros=106 conditional_clean=true
FOLD20_T10_RANK4 j=3 last=true low=true old_ops=11417 ops=8731
RANK4_LOWER class=4 original_ops=13227 new_ops=9849 symbolic_rank_gates=108 paired_macros=178 conditional_clean=true
FOLD20_T10_RANK4 j=0 last=true low=true old_ops=13227 ops=9849
RANK4_LOWER class=4 original_ops=14643 new_ops=10851 symbolic_rank_gates=108 paired_macros=178 conditional_clean=true
FOLD20_T10_RANK4 j=2 last=true low=true old_ops=14643 ops=10851
RANK4_LOWER class=4 original_ops=13813 new_ops=10275 symbolic_rank_gates=108 paired_macros=178 conditional_clean=true
FOLD20_T10_RANK4 j=1 last=true low=true old_ops=13813 ops=10275
RANK4_LOWER class=3 original_ops=56797 new_ops=49423 symbolic_rank_gates=704 paired_macros=770 conditional_clean=true
FOLD20_T10_RANK4 j=3 last=false low=true old_ops=56797 ops=49423
RANK4_LOWER class=3 original_ops=56501 new_ops=49427 symbolic_rank_gates=704 paired_macros=770 conditional_clean=true
FOLD20_T10_RANK4 j=1 last=false low=true old_ops=56501 ops=49427
FOLD20_PASSIVE_LOWER old=688 new=1138 macros=8 gathers=0
FOLD20_PASSIVE_LOWER old=260 new=664 macros=6 gathers=0
RANK4_LOWER class=3 original_ops=80675 new_ops=70747 symbolic_rank_gates=896 paired_macros=1000 conditional_clean=true
FOLD20_T10_RANK4 j=2 last=false low=true old_ops=80675 ops=70747
FOLD20_PASSIVE_LOWER old=544 new=872 macros=6 gathers=0
RANK4_LOWER class=3 original_ops=80941 new_ops=70739 symbolic_rank_gates=896 paired_macros=1000 conditional_clean=true
FOLD20_T10_RANK4 j=0 last=false low=true old_ops=80941 ops=70739
FOLD20_PASSIVE_LOWER old=260 new=664 macros=6 gathers=0
FOLD20_PASSIVE_LOWER old=1082 new=6864 macros=22 gathers=0
FOLD20_PASSIVE_LOWER old=544 new=872 macros=6 gathers=0
FOLD20_PASSIVE_LOWER old=260 new=664 macros=6 gathers=0
FOLD20_PASSIVE_LOWER old=326 new=3110 macros=9 gathers=0
FOLD20_PASSIVE_LOWER old=0 new=0 macros=0 gathers=0
FOLD20_PASSIVE_LOWER old=544 new=872 macros=6 gathers=0
FOLD20_PASSIVE_LOWER old=260 new=664 macros=6 gathers=0
FOLD20_PASSIVE_LOWER old=0 new=0 macros=0 gathers=0
RANK4_LOWER class=4 original_ops=11521 new_ops=8819 symbolic_rank_gates=84 paired_macros=106 conditional_clean=true
FOLD20_T10_RANK4 j=3 last=true low=true old_ops=11521 ops=8819
RANK4_LOWER class=4 original_ops=13331 new_ops=9937 symbolic_rank_gates=108 paired_macros=178 conditional_clean=true
FOLD20_T10_RANK4 j=0 last=true low=true old_ops=13331 ops=9937
RANK4_LOWER class=4 original_ops=13917 new_ops=10363 symbolic_rank_gates=108 paired_macros=178 conditional_clean=true
FOLD20_T10_RANK4 j=1 last=true low=true old_ops=13917 ops=10363
RANK4_LOWER class=4 original_ops=14747 new_ops=10939 symbolic_rank_gates=108 paired_macros=178 conditional_clean=true
FOLD20_T10_RANK4 j=2 last=true low=true old_ops=14747 ops=10939
RANK4_LOWER class=3 original_ops=57049 new_ops=49631 symbolic_rank_gates=704 paired_macros=770 conditional_clean=true
FOLD20_T10_RANK4 j=3 last=false low=true old_ops=57049 ops=49631
RANK4_LOWER class=3 original_ops=56753 new_ops=49635 symbolic_rank_gates=704 paired_macros=770 conditional_clean=true
FOLD20_T10_RANK4 j=1 last=false low=true old_ops=56753 ops=49635
FOLD20_PASSIVE_LOWER old=688 new=1138 macros=8 gathers=0
FOLD20_PASSIVE_LOWER old=260 new=664 macros=6 gathers=0
FOLD20_PASSIVE_LOWER old=544 new=872 macros=6 gathers=0
FOLD20_PASSIVE_LOWER old=1082 new=6864 macros=22 gathers=0
FOLD20_PASSIVE_LOWER old=260 new=664 macros=6 gathers=0
FOLD20_PASSIVE_LOWER old=326 new=3110 macros=9 gathers=0
RANK4_LOWER class=3 original_ops=81193 new_ops=70947 symbolic_rank_gates=896 paired_macros=1000 conditional_clean=true
FOLD20_T10_RANK4 j=0 last=false low=true old_ops=81193 ops=70947
RANK4_LOWER class=3 original_ops=80927 new_ops=70955 symbolic_rank_gates=896 paired_macros=1000 conditional_clean=true
FOLD20_T10_RANK4 j=2 last=false low=true old_ops=80927 ops=70955
FOLD20_PASSIVE_LOWER old=544 new=872 macros=6 gathers=0
FOLD20_PASSIVE_LOWER old=544 new=872 macros=6 gathers=0
FOLD20_PASSIVE_LOWER old=260 new=664 macros=6 gathers=0
FOLD20_PASSIVE_LOWER old=260 new=664 macros=6 gathers=0
FOLD20_PASSIVE_LOWER old=0 new=0 macros=0 gathers=0
FOLD20_PASSIVE_LOWER old=0 new=0 macros=0 gathers=0
RANK4_LOWER class=4 original_ops=11689 new_ops=8947 symbolic_rank_gates=84 paired_macros=106 conditional_clean=true
FOLD20_T10_RANK4 j=3 last=true low=true old_ops=11689 ops=8947
RANK4_LOWER class=4 original_ops=14915 new_ops=11067 symbolic_rank_gates=108 paired_macros=178 conditional_clean=true
FOLD20_T10_RANK4 j=2 last=true low=true old_ops=14915 ops=11067
RANK4_LOWER class=4 original_ops=13499 new_ops=10065 symbolic_rank_gates=108 paired_macros=178 conditional_clean=true
FOLD20_T10_RANK4 j=0 last=true low=true old_ops=13499 ops=10065
RANK4_LOWER class=4 original_ops=14085 new_ops=10491 symbolic_rank_gates=108 paired_macros=178 conditional_clean=true
FOLD20_T10_RANK4 j=1 last=true low=true old_ops=14085 ops=10491
RANK4_LOWER class=3 original_ops=57301 new_ops=49847 symbolic_rank_gates=704 paired_macros=770 conditional_clean=true
FOLD20_T10_RANK4 j=3 last=false low=true old_ops=57301 ops=49847
RANK4_LOWER class=3 original_ops=57005 new_ops=49851 symbolic_rank_gates=704 paired_macros=770 conditional_clean=true
FOLD20_T10_RANK4 j=1 last=false low=true old_ops=57005 ops=49851
FOLD20_PASSIVE_LOWER old=688 new=1138 macros=8 gathers=0
FOLD20_PASSIVE_LOWER old=260 new=664 macros=6 gathers=0
FOLD20_PASSIVE_LOWER old=544 new=872 macros=6 gathers=0
FOLD20_PASSIVE_LOWER old=260 new=664 macros=6 gathers=0
RANK4_LOWER class=3 original_ops=81179 new_ops=71171 symbolic_rank_gates=896 paired_macros=1000 conditional_clean=true
FOLD20_T10_RANK4 j=2 last=false low=true old_ops=81179 ops=71171
FOLD20_PASSIVE_LOWER old=1082 new=6864 macros=22 gathers=0
FOLD20_PASSIVE_LOWER old=326 new=3110 macros=9 gathers=0
RANK4_LOWER class=3 original_ops=81445 new_ops=71163 symbolic_rank_gates=896 paired_macros=1000 conditional_clean=true
FOLD20_T10_RANK4 j=0 last=false low=true old_ops=81445 ops=71163
FOLD20_PASSIVE_LOWER old=544 new=872 macros=6 gathers=0
FOLD20_PASSIVE_LOWER old=260 new=664 macros=6 gathers=0
FOLD20_PASSIVE_LOWER old=0 new=0 macros=0 gathers=0
FOLD20_PASSIVE_LOWER old=544 new=872 macros=6 gathers=0
FOLD20_PASSIVE_LOWER old=260 new=664 macros=6 gathers=0
FOLD20_PASSIVE_LOWER old=0 new=0 macros=0 gathers=0
RANK4_LOWER class=4 original_ops=11793 new_ops=9035 symbolic_rank_gates=84 paired_macros=106 conditional_clean=true
FOLD20_T10_RANK4 j=3 last=true low=true old_ops=11793 ops=9035
RANK4_LOWER class=4 original_ops=13603 new_ops=10153 symbolic_rank_gates=108 paired_macros=178 conditional_clean=true
FOLD20_T10_RANK4 j=0 last=true low=true old_ops=13603 ops=10153
RANK4_LOWER class=4 original_ops=15019 new_ops=11155 symbolic_rank_gates=108 paired_macros=178 conditional_clean=true
FOLD20_T10_RANK4 j=2 last=true low=true old_ops=15019 ops=11155
RANK4_LOWER class=4 original_ops=14189 new_ops=10579 symbolic_rank_gates=108 paired_macros=178 conditional_clean=true
FOLD20_T10_RANK4 j=1 last=true low=true old_ops=14189 ops=10579
RANK4_LOWER class=3 original_ops=57553 new_ops=50067 symbolic_rank_gates=704 paired_macros=770 conditional_clean=true
FOLD20_T10_RANK4 j=3 last=false low=true old_ops=57553 ops=50067
FOLD20_PASSIVE_LOWER old=688 new=1138 macros=8 gathers=0
FOLD20_PASSIVE_LOWER old=260 new=664 macros=6 gathers=0
RANK4_LOWER class=3 original_ops=57257 new_ops=50071 symbolic_rank_gates=704 paired_macros=770 conditional_clean=true
FOLD20_T10_RANK4 j=1 last=false low=true old_ops=57257 ops=50071
FOLD20_PASSIVE_LOWER old=544 new=872 macros=6 gathers=0
FOLD20_PASSIVE_LOWER old=1082 new=6864 macros=22 gathers=0
RANK4_LOWER class=3 original_ops=81697 new_ops=71383 symbolic_rank_gates=896 paired_macros=1000 conditional_clean=true
FOLD20_T10_RANK4 j=0 last=false low=true old_ops=81697 ops=71383
FOLD20_PASSIVE_LOWER old=260 new=664 macros=6 gathers=0
RANK4_LOWER class=3 original_ops=81431 new_ops=71391 symbolic_rank_gates=896 paired_macros=1000 conditional_clean=true
FOLD20_T10_RANK4 j=2 last=false low=true old_ops=81431 ops=71391
FOLD20_PASSIVE_LOWER old=326 new=3110 macros=9 gathers=0
FOLD20_PASSIVE_LOWER old=544 new=872 macros=6 gathers=0
FOLD20_PASSIVE_LOWER old=260 new=664 macros=6 gathers=0
FOLD20_PASSIVE_LOWER old=544 new=872 macros=6 gathers=0
FOLD20_PASSIVE_LOWER old=0 new=0 macros=0 gathers=0
FOLD20_PASSIVE_LOWER old=260 new=664 macros=6 gathers=0
FOLD20_PASSIVE_LOWER old=0 new=0 macros=0 gathers=0
RANK4_LOWER class=4 original_ops=11913 new_ops=9131 symbolic_rank_gates=84 paired_macros=106 conditional_clean=true
FOLD20_T10_RANK4 j=3 last=true low=true old_ops=11913 ops=9131
RANK4_LOWER class=4 original_ops=14309 new_ops=10675 symbolic_rank_gates=108 paired_macros=178 conditional_clean=true
FOLD20_T10_RANK4 j=1 last=true low=true old_ops=14309 ops=10675
RANK4_LOWER class=4 original_ops=15139 new_ops=11251 symbolic_rank_gates=108 paired_macros=178 conditional_clean=true
FOLD20_T10_RANK4 j=2 last=true low=true old_ops=15139 ops=11251
RANK4_LOWER class=4 original_ops=13723 new_ops=10249 symbolic_rank_gates=108 paired_macros=178 conditional_clean=true
FOLD20_T10_RANK4 j=0 last=true low=true old_ops=13723 ops=10249
RANK4_LOWER class=3 original_ops=57505 new_ops=50299 symbolic_rank_gates=704 paired_macros=770 conditional_clean=true
FOLD20_T10_RANK4 j=1 last=false low=true old_ops=57505 ops=50299
RANK4_LOWER class=3 original_ops=57801 new_ops=50295 symbolic_rank_gates=704 paired_macros=770 conditional_clean=true
FOLD20_T10_RANK4 j=3 last=false low=true old_ops=57801 ops=50295
FOLD20_PASSIVE_LOWER old=544 new=872 macros=6 gathers=0
FOLD20_PASSIVE_LOWER old=688 new=1138 macros=8 gathers=0
FOLD20_PASSIVE_LOWER old=260 new=664 macros=6 gathers=0
FOLD20_PASSIVE_LOWER old=260 new=664 macros=6 gathers=0
FOLD20_PASSIVE_LOWER old=326 new=3110 macros=9 gathers=0
RANK4_LOWER class=3 original_ops=81679 new_ops=71619 symbolic_rank_gates=896 paired_macros=1000 conditional_clean=true
FOLD20_T10_RANK4 j=2 last=false low=true old_ops=81679 ops=71619
FOLD20_PASSIVE_LOWER old=1082 new=6864 macros=22 gathers=0
RANK4_LOWER class=3 original_ops=81945 new_ops=71611 symbolic_rank_gates=896 paired_macros=1000 conditional_clean=true
FOLD20_T10_RANK4 j=0 last=false low=true old_ops=81945 ops=71611
FOLD20_PASSIVE_LOWER old=544 new=872 macros=6 gathers=0
FOLD20_PASSIVE_LOWER old=544 new=872 macros=6 gathers=0
FOLD20_PASSIVE_LOWER old=260 new=664 macros=6 gathers=0
FOLD20_PASSIVE_LOWER old=260 new=664 macros=6 gathers=0
FOLD20_PASSIVE_LOWER old=0 new=0 macros=0 gathers=0
FOLD20_PASSIVE_LOWER old=0 new=0 macros=0 gathers=0
RANK4_LOWER class=4 original_ops=12017 new_ops=9219 symbolic_rank_gates=84 paired_macros=106 conditional_clean=true
FOLD20_T10_RANK4 j=3 last=true low=true old_ops=12017 ops=9219
RANK4_LOWER class=4 original_ops=13827 new_ops=10337 symbolic_rank_gates=108 paired_macros=178 conditional_clean=true
FOLD20_T10_RANK4 j=0 last=true low=true old_ops=13827 ops=10337
RANK4_LOWER class=4 original_ops=14413 new_ops=10763 symbolic_rank_gates=108 paired_macros=178 conditional_clean=true
FOLD20_T10_RANK4 j=1 last=true low=true old_ops=14413 ops=10763
RANK4_LOWER class=4 original_ops=15243 new_ops=11339 symbolic_rank_gates=108 paired_macros=178 conditional_clean=true
FOLD20_T10_RANK4 j=2 last=true low=true old_ops=15243 ops=11339
RANK4_LOWER class=3 original_ops=57749 new_ops=50507 symbolic_rank_gates=704 paired_macros=770 conditional_clean=true
FOLD20_T10_RANK4 j=1 last=false low=true old_ops=57749 ops=50507
RANK4_LOWER class=3 original_ops=58045 new_ops=50503 symbolic_rank_gates=704 paired_macros=770 conditional_clean=true
FOLD20_T10_RANK4 j=3 last=false low=true old_ops=58045 ops=50503
FOLD20_PASSIVE_LOWER old=544 new=872 macros=6 gathers=0
FOLD20_PASSIVE_LOWER old=260 new=664 macros=6 gathers=0
RANK4_LOWER class=3 original_ops=82189 new_ops=71819 symbolic_rank_gates=896 paired_macros=1000 conditional_clean=true
FOLD20_T10_RANK4 j=0 last=false low=true old_ops=82189 ops=71819
FOLD20_PASSIVE_LOWER old=688 new=1138 macros=8 gathers=0
FOLD20_PASSIVE_LOWER old=326 new=3110 macros=9 gathers=0
FOLD20_PASSIVE_LOWER old=260 new=664 macros=6 gathers=0
RANK4_LOWER class=3 original_ops=81923 new_ops=71827 symbolic_rank_gates=896 paired_macros=1000 conditional_clean=true
FOLD20_T10_RANK4 j=2 last=false low=true old_ops=81923 ops=71827
FOLD20_PASSIVE_LOWER old=544 new=872 macros=6 gathers=0
FOLD20_PASSIVE_LOWER old=260 new=664 macros=6 gathers=0
FOLD20_PASSIVE_LOWER old=1082 new=6864 macros=22 gathers=0
FOLD20_PASSIVE_LOWER old=544 new=872 macros=6 gathers=0
FOLD20_PASSIVE_LOWER old=0 new=0 macros=0 gathers=0
FOLD20_PASSIVE_LOWER old=260 new=664 macros=6 gathers=0
FOLD20_PASSIVE_LOWER old=0 new=0 macros=0 gathers=0
RANK4_LOWER class=4 original_ops=12181 new_ops=9351 symbolic_rank_gates=84 paired_macros=106 conditional_clean=true
FOLD20_T10_RANK4 j=3 last=true low=true old_ops=12181 ops=9351
RANK4_LOWER class=4 original_ops=13991 new_ops=10469 symbolic_rank_gates=108 paired_macros=178 conditional_clean=true
FOLD20_T10_RANK4 j=0 last=true low=true old_ops=13991 ops=10469
RANK4_LOWER class=4 original_ops=14577 new_ops=10895 symbolic_rank_gates=108 paired_macros=178 conditional_clean=true
FOLD20_T10_RANK4 j=1 last=true low=true old_ops=14577 ops=10895
RANK4_LOWER class=4 original_ops=15407 new_ops=11471 symbolic_rank_gates=108 paired_macros=178 conditional_clean=true
FOLD20_T10_RANK4 j=2 last=true low=true old_ops=15407 ops=11471
RANK4_LOWER class=3 original_ops=57997 new_ops=50727 symbolic_rank_gates=704 paired_macros=770 conditional_clean=true
FOLD20_T10_RANK4 j=1 last=false low=true old_ops=57997 ops=50727
RANK4_LOWER class=3 original_ops=58293 new_ops=50723 symbolic_rank_gates=704 paired_macros=770 conditional_clean=true
FOLD20_T10_RANK4 j=3 last=false low=true old_ops=58293 ops=50723
FOLD20_PASSIVE_LOWER old=544 new=872 macros=6 gathers=0
FOLD20_PASSIVE_LOWER old=260 new=664 macros=6 gathers=0
FOLD20_PASSIVE_LOWER old=688 new=1138 macros=8 gathers=0
FOLD20_PASSIVE_LOWER old=260 new=664 macros=6 gathers=0
FOLD20_PASSIVE_LOWER old=326 new=3110 macros=9 gathers=0
RANK4_LOWER class=3 original_ops=82437 new_ops=72039 symbolic_rank_gates=896 paired_macros=1000 conditional_clean=true
FOLD20_PASSIVE_LOWER old=1082 new=6864 macros=22 gathers=0
FOLD20_T10_RANK4 j=0 last=false low=true old_ops=82437 ops=72039
RANK4_LOWER class=3 original_ops=82171 new_ops=72047 symbolic_rank_gates=896 paired_macros=1000 conditional_clean=true
FOLD20_T10_RANK4 j=2 last=false low=true old_ops=82171 ops=72047
FOLD20_PASSIVE_LOWER old=544 new=872 macros=6 gathers=0
FOLD20_PASSIVE_LOWER old=544 new=872 macros=6 gathers=0
FOLD20_PASSIVE_LOWER old=260 new=664 macros=6 gathers=0
FOLD20_PASSIVE_LOWER old=260 new=664 macros=6 gathers=0
FOLD20_PASSIVE_LOWER old=0 new=0 macros=0 gathers=0
FOLD20_PASSIVE_LOWER old=0 new=0 macros=0 gathers=0
RANK4_LOWER class=4 original_ops=12285 new_ops=9439 symbolic_rank_gates=84 paired_macros=106 conditional_clean=true
FOLD20_T10_RANK4 j=3 last=true low=true old_ops=12285 ops=9439
RANK4_LOWER class=4 original_ops=14681 new_ops=10983 symbolic_rank_gates=108 paired_macros=178 conditional_clean=true
FOLD20_T10_RANK4 j=1 last=true low=true old_ops=14681 ops=10983
RANK4_LOWER class=4 original_ops=14095 new_ops=10557 symbolic_rank_gates=108 paired_macros=178 conditional_clean=true
RANK4_LOWER class=4 original_ops=15511 new_ops=11559 symbolic_rank_gates=108 paired_macros=178 conditional_clean=true
FOLD20_T10_RANK4 j=0 last=true low=true old_ops=14095 ops=10557
FOLD20_T10_RANK4 j=2 last=true low=true old_ops=15511 ops=11559
RANK4_LOWER class=3 original_ops=58545 new_ops=50931 symbolic_rank_gates=704 paired_macros=770 conditional_clean=true
RANK4_LOWER class=3 original_ops=58249 new_ops=50935 symbolic_rank_gates=704 paired_macros=770 conditional_clean=true
FOLD20_T10_RANK4 j=3 last=false low=true old_ops=58545 ops=50931
FOLD20_T10_RANK4 j=1 last=false low=true old_ops=58249 ops=50935
RANK4_LOWER class=3 original_ops=82423 new_ops=72255 symbolic_rank_gates=896 paired_macros=1000 conditional_clean=true
FOLD20_T10_RANK4 j=2 last=false low=true old_ops=82423 ops=72255
FOLD20_PASSIVE_LOWER old=544 new=872 macros=6 gathers=0
FOLD20_PASSIVE_LOWER old=688 new=1138 macros=8 gathers=0
RANK4_LOWER class=3 original_ops=82689 new_ops=72247 symbolic_rank_gates=896 paired_macros=1000 conditional_clean=true
FOLD20_T10_RANK4 j=0 last=false low=true old_ops=82689 ops=72247
FOLD20_PASSIVE_LOWER old=260 new=664 macros=6 gathers=0
FOLD20_PASSIVE_LOWER old=260 new=664 macros=6 gathers=0
FOLD20_PASSIVE_LOWER old=544 new=872 macros=6 gathers=0
FOLD20_PASSIVE_LOWER old=260 new=664 macros=6 gathers=0
FOLD20_PASSIVE_LOWER old=544 new=872 macros=6 gathers=0
FOLD20_PASSIVE_LOWER old=326 new=3110 macros=9 gathers=0
FOLD20_PASSIVE_LOWER old=0 new=0 macros=0 gathers=0
FOLD20_PASSIVE_LOWER old=260 new=664 macros=6 gathers=0
FOLD20_PASSIVE_LOWER old=0 new=0 macros=0 gathers=0
FOLD20_PASSIVE_LOWER old=1082 new=6864 macros=22 gathers=0
RANK4_LOWER class=4 original_ops=12405 new_ops=9535 symbolic_rank_gates=84 paired_macros=106 conditional_clean=true
FOLD20_T10_RANK4 j=3 last=true low=true old_ops=12405 ops=9535
RANK4_LOWER class=4 original_ops=14215 new_ops=10653 symbolic_rank_gates=108 paired_macros=178 conditional_clean=true
FOLD20_T10_RANK4 j=0 last=true low=true old_ops=14215 ops=10653
RANK4_LOWER class=4 original_ops=14801 new_ops=11079 symbolic_rank_gates=108 paired_macros=178 conditional_clean=true
FOLD20_T10_RANK4 j=1 last=true low=true old_ops=14801 ops=11079
RANK4_LOWER class=4 original_ops=15631 new_ops=11655 symbolic_rank_gates=108 paired_macros=178 conditional_clean=true
FOLD20_T10_RANK4 j=2 last=true low=true old_ops=15631 ops=11655
RANK4_LOWER class=3 original_ops=58793 new_ops=51143 symbolic_rank_gates=704 paired_macros=770 conditional_clean=true
FOLD20_T10_RANK4 j=3 last=false low=true old_ops=58793 ops=51143
RANK4_LOWER class=3 original_ops=58497 new_ops=51147 symbolic_rank_gates=704 paired_macros=770 conditional_clean=true
FOLD20_T10_RANK4 j=1 last=false low=true old_ops=58497 ops=51147
FOLD20_PASSIVE_LOWER old=688 new=1138 macros=8 gathers=0
FOLD20_PASSIVE_LOWER old=260 new=664 macros=6 gathers=0
FOLD20_PASSIVE_LOWER old=544 new=872 macros=6 gathers=0
FOLD20_PASSIVE_LOWER old=260 new=664 macros=6 gathers=0
RANK4_LOWER class=3 original_ops=82937 new_ops=72459 symbolic_rank_gates=896 paired_macros=1000 conditional_clean=true
FOLD20_T10_RANK4 j=0 last=false low=true old_ops=82937 ops=72459
RANK4_LOWER class=3 original_ops=82671 new_ops=72467 symbolic_rank_gates=896 paired_macros=1000 conditional_clean=true
FOLD20_T10_RANK4 j=2 last=false low=true old_ops=82671 ops=72467
FOLD20_PASSIVE_LOWER old=1082 new=6864 macros=22 gathers=0
FOLD20_PASSIVE_LOWER old=326 new=3110 macros=9 gathers=0
FOLD20_PASSIVE_LOWER old=544 new=872 macros=6 gathers=0
FOLD20_PASSIVE_LOWER old=544 new=872 macros=6 gathers=0
FOLD20_PASSIVE_LOWER old=260 new=664 macros=6 gathers=0
FOLD20_PASSIVE_LOWER old=260 new=664 macros=6 gathers=0
FOLD20_PASSIVE_LOWER old=0 new=0 macros=0 gathers=0
FOLD20_PASSIVE_LOWER old=0 new=0 macros=0 gathers=0
RANK4_LOWER class=4 original_ops=12509 new_ops=9623 symbolic_rank_gates=84 paired_macros=106 conditional_clean=true
FOLD20_T10_RANK4 j=3 last=true low=true old_ops=12509 ops=9623
RANK4_LOWER class=4 original_ops=14319 new_ops=10741 symbolic_rank_gates=108 paired_macros=178 conditional_clean=true
FOLD20_T10_RANK4 j=0 last=true low=true old_ops=14319 ops=10741
RANK4_LOWER class=4 original_ops=14905 new_ops=11167 symbolic_rank_gates=108 paired_macros=178 conditional_clean=true
FOLD20_T10_RANK4 j=1 last=true low=true old_ops=14905 ops=11167
RANK4_LOWER class=4 original_ops=15735 new_ops=11743 symbolic_rank_gates=108 paired_macros=178 conditional_clean=true
FOLD20_T10_RANK4 j=2 last=true low=true old_ops=15735 ops=11743
RANK4_LOWER class=3 original_ops=59037 new_ops=51351 symbolic_rank_gates=704 paired_macros=770 conditional_clean=true
FOLD20_T10_RANK4 j=3 last=false low=true old_ops=59037 ops=51351
RANK4_LOWER class=3 original_ops=58741 new_ops=51355 symbolic_rank_gates=704 paired_macros=770 conditional_clean=true
FOLD20_T10_RANK4 j=1 last=false low=true old_ops=58741 ops=51355
FOLD20_PASSIVE_LOWER old=688 new=1138 macros=8 gathers=0
FOLD20_PASSIVE_LOWER old=260 new=664 macros=6 gathers=0
FOLD20_PASSIVE_LOWER old=544 new=872 macros=6 gathers=0
FOLD20_PASSIVE_LOWER old=260 new=664 macros=6 gathers=0
RANK4_LOWER class=3 original_ops=83181 new_ops=72667 symbolic_rank_gates=896 paired_macros=1000 conditional_clean=true
FOLD20_T10_RANK4 j=0 last=false low=true old_ops=83181 ops=72667
FOLD20_PASSIVE_LOWER old=1082 new=6864 macros=22 gathers=0
RANK4_LOWER class=3 original_ops=82915 new_ops=72675 symbolic_rank_gates=896 paired_macros=1000 conditional_clean=true
FOLD20_T10_RANK4 j=2 last=false low=true old_ops=82915 ops=72675
FOLD20_PASSIVE_LOWER old=326 new=3110 macros=9 gathers=0
FOLD20_PASSIVE_LOWER old=544 new=872 macros=6 gathers=0
FOLD20_PASSIVE_LOWER old=260 new=664 macros=6 gathers=0
FOLD20_PASSIVE_LOWER old=544 new=872 macros=6 gathers=0
FOLD20_PASSIVE_LOWER old=0 new=0 macros=0 gathers=0
FOLD20_PASSIVE_LOWER old=260 new=664 macros=6 gathers=0
FOLD20_PASSIVE_LOWER old=0 new=0 macros=0 gathers=0
RANK4_LOWER class=4 original_ops=12669 new_ops=9751 symbolic_rank_gates=84 paired_macros=106 conditional_clean=true
FOLD20_T10_RANK4 j=3 last=true low=true old_ops=12669 ops=9751
RANK4_LOWER class=4 original_ops=14479 new_ops=10869 symbolic_rank_gates=108 paired_macros=178 conditional_clean=true
FOLD20_T10_RANK4 j=0 last=true low=true old_ops=14479 ops=10869
RANK4_LOWER class=4 original_ops=15065 new_ops=11295 symbolic_rank_gates=108 paired_macros=178 conditional_clean=true
FOLD20_T10_RANK4 j=1 last=true low=true old_ops=15065 ops=11295
RANK4_LOWER class=4 original_ops=15895 new_ops=11871 symbolic_rank_gates=108 paired_macros=178 conditional_clean=true
FOLD20_T10_RANK4 j=2 last=true low=true old_ops=15895 ops=11871
RANK4_LOWER class=3 original_ops=59281 new_ops=51567 symbolic_rank_gates=704 paired_macros=770 conditional_clean=true
FOLD20_T10_RANK4 j=3 last=false low=true old_ops=59281 ops=51567
RANK4_LOWER class=3 original_ops=58985 new_ops=51571 symbolic_rank_gates=704 paired_macros=770 conditional_clean=true
FOLD20_T10_RANK4 j=1 last=false low=true old_ops=58985 ops=51571
FOLD20_PASSIVE_LOWER old=688 new=1138 macros=8 gathers=0
FOLD20_PASSIVE_LOWER old=260 new=664 macros=6 gathers=0
FOLD20_PASSIVE_LOWER old=544 new=872 macros=6 gathers=0
FOLD20_PASSIVE_LOWER old=260 new=664 macros=6 gathers=0
FOLD20_PASSIVE_LOWER old=1082 new=6864 macros=22 gathers=0
FOLD20_PASSIVE_LOWER old=326 new=3110 macros=9 gathers=0
RANK4_LOWER class=3 original_ops=83425 new_ops=72883 symbolic_rank_gates=896 paired_macros=1000 conditional_clean=true
FOLD20_T10_RANK4 j=0 last=false low=true old_ops=83425 ops=72883
RANK4_LOWER class=3 original_ops=83159 new_ops=72891 symbolic_rank_gates=896 paired_macros=1000 conditional_clean=true
FOLD20_T10_RANK4 j=2 last=false low=true old_ops=83159 ops=72891
FOLD20_PASSIVE_LOWER old=544 new=872 macros=6 gathers=0
FOLD20_PASSIVE_LOWER old=544 new=872 macros=6 gathers=0
FOLD20_PASSIVE_LOWER old=260 new=664 macros=6 gathers=0
FOLD20_PASSIVE_LOWER old=260 new=664 macros=6 gathers=0
FOLD20_PASSIVE_LOWER old=0 new=0 macros=0 gathers=0
FOLD20_PASSIVE_LOWER old=0 new=0 macros=0 gathers=0
RANK4_LOWER class=4 original_ops=12773 new_ops=9839 symbolic_rank_gates=84 paired_macros=106 conditional_clean=true
FOLD20_T10_RANK4 j=3 last=true low=true old_ops=12773 ops=9839
RANK4_LOWER class=4 original_ops=15169 new_ops=11383 symbolic_rank_gates=108 paired_macros=178 conditional_clean=true
FOLD20_T10_RANK4 j=1 last=true low=true old_ops=15169 ops=11383
RANK4_LOWER class=4 original_ops=14583 new_ops=10957 symbolic_rank_gates=108 paired_macros=178 conditional_clean=true
FOLD20_T10_RANK4 j=0 last=true low=true old_ops=14583 ops=10957
RANK4_LOWER class=4 original_ops=15999 new_ops=11959 symbolic_rank_gates=108 paired_macros=178 conditional_clean=true
FOLD20_T10_RANK4 j=2 last=true low=true old_ops=15999 ops=11959
RANK4_LOWER class=3 original_ops=59525 new_ops=51775 symbolic_rank_gates=704 paired_macros=770 conditional_clean=true
FOLD20_T10_RANK4 j=3 last=false low=true old_ops=59525 ops=51775
RANK4_LOWER class=3 original_ops=59229 new_ops=51779 symbolic_rank_gates=704 paired_macros=770 conditional_clean=true
FOLD20_T10_RANK4 j=1 last=false low=true old_ops=59229 ops=51779
FOLD20_PASSIVE_LOWER old=688 new=1138 macros=8 gathers=0
FOLD20_PASSIVE_LOWER old=544 new=872 macros=6 gathers=0
FOLD20_PASSIVE_LOWER old=260 new=664 macros=6 gathers=0
FOLD20_PASSIVE_LOWER old=260 new=664 macros=6 gathers=0
FOLD20_PASSIVE_LOWER old=326 new=3110 macros=9 gathers=0
FOLD20_PASSIVE_LOWER old=1082 new=6864 macros=22 gathers=0
RANK4_LOWER class=3 original_ops=83669 new_ops=73091 symbolic_rank_gates=896 paired_macros=1000 conditional_clean=true
FOLD20_T10_RANK4 j=0 last=false low=true old_ops=83669 ops=73091
RANK4_LOWER class=3 original_ops=83403 new_ops=73099 symbolic_rank_gates=896 paired_macros=1000 conditional_clean=true
FOLD20_T10_RANK4 j=2 last=false low=true old_ops=83403 ops=73099
FOLD20_PASSIVE_LOWER old=544 new=872 macros=6 gathers=0
FOLD20_PASSIVE_LOWER old=260 new=664 macros=6 gathers=0
FOLD20_PASSIVE_LOWER old=0 new=0 macros=0 gathers=0
FOLD20_PASSIVE_LOWER old=544 new=872 macros=6 gathers=0
FOLD20_PASSIVE_LOWER old=260 new=664 macros=6 gathers=0
FOLD20_PASSIVE_LOWER old=0 new=0 macros=0 gathers=0
RANK4_LOWER class=4 original_ops=12893 new_ops=9935 symbolic_rank_gates=84 paired_macros=106 conditional_clean=true
FOLD20_T10_RANK4 j=3 last=true low=true old_ops=12893 ops=9935
RANK4_LOWER class=4 original_ops=14703 new_ops=11053 symbolic_rank_gates=108 paired_macros=178 conditional_clean=true
FOLD20_T10_RANK4 j=0 last=true low=true old_ops=14703 ops=11053
RANK4_LOWER class=4 original_ops=15289 new_ops=11479 symbolic_rank_gates=108 paired_macros=178 conditional_clean=true
RANK4_LOWER class=4 original_ops=16119 new_ops=12055 symbolic_rank_gates=108 paired_macros=178 conditional_clean=true
FOLD20_T10_RANK4 j=1 last=true low=true old_ops=15289 ops=11479
FOLD20_T10_RANK4 j=2 last=true low=true old_ops=16119 ops=12055
RANK4_LOWER class=3 original_ops=59765 new_ops=51987 symbolic_rank_gates=704 paired_macros=770 conditional_clean=true
FOLD20_T10_RANK4 j=3 last=false low=true old_ops=59765 ops=51987
RANK4_LOWER class=3 original_ops=59469 new_ops=51991 symbolic_rank_gates=704 paired_macros=770 conditional_clean=true
FOLD20_T10_RANK4 j=1 last=false low=true old_ops=59469 ops=51991
FOLD20_PASSIVE_LOWER old=688 new=1138 macros=8 gathers=0
FOLD20_PASSIVE_LOWER old=260 new=664 macros=6 gathers=0
RANK4_LOWER class=3 original_ops=83909 new_ops=73303 symbolic_rank_gates=896 paired_macros=1000 conditional_clean=true
FOLD20_T10_RANK4 j=0 last=false low=true old_ops=83909 ops=73303
FOLD20_PASSIVE_LOWER old=544 new=872 macros=6 gathers=0
RANK4_LOWER class=3 original_ops=83643 new_ops=73311 symbolic_rank_gates=896 paired_macros=1000 conditional_clean=true
FOLD20_T10_RANK4 j=2 last=false low=true old_ops=83643 ops=73311
FOLD20_PASSIVE_LOWER old=260 new=664 macros=6 gathers=0
FOLD20_PASSIVE_LOWER old=1082 new=6864 macros=22 gathers=0
FOLD20_PASSIVE_LOWER old=544 new=872 macros=6 gathers=0
FOLD20_PASSIVE_LOWER old=326 new=3110 macros=9 gathers=0
FOLD20_PASSIVE_LOWER old=544 new=872 macros=6 gathers=0
FOLD20_PASSIVE_LOWER old=260 new=664 macros=6 gathers=0
FOLD20_PASSIVE_LOWER old=260 new=664 macros=6 gathers=0
FOLD20_PASSIVE_LOWER old=0 new=0 macros=0 gathers=0
FOLD20_PASSIVE_LOWER old=0 new=0 macros=0 gathers=0
RANK4_LOWER class=4 original_ops=12997 new_ops=10023 symbolic_rank_gates=84 paired_macros=106 conditional_clean=true
FOLD20_T10_RANK4 j=3 last=true low=true old_ops=12997 ops=10023
RANK4_LOWER class=4 original_ops=14807 new_ops=11141 symbolic_rank_gates=108 paired_macros=178 conditional_clean=true
FOLD20_T10_RANK4 j=0 last=true low=true old_ops=14807 ops=11141
RANK4_LOWER class=4 original_ops=15393 new_ops=11567 symbolic_rank_gates=108 paired_macros=178 conditional_clean=true
FOLD20_T10_RANK4 j=1 last=true low=true old_ops=15393 ops=11567
RANK4_LOWER class=4 original_ops=16223 new_ops=12143 symbolic_rank_gates=108 paired_macros=178 conditional_clean=true
FOLD20_T10_RANK4 j=2 last=true low=true old_ops=16223 ops=12143
RANK4_LOWER class=3 original_ops=60001 new_ops=52195 symbolic_rank_gates=704 paired_macros=770 conditional_clean=true
FOLD20_T10_RANK4 j=3 last=false low=true old_ops=60001 ops=52195
FOLD20_PASSIVE_LOWER old=688 new=1138 macros=8 gathers=0
RANK4_LOWER class=3 original_ops=59705 new_ops=52199 symbolic_rank_gates=704 paired_macros=770 conditional_clean=true
FOLD20_T10_RANK4 j=1 last=false low=true old_ops=59705 ops=52199
FOLD20_PASSIVE_LOWER old=260 new=664 macros=6 gathers=0
FOLD20_PASSIVE_LOWER old=544 new=872 macros=6 gathers=0
FOLD20_PASSIVE_LOWER old=1082 new=6864 macros=22 gathers=0
FOLD20_PASSIVE_LOWER old=260 new=664 macros=6 gathers=0
RANK4_LOWER class=3 original_ops=84145 new_ops=73511 symbolic_rank_gates=896 paired_macros=1000 conditional_clean=true
RANK4_LOWER class=3 original_ops=83879 new_ops=73519 symbolic_rank_gates=896 paired_macros=1000 conditional_clean=true
FOLD20_T10_RANK4 j=0 last=false low=true old_ops=84145 ops=73511
FOLD20_T10_RANK4 j=2 last=false low=true old_ops=83879 ops=73519
FOLD20_PASSIVE_LOWER old=326 new=3110 macros=9 gathers=0
FOLD20_PASSIVE_LOWER old=544 new=872 macros=6 gathers=0
FOLD20_PASSIVE_LOWER old=544 new=872 macros=6 gathers=0
FOLD20_PASSIVE_LOWER old=260 new=664 macros=6 gathers=0
FOLD20_PASSIVE_LOWER old=260 new=664 macros=6 gathers=0
FOLD20_PASSIVE_LOWER old=0 new=0 macros=0 gathers=0
FOLD20_PASSIVE_LOWER old=0 new=0 macros=0 gathers=0
RANK4_LOWER class=4 original_ops=13289 new_ops=10177 symbolic_rank_gates=84 paired_macros=116 conditional_clean=true
FOLD20_T10_RANK4 j=3 last=true low=true old_ops=13289 ops=10177
RANK4_LOWER class=4 original_ops=15099 new_ops=11295 symbolic_rank_gates=108 paired_macros=188 conditional_clean=true
FOLD20_T10_RANK4 j=0 last=true low=true old_ops=15099 ops=11295
RANK4_LOWER class=4 original_ops=15685 new_ops=11721 symbolic_rank_gates=108 paired_macros=188 conditional_clean=true
FOLD20_T10_RANK4 j=1 last=true low=true old_ops=15685 ops=11721
RANK4_LOWER class=4 original_ops=16515 new_ops=12297 symbolic_rank_gates=108 paired_macros=188 conditional_clean=true
FOLD20_T10_RANK4 j=2 last=true low=true old_ops=16515 ops=12297
RANK4_LOWER class=3 original_ops=60357 new_ops=52417 symbolic_rank_gates=704 paired_macros=780 conditional_clean=true
FOLD20_T10_RANK4 j=3 last=false low=true old_ops=60357 ops=52417
FOLD20_PASSIVE_LOWER old=688 new=1138 macros=8 gathers=0
FOLD20_PASSIVE_LOWER old=260 new=664 macros=6 gathers=0
RANK4_LOWER class=3 original_ops=60061 new_ops=52421 symbolic_rank_gates=704 paired_macros=780 conditional_clean=true
FOLD20_T10_RANK4 j=1 last=false low=true old_ops=60061 ops=52421
FOLD20_PASSIVE_LOWER old=1082 new=6864 macros=22 gathers=0
RANK4_LOWER class=3 original_ops=84501 new_ops=73733 symbolic_rank_gates=896 paired_macros=1010 conditional_clean=true
FOLD20_T10_RANK4 j=0 last=false low=true old_ops=84501 ops=73733
FOLD20_PASSIVE_LOWER old=544 new=872 macros=6 gathers=0
FOLD20_PASSIVE_LOWER old=260 new=664 macros=6 gathers=0
RANK4_LOWER class=3 original_ops=84235 new_ops=73741 symbolic_rank_gates=896 paired_macros=1010 conditional_clean=true
FOLD20_T10_RANK4 j=2 last=false low=true old_ops=84235 ops=73741
FOLD20_PASSIVE_LOWER old=544 new=872 macros=6 gathers=0
FOLD20_PASSIVE_LOWER old=326 new=3110 macros=9 gathers=0
FOLD20_PASSIVE_LOWER old=260 new=664 macros=6 gathers=0
FOLD20_PASSIVE_LOWER old=544 new=872 macros=6 gathers=0
FOLD20_PASSIVE_LOWER old=0 new=0 macros=0 gathers=0
FOLD20_PASSIVE_LOWER old=260 new=664 macros=6 gathers=0
FOLD20_PASSIVE_LOWER old=0 new=0 macros=0 gathers=0
RANK4_LOWER class=4 original_ops=13397 new_ops=10269 symbolic_rank_gates=84 paired_macros=116 conditional_clean=true
FOLD20_T10_RANK4 j=3 last=true low=true old_ops=13397 ops=10269
RANK4_LOWER class=4 original_ops=15207 new_ops=11387 symbolic_rank_gates=108 paired_macros=188 conditional_clean=true
FOLD20_T10_RANK4 j=0 last=true low=true old_ops=15207 ops=11387
RANK4_LOWER class=4 original_ops=15793 new_ops=11813 symbolic_rank_gates=108 paired_macros=188 conditional_clean=true
FOLD20_T10_RANK4 j=1 last=true low=true old_ops=15793 ops=11813
RANK4_LOWER class=4 original_ops=16623 new_ops=12389 symbolic_rank_gates=108 paired_macros=188 conditional_clean=true
FOLD20_T10_RANK4 j=2 last=true low=true old_ops=16623 ops=12389
RANK4_LOWER class=3 original_ops=60565 new_ops=52589 symbolic_rank_gates=704 paired_macros=780 conditional_clean=true
FOLD20_T10_RANK4 j=3 last=false low=true old_ops=60565 ops=52589
RANK4_LOWER class=3 original_ops=60269 new_ops=52593 symbolic_rank_gates=704 paired_macros=780 conditional_clean=true
FOLD20_T10_RANK4 j=1 last=false low=true old_ops=60269 ops=52593
FOLD20_PASSIVE_LOWER old=688 new=1138 macros=8 gathers=0
FOLD20_PASSIVE_LOWER old=260 new=664 macros=6 gathers=0
FOLD20_PASSIVE_LOWER old=544 new=872 macros=6 gathers=0
FOLD20_PASSIVE_LOWER old=260 new=664 macros=6 gathers=0
RANK4_LOWER class=3 original_ops=84709 new_ops=73905 symbolic_rank_gates=896 paired_macros=1010 conditional_clean=true
FOLD20_T10_RANK4 j=0 last=false low=true old_ops=84709 ops=73905
FOLD20_PASSIVE_LOWER old=326 new=3110 macros=9 gathers=0
RANK4_LOWER class=3 original_ops=84443 new_ops=73913 symbolic_rank_gates=896 paired_macros=1010 conditional_clean=true
FOLD20_T10_RANK4 j=2 last=false low=true old_ops=84443 ops=73913
FOLD20_PASSIVE_LOWER old=1082 new=6864 macros=22 gathers=0
FOLD20_PASSIVE_LOWER old=544 new=872 macros=6 gathers=0
FOLD20_PASSIVE_LOWER old=544 new=872 macros=6 gathers=0
FOLD20_PASSIVE_LOWER old=260 new=664 macros=6 gathers=0
FOLD20_PASSIVE_LOWER old=260 new=664 macros=6 gathers=0
FOLD20_PASSIVE_LOWER old=0 new=0 macros=0 gathers=0
FOLD20_PASSIVE_LOWER old=0 new=0 macros=0 gathers=0
RANK4_LOWER class=4 original_ops=13517 new_ops=10365 symbolic_rank_gates=84 paired_macros=116 conditional_clean=true
FOLD20_T10_RANK4 j=3 last=true low=true old_ops=13517 ops=10365
RANK4_LOWER class=4 original_ops=15327 new_ops=11483 symbolic_rank_gates=108 paired_macros=188 conditional_clean=true
FOLD20_T10_RANK4 j=0 last=true low=true old_ops=15327 ops=11483
RANK4_LOWER class=4 original_ops=15913 new_ops=11909 symbolic_rank_gates=108 paired_macros=188 conditional_clean=true
FOLD20_T10_RANK4 j=1 last=true low=true old_ops=15913 ops=11909
RANK4_LOWER class=4 original_ops=16743 new_ops=12485 symbolic_rank_gates=108 paired_macros=188 conditional_clean=true
FOLD20_T10_RANK4 j=2 last=true low=true old_ops=16743 ops=12485
RANK4_LOWER class=3 original_ops=60757 new_ops=52753 symbolic_rank_gates=704 paired_macros=780 conditional_clean=true
FOLD20_T10_RANK4 j=3 last=false low=true old_ops=60757 ops=52753
RANK4_LOWER class=3 original_ops=60461 new_ops=52757 symbolic_rank_gates=704 paired_macros=780 conditional_clean=true
FOLD20_T10_RANK4 j=1 last=false low=true old_ops=60461 ops=52757
FOLD20_PASSIVE_LOWER old=688 new=1138 macros=8 gathers=0
FOLD20_PASSIVE_LOWER old=260 new=664 macros=6 gathers=0
FOLD20_PASSIVE_LOWER old=544 new=872 macros=6 gathers=0
FOLD20_PASSIVE_LOWER old=260 new=664 macros=6 gathers=0
RANK4_LOWER class=3 original_ops=84901 new_ops=74069 symbolic_rank_gates=896 paired_macros=1010 conditional_clean=true
FOLD20_T10_RANK4 j=0 last=false low=true old_ops=84901 ops=74069
FOLD20_PASSIVE_LOWER old=326 new=3110 macros=9 gathers=0
FOLD20_PASSIVE_LOWER old=1082 new=6864 macros=22 gathers=0
FOLD20_PASSIVE_LOWER old=544 new=872 macros=6 gathers=0
RANK4_LOWER class=3 original_ops=84635 new_ops=74077 symbolic_rank_gates=896 paired_macros=1010 conditional_clean=true
FOLD20_T10_RANK4 j=2 last=false low=true old_ops=84635 ops=74077
FOLD20_PASSIVE_LOWER old=260 new=664 macros=6 gathers=0
FOLD20_PASSIVE_LOWER old=0 new=0 macros=0 gathers=0
FOLD20_PASSIVE_LOWER old=544 new=872 macros=6 gathers=0
FOLD20_PASSIVE_LOWER old=260 new=664 macros=6 gathers=0
FOLD20_PASSIVE_LOWER old=0 new=0 macros=0 gathers=0
RANK4_LOWER class=4 original_ops=13625 new_ops=10457 symbolic_rank_gates=84 paired_macros=116 conditional_clean=true
FOLD20_T10_RANK4 j=3 last=true low=true old_ops=13625 ops=10457
RANK4_LOWER class=4 original_ops=15435 new_ops=11575 symbolic_rank_gates=108 paired_macros=188 conditional_clean=true
FOLD20_T10_RANK4 j=0 last=true low=true old_ops=15435 ops=11575
RANK4_LOWER class=4 original_ops=16851 new_ops=12577 symbolic_rank_gates=108 paired_macros=188 conditional_clean=true
FOLD20_T10_RANK4 j=2 last=true low=true old_ops=16851 ops=12577
RANK4_LOWER class=4 original_ops=16021 new_ops=12001 symbolic_rank_gates=108 paired_macros=188 conditional_clean=true
FOLD20_T10_RANK4 j=1 last=true low=true old_ops=16021 ops=12001
RANK4_LOWER class=3 original_ops=61029 new_ops=52973 symbolic_rank_gates=704 paired_macros=780 conditional_clean=true
FOLD20_T10_RANK4 j=3 last=false low=true old_ops=61029 ops=52973
RANK4_LOWER class=3 original_ops=60733 new_ops=52977 symbolic_rank_gates=704 paired_macros=780 conditional_clean=true
FOLD20_T10_RANK4 j=1 last=false low=true old_ops=60733 ops=52977
FOLD20_PASSIVE_LOWER old=688 new=1138 macros=8 gathers=0
FOLD20_PASSIVE_LOWER old=260 new=664 macros=6 gathers=0
FOLD20_PASSIVE_LOWER old=544 new=872 macros=6 gathers=0
FOLD20_PASSIVE_LOWER old=260 new=664 macros=6 gathers=0
RANK4_LOWER class=3 original_ops=85173 new_ops=74289 symbolic_rank_gates=896 paired_macros=1010 conditional_clean=true
FOLD20_T10_RANK4 j=0 last=false low=true old_ops=85173 ops=74289
RANK4_LOWER class=3 original_ops=84907 new_ops=74297 symbolic_rank_gates=896 paired_macros=1010 conditional_clean=true
FOLD20_T10_RANK4 j=2 last=false low=true old_ops=84907 ops=74297
FOLD20_PASSIVE_LOWER old=1082 new=6864 macros=22 gathers=0
FOLD20_PASSIVE_LOWER old=326 new=3110 macros=9 gathers=0
FOLD20_PASSIVE_LOWER old=544 new=872 macros=6 gathers=0
FOLD20_PASSIVE_LOWER old=544 new=872 macros=6 gathers=0
FOLD20_PASSIVE_LOWER old=260 new=664 macros=6 gathers=0
FOLD20_PASSIVE_LOWER old=260 new=664 macros=6 gathers=0
FOLD20_PASSIVE_LOWER old=0 new=0 macros=0 gathers=0
FOLD20_PASSIVE_LOWER old=0 new=0 macros=0 gathers=0
RANK4_LOWER class=4 original_ops=13761 new_ops=10561 symbolic_rank_gates=84 paired_macros=116 conditional_clean=true
FOLD20_T10_RANK4 j=3 last=true low=true old_ops=13761 ops=10561
RANK4_LOWER class=4 original_ops=15571 new_ops=11679 symbolic_rank_gates=108 paired_macros=188 conditional_clean=true
FOLD20_T10_RANK4 j=0 last=true low=true old_ops=15571 ops=11679
RANK4_LOWER class=4 original_ops=16157 new_ops=12105 symbolic_rank_gates=108 paired_macros=188 conditional_clean=true
FOLD20_T10_RANK4 j=1 last=true low=true old_ops=16157 ops=12105
RANK4_LOWER class=4 original_ops=16987 new_ops=12681 symbolic_rank_gates=108 paired_macros=188 conditional_clean=true
FOLD20_T10_RANK4 j=2 last=true low=true old_ops=16987 ops=12681
RANK4_LOWER class=3 original_ops=61241 new_ops=53157 symbolic_rank_gates=704 paired_macros=780 conditional_clean=true
FOLD20_T10_RANK4 j=3 last=false low=true old_ops=61241 ops=53157
RANK4_LOWER class=3 original_ops=60945 new_ops=53161 symbolic_rank_gates=704 paired_macros=780 conditional_clean=true
FOLD20_T10_RANK4 j=1 last=false low=true old_ops=60945 ops=53161
FOLD20_PASSIVE_LOWER old=688 new=1138 macros=8 gathers=0
FOLD20_PASSIVE_LOWER old=260 new=664 macros=6 gathers=0
RANK4_LOWER class=3 original_ops=85385 new_ops=74473 symbolic_rank_gates=896 paired_macros=1010 conditional_clean=true
FOLD20_T10_RANK4 j=0 last=false low=true old_ops=85385 ops=74473
FOLD20_PASSIVE_LOWER old=544 new=872 macros=6 gathers=0
FOLD20_PASSIVE_LOWER old=260 new=664 macros=6 gathers=0
FOLD20_PASSIVE_LOWER old=1082 new=6864 macros=22 gathers=0
RANK4_LOWER class=3 original_ops=85119 new_ops=74481 symbolic_rank_gates=896 paired_macros=1010 conditional_clean=true
FOLD20_T10_RANK4 j=2 last=false low=true old_ops=85119 ops=74481
FOLD20_PASSIVE_LOWER old=544 new=872 macros=6 gathers=0
FOLD20_PASSIVE_LOWER old=260 new=664 macros=6 gathers=0
FOLD20_PASSIVE_LOWER old=326 new=3110 macros=9 gathers=0
FOLD20_PASSIVE_LOWER old=0 new=0 macros=0 gathers=0
FOLD20_PASSIVE_LOWER old=544 new=872 macros=6 gathers=0
FOLD20_PASSIVE_LOWER old=260 new=664 macros=6 gathers=0
FOLD20_PASSIVE_LOWER old=0 new=0 macros=0 gathers=0
RANK4_LOWER class=4 original_ops=13865 new_ops=10649 symbolic_rank_gates=84 paired_macros=116 conditional_clean=true
FOLD20_T10_RANK4 j=3 last=true low=true old_ops=13865 ops=10649
RANK4_LOWER class=4 original_ops=15675 new_ops=11767 symbolic_rank_gates=108 paired_macros=188 conditional_clean=true
FOLD20_T10_RANK4 j=0 last=true low=true old_ops=15675 ops=11767
RANK4_LOWER class=4 original_ops=16261 new_ops=12193 symbolic_rank_gates=108 paired_macros=188 conditional_clean=true
FOLD20_T10_RANK4 j=1 last=true low=true old_ops=16261 ops=12193
RANK4_LOWER class=4 original_ops=17091 new_ops=12769 symbolic_rank_gates=108 paired_macros=188 conditional_clean=true
FOLD20_T10_RANK4 j=2 last=true low=true old_ops=17091 ops=12769
RANK4_LOWER class=3 original_ops=61453 new_ops=53333 symbolic_rank_gates=704 paired_macros=780 conditional_clean=true
FOLD20_T10_RANK4 j=3 last=false low=true old_ops=61453 ops=53333
FOLD20_PASSIVE_LOWER old=688 new=1138 macros=8 gathers=0
RANK4_LOWER class=3 original_ops=61157 new_ops=53337 symbolic_rank_gates=704 paired_macros=780 conditional_clean=true
FOLD20_T10_RANK4 j=1 last=false low=true old_ops=61157 ops=53337
FOLD20_PASSIVE_LOWER old=260 new=664 macros=6 gathers=0
FOLD20_PASSIVE_LOWER old=544 new=872 macros=6 gathers=0
FOLD20_PASSIVE_LOWER old=1082 new=6864 macros=22 gathers=0
FOLD20_PASSIVE_LOWER old=260 new=664 macros=6 gathers=0
RANK4_LOWER class=3 original_ops=85331 new_ops=74657 symbolic_rank_gates=896 paired_macros=1010 conditional_clean=true
FOLD20_T10_RANK4 j=2 last=false low=true old_ops=85331 ops=74657
RANK4_LOWER class=3 original_ops=85597 new_ops=74649 symbolic_rank_gates=896 paired_macros=1010 conditional_clean=true
FOLD20_T10_RANK4 j=0 last=false low=true old_ops=85597 ops=74649
FOLD20_PASSIVE_LOWER old=326 new=3110 macros=9 gathers=0
FOLD20_PASSIVE_LOWER old=544 new=872 macros=6 gathers=0
FOLD20_PASSIVE_LOWER old=260 new=664 macros=6 gathers=0
FOLD20_PASSIVE_LOWER old=544 new=872 macros=6 gathers=0
FOLD20_PASSIVE_LOWER old=260 new=664 macros=6 gathers=0
FOLD20_PASSIVE_LOWER old=0 new=0 macros=0 gathers=0
FOLD20_PASSIVE_LOWER old=0 new=0 macros=0 gathers=0
RANK4_LOWER class=4 original_ops=13985 new_ops=10745 symbolic_rank_gates=84 paired_macros=116 conditional_clean=true
FOLD20_T10_RANK4 j=3 last=true low=true old_ops=13985 ops=10745
RANK4_LOWER class=4 original_ops=15795 new_ops=11863 symbolic_rank_gates=108 paired_macros=188 conditional_clean=true
FOLD20_T10_RANK4 j=0 last=true low=true old_ops=15795 ops=11863
RANK4_LOWER class=4 original_ops=16381 new_ops=12289 symbolic_rank_gates=108 paired_macros=188 conditional_clean=true
FOLD20_T10_RANK4 j=1 last=true low=true old_ops=16381 ops=12289
RANK4_LOWER class=4 original_ops=17211 new_ops=12865 symbolic_rank_gates=108 paired_macros=188 conditional_clean=true
FOLD20_T10_RANK4 j=2 last=true low=true old_ops=17211 ops=12865
RANK4_LOWER class=3 original_ops=61661 new_ops=53513 symbolic_rank_gates=704 paired_macros=780 conditional_clean=true
FOLD20_T10_RANK4 j=3 last=false low=true old_ops=61661 ops=53513
FOLD20_PASSIVE_LOWER old=688 new=1138 macros=8 gathers=0
FOLD20_PASSIVE_LOWER old=260 new=664 macros=6 gathers=0
RANK4_LOWER class=3 original_ops=61365 new_ops=53517 symbolic_rank_gates=704 paired_macros=780 conditional_clean=true
FOLD20_T10_RANK4 j=1 last=false low=true old_ops=61365 ops=53517
FOLD20_PASSIVE_LOWER old=1082 new=6864 macros=22 gathers=0
FOLD20_PASSIVE_LOWER old=544 new=872 macros=6 gathers=0
FOLD20_PASSIVE_LOWER old=260 new=664 macros=6 gathers=0
FOLD20_PASSIVE_LOWER old=326 new=3110 macros=9 gathers=0
RANK4_LOWER class=3 original_ops=85805 new_ops=74829 symbolic_rank_gates=896 paired_macros=1010 conditional_clean=true
FOLD20_T10_RANK4 j=0 last=false low=true old_ops=85805 ops=74829
RANK4_LOWER class=3 original_ops=85539 new_ops=74837 symbolic_rank_gates=896 paired_macros=1010 conditional_clean=true
FOLD20_T10_RANK4 j=2 last=false low=true old_ops=85539 ops=74837
FOLD20_PASSIVE_LOWER old=544 new=872 macros=6 gathers=0
FOLD20_PASSIVE_LOWER old=544 new=872 macros=6 gathers=0
FOLD20_PASSIVE_LOWER old=260 new=664 macros=6 gathers=0
FOLD20_PASSIVE_LOWER old=260 new=664 macros=6 gathers=0
FOLD20_PASSIVE_LOWER old=0 new=0 macros=0 gathers=0
FOLD20_PASSIVE_LOWER old=0 new=0 macros=0 gathers=0
RANK4_LOWER class=4 original_ops=14113 new_ops=10849 symbolic_rank_gates=84 paired_macros=116 conditional_clean=true
FOLD20_T10_RANK4 j=3 last=true low=true old_ops=14113 ops=10849
RANK4_LOWER class=4 original_ops=15923 new_ops=11967 symbolic_rank_gates=108 paired_macros=188 conditional_clean=true
FOLD20_T10_RANK4 j=0 last=true low=true old_ops=15923 ops=11967
RANK4_LOWER class=4 original_ops=16509 new_ops=12393 symbolic_rank_gates=108 paired_macros=188 conditional_clean=true
FOLD20_T10_RANK4 j=1 last=true low=true old_ops=16509 ops=12393
RANK4_LOWER class=4 original_ops=17339 new_ops=12969 symbolic_rank_gates=108 paired_macros=188 conditional_clean=true
FOLD20_T10_RANK4 j=2 last=true low=true old_ops=17339 ops=12969
RANK4_LOWER class=3 original_ops=62045 new_ops=53813 symbolic_rank_gates=704 paired_macros=780 conditional_clean=true
FOLD20_T10_RANK4 j=3 last=false low=true old_ops=62045 ops=53813
RANK4_LOWER class=3 original_ops=61749 new_ops=53817 symbolic_rank_gates=704 paired_macros=780 conditional_clean=true
FOLD20_T10_RANK4 j=1 last=false low=true old_ops=61749 ops=53817
FOLD20_PASSIVE_LOWER old=688 new=1138 macros=8 gathers=0
FOLD20_PASSIVE_LOWER old=260 new=664 macros=6 gathers=0
FOLD20_PASSIVE_LOWER old=544 new=872 macros=6 gathers=0
FOLD20_PASSIVE_LOWER old=260 new=664 macros=6 gathers=0
FOLD20_PASSIVE_LOWER old=1082 new=6864 macros=22 gathers=0
RANK4_LOWER class=3 original_ops=85923 new_ops=75137 symbolic_rank_gates=896 paired_macros=1010 conditional_clean=true
FOLD20_T10_RANK4 j=2 last=false low=true old_ops=85923 ops=75137
RANK4_LOWER class=3 original_ops=86189 new_ops=75129 symbolic_rank_gates=896 paired_macros=1010 conditional_clean=true
FOLD20_T10_RANK4 j=0 last=false low=true old_ops=86189 ops=75129
FOLD20_PASSIVE_LOWER old=326 new=3110 macros=9 gathers=0
FOLD20_PASSIVE_LOWER old=544 new=872 macros=6 gathers=0
FOLD20_PASSIVE_LOWER old=544 new=872 macros=6 gathers=0
FOLD20_PASSIVE_LOWER old=260 new=664 macros=6 gathers=0
FOLD20_PASSIVE_LOWER old=260 new=664 macros=6 gathers=0
FOLD20_PASSIVE_LOWER old=0 new=0 macros=0 gathers=0
FOLD20_PASSIVE_LOWER old=0 new=0 macros=0 gathers=0
RANK4_LOWER class=4 original_ops=14261 new_ops=10965 symbolic_rank_gates=84 paired_macros=116 conditional_clean=true
FOLD20_T10_RANK4 j=3 last=true low=true old_ops=14261 ops=10965
RANK4_LOWER class=4 original_ops=16071 new_ops=12083 symbolic_rank_gates=108 paired_macros=188 conditional_clean=true
FOLD20_T10_RANK4 j=0 last=true low=true old_ops=16071 ops=12083
RANK4_LOWER class=4 original_ops=16657 new_ops=12509 symbolic_rank_gates=108 paired_macros=188 conditional_clean=true
FOLD20_T10_RANK4 j=1 last=true low=true old_ops=16657 ops=12509
RANK4_LOWER class=4 original_ops=17487 new_ops=13085 symbolic_rank_gates=108 paired_macros=188 conditional_clean=true
FOLD20_T10_RANK4 j=2 last=true low=true old_ops=17487 ops=13085
RANK4_LOWER class=3 original_ops=62277 new_ops=54017 symbolic_rank_gates=704 paired_macros=780 conditional_clean=true
FOLD20_T10_RANK4 j=3 last=false low=true old_ops=62277 ops=54017
RANK4_LOWER class=3 original_ops=61981 new_ops=54021 symbolic_rank_gates=704 paired_macros=780 conditional_clean=true
FOLD20_T10_RANK4 j=1 last=false low=true old_ops=61981 ops=54021
FOLD20_PASSIVE_LOWER old=688 new=1138 macros=8 gathers=0
FOLD20_PASSIVE_LOWER old=260 new=664 macros=6 gathers=0
FOLD20_PASSIVE_LOWER old=544 new=872 macros=6 gathers=0
FOLD20_PASSIVE_LOWER old=260 new=664 macros=6 gathers=0
FOLD20_PASSIVE_LOWER old=1082 new=6864 macros=22 gathers=0
FOLD20_PASSIVE_LOWER old=326 new=3110 macros=9 gathers=0
RANK4_LOWER class=3 original_ops=86421 new_ops=75333 symbolic_rank_gates=896 paired_macros=1010 conditional_clean=true
FOLD20_T10_RANK4 j=0 last=false low=true old_ops=86421 ops=75333
RANK4_LOWER class=3 original_ops=86155 new_ops=75341 symbolic_rank_gates=896 paired_macros=1010 conditional_clean=true
FOLD20_T10_RANK4 j=2 last=false low=true old_ops=86155 ops=75341
FOLD20_PASSIVE_LOWER old=544 new=872 macros=6 gathers=0
FOLD20_PASSIVE_LOWER old=544 new=872 macros=6 gathers=0
FOLD20_PASSIVE_LOWER old=260 new=664 macros=6 gathers=0
FOLD20_PASSIVE_LOWER old=260 new=664 macros=6 gathers=0
FOLD20_PASSIVE_LOWER old=0 new=0 macros=0 gathers=0
FOLD20_PASSIVE_LOWER old=0 new=0 macros=0 gathers=0
RANK4_LOWER class=4 original_ops=14365 new_ops=11053 symbolic_rank_gates=84 paired_macros=116 conditional_clean=true
FOLD20_T10_RANK4 j=3 last=true low=true old_ops=14365 ops=11053
RANK4_LOWER class=4 original_ops=16761 new_ops=12597 symbolic_rank_gates=108 paired_macros=188 conditional_clean=true
FOLD20_T10_RANK4 j=1 last=true low=true old_ops=16761 ops=12597
RANK4_LOWER class=4 original_ops=16175 new_ops=12171 symbolic_rank_gates=108 paired_macros=188 conditional_clean=true
FOLD20_T10_RANK4 j=0 last=true low=true old_ops=16175 ops=12171
RANK4_LOWER class=4 original_ops=17591 new_ops=13173 symbolic_rank_gates=108 paired_macros=188 conditional_clean=true
FOLD20_T10_RANK4 j=2 last=true low=true old_ops=17591 ops=13173
RANK4_LOWER class=3 original_ops=62513 new_ops=54209 symbolic_rank_gates=704 paired_macros=780 conditional_clean=true
FOLD20_T10_RANK4 j=3 last=false low=true old_ops=62513 ops=54209
RANK4_LOWER class=3 original_ops=62217 new_ops=54213 symbolic_rank_gates=704 paired_macros=780 conditional_clean=true
FOLD20_T10_RANK4 j=1 last=false low=true old_ops=62217 ops=54213
FOLD20_PASSIVE_LOWER old=544 new=872 macros=6 gathers=0
FOLD20_PASSIVE_LOWER old=688 new=1138 macros=8 gathers=0
FOLD20_PASSIVE_LOWER old=260 new=664 macros=6 gathers=0
FOLD20_PASSIVE_LOWER old=260 new=664 macros=6 gathers=0
FOLD20_PASSIVE_LOWER old=326 new=3110 macros=9 gathers=0
FOLD20_PASSIVE_LOWER old=1082 new=6864 macros=22 gathers=0
RANK4_LOWER class=3 original_ops=86657 new_ops=75525 symbolic_rank_gates=896 paired_macros=1010 conditional_clean=true
FOLD20_T10_RANK4 j=0 last=false low=true old_ops=86657 ops=75525
RANK4_LOWER class=3 original_ops=86391 new_ops=75533 symbolic_rank_gates=896 paired_macros=1010 conditional_clean=true
FOLD20_T10_RANK4 j=2 last=false low=true old_ops=86391 ops=75533
FOLD20_PASSIVE_LOWER old=544 new=872 macros=6 gathers=0
FOLD20_PASSIVE_LOWER old=260 new=664 macros=6 gathers=0
FOLD20_PASSIVE_LOWER old=544 new=872 macros=6 gathers=0
FOLD20_PASSIVE_LOWER old=0 new=0 macros=0 gathers=0
FOLD20_PASSIVE_LOWER old=260 new=664 macros=6 gathers=0
FOLD20_PASSIVE_LOWER old=0 new=0 macros=0 gathers=0
RANK4_LOWER class=4 original_ops=14485 new_ops=11149 symbolic_rank_gates=84 paired_macros=116 conditional_clean=true
FOLD20_T10_RANK4 j=3 last=true low=true old_ops=14485 ops=11149
RANK4_LOWER class=4 original_ops=16295 new_ops=12267 symbolic_rank_gates=108 paired_macros=188 conditional_clean=true
FOLD20_T10_RANK4 j=0 last=true low=true old_ops=16295 ops=12267
RANK4_LOWER class=4 original_ops=16881 new_ops=12693 symbolic_rank_gates=108 paired_macros=188 conditional_clean=true
FOLD20_T10_RANK4 j=1 last=true low=true old_ops=16881 ops=12693
RANK4_LOWER class=4 original_ops=17711 new_ops=13269 symbolic_rank_gates=108 paired_macros=188 conditional_clean=true
FOLD20_T10_RANK4 j=2 last=true low=true old_ops=17711 ops=13269
RANK4_LOWER class=3 original_ops=62745 new_ops=54405 symbolic_rank_gates=704 paired_macros=780 conditional_clean=true
FOLD20_T10_RANK4 j=3 last=false low=true old_ops=62745 ops=54405
FOLD20_PASSIVE_LOWER old=688 new=1138 macros=8 gathers=0
FOLD20_PASSIVE_LOWER old=260 new=664 macros=6 gathers=0
RANK4_LOWER class=3 original_ops=62449 new_ops=54409 symbolic_rank_gates=704 paired_macros=780 conditional_clean=true
FOLD20_T10_RANK4 j=1 last=false low=true old_ops=62449 ops=54409
RANK4_LOWER class=3 original_ops=86889 new_ops=75721 symbolic_rank_gates=896 paired_macros=1010 conditional_clean=true
FOLD20_T10_RANK4 j=0 last=false low=true old_ops=86889 ops=75721
FOLD20_PASSIVE_LOWER old=1082 new=6864 macros=22 gathers=0
FOLD20_PASSIVE_LOWER old=544 new=872 macros=6 gathers=0
FOLD20_PASSIVE_LOWER old=260 new=664 macros=6 gathers=0
FOLD20_PASSIVE_LOWER old=544 new=872 macros=6 gathers=0
FOLD20_PASSIVE_LOWER old=260 new=664 macros=6 gathers=0
RANK4_LOWER class=3 original_ops=86623 new_ops=75729 symbolic_rank_gates=896 paired_macros=1010 conditional_clean=true
FOLD20_T10_RANK4 j=2 last=false low=true old_ops=86623 ops=75729
FOLD20_PASSIVE_LOWER old=326 new=3110 macros=9 gathers=0
FOLD20_PASSIVE_LOWER old=0 new=0 macros=0 gathers=0
FOLD20_PASSIVE_LOWER old=544 new=872 macros=6 gathers=0
FOLD20_PASSIVE_LOWER old=260 new=664 macros=6 gathers=0
FOLD20_PASSIVE_LOWER old=0 new=0 macros=0 gathers=0
RANK4_LOWER class=4 original_ops=14589 new_ops=11237 symbolic_rank_gates=84 paired_macros=116 conditional_clean=true
FOLD20_T10_RANK4 j=3 last=true low=true old_ops=14589 ops=11237
RANK4_LOWER class=4 original_ops=16399 new_ops=12355 symbolic_rank_gates=108 paired_macros=188 conditional_clean=true
FOLD20_T10_RANK4 j=0 last=true low=true old_ops=16399 ops=12355
RANK4_LOWER class=4 original_ops=16985 new_ops=12781 symbolic_rank_gates=108 paired_macros=188 conditional_clean=true
FOLD20_T10_RANK4 j=1 last=true low=true old_ops=16985 ops=12781
RANK4_LOWER class=4 original_ops=17815 new_ops=13357 symbolic_rank_gates=108 paired_macros=188 conditional_clean=true
FOLD20_T10_RANK4 j=2 last=true low=true old_ops=17815 ops=13357
RANK4_LOWER class=3 original_ops=62973 new_ops=54597 symbolic_rank_gates=704 paired_macros=780 conditional_clean=true
FOLD20_T10_RANK4 j=3 last=false low=true old_ops=62973 ops=54597
RANK4_LOWER class=3 original_ops=62677 new_ops=54601 symbolic_rank_gates=704 paired_macros=780 conditional_clean=true
FOLD20_T10_RANK4 j=1 last=false low=true old_ops=62677 ops=54601
FOLD20_PASSIVE_LOWER old=688 new=1138 macros=8 gathers=0
FOLD20_PASSIVE_LOWER old=260 new=664 macros=6 gathers=0
RANK4_LOWER class=3 original_ops=87117 new_ops=75913 symbolic_rank_gates=896 paired_macros=1010 conditional_clean=true
RANK4_LOWER class=3 original_ops=86851 new_ops=75921 symbolic_rank_gates=896 paired_macros=1010 conditional_clean=true
FOLD20_PASSIVE_LOWER old=544 new=872 macros=6 gathers=0
FOLD20_T10_RANK4 j=0 last=false low=true old_ops=87117 ops=75913
FOLD20_T10_RANK4 j=2 last=false low=true old_ops=86851 ops=75921
FOLD20_PASSIVE_LOWER old=260 new=664 macros=6 gathers=0
FOLD20_PASSIVE_LOWER old=1082 new=6864 macros=22 gathers=0
FOLD20_PASSIVE_LOWER old=326 new=3110 macros=9 gathers=0
FOLD20_PASSIVE_LOWER old=544 new=872 macros=6 gathers=0
FOLD20_PASSIVE_LOWER old=544 new=872 macros=6 gathers=0
FOLD20_PASSIVE_LOWER old=260 new=664 macros=6 gathers=0
FOLD20_PASSIVE_LOWER old=260 new=664 macros=6 gathers=0
FOLD20_PASSIVE_LOWER old=0 new=0 macros=0 gathers=0
FOLD20_PASSIVE_LOWER old=0 new=0 macros=0 gathers=0
RANK4_LOWER class=4 original_ops=14733 new_ops=11349 symbolic_rank_gates=84 paired_macros=116 conditional_clean=true
FOLD20_T10_RANK4 j=3 last=true low=true old_ops=14733 ops=11349
RANK4_LOWER class=4 original_ops=16543 new_ops=12467 symbolic_rank_gates=108 paired_macros=188 conditional_clean=true
FOLD20_T10_RANK4 j=0 last=true low=true old_ops=16543 ops=12467
RANK4_LOWER class=4 original_ops=17129 new_ops=12893 symbolic_rank_gates=108 paired_macros=188 conditional_clean=true
FOLD20_T10_RANK4 j=1 last=true low=true old_ops=17129 ops=12893
RANK4_LOWER class=4 original_ops=17959 new_ops=13469 symbolic_rank_gates=108 paired_macros=188 conditional_clean=true
FOLD20_T10_RANK4 j=2 last=true low=true old_ops=17959 ops=13469
RANK4_LOWER class=3 original_ops=63201 new_ops=54797 symbolic_rank_gates=704 paired_macros=780 conditional_clean=true
FOLD20_T10_RANK4 j=3 last=false low=true old_ops=63201 ops=54797
RANK4_LOWER class=3 original_ops=62905 new_ops=54801 symbolic_rank_gates=704 paired_macros=780 conditional_clean=true
FOLD20_T10_RANK4 j=1 last=false low=true old_ops=62905 ops=54801
FOLD20_PASSIVE_LOWER old=688 new=1138 macros=8 gathers=0
FOLD20_PASSIVE_LOWER old=260 new=664 macros=6 gathers=0
FOLD20_PASSIVE_LOWER old=544 new=872 macros=6 gathers=0
FOLD20_PASSIVE_LOWER old=260 new=664 macros=6 gathers=0
FOLD20_PASSIVE_LOWER old=1082 new=6864 macros=22 gathers=0
RANK4_LOWER class=3 original_ops=87345 new_ops=76113 symbolic_rank_gates=896 paired_macros=1010 conditional_clean=true
FOLD20_PASSIVE_LOWER old=326 new=3110 macros=9 gathers=0
FOLD20_T10_RANK4 j=0 last=false low=true old_ops=87345 ops=76113
RANK4_LOWER class=3 original_ops=87079 new_ops=76121 symbolic_rank_gates=896 paired_macros=1010 conditional_clean=true
FOLD20_T10_RANK4 j=2 last=false low=true old_ops=87079 ops=76121
FOLD20_PASSIVE_LOWER old=544 new=872 macros=6 gathers=0
FOLD20_PASSIVE_LOWER old=544 new=872 macros=6 gathers=0
FOLD20_PASSIVE_LOWER old=260 new=664 macros=6 gathers=0
FOLD20_PASSIVE_LOWER old=260 new=664 macros=6 gathers=0
FOLD20_PASSIVE_LOWER old=0 new=0 macros=0 gathers=0
FOLD20_PASSIVE_LOWER old=0 new=0 macros=0 gathers=0
RANK4_LOWER class=4 original_ops=14837 new_ops=11437 symbolic_rank_gates=84 paired_macros=116 conditional_clean=true
FOLD20_T10_RANK4 j=3 last=true low=true old_ops=14837 ops=11437
RANK4_LOWER class=4 original_ops=16647 new_ops=12555 symbolic_rank_gates=108 paired_macros=188 conditional_clean=true
FOLD20_T10_RANK4 j=0 last=true low=true old_ops=16647 ops=12555
RANK4_LOWER class=4 original_ops=17233 new_ops=12981 symbolic_rank_gates=108 paired_macros=188 conditional_clean=true
FOLD20_T10_RANK4 j=1 last=true low=true old_ops=17233 ops=12981
RANK4_LOWER class=4 original_ops=18063 new_ops=13557 symbolic_rank_gates=108 paired_macros=188 conditional_clean=true
FOLD20_T10_RANK4 j=2 last=true low=true old_ops=18063 ops=13557
RANK4_LOWER class=3 original_ops=63429 new_ops=54989 symbolic_rank_gates=704 paired_macros=780 conditional_clean=true
FOLD20_T10_RANK4 j=3 last=false low=true old_ops=63429 ops=54989
FOLD20_PASSIVE_LOWER old=688 new=1138 macros=8 gathers=0
RANK4_LOWER class=3 original_ops=63133 new_ops=54993 symbolic_rank_gates=704 paired_macros=780 conditional_clean=true
FOLD20_T10_RANK4 j=1 last=false low=true old_ops=63133 ops=54993
FOLD20_PASSIVE_LOWER old=260 new=664 macros=6 gathers=0
FOLD20_PASSIVE_LOWER old=544 new=872 macros=6 gathers=0
FOLD20_PASSIVE_LOWER old=1082 new=6864 macros=22 gathers=0
FOLD20_PASSIVE_LOWER old=260 new=664 macros=6 gathers=0
RANK4_LOWER class=3 original_ops=87573 new_ops=76305 symbolic_rank_gates=896 paired_macros=1010 conditional_clean=true
FOLD20_T10_RANK4 j=0 last=false low=true old_ops=87573 ops=76305
FOLD20_PASSIVE_LOWER old=326 new=3110 macros=9 gathers=0
RANK4_LOWER class=3 original_ops=87307 new_ops=76313 symbolic_rank_gates=896 paired_macros=1010 conditional_clean=true
FOLD20_T10_RANK4 j=2 last=false low=true old_ops=87307 ops=76313
FOLD20_PASSIVE_LOWER old=544 new=872 macros=6 gathers=0
FOLD20_PASSIVE_LOWER old=260 new=664 macros=6 gathers=0
FOLD20_PASSIVE_LOWER old=0 new=0 macros=0 gathers=0
FOLD20_PASSIVE_LOWER old=544 new=872 macros=6 gathers=0
FOLD20_PASSIVE_LOWER old=260 new=664 macros=6 gathers=0
FOLD20_PASSIVE_LOWER old=0 new=0 macros=0 gathers=0
RANK4_LOWER class=4 original_ops=14957 new_ops=11533 symbolic_rank_gates=84 paired_macros=116 conditional_clean=true
FOLD20_T10_RANK4 j=3 last=true low=true old_ops=14957 ops=11533
RANK4_LOWER class=4 original_ops=16767 new_ops=12651 symbolic_rank_gates=108 paired_macros=188 conditional_clean=true
RANK4_LOWER class=4 original_ops=17353 new_ops=13077 symbolic_rank_gates=108 paired_macros=188 conditional_clean=true
FOLD20_T10_RANK4 j=0 last=true low=true old_ops=16767 ops=12651
FOLD20_T10_RANK4 j=1 last=true low=true old_ops=17353 ops=13077
RANK4_LOWER class=4 original_ops=18183 new_ops=13653 symbolic_rank_gates=108 paired_macros=188 conditional_clean=true
FOLD20_T10_RANK4 j=2 last=true low=true old_ops=18183 ops=13653
RANK4_LOWER class=3 original_ops=63653 new_ops=55185 symbolic_rank_gates=704 paired_macros=780 conditional_clean=true
FOLD20_T10_RANK4 j=3 last=false low=true old_ops=63653 ops=55185
RANK4_LOWER class=3 original_ops=63357 new_ops=55189 symbolic_rank_gates=704 paired_macros=780 conditional_clean=true
FOLD20_T10_RANK4 j=1 last=false low=true old_ops=63357 ops=55189
FOLD20_PASSIVE_LOWER old=688 new=1138 macros=8 gathers=0
FOLD20_PASSIVE_LOWER old=260 new=664 macros=6 gathers=0
FOLD20_PASSIVE_LOWER old=544 new=872 macros=6 gathers=0
FOLD20_PASSIVE_LOWER old=260 new=664 macros=6 gathers=0
FOLD20_PASSIVE_LOWER old=1082 new=6864 macros=22 gathers=0
FOLD20_PASSIVE_LOWER old=326 new=3110 macros=9 gathers=0
RANK4_LOWER class=3 original_ops=87531 new_ops=76509 symbolic_rank_gates=896 paired_macros=1010 conditional_clean=true
FOLD20_T10_RANK4 j=2 last=false low=true old_ops=87531 ops=76509
RANK4_LOWER class=3 original_ops=87797 new_ops=76501 symbolic_rank_gates=896 paired_macros=1010 conditional_clean=true
FOLD20_T10_RANK4 j=0 last=false low=true old_ops=87797 ops=76501
FOLD20_PASSIVE_LOWER old=544 new=872 macros=6 gathers=0
FOLD20_PASSIVE_LOWER old=260 new=664 macros=6 gathers=0
FOLD20_PASSIVE_LOWER old=544 new=872 macros=6 gathers=0
FOLD20_PASSIVE_LOWER old=260 new=664 macros=6 gathers=0
FOLD20_PASSIVE_LOWER old=0 new=0 macros=0 gathers=0
FOLD20_PASSIVE_LOWER old=0 new=0 macros=0 gathers=0
RANK4_LOWER class=4 original_ops=15145 new_ops=11681 symbolic_rank_gates=84 paired_macros=116 conditional_clean=true
FOLD20_T10_RANK4 j=3 last=true low=true old_ops=15145 ops=11681
RANK4_LOWER class=4 original_ops=16955 new_ops=12799 symbolic_rank_gates=108 paired_macros=188 conditional_clean=true
FOLD20_T10_RANK4 j=0 last=true low=true old_ops=16955 ops=12799
RANK4_LOWER class=4 original_ops=18371 new_ops=13801 symbolic_rank_gates=108 paired_macros=188 conditional_clean=true
FOLD20_T10_RANK4 j=2 last=true low=true old_ops=18371 ops=13801
RANK4_LOWER class=4 original_ops=17541 new_ops=13225 symbolic_rank_gates=108 paired_macros=188 conditional_clean=true
FOLD20_T10_RANK4 j=1 last=true low=true old_ops=17541 ops=13225
RANK4_LOWER class=3 original_ops=64245 new_ops=55629 symbolic_rank_gates=704 paired_macros=780 conditional_clean=true
FOLD20_T10_RANK4 j=3 last=false low=true old_ops=64245 ops=55629
FOLD20_PASSIVE_LOWER old=688 new=1138 macros=8 gathers=0
RANK4_LOWER class=3 original_ops=63949 new_ops=55633 symbolic_rank_gates=704 paired_macros=780 conditional_clean=true
FOLD20_T10_RANK4 j=1 last=false low=true old_ops=63949 ops=55633
FOLD20_PASSIVE_LOWER old=260 new=664 macros=6 gathers=0
FOLD20_PASSIVE_LOWER old=544 new=872 macros=6 gathers=0
FOLD20_PASSIVE_LOWER old=1082 new=6864 macros=22 gathers=0
FOLD20_PASSIVE_LOWER old=260 new=664 macros=6 gathers=0
RANK4_LOWER class=3 original_ops=88123 new_ops=76953 symbolic_rank_gates=896 paired_macros=1010 conditional_clean=true
FOLD20_T10_RANK4 j=2 last=false low=true old_ops=88123 ops=76953
FOLD20_PASSIVE_LOWER old=326 new=3110 macros=9 gathers=0
RANK4_LOWER class=3 original_ops=88389 new_ops=76945 symbolic_rank_gates=896 paired_macros=1010 conditional_clean=true
FOLD20_T10_RANK4 j=0 last=false low=true old_ops=88389 ops=76945
FOLD20_PASSIVE_LOWER old=544 new=872 macros=6 gathers=0
FOLD20_PASSIVE_LOWER old=260 new=664 macros=6 gathers=0
FOLD20_PASSIVE_LOWER old=544 new=872 macros=6 gathers=0
FOLD20_PASSIVE_LOWER old=0 new=0 macros=0 gathers=0
FOLD20_PASSIVE_LOWER old=260 new=664 macros=6 gathers=0
FOLD20_PASSIVE_LOWER old=0 new=0 macros=0 gathers=0
RANK4_LOWER class=4 original_ops=15313 new_ops=11817 symbolic_rank_gates=84 paired_macros=116 conditional_clean=true
FOLD20_T10_RANK4 j=3 last=true low=true old_ops=15313 ops=11817
RANK4_LOWER class=4 original_ops=17123 new_ops=12935 symbolic_rank_gates=108 paired_macros=188 conditional_clean=true
FOLD20_T10_RANK4 j=0 last=true low=true old_ops=17123 ops=12935
RANK4_LOWER class=4 original_ops=18539 new_ops=13937 symbolic_rank_gates=108 paired_macros=188 conditional_clean=true
FOLD20_T10_RANK4 j=2 last=true low=true old_ops=18539 ops=13937
RANK4_LOWER class=4 original_ops=17709 new_ops=13361 symbolic_rank_gates=108 paired_macros=188 conditional_clean=true
FOLD20_T10_RANK4 j=1 last=true low=true old_ops=17709 ops=13361
RANK4_LOWER class=3 original_ops=64497 new_ops=55853 symbolic_rank_gates=704 paired_macros=780 conditional_clean=true
FOLD20_T10_RANK4 j=3 last=false low=true old_ops=64497 ops=55853
RANK4_LOWER class=3 original_ops=64201 new_ops=55857 symbolic_rank_gates=704 paired_macros=780 conditional_clean=true
FOLD20_T10_RANK4 j=1 last=false low=true old_ops=64201 ops=55857
FOLD20_PASSIVE_LOWER old=688 new=1138 macros=8 gathers=0
FOLD20_PASSIVE_LOWER old=260 new=664 macros=6 gathers=0
FOLD20_PASSIVE_LOWER old=544 new=872 macros=6 gathers=0
FOLD20_PASSIVE_LOWER old=260 new=664 macros=6 gathers=0
RANK4_LOWER class=3 original_ops=88641 new_ops=77169 symbolic_rank_gates=896 paired_macros=1010 conditional_clean=true
FOLD20_T10_RANK4 j=0 last=false low=true old_ops=88641 ops=77169
FOLD20_PASSIVE_LOWER old=326 new=3110 macros=9 gathers=0
FOLD20_PASSIVE_LOWER old=1082 new=6864 macros=22 gathers=0
RANK4_LOWER class=3 original_ops=88375 new_ops=77177 symbolic_rank_gates=896 paired_macros=1010 conditional_clean=true
FOLD20_T10_RANK4 j=2 last=false low=true old_ops=88375 ops=77177
FOLD20_PASSIVE_LOWER old=544 new=872 macros=6 gathers=0
FOLD20_PASSIVE_LOWER old=260 new=664 macros=6 gathers=0
FOLD20_PASSIVE_LOWER old=544 new=872 macros=6 gathers=0
FOLD20_PASSIVE_LOWER old=0 new=0 macros=0 gathers=0
FOLD20_PASSIVE_LOWER old=260 new=664 macros=6 gathers=0
FOLD20_PASSIVE_LOWER old=0 new=0 macros=0 gathers=0
RANK4_LOWER class=4 original_ops=15417 new_ops=11905 symbolic_rank_gates=84 paired_macros=116 conditional_clean=true
FOLD20_T10_RANK4 j=3 last=true low=true old_ops=15417 ops=11905
RANK4_LOWER class=4 original_ops=17813 new_ops=13449 symbolic_rank_gates=108 paired_macros=188 conditional_clean=true
FOLD20_T10_RANK4 j=1 last=true low=true old_ops=17813 ops=13449
RANK4_LOWER class=4 original_ops=17227 new_ops=13023 symbolic_rank_gates=108 paired_macros=188 conditional_clean=true
FOLD20_T10_RANK4 j=0 last=true low=true old_ops=17227 ops=13023
RANK4_LOWER class=4 original_ops=18643 new_ops=14025 symbolic_rank_gates=108 paired_macros=188 conditional_clean=true
FOLD20_T10_RANK4 j=2 last=true low=true old_ops=18643 ops=14025
RANK4_LOWER class=3 original_ops=64757 new_ops=56061 symbolic_rank_gates=704 paired_macros=780 conditional_clean=true
FOLD20_T10_RANK4 j=3 last=false low=true old_ops=64757 ops=56061
FOLD20_PASSIVE_LOWER old=688 new=1138 macros=8 gathers=0
FOLD20_PASSIVE_LOWER old=260 new=664 macros=6 gathers=0
RANK4_LOWER class=3 original_ops=64461 new_ops=56065 symbolic_rank_gates=704 paired_macros=780 conditional_clean=true
FOLD20_T10_RANK4 j=1 last=false low=true old_ops=64461 ops=56065
FOLD20_PASSIVE_LOWER old=544 new=872 macros=6 gathers=0
FOLD20_PASSIVE_LOWER old=1082 new=6864 macros=22 gathers=0
FOLD20_PASSIVE_LOWER old=260 new=664 macros=6 gathers=0
RANK4_LOWER class=3 original_ops=88901 new_ops=77377 symbolic_rank_gates=896 paired_macros=1010 conditional_clean=true
FOLD20_T10_RANK4 j=0 last=false low=true old_ops=88901 ops=77377
FOLD20_PASSIVE_LOWER old=326 new=3110 macros=9 gathers=0
RANK4_LOWER class=3 original_ops=88635 new_ops=77385 symbolic_rank_gates=896 paired_macros=1010 conditional_clean=true
FOLD20_T10_RANK4 j=2 last=false low=true old_ops=88635 ops=77385
FOLD20_PASSIVE_LOWER old=544 new=872 macros=6 gathers=0
FOLD20_PASSIVE_LOWER old=260 new=664 macros=6 gathers=0
FOLD20_PASSIVE_LOWER old=544 new=872 macros=6 gathers=0
FOLD20_PASSIVE_LOWER old=260 new=664 macros=6 gathers=0
FOLD20_PASSIVE_LOWER old=0 new=0 macros=0 gathers=0
FOLD20_PASSIVE_LOWER old=0 new=0 macros=0 gathers=0
RANK4_LOWER class=4 original_ops=15537 new_ops=12001 symbolic_rank_gates=84 paired_macros=116 conditional_clean=true
FOLD20_T10_RANK4 j=3 last=true low=true old_ops=15537 ops=12001
RANK4_LOWER class=4 original_ops=17347 new_ops=13119 symbolic_rank_gates=108 paired_macros=188 conditional_clean=true
FOLD20_T10_RANK4 j=0 last=true low=true old_ops=17347 ops=13119
RANK4_LOWER class=4 original_ops=17933 new_ops=13545 symbolic_rank_gates=108 paired_macros=188 conditional_clean=true
FOLD20_T10_RANK4 j=1 last=true low=true old_ops=17933 ops=13545
RANK4_LOWER class=4 original_ops=18763 new_ops=14121 symbolic_rank_gates=108 paired_macros=188 conditional_clean=true
FOLD20_T10_RANK4 j=2 last=true low=true old_ops=18763 ops=14121
RANK4_LOWER class=3 original_ops=65013 new_ops=56275 symbolic_rank_gates=704 paired_macros=780 conditional_clean=true
FOLD20_T10_RANK4 j=3 last=false low=true old_ops=65013 ops=56275
RANK4_LOWER class=3 original_ops=64717 new_ops=56279 symbolic_rank_gates=704 paired_macros=780 conditional_clean=true
FOLD20_T10_RANK4 j=1 last=false low=true old_ops=64717 ops=56279
FOLD20_PASSIVE_LOWER old=688 new=1138 macros=8 gathers=0
FOLD20_PASSIVE_LOWER old=260 new=664 macros=6 gathers=0
FOLD20_PASSIVE_LOWER old=544 new=872 macros=6 gathers=0
FOLD20_PASSIVE_LOWER old=260 new=664 macros=6 gathers=0
FOLD20_PASSIVE_LOWER old=1082 new=6864 macros=22 gathers=0
FOLD20_PASSIVE_LOWER old=326 new=3110 macros=9 gathers=0
RANK4_LOWER class=3 original_ops=88891 new_ops=77599 symbolic_rank_gates=896 paired_macros=1010 conditional_clean=true
RANK4_LOWER class=3 original_ops=89157 new_ops=77591 symbolic_rank_gates=896 paired_macros=1010 conditional_clean=true
FOLD20_T10_RANK4 j=2 last=false low=true old_ops=88891 ops=77599
FOLD20_T10_RANK4 j=0 last=false low=true old_ops=89157 ops=77591
FOLD20_PASSIVE_LOWER old=544 new=872 macros=6 gathers=0
FOLD20_PASSIVE_LOWER old=544 new=872 macros=6 gathers=0
FOLD20_PASSIVE_LOWER old=260 new=664 macros=6 gathers=0
FOLD20_PASSIVE_LOWER old=260 new=664 macros=6 gathers=0
FOLD20_PASSIVE_LOWER old=0 new=0 macros=0 gathers=0
FOLD20_PASSIVE_LOWER old=0 new=0 macros=0 gathers=0
RANK4_LOWER class=4 original_ops=15641 new_ops=12089 symbolic_rank_gates=84 paired_macros=116 conditional_clean=true
FOLD20_T10_RANK4 j=3 last=true low=true old_ops=15641 ops=12089
RANK4_LOWER class=4 original_ops=17451 new_ops=13207 symbolic_rank_gates=108 paired_macros=188 conditional_clean=true
FOLD20_T10_RANK4 j=0 last=true low=true old_ops=17451 ops=13207
RANK4_LOWER class=4 original_ops=18037 new_ops=13633 symbolic_rank_gates=108 paired_macros=188 conditional_clean=true
FOLD20_T10_RANK4 j=1 last=true low=true old_ops=18037 ops=13633
RANK4_LOWER class=4 original_ops=18867 new_ops=14209 symbolic_rank_gates=108 paired_macros=188 conditional_clean=true
FOLD20_T10_RANK4 j=2 last=true low=true old_ops=18867 ops=14209
RANK4_LOWER class=3 original_ops=65265 new_ops=56483 symbolic_rank_gates=704 paired_macros=780 conditional_clean=true
FOLD20_T10_RANK4 j=3 last=false low=true old_ops=65265 ops=56483
RANK4_LOWER class=3 original_ops=64969 new_ops=56487 symbolic_rank_gates=704 paired_macros=780 conditional_clean=true
FOLD20_T10_RANK4 j=1 last=false low=true old_ops=64969 ops=56487
FOLD20_PASSIVE_LOWER old=688 new=1138 macros=8 gathers=0
FOLD20_PASSIVE_LOWER old=544 new=872 macros=6 gathers=0
FOLD20_PASSIVE_LOWER old=260 new=664 macros=6 gathers=0
FOLD20_PASSIVE_LOWER old=260 new=664 macros=6 gathers=0
RANK4_LOWER class=3 original_ops=89143 new_ops=77807 symbolic_rank_gates=896 paired_macros=1010 conditional_clean=true
FOLD20_T10_RANK4 j=2 last=false low=true old_ops=89143 ops=77807
RANK4_LOWER class=3 original_ops=89409 new_ops=77799 symbolic_rank_gates=896 paired_macros=1010 conditional_clean=true
FOLD20_T10_RANK4 j=0 last=false low=true old_ops=89409 ops=77799
FOLD20_PASSIVE_LOWER old=326 new=3110 macros=9 gathers=0
FOLD20_PASSIVE_LOWER old=544 new=872 macros=6 gathers=0
FOLD20_PASSIVE_LOWER old=1082 new=6864 macros=22 gathers=0
FOLD20_PASSIVE_LOWER old=260 new=664 macros=6 gathers=0
FOLD20_PASSIVE_LOWER old=544 new=872 macros=6 gathers=0
FOLD20_PASSIVE_LOWER old=0 new=0 macros=0 gathers=0
FOLD20_PASSIVE_LOWER old=260 new=664 macros=6 gathers=0
FOLD20_PASSIVE_LOWER old=0 new=0 macros=0 gathers=0
RANK4_LOWER class=4 original_ops=15809 new_ops=12217 symbolic_rank_gates=84 paired_macros=116 conditional_clean=true
FOLD20_T10_RANK4 j=3 last=true low=true old_ops=15809 ops=12217
RANK4_LOWER class=4 original_ops=17619 new_ops=13335 symbolic_rank_gates=108 paired_macros=188 conditional_clean=true
FOLD20_T10_RANK4 j=0 last=true low=true old_ops=17619 ops=13335
RANK4_LOWER class=4 original_ops=18205 new_ops=13761 symbolic_rank_gates=108 paired_macros=188 conditional_clean=true
FOLD20_T10_RANK4 j=1 last=true low=true old_ops=18205 ops=13761
RANK4_LOWER class=4 original_ops=19035 new_ops=14337 symbolic_rank_gates=108 paired_macros=188 conditional_clean=true
FOLD20_T10_RANK4 j=2 last=true low=true old_ops=19035 ops=14337
RANK4_LOWER class=3 original_ops=65517 new_ops=56699 symbolic_rank_gates=704 paired_macros=780 conditional_clean=true
FOLD20_T10_RANK4 j=3 last=false low=true old_ops=65517 ops=56699
FOLD20_PASSIVE_LOWER old=688 new=1138 macros=8 gathers=0
FOLD20_PASSIVE_LOWER old=260 new=664 macros=6 gathers=0
RANK4_LOWER class=3 original_ops=65221 new_ops=56703 symbolic_rank_gates=704 paired_macros=780 conditional_clean=true
FOLD20_T10_RANK4 j=1 last=false low=true old_ops=65221 ops=56703
FOLD20_PASSIVE_LOWER old=1082 new=6864 macros=22 gathers=0
FOLD20_PASSIVE_LOWER old=544 new=872 macros=6 gathers=0
RANK4_LOWER class=3 original_ops=89395 new_ops=78023 symbolic_rank_gates=896 paired_macros=1010 conditional_clean=true
FOLD20_T10_RANK4 j=2 last=false low=true old_ops=89395 ops=78023
FOLD20_PASSIVE_LOWER old=260 new=664 macros=6 gathers=0
RANK4_LOWER class=3 original_ops=89661 new_ops=78015 symbolic_rank_gates=896 paired_macros=1010 conditional_clean=true
FOLD20_PASSIVE_LOWER old=326 new=3110 macros=9 gathers=0
FOLD20_T10_RANK4 j=0 last=false low=true old_ops=89661 ops=78015
FOLD20_PASSIVE_LOWER old=544 new=872 macros=6 gathers=0
FOLD20_PASSIVE_LOWER old=260 new=664 macros=6 gathers=0
FOLD20_PASSIVE_LOWER old=0 new=0 macros=0 gathers=0
FOLD20_PASSIVE_LOWER old=544 new=872 macros=6 gathers=0
FOLD20_PASSIVE_LOWER old=260 new=664 macros=6 gathers=0
FOLD20_PASSIVE_LOWER old=0 new=0 macros=0 gathers=0
RANK4_LOWER class=4 original_ops=15913 new_ops=12305 symbolic_rank_gates=84 paired_macros=116 conditional_clean=true
FOLD20_T10_RANK4 j=3 last=true low=true old_ops=15913 ops=12305
RANK4_LOWER class=4 original_ops=17723 new_ops=13423 symbolic_rank_gates=108 paired_macros=188 conditional_clean=true
FOLD20_T10_RANK4 j=0 last=true low=true old_ops=17723 ops=13423
RANK4_LOWER class=4 original_ops=18309 new_ops=13849 symbolic_rank_gates=108 paired_macros=188 conditional_clean=true
FOLD20_T10_RANK4 j=1 last=true low=true old_ops=18309 ops=13849
RANK4_LOWER class=4 original_ops=19139 new_ops=14425 symbolic_rank_gates=108 paired_macros=188 conditional_clean=true
FOLD20_T10_RANK4 j=2 last=true low=true old_ops=19139 ops=14425
RANK4_LOWER class=3 original_ops=65769 new_ops=56907 symbolic_rank_gates=704 paired_macros=780 conditional_clean=true
FOLD20_T10_RANK4 j=3 last=false low=true old_ops=65769 ops=56907
RANK4_LOWER class=3 original_ops=65473 new_ops=56911 symbolic_rank_gates=704 paired_macros=780 conditional_clean=true
FOLD20_T10_RANK4 j=1 last=false low=true old_ops=65473 ops=56911
FOLD20_PASSIVE_LOWER old=688 new=1138 macros=8 gathers=0
FOLD20_PASSIVE_LOWER old=544 new=872 macros=6 gathers=0
FOLD20_PASSIVE_LOWER old=260 new=664 macros=6 gathers=0
FOLD20_PASSIVE_LOWER old=260 new=664 macros=6 gathers=0
FOLD20_PASSIVE_LOWER old=326 new=3110 macros=9 gathers=0
RANK4_LOWER class=3 original_ops=89647 new_ops=78231 symbolic_rank_gates=896 paired_macros=1010 conditional_clean=true
FOLD20_T10_RANK4 j=2 last=false low=true old_ops=89647 ops=78231
RANK4_LOWER class=3 original_ops=89913 new_ops=78223 symbolic_rank_gates=896 paired_macros=1010 conditional_clean=true
FOLD20_T10_RANK4 j=0 last=false low=true old_ops=89913 ops=78223
FOLD20_PASSIVE_LOWER old=1082 new=6864 macros=22 gathers=0
FOLD20_PASSIVE_LOWER old=544 new=872 macros=6 gathers=0
FOLD20_PASSIVE_LOWER old=544 new=872 macros=6 gathers=0
FOLD20_PASSIVE_LOWER old=260 new=664 macros=6 gathers=0
FOLD20_PASSIVE_LOWER old=260 new=664 macros=6 gathers=0
FOLD20_PASSIVE_LOWER old=0 new=0 macros=0 gathers=0
FOLD20_PASSIVE_LOWER old=0 new=0 macros=0 gathers=0
RANK4_LOWER class=4 original_ops=16033 new_ops=12401 symbolic_rank_gates=84 paired_macros=116 conditional_clean=true
FOLD20_T10_RANK4 j=3 last=true low=true old_ops=16033 ops=12401
RANK4_LOWER class=4 original_ops=18429 new_ops=13945 symbolic_rank_gates=108 paired_macros=188 conditional_clean=true
FOLD20_T10_RANK4 j=1 last=true low=true old_ops=18429 ops=13945
RANK4_LOWER class=4 original_ops=17843 new_ops=13519 symbolic_rank_gates=108 paired_macros=188 conditional_clean=true
FOLD20_T10_RANK4 j=0 last=true low=true old_ops=17843 ops=13519
RANK4_LOWER class=4 original_ops=19259 new_ops=14521 symbolic_rank_gates=108 paired_macros=188 conditional_clean=true
FOLD20_T10_RANK4 j=2 last=true low=true old_ops=19259 ops=14521
RANK4_LOWER class=3 original_ops=66017 new_ops=57119 symbolic_rank_gates=704 paired_macros=780 conditional_clean=true
FOLD20_T10_RANK4 j=3 last=false low=true old_ops=66017 ops=57119
FOLD20_PASSIVE_LOWER old=688 new=1138 macros=8 gathers=0
RANK4_LOWER class=3 original_ops=65721 new_ops=57123 symbolic_rank_gates=704 paired_macros=780 conditional_clean=true
FOLD20_T10_RANK4 j=1 last=false low=true old_ops=65721 ops=57123
FOLD20_PASSIVE_LOWER old=260 new=664 macros=6 gathers=0
FOLD20_PASSIVE_LOWER old=544 new=872 macros=6 gathers=0
FOLD20_PASSIVE_LOWER old=1082 new=6864 macros=22 gathers=0
FOLD20_PASSIVE_LOWER old=260 new=664 macros=6 gathers=0
FOLD20_PASSIVE_LOWER old=326 new=3110 macros=9 gathers=0
RANK4_LOWER class=3 original_ops=90161 new_ops=78435 symbolic_rank_gates=896 paired_macros=1010 conditional_clean=true
FOLD20_T10_RANK4 j=0 last=false low=true old_ops=90161 ops=78435
RANK4_LOWER class=3 original_ops=89895 new_ops=78443 symbolic_rank_gates=896 paired_macros=1010 conditional_clean=true
FOLD20_T10_RANK4 j=2 last=false low=true old_ops=89895 ops=78443
FOLD20_PASSIVE_LOWER old=544 new=872 macros=6 gathers=0
FOLD20_PASSIVE_LOWER old=260 new=664 macros=6 gathers=0
FOLD20_PASSIVE_LOWER old=544 new=872 macros=6 gathers=0
FOLD20_PASSIVE_LOWER old=260 new=664 macros=6 gathers=0
FOLD20_PASSIVE_LOWER old=0 new=0 macros=0 gathers=0
FOLD20_PASSIVE_LOWER old=0 new=0 macros=0 gathers=0
RANK4_LOWER class=4 original_ops=16137 new_ops=12489 symbolic_rank_gates=84 paired_macros=116 conditional_clean=true
FOLD20_T10_RANK4 j=3 last=true low=true old_ops=16137 ops=12489
RANK4_LOWER class=4 original_ops=17947 new_ops=13607 symbolic_rank_gates=108 paired_macros=188 conditional_clean=true
FOLD20_T10_RANK4 j=0 last=true low=true old_ops=17947 ops=13607
RANK4_LOWER class=4 original_ops=18533 new_ops=14033 symbolic_rank_gates=108 paired_macros=188 conditional_clean=true
RANK4_LOWER class=4 original_ops=19363 new_ops=14609 symbolic_rank_gates=108 paired_macros=188 conditional_clean=true
FOLD20_T10_RANK4 j=2 last=true low=true old_ops=19363 ops=14609
FOLD20_T10_RANK4 j=1 last=true low=true old_ops=18533 ops=14033
RANK4_LOWER class=3 original_ops=65965 new_ops=57331 symbolic_rank_gates=704 paired_macros=780 conditional_clean=true
FOLD20_T10_RANK4 j=1 last=false low=true old_ops=65965 ops=57331
RANK4_LOWER class=3 original_ops=66261 new_ops=57327 symbolic_rank_gates=704 paired_macros=780 conditional_clean=true
FOLD20_T10_RANK4 j=3 last=false low=true old_ops=66261 ops=57327
FOLD20_PASSIVE_LOWER old=544 new=872 macros=6 gathers=0
FOLD20_PASSIVE_LOWER old=260 new=664 macros=6 gathers=0
FOLD20_PASSIVE_LOWER old=688 new=1138 macros=8 gathers=0
FOLD20_PASSIVE_LOWER old=260 new=664 macros=6 gathers=0
FOLD20_PASSIVE_LOWER old=326 new=3110 macros=9 gathers=0
RANK4_LOWER class=3 original_ops=90139 new_ops=78651 symbolic_rank_gates=896 paired_macros=1010 conditional_clean=true
FOLD20_T10_RANK4 j=2 last=false low=true old_ops=90139 ops=78651
RANK4_LOWER class=3 original_ops=90405 new_ops=78643 symbolic_rank_gates=896 paired_macros=1010 conditional_clean=true
FOLD20_T10_RANK4 j=0 last=false low=true old_ops=90405 ops=78643
FOLD20_PASSIVE_LOWER old=1082 new=6864 macros=22 gathers=0
FOLD20_PASSIVE_LOWER old=544 new=872 macros=6 gathers=0
FOLD20_PASSIVE_LOWER old=260 new=664 macros=6 gathers=0
FOLD20_PASSIVE_LOWER old=0 new=0 macros=0 gathers=0
FOLD20_PASSIVE_LOWER old=544 new=872 macros=6 gathers=0
FOLD20_PASSIVE_LOWER old=260 new=664 macros=6 gathers=0
FOLD20_PASSIVE_LOWER old=0 new=0 macros=0 gathers=0
RANK4_LOWER class=4 original_ops=16301 new_ops=12621 symbolic_rank_gates=84 paired_macros=116 conditional_clean=true
FOLD20_T10_RANK4 j=3 last=true low=true old_ops=16301 ops=12621
RANK4_LOWER class=4 original_ops=18111 new_ops=13739 symbolic_rank_gates=108 paired_macros=188 conditional_clean=true
FOLD20_T10_RANK4 j=0 last=true low=true old_ops=18111 ops=13739
RANK4_LOWER class=4 original_ops=19527 new_ops=14741 symbolic_rank_gates=108 paired_macros=188 conditional_clean=true
FOLD20_T10_RANK4 j=2 last=true low=true old_ops=19527 ops=14741
RANK4_LOWER class=4 original_ops=18697 new_ops=14165 symbolic_rank_gates=108 paired_macros=188 conditional_clean=true
FOLD20_T10_RANK4 j=1 last=true low=true old_ops=18697 ops=14165
RANK4_LOWER class=3 original_ops=66509 new_ops=57547 symbolic_rank_gates=704 paired_macros=780 conditional_clean=true
FOLD20_T10_RANK4 j=3 last=false low=true old_ops=66509 ops=57547
FOLD20_PASSIVE_LOWER old=688 new=1138 macros=8 gathers=0
RANK4_LOWER class=3 original_ops=66213 new_ops=57551 symbolic_rank_gates=704 paired_macros=780 conditional_clean=true
FOLD20_T10_RANK4 j=1 last=false low=true old_ops=66213 ops=57551
FOLD20_PASSIVE_LOWER old=260 new=664 macros=6 gathers=0
FOLD20_PASSIVE_LOWER old=544 new=872 macros=6 gathers=0
RANK4_LOWER class=3 original_ops=90387 new_ops=78871 symbolic_rank_gates=896 paired_macros=1010 conditional_clean=true
FOLD20_T10_RANK4 j=2 last=false low=true old_ops=90387 ops=78871
FOLD20_PASSIVE_LOWER old=1082 new=6864 macros=22 gathers=0
FOLD20_PASSIVE_LOWER old=260 new=664 macros=6 gathers=0
RANK4_LOWER class=3 original_ops=90653 new_ops=78863 symbolic_rank_gates=896 paired_macros=1010 conditional_clean=true
FOLD20_T10_RANK4 j=0 last=false low=true old_ops=90653 ops=78863
FOLD20_PASSIVE_LOWER old=326 new=3110 macros=9 gathers=0
FOLD20_PASSIVE_LOWER old=544 new=872 macros=6 gathers=0
FOLD20_PASSIVE_LOWER old=260 new=664 macros=6 gathers=0
FOLD20_PASSIVE_LOWER old=544 new=872 macros=6 gathers=0
FOLD20_PASSIVE_LOWER old=0 new=0 macros=0 gathers=0
FOLD20_PASSIVE_LOWER old=260 new=664 macros=6 gathers=0
FOLD20_PASSIVE_LOWER old=0 new=0 macros=0 gathers=0
RANK4_LOWER class=4 original_ops=16405 new_ops=12709 symbolic_rank_gates=84 paired_macros=116 conditional_clean=true
FOLD20_T10_RANK4 j=3 last=true low=true old_ops=16405 ops=12709
RANK4_LOWER class=4 original_ops=18801 new_ops=14253 symbolic_rank_gates=108 paired_macros=188 conditional_clean=true
FOLD20_T10_RANK4 j=1 last=true low=true old_ops=18801 ops=14253
RANK4_LOWER class=4 original_ops=18215 new_ops=13827 symbolic_rank_gates=108 paired_macros=188 conditional_clean=true
FOLD20_T10_RANK4 j=0 last=true low=true old_ops=18215 ops=13827
RANK4_LOWER class=4 original_ops=19631 new_ops=14829 symbolic_rank_gates=108 paired_macros=188 conditional_clean=true
FOLD20_T10_RANK4 j=2 last=true low=true old_ops=19631 ops=14829
RANK4_LOWER class=3 original_ops=66761 new_ops=57757 symbolic_rank_gates=704 paired_macros=780 conditional_clean=true
FOLD20_T10_RANK4 j=3 last=false low=true old_ops=66761 ops=57757
RANK4_LOWER class=3 original_ops=66465 new_ops=57761 symbolic_rank_gates=704 paired_macros=780 conditional_clean=true
FOLD20_T10_RANK4 j=1 last=false low=true old_ops=66465 ops=57761
FOLD20_PASSIVE_LOWER old=688 new=1138 macros=8 gathers=0
FOLD20_PASSIVE_LOWER old=260 new=664 macros=6 gathers=0
FOLD20_PASSIVE_LOWER old=544 new=872 macros=6 gathers=0
FOLD20_PASSIVE_LOWER old=260 new=664 macros=6 gathers=0
RANK4_LOWER class=3 original_ops=90639 new_ops=79081 symbolic_rank_gates=896 paired_macros=1010 conditional_clean=true
FOLD20_T10_RANK4 j=2 last=false low=true old_ops=90639 ops=79081
FOLD20_PASSIVE_LOWER old=1082 new=6864 macros=22 gathers=0
FOLD20_PASSIVE_LOWER old=326 new=3110 macros=9 gathers=0
FOLD20_PASSIVE_LOWER old=544 new=872 macros=6 gathers=0
FOLD20_PASSIVE_LOWER old=260 new=664 macros=6 gathers=0
RANK4_LOWER class=3 original_ops=90905 new_ops=79073 symbolic_rank_gates=896 paired_macros=1010 conditional_clean=true
FOLD20_T10_RANK4 j=0 last=false low=true old_ops=90905 ops=79073
FOLD20_PASSIVE_LOWER old=0 new=0 macros=0 gathers=0
FOLD20_PASSIVE_LOWER old=544 new=872 macros=6 gathers=0
FOLD20_PASSIVE_LOWER old=260 new=664 macros=6 gathers=0
FOLD20_PASSIVE_LOWER old=0 new=0 macros=0 gathers=0
RANK4_LOWER class=4 original_ops=16525 new_ops=12805 symbolic_rank_gates=84 paired_macros=116 conditional_clean=true
FOLD20_T10_RANK4 j=3 last=true low=true old_ops=16525 ops=12805
RANK4_LOWER class=4 original_ops=18921 new_ops=14349 symbolic_rank_gates=108 paired_macros=188 conditional_clean=true
FOLD20_T10_RANK4 j=1 last=true low=true old_ops=18921 ops=14349
RANK4_LOWER class=4 original_ops=18335 new_ops=13923 symbolic_rank_gates=108 paired_macros=188 conditional_clean=true
FOLD20_T10_RANK4 j=0 last=true low=true old_ops=18335 ops=13923
RANK4_LOWER class=4 original_ops=19751 new_ops=14925 symbolic_rank_gates=108 paired_macros=188 conditional_clean=true
FOLD20_T10_RANK4 j=2 last=true low=true old_ops=19751 ops=14925
RANK4_LOWER class=3 original_ops=67009 new_ops=57969 symbolic_rank_gates=704 paired_macros=780 conditional_clean=true
FOLD20_T10_RANK4 j=3 last=false low=true old_ops=67009 ops=57969
RANK4_LOWER class=3 original_ops=66713 new_ops=57973 symbolic_rank_gates=704 paired_macros=780 conditional_clean=true
FOLD20_T10_RANK4 j=1 last=false low=true old_ops=66713 ops=57973
FOLD20_PASSIVE_LOWER old=688 new=1138 macros=8 gathers=0
FOLD20_PASSIVE_LOWER old=260 new=664 macros=6 gathers=0
FOLD20_PASSIVE_LOWER old=544 new=872 macros=6 gathers=0
FOLD20_PASSIVE_LOWER old=260 new=664 macros=6 gathers=0
FOLD20_PASSIVE_LOWER old=326 new=3110 macros=9 gathers=0
FOLD20_PASSIVE_LOWER old=1082 new=6864 macros=22 gathers=0
RANK4_LOWER class=3 original_ops=90887 new_ops=79293 symbolic_rank_gates=896 paired_macros=1010 conditional_clean=true
FOLD20_T10_RANK4 j=2 last=false low=true old_ops=90887 ops=79293
RANK4_LOWER class=3 original_ops=91153 new_ops=79285 symbolic_rank_gates=896 paired_macros=1010 conditional_clean=true
FOLD20_T10_RANK4 j=0 last=false low=true old_ops=91153 ops=79285
FOLD20_PASSIVE_LOWER old=544 new=872 macros=6 gathers=0
FOLD20_PASSIVE_LOWER old=260 new=664 macros=6 gathers=0
FOLD20_PASSIVE_LOWER old=0 new=0 macros=0 gathers=0
FOLD20_PASSIVE_LOWER old=544 new=872 macros=6 gathers=0
FOLD20_PASSIVE_LOWER old=260 new=664 macros=6 gathers=0
FOLD20_PASSIVE_LOWER old=0 new=0 macros=0 gathers=0
RANK4_LOWER class=4 original_ops=16629 new_ops=12893 symbolic_rank_gates=84 paired_macros=116 conditional_clean=true
FOLD20_T10_RANK4 j=3 last=true low=true old_ops=16629 ops=12893
RANK4_LOWER class=4 original_ops=18439 new_ops=14011 symbolic_rank_gates=108 paired_macros=188 conditional_clean=true
FOLD20_T10_RANK4 j=0 last=true low=true old_ops=18439 ops=14011
RANK4_LOWER class=4 original_ops=19025 new_ops=14437 symbolic_rank_gates=108 paired_macros=188 conditional_clean=true
FOLD20_T10_RANK4 j=1 last=true low=true old_ops=19025 ops=14437
RANK4_LOWER class=4 original_ops=19855 new_ops=15013 symbolic_rank_gates=108 paired_macros=188 conditional_clean=true
FOLD20_T10_RANK4 j=2 last=true low=true old_ops=19855 ops=15013
RANK4_LOWER class=3 original_ops=67253 new_ops=58177 symbolic_rank_gates=704 paired_macros=780 conditional_clean=true
FOLD20_T10_RANK4 j=3 last=false low=true old_ops=67253 ops=58177
RANK4_LOWER class=3 original_ops=66957 new_ops=58181 symbolic_rank_gates=704 paired_macros=780 conditional_clean=true
FOLD20_T10_RANK4 j=1 last=false low=true old_ops=66957 ops=58181
FOLD20_PASSIVE_LOWER old=544 new=872 macros=6 gathers=0
FOLD20_PASSIVE_LOWER old=688 new=1138 macros=8 gathers=0
FOLD20_PASSIVE_LOWER old=260 new=664 macros=6 gathers=0
FOLD20_PASSIVE_LOWER old=260 new=664 macros=6 gathers=0
RANK4_LOWER class=3 original_ops=91131 new_ops=79501 symbolic_rank_gates=896 paired_macros=1010 conditional_clean=true
FOLD20_T10_RANK4 j=2 last=false low=true old_ops=91131 ops=79501
RANK4_LOWER class=3 original_ops=91397 new_ops=79493 symbolic_rank_gates=896 paired_macros=1010 conditional_clean=true
FOLD20_T10_RANK4 j=0 last=false low=true old_ops=91397 ops=79493
FOLD20_PASSIVE_LOWER old=326 new=3110 macros=9 gathers=0
FOLD20_PASSIVE_LOWER old=1082 new=6864 macros=22 gathers=0
FOLD20_PASSIVE_LOWER old=544 new=872 macros=6 gathers=0
FOLD20_PASSIVE_LOWER old=260 new=664 macros=6 gathers=0
FOLD20_PASSIVE_LOWER old=544 new=872 macros=6 gathers=0
FOLD20_PASSIVE_LOWER old=260 new=664 macros=6 gathers=0
FOLD20_PASSIVE_LOWER old=0 new=0 macros=0 gathers=0
FOLD20_PASSIVE_LOWER old=0 new=0 macros=0 gathers=0
RANK4_LOWER class=4 original_ops=16789 new_ops=13021 symbolic_rank_gates=84 paired_macros=116 conditional_clean=true
FOLD20_T10_RANK4 j=3 last=true low=true old_ops=16789 ops=13021
RANK4_LOWER class=4 original_ops=20015 new_ops=15141 symbolic_rank_gates=108 paired_macros=188 conditional_clean=true
FOLD20_T10_RANK4 j=2 last=true low=true old_ops=20015 ops=15141
RANK4_LOWER class=4 original_ops=18599 new_ops=14139 symbolic_rank_gates=108 paired_macros=188 conditional_clean=true
FOLD20_T10_RANK4 j=0 last=true low=true old_ops=18599 ops=14139
RANK4_LOWER class=4 original_ops=19185 new_ops=14565 symbolic_rank_gates=108 paired_macros=188 conditional_clean=true
FOLD20_T10_RANK4 j=1 last=true low=true old_ops=19185 ops=14565
RANK4_LOWER class=3 original_ops=67497 new_ops=58393 symbolic_rank_gates=704 paired_macros=780 conditional_clean=true
FOLD20_T10_RANK4 j=3 last=false low=true old_ops=67497 ops=58393
RANK4_LOWER class=3 original_ops=67201 new_ops=58397 symbolic_rank_gates=704 paired_macros=780 conditional_clean=true
FOLD20_T10_RANK4 j=1 last=false low=true old_ops=67201 ops=58397
FOLD20_PASSIVE_LOWER old=688 new=1138 macros=8 gathers=0
FOLD20_PASSIVE_LOWER old=544 new=872 macros=6 gathers=0
RANK4_LOWER class=3 original_ops=91375 new_ops=79717 symbolic_rank_gates=896 paired_macros=1010 conditional_clean=true
FOLD20_T10_RANK4 j=2 last=false low=true old_ops=91375 ops=79717
FOLD20_PASSIVE_LOWER old=260 new=664 macros=6 gathers=0
FOLD20_PASSIVE_LOWER old=260 new=664 macros=6 gathers=0
FOLD20_PASSIVE_LOWER old=326 new=3110 macros=9 gathers=0
FOLD20_PASSIVE_LOWER old=544 new=872 macros=6 gathers=0
FOLD20_PASSIVE_LOWER old=260 new=664 macros=6 gathers=0
FOLD20_PASSIVE_LOWER old=1082 new=6864 macros=22 gathers=0
RANK4_LOWER class=3 original_ops=91641 new_ops=79709 symbolic_rank_gates=896 paired_macros=1010 conditional_clean=true
FOLD20_T10_RANK4 j=0 last=false low=true old_ops=91641 ops=79709
FOLD20_PASSIVE_LOWER old=0 new=0 macros=0 gathers=0
FOLD20_PASSIVE_LOWER old=544 new=872 macros=6 gathers=0
FOLD20_PASSIVE_LOWER old=260 new=664 macros=6 gathers=0
FOLD20_PASSIVE_LOWER old=0 new=0 macros=0 gathers=0
RANK4_LOWER class=4 original_ops=16893 new_ops=13109 symbolic_rank_gates=84 paired_macros=116 conditional_clean=true
FOLD20_T10_RANK4 j=3 last=true low=true old_ops=16893 ops=13109
RANK4_LOWER class=4 original_ops=19289 new_ops=14653 symbolic_rank_gates=108 paired_macros=188 conditional_clean=true
FOLD20_T10_RANK4 j=1 last=true low=true old_ops=19289 ops=14653
RANK4_LOWER class=4 original_ops=18703 new_ops=14227 symbolic_rank_gates=108 paired_macros=188 conditional_clean=true
FOLD20_T10_RANK4 j=0 last=true low=true old_ops=18703 ops=14227
RANK4_LOWER class=4 original_ops=20119 new_ops=15229 symbolic_rank_gates=108 paired_macros=188 conditional_clean=true
FOLD20_T10_RANK4 j=2 last=true low=true old_ops=20119 ops=15229
RANK4_LOWER class=3 original_ops=69129 new_ops=59665 symbolic_rank_gates=704 paired_macros=794 conditional_clean=true
FOLD20_T10_RANK4 j=3 last=false low=true old_ops=69129 ops=59665
RANK4_LOWER class=3 original_ops=68805 new_ops=59669 symbolic_rank_gates=704 paired_macros=794 conditional_clean=true
FOLD20_T10_RANK4 j=1 last=false low=true old_ops=68805 ops=59669
FOLD20_PASSIVE_LOWER old=688 new=1138 macros=8 gathers=0
FOLD20_PASSIVE_LOWER old=544 new=872 macros=6 gathers=0
FOLD20_PASSIVE_LOWER old=260 new=664 macros=6 gathers=0
FOLD20_PASSIVE_LOWER old=260 new=664 macros=6 gathers=0
FOLD20_PASSIVE_LOWER old=326 new=3110 macros=9 gathers=0
FOLD20_PASSIVE_LOWER old=1082 new=6864 macros=22 gathers=0
RANK4_LOWER class=3 original_ops=92611 new_ops=80681 symbolic_rank_gates=896 paired_macros=1024 conditional_clean=true
FOLD20_T10_RANK4 j=2 last=false low=true old_ops=92611 ops=80681
RANK4_LOWER class=3 original_ops=92849 new_ops=80673 symbolic_rank_gates=896 paired_macros=1024 conditional_clean=true
FOLD20_T10_RANK4 j=0 last=false low=true old_ops=92849 ops=80673
FOLD20_PASSIVE_LOWER old=544 new=872 macros=6 gathers=0
FOLD20_PASSIVE_LOWER old=260 new=664 macros=6 gathers=0
FOLD20_PASSIVE_LOWER old=544 new=872 macros=6 gathers=0
FOLD20_PASSIVE_LOWER old=260 new=664 macros=6 gathers=0
FOLD20_PASSIVE_LOWER old=0 new=0 macros=0 gathers=0
FOLD20_PASSIVE_LOWER old=0 new=0 macros=0 gathers=0
RANK4_LOWER class=4 original_ops=17013 new_ops=13205 symbolic_rank_gates=84 paired_macros=116 conditional_clean=true
FOLD20_T10_RANK4 j=3 last=true low=true old_ops=17013 ops=13205
RANK4_LOWER class=4 original_ops=19893 new_ops=15519 symbolic_rank_gates=108 paired_macros=208 conditional_clean=true
FOLD20_T10_RANK4 j=0 last=true low=true old_ops=19893 ops=15519
RANK4_LOWER class=4 original_ops=24463 new_ops=19671 symbolic_rank_gates=108 paired_macros=252 conditional_clean=true
FOLD20_T10_RANK4 j=2 last=true low=true old_ops=24463 ops=19671
RANK4_LOWER class=4 original_ops=22915 new_ops=18443 symbolic_rank_gates=108 paired_macros=246 conditional_clean=true
FOLD20_T10_RANK4 j=1 last=true low=true old_ops=22915 ops=18443
RANK4_LOWER class=3 original_ops=73737 new_ops=63195 symbolic_rank_gates=704 paired_macros=828 conditional_clean=true
FOLD20_T10_RANK4 j=3 last=false low=true old_ops=73737 ops=63195
RANK4_LOWER class=3 original_ops=73349 new_ops=63199 symbolic_rank_gates=704 paired_macros=828 conditional_clean=true
FOLD20_T10_RANK4 j=1 last=false low=true old_ops=73349 ops=63199
FOLD20_PASSIVE_LOWER old=688 new=1138 macros=8 gathers=0
FOLD20_PASSIVE_LOWER old=260 new=664 macros=6 gathers=0
FOLD20_PASSIVE_LOWER old=544 new=872 macros=6 gathers=0
FOLD20_PASSIVE_LOWER old=260 new=664 macros=6 gathers=0
FOLD20_PASSIVE_LOWER old=1082 new=6864 macros=22 gathers=0
FOLD20_PASSIVE_LOWER old=326 new=3110 macros=9 gathers=0
RANK4_LOWER class=3 original_ops=102787 new_ops=88195 symbolic_rank_gates=896 paired_macros=1082 conditional_clean=true
FOLD20_T10_RANK4 j=2 last=false low=true old_ops=102787 ops=88195
RANK4_LOWER class=3 original_ops=104425 new_ops=89245 symbolic_rank_gates=896 paired_macros=1100 conditional_clean=true
FOLD20_T10_RANK4 j=0 last=false low=true old_ops=104425 ops=89245
FOLD20_PASSIVE_LOWER old=544 new=872 macros=6 gathers=0
FOLD20_PASSIVE_LOWER old=260 new=664 macros=6 gathers=0
FOLD20_PASSIVE_LOWER old=0 new=0 macros=0 gathers=0
FOLD20_PASSIVE_LOWER old=544 new=872 macros=6 gathers=0
FOLD20_PASSIVE_LOWER old=260 new=664 macros=6 gathers=0
FOLD20_PASSIVE_LOWER old=0 new=0 macros=0 gathers=0
RANK4_LOWER class=4 original_ops=17081 new_ops=13259 symbolic_rank_gates=84 paired_macros=116 conditional_clean=true
FOLD20_T10_RANK4 j=3 last=true low=true old_ops=17081 ops=13259
RANK4_LOWER class=4 original_ops=19961 new_ops=15573 symbolic_rank_gates=108 paired_macros=208 conditional_clean=true
FOLD20_T10_RANK4 j=0 last=true low=true old_ops=19961 ops=15573
RANK4_LOWER class=4 original_ops=24531 new_ops=19725 symbolic_rank_gates=108 paired_macros=252 conditional_clean=true
FOLD20_T10_RANK4 j=2 last=true low=true old_ops=24531 ops=19725
RANK4_LOWER class=4 original_ops=22983 new_ops=18497 symbolic_rank_gates=108 paired_macros=246 conditional_clean=true
FOLD20_T10_RANK4 j=1 last=true low=true old_ops=22983 ops=18497
RANK4_LOWER class=3 original_ops=73877 new_ops=63319 symbolic_rank_gates=704 paired_macros=828 conditional_clean=true
FOLD20_T10_RANK4 j=3 last=false low=true old_ops=73877 ops=63319
FOLD20_PASSIVE_LOWER old=688 new=1138 macros=8 gathers=0
FOLD20_PASSIVE_LOWER old=260 new=664 macros=6 gathers=0
FOLD20_PASSIVE_LOWER old=1082 new=6864 macros=22 gathers=0
RANK4_LOWER class=3 original_ops=73489 new_ops=63323 symbolic_rank_gates=704 paired_macros=828 conditional_clean=true
FOLD20_T10_RANK4 j=1 last=false low=true old_ops=73489 ops=63323
RANK4_LOWER class=3 original_ops=102927 new_ops=88319 symbolic_rank_gates=896 paired_macros=1082 conditional_clean=true
FOLD20_T10_RANK4 j=2 last=false low=true old_ops=102927 ops=88319
FOLD20_PASSIVE_LOWER old=544 new=872 macros=6 gathers=0
FOLD20_PASSIVE_LOWER old=260 new=664 macros=6 gathers=0
FOLD20_PASSIVE_LOWER old=544 new=872 macros=6 gathers=0
FOLD20_PASSIVE_LOWER old=326 new=3110 macros=9 gathers=0
RANK4_LOWER class=3 original_ops=104565 new_ops=89369 symbolic_rank_gates=896 paired_macros=1100 conditional_clean=true
FOLD20_T10_RANK4 j=0 last=false low=true old_ops=104565 ops=89369
FOLD20_PASSIVE_LOWER old=260 new=664 macros=6 gathers=0
FOLD20_PASSIVE_LOWER old=0 new=0 macros=0 gathers=0
FOLD20_PASSIVE_LOWER old=544 new=872 macros=6 gathers=0
FOLD20_PASSIVE_LOWER old=260 new=664 macros=6 gathers=0
FOLD20_PASSIVE_LOWER old=0 new=0 macros=0 gathers=0
RANK4_LOWER class=4 original_ops=17081 new_ops=13259 symbolic_rank_gates=84 paired_macros=116 conditional_clean=true
FOLD20_T10_RANK4 j=3 last=true low=true old_ops=17081 ops=13259
RANK4_LOWER class=4 original_ops=19961 new_ops=15573 symbolic_rank_gates=108 paired_macros=208 conditional_clean=true
FOLD20_T10_RANK4 j=0 last=true low=true old_ops=19961 ops=15573
RANK4_LOWER class=4 original_ops=24531 new_ops=19725 symbolic_rank_gates=108 paired_macros=252 conditional_clean=true
FOLD20_T10_RANK4 j=2 last=true low=true old_ops=24531 ops=19725
RANK4_LOWER class=4 original_ops=22983 new_ops=18497 symbolic_rank_gates=108 paired_macros=246 conditional_clean=true
FOLD20_T10_RANK4 j=1 last=true low=true old_ops=22983 ops=18497
RANK4_LOWER class=3 original_ops=73877 new_ops=63319 symbolic_rank_gates=704 paired_macros=828 conditional_clean=true
FOLD20_T10_RANK4 j=3 last=false low=true old_ops=73877 ops=63319
FOLD20_PASSIVE_LOWER old=688 new=1138 macros=8 gathers=0
FOLD20_PASSIVE_LOWER old=260 new=664 macros=6 gathers=0
RANK4_LOWER class=3 original_ops=73489 new_ops=63323 symbolic_rank_gates=704 paired_macros=828 conditional_clean=true
FOLD20_T10_RANK4 j=1 last=false low=true old_ops=73489 ops=63323
FOLD20_PASSIVE_LOWER old=1082 new=6864 macros=22 gathers=0
FOLD20_PASSIVE_LOWER old=544 new=872 macros=6 gathers=0
FOLD20_PASSIVE_LOWER old=260 new=664 macros=6 gathers=0
RANK4_LOWER class=3 original_ops=102927 new_ops=88319 symbolic_rank_gates=896 paired_macros=1082 conditional_clean=true
FOLD20_T10_RANK4 j=2 last=false low=true old_ops=102927 ops=88319
FOLD20_PASSIVE_LOWER old=326 new=3110 macros=9 gathers=0
RANK4_LOWER class=3 original_ops=104565 new_ops=89369 symbolic_rank_gates=896 paired_macros=1100 conditional_clean=true
FOLD20_T10_RANK4 j=0 last=false low=true old_ops=104565 ops=89369
FOLD20_PASSIVE_LOWER old=544 new=872 macros=6 gathers=0
FOLD20_PASSIVE_LOWER old=260 new=664 macros=6 gathers=0
FOLD20_PASSIVE_LOWER old=544 new=872 macros=6 gathers=0
FOLD20_PASSIVE_LOWER old=0 new=0 macros=0 gathers=0
FOLD20_PASSIVE_LOWER old=260 new=664 macros=6 gathers=0
FOLD20_PASSIVE_LOWER old=0 new=0 macros=0 gathers=0
RANK4_LOWER class=4 original_ops=17081 new_ops=13259 symbolic_rank_gates=84 paired_macros=116 conditional_clean=true
FOLD20_T10_RANK4 j=3 last=true low=true old_ops=17081 ops=13259
RANK4_LOWER class=4 original_ops=19961 new_ops=15573 symbolic_rank_gates=108 paired_macros=208 conditional_clean=true
FOLD20_T10_RANK4 j=0 last=true low=true old_ops=19961 ops=15573
RANK4_LOWER class=4 original_ops=24531 new_ops=19725 symbolic_rank_gates=108 paired_macros=252 conditional_clean=true
FOLD20_T10_RANK4 j=2 last=true low=true old_ops=24531 ops=19725
RANK4_LOWER class=4 original_ops=22983 new_ops=18497 symbolic_rank_gates=108 paired_macros=246 conditional_clean=true
FOLD20_T10_RANK4 j=1 last=true low=true old_ops=22983 ops=18497
RANK4_LOWER class=3 original_ops=73877 new_ops=63319 symbolic_rank_gates=704 paired_macros=828 conditional_clean=true
FOLD20_T10_RANK4 j=3 last=false low=true old_ops=73877 ops=63319
FOLD20_PASSIVE_LOWER old=688 new=1138 macros=8 gathers=0
FOLD20_PASSIVE_LOWER old=260 new=664 macros=6 gathers=0
RANK4_LOWER class=3 original_ops=73489 new_ops=63323 symbolic_rank_gates=704 paired_macros=828 conditional_clean=true
FOLD20_T10_RANK4 j=1 last=false low=true old_ops=73489 ops=63323
FOLD20_PASSIVE_LOWER old=1082 new=6864 macros=22 gathers=0
FOLD20_PASSIVE_LOWER old=544 new=872 macros=6 gathers=0
FOLD20_PASSIVE_LOWER old=260 new=664 macros=6 gathers=0
RANK4_LOWER class=3 original_ops=104565 new_ops=89369 symbolic_rank_gates=896 paired_macros=1100 conditional_clean=true
FOLD20_T10_RANK4 j=0 last=false low=true old_ops=104565 ops=89369
RANK4_LOWER class=3 original_ops=102927 new_ops=88319 symbolic_rank_gates=896 paired_macros=1082 conditional_clean=true
FOLD20_T10_RANK4 j=2 last=false low=true old_ops=102927 ops=88319
FOLD20_PASSIVE_LOWER old=326 new=3110 macros=9 gathers=0
FOLD20_PASSIVE_LOWER old=544 new=872 macros=6 gathers=0
FOLD20_PASSIVE_LOWER old=544 new=872 macros=6 gathers=0
FOLD20_PASSIVE_LOWER old=260 new=664 macros=6 gathers=0
FOLD20_PASSIVE_LOWER old=260 new=664 macros=6 gathers=0
FOLD20_PASSIVE_LOWER old=0 new=0 macros=0 gathers=0
FOLD20_PASSIVE_LOWER old=0 new=0 macros=0 gathers=0
RANK4_LOWER class=4 original_ops=17081 new_ops=13259 symbolic_rank_gates=84 paired_macros=116 conditional_clean=true
FOLD20_T10_RANK4 j=3 last=true low=true old_ops=17081 ops=13259
RANK4_LOWER class=4 original_ops=22983 new_ops=18497 symbolic_rank_gates=108 paired_macros=246 conditional_clean=true
RANK4_LOWER class=4 original_ops=24531 new_ops=19725 symbolic_rank_gates=108 paired_macros=252 conditional_clean=true
FOLD20_T10_RANK4 j=1 last=true low=true old_ops=22983 ops=18497
FOLD20_T10_RANK4 j=2 last=true low=true old_ops=24531 ops=19725
RANK4_LOWER class=4 original_ops=19961 new_ops=15573 symbolic_rank_gates=108 paired_macros=208 conditional_clean=true
FOLD20_T10_RANK4 j=0 last=true low=true old_ops=19961 ops=15573
RANK4_LOWER class=3 original_ops=73877 new_ops=63319 symbolic_rank_gates=704 paired_macros=828 conditional_clean=true
FOLD20_T10_RANK4 j=3 last=false low=true old_ops=73877 ops=63319
FOLD20_PASSIVE_LOWER old=688 new=1138 macros=8 gathers=0
FOLD20_PASSIVE_LOWER old=260 new=664 macros=6 gathers=0
RANK4_LOWER class=3 original_ops=73489 new_ops=63323 symbolic_rank_gates=704 paired_macros=828 conditional_clean=true
FOLD20_T10_RANK4 j=1 last=false low=true old_ops=73489 ops=63323
FOLD20_PASSIVE_LOWER old=544 new=872 macros=6 gathers=0
FOLD20_PASSIVE_LOWER old=1082 new=6864 macros=22 gathers=0
FOLD20_PASSIVE_LOWER old=260 new=664 macros=6 gathers=0
RANK4_LOWER class=3 original_ops=102927 new_ops=88319 symbolic_rank_gates=896 paired_macros=1082 conditional_clean=true
FOLD20_PASSIVE_LOWER old=326 new=3110 macros=9 gathers=0
FOLD20_T10_RANK4 j=2 last=false low=true old_ops=102927 ops=88319
RANK4_LOWER class=3 original_ops=104565 new_ops=89369 symbolic_rank_gates=896 paired_macros=1100 conditional_clean=true
FOLD20_T10_RANK4 j=0 last=false low=true old_ops=104565 ops=89369
FOLD20_PASSIVE_LOWER old=544 new=872 macros=6 gathers=0
FOLD20_PASSIVE_LOWER old=260 new=664 macros=6 gathers=0
FOLD20_PASSIVE_LOWER old=0 new=0 macros=0 gathers=0
FOLD20_PASSIVE_LOWER old=544 new=872 macros=6 gathers=0
FOLD20_PASSIVE_LOWER old=260 new=664 macros=6 gathers=0
FOLD20_PASSIVE_LOWER old=0 new=0 macros=0 gathers=0
RANK4_LOWER class=4 original_ops=16933 new_ops=13141 symbolic_rank_gates=84 paired_macros=116 conditional_clean=true
FOLD20_T10_RANK4 j=3 last=true low=true old_ops=16933 ops=13141
RANK4_LOWER class=4 original_ops=18749 new_ops=14721 symbolic_rank_gates=108 paired_macros=184 conditional_clean=true
FOLD20_T10_RANK4 j=0 last=true low=true old_ops=18749 ops=14721
RANK4_LOWER class=4 original_ops=21771 new_ops=17643 symbolic_rank_gates=108 paired_macros=222 conditional_clean=true
FOLD20_T10_RANK4 j=1 last=true low=true old_ops=21771 ops=17643
RANK4_LOWER class=4 original_ops=23319 new_ops=18871 symbolic_rank_gates=108 paired_macros=228 conditional_clean=true
FOLD20_T10_RANK4 j=2 last=true low=true old_ops=23319 ops=18871
RANK4_LOWER class=3 original_ops=67389 new_ops=55755 symbolic_rank_gates=704 paired_macros=764 conditional_clean=true
FOLD20_T10_RANK4 j=3 last=false low=true old_ops=67389 ops=55755
FOLD20_PASSIVE_LOWER old=688 new=1138 macros=8 gathers=0
FOLD20_PASSIVE_LOWER old=260 new=664 macros=6 gathers=0
RANK4_LOWER class=3 original_ops=67129 new_ops=55759 symbolic_rank_gates=704 paired_macros=764 conditional_clean=true
FOLD20_T10_RANK4 j=1 last=false low=true old_ops=67129 ops=55759
FOLD20_PASSIVE_LOWER old=1082 new=6864 macros=22 gathers=0
FOLD20_PASSIVE_LOWER old=544 new=872 macros=6 gathers=0
FOLD20_PASSIVE_LOWER old=260 new=664 macros=6 gathers=0
RANK4_LOWER class=3 original_ops=88665 new_ops=73371 symbolic_rank_gates=896 paired_macros=984 conditional_clean=true
FOLD20_T10_RANK4 j=0 last=false low=true old_ops=88665 ops=73371
RANK4_LOWER class=3 original_ops=87131 new_ops=72363 symbolic_rank_gates=896 paired_macros=966 conditional_clean=true
FOLD20_PASSIVE_LOWER old=326 new=3110 macros=9 gathers=0
FOLD20_T10_RANK4 j=2 last=false low=true old_ops=87131 ops=72363
FOLD20_PASSIVE_LOWER old=544 new=872 macros=6 gathers=0
FOLD20_PASSIVE_LOWER old=544 new=872 macros=6 gathers=0
FOLD20_PASSIVE_LOWER old=260 new=664 macros=6 gathers=0
FOLD20_PASSIVE_LOWER old=260 new=664 macros=6 gathers=0
FOLD20_PASSIVE_LOWER old=0 new=0 macros=0 gathers=0
FOLD20_PASSIVE_LOWER old=0 new=0 macros=0 gathers=0
RANK4_LOWER class=4 original_ops=16833 new_ops=13057 symbolic_rank_gates=84 paired_macros=116 conditional_clean=true
FOLD20_T10_RANK4 j=3 last=true low=true old_ops=16833 ops=13057
RANK4_LOWER class=4 original_ops=18649 new_ops=14637 symbolic_rank_gates=108 paired_macros=184 conditional_clean=true
FOLD20_T10_RANK4 j=0 last=true low=true old_ops=18649 ops=14637
RANK4_LOWER class=4 original_ops=23219 new_ops=18787 symbolic_rank_gates=108 paired_macros=228 conditional_clean=true
FOLD20_T10_RANK4 j=2 last=true low=true old_ops=23219 ops=18787
RANK4_LOWER class=4 original_ops=21671 new_ops=17559 symbolic_rank_gates=108 paired_macros=222 conditional_clean=true
FOLD20_T10_RANK4 j=1 last=true low=true old_ops=21671 ops=17559
RANK4_LOWER class=3 original_ops=67067 new_ops=55509 symbolic_rank_gates=704 paired_macros=764 conditional_clean=true
FOLD20_T10_RANK4 j=3 last=false low=true old_ops=67067 ops=55509
FOLD20_PASSIVE_LOWER old=688 new=1138 macros=8 gathers=0
FOLD20_PASSIVE_LOWER old=260 new=664 macros=6 gathers=0
RANK4_LOWER class=3 original_ops=66807 new_ops=55513 symbolic_rank_gates=704 paired_macros=764 conditional_clean=true
FOLD20_T10_RANK4 j=1 last=false low=true old_ops=66807 ops=55513
FOLD20_PASSIVE_LOWER old=1082 new=6864 macros=22 gathers=0
FOLD20_PASSIVE_LOWER old=544 new=872 macros=6 gathers=0
RANK4_LOWER class=3 original_ops=86809 new_ops=72117 symbolic_rank_gates=896 paired_macros=966 conditional_clean=true
FOLD20_T10_RANK4 j=2 last=false low=true old_ops=86809 ops=72117
RANK4_LOWER class=3 original_ops=88343 new_ops=73129 symbolic_rank_gates=896 paired_macros=984 conditional_clean=true
FOLD20_T10_RANK4 j=0 last=false low=true old_ops=88343 ops=73129
FOLD20_PASSIVE_LOWER old=260 new=664 macros=6 gathers=0
FOLD20_PASSIVE_LOWER old=326 new=3110 macros=9 gathers=0
FOLD20_PASSIVE_LOWER old=544 new=872 macros=6 gathers=0
FOLD20_PASSIVE_LOWER old=544 new=872 macros=6 gathers=0
FOLD20_PASSIVE_LOWER old=260 new=664 macros=6 gathers=0
FOLD20_PASSIVE_LOWER old=260 new=664 macros=6 gathers=0
FOLD20_PASSIVE_LOWER old=0 new=0 macros=0 gathers=0
FOLD20_PASSIVE_LOWER old=0 new=0 macros=0 gathers=0
RANK4_LOWER class=4 original_ops=16633 new_ops=12913 symbolic_rank_gates=84 paired_macros=116 conditional_clean=true
FOLD20_T10_RANK4 j=3 last=true low=true old_ops=16633 ops=12913
RANK4_LOWER class=4 original_ops=23019 new_ops=18643 symbolic_rank_gates=108 paired_macros=228 conditional_clean=true
FOLD20_T10_RANK4 j=2 last=true low=true old_ops=23019 ops=18643
RANK4_LOWER class=4 original_ops=21471 new_ops=17415 symbolic_rank_gates=108 paired_macros=222 conditional_clean=true
FOLD20_T10_RANK4 j=1 last=true low=true old_ops=21471 ops=17415
RANK4_LOWER class=4 original_ops=18449 new_ops=14493 symbolic_rank_gates=108 paired_macros=184 conditional_clean=true
FOLD20_T10_RANK4 j=0 last=true low=true old_ops=18449 ops=14493
RANK4_LOWER class=3 original_ops=66643 new_ops=55171 symbolic_rank_gates=704 paired_macros=764 conditional_clean=true
FOLD20_T10_RANK4 j=3 last=false low=true old_ops=66643 ops=55171
FOLD20_PASSIVE_LOWER old=688 new=1138 macros=8 gathers=0
FOLD20_PASSIVE_LOWER old=260 new=664 macros=6 gathers=0
RANK4_LOWER class=3 original_ops=66383 new_ops=55175 symbolic_rank_gates=704 paired_macros=764 conditional_clean=true
FOLD20_T10_RANK4 j=1 last=false low=true old_ops=66383 ops=55175
FOLD20_PASSIVE_LOWER old=1082 new=6864 macros=22 gathers=0
FOLD20_PASSIVE_LOWER old=544 new=872 macros=6 gathers=0
RANK4_LOWER class=3 original_ops=86385 new_ops=71779 symbolic_rank_gates=896 paired_macros=966 conditional_clean=true
FOLD20_T10_RANK4 j=2 last=false low=true old_ops=86385 ops=71779
FOLD20_PASSIVE_LOWER old=260 new=664 macros=6 gathers=0
FOLD20_PASSIVE_LOWER old=326 new=3110 macros=9 gathers=0
FOLD20_PASSIVE_LOWER old=544 new=872 macros=6 gathers=0
RANK4_LOWER class=3 original_ops=87919 new_ops=72791 symbolic_rank_gates=896 paired_macros=984 conditional_clean=true
FOLD20_T10_RANK4 j=0 last=false low=true old_ops=87919 ops=72791
FOLD20_PASSIVE_LOWER old=260 new=664 macros=6 gathers=0
FOLD20_PASSIVE_LOWER old=0 new=0 macros=0 gathers=0
FOLD20_PASSIVE_LOWER old=544 new=872 macros=6 gathers=0
FOLD20_PASSIVE_LOWER old=260 new=664 macros=6 gathers=0
FOLD20_PASSIVE_LOWER old=0 new=0 macros=0 gathers=0
RANK4_LOWER class=4 original_ops=16517 new_ops=12825 symbolic_rank_gates=84 paired_macros=116 conditional_clean=true
FOLD20_T10_RANK4 j=3 last=true low=true old_ops=16517 ops=12825
RANK4_LOWER class=4 original_ops=18333 new_ops=14405 symbolic_rank_gates=108 paired_macros=184 conditional_clean=true
FOLD20_T10_RANK4 j=0 last=true low=true old_ops=18333 ops=14405
RANK4_LOWER class=4 original_ops=21355 new_ops=17327 symbolic_rank_gates=108 paired_macros=222 conditional_clean=true
FOLD20_T10_RANK4 j=1 last=true low=true old_ops=21355 ops=17327
RANK4_LOWER class=4 original_ops=22903 new_ops=18555 symbolic_rank_gates=108 paired_macros=228 conditional_clean=true
FOLD20_T10_RANK4 j=2 last=true low=true old_ops=22903 ops=18555
RANK4_LOWER class=3 original_ops=66333 new_ops=54913 symbolic_rank_gates=704 paired_macros=764 conditional_clean=true
FOLD20_T10_RANK4 j=3 last=false low=true old_ops=66333 ops=54913
RANK4_LOWER class=3 original_ops=66073 new_ops=54917 symbolic_rank_gates=704 paired_macros=764 conditional_clean=true
FOLD20_T10_RANK4 j=1 last=false low=true old_ops=66073 ops=54917
FOLD20_PASSIVE_LOWER old=688 new=1138 macros=8 gathers=0
FOLD20_PASSIVE_LOWER old=260 new=664 macros=6 gathers=0
FOLD20_PASSIVE_LOWER old=544 new=872 macros=6 gathers=0
FOLD20_PASSIVE_LOWER old=260 new=664 macros=6 gathers=0
RANK4_LOWER class=3 original_ops=87609 new_ops=72529 symbolic_rank_gates=896 paired_macros=984 conditional_clean=true
FOLD20_T10_RANK4 j=0 last=false low=true old_ops=87609 ops=72529
FOLD20_PASSIVE_LOWER old=326 new=3110 macros=9 gathers=0
FOLD20_PASSIVE_LOWER old=1082 new=6864 macros=22 gathers=0
RANK4_LOWER class=3 original_ops=86075 new_ops=71521 symbolic_rank_gates=896 paired_macros=966 conditional_clean=true
FOLD20_T10_RANK4 j=2 last=false low=true old_ops=86075 ops=71521
FOLD20_PASSIVE_LOWER old=544 new=872 macros=6 gathers=0
FOLD20_PASSIVE_LOWER old=260 new=664 macros=6 gathers=0
FOLD20_PASSIVE_LOWER old=0 new=0 macros=0 gathers=0
FOLD20_PASSIVE_LOWER old=544 new=872 macros=6 gathers=0
FOLD20_PASSIVE_LOWER old=260 new=664 macros=6 gathers=0
FOLD20_PASSIVE_LOWER old=0 new=0 macros=0 gathers=0
RANK4_LOWER class=4 original_ops=16325 new_ops=12681 symbolic_rank_gates=84 paired_macros=116 conditional_clean=true
FOLD20_T10_RANK4 j=3 last=true low=true old_ops=16325 ops=12681
RANK4_LOWER class=4 original_ops=18141 new_ops=14261 symbolic_rank_gates=108 paired_macros=184 conditional_clean=true
FOLD20_T10_RANK4 j=0 last=true low=true old_ops=18141 ops=14261
RANK4_LOWER class=4 original_ops=21163 new_ops=17183 symbolic_rank_gates=108 paired_macros=222 conditional_clean=true
FOLD20_T10_RANK4 j=1 last=true low=true old_ops=21163 ops=17183
RANK4_LOWER class=4 original_ops=22711 new_ops=18411 symbolic_rank_gates=108 paired_macros=228 conditional_clean=true
FOLD20_T10_RANK4 j=2 last=true low=true old_ops=22711 ops=18411
RANK4_LOWER class=3 original_ops=65917 new_ops=54577 symbolic_rank_gates=704 paired_macros=764 conditional_clean=true
FOLD20_T10_RANK4 j=3 last=false low=true old_ops=65917 ops=54577
RANK4_LOWER class=3 original_ops=65657 new_ops=54581 symbolic_rank_gates=704 paired_macros=764 conditional_clean=true
FOLD20_T10_RANK4 j=1 last=false low=true old_ops=65657 ops=54581
FOLD20_PASSIVE_LOWER old=688 new=1138 macros=8 gathers=0
FOLD20_PASSIVE_LOWER old=260 new=664 macros=6 gathers=0
FOLD20_PASSIVE_LOWER old=544 new=872 macros=6 gathers=0
FOLD20_PASSIVE_LOWER old=260 new=664 macros=6 gathers=0
FOLD20_PASSIVE_LOWER old=1082 new=6864 macros=22 gathers=0
RANK4_LOWER class=3 original_ops=87193 new_ops=72193 symbolic_rank_gates=896 paired_macros=984 conditional_clean=true
FOLD20_T10_RANK4 j=0 last=false low=true old_ops=87193 ops=72193
FOLD20_PASSIVE_LOWER old=326 new=3110 macros=9 gathers=0
RANK4_LOWER class=3 original_ops=85659 new_ops=71185 symbolic_rank_gates=896 paired_macros=966 conditional_clean=true
FOLD20_T10_RANK4 j=2 last=false low=true old_ops=85659 ops=71185
FOLD20_PASSIVE_LOWER old=544 new=872 macros=6 gathers=0
FOLD20_PASSIVE_LOWER old=260 new=664 macros=6 gathers=0
FOLD20_PASSIVE_LOWER old=544 new=872 macros=6 gathers=0
FOLD20_PASSIVE_LOWER old=0 new=0 macros=0 gathers=0
FOLD20_PASSIVE_LOWER old=260 new=664 macros=6 gathers=0
FOLD20_PASSIVE_LOWER old=0 new=0 macros=0 gathers=0
RANK4_LOWER class=4 original_ops=16209 new_ops=12593 symbolic_rank_gates=84 paired_macros=116 conditional_clean=true
FOLD20_T10_RANK4 j=3 last=true low=true old_ops=16209 ops=12593
RANK4_LOWER class=4 original_ops=18025 new_ops=14173 symbolic_rank_gates=108 paired_macros=184 conditional_clean=true
FOLD20_T10_RANK4 j=0 last=true low=true old_ops=18025 ops=14173
RANK4_LOWER class=4 original_ops=21047 new_ops=17095 symbolic_rank_gates=108 paired_macros=222 conditional_clean=true
FOLD20_T10_RANK4 j=1 last=true low=true old_ops=21047 ops=17095
RANK4_LOWER class=4 original_ops=22595 new_ops=18323 symbolic_rank_gates=108 paired_macros=228 conditional_clean=true
FOLD20_T10_RANK4 j=2 last=true low=true old_ops=22595 ops=18323
RANK4_LOWER class=3 original_ops=65603 new_ops=54331 symbolic_rank_gates=704 paired_macros=764 conditional_clean=true
FOLD20_T10_RANK4 j=3 last=false low=true old_ops=65603 ops=54331
FOLD20_PASSIVE_LOWER old=688 new=1138 macros=8 gathers=0
FOLD20_PASSIVE_LOWER old=260 new=664 macros=6 gathers=0
RANK4_LOWER class=3 original_ops=65343 new_ops=54335 symbolic_rank_gates=704 paired_macros=764 conditional_clean=true
FOLD20_T10_RANK4 j=1 last=false low=true old_ops=65343 ops=54335
FOLD20_PASSIVE_LOWER old=1082 new=6864 macros=22 gathers=0
FOLD20_PASSIVE_LOWER old=544 new=872 macros=6 gathers=0
RANK4_LOWER class=3 original_ops=85345 new_ops=70939 symbolic_rank_gates=896 paired_macros=966 conditional_clean=true
RANK4_LOWER class=3 original_ops=86879 new_ops=71951 symbolic_rank_gates=896 paired_macros=984 conditional_clean=true
FOLD20_T10_RANK4 j=2 last=false low=true old_ops=85345 ops=70939
FOLD20_T10_RANK4 j=0 last=false low=true old_ops=86879 ops=71951
FOLD20_PASSIVE_LOWER old=260 new=664 macros=6 gathers=0
FOLD20_PASSIVE_LOWER old=326 new=3110 macros=9 gathers=0
FOLD20_PASSIVE_LOWER old=544 new=872 macros=6 gathers=0
FOLD20_PASSIVE_LOWER old=544 new=872 macros=6 gathers=0
FOLD20_PASSIVE_LOWER old=260 new=664 macros=6 gathers=0
FOLD20_PASSIVE_LOWER old=260 new=664 macros=6 gathers=0
FOLD20_PASSIVE_LOWER old=0 new=0 macros=0 gathers=0
FOLD20_PASSIVE_LOWER old=0 new=0 macros=0 gathers=0
RANK4_LOWER class=4 original_ops=16017 new_ops=12449 symbolic_rank_gates=84 paired_macros=116 conditional_clean=true
FOLD20_T10_RANK4 j=3 last=true low=true old_ops=16017 ops=12449
RANK4_LOWER class=4 original_ops=20855 new_ops=16951 symbolic_rank_gates=108 paired_macros=222 conditional_clean=true
FOLD20_T10_RANK4 j=1 last=true low=true old_ops=20855 ops=16951
RANK4_LOWER class=4 original_ops=22403 new_ops=18179 symbolic_rank_gates=108 paired_macros=228 conditional_clean=true
FOLD20_T10_RANK4 j=2 last=true low=true old_ops=22403 ops=18179
RANK4_LOWER class=4 original_ops=17833 new_ops=14029 symbolic_rank_gates=108 paired_macros=184 conditional_clean=true
FOLD20_T10_RANK4 j=0 last=true low=true old_ops=17833 ops=14029
RANK4_LOWER class=3 original_ops=65195 new_ops=53995 symbolic_rank_gates=704 paired_macros=764 conditional_clean=true
FOLD20_T10_RANK4 j=3 last=false low=true old_ops=65195 ops=53995
FOLD20_PASSIVE_LOWER old=688 new=1138 macros=8 gathers=0
FOLD20_PASSIVE_LOWER old=260 new=664 macros=6 gathers=0
RANK4_LOWER class=3 original_ops=64935 new_ops=53999 symbolic_rank_gates=704 paired_macros=764 conditional_clean=true
FOLD20_T10_RANK4 j=1 last=false low=true old_ops=64935 ops=53999
FOLD20_PASSIVE_LOWER old=1082 new=6864 macros=22 gathers=0
RANK4_LOWER class=3 original_ops=84937 new_ops=70603 symbolic_rank_gates=896 paired_macros=966 conditional_clean=true
FOLD20_T10_RANK4 j=2 last=false low=true old_ops=84937 ops=70603
RANK4_LOWER class=3 original_ops=86471 new_ops=71615 symbolic_rank_gates=896 paired_macros=984 conditional_clean=true
FOLD20_T10_RANK4 j=0 last=false low=true old_ops=86471 ops=71615
FOLD20_PASSIVE_LOWER old=544 new=872 macros=6 gathers=0
FOLD20_PASSIVE_LOWER old=260 new=664 macros=6 gathers=0
FOLD20_PASSIVE_LOWER old=544 new=872 macros=6 gathers=0
FOLD20_PASSIVE_LOWER old=326 new=3110 macros=9 gathers=0
FOLD20_PASSIVE_LOWER old=260 new=664 macros=6 gathers=0
FOLD20_PASSIVE_LOWER old=544 new=872 macros=6 gathers=0
FOLD20_PASSIVE_LOWER old=260 new=664 macros=6 gathers=0
FOLD20_PASSIVE_LOWER old=0 new=0 macros=0 gathers=0
FOLD20_PASSIVE_LOWER old=0 new=0 macros=0 gathers=0
RANK4_LOWER class=4 original_ops=15905 new_ops=12361 symbolic_rank_gates=84 paired_macros=116 conditional_clean=true
FOLD20_T10_RANK4 j=3 last=true low=true old_ops=15905 ops=12361
RANK4_LOWER class=4 original_ops=17721 new_ops=13941 symbolic_rank_gates=108 paired_macros=184 conditional_clean=true
FOLD20_T10_RANK4 j=0 last=true low=true old_ops=17721 ops=13941
RANK4_LOWER class=4 original_ops=20743 new_ops=16863 symbolic_rank_gates=108 paired_macros=222 conditional_clean=true
FOLD20_T10_RANK4 j=1 last=true low=true old_ops=20743 ops=16863
RANK4_LOWER class=4 original_ops=22291 new_ops=18091 symbolic_rank_gates=108 paired_macros=228 conditional_clean=true
FOLD20_T10_RANK4 j=2 last=true low=true old_ops=22291 ops=18091
RANK4_LOWER class=3 original_ops=64893 new_ops=53737 symbolic_rank_gates=704 paired_macros=764 conditional_clean=true
FOLD20_T10_RANK4 j=3 last=false low=true old_ops=64893 ops=53737
FOLD20_PASSIVE_LOWER old=688 new=1138 macros=8 gathers=0
FOLD20_PASSIVE_LOWER old=260 new=664 macros=6 gathers=0
FOLD20_PASSIVE_LOWER old=1082 new=6864 macros=22 gathers=0
RANK4_LOWER class=3 original_ops=64633 new_ops=53741 symbolic_rank_gates=704 paired_macros=764 conditional_clean=true
FOLD20_T10_RANK4 j=1 last=false low=true old_ops=64633 ops=53741
FOLD20_PASSIVE_LOWER old=544 new=872 macros=6 gathers=0
RANK4_LOWER class=3 original_ops=86169 new_ops=71353 symbolic_rank_gates=896 paired_macros=984 conditional_clean=true
FOLD20_T10_RANK4 j=0 last=false low=true old_ops=86169 ops=71353
RANK4_LOWER class=3 original_ops=84635 new_ops=70345 symbolic_rank_gates=896 paired_macros=966 conditional_clean=true
FOLD20_T10_RANK4 j=2 last=false low=true old_ops=84635 ops=70345
FOLD20_PASSIVE_LOWER old=260 new=664 macros=6 gathers=0
FOLD20_PASSIVE_LOWER old=326 new=3110 macros=9 gathers=0
FOLD20_PASSIVE_LOWER old=544 new=872 macros=6 gathers=0
FOLD20_PASSIVE_LOWER old=544 new=872 macros=6 gathers=0
FOLD20_PASSIVE_LOWER old=260 new=664 macros=6 gathers=0
FOLD20_PASSIVE_LOWER old=0 new=0 macros=0 gathers=0
FOLD20_PASSIVE_LOWER old=260 new=664 macros=6 gathers=0
FOLD20_PASSIVE_LOWER old=0 new=0 macros=0 gathers=0
RANK4_LOWER class=4 original_ops=15805 new_ops=12277 symbolic_rank_gates=84 paired_macros=116 conditional_clean=true
FOLD20_T10_RANK4 j=3 last=true low=true old_ops=15805 ops=12277
RANK4_LOWER class=4 original_ops=17621 new_ops=13857 symbolic_rank_gates=108 paired_macros=184 conditional_clean=true
FOLD20_T10_RANK4 j=0 last=true low=true old_ops=17621 ops=13857
RANK4_LOWER class=4 original_ops=20643 new_ops=16779 symbolic_rank_gates=108 paired_macros=222 conditional_clean=true
FOLD20_T10_RANK4 j=1 last=true low=true old_ops=20643 ops=16779
RANK4_LOWER class=4 original_ops=22191 new_ops=18007 symbolic_rank_gates=108 paired_macros=228 conditional_clean=true
FOLD20_T10_RANK4 j=2 last=true low=true old_ops=22191 ops=18007
RANK4_LOWER class=3 original_ops=64595 new_ops=53491 symbolic_rank_gates=704 paired_macros=764 conditional_clean=true
FOLD20_T10_RANK4 j=3 last=false low=true old_ops=64595 ops=53491
FOLD20_PASSIVE_LOWER old=688 new=1138 macros=8 gathers=0
RANK4_LOWER class=3 original_ops=64335 new_ops=53495 symbolic_rank_gates=704 paired_macros=764 conditional_clean=true
FOLD20_T10_RANK4 j=1 last=false low=true old_ops=64335 ops=53495
FOLD20_PASSIVE_LOWER old=260 new=664 macros=6 gathers=0
FOLD20_PASSIVE_LOWER old=544 new=872 macros=6 gathers=0
FOLD20_PASSIVE_LOWER old=260 new=664 macros=6 gathers=0
RANK4_LOWER class=3 original_ops=85871 new_ops=71111 symbolic_rank_gates=896 paired_macros=984 conditional_clean=true
FOLD20_T10_RANK4 j=0 last=false low=true old_ops=85871 ops=71111
RANK4_LOWER class=3 original_ops=84337 new_ops=70099 symbolic_rank_gates=896 paired_macros=966 conditional_clean=true
FOLD20_T10_RANK4 j=2 last=false low=true old_ops=84337 ops=70099
FOLD20_PASSIVE_LOWER old=1082 new=6864 macros=22 gathers=0
FOLD20_PASSIVE_LOWER old=326 new=3110 macros=9 gathers=0
FOLD20_PASSIVE_LOWER old=544 new=872 macros=6 gathers=0
FOLD20_PASSIVE_LOWER old=544 new=872 macros=6 gathers=0
FOLD20_PASSIVE_LOWER old=260 new=664 macros=6 gathers=0
FOLD20_PASSIVE_LOWER old=260 new=664 macros=6 gathers=0
FOLD20_PASSIVE_LOWER old=0 new=0 macros=0 gathers=0
FOLD20_PASSIVE_LOWER old=0 new=0 macros=0 gathers=0
RANK4_LOWER class=4 original_ops=15557 new_ops=12069 symbolic_rank_gates=84 paired_macros=116 conditional_clean=true
FOLD20_T10_RANK4 j=3 last=true low=true old_ops=15557 ops=12069
RANK4_LOWER class=4 original_ops=17373 new_ops=13649 symbolic_rank_gates=108 paired_macros=184 conditional_clean=true
FOLD20_T10_RANK4 j=0 last=true low=true old_ops=17373 ops=13649
RANK4_LOWER class=4 original_ops=20395 new_ops=16571 symbolic_rank_gates=108 paired_macros=222 conditional_clean=true
FOLD20_T10_RANK4 j=1 last=true low=true old_ops=20395 ops=16571
RANK4_LOWER class=4 original_ops=21943 new_ops=17799 symbolic_rank_gates=108 paired_macros=228 conditional_clean=true
FOLD20_T10_RANK4 j=2 last=true low=true old_ops=21943 ops=17799
RANK4_LOWER class=3 original_ops=63947 new_ops=52923 symbolic_rank_gates=704 paired_macros=764 conditional_clean=true
FOLD20_T10_RANK4 j=3 last=false low=true old_ops=63947 ops=52923
FOLD20_PASSIVE_LOWER old=688 new=1138 macros=8 gathers=0
FOLD20_PASSIVE_LOWER old=260 new=664 macros=6 gathers=0
RANK4_LOWER class=3 original_ops=63687 new_ops=52927 symbolic_rank_gates=704 paired_macros=764 conditional_clean=true
FOLD20_T10_RANK4 j=1 last=false low=true old_ops=63687 ops=52927
FOLD20_PASSIVE_LOWER old=1082 new=6864 macros=22 gathers=0
FOLD20_PASSIVE_LOWER old=544 new=872 macros=6 gathers=0
FOLD20_PASSIVE_LOWER old=260 new=664 macros=6 gathers=0
FOLD20_PASSIVE_LOWER old=326 new=3110 macros=9 gathers=0
RANK4_LOWER class=3 original_ops=85223 new_ops=70543 symbolic_rank_gates=896 paired_macros=984 conditional_clean=true
FOLD20_T10_RANK4 j=0 last=false low=true old_ops=85223 ops=70543
RANK4_LOWER class=3 original_ops=83689 new_ops=69531 symbolic_rank_gates=896 paired_macros=966 conditional_clean=true
FOLD20_T10_RANK4 j=2 last=false low=true old_ops=83689 ops=69531
FOLD20_PASSIVE_LOWER old=544 new=872 macros=6 gathers=0
FOLD20_PASSIVE_LOWER old=260 new=664 macros=6 gathers=0
FOLD20_PASSIVE_LOWER old=0 new=0 macros=0 gathers=0
FOLD20_PASSIVE_LOWER old=544 new=872 macros=6 gathers=0
FOLD20_PASSIVE_LOWER old=260 new=664 macros=6 gathers=0
FOLD20_PASSIVE_LOWER old=0 new=0 macros=0 gathers=0
RANK4_LOWER class=4 original_ops=15441 new_ops=11981 symbolic_rank_gates=84 paired_macros=116 conditional_clean=true
FOLD20_T10_RANK4 j=3 last=true low=true old_ops=15441 ops=11981
RANK4_LOWER class=4 original_ops=17257 new_ops=13561 symbolic_rank_gates=108 paired_macros=184 conditional_clean=true
FOLD20_T10_RANK4 j=0 last=true low=true old_ops=17257 ops=13561
RANK4_LOWER class=4 original_ops=20279 new_ops=16483 symbolic_rank_gates=108 paired_macros=222 conditional_clean=true
FOLD20_T10_RANK4 j=1 last=true low=true old_ops=20279 ops=16483
RANK4_LOWER class=4 original_ops=21827 new_ops=17711 symbolic_rank_gates=108 paired_macros=228 conditional_clean=true
FOLD20_T10_RANK4 j=2 last=true low=true old_ops=21827 ops=17711
RANK4_LOWER class=3 original_ops=63661 new_ops=52689 symbolic_rank_gates=704 paired_macros=764 conditional_clean=true
FOLD20_T10_RANK4 j=3 last=false low=true old_ops=63661 ops=52689
FOLD20_PASSIVE_LOWER old=688 new=1138 macros=8 gathers=0
RANK4_LOWER class=3 original_ops=63401 new_ops=52693 symbolic_rank_gates=704 paired_macros=764 conditional_clean=true
FOLD20_T10_RANK4 j=1 last=false low=true old_ops=63401 ops=52693
FOLD20_PASSIVE_LOWER old=260 new=664 macros=6 gathers=0
FOLD20_PASSIVE_LOWER old=544 new=872 macros=6 gathers=0
FOLD20_PASSIVE_LOWER old=260 new=664 macros=6 gathers=0
RANK4_LOWER class=3 original_ops=84937 new_ops=70305 symbolic_rank_gates=896 paired_macros=984 conditional_clean=true
FOLD20_T10_RANK4 j=0 last=false low=true old_ops=84937 ops=70305
FOLD20_PASSIVE_LOWER old=1082 new=6864 macros=22 gathers=0
FOLD20_PASSIVE_LOWER old=326 new=3110 macros=9 gathers=0
RANK4_LOWER class=3 original_ops=83403 new_ops=69297 symbolic_rank_gates=896 paired_macros=966 conditional_clean=true
FOLD20_T10_RANK4 j=2 last=false low=true old_ops=83403 ops=69297
FOLD20_PASSIVE_LOWER old=544 new=872 macros=6 gathers=0
FOLD20_PASSIVE_LOWER old=260 new=664 macros=6 gathers=0
FOLD20_PASSIVE_LOWER old=0 new=0 macros=0 gathers=0
FOLD20_PASSIVE_LOWER old=544 new=872 macros=6 gathers=0
FOLD20_PASSIVE_LOWER old=260 new=664 macros=6 gathers=0
FOLD20_PASSIVE_LOWER old=0 new=0 macros=0 gathers=0
RANK4_LOWER class=4 original_ops=15265 new_ops=11853 symbolic_rank_gates=84 paired_macros=116 conditional_clean=true
FOLD20_T10_RANK4 j=3 last=true low=true old_ops=15265 ops=11853
RANK4_LOWER class=4 original_ops=17081 new_ops=13433 symbolic_rank_gates=108 paired_macros=184 conditional_clean=true
FOLD20_T10_RANK4 j=0 last=true low=true old_ops=17081 ops=13433
RANK4_LOWER class=4 original_ops=21651 new_ops=17583 symbolic_rank_gates=108 paired_macros=228 conditional_clean=true
FOLD20_T10_RANK4 j=2 last=true low=true old_ops=21651 ops=17583
RANK4_LOWER class=4 original_ops=20103 new_ops=16355 symbolic_rank_gates=108 paired_macros=222 conditional_clean=true
FOLD20_T10_RANK4 j=1 last=true low=true old_ops=20103 ops=16355
RANK4_LOWER class=3 original_ops=63285 new_ops=52385 symbolic_rank_gates=704 paired_macros=764 conditional_clean=true
FOLD20_T10_RANK4 j=3 last=false low=true old_ops=63285 ops=52385
FOLD20_PASSIVE_LOWER old=688 new=1138 macros=8 gathers=0
FOLD20_PASSIVE_LOWER old=260 new=664 macros=6 gathers=0
FOLD20_PASSIVE_LOWER old=1082 new=6864 macros=22 gathers=0
RANK4_LOWER class=3 original_ops=63025 new_ops=52389 symbolic_rank_gates=704 paired_macros=764 conditional_clean=true
FOLD20_T10_RANK4 j=1 last=false low=true old_ops=63025 ops=52389
FOLD20_PASSIVE_LOWER old=544 new=872 macros=6 gathers=0
RANK4_LOWER class=3 original_ops=83027 new_ops=68993 symbolic_rank_gates=896 paired_macros=966 conditional_clean=true
FOLD20_T10_RANK4 j=2 last=false low=true old_ops=83027 ops=68993
FOLD20_PASSIVE_LOWER old=260 new=664 macros=6 gathers=0
RANK4_LOWER class=3 original_ops=84561 new_ops=70001 symbolic_rank_gates=896 paired_macros=984 conditional_clean=true
FOLD20_T10_RANK4 j=0 last=false low=true old_ops=84561 ops=70001
FOLD20_PASSIVE_LOWER old=326 new=3110 macros=9 gathers=0
FOLD20_PASSIVE_LOWER old=544 new=872 macros=6 gathers=0
FOLD20_PASSIVE_LOWER old=544 new=872 macros=6 gathers=0
FOLD20_PASSIVE_LOWER old=260 new=664 macros=6 gathers=0
FOLD20_PASSIVE_LOWER old=260 new=664 macros=6 gathers=0
FOLD20_PASSIVE_LOWER old=0 new=0 macros=0 gathers=0
FOLD20_PASSIVE_LOWER old=0 new=0 macros=0 gathers=0
RANK4_LOWER class=4 original_ops=15149 new_ops=11765 symbolic_rank_gates=84 paired_macros=116 conditional_clean=true
FOLD20_T10_RANK4 j=3 last=true low=true old_ops=15149 ops=11765
RANK4_LOWER class=4 original_ops=16965 new_ops=13345 symbolic_rank_gates=108 paired_macros=184 conditional_clean=true
FOLD20_T10_RANK4 j=0 last=true low=true old_ops=16965 ops=13345
RANK4_LOWER class=4 original_ops=19987 new_ops=16267 symbolic_rank_gates=108 paired_macros=222 conditional_clean=true
FOLD20_T10_RANK4 j=1 last=true low=true old_ops=19987 ops=16267
RANK4_LOWER class=4 original_ops=21535 new_ops=17495 symbolic_rank_gates=108 paired_macros=228 conditional_clean=true
FOLD20_T10_RANK4 j=2 last=true low=true old_ops=21535 ops=17495
RANK4_LOWER class=3 original_ops=63007 new_ops=52163 symbolic_rank_gates=704 paired_macros=764 conditional_clean=true
FOLD20_T10_RANK4 j=3 last=false low=true old_ops=63007 ops=52163
FOLD20_PASSIVE_LOWER old=688 new=1138 macros=8 gathers=0
FOLD20_PASSIVE_LOWER old=260 new=664 macros=6 gathers=0
RANK4_LOWER class=3 original_ops=62747 new_ops=52167 symbolic_rank_gates=704 paired_macros=764 conditional_clean=true
FOLD20_T10_RANK4 j=1 last=false low=true old_ops=62747 ops=52167
FOLD20_PASSIVE_LOWER old=1082 new=6864 macros=22 gathers=0
RANK4_LOWER class=3 original_ops=84283 new_ops=69783 symbolic_rank_gates=896 paired_macros=984 conditional_clean=true
FOLD20_PASSIVE_LOWER old=544 new=872 macros=6 gathers=0
FOLD20_T10_RANK4 j=0 last=false low=true old_ops=84283 ops=69783
RANK4_LOWER class=3 original_ops=82749 new_ops=68771 symbolic_rank_gates=896 paired_macros=966 conditional_clean=true
FOLD20_T10_RANK4 j=2 last=false low=true old_ops=82749 ops=68771
FOLD20_PASSIVE_LOWER old=260 new=664 macros=6 gathers=0
FOLD20_PASSIVE_LOWER old=326 new=3110 macros=9 gathers=0
FOLD20_PASSIVE_LOWER old=544 new=872 macros=6 gathers=0
FOLD20_PASSIVE_LOWER old=544 new=872 macros=6 gathers=0
FOLD20_PASSIVE_LOWER old=260 new=664 macros=6 gathers=0
FOLD20_PASSIVE_LOWER old=260 new=664 macros=6 gathers=0
FOLD20_PASSIVE_LOWER old=0 new=0 macros=0 gathers=0
FOLD20_PASSIVE_LOWER old=0 new=0 macros=0 gathers=0
RANK4_LOWER class=4 original_ops=14965 new_ops=11621 symbolic_rank_gates=84 paired_macros=116 conditional_clean=true
FOLD20_T10_RANK4 j=3 last=true low=true old_ops=14965 ops=11621
RANK4_LOWER class=4 original_ops=19803 new_ops=16123 symbolic_rank_gates=108 paired_macros=222 conditional_clean=true
FOLD20_T10_RANK4 j=1 last=true low=true old_ops=19803 ops=16123
RANK4_LOWER class=4 original_ops=16781 new_ops=13201 symbolic_rank_gates=108 paired_macros=184 conditional_clean=true
FOLD20_T10_RANK4 j=0 last=true low=true old_ops=16781 ops=13201
RANK4_LOWER class=4 original_ops=21351 new_ops=17351 symbolic_rank_gates=108 paired_macros=228 conditional_clean=true
FOLD20_T10_RANK4 j=2 last=true low=true old_ops=21351 ops=17351
RANK4_LOWER class=3 original_ops=62523 new_ops=51739 symbolic_rank_gates=704 paired_macros=764 conditional_clean=true
FOLD20_T10_RANK4 j=3 last=false low=true old_ops=62523 ops=51739
FOLD20_PASSIVE_LOWER old=688 new=1138 macros=8 gathers=0
RANK4_LOWER class=3 original_ops=62263 new_ops=51743 symbolic_rank_gates=704 paired_macros=764 conditional_clean=true
FOLD20_T10_RANK4 j=1 last=false low=true old_ops=62263 ops=51743
FOLD20_PASSIVE_LOWER old=260 new=664 macros=6 gathers=0
FOLD20_PASSIVE_LOWER old=544 new=872 macros=6 gathers=0
FOLD20_PASSIVE_LOWER old=1082 new=6864 macros=22 gathers=0
FOLD20_PASSIVE_LOWER old=260 new=664 macros=6 gathers=0
FOLD20_PASSIVE_LOWER old=326 new=3110 macros=9 gathers=0
RANK4_LOWER class=3 original_ops=82265 new_ops=68347 symbolic_rank_gates=896 paired_macros=966 conditional_clean=true
FOLD20_T10_RANK4 j=2 last=false low=true old_ops=82265 ops=68347
RANK4_LOWER class=3 original_ops=83799 new_ops=69359 symbolic_rank_gates=896 paired_macros=984 conditional_clean=true
FOLD20_T10_RANK4 j=0 last=false low=true old_ops=83799 ops=69359
FOLD20_PASSIVE_LOWER old=544 new=872 macros=6 gathers=0
FOLD20_PASSIVE_LOWER old=544 new=872 macros=6 gathers=0
FOLD20_PASSIVE_LOWER old=260 new=664 macros=6 gathers=0
FOLD20_PASSIVE_LOWER old=260 new=664 macros=6 gathers=0
FOLD20_PASSIVE_LOWER old=0 new=0 macros=0 gathers=0
FOLD20_PASSIVE_LOWER old=0 new=0 macros=0 gathers=0
RANK4_LOWER class=4 original_ops=14853 new_ops=11533 symbolic_rank_gates=84 paired_macros=116 conditional_clean=true
FOLD20_T10_RANK4 j=3 last=true low=true old_ops=14853 ops=11533
RANK4_LOWER class=4 original_ops=16669 new_ops=13113 symbolic_rank_gates=108 paired_macros=184 conditional_clean=true
FOLD20_T10_RANK4 j=0 last=true low=true old_ops=16669 ops=13113
RANK4_LOWER class=4 original_ops=21239 new_ops=17263 symbolic_rank_gates=108 paired_macros=228 conditional_clean=true
FOLD20_T10_RANK4 j=2 last=true low=true old_ops=21239 ops=17263
RANK4_LOWER class=4 original_ops=19691 new_ops=16035 symbolic_rank_gates=108 paired_macros=222 conditional_clean=true
FOLD20_T10_RANK4 j=1 last=true low=true old_ops=19691 ops=16035
RANK4_LOWER class=3 original_ops=62269 new_ops=51529 symbolic_rank_gates=704 paired_macros=764 conditional_clean=true
FOLD20_T10_RANK4 j=3 last=false low=true old_ops=62269 ops=51529
FOLD20_PASSIVE_LOWER old=688 new=1138 macros=8 gathers=0
FOLD20_PASSIVE_LOWER old=260 new=664 macros=6 gathers=0
RANK4_LOWER class=3 original_ops=62009 new_ops=51533 symbolic_rank_gates=704 paired_macros=764 conditional_clean=true
FOLD20_T10_RANK4 j=1 last=false low=true old_ops=62009 ops=51533
FOLD20_PASSIVE_LOWER old=1082 new=6864 macros=22 gathers=0
FOLD20_PASSIVE_LOWER old=544 new=872 macros=6 gathers=0
FOLD20_PASSIVE_LOWER old=260 new=664 macros=6 gathers=0
RANK4_LOWER class=3 original_ops=83545 new_ops=69145 symbolic_rank_gates=896 paired_macros=984 conditional_clean=true
FOLD20_T10_RANK4 j=0 last=false low=true old_ops=83545 ops=69145
RANK4_LOWER class=3 original_ops=82011 new_ops=68137 symbolic_rank_gates=896 paired_macros=966 conditional_clean=true
FOLD20_T10_RANK4 j=2 last=false low=true old_ops=82011 ops=68137
FOLD20_PASSIVE_LOWER old=326 new=3110 macros=9 gathers=0
FOLD20_PASSIVE_LOWER old=544 new=872 macros=6 gathers=0
FOLD20_PASSIVE_LOWER old=544 new=872 macros=6 gathers=0
FOLD20_PASSIVE_LOWER old=260 new=664 macros=6 gathers=0
FOLD20_PASSIVE_LOWER old=260 new=664 macros=6 gathers=0
FOLD20_PASSIVE_LOWER old=0 new=0 macros=0 gathers=0
FOLD20_PASSIVE_LOWER old=0 new=0 macros=0 gathers=0
RANK4_LOWER class=4 original_ops=14693 new_ops=11413 symbolic_rank_gates=84 paired_macros=116 conditional_clean=true
FOLD20_T10_RANK4 j=3 last=true low=true old_ops=14693 ops=11413
RANK4_LOWER class=4 original_ops=16509 new_ops=12993 symbolic_rank_gates=108 paired_macros=184 conditional_clean=true
FOLD20_T10_RANK4 j=0 last=true low=true old_ops=16509 ops=12993
RANK4_LOWER class=4 original_ops=19531 new_ops=15915 symbolic_rank_gates=108 paired_macros=222 conditional_clean=true
FOLD20_T10_RANK4 j=1 last=true low=true old_ops=19531 ops=15915
RANK4_LOWER class=4 original_ops=21079 new_ops=17143 symbolic_rank_gates=108 paired_macros=228 conditional_clean=true
FOLD20_T10_RANK4 j=2 last=true low=true old_ops=21079 ops=17143
RANK4_LOWER class=3 original_ops=61877 new_ops=51193 symbolic_rank_gates=704 paired_macros=764 conditional_clean=true
FOLD20_T10_RANK4 j=3 last=false low=true old_ops=61877 ops=51193
FOLD20_PASSIVE_LOWER old=688 new=1138 macros=8 gathers=0
FOLD20_PASSIVE_LOWER old=260 new=664 macros=6 gathers=0
RANK4_LOWER class=3 original_ops=61617 new_ops=51197 symbolic_rank_gates=704 paired_macros=764 conditional_clean=true
FOLD20_T10_RANK4 j=1 last=false low=true old_ops=61617 ops=51197
FOLD20_PASSIVE_LOWER old=1082 new=6864 macros=22 gathers=0
FOLD20_PASSIVE_LOWER old=544 new=872 macros=6 gathers=0
FOLD20_PASSIVE_LOWER old=260 new=664 macros=6 gathers=0
RANK4_LOWER class=3 original_ops=81619 new_ops=67801 symbolic_rank_gates=896 paired_macros=966 conditional_clean=true
FOLD20_T10_RANK4 j=2 last=false low=true old_ops=81619 ops=67801
FOLD20_PASSIVE_LOWER old=326 new=3110 macros=9 gathers=0
RANK4_LOWER class=3 original_ops=83153 new_ops=68809 symbolic_rank_gates=896 paired_macros=984 conditional_clean=true
FOLD20_T10_RANK4 j=0 last=false low=true old_ops=83153 ops=68809
FOLD20_PASSIVE_LOWER old=544 new=872 macros=6 gathers=0
FOLD20_PASSIVE_LOWER old=260 new=664 macros=6 gathers=0
FOLD20_PASSIVE_LOWER old=0 new=0 macros=0 gathers=0
FOLD20_PASSIVE_LOWER old=544 new=872 macros=6 gathers=0
FOLD20_PASSIVE_LOWER old=260 new=664 macros=6 gathers=0
FOLD20_PASSIVE_LOWER old=0 new=0 macros=0 gathers=0
RANK4_LOWER class=4 original_ops=14593 new_ops=11329 symbolic_rank_gates=84 paired_macros=116 conditional_clean=true
FOLD20_T10_RANK4 j=3 last=true low=true old_ops=14593 ops=11329
RANK4_LOWER class=4 original_ops=16409 new_ops=12909 symbolic_rank_gates=108 paired_macros=184 conditional_clean=true
FOLD20_T10_RANK4 j=0 last=true low=true old_ops=16409 ops=12909
RANK4_LOWER class=4 original_ops=19431 new_ops=15831 symbolic_rank_gates=108 paired_macros=222 conditional_clean=true
FOLD20_T10_RANK4 j=1 last=true low=true old_ops=19431 ops=15831
RANK4_LOWER class=4 original_ops=20979 new_ops=17059 symbolic_rank_gates=108 paired_macros=228 conditional_clean=true
FOLD20_T10_RANK4 j=2 last=true low=true old_ops=20979 ops=17059
RANK4_LOWER class=3 original_ops=61651 new_ops=51019 symbolic_rank_gates=704 paired_macros=764 conditional_clean=true
FOLD20_T10_RANK4 j=3 last=false low=true old_ops=61651 ops=51019
FOLD20_PASSIVE_LOWER old=688 new=1138 macros=8 gathers=0
RANK4_LOWER class=3 original_ops=61391 new_ops=51023 symbolic_rank_gates=704 paired_macros=764 conditional_clean=true
FOLD20_T10_RANK4 j=1 last=false low=true old_ops=61391 ops=51023
FOLD20_PASSIVE_LOWER old=260 new=664 macros=6 gathers=0
FOLD20_PASSIVE_LOWER old=1082 new=6864 macros=22 gathers=0
FOLD20_PASSIVE_LOWER old=544 new=872 macros=6 gathers=0
FOLD20_PASSIVE_LOWER old=260 new=664 macros=6 gathers=0
RANK4_LOWER class=3 original_ops=81393 new_ops=67627 symbolic_rank_gates=896 paired_macros=966 conditional_clean=true
FOLD20_T10_RANK4 j=2 last=false low=true old_ops=81393 ops=67627
RANK4_LOWER class=3 original_ops=82927 new_ops=68639 symbolic_rank_gates=896 paired_macros=984 conditional_clean=true
FOLD20_T10_RANK4 j=0 last=false low=true old_ops=82927 ops=68639
FOLD20_PASSIVE_LOWER old=326 new=3110 macros=9 gathers=0
FOLD20_PASSIVE_LOWER old=544 new=872 macros=6 gathers=0
FOLD20_PASSIVE_LOWER old=544 new=872 macros=6 gathers=0
FOLD20_PASSIVE_LOWER old=260 new=664 macros=6 gathers=0
FOLD20_PASSIVE_LOWER old=260 new=664 macros=6 gathers=0
FOLD20_PASSIVE_LOWER old=0 new=0 macros=0 gathers=0
FOLD20_PASSIVE_LOWER old=0 new=0 macros=0 gathers=0
RANK4_LOWER class=4 original_ops=14441 new_ops=11207 symbolic_rank_gates=84 paired_macros=116 conditional_clean=true
FOLD20_T10_RANK4 j=3 last=true low=true old_ops=14441 ops=11207
RANK4_LOWER class=4 original_ops=16257 new_ops=12787 symbolic_rank_gates=108 paired_macros=184 conditional_clean=true
FOLD20_T10_RANK4 j=0 last=true low=true old_ops=16257 ops=12787
RANK4_LOWER class=4 original_ops=19279 new_ops=15709 symbolic_rank_gates=108 paired_macros=222 conditional_clean=true
FOLD20_T10_RANK4 j=1 last=true low=true old_ops=19279 ops=15709
RANK4_LOWER class=4 original_ops=20827 new_ops=16937 symbolic_rank_gates=108 paired_macros=228 conditional_clean=true
FOLD20_T10_RANK4 j=2 last=true low=true old_ops=20827 ops=16937
RANK4_LOWER class=3 original_ops=61355 new_ops=50765 symbolic_rank_gates=704 paired_macros=764 conditional_clean=true
FOLD20_T10_RANK4 j=3 last=false low=true old_ops=61355 ops=50765
FOLD20_PASSIVE_LOWER old=688 new=1138 macros=8 gathers=0
FOLD20_PASSIVE_LOWER old=260 new=664 macros=6 gathers=0
RANK4_LOWER class=3 original_ops=61095 new_ops=50769 symbolic_rank_gates=704 paired_macros=764 conditional_clean=true
FOLD20_T10_RANK4 j=1 last=false low=true old_ops=61095 ops=50769
FOLD20_PASSIVE_LOWER old=1082 new=6864 macros=22 gathers=0
RANK4_LOWER class=3 original_ops=82631 new_ops=68381 symbolic_rank_gates=896 paired_macros=984 conditional_clean=true
FOLD20_T10_RANK4 j=0 last=false low=true old_ops=82631 ops=68381
FOLD20_PASSIVE_LOWER old=544 new=872 macros=6 gathers=0
FOLD20_PASSIVE_LOWER old=260 new=664 macros=6 gathers=0
FOLD20_PASSIVE_LOWER old=544 new=872 macros=6 gathers=0
FOLD20_PASSIVE_LOWER old=326 new=3110 macros=9 gathers=0
FOLD20_PASSIVE_LOWER old=260 new=664 macros=6 gathers=0
FOLD20_PASSIVE_LOWER old=0 new=0 macros=0 gathers=0
RANK4_LOWER class=3 original_ops=81097 new_ops=67373 symbolic_rank_gates=896 paired_macros=966 conditional_clean=true
FOLD20_T10_RANK4 j=2 last=false low=true old_ops=81097 ops=67373
FOLD20_PASSIVE_LOWER old=544 new=872 macros=6 gathers=0
FOLD20_PASSIVE_LOWER old=260 new=664 macros=6 gathers=0
FOLD20_PASSIVE_LOWER old=0 new=0 macros=0 gathers=0
RANK4_LOWER class=4 original_ops=13933 new_ops=10997 symbolic_rank_gates=48 paired_macros=74 conditional_clean=true
FOLD20_T10_RANK4 j=3 last=true low=true old_ops=13933 ops=10997
RANK4_LOWER class=4 original_ops=15749 new_ops=12577 symbolic_rank_gates=72 paired_macros=142 conditional_clean=true
FOLD20_T10_RANK4 j=0 last=true low=true old_ops=15749 ops=12577
RANK4_LOWER class=4 original_ops=18771 new_ops=15499 symbolic_rank_gates=72 paired_macros=180 conditional_clean=true
FOLD20_T10_RANK4 j=1 last=true low=true old_ops=18771 ops=15499
RANK4_LOWER class=4 original_ops=20319 new_ops=16727 symbolic_rank_gates=72 paired_macros=186 conditional_clean=true
FOLD20_T10_RANK4 j=2 last=true low=true old_ops=20319 ops=16727
RANK4_LOWER class=3 original_ops=60265 new_ops=50341 symbolic_rank_gates=608 paired_macros=672 conditional_clean=true
FOLD20_T10_RANK4 j=3 last=false low=true old_ops=60265 ops=50341
FOLD20_PASSIVE_LOWER old=688 new=1138 macros=8 gathers=0
FOLD20_PASSIVE_LOWER old=260 new=664 macros=6 gathers=0
FOLD20_PASSIVE_LOWER old=1082 new=6864 macros=22 gathers=0
RANK4_LOWER class=3 original_ops=60005 new_ops=50345 symbolic_rank_gates=608 paired_macros=672 conditional_clean=true
FOLD20_T10_RANK4 j=1 last=false low=true old_ops=60005 ops=50345
RANK4_LOWER class=3 original_ops=81541 new_ops=67957 symbolic_rank_gates=800 paired_macros=892 conditional_clean=true
FOLD20_T10_RANK4 j=0 last=false low=true old_ops=81541 ops=67957
RANK4_LOWER class=3 original_ops=80007 new_ops=66949 symbolic_rank_gates=800 paired_macros=874 conditional_clean=true
FOLD20_T10_RANK4 j=2 last=false low=true old_ops=80007 ops=66949
FOLD20_PASSIVE_LOWER old=544 new=872 macros=6 gathers=0
FOLD20_PASSIVE_LOWER old=260 new=664 macros=6 gathers=0
FOLD20_PASSIVE_LOWER old=544 new=872 macros=6 gathers=0
FOLD20_PASSIVE_LOWER old=544 new=872 macros=6 gathers=0
FOLD20_PASSIVE_LOWER old=326 new=3110 macros=9 gathers=0
FOLD20_PASSIVE_LOWER old=260 new=664 macros=6 gathers=0
FOLD20_PASSIVE_LOWER old=260 new=664 macros=6 gathers=0
FOLD20_PASSIVE_LOWER old=0 new=0 macros=0 gathers=0
FOLD20_PASSIVE_LOWER old=0 new=0 macros=0 gathers=0
RANK4_LOWER class=4 original_ops=13817 new_ops=10909 symbolic_rank_gates=48 paired_macros=74 conditional_clean=true
FOLD20_T10_RANK4 j=3 last=true low=true old_ops=13817 ops=10909
RANK4_LOWER class=4 original_ops=15633 new_ops=12489 symbolic_rank_gates=72 paired_macros=142 conditional_clean=true
FOLD20_T10_RANK4 j=0 last=true low=true old_ops=15633 ops=12489
RANK4_LOWER class=4 original_ops=20203 new_ops=16639 symbolic_rank_gates=72 paired_macros=186 conditional_clean=true
FOLD20_T10_RANK4 j=2 last=true low=true old_ops=20203 ops=16639
RANK4_LOWER class=4 original_ops=18655 new_ops=15411 symbolic_rank_gates=72 paired_macros=180 conditional_clean=true
FOLD20_T10_RANK4 j=1 last=true low=true old_ops=18655 ops=15411
RANK4_LOWER class=3 original_ops=59939 new_ops=50095 symbolic_rank_gates=608 paired_macros=672 conditional_clean=true
FOLD20_T10_RANK4 j=3 last=false low=true old_ops=59939 ops=50095
FOLD20_PASSIVE_LOWER old=688 new=1138 macros=8 gathers=0
FOLD20_PASSIVE_LOWER old=260 new=664 macros=6 gathers=0
RANK4_LOWER class=3 original_ops=59679 new_ops=50099 symbolic_rank_gates=608 paired_macros=672 conditional_clean=true
FOLD20_T10_RANK4 j=1 last=false low=true old_ops=59679 ops=50099
FOLD20_PASSIVE_LOWER old=1082 new=6864 macros=22 gathers=0
FOLD20_PASSIVE_LOWER old=544 new=872 macros=6 gathers=0
FOLD20_PASSIVE_LOWER old=260 new=664 macros=6 gathers=0
RANK4_LOWER class=3 original_ops=79681 new_ops=66703 symbolic_rank_gates=800 paired_macros=874 conditional_clean=true
FOLD20_T10_RANK4 j=2 last=false low=true old_ops=79681 ops=66703
FOLD20_PASSIVE_LOWER old=326 new=3110 macros=9 gathers=0
RANK4_LOWER class=3 original_ops=81215 new_ops=67715 symbolic_rank_gates=800 paired_macros=892 conditional_clean=true
FOLD20_T10_RANK4 j=0 last=false low=true old_ops=81215 ops=67715
FOLD20_PASSIVE_LOWER old=544 new=872 macros=6 gathers=0
FOLD20_PASSIVE_LOWER old=260 new=664 macros=6 gathers=0
FOLD20_PASSIVE_LOWER old=0 new=0 macros=0 gathers=0
FOLD20_PASSIVE_LOWER old=544 new=872 macros=6 gathers=0
FOLD20_PASSIVE_LOWER old=260 new=664 macros=6 gathers=0
FOLD20_PASSIVE_LOWER old=0 new=0 macros=0 gathers=0
RANK4_LOWER class=4 original_ops=13617 new_ops=10765 symbolic_rank_gates=48 paired_macros=74 conditional_clean=true
FOLD20_T10_RANK4 j=3 last=true low=true old_ops=13617 ops=10765
RANK4_LOWER class=4 original_ops=15433 new_ops=12345 symbolic_rank_gates=72 paired_macros=142 conditional_clean=true
FOLD20_T10_RANK4 j=0 last=true low=true old_ops=15433 ops=12345
RANK4_LOWER class=4 original_ops=18455 new_ops=15267 symbolic_rank_gates=72 paired_macros=180 conditional_clean=true
FOLD20_T10_RANK4 j=1 last=true low=true old_ops=18455 ops=15267
RANK4_LOWER class=4 original_ops=20003 new_ops=16495 symbolic_rank_gates=72 paired_macros=186 conditional_clean=true
FOLD20_T10_RANK4 j=2 last=true low=true old_ops=20003 ops=16495
RANK4_LOWER class=3 original_ops=59515 new_ops=49759 symbolic_rank_gates=608 paired_macros=672 conditional_clean=true
FOLD20_T10_RANK4 j=3 last=false low=true old_ops=59515 ops=49759
RANK4_LOWER class=3 original_ops=59255 new_ops=49763 symbolic_rank_gates=608 paired_macros=672 conditional_clean=true
FOLD20_T10_RANK4 j=1 last=false low=true old_ops=59255 ops=49763
FOLD20_PASSIVE_LOWER old=688 new=1138 macros=8 gathers=0
FOLD20_PASSIVE_LOWER old=260 new=664 macros=6 gathers=0
FOLD20_PASSIVE_LOWER old=544 new=872 macros=6 gathers=0
FOLD20_PASSIVE_LOWER old=260 new=664 macros=6 gathers=0
FOLD20_PASSIVE_LOWER old=1082 new=6864 macros=22 gathers=0
FOLD20_PASSIVE_LOWER old=326 new=3110 macros=9 gathers=0
RANK4_LOWER class=3 original_ops=79257 new_ops=66367 symbolic_rank_gates=800 paired_macros=874 conditional_clean=true
FOLD20_T10_RANK4 j=2 last=false low=true old_ops=79257 ops=66367
RANK4_LOWER class=3 original_ops=80791 new_ops=67379 symbolic_rank_gates=800 paired_macros=892 conditional_clean=true
FOLD20_T10_RANK4 j=0 last=false low=true old_ops=80791 ops=67379
FOLD20_PASSIVE_LOWER old=544 new=872 macros=6 gathers=0
FOLD20_PASSIVE_LOWER old=544 new=872 macros=6 gathers=0
FOLD20_PASSIVE_LOWER old=260 new=664 macros=6 gathers=0
FOLD20_PASSIVE_LOWER old=260 new=664 macros=6 gathers=0
FOLD20_PASSIVE_LOWER old=0 new=0 macros=0 gathers=0
FOLD20_PASSIVE_LOWER old=0 new=0 macros=0 gathers=0
RANK4_LOWER class=4 original_ops=13505 new_ops=10677 symbolic_rank_gates=48 paired_macros=74 conditional_clean=true
FOLD20_T10_RANK4 j=3 last=true low=true old_ops=13505 ops=10677
RANK4_LOWER class=4 original_ops=15321 new_ops=12257 symbolic_rank_gates=72 paired_macros=142 conditional_clean=true
FOLD20_T10_RANK4 j=0 last=true low=true old_ops=15321 ops=12257
RANK4_LOWER class=4 original_ops=18343 new_ops=15179 symbolic_rank_gates=72 paired_macros=180 conditional_clean=true
FOLD20_T10_RANK4 j=1 last=true low=true old_ops=18343 ops=15179
RANK4_LOWER class=4 original_ops=19891 new_ops=16407 symbolic_rank_gates=72 paired_macros=186 conditional_clean=true
FOLD20_T10_RANK4 j=2 last=true low=true old_ops=19891 ops=16407
RANK4_LOWER class=3 original_ops=59201 new_ops=49501 symbolic_rank_gates=608 paired_macros=672 conditional_clean=true
FOLD20_T10_RANK4 j=3 last=false low=true old_ops=59201 ops=49501
FOLD20_PASSIVE_LOWER old=688 new=1138 macros=8 gathers=0
FOLD20_PASSIVE_LOWER old=260 new=664 macros=6 gathers=0
RANK4_LOWER class=3 original_ops=58941 new_ops=49505 symbolic_rank_gates=608 paired_macros=672 conditional_clean=true
FOLD20_T10_RANK4 j=1 last=false low=true old_ops=58941 ops=49505
FOLD20_PASSIVE_LOWER old=1082 new=6864 macros=22 gathers=0
RANK4_LOWER class=3 original_ops=80477 new_ops=67117 symbolic_rank_gates=800 paired_macros=892 conditional_clean=true
FOLD20_T10_RANK4 j=0 last=false low=true old_ops=80477 ops=67117
RANK4_LOWER class=3 original_ops=78943 new_ops=66109 symbolic_rank_gates=800 paired_macros=874 conditional_clean=true
FOLD20_T10_RANK4 j=2 last=false low=true old_ops=78943 ops=66109
FOLD20_PASSIVE_LOWER old=544 new=872 macros=6 gathers=0
FOLD20_PASSIVE_LOWER old=260 new=664 macros=6 gathers=0
FOLD20_PASSIVE_LOWER old=326 new=3110 macros=9 gathers=0
FOLD20_PASSIVE_LOWER old=544 new=872 macros=6 gathers=0
FOLD20_PASSIVE_LOWER old=544 new=872 macros=6 gathers=0
FOLD20_PASSIVE_LOWER old=260 new=664 macros=6 gathers=0
FOLD20_PASSIVE_LOWER old=260 new=664 macros=6 gathers=0
FOLD20_PASSIVE_LOWER old=0 new=0 macros=0 gathers=0
FOLD20_PASSIVE_LOWER old=0 new=0 macros=0 gathers=0
RANK4_LOWER class=4 original_ops=13313 new_ops=10533 symbolic_rank_gates=48 paired_macros=74 conditional_clean=true
FOLD20_T10_RANK4 j=3 last=true low=true old_ops=13313 ops=10533
RANK4_LOWER class=4 original_ops=15129 new_ops=12113 symbolic_rank_gates=72 paired_macros=142 conditional_clean=true
FOLD20_T10_RANK4 j=0 last=true low=true old_ops=15129 ops=12113
RANK4_LOWER class=4 original_ops=19699 new_ops=16263 symbolic_rank_gates=72 paired_macros=186 conditional_clean=true
FOLD20_T10_RANK4 j=2 last=true low=true old_ops=19699 ops=16263
RANK4_LOWER class=4 original_ops=18151 new_ops=15035 symbolic_rank_gates=72 paired_macros=180 conditional_clean=true
FOLD20_T10_RANK4 j=1 last=true low=true old_ops=18151 ops=15035
RANK4_LOWER class=3 original_ops=58793 new_ops=49137 symbolic_rank_gates=608 paired_macros=672 conditional_clean=true
FOLD20_T10_RANK4 j=3 last=false low=true old_ops=58793 ops=49137
RANK4_LOWER class=3 original_ops=58533 new_ops=49141 symbolic_rank_gates=608 paired_macros=672 conditional_clean=true
FOLD20_T10_RANK4 j=1 last=false low=true old_ops=58533 ops=49141
FOLD20_PASSIVE_LOWER old=688 new=1138 macros=8 gathers=0
FOLD20_PASSIVE_LOWER old=260 new=664 macros=6 gathers=0
FOLD20_PASSIVE_LOWER old=544 new=872 macros=6 gathers=0
RANK4_LOWER class=3 original_ops=80069 new_ops=66753 symbolic_rank_gates=800 paired_macros=892 conditional_clean=true
FOLD20_T10_RANK4 j=0 last=false low=true old_ops=80069 ops=66753
FOLD20_PASSIVE_LOWER old=260 new=664 macros=6 gathers=0
FOLD20_PASSIVE_LOWER old=1082 new=6864 macros=22 gathers=0
FOLD20_PASSIVE_LOWER old=326 new=3110 macros=9 gathers=0
RANK4_LOWER class=3 original_ops=78535 new_ops=65745 symbolic_rank_gates=800 paired_macros=874 conditional_clean=true
FOLD20_T10_RANK4 j=2 last=false low=true old_ops=78535 ops=65745
FOLD20_PASSIVE_LOWER old=544 new=872 macros=6 gathers=0
FOLD20_PASSIVE_LOWER old=260 new=664 macros=6 gathers=0
FOLD20_PASSIVE_LOWER old=544 new=872 macros=6 gathers=0
FOLD20_PASSIVE_LOWER old=0 new=0 macros=0 gathers=0
FOLD20_PASSIVE_LOWER old=260 new=664 macros=6 gathers=0
FOLD20_PASSIVE_LOWER old=0 new=0 macros=0 gathers=0
RANK4_LOWER class=4 original_ops=13213 new_ops=10449 symbolic_rank_gates=48 paired_macros=74 conditional_clean=true
FOLD20_T10_RANK4 j=3 last=true low=true old_ops=13213 ops=10449
RANK4_LOWER class=4 original_ops=18051 new_ops=14951 symbolic_rank_gates=72 paired_macros=180 conditional_clean=true
FOLD20_T10_RANK4 j=1 last=true low=true old_ops=18051 ops=14951
RANK4_LOWER class=4 original_ops=15029 new_ops=12029 symbolic_rank_gates=72 paired_macros=142 conditional_clean=true
FOLD20_T10_RANK4 j=0 last=true low=true old_ops=15029 ops=12029
RANK4_LOWER class=4 original_ops=19599 new_ops=16179 symbolic_rank_gates=72 paired_macros=186 conditional_clean=true
FOLD20_T10_RANK4 j=2 last=true low=true old_ops=19599 ops=16179
RANK4_LOWER class=3 original_ops=58471 new_ops=48891 symbolic_rank_gates=608 paired_macros=672 conditional_clean=true
FOLD20_T10_RANK4 j=3 last=false low=true old_ops=58471 ops=48891
RANK4_LOWER class=3 original_ops=58211 new_ops=48895 symbolic_rank_gates=608 paired_macros=672 conditional_clean=true
FOLD20_T10_RANK4 j=1 last=false low=true old_ops=58211 ops=48895
FOLD20_PASSIVE_LOWER old=544 new=872 macros=6 gathers=0
FOLD20_PASSIVE_LOWER old=688 new=1138 macros=8 gathers=0
FOLD20_PASSIVE_LOWER old=260 new=664 macros=6 gathers=0
FOLD20_PASSIVE_LOWER old=260 new=664 macros=6 gathers=0
FOLD20_PASSIVE_LOWER old=326 new=3110 macros=9 gathers=0
FOLD20_PASSIVE_LOWER old=1082 new=6864 macros=22 gathers=0
RANK4_LOWER class=3 original_ops=78213 new_ops=65499 symbolic_rank_gates=800 paired_macros=874 conditional_clean=true
FOLD20_T10_RANK4 j=2 last=false low=true old_ops=78213 ops=65499
RANK4_LOWER class=3 original_ops=79747 new_ops=66511 symbolic_rank_gates=800 paired_macros=892 conditional_clean=true
FOLD20_T10_RANK4 j=0 last=false low=true old_ops=79747 ops=66511
FOLD20_PASSIVE_LOWER old=544 new=872 macros=6 gathers=0
FOLD20_PASSIVE_LOWER old=260 new=664 macros=6 gathers=0
FOLD20_PASSIVE_LOWER old=0 new=0 macros=0 gathers=0
FOLD20_PASSIVE_LOWER old=544 new=872 macros=6 gathers=0
FOLD20_PASSIVE_LOWER old=260 new=664 macros=6 gathers=0
FOLD20_PASSIVE_LOWER old=0 new=0 macros=0 gathers=0
RANK4_LOWER class=4 original_ops=13065 new_ops=10333 symbolic_rank_gates=48 paired_macros=74 conditional_clean=true
FOLD20_T10_RANK4 j=3 last=true low=true old_ops=13065 ops=10333
RANK4_LOWER class=4 original_ops=14881 new_ops=11913 symbolic_rank_gates=72 paired_macros=142 conditional_clean=true
FOLD20_T10_RANK4 j=0 last=true low=true old_ops=14881 ops=11913
RANK4_LOWER class=4 original_ops=17903 new_ops=14835 symbolic_rank_gates=72 paired_macros=180 conditional_clean=true
FOLD20_T10_RANK4 j=1 last=true low=true old_ops=17903 ops=14835
RANK4_LOWER class=4 original_ops=19451 new_ops=16063 symbolic_rank_gates=72 paired_macros=186 conditional_clean=true
FOLD20_T10_RANK4 j=2 last=true low=true old_ops=19451 ops=16063
RANK4_LOWER class=3 original_ops=58059 new_ops=48525 symbolic_rank_gates=608 paired_macros=672 conditional_clean=true
FOLD20_T10_RANK4 j=3 last=false low=true old_ops=58059 ops=48525
FOLD20_PASSIVE_LOWER old=688 new=1138 macros=8 gathers=0
RANK4_LOWER class=3 original_ops=57799 new_ops=48529 symbolic_rank_gates=608 paired_macros=672 conditional_clean=true
FOLD20_T10_RANK4 j=1 last=false low=true old_ops=57799 ops=48529
FOLD20_PASSIVE_LOWER old=260 new=664 macros=6 gathers=0
FOLD20_PASSIVE_LOWER old=544 new=872 macros=6 gathers=0
FOLD20_PASSIVE_LOWER old=1082 new=6864 macros=22 gathers=0
FOLD20_PASSIVE_LOWER old=260 new=664 macros=6 gathers=0
RANK4_LOWER class=3 original_ops=77801 new_ops=65133 symbolic_rank_gates=800 paired_macros=874 conditional_clean=true
FOLD20_T10_RANK4 j=2 last=false low=true old_ops=77801 ops=65133
FOLD20_PASSIVE_LOWER old=326 new=3110 macros=9 gathers=0
RANK4_LOWER class=3 original_ops=79335 new_ops=66145 symbolic_rank_gates=800 paired_macros=892 conditional_clean=true
FOLD20_T10_RANK4 j=0 last=false low=true old_ops=79335 ops=66145
FOLD20_PASSIVE_LOWER old=544 new=872 macros=6 gathers=0
FOLD20_PASSIVE_LOWER old=260 new=664 macros=6 gathers=0
FOLD20_PASSIVE_LOWER old=0 new=0 macros=0 gathers=0
FOLD20_PASSIVE_LOWER old=544 new=872 macros=6 gathers=0
FOLD20_PASSIVE_LOWER old=260 new=664 macros=6 gathers=0
FOLD20_PASSIVE_LOWER old=0 new=0 macros=0 gathers=0
RANK4_LOWER class=4 original_ops=12905 new_ops=10217 symbolic_rank_gates=48 paired_macros=74 conditional_clean=true
FOLD20_T10_RANK4 j=3 last=true low=true old_ops=12905 ops=10217
RANK4_LOWER class=4 original_ops=14721 new_ops=11797 symbolic_rank_gates=72 paired_macros=142 conditional_clean=true
FOLD20_T10_RANK4 j=0 last=true low=true old_ops=14721 ops=11797
RANK4_LOWER class=4 original_ops=17743 new_ops=14719 symbolic_rank_gates=72 paired_macros=180 conditional_clean=true
FOLD20_T10_RANK4 j=1 last=true low=true old_ops=17743 ops=14719
RANK4_LOWER class=4 original_ops=19291 new_ops=15947 symbolic_rank_gates=72 paired_macros=186 conditional_clean=true
FOLD20_T10_RANK4 j=2 last=true low=true old_ops=19291 ops=15947
RANK4_LOWER class=3 original_ops=57753 new_ops=48233 symbolic_rank_gates=608 paired_macros=672 conditional_clean=true
FOLD20_T10_RANK4 j=3 last=false low=true old_ops=57753 ops=48233
RANK4_LOWER class=3 original_ops=57493 new_ops=48237 symbolic_rank_gates=608 paired_macros=672 conditional_clean=true
FOLD20_T10_RANK4 j=1 last=false low=true old_ops=57493 ops=48237
FOLD20_PASSIVE_LOWER old=688 new=1138 macros=8 gathers=0
FOLD20_PASSIVE_LOWER old=260 new=664 macros=6 gathers=0
FOLD20_PASSIVE_LOWER old=544 new=872 macros=6 gathers=0
FOLD20_PASSIVE_LOWER old=260 new=664 macros=6 gathers=0
FOLD20_PASSIVE_LOWER old=1082 new=6864 macros=22 gathers=0
FOLD20_PASSIVE_LOWER old=326 new=3110 macros=9 gathers=0
RANK4_LOWER class=3 original_ops=77495 new_ops=64841 symbolic_rank_gates=800 paired_macros=874 conditional_clean=true
FOLD20_T10_RANK4 j=2 last=false low=true old_ops=77495 ops=64841
RANK4_LOWER class=3 original_ops=79029 new_ops=65849 symbolic_rank_gates=800 paired_macros=892 conditional_clean=true
FOLD20_T10_RANK4 j=0 last=false low=true old_ops=79029 ops=65849
FOLD20_PASSIVE_LOWER old=544 new=872 macros=6 gathers=0
FOLD20_PASSIVE_LOWER old=544 new=872 macros=6 gathers=0
FOLD20_PASSIVE_LOWER old=260 new=664 macros=6 gathers=0
FOLD20_PASSIVE_LOWER old=260 new=664 macros=6 gathers=0
FOLD20_PASSIVE_LOWER old=0 new=0 macros=0 gathers=0
FOLD20_PASSIVE_LOWER old=0 new=0 macros=0 gathers=0
RANK4_LOWER class=4 original_ops=12757 new_ops=10101 symbolic_rank_gates=48 paired_macros=74 conditional_clean=true
FOLD20_T10_RANK4 j=3 last=true low=true old_ops=12757 ops=10101
RANK4_LOWER class=4 original_ops=14573 new_ops=11681 symbolic_rank_gates=72 paired_macros=142 conditional_clean=true
FOLD20_T10_RANK4 j=0 last=true low=true old_ops=14573 ops=11681
RANK4_LOWER class=4 original_ops=17595 new_ops=14603 symbolic_rank_gates=72 paired_macros=180 conditional_clean=true
FOLD20_T10_RANK4 j=1 last=true low=true old_ops=17595 ops=14603
RANK4_LOWER class=4 original_ops=19143 new_ops=15831 symbolic_rank_gates=72 paired_macros=186 conditional_clean=true
FOLD20_T10_RANK4 j=2 last=true low=true old_ops=19143 ops=15831
RANK4_LOWER class=3 original_ops=57353 new_ops=47853 symbolic_rank_gates=608 paired_macros=672 conditional_clean=true
FOLD20_T10_RANK4 j=3 last=false low=true old_ops=57353 ops=47853
FOLD20_PASSIVE_LOWER old=688 new=1138 macros=8 gathers=0
FOLD20_PASSIVE_LOWER old=260 new=664 macros=6 gathers=0
RANK4_LOWER class=3 original_ops=57093 new_ops=47857 symbolic_rank_gates=608 paired_macros=672 conditional_clean=true
FOLD20_T10_RANK4 j=1 last=false low=true old_ops=57093 ops=47857
FOLD20_PASSIVE_LOWER old=1082 new=6864 macros=22 gathers=0
FOLD20_PASSIVE_LOWER old=544 new=872 macros=6 gathers=0
FOLD20_PASSIVE_LOWER old=260 new=664 macros=6 gathers=0
RANK4_LOWER class=3 original_ops=77095 new_ops=64461 symbolic_rank_gates=800 paired_macros=874 conditional_clean=true
FOLD20_T10_RANK4 j=2 last=false low=true old_ops=77095 ops=64461
FOLD20_PASSIVE_LOWER old=326 new=3110 macros=9 gathers=0
RANK4_LOWER class=3 original_ops=78629 new_ops=65469 symbolic_rank_gates=800 paired_macros=892 conditional_clean=true
FOLD20_T10_RANK4 j=0 last=false low=true old_ops=78629 ops=65469
FOLD20_PASSIVE_LOWER old=544 new=872 macros=6 gathers=0
FOLD20_PASSIVE_LOWER old=260 new=664 macros=6 gathers=0
FOLD20_PASSIVE_LOWER old=0 new=0 macros=0 gathers=0
FOLD20_PASSIVE_LOWER old=544 new=872 macros=6 gathers=0
FOLD20_PASSIVE_LOWER old=260 new=664 macros=6 gathers=0
FOLD20_PASSIVE_LOWER old=0 new=0 macros=0 gathers=0
RANK4_LOWER class=4 original_ops=12541 new_ops=9921 symbolic_rank_gates=48 paired_macros=74 conditional_clean=true
FOLD20_T10_RANK4 j=3 last=true low=true old_ops=12541 ops=9921
RANK4_LOWER class=4 original_ops=14357 new_ops=11501 symbolic_rank_gates=72 paired_macros=142 conditional_clean=true
FOLD20_T10_RANK4 j=0 last=true low=true old_ops=14357 ops=11501
RANK4_LOWER class=4 original_ops=17379 new_ops=14423 symbolic_rank_gates=72 paired_macros=180 conditional_clean=true
FOLD20_T10_RANK4 j=1 last=true low=true old_ops=17379 ops=14423
RANK4_LOWER class=4 original_ops=18927 new_ops=15651 symbolic_rank_gates=72 paired_macros=186 conditional_clean=true
FOLD20_T10_RANK4 j=2 last=true low=true old_ops=18927 ops=15651
RANK4_LOWER class=3 original_ops=56803 new_ops=47327 symbolic_rank_gates=608 paired_macros=672 conditional_clean=true
FOLD20_T10_RANK4 j=3 last=false low=true old_ops=56803 ops=47327
FOLD20_PASSIVE_LOWER old=688 new=1138 macros=8 gathers=0
RANK4_LOWER class=3 original_ops=56543 new_ops=47331 symbolic_rank_gates=608 paired_macros=672 conditional_clean=true
FOLD20_T10_RANK4 j=1 last=false low=true old_ops=56543 ops=47331
FOLD20_PASSIVE_LOWER old=260 new=664 macros=6 gathers=0
FOLD20_PASSIVE_LOWER old=544 new=872 macros=6 gathers=0
FOLD20_PASSIVE_LOWER old=1082 new=6864 macros=22 gathers=0
FOLD20_PASSIVE_LOWER old=260 new=664 macros=6 gathers=0
RANK4_LOWER class=3 original_ops=78079 new_ops=64947 symbolic_rank_gates=800 paired_macros=892 conditional_clean=true
FOLD20_T10_RANK4 j=0 last=false low=true old_ops=78079 ops=64947
FOLD20_PASSIVE_LOWER old=326 new=3110 macros=9 gathers=0
RANK4_LOWER class=3 original_ops=76545 new_ops=63935 symbolic_rank_gates=800 paired_macros=874 conditional_clean=true
FOLD20_T10_RANK4 j=2 last=false low=true old_ops=76545 ops=63935
FOLD20_PASSIVE_LOWER old=544 new=872 macros=6 gathers=0
FOLD20_PASSIVE_LOWER old=544 new=872 macros=6 gathers=0
FOLD20_PASSIVE_LOWER old=260 new=664 macros=6 gathers=0
FOLD20_PASSIVE_LOWER old=260 new=664 macros=6 gathers=0
FOLD20_PASSIVE_LOWER old=0 new=0 macros=0 gathers=0
FOLD20_PASSIVE_LOWER old=0 new=0 macros=0 gathers=0
RANK4_LOWER class=4 original_ops=12393 new_ops=9805 symbolic_rank_gates=48 paired_macros=74 conditional_clean=true
FOLD20_T10_RANK4 j=3 last=true low=true old_ops=12393 ops=9805
RANK4_LOWER class=4 original_ops=14209 new_ops=11385 symbolic_rank_gates=72 paired_macros=142 conditional_clean=true
FOLD20_T10_RANK4 j=0 last=true low=true old_ops=14209 ops=11385
RANK4_LOWER class=4 original_ops=18779 new_ops=15535 symbolic_rank_gates=72 paired_macros=186 conditional_clean=true
FOLD20_T10_RANK4 j=2 last=true low=true old_ops=18779 ops=15535
RANK4_LOWER class=4 original_ops=17231 new_ops=14307 symbolic_rank_gates=72 paired_macros=180 conditional_clean=true
FOLD20_T10_RANK4 j=1 last=true low=true old_ops=17231 ops=14307
RANK4_LOWER class=3 original_ops=56415 new_ops=46979 symbolic_rank_gates=608 paired_macros=672 conditional_clean=true
FOLD20_T10_RANK4 j=3 last=false low=true old_ops=56415 ops=46979
FOLD20_PASSIVE_LOWER old=688 new=1138 macros=8 gathers=0
FOLD20_PASSIVE_LOWER old=260 new=664 macros=6 gathers=0
RANK4_LOWER class=3 original_ops=56155 new_ops=46983 symbolic_rank_gates=608 paired_macros=672 conditional_clean=true
FOLD20_T10_RANK4 j=1 last=false low=true old_ops=56155 ops=46983
FOLD20_PASSIVE_LOWER old=1082 new=6864 macros=22 gathers=0
FOLD20_PASSIVE_LOWER old=544 new=872 macros=6 gathers=0
RANK4_LOWER class=3 original_ops=77691 new_ops=64599 symbolic_rank_gates=800 paired_macros=892 conditional_clean=true
FOLD20_T10_RANK4 j=0 last=false low=true old_ops=77691 ops=64599
FOLD20_PASSIVE_LOWER old=260 new=664 macros=6 gathers=0
FOLD20_PASSIVE_LOWER old=326 new=3110 macros=9 gathers=0
RANK4_LOWER class=3 original_ops=76157 new_ops=63587 symbolic_rank_gates=800 paired_macros=874 conditional_clean=true
FOLD20_T10_RANK4 j=2 last=false low=true old_ops=76157 ops=63587
FOLD20_PASSIVE_LOWER old=544 new=872 macros=6 gathers=0
FOLD20_PASSIVE_LOWER old=260 new=664 macros=6 gathers=0
FOLD20_PASSIVE_LOWER old=544 new=872 macros=6 gathers=0
FOLD20_PASSIVE_LOWER old=0 new=0 macros=0 gathers=0
FOLD20_PASSIVE_LOWER old=260 new=664 macros=6 gathers=0
FOLD20_PASSIVE_LOWER old=0 new=0 macros=0 gathers=0
RANK4_LOWER class=4 original_ops=12253 new_ops=9705 symbolic_rank_gates=48 paired_macros=74 conditional_clean=true
FOLD20_T10_RANK4 j=3 last=true low=true old_ops=12253 ops=9705
RANK4_LOWER class=4 original_ops=14069 new_ops=11285 symbolic_rank_gates=72 paired_macros=142 conditional_clean=true
FOLD20_T10_RANK4 j=0 last=true low=true old_ops=14069 ops=11285
RANK4_LOWER class=4 original_ops=17091 new_ops=14207 symbolic_rank_gates=72 paired_macros=180 conditional_clean=true
RANK4_LOWER class=4 original_ops=18639 new_ops=15435 symbolic_rank_gates=72 paired_macros=186 conditional_clean=true
FOLD20_T10_RANK4 j=1 last=true low=true old_ops=17091 ops=14207
FOLD20_T10_RANK4 j=2 last=true low=true old_ops=18639 ops=15435
RANK4_LOWER class=3 original_ops=56137 new_ops=46725 symbolic_rank_gates=608 paired_macros=672 conditional_clean=true
FOLD20_T10_RANK4 j=3 last=false low=true old_ops=56137 ops=46725
FOLD20_PASSIVE_LOWER old=688 new=1138 macros=8 gathers=0
FOLD20_PASSIVE_LOWER old=260 new=664 macros=6 gathers=0
RANK4_LOWER class=3 original_ops=55877 new_ops=46729 symbolic_rank_gates=608 paired_macros=672 conditional_clean=true
FOLD20_T10_RANK4 j=1 last=false low=true old_ops=55877 ops=46729
RANK4_LOWER class=3 original_ops=77413 new_ops=64341 symbolic_rank_gates=800 paired_macros=892 conditional_clean=true
FOLD20_T10_RANK4 j=0 last=false low=true old_ops=77413 ops=64341
FOLD20_PASSIVE_LOWER old=1082 new=6864 macros=22 gathers=0
FOLD20_PASSIVE_LOWER old=544 new=872 macros=6 gathers=0
FOLD20_PASSIVE_LOWER old=260 new=664 macros=6 gathers=0
RANK4_LOWER class=3 original_ops=75879 new_ops=63333 symbolic_rank_gates=800 paired_macros=874 conditional_clean=true
FOLD20_T10_RANK4 j=2 last=false low=true old_ops=75879 ops=63333
FOLD20_PASSIVE_LOWER old=544 new=872 macros=6 gathers=0
FOLD20_PASSIVE_LOWER old=326 new=3110 macros=9 gathers=0
FOLD20_PASSIVE_LOWER old=260 new=664 macros=6 gathers=0
FOLD20_PASSIVE_LOWER old=0 new=0 macros=0 gathers=0
FOLD20_PASSIVE_LOWER old=544 new=872 macros=6 gathers=0
FOLD20_PASSIVE_LOWER old=260 new=664 macros=6 gathers=0
FOLD20_PASSIVE_LOWER old=0 new=0 macros=0 gathers=0
RANK4_LOWER class=4 original_ops=12153 new_ops=9621 symbolic_rank_gates=48 paired_macros=74 conditional_clean=true
FOLD20_T10_RANK4 j=3 last=true low=true old_ops=12153 ops=9621
RANK4_LOWER class=4 original_ops=13969 new_ops=11201 symbolic_rank_gates=72 paired_macros=142 conditional_clean=true
FOLD20_T10_RANK4 j=0 last=true low=true old_ops=13969 ops=11201
RANK4_LOWER class=4 original_ops=16991 new_ops=14123 symbolic_rank_gates=72 paired_macros=180 conditional_clean=true
FOLD20_T10_RANK4 j=1 last=true low=true old_ops=16991 ops=14123
RANK4_LOWER class=4 original_ops=18539 new_ops=15351 symbolic_rank_gates=72 paired_macros=186 conditional_clean=true
FOLD20_T10_RANK4 j=2 last=true low=true old_ops=18539 ops=15351
RANK4_LOWER class=3 original_ops=55851 new_ops=46499 symbolic_rank_gates=608 paired_macros=672 conditional_clean=true
FOLD20_T10_RANK4 j=3 last=false low=true old_ops=55851 ops=46499
FOLD20_PASSIVE_LOWER old=688 new=1138 macros=8 gathers=0
RANK4_LOWER class=3 original_ops=55591 new_ops=46503 symbolic_rank_gates=608 paired_macros=672 conditional_clean=true
FOLD20_T10_RANK4 j=1 last=false low=true old_ops=55591 ops=46503
FOLD20_PASSIVE_LOWER old=260 new=664 macros=6 gathers=0
FOLD20_PASSIVE_LOWER old=544 new=872 macros=6 gathers=0
FOLD20_PASSIVE_LOWER old=1082 new=6864 macros=22 gathers=0
FOLD20_PASSIVE_LOWER old=260 new=664 macros=6 gathers=0
FOLD20_PASSIVE_LOWER old=326 new=3110 macros=9 gathers=0
RANK4_LOWER class=3 original_ops=75593 new_ops=63107 symbolic_rank_gates=800 paired_macros=874 conditional_clean=true
FOLD20_T10_RANK4 j=2 last=false low=true old_ops=75593 ops=63107
RANK4_LOWER class=3 original_ops=77127 new_ops=64119 symbolic_rank_gates=800 paired_macros=892 conditional_clean=true
FOLD20_T10_RANK4 j=0 last=false low=true old_ops=77127 ops=64119
FOLD20_PASSIVE_LOWER old=544 new=872 macros=6 gathers=0
FOLD20_PASSIVE_LOWER old=260 new=664 macros=6 gathers=0
FOLD20_PASSIVE_LOWER old=544 new=872 macros=6 gathers=0
FOLD20_PASSIVE_LOWER old=0 new=0 macros=0 gathers=0
FOLD20_PASSIVE_LOWER old=260 new=664 macros=6 gathers=0
FOLD20_PASSIVE_LOWER old=0 new=0 macros=0 gathers=0
RANK4_LOWER class=4 original_ops=12005 new_ops=9505 symbolic_rank_gates=48 paired_macros=74 conditional_clean=true
FOLD20_T10_RANK4 j=3 last=true low=true old_ops=12005 ops=9505
RANK4_LOWER class=4 original_ops=13821 new_ops=11085 symbolic_rank_gates=72 paired_macros=142 conditional_clean=true
FOLD20_T10_RANK4 j=0 last=true low=true old_ops=13821 ops=11085
RANK4_LOWER class=4 original_ops=16843 new_ops=14007 symbolic_rank_gates=72 paired_macros=180 conditional_clean=true
FOLD20_T10_RANK4 j=1 last=true low=true old_ops=16843 ops=14007
RANK4_LOWER class=4 original_ops=18391 new_ops=15235 symbolic_rank_gates=72 paired_macros=186 conditional_clean=true
FOLD20_T10_RANK4 j=2 last=true low=true old_ops=18391 ops=15235
RANK4_LOWER class=3 original_ops=55487 new_ops=46187 symbolic_rank_gates=608 paired_macros=672 conditional_clean=true
FOLD20_T10_RANK4 j=3 last=false low=true old_ops=55487 ops=46187
FOLD20_PASSIVE_LOWER old=688 new=1138 macros=8 gathers=0
FOLD20_PASSIVE_LOWER old=260 new=664 macros=6 gathers=0
RANK4_LOWER class=3 original_ops=55227 new_ops=46191 symbolic_rank_gates=608 paired_macros=672 conditional_clean=true
FOLD20_T10_RANK4 j=1 last=false low=true old_ops=55227 ops=46191
FOLD20_PASSIVE_LOWER old=1082 new=6864 macros=22 gathers=0
FOLD20_PASSIVE_LOWER old=544 new=872 macros=6 gathers=0
FOLD20_PASSIVE_LOWER old=260 new=664 macros=6 gathers=0
RANK4_LOWER class=3 original_ops=76763 new_ops=63807 symbolic_rank_gates=800 paired_macros=892 conditional_clean=true
FOLD20_T10_RANK4 j=0 last=false low=true old_ops=76763 ops=63807
FOLD20_PASSIVE_LOWER old=326 new=3110 macros=9 gathers=0
RANK4_LOWER class=3 original_ops=75229 new_ops=62795 symbolic_rank_gates=800 paired_macros=874 conditional_clean=true
FOLD20_T10_RANK4 j=2 last=false low=true old_ops=75229 ops=62795
FOLD20_PASSIVE_LOWER old=544 new=872 macros=6 gathers=0
FOLD20_PASSIVE_LOWER old=260 new=664 macros=6 gathers=0
FOLD20_PASSIVE_LOWER old=0 new=0 macros=0 gathers=0
FOLD20_PASSIVE_LOWER old=544 new=872 macros=6 gathers=0
FOLD20_PASSIVE_LOWER old=260 new=664 macros=6 gathers=0
FOLD20_PASSIVE_LOWER old=0 new=0 macros=0 gathers=0
RANK4_LOWER class=4 original_ops=11853 new_ops=9389 symbolic_rank_gates=48 paired_macros=74 conditional_clean=true
FOLD20_T10_RANK4 j=3 last=true low=true old_ops=11853 ops=9389
RANK4_LOWER class=4 original_ops=13669 new_ops=10969 symbolic_rank_gates=72 paired_macros=142 conditional_clean=true
FOLD20_T10_RANK4 j=0 last=true low=true old_ops=13669 ops=10969
RANK4_LOWER class=4 original_ops=18239 new_ops=15119 symbolic_rank_gates=72 paired_macros=186 conditional_clean=true
FOLD20_T10_RANK4 j=2 last=true low=true old_ops=18239 ops=15119
RANK4_LOWER class=4 original_ops=16691 new_ops=13891 symbolic_rank_gates=72 paired_macros=180 conditional_clean=true
FOLD20_T10_RANK4 j=1 last=true low=true old_ops=16691 ops=13891
RANK4_LOWER class=3 original_ops=55097 new_ops=45833 symbolic_rank_gates=608 paired_macros=672 conditional_clean=true
FOLD20_T10_RANK4 j=3 last=false low=true old_ops=55097 ops=45833
FOLD20_PASSIVE_LOWER old=688 new=1138 macros=8 gathers=0
RANK4_LOWER class=3 original_ops=54837 new_ops=45837 symbolic_rank_gates=608 paired_macros=672 conditional_clean=true
FOLD20_T10_RANK4 j=1 last=false low=true old_ops=54837 ops=45837
FOLD20_PASSIVE_LOWER old=260 new=664 macros=6 gathers=0
FOLD20_PASSIVE_LOWER old=544 new=872 macros=6 gathers=0
RANK4_LOWER class=3 original_ops=74839 new_ops=62441 symbolic_rank_gates=800 paired_macros=874 conditional_clean=true
FOLD20_T10_RANK4 j=2 last=false low=true old_ops=74839 ops=62441
FOLD20_PASSIVE_LOWER old=1082 new=6864 macros=22 gathers=0
FOLD20_PASSIVE_LOWER old=260 new=664 macros=6 gathers=0
RANK4_LOWER class=3 original_ops=76373 new_ops=63449 symbolic_rank_gates=800 paired_macros=892 conditional_clean=true
FOLD20_T10_RANK4 j=0 last=false low=true old_ops=76373 ops=63449
FOLD20_PASSIVE_LOWER old=326 new=3110 macros=9 gathers=0
FOLD20_PASSIVE_LOWER old=544 new=872 macros=6 gathers=0
FOLD20_PASSIVE_LOWER old=260 new=664 macros=6 gathers=0
FOLD20_PASSIVE_LOWER old=0 new=0 macros=0 gathers=0
FOLD20_PASSIVE_LOWER old=544 new=872 macros=6 gathers=0
FOLD20_PASSIVE_LOWER old=260 new=664 macros=6 gathers=0
FOLD20_PASSIVE_LOWER old=0 new=0 macros=0 gathers=0
RANK4_LOWER class=4 original_ops=11705 new_ops=9273 symbolic_rank_gates=48 paired_macros=74 conditional_clean=true
FOLD20_T10_RANK4 j=3 last=true low=true old_ops=11705 ops=9273
RANK4_LOWER class=4 original_ops=13521 new_ops=10853 symbolic_rank_gates=72 paired_macros=142 conditional_clean=true
FOLD20_T10_RANK4 j=0 last=true low=true old_ops=13521 ops=10853
RANK4_LOWER class=4 original_ops=16543 new_ops=13775 symbolic_rank_gates=72 paired_macros=180 conditional_clean=true
FOLD20_T10_RANK4 j=1 last=true low=true old_ops=16543 ops=13775
RANK4_LOWER class=4 original_ops=18091 new_ops=15003 symbolic_rank_gates=72 paired_macros=186 conditional_clean=true
FOLD20_T10_RANK4 j=2 last=true low=true old_ops=18091 ops=15003
RANK4_LOWER class=3 original_ops=54761 new_ops=45553 symbolic_rank_gates=608 paired_macros=672 conditional_clean=true
FOLD20_T10_RANK4 j=3 last=false low=true old_ops=54761 ops=45553
RANK4_LOWER class=3 original_ops=54501 new_ops=45557 symbolic_rank_gates=608 paired_macros=672 conditional_clean=true
FOLD20_T10_RANK4 j=1 last=false low=true old_ops=54501 ops=45557
FOLD20_PASSIVE_LOWER old=688 new=1138 macros=8 gathers=0
FOLD20_PASSIVE_LOWER old=260 new=664 macros=6 gathers=0
FOLD20_PASSIVE_LOWER old=544 new=872 macros=6 gathers=0
RANK4_LOWER class=3 original_ops=76037 new_ops=63169 symbolic_rank_gates=800 paired_macros=892 conditional_clean=true
FOLD20_T10_RANK4 j=0 last=false low=true old_ops=76037 ops=63169
FOLD20_PASSIVE_LOWER old=260 new=664 macros=6 gathers=0
RANK4_LOWER class=3 original_ops=74503 new_ops=62161 symbolic_rank_gates=800 paired_macros=874 conditional_clean=true
FOLD20_T10_RANK4 j=2 last=false low=true old_ops=74503 ops=62161
FOLD20_PASSIVE_LOWER old=1082 new=6864 macros=22 gathers=0
FOLD20_PASSIVE_LOWER old=326 new=3110 macros=9 gathers=0
FOLD20_PASSIVE_LOWER old=544 new=872 macros=6 gathers=0
FOLD20_PASSIVE_LOWER old=544 new=872 macros=6 gathers=0
FOLD20_PASSIVE_LOWER old=260 new=664 macros=6 gathers=0
FOLD20_PASSIVE_LOWER old=260 new=664 macros=6 gathers=0
FOLD20_PASSIVE_LOWER old=0 new=0 macros=0 gathers=0
FOLD20_PASSIVE_LOWER old=0 new=0 macros=0 gathers=0
RANK4_LOWER class=4 original_ops=11577 new_ops=9181 symbolic_rank_gates=48 paired_macros=74 conditional_clean=true
FOLD20_T10_RANK4 j=3 last=true low=true old_ops=11577 ops=9181
RANK4_LOWER class=4 original_ops=13393 new_ops=10761 symbolic_rank_gates=72 paired_macros=142 conditional_clean=true
FOLD20_T10_RANK4 j=0 last=true low=true old_ops=13393 ops=10761
RANK4_LOWER class=4 original_ops=16415 new_ops=13683 symbolic_rank_gates=72 paired_macros=180 conditional_clean=true
FOLD20_T10_RANK4 j=1 last=true low=true old_ops=16415 ops=13683
RANK4_LOWER class=4 original_ops=17963 new_ops=14911 symbolic_rank_gates=72 paired_macros=186 conditional_clean=true
FOLD20_T10_RANK4 j=2 last=true low=true old_ops=17963 ops=14911
RANK4_LOWER class=3 original_ops=54459 new_ops=45295 symbolic_rank_gates=608 paired_macros=672 conditional_clean=true
FOLD20_T10_RANK4 j=3 last=false low=true old_ops=54459 ops=45295
FOLD20_PASSIVE_LOWER old=688 new=1138 macros=8 gathers=0
RANK4_LOWER class=3 original_ops=54199 new_ops=45299 symbolic_rank_gates=608 paired_macros=672 conditional_clean=true
FOLD20_T10_RANK4 j=1 last=false low=true old_ops=54199 ops=45299
FOLD20_PASSIVE_LOWER old=260 new=664 macros=6 gathers=0
FOLD20_PASSIVE_LOWER old=544 new=872 macros=6 gathers=0
FOLD20_PASSIVE_LOWER old=1082 new=6864 macros=22 gathers=0
FOLD20_PASSIVE_LOWER old=260 new=664 macros=6 gathers=0
FOLD20_PASSIVE_LOWER old=326 new=3110 macros=9 gathers=0
RANK4_LOWER class=3 original_ops=75735 new_ops=62915 symbolic_rank_gates=800 paired_macros=892 conditional_clean=true
FOLD20_T10_RANK4 j=0 last=false low=true old_ops=75735 ops=62915
RANK4_LOWER class=3 original_ops=74201 new_ops=61903 symbolic_rank_gates=800 paired_macros=874 conditional_clean=true
FOLD20_T10_RANK4 j=2 last=false low=true old_ops=74201 ops=61903
FOLD20_PASSIVE_LOWER old=544 new=872 macros=6 gathers=0
FOLD20_PASSIVE_LOWER old=544 new=872 macros=6 gathers=0
FOLD20_PASSIVE_LOWER old=260 new=664 macros=6 gathers=0
FOLD20_PASSIVE_LOWER old=0 new=0 macros=0 gathers=0
FOLD20_PASSIVE_LOWER old=260 new=664 macros=6 gathers=0
FOLD20_PASSIVE_LOWER old=0 new=0 macros=0 gathers=0
RANK4_LOWER class=4 original_ops=11429 new_ops=9065 symbolic_rank_gates=48 paired_macros=74 conditional_clean=true
FOLD20_T10_RANK4 j=3 last=true low=true old_ops=11429 ops=9065
RANK4_LOWER class=4 original_ops=13245 new_ops=10645 symbolic_rank_gates=72 paired_macros=142 conditional_clean=true
FOLD20_T10_RANK4 j=0 last=true low=true old_ops=13245 ops=10645
RANK4_LOWER class=4 original_ops=17815 new_ops=14795 symbolic_rank_gates=72 paired_macros=186 conditional_clean=true
FOLD20_T10_RANK4 j=2 last=true low=true old_ops=17815 ops=14795
RANK4_LOWER class=4 original_ops=16267 new_ops=13567 symbolic_rank_gates=72 paired_macros=180 conditional_clean=true
FOLD20_T10_RANK4 j=1 last=true low=true old_ops=16267 ops=13567
RANK4_LOWER class=3 original_ops=54143 new_ops=45021 symbolic_rank_gates=608 paired_macros=672 conditional_clean=true
FOLD20_T10_RANK4 j=3 last=false low=true old_ops=54143 ops=45021
FOLD20_PASSIVE_LOWER old=688 new=1138 macros=8 gathers=0
FOLD20_PASSIVE_LOWER old=260 new=664 macros=6 gathers=0
RANK4_LOWER class=3 original_ops=53883 new_ops=45025 symbolic_rank_gates=608 paired_macros=672 conditional_clean=true
FOLD20_T10_RANK4 j=1 last=false low=true old_ops=53883 ops=45025
FOLD20_PASSIVE_LOWER old=1082 new=6864 macros=22 gathers=0
RANK4_LOWER class=3 original_ops=73885 new_ops=61629 symbolic_rank_gates=800 paired_macros=874 conditional_clean=true
FOLD20_T10_RANK4 j=2 last=false low=true old_ops=73885 ops=61629
RANK4_LOWER class=3 original_ops=75419 new_ops=62641 symbolic_rank_gates=800 paired_macros=892 conditional_clean=true
FOLD20_T10_RANK4 j=0 last=false low=true old_ops=75419 ops=62641
FOLD20_PASSIVE_LOWER old=544 new=872 macros=6 gathers=0
FOLD20_PASSIVE_LOWER old=260 new=664 macros=6 gathers=0
FOLD20_PASSIVE_LOWER old=544 new=872 macros=6 gathers=0
FOLD20_PASSIVE_LOWER old=326 new=3110 macros=9 gathers=0
FOLD20_PASSIVE_LOWER old=544 new=872 macros=6 gathers=0
FOLD20_PASSIVE_LOWER old=260 new=664 macros=6 gathers=0
FOLD20_PASSIVE_LOWER old=260 new=664 macros=6 gathers=0
FOLD20_PASSIVE_LOWER old=0 new=0 macros=0 gathers=0
FOLD20_PASSIVE_LOWER old=0 new=0 macros=0 gathers=0
RANK4_LOWER class=4 original_ops=10963 new_ops=8861 symbolic_rank_gates=36 paired_macros=46 conditional_clean=true
FOLD20_T10_RANK4 j=3 last=true low=true old_ops=10963 ops=8861
RANK4_LOWER class=4 original_ops=12779 new_ops=10445 symbolic_rank_gates=60 paired_macros=114 conditional_clean=true
FOLD20_T10_RANK4 j=0 last=true low=true old_ops=12779 ops=10445
RANK4_LOWER class=4 original_ops=15801 new_ops=13367 symbolic_rank_gates=60 paired_macros=152 conditional_clean=true
FOLD20_T10_RANK4 j=1 last=true low=true old_ops=15801 ops=13367
RANK4_LOWER class=4 original_ops=17349 new_ops=14595 symbolic_rank_gates=60 paired_macros=158 conditional_clean=true
FOLD20_T10_RANK4 j=2 last=true low=true old_ops=17349 ops=14595
RANK4_LOWER class=3 original_ops=53401 new_ops=44559 symbolic_rank_gates=576 paired_macros=624 conditional_clean=true
FOLD20_T10_RANK4 j=3 last=false low=true old_ops=53401 ops=44559
RANK4_LOWER class=3 original_ops=53141 new_ops=44563 symbolic_rank_gates=576 paired_macros=624 conditional_clean=true
FOLD20_T10_RANK4 j=1 last=false low=true old_ops=53141 ops=44563
FOLD20_PASSIVE_LOWER old=688 new=1138 macros=8 gathers=0
FOLD20_PASSIVE_LOWER old=260 new=664 macros=6 gathers=0
FOLD20_PASSIVE_LOWER old=544 new=872 macros=6 gathers=0
FOLD20_PASSIVE_LOWER old=260 new=664 macros=6 gathers=0
FOLD20_PASSIVE_LOWER old=326 new=3110 macros=9 gathers=0
FOLD20_PASSIVE_LOWER old=1082 new=6864 macros=22 gathers=0
RANK4_LOWER class=3 original_ops=73143 new_ops=61167 symbolic_rank_gates=768 paired_macros=826 conditional_clean=true
FOLD20_T10_RANK4 j=2 last=false low=true old_ops=73143 ops=61167
RANK4_LOWER class=3 original_ops=74677 new_ops=62179 symbolic_rank_gates=768 paired_macros=844 conditional_clean=true
FOLD20_T10_RANK4 j=0 last=false low=true old_ops=74677 ops=62179
FOLD20_PASSIVE_LOWER old=544 new=872 macros=6 gathers=0
FOLD20_PASSIVE_LOWER old=544 new=872 macros=6 gathers=0
FOLD20_PASSIVE_LOWER old=260 new=664 macros=6 gathers=0
FOLD20_PASSIVE_LOWER old=260 new=664 macros=6 gathers=0
FOLD20_PASSIVE_LOWER old=0 new=0 macros=0 gathers=0
FOLD20_PASSIVE_LOWER old=0 new=0 macros=0 gathers=0
RANK4_LOWER class=4 original_ops=10815 new_ops=8745 symbolic_rank_gates=36 paired_macros=46 conditional_clean=true
FOLD20_T10_RANK4 j=3 last=true low=true old_ops=10815 ops=8745
RANK4_LOWER class=4 original_ops=12631 new_ops=10329 symbolic_rank_gates=60 paired_macros=114 conditional_clean=true
FOLD20_T10_RANK4 j=0 last=true low=true old_ops=12631 ops=10329
RANK4_LOWER class=4 original_ops=15653 new_ops=13251 symbolic_rank_gates=60 paired_macros=152 conditional_clean=true
FOLD20_T10_RANK4 j=1 last=true low=true old_ops=15653 ops=13251
RANK4_LOWER class=4 original_ops=17201 new_ops=14479 symbolic_rank_gates=60 paired_macros=158 conditional_clean=true
FOLD20_T10_RANK4 j=2 last=true low=true old_ops=17201 ops=14479
RANK4_LOWER class=3 original_ops=52961 new_ops=44215 symbolic_rank_gates=576 paired_macros=624 conditional_clean=true
FOLD20_T10_RANK4 j=3 last=false low=true old_ops=52961 ops=44215
FOLD20_PASSIVE_LOWER old=688 new=1138 macros=8 gathers=0
FOLD20_PASSIVE_LOWER old=260 new=664 macros=6 gathers=0
RANK4_LOWER class=3 original_ops=52701 new_ops=44219 symbolic_rank_gates=576 paired_macros=624 conditional_clean=true
FOLD20_T10_RANK4 j=1 last=false low=true old_ops=52701 ops=44219
FOLD20_PASSIVE_LOWER old=544 new=872 macros=6 gathers=0
FOLD20_PASSIVE_LOWER old=1082 new=6864 macros=22 gathers=0
FOLD20_PASSIVE_LOWER old=260 new=664 macros=6 gathers=0
RANK4_LOWER class=3 original_ops=74237 new_ops=61835 symbolic_rank_gates=768 paired_macros=844 conditional_clean=true
FOLD20_T10_RANK4 j=0 last=false low=true old_ops=74237 ops=61835
FOLD20_PASSIVE_LOWER old=326 new=3110 macros=9 gathers=0
RANK4_LOWER class=3 original_ops=72703 new_ops=60823 symbolic_rank_gates=768 paired_macros=826 conditional_clean=true
FOLD20_T10_RANK4 j=2 last=false low=true old_ops=72703 ops=60823
FOLD20_PASSIVE_LOWER old=544 new=872 macros=6 gathers=0
FOLD20_PASSIVE_LOWER old=544 new=872 macros=6 gathers=0
FOLD20_PASSIVE_LOWER old=260 new=664 macros=6 gathers=0
FOLD20_PASSIVE_LOWER old=260 new=664 macros=6 gathers=0
FOLD20_PASSIVE_LOWER old=0 new=0 macros=0 gathers=0
FOLD20_PASSIVE_LOWER old=0 new=0 macros=0 gathers=0
RANK4_LOWER class=4 original_ops=10715 new_ops=8661 symbolic_rank_gates=36 paired_macros=46 conditional_clean=true
FOLD20_T10_RANK4 j=3 last=true low=true old_ops=10715 ops=8661
RANK4_LOWER class=4 original_ops=12531 new_ops=10245 symbolic_rank_gates=60 paired_macros=114 conditional_clean=true
FOLD20_T10_RANK4 j=0 last=true low=true old_ops=12531 ops=10245
RANK4_LOWER class=4 original_ops=15553 new_ops=13167 symbolic_rank_gates=60 paired_macros=152 conditional_clean=true
FOLD20_T10_RANK4 j=1 last=true low=true old_ops=15553 ops=13167
RANK4_LOWER class=4 original_ops=17101 new_ops=14395 symbolic_rank_gates=60 paired_macros=158 conditional_clean=true
FOLD20_T10_RANK4 j=2 last=true low=true old_ops=17101 ops=14395
RANK4_LOWER class=3 original_ops=52639 new_ops=43965 symbolic_rank_gates=576 paired_macros=624 conditional_clean=true
FOLD20_T10_RANK4 j=3 last=false low=true old_ops=52639 ops=43965
FOLD20_PASSIVE_LOWER old=688 new=1138 macros=8 gathers=0
FOLD20_PASSIVE_LOWER old=260 new=664 macros=6 gathers=0
RANK4_LOWER class=3 original_ops=52379 new_ops=43969 symbolic_rank_gates=576 paired_macros=624 conditional_clean=true
FOLD20_T10_RANK4 j=1 last=false low=true old_ops=52379 ops=43969
FOLD20_PASSIVE_LOWER old=544 new=872 macros=6 gathers=0
FOLD20_PASSIVE_LOWER old=1082 new=6864 macros=22 gathers=0
FOLD20_PASSIVE_LOWER old=260 new=664 macros=6 gathers=0
RANK4_LOWER class=3 original_ops=72381 new_ops=60573 symbolic_rank_gates=768 paired_macros=826 conditional_clean=true
FOLD20_T10_RANK4 j=2 last=false low=true old_ops=72381 ops=60573
FOLD20_PASSIVE_LOWER old=326 new=3110 macros=9 gathers=0
RANK4_LOWER class=3 original_ops=73915 new_ops=61587 symbolic_rank_gates=768 paired_macros=844 conditional_clean=true
FOLD20_T10_RANK4 j=0 last=false low=true old_ops=73915 ops=61587
FOLD20_PASSIVE_LOWER old=544 new=872 macros=6 gathers=0
FOLD20_PASSIVE_LOWER old=260 new=664 macros=6 gathers=0
FOLD20_PASSIVE_LOWER old=544 new=872 macros=6 gathers=0
FOLD20_PASSIVE_LOWER old=0 new=0 macros=0 gathers=0
FOLD20_PASSIVE_LOWER old=260 new=664 macros=6 gathers=0
FOLD20_PASSIVE_LOWER old=0 new=0 macros=0 gathers=0
RANK4_LOWER class=4 original_ops=10515 new_ops=8517 symbolic_rank_gates=36 paired_macros=46 conditional_clean=true
FOLD20_T10_RANK4 j=3 last=true low=true old_ops=10515 ops=8517
RANK4_LOWER class=4 original_ops=12331 new_ops=10101 symbolic_rank_gates=60 paired_macros=114 conditional_clean=true
FOLD20_T10_RANK4 j=0 last=true low=true old_ops=12331 ops=10101
RANK4_LOWER class=4 original_ops=16901 new_ops=14251 symbolic_rank_gates=60 paired_macros=158 conditional_clean=true
FOLD20_T10_RANK4 j=2 last=true low=true old_ops=16901 ops=14251
RANK4_LOWER class=4 original_ops=15353 new_ops=13023 symbolic_rank_gates=60 paired_macros=152 conditional_clean=true
FOLD20_T10_RANK4 j=1 last=true low=true old_ops=15353 ops=13023
RANK4_LOWER class=3 original_ops=52215 new_ops=43619 symbolic_rank_gates=576 paired_macros=624 conditional_clean=true
FOLD20_T10_RANK4 j=3 last=false low=true old_ops=52215 ops=43619
FOLD20_PASSIVE_LOWER old=688 new=1138 macros=8 gathers=0
RANK4_LOWER class=3 original_ops=51955 new_ops=43623 symbolic_rank_gates=576 paired_macros=624 conditional_clean=true
FOLD20_T10_RANK4 j=1 last=false low=true old_ops=51955 ops=43623
FOLD20_PASSIVE_LOWER old=260 new=664 macros=6 gathers=0
FOLD20_PASSIVE_LOWER old=544 new=872 macros=6 gathers=0
FOLD20_PASSIVE_LOWER old=260 new=664 macros=6 gathers=0
FOLD20_PASSIVE_LOWER old=1082 new=6864 macros=22 gathers=0
RANK4_LOWER class=3 original_ops=71957 new_ops=60227 symbolic_rank_gates=768 paired_macros=826 conditional_clean=true
FOLD20_T10_RANK4 j=2 last=false low=true old_ops=71957 ops=60227
RANK4_LOWER class=3 original_ops=73491 new_ops=61241 symbolic_rank_gates=768 paired_macros=844 conditional_clean=true
FOLD20_T10_RANK4 j=0 last=false low=true old_ops=73491 ops=61241
FOLD20_PASSIVE_LOWER old=326 new=3110 macros=9 gathers=0
FOLD20_PASSIVE_LOWER old=544 new=872 macros=6 gathers=0
FOLD20_PASSIVE_LOWER old=544 new=872 macros=6 gathers=0
FOLD20_PASSIVE_LOWER old=260 new=664 macros=6 gathers=0
FOLD20_PASSIVE_LOWER old=0 new=0 macros=0 gathers=0
FOLD20_PASSIVE_LOWER old=260 new=664 macros=6 gathers=0
FOLD20_PASSIVE_LOWER old=0 new=0 macros=0 gathers=0
RANK4_LOWER class=4 original_ops=10399 new_ops=8429 symbolic_rank_gates=36 paired_macros=46 conditional_clean=true
FOLD20_T10_RANK4 j=3 last=true low=true old_ops=10399 ops=8429
RANK4_LOWER class=4 original_ops=12215 new_ops=10013 symbolic_rank_gates=60 paired_macros=114 conditional_clean=true
FOLD20_T10_RANK4 j=0 last=true low=true old_ops=12215 ops=10013
RANK4_LOWER class=4 original_ops=16785 new_ops=14163 symbolic_rank_gates=60 paired_macros=158 conditional_clean=true
FOLD20_T10_RANK4 j=2 last=true low=true old_ops=16785 ops=14163
RANK4_LOWER class=4 original_ops=15237 new_ops=12935 symbolic_rank_gates=60 paired_macros=152 conditional_clean=true
FOLD20_T10_RANK4 j=1 last=true low=true old_ops=15237 ops=12935
RANK4_LOWER class=3 original_ops=51905 new_ops=43353 symbolic_rank_gates=576 paired_macros=624 conditional_clean=true
FOLD20_T10_RANK4 j=3 last=false low=true old_ops=51905 ops=43353
FOLD20_PASSIVE_LOWER old=688 new=1138 macros=8 gathers=0
FOLD20_PASSIVE_LOWER old=260 new=664 macros=6 gathers=0
RANK4_LOWER class=3 original_ops=51645 new_ops=43357 symbolic_rank_gates=576 paired_macros=624 conditional_clean=true
FOLD20_T10_RANK4 j=1 last=false low=true old_ops=51645 ops=43357
FOLD20_PASSIVE_LOWER old=1082 new=6864 macros=22 gathers=0
FOLD20_PASSIVE_LOWER old=544 new=872 macros=6 gathers=0
FOLD20_PASSIVE_LOWER old=260 new=664 macros=6 gathers=0
FOLD20_PASSIVE_LOWER old=326 new=3110 macros=9 gathers=0
RANK4_LOWER class=3 original_ops=73181 new_ops=60973 symbolic_rank_gates=768 paired_macros=844 conditional_clean=true
FOLD20_T10_RANK4 j=0 last=false low=true old_ops=73181 ops=60973
RANK4_LOWER class=3 original_ops=71647 new_ops=59961 symbolic_rank_gates=768 paired_macros=826 conditional_clean=true
FOLD20_T10_RANK4 j=2 last=false low=true old_ops=71647 ops=59961
FOLD20_PASSIVE_LOWER old=544 new=872 macros=6 gathers=0
FOLD20_PASSIVE_LOWER old=544 new=872 macros=6 gathers=0
FOLD20_PASSIVE_LOWER old=260 new=664 macros=6 gathers=0
FOLD20_PASSIVE_LOWER old=0 new=0 macros=0 gathers=0
FOLD20_PASSIVE_LOWER old=260 new=664 macros=6 gathers=0
FOLD20_PASSIVE_LOWER old=0 new=0 macros=0 gathers=0
RANK4_LOWER class=4 original_ops=10239 new_ops=8313 symbolic_rank_gates=36 paired_macros=46 conditional_clean=true
FOLD20_T10_RANK4 j=3 last=true low=true old_ops=10239 ops=8313
RANK4_LOWER class=4 original_ops=12055 new_ops=9897 symbolic_rank_gates=60 paired_macros=114 conditional_clean=true
FOLD20_T10_RANK4 j=0 last=true low=true old_ops=12055 ops=9897
RANK4_LOWER class=4 original_ops=15077 new_ops=12819 symbolic_rank_gates=60 paired_macros=152 conditional_clean=true
FOLD20_T10_RANK4 j=1 last=true low=true old_ops=15077 ops=12819
RANK4_LOWER class=4 original_ops=16625 new_ops=14047 symbolic_rank_gates=60 paired_macros=158 conditional_clean=true
FOLD20_T10_RANK4 j=2 last=true low=true old_ops=16625 ops=14047
RANK4_LOWER class=3 original_ops=51595 new_ops=43103 symbolic_rank_gates=576 paired_macros=624 conditional_clean=true
FOLD20_T10_RANK4 j=3 last=false low=true old_ops=51595 ops=43103
FOLD20_PASSIVE_LOWER old=688 new=1138 macros=8 gathers=0
RANK4_LOWER class=3 original_ops=51335 new_ops=43107 symbolic_rank_gates=576 paired_macros=624 conditional_clean=true
FOLD20_T10_RANK4 j=1 last=false low=true old_ops=51335 ops=43107
FOLD20_PASSIVE_LOWER old=260 new=664 macros=6 gathers=0
FOLD20_PASSIVE_LOWER old=544 new=872 macros=6 gathers=0
FOLD20_PASSIVE_LOWER old=1082 new=6864 macros=22 gathers=0
FOLD20_PASSIVE_LOWER old=260 new=664 macros=6 gathers=0
RANK4_LOWER class=3 original_ops=72871 new_ops=60725 symbolic_rank_gates=768 paired_macros=844 conditional_clean=true
FOLD20_T10_RANK4 j=0 last=false low=true old_ops=72871 ops=60725
FOLD20_PASSIVE_LOWER old=326 new=3110 macros=9 gathers=0
RANK4_LOWER class=3 original_ops=71337 new_ops=59711 symbolic_rank_gates=768 paired_macros=826 conditional_clean=true
FOLD20_T10_RANK4 j=2 last=false low=true old_ops=71337 ops=59711
FOLD20_PASSIVE_LOWER old=544 new=872 macros=6 gathers=0
FOLD20_PASSIVE_LOWER old=260 new=664 macros=6 gathers=0
FOLD20_PASSIVE_LOWER old=0 new=0 macros=0 gathers=0
FOLD20_PASSIVE_LOWER old=544 new=872 macros=6 gathers=0
FOLD20_PASSIVE_LOWER old=260 new=664 macros=6 gathers=0
FOLD20_PASSIVE_LOWER old=0 new=0 macros=0 gathers=0
RANK4_LOWER class=4 original_ops=10091 new_ops=8197 symbolic_rank_gates=36 paired_macros=46 conditional_clean=true
FOLD20_T10_RANK4 j=3 last=true low=true old_ops=10091 ops=8197
RANK4_LOWER class=4 original_ops=11907 new_ops=9781 symbolic_rank_gates=60 paired_macros=114 conditional_clean=true
FOLD20_T10_RANK4 j=0 last=true low=true old_ops=11907 ops=9781
RANK4_LOWER class=4 original_ops=14929 new_ops=12703 symbolic_rank_gates=60 paired_macros=152 conditional_clean=true
FOLD20_T10_RANK4 j=1 last=true low=true old_ops=14929 ops=12703
RANK4_LOWER class=4 original_ops=16477 new_ops=13931 symbolic_rank_gates=60 paired_macros=158 conditional_clean=true
FOLD20_T10_RANK4 j=2 last=true low=true old_ops=16477 ops=13931
RANK4_LOWER class=3 original_ops=51175 new_ops=42759 symbolic_rank_gates=576 paired_macros=624 conditional_clean=true
FOLD20_T10_RANK4 j=3 last=false low=true old_ops=51175 ops=42759
FOLD20_PASSIVE_LOWER old=688 new=1138 macros=8 gathers=0
FOLD20_PASSIVE_LOWER old=260 new=664 macros=6 gathers=0
RANK4_LOWER class=3 original_ops=50915 new_ops=42763 symbolic_rank_gates=576 paired_macros=624 conditional_clean=true
FOLD20_T10_RANK4 j=1 last=false low=true old_ops=50915 ops=42763
FOLD20_PASSIVE_LOWER old=1082 new=6864 macros=22 gathers=0
FOLD20_PASSIVE_LOWER old=544 new=872 macros=6 gathers=0
FOLD20_PASSIVE_LOWER old=260 new=664 macros=6 gathers=0
FOLD20_PASSIVE_LOWER old=326 new=3110 macros=9 gathers=0
RANK4_LOWER class=3 original_ops=70917 new_ops=59367 symbolic_rank_gates=768 paired_macros=826 conditional_clean=true
FOLD20_T10_RANK4 j=2 last=false low=true old_ops=70917 ops=59367
RANK4_LOWER class=3 original_ops=72451 new_ops=60381 symbolic_rank_gates=768 paired_macros=844 conditional_clean=true
FOLD20_T10_RANK4 j=0 last=false low=true old_ops=72451 ops=60381
FOLD20_PASSIVE_LOWER old=544 new=872 macros=6 gathers=0
FOLD20_PASSIVE_LOWER old=260 new=664 macros=6 gathers=0
FOLD20_PASSIVE_LOWER old=544 new=872 macros=6 gathers=0
FOLD20_PASSIVE_LOWER old=0 new=0 macros=0 gathers=0
FOLD20_PASSIVE_LOWER old=260 new=664 macros=6 gathers=0
FOLD20_PASSIVE_LOWER old=0 new=0 macros=0 gathers=0
RANK4_LOWER class=4 original_ops=9935 new_ops=8081 symbolic_rank_gates=36 paired_macros=46 conditional_clean=true
FOLD20_T10_RANK4 j=3 last=true low=true old_ops=9935 ops=8081
RANK4_LOWER class=4 original_ops=11751 new_ops=9665 symbolic_rank_gates=60 paired_macros=114 conditional_clean=true
FOLD20_T10_RANK4 j=0 last=true low=true old_ops=11751 ops=9665
RANK4_LOWER class=4 original_ops=14773 new_ops=12587 symbolic_rank_gates=60 paired_macros=152 conditional_clean=true
FOLD20_T10_RANK4 j=1 last=true low=true old_ops=14773 ops=12587
RANK4_LOWER class=4 original_ops=16321 new_ops=13815 symbolic_rank_gates=60 paired_macros=158 conditional_clean=true
FOLD20_T10_RANK4 j=2 last=true low=true old_ops=16321 ops=13815
RANK4_LOWER class=3 original_ops=50873 new_ops=42493 symbolic_rank_gates=576 paired_macros=624 conditional_clean=true
FOLD20_T10_RANK4 j=3 last=false low=true old_ops=50873 ops=42493
FOLD20_PASSIVE_LOWER old=688 new=1138 macros=8 gathers=0
RANK4_LOWER class=3 original_ops=50613 new_ops=42497 symbolic_rank_gates=576 paired_macros=624 conditional_clean=true
FOLD20_T10_RANK4 j=1 last=false low=true old_ops=50613 ops=42497
FOLD20_PASSIVE_LOWER old=260 new=664 macros=6 gathers=0
FOLD20_PASSIVE_LOWER old=544 new=872 macros=6 gathers=0
FOLD20_PASSIVE_LOWER old=260 new=664 macros=6 gathers=0
FOLD20_PASSIVE_LOWER old=1082 new=6864 macros=22 gathers=0
RANK4_LOWER class=3 original_ops=70615 new_ops=59101 symbolic_rank_gates=768 paired_macros=826 conditional_clean=true
FOLD20_T10_RANK4 j=2 last=false low=true old_ops=70615 ops=59101
RANK4_LOWER class=3 original_ops=72149 new_ops=60113 symbolic_rank_gates=768 paired_macros=844 conditional_clean=true
FOLD20_T10_RANK4 j=0 last=false low=true old_ops=72149 ops=60113
FOLD20_PASSIVE_LOWER old=326 new=3110 macros=9 gathers=0
FOLD20_PASSIVE_LOWER old=544 new=872 macros=6 gathers=0
FOLD20_PASSIVE_LOWER old=544 new=872 macros=6 gathers=0
FOLD20_PASSIVE_LOWER old=260 new=664 macros=6 gathers=0
FOLD20_PASSIVE_LOWER old=260 new=664 macros=6 gathers=0
FOLD20_PASSIVE_LOWER old=0 new=0 macros=0 gathers=0
FOLD20_PASSIVE_LOWER old=0 new=0 macros=0 gathers=0
RANK4_LOWER class=4 original_ops=9787 new_ops=7965 symbolic_rank_gates=36 paired_macros=46 conditional_clean=true
FOLD20_T10_RANK4 j=3 last=true low=true old_ops=9787 ops=7965
RANK4_LOWER class=4 original_ops=11603 new_ops=9549 symbolic_rank_gates=60 paired_macros=114 conditional_clean=true
FOLD20_T10_RANK4 j=0 last=true low=true old_ops=11603 ops=9549
RANK4_LOWER class=4 original_ops=16173 new_ops=13699 symbolic_rank_gates=60 paired_macros=158 conditional_clean=true
FOLD20_T10_RANK4 j=2 last=true low=true old_ops=16173 ops=13699
RANK4_LOWER class=4 original_ops=14625 new_ops=12471 symbolic_rank_gates=60 paired_macros=152 conditional_clean=true
FOLD20_T10_RANK4 j=1 last=true low=true old_ops=14625 ops=12471
RANK4_LOWER class=3 original_ops=50465 new_ops=42149 symbolic_rank_gates=576 paired_macros=624 conditional_clean=true
FOLD20_T10_RANK4 j=3 last=false low=true old_ops=50465 ops=42149
FOLD20_PASSIVE_LOWER old=688 new=1138 macros=8 gathers=0
RANK4_LOWER class=3 original_ops=50205 new_ops=42153 symbolic_rank_gates=576 paired_macros=624 conditional_clean=true
FOLD20_T10_RANK4 j=1 last=false low=true old_ops=50205 ops=42153
FOLD20_PASSIVE_LOWER old=260 new=664 macros=6 gathers=0
FOLD20_PASSIVE_LOWER old=544 new=872 macros=6 gathers=0
FOLD20_PASSIVE_LOWER old=1082 new=6864 macros=22 gathers=0
RANK4_LOWER class=3 original_ops=70207 new_ops=58757 symbolic_rank_gates=768 paired_macros=826 conditional_clean=true
FOLD20_T10_RANK4 j=2 last=false low=true old_ops=70207 ops=58757
FOLD20_PASSIVE_LOWER old=260 new=664 macros=6 gathers=0
RANK4_LOWER class=3 original_ops=71741 new_ops=59769 symbolic_rank_gates=768 paired_macros=844 conditional_clean=true
FOLD20_T10_RANK4 j=0 last=false low=true old_ops=71741 ops=59769
FOLD20_PASSIVE_LOWER old=326 new=3110 macros=9 gathers=0
FOLD20_PASSIVE_LOWER old=544 new=872 macros=6 gathers=0
FOLD20_PASSIVE_LOWER old=260 new=664 macros=6 gathers=0
FOLD20_PASSIVE_LOWER old=544 new=872 macros=6 gathers=0
FOLD20_PASSIVE_LOWER old=0 new=0 macros=0 gathers=0
FOLD20_PASSIVE_LOWER old=260 new=664 macros=6 gathers=0
FOLD20_PASSIVE_LOWER old=0 new=0 macros=0 gathers=0
RANK4_LOWER class=4 original_ops=9687 new_ops=7881 symbolic_rank_gates=36 paired_macros=46 conditional_clean=true
FOLD20_T10_RANK4 j=3 last=true low=true old_ops=9687 ops=7881
RANK4_LOWER class=4 original_ops=11503 new_ops=9465 symbolic_rank_gates=60 paired_macros=114 conditional_clean=true
FOLD20_T10_RANK4 j=0 last=true low=true old_ops=11503 ops=9465
RANK4_LOWER class=4 original_ops=14525 new_ops=12387 symbolic_rank_gates=60 paired_macros=152 conditional_clean=true
FOLD20_T10_RANK4 j=1 last=true low=true old_ops=14525 ops=12387
RANK4_LOWER class=4 original_ops=16073 new_ops=13615 symbolic_rank_gates=60 paired_macros=158 conditional_clean=true
FOLD20_T10_RANK4 j=2 last=true low=true old_ops=16073 ops=13615
RANK4_LOWER class=3 original_ops=50167 new_ops=41899 symbolic_rank_gates=576 paired_macros=624 conditional_clean=true
FOLD20_T10_RANK4 j=3 last=false low=true old_ops=50167 ops=41899
FOLD20_PASSIVE_LOWER old=688 new=1138 macros=8 gathers=0
RANK4_LOWER class=3 original_ops=49907 new_ops=41903 symbolic_rank_gates=576 paired_macros=624 conditional_clean=true
FOLD20_T10_RANK4 j=1 last=false low=true old_ops=49907 ops=41903
FOLD20_PASSIVE_LOWER old=260 new=664 macros=6 gathers=0
FOLD20_PASSIVE_LOWER old=544 new=872 macros=6 gathers=0
FOLD20_PASSIVE_LOWER old=1082 new=6864 macros=22 gathers=0
FOLD20_PASSIVE_LOWER old=260 new=664 macros=6 gathers=0
FOLD20_PASSIVE_LOWER old=326 new=3110 macros=9 gathers=0
RANK4_LOWER class=3 original_ops=71443 new_ops=59521 symbolic_rank_gates=768 paired_macros=844 conditional_clean=true
FOLD20_T10_RANK4 j=0 last=false low=true old_ops=71443 ops=59521
RANK4_LOWER class=3 original_ops=69909 new_ops=58507 symbolic_rank_gates=768 paired_macros=826 conditional_clean=true
FOLD20_T10_RANK4 j=2 last=false low=true old_ops=69909 ops=58507
FOLD20_PASSIVE_LOWER old=544 new=872 macros=6 gathers=0
FOLD20_PASSIVE_LOWER old=544 new=872 macros=6 gathers=0
FOLD20_PASSIVE_LOWER old=260 new=664 macros=6 gathers=0
FOLD20_PASSIVE_LOWER old=260 new=664 macros=6 gathers=0
FOLD20_PASSIVE_LOWER old=0 new=0 macros=0 gathers=0
FOLD20_PASSIVE_LOWER old=0 new=0 macros=0 gathers=0
RANK4_LOWER class=4 original_ops=9439 new_ops=7673 symbolic_rank_gates=36 paired_macros=46 conditional_clean=true
FOLD20_T10_RANK4 j=3 last=true low=true old_ops=9439 ops=7673
RANK4_LOWER class=4 original_ops=11255 new_ops=9257 symbolic_rank_gates=60 paired_macros=114 conditional_clean=true
FOLD20_T10_RANK4 j=0 last=true low=true old_ops=11255 ops=9257
RANK4_LOWER class=4 original_ops=14277 new_ops=12179 symbolic_rank_gates=60 paired_macros=152 conditional_clean=true
FOLD20_T10_RANK4 j=1 last=true low=true old_ops=14277 ops=12179
RANK4_LOWER class=4 original_ops=15825 new_ops=13407 symbolic_rank_gates=60 paired_macros=158 conditional_clean=true
FOLD20_T10_RANK4 j=2 last=true low=true old_ops=15825 ops=13407
RANK4_LOWER class=3 original_ops=49519 new_ops=41323 symbolic_rank_gates=576 paired_macros=624 conditional_clean=true
FOLD20_T10_RANK4 j=3 last=false low=true old_ops=49519 ops=41323
FOLD20_PASSIVE_LOWER old=688 new=1138 macros=8 gathers=0
RANK4_LOWER class=3 original_ops=49259 new_ops=41327 symbolic_rank_gates=576 paired_macros=624 conditional_clean=true
FOLD20_T10_RANK4 j=1 last=false low=true old_ops=49259 ops=41327
FOLD20_PASSIVE_LOWER old=260 new=664 macros=6 gathers=0
FOLD20_PASSIVE_LOWER old=544 new=872 macros=6 gathers=0
FOLD20_PASSIVE_LOWER old=1082 new=6864 macros=22 gathers=0
FOLD20_PASSIVE_LOWER old=260 new=664 macros=6 gathers=0
RANK4_LOWER class=3 original_ops=70795 new_ops=58945 symbolic_rank_gates=768 paired_macros=844 conditional_clean=true
FOLD20_T10_RANK4 j=0 last=false low=true old_ops=70795 ops=58945
FOLD20_PASSIVE_LOWER old=326 new=3110 macros=9 gathers=0
RANK4_LOWER class=3 original_ops=69261 new_ops=57931 symbolic_rank_gates=768 paired_macros=826 conditional_clean=true
FOLD20_T10_RANK4 j=2 last=false low=true old_ops=69261 ops=57931
FOLD20_PASSIVE_LOWER old=544 new=872 macros=6 gathers=0
FOLD20_PASSIVE_LOWER old=544 new=872 macros=6 gathers=0
FOLD20_PASSIVE_LOWER old=260 new=664 macros=6 gathers=0
FOLD20_PASSIVE_LOWER old=0 new=0 macros=0 gathers=0
FOLD20_PASSIVE_LOWER old=260 new=664 macros=6 gathers=0
FOLD20_PASSIVE_LOWER old=0 new=0 macros=0 gathers=0
RANK4_LOWER class=4 original_ops=9323 new_ops=7585 symbolic_rank_gates=36 paired_macros=46 conditional_clean=true
FOLD20_T10_RANK4 j=3 last=true low=true old_ops=9323 ops=7585
RANK4_LOWER class=4 original_ops=11139 new_ops=9169 symbolic_rank_gates=60 paired_macros=114 conditional_clean=true
FOLD20_T10_RANK4 j=0 last=true low=true old_ops=11139 ops=9169
RANK4_LOWER class=4 original_ops=15709 new_ops=13319 symbolic_rank_gates=60 paired_macros=158 conditional_clean=true
FOLD20_T10_RANK4 j=2 last=true low=true old_ops=15709 ops=13319
RANK4_LOWER class=4 original_ops=14161 new_ops=12091 symbolic_rank_gates=60 paired_macros=152 conditional_clean=true
FOLD20_T10_RANK4 j=1 last=true low=true old_ops=14161 ops=12091
RANK4_LOWER class=3 original_ops=49233 new_ops=41081 symbolic_rank_gates=576 paired_macros=624 conditional_clean=true
FOLD20_T10_RANK4 j=3 last=false low=true old_ops=49233 ops=41081
FOLD20_PASSIVE_LOWER old=688 new=1138 macros=8 gathers=0
FOLD20_PASSIVE_LOWER old=260 new=664 macros=6 gathers=0
RANK4_LOWER class=3 original_ops=48973 new_ops=41085 symbolic_rank_gates=576 paired_macros=624 conditional_clean=true
FOLD20_T10_RANK4 j=1 last=false low=true old_ops=48973 ops=41085
FOLD20_PASSIVE_LOWER old=1082 new=6864 macros=22 gathers=0
FOLD20_PASSIVE_LOWER old=544 new=872 macros=6 gathers=0
FOLD20_PASSIVE_LOWER old=260 new=664 macros=6 gathers=0
RANK4_LOWER class=3 original_ops=68975 new_ops=57689 symbolic_rank_gates=768 paired_macros=826 conditional_clean=true
FOLD20_T10_RANK4 j=2 last=false low=true old_ops=68975 ops=57689
FOLD20_PASSIVE_LOWER old=326 new=3110 macros=9 gathers=0
RANK4_LOWER class=3 original_ops=70509 new_ops=58701 symbolic_rank_gates=768 paired_macros=844 conditional_clean=true
FOLD20_T10_RANK4 j=0 last=false low=true old_ops=70509 ops=58701
FOLD20_PASSIVE_LOWER old=544 new=872 macros=6 gathers=0
FOLD20_PASSIVE_LOWER old=260 new=664 macros=6 gathers=0
FOLD20_PASSIVE_LOWER old=544 new=872 macros=6 gathers=0
FOLD20_PASSIVE_LOWER old=0 new=0 macros=0 gathers=0
FOLD20_PASSIVE_LOWER old=260 new=664 macros=6 gathers=0
FOLD20_PASSIVE_LOWER old=0 new=0 macros=0 gathers=0
RANK4_LOWER class=4 original_ops=9147 new_ops=7457 symbolic_rank_gates=36 paired_macros=46 conditional_clean=true
FOLD20_T10_RANK4 j=3 last=true low=true old_ops=9147 ops=7457
RANK4_LOWER class=4 original_ops=10963 new_ops=9041 symbolic_rank_gates=60 paired_macros=114 conditional_clean=true
FOLD20_T10_RANK4 j=0 last=true low=true old_ops=10963 ops=9041
RANK4_LOWER class=4 original_ops=13985 new_ops=11963 symbolic_rank_gates=60 paired_macros=152 conditional_clean=true
FOLD20_T10_RANK4 j=1 last=true low=true old_ops=13985 ops=11963
RANK4_LOWER class=4 original_ops=15533 new_ops=13191 symbolic_rank_gates=60 paired_macros=158 conditional_clean=true
FOLD20_T10_RANK4 j=2 last=true low=true old_ops=15533 ops=13191
RANK4_LOWER class=3 original_ops=48857 new_ops=40769 symbolic_rank_gates=576 paired_macros=624 conditional_clean=true
FOLD20_T10_RANK4 j=3 last=false low=true old_ops=48857 ops=40769
RANK4_LOWER class=3 original_ops=48597 new_ops=40773 symbolic_rank_gates=576 paired_macros=624 conditional_clean=true
FOLD20_T10_RANK4 j=1 last=false low=true old_ops=48597 ops=40773
FOLD20_PASSIVE_LOWER old=688 new=1138 macros=8 gathers=0
FOLD20_PASSIVE_LOWER old=260 new=664 macros=6 gathers=0
FOLD20_PASSIVE_LOWER old=544 new=872 macros=6 gathers=0
FOLD20_PASSIVE_LOWER old=260 new=664 macros=6 gathers=0
FOLD20_PASSIVE_LOWER old=326 new=3110 macros=9 gathers=0
FOLD20_PASSIVE_LOWER old=1082 new=6864 macros=22 gathers=0
RANK4_LOWER class=3 original_ops=68599 new_ops=57377 symbolic_rank_gates=768 paired_macros=826 conditional_clean=true
FOLD20_T10_RANK4 j=2 last=false low=true old_ops=68599 ops=57377
RANK4_LOWER class=3 original_ops=70133 new_ops=58389 symbolic_rank_gates=768 paired_macros=844 conditional_clean=true
FOLD20_T10_RANK4 j=0 last=false low=true old_ops=70133 ops=58389
FOLD20_PASSIVE_LOWER old=544 new=872 macros=6 gathers=0
FOLD20_PASSIVE_LOWER old=544 new=872 macros=6 gathers=0
FOLD20_PASSIVE_LOWER old=260 new=664 macros=6 gathers=0
FOLD20_PASSIVE_LOWER old=260 new=664 macros=6 gathers=0
FOLD20_PASSIVE_LOWER old=0 new=0 macros=0 gathers=0
FOLD20_PASSIVE_LOWER old=0 new=0 macros=0 gathers=0
RANK4_LOWER class=4 original_ops=9031 new_ops=7369 symbolic_rank_gates=36 paired_macros=46 conditional_clean=true
FOLD20_T10_RANK4 j=3 last=true low=true old_ops=9031 ops=7369
RANK4_LOWER class=4 original_ops=10847 new_ops=8953 symbolic_rank_gates=60 paired_macros=114 conditional_clean=true
FOLD20_T10_RANK4 j=0 last=true low=true old_ops=10847 ops=8953
RANK4_LOWER class=4 original_ops=13869 new_ops=11875 symbolic_rank_gates=60 paired_macros=152 conditional_clean=true
FOLD20_T10_RANK4 j=1 last=true low=true old_ops=13869 ops=11875
RANK4_LOWER class=4 original_ops=15417 new_ops=13103 symbolic_rank_gates=60 paired_macros=158 conditional_clean=true
FOLD20_T10_RANK4 j=2 last=true low=true old_ops=15417 ops=13103
RANK4_LOWER class=3 original_ops=48579 new_ops=40543 symbolic_rank_gates=576 paired_macros=624 conditional_clean=true
FOLD20_T10_RANK4 j=3 last=false low=true old_ops=48579 ops=40543
RANK4_LOWER class=3 original_ops=48319 new_ops=40547 symbolic_rank_gates=576 paired_macros=624 conditional_clean=true
FOLD20_T10_RANK4 j=1 last=false low=true old_ops=48319 ops=40547
FOLD20_PASSIVE_LOWER old=688 new=1138 macros=8 gathers=0
FOLD20_PASSIVE_LOWER old=260 new=664 macros=6 gathers=0
FOLD20_PASSIVE_LOWER old=544 new=872 macros=6 gathers=0
FOLD20_PASSIVE_LOWER old=260 new=664 macros=6 gathers=0
FOLD20_PASSIVE_LOWER old=326 new=3110 macros=9 gathers=0
FOLD20_PASSIVE_LOWER old=1082 new=6864 macros=22 gathers=0
RANK4_LOWER class=3 original_ops=69855 new_ops=58165 symbolic_rank_gates=768 paired_macros=844 conditional_clean=true
FOLD20_T10_RANK4 j=0 last=false low=true old_ops=69855 ops=58165
RANK4_LOWER class=3 original_ops=68321 new_ops=57151 symbolic_rank_gates=768 paired_macros=826 conditional_clean=true
FOLD20_T10_RANK4 j=2 last=false low=true old_ops=68321 ops=57151
FOLD20_PASSIVE_LOWER old=544 new=872 macros=6 gathers=0
FOLD20_PASSIVE_LOWER old=544 new=872 macros=6 gathers=0
FOLD20_PASSIVE_LOWER old=260 new=664 macros=6 gathers=0
FOLD20_PASSIVE_LOWER old=260 new=664 macros=6 gathers=0
FOLD20_PASSIVE_LOWER old=0 new=0 macros=0 gathers=0
FOLD20_PASSIVE_LOWER old=0 new=0 macros=0 gathers=0
RANK4_LOWER class=4 original_ops=8847 new_ops=7225 symbolic_rank_gates=36 paired_macros=46 conditional_clean=true
FOLD20_T10_RANK4 j=3 last=true low=true old_ops=8847 ops=7225
RANK4_LOWER class=4 original_ops=10663 new_ops=8809 symbolic_rank_gates=60 paired_macros=114 conditional_clean=true
FOLD20_T10_RANK4 j=0 last=true low=true old_ops=10663 ops=8809
RANK4_LOWER class=4 original_ops=13685 new_ops=11731 symbolic_rank_gates=60 paired_macros=152 conditional_clean=true
FOLD20_T10_RANK4 j=1 last=true low=true old_ops=13685 ops=11731
RANK4_LOWER class=4 original_ops=15233 new_ops=12959 symbolic_rank_gates=60 paired_macros=158 conditional_clean=true
FOLD20_T10_RANK4 j=2 last=true low=true old_ops=15233 ops=12959
RANK4_LOWER class=3 original_ops=48095 new_ops=40111 symbolic_rank_gates=576 paired_macros=624 conditional_clean=true
FOLD20_T10_RANK4 j=3 last=false low=true old_ops=48095 ops=40111
RANK4_LOWER class=3 original_ops=47835 new_ops=40115 symbolic_rank_gates=576 paired_macros=624 conditional_clean=true
FOLD20_T10_RANK4 j=1 last=false low=true old_ops=47835 ops=40115
FOLD20_PASSIVE_LOWER old=688 new=1138 macros=8 gathers=0
FOLD20_PASSIVE_LOWER old=260 new=664 macros=6 gathers=0
FOLD20_PASSIVE_LOWER old=544 new=872 macros=6 gathers=0
FOLD20_PASSIVE_LOWER old=260 new=664 macros=6 gathers=0
FOLD20_PASSIVE_LOWER old=1082 new=6864 macros=22 gathers=0
FOLD20_PASSIVE_LOWER old=326 new=3110 macros=9 gathers=0
RANK4_LOWER class=3 original_ops=67837 new_ops=56719 symbolic_rank_gates=768 paired_macros=826 conditional_clean=true
FOLD20_T10_RANK4 j=2 last=false low=true old_ops=67837 ops=56719
RANK4_LOWER class=3 original_ops=69371 new_ops=57733 symbolic_rank_gates=768 paired_macros=844 conditional_clean=true
FOLD20_T10_RANK4 j=0 last=false low=true old_ops=69371 ops=57733
FOLD20_PASSIVE_LOWER old=544 new=872 macros=6 gathers=0
FOLD20_PASSIVE_LOWER old=260 new=664 macros=6 gathers=0
FOLD20_PASSIVE_LOWER old=544 new=872 macros=6 gathers=0
FOLD20_PASSIVE_LOWER old=0 new=0 macros=0 gathers=0
FOLD20_PASSIVE_LOWER old=260 new=664 macros=6 gathers=0
FOLD20_PASSIVE_LOWER old=0 new=0 macros=0 gathers=0
RANK4_LOWER class=4 original_ops=8735 new_ops=7137 symbolic_rank_gates=36 paired_macros=46 conditional_clean=true
FOLD20_T10_RANK4 j=3 last=true low=true old_ops=8735 ops=7137
RANK4_LOWER class=4 original_ops=10551 new_ops=8721 symbolic_rank_gates=60 paired_macros=114 conditional_clean=true
FOLD20_T10_RANK4 j=0 last=true low=true old_ops=10551 ops=8721
RANK4_LOWER class=4 original_ops=13573 new_ops=11643 symbolic_rank_gates=60 paired_macros=152 conditional_clean=true
FOLD20_T10_RANK4 j=1 last=true low=true old_ops=13573 ops=11643
RANK4_LOWER class=4 original_ops=15121 new_ops=12871 symbolic_rank_gates=60 paired_macros=158 conditional_clean=true
FOLD20_T10_RANK4 j=2 last=true low=true old_ops=15121 ops=12871
RANK4_LOWER class=3 original_ops=47841 new_ops=39893 symbolic_rank_gates=576 paired_macros=624 conditional_clean=true
FOLD20_T10_RANK4 j=3 last=false low=true old_ops=47841 ops=39893
FOLD20_PASSIVE_LOWER old=688 new=1138 macros=8 gathers=0
FOLD20_PASSIVE_LOWER old=260 new=664 macros=6 gathers=0
RANK4_LOWER class=3 original_ops=47581 new_ops=39897 symbolic_rank_gates=576 paired_macros=624 conditional_clean=true
FOLD20_T10_RANK4 j=1 last=false low=true old_ops=47581 ops=39897
FOLD20_PASSIVE_LOWER old=544 new=872 macros=6 gathers=0
FOLD20_PASSIVE_LOWER old=1082 new=6864 macros=22 gathers=0
FOLD20_PASSIVE_LOWER old=260 new=664 macros=6 gathers=0
FOLD20_PASSIVE_LOWER old=326 new=3110 macros=9 gathers=0
RANK4_LOWER class=3 original_ops=67583 new_ops=56501 symbolic_rank_gates=768 paired_macros=826 conditional_clean=true
FOLD20_T10_RANK4 j=2 last=false low=true old_ops=67583 ops=56501
RANK4_LOWER class=3 original_ops=69117 new_ops=57513 symbolic_rank_gates=768 paired_macros=844 conditional_clean=true
FOLD20_T10_RANK4 j=0 last=false low=true old_ops=69117 ops=57513
FOLD20_PASSIVE_LOWER old=544 new=872 macros=6 gathers=0
FOLD20_PASSIVE_LOWER old=260 new=664 macros=6 gathers=0
FOLD20_PASSIVE_LOWER old=0 new=0 macros=0 gathers=0
FOLD20_PASSIVE_LOWER old=544 new=872 macros=6 gathers=0
FOLD20_PASSIVE_LOWER old=260 new=664 macros=6 gathers=0
FOLD20_PASSIVE_LOWER old=0 new=0 macros=0 gathers=0
RANK4_LOWER class=4 original_ops=8635 new_ops=7053 symbolic_rank_gates=36 paired_macros=46 conditional_clean=true
FOLD20_T10_RANK4 j=3 last=true low=true old_ops=8635 ops=7053
RANK4_LOWER class=4 original_ops=10451 new_ops=8637 symbolic_rank_gates=60 paired_macros=114 conditional_clean=true
FOLD20_T10_RANK4 j=0 last=true low=true old_ops=10451 ops=8637
RANK4_LOWER class=4 original_ops=13473 new_ops=11559 symbolic_rank_gates=60 paired_macros=152 conditional_clean=true
FOLD20_T10_RANK4 j=1 last=true low=true old_ops=13473 ops=11559
RANK4_LOWER class=4 original_ops=15021 new_ops=12787 symbolic_rank_gates=60 paired_macros=158 conditional_clean=true
FOLD20_T10_RANK4 j=2 last=true low=true old_ops=15021 ops=12787
RANK4_LOWER class=3 original_ops=47591 new_ops=39691 symbolic_rank_gates=576 paired_macros=624 conditional_clean=true
FOLD20_T10_RANK4 j=3 last=false low=true old_ops=47591 ops=39691
FOLD20_PASSIVE_LOWER old=688 new=1138 macros=8 gathers=0
FOLD20_PASSIVE_LOWER old=260 new=664 macros=6 gathers=0
RANK4_LOWER class=3 original_ops=47331 new_ops=39695 symbolic_rank_gates=576 paired_macros=624 conditional_clean=true
FOLD20_T10_RANK4 j=1 last=false low=true old_ops=47331 ops=39695
FOLD20_PASSIVE_LOWER old=1082 new=6864 macros=22 gathers=0
FOLD20_PASSIVE_LOWER old=544 new=872 macros=6 gathers=0
FOLD20_PASSIVE_LOWER old=260 new=664 macros=6 gathers=0
FOLD20_PASSIVE_LOWER old=326 new=3110 macros=9 gathers=0
RANK4_LOWER class=3 original_ops=68867 new_ops=57313 symbolic_rank_gates=768 paired_macros=844 conditional_clean=true
FOLD20_T10_RANK4 j=0 last=false low=true old_ops=68867 ops=57313
FOLD20_PASSIVE_LOWER old=544 new=872 macros=6 gathers=0
RANK4_LOWER class=3 original_ops=67333 new_ops=56299 symbolic_rank_gates=768 paired_macros=826 conditional_clean=true
FOLD20_T10_RANK4 j=2 last=false low=true old_ops=67333 ops=56299
FOLD20_PASSIVE_LOWER old=260 new=664 macros=6 gathers=0
FOLD20_PASSIVE_LOWER old=0 new=0 macros=0 gathers=0
FOLD20_PASSIVE_LOWER old=544 new=872 macros=6 gathers=0
FOLD20_PASSIVE_LOWER old=260 new=664 macros=6 gathers=0
FOLD20_PASSIVE_LOWER old=0 new=0 macros=0 gathers=0
RANK4_LOWER class=4 original_ops=8475 new_ops=6933 symbolic_rank_gates=36 paired_macros=46 conditional_clean=true
FOLD20_T10_RANK4 j=3 last=true low=true old_ops=8475 ops=6933
RANK4_LOWER class=4 original_ops=14861 new_ops=12667 symbolic_rank_gates=60 paired_macros=158 conditional_clean=true
FOLD20_T10_RANK4 j=2 last=true low=true old_ops=14861 ops=12667
RANK4_LOWER class=4 original_ops=10291 new_ops=8517 symbolic_rank_gates=60 paired_macros=114 conditional_clean=true
FOLD20_T10_RANK4 j=0 last=true low=true old_ops=10291 ops=8517
RANK4_LOWER class=4 original_ops=13313 new_ops=11439 symbolic_rank_gates=60 paired_macros=152 conditional_clean=true
FOLD20_T10_RANK4 j=1 last=true low=true old_ops=13313 ops=11439
RANK4_LOWER class=3 original_ops=47223 new_ops=39371 symbolic_rank_gates=576 paired_macros=624 conditional_clean=true
FOLD20_T10_RANK4 j=3 last=false low=true old_ops=47223 ops=39371
FOLD20_PASSIVE_LOWER old=688 new=1138 macros=8 gathers=0
RANK4_LOWER class=3 original_ops=46963 new_ops=39375 symbolic_rank_gates=576 paired_macros=624 conditional_clean=true
FOLD20_T10_RANK4 j=1 last=false low=true old_ops=46963 ops=39375
FOLD20_PASSIVE_LOWER old=260 new=664 macros=6 gathers=0
FOLD20_PASSIVE_LOWER old=544 new=872 macros=6 gathers=0
FOLD20_PASSIVE_LOWER old=1082 new=6864 macros=22 gathers=0
FOLD20_PASSIVE_LOWER old=260 new=664 macros=6 gathers=0
FOLD20_PASSIVE_LOWER old=326 new=3110 macros=9 gathers=0
RANK4_LOWER class=3 original_ops=68499 new_ops=56993 symbolic_rank_gates=768 paired_macros=844 conditional_clean=true
FOLD20_T10_RANK4 j=0 last=false low=true old_ops=68499 ops=56993
RANK4_LOWER class=3 original_ops=66965 new_ops=55979 symbolic_rank_gates=768 paired_macros=826 conditional_clean=true
FOLD20_T10_RANK4 j=2 last=false low=true old_ops=66965 ops=55979
FOLD20_PASSIVE_LOWER old=544 new=872 macros=6 gathers=0
FOLD20_PASSIVE_LOWER old=260 new=664 macros=6 gathers=0
FOLD20_PASSIVE_LOWER old=0 new=0 macros=0 gathers=0
FOLD20_PASSIVE_LOWER old=544 new=872 macros=6 gathers=0
FOLD20_PASSIVE_LOWER old=260 new=664 macros=6 gathers=0
FOLD20_PASSIVE_LOWER old=0 new=0 macros=0 gathers=0
RANK4_LOWER class=4 original_ops=8351 new_ops=6835 symbolic_rank_gates=36 paired_macros=46 conditional_clean=true
FOLD20_T10_RANK4 j=3 last=true low=true old_ops=8351 ops=6835
RANK4_LOWER class=4 original_ops=10167 new_ops=8419 symbolic_rank_gates=60 paired_macros=114 conditional_clean=true
FOLD20_T10_RANK4 j=0 last=true low=true old_ops=10167 ops=8419
RANK4_LOWER class=4 original_ops=13189 new_ops=11341 symbolic_rank_gates=60 paired_macros=152 conditional_clean=true
FOLD20_T10_RANK4 j=1 last=true low=true old_ops=13189 ops=11341
RANK4_LOWER class=4 original_ops=14737 new_ops=12569 symbolic_rank_gates=60 paired_macros=158 conditional_clean=true
FOLD20_T10_RANK4 j=2 last=true low=true old_ops=14737 ops=12569
RANK4_LOWER class=3 original_ops=46985 new_ops=39151 symbolic_rank_gates=576 paired_macros=624 conditional_clean=true
FOLD20_T10_RANK4 j=3 last=false low=true old_ops=46985 ops=39151
FOLD20_PASSIVE_LOWER old=688 new=1138 macros=8 gathers=0
RANK4_LOWER class=3 original_ops=46725 new_ops=39155 symbolic_rank_gates=576 paired_macros=624 conditional_clean=true
FOLD20_T10_RANK4 j=1 last=false low=true old_ops=46725 ops=39155
FOLD20_PASSIVE_LOWER old=260 new=664 macros=6 gathers=0
FOLD20_PASSIVE_LOWER old=544 new=872 macros=6 gathers=0
FOLD20_PASSIVE_LOWER old=1082 new=6864 macros=22 gathers=0
FOLD20_PASSIVE_LOWER old=260 new=664 macros=6 gathers=0
FOLD20_PASSIVE_LOWER old=326 new=3110 macros=9 gathers=0
RANK4_LOWER class=3 original_ops=68261 new_ops=56771 symbolic_rank_gates=768 paired_macros=844 conditional_clean=true
FOLD20_T10_RANK4 j=0 last=false low=true old_ops=68261 ops=56771
RANK4_LOWER class=3 original_ops=66727 new_ops=55759 symbolic_rank_gates=768 paired_macros=826 conditional_clean=true
FOLD20_T10_RANK4 j=2 last=false low=true old_ops=66727 ops=55759
FOLD20_PASSIVE_LOWER old=544 new=872 macros=6 gathers=0
FOLD20_PASSIVE_LOWER old=544 new=872 macros=6 gathers=0
FOLD20_PASSIVE_LOWER old=260 new=664 macros=6 gathers=0
FOLD20_PASSIVE_LOWER old=260 new=664 macros=6 gathers=0
FOLD20_PASSIVE_LOWER old=0 new=0 macros=0 gathers=0
FOLD20_PASSIVE_LOWER old=0 new=0 macros=0 gathers=0
RANK4_LOWER class=4 original_ops=7587 new_ops=6479 symbolic_rank_gates=0 paired_macros=0 conditional_clean=true
FOLD20_T10_RANK4 j=3 last=true low=true old_ops=7587 ops=6479
RANK4_LOWER class=4 original_ops=9403 new_ops=8063 symbolic_rank_gates=24 paired_macros=68 conditional_clean=true
FOLD20_T10_RANK4 j=0 last=true low=true old_ops=9403 ops=8063
RANK4_LOWER class=4 original_ops=13973 new_ops=12213 symbolic_rank_gates=24 paired_macros=112 conditional_clean=true
FOLD20_T10_RANK4 j=2 last=true low=true old_ops=13973 ops=12213
RANK4_LOWER class=4 original_ops=12425 new_ops=10985 symbolic_rank_gates=24 paired_macros=106 conditional_clean=true
FOLD20_T10_RANK4 j=1 last=true low=true old_ops=12425 ops=10985
RANK4_LOWER class=3 original_ops=45241 new_ops=38159 symbolic_rank_gates=480 paired_macros=528 conditional_clean=true
FOLD20_T10_RANK4 j=3 last=false low=true old_ops=45241 ops=38159
FOLD20_PASSIVE_LOWER old=688 new=1138 macros=8 gathers=0
RANK4_LOWER class=3 original_ops=44981 new_ops=38163 symbolic_rank_gates=480 paired_macros=528 conditional_clean=true
FOLD20_T10_RANK4 j=1 last=false low=true old_ops=44981 ops=38163
FOLD20_PASSIVE_LOWER old=260 new=664 macros=6 gathers=0
FOLD20_PASSIVE_LOWER old=544 new=872 macros=6 gathers=0
FOLD20_PASSIVE_LOWER old=1082 new=6864 macros=22 gathers=0
FOLD20_PASSIVE_LOWER old=260 new=664 macros=6 gathers=0
FOLD20_PASSIVE_LOWER old=326 new=3110 macros=9 gathers=0
RANK4_LOWER class=3 original_ops=66517 new_ops=55781 symbolic_rank_gates=672 paired_macros=748 conditional_clean=true
FOLD20_T10_RANK4 j=0 last=false low=true old_ops=66517 ops=55781
RANK4_LOWER class=3 original_ops=64983 new_ops=54767 symbolic_rank_gates=672 paired_macros=730 conditional_clean=true
FOLD20_T10_RANK4 j=2 last=false low=true old_ops=64983 ops=54767
FOLD20_PASSIVE_LOWER old=544 new=872 macros=6 gathers=0
FOLD20_PASSIVE_LOWER old=544 new=872 macros=6 gathers=0
FOLD20_PASSIVE_LOWER old=260 new=664 macros=6 gathers=0
FOLD20_PASSIVE_LOWER old=260 new=664 macros=6 gathers=0
FOLD20_PASSIVE_LOWER old=0 new=0 macros=0 gathers=0
FOLD20_PASSIVE_LOWER old=0 new=0 macros=0 gathers=0
RANK4_LOWER class=4 original_ops=7471 new_ops=6391 symbolic_rank_gates=0 paired_macros=0 conditional_clean=true
FOLD20_T10_RANK4 j=3 last=true low=true old_ops=7471 ops=6391
RANK4_LOWER class=4 original_ops=9287 new_ops=7975 symbolic_rank_gates=24 paired_macros=68 conditional_clean=true
FOLD20_T10_RANK4 j=0 last=true low=true old_ops=9287 ops=7975
RANK4_LOWER class=4 original_ops=12309 new_ops=10897 symbolic_rank_gates=24 paired_macros=106 conditional_clean=true
FOLD20_T10_RANK4 j=1 last=true low=true old_ops=12309 ops=10897
RANK4_LOWER class=4 original_ops=13857 new_ops=12125 symbolic_rank_gates=24 paired_macros=112 conditional_clean=true
FOLD20_T10_RANK4 j=2 last=true low=true old_ops=13857 ops=12125
RANK4_LOWER class=3 original_ops=44939 new_ops=37933 symbolic_rank_gates=480 paired_macros=528 conditional_clean=true
FOLD20_T10_RANK4 j=3 last=false low=true old_ops=44939 ops=37933
FOLD20_PASSIVE_LOWER old=688 new=1138 macros=8 gathers=0
FOLD20_PASSIVE_LOWER old=260 new=664 macros=6 gathers=0
RANK4_LOWER class=3 original_ops=44679 new_ops=37937 symbolic_rank_gates=480 paired_macros=528 conditional_clean=true
FOLD20_T10_RANK4 j=1 last=false low=true old_ops=44679 ops=37937
FOLD20_PASSIVE_LOWER old=1082 new=6864 macros=22 gathers=0
FOLD20_PASSIVE_LOWER old=544 new=872 macros=6 gathers=0
FOLD20_PASSIVE_LOWER old=260 new=664 macros=6 gathers=0
FOLD20_PASSIVE_LOWER old=326 new=3110 macros=9 gathers=0
RANK4_LOWER class=3 original_ops=64681 new_ops=54541 symbolic_rank_gates=672 paired_macros=730 conditional_clean=true
FOLD20_T10_RANK4 j=2 last=false low=true old_ops=64681 ops=54541
RANK4_LOWER class=3 original_ops=66215 new_ops=55557 symbolic_rank_gates=672 paired_macros=748 conditional_clean=true
FOLD20_T10_RANK4 j=0 last=false low=true old_ops=66215 ops=55557
FOLD20_PASSIVE_LOWER old=544 new=872 macros=6 gathers=0
FOLD20_PASSIVE_LOWER old=544 new=872 macros=6 gathers=0
FOLD20_PASSIVE_LOWER old=260 new=664 macros=6 gathers=0
FOLD20_PASSIVE_LOWER old=260 new=664 macros=6 gathers=0
FOLD20_PASSIVE_LOWER old=0 new=0 macros=0 gathers=0
FOLD20_PASSIVE_LOWER old=0 new=0 macros=0 gathers=0
RANK4_LOWER class=4 original_ops=7287 new_ops=6263 symbolic_rank_gates=0 paired_macros=0 conditional_clean=true
FOLD20_T10_RANK4 j=3 last=true low=true old_ops=7287 ops=6263
RANK4_LOWER class=4 original_ops=9103 new_ops=7847 symbolic_rank_gates=24 paired_macros=68 conditional_clean=true
FOLD20_T10_RANK4 j=0 last=true low=true old_ops=9103 ops=7847
RANK4_LOWER class=4 original_ops=13673 new_ops=11997 symbolic_rank_gates=24 paired_macros=112 conditional_clean=true
FOLD20_T10_RANK4 j=2 last=true low=true old_ops=13673 ops=11997
RANK4_LOWER class=4 original_ops=12125 new_ops=10769 symbolic_rank_gates=24 paired_macros=106 conditional_clean=true
FOLD20_T10_RANK4 j=1 last=true low=true old_ops=12125 ops=10769
RANK4_LOWER class=3 original_ops=44547 new_ops=37621 symbolic_rank_gates=480 paired_macros=528 conditional_clean=true
FOLD20_T10_RANK4 j=3 last=false low=true old_ops=44547 ops=37621
FOLD20_PASSIVE_LOWER old=688 new=1138 macros=8 gathers=0
RANK4_LOWER class=3 original_ops=44287 new_ops=37625 symbolic_rank_gates=480 paired_macros=528 conditional_clean=true
FOLD20_T10_RANK4 j=1 last=false low=true old_ops=44287 ops=37625
FOLD20_PASSIVE_LOWER old=260 new=664 macros=6 gathers=0
FOLD20_PASSIVE_LOWER old=544 new=872 macros=6 gathers=0
FOLD20_PASSIVE_LOWER old=1082 new=6864 macros=22 gathers=0
FOLD20_PASSIVE_LOWER old=260 new=664 macros=6 gathers=0
RANK4_LOWER class=3 original_ops=65823 new_ops=55245 symbolic_rank_gates=672 paired_macros=748 conditional_clean=true
FOLD20_T10_RANK4 j=0 last=false low=true old_ops=65823 ops=55245
RANK4_LOWER class=3 original_ops=64289 new_ops=54229 symbolic_rank_gates=672 paired_macros=730 conditional_clean=true
FOLD20_T10_RANK4 j=2 last=false low=true old_ops=64289 ops=54229
FOLD20_PASSIVE_LOWER old=326 new=3110 macros=9 gathers=0
FOLD20_PASSIVE_LOWER old=544 new=872 macros=6 gathers=0
FOLD20_PASSIVE_LOWER old=544 new=872 macros=6 gathers=0
FOLD20_PASSIVE_LOWER old=260 new=664 macros=6 gathers=0
FOLD20_PASSIVE_LOWER old=260 new=664 macros=6 gathers=0
FOLD20_PASSIVE_LOWER old=0 new=0 macros=0 gathers=0
FOLD20_PASSIVE_LOWER old=0 new=0 macros=0 gathers=0
RANK4_LOWER class=4 original_ops=7175 new_ops=6175 symbolic_rank_gates=0 paired_macros=0 conditional_clean=true
FOLD20_T10_RANK4 j=3 last=true low=true old_ops=7175 ops=6175
RANK4_LOWER class=4 original_ops=8991 new_ops=7759 symbolic_rank_gates=24 paired_macros=68 conditional_clean=true
FOLD20_T10_RANK4 j=0 last=true low=true old_ops=8991 ops=7759
RANK4_LOWER class=4 original_ops=12013 new_ops=10681 symbolic_rank_gates=24 paired_macros=106 conditional_clean=true
FOLD20_T10_RANK4 j=1 last=true low=true old_ops=12013 ops=10681
RANK4_LOWER class=4 original_ops=13561 new_ops=11909 symbolic_rank_gates=24 paired_macros=112 conditional_clean=true
FOLD20_T10_RANK4 j=2 last=true low=true old_ops=13561 ops=11909
RANK4_LOWER class=3 original_ops=44257 new_ops=37379 symbolic_rank_gates=480 paired_macros=528 conditional_clean=true
FOLD20_T10_RANK4 j=3 last=false low=true old_ops=44257 ops=37379
FOLD20_PASSIVE_LOWER old=688 new=1138 macros=8 gathers=0
FOLD20_PASSIVE_LOWER old=260 new=664 macros=6 gathers=0
RANK4_LOWER class=3 original_ops=43997 new_ops=37383 symbolic_rank_gates=480 paired_macros=528 conditional_clean=true
FOLD20_T10_RANK4 j=1 last=false low=true old_ops=43997 ops=37383
FOLD20_PASSIVE_LOWER old=544 new=872 macros=6 gathers=0
FOLD20_PASSIVE_LOWER old=1082 new=6864 macros=22 gathers=0
FOLD20_PASSIVE_LOWER old=260 new=664 macros=6 gathers=0
RANK4_LOWER class=3 original_ops=63999 new_ops=53987 symbolic_rank_gates=672 paired_macros=730 conditional_clean=true
FOLD20_T10_RANK4 j=2 last=false low=true old_ops=63999 ops=53987
FOLD20_PASSIVE_LOWER old=326 new=3110 macros=9 gathers=0
RANK4_LOWER class=3 original_ops=65533 new_ops=55001 symbolic_rank_gates=672 paired_macros=748 conditional_clean=true
FOLD20_T10_RANK4 j=0 last=false low=true old_ops=65533 ops=55001
FOLD20_PASSIVE_LOWER old=544 new=872 macros=6 gathers=0
FOLD20_PASSIVE_LOWER old=260 new=664 macros=6 gathers=0
FOLD20_PASSIVE_LOWER old=544 new=872 macros=6 gathers=0
FOLD20_PASSIVE_LOWER old=0 new=0 macros=0 gathers=0
FOLD20_PASSIVE_LOWER old=260 new=664 macros=6 gathers=0
FOLD20_PASSIVE_LOWER old=0 new=0 macros=0 gathers=0
RANK4_LOWER class=4 original_ops=6999 new_ops=6047 symbolic_rank_gates=0 paired_macros=0 conditional_clean=true
FOLD20_T10_RANK4 j=3 last=true low=true old_ops=6999 ops=6047
RANK4_LOWER class=4 original_ops=8815 new_ops=7631 symbolic_rank_gates=24 paired_macros=68 conditional_clean=true
FOLD20_T10_RANK4 j=0 last=true low=true old_ops=8815 ops=7631
RANK4_LOWER class=4 original_ops=13385 new_ops=11781 symbolic_rank_gates=24 paired_macros=112 conditional_clean=true
FOLD20_T10_RANK4 j=2 last=true low=true old_ops=13385 ops=11781
RANK4_LOWER class=4 original_ops=11837 new_ops=10553 symbolic_rank_gates=24 paired_macros=106 conditional_clean=true
FOLD20_T10_RANK4 j=1 last=true low=true old_ops=11837 ops=10553
RANK4_LOWER class=3 original_ops=43881 new_ops=37067 symbolic_rank_gates=480 paired_macros=528 conditional_clean=true
FOLD20_T10_RANK4 j=3 last=false low=true old_ops=43881 ops=37067
FOLD20_PASSIVE_LOWER old=688 new=1138 macros=8 gathers=0
FOLD20_PASSIVE_LOWER old=260 new=664 macros=6 gathers=0
RANK4_LOWER class=3 original_ops=43621 new_ops=37071 symbolic_rank_gates=480 paired_macros=528 conditional_clean=true
FOLD20_T10_RANK4 j=1 last=false low=true old_ops=43621 ops=37071
FOLD20_PASSIVE_LOWER old=1082 new=6864 macros=22 gathers=0
FOLD20_PASSIVE_LOWER old=544 new=872 macros=6 gathers=0
FOLD20_PASSIVE_LOWER old=260 new=664 macros=6 gathers=0
RANK4_LOWER class=3 original_ops=63623 new_ops=53675 symbolic_rank_gates=672 paired_macros=730 conditional_clean=true
FOLD20_T10_RANK4 j=2 last=false low=true old_ops=63623 ops=53675
RANK4_LOWER class=3 original_ops=65157 new_ops=54689 symbolic_rank_gates=672 paired_macros=748 conditional_clean=true
FOLD20_T10_RANK4 j=0 last=false low=true old_ops=65157 ops=54689
FOLD20_PASSIVE_LOWER old=326 new=3110 macros=9 gathers=0
FOLD20_PASSIVE_LOWER old=544 new=872 macros=6 gathers=0
FOLD20_PASSIVE_LOWER old=544 new=872 macros=6 gathers=0
FOLD20_PASSIVE_LOWER old=260 new=664 macros=6 gathers=0
FOLD20_PASSIVE_LOWER old=260 new=664 macros=6 gathers=0
FOLD20_PASSIVE_LOWER old=0 new=0 macros=0 gathers=0
FOLD20_PASSIVE_LOWER old=0 new=0 macros=0 gathers=0
RANK4_LOWER class=4 original_ops=6899 new_ops=5963 symbolic_rank_gates=0 paired_macros=0 conditional_clean=true
FOLD20_T10_RANK4 j=3 last=true low=true old_ops=6899 ops=5963
RANK4_LOWER class=4 original_ops=8715 new_ops=7547 symbolic_rank_gates=24 paired_macros=68 conditional_clean=true
FOLD20_T10_RANK4 j=0 last=true low=true old_ops=8715 ops=7547
RANK4_LOWER class=4 original_ops=11737 new_ops=10469 symbolic_rank_gates=24 paired_macros=106 conditional_clean=true
FOLD20_T10_RANK4 j=1 last=true low=true old_ops=11737 ops=10469
RANK4_LOWER class=4 original_ops=13285 new_ops=11697 symbolic_rank_gates=24 paired_macros=112 conditional_clean=true
FOLD20_T10_RANK4 j=2 last=true low=true old_ops=13285 ops=11697
RANK4_LOWER class=3 original_ops=43583 new_ops=36841 symbolic_rank_gates=480 paired_macros=528 conditional_clean=true
FOLD20_T10_RANK4 j=3 last=false low=true old_ops=43583 ops=36841
FOLD20_PASSIVE_LOWER old=688 new=1138 macros=8 gathers=0
FOLD20_PASSIVE_LOWER old=260 new=664 macros=6 gathers=0
RANK4_LOWER class=3 original_ops=43323 new_ops=36845 symbolic_rank_gates=480 paired_macros=528 conditional_clean=true
FOLD20_T10_RANK4 j=1 last=false low=true old_ops=43323 ops=36845
FOLD20_PASSIVE_LOWER old=1082 new=6864 macros=22 gathers=0
FOLD20_PASSIVE_LOWER old=544 new=872 macros=6 gathers=0
FOLD20_PASSIVE_LOWER old=260 new=664 macros=6 gathers=0
RANK4_LOWER class=3 original_ops=63325 new_ops=53449 symbolic_rank_gates=672 paired_macros=730 conditional_clean=true
FOLD20_T10_RANK4 j=2 last=false low=true old_ops=63325 ops=53449
FOLD20_PASSIVE_LOWER old=326 new=3110 macros=9 gathers=0
RANK4_LOWER class=3 original_ops=64859 new_ops=54465 symbolic_rank_gates=672 paired_macros=748 conditional_clean=true
FOLD20_T10_RANK4 j=0 last=false low=true old_ops=64859 ops=54465
FOLD20_PASSIVE_LOWER old=544 new=872 macros=6 gathers=0
FOLD20_PASSIVE_LOWER old=260 new=664 macros=6 gathers=0
FOLD20_PASSIVE_LOWER old=544 new=872 macros=6 gathers=0
FOLD20_PASSIVE_LOWER old=260 new=664 macros=6 gathers=0
FOLD20_PASSIVE_LOWER old=0 new=0 macros=0 gathers=0
FOLD20_PASSIVE_LOWER old=0 new=0 macros=0 gathers=0
RANK4_LOWER class=4 original_ops=6751 new_ops=5847 symbolic_rank_gates=0 paired_macros=0 conditional_clean=true
FOLD20_T10_RANK4 j=3 last=true low=true old_ops=6751 ops=5847
RANK4_LOWER class=4 original_ops=8567 new_ops=7431 symbolic_rank_gates=24 paired_macros=68 conditional_clean=true
FOLD20_T10_RANK4 j=0 last=true low=true old_ops=8567 ops=7431
RANK4_LOWER class=4 original_ops=11589 new_ops=10353 symbolic_rank_gates=24 paired_macros=106 conditional_clean=true
FOLD20_T10_RANK4 j=1 last=true low=true old_ops=11589 ops=10353
RANK4_LOWER class=4 original_ops=13137 new_ops=11581 symbolic_rank_gates=24 paired_macros=112 conditional_clean=true
FOLD20_T10_RANK4 j=2 last=true low=true old_ops=13137 ops=11581
RANK4_LOWER class=3 original_ops=43203 new_ops=36529 symbolic_rank_gates=480 paired_macros=528 conditional_clean=true
FOLD20_T10_RANK4 j=3 last=false low=true old_ops=43203 ops=36529
FOLD20_PASSIVE_LOWER old=688 new=1138 macros=8 gathers=0
FOLD20_PASSIVE_LOWER old=260 new=664 macros=6 gathers=0
RANK4_LOWER class=3 original_ops=42943 new_ops=36533 symbolic_rank_gates=480 paired_macros=528 conditional_clean=true
FOLD20_T10_RANK4 j=1 last=false low=true old_ops=42943 ops=36533
FOLD20_PASSIVE_LOWER old=544 new=872 macros=6 gathers=0
FOLD20_PASSIVE_LOWER old=1082 new=6864 macros=22 gathers=0
FOLD20_PASSIVE_LOWER old=260 new=664 macros=6 gathers=0
RANK4_LOWER class=3 original_ops=62945 new_ops=53137 symbolic_rank_gates=672 paired_macros=730 conditional_clean=true
FOLD20_T10_RANK4 j=2 last=false low=true old_ops=62945 ops=53137
RANK4_LOWER class=3 original_ops=64479 new_ops=54153 symbolic_rank_gates=672 paired_macros=748 conditional_clean=true
FOLD20_T10_RANK4 j=0 last=false low=true old_ops=64479 ops=54153
FOLD20_PASSIVE_LOWER old=326 new=3110 macros=9 gathers=0
FOLD20_PASSIVE_LOWER old=544 new=872 macros=6 gathers=0
FOLD20_PASSIVE_LOWER old=544 new=872 macros=6 gathers=0
FOLD20_PASSIVE_LOWER old=260 new=664 macros=6 gathers=0
FOLD20_PASSIVE_LOWER old=260 new=664 macros=6 gathers=0
FOLD20_PASSIVE_LOWER old=0 new=0 macros=0 gathers=0
FOLD20_PASSIVE_LOWER old=0 new=0 macros=0 gathers=0
RANK4_LOWER class=4 original_ops=6607 new_ops=5747 symbolic_rank_gates=0 paired_macros=0 conditional_clean=true
FOLD20_T10_RANK4 j=3 last=true low=true old_ops=6607 ops=5747
RANK4_LOWER class=4 original_ops=8423 new_ops=7331 symbolic_rank_gates=24 paired_macros=68 conditional_clean=true
FOLD20_T10_RANK4 j=0 last=true low=true old_ops=8423 ops=7331
RANK4_LOWER class=4 original_ops=11445 new_ops=10253 symbolic_rank_gates=24 paired_macros=106 conditional_clean=true
FOLD20_T10_RANK4 j=1 last=true low=true old_ops=11445 ops=10253
RANK4_LOWER class=4 original_ops=12993 new_ops=11481 symbolic_rank_gates=24 paired_macros=112 conditional_clean=true
FOLD20_T10_RANK4 j=2 last=true low=true old_ops=12993 ops=11481
RANK4_LOWER class=3 original_ops=42921 new_ops=36287 symbolic_rank_gates=480 paired_macros=528 conditional_clean=true
FOLD20_T10_RANK4 j=3 last=false low=true old_ops=42921 ops=36287
FOLD20_PASSIVE_LOWER old=688 new=1138 macros=8 gathers=0
RANK4_LOWER class=3 original_ops=42661 new_ops=36291 symbolic_rank_gates=480 paired_macros=528 conditional_clean=true
FOLD20_T10_RANK4 j=1 last=false low=true old_ops=42661 ops=36291
FOLD20_PASSIVE_LOWER old=260 new=664 macros=6 gathers=0
FOLD20_PASSIVE_LOWER old=544 new=872 macros=6 gathers=0
FOLD20_PASSIVE_LOWER old=1082 new=6864 macros=22 gathers=0
RANK4_LOWER class=3 original_ops=64197 new_ops=53909 symbolic_rank_gates=672 paired_macros=748 conditional_clean=true
FOLD20_T10_RANK4 j=0 last=false low=true old_ops=64197 ops=53909
FOLD20_PASSIVE_LOWER old=260 new=664 macros=6 gathers=0
RANK4_LOWER class=3 original_ops=62663 new_ops=52895 symbolic_rank_gates=672 paired_macros=730 conditional_clean=true
FOLD20_T10_RANK4 j=2 last=false low=true old_ops=62663 ops=52895
FOLD20_PASSIVE_LOWER old=326 new=3110 macros=9 gathers=0
FOLD20_PASSIVE_LOWER old=544 new=872 macros=6 gathers=0
FOLD20_PASSIVE_LOWER old=544 new=872 macros=6 gathers=0
FOLD20_PASSIVE_LOWER old=260 new=664 macros=6 gathers=0
FOLD20_PASSIVE_LOWER old=0 new=0 macros=0 gathers=0
FOLD20_PASSIVE_LOWER old=260 new=664 macros=6 gathers=0
FOLD20_PASSIVE_LOWER old=0 new=0 macros=0 gathers=0
RANK4_LOWER class=4 original_ops=6491 new_ops=5659 symbolic_rank_gates=0 paired_macros=0 conditional_clean=true
FOLD20_T10_RANK4 j=3 last=true low=true old_ops=6491 ops=5659
RANK4_LOWER class=4 original_ops=8307 new_ops=7243 symbolic_rank_gates=24 paired_macros=68 conditional_clean=true
FOLD20_T10_RANK4 j=0 last=true low=true old_ops=8307 ops=7243
RANK4_LOWER class=4 original_ops=11329 new_ops=10165 symbolic_rank_gates=24 paired_macros=106 conditional_clean=true
FOLD20_T10_RANK4 j=1 last=true low=true old_ops=11329 ops=10165
RANK4_LOWER class=4 original_ops=12877 new_ops=11393 symbolic_rank_gates=24 paired_macros=112 conditional_clean=true
FOLD20_T10_RANK4 j=2 last=true low=true old_ops=12877 ops=11393
RANK4_LOWER class=3 original_ops=42643 new_ops=36061 symbolic_rank_gates=480 paired_macros=528 conditional_clean=true
FOLD20_T10_RANK4 j=3 last=false low=true old_ops=42643 ops=36061
FOLD20_PASSIVE_LOWER old=688 new=1138 macros=8 gathers=0
FOLD20_PASSIVE_LOWER old=260 new=664 macros=6 gathers=0
RANK4_LOWER class=3 original_ops=42383 new_ops=36065 symbolic_rank_gates=480 paired_macros=528 conditional_clean=true
FOLD20_T10_RANK4 j=1 last=false low=true old_ops=42383 ops=36065
FOLD20_PASSIVE_LOWER old=1082 new=6864 macros=22 gathers=0
FOLD20_PASSIVE_LOWER old=544 new=872 macros=6 gathers=0
FOLD20_PASSIVE_LOWER old=260 new=664 macros=6 gathers=0
FOLD20_PASSIVE_LOWER old=326 new=3110 macros=9 gathers=0
RANK4_LOWER class=3 original_ops=62385 new_ops=52669 symbolic_rank_gates=672 paired_macros=730 conditional_clean=true
FOLD20_T10_RANK4 j=2 last=false low=true old_ops=62385 ops=52669
RANK4_LOWER class=3 original_ops=63919 new_ops=53685 symbolic_rank_gates=672 paired_macros=748 conditional_clean=true
FOLD20_T10_RANK4 j=0 last=false low=true old_ops=63919 ops=53685
FOLD20_PASSIVE_LOWER old=544 new=872 macros=6 gathers=0
FOLD20_PASSIVE_LOWER old=544 new=872 macros=6 gathers=0
FOLD20_PASSIVE_LOWER old=260 new=664 macros=6 gathers=0
FOLD20_PASSIVE_LOWER old=260 new=664 macros=6 gathers=0
FOLD20_PASSIVE_LOWER old=0 new=0 macros=0 gathers=0
FOLD20_PASSIVE_LOWER old=0 new=0 macros=0 gathers=0
RANK4_LOWER class=4 original_ops=6415 new_ops=5491 symbolic_rank_gates=0 paired_macros=0 conditional_clean=true
FOLD20_T10_RANK4 j=3 last=true low=true old_ops=6415 ops=5491
RANK4_LOWER class=4 original_ops=8231 new_ops=7075 symbolic_rank_gates=24 paired_macros=68 conditional_clean=true
FOLD20_T10_RANK4 j=0 last=true low=true old_ops=8231 ops=7075
RANK4_LOWER class=4 original_ops=12801 new_ops=11225 symbolic_rank_gates=24 paired_macros=112 conditional_clean=true
FOLD20_T10_RANK4 j=2 last=true low=true old_ops=12801 ops=11225
RANK4_LOWER class=4 original_ops=11253 new_ops=9997 symbolic_rank_gates=24 paired_macros=106 conditional_clean=true
FOLD20_T10_RANK4 j=1 last=true low=true old_ops=11253 ops=9997
RANK4_LOWER class=3 original_ops=42035 new_ops=35505 symbolic_rank_gates=480 paired_macros=528 conditional_clean=true
FOLD20_T10_RANK4 j=3 last=false low=true old_ops=42035 ops=35505
FOLD20_PASSIVE_LOWER old=688 new=1138 macros=8 gathers=0
FOLD20_PASSIVE_LOWER old=260 new=664 macros=6 gathers=0
FOLD20_PASSIVE_LOWER old=1082 new=6864 macros=22 gathers=0
RANK4_LOWER class=3 original_ops=63311 new_ops=53129 symbolic_rank_gates=672 paired_macros=748 conditional_clean=true
FOLD20_T10_RANK4 j=0 last=false low=true old_ops=63311 ops=53129
RANK4_LOWER class=3 original_ops=61777 new_ops=52113 symbolic_rank_gates=672 paired_macros=730 conditional_clean=true
FOLD20_T10_RANK4 j=2 last=false low=true old_ops=61777 ops=52113
RANK4_LOWER class=3 original_ops=41775 new_ops=35509 symbolic_rank_gates=480 paired_macros=528 conditional_clean=true
FOLD20_T10_RANK4 j=1 last=false low=true old_ops=41775 ops=35509
FOLD20_PASSIVE_LOWER old=544 new=872 macros=6 gathers=0
FOLD20_PASSIVE_LOWER old=544 new=872 macros=6 gathers=0
FOLD20_PASSIVE_LOWER old=260 new=664 macros=6 gathers=0
FOLD20_PASSIVE_LOWER old=260 new=664 macros=6 gathers=0
FOLD20_PASSIVE_LOWER old=544 new=872 macros=6 gathers=0
FOLD20_PASSIVE_LOWER old=0 new=0 macros=0 gathers=0
FOLD20_PASSIVE_LOWER old=0 new=0 macros=0 gathers=0
FOLD20_PASSIVE_LOWER old=260 new=664 macros=6 gathers=0
FOLD20_PASSIVE_LOWER old=326 new=3110 macros=9 gathers=0
RANK4_LOWER class=4 original_ops=6263 new_ops=5399 symbolic_rank_gates=0 paired_macros=0 conditional_clean=true
FOLD20_T10_RANK4 j=3 last=true low=true old_ops=6263 ops=5399
RANK4_LOWER class=4 original_ops=8079 new_ops=6983 symbolic_rank_gates=24 paired_macros=68 conditional_clean=true
FOLD20_T10_RANK4 j=0 last=true low=true old_ops=8079 ops=6983
RANK4_LOWER class=4 original_ops=11101 new_ops=9905 symbolic_rank_gates=24 paired_macros=106 conditional_clean=true
FOLD20_T10_RANK4 j=1 last=true low=true old_ops=11101 ops=9905
RANK4_LOWER class=4 original_ops=12649 new_ops=11133 symbolic_rank_gates=24 paired_macros=112 conditional_clean=true
FOLD20_T10_RANK4 j=2 last=true low=true old_ops=12649 ops=11133
RANK4_LOWER class=3 original_ops=41769 new_ops=35287 symbolic_rank_gates=480 paired_macros=528 conditional_clean=true
FOLD20_T10_RANK4 j=3 last=false low=true old_ops=41769 ops=35287
FOLD20_PASSIVE_LOWER old=688 new=1138 macros=8 gathers=0
FOLD20_PASSIVE_LOWER old=260 new=664 macros=6 gathers=0
FOLD20_PASSIVE_LOWER old=1082 new=6864 macros=22 gathers=0
RANK4_LOWER class=3 original_ops=41509 new_ops=35291 symbolic_rank_gates=480 paired_macros=528 conditional_clean=true
FOLD20_T10_RANK4 j=1 last=false low=true old_ops=41509 ops=35291
FOLD20_PASSIVE_LOWER old=544 new=872 macros=6 gathers=0
RANK4_LOWER class=3 original_ops=63045 new_ops=52909 symbolic_rank_gates=672 paired_macros=748 conditional_clean=true
FOLD20_T10_RANK4 j=0 last=false low=true old_ops=63045 ops=52909
FOLD20_PASSIVE_LOWER old=260 new=664 macros=6 gathers=0
RANK4_LOWER class=3 original_ops=61511 new_ops=51895 symbolic_rank_gates=672 paired_macros=730 conditional_clean=true
FOLD20_T10_RANK4 j=2 last=false low=true old_ops=61511 ops=51895
FOLD20_PASSIVE_LOWER old=326 new=3110 macros=9 gathers=0
FOLD20_PASSIVE_LOWER old=544 new=872 macros=6 gathers=0
FOLD20_PASSIVE_LOWER old=544 new=872 macros=6 gathers=0
FOLD20_PASSIVE_LOWER old=260 new=664 macros=6 gathers=0
FOLD20_PASSIVE_LOWER old=260 new=664 macros=6 gathers=0
FOLD20_PASSIVE_LOWER old=0 new=0 macros=0 gathers=0
FOLD20_PASSIVE_LOWER old=0 new=0 macros=0 gathers=0
RANK4_LOWER class=4 original_ops=6091 new_ops=5283 symbolic_rank_gates=0 paired_macros=0 conditional_clean=true
FOLD20_T10_RANK4 j=3 last=true low=true old_ops=6091 ops=5283
RANK4_LOWER class=4 original_ops=12477 new_ops=11017 symbolic_rank_gates=24 paired_macros=112 conditional_clean=true
FOLD20_T10_RANK4 j=2 last=true low=true old_ops=12477 ops=11017
RANK4_LOWER class=4 original_ops=10929 new_ops=9789 symbolic_rank_gates=24 paired_macros=106 conditional_clean=true
FOLD20_T10_RANK4 j=1 last=true low=true old_ops=10929 ops=9789
RANK4_LOWER class=4 original_ops=7907 new_ops=6867 symbolic_rank_gates=24 paired_macros=68 conditional_clean=true
FOLD20_T10_RANK4 j=0 last=true low=true old_ops=7907 ops=6867
RANK4_LOWER class=3 original_ops=41425 new_ops=35007 symbolic_rank_gates=480 paired_macros=528 conditional_clean=true
FOLD20_T10_RANK4 j=3 last=false low=true old_ops=41425 ops=35007
FOLD20_PASSIVE_LOWER old=688 new=1138 macros=8 gathers=0
RANK4_LOWER class=3 original_ops=41165 new_ops=35011 symbolic_rank_gates=480 paired_macros=528 conditional_clean=true
FOLD20_T10_RANK4 j=1 last=false low=true old_ops=41165 ops=35011
FOLD20_PASSIVE_LOWER old=260 new=664 macros=6 gathers=0
FOLD20_PASSIVE_LOWER old=544 new=872 macros=6 gathers=0
FOLD20_PASSIVE_LOWER old=260 new=664 macros=6 gathers=0
FOLD20_PASSIVE_LOWER old=1082 new=6864 macros=22 gathers=0
FOLD20_PASSIVE_LOWER old=326 new=3110 macros=9 gathers=0
RANK4_LOWER class=3 original_ops=61167 new_ops=51615 symbolic_rank_gates=672 paired_macros=730 conditional_clean=true
FOLD20_T10_RANK4 j=2 last=false low=true old_ops=61167 ops=51615
RANK4_LOWER class=3 original_ops=62701 new_ops=52629 symbolic_rank_gates=672 paired_macros=748 conditional_clean=true
FOLD20_T10_RANK4 j=0 last=false low=true old_ops=62701 ops=52629
FOLD20_PASSIVE_LOWER old=544 new=872 macros=6 gathers=0
FOLD20_PASSIVE_LOWER old=544 new=872 macros=6 gathers=0
FOLD20_PASSIVE_LOWER old=260 new=664 macros=6 gathers=0
FOLD20_PASSIVE_LOWER old=260 new=664 macros=6 gathers=0
FOLD20_PASSIVE_LOWER old=0 new=0 macros=0 gathers=0
FOLD20_PASSIVE_LOWER old=0 new=0 macros=0 gathers=0
RANK4_LOWER class=4 original_ops=5991 new_ops=5207 symbolic_rank_gates=0 paired_macros=0 conditional_clean=true
FOLD20_T10_RANK4 j=3 last=true low=true old_ops=5991 ops=5207
RANK4_LOWER class=4 original_ops=7807 new_ops=6791 symbolic_rank_gates=24 paired_macros=68 conditional_clean=true
FOLD20_T10_RANK4 j=0 last=true low=true old_ops=7807 ops=6791
RANK4_LOWER class=4 original_ops=10829 new_ops=9713 symbolic_rank_gates=24 paired_macros=106 conditional_clean=true
FOLD20_T10_RANK4 j=1 last=true low=true old_ops=10829 ops=9713
RANK4_LOWER class=4 original_ops=12377 new_ops=10941 symbolic_rank_gates=24 paired_macros=112 conditional_clean=true
FOLD20_T10_RANK4 j=2 last=true low=true old_ops=12377 ops=10941
RANK4_LOWER class=3 original_ops=41163 new_ops=34803 symbolic_rank_gates=480 paired_macros=528 conditional_clean=true
FOLD20_T10_RANK4 j=3 last=false low=true old_ops=41163 ops=34803
FOLD20_PASSIVE_LOWER old=688 new=1138 macros=8 gathers=0
RANK4_LOWER class=3 original_ops=40903 new_ops=34807 symbolic_rank_gates=480 paired_macros=528 conditional_clean=true
FOLD20_T10_RANK4 j=1 last=false low=true old_ops=40903 ops=34807
FOLD20_PASSIVE_LOWER old=260 new=664 macros=6 gathers=0
FOLD20_PASSIVE_LOWER old=544 new=872 macros=6 gathers=0
FOLD20_PASSIVE_LOWER old=1082 new=6864 macros=22 gathers=0
FOLD20_PASSIVE_LOWER old=260 new=664 macros=6 gathers=0
RANK4_LOWER class=3 original_ops=62439 new_ops=52427 symbolic_rank_gates=672 paired_macros=748 conditional_clean=true
FOLD20_T10_RANK4 j=0 last=false low=true old_ops=62439 ops=52427
FOLD20_PASSIVE_LOWER old=326 new=3110 macros=9 gathers=0
RANK4_LOWER class=3 original_ops=60905 new_ops=51411 symbolic_rank_gates=672 paired_macros=730 conditional_clean=true
FOLD20_T10_RANK4 j=2 last=false low=true old_ops=60905 ops=51411
FOLD20_PASSIVE_LOWER old=544 new=872 macros=6 gathers=0
FOLD20_PASSIVE_LOWER old=260 new=664 macros=6 gathers=0
FOLD20_PASSIVE_LOWER old=544 new=872 macros=6 gathers=0
FOLD20_PASSIVE_LOWER old=0 new=0 macros=0 gathers=0
FOLD20_PASSIVE_LOWER old=260 new=664 macros=6 gathers=0
FOLD20_PASSIVE_LOWER old=0 new=0 macros=0 gathers=0
RANK4_LOWER class=4 original_ops=5819 new_ops=5091 symbolic_rank_gates=0 paired_macros=0 conditional_clean=true
FOLD20_T10_RANK4 j=3 last=true low=true old_ops=5819 ops=5091
RANK4_LOWER class=4 original_ops=7635 new_ops=6675 symbolic_rank_gates=24 paired_macros=68 conditional_clean=true
FOLD20_T10_RANK4 j=0 last=true low=true old_ops=7635 ops=6675
RANK4_LOWER class=4 original_ops=10657 new_ops=9597 symbolic_rank_gates=24 paired_macros=106 conditional_clean=true
FOLD20_T10_RANK4 j=1 last=true low=true old_ops=10657 ops=9597
RANK4_LOWER class=4 original_ops=12205 new_ops=10825 symbolic_rank_gates=24 paired_macros=112 conditional_clean=true
FOLD20_T10_RANK4 j=2 last=true low=true old_ops=12205 ops=10825
RANK4_LOWER class=3 original_ops=40831 new_ops=34523 symbolic_rank_gates=480 paired_macros=528 conditional_clean=true
FOLD20_T10_RANK4 j=3 last=false low=true old_ops=40831 ops=34523
FOLD20_PASSIVE_LOWER old=688 new=1138 macros=8 gathers=0
RANK4_LOWER class=3 original_ops=40571 new_ops=34527 symbolic_rank_gates=480 paired_macros=528 conditional_clean=true
FOLD20_T10_RANK4 j=1 last=false low=true old_ops=40571 ops=34527
FOLD20_PASSIVE_LOWER old=260 new=664 macros=6 gathers=0
FOLD20_PASSIVE_LOWER old=544 new=872 macros=6 gathers=0
FOLD20_PASSIVE_LOWER old=1082 new=6864 macros=22 gathers=0
FOLD20_PASSIVE_LOWER old=260 new=664 macros=6 gathers=0
FOLD20_PASSIVE_LOWER old=326 new=3110 macros=9 gathers=0
RANK4_LOWER class=3 original_ops=60573 new_ops=51131 symbolic_rank_gates=672 paired_macros=730 conditional_clean=true
FOLD20_T10_RANK4 j=2 last=false low=true old_ops=60573 ops=51131
RANK4_LOWER class=3 original_ops=62107 new_ops=52147 symbolic_rank_gates=672 paired_macros=748 conditional_clean=true
FOLD20_T10_RANK4 j=0 last=false low=true old_ops=62107 ops=52147
FOLD20_PASSIVE_LOWER old=544 new=872 macros=6 gathers=0
FOLD20_PASSIVE_LOWER old=544 new=872 macros=6 gathers=0
FOLD20_PASSIVE_LOWER old=260 new=664 macros=6 gathers=0
FOLD20_PASSIVE_LOWER old=260 new=664 macros=6 gathers=0
FOLD20_PASSIVE_LOWER old=0 new=0 macros=0 gathers=0
FOLD20_PASSIVE_LOWER old=0 new=0 macros=0 gathers=0
RANK4_LOWER class=4 original_ops=5655 new_ops=4971 symbolic_rank_gates=0 paired_macros=0 conditional_clean=true
FOLD20_T10_RANK4 j=3 last=true low=true old_ops=5655 ops=4971
RANK4_LOWER class=4 original_ops=7471 new_ops=6555 symbolic_rank_gates=24 paired_macros=68 conditional_clean=true
FOLD20_T10_RANK4 j=0 last=true low=true old_ops=7471 ops=6555
RANK4_LOWER class=4 original_ops=12041 new_ops=10705 symbolic_rank_gates=24 paired_macros=112 conditional_clean=true
FOLD20_T10_RANK4 j=2 last=true low=true old_ops=12041 ops=10705
RANK4_LOWER class=4 original_ops=10493 new_ops=9477 symbolic_rank_gates=24 paired_macros=106 conditional_clean=true
FOLD20_T10_RANK4 j=1 last=true low=true old_ops=10493 ops=9477
RANK4_LOWER class=3 original_ops=40473 new_ops=34197 symbolic_rank_gates=480 paired_macros=528 conditional_clean=true
FOLD20_T10_RANK4 j=3 last=false low=true old_ops=40473 ops=34197
FOLD20_PASSIVE_LOWER old=688 new=1138 macros=8 gathers=0
FOLD20_PASSIVE_LOWER old=260 new=664 macros=6 gathers=0
RANK4_LOWER class=3 original_ops=40213 new_ops=34201 symbolic_rank_gates=480 paired_macros=528 conditional_clean=true
FOLD20_T10_RANK4 j=1 last=false low=true old_ops=40213 ops=34201
FOLD20_PASSIVE_LOWER old=1082 new=6864 macros=22 gathers=0
FOLD20_PASSIVE_LOWER old=544 new=872 macros=6 gathers=0
FOLD20_PASSIVE_LOWER old=260 new=664 macros=6 gathers=0
RANK4_LOWER class=3 original_ops=61749 new_ops=51819 symbolic_rank_gates=672 paired_macros=748 conditional_clean=true
FOLD20_T10_RANK4 j=0 last=false low=true old_ops=61749 ops=51819
FOLD20_PASSIVE_LOWER old=326 new=3110 macros=9 gathers=0
RANK4_LOWER class=3 original_ops=60215 new_ops=50805 symbolic_rank_gates=672 paired_macros=730 conditional_clean=true
FOLD20_T10_RANK4 j=2 last=false low=true old_ops=60215 ops=50805
FOLD20_PASSIVE_LOWER old=544 new=872 macros=6 gathers=0
FOLD20_PASSIVE_LOWER old=544 new=872 macros=6 gathers=0
FOLD20_PASSIVE_LOWER old=260 new=664 macros=6 gathers=0
FOLD20_PASSIVE_LOWER old=260 new=664 macros=6 gathers=0
FOLD20_PASSIVE_LOWER old=0 new=0 macros=0 gathers=0
FOLD20_PASSIVE_LOWER old=0 new=0 macros=0 gathers=0
RANK4_LOWER class=4 original_ops=5491 new_ops=4863 symbolic_rank_gates=0 paired_macros=0 conditional_clean=true
FOLD20_T10_RANK4 j=3 last=true low=true old_ops=5491 ops=4863
RANK4_LOWER class=4 original_ops=7307 new_ops=6447 symbolic_rank_gates=24 paired_macros=68 conditional_clean=true
FOLD20_T10_RANK4 j=0 last=true low=true old_ops=7307 ops=6447
RANK4_LOWER class=4 original_ops=10329 new_ops=9369 symbolic_rank_gates=24 paired_macros=106 conditional_clean=true
FOLD20_T10_RANK4 j=1 last=true low=true old_ops=10329 ops=9369
RANK4_LOWER class=4 original_ops=11877 new_ops=10597 symbolic_rank_gates=24 paired_macros=112 conditional_clean=true
FOLD20_T10_RANK4 j=2 last=true low=true old_ops=11877 ops=10597
RANK4_LOWER class=3 original_ops=40169 new_ops=33949 symbolic_rank_gates=480 paired_macros=528 conditional_clean=true
FOLD20_T10_RANK4 j=3 last=false low=true old_ops=40169 ops=33949
FOLD20_PASSIVE_LOWER old=688 new=1138 macros=8 gathers=0
RANK4_LOWER class=3 original_ops=39909 new_ops=33953 symbolic_rank_gates=480 paired_macros=528 conditional_clean=true
FOLD20_T10_RANK4 j=1 last=false low=true old_ops=39909 ops=33953
FOLD20_PASSIVE_LOWER old=260 new=664 macros=6 gathers=0
FOLD20_PASSIVE_LOWER old=544 new=872 macros=6 gathers=0
FOLD20_PASSIVE_LOWER old=1082 new=6864 macros=22 gathers=0
FOLD20_PASSIVE_LOWER old=260 new=664 macros=6 gathers=0
FOLD20_PASSIVE_LOWER old=326 new=3110 macros=9 gathers=0
RANK4_LOWER class=3 original_ops=61445 new_ops=51571 symbolic_rank_gates=672 paired_macros=748 conditional_clean=true
FOLD20_T10_RANK4 j=0 last=false low=true old_ops=61445 ops=51571
RANK4_LOWER class=3 original_ops=59911 new_ops=50557 symbolic_rank_gates=672 paired_macros=730 conditional_clean=true
FOLD20_T10_RANK4 j=2 last=false low=true old_ops=59911 ops=50557
FOLD20_PASSIVE_LOWER old=544 new=872 macros=6 gathers=0
FOLD20_PASSIVE_LOWER old=544 new=872 macros=6 gathers=0
FOLD20_PASSIVE_LOWER old=260 new=664 macros=6 gathers=0
FOLD20_PASSIVE_LOWER old=260 new=664 macros=6 gathers=0
FOLD20_PASSIVE_LOWER old=0 new=0 macros=0 gathers=0
FOLD20_PASSIVE_LOWER old=0 new=0 macros=0 gathers=0
RANK4_LOWER class=4 original_ops=5369 new_ops=4777 symbolic_rank_gates=0 paired_macros=0 conditional_clean=true
FOLD20_T10_RANK4 j=3 last=true low=true old_ops=5369 ops=4777
RANK4_LOWER class=4 original_ops=7185 new_ops=6361 symbolic_rank_gates=24 paired_macros=68 conditional_clean=true
FOLD20_T10_RANK4 j=0 last=true low=true old_ops=7185 ops=6361
RANK4_LOWER class=4 original_ops=10207 new_ops=9283 symbolic_rank_gates=24 paired_macros=106 conditional_clean=true
FOLD20_T10_RANK4 j=1 last=true low=true old_ops=10207 ops=9283
RANK4_LOWER class=4 original_ops=11755 new_ops=10511 symbolic_rank_gates=24 paired_macros=112 conditional_clean=true
FOLD20_T10_RANK4 j=2 last=true low=true old_ops=11755 ops=10511
RANK4_LOWER class=3 original_ops=39899 new_ops=33719 symbolic_rank_gates=480 paired_macros=528 conditional_clean=true
FOLD20_T10_RANK4 j=3 last=false low=true old_ops=39899 ops=33719
FOLD20_PASSIVE_LOWER old=688 new=1138 macros=8 gathers=0
FOLD20_PASSIVE_LOWER old=260 new=664 macros=6 gathers=0
RANK4_LOWER class=3 original_ops=39639 new_ops=33723 symbolic_rank_gates=480 paired_macros=528 conditional_clean=true
FOLD20_T10_RANK4 j=1 last=false low=true old_ops=39639 ops=33723
FOLD20_PASSIVE_LOWER old=1082 new=6864 macros=22 gathers=0
FOLD20_PASSIVE_LOWER old=544 new=872 macros=6 gathers=0
FOLD20_PASSIVE_LOWER old=260 new=664 macros=6 gathers=0
FOLD20_PASSIVE_LOWER old=326 new=3110 macros=9 gathers=0
RANK4_LOWER class=3 original_ops=61175 new_ops=51343 symbolic_rank_gates=672 paired_macros=748 conditional_clean=true
FOLD20_T10_RANK4 j=0 last=false low=true old_ops=61175 ops=51343
RANK4_LOWER class=3 original_ops=59641 new_ops=50327 symbolic_rank_gates=672 paired_macros=730 conditional_clean=true
FOLD20_T10_RANK4 j=2 last=false low=true old_ops=59641 ops=50327
FOLD20_PASSIVE_LOWER old=544 new=872 macros=6 gathers=0
FOLD20_PASSIVE_LOWER old=544 new=872 macros=6 gathers=0
FOLD20_PASSIVE_LOWER old=260 new=664 macros=6 gathers=0
FOLD20_PASSIVE_LOWER old=260 new=664 macros=6 gathers=0
FOLD20_PASSIVE_LOWER old=0 new=0 macros=0 gathers=0
FOLD20_PASSIVE_LOWER old=0 new=0 macros=0 gathers=0
Q792_WHOLE_RESOURCE peak_qubits=792 ops=1669838474 structural_T=1008538786 count_only=true; correctness unqualified
LOWQ_SHARED_WHOLE_RESOURCE peak_qubits=792 ops=1669838474 structural_T=1008538786 count_only=true; correctness not established by resource count
Q792_WHOLE_DIAGNOSTIC_PASS mode=fold20-whole-count peak=792 ops=1669838474; NOT canonical9024 or official acceptance
	Command being timed: "prlimit --as=8000000000 timeout 1200s /home/agentyczny-zdzich/Desktop/projekty/ecdsa/.autoresearch/q792-memo-joint-20260913.s9u6rt86/stage-r04-workspace/target/release/build_circuit"
	User time (seconds): 247.16
	System time (seconds): 6.83
	Percent of CPU this job got: 298%
	Elapsed (wall clock) time (h:mm:ss or m:ss): 1:25.15
	Average shared text size (kbytes): 0
	Average unshared data size (kbytes): 0
	Average stack size (kbytes): 0
	Average total size (kbytes): 0
	Maximum resident set size (kbytes): 1220928
	Average resident set size (kbytes): 0
	Major (requiring I/O) page faults: 0
	Minor (reclaiming a frame) page faults: 11150815
	Voluntary context switches: 1532
	Involuntary context switches: 5953
	Swaps: 0
	File system inputs: 0
	File system outputs: 856
	Socket messages sent: 0
	Socket messages received: 0
	Signals delivered: 0
	Page size (bytes): 4096
	Exit status: 0
