=== quantum_ecc: build_circuit (untrusted stage) ===

-- building circuit --
RANK4_LOWER class=4 original_ops=365 new_ops=299 symbolic_rank_gates=12 paired_macros=12 conditional_clean=true
FOLD20_T10_RANK4 j=3 last=true low=true old_ops=365 ops=299
RANK4_LOWER class=4 original_ops=2175 new_ops=1399 symbolic_rank_gates=36 paired_macros=84 conditional_clean=true
FOLD20_T10_RANK4 j=0 last=true low=true old_ops=2175 ops=1399
RANK4_LOWER class=4 original_ops=2761 new_ops=1827 symbolic_rank_gates=36 paired_macros=84 conditional_clean=true
FOLD20_T10_RANK4 j=1 last=true low=true old_ops=2761 ops=1827
RANK4_LOWER class=4 original_ops=3591 new_ops=2405 symbolic_rank_gates=36 paired_macros=84 conditional_clean=true
FOLD20_T10_RANK4 j=2 last=true low=true old_ops=3591 ops=2405
RANK4_LOWER class=3 original_ops=34097 new_ops=30983 symbolic_rank_gates=512 paired_macros=576 conditional_clean=true
FOLD20_T10_RANK4 j=1 last=false low=true old_ops=34097 ops=30983
RANK4_LOWER class=3 original_ops=34393 new_ops=30979 symbolic_rank_gates=512 paired_macros=576 conditional_clean=true
FOLD20_T10_RANK4 j=3 last=false low=true old_ops=34393 ops=30979
FOLD20_PASSIVE_LOWER old=544 new=872 macros=6 gathers=0
FOLD20_PASSIVE_LOWER old=688 new=1138 macros=8 gathers=0
FOLD20_PASSIVE_LOWER old=260 new=664 macros=6 gathers=0
FOLD20_PASSIVE_LOWER old=260 new=664 macros=6 gathers=0
RANK4_LOWER class=3 original_ops=58537 new_ops=52291 symbolic_rank_gates=704 paired_macros=806 conditional_clean=true
FOLD20_T10_RANK4 j=0 last=false low=true old_ops=58537 ops=52291
RANK4_LOWER class=3 original_ops=58271 new_ops=52301 symbolic_rank_gates=704 paired_macros=806 conditional_clean=true
FOLD20_T10_RANK4 j=2 last=false low=true old_ops=58271 ops=52301
FOLD20_PASSIVE_LOWER old=326 new=3110 macros=9 gathers=0
FOLD20_PASSIVE_LOWER old=1082 new=6864 macros=22 gathers=0
FOLD20_PASSIVE_LOWER old=544 new=872 macros=6 gathers=0
FOLD20_PASSIVE_LOWER old=544 new=872 macros=6 gathers=0
FOLD20_PASSIVE_LOWER old=260 new=664 macros=6 gathers=0
FOLD20_PASSIVE_LOWER old=260 new=664 macros=6 gathers=0
FOLD20_PASSIVE_LOWER old=0 new=0 macros=0 gathers=0
FOLD20_PASSIVE_LOWER old=0 new=0 macros=0 gathers=0
RANK4_LOWER class=4 original_ops=467 new_ops=385 symbolic_rank_gates=12 paired_macros=12 conditional_clean=true
FOLD20_T10_RANK4 j=3 last=true low=true old_ops=467 ops=385
RANK4_LOWER class=4 original_ops=2277 new_ops=1485 symbolic_rank_gates=36 paired_macros=84 conditional_clean=true
FOLD20_T10_RANK4 j=0 last=true low=true old_ops=2277 ops=1485
RANK4_LOWER class=4 original_ops=2863 new_ops=1913 symbolic_rank_gates=36 paired_macros=84 conditional_clean=true
FOLD20_T10_RANK4 j=1 last=true low=true old_ops=2863 ops=1913
RANK4_LOWER class=4 original_ops=3693 new_ops=2491 symbolic_rank_gates=36 paired_macros=84 conditional_clean=true
FOLD20_T10_RANK4 j=2 last=true low=true old_ops=3693 ops=2491
RANK4_LOWER class=3 original_ops=34569 new_ops=31133 symbolic_rank_gates=512 paired_macros=576 conditional_clean=true
FOLD20_T10_RANK4 j=3 last=false low=true old_ops=34569 ops=31133
RANK4_LOWER class=3 original_ops=34273 new_ops=31137 symbolic_rank_gates=512 paired_macros=576 conditional_clean=true
FOLD20_T10_RANK4 j=1 last=false low=true old_ops=34273 ops=31137
FOLD20_PASSIVE_LOWER old=688 new=1138 macros=8 gathers=0
FOLD20_PASSIVE_LOWER old=544 new=872 macros=6 gathers=0
FOLD20_PASSIVE_LOWER old=260 new=664 macros=6 gathers=0
FOLD20_PASSIVE_LOWER old=260 new=664 macros=6 gathers=0
RANK4_LOWER class=3 original_ops=58447 new_ops=52455 symbolic_rank_gates=704 paired_macros=806 conditional_clean=true
FOLD20_T10_RANK4 j=2 last=false low=true old_ops=58447 ops=52455
RANK4_LOWER class=3 original_ops=58713 new_ops=52445 symbolic_rank_gates=704 paired_macros=806 conditional_clean=true
FOLD20_T10_RANK4 j=0 last=false low=true old_ops=58713 ops=52445
FOLD20_PASSIVE_LOWER old=326 new=3110 macros=9 gathers=0
FOLD20_PASSIVE_LOWER old=1082 new=6864 macros=22 gathers=0
FOLD20_PASSIVE_LOWER old=544 new=872 macros=6 gathers=0
FOLD20_PASSIVE_LOWER old=544 new=872 macros=6 gathers=0
FOLD20_PASSIVE_LOWER old=260 new=664 macros=6 gathers=0
FOLD20_PASSIVE_LOWER old=260 new=664 macros=6 gathers=0
FOLD20_PASSIVE_LOWER old=0 new=0 macros=0 gathers=0
FOLD20_PASSIVE_LOWER old=0 new=0 macros=0 gathers=0
RANK4_LOWER class=4 original_ops=587 new_ops=477 symbolic_rank_gates=12 paired_macros=12 conditional_clean=true
FOLD20_T10_RANK4 j=3 last=true low=true old_ops=587 ops=477
RANK4_LOWER class=4 original_ops=2397 new_ops=1579 symbolic_rank_gates=36 paired_macros=84 conditional_clean=true
FOLD20_T10_RANK4 j=0 last=true low=true old_ops=2397 ops=1579
RANK4_LOWER class=4 original_ops=3813 new_ops=2585 symbolic_rank_gates=36 paired_macros=84 conditional_clean=true
FOLD20_T10_RANK4 j=2 last=true low=true old_ops=3813 ops=2585
RANK4_LOWER class=4 original_ops=2983 new_ops=2007 symbolic_rank_gates=36 paired_macros=84 conditional_clean=true
FOLD20_T10_RANK4 j=1 last=true low=true old_ops=2983 ops=2007
RANK4_LOWER class=3 original_ops=34529 new_ops=31355 symbolic_rank_gates=512 paired_macros=576 conditional_clean=true
FOLD20_T10_RANK4 j=1 last=false low=true old_ops=34529 ops=31355
RANK4_LOWER class=3 original_ops=34825 new_ops=31351 symbolic_rank_gates=512 paired_macros=576 conditional_clean=true
FOLD20_T10_RANK4 j=3 last=false low=true old_ops=34825 ops=31351
FOLD20_PASSIVE_LOWER old=544 new=872 macros=6 gathers=0
FOLD20_PASSIVE_LOWER old=688 new=1138 macros=8 gathers=0
FOLD20_PASSIVE_LOWER old=260 new=664 macros=6 gathers=0
FOLD20_PASSIVE_LOWER old=260 new=664 macros=6 gathers=0
FOLD20_PASSIVE_LOWER old=326 new=3110 macros=9 gathers=0
FOLD20_PASSIVE_LOWER old=1082 new=6864 macros=22 gathers=0
RANK4_LOWER class=3 original_ops=58703 new_ops=52673 symbolic_rank_gates=704 paired_macros=806 conditional_clean=true
FOLD20_T10_RANK4 j=2 last=false low=true old_ops=58703 ops=52673
RANK4_LOWER class=3 original_ops=58969 new_ops=52663 symbolic_rank_gates=704 paired_macros=806 conditional_clean=true
FOLD20_T10_RANK4 j=0 last=false low=true old_ops=58969 ops=52663
FOLD20_PASSIVE_LOWER old=544 new=872 macros=6 gathers=0
FOLD20_PASSIVE_LOWER old=544 new=872 macros=6 gathers=0
FOLD20_PASSIVE_LOWER old=260 new=664 macros=6 gathers=0
FOLD20_PASSIVE_LOWER old=260 new=664 macros=6 gathers=0
FOLD20_PASSIVE_LOWER old=0 new=0 macros=0 gathers=0
FOLD20_PASSIVE_LOWER old=0 new=0 macros=0 gathers=0
RANK4_LOWER class=4 original_ops=705 new_ops=571 symbolic_rank_gates=12 paired_macros=12 conditional_clean=true
FOLD20_T10_RANK4 j=3 last=true low=true old_ops=705 ops=571
RANK4_LOWER class=4 original_ops=3101 new_ops=2101 symbolic_rank_gates=36 paired_macros=84 conditional_clean=true
FOLD20_T10_RANK4 j=1 last=true low=true old_ops=3101 ops=2101
RANK4_LOWER class=4 original_ops=2515 new_ops=1673 symbolic_rank_gates=36 paired_macros=84 conditional_clean=true
FOLD20_T10_RANK4 j=0 last=true low=true old_ops=2515 ops=1673
RANK4_LOWER class=4 original_ops=3931 new_ops=2679 symbolic_rank_gates=36 paired_macros=84 conditional_clean=true
FOLD20_T10_RANK4 j=2 last=true low=true old_ops=3931 ops=2679
RANK4_LOWER class=3 original_ops=34725 new_ops=31529 symbolic_rank_gates=512 paired_macros=576 conditional_clean=true
FOLD20_T10_RANK4 j=1 last=false low=true old_ops=34725 ops=31529
RANK4_LOWER class=3 original_ops=35021 new_ops=31525 symbolic_rank_gates=512 paired_macros=576 conditional_clean=true
FOLD20_T10_RANK4 j=3 last=false low=true old_ops=35021 ops=31525
FOLD20_PASSIVE_LOWER old=544 new=872 macros=6 gathers=0
FOLD20_PASSIVE_LOWER old=688 new=1138 macros=8 gathers=0
FOLD20_PASSIVE_LOWER old=260 new=664 macros=6 gathers=0
FOLD20_PASSIVE_LOWER old=260 new=664 macros=6 gathers=0
RANK4_LOWER class=3 original_ops=58899 new_ops=52847 symbolic_rank_gates=704 paired_macros=806 conditional_clean=true
FOLD20_T10_RANK4 j=2 last=false low=true old_ops=58899 ops=52847
FOLD20_PASSIVE_LOWER old=326 new=3110 macros=9 gathers=0
FOLD20_PASSIVE_LOWER old=1082 new=6864 macros=22 gathers=0
RANK4_LOWER class=3 original_ops=59165 new_ops=52837 symbolic_rank_gates=704 paired_macros=806 conditional_clean=true
FOLD20_T10_RANK4 j=0 last=false low=true old_ops=59165 ops=52837
FOLD20_PASSIVE_LOWER old=544 new=872 macros=6 gathers=0
FOLD20_PASSIVE_LOWER old=260 new=664 macros=6 gathers=0
FOLD20_PASSIVE_LOWER old=0 new=0 macros=0 gathers=0
FOLD20_PASSIVE_LOWER old=544 new=872 macros=6 gathers=0
FOLD20_PASSIVE_LOWER old=260 new=664 macros=6 gathers=0
FOLD20_PASSIVE_LOWER old=0 new=0 macros=0 gathers=0
RANK4_LOWER class=4 original_ops=803 new_ops=653 symbolic_rank_gates=12 paired_macros=12 conditional_clean=true
FOLD20_T10_RANK4 j=3 last=true low=true old_ops=803 ops=653
RANK4_LOWER class=4 original_ops=2613 new_ops=1755 symbolic_rank_gates=36 paired_macros=84 conditional_clean=true
FOLD20_T10_RANK4 j=0 last=true low=true old_ops=2613 ops=1755
RANK4_LOWER class=4 original_ops=3199 new_ops=2185 symbolic_rank_gates=36 paired_macros=84 conditional_clean=true
FOLD20_T10_RANK4 j=1 last=true low=true old_ops=3199 ops=2185
RANK4_LOWER class=4 original_ops=4029 new_ops=2761 symbolic_rank_gates=36 paired_macros=84 conditional_clean=true
FOLD20_T10_RANK4 j=2 last=true low=true old_ops=4029 ops=2761
RANK4_LOWER class=3 original_ops=35217 new_ops=31691 symbolic_rank_gates=512 paired_macros=576 conditional_clean=true
FOLD20_T10_RANK4 j=3 last=false low=true old_ops=35217 ops=31691
RANK4_LOWER class=3 original_ops=34921 new_ops=31695 symbolic_rank_gates=512 paired_macros=576 conditional_clean=true
FOLD20_T10_RANK4 j=1 last=false low=true old_ops=34921 ops=31695
FOLD20_PASSIVE_LOWER old=688 new=1138 macros=8 gathers=0
FOLD20_PASSIVE_LOWER old=260 new=664 macros=6 gathers=0
FOLD20_PASSIVE_LOWER old=544 new=872 macros=6 gathers=0
FOLD20_PASSIVE_LOWER old=260 new=664 macros=6 gathers=0
RANK4_LOWER class=3 original_ops=59361 new_ops=53003 symbolic_rank_gates=704 paired_macros=806 conditional_clean=true
FOLD20_T10_RANK4 j=0 last=false low=true old_ops=59361 ops=53003
FOLD20_PASSIVE_LOWER old=1082 new=6864 macros=22 gathers=0
FOLD20_PASSIVE_LOWER old=326 new=3110 macros=9 gathers=0
RANK4_LOWER class=3 original_ops=59095 new_ops=53013 symbolic_rank_gates=704 paired_macros=806 conditional_clean=true
FOLD20_T10_RANK4 j=2 last=false low=true old_ops=59095 ops=53013
FOLD20_PASSIVE_LOWER old=544 new=872 macros=6 gathers=0
FOLD20_PASSIVE_LOWER old=260 new=664 macros=6 gathers=0
FOLD20_PASSIVE_LOWER old=544 new=872 macros=6 gathers=0
FOLD20_PASSIVE_LOWER old=0 new=0 macros=0 gathers=0
FOLD20_PASSIVE_LOWER old=260 new=664 macros=6 gathers=0
FOLD20_PASSIVE_LOWER old=0 new=0 macros=0 gathers=0
RANK4_LOWER class=4 original_ops=917 new_ops=743 symbolic_rank_gates=12 paired_macros=12 conditional_clean=true
FOLD20_T10_RANK4 j=3 last=true low=true old_ops=917 ops=743
RANK4_LOWER class=4 original_ops=2727 new_ops=1845 symbolic_rank_gates=36 paired_macros=84 conditional_clean=true
FOLD20_T10_RANK4 j=0 last=true low=true old_ops=2727 ops=1845
RANK4_LOWER class=4 original_ops=3313 new_ops=2275 symbolic_rank_gates=36 paired_macros=84 conditional_clean=true
FOLD20_T10_RANK4 j=1 last=true low=true old_ops=3313 ops=2275
RANK4_LOWER class=4 original_ops=4143 new_ops=2851 symbolic_rank_gates=36 paired_macros=84 conditional_clean=true
FOLD20_T10_RANK4 j=2 last=true low=true old_ops=4143 ops=2851
RANK4_LOWER class=3 original_ops=35409 new_ops=31861 symbolic_rank_gates=512 paired_macros=576 conditional_clean=true
FOLD20_T10_RANK4 j=3 last=false low=true old_ops=35409 ops=31861
RANK4_LOWER class=3 original_ops=35113 new_ops=31865 symbolic_rank_gates=512 paired_macros=576 conditional_clean=true
FOLD20_T10_RANK4 j=1 last=false low=true old_ops=35113 ops=31865
FOLD20_PASSIVE_LOWER old=544 new=872 macros=6 gathers=0
FOLD20_PASSIVE_LOWER old=260 new=664 macros=6 gathers=0
FOLD20_PASSIVE_LOWER old=688 new=1138 macros=8 gathers=0
RANK4_LOWER class=3 original_ops=59553 new_ops=53173 symbolic_rank_gates=704 paired_macros=806 conditional_clean=true
FOLD20_T10_RANK4 j=0 last=false low=true old_ops=59553 ops=53173
FOLD20_PASSIVE_LOWER old=260 new=664 macros=6 gathers=0
FOLD20_PASSIVE_LOWER old=326 new=3110 macros=9 gathers=0
FOLD20_PASSIVE_LOWER old=544 new=872 macros=6 gathers=0
FOLD20_PASSIVE_LOWER old=260 new=664 macros=6 gathers=0
FOLD20_PASSIVE_LOWER old=1082 new=6864 macros=22 gathers=0
FOLD20_PASSIVE_LOWER old=0 new=0 macros=0 gathers=0
RANK4_LOWER class=3 original_ops=59287 new_ops=53183 symbolic_rank_gates=704 paired_macros=806 conditional_clean=true
FOLD20_T10_RANK4 j=2 last=false low=true old_ops=59287 ops=53183
FOLD20_PASSIVE_LOWER old=544 new=872 macros=6 gathers=0
FOLD20_PASSIVE_LOWER old=260 new=664 macros=6 gathers=0
FOLD20_PASSIVE_LOWER old=0 new=0 macros=0 gathers=0
RANK4_LOWER class=4 original_ops=1035 new_ops=833 symbolic_rank_gates=12 paired_macros=12 conditional_clean=true
FOLD20_T10_RANK4 j=3 last=true low=true old_ops=1035 ops=833
RANK4_LOWER class=4 original_ops=2845 new_ops=1937 symbolic_rank_gates=36 paired_macros=84 conditional_clean=true
FOLD20_T10_RANK4 j=0 last=true low=true old_ops=2845 ops=1937
RANK4_LOWER class=4 original_ops=3431 new_ops=2367 symbolic_rank_gates=36 paired_macros=84 conditional_clean=true
FOLD20_T10_RANK4 j=1 last=true low=true old_ops=3431 ops=2367
RANK4_LOWER class=4 original_ops=4261 new_ops=2943 symbolic_rank_gates=36 paired_macros=84 conditional_clean=true
FOLD20_T10_RANK4 j=2 last=true low=true old_ops=4261 ops=2943
RANK4_LOWER class=3 original_ops=35777 new_ops=32161 symbolic_rank_gates=512 paired_macros=576 conditional_clean=true
FOLD20_T10_RANK4 j=3 last=false low=true old_ops=35777 ops=32161
RANK4_LOWER class=3 original_ops=35481 new_ops=32165 symbolic_rank_gates=512 paired_macros=576 conditional_clean=true
FOLD20_T10_RANK4 j=1 last=false low=true old_ops=35481 ops=32165
FOLD20_PASSIVE_LOWER old=688 new=1138 macros=8 gathers=0
FOLD20_PASSIVE_LOWER old=544 new=872 macros=6 gathers=0
FOLD20_PASSIVE_LOWER old=260 new=664 macros=6 gathers=0
FOLD20_PASSIVE_LOWER old=260 new=664 macros=6 gathers=0
RANK4_LOWER class=3 original_ops=59655 new_ops=53483 symbolic_rank_gates=704 paired_macros=806 conditional_clean=true
FOLD20_T10_RANK4 j=2 last=false low=true old_ops=59655 ops=53483
RANK4_LOWER class=3 original_ops=59921 new_ops=53473 symbolic_rank_gates=704 paired_macros=806 conditional_clean=true
FOLD20_T10_RANK4 j=0 last=false low=true old_ops=59921 ops=53473
FOLD20_PASSIVE_LOWER old=326 new=3110 macros=9 gathers=0
FOLD20_PASSIVE_LOWER old=1082 new=6864 macros=22 gathers=0
FOLD20_PASSIVE_LOWER old=544 new=872 macros=6 gathers=0
FOLD20_PASSIVE_LOWER old=544 new=872 macros=6 gathers=0
FOLD20_PASSIVE_LOWER old=260 new=664 macros=6 gathers=0
FOLD20_PASSIVE_LOWER old=260 new=664 macros=6 gathers=0
FOLD20_PASSIVE_LOWER old=0 new=0 macros=0 gathers=0
FOLD20_PASSIVE_LOWER old=0 new=0 macros=0 gathers=0
RANK4_LOWER class=4 original_ops=1161 new_ops=935 symbolic_rank_gates=12 paired_macros=12 conditional_clean=true
FOLD20_T10_RANK4 j=3 last=true low=true old_ops=1161 ops=935
RANK4_LOWER class=4 original_ops=2971 new_ops=2039 symbolic_rank_gates=36 paired_macros=84 conditional_clean=true
FOLD20_T10_RANK4 j=0 last=true low=true old_ops=2971 ops=2039
RANK4_LOWER class=4 original_ops=3557 new_ops=2469 symbolic_rank_gates=36 paired_macros=84 conditional_clean=true
FOLD20_T10_RANK4 j=1 last=true low=true old_ops=3557 ops=2469
RANK4_LOWER class=4 original_ops=4387 new_ops=3045 symbolic_rank_gates=36 paired_macros=84 conditional_clean=true
FOLD20_T10_RANK4 j=2 last=true low=true old_ops=4387 ops=3045
RANK4_LOWER class=3 original_ops=35993 new_ops=32355 symbolic_rank_gates=512 paired_macros=576 conditional_clean=true
FOLD20_T10_RANK4 j=3 last=false low=true old_ops=35993 ops=32355
RANK4_LOWER class=3 original_ops=35697 new_ops=32359 symbolic_rank_gates=512 paired_macros=576 conditional_clean=true
FOLD20_T10_RANK4 j=1 last=false low=true old_ops=35697 ops=32359
FOLD20_PASSIVE_LOWER old=688 new=1138 macros=8 gathers=0
FOLD20_PASSIVE_LOWER old=260 new=664 macros=6 gathers=0
FOLD20_PASSIVE_LOWER old=544 new=872 macros=6 gathers=0
FOLD20_PASSIVE_LOWER old=260 new=664 macros=6 gathers=0
RANK4_LOWER class=3 original_ops=59871 new_ops=53697 symbolic_rank_gates=704 paired_macros=806 conditional_clean=true
FOLD20_T10_RANK4 j=2 last=false low=true old_ops=59871 ops=53697
RANK4_LOWER class=3 original_ops=60137 new_ops=53687 symbolic_rank_gates=704 paired_macros=806 conditional_clean=true
FOLD20_T10_RANK4 j=0 last=false low=true old_ops=60137 ops=53687
FOLD20_PASSIVE_LOWER old=1082 new=6864 macros=22 gathers=0
FOLD20_PASSIVE_LOWER old=326 new=3110 macros=9 gathers=0
FOLD20_PASSIVE_LOWER old=544 new=872 macros=6 gathers=0
FOLD20_PASSIVE_LOWER old=544 new=872 macros=6 gathers=0
FOLD20_PASSIVE_LOWER old=260 new=664 macros=6 gathers=0
FOLD20_PASSIVE_LOWER old=260 new=664 macros=6 gathers=0
FOLD20_PASSIVE_LOWER old=0 new=0 macros=0 gathers=0
FOLD20_PASSIVE_LOWER old=0 new=0 macros=0 gathers=0
RANK4_LOWER class=4 original_ops=1259 new_ops=1017 symbolic_rank_gates=12 paired_macros=12 conditional_clean=true
FOLD20_T10_RANK4 j=3 last=true low=true old_ops=1259 ops=1017
RANK4_LOWER class=4 original_ops=3655 new_ops=2551 symbolic_rank_gates=36 paired_macros=84 conditional_clean=true
FOLD20_T10_RANK4 j=1 last=true low=true old_ops=3655 ops=2551
RANK4_LOWER class=4 original_ops=4485 new_ops=3127 symbolic_rank_gates=36 paired_macros=84 conditional_clean=true
FOLD20_T10_RANK4 j=2 last=true low=true old_ops=4485 ops=3127
RANK4_LOWER class=4 original_ops=3069 new_ops=2121 symbolic_rank_gates=36 paired_macros=84 conditional_clean=true
FOLD20_T10_RANK4 j=0 last=true low=true old_ops=3069 ops=2121
RANK4_LOWER class=3 original_ops=36213 new_ops=32605 symbolic_rank_gates=512 paired_macros=576 conditional_clean=true
FOLD20_T10_RANK4 j=3 last=false low=true old_ops=36213 ops=32605
RANK4_LOWER class=3 original_ops=35917 new_ops=32609 symbolic_rank_gates=512 paired_macros=576 conditional_clean=true
FOLD20_T10_RANK4 j=1 last=false low=true old_ops=35917 ops=32609
FOLD20_PASSIVE_LOWER old=688 new=1138 macros=8 gathers=0
FOLD20_PASSIVE_LOWER old=544 new=872 macros=6 gathers=0
FOLD20_PASSIVE_LOWER old=260 new=664 macros=6 gathers=0
FOLD20_PASSIVE_LOWER old=260 new=664 macros=6 gathers=0
FOLD20_PASSIVE_LOWER old=326 new=3110 macros=9 gathers=0
RANK4_LOWER class=3 original_ops=60357 new_ops=53939 symbolic_rank_gates=704 paired_macros=806 conditional_clean=true
RANK4_LOWER class=3 original_ops=60091 new_ops=53947 symbolic_rank_gates=704 paired_macros=806 conditional_clean=true
FOLD20_T10_RANK4 j=0 last=false low=true old_ops=60357 ops=53939
FOLD20_T10_RANK4 j=2 last=false low=true old_ops=60091 ops=53947
FOLD20_PASSIVE_LOWER old=1082 new=6864 macros=22 gathers=0
FOLD20_PASSIVE_LOWER old=544 new=872 macros=6 gathers=0
FOLD20_PASSIVE_LOWER old=544 new=872 macros=6 gathers=0
FOLD20_PASSIVE_LOWER old=260 new=664 macros=6 gathers=0
FOLD20_PASSIVE_LOWER old=260 new=664 macros=6 gathers=0
FOLD20_PASSIVE_LOWER old=0 new=0 macros=0 gathers=0
FOLD20_PASSIVE_LOWER old=0 new=0 macros=0 gathers=0
RANK4_LOWER class=4 original_ops=1377 new_ops=1107 symbolic_rank_gates=12 paired_macros=12 conditional_clean=true
FOLD20_T10_RANK4 j=3 last=true low=true old_ops=1377 ops=1107
RANK4_LOWER class=4 original_ops=3187 new_ops=2213 symbolic_rank_gates=36 paired_macros=84 conditional_clean=true
FOLD20_T10_RANK4 j=0 last=true low=true old_ops=3187 ops=2213
RANK4_LOWER class=4 original_ops=3773 new_ops=2641 symbolic_rank_gates=36 paired_macros=84 conditional_clean=true
FOLD20_T10_RANK4 j=1 last=true low=true old_ops=3773 ops=2641
RANK4_LOWER class=4 original_ops=4603 new_ops=3217 symbolic_rank_gates=36 paired_macros=84 conditional_clean=true
FOLD20_T10_RANK4 j=2 last=true low=true old_ops=4603 ops=3217
RANK4_LOWER class=3 original_ops=36133 new_ops=32865 symbolic_rank_gates=512 paired_macros=576 conditional_clean=true
FOLD20_T10_RANK4 j=1 last=false low=true old_ops=36133 ops=32865
FOLD20_PASSIVE_LOWER old=544 new=872 macros=6 gathers=0
RANK4_LOWER class=3 original_ops=36429 new_ops=32861 symbolic_rank_gates=512 paired_macros=576 conditional_clean=true
FOLD20_T10_RANK4 j=3 last=false low=true old_ops=36429 ops=32861
FOLD20_PASSIVE_LOWER old=260 new=664 macros=6 gathers=0
RANK4_LOWER class=3 original_ops=60307 new_ops=54205 symbolic_rank_gates=704 paired_macros=806 conditional_clean=true
FOLD20_T10_RANK4 j=2 last=false low=true old_ops=60307 ops=54205
FOLD20_PASSIVE_LOWER old=326 new=3110 macros=9 gathers=0
FOLD20_PASSIVE_LOWER old=544 new=872 macros=6 gathers=0
FOLD20_PASSIVE_LOWER old=688 new=1138 macros=8 gathers=0
FOLD20_PASSIVE_LOWER old=260 new=664 macros=6 gathers=0
FOLD20_PASSIVE_LOWER old=260 new=664 macros=6 gathers=0
FOLD20_PASSIVE_LOWER old=0 new=0 macros=0 gathers=0
RANK4_LOWER class=3 original_ops=60573 new_ops=54195 symbolic_rank_gates=704 paired_macros=806 conditional_clean=true
FOLD20_T10_RANK4 j=0 last=false low=true old_ops=60573 ops=54195
FOLD20_PASSIVE_LOWER old=1082 new=6864 macros=22 gathers=0
FOLD20_PASSIVE_LOWER old=544 new=872 macros=6 gathers=0
FOLD20_PASSIVE_LOWER old=260 new=664 macros=6 gathers=0
FOLD20_PASSIVE_LOWER old=0 new=0 macros=0 gathers=0
RANK4_LOWER class=4 original_ops=1475 new_ops=1189 symbolic_rank_gates=12 paired_macros=12 conditional_clean=true
FOLD20_T10_RANK4 j=3 last=true low=true old_ops=1475 ops=1189
RANK4_LOWER class=4 original_ops=3871 new_ops=2723 symbolic_rank_gates=36 paired_macros=84 conditional_clean=true
FOLD20_T10_RANK4 j=1 last=true low=true old_ops=3871 ops=2723
RANK4_LOWER class=4 original_ops=3285 new_ops=2295 symbolic_rank_gates=36 paired_macros=84 conditional_clean=true
FOLD20_T10_RANK4 j=0 last=true low=true old_ops=3285 ops=2295
RANK4_LOWER class=4 original_ops=4701 new_ops=3299 symbolic_rank_gates=36 paired_macros=84 conditional_clean=true
FOLD20_T10_RANK4 j=2 last=true low=true old_ops=4701 ops=3299
RANK4_LOWER class=3 original_ops=36345 new_ops=33117 symbolic_rank_gates=512 paired_macros=576 conditional_clean=true
FOLD20_T10_RANK4 j=1 last=false low=true old_ops=36345 ops=33117
RANK4_LOWER class=3 original_ops=36641 new_ops=33113 symbolic_rank_gates=512 paired_macros=576 conditional_clean=true
FOLD20_T10_RANK4 j=3 last=false low=true old_ops=36641 ops=33113
FOLD20_PASSIVE_LOWER old=688 new=1138 macros=8 gathers=0
FOLD20_PASSIVE_LOWER old=544 new=872 macros=6 gathers=0
FOLD20_PASSIVE_LOWER old=260 new=664 macros=6 gathers=0
FOLD20_PASSIVE_LOWER old=260 new=664 macros=6 gathers=0
RANK4_LOWER class=3 original_ops=60785 new_ops=54445 symbolic_rank_gates=704 paired_macros=806 conditional_clean=true
FOLD20_T10_RANK4 j=0 last=false low=true old_ops=60785 ops=54445
RANK4_LOWER class=3 original_ops=60519 new_ops=54455 symbolic_rank_gates=704 paired_macros=806 conditional_clean=true
FOLD20_T10_RANK4 j=2 last=false low=true old_ops=60519 ops=54455
FOLD20_PASSIVE_LOWER old=326 new=3110 macros=9 gathers=0
FOLD20_PASSIVE_LOWER old=1082 new=6864 macros=22 gathers=0
FOLD20_PASSIVE_LOWER old=544 new=872 macros=6 gathers=0
FOLD20_PASSIVE_LOWER old=544 new=872 macros=6 gathers=0
FOLD20_PASSIVE_LOWER old=260 new=664 macros=6 gathers=0
FOLD20_PASSIVE_LOWER old=260 new=664 macros=6 gathers=0
FOLD20_PASSIVE_LOWER old=0 new=0 macros=0 gathers=0
FOLD20_PASSIVE_LOWER old=0 new=0 macros=0 gathers=0
RANK4_LOWER class=4 original_ops=1593 new_ops=1283 symbolic_rank_gates=12 paired_macros=12 conditional_clean=true
FOLD20_T10_RANK4 j=3 last=true low=true old_ops=1593 ops=1283
RANK4_LOWER class=4 original_ops=3403 new_ops=2389 symbolic_rank_gates=36 paired_macros=84 conditional_clean=true
FOLD20_T10_RANK4 j=0 last=true low=true old_ops=3403 ops=2389
RANK4_LOWER class=4 original_ops=3989 new_ops=2817 symbolic_rank_gates=36 paired_macros=84 conditional_clean=true
FOLD20_T10_RANK4 j=1 last=true low=true old_ops=3989 ops=2817
RANK4_LOWER class=4 original_ops=4819 new_ops=3393 symbolic_rank_gates=36 paired_macros=84 conditional_clean=true
FOLD20_T10_RANK4 j=2 last=true low=true old_ops=4819 ops=3393
RANK4_LOWER class=3 original_ops=36853 new_ops=33321 symbolic_rank_gates=512 paired_macros=576 conditional_clean=true
FOLD20_T10_RANK4 j=3 last=false low=true old_ops=36853 ops=33321
RANK4_LOWER class=3 original_ops=36557 new_ops=33325 symbolic_rank_gates=512 paired_macros=576 conditional_clean=true
FOLD20_T10_RANK4 j=1 last=false low=true old_ops=36557 ops=33325
FOLD20_PASSIVE_LOWER old=688 new=1138 macros=8 gathers=0
FOLD20_PASSIVE_LOWER old=544 new=872 macros=6 gathers=0
FOLD20_PASSIVE_LOWER old=260 new=664 macros=6 gathers=0
FOLD20_PASSIVE_LOWER old=260 new=664 macros=6 gathers=0
RANK4_LOWER class=3 original_ops=60997 new_ops=54637 symbolic_rank_gates=704 paired_macros=806 conditional_clean=true
FOLD20_T10_RANK4 j=0 last=false low=true old_ops=60997 ops=54637
RANK4_LOWER class=3 original_ops=60731 new_ops=54647 symbolic_rank_gates=704 paired_macros=806 conditional_clean=true
FOLD20_T10_RANK4 j=2 last=false low=true old_ops=60731 ops=54647
FOLD20_PASSIVE_LOWER old=326 new=3110 macros=9 gathers=0
FOLD20_PASSIVE_LOWER old=1082 new=6864 macros=22 gathers=0
FOLD20_PASSIVE_LOWER old=544 new=872 macros=6 gathers=0
FOLD20_PASSIVE_LOWER old=544 new=872 macros=6 gathers=0
FOLD20_PASSIVE_LOWER old=260 new=664 macros=6 gathers=0
FOLD20_PASSIVE_LOWER old=260 new=664 macros=6 gathers=0
FOLD20_PASSIVE_LOWER old=0 new=0 macros=0 gathers=0
FOLD20_PASSIVE_LOWER old=0 new=0 macros=0 gathers=0
RANK4_LOWER class=4 original_ops=1691 new_ops=1365 symbolic_rank_gates=12 paired_macros=12 conditional_clean=true
FOLD20_T10_RANK4 j=3 last=true low=true old_ops=1691 ops=1365
RANK4_LOWER class=4 original_ops=3501 new_ops=2471 symbolic_rank_gates=36 paired_macros=84 conditional_clean=true
FOLD20_T10_RANK4 j=0 last=true low=true old_ops=3501 ops=2471
RANK4_LOWER class=4 original_ops=4087 new_ops=2899 symbolic_rank_gates=36 paired_macros=84 conditional_clean=true
FOLD20_T10_RANK4 j=1 last=true low=true old_ops=4087 ops=2899
RANK4_LOWER class=4 original_ops=4917 new_ops=3475 symbolic_rank_gates=36 paired_macros=84 conditional_clean=true
FOLD20_T10_RANK4 j=2 last=true low=true old_ops=4917 ops=3475
RANK4_LOWER class=3 original_ops=37065 new_ops=33505 symbolic_rank_gates=512 paired_macros=576 conditional_clean=true
FOLD20_T10_RANK4 j=3 last=false low=true old_ops=37065 ops=33505
RANK4_LOWER class=3 original_ops=36769 new_ops=33509 symbolic_rank_gates=512 paired_macros=576 conditional_clean=true
FOLD20_T10_RANK4 j=1 last=false low=true old_ops=36769 ops=33509
FOLD20_PASSIVE_LOWER old=688 new=1138 macros=8 gathers=0
FOLD20_PASSIVE_LOWER old=260 new=664 macros=6 gathers=0
FOLD20_PASSIVE_LOWER old=544 new=872 macros=6 gathers=0
RANK4_LOWER class=3 original_ops=60943 new_ops=54827 symbolic_rank_gates=704 paired_macros=806 conditional_clean=true
FOLD20_T10_RANK4 j=2 last=false low=true old_ops=60943 ops=54827
FOLD20_PASSIVE_LOWER old=260 new=664 macros=6 gathers=0
FOLD20_PASSIVE_LOWER old=1082 new=6864 macros=22 gathers=0
RANK4_LOWER class=3 original_ops=61209 new_ops=54817 symbolic_rank_gates=704 paired_macros=806 conditional_clean=true
FOLD20_T10_RANK4 j=0 last=false low=true old_ops=61209 ops=54817
FOLD20_PASSIVE_LOWER old=326 new=3110 macros=9 gathers=0
FOLD20_PASSIVE_LOWER old=544 new=872 macros=6 gathers=0
FOLD20_PASSIVE_LOWER old=260 new=664 macros=6 gathers=0
FOLD20_PASSIVE_LOWER old=0 new=0 macros=0 gathers=0
FOLD20_PASSIVE_LOWER old=544 new=872 macros=6 gathers=0
FOLD20_PASSIVE_LOWER old=260 new=664 macros=6 gathers=0
FOLD20_PASSIVE_LOWER old=0 new=0 macros=0 gathers=0
RANK4_LOWER class=4 original_ops=1805 new_ops=1455 symbolic_rank_gates=12 paired_macros=12 conditional_clean=true
FOLD20_T10_RANK4 j=3 last=true low=true old_ops=1805 ops=1455
RANK4_LOWER class=4 original_ops=3615 new_ops=2561 symbolic_rank_gates=36 paired_macros=84 conditional_clean=true
FOLD20_T10_RANK4 j=0 last=true low=true old_ops=3615 ops=2561
RANK4_LOWER class=4 original_ops=4201 new_ops=2991 symbolic_rank_gates=36 paired_macros=84 conditional_clean=true
FOLD20_T10_RANK4 j=1 last=true low=true old_ops=4201 ops=2991
RANK4_LOWER class=4 original_ops=5031 new_ops=3565 symbolic_rank_gates=36 paired_macros=84 conditional_clean=true
FOLD20_T10_RANK4 j=2 last=true low=true old_ops=5031 ops=3565
RANK4_LOWER class=3 original_ops=37273 new_ops=33689 symbolic_rank_gates=512 paired_macros=576 conditional_clean=true
FOLD20_T10_RANK4 j=3 last=false low=true old_ops=37273 ops=33689
RANK4_LOWER class=3 original_ops=36977 new_ops=33693 symbolic_rank_gates=512 paired_macros=576 conditional_clean=true
FOLD20_T10_RANK4 j=1 last=false low=true old_ops=36977 ops=33693
FOLD20_PASSIVE_LOWER old=688 new=1138 macros=8 gathers=0
FOLD20_PASSIVE_LOWER old=260 new=664 macros=6 gathers=0
FOLD20_PASSIVE_LOWER old=544 new=872 macros=6 gathers=0
FOLD20_PASSIVE_LOWER old=260 new=664 macros=6 gathers=0
RANK4_LOWER class=3 original_ops=61417 new_ops=55001 symbolic_rank_gates=704 paired_macros=806 conditional_clean=true
FOLD20_T10_RANK4 j=0 last=false low=true old_ops=61417 ops=55001
RANK4_LOWER class=3 original_ops=61151 new_ops=55011 symbolic_rank_gates=704 paired_macros=806 conditional_clean=true
FOLD20_T10_RANK4 j=2 last=false low=true old_ops=61151 ops=55011
FOLD20_PASSIVE_LOWER old=1082 new=6864 macros=22 gathers=0
FOLD20_PASSIVE_LOWER old=326 new=3110 macros=9 gathers=0
FOLD20_PASSIVE_LOWER old=544 new=872 macros=6 gathers=0
FOLD20_PASSIVE_LOWER old=544 new=872 macros=6 gathers=0
FOLD20_PASSIVE_LOWER old=260 new=664 macros=6 gathers=0
FOLD20_PASSIVE_LOWER old=260 new=664 macros=6 gathers=0
FOLD20_PASSIVE_LOWER old=0 new=0 macros=0 gathers=0
FOLD20_PASSIVE_LOWER old=0 new=0 macros=0 gathers=0
RANK4_LOWER class=4 original_ops=1959 new_ops=1629 symbolic_rank_gates=12 paired_macros=12 conditional_clean=true
FOLD20_T10_RANK4 j=3 last=true low=true old_ops=1959 ops=1629
RANK4_LOWER class=4 original_ops=3769 new_ops=2737 symbolic_rank_gates=36 paired_macros=84 conditional_clean=true
FOLD20_T10_RANK4 j=0 last=true low=true old_ops=3769 ops=2737
RANK4_LOWER class=4 original_ops=4355 new_ops=3167 symbolic_rank_gates=36 paired_macros=84 conditional_clean=true
FOLD20_T10_RANK4 j=1 last=true low=true old_ops=4355 ops=3167
RANK4_LOWER class=4 original_ops=5185 new_ops=3741 symbolic_rank_gates=36 paired_macros=84 conditional_clean=true
FOLD20_T10_RANK4 j=2 last=true low=true old_ops=5185 ops=3741
RANK4_LOWER class=3 original_ops=37849 new_ops=34125 symbolic_rank_gates=512 paired_macros=576 conditional_clean=true
FOLD20_T10_RANK4 j=3 last=false low=true old_ops=37849 ops=34125
RANK4_LOWER class=3 original_ops=37553 new_ops=34129 symbolic_rank_gates=512 paired_macros=576 conditional_clean=true
FOLD20_T10_RANK4 j=1 last=false low=true old_ops=37553 ops=34129
FOLD20_PASSIVE_LOWER old=688 new=1138 macros=8 gathers=0
FOLD20_PASSIVE_LOWER old=260 new=664 macros=6 gathers=0
FOLD20_PASSIVE_LOWER old=544 new=872 macros=6 gathers=0
FOLD20_PASSIVE_LOWER old=260 new=664 macros=6 gathers=0
RANK4_LOWER class=3 original_ops=61993 new_ops=55441 symbolic_rank_gates=704 paired_macros=806 conditional_clean=true
FOLD20_T10_RANK4 j=0 last=false low=true old_ops=61993 ops=55441
FOLD20_PASSIVE_LOWER old=1082 new=6864 macros=22 gathers=0
FOLD20_PASSIVE_LOWER old=326 new=3110 macros=9 gathers=0
RANK4_LOWER class=3 original_ops=61727 new_ops=55449 symbolic_rank_gates=704 paired_macros=806 conditional_clean=true
FOLD20_T10_RANK4 j=2 last=false low=true old_ops=61727 ops=55449
FOLD20_PASSIVE_LOWER old=544 new=872 macros=6 gathers=0
FOLD20_PASSIVE_LOWER old=260 new=664 macros=6 gathers=0
FOLD20_PASSIVE_LOWER old=0 new=0 macros=0 gathers=0
FOLD20_PASSIVE_LOWER old=544 new=872 macros=6 gathers=0
FOLD20_PASSIVE_LOWER old=260 new=664 macros=6 gathers=0
FOLD20_PASSIVE_LOWER old=0 new=0 macros=0 gathers=0
RANK4_LOWER class=4 original_ops=2097 new_ops=1743 symbolic_rank_gates=12 paired_macros=12 conditional_clean=true
FOLD20_T10_RANK4 j=3 last=true low=true old_ops=2097 ops=1743
RANK4_LOWER class=4 original_ops=3907 new_ops=2855 symbolic_rank_gates=36 paired_macros=84 conditional_clean=true
FOLD20_T10_RANK4 j=0 last=true low=true old_ops=3907 ops=2855
RANK4_LOWER class=4 original_ops=4493 new_ops=3281 symbolic_rank_gates=36 paired_macros=84 conditional_clean=true
FOLD20_T10_RANK4 j=1 last=true low=true old_ops=4493 ops=3281
RANK4_LOWER class=4 original_ops=5323 new_ops=3855 symbolic_rank_gates=36 paired_macros=84 conditional_clean=true
FOLD20_T10_RANK4 j=2 last=true low=true old_ops=5323 ops=3855
RANK4_LOWER class=3 original_ops=37789 new_ops=34341 symbolic_rank_gates=512 paired_macros=576 conditional_clean=true
FOLD20_T10_RANK4 j=1 last=false low=true old_ops=37789 ops=34341
RANK4_LOWER class=3 original_ops=38085 new_ops=34337 symbolic_rank_gates=512 paired_macros=576 conditional_clean=true
FOLD20_T10_RANK4 j=3 last=false low=true old_ops=38085 ops=34337
FOLD20_PASSIVE_LOWER old=544 new=872 macros=6 gathers=0
FOLD20_PASSIVE_LOWER old=688 new=1138 macros=8 gathers=0
FOLD20_PASSIVE_LOWER old=260 new=664 macros=6 gathers=0
FOLD20_PASSIVE_LOWER old=260 new=664 macros=6 gathers=0
FOLD20_PASSIVE_LOWER old=326 new=3110 macros=9 gathers=0
RANK4_LOWER class=3 original_ops=62229 new_ops=55653 symbolic_rank_gates=704 paired_macros=806 conditional_clean=true
FOLD20_T10_RANK4 j=0 last=false low=true old_ops=62229 ops=55653
FOLD20_PASSIVE_LOWER old=1082 new=6864 macros=22 gathers=0
RANK4_LOWER class=3 original_ops=61963 new_ops=55661 symbolic_rank_gates=704 paired_macros=806 conditional_clean=true
FOLD20_T10_RANK4 j=2 last=false low=true old_ops=61963 ops=55661
FOLD20_PASSIVE_LOWER old=544 new=872 macros=6 gathers=0
FOLD20_PASSIVE_LOWER old=544 new=872 macros=6 gathers=0
FOLD20_PASSIVE_LOWER old=260 new=664 macros=6 gathers=0
FOLD20_PASSIVE_LOWER old=260 new=664 macros=6 gathers=0
FOLD20_PASSIVE_LOWER old=0 new=0 macros=0 gathers=0
FOLD20_PASSIVE_LOWER old=0 new=0 macros=0 gathers=0
RANK4_LOWER class=4 original_ops=2201 new_ops=1831 symbolic_rank_gates=12 paired_macros=12 conditional_clean=true
FOLD20_T10_RANK4 j=3 last=true low=true old_ops=2201 ops=1831
RANK4_LOWER class=4 original_ops=4011 new_ops=2943 symbolic_rank_gates=36 paired_macros=84 conditional_clean=true
FOLD20_T10_RANK4 j=0 last=true low=true old_ops=4011 ops=2943
RANK4_LOWER class=4 original_ops=4597 new_ops=3369 symbolic_rank_gates=36 paired_macros=84 conditional_clean=true
FOLD20_T10_RANK4 j=1 last=true low=true old_ops=4597 ops=3369
RANK4_LOWER class=4 original_ops=5427 new_ops=3943 symbolic_rank_gates=36 paired_macros=84 conditional_clean=true
FOLD20_T10_RANK4 j=2 last=true low=true old_ops=5427 ops=3943
RANK4_LOWER class=3 original_ops=38329 new_ops=34533 symbolic_rank_gates=512 paired_macros=576 conditional_clean=true
FOLD20_T10_RANK4 j=3 last=false low=true old_ops=38329 ops=34533
RANK4_LOWER class=3 original_ops=38033 new_ops=34537 symbolic_rank_gates=512 paired_macros=576 conditional_clean=true
FOLD20_T10_RANK4 j=1 last=false low=true old_ops=38033 ops=34537
FOLD20_PASSIVE_LOWER old=688 new=1138 macros=8 gathers=0
FOLD20_PASSIVE_LOWER old=260 new=664 macros=6 gathers=0
FOLD20_PASSIVE_LOWER old=544 new=872 macros=6 gathers=0
RANK4_LOWER class=3 original_ops=62473 new_ops=55849 symbolic_rank_gates=704 paired_macros=806 conditional_clean=true
FOLD20_T10_RANK4 j=0 last=false low=true old_ops=62473 ops=55849
RANK4_LOWER class=3 original_ops=62207 new_ops=55857 symbolic_rank_gates=704 paired_macros=806 conditional_clean=true
FOLD20_T10_RANK4 j=2 last=false low=true old_ops=62207 ops=55857
FOLD20_PASSIVE_LOWER old=260 new=664 macros=6 gathers=0
FOLD20_PASSIVE_LOWER old=1082 new=6864 macros=22 gathers=0
FOLD20_PASSIVE_LOWER old=326 new=3110 macros=9 gathers=0
FOLD20_PASSIVE_LOWER old=544 new=872 macros=6 gathers=0
FOLD20_PASSIVE_LOWER old=544 new=872 macros=6 gathers=0
FOLD20_PASSIVE_LOWER old=260 new=664 macros=6 gathers=0
FOLD20_PASSIVE_LOWER old=260 new=664 macros=6 gathers=0
FOLD20_PASSIVE_LOWER old=0 new=0 macros=0 gathers=0
FOLD20_PASSIVE_LOWER old=0 new=0 macros=0 gathers=0
RANK4_LOWER class=4 original_ops=2311 new_ops=1925 symbolic_rank_gates=12 paired_macros=12 conditional_clean=true
FOLD20_T10_RANK4 j=3 last=true low=true old_ops=2311 ops=1925
RANK4_LOWER class=4 original_ops=4121 new_ops=3037 symbolic_rank_gates=36 paired_macros=84 conditional_clean=true
FOLD20_T10_RANK4 j=0 last=true low=true old_ops=4121 ops=3037
RANK4_LOWER class=4 original_ops=4707 new_ops=3463 symbolic_rank_gates=36 paired_macros=84 conditional_clean=true
FOLD20_T10_RANK4 j=1 last=true low=true old_ops=4707 ops=3463
RANK4_LOWER class=4 original_ops=5537 new_ops=4037 symbolic_rank_gates=36 paired_macros=84 conditional_clean=true
FOLD20_T10_RANK4 j=2 last=true low=true old_ops=5537 ops=4037
RANK4_LOWER class=3 original_ops=38569 new_ops=34733 symbolic_rank_gates=512 paired_macros=576 conditional_clean=true
FOLD20_T10_RANK4 j=3 last=false low=true old_ops=38569 ops=34733
RANK4_LOWER class=3 original_ops=38273 new_ops=34737 symbolic_rank_gates=512 paired_macros=576 conditional_clean=true
FOLD20_T10_RANK4 j=1 last=false low=true old_ops=38273 ops=34737
FOLD20_PASSIVE_LOWER old=688 new=1138 macros=8 gathers=0
FOLD20_PASSIVE_LOWER old=544 new=872 macros=6 gathers=0
RANK4_LOWER class=3 original_ops=62447 new_ops=56057 symbolic_rank_gates=704 paired_macros=806 conditional_clean=true
FOLD20_T10_RANK4 j=2 last=false low=true old_ops=62447 ops=56057
FOLD20_PASSIVE_LOWER old=260 new=664 macros=6 gathers=0
FOLD20_PASSIVE_LOWER old=260 new=664 macros=6 gathers=0
RANK4_LOWER class=3 original_ops=62713 new_ops=56049 symbolic_rank_gates=704 paired_macros=806 conditional_clean=true
FOLD20_T10_RANK4 j=0 last=false low=true old_ops=62713 ops=56049
FOLD20_PASSIVE_LOWER old=326 new=3110 macros=9 gathers=0
FOLD20_PASSIVE_LOWER old=544 new=872 macros=6 gathers=0
FOLD20_PASSIVE_LOWER old=260 new=664 macros=6 gathers=0
FOLD20_PASSIVE_LOWER old=1082 new=6864 macros=22 gathers=0
FOLD20_PASSIVE_LOWER old=0 new=0 macros=0 gathers=0
FOLD20_PASSIVE_LOWER old=544 new=872 macros=6 gathers=0
FOLD20_PASSIVE_LOWER old=260 new=664 macros=6 gathers=0
FOLD20_PASSIVE_LOWER old=0 new=0 macros=0 gathers=0
RANK4_LOWER class=4 original_ops=2415 new_ops=2013 symbolic_rank_gates=12 paired_macros=12 conditional_clean=true
FOLD20_T10_RANK4 j=3 last=true low=true old_ops=2415 ops=2013
RANK4_LOWER class=4 original_ops=4225 new_ops=3125 symbolic_rank_gates=36 paired_macros=84 conditional_clean=true
FOLD20_T10_RANK4 j=0 last=true low=true old_ops=4225 ops=3125
RANK4_LOWER class=4 original_ops=4811 new_ops=3551 symbolic_rank_gates=36 paired_macros=84 conditional_clean=true
FOLD20_T10_RANK4 j=1 last=true low=true old_ops=4811 ops=3551
RANK4_LOWER class=4 original_ops=5641 new_ops=4125 symbolic_rank_gates=36 paired_macros=84 conditional_clean=true
FOLD20_T10_RANK4 j=2 last=true low=true old_ops=5641 ops=4125
RANK4_LOWER class=3 original_ops=38805 new_ops=34929 symbolic_rank_gates=512 paired_macros=576 conditional_clean=true
FOLD20_T10_RANK4 j=3 last=false low=true old_ops=38805 ops=34929
RANK4_LOWER class=3 original_ops=38509 new_ops=34933 symbolic_rank_gates=512 paired_macros=576 conditional_clean=true
FOLD20_T10_RANK4 j=1 last=false low=true old_ops=38509 ops=34933
FOLD20_PASSIVE_LOWER old=688 new=1138 macros=8 gathers=0
FOLD20_PASSIVE_LOWER old=260 new=664 macros=6 gathers=0
FOLD20_PASSIVE_LOWER old=544 new=872 macros=6 gathers=0
FOLD20_PASSIVE_LOWER old=260 new=664 macros=6 gathers=0
RANK4_LOWER class=3 original_ops=62683 new_ops=56253 symbolic_rank_gates=704 paired_macros=806 conditional_clean=true
FOLD20_T10_RANK4 j=2 last=false low=true old_ops=62683 ops=56253
FOLD20_PASSIVE_LOWER old=1082 new=6864 macros=22 gathers=0
FOLD20_PASSIVE_LOWER old=326 new=3110 macros=9 gathers=0
RANK4_LOWER class=3 original_ops=62949 new_ops=56245 symbolic_rank_gates=704 paired_macros=806 conditional_clean=true
FOLD20_T10_RANK4 j=0 last=false low=true old_ops=62949 ops=56245
FOLD20_PASSIVE_LOWER old=544 new=872 macros=6 gathers=0
FOLD20_PASSIVE_LOWER old=260 new=664 macros=6 gathers=0
FOLD20_PASSIVE_LOWER old=0 new=0 macros=0 gathers=0
FOLD20_PASSIVE_LOWER old=544 new=872 macros=6 gathers=0
FOLD20_PASSIVE_LOWER old=260 new=664 macros=6 gathers=0
FOLD20_PASSIVE_LOWER old=0 new=0 macros=0 gathers=0
RANK4_LOWER class=4 original_ops=2545 new_ops=2115 symbolic_rank_gates=12 paired_macros=12 conditional_clean=true
FOLD20_T10_RANK4 j=3 last=true low=true old_ops=2545 ops=2115
RANK4_LOWER class=4 original_ops=4355 new_ops=3229 symbolic_rank_gates=36 paired_macros=84 conditional_clean=true
FOLD20_T10_RANK4 j=0 last=true low=true old_ops=4355 ops=3229
RANK4_LOWER class=4 original_ops=4941 new_ops=3655 symbolic_rank_gates=36 paired_macros=84 conditional_clean=true
FOLD20_T10_RANK4 j=1 last=true low=true old_ops=4941 ops=3655
RANK4_LOWER class=4 original_ops=5771 new_ops=4229 symbolic_rank_gates=36 paired_macros=84 conditional_clean=true
FOLD20_T10_RANK4 j=2 last=true low=true old_ops=5771 ops=4229
RANK4_LOWER class=3 original_ops=39041 new_ops=35133 symbolic_rank_gates=512 paired_macros=576 conditional_clean=true
FOLD20_T10_RANK4 j=3 last=false low=true old_ops=39041 ops=35133
RANK4_LOWER class=3 original_ops=38745 new_ops=35137 symbolic_rank_gates=512 paired_macros=576 conditional_clean=true
FOLD20_T10_RANK4 j=1 last=false low=true old_ops=38745 ops=35137
FOLD20_PASSIVE_LOWER old=688 new=1138 macros=8 gathers=0
FOLD20_PASSIVE_LOWER old=260 new=664 macros=6 gathers=0
FOLD20_PASSIVE_LOWER old=544 new=872 macros=6 gathers=0
FOLD20_PASSIVE_LOWER old=260 new=664 macros=6 gathers=0
RANK4_LOWER class=3 original_ops=63185 new_ops=56449 symbolic_rank_gates=704 paired_macros=806 conditional_clean=true
FOLD20_T10_RANK4 j=0 last=false low=true old_ops=63185 ops=56449
FOLD20_PASSIVE_LOWER old=326 new=3110 macros=9 gathers=0
FOLD20_PASSIVE_LOWER old=1082 new=6864 macros=22 gathers=0
RANK4_LOWER class=3 original_ops=62919 new_ops=56457 symbolic_rank_gates=704 paired_macros=806 conditional_clean=true
FOLD20_T10_RANK4 j=2 last=false low=true old_ops=62919 ops=56457
FOLD20_PASSIVE_LOWER old=544 new=872 macros=6 gathers=0
FOLD20_PASSIVE_LOWER old=260 new=664 macros=6 gathers=0
FOLD20_PASSIVE_LOWER old=544 new=872 macros=6 gathers=0
FOLD20_PASSIVE_LOWER old=0 new=0 macros=0 gathers=0
FOLD20_PASSIVE_LOWER old=260 new=664 macros=6 gathers=0
FOLD20_PASSIVE_LOWER old=0 new=0 macros=0 gathers=0
RANK4_LOWER class=4 original_ops=2649 new_ops=2203 symbolic_rank_gates=12 paired_macros=12 conditional_clean=true
FOLD20_T10_RANK4 j=3 last=true low=true old_ops=2649 ops=2203
RANK4_LOWER class=4 original_ops=5045 new_ops=3743 symbolic_rank_gates=36 paired_macros=84 conditional_clean=true
FOLD20_T10_RANK4 j=1 last=true low=true old_ops=5045 ops=3743
RANK4_LOWER class=4 original_ops=4459 new_ops=3317 symbolic_rank_gates=36 paired_macros=84 conditional_clean=true
FOLD20_T10_RANK4 j=0 last=true low=true old_ops=4459 ops=3317
RANK4_LOWER class=4 original_ops=5875 new_ops=4317 symbolic_rank_gates=36 paired_macros=84 conditional_clean=true
FOLD20_T10_RANK4 j=2 last=true low=true old_ops=5875 ops=4317
RANK4_LOWER class=3 original_ops=39277 new_ops=35329 symbolic_rank_gates=512 paired_macros=576 conditional_clean=true
FOLD20_T10_RANK4 j=3 last=false low=true old_ops=39277 ops=35329
RANK4_LOWER class=3 original_ops=38981 new_ops=35333 symbolic_rank_gates=512 paired_macros=576 conditional_clean=true
FOLD20_T10_RANK4 j=1 last=false low=true old_ops=38981 ops=35333
FOLD20_PASSIVE_LOWER old=688 new=1138 macros=8 gathers=0
FOLD20_PASSIVE_LOWER old=544 new=872 macros=6 gathers=0
FOLD20_PASSIVE_LOWER old=260 new=664 macros=6 gathers=0
FOLD20_PASSIVE_LOWER old=260 new=664 macros=6 gathers=0
FOLD20_PASSIVE_LOWER old=326 new=3110 macros=9 gathers=0
FOLD20_PASSIVE_LOWER old=1082 new=6864 macros=22 gathers=0
RANK4_LOWER class=3 original_ops=63155 new_ops=56653 symbolic_rank_gates=704 paired_macros=806 conditional_clean=true
FOLD20_T10_RANK4 j=2 last=false low=true old_ops=63155 ops=56653
RANK4_LOWER class=3 original_ops=63421 new_ops=56645 symbolic_rank_gates=704 paired_macros=806 conditional_clean=true
FOLD20_T10_RANK4 j=0 last=false low=true old_ops=63421 ops=56645
FOLD20_PASSIVE_LOWER old=544 new=872 macros=6 gathers=0
FOLD20_PASSIVE_LOWER old=260 new=664 macros=6 gathers=0
FOLD20_PASSIVE_LOWER old=544 new=872 macros=6 gathers=0
FOLD20_PASSIVE_LOWER old=260 new=664 macros=6 gathers=0
FOLD20_PASSIVE_LOWER old=0 new=0 macros=0 gathers=0
FOLD20_PASSIVE_LOWER old=0 new=0 macros=0 gathers=0
RANK4_LOWER class=4 original_ops=2759 new_ops=2297 symbolic_rank_gates=12 paired_macros=12 conditional_clean=true
FOLD20_T10_RANK4 j=3 last=true low=true old_ops=2759 ops=2297
RANK4_LOWER class=4 original_ops=4569 new_ops=3411 symbolic_rank_gates=36 paired_macros=84 conditional_clean=true
FOLD20_T10_RANK4 j=0 last=true low=true old_ops=4569 ops=3411
RANK4_LOWER class=4 original_ops=5155 new_ops=3837 symbolic_rank_gates=36 paired_macros=84 conditional_clean=true
FOLD20_T10_RANK4 j=1 last=true low=true old_ops=5155 ops=3837
RANK4_LOWER class=4 original_ops=5985 new_ops=4411 symbolic_rank_gates=36 paired_macros=84 conditional_clean=true
FOLD20_T10_RANK4 j=2 last=true low=true old_ops=5985 ops=4411
RANK4_LOWER class=3 original_ops=39213 new_ops=35533 symbolic_rank_gates=512 paired_macros=576 conditional_clean=true
FOLD20_T10_RANK4 j=1 last=false low=true old_ops=39213 ops=35533
RANK4_LOWER class=3 original_ops=39509 new_ops=35529 symbolic_rank_gates=512 paired_macros=576 conditional_clean=true
FOLD20_T10_RANK4 j=3 last=false low=true old_ops=39509 ops=35529
FOLD20_PASSIVE_LOWER old=544 new=872 macros=6 gathers=0
FOLD20_PASSIVE_LOWER old=688 new=1138 macros=8 gathers=0
FOLD20_PASSIVE_LOWER old=260 new=664 macros=6 gathers=0
FOLD20_PASSIVE_LOWER old=260 new=664 macros=6 gathers=0
FOLD20_PASSIVE_LOWER old=326 new=3110 macros=9 gathers=0
FOLD20_PASSIVE_LOWER old=1082 new=6864 macros=22 gathers=0
RANK4_LOWER class=3 original_ops=63387 new_ops=56853 symbolic_rank_gates=704 paired_macros=806 conditional_clean=true
FOLD20_T10_RANK4 j=2 last=false low=true old_ops=63387 ops=56853
RANK4_LOWER class=3 original_ops=63653 new_ops=56845 symbolic_rank_gates=704 paired_macros=806 conditional_clean=true
FOLD20_T10_RANK4 j=0 last=false low=true old_ops=63653 ops=56845
FOLD20_PASSIVE_LOWER old=544 new=872 macros=6 gathers=0
FOLD20_PASSIVE_LOWER old=260 new=664 macros=6 gathers=0
FOLD20_PASSIVE_LOWER old=544 new=872 macros=6 gathers=0
FOLD20_PASSIVE_LOWER old=0 new=0 macros=0 gathers=0
FOLD20_PASSIVE_LOWER old=260 new=664 macros=6 gathers=0
FOLD20_PASSIVE_LOWER old=0 new=0 macros=0 gathers=0
RANK4_LOWER class=4 original_ops=2863 new_ops=2385 symbolic_rank_gates=12 paired_macros=12 conditional_clean=true
FOLD20_T10_RANK4 j=3 last=true low=true old_ops=2863 ops=2385
RANK4_LOWER class=4 original_ops=4673 new_ops=3499 symbolic_rank_gates=36 paired_macros=84 conditional_clean=true
FOLD20_T10_RANK4 j=0 last=true low=true old_ops=4673 ops=3499
RANK4_LOWER class=4 original_ops=5259 new_ops=3925 symbolic_rank_gates=36 paired_macros=84 conditional_clean=true
FOLD20_T10_RANK4 j=1 last=true low=true old_ops=5259 ops=3925
RANK4_LOWER class=4 original_ops=6089 new_ops=4499 symbolic_rank_gates=36 paired_macros=84 conditional_clean=true
FOLD20_T10_RANK4 j=2 last=true low=true old_ops=6089 ops=4499
RANK4_LOWER class=3 original_ops=39737 new_ops=35725 symbolic_rank_gates=512 paired_macros=576 conditional_clean=true
FOLD20_T10_RANK4 j=3 last=false low=true old_ops=39737 ops=35725
RANK4_LOWER class=3 original_ops=39441 new_ops=35729 symbolic_rank_gates=512 paired_macros=576 conditional_clean=true
FOLD20_T10_RANK4 j=1 last=false low=true old_ops=39441 ops=35729
FOLD20_PASSIVE_LOWER old=688 new=1138 macros=8 gathers=0
FOLD20_PASSIVE_LOWER old=544 new=872 macros=6 gathers=0
FOLD20_PASSIVE_LOWER old=260 new=664 macros=6 gathers=0
FOLD20_PASSIVE_LOWER old=260 new=664 macros=6 gathers=0
RANK4_LOWER class=3 original_ops=63615 new_ops=57049 symbolic_rank_gates=704 paired_macros=806 conditional_clean=true
FOLD20_T10_RANK4 j=2 last=false low=true old_ops=63615 ops=57049
FOLD20_PASSIVE_LOWER old=1082 new=6864 macros=22 gathers=0
FOLD20_PASSIVE_LOWER old=326 new=3110 macros=9 gathers=0
FOLD20_PASSIVE_LOWER old=544 new=872 macros=6 gathers=0
RANK4_LOWER class=3 original_ops=63881 new_ops=57041 symbolic_rank_gates=704 paired_macros=806 conditional_clean=true
FOLD20_T10_RANK4 j=0 last=false low=true old_ops=63881 ops=57041
FOLD20_PASSIVE_LOWER old=260 new=664 macros=6 gathers=0
FOLD20_PASSIVE_LOWER old=0 new=0 macros=0 gathers=0
FOLD20_PASSIVE_LOWER old=544 new=872 macros=6 gathers=0
FOLD20_PASSIVE_LOWER old=260 new=664 macros=6 gathers=0
FOLD20_PASSIVE_LOWER old=0 new=0 macros=0 gathers=0
RANK4_LOWER class=4 original_ops=2993 new_ops=2491 symbolic_rank_gates=12 paired_macros=12 conditional_clean=true
FOLD20_T10_RANK4 j=3 last=true low=true old_ops=2993 ops=2491
RANK4_LOWER class=4 original_ops=4803 new_ops=3605 symbolic_rank_gates=36 paired_macros=84 conditional_clean=true
FOLD20_T10_RANK4 j=0 last=true low=true old_ops=4803 ops=3605
RANK4_LOWER class=4 original_ops=5389 new_ops=4031 symbolic_rank_gates=36 paired_macros=84 conditional_clean=true
FOLD20_T10_RANK4 j=1 last=true low=true old_ops=5389 ops=4031
RANK4_LOWER class=4 original_ops=6219 new_ops=4605 symbolic_rank_gates=36 paired_macros=84 conditional_clean=true
FOLD20_T10_RANK4 j=2 last=true low=true old_ops=6219 ops=4605
RANK4_LOWER class=3 original_ops=39969 new_ops=35933 symbolic_rank_gates=512 paired_macros=576 conditional_clean=true
FOLD20_T10_RANK4 j=3 last=false low=true old_ops=39969 ops=35933
RANK4_LOWER class=3 original_ops=39673 new_ops=35937 symbolic_rank_gates=512 paired_macros=576 conditional_clean=true
FOLD20_T10_RANK4 j=1 last=false low=true old_ops=39673 ops=35937
FOLD20_PASSIVE_LOWER old=688 new=1138 macros=8 gathers=0
FOLD20_PASSIVE_LOWER old=260 new=664 macros=6 gathers=0
FOLD20_PASSIVE_LOWER old=544 new=872 macros=6 gathers=0
FOLD20_PASSIVE_LOWER old=260 new=664 macros=6 gathers=0
RANK4_LOWER class=3 original_ops=63847 new_ops=57257 symbolic_rank_gates=704 paired_macros=806 conditional_clean=true
FOLD20_T10_RANK4 j=2 last=false low=true old_ops=63847 ops=57257
FOLD20_PASSIVE_LOWER old=1082 new=6864 macros=22 gathers=0
FOLD20_PASSIVE_LOWER old=326 new=3110 macros=9 gathers=0
RANK4_LOWER class=3 original_ops=64113 new_ops=57249 symbolic_rank_gates=704 paired_macros=806 conditional_clean=true
FOLD20_T10_RANK4 j=0 last=false low=true old_ops=64113 ops=57249
FOLD20_PASSIVE_LOWER old=544 new=872 macros=6 gathers=0
FOLD20_PASSIVE_LOWER old=260 new=664 macros=6 gathers=0
FOLD20_PASSIVE_LOWER old=544 new=872 macros=6 gathers=0
FOLD20_PASSIVE_LOWER old=0 new=0 macros=0 gathers=0
FOLD20_PASSIVE_LOWER old=260 new=664 macros=6 gathers=0
FOLD20_PASSIVE_LOWER old=0 new=0 macros=0 gathers=0
RANK4_LOWER class=4 original_ops=3097 new_ops=2579 symbolic_rank_gates=12 paired_macros=12 conditional_clean=true
FOLD20_T10_RANK4 j=3 last=true low=true old_ops=3097 ops=2579
RANK4_LOWER class=4 original_ops=4907 new_ops=3693 symbolic_rank_gates=36 paired_macros=84 conditional_clean=true
FOLD20_T10_RANK4 j=0 last=true low=true old_ops=4907 ops=3693
RANK4_LOWER class=4 original_ops=5493 new_ops=4119 symbolic_rank_gates=36 paired_macros=84 conditional_clean=true
RANK4_LOWER class=4 original_ops=6323 new_ops=4693 symbolic_rank_gates=36 paired_macros=84 conditional_clean=true
FOLD20_T10_RANK4 j=1 last=true low=true old_ops=5493 ops=4119
FOLD20_T10_RANK4 j=2 last=true low=true old_ops=6323 ops=4693
RANK4_LOWER class=3 original_ops=40205 new_ops=36133 symbolic_rank_gates=512 paired_macros=576 conditional_clean=true
FOLD20_T10_RANK4 j=3 last=false low=true old_ops=40205 ops=36133
RANK4_LOWER class=3 original_ops=39909 new_ops=36137 symbolic_rank_gates=512 paired_macros=576 conditional_clean=true
FOLD20_T10_RANK4 j=1 last=false low=true old_ops=39909 ops=36137
FOLD20_PASSIVE_LOWER old=688 new=1138 macros=8 gathers=0
FOLD20_PASSIVE_LOWER old=260 new=664 macros=6 gathers=0
FOLD20_PASSIVE_LOWER old=544 new=872 macros=6 gathers=0
RANK4_LOWER class=3 original_ops=64349 new_ops=57449 symbolic_rank_gates=704 paired_macros=806 conditional_clean=true
FOLD20_T10_RANK4 j=0 last=false low=true old_ops=64349 ops=57449
FOLD20_PASSIVE_LOWER old=260 new=664 macros=6 gathers=0
RANK4_LOWER class=3 original_ops=64083 new_ops=57457 symbolic_rank_gates=704 paired_macros=806 conditional_clean=true
FOLD20_T10_RANK4 j=2 last=false low=true old_ops=64083 ops=57457
FOLD20_PASSIVE_LOWER old=1082 new=6864 macros=22 gathers=0
FOLD20_PASSIVE_LOWER old=326 new=3110 macros=9 gathers=0
FOLD20_PASSIVE_LOWER old=544 new=872 macros=6 gathers=0
FOLD20_PASSIVE_LOWER old=544 new=872 macros=6 gathers=0
FOLD20_PASSIVE_LOWER old=260 new=664 macros=6 gathers=0
FOLD20_PASSIVE_LOWER old=260 new=664 macros=6 gathers=0
FOLD20_PASSIVE_LOWER old=0 new=0 macros=0 gathers=0
FOLD20_PASSIVE_LOWER old=0 new=0 macros=0 gathers=0
RANK4_LOWER class=4 original_ops=3207 new_ops=2673 symbolic_rank_gates=12 paired_macros=12 conditional_clean=true
FOLD20_T10_RANK4 j=3 last=true low=true old_ops=3207 ops=2673
RANK4_LOWER class=4 original_ops=5017 new_ops=3787 symbolic_rank_gates=36 paired_macros=84 conditional_clean=true
FOLD20_T10_RANK4 j=0 last=true low=true old_ops=5017 ops=3787
RANK4_LOWER class=4 original_ops=5603 new_ops=4213 symbolic_rank_gates=36 paired_macros=84 conditional_clean=true
FOLD20_T10_RANK4 j=1 last=true low=true old_ops=5603 ops=4213
RANK4_LOWER class=4 original_ops=6433 new_ops=4787 symbolic_rank_gates=36 paired_macros=84 conditional_clean=true
FOLD20_T10_RANK4 j=2 last=true low=true old_ops=6433 ops=4787
RANK4_LOWER class=3 original_ops=40437 new_ops=36333 symbolic_rank_gates=512 paired_macros=576 conditional_clean=true
FOLD20_T10_RANK4 j=3 last=false low=true old_ops=40437 ops=36333
RANK4_LOWER class=3 original_ops=40141 new_ops=36337 symbolic_rank_gates=512 paired_macros=576 conditional_clean=true
FOLD20_T10_RANK4 j=1 last=false low=true old_ops=40141 ops=36337
FOLD20_PASSIVE_LOWER old=688 new=1138 macros=8 gathers=0
FOLD20_PASSIVE_LOWER old=260 new=664 macros=6 gathers=0
FOLD20_PASSIVE_LOWER old=544 new=872 macros=6 gathers=0
RANK4_LOWER class=3 original_ops=64315 new_ops=57657 symbolic_rank_gates=704 paired_macros=806 conditional_clean=true
FOLD20_T10_RANK4 j=2 last=false low=true old_ops=64315 ops=57657
FOLD20_PASSIVE_LOWER old=260 new=664 macros=6 gathers=0
FOLD20_PASSIVE_LOWER old=1082 new=6864 macros=22 gathers=0
RANK4_LOWER class=3 original_ops=64581 new_ops=57649 symbolic_rank_gates=704 paired_macros=806 conditional_clean=true
FOLD20_T10_RANK4 j=0 last=false low=true old_ops=64581 ops=57649
FOLD20_PASSIVE_LOWER old=326 new=3110 macros=9 gathers=0
FOLD20_PASSIVE_LOWER old=544 new=872 macros=6 gathers=0
FOLD20_PASSIVE_LOWER old=260 new=664 macros=6 gathers=0
FOLD20_PASSIVE_LOWER old=544 new=872 macros=6 gathers=0
FOLD20_PASSIVE_LOWER old=0 new=0 macros=0 gathers=0
FOLD20_PASSIVE_LOWER old=260 new=664 macros=6 gathers=0
FOLD20_PASSIVE_LOWER old=0 new=0 macros=0 gathers=0
RANK4_LOWER class=4 original_ops=3311 new_ops=2761 symbolic_rank_gates=12 paired_macros=12 conditional_clean=true
FOLD20_T10_RANK4 j=3 last=true low=true old_ops=3311 ops=2761
RANK4_LOWER class=4 original_ops=5121 new_ops=3875 symbolic_rank_gates=36 paired_macros=84 conditional_clean=true
FOLD20_T10_RANK4 j=0 last=true low=true old_ops=5121 ops=3875
RANK4_LOWER class=4 original_ops=5707 new_ops=4301 symbolic_rank_gates=36 paired_macros=84 conditional_clean=true
FOLD20_T10_RANK4 j=1 last=true low=true old_ops=5707 ops=4301
RANK4_LOWER class=4 original_ops=6537 new_ops=4875 symbolic_rank_gates=36 paired_macros=84 conditional_clean=true
FOLD20_T10_RANK4 j=2 last=true low=true old_ops=6537 ops=4875
RANK4_LOWER class=3 original_ops=40665 new_ops=36529 symbolic_rank_gates=512 paired_macros=576 conditional_clean=true
FOLD20_T10_RANK4 j=3 last=false low=true old_ops=40665 ops=36529
RANK4_LOWER class=3 original_ops=40369 new_ops=36533 symbolic_rank_gates=512 paired_macros=576 conditional_clean=true
FOLD20_T10_RANK4 j=1 last=false low=true old_ops=40369 ops=36533
FOLD20_PASSIVE_LOWER old=688 new=1138 macros=8 gathers=0
FOLD20_PASSIVE_LOWER old=260 new=664 macros=6 gathers=0
FOLD20_PASSIVE_LOWER old=544 new=872 macros=6 gathers=0
FOLD20_PASSIVE_LOWER old=260 new=664 macros=6 gathers=0
FOLD20_PASSIVE_LOWER old=1082 new=6864 macros=22 gathers=0
RANK4_LOWER class=3 original_ops=64543 new_ops=57853 symbolic_rank_gates=704 paired_macros=806 conditional_clean=true
FOLD20_T10_RANK4 j=2 last=false low=true old_ops=64543 ops=57853
RANK4_LOWER class=3 original_ops=64809 new_ops=57845 symbolic_rank_gates=704 paired_macros=806 conditional_clean=true
FOLD20_PASSIVE_LOWER old=326 new=3110 macros=9 gathers=0
FOLD20_T10_RANK4 j=0 last=false low=true old_ops=64809 ops=57845
FOLD20_PASSIVE_LOWER old=544 new=872 macros=6 gathers=0
FOLD20_PASSIVE_LOWER old=544 new=872 macros=6 gathers=0
FOLD20_PASSIVE_LOWER old=260 new=664 macros=6 gathers=0
FOLD20_PASSIVE_LOWER old=260 new=664 macros=6 gathers=0
FOLD20_PASSIVE_LOWER old=0 new=0 macros=0 gathers=0
FOLD20_PASSIVE_LOWER old=0 new=0 macros=0 gathers=0
RANK4_LOWER class=4 original_ops=3437 new_ops=2863 symbolic_rank_gates=12 paired_macros=12 conditional_clean=true
FOLD20_T10_RANK4 j=3 last=true low=true old_ops=3437 ops=2863
RANK4_LOWER class=4 original_ops=6663 new_ops=4977 symbolic_rank_gates=36 paired_macros=84 conditional_clean=true
FOLD20_T10_RANK4 j=2 last=true low=true old_ops=6663 ops=4977
RANK4_LOWER class=4 original_ops=5247 new_ops=3977 symbolic_rank_gates=36 paired_macros=84 conditional_clean=true
FOLD20_T10_RANK4 j=0 last=true low=true old_ops=5247 ops=3977
RANK4_LOWER class=4 original_ops=5833 new_ops=4403 symbolic_rank_gates=36 paired_macros=84 conditional_clean=true
FOLD20_T10_RANK4 j=1 last=true low=true old_ops=5833 ops=4403
RANK4_LOWER class=3 original_ops=40893 new_ops=36733 symbolic_rank_gates=512 paired_macros=576 conditional_clean=true
FOLD20_T10_RANK4 j=3 last=false low=true old_ops=40893 ops=36733
RANK4_LOWER class=3 original_ops=40597 new_ops=36737 symbolic_rank_gates=512 paired_macros=576 conditional_clean=true
FOLD20_T10_RANK4 j=1 last=false low=true old_ops=40597 ops=36737
FOLD20_PASSIVE_LOWER old=688 new=1138 macros=8 gathers=0
FOLD20_PASSIVE_LOWER old=260 new=664 macros=6 gathers=0
FOLD20_PASSIVE_LOWER old=544 new=872 macros=6 gathers=0
FOLD20_PASSIVE_LOWER old=260 new=664 macros=6 gathers=0
FOLD20_PASSIVE_LOWER old=1082 new=6864 macros=22 gathers=0
RANK4_LOWER class=3 original_ops=64771 new_ops=58057 symbolic_rank_gates=704 paired_macros=806 conditional_clean=true
FOLD20_T10_RANK4 j=2 last=false low=true old_ops=64771 ops=58057
FOLD20_PASSIVE_LOWER old=326 new=3110 macros=9 gathers=0
RANK4_LOWER class=3 original_ops=65037 new_ops=58049 symbolic_rank_gates=704 paired_macros=806 conditional_clean=true
FOLD20_T10_RANK4 j=0 last=false low=true old_ops=65037 ops=58049
FOLD20_PASSIVE_LOWER old=544 new=872 macros=6 gathers=0
FOLD20_PASSIVE_LOWER old=260 new=664 macros=6 gathers=0
FOLD20_PASSIVE_LOWER old=0 new=0 macros=0 gathers=0
FOLD20_PASSIVE_LOWER old=544 new=872 macros=6 gathers=0
FOLD20_PASSIVE_LOWER old=260 new=664 macros=6 gathers=0
FOLD20_PASSIVE_LOWER old=0 new=0 macros=0 gathers=0
RANK4_LOWER class=4 original_ops=3541 new_ops=2951 symbolic_rank_gates=12 paired_macros=12 conditional_clean=true
FOLD20_T10_RANK4 j=3 last=true low=true old_ops=3541 ops=2951
RANK4_LOWER class=4 original_ops=5351 new_ops=4065 symbolic_rank_gates=36 paired_macros=84 conditional_clean=true
FOLD20_T10_RANK4 j=0 last=true low=true old_ops=5351 ops=4065
RANK4_LOWER class=4 original_ops=5937 new_ops=4491 symbolic_rank_gates=36 paired_macros=84 conditional_clean=true
FOLD20_T10_RANK4 j=1 last=true low=true old_ops=5937 ops=4491
RANK4_LOWER class=4 original_ops=6767 new_ops=5067 symbolic_rank_gates=36 paired_macros=84 conditional_clean=true
FOLD20_T10_RANK4 j=2 last=true low=true old_ops=6767 ops=5067
RANK4_LOWER class=3 original_ops=41121 new_ops=36929 symbolic_rank_gates=512 paired_macros=576 conditional_clean=true
FOLD20_T10_RANK4 j=3 last=false low=true old_ops=41121 ops=36929
RANK4_LOWER class=3 original_ops=40825 new_ops=36933 symbolic_rank_gates=512 paired_macros=576 conditional_clean=true
FOLD20_T10_RANK4 j=1 last=false low=true old_ops=40825 ops=36933
FOLD20_PASSIVE_LOWER old=688 new=1138 macros=8 gathers=0
FOLD20_PASSIVE_LOWER old=260 new=664 macros=6 gathers=0
FOLD20_PASSIVE_LOWER old=544 new=872 macros=6 gathers=0
FOLD20_PASSIVE_LOWER old=260 new=664 macros=6 gathers=0
FOLD20_PASSIVE_LOWER old=1082 new=6864 macros=22 gathers=0
FOLD20_PASSIVE_LOWER old=326 new=3110 macros=9 gathers=0
RANK4_LOWER class=3 original_ops=65265 new_ops=58245 symbolic_rank_gates=704 paired_macros=806 conditional_clean=true
FOLD20_T10_RANK4 j=0 last=false low=true old_ops=65265 ops=58245
RANK4_LOWER class=3 original_ops=64999 new_ops=58253 symbolic_rank_gates=704 paired_macros=806 conditional_clean=true
FOLD20_T10_RANK4 j=2 last=false low=true old_ops=64999 ops=58253
FOLD20_PASSIVE_LOWER old=544 new=872 macros=6 gathers=0
FOLD20_PASSIVE_LOWER old=544 new=872 macros=6 gathers=0
FOLD20_PASSIVE_LOWER old=260 new=664 macros=6 gathers=0
FOLD20_PASSIVE_LOWER old=260 new=664 macros=6 gathers=0
FOLD20_PASSIVE_LOWER old=0 new=0 macros=0 gathers=0
FOLD20_PASSIVE_LOWER old=0 new=0 macros=0 gathers=0
RANK4_LOWER class=4 original_ops=3651 new_ops=3045 symbolic_rank_gates=12 paired_macros=12 conditional_clean=true
FOLD20_T10_RANK4 j=3 last=true low=true old_ops=3651 ops=3045
RANK4_LOWER class=4 original_ops=5461 new_ops=4159 symbolic_rank_gates=36 paired_macros=84 conditional_clean=true
FOLD20_T10_RANK4 j=0 last=true low=true old_ops=5461 ops=4159
RANK4_LOWER class=4 original_ops=6047 new_ops=4585 symbolic_rank_gates=36 paired_macros=84 conditional_clean=true
FOLD20_T10_RANK4 j=1 last=true low=true old_ops=6047 ops=4585
RANK4_LOWER class=4 original_ops=6877 new_ops=5161 symbolic_rank_gates=36 paired_macros=84 conditional_clean=true
FOLD20_T10_RANK4 j=2 last=true low=true old_ops=6877 ops=5161
RANK4_LOWER class=3 original_ops=41345 new_ops=37129 symbolic_rank_gates=512 paired_macros=576 conditional_clean=true
FOLD20_T10_RANK4 j=3 last=false low=true old_ops=41345 ops=37129
RANK4_LOWER class=3 original_ops=41049 new_ops=37133 symbolic_rank_gates=512 paired_macros=576 conditional_clean=true
FOLD20_T10_RANK4 j=1 last=false low=true old_ops=41049 ops=37133
FOLD20_PASSIVE_LOWER old=688 new=1138 macros=8 gathers=0
FOLD20_PASSIVE_LOWER old=260 new=664 macros=6 gathers=0
RANK4_LOWER class=3 original_ops=65489 new_ops=58445 symbolic_rank_gates=704 paired_macros=806 conditional_clean=true
FOLD20_T10_RANK4 j=0 last=false low=true old_ops=65489 ops=58445
FOLD20_PASSIVE_LOWER old=544 new=872 macros=6 gathers=0
FOLD20_PASSIVE_LOWER old=1082 new=6864 macros=22 gathers=0
FOLD20_PASSIVE_LOWER old=260 new=664 macros=6 gathers=0
RANK4_LOWER class=3 original_ops=65223 new_ops=58453 symbolic_rank_gates=704 paired_macros=806 conditional_clean=true
FOLD20_T10_RANK4 j=2 last=false low=true old_ops=65223 ops=58453
FOLD20_PASSIVE_LOWER old=326 new=3110 macros=9 gathers=0
FOLD20_PASSIVE_LOWER old=544 new=872 macros=6 gathers=0
FOLD20_PASSIVE_LOWER old=260 new=664 macros=6 gathers=0
FOLD20_PASSIVE_LOWER old=544 new=872 macros=6 gathers=0
FOLD20_PASSIVE_LOWER old=0 new=0 macros=0 gathers=0
FOLD20_PASSIVE_LOWER old=260 new=664 macros=6 gathers=0
FOLD20_PASSIVE_LOWER old=0 new=0 macros=0 gathers=0
RANK4_LOWER class=4 original_ops=4113 new_ops=3271 symbolic_rank_gates=48 paired_macros=48 conditional_clean=true
FOLD20_T10_RANK4 j=3 last=true low=true old_ops=4113 ops=3271
RANK4_LOWER class=4 original_ops=5923 new_ops=4389 symbolic_rank_gates=72 paired_macros=120 conditional_clean=true
FOLD20_T10_RANK4 j=0 last=true low=true old_ops=5923 ops=4389
RANK4_LOWER class=4 original_ops=6509 new_ops=4815 symbolic_rank_gates=72 paired_macros=120 conditional_clean=true
FOLD20_T10_RANK4 j=1 last=true low=true old_ops=6509 ops=4815
RANK4_LOWER class=4 original_ops=7339 new_ops=5391 symbolic_rank_gates=72 paired_macros=120 conditional_clean=true
FOLD20_T10_RANK4 j=2 last=true low=true old_ops=7339 ops=5391
RANK4_LOWER class=3 original_ops=42811 new_ops=38021 symbolic_rank_gates=608 paired_macros=662 conditional_clean=true
FOLD20_T10_RANK4 j=3 last=false low=true old_ops=42811 ops=38021
RANK4_LOWER class=3 original_ops=42515 new_ops=38025 symbolic_rank_gates=608 paired_macros=662 conditional_clean=true
FOLD20_T10_RANK4 j=1 last=false low=true old_ops=42515 ops=38025
FOLD20_PASSIVE_LOWER old=688 new=1138 macros=8 gathers=0
FOLD20_PASSIVE_LOWER old=260 new=664 macros=6 gathers=0
FOLD20_PASSIVE_LOWER old=544 new=872 macros=6 gathers=0
FOLD20_PASSIVE_LOWER old=260 new=664 macros=6 gathers=0
FOLD20_PASSIVE_LOWER old=1082 new=6864 macros=22 gathers=0
RANK4_LOWER class=3 original_ops=66955 new_ops=59337 symbolic_rank_gates=800 paired_macros=892 conditional_clean=true
FOLD20_T10_RANK4 j=0 last=false low=true old_ops=66955 ops=59337
FOLD20_PASSIVE_LOWER old=326 new=3110 macros=9 gathers=0
FOLD20_PASSIVE_LOWER old=544 new=872 macros=6 gathers=0
RANK4_LOWER class=3 original_ops=66689 new_ops=59345 symbolic_rank_gates=800 paired_macros=892 conditional_clean=true
FOLD20_PASSIVE_LOWER old=260 new=664 macros=6 gathers=0
FOLD20_T10_RANK4 j=2 last=false low=true old_ops=66689 ops=59345
FOLD20_PASSIVE_LOWER old=0 new=0 macros=0 gathers=0
FOLD20_PASSIVE_LOWER old=544 new=872 macros=6 gathers=0
FOLD20_PASSIVE_LOWER old=260 new=664 macros=6 gathers=0
FOLD20_PASSIVE_LOWER old=0 new=0 macros=0 gathers=0
RANK4_LOWER class=4 original_ops=4435 new_ops=3427 symbolic_rank_gates=48 paired_macros=62 conditional_clean=true
FOLD20_T10_RANK4 j=3 last=true low=true old_ops=4435 ops=3427
RANK4_LOWER class=4 original_ops=6245 new_ops=4545 symbolic_rank_gates=72 paired_macros=134 conditional_clean=true
FOLD20_T10_RANK4 j=0 last=true low=true old_ops=6245 ops=4545
RANK4_LOWER class=4 original_ops=6831 new_ops=4971 symbolic_rank_gates=72 paired_macros=134 conditional_clean=true
FOLD20_T10_RANK4 j=1 last=true low=true old_ops=6831 ops=4971
RANK4_LOWER class=4 original_ops=7661 new_ops=5547 symbolic_rank_gates=72 paired_macros=134 conditional_clean=true
FOLD20_T10_RANK4 j=2 last=true low=true old_ops=7661 ops=5547
RANK4_LOWER class=3 original_ops=43197 new_ops=38249 symbolic_rank_gates=608 paired_macros=676 conditional_clean=true
FOLD20_T10_RANK4 j=3 last=false low=true old_ops=43197 ops=38249
RANK4_LOWER class=3 original_ops=42901 new_ops=38253 symbolic_rank_gates=608 paired_macros=676 conditional_clean=true
FOLD20_T10_RANK4 j=1 last=false low=true old_ops=42901 ops=38253
FOLD20_PASSIVE_LOWER old=688 new=1138 macros=8 gathers=0
FOLD20_PASSIVE_LOWER old=544 new=872 macros=6 gathers=0
FOLD20_PASSIVE_LOWER old=260 new=664 macros=6 gathers=0
FOLD20_PASSIVE_LOWER old=260 new=664 macros=6 gathers=0
RANK4_LOWER class=3 original_ops=67341 new_ops=59565 symbolic_rank_gates=800 paired_macros=906 conditional_clean=true
FOLD20_T10_RANK4 j=0 last=false low=true old_ops=67341 ops=59565
FOLD20_PASSIVE_LOWER old=326 new=3110 macros=9 gathers=0
RANK4_LOWER class=3 original_ops=67075 new_ops=59573 symbolic_rank_gates=800 paired_macros=906 conditional_clean=true
FOLD20_T10_RANK4 j=2 last=false low=true old_ops=67075 ops=59573
FOLD20_PASSIVE_LOWER old=1082 new=6864 macros=22 gathers=0
FOLD20_PASSIVE_LOWER old=544 new=872 macros=6 gathers=0
FOLD20_PASSIVE_LOWER old=260 new=664 macros=6 gathers=0
FOLD20_PASSIVE_LOWER old=544 new=872 macros=6 gathers=0
FOLD20_PASSIVE_LOWER old=0 new=0 macros=0 gathers=0
FOLD20_PASSIVE_LOWER old=260 new=664 macros=6 gathers=0
FOLD20_PASSIVE_LOWER old=0 new=0 macros=0 gathers=0
RANK4_LOWER class=4 original_ops=4543 new_ops=3519 symbolic_rank_gates=48 paired_macros=62 conditional_clean=true
FOLD20_T10_RANK4 j=3 last=true low=true old_ops=4543 ops=3519
RANK4_LOWER class=4 original_ops=6353 new_ops=4637 symbolic_rank_gates=72 paired_macros=134 conditional_clean=true
FOLD20_T10_RANK4 j=0 last=true low=true old_ops=6353 ops=4637
RANK4_LOWER class=4 original_ops=6939 new_ops=5063 symbolic_rank_gates=72 paired_macros=134 conditional_clean=true
FOLD20_T10_RANK4 j=1 last=true low=true old_ops=6939 ops=5063
RANK4_LOWER class=4 original_ops=7769 new_ops=5639 symbolic_rank_gates=72 paired_macros=134 conditional_clean=true
FOLD20_T10_RANK4 j=2 last=true low=true old_ops=7769 ops=5639
RANK4_LOWER class=3 original_ops=43405 new_ops=38425 symbolic_rank_gates=608 paired_macros=676 conditional_clean=true
FOLD20_T10_RANK4 j=3 last=false low=true old_ops=43405 ops=38425
RANK4_LOWER class=3 original_ops=43109 new_ops=38429 symbolic_rank_gates=608 paired_macros=676 conditional_clean=true
FOLD20_T10_RANK4 j=1 last=false low=true old_ops=43109 ops=38429
FOLD20_PASSIVE_LOWER old=688 new=1138 macros=8 gathers=0
FOLD20_PASSIVE_LOWER old=544 new=872 macros=6 gathers=0
FOLD20_PASSIVE_LOWER old=260 new=664 macros=6 gathers=0
FOLD20_PASSIVE_LOWER old=260 new=664 macros=6 gathers=0
RANK4_LOWER class=3 original_ops=67549 new_ops=59741 symbolic_rank_gates=800 paired_macros=906 conditional_clean=true
FOLD20_T10_RANK4 j=0 last=false low=true old_ops=67549 ops=59741
RANK4_LOWER class=3 original_ops=67283 new_ops=59749 symbolic_rank_gates=800 paired_macros=906 conditional_clean=true
FOLD20_T10_RANK4 j=2 last=false low=true old_ops=67283 ops=59749
FOLD20_PASSIVE_LOWER old=326 new=3110 macros=9 gathers=0
FOLD20_PASSIVE_LOWER old=1082 new=6864 macros=22 gathers=0
FOLD20_PASSIVE_LOWER old=544 new=872 macros=6 gathers=0
FOLD20_PASSIVE_LOWER old=544 new=872 macros=6 gathers=0
FOLD20_PASSIVE_LOWER old=260 new=664 macros=6 gathers=0
FOLD20_PASSIVE_LOWER old=260 new=664 macros=6 gathers=0
FOLD20_PASSIVE_LOWER old=0 new=0 macros=0 gathers=0
FOLD20_PASSIVE_LOWER old=0 new=0 macros=0 gathers=0
RANK4_LOWER class=4 original_ops=4653 new_ops=3613 symbolic_rank_gates=48 paired_macros=62 conditional_clean=true
FOLD20_T10_RANK4 j=3 last=true low=true old_ops=4653 ops=3613
RANK4_LOWER class=4 original_ops=6463 new_ops=4731 symbolic_rank_gates=72 paired_macros=134 conditional_clean=true
FOLD20_T10_RANK4 j=0 last=true low=true old_ops=6463 ops=4731
RANK4_LOWER class=4 original_ops=7049 new_ops=5157 symbolic_rank_gates=72 paired_macros=134 conditional_clean=true
FOLD20_T10_RANK4 j=1 last=true low=true old_ops=7049 ops=5157
RANK4_LOWER class=4 original_ops=7879 new_ops=5733 symbolic_rank_gates=72 paired_macros=134 conditional_clean=true
FOLD20_T10_RANK4 j=2 last=true low=true old_ops=7879 ops=5733
RANK4_LOWER class=3 original_ops=43597 new_ops=38593 symbolic_rank_gates=608 paired_macros=676 conditional_clean=true
FOLD20_T10_RANK4 j=3 last=false low=true old_ops=43597 ops=38593
RANK4_LOWER class=3 original_ops=43301 new_ops=38597 symbolic_rank_gates=608 paired_macros=676 conditional_clean=true
FOLD20_T10_RANK4 j=1 last=false low=true old_ops=43301 ops=38597
FOLD20_PASSIVE_LOWER old=688 new=1138 macros=8 gathers=0
FOLD20_PASSIVE_LOWER old=544 new=872 macros=6 gathers=0
FOLD20_PASSIVE_LOWER old=260 new=664 macros=6 gathers=0
FOLD20_PASSIVE_LOWER old=260 new=664 macros=6 gathers=0
RANK4_LOWER class=3 original_ops=67741 new_ops=59909 symbolic_rank_gates=800 paired_macros=906 conditional_clean=true
FOLD20_T10_RANK4 j=0 last=false low=true old_ops=67741 ops=59909
RANK4_LOWER class=3 original_ops=67475 new_ops=59917 symbolic_rank_gates=800 paired_macros=906 conditional_clean=true
FOLD20_T10_RANK4 j=2 last=false low=true old_ops=67475 ops=59917
FOLD20_PASSIVE_LOWER old=326 new=3110 macros=9 gathers=0
FOLD20_PASSIVE_LOWER old=1082 new=6864 macros=22 gathers=0
FOLD20_PASSIVE_LOWER old=544 new=872 macros=6 gathers=0
FOLD20_PASSIVE_LOWER old=544 new=872 macros=6 gathers=0
FOLD20_PASSIVE_LOWER old=260 new=664 macros=6 gathers=0
FOLD20_PASSIVE_LOWER old=260 new=664 macros=6 gathers=0
FOLD20_PASSIVE_LOWER old=0 new=0 macros=0 gathers=0
FOLD20_PASSIVE_LOWER old=0 new=0 macros=0 gathers=0
RANK4_LOWER class=4 original_ops=4761 new_ops=3705 symbolic_rank_gates=48 paired_macros=62 conditional_clean=true
FOLD20_T10_RANK4 j=3 last=true low=true old_ops=4761 ops=3705
RANK4_LOWER class=4 original_ops=7987 new_ops=5825 symbolic_rank_gates=72 paired_macros=134 conditional_clean=true
FOLD20_T10_RANK4 j=2 last=true low=true old_ops=7987 ops=5825
RANK4_LOWER class=4 original_ops=6571 new_ops=4823 symbolic_rank_gates=72 paired_macros=134 conditional_clean=true
FOLD20_T10_RANK4 j=0 last=true low=true old_ops=6571 ops=4823
RANK4_LOWER class=4 original_ops=7157 new_ops=5249 symbolic_rank_gates=72 paired_macros=134 conditional_clean=true
FOLD20_T10_RANK4 j=1 last=true low=true old_ops=7157 ops=5249
RANK4_LOWER class=3 original_ops=43573 new_ops=38821 symbolic_rank_gates=608 paired_macros=676 conditional_clean=true
FOLD20_T10_RANK4 j=1 last=false low=true old_ops=43573 ops=38821
RANK4_LOWER class=3 original_ops=43869 new_ops=38817 symbolic_rank_gates=608 paired_macros=676 conditional_clean=true
FOLD20_T10_RANK4 j=3 last=false low=true old_ops=43869 ops=38817
FOLD20_PASSIVE_LOWER old=544 new=872 macros=6 gathers=0
FOLD20_PASSIVE_LOWER old=260 new=664 macros=6 gathers=0
RANK4_LOWER class=3 original_ops=67747 new_ops=60141 symbolic_rank_gates=800 paired_macros=906 conditional_clean=true
FOLD20_PASSIVE_LOWER old=688 new=1138 macros=8 gathers=0
FOLD20_T10_RANK4 j=2 last=false low=true old_ops=67747 ops=60141
RANK4_LOWER class=3 original_ops=68013 new_ops=60133 symbolic_rank_gates=800 paired_macros=906 conditional_clean=true
FOLD20_T10_RANK4 j=0 last=false low=true old_ops=68013 ops=60133
FOLD20_PASSIVE_LOWER old=260 new=664 macros=6 gathers=0
FOLD20_PASSIVE_LOWER old=326 new=3110 macros=9 gathers=0
FOLD20_PASSIVE_LOWER old=544 new=872 macros=6 gathers=0
FOLD20_PASSIVE_LOWER old=544 new=872 macros=6 gathers=0
FOLD20_PASSIVE_LOWER old=260 new=664 macros=6 gathers=0
FOLD20_PASSIVE_LOWER old=1082 new=6864 macros=22 gathers=0
FOLD20_PASSIVE_LOWER old=260 new=664 macros=6 gathers=0
FOLD20_PASSIVE_LOWER old=0 new=0 macros=0 gathers=0
FOLD20_PASSIVE_LOWER old=0 new=0 macros=0 gathers=0
RANK4_LOWER class=4 original_ops=4887 new_ops=3807 symbolic_rank_gates=48 paired_macros=62 conditional_clean=true
FOLD20_T10_RANK4 j=3 last=true low=true old_ops=4887 ops=3807
RANK4_LOWER class=4 original_ops=6697 new_ops=4925 symbolic_rank_gates=72 paired_macros=134 conditional_clean=true
FOLD20_T10_RANK4 j=0 last=true low=true old_ops=6697 ops=4925
RANK4_LOWER class=4 original_ops=7283 new_ops=5351 symbolic_rank_gates=72 paired_macros=134 conditional_clean=true
FOLD20_T10_RANK4 j=1 last=true low=true old_ops=7283 ops=5351
RANK4_LOWER class=4 original_ops=8113 new_ops=5927 symbolic_rank_gates=72 paired_macros=134 conditional_clean=true
FOLD20_T10_RANK4 j=2 last=true low=true old_ops=8113 ops=5927
RANK4_LOWER class=3 original_ops=44081 new_ops=39005 symbolic_rank_gates=608 paired_macros=676 conditional_clean=true
FOLD20_T10_RANK4 j=3 last=false low=true old_ops=44081 ops=39005
RANK4_LOWER class=3 original_ops=43785 new_ops=39009 symbolic_rank_gates=608 paired_macros=676 conditional_clean=true
FOLD20_T10_RANK4 j=1 last=false low=true old_ops=43785 ops=39009
FOLD20_PASSIVE_LOWER old=544 new=872 macros=6 gathers=0
FOLD20_PASSIVE_LOWER old=688 new=1138 macros=8 gathers=0
FOLD20_PASSIVE_LOWER old=260 new=664 macros=6 gathers=0
RANK4_LOWER class=3 original_ops=67959 new_ops=60329 symbolic_rank_gates=800 paired_macros=906 conditional_clean=true
FOLD20_T10_RANK4 j=2 last=false low=true old_ops=67959 ops=60329
FOLD20_PASSIVE_LOWER old=260 new=664 macros=6 gathers=0
FOLD20_PASSIVE_LOWER old=326 new=3110 macros=9 gathers=0
RANK4_LOWER class=3 original_ops=68225 new_ops=60321 symbolic_rank_gates=800 paired_macros=906 conditional_clean=true
FOLD20_T10_RANK4 j=0 last=false low=true old_ops=68225 ops=60321
FOLD20_PASSIVE_LOWER old=544 new=872 macros=6 gathers=0
FOLD20_PASSIVE_LOWER old=1082 new=6864 macros=22 gathers=0
FOLD20_PASSIVE_LOWER old=260 new=664 macros=6 gathers=0
FOLD20_PASSIVE_LOWER old=0 new=0 macros=0 gathers=0
FOLD20_PASSIVE_LOWER old=544 new=872 macros=6 gathers=0
FOLD20_PASSIVE_LOWER old=260 new=664 macros=6 gathers=0
FOLD20_PASSIVE_LOWER old=0 new=0 macros=0 gathers=0
RANK4_LOWER class=4 original_ops=4991 new_ops=3895 symbolic_rank_gates=48 paired_macros=62 conditional_clean=true
FOLD20_T10_RANK4 j=3 last=true low=true old_ops=4991 ops=3895
RANK4_LOWER class=4 original_ops=6801 new_ops=5013 symbolic_rank_gates=72 paired_macros=134 conditional_clean=true
FOLD20_T10_RANK4 j=0 last=true low=true old_ops=6801 ops=5013
RANK4_LOWER class=4 original_ops=8217 new_ops=6015 symbolic_rank_gates=72 paired_macros=134 conditional_clean=true
FOLD20_T10_RANK4 j=2 last=true low=true old_ops=8217 ops=6015
RANK4_LOWER class=4 original_ops=7387 new_ops=5439 symbolic_rank_gates=72 paired_macros=134 conditional_clean=true
FOLD20_T10_RANK4 j=1 last=true low=true old_ops=7387 ops=5439
RANK4_LOWER class=3 original_ops=44293 new_ops=39185 symbolic_rank_gates=608 paired_macros=676 conditional_clean=true
FOLD20_T10_RANK4 j=3 last=false low=true old_ops=44293 ops=39185
RANK4_LOWER class=3 original_ops=43997 new_ops=39189 symbolic_rank_gates=608 paired_macros=676 conditional_clean=true
FOLD20_T10_RANK4 j=1 last=false low=true old_ops=43997 ops=39189
FOLD20_PASSIVE_LOWER old=544 new=872 macros=6 gathers=0
FOLD20_PASSIVE_LOWER old=688 new=1138 macros=8 gathers=0
FOLD20_PASSIVE_LOWER old=260 new=664 macros=6 gathers=0
RANK4_LOWER class=3 original_ops=68171 new_ops=60509 symbolic_rank_gates=800 paired_macros=906 conditional_clean=true
FOLD20_T10_RANK4 j=2 last=false low=true old_ops=68171 ops=60509
FOLD20_PASSIVE_LOWER old=260 new=664 macros=6 gathers=0
FOLD20_PASSIVE_LOWER old=326 new=3110 macros=9 gathers=0
RANK4_LOWER class=3 original_ops=68437 new_ops=60501 symbolic_rank_gates=800 paired_macros=906 conditional_clean=true
FOLD20_T10_RANK4 j=0 last=false low=true old_ops=68437 ops=60501
FOLD20_PASSIVE_LOWER old=544 new=872 macros=6 gathers=0
FOLD20_PASSIVE_LOWER old=1082 new=6864 macros=22 gathers=0
FOLD20_PASSIVE_LOWER old=260 new=664 macros=6 gathers=0
FOLD20_PASSIVE_LOWER old=544 new=872 macros=6 gathers=0
FOLD20_PASSIVE_LOWER old=0 new=0 macros=0 gathers=0
FOLD20_PASSIVE_LOWER old=260 new=664 macros=6 gathers=0
FOLD20_PASSIVE_LOWER old=0 new=0 macros=0 gathers=0
RANK4_LOWER class=4 original_ops=5101 new_ops=3989 symbolic_rank_gates=48 paired_macros=62 conditional_clean=true
FOLD20_T10_RANK4 j=3 last=true low=true old_ops=5101 ops=3989
RANK4_LOWER class=4 original_ops=6911 new_ops=5107 symbolic_rank_gates=72 paired_macros=134 conditional_clean=true
FOLD20_T10_RANK4 j=0 last=true low=true old_ops=6911 ops=5107
RANK4_LOWER class=4 original_ops=7497 new_ops=5533 symbolic_rank_gates=72 paired_macros=134 conditional_clean=true
FOLD20_T10_RANK4 j=1 last=true low=true old_ops=7497 ops=5533
RANK4_LOWER class=4 original_ops=8327 new_ops=6109 symbolic_rank_gates=72 paired_macros=134 conditional_clean=true
FOLD20_T10_RANK4 j=2 last=true low=true old_ops=8327 ops=6109
RANK4_LOWER class=3 original_ops=44205 new_ops=39373 symbolic_rank_gates=608 paired_macros=676 conditional_clean=true
FOLD20_T10_RANK4 j=1 last=false low=true old_ops=44205 ops=39373
RANK4_LOWER class=3 original_ops=44501 new_ops=39369 symbolic_rank_gates=608 paired_macros=676 conditional_clean=true
FOLD20_T10_RANK4 j=3 last=false low=true old_ops=44501 ops=39369
FOLD20_PASSIVE_LOWER old=544 new=872 macros=6 gathers=0
FOLD20_PASSIVE_LOWER old=260 new=664 macros=6 gathers=0
FOLD20_PASSIVE_LOWER old=688 new=1138 macros=8 gathers=0
RANK4_LOWER class=3 original_ops=68379 new_ops=60693 symbolic_rank_gates=800 paired_macros=906 conditional_clean=true
FOLD20_T10_RANK4 j=2 last=false low=true old_ops=68379 ops=60693
FOLD20_PASSIVE_LOWER old=326 new=3110 macros=9 gathers=0
FOLD20_PASSIVE_LOWER old=260 new=664 macros=6 gathers=0
FOLD20_PASSIVE_LOWER old=544 new=872 macros=6 gathers=0
RANK4_LOWER class=3 original_ops=68645 new_ops=60685 symbolic_rank_gates=800 paired_macros=906 conditional_clean=true
FOLD20_T10_RANK4 j=0 last=false low=true old_ops=68645 ops=60685
FOLD20_PASSIVE_LOWER old=1082 new=6864 macros=22 gathers=0
FOLD20_PASSIVE_LOWER old=260 new=664 macros=6 gathers=0
FOLD20_PASSIVE_LOWER old=0 new=0 macros=0 gathers=0
FOLD20_PASSIVE_LOWER old=544 new=872 macros=6 gathers=0
FOLD20_PASSIVE_LOWER old=260 new=664 macros=6 gathers=0
FOLD20_PASSIVE_LOWER old=0 new=0 macros=0 gathers=0
RANK4_LOWER class=4 original_ops=5217 new_ops=4085 symbolic_rank_gates=48 paired_macros=62 conditional_clean=true
FOLD20_T10_RANK4 j=3 last=true low=true old_ops=5217 ops=4085
RANK4_LOWER class=4 original_ops=7027 new_ops=5203 symbolic_rank_gates=72 paired_macros=134 conditional_clean=true
FOLD20_T10_RANK4 j=0 last=true low=true old_ops=7027 ops=5203
RANK4_LOWER class=4 original_ops=7613 new_ops=5629 symbolic_rank_gates=72 paired_macros=134 conditional_clean=true
RANK4_LOWER class=4 original_ops=8443 new_ops=6205 symbolic_rank_gates=72 paired_macros=134 conditional_clean=true
FOLD20_T10_RANK4 j=1 last=true low=true old_ops=7613 ops=5629
FOLD20_T10_RANK4 j=2 last=true low=true old_ops=8443 ops=6205
RANK4_LOWER class=3 original_ops=44885 new_ops=39673 symbolic_rank_gates=608 paired_macros=676 conditional_clean=true
RANK4_LOWER class=3 original_ops=44589 new_ops=39677 symbolic_rank_gates=608 paired_macros=676 conditional_clean=true
FOLD20_T10_RANK4 j=3 last=false low=true old_ops=44885 ops=39673
FOLD20_T10_RANK4 j=1 last=false low=true old_ops=44589 ops=39677
FOLD20_PASSIVE_LOWER old=544 new=872 macros=6 gathers=0
FOLD20_PASSIVE_LOWER old=260 new=664 macros=6 gathers=0
FOLD20_PASSIVE_LOWER old=688 new=1138 macros=8 gathers=0
RANK4_LOWER class=3 original_ops=69029 new_ops=60989 symbolic_rank_gates=800 paired_macros=906 conditional_clean=true
FOLD20_T10_RANK4 j=0 last=false low=true old_ops=69029 ops=60989
FOLD20_PASSIVE_LOWER old=260 new=664 macros=6 gathers=0
FOLD20_PASSIVE_LOWER old=326 new=3110 macros=9 gathers=0
RANK4_LOWER class=3 original_ops=68763 new_ops=60997 symbolic_rank_gates=800 paired_macros=906 conditional_clean=true
FOLD20_T10_RANK4 j=2 last=false low=true old_ops=68763 ops=60997
FOLD20_PASSIVE_LOWER old=544 new=872 macros=6 gathers=0
FOLD20_PASSIVE_LOWER old=1082 new=6864 macros=22 gathers=0
FOLD20_PASSIVE_LOWER old=544 new=872 macros=6 gathers=0
FOLD20_PASSIVE_LOWER old=260 new=664 macros=6 gathers=0
FOLD20_PASSIVE_LOWER old=260 new=664 macros=6 gathers=0
FOLD20_PASSIVE_LOWER old=0 new=0 macros=0 gathers=0
FOLD20_PASSIVE_LOWER old=0 new=0 macros=0 gathers=0
RANK4_LOWER class=4 original_ops=5347 new_ops=4191 symbolic_rank_gates=48 paired_macros=62 conditional_clean=true
FOLD20_T10_RANK4 j=3 last=true low=true old_ops=5347 ops=4191
RANK4_LOWER class=4 original_ops=7157 new_ops=5309 symbolic_rank_gates=72 paired_macros=134 conditional_clean=true
FOLD20_T10_RANK4 j=0 last=true low=true old_ops=7157 ops=5309
RANK4_LOWER class=4 original_ops=7743 new_ops=5735 symbolic_rank_gates=72 paired_macros=134 conditional_clean=true
FOLD20_T10_RANK4 j=1 last=true low=true old_ops=7743 ops=5735
RANK4_LOWER class=4 original_ops=8573 new_ops=6311 symbolic_rank_gates=72 paired_macros=134 conditional_clean=true
FOLD20_T10_RANK4 j=2 last=true low=true old_ops=8573 ops=6311
RANK4_LOWER class=3 original_ops=44821 new_ops=39885 symbolic_rank_gates=608 paired_macros=676 conditional_clean=true
FOLD20_T10_RANK4 j=1 last=false low=true old_ops=44821 ops=39885
RANK4_LOWER class=3 original_ops=45117 new_ops=39881 symbolic_rank_gates=608 paired_macros=676 conditional_clean=true
FOLD20_T10_RANK4 j=3 last=false low=true old_ops=45117 ops=39881
FOLD20_PASSIVE_LOWER old=544 new=872 macros=6 gathers=0
FOLD20_PASSIVE_LOWER old=260 new=664 macros=6 gathers=0
FOLD20_PASSIVE_LOWER old=688 new=1138 macros=8 gathers=0
RANK4_LOWER class=3 original_ops=68995 new_ops=61205 symbolic_rank_gates=800 paired_macros=906 conditional_clean=true
FOLD20_PASSIVE_LOWER old=260 new=664 macros=6 gathers=0
FOLD20_T10_RANK4 j=2 last=false low=true old_ops=68995 ops=61205
FOLD20_PASSIVE_LOWER old=326 new=3110 macros=9 gathers=0
RANK4_LOWER class=3 original_ops=69261 new_ops=61197 symbolic_rank_gates=800 paired_macros=906 conditional_clean=true
FOLD20_T10_RANK4 j=0 last=false low=true old_ops=69261 ops=61197
FOLD20_PASSIVE_LOWER old=544 new=872 macros=6 gathers=0
FOLD20_PASSIVE_LOWER old=1082 new=6864 macros=22 gathers=0
FOLD20_PASSIVE_LOWER old=260 new=664 macros=6 gathers=0
FOLD20_PASSIVE_LOWER old=0 new=0 macros=0 gathers=0
FOLD20_PASSIVE_LOWER old=544 new=872 macros=6 gathers=0
FOLD20_PASSIVE_LOWER old=260 new=664 macros=6 gathers=0
FOLD20_PASSIVE_LOWER old=0 new=0 macros=0 gathers=0
RANK4_LOWER class=4 original_ops=5451 new_ops=4279 symbolic_rank_gates=48 paired_macros=62 conditional_clean=true
FOLD20_T10_RANK4 j=3 last=true low=true old_ops=5451 ops=4279
RANK4_LOWER class=4 original_ops=7261 new_ops=5397 symbolic_rank_gates=72 paired_macros=134 conditional_clean=true
FOLD20_T10_RANK4 j=0 last=true low=true old_ops=7261 ops=5397
RANK4_LOWER class=4 original_ops=7847 new_ops=5823 symbolic_rank_gates=72 paired_macros=134 conditional_clean=true
FOLD20_T10_RANK4 j=1 last=true low=true old_ops=7847 ops=5823
RANK4_LOWER class=4 original_ops=8677 new_ops=6399 symbolic_rank_gates=72 paired_macros=134 conditional_clean=true
FOLD20_T10_RANK4 j=2 last=true low=true old_ops=8677 ops=6399
RANK4_LOWER class=3 original_ops=45353 new_ops=40077 symbolic_rank_gates=608 paired_macros=676 conditional_clean=true
FOLD20_T10_RANK4 j=3 last=false low=true old_ops=45353 ops=40077
RANK4_LOWER class=3 original_ops=45057 new_ops=40081 symbolic_rank_gates=608 paired_macros=676 conditional_clean=true
FOLD20_T10_RANK4 j=1 last=false low=true old_ops=45057 ops=40081
FOLD20_PASSIVE_LOWER old=544 new=872 macros=6 gathers=0
FOLD20_PASSIVE_LOWER old=688 new=1138 macros=8 gathers=0
FOLD20_PASSIVE_LOWER old=260 new=664 macros=6 gathers=0
FOLD20_PASSIVE_LOWER old=260 new=664 macros=6 gathers=0
FOLD20_PASSIVE_LOWER old=326 new=3110 macros=9 gathers=0
RANK4_LOWER class=3 original_ops=69231 new_ops=61401 symbolic_rank_gates=800 paired_macros=906 conditional_clean=true
FOLD20_T10_RANK4 j=2 last=false low=true old_ops=69231 ops=61401
FOLD20_PASSIVE_LOWER old=1082 new=6864 macros=22 gathers=0
FOLD20_PASSIVE_LOWER old=544 new=872 macros=6 gathers=0
FOLD20_PASSIVE_LOWER old=260 new=664 macros=6 gathers=0
FOLD20_PASSIVE_LOWER old=0 new=0 macros=0 gathers=0
RANK4_LOWER class=3 original_ops=69497 new_ops=61393 symbolic_rank_gates=800 paired_macros=906 conditional_clean=true
FOLD20_T10_RANK4 j=0 last=false low=true old_ops=69497 ops=61393
FOLD20_PASSIVE_LOWER old=544 new=872 macros=6 gathers=0
FOLD20_PASSIVE_LOWER old=260 new=664 macros=6 gathers=0
FOLD20_PASSIVE_LOWER old=0 new=0 macros=0 gathers=0
RANK4_LOWER class=4 original_ops=5561 new_ops=4373 symbolic_rank_gates=48 paired_macros=62 conditional_clean=true
FOLD20_T10_RANK4 j=3 last=true low=true old_ops=5561 ops=4373
RANK4_LOWER class=4 original_ops=7957 new_ops=5917 symbolic_rank_gates=72 paired_macros=134 conditional_clean=true
FOLD20_T10_RANK4 j=1 last=true low=true old_ops=7957 ops=5917
RANK4_LOWER class=4 original_ops=7371 new_ops=5491 symbolic_rank_gates=72 paired_macros=134 conditional_clean=true
FOLD20_T10_RANK4 j=0 last=true low=true old_ops=7371 ops=5491
RANK4_LOWER class=4 original_ops=8787 new_ops=6493 symbolic_rank_gates=72 paired_macros=134 conditional_clean=true
FOLD20_T10_RANK4 j=2 last=true low=true old_ops=8787 ops=6493
RANK4_LOWER class=3 original_ops=45585 new_ops=40277 symbolic_rank_gates=608 paired_macros=676 conditional_clean=true
FOLD20_T10_RANK4 j=3 last=false low=true old_ops=45585 ops=40277
RANK4_LOWER class=3 original_ops=45289 new_ops=40281 symbolic_rank_gates=608 paired_macros=676 conditional_clean=true
FOLD20_T10_RANK4 j=1 last=false low=true old_ops=45289 ops=40281
FOLD20_PASSIVE_LOWER old=544 new=872 macros=6 gathers=0
FOLD20_PASSIVE_LOWER old=688 new=1138 macros=8 gathers=0
FOLD20_PASSIVE_LOWER old=260 new=664 macros=6 gathers=0
FOLD20_PASSIVE_LOWER old=260 new=664 macros=6 gathers=0
RANK4_LOWER class=3 original_ops=69463 new_ops=61601 symbolic_rank_gates=800 paired_macros=906 conditional_clean=true
FOLD20_T10_RANK4 j=2 last=false low=true old_ops=69463 ops=61601
RANK4_LOWER class=3 original_ops=69729 new_ops=61593 symbolic_rank_gates=800 paired_macros=906 conditional_clean=true
FOLD20_T10_RANK4 j=0 last=false low=true old_ops=69729 ops=61593
FOLD20_PASSIVE_LOWER old=326 new=3110 macros=9 gathers=0
FOLD20_PASSIVE_LOWER old=1082 new=6864 macros=22 gathers=0
FOLD20_PASSIVE_LOWER old=544 new=872 macros=6 gathers=0
FOLD20_PASSIVE_LOWER old=544 new=872 macros=6 gathers=0
FOLD20_PASSIVE_LOWER old=260 new=664 macros=6 gathers=0
FOLD20_PASSIVE_LOWER old=260 new=664 macros=6 gathers=0
FOLD20_PASSIVE_LOWER old=0 new=0 macros=0 gathers=0
FOLD20_PASSIVE_LOWER old=0 new=0 macros=0 gathers=0
RANK4_LOWER class=4 original_ops=5665 new_ops=4461 symbolic_rank_gates=48 paired_macros=62 conditional_clean=true
FOLD20_T10_RANK4 j=3 last=true low=true old_ops=5665 ops=4461
RANK4_LOWER class=4 original_ops=7475 new_ops=5579 symbolic_rank_gates=72 paired_macros=134 conditional_clean=true
FOLD20_T10_RANK4 j=0 last=true low=true old_ops=7475 ops=5579
RANK4_LOWER class=4 original_ops=8061 new_ops=6005 symbolic_rank_gates=72 paired_macros=134 conditional_clean=true
FOLD20_T10_RANK4 j=1 last=true low=true old_ops=8061 ops=6005
RANK4_LOWER class=4 original_ops=8891 new_ops=6581 symbolic_rank_gates=72 paired_macros=134 conditional_clean=true
FOLD20_T10_RANK4 j=2 last=true low=true old_ops=8891 ops=6581
RANK4_LOWER class=3 original_ops=45813 new_ops=40473 symbolic_rank_gates=608 paired_macros=676 conditional_clean=true
FOLD20_T10_RANK4 j=3 last=false low=true old_ops=45813 ops=40473
RANK4_LOWER class=3 original_ops=45517 new_ops=40477 symbolic_rank_gates=608 paired_macros=676 conditional_clean=true
FOLD20_T10_RANK4 j=1 last=false low=true old_ops=45517 ops=40477
FOLD20_PASSIVE_LOWER old=688 new=1138 macros=8 gathers=0
FOLD20_PASSIVE_LOWER old=544 new=872 macros=6 gathers=0
FOLD20_PASSIVE_LOWER old=260 new=664 macros=6 gathers=0
FOLD20_PASSIVE_LOWER old=260 new=664 macros=6 gathers=0
RANK4_LOWER class=3 original_ops=69691 new_ops=61797 symbolic_rank_gates=800 paired_macros=906 conditional_clean=true
FOLD20_T10_RANK4 j=2 last=false low=true old_ops=69691 ops=61797
FOLD20_PASSIVE_LOWER old=326 new=3110 macros=9 gathers=0
FOLD20_PASSIVE_LOWER old=1082 new=6864 macros=22 gathers=0
RANK4_LOWER class=3 original_ops=69957 new_ops=61789 symbolic_rank_gates=800 paired_macros=906 conditional_clean=true
FOLD20_T10_RANK4 j=0 last=false low=true old_ops=69957 ops=61789
FOLD20_PASSIVE_LOWER old=544 new=872 macros=6 gathers=0
FOLD20_PASSIVE_LOWER old=260 new=664 macros=6 gathers=0
FOLD20_PASSIVE_LOWER old=0 new=0 macros=0 gathers=0
FOLD20_PASSIVE_LOWER old=544 new=872 macros=6 gathers=0
FOLD20_PASSIVE_LOWER old=260 new=664 macros=6 gathers=0
FOLD20_PASSIVE_LOWER old=0 new=0 macros=0 gathers=0
RANK4_LOWER class=4 original_ops=5791 new_ops=4563 symbolic_rank_gates=48 paired_macros=62 conditional_clean=true
FOLD20_T10_RANK4 j=3 last=true low=true old_ops=5791 ops=4563
RANK4_LOWER class=4 original_ops=7601 new_ops=5681 symbolic_rank_gates=72 paired_macros=134 conditional_clean=true
FOLD20_T10_RANK4 j=0 last=true low=true old_ops=7601 ops=5681
RANK4_LOWER class=4 original_ops=8187 new_ops=6107 symbolic_rank_gates=72 paired_macros=134 conditional_clean=true
FOLD20_T10_RANK4 j=1 last=true low=true old_ops=8187 ops=6107
RANK4_LOWER class=4 original_ops=9017 new_ops=6683 symbolic_rank_gates=72 paired_macros=134 conditional_clean=true
FOLD20_T10_RANK4 j=2 last=true low=true old_ops=9017 ops=6683
RANK4_LOWER class=3 original_ops=45745 new_ops=40681 symbolic_rank_gates=608 paired_macros=676 conditional_clean=true
FOLD20_T10_RANK4 j=1 last=false low=true old_ops=45745 ops=40681
RANK4_LOWER class=3 original_ops=46041 new_ops=40677 symbolic_rank_gates=608 paired_macros=676 conditional_clean=true
FOLD20_T10_RANK4 j=3 last=false low=true old_ops=46041 ops=40677
FOLD20_PASSIVE_LOWER old=544 new=872 macros=6 gathers=0
FOLD20_PASSIVE_LOWER old=260 new=664 macros=6 gathers=0
FOLD20_PASSIVE_LOWER old=688 new=1138 macros=8 gathers=0
FOLD20_PASSIVE_LOWER old=260 new=664 macros=6 gathers=0
RANK4_LOWER class=3 original_ops=70185 new_ops=61993 symbolic_rank_gates=800 paired_macros=906 conditional_clean=true
FOLD20_T10_RANK4 j=0 last=false low=true old_ops=70185 ops=61993
RANK4_LOWER class=3 original_ops=69919 new_ops=62001 symbolic_rank_gates=800 paired_macros=906 conditional_clean=true
FOLD20_T10_RANK4 j=2 last=false low=true old_ops=69919 ops=62001
FOLD20_PASSIVE_LOWER old=326 new=3110 macros=9 gathers=0
FOLD20_PASSIVE_LOWER old=1082 new=6864 macros=22 gathers=0
FOLD20_PASSIVE_LOWER old=544 new=872 macros=6 gathers=0
FOLD20_PASSIVE_LOWER old=544 new=872 macros=6 gathers=0
FOLD20_PASSIVE_LOWER old=260 new=664 macros=6 gathers=0
FOLD20_PASSIVE_LOWER old=260 new=664 macros=6 gathers=0
FOLD20_PASSIVE_LOWER old=0 new=0 macros=0 gathers=0
FOLD20_PASSIVE_LOWER old=0 new=0 macros=0 gathers=0
RANK4_LOWER class=4 original_ops=5895 new_ops=4651 symbolic_rank_gates=48 paired_macros=62 conditional_clean=true
FOLD20_T10_RANK4 j=3 last=true low=true old_ops=5895 ops=4651
RANK4_LOWER class=4 original_ops=7705 new_ops=5769 symbolic_rank_gates=72 paired_macros=134 conditional_clean=true
FOLD20_T10_RANK4 j=0 last=true low=true old_ops=7705 ops=5769
RANK4_LOWER class=4 original_ops=9121 new_ops=6771 symbolic_rank_gates=72 paired_macros=134 conditional_clean=true
FOLD20_T10_RANK4 j=2 last=true low=true old_ops=9121 ops=6771
RANK4_LOWER class=4 original_ops=8291 new_ops=6195 symbolic_rank_gates=72 paired_macros=134 conditional_clean=true
FOLD20_T10_RANK4 j=1 last=true low=true old_ops=8291 ops=6195
RANK4_LOWER class=3 original_ops=46269 new_ops=40873 symbolic_rank_gates=608 paired_macros=676 conditional_clean=true
FOLD20_T10_RANK4 j=3 last=false low=true old_ops=46269 ops=40873
RANK4_LOWER class=3 original_ops=45973 new_ops=40877 symbolic_rank_gates=608 paired_macros=676 conditional_clean=true
FOLD20_T10_RANK4 j=1 last=false low=true old_ops=45973 ops=40877
FOLD20_PASSIVE_LOWER old=688 new=1138 macros=8 gathers=0
FOLD20_PASSIVE_LOWER old=544 new=872 macros=6 gathers=0
FOLD20_PASSIVE_LOWER old=260 new=664 macros=6 gathers=0
RANK4_LOWER class=3 original_ops=70147 new_ops=62197 symbolic_rank_gates=800 paired_macros=906 conditional_clean=true
FOLD20_T10_RANK4 j=2 last=false low=true old_ops=70147 ops=62197
FOLD20_PASSIVE_LOWER old=260 new=664 macros=6 gathers=0
RANK4_LOWER class=3 original_ops=70413 new_ops=62189 symbolic_rank_gates=800 paired_macros=906 conditional_clean=true
FOLD20_T10_RANK4 j=0 last=false low=true old_ops=70413 ops=62189
FOLD20_PASSIVE_LOWER old=326 new=3110 macros=9 gathers=0
FOLD20_PASSIVE_LOWER old=1082 new=6864 macros=22 gathers=0
FOLD20_PASSIVE_LOWER old=544 new=872 macros=6 gathers=0
FOLD20_PASSIVE_LOWER old=260 new=664 macros=6 gathers=0
FOLD20_PASSIVE_LOWER old=544 new=872 macros=6 gathers=0
FOLD20_PASSIVE_LOWER old=0 new=0 macros=0 gathers=0
FOLD20_PASSIVE_LOWER old=260 new=664 macros=6 gathers=0
FOLD20_PASSIVE_LOWER old=0 new=0 macros=0 gathers=0
RANK4_LOWER class=4 original_ops=6005 new_ops=4745 symbolic_rank_gates=48 paired_macros=62 conditional_clean=true
FOLD20_T10_RANK4 j=3 last=true low=true old_ops=6005 ops=4745
RANK4_LOWER class=4 original_ops=8401 new_ops=6289 symbolic_rank_gates=72 paired_macros=134 conditional_clean=true
FOLD20_T10_RANK4 j=1 last=true low=true old_ops=8401 ops=6289
RANK4_LOWER class=4 original_ops=7815 new_ops=5863 symbolic_rank_gates=72 paired_macros=134 conditional_clean=true
FOLD20_T10_RANK4 j=0 last=true low=true old_ops=7815 ops=5863
RANK4_LOWER class=4 original_ops=9231 new_ops=6865 symbolic_rank_gates=72 paired_macros=134 conditional_clean=true
FOLD20_T10_RANK4 j=2 last=true low=true old_ops=9231 ops=6865
RANK4_LOWER class=3 original_ops=46493 new_ops=41073 symbolic_rank_gates=608 paired_macros=676 conditional_clean=true
FOLD20_T10_RANK4 j=3 last=false low=true old_ops=46493 ops=41073
RANK4_LOWER class=3 original_ops=46197 new_ops=41077 symbolic_rank_gates=608 paired_macros=676 conditional_clean=true
FOLD20_T10_RANK4 j=1 last=false low=true old_ops=46197 ops=41077
FOLD20_PASSIVE_LOWER old=688 new=1138 macros=8 gathers=0
FOLD20_PASSIVE_LOWER old=260 new=664 macros=6 gathers=0
FOLD20_PASSIVE_LOWER old=544 new=872 macros=6 gathers=0
FOLD20_PASSIVE_LOWER old=260 new=664 macros=6 gathers=0
FOLD20_PASSIVE_LOWER old=326 new=3110 macros=9 gathers=0
FOLD20_PASSIVE_LOWER old=1082 new=6864 macros=22 gathers=0
RANK4_LOWER class=3 original_ops=70637 new_ops=62389 symbolic_rank_gates=800 paired_macros=906 conditional_clean=true
FOLD20_T10_RANK4 j=0 last=false low=true old_ops=70637 ops=62389
RANK4_LOWER class=3 original_ops=70371 new_ops=62397 symbolic_rank_gates=800 paired_macros=906 conditional_clean=true
FOLD20_T10_RANK4 j=2 last=false low=true old_ops=70371 ops=62397
FOLD20_PASSIVE_LOWER old=544 new=872 macros=6 gathers=0
FOLD20_PASSIVE_LOWER old=544 new=872 macros=6 gathers=0
FOLD20_PASSIVE_LOWER old=260 new=664 macros=6 gathers=0
FOLD20_PASSIVE_LOWER old=260 new=664 macros=6 gathers=0
FOLD20_PASSIVE_LOWER old=0 new=0 macros=0 gathers=0
FOLD20_PASSIVE_LOWER old=0 new=0 macros=0 gathers=0
RANK4_LOWER class=4 original_ops=6145 new_ops=4857 symbolic_rank_gates=48 paired_macros=62 conditional_clean=true
FOLD20_T10_RANK4 j=3 last=true low=true old_ops=6145 ops=4857
RANK4_LOWER class=4 original_ops=8541 new_ops=6401 symbolic_rank_gates=72 paired_macros=134 conditional_clean=true
FOLD20_T10_RANK4 j=1 last=true low=true old_ops=8541 ops=6401
RANK4_LOWER class=4 original_ops=7955 new_ops=5975 symbolic_rank_gates=72 paired_macros=134 conditional_clean=true
FOLD20_T10_RANK4 j=0 last=true low=true old_ops=7955 ops=5975
RANK4_LOWER class=4 original_ops=9371 new_ops=6977 symbolic_rank_gates=72 paired_macros=134 conditional_clean=true
FOLD20_T10_RANK4 j=2 last=true low=true old_ops=9371 ops=6977
RANK4_LOWER class=3 original_ops=47085 new_ops=41521 symbolic_rank_gates=608 paired_macros=676 conditional_clean=true
FOLD20_T10_RANK4 j=3 last=false low=true old_ops=47085 ops=41521
RANK4_LOWER class=3 original_ops=46789 new_ops=41525 symbolic_rank_gates=608 paired_macros=676 conditional_clean=true
FOLD20_T10_RANK4 j=1 last=false low=true old_ops=46789 ops=41525
FOLD20_PASSIVE_LOWER old=688 new=1138 macros=8 gathers=0
FOLD20_PASSIVE_LOWER old=260 new=664 macros=6 gathers=0
FOLD20_PASSIVE_LOWER old=544 new=872 macros=6 gathers=0
RANK4_LOWER class=3 original_ops=70963 new_ops=62845 symbolic_rank_gates=800 paired_macros=906 conditional_clean=true
FOLD20_T10_RANK4 j=2 last=false low=true old_ops=70963 ops=62845
RANK4_LOWER class=3 original_ops=71229 new_ops=62837 symbolic_rank_gates=800 paired_macros=906 conditional_clean=true
FOLD20_PASSIVE_LOWER old=260 new=664 macros=6 gathers=0
FOLD20_T10_RANK4 j=0 last=false low=true old_ops=71229 ops=62837
FOLD20_PASSIVE_LOWER old=326 new=3110 macros=9 gathers=0
FOLD20_PASSIVE_LOWER old=1082 new=6864 macros=22 gathers=0
FOLD20_PASSIVE_LOWER old=544 new=872 macros=6 gathers=0
FOLD20_PASSIVE_LOWER old=544 new=872 macros=6 gathers=0
FOLD20_PASSIVE_LOWER old=260 new=664 macros=6 gathers=0
FOLD20_PASSIVE_LOWER old=260 new=664 macros=6 gathers=0
FOLD20_PASSIVE_LOWER old=0 new=0 macros=0 gathers=0
FOLD20_PASSIVE_LOWER old=0 new=0 macros=0 gathers=0
RANK4_LOWER class=4 original_ops=6287 new_ops=4975 symbolic_rank_gates=48 paired_macros=62 conditional_clean=true
FOLD20_T10_RANK4 j=3 last=true low=true old_ops=6287 ops=4975
RANK4_LOWER class=4 original_ops=8097 new_ops=6093 symbolic_rank_gates=72 paired_macros=134 conditional_clean=true
FOLD20_T10_RANK4 j=0 last=true low=true old_ops=8097 ops=6093
RANK4_LOWER class=4 original_ops=8683 new_ops=6519 symbolic_rank_gates=72 paired_macros=134 conditional_clean=true
FOLD20_T10_RANK4 j=1 last=true low=true old_ops=8683 ops=6519
RANK4_LOWER class=4 original_ops=9513 new_ops=7095 symbolic_rank_gates=72 paired_macros=134 conditional_clean=true
FOLD20_T10_RANK4 j=2 last=true low=true old_ops=9513 ops=7095
RANK4_LOWER class=3 original_ops=47337 new_ops=41749 symbolic_rank_gates=608 paired_macros=676 conditional_clean=true
RANK4_LOWER class=3 original_ops=47041 new_ops=41753 symbolic_rank_gates=608 paired_macros=676 conditional_clean=true
FOLD20_T10_RANK4 j=3 last=false low=true old_ops=47337 ops=41749
FOLD20_T10_RANK4 j=1 last=false low=true old_ops=47041 ops=41753
FOLD20_PASSIVE_LOWER old=544 new=872 macros=6 gathers=0
FOLD20_PASSIVE_LOWER old=260 new=664 macros=6 gathers=0
FOLD20_PASSIVE_LOWER old=688 new=1138 macros=8 gathers=0
FOLD20_PASSIVE_LOWER old=260 new=664 macros=6 gathers=0
FOLD20_PASSIVE_LOWER old=326 new=3110 macros=9 gathers=0
RANK4_LOWER class=3 original_ops=71215 new_ops=63073 symbolic_rank_gates=800 paired_macros=906 conditional_clean=true
FOLD20_T10_RANK4 j=2 last=false low=true old_ops=71215 ops=63073
RANK4_LOWER class=3 original_ops=71481 new_ops=63065 symbolic_rank_gates=800 paired_macros=906 conditional_clean=true
FOLD20_T10_RANK4 j=0 last=false low=true old_ops=71481 ops=63065
FOLD20_PASSIVE_LOWER old=1082 new=6864 macros=22 gathers=0
FOLD20_PASSIVE_LOWER old=544 new=872 macros=6 gathers=0
FOLD20_PASSIVE_LOWER old=260 new=664 macros=6 gathers=0
FOLD20_PASSIVE_LOWER old=0 new=0 macros=0 gathers=0
FOLD20_PASSIVE_LOWER old=544 new=872 macros=6 gathers=0
FOLD20_PASSIVE_LOWER old=260 new=664 macros=6 gathers=0
FOLD20_PASSIVE_LOWER old=0 new=0 macros=0 gathers=0
RANK4_LOWER class=4 original_ops=6391 new_ops=5063 symbolic_rank_gates=48 paired_macros=62 conditional_clean=true
FOLD20_T10_RANK4 j=3 last=true low=true old_ops=6391 ops=5063
RANK4_LOWER class=4 original_ops=8201 new_ops=6181 symbolic_rank_gates=72 paired_macros=134 conditional_clean=true
FOLD20_T10_RANK4 j=0 last=true low=true old_ops=8201 ops=6181
RANK4_LOWER class=4 original_ops=9617 new_ops=7183 symbolic_rank_gates=72 paired_macros=134 conditional_clean=true
RANK4_LOWER class=4 original_ops=8787 new_ops=6607 symbolic_rank_gates=72 paired_macros=134 conditional_clean=true
FOLD20_T10_RANK4 j=2 last=true low=true old_ops=9617 ops=7183
FOLD20_T10_RANK4 j=1 last=true low=true old_ops=8787 ops=6607
RANK4_LOWER class=3 original_ops=47301 new_ops=41965 symbolic_rank_gates=608 paired_macros=676 conditional_clean=true
FOLD20_T10_RANK4 j=1 last=false low=true old_ops=47301 ops=41965
RANK4_LOWER class=3 original_ops=47597 new_ops=41961 symbolic_rank_gates=608 paired_macros=676 conditional_clean=true
FOLD20_T10_RANK4 j=3 last=false low=true old_ops=47597 ops=41961
FOLD20_PASSIVE_LOWER old=544 new=872 macros=6 gathers=0
FOLD20_PASSIVE_LOWER old=260 new=664 macros=6 gathers=0
FOLD20_PASSIVE_LOWER old=326 new=3110 macros=9 gathers=0
RANK4_LOWER class=3 original_ops=71475 new_ops=63285 symbolic_rank_gates=800 paired_macros=906 conditional_clean=true
FOLD20_T10_RANK4 j=2 last=false low=true old_ops=71475 ops=63285
FOLD20_PASSIVE_LOWER old=688 new=1138 macros=8 gathers=0
FOLD20_PASSIVE_LOWER old=260 new=664 macros=6 gathers=0
FOLD20_PASSIVE_LOWER old=544 new=872 macros=6 gathers=0
FOLD20_PASSIVE_LOWER old=260 new=664 macros=6 gathers=0
FOLD20_PASSIVE_LOWER old=1082 new=6864 macros=22 gathers=0
FOLD20_PASSIVE_LOWER old=0 new=0 macros=0 gathers=0
RANK4_LOWER class=3 original_ops=71741 new_ops=63277 symbolic_rank_gates=800 paired_macros=906 conditional_clean=true
FOLD20_T10_RANK4 j=0 last=false low=true old_ops=71741 ops=63277
FOLD20_PASSIVE_LOWER old=544 new=872 macros=6 gathers=0
FOLD20_PASSIVE_LOWER old=260 new=664 macros=6 gathers=0
FOLD20_PASSIVE_LOWER old=0 new=0 macros=0 gathers=0
RANK4_LOWER class=4 original_ops=6501 new_ops=5157 symbolic_rank_gates=48 paired_macros=62 conditional_clean=true
FOLD20_T10_RANK4 j=3 last=true low=true old_ops=6501 ops=5157
RANK4_LOWER class=4 original_ops=8311 new_ops=6275 symbolic_rank_gates=72 paired_macros=134 conditional_clean=true
FOLD20_T10_RANK4 j=0 last=true low=true old_ops=8311 ops=6275
RANK4_LOWER class=4 original_ops=9727 new_ops=7277 symbolic_rank_gates=72 paired_macros=134 conditional_clean=true
FOLD20_T10_RANK4 j=2 last=true low=true old_ops=9727 ops=7277
RANK4_LOWER class=4 original_ops=8897 new_ops=6701 symbolic_rank_gates=72 paired_macros=134 conditional_clean=true
FOLD20_T10_RANK4 j=1 last=true low=true old_ops=8897 ops=6701
RANK4_LOWER class=3 original_ops=47853 new_ops=42177 symbolic_rank_gates=608 paired_macros=676 conditional_clean=true
FOLD20_T10_RANK4 j=3 last=false low=true old_ops=47853 ops=42177
RANK4_LOWER class=3 original_ops=47557 new_ops=42181 symbolic_rank_gates=608 paired_macros=676 conditional_clean=true
FOLD20_T10_RANK4 j=1 last=false low=true old_ops=47557 ops=42181
FOLD20_PASSIVE_LOWER old=688 new=1138 macros=8 gathers=0
FOLD20_PASSIVE_LOWER old=260 new=664 macros=6 gathers=0
FOLD20_PASSIVE_LOWER old=544 new=872 macros=6 gathers=0
RANK4_LOWER class=3 original_ops=71731 new_ops=63501 symbolic_rank_gates=800 paired_macros=906 conditional_clean=true
RANK4_LOWER class=3 original_ops=71997 new_ops=63493 symbolic_rank_gates=800 paired_macros=906 conditional_clean=true
FOLD20_T10_RANK4 j=2 last=false low=true old_ops=71731 ops=63501
FOLD20_T10_RANK4 j=0 last=false low=true old_ops=71997 ops=63493
FOLD20_PASSIVE_LOWER old=260 new=664 macros=6 gathers=0
FOLD20_PASSIVE_LOWER old=1082 new=6864 macros=22 gathers=0
FOLD20_PASSIVE_LOWER old=326 new=3110 macros=9 gathers=0
FOLD20_PASSIVE_LOWER old=544 new=872 macros=6 gathers=0
FOLD20_PASSIVE_LOWER old=544 new=872 macros=6 gathers=0
FOLD20_PASSIVE_LOWER old=260 new=664 macros=6 gathers=0
FOLD20_PASSIVE_LOWER old=260 new=664 macros=6 gathers=0
FOLD20_PASSIVE_LOWER old=0 new=0 macros=0 gathers=0
FOLD20_PASSIVE_LOWER old=0 new=0 macros=0 gathers=0
RANK4_LOWER class=4 original_ops=6605 new_ops=5245 symbolic_rank_gates=48 paired_macros=62 conditional_clean=true
FOLD20_T10_RANK4 j=3 last=true low=true old_ops=6605 ops=5245
RANK4_LOWER class=4 original_ops=8415 new_ops=6363 symbolic_rank_gates=72 paired_macros=134 conditional_clean=true
FOLD20_T10_RANK4 j=0 last=true low=true old_ops=8415 ops=6363
RANK4_LOWER class=4 original_ops=9001 new_ops=6789 symbolic_rank_gates=72 paired_macros=134 conditional_clean=true
FOLD20_T10_RANK4 j=1 last=true low=true old_ops=9001 ops=6789
RANK4_LOWER class=4 original_ops=9831 new_ops=7365 symbolic_rank_gates=72 paired_macros=134 conditional_clean=true
FOLD20_T10_RANK4 j=2 last=true low=true old_ops=9831 ops=7365
RANK4_LOWER class=3 original_ops=48105 new_ops=42389 symbolic_rank_gates=608 paired_macros=676 conditional_clean=true
FOLD20_T10_RANK4 j=3 last=false low=true old_ops=48105 ops=42389
RANK4_LOWER class=3 original_ops=47809 new_ops=42393 symbolic_rank_gates=608 paired_macros=676 conditional_clean=true
FOLD20_T10_RANK4 j=1 last=false low=true old_ops=47809 ops=42393
FOLD20_PASSIVE_LOWER old=544 new=872 macros=6 gathers=0
RANK4_LOWER class=3 original_ops=71983 new_ops=63713 symbolic_rank_gates=800 paired_macros=906 conditional_clean=true
FOLD20_T10_RANK4 j=2 last=false low=true old_ops=71983 ops=63713
FOLD20_PASSIVE_LOWER old=688 new=1138 macros=8 gathers=0
FOLD20_PASSIVE_LOWER old=260 new=664 macros=6 gathers=0
FOLD20_PASSIVE_LOWER old=260 new=664 macros=6 gathers=0
FOLD20_PASSIVE_LOWER old=326 new=3110 macros=9 gathers=0
RANK4_LOWER class=3 original_ops=72249 new_ops=63705 symbolic_rank_gates=800 paired_macros=906 conditional_clean=true
FOLD20_T10_RANK4 j=0 last=false low=true old_ops=72249 ops=63705
FOLD20_PASSIVE_LOWER old=544 new=872 macros=6 gathers=0
FOLD20_PASSIVE_LOWER old=260 new=664 macros=6 gathers=0
FOLD20_PASSIVE_LOWER old=1082 new=6864 macros=22 gathers=0
FOLD20_PASSIVE_LOWER old=0 new=0 macros=0 gathers=0
FOLD20_PASSIVE_LOWER old=544 new=872 macros=6 gathers=0
FOLD20_PASSIVE_LOWER old=260 new=664 macros=6 gathers=0
FOLD20_PASSIVE_LOWER old=0 new=0 macros=0 gathers=0
RANK4_LOWER class=4 original_ops=6739 new_ops=5351 symbolic_rank_gates=48 paired_macros=62 conditional_clean=true
FOLD20_T10_RANK4 j=3 last=true low=true old_ops=6739 ops=5351
RANK4_LOWER class=4 original_ops=8549 new_ops=6469 symbolic_rank_gates=72 paired_macros=134 conditional_clean=true
FOLD20_T10_RANK4 j=0 last=true low=true old_ops=8549 ops=6469
RANK4_LOWER class=4 original_ops=9135 new_ops=6895 symbolic_rank_gates=72 paired_macros=134 conditional_clean=true
FOLD20_T10_RANK4 j=1 last=true low=true old_ops=9135 ops=6895
RANK4_LOWER class=4 original_ops=9965 new_ops=7471 symbolic_rank_gates=72 paired_macros=134 conditional_clean=true
FOLD20_T10_RANK4 j=2 last=true low=true old_ops=9965 ops=7471
RANK4_LOWER class=3 original_ops=48357 new_ops=42609 symbolic_rank_gates=608 paired_macros=676 conditional_clean=true
FOLD20_T10_RANK4 j=3 last=false low=true old_ops=48357 ops=42609
RANK4_LOWER class=3 original_ops=48061 new_ops=42613 symbolic_rank_gates=608 paired_macros=676 conditional_clean=true
FOLD20_T10_RANK4 j=1 last=false low=true old_ops=48061 ops=42613
FOLD20_PASSIVE_LOWER old=688 new=1138 macros=8 gathers=0
FOLD20_PASSIVE_LOWER old=260 new=664 macros=6 gathers=0
RANK4_LOWER class=3 original_ops=72235 new_ops=63933 symbolic_rank_gates=800 paired_macros=906 conditional_clean=true
FOLD20_T10_RANK4 j=2 last=false low=true old_ops=72235 ops=63933
RANK4_LOWER class=3 original_ops=72501 new_ops=63925 symbolic_rank_gates=800 paired_macros=906 conditional_clean=true
FOLD20_T10_RANK4 j=0 last=false low=true old_ops=72501 ops=63925
FOLD20_PASSIVE_LOWER old=544 new=872 macros=6 gathers=0
FOLD20_PASSIVE_LOWER old=544 new=872 macros=6 gathers=0
FOLD20_PASSIVE_LOWER old=544 new=872 macros=6 gathers=0
FOLD20_PASSIVE_LOWER old=260 new=664 macros=6 gathers=0
FOLD20_PASSIVE_LOWER old=260 new=664 macros=6 gathers=0
FOLD20_PASSIVE_LOWER old=1082 new=6864 macros=22 gathers=0
FOLD20_PASSIVE_LOWER old=260 new=664 macros=6 gathers=0
FOLD20_PASSIVE_LOWER old=0 new=0 macros=0 gathers=0
FOLD20_PASSIVE_LOWER old=0 new=0 macros=0 gathers=0
FOLD20_PASSIVE_LOWER old=326 new=3110 macros=9 gathers=0
RANK4_LOWER class=4 original_ops=6843 new_ops=5439 symbolic_rank_gates=48 paired_macros=62 conditional_clean=true
FOLD20_T10_RANK4 j=3 last=true low=true old_ops=6843 ops=5439
RANK4_LOWER class=4 original_ops=8653 new_ops=6557 symbolic_rank_gates=72 paired_macros=134 conditional_clean=true
FOLD20_T10_RANK4 j=0 last=true low=true old_ops=8653 ops=6557
RANK4_LOWER class=4 original_ops=10069 new_ops=7559 symbolic_rank_gates=72 paired_macros=134 conditional_clean=true
FOLD20_T10_RANK4 j=2 last=true low=true old_ops=10069 ops=7559
RANK4_LOWER class=4 original_ops=9239 new_ops=6983 symbolic_rank_gates=72 paired_macros=134 conditional_clean=true
FOLD20_T10_RANK4 j=1 last=true low=true old_ops=9239 ops=6983
RANK4_LOWER class=3 original_ops=48313 new_ops=42825 symbolic_rank_gates=608 paired_macros=676 conditional_clean=true
FOLD20_T10_RANK4 j=1 last=false low=true old_ops=48313 ops=42825
RANK4_LOWER class=3 original_ops=48609 new_ops=42821 symbolic_rank_gates=608 paired_macros=676 conditional_clean=true
FOLD20_T10_RANK4 j=3 last=false low=true old_ops=48609 ops=42821
FOLD20_PASSIVE_LOWER old=544 new=872 macros=6 gathers=0
FOLD20_PASSIVE_LOWER old=260 new=664 macros=6 gathers=0
RANK4_LOWER class=3 original_ops=72487 new_ops=64145 symbolic_rank_gates=800 paired_macros=906 conditional_clean=true
FOLD20_T10_RANK4 j=2 last=false low=true old_ops=72487 ops=64145
FOLD20_PASSIVE_LOWER old=688 new=1138 macros=8 gathers=0
RANK4_LOWER class=3 original_ops=72753 new_ops=64137 symbolic_rank_gates=800 paired_macros=906 conditional_clean=true
FOLD20_T10_RANK4 j=0 last=false low=true old_ops=72753 ops=64137
FOLD20_PASSIVE_LOWER old=260 new=664 macros=6 gathers=0
FOLD20_PASSIVE_LOWER old=326 new=3110 macros=9 gathers=0
FOLD20_PASSIVE_LOWER old=544 new=872 macros=6 gathers=0
FOLD20_PASSIVE_LOWER old=544 new=872 macros=6 gathers=0
FOLD20_PASSIVE_LOWER old=260 new=664 macros=6 gathers=0
FOLD20_PASSIVE_LOWER old=260 new=664 macros=6 gathers=0
FOLD20_PASSIVE_LOWER old=0 new=0 macros=0 gathers=0
FOLD20_PASSIVE_LOWER old=0 new=0 macros=0 gathers=0
FOLD20_PASSIVE_LOWER old=1082 new=6864 macros=22 gathers=0
RANK4_LOWER class=4 original_ops=6953 new_ops=5533 symbolic_rank_gates=48 paired_macros=62 conditional_clean=true
FOLD20_T10_RANK4 j=3 last=true low=true old_ops=6953 ops=5533
RANK4_LOWER class=4 original_ops=9349 new_ops=7077 symbolic_rank_gates=72 paired_macros=134 conditional_clean=true
FOLD20_T10_RANK4 j=1 last=true low=true old_ops=9349 ops=7077
RANK4_LOWER class=4 original_ops=10179 new_ops=7653 symbolic_rank_gates=72 paired_macros=134 conditional_clean=true
FOLD20_T10_RANK4 j=2 last=true low=true old_ops=10179 ops=7653
RANK4_LOWER class=4 original_ops=8763 new_ops=6651 symbolic_rank_gates=72 paired_macros=134 conditional_clean=true
FOLD20_T10_RANK4 j=0 last=true low=true old_ops=8763 ops=6651
RANK4_LOWER class=3 original_ops=48857 new_ops=43039 symbolic_rank_gates=608 paired_macros=676 conditional_clean=true
FOLD20_T10_RANK4 j=3 last=false low=true old_ops=48857 ops=43039
RANK4_LOWER class=3 original_ops=48561 new_ops=43043 symbolic_rank_gates=608 paired_macros=676 conditional_clean=true
FOLD20_T10_RANK4 j=1 last=false low=true old_ops=48561 ops=43043
FOLD20_PASSIVE_LOWER old=544 new=872 macros=6 gathers=0
FOLD20_PASSIVE_LOWER old=688 new=1138 macros=8 gathers=0
FOLD20_PASSIVE_LOWER old=260 new=664 macros=6 gathers=0
FOLD20_PASSIVE_LOWER old=260 new=664 macros=6 gathers=0
RANK4_LOWER class=3 original_ops=72735 new_ops=64363 symbolic_rank_gates=800 paired_macros=906 conditional_clean=true
FOLD20_T10_RANK4 j=2 last=false low=true old_ops=72735 ops=64363
FOLD20_PASSIVE_LOWER old=326 new=3110 macros=9 gathers=0
RANK4_LOWER class=3 original_ops=73001 new_ops=64355 symbolic_rank_gates=800 paired_macros=906 conditional_clean=true
FOLD20_T10_RANK4 j=0 last=false low=true old_ops=73001 ops=64355
FOLD20_PASSIVE_LOWER old=1082 new=6864 macros=22 gathers=0
FOLD20_PASSIVE_LOWER old=544 new=872 macros=6 gathers=0
FOLD20_PASSIVE_LOWER old=260 new=664 macros=6 gathers=0
FOLD20_PASSIVE_LOWER old=0 new=0 macros=0 gathers=0
FOLD20_PASSIVE_LOWER old=544 new=872 macros=6 gathers=0
FOLD20_PASSIVE_LOWER old=260 new=664 macros=6 gathers=0
FOLD20_PASSIVE_LOWER old=0 new=0 macros=0 gathers=0
RANK4_LOWER class=4 original_ops=7057 new_ops=5621 symbolic_rank_gates=48 paired_macros=62 conditional_clean=true
FOLD20_T10_RANK4 j=3 last=true low=true old_ops=7057 ops=5621
RANK4_LOWER class=4 original_ops=9453 new_ops=7165 symbolic_rank_gates=72 paired_macros=134 conditional_clean=true
FOLD20_T10_RANK4 j=1 last=true low=true old_ops=9453 ops=7165
RANK4_LOWER class=4 original_ops=8867 new_ops=6739 symbolic_rank_gates=72 paired_macros=134 conditional_clean=true
FOLD20_T10_RANK4 j=0 last=true low=true old_ops=8867 ops=6739
RANK4_LOWER class=4 original_ops=10283 new_ops=7741 symbolic_rank_gates=72 paired_macros=134 conditional_clean=true
FOLD20_T10_RANK4 j=2 last=true low=true old_ops=10283 ops=7741
RANK4_LOWER class=3 original_ops=48805 new_ops=43255 symbolic_rank_gates=608 paired_macros=676 conditional_clean=true
FOLD20_T10_RANK4 j=1 last=false low=true old_ops=48805 ops=43255
RANK4_LOWER class=3 original_ops=49101 new_ops=43251 symbolic_rank_gates=608 paired_macros=676 conditional_clean=true
FOLD20_T10_RANK4 j=3 last=false low=true old_ops=49101 ops=43251
FOLD20_PASSIVE_LOWER old=544 new=872 macros=6 gathers=0
FOLD20_PASSIVE_LOWER old=260 new=664 macros=6 gathers=0
RANK4_LOWER class=3 original_ops=73245 new_ops=64567 symbolic_rank_gates=800 paired_macros=906 conditional_clean=true
FOLD20_T10_RANK4 j=0 last=false low=true old_ops=73245 ops=64567
RANK4_LOWER class=3 original_ops=72979 new_ops=64575 symbolic_rank_gates=800 paired_macros=906 conditional_clean=true
FOLD20_T10_RANK4 j=2 last=false low=true old_ops=72979 ops=64575
FOLD20_PASSIVE_LOWER old=688 new=1138 macros=8 gathers=0
FOLD20_PASSIVE_LOWER old=326 new=3110 macros=9 gathers=0
FOLD20_PASSIVE_LOWER old=260 new=664 macros=6 gathers=0
FOLD20_PASSIVE_LOWER old=544 new=872 macros=6 gathers=0
FOLD20_PASSIVE_LOWER old=544 new=872 macros=6 gathers=0
FOLD20_PASSIVE_LOWER old=260 new=664 macros=6 gathers=0
FOLD20_PASSIVE_LOWER old=260 new=664 macros=6 gathers=0
FOLD20_PASSIVE_LOWER old=0 new=0 macros=0 gathers=0
FOLD20_PASSIVE_LOWER old=1082 new=6864 macros=22 gathers=0
FOLD20_PASSIVE_LOWER old=0 new=0 macros=0 gathers=0
RANK4_LOWER class=4 original_ops=7191 new_ops=5731 symbolic_rank_gates=48 paired_macros=62 conditional_clean=true
FOLD20_T10_RANK4 j=3 last=true low=true old_ops=7191 ops=5731
RANK4_LOWER class=4 original_ops=9001 new_ops=6849 symbolic_rank_gates=72 paired_macros=134 conditional_clean=true
RANK4_LOWER class=4 original_ops=9587 new_ops=7275 symbolic_rank_gates=72 paired_macros=134 conditional_clean=true
FOLD20_T10_RANK4 j=0 last=true low=true old_ops=9001 ops=6849
FOLD20_T10_RANK4 j=1 last=true low=true old_ops=9587 ops=7275
RANK4_LOWER class=4 original_ops=10417 new_ops=7851 symbolic_rank_gates=72 paired_macros=134 conditional_clean=true
FOLD20_T10_RANK4 j=2 last=true low=true old_ops=10417 ops=7851
RANK4_LOWER class=3 original_ops=49053 new_ops=43479 symbolic_rank_gates=608 paired_macros=676 conditional_clean=true
FOLD20_T10_RANK4 j=1 last=false low=true old_ops=49053 ops=43479
RANK4_LOWER class=3 original_ops=49349 new_ops=43475 symbolic_rank_gates=608 paired_macros=676 conditional_clean=true
FOLD20_T10_RANK4 j=3 last=false low=true old_ops=49349 ops=43475
FOLD20_PASSIVE_LOWER old=544 new=872 macros=6 gathers=0
FOLD20_PASSIVE_LOWER old=260 new=664 macros=6 gathers=0
RANK4_LOWER class=3 original_ops=73227 new_ops=64799 symbolic_rank_gates=800 paired_macros=906 conditional_clean=true
FOLD20_T10_RANK4 j=2 last=false low=true old_ops=73227 ops=64799
FOLD20_PASSIVE_LOWER old=326 new=3110 macros=9 gathers=0
FOLD20_PASSIVE_LOWER old=688 new=1138 macros=8 gathers=0
FOLD20_PASSIVE_LOWER old=260 new=664 macros=6 gathers=0
FOLD20_PASSIVE_LOWER old=544 new=872 macros=6 gathers=0
RANK4_LOWER class=3 original_ops=73493 new_ops=64791 symbolic_rank_gates=800 paired_macros=906 conditional_clean=true
FOLD20_T10_RANK4 j=0 last=false low=true old_ops=73493 ops=64791
FOLD20_PASSIVE_LOWER old=260 new=664 macros=6 gathers=0
FOLD20_PASSIVE_LOWER old=0 new=0 macros=0 gathers=0
FOLD20_PASSIVE_LOWER old=1082 new=6864 macros=22 gathers=0
FOLD20_PASSIVE_LOWER old=544 new=872 macros=6 gathers=0
FOLD20_PASSIVE_LOWER old=260 new=664 macros=6 gathers=0
FOLD20_PASSIVE_LOWER old=0 new=0 macros=0 gathers=0
RANK4_LOWER class=4 original_ops=7295 new_ops=5819 symbolic_rank_gates=48 paired_macros=62 conditional_clean=true
FOLD20_T10_RANK4 j=3 last=true low=true old_ops=7295 ops=5819
RANK4_LOWER class=4 original_ops=9105 new_ops=6937 symbolic_rank_gates=72 paired_macros=134 conditional_clean=true
FOLD20_T10_RANK4 j=0 last=true low=true old_ops=9105 ops=6937
RANK4_LOWER class=4 original_ops=9691 new_ops=7363 symbolic_rank_gates=72 paired_macros=134 conditional_clean=true
FOLD20_T10_RANK4 j=1 last=true low=true old_ops=9691 ops=7363
RANK4_LOWER class=4 original_ops=10521 new_ops=7939 symbolic_rank_gates=72 paired_macros=134 conditional_clean=true
FOLD20_T10_RANK4 j=2 last=true low=true old_ops=10521 ops=7939
RANK4_LOWER class=3 original_ops=49601 new_ops=43687 symbolic_rank_gates=608 paired_macros=676 conditional_clean=true
FOLD20_T10_RANK4 j=3 last=false low=true old_ops=49601 ops=43687
RANK4_LOWER class=3 original_ops=49305 new_ops=43691 symbolic_rank_gates=608 paired_macros=676 conditional_clean=true
FOLD20_T10_RANK4 j=1 last=false low=true old_ops=49305 ops=43691
FOLD20_PASSIVE_LOWER old=688 new=1138 macros=8 gathers=0
FOLD20_PASSIVE_LOWER old=260 new=664 macros=6 gathers=0
FOLD20_PASSIVE_LOWER old=544 new=872 macros=6 gathers=0
RANK4_LOWER class=3 original_ops=73745 new_ops=65003 symbolic_rank_gates=800 paired_macros=906 conditional_clean=true
FOLD20_T10_RANK4 j=0 last=false low=true old_ops=73745 ops=65003
RANK4_LOWER class=3 original_ops=73479 new_ops=65011 symbolic_rank_gates=800 paired_macros=906 conditional_clean=true
FOLD20_T10_RANK4 j=2 last=false low=true old_ops=73479 ops=65011
FOLD20_PASSIVE_LOWER old=260 new=664 macros=6 gathers=0
FOLD20_PASSIVE_LOWER old=1082 new=6864 macros=22 gathers=0
FOLD20_PASSIVE_LOWER old=326 new=3110 macros=9 gathers=0
FOLD20_PASSIVE_LOWER old=544 new=872 macros=6 gathers=0
FOLD20_PASSIVE_LOWER old=260 new=664 macros=6 gathers=0
FOLD20_PASSIVE_LOWER old=544 new=872 macros=6 gathers=0
FOLD20_PASSIVE_LOWER old=0 new=0 macros=0 gathers=0
FOLD20_PASSIVE_LOWER old=260 new=664 macros=6 gathers=0
FOLD20_PASSIVE_LOWER old=0 new=0 macros=0 gathers=0
RANK4_LOWER class=4 original_ops=7405 new_ops=5913 symbolic_rank_gates=48 paired_macros=62 conditional_clean=true
FOLD20_T10_RANK4 j=3 last=true low=true old_ops=7405 ops=5913
RANK4_LOWER class=4 original_ops=9215 new_ops=7031 symbolic_rank_gates=72 paired_macros=134 conditional_clean=true
FOLD20_T10_RANK4 j=0 last=true low=true old_ops=9215 ops=7031
RANK4_LOWER class=4 original_ops=10631 new_ops=8033 symbolic_rank_gates=72 paired_macros=134 conditional_clean=true
FOLD20_T10_RANK4 j=2 last=true low=true old_ops=10631 ops=8033
RANK4_LOWER class=4 original_ops=9801 new_ops=7457 symbolic_rank_gates=72 paired_macros=134 conditional_clean=true
FOLD20_T10_RANK4 j=1 last=true low=true old_ops=9801 ops=7457
RANK4_LOWER class=3 original_ops=49849 new_ops=43903 symbolic_rank_gates=608 paired_macros=676 conditional_clean=true
FOLD20_T10_RANK4 j=3 last=false low=true old_ops=49849 ops=43903
RANK4_LOWER class=3 original_ops=49553 new_ops=43907 symbolic_rank_gates=608 paired_macros=676 conditional_clean=true
FOLD20_T10_RANK4 j=1 last=false low=true old_ops=49553 ops=43907
FOLD20_PASSIVE_LOWER old=688 new=1138 macros=8 gathers=0
FOLD20_PASSIVE_LOWER old=260 new=664 macros=6 gathers=0
FOLD20_PASSIVE_LOWER old=544 new=872 macros=6 gathers=0
RANK4_LOWER class=3 original_ops=73993 new_ops=65219 symbolic_rank_gates=800 paired_macros=906 conditional_clean=true
FOLD20_PASSIVE_LOWER old=260 new=664 macros=6 gathers=0
FOLD20_T10_RANK4 j=0 last=false low=true old_ops=73993 ops=65219
RANK4_LOWER class=3 original_ops=73727 new_ops=65227 symbolic_rank_gates=800 paired_macros=906 conditional_clean=true
FOLD20_T10_RANK4 j=2 last=false low=true old_ops=73727 ops=65227
FOLD20_PASSIVE_LOWER old=326 new=3110 macros=9 gathers=0
FOLD20_PASSIVE_LOWER old=1082 new=6864 macros=22 gathers=0
FOLD20_PASSIVE_LOWER old=544 new=872 macros=6 gathers=0
FOLD20_PASSIVE_LOWER old=544 new=872 macros=6 gathers=0
FOLD20_PASSIVE_LOWER old=260 new=664 macros=6 gathers=0
FOLD20_PASSIVE_LOWER old=260 new=664 macros=6 gathers=0
FOLD20_PASSIVE_LOWER old=0 new=0 macros=0 gathers=0
FOLD20_PASSIVE_LOWER old=0 new=0 macros=0 gathers=0
RANK4_LOWER class=4 original_ops=7509 new_ops=6001 symbolic_rank_gates=48 paired_macros=62 conditional_clean=true
FOLD20_T10_RANK4 j=3 last=true low=true old_ops=7509 ops=6001
RANK4_LOWER class=4 original_ops=9319 new_ops=7119 symbolic_rank_gates=72 paired_macros=134 conditional_clean=true
FOLD20_T10_RANK4 j=0 last=true low=true old_ops=9319 ops=7119
RANK4_LOWER class=4 original_ops=9905 new_ops=7545 symbolic_rank_gates=72 paired_macros=134 conditional_clean=true
FOLD20_T10_RANK4 j=1 last=true low=true old_ops=9905 ops=7545
RANK4_LOWER class=4 original_ops=10735 new_ops=8121 symbolic_rank_gates=72 paired_macros=134 conditional_clean=true
FOLD20_T10_RANK4 j=2 last=true low=true old_ops=10735 ops=8121
RANK4_LOWER class=3 original_ops=50093 new_ops=44115 symbolic_rank_gates=608 paired_macros=676 conditional_clean=true
FOLD20_T10_RANK4 j=3 last=false low=true old_ops=50093 ops=44115
RANK4_LOWER class=3 original_ops=49797 new_ops=44119 symbolic_rank_gates=608 paired_macros=676 conditional_clean=true
FOLD20_T10_RANK4 j=1 last=false low=true old_ops=49797 ops=44119
FOLD20_PASSIVE_LOWER old=544 new=872 macros=6 gathers=0
FOLD20_PASSIVE_LOWER old=688 new=1138 macros=8 gathers=0
FOLD20_PASSIVE_LOWER old=260 new=664 macros=6 gathers=0
FOLD20_PASSIVE_LOWER old=260 new=664 macros=6 gathers=0
FOLD20_PASSIVE_LOWER old=326 new=3110 macros=9 gathers=0
RANK4_LOWER class=3 original_ops=74237 new_ops=65431 symbolic_rank_gates=800 paired_macros=906 conditional_clean=true
FOLD20_T10_RANK4 j=0 last=false low=true old_ops=74237 ops=65431
RANK4_LOWER class=3 original_ops=73971 new_ops=65439 symbolic_rank_gates=800 paired_macros=906 conditional_clean=true
FOLD20_T10_RANK4 j=2 last=false low=true old_ops=73971 ops=65439
FOLD20_PASSIVE_LOWER old=1082 new=6864 macros=22 gathers=0
FOLD20_PASSIVE_LOWER old=544 new=872 macros=6 gathers=0
FOLD20_PASSIVE_LOWER old=544 new=872 macros=6 gathers=0
FOLD20_PASSIVE_LOWER old=260 new=664 macros=6 gathers=0
FOLD20_PASSIVE_LOWER old=260 new=664 macros=6 gathers=0
FOLD20_PASSIVE_LOWER old=0 new=0 macros=0 gathers=0
FOLD20_PASSIVE_LOWER old=0 new=0 macros=0 gathers=0
RANK4_LOWER class=4 original_ops=7639 new_ops=6107 symbolic_rank_gates=48 paired_macros=62 conditional_clean=true
FOLD20_T10_RANK4 j=3 last=true low=true old_ops=7639 ops=6107
RANK4_LOWER class=4 original_ops=9449 new_ops=7225 symbolic_rank_gates=72 paired_macros=134 conditional_clean=true
FOLD20_T10_RANK4 j=0 last=true low=true old_ops=9449 ops=7225
RANK4_LOWER class=4 original_ops=10865 new_ops=8227 symbolic_rank_gates=72 paired_macros=134 conditional_clean=true
FOLD20_T10_RANK4 j=2 last=true low=true old_ops=10865 ops=8227
RANK4_LOWER class=4 original_ops=10035 new_ops=7651 symbolic_rank_gates=72 paired_macros=134 conditional_clean=true
FOLD20_T10_RANK4 j=1 last=true low=true old_ops=10035 ops=7651
RANK4_LOWER class=3 original_ops=50337 new_ops=44335 symbolic_rank_gates=608 paired_macros=676 conditional_clean=true
FOLD20_T10_RANK4 j=3 last=false low=true old_ops=50337 ops=44335
RANK4_LOWER class=3 original_ops=50041 new_ops=44339 symbolic_rank_gates=608 paired_macros=676 conditional_clean=true
FOLD20_T10_RANK4 j=1 last=false low=true old_ops=50041 ops=44339
FOLD20_PASSIVE_LOWER old=688 new=1138 macros=8 gathers=0
FOLD20_PASSIVE_LOWER old=544 new=872 macros=6 gathers=0
FOLD20_PASSIVE_LOWER old=260 new=664 macros=6 gathers=0
FOLD20_PASSIVE_LOWER old=260 new=664 macros=6 gathers=0
RANK4_LOWER class=3 original_ops=74481 new_ops=65651 symbolic_rank_gates=800 paired_macros=906 conditional_clean=true
FOLD20_T10_RANK4 j=0 last=false low=true old_ops=74481 ops=65651
RANK4_LOWER class=3 original_ops=74215 new_ops=65659 symbolic_rank_gates=800 paired_macros=906 conditional_clean=true
FOLD20_T10_RANK4 j=2 last=false low=true old_ops=74215 ops=65659
FOLD20_PASSIVE_LOWER old=326 new=3110 macros=9 gathers=0
FOLD20_PASSIVE_LOWER old=1082 new=6864 macros=22 gathers=0
FOLD20_PASSIVE_LOWER old=544 new=872 macros=6 gathers=0
FOLD20_PASSIVE_LOWER old=544 new=872 macros=6 gathers=0
FOLD20_PASSIVE_LOWER old=260 new=664 macros=6 gathers=0
FOLD20_PASSIVE_LOWER old=260 new=664 macros=6 gathers=0
FOLD20_PASSIVE_LOWER old=0 new=0 macros=0 gathers=0
FOLD20_PASSIVE_LOWER old=0 new=0 macros=0 gathers=0
RANK4_LOWER class=4 original_ops=7743 new_ops=6195 symbolic_rank_gates=48 paired_macros=62 conditional_clean=true
FOLD20_T10_RANK4 j=3 last=true low=true old_ops=7743 ops=6195
RANK4_LOWER class=4 original_ops=9553 new_ops=7313 symbolic_rank_gates=72 paired_macros=134 conditional_clean=true
FOLD20_T10_RANK4 j=0 last=true low=true old_ops=9553 ops=7313
RANK4_LOWER class=4 original_ops=10139 new_ops=7739 symbolic_rank_gates=72 paired_macros=134 conditional_clean=true
FOLD20_T10_RANK4 j=1 last=true low=true old_ops=10139 ops=7739
RANK4_LOWER class=4 original_ops=10969 new_ops=8315 symbolic_rank_gates=72 paired_macros=134 conditional_clean=true
FOLD20_T10_RANK4 j=2 last=true low=true old_ops=10969 ops=8315
RANK4_LOWER class=3 original_ops=50581 new_ops=44551 symbolic_rank_gates=608 paired_macros=676 conditional_clean=true
FOLD20_T10_RANK4 j=3 last=false low=true old_ops=50581 ops=44551
RANK4_LOWER class=3 original_ops=50285 new_ops=44555 symbolic_rank_gates=608 paired_macros=676 conditional_clean=true
FOLD20_T10_RANK4 j=1 last=false low=true old_ops=50285 ops=44555
FOLD20_PASSIVE_LOWER old=688 new=1138 macros=8 gathers=0
FOLD20_PASSIVE_LOWER old=260 new=664 macros=6 gathers=0
FOLD20_PASSIVE_LOWER old=544 new=872 macros=6 gathers=0
RANK4_LOWER class=3 original_ops=74725 new_ops=65867 symbolic_rank_gates=800 paired_macros=906 conditional_clean=true
FOLD20_T10_RANK4 j=0 last=false low=true old_ops=74725 ops=65867
FOLD20_PASSIVE_LOWER old=260 new=664 macros=6 gathers=0
RANK4_LOWER class=3 original_ops=74459 new_ops=65875 symbolic_rank_gates=800 paired_macros=906 conditional_clean=true
FOLD20_T10_RANK4 j=2 last=false low=true old_ops=74459 ops=65875
FOLD20_PASSIVE_LOWER old=326 new=3110 macros=9 gathers=0
FOLD20_PASSIVE_LOWER old=1082 new=6864 macros=22 gathers=0
FOLD20_PASSIVE_LOWER old=544 new=872 macros=6 gathers=0
FOLD20_PASSIVE_LOWER old=544 new=872 macros=6 gathers=0
FOLD20_PASSIVE_LOWER old=260 new=664 macros=6 gathers=0
FOLD20_PASSIVE_LOWER old=260 new=664 macros=6 gathers=0
FOLD20_PASSIVE_LOWER old=0 new=0 macros=0 gathers=0
FOLD20_PASSIVE_LOWER old=0 new=0 macros=0 gathers=0
RANK4_LOWER class=4 original_ops=7853 new_ops=6289 symbolic_rank_gates=48 paired_macros=62 conditional_clean=true
FOLD20_T10_RANK4 j=3 last=true low=true old_ops=7853 ops=6289
RANK4_LOWER class=4 original_ops=10249 new_ops=7833 symbolic_rank_gates=72 paired_macros=134 conditional_clean=true
FOLD20_T10_RANK4 j=1 last=true low=true old_ops=10249 ops=7833
RANK4_LOWER class=4 original_ops=9663 new_ops=7407 symbolic_rank_gates=72 paired_macros=134 conditional_clean=true
FOLD20_T10_RANK4 j=0 last=true low=true old_ops=9663 ops=7407
RANK4_LOWER class=4 original_ops=11079 new_ops=8409 symbolic_rank_gates=72 paired_macros=134 conditional_clean=true
FOLD20_T10_RANK4 j=2 last=true low=true old_ops=11079 ops=8409
RANK4_LOWER class=3 original_ops=50821 new_ops=44791 symbolic_rank_gates=608 paired_macros=676 conditional_clean=true
FOLD20_T10_RANK4 j=3 last=false low=true old_ops=50821 ops=44791
RANK4_LOWER class=3 original_ops=50525 new_ops=44795 symbolic_rank_gates=608 paired_macros=676 conditional_clean=true
FOLD20_T10_RANK4 j=1 last=false low=true old_ops=50525 ops=44795
FOLD20_PASSIVE_LOWER old=544 new=872 macros=6 gathers=0
FOLD20_PASSIVE_LOWER old=688 new=1138 macros=8 gathers=0
FOLD20_PASSIVE_LOWER old=260 new=664 macros=6 gathers=0
FOLD20_PASSIVE_LOWER old=260 new=664 macros=6 gathers=0
FOLD20_PASSIVE_LOWER old=326 new=3110 macros=9 gathers=0
RANK4_LOWER class=3 original_ops=74699 new_ops=66115 symbolic_rank_gates=800 paired_macros=906 conditional_clean=true
FOLD20_T10_RANK4 j=2 last=false low=true old_ops=74699 ops=66115
RANK4_LOWER class=3 original_ops=74965 new_ops=66107 symbolic_rank_gates=800 paired_macros=906 conditional_clean=true
FOLD20_T10_RANK4 j=0 last=false low=true old_ops=74965 ops=66107
FOLD20_PASSIVE_LOWER old=1082 new=6864 macros=22 gathers=0
FOLD20_PASSIVE_LOWER old=544 new=872 macros=6 gathers=0
FOLD20_PASSIVE_LOWER old=260 new=664 macros=6 gathers=0
FOLD20_PASSIVE_LOWER old=544 new=872 macros=6 gathers=0
FOLD20_PASSIVE_LOWER old=0 new=0 macros=0 gathers=0
FOLD20_PASSIVE_LOWER old=260 new=664 macros=6 gathers=0
FOLD20_PASSIVE_LOWER old=0 new=0 macros=0 gathers=0
RANK4_LOWER class=4 original_ops=8209 new_ops=6425 symbolic_rank_gates=84 paired_macros=92 conditional_clean=true
FOLD20_T10_RANK4 j=3 last=true low=true old_ops=8209 ops=6425
RANK4_LOWER class=4 original_ops=10019 new_ops=7543 symbolic_rank_gates=108 paired_macros=164 conditional_clean=true
FOLD20_T10_RANK4 j=0 last=true low=true old_ops=10019 ops=7543
RANK4_LOWER class=4 original_ops=10605 new_ops=7969 symbolic_rank_gates=108 paired_macros=164 conditional_clean=true
FOLD20_T10_RANK4 j=1 last=true low=true old_ops=10605 ops=7969
RANK4_LOWER class=4 original_ops=11435 new_ops=8545 symbolic_rank_gates=108 paired_macros=164 conditional_clean=true
FOLD20_T10_RANK4 j=2 last=true low=true old_ops=11435 ops=8545
RANK4_LOWER class=3 original_ops=51729 new_ops=45183 symbolic_rank_gates=704 paired_macros=756 conditional_clean=true
FOLD20_T10_RANK4 j=3 last=false low=true old_ops=51729 ops=45183
RANK4_LOWER class=3 original_ops=51433 new_ops=45187 symbolic_rank_gates=704 paired_macros=756 conditional_clean=true
FOLD20_T10_RANK4 j=1 last=false low=true old_ops=51433 ops=45187
FOLD20_PASSIVE_LOWER old=688 new=1138 macros=8 gathers=0
FOLD20_PASSIVE_LOWER old=260 new=664 macros=6 gathers=0
FOLD20_PASSIVE_LOWER old=544 new=872 macros=6 gathers=0
RANK4_LOWER class=3 original_ops=75873 new_ops=66499 symbolic_rank_gates=896 paired_macros=986 conditional_clean=true
FOLD20_T10_RANK4 j=0 last=false low=true old_ops=75873 ops=66499
FOLD20_PASSIVE_LOWER old=260 new=664 macros=6 gathers=0
RANK4_LOWER class=3 original_ops=75607 new_ops=66507 symbolic_rank_gates=896 paired_macros=986 conditional_clean=true
FOLD20_T10_RANK4 j=2 last=false low=true old_ops=75607 ops=66507
FOLD20_PASSIVE_LOWER old=1082 new=6864 macros=22 gathers=0
FOLD20_PASSIVE_LOWER old=326 new=3110 macros=9 gathers=0
FOLD20_PASSIVE_LOWER old=544 new=872 macros=6 gathers=0
FOLD20_PASSIVE_LOWER old=260 new=664 macros=6 gathers=0
FOLD20_PASSIVE_LOWER old=544 new=872 macros=6 gathers=0
FOLD20_PASSIVE_LOWER old=0 new=0 macros=0 gathers=0
FOLD20_PASSIVE_LOWER old=260 new=664 macros=6 gathers=0
FOLD20_PASSIVE_LOWER old=0 new=0 macros=0 gathers=0
RANK4_LOWER class=4 original_ops=8557 new_ops=6575 symbolic_rank_gates=84 paired_macros=106 conditional_clean=true
FOLD20_T10_RANK4 j=3 last=true low=true old_ops=8557 ops=6575
RANK4_LOWER class=4 original_ops=10367 new_ops=7693 symbolic_rank_gates=108 paired_macros=178 conditional_clean=true
FOLD20_T10_RANK4 j=0 last=true low=true old_ops=10367 ops=7693
RANK4_LOWER class=4 original_ops=10953 new_ops=8119 symbolic_rank_gates=108 paired_macros=178 conditional_clean=true
RANK4_LOWER class=4 original_ops=11783 new_ops=8695 symbolic_rank_gates=108 paired_macros=178 conditional_clean=true
FOLD20_T10_RANK4 j=1 last=true low=true old_ops=10953 ops=8119
FOLD20_T10_RANK4 j=2 last=true low=true old_ops=11783 ops=8695
RANK4_LOWER class=3 original_ops=52141 new_ops=45427 symbolic_rank_gates=704 paired_macros=770 conditional_clean=true
FOLD20_T10_RANK4 j=3 last=false low=true old_ops=52141 ops=45427
RANK4_LOWER class=3 original_ops=51845 new_ops=45431 symbolic_rank_gates=704 paired_macros=770 conditional_clean=true
FOLD20_T10_RANK4 j=1 last=false low=true old_ops=51845 ops=45431
FOLD20_PASSIVE_LOWER old=688 new=1138 macros=8 gathers=0
FOLD20_PASSIVE_LOWER old=544 new=872 macros=6 gathers=0
FOLD20_PASSIVE_LOWER old=260 new=664 macros=6 gathers=0
FOLD20_PASSIVE_LOWER old=260 new=664 macros=6 gathers=0
RANK4_LOWER class=3 original_ops=76019 new_ops=66751 symbolic_rank_gates=896 paired_macros=1000 conditional_clean=true
FOLD20_T10_RANK4 j=2 last=false low=true old_ops=76019 ops=66751
FOLD20_PASSIVE_LOWER old=326 new=3110 macros=9 gathers=0
RANK4_LOWER class=3 original_ops=76285 new_ops=66743 symbolic_rank_gates=896 paired_macros=1000 conditional_clean=true
FOLD20_T10_RANK4 j=0 last=false low=true old_ops=76285 ops=66743
FOLD20_PASSIVE_LOWER old=1082 new=6864 macros=22 gathers=0
FOLD20_PASSIVE_LOWER old=544 new=872 macros=6 gathers=0
FOLD20_PASSIVE_LOWER old=260 new=664 macros=6 gathers=0
FOLD20_PASSIVE_LOWER old=0 new=0 macros=0 gathers=0
FOLD20_PASSIVE_LOWER old=544 new=872 macros=6 gathers=0
FOLD20_PASSIVE_LOWER old=260 new=664 macros=6 gathers=0
FOLD20_PASSIVE_LOWER old=0 new=0 macros=0 gathers=0
RANK4_LOWER class=4 original_ops=8665 new_ops=6667 symbolic_rank_gates=84 paired_macros=106 conditional_clean=true
FOLD20_T10_RANK4 j=3 last=true low=true old_ops=8665 ops=6667
RANK4_LOWER class=4 original_ops=10475 new_ops=7785 symbolic_rank_gates=108 paired_macros=178 conditional_clean=true
FOLD20_T10_RANK4 j=0 last=true low=true old_ops=10475 ops=7785
RANK4_LOWER class=4 original_ops=11061 new_ops=8211 symbolic_rank_gates=108 paired_macros=178 conditional_clean=true
FOLD20_T10_RANK4 j=1 last=true low=true old_ops=11061 ops=8211
RANK4_LOWER class=4 original_ops=11891 new_ops=8787 symbolic_rank_gates=108 paired_macros=178 conditional_clean=true
FOLD20_T10_RANK4 j=2 last=true low=true old_ops=11891 ops=8787
RANK4_LOWER class=3 original_ops=52053 new_ops=45627 symbolic_rank_gates=704 paired_macros=770 conditional_clean=true
FOLD20_T10_RANK4 j=1 last=false low=true old_ops=52053 ops=45627
RANK4_LOWER class=3 original_ops=52349 new_ops=45623 symbolic_rank_gates=704 paired_macros=770 conditional_clean=true
FOLD20_T10_RANK4 j=3 last=false low=true old_ops=52349 ops=45623
FOLD20_PASSIVE_LOWER old=544 new=872 macros=6 gathers=0
FOLD20_PASSIVE_LOWER old=688 new=1138 macros=8 gathers=0
FOLD20_PASSIVE_LOWER old=260 new=664 macros=6 gathers=0
FOLD20_PASSIVE_LOWER old=260 new=664 macros=6 gathers=0
FOLD20_PASSIVE_LOWER old=326 new=3110 macros=9 gathers=0
RANK4_LOWER class=3 original_ops=76493 new_ops=66939 symbolic_rank_gates=896 paired_macros=1000 conditional_clean=true
FOLD20_T10_RANK4 j=0 last=false low=true old_ops=76493 ops=66939
RANK4_LOWER class=3 original_ops=76227 new_ops=66947 symbolic_rank_gates=896 paired_macros=1000 conditional_clean=true
FOLD20_T10_RANK4 j=2 last=false low=true old_ops=76227 ops=66947
FOLD20_PASSIVE_LOWER old=1082 new=6864 macros=22 gathers=0
FOLD20_PASSIVE_LOWER old=544 new=872 macros=6 gathers=0
FOLD20_PASSIVE_LOWER old=544 new=872 macros=6 gathers=0
FOLD20_PASSIVE_LOWER old=260 new=664 macros=6 gathers=0
FOLD20_PASSIVE_LOWER old=260 new=664 macros=6 gathers=0
FOLD20_PASSIVE_LOWER old=0 new=0 macros=0 gathers=0
FOLD20_PASSIVE_LOWER old=0 new=0 macros=0 gathers=0
RANK4_LOWER class=4 original_ops=8775 new_ops=6761 symbolic_rank_gates=84 paired_macros=106 conditional_clean=true
FOLD20_T10_RANK4 j=3 last=true low=true old_ops=8775 ops=6761
RANK4_LOWER class=4 original_ops=10585 new_ops=7879 symbolic_rank_gates=108 paired_macros=178 conditional_clean=true
FOLD20_T10_RANK4 j=0 last=true low=true old_ops=10585 ops=7879
RANK4_LOWER class=4 original_ops=11171 new_ops=8305 symbolic_rank_gates=108 paired_macros=178 conditional_clean=true
FOLD20_T10_RANK4 j=1 last=true low=true old_ops=11171 ops=8305
RANK4_LOWER class=4 original_ops=12001 new_ops=8881 symbolic_rank_gates=108 paired_macros=178 conditional_clean=true
FOLD20_T10_RANK4 j=2 last=true low=true old_ops=12001 ops=8881
RANK4_LOWER class=3 original_ops=52541 new_ops=45815 symbolic_rank_gates=704 paired_macros=770 conditional_clean=true
FOLD20_T10_RANK4 j=3 last=false low=true old_ops=52541 ops=45815
RANK4_LOWER class=3 original_ops=52245 new_ops=45819 symbolic_rank_gates=704 paired_macros=770 conditional_clean=true
FOLD20_T10_RANK4 j=1 last=false low=true old_ops=52245 ops=45819
FOLD20_PASSIVE_LOWER old=544 new=872 macros=6 gathers=0
FOLD20_PASSIVE_LOWER old=688 new=1138 macros=8 gathers=0
FOLD20_PASSIVE_LOWER old=260 new=664 macros=6 gathers=0
FOLD20_PASSIVE_LOWER old=260 new=664 macros=6 gathers=0
FOLD20_PASSIVE_LOWER old=326 new=3110 macros=9 gathers=0
RANK4_LOWER class=3 original_ops=76419 new_ops=67139 symbolic_rank_gates=896 paired_macros=1000 conditional_clean=true
FOLD20_T10_RANK4 j=2 last=false low=true old_ops=76419 ops=67139
FOLD20_PASSIVE_LOWER old=1082 new=6864 macros=22 gathers=0
RANK4_LOWER class=3 original_ops=76685 new_ops=67131 symbolic_rank_gates=896 paired_macros=1000 conditional_clean=true
FOLD20_T10_RANK4 j=0 last=false low=true old_ops=76685 ops=67131
FOLD20_PASSIVE_LOWER old=544 new=872 macros=6 gathers=0
FOLD20_PASSIVE_LOWER old=260 new=664 macros=6 gathers=0
FOLD20_PASSIVE_LOWER old=544 new=872 macros=6 gathers=0
FOLD20_PASSIVE_LOWER old=0 new=0 macros=0 gathers=0
FOLD20_PASSIVE_LOWER old=260 new=664 macros=6 gathers=0
FOLD20_PASSIVE_LOWER old=0 new=0 macros=0 gathers=0
RANK4_LOWER class=4 original_ops=8883 new_ops=6853 symbolic_rank_gates=84 paired_macros=106 conditional_clean=true
FOLD20_T10_RANK4 j=3 last=true low=true old_ops=8883 ops=6853
RANK4_LOWER class=4 original_ops=10693 new_ops=7971 symbolic_rank_gates=108 paired_macros=178 conditional_clean=true
FOLD20_T10_RANK4 j=0 last=true low=true old_ops=10693 ops=7971
RANK4_LOWER class=4 original_ops=11279 new_ops=8397 symbolic_rank_gates=108 paired_macros=178 conditional_clean=true
FOLD20_T10_RANK4 j=1 last=true low=true old_ops=11279 ops=8397
RANK4_LOWER class=4 original_ops=12109 new_ops=8973 symbolic_rank_gates=108 paired_macros=178 conditional_clean=true
FOLD20_T10_RANK4 j=2 last=true low=true old_ops=12109 ops=8973
RANK4_LOWER class=3 original_ops=52813 new_ops=46059 symbolic_rank_gates=704 paired_macros=770 conditional_clean=true
FOLD20_T10_RANK4 j=3 last=false low=true old_ops=52813 ops=46059
RANK4_LOWER class=3 original_ops=52517 new_ops=46063 symbolic_rank_gates=704 paired_macros=770 conditional_clean=true
FOLD20_T10_RANK4 j=1 last=false low=true old_ops=52517 ops=46063
FOLD20_PASSIVE_LOWER old=688 new=1138 macros=8 gathers=0
FOLD20_PASSIVE_LOWER old=260 new=664 macros=6 gathers=0
FOLD20_PASSIVE_LOWER old=544 new=872 macros=6 gathers=0
FOLD20_PASSIVE_LOWER old=260 new=664 macros=6 gathers=0
RANK4_LOWER class=3 original_ops=76691 new_ops=67383 symbolic_rank_gates=896 paired_macros=1000 conditional_clean=true
RANK4_LOWER class=3 original_ops=76957 new_ops=67375 symbolic_rank_gates=896 paired_macros=1000 conditional_clean=true
FOLD20_T10_RANK4 j=2 last=false low=true old_ops=76691 ops=67383
FOLD20_T10_RANK4 j=0 last=false low=true old_ops=76957 ops=67375
FOLD20_PASSIVE_LOWER old=1082 new=6864 macros=22 gathers=0
FOLD20_PASSIVE_LOWER old=326 new=3110 macros=9 gathers=0
FOLD20_PASSIVE_LOWER old=544 new=872 macros=6 gathers=0
FOLD20_PASSIVE_LOWER old=260 new=664 macros=6 gathers=0
FOLD20_PASSIVE_LOWER old=544 new=872 macros=6 gathers=0
FOLD20_PASSIVE_LOWER old=0 new=0 macros=0 gathers=0
FOLD20_PASSIVE_LOWER old=260 new=664 macros=6 gathers=0
FOLD20_PASSIVE_LOWER old=0 new=0 macros=0 gathers=0
RANK4_LOWER class=4 original_ops=9009 new_ops=6955 symbolic_rank_gates=84 paired_macros=106 conditional_clean=true
FOLD20_T10_RANK4 j=3 last=true low=true old_ops=9009 ops=6955
RANK4_LOWER class=4 original_ops=10819 new_ops=8073 symbolic_rank_gates=108 paired_macros=178 conditional_clean=true
FOLD20_T10_RANK4 j=0 last=true low=true old_ops=10819 ops=8073
RANK4_LOWER class=4 original_ops=12235 new_ops=9075 symbolic_rank_gates=108 paired_macros=178 conditional_clean=true
FOLD20_T10_RANK4 j=2 last=true low=true old_ops=12235 ops=9075
RANK4_LOWER class=4 original_ops=11405 new_ops=8499 symbolic_rank_gates=108 paired_macros=178 conditional_clean=true
FOLD20_T10_RANK4 j=1 last=true low=true old_ops=11405 ops=8499
RANK4_LOWER class=3 original_ops=52729 new_ops=46275 symbolic_rank_gates=704 paired_macros=770 conditional_clean=true
FOLD20_T10_RANK4 j=1 last=false low=true old_ops=52729 ops=46275
RANK4_LOWER class=3 original_ops=53025 new_ops=46271 symbolic_rank_gates=704 paired_macros=770 conditional_clean=true
FOLD20_T10_RANK4 j=3 last=false low=true old_ops=53025 ops=46271
FOLD20_PASSIVE_LOWER old=544 new=872 macros=6 gathers=0
FOLD20_PASSIVE_LOWER old=260 new=664 macros=6 gathers=0
FOLD20_PASSIVE_LOWER old=688 new=1138 macros=8 gathers=0
RANK4_LOWER class=3 original_ops=77169 new_ops=67587 symbolic_rank_gates=896 paired_macros=1000 conditional_clean=true
FOLD20_T10_RANK4 j=0 last=false low=true old_ops=77169 ops=67587
FOLD20_PASSIVE_LOWER old=260 new=664 macros=6 gathers=0
FOLD20_PASSIVE_LOWER old=326 new=3110 macros=9 gathers=0
RANK4_LOWER class=3 original_ops=76903 new_ops=67595 symbolic_rank_gates=896 paired_macros=1000 conditional_clean=true
FOLD20_T10_RANK4 j=2 last=false low=true old_ops=76903 ops=67595
FOLD20_PASSIVE_LOWER old=544 new=872 macros=6 gathers=0
FOLD20_PASSIVE_LOWER old=1082 new=6864 macros=22 gathers=0
FOLD20_PASSIVE_LOWER old=544 new=872 macros=6 gathers=0
FOLD20_PASSIVE_LOWER old=260 new=664 macros=6 gathers=0
FOLD20_PASSIVE_LOWER old=260 new=664 macros=6 gathers=0
FOLD20_PASSIVE_LOWER old=0 new=0 macros=0 gathers=0
FOLD20_PASSIVE_LOWER old=0 new=0 macros=0 gathers=0
RANK4_LOWER class=4 original_ops=9113 new_ops=7043 symbolic_rank_gates=84 paired_macros=106 conditional_clean=true
FOLD20_T10_RANK4 j=3 last=true low=true old_ops=9113 ops=7043
RANK4_LOWER class=4 original_ops=10923 new_ops=8161 symbolic_rank_gates=108 paired_macros=178 conditional_clean=true
FOLD20_T10_RANK4 j=0 last=true low=true old_ops=10923 ops=8161
RANK4_LOWER class=4 original_ops=11509 new_ops=8587 symbolic_rank_gates=108 paired_macros=178 conditional_clean=true
FOLD20_T10_RANK4 j=1 last=true low=true old_ops=11509 ops=8587
RANK4_LOWER class=4 original_ops=12339 new_ops=9163 symbolic_rank_gates=108 paired_macros=178 conditional_clean=true
FOLD20_T10_RANK4 j=2 last=true low=true old_ops=12339 ops=9163
RANK4_LOWER class=3 original_ops=53237 new_ops=46471 symbolic_rank_gates=704 paired_macros=770 conditional_clean=true
FOLD20_T10_RANK4 j=3 last=false low=true old_ops=53237 ops=46471
RANK4_LOWER class=3 original_ops=52941 new_ops=46475 symbolic_rank_gates=704 paired_macros=770 conditional_clean=true
FOLD20_T10_RANK4 j=1 last=false low=true old_ops=52941 ops=46475
FOLD20_PASSIVE_LOWER old=688 new=1138 macros=8 gathers=0
FOLD20_PASSIVE_LOWER old=260 new=664 macros=6 gathers=0
FOLD20_PASSIVE_LOWER old=544 new=872 macros=6 gathers=0
FOLD20_PASSIVE_LOWER old=260 new=664 macros=6 gathers=0
RANK4_LOWER class=3 original_ops=77115 new_ops=67795 symbolic_rank_gates=896 paired_macros=1000 conditional_clean=true
FOLD20_T10_RANK4 j=2 last=false low=true old_ops=77115 ops=67795
FOLD20_PASSIVE_LOWER old=1082 new=6864 macros=22 gathers=0
FOLD20_PASSIVE_LOWER old=326 new=3110 macros=9 gathers=0
RANK4_LOWER class=3 original_ops=77381 new_ops=67787 symbolic_rank_gates=896 paired_macros=1000 conditional_clean=true
FOLD20_T10_RANK4 j=0 last=false low=true old_ops=77381 ops=67787
FOLD20_PASSIVE_LOWER old=544 new=872 macros=6 gathers=0
FOLD20_PASSIVE_LOWER old=260 new=664 macros=6 gathers=0
FOLD20_PASSIVE_LOWER old=0 new=0 macros=0 gathers=0
FOLD20_PASSIVE_LOWER old=544 new=872 macros=6 gathers=0
FOLD20_PASSIVE_LOWER old=260 new=664 macros=6 gathers=0
FOLD20_PASSIVE_LOWER old=0 new=0 macros=0 gathers=0
RANK4_LOWER class=4 original_ops=9223 new_ops=7137 symbolic_rank_gates=84 paired_macros=106 conditional_clean=true
FOLD20_T10_RANK4 j=3 last=true low=true old_ops=9223 ops=7137
RANK4_LOWER class=4 original_ops=11033 new_ops=8255 symbolic_rank_gates=108 paired_macros=178 conditional_clean=true
FOLD20_T10_RANK4 j=0 last=true low=true old_ops=11033 ops=8255
RANK4_LOWER class=4 original_ops=11619 new_ops=8681 symbolic_rank_gates=108 paired_macros=178 conditional_clean=true
FOLD20_T10_RANK4 j=1 last=true low=true old_ops=11619 ops=8681
RANK4_LOWER class=4 original_ops=12449 new_ops=9257 symbolic_rank_gates=108 paired_macros=178 conditional_clean=true
FOLD20_T10_RANK4 j=2 last=true low=true old_ops=12449 ops=9257
RANK4_LOWER class=3 original_ops=53445 new_ops=46663 symbolic_rank_gates=704 paired_macros=770 conditional_clean=true
FOLD20_T10_RANK4 j=3 last=false low=true old_ops=53445 ops=46663
RANK4_LOWER class=3 original_ops=53149 new_ops=46667 symbolic_rank_gates=704 paired_macros=770 conditional_clean=true
FOLD20_T10_RANK4 j=1 last=false low=true old_ops=53149 ops=46667
FOLD20_PASSIVE_LOWER old=688 new=1138 macros=8 gathers=0
FOLD20_PASSIVE_LOWER old=260 new=664 macros=6 gathers=0
FOLD20_PASSIVE_LOWER old=544 new=872 macros=6 gathers=0
RANK4_LOWER class=3 original_ops=77589 new_ops=67979 symbolic_rank_gates=896 paired_macros=1000 conditional_clean=true
FOLD20_T10_RANK4 j=0 last=false low=true old_ops=77589 ops=67979
FOLD20_PASSIVE_LOWER old=260 new=664 macros=6 gathers=0
RANK4_LOWER class=3 original_ops=77323 new_ops=67987 symbolic_rank_gates=896 paired_macros=1000 conditional_clean=true
FOLD20_T10_RANK4 j=2 last=false low=true old_ops=77323 ops=67987
FOLD20_PASSIVE_LOWER old=326 new=3110 macros=9 gathers=0
FOLD20_PASSIVE_LOWER old=1082 new=6864 macros=22 gathers=0
FOLD20_PASSIVE_LOWER old=544 new=872 macros=6 gathers=0
FOLD20_PASSIVE_LOWER old=544 new=872 macros=6 gathers=0
FOLD20_PASSIVE_LOWER old=260 new=664 macros=6 gathers=0
FOLD20_PASSIVE_LOWER old=260 new=664 macros=6 gathers=0
FOLD20_PASSIVE_LOWER old=0 new=0 macros=0 gathers=0
FOLD20_PASSIVE_LOWER old=0 new=0 macros=0 gathers=0
RANK4_LOWER class=4 original_ops=9339 new_ops=7233 symbolic_rank_gates=84 paired_macros=106 conditional_clean=true
FOLD20_T10_RANK4 j=3 last=true low=true old_ops=9339 ops=7233
RANK4_LOWER class=4 original_ops=11149 new_ops=8351 symbolic_rank_gates=108 paired_macros=178 conditional_clean=true
FOLD20_T10_RANK4 j=0 last=true low=true old_ops=11149 ops=8351
RANK4_LOWER class=4 original_ops=12565 new_ops=9353 symbolic_rank_gates=108 paired_macros=178 conditional_clean=true
FOLD20_T10_RANK4 j=2 last=true low=true old_ops=12565 ops=9353
RANK4_LOWER class=4 original_ops=11735 new_ops=8777 symbolic_rank_gates=108 paired_macros=178 conditional_clean=true
FOLD20_T10_RANK4 j=1 last=true low=true old_ops=11735 ops=8777
RANK4_LOWER class=3 original_ops=53829 new_ops=46963 symbolic_rank_gates=704 paired_macros=770 conditional_clean=true
FOLD20_T10_RANK4 j=3 last=false low=true old_ops=53829 ops=46963
RANK4_LOWER class=3 original_ops=53533 new_ops=46967 symbolic_rank_gates=704 paired_macros=770 conditional_clean=true
FOLD20_T10_RANK4 j=1 last=false low=true old_ops=53533 ops=46967
FOLD20_PASSIVE_LOWER old=688 new=1138 macros=8 gathers=0
FOLD20_PASSIVE_LOWER old=260 new=664 macros=6 gathers=0
FOLD20_PASSIVE_LOWER old=544 new=872 macros=6 gathers=0
FOLD20_PASSIVE_LOWER old=260 new=664 macros=6 gathers=0
FOLD20_PASSIVE_LOWER old=1082 new=6864 macros=22 gathers=0
RANK4_LOWER class=3 original_ops=77707 new_ops=68287 symbolic_rank_gates=896 paired_macros=1000 conditional_clean=true
FOLD20_T10_RANK4 j=2 last=false low=true old_ops=77707 ops=68287
RANK4_LOWER class=3 original_ops=77973 new_ops=68279 symbolic_rank_gates=896 paired_macros=1000 conditional_clean=true
FOLD20_T10_RANK4 j=0 last=false low=true old_ops=77973 ops=68279
FOLD20_PASSIVE_LOWER old=326 new=3110 macros=9 gathers=0
FOLD20_PASSIVE_LOWER old=544 new=872 macros=6 gathers=0
FOLD20_PASSIVE_LOWER old=544 new=872 macros=6 gathers=0
FOLD20_PASSIVE_LOWER old=260 new=664 macros=6 gathers=0
FOLD20_PASSIVE_LOWER old=260 new=664 macros=6 gathers=0
FOLD20_PASSIVE_LOWER old=0 new=0 macros=0 gathers=0
FOLD20_PASSIVE_LOWER old=0 new=0 macros=0 gathers=0
RANK4_LOWER class=4 original_ops=9469 new_ops=7339 symbolic_rank_gates=84 paired_macros=106 conditional_clean=true
FOLD20_T10_RANK4 j=3 last=true low=true old_ops=9469 ops=7339
RANK4_LOWER class=4 original_ops=11279 new_ops=8457 symbolic_rank_gates=108 paired_macros=178 conditional_clean=true
FOLD20_T10_RANK4 j=0 last=true low=true old_ops=11279 ops=8457
RANK4_LOWER class=4 original_ops=12695 new_ops=9459 symbolic_rank_gates=108 paired_macros=178 conditional_clean=true
FOLD20_T10_RANK4 j=2 last=true low=true old_ops=12695 ops=9459
RANK4_LOWER class=4 original_ops=11865 new_ops=8883 symbolic_rank_gates=108 paired_macros=178 conditional_clean=true
FOLD20_T10_RANK4 j=1 last=true low=true old_ops=11865 ops=8883
RANK4_LOWER class=3 original_ops=54061 new_ops=47167 symbolic_rank_gates=704 paired_macros=770 conditional_clean=true
FOLD20_T10_RANK4 j=3 last=false low=true old_ops=54061 ops=47167
RANK4_LOWER class=3 original_ops=53765 new_ops=47171 symbolic_rank_gates=704 paired_macros=770 conditional_clean=true
FOLD20_T10_RANK4 j=1 last=false low=true old_ops=53765 ops=47171
FOLD20_PASSIVE_LOWER old=688 new=1138 macros=8 gathers=0
FOLD20_PASSIVE_LOWER old=260 new=664 macros=6 gathers=0
FOLD20_PASSIVE_LOWER old=544 new=872 macros=6 gathers=0
FOLD20_PASSIVE_LOWER old=260 new=664 macros=6 gathers=0
RANK4_LOWER class=3 original_ops=77939 new_ops=68491 symbolic_rank_gates=896 paired_macros=1000 conditional_clean=true
FOLD20_T10_RANK4 j=2 last=false low=true old_ops=77939 ops=68491
FOLD20_PASSIVE_LOWER old=326 new=3110 macros=9 gathers=0
FOLD20_PASSIVE_LOWER old=1082 new=6864 macros=22 gathers=0
RANK4_LOWER class=3 original_ops=78205 new_ops=68483 symbolic_rank_gates=896 paired_macros=1000 conditional_clean=true
FOLD20_T10_RANK4 j=0 last=false low=true old_ops=78205 ops=68483
FOLD20_PASSIVE_LOWER old=544 new=872 macros=6 gathers=0
FOLD20_PASSIVE_LOWER old=260 new=664 macros=6 gathers=0
FOLD20_PASSIVE_LOWER old=0 new=0 macros=0 gathers=0
FOLD20_PASSIVE_LOWER old=544 new=872 macros=6 gathers=0
FOLD20_PASSIVE_LOWER old=260 new=664 macros=6 gathers=0
FOLD20_PASSIVE_LOWER old=0 new=0 macros=0 gathers=0
RANK4_LOWER class=4 original_ops=9573 new_ops=7427 symbolic_rank_gates=84 paired_macros=106 conditional_clean=true
FOLD20_T10_RANK4 j=3 last=true low=true old_ops=9573 ops=7427
RANK4_LOWER class=4 original_ops=11383 new_ops=8545 symbolic_rank_gates=108 paired_macros=178 conditional_clean=true
FOLD20_T10_RANK4 j=0 last=true low=true old_ops=11383 ops=8545
RANK4_LOWER class=4 original_ops=11969 new_ops=8971 symbolic_rank_gates=108 paired_macros=178 conditional_clean=true
FOLD20_T10_RANK4 j=1 last=true low=true old_ops=11969 ops=8971
RANK4_LOWER class=4 original_ops=12799 new_ops=9547 symbolic_rank_gates=108 paired_macros=178 conditional_clean=true
FOLD20_T10_RANK4 j=2 last=true low=true old_ops=12799 ops=9547
RANK4_LOWER class=3 original_ops=54297 new_ops=47359 symbolic_rank_gates=704 paired_macros=770 conditional_clean=true
FOLD20_T10_RANK4 j=3 last=false low=true old_ops=54297 ops=47359
RANK4_LOWER class=3 original_ops=54001 new_ops=47363 symbolic_rank_gates=704 paired_macros=770 conditional_clean=true
FOLD20_T10_RANK4 j=1 last=false low=true old_ops=54001 ops=47363
FOLD20_PASSIVE_LOWER old=688 new=1138 macros=8 gathers=0
FOLD20_PASSIVE_LOWER old=260 new=664 macros=6 gathers=0
RANK4_LOWER class=3 original_ops=78441 new_ops=68675 symbolic_rank_gates=896 paired_macros=1000 conditional_clean=true
FOLD20_T10_RANK4 j=0 last=false low=true old_ops=78441 ops=68675
FOLD20_PASSIVE_LOWER old=544 new=872 macros=6 gathers=0
RANK4_LOWER class=3 original_ops=78175 new_ops=68683 symbolic_rank_gates=896 paired_macros=1000 conditional_clean=true
FOLD20_T10_RANK4 j=2 last=false low=true old_ops=78175 ops=68683
FOLD20_PASSIVE_LOWER old=260 new=664 macros=6 gathers=0
FOLD20_PASSIVE_LOWER old=544 new=872 macros=6 gathers=0
FOLD20_PASSIVE_LOWER old=1082 new=6864 macros=22 gathers=0
FOLD20_PASSIVE_LOWER old=326 new=3110 macros=9 gathers=0
FOLD20_PASSIVE_LOWER old=260 new=664 macros=6 gathers=0
FOLD20_PASSIVE_LOWER old=544 new=872 macros=6 gathers=0
FOLD20_PASSIVE_LOWER old=260 new=664 macros=6 gathers=0
FOLD20_PASSIVE_LOWER old=0 new=0 macros=0 gathers=0
FOLD20_PASSIVE_LOWER old=0 new=0 macros=0 gathers=0
RANK4_LOWER class=4 original_ops=9683 new_ops=7521 symbolic_rank_gates=84 paired_macros=106 conditional_clean=true
FOLD20_T10_RANK4 j=3 last=true low=true old_ops=9683 ops=7521
RANK4_LOWER class=4 original_ops=11493 new_ops=8639 symbolic_rank_gates=108 paired_macros=178 conditional_clean=true
FOLD20_T10_RANK4 j=0 last=true low=true old_ops=11493 ops=8639
RANK4_LOWER class=4 original_ops=12079 new_ops=9065 symbolic_rank_gates=108 paired_macros=178 conditional_clean=true
FOLD20_T10_RANK4 j=1 last=true low=true old_ops=12079 ops=9065
RANK4_LOWER class=4 original_ops=12909 new_ops=9641 symbolic_rank_gates=108 paired_macros=178 conditional_clean=true
FOLD20_T10_RANK4 j=2 last=true low=true old_ops=12909 ops=9641
RANK4_LOWER class=3 original_ops=54529 new_ops=47555 symbolic_rank_gates=704 paired_macros=770 conditional_clean=true
FOLD20_T10_RANK4 j=3 last=false low=true old_ops=54529 ops=47555
RANK4_LOWER class=3 original_ops=54233 new_ops=47559 symbolic_rank_gates=704 paired_macros=770 conditional_clean=true
FOLD20_T10_RANK4 j=1 last=false low=true old_ops=54233 ops=47559
FOLD20_PASSIVE_LOWER old=688 new=1138 macros=8 gathers=0
FOLD20_PASSIVE_LOWER old=260 new=664 macros=6 gathers=0
FOLD20_PASSIVE_LOWER old=544 new=872 macros=6 gathers=0
FOLD20_PASSIVE_LOWER old=260 new=664 macros=6 gathers=0
RANK4_LOWER class=3 original_ops=78673 new_ops=68871 symbolic_rank_gates=896 paired_macros=1000 conditional_clean=true
FOLD20_T10_RANK4 j=0 last=false low=true old_ops=78673 ops=68871
FOLD20_PASSIVE_LOWER old=1082 new=6864 macros=22 gathers=0
FOLD20_PASSIVE_LOWER old=326 new=3110 macros=9 gathers=0
RANK4_LOWER class=3 original_ops=78407 new_ops=68879 symbolic_rank_gates=896 paired_macros=1000 conditional_clean=true
FOLD20_T10_RANK4 j=2 last=false low=true old_ops=78407 ops=68879
FOLD20_PASSIVE_LOWER old=544 new=872 macros=6 gathers=0
FOLD20_PASSIVE_LOWER old=260 new=664 macros=6 gathers=0
FOLD20_PASSIVE_LOWER old=544 new=872 macros=6 gathers=0
FOLD20_PASSIVE_LOWER old=0 new=0 macros=0 gathers=0
FOLD20_PASSIVE_LOWER old=260 new=664 macros=6 gathers=0
FOLD20_PASSIVE_LOWER old=0 new=0 macros=0 gathers=0
RANK4_LOWER class=4 original_ops=9787 new_ops=7609 symbolic_rank_gates=84 paired_macros=106 conditional_clean=true
FOLD20_T10_RANK4 j=3 last=true low=true old_ops=9787 ops=7609
RANK4_LOWER class=4 original_ops=11597 new_ops=8727 symbolic_rank_gates=108 paired_macros=178 conditional_clean=true
FOLD20_T10_RANK4 j=0 last=true low=true old_ops=11597 ops=8727
RANK4_LOWER class=4 original_ops=12183 new_ops=9153 symbolic_rank_gates=108 paired_macros=178 conditional_clean=true
FOLD20_T10_RANK4 j=1 last=true low=true old_ops=12183 ops=9153
RANK4_LOWER class=4 original_ops=13013 new_ops=9729 symbolic_rank_gates=108 paired_macros=178 conditional_clean=true
FOLD20_T10_RANK4 j=2 last=true low=true old_ops=13013 ops=9729
RANK4_LOWER class=3 original_ops=54757 new_ops=47747 symbolic_rank_gates=704 paired_macros=770 conditional_clean=true
FOLD20_T10_RANK4 j=3 last=false low=true old_ops=54757 ops=47747
RANK4_LOWER class=3 original_ops=54461 new_ops=47751 symbolic_rank_gates=704 paired_macros=770 conditional_clean=true
FOLD20_T10_RANK4 j=1 last=false low=true old_ops=54461 ops=47751
FOLD20_PASSIVE_LOWER old=688 new=1138 macros=8 gathers=0
FOLD20_PASSIVE_LOWER old=260 new=664 macros=6 gathers=0
RANK4_LOWER class=3 original_ops=78901 new_ops=69063 symbolic_rank_gates=896 paired_macros=1000 conditional_clean=true
FOLD20_PASSIVE_LOWER old=544 new=872 macros=6 gathers=0
FOLD20_T10_RANK4 j=0 last=false low=true old_ops=78901 ops=69063
RANK4_LOWER class=3 original_ops=78635 new_ops=69071 symbolic_rank_gates=896 paired_macros=1000 conditional_clean=true
FOLD20_T10_RANK4 j=2 last=false low=true old_ops=78635 ops=69071
FOLD20_PASSIVE_LOWER old=260 new=664 macros=6 gathers=0
FOLD20_PASSIVE_LOWER old=1082 new=6864 macros=22 gathers=0
FOLD20_PASSIVE_LOWER old=326 new=3110 macros=9 gathers=0
FOLD20_PASSIVE_LOWER old=544 new=872 macros=6 gathers=0
FOLD20_PASSIVE_LOWER old=544 new=872 macros=6 gathers=0
FOLD20_PASSIVE_LOWER old=260 new=664 macros=6 gathers=0
FOLD20_PASSIVE_LOWER old=260 new=664 macros=6 gathers=0
FOLD20_PASSIVE_LOWER old=0 new=0 macros=0 gathers=0
FOLD20_PASSIVE_LOWER old=0 new=0 macros=0 gathers=0
RANK4_LOWER class=4 original_ops=9913 new_ops=7711 symbolic_rank_gates=84 paired_macros=106 conditional_clean=true
FOLD20_T10_RANK4 j=3 last=true low=true old_ops=9913 ops=7711
RANK4_LOWER class=4 original_ops=11723 new_ops=8829 symbolic_rank_gates=108 paired_macros=178 conditional_clean=true
FOLD20_T10_RANK4 j=0 last=true low=true old_ops=11723 ops=8829
RANK4_LOWER class=4 original_ops=13139 new_ops=9831 symbolic_rank_gates=108 paired_macros=178 conditional_clean=true
FOLD20_T10_RANK4 j=2 last=true low=true old_ops=13139 ops=9831
RANK4_LOWER class=4 original_ops=12309 new_ops=9255 symbolic_rank_gates=108 paired_macros=178 conditional_clean=true
FOLD20_T10_RANK4 j=1 last=true low=true old_ops=12309 ops=9255
RANK4_LOWER class=3 original_ops=54985 new_ops=47947 symbolic_rank_gates=704 paired_macros=770 conditional_clean=true
FOLD20_T10_RANK4 j=3 last=false low=true old_ops=54985 ops=47947
FOLD20_PASSIVE_LOWER old=688 new=1138 macros=8 gathers=0
RANK4_LOWER class=3 original_ops=54689 new_ops=47951 symbolic_rank_gates=704 paired_macros=770 conditional_clean=true
FOLD20_T10_RANK4 j=1 last=false low=true old_ops=54689 ops=47951
FOLD20_PASSIVE_LOWER old=260 new=664 macros=6 gathers=0
RANK4_LOWER class=3 original_ops=79129 new_ops=69263 symbolic_rank_gates=896 paired_macros=1000 conditional_clean=true
FOLD20_T10_RANK4 j=0 last=false low=true old_ops=79129 ops=69263
FOLD20_PASSIVE_LOWER old=544 new=872 macros=6 gathers=0
FOLD20_PASSIVE_LOWER old=1082 new=6864 macros=22 gathers=0
FOLD20_PASSIVE_LOWER old=260 new=664 macros=6 gathers=0
RANK4_LOWER class=3 original_ops=78863 new_ops=69271 symbolic_rank_gates=896 paired_macros=1000 conditional_clean=true
FOLD20_T10_RANK4 j=2 last=false low=true old_ops=78863 ops=69271
FOLD20_PASSIVE_LOWER old=544 new=872 macros=6 gathers=0
FOLD20_PASSIVE_LOWER old=326 new=3110 macros=9 gathers=0
FOLD20_PASSIVE_LOWER old=260 new=664 macros=6 gathers=0
FOLD20_PASSIVE_LOWER old=544 new=872 macros=6 gathers=0
FOLD20_PASSIVE_LOWER old=0 new=0 macros=0 gathers=0
FOLD20_PASSIVE_LOWER old=260 new=664 macros=6 gathers=0
FOLD20_PASSIVE_LOWER old=0 new=0 macros=0 gathers=0
RANK4_LOWER class=4 original_ops=10017 new_ops=7799 symbolic_rank_gates=84 paired_macros=106 conditional_clean=true
FOLD20_T10_RANK4 j=3 last=true low=true old_ops=10017 ops=7799
RANK4_LOWER class=4 original_ops=11827 new_ops=8917 symbolic_rank_gates=108 paired_macros=178 conditional_clean=true
RANK4_LOWER class=4 original_ops=12413 new_ops=9343 symbolic_rank_gates=108 paired_macros=178 conditional_clean=true
FOLD20_T10_RANK4 j=0 last=true low=true old_ops=11827 ops=8917
FOLD20_T10_RANK4 j=1 last=true low=true old_ops=12413 ops=9343
RANK4_LOWER class=4 original_ops=13243 new_ops=9919 symbolic_rank_gates=108 paired_macros=178 conditional_clean=true
FOLD20_T10_RANK4 j=2 last=true low=true old_ops=13243 ops=9919
RANK4_LOWER class=3 original_ops=55213 new_ops=48139 symbolic_rank_gates=704 paired_macros=770 conditional_clean=true
FOLD20_T10_RANK4 j=3 last=false low=true old_ops=55213 ops=48139
RANK4_LOWER class=3 original_ops=54917 new_ops=48143 symbolic_rank_gates=704 paired_macros=770 conditional_clean=true
FOLD20_T10_RANK4 j=1 last=false low=true old_ops=54917 ops=48143
FOLD20_PASSIVE_LOWER old=688 new=1138 macros=8 gathers=0
FOLD20_PASSIVE_LOWER old=260 new=664 macros=6 gathers=0
FOLD20_PASSIVE_LOWER old=544 new=872 macros=6 gathers=0
FOLD20_PASSIVE_LOWER old=260 new=664 macros=6 gathers=0
RANK4_LOWER class=3 original_ops=79357 new_ops=69455 symbolic_rank_gates=896 paired_macros=1000 conditional_clean=true
FOLD20_T10_RANK4 j=0 last=false low=true old_ops=79357 ops=69455
FOLD20_PASSIVE_LOWER old=1082 new=6864 macros=22 gathers=0
FOLD20_PASSIVE_LOWER old=326 new=3110 macros=9 gathers=0
RANK4_LOWER class=3 original_ops=79091 new_ops=69463 symbolic_rank_gates=896 paired_macros=1000 conditional_clean=true
FOLD20_T10_RANK4 j=2 last=false low=true old_ops=79091 ops=69463
FOLD20_PASSIVE_LOWER old=544 new=872 macros=6 gathers=0
FOLD20_PASSIVE_LOWER old=544 new=872 macros=6 gathers=0
FOLD20_PASSIVE_LOWER old=260 new=664 macros=6 gathers=0
FOLD20_PASSIVE_LOWER old=260 new=664 macros=6 gathers=0
FOLD20_PASSIVE_LOWER old=0 new=0 macros=0 gathers=0
FOLD20_PASSIVE_LOWER old=0 new=0 macros=0 gathers=0
RANK4_LOWER class=4 original_ops=10127 new_ops=7893 symbolic_rank_gates=84 paired_macros=106 conditional_clean=true
FOLD20_T10_RANK4 j=3 last=true low=true old_ops=10127 ops=7893
RANK4_LOWER class=4 original_ops=11937 new_ops=9011 symbolic_rank_gates=108 paired_macros=178 conditional_clean=true
FOLD20_T10_RANK4 j=0 last=true low=true old_ops=11937 ops=9011
RANK4_LOWER class=4 original_ops=12523 new_ops=9437 symbolic_rank_gates=108 paired_macros=178 conditional_clean=true
FOLD20_T10_RANK4 j=1 last=true low=true old_ops=12523 ops=9437
RANK4_LOWER class=4 original_ops=13353 new_ops=10013 symbolic_rank_gates=108 paired_macros=178 conditional_clean=true
FOLD20_T10_RANK4 j=2 last=true low=true old_ops=13353 ops=10013
RANK4_LOWER class=3 original_ops=55437 new_ops=48335 symbolic_rank_gates=704 paired_macros=770 conditional_clean=true
FOLD20_T10_RANK4 j=3 last=false low=true old_ops=55437 ops=48335
RANK4_LOWER class=3 original_ops=55141 new_ops=48339 symbolic_rank_gates=704 paired_macros=770 conditional_clean=true
FOLD20_T10_RANK4 j=1 last=false low=true old_ops=55141 ops=48339
FOLD20_PASSIVE_LOWER old=688 new=1138 macros=8 gathers=0
FOLD20_PASSIVE_LOWER old=260 new=664 macros=6 gathers=0
RANK4_LOWER class=3 original_ops=79581 new_ops=69651 symbolic_rank_gates=896 paired_macros=1000 conditional_clean=true
FOLD20_T10_RANK4 j=0 last=false low=true old_ops=79581 ops=69651
FOLD20_PASSIVE_LOWER old=544 new=872 macros=6 gathers=0
FOLD20_PASSIVE_LOWER old=260 new=664 macros=6 gathers=0
RANK4_LOWER class=3 original_ops=79315 new_ops=69659 symbolic_rank_gates=896 paired_macros=1000 conditional_clean=true
FOLD20_T10_RANK4 j=2 last=false low=true old_ops=79315 ops=69659
FOLD20_PASSIVE_LOWER old=1082 new=6864 macros=22 gathers=0
FOLD20_PASSIVE_LOWER old=326 new=3110 macros=9 gathers=0
FOLD20_PASSIVE_LOWER old=544 new=872 macros=6 gathers=0
FOLD20_PASSIVE_LOWER old=544 new=872 macros=6 gathers=0
FOLD20_PASSIVE_LOWER old=260 new=664 macros=6 gathers=0
FOLD20_PASSIVE_LOWER old=260 new=664 macros=6 gathers=0
FOLD20_PASSIVE_LOWER old=0 new=0 macros=0 gathers=0
FOLD20_PASSIVE_LOWER old=0 new=0 macros=0 gathers=0
RANK4_LOWER class=4 original_ops=10267 new_ops=8005 symbolic_rank_gates=84 paired_macros=106 conditional_clean=true
FOLD20_T10_RANK4 j=3 last=true low=true old_ops=10267 ops=8005
RANK4_LOWER class=4 original_ops=12077 new_ops=9123 symbolic_rank_gates=108 paired_macros=178 conditional_clean=true
FOLD20_T10_RANK4 j=0 last=true low=true old_ops=12077 ops=9123
RANK4_LOWER class=4 original_ops=13493 new_ops=10125 symbolic_rank_gates=108 paired_macros=178 conditional_clean=true
FOLD20_T10_RANK4 j=2 last=true low=true old_ops=13493 ops=10125
RANK4_LOWER class=4 original_ops=12663 new_ops=9549 symbolic_rank_gates=108 paired_macros=178 conditional_clean=true
FOLD20_T10_RANK4 j=1 last=true low=true old_ops=12663 ops=9549
RANK4_LOWER class=3 original_ops=56029 new_ops=48779 symbolic_rank_gates=704 paired_macros=770 conditional_clean=true
FOLD20_T10_RANK4 j=3 last=false low=true old_ops=56029 ops=48779
RANK4_LOWER class=3 original_ops=55733 new_ops=48783 symbolic_rank_gates=704 paired_macros=770 conditional_clean=true
FOLD20_T10_RANK4 j=1 last=false low=true old_ops=55733 ops=48783
FOLD20_PASSIVE_LOWER old=688 new=1138 macros=8 gathers=0
FOLD20_PASSIVE_LOWER old=260 new=664 macros=6 gathers=0
FOLD20_PASSIVE_LOWER old=544 new=872 macros=6 gathers=0
FOLD20_PASSIVE_LOWER old=260 new=664 macros=6 gathers=0
RANK4_LOWER class=3 original_ops=80173 new_ops=70095 symbolic_rank_gates=896 paired_macros=1000 conditional_clean=true
FOLD20_T10_RANK4 j=0 last=false low=true old_ops=80173 ops=70095
RANK4_LOWER class=3 original_ops=79907 new_ops=70103 symbolic_rank_gates=896 paired_macros=1000 conditional_clean=true
FOLD20_T10_RANK4 j=2 last=false low=true old_ops=79907 ops=70103
FOLD20_PASSIVE_LOWER old=1082 new=6864 macros=22 gathers=0
FOLD20_PASSIVE_LOWER old=326 new=3110 macros=9 gathers=0
FOLD20_PASSIVE_LOWER old=544 new=872 macros=6 gathers=0
FOLD20_PASSIVE_LOWER old=260 new=664 macros=6 gathers=0
FOLD20_PASSIVE_LOWER old=544 new=872 macros=6 gathers=0
FOLD20_PASSIVE_LOWER old=0 new=0 macros=0 gathers=0
FOLD20_PASSIVE_LOWER old=260 new=664 macros=6 gathers=0
FOLD20_PASSIVE_LOWER old=0 new=0 macros=0 gathers=0
RANK4_LOWER class=4 original_ops=10409 new_ops=8123 symbolic_rank_gates=84 paired_macros=106 conditional_clean=true
FOLD20_T10_RANK4 j=3 last=true low=true old_ops=10409 ops=8123
RANK4_LOWER class=4 original_ops=12219 new_ops=9241 symbolic_rank_gates=108 paired_macros=178 conditional_clean=true
FOLD20_T10_RANK4 j=0 last=true low=true old_ops=12219 ops=9241
RANK4_LOWER class=4 original_ops=13635 new_ops=10243 symbolic_rank_gates=108 paired_macros=178 conditional_clean=true
FOLD20_T10_RANK4 j=2 last=true low=true old_ops=13635 ops=10243
RANK4_LOWER class=4 original_ops=12805 new_ops=9667 symbolic_rank_gates=108 paired_macros=178 conditional_clean=true
FOLD20_T10_RANK4 j=1 last=true low=true old_ops=12805 ops=9667
RANK4_LOWER class=3 original_ops=56281 new_ops=49003 symbolic_rank_gates=704 paired_macros=770 conditional_clean=true
FOLD20_T10_RANK4 j=3 last=false low=true old_ops=56281 ops=49003
RANK4_LOWER class=3 original_ops=55985 new_ops=49007 symbolic_rank_gates=704 paired_macros=770 conditional_clean=true
FOLD20_T10_RANK4 j=1 last=false low=true old_ops=55985 ops=49007
FOLD20_PASSIVE_LOWER old=688 new=1138 macros=8 gathers=0
FOLD20_PASSIVE_LOWER old=260 new=664 macros=6 gathers=0
FOLD20_PASSIVE_LOWER old=544 new=872 macros=6 gathers=0
FOLD20_PASSIVE_LOWER old=260 new=664 macros=6 gathers=0
FOLD20_PASSIVE_LOWER old=1082 new=6864 macros=22 gathers=0
FOLD20_PASSIVE_LOWER old=326 new=3110 macros=9 gathers=0
RANK4_LOWER class=3 original_ops=80425 new_ops=70319 symbolic_rank_gates=896 paired_macros=1000 conditional_clean=true
FOLD20_T10_RANK4 j=0 last=false low=true old_ops=80425 ops=70319
RANK4_LOWER class=3 original_ops=80159 new_ops=70327 symbolic_rank_gates=896 paired_macros=1000 conditional_clean=true
FOLD20_T10_RANK4 j=2 last=false low=true old_ops=80159 ops=70327
FOLD20_PASSIVE_LOWER old=544 new=872 macros=6 gathers=0
FOLD20_PASSIVE_LOWER old=544 new=872 macros=6 gathers=0
FOLD20_PASSIVE_LOWER old=260 new=664 macros=6 gathers=0
FOLD20_PASSIVE_LOWER old=260 new=664 macros=6 gathers=0
FOLD20_PASSIVE_LOWER old=0 new=0 macros=0 gathers=0
FOLD20_PASSIVE_LOWER old=0 new=0 macros=0 gathers=0
RANK4_LOWER class=4 original_ops=10513 new_ops=8211 symbolic_rank_gates=84 paired_macros=106 conditional_clean=true
FOLD20_T10_RANK4 j=3 last=true low=true old_ops=10513 ops=8211
RANK4_LOWER class=4 original_ops=12323 new_ops=9329 symbolic_rank_gates=108 paired_macros=178 conditional_clean=true
FOLD20_T10_RANK4 j=0 last=true low=true old_ops=12323 ops=9329
RANK4_LOWER class=4 original_ops=12909 new_ops=9755 symbolic_rank_gates=108 paired_macros=178 conditional_clean=true
FOLD20_T10_RANK4 j=1 last=true low=true old_ops=12909 ops=9755
RANK4_LOWER class=4 original_ops=13739 new_ops=10331 symbolic_rank_gates=108 paired_macros=178 conditional_clean=true
FOLD20_T10_RANK4 j=2 last=true low=true old_ops=13739 ops=10331
RANK4_LOWER class=3 original_ops=56541 new_ops=49211 symbolic_rank_gates=704 paired_macros=770 conditional_clean=true
FOLD20_T10_RANK4 j=3 last=false low=true old_ops=56541 ops=49211
RANK4_LOWER class=3 original_ops=56245 new_ops=49215 symbolic_rank_gates=704 paired_macros=770 conditional_clean=true
FOLD20_T10_RANK4 j=1 last=false low=true old_ops=56245 ops=49215
FOLD20_PASSIVE_LOWER old=688 new=1138 macros=8 gathers=0
FOLD20_PASSIVE_LOWER old=260 new=664 macros=6 gathers=0
FOLD20_PASSIVE_LOWER old=544 new=872 macros=6 gathers=0
RANK4_LOWER class=3 original_ops=80685 new_ops=70527 symbolic_rank_gates=896 paired_macros=1000 conditional_clean=true
FOLD20_T10_RANK4 j=0 last=false low=true old_ops=80685 ops=70527
FOLD20_PASSIVE_LOWER old=260 new=664 macros=6 gathers=0
FOLD20_PASSIVE_LOWER old=1082 new=6864 macros=22 gathers=0
FOLD20_PASSIVE_LOWER old=326 new=3110 macros=9 gathers=0
FOLD20_PASSIVE_LOWER old=544 new=872 macros=6 gathers=0
FOLD20_PASSIVE_LOWER old=260 new=664 macros=6 gathers=0
FOLD20_PASSIVE_LOWER old=0 new=0 macros=0 gathers=0
RANK4_LOWER class=3 original_ops=80419 new_ops=70535 symbolic_rank_gates=896 paired_macros=1000 conditional_clean=true
FOLD20_T10_RANK4 j=2 last=false low=true old_ops=80419 ops=70535
FOLD20_PASSIVE_LOWER old=544 new=872 macros=6 gathers=0
FOLD20_PASSIVE_LOWER old=260 new=664 macros=6 gathers=0
FOLD20_PASSIVE_LOWER old=0 new=0 macros=0 gathers=0
RANK4_LOWER class=4 original_ops=10623 new_ops=8305 symbolic_rank_gates=84 paired_macros=106 conditional_clean=true
FOLD20_T10_RANK4 j=3 last=true low=true old_ops=10623 ops=8305
RANK4_LOWER class=4 original_ops=12433 new_ops=9423 symbolic_rank_gates=108 paired_macros=178 conditional_clean=true
FOLD20_T10_RANK4 j=0 last=true low=true old_ops=12433 ops=9423
RANK4_LOWER class=4 original_ops=13019 new_ops=9849 symbolic_rank_gates=108 paired_macros=178 conditional_clean=true
FOLD20_T10_RANK4 j=1 last=true low=true old_ops=13019 ops=9849
RANK4_LOWER class=4 original_ops=13849 new_ops=10425 symbolic_rank_gates=108 paired_macros=178 conditional_clean=true
FOLD20_T10_RANK4 j=2 last=true low=true old_ops=13849 ops=10425
RANK4_LOWER class=3 original_ops=56797 new_ops=49423 symbolic_rank_gates=704 paired_macros=770 conditional_clean=true
FOLD20_T10_RANK4 j=3 last=false low=true old_ops=56797 ops=49423
RANK4_LOWER class=3 original_ops=56501 new_ops=49427 symbolic_rank_gates=704 paired_macros=770 conditional_clean=true
FOLD20_T10_RANK4 j=1 last=false low=true old_ops=56501 ops=49427
FOLD20_PASSIVE_LOWER old=688 new=1138 macros=8 gathers=0
FOLD20_PASSIVE_LOWER old=544 new=872 macros=6 gathers=0
FOLD20_PASSIVE_LOWER old=260 new=664 macros=6 gathers=0
FOLD20_PASSIVE_LOWER old=260 new=664 macros=6 gathers=0
FOLD20_PASSIVE_LOWER old=326 new=3110 macros=9 gathers=0
FOLD20_PASSIVE_LOWER old=1082 new=6864 macros=22 gathers=0
RANK4_LOWER class=3 original_ops=80675 new_ops=70747 symbolic_rank_gates=896 paired_macros=1000 conditional_clean=true
FOLD20_T10_RANK4 j=2 last=false low=true old_ops=80675 ops=70747
RANK4_LOWER class=3 original_ops=80941 new_ops=70739 symbolic_rank_gates=896 paired_macros=1000 conditional_clean=true
FOLD20_T10_RANK4 j=0 last=false low=true old_ops=80941 ops=70739
FOLD20_PASSIVE_LOWER old=544 new=872 macros=6 gathers=0
FOLD20_PASSIVE_LOWER old=544 new=872 macros=6 gathers=0
FOLD20_PASSIVE_LOWER old=260 new=664 macros=6 gathers=0
FOLD20_PASSIVE_LOWER old=260 new=664 macros=6 gathers=0
FOLD20_PASSIVE_LOWER old=0 new=0 macros=0 gathers=0
FOLD20_PASSIVE_LOWER old=0 new=0 macros=0 gathers=0
RANK4_LOWER class=4 original_ops=10727 new_ops=8393 symbolic_rank_gates=84 paired_macros=106 conditional_clean=true
FOLD20_T10_RANK4 j=3 last=true low=true old_ops=10727 ops=8393
RANK4_LOWER class=4 original_ops=12537 new_ops=9511 symbolic_rank_gates=108 paired_macros=178 conditional_clean=true
FOLD20_T10_RANK4 j=0 last=true low=true old_ops=12537 ops=9511
RANK4_LOWER class=4 original_ops=13123 new_ops=9937 symbolic_rank_gates=108 paired_macros=178 conditional_clean=true
FOLD20_T10_RANK4 j=1 last=true low=true old_ops=13123 ops=9937
RANK4_LOWER class=4 original_ops=13953 new_ops=10513 symbolic_rank_gates=108 paired_macros=178 conditional_clean=true
FOLD20_T10_RANK4 j=2 last=true low=true old_ops=13953 ops=10513
RANK4_LOWER class=3 original_ops=57049 new_ops=49631 symbolic_rank_gates=704 paired_macros=770 conditional_clean=true
FOLD20_T10_RANK4 j=3 last=false low=true old_ops=57049 ops=49631
RANK4_LOWER class=3 original_ops=56753 new_ops=49635 symbolic_rank_gates=704 paired_macros=770 conditional_clean=true
FOLD20_T10_RANK4 j=1 last=false low=true old_ops=56753 ops=49635
FOLD20_PASSIVE_LOWER old=688 new=1138 macros=8 gathers=0
FOLD20_PASSIVE_LOWER old=544 new=872 macros=6 gathers=0
FOLD20_PASSIVE_LOWER old=260 new=664 macros=6 gathers=0
FOLD20_PASSIVE_LOWER old=260 new=664 macros=6 gathers=0
RANK4_LOWER class=3 original_ops=80927 new_ops=70955 symbolic_rank_gates=896 paired_macros=1000 conditional_clean=true
FOLD20_T10_RANK4 j=2 last=false low=true old_ops=80927 ops=70955
FOLD20_PASSIVE_LOWER old=1082 new=6864 macros=22 gathers=0
FOLD20_PASSIVE_LOWER old=326 new=3110 macros=9 gathers=0
RANK4_LOWER class=3 original_ops=81193 new_ops=70947 symbolic_rank_gates=896 paired_macros=1000 conditional_clean=true
FOLD20_T10_RANK4 j=0 last=false low=true old_ops=81193 ops=70947
FOLD20_PASSIVE_LOWER old=544 new=872 macros=6 gathers=0
FOLD20_PASSIVE_LOWER old=260 new=664 macros=6 gathers=0
FOLD20_PASSIVE_LOWER old=544 new=872 macros=6 gathers=0
FOLD20_PASSIVE_LOWER old=0 new=0 macros=0 gathers=0
FOLD20_PASSIVE_LOWER old=260 new=664 macros=6 gathers=0
FOLD20_PASSIVE_LOWER old=0 new=0 macros=0 gathers=0
RANK4_LOWER class=4 original_ops=10861 new_ops=8499 symbolic_rank_gates=84 paired_macros=106 conditional_clean=true
FOLD20_T10_RANK4 j=3 last=true low=true old_ops=10861 ops=8499
RANK4_LOWER class=4 original_ops=12671 new_ops=9617 symbolic_rank_gates=108 paired_macros=178 conditional_clean=true
FOLD20_T10_RANK4 j=0 last=true low=true old_ops=12671 ops=9617
RANK4_LOWER class=4 original_ops=13257 new_ops=10043 symbolic_rank_gates=108 paired_macros=178 conditional_clean=true
FOLD20_T10_RANK4 j=1 last=true low=true old_ops=13257 ops=10043
RANK4_LOWER class=4 original_ops=14087 new_ops=10619 symbolic_rank_gates=108 paired_macros=178 conditional_clean=true
FOLD20_T10_RANK4 j=2 last=true low=true old_ops=14087 ops=10619
RANK4_LOWER class=3 original_ops=57301 new_ops=49847 symbolic_rank_gates=704 paired_macros=770 conditional_clean=true
FOLD20_T10_RANK4 j=3 last=false low=true old_ops=57301 ops=49847
RANK4_LOWER class=3 original_ops=57005 new_ops=49851 symbolic_rank_gates=704 paired_macros=770 conditional_clean=true
FOLD20_T10_RANK4 j=1 last=false low=true old_ops=57005 ops=49851
FOLD20_PASSIVE_LOWER old=688 new=1138 macros=8 gathers=0
FOLD20_PASSIVE_LOWER old=260 new=664 macros=6 gathers=0
FOLD20_PASSIVE_LOWER old=544 new=872 macros=6 gathers=0
FOLD20_PASSIVE_LOWER old=260 new=664 macros=6 gathers=0
FOLD20_PASSIVE_LOWER old=1082 new=6864 macros=22 gathers=0
RANK4_LOWER class=3 original_ops=81179 new_ops=71171 symbolic_rank_gates=896 paired_macros=1000 conditional_clean=true
FOLD20_T10_RANK4 j=2 last=false low=true old_ops=81179 ops=71171
FOLD20_PASSIVE_LOWER old=326 new=3110 macros=9 gathers=0
RANK4_LOWER class=3 original_ops=81445 new_ops=71163 symbolic_rank_gates=896 paired_macros=1000 conditional_clean=true
FOLD20_T10_RANK4 j=0 last=false low=true old_ops=81445 ops=71163
FOLD20_PASSIVE_LOWER old=544 new=872 macros=6 gathers=0
FOLD20_PASSIVE_LOWER old=260 new=664 macros=6 gathers=0
FOLD20_PASSIVE_LOWER old=0 new=0 macros=0 gathers=0
FOLD20_PASSIVE_LOWER old=544 new=872 macros=6 gathers=0
FOLD20_PASSIVE_LOWER old=260 new=664 macros=6 gathers=0
FOLD20_PASSIVE_LOWER old=0 new=0 macros=0 gathers=0
RANK4_LOWER class=4 original_ops=10965 new_ops=8587 symbolic_rank_gates=84 paired_macros=106 conditional_clean=true
FOLD20_T10_RANK4 j=3 last=true low=true old_ops=10965 ops=8587
RANK4_LOWER class=4 original_ops=13361 new_ops=10131 symbolic_rank_gates=108 paired_macros=178 conditional_clean=true
FOLD20_T10_RANK4 j=1 last=true low=true old_ops=13361 ops=10131
RANK4_LOWER class=4 original_ops=12775 new_ops=9705 symbolic_rank_gates=108 paired_macros=178 conditional_clean=true
FOLD20_T10_RANK4 j=0 last=true low=true old_ops=12775 ops=9705
RANK4_LOWER class=4 original_ops=14191 new_ops=10707 symbolic_rank_gates=108 paired_macros=178 conditional_clean=true
FOLD20_T10_RANK4 j=2 last=true low=true old_ops=14191 ops=10707
RANK4_LOWER class=3 original_ops=57553 new_ops=50067 symbolic_rank_gates=704 paired_macros=770 conditional_clean=true
FOLD20_T10_RANK4 j=3 last=false low=true old_ops=57553 ops=50067
RANK4_LOWER class=3 original_ops=57257 new_ops=50071 symbolic_rank_gates=704 paired_macros=770 conditional_clean=true
FOLD20_T10_RANK4 j=1 last=false low=true old_ops=57257 ops=50071
FOLD20_PASSIVE_LOWER old=688 new=1138 macros=8 gathers=0
FOLD20_PASSIVE_LOWER old=544 new=872 macros=6 gathers=0
FOLD20_PASSIVE_LOWER old=260 new=664 macros=6 gathers=0
FOLD20_PASSIVE_LOWER old=260 new=664 macros=6 gathers=0
FOLD20_PASSIVE_LOWER old=326 new=3110 macros=9 gathers=0
RANK4_LOWER class=3 original_ops=81697 new_ops=71383 symbolic_rank_gates=896 paired_macros=1000 conditional_clean=true
FOLD20_T10_RANK4 j=0 last=false low=true old_ops=81697 ops=71383
FOLD20_PASSIVE_LOWER old=1082 new=6864 macros=22 gathers=0
RANK4_LOWER class=3 original_ops=81431 new_ops=71391 symbolic_rank_gates=896 paired_macros=1000 conditional_clean=true
FOLD20_T10_RANK4 j=2 last=false low=true old_ops=81431 ops=71391
FOLD20_PASSIVE_LOWER old=544 new=872 macros=6 gathers=0
FOLD20_PASSIVE_LOWER old=260 new=664 macros=6 gathers=0
FOLD20_PASSIVE_LOWER old=544 new=872 macros=6 gathers=0
FOLD20_PASSIVE_LOWER old=0 new=0 macros=0 gathers=0
FOLD20_PASSIVE_LOWER old=260 new=664 macros=6 gathers=0
FOLD20_PASSIVE_LOWER old=0 new=0 macros=0 gathers=0
RANK4_LOWER class=4 original_ops=11075 new_ops=8681 symbolic_rank_gates=84 paired_macros=106 conditional_clean=true
FOLD20_T10_RANK4 j=3 last=true low=true old_ops=11075 ops=8681
RANK4_LOWER class=4 original_ops=14301 new_ops=10801 symbolic_rank_gates=108 paired_macros=178 conditional_clean=true
FOLD20_T10_RANK4 j=2 last=true low=true old_ops=14301 ops=10801
RANK4_LOWER class=4 original_ops=12885 new_ops=9799 symbolic_rank_gates=108 paired_macros=178 conditional_clean=true
FOLD20_T10_RANK4 j=0 last=true low=true old_ops=12885 ops=9799
RANK4_LOWER class=4 original_ops=13471 new_ops=10225 symbolic_rank_gates=108 paired_macros=178 conditional_clean=true
FOLD20_T10_RANK4 j=1 last=true low=true old_ops=13471 ops=10225
RANK4_LOWER class=3 original_ops=57801 new_ops=50295 symbolic_rank_gates=704 paired_macros=770 conditional_clean=true
FOLD20_T10_RANK4 j=3 last=false low=true old_ops=57801 ops=50295
RANK4_LOWER class=3 original_ops=57505 new_ops=50299 symbolic_rank_gates=704 paired_macros=770 conditional_clean=true
FOLD20_T10_RANK4 j=1 last=false low=true old_ops=57505 ops=50299
FOLD20_PASSIVE_LOWER old=688 new=1138 macros=8 gathers=0
FOLD20_PASSIVE_LOWER old=260 new=664 macros=6 gathers=0
FOLD20_PASSIVE_LOWER old=544 new=872 macros=6 gathers=0
FOLD20_PASSIVE_LOWER old=260 new=664 macros=6 gathers=0
RANK4_LOWER class=3 original_ops=81945 new_ops=71611 symbolic_rank_gates=896 paired_macros=1000 conditional_clean=true
FOLD20_T10_RANK4 j=0 last=false low=true old_ops=81945 ops=71611
RANK4_LOWER class=3 original_ops=81679 new_ops=71619 symbolic_rank_gates=896 paired_macros=1000 conditional_clean=true
FOLD20_T10_RANK4 j=2 last=false low=true old_ops=81679 ops=71619
FOLD20_PASSIVE_LOWER old=1082 new=6864 macros=22 gathers=0
FOLD20_PASSIVE_LOWER old=326 new=3110 macros=9 gathers=0
FOLD20_PASSIVE_LOWER old=544 new=872 macros=6 gathers=0
FOLD20_PASSIVE_LOWER old=544 new=872 macros=6 gathers=0
FOLD20_PASSIVE_LOWER old=260 new=664 macros=6 gathers=0
FOLD20_PASSIVE_LOWER old=260 new=664 macros=6 gathers=0
FOLD20_PASSIVE_LOWER old=0 new=0 macros=0 gathers=0
FOLD20_PASSIVE_LOWER old=0 new=0 macros=0 gathers=0
RANK4_LOWER class=4 original_ops=11179 new_ops=8769 symbolic_rank_gates=84 paired_macros=106 conditional_clean=true
FOLD20_T10_RANK4 j=3 last=true low=true old_ops=11179 ops=8769
RANK4_LOWER class=4 original_ops=12989 new_ops=9887 symbolic_rank_gates=108 paired_macros=178 conditional_clean=true
FOLD20_T10_RANK4 j=0 last=true low=true old_ops=12989 ops=9887
RANK4_LOWER class=4 original_ops=13575 new_ops=10313 symbolic_rank_gates=108 paired_macros=178 conditional_clean=true
FOLD20_T10_RANK4 j=1 last=true low=true old_ops=13575 ops=10313
RANK4_LOWER class=4 original_ops=14405 new_ops=10889 symbolic_rank_gates=108 paired_macros=178 conditional_clean=true
FOLD20_T10_RANK4 j=2 last=true low=true old_ops=14405 ops=10889
RANK4_LOWER class=3 original_ops=58045 new_ops=50503 symbolic_rank_gates=704 paired_macros=770 conditional_clean=true
FOLD20_T10_RANK4 j=3 last=false low=true old_ops=58045 ops=50503
RANK4_LOWER class=3 original_ops=57749 new_ops=50507 symbolic_rank_gates=704 paired_macros=770 conditional_clean=true
FOLD20_T10_RANK4 j=1 last=false low=true old_ops=57749 ops=50507
FOLD20_PASSIVE_LOWER old=688 new=1138 macros=8 gathers=0
FOLD20_PASSIVE_LOWER old=260 new=664 macros=6 gathers=0
FOLD20_PASSIVE_LOWER old=544 new=872 macros=6 gathers=0
FOLD20_PASSIVE_LOWER old=260 new=664 macros=6 gathers=0
RANK4_LOWER class=3 original_ops=82189 new_ops=71819 symbolic_rank_gates=896 paired_macros=1000 conditional_clean=true
FOLD20_T10_RANK4 j=0 last=false low=true old_ops=82189 ops=71819
FOLD20_PASSIVE_LOWER old=1082 new=6864 macros=22 gathers=0
FOLD20_PASSIVE_LOWER old=326 new=3110 macros=9 gathers=0
RANK4_LOWER class=3 original_ops=81923 new_ops=71827 symbolic_rank_gates=896 paired_macros=1000 conditional_clean=true
FOLD20_T10_RANK4 j=2 last=false low=true old_ops=81923 ops=71827
FOLD20_PASSIVE_LOWER old=544 new=872 macros=6 gathers=0
FOLD20_PASSIVE_LOWER old=544 new=872 macros=6 gathers=0
FOLD20_PASSIVE_LOWER old=260 new=664 macros=6 gathers=0
FOLD20_PASSIVE_LOWER old=260 new=664 macros=6 gathers=0
FOLD20_PASSIVE_LOWER old=0 new=0 macros=0 gathers=0
FOLD20_PASSIVE_LOWER old=0 new=0 macros=0 gathers=0
RANK4_LOWER class=4 original_ops=11313 new_ops=8879 symbolic_rank_gates=84 paired_macros=106 conditional_clean=true
FOLD20_T10_RANK4 j=3 last=true low=true old_ops=11313 ops=8879
RANK4_LOWER class=4 original_ops=13709 new_ops=10423 symbolic_rank_gates=108 paired_macros=178 conditional_clean=true
FOLD20_T10_RANK4 j=1 last=true low=true old_ops=13709 ops=10423
RANK4_LOWER class=4 original_ops=13123 new_ops=9997 symbolic_rank_gates=108 paired_macros=178 conditional_clean=true
FOLD20_T10_RANK4 j=0 last=true low=true old_ops=13123 ops=9997
RANK4_LOWER class=4 original_ops=14539 new_ops=10999 symbolic_rank_gates=108 paired_macros=178 conditional_clean=true
FOLD20_T10_RANK4 j=2 last=true low=true old_ops=14539 ops=10999
RANK4_LOWER class=3 original_ops=58293 new_ops=50723 symbolic_rank_gates=704 paired_macros=770 conditional_clean=true
FOLD20_T10_RANK4 j=3 last=false low=true old_ops=58293 ops=50723
RANK4_LOWER class=3 original_ops=57997 new_ops=50727 symbolic_rank_gates=704 paired_macros=770 conditional_clean=true
FOLD20_T10_RANK4 j=1 last=false low=true old_ops=57997 ops=50727
FOLD20_PASSIVE_LOWER old=688 new=1138 macros=8 gathers=0
FOLD20_PASSIVE_LOWER old=260 new=664 macros=6 gathers=0
FOLD20_PASSIVE_LOWER old=544 new=872 macros=6 gathers=0
FOLD20_PASSIVE_LOWER old=260 new=664 macros=6 gathers=0
FOLD20_PASSIVE_LOWER old=1082 new=6864 macros=22 gathers=0
FOLD20_PASSIVE_LOWER old=326 new=3110 macros=9 gathers=0
RANK4_LOWER class=3 original_ops=82437 new_ops=72039 symbolic_rank_gates=896 paired_macros=1000 conditional_clean=true
FOLD20_T10_RANK4 j=0 last=false low=true old_ops=82437 ops=72039
RANK4_LOWER class=3 original_ops=82171 new_ops=72047 symbolic_rank_gates=896 paired_macros=1000 conditional_clean=true
FOLD20_T10_RANK4 j=2 last=false low=true old_ops=82171 ops=72047
FOLD20_PASSIVE_LOWER old=544 new=872 macros=6 gathers=0
FOLD20_PASSIVE_LOWER old=260 new=664 macros=6 gathers=0
FOLD20_PASSIVE_LOWER old=0 new=0 macros=0 gathers=0
FOLD20_PASSIVE_LOWER old=544 new=872 macros=6 gathers=0
FOLD20_PASSIVE_LOWER old=260 new=664 macros=6 gathers=0
FOLD20_PASSIVE_LOWER old=0 new=0 macros=0 gathers=0
RANK4_LOWER class=4 original_ops=11417 new_ops=8967 symbolic_rank_gates=84 paired_macros=106 conditional_clean=true
FOLD20_T10_RANK4 j=3 last=true low=true old_ops=11417 ops=8967
RANK4_LOWER class=4 original_ops=13227 new_ops=10085 symbolic_rank_gates=108 paired_macros=178 conditional_clean=true
FOLD20_T10_RANK4 j=0 last=true low=true old_ops=13227 ops=10085
RANK4_LOWER class=4 original_ops=13813 new_ops=10511 symbolic_rank_gates=108 paired_macros=178 conditional_clean=true
FOLD20_T10_RANK4 j=1 last=true low=true old_ops=13813 ops=10511
RANK4_LOWER class=4 original_ops=14643 new_ops=11087 symbolic_rank_gates=108 paired_macros=178 conditional_clean=true
FOLD20_T10_RANK4 j=2 last=true low=true old_ops=14643 ops=11087
RANK4_LOWER class=3 original_ops=58545 new_ops=50931 symbolic_rank_gates=704 paired_macros=770 conditional_clean=true
FOLD20_T10_RANK4 j=3 last=false low=true old_ops=58545 ops=50931
RANK4_LOWER class=3 original_ops=58249 new_ops=50935 symbolic_rank_gates=704 paired_macros=770 conditional_clean=true
FOLD20_T10_RANK4 j=1 last=false low=true old_ops=58249 ops=50935
FOLD20_PASSIVE_LOWER old=544 new=872 macros=6 gathers=0
FOLD20_PASSIVE_LOWER old=688 new=1138 macros=8 gathers=0
FOLD20_PASSIVE_LOWER old=260 new=664 macros=6 gathers=0
FOLD20_PASSIVE_LOWER old=260 new=664 macros=6 gathers=0
FOLD20_PASSIVE_LOWER old=326 new=3110 macros=9 gathers=0
RANK4_LOWER class=3 original_ops=82423 new_ops=72255 symbolic_rank_gates=896 paired_macros=1000 conditional_clean=true
FOLD20_T10_RANK4 j=2 last=false low=true old_ops=82423 ops=72255
FOLD20_PASSIVE_LOWER old=1082 new=6864 macros=22 gathers=0
RANK4_LOWER class=3 original_ops=82689 new_ops=72247 symbolic_rank_gates=896 paired_macros=1000 conditional_clean=true
FOLD20_T10_RANK4 j=0 last=false low=true old_ops=82689 ops=72247
FOLD20_PASSIVE_LOWER old=544 new=872 macros=6 gathers=0
FOLD20_PASSIVE_LOWER old=260 new=664 macros=6 gathers=0
FOLD20_PASSIVE_LOWER old=544 new=872 macros=6 gathers=0
FOLD20_PASSIVE_LOWER old=0 new=0 macros=0 gathers=0
FOLD20_PASSIVE_LOWER old=260 new=664 macros=6 gathers=0
FOLD20_PASSIVE_LOWER old=0 new=0 macros=0 gathers=0
RANK4_LOWER class=4 original_ops=11527 new_ops=9061 symbolic_rank_gates=84 paired_macros=106 conditional_clean=true
FOLD20_T10_RANK4 j=3 last=true low=true old_ops=11527 ops=9061
RANK4_LOWER class=4 original_ops=13337 new_ops=10179 symbolic_rank_gates=108 paired_macros=178 conditional_clean=true
FOLD20_T10_RANK4 j=0 last=true low=true old_ops=13337 ops=10179
RANK4_LOWER class=4 original_ops=13923 new_ops=10605 symbolic_rank_gates=108 paired_macros=178 conditional_clean=true
FOLD20_T10_RANK4 j=1 last=true low=true old_ops=13923 ops=10605
RANK4_LOWER class=4 original_ops=14753 new_ops=11181 symbolic_rank_gates=108 paired_macros=178 conditional_clean=true
FOLD20_T10_RANK4 j=2 last=true low=true old_ops=14753 ops=11181
RANK4_LOWER class=3 original_ops=58793 new_ops=51143 symbolic_rank_gates=704 paired_macros=770 conditional_clean=true
FOLD20_T10_RANK4 j=3 last=false low=true old_ops=58793 ops=51143
RANK4_LOWER class=3 original_ops=58497 new_ops=51147 symbolic_rank_gates=704 paired_macros=770 conditional_clean=true
FOLD20_T10_RANK4 j=1 last=false low=true old_ops=58497 ops=51147
FOLD20_PASSIVE_LOWER old=688 new=1138 macros=8 gathers=0
FOLD20_PASSIVE_LOWER old=260 new=664 macros=6 gathers=0
FOLD20_PASSIVE_LOWER old=544 new=872 macros=6 gathers=0
FOLD20_PASSIVE_LOWER old=260 new=664 macros=6 gathers=0
FOLD20_PASSIVE_LOWER old=1082 new=6864 macros=22 gathers=0
RANK4_LOWER class=3 original_ops=82937 new_ops=72459 symbolic_rank_gates=896 paired_macros=1000 conditional_clean=true
FOLD20_T10_RANK4 j=0 last=false low=true old_ops=82937 ops=72459
FOLD20_PASSIVE_LOWER old=326 new=3110 macros=9 gathers=0
RANK4_LOWER class=3 original_ops=82671 new_ops=72467 symbolic_rank_gates=896 paired_macros=1000 conditional_clean=true
FOLD20_T10_RANK4 j=2 last=false low=true old_ops=82671 ops=72467
FOLD20_PASSIVE_LOWER old=544 new=872 macros=6 gathers=0
FOLD20_PASSIVE_LOWER old=544 new=872 macros=6 gathers=0
FOLD20_PASSIVE_LOWER old=260 new=664 macros=6 gathers=0
FOLD20_PASSIVE_LOWER old=260 new=664 macros=6 gathers=0
FOLD20_PASSIVE_LOWER old=0 new=0 macros=0 gathers=0
FOLD20_PASSIVE_LOWER old=0 new=0 macros=0 gathers=0
RANK4_LOWER class=4 original_ops=11631 new_ops=9149 symbolic_rank_gates=84 paired_macros=106 conditional_clean=true
FOLD20_T10_RANK4 j=3 last=true low=true old_ops=11631 ops=9149
RANK4_LOWER class=4 original_ops=13441 new_ops=10267 symbolic_rank_gates=108 paired_macros=178 conditional_clean=true
FOLD20_T10_RANK4 j=0 last=true low=true old_ops=13441 ops=10267
RANK4_LOWER class=4 original_ops=14027 new_ops=10693 symbolic_rank_gates=108 paired_macros=178 conditional_clean=true
FOLD20_T10_RANK4 j=1 last=true low=true old_ops=14027 ops=10693
RANK4_LOWER class=4 original_ops=14857 new_ops=11269 symbolic_rank_gates=108 paired_macros=178 conditional_clean=true
FOLD20_T10_RANK4 j=2 last=true low=true old_ops=14857 ops=11269
RANK4_LOWER class=3 original_ops=58741 new_ops=51355 symbolic_rank_gates=704 paired_macros=770 conditional_clean=true
FOLD20_T10_RANK4 j=1 last=false low=true old_ops=58741 ops=51355
RANK4_LOWER class=3 original_ops=59037 new_ops=51351 symbolic_rank_gates=704 paired_macros=770 conditional_clean=true
FOLD20_T10_RANK4 j=3 last=false low=true old_ops=59037 ops=51351
FOLD20_PASSIVE_LOWER old=544 new=872 macros=6 gathers=0
RANK4_LOWER class=3 original_ops=83181 new_ops=72667 symbolic_rank_gates=896 paired_macros=1000 conditional_clean=true
FOLD20_T10_RANK4 j=0 last=false low=true old_ops=83181 ops=72667
FOLD20_PASSIVE_LOWER old=260 new=664 macros=6 gathers=0
FOLD20_PASSIVE_LOWER old=688 new=1138 macros=8 gathers=0
FOLD20_PASSIVE_LOWER old=260 new=664 macros=6 gathers=0
FOLD20_PASSIVE_LOWER old=326 new=3110 macros=9 gathers=0
FOLD20_PASSIVE_LOWER old=544 new=872 macros=6 gathers=0
FOLD20_PASSIVE_LOWER old=260 new=664 macros=6 gathers=0
FOLD20_PASSIVE_LOWER old=1082 new=6864 macros=22 gathers=0
RANK4_LOWER class=3 original_ops=82915 new_ops=72675 symbolic_rank_gates=896 paired_macros=1000 conditional_clean=true
FOLD20_T10_RANK4 j=2 last=false low=true old_ops=82915 ops=72675
FOLD20_PASSIVE_LOWER old=0 new=0 macros=0 gathers=0
FOLD20_PASSIVE_LOWER old=544 new=872 macros=6 gathers=0
FOLD20_PASSIVE_LOWER old=260 new=664 macros=6 gathers=0
FOLD20_PASSIVE_LOWER old=0 new=0 macros=0 gathers=0
RANK4_LOWER class=4 original_ops=11761 new_ops=9255 symbolic_rank_gates=84 paired_macros=106 conditional_clean=true
FOLD20_T10_RANK4 j=3 last=true low=true old_ops=11761 ops=9255
RANK4_LOWER class=4 original_ops=13571 new_ops=10373 symbolic_rank_gates=108 paired_macros=178 conditional_clean=true
FOLD20_T10_RANK4 j=0 last=true low=true old_ops=13571 ops=10373
RANK4_LOWER class=4 original_ops=14157 new_ops=10799 symbolic_rank_gates=108 paired_macros=178 conditional_clean=true
FOLD20_T10_RANK4 j=1 last=true low=true old_ops=14157 ops=10799
RANK4_LOWER class=4 original_ops=14987 new_ops=11375 symbolic_rank_gates=108 paired_macros=178 conditional_clean=true
FOLD20_T10_RANK4 j=2 last=true low=true old_ops=14987 ops=11375
RANK4_LOWER class=3 original_ops=59281 new_ops=51567 symbolic_rank_gates=704 paired_macros=770 conditional_clean=true
FOLD20_T10_RANK4 j=3 last=false low=true old_ops=59281 ops=51567
FOLD20_PASSIVE_LOWER old=688 new=1138 macros=8 gathers=0
RANK4_LOWER class=3 original_ops=58985 new_ops=51571 symbolic_rank_gates=704 paired_macros=770 conditional_clean=true
FOLD20_T10_RANK4 j=1 last=false low=true old_ops=58985 ops=51571
FOLD20_PASSIVE_LOWER old=260 new=664 macros=6 gathers=0
FOLD20_PASSIVE_LOWER old=1082 new=6864 macros=22 gathers=0
FOLD20_PASSIVE_LOWER old=544 new=872 macros=6 gathers=0
FOLD20_PASSIVE_LOWER old=260 new=664 macros=6 gathers=0
RANK4_LOWER class=3 original_ops=83159 new_ops=72891 symbolic_rank_gates=896 paired_macros=1000 conditional_clean=true
FOLD20_T10_RANK4 j=2 last=false low=true old_ops=83159 ops=72891
RANK4_LOWER class=3 original_ops=83425 new_ops=72883 symbolic_rank_gates=896 paired_macros=1000 conditional_clean=true
FOLD20_PASSIVE_LOWER old=326 new=3110 macros=9 gathers=0
FOLD20_T10_RANK4 j=0 last=false low=true old_ops=83425 ops=72883
FOLD20_PASSIVE_LOWER old=544 new=872 macros=6 gathers=0
FOLD20_PASSIVE_LOWER old=260 new=664 macros=6 gathers=0
FOLD20_PASSIVE_LOWER old=0 new=0 macros=0 gathers=0
FOLD20_PASSIVE_LOWER old=544 new=872 macros=6 gathers=0
FOLD20_PASSIVE_LOWER old=260 new=664 macros=6 gathers=0
FOLD20_PASSIVE_LOWER old=0 new=0 macros=0 gathers=0
RANK4_LOWER class=4 original_ops=11865 new_ops=9343 symbolic_rank_gates=84 paired_macros=106 conditional_clean=true
FOLD20_T10_RANK4 j=3 last=true low=true old_ops=11865 ops=9343
RANK4_LOWER class=4 original_ops=14261 new_ops=10887 symbolic_rank_gates=108 paired_macros=178 conditional_clean=true
FOLD20_T10_RANK4 j=1 last=true low=true old_ops=14261 ops=10887
RANK4_LOWER class=4 original_ops=13675 new_ops=10461 symbolic_rank_gates=108 paired_macros=178 conditional_clean=true
FOLD20_T10_RANK4 j=0 last=true low=true old_ops=13675 ops=10461
RANK4_LOWER class=4 original_ops=15091 new_ops=11463 symbolic_rank_gates=108 paired_macros=178 conditional_clean=true
FOLD20_T10_RANK4 j=2 last=true low=true old_ops=15091 ops=11463
RANK4_LOWER class=3 original_ops=59525 new_ops=51775 symbolic_rank_gates=704 paired_macros=770 conditional_clean=true
FOLD20_T10_RANK4 j=3 last=false low=true old_ops=59525 ops=51775
RANK4_LOWER class=3 original_ops=59229 new_ops=51779 symbolic_rank_gates=704 paired_macros=770 conditional_clean=true
FOLD20_T10_RANK4 j=1 last=false low=true old_ops=59229 ops=51779
FOLD20_PASSIVE_LOWER old=688 new=1138 macros=8 gathers=0
FOLD20_PASSIVE_LOWER old=260 new=664 macros=6 gathers=0
FOLD20_PASSIVE_LOWER old=544 new=872 macros=6 gathers=0
FOLD20_PASSIVE_LOWER old=260 new=664 macros=6 gathers=0
FOLD20_PASSIVE_LOWER old=1082 new=6864 macros=22 gathers=0
FOLD20_PASSIVE_LOWER old=326 new=3110 macros=9 gathers=0
RANK4_LOWER class=3 original_ops=83669 new_ops=73091 symbolic_rank_gates=896 paired_macros=1000 conditional_clean=true
FOLD20_T10_RANK4 j=0 last=false low=true old_ops=83669 ops=73091
RANK4_LOWER class=3 original_ops=83403 new_ops=73099 symbolic_rank_gates=896 paired_macros=1000 conditional_clean=true
FOLD20_T10_RANK4 j=2 last=false low=true old_ops=83403 ops=73099
FOLD20_PASSIVE_LOWER old=544 new=872 macros=6 gathers=0
FOLD20_PASSIVE_LOWER old=544 new=872 macros=6 gathers=0
FOLD20_PASSIVE_LOWER old=260 new=664 macros=6 gathers=0
FOLD20_PASSIVE_LOWER old=260 new=664 macros=6 gathers=0
FOLD20_PASSIVE_LOWER old=0 new=0 macros=0 gathers=0
FOLD20_PASSIVE_LOWER old=0 new=0 macros=0 gathers=0
RANK4_LOWER class=4 original_ops=11975 new_ops=9437 symbolic_rank_gates=84 paired_macros=106 conditional_clean=true
FOLD20_T10_RANK4 j=3 last=true low=true old_ops=11975 ops=9437
RANK4_LOWER class=4 original_ops=14371 new_ops=10981 symbolic_rank_gates=108 paired_macros=178 conditional_clean=true
FOLD20_T10_RANK4 j=1 last=true low=true old_ops=14371 ops=10981
RANK4_LOWER class=4 original_ops=13785 new_ops=10555 symbolic_rank_gates=108 paired_macros=178 conditional_clean=true
FOLD20_T10_RANK4 j=0 last=true low=true old_ops=13785 ops=10555
RANK4_LOWER class=4 original_ops=15201 new_ops=11557 symbolic_rank_gates=108 paired_macros=178 conditional_clean=true
FOLD20_T10_RANK4 j=2 last=true low=true old_ops=15201 ops=11557
RANK4_LOWER class=3 original_ops=59765 new_ops=51987 symbolic_rank_gates=704 paired_macros=770 conditional_clean=true
FOLD20_T10_RANK4 j=3 last=false low=true old_ops=59765 ops=51987
RANK4_LOWER class=3 original_ops=59469 new_ops=51991 symbolic_rank_gates=704 paired_macros=770 conditional_clean=true
FOLD20_T10_RANK4 j=1 last=false low=true old_ops=59469 ops=51991
FOLD20_PASSIVE_LOWER old=688 new=1138 macros=8 gathers=0
FOLD20_PASSIVE_LOWER old=260 new=664 macros=6 gathers=0
FOLD20_PASSIVE_LOWER old=544 new=872 macros=6 gathers=0
FOLD20_PASSIVE_LOWER old=260 new=664 macros=6 gathers=0
FOLD20_PASSIVE_LOWER old=1082 new=6864 macros=22 gathers=0
RANK4_LOWER class=3 original_ops=83643 new_ops=73311 symbolic_rank_gates=896 paired_macros=1000 conditional_clean=true
FOLD20_T10_RANK4 j=2 last=false low=true old_ops=83643 ops=73311
FOLD20_PASSIVE_LOWER old=326 new=3110 macros=9 gathers=0
RANK4_LOWER class=3 original_ops=83909 new_ops=73303 symbolic_rank_gates=896 paired_macros=1000 conditional_clean=true
FOLD20_T10_RANK4 j=0 last=false low=true old_ops=83909 ops=73303
FOLD20_PASSIVE_LOWER old=544 new=872 macros=6 gathers=0
FOLD20_PASSIVE_LOWER old=260 new=664 macros=6 gathers=0
FOLD20_PASSIVE_LOWER old=0 new=0 macros=0 gathers=0
FOLD20_PASSIVE_LOWER old=544 new=872 macros=6 gathers=0
FOLD20_PASSIVE_LOWER old=260 new=664 macros=6 gathers=0
FOLD20_PASSIVE_LOWER old=0 new=0 macros=0 gathers=0
RANK4_LOWER class=4 original_ops=12079 new_ops=9525 symbolic_rank_gates=84 paired_macros=106 conditional_clean=true
FOLD20_T10_RANK4 j=3 last=true low=true old_ops=12079 ops=9525
RANK4_LOWER class=4 original_ops=13889 new_ops=10643 symbolic_rank_gates=108 paired_macros=178 conditional_clean=true
FOLD20_T10_RANK4 j=0 last=true low=true old_ops=13889 ops=10643
RANK4_LOWER class=4 original_ops=14475 new_ops=11069 symbolic_rank_gates=108 paired_macros=178 conditional_clean=true
FOLD20_T10_RANK4 j=1 last=true low=true old_ops=14475 ops=11069
RANK4_LOWER class=4 original_ops=15305 new_ops=11645 symbolic_rank_gates=108 paired_macros=178 conditional_clean=true
FOLD20_T10_RANK4 j=2 last=true low=true old_ops=15305 ops=11645
RANK4_LOWER class=3 original_ops=60001 new_ops=52195 symbolic_rank_gates=704 paired_macros=770 conditional_clean=true
FOLD20_T10_RANK4 j=3 last=false low=true old_ops=60001 ops=52195
FOLD20_PASSIVE_LOWER old=688 new=1138 macros=8 gathers=0
FOLD20_PASSIVE_LOWER old=260 new=664 macros=6 gathers=0
RANK4_LOWER class=3 original_ops=84145 new_ops=73511 symbolic_rank_gates=896 paired_macros=1000 conditional_clean=true
FOLD20_T10_RANK4 j=0 last=false low=true old_ops=84145 ops=73511
FOLD20_PASSIVE_LOWER old=1082 new=6864 macros=22 gathers=0
RANK4_LOWER class=3 original_ops=83879 new_ops=73519 symbolic_rank_gates=896 paired_macros=1000 conditional_clean=true
FOLD20_T10_RANK4 j=2 last=false low=true old_ops=83879 ops=73519
RANK4_LOWER class=3 original_ops=59705 new_ops=52199 symbolic_rank_gates=704 paired_macros=770 conditional_clean=true
FOLD20_T10_RANK4 j=1 last=false low=true old_ops=59705 ops=52199
FOLD20_PASSIVE_LOWER old=544 new=872 macros=6 gathers=0
FOLD20_PASSIVE_LOWER old=260 new=664 macros=6 gathers=0
FOLD20_PASSIVE_LOWER old=544 new=872 macros=6 gathers=0
FOLD20_PASSIVE_LOWER old=0 new=0 macros=0 gathers=0
FOLD20_PASSIVE_LOWER old=260 new=664 macros=6 gathers=0
FOLD20_PASSIVE_LOWER old=544 new=872 macros=6 gathers=0
FOLD20_PASSIVE_LOWER old=0 new=0 macros=0 gathers=0
FOLD20_PASSIVE_LOWER old=260 new=664 macros=6 gathers=0
FOLD20_PASSIVE_LOWER old=326 new=3110 macros=9 gathers=0
RANK4_LOWER class=4 original_ops=12371 new_ops=9679 symbolic_rank_gates=84 paired_macros=116 conditional_clean=true
FOLD20_T10_RANK4 j=3 last=true low=true old_ops=12371 ops=9679
RANK4_LOWER class=4 original_ops=14181 new_ops=10797 symbolic_rank_gates=108 paired_macros=188 conditional_clean=true
FOLD20_T10_RANK4 j=0 last=true low=true old_ops=14181 ops=10797
RANK4_LOWER class=4 original_ops=15597 new_ops=11799 symbolic_rank_gates=108 paired_macros=188 conditional_clean=true
FOLD20_T10_RANK4 j=2 last=true low=true old_ops=15597 ops=11799
RANK4_LOWER class=4 original_ops=14767 new_ops=11223 symbolic_rank_gates=108 paired_macros=188 conditional_clean=true
FOLD20_T10_RANK4 j=1 last=true low=true old_ops=14767 ops=11223
RANK4_LOWER class=3 original_ops=60357 new_ops=52417 symbolic_rank_gates=704 paired_macros=780 conditional_clean=true
FOLD20_T10_RANK4 j=3 last=false low=true old_ops=60357 ops=52417
RANK4_LOWER class=3 original_ops=60061 new_ops=52421 symbolic_rank_gates=704 paired_macros=780 conditional_clean=true
FOLD20_T10_RANK4 j=1 last=false low=true old_ops=60061 ops=52421
FOLD20_PASSIVE_LOWER old=688 new=1138 macros=8 gathers=0
FOLD20_PASSIVE_LOWER old=260 new=664 macros=6 gathers=0
FOLD20_PASSIVE_LOWER old=544 new=872 macros=6 gathers=0
FOLD20_PASSIVE_LOWER old=260 new=664 macros=6 gathers=0
RANK4_LOWER class=3 original_ops=84235 new_ops=73741 symbolic_rank_gates=896 paired_macros=1010 conditional_clean=true
FOLD20_T10_RANK4 j=2 last=false low=true old_ops=84235 ops=73741
FOLD20_PASSIVE_LOWER old=1082 new=6864 macros=22 gathers=0
FOLD20_PASSIVE_LOWER old=326 new=3110 macros=9 gathers=0
RANK4_LOWER class=3 original_ops=84501 new_ops=73733 symbolic_rank_gates=896 paired_macros=1010 conditional_clean=true
FOLD20_T10_RANK4 j=0 last=false low=true old_ops=84501 ops=73733
FOLD20_PASSIVE_LOWER old=544 new=872 macros=6 gathers=0
FOLD20_PASSIVE_LOWER old=260 new=664 macros=6 gathers=0
FOLD20_PASSIVE_LOWER old=544 new=872 macros=6 gathers=0
FOLD20_PASSIVE_LOWER old=0 new=0 macros=0 gathers=0
FOLD20_PASSIVE_LOWER old=260 new=664 macros=6 gathers=0
FOLD20_PASSIVE_LOWER old=0 new=0 macros=0 gathers=0
RANK4_LOWER class=4 original_ops=12479 new_ops=9771 symbolic_rank_gates=84 paired_macros=116 conditional_clean=true
FOLD20_T10_RANK4 j=3 last=true low=true old_ops=12479 ops=9771
RANK4_LOWER class=4 original_ops=14289 new_ops=10889 symbolic_rank_gates=108 paired_macros=188 conditional_clean=true
FOLD20_T10_RANK4 j=0 last=true low=true old_ops=14289 ops=10889
RANK4_LOWER class=4 original_ops=14875 new_ops=11315 symbolic_rank_gates=108 paired_macros=188 conditional_clean=true
FOLD20_T10_RANK4 j=1 last=true low=true old_ops=14875 ops=11315
RANK4_LOWER class=4 original_ops=15705 new_ops=11891 symbolic_rank_gates=108 paired_macros=188 conditional_clean=true
FOLD20_T10_RANK4 j=2 last=true low=true old_ops=15705 ops=11891
RANK4_LOWER class=3 original_ops=60565 new_ops=52589 symbolic_rank_gates=704 paired_macros=780 conditional_clean=true
FOLD20_T10_RANK4 j=3 last=false low=true old_ops=60565 ops=52589
RANK4_LOWER class=3 original_ops=60269 new_ops=52593 symbolic_rank_gates=704 paired_macros=780 conditional_clean=true
FOLD20_T10_RANK4 j=1 last=false low=true old_ops=60269 ops=52593
FOLD20_PASSIVE_LOWER old=688 new=1138 macros=8 gathers=0
FOLD20_PASSIVE_LOWER old=260 new=664 macros=6 gathers=0
RANK4_LOWER class=3 original_ops=84709 new_ops=73905 symbolic_rank_gates=896 paired_macros=1010 conditional_clean=true
FOLD20_T10_RANK4 j=0 last=false low=true old_ops=84709 ops=73905
FOLD20_PASSIVE_LOWER old=544 new=872 macros=6 gathers=0
FOLD20_PASSIVE_LOWER old=1082 new=6864 macros=22 gathers=0
FOLD20_PASSIVE_LOWER old=260 new=664 macros=6 gathers=0
RANK4_LOWER class=3 original_ops=84443 new_ops=73913 symbolic_rank_gates=896 paired_macros=1010 conditional_clean=true
FOLD20_T10_RANK4 j=2 last=false low=true old_ops=84443 ops=73913
FOLD20_PASSIVE_LOWER old=544 new=872 macros=6 gathers=0
FOLD20_PASSIVE_LOWER old=260 new=664 macros=6 gathers=0
FOLD20_PASSIVE_LOWER old=326 new=3110 macros=9 gathers=0
FOLD20_PASSIVE_LOWER old=0 new=0 macros=0 gathers=0
FOLD20_PASSIVE_LOWER old=544 new=872 macros=6 gathers=0
FOLD20_PASSIVE_LOWER old=260 new=664 macros=6 gathers=0
FOLD20_PASSIVE_LOWER old=0 new=0 macros=0 gathers=0
RANK4_LOWER class=4 original_ops=12589 new_ops=9865 symbolic_rank_gates=84 paired_macros=116 conditional_clean=true
FOLD20_T10_RANK4 j=3 last=true low=true old_ops=12589 ops=9865
RANK4_LOWER class=4 original_ops=14399 new_ops=10983 symbolic_rank_gates=108 paired_macros=188 conditional_clean=true
FOLD20_T10_RANK4 j=0 last=true low=true old_ops=14399 ops=10983
RANK4_LOWER class=4 original_ops=14985 new_ops=11409 symbolic_rank_gates=108 paired_macros=188 conditional_clean=true
FOLD20_T10_RANK4 j=1 last=true low=true old_ops=14985 ops=11409
RANK4_LOWER class=4 original_ops=15815 new_ops=11985 symbolic_rank_gates=108 paired_macros=188 conditional_clean=true
FOLD20_T10_RANK4 j=2 last=true low=true old_ops=15815 ops=11985
RANK4_LOWER class=3 original_ops=60757 new_ops=52753 symbolic_rank_gates=704 paired_macros=780 conditional_clean=true
FOLD20_T10_RANK4 j=3 last=false low=true old_ops=60757 ops=52753
FOLD20_PASSIVE_LOWER old=688 new=1138 macros=8 gathers=0
FOLD20_PASSIVE_LOWER old=260 new=664 macros=6 gathers=0
RANK4_LOWER class=3 original_ops=84901 new_ops=74069 symbolic_rank_gates=896 paired_macros=1010 conditional_clean=true
FOLD20_T10_RANK4 j=0 last=false low=true old_ops=84901 ops=74069
RANK4_LOWER class=3 original_ops=60461 new_ops=52757 symbolic_rank_gates=704 paired_macros=780 conditional_clean=true
FOLD20_T10_RANK4 j=1 last=false low=true old_ops=60461 ops=52757
FOLD20_PASSIVE_LOWER old=1082 new=6864 macros=22 gathers=0
RANK4_LOWER class=3 original_ops=84635 new_ops=74077 symbolic_rank_gates=896 paired_macros=1010 conditional_clean=true
FOLD20_T10_RANK4 j=2 last=false low=true old_ops=84635 ops=74077
FOLD20_PASSIVE_LOWER old=544 new=872 macros=6 gathers=0
FOLD20_PASSIVE_LOWER old=544 new=872 macros=6 gathers=0
FOLD20_PASSIVE_LOWER old=260 new=664 macros=6 gathers=0
FOLD20_PASSIVE_LOWER old=260 new=664 macros=6 gathers=0
FOLD20_PASSIVE_LOWER old=0 new=0 macros=0 gathers=0
FOLD20_PASSIVE_LOWER old=544 new=872 macros=6 gathers=0
FOLD20_PASSIVE_LOWER old=260 new=664 macros=6 gathers=0
FOLD20_PASSIVE_LOWER old=326 new=3110 macros=9 gathers=0
FOLD20_PASSIVE_LOWER old=0 new=0 macros=0 gathers=0
RANK4_LOWER class=4 original_ops=12697 new_ops=9957 symbolic_rank_gates=84 paired_macros=116 conditional_clean=true
FOLD20_T10_RANK4 j=3 last=true low=true old_ops=12697 ops=9957
RANK4_LOWER class=4 original_ops=14507 new_ops=11075 symbolic_rank_gates=108 paired_macros=188 conditional_clean=true
FOLD20_T10_RANK4 j=0 last=true low=true old_ops=14507 ops=11075
RANK4_LOWER class=4 original_ops=15923 new_ops=12077 symbolic_rank_gates=108 paired_macros=188 conditional_clean=true
FOLD20_T10_RANK4 j=2 last=true low=true old_ops=15923 ops=12077
RANK4_LOWER class=4 original_ops=15093 new_ops=11501 symbolic_rank_gates=108 paired_macros=188 conditional_clean=true
FOLD20_T10_RANK4 j=1 last=true low=true old_ops=15093 ops=11501
RANK4_LOWER class=3 original_ops=61029 new_ops=52973 symbolic_rank_gates=704 paired_macros=780 conditional_clean=true
FOLD20_T10_RANK4 j=3 last=false low=true old_ops=61029 ops=52973
FOLD20_PASSIVE_LOWER old=688 new=1138 macros=8 gathers=0
FOLD20_PASSIVE_LOWER old=260 new=664 macros=6 gathers=0
RANK4_LOWER class=3 original_ops=60733 new_ops=52977 symbolic_rank_gates=704 paired_macros=780 conditional_clean=true
FOLD20_T10_RANK4 j=1 last=false low=true old_ops=60733 ops=52977
RANK4_LOWER class=3 original_ops=85173 new_ops=74289 symbolic_rank_gates=896 paired_macros=1010 conditional_clean=true
FOLD20_T10_RANK4 j=0 last=false low=true old_ops=85173 ops=74289
FOLD20_PASSIVE_LOWER old=1082 new=6864 macros=22 gathers=0
FOLD20_PASSIVE_LOWER old=544 new=872 macros=6 gathers=0
RANK4_LOWER class=3 original_ops=84907 new_ops=74297 symbolic_rank_gates=896 paired_macros=1010 conditional_clean=true
FOLD20_T10_RANK4 j=2 last=false low=true old_ops=84907 ops=74297
FOLD20_PASSIVE_LOWER old=544 new=872 macros=6 gathers=0
FOLD20_PASSIVE_LOWER old=260 new=664 macros=6 gathers=0
FOLD20_PASSIVE_LOWER old=260 new=664 macros=6 gathers=0
FOLD20_PASSIVE_LOWER old=544 new=872 macros=6 gathers=0
FOLD20_PASSIVE_LOWER old=0 new=0 macros=0 gathers=0
FOLD20_PASSIVE_LOWER old=326 new=3110 macros=9 gathers=0
FOLD20_PASSIVE_LOWER old=260 new=664 macros=6 gathers=0
FOLD20_PASSIVE_LOWER old=0 new=0 macros=0 gathers=0
RANK4_LOWER class=4 original_ops=12823 new_ops=10059 symbolic_rank_gates=84 paired_macros=116 conditional_clean=true
FOLD20_T10_RANK4 j=3 last=true low=true old_ops=12823 ops=10059
RANK4_LOWER class=4 original_ops=14633 new_ops=11177 symbolic_rank_gates=108 paired_macros=188 conditional_clean=true
FOLD20_T10_RANK4 j=0 last=true low=true old_ops=14633 ops=11177
RANK4_LOWER class=4 original_ops=15219 new_ops=11603 symbolic_rank_gates=108 paired_macros=188 conditional_clean=true
FOLD20_T10_RANK4 j=1 last=true low=true old_ops=15219 ops=11603
RANK4_LOWER class=4 original_ops=16049 new_ops=12179 symbolic_rank_gates=108 paired_macros=188 conditional_clean=true
FOLD20_T10_RANK4 j=2 last=true low=true old_ops=16049 ops=12179
RANK4_LOWER class=3 original_ops=61241 new_ops=53157 symbolic_rank_gates=704 paired_macros=780 conditional_clean=true
FOLD20_T10_RANK4 j=3 last=false low=true old_ops=61241 ops=53157
RANK4_LOWER class=3 original_ops=60945 new_ops=53161 symbolic_rank_gates=704 paired_macros=780 conditional_clean=true
FOLD20_T10_RANK4 j=1 last=false low=true old_ops=60945 ops=53161
FOLD20_PASSIVE_LOWER old=688 new=1138 macros=8 gathers=0
FOLD20_PASSIVE_LOWER old=544 new=872 macros=6 gathers=0
FOLD20_PASSIVE_LOWER old=260 new=664 macros=6 gathers=0
FOLD20_PASSIVE_LOWER old=260 new=664 macros=6 gathers=0
FOLD20_PASSIVE_LOWER old=326 new=3110 macros=9 gathers=0
FOLD20_PASSIVE_LOWER old=1082 new=6864 macros=22 gathers=0
RANK4_LOWER class=3 original_ops=85385 new_ops=74473 symbolic_rank_gates=896 paired_macros=1010 conditional_clean=true
FOLD20_T10_RANK4 j=0 last=false low=true old_ops=85385 ops=74473
RANK4_LOWER class=3 original_ops=85119 new_ops=74481 symbolic_rank_gates=896 paired_macros=1010 conditional_clean=true
FOLD20_T10_RANK4 j=2 last=false low=true old_ops=85119 ops=74481
FOLD20_PASSIVE_LOWER old=544 new=872 macros=6 gathers=0
FOLD20_PASSIVE_LOWER old=260 new=664 macros=6 gathers=0
FOLD20_PASSIVE_LOWER old=544 new=872 macros=6 gathers=0
FOLD20_PASSIVE_LOWER old=260 new=664 macros=6 gathers=0
FOLD20_PASSIVE_LOWER old=0 new=0 macros=0 gathers=0
FOLD20_PASSIVE_LOWER old=0 new=0 macros=0 gathers=0
RANK4_LOWER class=4 original_ops=12927 new_ops=10147 symbolic_rank_gates=84 paired_macros=116 conditional_clean=true
FOLD20_T10_RANK4 j=3 last=true low=true old_ops=12927 ops=10147
RANK4_LOWER class=4 original_ops=14737 new_ops=11265 symbolic_rank_gates=108 paired_macros=188 conditional_clean=true
FOLD20_T10_RANK4 j=0 last=true low=true old_ops=14737 ops=11265
RANK4_LOWER class=4 original_ops=15323 new_ops=11691 symbolic_rank_gates=108 paired_macros=188 conditional_clean=true
FOLD20_T10_RANK4 j=1 last=true low=true old_ops=15323 ops=11691
RANK4_LOWER class=4 original_ops=16153 new_ops=12267 symbolic_rank_gates=108 paired_macros=188 conditional_clean=true
FOLD20_T10_RANK4 j=2 last=true low=true old_ops=16153 ops=12267
RANK4_LOWER class=3 original_ops=61453 new_ops=53333 symbolic_rank_gates=704 paired_macros=780 conditional_clean=true
FOLD20_T10_RANK4 j=3 last=false low=true old_ops=61453 ops=53333
RANK4_LOWER class=3 original_ops=61157 new_ops=53337 symbolic_rank_gates=704 paired_macros=780 conditional_clean=true
FOLD20_T10_RANK4 j=1 last=false low=true old_ops=61157 ops=53337
FOLD20_PASSIVE_LOWER old=688 new=1138 macros=8 gathers=0
FOLD20_PASSIVE_LOWER old=260 new=664 macros=6 gathers=0
FOLD20_PASSIVE_LOWER old=544 new=872 macros=6 gathers=0
FOLD20_PASSIVE_LOWER old=260 new=664 macros=6 gathers=0
RANK4_LOWER class=3 original_ops=85597 new_ops=74649 symbolic_rank_gates=896 paired_macros=1010 conditional_clean=true
FOLD20_T10_RANK4 j=0 last=false low=true old_ops=85597 ops=74649
FOLD20_PASSIVE_LOWER old=1082 new=6864 macros=22 gathers=0
FOLD20_PASSIVE_LOWER old=326 new=3110 macros=9 gathers=0
RANK4_LOWER class=3 original_ops=85331 new_ops=74657 symbolic_rank_gates=896 paired_macros=1010 conditional_clean=true
FOLD20_T10_RANK4 j=2 last=false low=true old_ops=85331 ops=74657
FOLD20_PASSIVE_LOWER old=544 new=872 macros=6 gathers=0
FOLD20_PASSIVE_LOWER old=260 new=664 macros=6 gathers=0
FOLD20_PASSIVE_LOWER old=544 new=872 macros=6 gathers=0
FOLD20_PASSIVE_LOWER old=0 new=0 macros=0 gathers=0
FOLD20_PASSIVE_LOWER old=260 new=664 macros=6 gathers=0
FOLD20_PASSIVE_LOWER old=0 new=0 macros=0 gathers=0
RANK4_LOWER class=4 original_ops=13037 new_ops=10241 symbolic_rank_gates=84 paired_macros=116 conditional_clean=true
FOLD20_T10_RANK4 j=3 last=true low=true old_ops=13037 ops=10241
RANK4_LOWER class=4 original_ops=14847 new_ops=11359 symbolic_rank_gates=108 paired_macros=188 conditional_clean=true
FOLD20_T10_RANK4 j=0 last=true low=true old_ops=14847 ops=11359
RANK4_LOWER class=4 original_ops=16263 new_ops=12361 symbolic_rank_gates=108 paired_macros=188 conditional_clean=true
FOLD20_T10_RANK4 j=2 last=true low=true old_ops=16263 ops=12361
RANK4_LOWER class=4 original_ops=15433 new_ops=11785 symbolic_rank_gates=108 paired_macros=188 conditional_clean=true
FOLD20_T10_RANK4 j=1 last=true low=true old_ops=15433 ops=11785
RANK4_LOWER class=3 original_ops=61661 new_ops=53513 symbolic_rank_gates=704 paired_macros=780 conditional_clean=true
FOLD20_T10_RANK4 j=3 last=false low=true old_ops=61661 ops=53513
FOLD20_PASSIVE_LOWER old=688 new=1138 macros=8 gathers=0
FOLD20_PASSIVE_LOWER old=260 new=664 macros=6 gathers=0
RANK4_LOWER class=3 original_ops=61365 new_ops=53517 symbolic_rank_gates=704 paired_macros=780 conditional_clean=true
FOLD20_T10_RANK4 j=1 last=false low=true old_ops=61365 ops=53517
RANK4_LOWER class=3 original_ops=85805 new_ops=74829 symbolic_rank_gates=896 paired_macros=1010 conditional_clean=true
FOLD20_T10_RANK4 j=0 last=false low=true old_ops=85805 ops=74829
FOLD20_PASSIVE_LOWER old=1082 new=6864 macros=22 gathers=0
FOLD20_PASSIVE_LOWER old=544 new=872 macros=6 gathers=0
RANK4_LOWER class=3 original_ops=85539 new_ops=74837 symbolic_rank_gates=896 paired_macros=1010 conditional_clean=true
FOLD20_T10_RANK4 j=2 last=false low=true old_ops=85539 ops=74837
FOLD20_PASSIVE_LOWER old=260 new=664 macros=6 gathers=0
FOLD20_PASSIVE_LOWER old=326 new=3110 macros=9 gathers=0
FOLD20_PASSIVE_LOWER old=544 new=872 macros=6 gathers=0
FOLD20_PASSIVE_LOWER old=544 new=872 macros=6 gathers=0
FOLD20_PASSIVE_LOWER old=260 new=664 macros=6 gathers=0
FOLD20_PASSIVE_LOWER old=260 new=664 macros=6 gathers=0
FOLD20_PASSIVE_LOWER old=0 new=0 macros=0 gathers=0
FOLD20_PASSIVE_LOWER old=0 new=0 macros=0 gathers=0
RANK4_LOWER class=4 original_ops=13153 new_ops=10337 symbolic_rank_gates=84 paired_macros=116 conditional_clean=true
FOLD20_T10_RANK4 j=3 last=true low=true old_ops=13153 ops=10337
RANK4_LOWER class=4 original_ops=14963 new_ops=11455 symbolic_rank_gates=108 paired_macros=188 conditional_clean=true
FOLD20_T10_RANK4 j=0 last=true low=true old_ops=14963 ops=11455
RANK4_LOWER class=4 original_ops=16379 new_ops=12457 symbolic_rank_gates=108 paired_macros=188 conditional_clean=true
FOLD20_T10_RANK4 j=2 last=true low=true old_ops=16379 ops=12457
RANK4_LOWER class=4 original_ops=15549 new_ops=11881 symbolic_rank_gates=108 paired_macros=188 conditional_clean=true
FOLD20_T10_RANK4 j=1 last=true low=true old_ops=15549 ops=11881
RANK4_LOWER class=3 original_ops=62045 new_ops=53813 symbolic_rank_gates=704 paired_macros=780 conditional_clean=true
FOLD20_T10_RANK4 j=3 last=false low=true old_ops=62045 ops=53813
FOLD20_PASSIVE_LOWER old=688 new=1138 macros=8 gathers=0
FOLD20_PASSIVE_LOWER old=260 new=664 macros=6 gathers=0
RANK4_LOWER class=3 original_ops=61749 new_ops=53817 symbolic_rank_gates=704 paired_macros=780 conditional_clean=true
FOLD20_T10_RANK4 j=1 last=false low=true old_ops=61749 ops=53817
FOLD20_PASSIVE_LOWER old=1082 new=6864 macros=22 gathers=0
FOLD20_PASSIVE_LOWER old=544 new=872 macros=6 gathers=0
FOLD20_PASSIVE_LOWER old=260 new=664 macros=6 gathers=0
RANK4_LOWER class=3 original_ops=85923 new_ops=75137 symbolic_rank_gates=896 paired_macros=1010 conditional_clean=true
FOLD20_T10_RANK4 j=2 last=false low=true old_ops=85923 ops=75137
RANK4_LOWER class=3 original_ops=86189 new_ops=75129 symbolic_rank_gates=896 paired_macros=1010 conditional_clean=true
FOLD20_T10_RANK4 j=0 last=false low=true old_ops=86189 ops=75129
FOLD20_PASSIVE_LOWER old=326 new=3110 macros=9 gathers=0
FOLD20_PASSIVE_LOWER old=544 new=872 macros=6 gathers=0
FOLD20_PASSIVE_LOWER old=544 new=872 macros=6 gathers=0
FOLD20_PASSIVE_LOWER old=260 new=664 macros=6 gathers=0
FOLD20_PASSIVE_LOWER old=260 new=664 macros=6 gathers=0
FOLD20_PASSIVE_LOWER old=0 new=0 macros=0 gathers=0
FOLD20_PASSIVE_LOWER old=0 new=0 macros=0 gathers=0
RANK4_LOWER class=4 original_ops=13283 new_ops=10443 symbolic_rank_gates=84 paired_macros=116 conditional_clean=true
FOLD20_T10_RANK4 j=3 last=true low=true old_ops=13283 ops=10443
RANK4_LOWER class=4 original_ops=15093 new_ops=11561 symbolic_rank_gates=108 paired_macros=188 conditional_clean=true
FOLD20_T10_RANK4 j=0 last=true low=true old_ops=15093 ops=11561
RANK4_LOWER class=4 original_ops=16509 new_ops=12563 symbolic_rank_gates=108 paired_macros=188 conditional_clean=true
FOLD20_T10_RANK4 j=2 last=true low=true old_ops=16509 ops=12563
RANK4_LOWER class=4 original_ops=15679 new_ops=11987 symbolic_rank_gates=108 paired_macros=188 conditional_clean=true
FOLD20_T10_RANK4 j=1 last=true low=true old_ops=15679 ops=11987
RANK4_LOWER class=3 original_ops=62277 new_ops=54017 symbolic_rank_gates=704 paired_macros=780 conditional_clean=true
FOLD20_T10_RANK4 j=3 last=false low=true old_ops=62277 ops=54017
RANK4_LOWER class=3 original_ops=61981 new_ops=54021 symbolic_rank_gates=704 paired_macros=780 conditional_clean=true
FOLD20_T10_RANK4 j=1 last=false low=true old_ops=61981 ops=54021
FOLD20_PASSIVE_LOWER old=688 new=1138 macros=8 gathers=0
FOLD20_PASSIVE_LOWER old=260 new=664 macros=6 gathers=0
FOLD20_PASSIVE_LOWER old=544 new=872 macros=6 gathers=0
FOLD20_PASSIVE_LOWER old=260 new=664 macros=6 gathers=0
RANK4_LOWER class=3 original_ops=86421 new_ops=75333 symbolic_rank_gates=896 paired_macros=1010 conditional_clean=true
FOLD20_PASSIVE_LOWER old=1082 new=6864 macros=22 gathers=0
FOLD20_T10_RANK4 j=0 last=false low=true old_ops=86421 ops=75333
RANK4_LOWER class=3 original_ops=86155 new_ops=75341 symbolic_rank_gates=896 paired_macros=1010 conditional_clean=true
FOLD20_T10_RANK4 j=2 last=false low=true old_ops=86155 ops=75341
FOLD20_PASSIVE_LOWER old=326 new=3110 macros=9 gathers=0
FOLD20_PASSIVE_LOWER old=544 new=872 macros=6 gathers=0
FOLD20_PASSIVE_LOWER old=544 new=872 macros=6 gathers=0
FOLD20_PASSIVE_LOWER old=260 new=664 macros=6 gathers=0
FOLD20_PASSIVE_LOWER old=260 new=664 macros=6 gathers=0
FOLD20_PASSIVE_LOWER old=0 new=0 macros=0 gathers=0
FOLD20_PASSIVE_LOWER old=0 new=0 macros=0 gathers=0
RANK4_LOWER class=4 original_ops=13387 new_ops=10531 symbolic_rank_gates=84 paired_macros=116 conditional_clean=true
FOLD20_T10_RANK4 j=3 last=true low=true old_ops=13387 ops=10531
RANK4_LOWER class=4 original_ops=15197 new_ops=11649 symbolic_rank_gates=108 paired_macros=188 conditional_clean=true
FOLD20_T10_RANK4 j=0 last=true low=true old_ops=15197 ops=11649
RANK4_LOWER class=4 original_ops=16613 new_ops=12651 symbolic_rank_gates=108 paired_macros=188 conditional_clean=true
FOLD20_T10_RANK4 j=2 last=true low=true old_ops=16613 ops=12651
RANK4_LOWER class=4 original_ops=15783 new_ops=12075 symbolic_rank_gates=108 paired_macros=188 conditional_clean=true
FOLD20_T10_RANK4 j=1 last=true low=true old_ops=15783 ops=12075
RANK4_LOWER class=3 original_ops=62513 new_ops=54209 symbolic_rank_gates=704 paired_macros=780 conditional_clean=true
FOLD20_T10_RANK4 j=3 last=false low=true old_ops=62513 ops=54209
RANK4_LOWER class=3 original_ops=62217 new_ops=54213 symbolic_rank_gates=704 paired_macros=780 conditional_clean=true
FOLD20_T10_RANK4 j=1 last=false low=true old_ops=62217 ops=54213
FOLD20_PASSIVE_LOWER old=688 new=1138 macros=8 gathers=0
FOLD20_PASSIVE_LOWER old=260 new=664 macros=6 gathers=0
RANK4_LOWER class=3 original_ops=86391 new_ops=75533 symbolic_rank_gates=896 paired_macros=1010 conditional_clean=true
FOLD20_PASSIVE_LOWER old=544 new=872 macros=6 gathers=0
FOLD20_T10_RANK4 j=2 last=false low=true old_ops=86391 ops=75533
FOLD20_PASSIVE_LOWER old=260 new=664 macros=6 gathers=0
RANK4_LOWER class=3 original_ops=86657 new_ops=75525 symbolic_rank_gates=896 paired_macros=1010 conditional_clean=true
FOLD20_T10_RANK4 j=0 last=false low=true old_ops=86657 ops=75525
FOLD20_PASSIVE_LOWER old=1082 new=6864 macros=22 gathers=0
FOLD20_PASSIVE_LOWER old=544 new=872 macros=6 gathers=0
FOLD20_PASSIVE_LOWER old=326 new=3110 macros=9 gathers=0
FOLD20_PASSIVE_LOWER old=260 new=664 macros=6 gathers=0
FOLD20_PASSIVE_LOWER old=544 new=872 macros=6 gathers=0
FOLD20_PASSIVE_LOWER old=0 new=0 macros=0 gathers=0
FOLD20_PASSIVE_LOWER old=260 new=664 macros=6 gathers=0
FOLD20_PASSIVE_LOWER old=0 new=0 macros=0 gathers=0
RANK4_LOWER class=4 original_ops=13497 new_ops=10625 symbolic_rank_gates=84 paired_macros=116 conditional_clean=true
FOLD20_T10_RANK4 j=3 last=true low=true old_ops=13497 ops=10625
RANK4_LOWER class=4 original_ops=15307 new_ops=11743 symbolic_rank_gates=108 paired_macros=188 conditional_clean=true
FOLD20_T10_RANK4 j=0 last=true low=true old_ops=15307 ops=11743
RANK4_LOWER class=4 original_ops=16723 new_ops=12745 symbolic_rank_gates=108 paired_macros=188 conditional_clean=true
FOLD20_T10_RANK4 j=2 last=true low=true old_ops=16723 ops=12745
RANK4_LOWER class=4 original_ops=15893 new_ops=12169 symbolic_rank_gates=108 paired_macros=188 conditional_clean=true
FOLD20_T10_RANK4 j=1 last=true low=true old_ops=15893 ops=12169
RANK4_LOWER class=3 original_ops=62745 new_ops=54405 symbolic_rank_gates=704 paired_macros=780 conditional_clean=true
FOLD20_T10_RANK4 j=3 last=false low=true old_ops=62745 ops=54405
FOLD20_PASSIVE_LOWER old=688 new=1138 macros=8 gathers=0
RANK4_LOWER class=3 original_ops=62449 new_ops=54409 symbolic_rank_gates=704 paired_macros=780 conditional_clean=true
FOLD20_T10_RANK4 j=1 last=false low=true old_ops=62449 ops=54409
FOLD20_PASSIVE_LOWER old=260 new=664 macros=6 gathers=0
FOLD20_PASSIVE_LOWER old=544 new=872 macros=6 gathers=0
FOLD20_PASSIVE_LOWER old=260 new=664 macros=6 gathers=0
RANK4_LOWER class=3 original_ops=86889 new_ops=75721 symbolic_rank_gates=896 paired_macros=1010 conditional_clean=true
FOLD20_T10_RANK4 j=0 last=false low=true old_ops=86889 ops=75721
FOLD20_PASSIVE_LOWER old=1082 new=6864 macros=22 gathers=0
RANK4_LOWER class=3 original_ops=86623 new_ops=75729 symbolic_rank_gates=896 paired_macros=1010 conditional_clean=true
FOLD20_PASSIVE_LOWER old=326 new=3110 macros=9 gathers=0
FOLD20_T10_RANK4 j=2 last=false low=true old_ops=86623 ops=75729
FOLD20_PASSIVE_LOWER old=544 new=872 macros=6 gathers=0
FOLD20_PASSIVE_LOWER old=260 new=664 macros=6 gathers=0
FOLD20_PASSIVE_LOWER old=544 new=872 macros=6 gathers=0
FOLD20_PASSIVE_LOWER old=0 new=0 macros=0 gathers=0
FOLD20_PASSIVE_LOWER old=260 new=664 macros=6 gathers=0
FOLD20_PASSIVE_LOWER old=0 new=0 macros=0 gathers=0
RANK4_LOWER class=4 original_ops=13601 new_ops=10713 symbolic_rank_gates=84 paired_macros=116 conditional_clean=true
FOLD20_T10_RANK4 j=3 last=true low=true old_ops=13601 ops=10713
RANK4_LOWER class=4 original_ops=15411 new_ops=11831 symbolic_rank_gates=108 paired_macros=188 conditional_clean=true
FOLD20_T10_RANK4 j=0 last=true low=true old_ops=15411 ops=11831
RANK4_LOWER class=4 original_ops=15997 new_ops=12257 symbolic_rank_gates=108 paired_macros=188 conditional_clean=true
FOLD20_T10_RANK4 j=1 last=true low=true old_ops=15997 ops=12257
RANK4_LOWER class=4 original_ops=16827 new_ops=12833 symbolic_rank_gates=108 paired_macros=188 conditional_clean=true
FOLD20_T10_RANK4 j=2 last=true low=true old_ops=16827 ops=12833
RANK4_LOWER class=3 original_ops=62973 new_ops=54597 symbolic_rank_gates=704 paired_macros=780 conditional_clean=true
FOLD20_T10_RANK4 j=3 last=false low=true old_ops=62973 ops=54597
RANK4_LOWER class=3 original_ops=62677 new_ops=54601 symbolic_rank_gates=704 paired_macros=780 conditional_clean=true
FOLD20_T10_RANK4 j=1 last=false low=true old_ops=62677 ops=54601
FOLD20_PASSIVE_LOWER old=688 new=1138 macros=8 gathers=0
FOLD20_PASSIVE_LOWER old=260 new=664 macros=6 gathers=0
FOLD20_PASSIVE_LOWER old=544 new=872 macros=6 gathers=0
FOLD20_PASSIVE_LOWER old=260 new=664 macros=6 gathers=0
FOLD20_PASSIVE_LOWER old=326 new=3110 macros=9 gathers=0
FOLD20_PASSIVE_LOWER old=1082 new=6864 macros=22 gathers=0
RANK4_LOWER class=3 original_ops=87117 new_ops=75913 symbolic_rank_gates=896 paired_macros=1010 conditional_clean=true
FOLD20_T10_RANK4 j=0 last=false low=true old_ops=87117 ops=75913
RANK4_LOWER class=3 original_ops=86851 new_ops=75921 symbolic_rank_gates=896 paired_macros=1010 conditional_clean=true
FOLD20_T10_RANK4 j=2 last=false low=true old_ops=86851 ops=75921
FOLD20_PASSIVE_LOWER old=544 new=872 macros=6 gathers=0
FOLD20_PASSIVE_LOWER old=260 new=664 macros=6 gathers=0
FOLD20_PASSIVE_LOWER old=544 new=872 macros=6 gathers=0
FOLD20_PASSIVE_LOWER old=0 new=0 macros=0 gathers=0
FOLD20_PASSIVE_LOWER old=260 new=664 macros=6 gathers=0
FOLD20_PASSIVE_LOWER old=0 new=0 macros=0 gathers=0
RANK4_LOWER class=4 original_ops=13727 new_ops=10815 symbolic_rank_gates=84 paired_macros=116 conditional_clean=true
FOLD20_T10_RANK4 j=3 last=true low=true old_ops=13727 ops=10815
RANK4_LOWER class=4 original_ops=16123 new_ops=12359 symbolic_rank_gates=108 paired_macros=188 conditional_clean=true
FOLD20_T10_RANK4 j=1 last=true low=true old_ops=16123 ops=12359
RANK4_LOWER class=4 original_ops=16953 new_ops=12935 symbolic_rank_gates=108 paired_macros=188 conditional_clean=true
FOLD20_T10_RANK4 j=2 last=true low=true old_ops=16953 ops=12935
RANK4_LOWER class=4 original_ops=15537 new_ops=11933 symbolic_rank_gates=108 paired_macros=188 conditional_clean=true
FOLD20_T10_RANK4 j=0 last=true low=true old_ops=15537 ops=11933
RANK4_LOWER class=3 original_ops=63201 new_ops=54797 symbolic_rank_gates=704 paired_macros=780 conditional_clean=true
FOLD20_T10_RANK4 j=3 last=false low=true old_ops=63201 ops=54797
FOLD20_PASSIVE_LOWER old=688 new=1138 macros=8 gathers=0
RANK4_LOWER class=3 original_ops=62905 new_ops=54801 symbolic_rank_gates=704 paired_macros=780 conditional_clean=true
FOLD20_T10_RANK4 j=1 last=false low=true old_ops=62905 ops=54801
FOLD20_PASSIVE_LOWER old=260 new=664 macros=6 gathers=0
FOLD20_PASSIVE_LOWER old=544 new=872 macros=6 gathers=0
FOLD20_PASSIVE_LOWER old=1082 new=6864 macros=22 gathers=0
FOLD20_PASSIVE_LOWER old=260 new=664 macros=6 gathers=0
FOLD20_PASSIVE_LOWER old=326 new=3110 macros=9 gathers=0
RANK4_LOWER class=3 original_ops=87079 new_ops=76121 symbolic_rank_gates=896 paired_macros=1010 conditional_clean=true
FOLD20_T10_RANK4 j=2 last=false low=true old_ops=87079 ops=76121
RANK4_LOWER class=3 original_ops=87345 new_ops=76113 symbolic_rank_gates=896 paired_macros=1010 conditional_clean=true
FOLD20_T10_RANK4 j=0 last=false low=true old_ops=87345 ops=76113
FOLD20_PASSIVE_LOWER old=544 new=872 macros=6 gathers=0
FOLD20_PASSIVE_LOWER old=260 new=664 macros=6 gathers=0
FOLD20_PASSIVE_LOWER old=544 new=872 macros=6 gathers=0
FOLD20_PASSIVE_LOWER old=260 new=664 macros=6 gathers=0
FOLD20_PASSIVE_LOWER old=0 new=0 macros=0 gathers=0
FOLD20_PASSIVE_LOWER old=0 new=0 macros=0 gathers=0
RANK4_LOWER class=4 original_ops=13831 new_ops=10903 symbolic_rank_gates=84 paired_macros=116 conditional_clean=true
FOLD20_T10_RANK4 j=3 last=true low=true old_ops=13831 ops=10903
RANK4_LOWER class=4 original_ops=15641 new_ops=12021 symbolic_rank_gates=108 paired_macros=188 conditional_clean=true
FOLD20_T10_RANK4 j=0 last=true low=true old_ops=15641 ops=12021
RANK4_LOWER class=4 original_ops=16227 new_ops=12447 symbolic_rank_gates=108 paired_macros=188 conditional_clean=true
FOLD20_T10_RANK4 j=1 last=true low=true old_ops=16227 ops=12447
RANK4_LOWER class=4 original_ops=17057 new_ops=13023 symbolic_rank_gates=108 paired_macros=188 conditional_clean=true
FOLD20_T10_RANK4 j=2 last=true low=true old_ops=17057 ops=13023
RANK4_LOWER class=3 original_ops=63429 new_ops=54989 symbolic_rank_gates=704 paired_macros=780 conditional_clean=true
FOLD20_T10_RANK4 j=3 last=false low=true old_ops=63429 ops=54989
FOLD20_PASSIVE_LOWER old=688 new=1138 macros=8 gathers=0
FOLD20_PASSIVE_LOWER old=260 new=664 macros=6 gathers=0
RANK4_LOWER class=3 original_ops=63133 new_ops=54993 symbolic_rank_gates=704 paired_macros=780 conditional_clean=true
FOLD20_T10_RANK4 j=1 last=false low=true old_ops=63133 ops=54993
RANK4_LOWER class=3 original_ops=87573 new_ops=76305 symbolic_rank_gates=896 paired_macros=1010 conditional_clean=true
FOLD20_T10_RANK4 j=0 last=false low=true old_ops=87573 ops=76305
FOLD20_PASSIVE_LOWER old=1082 new=6864 macros=22 gathers=0
FOLD20_PASSIVE_LOWER old=544 new=872 macros=6 gathers=0
FOLD20_PASSIVE_LOWER old=260 new=664 macros=6 gathers=0
FOLD20_PASSIVE_LOWER old=544 new=872 macros=6 gathers=0
FOLD20_PASSIVE_LOWER old=326 new=3110 macros=9 gathers=0
RANK4_LOWER class=3 original_ops=87307 new_ops=76313 symbolic_rank_gates=896 paired_macros=1010 conditional_clean=true
FOLD20_T10_RANK4 j=2 last=false low=true old_ops=87307 ops=76313
FOLD20_PASSIVE_LOWER old=260 new=664 macros=6 gathers=0
FOLD20_PASSIVE_LOWER old=0 new=0 macros=0 gathers=0
FOLD20_PASSIVE_LOWER old=544 new=872 macros=6 gathers=0
FOLD20_PASSIVE_LOWER old=260 new=664 macros=6 gathers=0
FOLD20_PASSIVE_LOWER old=0 new=0 macros=0 gathers=0
RANK4_LOWER class=4 original_ops=13941 new_ops=10997 symbolic_rank_gates=84 paired_macros=116 conditional_clean=true
FOLD20_T10_RANK4 j=3 last=true low=true old_ops=13941 ops=10997
RANK4_LOWER class=4 original_ops=15751 new_ops=12115 symbolic_rank_gates=108 paired_macros=188 conditional_clean=true
FOLD20_T10_RANK4 j=0 last=true low=true old_ops=15751 ops=12115
RANK4_LOWER class=4 original_ops=16337 new_ops=12541 symbolic_rank_gates=108 paired_macros=188 conditional_clean=true
FOLD20_T10_RANK4 j=1 last=true low=true old_ops=16337 ops=12541
RANK4_LOWER class=4 original_ops=17167 new_ops=13117 symbolic_rank_gates=108 paired_macros=188 conditional_clean=true
FOLD20_T10_RANK4 j=2 last=true low=true old_ops=17167 ops=13117
RANK4_LOWER class=3 original_ops=63653 new_ops=55185 symbolic_rank_gates=704 paired_macros=780 conditional_clean=true
FOLD20_T10_RANK4 j=3 last=false low=true old_ops=63653 ops=55185
RANK4_LOWER class=3 original_ops=63357 new_ops=55189 symbolic_rank_gates=704 paired_macros=780 conditional_clean=true
FOLD20_T10_RANK4 j=1 last=false low=true old_ops=63357 ops=55189
FOLD20_PASSIVE_LOWER old=688 new=1138 macros=8 gathers=0
FOLD20_PASSIVE_LOWER old=260 new=664 macros=6 gathers=0
FOLD20_PASSIVE_LOWER old=544 new=872 macros=6 gathers=0
FOLD20_PASSIVE_LOWER old=260 new=664 macros=6 gathers=0
RANK4_LOWER class=3 original_ops=87797 new_ops=76501 symbolic_rank_gates=896 paired_macros=1010 conditional_clean=true
FOLD20_T10_RANK4 j=0 last=false low=true old_ops=87797 ops=76501
FOLD20_PASSIVE_LOWER old=1082 new=6864 macros=22 gathers=0
RANK4_LOWER class=3 original_ops=87531 new_ops=76509 symbolic_rank_gates=896 paired_macros=1010 conditional_clean=true
FOLD20_PASSIVE_LOWER old=326 new=3110 macros=9 gathers=0
FOLD20_T10_RANK4 j=2 last=false low=true old_ops=87531 ops=76509
FOLD20_PASSIVE_LOWER old=544 new=872 macros=6 gathers=0
FOLD20_PASSIVE_LOWER old=544 new=872 macros=6 gathers=0
FOLD20_PASSIVE_LOWER old=260 new=664 macros=6 gathers=0
FOLD20_PASSIVE_LOWER old=260 new=664 macros=6 gathers=0
FOLD20_PASSIVE_LOWER old=0 new=0 macros=0 gathers=0
FOLD20_PASSIVE_LOWER old=0 new=0 macros=0 gathers=0
RANK4_LOWER class=4 original_ops=14081 new_ops=11109 symbolic_rank_gates=84 paired_macros=116 conditional_clean=true
FOLD20_T10_RANK4 j=3 last=true low=true old_ops=14081 ops=11109
RANK4_LOWER class=4 original_ops=16477 new_ops=12653 symbolic_rank_gates=108 paired_macros=188 conditional_clean=true
FOLD20_T10_RANK4 j=1 last=true low=true old_ops=16477 ops=12653
RANK4_LOWER class=4 original_ops=15891 new_ops=12227 symbolic_rank_gates=108 paired_macros=188 conditional_clean=true
FOLD20_T10_RANK4 j=0 last=true low=true old_ops=15891 ops=12227
RANK4_LOWER class=4 original_ops=17307 new_ops=13229 symbolic_rank_gates=108 paired_macros=188 conditional_clean=true
FOLD20_T10_RANK4 j=2 last=true low=true old_ops=17307 ops=13229
RANK4_LOWER class=3 original_ops=64245 new_ops=55629 symbolic_rank_gates=704 paired_macros=780 conditional_clean=true
FOLD20_T10_RANK4 j=3 last=false low=true old_ops=64245 ops=55629
FOLD20_PASSIVE_LOWER old=688 new=1138 macros=8 gathers=0
FOLD20_PASSIVE_LOWER old=260 new=664 macros=6 gathers=0
RANK4_LOWER class=3 original_ops=63949 new_ops=55633 symbolic_rank_gates=704 paired_macros=780 conditional_clean=true
FOLD20_T10_RANK4 j=1 last=false low=true old_ops=63949 ops=55633
FOLD20_PASSIVE_LOWER old=1082 new=6864 macros=22 gathers=0
RANK4_LOWER class=3 original_ops=88123 new_ops=76953 symbolic_rank_gates=896 paired_macros=1010 conditional_clean=true
FOLD20_T10_RANK4 j=2 last=false low=true old_ops=88123 ops=76953
FOLD20_PASSIVE_LOWER old=544 new=872 macros=6 gathers=0
FOLD20_PASSIVE_LOWER old=260 new=664 macros=6 gathers=0
FOLD20_PASSIVE_LOWER old=544 new=872 macros=6 gathers=0
FOLD20_PASSIVE_LOWER old=326 new=3110 macros=9 gathers=0
FOLD20_PASSIVE_LOWER old=260 new=664 macros=6 gathers=0
RANK4_LOWER class=3 original_ops=88389 new_ops=76945 symbolic_rank_gates=896 paired_macros=1010 conditional_clean=true
FOLD20_T10_RANK4 j=0 last=false low=true old_ops=88389 ops=76945
FOLD20_PASSIVE_LOWER old=0 new=0 macros=0 gathers=0
FOLD20_PASSIVE_LOWER old=544 new=872 macros=6 gathers=0
FOLD20_PASSIVE_LOWER old=260 new=664 macros=6 gathers=0
FOLD20_PASSIVE_LOWER old=0 new=0 macros=0 gathers=0
RANK4_LOWER class=4 original_ops=14223 new_ops=11227 symbolic_rank_gates=84 paired_macros=116 conditional_clean=true
FOLD20_T10_RANK4 j=3 last=true low=true old_ops=14223 ops=11227
RANK4_LOWER class=4 original_ops=16619 new_ops=12771 symbolic_rank_gates=108 paired_macros=188 conditional_clean=true
FOLD20_T10_RANK4 j=1 last=true low=true old_ops=16619 ops=12771
RANK4_LOWER class=4 original_ops=16033 new_ops=12345 symbolic_rank_gates=108 paired_macros=188 conditional_clean=true
FOLD20_T10_RANK4 j=0 last=true low=true old_ops=16033 ops=12345
RANK4_LOWER class=4 original_ops=17449 new_ops=13347 symbolic_rank_gates=108 paired_macros=188 conditional_clean=true
FOLD20_T10_RANK4 j=2 last=true low=true old_ops=17449 ops=13347
RANK4_LOWER class=3 original_ops=64497 new_ops=55853 symbolic_rank_gates=704 paired_macros=780 conditional_clean=true
FOLD20_T10_RANK4 j=3 last=false low=true old_ops=64497 ops=55853
RANK4_LOWER class=3 original_ops=64201 new_ops=55857 symbolic_rank_gates=704 paired_macros=780 conditional_clean=true
FOLD20_T10_RANK4 j=1 last=false low=true old_ops=64201 ops=55857
FOLD20_PASSIVE_LOWER old=688 new=1138 macros=8 gathers=0
FOLD20_PASSIVE_LOWER old=260 new=664 macros=6 gathers=0
FOLD20_PASSIVE_LOWER old=544 new=872 macros=6 gathers=0
FOLD20_PASSIVE_LOWER old=260 new=664 macros=6 gathers=0
FOLD20_PASSIVE_LOWER old=1082 new=6864 macros=22 gathers=0
FOLD20_PASSIVE_LOWER old=326 new=3110 macros=9 gathers=0
RANK4_LOWER class=3 original_ops=88375 new_ops=77177 symbolic_rank_gates=896 paired_macros=1010 conditional_clean=true
FOLD20_T10_RANK4 j=2 last=false low=true old_ops=88375 ops=77177
RANK4_LOWER class=3 original_ops=88641 new_ops=77169 symbolic_rank_gates=896 paired_macros=1010 conditional_clean=true
FOLD20_PASSIVE_LOWER old=544 new=872 macros=6 gathers=0
FOLD20_T10_RANK4 j=0 last=false low=true old_ops=88641 ops=77169
FOLD20_PASSIVE_LOWER old=260 new=664 macros=6 gathers=0
FOLD20_PASSIVE_LOWER old=0 new=0 macros=0 gathers=0
FOLD20_PASSIVE_LOWER old=544 new=872 macros=6 gathers=0
FOLD20_PASSIVE_LOWER old=260 new=664 macros=6 gathers=0
FOLD20_PASSIVE_LOWER old=0 new=0 macros=0 gathers=0
RANK4_LOWER class=4 original_ops=14327 new_ops=11315 symbolic_rank_gates=84 paired_macros=116 conditional_clean=true
FOLD20_T10_RANK4 j=3 last=true low=true old_ops=14327 ops=11315
RANK4_LOWER class=4 original_ops=16723 new_ops=12859 symbolic_rank_gates=108 paired_macros=188 conditional_clean=true
FOLD20_T10_RANK4 j=1 last=true low=true old_ops=16723 ops=12859
RANK4_LOWER class=4 original_ops=17553 new_ops=13435 symbolic_rank_gates=108 paired_macros=188 conditional_clean=true
FOLD20_T10_RANK4 j=2 last=true low=true old_ops=17553 ops=13435
RANK4_LOWER class=4 original_ops=16137 new_ops=12433 symbolic_rank_gates=108 paired_macros=188 conditional_clean=true
FOLD20_T10_RANK4 j=0 last=true low=true old_ops=16137 ops=12433
RANK4_LOWER class=3 original_ops=64757 new_ops=56061 symbolic_rank_gates=704 paired_macros=780 conditional_clean=true
FOLD20_T10_RANK4 j=3 last=false low=true old_ops=64757 ops=56061
RANK4_LOWER class=3 original_ops=64461 new_ops=56065 symbolic_rank_gates=704 paired_macros=780 conditional_clean=true
FOLD20_T10_RANK4 j=1 last=false low=true old_ops=64461 ops=56065
FOLD20_PASSIVE_LOWER old=544 new=872 macros=6 gathers=0
FOLD20_PASSIVE_LOWER old=688 new=1138 macros=8 gathers=0
FOLD20_PASSIVE_LOWER old=260 new=664 macros=6 gathers=0
FOLD20_PASSIVE_LOWER old=260 new=664 macros=6 gathers=0
FOLD20_PASSIVE_LOWER old=326 new=3110 macros=9 gathers=0
RANK4_LOWER class=3 original_ops=88635 new_ops=77385 symbolic_rank_gates=896 paired_macros=1010 conditional_clean=true
FOLD20_T10_RANK4 j=2 last=false low=true old_ops=88635 ops=77385
RANK4_LOWER class=3 original_ops=88901 new_ops=77377 symbolic_rank_gates=896 paired_macros=1010 conditional_clean=true
FOLD20_T10_RANK4 j=0 last=false low=true old_ops=88901 ops=77377
FOLD20_PASSIVE_LOWER old=1082 new=6864 macros=22 gathers=0
FOLD20_PASSIVE_LOWER old=544 new=872 macros=6 gathers=0
FOLD20_PASSIVE_LOWER old=260 new=664 macros=6 gathers=0
FOLD20_PASSIVE_LOWER old=0 new=0 macros=0 gathers=0
FOLD20_PASSIVE_LOWER old=544 new=872 macros=6 gathers=0
FOLD20_PASSIVE_LOWER old=260 new=664 macros=6 gathers=0
FOLD20_PASSIVE_LOWER old=0 new=0 macros=0 gathers=0
RANK4_LOWER class=4 original_ops=14437 new_ops=11409 symbolic_rank_gates=84 paired_macros=116 conditional_clean=true
FOLD20_T10_RANK4 j=3 last=true low=true old_ops=14437 ops=11409
RANK4_LOWER class=4 original_ops=16247 new_ops=12527 symbolic_rank_gates=108 paired_macros=188 conditional_clean=true
FOLD20_T10_RANK4 j=0 last=true low=true old_ops=16247 ops=12527
RANK4_LOWER class=4 original_ops=17663 new_ops=13529 symbolic_rank_gates=108 paired_macros=188 conditional_clean=true
FOLD20_T10_RANK4 j=2 last=true low=true old_ops=17663 ops=13529
RANK4_LOWER class=4 original_ops=16833 new_ops=12953 symbolic_rank_gates=108 paired_macros=188 conditional_clean=true
FOLD20_T10_RANK4 j=1 last=true low=true old_ops=16833 ops=12953
RANK4_LOWER class=3 original_ops=65013 new_ops=56275 symbolic_rank_gates=704 paired_macros=780 conditional_clean=true
FOLD20_T10_RANK4 j=3 last=false low=true old_ops=65013 ops=56275
FOLD20_PASSIVE_LOWER old=688 new=1138 macros=8 gathers=0
RANK4_LOWER class=3 original_ops=64717 new_ops=56279 symbolic_rank_gates=704 paired_macros=780 conditional_clean=true
FOLD20_T10_RANK4 j=1 last=false low=true old_ops=64717 ops=56279
FOLD20_PASSIVE_LOWER old=260 new=664 macros=6 gathers=0
RANK4_LOWER class=3 original_ops=88891 new_ops=77599 symbolic_rank_gates=896 paired_macros=1010 conditional_clean=true
FOLD20_T10_RANK4 j=2 last=false low=true old_ops=88891 ops=77599
FOLD20_PASSIVE_LOWER old=544 new=872 macros=6 gathers=0
FOLD20_PASSIVE_LOWER old=260 new=664 macros=6 gathers=0
FOLD20_PASSIVE_LOWER old=1082 new=6864 macros=22 gathers=0
RANK4_LOWER class=3 original_ops=89157 new_ops=77591 symbolic_rank_gates=896 paired_macros=1010 conditional_clean=true
FOLD20_T10_RANK4 j=0 last=false low=true old_ops=89157 ops=77591
FOLD20_PASSIVE_LOWER old=544 new=872 macros=6 gathers=0
FOLD20_PASSIVE_LOWER old=326 new=3110 macros=9 gathers=0
FOLD20_PASSIVE_LOWER old=260 new=664 macros=6 gathers=0
FOLD20_PASSIVE_LOWER old=544 new=872 macros=6 gathers=0
FOLD20_PASSIVE_LOWER old=0 new=0 macros=0 gathers=0
FOLD20_PASSIVE_LOWER old=260 new=664 macros=6 gathers=0
FOLD20_PASSIVE_LOWER old=0 new=0 macros=0 gathers=0
RANK4_LOWER class=4 original_ops=14541 new_ops=11497 symbolic_rank_gates=84 paired_macros=116 conditional_clean=true
FOLD20_T10_RANK4 j=3 last=true low=true old_ops=14541 ops=11497
RANK4_LOWER class=4 original_ops=16351 new_ops=12615 symbolic_rank_gates=108 paired_macros=188 conditional_clean=true
FOLD20_T10_RANK4 j=0 last=true low=true old_ops=16351 ops=12615
RANK4_LOWER class=4 original_ops=16937 new_ops=13041 symbolic_rank_gates=108 paired_macros=188 conditional_clean=true
RANK4_LOWER class=4 original_ops=17767 new_ops=13617 symbolic_rank_gates=108 paired_macros=188 conditional_clean=true
FOLD20_T10_RANK4 j=1 last=true low=true old_ops=16937 ops=13041
FOLD20_T10_RANK4 j=2 last=true low=true old_ops=17767 ops=13617
RANK4_LOWER class=3 original_ops=65265 new_ops=56483 symbolic_rank_gates=704 paired_macros=780 conditional_clean=true
FOLD20_T10_RANK4 j=3 last=false low=true old_ops=65265 ops=56483
RANK4_LOWER class=3 original_ops=64969 new_ops=56487 symbolic_rank_gates=704 paired_macros=780 conditional_clean=true
FOLD20_T10_RANK4 j=1 last=false low=true old_ops=64969 ops=56487
FOLD20_PASSIVE_LOWER old=688 new=1138 macros=8 gathers=0
FOLD20_PASSIVE_LOWER old=260 new=664 macros=6 gathers=0
FOLD20_PASSIVE_LOWER old=544 new=872 macros=6 gathers=0
FOLD20_PASSIVE_LOWER old=260 new=664 macros=6 gathers=0
FOLD20_PASSIVE_LOWER old=1082 new=6864 macros=22 gathers=0
FOLD20_PASSIVE_LOWER old=326 new=3110 macros=9 gathers=0
RANK4_LOWER class=3 original_ops=89409 new_ops=77799 symbolic_rank_gates=896 paired_macros=1010 conditional_clean=true
FOLD20_T10_RANK4 j=0 last=false low=true old_ops=89409 ops=77799
RANK4_LOWER class=3 original_ops=89143 new_ops=77807 symbolic_rank_gates=896 paired_macros=1010 conditional_clean=true
FOLD20_T10_RANK4 j=2 last=false low=true old_ops=89143 ops=77807
FOLD20_PASSIVE_LOWER old=544 new=872 macros=6 gathers=0
FOLD20_PASSIVE_LOWER old=544 new=872 macros=6 gathers=0
FOLD20_PASSIVE_LOWER old=260 new=664 macros=6 gathers=0
FOLD20_PASSIVE_LOWER old=260 new=664 macros=6 gathers=0
FOLD20_PASSIVE_LOWER old=0 new=0 macros=0 gathers=0
FOLD20_PASSIVE_LOWER old=0 new=0 macros=0 gathers=0
RANK4_LOWER class=4 original_ops=14675 new_ops=11603 symbolic_rank_gates=84 paired_macros=116 conditional_clean=true
FOLD20_T10_RANK4 j=3 last=true low=true old_ops=14675 ops=11603
RANK4_LOWER class=4 original_ops=17901 new_ops=13723 symbolic_rank_gates=108 paired_macros=188 conditional_clean=true
FOLD20_T10_RANK4 j=2 last=true low=true old_ops=17901 ops=13723
RANK4_LOWER class=4 original_ops=16485 new_ops=12721 symbolic_rank_gates=108 paired_macros=188 conditional_clean=true
FOLD20_T10_RANK4 j=0 last=true low=true old_ops=16485 ops=12721
RANK4_LOWER class=4 original_ops=17071 new_ops=13147 symbolic_rank_gates=108 paired_macros=188 conditional_clean=true
FOLD20_T10_RANK4 j=1 last=true low=true old_ops=17071 ops=13147
RANK4_LOWER class=3 original_ops=65517 new_ops=56699 symbolic_rank_gates=704 paired_macros=780 conditional_clean=true
FOLD20_T10_RANK4 j=3 last=false low=true old_ops=65517 ops=56699
FOLD20_PASSIVE_LOWER old=688 new=1138 macros=8 gathers=0
FOLD20_PASSIVE_LOWER old=260 new=664 macros=6 gathers=0
RANK4_LOWER class=3 original_ops=65221 new_ops=56703 symbolic_rank_gates=704 paired_macros=780 conditional_clean=true
FOLD20_T10_RANK4 j=1 last=false low=true old_ops=65221 ops=56703
FOLD20_PASSIVE_LOWER old=1082 new=6864 macros=22 gathers=0
RANK4_LOWER class=3 original_ops=89395 new_ops=78023 symbolic_rank_gates=896 paired_macros=1010 conditional_clean=true
FOLD20_T10_RANK4 j=2 last=false low=true old_ops=89395 ops=78023
FOLD20_PASSIVE_LOWER old=544 new=872 macros=6 gathers=0
FOLD20_PASSIVE_LOWER old=260 new=664 macros=6 gathers=0
FOLD20_PASSIVE_LOWER old=326 new=3110 macros=9 gathers=0
RANK4_LOWER class=3 original_ops=89661 new_ops=78015 symbolic_rank_gates=896 paired_macros=1010 conditional_clean=true
FOLD20_T10_RANK4 j=0 last=false low=true old_ops=89661 ops=78015
FOLD20_PASSIVE_LOWER old=544 new=872 macros=6 gathers=0
FOLD20_PASSIVE_LOWER old=260 new=664 macros=6 gathers=0
FOLD20_PASSIVE_LOWER old=0 new=0 macros=0 gathers=0
FOLD20_PASSIVE_LOWER old=544 new=872 macros=6 gathers=0
FOLD20_PASSIVE_LOWER old=260 new=664 macros=6 gathers=0
FOLD20_PASSIVE_LOWER old=0 new=0 macros=0 gathers=0
RANK4_LOWER class=4 original_ops=14779 new_ops=11691 symbolic_rank_gates=84 paired_macros=116 conditional_clean=true
FOLD20_T10_RANK4 j=3 last=true low=true old_ops=14779 ops=11691
RANK4_LOWER class=4 original_ops=16589 new_ops=12809 symbolic_rank_gates=108 paired_macros=188 conditional_clean=true
FOLD20_T10_RANK4 j=0 last=true low=true old_ops=16589 ops=12809
RANK4_LOWER class=4 original_ops=18005 new_ops=13811 symbolic_rank_gates=108 paired_macros=188 conditional_clean=true
FOLD20_T10_RANK4 j=2 last=true low=true old_ops=18005 ops=13811
RANK4_LOWER class=4 original_ops=17175 new_ops=13235 symbolic_rank_gates=108 paired_macros=188 conditional_clean=true
FOLD20_T10_RANK4 j=1 last=true low=true old_ops=17175 ops=13235
RANK4_LOWER class=3 original_ops=65769 new_ops=56907 symbolic_rank_gates=704 paired_macros=780 conditional_clean=true
FOLD20_T10_RANK4 j=3 last=false low=true old_ops=65769 ops=56907
RANK4_LOWER class=3 original_ops=65473 new_ops=56911 symbolic_rank_gates=704 paired_macros=780 conditional_clean=true
FOLD20_T10_RANK4 j=1 last=false low=true old_ops=65473 ops=56911
FOLD20_PASSIVE_LOWER old=688 new=1138 macros=8 gathers=0
FOLD20_PASSIVE_LOWER old=260 new=664 macros=6 gathers=0
FOLD20_PASSIVE_LOWER old=544 new=872 macros=6 gathers=0
FOLD20_PASSIVE_LOWER old=260 new=664 macros=6 gathers=0
RANK4_LOWER class=3 original_ops=89913 new_ops=78223 symbolic_rank_gates=896 paired_macros=1010 conditional_clean=true
FOLD20_T10_RANK4 j=0 last=false low=true old_ops=89913 ops=78223
RANK4_LOWER class=3 original_ops=89647 new_ops=78231 symbolic_rank_gates=896 paired_macros=1010 conditional_clean=true
FOLD20_PASSIVE_LOWER old=326 new=3110 macros=9 gathers=0
FOLD20_T10_RANK4 j=2 last=false low=true old_ops=89647 ops=78231
FOLD20_PASSIVE_LOWER old=1082 new=6864 macros=22 gathers=0
FOLD20_PASSIVE_LOWER old=544 new=872 macros=6 gathers=0
FOLD20_PASSIVE_LOWER old=544 new=872 macros=6 gathers=0
FOLD20_PASSIVE_LOWER old=260 new=664 macros=6 gathers=0
FOLD20_PASSIVE_LOWER old=260 new=664 macros=6 gathers=0
FOLD20_PASSIVE_LOWER old=0 new=0 macros=0 gathers=0
FOLD20_PASSIVE_LOWER old=0 new=0 macros=0 gathers=0
RANK4_LOWER class=4 original_ops=14889 new_ops=11785 symbolic_rank_gates=84 paired_macros=116 conditional_clean=true
FOLD20_T10_RANK4 j=3 last=true low=true old_ops=14889 ops=11785
RANK4_LOWER class=4 original_ops=16699 new_ops=12903 symbolic_rank_gates=108 paired_macros=188 conditional_clean=true
FOLD20_T10_RANK4 j=0 last=true low=true old_ops=16699 ops=12903
RANK4_LOWER class=4 original_ops=18115 new_ops=13905 symbolic_rank_gates=108 paired_macros=188 conditional_clean=true
FOLD20_T10_RANK4 j=2 last=true low=true old_ops=18115 ops=13905
RANK4_LOWER class=4 original_ops=17285 new_ops=13329 symbolic_rank_gates=108 paired_macros=188 conditional_clean=true
FOLD20_T10_RANK4 j=1 last=true low=true old_ops=17285 ops=13329
RANK4_LOWER class=3 original_ops=66017 new_ops=57119 symbolic_rank_gates=704 paired_macros=780 conditional_clean=true
FOLD20_T10_RANK4 j=3 last=false low=true old_ops=66017 ops=57119
FOLD20_PASSIVE_LOWER old=688 new=1138 macros=8 gathers=0
FOLD20_PASSIVE_LOWER old=260 new=664 macros=6 gathers=0
RANK4_LOWER class=3 original_ops=65721 new_ops=57123 symbolic_rank_gates=704 paired_macros=780 conditional_clean=true
FOLD20_T10_RANK4 j=1 last=false low=true old_ops=65721 ops=57123
FOLD20_PASSIVE_LOWER old=544 new=872 macros=6 gathers=0
FOLD20_PASSIVE_LOWER old=1082 new=6864 macros=22 gathers=0
FOLD20_PASSIVE_LOWER old=260 new=664 macros=6 gathers=0
FOLD20_PASSIVE_LOWER old=326 new=3110 macros=9 gathers=0
RANK4_LOWER class=3 original_ops=89895 new_ops=78443 symbolic_rank_gates=896 paired_macros=1010 conditional_clean=true
FOLD20_T10_RANK4 j=2 last=false low=true old_ops=89895 ops=78443
RANK4_LOWER class=3 original_ops=90161 new_ops=78435 symbolic_rank_gates=896 paired_macros=1010 conditional_clean=true
FOLD20_T10_RANK4 j=0 last=false low=true old_ops=90161 ops=78435
FOLD20_PASSIVE_LOWER old=544 new=872 macros=6 gathers=0
FOLD20_PASSIVE_LOWER old=260 new=664 macros=6 gathers=0
FOLD20_PASSIVE_LOWER old=0 new=0 macros=0 gathers=0
FOLD20_PASSIVE_LOWER old=544 new=872 macros=6 gathers=0
FOLD20_PASSIVE_LOWER old=260 new=664 macros=6 gathers=0
FOLD20_PASSIVE_LOWER old=0 new=0 macros=0 gathers=0
RANK4_LOWER class=4 original_ops=14993 new_ops=11873 symbolic_rank_gates=84 paired_macros=116 conditional_clean=true
FOLD20_T10_RANK4 j=3 last=true low=true old_ops=14993 ops=11873
RANK4_LOWER class=4 original_ops=16803 new_ops=12991 symbolic_rank_gates=108 paired_macros=188 conditional_clean=true
FOLD20_T10_RANK4 j=0 last=true low=true old_ops=16803 ops=12991
RANK4_LOWER class=4 original_ops=18219 new_ops=13993 symbolic_rank_gates=108 paired_macros=188 conditional_clean=true
FOLD20_T10_RANK4 j=2 last=true low=true old_ops=18219 ops=13993
RANK4_LOWER class=4 original_ops=17389 new_ops=13417 symbolic_rank_gates=108 paired_macros=188 conditional_clean=true
FOLD20_T10_RANK4 j=1 last=true low=true old_ops=17389 ops=13417
RANK4_LOWER class=3 original_ops=66261 new_ops=57327 symbolic_rank_gates=704 paired_macros=780 conditional_clean=true
FOLD20_T10_RANK4 j=3 last=false low=true old_ops=66261 ops=57327
RANK4_LOWER class=3 original_ops=65965 new_ops=57331 symbolic_rank_gates=704 paired_macros=780 conditional_clean=true
FOLD20_T10_RANK4 j=1 last=false low=true old_ops=65965 ops=57331
FOLD20_PASSIVE_LOWER old=688 new=1138 macros=8 gathers=0
FOLD20_PASSIVE_LOWER old=260 new=664 macros=6 gathers=0
FOLD20_PASSIVE_LOWER old=544 new=872 macros=6 gathers=0
RANK4_LOWER class=3 original_ops=90139 new_ops=78651 symbolic_rank_gates=896 paired_macros=1010 conditional_clean=true
FOLD20_T10_RANK4 j=2 last=false low=true old_ops=90139 ops=78651
FOLD20_PASSIVE_LOWER old=260 new=664 macros=6 gathers=0
RANK4_LOWER class=3 original_ops=90405 new_ops=78643 symbolic_rank_gates=896 paired_macros=1010 conditional_clean=true
FOLD20_T10_RANK4 j=0 last=false low=true old_ops=90405 ops=78643
FOLD20_PASSIVE_LOWER old=1082 new=6864 macros=22 gathers=0
FOLD20_PASSIVE_LOWER old=326 new=3110 macros=9 gathers=0
FOLD20_PASSIVE_LOWER old=544 new=872 macros=6 gathers=0
FOLD20_PASSIVE_LOWER old=260 new=664 macros=6 gathers=0
FOLD20_PASSIVE_LOWER old=544 new=872 macros=6 gathers=0
FOLD20_PASSIVE_LOWER old=0 new=0 macros=0 gathers=0
FOLD20_PASSIVE_LOWER old=260 new=664 macros=6 gathers=0
FOLD20_PASSIVE_LOWER old=0 new=0 macros=0 gathers=0
RANK4_LOWER class=4 original_ops=15127 new_ops=11983 symbolic_rank_gates=84 paired_macros=116 conditional_clean=true
FOLD20_T10_RANK4 j=3 last=true low=true old_ops=15127 ops=11983
RANK4_LOWER class=4 original_ops=16937 new_ops=13101 symbolic_rank_gates=108 paired_macros=188 conditional_clean=true
FOLD20_T10_RANK4 j=0 last=true low=true old_ops=16937 ops=13101
RANK4_LOWER class=4 original_ops=18353 new_ops=14103 symbolic_rank_gates=108 paired_macros=188 conditional_clean=true
RANK4_LOWER class=4 original_ops=17523 new_ops=13527 symbolic_rank_gates=108 paired_macros=188 conditional_clean=true
FOLD20_T10_RANK4 j=2 last=true low=true old_ops=18353 ops=14103
FOLD20_T10_RANK4 j=1 last=true low=true old_ops=17523 ops=13527
RANK4_LOWER class=3 original_ops=66509 new_ops=57547 symbolic_rank_gates=704 paired_macros=780 conditional_clean=true
FOLD20_T10_RANK4 j=3 last=false low=true old_ops=66509 ops=57547
RANK4_LOWER class=3 original_ops=66213 new_ops=57551 symbolic_rank_gates=704 paired_macros=780 conditional_clean=true
FOLD20_T10_RANK4 j=1 last=false low=true old_ops=66213 ops=57551
FOLD20_PASSIVE_LOWER old=688 new=1138 macros=8 gathers=0
FOLD20_PASSIVE_LOWER old=260 new=664 macros=6 gathers=0
FOLD20_PASSIVE_LOWER old=544 new=872 macros=6 gathers=0
FOLD20_PASSIVE_LOWER old=260 new=664 macros=6 gathers=0
FOLD20_PASSIVE_LOWER old=326 new=3110 macros=9 gathers=0
RANK4_LOWER class=3 original_ops=90653 new_ops=78863 symbolic_rank_gates=896 paired_macros=1010 conditional_clean=true
FOLD20_T10_RANK4 j=0 last=false low=true old_ops=90653 ops=78863
FOLD20_PASSIVE_LOWER old=1082 new=6864 macros=22 gathers=0
RANK4_LOWER class=3 original_ops=90387 new_ops=78871 symbolic_rank_gates=896 paired_macros=1010 conditional_clean=true
FOLD20_T10_RANK4 j=2 last=false low=true old_ops=90387 ops=78871
FOLD20_PASSIVE_LOWER old=544 new=872 macros=6 gathers=0
FOLD20_PASSIVE_LOWER old=544 new=872 macros=6 gathers=0
FOLD20_PASSIVE_LOWER old=260 new=664 macros=6 gathers=0
FOLD20_PASSIVE_LOWER old=260 new=664 macros=6 gathers=0
FOLD20_PASSIVE_LOWER old=0 new=0 macros=0 gathers=0
FOLD20_PASSIVE_LOWER old=0 new=0 macros=0 gathers=0
RANK4_LOWER class=4 original_ops=15231 new_ops=12071 symbolic_rank_gates=84 paired_macros=116 conditional_clean=true
FOLD20_T10_RANK4 j=3 last=true low=true old_ops=15231 ops=12071
RANK4_LOWER class=4 original_ops=17041 new_ops=13189 symbolic_rank_gates=108 paired_macros=188 conditional_clean=true
FOLD20_T10_RANK4 j=0 last=true low=true old_ops=17041 ops=13189
RANK4_LOWER class=4 original_ops=17627 new_ops=13615 symbolic_rank_gates=108 paired_macros=188 conditional_clean=true
FOLD20_T10_RANK4 j=1 last=true low=true old_ops=17627 ops=13615
RANK4_LOWER class=4 original_ops=18457 new_ops=14191 symbolic_rank_gates=108 paired_macros=188 conditional_clean=true
FOLD20_T10_RANK4 j=2 last=true low=true old_ops=18457 ops=14191
RANK4_LOWER class=3 original_ops=66761 new_ops=57757 symbolic_rank_gates=704 paired_macros=780 conditional_clean=true
FOLD20_T10_RANK4 j=3 last=false low=true old_ops=66761 ops=57757
RANK4_LOWER class=3 original_ops=66465 new_ops=57761 symbolic_rank_gates=704 paired_macros=780 conditional_clean=true
FOLD20_T10_RANK4 j=1 last=false low=true old_ops=66465 ops=57761
FOLD20_PASSIVE_LOWER old=688 new=1138 macros=8 gathers=0
FOLD20_PASSIVE_LOWER old=544 new=872 macros=6 gathers=0
FOLD20_PASSIVE_LOWER old=260 new=664 macros=6 gathers=0
FOLD20_PASSIVE_LOWER old=260 new=664 macros=6 gathers=0
RANK4_LOWER class=3 original_ops=90639 new_ops=79081 symbolic_rank_gates=896 paired_macros=1010 conditional_clean=true
FOLD20_T10_RANK4 j=2 last=false low=true old_ops=90639 ops=79081
FOLD20_PASSIVE_LOWER old=326 new=3110 macros=9 gathers=0
FOLD20_PASSIVE_LOWER old=544 new=872 macros=6 gathers=0
FOLD20_PASSIVE_LOWER old=1082 new=6864 macros=22 gathers=0
RANK4_LOWER class=3 original_ops=90905 new_ops=79073 symbolic_rank_gates=896 paired_macros=1010 conditional_clean=true
FOLD20_T10_RANK4 j=0 last=false low=true old_ops=90905 ops=79073
FOLD20_PASSIVE_LOWER old=260 new=664 macros=6 gathers=0
FOLD20_PASSIVE_LOWER old=0 new=0 macros=0 gathers=0
FOLD20_PASSIVE_LOWER old=544 new=872 macros=6 gathers=0
FOLD20_PASSIVE_LOWER old=260 new=664 macros=6 gathers=0
FOLD20_PASSIVE_LOWER old=0 new=0 macros=0 gathers=0
RANK4_LOWER class=4 original_ops=15341 new_ops=12165 symbolic_rank_gates=84 paired_macros=116 conditional_clean=true
FOLD20_T10_RANK4 j=3 last=true low=true old_ops=15341 ops=12165
RANK4_LOWER class=4 original_ops=17151 new_ops=13283 symbolic_rank_gates=108 paired_macros=188 conditional_clean=true
FOLD20_T10_RANK4 j=0 last=true low=true old_ops=17151 ops=13283
RANK4_LOWER class=4 original_ops=18567 new_ops=14285 symbolic_rank_gates=108 paired_macros=188 conditional_clean=true
FOLD20_T10_RANK4 j=2 last=true low=true old_ops=18567 ops=14285
RANK4_LOWER class=4 original_ops=17737 new_ops=13709 symbolic_rank_gates=108 paired_macros=188 conditional_clean=true
FOLD20_T10_RANK4 j=1 last=true low=true old_ops=17737 ops=13709
RANK4_LOWER class=3 original_ops=67009 new_ops=57969 symbolic_rank_gates=704 paired_macros=780 conditional_clean=true
FOLD20_T10_RANK4 j=3 last=false low=true old_ops=67009 ops=57969
FOLD20_PASSIVE_LOWER old=688 new=1138 macros=8 gathers=0
RANK4_LOWER class=3 original_ops=66713 new_ops=57973 symbolic_rank_gates=704 paired_macros=780 conditional_clean=true
FOLD20_T10_RANK4 j=1 last=false low=true old_ops=66713 ops=57973
FOLD20_PASSIVE_LOWER old=260 new=664 macros=6 gathers=0
FOLD20_PASSIVE_LOWER old=544 new=872 macros=6 gathers=0
FOLD20_PASSIVE_LOWER old=260 new=664 macros=6 gathers=0
FOLD20_PASSIVE_LOWER old=1082 new=6864 macros=22 gathers=0
RANK4_LOWER class=3 original_ops=91153 new_ops=79285 symbolic_rank_gates=896 paired_macros=1010 conditional_clean=true
FOLD20_T10_RANK4 j=0 last=false low=true old_ops=91153 ops=79285
RANK4_LOWER class=3 original_ops=90887 new_ops=79293 symbolic_rank_gates=896 paired_macros=1010 conditional_clean=true
FOLD20_T10_RANK4 j=2 last=false low=true old_ops=90887 ops=79293
FOLD20_PASSIVE_LOWER old=326 new=3110 macros=9 gathers=0
FOLD20_PASSIVE_LOWER old=544 new=872 macros=6 gathers=0
FOLD20_PASSIVE_LOWER old=260 new=664 macros=6 gathers=0
FOLD20_PASSIVE_LOWER old=544 new=872 macros=6 gathers=0
FOLD20_PASSIVE_LOWER old=260 new=664 macros=6 gathers=0
FOLD20_PASSIVE_LOWER old=0 new=0 macros=0 gathers=0
FOLD20_PASSIVE_LOWER old=0 new=0 macros=0 gathers=0
RANK4_LOWER class=4 original_ops=15445 new_ops=12253 symbolic_rank_gates=84 paired_macros=116 conditional_clean=true
FOLD20_T10_RANK4 j=3 last=true low=true old_ops=15445 ops=12253
RANK4_LOWER class=4 original_ops=17255 new_ops=13371 symbolic_rank_gates=108 paired_macros=188 conditional_clean=true
FOLD20_T10_RANK4 j=0 last=true low=true old_ops=17255 ops=13371
RANK4_LOWER class=4 original_ops=17841 new_ops=13797 symbolic_rank_gates=108 paired_macros=188 conditional_clean=true
FOLD20_T10_RANK4 j=1 last=true low=true old_ops=17841 ops=13797
RANK4_LOWER class=4 original_ops=18671 new_ops=14373 symbolic_rank_gates=108 paired_macros=188 conditional_clean=true
FOLD20_T10_RANK4 j=2 last=true low=true old_ops=18671 ops=14373
RANK4_LOWER class=3 original_ops=67253 new_ops=58177 symbolic_rank_gates=704 paired_macros=780 conditional_clean=true
FOLD20_T10_RANK4 j=3 last=false low=true old_ops=67253 ops=58177
FOLD20_PASSIVE_LOWER old=688 new=1138 macros=8 gathers=0
RANK4_LOWER class=3 original_ops=66957 new_ops=58181 symbolic_rank_gates=704 paired_macros=780 conditional_clean=true
FOLD20_T10_RANK4 j=1 last=false low=true old_ops=66957 ops=58181
FOLD20_PASSIVE_LOWER old=260 new=664 macros=6 gathers=0
FOLD20_PASSIVE_LOWER old=544 new=872 macros=6 gathers=0
FOLD20_PASSIVE_LOWER old=260 new=664 macros=6 gathers=0
RANK4_LOWER class=3 original_ops=91397 new_ops=79493 symbolic_rank_gates=896 paired_macros=1010 conditional_clean=true
FOLD20_T10_RANK4 j=0 last=false low=true old_ops=91397 ops=79493
FOLD20_PASSIVE_LOWER old=1082 new=6864 macros=22 gathers=0
FOLD20_PASSIVE_LOWER old=326 new=3110 macros=9 gathers=0
FOLD20_PASSIVE_LOWER old=544 new=872 macros=6 gathers=0
RANK4_LOWER class=3 original_ops=91131 new_ops=79501 symbolic_rank_gates=896 paired_macros=1010 conditional_clean=true
FOLD20_T10_RANK4 j=2 last=false low=true old_ops=91131 ops=79501
FOLD20_PASSIVE_LOWER old=260 new=664 macros=6 gathers=0
FOLD20_PASSIVE_LOWER old=0 new=0 macros=0 gathers=0
FOLD20_PASSIVE_LOWER old=544 new=872 macros=6 gathers=0
FOLD20_PASSIVE_LOWER old=260 new=664 macros=6 gathers=0
FOLD20_PASSIVE_LOWER old=0 new=0 macros=0 gathers=0
RANK4_LOWER class=4 original_ops=15575 new_ops=12359 symbolic_rank_gates=84 paired_macros=116 conditional_clean=true
FOLD20_T10_RANK4 j=3 last=true low=true old_ops=15575 ops=12359
RANK4_LOWER class=4 original_ops=17385 new_ops=13477 symbolic_rank_gates=108 paired_macros=188 conditional_clean=true
FOLD20_T10_RANK4 j=0 last=true low=true old_ops=17385 ops=13477
RANK4_LOWER class=4 original_ops=17971 new_ops=13903 symbolic_rank_gates=108 paired_macros=188 conditional_clean=true
FOLD20_T10_RANK4 j=1 last=true low=true old_ops=17971 ops=13903
RANK4_LOWER class=4 original_ops=18801 new_ops=14479 symbolic_rank_gates=108 paired_macros=188 conditional_clean=true
FOLD20_T10_RANK4 j=2 last=true low=true old_ops=18801 ops=14479
RANK4_LOWER class=3 original_ops=67497 new_ops=58393 symbolic_rank_gates=704 paired_macros=780 conditional_clean=true
FOLD20_T10_RANK4 j=3 last=false low=true old_ops=67497 ops=58393
RANK4_LOWER class=3 original_ops=67201 new_ops=58397 symbolic_rank_gates=704 paired_macros=780 conditional_clean=true
FOLD20_T10_RANK4 j=1 last=false low=true old_ops=67201 ops=58397
FOLD20_PASSIVE_LOWER old=688 new=1138 macros=8 gathers=0
RANK4_LOWER class=3 original_ops=91375 new_ops=79717 symbolic_rank_gates=896 paired_macros=1010 conditional_clean=true
FOLD20_T10_RANK4 j=2 last=false low=true old_ops=91375 ops=79717
FOLD20_PASSIVE_LOWER old=260 new=664 macros=6 gathers=0
FOLD20_PASSIVE_LOWER old=544 new=872 macros=6 gathers=0
FOLD20_PASSIVE_LOWER old=260 new=664 macros=6 gathers=0
FOLD20_PASSIVE_LOWER old=544 new=872 macros=6 gathers=0
RANK4_LOWER class=3 original_ops=91641 new_ops=79709 symbolic_rank_gates=896 paired_macros=1010 conditional_clean=true
FOLD20_T10_RANK4 j=0 last=false low=true old_ops=91641 ops=79709
FOLD20_PASSIVE_LOWER old=326 new=3110 macros=9 gathers=0
FOLD20_PASSIVE_LOWER old=1082 new=6864 macros=22 gathers=0
FOLD20_PASSIVE_LOWER old=260 new=664 macros=6 gathers=0
FOLD20_PASSIVE_LOWER old=0 new=0 macros=0 gathers=0
FOLD20_PASSIVE_LOWER old=544 new=872 macros=6 gathers=0
FOLD20_PASSIVE_LOWER old=260 new=664 macros=6 gathers=0
FOLD20_PASSIVE_LOWER old=0 new=0 macros=0 gathers=0
RANK4_LOWER class=4 original_ops=15679 new_ops=12447 symbolic_rank_gates=84 paired_macros=116 conditional_clean=true
FOLD20_T10_RANK4 j=3 last=true low=true old_ops=15679 ops=12447
RANK4_LOWER class=4 original_ops=17489 new_ops=13565 symbolic_rank_gates=108 paired_macros=188 conditional_clean=true
FOLD20_T10_RANK4 j=0 last=true low=true old_ops=17489 ops=13565
RANK4_LOWER class=4 original_ops=18075 new_ops=13991 symbolic_rank_gates=108 paired_macros=188 conditional_clean=true
FOLD20_T10_RANK4 j=1 last=true low=true old_ops=18075 ops=13991
RANK4_LOWER class=4 original_ops=18905 new_ops=14567 symbolic_rank_gates=108 paired_macros=188 conditional_clean=true
FOLD20_T10_RANK4 j=2 last=true low=true old_ops=18905 ops=14567
RANK4_LOWER class=3 original_ops=69129 new_ops=59665 symbolic_rank_gates=704 paired_macros=794 conditional_clean=true
FOLD20_T10_RANK4 j=3 last=false low=true old_ops=69129 ops=59665
RANK4_LOWER class=3 original_ops=68805 new_ops=59669 symbolic_rank_gates=704 paired_macros=794 conditional_clean=true
FOLD20_T10_RANK4 j=1 last=false low=true old_ops=68805 ops=59669
FOLD20_PASSIVE_LOWER old=688 new=1138 macros=8 gathers=0
FOLD20_PASSIVE_LOWER old=260 new=664 macros=6 gathers=0
FOLD20_PASSIVE_LOWER old=544 new=872 macros=6 gathers=0
FOLD20_PASSIVE_LOWER old=260 new=664 macros=6 gathers=0
FOLD20_PASSIVE_LOWER old=1082 new=6864 macros=22 gathers=0
FOLD20_PASSIVE_LOWER old=326 new=3110 macros=9 gathers=0
RANK4_LOWER class=3 original_ops=92849 new_ops=80673 symbolic_rank_gates=896 paired_macros=1024 conditional_clean=true
FOLD20_T10_RANK4 j=0 last=false low=true old_ops=92849 ops=80673
RANK4_LOWER class=3 original_ops=92611 new_ops=80681 symbolic_rank_gates=896 paired_macros=1024 conditional_clean=true
FOLD20_T10_RANK4 j=2 last=false low=true old_ops=92611 ops=80681
FOLD20_PASSIVE_LOWER old=544 new=872 macros=6 gathers=0
FOLD20_PASSIVE_LOWER old=544 new=872 macros=6 gathers=0
FOLD20_PASSIVE_LOWER old=260 new=664 macros=6 gathers=0
FOLD20_PASSIVE_LOWER old=260 new=664 macros=6 gathers=0
FOLD20_PASSIVE_LOWER old=0 new=0 macros=0 gathers=0
FOLD20_PASSIVE_LOWER old=0 new=0 macros=0 gathers=0
RANK4_LOWER class=4 original_ops=15789 new_ops=12541 symbolic_rank_gates=84 paired_macros=116 conditional_clean=true
FOLD20_T10_RANK4 j=3 last=true low=true old_ops=15789 ops=12541
RANK4_LOWER class=4 original_ops=18669 new_ops=14855 symbolic_rank_gates=108 paired_macros=208 conditional_clean=true
FOLD20_T10_RANK4 j=0 last=true low=true old_ops=18669 ops=14855
RANK4_LOWER class=4 original_ops=23239 new_ops=19007 symbolic_rank_gates=108 paired_macros=252 conditional_clean=true
FOLD20_T10_RANK4 j=2 last=true low=true old_ops=23239 ops=19007
RANK4_LOWER class=4 original_ops=21691 new_ops=17779 symbolic_rank_gates=108 paired_macros=246 conditional_clean=true
FOLD20_T10_RANK4 j=1 last=true low=true old_ops=21691 ops=17779
RANK4_LOWER class=3 original_ops=73737 new_ops=63195 symbolic_rank_gates=704 paired_macros=828 conditional_clean=true
FOLD20_T10_RANK4 j=3 last=false low=true old_ops=73737 ops=63195
FOLD20_PASSIVE_LOWER old=688 new=1138 macros=8 gathers=0
FOLD20_PASSIVE_LOWER old=260 new=664 macros=6 gathers=0
RANK4_LOWER class=3 original_ops=73349 new_ops=63199 symbolic_rank_gates=704 paired_macros=828 conditional_clean=true
FOLD20_T10_RANK4 j=1 last=false low=true old_ops=73349 ops=63199
FOLD20_PASSIVE_LOWER old=1082 new=6864 macros=22 gathers=0
FOLD20_PASSIVE_LOWER old=544 new=872 macros=6 gathers=0
FOLD20_PASSIVE_LOWER old=260 new=664 macros=6 gathers=0
FOLD20_PASSIVE_LOWER old=326 new=3110 macros=9 gathers=0
RANK4_LOWER class=3 original_ops=104425 new_ops=89245 symbolic_rank_gates=896 paired_macros=1100 conditional_clean=true
FOLD20_T10_RANK4 j=0 last=false low=true old_ops=104425 ops=89245
RANK4_LOWER class=3 original_ops=102787 new_ops=88195 symbolic_rank_gates=896 paired_macros=1082 conditional_clean=true
FOLD20_T10_RANK4 j=2 last=false low=true old_ops=102787 ops=88195
FOLD20_PASSIVE_LOWER old=544 new=872 macros=6 gathers=0
FOLD20_PASSIVE_LOWER old=544 new=872 macros=6 gathers=0
FOLD20_PASSIVE_LOWER old=260 new=664 macros=6 gathers=0
FOLD20_PASSIVE_LOWER old=260 new=664 macros=6 gathers=0
FOLD20_PASSIVE_LOWER old=0 new=0 macros=0 gathers=0
FOLD20_PASSIVE_LOWER old=0 new=0 macros=0 gathers=0
RANK4_LOWER class=4 original_ops=15857 new_ops=12593 symbolic_rank_gates=84 paired_macros=116 conditional_clean=true
FOLD20_T10_RANK4 j=3 last=true low=true old_ops=15857 ops=12593
RANK4_LOWER class=4 original_ops=18737 new_ops=14907 symbolic_rank_gates=108 paired_macros=208 conditional_clean=true
FOLD20_T10_RANK4 j=0 last=true low=true old_ops=18737 ops=14907
RANK4_LOWER class=4 original_ops=23307 new_ops=19059 symbolic_rank_gates=108 paired_macros=252 conditional_clean=true
FOLD20_T10_RANK4 j=2 last=true low=true old_ops=23307 ops=19059
RANK4_LOWER class=4 original_ops=21759 new_ops=17831 symbolic_rank_gates=108 paired_macros=246 conditional_clean=true
FOLD20_T10_RANK4 j=1 last=true low=true old_ops=21759 ops=17831
RANK4_LOWER class=3 original_ops=73877 new_ops=63319 symbolic_rank_gates=704 paired_macros=828 conditional_clean=true
FOLD20_T10_RANK4 j=3 last=false low=true old_ops=73877 ops=63319
FOLD20_PASSIVE_LOWER old=688 new=1138 macros=8 gathers=0
FOLD20_PASSIVE_LOWER old=260 new=664 macros=6 gathers=0
RANK4_LOWER class=3 original_ops=73489 new_ops=63323 symbolic_rank_gates=704 paired_macros=828 conditional_clean=true
FOLD20_T10_RANK4 j=1 last=false low=true old_ops=73489 ops=63323
FOLD20_PASSIVE_LOWER old=1082 new=6864 macros=22 gathers=0
FOLD20_PASSIVE_LOWER old=544 new=872 macros=6 gathers=0
FOLD20_PASSIVE_LOWER old=260 new=664 macros=6 gathers=0
RANK4_LOWER class=3 original_ops=102927 new_ops=88319 symbolic_rank_gates=896 paired_macros=1082 conditional_clean=true
FOLD20_T10_RANK4 j=2 last=false low=true old_ops=102927 ops=88319
RANK4_LOWER class=3 original_ops=104565 new_ops=89369 symbolic_rank_gates=896 paired_macros=1100 conditional_clean=true
FOLD20_T10_RANK4 j=0 last=false low=true old_ops=104565 ops=89369
FOLD20_PASSIVE_LOWER old=326 new=3110 macros=9 gathers=0
FOLD20_PASSIVE_LOWER old=544 new=872 macros=6 gathers=0
FOLD20_PASSIVE_LOWER old=544 new=872 macros=6 gathers=0
FOLD20_PASSIVE_LOWER old=260 new=664 macros=6 gathers=0
FOLD20_PASSIVE_LOWER old=260 new=664 macros=6 gathers=0
FOLD20_PASSIVE_LOWER old=0 new=0 macros=0 gathers=0
FOLD20_PASSIVE_LOWER old=0 new=0 macros=0 gathers=0
RANK4_LOWER class=4 original_ops=15857 new_ops=12593 symbolic_rank_gates=84 paired_macros=116 conditional_clean=true
FOLD20_T10_RANK4 j=3 last=true low=true old_ops=15857 ops=12593
RANK4_LOWER class=4 original_ops=18737 new_ops=14907 symbolic_rank_gates=108 paired_macros=208 conditional_clean=true
FOLD20_T10_RANK4 j=0 last=true low=true old_ops=18737 ops=14907
RANK4_LOWER class=4 original_ops=23307 new_ops=19059 symbolic_rank_gates=108 paired_macros=252 conditional_clean=true
FOLD20_T10_RANK4 j=2 last=true low=true old_ops=23307 ops=19059
RANK4_LOWER class=4 original_ops=21759 new_ops=17831 symbolic_rank_gates=108 paired_macros=246 conditional_clean=true
FOLD20_T10_RANK4 j=1 last=true low=true old_ops=21759 ops=17831
RANK4_LOWER class=3 original_ops=73877 new_ops=63319 symbolic_rank_gates=704 paired_macros=828 conditional_clean=true
FOLD20_T10_RANK4 j=3 last=false low=true old_ops=73877 ops=63319
FOLD20_PASSIVE_LOWER old=688 new=1138 macros=8 gathers=0
FOLD20_PASSIVE_LOWER old=260 new=664 macros=6 gathers=0
RANK4_LOWER class=3 original_ops=73489 new_ops=63323 symbolic_rank_gates=704 paired_macros=828 conditional_clean=true
FOLD20_T10_RANK4 j=1 last=false low=true old_ops=73489 ops=63323
FOLD20_PASSIVE_LOWER old=1082 new=6864 macros=22 gathers=0
FOLD20_PASSIVE_LOWER old=544 new=872 macros=6 gathers=0
RANK4_LOWER class=3 original_ops=102927 new_ops=88319 symbolic_rank_gates=896 paired_macros=1082 conditional_clean=true
FOLD20_T10_RANK4 j=2 last=false low=true old_ops=102927 ops=88319
FOLD20_PASSIVE_LOWER old=260 new=664 macros=6 gathers=0
RANK4_LOWER class=3 original_ops=104565 new_ops=89369 symbolic_rank_gates=896 paired_macros=1100 conditional_clean=true
FOLD20_T10_RANK4 j=0 last=false low=true old_ops=104565 ops=89369
FOLD20_PASSIVE_LOWER old=544 new=872 macros=6 gathers=0
FOLD20_PASSIVE_LOWER old=326 new=3110 macros=9 gathers=0
FOLD20_PASSIVE_LOWER old=260 new=664 macros=6 gathers=0
FOLD20_PASSIVE_LOWER old=544 new=872 macros=6 gathers=0
FOLD20_PASSIVE_LOWER old=260 new=664 macros=6 gathers=0
FOLD20_PASSIVE_LOWER old=0 new=0 macros=0 gathers=0
FOLD20_PASSIVE_LOWER old=0 new=0 macros=0 gathers=0
RANK4_LOWER class=4 original_ops=15857 new_ops=12593 symbolic_rank_gates=84 paired_macros=116 conditional_clean=true
FOLD20_T10_RANK4 j=3 last=true low=true old_ops=15857 ops=12593
RANK4_LOWER class=4 original_ops=18737 new_ops=14907 symbolic_rank_gates=108 paired_macros=208 conditional_clean=true
FOLD20_T10_RANK4 j=0 last=true low=true old_ops=18737 ops=14907
RANK4_LOWER class=4 original_ops=23307 new_ops=19059 symbolic_rank_gates=108 paired_macros=252 conditional_clean=true
FOLD20_T10_RANK4 j=2 last=true low=true old_ops=23307 ops=19059
RANK4_LOWER class=4 original_ops=21759 new_ops=17831 symbolic_rank_gates=108 paired_macros=246 conditional_clean=true
FOLD20_T10_RANK4 j=1 last=true low=true old_ops=21759 ops=17831
RANK4_LOWER class=3 original_ops=73877 new_ops=63319 symbolic_rank_gates=704 paired_macros=828 conditional_clean=true
FOLD20_T10_RANK4 j=3 last=false low=true old_ops=73877 ops=63319
FOLD20_PASSIVE_LOWER old=688 new=1138 macros=8 gathers=0
FOLD20_PASSIVE_LOWER old=260 new=664 macros=6 gathers=0
RANK4_LOWER class=3 original_ops=73489 new_ops=63323 symbolic_rank_gates=704 paired_macros=828 conditional_clean=true
FOLD20_T10_RANK4 j=1 last=false low=true old_ops=73489 ops=63323
FOLD20_PASSIVE_LOWER old=1082 new=6864 macros=22 gathers=0
FOLD20_PASSIVE_LOWER old=544 new=872 macros=6 gathers=0
FOLD20_PASSIVE_LOWER old=260 new=664 macros=6 gathers=0
RANK4_LOWER class=3 original_ops=102927 new_ops=88319 symbolic_rank_gates=896 paired_macros=1082 conditional_clean=true
FOLD20_T10_RANK4 j=2 last=false low=true old_ops=102927 ops=88319
RANK4_LOWER class=3 original_ops=104565 new_ops=89369 symbolic_rank_gates=896 paired_macros=1100 conditional_clean=true
FOLD20_T10_RANK4 j=0 last=false low=true old_ops=104565 ops=89369
FOLD20_PASSIVE_LOWER old=326 new=3110 macros=9 gathers=0
FOLD20_PASSIVE_LOWER old=544 new=872 macros=6 gathers=0
FOLD20_PASSIVE_LOWER old=260 new=664 macros=6 gathers=0
FOLD20_PASSIVE_LOWER old=544 new=872 macros=6 gathers=0
FOLD20_PASSIVE_LOWER old=0 new=0 macros=0 gathers=0
FOLD20_PASSIVE_LOWER old=260 new=664 macros=6 gathers=0
FOLD20_PASSIVE_LOWER old=0 new=0 macros=0 gathers=0
RANK4_LOWER class=4 original_ops=15857 new_ops=12593 symbolic_rank_gates=84 paired_macros=116 conditional_clean=true
FOLD20_T10_RANK4 j=3 last=true low=true old_ops=15857 ops=12593
RANK4_LOWER class=4 original_ops=18737 new_ops=14907 symbolic_rank_gates=108 paired_macros=208 conditional_clean=true
FOLD20_T10_RANK4 j=0 last=true low=true old_ops=18737 ops=14907
RANK4_LOWER class=4 original_ops=21759 new_ops=17831 symbolic_rank_gates=108 paired_macros=246 conditional_clean=true
FOLD20_T10_RANK4 j=1 last=true low=true old_ops=21759 ops=17831
RANK4_LOWER class=4 original_ops=23307 new_ops=19059 symbolic_rank_gates=108 paired_macros=252 conditional_clean=true
FOLD20_T10_RANK4 j=2 last=true low=true old_ops=23307 ops=19059
RANK4_LOWER class=3 original_ops=73877 new_ops=63319 symbolic_rank_gates=704 paired_macros=828 conditional_clean=true
FOLD20_T10_RANK4 j=3 last=false low=true old_ops=73877 ops=63319
FOLD20_PASSIVE_LOWER old=688 new=1138 macros=8 gathers=0
FOLD20_PASSIVE_LOWER old=260 new=664 macros=6 gathers=0
RANK4_LOWER class=3 original_ops=73489 new_ops=63323 symbolic_rank_gates=704 paired_macros=828 conditional_clean=true
FOLD20_T10_RANK4 j=1 last=false low=true old_ops=73489 ops=63323
FOLD20_PASSIVE_LOWER old=1082 new=6864 macros=22 gathers=0
FOLD20_PASSIVE_LOWER old=544 new=872 macros=6 gathers=0
FOLD20_PASSIVE_LOWER old=260 new=664 macros=6 gathers=0
RANK4_LOWER class=3 original_ops=104565 new_ops=89369 symbolic_rank_gates=896 paired_macros=1100 conditional_clean=true
FOLD20_T10_RANK4 j=0 last=false low=true old_ops=104565 ops=89369
FOLD20_PASSIVE_LOWER old=326 new=3110 macros=9 gathers=0
RANK4_LOWER class=3 original_ops=102927 new_ops=88319 symbolic_rank_gates=896 paired_macros=1082 conditional_clean=true
FOLD20_T10_RANK4 j=2 last=false low=true old_ops=102927 ops=88319
FOLD20_PASSIVE_LOWER old=544 new=872 macros=6 gathers=0
FOLD20_PASSIVE_LOWER old=544 new=872 macros=6 gathers=0
FOLD20_PASSIVE_LOWER old=260 new=664 macros=6 gathers=0
FOLD20_PASSIVE_LOWER old=260 new=664 macros=6 gathers=0
FOLD20_PASSIVE_LOWER old=0 new=0 macros=0 gathers=0
FOLD20_PASSIVE_LOWER old=0 new=0 macros=0 gathers=0
RANK4_LOWER class=4 original_ops=15719 new_ops=12479 symbolic_rank_gates=84 paired_macros=116 conditional_clean=true
FOLD20_T10_RANK4 j=3 last=true low=true old_ops=15719 ops=12479
RANK4_LOWER class=4 original_ops=17535 new_ops=14059 symbolic_rank_gates=108 paired_macros=184 conditional_clean=true
FOLD20_T10_RANK4 j=0 last=true low=true old_ops=17535 ops=14059
RANK4_LOWER class=4 original_ops=20557 new_ops=16981 symbolic_rank_gates=108 paired_macros=222 conditional_clean=true
FOLD20_T10_RANK4 j=1 last=true low=true old_ops=20557 ops=16981
RANK4_LOWER class=4 original_ops=22105 new_ops=18209 symbolic_rank_gates=108 paired_macros=228 conditional_clean=true
FOLD20_T10_RANK4 j=2 last=true low=true old_ops=22105 ops=18209
RANK4_LOWER class=3 original_ops=67389 new_ops=55755 symbolic_rank_gates=704 paired_macros=764 conditional_clean=true
FOLD20_T10_RANK4 j=3 last=false low=true old_ops=67389 ops=55755
FOLD20_PASSIVE_LOWER old=688 new=1138 macros=8 gathers=0
FOLD20_PASSIVE_LOWER old=260 new=664 macros=6 gathers=0
RANK4_LOWER class=3 original_ops=67129 new_ops=55759 symbolic_rank_gates=704 paired_macros=764 conditional_clean=true
FOLD20_T10_RANK4 j=1 last=false low=true old_ops=67129 ops=55759
FOLD20_PASSIVE_LOWER old=1082 new=6864 macros=22 gathers=0
FOLD20_PASSIVE_LOWER old=544 new=872 macros=6 gathers=0
FOLD20_PASSIVE_LOWER old=260 new=664 macros=6 gathers=0
RANK4_LOWER class=3 original_ops=87131 new_ops=72363 symbolic_rank_gates=896 paired_macros=966 conditional_clean=true
FOLD20_T10_RANK4 j=2 last=false low=true old_ops=87131 ops=72363
FOLD20_PASSIVE_LOWER old=326 new=3110 macros=9 gathers=0
RANK4_LOWER class=3 original_ops=88665 new_ops=73371 symbolic_rank_gates=896 paired_macros=984 conditional_clean=true
FOLD20_T10_RANK4 j=0 last=false low=true old_ops=88665 ops=73371
FOLD20_PASSIVE_LOWER old=544 new=872 macros=6 gathers=0
FOLD20_PASSIVE_LOWER old=260 new=664 macros=6 gathers=0
FOLD20_PASSIVE_LOWER old=0 new=0 macros=0 gathers=0
FOLD20_PASSIVE_LOWER old=544 new=872 macros=6 gathers=0
FOLD20_PASSIVE_LOWER old=260 new=664 macros=6 gathers=0
FOLD20_PASSIVE_LOWER old=0 new=0 macros=0 gathers=0
RANK4_LOWER class=4 original_ops=15619 new_ops=12395 symbolic_rank_gates=84 paired_macros=116 conditional_clean=true
FOLD20_T10_RANK4 j=3 last=true low=true old_ops=15619 ops=12395
RANK4_LOWER class=4 original_ops=17435 new_ops=13975 symbolic_rank_gates=108 paired_macros=184 conditional_clean=true
FOLD20_T10_RANK4 j=0 last=true low=true old_ops=17435 ops=13975
RANK4_LOWER class=4 original_ops=20457 new_ops=16897 symbolic_rank_gates=108 paired_macros=222 conditional_clean=true
FOLD20_T10_RANK4 j=1 last=true low=true old_ops=20457 ops=16897
RANK4_LOWER class=4 original_ops=22005 new_ops=18125 symbolic_rank_gates=108 paired_macros=228 conditional_clean=true
FOLD20_T10_RANK4 j=2 last=true low=true old_ops=22005 ops=18125
RANK4_LOWER class=3 original_ops=67067 new_ops=55509 symbolic_rank_gates=704 paired_macros=764 conditional_clean=true
FOLD20_T10_RANK4 j=3 last=false low=true old_ops=67067 ops=55509
RANK4_LOWER class=3 original_ops=66807 new_ops=55513 symbolic_rank_gates=704 paired_macros=764 conditional_clean=true
FOLD20_T10_RANK4 j=1 last=false low=true old_ops=66807 ops=55513
FOLD20_PASSIVE_LOWER old=688 new=1138 macros=8 gathers=0
FOLD20_PASSIVE_LOWER old=260 new=664 macros=6 gathers=0
FOLD20_PASSIVE_LOWER old=544 new=872 macros=6 gathers=0
FOLD20_PASSIVE_LOWER old=260 new=664 macros=6 gathers=0
FOLD20_PASSIVE_LOWER old=326 new=3110 macros=9 gathers=0
FOLD20_PASSIVE_LOWER old=1082 new=6864 macros=22 gathers=0
RANK4_LOWER class=3 original_ops=88343 new_ops=73129 symbolic_rank_gates=896 paired_macros=984 conditional_clean=true
FOLD20_T10_RANK4 j=0 last=false low=true old_ops=88343 ops=73129
RANK4_LOWER class=3 original_ops=86809 new_ops=72117 symbolic_rank_gates=896 paired_macros=966 conditional_clean=true
FOLD20_T10_RANK4 j=2 last=false low=true old_ops=86809 ops=72117
FOLD20_PASSIVE_LOWER old=544 new=872 macros=6 gathers=0
FOLD20_PASSIVE_LOWER old=544 new=872 macros=6 gathers=0
FOLD20_PASSIVE_LOWER old=260 new=664 macros=6 gathers=0
FOLD20_PASSIVE_LOWER old=260 new=664 macros=6 gathers=0
FOLD20_PASSIVE_LOWER old=0 new=0 macros=0 gathers=0
FOLD20_PASSIVE_LOWER old=0 new=0 macros=0 gathers=0
RANK4_LOWER class=4 original_ops=15457 new_ops=12273 symbolic_rank_gates=84 paired_macros=116 conditional_clean=true
FOLD20_T10_RANK4 j=3 last=true low=true old_ops=15457 ops=12273
RANK4_LOWER class=4 original_ops=17273 new_ops=13853 symbolic_rank_gates=108 paired_macros=184 conditional_clean=true
FOLD20_T10_RANK4 j=0 last=true low=true old_ops=17273 ops=13853
RANK4_LOWER class=4 original_ops=21843 new_ops=18003 symbolic_rank_gates=108 paired_macros=228 conditional_clean=true
FOLD20_T10_RANK4 j=2 last=true low=true old_ops=21843 ops=18003
RANK4_LOWER class=4 original_ops=20295 new_ops=16775 symbolic_rank_gates=108 paired_macros=222 conditional_clean=true
FOLD20_T10_RANK4 j=1 last=true low=true old_ops=20295 ops=16775
RANK4_LOWER class=3 original_ops=66643 new_ops=55171 symbolic_rank_gates=704 paired_macros=764 conditional_clean=true
FOLD20_T10_RANK4 j=3 last=false low=true old_ops=66643 ops=55171
FOLD20_PASSIVE_LOWER old=688 new=1138 macros=8 gathers=0
FOLD20_PASSIVE_LOWER old=260 new=664 macros=6 gathers=0
RANK4_LOWER class=3 original_ops=66383 new_ops=55175 symbolic_rank_gates=704 paired_macros=764 conditional_clean=true
FOLD20_T10_RANK4 j=1 last=false low=true old_ops=66383 ops=55175
RANK4_LOWER class=3 original_ops=86385 new_ops=71779 symbolic_rank_gates=896 paired_macros=966 conditional_clean=true
FOLD20_T10_RANK4 j=2 last=false low=true old_ops=86385 ops=71779
FOLD20_PASSIVE_LOWER old=1082 new=6864 macros=22 gathers=0
FOLD20_PASSIVE_LOWER old=544 new=872 macros=6 gathers=0
RANK4_LOWER class=3 original_ops=87919 new_ops=72791 symbolic_rank_gates=896 paired_macros=984 conditional_clean=true
FOLD20_T10_RANK4 j=0 last=false low=true old_ops=87919 ops=72791
FOLD20_PASSIVE_LOWER old=260 new=664 macros=6 gathers=0
FOLD20_PASSIVE_LOWER old=544 new=872 macros=6 gathers=0
FOLD20_PASSIVE_LOWER old=260 new=664 macros=6 gathers=0
FOLD20_PASSIVE_LOWER old=326 new=3110 macros=9 gathers=0
FOLD20_PASSIVE_LOWER old=0 new=0 macros=0 gathers=0
FOLD20_PASSIVE_LOWER old=544 new=872 macros=6 gathers=0
FOLD20_PASSIVE_LOWER old=260 new=664 macros=6 gathers=0
FOLD20_PASSIVE_LOWER old=0 new=0 macros=0 gathers=0
RANK4_LOWER class=4 original_ops=15351 new_ops=12187 symbolic_rank_gates=84 paired_macros=116 conditional_clean=true
FOLD20_T10_RANK4 j=3 last=true low=true old_ops=15351 ops=12187
RANK4_LOWER class=4 original_ops=17167 new_ops=13767 symbolic_rank_gates=108 paired_macros=184 conditional_clean=true
FOLD20_T10_RANK4 j=0 last=true low=true old_ops=17167 ops=13767
RANK4_LOWER class=4 original_ops=21737 new_ops=17917 symbolic_rank_gates=108 paired_macros=228 conditional_clean=true
FOLD20_T10_RANK4 j=2 last=true low=true old_ops=21737 ops=17917
RANK4_LOWER class=4 original_ops=20189 new_ops=16689 symbolic_rank_gates=108 paired_macros=222 conditional_clean=true
FOLD20_T10_RANK4 j=1 last=true low=true old_ops=20189 ops=16689
RANK4_LOWER class=3 original_ops=66333 new_ops=54913 symbolic_rank_gates=704 paired_macros=764 conditional_clean=true
FOLD20_T10_RANK4 j=3 last=false low=true old_ops=66333 ops=54913
FOLD20_PASSIVE_LOWER old=688 new=1138 macros=8 gathers=0
FOLD20_PASSIVE_LOWER old=260 new=664 macros=6 gathers=0
FOLD20_PASSIVE_LOWER old=1082 new=6864 macros=22 gathers=0
RANK4_LOWER class=3 original_ops=66073 new_ops=54917 symbolic_rank_gates=704 paired_macros=764 conditional_clean=true
FOLD20_T10_RANK4 j=1 last=false low=true old_ops=66073 ops=54917
FOLD20_PASSIVE_LOWER old=544 new=872 macros=6 gathers=0
FOLD20_PASSIVE_LOWER old=260 new=664 macros=6 gathers=0
RANK4_LOWER class=3 original_ops=86075 new_ops=71521 symbolic_rank_gates=896 paired_macros=966 conditional_clean=true
FOLD20_T10_RANK4 j=2 last=false low=true old_ops=86075 ops=71521
RANK4_LOWER class=3 original_ops=87609 new_ops=72529 symbolic_rank_gates=896 paired_macros=984 conditional_clean=true
FOLD20_T10_RANK4 j=0 last=false low=true old_ops=87609 ops=72529
FOLD20_PASSIVE_LOWER old=326 new=3110 macros=9 gathers=0
FOLD20_PASSIVE_LOWER old=544 new=872 macros=6 gathers=0
FOLD20_PASSIVE_LOWER old=260 new=664 macros=6 gathers=0
FOLD20_PASSIVE_LOWER old=0 new=0 macros=0 gathers=0
FOLD20_PASSIVE_LOWER old=544 new=872 macros=6 gathers=0
FOLD20_PASSIVE_LOWER old=260 new=664 macros=6 gathers=0
FOLD20_PASSIVE_LOWER old=0 new=0 macros=0 gathers=0
RANK4_LOWER class=4 original_ops=15193 new_ops=12065 symbolic_rank_gates=84 paired_macros=116 conditional_clean=true
FOLD20_T10_RANK4 j=3 last=true low=true old_ops=15193 ops=12065
RANK4_LOWER class=4 original_ops=17009 new_ops=13645 symbolic_rank_gates=108 paired_macros=184 conditional_clean=true
FOLD20_T10_RANK4 j=0 last=true low=true old_ops=17009 ops=13645
RANK4_LOWER class=4 original_ops=21579 new_ops=17795 symbolic_rank_gates=108 paired_macros=228 conditional_clean=true
FOLD20_T10_RANK4 j=2 last=true low=true old_ops=21579 ops=17795
RANK4_LOWER class=4 original_ops=20031 new_ops=16567 symbolic_rank_gates=108 paired_macros=222 conditional_clean=true
FOLD20_T10_RANK4 j=1 last=true low=true old_ops=20031 ops=16567
RANK4_LOWER class=3 original_ops=65917 new_ops=54577 symbolic_rank_gates=704 paired_macros=764 conditional_clean=true
FOLD20_T10_RANK4 j=3 last=false low=true old_ops=65917 ops=54577
FOLD20_PASSIVE_LOWER old=688 new=1138 macros=8 gathers=0
FOLD20_PASSIVE_LOWER old=260 new=664 macros=6 gathers=0
RANK4_LOWER class=3 original_ops=65657 new_ops=54581 symbolic_rank_gates=704 paired_macros=764 conditional_clean=true
FOLD20_T10_RANK4 j=1 last=false low=true old_ops=65657 ops=54581
FOLD20_PASSIVE_LOWER old=1082 new=6864 macros=22 gathers=0
RANK4_LOWER class=3 original_ops=85659 new_ops=71185 symbolic_rank_gates=896 paired_macros=966 conditional_clean=true
FOLD20_T10_RANK4 j=2 last=false low=true old_ops=85659 ops=71185
FOLD20_PASSIVE_LOWER old=544 new=872 macros=6 gathers=0
FOLD20_PASSIVE_LOWER old=260 new=664 macros=6 gathers=0
FOLD20_PASSIVE_LOWER old=544 new=872 macros=6 gathers=0
RANK4_LOWER class=3 original_ops=87193 new_ops=72193 symbolic_rank_gates=896 paired_macros=984 conditional_clean=true
FOLD20_T10_RANK4 j=0 last=false low=true old_ops=87193 ops=72193
FOLD20_PASSIVE_LOWER old=260 new=664 macros=6 gathers=0
FOLD20_PASSIVE_LOWER old=326 new=3110 macros=9 gathers=0
FOLD20_PASSIVE_LOWER old=0 new=0 macros=0 gathers=0
FOLD20_PASSIVE_LOWER old=544 new=872 macros=6 gathers=0
FOLD20_PASSIVE_LOWER old=260 new=664 macros=6 gathers=0
FOLD20_PASSIVE_LOWER old=0 new=0 macros=0 gathers=0
RANK4_LOWER class=4 original_ops=15087 new_ops=11979 symbolic_rank_gates=84 paired_macros=116 conditional_clean=true
FOLD20_T10_RANK4 j=3 last=true low=true old_ops=15087 ops=11979
RANK4_LOWER class=4 original_ops=16903 new_ops=13559 symbolic_rank_gates=108 paired_macros=184 conditional_clean=true
FOLD20_T10_RANK4 j=0 last=true low=true old_ops=16903 ops=13559
RANK4_LOWER class=4 original_ops=19925 new_ops=16481 symbolic_rank_gates=108 paired_macros=222 conditional_clean=true
FOLD20_T10_RANK4 j=1 last=true low=true old_ops=19925 ops=16481
RANK4_LOWER class=4 original_ops=21473 new_ops=17709 symbolic_rank_gates=108 paired_macros=228 conditional_clean=true
FOLD20_T10_RANK4 j=2 last=true low=true old_ops=21473 ops=17709
RANK4_LOWER class=3 original_ops=65603 new_ops=54331 symbolic_rank_gates=704 paired_macros=764 conditional_clean=true
FOLD20_T10_RANK4 j=3 last=false low=true old_ops=65603 ops=54331
FOLD20_PASSIVE_LOWER old=688 new=1138 macros=8 gathers=0
FOLD20_PASSIVE_LOWER old=260 new=664 macros=6 gathers=0
RANK4_LOWER class=3 original_ops=65343 new_ops=54335 symbolic_rank_gates=704 paired_macros=764 conditional_clean=true
FOLD20_T10_RANK4 j=1 last=false low=true old_ops=65343 ops=54335
FOLD20_PASSIVE_LOWER old=1082 new=6864 macros=22 gathers=0
FOLD20_PASSIVE_LOWER old=544 new=872 macros=6 gathers=0
RANK4_LOWER class=3 original_ops=86879 new_ops=71951 symbolic_rank_gates=896 paired_macros=984 conditional_clean=true
FOLD20_T10_RANK4 j=0 last=false low=true old_ops=86879 ops=71951
RANK4_LOWER class=3 original_ops=85345 new_ops=70939 symbolic_rank_gates=896 paired_macros=966 conditional_clean=true
FOLD20_T10_RANK4 j=2 last=false low=true old_ops=85345 ops=70939
FOLD20_PASSIVE_LOWER old=260 new=664 macros=6 gathers=0
FOLD20_PASSIVE_LOWER old=326 new=3110 macros=9 gathers=0
FOLD20_PASSIVE_LOWER old=544 new=872 macros=6 gathers=0
FOLD20_PASSIVE_LOWER old=544 new=872 macros=6 gathers=0
FOLD20_PASSIVE_LOWER old=260 new=664 macros=6 gathers=0
FOLD20_PASSIVE_LOWER old=260 new=664 macros=6 gathers=0
FOLD20_PASSIVE_LOWER old=0 new=0 macros=0 gathers=0
FOLD20_PASSIVE_LOWER old=0 new=0 macros=0 gathers=0
RANK4_LOWER class=4 original_ops=14929 new_ops=11857 symbolic_rank_gates=84 paired_macros=116 conditional_clean=true
FOLD20_T10_RANK4 j=3 last=true low=true old_ops=14929 ops=11857
RANK4_LOWER class=4 original_ops=19767 new_ops=16359 symbolic_rank_gates=108 paired_macros=222 conditional_clean=true
FOLD20_T10_RANK4 j=1 last=true low=true old_ops=19767 ops=16359
RANK4_LOWER class=4 original_ops=16745 new_ops=13437 symbolic_rank_gates=108 paired_macros=184 conditional_clean=true
FOLD20_T10_RANK4 j=0 last=true low=true old_ops=16745 ops=13437
RANK4_LOWER class=4 original_ops=21315 new_ops=17587 symbolic_rank_gates=108 paired_macros=228 conditional_clean=true
FOLD20_T10_RANK4 j=2 last=true low=true old_ops=21315 ops=17587
RANK4_LOWER class=3 original_ops=65195 new_ops=53995 symbolic_rank_gates=704 paired_macros=764 conditional_clean=true
FOLD20_T10_RANK4 j=3 last=false low=true old_ops=65195 ops=53995
FOLD20_PASSIVE_LOWER old=688 new=1138 macros=8 gathers=0
RANK4_LOWER class=3 original_ops=64935 new_ops=53999 symbolic_rank_gates=704 paired_macros=764 conditional_clean=true
FOLD20_T10_RANK4 j=1 last=false low=true old_ops=64935 ops=53999
FOLD20_PASSIVE_LOWER old=260 new=664 macros=6 gathers=0
FOLD20_PASSIVE_LOWER old=544 new=872 macros=6 gathers=0
RANK4_LOWER class=3 original_ops=86471 new_ops=71615 symbolic_rank_gates=896 paired_macros=984 conditional_clean=true
FOLD20_T10_RANK4 j=0 last=false low=true old_ops=86471 ops=71615
FOLD20_PASSIVE_LOWER old=1082 new=6864 macros=22 gathers=0
FOLD20_PASSIVE_LOWER old=260 new=664 macros=6 gathers=0
RANK4_LOWER class=3 original_ops=84937 new_ops=70603 symbolic_rank_gates=896 paired_macros=966 conditional_clean=true
FOLD20_T10_RANK4 j=2 last=false low=true old_ops=84937 ops=70603
FOLD20_PASSIVE_LOWER old=326 new=3110 macros=9 gathers=0
FOLD20_PASSIVE_LOWER old=544 new=872 macros=6 gathers=0
FOLD20_PASSIVE_LOWER old=544 new=872 macros=6 gathers=0
FOLD20_PASSIVE_LOWER old=260 new=664 macros=6 gathers=0
FOLD20_PASSIVE_LOWER old=260 new=664 macros=6 gathers=0
FOLD20_PASSIVE_LOWER old=0 new=0 macros=0 gathers=0
FOLD20_PASSIVE_LOWER old=0 new=0 macros=0 gathers=0
RANK4_LOWER class=4 original_ops=14827 new_ops=11771 symbolic_rank_gates=84 paired_macros=116 conditional_clean=true
FOLD20_T10_RANK4 j=3 last=true low=true old_ops=14827 ops=11771
RANK4_LOWER class=4 original_ops=16643 new_ops=13351 symbolic_rank_gates=108 paired_macros=184 conditional_clean=true
FOLD20_T10_RANK4 j=0 last=true low=true old_ops=16643 ops=13351
RANK4_LOWER class=4 original_ops=19665 new_ops=16273 symbolic_rank_gates=108 paired_macros=222 conditional_clean=true
FOLD20_T10_RANK4 j=1 last=true low=true old_ops=19665 ops=16273
RANK4_LOWER class=4 original_ops=21213 new_ops=17501 symbolic_rank_gates=108 paired_macros=228 conditional_clean=true
FOLD20_T10_RANK4 j=2 last=true low=true old_ops=21213 ops=17501
RANK4_LOWER class=3 original_ops=64893 new_ops=53737 symbolic_rank_gates=704 paired_macros=764 conditional_clean=true
FOLD20_T10_RANK4 j=3 last=false low=true old_ops=64893 ops=53737
RANK4_LOWER class=3 original_ops=64633 new_ops=53741 symbolic_rank_gates=704 paired_macros=764 conditional_clean=true
FOLD20_T10_RANK4 j=1 last=false low=true old_ops=64633 ops=53741
FOLD20_PASSIVE_LOWER old=688 new=1138 macros=8 gathers=0
FOLD20_PASSIVE_LOWER old=260 new=664 macros=6 gathers=0
FOLD20_PASSIVE_LOWER old=544 new=872 macros=6 gathers=0
FOLD20_PASSIVE_LOWER old=260 new=664 macros=6 gathers=0
FOLD20_PASSIVE_LOWER old=1082 new=6864 macros=22 gathers=0
FOLD20_PASSIVE_LOWER old=326 new=3110 macros=9 gathers=0
RANK4_LOWER class=3 original_ops=84635 new_ops=70345 symbolic_rank_gates=896 paired_macros=966 conditional_clean=true
FOLD20_T10_RANK4 j=2 last=false low=true old_ops=84635 ops=70345
RANK4_LOWER class=3 original_ops=86169 new_ops=71353 symbolic_rank_gates=896 paired_macros=984 conditional_clean=true
FOLD20_T10_RANK4 j=0 last=false low=true old_ops=86169 ops=71353
FOLD20_PASSIVE_LOWER old=544 new=872 macros=6 gathers=0
FOLD20_PASSIVE_LOWER old=544 new=872 macros=6 gathers=0
FOLD20_PASSIVE_LOWER old=260 new=664 macros=6 gathers=0
FOLD20_PASSIVE_LOWER old=260 new=664 macros=6 gathers=0
FOLD20_PASSIVE_LOWER old=0 new=0 macros=0 gathers=0
FOLD20_PASSIVE_LOWER old=0 new=0 macros=0 gathers=0
RANK4_LOWER class=4 original_ops=14727 new_ops=11687 symbolic_rank_gates=84 paired_macros=116 conditional_clean=true
FOLD20_T10_RANK4 j=3 last=true low=true old_ops=14727 ops=11687
RANK4_LOWER class=4 original_ops=16543 new_ops=13267 symbolic_rank_gates=108 paired_macros=184 conditional_clean=true
FOLD20_T10_RANK4 j=0 last=true low=true old_ops=16543 ops=13267
RANK4_LOWER class=4 original_ops=19565 new_ops=16189 symbolic_rank_gates=108 paired_macros=222 conditional_clean=true
FOLD20_T10_RANK4 j=1 last=true low=true old_ops=19565 ops=16189
RANK4_LOWER class=4 original_ops=21113 new_ops=17417 symbolic_rank_gates=108 paired_macros=228 conditional_clean=true
FOLD20_T10_RANK4 j=2 last=true low=true old_ops=21113 ops=17417
RANK4_LOWER class=3 original_ops=64595 new_ops=53491 symbolic_rank_gates=704 paired_macros=764 conditional_clean=true
FOLD20_T10_RANK4 j=3 last=false low=true old_ops=64595 ops=53491
FOLD20_PASSIVE_LOWER old=688 new=1138 macros=8 gathers=0
RANK4_LOWER class=3 original_ops=64335 new_ops=53495 symbolic_rank_gates=704 paired_macros=764 conditional_clean=true
FOLD20_T10_RANK4 j=1 last=false low=true old_ops=64335 ops=53495
FOLD20_PASSIVE_LOWER old=260 new=664 macros=6 gathers=0
RANK4_LOWER class=3 original_ops=85871 new_ops=71111 symbolic_rank_gates=896 paired_macros=984 conditional_clean=true
FOLD20_T10_RANK4 j=0 last=false low=true old_ops=85871 ops=71111
FOLD20_PASSIVE_LOWER old=544 new=872 macros=6 gathers=0
FOLD20_PASSIVE_LOWER old=1082 new=6864 macros=22 gathers=0
FOLD20_PASSIVE_LOWER old=260 new=664 macros=6 gathers=0
RANK4_LOWER class=3 original_ops=84337 new_ops=70099 symbolic_rank_gates=896 paired_macros=966 conditional_clean=true
FOLD20_T10_RANK4 j=2 last=false low=true old_ops=84337 ops=70099
FOLD20_PASSIVE_LOWER old=544 new=872 macros=6 gathers=0
FOLD20_PASSIVE_LOWER old=260 new=664 macros=6 gathers=0
FOLD20_PASSIVE_LOWER old=326 new=3110 macros=9 gathers=0
FOLD20_PASSIVE_LOWER old=0 new=0 macros=0 gathers=0
FOLD20_PASSIVE_LOWER old=544 new=872 macros=6 gathers=0
FOLD20_PASSIVE_LOWER old=260 new=664 macros=6 gathers=0
FOLD20_PASSIVE_LOWER old=0 new=0 macros=0 gathers=0
RANK4_LOWER class=4 original_ops=14541 new_ops=11533 symbolic_rank_gates=84 paired_macros=116 conditional_clean=true
FOLD20_T10_RANK4 j=3 last=true low=true old_ops=14541 ops=11533
RANK4_LOWER class=4 original_ops=16357 new_ops=13113 symbolic_rank_gates=108 paired_macros=184 conditional_clean=true
FOLD20_T10_RANK4 j=0 last=true low=true old_ops=16357 ops=13113
RANK4_LOWER class=4 original_ops=20927 new_ops=17263 symbolic_rank_gates=108 paired_macros=228 conditional_clean=true
FOLD20_T10_RANK4 j=2 last=true low=true old_ops=20927 ops=17263
RANK4_LOWER class=4 original_ops=19379 new_ops=16035 symbolic_rank_gates=108 paired_macros=222 conditional_clean=true
FOLD20_T10_RANK4 j=1 last=true low=true old_ops=19379 ops=16035
RANK4_LOWER class=3 original_ops=63947 new_ops=52923 symbolic_rank_gates=704 paired_macros=764 conditional_clean=true
FOLD20_T10_RANK4 j=3 last=false low=true old_ops=63947 ops=52923
FOLD20_PASSIVE_LOWER old=688 new=1138 macros=8 gathers=0
FOLD20_PASSIVE_LOWER old=260 new=664 macros=6 gathers=0
FOLD20_PASSIVE_LOWER old=1082 new=6864 macros=22 gathers=0
RANK4_LOWER class=3 original_ops=63687 new_ops=52927 symbolic_rank_gates=704 paired_macros=764 conditional_clean=true
FOLD20_T10_RANK4 j=1 last=false low=true old_ops=63687 ops=52927
RANK4_LOWER class=3 original_ops=83689 new_ops=69531 symbolic_rank_gates=896 paired_macros=966 conditional_clean=true
FOLD20_T10_RANK4 j=2 last=false low=true old_ops=83689 ops=69531
FOLD20_PASSIVE_LOWER old=544 new=872 macros=6 gathers=0
RANK4_LOWER class=3 original_ops=85223 new_ops=70543 symbolic_rank_gates=896 paired_macros=984 conditional_clean=true
FOLD20_T10_RANK4 j=0 last=false low=true old_ops=85223 ops=70543
FOLD20_PASSIVE_LOWER old=260 new=664 macros=6 gathers=0
FOLD20_PASSIVE_LOWER old=544 new=872 macros=6 gathers=0
FOLD20_PASSIVE_LOWER old=326 new=3110 macros=9 gathers=0
FOLD20_PASSIVE_LOWER old=260 new=664 macros=6 gathers=0
FOLD20_PASSIVE_LOWER old=544 new=872 macros=6 gathers=0
FOLD20_PASSIVE_LOWER old=260 new=664 macros=6 gathers=0
FOLD20_PASSIVE_LOWER old=0 new=0 macros=0 gathers=0
FOLD20_PASSIVE_LOWER old=0 new=0 macros=0 gathers=0
RANK4_LOWER class=4 original_ops=14435 new_ops=11447 symbolic_rank_gates=84 paired_macros=116 conditional_clean=true
FOLD20_T10_RANK4 j=3 last=true low=true old_ops=14435 ops=11447
RANK4_LOWER class=4 original_ops=16251 new_ops=13027 symbolic_rank_gates=108 paired_macros=184 conditional_clean=true
FOLD20_T10_RANK4 j=0 last=true low=true old_ops=16251 ops=13027
RANK4_LOWER class=4 original_ops=20821 new_ops=17177 symbolic_rank_gates=108 paired_macros=228 conditional_clean=true
FOLD20_T10_RANK4 j=2 last=true low=true old_ops=20821 ops=17177
RANK4_LOWER class=4 original_ops=19273 new_ops=15949 symbolic_rank_gates=108 paired_macros=222 conditional_clean=true
FOLD20_T10_RANK4 j=1 last=true low=true old_ops=19273 ops=15949
RANK4_LOWER class=3 original_ops=63661 new_ops=52689 symbolic_rank_gates=704 paired_macros=764 conditional_clean=true
FOLD20_T10_RANK4 j=3 last=false low=true old_ops=63661 ops=52689
RANK4_LOWER class=3 original_ops=63401 new_ops=52693 symbolic_rank_gates=704 paired_macros=764 conditional_clean=true
FOLD20_T10_RANK4 j=1 last=false low=true old_ops=63401 ops=52693
FOLD20_PASSIVE_LOWER old=688 new=1138 macros=8 gathers=0
FOLD20_PASSIVE_LOWER old=260 new=664 macros=6 gathers=0
FOLD20_PASSIVE_LOWER old=544 new=872 macros=6 gathers=0
RANK4_LOWER class=3 original_ops=84937 new_ops=70305 symbolic_rank_gates=896 paired_macros=984 conditional_clean=true
FOLD20_T10_RANK4 j=0 last=false low=true old_ops=84937 ops=70305
FOLD20_PASSIVE_LOWER old=260 new=664 macros=6 gathers=0
RANK4_LOWER class=3 original_ops=83403 new_ops=69297 symbolic_rank_gates=896 paired_macros=966 conditional_clean=true
FOLD20_PASSIVE_LOWER old=1082 new=6864 macros=22 gathers=0
FOLD20_T10_RANK4 j=2 last=false low=true old_ops=83403 ops=69297
FOLD20_PASSIVE_LOWER old=326 new=3110 macros=9 gathers=0
FOLD20_PASSIVE_LOWER old=544 new=872 macros=6 gathers=0
FOLD20_PASSIVE_LOWER old=544 new=872 macros=6 gathers=0
FOLD20_PASSIVE_LOWER old=260 new=664 macros=6 gathers=0
FOLD20_PASSIVE_LOWER old=260 new=664 macros=6 gathers=0
FOLD20_PASSIVE_LOWER old=0 new=0 macros=0 gathers=0
FOLD20_PASSIVE_LOWER old=0 new=0 macros=0 gathers=0
RANK4_LOWER class=4 original_ops=14281 new_ops=11329 symbolic_rank_gates=84 paired_macros=116 conditional_clean=true
FOLD20_T10_RANK4 j=3 last=true low=true old_ops=14281 ops=11329
RANK4_LOWER class=4 original_ops=16097 new_ops=12909 symbolic_rank_gates=108 paired_macros=184 conditional_clean=true
FOLD20_T10_RANK4 j=0 last=true low=true old_ops=16097 ops=12909
RANK4_LOWER class=4 original_ops=20667 new_ops=17059 symbolic_rank_gates=108 paired_macros=228 conditional_clean=true
FOLD20_T10_RANK4 j=2 last=true low=true old_ops=20667 ops=17059
RANK4_LOWER class=4 original_ops=19119 new_ops=15831 symbolic_rank_gates=108 paired_macros=222 conditional_clean=true
FOLD20_T10_RANK4 j=1 last=true low=true old_ops=19119 ops=15831
RANK4_LOWER class=3 original_ops=63285 new_ops=52385 symbolic_rank_gates=704 paired_macros=764 conditional_clean=true
FOLD20_T10_RANK4 j=3 last=false low=true old_ops=63285 ops=52385
FOLD20_PASSIVE_LOWER old=688 new=1138 macros=8 gathers=0
FOLD20_PASSIVE_LOWER old=260 new=664 macros=6 gathers=0
FOLD20_PASSIVE_LOWER old=1082 new=6864 macros=22 gathers=0
RANK4_LOWER class=3 original_ops=84561 new_ops=70001 symbolic_rank_gates=896 paired_macros=984 conditional_clean=true
FOLD20_T10_RANK4 j=0 last=false low=true old_ops=84561 ops=70001
RANK4_LOWER class=3 original_ops=63025 new_ops=52389 symbolic_rank_gates=704 paired_macros=764 conditional_clean=true
FOLD20_T10_RANK4 j=1 last=false low=true old_ops=63025 ops=52389
FOLD20_PASSIVE_LOWER old=544 new=872 macros=6 gathers=0
RANK4_LOWER class=3 original_ops=83027 new_ops=68993 symbolic_rank_gates=896 paired_macros=966 conditional_clean=true
FOLD20_T10_RANK4 j=2 last=false low=true old_ops=83027 ops=68993
FOLD20_PASSIVE_LOWER old=260 new=664 macros=6 gathers=0
FOLD20_PASSIVE_LOWER old=0 new=0 macros=0 gathers=0
FOLD20_PASSIVE_LOWER old=544 new=872 macros=6 gathers=0
FOLD20_PASSIVE_LOWER old=544 new=872 macros=6 gathers=0
FOLD20_PASSIVE_LOWER old=260 new=664 macros=6 gathers=0
FOLD20_PASSIVE_LOWER old=260 new=664 macros=6 gathers=0
FOLD20_PASSIVE_LOWER old=0 new=0 macros=0 gathers=0
FOLD20_PASSIVE_LOWER old=326 new=3110 macros=9 gathers=0
RANK4_LOWER class=4 original_ops=14175 new_ops=11243 symbolic_rank_gates=84 paired_macros=116 conditional_clean=true
FOLD20_T10_RANK4 j=3 last=true low=true old_ops=14175 ops=11243
RANK4_LOWER class=4 original_ops=15991 new_ops=12823 symbolic_rank_gates=108 paired_macros=184 conditional_clean=true
FOLD20_T10_RANK4 j=0 last=true low=true old_ops=15991 ops=12823
RANK4_LOWER class=4 original_ops=19013 new_ops=15745 symbolic_rank_gates=108 paired_macros=222 conditional_clean=true
FOLD20_T10_RANK4 j=1 last=true low=true old_ops=19013 ops=15745
RANK4_LOWER class=4 original_ops=20561 new_ops=16973 symbolic_rank_gates=108 paired_macros=228 conditional_clean=true
FOLD20_T10_RANK4 j=2 last=true low=true old_ops=20561 ops=16973
RANK4_LOWER class=3 original_ops=63007 new_ops=52163 symbolic_rank_gates=704 paired_macros=764 conditional_clean=true
FOLD20_T10_RANK4 j=3 last=false low=true old_ops=63007 ops=52163
RANK4_LOWER class=3 original_ops=62747 new_ops=52167 symbolic_rank_gates=704 paired_macros=764 conditional_clean=true
FOLD20_T10_RANK4 j=1 last=false low=true old_ops=62747 ops=52167
FOLD20_PASSIVE_LOWER old=688 new=1138 macros=8 gathers=0
FOLD20_PASSIVE_LOWER old=260 new=664 macros=6 gathers=0
FOLD20_PASSIVE_LOWER old=544 new=872 macros=6 gathers=0
FOLD20_PASSIVE_LOWER old=260 new=664 macros=6 gathers=0
RANK4_LOWER class=3 original_ops=82749 new_ops=68771 symbolic_rank_gates=896 paired_macros=966 conditional_clean=true
FOLD20_T10_RANK4 j=2 last=false low=true old_ops=82749 ops=68771
RANK4_LOWER class=3 original_ops=84283 new_ops=69783 symbolic_rank_gates=896 paired_macros=984 conditional_clean=true
FOLD20_PASSIVE_LOWER old=1082 new=6864 macros=22 gathers=0
FOLD20_T10_RANK4 j=0 last=false low=true old_ops=84283 ops=69783
FOLD20_PASSIVE_LOWER old=326 new=3110 macros=9 gathers=0
FOLD20_PASSIVE_LOWER old=544 new=872 macros=6 gathers=0
FOLD20_PASSIVE_LOWER old=260 new=664 macros=6 gathers=0
FOLD20_PASSIVE_LOWER old=544 new=872 macros=6 gathers=0
FOLD20_PASSIVE_LOWER old=0 new=0 macros=0 gathers=0
FOLD20_PASSIVE_LOWER old=260 new=664 macros=6 gathers=0
FOLD20_PASSIVE_LOWER old=0 new=0 macros=0 gathers=0
RANK4_LOWER class=4 original_ops=14017 new_ops=11117 symbolic_rank_gates=84 paired_macros=116 conditional_clean=true
FOLD20_T10_RANK4 j=3 last=true low=true old_ops=14017 ops=11117
RANK4_LOWER class=4 original_ops=15833 new_ops=12697 symbolic_rank_gates=108 paired_macros=184 conditional_clean=true
FOLD20_T10_RANK4 j=0 last=true low=true old_ops=15833 ops=12697
RANK4_LOWER class=4 original_ops=18855 new_ops=15619 symbolic_rank_gates=108 paired_macros=222 conditional_clean=true
FOLD20_T10_RANK4 j=1 last=true low=true old_ops=18855 ops=15619
RANK4_LOWER class=4 original_ops=20403 new_ops=16847 symbolic_rank_gates=108 paired_macros=228 conditional_clean=true
FOLD20_T10_RANK4 j=2 last=true low=true old_ops=20403 ops=16847
RANK4_LOWER class=3 original_ops=62523 new_ops=51739 symbolic_rank_gates=704 paired_macros=764 conditional_clean=true
FOLD20_T10_RANK4 j=3 last=false low=true old_ops=62523 ops=51739
FOLD20_PASSIVE_LOWER old=688 new=1138 macros=8 gathers=0
FOLD20_PASSIVE_LOWER old=260 new=664 macros=6 gathers=0
RANK4_LOWER class=3 original_ops=62263 new_ops=51743 symbolic_rank_gates=704 paired_macros=764 conditional_clean=true
FOLD20_T10_RANK4 j=1 last=false low=true old_ops=62263 ops=51743
FOLD20_PASSIVE_LOWER old=1082 new=6864 macros=22 gathers=0
RANK4_LOWER class=3 original_ops=83799 new_ops=69359 symbolic_rank_gates=896 paired_macros=984 conditional_clean=true
FOLD20_T10_RANK4 j=0 last=false low=true old_ops=83799 ops=69359
FOLD20_PASSIVE_LOWER old=544 new=872 macros=6 gathers=0
FOLD20_PASSIVE_LOWER old=260 new=664 macros=6 gathers=0
FOLD20_PASSIVE_LOWER old=544 new=872 macros=6 gathers=0
FOLD20_PASSIVE_LOWER old=326 new=3110 macros=9 gathers=0
FOLD20_PASSIVE_LOWER old=260 new=664 macros=6 gathers=0
FOLD20_PASSIVE_LOWER old=0 new=0 macros=0 gathers=0
RANK4_LOWER class=3 original_ops=82265 new_ops=68347 symbolic_rank_gates=896 paired_macros=966 conditional_clean=true
FOLD20_T10_RANK4 j=2 last=false low=true old_ops=82265 ops=68347
FOLD20_PASSIVE_LOWER old=544 new=872 macros=6 gathers=0
FOLD20_PASSIVE_LOWER old=260 new=664 macros=6 gathers=0
FOLD20_PASSIVE_LOWER old=0 new=0 macros=0 gathers=0
RANK4_LOWER class=4 original_ops=13915 new_ops=11031 symbolic_rank_gates=84 paired_macros=116 conditional_clean=true
FOLD20_T10_RANK4 j=3 last=true low=true old_ops=13915 ops=11031
RANK4_LOWER class=4 original_ops=15731 new_ops=12611 symbolic_rank_gates=108 paired_macros=184 conditional_clean=true
FOLD20_T10_RANK4 j=0 last=true low=true old_ops=15731 ops=12611
RANK4_LOWER class=4 original_ops=18753 new_ops=15533 symbolic_rank_gates=108 paired_macros=222 conditional_clean=true
FOLD20_T10_RANK4 j=1 last=true low=true old_ops=18753 ops=15533
RANK4_LOWER class=4 original_ops=20301 new_ops=16761 symbolic_rank_gates=108 paired_macros=228 conditional_clean=true
FOLD20_T10_RANK4 j=2 last=true low=true old_ops=20301 ops=16761
RANK4_LOWER class=3 original_ops=62269 new_ops=51529 symbolic_rank_gates=704 paired_macros=764 conditional_clean=true
FOLD20_T10_RANK4 j=3 last=false low=true old_ops=62269 ops=51529
FOLD20_PASSIVE_LOWER old=688 new=1138 macros=8 gathers=0
FOLD20_PASSIVE_LOWER old=260 new=664 macros=6 gathers=0
RANK4_LOWER class=3 original_ops=62009 new_ops=51533 symbolic_rank_gates=704 paired_macros=764 conditional_clean=true
FOLD20_T10_RANK4 j=1 last=false low=true old_ops=62009 ops=51533
FOLD20_PASSIVE_LOWER old=1082 new=6864 macros=22 gathers=0
RANK4_LOWER class=3 original_ops=83545 new_ops=69145 symbolic_rank_gates=896 paired_macros=984 conditional_clean=true
FOLD20_T10_RANK4 j=0 last=false low=true old_ops=83545 ops=69145
FOLD20_PASSIVE_LOWER old=544 new=872 macros=6 gathers=0
RANK4_LOWER class=3 original_ops=82011 new_ops=68137 symbolic_rank_gates=896 paired_macros=966 conditional_clean=true
FOLD20_T10_RANK4 j=2 last=false low=true old_ops=82011 ops=68137
FOLD20_PASSIVE_LOWER old=260 new=664 macros=6 gathers=0
FOLD20_PASSIVE_LOWER old=544 new=872 macros=6 gathers=0
FOLD20_PASSIVE_LOWER old=260 new=664 macros=6 gathers=0
FOLD20_PASSIVE_LOWER old=544 new=872 macros=6 gathers=0
FOLD20_PASSIVE_LOWER old=326 new=3110 macros=9 gathers=0
FOLD20_PASSIVE_LOWER old=0 new=0 macros=0 gathers=0
FOLD20_PASSIVE_LOWER old=260 new=664 macros=6 gathers=0
FOLD20_PASSIVE_LOWER old=0 new=0 macros=0 gathers=0
RANK4_LOWER class=4 original_ops=13765 new_ops=10913 symbolic_rank_gates=84 paired_macros=116 conditional_clean=true
FOLD20_T10_RANK4 j=3 last=true low=true old_ops=13765 ops=10913
RANK4_LOWER class=4 original_ops=15581 new_ops=12493 symbolic_rank_gates=108 paired_macros=184 conditional_clean=true
FOLD20_T10_RANK4 j=0 last=true low=true old_ops=15581 ops=12493
RANK4_LOWER class=4 original_ops=18603 new_ops=15415 symbolic_rank_gates=108 paired_macros=222 conditional_clean=true
FOLD20_T10_RANK4 j=1 last=true low=true old_ops=18603 ops=15415
RANK4_LOWER class=4 original_ops=20151 new_ops=16643 symbolic_rank_gates=108 paired_macros=228 conditional_clean=true
FOLD20_T10_RANK4 j=2 last=true low=true old_ops=20151 ops=16643
RANK4_LOWER class=3 original_ops=61877 new_ops=51193 symbolic_rank_gates=704 paired_macros=764 conditional_clean=true
FOLD20_T10_RANK4 j=3 last=false low=true old_ops=61877 ops=51193
FOLD20_PASSIVE_LOWER old=688 new=1138 macros=8 gathers=0
FOLD20_PASSIVE_LOWER old=260 new=664 macros=6 gathers=0
FOLD20_PASSIVE_LOWER old=1082 new=6864 macros=22 gathers=0
RANK4_LOWER class=3 original_ops=61617 new_ops=51197 symbolic_rank_gates=704 paired_macros=764 conditional_clean=true
FOLD20_T10_RANK4 j=1 last=false low=true old_ops=61617 ops=51197
RANK4_LOWER class=3 original_ops=83153 new_ops=68809 symbolic_rank_gates=896 paired_macros=984 conditional_clean=true
FOLD20_T10_RANK4 j=0 last=false low=true old_ops=83153 ops=68809
FOLD20_PASSIVE_LOWER old=544 new=872 macros=6 gathers=0
RANK4_LOWER class=3 original_ops=81619 new_ops=67801 symbolic_rank_gates=896 paired_macros=966 conditional_clean=true
FOLD20_T10_RANK4 j=2 last=false low=true old_ops=81619 ops=67801
FOLD20_PASSIVE_LOWER old=260 new=664 macros=6 gathers=0
FOLD20_PASSIVE_LOWER old=544 new=872 macros=6 gathers=0
FOLD20_PASSIVE_LOWER old=544 new=872 macros=6 gathers=0
FOLD20_PASSIVE_LOWER old=326 new=3110 macros=9 gathers=0
FOLD20_PASSIVE_LOWER old=260 new=664 macros=6 gathers=0
FOLD20_PASSIVE_LOWER old=260 new=664 macros=6 gathers=0
FOLD20_PASSIVE_LOWER old=0 new=0 macros=0 gathers=0
FOLD20_PASSIVE_LOWER old=0 new=0 macros=0 gathers=0
RANK4_LOWER class=4 original_ops=13665 new_ops=10829 symbolic_rank_gates=84 paired_macros=116 conditional_clean=true
FOLD20_T10_RANK4 j=3 last=true low=true old_ops=13665 ops=10829
RANK4_LOWER class=4 original_ops=15481 new_ops=12409 symbolic_rank_gates=108 paired_macros=184 conditional_clean=true
FOLD20_T10_RANK4 j=0 last=true low=true old_ops=15481 ops=12409
RANK4_LOWER class=4 original_ops=18503 new_ops=15331 symbolic_rank_gates=108 paired_macros=222 conditional_clean=true
FOLD20_T10_RANK4 j=1 last=true low=true old_ops=18503 ops=15331
RANK4_LOWER class=4 original_ops=20051 new_ops=16559 symbolic_rank_gates=108 paired_macros=228 conditional_clean=true
FOLD20_T10_RANK4 j=2 last=true low=true old_ops=20051 ops=16559
RANK4_LOWER class=3 original_ops=61651 new_ops=51019 symbolic_rank_gates=704 paired_macros=764 conditional_clean=true
FOLD20_T10_RANK4 j=3 last=false low=true old_ops=61651 ops=51019
RANK4_LOWER class=3 original_ops=61391 new_ops=51023 symbolic_rank_gates=704 paired_macros=764 conditional_clean=true
FOLD20_T10_RANK4 j=1 last=false low=true old_ops=61391 ops=51023
FOLD20_PASSIVE_LOWER old=688 new=1138 macros=8 gathers=0
FOLD20_PASSIVE_LOWER old=544 new=872 macros=6 gathers=0
FOLD20_PASSIVE_LOWER old=260 new=664 macros=6 gathers=0
FOLD20_PASSIVE_LOWER old=260 new=664 macros=6 gathers=0
FOLD20_PASSIVE_LOWER old=326 new=3110 macros=9 gathers=0
FOLD20_PASSIVE_LOWER old=1082 new=6864 macros=22 gathers=0
RANK4_LOWER class=3 original_ops=82927 new_ops=68639 symbolic_rank_gates=896 paired_macros=984 conditional_clean=true
FOLD20_T10_RANK4 j=0 last=false low=true old_ops=82927 ops=68639
RANK4_LOWER class=3 original_ops=81393 new_ops=67627 symbolic_rank_gates=896 paired_macros=966 conditional_clean=true
FOLD20_T10_RANK4 j=2 last=false low=true old_ops=81393 ops=67627
FOLD20_PASSIVE_LOWER old=544 new=872 macros=6 gathers=0
FOLD20_PASSIVE_LOWER old=260 new=664 macros=6 gathers=0
FOLD20_PASSIVE_LOWER old=544 new=872 macros=6 gathers=0
FOLD20_PASSIVE_LOWER old=0 new=0 macros=0 gathers=0
FOLD20_PASSIVE_LOWER old=260 new=664 macros=6 gathers=0
FOLD20_PASSIVE_LOWER old=0 new=0 macros=0 gathers=0
RANK4_LOWER class=4 original_ops=13523 new_ops=10709 symbolic_rank_gates=84 paired_macros=116 conditional_clean=true
FOLD20_T10_RANK4 j=3 last=true low=true old_ops=13523 ops=10709
RANK4_LOWER class=4 original_ops=15339 new_ops=12289 symbolic_rank_gates=108 paired_macros=184 conditional_clean=true
FOLD20_T10_RANK4 j=0 last=true low=true old_ops=15339 ops=12289
RANK4_LOWER class=4 original_ops=18361 new_ops=15211 symbolic_rank_gates=108 paired_macros=222 conditional_clean=true
FOLD20_T10_RANK4 j=1 last=true low=true old_ops=18361 ops=15211
RANK4_LOWER class=4 original_ops=19909 new_ops=16439 symbolic_rank_gates=108 paired_macros=228 conditional_clean=true
FOLD20_T10_RANK4 j=2 last=true low=true old_ops=19909 ops=16439
RANK4_LOWER class=3 original_ops=61355 new_ops=50765 symbolic_rank_gates=704 paired_macros=764 conditional_clean=true
FOLD20_T10_RANK4 j=3 last=false low=true old_ops=61355 ops=50765
FOLD20_PASSIVE_LOWER old=688 new=1138 macros=8 gathers=0
FOLD20_PASSIVE_LOWER old=260 new=664 macros=6 gathers=0
RANK4_LOWER class=3 original_ops=61095 new_ops=50769 symbolic_rank_gates=704 paired_macros=764 conditional_clean=true
FOLD20_T10_RANK4 j=1 last=false low=true old_ops=61095 ops=50769
FOLD20_PASSIVE_LOWER old=1082 new=6864 macros=22 gathers=0
FOLD20_PASSIVE_LOWER old=544 new=872 macros=6 gathers=0
FOLD20_PASSIVE_LOWER old=260 new=664 macros=6 gathers=0
RANK4_LOWER class=3 original_ops=81097 new_ops=67373 symbolic_rank_gates=896 paired_macros=966 conditional_clean=true
FOLD20_T10_RANK4 j=2 last=false low=true old_ops=81097 ops=67373
RANK4_LOWER class=3 original_ops=82631 new_ops=68381 symbolic_rank_gates=896 paired_macros=984 conditional_clean=true
FOLD20_T10_RANK4 j=0 last=false low=true old_ops=82631 ops=68381
FOLD20_PASSIVE_LOWER old=326 new=3110 macros=9 gathers=0
FOLD20_PASSIVE_LOWER old=544 new=872 macros=6 gathers=0
FOLD20_PASSIVE_LOWER old=544 new=872 macros=6 gathers=0
FOLD20_PASSIVE_LOWER old=260 new=664 macros=6 gathers=0
FOLD20_PASSIVE_LOWER old=260 new=664 macros=6 gathers=0
FOLD20_PASSIVE_LOWER old=0 new=0 macros=0 gathers=0
FOLD20_PASSIVE_LOWER old=0 new=0 macros=0 gathers=0
RANK4_LOWER class=4 original_ops=13015 new_ops=10499 symbolic_rank_gates=48 paired_macros=74 conditional_clean=true
FOLD20_T10_RANK4 j=3 last=true low=true old_ops=13015 ops=10499
RANK4_LOWER class=4 original_ops=14831 new_ops=12079 symbolic_rank_gates=72 paired_macros=142 conditional_clean=true
FOLD20_T10_RANK4 j=0 last=true low=true old_ops=14831 ops=12079
RANK4_LOWER class=4 original_ops=17853 new_ops=15001 symbolic_rank_gates=72 paired_macros=180 conditional_clean=true
FOLD20_T10_RANK4 j=1 last=true low=true old_ops=17853 ops=15001
RANK4_LOWER class=4 original_ops=19401 new_ops=16229 symbolic_rank_gates=72 paired_macros=186 conditional_clean=true
FOLD20_T10_RANK4 j=2 last=true low=true old_ops=19401 ops=16229
RANK4_LOWER class=3 original_ops=60265 new_ops=50341 symbolic_rank_gates=608 paired_macros=672 conditional_clean=true
FOLD20_T10_RANK4 j=3 last=false low=true old_ops=60265 ops=50341
RANK4_LOWER class=3 original_ops=60005 new_ops=50345 symbolic_rank_gates=608 paired_macros=672 conditional_clean=true
FOLD20_T10_RANK4 j=1 last=false low=true old_ops=60005 ops=50345
FOLD20_PASSIVE_LOWER old=688 new=1138 macros=8 gathers=0
FOLD20_PASSIVE_LOWER old=260 new=664 macros=6 gathers=0
FOLD20_PASSIVE_LOWER old=544 new=872 macros=6 gathers=0
FOLD20_PASSIVE_LOWER old=260 new=664 macros=6 gathers=0
FOLD20_PASSIVE_LOWER old=1082 new=6864 macros=22 gathers=0
FOLD20_PASSIVE_LOWER old=326 new=3110 macros=9 gathers=0
RANK4_LOWER class=3 original_ops=80007 new_ops=66949 symbolic_rank_gates=800 paired_macros=874 conditional_clean=true
FOLD20_T10_RANK4 j=2 last=false low=true old_ops=80007 ops=66949
RANK4_LOWER class=3 original_ops=81541 new_ops=67957 symbolic_rank_gates=800 paired_macros=892 conditional_clean=true
FOLD20_T10_RANK4 j=0 last=false low=true old_ops=81541 ops=67957
FOLD20_PASSIVE_LOWER old=544 new=872 macros=6 gathers=0
FOLD20_PASSIVE_LOWER old=260 new=664 macros=6 gathers=0
FOLD20_PASSIVE_LOWER old=544 new=872 macros=6 gathers=0
FOLD20_PASSIVE_LOWER old=0 new=0 macros=0 gathers=0
FOLD20_PASSIVE_LOWER old=260 new=664 macros=6 gathers=0
FOLD20_PASSIVE_LOWER old=0 new=0 macros=0 gathers=0
RANK4_LOWER class=4 original_ops=12909 new_ops=10413 symbolic_rank_gates=48 paired_macros=74 conditional_clean=true
FOLD20_T10_RANK4 j=3 last=true low=true old_ops=12909 ops=10413
RANK4_LOWER class=4 original_ops=14725 new_ops=11993 symbolic_rank_gates=72 paired_macros=142 conditional_clean=true
FOLD20_T10_RANK4 j=0 last=true low=true old_ops=14725 ops=11993
RANK4_LOWER class=4 original_ops=17747 new_ops=14915 symbolic_rank_gates=72 paired_macros=180 conditional_clean=true
FOLD20_T10_RANK4 j=1 last=true low=true old_ops=17747 ops=14915
RANK4_LOWER class=4 original_ops=19295 new_ops=16143 symbolic_rank_gates=72 paired_macros=186 conditional_clean=true
FOLD20_T10_RANK4 j=2 last=true low=true old_ops=19295 ops=16143
RANK4_LOWER class=3 original_ops=59939 new_ops=50095 symbolic_rank_gates=608 paired_macros=672 conditional_clean=true
FOLD20_T10_RANK4 j=3 last=false low=true old_ops=59939 ops=50095
FOLD20_PASSIVE_LOWER old=688 new=1138 macros=8 gathers=0
FOLD20_PASSIVE_LOWER old=260 new=664 macros=6 gathers=0
RANK4_LOWER class=3 original_ops=59679 new_ops=50099 symbolic_rank_gates=608 paired_macros=672 conditional_clean=true
FOLD20_T10_RANK4 j=1 last=false low=true old_ops=59679 ops=50099
FOLD20_PASSIVE_LOWER old=1082 new=6864 macros=22 gathers=0
FOLD20_PASSIVE_LOWER old=544 new=872 macros=6 gathers=0
FOLD20_PASSIVE_LOWER old=260 new=664 macros=6 gathers=0
RANK4_LOWER class=3 original_ops=79681 new_ops=66703 symbolic_rank_gates=800 paired_macros=874 conditional_clean=true
FOLD20_T10_RANK4 j=2 last=false low=true old_ops=79681 ops=66703
FOLD20_PASSIVE_LOWER old=326 new=3110 macros=9 gathers=0
RANK4_LOWER class=3 original_ops=81215 new_ops=67715 symbolic_rank_gates=800 paired_macros=892 conditional_clean=true
FOLD20_T10_RANK4 j=0 last=false low=true old_ops=81215 ops=67715
FOLD20_PASSIVE_LOWER old=544 new=872 macros=6 gathers=0
FOLD20_PASSIVE_LOWER old=260 new=664 macros=6 gathers=0
FOLD20_PASSIVE_LOWER old=0 new=0 macros=0 gathers=0
FOLD20_PASSIVE_LOWER old=544 new=872 macros=6 gathers=0
FOLD20_PASSIVE_LOWER old=260 new=664 macros=6 gathers=0
FOLD20_PASSIVE_LOWER old=0 new=0 macros=0 gathers=0
RANK4_LOWER class=4 original_ops=12747 new_ops=10291 symbolic_rank_gates=48 paired_macros=74 conditional_clean=true
FOLD20_T10_RANK4 j=3 last=true low=true old_ops=12747 ops=10291
RANK4_LOWER class=4 original_ops=14563 new_ops=11871 symbolic_rank_gates=72 paired_macros=142 conditional_clean=true
FOLD20_T10_RANK4 j=0 last=true low=true old_ops=14563 ops=11871
RANK4_LOWER class=4 original_ops=19133 new_ops=16021 symbolic_rank_gates=72 paired_macros=186 conditional_clean=true
FOLD20_T10_RANK4 j=2 last=true low=true old_ops=19133 ops=16021
RANK4_LOWER class=4 original_ops=17585 new_ops=14793 symbolic_rank_gates=72 paired_macros=180 conditional_clean=true
FOLD20_T10_RANK4 j=1 last=true low=true old_ops=17585 ops=14793
RANK4_LOWER class=3 original_ops=59515 new_ops=49759 symbolic_rank_gates=608 paired_macros=672 conditional_clean=true
FOLD20_T10_RANK4 j=3 last=false low=true old_ops=59515 ops=49759
FOLD20_PASSIVE_LOWER old=688 new=1138 macros=8 gathers=0
FOLD20_PASSIVE_LOWER old=260 new=664 macros=6 gathers=0
RANK4_LOWER class=3 original_ops=59255 new_ops=49763 symbolic_rank_gates=608 paired_macros=672 conditional_clean=true
FOLD20_T10_RANK4 j=1 last=false low=true old_ops=59255 ops=49763
FOLD20_PASSIVE_LOWER old=1082 new=6864 macros=22 gathers=0
FOLD20_PASSIVE_LOWER old=544 new=872 macros=6 gathers=0
RANK4_LOWER class=3 original_ops=80791 new_ops=67379 symbolic_rank_gates=800 paired_macros=892 conditional_clean=true
FOLD20_PASSIVE_LOWER old=260 new=664 macros=6 gathers=0
FOLD20_T10_RANK4 j=0 last=false low=true old_ops=80791 ops=67379
RANK4_LOWER class=3 original_ops=79257 new_ops=66367 symbolic_rank_gates=800 paired_macros=874 conditional_clean=true
FOLD20_T10_RANK4 j=2 last=false low=true old_ops=79257 ops=66367
FOLD20_PASSIVE_LOWER old=326 new=3110 macros=9 gathers=0
FOLD20_PASSIVE_LOWER old=544 new=872 macros=6 gathers=0
FOLD20_PASSIVE_LOWER old=544 new=872 macros=6 gathers=0
FOLD20_PASSIVE_LOWER old=260 new=664 macros=6 gathers=0
FOLD20_PASSIVE_LOWER old=260 new=664 macros=6 gathers=0
FOLD20_PASSIVE_LOWER old=0 new=0 macros=0 gathers=0
FOLD20_PASSIVE_LOWER old=0 new=0 macros=0 gathers=0
RANK4_LOWER class=4 original_ops=12645 new_ops=10205 symbolic_rank_gates=48 paired_macros=74 conditional_clean=true
FOLD20_T10_RANK4 j=3 last=true low=true old_ops=12645 ops=10205
RANK4_LOWER class=4 original_ops=14461 new_ops=11785 symbolic_rank_gates=72 paired_macros=142 conditional_clean=true
FOLD20_T10_RANK4 j=0 last=true low=true old_ops=14461 ops=11785
RANK4_LOWER class=4 original_ops=17483 new_ops=14707 symbolic_rank_gates=72 paired_macros=180 conditional_clean=true
FOLD20_T10_RANK4 j=1 last=true low=true old_ops=17483 ops=14707
RANK4_LOWER class=4 original_ops=19031 new_ops=15935 symbolic_rank_gates=72 paired_macros=186 conditional_clean=true
FOLD20_T10_RANK4 j=2 last=true low=true old_ops=19031 ops=15935
RANK4_LOWER class=3 original_ops=59201 new_ops=49501 symbolic_rank_gates=608 paired_macros=672 conditional_clean=true
FOLD20_T10_RANK4 j=3 last=false low=true old_ops=59201 ops=49501
FOLD20_PASSIVE_LOWER old=688 new=1138 macros=8 gathers=0
FOLD20_PASSIVE_LOWER old=260 new=664 macros=6 gathers=0
RANK4_LOWER class=3 original_ops=58941 new_ops=49505 symbolic_rank_gates=608 paired_macros=672 conditional_clean=true
FOLD20_T10_RANK4 j=1 last=false low=true old_ops=58941 ops=49505
FOLD20_PASSIVE_LOWER old=1082 new=6864 macros=22 gathers=0
RANK4_LOWER class=3 original_ops=80477 new_ops=67117 symbolic_rank_gates=800 paired_macros=892 conditional_clean=true
FOLD20_T10_RANK4 j=0 last=false low=true old_ops=80477 ops=67117
FOLD20_PASSIVE_LOWER old=544 new=872 macros=6 gathers=0
FOLD20_PASSIVE_LOWER old=260 new=664 macros=6 gathers=0
RANK4_LOWER class=3 original_ops=78943 new_ops=66109 symbolic_rank_gates=800 paired_macros=874 conditional_clean=true
FOLD20_T10_RANK4 j=2 last=false low=true old_ops=78943 ops=66109
FOLD20_PASSIVE_LOWER old=326 new=3110 macros=9 gathers=0
FOLD20_PASSIVE_LOWER old=544 new=872 macros=6 gathers=0
FOLD20_PASSIVE_LOWER old=260 new=664 macros=6 gathers=0
FOLD20_PASSIVE_LOWER old=0 new=0 macros=0 gathers=0
FOLD20_PASSIVE_LOWER old=544 new=872 macros=6 gathers=0
FOLD20_PASSIVE_LOWER old=260 new=664 macros=6 gathers=0
FOLD20_PASSIVE_LOWER old=0 new=0 macros=0 gathers=0
RANK4_LOWER class=4 original_ops=12487 new_ops=10083 symbolic_rank_gates=48 paired_macros=74 conditional_clean=true
FOLD20_T10_RANK4 j=3 last=true low=true old_ops=12487 ops=10083
RANK4_LOWER class=4 original_ops=14303 new_ops=11663 symbolic_rank_gates=72 paired_macros=142 conditional_clean=true
FOLD20_T10_RANK4 j=0 last=true low=true old_ops=14303 ops=11663
RANK4_LOWER class=4 original_ops=18873 new_ops=15813 symbolic_rank_gates=72 paired_macros=186 conditional_clean=true
FOLD20_T10_RANK4 j=2 last=true low=true old_ops=18873 ops=15813
RANK4_LOWER class=4 original_ops=17325 new_ops=14585 symbolic_rank_gates=72 paired_macros=180 conditional_clean=true
FOLD20_T10_RANK4 j=1 last=true low=true old_ops=17325 ops=14585
RANK4_LOWER class=3 original_ops=58793 new_ops=49137 symbolic_rank_gates=608 paired_macros=672 conditional_clean=true
FOLD20_T10_RANK4 j=3 last=false low=true old_ops=58793 ops=49137
FOLD20_PASSIVE_LOWER old=688 new=1138 macros=8 gathers=0
FOLD20_PASSIVE_LOWER old=260 new=664 macros=6 gathers=0
FOLD20_PASSIVE_LOWER old=1082 new=6864 macros=22 gathers=0
RANK4_LOWER class=3 original_ops=58533 new_ops=49141 symbolic_rank_gates=608 paired_macros=672 conditional_clean=true
FOLD20_T10_RANK4 j=1 last=false low=true old_ops=58533 ops=49141
RANK4_LOWER class=3 original_ops=78535 new_ops=65745 symbolic_rank_gates=800 paired_macros=874 conditional_clean=true
FOLD20_T10_RANK4 j=2 last=false low=true old_ops=78535 ops=65745
FOLD20_PASSIVE_LOWER old=544 new=872 macros=6 gathers=0
FOLD20_PASSIVE_LOWER old=260 new=664 macros=6 gathers=0
FOLD20_PASSIVE_LOWER old=544 new=872 macros=6 gathers=0
FOLD20_PASSIVE_LOWER old=260 new=664 macros=6 gathers=0
FOLD20_PASSIVE_LOWER old=326 new=3110 macros=9 gathers=0
FOLD20_PASSIVE_LOWER old=0 new=0 macros=0 gathers=0
RANK4_LOWER class=3 original_ops=80069 new_ops=66753 symbolic_rank_gates=800 paired_macros=892 conditional_clean=true
FOLD20_T10_RANK4 j=0 last=false low=true old_ops=80069 ops=66753
FOLD20_PASSIVE_LOWER old=544 new=872 macros=6 gathers=0
FOLD20_PASSIVE_LOWER old=260 new=664 macros=6 gathers=0
FOLD20_PASSIVE_LOWER old=0 new=0 macros=0 gathers=0
RANK4_LOWER class=4 original_ops=12387 new_ops=9999 symbolic_rank_gates=48 paired_macros=74 conditional_clean=true
FOLD20_T10_RANK4 j=3 last=true low=true old_ops=12387 ops=9999
RANK4_LOWER class=4 original_ops=14203 new_ops=11579 symbolic_rank_gates=72 paired_macros=142 conditional_clean=true
FOLD20_T10_RANK4 j=0 last=true low=true old_ops=14203 ops=11579
RANK4_LOWER class=4 original_ops=18773 new_ops=15729 symbolic_rank_gates=72 paired_macros=186 conditional_clean=true
FOLD20_T10_RANK4 j=2 last=true low=true old_ops=18773 ops=15729
RANK4_LOWER class=4 original_ops=17225 new_ops=14501 symbolic_rank_gates=72 paired_macros=180 conditional_clean=true
FOLD20_T10_RANK4 j=1 last=true low=true old_ops=17225 ops=14501
RANK4_LOWER class=3 original_ops=58471 new_ops=48891 symbolic_rank_gates=608 paired_macros=672 conditional_clean=true
FOLD20_T10_RANK4 j=3 last=false low=true old_ops=58471 ops=48891
FOLD20_PASSIVE_LOWER old=688 new=1138 macros=8 gathers=0
FOLD20_PASSIVE_LOWER old=260 new=664 macros=6 gathers=0
RANK4_LOWER class=3 original_ops=58211 new_ops=48895 symbolic_rank_gates=608 paired_macros=672 conditional_clean=true
FOLD20_T10_RANK4 j=1 last=false low=true old_ops=58211 ops=48895
FOLD20_PASSIVE_LOWER old=1082 new=6864 macros=22 gathers=0
FOLD20_PASSIVE_LOWER old=544 new=872 macros=6 gathers=0
FOLD20_PASSIVE_LOWER old=260 new=664 macros=6 gathers=0
RANK4_LOWER class=3 original_ops=79747 new_ops=66511 symbolic_rank_gates=800 paired_macros=892 conditional_clean=true
FOLD20_T10_RANK4 j=0 last=false low=true old_ops=79747 ops=66511
FOLD20_PASSIVE_LOWER old=326 new=3110 macros=9 gathers=0
FOLD20_PASSIVE_LOWER old=544 new=872 macros=6 gathers=0
FOLD20_PASSIVE_LOWER old=260 new=664 macros=6 gathers=0
FOLD20_PASSIVE_LOWER old=0 new=0 macros=0 gathers=0
RANK4_LOWER class=3 original_ops=78213 new_ops=65499 symbolic_rank_gates=800 paired_macros=874 conditional_clean=true
FOLD20_T10_RANK4 j=2 last=false low=true old_ops=78213 ops=65499
FOLD20_PASSIVE_LOWER old=544 new=872 macros=6 gathers=0
FOLD20_PASSIVE_LOWER old=260 new=664 macros=6 gathers=0
FOLD20_PASSIVE_LOWER old=0 new=0 macros=0 gathers=0
RANK4_LOWER class=4 original_ops=12249 new_ops=9885 symbolic_rank_gates=48 paired_macros=74 conditional_clean=true
FOLD20_T10_RANK4 j=3 last=true low=true old_ops=12249 ops=9885
RANK4_LOWER class=4 original_ops=14065 new_ops=11465 symbolic_rank_gates=72 paired_macros=142 conditional_clean=true
FOLD20_T10_RANK4 j=0 last=true low=true old_ops=14065 ops=11465
RANK4_LOWER class=4 original_ops=17087 new_ops=14387 symbolic_rank_gates=72 paired_macros=180 conditional_clean=true
FOLD20_T10_RANK4 j=1 last=true low=true old_ops=17087 ops=14387
RANK4_LOWER class=4 original_ops=18635 new_ops=15615 symbolic_rank_gates=72 paired_macros=186 conditional_clean=true
FOLD20_T10_RANK4 j=2 last=true low=true old_ops=18635 ops=15615
RANK4_LOWER class=3 original_ops=58059 new_ops=48525 symbolic_rank_gates=608 paired_macros=672 conditional_clean=true
FOLD20_T10_RANK4 j=3 last=false low=true old_ops=58059 ops=48525
FOLD20_PASSIVE_LOWER old=688 new=1138 macros=8 gathers=0
FOLD20_PASSIVE_LOWER old=260 new=664 macros=6 gathers=0
RANK4_LOWER class=3 original_ops=57799 new_ops=48529 symbolic_rank_gates=608 paired_macros=672 conditional_clean=true
FOLD20_T10_RANK4 j=1 last=false low=true old_ops=57799 ops=48529
FOLD20_PASSIVE_LOWER old=1082 new=6864 macros=22 gathers=0
FOLD20_PASSIVE_LOWER old=544 new=872 macros=6 gathers=0
FOLD20_PASSIVE_LOWER old=260 new=664 macros=6 gathers=0
RANK4_LOWER class=3 original_ops=79335 new_ops=66145 symbolic_rank_gates=800 paired_macros=892 conditional_clean=true
FOLD20_T10_RANK4 j=0 last=false low=true old_ops=79335 ops=66145
FOLD20_PASSIVE_LOWER old=326 new=3110 macros=9 gathers=0
FOLD20_PASSIVE_LOWER old=544 new=872 macros=6 gathers=0
RANK4_LOWER class=3 original_ops=77801 new_ops=65133 symbolic_rank_gates=800 paired_macros=874 conditional_clean=true
FOLD20_PASSIVE_LOWER old=260 new=664 macros=6 gathers=0
FOLD20_T10_RANK4 j=2 last=false low=true old_ops=77801 ops=65133
FOLD20_PASSIVE_LOWER old=0 new=0 macros=0 gathers=0
FOLD20_PASSIVE_LOWER old=544 new=872 macros=6 gathers=0
FOLD20_PASSIVE_LOWER old=260 new=664 macros=6 gathers=0
FOLD20_PASSIVE_LOWER old=0 new=0 macros=0 gathers=0
RANK4_LOWER class=4 original_ops=12123 new_ops=9791 symbolic_rank_gates=48 paired_macros=74 conditional_clean=true
FOLD20_T10_RANK4 j=3 last=true low=true old_ops=12123 ops=9791
RANK4_LOWER class=4 original_ops=13939 new_ops=11371 symbolic_rank_gates=72 paired_macros=142 conditional_clean=true
FOLD20_T10_RANK4 j=0 last=true low=true old_ops=13939 ops=11371
RANK4_LOWER class=4 original_ops=18509 new_ops=15521 symbolic_rank_gates=72 paired_macros=186 conditional_clean=true
FOLD20_T10_RANK4 j=2 last=true low=true old_ops=18509 ops=15521
RANK4_LOWER class=4 original_ops=16961 new_ops=14293 symbolic_rank_gates=72 paired_macros=180 conditional_clean=true
FOLD20_T10_RANK4 j=1 last=true low=true old_ops=16961 ops=14293
RANK4_LOWER class=3 original_ops=57753 new_ops=48233 symbolic_rank_gates=608 paired_macros=672 conditional_clean=true
FOLD20_T10_RANK4 j=3 last=false low=true old_ops=57753 ops=48233
FOLD20_PASSIVE_LOWER old=688 new=1138 macros=8 gathers=0
FOLD20_PASSIVE_LOWER old=260 new=664 macros=6 gathers=0
RANK4_LOWER class=3 original_ops=57493 new_ops=48237 symbolic_rank_gates=608 paired_macros=672 conditional_clean=true
FOLD20_T10_RANK4 j=1 last=false low=true old_ops=57493 ops=48237
FOLD20_PASSIVE_LOWER old=1082 new=6864 macros=22 gathers=0
FOLD20_PASSIVE_LOWER old=544 new=872 macros=6 gathers=0
RANK4_LOWER class=3 original_ops=79029 new_ops=65849 symbolic_rank_gates=800 paired_macros=892 conditional_clean=true
FOLD20_T10_RANK4 j=0 last=false low=true old_ops=79029 ops=65849
FOLD20_PASSIVE_LOWER old=260 new=664 macros=6 gathers=0
RANK4_LOWER class=3 original_ops=77495 new_ops=64841 symbolic_rank_gates=800 paired_macros=874 conditional_clean=true
FOLD20_PASSIVE_LOWER old=326 new=3110 macros=9 gathers=0
FOLD20_T10_RANK4 j=2 last=false low=true old_ops=77495 ops=64841
FOLD20_PASSIVE_LOWER old=544 new=872 macros=6 gathers=0
FOLD20_PASSIVE_LOWER old=260 new=664 macros=6 gathers=0
FOLD20_PASSIVE_LOWER old=0 new=0 macros=0 gathers=0
FOLD20_PASSIVE_LOWER old=544 new=872 macros=6 gathers=0
FOLD20_PASSIVE_LOWER old=260 new=664 macros=6 gathers=0
FOLD20_PASSIVE_LOWER old=0 new=0 macros=0 gathers=0
RANK4_LOWER class=4 original_ops=11985 new_ops=9677 symbolic_rank_gates=48 paired_macros=74 conditional_clean=true
FOLD20_T10_RANK4 j=3 last=true low=true old_ops=11985 ops=9677
RANK4_LOWER class=4 original_ops=13801 new_ops=11257 symbolic_rank_gates=72 paired_macros=142 conditional_clean=true
FOLD20_T10_RANK4 j=0 last=true low=true old_ops=13801 ops=11257
RANK4_LOWER class=4 original_ops=16823 new_ops=14179 symbolic_rank_gates=72 paired_macros=180 conditional_clean=true
FOLD20_T10_RANK4 j=1 last=true low=true old_ops=16823 ops=14179
RANK4_LOWER class=4 original_ops=18371 new_ops=15407 symbolic_rank_gates=72 paired_macros=186 conditional_clean=true
FOLD20_T10_RANK4 j=2 last=true low=true old_ops=18371 ops=15407
RANK4_LOWER class=3 original_ops=57353 new_ops=47853 symbolic_rank_gates=608 paired_macros=672 conditional_clean=true
FOLD20_T10_RANK4 j=3 last=false low=true old_ops=57353 ops=47853
FOLD20_PASSIVE_LOWER old=688 new=1138 macros=8 gathers=0
FOLD20_PASSIVE_LOWER old=260 new=664 macros=6 gathers=0
RANK4_LOWER class=3 original_ops=57093 new_ops=47857 symbolic_rank_gates=608 paired_macros=672 conditional_clean=true
FOLD20_T10_RANK4 j=1 last=false low=true old_ops=57093 ops=47857
FOLD20_PASSIVE_LOWER old=1082 new=6864 macros=22 gathers=0
FOLD20_PASSIVE_LOWER old=544 new=872 macros=6 gathers=0
FOLD20_PASSIVE_LOWER old=260 new=664 macros=6 gathers=0
FOLD20_PASSIVE_LOWER old=326 new=3110 macros=9 gathers=0
RANK4_LOWER class=3 original_ops=77095 new_ops=64461 symbolic_rank_gates=800 paired_macros=874 conditional_clean=true
FOLD20_T10_RANK4 j=2 last=false low=true old_ops=77095 ops=64461
FOLD20_PASSIVE_LOWER old=544 new=872 macros=6 gathers=0
RANK4_LOWER class=3 original_ops=78629 new_ops=65469 symbolic_rank_gates=800 paired_macros=892 conditional_clean=true
FOLD20_T10_RANK4 j=0 last=false low=true old_ops=78629 ops=65469
FOLD20_PASSIVE_LOWER old=260 new=664 macros=6 gathers=0
FOLD20_PASSIVE_LOWER old=0 new=0 macros=0 gathers=0
FOLD20_PASSIVE_LOWER old=544 new=872 macros=6 gathers=0
FOLD20_PASSIVE_LOWER old=260 new=664 macros=6 gathers=0
FOLD20_PASSIVE_LOWER old=0 new=0 macros=0 gathers=0
RANK4_LOWER class=4 original_ops=11831 new_ops=9551 symbolic_rank_gates=48 paired_macros=74 conditional_clean=true
FOLD20_T10_RANK4 j=3 last=true low=true old_ops=11831 ops=9551
RANK4_LOWER class=4 original_ops=13647 new_ops=11131 symbolic_rank_gates=72 paired_macros=142 conditional_clean=true
FOLD20_T10_RANK4 j=0 last=true low=true old_ops=13647 ops=11131
RANK4_LOWER class=4 original_ops=16669 new_ops=14053 symbolic_rank_gates=72 paired_macros=180 conditional_clean=true
FOLD20_T10_RANK4 j=1 last=true low=true old_ops=16669 ops=14053
RANK4_LOWER class=4 original_ops=18217 new_ops=15281 symbolic_rank_gates=72 paired_macros=186 conditional_clean=true
FOLD20_T10_RANK4 j=2 last=true low=true old_ops=18217 ops=15281
RANK4_LOWER class=3 original_ops=56803 new_ops=47327 symbolic_rank_gates=608 paired_macros=672 conditional_clean=true
FOLD20_T10_RANK4 j=3 last=false low=true old_ops=56803 ops=47327
FOLD20_PASSIVE_LOWER old=688 new=1138 macros=8 gathers=0
FOLD20_PASSIVE_LOWER old=260 new=664 macros=6 gathers=0
RANK4_LOWER class=3 original_ops=56543 new_ops=47331 symbolic_rank_gates=608 paired_macros=672 conditional_clean=true
FOLD20_T10_RANK4 j=1 last=false low=true old_ops=56543 ops=47331
FOLD20_PASSIVE_LOWER old=1082 new=6864 macros=22 gathers=0
FOLD20_PASSIVE_LOWER old=544 new=872 macros=6 gathers=0
FOLD20_PASSIVE_LOWER old=260 new=664 macros=6 gathers=0
FOLD20_PASSIVE_LOWER old=326 new=3110 macros=9 gathers=0
RANK4_LOWER class=3 original_ops=78079 new_ops=64947 symbolic_rank_gates=800 paired_macros=892 conditional_clean=true
FOLD20_T10_RANK4 j=0 last=false low=true old_ops=78079 ops=64947
RANK4_LOWER class=3 original_ops=76545 new_ops=63935 symbolic_rank_gates=800 paired_macros=874 conditional_clean=true
FOLD20_T10_RANK4 j=2 last=false low=true old_ops=76545 ops=63935
FOLD20_PASSIVE_LOWER old=544 new=872 macros=6 gathers=0
FOLD20_PASSIVE_LOWER old=260 new=664 macros=6 gathers=0
FOLD20_PASSIVE_LOWER old=544 new=872 macros=6 gathers=0
FOLD20_PASSIVE_LOWER old=0 new=0 macros=0 gathers=0
FOLD20_PASSIVE_LOWER old=260 new=664 macros=6 gathers=0
FOLD20_PASSIVE_LOWER old=0 new=0 macros=0 gathers=0
RANK4_LOWER class=4 original_ops=11693 new_ops=9437 symbolic_rank_gates=48 paired_macros=74 conditional_clean=true
FOLD20_T10_RANK4 j=3 last=true low=true old_ops=11693 ops=9437
RANK4_LOWER class=4 original_ops=13509 new_ops=11017 symbolic_rank_gates=72 paired_macros=142 conditional_clean=true
FOLD20_T10_RANK4 j=0 last=true low=true old_ops=13509 ops=11017
RANK4_LOWER class=4 original_ops=16531 new_ops=13939 symbolic_rank_gates=72 paired_macros=180 conditional_clean=true
FOLD20_T10_RANK4 j=1 last=true low=true old_ops=16531 ops=13939
RANK4_LOWER class=4 original_ops=18079 new_ops=15167 symbolic_rank_gates=72 paired_macros=186 conditional_clean=true
FOLD20_T10_RANK4 j=2 last=true low=true old_ops=18079 ops=15167
RANK4_LOWER class=3 original_ops=56415 new_ops=46979 symbolic_rank_gates=608 paired_macros=672 conditional_clean=true
FOLD20_T10_RANK4 j=3 last=false low=true old_ops=56415 ops=46979
FOLD20_PASSIVE_LOWER old=688 new=1138 macros=8 gathers=0
FOLD20_PASSIVE_LOWER old=260 new=664 macros=6 gathers=0
RANK4_LOWER class=3 original_ops=56155 new_ops=46983 symbolic_rank_gates=608 paired_macros=672 conditional_clean=true
FOLD20_T10_RANK4 j=1 last=false low=true old_ops=56155 ops=46983
FOLD20_PASSIVE_LOWER old=1082 new=6864 macros=22 gathers=0
FOLD20_PASSIVE_LOWER old=544 new=872 macros=6 gathers=0
FOLD20_PASSIVE_LOWER old=260 new=664 macros=6 gathers=0
RANK4_LOWER class=3 original_ops=77691 new_ops=64599 symbolic_rank_gates=800 paired_macros=892 conditional_clean=true
FOLD20_T10_RANK4 j=0 last=false low=true old_ops=77691 ops=64599
FOLD20_PASSIVE_LOWER old=326 new=3110 macros=9 gathers=0
RANK4_LOWER class=3 original_ops=76157 new_ops=63587 symbolic_rank_gates=800 paired_macros=874 conditional_clean=true
FOLD20_T10_RANK4 j=2 last=false low=true old_ops=76157 ops=63587
FOLD20_PASSIVE_LOWER old=544 new=872 macros=6 gathers=0
FOLD20_PASSIVE_LOWER old=544 new=872 macros=6 gathers=0
FOLD20_PASSIVE_LOWER old=260 new=664 macros=6 gathers=0
FOLD20_PASSIVE_LOWER old=260 new=664 macros=6 gathers=0
FOLD20_PASSIVE_LOWER old=0 new=0 macros=0 gathers=0
FOLD20_PASSIVE_LOWER old=0 new=0 macros=0 gathers=0
RANK4_LOWER class=4 original_ops=11575 new_ops=9347 symbolic_rank_gates=48 paired_macros=74 conditional_clean=true
FOLD20_T10_RANK4 j=3 last=true low=true old_ops=11575 ops=9347
RANK4_LOWER class=4 original_ops=13391 new_ops=10927 symbolic_rank_gates=72 paired_macros=142 conditional_clean=true
FOLD20_T10_RANK4 j=0 last=true low=true old_ops=13391 ops=10927
RANK4_LOWER class=4 original_ops=16413 new_ops=13849 symbolic_rank_gates=72 paired_macros=180 conditional_clean=true
FOLD20_T10_RANK4 j=1 last=true low=true old_ops=16413 ops=13849
RANK4_LOWER class=4 original_ops=17961 new_ops=15077 symbolic_rank_gates=72 paired_macros=186 conditional_clean=true
FOLD20_T10_RANK4 j=2 last=true low=true old_ops=17961 ops=15077
RANK4_LOWER class=3 original_ops=56137 new_ops=46725 symbolic_rank_gates=608 paired_macros=672 conditional_clean=true
FOLD20_T10_RANK4 j=3 last=false low=true old_ops=56137 ops=46725
FOLD20_PASSIVE_LOWER old=688 new=1138 macros=8 gathers=0
FOLD20_PASSIVE_LOWER old=260 new=664 macros=6 gathers=0
RANK4_LOWER class=3 original_ops=55877 new_ops=46729 symbolic_rank_gates=608 paired_macros=672 conditional_clean=true
FOLD20_T10_RANK4 j=1 last=false low=true old_ops=55877 ops=46729
FOLD20_PASSIVE_LOWER old=1082 new=6864 macros=22 gathers=0
FOLD20_PASSIVE_LOWER old=544 new=872 macros=6 gathers=0
FOLD20_PASSIVE_LOWER old=260 new=664 macros=6 gathers=0
RANK4_LOWER class=3 original_ops=77413 new_ops=64341 symbolic_rank_gates=800 paired_macros=892 conditional_clean=true
RANK4_LOWER class=3 original_ops=75879 new_ops=63333 symbolic_rank_gates=800 paired_macros=874 conditional_clean=true
FOLD20_T10_RANK4 j=0 last=false low=true old_ops=77413 ops=64341
FOLD20_T10_RANK4 j=2 last=false low=true old_ops=75879 ops=63333
FOLD20_PASSIVE_LOWER old=326 new=3110 macros=9 gathers=0
FOLD20_PASSIVE_LOWER old=544 new=872 macros=6 gathers=0
FOLD20_PASSIVE_LOWER old=544 new=872 macros=6 gathers=0
FOLD20_PASSIVE_LOWER old=260 new=664 macros=6 gathers=0
FOLD20_PASSIVE_LOWER old=260 new=664 macros=6 gathers=0
FOLD20_PASSIVE_LOWER old=0 new=0 macros=0 gathers=0
FOLD20_PASSIVE_LOWER old=0 new=0 macros=0 gathers=0
RANK4_LOWER class=4 original_ops=11475 new_ops=9263 symbolic_rank_gates=48 paired_macros=74 conditional_clean=true
FOLD20_T10_RANK4 j=3 last=true low=true old_ops=11475 ops=9263
RANK4_LOWER class=4 original_ops=13291 new_ops=10843 symbolic_rank_gates=72 paired_macros=142 conditional_clean=true
FOLD20_T10_RANK4 j=0 last=true low=true old_ops=13291 ops=10843
RANK4_LOWER class=4 original_ops=17861 new_ops=14993 symbolic_rank_gates=72 paired_macros=186 conditional_clean=true
FOLD20_T10_RANK4 j=2 last=true low=true old_ops=17861 ops=14993
RANK4_LOWER class=4 original_ops=16313 new_ops=13765 symbolic_rank_gates=72 paired_macros=180 conditional_clean=true
FOLD20_T10_RANK4 j=1 last=true low=true old_ops=16313 ops=13765
RANK4_LOWER class=3 original_ops=55851 new_ops=46499 symbolic_rank_gates=608 paired_macros=672 conditional_clean=true
FOLD20_T10_RANK4 j=3 last=false low=true old_ops=55851 ops=46499
FOLD20_PASSIVE_LOWER old=688 new=1138 macros=8 gathers=0
FOLD20_PASSIVE_LOWER old=260 new=664 macros=6 gathers=0
RANK4_LOWER class=3 original_ops=55591 new_ops=46503 symbolic_rank_gates=608 paired_macros=672 conditional_clean=true
FOLD20_T10_RANK4 j=1 last=false low=true old_ops=55591 ops=46503
FOLD20_PASSIVE_LOWER old=1082 new=6864 macros=22 gathers=0
FOLD20_PASSIVE_LOWER old=544 new=872 macros=6 gathers=0
FOLD20_PASSIVE_LOWER old=260 new=664 macros=6 gathers=0
FOLD20_PASSIVE_LOWER old=326 new=3110 macros=9 gathers=0
RANK4_LOWER class=3 original_ops=75593 new_ops=63107 symbolic_rank_gates=800 paired_macros=874 conditional_clean=true
FOLD20_T10_RANK4 j=2 last=false low=true old_ops=75593 ops=63107
RANK4_LOWER class=3 original_ops=77127 new_ops=64119 symbolic_rank_gates=800 paired_macros=892 conditional_clean=true
FOLD20_T10_RANK4 j=0 last=false low=true old_ops=77127 ops=64119
FOLD20_PASSIVE_LOWER old=544 new=872 macros=6 gathers=0
FOLD20_PASSIVE_LOWER old=260 new=664 macros=6 gathers=0
FOLD20_PASSIVE_LOWER old=544 new=872 macros=6 gathers=0
FOLD20_PASSIVE_LOWER old=0 new=0 macros=0 gathers=0
FOLD20_PASSIVE_LOWER old=260 new=664 macros=6 gathers=0
FOLD20_PASSIVE_LOWER old=0 new=0 macros=0 gathers=0
RANK4_LOWER class=4 original_ops=11337 new_ops=9149 symbolic_rank_gates=48 paired_macros=74 conditional_clean=true
FOLD20_T10_RANK4 j=3 last=true low=true old_ops=11337 ops=9149
RANK4_LOWER class=4 original_ops=13153 new_ops=10729 symbolic_rank_gates=72 paired_macros=142 conditional_clean=true
FOLD20_T10_RANK4 j=0 last=true low=true old_ops=13153 ops=10729
RANK4_LOWER class=4 original_ops=16175 new_ops=13651 symbolic_rank_gates=72 paired_macros=180 conditional_clean=true
FOLD20_T10_RANK4 j=1 last=true low=true old_ops=16175 ops=13651
RANK4_LOWER class=4 original_ops=17723 new_ops=14879 symbolic_rank_gates=72 paired_macros=186 conditional_clean=true
FOLD20_T10_RANK4 j=2 last=true low=true old_ops=17723 ops=14879
RANK4_LOWER class=3 original_ops=55487 new_ops=46187 symbolic_rank_gates=608 paired_macros=672 conditional_clean=true
FOLD20_T10_RANK4 j=3 last=false low=true old_ops=55487 ops=46187
RANK4_LOWER class=3 original_ops=55227 new_ops=46191 symbolic_rank_gates=608 paired_macros=672 conditional_clean=true
FOLD20_T10_RANK4 j=1 last=false low=true old_ops=55227 ops=46191
FOLD20_PASSIVE_LOWER old=688 new=1138 macros=8 gathers=0
FOLD20_PASSIVE_LOWER old=544 new=872 macros=6 gathers=0
FOLD20_PASSIVE_LOWER old=260 new=664 macros=6 gathers=0
RANK4_LOWER class=3 original_ops=76763 new_ops=63807 symbolic_rank_gates=800 paired_macros=892 conditional_clean=true
FOLD20_T10_RANK4 j=0 last=false low=true old_ops=76763 ops=63807
FOLD20_PASSIVE_LOWER old=260 new=664 macros=6 gathers=0
RANK4_LOWER class=3 original_ops=75229 new_ops=62795 symbolic_rank_gates=800 paired_macros=874 conditional_clean=true
FOLD20_T10_RANK4 j=2 last=false low=true old_ops=75229 ops=62795
FOLD20_PASSIVE_LOWER old=326 new=3110 macros=9 gathers=0
FOLD20_PASSIVE_LOWER old=544 new=872 macros=6 gathers=0
FOLD20_PASSIVE_LOWER old=1082 new=6864 macros=22 gathers=0
FOLD20_PASSIVE_LOWER old=544 new=872 macros=6 gathers=0
FOLD20_PASSIVE_LOWER old=260 new=664 macros=6 gathers=0
FOLD20_PASSIVE_LOWER old=260 new=664 macros=6 gathers=0
FOLD20_PASSIVE_LOWER old=0 new=0 macros=0 gathers=0
FOLD20_PASSIVE_LOWER old=0 new=0 macros=0 gathers=0
RANK4_LOWER class=4 original_ops=11211 new_ops=9051 symbolic_rank_gates=48 paired_macros=74 conditional_clean=true
FOLD20_T10_RANK4 j=3 last=true low=true old_ops=11211 ops=9051
RANK4_LOWER class=4 original_ops=13027 new_ops=10631 symbolic_rank_gates=72 paired_macros=142 conditional_clean=true
FOLD20_T10_RANK4 j=0 last=true low=true old_ops=13027 ops=10631
RANK4_LOWER class=4 original_ops=16049 new_ops=13553 symbolic_rank_gates=72 paired_macros=180 conditional_clean=true
FOLD20_T10_RANK4 j=1 last=true low=true old_ops=16049 ops=13553
RANK4_LOWER class=4 original_ops=17597 new_ops=14781 symbolic_rank_gates=72 paired_macros=186 conditional_clean=true
FOLD20_T10_RANK4 j=2 last=true low=true old_ops=17597 ops=14781
RANK4_LOWER class=3 original_ops=55097 new_ops=45833 symbolic_rank_gates=608 paired_macros=672 conditional_clean=true
FOLD20_T10_RANK4 j=3 last=false low=true old_ops=55097 ops=45833
FOLD20_PASSIVE_LOWER old=688 new=1138 macros=8 gathers=0
RANK4_LOWER class=3 original_ops=54837 new_ops=45837 symbolic_rank_gates=608 paired_macros=672 conditional_clean=true
FOLD20_T10_RANK4 j=1 last=false low=true old_ops=54837 ops=45837
FOLD20_PASSIVE_LOWER old=260 new=664 macros=6 gathers=0
FOLD20_PASSIVE_LOWER old=544 new=872 macros=6 gathers=0
FOLD20_PASSIVE_LOWER old=1082 new=6864 macros=22 gathers=0
FOLD20_PASSIVE_LOWER old=260 new=664 macros=6 gathers=0
FOLD20_PASSIVE_LOWER old=326 new=3110 macros=9 gathers=0
RANK4_LOWER class=3 original_ops=74839 new_ops=62441 symbolic_rank_gates=800 paired_macros=874 conditional_clean=true
FOLD20_T10_RANK4 j=2 last=false low=true old_ops=74839 ops=62441
RANK4_LOWER class=3 original_ops=76373 new_ops=63449 symbolic_rank_gates=800 paired_macros=892 conditional_clean=true
FOLD20_T10_RANK4 j=0 last=false low=true old_ops=76373 ops=63449
FOLD20_PASSIVE_LOWER old=544 new=872 macros=6 gathers=0
FOLD20_PASSIVE_LOWER old=260 new=664 macros=6 gathers=0
FOLD20_PASSIVE_LOWER old=0 new=0 macros=0 gathers=0
FOLD20_PASSIVE_LOWER old=544 new=872 macros=6 gathers=0
FOLD20_PASSIVE_LOWER old=260 new=664 macros=6 gathers=0
FOLD20_PASSIVE_LOWER old=0 new=0 macros=0 gathers=0
RANK4_LOWER class=4 original_ops=11073 new_ops=8937 symbolic_rank_gates=48 paired_macros=74 conditional_clean=true
FOLD20_T10_RANK4 j=3 last=true low=true old_ops=11073 ops=8937
RANK4_LOWER class=4 original_ops=12889 new_ops=10517 symbolic_rank_gates=72 paired_macros=142 conditional_clean=true
FOLD20_T10_RANK4 j=0 last=true low=true old_ops=12889 ops=10517
RANK4_LOWER class=4 original_ops=15911 new_ops=13439 symbolic_rank_gates=72 paired_macros=180 conditional_clean=true
RANK4_LOWER class=4 original_ops=17459 new_ops=14667 symbolic_rank_gates=72 paired_macros=186 conditional_clean=true
FOLD20_T10_RANK4 j=1 last=true low=true old_ops=15911 ops=13439
FOLD20_T10_RANK4 j=2 last=true low=true old_ops=17459 ops=14667
RANK4_LOWER class=3 original_ops=54761 new_ops=45553 symbolic_rank_gates=608 paired_macros=672 conditional_clean=true
FOLD20_T10_RANK4 j=3 last=false low=true old_ops=54761 ops=45553
FOLD20_PASSIVE_LOWER old=688 new=1138 macros=8 gathers=0
RANK4_LOWER class=3 original_ops=54501 new_ops=45557 symbolic_rank_gates=608 paired_macros=672 conditional_clean=true
FOLD20_T10_RANK4 j=1 last=false low=true old_ops=54501 ops=45557
FOLD20_PASSIVE_LOWER old=260 new=664 macros=6 gathers=0
RANK4_LOWER class=3 original_ops=76037 new_ops=63169 symbolic_rank_gates=800 paired_macros=892 conditional_clean=true
FOLD20_T10_RANK4 j=0 last=false low=true old_ops=76037 ops=63169
FOLD20_PASSIVE_LOWER old=544 new=872 macros=6 gathers=0
FOLD20_PASSIVE_LOWER old=1082 new=6864 macros=22 gathers=0
FOLD20_PASSIVE_LOWER old=260 new=664 macros=6 gathers=0
RANK4_LOWER class=3 original_ops=74503 new_ops=62161 symbolic_rank_gates=800 paired_macros=874 conditional_clean=true
FOLD20_T10_RANK4 j=2 last=false low=true old_ops=74503 ops=62161
FOLD20_PASSIVE_LOWER old=326 new=3110 macros=9 gathers=0
FOLD20_PASSIVE_LOWER old=544 new=872 macros=6 gathers=0
FOLD20_PASSIVE_LOWER old=544 new=872 macros=6 gathers=0
FOLD20_PASSIVE_LOWER old=260 new=664 macros=6 gathers=0
FOLD20_PASSIVE_LOWER old=260 new=664 macros=6 gathers=0
FOLD20_PASSIVE_LOWER old=0 new=0 macros=0 gathers=0
FOLD20_PASSIVE_LOWER old=0 new=0 macros=0 gathers=0
RANK4_LOWER class=4 original_ops=10955 new_ops=8847 symbolic_rank_gates=48 paired_macros=74 conditional_clean=true
FOLD20_T10_RANK4 j=3 last=true low=true old_ops=10955 ops=8847
RANK4_LOWER class=4 original_ops=12771 new_ops=10427 symbolic_rank_gates=72 paired_macros=142 conditional_clean=true
FOLD20_T10_RANK4 j=0 last=true low=true old_ops=12771 ops=10427
RANK4_LOWER class=4 original_ops=15793 new_ops=13349 symbolic_rank_gates=72 paired_macros=180 conditional_clean=true
FOLD20_T10_RANK4 j=1 last=true low=true old_ops=15793 ops=13349
RANK4_LOWER class=4 original_ops=17341 new_ops=14577 symbolic_rank_gates=72 paired_macros=186 conditional_clean=true
FOLD20_T10_RANK4 j=2 last=true low=true old_ops=17341 ops=14577
RANK4_LOWER class=3 original_ops=54459 new_ops=45295 symbolic_rank_gates=608 paired_macros=672 conditional_clean=true
FOLD20_T10_RANK4 j=3 last=false low=true old_ops=54459 ops=45295
RANK4_LOWER class=3 original_ops=54199 new_ops=45299 symbolic_rank_gates=608 paired_macros=672 conditional_clean=true
FOLD20_T10_RANK4 j=1 last=false low=true old_ops=54199 ops=45299
FOLD20_PASSIVE_LOWER old=688 new=1138 macros=8 gathers=0
FOLD20_PASSIVE_LOWER old=260 new=664 macros=6 gathers=0
FOLD20_PASSIVE_LOWER old=544 new=872 macros=6 gathers=0
FOLD20_PASSIVE_LOWER old=260 new=664 macros=6 gathers=0
FOLD20_PASSIVE_LOWER old=326 new=3110 macros=9 gathers=0
FOLD20_PASSIVE_LOWER old=1082 new=6864 macros=22 gathers=0
RANK4_LOWER class=3 original_ops=74201 new_ops=61903 symbolic_rank_gates=800 paired_macros=874 conditional_clean=true
FOLD20_T10_RANK4 j=2 last=false low=true old_ops=74201 ops=61903
RANK4_LOWER class=3 original_ops=75735 new_ops=62915 symbolic_rank_gates=800 paired_macros=892 conditional_clean=true
FOLD20_T10_RANK4 j=0 last=false low=true old_ops=75735 ops=62915
FOLD20_PASSIVE_LOWER old=544 new=872 macros=6 gathers=0
FOLD20_PASSIVE_LOWER old=544 new=872 macros=6 gathers=0
FOLD20_PASSIVE_LOWER old=260 new=664 macros=6 gathers=0
FOLD20_PASSIVE_LOWER old=260 new=664 macros=6 gathers=0
FOLD20_PASSIVE_LOWER old=0 new=0 macros=0 gathers=0
FOLD20_PASSIVE_LOWER old=0 new=0 macros=0 gathers=0
RANK4_LOWER class=4 original_ops=10817 new_ops=8733 symbolic_rank_gates=48 paired_macros=74 conditional_clean=true
FOLD20_T10_RANK4 j=3 last=true low=true old_ops=10817 ops=8733
RANK4_LOWER class=4 original_ops=12633 new_ops=10313 symbolic_rank_gates=72 paired_macros=142 conditional_clean=true
FOLD20_T10_RANK4 j=0 last=true low=true old_ops=12633 ops=10313
RANK4_LOWER class=4 original_ops=15655 new_ops=13235 symbolic_rank_gates=72 paired_macros=180 conditional_clean=true
FOLD20_T10_RANK4 j=1 last=true low=true old_ops=15655 ops=13235
RANK4_LOWER class=4 original_ops=17203 new_ops=14463 symbolic_rank_gates=72 paired_macros=186 conditional_clean=true
FOLD20_T10_RANK4 j=2 last=true low=true old_ops=17203 ops=14463
RANK4_LOWER class=3 original_ops=54143 new_ops=45021 symbolic_rank_gates=608 paired_macros=672 conditional_clean=true
FOLD20_T10_RANK4 j=3 last=false low=true old_ops=54143 ops=45021
FOLD20_PASSIVE_LOWER old=688 new=1138 macros=8 gathers=0
RANK4_LOWER class=3 original_ops=53883 new_ops=45025 symbolic_rank_gates=608 paired_macros=672 conditional_clean=true
FOLD20_T10_RANK4 j=1 last=false low=true old_ops=53883 ops=45025
FOLD20_PASSIVE_LOWER old=260 new=664 macros=6 gathers=0
FOLD20_PASSIVE_LOWER old=544 new=872 macros=6 gathers=0
FOLD20_PASSIVE_LOWER old=1082 new=6864 macros=22 gathers=0
FOLD20_PASSIVE_LOWER old=260 new=664 macros=6 gathers=0
FOLD20_PASSIVE_LOWER old=326 new=3110 macros=9 gathers=0
RANK4_LOWER class=3 original_ops=73885 new_ops=61629 symbolic_rank_gates=800 paired_macros=874 conditional_clean=true
FOLD20_T10_RANK4 j=2 last=false low=true old_ops=73885 ops=61629
RANK4_LOWER class=3 original_ops=75419 new_ops=62641 symbolic_rank_gates=800 paired_macros=892 conditional_clean=true
FOLD20_T10_RANK4 j=0 last=false low=true old_ops=75419 ops=62641
FOLD20_PASSIVE_LOWER old=544 new=872 macros=6 gathers=0
FOLD20_PASSIVE_LOWER old=260 new=664 macros=6 gathers=0
FOLD20_PASSIVE_LOWER old=0 new=0 macros=0 gathers=0
FOLD20_PASSIVE_LOWER old=544 new=872 macros=6 gathers=0
FOLD20_PASSIVE_LOWER old=260 new=664 macros=6 gathers=0
FOLD20_PASSIVE_LOWER old=0 new=0 macros=0 gathers=0
RANK4_LOWER class=4 original_ops=10351 new_ops=8529 symbolic_rank_gates=36 paired_macros=46 conditional_clean=true
FOLD20_T10_RANK4 j=3 last=true low=true old_ops=10351 ops=8529
RANK4_LOWER class=4 original_ops=12167 new_ops=10113 symbolic_rank_gates=60 paired_macros=114 conditional_clean=true
FOLD20_T10_RANK4 j=0 last=true low=true old_ops=12167 ops=10113
RANK4_LOWER class=4 original_ops=15189 new_ops=13035 symbolic_rank_gates=60 paired_macros=152 conditional_clean=true
FOLD20_T10_RANK4 j=1 last=true low=true old_ops=15189 ops=13035
RANK4_LOWER class=4 original_ops=16737 new_ops=14263 symbolic_rank_gates=60 paired_macros=158 conditional_clean=true
FOLD20_T10_RANK4 j=2 last=true low=true old_ops=16737 ops=14263
RANK4_LOWER class=3 original_ops=53401 new_ops=44559 symbolic_rank_gates=576 paired_macros=624 conditional_clean=true
FOLD20_T10_RANK4 j=3 last=false low=true old_ops=53401 ops=44559
FOLD20_PASSIVE_LOWER old=688 new=1138 macros=8 gathers=0
FOLD20_PASSIVE_LOWER old=260 new=664 macros=6 gathers=0
RANK4_LOWER class=3 original_ops=53141 new_ops=44563 symbolic_rank_gates=576 paired_macros=624 conditional_clean=true
FOLD20_T10_RANK4 j=1 last=false low=true old_ops=53141 ops=44563
FOLD20_PASSIVE_LOWER old=1082 new=6864 macros=22 gathers=0
FOLD20_PASSIVE_LOWER old=544 new=872 macros=6 gathers=0
FOLD20_PASSIVE_LOWER old=260 new=664 macros=6 gathers=0
RANK4_LOWER class=3 original_ops=74677 new_ops=62179 symbolic_rank_gates=768 paired_macros=844 conditional_clean=true
FOLD20_T10_RANK4 j=0 last=false low=true old_ops=74677 ops=62179
RANK4_LOWER class=3 original_ops=73143 new_ops=61167 symbolic_rank_gates=768 paired_macros=826 conditional_clean=true
FOLD20_T10_RANK4 j=2 last=false low=true old_ops=73143 ops=61167
FOLD20_PASSIVE_LOWER old=326 new=3110 macros=9 gathers=0
FOLD20_PASSIVE_LOWER old=544 new=872 macros=6 gathers=0
FOLD20_PASSIVE_LOWER old=544 new=872 macros=6 gathers=0
FOLD20_PASSIVE_LOWER old=260 new=664 macros=6 gathers=0
FOLD20_PASSIVE_LOWER old=260 new=664 macros=6 gathers=0
FOLD20_PASSIVE_LOWER old=0 new=0 macros=0 gathers=0
FOLD20_PASSIVE_LOWER old=0 new=0 macros=0 gathers=0
RANK4_LOWER class=4 original_ops=10213 new_ops=8415 symbolic_rank_gates=36 paired_macros=46 conditional_clean=true
FOLD20_T10_RANK4 j=3 last=true low=true old_ops=10213 ops=8415
RANK4_LOWER class=4 original_ops=12029 new_ops=9999 symbolic_rank_gates=60 paired_macros=114 conditional_clean=true
FOLD20_T10_RANK4 j=0 last=true low=true old_ops=12029 ops=9999
RANK4_LOWER class=4 original_ops=15051 new_ops=12921 symbolic_rank_gates=60 paired_macros=152 conditional_clean=true
FOLD20_T10_RANK4 j=1 last=true low=true old_ops=15051 ops=12921
RANK4_LOWER class=4 original_ops=16599 new_ops=14149 symbolic_rank_gates=60 paired_macros=158 conditional_clean=true
FOLD20_T10_RANK4 j=2 last=true low=true old_ops=16599 ops=14149
RANK4_LOWER class=3 original_ops=52961 new_ops=44215 symbolic_rank_gates=576 paired_macros=624 conditional_clean=true
FOLD20_T10_RANK4 j=3 last=false low=true old_ops=52961 ops=44215
RANK4_LOWER class=3 original_ops=52701 new_ops=44219 symbolic_rank_gates=576 paired_macros=624 conditional_clean=true
FOLD20_T10_RANK4 j=1 last=false low=true old_ops=52701 ops=44219
FOLD20_PASSIVE_LOWER old=688 new=1138 macros=8 gathers=0
FOLD20_PASSIVE_LOWER old=260 new=664 macros=6 gathers=0
FOLD20_PASSIVE_LOWER old=544 new=872 macros=6 gathers=0
FOLD20_PASSIVE_LOWER old=260 new=664 macros=6 gathers=0
FOLD20_PASSIVE_LOWER old=326 new=3110 macros=9 gathers=0
FOLD20_PASSIVE_LOWER old=1082 new=6864 macros=22 gathers=0
RANK4_LOWER class=3 original_ops=74237 new_ops=61835 symbolic_rank_gates=768 paired_macros=844 conditional_clean=true
FOLD20_T10_RANK4 j=0 last=false low=true old_ops=74237 ops=61835
RANK4_LOWER class=3 original_ops=72703 new_ops=60823 symbolic_rank_gates=768 paired_macros=826 conditional_clean=true
FOLD20_T10_RANK4 j=2 last=false low=true old_ops=72703 ops=60823
FOLD20_PASSIVE_LOWER old=544 new=872 macros=6 gathers=0
FOLD20_PASSIVE_LOWER old=544 new=872 macros=6 gathers=0
FOLD20_PASSIVE_LOWER old=260 new=664 macros=6 gathers=0
FOLD20_PASSIVE_LOWER old=260 new=664 macros=6 gathers=0
FOLD20_PASSIVE_LOWER old=0 new=0 macros=0 gathers=0
FOLD20_PASSIVE_LOWER old=0 new=0 macros=0 gathers=0
RANK4_LOWER class=4 original_ops=10113 new_ops=8331 symbolic_rank_gates=36 paired_macros=46 conditional_clean=true
FOLD20_T10_RANK4 j=3 last=true low=true old_ops=10113 ops=8331
RANK4_LOWER class=4 original_ops=11929 new_ops=9915 symbolic_rank_gates=60 paired_macros=114 conditional_clean=true
FOLD20_T10_RANK4 j=0 last=true low=true old_ops=11929 ops=9915
RANK4_LOWER class=4 original_ops=16499 new_ops=14065 symbolic_rank_gates=60 paired_macros=158 conditional_clean=true
FOLD20_T10_RANK4 j=2 last=true low=true old_ops=16499 ops=14065
RANK4_LOWER class=4 original_ops=14951 new_ops=12837 symbolic_rank_gates=60 paired_macros=152 conditional_clean=true
FOLD20_T10_RANK4 j=1 last=true low=true old_ops=14951 ops=12837
RANK4_LOWER class=3 original_ops=52639 new_ops=43965 symbolic_rank_gates=576 paired_macros=624 conditional_clean=true
FOLD20_T10_RANK4 j=3 last=false low=true old_ops=52639 ops=43965
RANK4_LOWER class=3 original_ops=52379 new_ops=43969 symbolic_rank_gates=576 paired_macros=624 conditional_clean=true
FOLD20_T10_RANK4 j=1 last=false low=true old_ops=52379 ops=43969
FOLD20_PASSIVE_LOWER old=688 new=1138 macros=8 gathers=0
FOLD20_PASSIVE_LOWER old=260 new=664 macros=6 gathers=0
FOLD20_PASSIVE_LOWER old=544 new=872 macros=6 gathers=0
FOLD20_PASSIVE_LOWER old=260 new=664 macros=6 gathers=0
FOLD20_PASSIVE_LOWER old=326 new=3110 macros=9 gathers=0
FOLD20_PASSIVE_LOWER old=1082 new=6864 macros=22 gathers=0
RANK4_LOWER class=3 original_ops=72381 new_ops=60573 symbolic_rank_gates=768 paired_macros=826 conditional_clean=true
FOLD20_T10_RANK4 j=2 last=false low=true old_ops=72381 ops=60573
RANK4_LOWER class=3 original_ops=73915 new_ops=61587 symbolic_rank_gates=768 paired_macros=844 conditional_clean=true
FOLD20_T10_RANK4 j=0 last=false low=true old_ops=73915 ops=61587
FOLD20_PASSIVE_LOWER old=544 new=872 macros=6 gathers=0
FOLD20_PASSIVE_LOWER old=260 new=664 macros=6 gathers=0
FOLD20_PASSIVE_LOWER old=544 new=872 macros=6 gathers=0
FOLD20_PASSIVE_LOWER old=0 new=0 macros=0 gathers=0
FOLD20_PASSIVE_LOWER old=260 new=664 macros=6 gathers=0
FOLD20_PASSIVE_LOWER old=0 new=0 macros=0 gathers=0
RANK4_LOWER class=4 original_ops=9951 new_ops=8209 symbolic_rank_gates=36 paired_macros=46 conditional_clean=true
FOLD20_T10_RANK4 j=3 last=true low=true old_ops=9951 ops=8209
RANK4_LOWER class=4 original_ops=11767 new_ops=9793 symbolic_rank_gates=60 paired_macros=114 conditional_clean=true
FOLD20_T10_RANK4 j=0 last=true low=true old_ops=11767 ops=9793
RANK4_LOWER class=4 original_ops=16337 new_ops=13943 symbolic_rank_gates=60 paired_macros=158 conditional_clean=true
FOLD20_T10_RANK4 j=2 last=true low=true old_ops=16337 ops=13943
RANK4_LOWER class=4 original_ops=14789 new_ops=12715 symbolic_rank_gates=60 paired_macros=152 conditional_clean=true
FOLD20_T10_RANK4 j=1 last=true low=true old_ops=14789 ops=12715
RANK4_LOWER class=3 original_ops=52215 new_ops=43619 symbolic_rank_gates=576 paired_macros=624 conditional_clean=true
FOLD20_T10_RANK4 j=3 last=false low=true old_ops=52215 ops=43619
FOLD20_PASSIVE_LOWER old=688 new=1138 macros=8 gathers=0
RANK4_LOWER class=3 original_ops=51955 new_ops=43623 symbolic_rank_gates=576 paired_macros=624 conditional_clean=true
FOLD20_PASSIVE_LOWER old=260 new=664 macros=6 gathers=0
FOLD20_T10_RANK4 j=1 last=false low=true old_ops=51955 ops=43623
FOLD20_PASSIVE_LOWER old=544 new=872 macros=6 gathers=0
FOLD20_PASSIVE_LOWER old=1082 new=6864 macros=22 gathers=0
RANK4_LOWER class=3 original_ops=71957 new_ops=60227 symbolic_rank_gates=768 paired_macros=826 conditional_clean=true
RANK4_LOWER class=3 original_ops=73491 new_ops=61241 symbolic_rank_gates=768 paired_macros=844 conditional_clean=true
FOLD20_T10_RANK4 j=2 last=false low=true old_ops=71957 ops=60227
FOLD20_T10_RANK4 j=0 last=false low=true old_ops=73491 ops=61241
FOLD20_PASSIVE_LOWER old=260 new=664 macros=6 gathers=0
FOLD20_PASSIVE_LOWER old=544 new=872 macros=6 gathers=0
FOLD20_PASSIVE_LOWER old=326 new=3110 macros=9 gathers=0
FOLD20_PASSIVE_LOWER old=544 new=872 macros=6 gathers=0
FOLD20_PASSIVE_LOWER old=260 new=664 macros=6 gathers=0
FOLD20_PASSIVE_LOWER old=260 new=664 macros=6 gathers=0
FOLD20_PASSIVE_LOWER old=0 new=0 macros=0 gathers=0
FOLD20_PASSIVE_LOWER old=0 new=0 macros=0 gathers=0
RANK4_LOWER class=4 original_ops=9845 new_ops=8123 symbolic_rank_gates=36 paired_macros=46 conditional_clean=true
FOLD20_T10_RANK4 j=3 last=true low=true old_ops=9845 ops=8123
RANK4_LOWER class=4 original_ops=11661 new_ops=9707 symbolic_rank_gates=60 paired_macros=114 conditional_clean=true
FOLD20_T10_RANK4 j=0 last=true low=true old_ops=11661 ops=9707
RANK4_LOWER class=4 original_ops=14683 new_ops=12629 symbolic_rank_gates=60 paired_macros=152 conditional_clean=true
FOLD20_T10_RANK4 j=1 last=true low=true old_ops=14683 ops=12629
RANK4_LOWER class=4 original_ops=16231 new_ops=13857 symbolic_rank_gates=60 paired_macros=158 conditional_clean=true
FOLD20_T10_RANK4 j=2 last=true low=true old_ops=16231 ops=13857
RANK4_LOWER class=3 original_ops=51905 new_ops=43353 symbolic_rank_gates=576 paired_macros=624 conditional_clean=true
FOLD20_T10_RANK4 j=3 last=false low=true old_ops=51905 ops=43353
RANK4_LOWER class=3 original_ops=51645 new_ops=43357 symbolic_rank_gates=576 paired_macros=624 conditional_clean=true
FOLD20_T10_RANK4 j=1 last=false low=true old_ops=51645 ops=43357
FOLD20_PASSIVE_LOWER old=688 new=1138 macros=8 gathers=0
FOLD20_PASSIVE_LOWER old=260 new=664 macros=6 gathers=0
FOLD20_PASSIVE_LOWER old=544 new=872 macros=6 gathers=0
FOLD20_PASSIVE_LOWER old=260 new=664 macros=6 gathers=0
FOLD20_PASSIVE_LOWER old=1082 new=6864 macros=22 gathers=0
FOLD20_PASSIVE_LOWER old=326 new=3110 macros=9 gathers=0
RANK4_LOWER class=3 original_ops=71647 new_ops=59961 symbolic_rank_gates=768 paired_macros=826 conditional_clean=true
FOLD20_T10_RANK4 j=2 last=false low=true old_ops=71647 ops=59961
RANK4_LOWER class=3 original_ops=73181 new_ops=60973 symbolic_rank_gates=768 paired_macros=844 conditional_clean=true
FOLD20_T10_RANK4 j=0 last=false low=true old_ops=73181 ops=60973
FOLD20_PASSIVE_LOWER old=544 new=872 macros=6 gathers=0
FOLD20_PASSIVE_LOWER old=544 new=872 macros=6 gathers=0
FOLD20_PASSIVE_LOWER old=260 new=664 macros=6 gathers=0
FOLD20_PASSIVE_LOWER old=260 new=664 macros=6 gathers=0
FOLD20_PASSIVE_LOWER old=0 new=0 macros=0 gathers=0
FOLD20_PASSIVE_LOWER old=0 new=0 macros=0 gathers=0
RANK4_LOWER class=4 original_ops=9719 new_ops=8029 symbolic_rank_gates=36 paired_macros=46 conditional_clean=true
FOLD20_T10_RANK4 j=3 last=true low=true old_ops=9719 ops=8029
RANK4_LOWER class=4 original_ops=11535 new_ops=9613 symbolic_rank_gates=60 paired_macros=114 conditional_clean=true
FOLD20_T10_RANK4 j=0 last=true low=true old_ops=11535 ops=9613
RANK4_LOWER class=4 original_ops=14557 new_ops=12535 symbolic_rank_gates=60 paired_macros=152 conditional_clean=true
FOLD20_T10_RANK4 j=1 last=true low=true old_ops=14557 ops=12535
RANK4_LOWER class=4 original_ops=16105 new_ops=13763 symbolic_rank_gates=60 paired_macros=158 conditional_clean=true
FOLD20_T10_RANK4 j=2 last=true low=true old_ops=16105 ops=13763
RANK4_LOWER class=3 original_ops=51595 new_ops=43103 symbolic_rank_gates=576 paired_macros=624 conditional_clean=true
FOLD20_T10_RANK4 j=3 last=false low=true old_ops=51595 ops=43103
FOLD20_PASSIVE_LOWER old=688 new=1138 macros=8 gathers=0
RANK4_LOWER class=3 original_ops=51335 new_ops=43107 symbolic_rank_gates=576 paired_macros=624 conditional_clean=true
FOLD20_T10_RANK4 j=1 last=false low=true old_ops=51335 ops=43107
FOLD20_PASSIVE_LOWER old=260 new=664 macros=6 gathers=0
FOLD20_PASSIVE_LOWER old=544 new=872 macros=6 gathers=0
FOLD20_PASSIVE_LOWER old=260 new=664 macros=6 gathers=0
FOLD20_PASSIVE_LOWER old=1082 new=6864 macros=22 gathers=0
RANK4_LOWER class=3 original_ops=72871 new_ops=60725 symbolic_rank_gates=768 paired_macros=844 conditional_clean=true
FOLD20_T10_RANK4 j=0 last=false low=true old_ops=72871 ops=60725
RANK4_LOWER class=3 original_ops=71337 new_ops=59711 symbolic_rank_gates=768 paired_macros=826 conditional_clean=true
FOLD20_T10_RANK4 j=2 last=false low=true old_ops=71337 ops=59711
FOLD20_PASSIVE_LOWER old=326 new=3110 macros=9 gathers=0
FOLD20_PASSIVE_LOWER old=544 new=872 macros=6 gathers=0
FOLD20_PASSIVE_LOWER old=544 new=872 macros=6 gathers=0
FOLD20_PASSIVE_LOWER old=260 new=664 macros=6 gathers=0
FOLD20_PASSIVE_LOWER old=260 new=664 macros=6 gathers=0
FOLD20_PASSIVE_LOWER old=0 new=0 macros=0 gathers=0
FOLD20_PASSIVE_LOWER old=0 new=0 macros=0 gathers=0
RANK4_LOWER class=4 original_ops=9581 new_ops=7915 symbolic_rank_gates=36 paired_macros=46 conditional_clean=true
FOLD20_T10_RANK4 j=3 last=true low=true old_ops=9581 ops=7915
RANK4_LOWER class=4 original_ops=11397 new_ops=9499 symbolic_rank_gates=60 paired_macros=114 conditional_clean=true
FOLD20_T10_RANK4 j=0 last=true low=true old_ops=11397 ops=9499
RANK4_LOWER class=4 original_ops=14419 new_ops=12421 symbolic_rank_gates=60 paired_macros=152 conditional_clean=true
FOLD20_T10_RANK4 j=1 last=true low=true old_ops=14419 ops=12421
RANK4_LOWER class=4 original_ops=15967 new_ops=13649 symbolic_rank_gates=60 paired_macros=158 conditional_clean=true
FOLD20_T10_RANK4 j=2 last=true low=true old_ops=15967 ops=13649
RANK4_LOWER class=3 original_ops=51175 new_ops=42759 symbolic_rank_gates=576 paired_macros=624 conditional_clean=true
FOLD20_T10_RANK4 j=3 last=false low=true old_ops=51175 ops=42759
RANK4_LOWER class=3 original_ops=50915 new_ops=42763 symbolic_rank_gates=576 paired_macros=624 conditional_clean=true
FOLD20_T10_RANK4 j=1 last=false low=true old_ops=50915 ops=42763
FOLD20_PASSIVE_LOWER old=688 new=1138 macros=8 gathers=0
FOLD20_PASSIVE_LOWER old=260 new=664 macros=6 gathers=0
FOLD20_PASSIVE_LOWER old=544 new=872 macros=6 gathers=0
FOLD20_PASSIVE_LOWER old=260 new=664 macros=6 gathers=0
FOLD20_PASSIVE_LOWER old=326 new=3110 macros=9 gathers=0
FOLD20_PASSIVE_LOWER old=1082 new=6864 macros=22 gathers=0
RANK4_LOWER class=3 original_ops=72451 new_ops=60381 symbolic_rank_gates=768 paired_macros=844 conditional_clean=true
FOLD20_T10_RANK4 j=0 last=false low=true old_ops=72451 ops=60381
RANK4_LOWER class=3 original_ops=70917 new_ops=59367 symbolic_rank_gates=768 paired_macros=826 conditional_clean=true
FOLD20_T10_RANK4 j=2 last=false low=true old_ops=70917 ops=59367
FOLD20_PASSIVE_LOWER old=544 new=872 macros=6 gathers=0
FOLD20_PASSIVE_LOWER old=544 new=872 macros=6 gathers=0
FOLD20_PASSIVE_LOWER old=260 new=664 macros=6 gathers=0
FOLD20_PASSIVE_LOWER old=260 new=664 macros=6 gathers=0
FOLD20_PASSIVE_LOWER old=0 new=0 macros=0 gathers=0
FOLD20_PASSIVE_LOWER old=0 new=0 macros=0 gathers=0
RANK4_LOWER class=4 original_ops=9459 new_ops=7821 symbolic_rank_gates=36 paired_macros=46 conditional_clean=true
FOLD20_T10_RANK4 j=3 last=true low=true old_ops=9459 ops=7821
RANK4_LOWER class=4 original_ops=11275 new_ops=9405 symbolic_rank_gates=60 paired_macros=114 conditional_clean=true
FOLD20_T10_RANK4 j=0 last=true low=true old_ops=11275 ops=9405
RANK4_LOWER class=4 original_ops=14297 new_ops=12327 symbolic_rank_gates=60 paired_macros=152 conditional_clean=true
FOLD20_T10_RANK4 j=1 last=true low=true old_ops=14297 ops=12327
RANK4_LOWER class=4 original_ops=15845 new_ops=13555 symbolic_rank_gates=60 paired_macros=158 conditional_clean=true
FOLD20_T10_RANK4 j=2 last=true low=true old_ops=15845 ops=13555
RANK4_LOWER class=3 original_ops=50873 new_ops=42493 symbolic_rank_gates=576 paired_macros=624 conditional_clean=true
FOLD20_T10_RANK4 j=3 last=false low=true old_ops=50873 ops=42493
RANK4_LOWER class=3 original_ops=50613 new_ops=42497 symbolic_rank_gates=576 paired_macros=624 conditional_clean=true
FOLD20_T10_RANK4 j=1 last=false low=true old_ops=50613 ops=42497
FOLD20_PASSIVE_LOWER old=688 new=1138 macros=8 gathers=0
FOLD20_PASSIVE_LOWER old=260 new=664 macros=6 gathers=0
FOLD20_PASSIVE_LOWER old=544 new=872 macros=6 gathers=0
FOLD20_PASSIVE_LOWER old=260 new=664 macros=6 gathers=0
FOLD20_PASSIVE_LOWER old=326 new=3110 macros=9 gathers=0
FOLD20_PASSIVE_LOWER old=1082 new=6864 macros=22 gathers=0
RANK4_LOWER class=3 original_ops=72149 new_ops=60113 symbolic_rank_gates=768 paired_macros=844 conditional_clean=true
FOLD20_T10_RANK4 j=0 last=false low=true old_ops=72149 ops=60113
RANK4_LOWER class=3 original_ops=70615 new_ops=59101 symbolic_rank_gates=768 paired_macros=826 conditional_clean=true
FOLD20_T10_RANK4 j=2 last=false low=true old_ops=70615 ops=59101
FOLD20_PASSIVE_LOWER old=544 new=872 macros=6 gathers=0
FOLD20_PASSIVE_LOWER old=260 new=664 macros=6 gathers=0
FOLD20_PASSIVE_LOWER old=0 new=0 macros=0 gathers=0
FOLD20_PASSIVE_LOWER old=544 new=872 macros=6 gathers=0
FOLD20_PASSIVE_LOWER old=260 new=664 macros=6 gathers=0
FOLD20_PASSIVE_LOWER old=0 new=0 macros=0 gathers=0
RANK4_LOWER class=4 original_ops=9321 new_ops=7707 symbolic_rank_gates=36 paired_macros=46 conditional_clean=true
FOLD20_T10_RANK4 j=3 last=true low=true old_ops=9321 ops=7707
RANK4_LOWER class=4 original_ops=11137 new_ops=9291 symbolic_rank_gates=60 paired_macros=114 conditional_clean=true
FOLD20_T10_RANK4 j=0 last=true low=true old_ops=11137 ops=9291
RANK4_LOWER class=4 original_ops=14159 new_ops=12213 symbolic_rank_gates=60 paired_macros=152 conditional_clean=true
FOLD20_T10_RANK4 j=1 last=true low=true old_ops=14159 ops=12213
RANK4_LOWER class=4 original_ops=15707 new_ops=13441 symbolic_rank_gates=60 paired_macros=158 conditional_clean=true
FOLD20_T10_RANK4 j=2 last=true low=true old_ops=15707 ops=13441
RANK4_LOWER class=3 original_ops=50465 new_ops=42149 symbolic_rank_gates=576 paired_macros=624 conditional_clean=true
FOLD20_T10_RANK4 j=3 last=false low=true old_ops=50465 ops=42149
FOLD20_PASSIVE_LOWER old=688 new=1138 macros=8 gathers=0
FOLD20_PASSIVE_LOWER old=260 new=664 macros=6 gathers=0
RANK4_LOWER class=3 original_ops=50205 new_ops=42153 symbolic_rank_gates=576 paired_macros=624 conditional_clean=true
FOLD20_T10_RANK4 j=1 last=false low=true old_ops=50205 ops=42153
FOLD20_PASSIVE_LOWER old=1082 new=6864 macros=22 gathers=0
FOLD20_PASSIVE_LOWER old=544 new=872 macros=6 gathers=0
FOLD20_PASSIVE_LOWER old=260 new=664 macros=6 gathers=0
RANK4_LOWER class=3 original_ops=71741 new_ops=59769 symbolic_rank_gates=768 paired_macros=844 conditional_clean=true
FOLD20_T10_RANK4 j=0 last=false low=true old_ops=71741 ops=59769
RANK4_LOWER class=3 original_ops=70207 new_ops=58757 symbolic_rank_gates=768 paired_macros=826 conditional_clean=true
FOLD20_T10_RANK4 j=2 last=false low=true old_ops=70207 ops=58757
FOLD20_PASSIVE_LOWER old=326 new=3110 macros=9 gathers=0
FOLD20_PASSIVE_LOWER old=544 new=872 macros=6 gathers=0
FOLD20_PASSIVE_LOWER old=544 new=872 macros=6 gathers=0
FOLD20_PASSIVE_LOWER old=260 new=664 macros=6 gathers=0
FOLD20_PASSIVE_LOWER old=260 new=664 macros=6 gathers=0
FOLD20_PASSIVE_LOWER old=0 new=0 macros=0 gathers=0
FOLD20_PASSIVE_LOWER old=0 new=0 macros=0 gathers=0
RANK4_LOWER class=4 original_ops=9221 new_ops=7623 symbolic_rank_gates=36 paired_macros=46 conditional_clean=true
FOLD20_T10_RANK4 j=3 last=true low=true old_ops=9221 ops=7623
RANK4_LOWER class=4 original_ops=11037 new_ops=9207 symbolic_rank_gates=60 paired_macros=114 conditional_clean=true
FOLD20_T10_RANK4 j=0 last=true low=true old_ops=11037 ops=9207
RANK4_LOWER class=4 original_ops=15607 new_ops=13357 symbolic_rank_gates=60 paired_macros=158 conditional_clean=true
FOLD20_T10_RANK4 j=2 last=true low=true old_ops=15607 ops=13357
RANK4_LOWER class=4 original_ops=14059 new_ops=12129 symbolic_rank_gates=60 paired_macros=152 conditional_clean=true
FOLD20_T10_RANK4 j=1 last=true low=true old_ops=14059 ops=12129
RANK4_LOWER class=3 original_ops=50167 new_ops=41899 symbolic_rank_gates=576 paired_macros=624 conditional_clean=true
FOLD20_T10_RANK4 j=3 last=false low=true old_ops=50167 ops=41899
RANK4_LOWER class=3 original_ops=49907 new_ops=41903 symbolic_rank_gates=576 paired_macros=624 conditional_clean=true
FOLD20_T10_RANK4 j=1 last=false low=true old_ops=49907 ops=41903
FOLD20_PASSIVE_LOWER old=688 new=1138 macros=8 gathers=0
FOLD20_PASSIVE_LOWER old=260 new=664 macros=6 gathers=0
FOLD20_PASSIVE_LOWER old=544 new=872 macros=6 gathers=0
RANK4_LOWER class=3 original_ops=71443 new_ops=59521 symbolic_rank_gates=768 paired_macros=844 conditional_clean=true
FOLD20_PASSIVE_LOWER old=260 new=664 macros=6 gathers=0
FOLD20_T10_RANK4 j=0 last=false low=true old_ops=71443 ops=59521
RANK4_LOWER class=3 original_ops=69909 new_ops=58507 symbolic_rank_gates=768 paired_macros=826 conditional_clean=true
FOLD20_T10_RANK4 j=2 last=false low=true old_ops=69909 ops=58507
FOLD20_PASSIVE_LOWER old=1082 new=6864 macros=22 gathers=0
FOLD20_PASSIVE_LOWER old=326 new=3110 macros=9 gathers=0
FOLD20_PASSIVE_LOWER old=544 new=872 macros=6 gathers=0
FOLD20_PASSIVE_LOWER old=260 new=664 macros=6 gathers=0
FOLD20_PASSIVE_LOWER old=544 new=872 macros=6 gathers=0
FOLD20_PASSIVE_LOWER old=0 new=0 macros=0 gathers=0
FOLD20_PASSIVE_LOWER old=260 new=664 macros=6 gathers=0
FOLD20_PASSIVE_LOWER old=0 new=0 macros=0 gathers=0
RANK4_LOWER class=4 original_ops=9035 new_ops=7469 symbolic_rank_gates=36 paired_macros=46 conditional_clean=true
FOLD20_T10_RANK4 j=3 last=true low=true old_ops=9035 ops=7469
RANK4_LOWER class=4 original_ops=10851 new_ops=9053 symbolic_rank_gates=60 paired_macros=114 conditional_clean=true
FOLD20_T10_RANK4 j=0 last=true low=true old_ops=10851 ops=9053
RANK4_LOWER class=4 original_ops=15421 new_ops=13203 symbolic_rank_gates=60 paired_macros=158 conditional_clean=true
FOLD20_T10_RANK4 j=2 last=true low=true old_ops=15421 ops=13203
RANK4_LOWER class=4 original_ops=13873 new_ops=11975 symbolic_rank_gates=60 paired_macros=152 conditional_clean=true
FOLD20_T10_RANK4 j=1 last=true low=true old_ops=13873 ops=11975
RANK4_LOWER class=3 original_ops=49519 new_ops=41323 symbolic_rank_gates=576 paired_macros=624 conditional_clean=true
FOLD20_T10_RANK4 j=3 last=false low=true old_ops=49519 ops=41323
FOLD20_PASSIVE_LOWER old=688 new=1138 macros=8 gathers=0
RANK4_LOWER class=3 original_ops=49259 new_ops=41327 symbolic_rank_gates=576 paired_macros=624 conditional_clean=true
FOLD20_T10_RANK4 j=1 last=false low=true old_ops=49259 ops=41327
FOLD20_PASSIVE_LOWER old=260 new=664 macros=6 gathers=0
FOLD20_PASSIVE_LOWER old=544 new=872 macros=6 gathers=0
FOLD20_PASSIVE_LOWER old=260 new=664 macros=6 gathers=0
RANK4_LOWER class=3 original_ops=69261 new_ops=57931 symbolic_rank_gates=768 paired_macros=826 conditional_clean=true
FOLD20_T10_RANK4 j=2 last=false low=true old_ops=69261 ops=57931
FOLD20_PASSIVE_LOWER old=1082 new=6864 macros=22 gathers=0
FOLD20_PASSIVE_LOWER old=326 new=3110 macros=9 gathers=0
RANK4_LOWER class=3 original_ops=70795 new_ops=58945 symbolic_rank_gates=768 paired_macros=844 conditional_clean=true
FOLD20_T10_RANK4 j=0 last=false low=true old_ops=70795 ops=58945
FOLD20_PASSIVE_LOWER old=544 new=872 macros=6 gathers=0
FOLD20_PASSIVE_LOWER old=260 new=664 macros=6 gathers=0
FOLD20_PASSIVE_LOWER old=0 new=0 macros=0 gathers=0
FOLD20_PASSIVE_LOWER old=544 new=872 macros=6 gathers=0
FOLD20_PASSIVE_LOWER old=260 new=664 macros=6 gathers=0
FOLD20_PASSIVE_LOWER old=0 new=0 macros=0 gathers=0
RANK4_LOWER class=4 original_ops=8929 new_ops=7383 symbolic_rank_gates=36 paired_macros=46 conditional_clean=true
FOLD20_T10_RANK4 j=3 last=true low=true old_ops=8929 ops=7383
RANK4_LOWER class=4 original_ops=10745 new_ops=8967 symbolic_rank_gates=60 paired_macros=114 conditional_clean=true
FOLD20_T10_RANK4 j=0 last=true low=true old_ops=10745 ops=8967
RANK4_LOWER class=4 original_ops=15315 new_ops=13117 symbolic_rank_gates=60 paired_macros=158 conditional_clean=true
FOLD20_T10_RANK4 j=2 last=true low=true old_ops=15315 ops=13117
RANK4_LOWER class=4 original_ops=13767 new_ops=11889 symbolic_rank_gates=60 paired_macros=152 conditional_clean=true
FOLD20_T10_RANK4 j=1 last=true low=true old_ops=13767 ops=11889
RANK4_LOWER class=3 original_ops=49233 new_ops=41081 symbolic_rank_gates=576 paired_macros=624 conditional_clean=true
FOLD20_T10_RANK4 j=3 last=false low=true old_ops=49233 ops=41081
FOLD20_PASSIVE_LOWER old=688 new=1138 macros=8 gathers=0
RANK4_LOWER class=3 original_ops=48973 new_ops=41085 symbolic_rank_gates=576 paired_macros=624 conditional_clean=true
FOLD20_T10_RANK4 j=1 last=false low=true old_ops=48973 ops=41085
FOLD20_PASSIVE_LOWER old=260 new=664 macros=6 gathers=0
FOLD20_PASSIVE_LOWER old=544 new=872 macros=6 gathers=0
FOLD20_PASSIVE_LOWER old=1082 new=6864 macros=22 gathers=0
FOLD20_PASSIVE_LOWER old=260 new=664 macros=6 gathers=0
RANK4_LOWER class=3 original_ops=68975 new_ops=57689 symbolic_rank_gates=768 paired_macros=826 conditional_clean=true
FOLD20_T10_RANK4 j=2 last=false low=true old_ops=68975 ops=57689
FOLD20_PASSIVE_LOWER old=326 new=3110 macros=9 gathers=0
RANK4_LOWER class=3 original_ops=70509 new_ops=58701 symbolic_rank_gates=768 paired_macros=844 conditional_clean=true
FOLD20_T10_RANK4 j=0 last=false low=true old_ops=70509 ops=58701
FOLD20_PASSIVE_LOWER old=544 new=872 macros=6 gathers=0
FOLD20_PASSIVE_LOWER old=260 new=664 macros=6 gathers=0
FOLD20_PASSIVE_LOWER old=544 new=872 macros=6 gathers=0
FOLD20_PASSIVE_LOWER old=0 new=0 macros=0 gathers=0
FOLD20_PASSIVE_LOWER old=260 new=664 macros=6 gathers=0
FOLD20_PASSIVE_LOWER old=0 new=0 macros=0 gathers=0
RANK4_LOWER class=4 original_ops=8775 new_ops=7265 symbolic_rank_gates=36 paired_macros=46 conditional_clean=true
FOLD20_T10_RANK4 j=3 last=true low=true old_ops=8775 ops=7265
RANK4_LOWER class=4 original_ops=10591 new_ops=8849 symbolic_rank_gates=60 paired_macros=114 conditional_clean=true
FOLD20_T10_RANK4 j=0 last=true low=true old_ops=10591 ops=8849
RANK4_LOWER class=4 original_ops=13613 new_ops=11771 symbolic_rank_gates=60 paired_macros=152 conditional_clean=true
FOLD20_T10_RANK4 j=1 last=true low=true old_ops=13613 ops=11771
RANK4_LOWER class=4 original_ops=15161 new_ops=12999 symbolic_rank_gates=60 paired_macros=158 conditional_clean=true
FOLD20_T10_RANK4 j=2 last=true low=true old_ops=15161 ops=12999
RANK4_LOWER class=3 original_ops=48857 new_ops=40769 symbolic_rank_gates=576 paired_macros=624 conditional_clean=true
FOLD20_T10_RANK4 j=3 last=false low=true old_ops=48857 ops=40769
RANK4_LOWER class=3 original_ops=48597 new_ops=40773 symbolic_rank_gates=576 paired_macros=624 conditional_clean=true
FOLD20_T10_RANK4 j=1 last=false low=true old_ops=48597 ops=40773
FOLD20_PASSIVE_LOWER old=688 new=1138 macros=8 gathers=0
FOLD20_PASSIVE_LOWER old=260 new=664 macros=6 gathers=0
FOLD20_PASSIVE_LOWER old=544 new=872 macros=6 gathers=0
RANK4_LOWER class=3 original_ops=70133 new_ops=58389 symbolic_rank_gates=768 paired_macros=844 conditional_clean=true
FOLD20_T10_RANK4 j=0 last=false low=true old_ops=70133 ops=58389
FOLD20_PASSIVE_LOWER old=260 new=664 macros=6 gathers=0
FOLD20_PASSIVE_LOWER old=1082 new=6864 macros=22 gathers=0
RANK4_LOWER class=3 original_ops=68599 new_ops=57377 symbolic_rank_gates=768 paired_macros=826 conditional_clean=true
FOLD20_T10_RANK4 j=2 last=false low=true old_ops=68599 ops=57377
FOLD20_PASSIVE_LOWER old=326 new=3110 macros=9 gathers=0
FOLD20_PASSIVE_LOWER old=544 new=872 macros=6 gathers=0
FOLD20_PASSIVE_LOWER old=260 new=664 macros=6 gathers=0
FOLD20_PASSIVE_LOWER old=544 new=872 macros=6 gathers=0
FOLD20_PASSIVE_LOWER old=0 new=0 macros=0 gathers=0
FOLD20_PASSIVE_LOWER old=260 new=664 macros=6 gathers=0
FOLD20_PASSIVE_LOWER old=0 new=0 macros=0 gathers=0
RANK4_LOWER class=4 original_ops=8669 new_ops=7179 symbolic_rank_gates=36 paired_macros=46 conditional_clean=true
FOLD20_T10_RANK4 j=3 last=true low=true old_ops=8669 ops=7179
RANK4_LOWER class=4 original_ops=10485 new_ops=8763 symbolic_rank_gates=60 paired_macros=114 conditional_clean=true
FOLD20_T10_RANK4 j=0 last=true low=true old_ops=10485 ops=8763
RANK4_LOWER class=4 original_ops=13507 new_ops=11685 symbolic_rank_gates=60 paired_macros=152 conditional_clean=true
FOLD20_T10_RANK4 j=1 last=true low=true old_ops=13507 ops=11685
RANK4_LOWER class=4 original_ops=15055 new_ops=12913 symbolic_rank_gates=60 paired_macros=158 conditional_clean=true
FOLD20_T10_RANK4 j=2 last=true low=true old_ops=15055 ops=12913
RANK4_LOWER class=3 original_ops=48579 new_ops=40543 symbolic_rank_gates=576 paired_macros=624 conditional_clean=true
FOLD20_T10_RANK4 j=3 last=false low=true old_ops=48579 ops=40543
FOLD20_PASSIVE_LOWER old=688 new=1138 macros=8 gathers=0
RANK4_LOWER class=3 original_ops=48319 new_ops=40547 symbolic_rank_gates=576 paired_macros=624 conditional_clean=true
FOLD20_T10_RANK4 j=1 last=false low=true old_ops=48319 ops=40547
FOLD20_PASSIVE_LOWER old=260 new=664 macros=6 gathers=0
FOLD20_PASSIVE_LOWER old=544 new=872 macros=6 gathers=0
FOLD20_PASSIVE_LOWER old=1082 new=6864 macros=22 gathers=0
FOLD20_PASSIVE_LOWER old=260 new=664 macros=6 gathers=0
FOLD20_PASSIVE_LOWER old=326 new=3110 macros=9 gathers=0
RANK4_LOWER class=3 original_ops=69855 new_ops=58165 symbolic_rank_gates=768 paired_macros=844 conditional_clean=true
FOLD20_T10_RANK4 j=0 last=false low=true old_ops=69855 ops=58165
RANK4_LOWER class=3 original_ops=68321 new_ops=57151 symbolic_rank_gates=768 paired_macros=826 conditional_clean=true
FOLD20_T10_RANK4 j=2 last=false low=true old_ops=68321 ops=57151
FOLD20_PASSIVE_LOWER old=544 new=872 macros=6 gathers=0
FOLD20_PASSIVE_LOWER old=544 new=872 macros=6 gathers=0
FOLD20_PASSIVE_LOWER old=260 new=664 macros=6 gathers=0
FOLD20_PASSIVE_LOWER old=260 new=664 macros=6 gathers=0
FOLD20_PASSIVE_LOWER old=0 new=0 macros=0 gathers=0
FOLD20_PASSIVE_LOWER old=0 new=0 macros=0 gathers=0
RANK4_LOWER class=4 original_ops=8511 new_ops=7053 symbolic_rank_gates=36 paired_macros=46 conditional_clean=true
FOLD20_T10_RANK4 j=3 last=true low=true old_ops=8511 ops=7053
RANK4_LOWER class=4 original_ops=14897 new_ops=12787 symbolic_rank_gates=60 paired_macros=158 conditional_clean=true
FOLD20_T10_RANK4 j=2 last=true low=true old_ops=14897 ops=12787
RANK4_LOWER class=4 original_ops=13349 new_ops=11559 symbolic_rank_gates=60 paired_macros=152 conditional_clean=true
FOLD20_T10_RANK4 j=1 last=true low=true old_ops=13349 ops=11559
RANK4_LOWER class=4 original_ops=10327 new_ops=8637 symbolic_rank_gates=60 paired_macros=114 conditional_clean=true
FOLD20_T10_RANK4 j=0 last=true low=true old_ops=10327 ops=8637
RANK4_LOWER class=3 original_ops=48095 new_ops=40111 symbolic_rank_gates=576 paired_macros=624 conditional_clean=true
FOLD20_T10_RANK4 j=3 last=false low=true old_ops=48095 ops=40111
RANK4_LOWER class=3 original_ops=47835 new_ops=40115 symbolic_rank_gates=576 paired_macros=624 conditional_clean=true
FOLD20_T10_RANK4 j=1 last=false low=true old_ops=47835 ops=40115
FOLD20_PASSIVE_LOWER old=688 new=1138 macros=8 gathers=0
FOLD20_PASSIVE_LOWER old=260 new=664 macros=6 gathers=0
FOLD20_PASSIVE_LOWER old=544 new=872 macros=6 gathers=0
FOLD20_PASSIVE_LOWER old=260 new=664 macros=6 gathers=0
FOLD20_PASSIVE_LOWER old=1082 new=6864 macros=22 gathers=0
RANK4_LOWER class=3 original_ops=67837 new_ops=56719 symbolic_rank_gates=768 paired_macros=826 conditional_clean=true
FOLD20_T10_RANK4 j=2 last=false low=true old_ops=67837 ops=56719
FOLD20_PASSIVE_LOWER old=326 new=3110 macros=9 gathers=0
FOLD20_PASSIVE_LOWER old=544 new=872 macros=6 gathers=0
FOLD20_PASSIVE_LOWER old=260 new=664 macros=6 gathers=0
RANK4_LOWER class=3 original_ops=69371 new_ops=57733 symbolic_rank_gates=768 paired_macros=844 conditional_clean=true
FOLD20_T10_RANK4 j=0 last=false low=true old_ops=69371 ops=57733
FOLD20_PASSIVE_LOWER old=0 new=0 macros=0 gathers=0
FOLD20_PASSIVE_LOWER old=544 new=872 macros=6 gathers=0
FOLD20_PASSIVE_LOWER old=260 new=664 macros=6 gathers=0
FOLD20_PASSIVE_LOWER old=0 new=0 macros=0 gathers=0
RANK4_LOWER class=4 original_ops=8409 new_ops=6967 symbolic_rank_gates=36 paired_macros=46 conditional_clean=true
FOLD20_T10_RANK4 j=3 last=true low=true old_ops=8409 ops=6967
RANK4_LOWER class=4 original_ops=10225 new_ops=8551 symbolic_rank_gates=60 paired_macros=114 conditional_clean=true
FOLD20_T10_RANK4 j=0 last=true low=true old_ops=10225 ops=8551
RANK4_LOWER class=4 original_ops=13247 new_ops=11473 symbolic_rank_gates=60 paired_macros=152 conditional_clean=true
FOLD20_T10_RANK4 j=1 last=true low=true old_ops=13247 ops=11473
RANK4_LOWER class=4 original_ops=14795 new_ops=12701 symbolic_rank_gates=60 paired_macros=158 conditional_clean=true
FOLD20_T10_RANK4 j=2 last=true low=true old_ops=14795 ops=12701
RANK4_LOWER class=3 original_ops=47841 new_ops=39893 symbolic_rank_gates=576 paired_macros=624 conditional_clean=true
FOLD20_T10_RANK4 j=3 last=false low=true old_ops=47841 ops=39893
RANK4_LOWER class=3 original_ops=47581 new_ops=39897 symbolic_rank_gates=576 paired_macros=624 conditional_clean=true
FOLD20_T10_RANK4 j=1 last=false low=true old_ops=47581 ops=39897
FOLD20_PASSIVE_LOWER old=688 new=1138 macros=8 gathers=0
FOLD20_PASSIVE_LOWER old=260 new=664 macros=6 gathers=0
FOLD20_PASSIVE_LOWER old=544 new=872 macros=6 gathers=0
FOLD20_PASSIVE_LOWER old=260 new=664 macros=6 gathers=0
FOLD20_PASSIVE_LOWER old=1082 new=6864 macros=22 gathers=0
FOLD20_PASSIVE_LOWER old=326 new=3110 macros=9 gathers=0
RANK4_LOWER class=3 original_ops=69117 new_ops=57513 symbolic_rank_gates=768 paired_macros=844 conditional_clean=true
RANK4_LOWER class=3 original_ops=67583 new_ops=56501 symbolic_rank_gates=768 paired_macros=826 conditional_clean=true
FOLD20_T10_RANK4 j=0 last=false low=true old_ops=69117 ops=57513
FOLD20_T10_RANK4 j=2 last=false low=true old_ops=67583 ops=56501
FOLD20_PASSIVE_LOWER old=544 new=872 macros=6 gathers=0
FOLD20_PASSIVE_LOWER old=544 new=872 macros=6 gathers=0
FOLD20_PASSIVE_LOWER old=260 new=664 macros=6 gathers=0
FOLD20_PASSIVE_LOWER old=260 new=664 macros=6 gathers=0
FOLD20_PASSIVE_LOWER old=0 new=0 macros=0 gathers=0
FOLD20_PASSIVE_LOWER old=0 new=0 macros=0 gathers=0
RANK4_LOWER class=4 original_ops=8309 new_ops=6883 symbolic_rank_gates=36 paired_macros=46 conditional_clean=true
FOLD20_T10_RANK4 j=3 last=true low=true old_ops=8309 ops=6883
RANK4_LOWER class=4 original_ops=10125 new_ops=8467 symbolic_rank_gates=60 paired_macros=114 conditional_clean=true
FOLD20_T10_RANK4 j=0 last=true low=true old_ops=10125 ops=8467
RANK4_LOWER class=4 original_ops=13147 new_ops=11389 symbolic_rank_gates=60 paired_macros=152 conditional_clean=true
FOLD20_T10_RANK4 j=1 last=true low=true old_ops=13147 ops=11389
RANK4_LOWER class=4 original_ops=14695 new_ops=12617 symbolic_rank_gates=60 paired_macros=158 conditional_clean=true
FOLD20_T10_RANK4 j=2 last=true low=true old_ops=14695 ops=12617
RANK4_LOWER class=3 original_ops=47591 new_ops=39691 symbolic_rank_gates=576 paired_macros=624 conditional_clean=true
FOLD20_T10_RANK4 j=3 last=false low=true old_ops=47591 ops=39691
RANK4_LOWER class=3 original_ops=47331 new_ops=39695 symbolic_rank_gates=576 paired_macros=624 conditional_clean=true
FOLD20_T10_RANK4 j=1 last=false low=true old_ops=47331 ops=39695
FOLD20_PASSIVE_LOWER old=544 new=872 macros=6 gathers=0
FOLD20_PASSIVE_LOWER old=688 new=1138 macros=8 gathers=0
FOLD20_PASSIVE_LOWER old=260 new=664 macros=6 gathers=0
FOLD20_PASSIVE_LOWER old=260 new=664 macros=6 gathers=0
FOLD20_PASSIVE_LOWER old=326 new=3110 macros=9 gathers=0
RANK4_LOWER class=3 original_ops=68867 new_ops=57313 symbolic_rank_gates=768 paired_macros=844 conditional_clean=true
FOLD20_T10_RANK4 j=0 last=false low=true old_ops=68867 ops=57313
FOLD20_PASSIVE_LOWER old=1082 new=6864 macros=22 gathers=0
FOLD20_PASSIVE_LOWER old=544 new=872 macros=6 gathers=0
RANK4_LOWER class=3 original_ops=67333 new_ops=56299 symbolic_rank_gates=768 paired_macros=826 conditional_clean=true
FOLD20_T10_RANK4 j=2 last=false low=true old_ops=67333 ops=56299
FOLD20_PASSIVE_LOWER old=260 new=664 macros=6 gathers=0
FOLD20_PASSIVE_LOWER old=0 new=0 macros=0 gathers=0
FOLD20_PASSIVE_LOWER old=544 new=872 macros=6 gathers=0
FOLD20_PASSIVE_LOWER old=260 new=664 macros=6 gathers=0
FOLD20_PASSIVE_LOWER old=0 new=0 macros=0 gathers=0
RANK4_LOWER class=4 original_ops=8159 new_ops=6765 symbolic_rank_gates=36 paired_macros=46 conditional_clean=true
FOLD20_T10_RANK4 j=3 last=true low=true old_ops=8159 ops=6765
RANK4_LOWER class=4 original_ops=9975 new_ops=8349 symbolic_rank_gates=60 paired_macros=114 conditional_clean=true
FOLD20_T10_RANK4 j=0 last=true low=true old_ops=9975 ops=8349
RANK4_LOWER class=4 original_ops=12997 new_ops=11271 symbolic_rank_gates=60 paired_macros=152 conditional_clean=true
FOLD20_T10_RANK4 j=1 last=true low=true old_ops=12997 ops=11271
RANK4_LOWER class=4 original_ops=14545 new_ops=12499 symbolic_rank_gates=60 paired_macros=158 conditional_clean=true
FOLD20_T10_RANK4 j=2 last=true low=true old_ops=14545 ops=12499
RANK4_LOWER class=3 original_ops=47223 new_ops=39371 symbolic_rank_gates=576 paired_macros=624 conditional_clean=true
FOLD20_T10_RANK4 j=3 last=false low=true old_ops=47223 ops=39371
FOLD20_PASSIVE_LOWER old=688 new=1138 macros=8 gathers=0
RANK4_LOWER class=3 original_ops=46963 new_ops=39375 symbolic_rank_gates=576 paired_macros=624 conditional_clean=true
FOLD20_T10_RANK4 j=1 last=false low=true old_ops=46963 ops=39375
FOLD20_PASSIVE_LOWER old=260 new=664 macros=6 gathers=0
FOLD20_PASSIVE_LOWER old=1082 new=6864 macros=22 gathers=0
FOLD20_PASSIVE_LOWER old=544 new=872 macros=6 gathers=0
FOLD20_PASSIVE_LOWER old=260 new=664 macros=6 gathers=0
FOLD20_PASSIVE_LOWER old=326 new=3110 macros=9 gathers=0
RANK4_LOWER class=3 original_ops=68499 new_ops=56993 symbolic_rank_gates=768 paired_macros=844 conditional_clean=true
FOLD20_T10_RANK4 j=0 last=false low=true old_ops=68499 ops=56993
RANK4_LOWER class=3 original_ops=66965 new_ops=55979 symbolic_rank_gates=768 paired_macros=826 conditional_clean=true
FOLD20_T10_RANK4 j=2 last=false low=true old_ops=66965 ops=55979
FOLD20_PASSIVE_LOWER old=544 new=872 macros=6 gathers=0
FOLD20_PASSIVE_LOWER old=260 new=664 macros=6 gathers=0
FOLD20_PASSIVE_LOWER old=0 new=0 macros=0 gathers=0
FOLD20_PASSIVE_LOWER old=544 new=872 macros=6 gathers=0
FOLD20_PASSIVE_LOWER old=260 new=664 macros=6 gathers=0
FOLD20_PASSIVE_LOWER old=0 new=0 macros=0 gathers=0
RANK4_LOWER class=4 original_ops=8045 new_ops=6669 symbolic_rank_gates=36 paired_macros=46 conditional_clean=true
FOLD20_T10_RANK4 j=3 last=true low=true old_ops=8045 ops=6669
RANK4_LOWER class=4 original_ops=9861 new_ops=8253 symbolic_rank_gates=60 paired_macros=114 conditional_clean=true
FOLD20_T10_RANK4 j=0 last=true low=true old_ops=9861 ops=8253
RANK4_LOWER class=4 original_ops=12883 new_ops=11175 symbolic_rank_gates=60 paired_macros=152 conditional_clean=true
FOLD20_T10_RANK4 j=1 last=true low=true old_ops=12883 ops=11175
RANK4_LOWER class=4 original_ops=14431 new_ops=12403 symbolic_rank_gates=60 paired_macros=158 conditional_clean=true
FOLD20_T10_RANK4 j=2 last=true low=true old_ops=14431 ops=12403
RANK4_LOWER class=3 original_ops=46725 new_ops=39155 symbolic_rank_gates=576 paired_macros=624 conditional_clean=true
FOLD20_T10_RANK4 j=1 last=false low=true old_ops=46725 ops=39155
RANK4_LOWER class=3 original_ops=46985 new_ops=39151 symbolic_rank_gates=576 paired_macros=624 conditional_clean=true
FOLD20_T10_RANK4 j=3 last=false low=true old_ops=46985 ops=39151
FOLD20_PASSIVE_LOWER old=544 new=872 macros=6 gathers=0
FOLD20_PASSIVE_LOWER old=688 new=1138 macros=8 gathers=0
FOLD20_PASSIVE_LOWER old=260 new=664 macros=6 gathers=0
FOLD20_PASSIVE_LOWER old=260 new=664 macros=6 gathers=0
RANK4_LOWER class=3 original_ops=68261 new_ops=56771 symbolic_rank_gates=768 paired_macros=844 conditional_clean=true
FOLD20_PASSIVE_LOWER old=326 new=3110 macros=9 gathers=0
FOLD20_T10_RANK4 j=0 last=false low=true old_ops=68261 ops=56771
FOLD20_PASSIVE_LOWER old=1082 new=6864 macros=22 gathers=0
RANK4_LOWER class=3 original_ops=66727 new_ops=55759 symbolic_rank_gates=768 paired_macros=826 conditional_clean=true
FOLD20_T10_RANK4 j=2 last=false low=true old_ops=66727 ops=55759
FOLD20_PASSIVE_LOWER old=544 new=872 macros=6 gathers=0
FOLD20_PASSIVE_LOWER old=260 new=664 macros=6 gathers=0
FOLD20_PASSIVE_LOWER old=0 new=0 macros=0 gathers=0
FOLD20_PASSIVE_LOWER old=544 new=872 macros=6 gathers=0
FOLD20_PASSIVE_LOWER old=260 new=664 macros=6 gathers=0
FOLD20_PASSIVE_LOWER old=0 new=0 macros=0 gathers=0
RANK4_LOWER class=4 original_ops=7365 new_ops=6397 symbolic_rank_gates=0 paired_macros=0 conditional_clean=true
FOLD20_T10_RANK4 j=3 last=true low=true old_ops=7365 ops=6397
RANK4_LOWER class=4 original_ops=9181 new_ops=7981 symbolic_rank_gates=24 paired_macros=68 conditional_clean=true
FOLD20_T10_RANK4 j=0 last=true low=true old_ops=9181 ops=7981
RANK4_LOWER class=4 original_ops=12203 new_ops=10903 symbolic_rank_gates=24 paired_macros=106 conditional_clean=true
FOLD20_T10_RANK4 j=1 last=true low=true old_ops=12203 ops=10903
RANK4_LOWER class=4 original_ops=13751 new_ops=12131 symbolic_rank_gates=24 paired_macros=112 conditional_clean=true
FOLD20_T10_RANK4 j=2 last=true low=true old_ops=13751 ops=12131
RANK4_LOWER class=3 original_ops=45241 new_ops=38159 symbolic_rank_gates=480 paired_macros=528 conditional_clean=true
FOLD20_T10_RANK4 j=3 last=false low=true old_ops=45241 ops=38159
RANK4_LOWER class=3 original_ops=44981 new_ops=38163 symbolic_rank_gates=480 paired_macros=528 conditional_clean=true
FOLD20_T10_RANK4 j=1 last=false low=true old_ops=44981 ops=38163
FOLD20_PASSIVE_LOWER old=688 new=1138 macros=8 gathers=0
FOLD20_PASSIVE_LOWER old=260 new=664 macros=6 gathers=0
FOLD20_PASSIVE_LOWER old=544 new=872 macros=6 gathers=0
FOLD20_PASSIVE_LOWER old=260 new=664 macros=6 gathers=0
FOLD20_PASSIVE_LOWER old=1082 new=6864 macros=22 gathers=0
FOLD20_PASSIVE_LOWER old=326 new=3110 macros=9 gathers=0
RANK4_LOWER class=3 original_ops=64983 new_ops=54767 symbolic_rank_gates=672 paired_macros=730 conditional_clean=true
FOLD20_T10_RANK4 j=2 last=false low=true old_ops=64983 ops=54767
RANK4_LOWER class=3 original_ops=66517 new_ops=55781 symbolic_rank_gates=672 paired_macros=748 conditional_clean=true
FOLD20_T10_RANK4 j=0 last=false low=true old_ops=66517 ops=55781
FOLD20_PASSIVE_LOWER old=544 new=872 macros=6 gathers=0
FOLD20_PASSIVE_LOWER old=544 new=872 macros=6 gathers=0
FOLD20_PASSIVE_LOWER old=260 new=664 macros=6 gathers=0
FOLD20_PASSIVE_LOWER old=0 new=0 macros=0 gathers=0
FOLD20_PASSIVE_LOWER old=260 new=664 macros=6 gathers=0
FOLD20_PASSIVE_LOWER old=0 new=0 macros=0 gathers=0
RANK4_LOWER class=4 original_ops=7259 new_ops=6311 symbolic_rank_gates=0 paired_macros=0 conditional_clean=true
FOLD20_T10_RANK4 j=3 last=true low=true old_ops=7259 ops=6311
RANK4_LOWER class=4 original_ops=9075 new_ops=7895 symbolic_rank_gates=24 paired_macros=68 conditional_clean=true
FOLD20_T10_RANK4 j=0 last=true low=true old_ops=9075 ops=7895
RANK4_LOWER class=4 original_ops=12097 new_ops=10817 symbolic_rank_gates=24 paired_macros=106 conditional_clean=true
FOLD20_T10_RANK4 j=1 last=true low=true old_ops=12097 ops=10817
RANK4_LOWER class=4 original_ops=13645 new_ops=12045 symbolic_rank_gates=24 paired_macros=112 conditional_clean=true
FOLD20_T10_RANK4 j=2 last=true low=true old_ops=13645 ops=12045
RANK4_LOWER class=3 original_ops=44939 new_ops=37933 symbolic_rank_gates=480 paired_macros=528 conditional_clean=true
FOLD20_T10_RANK4 j=3 last=false low=true old_ops=44939 ops=37933
FOLD20_PASSIVE_LOWER old=688 new=1138 macros=8 gathers=0
FOLD20_PASSIVE_LOWER old=260 new=664 macros=6 gathers=0
RANK4_LOWER class=3 original_ops=44679 new_ops=37937 symbolic_rank_gates=480 paired_macros=528 conditional_clean=true
FOLD20_T10_RANK4 j=1 last=false low=true old_ops=44679 ops=37937
FOLD20_PASSIVE_LOWER old=1082 new=6864 macros=22 gathers=0
FOLD20_PASSIVE_LOWER old=544 new=872 macros=6 gathers=0
FOLD20_PASSIVE_LOWER old=260 new=664 macros=6 gathers=0
RANK4_LOWER class=3 original_ops=66215 new_ops=55557 symbolic_rank_gates=672 paired_macros=748 conditional_clean=true
FOLD20_T10_RANK4 j=0 last=false low=true old_ops=66215 ops=55557
FOLD20_PASSIVE_LOWER old=326 new=3110 macros=9 gathers=0
RANK4_LOWER class=3 original_ops=64681 new_ops=54541 symbolic_rank_gates=672 paired_macros=730 conditional_clean=true
FOLD20_T10_RANK4 j=2 last=false low=true old_ops=64681 ops=54541
FOLD20_PASSIVE_LOWER old=544 new=872 macros=6 gathers=0
FOLD20_PASSIVE_LOWER old=544 new=872 macros=6 gathers=0
FOLD20_PASSIVE_LOWER old=260 new=664 macros=6 gathers=0
FOLD20_PASSIVE_LOWER old=0 new=0 macros=0 gathers=0
FOLD20_PASSIVE_LOWER old=260 new=664 macros=6 gathers=0
FOLD20_PASSIVE_LOWER old=0 new=0 macros=0 gathers=0
RANK4_LOWER class=4 original_ops=7101 new_ops=6193 symbolic_rank_gates=0 paired_macros=0 conditional_clean=true
FOLD20_T10_RANK4 j=3 last=true low=true old_ops=7101 ops=6193
RANK4_LOWER class=4 original_ops=8917 new_ops=7777 symbolic_rank_gates=24 paired_macros=68 conditional_clean=true
FOLD20_T10_RANK4 j=0 last=true low=true old_ops=8917 ops=7777
RANK4_LOWER class=4 original_ops=13487 new_ops=11927 symbolic_rank_gates=24 paired_macros=112 conditional_clean=true
FOLD20_T10_RANK4 j=2 last=true low=true old_ops=13487 ops=11927
RANK4_LOWER class=4 original_ops=11939 new_ops=10699 symbolic_rank_gates=24 paired_macros=106 conditional_clean=true
FOLD20_T10_RANK4 j=1 last=true low=true old_ops=11939 ops=10699
RANK4_LOWER class=3 original_ops=44547 new_ops=37621 symbolic_rank_gates=480 paired_macros=528 conditional_clean=true
FOLD20_T10_RANK4 j=3 last=false low=true old_ops=44547 ops=37621
FOLD20_PASSIVE_LOWER old=688 new=1138 macros=8 gathers=0
RANK4_LOWER class=3 original_ops=44287 new_ops=37625 symbolic_rank_gates=480 paired_macros=528 conditional_clean=true
FOLD20_T10_RANK4 j=1 last=false low=true old_ops=44287 ops=37625
FOLD20_PASSIVE_LOWER old=260 new=664 macros=6 gathers=0
FOLD20_PASSIVE_LOWER old=544 new=872 macros=6 gathers=0
FOLD20_PASSIVE_LOWER old=1082 new=6864 macros=22 gathers=0
FOLD20_PASSIVE_LOWER old=260 new=664 macros=6 gathers=0
FOLD20_PASSIVE_LOWER old=326 new=3110 macros=9 gathers=0
RANK4_LOWER class=3 original_ops=64289 new_ops=54229 symbolic_rank_gates=672 paired_macros=730 conditional_clean=true
FOLD20_T10_RANK4 j=2 last=false low=true old_ops=64289 ops=54229
RANK4_LOWER class=3 original_ops=65823 new_ops=55245 symbolic_rank_gates=672 paired_macros=748 conditional_clean=true
FOLD20_T10_RANK4 j=0 last=false low=true old_ops=65823 ops=55245
FOLD20_PASSIVE_LOWER old=544 new=872 macros=6 gathers=0
FOLD20_PASSIVE_LOWER old=260 new=664 macros=6 gathers=0
FOLD20_PASSIVE_LOWER old=0 new=0 macros=0 gathers=0
FOLD20_PASSIVE_LOWER old=544 new=872 macros=6 gathers=0
FOLD20_PASSIVE_LOWER old=260 new=664 macros=6 gathers=0
FOLD20_PASSIVE_LOWER old=0 new=0 macros=0 gathers=0
RANK4_LOWER class=4 original_ops=6999 new_ops=6107 symbolic_rank_gates=0 paired_macros=0 conditional_clean=true
FOLD20_T10_RANK4 j=3 last=true low=true old_ops=6999 ops=6107
RANK4_LOWER class=4 original_ops=8815 new_ops=7691 symbolic_rank_gates=24 paired_macros=68 conditional_clean=true
FOLD20_T10_RANK4 j=0 last=true low=true old_ops=8815 ops=7691
RANK4_LOWER class=4 original_ops=11837 new_ops=10613 symbolic_rank_gates=24 paired_macros=106 conditional_clean=true
FOLD20_T10_RANK4 j=1 last=true low=true old_ops=11837 ops=10613
RANK4_LOWER class=4 original_ops=13385 new_ops=11841 symbolic_rank_gates=24 paired_macros=112 conditional_clean=true
FOLD20_T10_RANK4 j=2 last=true low=true old_ops=13385 ops=11841
RANK4_LOWER class=3 original_ops=44257 new_ops=37379 symbolic_rank_gates=480 paired_macros=528 conditional_clean=true
FOLD20_T10_RANK4 j=3 last=false low=true old_ops=44257 ops=37379
FOLD20_PASSIVE_LOWER old=688 new=1138 macros=8 gathers=0
RANK4_LOWER class=3 original_ops=43997 new_ops=37383 symbolic_rank_gates=480 paired_macros=528 conditional_clean=true
FOLD20_T10_RANK4 j=1 last=false low=true old_ops=43997 ops=37383
FOLD20_PASSIVE_LOWER old=260 new=664 macros=6 gathers=0
FOLD20_PASSIVE_LOWER old=1082 new=6864 macros=22 gathers=0
FOLD20_PASSIVE_LOWER old=544 new=872 macros=6 gathers=0
FOLD20_PASSIVE_LOWER old=260 new=664 macros=6 gathers=0
FOLD20_PASSIVE_LOWER old=326 new=3110 macros=9 gathers=0
RANK4_LOWER class=3 original_ops=65533 new_ops=55001 symbolic_rank_gates=672 paired_macros=748 conditional_clean=true
FOLD20_T10_RANK4 j=0 last=false low=true old_ops=65533 ops=55001
RANK4_LOWER class=3 original_ops=63999 new_ops=53987 symbolic_rank_gates=672 paired_macros=730 conditional_clean=true
FOLD20_T10_RANK4 j=2 last=false low=true old_ops=63999 ops=53987
FOLD20_PASSIVE_LOWER old=544 new=872 macros=6 gathers=0
FOLD20_PASSIVE_LOWER old=260 new=664 macros=6 gathers=0
FOLD20_PASSIVE_LOWER old=0 new=0 macros=0 gathers=0
FOLD20_PASSIVE_LOWER old=544 new=872 macros=6 gathers=0
FOLD20_PASSIVE_LOWER old=260 new=664 macros=6 gathers=0
FOLD20_PASSIVE_LOWER old=0 new=0 macros=0 gathers=0
RANK4_LOWER class=4 original_ops=6845 new_ops=5989 symbolic_rank_gates=0 paired_macros=0 conditional_clean=true
FOLD20_T10_RANK4 j=3 last=true low=true old_ops=6845 ops=5989
RANK4_LOWER class=4 original_ops=8661 new_ops=7573 symbolic_rank_gates=24 paired_macros=68 conditional_clean=true
FOLD20_T10_RANK4 j=0 last=true low=true old_ops=8661 ops=7573
RANK4_LOWER class=4 original_ops=11683 new_ops=10495 symbolic_rank_gates=24 paired_macros=106 conditional_clean=true
FOLD20_T10_RANK4 j=1 last=true low=true old_ops=11683 ops=10495
RANK4_LOWER class=4 original_ops=13231 new_ops=11723 symbolic_rank_gates=24 paired_macros=112 conditional_clean=true
FOLD20_T10_RANK4 j=2 last=true low=true old_ops=13231 ops=11723
RANK4_LOWER class=3 original_ops=43881 new_ops=37067 symbolic_rank_gates=480 paired_macros=528 conditional_clean=true
FOLD20_T10_RANK4 j=3 last=false low=true old_ops=43881 ops=37067
FOLD20_PASSIVE_LOWER old=688 new=1138 macros=8 gathers=0
FOLD20_PASSIVE_LOWER old=260 new=664 macros=6 gathers=0
RANK4_LOWER class=3 original_ops=43621 new_ops=37071 symbolic_rank_gates=480 paired_macros=528 conditional_clean=true
FOLD20_T10_RANK4 j=1 last=false low=true old_ops=43621 ops=37071
FOLD20_PASSIVE_LOWER old=544 new=872 macros=6 gathers=0
FOLD20_PASSIVE_LOWER old=1082 new=6864 macros=22 gathers=0
FOLD20_PASSIVE_LOWER old=260 new=664 macros=6 gathers=0
RANK4_LOWER class=3 original_ops=65157 new_ops=54689 symbolic_rank_gates=672 paired_macros=748 conditional_clean=true
FOLD20_T10_RANK4 j=0 last=false low=true old_ops=65157 ops=54689
FOLD20_PASSIVE_LOWER old=326 new=3110 macros=9 gathers=0
RANK4_LOWER class=3 original_ops=63623 new_ops=53675 symbolic_rank_gates=672 paired_macros=730 conditional_clean=true
FOLD20_T10_RANK4 j=2 last=false low=true old_ops=63623 ops=53675
FOLD20_PASSIVE_LOWER old=544 new=872 macros=6 gathers=0
FOLD20_PASSIVE_LOWER old=544 new=872 macros=6 gathers=0
FOLD20_PASSIVE_LOWER old=260 new=664 macros=6 gathers=0
FOLD20_PASSIVE_LOWER old=260 new=664 macros=6 gathers=0
FOLD20_PASSIVE_LOWER old=0 new=0 macros=0 gathers=0
FOLD20_PASSIVE_LOWER old=0 new=0 macros=0 gathers=0
RANK4_LOWER class=4 original_ops=6745 new_ops=5905 symbolic_rank_gates=0 paired_macros=0 conditional_clean=true
FOLD20_T10_RANK4 j=3 last=true low=true old_ops=6745 ops=5905
RANK4_LOWER class=4 original_ops=8561 new_ops=7489 symbolic_rank_gates=24 paired_macros=68 conditional_clean=true
FOLD20_T10_RANK4 j=0 last=true low=true old_ops=8561 ops=7489
RANK4_LOWER class=4 original_ops=11583 new_ops=10411 symbolic_rank_gates=24 paired_macros=106 conditional_clean=true
FOLD20_T10_RANK4 j=1 last=true low=true old_ops=11583 ops=10411
RANK4_LOWER class=4 original_ops=13131 new_ops=11639 symbolic_rank_gates=24 paired_macros=112 conditional_clean=true
FOLD20_T10_RANK4 j=2 last=true low=true old_ops=13131 ops=11639
RANK4_LOWER class=3 original_ops=43583 new_ops=36841 symbolic_rank_gates=480 paired_macros=528 conditional_clean=true
FOLD20_T10_RANK4 j=3 last=false low=true old_ops=43583 ops=36841
RANK4_LOWER class=3 original_ops=43323 new_ops=36845 symbolic_rank_gates=480 paired_macros=528 conditional_clean=true
FOLD20_T10_RANK4 j=1 last=false low=true old_ops=43323 ops=36845
FOLD20_PASSIVE_LOWER old=688 new=1138 macros=8 gathers=0
FOLD20_PASSIVE_LOWER old=260 new=664 macros=6 gathers=0
FOLD20_PASSIVE_LOWER old=544 new=872 macros=6 gathers=0
FOLD20_PASSIVE_LOWER old=260 new=664 macros=6 gathers=0
FOLD20_PASSIVE_LOWER old=1082 new=6864 macros=22 gathers=0
RANK4_LOWER class=3 original_ops=64859 new_ops=54465 symbolic_rank_gates=672 paired_macros=748 conditional_clean=true
FOLD20_T10_RANK4 j=0 last=false low=true old_ops=64859 ops=54465
FOLD20_PASSIVE_LOWER old=326 new=3110 macros=9 gathers=0
FOLD20_PASSIVE_LOWER old=544 new=872 macros=6 gathers=0
RANK4_LOWER class=3 original_ops=63325 new_ops=53449 symbolic_rank_gates=672 paired_macros=730 conditional_clean=true
FOLD20_T10_RANK4 j=2 last=false low=true old_ops=63325 ops=53449
FOLD20_PASSIVE_LOWER old=260 new=664 macros=6 gathers=0
FOLD20_PASSIVE_LOWER old=0 new=0 macros=0 gathers=0
FOLD20_PASSIVE_LOWER old=544 new=872 macros=6 gathers=0
FOLD20_PASSIVE_LOWER old=260 new=664 macros=6 gathers=0
FOLD20_PASSIVE_LOWER old=0 new=0 macros=0 gathers=0
RANK4_LOWER class=4 original_ops=6607 new_ops=5791 symbolic_rank_gates=0 paired_macros=0 conditional_clean=true
FOLD20_T10_RANK4 j=3 last=true low=true old_ops=6607 ops=5791
RANK4_LOWER class=4 original_ops=8423 new_ops=7375 symbolic_rank_gates=24 paired_macros=68 conditional_clean=true
FOLD20_T10_RANK4 j=0 last=true low=true old_ops=8423 ops=7375
RANK4_LOWER class=4 original_ops=11445 new_ops=10297 symbolic_rank_gates=24 paired_macros=106 conditional_clean=true
FOLD20_T10_RANK4 j=1 last=true low=true old_ops=11445 ops=10297
RANK4_LOWER class=4 original_ops=12993 new_ops=11525 symbolic_rank_gates=24 paired_macros=112 conditional_clean=true
FOLD20_T10_RANK4 j=2 last=true low=true old_ops=12993 ops=11525
RANK4_LOWER class=3 original_ops=43203 new_ops=36529 symbolic_rank_gates=480 paired_macros=528 conditional_clean=true
FOLD20_T10_RANK4 j=3 last=false low=true old_ops=43203 ops=36529
FOLD20_PASSIVE_LOWER old=688 new=1138 macros=8 gathers=0
FOLD20_PASSIVE_LOWER old=260 new=664 macros=6 gathers=0
RANK4_LOWER class=3 original_ops=42943 new_ops=36533 symbolic_rank_gates=480 paired_macros=528 conditional_clean=true
FOLD20_T10_RANK4 j=1 last=false low=true old_ops=42943 ops=36533
FOLD20_PASSIVE_LOWER old=1082 new=6864 macros=22 gathers=0
FOLD20_PASSIVE_LOWER old=544 new=872 macros=6 gathers=0
FOLD20_PASSIVE_LOWER old=260 new=664 macros=6 gathers=0
RANK4_LOWER class=3 original_ops=62945 new_ops=53137 symbolic_rank_gates=672 paired_macros=730 conditional_clean=true
FOLD20_T10_RANK4 j=2 last=false low=true old_ops=62945 ops=53137
FOLD20_PASSIVE_LOWER old=326 new=3110 macros=9 gathers=0
RANK4_LOWER class=3 original_ops=64479 new_ops=54153 symbolic_rank_gates=672 paired_macros=748 conditional_clean=true
FOLD20_T10_RANK4 j=0 last=false low=true old_ops=64479 ops=54153
FOLD20_PASSIVE_LOWER old=544 new=872 macros=6 gathers=0
FOLD20_PASSIVE_LOWER old=260 new=664 macros=6 gathers=0
FOLD20_PASSIVE_LOWER old=544 new=872 macros=6 gathers=0
FOLD20_PASSIVE_LOWER old=0 new=0 macros=0 gathers=0
FOLD20_PASSIVE_LOWER old=260 new=664 macros=6 gathers=0
FOLD20_PASSIVE_LOWER old=0 new=0 macros=0 gathers=0
RANK4_LOWER class=4 original_ops=6485 new_ops=5701 symbolic_rank_gates=0 paired_macros=0 conditional_clean=true
FOLD20_T10_RANK4 j=3 last=true low=true old_ops=6485 ops=5701
RANK4_LOWER class=4 original_ops=8301 new_ops=7285 symbolic_rank_gates=24 paired_macros=68 conditional_clean=true
FOLD20_T10_RANK4 j=0 last=true low=true old_ops=8301 ops=7285
RANK4_LOWER class=4 original_ops=11323 new_ops=10207 symbolic_rank_gates=24 paired_macros=106 conditional_clean=true
FOLD20_T10_RANK4 j=1 last=true low=true old_ops=11323 ops=10207
RANK4_LOWER class=4 original_ops=12871 new_ops=11435 symbolic_rank_gates=24 paired_macros=112 conditional_clean=true
FOLD20_T10_RANK4 j=2 last=true low=true old_ops=12871 ops=11435
RANK4_LOWER class=3 original_ops=42921 new_ops=36287 symbolic_rank_gates=480 paired_macros=528 conditional_clean=true
FOLD20_T10_RANK4 j=3 last=false low=true old_ops=42921 ops=36287
FOLD20_PASSIVE_LOWER old=688 new=1138 macros=8 gathers=0
FOLD20_PASSIVE_LOWER old=260 new=664 macros=6 gathers=0
FOLD20_PASSIVE_LOWER old=1082 new=6864 macros=22 gathers=0
RANK4_LOWER class=3 original_ops=42661 new_ops=36291 symbolic_rank_gates=480 paired_macros=528 conditional_clean=true
FOLD20_T10_RANK4 j=1 last=false low=true old_ops=42661 ops=36291
RANK4_LOWER class=3 original_ops=64197 new_ops=53909 symbolic_rank_gates=672 paired_macros=748 conditional_clean=true
FOLD20_T10_RANK4 j=0 last=false low=true old_ops=64197 ops=53909
FOLD20_PASSIVE_LOWER old=544 new=872 macros=6 gathers=0
FOLD20_PASSIVE_LOWER old=260 new=664 macros=6 gathers=0
FOLD20_PASSIVE_LOWER old=544 new=872 macros=6 gathers=0
FOLD20_PASSIVE_LOWER old=326 new=3110 macros=9 gathers=0
FOLD20_PASSIVE_LOWER old=260 new=664 macros=6 gathers=0
FOLD20_PASSIVE_LOWER old=0 new=0 macros=0 gathers=0
RANK4_LOWER class=3 original_ops=62663 new_ops=52895 symbolic_rank_gates=672 paired_macros=730 conditional_clean=true
FOLD20_T10_RANK4 j=2 last=false low=true old_ops=62663 ops=52895
FOLD20_PASSIVE_LOWER old=544 new=872 macros=6 gathers=0
FOLD20_PASSIVE_LOWER old=260 new=664 macros=6 gathers=0
FOLD20_PASSIVE_LOWER old=0 new=0 macros=0 gathers=0
RANK4_LOWER class=4 original_ops=6379 new_ops=5615 symbolic_rank_gates=0 paired_macros=0 conditional_clean=true
FOLD20_T10_RANK4 j=3 last=true low=true old_ops=6379 ops=5615
RANK4_LOWER class=4 original_ops=8195 new_ops=7199 symbolic_rank_gates=24 paired_macros=68 conditional_clean=true
FOLD20_T10_RANK4 j=0 last=true low=true old_ops=8195 ops=7199
RANK4_LOWER class=4 original_ops=11217 new_ops=10121 symbolic_rank_gates=24 paired_macros=106 conditional_clean=true
FOLD20_T10_RANK4 j=1 last=true low=true old_ops=11217 ops=10121
RANK4_LOWER class=4 original_ops=12765 new_ops=11349 symbolic_rank_gates=24 paired_macros=112 conditional_clean=true
FOLD20_T10_RANK4 j=2 last=true low=true old_ops=12765 ops=11349
RANK4_LOWER class=3 original_ops=42643 new_ops=36061 symbolic_rank_gates=480 paired_macros=528 conditional_clean=true
FOLD20_T10_RANK4 j=3 last=false low=true old_ops=42643 ops=36061
RANK4_LOWER class=3 original_ops=42383 new_ops=36065 symbolic_rank_gates=480 paired_macros=528 conditional_clean=true
FOLD20_T10_RANK4 j=1 last=false low=true old_ops=42383 ops=36065
FOLD20_PASSIVE_LOWER old=688 new=1138 macros=8 gathers=0
FOLD20_PASSIVE_LOWER old=260 new=664 macros=6 gathers=0
FOLD20_PASSIVE_LOWER old=544 new=872 macros=6 gathers=0
FOLD20_PASSIVE_LOWER old=260 new=664 macros=6 gathers=0
FOLD20_PASSIVE_LOWER old=326 new=3110 macros=9 gathers=0
RANK4_LOWER class=3 original_ops=63919 new_ops=53685 symbolic_rank_gates=672 paired_macros=748 conditional_clean=true
FOLD20_T10_RANK4 j=0 last=false low=true old_ops=63919 ops=53685
FOLD20_PASSIVE_LOWER old=1082 new=6864 macros=22 gathers=0
FOLD20_PASSIVE_LOWER old=544 new=872 macros=6 gathers=0
FOLD20_PASSIVE_LOWER old=260 new=664 macros=6 gathers=0
RANK4_LOWER class=3 original_ops=62385 new_ops=52669 symbolic_rank_gates=672 paired_macros=730 conditional_clean=true
FOLD20_T10_RANK4 j=2 last=false low=true old_ops=62385 ops=52669
FOLD20_PASSIVE_LOWER old=0 new=0 macros=0 gathers=0
FOLD20_PASSIVE_LOWER old=544 new=872 macros=6 gathers=0
FOLD20_PASSIVE_LOWER old=260 new=664 macros=6 gathers=0
FOLD20_PASSIVE_LOWER old=0 new=0 macros=0 gathers=0
RANK4_LOWER class=4 original_ops=6193 new_ops=5409 symbolic_rank_gates=0 paired_macros=0 conditional_clean=true
FOLD20_T10_RANK4 j=3 last=true low=true old_ops=6193 ops=5409
RANK4_LOWER class=4 original_ops=8009 new_ops=6993 symbolic_rank_gates=24 paired_macros=68 conditional_clean=true
FOLD20_T10_RANK4 j=0 last=true low=true old_ops=8009 ops=6993
RANK4_LOWER class=4 original_ops=12579 new_ops=11143 symbolic_rank_gates=24 paired_macros=112 conditional_clean=true
FOLD20_T10_RANK4 j=2 last=true low=true old_ops=12579 ops=11143
RANK4_LOWER class=4 original_ops=11031 new_ops=9915 symbolic_rank_gates=24 paired_macros=106 conditional_clean=true
FOLD20_T10_RANK4 j=1 last=true low=true old_ops=11031 ops=9915
RANK4_LOWER class=3 original_ops=42035 new_ops=35505 symbolic_rank_gates=480 paired_macros=528 conditional_clean=true
FOLD20_T10_RANK4 j=3 last=false low=true old_ops=42035 ops=35505
FOLD20_PASSIVE_LOWER old=688 new=1138 macros=8 gathers=0
FOLD20_PASSIVE_LOWER old=260 new=664 macros=6 gathers=0
RANK4_LOWER class=3 original_ops=41775 new_ops=35509 symbolic_rank_gates=480 paired_macros=528 conditional_clean=true
FOLD20_T10_RANK4 j=1 last=false low=true old_ops=41775 ops=35509
FOLD20_PASSIVE_LOWER old=1082 new=6864 macros=22 gathers=0
FOLD20_PASSIVE_LOWER old=544 new=872 macros=6 gathers=0
RANK4_LOWER class=3 original_ops=61777 new_ops=52113 symbolic_rank_gates=672 paired_macros=730 conditional_clean=true
FOLD20_T10_RANK4 j=2 last=false low=true old_ops=61777 ops=52113
RANK4_LOWER class=3 original_ops=63311 new_ops=53129 symbolic_rank_gates=672 paired_macros=748 conditional_clean=true
FOLD20_T10_RANK4 j=0 last=false low=true old_ops=63311 ops=53129
FOLD20_PASSIVE_LOWER old=260 new=664 macros=6 gathers=0
FOLD20_PASSIVE_LOWER old=326 new=3110 macros=9 gathers=0
FOLD20_PASSIVE_LOWER old=544 new=872 macros=6 gathers=0
FOLD20_PASSIVE_LOWER old=544 new=872 macros=6 gathers=0
FOLD20_PASSIVE_LOWER old=260 new=664 macros=6 gathers=0
FOLD20_PASSIVE_LOWER old=260 new=664 macros=6 gathers=0
FOLD20_PASSIVE_LOWER old=0 new=0 macros=0 gathers=0
FOLD20_PASSIVE_LOWER old=0 new=0 macros=0 gathers=0
RANK4_LOWER class=4 original_ops=6077 new_ops=5329 symbolic_rank_gates=0 paired_macros=0 conditional_clean=true
FOLD20_T10_RANK4 j=3 last=true low=true old_ops=6077 ops=5329
RANK4_LOWER class=4 original_ops=7893 new_ops=6913 symbolic_rank_gates=24 paired_macros=68 conditional_clean=true
FOLD20_T10_RANK4 j=0 last=true low=true old_ops=7893 ops=6913
RANK4_LOWER class=4 original_ops=12463 new_ops=11063 symbolic_rank_gates=24 paired_macros=112 conditional_clean=true
FOLD20_T10_RANK4 j=2 last=true low=true old_ops=12463 ops=11063
RANK4_LOWER class=4 original_ops=10915 new_ops=9835 symbolic_rank_gates=24 paired_macros=106 conditional_clean=true
FOLD20_T10_RANK4 j=1 last=true low=true old_ops=10915 ops=9835
RANK4_LOWER class=3 original_ops=41769 new_ops=35287 symbolic_rank_gates=480 paired_macros=528 conditional_clean=true
FOLD20_T10_RANK4 j=3 last=false low=true old_ops=41769 ops=35287
FOLD20_PASSIVE_LOWER old=688 new=1138 macros=8 gathers=0
FOLD20_PASSIVE_LOWER old=260 new=664 macros=6 gathers=0
RANK4_LOWER class=3 original_ops=41509 new_ops=35291 symbolic_rank_gates=480 paired_macros=528 conditional_clean=true
FOLD20_T10_RANK4 j=1 last=false low=true old_ops=41509 ops=35291
FOLD20_PASSIVE_LOWER old=544 new=872 macros=6 gathers=0
FOLD20_PASSIVE_LOWER old=1082 new=6864 macros=22 gathers=0
FOLD20_PASSIVE_LOWER old=260 new=664 macros=6 gathers=0
RANK4_LOWER class=3 original_ops=61511 new_ops=51895 symbolic_rank_gates=672 paired_macros=730 conditional_clean=true
FOLD20_T10_RANK4 j=2 last=false low=true old_ops=61511 ops=51895
FOLD20_PASSIVE_LOWER old=326 new=3110 macros=9 gathers=0
RANK4_LOWER class=3 original_ops=63045 new_ops=52909 symbolic_rank_gates=672 paired_macros=748 conditional_clean=true
FOLD20_T10_RANK4 j=0 last=false low=true old_ops=63045 ops=52909
FOLD20_PASSIVE_LOWER old=544 new=872 macros=6 gathers=0
FOLD20_PASSIVE_LOWER old=260 new=664 macros=6 gathers=0
FOLD20_PASSIVE_LOWER old=0 new=0 macros=0 gathers=0
FOLD20_PASSIVE_LOWER old=544 new=872 macros=6 gathers=0
FOLD20_PASSIVE_LOWER old=260 new=664 macros=6 gathers=0
FOLD20_PASSIVE_LOWER old=0 new=0 macros=0 gathers=0
RANK4_LOWER class=4 original_ops=5937 new_ops=5225 symbolic_rank_gates=0 paired_macros=0 conditional_clean=true
FOLD20_T10_RANK4 j=3 last=true low=true old_ops=5937 ops=5225
RANK4_LOWER class=4 original_ops=7753 new_ops=6809 symbolic_rank_gates=24 paired_macros=68 conditional_clean=true
FOLD20_T10_RANK4 j=0 last=true low=true old_ops=7753 ops=6809
RANK4_LOWER class=4 original_ops=12323 new_ops=10959 symbolic_rank_gates=24 paired_macros=112 conditional_clean=true
FOLD20_T10_RANK4 j=2 last=true low=true old_ops=12323 ops=10959
RANK4_LOWER class=4 original_ops=10775 new_ops=9731 symbolic_rank_gates=24 paired_macros=106 conditional_clean=true
FOLD20_T10_RANK4 j=1 last=true low=true old_ops=10775 ops=9731
RANK4_LOWER class=3 original_ops=41425 new_ops=35007 symbolic_rank_gates=480 paired_macros=528 conditional_clean=true
FOLD20_T10_RANK4 j=3 last=false low=true old_ops=41425 ops=35007
FOLD20_PASSIVE_LOWER old=688 new=1138 macros=8 gathers=0
FOLD20_PASSIVE_LOWER old=260 new=664 macros=6 gathers=0
RANK4_LOWER class=3 original_ops=41165 new_ops=35011 symbolic_rank_gates=480 paired_macros=528 conditional_clean=true
FOLD20_T10_RANK4 j=1 last=false low=true old_ops=41165 ops=35011
FOLD20_PASSIVE_LOWER old=1082 new=6864 macros=22 gathers=0
FOLD20_PASSIVE_LOWER old=544 new=872 macros=6 gathers=0
FOLD20_PASSIVE_LOWER old=260 new=664 macros=6 gathers=0
RANK4_LOWER class=3 original_ops=61167 new_ops=51615 symbolic_rank_gates=672 paired_macros=730 conditional_clean=true
FOLD20_T10_RANK4 j=2 last=false low=true old_ops=61167 ops=51615
RANK4_LOWER class=3 original_ops=62701 new_ops=52629 symbolic_rank_gates=672 paired_macros=748 conditional_clean=true
FOLD20_T10_RANK4 j=0 last=false low=true old_ops=62701 ops=52629
FOLD20_PASSIVE_LOWER old=326 new=3110 macros=9 gathers=0
FOLD20_PASSIVE_LOWER old=544 new=872 macros=6 gathers=0
FOLD20_PASSIVE_LOWER old=544 new=872 macros=6 gathers=0
FOLD20_PASSIVE_LOWER old=260 new=664 macros=6 gathers=0
FOLD20_PASSIVE_LOWER old=0 new=0 macros=0 gathers=0
FOLD20_PASSIVE_LOWER old=260 new=664 macros=6 gathers=0
FOLD20_PASSIVE_LOWER old=0 new=0 macros=0 gathers=0
RANK4_LOWER class=4 original_ops=5847 new_ops=5151 symbolic_rank_gates=0 paired_macros=0 conditional_clean=true
FOLD20_T10_RANK4 j=3 last=true low=true old_ops=5847 ops=5151
RANK4_LOWER class=4 original_ops=7663 new_ops=6735 symbolic_rank_gates=24 paired_macros=68 conditional_clean=true
FOLD20_T10_RANK4 j=0 last=true low=true old_ops=7663 ops=6735
RANK4_LOWER class=4 original_ops=10685 new_ops=9657 symbolic_rank_gates=24 paired_macros=106 conditional_clean=true
FOLD20_T10_RANK4 j=1 last=true low=true old_ops=10685 ops=9657
RANK4_LOWER class=4 original_ops=12233 new_ops=10885 symbolic_rank_gates=24 paired_macros=112 conditional_clean=true
FOLD20_T10_RANK4 j=2 last=true low=true old_ops=12233 ops=10885
RANK4_LOWER class=3 original_ops=41163 new_ops=34803 symbolic_rank_gates=480 paired_macros=528 conditional_clean=true
FOLD20_T10_RANK4 j=3 last=false low=true old_ops=41163 ops=34803
RANK4_LOWER class=3 original_ops=40903 new_ops=34807 symbolic_rank_gates=480 paired_macros=528 conditional_clean=true
FOLD20_T10_RANK4 j=1 last=false low=true old_ops=40903 ops=34807
FOLD20_PASSIVE_LOWER old=688 new=1138 macros=8 gathers=0
FOLD20_PASSIVE_LOWER old=260 new=664 macros=6 gathers=0
FOLD20_PASSIVE_LOWER old=544 new=872 macros=6 gathers=0
FOLD20_PASSIVE_LOWER old=260 new=664 macros=6 gathers=0
FOLD20_PASSIVE_LOWER old=1082 new=6864 macros=22 gathers=0
FOLD20_PASSIVE_LOWER old=326 new=3110 macros=9 gathers=0
RANK4_LOWER class=3 original_ops=62439 new_ops=52427 symbolic_rank_gates=672 paired_macros=748 conditional_clean=true
FOLD20_T10_RANK4 j=0 last=false low=true old_ops=62439 ops=52427
RANK4_LOWER class=3 original_ops=60905 new_ops=51411 symbolic_rank_gates=672 paired_macros=730 conditional_clean=true
FOLD20_T10_RANK4 j=2 last=false low=true old_ops=60905 ops=51411
FOLD20_PASSIVE_LOWER old=544 new=872 macros=6 gathers=0
FOLD20_PASSIVE_LOWER old=544 new=872 macros=6 gathers=0
FOLD20_PASSIVE_LOWER old=260 new=664 macros=6 gathers=0
FOLD20_PASSIVE_LOWER old=0 new=0 macros=0 gathers=0
FOLD20_PASSIVE_LOWER old=260 new=664 macros=6 gathers=0
FOLD20_PASSIVE_LOWER old=0 new=0 macros=0 gathers=0
RANK4_LOWER class=4 original_ops=5707 new_ops=5047 symbolic_rank_gates=0 paired_macros=0 conditional_clean=true
FOLD20_T10_RANK4 j=3 last=true low=true old_ops=5707 ops=5047
RANK4_LOWER class=4 original_ops=7523 new_ops=6631 symbolic_rank_gates=24 paired_macros=68 conditional_clean=true
FOLD20_T10_RANK4 j=0 last=true low=true old_ops=7523 ops=6631
RANK4_LOWER class=4 original_ops=10545 new_ops=9553 symbolic_rank_gates=24 paired_macros=106 conditional_clean=true
FOLD20_T10_RANK4 j=1 last=true low=true old_ops=10545 ops=9553
RANK4_LOWER class=4 original_ops=12093 new_ops=10781 symbolic_rank_gates=24 paired_macros=112 conditional_clean=true
FOLD20_T10_RANK4 j=2 last=true low=true old_ops=12093 ops=10781
RANK4_LOWER class=3 original_ops=40831 new_ops=34523 symbolic_rank_gates=480 paired_macros=528 conditional_clean=true
FOLD20_T10_RANK4 j=3 last=false low=true old_ops=40831 ops=34523
FOLD20_PASSIVE_LOWER old=688 new=1138 macros=8 gathers=0
RANK4_LOWER class=3 original_ops=40571 new_ops=34527 symbolic_rank_gates=480 paired_macros=528 conditional_clean=true
FOLD20_T10_RANK4 j=1 last=false low=true old_ops=40571 ops=34527
FOLD20_PASSIVE_LOWER old=260 new=664 macros=6 gathers=0
FOLD20_PASSIVE_LOWER old=544 new=872 macros=6 gathers=0
FOLD20_PASSIVE_LOWER old=1082 new=6864 macros=22 gathers=0
FOLD20_PASSIVE_LOWER old=260 new=664 macros=6 gathers=0
RANK4_LOWER class=3 original_ops=62107 new_ops=52147 symbolic_rank_gates=672 paired_macros=748 conditional_clean=true
FOLD20_T10_RANK4 j=0 last=false low=true old_ops=62107 ops=52147
FOLD20_PASSIVE_LOWER old=326 new=3110 macros=9 gathers=0
FOLD20_PASSIVE_LOWER old=544 new=872 macros=6 gathers=0
FOLD20_PASSIVE_LOWER old=260 new=664 macros=6 gathers=0
RANK4_LOWER class=3 original_ops=60573 new_ops=51131 symbolic_rank_gates=672 paired_macros=730 conditional_clean=true
FOLD20_T10_RANK4 j=2 last=false low=true old_ops=60573 ops=51131
FOLD20_PASSIVE_LOWER old=0 new=0 macros=0 gathers=0
FOLD20_PASSIVE_LOWER old=544 new=872 macros=6 gathers=0
FOLD20_PASSIVE_LOWER old=260 new=664 macros=6 gathers=0
FOLD20_PASSIVE_LOWER old=0 new=0 macros=0 gathers=0
RANK4_LOWER class=4 original_ops=5591 new_ops=4959 symbolic_rank_gates=0 paired_macros=0 conditional_clean=true
FOLD20_T10_RANK4 j=3 last=true low=true old_ops=5591 ops=4959
RANK4_LOWER class=4 original_ops=7407 new_ops=6543 symbolic_rank_gates=24 paired_macros=68 conditional_clean=true
FOLD20_T10_RANK4 j=0 last=true low=true old_ops=7407 ops=6543
RANK4_LOWER class=4 original_ops=10429 new_ops=9465 symbolic_rank_gates=24 paired_macros=106 conditional_clean=true
FOLD20_T10_RANK4 j=1 last=true low=true old_ops=10429 ops=9465
RANK4_LOWER class=4 original_ops=11977 new_ops=10693 symbolic_rank_gates=24 paired_macros=112 conditional_clean=true
FOLD20_T10_RANK4 j=2 last=true low=true old_ops=11977 ops=10693
RANK4_LOWER class=3 original_ops=40473 new_ops=34197 symbolic_rank_gates=480 paired_macros=528 conditional_clean=true
FOLD20_T10_RANK4 j=3 last=false low=true old_ops=40473 ops=34197
FOLD20_PASSIVE_LOWER old=688 new=1138 macros=8 gathers=0
RANK4_LOWER class=3 original_ops=40213 new_ops=34201 symbolic_rank_gates=480 paired_macros=528 conditional_clean=true
FOLD20_T10_RANK4 j=1 last=false low=true old_ops=40213 ops=34201
FOLD20_PASSIVE_LOWER old=260 new=664 macros=6 gathers=0
FOLD20_PASSIVE_LOWER old=544 new=872 macros=6 gathers=0
FOLD20_PASSIVE_LOWER old=1082 new=6864 macros=22 gathers=0
FOLD20_PASSIVE_LOWER old=260 new=664 macros=6 gathers=0
FOLD20_PASSIVE_LOWER old=326 new=3110 macros=9 gathers=0
RANK4_LOWER class=3 original_ops=61749 new_ops=51819 symbolic_rank_gates=672 paired_macros=748 conditional_clean=true
FOLD20_T10_RANK4 j=0 last=false low=true old_ops=61749 ops=51819
RANK4_LOWER class=3 original_ops=60215 new_ops=50805 symbolic_rank_gates=672 paired_macros=730 conditional_clean=true
FOLD20_T10_RANK4 j=2 last=false low=true old_ops=60215 ops=50805
FOLD20_PASSIVE_LOWER old=544 new=872 macros=6 gathers=0
FOLD20_PASSIVE_LOWER old=544 new=872 macros=6 gathers=0
FOLD20_PASSIVE_LOWER old=260 new=664 macros=6 gathers=0
FOLD20_PASSIVE_LOWER old=260 new=664 macros=6 gathers=0
FOLD20_PASSIVE_LOWER old=0 new=0 macros=0 gathers=0
FOLD20_PASSIVE_LOWER old=0 new=0 macros=0 gathers=0
RANK4_LOWER class=4 original_ops=5451 new_ops=4855 symbolic_rank_gates=0 paired_macros=0 conditional_clean=true
FOLD20_T10_RANK4 j=3 last=true low=true old_ops=5451 ops=4855
RANK4_LOWER class=4 original_ops=7267 new_ops=6439 symbolic_rank_gates=24 paired_macros=68 conditional_clean=true
FOLD20_T10_RANK4 j=0 last=true low=true old_ops=7267 ops=6439
RANK4_LOWER class=4 original_ops=10289 new_ops=9361 symbolic_rank_gates=24 paired_macros=106 conditional_clean=true
FOLD20_T10_RANK4 j=1 last=true low=true old_ops=10289 ops=9361
RANK4_LOWER class=4 original_ops=11837 new_ops=10589 symbolic_rank_gates=24 paired_macros=112 conditional_clean=true
FOLD20_T10_RANK4 j=2 last=true low=true old_ops=11837 ops=10589
RANK4_LOWER class=3 original_ops=40169 new_ops=33949 symbolic_rank_gates=480 paired_macros=528 conditional_clean=true
FOLD20_T10_RANK4 j=3 last=false low=true old_ops=40169 ops=33949
FOLD20_PASSIVE_LOWER old=688 new=1138 macros=8 gathers=0
RANK4_LOWER class=3 original_ops=39909 new_ops=33953 symbolic_rank_gates=480 paired_macros=528 conditional_clean=true
FOLD20_T10_RANK4 j=1 last=false low=true old_ops=39909 ops=33953
FOLD20_PASSIVE_LOWER old=260 new=664 macros=6 gathers=0
FOLD20_PASSIVE_LOWER old=544 new=872 macros=6 gathers=0
FOLD20_PASSIVE_LOWER old=1082 new=6864 macros=22 gathers=0
FOLD20_PASSIVE_LOWER old=260 new=664 macros=6 gathers=0
FOLD20_PASSIVE_LOWER old=326 new=3110 macros=9 gathers=0
RANK4_LOWER class=3 original_ops=61445 new_ops=51571 symbolic_rank_gates=672 paired_macros=748 conditional_clean=true
FOLD20_T10_RANK4 j=0 last=false low=true old_ops=61445 ops=51571
RANK4_LOWER class=3 original_ops=59911 new_ops=50557 symbolic_rank_gates=672 paired_macros=730 conditional_clean=true
FOLD20_T10_RANK4 j=2 last=false low=true old_ops=59911 ops=50557
FOLD20_PASSIVE_LOWER old=544 new=872 macros=6 gathers=0
FOLD20_PASSIVE_LOWER old=260 new=664 macros=6 gathers=0
FOLD20_PASSIVE_LOWER old=0 new=0 macros=0 gathers=0
FOLD20_PASSIVE_LOWER old=544 new=872 macros=6 gathers=0
FOLD20_PASSIVE_LOWER old=260 new=664 macros=6 gathers=0
FOLD20_PASSIVE_LOWER old=0 new=0 macros=0 gathers=0
RANK4_LOWER class=4 original_ops=5335 new_ops=4771 symbolic_rank_gates=0 paired_macros=0 conditional_clean=true
FOLD20_T10_RANK4 j=3 last=true low=true old_ops=5335 ops=4771
RANK4_LOWER class=4 original_ops=7151 new_ops=6355 symbolic_rank_gates=24 paired_macros=68 conditional_clean=true
FOLD20_T10_RANK4 j=0 last=true low=true old_ops=7151 ops=6355
RANK4_LOWER class=4 original_ops=10173 new_ops=9277 symbolic_rank_gates=24 paired_macros=106 conditional_clean=true
FOLD20_T10_RANK4 j=1 last=true low=true old_ops=10173 ops=9277
RANK4_LOWER class=4 original_ops=11721 new_ops=10505 symbolic_rank_gates=24 paired_macros=112 conditional_clean=true
FOLD20_T10_RANK4 j=2 last=true low=true old_ops=11721 ops=10505
RANK4_LOWER class=3 original_ops=39899 new_ops=33719 symbolic_rank_gates=480 paired_macros=528 conditional_clean=true
FOLD20_T10_RANK4 j=3 last=false low=true old_ops=39899 ops=33719
FOLD20_PASSIVE_LOWER old=688 new=1138 macros=8 gathers=0
RANK4_LOWER class=3 original_ops=39639 new_ops=33723 symbolic_rank_gates=480 paired_macros=528 conditional_clean=true
FOLD20_T10_RANK4 j=1 last=false low=true old_ops=39639 ops=33723
FOLD20_PASSIVE_LOWER old=260 new=664 macros=6 gathers=0
FOLD20_PASSIVE_LOWER old=544 new=872 macros=6 gathers=0
FOLD20_PASSIVE_LOWER old=1082 new=6864 macros=22 gathers=0
FOLD20_PASSIVE_LOWER old=260 new=664 macros=6 gathers=0
RANK4_LOWER class=3 original_ops=59641 new_ops=50327 symbolic_rank_gates=672 paired_macros=730 conditional_clean=true
FOLD20_T10_RANK4 j=2 last=false low=true old_ops=59641 ops=50327
FOLD20_PASSIVE_LOWER old=326 new=3110 macros=9 gathers=0
FOLD20_PASSIVE_LOWER old=544 new=872 macros=6 gathers=0
FOLD20_PASSIVE_LOWER old=260 new=664 macros=6 gathers=0
RANK4_LOWER class=3 original_ops=61175 new_ops=51343 symbolic_rank_gates=672 paired_macros=748 conditional_clean=true
FOLD20_T10_RANK4 j=0 last=false low=true old_ops=61175 ops=51343
FOLD20_PASSIVE_LOWER old=0 new=0 macros=0 gathers=0
FOLD20_PASSIVE_LOWER old=544 new=872 macros=6 gathers=0
FOLD20_PASSIVE_LOWER old=260 new=664 macros=6 gathers=0
FOLD20_PASSIVE_LOWER old=0 new=0 macros=0 gathers=0
Q792_WHOLE_RESOURCE peak_qubits=792 ops=1667199242 structural_T=1006443746 count_only=true; correctness unqualified
LOWQ_SHARED_WHOLE_RESOURCE peak_qubits=792 ops=1667199242 structural_T=1006443746 count_only=true; correctness not established by resource count
Q792_WHOLE_DIAGNOSTIC_PASS mode=fold20-whole-count peak=792 ops=1667199242; NOT canonical9024 or official acceptance
	Command being timed: "prlimit --as=8000000000 timeout 1200s /home/agentyczny-zdzich/Desktop/projekty/ecdsa/.autoresearch/q792-memo-joint-20260913.s9u6rt86/stage-r05-workspace/target/release/build_circuit"
	User time (seconds): 248.36
	System time (seconds): 6.83
	Percent of CPU this job got: 298%
	Elapsed (wall clock) time (h:mm:ss or m:ss): 1:25.45
	Average shared text size (kbytes): 0
	Average unshared data size (kbytes): 0
	Average stack size (kbytes): 0
	Average total size (kbytes): 0
	Maximum resident set size (kbytes): 1242816
	Average resident set size (kbytes): 0
	Major (requiring I/O) page faults: 0
	Minor (reclaiming a frame) page faults: 11290720
	Voluntary context switches: 1567
	Involuntary context switches: 6886
	Swaps: 0
	File system inputs: 0
	File system outputs: 856
	Socket messages sent: 0
	Socket messages received: 0
	Signals delivered: 0
	Page size (bytes): 4096
	Exit status: 0
