=== quantum_ecc: build_circuit (untrusted stage) ===

-- building circuit --
RANK4_LOWER class=4 original_ops=365 new_ops=299 symbolic_rank_gates=12 paired_macros=12 conditional_clean=true
FOLD20_T10_RANK4 j=3 last=true low=true old_ops=365 ops=299
Q792_JOINT_CODEC held_predicates=7 all_existing_dirty=true restored=true
Q792_JOINT_CODEC held_predicates=7 all_existing_dirty=true restored=true
RANK4_LOWER class=3 original_ops=32993 new_ops=29043 symbolic_rank_gates=512 paired_macros=548 conditional_clean=true
FOLD20_T10_RANK4 j=3 last=false low=true old_ops=32993 ops=29043
FOLD20_PASSIVE_LOWER old=688 new=1138 macros=8 gathers=0
FOLD20_PASSIVE_LOWER old=260 new=664 macros=6 gathers=0
FOLD20_PASSIVE_LOWER old=1082 new=6864 macros=22 gathers=0
Q796_HOLE block=0 j=0 touches=0
Q796_HOLE block=0 j=0 touches=0
Q796_HOLE block=0 j=0 touches=0
FOLD20_FULL_STEP_BLOCK block=0 j=0 ops=246930 T=158551 physical=564 PASS
RANK4_LOWER class=4 original_ops=467 new_ops=385 symbolic_rank_gates=12 paired_macros=12 conditional_clean=true
FOLD20_T10_RANK4 j=3 last=true low=true old_ops=467 ops=385
Q792_JOINT_CODEC held_predicates=7 all_existing_dirty=true restored=true
Q792_JOINT_CODEC held_predicates=7 all_existing_dirty=true restored=true
RANK4_LOWER class=3 original_ops=33169 new_ops=29197 symbolic_rank_gates=512 paired_macros=548 conditional_clean=true
FOLD20_T10_RANK4 j=3 last=false low=true old_ops=33169 ops=29197
FOLD20_PASSIVE_LOWER old=688 new=1138 macros=8 gathers=0
FOLD20_PASSIVE_LOWER old=260 new=664 macros=6 gathers=0
FOLD20_PASSIVE_LOWER old=1082 new=6864 macros=22 gathers=0
Q796_HOLE block=1 j=0 touches=0
Q796_HOLE block=1 j=0 touches=0
Q796_HOLE block=1 j=0 touches=0
FOLD20_FULL_STEP_BLOCK block=1 j=0 ops=247710 T=158925 physical=564 PASS
RANK4_LOWER class=4 original_ops=587 new_ops=477 symbolic_rank_gates=12 paired_macros=12 conditional_clean=true
FOLD20_T10_RANK4 j=3 last=true low=true old_ops=587 ops=477
Q792_JOINT_CODEC held_predicates=7 all_existing_dirty=true restored=true
Q792_JOINT_CODEC held_predicates=7 all_existing_dirty=true restored=true
RANK4_LOWER class=3 original_ops=33425 new_ops=29415 symbolic_rank_gates=512 paired_macros=548 conditional_clean=true
FOLD20_T10_RANK4 j=3 last=false low=true old_ops=33425 ops=29415
FOLD20_PASSIVE_LOWER old=688 new=1138 macros=8 gathers=0
FOLD20_PASSIVE_LOWER old=260 new=664 macros=6 gathers=0
FOLD20_PASSIVE_LOWER old=1082 new=6864 macros=22 gathers=0
Q796_HOLE block=2 j=0 touches=0
Q796_HOLE block=2 j=0 touches=0
Q796_HOLE block=2 j=0 touches=0
FOLD20_FULL_STEP_BLOCK block=2 j=0 ops=249132 T=159865 physical=564 PASS
RANK4_LOWER class=4 original_ops=705 new_ops=571 symbolic_rank_gates=12 paired_macros=12 conditional_clean=true
FOLD20_T10_RANK4 j=3 last=true low=true old_ops=705 ops=571
Q792_JOINT_CODEC held_predicates=7 all_existing_dirty=true restored=true
Q792_JOINT_CODEC held_predicates=7 all_existing_dirty=true restored=true
RANK4_LOWER class=3 original_ops=33621 new_ops=29589 symbolic_rank_gates=512 paired_macros=548 conditional_clean=true
FOLD20_T10_RANK4 j=3 last=false low=true old_ops=33621 ops=29589
FOLD20_PASSIVE_LOWER old=688 new=1138 macros=8 gathers=0
FOLD20_PASSIVE_LOWER old=260 new=664 macros=6 gathers=0
FOLD20_PASSIVE_LOWER old=1082 new=6864 macros=22 gathers=0
Q796_HOLE block=3 j=0 touches=0
Q796_HOLE block=3 j=0 touches=0
Q796_HOLE block=3 j=0 touches=0
FOLD20_FULL_STEP_BLOCK block=3 j=0 ops=249960 T=160263 physical=564 PASS
RANK4_LOWER class=4 original_ops=803 new_ops=653 symbolic_rank_gates=12 paired_macros=12 conditional_clean=true
FOLD20_T10_RANK4 j=3 last=true low=true old_ops=803 ops=653
Q792_JOINT_CODEC held_predicates=7 all_existing_dirty=true restored=true
Q792_JOINT_CODEC held_predicates=7 all_existing_dirty=true restored=true
RANK4_LOWER class=3 original_ops=33817 new_ops=29755 symbolic_rank_gates=512 paired_macros=548 conditional_clean=true
FOLD20_T10_RANK4 j=3 last=false low=true old_ops=33817 ops=29755
FOLD20_PASSIVE_LOWER old=688 new=1138 macros=8 gathers=0
FOLD20_PASSIVE_LOWER old=260 new=664 macros=6 gathers=0
FOLD20_PASSIVE_LOWER old=1082 new=6864 macros=22 gathers=0
Q796_HOLE block=4 j=0 touches=0
Q796_HOLE block=4 j=0 touches=0
Q796_HOLE block=4 j=0 touches=0
FOLD20_FULL_STEP_BLOCK block=4 j=0 ops=250840 T=160747 physical=564 PASS
RANK4_LOWER class=4 original_ops=917 new_ops=743 symbolic_rank_gates=12 paired_macros=12 conditional_clean=true
FOLD20_T10_RANK4 j=3 last=true low=true old_ops=917 ops=743
Q792_JOINT_CODEC held_predicates=7 all_existing_dirty=true restored=true
Q792_JOINT_CODEC held_predicates=7 all_existing_dirty=true restored=true
RANK4_LOWER class=3 original_ops=34009 new_ops=29925 symbolic_rank_gates=512 paired_macros=548 conditional_clean=true
FOLD20_T10_RANK4 j=3 last=false low=true old_ops=34009 ops=29925
FOLD20_PASSIVE_LOWER old=688 new=1138 macros=8 gathers=0
FOLD20_PASSIVE_LOWER old=260 new=664 macros=6 gathers=0
FOLD20_PASSIVE_LOWER old=1082 new=6864 macros=22 gathers=0
Q796_HOLE block=5 j=0 touches=0
Q796_HOLE block=5 j=0 touches=0
Q796_HOLE block=5 j=0 touches=0
FOLD20_FULL_STEP_BLOCK block=5 j=0 ops=251648 T=161145 physical=564 PASS
RANK4_LOWER class=4 original_ops=1035 new_ops=833 symbolic_rank_gates=12 paired_macros=12 conditional_clean=true
FOLD20_T10_RANK4 j=3 last=true low=true old_ops=1035 ops=833
Q792_JOINT_CODEC held_predicates=7 all_existing_dirty=true restored=true
Q792_JOINT_CODEC held_predicates=7 all_existing_dirty=true restored=true
RANK4_LOWER class=3 original_ops=34377 new_ops=30225 symbolic_rank_gates=512 paired_macros=548 conditional_clean=true
FOLD20_T10_RANK4 j=3 last=false low=true old_ops=34377 ops=30225
FOLD20_PASSIVE_LOWER old=688 new=1138 macros=8 gathers=0
FOLD20_PASSIVE_LOWER old=260 new=664 macros=6 gathers=0
FOLD20_PASSIVE_LOWER old=1082 new=6864 macros=22 gathers=0
Q796_HOLE block=6 j=0 touches=0
Q796_HOLE block=6 j=0 touches=0
Q796_HOLE block=6 j=0 touches=0
FOLD20_FULL_STEP_BLOCK block=6 j=0 ops=253256 T=162129 physical=564 PASS
RANK4_LOWER class=4 original_ops=1161 new_ops=935 symbolic_rank_gates=12 paired_macros=12 conditional_clean=true
FOLD20_T10_RANK4 j=3 last=true low=true old_ops=1161 ops=935
Q792_JOINT_CODEC held_predicates=7 all_existing_dirty=true restored=true
Q792_JOINT_CODEC held_predicates=7 all_existing_dirty=true restored=true
RANK4_LOWER class=3 original_ops=34593 new_ops=30419 symbolic_rank_gates=512 paired_macros=548 conditional_clean=true
FOLD20_T10_RANK4 j=3 last=false low=true old_ops=34593 ops=30419
FOLD20_PASSIVE_LOWER old=688 new=1138 macros=8 gathers=0
FOLD20_PASSIVE_LOWER old=260 new=664 macros=6 gathers=0
FOLD20_PASSIVE_LOWER old=1082 new=6864 macros=22 gathers=0
Q796_HOLE block=7 j=0 touches=0
Q796_HOLE block=7 j=0 touches=0
Q796_HOLE block=7 j=0 touches=0
FOLD20_FULL_STEP_BLOCK block=7 j=0 ops=254120 T=162539 physical=564 PASS
RANK4_LOWER class=4 original_ops=1259 new_ops=1017 symbolic_rank_gates=12 paired_macros=12 conditional_clean=true
FOLD20_T10_RANK4 j=3 last=true low=true old_ops=1259 ops=1017
Q792_JOINT_CODEC held_predicates=7 all_existing_dirty=true restored=true
Q792_JOINT_CODEC held_predicates=7 all_existing_dirty=true restored=true
RANK4_LOWER class=3 original_ops=34813 new_ops=30669 symbolic_rank_gates=512 paired_macros=548 conditional_clean=true
FOLD20_T10_RANK4 j=3 last=false low=true old_ops=34813 ops=30669
FOLD20_PASSIVE_LOWER old=688 new=1138 macros=8 gathers=0
FOLD20_PASSIVE_LOWER old=260 new=664 macros=6 gathers=0
FOLD20_PASSIVE_LOWER old=1082 new=6864 macros=22 gathers=0
Q796_HOLE block=8 j=0 touches=0
Q796_HOLE block=8 j=0 touches=0
Q796_HOLE block=8 j=0 touches=0
FOLD20_FULL_STEP_BLOCK block=8 j=0 ops=255032 T=163039 physical=564 PASS
RANK4_LOWER class=4 original_ops=1377 new_ops=1107 symbolic_rank_gates=12 paired_macros=12 conditional_clean=true
FOLD20_T10_RANK4 j=3 last=true low=true old_ops=1377 ops=1107
Q792_JOINT_CODEC held_predicates=7 all_existing_dirty=true restored=true
Q792_JOINT_CODEC held_predicates=7 all_existing_dirty=true restored=true
RANK4_LOWER class=3 original_ops=35029 new_ops=30925 symbolic_rank_gates=512 paired_macros=548 conditional_clean=true
FOLD20_T10_RANK4 j=3 last=false low=true old_ops=35029 ops=30925
FOLD20_PASSIVE_LOWER old=688 new=1138 macros=8 gathers=0
FOLD20_PASSIVE_LOWER old=260 new=664 macros=6 gathers=0
FOLD20_PASSIVE_LOWER old=1082 new=6864 macros=22 gathers=0
Q796_HOLE block=9 j=0 touches=0
Q796_HOLE block=9 j=0 touches=0
Q796_HOLE block=9 j=0 touches=0
FOLD20_FULL_STEP_BLOCK block=9 j=0 ops=255856 T=163449 physical=564 PASS
RANK4_LOWER class=4 original_ops=1475 new_ops=1189 symbolic_rank_gates=12 paired_macros=12 conditional_clean=true
FOLD20_T10_RANK4 j=3 last=true low=true old_ops=1475 ops=1189
Q792_JOINT_CODEC held_predicates=7 all_existing_dirty=true restored=true
Q792_JOINT_CODEC held_predicates=7 all_existing_dirty=true restored=true
RANK4_LOWER class=3 original_ops=35241 new_ops=31177 symbolic_rank_gates=512 paired_macros=548 conditional_clean=true
FOLD20_T10_RANK4 j=3 last=false low=true old_ops=35241 ops=31177
FOLD20_PASSIVE_LOWER old=688 new=1138 macros=8 gathers=0
FOLD20_PASSIVE_LOWER old=260 new=664 macros=6 gathers=0
FOLD20_PASSIVE_LOWER old=1082 new=6864 macros=22 gathers=0
Q796_HOLE block=10 j=0 touches=0
Q796_HOLE block=10 j=0 touches=0
Q796_HOLE block=10 j=0 touches=0
FOLD20_FULL_STEP_BLOCK block=10 j=0 ops=256750 T=163935 physical=564 PASS
RANK4_LOWER class=4 original_ops=1593 new_ops=1283 symbolic_rank_gates=12 paired_macros=12 conditional_clean=true
FOLD20_T10_RANK4 j=3 last=true low=true old_ops=1593 ops=1283
Q792_JOINT_CODEC held_predicates=7 all_existing_dirty=true restored=true
Q792_JOINT_CODEC held_predicates=7 all_existing_dirty=true restored=true
RANK4_LOWER class=3 original_ops=35453 new_ops=31385 symbolic_rank_gates=512 paired_macros=548 conditional_clean=true
FOLD20_T10_RANK4 j=3 last=false low=true old_ops=35453 ops=31385
FOLD20_PASSIVE_LOWER old=688 new=1138 macros=8 gathers=0
FOLD20_PASSIVE_LOWER old=260 new=664 macros=6 gathers=0
FOLD20_PASSIVE_LOWER old=1082 new=6864 macros=22 gathers=0
Q796_HOLE block=11 j=0 touches=0
Q796_HOLE block=11 j=0 touches=0
Q796_HOLE block=11 j=0 touches=0
FOLD20_FULL_STEP_BLOCK block=11 j=0 ops=257594 T=164345 physical=564 PASS
RANK4_LOWER class=4 original_ops=1691 new_ops=1365 symbolic_rank_gates=12 paired_macros=12 conditional_clean=true
FOLD20_T10_RANK4 j=3 last=true low=true old_ops=1691 ops=1365
Q792_JOINT_CODEC held_predicates=7 all_existing_dirty=true restored=true
Q792_JOINT_CODEC held_predicates=7 all_existing_dirty=true restored=true
RANK4_LOWER class=3 original_ops=35665 new_ops=31569 symbolic_rank_gates=512 paired_macros=548 conditional_clean=true
FOLD20_T10_RANK4 j=3 last=false low=true old_ops=35665 ops=31569
FOLD20_PASSIVE_LOWER old=688 new=1138 macros=8 gathers=0
FOLD20_PASSIVE_LOWER old=260 new=664 macros=6 gathers=0
FOLD20_PASSIVE_LOWER old=1082 new=6864 macros=22 gathers=0
Q796_HOLE block=12 j=0 touches=0
Q796_HOLE block=12 j=0 touches=0
Q796_HOLE block=12 j=0 touches=0
FOLD20_FULL_STEP_BLOCK block=12 j=0 ops=258498 T=164845 physical=564 PASS
RANK4_LOWER class=4 original_ops=1805 new_ops=1455 symbolic_rank_gates=12 paired_macros=12 conditional_clean=true
FOLD20_T10_RANK4 j=3 last=true low=true old_ops=1805 ops=1455
Q792_JOINT_CODEC held_predicates=7 all_existing_dirty=true restored=true
Q792_JOINT_CODEC held_predicates=7 all_existing_dirty=true restored=true
RANK4_LOWER class=3 original_ops=35873 new_ops=31753 symbolic_rank_gates=512 paired_macros=548 conditional_clean=true
FOLD20_T10_RANK4 j=3 last=false low=true old_ops=35873 ops=31753
FOLD20_PASSIVE_LOWER old=688 new=1138 macros=8 gathers=0
FOLD20_PASSIVE_LOWER old=260 new=664 macros=6 gathers=0
FOLD20_PASSIVE_LOWER old=1082 new=6864 macros=22 gathers=0
Q796_HOLE block=13 j=0 touches=0
Q796_HOLE block=13 j=0 touches=0
Q796_HOLE block=13 j=0 touches=0
FOLD20_FULL_STEP_BLOCK block=13 j=0 ops=259322 T=165255 physical=564 PASS
RANK4_LOWER class=4 original_ops=1959 new_ops=1629 symbolic_rank_gates=12 paired_macros=12 conditional_clean=true
FOLD20_T10_RANK4 j=3 last=true low=true old_ops=1959 ops=1629
Q792_JOINT_CODEC held_predicates=7 all_existing_dirty=true restored=true
Q792_JOINT_CODEC held_predicates=7 all_existing_dirty=true restored=true
RANK4_LOWER class=3 original_ops=36449 new_ops=32189 symbolic_rank_gates=512 paired_macros=548 conditional_clean=true
FOLD20_T10_RANK4 j=3 last=false low=true old_ops=36449 ops=32189
FOLD20_PASSIVE_LOWER old=688 new=1138 macros=8 gathers=0
FOLD20_PASSIVE_LOWER old=260 new=664 macros=6 gathers=0
FOLD20_PASSIVE_LOWER old=1082 new=6864 macros=22 gathers=0
Q796_HOLE block=14 j=0 touches=0
Q796_HOLE block=14 j=0 touches=0
Q796_HOLE block=14 j=0 touches=0
FOLD20_FULL_STEP_BLOCK block=14 j=0 ops=261144 T=166449 physical=564 PASS
RANK4_LOWER class=4 original_ops=2097 new_ops=1743 symbolic_rank_gates=12 paired_macros=12 conditional_clean=true
FOLD20_T10_RANK4 j=3 last=true low=true old_ops=2097 ops=1743
Q792_JOINT_CODEC held_predicates=7 all_existing_dirty=true restored=true
Q792_JOINT_CODEC held_predicates=7 all_existing_dirty=true restored=true
RANK4_LOWER class=3 original_ops=36685 new_ops=32401 symbolic_rank_gates=512 paired_macros=548 conditional_clean=true
FOLD20_T10_RANK4 j=3 last=false low=true old_ops=36685 ops=32401
FOLD20_PASSIVE_LOWER old=688 new=1138 macros=8 gathers=0
FOLD20_PASSIVE_LOWER old=260 new=664 macros=6 gathers=0
FOLD20_PASSIVE_LOWER old=1082 new=6864 macros=22 gathers=0
Q796_HOLE block=15 j=0 touches=0
Q796_HOLE block=15 j=0 touches=0
Q796_HOLE block=15 j=0 touches=0
FOLD20_FULL_STEP_BLOCK block=15 j=0 ops=262052 T=166879 physical=564 PASS
RANK4_LOWER class=4 original_ops=2201 new_ops=1831 symbolic_rank_gates=12 paired_macros=12 conditional_clean=true
FOLD20_T10_RANK4 j=3 last=true low=true old_ops=2201 ops=1831
Q792_JOINT_CODEC held_predicates=7 all_existing_dirty=true restored=true
Q792_JOINT_CODEC held_predicates=7 all_existing_dirty=true restored=true
RANK4_LOWER class=3 original_ops=36929 new_ops=32597 symbolic_rank_gates=512 paired_macros=548 conditional_clean=true
FOLD20_T10_RANK4 j=3 last=false low=true old_ops=36929 ops=32597
FOLD20_PASSIVE_LOWER old=688 new=1138 macros=8 gathers=0
FOLD20_PASSIVE_LOWER old=260 new=664 macros=6 gathers=0
FOLD20_PASSIVE_LOWER old=1082 new=6864 macros=22 gathers=0
Q796_HOLE block=16 j=0 touches=0
Q796_HOLE block=16 j=0 touches=0
Q796_HOLE block=16 j=0 touches=0
FOLD20_FULL_STEP_BLOCK block=16 j=0 ops=263010 T=167403 physical=564 PASS
RANK4_LOWER class=4 original_ops=2311 new_ops=1925 symbolic_rank_gates=12 paired_macros=12 conditional_clean=true
FOLD20_T10_RANK4 j=3 last=true low=true old_ops=2311 ops=1925
Q792_JOINT_CODEC held_predicates=7 all_existing_dirty=true restored=true
Q792_JOINT_CODEC held_predicates=7 all_existing_dirty=true restored=true
RANK4_LOWER class=3 original_ops=37169 new_ops=32797 symbolic_rank_gates=512 paired_macros=548 conditional_clean=true
FOLD20_T10_RANK4 j=3 last=false low=true old_ops=37169 ops=32797
FOLD20_PASSIVE_LOWER old=688 new=1138 macros=8 gathers=0
FOLD20_PASSIVE_LOWER old=260 new=664 macros=6 gathers=0
FOLD20_PASSIVE_LOWER old=1082 new=6864 macros=22 gathers=0
Q796_HOLE block=17 j=0 touches=0
Q796_HOLE block=17 j=0 touches=0
Q796_HOLE block=17 j=0 touches=0
FOLD20_FULL_STEP_BLOCK block=17 j=0 ops=263858 T=167827 physical=564 PASS
RANK4_LOWER class=4 original_ops=2415 new_ops=2013 symbolic_rank_gates=12 paired_macros=12 conditional_clean=true
FOLD20_T10_RANK4 j=3 last=true low=true old_ops=2415 ops=2013
Q792_JOINT_CODEC held_predicates=7 all_existing_dirty=true restored=true
Q792_JOINT_CODEC held_predicates=7 all_existing_dirty=true restored=true
RANK4_LOWER class=3 original_ops=37405 new_ops=32993 symbolic_rank_gates=512 paired_macros=548 conditional_clean=true
FOLD20_T10_RANK4 j=3 last=false low=true old_ops=37405 ops=32993
FOLD20_PASSIVE_LOWER old=688 new=1138 macros=8 gathers=0
FOLD20_PASSIVE_LOWER old=260 new=664 macros=6 gathers=0
FOLD20_PASSIVE_LOWER old=1082 new=6864 macros=22 gathers=0
Q796_HOLE block=18 j=0 touches=0
Q796_HOLE block=18 j=0 touches=0
Q796_HOLE block=18 j=0 touches=0
FOLD20_FULL_STEP_BLOCK block=18 j=0 ops=264806 T=168337 physical=564 PASS
RANK4_LOWER class=4 original_ops=2545 new_ops=2115 symbolic_rank_gates=12 paired_macros=12 conditional_clean=true
FOLD20_T10_RANK4 j=3 last=true low=true old_ops=2545 ops=2115
Q792_JOINT_CODEC held_predicates=7 all_existing_dirty=true restored=true
Q792_JOINT_CODEC held_predicates=7 all_existing_dirty=true restored=true
RANK4_LOWER class=3 original_ops=37641 new_ops=33197 symbolic_rank_gates=512 paired_macros=548 conditional_clean=true
FOLD20_T10_RANK4 j=3 last=false low=true old_ops=37641 ops=33197
FOLD20_PASSIVE_LOWER old=688 new=1138 macros=8 gathers=0
FOLD20_PASSIVE_LOWER old=260 new=664 macros=6 gathers=0
FOLD20_PASSIVE_LOWER old=1082 new=6864 macros=22 gathers=0
Q796_HOLE block=19 j=0 touches=0
Q796_HOLE block=19 j=0 touches=0
Q796_HOLE block=19 j=0 touches=0
FOLD20_FULL_STEP_BLOCK block=19 j=0 ops=265678 T=168767 physical=564 PASS
RANK4_LOWER class=4 original_ops=2649 new_ops=2203 symbolic_rank_gates=12 paired_macros=12 conditional_clean=true
FOLD20_T10_RANK4 j=3 last=true low=true old_ops=2649 ops=2203
Q792_JOINT_CODEC held_predicates=7 all_existing_dirty=true restored=true
Q792_JOINT_CODEC held_predicates=7 all_existing_dirty=true restored=true
RANK4_LOWER class=3 original_ops=37877 new_ops=33393 symbolic_rank_gates=512 paired_macros=548 conditional_clean=true
FOLD20_T10_RANK4 j=3 last=false low=true old_ops=37877 ops=33393
FOLD20_PASSIVE_LOWER old=688 new=1138 macros=8 gathers=0
FOLD20_PASSIVE_LOWER old=260 new=664 macros=6 gathers=0
FOLD20_PASSIVE_LOWER old=1082 new=6864 macros=22 gathers=0
Q796_HOLE block=20 j=0 touches=0
Q796_HOLE block=20 j=0 touches=0
Q796_HOLE block=20 j=0 touches=0
FOLD20_FULL_STEP_BLOCK block=20 j=0 ops=266620 T=169291 physical=564 PASS
RANK4_LOWER class=4 original_ops=2759 new_ops=2297 symbolic_rank_gates=12 paired_macros=12 conditional_clean=true
FOLD20_T10_RANK4 j=3 last=true low=true old_ops=2759 ops=2297
Q792_JOINT_CODEC held_predicates=7 all_existing_dirty=true restored=true
Q792_JOINT_CODEC held_predicates=7 all_existing_dirty=true restored=true
RANK4_LOWER class=3 original_ops=38109 new_ops=33593 symbolic_rank_gates=512 paired_macros=548 conditional_clean=true
FOLD20_T10_RANK4 j=3 last=false low=true old_ops=38109 ops=33593
FOLD20_PASSIVE_LOWER old=688 new=1138 macros=8 gathers=0
FOLD20_PASSIVE_LOWER old=260 new=664 macros=6 gathers=0
FOLD20_PASSIVE_LOWER old=1082 new=6864 macros=22 gathers=0
Q796_HOLE block=21 j=0 touches=0
Q796_HOLE block=21 j=0 touches=0
Q796_HOLE block=21 j=0 touches=0
FOLD20_FULL_STEP_BLOCK block=21 j=0 ops=267468 T=169715 physical=564 PASS
RANK4_LOWER class=4 original_ops=2863 new_ops=2385 symbolic_rank_gates=12 paired_macros=12 conditional_clean=true
FOLD20_T10_RANK4 j=3 last=true low=true old_ops=2863 ops=2385
Q792_JOINT_CODEC held_predicates=7 all_existing_dirty=true restored=true
Q792_JOINT_CODEC held_predicates=7 all_existing_dirty=true restored=true
RANK4_LOWER class=3 original_ops=38337 new_ops=33789 symbolic_rank_gates=512 paired_macros=548 conditional_clean=true
FOLD20_T10_RANK4 j=3 last=false low=true old_ops=38337 ops=33789
FOLD20_PASSIVE_LOWER old=688 new=1138 macros=8 gathers=0
FOLD20_PASSIVE_LOWER old=260 new=664 macros=6 gathers=0
FOLD20_PASSIVE_LOWER old=1082 new=6864 macros=22 gathers=0
Q796_HOLE block=22 j=0 touches=0
Q796_HOLE block=22 j=0 touches=0
Q796_HOLE block=22 j=0 touches=0
FOLD20_FULL_STEP_BLOCK block=22 j=0 ops=268350 T=170211 physical=564 PASS
RANK4_LOWER class=4 original_ops=2993 new_ops=2491 symbolic_rank_gates=12 paired_macros=12 conditional_clean=true
FOLD20_T10_RANK4 j=3 last=true low=true old_ops=2993 ops=2491
Q792_JOINT_CODEC held_predicates=7 all_existing_dirty=true restored=true
Q792_JOINT_CODEC held_predicates=7 all_existing_dirty=true restored=true
RANK4_LOWER class=3 original_ops=38569 new_ops=33997 symbolic_rank_gates=512 paired_macros=548 conditional_clean=true
FOLD20_T10_RANK4 j=3 last=false low=true old_ops=38569 ops=33997
FOLD20_PASSIVE_LOWER old=688 new=1138 macros=8 gathers=0
FOLD20_PASSIVE_LOWER old=260 new=664 macros=6 gathers=0
FOLD20_PASSIVE_LOWER old=1082 new=6864 macros=22 gathers=0
Q796_HOLE block=23 j=0 touches=0
Q796_HOLE block=23 j=0 touches=0
Q796_HOLE block=23 j=0 touches=0
FOLD20_FULL_STEP_BLOCK block=23 j=0 ops=269238 T=170641 physical=564 PASS
RANK4_LOWER class=4 original_ops=3097 new_ops=2579 symbolic_rank_gates=12 paired_macros=12 conditional_clean=true
FOLD20_T10_RANK4 j=3 last=true low=true old_ops=3097 ops=2579
Q792_JOINT_CODEC held_predicates=7 all_existing_dirty=true restored=true
Q792_JOINT_CODEC held_predicates=7 all_existing_dirty=true restored=true
RANK4_LOWER class=3 original_ops=38805 new_ops=34197 symbolic_rank_gates=512 paired_macros=548 conditional_clean=true
FOLD20_T10_RANK4 j=3 last=false low=true old_ops=38805 ops=34197
FOLD20_PASSIVE_LOWER old=688 new=1138 macros=8 gathers=0
FOLD20_PASSIVE_LOWER old=260 new=664 macros=6 gathers=0
FOLD20_PASSIVE_LOWER old=1082 new=6864 macros=22 gathers=0
Q796_HOLE block=24 j=0 touches=0
Q796_HOLE block=24 j=0 touches=0
Q796_HOLE block=24 j=0 touches=0
FOLD20_FULL_STEP_BLOCK block=24 j=0 ops=270188 T=171165 physical=564 PASS
RANK4_LOWER class=4 original_ops=3207 new_ops=2673 symbolic_rank_gates=12 paired_macros=12 conditional_clean=true
FOLD20_T10_RANK4 j=3 last=true low=true old_ops=3207 ops=2673
Q792_JOINT_CODEC held_predicates=7 all_existing_dirty=true restored=true
Q792_JOINT_CODEC held_predicates=7 all_existing_dirty=true restored=true
RANK4_LOWER class=3 original_ops=39037 new_ops=34397 symbolic_rank_gates=512 paired_macros=548 conditional_clean=true
FOLD20_T10_RANK4 j=3 last=false low=true old_ops=39037 ops=34397
FOLD20_PASSIVE_LOWER old=688 new=1138 macros=8 gathers=0
FOLD20_PASSIVE_LOWER old=260 new=664 macros=6 gathers=0
FOLD20_PASSIVE_LOWER old=1082 new=6864 macros=22 gathers=0
Q796_HOLE block=25 j=0 touches=0
Q796_HOLE block=25 j=0 touches=0
Q796_HOLE block=25 j=0 touches=0
FOLD20_FULL_STEP_BLOCK block=25 j=0 ops=271036 T=171589 physical=564 PASS
RANK4_LOWER class=4 original_ops=3311 new_ops=2761 symbolic_rank_gates=12 paired_macros=12 conditional_clean=true
FOLD20_T10_RANK4 j=3 last=true low=true old_ops=3311 ops=2761
Q792_JOINT_CODEC held_predicates=7 all_existing_dirty=true restored=true
Q792_JOINT_CODEC held_predicates=7 all_existing_dirty=true restored=true
RANK4_LOWER class=3 original_ops=39265 new_ops=34593 symbolic_rank_gates=512 paired_macros=548 conditional_clean=true
FOLD20_T10_RANK4 j=3 last=false low=true old_ops=39265 ops=34593
FOLD20_PASSIVE_LOWER old=688 new=1138 macros=8 gathers=0
FOLD20_PASSIVE_LOWER old=260 new=664 macros=6 gathers=0
FOLD20_PASSIVE_LOWER old=1082 new=6864 macros=22 gathers=0
Q796_HOLE block=26 j=0 touches=0
Q796_HOLE block=26 j=0 touches=0
Q796_HOLE block=26 j=0 touches=0
FOLD20_FULL_STEP_BLOCK block=26 j=0 ops=271968 T=172099 physical=564 PASS
RANK4_LOWER class=4 original_ops=3437 new_ops=2863 symbolic_rank_gates=12 paired_macros=12 conditional_clean=true
FOLD20_T10_RANK4 j=3 last=true low=true old_ops=3437 ops=2863
Q792_JOINT_CODEC held_predicates=7 all_existing_dirty=true restored=true
Q792_JOINT_CODEC held_predicates=7 all_existing_dirty=true restored=true
RANK4_LOWER class=3 original_ops=39493 new_ops=34797 symbolic_rank_gates=512 paired_macros=548 conditional_clean=true
FOLD20_T10_RANK4 j=3 last=false low=true old_ops=39493 ops=34797
FOLD20_PASSIVE_LOWER old=688 new=1138 macros=8 gathers=0
FOLD20_PASSIVE_LOWER old=260 new=664 macros=6 gathers=0
FOLD20_PASSIVE_LOWER old=1082 new=6864 macros=22 gathers=0
Q796_HOLE block=27 j=0 touches=0
Q796_HOLE block=27 j=0 touches=0
Q796_HOLE block=27 j=0 touches=0
FOLD20_FULL_STEP_BLOCK block=27 j=0 ops=272840 T=172529 physical=564 PASS
RANK4_LOWER class=4 original_ops=3541 new_ops=2951 symbolic_rank_gates=12 paired_macros=12 conditional_clean=true
FOLD20_T10_RANK4 j=3 last=true low=true old_ops=3541 ops=2951
Q792_JOINT_CODEC held_predicates=7 all_existing_dirty=true restored=true
Q792_JOINT_CODEC held_predicates=7 all_existing_dirty=true restored=true
RANK4_LOWER class=3 original_ops=39721 new_ops=34993 symbolic_rank_gates=512 paired_macros=548 conditional_clean=true
FOLD20_T10_RANK4 j=3 last=false low=true old_ops=39721 ops=34993
FOLD20_PASSIVE_LOWER old=688 new=1138 macros=8 gathers=0
FOLD20_PASSIVE_LOWER old=260 new=664 macros=6 gathers=0
FOLD20_PASSIVE_LOWER old=1082 new=6864 macros=22 gathers=0
Q796_HOLE block=28 j=0 touches=0
Q796_HOLE block=28 j=0 touches=0
Q796_HOLE block=28 j=0 touches=0
FOLD20_FULL_STEP_BLOCK block=28 j=0 ops=273782 T=173053 physical=564 PASS
RANK4_LOWER class=4 original_ops=3651 new_ops=3045 symbolic_rank_gates=12 paired_macros=12 conditional_clean=true
FOLD20_T10_RANK4 j=3 last=true low=true old_ops=3651 ops=3045
Q792_JOINT_CODEC held_predicates=7 all_existing_dirty=true restored=true
Q792_JOINT_CODEC held_predicates=7 all_existing_dirty=true restored=true
RANK4_LOWER class=3 original_ops=39945 new_ops=35193 symbolic_rank_gates=512 paired_macros=548 conditional_clean=true
FOLD20_T10_RANK4 j=3 last=false low=true old_ops=39945 ops=35193
FOLD20_PASSIVE_LOWER old=688 new=1138 macros=8 gathers=0
FOLD20_PASSIVE_LOWER old=260 new=664 macros=6 gathers=0
FOLD20_PASSIVE_LOWER old=1082 new=6864 macros=22 gathers=0
Q796_HOLE block=29 j=0 touches=0
Q796_HOLE block=29 j=0 touches=0
Q796_HOLE block=29 j=0 touches=0
FOLD20_FULL_STEP_BLOCK block=29 j=0 ops=274630 T=173477 physical=564 PASS
RANK4_LOWER class=4 original_ops=4113 new_ops=3271 symbolic_rank_gates=48 paired_macros=48 conditional_clean=true
FOLD20_T10_RANK4 j=3 last=true low=true old_ops=4113 ops=3271
Q792_JOINT_CODEC held_predicates=7 all_existing_dirty=true restored=true
Q792_JOINT_CODEC held_predicates=7 all_existing_dirty=true restored=true
RANK4_LOWER class=3 original_ops=41411 new_ops=36085 symbolic_rank_gates=608 paired_macros=634 conditional_clean=true
FOLD20_T10_RANK4 j=3 last=false low=true old_ops=41411 ops=36085
FOLD20_PASSIVE_LOWER old=688 new=1138 macros=8 gathers=0
FOLD20_PASSIVE_LOWER old=260 new=664 macros=6 gathers=0
FOLD20_PASSIVE_LOWER old=1082 new=6864 macros=22 gathers=0
Q796_HOLE block=30 j=0 touches=0
Q796_HOLE block=30 j=0 touches=0
Q796_HOLE block=30 j=0 touches=0
FOLD20_FULL_STEP_BLOCK block=30 j=0 ops=280490 T=176951 physical=564 PASS
RANK4_LOWER class=4 original_ops=4435 new_ops=3427 symbolic_rank_gates=48 paired_macros=62 conditional_clean=true
FOLD20_T10_RANK4 j=3 last=true low=true old_ops=4435 ops=3427
Q792_JOINT_CODEC held_predicates=7 all_existing_dirty=true restored=true
Q792_JOINT_CODEC held_predicates=7 all_existing_dirty=true restored=true
RANK4_LOWER class=3 original_ops=41797 new_ops=36313 symbolic_rank_gates=608 paired_macros=648 conditional_clean=true
FOLD20_T10_RANK4 j=3 last=false low=true old_ops=41797 ops=36313
FOLD20_PASSIVE_LOWER old=688 new=1138 macros=8 gathers=0
FOLD20_PASSIVE_LOWER old=260 new=664 macros=6 gathers=0
FOLD20_PASSIVE_LOWER old=1082 new=6864 macros=22 gathers=0
Q796_HOLE block=31 j=0 touches=0
Q796_HOLE block=31 j=0 touches=0
Q796_HOLE block=31 j=0 touches=0
FOLD20_FULL_STEP_BLOCK block=31 j=0 ops=281678 T=177647 physical=564 PASS
RANK4_LOWER class=4 original_ops=4543 new_ops=3519 symbolic_rank_gates=48 paired_macros=62 conditional_clean=true
FOLD20_T10_RANK4 j=3 last=true low=true old_ops=4543 ops=3519
Q792_JOINT_CODEC held_predicates=7 all_existing_dirty=true restored=true
Q792_JOINT_CODEC held_predicates=7 all_existing_dirty=true restored=true
RANK4_LOWER class=3 original_ops=42005 new_ops=36489 symbolic_rank_gates=608 paired_macros=648 conditional_clean=true
FOLD20_T10_RANK4 j=3 last=false low=true old_ops=42005 ops=36489
FOLD20_PASSIVE_LOWER old=688 new=1138 macros=8 gathers=0
FOLD20_PASSIVE_LOWER old=260 new=664 macros=6 gathers=0
FOLD20_PASSIVE_LOWER old=1082 new=6864 macros=22 gathers=0
Q796_HOLE block=32 j=0 touches=0
Q796_HOLE block=32 j=0 touches=0
Q796_HOLE block=32 j=0 touches=0
FOLD20_FULL_STEP_BLOCK block=32 j=0 ops=282676 T=178177 physical=564 PASS
RANK4_LOWER class=4 original_ops=4653 new_ops=3613 symbolic_rank_gates=48 paired_macros=62 conditional_clean=true
FOLD20_T10_RANK4 j=3 last=true low=true old_ops=4653 ops=3613
Q792_JOINT_CODEC held_predicates=7 all_existing_dirty=true restored=true
Q792_JOINT_CODEC held_predicates=7 all_existing_dirty=true restored=true
RANK4_LOWER class=3 original_ops=42197 new_ops=36657 symbolic_rank_gates=608 paired_macros=648 conditional_clean=true
FOLD20_T10_RANK4 j=3 last=false low=true old_ops=42197 ops=36657
FOLD20_PASSIVE_LOWER old=688 new=1138 macros=8 gathers=0
FOLD20_PASSIVE_LOWER old=260 new=664 macros=6 gathers=0
FOLD20_PASSIVE_LOWER old=1082 new=6864 macros=22 gathers=0
Q796_HOLE block=33 j=0 touches=0
Q796_HOLE block=33 j=0 touches=0
Q796_HOLE block=33 j=0 touches=0
FOLD20_FULL_STEP_BLOCK block=33 j=0 ops=283526 T=178599 physical=564 PASS
RANK4_LOWER class=4 original_ops=4761 new_ops=3705 symbolic_rank_gates=48 paired_macros=62 conditional_clean=true
FOLD20_T10_RANK4 j=3 last=true low=true old_ops=4761 ops=3705
Q792_JOINT_CODEC held_predicates=7 all_existing_dirty=true restored=true
Q792_JOINT_CODEC held_predicates=7 all_existing_dirty=true restored=true
RANK4_LOWER class=3 original_ops=42469 new_ops=36881 symbolic_rank_gates=608 paired_macros=648 conditional_clean=true
FOLD20_T10_RANK4 j=3 last=false low=true old_ops=42469 ops=36881
FOLD20_PASSIVE_LOWER old=688 new=1138 macros=8 gathers=0
FOLD20_PASSIVE_LOWER old=260 new=664 macros=6 gathers=0
FOLD20_PASSIVE_LOWER old=1082 new=6864 macros=22 gathers=0
Q796_HOLE block=34 j=0 touches=0
Q796_HOLE block=34 j=0 touches=0
Q796_HOLE block=34 j=0 touches=0
FOLD20_FULL_STEP_BLOCK block=34 j=0 ops=284408 T=179053 physical=564 PASS
RANK4_LOWER class=4 original_ops=4887 new_ops=3807 symbolic_rank_gates=48 paired_macros=62 conditional_clean=true
FOLD20_T10_RANK4 j=3 last=true low=true old_ops=4887 ops=3807
Q792_JOINT_CODEC held_predicates=7 all_existing_dirty=true restored=true
Q792_JOINT_CODEC held_predicates=7 all_existing_dirty=true restored=true
RANK4_LOWER class=3 original_ops=42681 new_ops=37069 symbolic_rank_gates=608 paired_macros=648 conditional_clean=true
FOLD20_T10_RANK4 j=3 last=false low=true old_ops=42681 ops=37069
FOLD20_PASSIVE_LOWER old=688 new=1138 macros=8 gathers=0
FOLD20_PASSIVE_LOWER old=260 new=664 macros=6 gathers=0
FOLD20_PASSIVE_LOWER old=1082 new=6864 macros=22 gathers=0
Q796_HOLE block=35 j=0 touches=0
Q796_HOLE block=35 j=0 touches=0
Q796_HOLE block=35 j=0 touches=0
FOLD20_FULL_STEP_BLOCK block=35 j=0 ops=285144 T=179389 physical=564 PASS
RANK4_LOWER class=4 original_ops=4991 new_ops=3895 symbolic_rank_gates=48 paired_macros=62 conditional_clean=true
FOLD20_T10_RANK4 j=3 last=true low=true old_ops=4991 ops=3895
Q792_JOINT_CODEC held_predicates=7 all_existing_dirty=true restored=true
Q792_JOINT_CODEC held_predicates=7 all_existing_dirty=true restored=true
RANK4_LOWER class=3 original_ops=42893 new_ops=37249 symbolic_rank_gates=608 paired_macros=648 conditional_clean=true
FOLD20_T10_RANK4 j=3 last=false low=true old_ops=42893 ops=37249
FOLD20_PASSIVE_LOWER old=688 new=1138 macros=8 gathers=0
FOLD20_PASSIVE_LOWER old=260 new=664 macros=6 gathers=0
FOLD20_PASSIVE_LOWER old=1082 new=6864 macros=22 gathers=0
Q796_HOLE block=36 j=0 touches=0
Q796_HOLE block=36 j=0 touches=0
Q796_HOLE block=36 j=0 touches=0
FOLD20_FULL_STEP_BLOCK block=36 j=0 ops=285822 T=179745 physical=564 PASS
RANK4_LOWER class=4 original_ops=5101 new_ops=3989 symbolic_rank_gates=48 paired_macros=62 conditional_clean=true
FOLD20_T10_RANK4 j=3 last=true low=true old_ops=5101 ops=3989
Q792_JOINT_CODEC held_predicates=7 all_existing_dirty=true restored=true
Q792_JOINT_CODEC held_predicates=7 all_existing_dirty=true restored=true
RANK4_LOWER class=3 original_ops=43101 new_ops=37433 symbolic_rank_gates=608 paired_macros=648 conditional_clean=true
FOLD20_T10_RANK4 j=3 last=false low=true old_ops=43101 ops=37433
FOLD20_PASSIVE_LOWER old=688 new=1138 macros=8 gathers=0
FOLD20_PASSIVE_LOWER old=260 new=664 macros=6 gathers=0
FOLD20_PASSIVE_LOWER old=1082 new=6864 macros=22 gathers=0
Q796_HOLE block=37 j=0 touches=0
Q796_HOLE block=37 j=0 touches=0
Q796_HOLE block=37 j=0 touches=0
FOLD20_FULL_STEP_BLOCK block=37 j=0 ops=286606 T=180127 physical=564 PASS
RANK4_LOWER class=4 original_ops=5217 new_ops=4085 symbolic_rank_gates=48 paired_macros=62 conditional_clean=true
FOLD20_T10_RANK4 j=3 last=true low=true old_ops=5217 ops=4085
Q792_JOINT_CODEC held_predicates=7 all_existing_dirty=true restored=true
Q792_JOINT_CODEC held_predicates=7 all_existing_dirty=true restored=true
RANK4_LOWER class=3 original_ops=43485 new_ops=37737 symbolic_rank_gates=608 paired_macros=648 conditional_clean=true
FOLD20_T10_RANK4 j=3 last=false low=true old_ops=43485 ops=37737
FOLD20_PASSIVE_LOWER old=688 new=1138 macros=8 gathers=0
FOLD20_PASSIVE_LOWER old=260 new=664 macros=6 gathers=0
FOLD20_PASSIVE_LOWER old=1082 new=6864 macros=22 gathers=0
Q796_HOLE block=38 j=0 touches=0
Q796_HOLE block=38 j=0 touches=0
Q796_HOLE block=38 j=0 touches=0
FOLD20_FULL_STEP_BLOCK block=38 j=0 ops=287506 T=180595 physical=564 PASS
RANK4_LOWER class=4 original_ops=5347 new_ops=4191 symbolic_rank_gates=48 paired_macros=62 conditional_clean=true
FOLD20_T10_RANK4 j=3 last=true low=true old_ops=5347 ops=4191
Q792_JOINT_CODEC held_predicates=7 all_existing_dirty=true restored=true
Q792_JOINT_CODEC held_predicates=7 all_existing_dirty=true restored=true
RANK4_LOWER class=3 original_ops=43717 new_ops=37945 symbolic_rank_gates=608 paired_macros=648 conditional_clean=true
FOLD20_T10_RANK4 j=3 last=false low=true old_ops=43717 ops=37945
FOLD20_PASSIVE_LOWER old=688 new=1138 macros=8 gathers=0
FOLD20_PASSIVE_LOWER old=260 new=664 macros=6 gathers=0
FOLD20_PASSIVE_LOWER old=1082 new=6864 macros=22 gathers=0
Q796_HOLE block=39 j=0 touches=0
Q796_HOLE block=39 j=0 touches=0
Q796_HOLE block=39 j=0 touches=0
FOLD20_FULL_STEP_BLOCK block=39 j=0 ops=288276 T=180943 physical=564 PASS
RANK4_LOWER class=4 original_ops=5451 new_ops=4279 symbolic_rank_gates=48 paired_macros=62 conditional_clean=true
FOLD20_T10_RANK4 j=3 last=true low=true old_ops=5451 ops=4279
Q792_JOINT_CODEC held_predicates=7 all_existing_dirty=true restored=true
Q792_JOINT_CODEC held_predicates=7 all_existing_dirty=true restored=true
RANK4_LOWER class=3 original_ops=43953 new_ops=38141 symbolic_rank_gates=608 paired_macros=648 conditional_clean=true
FOLD20_T10_RANK4 j=3 last=false low=true old_ops=43953 ops=38141
FOLD20_PASSIVE_LOWER old=688 new=1138 macros=8 gathers=0
FOLD20_PASSIVE_LOWER old=260 new=664 macros=6 gathers=0
FOLD20_PASSIVE_LOWER old=1082 new=6864 macros=22 gathers=0
Q796_HOLE block=40 j=0 touches=0
Q796_HOLE block=40 j=0 touches=0
Q796_HOLE block=40 j=0 touches=0
FOLD20_FULL_STEP_BLOCK block=40 j=0 ops=289006 T=181321 physical=564 PASS
RANK4_LOWER class=4 original_ops=5561 new_ops=4373 symbolic_rank_gates=48 paired_macros=62 conditional_clean=true
FOLD20_T10_RANK4 j=3 last=true low=true old_ops=5561 ops=4373
Q792_JOINT_CODEC held_predicates=7 all_existing_dirty=true restored=true
Q792_JOINT_CODEC held_predicates=7 all_existing_dirty=true restored=true
RANK4_LOWER class=3 original_ops=44185 new_ops=38341 symbolic_rank_gates=608 paired_macros=648 conditional_clean=true
FOLD20_T10_RANK4 j=3 last=false low=true old_ops=44185 ops=38341
FOLD20_PASSIVE_LOWER old=688 new=1138 macros=8 gathers=0
FOLD20_PASSIVE_LOWER old=260 new=664 macros=6 gathers=0
FOLD20_PASSIVE_LOWER old=1082 new=6864 macros=22 gathers=0
Q796_HOLE block=41 j=0 touches=0
Q796_HOLE block=41 j=0 touches=0
Q796_HOLE block=41 j=0 touches=0
FOLD20_FULL_STEP_BLOCK block=41 j=0 ops=289820 T=181719 physical=564 PASS
RANK4_LOWER class=4 original_ops=5665 new_ops=4461 symbolic_rank_gates=48 paired_macros=62 conditional_clean=true
FOLD20_T10_RANK4 j=3 last=true low=true old_ops=5665 ops=4461
Q792_JOINT_CODEC held_predicates=7 all_existing_dirty=true restored=true
Q792_JOINT_CODEC held_predicates=7 all_existing_dirty=true restored=true
RANK4_LOWER class=3 original_ops=44413 new_ops=38537 symbolic_rank_gates=608 paired_macros=648 conditional_clean=true
FOLD20_T10_RANK4 j=3 last=false low=true old_ops=44413 ops=38537
FOLD20_PASSIVE_LOWER old=688 new=1138 macros=8 gathers=0
FOLD20_PASSIVE_LOWER old=260 new=664 macros=6 gathers=0
FOLD20_PASSIVE_LOWER old=1082 new=6864 macros=22 gathers=0
Q796_HOLE block=42 j=0 touches=0
Q796_HOLE block=42 j=0 touches=0
Q796_HOLE block=42 j=0 touches=0
FOLD20_FULL_STEP_BLOCK block=42 j=0 ops=290548 T=182095 physical=564 PASS
RANK4_LOWER class=4 original_ops=5791 new_ops=4563 symbolic_rank_gates=48 paired_macros=62 conditional_clean=true
FOLD20_T10_RANK4 j=3 last=true low=true old_ops=5791 ops=4563
Q792_JOINT_CODEC held_predicates=7 all_existing_dirty=true restored=true
Q792_JOINT_CODEC held_predicates=7 all_existing_dirty=true restored=true
RANK4_LOWER class=3 original_ops=44641 new_ops=38741 symbolic_rank_gates=608 paired_macros=648 conditional_clean=true
FOLD20_T10_RANK4 j=3 last=false low=true old_ops=44641 ops=38741
FOLD20_PASSIVE_LOWER old=688 new=1138 macros=8 gathers=0
FOLD20_PASSIVE_LOWER old=260 new=664 macros=6 gathers=0
FOLD20_PASSIVE_LOWER old=1082 new=6864 macros=22 gathers=0
Q796_HOLE block=43 j=0 touches=0
Q796_HOLE block=43 j=0 touches=0
Q796_HOLE block=43 j=0 touches=0
FOLD20_FULL_STEP_BLOCK block=43 j=0 ops=291164 T=182365 physical=564 PASS
RANK4_LOWER class=4 original_ops=5895 new_ops=4651 symbolic_rank_gates=48 paired_macros=62 conditional_clean=true
FOLD20_T10_RANK4 j=3 last=true low=true old_ops=5895 ops=4651
Q792_JOINT_CODEC held_predicates=7 all_existing_dirty=true restored=true
Q792_JOINT_CODEC held_predicates=7 all_existing_dirty=true restored=true
RANK4_LOWER class=3 original_ops=44869 new_ops=38937 symbolic_rank_gates=608 paired_macros=648 conditional_clean=true
FOLD20_T10_RANK4 j=3 last=false low=true old_ops=44869 ops=38937
FOLD20_PASSIVE_LOWER old=688 new=1138 macros=8 gathers=0
FOLD20_PASSIVE_LOWER old=260 new=664 macros=6 gathers=0
FOLD20_PASSIVE_LOWER old=1082 new=6864 macros=22 gathers=0
Q796_HOLE block=44 j=0 touches=0
Q796_HOLE block=44 j=0 touches=0
Q796_HOLE block=44 j=0 touches=0
FOLD20_FULL_STEP_BLOCK block=44 j=0 ops=291972 T=182793 physical=564 PASS
RANK4_LOWER class=4 original_ops=6005 new_ops=4745 symbolic_rank_gates=48 paired_macros=62 conditional_clean=true
FOLD20_T10_RANK4 j=3 last=true low=true old_ops=6005 ops=4745
Q792_JOINT_CODEC held_predicates=7 all_existing_dirty=true restored=true
Q792_JOINT_CODEC held_predicates=7 all_existing_dirty=true restored=true
RANK4_LOWER class=3 original_ops=45093 new_ops=39137 symbolic_rank_gates=608 paired_macros=648 conditional_clean=true
FOLD20_T10_RANK4 j=3 last=false low=true old_ops=45093 ops=39137
FOLD20_PASSIVE_LOWER old=688 new=1138 macros=8 gathers=0
FOLD20_PASSIVE_LOWER old=260 new=664 macros=6 gathers=0
FOLD20_PASSIVE_LOWER old=1082 new=6864 macros=22 gathers=0
Q796_HOLE block=45 j=0 touches=0
Q796_HOLE block=45 j=0 touches=0
Q796_HOLE block=45 j=0 touches=0
FOLD20_FULL_STEP_BLOCK block=45 j=0 ops=292626 T=183085 physical=564 PASS
RANK4_LOWER class=4 original_ops=6145 new_ops=4857 symbolic_rank_gates=48 paired_macros=62 conditional_clean=true
FOLD20_T10_RANK4 j=3 last=true low=true old_ops=6145 ops=4857
Q792_JOINT_CODEC held_predicates=7 all_existing_dirty=true restored=true
Q792_JOINT_CODEC held_predicates=7 all_existing_dirty=true restored=true
RANK4_LOWER class=3 original_ops=45685 new_ops=39585 symbolic_rank_gates=608 paired_macros=648 conditional_clean=true
FOLD20_T10_RANK4 j=3 last=false low=true old_ops=45685 ops=39585
FOLD20_PASSIVE_LOWER old=688 new=1138 macros=8 gathers=0
FOLD20_PASSIVE_LOWER old=260 new=664 macros=6 gathers=0
FOLD20_PASSIVE_LOWER old=1082 new=6864 macros=22 gathers=0
Q796_HOLE block=46 j=0 touches=0
Q796_HOLE block=46 j=0 touches=0
Q796_HOLE block=46 j=0 touches=0
FOLD20_FULL_STEP_BLOCK block=46 j=0 ops=294054 T=183851 physical=564 PASS
RANK4_LOWER class=4 original_ops=6287 new_ops=4975 symbolic_rank_gates=48 paired_macros=62 conditional_clean=true
FOLD20_T10_RANK4 j=3 last=true low=true old_ops=6287 ops=4975
Q792_JOINT_CODEC held_predicates=7 all_existing_dirty=true restored=true
Q792_JOINT_CODEC held_predicates=7 all_existing_dirty=true restored=true
RANK4_LOWER class=3 original_ops=45937 new_ops=39813 symbolic_rank_gates=608 paired_macros=648 conditional_clean=true
FOLD20_T10_RANK4 j=3 last=false low=true old_ops=45937 ops=39813
FOLD20_PASSIVE_LOWER old=688 new=1138 macros=8 gathers=0
FOLD20_PASSIVE_LOWER old=260 new=664 macros=6 gathers=0
FOLD20_PASSIVE_LOWER old=1082 new=6864 macros=22 gathers=0
Q796_HOLE block=47 j=0 touches=0
Q796_HOLE block=47 j=0 touches=0
Q796_HOLE block=47 j=0 touches=0
FOLD20_FULL_STEP_BLOCK block=47 j=0 ops=294778 T=184163 physical=564 PASS
RANK4_LOWER class=4 original_ops=6391 new_ops=5063 symbolic_rank_gates=48 paired_macros=62 conditional_clean=true
FOLD20_T10_RANK4 j=3 last=true low=true old_ops=6391 ops=5063
Q792_JOINT_CODEC held_predicates=7 all_existing_dirty=true restored=true
Q792_JOINT_CODEC held_predicates=7 all_existing_dirty=true restored=true
RANK4_LOWER class=3 original_ops=46197 new_ops=40025 symbolic_rank_gates=608 paired_macros=648 conditional_clean=true
FOLD20_T10_RANK4 j=3 last=false low=true old_ops=46197 ops=40025
FOLD20_PASSIVE_LOWER old=688 new=1138 macros=8 gathers=0
FOLD20_PASSIVE_LOWER old=260 new=664 macros=6 gathers=0
FOLD20_PASSIVE_LOWER old=1082 new=6864 macros=22 gathers=0
Q796_HOLE block=48 j=0 touches=0
Q796_HOLE block=48 j=0 touches=0
Q796_HOLE block=48 j=0 touches=0
FOLD20_FULL_STEP_BLOCK block=48 j=0 ops=295600 T=184585 physical=564 PASS
RANK4_LOWER class=4 original_ops=6501 new_ops=5157 symbolic_rank_gates=48 paired_macros=62 conditional_clean=true
FOLD20_T10_RANK4 j=3 last=true low=true old_ops=6501 ops=5157
Q792_JOINT_CODEC held_predicates=7 all_existing_dirty=true restored=true
Q792_JOINT_CODEC held_predicates=7 all_existing_dirty=true restored=true
RANK4_LOWER class=3 original_ops=46453 new_ops=40241 symbolic_rank_gates=608 paired_macros=648 conditional_clean=true
FOLD20_T10_RANK4 j=3 last=false low=true old_ops=46453 ops=40241
FOLD20_PASSIVE_LOWER old=688 new=1138 macros=8 gathers=0
FOLD20_PASSIVE_LOWER old=260 new=664 macros=6 gathers=0
FOLD20_PASSIVE_LOWER old=1082 new=6864 macros=22 gathers=0
Q796_HOLE block=49 j=0 touches=0
Q796_HOLE block=49 j=0 touches=0
Q796_HOLE block=49 j=0 touches=0
FOLD20_FULL_STEP_BLOCK block=49 j=0 ops=296272 T=184887 physical=564 PASS
RANK4_LOWER class=4 original_ops=6605 new_ops=5245 symbolic_rank_gates=48 paired_macros=62 conditional_clean=true
FOLD20_T10_RANK4 j=3 last=true low=true old_ops=6605 ops=5245
Q792_JOINT_CODEC held_predicates=7 all_existing_dirty=true restored=true
Q792_JOINT_CODEC held_predicates=7 all_existing_dirty=true restored=true
RANK4_LOWER class=3 original_ops=46705 new_ops=40453 symbolic_rank_gates=608 paired_macros=648 conditional_clean=true
FOLD20_T10_RANK4 j=3 last=false low=true old_ops=46705 ops=40453
FOLD20_PASSIVE_LOWER old=688 new=1138 macros=8 gathers=0
FOLD20_PASSIVE_LOWER old=260 new=664 macros=6 gathers=0
FOLD20_PASSIVE_LOWER old=1082 new=6864 macros=22 gathers=0
Q796_HOLE block=50 j=0 touches=0
Q796_HOLE block=50 j=0 touches=0
Q796_HOLE block=50 j=0 touches=0
FOLD20_FULL_STEP_BLOCK block=50 j=0 ops=297238 T=185401 physical=564 PASS
RANK4_LOWER class=4 original_ops=6739 new_ops=5351 symbolic_rank_gates=48 paired_macros=62 conditional_clean=true
FOLD20_T10_RANK4 j=3 last=true low=true old_ops=6739 ops=5351
Q792_JOINT_CODEC held_predicates=7 all_existing_dirty=true restored=true
Q792_JOINT_CODEC held_predicates=7 all_existing_dirty=true restored=true
RANK4_LOWER class=3 original_ops=46957 new_ops=40673 symbolic_rank_gates=608 paired_macros=648 conditional_clean=true
FOLD20_T10_RANK4 j=3 last=false low=true old_ops=46957 ops=40673
FOLD20_PASSIVE_LOWER old=688 new=1138 macros=8 gathers=0
FOLD20_PASSIVE_LOWER old=260 new=664 macros=6 gathers=0
FOLD20_PASSIVE_LOWER old=1082 new=6864 macros=22 gathers=0
Q796_HOLE block=51 j=0 touches=0
Q796_HOLE block=51 j=0 touches=0
Q796_HOLE block=51 j=0 touches=0
FOLD20_FULL_STEP_BLOCK block=51 j=0 ops=297942 T=185719 physical=564 PASS
RANK4_LOWER class=4 original_ops=6843 new_ops=5439 symbolic_rank_gates=48 paired_macros=62 conditional_clean=true
FOLD20_T10_RANK4 j=3 last=true low=true old_ops=6843 ops=5439
Q792_JOINT_CODEC held_predicates=7 all_existing_dirty=true restored=true
Q792_JOINT_CODEC held_predicates=7 all_existing_dirty=true restored=true
RANK4_LOWER class=3 original_ops=47209 new_ops=40885 symbolic_rank_gates=608 paired_macros=648 conditional_clean=true
FOLD20_T10_RANK4 j=3 last=false low=true old_ops=47209 ops=40885
FOLD20_PASSIVE_LOWER old=688 new=1138 macros=8 gathers=0
FOLD20_PASSIVE_LOWER old=260 new=664 macros=6 gathers=0
FOLD20_PASSIVE_LOWER old=1082 new=6864 macros=22 gathers=0
Q796_HOLE block=52 j=0 touches=0
Q796_HOLE block=52 j=0 touches=0
Q796_HOLE block=52 j=0 touches=0
FOLD20_FULL_STEP_BLOCK block=52 j=0 ops=298766 T=186151 physical=564 PASS
RANK4_LOWER class=4 original_ops=6953 new_ops=5533 symbolic_rank_gates=48 paired_macros=62 conditional_clean=true
FOLD20_T10_RANK4 j=3 last=true low=true old_ops=6953 ops=5533
Q792_JOINT_CODEC held_predicates=7 all_existing_dirty=true restored=true
Q792_JOINT_CODEC held_predicates=7 all_existing_dirty=true restored=true
RANK4_LOWER class=3 original_ops=47457 new_ops=41103 symbolic_rank_gates=608 paired_macros=648 conditional_clean=true
FOLD20_T10_RANK4 j=3 last=false low=true old_ops=47457 ops=41103
FOLD20_PASSIVE_LOWER old=688 new=1138 macros=8 gathers=0
FOLD20_PASSIVE_LOWER old=260 new=664 macros=6 gathers=0
FOLD20_PASSIVE_LOWER old=1082 new=6864 macros=22 gathers=0
Q796_HOLE block=53 j=0 touches=0
Q796_HOLE block=53 j=0 touches=0
Q796_HOLE block=53 j=0 touches=0
FOLD20_FULL_STEP_BLOCK block=53 j=0 ops=299402 T=186431 physical=564 PASS
RANK4_LOWER class=4 original_ops=7057 new_ops=5621 symbolic_rank_gates=48 paired_macros=62 conditional_clean=true
FOLD20_T10_RANK4 j=3 last=true low=true old_ops=7057 ops=5621
Q792_JOINT_CODEC held_predicates=7 all_existing_dirty=true restored=true
Q792_JOINT_CODEC held_predicates=7 all_existing_dirty=true restored=true
RANK4_LOWER class=3 original_ops=47701 new_ops=41315 symbolic_rank_gates=608 paired_macros=648 conditional_clean=true
FOLD20_T10_RANK4 j=3 last=false low=true old_ops=47701 ops=41315
FOLD20_PASSIVE_LOWER old=688 new=1138 macros=8 gathers=0
FOLD20_PASSIVE_LOWER old=260 new=664 macros=6 gathers=0
FOLD20_PASSIVE_LOWER old=1082 new=6864 macros=22 gathers=0
Q796_HOLE block=54 j=0 touches=0
Q796_HOLE block=54 j=0 touches=0
Q796_HOLE block=54 j=0 touches=0
FOLD20_FULL_STEP_BLOCK block=54 j=0 ops=300294 T=186931 physical=564 PASS
RANK4_LOWER class=4 original_ops=7191 new_ops=5731 symbolic_rank_gates=48 paired_macros=62 conditional_clean=true
FOLD20_T10_RANK4 j=3 last=true low=true old_ops=7191 ops=5731
Q792_JOINT_CODEC held_predicates=7 all_existing_dirty=true restored=true
Q792_JOINT_CODEC held_predicates=7 all_existing_dirty=true restored=true
RANK4_LOWER class=3 original_ops=47949 new_ops=41539 symbolic_rank_gates=608 paired_macros=648 conditional_clean=true
FOLD20_T10_RANK4 j=3 last=false low=true old_ops=47949 ops=41539
FOLD20_PASSIVE_LOWER old=688 new=1138 macros=8 gathers=0
FOLD20_PASSIVE_LOWER old=260 new=664 macros=6 gathers=0
FOLD20_PASSIVE_LOWER old=1082 new=6864 macros=22 gathers=0
Q796_HOLE block=55 j=0 touches=0
Q796_HOLE block=55 j=0 touches=0
Q796_HOLE block=55 j=0 touches=0
FOLD20_FULL_STEP_BLOCK block=55 j=0 ops=300998 T=187243 physical=564 PASS
RANK4_LOWER class=4 original_ops=7295 new_ops=5819 symbolic_rank_gates=48 paired_macros=62 conditional_clean=true
FOLD20_T10_RANK4 j=3 last=true low=true old_ops=7295 ops=5819
Q792_JOINT_CODEC held_predicates=7 all_existing_dirty=true restored=true
Q792_JOINT_CODEC held_predicates=7 all_existing_dirty=true restored=true
RANK4_LOWER class=3 original_ops=48201 new_ops=41751 symbolic_rank_gates=608 paired_macros=648 conditional_clean=true
FOLD20_T10_RANK4 j=3 last=false low=true old_ops=48201 ops=41751
FOLD20_PASSIVE_LOWER old=688 new=1138 macros=8 gathers=0
FOLD20_PASSIVE_LOWER old=260 new=664 macros=6 gathers=0
FOLD20_PASSIVE_LOWER old=1082 new=6864 macros=22 gathers=0
Q796_HOLE block=56 j=0 touches=0
Q796_HOLE block=56 j=0 touches=0
Q796_HOLE block=56 j=0 touches=0
FOLD20_FULL_STEP_BLOCK block=56 j=0 ops=301858 T=187693 physical=564 PASS
RANK4_LOWER class=4 original_ops=7405 new_ops=5913 symbolic_rank_gates=48 paired_macros=62 conditional_clean=true
FOLD20_T10_RANK4 j=3 last=true low=true old_ops=7405 ops=5913
Q792_JOINT_CODEC held_predicates=7 all_existing_dirty=true restored=true
Q792_JOINT_CODEC held_predicates=7 all_existing_dirty=true restored=true
RANK4_LOWER class=3 original_ops=48449 new_ops=41967 symbolic_rank_gates=608 paired_macros=648 conditional_clean=true
FOLD20_T10_RANK4 j=3 last=false low=true old_ops=48449 ops=41967
FOLD20_PASSIVE_LOWER old=688 new=1138 macros=8 gathers=0
FOLD20_PASSIVE_LOWER old=260 new=664 macros=6 gathers=0
FOLD20_PASSIVE_LOWER old=1082 new=6864 macros=22 gathers=0
Q796_HOLE block=57 j=0 touches=0
Q796_HOLE block=57 j=0 touches=0
Q796_HOLE block=57 j=0 touches=0
FOLD20_FULL_STEP_BLOCK block=57 j=0 ops=302532 T=187995 physical=564 PASS
RANK4_LOWER class=4 original_ops=7509 new_ops=6001 symbolic_rank_gates=48 paired_macros=62 conditional_clean=true
FOLD20_T10_RANK4 j=3 last=true low=true old_ops=7509 ops=6001
Q792_JOINT_CODEC held_predicates=7 all_existing_dirty=true restored=true
Q792_JOINT_CODEC held_predicates=7 all_existing_dirty=true restored=true
RANK4_LOWER class=3 original_ops=48693 new_ops=42179 symbolic_rank_gates=608 paired_macros=648 conditional_clean=true
FOLD20_T10_RANK4 j=3 last=false low=true old_ops=48693 ops=42179
FOLD20_PASSIVE_LOWER old=688 new=1138 macros=8 gathers=0
FOLD20_PASSIVE_LOWER old=260 new=664 macros=6 gathers=0
FOLD20_PASSIVE_LOWER old=1082 new=6864 macros=22 gathers=0
Q796_HOLE block=58 j=0 touches=0
Q796_HOLE block=58 j=0 touches=0
Q796_HOLE block=58 j=0 touches=0
FOLD20_FULL_STEP_BLOCK block=58 j=0 ops=303482 T=188509 physical=564 PASS
RANK4_LOWER class=4 original_ops=7639 new_ops=6107 symbolic_rank_gates=48 paired_macros=62 conditional_clean=true
FOLD20_T10_RANK4 j=3 last=true low=true old_ops=7639 ops=6107
Q792_JOINT_CODEC held_predicates=7 all_existing_dirty=true restored=true
Q792_JOINT_CODEC held_predicates=7 all_existing_dirty=true restored=true
RANK4_LOWER class=3 original_ops=48937 new_ops=42399 symbolic_rank_gates=608 paired_macros=648 conditional_clean=true
FOLD20_T10_RANK4 j=3 last=false low=true old_ops=48937 ops=42399
FOLD20_PASSIVE_LOWER old=688 new=1138 macros=8 gathers=0
FOLD20_PASSIVE_LOWER old=260 new=664 macros=6 gathers=0
FOLD20_PASSIVE_LOWER old=1082 new=6864 macros=22 gathers=0
Q796_HOLE block=59 j=0 touches=0
Q796_HOLE block=59 j=0 touches=0
Q796_HOLE block=59 j=0 touches=0
FOLD20_FULL_STEP_BLOCK block=59 j=0 ops=304138 T=188799 physical=564 PASS
RANK4_LOWER class=4 original_ops=7743 new_ops=6195 symbolic_rank_gates=48 paired_macros=62 conditional_clean=true
FOLD20_T10_RANK4 j=3 last=true low=true old_ops=7743 ops=6195
Q792_JOINT_CODEC held_predicates=7 all_existing_dirty=true restored=true
Q792_JOINT_CODEC held_predicates=7 all_existing_dirty=true restored=true
RANK4_LOWER class=3 original_ops=49181 new_ops=42615 symbolic_rank_gates=608 paired_macros=648 conditional_clean=true
FOLD20_T10_RANK4 j=3 last=false low=true old_ops=49181 ops=42615
FOLD20_PASSIVE_LOWER old=688 new=1138 macros=8 gathers=0
FOLD20_PASSIVE_LOWER old=260 new=664 macros=6 gathers=0
FOLD20_PASSIVE_LOWER old=1082 new=6864 macros=22 gathers=0
Q796_HOLE block=60 j=0 touches=0
Q796_HOLE block=60 j=0 touches=0
Q796_HOLE block=60 j=0 touches=0
FOLD20_FULL_STEP_BLOCK block=60 j=0 ops=304980 T=189243 physical=564 PASS
RANK4_LOWER class=4 original_ops=7853 new_ops=6289 symbolic_rank_gates=48 paired_macros=62 conditional_clean=true
FOLD20_T10_RANK4 j=3 last=true low=true old_ops=7853 ops=6289
Q792_JOINT_CODEC held_predicates=7 all_existing_dirty=true restored=true
Q792_JOINT_CODEC held_predicates=7 all_existing_dirty=true restored=true
RANK4_LOWER class=3 original_ops=49421 new_ops=42855 symbolic_rank_gates=608 paired_macros=648 conditional_clean=true
FOLD20_T10_RANK4 j=3 last=false low=true old_ops=49421 ops=42855
FOLD20_PASSIVE_LOWER old=688 new=1138 macros=8 gathers=0
FOLD20_PASSIVE_LOWER old=260 new=664 macros=6 gathers=0
FOLD20_PASSIVE_LOWER old=1082 new=6864 macros=22 gathers=0
Q796_HOLE block=61 j=0 touches=0
Q796_HOLE block=61 j=0 touches=0
Q796_HOLE block=61 j=0 touches=0
FOLD20_FULL_STEP_BLOCK block=61 j=0 ops=305666 T=189551 physical=564 PASS
RANK4_LOWER class=4 original_ops=8209 new_ops=6425 symbolic_rank_gates=84 paired_macros=92 conditional_clean=true
FOLD20_T10_RANK4 j=3 last=true low=true old_ops=8209 ops=6425
Q792_JOINT_CODEC held_predicates=7 all_existing_dirty=true restored=true
Q792_JOINT_CODEC held_predicates=7 all_existing_dirty=true restored=true
RANK4_LOWER class=3 original_ops=50329 new_ops=43247 symbolic_rank_gates=704 paired_macros=728 conditional_clean=true
FOLD20_T10_RANK4 j=3 last=false low=true old_ops=50329 ops=43247
FOLD20_PASSIVE_LOWER old=688 new=1138 macros=8 gathers=0
FOLD20_PASSIVE_LOWER old=260 new=664 macros=6 gathers=0
FOLD20_PASSIVE_LOWER old=1082 new=6864 macros=22 gathers=0
Q796_HOLE block=62 j=0 touches=0
Q796_HOLE block=62 j=0 touches=0
Q796_HOLE block=62 j=0 touches=0
FOLD20_FULL_STEP_BLOCK block=62 j=0 ops=307276 T=190717 physical=564 PASS
RANK4_LOWER class=4 original_ops=8557 new_ops=6575 symbolic_rank_gates=84 paired_macros=106 conditional_clean=true
FOLD20_T10_RANK4 j=3 last=true low=true old_ops=8557 ops=6575
Q792_JOINT_CODEC held_predicates=7 all_existing_dirty=true restored=true
Q792_JOINT_CODEC held_predicates=7 all_existing_dirty=true restored=true
RANK4_LOWER class=3 original_ops=50741 new_ops=43491 symbolic_rank_gates=704 paired_macros=742 conditional_clean=true
FOLD20_T10_RANK4 j=3 last=false low=true old_ops=50741 ops=43491
FOLD20_PASSIVE_LOWER old=688 new=1138 macros=8 gathers=0
FOLD20_PASSIVE_LOWER old=260 new=664 macros=6 gathers=0
FOLD20_PASSIVE_LOWER old=1082 new=6864 macros=22 gathers=0
Q796_HOLE block=63 j=0 touches=0
Q796_HOLE block=63 j=0 touches=0
Q796_HOLE block=63 j=0 touches=0
FOLD20_FULL_STEP_BLOCK block=63 j=0 ops=308212 T=191235 physical=564 PASS
RANK4_LOWER class=4 original_ops=8665 new_ops=6667 symbolic_rank_gates=84 paired_macros=106 conditional_clean=true
FOLD20_T10_RANK4 j=3 last=true low=true old_ops=8665 ops=6667
Q792_JOINT_CODEC held_predicates=7 all_existing_dirty=true restored=true
Q792_JOINT_CODEC held_predicates=7 all_existing_dirty=true restored=true
RANK4_LOWER class=3 original_ops=50949 new_ops=43687 symbolic_rank_gates=704 paired_macros=742 conditional_clean=true
FOLD20_T10_RANK4 j=3 last=false low=true old_ops=50949 ops=43687
FOLD20_PASSIVE_LOWER old=688 new=1138 macros=8 gathers=0
FOLD20_PASSIVE_LOWER old=260 new=664 macros=6 gathers=0
FOLD20_PASSIVE_LOWER old=1082 new=6864 macros=22 gathers=0
Q796_HOLE block=64 j=0 touches=0
Q796_HOLE block=64 j=0 touches=0
Q796_HOLE block=64 j=0 touches=0
FOLD20_FULL_STEP_BLOCK block=64 j=0 ops=309024 T=191639 physical=564 PASS
RANK4_LOWER class=4 original_ops=8775 new_ops=6761 symbolic_rank_gates=84 paired_macros=106 conditional_clean=true
FOLD20_T10_RANK4 j=3 last=true low=true old_ops=8775 ops=6761
Q792_JOINT_CODEC held_predicates=7 all_existing_dirty=true restored=true
Q792_JOINT_CODEC held_predicates=7 all_existing_dirty=true restored=true
RANK4_LOWER class=3 original_ops=51141 new_ops=43879 symbolic_rank_gates=704 paired_macros=742 conditional_clean=true
FOLD20_T10_RANK4 j=3 last=false low=true old_ops=51141 ops=43879
FOLD20_PASSIVE_LOWER old=688 new=1138 macros=8 gathers=0
FOLD20_PASSIVE_LOWER old=260 new=664 macros=6 gathers=0
FOLD20_PASSIVE_LOWER old=1082 new=6864 macros=22 gathers=0
Q796_HOLE block=65 j=0 touches=0
Q796_HOLE block=65 j=0 touches=0
Q796_HOLE block=65 j=0 touches=0
FOLD20_FULL_STEP_BLOCK block=65 j=0 ops=309612 T=191901 physical=564 PASS
RANK4_LOWER class=4 original_ops=8883 new_ops=6853 symbolic_rank_gates=84 paired_macros=106 conditional_clean=true
FOLD20_T10_RANK4 j=3 last=true low=true old_ops=8883 ops=6853
Q792_JOINT_CODEC held_predicates=7 all_existing_dirty=true restored=true
Q792_JOINT_CODEC held_predicates=7 all_existing_dirty=true restored=true
RANK4_LOWER class=3 original_ops=51413 new_ops=44123 symbolic_rank_gates=704 paired_macros=742 conditional_clean=true
FOLD20_T10_RANK4 j=3 last=false low=true old_ops=51413 ops=44123
FOLD20_PASSIVE_LOWER old=688 new=1138 macros=8 gathers=0
FOLD20_PASSIVE_LOWER old=260 new=664 macros=6 gathers=0
FOLD20_PASSIVE_LOWER old=1082 new=6864 macros=22 gathers=0
Q796_HOLE block=66 j=0 touches=0
Q796_HOLE block=66 j=0 touches=0
Q796_HOLE block=66 j=0 touches=0
FOLD20_FULL_STEP_BLOCK block=66 j=0 ops=310634 T=192425 physical=564 PASS
RANK4_LOWER class=4 original_ops=9009 new_ops=6955 symbolic_rank_gates=84 paired_macros=106 conditional_clean=true
FOLD20_T10_RANK4 j=3 last=true low=true old_ops=9009 ops=6955
Q792_JOINT_CODEC held_predicates=7 all_existing_dirty=true restored=true
Q792_JOINT_CODEC held_predicates=7 all_existing_dirty=true restored=true
RANK4_LOWER class=3 original_ops=51625 new_ops=44335 symbolic_rank_gates=704 paired_macros=742 conditional_clean=true
FOLD20_T10_RANK4 j=3 last=false low=true old_ops=51625 ops=44335
FOLD20_PASSIVE_LOWER old=688 new=1138 macros=8 gathers=0
FOLD20_PASSIVE_LOWER old=260 new=664 macros=6 gathers=0
FOLD20_PASSIVE_LOWER old=1082 new=6864 macros=22 gathers=0
Q796_HOLE block=67 j=0 touches=0
Q796_HOLE block=67 j=0 touches=0
Q796_HOLE block=67 j=0 touches=0
FOLD20_FULL_STEP_BLOCK block=67 j=0 ops=311286 T=192713 physical=564 PASS
RANK4_LOWER class=4 original_ops=9113 new_ops=7043 symbolic_rank_gates=84 paired_macros=106 conditional_clean=true
FOLD20_T10_RANK4 j=3 last=true low=true old_ops=9113 ops=7043
Q792_JOINT_CODEC held_predicates=7 all_existing_dirty=true restored=true
Q792_JOINT_CODEC held_predicates=7 all_existing_dirty=true restored=true
RANK4_LOWER class=3 original_ops=51837 new_ops=44535 symbolic_rank_gates=704 paired_macros=742 conditional_clean=true
FOLD20_T10_RANK4 j=3 last=false low=true old_ops=51837 ops=44535
FOLD20_PASSIVE_LOWER old=688 new=1138 macros=8 gathers=0
FOLD20_PASSIVE_LOWER old=260 new=664 macros=6 gathers=0
FOLD20_PASSIVE_LOWER old=1082 new=6864 macros=22 gathers=0
Q796_HOLE block=68 j=0 touches=0
Q796_HOLE block=68 j=0 touches=0
Q796_HOLE block=68 j=0 touches=0
FOLD20_FULL_STEP_BLOCK block=68 j=0 ops=312080 T=193133 physical=564 PASS
RANK4_LOWER class=4 original_ops=9223 new_ops=7137 symbolic_rank_gates=84 paired_macros=106 conditional_clean=true
FOLD20_T10_RANK4 j=3 last=true low=true old_ops=9223 ops=7137
Q792_JOINT_CODEC held_predicates=7 all_existing_dirty=true restored=true
Q792_JOINT_CODEC held_predicates=7 all_existing_dirty=true restored=true
RANK4_LOWER class=3 original_ops=52045 new_ops=44727 symbolic_rank_gates=704 paired_macros=742 conditional_clean=true
FOLD20_T10_RANK4 j=3 last=false low=true old_ops=52045 ops=44727
FOLD20_PASSIVE_LOWER old=688 new=1138 macros=8 gathers=0
FOLD20_PASSIVE_LOWER old=260 new=664 macros=6 gathers=0
FOLD20_PASSIVE_LOWER old=1082 new=6864 macros=22 gathers=0
Q796_HOLE block=69 j=0 touches=0
Q796_HOLE block=69 j=0 touches=0
Q796_HOLE block=69 j=0 touches=0
FOLD20_FULL_STEP_BLOCK block=69 j=0 ops=312672 T=193389 physical=564 PASS
RANK4_LOWER class=4 original_ops=9339 new_ops=7233 symbolic_rank_gates=84 paired_macros=106 conditional_clean=true
FOLD20_T10_RANK4 j=3 last=true low=true old_ops=9339 ops=7233
Q792_JOINT_CODEC held_predicates=7 all_existing_dirty=true restored=true
Q792_JOINT_CODEC held_predicates=7 all_existing_dirty=true restored=true
RANK4_LOWER class=3 original_ops=52429 new_ops=45027 symbolic_rank_gates=704 paired_macros=742 conditional_clean=true
FOLD20_T10_RANK4 j=3 last=false low=true old_ops=52429 ops=45027
FOLD20_PASSIVE_LOWER old=688 new=1138 macros=8 gathers=0
FOLD20_PASSIVE_LOWER old=260 new=664 macros=6 gathers=0
FOLD20_PASSIVE_LOWER old=1082 new=6864 macros=22 gathers=0
Q796_HOLE block=70 j=0 touches=0
Q796_HOLE block=70 j=0 touches=0
Q796_HOLE block=70 j=0 touches=0
FOLD20_FULL_STEP_BLOCK block=70 j=0 ops=313796 T=193999 physical=564 PASS
RANK4_LOWER class=4 original_ops=9469 new_ops=7339 symbolic_rank_gates=84 paired_macros=106 conditional_clean=true
FOLD20_T10_RANK4 j=3 last=true low=true old_ops=9469 ops=7339
Q792_JOINT_CODEC held_predicates=7 all_existing_dirty=true restored=true
Q792_JOINT_CODEC held_predicates=7 all_existing_dirty=true restored=true
RANK4_LOWER class=3 original_ops=52661 new_ops=45231 symbolic_rank_gates=704 paired_macros=742 conditional_clean=true
FOLD20_T10_RANK4 j=3 last=false low=true old_ops=52661 ops=45231
FOLD20_PASSIVE_LOWER old=688 new=1138 macros=8 gathers=0
FOLD20_PASSIVE_LOWER old=260 new=664 macros=6 gathers=0
FOLD20_PASSIVE_LOWER old=1082 new=6864 macros=22 gathers=0
Q796_HOLE block=71 j=0 touches=0
Q796_HOLE block=71 j=0 touches=0
Q796_HOLE block=71 j=0 touches=0
FOLD20_FULL_STEP_BLOCK block=71 j=0 ops=314484 T=194299 physical=564 PASS
RANK4_LOWER class=4 original_ops=9573 new_ops=7427 symbolic_rank_gates=84 paired_macros=106 conditional_clean=true
FOLD20_T10_RANK4 j=3 last=true low=true old_ops=9573 ops=7427
Q792_JOINT_CODEC held_predicates=7 all_existing_dirty=true restored=true
Q792_JOINT_CODEC held_predicates=7 all_existing_dirty=true restored=true
RANK4_LOWER class=3 original_ops=52897 new_ops=45423 symbolic_rank_gates=704 paired_macros=742 conditional_clean=true
FOLD20_T10_RANK4 j=3 last=false low=true old_ops=52897 ops=45423
FOLD20_PASSIVE_LOWER old=688 new=1138 macros=8 gathers=0
FOLD20_PASSIVE_LOWER old=260 new=664 macros=6 gathers=0
FOLD20_PASSIVE_LOWER old=1082 new=6864 macros=22 gathers=0
Q796_HOLE block=72 j=0 touches=0
Q796_HOLE block=72 j=0 touches=0
Q796_HOLE block=72 j=0 touches=0
FOLD20_FULL_STEP_BLOCK block=72 j=0 ops=315328 T=194741 physical=564 PASS
RANK4_LOWER class=4 original_ops=9683 new_ops=7521 symbolic_rank_gates=84 paired_macros=106 conditional_clean=true
FOLD20_T10_RANK4 j=3 last=true low=true old_ops=9683 ops=7521
Q792_JOINT_CODEC held_predicates=7 all_existing_dirty=true restored=true
Q792_JOINT_CODEC held_predicates=7 all_existing_dirty=true restored=true
RANK4_LOWER class=3 original_ops=53129 new_ops=45619 symbolic_rank_gates=704 paired_macros=742 conditional_clean=true
FOLD20_T10_RANK4 j=3 last=false low=true old_ops=53129 ops=45619
FOLD20_PASSIVE_LOWER old=688 new=1138 macros=8 gathers=0
FOLD20_PASSIVE_LOWER old=260 new=664 macros=6 gathers=0
FOLD20_PASSIVE_LOWER old=1082 new=6864 macros=22 gathers=0
Q796_HOLE block=73 j=0 touches=0
Q796_HOLE block=73 j=0 touches=0
Q796_HOLE block=73 j=0 touches=0
FOLD20_FULL_STEP_BLOCK block=73 j=0 ops=315970 T=195025 physical=564 PASS
RANK4_LOWER class=4 original_ops=9787 new_ops=7609 symbolic_rank_gates=84 paired_macros=106 conditional_clean=true
FOLD20_T10_RANK4 j=3 last=true low=true old_ops=9787 ops=7609
Q792_JOINT_CODEC held_predicates=7 all_existing_dirty=true restored=true
Q792_JOINT_CODEC held_predicates=7 all_existing_dirty=true restored=true
RANK4_LOWER class=3 original_ops=53357 new_ops=45811 symbolic_rank_gates=704 paired_macros=742 conditional_clean=true
FOLD20_T10_RANK4 j=3 last=false low=true old_ops=53357 ops=45811
FOLD20_PASSIVE_LOWER old=688 new=1138 macros=8 gathers=0
FOLD20_PASSIVE_LOWER old=260 new=664 macros=6 gathers=0
FOLD20_PASSIVE_LOWER old=1082 new=6864 macros=22 gathers=0
Q796_HOLE block=74 j=0 touches=0
Q796_HOLE block=74 j=0 touches=0
Q796_HOLE block=74 j=0 touches=0
FOLD20_FULL_STEP_BLOCK block=74 j=0 ops=316888 T=195523 physical=564 PASS
RANK4_LOWER class=4 original_ops=9913 new_ops=7711 symbolic_rank_gates=84 paired_macros=106 conditional_clean=true
FOLD20_T10_RANK4 j=3 last=true low=true old_ops=9913 ops=7711
Q792_JOINT_CODEC held_predicates=7 all_existing_dirty=true restored=true
Q792_JOINT_CODEC held_predicates=7 all_existing_dirty=true restored=true
RANK4_LOWER class=3 original_ops=53585 new_ops=46011 symbolic_rank_gates=704 paired_macros=742 conditional_clean=true
FOLD20_T10_RANK4 j=3 last=false low=true old_ops=53585 ops=46011
FOLD20_PASSIVE_LOWER old=688 new=1138 macros=8 gathers=0
FOLD20_PASSIVE_LOWER old=260 new=664 macros=6 gathers=0
FOLD20_PASSIVE_LOWER old=1082 new=6864 macros=22 gathers=0
Q796_HOLE block=75 j=0 touches=0
Q796_HOLE block=75 j=0 touches=0
Q796_HOLE block=75 j=0 touches=0
FOLD20_FULL_STEP_BLOCK block=75 j=0 ops=317504 T=195795 physical=564 PASS
RANK4_LOWER class=4 original_ops=10017 new_ops=7799 symbolic_rank_gates=84 paired_macros=106 conditional_clean=true
FOLD20_T10_RANK4 j=3 last=true low=true old_ops=10017 ops=7799
Q792_JOINT_CODEC held_predicates=7 all_existing_dirty=true restored=true
Q792_JOINT_CODEC held_predicates=7 all_existing_dirty=true restored=true
RANK4_LOWER class=3 original_ops=53813 new_ops=46203 symbolic_rank_gates=704 paired_macros=742 conditional_clean=true
FOLD20_T10_RANK4 j=3 last=false low=true old_ops=53813 ops=46203
FOLD20_PASSIVE_LOWER old=688 new=1138 macros=8 gathers=0
FOLD20_PASSIVE_LOWER old=260 new=664 macros=6 gathers=0
FOLD20_PASSIVE_LOWER old=1082 new=6864 macros=22 gathers=0
Q796_HOLE block=76 j=0 touches=0
Q796_HOLE block=76 j=0 touches=0
Q796_HOLE block=76 j=0 touches=0
FOLD20_FULL_STEP_BLOCK block=76 j=0 ops=318322 T=196229 physical=564 PASS
RANK4_LOWER class=4 original_ops=10127 new_ops=7893 symbolic_rank_gates=84 paired_macros=106 conditional_clean=true
FOLD20_T10_RANK4 j=3 last=true low=true old_ops=10127 ops=7893
Q792_JOINT_CODEC held_predicates=7 all_existing_dirty=true restored=true
Q792_JOINT_CODEC held_predicates=7 all_existing_dirty=true restored=true
RANK4_LOWER class=3 original_ops=54037 new_ops=46399 symbolic_rank_gates=704 paired_macros=742 conditional_clean=true
FOLD20_T10_RANK4 j=3 last=false low=true old_ops=54037 ops=46399
FOLD20_PASSIVE_LOWER old=688 new=1138 macros=8 gathers=0
FOLD20_PASSIVE_LOWER old=260 new=664 macros=6 gathers=0
FOLD20_PASSIVE_LOWER old=1082 new=6864 macros=22 gathers=0
Q796_HOLE block=77 j=0 touches=0
Q796_HOLE block=77 j=0 touches=0
Q796_HOLE block=77 j=0 touches=0
FOLD20_FULL_STEP_BLOCK block=77 j=0 ops=318966 T=196511 physical=564 PASS
RANK4_LOWER class=4 original_ops=10267 new_ops=8005 symbolic_rank_gates=84 paired_macros=106 conditional_clean=true
FOLD20_T10_RANK4 j=3 last=true low=true old_ops=10267 ops=8005
Q792_JOINT_CODEC held_predicates=7 all_existing_dirty=true restored=true
Q792_JOINT_CODEC held_predicates=7 all_existing_dirty=true restored=true
RANK4_LOWER class=3 original_ops=54629 new_ops=46843 symbolic_rank_gates=704 paired_macros=742 conditional_clean=true
FOLD20_T10_RANK4 j=3 last=false low=true old_ops=54629 ops=46843
FOLD20_PASSIVE_LOWER old=688 new=1138 macros=8 gathers=0
FOLD20_PASSIVE_LOWER old=260 new=664 macros=6 gathers=0
FOLD20_PASSIVE_LOWER old=1082 new=6864 macros=22 gathers=0
Q796_HOLE block=78 j=0 touches=0
Q796_HOLE block=78 j=0 touches=0
Q796_HOLE block=78 j=0 touches=0
FOLD20_FULL_STEP_BLOCK block=78 j=0 ops=320410 T=197285 physical=564 PASS
RANK4_LOWER class=4 original_ops=10409 new_ops=8123 symbolic_rank_gates=84 paired_macros=106 conditional_clean=true
FOLD20_T10_RANK4 j=3 last=true low=true old_ops=10409 ops=8123
Q792_JOINT_CODEC held_predicates=7 all_existing_dirty=true restored=true
Q792_JOINT_CODEC held_predicates=7 all_existing_dirty=true restored=true
RANK4_LOWER class=3 original_ops=54881 new_ops=47067 symbolic_rank_gates=704 paired_macros=742 conditional_clean=true
FOLD20_T10_RANK4 j=3 last=false low=true old_ops=54881 ops=47067
FOLD20_PASSIVE_LOWER old=688 new=1138 macros=8 gathers=0
FOLD20_PASSIVE_LOWER old=260 new=664 macros=6 gathers=0
FOLD20_PASSIVE_LOWER old=1082 new=6864 macros=22 gathers=0
Q796_HOLE block=79 j=0 touches=0
Q796_HOLE block=79 j=0 touches=0
Q796_HOLE block=79 j=0 touches=0
FOLD20_FULL_STEP_BLOCK block=79 j=0 ops=321124 T=197587 physical=564 PASS
RANK4_LOWER class=4 original_ops=10513 new_ops=8211 symbolic_rank_gates=84 paired_macros=106 conditional_clean=true
FOLD20_T10_RANK4 j=3 last=true low=true old_ops=10513 ops=8211
Q792_JOINT_CODEC held_predicates=7 all_existing_dirty=true restored=true
Q792_JOINT_CODEC held_predicates=7 all_existing_dirty=true restored=true
RANK4_LOWER class=3 original_ops=55141 new_ops=47275 symbolic_rank_gates=704 paired_macros=742 conditional_clean=true
FOLD20_T10_RANK4 j=3 last=false low=true old_ops=55141 ops=47275
FOLD20_PASSIVE_LOWER old=688 new=1138 macros=8 gathers=0
FOLD20_PASSIVE_LOWER old=260 new=664 macros=6 gathers=0
FOLD20_PASSIVE_LOWER old=1082 new=6864 macros=22 gathers=0
Q796_HOLE block=80 j=0 touches=0
Q796_HOLE block=80 j=0 touches=0
Q796_HOLE block=80 j=0 touches=0
FOLD20_FULL_STEP_BLOCK block=80 j=0 ops=321936 T=197999 physical=564 PASS
RANK4_LOWER class=4 original_ops=10623 new_ops=8305 symbolic_rank_gates=84 paired_macros=106 conditional_clean=true
FOLD20_T10_RANK4 j=3 last=true low=true old_ops=10623 ops=8305
Q792_JOINT_CODEC held_predicates=7 all_existing_dirty=true restored=true
Q792_JOINT_CODEC held_predicates=7 all_existing_dirty=true restored=true
RANK4_LOWER class=3 original_ops=55397 new_ops=47487 symbolic_rank_gates=704 paired_macros=742 conditional_clean=true
FOLD20_T10_RANK4 j=3 last=false low=true old_ops=55397 ops=47487
FOLD20_PASSIVE_LOWER old=688 new=1138 macros=8 gathers=0
FOLD20_PASSIVE_LOWER old=260 new=664 macros=6 gathers=0
FOLD20_PASSIVE_LOWER old=1082 new=6864 macros=22 gathers=0
Q796_HOLE block=81 j=0 touches=0
Q796_HOLE block=81 j=0 touches=0
Q796_HOLE block=81 j=0 touches=0
FOLD20_FULL_STEP_BLOCK block=81 j=0 ops=322598 T=198291 physical=564 PASS
RANK4_LOWER class=4 original_ops=10727 new_ops=8393 symbolic_rank_gates=84 paired_macros=106 conditional_clean=true
FOLD20_T10_RANK4 j=3 last=true low=true old_ops=10727 ops=8393
Q792_JOINT_CODEC held_predicates=7 all_existing_dirty=true restored=true
Q792_JOINT_CODEC held_predicates=7 all_existing_dirty=true restored=true
RANK4_LOWER class=3 original_ops=55649 new_ops=47695 symbolic_rank_gates=704 paired_macros=742 conditional_clean=true
FOLD20_T10_RANK4 j=3 last=false low=true old_ops=55649 ops=47695
FOLD20_PASSIVE_LOWER old=688 new=1138 macros=8 gathers=0
FOLD20_PASSIVE_LOWER old=260 new=664 macros=6 gathers=0
FOLD20_PASSIVE_LOWER old=1082 new=6864 macros=22 gathers=0
Q796_HOLE block=82 j=0 touches=0
Q796_HOLE block=82 j=0 touches=0
Q796_HOLE block=82 j=0 touches=0
FOLD20_FULL_STEP_BLOCK block=82 j=0 ops=323580 T=198813 physical=564 PASS
RANK4_LOWER class=4 original_ops=10861 new_ops=8499 symbolic_rank_gates=84 paired_macros=106 conditional_clean=true
FOLD20_T10_RANK4 j=3 last=true low=true old_ops=10861 ops=8499
Q792_JOINT_CODEC held_predicates=7 all_existing_dirty=true restored=true
Q792_JOINT_CODEC held_predicates=7 all_existing_dirty=true restored=true
RANK4_LOWER class=3 original_ops=55901 new_ops=47911 symbolic_rank_gates=704 paired_macros=742 conditional_clean=true
FOLD20_T10_RANK4 j=3 last=false low=true old_ops=55901 ops=47911
FOLD20_PASSIVE_LOWER old=688 new=1138 macros=8 gathers=0
FOLD20_PASSIVE_LOWER old=260 new=664 macros=6 gathers=0
FOLD20_PASSIVE_LOWER old=1082 new=6864 macros=22 gathers=0
Q796_HOLE block=83 j=0 touches=0
Q796_HOLE block=83 j=0 touches=0
Q796_HOLE block=83 j=0 touches=0
FOLD20_FULL_STEP_BLOCK block=83 j=0 ops=324274 T=199121 physical=564 PASS
RANK4_LOWER class=4 original_ops=10965 new_ops=8587 symbolic_rank_gates=84 paired_macros=106 conditional_clean=true
FOLD20_T10_RANK4 j=3 last=true low=true old_ops=10965 ops=8587
Q792_JOINT_CODEC held_predicates=7 all_existing_dirty=true restored=true
Q792_JOINT_CODEC held_predicates=7 all_existing_dirty=true restored=true
RANK4_LOWER class=3 original_ops=56153 new_ops=48131 symbolic_rank_gates=704 paired_macros=742 conditional_clean=true
FOLD20_T10_RANK4 j=3 last=false low=true old_ops=56153 ops=48131
FOLD20_PASSIVE_LOWER old=688 new=1138 macros=8 gathers=0
FOLD20_PASSIVE_LOWER old=260 new=664 macros=6 gathers=0
FOLD20_PASSIVE_LOWER old=1082 new=6864 macros=22 gathers=0
Q796_HOLE block=84 j=0 touches=0
Q796_HOLE block=84 j=0 touches=0
Q796_HOLE block=84 j=0 touches=0
FOLD20_FULL_STEP_BLOCK block=84 j=0 ops=325104 T=199553 physical=564 PASS
RANK4_LOWER class=4 original_ops=11075 new_ops=8681 symbolic_rank_gates=84 paired_macros=106 conditional_clean=true
FOLD20_T10_RANK4 j=3 last=true low=true old_ops=11075 ops=8681
Q792_JOINT_CODEC held_predicates=7 all_existing_dirty=true restored=true
Q792_JOINT_CODEC held_predicates=7 all_existing_dirty=true restored=true
RANK4_LOWER class=3 original_ops=56401 new_ops=48359 symbolic_rank_gates=704 paired_macros=742 conditional_clean=true
FOLD20_T10_RANK4 j=3 last=false low=true old_ops=56401 ops=48359
FOLD20_PASSIVE_LOWER old=688 new=1138 macros=8 gathers=0
FOLD20_PASSIVE_LOWER old=260 new=664 macros=6 gathers=0
FOLD20_PASSIVE_LOWER old=1082 new=6864 macros=22 gathers=0
Q796_HOLE block=85 j=0 touches=0
Q796_HOLE block=85 j=0 touches=0
Q796_HOLE block=85 j=0 touches=0
FOLD20_FULL_STEP_BLOCK block=85 j=0 ops=325732 T=199823 physical=564 PASS
RANK4_LOWER class=4 original_ops=11179 new_ops=8769 symbolic_rank_gates=84 paired_macros=106 conditional_clean=true
FOLD20_T10_RANK4 j=3 last=true low=true old_ops=11179 ops=8769
Q792_JOINT_CODEC held_predicates=7 all_existing_dirty=true restored=true
Q792_JOINT_CODEC held_predicates=7 all_existing_dirty=true restored=true
RANK4_LOWER class=3 original_ops=56645 new_ops=48567 symbolic_rank_gates=704 paired_macros=742 conditional_clean=true
FOLD20_T10_RANK4 j=3 last=false low=true old_ops=56645 ops=48567
FOLD20_PASSIVE_LOWER old=688 new=1138 macros=8 gathers=0
FOLD20_PASSIVE_LOWER old=260 new=664 macros=6 gathers=0
FOLD20_PASSIVE_LOWER old=1082 new=6864 macros=22 gathers=0
Q796_HOLE block=86 j=0 touches=0
Q796_HOLE block=86 j=0 touches=0
Q796_HOLE block=86 j=0 touches=0
FOLD20_FULL_STEP_BLOCK block=86 j=0 ops=326642 T=200331 physical=564 PASS
RANK4_LOWER class=4 original_ops=11313 new_ops=8879 symbolic_rank_gates=84 paired_macros=106 conditional_clean=true
FOLD20_T10_RANK4 j=3 last=true low=true old_ops=11313 ops=8879
Q792_JOINT_CODEC held_predicates=7 all_existing_dirty=true restored=true
Q792_JOINT_CODEC held_predicates=7 all_existing_dirty=true restored=true
RANK4_LOWER class=3 original_ops=56893 new_ops=48787 symbolic_rank_gates=704 paired_macros=742 conditional_clean=true
FOLD20_T10_RANK4 j=3 last=false low=true old_ops=56893 ops=48787
FOLD20_PASSIVE_LOWER old=688 new=1138 macros=8 gathers=0
FOLD20_PASSIVE_LOWER old=260 new=664 macros=6 gathers=0
FOLD20_PASSIVE_LOWER old=1082 new=6864 macros=22 gathers=0
Q796_HOLE block=87 j=0 touches=0
Q796_HOLE block=87 j=0 touches=0
Q796_HOLE block=87 j=0 touches=0
FOLD20_FULL_STEP_BLOCK block=87 j=0 ops=327338 T=200633 physical=564 PASS
RANK4_LOWER class=4 original_ops=11417 new_ops=8967 symbolic_rank_gates=84 paired_macros=106 conditional_clean=true
FOLD20_T10_RANK4 j=3 last=true low=true old_ops=11417 ops=8967
Q792_JOINT_CODEC held_predicates=7 all_existing_dirty=true restored=true
Q792_JOINT_CODEC held_predicates=7 all_existing_dirty=true restored=true
RANK4_LOWER class=3 original_ops=57145 new_ops=48995 symbolic_rank_gates=704 paired_macros=742 conditional_clean=true
FOLD20_T10_RANK4 j=3 last=false low=true old_ops=57145 ops=48995
FOLD20_PASSIVE_LOWER old=688 new=1138 macros=8 gathers=0
FOLD20_PASSIVE_LOWER old=260 new=664 macros=6 gathers=0
FOLD20_PASSIVE_LOWER old=1082 new=6864 macros=22 gathers=0
Q796_HOLE block=88 j=0 touches=0
Q796_HOLE block=88 j=0 touches=0
Q796_HOLE block=88 j=0 touches=0
FOLD20_FULL_STEP_BLOCK block=88 j=0 ops=328188 T=201073 physical=564 PASS
RANK4_LOWER class=4 original_ops=11527 new_ops=9061 symbolic_rank_gates=84 paired_macros=106 conditional_clean=true
FOLD20_T10_RANK4 j=3 last=true low=true old_ops=11527 ops=9061
Q792_JOINT_CODEC held_predicates=7 all_existing_dirty=true restored=true
Q792_JOINT_CODEC held_predicates=7 all_existing_dirty=true restored=true
RANK4_LOWER class=3 original_ops=57393 new_ops=49207 symbolic_rank_gates=704 paired_macros=742 conditional_clean=true
FOLD20_T10_RANK4 j=3 last=false low=true old_ops=57393 ops=49207
FOLD20_PASSIVE_LOWER old=688 new=1138 macros=8 gathers=0
FOLD20_PASSIVE_LOWER old=260 new=664 macros=6 gathers=0
FOLD20_PASSIVE_LOWER old=1082 new=6864 macros=22 gathers=0
Q796_HOLE block=89 j=0 touches=0
Q796_HOLE block=89 j=0 touches=0
Q796_HOLE block=89 j=0 touches=0
FOLD20_FULL_STEP_BLOCK block=89 j=0 ops=328852 T=201365 physical=564 PASS
RANK4_LOWER class=4 original_ops=11631 new_ops=9149 symbolic_rank_gates=84 paired_macros=106 conditional_clean=true
FOLD20_T10_RANK4 j=3 last=true low=true old_ops=11631 ops=9149
Q792_JOINT_CODEC held_predicates=7 all_existing_dirty=true restored=true
Q792_JOINT_CODEC held_predicates=7 all_existing_dirty=true restored=true
RANK4_LOWER class=3 original_ops=57637 new_ops=49415 symbolic_rank_gates=704 paired_macros=742 conditional_clean=true
FOLD20_T10_RANK4 j=3 last=false low=true old_ops=57637 ops=49415
FOLD20_PASSIVE_LOWER old=688 new=1138 macros=8 gathers=0
FOLD20_PASSIVE_LOWER old=260 new=664 macros=6 gathers=0
FOLD20_PASSIVE_LOWER old=1082 new=6864 macros=22 gathers=0
Q796_HOLE block=90 j=0 touches=0
Q796_HOLE block=90 j=0 touches=0
Q796_HOLE block=90 j=0 touches=0
FOLD20_FULL_STEP_BLOCK block=90 j=0 ops=329818 T=201887 physical=564 PASS
RANK4_LOWER class=4 original_ops=11761 new_ops=9255 symbolic_rank_gates=84 paired_macros=106 conditional_clean=true
FOLD20_T10_RANK4 j=3 last=true low=true old_ops=11761 ops=9255
Q792_JOINT_CODEC held_predicates=7 all_existing_dirty=true restored=true
Q792_JOINT_CODEC held_predicates=7 all_existing_dirty=true restored=true
RANK4_LOWER class=3 original_ops=57881 new_ops=49631 symbolic_rank_gates=704 paired_macros=742 conditional_clean=true
FOLD20_T10_RANK4 j=3 last=false low=true old_ops=57881 ops=49631
FOLD20_PASSIVE_LOWER old=688 new=1138 macros=8 gathers=0
FOLD20_PASSIVE_LOWER old=260 new=664 macros=6 gathers=0
FOLD20_PASSIVE_LOWER old=1082 new=6864 macros=22 gathers=0
Q796_HOLE block=91 j=0 touches=0
Q796_HOLE block=91 j=0 touches=0
Q796_HOLE block=91 j=0 touches=0
FOLD20_FULL_STEP_BLOCK block=91 j=0 ops=330464 T=202167 physical=564 PASS
RANK4_LOWER class=4 original_ops=11865 new_ops=9343 symbolic_rank_gates=84 paired_macros=106 conditional_clean=true
FOLD20_T10_RANK4 j=3 last=true low=true old_ops=11865 ops=9343
Q792_JOINT_CODEC held_predicates=7 all_existing_dirty=true restored=true
Q792_JOINT_CODEC held_predicates=7 all_existing_dirty=true restored=true
RANK4_LOWER class=3 original_ops=58125 new_ops=49839 symbolic_rank_gates=704 paired_macros=742 conditional_clean=true
FOLD20_T10_RANK4 j=3 last=false low=true old_ops=58125 ops=49839
FOLD20_PASSIVE_LOWER old=688 new=1138 macros=8 gathers=0
FOLD20_PASSIVE_LOWER old=260 new=664 macros=6 gathers=0
FOLD20_PASSIVE_LOWER old=1082 new=6864 macros=22 gathers=0
Q796_HOLE block=92 j=0 touches=0
Q796_HOLE block=92 j=0 touches=0
Q796_HOLE block=92 j=0 touches=0
FOLD20_FULL_STEP_BLOCK block=92 j=0 ops=331296 T=202601 physical=564 PASS
RANK4_LOWER class=4 original_ops=11975 new_ops=9437 symbolic_rank_gates=84 paired_macros=106 conditional_clean=true
FOLD20_T10_RANK4 j=3 last=true low=true old_ops=11975 ops=9437
Q792_JOINT_CODEC held_predicates=7 all_existing_dirty=true restored=true
Q792_JOINT_CODEC held_predicates=7 all_existing_dirty=true restored=true
RANK4_LOWER class=3 original_ops=58365 new_ops=50051 symbolic_rank_gates=704 paired_macros=742 conditional_clean=true
FOLD20_T10_RANK4 j=3 last=false low=true old_ops=58365 ops=50051
FOLD20_PASSIVE_LOWER old=688 new=1138 macros=8 gathers=0
FOLD20_PASSIVE_LOWER old=260 new=664 macros=6 gathers=0
FOLD20_PASSIVE_LOWER old=1082 new=6864 macros=22 gathers=0
Q796_HOLE block=93 j=0 touches=0
Q796_HOLE block=93 j=0 touches=0
Q796_HOLE block=93 j=0 touches=0
FOLD20_FULL_STEP_BLOCK block=93 j=0 ops=331972 T=202899 physical=564 PASS
RANK4_LOWER class=4 original_ops=12079 new_ops=9525 symbolic_rank_gates=84 paired_macros=106 conditional_clean=true
FOLD20_T10_RANK4 j=3 last=true low=true old_ops=12079 ops=9525
Q792_JOINT_CODEC held_predicates=7 all_existing_dirty=true restored=true
Q792_JOINT_CODEC held_predicates=7 all_existing_dirty=true restored=true
RANK4_LOWER class=3 original_ops=58601 new_ops=50259 symbolic_rank_gates=704 paired_macros=742 conditional_clean=true
FOLD20_T10_RANK4 j=3 last=false low=true old_ops=58601 ops=50259
FOLD20_PASSIVE_LOWER old=688 new=1138 macros=8 gathers=0
FOLD20_PASSIVE_LOWER old=260 new=664 macros=6 gathers=0
FOLD20_PASSIVE_LOWER old=1082 new=6864 macros=22 gathers=0
Q796_HOLE block=94 j=0 touches=0
Q796_HOLE block=94 j=0 touches=0
Q796_HOLE block=94 j=0 touches=0
FOLD20_FULL_STEP_BLOCK block=94 j=0 ops=333370 T=203857 physical=564 PASS
RANK4_LOWER class=4 original_ops=12371 new_ops=9679 symbolic_rank_gates=84 paired_macros=116 conditional_clean=true
FOLD20_T10_RANK4 j=3 last=true low=true old_ops=12371 ops=9679
Q792_JOINT_CODEC held_predicates=7 all_existing_dirty=true restored=true
Q792_JOINT_CODEC held_predicates=7 all_existing_dirty=true restored=true
RANK4_LOWER class=3 original_ops=58957 new_ops=50481 symbolic_rank_gates=704 paired_macros=752 conditional_clean=true
FOLD20_T10_RANK4 j=3 last=false low=true old_ops=58957 ops=50481
FOLD20_PASSIVE_LOWER old=688 new=1138 macros=8 gathers=0
FOLD20_PASSIVE_LOWER old=260 new=664 macros=6 gathers=0
FOLD20_PASSIVE_LOWER old=1082 new=6864 macros=22 gathers=0
Q796_HOLE block=95 j=0 touches=0
Q796_HOLE block=95 j=0 touches=0
Q796_HOLE block=95 j=0 touches=0
FOLD20_FULL_STEP_BLOCK block=95 j=0 ops=334160 T=204279 physical=564 PASS
RANK4_LOWER class=4 original_ops=12479 new_ops=9771 symbolic_rank_gates=84 paired_macros=116 conditional_clean=true
FOLD20_T10_RANK4 j=3 last=true low=true old_ops=12479 ops=9771
Q792_JOINT_CODEC held_predicates=7 all_existing_dirty=true restored=true
Q792_JOINT_CODEC held_predicates=7 all_existing_dirty=true restored=true
RANK4_LOWER class=3 original_ops=59165 new_ops=50653 symbolic_rank_gates=704 paired_macros=752 conditional_clean=true
FOLD20_T10_RANK4 j=3 last=false low=true old_ops=59165 ops=50653
FOLD20_PASSIVE_LOWER old=688 new=1138 macros=8 gathers=0
FOLD20_PASSIVE_LOWER old=260 new=664 macros=6 gathers=0
FOLD20_PASSIVE_LOWER old=1082 new=6864 macros=22 gathers=0
Q796_HOLE block=96 j=0 touches=0
Q796_HOLE block=96 j=0 touches=0
Q796_HOLE block=96 j=0 touches=0
FOLD20_FULL_STEP_BLOCK block=96 j=0 ops=334936 T=204665 physical=564 PASS
RANK4_LOWER class=4 original_ops=12589 new_ops=9865 symbolic_rank_gates=84 paired_macros=116 conditional_clean=true
FOLD20_T10_RANK4 j=3 last=true low=true old_ops=12589 ops=9865
Q792_JOINT_CODEC held_predicates=7 all_existing_dirty=true restored=true
Q792_JOINT_CODEC held_predicates=7 all_existing_dirty=true restored=true
RANK4_LOWER class=3 original_ops=59357 new_ops=50817 symbolic_rank_gates=704 paired_macros=752 conditional_clean=true
FOLD20_T10_RANK4 j=3 last=false low=true old_ops=59357 ops=50817
FOLD20_PASSIVE_LOWER old=688 new=1138 macros=8 gathers=0
FOLD20_PASSIVE_LOWER old=260 new=664 macros=6 gathers=0
FOLD20_PASSIVE_LOWER old=1082 new=6864 macros=22 gathers=0
Q796_HOLE block=97 j=0 touches=0
Q796_HOLE block=97 j=0 touches=0
Q796_HOLE block=97 j=0 touches=0
FOLD20_FULL_STEP_BLOCK block=97 j=0 ops=335494 T=204909 physical=564 PASS
RANK4_LOWER class=4 original_ops=12697 new_ops=9957 symbolic_rank_gates=84 paired_macros=116 conditional_clean=true
FOLD20_T10_RANK4 j=3 last=true low=true old_ops=12697 ops=9957
Q792_JOINT_CODEC held_predicates=7 all_existing_dirty=true restored=true
Q792_JOINT_CODEC held_predicates=7 all_existing_dirty=true restored=true
RANK4_LOWER class=3 original_ops=59629 new_ops=51037 symbolic_rank_gates=704 paired_macros=752 conditional_clean=true
FOLD20_T10_RANK4 j=3 last=false low=true old_ops=59629 ops=51037
FOLD20_PASSIVE_LOWER old=688 new=1138 macros=8 gathers=0
FOLD20_PASSIVE_LOWER old=260 new=664 macros=6 gathers=0
FOLD20_PASSIVE_LOWER old=1082 new=6864 macros=22 gathers=0
Q796_HOLE block=98 j=0 touches=0
Q796_HOLE block=98 j=0 touches=0
Q796_HOLE block=98 j=0 touches=0
FOLD20_FULL_STEP_BLOCK block=98 j=0 ops=336500 T=205433 physical=564 PASS
RANK4_LOWER class=4 original_ops=12823 new_ops=10059 symbolic_rank_gates=84 paired_macros=116 conditional_clean=true
FOLD20_T10_RANK4 j=3 last=true low=true old_ops=12823 ops=10059
Q792_JOINT_CODEC held_predicates=7 all_existing_dirty=true restored=true
Q792_JOINT_CODEC held_predicates=7 all_existing_dirty=true restored=true
RANK4_LOWER class=3 original_ops=59841 new_ops=51221 symbolic_rank_gates=704 paired_macros=752 conditional_clean=true
FOLD20_T10_RANK4 j=3 last=false low=true old_ops=59841 ops=51221
FOLD20_PASSIVE_LOWER old=688 new=1138 macros=8 gathers=0
FOLD20_PASSIVE_LOWER old=260 new=664 macros=6 gathers=0
FOLD20_PASSIVE_LOWER old=1082 new=6864 macros=22 gathers=0
Q796_HOLE block=99 j=0 touches=0
Q796_HOLE block=99 j=0 touches=0
Q796_HOLE block=99 j=0 touches=0
FOLD20_FULL_STEP_BLOCK block=99 j=0 ops=337126 T=205703 physical=564 PASS
RANK4_LOWER class=4 original_ops=12927 new_ops=10147 symbolic_rank_gates=84 paired_macros=116 conditional_clean=true
FOLD20_T10_RANK4 j=3 last=true low=true old_ops=12927 ops=10147
Q792_JOINT_CODEC held_predicates=7 all_existing_dirty=true restored=true
Q792_JOINT_CODEC held_predicates=7 all_existing_dirty=true restored=true
RANK4_LOWER class=3 original_ops=60053 new_ops=51397 symbolic_rank_gates=704 paired_macros=752 conditional_clean=true
FOLD20_T10_RANK4 j=3 last=false low=true old_ops=60053 ops=51397
FOLD20_PASSIVE_LOWER old=688 new=1138 macros=8 gathers=0
FOLD20_PASSIVE_LOWER old=260 new=664 macros=6 gathers=0
FOLD20_PASSIVE_LOWER old=1082 new=6864 macros=22 gathers=0
Q796_HOLE block=100 j=0 touches=0
Q796_HOLE block=100 j=0 touches=0
Q796_HOLE block=100 j=0 touches=0
FOLD20_FULL_STEP_BLOCK block=100 j=0 ops=337894 T=206105 physical=564 PASS
RANK4_LOWER class=4 original_ops=13037 new_ops=10241 symbolic_rank_gates=84 paired_macros=116 conditional_clean=true
FOLD20_T10_RANK4 j=3 last=true low=true old_ops=13037 ops=10241
Q792_JOINT_CODEC held_predicates=7 all_existing_dirty=true restored=true
Q792_JOINT_CODEC held_predicates=7 all_existing_dirty=true restored=true
RANK4_LOWER class=3 original_ops=60261 new_ops=51577 symbolic_rank_gates=704 paired_macros=752 conditional_clean=true
FOLD20_T10_RANK4 j=3 last=false low=true old_ops=60261 ops=51577
FOLD20_PASSIVE_LOWER old=688 new=1138 macros=8 gathers=0
FOLD20_PASSIVE_LOWER old=260 new=664 macros=6 gathers=0
FOLD20_PASSIVE_LOWER old=1082 new=6864 macros=22 gathers=0
Q796_HOLE block=101 j=0 touches=0
Q796_HOLE block=101 j=0 touches=0
Q796_HOLE block=101 j=0 touches=0
FOLD20_FULL_STEP_BLOCK block=101 j=0 ops=338460 T=206343 physical=564 PASS
RANK4_LOWER class=4 original_ops=13153 new_ops=10337 symbolic_rank_gates=84 paired_macros=116 conditional_clean=true
FOLD20_T10_RANK4 j=3 last=true low=true old_ops=13153 ops=10337
Q792_JOINT_CODEC held_predicates=7 all_existing_dirty=true restored=true
Q792_JOINT_CODEC held_predicates=7 all_existing_dirty=true restored=true
RANK4_LOWER class=3 original_ops=60645 new_ops=51877 symbolic_rank_gates=704 paired_macros=752 conditional_clean=true
FOLD20_T10_RANK4 j=3 last=false low=true old_ops=60645 ops=51877
FOLD20_PASSIVE_LOWER old=688 new=1138 macros=8 gathers=0
FOLD20_PASSIVE_LOWER old=260 new=664 macros=6 gathers=0
FOLD20_PASSIVE_LOWER old=1082 new=6864 macros=22 gathers=0
Q796_HOLE block=102 j=0 touches=0
Q796_HOLE block=102 j=0 touches=0
Q796_HOLE block=102 j=0 touches=0
FOLD20_FULL_STEP_BLOCK block=102 j=0 ops=339584 T=206953 physical=564 PASS
RANK4_LOWER class=4 original_ops=13283 new_ops=10443 symbolic_rank_gates=84 paired_macros=116 conditional_clean=true
FOLD20_T10_RANK4 j=3 last=true low=true old_ops=13283 ops=10443
Q792_JOINT_CODEC held_predicates=7 all_existing_dirty=true restored=true
Q792_JOINT_CODEC held_predicates=7 all_existing_dirty=true restored=true
RANK4_LOWER class=3 original_ops=60877 new_ops=52081 symbolic_rank_gates=704 paired_macros=752 conditional_clean=true
FOLD20_T10_RANK4 j=3 last=false low=true old_ops=60877 ops=52081
FOLD20_PASSIVE_LOWER old=688 new=1138 macros=8 gathers=0
FOLD20_PASSIVE_LOWER old=260 new=664 macros=6 gathers=0
FOLD20_PASSIVE_LOWER old=1082 new=6864 macros=22 gathers=0
Q796_HOLE block=103 j=0 touches=0
Q796_HOLE block=103 j=0 touches=0
Q796_HOLE block=103 j=0 touches=0
FOLD20_FULL_STEP_BLOCK block=103 j=0 ops=340246 T=207235 physical=564 PASS
RANK4_LOWER class=4 original_ops=13387 new_ops=10531 symbolic_rank_gates=84 paired_macros=116 conditional_clean=true
FOLD20_T10_RANK4 j=3 last=true low=true old_ops=13387 ops=10531
Q792_JOINT_CODEC held_predicates=7 all_existing_dirty=true restored=true
Q792_JOINT_CODEC held_predicates=7 all_existing_dirty=true restored=true
RANK4_LOWER class=3 original_ops=61113 new_ops=52273 symbolic_rank_gates=704 paired_macros=752 conditional_clean=true
FOLD20_T10_RANK4 j=3 last=false low=true old_ops=61113 ops=52273
FOLD20_PASSIVE_LOWER old=688 new=1138 macros=8 gathers=0
FOLD20_PASSIVE_LOWER old=260 new=664 macros=6 gathers=0
FOLD20_PASSIVE_LOWER old=1082 new=6864 macros=22 gathers=0
Q796_HOLE block=104 j=0 touches=0
Q796_HOLE block=104 j=0 touches=0
Q796_HOLE block=104 j=0 touches=0
FOLD20_FULL_STEP_BLOCK block=104 j=0 ops=341064 T=207659 physical=564 PASS
RANK4_LOWER class=4 original_ops=13497 new_ops=10625 symbolic_rank_gates=84 paired_macros=116 conditional_clean=true
FOLD20_T10_RANK4 j=3 last=true low=true old_ops=13497 ops=10625
Q792_JOINT_CODEC held_predicates=7 all_existing_dirty=true restored=true
Q792_JOINT_CODEC held_predicates=7 all_existing_dirty=true restored=true
RANK4_LOWER class=3 original_ops=61345 new_ops=52469 symbolic_rank_gates=704 paired_macros=752 conditional_clean=true
FOLD20_T10_RANK4 j=3 last=false low=true old_ops=61345 ops=52469
FOLD20_PASSIVE_LOWER old=688 new=1138 macros=8 gathers=0
FOLD20_PASSIVE_LOWER old=260 new=664 macros=6 gathers=0
FOLD20_PASSIVE_LOWER old=1082 new=6864 macros=22 gathers=0
Q796_HOLE block=105 j=0 touches=0
Q796_HOLE block=105 j=0 touches=0
Q796_HOLE block=105 j=0 touches=0
FOLD20_FULL_STEP_BLOCK block=105 j=0 ops=341694 T=207933 physical=564 PASS
RANK4_LOWER class=4 original_ops=13601 new_ops=10713 symbolic_rank_gates=84 paired_macros=116 conditional_clean=true
FOLD20_T10_RANK4 j=3 last=true low=true old_ops=13601 ops=10713
Q792_JOINT_CODEC held_predicates=7 all_existing_dirty=true restored=true
Q792_JOINT_CODEC held_predicates=7 all_existing_dirty=true restored=true
RANK4_LOWER class=3 original_ops=61573 new_ops=52661 symbolic_rank_gates=704 paired_macros=752 conditional_clean=true
FOLD20_T10_RANK4 j=3 last=false low=true old_ops=61573 ops=52661
FOLD20_PASSIVE_LOWER old=688 new=1138 macros=8 gathers=0
FOLD20_PASSIVE_LOWER old=260 new=664 macros=6 gathers=0
FOLD20_PASSIVE_LOWER old=1082 new=6864 macros=22 gathers=0
Q796_HOLE block=106 j=0 touches=0
Q796_HOLE block=106 j=0 touches=0
Q796_HOLE block=106 j=0 touches=0
FOLD20_FULL_STEP_BLOCK block=106 j=0 ops=342612 T=208431 physical=564 PASS
RANK4_LOWER class=4 original_ops=13727 new_ops=10815 symbolic_rank_gates=84 paired_macros=116 conditional_clean=true
FOLD20_T10_RANK4 j=3 last=true low=true old_ops=13727 ops=10815
Q792_JOINT_CODEC held_predicates=7 all_existing_dirty=true restored=true
Q792_JOINT_CODEC held_predicates=7 all_existing_dirty=true restored=true
RANK4_LOWER class=3 original_ops=61801 new_ops=52861 symbolic_rank_gates=704 paired_macros=752 conditional_clean=true
FOLD20_T10_RANK4 j=3 last=false low=true old_ops=61801 ops=52861
FOLD20_PASSIVE_LOWER old=688 new=1138 macros=8 gathers=0
FOLD20_PASSIVE_LOWER old=260 new=664 macros=6 gathers=0
FOLD20_PASSIVE_LOWER old=1082 new=6864 macros=22 gathers=0
Q796_HOLE block=107 j=0 touches=0
Q796_HOLE block=107 j=0 touches=0
Q796_HOLE block=107 j=0 touches=0
FOLD20_FULL_STEP_BLOCK block=107 j=0 ops=343218 T=208691 physical=564 PASS
RANK4_LOWER class=4 original_ops=13831 new_ops=10903 symbolic_rank_gates=84 paired_macros=116 conditional_clean=true
FOLD20_T10_RANK4 j=3 last=true low=true old_ops=13831 ops=10903
Q792_JOINT_CODEC held_predicates=7 all_existing_dirty=true restored=true
Q792_JOINT_CODEC held_predicates=7 all_existing_dirty=true restored=true
RANK4_LOWER class=3 original_ops=62029 new_ops=53053 symbolic_rank_gates=704 paired_macros=752 conditional_clean=true
FOLD20_T10_RANK4 j=3 last=false low=true old_ops=62029 ops=53053
FOLD20_PASSIVE_LOWER old=688 new=1138 macros=8 gathers=0
FOLD20_PASSIVE_LOWER old=260 new=664 macros=6 gathers=0
FOLD20_PASSIVE_LOWER old=1082 new=6864 macros=22 gathers=0
Q796_HOLE block=108 j=0 touches=0
Q796_HOLE block=108 j=0 touches=0
Q796_HOLE block=108 j=0 touches=0
FOLD20_FULL_STEP_BLOCK block=108 j=0 ops=344016 T=209109 physical=564 PASS
RANK4_LOWER class=4 original_ops=13941 new_ops=10997 symbolic_rank_gates=84 paired_macros=116 conditional_clean=true
FOLD20_T10_RANK4 j=3 last=true low=true old_ops=13941 ops=10997
Q792_JOINT_CODEC held_predicates=7 all_existing_dirty=true restored=true
Q792_JOINT_CODEC held_predicates=7 all_existing_dirty=true restored=true
RANK4_LOWER class=3 original_ops=62253 new_ops=53249 symbolic_rank_gates=704 paired_macros=752 conditional_clean=true
FOLD20_T10_RANK4 j=3 last=false low=true old_ops=62253 ops=53249
FOLD20_PASSIVE_LOWER old=688 new=1138 macros=8 gathers=0
FOLD20_PASSIVE_LOWER old=260 new=664 macros=6 gathers=0
FOLD20_PASSIVE_LOWER old=1082 new=6864 macros=22 gathers=0
Q796_HOLE block=109 j=0 touches=0
Q796_HOLE block=109 j=0 touches=0
Q796_HOLE block=109 j=0 touches=0
FOLD20_FULL_STEP_BLOCK block=109 j=0 ops=344660 T=209391 physical=564 PASS
RANK4_LOWER class=4 original_ops=14081 new_ops=11109 symbolic_rank_gates=84 paired_macros=116 conditional_clean=true
FOLD20_T10_RANK4 j=3 last=true low=true old_ops=14081 ops=11109
Q792_JOINT_CODEC held_predicates=7 all_existing_dirty=true restored=true
Q792_JOINT_CODEC held_predicates=7 all_existing_dirty=true restored=true
RANK4_LOWER class=3 original_ops=62845 new_ops=53693 symbolic_rank_gates=704 paired_macros=752 conditional_clean=true
FOLD20_T10_RANK4 j=3 last=false low=true old_ops=62845 ops=53693
FOLD20_PASSIVE_LOWER old=688 new=1138 macros=8 gathers=0
FOLD20_PASSIVE_LOWER old=260 new=664 macros=6 gathers=0
FOLD20_PASSIVE_LOWER old=1082 new=6864 macros=22 gathers=0
Q796_HOLE block=110 j=0 touches=0
Q796_HOLE block=110 j=0 touches=0
Q796_HOLE block=110 j=0 touches=0
FOLD20_FULL_STEP_BLOCK block=110 j=0 ops=346092 T=210165 physical=564 PASS
RANK4_LOWER class=4 original_ops=14223 new_ops=11227 symbolic_rank_gates=84 paired_macros=116 conditional_clean=true
FOLD20_T10_RANK4 j=3 last=true low=true old_ops=14223 ops=11227
Q792_JOINT_CODEC held_predicates=7 all_existing_dirty=true restored=true
Q792_JOINT_CODEC held_predicates=7 all_existing_dirty=true restored=true
RANK4_LOWER class=3 original_ops=63097 new_ops=53917 symbolic_rank_gates=704 paired_macros=752 conditional_clean=true
FOLD20_T10_RANK4 j=3 last=false low=true old_ops=63097 ops=53917
FOLD20_PASSIVE_LOWER old=688 new=1138 macros=8 gathers=0
FOLD20_PASSIVE_LOWER old=260 new=664 macros=6 gathers=0
FOLD20_PASSIVE_LOWER old=1082 new=6864 macros=22 gathers=0
Q796_HOLE block=111 j=0 touches=0
Q796_HOLE block=111 j=0 touches=0
Q796_HOLE block=111 j=0 touches=0
FOLD20_FULL_STEP_BLOCK block=111 j=0 ops=346818 T=210467 physical=564 PASS
RANK4_LOWER class=4 original_ops=14327 new_ops=11315 symbolic_rank_gates=84 paired_macros=116 conditional_clean=true
FOLD20_T10_RANK4 j=3 last=true low=true old_ops=14327 ops=11315
Q792_JOINT_CODEC held_predicates=7 all_existing_dirty=true restored=true
Q792_JOINT_CODEC held_predicates=7 all_existing_dirty=true restored=true
RANK4_LOWER class=3 original_ops=63357 new_ops=54125 symbolic_rank_gates=704 paired_macros=752 conditional_clean=true
FOLD20_T10_RANK4 j=3 last=false low=true old_ops=63357 ops=54125
FOLD20_PASSIVE_LOWER old=688 new=1138 macros=8 gathers=0
FOLD20_PASSIVE_LOWER old=260 new=664 macros=6 gathers=0
FOLD20_PASSIVE_LOWER old=1082 new=6864 macros=22 gathers=0
Q796_HOLE block=112 j=0 touches=0
Q796_HOLE block=112 j=0 touches=0
Q796_HOLE block=112 j=0 touches=0
FOLD20_FULL_STEP_BLOCK block=112 j=0 ops=347630 T=210879 physical=564 PASS
RANK4_LOWER class=4 original_ops=14437 new_ops=11409 symbolic_rank_gates=84 paired_macros=116 conditional_clean=true
FOLD20_T10_RANK4 j=3 last=true low=true old_ops=14437 ops=11409
Q792_JOINT_CODEC held_predicates=7 all_existing_dirty=true restored=true
Q792_JOINT_CODEC held_predicates=7 all_existing_dirty=true restored=true
RANK4_LOWER class=3 original_ops=63613 new_ops=54339 symbolic_rank_gates=704 paired_macros=752 conditional_clean=true
FOLD20_T10_RANK4 j=3 last=false low=true old_ops=63613 ops=54339
FOLD20_PASSIVE_LOWER old=688 new=1138 macros=8 gathers=0
FOLD20_PASSIVE_LOWER old=260 new=664 macros=6 gathers=0
FOLD20_PASSIVE_LOWER old=1082 new=6864 macros=22 gathers=0
Q796_HOLE block=113 j=0 touches=0
Q796_HOLE block=113 j=0 touches=0
Q796_HOLE block=113 j=0 touches=0
FOLD20_FULL_STEP_BLOCK block=113 j=0 ops=348292 T=211171 physical=564 PASS
RANK4_LOWER class=4 original_ops=14541 new_ops=11497 symbolic_rank_gates=84 paired_macros=116 conditional_clean=true
FOLD20_T10_RANK4 j=3 last=true low=true old_ops=14541 ops=11497
Q792_JOINT_CODEC held_predicates=7 all_existing_dirty=true restored=true
Q792_JOINT_CODEC held_predicates=7 all_existing_dirty=true restored=true
RANK4_LOWER class=3 original_ops=63865 new_ops=54547 symbolic_rank_gates=704 paired_macros=752 conditional_clean=true
FOLD20_T10_RANK4 j=3 last=false low=true old_ops=63865 ops=54547
FOLD20_PASSIVE_LOWER old=688 new=1138 macros=8 gathers=0
FOLD20_PASSIVE_LOWER old=260 new=664 macros=6 gathers=0
FOLD20_PASSIVE_LOWER old=1082 new=6864 macros=22 gathers=0
Q796_HOLE block=114 j=0 touches=0
Q796_HOLE block=114 j=0 touches=0
Q796_HOLE block=114 j=0 touches=0
FOLD20_FULL_STEP_BLOCK block=114 j=0 ops=349274 T=211693 physical=564 PASS
RANK4_LOWER class=4 original_ops=14675 new_ops=11603 symbolic_rank_gates=84 paired_macros=116 conditional_clean=true
FOLD20_T10_RANK4 j=3 last=true low=true old_ops=14675 ops=11603
Q792_JOINT_CODEC held_predicates=7 all_existing_dirty=true restored=true
Q792_JOINT_CODEC held_predicates=7 all_existing_dirty=true restored=true
RANK4_LOWER class=3 original_ops=64117 new_ops=54763 symbolic_rank_gates=704 paired_macros=752 conditional_clean=true
FOLD20_T10_RANK4 j=3 last=false low=true old_ops=64117 ops=54763
FOLD20_PASSIVE_LOWER old=688 new=1138 macros=8 gathers=0
FOLD20_PASSIVE_LOWER old=260 new=664 macros=6 gathers=0
FOLD20_PASSIVE_LOWER old=1082 new=6864 macros=22 gathers=0
Q796_HOLE block=115 j=0 touches=0
Q796_HOLE block=115 j=0 touches=0
Q796_HOLE block=115 j=0 touches=0
FOLD20_FULL_STEP_BLOCK block=115 j=0 ops=349932 T=211969 physical=564 PASS
RANK4_LOWER class=4 original_ops=14779 new_ops=11691 symbolic_rank_gates=84 paired_macros=116 conditional_clean=true
FOLD20_T10_RANK4 j=3 last=true low=true old_ops=14779 ops=11691
Q792_JOINT_CODEC held_predicates=7 all_existing_dirty=true restored=true
Q792_JOINT_CODEC held_predicates=7 all_existing_dirty=true restored=true
RANK4_LOWER class=3 original_ops=64369 new_ops=54971 symbolic_rank_gates=704 paired_macros=752 conditional_clean=true
FOLD20_T10_RANK4 j=3 last=false low=true old_ops=64369 ops=54971
FOLD20_PASSIVE_LOWER old=688 new=1138 macros=8 gathers=0
FOLD20_PASSIVE_LOWER old=260 new=664 macros=6 gathers=0
FOLD20_PASSIVE_LOWER old=1082 new=6864 macros=22 gathers=0
Q796_HOLE block=116 j=0 touches=0
Q796_HOLE block=116 j=0 touches=0
Q796_HOLE block=116 j=0 touches=0
FOLD20_FULL_STEP_BLOCK block=116 j=0 ops=350712 T=212361 physical=564 PASS
RANK4_LOWER class=4 original_ops=14889 new_ops=11785 symbolic_rank_gates=84 paired_macros=116 conditional_clean=true
FOLD20_T10_RANK4 j=3 last=true low=true old_ops=14889 ops=11785
Q792_JOINT_CODEC held_predicates=7 all_existing_dirty=true restored=true
Q792_JOINT_CODEC held_predicates=7 all_existing_dirty=true restored=true
RANK4_LOWER class=3 original_ops=64617 new_ops=55183 symbolic_rank_gates=704 paired_macros=752 conditional_clean=true
FOLD20_T10_RANK4 j=3 last=false low=true old_ops=64617 ops=55183
FOLD20_PASSIVE_LOWER old=688 new=1138 macros=8 gathers=0
FOLD20_PASSIVE_LOWER old=260 new=664 macros=6 gathers=0
FOLD20_PASSIVE_LOWER old=1082 new=6864 macros=22 gathers=0
Q796_HOLE block=117 j=0 touches=0
Q796_HOLE block=117 j=0 touches=0
Q796_HOLE block=117 j=0 touches=0
FOLD20_FULL_STEP_BLOCK block=117 j=0 ops=351294 T=212599 physical=564 PASS
RANK4_LOWER class=4 original_ops=14993 new_ops=11873 symbolic_rank_gates=84 paired_macros=116 conditional_clean=true
FOLD20_T10_RANK4 j=3 last=true low=true old_ops=14993 ops=11873
Q792_JOINT_CODEC held_predicates=7 all_existing_dirty=true restored=true
Q792_JOINT_CODEC held_predicates=7 all_existing_dirty=true restored=true
RANK4_LOWER class=3 original_ops=64861 new_ops=55391 symbolic_rank_gates=704 paired_macros=752 conditional_clean=true
FOLD20_T10_RANK4 j=3 last=false low=true old_ops=64861 ops=55391
FOLD20_PASSIVE_LOWER old=688 new=1138 macros=8 gathers=0
FOLD20_PASSIVE_LOWER old=260 new=664 macros=6 gathers=0
FOLD20_PASSIVE_LOWER old=1082 new=6864 macros=22 gathers=0
Q796_HOLE block=118 j=0 touches=0
Q796_HOLE block=118 j=0 touches=0
Q796_HOLE block=118 j=0 touches=0
FOLD20_FULL_STEP_BLOCK block=118 j=0 ops=352178 T=213101 physical=564 PASS
RANK4_LOWER class=4 original_ops=15127 new_ops=11983 symbolic_rank_gates=84 paired_macros=116 conditional_clean=true
FOLD20_T10_RANK4 j=3 last=true low=true old_ops=15127 ops=11983
Q792_JOINT_CODEC held_predicates=7 all_existing_dirty=true restored=true
Q792_JOINT_CODEC held_predicates=7 all_existing_dirty=true restored=true
RANK4_LOWER class=3 original_ops=65109 new_ops=55611 symbolic_rank_gates=704 paired_macros=752 conditional_clean=true
FOLD20_T10_RANK4 j=3 last=false low=true old_ops=65109 ops=55611
FOLD20_PASSIVE_LOWER old=688 new=1138 macros=8 gathers=0
FOLD20_PASSIVE_LOWER old=260 new=664 macros=6 gathers=0
FOLD20_PASSIVE_LOWER old=1082 new=6864 macros=22 gathers=0
Q796_HOLE block=119 j=0 touches=0
Q796_HOLE block=119 j=0 touches=0
Q796_HOLE block=119 j=0 touches=0
FOLD20_FULL_STEP_BLOCK block=119 j=0 ops=352848 T=213371 physical=564 PASS
RANK4_LOWER class=4 original_ops=15231 new_ops=12071 symbolic_rank_gates=84 paired_macros=116 conditional_clean=true
FOLD20_T10_RANK4 j=3 last=true low=true old_ops=15231 ops=12071
Q792_JOINT_CODEC held_predicates=7 all_existing_dirty=true restored=true
Q792_JOINT_CODEC held_predicates=7 all_existing_dirty=true restored=true
RANK4_LOWER class=3 original_ops=65361 new_ops=55821 symbolic_rank_gates=704 paired_macros=752 conditional_clean=true
FOLD20_T10_RANK4 j=3 last=false low=true old_ops=65361 ops=55821
FOLD20_PASSIVE_LOWER old=688 new=1138 macros=8 gathers=0
FOLD20_PASSIVE_LOWER old=260 new=664 macros=6 gathers=0
FOLD20_PASSIVE_LOWER old=1082 new=6864 macros=22 gathers=0
Q796_HOLE block=120 j=0 touches=0
Q796_HOLE block=120 j=0 touches=0
Q796_HOLE block=120 j=0 touches=0
FOLD20_FULL_STEP_BLOCK block=120 j=0 ops=353676 T=213781 physical=564 PASS
RANK4_LOWER class=4 original_ops=15341 new_ops=12165 symbolic_rank_gates=84 paired_macros=116 conditional_clean=true
FOLD20_T10_RANK4 j=3 last=true low=true old_ops=15341 ops=12165
Q792_JOINT_CODEC held_predicates=7 all_existing_dirty=true restored=true
Q792_JOINT_CODEC held_predicates=7 all_existing_dirty=true restored=true
RANK4_LOWER class=3 original_ops=65609 new_ops=56033 symbolic_rank_gates=704 paired_macros=752 conditional_clean=true
FOLD20_T10_RANK4 j=3 last=false low=true old_ops=65609 ops=56033
FOLD20_PASSIVE_LOWER old=688 new=1138 macros=8 gathers=0
FOLD20_PASSIVE_LOWER old=260 new=664 macros=6 gathers=0
FOLD20_PASSIVE_LOWER old=1082 new=6864 macros=22 gathers=0
Q796_HOLE block=121 j=0 touches=0
Q796_HOLE block=121 j=0 touches=0
Q796_HOLE block=121 j=0 touches=0
FOLD20_FULL_STEP_BLOCK block=121 j=0 ops=354318 T=214043 physical=564 PASS
RANK4_LOWER class=4 original_ops=15445 new_ops=12253 symbolic_rank_gates=84 paired_macros=116 conditional_clean=true
FOLD20_T10_RANK4 j=3 last=true low=true old_ops=15445 ops=12253
Q792_JOINT_CODEC held_predicates=7 all_existing_dirty=true restored=true
Q792_JOINT_CODEC held_predicates=7 all_existing_dirty=true restored=true
RANK4_LOWER class=3 original_ops=65853 new_ops=56241 symbolic_rank_gates=704 paired_macros=752 conditional_clean=true
FOLD20_T10_RANK4 j=3 last=false low=true old_ops=65853 ops=56241
FOLD20_PASSIVE_LOWER old=688 new=1138 macros=8 gathers=0
FOLD20_PASSIVE_LOWER old=260 new=664 macros=6 gathers=0
FOLD20_PASSIVE_LOWER old=1082 new=6864 macros=22 gathers=0
Q796_HOLE block=122 j=0 touches=0
Q796_HOLE block=122 j=0 touches=0
Q796_HOLE block=122 j=0 touches=0
FOLD20_FULL_STEP_BLOCK block=122 j=0 ops=355272 T=214565 physical=564 PASS
RANK4_LOWER class=4 original_ops=15575 new_ops=12359 symbolic_rank_gates=84 paired_macros=116 conditional_clean=true
FOLD20_T10_RANK4 j=3 last=true low=true old_ops=15575 ops=12359
Q792_JOINT_CODEC held_predicates=7 all_existing_dirty=true restored=true
Q792_JOINT_CODEC held_predicates=7 all_existing_dirty=true restored=true
RANK4_LOWER class=3 original_ops=66097 new_ops=56457 symbolic_rank_gates=704 paired_macros=752 conditional_clean=true
FOLD20_T10_RANK4 j=3 last=false low=true old_ops=66097 ops=56457
FOLD20_PASSIVE_LOWER old=688 new=1138 macros=8 gathers=0
FOLD20_PASSIVE_LOWER old=260 new=664 macros=6 gathers=0
FOLD20_PASSIVE_LOWER old=1082 new=6864 macros=22 gathers=0
Q796_HOLE block=123 j=0 touches=0
Q796_HOLE block=123 j=0 touches=0
Q796_HOLE block=123 j=0 touches=0
FOLD20_FULL_STEP_BLOCK block=123 j=0 ops=355908 T=214815 physical=564 PASS
RANK4_LOWER class=4 original_ops=15679 new_ops=12447 symbolic_rank_gates=84 paired_macros=116 conditional_clean=true
FOLD20_T10_RANK4 j=3 last=true low=true old_ops=15679 ops=12447
Q792_JOINT_CODEC held_predicates=9 all_existing_dirty=true restored=true
Q792_JOINT_CODEC held_predicates=9 all_existing_dirty=true restored=true
RANK4_LOWER class=3 original_ops=67437 new_ops=57597 symbolic_rank_gates=704 paired_macros=760 conditional_clean=true
FOLD20_T10_RANK4 j=3 last=false low=true old_ops=67437 ops=57597
FOLD20_PASSIVE_LOWER old=688 new=1138 macros=8 gathers=0
FOLD20_PASSIVE_LOWER old=260 new=664 macros=6 gathers=0
FOLD20_PASSIVE_LOWER old=1082 new=6864 macros=22 gathers=0
Q796_HOLE block=124 j=0 touches=0
Q796_HOLE block=124 j=0 touches=0
Q796_HOLE block=124 j=0 touches=0
FOLD20_FULL_STEP_BLOCK block=124 j=0 ops=357824 T=215915 physical=564 PASS
RANK4_LOWER class=4 original_ops=15789 new_ops=12541 symbolic_rank_gates=84 paired_macros=116 conditional_clean=true
FOLD20_T10_RANK4 j=3 last=true low=true old_ops=15789 ops=12541
Q792_JOINT_CODEC held_predicates=13 all_existing_dirty=true restored=true
Q792_JOINT_CODEC held_predicates=13 all_existing_dirty=true restored=true
RANK4_LOWER class=3 original_ops=71389 new_ops=60579 symbolic_rank_gates=704 paired_macros=778 conditional_clean=true
FOLD20_T10_RANK4 j=3 last=false low=true old_ops=71389 ops=60579
FOLD20_PASSIVE_LOWER old=688 new=1138 macros=8 gathers=0
FOLD20_PASSIVE_LOWER old=260 new=664 macros=6 gathers=0
FOLD20_PASSIVE_LOWER old=1082 new=6864 macros=22 gathers=0
Q796_HOLE block=125 j=0 touches=0
Q796_HOLE block=125 j=0 touches=0
Q796_HOLE block=125 j=0 touches=0
FOLD20_FULL_STEP_BLOCK block=125 j=0 ops=361276 T=217997 physical=564 PASS
RANK4_LOWER class=4 original_ops=15857 new_ops=12593 symbolic_rank_gates=84 paired_macros=116 conditional_clean=true
FOLD20_T10_RANK4 j=3 last=true low=true old_ops=15857 ops=12593
Q792_JOINT_CODEC held_predicates=13 all_existing_dirty=true restored=true
Q792_JOINT_CODEC held_predicates=13 all_existing_dirty=true restored=true
RANK4_LOWER class=3 original_ops=71529 new_ops=60703 symbolic_rank_gates=704 paired_macros=778 conditional_clean=true
FOLD20_T10_RANK4 j=3 last=false low=true old_ops=71529 ops=60703
FOLD20_PASSIVE_LOWER old=688 new=1138 macros=8 gathers=0
FOLD20_PASSIVE_LOWER old=260 new=664 macros=6 gathers=0
FOLD20_PASSIVE_LOWER old=1082 new=6864 macros=22 gathers=0
Q796_HOLE block=126 j=0 touches=0
Q796_HOLE block=126 j=0 touches=0
Q796_HOLE block=126 j=0 touches=0
FOLD20_FULL_STEP_BLOCK block=126 j=0 ops=361454 T=218119 physical=564 PASS
RANK4_LOWER class=4 original_ops=15857 new_ops=12593 symbolic_rank_gates=84 paired_macros=116 conditional_clean=true
FOLD20_T10_RANK4 j=3 last=true low=true old_ops=15857 ops=12593
Q792_JOINT_CODEC held_predicates=13 all_existing_dirty=true restored=true
Q792_JOINT_CODEC held_predicates=13 all_existing_dirty=true restored=true
RANK4_LOWER class=3 original_ops=71529 new_ops=60703 symbolic_rank_gates=704 paired_macros=778 conditional_clean=true
FOLD20_T10_RANK4 j=3 last=false low=true old_ops=71529 ops=60703
FOLD20_PASSIVE_LOWER old=688 new=1138 macros=8 gathers=0
FOLD20_PASSIVE_LOWER old=260 new=664 macros=6 gathers=0
FOLD20_PASSIVE_LOWER old=1082 new=6864 macros=22 gathers=0
Q796_HOLE block=127 j=0 touches=0
Q796_HOLE block=127 j=0 touches=0
Q796_HOLE block=127 j=0 touches=0
FOLD20_FULL_STEP_BLOCK block=127 j=0 ops=361134 T=217901 physical=564 PASS
RANK4_LOWER class=4 original_ops=15857 new_ops=12593 symbolic_rank_gates=84 paired_macros=116 conditional_clean=true
FOLD20_T10_RANK4 j=3 last=true low=true old_ops=15857 ops=12593
Q792_JOINT_CODEC held_predicates=13 all_existing_dirty=true restored=true
Q792_JOINT_CODEC held_predicates=13 all_existing_dirty=true restored=true
RANK4_LOWER class=3 original_ops=71529 new_ops=60703 symbolic_rank_gates=704 paired_macros=778 conditional_clean=true
FOLD20_T10_RANK4 j=3 last=false low=true old_ops=71529 ops=60703
FOLD20_PASSIVE_LOWER old=688 new=1138 macros=8 gathers=0
FOLD20_PASSIVE_LOWER old=260 new=664 macros=6 gathers=0
FOLD20_PASSIVE_LOWER old=1082 new=6864 macros=22 gathers=0
Q796_HOLE block=128 j=0 touches=0
Q796_HOLE block=128 j=0 touches=0
Q796_HOLE block=128 j=0 touches=0
FOLD20_FULL_STEP_BLOCK block=128 j=0 ops=360876 T=217719 physical=564 PASS
RANK4_LOWER class=4 original_ops=15857 new_ops=12593 symbolic_rank_gates=84 paired_macros=116 conditional_clean=true
FOLD20_T10_RANK4 j=3 last=true low=true old_ops=15857 ops=12593
Q792_JOINT_CODEC held_predicates=13 all_existing_dirty=true restored=true
Q792_JOINT_CODEC held_predicates=13 all_existing_dirty=true restored=true
RANK4_LOWER class=3 original_ops=71529 new_ops=60703 symbolic_rank_gates=704 paired_macros=778 conditional_clean=true
FOLD20_T10_RANK4 j=3 last=false low=true old_ops=71529 ops=60703
FOLD20_PASSIVE_LOWER old=688 new=1138 macros=8 gathers=0
FOLD20_PASSIVE_LOWER old=260 new=664 macros=6 gathers=0
FOLD20_PASSIVE_LOWER old=1082 new=6864 macros=22 gathers=0
Q796_HOLE block=129 j=0 touches=0
Q796_HOLE block=129 j=0 touches=0
Q796_HOLE block=129 j=0 touches=0
FOLD20_FULL_STEP_BLOCK block=129 j=0 ops=360550 T=217503 physical=564 PASS
RANK4_LOWER class=4 original_ops=15719 new_ops=12479 symbolic_rank_gates=84 paired_macros=116 conditional_clean=true
FOLD20_T10_RANK4 j=3 last=true low=true old_ops=15719 ops=12479
Q792_JOINT_CODEC held_predicates=7 all_existing_dirty=true restored=true
Q792_JOINT_CODEC held_predicates=7 all_existing_dirty=true restored=true
RANK4_LOWER class=3 original_ops=66097 new_ops=55195 symbolic_rank_gates=704 paired_macros=742 conditional_clean=true
FOLD20_T10_RANK4 j=3 last=false low=true old_ops=66097 ops=55195
FOLD20_PASSIVE_LOWER old=688 new=1138 macros=8 gathers=0
FOLD20_PASSIVE_LOWER old=260 new=664 macros=6 gathers=0
FOLD20_PASSIVE_LOWER old=1082 new=6864 macros=22 gathers=0
Q796_HOLE block=130 j=0 touches=0
Q796_HOLE block=130 j=0 touches=0
Q796_HOLE block=130 j=0 touches=0
FOLD20_FULL_STEP_BLOCK block=130 j=0 ops=337496 T=200299 physical=564 PASS
RANK4_LOWER class=4 original_ops=15619 new_ops=12395 symbolic_rank_gates=84 paired_macros=116 conditional_clean=true
FOLD20_T10_RANK4 j=3 last=true low=true old_ops=15619 ops=12395
Q792_JOINT_CODEC held_predicates=7 all_existing_dirty=true restored=true
Q792_JOINT_CODEC held_predicates=7 all_existing_dirty=true restored=true
RANK4_LOWER class=3 original_ops=65775 new_ops=54949 symbolic_rank_gates=704 paired_macros=742 conditional_clean=true
FOLD20_T10_RANK4 j=3 last=false low=true old_ops=65775 ops=54949
FOLD20_PASSIVE_LOWER old=688 new=1138 macros=8 gathers=0
FOLD20_PASSIVE_LOWER old=260 new=664 macros=6 gathers=0
FOLD20_PASSIVE_LOWER old=1082 new=6864 macros=22 gathers=0
Q796_HOLE block=131 j=0 touches=0
Q796_HOLE block=131 j=0 touches=0
Q796_HOLE block=131 j=0 touches=0
FOLD20_FULL_STEP_BLOCK block=131 j=0 ops=335886 T=199417 physical=564 PASS
RANK4_LOWER class=4 original_ops=15457 new_ops=12273 symbolic_rank_gates=84 paired_macros=116 conditional_clean=true
FOLD20_T10_RANK4 j=3 last=true low=true old_ops=15457 ops=12273
Q792_JOINT_CODEC held_predicates=7 all_existing_dirty=true restored=true
Q792_JOINT_CODEC held_predicates=7 all_existing_dirty=true restored=true
RANK4_LOWER class=3 original_ops=65351 new_ops=54611 symbolic_rank_gates=704 paired_macros=742 conditional_clean=true
FOLD20_T10_RANK4 j=3 last=false low=true old_ops=65351 ops=54611
FOLD20_PASSIVE_LOWER old=688 new=1138 macros=8 gathers=0
FOLD20_PASSIVE_LOWER old=260 new=664 macros=6 gathers=0
FOLD20_PASSIVE_LOWER old=1082 new=6864 macros=22 gathers=0
Q796_HOLE block=132 j=0 touches=0
Q796_HOLE block=132 j=0 touches=0
Q796_HOLE block=132 j=0 touches=0
FOLD20_FULL_STEP_BLOCK block=132 j=0 ops=333724 T=198323 physical=564 PASS
RANK4_LOWER class=4 original_ops=15351 new_ops=12187 symbolic_rank_gates=84 paired_macros=116 conditional_clean=true
FOLD20_T10_RANK4 j=3 last=true low=true old_ops=15351 ops=12187
Q792_JOINT_CODEC held_predicates=7 all_existing_dirty=true restored=true
Q792_JOINT_CODEC held_predicates=7 all_existing_dirty=true restored=true
RANK4_LOWER class=3 original_ops=65041 new_ops=54353 symbolic_rank_gates=704 paired_macros=742 conditional_clean=true
FOLD20_T10_RANK4 j=3 last=false low=true old_ops=65041 ops=54353
FOLD20_PASSIVE_LOWER old=688 new=1138 macros=8 gathers=0
FOLD20_PASSIVE_LOWER old=260 new=664 macros=6 gathers=0
FOLD20_PASSIVE_LOWER old=1082 new=6864 macros=22 gathers=0
Q796_HOLE block=133 j=0 touches=0
Q796_HOLE block=133 j=0 touches=0
Q796_HOLE block=133 j=0 touches=0
FOLD20_FULL_STEP_BLOCK block=133 j=0 ops=331888 T=197429 physical=564 PASS
RANK4_LOWER class=4 original_ops=15193 new_ops=12065 symbolic_rank_gates=84 paired_macros=116 conditional_clean=true
FOLD20_T10_RANK4 j=3 last=true low=true old_ops=15193 ops=12065
Q792_JOINT_CODEC held_predicates=7 all_existing_dirty=true restored=true
Q792_JOINT_CODEC held_predicates=7 all_existing_dirty=true restored=true
RANK4_LOWER class=3 original_ops=64625 new_ops=54017 symbolic_rank_gates=704 paired_macros=742 conditional_clean=true
FOLD20_T10_RANK4 j=3 last=false low=true old_ops=64625 ops=54017
FOLD20_PASSIVE_LOWER old=688 new=1138 macros=8 gathers=0
FOLD20_PASSIVE_LOWER old=260 new=664 macros=6 gathers=0
FOLD20_PASSIVE_LOWER old=1082 new=6864 macros=22 gathers=0
Q796_HOLE block=134 j=0 touches=0
Q796_HOLE block=134 j=0 touches=0
Q796_HOLE block=134 j=0 touches=0
FOLD20_FULL_STEP_BLOCK block=134 j=0 ops=329878 T=196443 physical=564 PASS
RANK4_LOWER class=4 original_ops=15087 new_ops=11979 symbolic_rank_gates=84 paired_macros=116 conditional_clean=true
FOLD20_T10_RANK4 j=3 last=true low=true old_ops=15087 ops=11979
Q792_JOINT_CODEC held_predicates=7 all_existing_dirty=true restored=true
Q792_JOINT_CODEC held_predicates=7 all_existing_dirty=true restored=true
RANK4_LOWER class=3 original_ops=64311 new_ops=53771 symbolic_rank_gates=704 paired_macros=742 conditional_clean=true
FOLD20_T10_RANK4 j=3 last=false low=true old_ops=64311 ops=53771
FOLD20_PASSIVE_LOWER old=688 new=1138 macros=8 gathers=0
FOLD20_PASSIVE_LOWER old=260 new=664 macros=6 gathers=0
FOLD20_PASSIVE_LOWER old=1082 new=6864 macros=22 gathers=0
Q796_HOLE block=135 j=0 touches=0
Q796_HOLE block=135 j=0 touches=0
Q796_HOLE block=135 j=0 touches=0
FOLD20_FULL_STEP_BLOCK block=135 j=0 ops=328164 T=195539 physical=564 PASS
RANK4_LOWER class=4 original_ops=14929 new_ops=11857 symbolic_rank_gates=84 paired_macros=116 conditional_clean=true
FOLD20_T10_RANK4 j=3 last=true low=true old_ops=14929 ops=11857
Q792_JOINT_CODEC held_predicates=7 all_existing_dirty=true restored=true
Q792_JOINT_CODEC held_predicates=7 all_existing_dirty=true restored=true
RANK4_LOWER class=3 original_ops=63903 new_ops=53435 symbolic_rank_gates=704 paired_macros=742 conditional_clean=true
FOLD20_T10_RANK4 j=3 last=false low=true old_ops=63903 ops=53435
FOLD20_PASSIVE_LOWER old=688 new=1138 macros=8 gathers=0
FOLD20_PASSIVE_LOWER old=260 new=664 macros=6 gathers=0
FOLD20_PASSIVE_LOWER old=1082 new=6864 macros=22 gathers=0
Q796_HOLE block=136 j=0 touches=0
Q796_HOLE block=136 j=0 touches=0
Q796_HOLE block=136 j=0 touches=0
FOLD20_FULL_STEP_BLOCK block=136 j=0 ops=326038 T=194451 physical=564 PASS
RANK4_LOWER class=4 original_ops=14827 new_ops=11771 symbolic_rank_gates=84 paired_macros=116 conditional_clean=true
FOLD20_T10_RANK4 j=3 last=true low=true old_ops=14827 ops=11771
Q792_JOINT_CODEC held_predicates=7 all_existing_dirty=true restored=true
Q792_JOINT_CODEC held_predicates=7 all_existing_dirty=true restored=true
RANK4_LOWER class=3 original_ops=63601 new_ops=53177 symbolic_rank_gates=704 paired_macros=742 conditional_clean=true
FOLD20_T10_RANK4 j=3 last=false low=true old_ops=63601 ops=53177
FOLD20_PASSIVE_LOWER old=688 new=1138 macros=8 gathers=0
FOLD20_PASSIVE_LOWER old=260 new=664 macros=6 gathers=0
FOLD20_PASSIVE_LOWER old=1082 new=6864 macros=22 gathers=0
Q796_HOLE block=137 j=0 touches=0
Q796_HOLE block=137 j=0 touches=0
Q796_HOLE block=137 j=0 touches=0
FOLD20_FULL_STEP_BLOCK block=137 j=0 ops=324070 T=193463 physical=564 PASS
RANK4_LOWER class=4 original_ops=14727 new_ops=11687 symbolic_rank_gates=84 paired_macros=116 conditional_clean=true
FOLD20_T10_RANK4 j=3 last=true low=true old_ops=14727 ops=11687
Q792_JOINT_CODEC held_predicates=7 all_existing_dirty=true restored=true
Q792_JOINT_CODEC held_predicates=7 all_existing_dirty=true restored=true
RANK4_LOWER class=3 original_ops=63303 new_ops=52931 symbolic_rank_gates=704 paired_macros=742 conditional_clean=true
FOLD20_T10_RANK4 j=3 last=false low=true old_ops=63303 ops=52931
FOLD20_PASSIVE_LOWER old=688 new=1138 macros=8 gathers=0
FOLD20_PASSIVE_LOWER old=260 new=664 macros=6 gathers=0
FOLD20_PASSIVE_LOWER old=1082 new=6864 macros=22 gathers=0
Q796_HOLE block=138 j=0 touches=0
Q796_HOLE block=138 j=0 touches=0
Q796_HOLE block=138 j=0 touches=0
FOLD20_FULL_STEP_BLOCK block=138 j=0 ops=322578 T=192707 physical=564 PASS
RANK4_LOWER class=4 original_ops=14541 new_ops=11533 symbolic_rank_gates=84 paired_macros=116 conditional_clean=true
FOLD20_T10_RANK4 j=3 last=true low=true old_ops=14541 ops=11533
Q792_JOINT_CODEC held_predicates=7 all_existing_dirty=true restored=true
Q792_JOINT_CODEC held_predicates=7 all_existing_dirty=true restored=true
RANK4_LOWER class=3 original_ops=62655 new_ops=52363 symbolic_rank_gates=704 paired_macros=742 conditional_clean=true
FOLD20_T10_RANK4 j=3 last=false low=true old_ops=62655 ops=52363
FOLD20_PASSIVE_LOWER old=688 new=1138 macros=8 gathers=0
FOLD20_PASSIVE_LOWER old=260 new=664 macros=6 gathers=0
FOLD20_PASSIVE_LOWER old=1082 new=6864 macros=22 gathers=0
Q796_HOLE block=139 j=0 touches=0
Q796_HOLE block=139 j=0 touches=0
Q796_HOLE block=139 j=0 touches=0
FOLD20_FULL_STEP_BLOCK block=139 j=0 ops=319814 T=191311 physical=564 PASS
RANK4_LOWER class=4 original_ops=14435 new_ops=11447 symbolic_rank_gates=84 paired_macros=116 conditional_clean=true
FOLD20_T10_RANK4 j=3 last=true low=true old_ops=14435 ops=11447
Q792_JOINT_CODEC held_predicates=7 all_existing_dirty=true restored=true
Q792_JOINT_CODEC held_predicates=7 all_existing_dirty=true restored=true
RANK4_LOWER class=3 original_ops=62369 new_ops=52129 symbolic_rank_gates=704 paired_macros=742 conditional_clean=true
FOLD20_T10_RANK4 j=3 last=false low=true old_ops=62369 ops=52129
FOLD20_PASSIVE_LOWER old=688 new=1138 macros=8 gathers=0
FOLD20_PASSIVE_LOWER old=260 new=664 macros=6 gathers=0
FOLD20_PASSIVE_LOWER old=1082 new=6864 macros=22 gathers=0
Q796_HOLE block=140 j=0 touches=0
Q796_HOLE block=140 j=0 touches=0
Q796_HOLE block=140 j=0 touches=0
FOLD20_FULL_STEP_BLOCK block=140 j=0 ops=318156 T=190519 physical=564 PASS
RANK4_LOWER class=4 original_ops=14281 new_ops=11329 symbolic_rank_gates=84 paired_macros=116 conditional_clean=true
FOLD20_T10_RANK4 j=3 last=true low=true old_ops=14281 ops=11329
Q792_JOINT_CODEC held_predicates=7 all_existing_dirty=true restored=true
Q792_JOINT_CODEC held_predicates=7 all_existing_dirty=true restored=true
RANK4_LOWER class=3 original_ops=61993 new_ops=51825 symbolic_rank_gates=704 paired_macros=742 conditional_clean=true
FOLD20_T10_RANK4 j=3 last=false low=true old_ops=61993 ops=51825
FOLD20_PASSIVE_LOWER old=688 new=1138 macros=8 gathers=0
FOLD20_PASSIVE_LOWER old=260 new=664 macros=6 gathers=0
FOLD20_PASSIVE_LOWER old=1082 new=6864 macros=22 gathers=0
Q796_HOLE block=141 j=0 touches=0
Q796_HOLE block=141 j=0 touches=0
Q796_HOLE block=141 j=0 touches=0
FOLD20_FULL_STEP_BLOCK block=141 j=0 ops=316000 T=189411 physical=564 PASS
RANK4_LOWER class=4 original_ops=14175 new_ops=11243 symbolic_rank_gates=84 paired_macros=116 conditional_clean=true
FOLD20_T10_RANK4 j=3 last=true low=true old_ops=14175 ops=11243
Q792_JOINT_CODEC held_predicates=7 all_existing_dirty=true restored=true
Q792_JOINT_CODEC held_predicates=7 all_existing_dirty=true restored=true
RANK4_LOWER class=3 original_ops=61715 new_ops=51603 symbolic_rank_gates=704 paired_macros=742 conditional_clean=true
FOLD20_T10_RANK4 j=3 last=false low=true old_ops=61715 ops=51603
FOLD20_PASSIVE_LOWER old=688 new=1138 macros=8 gathers=0
FOLD20_PASSIVE_LOWER old=260 new=664 macros=6 gathers=0
FOLD20_PASSIVE_LOWER old=1082 new=6864 macros=22 gathers=0
Q796_HOLE block=142 j=0 touches=0
Q796_HOLE block=142 j=0 touches=0
Q796_HOLE block=142 j=0 touches=0
FOLD20_FULL_STEP_BLOCK block=142 j=0 ops=314544 T=188681 physical=564 PASS
RANK4_LOWER class=4 original_ops=14017 new_ops=11117 symbolic_rank_gates=84 paired_macros=116 conditional_clean=true
FOLD20_T10_RANK4 j=3 last=true low=true old_ops=14017 ops=11117
Q792_JOINT_CODEC held_predicates=7 all_existing_dirty=true restored=true
Q792_JOINT_CODEC held_predicates=7 all_existing_dirty=true restored=true
RANK4_LOWER class=3 original_ops=61231 new_ops=51179 symbolic_rank_gates=704 paired_macros=742 conditional_clean=true
FOLD20_T10_RANK4 j=3 last=false low=true old_ops=61231 ops=51179
FOLD20_PASSIVE_LOWER old=688 new=1138 macros=8 gathers=0
FOLD20_PASSIVE_LOWER old=260 new=664 macros=6 gathers=0
FOLD20_PASSIVE_LOWER old=1082 new=6864 macros=22 gathers=0
Q796_HOLE block=143 j=0 touches=0
Q796_HOLE block=143 j=0 touches=0
Q796_HOLE block=143 j=0 touches=0
FOLD20_FULL_STEP_BLOCK block=143 j=0 ops=312168 T=187451 physical=564 PASS
RANK4_LOWER class=4 original_ops=13915 new_ops=11031 symbolic_rank_gates=84 paired_macros=116 conditional_clean=true
FOLD20_T10_RANK4 j=3 last=true low=true old_ops=13915 ops=11031
Q792_JOINT_CODEC held_predicates=7 all_existing_dirty=true restored=true
Q792_JOINT_CODEC held_predicates=7 all_existing_dirty=true restored=true
RANK4_LOWER class=3 original_ops=60977 new_ops=50969 symbolic_rank_gates=704 paired_macros=742 conditional_clean=true
FOLD20_T10_RANK4 j=3 last=false low=true old_ops=60977 ops=50969
FOLD20_PASSIVE_LOWER old=688 new=1138 macros=8 gathers=0
FOLD20_PASSIVE_LOWER old=260 new=664 macros=6 gathers=0
FOLD20_PASSIVE_LOWER old=1082 new=6864 macros=22 gathers=0
Q796_HOLE block=144 j=0 touches=0
Q796_HOLE block=144 j=0 touches=0
Q796_HOLE block=144 j=0 touches=0
FOLD20_FULL_STEP_BLOCK block=144 j=0 ops=310254 T=186501 physical=564 PASS
RANK4_LOWER class=4 original_ops=13765 new_ops=10913 symbolic_rank_gates=84 paired_macros=116 conditional_clean=true
FOLD20_T10_RANK4 j=3 last=true low=true old_ops=13765 ops=10913
Q792_JOINT_CODEC held_predicates=7 all_existing_dirty=true restored=true
Q792_JOINT_CODEC held_predicates=7 all_existing_dirty=true restored=true
RANK4_LOWER class=3 original_ops=60585 new_ops=50633 symbolic_rank_gates=704 paired_macros=742 conditional_clean=true
FOLD20_T10_RANK4 j=3 last=false low=true old_ops=60585 ops=50633
FOLD20_PASSIVE_LOWER old=688 new=1138 macros=8 gathers=0
FOLD20_PASSIVE_LOWER old=260 new=664 macros=6 gathers=0
FOLD20_PASSIVE_LOWER old=1082 new=6864 macros=22 gathers=0
Q796_HOLE block=145 j=0 touches=0
Q796_HOLE block=145 j=0 touches=0
Q796_HOLE block=145 j=0 touches=0
FOLD20_FULL_STEP_BLOCK block=145 j=0 ops=308122 T=185409 physical=564 PASS
RANK4_LOWER class=4 original_ops=13665 new_ops=10829 symbolic_rank_gates=84 paired_macros=116 conditional_clean=true
FOLD20_T10_RANK4 j=3 last=true low=true old_ops=13665 ops=10829
Q792_JOINT_CODEC held_predicates=7 all_existing_dirty=true restored=true
Q792_JOINT_CODEC held_predicates=7 all_existing_dirty=true restored=true
RANK4_LOWER class=3 original_ops=60359 new_ops=50459 symbolic_rank_gates=704 paired_macros=742 conditional_clean=true
FOLD20_T10_RANK4 j=3 last=false low=true old_ops=60359 ops=50459
FOLD20_PASSIVE_LOWER old=688 new=1138 macros=8 gathers=0
FOLD20_PASSIVE_LOWER old=260 new=664 macros=6 gathers=0
FOLD20_PASSIVE_LOWER old=1082 new=6864 macros=22 gathers=0
Q796_HOLE block=146 j=0 touches=0
Q796_HOLE block=146 j=0 touches=0
Q796_HOLE block=146 j=0 touches=0
FOLD20_FULL_STEP_BLOCK block=146 j=0 ops=306546 T=184571 physical=564 PASS
RANK4_LOWER class=4 original_ops=13523 new_ops=10709 symbolic_rank_gates=84 paired_macros=116 conditional_clean=true
FOLD20_T10_RANK4 j=3 last=true low=true old_ops=13523 ops=10709
Q792_JOINT_CODEC held_predicates=7 all_existing_dirty=true restored=true
Q792_JOINT_CODEC held_predicates=7 all_existing_dirty=true restored=true
RANK4_LOWER class=3 original_ops=60063 new_ops=50205 symbolic_rank_gates=704 paired_macros=742 conditional_clean=true
FOLD20_T10_RANK4 j=3 last=false low=true old_ops=60063 ops=50205
FOLD20_PASSIVE_LOWER old=688 new=1138 macros=8 gathers=0
FOLD20_PASSIVE_LOWER old=260 new=664 macros=6 gathers=0
FOLD20_PASSIVE_LOWER old=1082 new=6864 macros=22 gathers=0
Q796_HOLE block=147 j=0 touches=0
Q796_HOLE block=147 j=0 touches=0
Q796_HOLE block=147 j=0 touches=0
FOLD20_FULL_STEP_BLOCK block=147 j=0 ops=304450 T=183451 physical=564 PASS
RANK4_LOWER class=4 original_ops=13015 new_ops=10499 symbolic_rank_gates=48 paired_macros=74 conditional_clean=true
FOLD20_T10_RANK4 j=3 last=true low=true old_ops=13015 ops=10499
Q792_JOINT_CODEC held_predicates=7 all_existing_dirty=true restored=true
Q792_JOINT_CODEC held_predicates=7 all_existing_dirty=true restored=true
RANK4_LOWER class=3 original_ops=58973 new_ops=49781 symbolic_rank_gates=608 paired_macros=650 conditional_clean=true
FOLD20_T10_RANK4 j=3 last=false low=true old_ops=58973 ops=49781
FOLD20_PASSIVE_LOWER old=688 new=1138 macros=8 gathers=0
FOLD20_PASSIVE_LOWER old=260 new=664 macros=6 gathers=0
FOLD20_PASSIVE_LOWER old=1082 new=6864 macros=22 gathers=0
Q796_HOLE block=148 j=0 touches=0
Q796_HOLE block=148 j=0 touches=0
Q796_HOLE block=148 j=0 touches=0
FOLD20_FULL_STEP_BLOCK block=148 j=0 ops=295774 T=178541 physical=564 PASS
RANK4_LOWER class=4 original_ops=12909 new_ops=10413 symbolic_rank_gates=48 paired_macros=74 conditional_clean=true
FOLD20_T10_RANK4 j=3 last=true low=true old_ops=12909 ops=10413
Q792_JOINT_CODEC held_predicates=7 all_existing_dirty=true restored=true
Q792_JOINT_CODEC held_predicates=7 all_existing_dirty=true restored=true
RANK4_LOWER class=3 original_ops=58647 new_ops=49535 symbolic_rank_gates=608 paired_macros=650 conditional_clean=true
FOLD20_T10_RANK4 j=3 last=false low=true old_ops=58647 ops=49535
FOLD20_PASSIVE_LOWER old=688 new=1138 macros=8 gathers=0
FOLD20_PASSIVE_LOWER old=260 new=664 macros=6 gathers=0
FOLD20_PASSIVE_LOWER old=1082 new=6864 macros=22 gathers=0
Q796_HOLE block=149 j=0 touches=0
Q796_HOLE block=149 j=0 touches=0
Q796_HOLE block=149 j=0 touches=0
FOLD20_FULL_STEP_BLOCK block=149 j=0 ops=294164 T=177715 physical=564 PASS
RANK4_LOWER class=4 original_ops=12747 new_ops=10291 symbolic_rank_gates=48 paired_macros=74 conditional_clean=true
FOLD20_T10_RANK4 j=3 last=true low=true old_ops=12747 ops=10291
Q792_JOINT_CODEC held_predicates=7 all_existing_dirty=true restored=true
Q792_JOINT_CODEC held_predicates=7 all_existing_dirty=true restored=true
RANK4_LOWER class=3 original_ops=58223 new_ops=49199 symbolic_rank_gates=608 paired_macros=650 conditional_clean=true
FOLD20_T10_RANK4 j=3 last=false low=true old_ops=58223 ops=49199
FOLD20_PASSIVE_LOWER old=688 new=1138 macros=8 gathers=0
FOLD20_PASSIVE_LOWER old=260 new=664 macros=6 gathers=0
FOLD20_PASSIVE_LOWER old=1082 new=6864 macros=22 gathers=0
Q796_HOLE block=150 j=0 touches=0
Q796_HOLE block=150 j=0 touches=0
Q796_HOLE block=150 j=0 touches=0
FOLD20_FULL_STEP_BLOCK block=150 j=0 ops=292012 T=176607 physical=564 PASS
RANK4_LOWER class=4 original_ops=12645 new_ops=10205 symbolic_rank_gates=48 paired_macros=74 conditional_clean=true
FOLD20_T10_RANK4 j=3 last=true low=true old_ops=12645 ops=10205
Q792_JOINT_CODEC held_predicates=7 all_existing_dirty=true restored=true
Q792_JOINT_CODEC held_predicates=7 all_existing_dirty=true restored=true
RANK4_LOWER class=3 original_ops=57909 new_ops=48941 symbolic_rank_gates=608 paired_macros=650 conditional_clean=true
FOLD20_T10_RANK4 j=3 last=false low=true old_ops=57909 ops=48941
FOLD20_PASSIVE_LOWER old=688 new=1138 macros=8 gathers=0
FOLD20_PASSIVE_LOWER old=260 new=664 macros=6 gathers=0
FOLD20_PASSIVE_LOWER old=1082 new=6864 macros=22 gathers=0
Q796_HOLE block=151 j=0 touches=0
Q796_HOLE block=151 j=0 touches=0
Q796_HOLE block=151 j=0 touches=0
FOLD20_FULL_STEP_BLOCK block=151 j=0 ops=290340 T=175819 physical=564 PASS
RANK4_LOWER class=4 original_ops=12487 new_ops=10083 symbolic_rank_gates=48 paired_macros=74 conditional_clean=true
FOLD20_T10_RANK4 j=3 last=true low=true old_ops=12487 ops=10083
Q792_JOINT_CODEC held_predicates=7 all_existing_dirty=true restored=true
Q792_JOINT_CODEC held_predicates=7 all_existing_dirty=true restored=true
RANK4_LOWER class=3 original_ops=57501 new_ops=48577 symbolic_rank_gates=608 paired_macros=650 conditional_clean=true
FOLD20_T10_RANK4 j=3 last=false low=true old_ops=57501 ops=48577
FOLD20_PASSIVE_LOWER old=688 new=1138 macros=8 gathers=0
FOLD20_PASSIVE_LOWER old=260 new=664 macros=6 gathers=0
FOLD20_PASSIVE_LOWER old=1082 new=6864 macros=22 gathers=0
Q796_HOLE block=152 j=0 touches=0
Q796_HOLE block=152 j=0 touches=0
Q796_HOLE block=152 j=0 touches=0
FOLD20_FULL_STEP_BLOCK block=152 j=0 ops=288200 T=174717 physical=564 PASS
RANK4_LOWER class=4 original_ops=12387 new_ops=9999 symbolic_rank_gates=48 paired_macros=74 conditional_clean=true
FOLD20_T10_RANK4 j=3 last=true low=true old_ops=12387 ops=9999
Q792_JOINT_CODEC held_predicates=7 all_existing_dirty=true restored=true
Q792_JOINT_CODEC held_predicates=7 all_existing_dirty=true restored=true
RANK4_LOWER class=3 original_ops=57179 new_ops=48331 symbolic_rank_gates=608 paired_macros=650 conditional_clean=true
FOLD20_T10_RANK4 j=3 last=false low=true old_ops=57179 ops=48331
FOLD20_PASSIVE_LOWER old=688 new=1138 macros=8 gathers=0
FOLD20_PASSIVE_LOWER old=260 new=664 macros=6 gathers=0
FOLD20_PASSIVE_LOWER old=1082 new=6864 macros=22 gathers=0
Q796_HOLE block=153 j=0 touches=0
Q796_HOLE block=153 j=0 touches=0
Q796_HOLE block=153 j=0 touches=0
FOLD20_FULL_STEP_BLOCK block=153 j=0 ops=286676 T=173915 physical=564 PASS
RANK4_LOWER class=4 original_ops=12249 new_ops=9885 symbolic_rank_gates=48 paired_macros=74 conditional_clean=true
FOLD20_T10_RANK4 j=3 last=true low=true old_ops=12249 ops=9885
Q792_JOINT_CODEC held_predicates=7 all_existing_dirty=true restored=true
Q792_JOINT_CODEC held_predicates=7 all_existing_dirty=true restored=true
RANK4_LOWER class=3 original_ops=56767 new_ops=47965 symbolic_rank_gates=608 paired_macros=650 conditional_clean=true
FOLD20_T10_RANK4 j=3 last=false low=true old_ops=56767 ops=47965
FOLD20_PASSIVE_LOWER old=688 new=1138 macros=8 gathers=0
FOLD20_PASSIVE_LOWER old=260 new=664 macros=6 gathers=0
FOLD20_PASSIVE_LOWER old=1082 new=6864 macros=22 gathers=0
Q796_HOLE block=154 j=0 touches=0
Q796_HOLE block=154 j=0 touches=0
Q796_HOLE block=154 j=0 touches=0
FOLD20_FULL_STEP_BLOCK block=154 j=0 ops=284468 T=172787 physical=564 PASS
RANK4_LOWER class=4 original_ops=12123 new_ops=9791 symbolic_rank_gates=48 paired_macros=74 conditional_clean=true
FOLD20_T10_RANK4 j=3 last=true low=true old_ops=12123 ops=9791
Q792_JOINT_CODEC held_predicates=7 all_existing_dirty=true restored=true
Q792_JOINT_CODEC held_predicates=7 all_existing_dirty=true restored=true
RANK4_LOWER class=3 original_ops=56461 new_ops=47673 symbolic_rank_gates=608 paired_macros=650 conditional_clean=true
FOLD20_T10_RANK4 j=3 last=false low=true old_ops=56461 ops=47673
FOLD20_PASSIVE_LOWER old=688 new=1138 macros=8 gathers=0
FOLD20_PASSIVE_LOWER old=260 new=664 macros=6 gathers=0
FOLD20_PASSIVE_LOWER old=1082 new=6864 macros=22 gathers=0
Q796_HOLE block=155 j=0 touches=0
Q796_HOLE block=155 j=0 touches=0
Q796_HOLE block=155 j=0 touches=0
FOLD20_FULL_STEP_BLOCK block=155 j=0 ops=282998 T=172111 physical=564 PASS
RANK4_LOWER class=4 original_ops=11985 new_ops=9677 symbolic_rank_gates=48 paired_macros=74 conditional_clean=true
FOLD20_T10_RANK4 j=3 last=true low=true old_ops=11985 ops=9677
Q792_JOINT_CODEC held_predicates=7 all_existing_dirty=true restored=true
Q792_JOINT_CODEC held_predicates=7 all_existing_dirty=true restored=true
RANK4_LOWER class=3 original_ops=56061 new_ops=47293 symbolic_rank_gates=608 paired_macros=650 conditional_clean=true
FOLD20_T10_RANK4 j=3 last=false low=true old_ops=56061 ops=47293
FOLD20_PASSIVE_LOWER old=688 new=1138 macros=8 gathers=0
FOLD20_PASSIVE_LOWER old=260 new=664 macros=6 gathers=0
FOLD20_PASSIVE_LOWER old=1082 new=6864 macros=22 gathers=0
Q796_HOLE block=156 j=0 touches=0
Q796_HOLE block=156 j=0 touches=0
Q796_HOLE block=156 j=0 touches=0
FOLD20_FULL_STEP_BLOCK block=156 j=0 ops=280830 T=171015 physical=564 PASS
RANK4_LOWER class=4 original_ops=11831 new_ops=9551 symbolic_rank_gates=48 paired_macros=74 conditional_clean=true
FOLD20_T10_RANK4 j=3 last=true low=true old_ops=11831 ops=9551
Q792_JOINT_CODEC held_predicates=7 all_existing_dirty=true restored=true
Q792_JOINT_CODEC held_predicates=7 all_existing_dirty=true restored=true
RANK4_LOWER class=3 original_ops=55511 new_ops=46767 symbolic_rank_gates=608 paired_macros=650 conditional_clean=true
FOLD20_T10_RANK4 j=3 last=false low=true old_ops=55511 ops=46767
FOLD20_PASSIVE_LOWER old=688 new=1138 macros=8 gathers=0
FOLD20_PASSIVE_LOWER old=260 new=664 macros=6 gathers=0
FOLD20_PASSIVE_LOWER old=1082 new=6864 macros=22 gathers=0
Q796_HOLE block=157 j=0 touches=0
Q796_HOLE block=157 j=0 touches=0
Q796_HOLE block=157 j=0 touches=0
FOLD20_FULL_STEP_BLOCK block=157 j=0 ops=279062 T=170049 physical=564 PASS
RANK4_LOWER class=4 original_ops=11693 new_ops=9437 symbolic_rank_gates=48 paired_macros=74 conditional_clean=true
FOLD20_T10_RANK4 j=3 last=true low=true old_ops=11693 ops=9437
Q792_JOINT_CODEC held_predicates=7 all_existing_dirty=true restored=true
Q792_JOINT_CODEC held_predicates=7 all_existing_dirty=true restored=true
RANK4_LOWER class=3 original_ops=55123 new_ops=46419 symbolic_rank_gates=608 paired_macros=650 conditional_clean=true
FOLD20_T10_RANK4 j=3 last=false low=true old_ops=55123 ops=46419
FOLD20_PASSIVE_LOWER old=688 new=1138 macros=8 gathers=0
FOLD20_PASSIVE_LOWER old=260 new=664 macros=6 gathers=0
FOLD20_PASSIVE_LOWER old=1082 new=6864 macros=22 gathers=0
Q796_HOLE block=158 j=0 touches=0
Q796_HOLE block=158 j=0 touches=0
Q796_HOLE block=158 j=0 touches=0
FOLD20_FULL_STEP_BLOCK block=158 j=0 ops=276834 T=168949 physical=564 PASS
RANK4_LOWER class=4 original_ops=11575 new_ops=9347 symbolic_rank_gates=48 paired_macros=74 conditional_clean=true
FOLD20_T10_RANK4 j=3 last=true low=true old_ops=11575 ops=9347
Q792_JOINT_CODEC held_predicates=7 all_existing_dirty=true restored=true
Q792_JOINT_CODEC held_predicates=7 all_existing_dirty=true restored=true
RANK4_LOWER class=3 original_ops=54845 new_ops=46165 symbolic_rank_gates=608 paired_macros=650 conditional_clean=true
FOLD20_T10_RANK4 j=3 last=false low=true old_ops=54845 ops=46165
FOLD20_PASSIVE_LOWER old=688 new=1138 macros=8 gathers=0
FOLD20_PASSIVE_LOWER old=260 new=664 macros=6 gathers=0
FOLD20_PASSIVE_LOWER old=1082 new=6864 macros=22 gathers=0
Q796_HOLE block=159 j=0 touches=0
Q796_HOLE block=159 j=0 touches=0
Q796_HOLE block=159 j=0 touches=0
FOLD20_FULL_STEP_BLOCK block=159 j=0 ops=275248 T=168179 physical=564 PASS
RANK4_LOWER class=4 original_ops=11475 new_ops=9263 symbolic_rank_gates=48 paired_macros=74 conditional_clean=true
FOLD20_T10_RANK4 j=3 last=true low=true old_ops=11475 ops=9263
Q792_JOINT_CODEC held_predicates=7 all_existing_dirty=true restored=true
Q792_JOINT_CODEC held_predicates=7 all_existing_dirty=true restored=true
RANK4_LOWER class=3 original_ops=54559 new_ops=45939 symbolic_rank_gates=608 paired_macros=650 conditional_clean=true
FOLD20_T10_RANK4 j=3 last=false low=true old_ops=54559 ops=45939
FOLD20_PASSIVE_LOWER old=688 new=1138 macros=8 gathers=0
FOLD20_PASSIVE_LOWER old=260 new=664 macros=6 gathers=0
FOLD20_PASSIVE_LOWER old=1082 new=6864 macros=22 gathers=0
Q796_HOLE block=160 j=0 touches=0
Q796_HOLE block=160 j=0 touches=0
Q796_HOLE block=160 j=0 touches=0
FOLD20_FULL_STEP_BLOCK block=160 j=0 ops=273570 T=167291 physical=564 PASS
RANK4_LOWER class=4 original_ops=11337 new_ops=9149 symbolic_rank_gates=48 paired_macros=74 conditional_clean=true
FOLD20_T10_RANK4 j=3 last=true low=true old_ops=11337 ops=9149
Q792_JOINT_CODEC held_predicates=7 all_existing_dirty=true restored=true
Q792_JOINT_CODEC held_predicates=7 all_existing_dirty=true restored=true
RANK4_LOWER class=3 original_ops=54195 new_ops=45627 symbolic_rank_gates=608 paired_macros=650 conditional_clean=true
FOLD20_T10_RANK4 j=3 last=false low=true old_ops=54195 ops=45627
FOLD20_PASSIVE_LOWER old=688 new=1138 macros=8 gathers=0
FOLD20_PASSIVE_LOWER old=260 new=664 macros=6 gathers=0
FOLD20_PASSIVE_LOWER old=1082 new=6864 macros=22 gathers=0
Q796_HOLE block=161 j=0 touches=0
Q796_HOLE block=161 j=0 touches=0
Q796_HOLE block=161 j=0 touches=0
FOLD20_FULL_STEP_BLOCK block=161 j=0 ops=271512 T=166255 physical=564 PASS
RANK4_LOWER class=4 original_ops=11211 new_ops=9051 symbolic_rank_gates=48 paired_macros=74 conditional_clean=true
FOLD20_T10_RANK4 j=3 last=true low=true old_ops=11211 ops=9051
Q792_JOINT_CODEC held_predicates=7 all_existing_dirty=true restored=true
Q792_JOINT_CODEC held_predicates=7 all_existing_dirty=true restored=true
RANK4_LOWER class=3 original_ops=53805 new_ops=45273 symbolic_rank_gates=608 paired_macros=650 conditional_clean=true
FOLD20_T10_RANK4 j=3 last=false low=true old_ops=53805 ops=45273
FOLD20_PASSIVE_LOWER old=688 new=1138 macros=8 gathers=0
FOLD20_PASSIVE_LOWER old=260 new=664 macros=6 gathers=0
FOLD20_PASSIVE_LOWER old=1082 new=6864 macros=22 gathers=0
Q796_HOLE block=162 j=0 touches=0
Q796_HOLE block=162 j=0 touches=0
Q796_HOLE block=162 j=0 touches=0
FOLD20_FULL_STEP_BLOCK block=162 j=0 ops=269778 T=165383 physical=564 PASS
RANK4_LOWER class=4 original_ops=11073 new_ops=8937 symbolic_rank_gates=48 paired_macros=74 conditional_clean=true
FOLD20_T10_RANK4 j=3 last=true low=true old_ops=11073 ops=8937
Q792_JOINT_CODEC held_predicates=7 all_existing_dirty=true restored=true
Q792_JOINT_CODEC held_predicates=7 all_existing_dirty=true restored=true
RANK4_LOWER class=3 original_ops=53469 new_ops=44993 symbolic_rank_gates=608 paired_macros=650 conditional_clean=true
FOLD20_T10_RANK4 j=3 last=false low=true old_ops=53469 ops=44993
FOLD20_PASSIVE_LOWER old=688 new=1138 macros=8 gathers=0
FOLD20_PASSIVE_LOWER old=260 new=664 macros=6 gathers=0
FOLD20_PASSIVE_LOWER old=1082 new=6864 macros=22 gathers=0
Q796_HOLE block=163 j=0 touches=0
Q796_HOLE block=163 j=0 touches=0
Q796_HOLE block=163 j=0 touches=0
FOLD20_FULL_STEP_BLOCK block=163 j=0 ops=267870 T=164479 physical=564 PASS
RANK4_LOWER class=4 original_ops=10955 new_ops=8847 symbolic_rank_gates=48 paired_macros=74 conditional_clean=true
FOLD20_T10_RANK4 j=3 last=true low=true old_ops=10955 ops=8847
Q792_JOINT_CODEC held_predicates=7 all_existing_dirty=true restored=true
Q792_JOINT_CODEC held_predicates=7 all_existing_dirty=true restored=true
RANK4_LOWER class=3 original_ops=53167 new_ops=44735 symbolic_rank_gates=608 paired_macros=650 conditional_clean=true
FOLD20_T10_RANK4 j=3 last=false low=true old_ops=53167 ops=44735
FOLD20_PASSIVE_LOWER old=688 new=1138 macros=8 gathers=0
FOLD20_PASSIVE_LOWER old=260 new=664 macros=6 gathers=0
FOLD20_PASSIVE_LOWER old=1082 new=6864 macros=22 gathers=0
Q796_HOLE block=164 j=0 touches=0
Q796_HOLE block=164 j=0 touches=0
Q796_HOLE block=164 j=0 touches=0
FOLD20_FULL_STEP_BLOCK block=164 j=0 ops=266226 T=163587 physical=564 PASS
RANK4_LOWER class=4 original_ops=10817 new_ops=8733 symbolic_rank_gates=48 paired_macros=74 conditional_clean=true
FOLD20_T10_RANK4 j=3 last=true low=true old_ops=10817 ops=8733
Q792_JOINT_CODEC held_predicates=7 all_existing_dirty=true restored=true
Q792_JOINT_CODEC held_predicates=7 all_existing_dirty=true restored=true
RANK4_LOWER class=3 original_ops=52851 new_ops=44461 symbolic_rank_gates=608 paired_macros=650 conditional_clean=true
FOLD20_T10_RANK4 j=3 last=false low=true old_ops=52851 ops=44461
FOLD20_PASSIVE_LOWER old=688 new=1138 macros=8 gathers=0
FOLD20_PASSIVE_LOWER old=260 new=664 macros=6 gathers=0
FOLD20_PASSIVE_LOWER old=1082 new=6864 macros=22 gathers=0
Q796_HOLE block=165 j=0 touches=0
Q796_HOLE block=165 j=0 touches=0
Q796_HOLE block=165 j=0 touches=0
FOLD20_FULL_STEP_BLOCK block=165 j=0 ops=264134 T=162535 physical=564 PASS
RANK4_LOWER class=4 original_ops=10351 new_ops=8529 symbolic_rank_gates=36 paired_macros=46 conditional_clean=true
FOLD20_T10_RANK4 j=3 last=true low=true old_ops=10351 ops=8529
Q792_JOINT_CODEC held_predicates=7 all_existing_dirty=true restored=true
Q792_JOINT_CODEC held_predicates=7 all_existing_dirty=true restored=true
RANK4_LOWER class=3 original_ops=52109 new_ops=43999 symbolic_rank_gates=576 paired_macros=602 conditional_clean=true
FOLD20_T10_RANK4 j=3 last=false low=true old_ops=52109 ops=43999
FOLD20_PASSIVE_LOWER old=688 new=1138 macros=8 gathers=0
FOLD20_PASSIVE_LOWER old=260 new=664 macros=6 gathers=0
FOLD20_PASSIVE_LOWER old=1082 new=6864 macros=22 gathers=0
Q796_HOLE block=166 j=0 touches=0
Q796_HOLE block=166 j=0 touches=0
Q796_HOLE block=166 j=0 touches=0
FOLD20_FULL_STEP_BLOCK block=166 j=0 ops=259570 T=159587 physical=564 PASS
RANK4_LOWER class=4 original_ops=10213 new_ops=8415 symbolic_rank_gates=36 paired_macros=46 conditional_clean=true
FOLD20_T10_RANK4 j=3 last=true low=true old_ops=10213 ops=8415
Q792_JOINT_CODEC held_predicates=7 all_existing_dirty=true restored=true
Q792_JOINT_CODEC held_predicates=7 all_existing_dirty=true restored=true
RANK4_LOWER class=3 original_ops=51669 new_ops=43655 symbolic_rank_gates=576 paired_macros=602 conditional_clean=true
FOLD20_T10_RANK4 j=3 last=false low=true old_ops=51669 ops=43655
FOLD20_PASSIVE_LOWER old=688 new=1138 macros=8 gathers=0
FOLD20_PASSIVE_LOWER old=260 new=664 macros=6 gathers=0
FOLD20_PASSIVE_LOWER old=1082 new=6864 macros=22 gathers=0
Q796_HOLE block=167 j=0 touches=0
Q796_HOLE block=167 j=0 touches=0
Q796_HOLE block=167 j=0 touches=0
FOLD20_FULL_STEP_BLOCK block=167 j=0 ops=257390 T=158563 physical=564 PASS
RANK4_LOWER class=4 original_ops=10113 new_ops=8331 symbolic_rank_gates=36 paired_macros=46 conditional_clean=true
FOLD20_T10_RANK4 j=3 last=true low=true old_ops=10113 ops=8331
Q792_JOINT_CODEC held_predicates=7 all_existing_dirty=true restored=true
Q792_JOINT_CODEC held_predicates=7 all_existing_dirty=true restored=true
RANK4_LOWER class=3 original_ops=51347 new_ops=43405 symbolic_rank_gates=576 paired_macros=602 conditional_clean=true
FOLD20_T10_RANK4 j=3 last=false low=true old_ops=51347 ops=43405
FOLD20_PASSIVE_LOWER old=688 new=1138 macros=8 gathers=0
FOLD20_PASSIVE_LOWER old=260 new=664 macros=6 gathers=0
FOLD20_PASSIVE_LOWER old=1082 new=6864 macros=22 gathers=0
Q796_HOLE block=168 j=0 touches=0
Q796_HOLE block=168 j=0 touches=0
Q796_HOLE block=168 j=0 touches=0
FOLD20_FULL_STEP_BLOCK block=168 j=0 ops=255832 T=157717 physical=564 PASS
RANK4_LOWER class=4 original_ops=9951 new_ops=8209 symbolic_rank_gates=36 paired_macros=46 conditional_clean=true
FOLD20_T10_RANK4 j=3 last=true low=true old_ops=9951 ops=8209
Q792_JOINT_CODEC held_predicates=7 all_existing_dirty=true restored=true
Q792_JOINT_CODEC held_predicates=7 all_existing_dirty=true restored=true
RANK4_LOWER class=3 original_ops=50923 new_ops=43059 symbolic_rank_gates=576 paired_macros=602 conditional_clean=true
FOLD20_T10_RANK4 j=3 last=false low=true old_ops=50923 ops=43059
FOLD20_PASSIVE_LOWER old=688 new=1138 macros=8 gathers=0
FOLD20_PASSIVE_LOWER old=260 new=664 macros=6 gathers=0
FOLD20_PASSIVE_LOWER old=1082 new=6864 macros=22 gathers=0
Q796_HOLE block=169 j=0 touches=0
Q796_HOLE block=169 j=0 touches=0
Q796_HOLE block=169 j=0 touches=0
FOLD20_FULL_STEP_BLOCK block=169 j=0 ops=253754 T=156663 physical=564 PASS
RANK4_LOWER class=4 original_ops=9845 new_ops=8123 symbolic_rank_gates=36 paired_macros=46 conditional_clean=true
FOLD20_T10_RANK4 j=3 last=true low=true old_ops=9845 ops=8123
Q792_JOINT_CODEC held_predicates=7 all_existing_dirty=true restored=true
Q792_JOINT_CODEC held_predicates=7 all_existing_dirty=true restored=true
RANK4_LOWER class=3 original_ops=50613 new_ops=42793 symbolic_rank_gates=576 paired_macros=602 conditional_clean=true
FOLD20_T10_RANK4 j=3 last=false low=true old_ops=50613 ops=42793
FOLD20_PASSIVE_LOWER old=688 new=1138 macros=8 gathers=0
FOLD20_PASSIVE_LOWER old=260 new=664 macros=6 gathers=0
FOLD20_PASSIVE_LOWER old=1082 new=6864 macros=22 gathers=0
Q796_HOLE block=170 j=0 touches=0
Q796_HOLE block=170 j=0 touches=0
Q796_HOLE block=170 j=0 touches=0
FOLD20_FULL_STEP_BLOCK block=170 j=0 ops=251986 T=155801 physical=564 PASS
RANK4_LOWER class=4 original_ops=9719 new_ops=8029 symbolic_rank_gates=36 paired_macros=46 conditional_clean=true
FOLD20_T10_RANK4 j=3 last=true low=true old_ops=9719 ops=8029
Q792_JOINT_CODEC held_predicates=7 all_existing_dirty=true restored=true
Q792_JOINT_CODEC held_predicates=7 all_existing_dirty=true restored=true
RANK4_LOWER class=3 original_ops=50303 new_ops=42543 symbolic_rank_gates=576 paired_macros=602 conditional_clean=true
FOLD20_T10_RANK4 j=3 last=false low=true old_ops=50303 ops=42543
FOLD20_PASSIVE_LOWER old=688 new=1138 macros=8 gathers=0
FOLD20_PASSIVE_LOWER old=260 new=664 macros=6 gathers=0
FOLD20_PASSIVE_LOWER old=1082 new=6864 macros=22 gathers=0
Q796_HOLE block=171 j=0 touches=0
Q796_HOLE block=171 j=0 touches=0
Q796_HOLE block=171 j=0 touches=0
FOLD20_FULL_STEP_BLOCK block=171 j=0 ops=250640 T=155099 physical=564 PASS
RANK4_LOWER class=4 original_ops=9581 new_ops=7915 symbolic_rank_gates=36 paired_macros=46 conditional_clean=true
FOLD20_T10_RANK4 j=3 last=true low=true old_ops=9581 ops=7915
Q792_JOINT_CODEC held_predicates=7 all_existing_dirty=true restored=true
Q792_JOINT_CODEC held_predicates=7 all_existing_dirty=true restored=true
RANK4_LOWER class=3 original_ops=49883 new_ops=42199 symbolic_rank_gates=576 paired_macros=602 conditional_clean=true
FOLD20_T10_RANK4 j=3 last=false low=true old_ops=49883 ops=42199
FOLD20_PASSIVE_LOWER old=688 new=1138 macros=8 gathers=0
FOLD20_PASSIVE_LOWER old=260 new=664 macros=6 gathers=0
FOLD20_PASSIVE_LOWER old=1082 new=6864 macros=22 gathers=0
Q796_HOLE block=172 j=0 touches=0
Q796_HOLE block=172 j=0 touches=0
Q796_HOLE block=172 j=0 touches=0
FOLD20_FULL_STEP_BLOCK block=172 j=0 ops=248414 T=153993 physical=564 PASS
RANK4_LOWER class=4 original_ops=9459 new_ops=7821 symbolic_rank_gates=36 paired_macros=46 conditional_clean=true
FOLD20_T10_RANK4 j=3 last=true low=true old_ops=9459 ops=7821
Q792_JOINT_CODEC held_predicates=7 all_existing_dirty=true restored=true
Q792_JOINT_CODEC held_predicates=7 all_existing_dirty=true restored=true
RANK4_LOWER class=3 original_ops=49581 new_ops=41933 symbolic_rank_gates=576 paired_macros=602 conditional_clean=true
FOLD20_T10_RANK4 j=3 last=false low=true old_ops=49581 ops=41933
FOLD20_PASSIVE_LOWER old=688 new=1138 macros=8 gathers=0
FOLD20_PASSIVE_LOWER old=260 new=664 macros=6 gathers=0
FOLD20_PASSIVE_LOWER old=1082 new=6864 macros=22 gathers=0
Q796_HOLE block=173 j=0 touches=0
Q796_HOLE block=173 j=0 touches=0
Q796_HOLE block=173 j=0 touches=0
FOLD20_FULL_STEP_BLOCK block=173 j=0 ops=246668 T=153099 physical=564 PASS
RANK4_LOWER class=4 original_ops=9321 new_ops=7707 symbolic_rank_gates=36 paired_macros=46 conditional_clean=true
FOLD20_T10_RANK4 j=3 last=true low=true old_ops=9321 ops=7707
Q792_JOINT_CODEC held_predicates=7 all_existing_dirty=true restored=true
Q792_JOINT_CODEC held_predicates=7 all_existing_dirty=true restored=true
RANK4_LOWER class=3 original_ops=49173 new_ops=41589 symbolic_rank_gates=576 paired_macros=602 conditional_clean=true
FOLD20_T10_RANK4 j=3 last=false low=true old_ops=49173 ops=41589
FOLD20_PASSIVE_LOWER old=688 new=1138 macros=8 gathers=0
FOLD20_PASSIVE_LOWER old=260 new=664 macros=6 gathers=0
FOLD20_PASSIVE_LOWER old=1082 new=6864 macros=22 gathers=0
Q796_HOLE block=174 j=0 touches=0
Q796_HOLE block=174 j=0 touches=0
Q796_HOLE block=174 j=0 touches=0
FOLD20_FULL_STEP_BLOCK block=174 j=0 ops=244506 T=152007 physical=564 PASS
RANK4_LOWER class=4 original_ops=9221 new_ops=7623 symbolic_rank_gates=36 paired_macros=46 conditional_clean=true
FOLD20_T10_RANK4 j=3 last=true low=true old_ops=9221 ops=7623
Q792_JOINT_CODEC held_predicates=7 all_existing_dirty=true restored=true
Q792_JOINT_CODEC held_predicates=7 all_existing_dirty=true restored=true
RANK4_LOWER class=3 original_ops=48875 new_ops=41339 symbolic_rank_gates=576 paired_macros=602 conditional_clean=true
FOLD20_T10_RANK4 j=3 last=false low=true old_ops=48875 ops=41339
FOLD20_PASSIVE_LOWER old=688 new=1138 macros=8 gathers=0
FOLD20_PASSIVE_LOWER old=260 new=664 macros=6 gathers=0
FOLD20_PASSIVE_LOWER old=1082 new=6864 macros=22 gathers=0
Q796_HOLE block=175 j=0 touches=0
Q796_HOLE block=175 j=0 touches=0
Q796_HOLE block=175 j=0 touches=0
FOLD20_FULL_STEP_BLOCK block=175 j=0 ops=243072 T=151287 physical=564 PASS
RANK4_LOWER class=4 original_ops=9035 new_ops=7469 symbolic_rank_gates=36 paired_macros=46 conditional_clean=true
FOLD20_T10_RANK4 j=3 last=true low=true old_ops=9035 ops=7469
Q792_JOINT_CODEC held_predicates=7 all_existing_dirty=true restored=true
Q792_JOINT_CODEC held_predicates=7 all_existing_dirty=true restored=true
RANK4_LOWER class=3 original_ops=48227 new_ops=40763 symbolic_rank_gates=576 paired_macros=602 conditional_clean=true
FOLD20_T10_RANK4 j=3 last=false low=true old_ops=48227 ops=40763
FOLD20_PASSIVE_LOWER old=688 new=1138 macros=8 gathers=0
FOLD20_PASSIVE_LOWER old=260 new=664 macros=6 gathers=0
FOLD20_PASSIVE_LOWER old=1082 new=6864 macros=22 gathers=0
Q796_HOLE block=176 j=0 touches=0
Q796_HOLE block=176 j=0 touches=0
Q796_HOLE block=176 j=0 touches=0
FOLD20_FULL_STEP_BLOCK block=176 j=0 ops=240616 T=150043 physical=564 PASS
RANK4_LOWER class=4 original_ops=8929 new_ops=7383 symbolic_rank_gates=36 paired_macros=46 conditional_clean=true
FOLD20_T10_RANK4 j=3 last=true low=true old_ops=8929 ops=7383
Q792_JOINT_CODEC held_predicates=7 all_existing_dirty=true restored=true
Q792_JOINT_CODEC held_predicates=7 all_existing_dirty=true restored=true
RANK4_LOWER class=3 original_ops=47941 new_ops=40521 symbolic_rank_gates=576 paired_macros=602 conditional_clean=true
FOLD20_T10_RANK4 j=3 last=false low=true old_ops=47941 ops=40521
FOLD20_PASSIVE_LOWER old=688 new=1138 macros=8 gathers=0
FOLD20_PASSIVE_LOWER old=260 new=664 macros=6 gathers=0
FOLD20_PASSIVE_LOWER old=1082 new=6864 macros=22 gathers=0
Q796_HOLE block=177 j=0 touches=0
Q796_HOLE block=177 j=0 touches=0
Q796_HOLE block=177 j=0 touches=0
FOLD20_FULL_STEP_BLOCK block=177 j=0 ops=239008 T=149271 physical=564 PASS
RANK4_LOWER class=4 original_ops=8775 new_ops=7265 symbolic_rank_gates=36 paired_macros=46 conditional_clean=true
FOLD20_T10_RANK4 j=3 last=true low=true old_ops=8775 ops=7265
Q792_JOINT_CODEC held_predicates=7 all_existing_dirty=true restored=true
Q792_JOINT_CODEC held_predicates=7 all_existing_dirty=true restored=true
RANK4_LOWER class=3 original_ops=47565 new_ops=40209 symbolic_rank_gates=576 paired_macros=602 conditional_clean=true
FOLD20_T10_RANK4 j=3 last=false low=true old_ops=47565 ops=40209
FOLD20_PASSIVE_LOWER old=688 new=1138 macros=8 gathers=0
FOLD20_PASSIVE_LOWER old=260 new=664 macros=6 gathers=0
FOLD20_PASSIVE_LOWER old=1082 new=6864 macros=22 gathers=0
Q796_HOLE block=178 j=0 touches=0
Q796_HOLE block=178 j=0 touches=0
Q796_HOLE block=178 j=0 touches=0
FOLD20_FULL_STEP_BLOCK block=178 j=0 ops=236910 T=148193 physical=564 PASS
RANK4_LOWER class=4 original_ops=8669 new_ops=7179 symbolic_rank_gates=36 paired_macros=46 conditional_clean=true
FOLD20_T10_RANK4 j=3 last=true low=true old_ops=8669 ops=7179
Q792_JOINT_CODEC held_predicates=7 all_existing_dirty=true restored=true
Q792_JOINT_CODEC held_predicates=7 all_existing_dirty=true restored=true
RANK4_LOWER class=3 original_ops=47287 new_ops=39983 symbolic_rank_gates=576 paired_macros=602 conditional_clean=true
FOLD20_T10_RANK4 j=3 last=false low=true old_ops=47287 ops=39983
FOLD20_PASSIVE_LOWER old=688 new=1138 macros=8 gathers=0
FOLD20_PASSIVE_LOWER old=260 new=664 macros=6 gathers=0
FOLD20_PASSIVE_LOWER old=1082 new=6864 macros=22 gathers=0
Q796_HOLE block=179 j=0 touches=0
Q796_HOLE block=179 j=0 touches=0
Q796_HOLE block=179 j=0 touches=0
FOLD20_FULL_STEP_BLOCK block=179 j=0 ops=235500 T=147491 physical=564 PASS
RANK4_LOWER class=4 original_ops=8511 new_ops=7053 symbolic_rank_gates=36 paired_macros=46 conditional_clean=true
FOLD20_T10_RANK4 j=3 last=true low=true old_ops=8511 ops=7053
Q792_JOINT_CODEC held_predicates=7 all_existing_dirty=true restored=true
Q792_JOINT_CODEC held_predicates=7 all_existing_dirty=true restored=true
RANK4_LOWER class=3 original_ops=46803 new_ops=39551 symbolic_rank_gates=576 paired_macros=602 conditional_clean=true
FOLD20_T10_RANK4 j=3 last=false low=true old_ops=46803 ops=39551
FOLD20_PASSIVE_LOWER old=688 new=1138 macros=8 gathers=0
FOLD20_PASSIVE_LOWER old=260 new=664 macros=6 gathers=0
FOLD20_PASSIVE_LOWER old=1082 new=6864 macros=22 gathers=0
Q796_HOLE block=180 j=0 touches=0
Q796_HOLE block=180 j=0 touches=0
Q796_HOLE block=180 j=0 touches=0
FOLD20_FULL_STEP_BLOCK block=180 j=0 ops=232874 T=146149 physical=564 PASS
RANK4_LOWER class=4 original_ops=8409 new_ops=6967 symbolic_rank_gates=36 paired_macros=46 conditional_clean=true
FOLD20_T10_RANK4 j=3 last=true low=true old_ops=8409 ops=6967
Q792_JOINT_CODEC held_predicates=7 all_existing_dirty=true restored=true
Q792_JOINT_CODEC held_predicates=7 all_existing_dirty=true restored=true
RANK4_LOWER class=3 original_ops=46549 new_ops=39333 symbolic_rank_gates=576 paired_macros=602 conditional_clean=true
FOLD20_T10_RANK4 j=3 last=false low=true old_ops=46549 ops=39333
FOLD20_PASSIVE_LOWER old=688 new=1138 macros=8 gathers=0
FOLD20_PASSIVE_LOWER old=260 new=664 macros=6 gathers=0
FOLD20_PASSIVE_LOWER old=1082 new=6864 macros=22 gathers=0
Q796_HOLE block=181 j=0 touches=0
Q796_HOLE block=181 j=0 touches=0
Q796_HOLE block=181 j=0 touches=0
FOLD20_FULL_STEP_BLOCK block=181 j=0 ops=231114 T=145277 physical=564 PASS
RANK4_LOWER class=4 original_ops=8309 new_ops=6883 symbolic_rank_gates=36 paired_macros=46 conditional_clean=true
FOLD20_T10_RANK4 j=3 last=true low=true old_ops=8309 ops=6883
Q792_JOINT_CODEC held_predicates=7 all_existing_dirty=true restored=true
Q792_JOINT_CODEC held_predicates=7 all_existing_dirty=true restored=true
RANK4_LOWER class=3 original_ops=46299 new_ops=39131 symbolic_rank_gates=576 paired_macros=602 conditional_clean=true
FOLD20_T10_RANK4 j=3 last=false low=true old_ops=46299 ops=39131
FOLD20_PASSIVE_LOWER old=688 new=1138 macros=8 gathers=0
FOLD20_PASSIVE_LOWER old=260 new=664 macros=6 gathers=0
FOLD20_PASSIVE_LOWER old=1082 new=6864 macros=22 gathers=0
Q796_HOLE block=182 j=0 touches=0
Q796_HOLE block=182 j=0 touches=0
Q796_HOLE block=182 j=0 touches=0
FOLD20_FULL_STEP_BLOCK block=182 j=0 ops=229880 T=144591 physical=564 PASS
RANK4_LOWER class=4 original_ops=8159 new_ops=6765 symbolic_rank_gates=36 paired_macros=46 conditional_clean=true
FOLD20_T10_RANK4 j=3 last=true low=true old_ops=8159 ops=6765
Q792_JOINT_CODEC held_predicates=7 all_existing_dirty=true restored=true
Q792_JOINT_CODEC held_predicates=7 all_existing_dirty=true restored=true
RANK4_LOWER class=3 original_ops=45931 new_ops=38811 symbolic_rank_gates=576 paired_macros=602 conditional_clean=true
FOLD20_T10_RANK4 j=3 last=false low=true old_ops=45931 ops=38811
FOLD20_PASSIVE_LOWER old=688 new=1138 macros=8 gathers=0
FOLD20_PASSIVE_LOWER old=260 new=664 macros=6 gathers=0
FOLD20_PASSIVE_LOWER old=1082 new=6864 macros=22 gathers=0
Q796_HOLE block=183 j=0 touches=0
Q796_HOLE block=183 j=0 touches=0
Q796_HOLE block=183 j=0 touches=0
FOLD20_FULL_STEP_BLOCK block=183 j=0 ops=227962 T=143659 physical=564 PASS
RANK4_LOWER class=4 original_ops=8045 new_ops=6669 symbolic_rank_gates=36 paired_macros=46 conditional_clean=true
FOLD20_T10_RANK4 j=3 last=true low=true old_ops=8045 ops=6669
Q792_JOINT_CODEC held_predicates=7 all_existing_dirty=true restored=true
Q792_JOINT_CODEC held_predicates=7 all_existing_dirty=true restored=true
RANK4_LOWER class=3 original_ops=45693 new_ops=38591 symbolic_rank_gates=576 paired_macros=602 conditional_clean=true
FOLD20_T10_RANK4 j=3 last=false low=true old_ops=45693 ops=38591
FOLD20_PASSIVE_LOWER old=688 new=1138 macros=8 gathers=0
FOLD20_PASSIVE_LOWER old=260 new=664 macros=6 gathers=0
FOLD20_PASSIVE_LOWER old=1082 new=6864 macros=22 gathers=0
Q796_HOLE block=184 j=0 touches=0
Q796_HOLE block=184 j=0 touches=0
Q796_HOLE block=184 j=0 touches=0
FOLD20_FULL_STEP_BLOCK block=184 j=0 ops=226308 T=142837 physical=564 PASS
RANK4_LOWER class=4 original_ops=7365 new_ops=6397 symbolic_rank_gates=0 paired_macros=0 conditional_clean=true
FOLD20_T10_RANK4 j=3 last=true low=true old_ops=7365 ops=6397
Q792_JOINT_CODEC held_predicates=7 all_existing_dirty=true restored=true
Q792_JOINT_CODEC held_predicates=7 all_existing_dirty=true restored=true
RANK4_LOWER class=3 original_ops=43949 new_ops=37599 symbolic_rank_gates=480 paired_macros=506 conditional_clean=true
FOLD20_T10_RANK4 j=3 last=false low=true old_ops=43949 ops=37599
FOLD20_PASSIVE_LOWER old=688 new=1138 macros=8 gathers=0
FOLD20_PASSIVE_LOWER old=260 new=664 macros=6 gathers=0
FOLD20_PASSIVE_LOWER old=1082 new=6864 macros=22 gathers=0
Q796_HOLE block=185 j=0 touches=0
Q796_HOLE block=185 j=0 touches=0
Q796_HOLE block=185 j=0 touches=0
FOLD20_FULL_STEP_BLOCK block=185 j=0 ops=220264 T=139079 physical=564 PASS
RANK4_LOWER class=4 original_ops=7259 new_ops=6311 symbolic_rank_gates=0 paired_macros=0 conditional_clean=true
FOLD20_T10_RANK4 j=3 last=true low=true old_ops=7259 ops=6311
Q792_JOINT_CODEC held_predicates=7 all_existing_dirty=true restored=true
Q792_JOINT_CODEC held_predicates=7 all_existing_dirty=true restored=true
RANK4_LOWER class=3 original_ops=43647 new_ops=37373 symbolic_rank_gates=480 paired_macros=506 conditional_clean=true
FOLD20_T10_RANK4 j=3 last=false low=true old_ops=43647 ops=37373
FOLD20_PASSIVE_LOWER old=688 new=1138 macros=8 gathers=0
FOLD20_PASSIVE_LOWER old=260 new=664 macros=6 gathers=0
FOLD20_PASSIVE_LOWER old=1082 new=6864 macros=22 gathers=0
Q796_HOLE block=186 j=0 touches=0
Q796_HOLE block=186 j=0 touches=0
Q796_HOLE block=186 j=0 touches=0
FOLD20_FULL_STEP_BLOCK block=186 j=0 ops=218616 T=138227 physical=564 PASS
RANK4_LOWER class=4 original_ops=7101 new_ops=6193 symbolic_rank_gates=0 paired_macros=0 conditional_clean=true
FOLD20_T10_RANK4 j=3 last=true low=true old_ops=7101 ops=6193
Q792_JOINT_CODEC held_predicates=7 all_existing_dirty=true restored=true
Q792_JOINT_CODEC held_predicates=7 all_existing_dirty=true restored=true
RANK4_LOWER class=3 original_ops=43255 new_ops=37061 symbolic_rank_gates=480 paired_macros=506 conditional_clean=true
FOLD20_T10_RANK4 j=3 last=false low=true old_ops=43255 ops=37061
FOLD20_PASSIVE_LOWER old=688 new=1138 macros=8 gathers=0
FOLD20_PASSIVE_LOWER old=260 new=664 macros=6 gathers=0
FOLD20_PASSIVE_LOWER old=1082 new=6864 macros=22 gathers=0
Q796_HOLE block=187 j=0 touches=0
Q796_HOLE block=187 j=0 touches=0
Q796_HOLE block=187 j=0 touches=0
FOLD20_FULL_STEP_BLOCK block=187 j=0 ops=216764 T=137319 physical=564 PASS
RANK4_LOWER class=4 original_ops=6999 new_ops=6107 symbolic_rank_gates=0 paired_macros=0 conditional_clean=true
FOLD20_T10_RANK4 j=3 last=true low=true old_ops=6999 ops=6107
Q792_JOINT_CODEC held_predicates=7 all_existing_dirty=true restored=true
Q792_JOINT_CODEC held_predicates=7 all_existing_dirty=true restored=true
RANK4_LOWER class=3 original_ops=42965 new_ops=36819 symbolic_rank_gates=480 paired_macros=506 conditional_clean=true
FOLD20_T10_RANK4 j=3 last=false low=true old_ops=42965 ops=36819
FOLD20_PASSIVE_LOWER old=688 new=1138 macros=8 gathers=0
FOLD20_PASSIVE_LOWER old=260 new=664 macros=6 gathers=0
FOLD20_PASSIVE_LOWER old=1082 new=6864 macros=22 gathers=0
Q796_HOLE block=188 j=0 touches=0
Q796_HOLE block=188 j=0 touches=0
Q796_HOLE block=188 j=0 touches=0
FOLD20_FULL_STEP_BLOCK block=188 j=0 ops=214950 T=136405 physical=564 PASS
RANK4_LOWER class=4 original_ops=6845 new_ops=5989 symbolic_rank_gates=0 paired_macros=0 conditional_clean=true
FOLD20_T10_RANK4 j=3 last=true low=true old_ops=6845 ops=5989
Q792_JOINT_CODEC held_predicates=7 all_existing_dirty=true restored=true
Q792_JOINT_CODEC held_predicates=7 all_existing_dirty=true restored=true
RANK4_LOWER class=3 original_ops=42589 new_ops=36507 symbolic_rank_gates=480 paired_macros=506 conditional_clean=true
FOLD20_T10_RANK4 j=3 last=false low=true old_ops=42589 ops=36507
FOLD20_PASSIVE_LOWER old=688 new=1138 macros=8 gathers=0
FOLD20_PASSIVE_LOWER old=260 new=664 macros=6 gathers=0
FOLD20_PASSIVE_LOWER old=1082 new=6864 macros=22 gathers=0
Q796_HOLE block=189 j=0 touches=0
Q796_HOLE block=189 j=0 touches=0
Q796_HOLE block=189 j=0 touches=0
FOLD20_FULL_STEP_BLOCK block=189 j=0 ops=212950 T=135379 physical=564 PASS
RANK4_LOWER class=4 original_ops=6745 new_ops=5905 symbolic_rank_gates=0 paired_macros=0 conditional_clean=true
FOLD20_T10_RANK4 j=3 last=true low=true old_ops=6745 ops=5905
Q792_JOINT_CODEC held_predicates=7 all_existing_dirty=true restored=true
Q792_JOINT_CODEC held_predicates=7 all_existing_dirty=true restored=true
RANK4_LOWER class=3 original_ops=42291 new_ops=36281 symbolic_rank_gates=480 paired_macros=506 conditional_clean=true
FOLD20_T10_RANK4 j=3 last=false low=true old_ops=42291 ops=36281
FOLD20_PASSIVE_LOWER old=688 new=1138 macros=8 gathers=0
FOLD20_PASSIVE_LOWER old=260 new=664 macros=6 gathers=0
FOLD20_PASSIVE_LOWER old=1082 new=6864 macros=22 gathers=0
Q796_HOLE block=190 j=0 touches=0
Q796_HOLE block=190 j=0 touches=0
Q796_HOLE block=190 j=0 touches=0
FOLD20_FULL_STEP_BLOCK block=190 j=0 ops=211360 T=134543 physical=564 PASS
RANK4_LOWER class=4 original_ops=6607 new_ops=5791 symbolic_rank_gates=0 paired_macros=0 conditional_clean=true
FOLD20_T10_RANK4 j=3 last=true low=true old_ops=6607 ops=5791
Q792_JOINT_CODEC held_predicates=7 all_existing_dirty=true restored=true
Q792_JOINT_CODEC held_predicates=7 all_existing_dirty=true restored=true
RANK4_LOWER class=3 original_ops=41911 new_ops=35969 symbolic_rank_gates=480 paired_macros=506 conditional_clean=true
FOLD20_T10_RANK4 j=3 last=false low=true old_ops=41911 ops=35969
FOLD20_PASSIVE_LOWER old=688 new=1138 macros=8 gathers=0
FOLD20_PASSIVE_LOWER old=260 new=664 macros=6 gathers=0
FOLD20_PASSIVE_LOWER old=1082 new=6864 macros=22 gathers=0
Q796_HOLE block=191 j=0 touches=0
Q796_HOLE block=191 j=0 touches=0
Q796_HOLE block=191 j=0 touches=0
FOLD20_FULL_STEP_BLOCK block=191 j=0 ops=209474 T=133627 physical=564 PASS
RANK4_LOWER class=4 original_ops=6485 new_ops=5701 symbolic_rank_gates=0 paired_macros=0 conditional_clean=true
FOLD20_T10_RANK4 j=3 last=true low=true old_ops=6485 ops=5701
Q792_JOINT_CODEC held_predicates=7 all_existing_dirty=true restored=true
Q792_JOINT_CODEC held_predicates=7 all_existing_dirty=true restored=true
RANK4_LOWER class=3 original_ops=41629 new_ops=35727 symbolic_rank_gates=480 paired_macros=506 conditional_clean=true
FOLD20_T10_RANK4 j=3 last=false low=true old_ops=41629 ops=35727
FOLD20_PASSIVE_LOWER old=688 new=1138 macros=8 gathers=0
FOLD20_PASSIVE_LOWER old=260 new=664 macros=6 gathers=0
FOLD20_PASSIVE_LOWER old=1082 new=6864 macros=22 gathers=0
Q796_HOLE block=192 j=0 touches=0
Q796_HOLE block=192 j=0 touches=0
Q796_HOLE block=192 j=0 touches=0
FOLD20_FULL_STEP_BLOCK block=192 j=0 ops=207836 T=132817 physical=564 PASS
RANK4_LOWER class=4 original_ops=6379 new_ops=5615 symbolic_rank_gates=0 paired_macros=0 conditional_clean=true
FOLD20_T10_RANK4 j=3 last=true low=true old_ops=6379 ops=5615
Q792_JOINT_CODEC held_predicates=7 all_existing_dirty=true restored=true
Q792_JOINT_CODEC held_predicates=7 all_existing_dirty=true restored=true
RANK4_LOWER class=3 original_ops=41351 new_ops=35501 symbolic_rank_gates=480 paired_macros=506 conditional_clean=true
FOLD20_T10_RANK4 j=3 last=false low=true old_ops=41351 ops=35501
FOLD20_PASSIVE_LOWER old=688 new=1138 macros=8 gathers=0
FOLD20_PASSIVE_LOWER old=260 new=664 macros=6 gathers=0
FOLD20_PASSIVE_LOWER old=1082 new=6864 macros=22 gathers=0
Q796_HOLE block=193 j=0 touches=0
Q796_HOLE block=193 j=0 touches=0
Q796_HOLE block=193 j=0 touches=0
FOLD20_FULL_STEP_BLOCK block=193 j=0 ops=206302 T=132011 physical=564 PASS
RANK4_LOWER class=4 original_ops=6193 new_ops=5409 symbolic_rank_gates=0 paired_macros=0 conditional_clean=true
FOLD20_T10_RANK4 j=3 last=true low=true old_ops=6193 ops=5409
Q792_JOINT_CODEC held_predicates=7 all_existing_dirty=true restored=true
Q792_JOINT_CODEC held_predicates=7 all_existing_dirty=true restored=true
RANK4_LOWER class=3 original_ops=40743 new_ops=34945 symbolic_rank_gates=480 paired_macros=506 conditional_clean=true
FOLD20_T10_RANK4 j=3 last=false low=true old_ops=40743 ops=34945
FOLD20_PASSIVE_LOWER old=688 new=1138 macros=8 gathers=0
FOLD20_PASSIVE_LOWER old=260 new=664 macros=6 gathers=0
FOLD20_PASSIVE_LOWER old=1082 new=6864 macros=22 gathers=0
Q796_HOLE block=194 j=0 touches=0
Q796_HOLE block=194 j=0 touches=0
Q796_HOLE block=194 j=0 touches=0
FOLD20_FULL_STEP_BLOCK block=194 j=0 ops=203374 T=130277 physical=564 PASS
RANK4_LOWER class=4 original_ops=6077 new_ops=5329 symbolic_rank_gates=0 paired_macros=0 conditional_clean=true
FOLD20_T10_RANK4 j=3 last=true low=true old_ops=6077 ops=5329
Q792_JOINT_CODEC held_predicates=7 all_existing_dirty=true restored=true
Q792_JOINT_CODEC held_predicates=7 all_existing_dirty=true restored=true
RANK4_LOWER class=3 original_ops=40477 new_ops=34727 symbolic_rank_gates=480 paired_macros=506 conditional_clean=true
FOLD20_T10_RANK4 j=3 last=false low=true old_ops=40477 ops=34727
FOLD20_PASSIVE_LOWER old=688 new=1138 macros=8 gathers=0
FOLD20_PASSIVE_LOWER old=260 new=664 macros=6 gathers=0
FOLD20_PASSIVE_LOWER old=1082 new=6864 macros=22 gathers=0
Q796_HOLE block=195 j=0 touches=0
Q796_HOLE block=195 j=0 touches=0
Q796_HOLE block=195 j=0 touches=0
FOLD20_FULL_STEP_BLOCK block=195 j=0 ops=201760 T=129541 physical=564 PASS
RANK4_LOWER class=4 original_ops=5937 new_ops=5225 symbolic_rank_gates=0 paired_macros=0 conditional_clean=true
FOLD20_T10_RANK4 j=3 last=true low=true old_ops=5937 ops=5225
Q792_JOINT_CODEC held_predicates=7 all_existing_dirty=true restored=true
Q792_JOINT_CODEC held_predicates=7 all_existing_dirty=true restored=true
RANK4_LOWER class=3 original_ops=40133 new_ops=34447 symbolic_rank_gates=480 paired_macros=506 conditional_clean=true
FOLD20_T10_RANK4 j=3 last=false low=true old_ops=40133 ops=34447
FOLD20_PASSIVE_LOWER old=688 new=1138 macros=8 gathers=0
FOLD20_PASSIVE_LOWER old=260 new=664 macros=6 gathers=0
FOLD20_PASSIVE_LOWER old=1082 new=6864 macros=22 gathers=0
Q796_HOLE block=196 j=0 touches=0
Q796_HOLE block=196 j=0 touches=0
Q796_HOLE block=196 j=0 touches=0
FOLD20_FULL_STEP_BLOCK block=196 j=0 ops=199746 T=128513 physical=564 PASS
RANK4_LOWER class=4 original_ops=5847 new_ops=5151 symbolic_rank_gates=0 paired_macros=0 conditional_clean=true
FOLD20_T10_RANK4 j=3 last=true low=true old_ops=5847 ops=5151
Q792_JOINT_CODEC held_predicates=7 all_existing_dirty=true restored=true
Q792_JOINT_CODEC held_predicates=7 all_existing_dirty=true restored=true
RANK4_LOWER class=3 original_ops=39871 new_ops=34243 symbolic_rank_gates=480 paired_macros=506 conditional_clean=true
FOLD20_T10_RANK4 j=3 last=false low=true old_ops=39871 ops=34243
FOLD20_PASSIVE_LOWER old=688 new=1138 macros=8 gathers=0
FOLD20_PASSIVE_LOWER old=260 new=664 macros=6 gathers=0
FOLD20_PASSIVE_LOWER old=1082 new=6864 macros=22 gathers=0
Q796_HOLE block=197 j=0 touches=0
Q796_HOLE block=197 j=0 touches=0
Q796_HOLE block=197 j=0 touches=0
FOLD20_FULL_STEP_BLOCK block=197 j=0 ops=198260 T=127735 physical=564 PASS
RANK4_LOWER class=4 original_ops=5707 new_ops=5047 symbolic_rank_gates=0 paired_macros=0 conditional_clean=true
FOLD20_T10_RANK4 j=3 last=true low=true old_ops=5707 ops=5047
Q792_JOINT_CODEC held_predicates=7 all_existing_dirty=true restored=true
Q792_JOINT_CODEC held_predicates=7 all_existing_dirty=true restored=true
RANK4_LOWER class=3 original_ops=39539 new_ops=33963 symbolic_rank_gates=480 paired_macros=506 conditional_clean=true
FOLD20_T10_RANK4 j=3 last=false low=true old_ops=39539 ops=33963
FOLD20_PASSIVE_LOWER old=688 new=1138 macros=8 gathers=0
FOLD20_PASSIVE_LOWER old=260 new=664 macros=6 gathers=0
FOLD20_PASSIVE_LOWER old=1082 new=6864 macros=22 gathers=0
Q796_HOLE block=198 j=0 touches=0
Q796_HOLE block=198 j=0 touches=0
Q796_HOLE block=198 j=0 touches=0
FOLD20_FULL_STEP_BLOCK block=198 j=0 ops=196190 T=126691 physical=564 PASS
RANK4_LOWER class=4 original_ops=5591 new_ops=4959 symbolic_rank_gates=0 paired_macros=0 conditional_clean=true
FOLD20_T10_RANK4 j=3 last=true low=true old_ops=5591 ops=4959
Q792_JOINT_CODEC held_predicates=7 all_existing_dirty=true restored=true
Q792_JOINT_CODEC held_predicates=7 all_existing_dirty=true restored=true
RANK4_LOWER class=3 original_ops=39181 new_ops=33637 symbolic_rank_gates=480 paired_macros=506 conditional_clean=true
FOLD20_T10_RANK4 j=3 last=false low=true old_ops=39181 ops=33637
FOLD20_PASSIVE_LOWER old=688 new=1138 macros=8 gathers=0
FOLD20_PASSIVE_LOWER old=260 new=664 macros=6 gathers=0
FOLD20_PASSIVE_LOWER old=1082 new=6864 macros=22 gathers=0
Q796_HOLE block=199 j=0 touches=0
Q796_HOLE block=199 j=0 touches=0
Q796_HOLE block=199 j=0 touches=0
FOLD20_FULL_STEP_BLOCK block=199 j=0 ops=194032 T=125593 physical=564 PASS
RANK4_LOWER class=4 original_ops=5451 new_ops=4855 symbolic_rank_gates=0 paired_macros=0 conditional_clean=true
FOLD20_T10_RANK4 j=3 last=true low=true old_ops=5451 ops=4855
Q792_JOINT_CODEC held_predicates=7 all_existing_dirty=true restored=true
Q792_JOINT_CODEC held_predicates=7 all_existing_dirty=true restored=true
RANK4_LOWER class=3 original_ops=38877 new_ops=33389 symbolic_rank_gates=480 paired_macros=506 conditional_clean=true
FOLD20_T10_RANK4 j=3 last=false low=true old_ops=38877 ops=33389
FOLD20_PASSIVE_LOWER old=688 new=1138 macros=8 gathers=0
FOLD20_PASSIVE_LOWER old=260 new=664 macros=6 gathers=0
FOLD20_PASSIVE_LOWER old=1082 new=6864 macros=22 gathers=0
Q796_HOLE block=200 j=0 touches=0
Q796_HOLE block=200 j=0 touches=0
Q796_HOLE block=200 j=0 touches=0
FOLD20_FULL_STEP_BLOCK block=200 j=0 ops=191990 T=124583 physical=564 PASS
RANK4_LOWER class=4 original_ops=5335 new_ops=4771 symbolic_rank_gates=0 paired_macros=0 conditional_clean=true
FOLD20_T10_RANK4 j=3 last=true low=true old_ops=5335 ops=4771
Q792_JOINT_CODEC held_predicates=7 all_existing_dirty=true restored=true
Q792_JOINT_CODEC held_predicates=7 all_existing_dirty=true restored=true
RANK4_LOWER class=3 original_ops=38607 new_ops=33159 symbolic_rank_gates=480 paired_macros=506 conditional_clean=true
FOLD20_T10_RANK4 j=3 last=false low=true old_ops=38607 ops=33159
FOLD20_PASSIVE_LOWER old=688 new=1138 macros=8 gathers=0
FOLD20_PASSIVE_LOWER old=260 new=664 macros=6 gathers=0
FOLD20_PASSIVE_LOWER old=1082 new=6864 macros=22 gathers=0
Q796_HOLE block=201 j=0 touches=0
Q796_HOLE block=201 j=0 touches=0
Q796_HOLE block=201 j=0 touches=0
FOLD20_FULL_STEP_BLOCK block=201 j=0 ops=189900 T=123339 physical=564 PASS
FOLD20_FULL_STEP_PASS lanes=387840 forward_ops=117763204 forward_T=72760136; own integrated three-hole/mod8 step; holes256/257/258 absent; NOT whole point-add Q792 or9024
	Command being timed: "prlimit --as=3000000000 timeout 1200s /home/agentyczny-zdzich/Desktop/projekty/ecdsa/.autoresearch/q792-memo-joint-20260913.s9u6rt86/stage-r07-workspace/target/release/build_circuit"
	User time (seconds): 76.55
	System time (seconds): 1.59
	Percent of CPU this job got: 99%
	Elapsed (wall clock) time (h:mm:ss or m:ss): 1:18.24
	Average shared text size (kbytes): 0
	Average unshared data size (kbytes): 0
	Average stack size (kbytes): 0
	Average total size (kbytes): 0
	Maximum resident set size (kbytes): 121536
	Average resident set size (kbytes): 0
	Major (requiring I/O) page faults: 0
	Minor (reclaiming a frame) page faults: 2621314
	Voluntary context switches: 791
	Involuntary context switches: 491
	Swaps: 0
	File system inputs: 0
	File system outputs: 360
	Socket messages sent: 0
	Socket messages received: 0
	Signals delivered: 0
	Page size (bytes): 4096
	Exit status: 0
