=== quantum_ecc: build_circuit (untrusted stage) ===

-- building circuit --
RANK4_LOWER class=4 original_ops=365 new_ops=299 symbolic_rank_gates=12 paired_macros=12 conditional_clean=true
FOLD20_T10_RANK4 j=3 last=true low=true old_ops=365 ops=299
RANK4_LOWER class=4 original_ops=2175 new_ops=1399 symbolic_rank_gates=36 paired_macros=84 conditional_clean=true
FOLD20_T10_RANK4 j=0 last=true low=true old_ops=2175 ops=1399
RANK4_LOWER class=4 original_ops=2761 new_ops=1827 symbolic_rank_gates=36 paired_macros=84 conditional_clean=true
FOLD20_T10_RANK4 j=1 last=true low=true old_ops=2761 ops=1827
RANK4_LOWER class=4 original_ops=3591 new_ops=2405 symbolic_rank_gates=36 paired_macros=84 conditional_clean=true
FOLD20_T10_RANK4 j=2 last=true low=true old_ops=3591 ops=2405
Q792_JOINT_CODEC held_predicates=7 all_existing_dirty=true restored=true
Q792_JOINT_CODEC held_predicates=7 all_existing_dirty=true restored=true
Q792_JOINT_CODEC held_predicates=7 all_existing_dirty=true restored=true
Q792_JOINT_CODEC held_predicates=7 all_existing_dirty=true restored=true
Q792_JOINT_CODEC held_predicates=16 all_existing_dirty=true restored=true
Q792_JOINT_CODEC held_predicates=16 all_existing_dirty=true restored=true
Q792_JOINT_CODEC held_predicates=16 all_existing_dirty=true restored=true
Q792_JOINT_CODEC held_predicates=16 all_existing_dirty=true restored=true
RANK4_LOWER class=3 original_ops=32837 new_ops=29047 symbolic_rank_gates=512 paired_macros=548 conditional_clean=true
FOLD20_T10_RANK4 j=1 last=false low=true old_ops=32837 ops=29047
RANK4_LOWER class=3 original_ops=32993 new_ops=29043 symbolic_rank_gates=512 paired_macros=548 conditional_clean=true
FOLD20_T10_RANK4 j=3 last=false low=true old_ops=32993 ops=29043
FOLD20_PASSIVE_LOWER old=544 new=872 macros=6 gathers=0
FOLD20_PASSIVE_LOWER old=260 new=664 macros=6 gathers=0
FOLD20_PASSIVE_LOWER old=688 new=1138 macros=8 gathers=0
FOLD20_PASSIVE_LOWER old=260 new=664 macros=6 gathers=0
FOLD20_PASSIVE_LOWER old=326 new=3110 macros=9 gathers=0
RANK4_LOWER class=3 original_ops=55287 new_ops=48473 symbolic_rank_gates=704 paired_macros=758 conditional_clean=true
FOLD20_T10_RANK4 j=2 last=false low=true old_ops=55287 ops=48473
RANK4_LOWER class=3 original_ops=55457 new_ops=48471 symbolic_rank_gates=704 paired_macros=758 conditional_clean=true
FOLD20_T10_RANK4 j=0 last=false low=true old_ops=55457 ops=48471
FOLD20_PASSIVE_LOWER old=1082 new=6864 macros=22 gathers=0
FOLD20_PASSIVE_LOWER old=544 new=872 macros=6 gathers=0
FOLD20_PASSIVE_LOWER old=544 new=872 macros=6 gathers=0
FOLD20_PASSIVE_LOWER old=260 new=664 macros=6 gathers=0
FOLD20_PASSIVE_LOWER old=260 new=664 macros=6 gathers=0
FOLD20_PASSIVE_LOWER old=0 new=0 macros=0 gathers=0
FOLD20_PASSIVE_LOWER old=0 new=0 macros=0 gathers=0
RANK4_LOWER class=4 original_ops=467 new_ops=385 symbolic_rank_gates=12 paired_macros=12 conditional_clean=true
FOLD20_T10_RANK4 j=3 last=true low=true old_ops=467 ops=385
RANK4_LOWER class=4 original_ops=2863 new_ops=1913 symbolic_rank_gates=36 paired_macros=84 conditional_clean=true
FOLD20_T10_RANK4 j=1 last=true low=true old_ops=2863 ops=1913
RANK4_LOWER class=4 original_ops=2277 new_ops=1485 symbolic_rank_gates=36 paired_macros=84 conditional_clean=true
FOLD20_T10_RANK4 j=0 last=true low=true old_ops=2277 ops=1485
RANK4_LOWER class=4 original_ops=3693 new_ops=2491 symbolic_rank_gates=36 paired_macros=84 conditional_clean=true
FOLD20_T10_RANK4 j=2 last=true low=true old_ops=3693 ops=2491
Q792_JOINT_CODEC held_predicates=7 all_existing_dirty=true restored=true
Q792_JOINT_CODEC held_predicates=7 all_existing_dirty=true restored=true
Q792_JOINT_CODEC held_predicates=7 all_existing_dirty=true restored=true
Q792_JOINT_CODEC held_predicates=7 all_existing_dirty=true restored=true
Q792_JOINT_CODEC held_predicates=16 all_existing_dirty=true restored=true
Q792_JOINT_CODEC held_predicates=16 all_existing_dirty=true restored=true
Q792_JOINT_CODEC held_predicates=16 all_existing_dirty=true restored=true
Q792_JOINT_CODEC held_predicates=16 all_existing_dirty=true restored=true
RANK4_LOWER class=3 original_ops=33013 new_ops=29201 symbolic_rank_gates=512 paired_macros=548 conditional_clean=true
FOLD20_T10_RANK4 j=1 last=false low=true old_ops=33013 ops=29201
FOLD20_PASSIVE_LOWER old=544 new=872 macros=6 gathers=0
RANK4_LOWER class=3 original_ops=33169 new_ops=29197 symbolic_rank_gates=512 paired_macros=548 conditional_clean=true
FOLD20_T10_RANK4 j=3 last=false low=true old_ops=33169 ops=29197
FOLD20_PASSIVE_LOWER old=260 new=664 macros=6 gathers=0
FOLD20_PASSIVE_LOWER old=326 new=3110 macros=9 gathers=0
RANK4_LOWER class=3 original_ops=55633 new_ops=48625 symbolic_rank_gates=704 paired_macros=758 conditional_clean=true
FOLD20_T10_RANK4 j=0 last=false low=true old_ops=55633 ops=48625
FOLD20_PASSIVE_LOWER old=688 new=1138 macros=8 gathers=0
RANK4_LOWER class=3 original_ops=55463 new_ops=48627 symbolic_rank_gates=704 paired_macros=758 conditional_clean=true
FOLD20_T10_RANK4 j=2 last=false low=true old_ops=55463 ops=48627
FOLD20_PASSIVE_LOWER old=260 new=664 macros=6 gathers=0
FOLD20_PASSIVE_LOWER old=544 new=872 macros=6 gathers=0
FOLD20_PASSIVE_LOWER old=544 new=872 macros=6 gathers=0
FOLD20_PASSIVE_LOWER old=1082 new=6864 macros=22 gathers=0
FOLD20_PASSIVE_LOWER old=260 new=664 macros=6 gathers=0
FOLD20_PASSIVE_LOWER old=260 new=664 macros=6 gathers=0
FOLD20_PASSIVE_LOWER old=0 new=0 macros=0 gathers=0
FOLD20_PASSIVE_LOWER old=0 new=0 macros=0 gathers=0
RANK4_LOWER class=4 original_ops=587 new_ops=477 symbolic_rank_gates=12 paired_macros=12 conditional_clean=true
FOLD20_T10_RANK4 j=3 last=true low=true old_ops=587 ops=477
RANK4_LOWER class=4 original_ops=2397 new_ops=1579 symbolic_rank_gates=36 paired_macros=84 conditional_clean=true
FOLD20_T10_RANK4 j=0 last=true low=true old_ops=2397 ops=1579
RANK4_LOWER class=4 original_ops=2983 new_ops=2007 symbolic_rank_gates=36 paired_macros=84 conditional_clean=true
RANK4_LOWER class=4 original_ops=3813 new_ops=2585 symbolic_rank_gates=36 paired_macros=84 conditional_clean=true
Q792_JOINT_CODEC held_predicates=7 all_existing_dirty=true restored=true
FOLD20_T10_RANK4 j=1 last=true low=true old_ops=2983 ops=2007
FOLD20_T10_RANK4 j=2 last=true low=true old_ops=3813 ops=2585
Q792_JOINT_CODEC held_predicates=7 all_existing_dirty=true restored=true
Q792_JOINT_CODEC held_predicates=7 all_existing_dirty=true restored=true
Q792_JOINT_CODEC held_predicates=16 all_existing_dirty=true restored=true
Q792_JOINT_CODEC held_predicates=16 all_existing_dirty=true restored=true
Q792_JOINT_CODEC held_predicates=7 all_existing_dirty=true restored=true
Q792_JOINT_CODEC held_predicates=16 all_existing_dirty=true restored=true
Q792_JOINT_CODEC held_predicates=16 all_existing_dirty=true restored=true
RANK4_LOWER class=3 original_ops=33269 new_ops=29419 symbolic_rank_gates=512 paired_macros=548 conditional_clean=true
FOLD20_T10_RANK4 j=1 last=false low=true old_ops=33269 ops=29419
RANK4_LOWER class=3 original_ops=33425 new_ops=29415 symbolic_rank_gates=512 paired_macros=548 conditional_clean=true
FOLD20_T10_RANK4 j=3 last=false low=true old_ops=33425 ops=29415
FOLD20_PASSIVE_LOWER old=688 new=1138 macros=8 gathers=0
FOLD20_PASSIVE_LOWER old=544 new=872 macros=6 gathers=0
FOLD20_PASSIVE_LOWER old=260 new=664 macros=6 gathers=0
RANK4_LOWER class=3 original_ops=55889 new_ops=48843 symbolic_rank_gates=704 paired_macros=758 conditional_clean=true
FOLD20_T10_RANK4 j=0 last=false low=true old_ops=55889 ops=48843
RANK4_LOWER class=3 original_ops=55719 new_ops=48845 symbolic_rank_gates=704 paired_macros=758 conditional_clean=true
FOLD20_T10_RANK4 j=2 last=false low=true old_ops=55719 ops=48845
FOLD20_PASSIVE_LOWER old=260 new=664 macros=6 gathers=0
FOLD20_PASSIVE_LOWER old=326 new=3110 macros=9 gathers=0
FOLD20_PASSIVE_LOWER old=1082 new=6864 macros=22 gathers=0
FOLD20_PASSIVE_LOWER old=544 new=872 macros=6 gathers=0
FOLD20_PASSIVE_LOWER old=544 new=872 macros=6 gathers=0
FOLD20_PASSIVE_LOWER old=260 new=664 macros=6 gathers=0
FOLD20_PASSIVE_LOWER old=260 new=664 macros=6 gathers=0
FOLD20_PASSIVE_LOWER old=0 new=0 macros=0 gathers=0
FOLD20_PASSIVE_LOWER old=0 new=0 macros=0 gathers=0
RANK4_LOWER class=4 original_ops=705 new_ops=571 symbolic_rank_gates=12 paired_macros=12 conditional_clean=true
FOLD20_T10_RANK4 j=3 last=true low=true old_ops=705 ops=571
RANK4_LOWER class=4 original_ops=2515 new_ops=1673 symbolic_rank_gates=36 paired_macros=84 conditional_clean=true
FOLD20_T10_RANK4 j=0 last=true low=true old_ops=2515 ops=1673
RANK4_LOWER class=4 original_ops=3101 new_ops=2101 symbolic_rank_gates=36 paired_macros=84 conditional_clean=true
FOLD20_T10_RANK4 j=1 last=true low=true old_ops=3101 ops=2101
RANK4_LOWER class=4 original_ops=3931 new_ops=2679 symbolic_rank_gates=36 paired_macros=84 conditional_clean=true
FOLD20_T10_RANK4 j=2 last=true low=true old_ops=3931 ops=2679
Q792_JOINT_CODEC held_predicates=7 all_existing_dirty=true restored=true
Q792_JOINT_CODEC held_predicates=7 all_existing_dirty=true restored=true
Q792_JOINT_CODEC held_predicates=7 all_existing_dirty=true restored=true
Q792_JOINT_CODEC held_predicates=16 all_existing_dirty=true restored=true
Q792_JOINT_CODEC held_predicates=7 all_existing_dirty=true restored=true
Q792_JOINT_CODEC held_predicates=16 all_existing_dirty=true restored=true
Q792_JOINT_CODEC held_predicates=16 all_existing_dirty=true restored=true
Q792_JOINT_CODEC held_predicates=16 all_existing_dirty=true restored=true
RANK4_LOWER class=3 original_ops=33621 new_ops=29589 symbolic_rank_gates=512 paired_macros=548 conditional_clean=true
FOLD20_T10_RANK4 j=3 last=false low=true old_ops=33621 ops=29589
RANK4_LOWER class=3 original_ops=33465 new_ops=29593 symbolic_rank_gates=512 paired_macros=548 conditional_clean=true
FOLD20_T10_RANK4 j=1 last=false low=true old_ops=33465 ops=29593
FOLD20_PASSIVE_LOWER old=688 new=1138 macros=8 gathers=0
FOLD20_PASSIVE_LOWER old=544 new=872 macros=6 gathers=0
FOLD20_PASSIVE_LOWER old=260 new=664 macros=6 gathers=0
FOLD20_PASSIVE_LOWER old=260 new=664 macros=6 gathers=0
RANK4_LOWER class=3 original_ops=55915 new_ops=49019 symbolic_rank_gates=704 paired_macros=758 conditional_clean=true
FOLD20_T10_RANK4 j=2 last=false low=true old_ops=55915 ops=49019
FOLD20_PASSIVE_LOWER old=326 new=3110 macros=9 gathers=0
RANK4_LOWER class=3 original_ops=56085 new_ops=49017 symbolic_rank_gates=704 paired_macros=758 conditional_clean=true
FOLD20_T10_RANK4 j=0 last=false low=true old_ops=56085 ops=49017
FOLD20_PASSIVE_LOWER old=1082 new=6864 macros=22 gathers=0
FOLD20_PASSIVE_LOWER old=544 new=872 macros=6 gathers=0
FOLD20_PASSIVE_LOWER old=260 new=664 macros=6 gathers=0
FOLD20_PASSIVE_LOWER old=544 new=872 macros=6 gathers=0
FOLD20_PASSIVE_LOWER old=0 new=0 macros=0 gathers=0
FOLD20_PASSIVE_LOWER old=260 new=664 macros=6 gathers=0
FOLD20_PASSIVE_LOWER old=0 new=0 macros=0 gathers=0
RANK4_LOWER class=4 original_ops=803 new_ops=653 symbolic_rank_gates=12 paired_macros=12 conditional_clean=true
FOLD20_T10_RANK4 j=3 last=true low=true old_ops=803 ops=653
RANK4_LOWER class=4 original_ops=2613 new_ops=1755 symbolic_rank_gates=36 paired_macros=84 conditional_clean=true
FOLD20_T10_RANK4 j=0 last=true low=true old_ops=2613 ops=1755
RANK4_LOWER class=4 original_ops=3199 new_ops=2185 symbolic_rank_gates=36 paired_macros=84 conditional_clean=true
FOLD20_T10_RANK4 j=1 last=true low=true old_ops=3199 ops=2185
RANK4_LOWER class=4 original_ops=4029 new_ops=2761 symbolic_rank_gates=36 paired_macros=84 conditional_clean=true
FOLD20_T10_RANK4 j=2 last=true low=true old_ops=4029 ops=2761
Q792_JOINT_CODEC held_predicates=7 all_existing_dirty=true restored=true
Q792_JOINT_CODEC held_predicates=7 all_existing_dirty=true restored=true
Q792_JOINT_CODEC held_predicates=7 all_existing_dirty=true restored=true
Q792_JOINT_CODEC held_predicates=7 all_existing_dirty=true restored=true
Q792_JOINT_CODEC held_predicates=16 all_existing_dirty=true restored=true
Q792_JOINT_CODEC held_predicates=16 all_existing_dirty=true restored=true
Q792_JOINT_CODEC held_predicates=16 all_existing_dirty=true restored=true
Q792_JOINT_CODEC held_predicates=16 all_existing_dirty=true restored=true
RANK4_LOWER class=3 original_ops=33817 new_ops=29755 symbolic_rank_gates=512 paired_macros=548 conditional_clean=true
FOLD20_T10_RANK4 j=3 last=false low=true old_ops=33817 ops=29755
RANK4_LOWER class=3 original_ops=33661 new_ops=29759 symbolic_rank_gates=512 paired_macros=548 conditional_clean=true
FOLD20_T10_RANK4 j=1 last=false low=true old_ops=33661 ops=29759
FOLD20_PASSIVE_LOWER old=688 new=1138 macros=8 gathers=0
FOLD20_PASSIVE_LOWER old=544 new=872 macros=6 gathers=0
FOLD20_PASSIVE_LOWER old=260 new=664 macros=6 gathers=0
FOLD20_PASSIVE_LOWER old=260 new=664 macros=6 gathers=0
FOLD20_PASSIVE_LOWER old=326 new=3110 macros=9 gathers=0
FOLD20_PASSIVE_LOWER old=1082 new=6864 macros=22 gathers=0
RANK4_LOWER class=3 original_ops=56281 new_ops=49183 symbolic_rank_gates=704 paired_macros=758 conditional_clean=true
FOLD20_T10_RANK4 j=0 last=false low=true old_ops=56281 ops=49183
RANK4_LOWER class=3 original_ops=56111 new_ops=49185 symbolic_rank_gates=704 paired_macros=758 conditional_clean=true
FOLD20_T10_RANK4 j=2 last=false low=true old_ops=56111 ops=49185
FOLD20_PASSIVE_LOWER old=544 new=872 macros=6 gathers=0
FOLD20_PASSIVE_LOWER old=544 new=872 macros=6 gathers=0
FOLD20_PASSIVE_LOWER old=260 new=664 macros=6 gathers=0
FOLD20_PASSIVE_LOWER old=260 new=664 macros=6 gathers=0
FOLD20_PASSIVE_LOWER old=0 new=0 macros=0 gathers=0
FOLD20_PASSIVE_LOWER old=0 new=0 macros=0 gathers=0
RANK4_LOWER class=4 original_ops=917 new_ops=743 symbolic_rank_gates=12 paired_macros=12 conditional_clean=true
FOLD20_T10_RANK4 j=3 last=true low=true old_ops=917 ops=743
RANK4_LOWER class=4 original_ops=2727 new_ops=1845 symbolic_rank_gates=36 paired_macros=84 conditional_clean=true
FOLD20_T10_RANK4 j=0 last=true low=true old_ops=2727 ops=1845
RANK4_LOWER class=4 original_ops=3313 new_ops=2275 symbolic_rank_gates=36 paired_macros=84 conditional_clean=true
FOLD20_T10_RANK4 j=1 last=true low=true old_ops=3313 ops=2275
RANK4_LOWER class=4 original_ops=4143 new_ops=2851 symbolic_rank_gates=36 paired_macros=84 conditional_clean=true
FOLD20_T10_RANK4 j=2 last=true low=true old_ops=4143 ops=2851
Q792_JOINT_CODEC held_predicates=7 all_existing_dirty=true restored=true
Q792_JOINT_CODEC held_predicates=7 all_existing_dirty=true restored=true
Q792_JOINT_CODEC held_predicates=7 all_existing_dirty=true restored=true
Q792_JOINT_CODEC held_predicates=16 all_existing_dirty=true restored=true
Q792_JOINT_CODEC held_predicates=7 all_existing_dirty=true restored=true
Q792_JOINT_CODEC held_predicates=16 all_existing_dirty=true restored=true
Q792_JOINT_CODEC held_predicates=16 all_existing_dirty=true restored=true
Q792_JOINT_CODEC held_predicates=16 all_existing_dirty=true restored=true
RANK4_LOWER class=3 original_ops=34009 new_ops=29925 symbolic_rank_gates=512 paired_macros=548 conditional_clean=true
FOLD20_T10_RANK4 j=3 last=false low=true old_ops=34009 ops=29925
RANK4_LOWER class=3 original_ops=33853 new_ops=29929 symbolic_rank_gates=512 paired_macros=548 conditional_clean=true
FOLD20_T10_RANK4 j=1 last=false low=true old_ops=33853 ops=29929
FOLD20_PASSIVE_LOWER old=688 new=1138 macros=8 gathers=0
FOLD20_PASSIVE_LOWER old=544 new=872 macros=6 gathers=0
FOLD20_PASSIVE_LOWER old=260 new=664 macros=6 gathers=0
FOLD20_PASSIVE_LOWER old=260 new=664 macros=6 gathers=0
FOLD20_PASSIVE_LOWER old=326 new=3110 macros=9 gathers=0
RANK4_LOWER class=3 original_ops=56473 new_ops=49353 symbolic_rank_gates=704 paired_macros=758 conditional_clean=true
FOLD20_T10_RANK4 j=0 last=false low=true old_ops=56473 ops=49353
RANK4_LOWER class=3 original_ops=56303 new_ops=49355 symbolic_rank_gates=704 paired_macros=758 conditional_clean=true
FOLD20_T10_RANK4 j=2 last=false low=true old_ops=56303 ops=49355
FOLD20_PASSIVE_LOWER old=1082 new=6864 macros=22 gathers=0
FOLD20_PASSIVE_LOWER old=544 new=872 macros=6 gathers=0
FOLD20_PASSIVE_LOWER old=544 new=872 macros=6 gathers=0
FOLD20_PASSIVE_LOWER old=260 new=664 macros=6 gathers=0
FOLD20_PASSIVE_LOWER old=260 new=664 macros=6 gathers=0
FOLD20_PASSIVE_LOWER old=0 new=0 macros=0 gathers=0
FOLD20_PASSIVE_LOWER old=0 new=0 macros=0 gathers=0
RANK4_LOWER class=4 original_ops=1035 new_ops=833 symbolic_rank_gates=12 paired_macros=12 conditional_clean=true
FOLD20_T10_RANK4 j=3 last=true low=true old_ops=1035 ops=833
RANK4_LOWER class=4 original_ops=2845 new_ops=1937 symbolic_rank_gates=36 paired_macros=84 conditional_clean=true
FOLD20_T10_RANK4 j=0 last=true low=true old_ops=2845 ops=1937
RANK4_LOWER class=4 original_ops=3431 new_ops=2367 symbolic_rank_gates=36 paired_macros=84 conditional_clean=true
FOLD20_T10_RANK4 j=1 last=true low=true old_ops=3431 ops=2367
RANK4_LOWER class=4 original_ops=4261 new_ops=2943 symbolic_rank_gates=36 paired_macros=84 conditional_clean=true
FOLD20_T10_RANK4 j=2 last=true low=true old_ops=4261 ops=2943
Q792_JOINT_CODEC held_predicates=7 all_existing_dirty=true restored=true
Q792_JOINT_CODEC held_predicates=7 all_existing_dirty=true restored=true
Q792_JOINT_CODEC held_predicates=7 all_existing_dirty=true restored=true
Q792_JOINT_CODEC held_predicates=16 all_existing_dirty=true restored=true
Q792_JOINT_CODEC held_predicates=16 all_existing_dirty=true restored=true
Q792_JOINT_CODEC held_predicates=7 all_existing_dirty=true restored=true
Q792_JOINT_CODEC held_predicates=16 all_existing_dirty=true restored=true
Q792_JOINT_CODEC held_predicates=16 all_existing_dirty=true restored=true
RANK4_LOWER class=3 original_ops=34377 new_ops=30225 symbolic_rank_gates=512 paired_macros=548 conditional_clean=true
FOLD20_T10_RANK4 j=3 last=false low=true old_ops=34377 ops=30225
RANK4_LOWER class=3 original_ops=34221 new_ops=30229 symbolic_rank_gates=512 paired_macros=548 conditional_clean=true
FOLD20_T10_RANK4 j=1 last=false low=true old_ops=34221 ops=30229
FOLD20_PASSIVE_LOWER old=544 new=872 macros=6 gathers=0
FOLD20_PASSIVE_LOWER old=688 new=1138 macros=8 gathers=0
FOLD20_PASSIVE_LOWER old=260 new=664 macros=6 gathers=0
FOLD20_PASSIVE_LOWER old=260 new=664 macros=6 gathers=0
RANK4_LOWER class=3 original_ops=56671 new_ops=49655 symbolic_rank_gates=704 paired_macros=758 conditional_clean=true
FOLD20_T10_RANK4 j=2 last=false low=true old_ops=56671 ops=49655
FOLD20_PASSIVE_LOWER old=326 new=3110 macros=9 gathers=0
RANK4_LOWER class=3 original_ops=56841 new_ops=49653 symbolic_rank_gates=704 paired_macros=758 conditional_clean=true
FOLD20_T10_RANK4 j=0 last=false low=true old_ops=56841 ops=49653
FOLD20_PASSIVE_LOWER old=1082 new=6864 macros=22 gathers=0
FOLD20_PASSIVE_LOWER old=544 new=872 macros=6 gathers=0
FOLD20_PASSIVE_LOWER old=260 new=664 macros=6 gathers=0
FOLD20_PASSIVE_LOWER old=544 new=872 macros=6 gathers=0
FOLD20_PASSIVE_LOWER old=0 new=0 macros=0 gathers=0
FOLD20_PASSIVE_LOWER old=260 new=664 macros=6 gathers=0
FOLD20_PASSIVE_LOWER old=0 new=0 macros=0 gathers=0
RANK4_LOWER class=4 original_ops=1161 new_ops=935 symbolic_rank_gates=12 paired_macros=12 conditional_clean=true
FOLD20_T10_RANK4 j=3 last=true low=true old_ops=1161 ops=935
RANK4_LOWER class=4 original_ops=2971 new_ops=2039 symbolic_rank_gates=36 paired_macros=84 conditional_clean=true
FOLD20_T10_RANK4 j=0 last=true low=true old_ops=2971 ops=2039
RANK4_LOWER class=4 original_ops=3557 new_ops=2469 symbolic_rank_gates=36 paired_macros=84 conditional_clean=true
FOLD20_T10_RANK4 j=1 last=true low=true old_ops=3557 ops=2469
RANK4_LOWER class=4 original_ops=4387 new_ops=3045 symbolic_rank_gates=36 paired_macros=84 conditional_clean=true
FOLD20_T10_RANK4 j=2 last=true low=true old_ops=4387 ops=3045
Q792_JOINT_CODEC held_predicates=7 all_existing_dirty=true restored=true
Q792_JOINT_CODEC held_predicates=7 all_existing_dirty=true restored=true
Q792_JOINT_CODEC held_predicates=7 all_existing_dirty=true restored=true
Q792_JOINT_CODEC held_predicates=16 all_existing_dirty=true restored=true
Q792_JOINT_CODEC held_predicates=16 all_existing_dirty=true restored=true
Q792_JOINT_CODEC held_predicates=7 all_existing_dirty=true restored=true
Q792_JOINT_CODEC held_predicates=16 all_existing_dirty=true restored=true
Q792_JOINT_CODEC held_predicates=16 all_existing_dirty=true restored=true
RANK4_LOWER class=3 original_ops=34437 new_ops=30423 symbolic_rank_gates=512 paired_macros=548 conditional_clean=true
FOLD20_T10_RANK4 j=1 last=false low=true old_ops=34437 ops=30423
RANK4_LOWER class=3 original_ops=34593 new_ops=30419 symbolic_rank_gates=512 paired_macros=548 conditional_clean=true
FOLD20_T10_RANK4 j=3 last=false low=true old_ops=34593 ops=30419
FOLD20_PASSIVE_LOWER old=544 new=872 macros=6 gathers=0
FOLD20_PASSIVE_LOWER old=688 new=1138 macros=8 gathers=0
FOLD20_PASSIVE_LOWER old=260 new=664 macros=6 gathers=0
FOLD20_PASSIVE_LOWER old=260 new=664 macros=6 gathers=0
RANK4_LOWER class=3 original_ops=57057 new_ops=49867 symbolic_rank_gates=704 paired_macros=758 conditional_clean=true
FOLD20_PASSIVE_LOWER old=326 new=3110 macros=9 gathers=0
FOLD20_T10_RANK4 j=0 last=false low=true old_ops=57057 ops=49867
RANK4_LOWER class=3 original_ops=56887 new_ops=49869 symbolic_rank_gates=704 paired_macros=758 conditional_clean=true
FOLD20_T10_RANK4 j=2 last=false low=true old_ops=56887 ops=49869
FOLD20_PASSIVE_LOWER old=1082 new=6864 macros=22 gathers=0
FOLD20_PASSIVE_LOWER old=544 new=872 macros=6 gathers=0
FOLD20_PASSIVE_LOWER old=544 new=872 macros=6 gathers=0
FOLD20_PASSIVE_LOWER old=260 new=664 macros=6 gathers=0
FOLD20_PASSIVE_LOWER old=260 new=664 macros=6 gathers=0
FOLD20_PASSIVE_LOWER old=0 new=0 macros=0 gathers=0
FOLD20_PASSIVE_LOWER old=0 new=0 macros=0 gathers=0
RANK4_LOWER class=4 original_ops=1259 new_ops=1017 symbolic_rank_gates=12 paired_macros=12 conditional_clean=true
FOLD20_T10_RANK4 j=3 last=true low=true old_ops=1259 ops=1017
RANK4_LOWER class=4 original_ops=3069 new_ops=2121 symbolic_rank_gates=36 paired_macros=84 conditional_clean=true
FOLD20_T10_RANK4 j=0 last=true low=true old_ops=3069 ops=2121
RANK4_LOWER class=4 original_ops=3655 new_ops=2551 symbolic_rank_gates=36 paired_macros=84 conditional_clean=true
FOLD20_T10_RANK4 j=1 last=true low=true old_ops=3655 ops=2551
RANK4_LOWER class=4 original_ops=4485 new_ops=3127 symbolic_rank_gates=36 paired_macros=84 conditional_clean=true
FOLD20_T10_RANK4 j=2 last=true low=true old_ops=4485 ops=3127
Q792_JOINT_CODEC held_predicates=7 all_existing_dirty=true restored=true
Q792_JOINT_CODEC held_predicates=7 all_existing_dirty=true restored=true
Q792_JOINT_CODEC held_predicates=7 all_existing_dirty=true restored=true
Q792_JOINT_CODEC held_predicates=16 all_existing_dirty=true restored=true
Q792_JOINT_CODEC held_predicates=7 all_existing_dirty=true restored=true
Q792_JOINT_CODEC held_predicates=16 all_existing_dirty=true restored=true
Q792_JOINT_CODEC held_predicates=16 all_existing_dirty=true restored=true
Q792_JOINT_CODEC held_predicates=16 all_existing_dirty=true restored=true
RANK4_LOWER class=3 original_ops=34813 new_ops=30669 symbolic_rank_gates=512 paired_macros=548 conditional_clean=true
FOLD20_T10_RANK4 j=3 last=false low=true old_ops=34813 ops=30669
RANK4_LOWER class=3 original_ops=34657 new_ops=30673 symbolic_rank_gates=512 paired_macros=548 conditional_clean=true
FOLD20_T10_RANK4 j=1 last=false low=true old_ops=34657 ops=30673
FOLD20_PASSIVE_LOWER old=688 new=1138 macros=8 gathers=0
FOLD20_PASSIVE_LOWER old=260 new=664 macros=6 gathers=0
FOLD20_PASSIVE_LOWER old=544 new=872 macros=6 gathers=0
FOLD20_PASSIVE_LOWER old=260 new=664 macros=6 gathers=0
RANK4_LOWER class=3 original_ops=57107 new_ops=50119 symbolic_rank_gates=704 paired_macros=758 conditional_clean=true
FOLD20_T10_RANK4 j=2 last=false low=true old_ops=57107 ops=50119
FOLD20_PASSIVE_LOWER old=1082 new=6864 macros=22 gathers=0
FOLD20_PASSIVE_LOWER old=326 new=3110 macros=9 gathers=0
RANK4_LOWER class=3 original_ops=57277 new_ops=50119 symbolic_rank_gates=704 paired_macros=758 conditional_clean=true
FOLD20_T10_RANK4 j=0 last=false low=true old_ops=57277 ops=50119
FOLD20_PASSIVE_LOWER old=544 new=872 macros=6 gathers=0
FOLD20_PASSIVE_LOWER old=260 new=664 macros=6 gathers=0
FOLD20_PASSIVE_LOWER old=0 new=0 macros=0 gathers=0
FOLD20_PASSIVE_LOWER old=544 new=872 macros=6 gathers=0
FOLD20_PASSIVE_LOWER old=260 new=664 macros=6 gathers=0
FOLD20_PASSIVE_LOWER old=0 new=0 macros=0 gathers=0
RANK4_LOWER class=4 original_ops=1377 new_ops=1107 symbolic_rank_gates=12 paired_macros=12 conditional_clean=true
FOLD20_T10_RANK4 j=3 last=true low=true old_ops=1377 ops=1107
RANK4_LOWER class=4 original_ops=3187 new_ops=2213 symbolic_rank_gates=36 paired_macros=84 conditional_clean=true
FOLD20_T10_RANK4 j=0 last=true low=true old_ops=3187 ops=2213
RANK4_LOWER class=4 original_ops=3773 new_ops=2641 symbolic_rank_gates=36 paired_macros=84 conditional_clean=true
FOLD20_T10_RANK4 j=1 last=true low=true old_ops=3773 ops=2641
RANK4_LOWER class=4 original_ops=4603 new_ops=3217 symbolic_rank_gates=36 paired_macros=84 conditional_clean=true
FOLD20_T10_RANK4 j=2 last=true low=true old_ops=4603 ops=3217
Q792_JOINT_CODEC held_predicates=7 all_existing_dirty=true restored=true
Q792_JOINT_CODEC held_predicates=7 all_existing_dirty=true restored=true
Q792_JOINT_CODEC held_predicates=7 all_existing_dirty=true restored=true
Q792_JOINT_CODEC held_predicates=16 all_existing_dirty=true restored=true
Q792_JOINT_CODEC held_predicates=7 all_existing_dirty=true restored=true
Q792_JOINT_CODEC held_predicates=16 all_existing_dirty=true restored=true
Q792_JOINT_CODEC held_predicates=16 all_existing_dirty=true restored=true
Q792_JOINT_CODEC held_predicates=16 all_existing_dirty=true restored=true
RANK4_LOWER class=3 original_ops=34873 new_ops=30929 symbolic_rank_gates=512 paired_macros=548 conditional_clean=true
FOLD20_T10_RANK4 j=1 last=false low=true old_ops=34873 ops=30929
RANK4_LOWER class=3 original_ops=35029 new_ops=30925 symbolic_rank_gates=512 paired_macros=548 conditional_clean=true
FOLD20_T10_RANK4 j=3 last=false low=true old_ops=35029 ops=30925
FOLD20_PASSIVE_LOWER old=544 new=872 macros=6 gathers=0
FOLD20_PASSIVE_LOWER old=260 new=664 macros=6 gathers=0
FOLD20_PASSIVE_LOWER old=688 new=1138 macros=8 gathers=0
FOLD20_PASSIVE_LOWER old=260 new=664 macros=6 gathers=0
FOLD20_PASSIVE_LOWER old=326 new=3110 macros=9 gathers=0
RANK4_LOWER class=3 original_ops=57323 new_ops=50377 symbolic_rank_gates=704 paired_macros=758 conditional_clean=true
FOLD20_T10_RANK4 j=2 last=false low=true old_ops=57323 ops=50377
FOLD20_PASSIVE_LOWER old=1082 new=6864 macros=22 gathers=0
RANK4_LOWER class=3 original_ops=57493 new_ops=50375 symbolic_rank_gates=704 paired_macros=758 conditional_clean=true
FOLD20_T10_RANK4 j=0 last=false low=true old_ops=57493 ops=50375
FOLD20_PASSIVE_LOWER old=544 new=872 macros=6 gathers=0
FOLD20_PASSIVE_LOWER old=260 new=664 macros=6 gathers=0
FOLD20_PASSIVE_LOWER old=0 new=0 macros=0 gathers=0
FOLD20_PASSIVE_LOWER old=544 new=872 macros=6 gathers=0
FOLD20_PASSIVE_LOWER old=260 new=664 macros=6 gathers=0
FOLD20_PASSIVE_LOWER old=0 new=0 macros=0 gathers=0
RANK4_LOWER class=4 original_ops=1475 new_ops=1189 symbolic_rank_gates=12 paired_macros=12 conditional_clean=true
FOLD20_T10_RANK4 j=3 last=true low=true old_ops=1475 ops=1189
RANK4_LOWER class=4 original_ops=3285 new_ops=2295 symbolic_rank_gates=36 paired_macros=84 conditional_clean=true
FOLD20_T10_RANK4 j=0 last=true low=true old_ops=3285 ops=2295
RANK4_LOWER class=4 original_ops=4701 new_ops=3299 symbolic_rank_gates=36 paired_macros=84 conditional_clean=true
FOLD20_T10_RANK4 j=2 last=true low=true old_ops=4701 ops=3299
RANK4_LOWER class=4 original_ops=3871 new_ops=2723 symbolic_rank_gates=36 paired_macros=84 conditional_clean=true
FOLD20_T10_RANK4 j=1 last=true low=true old_ops=3871 ops=2723
Q792_JOINT_CODEC held_predicates=7 all_existing_dirty=true restored=true
Q792_JOINT_CODEC held_predicates=7 all_existing_dirty=true restored=true
Q792_JOINT_CODEC held_predicates=7 all_existing_dirty=true restored=true
Q792_JOINT_CODEC held_predicates=16 all_existing_dirty=true restored=true
Q792_JOINT_CODEC held_predicates=16 all_existing_dirty=true restored=true
Q792_JOINT_CODEC held_predicates=7 all_existing_dirty=true restored=true
Q792_JOINT_CODEC held_predicates=16 all_existing_dirty=true restored=true
Q792_JOINT_CODEC held_predicates=16 all_existing_dirty=true restored=true
RANK4_LOWER class=3 original_ops=35241 new_ops=31177 symbolic_rank_gates=512 paired_macros=548 conditional_clean=true
FOLD20_T10_RANK4 j=3 last=false low=true old_ops=35241 ops=31177
RANK4_LOWER class=3 original_ops=35085 new_ops=31181 symbolic_rank_gates=512 paired_macros=548 conditional_clean=true
FOLD20_T10_RANK4 j=1 last=false low=true old_ops=35085 ops=31181
FOLD20_PASSIVE_LOWER old=688 new=1138 macros=8 gathers=0
FOLD20_PASSIVE_LOWER old=544 new=872 macros=6 gathers=0
FOLD20_PASSIVE_LOWER old=260 new=664 macros=6 gathers=0
FOLD20_PASSIVE_LOWER old=260 new=664 macros=6 gathers=0
RANK4_LOWER class=3 original_ops=57535 new_ops=50627 symbolic_rank_gates=704 paired_macros=758 conditional_clean=true
FOLD20_T10_RANK4 j=2 last=false low=true old_ops=57535 ops=50627
FOLD20_PASSIVE_LOWER old=326 new=3110 macros=9 gathers=0
FOLD20_PASSIVE_LOWER old=1082 new=6864 macros=22 gathers=0
RANK4_LOWER class=3 original_ops=57705 new_ops=50625 symbolic_rank_gates=704 paired_macros=758 conditional_clean=true
FOLD20_T10_RANK4 j=0 last=false low=true old_ops=57705 ops=50625
FOLD20_PASSIVE_LOWER old=544 new=872 macros=6 gathers=0
FOLD20_PASSIVE_LOWER old=260 new=664 macros=6 gathers=0
FOLD20_PASSIVE_LOWER old=544 new=872 macros=6 gathers=0
FOLD20_PASSIVE_LOWER old=260 new=664 macros=6 gathers=0
FOLD20_PASSIVE_LOWER old=0 new=0 macros=0 gathers=0
FOLD20_PASSIVE_LOWER old=0 new=0 macros=0 gathers=0
RANK4_LOWER class=4 original_ops=1593 new_ops=1283 symbolic_rank_gates=12 paired_macros=12 conditional_clean=true
FOLD20_T10_RANK4 j=3 last=true low=true old_ops=1593 ops=1283
RANK4_LOWER class=4 original_ops=3403 new_ops=2389 symbolic_rank_gates=36 paired_macros=84 conditional_clean=true
FOLD20_T10_RANK4 j=0 last=true low=true old_ops=3403 ops=2389
RANK4_LOWER class=4 original_ops=3989 new_ops=2817 symbolic_rank_gates=36 paired_macros=84 conditional_clean=true
FOLD20_T10_RANK4 j=1 last=true low=true old_ops=3989 ops=2817
RANK4_LOWER class=4 original_ops=4819 new_ops=3393 symbolic_rank_gates=36 paired_macros=84 conditional_clean=true
FOLD20_T10_RANK4 j=2 last=true low=true old_ops=4819 ops=3393
Q792_JOINT_CODEC held_predicates=7 all_existing_dirty=true restored=true
Q792_JOINT_CODEC held_predicates=7 all_existing_dirty=true restored=true
Q792_JOINT_CODEC held_predicates=7 all_existing_dirty=true restored=true
Q792_JOINT_CODEC held_predicates=16 all_existing_dirty=true restored=true
Q792_JOINT_CODEC held_predicates=7 all_existing_dirty=true restored=true
Q792_JOINT_CODEC held_predicates=16 all_existing_dirty=true restored=true
Q792_JOINT_CODEC held_predicates=16 all_existing_dirty=true restored=true
Q792_JOINT_CODEC held_predicates=16 all_existing_dirty=true restored=true
RANK4_LOWER class=3 original_ops=35453 new_ops=31385 symbolic_rank_gates=512 paired_macros=548 conditional_clean=true
FOLD20_T10_RANK4 j=3 last=false low=true old_ops=35453 ops=31385
RANK4_LOWER class=3 original_ops=35297 new_ops=31389 symbolic_rank_gates=512 paired_macros=548 conditional_clean=true
FOLD20_T10_RANK4 j=1 last=false low=true old_ops=35297 ops=31389
FOLD20_PASSIVE_LOWER old=688 new=1138 macros=8 gathers=0
FOLD20_PASSIVE_LOWER old=544 new=872 macros=6 gathers=0
FOLD20_PASSIVE_LOWER old=260 new=664 macros=6 gathers=0
FOLD20_PASSIVE_LOWER old=260 new=664 macros=6 gathers=0
RANK4_LOWER class=3 original_ops=57747 new_ops=50819 symbolic_rank_gates=704 paired_macros=758 conditional_clean=true
FOLD20_T10_RANK4 j=2 last=false low=true old_ops=57747 ops=50819
FOLD20_PASSIVE_LOWER old=326 new=3110 macros=9 gathers=0
RANK4_LOWER class=3 original_ops=57917 new_ops=50817 symbolic_rank_gates=704 paired_macros=758 conditional_clean=true
FOLD20_T10_RANK4 j=0 last=false low=true old_ops=57917 ops=50817
FOLD20_PASSIVE_LOWER old=1082 new=6864 macros=22 gathers=0
FOLD20_PASSIVE_LOWER old=544 new=872 macros=6 gathers=0
FOLD20_PASSIVE_LOWER old=544 new=872 macros=6 gathers=0
FOLD20_PASSIVE_LOWER old=260 new=664 macros=6 gathers=0
FOLD20_PASSIVE_LOWER old=260 new=664 macros=6 gathers=0
FOLD20_PASSIVE_LOWER old=0 new=0 macros=0 gathers=0
FOLD20_PASSIVE_LOWER old=0 new=0 macros=0 gathers=0
RANK4_LOWER class=4 original_ops=1691 new_ops=1365 symbolic_rank_gates=12 paired_macros=12 conditional_clean=true
FOLD20_T10_RANK4 j=3 last=true low=true old_ops=1691 ops=1365
RANK4_LOWER class=4 original_ops=4087 new_ops=2899 symbolic_rank_gates=36 paired_macros=84 conditional_clean=true
FOLD20_T10_RANK4 j=1 last=true low=true old_ops=4087 ops=2899
RANK4_LOWER class=4 original_ops=4917 new_ops=3475 symbolic_rank_gates=36 paired_macros=84 conditional_clean=true
FOLD20_T10_RANK4 j=2 last=true low=true old_ops=4917 ops=3475
Q792_JOINT_CODEC held_predicates=7 all_existing_dirty=true restored=true
RANK4_LOWER class=4 original_ops=3501 new_ops=2471 symbolic_rank_gates=36 paired_macros=84 conditional_clean=true
FOLD20_T10_RANK4 j=0 last=true low=true old_ops=3501 ops=2471
Q792_JOINT_CODEC held_predicates=7 all_existing_dirty=true restored=true
Q792_JOINT_CODEC held_predicates=7 all_existing_dirty=true restored=true
Q792_JOINT_CODEC held_predicates=16 all_existing_dirty=true restored=true
Q792_JOINT_CODEC held_predicates=7 all_existing_dirty=true restored=true
Q792_JOINT_CODEC held_predicates=16 all_existing_dirty=true restored=true
Q792_JOINT_CODEC held_predicates=16 all_existing_dirty=true restored=true
Q792_JOINT_CODEC held_predicates=16 all_existing_dirty=true restored=true
RANK4_LOWER class=3 original_ops=35665 new_ops=31569 symbolic_rank_gates=512 paired_macros=548 conditional_clean=true
FOLD20_T10_RANK4 j=3 last=false low=true old_ops=35665 ops=31569
RANK4_LOWER class=3 original_ops=35509 new_ops=31573 symbolic_rank_gates=512 paired_macros=548 conditional_clean=true
FOLD20_T10_RANK4 j=1 last=false low=true old_ops=35509 ops=31573
FOLD20_PASSIVE_LOWER old=688 new=1138 macros=8 gathers=0
FOLD20_PASSIVE_LOWER old=260 new=664 macros=6 gathers=0
FOLD20_PASSIVE_LOWER old=544 new=872 macros=6 gathers=0
FOLD20_PASSIVE_LOWER old=260 new=664 macros=6 gathers=0
RANK4_LOWER class=3 original_ops=57959 new_ops=50999 symbolic_rank_gates=704 paired_macros=758 conditional_clean=true
FOLD20_T10_RANK4 j=2 last=false low=true old_ops=57959 ops=50999
FOLD20_PASSIVE_LOWER old=1082 new=6864 macros=22 gathers=0
RANK4_LOWER class=3 original_ops=58129 new_ops=50997 symbolic_rank_gates=704 paired_macros=758 conditional_clean=true
FOLD20_T10_RANK4 j=0 last=false low=true old_ops=58129 ops=50997
FOLD20_PASSIVE_LOWER old=326 new=3110 macros=9 gathers=0
FOLD20_PASSIVE_LOWER old=544 new=872 macros=6 gathers=0
FOLD20_PASSIVE_LOWER old=260 new=664 macros=6 gathers=0
FOLD20_PASSIVE_LOWER old=544 new=872 macros=6 gathers=0
FOLD20_PASSIVE_LOWER old=0 new=0 macros=0 gathers=0
FOLD20_PASSIVE_LOWER old=260 new=664 macros=6 gathers=0
FOLD20_PASSIVE_LOWER old=0 new=0 macros=0 gathers=0
RANK4_LOWER class=4 original_ops=1805 new_ops=1455 symbolic_rank_gates=12 paired_macros=12 conditional_clean=true
FOLD20_T10_RANK4 j=3 last=true low=true old_ops=1805 ops=1455
RANK4_LOWER class=4 original_ops=4201 new_ops=2991 symbolic_rank_gates=36 paired_macros=84 conditional_clean=true
FOLD20_T10_RANK4 j=1 last=true low=true old_ops=4201 ops=2991
RANK4_LOWER class=4 original_ops=3615 new_ops=2561 symbolic_rank_gates=36 paired_macros=84 conditional_clean=true
FOLD20_T10_RANK4 j=0 last=true low=true old_ops=3615 ops=2561
RANK4_LOWER class=4 original_ops=5031 new_ops=3565 symbolic_rank_gates=36 paired_macros=84 conditional_clean=true
FOLD20_T10_RANK4 j=2 last=true low=true old_ops=5031 ops=3565
Q792_JOINT_CODEC held_predicates=7 all_existing_dirty=true restored=true
Q792_JOINT_CODEC held_predicates=7 all_existing_dirty=true restored=true
Q792_JOINT_CODEC held_predicates=7 all_existing_dirty=true restored=true
Q792_JOINT_CODEC held_predicates=7 all_existing_dirty=true restored=true
Q792_JOINT_CODEC held_predicates=16 all_existing_dirty=true restored=true
Q792_JOINT_CODEC held_predicates=16 all_existing_dirty=true restored=true
Q792_JOINT_CODEC held_predicates=16 all_existing_dirty=true restored=true
Q792_JOINT_CODEC held_predicates=16 all_existing_dirty=true restored=true
RANK4_LOWER class=3 original_ops=35717 new_ops=31757 symbolic_rank_gates=512 paired_macros=548 conditional_clean=true
FOLD20_T10_RANK4 j=1 last=false low=true old_ops=35717 ops=31757
RANK4_LOWER class=3 original_ops=35873 new_ops=31753 symbolic_rank_gates=512 paired_macros=548 conditional_clean=true
FOLD20_T10_RANK4 j=3 last=false low=true old_ops=35873 ops=31753
FOLD20_PASSIVE_LOWER old=544 new=872 macros=6 gathers=0
FOLD20_PASSIVE_LOWER old=688 new=1138 macros=8 gathers=0
FOLD20_PASSIVE_LOWER old=260 new=664 macros=6 gathers=0
FOLD20_PASSIVE_LOWER old=260 new=664 macros=6 gathers=0
FOLD20_PASSIVE_LOWER old=326 new=3110 macros=9 gathers=0
RANK4_LOWER class=3 original_ops=58337 new_ops=51181 symbolic_rank_gates=704 paired_macros=758 conditional_clean=true
FOLD20_T10_RANK4 j=0 last=false low=true old_ops=58337 ops=51181
RANK4_LOWER class=3 original_ops=58167 new_ops=51183 symbolic_rank_gates=704 paired_macros=758 conditional_clean=true
FOLD20_T10_RANK4 j=2 last=false low=true old_ops=58167 ops=51183
FOLD20_PASSIVE_LOWER old=1082 new=6864 macros=22 gathers=0
FOLD20_PASSIVE_LOWER old=544 new=872 macros=6 gathers=0
FOLD20_PASSIVE_LOWER old=544 new=872 macros=6 gathers=0
FOLD20_PASSIVE_LOWER old=260 new=664 macros=6 gathers=0
FOLD20_PASSIVE_LOWER old=260 new=664 macros=6 gathers=0
FOLD20_PASSIVE_LOWER old=0 new=0 macros=0 gathers=0
FOLD20_PASSIVE_LOWER old=0 new=0 macros=0 gathers=0
RANK4_LOWER class=4 original_ops=1959 new_ops=1629 symbolic_rank_gates=12 paired_macros=12 conditional_clean=true
FOLD20_T10_RANK4 j=3 last=true low=true old_ops=1959 ops=1629
RANK4_LOWER class=4 original_ops=4355 new_ops=3167 symbolic_rank_gates=36 paired_macros=84 conditional_clean=true
FOLD20_T10_RANK4 j=1 last=true low=true old_ops=4355 ops=3167
RANK4_LOWER class=4 original_ops=3769 new_ops=2737 symbolic_rank_gates=36 paired_macros=84 conditional_clean=true
FOLD20_T10_RANK4 j=0 last=true low=true old_ops=3769 ops=2737
RANK4_LOWER class=4 original_ops=5185 new_ops=3741 symbolic_rank_gates=36 paired_macros=84 conditional_clean=true
FOLD20_T10_RANK4 j=2 last=true low=true old_ops=5185 ops=3741
Q792_JOINT_CODEC held_predicates=7 all_existing_dirty=true restored=true
Q792_JOINT_CODEC held_predicates=7 all_existing_dirty=true restored=true
Q792_JOINT_CODEC held_predicates=7 all_existing_dirty=true restored=true
Q792_JOINT_CODEC held_predicates=7 all_existing_dirty=true restored=true
Q792_JOINT_CODEC held_predicates=16 all_existing_dirty=true restored=true
Q792_JOINT_CODEC held_predicates=16 all_existing_dirty=true restored=true
Q792_JOINT_CODEC held_predicates=16 all_existing_dirty=true restored=true
Q792_JOINT_CODEC held_predicates=16 all_existing_dirty=true restored=true
RANK4_LOWER class=3 original_ops=36449 new_ops=32189 symbolic_rank_gates=512 paired_macros=548 conditional_clean=true
FOLD20_T10_RANK4 j=3 last=false low=true old_ops=36449 ops=32189
RANK4_LOWER class=3 original_ops=36293 new_ops=32193 symbolic_rank_gates=512 paired_macros=548 conditional_clean=true
FOLD20_T10_RANK4 j=1 last=false low=true old_ops=36293 ops=32193
FOLD20_PASSIVE_LOWER old=688 new=1138 macros=8 gathers=0
FOLD20_PASSIVE_LOWER old=260 new=664 macros=6 gathers=0
FOLD20_PASSIVE_LOWER old=544 new=872 macros=6 gathers=0
FOLD20_PASSIVE_LOWER old=260 new=664 macros=6 gathers=0
FOLD20_PASSIVE_LOWER old=1082 new=6864 macros=22 gathers=0
RANK4_LOWER class=3 original_ops=58743 new_ops=51621 symbolic_rank_gates=704 paired_macros=758 conditional_clean=true
FOLD20_T10_RANK4 j=2 last=false low=true old_ops=58743 ops=51621
FOLD20_PASSIVE_LOWER old=326 new=3110 macros=9 gathers=0
RANK4_LOWER class=3 original_ops=58913 new_ops=51621 symbolic_rank_gates=704 paired_macros=758 conditional_clean=true
FOLD20_T10_RANK4 j=0 last=false low=true old_ops=58913 ops=51621
FOLD20_PASSIVE_LOWER old=544 new=872 macros=6 gathers=0
FOLD20_PASSIVE_LOWER old=544 new=872 macros=6 gathers=0
FOLD20_PASSIVE_LOWER old=260 new=664 macros=6 gathers=0
FOLD20_PASSIVE_LOWER old=260 new=664 macros=6 gathers=0
FOLD20_PASSIVE_LOWER old=0 new=0 macros=0 gathers=0
FOLD20_PASSIVE_LOWER old=0 new=0 macros=0 gathers=0
RANK4_LOWER class=4 original_ops=2097 new_ops=1743 symbolic_rank_gates=12 paired_macros=12 conditional_clean=true
FOLD20_T10_RANK4 j=3 last=true low=true old_ops=2097 ops=1743
RANK4_LOWER class=4 original_ops=3907 new_ops=2855 symbolic_rank_gates=36 paired_macros=84 conditional_clean=true
FOLD20_T10_RANK4 j=0 last=true low=true old_ops=3907 ops=2855
RANK4_LOWER class=4 original_ops=4493 new_ops=3281 symbolic_rank_gates=36 paired_macros=84 conditional_clean=true
FOLD20_T10_RANK4 j=1 last=true low=true old_ops=4493 ops=3281
RANK4_LOWER class=4 original_ops=5323 new_ops=3855 symbolic_rank_gates=36 paired_macros=84 conditional_clean=true
FOLD20_T10_RANK4 j=2 last=true low=true old_ops=5323 ops=3855
Q792_JOINT_CODEC held_predicates=7 all_existing_dirty=true restored=true
Q792_JOINT_CODEC held_predicates=7 all_existing_dirty=true restored=true
Q792_JOINT_CODEC held_predicates=7 all_existing_dirty=true restored=true
Q792_JOINT_CODEC held_predicates=16 all_existing_dirty=true restored=true
Q792_JOINT_CODEC held_predicates=16 all_existing_dirty=true restored=true
Q792_JOINT_CODEC held_predicates=7 all_existing_dirty=true restored=true
Q792_JOINT_CODEC held_predicates=16 all_existing_dirty=true restored=true
Q792_JOINT_CODEC held_predicates=16 all_existing_dirty=true restored=true
RANK4_LOWER class=3 original_ops=36529 new_ops=32405 symbolic_rank_gates=512 paired_macros=548 conditional_clean=true
FOLD20_T10_RANK4 j=1 last=false low=true old_ops=36529 ops=32405
RANK4_LOWER class=3 original_ops=36685 new_ops=32401 symbolic_rank_gates=512 paired_macros=548 conditional_clean=true
FOLD20_T10_RANK4 j=3 last=false low=true old_ops=36685 ops=32401
FOLD20_PASSIVE_LOWER old=544 new=872 macros=6 gathers=0
FOLD20_PASSIVE_LOWER old=688 new=1138 macros=8 gathers=0
FOLD20_PASSIVE_LOWER old=260 new=664 macros=6 gathers=0
FOLD20_PASSIVE_LOWER old=260 new=664 macros=6 gathers=0
RANK4_LOWER class=3 original_ops=58979 new_ops=51833 symbolic_rank_gates=704 paired_macros=758 conditional_clean=true
FOLD20_T10_RANK4 j=2 last=false low=true old_ops=58979 ops=51833
FOLD20_PASSIVE_LOWER old=326 new=3110 macros=9 gathers=0
RANK4_LOWER class=3 original_ops=59149 new_ops=51833 symbolic_rank_gates=704 paired_macros=758 conditional_clean=true
FOLD20_T10_RANK4 j=0 last=false low=true old_ops=59149 ops=51833
FOLD20_PASSIVE_LOWER old=1082 new=6864 macros=22 gathers=0
FOLD20_PASSIVE_LOWER old=544 new=872 macros=6 gathers=0
FOLD20_PASSIVE_LOWER old=260 new=664 macros=6 gathers=0
FOLD20_PASSIVE_LOWER old=544 new=872 macros=6 gathers=0
FOLD20_PASSIVE_LOWER old=0 new=0 macros=0 gathers=0
FOLD20_PASSIVE_LOWER old=260 new=664 macros=6 gathers=0
FOLD20_PASSIVE_LOWER old=0 new=0 macros=0 gathers=0
RANK4_LOWER class=4 original_ops=2201 new_ops=1831 symbolic_rank_gates=12 paired_macros=12 conditional_clean=true
FOLD20_T10_RANK4 j=3 last=true low=true old_ops=2201 ops=1831
RANK4_LOWER class=4 original_ops=4011 new_ops=2943 symbolic_rank_gates=36 paired_macros=84 conditional_clean=true
FOLD20_T10_RANK4 j=0 last=true low=true old_ops=4011 ops=2943
RANK4_LOWER class=4 original_ops=4597 new_ops=3369 symbolic_rank_gates=36 paired_macros=84 conditional_clean=true
FOLD20_T10_RANK4 j=1 last=true low=true old_ops=4597 ops=3369
RANK4_LOWER class=4 original_ops=5427 new_ops=3943 symbolic_rank_gates=36 paired_macros=84 conditional_clean=true
FOLD20_T10_RANK4 j=2 last=true low=true old_ops=5427 ops=3943
Q792_JOINT_CODEC held_predicates=7 all_existing_dirty=true restored=true
Q792_JOINT_CODEC held_predicates=7 all_existing_dirty=true restored=true
Q792_JOINT_CODEC held_predicates=7 all_existing_dirty=true restored=true
Q792_JOINT_CODEC held_predicates=16 all_existing_dirty=true restored=true
Q792_JOINT_CODEC held_predicates=7 all_existing_dirty=true restored=true
Q792_JOINT_CODEC held_predicates=16 all_existing_dirty=true restored=true
Q792_JOINT_CODEC held_predicates=16 all_existing_dirty=true restored=true
Q792_JOINT_CODEC held_predicates=16 all_existing_dirty=true restored=true
RANK4_LOWER class=3 original_ops=36773 new_ops=32601 symbolic_rank_gates=512 paired_macros=548 conditional_clean=true
FOLD20_T10_RANK4 j=1 last=false low=true old_ops=36773 ops=32601
RANK4_LOWER class=3 original_ops=36929 new_ops=32597 symbolic_rank_gates=512 paired_macros=548 conditional_clean=true
FOLD20_T10_RANK4 j=3 last=false low=true old_ops=36929 ops=32597
FOLD20_PASSIVE_LOWER old=544 new=872 macros=6 gathers=0
FOLD20_PASSIVE_LOWER old=260 new=664 macros=6 gathers=0
FOLD20_PASSIVE_LOWER old=688 new=1138 macros=8 gathers=0
FOLD20_PASSIVE_LOWER old=260 new=664 macros=6 gathers=0
FOLD20_PASSIVE_LOWER old=326 new=3110 macros=9 gathers=0
RANK4_LOWER class=3 original_ops=59223 new_ops=52029 symbolic_rank_gates=704 paired_macros=758 conditional_clean=true
FOLD20_T10_RANK4 j=2 last=false low=true old_ops=59223 ops=52029
RANK4_LOWER class=3 original_ops=59393 new_ops=52029 symbolic_rank_gates=704 paired_macros=758 conditional_clean=true
FOLD20_T10_RANK4 j=0 last=false low=true old_ops=59393 ops=52029
FOLD20_PASSIVE_LOWER old=1082 new=6864 macros=22 gathers=0
FOLD20_PASSIVE_LOWER old=544 new=872 macros=6 gathers=0
FOLD20_PASSIVE_LOWER old=260 new=664 macros=6 gathers=0
FOLD20_PASSIVE_LOWER old=544 new=872 macros=6 gathers=0
FOLD20_PASSIVE_LOWER old=260 new=664 macros=6 gathers=0
FOLD20_PASSIVE_LOWER old=0 new=0 macros=0 gathers=0
FOLD20_PASSIVE_LOWER old=0 new=0 macros=0 gathers=0
RANK4_LOWER class=4 original_ops=2311 new_ops=1925 symbolic_rank_gates=12 paired_macros=12 conditional_clean=true
FOLD20_T10_RANK4 j=3 last=true low=true old_ops=2311 ops=1925
RANK4_LOWER class=4 original_ops=4121 new_ops=3037 symbolic_rank_gates=36 paired_macros=84 conditional_clean=true
FOLD20_T10_RANK4 j=0 last=true low=true old_ops=4121 ops=3037
RANK4_LOWER class=4 original_ops=4707 new_ops=3463 symbolic_rank_gates=36 paired_macros=84 conditional_clean=true
FOLD20_T10_RANK4 j=1 last=true low=true old_ops=4707 ops=3463
RANK4_LOWER class=4 original_ops=5537 new_ops=4037 symbolic_rank_gates=36 paired_macros=84 conditional_clean=true
FOLD20_T10_RANK4 j=2 last=true low=true old_ops=5537 ops=4037
Q792_JOINT_CODEC held_predicates=7 all_existing_dirty=true restored=true
Q792_JOINT_CODEC held_predicates=7 all_existing_dirty=true restored=true
Q792_JOINT_CODEC held_predicates=7 all_existing_dirty=true restored=true
Q792_JOINT_CODEC held_predicates=16 all_existing_dirty=true restored=true
Q792_JOINT_CODEC held_predicates=7 all_existing_dirty=true restored=true
Q792_JOINT_CODEC held_predicates=16 all_existing_dirty=true restored=true
Q792_JOINT_CODEC held_predicates=16 all_existing_dirty=true restored=true
Q792_JOINT_CODEC held_predicates=16 all_existing_dirty=true restored=true
RANK4_LOWER class=3 original_ops=37013 new_ops=32801 symbolic_rank_gates=512 paired_macros=548 conditional_clean=true
FOLD20_T10_RANK4 j=1 last=false low=true old_ops=37013 ops=32801
RANK4_LOWER class=3 original_ops=37169 new_ops=32797 symbolic_rank_gates=512 paired_macros=548 conditional_clean=true
FOLD20_T10_RANK4 j=3 last=false low=true old_ops=37169 ops=32797
FOLD20_PASSIVE_LOWER old=544 new=872 macros=6 gathers=0
FOLD20_PASSIVE_LOWER old=260 new=664 macros=6 gathers=0
FOLD20_PASSIVE_LOWER old=688 new=1138 macros=8 gathers=0
FOLD20_PASSIVE_LOWER old=260 new=664 macros=6 gathers=0
FOLD20_PASSIVE_LOWER old=326 new=3110 macros=9 gathers=0
RANK4_LOWER class=3 original_ops=59633 new_ops=52229 symbolic_rank_gates=704 paired_macros=758 conditional_clean=true
FOLD20_T10_RANK4 j=0 last=false low=true old_ops=59633 ops=52229
RANK4_LOWER class=3 original_ops=59463 new_ops=52229 symbolic_rank_gates=704 paired_macros=758 conditional_clean=true
FOLD20_T10_RANK4 j=2 last=false low=true old_ops=59463 ops=52229
FOLD20_PASSIVE_LOWER old=1082 new=6864 macros=22 gathers=0
FOLD20_PASSIVE_LOWER old=544 new=872 macros=6 gathers=0
FOLD20_PASSIVE_LOWER old=544 new=872 macros=6 gathers=0
FOLD20_PASSIVE_LOWER old=260 new=664 macros=6 gathers=0
FOLD20_PASSIVE_LOWER old=260 new=664 macros=6 gathers=0
FOLD20_PASSIVE_LOWER old=0 new=0 macros=0 gathers=0
FOLD20_PASSIVE_LOWER old=0 new=0 macros=0 gathers=0
RANK4_LOWER class=4 original_ops=2415 new_ops=2013 symbolic_rank_gates=12 paired_macros=12 conditional_clean=true
FOLD20_T10_RANK4 j=3 last=true low=true old_ops=2415 ops=2013
RANK4_LOWER class=4 original_ops=4225 new_ops=3125 symbolic_rank_gates=36 paired_macros=84 conditional_clean=true
FOLD20_T10_RANK4 j=0 last=true low=true old_ops=4225 ops=3125
RANK4_LOWER class=4 original_ops=5641 new_ops=4125 symbolic_rank_gates=36 paired_macros=84 conditional_clean=true
FOLD20_T10_RANK4 j=2 last=true low=true old_ops=5641 ops=4125
Q792_JOINT_CODEC held_predicates=7 all_existing_dirty=true restored=true
RANK4_LOWER class=4 original_ops=4811 new_ops=3551 symbolic_rank_gates=36 paired_macros=84 conditional_clean=true
FOLD20_T10_RANK4 j=1 last=true low=true old_ops=4811 ops=3551
Q792_JOINT_CODEC held_predicates=7 all_existing_dirty=true restored=true
Q792_JOINT_CODEC held_predicates=16 all_existing_dirty=true restored=true
Q792_JOINT_CODEC held_predicates=7 all_existing_dirty=true restored=true
Q792_JOINT_CODEC held_predicates=16 all_existing_dirty=true restored=true
Q792_JOINT_CODEC held_predicates=7 all_existing_dirty=true restored=true
Q792_JOINT_CODEC held_predicates=16 all_existing_dirty=true restored=true
Q792_JOINT_CODEC held_predicates=16 all_existing_dirty=true restored=true
RANK4_LOWER class=3 original_ops=37405 new_ops=32993 symbolic_rank_gates=512 paired_macros=548 conditional_clean=true
FOLD20_T10_RANK4 j=3 last=false low=true old_ops=37405 ops=32993
RANK4_LOWER class=3 original_ops=37249 new_ops=32997 symbolic_rank_gates=512 paired_macros=548 conditional_clean=true
FOLD20_T10_RANK4 j=1 last=false low=true old_ops=37249 ops=32997
FOLD20_PASSIVE_LOWER old=688 new=1138 macros=8 gathers=0
FOLD20_PASSIVE_LOWER old=260 new=664 macros=6 gathers=0
FOLD20_PASSIVE_LOWER old=544 new=872 macros=6 gathers=0
FOLD20_PASSIVE_LOWER old=1082 new=6864 macros=22 gathers=0
RANK4_LOWER class=3 original_ops=59869 new_ops=52425 symbolic_rank_gates=704 paired_macros=758 conditional_clean=true
FOLD20_T10_RANK4 j=0 last=false low=true old_ops=59869 ops=52425
FOLD20_PASSIVE_LOWER old=260 new=664 macros=6 gathers=0
RANK4_LOWER class=3 original_ops=59699 new_ops=52425 symbolic_rank_gates=704 paired_macros=758 conditional_clean=true
FOLD20_T10_RANK4 j=2 last=false low=true old_ops=59699 ops=52425
FOLD20_PASSIVE_LOWER old=326 new=3110 macros=9 gathers=0
FOLD20_PASSIVE_LOWER old=544 new=872 macros=6 gathers=0
FOLD20_PASSIVE_LOWER old=544 new=872 macros=6 gathers=0
FOLD20_PASSIVE_LOWER old=260 new=664 macros=6 gathers=0
FOLD20_PASSIVE_LOWER old=260 new=664 macros=6 gathers=0
FOLD20_PASSIVE_LOWER old=0 new=0 macros=0 gathers=0
FOLD20_PASSIVE_LOWER old=0 new=0 macros=0 gathers=0
RANK4_LOWER class=4 original_ops=2545 new_ops=2115 symbolic_rank_gates=12 paired_macros=12 conditional_clean=true
FOLD20_T10_RANK4 j=3 last=true low=true old_ops=2545 ops=2115
RANK4_LOWER class=4 original_ops=4355 new_ops=3229 symbolic_rank_gates=36 paired_macros=84 conditional_clean=true
FOLD20_T10_RANK4 j=0 last=true low=true old_ops=4355 ops=3229
RANK4_LOWER class=4 original_ops=4941 new_ops=3655 symbolic_rank_gates=36 paired_macros=84 conditional_clean=true
RANK4_LOWER class=4 original_ops=5771 new_ops=4229 symbolic_rank_gates=36 paired_macros=84 conditional_clean=true
Q792_JOINT_CODEC held_predicates=7 all_existing_dirty=true restored=true
FOLD20_T10_RANK4 j=1 last=true low=true old_ops=4941 ops=3655
FOLD20_T10_RANK4 j=2 last=true low=true old_ops=5771 ops=4229
Q792_JOINT_CODEC held_predicates=7 all_existing_dirty=true restored=true
Q792_JOINT_CODEC held_predicates=7 all_existing_dirty=true restored=true
Q792_JOINT_CODEC held_predicates=16 all_existing_dirty=true restored=true
Q792_JOINT_CODEC held_predicates=16 all_existing_dirty=true restored=true
Q792_JOINT_CODEC held_predicates=7 all_existing_dirty=true restored=true
Q792_JOINT_CODEC held_predicates=16 all_existing_dirty=true restored=true
Q792_JOINT_CODEC held_predicates=16 all_existing_dirty=true restored=true
RANK4_LOWER class=3 original_ops=37641 new_ops=33197 symbolic_rank_gates=512 paired_macros=548 conditional_clean=true
FOLD20_T10_RANK4 j=3 last=false low=true old_ops=37641 ops=33197
RANK4_LOWER class=3 original_ops=37485 new_ops=33201 symbolic_rank_gates=512 paired_macros=548 conditional_clean=true
FOLD20_T10_RANK4 j=1 last=false low=true old_ops=37485 ops=33201
FOLD20_PASSIVE_LOWER old=688 new=1138 macros=8 gathers=0
FOLD20_PASSIVE_LOWER old=544 new=872 macros=6 gathers=0
FOLD20_PASSIVE_LOWER old=260 new=664 macros=6 gathers=0
FOLD20_PASSIVE_LOWER old=260 new=664 macros=6 gathers=0
RANK4_LOWER class=3 original_ops=59935 new_ops=52629 symbolic_rank_gates=704 paired_macros=758 conditional_clean=true
FOLD20_T10_RANK4 j=2 last=false low=true old_ops=59935 ops=52629
FOLD20_PASSIVE_LOWER old=326 new=3110 macros=9 gathers=0
FOLD20_PASSIVE_LOWER old=1082 new=6864 macros=22 gathers=0
FOLD20_PASSIVE_LOWER old=544 new=872 macros=6 gathers=0
RANK4_LOWER class=3 original_ops=60105 new_ops=52629 symbolic_rank_gates=704 paired_macros=758 conditional_clean=true
FOLD20_T10_RANK4 j=0 last=false low=true old_ops=60105 ops=52629
FOLD20_PASSIVE_LOWER old=260 new=664 macros=6 gathers=0
FOLD20_PASSIVE_LOWER old=0 new=0 macros=0 gathers=0
FOLD20_PASSIVE_LOWER old=544 new=872 macros=6 gathers=0
FOLD20_PASSIVE_LOWER old=260 new=664 macros=6 gathers=0
FOLD20_PASSIVE_LOWER old=0 new=0 macros=0 gathers=0
RANK4_LOWER class=4 original_ops=2649 new_ops=2203 symbolic_rank_gates=12 paired_macros=12 conditional_clean=true
FOLD20_T10_RANK4 j=3 last=true low=true old_ops=2649 ops=2203
RANK4_LOWER class=4 original_ops=4459 new_ops=3317 symbolic_rank_gates=36 paired_macros=84 conditional_clean=true
RANK4_LOWER class=4 original_ops=5045 new_ops=3743 symbolic_rank_gates=36 paired_macros=84 conditional_clean=true
FOLD20_T10_RANK4 j=0 last=true low=true old_ops=4459 ops=3317
FOLD20_T10_RANK4 j=1 last=true low=true old_ops=5045 ops=3743
RANK4_LOWER class=4 original_ops=5875 new_ops=4317 symbolic_rank_gates=36 paired_macros=84 conditional_clean=true
FOLD20_T10_RANK4 j=2 last=true low=true old_ops=5875 ops=4317
Q792_JOINT_CODEC held_predicates=7 all_existing_dirty=true restored=true
Q792_JOINT_CODEC held_predicates=7 all_existing_dirty=true restored=true
Q792_JOINT_CODEC held_predicates=7 all_existing_dirty=true restored=true
Q792_JOINT_CODEC held_predicates=16 all_existing_dirty=true restored=true
Q792_JOINT_CODEC held_predicates=7 all_existing_dirty=true restored=true
Q792_JOINT_CODEC held_predicates=16 all_existing_dirty=true restored=true
Q792_JOINT_CODEC held_predicates=16 all_existing_dirty=true restored=true
Q792_JOINT_CODEC held_predicates=16 all_existing_dirty=true restored=true
RANK4_LOWER class=3 original_ops=37721 new_ops=33397 symbolic_rank_gates=512 paired_macros=548 conditional_clean=true
FOLD20_T10_RANK4 j=1 last=false low=true old_ops=37721 ops=33397
RANK4_LOWER class=3 original_ops=37877 new_ops=33393 symbolic_rank_gates=512 paired_macros=548 conditional_clean=true
FOLD20_T10_RANK4 j=3 last=false low=true old_ops=37877 ops=33393
FOLD20_PASSIVE_LOWER old=544 new=872 macros=6 gathers=0
FOLD20_PASSIVE_LOWER old=260 new=664 macros=6 gathers=0
FOLD20_PASSIVE_LOWER old=688 new=1138 macros=8 gathers=0
FOLD20_PASSIVE_LOWER old=260 new=664 macros=6 gathers=0
FOLD20_PASSIVE_LOWER old=326 new=3110 macros=9 gathers=0
RANK4_LOWER class=3 original_ops=60341 new_ops=52825 symbolic_rank_gates=704 paired_macros=758 conditional_clean=true
FOLD20_T10_RANK4 j=0 last=false low=true old_ops=60341 ops=52825
RANK4_LOWER class=3 original_ops=60171 new_ops=52825 symbolic_rank_gates=704 paired_macros=758 conditional_clean=true
FOLD20_T10_RANK4 j=2 last=false low=true old_ops=60171 ops=52825
FOLD20_PASSIVE_LOWER old=1082 new=6864 macros=22 gathers=0
FOLD20_PASSIVE_LOWER old=544 new=872 macros=6 gathers=0
FOLD20_PASSIVE_LOWER old=544 new=872 macros=6 gathers=0
FOLD20_PASSIVE_LOWER old=260 new=664 macros=6 gathers=0
FOLD20_PASSIVE_LOWER old=260 new=664 macros=6 gathers=0
FOLD20_PASSIVE_LOWER old=0 new=0 macros=0 gathers=0
FOLD20_PASSIVE_LOWER old=0 new=0 macros=0 gathers=0
RANK4_LOWER class=4 original_ops=2759 new_ops=2297 symbolic_rank_gates=12 paired_macros=12 conditional_clean=true
FOLD20_T10_RANK4 j=3 last=true low=true old_ops=2759 ops=2297
RANK4_LOWER class=4 original_ops=4569 new_ops=3411 symbolic_rank_gates=36 paired_macros=84 conditional_clean=true
FOLD20_T10_RANK4 j=0 last=true low=true old_ops=4569 ops=3411
RANK4_LOWER class=4 original_ops=5155 new_ops=3837 symbolic_rank_gates=36 paired_macros=84 conditional_clean=true
FOLD20_T10_RANK4 j=1 last=true low=true old_ops=5155 ops=3837
RANK4_LOWER class=4 original_ops=5985 new_ops=4411 symbolic_rank_gates=36 paired_macros=84 conditional_clean=true
FOLD20_T10_RANK4 j=2 last=true low=true old_ops=5985 ops=4411
Q792_JOINT_CODEC held_predicates=7 all_existing_dirty=true restored=true
Q792_JOINT_CODEC held_predicates=7 all_existing_dirty=true restored=true
Q792_JOINT_CODEC held_predicates=7 all_existing_dirty=true restored=true
Q792_JOINT_CODEC held_predicates=16 all_existing_dirty=true restored=true
Q792_JOINT_CODEC held_predicates=7 all_existing_dirty=true restored=true
Q792_JOINT_CODEC held_predicates=16 all_existing_dirty=true restored=true
Q792_JOINT_CODEC held_predicates=16 all_existing_dirty=true restored=true
Q792_JOINT_CODEC held_predicates=16 all_existing_dirty=true restored=true
RANK4_LOWER class=3 original_ops=38109 new_ops=33593 symbolic_rank_gates=512 paired_macros=548 conditional_clean=true
FOLD20_T10_RANK4 j=3 last=false low=true old_ops=38109 ops=33593
RANK4_LOWER class=3 original_ops=37953 new_ops=33597 symbolic_rank_gates=512 paired_macros=548 conditional_clean=true
FOLD20_T10_RANK4 j=1 last=false low=true old_ops=37953 ops=33597
FOLD20_PASSIVE_LOWER old=688 new=1138 macros=8 gathers=0
FOLD20_PASSIVE_LOWER old=260 new=664 macros=6 gathers=0
FOLD20_PASSIVE_LOWER old=544 new=872 macros=6 gathers=0
RANK4_LOWER class=3 original_ops=60403 new_ops=53025 symbolic_rank_gates=704 paired_macros=758 conditional_clean=true
FOLD20_T10_RANK4 j=2 last=false low=true old_ops=60403 ops=53025
FOLD20_PASSIVE_LOWER old=260 new=664 macros=6 gathers=0
FOLD20_PASSIVE_LOWER old=1082 new=6864 macros=22 gathers=0
RANK4_LOWER class=3 original_ops=60573 new_ops=53025 symbolic_rank_gates=704 paired_macros=758 conditional_clean=true
FOLD20_T10_RANK4 j=0 last=false low=true old_ops=60573 ops=53025
FOLD20_PASSIVE_LOWER old=326 new=3110 macros=9 gathers=0
FOLD20_PASSIVE_LOWER old=544 new=872 macros=6 gathers=0
FOLD20_PASSIVE_LOWER old=260 new=664 macros=6 gathers=0
FOLD20_PASSIVE_LOWER old=0 new=0 macros=0 gathers=0
FOLD20_PASSIVE_LOWER old=544 new=872 macros=6 gathers=0
FOLD20_PASSIVE_LOWER old=260 new=664 macros=6 gathers=0
FOLD20_PASSIVE_LOWER old=0 new=0 macros=0 gathers=0
RANK4_LOWER class=4 original_ops=2863 new_ops=2385 symbolic_rank_gates=12 paired_macros=12 conditional_clean=true
FOLD20_T10_RANK4 j=3 last=true low=true old_ops=2863 ops=2385
RANK4_LOWER class=4 original_ops=4673 new_ops=3499 symbolic_rank_gates=36 paired_macros=84 conditional_clean=true
FOLD20_T10_RANK4 j=0 last=true low=true old_ops=4673 ops=3499
RANK4_LOWER class=4 original_ops=5259 new_ops=3925 symbolic_rank_gates=36 paired_macros=84 conditional_clean=true
FOLD20_T10_RANK4 j=1 last=true low=true old_ops=5259 ops=3925
Q792_JOINT_CODEC held_predicates=7 all_existing_dirty=true restored=true
RANK4_LOWER class=4 original_ops=6089 new_ops=4499 symbolic_rank_gates=36 paired_macros=84 conditional_clean=true
FOLD20_T10_RANK4 j=2 last=true low=true old_ops=6089 ops=4499
Q792_JOINT_CODEC held_predicates=7 all_existing_dirty=true restored=true
Q792_JOINT_CODEC held_predicates=7 all_existing_dirty=true restored=true
Q792_JOINT_CODEC held_predicates=16 all_existing_dirty=true restored=true
Q792_JOINT_CODEC held_predicates=7 all_existing_dirty=true restored=true
Q792_JOINT_CODEC held_predicates=16 all_existing_dirty=true restored=true
Q792_JOINT_CODEC held_predicates=16 all_existing_dirty=true restored=true
Q792_JOINT_CODEC held_predicates=16 all_existing_dirty=true restored=true
RANK4_LOWER class=3 original_ops=38337 new_ops=33789 symbolic_rank_gates=512 paired_macros=548 conditional_clean=true
FOLD20_T10_RANK4 j=3 last=false low=true old_ops=38337 ops=33789
RANK4_LOWER class=3 original_ops=38181 new_ops=33793 symbolic_rank_gates=512 paired_macros=548 conditional_clean=true
FOLD20_T10_RANK4 j=1 last=false low=true old_ops=38181 ops=33793
FOLD20_PASSIVE_LOWER old=688 new=1138 macros=8 gathers=0
FOLD20_PASSIVE_LOWER old=544 new=872 macros=6 gathers=0
FOLD20_PASSIVE_LOWER old=260 new=664 macros=6 gathers=0
FOLD20_PASSIVE_LOWER old=260 new=664 macros=6 gathers=0
RANK4_LOWER class=3 original_ops=60631 new_ops=53221 symbolic_rank_gates=704 paired_macros=758 conditional_clean=true
FOLD20_T10_RANK4 j=2 last=false low=true old_ops=60631 ops=53221
FOLD20_PASSIVE_LOWER old=326 new=3110 macros=9 gathers=0
FOLD20_PASSIVE_LOWER old=1082 new=6864 macros=22 gathers=0
RANK4_LOWER class=3 original_ops=60801 new_ops=53221 symbolic_rank_gates=704 paired_macros=758 conditional_clean=true
FOLD20_T10_RANK4 j=0 last=false low=true old_ops=60801 ops=53221
FOLD20_PASSIVE_LOWER old=544 new=872 macros=6 gathers=0
FOLD20_PASSIVE_LOWER old=260 new=664 macros=6 gathers=0
FOLD20_PASSIVE_LOWER old=544 new=872 macros=6 gathers=0
FOLD20_PASSIVE_LOWER old=0 new=0 macros=0 gathers=0
FOLD20_PASSIVE_LOWER old=260 new=664 macros=6 gathers=0
FOLD20_PASSIVE_LOWER old=0 new=0 macros=0 gathers=0
RANK4_LOWER class=4 original_ops=2993 new_ops=2491 symbolic_rank_gates=12 paired_macros=12 conditional_clean=true
FOLD20_T10_RANK4 j=3 last=true low=true old_ops=2993 ops=2491
RANK4_LOWER class=4 original_ops=4803 new_ops=3605 symbolic_rank_gates=36 paired_macros=84 conditional_clean=true
FOLD20_T10_RANK4 j=0 last=true low=true old_ops=4803 ops=3605
RANK4_LOWER class=4 original_ops=5389 new_ops=4031 symbolic_rank_gates=36 paired_macros=84 conditional_clean=true
FOLD20_T10_RANK4 j=1 last=true low=true old_ops=5389 ops=4031
RANK4_LOWER class=4 original_ops=6219 new_ops=4605 symbolic_rank_gates=36 paired_macros=84 conditional_clean=true
FOLD20_T10_RANK4 j=2 last=true low=true old_ops=6219 ops=4605
Q792_JOINT_CODEC held_predicates=7 all_existing_dirty=true restored=true
Q792_JOINT_CODEC held_predicates=7 all_existing_dirty=true restored=true
Q792_JOINT_CODEC held_predicates=7 all_existing_dirty=true restored=true
Q792_JOINT_CODEC held_predicates=16 all_existing_dirty=true restored=true
Q792_JOINT_CODEC held_predicates=7 all_existing_dirty=true restored=true
Q792_JOINT_CODEC held_predicates=16 all_existing_dirty=true restored=true
Q792_JOINT_CODEC held_predicates=16 all_existing_dirty=true restored=true
Q792_JOINT_CODEC held_predicates=16 all_existing_dirty=true restored=true
RANK4_LOWER class=3 original_ops=38569 new_ops=33997 symbolic_rank_gates=512 paired_macros=548 conditional_clean=true
FOLD20_T10_RANK4 j=3 last=false low=true old_ops=38569 ops=33997
RANK4_LOWER class=3 original_ops=38413 new_ops=34001 symbolic_rank_gates=512 paired_macros=548 conditional_clean=true
FOLD20_T10_RANK4 j=1 last=false low=true old_ops=38413 ops=34001
FOLD20_PASSIVE_LOWER old=688 new=1138 macros=8 gathers=0
FOLD20_PASSIVE_LOWER old=260 new=664 macros=6 gathers=0
FOLD20_PASSIVE_LOWER old=544 new=872 macros=6 gathers=0
FOLD20_PASSIVE_LOWER old=260 new=664 macros=6 gathers=0
RANK4_LOWER class=3 original_ops=60863 new_ops=53429 symbolic_rank_gates=704 paired_macros=758 conditional_clean=true
FOLD20_T10_RANK4 j=2 last=false low=true old_ops=60863 ops=53429
FOLD20_PASSIVE_LOWER old=1082 new=6864 macros=22 gathers=0
RANK4_LOWER class=3 original_ops=61033 new_ops=53429 symbolic_rank_gates=704 paired_macros=758 conditional_clean=true
FOLD20_T10_RANK4 j=0 last=false low=true old_ops=61033 ops=53429
FOLD20_PASSIVE_LOWER old=326 new=3110 macros=9 gathers=0
FOLD20_PASSIVE_LOWER old=544 new=872 macros=6 gathers=0
FOLD20_PASSIVE_LOWER old=544 new=872 macros=6 gathers=0
FOLD20_PASSIVE_LOWER old=260 new=664 macros=6 gathers=0
FOLD20_PASSIVE_LOWER old=260 new=664 macros=6 gathers=0
FOLD20_PASSIVE_LOWER old=0 new=0 macros=0 gathers=0
FOLD20_PASSIVE_LOWER old=0 new=0 macros=0 gathers=0
RANK4_LOWER class=4 original_ops=3097 new_ops=2579 symbolic_rank_gates=12 paired_macros=12 conditional_clean=true
FOLD20_T10_RANK4 j=3 last=true low=true old_ops=3097 ops=2579
RANK4_LOWER class=4 original_ops=4907 new_ops=3693 symbolic_rank_gates=36 paired_macros=84 conditional_clean=true
FOLD20_T10_RANK4 j=0 last=true low=true old_ops=4907 ops=3693
RANK4_LOWER class=4 original_ops=5493 new_ops=4119 symbolic_rank_gates=36 paired_macros=84 conditional_clean=true
FOLD20_T10_RANK4 j=1 last=true low=true old_ops=5493 ops=4119
RANK4_LOWER class=4 original_ops=6323 new_ops=4693 symbolic_rank_gates=36 paired_macros=84 conditional_clean=true
FOLD20_T10_RANK4 j=2 last=true low=true old_ops=6323 ops=4693
Q792_JOINT_CODEC held_predicates=7 all_existing_dirty=true restored=true
Q792_JOINT_CODEC held_predicates=7 all_existing_dirty=true restored=true
Q792_JOINT_CODEC held_predicates=7 all_existing_dirty=true restored=true
Q792_JOINT_CODEC held_predicates=16 all_existing_dirty=true restored=true
Q792_JOINT_CODEC held_predicates=7 all_existing_dirty=true restored=true
Q792_JOINT_CODEC held_predicates=16 all_existing_dirty=true restored=true
Q792_JOINT_CODEC held_predicates=16 all_existing_dirty=true restored=true
Q792_JOINT_CODEC held_predicates=16 all_existing_dirty=true restored=true
RANK4_LOWER class=3 original_ops=38649 new_ops=34201 symbolic_rank_gates=512 paired_macros=548 conditional_clean=true
FOLD20_T10_RANK4 j=1 last=false low=true old_ops=38649 ops=34201
RANK4_LOWER class=3 original_ops=38805 new_ops=34197 symbolic_rank_gates=512 paired_macros=548 conditional_clean=true
FOLD20_T10_RANK4 j=3 last=false low=true old_ops=38805 ops=34197
FOLD20_PASSIVE_LOWER old=544 new=872 macros=6 gathers=0
FOLD20_PASSIVE_LOWER old=260 new=664 macros=6 gathers=0
FOLD20_PASSIVE_LOWER old=688 new=1138 macros=8 gathers=0
FOLD20_PASSIVE_LOWER old=260 new=664 macros=6 gathers=0
FOLD20_PASSIVE_LOWER old=326 new=3110 macros=9 gathers=0
RANK4_LOWER class=3 original_ops=61269 new_ops=53629 symbolic_rank_gates=704 paired_macros=758 conditional_clean=true
FOLD20_T10_RANK4 j=0 last=false low=true old_ops=61269 ops=53629
FOLD20_PASSIVE_LOWER old=1082 new=6864 macros=22 gathers=0
RANK4_LOWER class=3 original_ops=61099 new_ops=53629 symbolic_rank_gates=704 paired_macros=758 conditional_clean=true
FOLD20_T10_RANK4 j=2 last=false low=true old_ops=61099 ops=53629
FOLD20_PASSIVE_LOWER old=544 new=872 macros=6 gathers=0
FOLD20_PASSIVE_LOWER old=260 new=664 macros=6 gathers=0
FOLD20_PASSIVE_LOWER old=544 new=872 macros=6 gathers=0
FOLD20_PASSIVE_LOWER old=0 new=0 macros=0 gathers=0
FOLD20_PASSIVE_LOWER old=260 new=664 macros=6 gathers=0
FOLD20_PASSIVE_LOWER old=0 new=0 macros=0 gathers=0
RANK4_LOWER class=4 original_ops=3207 new_ops=2673 symbolic_rank_gates=12 paired_macros=12 conditional_clean=true
FOLD20_T10_RANK4 j=3 last=true low=true old_ops=3207 ops=2673
RANK4_LOWER class=4 original_ops=5603 new_ops=4213 symbolic_rank_gates=36 paired_macros=84 conditional_clean=true
RANK4_LOWER class=4 original_ops=5017 new_ops=3787 symbolic_rank_gates=36 paired_macros=84 conditional_clean=true
FOLD20_T10_RANK4 j=1 last=true low=true old_ops=5603 ops=4213
FOLD20_T10_RANK4 j=0 last=true low=true old_ops=5017 ops=3787
RANK4_LOWER class=4 original_ops=6433 new_ops=4787 symbolic_rank_gates=36 paired_macros=84 conditional_clean=true
FOLD20_T10_RANK4 j=2 last=true low=true old_ops=6433 ops=4787
Q792_JOINT_CODEC held_predicates=7 all_existing_dirty=true restored=true
Q792_JOINT_CODEC held_predicates=7 all_existing_dirty=true restored=true
Q792_JOINT_CODEC held_predicates=7 all_existing_dirty=true restored=true
Q792_JOINT_CODEC held_predicates=7 all_existing_dirty=true restored=true
Q792_JOINT_CODEC held_predicates=16 all_existing_dirty=true restored=true
Q792_JOINT_CODEC held_predicates=16 all_existing_dirty=true restored=true
Q792_JOINT_CODEC held_predicates=16 all_existing_dirty=true restored=true
Q792_JOINT_CODEC held_predicates=16 all_existing_dirty=true restored=true
RANK4_LOWER class=3 original_ops=38881 new_ops=34401 symbolic_rank_gates=512 paired_macros=548 conditional_clean=true
FOLD20_T10_RANK4 j=1 last=false low=true old_ops=38881 ops=34401
RANK4_LOWER class=3 original_ops=39037 new_ops=34397 symbolic_rank_gates=512 paired_macros=548 conditional_clean=true
FOLD20_T10_RANK4 j=3 last=false low=true old_ops=39037 ops=34397
FOLD20_PASSIVE_LOWER old=544 new=872 macros=6 gathers=0
FOLD20_PASSIVE_LOWER old=260 new=664 macros=6 gathers=0
FOLD20_PASSIVE_LOWER old=688 new=1138 macros=8 gathers=0
FOLD20_PASSIVE_LOWER old=260 new=664 macros=6 gathers=0
FOLD20_PASSIVE_LOWER old=326 new=3110 macros=9 gathers=0
RANK4_LOWER class=3 original_ops=61331 new_ops=53829 symbolic_rank_gates=704 paired_macros=758 conditional_clean=true
FOLD20_T10_RANK4 j=2 last=false low=true old_ops=61331 ops=53829
FOLD20_PASSIVE_LOWER old=1082 new=6864 macros=22 gathers=0
RANK4_LOWER class=3 original_ops=61501 new_ops=53829 symbolic_rank_gates=704 paired_macros=758 conditional_clean=true
FOLD20_T10_RANK4 j=0 last=false low=true old_ops=61501 ops=53829
FOLD20_PASSIVE_LOWER old=544 new=872 macros=6 gathers=0
FOLD20_PASSIVE_LOWER old=260 new=664 macros=6 gathers=0
FOLD20_PASSIVE_LOWER old=0 new=0 macros=0 gathers=0
FOLD20_PASSIVE_LOWER old=544 new=872 macros=6 gathers=0
FOLD20_PASSIVE_LOWER old=260 new=664 macros=6 gathers=0
FOLD20_PASSIVE_LOWER old=0 new=0 macros=0 gathers=0
RANK4_LOWER class=4 original_ops=3311 new_ops=2761 symbolic_rank_gates=12 paired_macros=12 conditional_clean=true
FOLD20_T10_RANK4 j=3 last=true low=true old_ops=3311 ops=2761
RANK4_LOWER class=4 original_ops=5121 new_ops=3875 symbolic_rank_gates=36 paired_macros=84 conditional_clean=true
FOLD20_T10_RANK4 j=0 last=true low=true old_ops=5121 ops=3875
RANK4_LOWER class=4 original_ops=5707 new_ops=4301 symbolic_rank_gates=36 paired_macros=84 conditional_clean=true
FOLD20_T10_RANK4 j=1 last=true low=true old_ops=5707 ops=4301
RANK4_LOWER class=4 original_ops=6537 new_ops=4875 symbolic_rank_gates=36 paired_macros=84 conditional_clean=true
FOLD20_T10_RANK4 j=2 last=true low=true old_ops=6537 ops=4875
Q792_JOINT_CODEC held_predicates=7 all_existing_dirty=true restored=true
Q792_JOINT_CODEC held_predicates=7 all_existing_dirty=true restored=true
Q792_JOINT_CODEC held_predicates=7 all_existing_dirty=true restored=true
Q792_JOINT_CODEC held_predicates=16 all_existing_dirty=true restored=true
Q792_JOINT_CODEC held_predicates=7 all_existing_dirty=true restored=true
Q792_JOINT_CODEC held_predicates=16 all_existing_dirty=true restored=true
Q792_JOINT_CODEC held_predicates=16 all_existing_dirty=true restored=true
Q792_JOINT_CODEC held_predicates=16 all_existing_dirty=true restored=true
RANK4_LOWER class=3 original_ops=39109 new_ops=34597 symbolic_rank_gates=512 paired_macros=548 conditional_clean=true
FOLD20_T10_RANK4 j=1 last=false low=true old_ops=39109 ops=34597
RANK4_LOWER class=3 original_ops=39265 new_ops=34593 symbolic_rank_gates=512 paired_macros=548 conditional_clean=true
FOLD20_T10_RANK4 j=3 last=false low=true old_ops=39265 ops=34593
FOLD20_PASSIVE_LOWER old=688 new=1138 macros=8 gathers=0
FOLD20_PASSIVE_LOWER old=544 new=872 macros=6 gathers=0
FOLD20_PASSIVE_LOWER old=260 new=664 macros=6 gathers=0
FOLD20_PASSIVE_LOWER old=260 new=664 macros=6 gathers=0
RANK4_LOWER class=3 original_ops=61729 new_ops=54025 symbolic_rank_gates=704 paired_macros=758 conditional_clean=true
FOLD20_T10_RANK4 j=0 last=false low=true old_ops=61729 ops=54025
FOLD20_PASSIVE_LOWER old=326 new=3110 macros=9 gathers=0
FOLD20_PASSIVE_LOWER old=1082 new=6864 macros=22 gathers=0
RANK4_LOWER class=3 original_ops=61559 new_ops=54025 symbolic_rank_gates=704 paired_macros=758 conditional_clean=true
FOLD20_T10_RANK4 j=2 last=false low=true old_ops=61559 ops=54025
FOLD20_PASSIVE_LOWER old=544 new=872 macros=6 gathers=0
FOLD20_PASSIVE_LOWER old=260 new=664 macros=6 gathers=0
FOLD20_PASSIVE_LOWER old=544 new=872 macros=6 gathers=0
FOLD20_PASSIVE_LOWER old=0 new=0 macros=0 gathers=0
FOLD20_PASSIVE_LOWER old=260 new=664 macros=6 gathers=0
FOLD20_PASSIVE_LOWER old=0 new=0 macros=0 gathers=0
RANK4_LOWER class=4 original_ops=3437 new_ops=2863 symbolic_rank_gates=12 paired_macros=12 conditional_clean=true
FOLD20_T10_RANK4 j=3 last=true low=true old_ops=3437 ops=2863
RANK4_LOWER class=4 original_ops=5247 new_ops=3977 symbolic_rank_gates=36 paired_macros=84 conditional_clean=true
FOLD20_T10_RANK4 j=0 last=true low=true old_ops=5247 ops=3977
RANK4_LOWER class=4 original_ops=5833 new_ops=4403 symbolic_rank_gates=36 paired_macros=84 conditional_clean=true
FOLD20_T10_RANK4 j=1 last=true low=true old_ops=5833 ops=4403
RANK4_LOWER class=4 original_ops=6663 new_ops=4977 symbolic_rank_gates=36 paired_macros=84 conditional_clean=true
FOLD20_T10_RANK4 j=2 last=true low=true old_ops=6663 ops=4977
Q792_JOINT_CODEC held_predicates=7 all_existing_dirty=true restored=true
Q792_JOINT_CODEC held_predicates=7 all_existing_dirty=true restored=true
Q792_JOINT_CODEC held_predicates=7 all_existing_dirty=true restored=true
Q792_JOINT_CODEC held_predicates=16 all_existing_dirty=true restored=true
Q792_JOINT_CODEC held_predicates=16 all_existing_dirty=true restored=true
Q792_JOINT_CODEC held_predicates=7 all_existing_dirty=true restored=true
Q792_JOINT_CODEC held_predicates=16 all_existing_dirty=true restored=true
Q792_JOINT_CODEC held_predicates=16 all_existing_dirty=true restored=true
RANK4_LOWER class=3 original_ops=39493 new_ops=34797 symbolic_rank_gates=512 paired_macros=548 conditional_clean=true
FOLD20_T10_RANK4 j=3 last=false low=true old_ops=39493 ops=34797
RANK4_LOWER class=3 original_ops=39337 new_ops=34801 symbolic_rank_gates=512 paired_macros=548 conditional_clean=true
FOLD20_T10_RANK4 j=1 last=false low=true old_ops=39337 ops=34801
FOLD20_PASSIVE_LOWER old=688 new=1138 macros=8 gathers=0
FOLD20_PASSIVE_LOWER old=544 new=872 macros=6 gathers=0
FOLD20_PASSIVE_LOWER old=260 new=664 macros=6 gathers=0
FOLD20_PASSIVE_LOWER old=260 new=664 macros=6 gathers=0
RANK4_LOWER class=3 original_ops=61787 new_ops=54229 symbolic_rank_gates=704 paired_macros=758 conditional_clean=true
FOLD20_T10_RANK4 j=2 last=false low=true old_ops=61787 ops=54229
FOLD20_PASSIVE_LOWER old=326 new=3110 macros=9 gathers=0
RANK4_LOWER class=3 original_ops=61957 new_ops=54229 symbolic_rank_gates=704 paired_macros=758 conditional_clean=true
FOLD20_T10_RANK4 j=0 last=false low=true old_ops=61957 ops=54229
FOLD20_PASSIVE_LOWER old=1082 new=6864 macros=22 gathers=0
FOLD20_PASSIVE_LOWER old=544 new=872 macros=6 gathers=0
FOLD20_PASSIVE_LOWER old=260 new=664 macros=6 gathers=0
FOLD20_PASSIVE_LOWER old=544 new=872 macros=6 gathers=0
FOLD20_PASSIVE_LOWER old=0 new=0 macros=0 gathers=0
FOLD20_PASSIVE_LOWER old=260 new=664 macros=6 gathers=0
FOLD20_PASSIVE_LOWER old=0 new=0 macros=0 gathers=0
RANK4_LOWER class=4 original_ops=3541 new_ops=2951 symbolic_rank_gates=12 paired_macros=12 conditional_clean=true
FOLD20_T10_RANK4 j=3 last=true low=true old_ops=3541 ops=2951
RANK4_LOWER class=4 original_ops=5937 new_ops=4491 symbolic_rank_gates=36 paired_macros=84 conditional_clean=true
FOLD20_T10_RANK4 j=1 last=true low=true old_ops=5937 ops=4491
RANK4_LOWER class=4 original_ops=5351 new_ops=4065 symbolic_rank_gates=36 paired_macros=84 conditional_clean=true
FOLD20_T10_RANK4 j=0 last=true low=true old_ops=5351 ops=4065
RANK4_LOWER class=4 original_ops=6767 new_ops=5067 symbolic_rank_gates=36 paired_macros=84 conditional_clean=true
FOLD20_T10_RANK4 j=2 last=true low=true old_ops=6767 ops=5067
Q792_JOINT_CODEC held_predicates=7 all_existing_dirty=true restored=true
Q792_JOINT_CODEC held_predicates=7 all_existing_dirty=true restored=true
Q792_JOINT_CODEC held_predicates=7 all_existing_dirty=true restored=true
Q792_JOINT_CODEC held_predicates=16 all_existing_dirty=true restored=true
Q792_JOINT_CODEC held_predicates=16 all_existing_dirty=true restored=true
Q792_JOINT_CODEC held_predicates=7 all_existing_dirty=true restored=true
Q792_JOINT_CODEC held_predicates=16 all_existing_dirty=true restored=true
Q792_JOINT_CODEC held_predicates=16 all_existing_dirty=true restored=true
RANK4_LOWER class=3 original_ops=39721 new_ops=34993 symbolic_rank_gates=512 paired_macros=548 conditional_clean=true
FOLD20_T10_RANK4 j=3 last=false low=true old_ops=39721 ops=34993
RANK4_LOWER class=3 original_ops=39565 new_ops=34997 symbolic_rank_gates=512 paired_macros=548 conditional_clean=true
FOLD20_T10_RANK4 j=1 last=false low=true old_ops=39565 ops=34997
FOLD20_PASSIVE_LOWER old=688 new=1138 macros=8 gathers=0
FOLD20_PASSIVE_LOWER old=260 new=664 macros=6 gathers=0
FOLD20_PASSIVE_LOWER old=544 new=872 macros=6 gathers=0
FOLD20_PASSIVE_LOWER old=260 new=664 macros=6 gathers=0
RANK4_LOWER class=3 original_ops=62185 new_ops=54425 symbolic_rank_gates=704 paired_macros=758 conditional_clean=true
FOLD20_T10_RANK4 j=0 last=false low=true old_ops=62185 ops=54425
RANK4_LOWER class=3 original_ops=62015 new_ops=54425 symbolic_rank_gates=704 paired_macros=758 conditional_clean=true
FOLD20_T10_RANK4 j=2 last=false low=true old_ops=62015 ops=54425
FOLD20_PASSIVE_LOWER old=1082 new=6864 macros=22 gathers=0
FOLD20_PASSIVE_LOWER old=326 new=3110 macros=9 gathers=0
FOLD20_PASSIVE_LOWER old=544 new=872 macros=6 gathers=0
FOLD20_PASSIVE_LOWER old=544 new=872 macros=6 gathers=0
FOLD20_PASSIVE_LOWER old=260 new=664 macros=6 gathers=0
FOLD20_PASSIVE_LOWER old=260 new=664 macros=6 gathers=0
FOLD20_PASSIVE_LOWER old=0 new=0 macros=0 gathers=0
FOLD20_PASSIVE_LOWER old=0 new=0 macros=0 gathers=0
RANK4_LOWER class=4 original_ops=3651 new_ops=3045 symbolic_rank_gates=12 paired_macros=12 conditional_clean=true
FOLD20_T10_RANK4 j=3 last=true low=true old_ops=3651 ops=3045
RANK4_LOWER class=4 original_ops=5461 new_ops=4159 symbolic_rank_gates=36 paired_macros=84 conditional_clean=true
FOLD20_T10_RANK4 j=0 last=true low=true old_ops=5461 ops=4159
RANK4_LOWER class=4 original_ops=6047 new_ops=4585 symbolic_rank_gates=36 paired_macros=84 conditional_clean=true
FOLD20_T10_RANK4 j=1 last=true low=true old_ops=6047 ops=4585
Q792_JOINT_CODEC held_predicates=7 all_existing_dirty=true restored=true
RANK4_LOWER class=4 original_ops=6877 new_ops=5161 symbolic_rank_gates=36 paired_macros=84 conditional_clean=true
FOLD20_T10_RANK4 j=2 last=true low=true old_ops=6877 ops=5161
Q792_JOINT_CODEC held_predicates=7 all_existing_dirty=true restored=true
Q792_JOINT_CODEC held_predicates=7 all_existing_dirty=true restored=true
Q792_JOINT_CODEC held_predicates=16 all_existing_dirty=true restored=true
Q792_JOINT_CODEC held_predicates=7 all_existing_dirty=true restored=true
Q792_JOINT_CODEC held_predicates=16 all_existing_dirty=true restored=true
Q792_JOINT_CODEC held_predicates=16 all_existing_dirty=true restored=true
Q792_JOINT_CODEC held_predicates=16 all_existing_dirty=true restored=true
RANK4_LOWER class=3 original_ops=39789 new_ops=35197 symbolic_rank_gates=512 paired_macros=548 conditional_clean=true
FOLD20_T10_RANK4 j=1 last=false low=true old_ops=39789 ops=35197
RANK4_LOWER class=3 original_ops=39945 new_ops=35193 symbolic_rank_gates=512 paired_macros=548 conditional_clean=true
FOLD20_T10_RANK4 j=3 last=false low=true old_ops=39945 ops=35193
FOLD20_PASSIVE_LOWER old=544 new=872 macros=6 gathers=0
FOLD20_PASSIVE_LOWER old=688 new=1138 macros=8 gathers=0
FOLD20_PASSIVE_LOWER old=260 new=664 macros=6 gathers=0
FOLD20_PASSIVE_LOWER old=260 new=664 macros=6 gathers=0
FOLD20_PASSIVE_LOWER old=326 new=3110 macros=9 gathers=0
RANK4_LOWER class=3 original_ops=62409 new_ops=54625 symbolic_rank_gates=704 paired_macros=758 conditional_clean=true
FOLD20_T10_RANK4 j=0 last=false low=true old_ops=62409 ops=54625
RANK4_LOWER class=3 original_ops=62239 new_ops=54625 symbolic_rank_gates=704 paired_macros=758 conditional_clean=true
FOLD20_T10_RANK4 j=2 last=false low=true old_ops=62239 ops=54625
FOLD20_PASSIVE_LOWER old=1082 new=6864 macros=22 gathers=0
FOLD20_PASSIVE_LOWER old=544 new=872 macros=6 gathers=0
FOLD20_PASSIVE_LOWER old=544 new=872 macros=6 gathers=0
FOLD20_PASSIVE_LOWER old=260 new=664 macros=6 gathers=0
FOLD20_PASSIVE_LOWER old=260 new=664 macros=6 gathers=0
FOLD20_PASSIVE_LOWER old=0 new=0 macros=0 gathers=0
FOLD20_PASSIVE_LOWER old=0 new=0 macros=0 gathers=0
RANK4_LOWER class=4 original_ops=4113 new_ops=3271 symbolic_rank_gates=48 paired_macros=48 conditional_clean=true
FOLD20_T10_RANK4 j=3 last=true low=true old_ops=4113 ops=3271
RANK4_LOWER class=4 original_ops=6509 new_ops=4815 symbolic_rank_gates=72 paired_macros=120 conditional_clean=true
FOLD20_T10_RANK4 j=1 last=true low=true old_ops=6509 ops=4815
Q792_JOINT_CODEC held_predicates=7 all_existing_dirty=true restored=true
RANK4_LOWER class=4 original_ops=5923 new_ops=4389 symbolic_rank_gates=72 paired_macros=120 conditional_clean=true
FOLD20_T10_RANK4 j=0 last=true low=true old_ops=5923 ops=4389
RANK4_LOWER class=4 original_ops=7339 new_ops=5391 symbolic_rank_gates=72 paired_macros=120 conditional_clean=true
FOLD20_T10_RANK4 j=2 last=true low=true old_ops=7339 ops=5391
Q792_JOINT_CODEC held_predicates=7 all_existing_dirty=true restored=true
Q792_JOINT_CODEC held_predicates=7 all_existing_dirty=true restored=true
Q792_JOINT_CODEC held_predicates=7 all_existing_dirty=true restored=true
Q792_JOINT_CODEC held_predicates=16 all_existing_dirty=true restored=true
Q792_JOINT_CODEC held_predicates=16 all_existing_dirty=true restored=true
Q792_JOINT_CODEC held_predicates=16 all_existing_dirty=true restored=true
Q792_JOINT_CODEC held_predicates=16 all_existing_dirty=true restored=true
RANK4_LOWER class=3 original_ops=41411 new_ops=36085 symbolic_rank_gates=608 paired_macros=634 conditional_clean=true
FOLD20_T10_RANK4 j=3 last=false low=true old_ops=41411 ops=36085
RANK4_LOWER class=3 original_ops=41255 new_ops=36089 symbolic_rank_gates=608 paired_macros=634 conditional_clean=true
FOLD20_T10_RANK4 j=1 last=false low=true old_ops=41255 ops=36089
FOLD20_PASSIVE_LOWER old=688 new=1138 macros=8 gathers=0
FOLD20_PASSIVE_LOWER old=544 new=872 macros=6 gathers=0
FOLD20_PASSIVE_LOWER old=260 new=664 macros=6 gathers=0
FOLD20_PASSIVE_LOWER old=260 new=664 macros=6 gathers=0
FOLD20_PASSIVE_LOWER old=326 new=3110 macros=9 gathers=0
FOLD20_PASSIVE_LOWER old=1082 new=6864 macros=22 gathers=0
RANK4_LOWER class=3 original_ops=63875 new_ops=55517 symbolic_rank_gates=800 paired_macros=844 conditional_clean=true
FOLD20_T10_RANK4 j=0 last=false low=true old_ops=63875 ops=55517
FOLD20_PASSIVE_LOWER old=544 new=872 macros=6 gathers=0
RANK4_LOWER class=3 original_ops=63705 new_ops=55517 symbolic_rank_gates=800 paired_macros=844 conditional_clean=true
FOLD20_T10_RANK4 j=2 last=false low=true old_ops=63705 ops=55517
FOLD20_PASSIVE_LOWER old=260 new=664 macros=6 gathers=0
FOLD20_PASSIVE_LOWER old=0 new=0 macros=0 gathers=0
FOLD20_PASSIVE_LOWER old=544 new=872 macros=6 gathers=0
FOLD20_PASSIVE_LOWER old=260 new=664 macros=6 gathers=0
FOLD20_PASSIVE_LOWER old=0 new=0 macros=0 gathers=0
RANK4_LOWER class=4 original_ops=4435 new_ops=3427 symbolic_rank_gates=48 paired_macros=62 conditional_clean=true
FOLD20_T10_RANK4 j=3 last=true low=true old_ops=4435 ops=3427
RANK4_LOWER class=4 original_ops=6245 new_ops=4545 symbolic_rank_gates=72 paired_macros=134 conditional_clean=true
FOLD20_T10_RANK4 j=0 last=true low=true old_ops=6245 ops=4545
Q792_JOINT_CODEC held_predicates=7 all_existing_dirty=true restored=true
RANK4_LOWER class=4 original_ops=6831 new_ops=4971 symbolic_rank_gates=72 paired_macros=134 conditional_clean=true
FOLD20_T10_RANK4 j=1 last=true low=true old_ops=6831 ops=4971
RANK4_LOWER class=4 original_ops=7661 new_ops=5547 symbolic_rank_gates=72 paired_macros=134 conditional_clean=true
FOLD20_T10_RANK4 j=2 last=true low=true old_ops=7661 ops=5547
Q792_JOINT_CODEC held_predicates=7 all_existing_dirty=true restored=true
Q792_JOINT_CODEC held_predicates=16 all_existing_dirty=true restored=true
Q792_JOINT_CODEC held_predicates=7 all_existing_dirty=true restored=true
Q792_JOINT_CODEC held_predicates=7 all_existing_dirty=true restored=true
Q792_JOINT_CODEC held_predicates=16 all_existing_dirty=true restored=true
Q792_JOINT_CODEC held_predicates=16 all_existing_dirty=true restored=true
Q792_JOINT_CODEC held_predicates=16 all_existing_dirty=true restored=true
RANK4_LOWER class=3 original_ops=41797 new_ops=36313 symbolic_rank_gates=608 paired_macros=648 conditional_clean=true
FOLD20_T10_RANK4 j=3 last=false low=true old_ops=41797 ops=36313
RANK4_LOWER class=3 original_ops=41641 new_ops=36317 symbolic_rank_gates=608 paired_macros=648 conditional_clean=true
FOLD20_T10_RANK4 j=1 last=false low=true old_ops=41641 ops=36317
FOLD20_PASSIVE_LOWER old=688 new=1138 macros=8 gathers=0
FOLD20_PASSIVE_LOWER old=260 new=664 macros=6 gathers=0
FOLD20_PASSIVE_LOWER old=544 new=872 macros=6 gathers=0
RANK4_LOWER class=3 original_ops=64261 new_ops=55745 symbolic_rank_gates=800 paired_macros=858 conditional_clean=true
FOLD20_T10_RANK4 j=0 last=false low=true old_ops=64261 ops=55745
FOLD20_PASSIVE_LOWER old=260 new=664 macros=6 gathers=0
FOLD20_PASSIVE_LOWER old=326 new=3110 macros=9 gathers=0
RANK4_LOWER class=3 original_ops=64091 new_ops=55745 symbolic_rank_gates=800 paired_macros=858 conditional_clean=true
FOLD20_T10_RANK4 j=2 last=false low=true old_ops=64091 ops=55745
FOLD20_PASSIVE_LOWER old=1082 new=6864 macros=22 gathers=0
FOLD20_PASSIVE_LOWER old=544 new=872 macros=6 gathers=0
FOLD20_PASSIVE_LOWER old=260 new=664 macros=6 gathers=0
FOLD20_PASSIVE_LOWER old=0 new=0 macros=0 gathers=0
FOLD20_PASSIVE_LOWER old=544 new=872 macros=6 gathers=0
FOLD20_PASSIVE_LOWER old=260 new=664 macros=6 gathers=0
FOLD20_PASSIVE_LOWER old=0 new=0 macros=0 gathers=0
RANK4_LOWER class=4 original_ops=4543 new_ops=3519 symbolic_rank_gates=48 paired_macros=62 conditional_clean=true
FOLD20_T10_RANK4 j=3 last=true low=true old_ops=4543 ops=3519
RANK4_LOWER class=4 original_ops=6939 new_ops=5063 symbolic_rank_gates=72 paired_macros=134 conditional_clean=true
FOLD20_T10_RANK4 j=1 last=true low=true old_ops=6939 ops=5063
RANK4_LOWER class=4 original_ops=6353 new_ops=4637 symbolic_rank_gates=72 paired_macros=134 conditional_clean=true
FOLD20_T10_RANK4 j=0 last=true low=true old_ops=6353 ops=4637
Q792_JOINT_CODEC held_predicates=7 all_existing_dirty=true restored=true
RANK4_LOWER class=4 original_ops=7769 new_ops=5639 symbolic_rank_gates=72 paired_macros=134 conditional_clean=true
FOLD20_T10_RANK4 j=2 last=true low=true old_ops=7769 ops=5639
Q792_JOINT_CODEC held_predicates=7 all_existing_dirty=true restored=true
Q792_JOINT_CODEC held_predicates=7 all_existing_dirty=true restored=true
Q792_JOINT_CODEC held_predicates=7 all_existing_dirty=true restored=true
Q792_JOINT_CODEC held_predicates=16 all_existing_dirty=true restored=true
Q792_JOINT_CODEC held_predicates=16 all_existing_dirty=true restored=true
Q792_JOINT_CODEC held_predicates=16 all_existing_dirty=true restored=true
Q792_JOINT_CODEC held_predicates=16 all_existing_dirty=true restored=true
RANK4_LOWER class=3 original_ops=41849 new_ops=36493 symbolic_rank_gates=608 paired_macros=648 conditional_clean=true
FOLD20_T10_RANK4 j=1 last=false low=true old_ops=41849 ops=36493
RANK4_LOWER class=3 original_ops=42005 new_ops=36489 symbolic_rank_gates=608 paired_macros=648 conditional_clean=true
FOLD20_T10_RANK4 j=3 last=false low=true old_ops=42005 ops=36489
FOLD20_PASSIVE_LOWER old=544 new=872 macros=6 gathers=0
FOLD20_PASSIVE_LOWER old=260 new=664 macros=6 gathers=0
FOLD20_PASSIVE_LOWER old=326 new=3110 macros=9 gathers=0
FOLD20_PASSIVE_LOWER old=688 new=1138 macros=8 gathers=0
FOLD20_PASSIVE_LOWER old=260 new=664 macros=6 gathers=0
RANK4_LOWER class=3 original_ops=64469 new_ops=55921 symbolic_rank_gates=800 paired_macros=858 conditional_clean=true
FOLD20_T10_RANK4 j=0 last=false low=true old_ops=64469 ops=55921
FOLD20_PASSIVE_LOWER old=1082 new=6864 macros=22 gathers=0
FOLD20_PASSIVE_LOWER old=544 new=872 macros=6 gathers=0
RANK4_LOWER class=3 original_ops=64299 new_ops=55921 symbolic_rank_gates=800 paired_macros=858 conditional_clean=true
FOLD20_T10_RANK4 j=2 last=false low=true old_ops=64299 ops=55921
FOLD20_PASSIVE_LOWER old=260 new=664 macros=6 gathers=0
FOLD20_PASSIVE_LOWER old=0 new=0 macros=0 gathers=0
FOLD20_PASSIVE_LOWER old=544 new=872 macros=6 gathers=0
FOLD20_PASSIVE_LOWER old=260 new=664 macros=6 gathers=0
FOLD20_PASSIVE_LOWER old=0 new=0 macros=0 gathers=0
RANK4_LOWER class=4 original_ops=4653 new_ops=3613 symbolic_rank_gates=48 paired_macros=62 conditional_clean=true
FOLD20_T10_RANK4 j=3 last=true low=true old_ops=4653 ops=3613
RANK4_LOWER class=4 original_ops=6463 new_ops=4731 symbolic_rank_gates=72 paired_macros=134 conditional_clean=true
FOLD20_T10_RANK4 j=0 last=true low=true old_ops=6463 ops=4731
RANK4_LOWER class=4 original_ops=7049 new_ops=5157 symbolic_rank_gates=72 paired_macros=134 conditional_clean=true
FOLD20_T10_RANK4 j=1 last=true low=true old_ops=7049 ops=5157
Q792_JOINT_CODEC held_predicates=7 all_existing_dirty=true restored=true
RANK4_LOWER class=4 original_ops=7879 new_ops=5733 symbolic_rank_gates=72 paired_macros=134 conditional_clean=true
FOLD20_T10_RANK4 j=2 last=true low=true old_ops=7879 ops=5733
Q792_JOINT_CODEC held_predicates=7 all_existing_dirty=true restored=true
Q792_JOINT_CODEC held_predicates=7 all_existing_dirty=true restored=true
Q792_JOINT_CODEC held_predicates=16 all_existing_dirty=true restored=true
Q792_JOINT_CODEC held_predicates=7 all_existing_dirty=true restored=true
Q792_JOINT_CODEC held_predicates=16 all_existing_dirty=true restored=true
Q792_JOINT_CODEC held_predicates=16 all_existing_dirty=true restored=true
Q792_JOINT_CODEC held_predicates=16 all_existing_dirty=true restored=true
RANK4_LOWER class=3 original_ops=42197 new_ops=36657 symbolic_rank_gates=608 paired_macros=648 conditional_clean=true
FOLD20_T10_RANK4 j=3 last=false low=true old_ops=42197 ops=36657
RANK4_LOWER class=3 original_ops=42041 new_ops=36661 symbolic_rank_gates=608 paired_macros=648 conditional_clean=true
FOLD20_T10_RANK4 j=1 last=false low=true old_ops=42041 ops=36661
FOLD20_PASSIVE_LOWER old=688 new=1138 macros=8 gathers=0
FOLD20_PASSIVE_LOWER old=544 new=872 macros=6 gathers=0
FOLD20_PASSIVE_LOWER old=260 new=664 macros=6 gathers=0
FOLD20_PASSIVE_LOWER old=260 new=664 macros=6 gathers=0
FOLD20_PASSIVE_LOWER old=326 new=3110 macros=9 gathers=0
RANK4_LOWER class=3 original_ops=64661 new_ops=56089 symbolic_rank_gates=800 paired_macros=858 conditional_clean=true
FOLD20_T10_RANK4 j=0 last=false low=true old_ops=64661 ops=56089
FOLD20_PASSIVE_LOWER old=1082 new=6864 macros=22 gathers=0
FOLD20_PASSIVE_LOWER old=544 new=872 macros=6 gathers=0
RANK4_LOWER class=3 original_ops=64491 new_ops=56089 symbolic_rank_gates=800 paired_macros=858 conditional_clean=true
FOLD20_T10_RANK4 j=2 last=false low=true old_ops=64491 ops=56089
FOLD20_PASSIVE_LOWER old=260 new=664 macros=6 gathers=0
FOLD20_PASSIVE_LOWER old=0 new=0 macros=0 gathers=0
FOLD20_PASSIVE_LOWER old=544 new=872 macros=6 gathers=0
FOLD20_PASSIVE_LOWER old=260 new=664 macros=6 gathers=0
FOLD20_PASSIVE_LOWER old=0 new=0 macros=0 gathers=0
RANK4_LOWER class=4 original_ops=4761 new_ops=3705 symbolic_rank_gates=48 paired_macros=62 conditional_clean=true
FOLD20_T10_RANK4 j=3 last=true low=true old_ops=4761 ops=3705
RANK4_LOWER class=4 original_ops=6571 new_ops=4823 symbolic_rank_gates=72 paired_macros=134 conditional_clean=true
FOLD20_T10_RANK4 j=0 last=true low=true old_ops=6571 ops=4823
Q792_JOINT_CODEC held_predicates=7 all_existing_dirty=true restored=true
RANK4_LOWER class=4 original_ops=7157 new_ops=5249 symbolic_rank_gates=72 paired_macros=134 conditional_clean=true
FOLD20_T10_RANK4 j=1 last=true low=true old_ops=7157 ops=5249
RANK4_LOWER class=4 original_ops=7987 new_ops=5825 symbolic_rank_gates=72 paired_macros=134 conditional_clean=true
FOLD20_T10_RANK4 j=2 last=true low=true old_ops=7987 ops=5825
Q792_JOINT_CODEC held_predicates=7 all_existing_dirty=true restored=true
Q792_JOINT_CODEC held_predicates=16 all_existing_dirty=true restored=true
Q792_JOINT_CODEC held_predicates=7 all_existing_dirty=true restored=true
Q792_JOINT_CODEC held_predicates=7 all_existing_dirty=true restored=true
Q792_JOINT_CODEC held_predicates=16 all_existing_dirty=true restored=true
Q792_JOINT_CODEC held_predicates=16 all_existing_dirty=true restored=true
Q792_JOINT_CODEC held_predicates=16 all_existing_dirty=true restored=true
RANK4_LOWER class=3 original_ops=42469 new_ops=36881 symbolic_rank_gates=608 paired_macros=648 conditional_clean=true
FOLD20_T10_RANK4 j=3 last=false low=true old_ops=42469 ops=36881
RANK4_LOWER class=3 original_ops=42313 new_ops=36885 symbolic_rank_gates=608 paired_macros=648 conditional_clean=true
FOLD20_T10_RANK4 j=1 last=false low=true old_ops=42313 ops=36885
FOLD20_PASSIVE_LOWER old=688 new=1138 macros=8 gathers=0
FOLD20_PASSIVE_LOWER old=260 new=664 macros=6 gathers=0
FOLD20_PASSIVE_LOWER old=544 new=872 macros=6 gathers=0
RANK4_LOWER class=3 original_ops=64933 new_ops=56313 symbolic_rank_gates=800 paired_macros=858 conditional_clean=true
FOLD20_T10_RANK4 j=0 last=false low=true old_ops=64933 ops=56313
FOLD20_PASSIVE_LOWER old=1082 new=6864 macros=22 gathers=0
FOLD20_PASSIVE_LOWER old=260 new=664 macros=6 gathers=0
FOLD20_PASSIVE_LOWER old=326 new=3110 macros=9 gathers=0
FOLD20_PASSIVE_LOWER old=544 new=872 macros=6 gathers=0
RANK4_LOWER class=3 original_ops=64763 new_ops=56313 symbolic_rank_gates=800 paired_macros=858 conditional_clean=true
FOLD20_T10_RANK4 j=2 last=false low=true old_ops=64763 ops=56313
FOLD20_PASSIVE_LOWER old=260 new=664 macros=6 gathers=0
FOLD20_PASSIVE_LOWER old=0 new=0 macros=0 gathers=0
FOLD20_PASSIVE_LOWER old=544 new=872 macros=6 gathers=0
FOLD20_PASSIVE_LOWER old=260 new=664 macros=6 gathers=0
FOLD20_PASSIVE_LOWER old=0 new=0 macros=0 gathers=0
RANK4_LOWER class=4 original_ops=4887 new_ops=3807 symbolic_rank_gates=48 paired_macros=62 conditional_clean=true
FOLD20_T10_RANK4 j=3 last=true low=true old_ops=4887 ops=3807
RANK4_LOWER class=4 original_ops=6697 new_ops=4925 symbolic_rank_gates=72 paired_macros=134 conditional_clean=true
FOLD20_T10_RANK4 j=0 last=true low=true old_ops=6697 ops=4925
RANK4_LOWER class=4 original_ops=8113 new_ops=5927 symbolic_rank_gates=72 paired_macros=134 conditional_clean=true
FOLD20_T10_RANK4 j=2 last=true low=true old_ops=8113 ops=5927
Q792_JOINT_CODEC held_predicates=7 all_existing_dirty=true restored=true
RANK4_LOWER class=4 original_ops=7283 new_ops=5351 symbolic_rank_gates=72 paired_macros=134 conditional_clean=true
FOLD20_T10_RANK4 j=1 last=true low=true old_ops=7283 ops=5351
Q792_JOINT_CODEC held_predicates=7 all_existing_dirty=true restored=true
Q792_JOINT_CODEC held_predicates=16 all_existing_dirty=true restored=true
Q792_JOINT_CODEC held_predicates=7 all_existing_dirty=true restored=true
Q792_JOINT_CODEC held_predicates=16 all_existing_dirty=true restored=true
Q792_JOINT_CODEC held_predicates=7 all_existing_dirty=true restored=true
Q792_JOINT_CODEC held_predicates=16 all_existing_dirty=true restored=true
Q792_JOINT_CODEC held_predicates=16 all_existing_dirty=true restored=true
RANK4_LOWER class=3 original_ops=42681 new_ops=37069 symbolic_rank_gates=608 paired_macros=648 conditional_clean=true
FOLD20_T10_RANK4 j=3 last=false low=true old_ops=42681 ops=37069
RANK4_LOWER class=3 original_ops=42525 new_ops=37073 symbolic_rank_gates=608 paired_macros=648 conditional_clean=true
FOLD20_T10_RANK4 j=1 last=false low=true old_ops=42525 ops=37073
FOLD20_PASSIVE_LOWER old=688 new=1138 macros=8 gathers=0
FOLD20_PASSIVE_LOWER old=260 new=664 macros=6 gathers=0
FOLD20_PASSIVE_LOWER old=544 new=872 macros=6 gathers=0
RANK4_LOWER class=3 original_ops=65145 new_ops=56501 symbolic_rank_gates=800 paired_macros=858 conditional_clean=true
FOLD20_T10_RANK4 j=0 last=false low=true old_ops=65145 ops=56501
FOLD20_PASSIVE_LOWER old=260 new=664 macros=6 gathers=0
FOLD20_PASSIVE_LOWER old=1082 new=6864 macros=22 gathers=0
RANK4_LOWER class=3 original_ops=64975 new_ops=56501 symbolic_rank_gates=800 paired_macros=858 conditional_clean=true
FOLD20_T10_RANK4 j=2 last=false low=true old_ops=64975 ops=56501
FOLD20_PASSIVE_LOWER old=326 new=3110 macros=9 gathers=0
FOLD20_PASSIVE_LOWER old=544 new=872 macros=6 gathers=0
FOLD20_PASSIVE_LOWER old=260 new=664 macros=6 gathers=0
FOLD20_PASSIVE_LOWER old=544 new=872 macros=6 gathers=0
FOLD20_PASSIVE_LOWER old=0 new=0 macros=0 gathers=0
FOLD20_PASSIVE_LOWER old=260 new=664 macros=6 gathers=0
FOLD20_PASSIVE_LOWER old=0 new=0 macros=0 gathers=0
RANK4_LOWER class=4 original_ops=4991 new_ops=3895 symbolic_rank_gates=48 paired_macros=62 conditional_clean=true
FOLD20_T10_RANK4 j=3 last=true low=true old_ops=4991 ops=3895
RANK4_LOWER class=4 original_ops=6801 new_ops=5013 symbolic_rank_gates=72 paired_macros=134 conditional_clean=true
FOLD20_T10_RANK4 j=0 last=true low=true old_ops=6801 ops=5013
Q792_JOINT_CODEC held_predicates=7 all_existing_dirty=true restored=true
RANK4_LOWER class=4 original_ops=7387 new_ops=5439 symbolic_rank_gates=72 paired_macros=134 conditional_clean=true
FOLD20_T10_RANK4 j=1 last=true low=true old_ops=7387 ops=5439
RANK4_LOWER class=4 original_ops=8217 new_ops=6015 symbolic_rank_gates=72 paired_macros=134 conditional_clean=true
FOLD20_T10_RANK4 j=2 last=true low=true old_ops=8217 ops=6015
Q792_JOINT_CODEC held_predicates=7 all_existing_dirty=true restored=true
Q792_JOINT_CODEC held_predicates=7 all_existing_dirty=true restored=true
Q792_JOINT_CODEC held_predicates=16 all_existing_dirty=true restored=true
Q792_JOINT_CODEC held_predicates=16 all_existing_dirty=true restored=true
Q792_JOINT_CODEC held_predicates=7 all_existing_dirty=true restored=true
Q792_JOINT_CODEC held_predicates=16 all_existing_dirty=true restored=true
Q792_JOINT_CODEC held_predicates=16 all_existing_dirty=true restored=true
RANK4_LOWER class=3 original_ops=42893 new_ops=37249 symbolic_rank_gates=608 paired_macros=648 conditional_clean=true
FOLD20_T10_RANK4 j=3 last=false low=true old_ops=42893 ops=37249
RANK4_LOWER class=3 original_ops=42737 new_ops=37253 symbolic_rank_gates=608 paired_macros=648 conditional_clean=true
FOLD20_T10_RANK4 j=1 last=false low=true old_ops=42737 ops=37253
FOLD20_PASSIVE_LOWER old=688 new=1138 macros=8 gathers=0
FOLD20_PASSIVE_LOWER old=260 new=664 macros=6 gathers=0
FOLD20_PASSIVE_LOWER old=544 new=872 macros=6 gathers=0
FOLD20_PASSIVE_LOWER old=260 new=664 macros=6 gathers=0
RANK4_LOWER class=3 original_ops=65357 new_ops=56681 symbolic_rank_gates=800 paired_macros=858 conditional_clean=true
FOLD20_T10_RANK4 j=0 last=false low=true old_ops=65357 ops=56681
FOLD20_PASSIVE_LOWER old=1082 new=6864 macros=22 gathers=0
FOLD20_PASSIVE_LOWER old=326 new=3110 macros=9 gathers=0
RANK4_LOWER class=3 original_ops=65187 new_ops=56681 symbolic_rank_gates=800 paired_macros=858 conditional_clean=true
FOLD20_T10_RANK4 j=2 last=false low=true old_ops=65187 ops=56681
FOLD20_PASSIVE_LOWER old=544 new=872 macros=6 gathers=0
FOLD20_PASSIVE_LOWER old=260 new=664 macros=6 gathers=0
FOLD20_PASSIVE_LOWER old=544 new=872 macros=6 gathers=0
FOLD20_PASSIVE_LOWER old=0 new=0 macros=0 gathers=0
FOLD20_PASSIVE_LOWER old=260 new=664 macros=6 gathers=0
FOLD20_PASSIVE_LOWER old=0 new=0 macros=0 gathers=0
RANK4_LOWER class=4 original_ops=5101 new_ops=3989 symbolic_rank_gates=48 paired_macros=62 conditional_clean=true
FOLD20_T10_RANK4 j=3 last=true low=true old_ops=5101 ops=3989
RANK4_LOWER class=4 original_ops=6911 new_ops=5107 symbolic_rank_gates=72 paired_macros=134 conditional_clean=true
FOLD20_T10_RANK4 j=0 last=true low=true old_ops=6911 ops=5107
Q792_JOINT_CODEC held_predicates=7 all_existing_dirty=true restored=true
RANK4_LOWER class=4 original_ops=8327 new_ops=6109 symbolic_rank_gates=72 paired_macros=134 conditional_clean=true
FOLD20_T10_RANK4 j=2 last=true low=true old_ops=8327 ops=6109
Q792_JOINT_CODEC held_predicates=7 all_existing_dirty=true restored=true
Q792_JOINT_CODEC held_predicates=16 all_existing_dirty=true restored=true
RANK4_LOWER class=4 original_ops=7497 new_ops=5533 symbolic_rank_gates=72 paired_macros=134 conditional_clean=true
FOLD20_T10_RANK4 j=1 last=true low=true old_ops=7497 ops=5533
Q792_JOINT_CODEC held_predicates=16 all_existing_dirty=true restored=true
Q792_JOINT_CODEC held_predicates=16 all_existing_dirty=true restored=true
Q792_JOINT_CODEC held_predicates=16 all_existing_dirty=true restored=true
Q792_JOINT_CODEC held_predicates=7 all_existing_dirty=true restored=true
Q792_JOINT_CODEC held_predicates=7 all_existing_dirty=true restored=true
RANK4_LOWER class=3 original_ops=43101 new_ops=37433 symbolic_rank_gates=608 paired_macros=648 conditional_clean=true
FOLD20_T10_RANK4 j=3 last=false low=true old_ops=43101 ops=37433
FOLD20_PASSIVE_LOWER old=688 new=1138 macros=8 gathers=0
FOLD20_PASSIVE_LOWER old=260 new=664 macros=6 gathers=0
RANK4_LOWER class=3 original_ops=65565 new_ops=56865 symbolic_rank_gates=800 paired_macros=858 conditional_clean=true
FOLD20_T10_RANK4 j=0 last=false low=true old_ops=65565 ops=56865
RANK4_LOWER class=3 original_ops=65395 new_ops=56865 symbolic_rank_gates=800 paired_macros=858 conditional_clean=true
FOLD20_T10_RANK4 j=2 last=false low=true old_ops=65395 ops=56865
FOLD20_PASSIVE_LOWER old=1082 new=6864 macros=22 gathers=0
RANK4_LOWER class=3 original_ops=42945 new_ops=37437 symbolic_rank_gates=608 paired_macros=648 conditional_clean=true
FOLD20_T10_RANK4 j=1 last=false low=true old_ops=42945 ops=37437
FOLD20_PASSIVE_LOWER old=544 new=872 macros=6 gathers=0
FOLD20_PASSIVE_LOWER old=544 new=872 macros=6 gathers=0
FOLD20_PASSIVE_LOWER old=260 new=664 macros=6 gathers=0
FOLD20_PASSIVE_LOWER old=544 new=872 macros=6 gathers=0
FOLD20_PASSIVE_LOWER old=260 new=664 macros=6 gathers=0
FOLD20_PASSIVE_LOWER old=0 new=0 macros=0 gathers=0
FOLD20_PASSIVE_LOWER old=260 new=664 macros=6 gathers=0
FOLD20_PASSIVE_LOWER old=0 new=0 macros=0 gathers=0
FOLD20_PASSIVE_LOWER old=326 new=3110 macros=9 gathers=0
RANK4_LOWER class=4 original_ops=5217 new_ops=4085 symbolic_rank_gates=48 paired_macros=62 conditional_clean=true
FOLD20_T10_RANK4 j=3 last=true low=true old_ops=5217 ops=4085
RANK4_LOWER class=4 original_ops=7027 new_ops=5203 symbolic_rank_gates=72 paired_macros=134 conditional_clean=true
FOLD20_T10_RANK4 j=0 last=true low=true old_ops=7027 ops=5203
Q792_JOINT_CODEC held_predicates=7 all_existing_dirty=true restored=true
RANK4_LOWER class=4 original_ops=7613 new_ops=5629 symbolic_rank_gates=72 paired_macros=134 conditional_clean=true
FOLD20_T10_RANK4 j=1 last=true low=true old_ops=7613 ops=5629
RANK4_LOWER class=4 original_ops=8443 new_ops=6205 symbolic_rank_gates=72 paired_macros=134 conditional_clean=true
FOLD20_T10_RANK4 j=2 last=true low=true old_ops=8443 ops=6205
Q792_JOINT_CODEC held_predicates=7 all_existing_dirty=true restored=true
Q792_JOINT_CODEC held_predicates=7 all_existing_dirty=true restored=true
Q792_JOINT_CODEC held_predicates=16 all_existing_dirty=true restored=true
Q792_JOINT_CODEC held_predicates=16 all_existing_dirty=true restored=true
Q792_JOINT_CODEC held_predicates=7 all_existing_dirty=true restored=true
Q792_JOINT_CODEC held_predicates=16 all_existing_dirty=true restored=true
Q792_JOINT_CODEC held_predicates=16 all_existing_dirty=true restored=true
RANK4_LOWER class=3 original_ops=43329 new_ops=37741 symbolic_rank_gates=608 paired_macros=648 conditional_clean=true
FOLD20_T10_RANK4 j=1 last=false low=true old_ops=43329 ops=37741
RANK4_LOWER class=3 original_ops=43485 new_ops=37737 symbolic_rank_gates=608 paired_macros=648 conditional_clean=true
FOLD20_T10_RANK4 j=3 last=false low=true old_ops=43485 ops=37737
FOLD20_PASSIVE_LOWER old=544 new=872 macros=6 gathers=0
FOLD20_PASSIVE_LOWER old=260 new=664 macros=6 gathers=0
FOLD20_PASSIVE_LOWER old=688 new=1138 macros=8 gathers=0
RANK4_LOWER class=3 original_ops=65779 new_ops=57169 symbolic_rank_gates=800 paired_macros=858 conditional_clean=true
FOLD20_PASSIVE_LOWER old=260 new=664 macros=6 gathers=0
FOLD20_T10_RANK4 j=2 last=false low=true old_ops=65779 ops=57169
RANK4_LOWER class=3 original_ops=65949 new_ops=57169 symbolic_rank_gates=800 paired_macros=858 conditional_clean=true
FOLD20_T10_RANK4 j=0 last=false low=true old_ops=65949 ops=57169
FOLD20_PASSIVE_LOWER old=326 new=3110 macros=9 gathers=0
FOLD20_PASSIVE_LOWER old=1082 new=6864 macros=22 gathers=0
FOLD20_PASSIVE_LOWER old=544 new=872 macros=6 gathers=0
FOLD20_PASSIVE_LOWER old=260 new=664 macros=6 gathers=0
FOLD20_PASSIVE_LOWER old=544 new=872 macros=6 gathers=0
FOLD20_PASSIVE_LOWER old=260 new=664 macros=6 gathers=0
FOLD20_PASSIVE_LOWER old=0 new=0 macros=0 gathers=0
FOLD20_PASSIVE_LOWER old=0 new=0 macros=0 gathers=0
RANK4_LOWER class=4 original_ops=5347 new_ops=4191 symbolic_rank_gates=48 paired_macros=62 conditional_clean=true
FOLD20_T10_RANK4 j=3 last=true low=true old_ops=5347 ops=4191
RANK4_LOWER class=4 original_ops=7157 new_ops=5309 symbolic_rank_gates=72 paired_macros=134 conditional_clean=true
FOLD20_T10_RANK4 j=0 last=true low=true old_ops=7157 ops=5309
Q792_JOINT_CODEC held_predicates=7 all_existing_dirty=true restored=true
RANK4_LOWER class=4 original_ops=8573 new_ops=6311 symbolic_rank_gates=72 paired_macros=134 conditional_clean=true
FOLD20_T10_RANK4 j=2 last=true low=true old_ops=8573 ops=6311
RANK4_LOWER class=4 original_ops=7743 new_ops=5735 symbolic_rank_gates=72 paired_macros=134 conditional_clean=true
FOLD20_T10_RANK4 j=1 last=true low=true old_ops=7743 ops=5735
Q792_JOINT_CODEC held_predicates=7 all_existing_dirty=true restored=true
Q792_JOINT_CODEC held_predicates=7 all_existing_dirty=true restored=true
Q792_JOINT_CODEC held_predicates=16 all_existing_dirty=true restored=true
Q792_JOINT_CODEC held_predicates=16 all_existing_dirty=true restored=true
Q792_JOINT_CODEC held_predicates=7 all_existing_dirty=true restored=true
Q792_JOINT_CODEC held_predicates=16 all_existing_dirty=true restored=true
Q792_JOINT_CODEC held_predicates=16 all_existing_dirty=true restored=true
RANK4_LOWER class=3 original_ops=43561 new_ops=37949 symbolic_rank_gates=608 paired_macros=648 conditional_clean=true
FOLD20_T10_RANK4 j=1 last=false low=true old_ops=43561 ops=37949
RANK4_LOWER class=3 original_ops=43717 new_ops=37945 symbolic_rank_gates=608 paired_macros=648 conditional_clean=true
FOLD20_T10_RANK4 j=3 last=false low=true old_ops=43717 ops=37945
FOLD20_PASSIVE_LOWER old=544 new=872 macros=6 gathers=0
FOLD20_PASSIVE_LOWER old=260 new=664 macros=6 gathers=0
FOLD20_PASSIVE_LOWER old=688 new=1138 macros=8 gathers=0
RANK4_LOWER class=3 original_ops=66011 new_ops=57377 symbolic_rank_gates=800 paired_macros=858 conditional_clean=true
FOLD20_T10_RANK4 j=2 last=false low=true old_ops=66011 ops=57377
FOLD20_PASSIVE_LOWER old=260 new=664 macros=6 gathers=0
FOLD20_PASSIVE_LOWER old=326 new=3110 macros=9 gathers=0
RANK4_LOWER class=3 original_ops=66181 new_ops=57377 symbolic_rank_gates=800 paired_macros=858 conditional_clean=true
FOLD20_T10_RANK4 j=0 last=false low=true old_ops=66181 ops=57377
FOLD20_PASSIVE_LOWER old=544 new=872 macros=6 gathers=0
FOLD20_PASSIVE_LOWER old=1082 new=6864 macros=22 gathers=0
FOLD20_PASSIVE_LOWER old=260 new=664 macros=6 gathers=0
FOLD20_PASSIVE_LOWER old=544 new=872 macros=6 gathers=0
FOLD20_PASSIVE_LOWER old=0 new=0 macros=0 gathers=0
FOLD20_PASSIVE_LOWER old=260 new=664 macros=6 gathers=0
FOLD20_PASSIVE_LOWER old=0 new=0 macros=0 gathers=0
RANK4_LOWER class=4 original_ops=5451 new_ops=4279 symbolic_rank_gates=48 paired_macros=62 conditional_clean=true
FOLD20_T10_RANK4 j=3 last=true low=true old_ops=5451 ops=4279
Q792_JOINT_CODEC held_predicates=7 all_existing_dirty=true restored=true
RANK4_LOWER class=4 original_ops=8677 new_ops=6399 symbolic_rank_gates=72 paired_macros=134 conditional_clean=true
FOLD20_T10_RANK4 j=2 last=true low=true old_ops=8677 ops=6399
RANK4_LOWER class=4 original_ops=7847 new_ops=5823 symbolic_rank_gates=72 paired_macros=134 conditional_clean=true
FOLD20_T10_RANK4 j=1 last=true low=true old_ops=7847 ops=5823
Q792_JOINT_CODEC held_predicates=7 all_existing_dirty=true restored=true
RANK4_LOWER class=4 original_ops=7261 new_ops=5397 symbolic_rank_gates=72 paired_macros=134 conditional_clean=true
FOLD20_T10_RANK4 j=0 last=true low=true old_ops=7261 ops=5397
Q792_JOINT_CODEC held_predicates=7 all_existing_dirty=true restored=true
Q792_JOINT_CODEC held_predicates=16 all_existing_dirty=true restored=true
Q792_JOINT_CODEC held_predicates=7 all_existing_dirty=true restored=true
Q792_JOINT_CODEC held_predicates=16 all_existing_dirty=true restored=true
Q792_JOINT_CODEC held_predicates=16 all_existing_dirty=true restored=true
Q792_JOINT_CODEC held_predicates=16 all_existing_dirty=true restored=true
RANK4_LOWER class=3 original_ops=43797 new_ops=38145 symbolic_rank_gates=608 paired_macros=648 conditional_clean=true
FOLD20_T10_RANK4 j=1 last=false low=true old_ops=43797 ops=38145
RANK4_LOWER class=3 original_ops=43953 new_ops=38141 symbolic_rank_gates=608 paired_macros=648 conditional_clean=true
FOLD20_T10_RANK4 j=3 last=false low=true old_ops=43953 ops=38141
FOLD20_PASSIVE_LOWER old=544 new=872 macros=6 gathers=0
FOLD20_PASSIVE_LOWER old=260 new=664 macros=6 gathers=0
FOLD20_PASSIVE_LOWER old=688 new=1138 macros=8 gathers=0
FOLD20_PASSIVE_LOWER old=260 new=664 macros=6 gathers=0
FOLD20_PASSIVE_LOWER old=326 new=3110 macros=9 gathers=0
RANK4_LOWER class=3 original_ops=66417 new_ops=57573 symbolic_rank_gates=800 paired_macros=858 conditional_clean=true
FOLD20_T10_RANK4 j=0 last=false low=true old_ops=66417 ops=57573
RANK4_LOWER class=3 original_ops=66247 new_ops=57573 symbolic_rank_gates=800 paired_macros=858 conditional_clean=true
FOLD20_T10_RANK4 j=2 last=false low=true old_ops=66247 ops=57573
FOLD20_PASSIVE_LOWER old=1082 new=6864 macros=22 gathers=0
FOLD20_PASSIVE_LOWER old=544 new=872 macros=6 gathers=0
FOLD20_PASSIVE_LOWER old=544 new=872 macros=6 gathers=0
FOLD20_PASSIVE_LOWER old=260 new=664 macros=6 gathers=0
FOLD20_PASSIVE_LOWER old=260 new=664 macros=6 gathers=0
FOLD20_PASSIVE_LOWER old=0 new=0 macros=0 gathers=0
FOLD20_PASSIVE_LOWER old=0 new=0 macros=0 gathers=0
RANK4_LOWER class=4 original_ops=5561 new_ops=4373 symbolic_rank_gates=48 paired_macros=62 conditional_clean=true
FOLD20_T10_RANK4 j=3 last=true low=true old_ops=5561 ops=4373
RANK4_LOWER class=4 original_ops=7371 new_ops=5491 symbolic_rank_gates=72 paired_macros=134 conditional_clean=true
FOLD20_T10_RANK4 j=0 last=true low=true old_ops=7371 ops=5491
RANK4_LOWER class=4 original_ops=7957 new_ops=5917 symbolic_rank_gates=72 paired_macros=134 conditional_clean=true
FOLD20_T10_RANK4 j=1 last=true low=true old_ops=7957 ops=5917
Q792_JOINT_CODEC held_predicates=7 all_existing_dirty=true restored=true
RANK4_LOWER class=4 original_ops=8787 new_ops=6493 symbolic_rank_gates=72 paired_macros=134 conditional_clean=true
FOLD20_T10_RANK4 j=2 last=true low=true old_ops=8787 ops=6493
Q792_JOINT_CODEC held_predicates=7 all_existing_dirty=true restored=true
Q792_JOINT_CODEC held_predicates=7 all_existing_dirty=true restored=true
Q792_JOINT_CODEC held_predicates=16 all_existing_dirty=true restored=true
Q792_JOINT_CODEC held_predicates=7 all_existing_dirty=true restored=true
Q792_JOINT_CODEC held_predicates=16 all_existing_dirty=true restored=true
Q792_JOINT_CODEC held_predicates=16 all_existing_dirty=true restored=true
Q792_JOINT_CODEC held_predicates=16 all_existing_dirty=true restored=true
RANK4_LOWER class=3 original_ops=44185 new_ops=38341 symbolic_rank_gates=608 paired_macros=648 conditional_clean=true
FOLD20_T10_RANK4 j=3 last=false low=true old_ops=44185 ops=38341
RANK4_LOWER class=3 original_ops=44029 new_ops=38345 symbolic_rank_gates=608 paired_macros=648 conditional_clean=true
FOLD20_T10_RANK4 j=1 last=false low=true old_ops=44029 ops=38345
FOLD20_PASSIVE_LOWER old=544 new=872 macros=6 gathers=0
FOLD20_PASSIVE_LOWER old=688 new=1138 macros=8 gathers=0
FOLD20_PASSIVE_LOWER old=260 new=664 macros=6 gathers=0
FOLD20_PASSIVE_LOWER old=260 new=664 macros=6 gathers=0
FOLD20_PASSIVE_LOWER old=326 new=3110 macros=9 gathers=0
RANK4_LOWER class=3 original_ops=66649 new_ops=57773 symbolic_rank_gates=800 paired_macros=858 conditional_clean=true
FOLD20_T10_RANK4 j=0 last=false low=true old_ops=66649 ops=57773
FOLD20_PASSIVE_LOWER old=1082 new=6864 macros=22 gathers=0
RANK4_LOWER class=3 original_ops=66479 new_ops=57773 symbolic_rank_gates=800 paired_macros=858 conditional_clean=true
FOLD20_T10_RANK4 j=2 last=false low=true old_ops=66479 ops=57773
FOLD20_PASSIVE_LOWER old=544 new=872 macros=6 gathers=0
FOLD20_PASSIVE_LOWER old=260 new=664 macros=6 gathers=0
FOLD20_PASSIVE_LOWER old=544 new=872 macros=6 gathers=0
FOLD20_PASSIVE_LOWER old=0 new=0 macros=0 gathers=0
FOLD20_PASSIVE_LOWER old=260 new=664 macros=6 gathers=0
FOLD20_PASSIVE_LOWER old=0 new=0 macros=0 gathers=0
RANK4_LOWER class=4 original_ops=5665 new_ops=4461 symbolic_rank_gates=48 paired_macros=62 conditional_clean=true
FOLD20_T10_RANK4 j=3 last=true low=true old_ops=5665 ops=4461
RANK4_LOWER class=4 original_ops=7475 new_ops=5579 symbolic_rank_gates=72 paired_macros=134 conditional_clean=true
FOLD20_T10_RANK4 j=0 last=true low=true old_ops=7475 ops=5579
RANK4_LOWER class=4 original_ops=8061 new_ops=6005 symbolic_rank_gates=72 paired_macros=134 conditional_clean=true
RANK4_LOWER class=4 original_ops=8891 new_ops=6581 symbolic_rank_gates=72 paired_macros=134 conditional_clean=true
FOLD20_T10_RANK4 j=1 last=true low=true old_ops=8061 ops=6005
FOLD20_T10_RANK4 j=2 last=true low=true old_ops=8891 ops=6581
Q792_JOINT_CODEC held_predicates=7 all_existing_dirty=true restored=true
Q792_JOINT_CODEC held_predicates=7 all_existing_dirty=true restored=true
Q792_JOINT_CODEC held_predicates=7 all_existing_dirty=true restored=true
Q792_JOINT_CODEC held_predicates=16 all_existing_dirty=true restored=true
Q792_JOINT_CODEC held_predicates=16 all_existing_dirty=true restored=true
Q792_JOINT_CODEC held_predicates=7 all_existing_dirty=true restored=true
Q792_JOINT_CODEC held_predicates=16 all_existing_dirty=true restored=true
Q792_JOINT_CODEC held_predicates=16 all_existing_dirty=true restored=true
RANK4_LOWER class=3 original_ops=44413 new_ops=38537 symbolic_rank_gates=608 paired_macros=648 conditional_clean=true
FOLD20_T10_RANK4 j=3 last=false low=true old_ops=44413 ops=38537
RANK4_LOWER class=3 original_ops=44257 new_ops=38541 symbolic_rank_gates=608 paired_macros=648 conditional_clean=true
FOLD20_T10_RANK4 j=1 last=false low=true old_ops=44257 ops=38541
FOLD20_PASSIVE_LOWER old=544 new=872 macros=6 gathers=0
FOLD20_PASSIVE_LOWER old=688 new=1138 macros=8 gathers=0
FOLD20_PASSIVE_LOWER old=260 new=664 macros=6 gathers=0
FOLD20_PASSIVE_LOWER old=260 new=664 macros=6 gathers=0
RANK4_LOWER class=3 original_ops=66877 new_ops=57969 symbolic_rank_gates=800 paired_macros=858 conditional_clean=true
FOLD20_T10_RANK4 j=0 last=false low=true old_ops=66877 ops=57969
RANK4_LOWER class=3 original_ops=66707 new_ops=57969 symbolic_rank_gates=800 paired_macros=858 conditional_clean=true
FOLD20_T10_RANK4 j=2 last=false low=true old_ops=66707 ops=57969
FOLD20_PASSIVE_LOWER old=326 new=3110 macros=9 gathers=0
FOLD20_PASSIVE_LOWER old=1082 new=6864 macros=22 gathers=0
FOLD20_PASSIVE_LOWER old=544 new=872 macros=6 gathers=0
FOLD20_PASSIVE_LOWER old=544 new=872 macros=6 gathers=0
FOLD20_PASSIVE_LOWER old=260 new=664 macros=6 gathers=0
FOLD20_PASSIVE_LOWER old=260 new=664 macros=6 gathers=0
FOLD20_PASSIVE_LOWER old=0 new=0 macros=0 gathers=0
FOLD20_PASSIVE_LOWER old=0 new=0 macros=0 gathers=0
RANK4_LOWER class=4 original_ops=5791 new_ops=4563 symbolic_rank_gates=48 paired_macros=62 conditional_clean=true
FOLD20_T10_RANK4 j=3 last=true low=true old_ops=5791 ops=4563
Q792_JOINT_CODEC held_predicates=7 all_existing_dirty=true restored=true
RANK4_LOWER class=4 original_ops=7601 new_ops=5681 symbolic_rank_gates=72 paired_macros=134 conditional_clean=true
FOLD20_T10_RANK4 j=0 last=true low=true old_ops=7601 ops=5681
RANK4_LOWER class=4 original_ops=9017 new_ops=6683 symbolic_rank_gates=72 paired_macros=134 conditional_clean=true
FOLD20_T10_RANK4 j=2 last=true low=true old_ops=9017 ops=6683
RANK4_LOWER class=4 original_ops=8187 new_ops=6107 symbolic_rank_gates=72 paired_macros=134 conditional_clean=true
FOLD20_T10_RANK4 j=1 last=true low=true old_ops=8187 ops=6107
Q792_JOINT_CODEC held_predicates=7 all_existing_dirty=true restored=true
Q792_JOINT_CODEC held_predicates=16 all_existing_dirty=true restored=true
Q792_JOINT_CODEC held_predicates=7 all_existing_dirty=true restored=true
Q792_JOINT_CODEC held_predicates=16 all_existing_dirty=true restored=true
Q792_JOINT_CODEC held_predicates=7 all_existing_dirty=true restored=true
Q792_JOINT_CODEC held_predicates=16 all_existing_dirty=true restored=true
Q792_JOINT_CODEC held_predicates=16 all_existing_dirty=true restored=true
RANK4_LOWER class=3 original_ops=44641 new_ops=38741 symbolic_rank_gates=608 paired_macros=648 conditional_clean=true
FOLD20_T10_RANK4 j=3 last=false low=true old_ops=44641 ops=38741
RANK4_LOWER class=3 original_ops=44485 new_ops=38745 symbolic_rank_gates=608 paired_macros=648 conditional_clean=true
FOLD20_T10_RANK4 j=1 last=false low=true old_ops=44485 ops=38745
FOLD20_PASSIVE_LOWER old=688 new=1138 macros=8 gathers=0
FOLD20_PASSIVE_LOWER old=544 new=872 macros=6 gathers=0
FOLD20_PASSIVE_LOWER old=260 new=664 macros=6 gathers=0
FOLD20_PASSIVE_LOWER old=260 new=664 macros=6 gathers=0
FOLD20_PASSIVE_LOWER old=326 new=3110 macros=9 gathers=0
FOLD20_PASSIVE_LOWER old=1082 new=6864 macros=22 gathers=0
RANK4_LOWER class=3 original_ops=66935 new_ops=58173 symbolic_rank_gates=800 paired_macros=858 conditional_clean=true
FOLD20_T10_RANK4 j=2 last=false low=true old_ops=66935 ops=58173
RANK4_LOWER class=3 original_ops=67105 new_ops=58173 symbolic_rank_gates=800 paired_macros=858 conditional_clean=true
FOLD20_T10_RANK4 j=0 last=false low=true old_ops=67105 ops=58173
FOLD20_PASSIVE_LOWER old=544 new=872 macros=6 gathers=0
FOLD20_PASSIVE_LOWER old=260 new=664 macros=6 gathers=0
FOLD20_PASSIVE_LOWER old=544 new=872 macros=6 gathers=0
FOLD20_PASSIVE_LOWER old=0 new=0 macros=0 gathers=0
FOLD20_PASSIVE_LOWER old=260 new=664 macros=6 gathers=0
FOLD20_PASSIVE_LOWER old=0 new=0 macros=0 gathers=0
RANK4_LOWER class=4 original_ops=5895 new_ops=4651 symbolic_rank_gates=48 paired_macros=62 conditional_clean=true
FOLD20_T10_RANK4 j=3 last=true low=true old_ops=5895 ops=4651
RANK4_LOWER class=4 original_ops=7705 new_ops=5769 symbolic_rank_gates=72 paired_macros=134 conditional_clean=true
FOLD20_T10_RANK4 j=0 last=true low=true old_ops=7705 ops=5769
Q792_JOINT_CODEC held_predicates=7 all_existing_dirty=true restored=true
RANK4_LOWER class=4 original_ops=9121 new_ops=6771 symbolic_rank_gates=72 paired_macros=134 conditional_clean=true
FOLD20_T10_RANK4 j=2 last=true low=true old_ops=9121 ops=6771
RANK4_LOWER class=4 original_ops=8291 new_ops=6195 symbolic_rank_gates=72 paired_macros=134 conditional_clean=true
FOLD20_T10_RANK4 j=1 last=true low=true old_ops=8291 ops=6195
Q792_JOINT_CODEC held_predicates=7 all_existing_dirty=true restored=true
Q792_JOINT_CODEC held_predicates=16 all_existing_dirty=true restored=true
Q792_JOINT_CODEC held_predicates=7 all_existing_dirty=true restored=true
Q792_JOINT_CODEC held_predicates=7 all_existing_dirty=true restored=true
Q792_JOINT_CODEC held_predicates=16 all_existing_dirty=true restored=true
Q792_JOINT_CODEC held_predicates=16 all_existing_dirty=true restored=true
Q792_JOINT_CODEC held_predicates=16 all_existing_dirty=true restored=true
RANK4_LOWER class=3 original_ops=44713 new_ops=38941 symbolic_rank_gates=608 paired_macros=648 conditional_clean=true
FOLD20_T10_RANK4 j=1 last=false low=true old_ops=44713 ops=38941
RANK4_LOWER class=3 original_ops=44869 new_ops=38937 symbolic_rank_gates=608 paired_macros=648 conditional_clean=true
FOLD20_T10_RANK4 j=3 last=false low=true old_ops=44869 ops=38937
FOLD20_PASSIVE_LOWER old=544 new=872 macros=6 gathers=0
FOLD20_PASSIVE_LOWER old=688 new=1138 macros=8 gathers=0
FOLD20_PASSIVE_LOWER old=260 new=664 macros=6 gathers=0
FOLD20_PASSIVE_LOWER old=260 new=664 macros=6 gathers=0
FOLD20_PASSIVE_LOWER old=326 new=3110 macros=9 gathers=0
RANK4_LOWER class=3 original_ops=67163 new_ops=58369 symbolic_rank_gates=800 paired_macros=858 conditional_clean=true
FOLD20_T10_RANK4 j=2 last=false low=true old_ops=67163 ops=58369
FOLD20_PASSIVE_LOWER old=1082 new=6864 macros=22 gathers=0
RANK4_LOWER class=3 original_ops=67333 new_ops=58369 symbolic_rank_gates=800 paired_macros=858 conditional_clean=true
FOLD20_T10_RANK4 j=0 last=false low=true old_ops=67333 ops=58369
FOLD20_PASSIVE_LOWER old=544 new=872 macros=6 gathers=0
FOLD20_PASSIVE_LOWER old=544 new=872 macros=6 gathers=0
FOLD20_PASSIVE_LOWER old=260 new=664 macros=6 gathers=0
FOLD20_PASSIVE_LOWER old=260 new=664 macros=6 gathers=0
FOLD20_PASSIVE_LOWER old=0 new=0 macros=0 gathers=0
FOLD20_PASSIVE_LOWER old=0 new=0 macros=0 gathers=0
RANK4_LOWER class=4 original_ops=6005 new_ops=4745 symbolic_rank_gates=48 paired_macros=62 conditional_clean=true
FOLD20_T10_RANK4 j=3 last=true low=true old_ops=6005 ops=4745
Q792_JOINT_CODEC held_predicates=7 all_existing_dirty=true restored=true
RANK4_LOWER class=4 original_ops=7815 new_ops=5863 symbolic_rank_gates=72 paired_macros=134 conditional_clean=true
FOLD20_T10_RANK4 j=0 last=true low=true old_ops=7815 ops=5863
RANK4_LOWER class=4 original_ops=8401 new_ops=6289 symbolic_rank_gates=72 paired_macros=134 conditional_clean=true
FOLD20_T10_RANK4 j=1 last=true low=true old_ops=8401 ops=6289
RANK4_LOWER class=4 original_ops=9231 new_ops=6865 symbolic_rank_gates=72 paired_macros=134 conditional_clean=true
FOLD20_T10_RANK4 j=2 last=true low=true old_ops=9231 ops=6865
Q792_JOINT_CODEC held_predicates=7 all_existing_dirty=true restored=true
Q792_JOINT_CODEC held_predicates=7 all_existing_dirty=true restored=true
Q792_JOINT_CODEC held_predicates=16 all_existing_dirty=true restored=true
Q792_JOINT_CODEC held_predicates=7 all_existing_dirty=true restored=true
Q792_JOINT_CODEC held_predicates=16 all_existing_dirty=true restored=true
Q792_JOINT_CODEC held_predicates=16 all_existing_dirty=true restored=true
Q792_JOINT_CODEC held_predicates=16 all_existing_dirty=true restored=true
RANK4_LOWER class=3 original_ops=45093 new_ops=39137 symbolic_rank_gates=608 paired_macros=648 conditional_clean=true
FOLD20_T10_RANK4 j=3 last=false low=true old_ops=45093 ops=39137
RANK4_LOWER class=3 original_ops=44937 new_ops=39141 symbolic_rank_gates=608 paired_macros=648 conditional_clean=true
FOLD20_T10_RANK4 j=1 last=false low=true old_ops=44937 ops=39141
FOLD20_PASSIVE_LOWER old=688 new=1138 macros=8 gathers=0
FOLD20_PASSIVE_LOWER old=260 new=664 macros=6 gathers=0
FOLD20_PASSIVE_LOWER old=544 new=872 macros=6 gathers=0
FOLD20_PASSIVE_LOWER old=260 new=664 macros=6 gathers=0
RANK4_LOWER class=3 original_ops=67557 new_ops=58569 symbolic_rank_gates=800 paired_macros=858 conditional_clean=true
FOLD20_T10_RANK4 j=0 last=false low=true old_ops=67557 ops=58569
FOLD20_PASSIVE_LOWER old=326 new=3110 macros=9 gathers=0
FOLD20_PASSIVE_LOWER old=1082 new=6864 macros=22 gathers=0
RANK4_LOWER class=3 original_ops=67387 new_ops=58569 symbolic_rank_gates=800 paired_macros=858 conditional_clean=true
FOLD20_T10_RANK4 j=2 last=false low=true old_ops=67387 ops=58569
FOLD20_PASSIVE_LOWER old=544 new=872 macros=6 gathers=0
FOLD20_PASSIVE_LOWER old=260 new=664 macros=6 gathers=0
FOLD20_PASSIVE_LOWER old=544 new=872 macros=6 gathers=0
FOLD20_PASSIVE_LOWER old=0 new=0 macros=0 gathers=0
FOLD20_PASSIVE_LOWER old=260 new=664 macros=6 gathers=0
FOLD20_PASSIVE_LOWER old=0 new=0 macros=0 gathers=0
RANK4_LOWER class=4 original_ops=6145 new_ops=4857 symbolic_rank_gates=48 paired_macros=62 conditional_clean=true
FOLD20_T10_RANK4 j=3 last=true low=true old_ops=6145 ops=4857
RANK4_LOWER class=4 original_ops=8541 new_ops=6401 symbolic_rank_gates=72 paired_macros=134 conditional_clean=true
FOLD20_T10_RANK4 j=1 last=true low=true old_ops=8541 ops=6401
Q792_JOINT_CODEC held_predicates=7 all_existing_dirty=true restored=true
RANK4_LOWER class=4 original_ops=7955 new_ops=5975 symbolic_rank_gates=72 paired_macros=134 conditional_clean=true
FOLD20_T10_RANK4 j=0 last=true low=true old_ops=7955 ops=5975
Q792_JOINT_CODEC held_predicates=7 all_existing_dirty=true restored=true
Q792_JOINT_CODEC held_predicates=7 all_existing_dirty=true restored=true
RANK4_LOWER class=4 original_ops=9371 new_ops=6977 symbolic_rank_gates=72 paired_macros=134 conditional_clean=true
FOLD20_T10_RANK4 j=2 last=true low=true old_ops=9371 ops=6977
Q792_JOINT_CODEC held_predicates=7 all_existing_dirty=true restored=true
Q792_JOINT_CODEC held_predicates=16 all_existing_dirty=true restored=true
Q792_JOINT_CODEC held_predicates=16 all_existing_dirty=true restored=true
Q792_JOINT_CODEC held_predicates=16 all_existing_dirty=true restored=true
Q792_JOINT_CODEC held_predicates=16 all_existing_dirty=true restored=true
RANK4_LOWER class=3 original_ops=45529 new_ops=39589 symbolic_rank_gates=608 paired_macros=648 conditional_clean=true
FOLD20_T10_RANK4 j=1 last=false low=true old_ops=45529 ops=39589
RANK4_LOWER class=3 original_ops=45685 new_ops=39585 symbolic_rank_gates=608 paired_macros=648 conditional_clean=true
FOLD20_T10_RANK4 j=3 last=false low=true old_ops=45685 ops=39585
FOLD20_PASSIVE_LOWER old=544 new=872 macros=6 gathers=0
FOLD20_PASSIVE_LOWER old=260 new=664 macros=6 gathers=0
FOLD20_PASSIVE_LOWER old=688 new=1138 macros=8 gathers=0
FOLD20_PASSIVE_LOWER old=260 new=664 macros=6 gathers=0
RANK4_LOWER class=3 original_ops=67979 new_ops=59017 symbolic_rank_gates=800 paired_macros=858 conditional_clean=true
FOLD20_T10_RANK4 j=2 last=false low=true old_ops=67979 ops=59017
FOLD20_PASSIVE_LOWER old=326 new=3110 macros=9 gathers=0
RANK4_LOWER class=3 original_ops=68149 new_ops=59017 symbolic_rank_gates=800 paired_macros=858 conditional_clean=true
FOLD20_T10_RANK4 j=0 last=false low=true old_ops=68149 ops=59017
FOLD20_PASSIVE_LOWER old=1082 new=6864 macros=22 gathers=0
FOLD20_PASSIVE_LOWER old=544 new=872 macros=6 gathers=0
FOLD20_PASSIVE_LOWER old=260 new=664 macros=6 gathers=0
FOLD20_PASSIVE_LOWER old=544 new=872 macros=6 gathers=0
FOLD20_PASSIVE_LOWER old=0 new=0 macros=0 gathers=0
FOLD20_PASSIVE_LOWER old=260 new=664 macros=6 gathers=0
FOLD20_PASSIVE_LOWER old=0 new=0 macros=0 gathers=0
RANK4_LOWER class=4 original_ops=6287 new_ops=4975 symbolic_rank_gates=48 paired_macros=62 conditional_clean=true
FOLD20_T10_RANK4 j=3 last=true low=true old_ops=6287 ops=4975
RANK4_LOWER class=4 original_ops=8097 new_ops=6093 symbolic_rank_gates=72 paired_macros=134 conditional_clean=true
FOLD20_T10_RANK4 j=0 last=true low=true old_ops=8097 ops=6093
Q792_JOINT_CODEC held_predicates=7 all_existing_dirty=true restored=true
RANK4_LOWER class=4 original_ops=8683 new_ops=6519 symbolic_rank_gates=72 paired_macros=134 conditional_clean=true
FOLD20_T10_RANK4 j=1 last=true low=true old_ops=8683 ops=6519
RANK4_LOWER class=4 original_ops=9513 new_ops=7095 symbolic_rank_gates=72 paired_macros=134 conditional_clean=true
FOLD20_T10_RANK4 j=2 last=true low=true old_ops=9513 ops=7095
Q792_JOINT_CODEC held_predicates=7 all_existing_dirty=true restored=true
Q792_JOINT_CODEC held_predicates=7 all_existing_dirty=true restored=true
Q792_JOINT_CODEC held_predicates=16 all_existing_dirty=true restored=true
Q792_JOINT_CODEC held_predicates=16 all_existing_dirty=true restored=true
Q792_JOINT_CODEC held_predicates=7 all_existing_dirty=true restored=true
Q792_JOINT_CODEC held_predicates=16 all_existing_dirty=true restored=true
Q792_JOINT_CODEC held_predicates=16 all_existing_dirty=true restored=true
RANK4_LOWER class=3 original_ops=45937 new_ops=39813 symbolic_rank_gates=608 paired_macros=648 conditional_clean=true
FOLD20_T10_RANK4 j=3 last=false low=true old_ops=45937 ops=39813
RANK4_LOWER class=3 original_ops=45781 new_ops=39817 symbolic_rank_gates=608 paired_macros=648 conditional_clean=true
FOLD20_T10_RANK4 j=1 last=false low=true old_ops=45781 ops=39817
FOLD20_PASSIVE_LOWER old=688 new=1138 macros=8 gathers=0
FOLD20_PASSIVE_LOWER old=260 new=664 macros=6 gathers=0
RANK4_LOWER class=3 original_ops=68231 new_ops=59245 symbolic_rank_gates=800 paired_macros=858 conditional_clean=true
FOLD20_T10_RANK4 j=2 last=false low=true old_ops=68231 ops=59245
FOLD20_PASSIVE_LOWER old=544 new=872 macros=6 gathers=0
RANK4_LOWER class=3 original_ops=68401 new_ops=59245 symbolic_rank_gates=800 paired_macros=858 conditional_clean=true
FOLD20_T10_RANK4 j=0 last=false low=true old_ops=68401 ops=59245
FOLD20_PASSIVE_LOWER old=260 new=664 macros=6 gathers=0
FOLD20_PASSIVE_LOWER old=1082 new=6864 macros=22 gathers=0
FOLD20_PASSIVE_LOWER old=544 new=872 macros=6 gathers=0
FOLD20_PASSIVE_LOWER old=326 new=3110 macros=9 gathers=0
FOLD20_PASSIVE_LOWER old=260 new=664 macros=6 gathers=0
FOLD20_PASSIVE_LOWER old=544 new=872 macros=6 gathers=0
FOLD20_PASSIVE_LOWER old=260 new=664 macros=6 gathers=0
FOLD20_PASSIVE_LOWER old=0 new=0 macros=0 gathers=0
FOLD20_PASSIVE_LOWER old=0 new=0 macros=0 gathers=0
RANK4_LOWER class=4 original_ops=6391 new_ops=5063 symbolic_rank_gates=48 paired_macros=62 conditional_clean=true
FOLD20_T10_RANK4 j=3 last=true low=true old_ops=6391 ops=5063
Q792_JOINT_CODEC held_predicates=7 all_existing_dirty=true restored=true
RANK4_LOWER class=4 original_ops=8787 new_ops=6607 symbolic_rank_gates=72 paired_macros=134 conditional_clean=true
FOLD20_T10_RANK4 j=1 last=true low=true old_ops=8787 ops=6607
Q792_JOINT_CODEC held_predicates=7 all_existing_dirty=true restored=true
Q792_JOINT_CODEC held_predicates=7 all_existing_dirty=true restored=true
RANK4_LOWER class=4 original_ops=9617 new_ops=7183 symbolic_rank_gates=72 paired_macros=134 conditional_clean=true
FOLD20_T10_RANK4 j=2 last=true low=true old_ops=9617 ops=7183
RANK4_LOWER class=4 original_ops=8201 new_ops=6181 symbolic_rank_gates=72 paired_macros=134 conditional_clean=true
FOLD20_T10_RANK4 j=0 last=true low=true old_ops=8201 ops=6181
Q792_JOINT_CODEC held_predicates=7 all_existing_dirty=true restored=true
Q792_JOINT_CODEC held_predicates=16 all_existing_dirty=true restored=true
Q792_JOINT_CODEC held_predicates=16 all_existing_dirty=true restored=true
Q792_JOINT_CODEC held_predicates=16 all_existing_dirty=true restored=true
Q792_JOINT_CODEC held_predicates=16 all_existing_dirty=true restored=true
RANK4_LOWER class=3 original_ops=46197 new_ops=40025 symbolic_rank_gates=608 paired_macros=648 conditional_clean=true
FOLD20_T10_RANK4 j=3 last=false low=true old_ops=46197 ops=40025
RANK4_LOWER class=3 original_ops=46041 new_ops=40029 symbolic_rank_gates=608 paired_macros=648 conditional_clean=true
FOLD20_T10_RANK4 j=1 last=false low=true old_ops=46041 ops=40029
FOLD20_PASSIVE_LOWER old=688 new=1138 macros=8 gathers=0
FOLD20_PASSIVE_LOWER old=260 new=664 macros=6 gathers=0
FOLD20_PASSIVE_LOWER old=544 new=872 macros=6 gathers=0
FOLD20_PASSIVE_LOWER old=260 new=664 macros=6 gathers=0
RANK4_LOWER class=3 original_ops=68491 new_ops=59457 symbolic_rank_gates=800 paired_macros=858 conditional_clean=true
FOLD20_T10_RANK4 j=2 last=false low=true old_ops=68491 ops=59457
RANK4_LOWER class=3 original_ops=68661 new_ops=59457 symbolic_rank_gates=800 paired_macros=858 conditional_clean=true
FOLD20_T10_RANK4 j=0 last=false low=true old_ops=68661 ops=59457
FOLD20_PASSIVE_LOWER old=326 new=3110 macros=9 gathers=0
FOLD20_PASSIVE_LOWER old=1082 new=6864 macros=22 gathers=0
FOLD20_PASSIVE_LOWER old=544 new=872 macros=6 gathers=0
FOLD20_PASSIVE_LOWER old=544 new=872 macros=6 gathers=0
FOLD20_PASSIVE_LOWER old=260 new=664 macros=6 gathers=0
FOLD20_PASSIVE_LOWER old=260 new=664 macros=6 gathers=0
FOLD20_PASSIVE_LOWER old=0 new=0 macros=0 gathers=0
FOLD20_PASSIVE_LOWER old=0 new=0 macros=0 gathers=0
RANK4_LOWER class=4 original_ops=6501 new_ops=5157 symbolic_rank_gates=48 paired_macros=62 conditional_clean=true
FOLD20_T10_RANK4 j=3 last=true low=true old_ops=6501 ops=5157
RANK4_LOWER class=4 original_ops=8311 new_ops=6275 symbolic_rank_gates=72 paired_macros=134 conditional_clean=true
FOLD20_T10_RANK4 j=0 last=true low=true old_ops=8311 ops=6275
Q792_JOINT_CODEC held_predicates=7 all_existing_dirty=true restored=true
RANK4_LOWER class=4 original_ops=8897 new_ops=6701 symbolic_rank_gates=72 paired_macros=134 conditional_clean=true
FOLD20_T10_RANK4 j=1 last=true low=true old_ops=8897 ops=6701
RANK4_LOWER class=4 original_ops=9727 new_ops=7277 symbolic_rank_gates=72 paired_macros=134 conditional_clean=true
FOLD20_T10_RANK4 j=2 last=true low=true old_ops=9727 ops=7277
Q792_JOINT_CODEC held_predicates=7 all_existing_dirty=true restored=true
Q792_JOINT_CODEC held_predicates=7 all_existing_dirty=true restored=true
Q792_JOINT_CODEC held_predicates=16 all_existing_dirty=true restored=true
Q792_JOINT_CODEC held_predicates=16 all_existing_dirty=true restored=true
Q792_JOINT_CODEC held_predicates=7 all_existing_dirty=true restored=true
Q792_JOINT_CODEC held_predicates=16 all_existing_dirty=true restored=true
Q792_JOINT_CODEC held_predicates=16 all_existing_dirty=true restored=true
RANK4_LOWER class=3 original_ops=46297 new_ops=40245 symbolic_rank_gates=608 paired_macros=648 conditional_clean=true
FOLD20_T10_RANK4 j=1 last=false low=true old_ops=46297 ops=40245
RANK4_LOWER class=3 original_ops=46453 new_ops=40241 symbolic_rank_gates=608 paired_macros=648 conditional_clean=true
FOLD20_T10_RANK4 j=3 last=false low=true old_ops=46453 ops=40241
FOLD20_PASSIVE_LOWER old=544 new=872 macros=6 gathers=0
FOLD20_PASSIVE_LOWER old=260 new=664 macros=6 gathers=0
FOLD20_PASSIVE_LOWER old=688 new=1138 macros=8 gathers=0
FOLD20_PASSIVE_LOWER old=260 new=664 macros=6 gathers=0
FOLD20_PASSIVE_LOWER old=326 new=3110 macros=9 gathers=0
FOLD20_PASSIVE_LOWER old=1082 new=6864 macros=22 gathers=0
RANK4_LOWER class=3 original_ops=68747 new_ops=59673 symbolic_rank_gates=800 paired_macros=858 conditional_clean=true
FOLD20_T10_RANK4 j=2 last=false low=true old_ops=68747 ops=59673
RANK4_LOWER class=3 original_ops=68917 new_ops=59673 symbolic_rank_gates=800 paired_macros=858 conditional_clean=true
FOLD20_T10_RANK4 j=0 last=false low=true old_ops=68917 ops=59673
FOLD20_PASSIVE_LOWER old=544 new=872 macros=6 gathers=0
FOLD20_PASSIVE_LOWER old=260 new=664 macros=6 gathers=0
FOLD20_PASSIVE_LOWER old=544 new=872 macros=6 gathers=0
FOLD20_PASSIVE_LOWER old=0 new=0 macros=0 gathers=0
FOLD20_PASSIVE_LOWER old=260 new=664 macros=6 gathers=0
FOLD20_PASSIVE_LOWER old=0 new=0 macros=0 gathers=0
RANK4_LOWER class=4 original_ops=6605 new_ops=5245 symbolic_rank_gates=48 paired_macros=62 conditional_clean=true
FOLD20_T10_RANK4 j=3 last=true low=true old_ops=6605 ops=5245
RANK4_LOWER class=4 original_ops=8415 new_ops=6363 symbolic_rank_gates=72 paired_macros=134 conditional_clean=true
FOLD20_T10_RANK4 j=0 last=true low=true old_ops=8415 ops=6363
Q792_JOINT_CODEC held_predicates=7 all_existing_dirty=true restored=true
RANK4_LOWER class=4 original_ops=9001 new_ops=6789 symbolic_rank_gates=72 paired_macros=134 conditional_clean=true
FOLD20_T10_RANK4 j=1 last=true low=true old_ops=9001 ops=6789
RANK4_LOWER class=4 original_ops=9831 new_ops=7365 symbolic_rank_gates=72 paired_macros=134 conditional_clean=true
FOLD20_T10_RANK4 j=2 last=true low=true old_ops=9831 ops=7365
Q792_JOINT_CODEC held_predicates=7 all_existing_dirty=true restored=true
Q792_JOINT_CODEC held_predicates=7 all_existing_dirty=true restored=true
Q792_JOINT_CODEC held_predicates=16 all_existing_dirty=true restored=true
Q792_JOINT_CODEC held_predicates=7 all_existing_dirty=true restored=true
Q792_JOINT_CODEC held_predicates=16 all_existing_dirty=true restored=true
Q792_JOINT_CODEC held_predicates=16 all_existing_dirty=true restored=true
Q792_JOINT_CODEC held_predicates=16 all_existing_dirty=true restored=true
RANK4_LOWER class=3 original_ops=46705 new_ops=40453 symbolic_rank_gates=608 paired_macros=648 conditional_clean=true
FOLD20_T10_RANK4 j=3 last=false low=true old_ops=46705 ops=40453
RANK4_LOWER class=3 original_ops=46549 new_ops=40457 symbolic_rank_gates=608 paired_macros=648 conditional_clean=true
FOLD20_T10_RANK4 j=1 last=false low=true old_ops=46549 ops=40457
FOLD20_PASSIVE_LOWER old=688 new=1138 macros=8 gathers=0
RANK4_LOWER class=3 original_ops=69169 new_ops=59885 symbolic_rank_gates=800 paired_macros=858 conditional_clean=true
FOLD20_PASSIVE_LOWER old=544 new=872 macros=6 gathers=0
FOLD20_T10_RANK4 j=0 last=false low=true old_ops=69169 ops=59885
FOLD20_PASSIVE_LOWER old=260 new=664 macros=6 gathers=0
FOLD20_PASSIVE_LOWER old=260 new=664 macros=6 gathers=0
RANK4_LOWER class=3 original_ops=68999 new_ops=59885 symbolic_rank_gates=800 paired_macros=858 conditional_clean=true
FOLD20_T10_RANK4 j=2 last=false low=true old_ops=68999 ops=59885
FOLD20_PASSIVE_LOWER old=326 new=3110 macros=9 gathers=0
FOLD20_PASSIVE_LOWER old=544 new=872 macros=6 gathers=0
FOLD20_PASSIVE_LOWER old=1082 new=6864 macros=22 gathers=0
FOLD20_PASSIVE_LOWER old=260 new=664 macros=6 gathers=0
FOLD20_PASSIVE_LOWER old=544 new=872 macros=6 gathers=0
FOLD20_PASSIVE_LOWER old=0 new=0 macros=0 gathers=0
FOLD20_PASSIVE_LOWER old=260 new=664 macros=6 gathers=0
FOLD20_PASSIVE_LOWER old=0 new=0 macros=0 gathers=0
RANK4_LOWER class=4 original_ops=6739 new_ops=5351 symbolic_rank_gates=48 paired_macros=62 conditional_clean=true
FOLD20_T10_RANK4 j=3 last=true low=true old_ops=6739 ops=5351
Q792_JOINT_CODEC held_predicates=7 all_existing_dirty=true restored=true
RANK4_LOWER class=4 original_ops=8549 new_ops=6469 symbolic_rank_gates=72 paired_macros=134 conditional_clean=true
FOLD20_T10_RANK4 j=0 last=true low=true old_ops=8549 ops=6469
RANK4_LOWER class=4 original_ops=9135 new_ops=6895 symbolic_rank_gates=72 paired_macros=134 conditional_clean=true
FOLD20_T10_RANK4 j=1 last=true low=true old_ops=9135 ops=6895
RANK4_LOWER class=4 original_ops=9965 new_ops=7471 symbolic_rank_gates=72 paired_macros=134 conditional_clean=true
FOLD20_T10_RANK4 j=2 last=true low=true old_ops=9965 ops=7471
Q792_JOINT_CODEC held_predicates=7 all_existing_dirty=true restored=true
Q792_JOINT_CODEC held_predicates=16 all_existing_dirty=true restored=true
Q792_JOINT_CODEC held_predicates=7 all_existing_dirty=true restored=true
Q792_JOINT_CODEC held_predicates=16 all_existing_dirty=true restored=true
Q792_JOINT_CODEC held_predicates=7 all_existing_dirty=true restored=true
Q792_JOINT_CODEC held_predicates=16 all_existing_dirty=true restored=true
Q792_JOINT_CODEC held_predicates=16 all_existing_dirty=true restored=true
RANK4_LOWER class=3 original_ops=46957 new_ops=40673 symbolic_rank_gates=608 paired_macros=648 conditional_clean=true
FOLD20_T10_RANK4 j=3 last=false low=true old_ops=46957 ops=40673
RANK4_LOWER class=3 original_ops=46801 new_ops=40677 symbolic_rank_gates=608 paired_macros=648 conditional_clean=true
FOLD20_T10_RANK4 j=1 last=false low=true old_ops=46801 ops=40677
FOLD20_PASSIVE_LOWER old=688 new=1138 macros=8 gathers=0
FOLD20_PASSIVE_LOWER old=544 new=872 macros=6 gathers=0
FOLD20_PASSIVE_LOWER old=260 new=664 macros=6 gathers=0
FOLD20_PASSIVE_LOWER old=260 new=664 macros=6 gathers=0
FOLD20_PASSIVE_LOWER old=326 new=3110 macros=9 gathers=0
RANK4_LOWER class=3 original_ops=69251 new_ops=60105 symbolic_rank_gates=800 paired_macros=858 conditional_clean=true
FOLD20_T10_RANK4 j=2 last=false low=true old_ops=69251 ops=60105
RANK4_LOWER class=3 original_ops=69421 new_ops=60105 symbolic_rank_gates=800 paired_macros=858 conditional_clean=true
FOLD20_T10_RANK4 j=0 last=false low=true old_ops=69421 ops=60105
FOLD20_PASSIVE_LOWER old=1082 new=6864 macros=22 gathers=0
FOLD20_PASSIVE_LOWER old=544 new=872 macros=6 gathers=0
FOLD20_PASSIVE_LOWER old=544 new=872 macros=6 gathers=0
FOLD20_PASSIVE_LOWER old=260 new=664 macros=6 gathers=0
FOLD20_PASSIVE_LOWER old=260 new=664 macros=6 gathers=0
FOLD20_PASSIVE_LOWER old=0 new=0 macros=0 gathers=0
FOLD20_PASSIVE_LOWER old=0 new=0 macros=0 gathers=0
RANK4_LOWER class=4 original_ops=6843 new_ops=5439 symbolic_rank_gates=48 paired_macros=62 conditional_clean=true
FOLD20_T10_RANK4 j=3 last=true low=true old_ops=6843 ops=5439
Q792_JOINT_CODEC held_predicates=7 all_existing_dirty=true restored=true
RANK4_LOWER class=4 original_ops=8653 new_ops=6557 symbolic_rank_gates=72 paired_macros=134 conditional_clean=true
FOLD20_T10_RANK4 j=0 last=true low=true old_ops=8653 ops=6557
RANK4_LOWER class=4 original_ops=9239 new_ops=6983 symbolic_rank_gates=72 paired_macros=134 conditional_clean=true
FOLD20_T10_RANK4 j=1 last=true low=true old_ops=9239 ops=6983
RANK4_LOWER class=4 original_ops=10069 new_ops=7559 symbolic_rank_gates=72 paired_macros=134 conditional_clean=true
FOLD20_T10_RANK4 j=2 last=true low=true old_ops=10069 ops=7559
Q792_JOINT_CODEC held_predicates=7 all_existing_dirty=true restored=true
Q792_JOINT_CODEC held_predicates=7 all_existing_dirty=true restored=true
Q792_JOINT_CODEC held_predicates=16 all_existing_dirty=true restored=true
Q792_JOINT_CODEC held_predicates=7 all_existing_dirty=true restored=true
Q792_JOINT_CODEC held_predicates=16 all_existing_dirty=true restored=true
Q792_JOINT_CODEC held_predicates=16 all_existing_dirty=true restored=true
Q792_JOINT_CODEC held_predicates=16 all_existing_dirty=true restored=true
RANK4_LOWER class=3 original_ops=47209 new_ops=40885 symbolic_rank_gates=608 paired_macros=648 conditional_clean=true
FOLD20_T10_RANK4 j=3 last=false low=true old_ops=47209 ops=40885
RANK4_LOWER class=3 original_ops=47053 new_ops=40889 symbolic_rank_gates=608 paired_macros=648 conditional_clean=true
FOLD20_T10_RANK4 j=1 last=false low=true old_ops=47053 ops=40889
FOLD20_PASSIVE_LOWER old=688 new=1138 macros=8 gathers=0
FOLD20_PASSIVE_LOWER old=544 new=872 macros=6 gathers=0
FOLD20_PASSIVE_LOWER old=260 new=664 macros=6 gathers=0
FOLD20_PASSIVE_LOWER old=260 new=664 macros=6 gathers=0
RANK4_LOWER class=3 original_ops=69673 new_ops=60317 symbolic_rank_gates=800 paired_macros=858 conditional_clean=true
FOLD20_T10_RANK4 j=0 last=false low=true old_ops=69673 ops=60317
FOLD20_PASSIVE_LOWER old=326 new=3110 macros=9 gathers=0
RANK4_LOWER class=3 original_ops=69503 new_ops=60317 symbolic_rank_gates=800 paired_macros=858 conditional_clean=true
FOLD20_T10_RANK4 j=2 last=false low=true old_ops=69503 ops=60317
FOLD20_PASSIVE_LOWER old=1082 new=6864 macros=22 gathers=0
FOLD20_PASSIVE_LOWER old=544 new=872 macros=6 gathers=0
FOLD20_PASSIVE_LOWER old=544 new=872 macros=6 gathers=0
FOLD20_PASSIVE_LOWER old=260 new=664 macros=6 gathers=0
FOLD20_PASSIVE_LOWER old=260 new=664 macros=6 gathers=0
FOLD20_PASSIVE_LOWER old=0 new=0 macros=0 gathers=0
FOLD20_PASSIVE_LOWER old=0 new=0 macros=0 gathers=0
RANK4_LOWER class=4 original_ops=6953 new_ops=5533 symbolic_rank_gates=48 paired_macros=62 conditional_clean=true
FOLD20_T10_RANK4 j=3 last=true low=true old_ops=6953 ops=5533
Q792_JOINT_CODEC held_predicates=7 all_existing_dirty=true restored=true
RANK4_LOWER class=4 original_ops=8763 new_ops=6651 symbolic_rank_gates=72 paired_macros=134 conditional_clean=true
FOLD20_T10_RANK4 j=0 last=true low=true old_ops=8763 ops=6651
RANK4_LOWER class=4 original_ops=9349 new_ops=7077 symbolic_rank_gates=72 paired_macros=134 conditional_clean=true
FOLD20_T10_RANK4 j=1 last=true low=true old_ops=9349 ops=7077
RANK4_LOWER class=4 original_ops=10179 new_ops=7653 symbolic_rank_gates=72 paired_macros=134 conditional_clean=true
FOLD20_T10_RANK4 j=2 last=true low=true old_ops=10179 ops=7653
Q792_JOINT_CODEC held_predicates=7 all_existing_dirty=true restored=true
Q792_JOINT_CODEC held_predicates=16 all_existing_dirty=true restored=true
Q792_JOINT_CODEC held_predicates=7 all_existing_dirty=true restored=true
Q792_JOINT_CODEC held_predicates=16 all_existing_dirty=true restored=true
Q792_JOINT_CODEC held_predicates=7 all_existing_dirty=true restored=true
Q792_JOINT_CODEC held_predicates=16 all_existing_dirty=true restored=true
Q792_JOINT_CODEC held_predicates=16 all_existing_dirty=true restored=true
RANK4_LOWER class=3 original_ops=47457 new_ops=41103 symbolic_rank_gates=608 paired_macros=648 conditional_clean=true
FOLD20_T10_RANK4 j=3 last=false low=true old_ops=47457 ops=41103
RANK4_LOWER class=3 original_ops=47301 new_ops=41107 symbolic_rank_gates=608 paired_macros=648 conditional_clean=true
FOLD20_T10_RANK4 j=1 last=false low=true old_ops=47301 ops=41107
FOLD20_PASSIVE_LOWER old=544 new=872 macros=6 gathers=0
FOLD20_PASSIVE_LOWER old=260 new=664 macros=6 gathers=0
RANK4_LOWER class=3 original_ops=69921 new_ops=60535 symbolic_rank_gates=800 paired_macros=858 conditional_clean=true
FOLD20_T10_RANK4 j=0 last=false low=true old_ops=69921 ops=60535
FOLD20_PASSIVE_LOWER old=688 new=1138 macros=8 gathers=0
RANK4_LOWER class=3 original_ops=69751 new_ops=60535 symbolic_rank_gates=800 paired_macros=858 conditional_clean=true
FOLD20_T10_RANK4 j=2 last=false low=true old_ops=69751 ops=60535
FOLD20_PASSIVE_LOWER old=326 new=3110 macros=9 gathers=0
FOLD20_PASSIVE_LOWER old=260 new=664 macros=6 gathers=0
FOLD20_PASSIVE_LOWER old=544 new=872 macros=6 gathers=0
FOLD20_PASSIVE_LOWER old=544 new=872 macros=6 gathers=0
FOLD20_PASSIVE_LOWER old=1082 new=6864 macros=22 gathers=0
FOLD20_PASSIVE_LOWER old=260 new=664 macros=6 gathers=0
FOLD20_PASSIVE_LOWER old=260 new=664 macros=6 gathers=0
FOLD20_PASSIVE_LOWER old=0 new=0 macros=0 gathers=0
FOLD20_PASSIVE_LOWER old=0 new=0 macros=0 gathers=0
RANK4_LOWER class=4 original_ops=7057 new_ops=5621 symbolic_rank_gates=48 paired_macros=62 conditional_clean=true
FOLD20_T10_RANK4 j=3 last=true low=true old_ops=7057 ops=5621
RANK4_LOWER class=4 original_ops=9453 new_ops=7165 symbolic_rank_gates=72 paired_macros=134 conditional_clean=true
FOLD20_T10_RANK4 j=1 last=true low=true old_ops=9453 ops=7165
RANK4_LOWER class=4 original_ops=8867 new_ops=6739 symbolic_rank_gates=72 paired_macros=134 conditional_clean=true
FOLD20_T10_RANK4 j=0 last=true low=true old_ops=8867 ops=6739
Q792_JOINT_CODEC held_predicates=7 all_existing_dirty=true restored=true
RANK4_LOWER class=4 original_ops=10283 new_ops=7741 symbolic_rank_gates=72 paired_macros=134 conditional_clean=true
FOLD20_T10_RANK4 j=2 last=true low=true old_ops=10283 ops=7741
Q792_JOINT_CODEC held_predicates=7 all_existing_dirty=true restored=true
Q792_JOINT_CODEC held_predicates=7 all_existing_dirty=true restored=true
Q792_JOINT_CODEC held_predicates=7 all_existing_dirty=true restored=true
Q792_JOINT_CODEC held_predicates=16 all_existing_dirty=true restored=true
Q792_JOINT_CODEC held_predicates=16 all_existing_dirty=true restored=true
Q792_JOINT_CODEC held_predicates=16 all_existing_dirty=true restored=true
Q792_JOINT_CODEC held_predicates=16 all_existing_dirty=true restored=true
RANK4_LOWER class=3 original_ops=47701 new_ops=41315 symbolic_rank_gates=608 paired_macros=648 conditional_clean=true
FOLD20_T10_RANK4 j=3 last=false low=true old_ops=47701 ops=41315
RANK4_LOWER class=3 original_ops=47545 new_ops=41319 symbolic_rank_gates=608 paired_macros=648 conditional_clean=true
FOLD20_T10_RANK4 j=1 last=false low=true old_ops=47545 ops=41319
FOLD20_PASSIVE_LOWER old=544 new=872 macros=6 gathers=0
FOLD20_PASSIVE_LOWER old=688 new=1138 macros=8 gathers=0
FOLD20_PASSIVE_LOWER old=260 new=664 macros=6 gathers=0
RANK4_LOWER class=3 original_ops=69995 new_ops=60747 symbolic_rank_gates=800 paired_macros=858 conditional_clean=true
FOLD20_T10_RANK4 j=2 last=false low=true old_ops=69995 ops=60747
FOLD20_PASSIVE_LOWER old=260 new=664 macros=6 gathers=0
FOLD20_PASSIVE_LOWER old=326 new=3110 macros=9 gathers=0
FOLD20_PASSIVE_LOWER old=544 new=872 macros=6 gathers=0
FOLD20_PASSIVE_LOWER old=260 new=664 macros=6 gathers=0
FOLD20_PASSIVE_LOWER old=1082 new=6864 macros=22 gathers=0
RANK4_LOWER class=3 original_ops=70165 new_ops=60747 symbolic_rank_gates=800 paired_macros=858 conditional_clean=true
FOLD20_T10_RANK4 j=0 last=false low=true old_ops=70165 ops=60747
FOLD20_PASSIVE_LOWER old=0 new=0 macros=0 gathers=0
FOLD20_PASSIVE_LOWER old=544 new=872 macros=6 gathers=0
FOLD20_PASSIVE_LOWER old=260 new=664 macros=6 gathers=0
FOLD20_PASSIVE_LOWER old=0 new=0 macros=0 gathers=0
RANK4_LOWER class=4 original_ops=7191 new_ops=5731 symbolic_rank_gates=48 paired_macros=62 conditional_clean=true
FOLD20_T10_RANK4 j=3 last=true low=true old_ops=7191 ops=5731
Q792_JOINT_CODEC held_predicates=7 all_existing_dirty=true restored=true
RANK4_LOWER class=4 original_ops=9001 new_ops=6849 symbolic_rank_gates=72 paired_macros=134 conditional_clean=true
FOLD20_T10_RANK4 j=0 last=true low=true old_ops=9001 ops=6849
RANK4_LOWER class=4 original_ops=9587 new_ops=7275 symbolic_rank_gates=72 paired_macros=134 conditional_clean=true
RANK4_LOWER class=4 original_ops=10417 new_ops=7851 symbolic_rank_gates=72 paired_macros=134 conditional_clean=true
FOLD20_T10_RANK4 j=1 last=true low=true old_ops=9587 ops=7275
FOLD20_T10_RANK4 j=2 last=true low=true old_ops=10417 ops=7851
Q792_JOINT_CODEC held_predicates=7 all_existing_dirty=true restored=true
Q792_JOINT_CODEC held_predicates=16 all_existing_dirty=true restored=true
Q792_JOINT_CODEC held_predicates=7 all_existing_dirty=true restored=true
Q792_JOINT_CODEC held_predicates=16 all_existing_dirty=true restored=true
Q792_JOINT_CODEC held_predicates=7 all_existing_dirty=true restored=true
Q792_JOINT_CODEC held_predicates=16 all_existing_dirty=true restored=true
Q792_JOINT_CODEC held_predicates=16 all_existing_dirty=true restored=true
RANK4_LOWER class=3 original_ops=47949 new_ops=41539 symbolic_rank_gates=608 paired_macros=648 conditional_clean=true
FOLD20_T10_RANK4 j=3 last=false low=true old_ops=47949 ops=41539
RANK4_LOWER class=3 original_ops=47793 new_ops=41543 symbolic_rank_gates=608 paired_macros=648 conditional_clean=true
FOLD20_T10_RANK4 j=1 last=false low=true old_ops=47793 ops=41543
FOLD20_PASSIVE_LOWER old=688 new=1138 macros=8 gathers=0
FOLD20_PASSIVE_LOWER old=260 new=664 macros=6 gathers=0
RANK4_LOWER class=3 original_ops=70243 new_ops=60971 symbolic_rank_gates=800 paired_macros=858 conditional_clean=true
FOLD20_T10_RANK4 j=2 last=false low=true old_ops=70243 ops=60971
FOLD20_PASSIVE_LOWER old=544 new=872 macros=6 gathers=0
RANK4_LOWER class=3 original_ops=70413 new_ops=60971 symbolic_rank_gates=800 paired_macros=858 conditional_clean=true
FOLD20_T10_RANK4 j=0 last=false low=true old_ops=70413 ops=60971
FOLD20_PASSIVE_LOWER old=260 new=664 macros=6 gathers=0
FOLD20_PASSIVE_LOWER old=1082 new=6864 macros=22 gathers=0
FOLD20_PASSIVE_LOWER old=544 new=872 macros=6 gathers=0
FOLD20_PASSIVE_LOWER old=326 new=3110 macros=9 gathers=0
FOLD20_PASSIVE_LOWER old=260 new=664 macros=6 gathers=0
FOLD20_PASSIVE_LOWER old=544 new=872 macros=6 gathers=0
FOLD20_PASSIVE_LOWER old=260 new=664 macros=6 gathers=0
FOLD20_PASSIVE_LOWER old=0 new=0 macros=0 gathers=0
FOLD20_PASSIVE_LOWER old=0 new=0 macros=0 gathers=0
RANK4_LOWER class=4 original_ops=7295 new_ops=5819 symbolic_rank_gates=48 paired_macros=62 conditional_clean=true
FOLD20_T10_RANK4 j=3 last=true low=true old_ops=7295 ops=5819
RANK4_LOWER class=4 original_ops=9105 new_ops=6937 symbolic_rank_gates=72 paired_macros=134 conditional_clean=true
FOLD20_T10_RANK4 j=0 last=true low=true old_ops=9105 ops=6937
Q792_JOINT_CODEC held_predicates=7 all_existing_dirty=true restored=true
RANK4_LOWER class=4 original_ops=9691 new_ops=7363 symbolic_rank_gates=72 paired_macros=134 conditional_clean=true
FOLD20_T10_RANK4 j=1 last=true low=true old_ops=9691 ops=7363
RANK4_LOWER class=4 original_ops=10521 new_ops=7939 symbolic_rank_gates=72 paired_macros=134 conditional_clean=true
FOLD20_T10_RANK4 j=2 last=true low=true old_ops=10521 ops=7939
Q792_JOINT_CODEC held_predicates=7 all_existing_dirty=true restored=true
Q792_JOINT_CODEC held_predicates=7 all_existing_dirty=true restored=true
Q792_JOINT_CODEC held_predicates=16 all_existing_dirty=true restored=true
Q792_JOINT_CODEC held_predicates=7 all_existing_dirty=true restored=true
Q792_JOINT_CODEC held_predicates=16 all_existing_dirty=true restored=true
Q792_JOINT_CODEC held_predicates=16 all_existing_dirty=true restored=true
Q792_JOINT_CODEC held_predicates=16 all_existing_dirty=true restored=true
RANK4_LOWER class=3 original_ops=48201 new_ops=41751 symbolic_rank_gates=608 paired_macros=648 conditional_clean=true
FOLD20_T10_RANK4 j=3 last=false low=true old_ops=48201 ops=41751
RANK4_LOWER class=3 original_ops=48045 new_ops=41755 symbolic_rank_gates=608 paired_macros=648 conditional_clean=true
FOLD20_T10_RANK4 j=1 last=false low=true old_ops=48045 ops=41755
FOLD20_PASSIVE_LOWER old=688 new=1138 macros=8 gathers=0
FOLD20_PASSIVE_LOWER old=544 new=872 macros=6 gathers=0
FOLD20_PASSIVE_LOWER old=260 new=664 macros=6 gathers=0
FOLD20_PASSIVE_LOWER old=260 new=664 macros=6 gathers=0
RANK4_LOWER class=3 original_ops=70665 new_ops=61183 symbolic_rank_gates=800 paired_macros=858 conditional_clean=true
FOLD20_PASSIVE_LOWER old=326 new=3110 macros=9 gathers=0
FOLD20_T10_RANK4 j=0 last=false low=true old_ops=70665 ops=61183
RANK4_LOWER class=3 original_ops=70495 new_ops=61183 symbolic_rank_gates=800 paired_macros=858 conditional_clean=true
FOLD20_T10_RANK4 j=2 last=false low=true old_ops=70495 ops=61183
FOLD20_PASSIVE_LOWER old=1082 new=6864 macros=22 gathers=0
FOLD20_PASSIVE_LOWER old=544 new=872 macros=6 gathers=0
FOLD20_PASSIVE_LOWER old=544 new=872 macros=6 gathers=0
FOLD20_PASSIVE_LOWER old=260 new=664 macros=6 gathers=0
FOLD20_PASSIVE_LOWER old=260 new=664 macros=6 gathers=0
FOLD20_PASSIVE_LOWER old=0 new=0 macros=0 gathers=0
FOLD20_PASSIVE_LOWER old=0 new=0 macros=0 gathers=0
RANK4_LOWER class=4 original_ops=7405 new_ops=5913 symbolic_rank_gates=48 paired_macros=62 conditional_clean=true
FOLD20_T10_RANK4 j=3 last=true low=true old_ops=7405 ops=5913
Q792_JOINT_CODEC held_predicates=7 all_existing_dirty=true restored=true
RANK4_LOWER class=4 original_ops=9801 new_ops=7457 symbolic_rank_gates=72 paired_macros=134 conditional_clean=true
FOLD20_T10_RANK4 j=1 last=true low=true old_ops=9801 ops=7457
RANK4_LOWER class=4 original_ops=9215 new_ops=7031 symbolic_rank_gates=72 paired_macros=134 conditional_clean=true
FOLD20_T10_RANK4 j=0 last=true low=true old_ops=9215 ops=7031
RANK4_LOWER class=4 original_ops=10631 new_ops=8033 symbolic_rank_gates=72 paired_macros=134 conditional_clean=true
FOLD20_T10_RANK4 j=2 last=true low=true old_ops=10631 ops=8033
Q792_JOINT_CODEC held_predicates=7 all_existing_dirty=true restored=true
Q792_JOINT_CODEC held_predicates=7 all_existing_dirty=true restored=true
Q792_JOINT_CODEC held_predicates=7 all_existing_dirty=true restored=true
Q792_JOINT_CODEC held_predicates=16 all_existing_dirty=true restored=true
Q792_JOINT_CODEC held_predicates=16 all_existing_dirty=true restored=true
Q792_JOINT_CODEC held_predicates=16 all_existing_dirty=true restored=true
Q792_JOINT_CODEC held_predicates=16 all_existing_dirty=true restored=true
RANK4_LOWER class=3 original_ops=48293 new_ops=41971 symbolic_rank_gates=608 paired_macros=648 conditional_clean=true
FOLD20_T10_RANK4 j=1 last=false low=true old_ops=48293 ops=41971
RANK4_LOWER class=3 original_ops=48449 new_ops=41967 symbolic_rank_gates=608 paired_macros=648 conditional_clean=true
FOLD20_T10_RANK4 j=3 last=false low=true old_ops=48449 ops=41967
FOLD20_PASSIVE_LOWER old=544 new=872 macros=6 gathers=0
FOLD20_PASSIVE_LOWER old=688 new=1138 macros=8 gathers=0
FOLD20_PASSIVE_LOWER old=260 new=664 macros=6 gathers=0
FOLD20_PASSIVE_LOWER old=260 new=664 macros=6 gathers=0
RANK4_LOWER class=3 original_ops=70743 new_ops=61399 symbolic_rank_gates=800 paired_macros=858 conditional_clean=true
FOLD20_T10_RANK4 j=2 last=false low=true old_ops=70743 ops=61399
FOLD20_PASSIVE_LOWER old=326 new=3110 macros=9 gathers=0
RANK4_LOWER class=3 original_ops=70913 new_ops=61399 symbolic_rank_gates=800 paired_macros=858 conditional_clean=true
FOLD20_T10_RANK4 j=0 last=false low=true old_ops=70913 ops=61399
FOLD20_PASSIVE_LOWER old=1082 new=6864 macros=22 gathers=0
FOLD20_PASSIVE_LOWER old=544 new=872 macros=6 gathers=0
FOLD20_PASSIVE_LOWER old=260 new=664 macros=6 gathers=0
FOLD20_PASSIVE_LOWER old=544 new=872 macros=6 gathers=0
FOLD20_PASSIVE_LOWER old=0 new=0 macros=0 gathers=0
FOLD20_PASSIVE_LOWER old=260 new=664 macros=6 gathers=0
FOLD20_PASSIVE_LOWER old=0 new=0 macros=0 gathers=0
RANK4_LOWER class=4 original_ops=7509 new_ops=6001 symbolic_rank_gates=48 paired_macros=62 conditional_clean=true
FOLD20_T10_RANK4 j=3 last=true low=true old_ops=7509 ops=6001
Q792_JOINT_CODEC held_predicates=7 all_existing_dirty=true restored=true
RANK4_LOWER class=4 original_ops=9319 new_ops=7119 symbolic_rank_gates=72 paired_macros=134 conditional_clean=true
FOLD20_T10_RANK4 j=0 last=true low=true old_ops=9319 ops=7119
RANK4_LOWER class=4 original_ops=9905 new_ops=7545 symbolic_rank_gates=72 paired_macros=134 conditional_clean=true
FOLD20_T10_RANK4 j=1 last=true low=true old_ops=9905 ops=7545
RANK4_LOWER class=4 original_ops=10735 new_ops=8121 symbolic_rank_gates=72 paired_macros=134 conditional_clean=true
FOLD20_T10_RANK4 j=2 last=true low=true old_ops=10735 ops=8121
Q792_JOINT_CODEC held_predicates=7 all_existing_dirty=true restored=true
Q792_JOINT_CODEC held_predicates=7 all_existing_dirty=true restored=true
Q792_JOINT_CODEC held_predicates=16 all_existing_dirty=true restored=true
Q792_JOINT_CODEC held_predicates=16 all_existing_dirty=true restored=true
Q792_JOINT_CODEC held_predicates=7 all_existing_dirty=true restored=true
Q792_JOINT_CODEC held_predicates=16 all_existing_dirty=true restored=true
Q792_JOINT_CODEC held_predicates=16 all_existing_dirty=true restored=true
RANK4_LOWER class=3 original_ops=48693 new_ops=42179 symbolic_rank_gates=608 paired_macros=648 conditional_clean=true
FOLD20_T10_RANK4 j=3 last=false low=true old_ops=48693 ops=42179
RANK4_LOWER class=3 original_ops=48537 new_ops=42183 symbolic_rank_gates=608 paired_macros=648 conditional_clean=true
FOLD20_T10_RANK4 j=1 last=false low=true old_ops=48537 ops=42183
FOLD20_PASSIVE_LOWER old=544 new=872 macros=6 gathers=0
FOLD20_PASSIVE_LOWER old=260 new=664 macros=6 gathers=0
RANK4_LOWER class=3 original_ops=70987 new_ops=61611 symbolic_rank_gates=800 paired_macros=858 conditional_clean=true
FOLD20_T10_RANK4 j=2 last=false low=true old_ops=70987 ops=61611
FOLD20_PASSIVE_LOWER old=688 new=1138 macros=8 gathers=0
FOLD20_PASSIVE_LOWER old=326 new=3110 macros=9 gathers=0
RANK4_LOWER class=3 original_ops=71157 new_ops=61611 symbolic_rank_gates=800 paired_macros=858 conditional_clean=true
FOLD20_T10_RANK4 j=0 last=false low=true old_ops=71157 ops=61611
FOLD20_PASSIVE_LOWER old=260 new=664 macros=6 gathers=0
FOLD20_PASSIVE_LOWER old=544 new=872 macros=6 gathers=0
FOLD20_PASSIVE_LOWER old=260 new=664 macros=6 gathers=0
FOLD20_PASSIVE_LOWER old=0 new=0 macros=0 gathers=0
FOLD20_PASSIVE_LOWER old=1082 new=6864 macros=22 gathers=0
FOLD20_PASSIVE_LOWER old=544 new=872 macros=6 gathers=0
FOLD20_PASSIVE_LOWER old=260 new=664 macros=6 gathers=0
FOLD20_PASSIVE_LOWER old=0 new=0 macros=0 gathers=0
RANK4_LOWER class=4 original_ops=7639 new_ops=6107 symbolic_rank_gates=48 paired_macros=62 conditional_clean=true
FOLD20_T10_RANK4 j=3 last=true low=true old_ops=7639 ops=6107
Q792_JOINT_CODEC held_predicates=7 all_existing_dirty=true restored=true
RANK4_LOWER class=4 original_ops=10035 new_ops=7651 symbolic_rank_gates=72 paired_macros=134 conditional_clean=true
FOLD20_T10_RANK4 j=1 last=true low=true old_ops=10035 ops=7651
RANK4_LOWER class=4 original_ops=9449 new_ops=7225 symbolic_rank_gates=72 paired_macros=134 conditional_clean=true
FOLD20_T10_RANK4 j=0 last=true low=true old_ops=9449 ops=7225
RANK4_LOWER class=4 original_ops=10865 new_ops=8227 symbolic_rank_gates=72 paired_macros=134 conditional_clean=true
FOLD20_T10_RANK4 j=2 last=true low=true old_ops=10865 ops=8227
Q792_JOINT_CODEC held_predicates=7 all_existing_dirty=true restored=true
Q792_JOINT_CODEC held_predicates=7 all_existing_dirty=true restored=true
Q792_JOINT_CODEC held_predicates=7 all_existing_dirty=true restored=true
Q792_JOINT_CODEC held_predicates=16 all_existing_dirty=true restored=true
Q792_JOINT_CODEC held_predicates=16 all_existing_dirty=true restored=true
Q792_JOINT_CODEC held_predicates=16 all_existing_dirty=true restored=true
Q792_JOINT_CODEC held_predicates=16 all_existing_dirty=true restored=true
RANK4_LOWER class=3 original_ops=48937 new_ops=42399 symbolic_rank_gates=608 paired_macros=648 conditional_clean=true
FOLD20_T10_RANK4 j=3 last=false low=true old_ops=48937 ops=42399
RANK4_LOWER class=3 original_ops=48781 new_ops=42403 symbolic_rank_gates=608 paired_macros=648 conditional_clean=true
FOLD20_T10_RANK4 j=1 last=false low=true old_ops=48781 ops=42403
FOLD20_PASSIVE_LOWER old=688 new=1138 macros=8 gathers=0
FOLD20_PASSIVE_LOWER old=544 new=872 macros=6 gathers=0
FOLD20_PASSIVE_LOWER old=260 new=664 macros=6 gathers=0
FOLD20_PASSIVE_LOWER old=260 new=664 macros=6 gathers=0
RANK4_LOWER class=3 original_ops=71231 new_ops=61831 symbolic_rank_gates=800 paired_macros=858 conditional_clean=true
FOLD20_T10_RANK4 j=2 last=false low=true old_ops=71231 ops=61831
FOLD20_PASSIVE_LOWER old=326 new=3110 macros=9 gathers=0
FOLD20_PASSIVE_LOWER old=544 new=872 macros=6 gathers=0
FOLD20_PASSIVE_LOWER old=1082 new=6864 macros=22 gathers=0
FOLD20_PASSIVE_LOWER old=260 new=664 macros=6 gathers=0
FOLD20_PASSIVE_LOWER old=0 new=0 macros=0 gathers=0
RANK4_LOWER class=3 original_ops=71401 new_ops=61831 symbolic_rank_gates=800 paired_macros=858 conditional_clean=true
FOLD20_T10_RANK4 j=0 last=false low=true old_ops=71401 ops=61831
FOLD20_PASSIVE_LOWER old=544 new=872 macros=6 gathers=0
FOLD20_PASSIVE_LOWER old=260 new=664 macros=6 gathers=0
FOLD20_PASSIVE_LOWER old=0 new=0 macros=0 gathers=0
RANK4_LOWER class=4 original_ops=7743 new_ops=6195 symbolic_rank_gates=48 paired_macros=62 conditional_clean=true
FOLD20_T10_RANK4 j=3 last=true low=true old_ops=7743 ops=6195
Q792_JOINT_CODEC held_predicates=7 all_existing_dirty=true restored=true
RANK4_LOWER class=4 original_ops=9553 new_ops=7313 symbolic_rank_gates=72 paired_macros=134 conditional_clean=true
FOLD20_T10_RANK4 j=0 last=true low=true old_ops=9553 ops=7313
RANK4_LOWER class=4 original_ops=10139 new_ops=7739 symbolic_rank_gates=72 paired_macros=134 conditional_clean=true
FOLD20_T10_RANK4 j=1 last=true low=true old_ops=10139 ops=7739
Q792_JOINT_CODEC held_predicates=7 all_existing_dirty=true restored=true
Q792_JOINT_CODEC held_predicates=7 all_existing_dirty=true restored=true
Q792_JOINT_CODEC held_predicates=16 all_existing_dirty=true restored=true
RANK4_LOWER class=4 original_ops=10969 new_ops=8315 symbolic_rank_gates=72 paired_macros=134 conditional_clean=true
FOLD20_T10_RANK4 j=2 last=true low=true old_ops=10969 ops=8315
Q792_JOINT_CODEC held_predicates=7 all_existing_dirty=true restored=true
Q792_JOINT_CODEC held_predicates=16 all_existing_dirty=true restored=true
Q792_JOINT_CODEC held_predicates=16 all_existing_dirty=true restored=true
Q792_JOINT_CODEC held_predicates=16 all_existing_dirty=true restored=true
RANK4_LOWER class=3 original_ops=49181 new_ops=42615 symbolic_rank_gates=608 paired_macros=648 conditional_clean=true
FOLD20_T10_RANK4 j=3 last=false low=true old_ops=49181 ops=42615
RANK4_LOWER class=3 original_ops=49025 new_ops=42619 symbolic_rank_gates=608 paired_macros=648 conditional_clean=true
FOLD20_T10_RANK4 j=1 last=false low=true old_ops=49025 ops=42619
FOLD20_PASSIVE_LOWER old=688 new=1138 macros=8 gathers=0
FOLD20_PASSIVE_LOWER old=260 new=664 macros=6 gathers=0
FOLD20_PASSIVE_LOWER old=544 new=872 macros=6 gathers=0
RANK4_LOWER class=3 original_ops=71645 new_ops=62047 symbolic_rank_gates=800 paired_macros=858 conditional_clean=true
FOLD20_T10_RANK4 j=0 last=false low=true old_ops=71645 ops=62047
FOLD20_PASSIVE_LOWER old=260 new=664 macros=6 gathers=0
RANK4_LOWER class=3 original_ops=71475 new_ops=62047 symbolic_rank_gates=800 paired_macros=858 conditional_clean=true
FOLD20_T10_RANK4 j=2 last=false low=true old_ops=71475 ops=62047
FOLD20_PASSIVE_LOWER old=326 new=3110 macros=9 gathers=0
FOLD20_PASSIVE_LOWER old=1082 new=6864 macros=22 gathers=0
FOLD20_PASSIVE_LOWER old=544 new=872 macros=6 gathers=0
FOLD20_PASSIVE_LOWER old=260 new=664 macros=6 gathers=0
FOLD20_PASSIVE_LOWER old=0 new=0 macros=0 gathers=0
FOLD20_PASSIVE_LOWER old=544 new=872 macros=6 gathers=0
FOLD20_PASSIVE_LOWER old=260 new=664 macros=6 gathers=0
FOLD20_PASSIVE_LOWER old=0 new=0 macros=0 gathers=0
RANK4_LOWER class=4 original_ops=7853 new_ops=6289 symbolic_rank_gates=48 paired_macros=62 conditional_clean=true
FOLD20_T10_RANK4 j=3 last=true low=true old_ops=7853 ops=6289
Q792_JOINT_CODEC held_predicates=7 all_existing_dirty=true restored=true
RANK4_LOWER class=4 original_ops=10249 new_ops=7833 symbolic_rank_gates=72 paired_macros=134 conditional_clean=true
FOLD20_T10_RANK4 j=1 last=true low=true old_ops=10249 ops=7833
RANK4_LOWER class=4 original_ops=9663 new_ops=7407 symbolic_rank_gates=72 paired_macros=134 conditional_clean=true
FOLD20_T10_RANK4 j=0 last=true low=true old_ops=9663 ops=7407
RANK4_LOWER class=4 original_ops=11079 new_ops=8409 symbolic_rank_gates=72 paired_macros=134 conditional_clean=true
FOLD20_T10_RANK4 j=2 last=true low=true old_ops=11079 ops=8409
Q792_JOINT_CODEC held_predicates=7 all_existing_dirty=true restored=true
Q792_JOINT_CODEC held_predicates=7 all_existing_dirty=true restored=true
Q792_JOINT_CODEC held_predicates=7 all_existing_dirty=true restored=true
Q792_JOINT_CODEC held_predicates=16 all_existing_dirty=true restored=true
Q792_JOINT_CODEC held_predicates=16 all_existing_dirty=true restored=true
Q792_JOINT_CODEC held_predicates=16 all_existing_dirty=true restored=true
Q792_JOINT_CODEC held_predicates=16 all_existing_dirty=true restored=true
RANK4_LOWER class=3 original_ops=49265 new_ops=42859 symbolic_rank_gates=608 paired_macros=648 conditional_clean=true
FOLD20_T10_RANK4 j=1 last=false low=true old_ops=49265 ops=42859
RANK4_LOWER class=3 original_ops=49421 new_ops=42855 symbolic_rank_gates=608 paired_macros=648 conditional_clean=true
FOLD20_T10_RANK4 j=3 last=false low=true old_ops=49421 ops=42855
FOLD20_PASSIVE_LOWER old=544 new=872 macros=6 gathers=0
FOLD20_PASSIVE_LOWER old=260 new=664 macros=6 gathers=0
FOLD20_PASSIVE_LOWER old=688 new=1138 macros=8 gathers=0
FOLD20_PASSIVE_LOWER old=326 new=3110 macros=9 gathers=0
FOLD20_PASSIVE_LOWER old=260 new=664 macros=6 gathers=0
RANK4_LOWER class=3 original_ops=71715 new_ops=62287 symbolic_rank_gates=800 paired_macros=858 conditional_clean=true
FOLD20_T10_RANK4 j=2 last=false low=true old_ops=71715 ops=62287
RANK4_LOWER class=3 original_ops=71885 new_ops=62287 symbolic_rank_gates=800 paired_macros=858 conditional_clean=true
FOLD20_T10_RANK4 j=0 last=false low=true old_ops=71885 ops=62287
FOLD20_PASSIVE_LOWER old=1082 new=6864 macros=22 gathers=0
FOLD20_PASSIVE_LOWER old=544 new=872 macros=6 gathers=0
FOLD20_PASSIVE_LOWER old=544 new=872 macros=6 gathers=0
FOLD20_PASSIVE_LOWER old=260 new=664 macros=6 gathers=0
FOLD20_PASSIVE_LOWER old=260 new=664 macros=6 gathers=0
FOLD20_PASSIVE_LOWER old=0 new=0 macros=0 gathers=0
FOLD20_PASSIVE_LOWER old=0 new=0 macros=0 gathers=0
RANK4_LOWER class=4 original_ops=8209 new_ops=6425 symbolic_rank_gates=84 paired_macros=92 conditional_clean=true
FOLD20_T10_RANK4 j=3 last=true low=true old_ops=8209 ops=6425
Q792_JOINT_CODEC held_predicates=7 all_existing_dirty=true restored=true
RANK4_LOWER class=4 original_ops=10019 new_ops=7543 symbolic_rank_gates=108 paired_macros=164 conditional_clean=true
FOLD20_T10_RANK4 j=0 last=true low=true old_ops=10019 ops=7543
Q792_JOINT_CODEC held_predicates=7 all_existing_dirty=true restored=true
RANK4_LOWER class=4 original_ops=11435 new_ops=8545 symbolic_rank_gates=108 paired_macros=164 conditional_clean=true
FOLD20_T10_RANK4 j=2 last=true low=true old_ops=11435 ops=8545
RANK4_LOWER class=4 original_ops=10605 new_ops=7969 symbolic_rank_gates=108 paired_macros=164 conditional_clean=true
FOLD20_T10_RANK4 j=1 last=true low=true old_ops=10605 ops=7969
Q792_JOINT_CODEC held_predicates=16 all_existing_dirty=true restored=true
Q792_JOINT_CODEC held_predicates=7 all_existing_dirty=true restored=true
Q792_JOINT_CODEC held_predicates=16 all_existing_dirty=true restored=true
Q792_JOINT_CODEC held_predicates=7 all_existing_dirty=true restored=true
Q792_JOINT_CODEC held_predicates=16 all_existing_dirty=true restored=true
Q792_JOINT_CODEC held_predicates=16 all_existing_dirty=true restored=true
RANK4_LOWER class=3 original_ops=50173 new_ops=43251 symbolic_rank_gates=704 paired_macros=728 conditional_clean=true
RANK4_LOWER class=3 original_ops=50329 new_ops=43247 symbolic_rank_gates=704 paired_macros=728 conditional_clean=true
FOLD20_T10_RANK4 j=3 last=false low=true old_ops=50329 ops=43247
FOLD20_T10_RANK4 j=1 last=false low=true old_ops=50173 ops=43251
FOLD20_PASSIVE_LOWER old=544 new=872 macros=6 gathers=0
FOLD20_PASSIVE_LOWER old=260 new=664 macros=6 gathers=0
FOLD20_PASSIVE_LOWER old=688 new=1138 macros=8 gathers=0
FOLD20_PASSIVE_LOWER old=260 new=664 macros=6 gathers=0
FOLD20_PASSIVE_LOWER old=326 new=3110 macros=9 gathers=0
RANK4_LOWER class=3 original_ops=72793 new_ops=62679 symbolic_rank_gates=896 paired_macros=938 conditional_clean=true
FOLD20_T10_RANK4 j=0 last=false low=true old_ops=72793 ops=62679
RANK4_LOWER class=3 original_ops=72623 new_ops=62679 symbolic_rank_gates=896 paired_macros=938 conditional_clean=true
FOLD20_T10_RANK4 j=2 last=false low=true old_ops=72623 ops=62679
FOLD20_PASSIVE_LOWER old=1082 new=6864 macros=22 gathers=0
FOLD20_PASSIVE_LOWER old=544 new=872 macros=6 gathers=0
FOLD20_PASSIVE_LOWER old=544 new=872 macros=6 gathers=0
FOLD20_PASSIVE_LOWER old=260 new=664 macros=6 gathers=0
FOLD20_PASSIVE_LOWER old=260 new=664 macros=6 gathers=0
FOLD20_PASSIVE_LOWER old=0 new=0 macros=0 gathers=0
FOLD20_PASSIVE_LOWER old=0 new=0 macros=0 gathers=0
RANK4_LOWER class=4 original_ops=8557 new_ops=6575 symbolic_rank_gates=84 paired_macros=106 conditional_clean=true
FOLD20_T10_RANK4 j=3 last=true low=true old_ops=8557 ops=6575
Q792_JOINT_CODEC held_predicates=7 all_existing_dirty=true restored=true
RANK4_LOWER class=4 original_ops=10367 new_ops=7693 symbolic_rank_gates=108 paired_macros=178 conditional_clean=true
FOLD20_T10_RANK4 j=0 last=true low=true old_ops=10367 ops=7693
RANK4_LOWER class=4 original_ops=10953 new_ops=8119 symbolic_rank_gates=108 paired_macros=178 conditional_clean=true
FOLD20_T10_RANK4 j=1 last=true low=true old_ops=10953 ops=8119
Q792_JOINT_CODEC held_predicates=7 all_existing_dirty=true restored=true
RANK4_LOWER class=4 original_ops=11783 new_ops=8695 symbolic_rank_gates=108 paired_macros=178 conditional_clean=true
FOLD20_T10_RANK4 j=2 last=true low=true old_ops=11783 ops=8695
Q792_JOINT_CODEC held_predicates=7 all_existing_dirty=true restored=true
Q792_JOINT_CODEC held_predicates=16 all_existing_dirty=true restored=true
Q792_JOINT_CODEC held_predicates=7 all_existing_dirty=true restored=true
Q792_JOINT_CODEC held_predicates=16 all_existing_dirty=true restored=true
Q792_JOINT_CODEC held_predicates=16 all_existing_dirty=true restored=true
Q792_JOINT_CODEC held_predicates=16 all_existing_dirty=true restored=true
RANK4_LOWER class=3 original_ops=50741 new_ops=43491 symbolic_rank_gates=704 paired_macros=742 conditional_clean=true
FOLD20_T10_RANK4 j=3 last=false low=true old_ops=50741 ops=43491
RANK4_LOWER class=3 original_ops=50585 new_ops=43495 symbolic_rank_gates=704 paired_macros=742 conditional_clean=true
FOLD20_T10_RANK4 j=1 last=false low=true old_ops=50585 ops=43495
FOLD20_PASSIVE_LOWER old=688 new=1138 macros=8 gathers=0
FOLD20_PASSIVE_LOWER old=544 new=872 macros=6 gathers=0
FOLD20_PASSIVE_LOWER old=260 new=664 macros=6 gathers=0
FOLD20_PASSIVE_LOWER old=260 new=664 macros=6 gathers=0
FOLD20_PASSIVE_LOWER old=326 new=3110 macros=9 gathers=0
RANK4_LOWER class=3 original_ops=73035 new_ops=62923 symbolic_rank_gates=896 paired_macros=952 conditional_clean=true
FOLD20_T10_RANK4 j=2 last=false low=true old_ops=73035 ops=62923
FOLD20_PASSIVE_LOWER old=1082 new=6864 macros=22 gathers=0
RANK4_LOWER class=3 original_ops=73205 new_ops=62923 symbolic_rank_gates=896 paired_macros=952 conditional_clean=true
FOLD20_T10_RANK4 j=0 last=false low=true old_ops=73205 ops=62923
FOLD20_PASSIVE_LOWER old=544 new=872 macros=6 gathers=0
FOLD20_PASSIVE_LOWER old=260 new=664 macros=6 gathers=0
FOLD20_PASSIVE_LOWER old=0 new=0 macros=0 gathers=0
FOLD20_PASSIVE_LOWER old=544 new=872 macros=6 gathers=0
FOLD20_PASSIVE_LOWER old=260 new=664 macros=6 gathers=0
FOLD20_PASSIVE_LOWER old=0 new=0 macros=0 gathers=0
RANK4_LOWER class=4 original_ops=8665 new_ops=6667 symbolic_rank_gates=84 paired_macros=106 conditional_clean=true
FOLD20_T10_RANK4 j=3 last=true low=true old_ops=8665 ops=6667
Q792_JOINT_CODEC held_predicates=7 all_existing_dirty=true restored=true
RANK4_LOWER class=4 original_ops=11061 new_ops=8211 symbolic_rank_gates=108 paired_macros=178 conditional_clean=true
RANK4_LOWER class=4 original_ops=10475 new_ops=7785 symbolic_rank_gates=108 paired_macros=178 conditional_clean=true
FOLD20_T10_RANK4 j=1 last=true low=true old_ops=11061 ops=8211
FOLD20_T10_RANK4 j=0 last=true low=true old_ops=10475 ops=7785
Q792_JOINT_CODEC held_predicates=7 all_existing_dirty=true restored=true
RANK4_LOWER class=4 original_ops=11891 new_ops=8787 symbolic_rank_gates=108 paired_macros=178 conditional_clean=true
FOLD20_T10_RANK4 j=2 last=true low=true old_ops=11891 ops=8787
Q792_JOINT_CODEC held_predicates=7 all_existing_dirty=true restored=true
Q792_JOINT_CODEC held_predicates=7 all_existing_dirty=true restored=true
Q792_JOINT_CODEC held_predicates=16 all_existing_dirty=true restored=true
Q792_JOINT_CODEC held_predicates=16 all_existing_dirty=true restored=true
Q792_JOINT_CODEC held_predicates=16 all_existing_dirty=true restored=true
Q792_JOINT_CODEC held_predicates=16 all_existing_dirty=true restored=true
RANK4_LOWER class=3 original_ops=50793 new_ops=43691 symbolic_rank_gates=704 paired_macros=742 conditional_clean=true
FOLD20_T10_RANK4 j=1 last=false low=true old_ops=50793 ops=43691
RANK4_LOWER class=3 original_ops=50949 new_ops=43687 symbolic_rank_gates=704 paired_macros=742 conditional_clean=true
FOLD20_T10_RANK4 j=3 last=false low=true old_ops=50949 ops=43687
FOLD20_PASSIVE_LOWER old=544 new=872 macros=6 gathers=0
FOLD20_PASSIVE_LOWER old=260 new=664 macros=6 gathers=0
FOLD20_PASSIVE_LOWER old=688 new=1138 macros=8 gathers=0
FOLD20_PASSIVE_LOWER old=326 new=3110 macros=9 gathers=0
FOLD20_PASSIVE_LOWER old=260 new=664 macros=6 gathers=0
RANK4_LOWER class=3 original_ops=73413 new_ops=63119 symbolic_rank_gates=896 paired_macros=952 conditional_clean=true
FOLD20_T10_RANK4 j=0 last=false low=true old_ops=73413 ops=63119
FOLD20_PASSIVE_LOWER old=1082 new=6864 macros=22 gathers=0
RANK4_LOWER class=3 original_ops=73243 new_ops=63119 symbolic_rank_gates=896 paired_macros=952 conditional_clean=true
FOLD20_T10_RANK4 j=2 last=false low=true old_ops=73243 ops=63119
FOLD20_PASSIVE_LOWER old=544 new=872 macros=6 gathers=0
FOLD20_PASSIVE_LOWER old=260 new=664 macros=6 gathers=0
FOLD20_PASSIVE_LOWER old=544 new=872 macros=6 gathers=0
FOLD20_PASSIVE_LOWER old=0 new=0 macros=0 gathers=0
FOLD20_PASSIVE_LOWER old=260 new=664 macros=6 gathers=0
FOLD20_PASSIVE_LOWER old=0 new=0 macros=0 gathers=0
RANK4_LOWER class=4 original_ops=8775 new_ops=6761 symbolic_rank_gates=84 paired_macros=106 conditional_clean=true
FOLD20_T10_RANK4 j=3 last=true low=true old_ops=8775 ops=6761
Q792_JOINT_CODEC held_predicates=7 all_existing_dirty=true restored=true
Q792_JOINT_CODEC held_predicates=7 all_existing_dirty=true restored=true
RANK4_LOWER class=4 original_ops=10585 new_ops=7879 symbolic_rank_gates=108 paired_macros=178 conditional_clean=true
RANK4_LOWER class=4 original_ops=11171 new_ops=8305 symbolic_rank_gates=108 paired_macros=178 conditional_clean=true
FOLD20_T10_RANK4 j=0 last=true low=true old_ops=10585 ops=7879
FOLD20_T10_RANK4 j=1 last=true low=true old_ops=11171 ops=8305
RANK4_LOWER class=4 original_ops=12001 new_ops=8881 symbolic_rank_gates=108 paired_macros=178 conditional_clean=true
FOLD20_T10_RANK4 j=2 last=true low=true old_ops=12001 ops=8881
Q792_JOINT_CODEC held_predicates=7 all_existing_dirty=true restored=true
Q792_JOINT_CODEC held_predicates=16 all_existing_dirty=true restored=true
Q792_JOINT_CODEC held_predicates=7 all_existing_dirty=true restored=true
Q792_JOINT_CODEC held_predicates=16 all_existing_dirty=true restored=true
Q792_JOINT_CODEC held_predicates=16 all_existing_dirty=true restored=true
Q792_JOINT_CODEC held_predicates=16 all_existing_dirty=true restored=true
RANK4_LOWER class=3 original_ops=50985 new_ops=43883 symbolic_rank_gates=704 paired_macros=742 conditional_clean=true
FOLD20_T10_RANK4 j=1 last=false low=true old_ops=50985 ops=43883
RANK4_LOWER class=3 original_ops=51141 new_ops=43879 symbolic_rank_gates=704 paired_macros=742 conditional_clean=true
FOLD20_T10_RANK4 j=3 last=false low=true old_ops=51141 ops=43879
RANK4_LOWER class=3 original_ops=73435 new_ops=63311 symbolic_rank_gates=896 paired_macros=952 conditional_clean=true
FOLD20_T10_RANK4 j=2 last=false low=true old_ops=73435 ops=63311
RANK4_LOWER class=3 original_ops=73605 new_ops=63311 symbolic_rank_gates=896 paired_macros=952 conditional_clean=true
FOLD20_T10_RANK4 j=0 last=false low=true old_ops=73605 ops=63311
FOLD20_PASSIVE_LOWER old=688 new=1138 macros=8 gathers=0
FOLD20_PASSIVE_LOWER old=544 new=872 macros=6 gathers=0
FOLD20_PASSIVE_LOWER old=260 new=664 macros=6 gathers=0
FOLD20_PASSIVE_LOWER old=260 new=664 macros=6 gathers=0
FOLD20_PASSIVE_LOWER old=544 new=872 macros=6 gathers=0
FOLD20_PASSIVE_LOWER old=326 new=3110 macros=9 gathers=0
FOLD20_PASSIVE_LOWER old=544 new=872 macros=6 gathers=0
FOLD20_PASSIVE_LOWER old=260 new=664 macros=6 gathers=0
FOLD20_PASSIVE_LOWER old=1082 new=6864 macros=22 gathers=0
FOLD20_PASSIVE_LOWER old=260 new=664 macros=6 gathers=0
FOLD20_PASSIVE_LOWER old=0 new=0 macros=0 gathers=0
FOLD20_PASSIVE_LOWER old=0 new=0 macros=0 gathers=0
RANK4_LOWER class=4 original_ops=8883 new_ops=6853 symbolic_rank_gates=84 paired_macros=106 conditional_clean=true
FOLD20_T10_RANK4 j=3 last=true low=true old_ops=8883 ops=6853
Q792_JOINT_CODEC held_predicates=7 all_existing_dirty=true restored=true
RANK4_LOWER class=4 original_ops=10693 new_ops=7971 symbolic_rank_gates=108 paired_macros=178 conditional_clean=true
FOLD20_T10_RANK4 j=0 last=true low=true old_ops=10693 ops=7971
RANK4_LOWER class=4 original_ops=12109 new_ops=8973 symbolic_rank_gates=108 paired_macros=178 conditional_clean=true
FOLD20_T10_RANK4 j=2 last=true low=true old_ops=12109 ops=8973
Q792_JOINT_CODEC held_predicates=7 all_existing_dirty=true restored=true
RANK4_LOWER class=4 original_ops=11279 new_ops=8397 symbolic_rank_gates=108 paired_macros=178 conditional_clean=true
FOLD20_T10_RANK4 j=1 last=true low=true old_ops=11279 ops=8397
Q792_JOINT_CODEC held_predicates=16 all_existing_dirty=true restored=true
Q792_JOINT_CODEC held_predicates=16 all_existing_dirty=true restored=true
Q792_JOINT_CODEC held_predicates=7 all_existing_dirty=true restored=true
Q792_JOINT_CODEC held_predicates=7 all_existing_dirty=true restored=true
Q792_JOINT_CODEC held_predicates=16 all_existing_dirty=true restored=true
Q792_JOINT_CODEC held_predicates=16 all_existing_dirty=true restored=true
RANK4_LOWER class=3 original_ops=51413 new_ops=44123 symbolic_rank_gates=704 paired_macros=742 conditional_clean=true
FOLD20_T10_RANK4 j=3 last=false low=true old_ops=51413 ops=44123
RANK4_LOWER class=3 original_ops=51257 new_ops=44127 symbolic_rank_gates=704 paired_macros=742 conditional_clean=true
FOLD20_T10_RANK4 j=1 last=false low=true old_ops=51257 ops=44127
FOLD20_PASSIVE_LOWER old=688 new=1138 macros=8 gathers=0
FOLD20_PASSIVE_LOWER old=260 new=664 macros=6 gathers=0
FOLD20_PASSIVE_LOWER old=544 new=872 macros=6 gathers=0
FOLD20_PASSIVE_LOWER old=260 new=664 macros=6 gathers=0
RANK4_LOWER class=3 original_ops=73707 new_ops=63555 symbolic_rank_gates=896 paired_macros=952 conditional_clean=true
FOLD20_T10_RANK4 j=2 last=false low=true old_ops=73707 ops=63555
RANK4_LOWER class=3 original_ops=73877 new_ops=63555 symbolic_rank_gates=896 paired_macros=952 conditional_clean=true
FOLD20_T10_RANK4 j=0 last=false low=true old_ops=73877 ops=63555
FOLD20_PASSIVE_LOWER old=326 new=3110 macros=9 gathers=0
FOLD20_PASSIVE_LOWER old=1082 new=6864 macros=22 gathers=0
FOLD20_PASSIVE_LOWER old=544 new=872 macros=6 gathers=0
FOLD20_PASSIVE_LOWER old=260 new=664 macros=6 gathers=0
FOLD20_PASSIVE_LOWER old=544 new=872 macros=6 gathers=0
FOLD20_PASSIVE_LOWER old=0 new=0 macros=0 gathers=0
FOLD20_PASSIVE_LOWER old=260 new=664 macros=6 gathers=0
FOLD20_PASSIVE_LOWER old=0 new=0 macros=0 gathers=0
RANK4_LOWER class=4 original_ops=9009 new_ops=6955 symbolic_rank_gates=84 paired_macros=106 conditional_clean=true
FOLD20_T10_RANK4 j=3 last=true low=true old_ops=9009 ops=6955
Q792_JOINT_CODEC held_predicates=7 all_existing_dirty=true restored=true
RANK4_LOWER class=4 original_ops=10819 new_ops=8073 symbolic_rank_gates=108 paired_macros=178 conditional_clean=true
FOLD20_T10_RANK4 j=0 last=true low=true old_ops=10819 ops=8073
RANK4_LOWER class=4 original_ops=11405 new_ops=8499 symbolic_rank_gates=108 paired_macros=178 conditional_clean=true
RANK4_LOWER class=4 original_ops=12235 new_ops=9075 symbolic_rank_gates=108 paired_macros=178 conditional_clean=true
FOLD20_T10_RANK4 j=1 last=true low=true old_ops=11405 ops=8499
Q792_JOINT_CODEC held_predicates=7 all_existing_dirty=true restored=true
FOLD20_T10_RANK4 j=2 last=true low=true old_ops=12235 ops=9075
Q792_JOINT_CODEC held_predicates=16 all_existing_dirty=true restored=true
Q792_JOINT_CODEC held_predicates=16 all_existing_dirty=true restored=true
Q792_JOINT_CODEC held_predicates=7 all_existing_dirty=true restored=true
Q792_JOINT_CODEC held_predicates=16 all_existing_dirty=true restored=true
Q792_JOINT_CODEC held_predicates=16 all_existing_dirty=true restored=true
Q792_JOINT_CODEC held_predicates=7 all_existing_dirty=true restored=true
RANK4_LOWER class=3 original_ops=51625 new_ops=44335 symbolic_rank_gates=704 paired_macros=742 conditional_clean=true
FOLD20_T10_RANK4 j=3 last=false low=true old_ops=51625 ops=44335
RANK4_LOWER class=3 original_ops=51469 new_ops=44339 symbolic_rank_gates=704 paired_macros=742 conditional_clean=true
FOLD20_T10_RANK4 j=1 last=false low=true old_ops=51469 ops=44339
FOLD20_PASSIVE_LOWER old=688 new=1138 macros=8 gathers=0
FOLD20_PASSIVE_LOWER old=260 new=664 macros=6 gathers=0
FOLD20_PASSIVE_LOWER old=544 new=872 macros=6 gathers=0
FOLD20_PASSIVE_LOWER old=260 new=664 macros=6 gathers=0
FOLD20_PASSIVE_LOWER old=1082 new=6864 macros=22 gathers=0
RANK4_LOWER class=3 original_ops=73919 new_ops=63767 symbolic_rank_gates=896 paired_macros=952 conditional_clean=true
FOLD20_T10_RANK4 j=2 last=false low=true old_ops=73919 ops=63767
RANK4_LOWER class=3 original_ops=74089 new_ops=63767 symbolic_rank_gates=896 paired_macros=952 conditional_clean=true
FOLD20_T10_RANK4 j=0 last=false low=true old_ops=74089 ops=63767
FOLD20_PASSIVE_LOWER old=326 new=3110 macros=9 gathers=0
FOLD20_PASSIVE_LOWER old=544 new=872 macros=6 gathers=0
FOLD20_PASSIVE_LOWER old=544 new=872 macros=6 gathers=0
FOLD20_PASSIVE_LOWER old=260 new=664 macros=6 gathers=0
FOLD20_PASSIVE_LOWER old=260 new=664 macros=6 gathers=0
FOLD20_PASSIVE_LOWER old=0 new=0 macros=0 gathers=0
FOLD20_PASSIVE_LOWER old=0 new=0 macros=0 gathers=0
RANK4_LOWER class=4 original_ops=9113 new_ops=7043 symbolic_rank_gates=84 paired_macros=106 conditional_clean=true
FOLD20_T10_RANK4 j=3 last=true low=true old_ops=9113 ops=7043
Q792_JOINT_CODEC held_predicates=7 all_existing_dirty=true restored=true
RANK4_LOWER class=4 original_ops=10923 new_ops=8161 symbolic_rank_gates=108 paired_macros=178 conditional_clean=true
FOLD20_T10_RANK4 j=0 last=true low=true old_ops=10923 ops=8161
RANK4_LOWER class=4 original_ops=11509 new_ops=8587 symbolic_rank_gates=108 paired_macros=178 conditional_clean=true
Q792_JOINT_CODEC held_predicates=7 all_existing_dirty=true restored=true
FOLD20_T10_RANK4 j=1 last=true low=true old_ops=11509 ops=8587
RANK4_LOWER class=4 original_ops=12339 new_ops=9163 symbolic_rank_gates=108 paired_macros=178 conditional_clean=true
FOLD20_T10_RANK4 j=2 last=true low=true old_ops=12339 ops=9163
Q792_JOINT_CODEC held_predicates=7 all_existing_dirty=true restored=true
Q792_JOINT_CODEC held_predicates=16 all_existing_dirty=true restored=true
Q792_JOINT_CODEC held_predicates=7 all_existing_dirty=true restored=true
Q792_JOINT_CODEC held_predicates=16 all_existing_dirty=true restored=true
Q792_JOINT_CODEC held_predicates=16 all_existing_dirty=true restored=true
Q792_JOINT_CODEC held_predicates=16 all_existing_dirty=true restored=true
RANK4_LOWER class=3 original_ops=51837 new_ops=44535 symbolic_rank_gates=704 paired_macros=742 conditional_clean=true
FOLD20_T10_RANK4 j=3 last=false low=true old_ops=51837 ops=44535
RANK4_LOWER class=3 original_ops=51681 new_ops=44539 symbolic_rank_gates=704 paired_macros=742 conditional_clean=true
FOLD20_T10_RANK4 j=1 last=false low=true old_ops=51681 ops=44539
FOLD20_PASSIVE_LOWER old=544 new=872 macros=6 gathers=0
FOLD20_PASSIVE_LOWER old=688 new=1138 macros=8 gathers=0
FOLD20_PASSIVE_LOWER old=260 new=664 macros=6 gathers=0
FOLD20_PASSIVE_LOWER old=260 new=664 macros=6 gathers=0
RANK4_LOWER class=3 original_ops=74301 new_ops=63967 symbolic_rank_gates=896 paired_macros=952 conditional_clean=true
FOLD20_T10_RANK4 j=0 last=false low=true old_ops=74301 ops=63967
RANK4_LOWER class=3 original_ops=74131 new_ops=63967 symbolic_rank_gates=896 paired_macros=952 conditional_clean=true
FOLD20_PASSIVE_LOWER old=326 new=3110 macros=9 gathers=0
FOLD20_T10_RANK4 j=2 last=false low=true old_ops=74131 ops=63967
FOLD20_PASSIVE_LOWER old=1082 new=6864 macros=22 gathers=0
FOLD20_PASSIVE_LOWER old=544 new=872 macros=6 gathers=0
FOLD20_PASSIVE_LOWER old=544 new=872 macros=6 gathers=0
FOLD20_PASSIVE_LOWER old=260 new=664 macros=6 gathers=0
FOLD20_PASSIVE_LOWER old=260 new=664 macros=6 gathers=0
FOLD20_PASSIVE_LOWER old=0 new=0 macros=0 gathers=0
FOLD20_PASSIVE_LOWER old=0 new=0 macros=0 gathers=0
RANK4_LOWER class=4 original_ops=9223 new_ops=7137 symbolic_rank_gates=84 paired_macros=106 conditional_clean=true
FOLD20_T10_RANK4 j=3 last=true low=true old_ops=9223 ops=7137
Q792_JOINT_CODEC held_predicates=7 all_existing_dirty=true restored=true
RANK4_LOWER class=4 original_ops=11033 new_ops=8255 symbolic_rank_gates=108 paired_macros=178 conditional_clean=true
FOLD20_T10_RANK4 j=0 last=true low=true old_ops=11033 ops=8255
Q792_JOINT_CODEC held_predicates=7 all_existing_dirty=true restored=true
RANK4_LOWER class=4 original_ops=12449 new_ops=9257 symbolic_rank_gates=108 paired_macros=178 conditional_clean=true
RANK4_LOWER class=4 original_ops=11619 new_ops=8681 symbolic_rank_gates=108 paired_macros=178 conditional_clean=true
FOLD20_T10_RANK4 j=2 last=true low=true old_ops=12449 ops=9257
FOLD20_T10_RANK4 j=1 last=true low=true old_ops=11619 ops=8681
Q792_JOINT_CODEC held_predicates=16 all_existing_dirty=true restored=true
Q792_JOINT_CODEC held_predicates=7 all_existing_dirty=true restored=true
Q792_JOINT_CODEC held_predicates=16 all_existing_dirty=true restored=true
Q792_JOINT_CODEC held_predicates=16 all_existing_dirty=true restored=true
Q792_JOINT_CODEC held_predicates=7 all_existing_dirty=true restored=true
Q792_JOINT_CODEC held_predicates=16 all_existing_dirty=true restored=true
RANK4_LOWER class=3 original_ops=51889 new_ops=44731 symbolic_rank_gates=704 paired_macros=742 conditional_clean=true
FOLD20_T10_RANK4 j=1 last=false low=true old_ops=51889 ops=44731
RANK4_LOWER class=3 original_ops=52045 new_ops=44727 symbolic_rank_gates=704 paired_macros=742 conditional_clean=true
FOLD20_T10_RANK4 j=3 last=false low=true old_ops=52045 ops=44727
FOLD20_PASSIVE_LOWER old=544 new=872 macros=6 gathers=0
FOLD20_PASSIVE_LOWER old=260 new=664 macros=6 gathers=0
FOLD20_PASSIVE_LOWER old=688 new=1138 macros=8 gathers=0
RANK4_LOWER class=3 original_ops=74339 new_ops=64159 symbolic_rank_gates=896 paired_macros=952 conditional_clean=true
FOLD20_T10_RANK4 j=2 last=false low=true old_ops=74339 ops=64159
FOLD20_PASSIVE_LOWER old=260 new=664 macros=6 gathers=0
FOLD20_PASSIVE_LOWER old=326 new=3110 macros=9 gathers=0
RANK4_LOWER class=3 original_ops=74509 new_ops=64159 symbolic_rank_gates=896 paired_macros=952 conditional_clean=true
FOLD20_T10_RANK4 j=0 last=false low=true old_ops=74509 ops=64159
FOLD20_PASSIVE_LOWER old=544 new=872 macros=6 gathers=0
FOLD20_PASSIVE_LOWER old=1082 new=6864 macros=22 gathers=0
FOLD20_PASSIVE_LOWER old=260 new=664 macros=6 gathers=0
FOLD20_PASSIVE_LOWER old=0 new=0 macros=0 gathers=0
FOLD20_PASSIVE_LOWER old=544 new=872 macros=6 gathers=0
FOLD20_PASSIVE_LOWER old=260 new=664 macros=6 gathers=0
FOLD20_PASSIVE_LOWER old=0 new=0 macros=0 gathers=0
RANK4_LOWER class=4 original_ops=9339 new_ops=7233 symbolic_rank_gates=84 paired_macros=106 conditional_clean=true
FOLD20_T10_RANK4 j=3 last=true low=true old_ops=9339 ops=7233
Q792_JOINT_CODEC held_predicates=7 all_existing_dirty=true restored=true
RANK4_LOWER class=4 original_ops=11149 new_ops=8351 symbolic_rank_gates=108 paired_macros=178 conditional_clean=true
FOLD20_T10_RANK4 j=0 last=true low=true old_ops=11149 ops=8351
RANK4_LOWER class=4 original_ops=12565 new_ops=9353 symbolic_rank_gates=108 paired_macros=178 conditional_clean=true
FOLD20_T10_RANK4 j=2 last=true low=true old_ops=12565 ops=9353
RANK4_LOWER class=4 original_ops=11735 new_ops=8777 symbolic_rank_gates=108 paired_macros=178 conditional_clean=true
FOLD20_T10_RANK4 j=1 last=true low=true old_ops=11735 ops=8777
Q792_JOINT_CODEC held_predicates=7 all_existing_dirty=true restored=true
Q792_JOINT_CODEC held_predicates=16 all_existing_dirty=true restored=true
Q792_JOINT_CODEC held_predicates=7 all_existing_dirty=true restored=true
Q792_JOINT_CODEC held_predicates=16 all_existing_dirty=true restored=true
Q792_JOINT_CODEC held_predicates=7 all_existing_dirty=true restored=true
Q792_JOINT_CODEC held_predicates=16 all_existing_dirty=true restored=true
Q792_JOINT_CODEC held_predicates=16 all_existing_dirty=true restored=true
RANK4_LOWER class=3 original_ops=52429 new_ops=45027 symbolic_rank_gates=704 paired_macros=742 conditional_clean=true
FOLD20_T10_RANK4 j=3 last=false low=true old_ops=52429 ops=45027
RANK4_LOWER class=3 original_ops=52273 new_ops=45031 symbolic_rank_gates=704 paired_macros=742 conditional_clean=true
FOLD20_T10_RANK4 j=1 last=false low=true old_ops=52273 ops=45031
FOLD20_PASSIVE_LOWER old=544 new=872 macros=6 gathers=0
FOLD20_PASSIVE_LOWER old=688 new=1138 macros=8 gathers=0
RANK4_LOWER class=3 original_ops=74723 new_ops=64459 symbolic_rank_gates=896 paired_macros=952 conditional_clean=true
FOLD20_T10_RANK4 j=2 last=false low=true old_ops=74723 ops=64459
FOLD20_PASSIVE_LOWER old=260 new=664 macros=6 gathers=0
FOLD20_PASSIVE_LOWER old=260 new=664 macros=6 gathers=0
FOLD20_PASSIVE_LOWER old=326 new=3110 macros=9 gathers=0
FOLD20_PASSIVE_LOWER old=544 new=872 macros=6 gathers=0
FOLD20_PASSIVE_LOWER old=260 new=664 macros=6 gathers=0
FOLD20_PASSIVE_LOWER old=1082 new=6864 macros=22 gathers=0
RANK4_LOWER class=3 original_ops=74893 new_ops=64459 symbolic_rank_gates=896 paired_macros=952 conditional_clean=true
FOLD20_T10_RANK4 j=0 last=false low=true old_ops=74893 ops=64459
FOLD20_PASSIVE_LOWER old=0 new=0 macros=0 gathers=0
FOLD20_PASSIVE_LOWER old=544 new=872 macros=6 gathers=0
FOLD20_PASSIVE_LOWER old=260 new=664 macros=6 gathers=0
FOLD20_PASSIVE_LOWER old=0 new=0 macros=0 gathers=0
RANK4_LOWER class=4 original_ops=9469 new_ops=7339 symbolic_rank_gates=84 paired_macros=106 conditional_clean=true
FOLD20_T10_RANK4 j=3 last=true low=true old_ops=9469 ops=7339
Q792_JOINT_CODEC held_predicates=7 all_existing_dirty=true restored=true
RANK4_LOWER class=4 original_ops=11865 new_ops=8883 symbolic_rank_gates=108 paired_macros=178 conditional_clean=true
FOLD20_T10_RANK4 j=1 last=true low=true old_ops=11865 ops=8883
RANK4_LOWER class=4 original_ops=11279 new_ops=8457 symbolic_rank_gates=108 paired_macros=178 conditional_clean=true
Q792_JOINT_CODEC held_predicates=7 all_existing_dirty=true restored=true
FOLD20_T10_RANK4 j=0 last=true low=true old_ops=11279 ops=8457
RANK4_LOWER class=4 original_ops=12695 new_ops=9459 symbolic_rank_gates=108 paired_macros=178 conditional_clean=true
FOLD20_T10_RANK4 j=2 last=true low=true old_ops=12695 ops=9459
Q792_JOINT_CODEC held_predicates=7 all_existing_dirty=true restored=true
Q792_JOINT_CODEC held_predicates=7 all_existing_dirty=true restored=true
Q792_JOINT_CODEC held_predicates=16 all_existing_dirty=true restored=true
Q792_JOINT_CODEC held_predicates=16 all_existing_dirty=true restored=true
Q792_JOINT_CODEC held_predicates=16 all_existing_dirty=true restored=true
Q792_JOINT_CODEC held_predicates=16 all_existing_dirty=true restored=true
RANK4_LOWER class=3 original_ops=52661 new_ops=45231 symbolic_rank_gates=704 paired_macros=742 conditional_clean=true
FOLD20_T10_RANK4 j=3 last=false low=true old_ops=52661 ops=45231
RANK4_LOWER class=3 original_ops=52505 new_ops=45235 symbolic_rank_gates=704 paired_macros=742 conditional_clean=true
FOLD20_T10_RANK4 j=1 last=false low=true old_ops=52505 ops=45235
FOLD20_PASSIVE_LOWER old=544 new=872 macros=6 gathers=0
FOLD20_PASSIVE_LOWER old=688 new=1138 macros=8 gathers=0
FOLD20_PASSIVE_LOWER old=260 new=664 macros=6 gathers=0
FOLD20_PASSIVE_LOWER old=260 new=664 macros=6 gathers=0
FOLD20_PASSIVE_LOWER old=326 new=3110 macros=9 gathers=0
FOLD20_PASSIVE_LOWER old=1082 new=6864 macros=22 gathers=0
RANK4_LOWER class=3 original_ops=74955 new_ops=64663 symbolic_rank_gates=896 paired_macros=952 conditional_clean=true
FOLD20_T10_RANK4 j=2 last=false low=true old_ops=74955 ops=64663
RANK4_LOWER class=3 original_ops=75125 new_ops=64663 symbolic_rank_gates=896 paired_macros=952 conditional_clean=true
FOLD20_T10_RANK4 j=0 last=false low=true old_ops=75125 ops=64663
FOLD20_PASSIVE_LOWER old=544 new=872 macros=6 gathers=0
FOLD20_PASSIVE_LOWER old=260 new=664 macros=6 gathers=0
FOLD20_PASSIVE_LOWER old=544 new=872 macros=6 gathers=0
FOLD20_PASSIVE_LOWER old=0 new=0 macros=0 gathers=0
FOLD20_PASSIVE_LOWER old=260 new=664 macros=6 gathers=0
FOLD20_PASSIVE_LOWER old=0 new=0 macros=0 gathers=0
RANK4_LOWER class=4 original_ops=9573 new_ops=7427 symbolic_rank_gates=84 paired_macros=106 conditional_clean=true
FOLD20_T10_RANK4 j=3 last=true low=true old_ops=9573 ops=7427
Q792_JOINT_CODEC held_predicates=7 all_existing_dirty=true restored=true
RANK4_LOWER class=4 original_ops=11383 new_ops=8545 symbolic_rank_gates=108 paired_macros=178 conditional_clean=true
FOLD20_T10_RANK4 j=0 last=true low=true old_ops=11383 ops=8545
Q792_JOINT_CODEC held_predicates=7 all_existing_dirty=true restored=true
RANK4_LOWER class=4 original_ops=12799 new_ops=9547 symbolic_rank_gates=108 paired_macros=178 conditional_clean=true
RANK4_LOWER class=4 original_ops=11969 new_ops=8971 symbolic_rank_gates=108 paired_macros=178 conditional_clean=true
FOLD20_T10_RANK4 j=2 last=true low=true old_ops=12799 ops=9547
FOLD20_T10_RANK4 j=1 last=true low=true old_ops=11969 ops=8971
Q792_JOINT_CODEC held_predicates=7 all_existing_dirty=true restored=true
Q792_JOINT_CODEC held_predicates=16 all_existing_dirty=true restored=true
Q792_JOINT_CODEC held_predicates=16 all_existing_dirty=true restored=true
Q792_JOINT_CODEC held_predicates=7 all_existing_dirty=true restored=true
Q792_JOINT_CODEC held_predicates=16 all_existing_dirty=true restored=true
Q792_JOINT_CODEC held_predicates=16 all_existing_dirty=true restored=true
RANK4_LOWER class=3 original_ops=52741 new_ops=45427 symbolic_rank_gates=704 paired_macros=742 conditional_clean=true
FOLD20_T10_RANK4 j=1 last=false low=true old_ops=52741 ops=45427
RANK4_LOWER class=3 original_ops=52897 new_ops=45423 symbolic_rank_gates=704 paired_macros=742 conditional_clean=true
FOLD20_T10_RANK4 j=3 last=false low=true old_ops=52897 ops=45423
FOLD20_PASSIVE_LOWER old=544 new=872 macros=6 gathers=0
FOLD20_PASSIVE_LOWER old=260 new=664 macros=6 gathers=0
RANK4_LOWER class=3 original_ops=75361 new_ops=64855 symbolic_rank_gates=896 paired_macros=952 conditional_clean=true
FOLD20_T10_RANK4 j=0 last=false low=true old_ops=75361 ops=64855
RANK4_LOWER class=3 original_ops=75191 new_ops=64855 symbolic_rank_gates=896 paired_macros=952 conditional_clean=true
FOLD20_PASSIVE_LOWER old=326 new=3110 macros=9 gathers=0
FOLD20_T10_RANK4 j=2 last=false low=true old_ops=75191 ops=64855
FOLD20_PASSIVE_LOWER old=688 new=1138 macros=8 gathers=0
FOLD20_PASSIVE_LOWER old=260 new=664 macros=6 gathers=0
FOLD20_PASSIVE_LOWER old=544 new=872 macros=6 gathers=0
FOLD20_PASSIVE_LOWER old=544 new=872 macros=6 gathers=0
FOLD20_PASSIVE_LOWER old=260 new=664 macros=6 gathers=0
FOLD20_PASSIVE_LOWER old=260 new=664 macros=6 gathers=0
FOLD20_PASSIVE_LOWER old=1082 new=6864 macros=22 gathers=0
FOLD20_PASSIVE_LOWER old=0 new=0 macros=0 gathers=0
FOLD20_PASSIVE_LOWER old=0 new=0 macros=0 gathers=0
RANK4_LOWER class=4 original_ops=9683 new_ops=7521 symbolic_rank_gates=84 paired_macros=106 conditional_clean=true
FOLD20_T10_RANK4 j=3 last=true low=true old_ops=9683 ops=7521
Q792_JOINT_CODEC held_predicates=7 all_existing_dirty=true restored=true
Q792_JOINT_CODEC held_predicates=7 all_existing_dirty=true restored=true
RANK4_LOWER class=4 original_ops=11493 new_ops=8639 symbolic_rank_gates=108 paired_macros=178 conditional_clean=true
FOLD20_T10_RANK4 j=0 last=true low=true old_ops=11493 ops=8639
RANK4_LOWER class=4 original_ops=12079 new_ops=9065 symbolic_rank_gates=108 paired_macros=178 conditional_clean=true
FOLD20_T10_RANK4 j=1 last=true low=true old_ops=12079 ops=9065
Q792_JOINT_CODEC held_predicates=7 all_existing_dirty=true restored=true
RANK4_LOWER class=4 original_ops=12909 new_ops=9641 symbolic_rank_gates=108 paired_macros=178 conditional_clean=true
FOLD20_T10_RANK4 j=2 last=true low=true old_ops=12909 ops=9641
Q792_JOINT_CODEC held_predicates=7 all_existing_dirty=true restored=true
Q792_JOINT_CODEC held_predicates=16 all_existing_dirty=true restored=true
Q792_JOINT_CODEC held_predicates=16 all_existing_dirty=true restored=true
Q792_JOINT_CODEC held_predicates=16 all_existing_dirty=true restored=true
Q792_JOINT_CODEC held_predicates=16 all_existing_dirty=true restored=true
RANK4_LOWER class=3 original_ops=53129 new_ops=45619 symbolic_rank_gates=704 paired_macros=742 conditional_clean=true
FOLD20_T10_RANK4 j=3 last=false low=true old_ops=53129 ops=45619
FOLD20_PASSIVE_LOWER old=688 new=1138 macros=8 gathers=0
RANK4_LOWER class=3 original_ops=52973 new_ops=45623 symbolic_rank_gates=704 paired_macros=742 conditional_clean=true
FOLD20_T10_RANK4 j=1 last=false low=true old_ops=52973 ops=45623
FOLD20_PASSIVE_LOWER old=260 new=664 macros=6 gathers=0
RANK4_LOWER class=3 original_ops=75593 new_ops=65051 symbolic_rank_gates=896 paired_macros=952 conditional_clean=true
FOLD20_T10_RANK4 j=0 last=false low=true old_ops=75593 ops=65051
FOLD20_PASSIVE_LOWER old=544 new=872 macros=6 gathers=0
FOLD20_PASSIVE_LOWER old=1082 new=6864 macros=22 gathers=0
FOLD20_PASSIVE_LOWER old=260 new=664 macros=6 gathers=0
FOLD20_PASSIVE_LOWER old=544 new=872 macros=6 gathers=0
RANK4_LOWER class=3 original_ops=75423 new_ops=65051 symbolic_rank_gates=896 paired_macros=952 conditional_clean=true
FOLD20_T10_RANK4 j=2 last=false low=true old_ops=75423 ops=65051
FOLD20_PASSIVE_LOWER old=326 new=3110 macros=9 gathers=0
FOLD20_PASSIVE_LOWER old=260 new=664 macros=6 gathers=0
FOLD20_PASSIVE_LOWER old=0 new=0 macros=0 gathers=0
FOLD20_PASSIVE_LOWER old=544 new=872 macros=6 gathers=0
FOLD20_PASSIVE_LOWER old=260 new=664 macros=6 gathers=0
FOLD20_PASSIVE_LOWER old=0 new=0 macros=0 gathers=0
RANK4_LOWER class=4 original_ops=9787 new_ops=7609 symbolic_rank_gates=84 paired_macros=106 conditional_clean=true
FOLD20_T10_RANK4 j=3 last=true low=true old_ops=9787 ops=7609
Q792_JOINT_CODEC held_predicates=7 all_existing_dirty=true restored=true
RANK4_LOWER class=4 original_ops=13013 new_ops=9729 symbolic_rank_gates=108 paired_macros=178 conditional_clean=true
FOLD20_T10_RANK4 j=2 last=true low=true old_ops=13013 ops=9729
RANK4_LOWER class=4 original_ops=11597 new_ops=8727 symbolic_rank_gates=108 paired_macros=178 conditional_clean=true
FOLD20_T10_RANK4 j=0 last=true low=true old_ops=11597 ops=8727
Q792_JOINT_CODEC held_predicates=7 all_existing_dirty=true restored=true
RANK4_LOWER class=4 original_ops=12183 new_ops=9153 symbolic_rank_gates=108 paired_macros=178 conditional_clean=true
FOLD20_T10_RANK4 j=1 last=true low=true old_ops=12183 ops=9153
Q792_JOINT_CODEC held_predicates=16 all_existing_dirty=true restored=true
Q792_JOINT_CODEC held_predicates=16 all_existing_dirty=true restored=true
Q792_JOINT_CODEC held_predicates=7 all_existing_dirty=true restored=true
Q792_JOINT_CODEC held_predicates=7 all_existing_dirty=true restored=true
Q792_JOINT_CODEC held_predicates=16 all_existing_dirty=true restored=true
Q792_JOINT_CODEC held_predicates=16 all_existing_dirty=true restored=true
RANK4_LOWER class=3 original_ops=53357 new_ops=45811 symbolic_rank_gates=704 paired_macros=742 conditional_clean=true
FOLD20_T10_RANK4 j=3 last=false low=true old_ops=53357 ops=45811
FOLD20_PASSIVE_LOWER old=688 new=1138 macros=8 gathers=0
RANK4_LOWER class=3 original_ops=53201 new_ops=45815 symbolic_rank_gates=704 paired_macros=742 conditional_clean=true
FOLD20_T10_RANK4 j=1 last=false low=true old_ops=53201 ops=45815
FOLD20_PASSIVE_LOWER old=260 new=664 macros=6 gathers=0
RANK4_LOWER class=3 original_ops=75651 new_ops=65243 symbolic_rank_gates=896 paired_macros=952 conditional_clean=true
FOLD20_T10_RANK4 j=2 last=false low=true old_ops=75651 ops=65243
FOLD20_PASSIVE_LOWER old=1082 new=6864 macros=22 gathers=0
FOLD20_PASSIVE_LOWER old=544 new=872 macros=6 gathers=0
FOLD20_PASSIVE_LOWER old=544 new=872 macros=6 gathers=0
FOLD20_PASSIVE_LOWER old=260 new=664 macros=6 gathers=0
RANK4_LOWER class=3 original_ops=75821 new_ops=65243 symbolic_rank_gates=896 paired_macros=952 conditional_clean=true
FOLD20_T10_RANK4 j=0 last=false low=true old_ops=75821 ops=65243
FOLD20_PASSIVE_LOWER old=260 new=664 macros=6 gathers=0
FOLD20_PASSIVE_LOWER old=0 new=0 macros=0 gathers=0
FOLD20_PASSIVE_LOWER old=326 new=3110 macros=9 gathers=0
FOLD20_PASSIVE_LOWER old=544 new=872 macros=6 gathers=0
FOLD20_PASSIVE_LOWER old=260 new=664 macros=6 gathers=0
FOLD20_PASSIVE_LOWER old=0 new=0 macros=0 gathers=0
RANK4_LOWER class=4 original_ops=9913 new_ops=7711 symbolic_rank_gates=84 paired_macros=106 conditional_clean=true
FOLD20_T10_RANK4 j=3 last=true low=true old_ops=9913 ops=7711
Q792_JOINT_CODEC held_predicates=7 all_existing_dirty=true restored=true
RANK4_LOWER class=4 original_ops=11723 new_ops=8829 symbolic_rank_gates=108 paired_macros=178 conditional_clean=true
FOLD20_T10_RANK4 j=0 last=true low=true old_ops=11723 ops=8829
RANK4_LOWER class=4 original_ops=12309 new_ops=9255 symbolic_rank_gates=108 paired_macros=178 conditional_clean=true
FOLD20_T10_RANK4 j=1 last=true low=true old_ops=12309 ops=9255
Q792_JOINT_CODEC held_predicates=7 all_existing_dirty=true restored=true
RANK4_LOWER class=4 original_ops=13139 new_ops=9831 symbolic_rank_gates=108 paired_macros=178 conditional_clean=true
FOLD20_T10_RANK4 j=2 last=true low=true old_ops=13139 ops=9831
Q792_JOINT_CODEC held_predicates=7 all_existing_dirty=true restored=true
Q792_JOINT_CODEC held_predicates=16 all_existing_dirty=true restored=true
Q792_JOINT_CODEC held_predicates=16 all_existing_dirty=true restored=true
Q792_JOINT_CODEC held_predicates=7 all_existing_dirty=true restored=true
Q792_JOINT_CODEC held_predicates=16 all_existing_dirty=true restored=true
Q792_JOINT_CODEC held_predicates=16 all_existing_dirty=true restored=true
RANK4_LOWER class=3 original_ops=53585 new_ops=46011 symbolic_rank_gates=704 paired_macros=742 conditional_clean=true
FOLD20_T10_RANK4 j=3 last=false low=true old_ops=53585 ops=46011
RANK4_LOWER class=3 original_ops=53429 new_ops=46015 symbolic_rank_gates=704 paired_macros=742 conditional_clean=true
FOLD20_T10_RANK4 j=1 last=false low=true old_ops=53429 ops=46015
FOLD20_PASSIVE_LOWER old=688 new=1138 macros=8 gathers=0
FOLD20_PASSIVE_LOWER old=260 new=664 macros=6 gathers=0
FOLD20_PASSIVE_LOWER old=544 new=872 macros=6 gathers=0
RANK4_LOWER class=3 original_ops=76049 new_ops=65443 symbolic_rank_gates=896 paired_macros=952 conditional_clean=true
FOLD20_PASSIVE_LOWER old=260 new=664 macros=6 gathers=0
FOLD20_T10_RANK4 j=0 last=false low=true old_ops=76049 ops=65443
RANK4_LOWER class=3 original_ops=75879 new_ops=65443 symbolic_rank_gates=896 paired_macros=952 conditional_clean=true
FOLD20_T10_RANK4 j=2 last=false low=true old_ops=75879 ops=65443
FOLD20_PASSIVE_LOWER old=1082 new=6864 macros=22 gathers=0
FOLD20_PASSIVE_LOWER old=326 new=3110 macros=9 gathers=0
FOLD20_PASSIVE_LOWER old=544 new=872 macros=6 gathers=0
FOLD20_PASSIVE_LOWER old=544 new=872 macros=6 gathers=0
FOLD20_PASSIVE_LOWER old=260 new=664 macros=6 gathers=0
FOLD20_PASSIVE_LOWER old=260 new=664 macros=6 gathers=0
FOLD20_PASSIVE_LOWER old=0 new=0 macros=0 gathers=0
FOLD20_PASSIVE_LOWER old=0 new=0 macros=0 gathers=0
RANK4_LOWER class=4 original_ops=10017 new_ops=7799 symbolic_rank_gates=84 paired_macros=106 conditional_clean=true
FOLD20_T10_RANK4 j=3 last=true low=true old_ops=10017 ops=7799
Q792_JOINT_CODEC held_predicates=7 all_existing_dirty=true restored=true
Q792_JOINT_CODEC held_predicates=7 all_existing_dirty=true restored=true
RANK4_LOWER class=4 original_ops=11827 new_ops=8917 symbolic_rank_gates=108 paired_macros=178 conditional_clean=true
FOLD20_T10_RANK4 j=0 last=true low=true old_ops=11827 ops=8917
RANK4_LOWER class=4 original_ops=13243 new_ops=9919 symbolic_rank_gates=108 paired_macros=178 conditional_clean=true
FOLD20_T10_RANK4 j=2 last=true low=true old_ops=13243 ops=9919
RANK4_LOWER class=4 original_ops=12413 new_ops=9343 symbolic_rank_gates=108 paired_macros=178 conditional_clean=true
FOLD20_T10_RANK4 j=1 last=true low=true old_ops=12413 ops=9343
Q792_JOINT_CODEC held_predicates=16 all_existing_dirty=true restored=true
Q792_JOINT_CODEC held_predicates=16 all_existing_dirty=true restored=true
Q792_JOINT_CODEC held_predicates=7 all_existing_dirty=true restored=true
Q792_JOINT_CODEC held_predicates=7 all_existing_dirty=true restored=true
Q792_JOINT_CODEC held_predicates=16 all_existing_dirty=true restored=true
Q792_JOINT_CODEC held_predicates=16 all_existing_dirty=true restored=true
RANK4_LOWER class=3 original_ops=53813 new_ops=46203 symbolic_rank_gates=704 paired_macros=742 conditional_clean=true
FOLD20_T10_RANK4 j=3 last=false low=true old_ops=53813 ops=46203
RANK4_LOWER class=3 original_ops=53657 new_ops=46207 symbolic_rank_gates=704 paired_macros=742 conditional_clean=true
FOLD20_T10_RANK4 j=1 last=false low=true old_ops=53657 ops=46207
FOLD20_PASSIVE_LOWER old=688 new=1138 macros=8 gathers=0
FOLD20_PASSIVE_LOWER old=260 new=664 macros=6 gathers=0
FOLD20_PASSIVE_LOWER old=544 new=872 macros=6 gathers=0
FOLD20_PASSIVE_LOWER old=260 new=664 macros=6 gathers=0
RANK4_LOWER class=3 original_ops=76107 new_ops=65635 symbolic_rank_gates=896 paired_macros=952 conditional_clean=true
FOLD20_T10_RANK4 j=2 last=false low=true old_ops=76107 ops=65635
FOLD20_PASSIVE_LOWER old=1082 new=6864 macros=22 gathers=0
FOLD20_PASSIVE_LOWER old=326 new=3110 macros=9 gathers=0
RANK4_LOWER class=3 original_ops=76277 new_ops=65635 symbolic_rank_gates=896 paired_macros=952 conditional_clean=true
FOLD20_T10_RANK4 j=0 last=false low=true old_ops=76277 ops=65635
FOLD20_PASSIVE_LOWER old=544 new=872 macros=6 gathers=0
FOLD20_PASSIVE_LOWER old=260 new=664 macros=6 gathers=0
FOLD20_PASSIVE_LOWER old=0 new=0 macros=0 gathers=0
FOLD20_PASSIVE_LOWER old=544 new=872 macros=6 gathers=0
FOLD20_PASSIVE_LOWER old=260 new=664 macros=6 gathers=0
FOLD20_PASSIVE_LOWER old=0 new=0 macros=0 gathers=0
RANK4_LOWER class=4 original_ops=10127 new_ops=7893 symbolic_rank_gates=84 paired_macros=106 conditional_clean=true
FOLD20_T10_RANK4 j=3 last=true low=true old_ops=10127 ops=7893
Q792_JOINT_CODEC held_predicates=7 all_existing_dirty=true restored=true
RANK4_LOWER class=4 original_ops=11937 new_ops=9011 symbolic_rank_gates=108 paired_macros=178 conditional_clean=true
FOLD20_T10_RANK4 j=0 last=true low=true old_ops=11937 ops=9011
Q792_JOINT_CODEC held_predicates=7 all_existing_dirty=true restored=true
RANK4_LOWER class=4 original_ops=12523 new_ops=9437 symbolic_rank_gates=108 paired_macros=178 conditional_clean=true
FOLD20_T10_RANK4 j=1 last=true low=true old_ops=12523 ops=9437
RANK4_LOWER class=4 original_ops=13353 new_ops=10013 symbolic_rank_gates=108 paired_macros=178 conditional_clean=true
FOLD20_T10_RANK4 j=2 last=true low=true old_ops=13353 ops=10013
Q792_JOINT_CODEC held_predicates=16 all_existing_dirty=true restored=true
Q792_JOINT_CODEC held_predicates=7 all_existing_dirty=true restored=true
Q792_JOINT_CODEC held_predicates=7 all_existing_dirty=true restored=true
Q792_JOINT_CODEC held_predicates=16 all_existing_dirty=true restored=true
Q792_JOINT_CODEC held_predicates=16 all_existing_dirty=true restored=true
Q792_JOINT_CODEC held_predicates=16 all_existing_dirty=true restored=true
RANK4_LOWER class=3 original_ops=53881 new_ops=46403 symbolic_rank_gates=704 paired_macros=742 conditional_clean=true
FOLD20_T10_RANK4 j=1 last=false low=true old_ops=53881 ops=46403
RANK4_LOWER class=3 original_ops=54037 new_ops=46399 symbolic_rank_gates=704 paired_macros=742 conditional_clean=true
FOLD20_T10_RANK4 j=3 last=false low=true old_ops=54037 ops=46399
FOLD20_PASSIVE_LOWER old=544 new=872 macros=6 gathers=0
FOLD20_PASSIVE_LOWER old=260 new=664 macros=6 gathers=0
FOLD20_PASSIVE_LOWER old=688 new=1138 macros=8 gathers=0
RANK4_LOWER class=3 original_ops=76501 new_ops=65831 symbolic_rank_gates=896 paired_macros=952 conditional_clean=true
FOLD20_T10_RANK4 j=0 last=false low=true old_ops=76501 ops=65831
FOLD20_PASSIVE_LOWER old=260 new=664 macros=6 gathers=0
FOLD20_PASSIVE_LOWER old=326 new=3110 macros=9 gathers=0
FOLD20_PASSIVE_LOWER old=544 new=872 macros=6 gathers=0
FOLD20_PASSIVE_LOWER old=1082 new=6864 macros=22 gathers=0
FOLD20_PASSIVE_LOWER old=260 new=664 macros=6 gathers=0
FOLD20_PASSIVE_LOWER old=0 new=0 macros=0 gathers=0
RANK4_LOWER class=3 original_ops=76331 new_ops=65831 symbolic_rank_gates=896 paired_macros=952 conditional_clean=true
FOLD20_T10_RANK4 j=2 last=false low=true old_ops=76331 ops=65831
FOLD20_PASSIVE_LOWER old=544 new=872 macros=6 gathers=0
FOLD20_PASSIVE_LOWER old=260 new=664 macros=6 gathers=0
FOLD20_PASSIVE_LOWER old=0 new=0 macros=0 gathers=0
RANK4_LOWER class=4 original_ops=10267 new_ops=8005 symbolic_rank_gates=84 paired_macros=106 conditional_clean=true
FOLD20_T10_RANK4 j=3 last=true low=true old_ops=10267 ops=8005
Q792_JOINT_CODEC held_predicates=7 all_existing_dirty=true restored=true
Q792_JOINT_CODEC held_predicates=7 all_existing_dirty=true restored=true
RANK4_LOWER class=4 original_ops=12077 new_ops=9123 symbolic_rank_gates=108 paired_macros=178 conditional_clean=true
FOLD20_T10_RANK4 j=0 last=true low=true old_ops=12077 ops=9123
RANK4_LOWER class=4 original_ops=12663 new_ops=9549 symbolic_rank_gates=108 paired_macros=178 conditional_clean=true
FOLD20_T10_RANK4 j=1 last=true low=true old_ops=12663 ops=9549
RANK4_LOWER class=4 original_ops=13493 new_ops=10125 symbolic_rank_gates=108 paired_macros=178 conditional_clean=true
FOLD20_T10_RANK4 j=2 last=true low=true old_ops=13493 ops=10125
Q792_JOINT_CODEC held_predicates=7 all_existing_dirty=true restored=true
Q792_JOINT_CODEC held_predicates=16 all_existing_dirty=true restored=true
Q792_JOINT_CODEC held_predicates=16 all_existing_dirty=true restored=true
Q792_JOINT_CODEC held_predicates=7 all_existing_dirty=true restored=true
Q792_JOINT_CODEC held_predicates=16 all_existing_dirty=true restored=true
Q792_JOINT_CODEC held_predicates=16 all_existing_dirty=true restored=true
RANK4_LOWER class=3 original_ops=54629 new_ops=46843 symbolic_rank_gates=704 paired_macros=742 conditional_clean=true
FOLD20_T10_RANK4 j=3 last=false low=true old_ops=54629 ops=46843
RANK4_LOWER class=3 original_ops=54473 new_ops=46847 symbolic_rank_gates=704 paired_macros=742 conditional_clean=true
FOLD20_T10_RANK4 j=1 last=false low=true old_ops=54473 ops=46847
FOLD20_PASSIVE_LOWER old=688 new=1138 macros=8 gathers=0
FOLD20_PASSIVE_LOWER old=260 new=664 macros=6 gathers=0
RANK4_LOWER class=3 original_ops=76923 new_ops=66275 symbolic_rank_gates=896 paired_macros=952 conditional_clean=true
FOLD20_T10_RANK4 j=2 last=false low=true old_ops=76923 ops=66275
FOLD20_PASSIVE_LOWER old=544 new=872 macros=6 gathers=0
FOLD20_PASSIVE_LOWER old=260 new=664 macros=6 gathers=0
FOLD20_PASSIVE_LOWER old=1082 new=6864 macros=22 gathers=0
RANK4_LOWER class=3 original_ops=77093 new_ops=66275 symbolic_rank_gates=896 paired_macros=952 conditional_clean=true
FOLD20_T10_RANK4 j=0 last=false low=true old_ops=77093 ops=66275
FOLD20_PASSIVE_LOWER old=544 new=872 macros=6 gathers=0
FOLD20_PASSIVE_LOWER old=260 new=664 macros=6 gathers=0
FOLD20_PASSIVE_LOWER old=326 new=3110 macros=9 gathers=0
FOLD20_PASSIVE_LOWER old=0 new=0 macros=0 gathers=0
FOLD20_PASSIVE_LOWER old=544 new=872 macros=6 gathers=0
FOLD20_PASSIVE_LOWER old=260 new=664 macros=6 gathers=0
FOLD20_PASSIVE_LOWER old=0 new=0 macros=0 gathers=0
RANK4_LOWER class=4 original_ops=10409 new_ops=8123 symbolic_rank_gates=84 paired_macros=106 conditional_clean=true
FOLD20_T10_RANK4 j=3 last=true low=true old_ops=10409 ops=8123
Q792_JOINT_CODEC held_predicates=7 all_existing_dirty=true restored=true
Q792_JOINT_CODEC held_predicates=7 all_existing_dirty=true restored=true
RANK4_LOWER class=4 original_ops=12219 new_ops=9241 symbolic_rank_gates=108 paired_macros=178 conditional_clean=true
FOLD20_T10_RANK4 j=0 last=true low=true old_ops=12219 ops=9241
RANK4_LOWER class=4 original_ops=12805 new_ops=9667 symbolic_rank_gates=108 paired_macros=178 conditional_clean=true
FOLD20_T10_RANK4 j=1 last=true low=true old_ops=12805 ops=9667
RANK4_LOWER class=4 original_ops=13635 new_ops=10243 symbolic_rank_gates=108 paired_macros=178 conditional_clean=true
FOLD20_T10_RANK4 j=2 last=true low=true old_ops=13635 ops=10243
Q792_JOINT_CODEC held_predicates=16 all_existing_dirty=true restored=true
Q792_JOINT_CODEC held_predicates=7 all_existing_dirty=true restored=true
Q792_JOINT_CODEC held_predicates=16 all_existing_dirty=true restored=true
Q792_JOINT_CODEC held_predicates=7 all_existing_dirty=true restored=true
Q792_JOINT_CODEC held_predicates=16 all_existing_dirty=true restored=true
Q792_JOINT_CODEC held_predicates=16 all_existing_dirty=true restored=true
RANK4_LOWER class=3 original_ops=54881 new_ops=47067 symbolic_rank_gates=704 paired_macros=742 conditional_clean=true
FOLD20_T10_RANK4 j=3 last=false low=true old_ops=54881 ops=47067
RANK4_LOWER class=3 original_ops=54725 new_ops=47071 symbolic_rank_gates=704 paired_macros=742 conditional_clean=true
FOLD20_T10_RANK4 j=1 last=false low=true old_ops=54725 ops=47071
FOLD20_PASSIVE_LOWER old=688 new=1138 macros=8 gathers=0
FOLD20_PASSIVE_LOWER old=260 new=664 macros=6 gathers=0
RANK4_LOWER class=3 original_ops=77345 new_ops=66499 symbolic_rank_gates=896 paired_macros=952 conditional_clean=true
FOLD20_T10_RANK4 j=0 last=false low=true old_ops=77345 ops=66499
FOLD20_PASSIVE_LOWER old=544 new=872 macros=6 gathers=0
RANK4_LOWER class=3 original_ops=77175 new_ops=66499 symbolic_rank_gates=896 paired_macros=952 conditional_clean=true
FOLD20_T10_RANK4 j=2 last=false low=true old_ops=77175 ops=66499
FOLD20_PASSIVE_LOWER old=260 new=664 macros=6 gathers=0
FOLD20_PASSIVE_LOWER old=1082 new=6864 macros=22 gathers=0
FOLD20_PASSIVE_LOWER old=544 new=872 macros=6 gathers=0
FOLD20_PASSIVE_LOWER old=260 new=664 macros=6 gathers=0
FOLD20_PASSIVE_LOWER old=326 new=3110 macros=9 gathers=0
FOLD20_PASSIVE_LOWER old=544 new=872 macros=6 gathers=0
FOLD20_PASSIVE_LOWER old=0 new=0 macros=0 gathers=0
FOLD20_PASSIVE_LOWER old=260 new=664 macros=6 gathers=0
FOLD20_PASSIVE_LOWER old=0 new=0 macros=0 gathers=0
RANK4_LOWER class=4 original_ops=10513 new_ops=8211 symbolic_rank_gates=84 paired_macros=106 conditional_clean=true
FOLD20_T10_RANK4 j=3 last=true low=true old_ops=10513 ops=8211
Q792_JOINT_CODEC held_predicates=7 all_existing_dirty=true restored=true
Q792_JOINT_CODEC held_predicates=7 all_existing_dirty=true restored=true
RANK4_LOWER class=4 original_ops=12323 new_ops=9329 symbolic_rank_gates=108 paired_macros=178 conditional_clean=true
FOLD20_T10_RANK4 j=0 last=true low=true old_ops=12323 ops=9329
RANK4_LOWER class=4 original_ops=12909 new_ops=9755 symbolic_rank_gates=108 paired_macros=178 conditional_clean=true
FOLD20_T10_RANK4 j=1 last=true low=true old_ops=12909 ops=9755
RANK4_LOWER class=4 original_ops=13739 new_ops=10331 symbolic_rank_gates=108 paired_macros=178 conditional_clean=true
FOLD20_T10_RANK4 j=2 last=true low=true old_ops=13739 ops=10331
Q792_JOINT_CODEC held_predicates=7 all_existing_dirty=true restored=true
Q792_JOINT_CODEC held_predicates=16 all_existing_dirty=true restored=true
Q792_JOINT_CODEC held_predicates=7 all_existing_dirty=true restored=true
Q792_JOINT_CODEC held_predicates=16 all_existing_dirty=true restored=true
Q792_JOINT_CODEC held_predicates=16 all_existing_dirty=true restored=true
Q792_JOINT_CODEC held_predicates=16 all_existing_dirty=true restored=true
RANK4_LOWER class=3 original_ops=54985 new_ops=47279 symbolic_rank_gates=704 paired_macros=742 conditional_clean=true
FOLD20_T10_RANK4 j=1 last=false low=true old_ops=54985 ops=47279
RANK4_LOWER class=3 original_ops=55141 new_ops=47275 symbolic_rank_gates=704 paired_macros=742 conditional_clean=true
FOLD20_T10_RANK4 j=3 last=false low=true old_ops=55141 ops=47275
FOLD20_PASSIVE_LOWER old=544 new=872 macros=6 gathers=0
FOLD20_PASSIVE_LOWER old=260 new=664 macros=6 gathers=0
FOLD20_PASSIVE_LOWER old=688 new=1138 macros=8 gathers=0
FOLD20_PASSIVE_LOWER old=260 new=664 macros=6 gathers=0
FOLD20_PASSIVE_LOWER old=326 new=3110 macros=9 gathers=0
FOLD20_PASSIVE_LOWER old=1082 new=6864 macros=22 gathers=0
RANK4_LOWER class=3 original_ops=77435 new_ops=66707 symbolic_rank_gates=896 paired_macros=952 conditional_clean=true
FOLD20_T10_RANK4 j=2 last=false low=true old_ops=77435 ops=66707
RANK4_LOWER class=3 original_ops=77605 new_ops=66707 symbolic_rank_gates=896 paired_macros=952 conditional_clean=true
FOLD20_T10_RANK4 j=0 last=false low=true old_ops=77605 ops=66707
FOLD20_PASSIVE_LOWER old=544 new=872 macros=6 gathers=0
FOLD20_PASSIVE_LOWER old=260 new=664 macros=6 gathers=0
FOLD20_PASSIVE_LOWER old=0 new=0 macros=0 gathers=0
FOLD20_PASSIVE_LOWER old=544 new=872 macros=6 gathers=0
FOLD20_PASSIVE_LOWER old=260 new=664 macros=6 gathers=0
FOLD20_PASSIVE_LOWER old=0 new=0 macros=0 gathers=0
RANK4_LOWER class=4 original_ops=10623 new_ops=8305 symbolic_rank_gates=84 paired_macros=106 conditional_clean=true
FOLD20_T10_RANK4 j=3 last=true low=true old_ops=10623 ops=8305
Q792_JOINT_CODEC held_predicates=7 all_existing_dirty=true restored=true
Q792_JOINT_CODEC held_predicates=7 all_existing_dirty=true restored=true
RANK4_LOWER class=4 original_ops=12433 new_ops=9423 symbolic_rank_gates=108 paired_macros=178 conditional_clean=true
FOLD20_T10_RANK4 j=0 last=true low=true old_ops=12433 ops=9423
RANK4_LOWER class=4 original_ops=13019 new_ops=9849 symbolic_rank_gates=108 paired_macros=178 conditional_clean=true
FOLD20_T10_RANK4 j=1 last=true low=true old_ops=13019 ops=9849
RANK4_LOWER class=4 original_ops=13849 new_ops=10425 symbolic_rank_gates=108 paired_macros=178 conditional_clean=true
FOLD20_T10_RANK4 j=2 last=true low=true old_ops=13849 ops=10425
Q792_JOINT_CODEC held_predicates=16 all_existing_dirty=true restored=true
Q792_JOINT_CODEC held_predicates=7 all_existing_dirty=true restored=true
Q792_JOINT_CODEC held_predicates=16 all_existing_dirty=true restored=true
Q792_JOINT_CODEC held_predicates=16 all_existing_dirty=true restored=true
Q792_JOINT_CODEC held_predicates=7 all_existing_dirty=true restored=true
Q792_JOINT_CODEC held_predicates=16 all_existing_dirty=true restored=true
RANK4_LOWER class=3 original_ops=55397 new_ops=47487 symbolic_rank_gates=704 paired_macros=742 conditional_clean=true
FOLD20_T10_RANK4 j=3 last=false low=true old_ops=55397 ops=47487
RANK4_LOWER class=3 original_ops=55241 new_ops=47491 symbolic_rank_gates=704 paired_macros=742 conditional_clean=true
FOLD20_T10_RANK4 j=1 last=false low=true old_ops=55241 ops=47491
FOLD20_PASSIVE_LOWER old=688 new=1138 macros=8 gathers=0
FOLD20_PASSIVE_LOWER old=544 new=872 macros=6 gathers=0
FOLD20_PASSIVE_LOWER old=260 new=664 macros=6 gathers=0
FOLD20_PASSIVE_LOWER old=260 new=664 macros=6 gathers=0
RANK4_LOWER class=3 original_ops=77861 new_ops=66919 symbolic_rank_gates=896 paired_macros=952 conditional_clean=true
FOLD20_T10_RANK4 j=0 last=false low=true old_ops=77861 ops=66919
RANK4_LOWER class=3 original_ops=77691 new_ops=66919 symbolic_rank_gates=896 paired_macros=952 conditional_clean=true
FOLD20_T10_RANK4 j=2 last=false low=true old_ops=77691 ops=66919
FOLD20_PASSIVE_LOWER old=326 new=3110 macros=9 gathers=0
FOLD20_PASSIVE_LOWER old=1082 new=6864 macros=22 gathers=0
FOLD20_PASSIVE_LOWER old=544 new=872 macros=6 gathers=0
FOLD20_PASSIVE_LOWER old=544 new=872 macros=6 gathers=0
FOLD20_PASSIVE_LOWER old=260 new=664 macros=6 gathers=0
FOLD20_PASSIVE_LOWER old=260 new=664 macros=6 gathers=0
FOLD20_PASSIVE_LOWER old=0 new=0 macros=0 gathers=0
FOLD20_PASSIVE_LOWER old=0 new=0 macros=0 gathers=0
RANK4_LOWER class=4 original_ops=10727 new_ops=8393 symbolic_rank_gates=84 paired_macros=106 conditional_clean=true
FOLD20_T10_RANK4 j=3 last=true low=true old_ops=10727 ops=8393
Q792_JOINT_CODEC held_predicates=7 all_existing_dirty=true restored=true
Q792_JOINT_CODEC held_predicates=7 all_existing_dirty=true restored=true
RANK4_LOWER class=4 original_ops=12537 new_ops=9511 symbolic_rank_gates=108 paired_macros=178 conditional_clean=true
FOLD20_T10_RANK4 j=0 last=true low=true old_ops=12537 ops=9511
RANK4_LOWER class=4 original_ops=13123 new_ops=9937 symbolic_rank_gates=108 paired_macros=178 conditional_clean=true
FOLD20_T10_RANK4 j=1 last=true low=true old_ops=13123 ops=9937
RANK4_LOWER class=4 original_ops=13953 new_ops=10513 symbolic_rank_gates=108 paired_macros=178 conditional_clean=true
FOLD20_T10_RANK4 j=2 last=true low=true old_ops=13953 ops=10513
Q792_JOINT_CODEC held_predicates=7 all_existing_dirty=true restored=true
Q792_JOINT_CODEC held_predicates=16 all_existing_dirty=true restored=true
Q792_JOINT_CODEC held_predicates=7 all_existing_dirty=true restored=true
Q792_JOINT_CODEC held_predicates=16 all_existing_dirty=true restored=true
Q792_JOINT_CODEC held_predicates=16 all_existing_dirty=true restored=true
Q792_JOINT_CODEC held_predicates=16 all_existing_dirty=true restored=true
RANK4_LOWER class=3 original_ops=55649 new_ops=47695 symbolic_rank_gates=704 paired_macros=742 conditional_clean=true
FOLD20_T10_RANK4 j=3 last=false low=true old_ops=55649 ops=47695
RANK4_LOWER class=3 original_ops=55493 new_ops=47699 symbolic_rank_gates=704 paired_macros=742 conditional_clean=true
FOLD20_T10_RANK4 j=1 last=false low=true old_ops=55493 ops=47699
FOLD20_PASSIVE_LOWER old=688 new=1138 macros=8 gathers=0
FOLD20_PASSIVE_LOWER old=260 new=664 macros=6 gathers=0
FOLD20_PASSIVE_LOWER old=544 new=872 macros=6 gathers=0
FOLD20_PASSIVE_LOWER old=260 new=664 macros=6 gathers=0
RANK4_LOWER class=3 original_ops=78113 new_ops=67127 symbolic_rank_gates=896 paired_macros=952 conditional_clean=true
FOLD20_T10_RANK4 j=0 last=false low=true old_ops=78113 ops=67127
FOLD20_PASSIVE_LOWER old=1082 new=6864 macros=22 gathers=0
FOLD20_PASSIVE_LOWER old=326 new=3110 macros=9 gathers=0
RANK4_LOWER class=3 original_ops=77943 new_ops=67127 symbolic_rank_gates=896 paired_macros=952 conditional_clean=true
FOLD20_T10_RANK4 j=2 last=false low=true old_ops=77943 ops=67127
FOLD20_PASSIVE_LOWER old=544 new=872 macros=6 gathers=0
FOLD20_PASSIVE_LOWER old=260 new=664 macros=6 gathers=0
FOLD20_PASSIVE_LOWER old=0 new=0 macros=0 gathers=0
FOLD20_PASSIVE_LOWER old=544 new=872 macros=6 gathers=0
FOLD20_PASSIVE_LOWER old=260 new=664 macros=6 gathers=0
FOLD20_PASSIVE_LOWER old=0 new=0 macros=0 gathers=0
RANK4_LOWER class=4 original_ops=10861 new_ops=8499 symbolic_rank_gates=84 paired_macros=106 conditional_clean=true
FOLD20_T10_RANK4 j=3 last=true low=true old_ops=10861 ops=8499
Q792_JOINT_CODEC held_predicates=7 all_existing_dirty=true restored=true
Q792_JOINT_CODEC held_predicates=7 all_existing_dirty=true restored=true
RANK4_LOWER class=4 original_ops=12671 new_ops=9617 symbolic_rank_gates=108 paired_macros=178 conditional_clean=true
FOLD20_T10_RANK4 j=0 last=true low=true old_ops=12671 ops=9617
RANK4_LOWER class=4 original_ops=13257 new_ops=10043 symbolic_rank_gates=108 paired_macros=178 conditional_clean=true
FOLD20_T10_RANK4 j=1 last=true low=true old_ops=13257 ops=10043
RANK4_LOWER class=4 original_ops=14087 new_ops=10619 symbolic_rank_gates=108 paired_macros=178 conditional_clean=true
FOLD20_T10_RANK4 j=2 last=true low=true old_ops=14087 ops=10619
Q792_JOINT_CODEC held_predicates=7 all_existing_dirty=true restored=true
Q792_JOINT_CODEC held_predicates=7 all_existing_dirty=true restored=true
Q792_JOINT_CODEC held_predicates=16 all_existing_dirty=true restored=true
Q792_JOINT_CODEC held_predicates=16 all_existing_dirty=true restored=true
Q792_JOINT_CODEC held_predicates=16 all_existing_dirty=true restored=true
Q792_JOINT_CODEC held_predicates=16 all_existing_dirty=true restored=true
RANK4_LOWER class=3 original_ops=55901 new_ops=47911 symbolic_rank_gates=704 paired_macros=742 conditional_clean=true
FOLD20_T10_RANK4 j=3 last=false low=true old_ops=55901 ops=47911
RANK4_LOWER class=3 original_ops=55745 new_ops=47915 symbolic_rank_gates=704 paired_macros=742 conditional_clean=true
FOLD20_T10_RANK4 j=1 last=false low=true old_ops=55745 ops=47915
FOLD20_PASSIVE_LOWER old=688 new=1138 macros=8 gathers=0
FOLD20_PASSIVE_LOWER old=260 new=664 macros=6 gathers=0
FOLD20_PASSIVE_LOWER old=544 new=872 macros=6 gathers=0
FOLD20_PASSIVE_LOWER old=260 new=664 macros=6 gathers=0
FOLD20_PASSIVE_LOWER old=326 new=3110 macros=9 gathers=0
FOLD20_PASSIVE_LOWER old=1082 new=6864 macros=22 gathers=0
RANK4_LOWER class=3 original_ops=78365 new_ops=67343 symbolic_rank_gates=896 paired_macros=952 conditional_clean=true
FOLD20_T10_RANK4 j=0 last=false low=true old_ops=78365 ops=67343
RANK4_LOWER class=3 original_ops=78195 new_ops=67343 symbolic_rank_gates=896 paired_macros=952 conditional_clean=true
FOLD20_T10_RANK4 j=2 last=false low=true old_ops=78195 ops=67343
FOLD20_PASSIVE_LOWER old=544 new=872 macros=6 gathers=0
FOLD20_PASSIVE_LOWER old=260 new=664 macros=6 gathers=0
FOLD20_PASSIVE_LOWER old=544 new=872 macros=6 gathers=0
FOLD20_PASSIVE_LOWER old=260 new=664 macros=6 gathers=0
FOLD20_PASSIVE_LOWER old=0 new=0 macros=0 gathers=0
FOLD20_PASSIVE_LOWER old=0 new=0 macros=0 gathers=0
RANK4_LOWER class=4 original_ops=10965 new_ops=8587 symbolic_rank_gates=84 paired_macros=106 conditional_clean=true
FOLD20_T10_RANK4 j=3 last=true low=true old_ops=10965 ops=8587
Q792_JOINT_CODEC held_predicates=7 all_existing_dirty=true restored=true
Q792_JOINT_CODEC held_predicates=7 all_existing_dirty=true restored=true
RANK4_LOWER class=4 original_ops=12775 new_ops=9705 symbolic_rank_gates=108 paired_macros=178 conditional_clean=true
FOLD20_T10_RANK4 j=0 last=true low=true old_ops=12775 ops=9705
RANK4_LOWER class=4 original_ops=13361 new_ops=10131 symbolic_rank_gates=108 paired_macros=178 conditional_clean=true
FOLD20_T10_RANK4 j=1 last=true low=true old_ops=13361 ops=10131
RANK4_LOWER class=4 original_ops=14191 new_ops=10707 symbolic_rank_gates=108 paired_macros=178 conditional_clean=true
FOLD20_T10_RANK4 j=2 last=true low=true old_ops=14191 ops=10707
Q792_JOINT_CODEC held_predicates=16 all_existing_dirty=true restored=true
Q792_JOINT_CODEC held_predicates=7 all_existing_dirty=true restored=true
Q792_JOINT_CODEC held_predicates=7 all_existing_dirty=true restored=true
Q792_JOINT_CODEC held_predicates=16 all_existing_dirty=true restored=true
Q792_JOINT_CODEC held_predicates=16 all_existing_dirty=true restored=true
Q792_JOINT_CODEC held_predicates=16 all_existing_dirty=true restored=true
RANK4_LOWER class=3 original_ops=56153 new_ops=48131 symbolic_rank_gates=704 paired_macros=742 conditional_clean=true
FOLD20_T10_RANK4 j=3 last=false low=true old_ops=56153 ops=48131
RANK4_LOWER class=3 original_ops=55997 new_ops=48135 symbolic_rank_gates=704 paired_macros=742 conditional_clean=true
FOLD20_T10_RANK4 j=1 last=false low=true old_ops=55997 ops=48135
FOLD20_PASSIVE_LOWER old=688 new=1138 macros=8 gathers=0
FOLD20_PASSIVE_LOWER old=260 new=664 macros=6 gathers=0
FOLD20_PASSIVE_LOWER old=544 new=872 macros=6 gathers=0
FOLD20_PASSIVE_LOWER old=260 new=664 macros=6 gathers=0
FOLD20_PASSIVE_LOWER old=1082 new=6864 macros=22 gathers=0
FOLD20_PASSIVE_LOWER old=326 new=3110 macros=9 gathers=0
RANK4_LOWER class=3 original_ops=78617 new_ops=67563 symbolic_rank_gates=896 paired_macros=952 conditional_clean=true
FOLD20_T10_RANK4 j=0 last=false low=true old_ops=78617 ops=67563
RANK4_LOWER class=3 original_ops=78447 new_ops=67563 symbolic_rank_gates=896 paired_macros=952 conditional_clean=true
FOLD20_T10_RANK4 j=2 last=false low=true old_ops=78447 ops=67563
FOLD20_PASSIVE_LOWER old=544 new=872 macros=6 gathers=0
FOLD20_PASSIVE_LOWER old=260 new=664 macros=6 gathers=0
FOLD20_PASSIVE_LOWER old=544 new=872 macros=6 gathers=0
FOLD20_PASSIVE_LOWER old=0 new=0 macros=0 gathers=0
FOLD20_PASSIVE_LOWER old=260 new=664 macros=6 gathers=0
FOLD20_PASSIVE_LOWER old=0 new=0 macros=0 gathers=0
RANK4_LOWER class=4 original_ops=11075 new_ops=8681 symbolic_rank_gates=84 paired_macros=106 conditional_clean=true
FOLD20_T10_RANK4 j=3 last=true low=true old_ops=11075 ops=8681
Q792_JOINT_CODEC held_predicates=7 all_existing_dirty=true restored=true
Q792_JOINT_CODEC held_predicates=7 all_existing_dirty=true restored=true
RANK4_LOWER class=4 original_ops=12885 new_ops=9799 symbolic_rank_gates=108 paired_macros=178 conditional_clean=true
FOLD20_T10_RANK4 j=0 last=true low=true old_ops=12885 ops=9799
RANK4_LOWER class=4 original_ops=13471 new_ops=10225 symbolic_rank_gates=108 paired_macros=178 conditional_clean=true
RANK4_LOWER class=4 original_ops=14301 new_ops=10801 symbolic_rank_gates=108 paired_macros=178 conditional_clean=true
FOLD20_T10_RANK4 j=1 last=true low=true old_ops=13471 ops=10225
FOLD20_T10_RANK4 j=2 last=true low=true old_ops=14301 ops=10801
Q792_JOINT_CODEC held_predicates=7 all_existing_dirty=true restored=true
Q792_JOINT_CODEC held_predicates=16 all_existing_dirty=true restored=true
Q792_JOINT_CODEC held_predicates=16 all_existing_dirty=true restored=true
Q792_JOINT_CODEC held_predicates=7 all_existing_dirty=true restored=true
Q792_JOINT_CODEC held_predicates=16 all_existing_dirty=true restored=true
Q792_JOINT_CODEC held_predicates=16 all_existing_dirty=true restored=true
RANK4_LOWER class=3 original_ops=56401 new_ops=48359 symbolic_rank_gates=704 paired_macros=742 conditional_clean=true
FOLD20_T10_RANK4 j=3 last=false low=true old_ops=56401 ops=48359
FOLD20_PASSIVE_LOWER old=688 new=1138 macros=8 gathers=0
RANK4_LOWER class=3 original_ops=56245 new_ops=48363 symbolic_rank_gates=704 paired_macros=742 conditional_clean=true
FOLD20_T10_RANK4 j=1 last=false low=true old_ops=56245 ops=48363
FOLD20_PASSIVE_LOWER old=260 new=664 macros=6 gathers=0
FOLD20_PASSIVE_LOWER old=544 new=872 macros=6 gathers=0
FOLD20_PASSIVE_LOWER old=1082 new=6864 macros=22 gathers=0
RANK4_LOWER class=3 original_ops=78695 new_ops=67791 symbolic_rank_gates=896 paired_macros=952 conditional_clean=true
RANK4_LOWER class=3 original_ops=78865 new_ops=67791 symbolic_rank_gates=896 paired_macros=952 conditional_clean=true
FOLD20_T10_RANK4 j=2 last=false low=true old_ops=78695 ops=67791
FOLD20_T10_RANK4 j=0 last=false low=true old_ops=78865 ops=67791
FOLD20_PASSIVE_LOWER old=260 new=664 macros=6 gathers=0
FOLD20_PASSIVE_LOWER old=326 new=3110 macros=9 gathers=0
FOLD20_PASSIVE_LOWER old=544 new=872 macros=6 gathers=0
FOLD20_PASSIVE_LOWER old=544 new=872 macros=6 gathers=0
FOLD20_PASSIVE_LOWER old=260 new=664 macros=6 gathers=0
FOLD20_PASSIVE_LOWER old=260 new=664 macros=6 gathers=0
FOLD20_PASSIVE_LOWER old=0 new=0 macros=0 gathers=0
FOLD20_PASSIVE_LOWER old=0 new=0 macros=0 gathers=0
RANK4_LOWER class=4 original_ops=11179 new_ops=8769 symbolic_rank_gates=84 paired_macros=106 conditional_clean=true
FOLD20_T10_RANK4 j=3 last=true low=true old_ops=11179 ops=8769
Q792_JOINT_CODEC held_predicates=7 all_existing_dirty=true restored=true
Q792_JOINT_CODEC held_predicates=7 all_existing_dirty=true restored=true
RANK4_LOWER class=4 original_ops=12989 new_ops=9887 symbolic_rank_gates=108 paired_macros=178 conditional_clean=true
FOLD20_T10_RANK4 j=0 last=true low=true old_ops=12989 ops=9887
RANK4_LOWER class=4 original_ops=13575 new_ops=10313 symbolic_rank_gates=108 paired_macros=178 conditional_clean=true
FOLD20_T10_RANK4 j=1 last=true low=true old_ops=13575 ops=10313
RANK4_LOWER class=4 original_ops=14405 new_ops=10889 symbolic_rank_gates=108 paired_macros=178 conditional_clean=true
FOLD20_T10_RANK4 j=2 last=true low=true old_ops=14405 ops=10889
Q792_JOINT_CODEC held_predicates=7 all_existing_dirty=true restored=true
Q792_JOINT_CODEC held_predicates=16 all_existing_dirty=true restored=true
Q792_JOINT_CODEC held_predicates=16 all_existing_dirty=true restored=true
Q792_JOINT_CODEC held_predicates=7 all_existing_dirty=true restored=true
Q792_JOINT_CODEC held_predicates=16 all_existing_dirty=true restored=true
Q792_JOINT_CODEC held_predicates=16 all_existing_dirty=true restored=true
RANK4_LOWER class=3 original_ops=56645 new_ops=48567 symbolic_rank_gates=704 paired_macros=742 conditional_clean=true
FOLD20_T10_RANK4 j=3 last=false low=true old_ops=56645 ops=48567
RANK4_LOWER class=3 original_ops=56489 new_ops=48571 symbolic_rank_gates=704 paired_macros=742 conditional_clean=true
FOLD20_T10_RANK4 j=1 last=false low=true old_ops=56489 ops=48571
FOLD20_PASSIVE_LOWER old=688 new=1138 macros=8 gathers=0
FOLD20_PASSIVE_LOWER old=260 new=664 macros=6 gathers=0
FOLD20_PASSIVE_LOWER old=544 new=872 macros=6 gathers=0
RANK4_LOWER class=3 original_ops=78939 new_ops=67999 symbolic_rank_gates=896 paired_macros=952 conditional_clean=true
FOLD20_T10_RANK4 j=2 last=false low=true old_ops=78939 ops=67999
FOLD20_PASSIVE_LOWER old=1082 new=6864 macros=22 gathers=0
FOLD20_PASSIVE_LOWER old=260 new=664 macros=6 gathers=0
RANK4_LOWER class=3 original_ops=79109 new_ops=67999 symbolic_rank_gates=896 paired_macros=952 conditional_clean=true
FOLD20_T10_RANK4 j=0 last=false low=true old_ops=79109 ops=67999
FOLD20_PASSIVE_LOWER old=326 new=3110 macros=9 gathers=0
FOLD20_PASSIVE_LOWER old=544 new=872 macros=6 gathers=0
FOLD20_PASSIVE_LOWER old=260 new=664 macros=6 gathers=0
FOLD20_PASSIVE_LOWER old=544 new=872 macros=6 gathers=0
FOLD20_PASSIVE_LOWER old=0 new=0 macros=0 gathers=0
FOLD20_PASSIVE_LOWER old=260 new=664 macros=6 gathers=0
FOLD20_PASSIVE_LOWER old=0 new=0 macros=0 gathers=0
RANK4_LOWER class=4 original_ops=11313 new_ops=8879 symbolic_rank_gates=84 paired_macros=106 conditional_clean=true
FOLD20_T10_RANK4 j=3 last=true low=true old_ops=11313 ops=8879
Q792_JOINT_CODEC held_predicates=7 all_existing_dirty=true restored=true
Q792_JOINT_CODEC held_predicates=7 all_existing_dirty=true restored=true
RANK4_LOWER class=4 original_ops=13123 new_ops=9997 symbolic_rank_gates=108 paired_macros=178 conditional_clean=true
FOLD20_T10_RANK4 j=0 last=true low=true old_ops=13123 ops=9997
RANK4_LOWER class=4 original_ops=13709 new_ops=10423 symbolic_rank_gates=108 paired_macros=178 conditional_clean=true
FOLD20_T10_RANK4 j=1 last=true low=true old_ops=13709 ops=10423
RANK4_LOWER class=4 original_ops=14539 new_ops=10999 symbolic_rank_gates=108 paired_macros=178 conditional_clean=true
FOLD20_T10_RANK4 j=2 last=true low=true old_ops=14539 ops=10999
Q792_JOINT_CODEC held_predicates=16 all_existing_dirty=true restored=true
Q792_JOINT_CODEC held_predicates=7 all_existing_dirty=true restored=true
Q792_JOINT_CODEC held_predicates=7 all_existing_dirty=true restored=true
Q792_JOINT_CODEC held_predicates=16 all_existing_dirty=true restored=true
Q792_JOINT_CODEC held_predicates=16 all_existing_dirty=true restored=true
Q792_JOINT_CODEC held_predicates=16 all_existing_dirty=true restored=true
RANK4_LOWER class=3 original_ops=56893 new_ops=48787 symbolic_rank_gates=704 paired_macros=742 conditional_clean=true
FOLD20_T10_RANK4 j=3 last=false low=true old_ops=56893 ops=48787
RANK4_LOWER class=3 original_ops=56737 new_ops=48791 symbolic_rank_gates=704 paired_macros=742 conditional_clean=true
FOLD20_T10_RANK4 j=1 last=false low=true old_ops=56737 ops=48791
FOLD20_PASSIVE_LOWER old=688 new=1138 macros=8 gathers=0
FOLD20_PASSIVE_LOWER old=260 new=664 macros=6 gathers=0
FOLD20_PASSIVE_LOWER old=544 new=872 macros=6 gathers=0
RANK4_LOWER class=3 original_ops=79357 new_ops=68219 symbolic_rank_gates=896 paired_macros=952 conditional_clean=true
FOLD20_T10_RANK4 j=0 last=false low=true old_ops=79357 ops=68219
FOLD20_PASSIVE_LOWER old=260 new=664 macros=6 gathers=0
FOLD20_PASSIVE_LOWER old=1082 new=6864 macros=22 gathers=0
FOLD20_PASSIVE_LOWER old=326 new=3110 macros=9 gathers=0
FOLD20_PASSIVE_LOWER old=544 new=872 macros=6 gathers=0
RANK4_LOWER class=3 original_ops=79187 new_ops=68219 symbolic_rank_gates=896 paired_macros=952 conditional_clean=true
FOLD20_T10_RANK4 j=2 last=false low=true old_ops=79187 ops=68219
FOLD20_PASSIVE_LOWER old=260 new=664 macros=6 gathers=0
FOLD20_PASSIVE_LOWER old=0 new=0 macros=0 gathers=0
FOLD20_PASSIVE_LOWER old=544 new=872 macros=6 gathers=0
FOLD20_PASSIVE_LOWER old=260 new=664 macros=6 gathers=0
FOLD20_PASSIVE_LOWER old=0 new=0 macros=0 gathers=0
RANK4_LOWER class=4 original_ops=11417 new_ops=8967 symbolic_rank_gates=84 paired_macros=106 conditional_clean=true
FOLD20_T10_RANK4 j=3 last=true low=true old_ops=11417 ops=8967
Q792_JOINT_CODEC held_predicates=7 all_existing_dirty=true restored=true
Q792_JOINT_CODEC held_predicates=7 all_existing_dirty=true restored=true
RANK4_LOWER class=4 original_ops=13813 new_ops=10511 symbolic_rank_gates=108 paired_macros=178 conditional_clean=true
FOLD20_T10_RANK4 j=1 last=true low=true old_ops=13813 ops=10511
Q792_JOINT_CODEC held_predicates=7 all_existing_dirty=true restored=true
RANK4_LOWER class=4 original_ops=13227 new_ops=10085 symbolic_rank_gates=108 paired_macros=178 conditional_clean=true
FOLD20_T10_RANK4 j=0 last=true low=true old_ops=13227 ops=10085
Q792_JOINT_CODEC held_predicates=7 all_existing_dirty=true restored=true
RANK4_LOWER class=4 original_ops=14643 new_ops=11087 symbolic_rank_gates=108 paired_macros=178 conditional_clean=true
FOLD20_T10_RANK4 j=2 last=true low=true old_ops=14643 ops=11087
Q792_JOINT_CODEC held_predicates=16 all_existing_dirty=true restored=true
Q792_JOINT_CODEC held_predicates=16 all_existing_dirty=true restored=true
Q792_JOINT_CODEC held_predicates=16 all_existing_dirty=true restored=true
Q792_JOINT_CODEC held_predicates=16 all_existing_dirty=true restored=true
RANK4_LOWER class=3 original_ops=57145 new_ops=48995 symbolic_rank_gates=704 paired_macros=742 conditional_clean=true
FOLD20_T10_RANK4 j=3 last=false low=true old_ops=57145 ops=48995
RANK4_LOWER class=3 original_ops=56989 new_ops=48999 symbolic_rank_gates=704 paired_macros=742 conditional_clean=true
FOLD20_T10_RANK4 j=1 last=false low=true old_ops=56989 ops=48999
FOLD20_PASSIVE_LOWER old=688 new=1138 macros=8 gathers=0
FOLD20_PASSIVE_LOWER old=260 new=664 macros=6 gathers=0
FOLD20_PASSIVE_LOWER old=544 new=872 macros=6 gathers=0
FOLD20_PASSIVE_LOWER old=260 new=664 macros=6 gathers=0
FOLD20_PASSIVE_LOWER old=1082 new=6864 macros=22 gathers=0
RANK4_LOWER class=3 original_ops=79609 new_ops=68427 symbolic_rank_gates=896 paired_macros=952 conditional_clean=true
FOLD20_PASSIVE_LOWER old=326 new=3110 macros=9 gathers=0
FOLD20_T10_RANK4 j=0 last=false low=true old_ops=79609 ops=68427
RANK4_LOWER class=3 original_ops=79439 new_ops=68427 symbolic_rank_gates=896 paired_macros=952 conditional_clean=true
FOLD20_T10_RANK4 j=2 last=false low=true old_ops=79439 ops=68427
FOLD20_PASSIVE_LOWER old=544 new=872 macros=6 gathers=0
FOLD20_PASSIVE_LOWER old=260 new=664 macros=6 gathers=0
FOLD20_PASSIVE_LOWER old=0 new=0 macros=0 gathers=0
FOLD20_PASSIVE_LOWER old=544 new=872 macros=6 gathers=0
FOLD20_PASSIVE_LOWER old=260 new=664 macros=6 gathers=0
FOLD20_PASSIVE_LOWER old=0 new=0 macros=0 gathers=0
RANK4_LOWER class=4 original_ops=11527 new_ops=9061 symbolic_rank_gates=84 paired_macros=106 conditional_clean=true
FOLD20_T10_RANK4 j=3 last=true low=true old_ops=11527 ops=9061
Q792_JOINT_CODEC held_predicates=7 all_existing_dirty=true restored=true
Q792_JOINT_CODEC held_predicates=7 all_existing_dirty=true restored=true
RANK4_LOWER class=4 original_ops=13337 new_ops=10179 symbolic_rank_gates=108 paired_macros=178 conditional_clean=true
FOLD20_T10_RANK4 j=0 last=true low=true old_ops=13337 ops=10179
RANK4_LOWER class=4 original_ops=13923 new_ops=10605 symbolic_rank_gates=108 paired_macros=178 conditional_clean=true
FOLD20_T10_RANK4 j=1 last=true low=true old_ops=13923 ops=10605
RANK4_LOWER class=4 original_ops=14753 new_ops=11181 symbolic_rank_gates=108 paired_macros=178 conditional_clean=true
FOLD20_T10_RANK4 j=2 last=true low=true old_ops=14753 ops=11181
Q792_JOINT_CODEC held_predicates=7 all_existing_dirty=true restored=true
Q792_JOINT_CODEC held_predicates=16 all_existing_dirty=true restored=true
Q792_JOINT_CODEC held_predicates=16 all_existing_dirty=true restored=true
Q792_JOINT_CODEC held_predicates=7 all_existing_dirty=true restored=true
Q792_JOINT_CODEC held_predicates=16 all_existing_dirty=true restored=true
Q792_JOINT_CODEC held_predicates=16 all_existing_dirty=true restored=true
RANK4_LOWER class=3 original_ops=57393 new_ops=49207 symbolic_rank_gates=704 paired_macros=742 conditional_clean=true
FOLD20_T10_RANK4 j=3 last=false low=true old_ops=57393 ops=49207
FOLD20_PASSIVE_LOWER old=688 new=1138 macros=8 gathers=0
FOLD20_PASSIVE_LOWER old=260 new=664 macros=6 gathers=0
RANK4_LOWER class=3 original_ops=57237 new_ops=49211 symbolic_rank_gates=704 paired_macros=742 conditional_clean=true
FOLD20_T10_RANK4 j=1 last=false low=true old_ops=57237 ops=49211
FOLD20_PASSIVE_LOWER old=1082 new=6864 macros=22 gathers=0
FOLD20_PASSIVE_LOWER old=544 new=872 macros=6 gathers=0
RANK4_LOWER class=3 original_ops=79857 new_ops=68639 symbolic_rank_gates=896 paired_macros=952 conditional_clean=true
FOLD20_T10_RANK4 j=0 last=false low=true old_ops=79857 ops=68639
FOLD20_PASSIVE_LOWER old=260 new=664 macros=6 gathers=0
RANK4_LOWER class=3 original_ops=79687 new_ops=68639 symbolic_rank_gates=896 paired_macros=952 conditional_clean=true
FOLD20_T10_RANK4 j=2 last=false low=true old_ops=79687 ops=68639
FOLD20_PASSIVE_LOWER old=326 new=3110 macros=9 gathers=0
FOLD20_PASSIVE_LOWER old=544 new=872 macros=6 gathers=0
FOLD20_PASSIVE_LOWER old=260 new=664 macros=6 gathers=0
FOLD20_PASSIVE_LOWER old=544 new=872 macros=6 gathers=0
FOLD20_PASSIVE_LOWER old=0 new=0 macros=0 gathers=0
FOLD20_PASSIVE_LOWER old=260 new=664 macros=6 gathers=0
FOLD20_PASSIVE_LOWER old=0 new=0 macros=0 gathers=0
RANK4_LOWER class=4 original_ops=11631 new_ops=9149 symbolic_rank_gates=84 paired_macros=106 conditional_clean=true
FOLD20_T10_RANK4 j=3 last=true low=true old_ops=11631 ops=9149
Q792_JOINT_CODEC held_predicates=7 all_existing_dirty=true restored=true
Q792_JOINT_CODEC held_predicates=7 all_existing_dirty=true restored=true
RANK4_LOWER class=4 original_ops=13441 new_ops=10267 symbolic_rank_gates=108 paired_macros=178 conditional_clean=true
FOLD20_T10_RANK4 j=0 last=true low=true old_ops=13441 ops=10267
RANK4_LOWER class=4 original_ops=14857 new_ops=11269 symbolic_rank_gates=108 paired_macros=178 conditional_clean=true
FOLD20_T10_RANK4 j=2 last=true low=true old_ops=14857 ops=11269
RANK4_LOWER class=4 original_ops=14027 new_ops=10693 symbolic_rank_gates=108 paired_macros=178 conditional_clean=true
FOLD20_T10_RANK4 j=1 last=true low=true old_ops=14027 ops=10693
Q792_JOINT_CODEC held_predicates=7 all_existing_dirty=true restored=true
Q792_JOINT_CODEC held_predicates=16 all_existing_dirty=true restored=true
Q792_JOINT_CODEC held_predicates=16 all_existing_dirty=true restored=true
Q792_JOINT_CODEC held_predicates=7 all_existing_dirty=true restored=true
Q792_JOINT_CODEC held_predicates=16 all_existing_dirty=true restored=true
Q792_JOINT_CODEC held_predicates=16 all_existing_dirty=true restored=true
RANK4_LOWER class=3 original_ops=57637 new_ops=49415 symbolic_rank_gates=704 paired_macros=742 conditional_clean=true
FOLD20_T10_RANK4 j=3 last=false low=true old_ops=57637 ops=49415
RANK4_LOWER class=3 original_ops=57481 new_ops=49419 symbolic_rank_gates=704 paired_macros=742 conditional_clean=true
FOLD20_T10_RANK4 j=1 last=false low=true old_ops=57481 ops=49419
FOLD20_PASSIVE_LOWER old=688 new=1138 macros=8 gathers=0
FOLD20_PASSIVE_LOWER old=544 new=872 macros=6 gathers=0
FOLD20_PASSIVE_LOWER old=260 new=664 macros=6 gathers=0
FOLD20_PASSIVE_LOWER old=260 new=664 macros=6 gathers=0
RANK4_LOWER class=3 original_ops=79931 new_ops=68847 symbolic_rank_gates=896 paired_macros=952 conditional_clean=true
FOLD20_T10_RANK4 j=2 last=false low=true old_ops=79931 ops=68847
RANK4_LOWER class=3 original_ops=80101 new_ops=68847 symbolic_rank_gates=896 paired_macros=952 conditional_clean=true
FOLD20_PASSIVE_LOWER old=1082 new=6864 macros=22 gathers=0
FOLD20_PASSIVE_LOWER old=326 new=3110 macros=9 gathers=0
FOLD20_T10_RANK4 j=0 last=false low=true old_ops=80101 ops=68847
FOLD20_PASSIVE_LOWER old=544 new=872 macros=6 gathers=0
FOLD20_PASSIVE_LOWER old=260 new=664 macros=6 gathers=0
FOLD20_PASSIVE_LOWER old=0 new=0 macros=0 gathers=0
FOLD20_PASSIVE_LOWER old=544 new=872 macros=6 gathers=0
FOLD20_PASSIVE_LOWER old=260 new=664 macros=6 gathers=0
FOLD20_PASSIVE_LOWER old=0 new=0 macros=0 gathers=0
RANK4_LOWER class=4 original_ops=11761 new_ops=9255 symbolic_rank_gates=84 paired_macros=106 conditional_clean=true
FOLD20_T10_RANK4 j=3 last=true low=true old_ops=11761 ops=9255
Q792_JOINT_CODEC held_predicates=7 all_existing_dirty=true restored=true
Q792_JOINT_CODEC held_predicates=7 all_existing_dirty=true restored=true
RANK4_LOWER class=4 original_ops=13571 new_ops=10373 symbolic_rank_gates=108 paired_macros=178 conditional_clean=true
FOLD20_T10_RANK4 j=0 last=true low=true old_ops=13571 ops=10373
RANK4_LOWER class=4 original_ops=14157 new_ops=10799 symbolic_rank_gates=108 paired_macros=178 conditional_clean=true
FOLD20_T10_RANK4 j=1 last=true low=true old_ops=14157 ops=10799
RANK4_LOWER class=4 original_ops=14987 new_ops=11375 symbolic_rank_gates=108 paired_macros=178 conditional_clean=true
FOLD20_T10_RANK4 j=2 last=true low=true old_ops=14987 ops=11375
Q792_JOINT_CODEC held_predicates=7 all_existing_dirty=true restored=true
Q792_JOINT_CODEC held_predicates=16 all_existing_dirty=true restored=true
Q792_JOINT_CODEC held_predicates=7 all_existing_dirty=true restored=true
Q792_JOINT_CODEC held_predicates=16 all_existing_dirty=true restored=true
Q792_JOINT_CODEC held_predicates=16 all_existing_dirty=true restored=true
Q792_JOINT_CODEC held_predicates=16 all_existing_dirty=true restored=true
RANK4_LOWER class=3 original_ops=57881 new_ops=49631 symbolic_rank_gates=704 paired_macros=742 conditional_clean=true
FOLD20_T10_RANK4 j=3 last=false low=true old_ops=57881 ops=49631
RANK4_LOWER class=3 original_ops=57725 new_ops=49635 symbolic_rank_gates=704 paired_macros=742 conditional_clean=true
FOLD20_T10_RANK4 j=1 last=false low=true old_ops=57725 ops=49635
FOLD20_PASSIVE_LOWER old=688 new=1138 macros=8 gathers=0
FOLD20_PASSIVE_LOWER old=260 new=664 macros=6 gathers=0
FOLD20_PASSIVE_LOWER old=544 new=872 macros=6 gathers=0
FOLD20_PASSIVE_LOWER old=260 new=664 macros=6 gathers=0
RANK4_LOWER class=3 original_ops=80345 new_ops=69063 symbolic_rank_gates=896 paired_macros=952 conditional_clean=true
FOLD20_T10_RANK4 j=0 last=false low=true old_ops=80345 ops=69063
FOLD20_PASSIVE_LOWER old=1082 new=6864 macros=22 gathers=0
FOLD20_PASSIVE_LOWER old=326 new=3110 macros=9 gathers=0
RANK4_LOWER class=3 original_ops=80175 new_ops=69063 symbolic_rank_gates=896 paired_macros=952 conditional_clean=true
FOLD20_T10_RANK4 j=2 last=false low=true old_ops=80175 ops=69063
FOLD20_PASSIVE_LOWER old=544 new=872 macros=6 gathers=0
FOLD20_PASSIVE_LOWER old=260 new=664 macros=6 gathers=0
FOLD20_PASSIVE_LOWER old=544 new=872 macros=6 gathers=0
FOLD20_PASSIVE_LOWER old=0 new=0 macros=0 gathers=0
FOLD20_PASSIVE_LOWER old=260 new=664 macros=6 gathers=0
FOLD20_PASSIVE_LOWER old=0 new=0 macros=0 gathers=0
RANK4_LOWER class=4 original_ops=11865 new_ops=9343 symbolic_rank_gates=84 paired_macros=106 conditional_clean=true
FOLD20_T10_RANK4 j=3 last=true low=true old_ops=11865 ops=9343
Q792_JOINT_CODEC held_predicates=7 all_existing_dirty=true restored=true
Q792_JOINT_CODEC held_predicates=7 all_existing_dirty=true restored=true
RANK4_LOWER class=4 original_ops=13675 new_ops=10461 symbolic_rank_gates=108 paired_macros=178 conditional_clean=true
FOLD20_T10_RANK4 j=0 last=true low=true old_ops=13675 ops=10461
RANK4_LOWER class=4 original_ops=15091 new_ops=11463 symbolic_rank_gates=108 paired_macros=178 conditional_clean=true
FOLD20_T10_RANK4 j=2 last=true low=true old_ops=15091 ops=11463
RANK4_LOWER class=4 original_ops=14261 new_ops=10887 symbolic_rank_gates=108 paired_macros=178 conditional_clean=true
FOLD20_T10_RANK4 j=1 last=true low=true old_ops=14261 ops=10887
Q792_JOINT_CODEC held_predicates=7 all_existing_dirty=true restored=true
Q792_JOINT_CODEC held_predicates=16 all_existing_dirty=true restored=true
Q792_JOINT_CODEC held_predicates=16 all_existing_dirty=true restored=true
Q792_JOINT_CODEC held_predicates=7 all_existing_dirty=true restored=true
Q792_JOINT_CODEC held_predicates=16 all_existing_dirty=true restored=true
Q792_JOINT_CODEC held_predicates=16 all_existing_dirty=true restored=true
RANK4_LOWER class=3 original_ops=58125 new_ops=49839 symbolic_rank_gates=704 paired_macros=742 conditional_clean=true
FOLD20_T10_RANK4 j=3 last=false low=true old_ops=58125 ops=49839
FOLD20_PASSIVE_LOWER old=688 new=1138 macros=8 gathers=0
FOLD20_PASSIVE_LOWER old=260 new=664 macros=6 gathers=0
RANK4_LOWER class=3 original_ops=57969 new_ops=49843 symbolic_rank_gates=704 paired_macros=742 conditional_clean=true
FOLD20_T10_RANK4 j=1 last=false low=true old_ops=57969 ops=49843
RANK4_LOWER class=3 original_ops=80419 new_ops=69271 symbolic_rank_gates=896 paired_macros=952 conditional_clean=true
FOLD20_T10_RANK4 j=2 last=false low=true old_ops=80419 ops=69271
FOLD20_PASSIVE_LOWER old=1082 new=6864 macros=22 gathers=0
RANK4_LOWER class=3 original_ops=80589 new_ops=69271 symbolic_rank_gates=896 paired_macros=952 conditional_clean=true
FOLD20_T10_RANK4 j=0 last=false low=true old_ops=80589 ops=69271
FOLD20_PASSIVE_LOWER old=544 new=872 macros=6 gathers=0
FOLD20_PASSIVE_LOWER old=260 new=664 macros=6 gathers=0
FOLD20_PASSIVE_LOWER old=544 new=872 macros=6 gathers=0
FOLD20_PASSIVE_LOWER old=260 new=664 macros=6 gathers=0
FOLD20_PASSIVE_LOWER old=544 new=872 macros=6 gathers=0
FOLD20_PASSIVE_LOWER old=326 new=3110 macros=9 gathers=0
FOLD20_PASSIVE_LOWER old=260 new=664 macros=6 gathers=0
FOLD20_PASSIVE_LOWER old=0 new=0 macros=0 gathers=0
FOLD20_PASSIVE_LOWER old=0 new=0 macros=0 gathers=0
RANK4_LOWER class=4 original_ops=11975 new_ops=9437 symbolic_rank_gates=84 paired_macros=106 conditional_clean=true
FOLD20_T10_RANK4 j=3 last=true low=true old_ops=11975 ops=9437
Q792_JOINT_CODEC held_predicates=7 all_existing_dirty=true restored=true
Q792_JOINT_CODEC held_predicates=7 all_existing_dirty=true restored=true
RANK4_LOWER class=4 original_ops=13785 new_ops=10555 symbolic_rank_gates=108 paired_macros=178 conditional_clean=true
FOLD20_T10_RANK4 j=0 last=true low=true old_ops=13785 ops=10555
RANK4_LOWER class=4 original_ops=15201 new_ops=11557 symbolic_rank_gates=108 paired_macros=178 conditional_clean=true
FOLD20_T10_RANK4 j=2 last=true low=true old_ops=15201 ops=11557
RANK4_LOWER class=4 original_ops=14371 new_ops=10981 symbolic_rank_gates=108 paired_macros=178 conditional_clean=true
FOLD20_T10_RANK4 j=1 last=true low=true old_ops=14371 ops=10981
Q792_JOINT_CODEC held_predicates=16 all_existing_dirty=true restored=true
Q792_JOINT_CODEC held_predicates=7 all_existing_dirty=true restored=true
Q792_JOINT_CODEC held_predicates=16 all_existing_dirty=true restored=true
Q792_JOINT_CODEC held_predicates=7 all_existing_dirty=true restored=true
Q792_JOINT_CODEC held_predicates=16 all_existing_dirty=true restored=true
Q792_JOINT_CODEC held_predicates=16 all_existing_dirty=true restored=true
RANK4_LOWER class=3 original_ops=58365 new_ops=50051 symbolic_rank_gates=704 paired_macros=742 conditional_clean=true
FOLD20_T10_RANK4 j=3 last=false low=true old_ops=58365 ops=50051
FOLD20_PASSIVE_LOWER old=688 new=1138 macros=8 gathers=0
FOLD20_PASSIVE_LOWER old=260 new=664 macros=6 gathers=0
FOLD20_PASSIVE_LOWER old=1082 new=6864 macros=22 gathers=0
RANK4_LOWER class=3 original_ops=58209 new_ops=50055 symbolic_rank_gates=704 paired_macros=742 conditional_clean=true
FOLD20_T10_RANK4 j=1 last=false low=true old_ops=58209 ops=50055
FOLD20_PASSIVE_LOWER old=544 new=872 macros=6 gathers=0
RANK4_LOWER class=3 original_ops=80829 new_ops=69483 symbolic_rank_gates=896 paired_macros=952 conditional_clean=true
FOLD20_T10_RANK4 j=0 last=false low=true old_ops=80829 ops=69483
FOLD20_PASSIVE_LOWER old=260 new=664 macros=6 gathers=0
RANK4_LOWER class=3 original_ops=80659 new_ops=69483 symbolic_rank_gates=896 paired_macros=952 conditional_clean=true
FOLD20_T10_RANK4 j=2 last=false low=true old_ops=80659 ops=69483
FOLD20_PASSIVE_LOWER old=326 new=3110 macros=9 gathers=0
FOLD20_PASSIVE_LOWER old=544 new=872 macros=6 gathers=0
FOLD20_PASSIVE_LOWER old=544 new=872 macros=6 gathers=0
FOLD20_PASSIVE_LOWER old=260 new=664 macros=6 gathers=0
FOLD20_PASSIVE_LOWER old=260 new=664 macros=6 gathers=0
FOLD20_PASSIVE_LOWER old=0 new=0 macros=0 gathers=0
FOLD20_PASSIVE_LOWER old=0 new=0 macros=0 gathers=0
RANK4_LOWER class=4 original_ops=12079 new_ops=9525 symbolic_rank_gates=84 paired_macros=106 conditional_clean=true
FOLD20_T10_RANK4 j=3 last=true low=true old_ops=12079 ops=9525
Q792_JOINT_CODEC held_predicates=7 all_existing_dirty=true restored=true
Q792_JOINT_CODEC held_predicates=7 all_existing_dirty=true restored=true
RANK4_LOWER class=4 original_ops=13889 new_ops=10643 symbolic_rank_gates=108 paired_macros=178 conditional_clean=true
FOLD20_T10_RANK4 j=0 last=true low=true old_ops=13889 ops=10643
RANK4_LOWER class=4 original_ops=14475 new_ops=11069 symbolic_rank_gates=108 paired_macros=178 conditional_clean=true
FOLD20_T10_RANK4 j=1 last=true low=true old_ops=14475 ops=11069
RANK4_LOWER class=4 original_ops=15305 new_ops=11645 symbolic_rank_gates=108 paired_macros=178 conditional_clean=true
FOLD20_T10_RANK4 j=2 last=true low=true old_ops=15305 ops=11645
Q792_JOINT_CODEC held_predicates=7 all_existing_dirty=true restored=true
Q792_JOINT_CODEC held_predicates=16 all_existing_dirty=true restored=true
Q792_JOINT_CODEC held_predicates=16 all_existing_dirty=true restored=true
Q792_JOINT_CODEC held_predicates=7 all_existing_dirty=true restored=true
Q792_JOINT_CODEC held_predicates=16 all_existing_dirty=true restored=true
Q792_JOINT_CODEC held_predicates=16 all_existing_dirty=true restored=true
RANK4_LOWER class=3 original_ops=58601 new_ops=50259 symbolic_rank_gates=704 paired_macros=742 conditional_clean=true
FOLD20_T10_RANK4 j=3 last=false low=true old_ops=58601 ops=50259
RANK4_LOWER class=3 original_ops=58445 new_ops=50263 symbolic_rank_gates=704 paired_macros=742 conditional_clean=true
FOLD20_T10_RANK4 j=1 last=false low=true old_ops=58445 ops=50263
FOLD20_PASSIVE_LOWER old=688 new=1138 macros=8 gathers=0
FOLD20_PASSIVE_LOWER old=260 new=664 macros=6 gathers=0
FOLD20_PASSIVE_LOWER old=544 new=872 macros=6 gathers=0
FOLD20_PASSIVE_LOWER old=260 new=664 macros=6 gathers=0
FOLD20_PASSIVE_LOWER old=1082 new=6864 macros=22 gathers=0
FOLD20_PASSIVE_LOWER old=326 new=3110 macros=9 gathers=0
RANK4_LOWER class=3 original_ops=80895 new_ops=69691 symbolic_rank_gates=896 paired_macros=952 conditional_clean=true
FOLD20_T10_RANK4 j=2 last=false low=true old_ops=80895 ops=69691
RANK4_LOWER class=3 original_ops=81065 new_ops=69691 symbolic_rank_gates=896 paired_macros=952 conditional_clean=true
FOLD20_T10_RANK4 j=0 last=false low=true old_ops=81065 ops=69691
FOLD20_PASSIVE_LOWER old=544 new=872 macros=6 gathers=0
FOLD20_PASSIVE_LOWER old=260 new=664 macros=6 gathers=0
FOLD20_PASSIVE_LOWER old=544 new=872 macros=6 gathers=0
FOLD20_PASSIVE_LOWER old=260 new=664 macros=6 gathers=0
FOLD20_PASSIVE_LOWER old=0 new=0 macros=0 gathers=0
FOLD20_PASSIVE_LOWER old=0 new=0 macros=0 gathers=0
RANK4_LOWER class=4 original_ops=12371 new_ops=9679 symbolic_rank_gates=84 paired_macros=116 conditional_clean=true
FOLD20_T10_RANK4 j=3 last=true low=true old_ops=12371 ops=9679
Q792_JOINT_CODEC held_predicates=7 all_existing_dirty=true restored=true
Q792_JOINT_CODEC held_predicates=7 all_existing_dirty=true restored=true
RANK4_LOWER class=4 original_ops=14767 new_ops=11223 symbolic_rank_gates=108 paired_macros=188 conditional_clean=true
FOLD20_T10_RANK4 j=1 last=true low=true old_ops=14767 ops=11223
RANK4_LOWER class=4 original_ops=14181 new_ops=10797 symbolic_rank_gates=108 paired_macros=188 conditional_clean=true
FOLD20_T10_RANK4 j=0 last=true low=true old_ops=14181 ops=10797
RANK4_LOWER class=4 original_ops=15597 new_ops=11799 symbolic_rank_gates=108 paired_macros=188 conditional_clean=true
FOLD20_T10_RANK4 j=2 last=true low=true old_ops=15597 ops=11799
Q792_JOINT_CODEC held_predicates=7 all_existing_dirty=true restored=true
Q792_JOINT_CODEC held_predicates=16 all_existing_dirty=true restored=true
Q792_JOINT_CODEC held_predicates=16 all_existing_dirty=true restored=true
Q792_JOINT_CODEC held_predicates=7 all_existing_dirty=true restored=true
Q792_JOINT_CODEC held_predicates=16 all_existing_dirty=true restored=true
Q792_JOINT_CODEC held_predicates=16 all_existing_dirty=true restored=true
RANK4_LOWER class=3 original_ops=58957 new_ops=50481 symbolic_rank_gates=704 paired_macros=752 conditional_clean=true
FOLD20_T10_RANK4 j=3 last=false low=true old_ops=58957 ops=50481
FOLD20_PASSIVE_LOWER old=688 new=1138 macros=8 gathers=0
FOLD20_PASSIVE_LOWER old=260 new=664 macros=6 gathers=0
RANK4_LOWER class=3 original_ops=58801 new_ops=50485 symbolic_rank_gates=704 paired_macros=752 conditional_clean=true
FOLD20_T10_RANK4 j=1 last=false low=true old_ops=58801 ops=50485
FOLD20_PASSIVE_LOWER old=1082 new=6864 macros=22 gathers=0
FOLD20_PASSIVE_LOWER old=544 new=872 macros=6 gathers=0
FOLD20_PASSIVE_LOWER old=260 new=664 macros=6 gathers=0
FOLD20_PASSIVE_LOWER old=326 new=3110 macros=9 gathers=0
RANK4_LOWER class=3 original_ops=81421 new_ops=69913 symbolic_rank_gates=896 paired_macros=962 conditional_clean=true
FOLD20_T10_RANK4 j=0 last=false low=true old_ops=81421 ops=69913
RANK4_LOWER class=3 original_ops=81251 new_ops=69913 symbolic_rank_gates=896 paired_macros=962 conditional_clean=true
FOLD20_T10_RANK4 j=2 last=false low=true old_ops=81251 ops=69913
FOLD20_PASSIVE_LOWER old=544 new=872 macros=6 gathers=0
FOLD20_PASSIVE_LOWER old=260 new=664 macros=6 gathers=0
FOLD20_PASSIVE_LOWER old=544 new=872 macros=6 gathers=0
FOLD20_PASSIVE_LOWER old=0 new=0 macros=0 gathers=0
FOLD20_PASSIVE_LOWER old=260 new=664 macros=6 gathers=0
FOLD20_PASSIVE_LOWER old=0 new=0 macros=0 gathers=0
RANK4_LOWER class=4 original_ops=12479 new_ops=9771 symbolic_rank_gates=84 paired_macros=116 conditional_clean=true
FOLD20_T10_RANK4 j=3 last=true low=true old_ops=12479 ops=9771
Q792_JOINT_CODEC held_predicates=7 all_existing_dirty=true restored=true
Q792_JOINT_CODEC held_predicates=7 all_existing_dirty=true restored=true
RANK4_LOWER class=4 original_ops=14289 new_ops=10889 symbolic_rank_gates=108 paired_macros=188 conditional_clean=true
FOLD20_T10_RANK4 j=0 last=true low=true old_ops=14289 ops=10889
RANK4_LOWER class=4 original_ops=14875 new_ops=11315 symbolic_rank_gates=108 paired_macros=188 conditional_clean=true
FOLD20_T10_RANK4 j=1 last=true low=true old_ops=14875 ops=11315
RANK4_LOWER class=4 original_ops=15705 new_ops=11891 symbolic_rank_gates=108 paired_macros=188 conditional_clean=true
FOLD20_T10_RANK4 j=2 last=true low=true old_ops=15705 ops=11891
Q792_JOINT_CODEC held_predicates=16 all_existing_dirty=true restored=true
Q792_JOINT_CODEC held_predicates=7 all_existing_dirty=true restored=true
Q792_JOINT_CODEC held_predicates=16 all_existing_dirty=true restored=true
Q792_JOINT_CODEC held_predicates=7 all_existing_dirty=true restored=true
Q792_JOINT_CODEC held_predicates=16 all_existing_dirty=true restored=true
Q792_JOINT_CODEC held_predicates=16 all_existing_dirty=true restored=true
RANK4_LOWER class=3 original_ops=59165 new_ops=50653 symbolic_rank_gates=704 paired_macros=752 conditional_clean=true
FOLD20_T10_RANK4 j=3 last=false low=true old_ops=59165 ops=50653
FOLD20_PASSIVE_LOWER old=688 new=1138 macros=8 gathers=0
RANK4_LOWER class=3 original_ops=59009 new_ops=50657 symbolic_rank_gates=704 paired_macros=752 conditional_clean=true
FOLD20_T10_RANK4 j=1 last=false low=true old_ops=59009 ops=50657
FOLD20_PASSIVE_LOWER old=260 new=664 macros=6 gathers=0
FOLD20_PASSIVE_LOWER old=544 new=872 macros=6 gathers=0
FOLD20_PASSIVE_LOWER old=1082 new=6864 macros=22 gathers=0
RANK4_LOWER class=3 original_ops=81629 new_ops=70085 symbolic_rank_gates=896 paired_macros=962 conditional_clean=true
FOLD20_T10_RANK4 j=0 last=false low=true old_ops=81629 ops=70085
FOLD20_PASSIVE_LOWER old=260 new=664 macros=6 gathers=0
RANK4_LOWER class=3 original_ops=81459 new_ops=70085 symbolic_rank_gates=896 paired_macros=962 conditional_clean=true
FOLD20_T10_RANK4 j=2 last=false low=true old_ops=81459 ops=70085
FOLD20_PASSIVE_LOWER old=326 new=3110 macros=9 gathers=0
FOLD20_PASSIVE_LOWER old=544 new=872 macros=6 gathers=0
FOLD20_PASSIVE_LOWER old=544 new=872 macros=6 gathers=0
FOLD20_PASSIVE_LOWER old=260 new=664 macros=6 gathers=0
FOLD20_PASSIVE_LOWER old=260 new=664 macros=6 gathers=0
FOLD20_PASSIVE_LOWER old=0 new=0 macros=0 gathers=0
FOLD20_PASSIVE_LOWER old=0 new=0 macros=0 gathers=0
RANK4_LOWER class=4 original_ops=12589 new_ops=9865 symbolic_rank_gates=84 paired_macros=116 conditional_clean=true
FOLD20_T10_RANK4 j=3 last=true low=true old_ops=12589 ops=9865
RANK4_LOWER class=4 original_ops=14985 new_ops=11409 symbolic_rank_gates=108 paired_macros=188 conditional_clean=true
FOLD20_T10_RANK4 j=1 last=true low=true old_ops=14985 ops=11409
RANK4_LOWER class=4 original_ops=14399 new_ops=10983 symbolic_rank_gates=108 paired_macros=188 conditional_clean=true
FOLD20_T10_RANK4 j=0 last=true low=true old_ops=14399 ops=10983
Q792_JOINT_CODEC held_predicates=7 all_existing_dirty=true restored=true
Q792_JOINT_CODEC held_predicates=7 all_existing_dirty=true restored=true
Q792_JOINT_CODEC held_predicates=7 all_existing_dirty=true restored=true
Q792_JOINT_CODEC held_predicates=16 all_existing_dirty=true restored=true
Q792_JOINT_CODEC held_predicates=7 all_existing_dirty=true restored=true
Q792_JOINT_CODEC held_predicates=16 all_existing_dirty=true restored=true
RANK4_LOWER class=4 original_ops=15815 new_ops=11985 symbolic_rank_gates=108 paired_macros=188 conditional_clean=true
FOLD20_T10_RANK4 j=2 last=true low=true old_ops=15815 ops=11985
Q792_JOINT_CODEC held_predicates=16 all_existing_dirty=true restored=true
Q792_JOINT_CODEC held_predicates=16 all_existing_dirty=true restored=true
RANK4_LOWER class=3 original_ops=59357 new_ops=50817 symbolic_rank_gates=704 paired_macros=752 conditional_clean=true
FOLD20_T10_RANK4 j=3 last=false low=true old_ops=59357 ops=50817
RANK4_LOWER class=3 original_ops=59201 new_ops=50821 symbolic_rank_gates=704 paired_macros=752 conditional_clean=true
FOLD20_T10_RANK4 j=1 last=false low=true old_ops=59201 ops=50821
FOLD20_PASSIVE_LOWER old=688 new=1138 macros=8 gathers=0
FOLD20_PASSIVE_LOWER old=544 new=872 macros=6 gathers=0
RANK4_LOWER class=3 original_ops=81821 new_ops=70249 symbolic_rank_gates=896 paired_macros=962 conditional_clean=true
FOLD20_T10_RANK4 j=0 last=false low=true old_ops=81821 ops=70249
FOLD20_PASSIVE_LOWER old=260 new=664 macros=6 gathers=0
FOLD20_PASSIVE_LOWER old=260 new=664 macros=6 gathers=0
FOLD20_PASSIVE_LOWER old=326 new=3110 macros=9 gathers=0
FOLD20_PASSIVE_LOWER old=1082 new=6864 macros=22 gathers=0
FOLD20_PASSIVE_LOWER old=544 new=872 macros=6 gathers=0
FOLD20_PASSIVE_LOWER old=260 new=664 macros=6 gathers=0
FOLD20_PASSIVE_LOWER old=0 new=0 macros=0 gathers=0
RANK4_LOWER class=3 original_ops=81651 new_ops=70249 symbolic_rank_gates=896 paired_macros=962 conditional_clean=true
FOLD20_T10_RANK4 j=2 last=false low=true old_ops=81651 ops=70249
FOLD20_PASSIVE_LOWER old=544 new=872 macros=6 gathers=0
FOLD20_PASSIVE_LOWER old=260 new=664 macros=6 gathers=0
FOLD20_PASSIVE_LOWER old=0 new=0 macros=0 gathers=0
RANK4_LOWER class=4 original_ops=12697 new_ops=9957 symbolic_rank_gates=84 paired_macros=116 conditional_clean=true
FOLD20_T10_RANK4 j=3 last=true low=true old_ops=12697 ops=9957
Q792_JOINT_CODEC held_predicates=7 all_existing_dirty=true restored=true
Q792_JOINT_CODEC held_predicates=7 all_existing_dirty=true restored=true
RANK4_LOWER class=4 original_ops=14507 new_ops=11075 symbolic_rank_gates=108 paired_macros=188 conditional_clean=true
FOLD20_T10_RANK4 j=0 last=true low=true old_ops=14507 ops=11075
RANK4_LOWER class=4 original_ops=15093 new_ops=11501 symbolic_rank_gates=108 paired_macros=188 conditional_clean=true
FOLD20_T10_RANK4 j=1 last=true low=true old_ops=15093 ops=11501
RANK4_LOWER class=4 original_ops=15923 new_ops=12077 symbolic_rank_gates=108 paired_macros=188 conditional_clean=true
FOLD20_T10_RANK4 j=2 last=true low=true old_ops=15923 ops=12077
Q792_JOINT_CODEC held_predicates=7 all_existing_dirty=true restored=true
Q792_JOINT_CODEC held_predicates=16 all_existing_dirty=true restored=true
Q792_JOINT_CODEC held_predicates=7 all_existing_dirty=true restored=true
Q792_JOINT_CODEC held_predicates=16 all_existing_dirty=true restored=true
Q792_JOINT_CODEC held_predicates=16 all_existing_dirty=true restored=true
Q792_JOINT_CODEC held_predicates=16 all_existing_dirty=true restored=true
RANK4_LOWER class=3 original_ops=59629 new_ops=51037 symbolic_rank_gates=704 paired_macros=752 conditional_clean=true
FOLD20_T10_RANK4 j=3 last=false low=true old_ops=59629 ops=51037
RANK4_LOWER class=3 original_ops=59473 new_ops=51041 symbolic_rank_gates=704 paired_macros=752 conditional_clean=true
FOLD20_T10_RANK4 j=1 last=false low=true old_ops=59473 ops=51041
FOLD20_PASSIVE_LOWER old=688 new=1138 macros=8 gathers=0
FOLD20_PASSIVE_LOWER old=260 new=664 macros=6 gathers=0
FOLD20_PASSIVE_LOWER old=544 new=872 macros=6 gathers=0
FOLD20_PASSIVE_LOWER old=260 new=664 macros=6 gathers=0
FOLD20_PASSIVE_LOWER old=1082 new=6864 macros=22 gathers=0
FOLD20_PASSIVE_LOWER old=326 new=3110 macros=9 gathers=0
RANK4_LOWER class=3 original_ops=82093 new_ops=70469 symbolic_rank_gates=896 paired_macros=962 conditional_clean=true
FOLD20_T10_RANK4 j=0 last=false low=true old_ops=82093 ops=70469
RANK4_LOWER class=3 original_ops=81923 new_ops=70469 symbolic_rank_gates=896 paired_macros=962 conditional_clean=true
FOLD20_T10_RANK4 j=2 last=false low=true old_ops=81923 ops=70469
FOLD20_PASSIVE_LOWER old=544 new=872 macros=6 gathers=0
FOLD20_PASSIVE_LOWER old=544 new=872 macros=6 gathers=0
FOLD20_PASSIVE_LOWER old=260 new=664 macros=6 gathers=0
FOLD20_PASSIVE_LOWER old=260 new=664 macros=6 gathers=0
FOLD20_PASSIVE_LOWER old=0 new=0 macros=0 gathers=0
FOLD20_PASSIVE_LOWER old=0 new=0 macros=0 gathers=0
RANK4_LOWER class=4 original_ops=12823 new_ops=10059 symbolic_rank_gates=84 paired_macros=116 conditional_clean=true
FOLD20_T10_RANK4 j=3 last=true low=true old_ops=12823 ops=10059
Q792_JOINT_CODEC held_predicates=7 all_existing_dirty=true restored=true
Q792_JOINT_CODEC held_predicates=7 all_existing_dirty=true restored=true
RANK4_LOWER class=4 original_ops=15219 new_ops=11603 symbolic_rank_gates=108 paired_macros=188 conditional_clean=true
FOLD20_T10_RANK4 j=1 last=true low=true old_ops=15219 ops=11603
RANK4_LOWER class=4 original_ops=14633 new_ops=11177 symbolic_rank_gates=108 paired_macros=188 conditional_clean=true
FOLD20_T10_RANK4 j=0 last=true low=true old_ops=14633 ops=11177
RANK4_LOWER class=4 original_ops=16049 new_ops=12179 symbolic_rank_gates=108 paired_macros=188 conditional_clean=true
FOLD20_T10_RANK4 j=2 last=true low=true old_ops=16049 ops=12179
Q792_JOINT_CODEC held_predicates=7 all_existing_dirty=true restored=true
Q792_JOINT_CODEC held_predicates=7 all_existing_dirty=true restored=true
Q792_JOINT_CODEC held_predicates=16 all_existing_dirty=true restored=true
Q792_JOINT_CODEC held_predicates=16 all_existing_dirty=true restored=true
Q792_JOINT_CODEC held_predicates=16 all_existing_dirty=true restored=true
Q792_JOINT_CODEC held_predicates=16 all_existing_dirty=true restored=true
RANK4_LOWER class=3 original_ops=59841 new_ops=51221 symbolic_rank_gates=704 paired_macros=752 conditional_clean=true
FOLD20_T10_RANK4 j=3 last=false low=true old_ops=59841 ops=51221
RANK4_LOWER class=3 original_ops=59685 new_ops=51225 symbolic_rank_gates=704 paired_macros=752 conditional_clean=true
FOLD20_PASSIVE_LOWER old=688 new=1138 macros=8 gathers=0
FOLD20_T10_RANK4 j=1 last=false low=true old_ops=59685 ops=51225
FOLD20_PASSIVE_LOWER old=260 new=664 macros=6 gathers=0
FOLD20_PASSIVE_LOWER old=544 new=872 macros=6 gathers=0
FOLD20_PASSIVE_LOWER old=260 new=664 macros=6 gathers=0
FOLD20_PASSIVE_LOWER old=1082 new=6864 macros=22 gathers=0
FOLD20_PASSIVE_LOWER old=326 new=3110 macros=9 gathers=0
RANK4_LOWER class=3 original_ops=82305 new_ops=70653 symbolic_rank_gates=896 paired_macros=962 conditional_clean=true
FOLD20_T10_RANK4 j=0 last=false low=true old_ops=82305 ops=70653
RANK4_LOWER class=3 original_ops=82135 new_ops=70653 symbolic_rank_gates=896 paired_macros=962 conditional_clean=true
FOLD20_T10_RANK4 j=2 last=false low=true old_ops=82135 ops=70653
FOLD20_PASSIVE_LOWER old=544 new=872 macros=6 gathers=0
FOLD20_PASSIVE_LOWER old=260 new=664 macros=6 gathers=0
FOLD20_PASSIVE_LOWER old=544 new=872 macros=6 gathers=0
FOLD20_PASSIVE_LOWER old=0 new=0 macros=0 gathers=0
FOLD20_PASSIVE_LOWER old=260 new=664 macros=6 gathers=0
FOLD20_PASSIVE_LOWER old=0 new=0 macros=0 gathers=0
RANK4_LOWER class=4 original_ops=12927 new_ops=10147 symbolic_rank_gates=84 paired_macros=116 conditional_clean=true
FOLD20_T10_RANK4 j=3 last=true low=true old_ops=12927 ops=10147
Q792_JOINT_CODEC held_predicates=7 all_existing_dirty=true restored=true
Q792_JOINT_CODEC held_predicates=7 all_existing_dirty=true restored=true
RANK4_LOWER class=4 original_ops=14737 new_ops=11265 symbolic_rank_gates=108 paired_macros=188 conditional_clean=true
FOLD20_T10_RANK4 j=0 last=true low=true old_ops=14737 ops=11265
RANK4_LOWER class=4 original_ops=15323 new_ops=11691 symbolic_rank_gates=108 paired_macros=188 conditional_clean=true
FOLD20_T10_RANK4 j=1 last=true low=true old_ops=15323 ops=11691
RANK4_LOWER class=4 original_ops=16153 new_ops=12267 symbolic_rank_gates=108 paired_macros=188 conditional_clean=true
FOLD20_T10_RANK4 j=2 last=true low=true old_ops=16153 ops=12267
Q792_JOINT_CODEC held_predicates=7 all_existing_dirty=true restored=true
Q792_JOINT_CODEC held_predicates=16 all_existing_dirty=true restored=true
Q792_JOINT_CODEC held_predicates=16 all_existing_dirty=true restored=true
Q792_JOINT_CODEC held_predicates=7 all_existing_dirty=true restored=true
Q792_JOINT_CODEC held_predicates=16 all_existing_dirty=true restored=true
Q792_JOINT_CODEC held_predicates=16 all_existing_dirty=true restored=true
RANK4_LOWER class=3 original_ops=60053 new_ops=51397 symbolic_rank_gates=704 paired_macros=752 conditional_clean=true
FOLD20_T10_RANK4 j=3 last=false low=true old_ops=60053 ops=51397
FOLD20_PASSIVE_LOWER old=688 new=1138 macros=8 gathers=0
FOLD20_PASSIVE_LOWER old=260 new=664 macros=6 gathers=0
RANK4_LOWER class=3 original_ops=59897 new_ops=51401 symbolic_rank_gates=704 paired_macros=752 conditional_clean=true
FOLD20_T10_RANK4 j=1 last=false low=true old_ops=59897 ops=51401
FOLD20_PASSIVE_LOWER old=1082 new=6864 macros=22 gathers=0
FOLD20_PASSIVE_LOWER old=544 new=872 macros=6 gathers=0
FOLD20_PASSIVE_LOWER old=260 new=664 macros=6 gathers=0
FOLD20_PASSIVE_LOWER old=326 new=3110 macros=9 gathers=0
RANK4_LOWER class=3 original_ops=82347 new_ops=70829 symbolic_rank_gates=896 paired_macros=962 conditional_clean=true
FOLD20_T10_RANK4 j=2 last=false low=true old_ops=82347 ops=70829
RANK4_LOWER class=3 original_ops=82517 new_ops=70829 symbolic_rank_gates=896 paired_macros=962 conditional_clean=true
FOLD20_T10_RANK4 j=0 last=false low=true old_ops=82517 ops=70829
FOLD20_PASSIVE_LOWER old=544 new=872 macros=6 gathers=0
FOLD20_PASSIVE_LOWER old=544 new=872 macros=6 gathers=0
FOLD20_PASSIVE_LOWER old=260 new=664 macros=6 gathers=0
FOLD20_PASSIVE_LOWER old=260 new=664 macros=6 gathers=0
FOLD20_PASSIVE_LOWER old=0 new=0 macros=0 gathers=0
FOLD20_PASSIVE_LOWER old=0 new=0 macros=0 gathers=0
RANK4_LOWER class=4 original_ops=13037 new_ops=10241 symbolic_rank_gates=84 paired_macros=116 conditional_clean=true
FOLD20_T10_RANK4 j=3 last=true low=true old_ops=13037 ops=10241
Q792_JOINT_CODEC held_predicates=7 all_existing_dirty=true restored=true
Q792_JOINT_CODEC held_predicates=7 all_existing_dirty=true restored=true
RANK4_LOWER class=4 original_ops=14847 new_ops=11359 symbolic_rank_gates=108 paired_macros=188 conditional_clean=true
RANK4_LOWER class=4 original_ops=16263 new_ops=12361 symbolic_rank_gates=108 paired_macros=188 conditional_clean=true
FOLD20_T10_RANK4 j=0 last=true low=true old_ops=14847 ops=11359
FOLD20_T10_RANK4 j=2 last=true low=true old_ops=16263 ops=12361
RANK4_LOWER class=4 original_ops=15433 new_ops=11785 symbolic_rank_gates=108 paired_macros=188 conditional_clean=true
FOLD20_T10_RANK4 j=1 last=true low=true old_ops=15433 ops=11785
Q792_JOINT_CODEC held_predicates=16 all_existing_dirty=true restored=true
Q792_JOINT_CODEC held_predicates=7 all_existing_dirty=true restored=true
Q792_JOINT_CODEC held_predicates=16 all_existing_dirty=true restored=true
Q792_JOINT_CODEC held_predicates=7 all_existing_dirty=true restored=true
Q792_JOINT_CODEC held_predicates=16 all_existing_dirty=true restored=true
Q792_JOINT_CODEC held_predicates=16 all_existing_dirty=true restored=true
RANK4_LOWER class=3 original_ops=60261 new_ops=51577 symbolic_rank_gates=704 paired_macros=752 conditional_clean=true
FOLD20_T10_RANK4 j=3 last=false low=true old_ops=60261 ops=51577
FOLD20_PASSIVE_LOWER old=688 new=1138 macros=8 gathers=0
FOLD20_PASSIVE_LOWER old=260 new=664 macros=6 gathers=0
RANK4_LOWER class=3 original_ops=60105 new_ops=51581 symbolic_rank_gates=704 paired_macros=752 conditional_clean=true
FOLD20_T10_RANK4 j=1 last=false low=true old_ops=60105 ops=51581
FOLD20_PASSIVE_LOWER old=1082 new=6864 macros=22 gathers=0
RANK4_LOWER class=3 original_ops=82555 new_ops=71009 symbolic_rank_gates=896 paired_macros=962 conditional_clean=true
FOLD20_T10_RANK4 j=2 last=false low=true old_ops=82555 ops=71009
FOLD20_PASSIVE_LOWER old=544 new=872 macros=6 gathers=0
RANK4_LOWER class=3 original_ops=82725 new_ops=71009 symbolic_rank_gates=896 paired_macros=962 conditional_clean=true
FOLD20_T10_RANK4 j=0 last=false low=true old_ops=82725 ops=71009
FOLD20_PASSIVE_LOWER old=260 new=664 macros=6 gathers=0
FOLD20_PASSIVE_LOWER old=544 new=872 macros=6 gathers=0
FOLD20_PASSIVE_LOWER old=326 new=3110 macros=9 gathers=0
FOLD20_PASSIVE_LOWER old=260 new=664 macros=6 gathers=0
FOLD20_PASSIVE_LOWER old=544 new=872 macros=6 gathers=0
FOLD20_PASSIVE_LOWER old=260 new=664 macros=6 gathers=0
FOLD20_PASSIVE_LOWER old=0 new=0 macros=0 gathers=0
FOLD20_PASSIVE_LOWER old=0 new=0 macros=0 gathers=0
RANK4_LOWER class=4 original_ops=13153 new_ops=10337 symbolic_rank_gates=84 paired_macros=116 conditional_clean=true
FOLD20_T10_RANK4 j=3 last=true low=true old_ops=13153 ops=10337
Q792_JOINT_CODEC held_predicates=7 all_existing_dirty=true restored=true
RANK4_LOWER class=4 original_ops=14963 new_ops=11455 symbolic_rank_gates=108 paired_macros=188 conditional_clean=true
FOLD20_T10_RANK4 j=0 last=true low=true old_ops=14963 ops=11455
RANK4_LOWER class=4 original_ops=15549 new_ops=11881 symbolic_rank_gates=108 paired_macros=188 conditional_clean=true
FOLD20_T10_RANK4 j=1 last=true low=true old_ops=15549 ops=11881
RANK4_LOWER class=4 original_ops=16379 new_ops=12457 symbolic_rank_gates=108 paired_macros=188 conditional_clean=true
FOLD20_T10_RANK4 j=2 last=true low=true old_ops=16379 ops=12457
Q792_JOINT_CODEC held_predicates=7 all_existing_dirty=true restored=true
Q792_JOINT_CODEC held_predicates=7 all_existing_dirty=true restored=true
Q792_JOINT_CODEC held_predicates=16 all_existing_dirty=true restored=true
Q792_JOINT_CODEC held_predicates=7 all_existing_dirty=true restored=true
Q792_JOINT_CODEC held_predicates=16 all_existing_dirty=true restored=true
Q792_JOINT_CODEC held_predicates=16 all_existing_dirty=true restored=true
Q792_JOINT_CODEC held_predicates=16 all_existing_dirty=true restored=true
RANK4_LOWER class=3 original_ops=60489 new_ops=51881 symbolic_rank_gates=704 paired_macros=752 conditional_clean=true
FOLD20_T10_RANK4 j=1 last=false low=true old_ops=60489 ops=51881
RANK4_LOWER class=3 original_ops=60645 new_ops=51877 symbolic_rank_gates=704 paired_macros=752 conditional_clean=true
FOLD20_T10_RANK4 j=3 last=false low=true old_ops=60645 ops=51877
FOLD20_PASSIVE_LOWER old=544 new=872 macros=6 gathers=0
FOLD20_PASSIVE_LOWER old=260 new=664 macros=6 gathers=0
FOLD20_PASSIVE_LOWER old=688 new=1138 macros=8 gathers=0
FOLD20_PASSIVE_LOWER old=260 new=664 macros=6 gathers=0
FOLD20_PASSIVE_LOWER old=326 new=3110 macros=9 gathers=0
RANK4_LOWER class=3 original_ops=82939 new_ops=71309 symbolic_rank_gates=896 paired_macros=962 conditional_clean=true
RANK4_LOWER class=3 original_ops=83109 new_ops=71309 symbolic_rank_gates=896 paired_macros=962 conditional_clean=true
FOLD20_T10_RANK4 j=0 last=false low=true old_ops=83109 ops=71309
FOLD20_T10_RANK4 j=2 last=false low=true old_ops=82939 ops=71309
FOLD20_PASSIVE_LOWER old=1082 new=6864 macros=22 gathers=0
FOLD20_PASSIVE_LOWER old=544 new=872 macros=6 gathers=0
FOLD20_PASSIVE_LOWER old=544 new=872 macros=6 gathers=0
FOLD20_PASSIVE_LOWER old=260 new=664 macros=6 gathers=0
FOLD20_PASSIVE_LOWER old=260 new=664 macros=6 gathers=0
FOLD20_PASSIVE_LOWER old=0 new=0 macros=0 gathers=0
FOLD20_PASSIVE_LOWER old=0 new=0 macros=0 gathers=0
RANK4_LOWER class=4 original_ops=13283 new_ops=10443 symbolic_rank_gates=84 paired_macros=116 conditional_clean=true
FOLD20_T10_RANK4 j=3 last=true low=true old_ops=13283 ops=10443
Q792_JOINT_CODEC held_predicates=7 all_existing_dirty=true restored=true
Q792_JOINT_CODEC held_predicates=7 all_existing_dirty=true restored=true
RANK4_LOWER class=4 original_ops=15093 new_ops=11561 symbolic_rank_gates=108 paired_macros=188 conditional_clean=true
FOLD20_T10_RANK4 j=0 last=true low=true old_ops=15093 ops=11561
RANK4_LOWER class=4 original_ops=15679 new_ops=11987 symbolic_rank_gates=108 paired_macros=188 conditional_clean=true
FOLD20_T10_RANK4 j=1 last=true low=true old_ops=15679 ops=11987
RANK4_LOWER class=4 original_ops=16509 new_ops=12563 symbolic_rank_gates=108 paired_macros=188 conditional_clean=true
FOLD20_T10_RANK4 j=2 last=true low=true old_ops=16509 ops=12563
Q792_JOINT_CODEC held_predicates=7 all_existing_dirty=true restored=true
Q792_JOINT_CODEC held_predicates=16 all_existing_dirty=true restored=true
Q792_JOINT_CODEC held_predicates=7 all_existing_dirty=true restored=true
Q792_JOINT_CODEC held_predicates=16 all_existing_dirty=true restored=true
Q792_JOINT_CODEC held_predicates=16 all_existing_dirty=true restored=true
Q792_JOINT_CODEC held_predicates=16 all_existing_dirty=true restored=true
RANK4_LOWER class=3 original_ops=60877 new_ops=52081 symbolic_rank_gates=704 paired_macros=752 conditional_clean=true
FOLD20_T10_RANK4 j=3 last=false low=true old_ops=60877 ops=52081
RANK4_LOWER class=3 original_ops=60721 new_ops=52085 symbolic_rank_gates=704 paired_macros=752 conditional_clean=true
FOLD20_T10_RANK4 j=1 last=false low=true old_ops=60721 ops=52085
FOLD20_PASSIVE_LOWER old=688 new=1138 macros=8 gathers=0
FOLD20_PASSIVE_LOWER old=260 new=664 macros=6 gathers=0
FOLD20_PASSIVE_LOWER old=544 new=872 macros=6 gathers=0
FOLD20_PASSIVE_LOWER old=260 new=664 macros=6 gathers=0
FOLD20_PASSIVE_LOWER old=326 new=3110 macros=9 gathers=0
FOLD20_PASSIVE_LOWER old=1082 new=6864 macros=22 gathers=0
RANK4_LOWER class=3 original_ops=83341 new_ops=71513 symbolic_rank_gates=896 paired_macros=962 conditional_clean=true
FOLD20_T10_RANK4 j=0 last=false low=true old_ops=83341 ops=71513
RANK4_LOWER class=3 original_ops=83171 new_ops=71513 symbolic_rank_gates=896 paired_macros=962 conditional_clean=true
FOLD20_T10_RANK4 j=2 last=false low=true old_ops=83171 ops=71513
FOLD20_PASSIVE_LOWER old=544 new=872 macros=6 gathers=0
FOLD20_PASSIVE_LOWER old=260 new=664 macros=6 gathers=0
FOLD20_PASSIVE_LOWER old=0 new=0 macros=0 gathers=0
FOLD20_PASSIVE_LOWER old=544 new=872 macros=6 gathers=0
FOLD20_PASSIVE_LOWER old=260 new=664 macros=6 gathers=0
FOLD20_PASSIVE_LOWER old=0 new=0 macros=0 gathers=0
RANK4_LOWER class=4 original_ops=13387 new_ops=10531 symbolic_rank_gates=84 paired_macros=116 conditional_clean=true
FOLD20_T10_RANK4 j=3 last=true low=true old_ops=13387 ops=10531
Q792_JOINT_CODEC held_predicates=7 all_existing_dirty=true restored=true
Q792_JOINT_CODEC held_predicates=7 all_existing_dirty=true restored=true
RANK4_LOWER class=4 original_ops=15197 new_ops=11649 symbolic_rank_gates=108 paired_macros=188 conditional_clean=true
FOLD20_T10_RANK4 j=0 last=true low=true old_ops=15197 ops=11649
RANK4_LOWER class=4 original_ops=15783 new_ops=12075 symbolic_rank_gates=108 paired_macros=188 conditional_clean=true
FOLD20_T10_RANK4 j=1 last=true low=true old_ops=15783 ops=12075
RANK4_LOWER class=4 original_ops=16613 new_ops=12651 symbolic_rank_gates=108 paired_macros=188 conditional_clean=true
FOLD20_T10_RANK4 j=2 last=true low=true old_ops=16613 ops=12651
Q792_JOINT_CODEC held_predicates=16 all_existing_dirty=true restored=true
Q792_JOINT_CODEC held_predicates=7 all_existing_dirty=true restored=true
Q792_JOINT_CODEC held_predicates=16 all_existing_dirty=true restored=true
Q792_JOINT_CODEC held_predicates=7 all_existing_dirty=true restored=true
Q792_JOINT_CODEC held_predicates=16 all_existing_dirty=true restored=true
Q792_JOINT_CODEC held_predicates=16 all_existing_dirty=true restored=true
RANK4_LOWER class=3 original_ops=61113 new_ops=52273 symbolic_rank_gates=704 paired_macros=752 conditional_clean=true
FOLD20_T10_RANK4 j=3 last=false low=true old_ops=61113 ops=52273
RANK4_LOWER class=3 original_ops=60957 new_ops=52277 symbolic_rank_gates=704 paired_macros=752 conditional_clean=true
FOLD20_T10_RANK4 j=1 last=false low=true old_ops=60957 ops=52277
FOLD20_PASSIVE_LOWER old=544 new=872 macros=6 gathers=0
FOLD20_PASSIVE_LOWER old=688 new=1138 macros=8 gathers=0
FOLD20_PASSIVE_LOWER old=260 new=664 macros=6 gathers=0
FOLD20_PASSIVE_LOWER old=260 new=664 macros=6 gathers=0
FOLD20_PASSIVE_LOWER old=326 new=3110 macros=9 gathers=0
RANK4_LOWER class=3 original_ops=83577 new_ops=71705 symbolic_rank_gates=896 paired_macros=962 conditional_clean=true
FOLD20_T10_RANK4 j=0 last=false low=true old_ops=83577 ops=71705
FOLD20_PASSIVE_LOWER old=1082 new=6864 macros=22 gathers=0
RANK4_LOWER class=3 original_ops=83407 new_ops=71705 symbolic_rank_gates=896 paired_macros=962 conditional_clean=true
FOLD20_T10_RANK4 j=2 last=false low=true old_ops=83407 ops=71705
FOLD20_PASSIVE_LOWER old=544 new=872 macros=6 gathers=0
FOLD20_PASSIVE_LOWER old=260 new=664 macros=6 gathers=0
FOLD20_PASSIVE_LOWER old=0 new=0 macros=0 gathers=0
FOLD20_PASSIVE_LOWER old=544 new=872 macros=6 gathers=0
FOLD20_PASSIVE_LOWER old=260 new=664 macros=6 gathers=0
FOLD20_PASSIVE_LOWER old=0 new=0 macros=0 gathers=0
RANK4_LOWER class=4 original_ops=13497 new_ops=10625 symbolic_rank_gates=84 paired_macros=116 conditional_clean=true
FOLD20_T10_RANK4 j=3 last=true low=true old_ops=13497 ops=10625
Q792_JOINT_CODEC held_predicates=7 all_existing_dirty=true restored=true
Q792_JOINT_CODEC held_predicates=7 all_existing_dirty=true restored=true
RANK4_LOWER class=4 original_ops=15307 new_ops=11743 symbolic_rank_gates=108 paired_macros=188 conditional_clean=true
FOLD20_T10_RANK4 j=0 last=true low=true old_ops=15307 ops=11743
RANK4_LOWER class=4 original_ops=15893 new_ops=12169 symbolic_rank_gates=108 paired_macros=188 conditional_clean=true
FOLD20_T10_RANK4 j=1 last=true low=true old_ops=15893 ops=12169
RANK4_LOWER class=4 original_ops=16723 new_ops=12745 symbolic_rank_gates=108 paired_macros=188 conditional_clean=true
FOLD20_T10_RANK4 j=2 last=true low=true old_ops=16723 ops=12745
Q792_JOINT_CODEC held_predicates=7 all_existing_dirty=true restored=true
Q792_JOINT_CODEC held_predicates=16 all_existing_dirty=true restored=true
Q792_JOINT_CODEC held_predicates=7 all_existing_dirty=true restored=true
Q792_JOINT_CODEC held_predicates=16 all_existing_dirty=true restored=true
Q792_JOINT_CODEC held_predicates=16 all_existing_dirty=true restored=true
Q792_JOINT_CODEC held_predicates=16 all_existing_dirty=true restored=true
RANK4_LOWER class=3 original_ops=61345 new_ops=52469 symbolic_rank_gates=704 paired_macros=752 conditional_clean=true
FOLD20_T10_RANK4 j=3 last=false low=true old_ops=61345 ops=52469
RANK4_LOWER class=3 original_ops=61189 new_ops=52473 symbolic_rank_gates=704 paired_macros=752 conditional_clean=true
FOLD20_T10_RANK4 j=1 last=false low=true old_ops=61189 ops=52473
FOLD20_PASSIVE_LOWER old=688 new=1138 macros=8 gathers=0
FOLD20_PASSIVE_LOWER old=260 new=664 macros=6 gathers=0
FOLD20_PASSIVE_LOWER old=544 new=872 macros=6 gathers=0
FOLD20_PASSIVE_LOWER old=260 new=664 macros=6 gathers=0
FOLD20_PASSIVE_LOWER old=1082 new=6864 macros=22 gathers=0
FOLD20_PASSIVE_LOWER old=326 new=3110 macros=9 gathers=0
RANK4_LOWER class=3 original_ops=83639 new_ops=71901 symbolic_rank_gates=896 paired_macros=962 conditional_clean=true
FOLD20_T10_RANK4 j=2 last=false low=true old_ops=83639 ops=71901
RANK4_LOWER class=3 original_ops=83809 new_ops=71901 symbolic_rank_gates=896 paired_macros=962 conditional_clean=true
FOLD20_T10_RANK4 j=0 last=false low=true old_ops=83809 ops=71901
FOLD20_PASSIVE_LOWER old=544 new=872 macros=6 gathers=0
FOLD20_PASSIVE_LOWER old=544 new=872 macros=6 gathers=0
FOLD20_PASSIVE_LOWER old=260 new=664 macros=6 gathers=0
FOLD20_PASSIVE_LOWER old=260 new=664 macros=6 gathers=0
FOLD20_PASSIVE_LOWER old=0 new=0 macros=0 gathers=0
FOLD20_PASSIVE_LOWER old=0 new=0 macros=0 gathers=0
RANK4_LOWER class=4 original_ops=13601 new_ops=10713 symbolic_rank_gates=84 paired_macros=116 conditional_clean=true
FOLD20_T10_RANK4 j=3 last=true low=true old_ops=13601 ops=10713
Q792_JOINT_CODEC held_predicates=7 all_existing_dirty=true restored=true
Q792_JOINT_CODEC held_predicates=7 all_existing_dirty=true restored=true
RANK4_LOWER class=4 original_ops=15997 new_ops=12257 symbolic_rank_gates=108 paired_macros=188 conditional_clean=true
FOLD20_T10_RANK4 j=1 last=true low=true old_ops=15997 ops=12257
RANK4_LOWER class=4 original_ops=16827 new_ops=12833 symbolic_rank_gates=108 paired_macros=188 conditional_clean=true
FOLD20_T10_RANK4 j=2 last=true low=true old_ops=16827 ops=12833
RANK4_LOWER class=4 original_ops=15411 new_ops=11831 symbolic_rank_gates=108 paired_macros=188 conditional_clean=true
FOLD20_T10_RANK4 j=0 last=true low=true old_ops=15411 ops=11831
Q792_JOINT_CODEC held_predicates=7 all_existing_dirty=true restored=true
Q792_JOINT_CODEC held_predicates=7 all_existing_dirty=true restored=true
Q792_JOINT_CODEC held_predicates=16 all_existing_dirty=true restored=true
Q792_JOINT_CODEC held_predicates=16 all_existing_dirty=true restored=true
Q792_JOINT_CODEC held_predicates=16 all_existing_dirty=true restored=true
Q792_JOINT_CODEC held_predicates=16 all_existing_dirty=true restored=true
RANK4_LOWER class=3 original_ops=61573 new_ops=52661 symbolic_rank_gates=704 paired_macros=752 conditional_clean=true
FOLD20_T10_RANK4 j=3 last=false low=true old_ops=61573 ops=52661
FOLD20_PASSIVE_LOWER old=688 new=1138 macros=8 gathers=0
FOLD20_PASSIVE_LOWER old=260 new=664 macros=6 gathers=0
RANK4_LOWER class=3 original_ops=61417 new_ops=52665 symbolic_rank_gates=704 paired_macros=752 conditional_clean=true
FOLD20_T10_RANK4 j=1 last=false low=true old_ops=61417 ops=52665
FOLD20_PASSIVE_LOWER old=1082 new=6864 macros=22 gathers=0
FOLD20_PASSIVE_LOWER old=544 new=872 macros=6 gathers=0
FOLD20_PASSIVE_LOWER old=260 new=664 macros=6 gathers=0
RANK4_LOWER class=3 original_ops=83867 new_ops=72093 symbolic_rank_gates=896 paired_macros=962 conditional_clean=true
RANK4_LOWER class=3 original_ops=84037 new_ops=72093 symbolic_rank_gates=896 paired_macros=962 conditional_clean=true
FOLD20_T10_RANK4 j=2 last=false low=true old_ops=83867 ops=72093
FOLD20_T10_RANK4 j=0 last=false low=true old_ops=84037 ops=72093
FOLD20_PASSIVE_LOWER old=326 new=3110 macros=9 gathers=0
FOLD20_PASSIVE_LOWER old=544 new=872 macros=6 gathers=0
FOLD20_PASSIVE_LOWER old=544 new=872 macros=6 gathers=0
FOLD20_PASSIVE_LOWER old=260 new=664 macros=6 gathers=0
FOLD20_PASSIVE_LOWER old=260 new=664 macros=6 gathers=0
FOLD20_PASSIVE_LOWER old=0 new=0 macros=0 gathers=0
FOLD20_PASSIVE_LOWER old=0 new=0 macros=0 gathers=0
RANK4_LOWER class=4 original_ops=13727 new_ops=10815 symbolic_rank_gates=84 paired_macros=116 conditional_clean=true
FOLD20_T10_RANK4 j=3 last=true low=true old_ops=13727 ops=10815
Q792_JOINT_CODEC held_predicates=7 all_existing_dirty=true restored=true
Q792_JOINT_CODEC held_predicates=7 all_existing_dirty=true restored=true
RANK4_LOWER class=4 original_ops=15537 new_ops=11933 symbolic_rank_gates=108 paired_macros=188 conditional_clean=true
FOLD20_T10_RANK4 j=0 last=true low=true old_ops=15537 ops=11933
RANK4_LOWER class=4 original_ops=16953 new_ops=12935 symbolic_rank_gates=108 paired_macros=188 conditional_clean=true
FOLD20_T10_RANK4 j=2 last=true low=true old_ops=16953 ops=12935
RANK4_LOWER class=4 original_ops=16123 new_ops=12359 symbolic_rank_gates=108 paired_macros=188 conditional_clean=true
FOLD20_T10_RANK4 j=1 last=true low=true old_ops=16123 ops=12359
Q792_JOINT_CODEC held_predicates=16 all_existing_dirty=true restored=true
Q792_JOINT_CODEC held_predicates=7 all_existing_dirty=true restored=true
Q792_JOINT_CODEC held_predicates=16 all_existing_dirty=true restored=true
Q792_JOINT_CODEC held_predicates=7 all_existing_dirty=true restored=true
Q792_JOINT_CODEC held_predicates=16 all_existing_dirty=true restored=true
Q792_JOINT_CODEC held_predicates=16 all_existing_dirty=true restored=true
RANK4_LOWER class=3 original_ops=61801 new_ops=52861 symbolic_rank_gates=704 paired_macros=752 conditional_clean=true
FOLD20_T10_RANK4 j=3 last=false low=true old_ops=61801 ops=52861
RANK4_LOWER class=3 original_ops=61645 new_ops=52865 symbolic_rank_gates=704 paired_macros=752 conditional_clean=true
FOLD20_T10_RANK4 j=1 last=false low=true old_ops=61645 ops=52865
FOLD20_PASSIVE_LOWER old=688 new=1138 macros=8 gathers=0
FOLD20_PASSIVE_LOWER old=260 new=664 macros=6 gathers=0
FOLD20_PASSIVE_LOWER old=544 new=872 macros=6 gathers=0
FOLD20_PASSIVE_LOWER old=260 new=664 macros=6 gathers=0
RANK4_LOWER class=3 original_ops=84265 new_ops=72293 symbolic_rank_gates=896 paired_macros=962 conditional_clean=true
FOLD20_T10_RANK4 j=0 last=false low=true old_ops=84265 ops=72293
FOLD20_PASSIVE_LOWER old=1082 new=6864 macros=22 gathers=0
FOLD20_PASSIVE_LOWER old=326 new=3110 macros=9 gathers=0
RANK4_LOWER class=3 original_ops=84095 new_ops=72293 symbolic_rank_gates=896 paired_macros=962 conditional_clean=true
FOLD20_T10_RANK4 j=2 last=false low=true old_ops=84095 ops=72293
FOLD20_PASSIVE_LOWER old=544 new=872 macros=6 gathers=0
FOLD20_PASSIVE_LOWER old=260 new=664 macros=6 gathers=0
FOLD20_PASSIVE_LOWER old=0 new=0 macros=0 gathers=0
FOLD20_PASSIVE_LOWER old=544 new=872 macros=6 gathers=0
FOLD20_PASSIVE_LOWER old=260 new=664 macros=6 gathers=0
FOLD20_PASSIVE_LOWER old=0 new=0 macros=0 gathers=0
RANK4_LOWER class=4 original_ops=13831 new_ops=10903 symbolic_rank_gates=84 paired_macros=116 conditional_clean=true
FOLD20_T10_RANK4 j=3 last=true low=true old_ops=13831 ops=10903
Q792_JOINT_CODEC held_predicates=7 all_existing_dirty=true restored=true
Q792_JOINT_CODEC held_predicates=7 all_existing_dirty=true restored=true
RANK4_LOWER class=4 original_ops=15641 new_ops=12021 symbolic_rank_gates=108 paired_macros=188 conditional_clean=true
FOLD20_T10_RANK4 j=0 last=true low=true old_ops=15641 ops=12021
RANK4_LOWER class=4 original_ops=16227 new_ops=12447 symbolic_rank_gates=108 paired_macros=188 conditional_clean=true
FOLD20_T10_RANK4 j=1 last=true low=true old_ops=16227 ops=12447
RANK4_LOWER class=4 original_ops=17057 new_ops=13023 symbolic_rank_gates=108 paired_macros=188 conditional_clean=true
FOLD20_T10_RANK4 j=2 last=true low=true old_ops=17057 ops=13023
Q792_JOINT_CODEC held_predicates=16 all_existing_dirty=true restored=true
Q792_JOINT_CODEC held_predicates=7 all_existing_dirty=true restored=true
Q792_JOINT_CODEC held_predicates=16 all_existing_dirty=true restored=true
Q792_JOINT_CODEC held_predicates=16 all_existing_dirty=true restored=true
Q792_JOINT_CODEC held_predicates=7 all_existing_dirty=true restored=true
Q792_JOINT_CODEC held_predicates=16 all_existing_dirty=true restored=true
RANK4_LOWER class=3 original_ops=62029 new_ops=53053 symbolic_rank_gates=704 paired_macros=752 conditional_clean=true
FOLD20_T10_RANK4 j=3 last=false low=true old_ops=62029 ops=53053
RANK4_LOWER class=3 original_ops=61873 new_ops=53057 symbolic_rank_gates=704 paired_macros=752 conditional_clean=true
FOLD20_T10_RANK4 j=1 last=false low=true old_ops=61873 ops=53057
FOLD20_PASSIVE_LOWER old=688 new=1138 macros=8 gathers=0
FOLD20_PASSIVE_LOWER old=260 new=664 macros=6 gathers=0
RANK4_LOWER class=3 original_ops=84493 new_ops=72485 symbolic_rank_gates=896 paired_macros=962 conditional_clean=true
FOLD20_T10_RANK4 j=0 last=false low=true old_ops=84493 ops=72485
RANK4_LOWER class=3 original_ops=84323 new_ops=72485 symbolic_rank_gates=896 paired_macros=962 conditional_clean=true
FOLD20_T10_RANK4 j=2 last=false low=true old_ops=84323 ops=72485
FOLD20_PASSIVE_LOWER old=544 new=872 macros=6 gathers=0
FOLD20_PASSIVE_LOWER old=260 new=664 macros=6 gathers=0
FOLD20_PASSIVE_LOWER old=1082 new=6864 macros=22 gathers=0
FOLD20_PASSIVE_LOWER old=544 new=872 macros=6 gathers=0
FOLD20_PASSIVE_LOWER old=544 new=872 macros=6 gathers=0
FOLD20_PASSIVE_LOWER old=326 new=3110 macros=9 gathers=0
FOLD20_PASSIVE_LOWER old=260 new=664 macros=6 gathers=0
FOLD20_PASSIVE_LOWER old=260 new=664 macros=6 gathers=0
FOLD20_PASSIVE_LOWER old=0 new=0 macros=0 gathers=0
FOLD20_PASSIVE_LOWER old=0 new=0 macros=0 gathers=0
RANK4_LOWER class=4 original_ops=13941 new_ops=10997 symbolic_rank_gates=84 paired_macros=116 conditional_clean=true
FOLD20_T10_RANK4 j=3 last=true low=true old_ops=13941 ops=10997
Q792_JOINT_CODEC held_predicates=7 all_existing_dirty=true restored=true
Q792_JOINT_CODEC held_predicates=7 all_existing_dirty=true restored=true
RANK4_LOWER class=4 original_ops=16337 new_ops=12541 symbolic_rank_gates=108 paired_macros=188 conditional_clean=true
FOLD20_T10_RANK4 j=1 last=true low=true old_ops=16337 ops=12541
RANK4_LOWER class=4 original_ops=17167 new_ops=13117 symbolic_rank_gates=108 paired_macros=188 conditional_clean=true
FOLD20_T10_RANK4 j=2 last=true low=true old_ops=17167 ops=13117
RANK4_LOWER class=4 original_ops=15751 new_ops=12115 symbolic_rank_gates=108 paired_macros=188 conditional_clean=true
FOLD20_T10_RANK4 j=0 last=true low=true old_ops=15751 ops=12115
Q792_JOINT_CODEC held_predicates=7 all_existing_dirty=true restored=true
Q792_JOINT_CODEC held_predicates=16 all_existing_dirty=true restored=true
Q792_JOINT_CODEC held_predicates=7 all_existing_dirty=true restored=true
Q792_JOINT_CODEC held_predicates=16 all_existing_dirty=true restored=true
Q792_JOINT_CODEC held_predicates=16 all_existing_dirty=true restored=true
Q792_JOINT_CODEC held_predicates=16 all_existing_dirty=true restored=true
RANK4_LOWER class=3 original_ops=62253 new_ops=53249 symbolic_rank_gates=704 paired_macros=752 conditional_clean=true
FOLD20_T10_RANK4 j=3 last=false low=true old_ops=62253 ops=53249
FOLD20_PASSIVE_LOWER old=688 new=1138 macros=8 gathers=0
FOLD20_PASSIVE_LOWER old=260 new=664 macros=6 gathers=0
RANK4_LOWER class=3 original_ops=62097 new_ops=53253 symbolic_rank_gates=704 paired_macros=752 conditional_clean=true
FOLD20_T10_RANK4 j=1 last=false low=true old_ops=62097 ops=53253
FOLD20_PASSIVE_LOWER old=1082 new=6864 macros=22 gathers=0
FOLD20_PASSIVE_LOWER old=544 new=872 macros=6 gathers=0
FOLD20_PASSIVE_LOWER old=260 new=664 macros=6 gathers=0
FOLD20_PASSIVE_LOWER old=326 new=3110 macros=9 gathers=0
RANK4_LOWER class=3 original_ops=84547 new_ops=72681 symbolic_rank_gates=896 paired_macros=962 conditional_clean=true
FOLD20_T10_RANK4 j=2 last=false low=true old_ops=84547 ops=72681
RANK4_LOWER class=3 original_ops=84717 new_ops=72681 symbolic_rank_gates=896 paired_macros=962 conditional_clean=true
FOLD20_T10_RANK4 j=0 last=false low=true old_ops=84717 ops=72681
FOLD20_PASSIVE_LOWER old=544 new=872 macros=6 gathers=0
FOLD20_PASSIVE_LOWER old=260 new=664 macros=6 gathers=0
FOLD20_PASSIVE_LOWER old=0 new=0 macros=0 gathers=0
FOLD20_PASSIVE_LOWER old=544 new=872 macros=6 gathers=0
FOLD20_PASSIVE_LOWER old=260 new=664 macros=6 gathers=0
FOLD20_PASSIVE_LOWER old=0 new=0 macros=0 gathers=0
RANK4_LOWER class=4 original_ops=14081 new_ops=11109 symbolic_rank_gates=84 paired_macros=116 conditional_clean=true
FOLD20_T10_RANK4 j=3 last=true low=true old_ops=14081 ops=11109
Q792_JOINT_CODEC held_predicates=7 all_existing_dirty=true restored=true
Q792_JOINT_CODEC held_predicates=7 all_existing_dirty=true restored=true
RANK4_LOWER class=4 original_ops=15891 new_ops=12227 symbolic_rank_gates=108 paired_macros=188 conditional_clean=true
FOLD20_T10_RANK4 j=0 last=true low=true old_ops=15891 ops=12227
RANK4_LOWER class=4 original_ops=17307 new_ops=13229 symbolic_rank_gates=108 paired_macros=188 conditional_clean=true
FOLD20_T10_RANK4 j=2 last=true low=true old_ops=17307 ops=13229
Q792_JOINT_CODEC held_predicates=16 all_existing_dirty=true restored=true
Q792_JOINT_CODEC held_predicates=16 all_existing_dirty=true restored=true
Q792_JOINT_CODEC held_predicates=16 all_existing_dirty=true restored=true
Q792_JOINT_CODEC held_predicates=16 all_existing_dirty=true restored=true
RANK4_LOWER class=4 original_ops=16477 new_ops=12653 symbolic_rank_gates=108 paired_macros=188 conditional_clean=true
FOLD20_T10_RANK4 j=1 last=true low=true old_ops=16477 ops=12653
Q792_JOINT_CODEC held_predicates=7 all_existing_dirty=true restored=true
Q792_JOINT_CODEC held_predicates=7 all_existing_dirty=true restored=true
RANK4_LOWER class=3 original_ops=62845 new_ops=53693 symbolic_rank_gates=704 paired_macros=752 conditional_clean=true
FOLD20_T10_RANK4 j=3 last=false low=true old_ops=62845 ops=53693
FOLD20_PASSIVE_LOWER old=688 new=1138 macros=8 gathers=0
FOLD20_PASSIVE_LOWER old=260 new=664 macros=6 gathers=0
RANK4_LOWER class=3 original_ops=62689 new_ops=53697 symbolic_rank_gates=704 paired_macros=752 conditional_clean=true
FOLD20_T10_RANK4 j=1 last=false low=true old_ops=62689 ops=53697
RANK4_LOWER class=3 original_ops=85139 new_ops=73125 symbolic_rank_gates=896 paired_macros=962 conditional_clean=true
FOLD20_T10_RANK4 j=2 last=false low=true old_ops=85139 ops=73125
FOLD20_PASSIVE_LOWER old=1082 new=6864 macros=22 gathers=0
RANK4_LOWER class=3 original_ops=85309 new_ops=73125 symbolic_rank_gates=896 paired_macros=962 conditional_clean=true
FOLD20_T10_RANK4 j=0 last=false low=true old_ops=85309 ops=73125
FOLD20_PASSIVE_LOWER old=544 new=872 macros=6 gathers=0
FOLD20_PASSIVE_LOWER old=544 new=872 macros=6 gathers=0
FOLD20_PASSIVE_LOWER old=260 new=664 macros=6 gathers=0
FOLD20_PASSIVE_LOWER old=260 new=664 macros=6 gathers=0
FOLD20_PASSIVE_LOWER old=544 new=872 macros=6 gathers=0
FOLD20_PASSIVE_LOWER old=260 new=664 macros=6 gathers=0
FOLD20_PASSIVE_LOWER old=0 new=0 macros=0 gathers=0
FOLD20_PASSIVE_LOWER old=326 new=3110 macros=9 gathers=0
FOLD20_PASSIVE_LOWER old=0 new=0 macros=0 gathers=0
RANK4_LOWER class=4 original_ops=14223 new_ops=11227 symbolic_rank_gates=84 paired_macros=116 conditional_clean=true
FOLD20_T10_RANK4 j=3 last=true low=true old_ops=14223 ops=11227
Q792_JOINT_CODEC held_predicates=7 all_existing_dirty=true restored=true
Q792_JOINT_CODEC held_predicates=7 all_existing_dirty=true restored=true
RANK4_LOWER class=4 original_ops=16619 new_ops=12771 symbolic_rank_gates=108 paired_macros=188 conditional_clean=true
FOLD20_T10_RANK4 j=1 last=true low=true old_ops=16619 ops=12771
RANK4_LOWER class=4 original_ops=17449 new_ops=13347 symbolic_rank_gates=108 paired_macros=188 conditional_clean=true
FOLD20_T10_RANK4 j=2 last=true low=true old_ops=17449 ops=13347
RANK4_LOWER class=4 original_ops=16033 new_ops=12345 symbolic_rank_gates=108 paired_macros=188 conditional_clean=true
FOLD20_T10_RANK4 j=0 last=true low=true old_ops=16033 ops=12345
Q792_JOINT_CODEC held_predicates=7 all_existing_dirty=true restored=true
Q792_JOINT_CODEC held_predicates=7 all_existing_dirty=true restored=true
Q792_JOINT_CODEC held_predicates=16 all_existing_dirty=true restored=true
Q792_JOINT_CODEC held_predicates=16 all_existing_dirty=true restored=true
Q792_JOINT_CODEC held_predicates=16 all_existing_dirty=true restored=true
Q792_JOINT_CODEC held_predicates=16 all_existing_dirty=true restored=true
RANK4_LOWER class=3 original_ops=63097 new_ops=53917 symbolic_rank_gates=704 paired_macros=752 conditional_clean=true
FOLD20_T10_RANK4 j=3 last=false low=true old_ops=63097 ops=53917
FOLD20_PASSIVE_LOWER old=688 new=1138 macros=8 gathers=0
FOLD20_PASSIVE_LOWER old=260 new=664 macros=6 gathers=0
RANK4_LOWER class=3 original_ops=62941 new_ops=53921 symbolic_rank_gates=704 paired_macros=752 conditional_clean=true
FOLD20_T10_RANK4 j=1 last=false low=true old_ops=62941 ops=53921
FOLD20_PASSIVE_LOWER old=1082 new=6864 macros=22 gathers=0
FOLD20_PASSIVE_LOWER old=544 new=872 macros=6 gathers=0
FOLD20_PASSIVE_LOWER old=260 new=664 macros=6 gathers=0
RANK4_LOWER class=3 original_ops=85391 new_ops=73349 symbolic_rank_gates=896 paired_macros=962 conditional_clean=true
FOLD20_T10_RANK4 j=2 last=false low=true old_ops=85391 ops=73349
FOLD20_PASSIVE_LOWER old=326 new=3110 macros=9 gathers=0
FOLD20_PASSIVE_LOWER old=544 new=872 macros=6 gathers=0
RANK4_LOWER class=3 original_ops=85561 new_ops=73349 symbolic_rank_gates=896 paired_macros=962 conditional_clean=true
FOLD20_T10_RANK4 j=0 last=false low=true old_ops=85561 ops=73349
FOLD20_PASSIVE_LOWER old=260 new=664 macros=6 gathers=0
FOLD20_PASSIVE_LOWER old=0 new=0 macros=0 gathers=0
FOLD20_PASSIVE_LOWER old=544 new=872 macros=6 gathers=0
FOLD20_PASSIVE_LOWER old=260 new=664 macros=6 gathers=0
FOLD20_PASSIVE_LOWER old=0 new=0 macros=0 gathers=0
RANK4_LOWER class=4 original_ops=14327 new_ops=11315 symbolic_rank_gates=84 paired_macros=116 conditional_clean=true
FOLD20_T10_RANK4 j=3 last=true low=true old_ops=14327 ops=11315
Q792_JOINT_CODEC held_predicates=7 all_existing_dirty=true restored=true
Q792_JOINT_CODEC held_predicates=7 all_existing_dirty=true restored=true
RANK4_LOWER class=4 original_ops=16137 new_ops=12433 symbolic_rank_gates=108 paired_macros=188 conditional_clean=true
FOLD20_T10_RANK4 j=0 last=true low=true old_ops=16137 ops=12433
RANK4_LOWER class=4 original_ops=17553 new_ops=13435 symbolic_rank_gates=108 paired_macros=188 conditional_clean=true
FOLD20_T10_RANK4 j=2 last=true low=true old_ops=17553 ops=13435
RANK4_LOWER class=4 original_ops=16723 new_ops=12859 symbolic_rank_gates=108 paired_macros=188 conditional_clean=true
FOLD20_T10_RANK4 j=1 last=true low=true old_ops=16723 ops=12859
Q792_JOINT_CODEC held_predicates=16 all_existing_dirty=true restored=true
Q792_JOINT_CODEC held_predicates=16 all_existing_dirty=true restored=true
Q792_JOINT_CODEC held_predicates=7 all_existing_dirty=true restored=true
Q792_JOINT_CODEC held_predicates=16 all_existing_dirty=true restored=true
Q792_JOINT_CODEC held_predicates=7 all_existing_dirty=true restored=true
Q792_JOINT_CODEC held_predicates=16 all_existing_dirty=true restored=true
RANK4_LOWER class=3 original_ops=63357 new_ops=54125 symbolic_rank_gates=704 paired_macros=752 conditional_clean=true
FOLD20_T10_RANK4 j=3 last=false low=true old_ops=63357 ops=54125
FOLD20_PASSIVE_LOWER old=688 new=1138 macros=8 gathers=0
FOLD20_PASSIVE_LOWER old=260 new=664 macros=6 gathers=0
RANK4_LOWER class=3 original_ops=63201 new_ops=54129 symbolic_rank_gates=704 paired_macros=752 conditional_clean=true
FOLD20_T10_RANK4 j=1 last=false low=true old_ops=63201 ops=54129
RANK4_LOWER class=3 original_ops=85651 new_ops=73557 symbolic_rank_gates=896 paired_macros=962 conditional_clean=true
FOLD20_T10_RANK4 j=2 last=false low=true old_ops=85651 ops=73557
RANK4_LOWER class=3 original_ops=85821 new_ops=73557 symbolic_rank_gates=896 paired_macros=962 conditional_clean=true
FOLD20_T10_RANK4 j=0 last=false low=true old_ops=85821 ops=73557
FOLD20_PASSIVE_LOWER old=1082 new=6864 macros=22 gathers=0
FOLD20_PASSIVE_LOWER old=544 new=872 macros=6 gathers=0
FOLD20_PASSIVE_LOWER old=260 new=664 macros=6 gathers=0
FOLD20_PASSIVE_LOWER old=544 new=872 macros=6 gathers=0
FOLD20_PASSIVE_LOWER old=544 new=872 macros=6 gathers=0
FOLD20_PASSIVE_LOWER old=260 new=664 macros=6 gathers=0
FOLD20_PASSIVE_LOWER old=326 new=3110 macros=9 gathers=0
FOLD20_PASSIVE_LOWER old=260 new=664 macros=6 gathers=0
FOLD20_PASSIVE_LOWER old=0 new=0 macros=0 gathers=0
FOLD20_PASSIVE_LOWER old=0 new=0 macros=0 gathers=0
RANK4_LOWER class=4 original_ops=14437 new_ops=11409 symbolic_rank_gates=84 paired_macros=116 conditional_clean=true
FOLD20_T10_RANK4 j=3 last=true low=true old_ops=14437 ops=11409
Q792_JOINT_CODEC held_predicates=7 all_existing_dirty=true restored=true
Q792_JOINT_CODEC held_predicates=7 all_existing_dirty=true restored=true
RANK4_LOWER class=4 original_ops=16247 new_ops=12527 symbolic_rank_gates=108 paired_macros=188 conditional_clean=true
FOLD20_T10_RANK4 j=0 last=true low=true old_ops=16247 ops=12527
RANK4_LOWER class=4 original_ops=16833 new_ops=12953 symbolic_rank_gates=108 paired_macros=188 conditional_clean=true
FOLD20_T10_RANK4 j=1 last=true low=true old_ops=16833 ops=12953
RANK4_LOWER class=4 original_ops=17663 new_ops=13529 symbolic_rank_gates=108 paired_macros=188 conditional_clean=true
FOLD20_T10_RANK4 j=2 last=true low=true old_ops=17663 ops=13529
Q792_JOINT_CODEC held_predicates=16 all_existing_dirty=true restored=true
Q792_JOINT_CODEC held_predicates=7 all_existing_dirty=true restored=true
Q792_JOINT_CODEC held_predicates=16 all_existing_dirty=true restored=true
Q792_JOINT_CODEC held_predicates=7 all_existing_dirty=true restored=true
Q792_JOINT_CODEC held_predicates=16 all_existing_dirty=true restored=true
Q792_JOINT_CODEC held_predicates=16 all_existing_dirty=true restored=true
RANK4_LOWER class=3 original_ops=63613 new_ops=54339 symbolic_rank_gates=704 paired_macros=752 conditional_clean=true
FOLD20_T10_RANK4 j=3 last=false low=true old_ops=63613 ops=54339
FOLD20_PASSIVE_LOWER old=688 new=1138 macros=8 gathers=0
FOLD20_PASSIVE_LOWER old=260 new=664 macros=6 gathers=0
RANK4_LOWER class=3 original_ops=63457 new_ops=54343 symbolic_rank_gates=704 paired_macros=752 conditional_clean=true
FOLD20_T10_RANK4 j=1 last=false low=true old_ops=63457 ops=54343
FOLD20_PASSIVE_LOWER old=544 new=872 macros=6 gathers=0
FOLD20_PASSIVE_LOWER old=1082 new=6864 macros=22 gathers=0
FOLD20_PASSIVE_LOWER old=260 new=664 macros=6 gathers=0
RANK4_LOWER class=3 original_ops=86077 new_ops=73771 symbolic_rank_gates=896 paired_macros=962 conditional_clean=true
FOLD20_T10_RANK4 j=0 last=false low=true old_ops=86077 ops=73771
FOLD20_PASSIVE_LOWER old=326 new=3110 macros=9 gathers=0
RANK4_LOWER class=3 original_ops=85907 new_ops=73771 symbolic_rank_gates=896 paired_macros=962 conditional_clean=true
FOLD20_T10_RANK4 j=2 last=false low=true old_ops=85907 ops=73771
FOLD20_PASSIVE_LOWER old=544 new=872 macros=6 gathers=0
FOLD20_PASSIVE_LOWER old=260 new=664 macros=6 gathers=0
FOLD20_PASSIVE_LOWER old=0 new=0 macros=0 gathers=0
FOLD20_PASSIVE_LOWER old=544 new=872 macros=6 gathers=0
FOLD20_PASSIVE_LOWER old=260 new=664 macros=6 gathers=0
FOLD20_PASSIVE_LOWER old=0 new=0 macros=0 gathers=0
RANK4_LOWER class=4 original_ops=14541 new_ops=11497 symbolic_rank_gates=84 paired_macros=116 conditional_clean=true
FOLD20_T10_RANK4 j=3 last=true low=true old_ops=14541 ops=11497
Q792_JOINT_CODEC held_predicates=7 all_existing_dirty=true restored=true
Q792_JOINT_CODEC held_predicates=7 all_existing_dirty=true restored=true
RANK4_LOWER class=4 original_ops=16351 new_ops=12615 symbolic_rank_gates=108 paired_macros=188 conditional_clean=true
FOLD20_T10_RANK4 j=0 last=true low=true old_ops=16351 ops=12615
RANK4_LOWER class=4 original_ops=16937 new_ops=13041 symbolic_rank_gates=108 paired_macros=188 conditional_clean=true
FOLD20_T10_RANK4 j=1 last=true low=true old_ops=16937 ops=13041
RANK4_LOWER class=4 original_ops=17767 new_ops=13617 symbolic_rank_gates=108 paired_macros=188 conditional_clean=true
FOLD20_T10_RANK4 j=2 last=true low=true old_ops=17767 ops=13617
Q792_JOINT_CODEC held_predicates=7 all_existing_dirty=true restored=true
Q792_JOINT_CODEC held_predicates=16 all_existing_dirty=true restored=true
Q792_JOINT_CODEC held_predicates=7 all_existing_dirty=true restored=true
Q792_JOINT_CODEC held_predicates=16 all_existing_dirty=true restored=true
Q792_JOINT_CODEC held_predicates=16 all_existing_dirty=true restored=true
Q792_JOINT_CODEC held_predicates=16 all_existing_dirty=true restored=true
RANK4_LOWER class=3 original_ops=63865 new_ops=54547 symbolic_rank_gates=704 paired_macros=752 conditional_clean=true
FOLD20_T10_RANK4 j=3 last=false low=true old_ops=63865 ops=54547
FOLD20_PASSIVE_LOWER old=688 new=1138 macros=8 gathers=0
RANK4_LOWER class=3 original_ops=63709 new_ops=54551 symbolic_rank_gates=704 paired_macros=752 conditional_clean=true
FOLD20_T10_RANK4 j=1 last=false low=true old_ops=63709 ops=54551
FOLD20_PASSIVE_LOWER old=260 new=664 macros=6 gathers=0
FOLD20_PASSIVE_LOWER old=544 new=872 macros=6 gathers=0
FOLD20_PASSIVE_LOWER old=1082 new=6864 macros=22 gathers=0
FOLD20_PASSIVE_LOWER old=260 new=664 macros=6 gathers=0
RANK4_LOWER class=3 original_ops=86159 new_ops=73979 symbolic_rank_gates=896 paired_macros=962 conditional_clean=true
FOLD20_T10_RANK4 j=2 last=false low=true old_ops=86159 ops=73979
FOLD20_PASSIVE_LOWER old=326 new=3110 macros=9 gathers=0
FOLD20_PASSIVE_LOWER old=544 new=872 macros=6 gathers=0
FOLD20_PASSIVE_LOWER old=260 new=664 macros=6 gathers=0
RANK4_LOWER class=3 original_ops=86329 new_ops=73979 symbolic_rank_gates=896 paired_macros=962 conditional_clean=true
FOLD20_T10_RANK4 j=0 last=false low=true old_ops=86329 ops=73979
FOLD20_PASSIVE_LOWER old=0 new=0 macros=0 gathers=0
FOLD20_PASSIVE_LOWER old=544 new=872 macros=6 gathers=0
FOLD20_PASSIVE_LOWER old=260 new=664 macros=6 gathers=0
FOLD20_PASSIVE_LOWER old=0 new=0 macros=0 gathers=0
RANK4_LOWER class=4 original_ops=14675 new_ops=11603 symbolic_rank_gates=84 paired_macros=116 conditional_clean=true
FOLD20_T10_RANK4 j=3 last=true low=true old_ops=14675 ops=11603
Q792_JOINT_CODEC held_predicates=7 all_existing_dirty=true restored=true
Q792_JOINT_CODEC held_predicates=7 all_existing_dirty=true restored=true
RANK4_LOWER class=4 original_ops=16485 new_ops=12721 symbolic_rank_gates=108 paired_macros=188 conditional_clean=true
FOLD20_T10_RANK4 j=0 last=true low=true old_ops=16485 ops=12721
RANK4_LOWER class=4 original_ops=17071 new_ops=13147 symbolic_rank_gates=108 paired_macros=188 conditional_clean=true
FOLD20_T10_RANK4 j=1 last=true low=true old_ops=17071 ops=13147
RANK4_LOWER class=4 original_ops=17901 new_ops=13723 symbolic_rank_gates=108 paired_macros=188 conditional_clean=true
FOLD20_T10_RANK4 j=2 last=true low=true old_ops=17901 ops=13723
Q792_JOINT_CODEC held_predicates=7 all_existing_dirty=true restored=true
Q792_JOINT_CODEC held_predicates=16 all_existing_dirty=true restored=true
Q792_JOINT_CODEC held_predicates=7 all_existing_dirty=true restored=true
Q792_JOINT_CODEC held_predicates=16 all_existing_dirty=true restored=true
Q792_JOINT_CODEC held_predicates=16 all_existing_dirty=true restored=true
Q792_JOINT_CODEC held_predicates=16 all_existing_dirty=true restored=true
RANK4_LOWER class=3 original_ops=64117 new_ops=54763 symbolic_rank_gates=704 paired_macros=752 conditional_clean=true
FOLD20_T10_RANK4 j=3 last=false low=true old_ops=64117 ops=54763
RANK4_LOWER class=3 original_ops=63961 new_ops=54767 symbolic_rank_gates=704 paired_macros=752 conditional_clean=true
FOLD20_T10_RANK4 j=1 last=false low=true old_ops=63961 ops=54767
FOLD20_PASSIVE_LOWER old=688 new=1138 macros=8 gathers=0
FOLD20_PASSIVE_LOWER old=544 new=872 macros=6 gathers=0
FOLD20_PASSIVE_LOWER old=260 new=664 macros=6 gathers=0
FOLD20_PASSIVE_LOWER old=260 new=664 macros=6 gathers=0
FOLD20_PASSIVE_LOWER old=326 new=3110 macros=9 gathers=0
FOLD20_PASSIVE_LOWER old=1082 new=6864 macros=22 gathers=0
RANK4_LOWER class=3 original_ops=86581 new_ops=74195 symbolic_rank_gates=896 paired_macros=962 conditional_clean=true
FOLD20_T10_RANK4 j=0 last=false low=true old_ops=86581 ops=74195
RANK4_LOWER class=3 original_ops=86411 new_ops=74195 symbolic_rank_gates=896 paired_macros=962 conditional_clean=true
FOLD20_T10_RANK4 j=2 last=false low=true old_ops=86411 ops=74195
FOLD20_PASSIVE_LOWER old=544 new=872 macros=6 gathers=0
FOLD20_PASSIVE_LOWER old=260 new=664 macros=6 gathers=0
FOLD20_PASSIVE_LOWER old=0 new=0 macros=0 gathers=0
FOLD20_PASSIVE_LOWER old=544 new=872 macros=6 gathers=0
FOLD20_PASSIVE_LOWER old=260 new=664 macros=6 gathers=0
FOLD20_PASSIVE_LOWER old=0 new=0 macros=0 gathers=0
RANK4_LOWER class=4 original_ops=14779 new_ops=11691 symbolic_rank_gates=84 paired_macros=116 conditional_clean=true
FOLD20_T10_RANK4 j=3 last=true low=true old_ops=14779 ops=11691
Q792_JOINT_CODEC held_predicates=7 all_existing_dirty=true restored=true
Q792_JOINT_CODEC held_predicates=7 all_existing_dirty=true restored=true
RANK4_LOWER class=4 original_ops=16589 new_ops=12809 symbolic_rank_gates=108 paired_macros=188 conditional_clean=true
RANK4_LOWER class=4 original_ops=17175 new_ops=13235 symbolic_rank_gates=108 paired_macros=188 conditional_clean=true
FOLD20_T10_RANK4 j=0 last=true low=true old_ops=16589 ops=12809
FOLD20_T10_RANK4 j=1 last=true low=true old_ops=17175 ops=13235
RANK4_LOWER class=4 original_ops=18005 new_ops=13811 symbolic_rank_gates=108 paired_macros=188 conditional_clean=true
FOLD20_T10_RANK4 j=2 last=true low=true old_ops=18005 ops=13811
Q792_JOINT_CODEC held_predicates=7 all_existing_dirty=true restored=true
Q792_JOINT_CODEC held_predicates=7 all_existing_dirty=true restored=true
Q792_JOINT_CODEC held_predicates=16 all_existing_dirty=true restored=true
Q792_JOINT_CODEC held_predicates=16 all_existing_dirty=true restored=true
Q792_JOINT_CODEC held_predicates=16 all_existing_dirty=true restored=true
Q792_JOINT_CODEC held_predicates=16 all_existing_dirty=true restored=true
RANK4_LOWER class=3 original_ops=64369 new_ops=54971 symbolic_rank_gates=704 paired_macros=752 conditional_clean=true
FOLD20_T10_RANK4 j=3 last=false low=true old_ops=64369 ops=54971
FOLD20_PASSIVE_LOWER old=688 new=1138 macros=8 gathers=0
FOLD20_PASSIVE_LOWER old=260 new=664 macros=6 gathers=0
RANK4_LOWER class=3 original_ops=64213 new_ops=54975 symbolic_rank_gates=704 paired_macros=752 conditional_clean=true
FOLD20_T10_RANK4 j=1 last=false low=true old_ops=64213 ops=54975
FOLD20_PASSIVE_LOWER old=1082 new=6864 macros=22 gathers=0
FOLD20_PASSIVE_LOWER old=544 new=872 macros=6 gathers=0
FOLD20_PASSIVE_LOWER old=260 new=664 macros=6 gathers=0
FOLD20_PASSIVE_LOWER old=326 new=3110 macros=9 gathers=0
RANK4_LOWER class=3 original_ops=86663 new_ops=74403 symbolic_rank_gates=896 paired_macros=962 conditional_clean=true
FOLD20_T10_RANK4 j=2 last=false low=true old_ops=86663 ops=74403
RANK4_LOWER class=3 original_ops=86833 new_ops=74403 symbolic_rank_gates=896 paired_macros=962 conditional_clean=true
FOLD20_T10_RANK4 j=0 last=false low=true old_ops=86833 ops=74403
FOLD20_PASSIVE_LOWER old=544 new=872 macros=6 gathers=0
FOLD20_PASSIVE_LOWER old=260 new=664 macros=6 gathers=0
FOLD20_PASSIVE_LOWER old=0 new=0 macros=0 gathers=0
FOLD20_PASSIVE_LOWER old=544 new=872 macros=6 gathers=0
FOLD20_PASSIVE_LOWER old=260 new=664 macros=6 gathers=0
FOLD20_PASSIVE_LOWER old=0 new=0 macros=0 gathers=0
RANK4_LOWER class=4 original_ops=14889 new_ops=11785 symbolic_rank_gates=84 paired_macros=116 conditional_clean=true
FOLD20_T10_RANK4 j=3 last=true low=true old_ops=14889 ops=11785
Q792_JOINT_CODEC held_predicates=7 all_existing_dirty=true restored=true
Q792_JOINT_CODEC held_predicates=7 all_existing_dirty=true restored=true
RANK4_LOWER class=4 original_ops=17285 new_ops=13329 symbolic_rank_gates=108 paired_macros=188 conditional_clean=true
FOLD20_T10_RANK4 j=1 last=true low=true old_ops=17285 ops=13329
RANK4_LOWER class=4 original_ops=16699 new_ops=12903 symbolic_rank_gates=108 paired_macros=188 conditional_clean=true
FOLD20_T10_RANK4 j=0 last=true low=true old_ops=16699 ops=12903
RANK4_LOWER class=4 original_ops=18115 new_ops=13905 symbolic_rank_gates=108 paired_macros=188 conditional_clean=true
FOLD20_T10_RANK4 j=2 last=true low=true old_ops=18115 ops=13905
Q792_JOINT_CODEC held_predicates=7 all_existing_dirty=true restored=true
Q792_JOINT_CODEC held_predicates=16 all_existing_dirty=true restored=true
Q792_JOINT_CODEC held_predicates=16 all_existing_dirty=true restored=true
Q792_JOINT_CODEC held_predicates=7 all_existing_dirty=true restored=true
Q792_JOINT_CODEC held_predicates=16 all_existing_dirty=true restored=true
Q792_JOINT_CODEC held_predicates=16 all_existing_dirty=true restored=true
RANK4_LOWER class=3 original_ops=64617 new_ops=55183 symbolic_rank_gates=704 paired_macros=752 conditional_clean=true
FOLD20_T10_RANK4 j=3 last=false low=true old_ops=64617 ops=55183
FOLD20_PASSIVE_LOWER old=688 new=1138 macros=8 gathers=0
RANK4_LOWER class=3 original_ops=64461 new_ops=55187 symbolic_rank_gates=704 paired_macros=752 conditional_clean=true
FOLD20_T10_RANK4 j=1 last=false low=true old_ops=64461 ops=55187
FOLD20_PASSIVE_LOWER old=260 new=664 macros=6 gathers=0
FOLD20_PASSIVE_LOWER old=544 new=872 macros=6 gathers=0
FOLD20_PASSIVE_LOWER old=260 new=664 macros=6 gathers=0
FOLD20_PASSIVE_LOWER old=1082 new=6864 macros=22 gathers=0
RANK4_LOWER class=3 original_ops=86911 new_ops=74615 symbolic_rank_gates=896 paired_macros=962 conditional_clean=true
FOLD20_T10_RANK4 j=2 last=false low=true old_ops=86911 ops=74615
FOLD20_PASSIVE_LOWER old=326 new=3110 macros=9 gathers=0
RANK4_LOWER class=3 original_ops=87081 new_ops=74615 symbolic_rank_gates=896 paired_macros=962 conditional_clean=true
FOLD20_T10_RANK4 j=0 last=false low=true old_ops=87081 ops=74615
FOLD20_PASSIVE_LOWER old=544 new=872 macros=6 gathers=0
FOLD20_PASSIVE_LOWER old=260 new=664 macros=6 gathers=0
FOLD20_PASSIVE_LOWER old=0 new=0 macros=0 gathers=0
FOLD20_PASSIVE_LOWER old=544 new=872 macros=6 gathers=0
FOLD20_PASSIVE_LOWER old=260 new=664 macros=6 gathers=0
FOLD20_PASSIVE_LOWER old=0 new=0 macros=0 gathers=0
RANK4_LOWER class=4 original_ops=14993 new_ops=11873 symbolic_rank_gates=84 paired_macros=116 conditional_clean=true
FOLD20_T10_RANK4 j=3 last=true low=true old_ops=14993 ops=11873
Q792_JOINT_CODEC held_predicates=7 all_existing_dirty=true restored=true
Q792_JOINT_CODEC held_predicates=7 all_existing_dirty=true restored=true
RANK4_LOWER class=4 original_ops=16803 new_ops=12991 symbolic_rank_gates=108 paired_macros=188 conditional_clean=true
FOLD20_T10_RANK4 j=0 last=true low=true old_ops=16803 ops=12991
RANK4_LOWER class=4 original_ops=17389 new_ops=13417 symbolic_rank_gates=108 paired_macros=188 conditional_clean=true
FOLD20_T10_RANK4 j=1 last=true low=true old_ops=17389 ops=13417
RANK4_LOWER class=4 original_ops=18219 new_ops=13993 symbolic_rank_gates=108 paired_macros=188 conditional_clean=true
FOLD20_T10_RANK4 j=2 last=true low=true old_ops=18219 ops=13993
Q792_JOINT_CODEC held_predicates=16 all_existing_dirty=true restored=true
Q792_JOINT_CODEC held_predicates=7 all_existing_dirty=true restored=true
Q792_JOINT_CODEC held_predicates=16 all_existing_dirty=true restored=true
Q792_JOINT_CODEC held_predicates=7 all_existing_dirty=true restored=true
Q792_JOINT_CODEC held_predicates=16 all_existing_dirty=true restored=true
Q792_JOINT_CODEC held_predicates=16 all_existing_dirty=true restored=true
RANK4_LOWER class=3 original_ops=64861 new_ops=55391 symbolic_rank_gates=704 paired_macros=752 conditional_clean=true
FOLD20_T10_RANK4 j=3 last=false low=true old_ops=64861 ops=55391
FOLD20_PASSIVE_LOWER old=688 new=1138 macros=8 gathers=0
RANK4_LOWER class=3 original_ops=64705 new_ops=55395 symbolic_rank_gates=704 paired_macros=752 conditional_clean=true
FOLD20_T10_RANK4 j=1 last=false low=true old_ops=64705 ops=55395
FOLD20_PASSIVE_LOWER old=260 new=664 macros=6 gathers=0
RANK4_LOWER class=3 original_ops=87325 new_ops=74823 symbolic_rank_gates=896 paired_macros=962 conditional_clean=true
FOLD20_T10_RANK4 j=0 last=false low=true old_ops=87325 ops=74823
FOLD20_PASSIVE_LOWER old=544 new=872 macros=6 gathers=0
RANK4_LOWER class=3 original_ops=87155 new_ops=74823 symbolic_rank_gates=896 paired_macros=962 conditional_clean=true
FOLD20_T10_RANK4 j=2 last=false low=true old_ops=87155 ops=74823
FOLD20_PASSIVE_LOWER old=260 new=664 macros=6 gathers=0
FOLD20_PASSIVE_LOWER old=1082 new=6864 macros=22 gathers=0
FOLD20_PASSIVE_LOWER old=544 new=872 macros=6 gathers=0
FOLD20_PASSIVE_LOWER old=326 new=3110 macros=9 gathers=0
FOLD20_PASSIVE_LOWER old=544 new=872 macros=6 gathers=0
FOLD20_PASSIVE_LOWER old=260 new=664 macros=6 gathers=0
FOLD20_PASSIVE_LOWER old=260 new=664 macros=6 gathers=0
FOLD20_PASSIVE_LOWER old=0 new=0 macros=0 gathers=0
FOLD20_PASSIVE_LOWER old=0 new=0 macros=0 gathers=0
RANK4_LOWER class=4 original_ops=15127 new_ops=11983 symbolic_rank_gates=84 paired_macros=116 conditional_clean=true
FOLD20_T10_RANK4 j=3 last=true low=true old_ops=15127 ops=11983
Q792_JOINT_CODEC held_predicates=7 all_existing_dirty=true restored=true
Q792_JOINT_CODEC held_predicates=7 all_existing_dirty=true restored=true
RANK4_LOWER class=4 original_ops=18353 new_ops=14103 symbolic_rank_gates=108 paired_macros=188 conditional_clean=true
FOLD20_T10_RANK4 j=2 last=true low=true old_ops=18353 ops=14103
RANK4_LOWER class=4 original_ops=17523 new_ops=13527 symbolic_rank_gates=108 paired_macros=188 conditional_clean=true
FOLD20_T10_RANK4 j=1 last=true low=true old_ops=17523 ops=13527
RANK4_LOWER class=4 original_ops=16937 new_ops=13101 symbolic_rank_gates=108 paired_macros=188 conditional_clean=true
FOLD20_T10_RANK4 j=0 last=true low=true old_ops=16937 ops=13101
Q792_JOINT_CODEC held_predicates=7 all_existing_dirty=true restored=true
Q792_JOINT_CODEC held_predicates=16 all_existing_dirty=true restored=true
Q792_JOINT_CODEC held_predicates=16 all_existing_dirty=true restored=true
Q792_JOINT_CODEC held_predicates=7 all_existing_dirty=true restored=true
Q792_JOINT_CODEC held_predicates=16 all_existing_dirty=true restored=true
Q792_JOINT_CODEC held_predicates=16 all_existing_dirty=true restored=true
RANK4_LOWER class=3 original_ops=65109 new_ops=55611 symbolic_rank_gates=704 paired_macros=752 conditional_clean=true
FOLD20_T10_RANK4 j=3 last=false low=true old_ops=65109 ops=55611
FOLD20_PASSIVE_LOWER old=688 new=1138 macros=8 gathers=0
FOLD20_PASSIVE_LOWER old=260 new=664 macros=6 gathers=0
RANK4_LOWER class=3 original_ops=64953 new_ops=55615 symbolic_rank_gates=704 paired_macros=752 conditional_clean=true
FOLD20_T10_RANK4 j=1 last=false low=true old_ops=64953 ops=55615
FOLD20_PASSIVE_LOWER old=1082 new=6864 macros=22 gathers=0
FOLD20_PASSIVE_LOWER old=544 new=872 macros=6 gathers=0
FOLD20_PASSIVE_LOWER old=260 new=664 macros=6 gathers=0
RANK4_LOWER class=3 original_ops=87403 new_ops=75043 symbolic_rank_gates=896 paired_macros=962 conditional_clean=true
FOLD20_T10_RANK4 j=2 last=false low=true old_ops=87403 ops=75043
RANK4_LOWER class=3 original_ops=87573 new_ops=75043 symbolic_rank_gates=896 paired_macros=962 conditional_clean=true
FOLD20_T10_RANK4 j=0 last=false low=true old_ops=87573 ops=75043
FOLD20_PASSIVE_LOWER old=326 new=3110 macros=9 gathers=0
FOLD20_PASSIVE_LOWER old=544 new=872 macros=6 gathers=0
FOLD20_PASSIVE_LOWER old=260 new=664 macros=6 gathers=0
FOLD20_PASSIVE_LOWER old=544 new=872 macros=6 gathers=0
FOLD20_PASSIVE_LOWER old=0 new=0 macros=0 gathers=0
FOLD20_PASSIVE_LOWER old=260 new=664 macros=6 gathers=0
FOLD20_PASSIVE_LOWER old=0 new=0 macros=0 gathers=0
RANK4_LOWER class=4 original_ops=15231 new_ops=12071 symbolic_rank_gates=84 paired_macros=116 conditional_clean=true
FOLD20_T10_RANK4 j=3 last=true low=true old_ops=15231 ops=12071
RANK4_LOWER class=4 original_ops=17627 new_ops=13615 symbolic_rank_gates=108 paired_macros=188 conditional_clean=true
FOLD20_T10_RANK4 j=1 last=true low=true old_ops=17627 ops=13615
Q792_JOINT_CODEC held_predicates=7 all_existing_dirty=true restored=true
Q792_JOINT_CODEC held_predicates=7 all_existing_dirty=true restored=true
RANK4_LOWER class=4 original_ops=17041 new_ops=13189 symbolic_rank_gates=108 paired_macros=188 conditional_clean=true
FOLD20_T10_RANK4 j=0 last=true low=true old_ops=17041 ops=13189
Q792_JOINT_CODEC held_predicates=7 all_existing_dirty=true restored=true
Q792_JOINT_CODEC held_predicates=7 all_existing_dirty=true restored=true
Q792_JOINT_CODEC held_predicates=16 all_existing_dirty=true restored=true
RANK4_LOWER class=4 original_ops=18457 new_ops=14191 symbolic_rank_gates=108 paired_macros=188 conditional_clean=true
FOLD20_T10_RANK4 j=2 last=true low=true old_ops=18457 ops=14191
Q792_JOINT_CODEC held_predicates=16 all_existing_dirty=true restored=true
Q792_JOINT_CODEC held_predicates=16 all_existing_dirty=true restored=true
Q792_JOINT_CODEC held_predicates=16 all_existing_dirty=true restored=true
RANK4_LOWER class=3 original_ops=65205 new_ops=55825 symbolic_rank_gates=704 paired_macros=752 conditional_clean=true
FOLD20_T10_RANK4 j=1 last=false low=true old_ops=65205 ops=55825
RANK4_LOWER class=3 original_ops=65361 new_ops=55821 symbolic_rank_gates=704 paired_macros=752 conditional_clean=true
FOLD20_T10_RANK4 j=3 last=false low=true old_ops=65361 ops=55821
FOLD20_PASSIVE_LOWER old=544 new=872 macros=6 gathers=0
FOLD20_PASSIVE_LOWER old=260 new=664 macros=6 gathers=0
FOLD20_PASSIVE_LOWER old=688 new=1138 macros=8 gathers=0
FOLD20_PASSIVE_LOWER old=260 new=664 macros=6 gathers=0
FOLD20_PASSIVE_LOWER old=326 new=3110 macros=9 gathers=0
FOLD20_PASSIVE_LOWER old=1082 new=6864 macros=22 gathers=0
RANK4_LOWER class=3 original_ops=87825 new_ops=75253 symbolic_rank_gates=896 paired_macros=962 conditional_clean=true
FOLD20_T10_RANK4 j=0 last=false low=true old_ops=87825 ops=75253
RANK4_LOWER class=3 original_ops=87655 new_ops=75253 symbolic_rank_gates=896 paired_macros=962 conditional_clean=true
FOLD20_T10_RANK4 j=2 last=false low=true old_ops=87655 ops=75253
FOLD20_PASSIVE_LOWER old=544 new=872 macros=6 gathers=0
FOLD20_PASSIVE_LOWER old=260 new=664 macros=6 gathers=0
FOLD20_PASSIVE_LOWER old=544 new=872 macros=6 gathers=0
FOLD20_PASSIVE_LOWER old=0 new=0 macros=0 gathers=0
FOLD20_PASSIVE_LOWER old=260 new=664 macros=6 gathers=0
FOLD20_PASSIVE_LOWER old=0 new=0 macros=0 gathers=0
RANK4_LOWER class=4 original_ops=15341 new_ops=12165 symbolic_rank_gates=84 paired_macros=116 conditional_clean=true
FOLD20_T10_RANK4 j=3 last=true low=true old_ops=15341 ops=12165
Q792_JOINT_CODEC held_predicates=7 all_existing_dirty=true restored=true
Q792_JOINT_CODEC held_predicates=7 all_existing_dirty=true restored=true
RANK4_LOWER class=4 original_ops=17151 new_ops=13283 symbolic_rank_gates=108 paired_macros=188 conditional_clean=true
FOLD20_T10_RANK4 j=0 last=true low=true old_ops=17151 ops=13283
RANK4_LOWER class=4 original_ops=17737 new_ops=13709 symbolic_rank_gates=108 paired_macros=188 conditional_clean=true
FOLD20_T10_RANK4 j=1 last=true low=true old_ops=17737 ops=13709
RANK4_LOWER class=4 original_ops=18567 new_ops=14285 symbolic_rank_gates=108 paired_macros=188 conditional_clean=true
FOLD20_T10_RANK4 j=2 last=true low=true old_ops=18567 ops=14285
Q792_JOINT_CODEC held_predicates=16 all_existing_dirty=true restored=true
Q792_JOINT_CODEC held_predicates=7 all_existing_dirty=true restored=true
Q792_JOINT_CODEC held_predicates=16 all_existing_dirty=true restored=true
Q792_JOINT_CODEC held_predicates=7 all_existing_dirty=true restored=true
Q792_JOINT_CODEC held_predicates=16 all_existing_dirty=true restored=true
Q792_JOINT_CODEC held_predicates=16 all_existing_dirty=true restored=true
RANK4_LOWER class=3 original_ops=65609 new_ops=56033 symbolic_rank_gates=704 paired_macros=752 conditional_clean=true
FOLD20_T10_RANK4 j=3 last=false low=true old_ops=65609 ops=56033
FOLD20_PASSIVE_LOWER old=688 new=1138 macros=8 gathers=0
FOLD20_PASSIVE_LOWER old=260 new=664 macros=6 gathers=0
RANK4_LOWER class=3 original_ops=65453 new_ops=56037 symbolic_rank_gates=704 paired_macros=752 conditional_clean=true
FOLD20_T10_RANK4 j=1 last=false low=true old_ops=65453 ops=56037
FOLD20_PASSIVE_LOWER old=1082 new=6864 macros=22 gathers=0
FOLD20_PASSIVE_LOWER old=544 new=872 macros=6 gathers=0
FOLD20_PASSIVE_LOWER old=260 new=664 macros=6 gathers=0
RANK4_LOWER class=3 original_ops=88073 new_ops=75465 symbolic_rank_gates=896 paired_macros=962 conditional_clean=true
FOLD20_T10_RANK4 j=0 last=false low=true old_ops=88073 ops=75465
RANK4_LOWER class=3 original_ops=87903 new_ops=75465 symbolic_rank_gates=896 paired_macros=962 conditional_clean=true
FOLD20_T10_RANK4 j=2 last=false low=true old_ops=87903 ops=75465
FOLD20_PASSIVE_LOWER old=326 new=3110 macros=9 gathers=0
FOLD20_PASSIVE_LOWER old=544 new=872 macros=6 gathers=0
FOLD20_PASSIVE_LOWER old=260 new=664 macros=6 gathers=0
FOLD20_PASSIVE_LOWER old=544 new=872 macros=6 gathers=0
FOLD20_PASSIVE_LOWER old=260 new=664 macros=6 gathers=0
FOLD20_PASSIVE_LOWER old=0 new=0 macros=0 gathers=0
FOLD20_PASSIVE_LOWER old=0 new=0 macros=0 gathers=0
RANK4_LOWER class=4 original_ops=15445 new_ops=12253 symbolic_rank_gates=84 paired_macros=116 conditional_clean=true
FOLD20_T10_RANK4 j=3 last=true low=true old_ops=15445 ops=12253
Q792_JOINT_CODEC held_predicates=7 all_existing_dirty=true restored=true
Q792_JOINT_CODEC held_predicates=7 all_existing_dirty=true restored=true
RANK4_LOWER class=4 original_ops=17841 new_ops=13797 symbolic_rank_gates=108 paired_macros=188 conditional_clean=true
FOLD20_T10_RANK4 j=1 last=true low=true old_ops=17841 ops=13797
RANK4_LOWER class=4 original_ops=17255 new_ops=13371 symbolic_rank_gates=108 paired_macros=188 conditional_clean=true
RANK4_LOWER class=4 original_ops=18671 new_ops=14373 symbolic_rank_gates=108 paired_macros=188 conditional_clean=true
FOLD20_T10_RANK4 j=0 last=true low=true old_ops=17255 ops=13371
FOLD20_T10_RANK4 j=2 last=true low=true old_ops=18671 ops=14373
Q792_JOINT_CODEC held_predicates=7 all_existing_dirty=true restored=true
Q792_JOINT_CODEC held_predicates=7 all_existing_dirty=true restored=true
Q792_JOINT_CODEC held_predicates=16 all_existing_dirty=true restored=true
Q792_JOINT_CODEC held_predicates=16 all_existing_dirty=true restored=true
Q792_JOINT_CODEC held_predicates=16 all_existing_dirty=true restored=true
Q792_JOINT_CODEC held_predicates=16 all_existing_dirty=true restored=true
RANK4_LOWER class=3 original_ops=65697 new_ops=56245 symbolic_rank_gates=704 paired_macros=752 conditional_clean=true
FOLD20_T10_RANK4 j=1 last=false low=true old_ops=65697 ops=56245
RANK4_LOWER class=3 original_ops=65853 new_ops=56241 symbolic_rank_gates=704 paired_macros=752 conditional_clean=true
FOLD20_T10_RANK4 j=3 last=false low=true old_ops=65853 ops=56241
FOLD20_PASSIVE_LOWER old=544 new=872 macros=6 gathers=0
FOLD20_PASSIVE_LOWER old=260 new=664 macros=6 gathers=0
FOLD20_PASSIVE_LOWER old=688 new=1138 macros=8 gathers=0
FOLD20_PASSIVE_LOWER old=260 new=664 macros=6 gathers=0
FOLD20_PASSIVE_LOWER old=326 new=3110 macros=9 gathers=0
RANK4_LOWER class=3 original_ops=88317 new_ops=75673 symbolic_rank_gates=896 paired_macros=962 conditional_clean=true
FOLD20_T10_RANK4 j=0 last=false low=true old_ops=88317 ops=75673
RANK4_LOWER class=3 original_ops=88147 new_ops=75673 symbolic_rank_gates=896 paired_macros=962 conditional_clean=true
FOLD20_T10_RANK4 j=2 last=false low=true old_ops=88147 ops=75673
FOLD20_PASSIVE_LOWER old=1082 new=6864 macros=22 gathers=0
FOLD20_PASSIVE_LOWER old=544 new=872 macros=6 gathers=0
FOLD20_PASSIVE_LOWER old=544 new=872 macros=6 gathers=0
FOLD20_PASSIVE_LOWER old=260 new=664 macros=6 gathers=0
FOLD20_PASSIVE_LOWER old=260 new=664 macros=6 gathers=0
FOLD20_PASSIVE_LOWER old=0 new=0 macros=0 gathers=0
FOLD20_PASSIVE_LOWER old=0 new=0 macros=0 gathers=0
RANK4_LOWER class=4 original_ops=15575 new_ops=12359 symbolic_rank_gates=84 paired_macros=116 conditional_clean=true
FOLD20_T10_RANK4 j=3 last=true low=true old_ops=15575 ops=12359
Q792_JOINT_CODEC held_predicates=7 all_existing_dirty=true restored=true
Q792_JOINT_CODEC held_predicates=7 all_existing_dirty=true restored=true
RANK4_LOWER class=4 original_ops=17385 new_ops=13477 symbolic_rank_gates=108 paired_macros=188 conditional_clean=true
FOLD20_T10_RANK4 j=0 last=true low=true old_ops=17385 ops=13477
RANK4_LOWER class=4 original_ops=18801 new_ops=14479 symbolic_rank_gates=108 paired_macros=188 conditional_clean=true
FOLD20_T10_RANK4 j=2 last=true low=true old_ops=18801 ops=14479
RANK4_LOWER class=4 original_ops=17971 new_ops=13903 symbolic_rank_gates=108 paired_macros=188 conditional_clean=true
FOLD20_T10_RANK4 j=1 last=true low=true old_ops=17971 ops=13903
Q792_JOINT_CODEC held_predicates=7 all_existing_dirty=true restored=true
Q792_JOINT_CODEC held_predicates=16 all_existing_dirty=true restored=true
Q792_JOINT_CODEC held_predicates=16 all_existing_dirty=true restored=true
Q792_JOINT_CODEC held_predicates=7 all_existing_dirty=true restored=true
Q792_JOINT_CODEC held_predicates=16 all_existing_dirty=true restored=true
Q792_JOINT_CODEC held_predicates=16 all_existing_dirty=true restored=true
RANK4_LOWER class=3 original_ops=66097 new_ops=56457 symbolic_rank_gates=704 paired_macros=752 conditional_clean=true
FOLD20_T10_RANK4 j=3 last=false low=true old_ops=66097 ops=56457
RANK4_LOWER class=3 original_ops=65941 new_ops=56461 symbolic_rank_gates=704 paired_macros=752 conditional_clean=true
FOLD20_T10_RANK4 j=1 last=false low=true old_ops=65941 ops=56461
FOLD20_PASSIVE_LOWER old=688 new=1138 macros=8 gathers=0
FOLD20_PASSIVE_LOWER old=260 new=664 macros=6 gathers=0
FOLD20_PASSIVE_LOWER old=544 new=872 macros=6 gathers=0
FOLD20_PASSIVE_LOWER old=260 new=664 macros=6 gathers=0
FOLD20_PASSIVE_LOWER old=1082 new=6864 macros=22 gathers=0
FOLD20_PASSIVE_LOWER old=326 new=3110 macros=9 gathers=0
RANK4_LOWER class=3 original_ops=88391 new_ops=75889 symbolic_rank_gates=896 paired_macros=962 conditional_clean=true
FOLD20_T10_RANK4 j=2 last=false low=true old_ops=88391 ops=75889
RANK4_LOWER class=3 original_ops=88561 new_ops=75889 symbolic_rank_gates=896 paired_macros=962 conditional_clean=true
FOLD20_T10_RANK4 j=0 last=false low=true old_ops=88561 ops=75889
FOLD20_PASSIVE_LOWER old=544 new=872 macros=6 gathers=0
FOLD20_PASSIVE_LOWER old=260 new=664 macros=6 gathers=0
FOLD20_PASSIVE_LOWER old=0 new=0 macros=0 gathers=0
FOLD20_PASSIVE_LOWER old=544 new=872 macros=6 gathers=0
FOLD20_PASSIVE_LOWER old=260 new=664 macros=6 gathers=0
FOLD20_PASSIVE_LOWER old=0 new=0 macros=0 gathers=0
RANK4_LOWER class=4 original_ops=15679 new_ops=12447 symbolic_rank_gates=84 paired_macros=116 conditional_clean=true
FOLD20_T10_RANK4 j=3 last=true low=true old_ops=15679 ops=12447
Q792_JOINT_CODEC held_predicates=9 all_existing_dirty=true restored=true
Q792_JOINT_CODEC held_predicates=9 all_existing_dirty=true restored=true
RANK4_LOWER class=4 original_ops=17489 new_ops=13565 symbolic_rank_gates=108 paired_macros=188 conditional_clean=true
FOLD20_T10_RANK4 j=0 last=true low=true old_ops=17489 ops=13565
RANK4_LOWER class=4 original_ops=18905 new_ops=14567 symbolic_rank_gates=108 paired_macros=188 conditional_clean=true
FOLD20_T10_RANK4 j=2 last=true low=true old_ops=18905 ops=14567
RANK4_LOWER class=4 original_ops=18075 new_ops=13991 symbolic_rank_gates=108 paired_macros=188 conditional_clean=true
FOLD20_T10_RANK4 j=1 last=true low=true old_ops=18075 ops=13991
Q792_JOINT_CODEC held_predicates=9 all_existing_dirty=true restored=true
Q792_JOINT_CODEC held_predicates=16 all_existing_dirty=true restored=true
Q792_JOINT_CODEC held_predicates=16 all_existing_dirty=true restored=true
Q792_JOINT_CODEC held_predicates=9 all_existing_dirty=true restored=true
Q792_JOINT_CODEC held_predicates=16 all_existing_dirty=true restored=true
Q792_JOINT_CODEC held_predicates=16 all_existing_dirty=true restored=true
RANK4_LOWER class=3 original_ops=67437 new_ops=57597 symbolic_rank_gates=704 paired_macros=760 conditional_clean=true
FOLD20_T10_RANK4 j=3 last=false low=true old_ops=67437 ops=57597
RANK4_LOWER class=3 original_ops=67265 new_ops=57601 symbolic_rank_gates=704 paired_macros=760 conditional_clean=true
FOLD20_T10_RANK4 j=1 last=false low=true old_ops=67265 ops=57601
FOLD20_PASSIVE_LOWER old=688 new=1138 macros=8 gathers=0
FOLD20_PASSIVE_LOWER old=260 new=664 macros=6 gathers=0
FOLD20_PASSIVE_LOWER old=544 new=872 macros=6 gathers=0
FOLD20_PASSIVE_LOWER old=260 new=664 macros=6 gathers=0
FOLD20_PASSIVE_LOWER old=1082 new=6864 macros=22 gathers=0
RANK4_LOWER class=3 original_ops=89667 new_ops=76569 symbolic_rank_gates=896 paired_macros=972 conditional_clean=true
FOLD20_T10_RANK4 j=2 last=false low=true old_ops=89667 ops=76569
FOLD20_PASSIVE_LOWER old=326 new=3110 macros=9 gathers=0
RANK4_LOWER class=3 original_ops=89921 new_ops=76577 symbolic_rank_gates=896 paired_macros=972 conditional_clean=true
FOLD20_T10_RANK4 j=0 last=false low=true old_ops=89921 ops=76577
FOLD20_PASSIVE_LOWER old=544 new=872 macros=6 gathers=0
FOLD20_PASSIVE_LOWER old=260 new=664 macros=6 gathers=0
FOLD20_PASSIVE_LOWER old=0 new=0 macros=0 gathers=0
FOLD20_PASSIVE_LOWER old=544 new=872 macros=6 gathers=0
FOLD20_PASSIVE_LOWER old=260 new=664 macros=6 gathers=0
FOLD20_PASSIVE_LOWER old=0 new=0 macros=0 gathers=0
RANK4_LOWER class=4 original_ops=15789 new_ops=12541 symbolic_rank_gates=84 paired_macros=116 conditional_clean=true
FOLD20_T10_RANK4 j=3 last=true low=true old_ops=15789 ops=12541
Q792_JOINT_CODEC held_predicates=13 all_existing_dirty=true restored=true
Q792_JOINT_CODEC held_predicates=13 all_existing_dirty=true restored=true
RANK4_LOWER class=4 original_ops=18669 new_ops=14855 symbolic_rank_gates=108 paired_macros=208 conditional_clean=true
FOLD20_T10_RANK4 j=0 last=true low=true old_ops=18669 ops=14855
RANK4_LOWER class=4 original_ops=21691 new_ops=17779 symbolic_rank_gates=108 paired_macros=246 conditional_clean=true
FOLD20_T10_RANK4 j=1 last=true low=true old_ops=21691 ops=17779
Q792_JOINT_CODEC held_predicates=16 all_existing_dirty=true restored=true
RANK4_LOWER class=4 original_ops=23239 new_ops=19007 symbolic_rank_gates=108 paired_macros=252 conditional_clean=true
FOLD20_T10_RANK4 j=2 last=true low=true old_ops=23239 ops=19007
Q792_JOINT_CODEC held_predicates=16 all_existing_dirty=true restored=true
Q792_JOINT_CODEC held_predicates=13 all_existing_dirty=true restored=true
Q792_JOINT_CODEC held_predicates=16 all_existing_dirty=true restored=true
Q792_JOINT_CODEC held_predicates=13 all_existing_dirty=true restored=true
Q792_JOINT_CODEC held_predicates=16 all_existing_dirty=true restored=true
RANK4_LOWER class=3 original_ops=71389 new_ops=60579 symbolic_rank_gates=704 paired_macros=778 conditional_clean=true
FOLD20_T10_RANK4 j=3 last=false low=true old_ops=71389 ops=60579
FOLD20_PASSIVE_LOWER old=688 new=1138 macros=8 gathers=0
RANK4_LOWER class=3 original_ops=71185 new_ops=60583 symbolic_rank_gates=704 paired_macros=778 conditional_clean=true
FOLD20_T10_RANK4 j=1 last=false low=true old_ops=71185 ops=60583
FOLD20_PASSIVE_LOWER old=260 new=664 macros=6 gathers=0
FOLD20_PASSIVE_LOWER old=544 new=872 macros=6 gathers=0
FOLD20_PASSIVE_LOWER old=1082 new=6864 macros=22 gathers=0
FOLD20_PASSIVE_LOWER old=260 new=664 macros=6 gathers=0
RANK4_LOWER class=3 original_ops=99355 new_ops=83707 symbolic_rank_gates=896 paired_macros=1018 conditional_clean=true
FOLD20_T10_RANK4 j=2 last=false low=true old_ops=99355 ops=83707
RANK4_LOWER class=3 original_ops=100381 new_ops=84761 symbolic_rank_gates=896 paired_macros=1030 conditional_clean=true
FOLD20_T10_RANK4 j=0 last=false low=true old_ops=100381 ops=84761
FOLD20_PASSIVE_LOWER old=326 new=3110 macros=9 gathers=0
FOLD20_PASSIVE_LOWER old=544 new=872 macros=6 gathers=0
FOLD20_PASSIVE_LOWER old=260 new=664 macros=6 gathers=0
FOLD20_PASSIVE_LOWER old=544 new=872 macros=6 gathers=0
FOLD20_PASSIVE_LOWER old=0 new=0 macros=0 gathers=0
FOLD20_PASSIVE_LOWER old=260 new=664 macros=6 gathers=0
FOLD20_PASSIVE_LOWER old=0 new=0 macros=0 gathers=0
RANK4_LOWER class=4 original_ops=15857 new_ops=12593 symbolic_rank_gates=84 paired_macros=116 conditional_clean=true
FOLD20_T10_RANK4 j=3 last=true low=true old_ops=15857 ops=12593
Q792_JOINT_CODEC held_predicates=13 all_existing_dirty=true restored=true
Q792_JOINT_CODEC held_predicates=13 all_existing_dirty=true restored=true
RANK4_LOWER class=4 original_ops=18737 new_ops=14907 symbolic_rank_gates=108 paired_macros=208 conditional_clean=true
FOLD20_T10_RANK4 j=0 last=true low=true old_ops=18737 ops=14907
RANK4_LOWER class=4 original_ops=23307 new_ops=19059 symbolic_rank_gates=108 paired_macros=252 conditional_clean=true
FOLD20_T10_RANK4 j=2 last=true low=true old_ops=23307 ops=19059
Q792_JOINT_CODEC held_predicates=16 all_existing_dirty=true restored=true
RANK4_LOWER class=4 original_ops=21759 new_ops=17831 symbolic_rank_gates=108 paired_macros=246 conditional_clean=true
FOLD20_T10_RANK4 j=1 last=true low=true old_ops=21759 ops=17831
Q792_JOINT_CODEC held_predicates=16 all_existing_dirty=true restored=true
Q792_JOINT_CODEC held_predicates=16 all_existing_dirty=true restored=true
Q792_JOINT_CODEC held_predicates=16 all_existing_dirty=true restored=true
Q792_JOINT_CODEC held_predicates=13 all_existing_dirty=true restored=true
Q792_JOINT_CODEC held_predicates=13 all_existing_dirty=true restored=true
RANK4_LOWER class=3 original_ops=71529 new_ops=60703 symbolic_rank_gates=704 paired_macros=778 conditional_clean=true
FOLD20_T10_RANK4 j=3 last=false low=true old_ops=71529 ops=60703
FOLD20_PASSIVE_LOWER old=688 new=1138 macros=8 gathers=0
FOLD20_PASSIVE_LOWER old=260 new=664 macros=6 gathers=0
FOLD20_PASSIVE_LOWER old=1082 new=6864 macros=22 gathers=0
RANK4_LOWER class=3 original_ops=71325 new_ops=60707 symbolic_rank_gates=704 paired_macros=778 conditional_clean=true
FOLD20_T10_RANK4 j=1 last=false low=true old_ops=71325 ops=60707
RANK4_LOWER class=3 original_ops=99495 new_ops=83831 symbolic_rank_gates=896 paired_macros=1018 conditional_clean=true
FOLD20_T10_RANK4 j=2 last=false low=true old_ops=99495 ops=83831
RANK4_LOWER class=3 original_ops=100521 new_ops=84885 symbolic_rank_gates=896 paired_macros=1030 conditional_clean=true
FOLD20_T10_RANK4 j=0 last=false low=true old_ops=100521 ops=84885
FOLD20_PASSIVE_LOWER old=544 new=872 macros=6 gathers=0
FOLD20_PASSIVE_LOWER old=260 new=664 macros=6 gathers=0
FOLD20_PASSIVE_LOWER old=544 new=872 macros=6 gathers=0
FOLD20_PASSIVE_LOWER old=260 new=664 macros=6 gathers=0
FOLD20_PASSIVE_LOWER old=544 new=872 macros=6 gathers=0
FOLD20_PASSIVE_LOWER old=0 new=0 macros=0 gathers=0
FOLD20_PASSIVE_LOWER old=326 new=3110 macros=9 gathers=0
FOLD20_PASSIVE_LOWER old=260 new=664 macros=6 gathers=0
FOLD20_PASSIVE_LOWER old=0 new=0 macros=0 gathers=0
RANK4_LOWER class=4 original_ops=15857 new_ops=12593 symbolic_rank_gates=84 paired_macros=116 conditional_clean=true
FOLD20_T10_RANK4 j=3 last=true low=true old_ops=15857 ops=12593
Q792_JOINT_CODEC held_predicates=13 all_existing_dirty=true restored=true
Q792_JOINT_CODEC held_predicates=13 all_existing_dirty=true restored=true
RANK4_LOWER class=4 original_ops=18737 new_ops=14907 symbolic_rank_gates=108 paired_macros=208 conditional_clean=true
FOLD20_T10_RANK4 j=0 last=true low=true old_ops=18737 ops=14907
RANK4_LOWER class=4 original_ops=21759 new_ops=17831 symbolic_rank_gates=108 paired_macros=246 conditional_clean=true
RANK4_LOWER class=4 original_ops=23307 new_ops=19059 symbolic_rank_gates=108 paired_macros=252 conditional_clean=true
FOLD20_T10_RANK4 j=2 last=true low=true old_ops=23307 ops=19059
FOLD20_T10_RANK4 j=1 last=true low=true old_ops=21759 ops=17831
Q792_JOINT_CODEC held_predicates=16 all_existing_dirty=true restored=true
Q792_JOINT_CODEC held_predicates=13 all_existing_dirty=true restored=true
Q792_JOINT_CODEC held_predicates=16 all_existing_dirty=true restored=true
Q792_JOINT_CODEC held_predicates=13 all_existing_dirty=true restored=true
Q792_JOINT_CODEC held_predicates=16 all_existing_dirty=true restored=true
Q792_JOINT_CODEC held_predicates=16 all_existing_dirty=true restored=true
RANK4_LOWER class=3 original_ops=71325 new_ops=60707 symbolic_rank_gates=704 paired_macros=778 conditional_clean=true
FOLD20_T10_RANK4 j=1 last=false low=true old_ops=71325 ops=60707
RANK4_LOWER class=3 original_ops=71529 new_ops=60703 symbolic_rank_gates=704 paired_macros=778 conditional_clean=true
FOLD20_T10_RANK4 j=3 last=false low=true old_ops=71529 ops=60703
FOLD20_PASSIVE_LOWER old=544 new=872 macros=6 gathers=0
FOLD20_PASSIVE_LOWER old=688 new=1138 macros=8 gathers=0
FOLD20_PASSIVE_LOWER old=260 new=664 macros=6 gathers=0
FOLD20_PASSIVE_LOWER old=260 new=664 macros=6 gathers=0
FOLD20_PASSIVE_LOWER old=326 new=3110 macros=9 gathers=0
RANK4_LOWER class=3 original_ops=100521 new_ops=84885 symbolic_rank_gates=896 paired_macros=1030 conditional_clean=true
FOLD20_T10_RANK4 j=0 last=false low=true old_ops=100521 ops=84885
FOLD20_PASSIVE_LOWER old=1082 new=6864 macros=22 gathers=0
RANK4_LOWER class=3 original_ops=99495 new_ops=83831 symbolic_rank_gates=896 paired_macros=1018 conditional_clean=true
FOLD20_T10_RANK4 j=2 last=false low=true old_ops=99495 ops=83831
FOLD20_PASSIVE_LOWER old=544 new=872 macros=6 gathers=0
FOLD20_PASSIVE_LOWER old=544 new=872 macros=6 gathers=0
FOLD20_PASSIVE_LOWER old=260 new=664 macros=6 gathers=0
FOLD20_PASSIVE_LOWER old=260 new=664 macros=6 gathers=0
FOLD20_PASSIVE_LOWER old=0 new=0 macros=0 gathers=0
FOLD20_PASSIVE_LOWER old=0 new=0 macros=0 gathers=0
RANK4_LOWER class=4 original_ops=15857 new_ops=12593 symbolic_rank_gates=84 paired_macros=116 conditional_clean=true
FOLD20_T10_RANK4 j=3 last=true low=true old_ops=15857 ops=12593
Q792_JOINT_CODEC held_predicates=13 all_existing_dirty=true restored=true
RANK4_LOWER class=4 original_ops=21759 new_ops=17831 symbolic_rank_gates=108 paired_macros=246 conditional_clean=true
FOLD20_T10_RANK4 j=1 last=true low=true old_ops=21759 ops=17831
RANK4_LOWER class=4 original_ops=18737 new_ops=14907 symbolic_rank_gates=108 paired_macros=208 conditional_clean=true
FOLD20_T10_RANK4 j=0 last=true low=true old_ops=18737 ops=14907
Q792_JOINT_CODEC held_predicates=13 all_existing_dirty=true restored=true
Q792_JOINT_CODEC held_predicates=13 all_existing_dirty=true restored=true
RANK4_LOWER class=4 original_ops=23307 new_ops=19059 symbolic_rank_gates=108 paired_macros=252 conditional_clean=true
FOLD20_T10_RANK4 j=2 last=true low=true old_ops=23307 ops=19059
Q792_JOINT_CODEC held_predicates=13 all_existing_dirty=true restored=true
Q792_JOINT_CODEC held_predicates=16 all_existing_dirty=true restored=true
Q792_JOINT_CODEC held_predicates=16 all_existing_dirty=true restored=true
Q792_JOINT_CODEC held_predicates=16 all_existing_dirty=true restored=true
Q792_JOINT_CODEC held_predicates=16 all_existing_dirty=true restored=true
RANK4_LOWER class=3 original_ops=71325 new_ops=60707 symbolic_rank_gates=704 paired_macros=778 conditional_clean=true
FOLD20_T10_RANK4 j=1 last=false low=true old_ops=71325 ops=60707
RANK4_LOWER class=3 original_ops=71529 new_ops=60703 symbolic_rank_gates=704 paired_macros=778 conditional_clean=true
FOLD20_T10_RANK4 j=3 last=false low=true old_ops=71529 ops=60703
FOLD20_PASSIVE_LOWER old=544 new=872 macros=6 gathers=0
FOLD20_PASSIVE_LOWER old=688 new=1138 macros=8 gathers=0
FOLD20_PASSIVE_LOWER old=260 new=664 macros=6 gathers=0
FOLD20_PASSIVE_LOWER old=260 new=664 macros=6 gathers=0
FOLD20_PASSIVE_LOWER old=326 new=3110 macros=9 gathers=0
FOLD20_PASSIVE_LOWER old=1082 new=6864 macros=22 gathers=0
RANK4_LOWER class=3 original_ops=100521 new_ops=84885 symbolic_rank_gates=896 paired_macros=1030 conditional_clean=true
FOLD20_T10_RANK4 j=0 last=false low=true old_ops=100521 ops=84885
RANK4_LOWER class=3 original_ops=99495 new_ops=83831 symbolic_rank_gates=896 paired_macros=1018 conditional_clean=true
FOLD20_T10_RANK4 j=2 last=false low=true old_ops=99495 ops=83831
FOLD20_PASSIVE_LOWER old=544 new=872 macros=6 gathers=0
FOLD20_PASSIVE_LOWER old=544 new=872 macros=6 gathers=0
FOLD20_PASSIVE_LOWER old=260 new=664 macros=6 gathers=0
FOLD20_PASSIVE_LOWER old=260 new=664 macros=6 gathers=0
FOLD20_PASSIVE_LOWER old=0 new=0 macros=0 gathers=0
FOLD20_PASSIVE_LOWER old=0 new=0 macros=0 gathers=0
RANK4_LOWER class=4 original_ops=15857 new_ops=12593 symbolic_rank_gates=84 paired_macros=116 conditional_clean=true
FOLD20_T10_RANK4 j=3 last=true low=true old_ops=15857 ops=12593
Q792_JOINT_CODEC held_predicates=13 all_existing_dirty=true restored=true
Q792_JOINT_CODEC held_predicates=13 all_existing_dirty=true restored=true
RANK4_LOWER class=4 original_ops=18737 new_ops=14907 symbolic_rank_gates=108 paired_macros=208 conditional_clean=true
FOLD20_T10_RANK4 j=0 last=true low=true old_ops=18737 ops=14907
RANK4_LOWER class=4 original_ops=21759 new_ops=17831 symbolic_rank_gates=108 paired_macros=246 conditional_clean=true
FOLD20_T10_RANK4 j=1 last=true low=true old_ops=21759 ops=17831
RANK4_LOWER class=4 original_ops=23307 new_ops=19059 symbolic_rank_gates=108 paired_macros=252 conditional_clean=true
FOLD20_T10_RANK4 j=2 last=true low=true old_ops=23307 ops=19059
Q792_JOINT_CODEC held_predicates=16 all_existing_dirty=true restored=true
Q792_JOINT_CODEC held_predicates=13 all_existing_dirty=true restored=true
Q792_JOINT_CODEC held_predicates=16 all_existing_dirty=true restored=true
Q792_JOINT_CODEC held_predicates=13 all_existing_dirty=true restored=true
Q792_JOINT_CODEC held_predicates=16 all_existing_dirty=true restored=true
Q792_JOINT_CODEC held_predicates=16 all_existing_dirty=true restored=true
RANK4_LOWER class=3 original_ops=71529 new_ops=60703 symbolic_rank_gates=704 paired_macros=778 conditional_clean=true
FOLD20_T10_RANK4 j=3 last=false low=true old_ops=71529 ops=60703
FOLD20_PASSIVE_LOWER old=688 new=1138 macros=8 gathers=0
RANK4_LOWER class=3 original_ops=71325 new_ops=60707 symbolic_rank_gates=704 paired_macros=778 conditional_clean=true
FOLD20_T10_RANK4 j=1 last=false low=true old_ops=71325 ops=60707
FOLD20_PASSIVE_LOWER old=260 new=664 macros=6 gathers=0
FOLD20_PASSIVE_LOWER old=544 new=872 macros=6 gathers=0
FOLD20_PASSIVE_LOWER old=1082 new=6864 macros=22 gathers=0
FOLD20_PASSIVE_LOWER old=260 new=664 macros=6 gathers=0
FOLD20_PASSIVE_LOWER old=326 new=3110 macros=9 gathers=0
RANK4_LOWER class=3 original_ops=100521 new_ops=84885 symbolic_rank_gates=896 paired_macros=1030 conditional_clean=true
FOLD20_T10_RANK4 j=0 last=false low=true old_ops=100521 ops=84885
RANK4_LOWER class=3 original_ops=99495 new_ops=83831 symbolic_rank_gates=896 paired_macros=1018 conditional_clean=true
FOLD20_T10_RANK4 j=2 last=false low=true old_ops=99495 ops=83831
FOLD20_PASSIVE_LOWER old=544 new=872 macros=6 gathers=0
FOLD20_PASSIVE_LOWER old=260 new=664 macros=6 gathers=0
FOLD20_PASSIVE_LOWER old=544 new=872 macros=6 gathers=0
FOLD20_PASSIVE_LOWER old=260 new=664 macros=6 gathers=0
FOLD20_PASSIVE_LOWER old=0 new=0 macros=0 gathers=0
FOLD20_PASSIVE_LOWER old=0 new=0 macros=0 gathers=0
RANK4_LOWER class=4 original_ops=15719 new_ops=12479 symbolic_rank_gates=84 paired_macros=116 conditional_clean=true
FOLD20_T10_RANK4 j=3 last=true low=true old_ops=15719 ops=12479
Q792_JOINT_CODEC held_predicates=7 all_existing_dirty=true restored=true
Q792_JOINT_CODEC held_predicates=7 all_existing_dirty=true restored=true
RANK4_LOWER class=4 original_ops=17535 new_ops=14059 symbolic_rank_gates=108 paired_macros=184 conditional_clean=true
FOLD20_T10_RANK4 j=0 last=true low=true old_ops=17535 ops=14059
RANK4_LOWER class=4 original_ops=20557 new_ops=16981 symbolic_rank_gates=108 paired_macros=222 conditional_clean=true
FOLD20_T10_RANK4 j=1 last=true low=true old_ops=20557 ops=16981
Q792_JOINT_CODEC held_predicates=11 all_existing_dirty=true restored=true
RANK4_LOWER class=4 original_ops=22105 new_ops=18209 symbolic_rank_gates=108 paired_macros=228 conditional_clean=true
FOLD20_T10_RANK4 j=2 last=true low=true old_ops=22105 ops=18209
Q792_JOINT_CODEC held_predicates=7 all_existing_dirty=true restored=true
Q792_JOINT_CODEC held_predicates=7 all_existing_dirty=true restored=true
Q792_JOINT_CODEC held_predicates=11 all_existing_dirty=true restored=true
Q792_JOINT_CODEC held_predicates=10 all_existing_dirty=true restored=true
Q792_JOINT_CODEC held_predicates=10 all_existing_dirty=true restored=true
RANK4_LOWER class=3 original_ops=65965 new_ops=55199 symbolic_rank_gates=704 paired_macros=742 conditional_clean=true
FOLD20_T10_RANK4 j=1 last=false low=true old_ops=65965 ops=55199
RANK4_LOWER class=3 original_ops=66097 new_ops=55195 symbolic_rank_gates=704 paired_macros=742 conditional_clean=true
FOLD20_T10_RANK4 j=3 last=false low=true old_ops=66097 ops=55195
FOLD20_PASSIVE_LOWER old=544 new=872 macros=6 gathers=0
FOLD20_PASSIVE_LOWER old=260 new=664 macros=6 gathers=0
FOLD20_PASSIVE_LOWER old=688 new=1138 macros=8 gathers=0
FOLD20_PASSIVE_LOWER old=326 new=3110 macros=9 gathers=0
RANK4_LOWER class=3 original_ops=85339 new_ops=71307 symbolic_rank_gates=896 paired_macros=940 conditional_clean=true
FOLD20_PASSIVE_LOWER old=260 new=664 macros=6 gathers=0
FOLD20_T10_RANK4 j=2 last=false low=true old_ops=85339 ops=71307
FOLD20_PASSIVE_LOWER old=1082 new=6864 macros=22 gathers=0
FOLD20_PASSIVE_LOWER old=544 new=872 macros=6 gathers=0
FOLD20_PASSIVE_LOWER old=260 new=664 macros=6 gathers=0
FOLD20_PASSIVE_LOWER old=0 new=0 macros=0 gathers=0
RANK4_LOWER class=3 original_ops=86009 new_ops=71811 symbolic_rank_gates=896 paired_macros=948 conditional_clean=true
FOLD20_T10_RANK4 j=0 last=false low=true old_ops=86009 ops=71811
FOLD20_PASSIVE_LOWER old=544 new=872 macros=6 gathers=0
FOLD20_PASSIVE_LOWER old=260 new=664 macros=6 gathers=0
FOLD20_PASSIVE_LOWER old=0 new=0 macros=0 gathers=0
RANK4_LOWER class=4 original_ops=15619 new_ops=12395 symbolic_rank_gates=84 paired_macros=116 conditional_clean=true
FOLD20_T10_RANK4 j=3 last=true low=true old_ops=15619 ops=12395
Q792_JOINT_CODEC held_predicates=7 all_existing_dirty=true restored=true
Q792_JOINT_CODEC held_predicates=7 all_existing_dirty=true restored=true
RANK4_LOWER class=4 original_ops=17435 new_ops=13975 symbolic_rank_gates=108 paired_macros=184 conditional_clean=true
FOLD20_T10_RANK4 j=0 last=true low=true old_ops=17435 ops=13975
RANK4_LOWER class=4 original_ops=22005 new_ops=18125 symbolic_rank_gates=108 paired_macros=228 conditional_clean=true
FOLD20_T10_RANK4 j=2 last=true low=true old_ops=22005 ops=18125
RANK4_LOWER class=4 original_ops=20457 new_ops=16897 symbolic_rank_gates=108 paired_macros=222 conditional_clean=true
FOLD20_T10_RANK4 j=1 last=true low=true old_ops=20457 ops=16897
Q792_JOINT_CODEC held_predicates=11 all_existing_dirty=true restored=true
Q792_JOINT_CODEC held_predicates=7 all_existing_dirty=true restored=true
Q792_JOINT_CODEC held_predicates=11 all_existing_dirty=true restored=true
Q792_JOINT_CODEC held_predicates=10 all_existing_dirty=true restored=true
Q792_JOINT_CODEC held_predicates=7 all_existing_dirty=true restored=true
Q792_JOINT_CODEC held_predicates=10 all_existing_dirty=true restored=true
RANK4_LOWER class=3 original_ops=65775 new_ops=54949 symbolic_rank_gates=704 paired_macros=742 conditional_clean=true
FOLD20_T10_RANK4 j=3 last=false low=true old_ops=65775 ops=54949
FOLD20_PASSIVE_LOWER old=688 new=1138 macros=8 gathers=0
FOLD20_PASSIVE_LOWER old=260 new=664 macros=6 gathers=0
RANK4_LOWER class=3 original_ops=65643 new_ops=54953 symbolic_rank_gates=704 paired_macros=742 conditional_clean=true
FOLD20_T10_RANK4 j=1 last=false low=true old_ops=65643 ops=54953
RANK4_LOWER class=3 original_ops=85687 new_ops=71569 symbolic_rank_gates=896 paired_macros=948 conditional_clean=true
FOLD20_T10_RANK4 j=0 last=false low=true old_ops=85687 ops=71569
FOLD20_PASSIVE_LOWER old=1082 new=6864 macros=22 gathers=0
RANK4_LOWER class=3 original_ops=85017 new_ops=71061 symbolic_rank_gates=896 paired_macros=940 conditional_clean=true
FOLD20_T10_RANK4 j=2 last=false low=true old_ops=85017 ops=71061
FOLD20_PASSIVE_LOWER old=544 new=872 macros=6 gathers=0
FOLD20_PASSIVE_LOWER old=260 new=664 macros=6 gathers=0
FOLD20_PASSIVE_LOWER old=544 new=872 macros=6 gathers=0
FOLD20_PASSIVE_LOWER old=544 new=872 macros=6 gathers=0
FOLD20_PASSIVE_LOWER old=260 new=664 macros=6 gathers=0
FOLD20_PASSIVE_LOWER old=326 new=3110 macros=9 gathers=0
FOLD20_PASSIVE_LOWER old=260 new=664 macros=6 gathers=0
FOLD20_PASSIVE_LOWER old=0 new=0 macros=0 gathers=0
FOLD20_PASSIVE_LOWER old=0 new=0 macros=0 gathers=0
RANK4_LOWER class=4 original_ops=15457 new_ops=12273 symbolic_rank_gates=84 paired_macros=116 conditional_clean=true
FOLD20_T10_RANK4 j=3 last=true low=true old_ops=15457 ops=12273
Q792_JOINT_CODEC held_predicates=7 all_existing_dirty=true restored=true
Q792_JOINT_CODEC held_predicates=7 all_existing_dirty=true restored=true
RANK4_LOWER class=4 original_ops=17273 new_ops=13853 symbolic_rank_gates=108 paired_macros=184 conditional_clean=true
FOLD20_T10_RANK4 j=0 last=true low=true old_ops=17273 ops=13853
RANK4_LOWER class=4 original_ops=21843 new_ops=18003 symbolic_rank_gates=108 paired_macros=228 conditional_clean=true
FOLD20_T10_RANK4 j=2 last=true low=true old_ops=21843 ops=18003
RANK4_LOWER class=4 original_ops=20295 new_ops=16775 symbolic_rank_gates=108 paired_macros=222 conditional_clean=true
FOLD20_T10_RANK4 j=1 last=true low=true old_ops=20295 ops=16775
Q792_JOINT_CODEC held_predicates=11 all_existing_dirty=true restored=true
Q792_JOINT_CODEC held_predicates=10 all_existing_dirty=true restored=true
Q792_JOINT_CODEC held_predicates=7 all_existing_dirty=true restored=true
Q792_JOINT_CODEC held_predicates=11 all_existing_dirty=true restored=true
Q792_JOINT_CODEC held_predicates=7 all_existing_dirty=true restored=true
Q792_JOINT_CODEC held_predicates=10 all_existing_dirty=true restored=true
RANK4_LOWER class=3 original_ops=65351 new_ops=54611 symbolic_rank_gates=704 paired_macros=742 conditional_clean=true
FOLD20_T10_RANK4 j=3 last=false low=true old_ops=65351 ops=54611
RANK4_LOWER class=3 original_ops=65219 new_ops=54615 symbolic_rank_gates=704 paired_macros=742 conditional_clean=true
FOLD20_T10_RANK4 j=1 last=false low=true old_ops=65219 ops=54615
FOLD20_PASSIVE_LOWER old=688 new=1138 macros=8 gathers=0
RANK4_LOWER class=3 original_ops=84593 new_ops=70723 symbolic_rank_gates=896 paired_macros=940 conditional_clean=true
FOLD20_T10_RANK4 j=2 last=false low=true old_ops=84593 ops=70723
FOLD20_PASSIVE_LOWER old=544 new=872 macros=6 gathers=0
FOLD20_PASSIVE_LOWER old=260 new=664 macros=6 gathers=0
FOLD20_PASSIVE_LOWER old=260 new=664 macros=6 gathers=0
RANK4_LOWER class=3 original_ops=85263 new_ops=71231 symbolic_rank_gates=896 paired_macros=948 conditional_clean=true
FOLD20_T10_RANK4 j=0 last=false low=true old_ops=85263 ops=71231
FOLD20_PASSIVE_LOWER old=544 new=872 macros=6 gathers=0
FOLD20_PASSIVE_LOWER old=326 new=3110 macros=9 gathers=0
FOLD20_PASSIVE_LOWER old=260 new=664 macros=6 gathers=0
FOLD20_PASSIVE_LOWER old=1082 new=6864 macros=22 gathers=0
FOLD20_PASSIVE_LOWER old=0 new=0 macros=0 gathers=0
FOLD20_PASSIVE_LOWER old=544 new=872 macros=6 gathers=0
FOLD20_PASSIVE_LOWER old=260 new=664 macros=6 gathers=0
FOLD20_PASSIVE_LOWER old=0 new=0 macros=0 gathers=0
RANK4_LOWER class=4 original_ops=15351 new_ops=12187 symbolic_rank_gates=84 paired_macros=116 conditional_clean=true
FOLD20_T10_RANK4 j=3 last=true low=true old_ops=15351 ops=12187
Q792_JOINT_CODEC held_predicates=7 all_existing_dirty=true restored=true
Q792_JOINT_CODEC held_predicates=7 all_existing_dirty=true restored=true
RANK4_LOWER class=4 original_ops=17167 new_ops=13767 symbolic_rank_gates=108 paired_macros=184 conditional_clean=true
FOLD20_T10_RANK4 j=0 last=true low=true old_ops=17167 ops=13767
RANK4_LOWER class=4 original_ops=20189 new_ops=16689 symbolic_rank_gates=108 paired_macros=222 conditional_clean=true
FOLD20_T10_RANK4 j=1 last=true low=true old_ops=20189 ops=16689
RANK4_LOWER class=4 original_ops=21737 new_ops=17917 symbolic_rank_gates=108 paired_macros=228 conditional_clean=true
FOLD20_T10_RANK4 j=2 last=true low=true old_ops=21737 ops=17917
Q792_JOINT_CODEC held_predicates=11 all_existing_dirty=true restored=true
Q792_JOINT_CODEC held_predicates=7 all_existing_dirty=true restored=true
Q792_JOINT_CODEC held_predicates=11 all_existing_dirty=true restored=true
Q792_JOINT_CODEC held_predicates=10 all_existing_dirty=true restored=true
Q792_JOINT_CODEC held_predicates=7 all_existing_dirty=true restored=true
Q792_JOINT_CODEC held_predicates=10 all_existing_dirty=true restored=true
RANK4_LOWER class=3 original_ops=65041 new_ops=54353 symbolic_rank_gates=704 paired_macros=742 conditional_clean=true
FOLD20_T10_RANK4 j=3 last=false low=true old_ops=65041 ops=54353
FOLD20_PASSIVE_LOWER old=688 new=1138 macros=8 gathers=0
FOLD20_PASSIVE_LOWER old=260 new=664 macros=6 gathers=0
FOLD20_PASSIVE_LOWER old=1082 new=6864 macros=22 gathers=0
RANK4_LOWER class=3 original_ops=64909 new_ops=54357 symbolic_rank_gates=704 paired_macros=742 conditional_clean=true
FOLD20_T10_RANK4 j=1 last=false low=true old_ops=64909 ops=54357
FOLD20_PASSIVE_LOWER old=544 new=872 macros=6 gathers=0
FOLD20_PASSIVE_LOWER old=260 new=664 macros=6 gathers=0
RANK4_LOWER class=3 original_ops=84953 new_ops=70969 symbolic_rank_gates=896 paired_macros=948 conditional_clean=true
FOLD20_T10_RANK4 j=0 last=false low=true old_ops=84953 ops=70969
RANK4_LOWER class=3 original_ops=84283 new_ops=70465 symbolic_rank_gates=896 paired_macros=940 conditional_clean=true
FOLD20_T10_RANK4 j=2 last=false low=true old_ops=84283 ops=70465
FOLD20_PASSIVE_LOWER old=326 new=3110 macros=9 gathers=0
FOLD20_PASSIVE_LOWER old=544 new=872 macros=6 gathers=0
FOLD20_PASSIVE_LOWER old=544 new=872 macros=6 gathers=0
FOLD20_PASSIVE_LOWER old=260 new=664 macros=6 gathers=0
FOLD20_PASSIVE_LOWER old=260 new=664 macros=6 gathers=0
FOLD20_PASSIVE_LOWER old=0 new=0 macros=0 gathers=0
FOLD20_PASSIVE_LOWER old=0 new=0 macros=0 gathers=0
RANK4_LOWER class=4 original_ops=15193 new_ops=12065 symbolic_rank_gates=84 paired_macros=116 conditional_clean=true
FOLD20_T10_RANK4 j=3 last=true low=true old_ops=15193 ops=12065
Q792_JOINT_CODEC held_predicates=7 all_existing_dirty=true restored=true
Q792_JOINT_CODEC held_predicates=7 all_existing_dirty=true restored=true
RANK4_LOWER class=4 original_ops=17009 new_ops=13645 symbolic_rank_gates=108 paired_macros=184 conditional_clean=true
FOLD20_T10_RANK4 j=0 last=true low=true old_ops=17009 ops=13645
RANK4_LOWER class=4 original_ops=21579 new_ops=17795 symbolic_rank_gates=108 paired_macros=228 conditional_clean=true
FOLD20_T10_RANK4 j=2 last=true low=true old_ops=21579 ops=17795
RANK4_LOWER class=4 original_ops=20031 new_ops=16567 symbolic_rank_gates=108 paired_macros=222 conditional_clean=true
FOLD20_T10_RANK4 j=1 last=true low=true old_ops=20031 ops=16567
Q792_JOINT_CODEC held_predicates=11 all_existing_dirty=true restored=true
Q792_JOINT_CODEC held_predicates=7 all_existing_dirty=true restored=true
Q792_JOINT_CODEC held_predicates=10 all_existing_dirty=true restored=true
Q792_JOINT_CODEC held_predicates=11 all_existing_dirty=true restored=true
Q792_JOINT_CODEC held_predicates=7 all_existing_dirty=true restored=true
Q792_JOINT_CODEC held_predicates=10 all_existing_dirty=true restored=true
RANK4_LOWER class=3 original_ops=64625 new_ops=54017 symbolic_rank_gates=704 paired_macros=742 conditional_clean=true
FOLD20_T10_RANK4 j=3 last=false low=true old_ops=64625 ops=54017
FOLD20_PASSIVE_LOWER old=688 new=1138 macros=8 gathers=0
RANK4_LOWER class=3 original_ops=64493 new_ops=54021 symbolic_rank_gates=704 paired_macros=742 conditional_clean=true
FOLD20_PASSIVE_LOWER old=260 new=664 macros=6 gathers=0
FOLD20_T10_RANK4 j=1 last=false low=true old_ops=64493 ops=54021
FOLD20_PASSIVE_LOWER old=544 new=872 macros=6 gathers=0
FOLD20_PASSIVE_LOWER old=1082 new=6864 macros=22 gathers=0
FOLD20_PASSIVE_LOWER old=260 new=664 macros=6 gathers=0
RANK4_LOWER class=3 original_ops=83867 new_ops=70129 symbolic_rank_gates=896 paired_macros=940 conditional_clean=true
FOLD20_T10_RANK4 j=2 last=false low=true old_ops=83867 ops=70129
RANK4_LOWER class=3 original_ops=84537 new_ops=70633 symbolic_rank_gates=896 paired_macros=948 conditional_clean=true
FOLD20_T10_RANK4 j=0 last=false low=true old_ops=84537 ops=70633
FOLD20_PASSIVE_LOWER old=326 new=3110 macros=9 gathers=0
FOLD20_PASSIVE_LOWER old=544 new=872 macros=6 gathers=0
FOLD20_PASSIVE_LOWER old=544 new=872 macros=6 gathers=0
FOLD20_PASSIVE_LOWER old=260 new=664 macros=6 gathers=0
FOLD20_PASSIVE_LOWER old=260 new=664 macros=6 gathers=0
FOLD20_PASSIVE_LOWER old=0 new=0 macros=0 gathers=0
FOLD20_PASSIVE_LOWER old=0 new=0 macros=0 gathers=0
RANK4_LOWER class=4 original_ops=15087 new_ops=11979 symbolic_rank_gates=84 paired_macros=116 conditional_clean=true
FOLD20_T10_RANK4 j=3 last=true low=true old_ops=15087 ops=11979
Q792_JOINT_CODEC held_predicates=7 all_existing_dirty=true restored=true
Q792_JOINT_CODEC held_predicates=7 all_existing_dirty=true restored=true
RANK4_LOWER class=4 original_ops=16903 new_ops=13559 symbolic_rank_gates=108 paired_macros=184 conditional_clean=true
FOLD20_T10_RANK4 j=0 last=true low=true old_ops=16903 ops=13559
RANK4_LOWER class=4 original_ops=19925 new_ops=16481 symbolic_rank_gates=108 paired_macros=222 conditional_clean=true
FOLD20_T10_RANK4 j=1 last=true low=true old_ops=19925 ops=16481
RANK4_LOWER class=4 original_ops=21473 new_ops=17709 symbolic_rank_gates=108 paired_macros=228 conditional_clean=true
FOLD20_T10_RANK4 j=2 last=true low=true old_ops=21473 ops=17709
Q792_JOINT_CODEC held_predicates=11 all_existing_dirty=true restored=true
Q792_JOINT_CODEC held_predicates=7 all_existing_dirty=true restored=true
Q792_JOINT_CODEC held_predicates=10 all_existing_dirty=true restored=true
Q792_JOINT_CODEC held_predicates=7 all_existing_dirty=true restored=true
Q792_JOINT_CODEC held_predicates=11 all_existing_dirty=true restored=true
Q792_JOINT_CODEC held_predicates=10 all_existing_dirty=true restored=true
RANK4_LOWER class=3 original_ops=64311 new_ops=53771 symbolic_rank_gates=704 paired_macros=742 conditional_clean=true
FOLD20_T10_RANK4 j=3 last=false low=true old_ops=64311 ops=53771
FOLD20_PASSIVE_LOWER old=688 new=1138 macros=8 gathers=0
FOLD20_PASSIVE_LOWER old=260 new=664 macros=6 gathers=0
RANK4_LOWER class=3 original_ops=64179 new_ops=53775 symbolic_rank_gates=704 paired_macros=742 conditional_clean=true
FOLD20_T10_RANK4 j=1 last=false low=true old_ops=64179 ops=53775
FOLD20_PASSIVE_LOWER old=1082 new=6864 macros=22 gathers=0
FOLD20_PASSIVE_LOWER old=544 new=872 macros=6 gathers=0
FOLD20_PASSIVE_LOWER old=260 new=664 macros=6 gathers=0
FOLD20_PASSIVE_LOWER old=326 new=3110 macros=9 gathers=0
RANK4_LOWER class=3 original_ops=84223 new_ops=70391 symbolic_rank_gates=896 paired_macros=948 conditional_clean=true
FOLD20_T10_RANK4 j=0 last=false low=true old_ops=84223 ops=70391
RANK4_LOWER class=3 original_ops=83553 new_ops=69883 symbolic_rank_gates=896 paired_macros=940 conditional_clean=true
FOLD20_T10_RANK4 j=2 last=false low=true old_ops=83553 ops=69883
FOLD20_PASSIVE_LOWER old=544 new=872 macros=6 gathers=0
FOLD20_PASSIVE_LOWER old=544 new=872 macros=6 gathers=0
FOLD20_PASSIVE_LOWER old=260 new=664 macros=6 gathers=0
FOLD20_PASSIVE_LOWER old=260 new=664 macros=6 gathers=0
FOLD20_PASSIVE_LOWER old=0 new=0 macros=0 gathers=0
FOLD20_PASSIVE_LOWER old=0 new=0 macros=0 gathers=0
RANK4_LOWER class=4 original_ops=14929 new_ops=11857 symbolic_rank_gates=84 paired_macros=116 conditional_clean=true
FOLD20_T10_RANK4 j=3 last=true low=true old_ops=14929 ops=11857
Q792_JOINT_CODEC held_predicates=7 all_existing_dirty=true restored=true
Q792_JOINT_CODEC held_predicates=7 all_existing_dirty=true restored=true
RANK4_LOWER class=4 original_ops=16745 new_ops=13437 symbolic_rank_gates=108 paired_macros=184 conditional_clean=true
FOLD20_T10_RANK4 j=0 last=true low=true old_ops=16745 ops=13437
RANK4_LOWER class=4 original_ops=19767 new_ops=16359 symbolic_rank_gates=108 paired_macros=222 conditional_clean=true
FOLD20_T10_RANK4 j=1 last=true low=true old_ops=19767 ops=16359
RANK4_LOWER class=4 original_ops=21315 new_ops=17587 symbolic_rank_gates=108 paired_macros=228 conditional_clean=true
FOLD20_T10_RANK4 j=2 last=true low=true old_ops=21315 ops=17587
Q792_JOINT_CODEC held_predicates=11 all_existing_dirty=true restored=true
Q792_JOINT_CODEC held_predicates=7 all_existing_dirty=true restored=true
Q792_JOINT_CODEC held_predicates=11 all_existing_dirty=true restored=true
Q792_JOINT_CODEC held_predicates=7 all_existing_dirty=true restored=true
Q792_JOINT_CODEC held_predicates=10 all_existing_dirty=true restored=true
Q792_JOINT_CODEC held_predicates=10 all_existing_dirty=true restored=true
RANK4_LOWER class=3 original_ops=63903 new_ops=53435 symbolic_rank_gates=704 paired_macros=742 conditional_clean=true
FOLD20_T10_RANK4 j=3 last=false low=true old_ops=63903 ops=53435
RANK4_LOWER class=3 original_ops=63771 new_ops=53439 symbolic_rank_gates=704 paired_macros=742 conditional_clean=true
FOLD20_T10_RANK4 j=1 last=false low=true old_ops=63771 ops=53439
FOLD20_PASSIVE_LOWER old=688 new=1138 macros=8 gathers=0
FOLD20_PASSIVE_LOWER old=260 new=664 macros=6 gathers=0
FOLD20_PASSIVE_LOWER old=544 new=872 macros=6 gathers=0
FOLD20_PASSIVE_LOWER old=260 new=664 macros=6 gathers=0
FOLD20_PASSIVE_LOWER old=1082 new=6864 macros=22 gathers=0
RANK4_LOWER class=3 original_ops=83145 new_ops=69547 symbolic_rank_gates=896 paired_macros=940 conditional_clean=true
FOLD20_T10_RANK4 j=2 last=false low=true old_ops=83145 ops=69547
RANK4_LOWER class=3 original_ops=83815 new_ops=70055 symbolic_rank_gates=896 paired_macros=948 conditional_clean=true
FOLD20_T10_RANK4 j=0 last=false low=true old_ops=83815 ops=70055
FOLD20_PASSIVE_LOWER old=326 new=3110 macros=9 gathers=0
FOLD20_PASSIVE_LOWER old=544 new=872 macros=6 gathers=0
FOLD20_PASSIVE_LOWER old=544 new=872 macros=6 gathers=0
FOLD20_PASSIVE_LOWER old=260 new=664 macros=6 gathers=0
FOLD20_PASSIVE_LOWER old=260 new=664 macros=6 gathers=0
FOLD20_PASSIVE_LOWER old=0 new=0 macros=0 gathers=0
FOLD20_PASSIVE_LOWER old=0 new=0 macros=0 gathers=0
RANK4_LOWER class=4 original_ops=14827 new_ops=11771 symbolic_rank_gates=84 paired_macros=116 conditional_clean=true
FOLD20_T10_RANK4 j=3 last=true low=true old_ops=14827 ops=11771
Q792_JOINT_CODEC held_predicates=7 all_existing_dirty=true restored=true
Q792_JOINT_CODEC held_predicates=7 all_existing_dirty=true restored=true
RANK4_LOWER class=4 original_ops=16643 new_ops=13351 symbolic_rank_gates=108 paired_macros=184 conditional_clean=true
FOLD20_T10_RANK4 j=0 last=true low=true old_ops=16643 ops=13351
RANK4_LOWER class=4 original_ops=21213 new_ops=17501 symbolic_rank_gates=108 paired_macros=228 conditional_clean=true
FOLD20_T10_RANK4 j=2 last=true low=true old_ops=21213 ops=17501
RANK4_LOWER class=4 original_ops=19665 new_ops=16273 symbolic_rank_gates=108 paired_macros=222 conditional_clean=true
FOLD20_T10_RANK4 j=1 last=true low=true old_ops=19665 ops=16273
Q792_JOINT_CODEC held_predicates=11 all_existing_dirty=true restored=true
Q792_JOINT_CODEC held_predicates=7 all_existing_dirty=true restored=true
Q792_JOINT_CODEC held_predicates=10 all_existing_dirty=true restored=true
Q792_JOINT_CODEC held_predicates=11 all_existing_dirty=true restored=true
Q792_JOINT_CODEC held_predicates=7 all_existing_dirty=true restored=true
Q792_JOINT_CODEC held_predicates=10 all_existing_dirty=true restored=true
RANK4_LOWER class=3 original_ops=63601 new_ops=53177 symbolic_rank_gates=704 paired_macros=742 conditional_clean=true
FOLD20_T10_RANK4 j=3 last=false low=true old_ops=63601 ops=53177
FOLD20_PASSIVE_LOWER old=688 new=1138 macros=8 gathers=0
FOLD20_PASSIVE_LOWER old=260 new=664 macros=6 gathers=0
FOLD20_PASSIVE_LOWER old=1082 new=6864 macros=22 gathers=0
RANK4_LOWER class=3 original_ops=63469 new_ops=53181 symbolic_rank_gates=704 paired_macros=742 conditional_clean=true
FOLD20_T10_RANK4 j=1 last=false low=true old_ops=63469 ops=53181
RANK4_LOWER class=3 original_ops=83513 new_ops=69793 symbolic_rank_gates=896 paired_macros=948 conditional_clean=true
FOLD20_T10_RANK4 j=0 last=false low=true old_ops=83513 ops=69793
RANK4_LOWER class=3 original_ops=82843 new_ops=69289 symbolic_rank_gates=896 paired_macros=940 conditional_clean=true
FOLD20_T10_RANK4 j=2 last=false low=true old_ops=82843 ops=69289
FOLD20_PASSIVE_LOWER old=544 new=872 macros=6 gathers=0
FOLD20_PASSIVE_LOWER old=544 new=872 macros=6 gathers=0
FOLD20_PASSIVE_LOWER old=260 new=664 macros=6 gathers=0
FOLD20_PASSIVE_LOWER old=544 new=872 macros=6 gathers=0
FOLD20_PASSIVE_LOWER old=260 new=664 macros=6 gathers=0
FOLD20_PASSIVE_LOWER old=0 new=0 macros=0 gathers=0
FOLD20_PASSIVE_LOWER old=260 new=664 macros=6 gathers=0
FOLD20_PASSIVE_LOWER old=326 new=3110 macros=9 gathers=0
FOLD20_PASSIVE_LOWER old=0 new=0 macros=0 gathers=0
RANK4_LOWER class=4 original_ops=14727 new_ops=11687 symbolic_rank_gates=84 paired_macros=116 conditional_clean=true
FOLD20_T10_RANK4 j=3 last=true low=true old_ops=14727 ops=11687
Q792_JOINT_CODEC held_predicates=7 all_existing_dirty=true restored=true
Q792_JOINT_CODEC held_predicates=7 all_existing_dirty=true restored=true
RANK4_LOWER class=4 original_ops=16543 new_ops=13267 symbolic_rank_gates=108 paired_macros=184 conditional_clean=true
FOLD20_T10_RANK4 j=0 last=true low=true old_ops=16543 ops=13267
RANK4_LOWER class=4 original_ops=19565 new_ops=16189 symbolic_rank_gates=108 paired_macros=222 conditional_clean=true
FOLD20_T10_RANK4 j=1 last=true low=true old_ops=19565 ops=16189
RANK4_LOWER class=4 original_ops=21113 new_ops=17417 symbolic_rank_gates=108 paired_macros=228 conditional_clean=true
FOLD20_T10_RANK4 j=2 last=true low=true old_ops=21113 ops=17417
Q792_JOINT_CODEC held_predicates=11 all_existing_dirty=true restored=true
Q792_JOINT_CODEC held_predicates=7 all_existing_dirty=true restored=true
Q792_JOINT_CODEC held_predicates=11 all_existing_dirty=true restored=true
Q792_JOINT_CODEC held_predicates=7 all_existing_dirty=true restored=true
Q792_JOINT_CODEC held_predicates=10 all_existing_dirty=true restored=true
Q792_JOINT_CODEC held_predicates=10 all_existing_dirty=true restored=true
RANK4_LOWER class=3 original_ops=63303 new_ops=52931 symbolic_rank_gates=704 paired_macros=742 conditional_clean=true
FOLD20_T10_RANK4 j=3 last=false low=true old_ops=63303 ops=52931
RANK4_LOWER class=3 original_ops=63171 new_ops=52935 symbolic_rank_gates=704 paired_macros=742 conditional_clean=true
FOLD20_T10_RANK4 j=1 last=false low=true old_ops=63171 ops=52935
FOLD20_PASSIVE_LOWER old=688 new=1138 macros=8 gathers=0
FOLD20_PASSIVE_LOWER old=544 new=872 macros=6 gathers=0
FOLD20_PASSIVE_LOWER old=260 new=664 macros=6 gathers=0
FOLD20_PASSIVE_LOWER old=260 new=664 macros=6 gathers=0
RANK4_LOWER class=3 original_ops=83215 new_ops=69551 symbolic_rank_gates=896 paired_macros=948 conditional_clean=true
FOLD20_T10_RANK4 j=0 last=false low=true old_ops=83215 ops=69551
FOLD20_PASSIVE_LOWER old=326 new=3110 macros=9 gathers=0
FOLD20_PASSIVE_LOWER old=1082 new=6864 macros=22 gathers=0
RANK4_LOWER class=3 original_ops=82545 new_ops=69043 symbolic_rank_gates=896 paired_macros=940 conditional_clean=true
FOLD20_T10_RANK4 j=2 last=false low=true old_ops=82545 ops=69043
FOLD20_PASSIVE_LOWER old=544 new=872 macros=6 gathers=0
FOLD20_PASSIVE_LOWER old=544 new=872 macros=6 gathers=0
FOLD20_PASSIVE_LOWER old=260 new=664 macros=6 gathers=0
FOLD20_PASSIVE_LOWER old=260 new=664 macros=6 gathers=0
FOLD20_PASSIVE_LOWER old=0 new=0 macros=0 gathers=0
FOLD20_PASSIVE_LOWER old=0 new=0 macros=0 gathers=0
RANK4_LOWER class=4 original_ops=14541 new_ops=11533 symbolic_rank_gates=84 paired_macros=116 conditional_clean=true
FOLD20_T10_RANK4 j=3 last=true low=true old_ops=14541 ops=11533
Q792_JOINT_CODEC held_predicates=7 all_existing_dirty=true restored=true
Q792_JOINT_CODEC held_predicates=7 all_existing_dirty=true restored=true
RANK4_LOWER class=4 original_ops=16357 new_ops=13113 symbolic_rank_gates=108 paired_macros=184 conditional_clean=true
FOLD20_T10_RANK4 j=0 last=true low=true old_ops=16357 ops=13113
RANK4_LOWER class=4 original_ops=19379 new_ops=16035 symbolic_rank_gates=108 paired_macros=222 conditional_clean=true
FOLD20_T10_RANK4 j=1 last=true low=true old_ops=19379 ops=16035
RANK4_LOWER class=4 original_ops=20927 new_ops=17263 symbolic_rank_gates=108 paired_macros=228 conditional_clean=true
FOLD20_T10_RANK4 j=2 last=true low=true old_ops=20927 ops=17263
Q792_JOINT_CODEC held_predicates=7 all_existing_dirty=true restored=true
Q792_JOINT_CODEC held_predicates=11 all_existing_dirty=true restored=true
Q792_JOINT_CODEC held_predicates=7 all_existing_dirty=true restored=true
Q792_JOINT_CODEC held_predicates=11 all_existing_dirty=true restored=true
Q792_JOINT_CODEC held_predicates=10 all_existing_dirty=true restored=true
Q792_JOINT_CODEC held_predicates=10 all_existing_dirty=true restored=true
RANK4_LOWER class=3 original_ops=62655 new_ops=52363 symbolic_rank_gates=704 paired_macros=742 conditional_clean=true
FOLD20_T10_RANK4 j=3 last=false low=true old_ops=62655 ops=52363
RANK4_LOWER class=3 original_ops=62523 new_ops=52367 symbolic_rank_gates=704 paired_macros=742 conditional_clean=true
FOLD20_T10_RANK4 j=1 last=false low=true old_ops=62523 ops=52367
FOLD20_PASSIVE_LOWER old=688 new=1138 macros=8 gathers=0
FOLD20_PASSIVE_LOWER old=260 new=664 macros=6 gathers=0
FOLD20_PASSIVE_LOWER old=544 new=872 macros=6 gathers=0
FOLD20_PASSIVE_LOWER old=1082 new=6864 macros=22 gathers=0
FOLD20_PASSIVE_LOWER old=260 new=664 macros=6 gathers=0
FOLD20_PASSIVE_LOWER old=326 new=3110 macros=9 gathers=0
RANK4_LOWER class=3 original_ops=82567 new_ops=68983 symbolic_rank_gates=896 paired_macros=948 conditional_clean=true
FOLD20_T10_RANK4 j=0 last=false low=true old_ops=82567 ops=68983
RANK4_LOWER class=3 original_ops=81897 new_ops=68475 symbolic_rank_gates=896 paired_macros=940 conditional_clean=true
FOLD20_T10_RANK4 j=2 last=false low=true old_ops=81897 ops=68475
FOLD20_PASSIVE_LOWER old=544 new=872 macros=6 gathers=0
FOLD20_PASSIVE_LOWER old=544 new=872 macros=6 gathers=0
FOLD20_PASSIVE_LOWER old=260 new=664 macros=6 gathers=0
FOLD20_PASSIVE_LOWER old=260 new=664 macros=6 gathers=0
FOLD20_PASSIVE_LOWER old=0 new=0 macros=0 gathers=0
FOLD20_PASSIVE_LOWER old=0 new=0 macros=0 gathers=0
RANK4_LOWER class=4 original_ops=14435 new_ops=11447 symbolic_rank_gates=84 paired_macros=116 conditional_clean=true
FOLD20_T10_RANK4 j=3 last=true low=true old_ops=14435 ops=11447
Q792_JOINT_CODEC held_predicates=7 all_existing_dirty=true restored=true
Q792_JOINT_CODEC held_predicates=7 all_existing_dirty=true restored=true
RANK4_LOWER class=4 original_ops=16251 new_ops=13027 symbolic_rank_gates=108 paired_macros=184 conditional_clean=true
FOLD20_T10_RANK4 j=0 last=true low=true old_ops=16251 ops=13027
RANK4_LOWER class=4 original_ops=19273 new_ops=15949 symbolic_rank_gates=108 paired_macros=222 conditional_clean=true
FOLD20_T10_RANK4 j=1 last=true low=true old_ops=19273 ops=15949
RANK4_LOWER class=4 original_ops=20821 new_ops=17177 symbolic_rank_gates=108 paired_macros=228 conditional_clean=true
FOLD20_T10_RANK4 j=2 last=true low=true old_ops=20821 ops=17177
Q792_JOINT_CODEC held_predicates=11 all_existing_dirty=true restored=true
Q792_JOINT_CODEC held_predicates=7 all_existing_dirty=true restored=true
Q792_JOINT_CODEC held_predicates=7 all_existing_dirty=true restored=true
Q792_JOINT_CODEC held_predicates=10 all_existing_dirty=true restored=true
Q792_JOINT_CODEC held_predicates=11 all_existing_dirty=true restored=true
Q792_JOINT_CODEC held_predicates=10 all_existing_dirty=true restored=true
RANK4_LOWER class=3 original_ops=62369 new_ops=52129 symbolic_rank_gates=704 paired_macros=742 conditional_clean=true
FOLD20_T10_RANK4 j=3 last=false low=true old_ops=62369 ops=52129
FOLD20_PASSIVE_LOWER old=688 new=1138 macros=8 gathers=0
FOLD20_PASSIVE_LOWER old=260 new=664 macros=6 gathers=0
RANK4_LOWER class=3 original_ops=62237 new_ops=52133 symbolic_rank_gates=704 paired_macros=742 conditional_clean=true
FOLD20_T10_RANK4 j=1 last=false low=true old_ops=62237 ops=52133
FOLD20_PASSIVE_LOWER old=544 new=872 macros=6 gathers=0
FOLD20_PASSIVE_LOWER old=1082 new=6864 macros=22 gathers=0
FOLD20_PASSIVE_LOWER old=260 new=664 macros=6 gathers=0
FOLD20_PASSIVE_LOWER old=326 new=3110 macros=9 gathers=0
RANK4_LOWER class=3 original_ops=82281 new_ops=68745 symbolic_rank_gates=896 paired_macros=948 conditional_clean=true
FOLD20_T10_RANK4 j=0 last=false low=true old_ops=82281 ops=68745
RANK4_LOWER class=3 original_ops=81611 new_ops=68241 symbolic_rank_gates=896 paired_macros=940 conditional_clean=true
FOLD20_T10_RANK4 j=2 last=false low=true old_ops=81611 ops=68241
FOLD20_PASSIVE_LOWER old=544 new=872 macros=6 gathers=0
FOLD20_PASSIVE_LOWER old=544 new=872 macros=6 gathers=0
FOLD20_PASSIVE_LOWER old=260 new=664 macros=6 gathers=0
FOLD20_PASSIVE_LOWER old=260 new=664 macros=6 gathers=0
FOLD20_PASSIVE_LOWER old=0 new=0 macros=0 gathers=0
FOLD20_PASSIVE_LOWER old=0 new=0 macros=0 gathers=0
RANK4_LOWER class=4 original_ops=14281 new_ops=11329 symbolic_rank_gates=84 paired_macros=116 conditional_clean=true
FOLD20_T10_RANK4 j=3 last=true low=true old_ops=14281 ops=11329
Q792_JOINT_CODEC held_predicates=7 all_existing_dirty=true restored=true
Q792_JOINT_CODEC held_predicates=7 all_existing_dirty=true restored=true
RANK4_LOWER class=4 original_ops=16097 new_ops=12909 symbolic_rank_gates=108 paired_macros=184 conditional_clean=true
FOLD20_T10_RANK4 j=0 last=true low=true old_ops=16097 ops=12909
RANK4_LOWER class=4 original_ops=19119 new_ops=15831 symbolic_rank_gates=108 paired_macros=222 conditional_clean=true
FOLD20_T10_RANK4 j=1 last=true low=true old_ops=19119 ops=15831
RANK4_LOWER class=4 original_ops=20667 new_ops=17059 symbolic_rank_gates=108 paired_macros=228 conditional_clean=true
FOLD20_T10_RANK4 j=2 last=true low=true old_ops=20667 ops=17059
Q792_JOINT_CODEC held_predicates=7 all_existing_dirty=true restored=true
Q792_JOINT_CODEC held_predicates=11 all_existing_dirty=true restored=true
Q792_JOINT_CODEC held_predicates=7 all_existing_dirty=true restored=true
Q792_JOINT_CODEC held_predicates=10 all_existing_dirty=true restored=true
Q792_JOINT_CODEC held_predicates=11 all_existing_dirty=true restored=true
Q792_JOINT_CODEC held_predicates=10 all_existing_dirty=true restored=true
RANK4_LOWER class=3 original_ops=61993 new_ops=51825 symbolic_rank_gates=704 paired_macros=742 conditional_clean=true
FOLD20_T10_RANK4 j=3 last=false low=true old_ops=61993 ops=51825
FOLD20_PASSIVE_LOWER old=688 new=1138 macros=8 gathers=0
FOLD20_PASSIVE_LOWER old=260 new=664 macros=6 gathers=0
FOLD20_PASSIVE_LOWER old=1082 new=6864 macros=22 gathers=0
RANK4_LOWER class=3 original_ops=61861 new_ops=51829 symbolic_rank_gates=704 paired_macros=742 conditional_clean=true
FOLD20_T10_RANK4 j=1 last=false low=true old_ops=61861 ops=51829
FOLD20_PASSIVE_LOWER old=544 new=872 macros=6 gathers=0
FOLD20_PASSIVE_LOWER old=260 new=664 macros=6 gathers=0
FOLD20_PASSIVE_LOWER old=326 new=3110 macros=9 gathers=0
RANK4_LOWER class=3 original_ops=81905 new_ops=68441 symbolic_rank_gates=896 paired_macros=948 conditional_clean=true
FOLD20_T10_RANK4 j=0 last=false low=true old_ops=81905 ops=68441
RANK4_LOWER class=3 original_ops=81235 new_ops=67937 symbolic_rank_gates=896 paired_macros=940 conditional_clean=true
FOLD20_T10_RANK4 j=2 last=false low=true old_ops=81235 ops=67937
FOLD20_PASSIVE_LOWER old=544 new=872 macros=6 gathers=0
FOLD20_PASSIVE_LOWER old=544 new=872 macros=6 gathers=0
FOLD20_PASSIVE_LOWER old=260 new=664 macros=6 gathers=0
FOLD20_PASSIVE_LOWER old=260 new=664 macros=6 gathers=0
FOLD20_PASSIVE_LOWER old=0 new=0 macros=0 gathers=0
FOLD20_PASSIVE_LOWER old=0 new=0 macros=0 gathers=0
RANK4_LOWER class=4 original_ops=14175 new_ops=11243 symbolic_rank_gates=84 paired_macros=116 conditional_clean=true
FOLD20_T10_RANK4 j=3 last=true low=true old_ops=14175 ops=11243
Q792_JOINT_CODEC held_predicates=7 all_existing_dirty=true restored=true
Q792_JOINT_CODEC held_predicates=7 all_existing_dirty=true restored=true
RANK4_LOWER class=4 original_ops=15991 new_ops=12823 symbolic_rank_gates=108 paired_macros=184 conditional_clean=true
FOLD20_T10_RANK4 j=0 last=true low=true old_ops=15991 ops=12823
RANK4_LOWER class=4 original_ops=19013 new_ops=15745 symbolic_rank_gates=108 paired_macros=222 conditional_clean=true
FOLD20_T10_RANK4 j=1 last=true low=true old_ops=19013 ops=15745
Q792_JOINT_CODEC held_predicates=7 all_existing_dirty=true restored=true
Q792_JOINT_CODEC held_predicates=11 all_existing_dirty=true restored=true
RANK4_LOWER class=4 original_ops=20561 new_ops=16973 symbolic_rank_gates=108 paired_macros=228 conditional_clean=true
FOLD20_T10_RANK4 j=2 last=true low=true old_ops=20561 ops=16973
Q792_JOINT_CODEC held_predicates=7 all_existing_dirty=true restored=true
Q792_JOINT_CODEC held_predicates=11 all_existing_dirty=true restored=true
Q792_JOINT_CODEC held_predicates=10 all_existing_dirty=true restored=true
Q792_JOINT_CODEC held_predicates=10 all_existing_dirty=true restored=true
RANK4_LOWER class=3 original_ops=61715 new_ops=51603 symbolic_rank_gates=704 paired_macros=742 conditional_clean=true
FOLD20_T10_RANK4 j=3 last=false low=true old_ops=61715 ops=51603
RANK4_LOWER class=3 original_ops=61583 new_ops=51607 symbolic_rank_gates=704 paired_macros=742 conditional_clean=true
FOLD20_T10_RANK4 j=1 last=false low=true old_ops=61583 ops=51607
FOLD20_PASSIVE_LOWER old=688 new=1138 macros=8 gathers=0
FOLD20_PASSIVE_LOWER old=260 new=664 macros=6 gathers=0
FOLD20_PASSIVE_LOWER old=544 new=872 macros=6 gathers=0
FOLD20_PASSIVE_LOWER old=260 new=664 macros=6 gathers=0
FOLD20_PASSIVE_LOWER old=326 new=3110 macros=9 gathers=0
FOLD20_PASSIVE_LOWER old=1082 new=6864 macros=22 gathers=0
RANK4_LOWER class=3 original_ops=81627 new_ops=68223 symbolic_rank_gates=896 paired_macros=948 conditional_clean=true
FOLD20_T10_RANK4 j=0 last=false low=true old_ops=81627 ops=68223
RANK4_LOWER class=3 original_ops=80957 new_ops=67715 symbolic_rank_gates=896 paired_macros=940 conditional_clean=true
FOLD20_T10_RANK4 j=2 last=false low=true old_ops=80957 ops=67715
FOLD20_PASSIVE_LOWER old=544 new=872 macros=6 gathers=0
FOLD20_PASSIVE_LOWER old=260 new=664 macros=6 gathers=0
FOLD20_PASSIVE_LOWER old=0 new=0 macros=0 gathers=0
FOLD20_PASSIVE_LOWER old=544 new=872 macros=6 gathers=0
FOLD20_PASSIVE_LOWER old=260 new=664 macros=6 gathers=0
FOLD20_PASSIVE_LOWER old=0 new=0 macros=0 gathers=0
RANK4_LOWER class=4 original_ops=14017 new_ops=11117 symbolic_rank_gates=84 paired_macros=116 conditional_clean=true
FOLD20_T10_RANK4 j=3 last=true low=true old_ops=14017 ops=11117
Q792_JOINT_CODEC held_predicates=7 all_existing_dirty=true restored=true
Q792_JOINT_CODEC held_predicates=7 all_existing_dirty=true restored=true
RANK4_LOWER class=4 original_ops=15833 new_ops=12697 symbolic_rank_gates=108 paired_macros=184 conditional_clean=true
FOLD20_T10_RANK4 j=0 last=true low=true old_ops=15833 ops=12697
RANK4_LOWER class=4 original_ops=18855 new_ops=15619 symbolic_rank_gates=108 paired_macros=222 conditional_clean=true
FOLD20_T10_RANK4 j=1 last=true low=true old_ops=18855 ops=15619
RANK4_LOWER class=4 original_ops=20403 new_ops=16847 symbolic_rank_gates=108 paired_macros=228 conditional_clean=true
FOLD20_T10_RANK4 j=2 last=true low=true old_ops=20403 ops=16847
Q792_JOINT_CODEC held_predicates=7 all_existing_dirty=true restored=true
Q792_JOINT_CODEC held_predicates=11 all_existing_dirty=true restored=true
Q792_JOINT_CODEC held_predicates=10 all_existing_dirty=true restored=true
Q792_JOINT_CODEC held_predicates=11 all_existing_dirty=true restored=true
Q792_JOINT_CODEC held_predicates=7 all_existing_dirty=true restored=true
Q792_JOINT_CODEC held_predicates=10 all_existing_dirty=true restored=true
RANK4_LOWER class=3 original_ops=61231 new_ops=51179 symbolic_rank_gates=704 paired_macros=742 conditional_clean=true
FOLD20_T10_RANK4 j=3 last=false low=true old_ops=61231 ops=51179
FOLD20_PASSIVE_LOWER old=688 new=1138 macros=8 gathers=0
FOLD20_PASSIVE_LOWER old=260 new=664 macros=6 gathers=0
RANK4_LOWER class=3 original_ops=61099 new_ops=51183 symbolic_rank_gates=704 paired_macros=742 conditional_clean=true
FOLD20_T10_RANK4 j=1 last=false low=true old_ops=61099 ops=51183
FOLD20_PASSIVE_LOWER old=1082 new=6864 macros=22 gathers=0
FOLD20_PASSIVE_LOWER old=544 new=872 macros=6 gathers=0
FOLD20_PASSIVE_LOWER old=260 new=664 macros=6 gathers=0
RANK4_LOWER class=3 original_ops=81143 new_ops=67799 symbolic_rank_gates=896 paired_macros=948 conditional_clean=true
FOLD20_T10_RANK4 j=0 last=false low=true old_ops=81143 ops=67799
FOLD20_PASSIVE_LOWER old=326 new=3110 macros=9 gathers=0
RANK4_LOWER class=3 original_ops=80473 new_ops=67291 symbolic_rank_gates=896 paired_macros=940 conditional_clean=true
FOLD20_T10_RANK4 j=2 last=false low=true old_ops=80473 ops=67291
FOLD20_PASSIVE_LOWER old=544 new=872 macros=6 gathers=0
FOLD20_PASSIVE_LOWER old=260 new=664 macros=6 gathers=0
FOLD20_PASSIVE_LOWER old=0 new=0 macros=0 gathers=0
FOLD20_PASSIVE_LOWER old=544 new=872 macros=6 gathers=0
FOLD20_PASSIVE_LOWER old=260 new=664 macros=6 gathers=0
FOLD20_PASSIVE_LOWER old=0 new=0 macros=0 gathers=0
RANK4_LOWER class=4 original_ops=13915 new_ops=11031 symbolic_rank_gates=84 paired_macros=116 conditional_clean=true
FOLD20_T10_RANK4 j=3 last=true low=true old_ops=13915 ops=11031
Q792_JOINT_CODEC held_predicates=7 all_existing_dirty=true restored=true
Q792_JOINT_CODEC held_predicates=7 all_existing_dirty=true restored=true
RANK4_LOWER class=4 original_ops=15731 new_ops=12611 symbolic_rank_gates=108 paired_macros=184 conditional_clean=true
FOLD20_T10_RANK4 j=0 last=true low=true old_ops=15731 ops=12611
RANK4_LOWER class=4 original_ops=18753 new_ops=15533 symbolic_rank_gates=108 paired_macros=222 conditional_clean=true
FOLD20_T10_RANK4 j=1 last=true low=true old_ops=18753 ops=15533
RANK4_LOWER class=4 original_ops=20301 new_ops=16761 symbolic_rank_gates=108 paired_macros=228 conditional_clean=true
FOLD20_T10_RANK4 j=2 last=true low=true old_ops=20301 ops=16761
Q792_JOINT_CODEC held_predicates=11 all_existing_dirty=true restored=true
Q792_JOINT_CODEC held_predicates=7 all_existing_dirty=true restored=true
Q792_JOINT_CODEC held_predicates=7 all_existing_dirty=true restored=true
Q792_JOINT_CODEC held_predicates=10 all_existing_dirty=true restored=true
Q792_JOINT_CODEC held_predicates=11 all_existing_dirty=true restored=true
Q792_JOINT_CODEC held_predicates=10 all_existing_dirty=true restored=true
RANK4_LOWER class=3 original_ops=60977 new_ops=50969 symbolic_rank_gates=704 paired_macros=742 conditional_clean=true
FOLD20_T10_RANK4 j=3 last=false low=true old_ops=60977 ops=50969
RANK4_LOWER class=3 original_ops=60845 new_ops=50973 symbolic_rank_gates=704 paired_macros=742 conditional_clean=true
FOLD20_T10_RANK4 j=1 last=false low=true old_ops=60845 ops=50973
FOLD20_PASSIVE_LOWER old=688 new=1138 macros=8 gathers=0
FOLD20_PASSIVE_LOWER old=260 new=664 macros=6 gathers=0
FOLD20_PASSIVE_LOWER old=544 new=872 macros=6 gathers=0
FOLD20_PASSIVE_LOWER old=260 new=664 macros=6 gathers=0
FOLD20_PASSIVE_LOWER old=1082 new=6864 macros=22 gathers=0
FOLD20_PASSIVE_LOWER old=326 new=3110 macros=9 gathers=0
RANK4_LOWER class=3 original_ops=80219 new_ops=67081 symbolic_rank_gates=896 paired_macros=940 conditional_clean=true
FOLD20_T10_RANK4 j=2 last=false low=true old_ops=80219 ops=67081
FOLD20_PASSIVE_LOWER old=544 new=872 macros=6 gathers=0
FOLD20_PASSIVE_LOWER old=260 new=664 macros=6 gathers=0
RANK4_LOWER class=3 original_ops=80889 new_ops=67585 symbolic_rank_gates=896 paired_macros=948 conditional_clean=true
FOLD20_T10_RANK4 j=0 last=false low=true old_ops=80889 ops=67585
FOLD20_PASSIVE_LOWER old=0 new=0 macros=0 gathers=0
FOLD20_PASSIVE_LOWER old=544 new=872 macros=6 gathers=0
FOLD20_PASSIVE_LOWER old=260 new=664 macros=6 gathers=0
FOLD20_PASSIVE_LOWER old=0 new=0 macros=0 gathers=0
RANK4_LOWER class=4 original_ops=13765 new_ops=10913 symbolic_rank_gates=84 paired_macros=116 conditional_clean=true
FOLD20_T10_RANK4 j=3 last=true low=true old_ops=13765 ops=10913
Q792_JOINT_CODEC held_predicates=7 all_existing_dirty=true restored=true
Q792_JOINT_CODEC held_predicates=7 all_existing_dirty=true restored=true
RANK4_LOWER class=4 original_ops=15581 new_ops=12493 symbolic_rank_gates=108 paired_macros=184 conditional_clean=true
FOLD20_T10_RANK4 j=0 last=true low=true old_ops=15581 ops=12493
RANK4_LOWER class=4 original_ops=18603 new_ops=15415 symbolic_rank_gates=108 paired_macros=222 conditional_clean=true
FOLD20_T10_RANK4 j=1 last=true low=true old_ops=18603 ops=15415
RANK4_LOWER class=4 original_ops=20151 new_ops=16643 symbolic_rank_gates=108 paired_macros=228 conditional_clean=true
FOLD20_T10_RANK4 j=2 last=true low=true old_ops=20151 ops=16643
Q792_JOINT_CODEC held_predicates=7 all_existing_dirty=true restored=true
Q792_JOINT_CODEC held_predicates=11 all_existing_dirty=true restored=true
Q792_JOINT_CODEC held_predicates=10 all_existing_dirty=true restored=true
Q792_JOINT_CODEC held_predicates=7 all_existing_dirty=true restored=true
Q792_JOINT_CODEC held_predicates=11 all_existing_dirty=true restored=true
Q792_JOINT_CODEC held_predicates=10 all_existing_dirty=true restored=true
RANK4_LOWER class=3 original_ops=60585 new_ops=50633 symbolic_rank_gates=704 paired_macros=742 conditional_clean=true
FOLD20_T10_RANK4 j=3 last=false low=true old_ops=60585 ops=50633
FOLD20_PASSIVE_LOWER old=688 new=1138 macros=8 gathers=0
FOLD20_PASSIVE_LOWER old=260 new=664 macros=6 gathers=0
RANK4_LOWER class=3 original_ops=60453 new_ops=50637 symbolic_rank_gates=704 paired_macros=742 conditional_clean=true
FOLD20_T10_RANK4 j=1 last=false low=true old_ops=60453 ops=50637
FOLD20_PASSIVE_LOWER old=1082 new=6864 macros=22 gathers=0
FOLD20_PASSIVE_LOWER old=544 new=872 macros=6 gathers=0
FOLD20_PASSIVE_LOWER old=260 new=664 macros=6 gathers=0
FOLD20_PASSIVE_LOWER old=326 new=3110 macros=9 gathers=0
RANK4_LOWER class=3 original_ops=80497 new_ops=67249 symbolic_rank_gates=896 paired_macros=948 conditional_clean=true
FOLD20_T10_RANK4 j=0 last=false low=true old_ops=80497 ops=67249
RANK4_LOWER class=3 original_ops=79827 new_ops=66745 symbolic_rank_gates=896 paired_macros=940 conditional_clean=true
FOLD20_T10_RANK4 j=2 last=false low=true old_ops=79827 ops=66745
FOLD20_PASSIVE_LOWER old=544 new=872 macros=6 gathers=0
FOLD20_PASSIVE_LOWER old=544 new=872 macros=6 gathers=0
FOLD20_PASSIVE_LOWER old=260 new=664 macros=6 gathers=0
FOLD20_PASSIVE_LOWER old=260 new=664 macros=6 gathers=0
FOLD20_PASSIVE_LOWER old=0 new=0 macros=0 gathers=0
FOLD20_PASSIVE_LOWER old=0 new=0 macros=0 gathers=0
RANK4_LOWER class=4 original_ops=13665 new_ops=10829 symbolic_rank_gates=84 paired_macros=116 conditional_clean=true
FOLD20_T10_RANK4 j=3 last=true low=true old_ops=13665 ops=10829
Q792_JOINT_CODEC held_predicates=7 all_existing_dirty=true restored=true
Q792_JOINT_CODEC held_predicates=7 all_existing_dirty=true restored=true
RANK4_LOWER class=4 original_ops=15481 new_ops=12409 symbolic_rank_gates=108 paired_macros=184 conditional_clean=true
FOLD20_T10_RANK4 j=0 last=true low=true old_ops=15481 ops=12409
RANK4_LOWER class=4 original_ops=20051 new_ops=16559 symbolic_rank_gates=108 paired_macros=228 conditional_clean=true
FOLD20_T10_RANK4 j=2 last=true low=true old_ops=20051 ops=16559
Q792_JOINT_CODEC held_predicates=11 all_existing_dirty=true restored=true
RANK4_LOWER class=4 original_ops=18503 new_ops=15331 symbolic_rank_gates=108 paired_macros=222 conditional_clean=true
FOLD20_T10_RANK4 j=1 last=true low=true old_ops=18503 ops=15331
Q792_JOINT_CODEC held_predicates=10 all_existing_dirty=true restored=true
Q792_JOINT_CODEC held_predicates=11 all_existing_dirty=true restored=true
Q792_JOINT_CODEC held_predicates=7 all_existing_dirty=true restored=true
Q792_JOINT_CODEC held_predicates=10 all_existing_dirty=true restored=true
Q792_JOINT_CODEC held_predicates=7 all_existing_dirty=true restored=true
RANK4_LOWER class=3 original_ops=60359 new_ops=50459 symbolic_rank_gates=704 paired_macros=742 conditional_clean=true
FOLD20_T10_RANK4 j=3 last=false low=true old_ops=60359 ops=50459
FOLD20_PASSIVE_LOWER old=688 new=1138 macros=8 gathers=0
FOLD20_PASSIVE_LOWER old=260 new=664 macros=6 gathers=0
FOLD20_PASSIVE_LOWER old=1082 new=6864 macros=22 gathers=0
RANK4_LOWER class=3 original_ops=60227 new_ops=50463 symbolic_rank_gates=704 paired_macros=742 conditional_clean=true
FOLD20_T10_RANK4 j=1 last=false low=true old_ops=60227 ops=50463
RANK4_LOWER class=3 original_ops=80271 new_ops=67079 symbolic_rank_gates=896 paired_macros=948 conditional_clean=true
FOLD20_T10_RANK4 j=0 last=false low=true old_ops=80271 ops=67079
RANK4_LOWER class=3 original_ops=79601 new_ops=66571 symbolic_rank_gates=896 paired_macros=940 conditional_clean=true
FOLD20_T10_RANK4 j=2 last=false low=true old_ops=79601 ops=66571
FOLD20_PASSIVE_LOWER old=544 new=872 macros=6 gathers=0
FOLD20_PASSIVE_LOWER old=260 new=664 macros=6 gathers=0
FOLD20_PASSIVE_LOWER old=544 new=872 macros=6 gathers=0
FOLD20_PASSIVE_LOWER old=544 new=872 macros=6 gathers=0
FOLD20_PASSIVE_LOWER old=260 new=664 macros=6 gathers=0
FOLD20_PASSIVE_LOWER old=260 new=664 macros=6 gathers=0
FOLD20_PASSIVE_LOWER old=326 new=3110 macros=9 gathers=0
FOLD20_PASSIVE_LOWER old=0 new=0 macros=0 gathers=0
FOLD20_PASSIVE_LOWER old=0 new=0 macros=0 gathers=0
RANK4_LOWER class=4 original_ops=13523 new_ops=10709 symbolic_rank_gates=84 paired_macros=116 conditional_clean=true
FOLD20_T10_RANK4 j=3 last=true low=true old_ops=13523 ops=10709
Q792_JOINT_CODEC held_predicates=7 all_existing_dirty=true restored=true
Q792_JOINT_CODEC held_predicates=7 all_existing_dirty=true restored=true
RANK4_LOWER class=4 original_ops=15339 new_ops=12289 symbolic_rank_gates=108 paired_macros=184 conditional_clean=true
FOLD20_T10_RANK4 j=0 last=true low=true old_ops=15339 ops=12289
RANK4_LOWER class=4 original_ops=18361 new_ops=15211 symbolic_rank_gates=108 paired_macros=222 conditional_clean=true
FOLD20_T10_RANK4 j=1 last=true low=true old_ops=18361 ops=15211
Q792_JOINT_CODEC held_predicates=7 all_existing_dirty=true restored=true
RANK4_LOWER class=4 original_ops=19909 new_ops=16439 symbolic_rank_gates=108 paired_macros=228 conditional_clean=true
FOLD20_T10_RANK4 j=2 last=true low=true old_ops=19909 ops=16439
Q792_JOINT_CODEC held_predicates=11 all_existing_dirty=true restored=true
Q792_JOINT_CODEC held_predicates=7 all_existing_dirty=true restored=true
Q792_JOINT_CODEC held_predicates=11 all_existing_dirty=true restored=true
Q792_JOINT_CODEC held_predicates=10 all_existing_dirty=true restored=true
Q792_JOINT_CODEC held_predicates=10 all_existing_dirty=true restored=true
RANK4_LOWER class=3 original_ops=60063 new_ops=50205 symbolic_rank_gates=704 paired_macros=742 conditional_clean=true
FOLD20_T10_RANK4 j=3 last=false low=true old_ops=60063 ops=50205
FOLD20_PASSIVE_LOWER old=688 new=1138 macros=8 gathers=0
RANK4_LOWER class=3 original_ops=59931 new_ops=50209 symbolic_rank_gates=704 paired_macros=742 conditional_clean=true
FOLD20_T10_RANK4 j=1 last=false low=true old_ops=59931 ops=50209
FOLD20_PASSIVE_LOWER old=260 new=664 macros=6 gathers=0
FOLD20_PASSIVE_LOWER old=544 new=872 macros=6 gathers=0
FOLD20_PASSIVE_LOWER old=1082 new=6864 macros=22 gathers=0
FOLD20_PASSIVE_LOWER old=260 new=664 macros=6 gathers=0
FOLD20_PASSIVE_LOWER old=326 new=3110 macros=9 gathers=0
RANK4_LOWER class=3 original_ops=79975 new_ops=66821 symbolic_rank_gates=896 paired_macros=948 conditional_clean=true
FOLD20_T10_RANK4 j=0 last=false low=true old_ops=79975 ops=66821
RANK4_LOWER class=3 original_ops=79305 new_ops=66317 symbolic_rank_gates=896 paired_macros=940 conditional_clean=true
FOLD20_T10_RANK4 j=2 last=false low=true old_ops=79305 ops=66317
FOLD20_PASSIVE_LOWER old=544 new=872 macros=6 gathers=0
FOLD20_PASSIVE_LOWER old=544 new=872 macros=6 gathers=0
FOLD20_PASSIVE_LOWER old=260 new=664 macros=6 gathers=0
FOLD20_PASSIVE_LOWER old=260 new=664 macros=6 gathers=0
FOLD20_PASSIVE_LOWER old=0 new=0 macros=0 gathers=0
FOLD20_PASSIVE_LOWER old=0 new=0 macros=0 gathers=0
RANK4_LOWER class=4 original_ops=13015 new_ops=10499 symbolic_rank_gates=48 paired_macros=74 conditional_clean=true
FOLD20_T10_RANK4 j=3 last=true low=true old_ops=13015 ops=10499
Q792_JOINT_CODEC held_predicates=7 all_existing_dirty=true restored=true
Q792_JOINT_CODEC held_predicates=7 all_existing_dirty=true restored=true
RANK4_LOWER class=4 original_ops=19401 new_ops=16229 symbolic_rank_gates=72 paired_macros=186 conditional_clean=true
FOLD20_T10_RANK4 j=2 last=true low=true old_ops=19401 ops=16229
RANK4_LOWER class=4 original_ops=14831 new_ops=12079 symbolic_rank_gates=72 paired_macros=142 conditional_clean=true
FOLD20_T10_RANK4 j=0 last=true low=true old_ops=14831 ops=12079
RANK4_LOWER class=4 original_ops=17853 new_ops=15001 symbolic_rank_gates=72 paired_macros=180 conditional_clean=true
FOLD20_T10_RANK4 j=1 last=true low=true old_ops=17853 ops=15001
Q792_JOINT_CODEC held_predicates=10 all_existing_dirty=true restored=true
Q792_JOINT_CODEC held_predicates=7 all_existing_dirty=true restored=true
Q792_JOINT_CODEC held_predicates=11 all_existing_dirty=true restored=true
Q792_JOINT_CODEC held_predicates=7 all_existing_dirty=true restored=true
Q792_JOINT_CODEC held_predicates=10 all_existing_dirty=true restored=true
Q792_JOINT_CODEC held_predicates=11 all_existing_dirty=true restored=true
RANK4_LOWER class=3 original_ops=58973 new_ops=49781 symbolic_rank_gates=608 paired_macros=650 conditional_clean=true
FOLD20_T10_RANK4 j=3 last=false low=true old_ops=58973 ops=49781
FOLD20_PASSIVE_LOWER old=688 new=1138 macros=8 gathers=0
FOLD20_PASSIVE_LOWER old=260 new=664 macros=6 gathers=0
RANK4_LOWER class=3 original_ops=58841 new_ops=49785 symbolic_rank_gates=608 paired_macros=650 conditional_clean=true
FOLD20_T10_RANK4 j=1 last=false low=true old_ops=58841 ops=49785
FOLD20_PASSIVE_LOWER old=1082 new=6864 macros=22 gathers=0
FOLD20_PASSIVE_LOWER old=544 new=872 macros=6 gathers=0
RANK4_LOWER class=3 original_ops=78215 new_ops=65893 symbolic_rank_gates=800 paired_macros=848 conditional_clean=true
FOLD20_T10_RANK4 j=2 last=false low=true old_ops=78215 ops=65893
FOLD20_PASSIVE_LOWER old=260 new=664 macros=6 gathers=0
RANK4_LOWER class=3 original_ops=78885 new_ops=66397 symbolic_rank_gates=800 paired_macros=856 conditional_clean=true
FOLD20_T10_RANK4 j=0 last=false low=true old_ops=78885 ops=66397
FOLD20_PASSIVE_LOWER old=326 new=3110 macros=9 gathers=0
FOLD20_PASSIVE_LOWER old=544 new=872 macros=6 gathers=0
FOLD20_PASSIVE_LOWER old=260 new=664 macros=6 gathers=0
FOLD20_PASSIVE_LOWER old=544 new=872 macros=6 gathers=0
FOLD20_PASSIVE_LOWER old=0 new=0 macros=0 gathers=0
FOLD20_PASSIVE_LOWER old=260 new=664 macros=6 gathers=0
FOLD20_PASSIVE_LOWER old=0 new=0 macros=0 gathers=0
RANK4_LOWER class=4 original_ops=12909 new_ops=10413 symbolic_rank_gates=48 paired_macros=74 conditional_clean=true
FOLD20_T10_RANK4 j=3 last=true low=true old_ops=12909 ops=10413
Q792_JOINT_CODEC held_predicates=7 all_existing_dirty=true restored=true
Q792_JOINT_CODEC held_predicates=7 all_existing_dirty=true restored=true
RANK4_LOWER class=4 original_ops=14725 new_ops=11993 symbolic_rank_gates=72 paired_macros=142 conditional_clean=true
FOLD20_T10_RANK4 j=0 last=true low=true old_ops=14725 ops=11993
RANK4_LOWER class=4 original_ops=17747 new_ops=14915 symbolic_rank_gates=72 paired_macros=180 conditional_clean=true
FOLD20_T10_RANK4 j=1 last=true low=true old_ops=17747 ops=14915
Q792_JOINT_CODEC held_predicates=7 all_existing_dirty=true restored=true
RANK4_LOWER class=4 original_ops=19295 new_ops=16143 symbolic_rank_gates=72 paired_macros=186 conditional_clean=true
FOLD20_T10_RANK4 j=2 last=true low=true old_ops=19295 ops=16143
Q792_JOINT_CODEC held_predicates=11 all_existing_dirty=true restored=true
Q792_JOINT_CODEC held_predicates=7 all_existing_dirty=true restored=true
Q792_JOINT_CODEC held_predicates=11 all_existing_dirty=true restored=true
Q792_JOINT_CODEC held_predicates=10 all_existing_dirty=true restored=true
Q792_JOINT_CODEC held_predicates=10 all_existing_dirty=true restored=true
RANK4_LOWER class=3 original_ops=58647 new_ops=49535 symbolic_rank_gates=608 paired_macros=650 conditional_clean=true
FOLD20_T10_RANK4 j=3 last=false low=true old_ops=58647 ops=49535
FOLD20_PASSIVE_LOWER old=688 new=1138 macros=8 gathers=0
FOLD20_PASSIVE_LOWER old=260 new=664 macros=6 gathers=0
RANK4_LOWER class=3 original_ops=58515 new_ops=49539 symbolic_rank_gates=608 paired_macros=650 conditional_clean=true
FOLD20_T10_RANK4 j=1 last=false low=true old_ops=58515 ops=49539
RANK4_LOWER class=3 original_ops=78559 new_ops=66155 symbolic_rank_gates=800 paired_macros=856 conditional_clean=true
FOLD20_T10_RANK4 j=0 last=false low=true old_ops=78559 ops=66155
FOLD20_PASSIVE_LOWER old=1082 new=6864 macros=22 gathers=0
FOLD20_PASSIVE_LOWER old=544 new=872 macros=6 gathers=0
FOLD20_PASSIVE_LOWER old=260 new=664 macros=6 gathers=0
FOLD20_PASSIVE_LOWER old=544 new=872 macros=6 gathers=0
RANK4_LOWER class=3 original_ops=77889 new_ops=65647 symbolic_rank_gates=800 paired_macros=848 conditional_clean=true
FOLD20_T10_RANK4 j=2 last=false low=true old_ops=77889 ops=65647
FOLD20_PASSIVE_LOWER old=326 new=3110 macros=9 gathers=0
FOLD20_PASSIVE_LOWER old=260 new=664 macros=6 gathers=0
FOLD20_PASSIVE_LOWER old=0 new=0 macros=0 gathers=0
FOLD20_PASSIVE_LOWER old=544 new=872 macros=6 gathers=0
FOLD20_PASSIVE_LOWER old=260 new=664 macros=6 gathers=0
FOLD20_PASSIVE_LOWER old=0 new=0 macros=0 gathers=0
RANK4_LOWER class=4 original_ops=12747 new_ops=10291 symbolic_rank_gates=48 paired_macros=74 conditional_clean=true
FOLD20_T10_RANK4 j=3 last=true low=true old_ops=12747 ops=10291
Q792_JOINT_CODEC held_predicates=7 all_existing_dirty=true restored=true
Q792_JOINT_CODEC held_predicates=7 all_existing_dirty=true restored=true
RANK4_LOWER class=4 original_ops=14563 new_ops=11871 symbolic_rank_gates=72 paired_macros=142 conditional_clean=true
FOLD20_T10_RANK4 j=0 last=true low=true old_ops=14563 ops=11871
RANK4_LOWER class=4 original_ops=17585 new_ops=14793 symbolic_rank_gates=72 paired_macros=180 conditional_clean=true
FOLD20_T10_RANK4 j=1 last=true low=true old_ops=17585 ops=14793
RANK4_LOWER class=4 original_ops=19133 new_ops=16021 symbolic_rank_gates=72 paired_macros=186 conditional_clean=true
FOLD20_T10_RANK4 j=2 last=true low=true old_ops=19133 ops=16021
Q792_JOINT_CODEC held_predicates=11 all_existing_dirty=true restored=true
Q792_JOINT_CODEC held_predicates=7 all_existing_dirty=true restored=true
Q792_JOINT_CODEC held_predicates=7 all_existing_dirty=true restored=true
Q792_JOINT_CODEC held_predicates=11 all_existing_dirty=true restored=true
Q792_JOINT_CODEC held_predicates=10 all_existing_dirty=true restored=true
Q792_JOINT_CODEC held_predicates=10 all_existing_dirty=true restored=true
RANK4_LOWER class=3 original_ops=58223 new_ops=49199 symbolic_rank_gates=608 paired_macros=650 conditional_clean=true
FOLD20_T10_RANK4 j=3 last=false low=true old_ops=58223 ops=49199
FOLD20_PASSIVE_LOWER old=688 new=1138 macros=8 gathers=0
FOLD20_PASSIVE_LOWER old=260 new=664 macros=6 gathers=0
FOLD20_PASSIVE_LOWER old=1082 new=6864 macros=22 gathers=0
RANK4_LOWER class=3 original_ops=58091 new_ops=49203 symbolic_rank_gates=608 paired_macros=650 conditional_clean=true
FOLD20_T10_RANK4 j=1 last=false low=true old_ops=58091 ops=49203
FOLD20_PASSIVE_LOWER old=544 new=872 macros=6 gathers=0
FOLD20_PASSIVE_LOWER old=260 new=664 macros=6 gathers=0
FOLD20_PASSIVE_LOWER old=326 new=3110 macros=9 gathers=0
RANK4_LOWER class=3 original_ops=77465 new_ops=65311 symbolic_rank_gates=800 paired_macros=848 conditional_clean=true
FOLD20_T10_RANK4 j=2 last=false low=true old_ops=77465 ops=65311
RANK4_LOWER class=3 original_ops=78135 new_ops=65819 symbolic_rank_gates=800 paired_macros=856 conditional_clean=true
FOLD20_T10_RANK4 j=0 last=false low=true old_ops=78135 ops=65819
FOLD20_PASSIVE_LOWER old=544 new=872 macros=6 gathers=0
FOLD20_PASSIVE_LOWER old=544 new=872 macros=6 gathers=0
FOLD20_PASSIVE_LOWER old=260 new=664 macros=6 gathers=0
FOLD20_PASSIVE_LOWER old=260 new=664 macros=6 gathers=0
FOLD20_PASSIVE_LOWER old=0 new=0 macros=0 gathers=0
FOLD20_PASSIVE_LOWER old=0 new=0 macros=0 gathers=0
RANK4_LOWER class=4 original_ops=12645 new_ops=10205 symbolic_rank_gates=48 paired_macros=74 conditional_clean=true
FOLD20_T10_RANK4 j=3 last=true low=true old_ops=12645 ops=10205
Q792_JOINT_CODEC held_predicates=7 all_existing_dirty=true restored=true
Q792_JOINT_CODEC held_predicates=7 all_existing_dirty=true restored=true
RANK4_LOWER class=4 original_ops=14461 new_ops=11785 symbolic_rank_gates=72 paired_macros=142 conditional_clean=true
FOLD20_T10_RANK4 j=0 last=true low=true old_ops=14461 ops=11785
RANK4_LOWER class=4 original_ops=17483 new_ops=14707 symbolic_rank_gates=72 paired_macros=180 conditional_clean=true
FOLD20_T10_RANK4 j=1 last=true low=true old_ops=17483 ops=14707
Q792_JOINT_CODEC held_predicates=11 all_existing_dirty=true restored=true
RANK4_LOWER class=4 original_ops=19031 new_ops=15935 symbolic_rank_gates=72 paired_macros=186 conditional_clean=true
FOLD20_T10_RANK4 j=2 last=true low=true old_ops=19031 ops=15935
Q792_JOINT_CODEC held_predicates=7 all_existing_dirty=true restored=true
Q792_JOINT_CODEC held_predicates=7 all_existing_dirty=true restored=true
Q792_JOINT_CODEC held_predicates=11 all_existing_dirty=true restored=true
Q792_JOINT_CODEC held_predicates=10 all_existing_dirty=true restored=true
Q792_JOINT_CODEC held_predicates=10 all_existing_dirty=true restored=true
RANK4_LOWER class=3 original_ops=57909 new_ops=48941 symbolic_rank_gates=608 paired_macros=650 conditional_clean=true
FOLD20_T10_RANK4 j=3 last=false low=true old_ops=57909 ops=48941
RANK4_LOWER class=3 original_ops=57777 new_ops=48945 symbolic_rank_gates=608 paired_macros=650 conditional_clean=true
FOLD20_T10_RANK4 j=1 last=false low=true old_ops=57777 ops=48945
FOLD20_PASSIVE_LOWER old=688 new=1138 macros=8 gathers=0
FOLD20_PASSIVE_LOWER old=260 new=664 macros=6 gathers=0
FOLD20_PASSIVE_LOWER old=544 new=872 macros=6 gathers=0
FOLD20_PASSIVE_LOWER old=260 new=664 macros=6 gathers=0
FOLD20_PASSIVE_LOWER old=1082 new=6864 macros=22 gathers=0
FOLD20_PASSIVE_LOWER old=326 new=3110 macros=9 gathers=0
RANK4_LOWER class=3 original_ops=77821 new_ops=65557 symbolic_rank_gates=800 paired_macros=856 conditional_clean=true
FOLD20_T10_RANK4 j=0 last=false low=true old_ops=77821 ops=65557
RANK4_LOWER class=3 original_ops=77151 new_ops=65053 symbolic_rank_gates=800 paired_macros=848 conditional_clean=true
FOLD20_T10_RANK4 j=2 last=false low=true old_ops=77151 ops=65053
FOLD20_PASSIVE_LOWER old=544 new=872 macros=6 gathers=0
FOLD20_PASSIVE_LOWER old=260 new=664 macros=6 gathers=0
FOLD20_PASSIVE_LOWER old=0 new=0 macros=0 gathers=0
FOLD20_PASSIVE_LOWER old=544 new=872 macros=6 gathers=0
FOLD20_PASSIVE_LOWER old=260 new=664 macros=6 gathers=0
FOLD20_PASSIVE_LOWER old=0 new=0 macros=0 gathers=0
RANK4_LOWER class=4 original_ops=12487 new_ops=10083 symbolic_rank_gates=48 paired_macros=74 conditional_clean=true
FOLD20_T10_RANK4 j=3 last=true low=true old_ops=12487 ops=10083
Q792_JOINT_CODEC held_predicates=7 all_existing_dirty=true restored=true
Q792_JOINT_CODEC held_predicates=7 all_existing_dirty=true restored=true
RANK4_LOWER class=4 original_ops=14303 new_ops=11663 symbolic_rank_gates=72 paired_macros=142 conditional_clean=true
FOLD20_T10_RANK4 j=0 last=true low=true old_ops=14303 ops=11663
RANK4_LOWER class=4 original_ops=17325 new_ops=14585 symbolic_rank_gates=72 paired_macros=180 conditional_clean=true
FOLD20_T10_RANK4 j=1 last=true low=true old_ops=17325 ops=14585
RANK4_LOWER class=4 original_ops=18873 new_ops=15813 symbolic_rank_gates=72 paired_macros=186 conditional_clean=true
FOLD20_T10_RANK4 j=2 last=true low=true old_ops=18873 ops=15813
Q792_JOINT_CODEC held_predicates=11 all_existing_dirty=true restored=true
Q792_JOINT_CODEC held_predicates=7 all_existing_dirty=true restored=true
Q792_JOINT_CODEC held_predicates=7 all_existing_dirty=true restored=true
Q792_JOINT_CODEC held_predicates=11 all_existing_dirty=true restored=true
Q792_JOINT_CODEC held_predicates=10 all_existing_dirty=true restored=true
Q792_JOINT_CODEC held_predicates=10 all_existing_dirty=true restored=true
RANK4_LOWER class=3 original_ops=57501 new_ops=48577 symbolic_rank_gates=608 paired_macros=650 conditional_clean=true
FOLD20_T10_RANK4 j=3 last=false low=true old_ops=57501 ops=48577
RANK4_LOWER class=3 original_ops=57369 new_ops=48581 symbolic_rank_gates=608 paired_macros=650 conditional_clean=true
FOLD20_T10_RANK4 j=1 last=false low=true old_ops=57369 ops=48581
FOLD20_PASSIVE_LOWER old=688 new=1138 macros=8 gathers=0
FOLD20_PASSIVE_LOWER old=260 new=664 macros=6 gathers=0
FOLD20_PASSIVE_LOWER old=544 new=872 macros=6 gathers=0
FOLD20_PASSIVE_LOWER old=260 new=664 macros=6 gathers=0
FOLD20_PASSIVE_LOWER old=326 new=3110 macros=9 gathers=0
FOLD20_PASSIVE_LOWER old=1082 new=6864 macros=22 gathers=0
RANK4_LOWER class=3 original_ops=77413 new_ops=65193 symbolic_rank_gates=800 paired_macros=856 conditional_clean=true
FOLD20_T10_RANK4 j=0 last=false low=true old_ops=77413 ops=65193
RANK4_LOWER class=3 original_ops=76743 new_ops=64689 symbolic_rank_gates=800 paired_macros=848 conditional_clean=true
FOLD20_T10_RANK4 j=2 last=false low=true old_ops=76743 ops=64689
FOLD20_PASSIVE_LOWER old=544 new=872 macros=6 gathers=0
FOLD20_PASSIVE_LOWER old=544 new=872 macros=6 gathers=0
FOLD20_PASSIVE_LOWER old=260 new=664 macros=6 gathers=0
FOLD20_PASSIVE_LOWER old=260 new=664 macros=6 gathers=0
FOLD20_PASSIVE_LOWER old=0 new=0 macros=0 gathers=0
FOLD20_PASSIVE_LOWER old=0 new=0 macros=0 gathers=0
RANK4_LOWER class=4 original_ops=12387 new_ops=9999 symbolic_rank_gates=48 paired_macros=74 conditional_clean=true
FOLD20_T10_RANK4 j=3 last=true low=true old_ops=12387 ops=9999
Q792_JOINT_CODEC held_predicates=7 all_existing_dirty=true restored=true
Q792_JOINT_CODEC held_predicates=7 all_existing_dirty=true restored=true
RANK4_LOWER class=4 original_ops=14203 new_ops=11579 symbolic_rank_gates=72 paired_macros=142 conditional_clean=true
FOLD20_T10_RANK4 j=0 last=true low=true old_ops=14203 ops=11579
RANK4_LOWER class=4 original_ops=18773 new_ops=15729 symbolic_rank_gates=72 paired_macros=186 conditional_clean=true
FOLD20_T10_RANK4 j=2 last=true low=true old_ops=18773 ops=15729
RANK4_LOWER class=4 original_ops=17225 new_ops=14501 symbolic_rank_gates=72 paired_macros=180 conditional_clean=true
FOLD20_T10_RANK4 j=1 last=true low=true old_ops=17225 ops=14501
Q792_JOINT_CODEC held_predicates=11 all_existing_dirty=true restored=true
Q792_JOINT_CODEC held_predicates=7 all_existing_dirty=true restored=true
Q792_JOINT_CODEC held_predicates=10 all_existing_dirty=true restored=true
Q792_JOINT_CODEC held_predicates=7 all_existing_dirty=true restored=true
Q792_JOINT_CODEC held_predicates=11 all_existing_dirty=true restored=true
Q792_JOINT_CODEC held_predicates=10 all_existing_dirty=true restored=true
RANK4_LOWER class=3 original_ops=57179 new_ops=48331 symbolic_rank_gates=608 paired_macros=650 conditional_clean=true
FOLD20_T10_RANK4 j=3 last=false low=true old_ops=57179 ops=48331
FOLD20_PASSIVE_LOWER old=688 new=1138 macros=8 gathers=0
FOLD20_PASSIVE_LOWER old=260 new=664 macros=6 gathers=0
FOLD20_PASSIVE_LOWER old=1082 new=6864 macros=22 gathers=0
RANK4_LOWER class=3 original_ops=57047 new_ops=48335 symbolic_rank_gates=608 paired_macros=650 conditional_clean=true
FOLD20_T10_RANK4 j=1 last=false low=true old_ops=57047 ops=48335
FOLD20_PASSIVE_LOWER old=544 new=872 macros=6 gathers=0
RANK4_LOWER class=3 original_ops=76421 new_ops=64443 symbolic_rank_gates=800 paired_macros=848 conditional_clean=true
FOLD20_T10_RANK4 j=2 last=false low=true old_ops=76421 ops=64443
FOLD20_PASSIVE_LOWER old=260 new=664 macros=6 gathers=0
FOLD20_PASSIVE_LOWER old=326 new=3110 macros=9 gathers=0
RANK4_LOWER class=3 original_ops=77091 new_ops=64951 symbolic_rank_gates=800 paired_macros=856 conditional_clean=true
FOLD20_PASSIVE_LOWER old=544 new=872 macros=6 gathers=0
FOLD20_T10_RANK4 j=0 last=false low=true old_ops=77091 ops=64951
FOLD20_PASSIVE_LOWER old=260 new=664 macros=6 gathers=0
FOLD20_PASSIVE_LOWER old=0 new=0 macros=0 gathers=0
FOLD20_PASSIVE_LOWER old=544 new=872 macros=6 gathers=0
FOLD20_PASSIVE_LOWER old=260 new=664 macros=6 gathers=0
FOLD20_PASSIVE_LOWER old=0 new=0 macros=0 gathers=0
RANK4_LOWER class=4 original_ops=12249 new_ops=9885 symbolic_rank_gates=48 paired_macros=74 conditional_clean=true
FOLD20_T10_RANK4 j=3 last=true low=true old_ops=12249 ops=9885
Q792_JOINT_CODEC held_predicates=7 all_existing_dirty=true restored=true
Q792_JOINT_CODEC held_predicates=7 all_existing_dirty=true restored=true
RANK4_LOWER class=4 original_ops=18635 new_ops=15615 symbolic_rank_gates=72 paired_macros=186 conditional_clean=true
FOLD20_T10_RANK4 j=2 last=true low=true old_ops=18635 ops=15615
RANK4_LOWER class=4 original_ops=14065 new_ops=11465 symbolic_rank_gates=72 paired_macros=142 conditional_clean=true
FOLD20_T10_RANK4 j=0 last=true low=true old_ops=14065 ops=11465
Q792_JOINT_CODEC held_predicates=10 all_existing_dirty=true restored=true
RANK4_LOWER class=4 original_ops=17087 new_ops=14387 symbolic_rank_gates=72 paired_macros=180 conditional_clean=true
FOLD20_T10_RANK4 j=1 last=true low=true old_ops=17087 ops=14387
Q792_JOINT_CODEC held_predicates=11 all_existing_dirty=true restored=true
Q792_JOINT_CODEC held_predicates=10 all_existing_dirty=true restored=true
Q792_JOINT_CODEC held_predicates=7 all_existing_dirty=true restored=true
Q792_JOINT_CODEC held_predicates=11 all_existing_dirty=true restored=true
Q792_JOINT_CODEC held_predicates=7 all_existing_dirty=true restored=true
RANK4_LOWER class=3 original_ops=56767 new_ops=47965 symbolic_rank_gates=608 paired_macros=650 conditional_clean=true
FOLD20_T10_RANK4 j=3 last=false low=true old_ops=56767 ops=47965
FOLD20_PASSIVE_LOWER old=688 new=1138 macros=8 gathers=0
FOLD20_PASSIVE_LOWER old=260 new=664 macros=6 gathers=0
RANK4_LOWER class=3 original_ops=56635 new_ops=47969 symbolic_rank_gates=608 paired_macros=650 conditional_clean=true
FOLD20_T10_RANK4 j=1 last=false low=true old_ops=56635 ops=47969
FOLD20_PASSIVE_LOWER old=1082 new=6864 macros=22 gathers=0
FOLD20_PASSIVE_LOWER old=544 new=872 macros=6 gathers=0
FOLD20_PASSIVE_LOWER old=260 new=664 macros=6 gathers=0
RANK4_LOWER class=3 original_ops=76679 new_ops=64585 symbolic_rank_gates=800 paired_macros=856 conditional_clean=true
FOLD20_T10_RANK4 j=0 last=false low=true old_ops=76679 ops=64585
RANK4_LOWER class=3 original_ops=76009 new_ops=64077 symbolic_rank_gates=800 paired_macros=848 conditional_clean=true
FOLD20_T10_RANK4 j=2 last=false low=true old_ops=76009 ops=64077
FOLD20_PASSIVE_LOWER old=326 new=3110 macros=9 gathers=0
FOLD20_PASSIVE_LOWER old=544 new=872 macros=6 gathers=0
FOLD20_PASSIVE_LOWER old=260 new=664 macros=6 gathers=0
FOLD20_PASSIVE_LOWER old=544 new=872 macros=6 gathers=0
FOLD20_PASSIVE_LOWER old=0 new=0 macros=0 gathers=0
FOLD20_PASSIVE_LOWER old=260 new=664 macros=6 gathers=0
FOLD20_PASSIVE_LOWER old=0 new=0 macros=0 gathers=0
RANK4_LOWER class=4 original_ops=12123 new_ops=9791 symbolic_rank_gates=48 paired_macros=74 conditional_clean=true
FOLD20_T10_RANK4 j=3 last=true low=true old_ops=12123 ops=9791
Q792_JOINT_CODEC held_predicates=7 all_existing_dirty=true restored=true
Q792_JOINT_CODEC held_predicates=7 all_existing_dirty=true restored=true
RANK4_LOWER class=4 original_ops=13939 new_ops=11371 symbolic_rank_gates=72 paired_macros=142 conditional_clean=true
FOLD20_T10_RANK4 j=0 last=true low=true old_ops=13939 ops=11371
RANK4_LOWER class=4 original_ops=16961 new_ops=14293 symbolic_rank_gates=72 paired_macros=180 conditional_clean=true
RANK4_LOWER class=4 original_ops=18509 new_ops=15521 symbolic_rank_gates=72 paired_macros=186 conditional_clean=true
FOLD20_T10_RANK4 j=1 last=true low=true old_ops=16961 ops=14293
FOLD20_T10_RANK4 j=2 last=true low=true old_ops=18509 ops=15521
Q792_JOINT_CODEC held_predicates=11 all_existing_dirty=true restored=true
Q792_JOINT_CODEC held_predicates=7 all_existing_dirty=true restored=true
Q792_JOINT_CODEC held_predicates=11 all_existing_dirty=true restored=true
Q792_JOINT_CODEC held_predicates=10 all_existing_dirty=true restored=true
Q792_JOINT_CODEC held_predicates=7 all_existing_dirty=true restored=true
Q792_JOINT_CODEC held_predicates=10 all_existing_dirty=true restored=true
RANK4_LOWER class=3 original_ops=56461 new_ops=47673 symbolic_rank_gates=608 paired_macros=650 conditional_clean=true
FOLD20_T10_RANK4 j=3 last=false low=true old_ops=56461 ops=47673
FOLD20_PASSIVE_LOWER old=688 new=1138 macros=8 gathers=0
RANK4_LOWER class=3 original_ops=56329 new_ops=47677 symbolic_rank_gates=608 paired_macros=650 conditional_clean=true
FOLD20_T10_RANK4 j=1 last=false low=true old_ops=56329 ops=47677
FOLD20_PASSIVE_LOWER old=260 new=664 macros=6 gathers=0
FOLD20_PASSIVE_LOWER old=544 new=872 macros=6 gathers=0
FOLD20_PASSIVE_LOWER old=1082 new=6864 macros=22 gathers=0
FOLD20_PASSIVE_LOWER old=260 new=664 macros=6 gathers=0
RANK4_LOWER class=3 original_ops=75703 new_ops=63785 symbolic_rank_gates=800 paired_macros=848 conditional_clean=true
FOLD20_T10_RANK4 j=2 last=false low=true old_ops=75703 ops=63785
FOLD20_PASSIVE_LOWER old=326 new=3110 macros=9 gathers=0
RANK4_LOWER class=3 original_ops=76373 new_ops=64289 symbolic_rank_gates=800 paired_macros=856 conditional_clean=true
FOLD20_T10_RANK4 j=0 last=false low=true old_ops=76373 ops=64289
FOLD20_PASSIVE_LOWER old=544 new=872 macros=6 gathers=0
FOLD20_PASSIVE_LOWER old=260 new=664 macros=6 gathers=0
FOLD20_PASSIVE_LOWER old=0 new=0 macros=0 gathers=0
FOLD20_PASSIVE_LOWER old=544 new=872 macros=6 gathers=0
FOLD20_PASSIVE_LOWER old=260 new=664 macros=6 gathers=0
FOLD20_PASSIVE_LOWER old=0 new=0 macros=0 gathers=0
RANK4_LOWER class=4 original_ops=11985 new_ops=9677 symbolic_rank_gates=48 paired_macros=74 conditional_clean=true
FOLD20_T10_RANK4 j=3 last=true low=true old_ops=11985 ops=9677
Q792_JOINT_CODEC held_predicates=7 all_existing_dirty=true restored=true
Q792_JOINT_CODEC held_predicates=7 all_existing_dirty=true restored=true
RANK4_LOWER class=4 original_ops=13801 new_ops=11257 symbolic_rank_gates=72 paired_macros=142 conditional_clean=true
FOLD20_T10_RANK4 j=0 last=true low=true old_ops=13801 ops=11257
RANK4_LOWER class=4 original_ops=16823 new_ops=14179 symbolic_rank_gates=72 paired_macros=180 conditional_clean=true
FOLD20_T10_RANK4 j=1 last=true low=true old_ops=16823 ops=14179
RANK4_LOWER class=4 original_ops=18371 new_ops=15407 symbolic_rank_gates=72 paired_macros=186 conditional_clean=true
FOLD20_T10_RANK4 j=2 last=true low=true old_ops=18371 ops=15407
Q792_JOINT_CODEC held_predicates=7 all_existing_dirty=true restored=true
Q792_JOINT_CODEC held_predicates=11 all_existing_dirty=true restored=true
Q792_JOINT_CODEC held_predicates=7 all_existing_dirty=true restored=true
Q792_JOINT_CODEC held_predicates=10 all_existing_dirty=true restored=true
Q792_JOINT_CODEC held_predicates=11 all_existing_dirty=true restored=true
Q792_JOINT_CODEC held_predicates=10 all_existing_dirty=true restored=true
RANK4_LOWER class=3 original_ops=56061 new_ops=47293 symbolic_rank_gates=608 paired_macros=650 conditional_clean=true
FOLD20_T10_RANK4 j=3 last=false low=true old_ops=56061 ops=47293
RANK4_LOWER class=3 original_ops=55929 new_ops=47297 symbolic_rank_gates=608 paired_macros=650 conditional_clean=true
FOLD20_T10_RANK4 j=1 last=false low=true old_ops=55929 ops=47297
FOLD20_PASSIVE_LOWER old=688 new=1138 macros=8 gathers=0
FOLD20_PASSIVE_LOWER old=544 new=872 macros=6 gathers=0
FOLD20_PASSIVE_LOWER old=260 new=664 macros=6 gathers=0
FOLD20_PASSIVE_LOWER old=260 new=664 macros=6 gathers=0
FOLD20_PASSIVE_LOWER old=326 new=3110 macros=9 gathers=0
FOLD20_PASSIVE_LOWER old=1082 new=6864 macros=22 gathers=0
RANK4_LOWER class=3 original_ops=75973 new_ops=63909 symbolic_rank_gates=800 paired_macros=856 conditional_clean=true
FOLD20_T10_RANK4 j=0 last=false low=true old_ops=75973 ops=63909
RANK4_LOWER class=3 original_ops=75303 new_ops=63405 symbolic_rank_gates=800 paired_macros=848 conditional_clean=true
FOLD20_T10_RANK4 j=2 last=false low=true old_ops=75303 ops=63405
FOLD20_PASSIVE_LOWER old=544 new=872 macros=6 gathers=0
FOLD20_PASSIVE_LOWER old=544 new=872 macros=6 gathers=0
FOLD20_PASSIVE_LOWER old=260 new=664 macros=6 gathers=0
FOLD20_PASSIVE_LOWER old=260 new=664 macros=6 gathers=0
FOLD20_PASSIVE_LOWER old=0 new=0 macros=0 gathers=0
FOLD20_PASSIVE_LOWER old=0 new=0 macros=0 gathers=0
RANK4_LOWER class=4 original_ops=11831 new_ops=9551 symbolic_rank_gates=48 paired_macros=74 conditional_clean=true
FOLD20_T10_RANK4 j=3 last=true low=true old_ops=11831 ops=9551
Q792_JOINT_CODEC held_predicates=7 all_existing_dirty=true restored=true
Q792_JOINT_CODEC held_predicates=7 all_existing_dirty=true restored=true
RANK4_LOWER class=4 original_ops=13647 new_ops=11131 symbolic_rank_gates=72 paired_macros=142 conditional_clean=true
FOLD20_T10_RANK4 j=0 last=true low=true old_ops=13647 ops=11131
RANK4_LOWER class=4 original_ops=18217 new_ops=15281 symbolic_rank_gates=72 paired_macros=186 conditional_clean=true
FOLD20_T10_RANK4 j=2 last=true low=true old_ops=18217 ops=15281
RANK4_LOWER class=4 original_ops=16669 new_ops=14053 symbolic_rank_gates=72 paired_macros=180 conditional_clean=true
FOLD20_T10_RANK4 j=1 last=true low=true old_ops=16669 ops=14053
Q792_JOINT_CODEC held_predicates=11 all_existing_dirty=true restored=true
Q792_JOINT_CODEC held_predicates=11 all_existing_dirty=true restored=true
Q792_JOINT_CODEC held_predicates=7 all_existing_dirty=true restored=true
Q792_JOINT_CODEC held_predicates=10 all_existing_dirty=true restored=true
Q792_JOINT_CODEC held_predicates=7 all_existing_dirty=true restored=true
Q792_JOINT_CODEC held_predicates=10 all_existing_dirty=true restored=true
RANK4_LOWER class=3 original_ops=55511 new_ops=46767 symbolic_rank_gates=608 paired_macros=650 conditional_clean=true
FOLD20_T10_RANK4 j=3 last=false low=true old_ops=55511 ops=46767
FOLD20_PASSIVE_LOWER old=688 new=1138 macros=8 gathers=0
FOLD20_PASSIVE_LOWER old=260 new=664 macros=6 gathers=0
RANK4_LOWER class=3 original_ops=55379 new_ops=46771 symbolic_rank_gates=608 paired_macros=650 conditional_clean=true
FOLD20_T10_RANK4 j=1 last=false low=true old_ops=55379 ops=46771
FOLD20_PASSIVE_LOWER old=544 new=872 macros=6 gathers=0
FOLD20_PASSIVE_LOWER old=1082 new=6864 macros=22 gathers=0
RANK4_LOWER class=3 original_ops=75423 new_ops=63387 symbolic_rank_gates=800 paired_macros=856 conditional_clean=true
FOLD20_T10_RANK4 j=0 last=false low=true old_ops=75423 ops=63387
FOLD20_PASSIVE_LOWER old=260 new=664 macros=6 gathers=0
FOLD20_PASSIVE_LOWER old=326 new=3110 macros=9 gathers=0
RANK4_LOWER class=3 original_ops=74753 new_ops=62879 symbolic_rank_gates=800 paired_macros=848 conditional_clean=true
FOLD20_T10_RANK4 j=2 last=false low=true old_ops=74753 ops=62879
FOLD20_PASSIVE_LOWER old=544 new=872 macros=6 gathers=0
FOLD20_PASSIVE_LOWER old=260 new=664 macros=6 gathers=0
FOLD20_PASSIVE_LOWER old=544 new=872 macros=6 gathers=0
FOLD20_PASSIVE_LOWER old=0 new=0 macros=0 gathers=0
FOLD20_PASSIVE_LOWER old=260 new=664 macros=6 gathers=0
FOLD20_PASSIVE_LOWER old=0 new=0 macros=0 gathers=0
RANK4_LOWER class=4 original_ops=11693 new_ops=9437 symbolic_rank_gates=48 paired_macros=74 conditional_clean=true
FOLD20_T10_RANK4 j=3 last=true low=true old_ops=11693 ops=9437
Q792_JOINT_CODEC held_predicates=7 all_existing_dirty=true restored=true
Q792_JOINT_CODEC held_predicates=7 all_existing_dirty=true restored=true
RANK4_LOWER class=4 original_ops=13509 new_ops=11017 symbolic_rank_gates=72 paired_macros=142 conditional_clean=true
FOLD20_T10_RANK4 j=0 last=true low=true old_ops=13509 ops=11017
RANK4_LOWER class=4 original_ops=16531 new_ops=13939 symbolic_rank_gates=72 paired_macros=180 conditional_clean=true
FOLD20_T10_RANK4 j=1 last=true low=true old_ops=16531 ops=13939
Q792_JOINT_CODEC held_predicates=7 all_existing_dirty=true restored=true
RANK4_LOWER class=4 original_ops=18079 new_ops=15167 symbolic_rank_gates=72 paired_macros=186 conditional_clean=true
FOLD20_T10_RANK4 j=2 last=true low=true old_ops=18079 ops=15167
Q792_JOINT_CODEC held_predicates=11 all_existing_dirty=true restored=true
Q792_JOINT_CODEC held_predicates=7 all_existing_dirty=true restored=true
Q792_JOINT_CODEC held_predicates=10 all_existing_dirty=true restored=true
Q792_JOINT_CODEC held_predicates=11 all_existing_dirty=true restored=true
Q792_JOINT_CODEC held_predicates=10 all_existing_dirty=true restored=true
RANK4_LOWER class=3 original_ops=55123 new_ops=46419 symbolic_rank_gates=608 paired_macros=650 conditional_clean=true
FOLD20_T10_RANK4 j=3 last=false low=true old_ops=55123 ops=46419
RANK4_LOWER class=3 original_ops=54991 new_ops=46423 symbolic_rank_gates=608 paired_macros=650 conditional_clean=true
FOLD20_T10_RANK4 j=1 last=false low=true old_ops=54991 ops=46423
FOLD20_PASSIVE_LOWER old=688 new=1138 macros=8 gathers=0
FOLD20_PASSIVE_LOWER old=260 new=664 macros=6 gathers=0
FOLD20_PASSIVE_LOWER old=544 new=872 macros=6 gathers=0
FOLD20_PASSIVE_LOWER old=260 new=664 macros=6 gathers=0
FOLD20_PASSIVE_LOWER old=1082 new=6864 macros=22 gathers=0
FOLD20_PASSIVE_LOWER old=326 new=3110 macros=9 gathers=0
RANK4_LOWER class=3 original_ops=74365 new_ops=62531 symbolic_rank_gates=800 paired_macros=848 conditional_clean=true
FOLD20_T10_RANK4 j=2 last=false low=true old_ops=74365 ops=62531
FOLD20_PASSIVE_LOWER old=544 new=872 macros=6 gathers=0
RANK4_LOWER class=3 original_ops=75035 new_ops=63039 symbolic_rank_gates=800 paired_macros=856 conditional_clean=true
FOLD20_T10_RANK4 j=0 last=false low=true old_ops=75035 ops=63039
FOLD20_PASSIVE_LOWER old=260 new=664 macros=6 gathers=0
FOLD20_PASSIVE_LOWER old=0 new=0 macros=0 gathers=0
FOLD20_PASSIVE_LOWER old=544 new=872 macros=6 gathers=0
FOLD20_PASSIVE_LOWER old=260 new=664 macros=6 gathers=0
FOLD20_PASSIVE_LOWER old=0 new=0 macros=0 gathers=0
RANK4_LOWER class=4 original_ops=11575 new_ops=9347 symbolic_rank_gates=48 paired_macros=74 conditional_clean=true
FOLD20_T10_RANK4 j=3 last=true low=true old_ops=11575 ops=9347
Q792_JOINT_CODEC held_predicates=7 all_existing_dirty=true restored=true
Q792_JOINT_CODEC held_predicates=7 all_existing_dirty=true restored=true
RANK4_LOWER class=4 original_ops=13391 new_ops=10927 symbolic_rank_gates=72 paired_macros=142 conditional_clean=true
FOLD20_T10_RANK4 j=0 last=true low=true old_ops=13391 ops=10927
RANK4_LOWER class=4 original_ops=16413 new_ops=13849 symbolic_rank_gates=72 paired_macros=180 conditional_clean=true
FOLD20_T10_RANK4 j=1 last=true low=true old_ops=16413 ops=13849
RANK4_LOWER class=4 original_ops=17961 new_ops=15077 symbolic_rank_gates=72 paired_macros=186 conditional_clean=true
FOLD20_T10_RANK4 j=2 last=true low=true old_ops=17961 ops=15077
Q792_JOINT_CODEC held_predicates=11 all_existing_dirty=true restored=true
Q792_JOINT_CODEC held_predicates=7 all_existing_dirty=true restored=true
Q792_JOINT_CODEC held_predicates=7 all_existing_dirty=true restored=true
Q792_JOINT_CODEC held_predicates=11 all_existing_dirty=true restored=true
Q792_JOINT_CODEC held_predicates=10 all_existing_dirty=true restored=true
Q792_JOINT_CODEC held_predicates=10 all_existing_dirty=true restored=true
RANK4_LOWER class=3 original_ops=54845 new_ops=46165 symbolic_rank_gates=608 paired_macros=650 conditional_clean=true
FOLD20_T10_RANK4 j=3 last=false low=true old_ops=54845 ops=46165
FOLD20_PASSIVE_LOWER old=688 new=1138 macros=8 gathers=0
RANK4_LOWER class=3 original_ops=54713 new_ops=46169 symbolic_rank_gates=608 paired_macros=650 conditional_clean=true
FOLD20_T10_RANK4 j=1 last=false low=true old_ops=54713 ops=46169
FOLD20_PASSIVE_LOWER old=260 new=664 macros=6 gathers=0
FOLD20_PASSIVE_LOWER old=544 new=872 macros=6 gathers=0
FOLD20_PASSIVE_LOWER old=1082 new=6864 macros=22 gathers=0
FOLD20_PASSIVE_LOWER old=260 new=664 macros=6 gathers=0
FOLD20_PASSIVE_LOWER old=326 new=3110 macros=9 gathers=0
RANK4_LOWER class=3 original_ops=74087 new_ops=62277 symbolic_rank_gates=800 paired_macros=848 conditional_clean=true
FOLD20_T10_RANK4 j=2 last=false low=true old_ops=74087 ops=62277
RANK4_LOWER class=3 original_ops=74757 new_ops=62781 symbolic_rank_gates=800 paired_macros=856 conditional_clean=true
FOLD20_T10_RANK4 j=0 last=false low=true old_ops=74757 ops=62781
FOLD20_PASSIVE_LOWER old=544 new=872 macros=6 gathers=0
FOLD20_PASSIVE_LOWER old=260 new=664 macros=6 gathers=0
FOLD20_PASSIVE_LOWER old=544 new=872 macros=6 gathers=0
FOLD20_PASSIVE_LOWER old=0 new=0 macros=0 gathers=0
FOLD20_PASSIVE_LOWER old=260 new=664 macros=6 gathers=0
FOLD20_PASSIVE_LOWER old=0 new=0 macros=0 gathers=0
RANK4_LOWER class=4 original_ops=11475 new_ops=9263 symbolic_rank_gates=48 paired_macros=74 conditional_clean=true
FOLD20_T10_RANK4 j=3 last=true low=true old_ops=11475 ops=9263
Q792_JOINT_CODEC held_predicates=7 all_existing_dirty=true restored=true
Q792_JOINT_CODEC held_predicates=7 all_existing_dirty=true restored=true
RANK4_LOWER class=4 original_ops=13291 new_ops=10843 symbolic_rank_gates=72 paired_macros=142 conditional_clean=true
FOLD20_T10_RANK4 j=0 last=true low=true old_ops=13291 ops=10843
RANK4_LOWER class=4 original_ops=16313 new_ops=13765 symbolic_rank_gates=72 paired_macros=180 conditional_clean=true
FOLD20_T10_RANK4 j=1 last=true low=true old_ops=16313 ops=13765
Q792_JOINT_CODEC held_predicates=11 all_existing_dirty=true restored=true
Q792_JOINT_CODEC held_predicates=7 all_existing_dirty=true restored=true
Q792_JOINT_CODEC held_predicates=7 all_existing_dirty=true restored=true
RANK4_LOWER class=4 original_ops=17861 new_ops=14993 symbolic_rank_gates=72 paired_macros=186 conditional_clean=true
FOLD20_T10_RANK4 j=2 last=true low=true old_ops=17861 ops=14993
Q792_JOINT_CODEC held_predicates=11 all_existing_dirty=true restored=true
Q792_JOINT_CODEC held_predicates=10 all_existing_dirty=true restored=true
Q792_JOINT_CODEC held_predicates=10 all_existing_dirty=true restored=true
RANK4_LOWER class=3 original_ops=54559 new_ops=45939 symbolic_rank_gates=608 paired_macros=650 conditional_clean=true
FOLD20_T10_RANK4 j=3 last=false low=true old_ops=54559 ops=45939
FOLD20_PASSIVE_LOWER old=688 new=1138 macros=8 gathers=0
FOLD20_PASSIVE_LOWER old=260 new=664 macros=6 gathers=0
RANK4_LOWER class=3 original_ops=54427 new_ops=45943 symbolic_rank_gates=608 paired_macros=650 conditional_clean=true
FOLD20_T10_RANK4 j=1 last=false low=true old_ops=54427 ops=45943
FOLD20_PASSIVE_LOWER old=1082 new=6864 macros=22 gathers=0
FOLD20_PASSIVE_LOWER old=544 new=872 macros=6 gathers=0
FOLD20_PASSIVE_LOWER old=260 new=664 macros=6 gathers=0
FOLD20_PASSIVE_LOWER old=326 new=3110 macros=9 gathers=0
RANK4_LOWER class=3 original_ops=74471 new_ops=62559 symbolic_rank_gates=800 paired_macros=856 conditional_clean=true
FOLD20_T10_RANK4 j=0 last=false low=true old_ops=74471 ops=62559
RANK4_LOWER class=3 original_ops=73801 new_ops=62051 symbolic_rank_gates=800 paired_macros=848 conditional_clean=true
FOLD20_T10_RANK4 j=2 last=false low=true old_ops=73801 ops=62051
FOLD20_PASSIVE_LOWER old=544 new=872 macros=6 gathers=0
FOLD20_PASSIVE_LOWER old=544 new=872 macros=6 gathers=0
FOLD20_PASSIVE_LOWER old=260 new=664 macros=6 gathers=0
FOLD20_PASSIVE_LOWER old=260 new=664 macros=6 gathers=0
FOLD20_PASSIVE_LOWER old=0 new=0 macros=0 gathers=0
FOLD20_PASSIVE_LOWER old=0 new=0 macros=0 gathers=0
RANK4_LOWER class=4 original_ops=11337 new_ops=9149 symbolic_rank_gates=48 paired_macros=74 conditional_clean=true
FOLD20_T10_RANK4 j=3 last=true low=true old_ops=11337 ops=9149
Q792_JOINT_CODEC held_predicates=7 all_existing_dirty=true restored=true
Q792_JOINT_CODEC held_predicates=7 all_existing_dirty=true restored=true
RANK4_LOWER class=4 original_ops=13153 new_ops=10729 symbolic_rank_gates=72 paired_macros=142 conditional_clean=true
FOLD20_T10_RANK4 j=0 last=true low=true old_ops=13153 ops=10729
RANK4_LOWER class=4 original_ops=16175 new_ops=13651 symbolic_rank_gates=72 paired_macros=180 conditional_clean=true
FOLD20_T10_RANK4 j=1 last=true low=true old_ops=16175 ops=13651
RANK4_LOWER class=4 original_ops=17723 new_ops=14879 symbolic_rank_gates=72 paired_macros=186 conditional_clean=true
FOLD20_T10_RANK4 j=2 last=true low=true old_ops=17723 ops=14879
Q792_JOINT_CODEC held_predicates=7 all_existing_dirty=true restored=true
Q792_JOINT_CODEC held_predicates=11 all_existing_dirty=true restored=true
Q792_JOINT_CODEC held_predicates=7 all_existing_dirty=true restored=true
Q792_JOINT_CODEC held_predicates=10 all_existing_dirty=true restored=true
Q792_JOINT_CODEC held_predicates=11 all_existing_dirty=true restored=true
Q792_JOINT_CODEC held_predicates=10 all_existing_dirty=true restored=true
RANK4_LOWER class=3 original_ops=54195 new_ops=45627 symbolic_rank_gates=608 paired_macros=650 conditional_clean=true
FOLD20_T10_RANK4 j=3 last=false low=true old_ops=54195 ops=45627
RANK4_LOWER class=3 original_ops=54063 new_ops=45631 symbolic_rank_gates=608 paired_macros=650 conditional_clean=true
FOLD20_T10_RANK4 j=1 last=false low=true old_ops=54063 ops=45631
FOLD20_PASSIVE_LOWER old=688 new=1138 macros=8 gathers=0
FOLD20_PASSIVE_LOWER old=260 new=664 macros=6 gathers=0
FOLD20_PASSIVE_LOWER old=544 new=872 macros=6 gathers=0
FOLD20_PASSIVE_LOWER old=260 new=664 macros=6 gathers=0
FOLD20_PASSIVE_LOWER old=326 new=3110 macros=9 gathers=0
FOLD20_PASSIVE_LOWER old=1082 new=6864 macros=22 gathers=0
RANK4_LOWER class=3 original_ops=74107 new_ops=62247 symbolic_rank_gates=800 paired_macros=856 conditional_clean=true
FOLD20_T10_RANK4 j=0 last=false low=true old_ops=74107 ops=62247
RANK4_LOWER class=3 original_ops=73437 new_ops=61739 symbolic_rank_gates=800 paired_macros=848 conditional_clean=true
FOLD20_T10_RANK4 j=2 last=false low=true old_ops=73437 ops=61739
FOLD20_PASSIVE_LOWER old=544 new=872 macros=6 gathers=0
FOLD20_PASSIVE_LOWER old=544 new=872 macros=6 gathers=0
FOLD20_PASSIVE_LOWER old=260 new=664 macros=6 gathers=0
FOLD20_PASSIVE_LOWER old=260 new=664 macros=6 gathers=0
FOLD20_PASSIVE_LOWER old=0 new=0 macros=0 gathers=0
FOLD20_PASSIVE_LOWER old=0 new=0 macros=0 gathers=0
RANK4_LOWER class=4 original_ops=11211 new_ops=9051 symbolic_rank_gates=48 paired_macros=74 conditional_clean=true
FOLD20_T10_RANK4 j=3 last=true low=true old_ops=11211 ops=9051
Q792_JOINT_CODEC held_predicates=7 all_existing_dirty=true restored=true
Q792_JOINT_CODEC held_predicates=7 all_existing_dirty=true restored=true
RANK4_LOWER class=4 original_ops=16049 new_ops=13553 symbolic_rank_gates=72 paired_macros=180 conditional_clean=true
FOLD20_T10_RANK4 j=1 last=true low=true old_ops=16049 ops=13553
RANK4_LOWER class=4 original_ops=13027 new_ops=10631 symbolic_rank_gates=72 paired_macros=142 conditional_clean=true
FOLD20_T10_RANK4 j=0 last=true low=true old_ops=13027 ops=10631
RANK4_LOWER class=4 original_ops=17597 new_ops=14781 symbolic_rank_gates=72 paired_macros=186 conditional_clean=true
FOLD20_T10_RANK4 j=2 last=true low=true old_ops=17597 ops=14781
Q792_JOINT_CODEC held_predicates=7 all_existing_dirty=true restored=true
Q792_JOINT_CODEC held_predicates=7 all_existing_dirty=true restored=true
Q792_JOINT_CODEC held_predicates=10 all_existing_dirty=true restored=true
Q792_JOINT_CODEC held_predicates=11 all_existing_dirty=true restored=true
Q792_JOINT_CODEC held_predicates=10 all_existing_dirty=true restored=true
Q792_JOINT_CODEC held_predicates=11 all_existing_dirty=true restored=true
RANK4_LOWER class=3 original_ops=53805 new_ops=45273 symbolic_rank_gates=608 paired_macros=650 conditional_clean=true
FOLD20_T10_RANK4 j=3 last=false low=true old_ops=53805 ops=45273
FOLD20_PASSIVE_LOWER old=688 new=1138 macros=8 gathers=0
RANK4_LOWER class=3 original_ops=53673 new_ops=45277 symbolic_rank_gates=608 paired_macros=650 conditional_clean=true
FOLD20_T10_RANK4 j=1 last=false low=true old_ops=53673 ops=45277
FOLD20_PASSIVE_LOWER old=260 new=664 macros=6 gathers=0
FOLD20_PASSIVE_LOWER old=544 new=872 macros=6 gathers=0
FOLD20_PASSIVE_LOWER old=1082 new=6864 macros=22 gathers=0
FOLD20_PASSIVE_LOWER old=260 new=664 macros=6 gathers=0
FOLD20_PASSIVE_LOWER old=326 new=3110 macros=9 gathers=0
RANK4_LOWER class=3 original_ops=73047 new_ops=61385 symbolic_rank_gates=800 paired_macros=848 conditional_clean=true
FOLD20_T10_RANK4 j=2 last=false low=true old_ops=73047 ops=61385
RANK4_LOWER class=3 original_ops=73717 new_ops=61889 symbolic_rank_gates=800 paired_macros=856 conditional_clean=true
FOLD20_T10_RANK4 j=0 last=false low=true old_ops=73717 ops=61889
FOLD20_PASSIVE_LOWER old=544 new=872 macros=6 gathers=0
FOLD20_PASSIVE_LOWER old=260 new=664 macros=6 gathers=0
FOLD20_PASSIVE_LOWER old=544 new=872 macros=6 gathers=0
FOLD20_PASSIVE_LOWER old=0 new=0 macros=0 gathers=0
FOLD20_PASSIVE_LOWER old=260 new=664 macros=6 gathers=0
FOLD20_PASSIVE_LOWER old=0 new=0 macros=0 gathers=0
RANK4_LOWER class=4 original_ops=11073 new_ops=8937 symbolic_rank_gates=48 paired_macros=74 conditional_clean=true
FOLD20_T10_RANK4 j=3 last=true low=true old_ops=11073 ops=8937
Q792_JOINT_CODEC held_predicates=7 all_existing_dirty=true restored=true
Q792_JOINT_CODEC held_predicates=7 all_existing_dirty=true restored=true
RANK4_LOWER class=4 original_ops=12889 new_ops=10517 symbolic_rank_gates=72 paired_macros=142 conditional_clean=true
FOLD20_T10_RANK4 j=0 last=true low=true old_ops=12889 ops=10517
RANK4_LOWER class=4 original_ops=15911 new_ops=13439 symbolic_rank_gates=72 paired_macros=180 conditional_clean=true
FOLD20_T10_RANK4 j=1 last=true low=true old_ops=15911 ops=13439
RANK4_LOWER class=4 original_ops=17459 new_ops=14667 symbolic_rank_gates=72 paired_macros=186 conditional_clean=true
FOLD20_T10_RANK4 j=2 last=true low=true old_ops=17459 ops=14667
Q792_JOINT_CODEC held_predicates=11 all_existing_dirty=true restored=true
Q792_JOINT_CODEC held_predicates=7 all_existing_dirty=true restored=true
Q792_JOINT_CODEC held_predicates=7 all_existing_dirty=true restored=true
Q792_JOINT_CODEC held_predicates=10 all_existing_dirty=true restored=true
Q792_JOINT_CODEC held_predicates=11 all_existing_dirty=true restored=true
Q792_JOINT_CODEC held_predicates=10 all_existing_dirty=true restored=true
RANK4_LOWER class=3 original_ops=53469 new_ops=44993 symbolic_rank_gates=608 paired_macros=650 conditional_clean=true
FOLD20_T10_RANK4 j=3 last=false low=true old_ops=53469 ops=44993
FOLD20_PASSIVE_LOWER old=688 new=1138 macros=8 gathers=0
FOLD20_PASSIVE_LOWER old=260 new=664 macros=6 gathers=0
RANK4_LOWER class=3 original_ops=53337 new_ops=44997 symbolic_rank_gates=608 paired_macros=650 conditional_clean=true
FOLD20_T10_RANK4 j=1 last=false low=true old_ops=53337 ops=44997
FOLD20_PASSIVE_LOWER old=1082 new=6864 macros=22 gathers=0
FOLD20_PASSIVE_LOWER old=544 new=872 macros=6 gathers=0
FOLD20_PASSIVE_LOWER old=260 new=664 macros=6 gathers=0
FOLD20_PASSIVE_LOWER old=326 new=3110 macros=9 gathers=0
RANK4_LOWER class=3 original_ops=72711 new_ops=61105 symbolic_rank_gates=800 paired_macros=848 conditional_clean=true
FOLD20_T10_RANK4 j=2 last=false low=true old_ops=72711 ops=61105
FOLD20_PASSIVE_LOWER old=544 new=872 macros=6 gathers=0
RANK4_LOWER class=3 original_ops=73381 new_ops=61609 symbolic_rank_gates=800 paired_macros=856 conditional_clean=true
FOLD20_T10_RANK4 j=0 last=false low=true old_ops=73381 ops=61609
FOLD20_PASSIVE_LOWER old=260 new=664 macros=6 gathers=0
FOLD20_PASSIVE_LOWER old=0 new=0 macros=0 gathers=0
FOLD20_PASSIVE_LOWER old=544 new=872 macros=6 gathers=0
FOLD20_PASSIVE_LOWER old=260 new=664 macros=6 gathers=0
FOLD20_PASSIVE_LOWER old=0 new=0 macros=0 gathers=0
RANK4_LOWER class=4 original_ops=10955 new_ops=8847 symbolic_rank_gates=48 paired_macros=74 conditional_clean=true
FOLD20_T10_RANK4 j=3 last=true low=true old_ops=10955 ops=8847
Q792_JOINT_CODEC held_predicates=7 all_existing_dirty=true restored=true
Q792_JOINT_CODEC held_predicates=7 all_existing_dirty=true restored=true
RANK4_LOWER class=4 original_ops=12771 new_ops=10427 symbolic_rank_gates=72 paired_macros=142 conditional_clean=true
FOLD20_T10_RANK4 j=0 last=true low=true old_ops=12771 ops=10427
RANK4_LOWER class=4 original_ops=15793 new_ops=13349 symbolic_rank_gates=72 paired_macros=180 conditional_clean=true
FOLD20_T10_RANK4 j=1 last=true low=true old_ops=15793 ops=13349
RANK4_LOWER class=4 original_ops=17341 new_ops=14577 symbolic_rank_gates=72 paired_macros=186 conditional_clean=true
FOLD20_T10_RANK4 j=2 last=true low=true old_ops=17341 ops=14577
Q792_JOINT_CODEC held_predicates=11 all_existing_dirty=true restored=true
Q792_JOINT_CODEC held_predicates=7 all_existing_dirty=true restored=true
Q792_JOINT_CODEC held_predicates=7 all_existing_dirty=true restored=true
Q792_JOINT_CODEC held_predicates=11 all_existing_dirty=true restored=true
Q792_JOINT_CODEC held_predicates=10 all_existing_dirty=true restored=true
Q792_JOINT_CODEC held_predicates=10 all_existing_dirty=true restored=true
RANK4_LOWER class=3 original_ops=53167 new_ops=44735 symbolic_rank_gates=608 paired_macros=650 conditional_clean=true
FOLD20_T10_RANK4 j=3 last=false low=true old_ops=53167 ops=44735
FOLD20_PASSIVE_LOWER old=688 new=1138 macros=8 gathers=0
FOLD20_PASSIVE_LOWER old=260 new=664 macros=6 gathers=0
RANK4_LOWER class=3 original_ops=53035 new_ops=44739 symbolic_rank_gates=608 paired_macros=650 conditional_clean=true
FOLD20_T10_RANK4 j=1 last=false low=true old_ops=53035 ops=44739
FOLD20_PASSIVE_LOWER old=1082 new=6864 macros=22 gathers=0
FOLD20_PASSIVE_LOWER old=544 new=872 macros=6 gathers=0
FOLD20_PASSIVE_LOWER old=260 new=664 macros=6 gathers=0
RANK4_LOWER class=3 original_ops=73079 new_ops=61355 symbolic_rank_gates=800 paired_macros=856 conditional_clean=true
FOLD20_T10_RANK4 j=0 last=false low=true old_ops=73079 ops=61355
FOLD20_PASSIVE_LOWER old=326 new=3110 macros=9 gathers=0
RANK4_LOWER class=3 original_ops=72409 new_ops=60847 symbolic_rank_gates=800 paired_macros=848 conditional_clean=true
FOLD20_T10_RANK4 j=2 last=false low=true old_ops=72409 ops=60847
FOLD20_PASSIVE_LOWER old=544 new=872 macros=6 gathers=0
FOLD20_PASSIVE_LOWER old=260 new=664 macros=6 gathers=0
FOLD20_PASSIVE_LOWER old=544 new=872 macros=6 gathers=0
FOLD20_PASSIVE_LOWER old=0 new=0 macros=0 gathers=0
FOLD20_PASSIVE_LOWER old=260 new=664 macros=6 gathers=0
FOLD20_PASSIVE_LOWER old=0 new=0 macros=0 gathers=0
RANK4_LOWER class=4 original_ops=10817 new_ops=8733 symbolic_rank_gates=48 paired_macros=74 conditional_clean=true
FOLD20_T10_RANK4 j=3 last=true low=true old_ops=10817 ops=8733
Q792_JOINT_CODEC held_predicates=7 all_existing_dirty=true restored=true
Q792_JOINT_CODEC held_predicates=7 all_existing_dirty=true restored=true
RANK4_LOWER class=4 original_ops=12633 new_ops=10313 symbolic_rank_gates=72 paired_macros=142 conditional_clean=true
FOLD20_T10_RANK4 j=0 last=true low=true old_ops=12633 ops=10313
RANK4_LOWER class=4 original_ops=15655 new_ops=13235 symbolic_rank_gates=72 paired_macros=180 conditional_clean=true
FOLD20_T10_RANK4 j=1 last=true low=true old_ops=15655 ops=13235
Q792_JOINT_CODEC held_predicates=11 all_existing_dirty=true restored=true
RANK4_LOWER class=4 original_ops=17203 new_ops=14463 symbolic_rank_gates=72 paired_macros=186 conditional_clean=true
FOLD20_T10_RANK4 j=2 last=true low=true old_ops=17203 ops=14463
Q792_JOINT_CODEC held_predicates=7 all_existing_dirty=true restored=true
Q792_JOINT_CODEC held_predicates=11 all_existing_dirty=true restored=true
Q792_JOINT_CODEC held_predicates=7 all_existing_dirty=true restored=true
Q792_JOINT_CODEC held_predicates=10 all_existing_dirty=true restored=true
Q792_JOINT_CODEC held_predicates=10 all_existing_dirty=true restored=true
RANK4_LOWER class=3 original_ops=52851 new_ops=44461 symbolic_rank_gates=608 paired_macros=650 conditional_clean=true
FOLD20_T10_RANK4 j=3 last=false low=true old_ops=52851 ops=44461
FOLD20_PASSIVE_LOWER old=688 new=1138 macros=8 gathers=0
FOLD20_PASSIVE_LOWER old=260 new=664 macros=6 gathers=0
FOLD20_PASSIVE_LOWER old=1082 new=6864 macros=22 gathers=0
RANK4_LOWER class=3 original_ops=52719 new_ops=44465 symbolic_rank_gates=608 paired_macros=650 conditional_clean=true
FOLD20_T10_RANK4 j=1 last=false low=true old_ops=52719 ops=44465
FOLD20_PASSIVE_LOWER old=544 new=872 macros=6 gathers=0
FOLD20_PASSIVE_LOWER old=260 new=664 macros=6 gathers=0
RANK4_LOWER class=3 original_ops=72763 new_ops=61081 symbolic_rank_gates=800 paired_macros=856 conditional_clean=true
FOLD20_T10_RANK4 j=0 last=false low=true old_ops=72763 ops=61081
FOLD20_PASSIVE_LOWER old=326 new=3110 macros=9 gathers=0
RANK4_LOWER class=3 original_ops=72093 new_ops=60573 symbolic_rank_gates=800 paired_macros=848 conditional_clean=true
FOLD20_T10_RANK4 j=2 last=false low=true old_ops=72093 ops=60573
FOLD20_PASSIVE_LOWER old=544 new=872 macros=6 gathers=0
FOLD20_PASSIVE_LOWER old=260 new=664 macros=6 gathers=0
FOLD20_PASSIVE_LOWER old=544 new=872 macros=6 gathers=0
FOLD20_PASSIVE_LOWER old=0 new=0 macros=0 gathers=0
FOLD20_PASSIVE_LOWER old=260 new=664 macros=6 gathers=0
FOLD20_PASSIVE_LOWER old=0 new=0 macros=0 gathers=0
RANK4_LOWER class=4 original_ops=10351 new_ops=8529 symbolic_rank_gates=36 paired_macros=46 conditional_clean=true
FOLD20_T10_RANK4 j=3 last=true low=true old_ops=10351 ops=8529
Q792_JOINT_CODEC held_predicates=7 all_existing_dirty=true restored=true
Q792_JOINT_CODEC held_predicates=7 all_existing_dirty=true restored=true
RANK4_LOWER class=4 original_ops=12167 new_ops=10113 symbolic_rank_gates=60 paired_macros=114 conditional_clean=true
FOLD20_T10_RANK4 j=0 last=true low=true old_ops=12167 ops=10113
RANK4_LOWER class=4 original_ops=15189 new_ops=13035 symbolic_rank_gates=60 paired_macros=152 conditional_clean=true
FOLD20_T10_RANK4 j=1 last=true low=true old_ops=15189 ops=13035
RANK4_LOWER class=4 original_ops=16737 new_ops=14263 symbolic_rank_gates=60 paired_macros=158 conditional_clean=true
FOLD20_T10_RANK4 j=2 last=true low=true old_ops=16737 ops=14263
Q792_JOINT_CODEC held_predicates=11 all_existing_dirty=true restored=true
Q792_JOINT_CODEC held_predicates=7 all_existing_dirty=true restored=true
Q792_JOINT_CODEC held_predicates=7 all_existing_dirty=true restored=true
Q792_JOINT_CODEC held_predicates=11 all_existing_dirty=true restored=true
Q792_JOINT_CODEC held_predicates=10 all_existing_dirty=true restored=true
Q792_JOINT_CODEC held_predicates=10 all_existing_dirty=true restored=true
RANK4_LOWER class=3 original_ops=52109 new_ops=43999 symbolic_rank_gates=576 paired_macros=602 conditional_clean=true
FOLD20_T10_RANK4 j=3 last=false low=true old_ops=52109 ops=43999
RANK4_LOWER class=3 original_ops=51977 new_ops=44003 symbolic_rank_gates=576 paired_macros=602 conditional_clean=true
FOLD20_T10_RANK4 j=1 last=false low=true old_ops=51977 ops=44003
FOLD20_PASSIVE_LOWER old=688 new=1138 macros=8 gathers=0
FOLD20_PASSIVE_LOWER old=260 new=664 macros=6 gathers=0
FOLD20_PASSIVE_LOWER old=544 new=872 macros=6 gathers=0
FOLD20_PASSIVE_LOWER old=260 new=664 macros=6 gathers=0
RANK4_LOWER class=3 original_ops=72021 new_ops=60619 symbolic_rank_gates=768 paired_macros=808 conditional_clean=true
FOLD20_T10_RANK4 j=0 last=false low=true old_ops=72021 ops=60619
FOLD20_PASSIVE_LOWER old=1082 new=6864 macros=22 gathers=0
FOLD20_PASSIVE_LOWER old=326 new=3110 macros=9 gathers=0
RANK4_LOWER class=3 original_ops=71351 new_ops=60111 symbolic_rank_gates=768 paired_macros=800 conditional_clean=true
FOLD20_T10_RANK4 j=2 last=false low=true old_ops=71351 ops=60111
FOLD20_PASSIVE_LOWER old=544 new=872 macros=6 gathers=0
FOLD20_PASSIVE_LOWER old=260 new=664 macros=6 gathers=0
FOLD20_PASSIVE_LOWER old=544 new=872 macros=6 gathers=0
FOLD20_PASSIVE_LOWER old=0 new=0 macros=0 gathers=0
FOLD20_PASSIVE_LOWER old=260 new=664 macros=6 gathers=0
FOLD20_PASSIVE_LOWER old=0 new=0 macros=0 gathers=0
RANK4_LOWER class=4 original_ops=10213 new_ops=8415 symbolic_rank_gates=36 paired_macros=46 conditional_clean=true
FOLD20_T10_RANK4 j=3 last=true low=true old_ops=10213 ops=8415
Q792_JOINT_CODEC held_predicates=7 all_existing_dirty=true restored=true
Q792_JOINT_CODEC held_predicates=7 all_existing_dirty=true restored=true
RANK4_LOWER class=4 original_ops=12029 new_ops=9999 symbolic_rank_gates=60 paired_macros=114 conditional_clean=true
FOLD20_T10_RANK4 j=0 last=true low=true old_ops=12029 ops=9999
RANK4_LOWER class=4 original_ops=16599 new_ops=14149 symbolic_rank_gates=60 paired_macros=158 conditional_clean=true
FOLD20_T10_RANK4 j=2 last=true low=true old_ops=16599 ops=14149
RANK4_LOWER class=4 original_ops=15051 new_ops=12921 symbolic_rank_gates=60 paired_macros=152 conditional_clean=true
FOLD20_T10_RANK4 j=1 last=true low=true old_ops=15051 ops=12921
Q792_JOINT_CODEC held_predicates=11 all_existing_dirty=true restored=true
Q792_JOINT_CODEC held_predicates=11 all_existing_dirty=true restored=true
Q792_JOINT_CODEC held_predicates=7 all_existing_dirty=true restored=true
Q792_JOINT_CODEC held_predicates=10 all_existing_dirty=true restored=true
Q792_JOINT_CODEC held_predicates=7 all_existing_dirty=true restored=true
Q792_JOINT_CODEC held_predicates=10 all_existing_dirty=true restored=true
RANK4_LOWER class=3 original_ops=51669 new_ops=43655 symbolic_rank_gates=576 paired_macros=602 conditional_clean=true
FOLD20_T10_RANK4 j=3 last=false low=true old_ops=51669 ops=43655
FOLD20_PASSIVE_LOWER old=688 new=1138 macros=8 gathers=0
FOLD20_PASSIVE_LOWER old=260 new=664 macros=6 gathers=0
RANK4_LOWER class=3 original_ops=51537 new_ops=43659 symbolic_rank_gates=576 paired_macros=602 conditional_clean=true
FOLD20_T10_RANK4 j=1 last=false low=true old_ops=51537 ops=43659
FOLD20_PASSIVE_LOWER old=1082 new=6864 macros=22 gathers=0
RANK4_LOWER class=3 original_ops=71581 new_ops=60275 symbolic_rank_gates=768 paired_macros=808 conditional_clean=true
FOLD20_T10_RANK4 j=0 last=false low=true old_ops=71581 ops=60275
FOLD20_PASSIVE_LOWER old=544 new=872 macros=6 gathers=0
FOLD20_PASSIVE_LOWER old=260 new=664 macros=6 gathers=0
FOLD20_PASSIVE_LOWER old=544 new=872 macros=6 gathers=0
RANK4_LOWER class=3 original_ops=70911 new_ops=59767 symbolic_rank_gates=768 paired_macros=800 conditional_clean=true
FOLD20_T10_RANK4 j=2 last=false low=true old_ops=70911 ops=59767
FOLD20_PASSIVE_LOWER old=260 new=664 macros=6 gathers=0
FOLD20_PASSIVE_LOWER old=326 new=3110 macros=9 gathers=0
FOLD20_PASSIVE_LOWER old=0 new=0 macros=0 gathers=0
FOLD20_PASSIVE_LOWER old=544 new=872 macros=6 gathers=0
FOLD20_PASSIVE_LOWER old=260 new=664 macros=6 gathers=0
FOLD20_PASSIVE_LOWER old=0 new=0 macros=0 gathers=0
RANK4_LOWER class=4 original_ops=10113 new_ops=8331 symbolic_rank_gates=36 paired_macros=46 conditional_clean=true
FOLD20_T10_RANK4 j=3 last=true low=true old_ops=10113 ops=8331
Q792_JOINT_CODEC held_predicates=7 all_existing_dirty=true restored=true
Q792_JOINT_CODEC held_predicates=7 all_existing_dirty=true restored=true
RANK4_LOWER class=4 original_ops=14951 new_ops=12837 symbolic_rank_gates=60 paired_macros=152 conditional_clean=true
FOLD20_T10_RANK4 j=1 last=true low=true old_ops=14951 ops=12837
RANK4_LOWER class=4 original_ops=11929 new_ops=9915 symbolic_rank_gates=60 paired_macros=114 conditional_clean=true
FOLD20_T10_RANK4 j=0 last=true low=true old_ops=11929 ops=9915
Q792_JOINT_CODEC held_predicates=7 all_existing_dirty=true restored=true
RANK4_LOWER class=4 original_ops=16499 new_ops=14065 symbolic_rank_gates=60 paired_macros=158 conditional_clean=true
FOLD20_T10_RANK4 j=2 last=true low=true old_ops=16499 ops=14065
Q792_JOINT_CODEC held_predicates=11 all_existing_dirty=true restored=true
Q792_JOINT_CODEC held_predicates=7 all_existing_dirty=true restored=true
Q792_JOINT_CODEC held_predicates=11 all_existing_dirty=true restored=true
Q792_JOINT_CODEC held_predicates=10 all_existing_dirty=true restored=true
Q792_JOINT_CODEC held_predicates=10 all_existing_dirty=true restored=true
RANK4_LOWER class=3 original_ops=51347 new_ops=43405 symbolic_rank_gates=576 paired_macros=602 conditional_clean=true
FOLD20_T10_RANK4 j=3 last=false low=true old_ops=51347 ops=43405
RANK4_LOWER class=3 original_ops=51215 new_ops=43409 symbolic_rank_gates=576 paired_macros=602 conditional_clean=true
FOLD20_T10_RANK4 j=1 last=false low=true old_ops=51215 ops=43409
FOLD20_PASSIVE_LOWER old=688 new=1138 macros=8 gathers=0
FOLD20_PASSIVE_LOWER old=260 new=664 macros=6 gathers=0
FOLD20_PASSIVE_LOWER old=544 new=872 macros=6 gathers=0
FOLD20_PASSIVE_LOWER old=260 new=664 macros=6 gathers=0
FOLD20_PASSIVE_LOWER old=326 new=3110 macros=9 gathers=0
FOLD20_PASSIVE_LOWER old=1082 new=6864 macros=22 gathers=0
RANK4_LOWER class=3 original_ops=71259 new_ops=60027 symbolic_rank_gates=768 paired_macros=808 conditional_clean=true
FOLD20_T10_RANK4 j=0 last=false low=true old_ops=71259 ops=60027
RANK4_LOWER class=3 original_ops=70589 new_ops=59517 symbolic_rank_gates=768 paired_macros=800 conditional_clean=true
FOLD20_T10_RANK4 j=2 last=false low=true old_ops=70589 ops=59517
FOLD20_PASSIVE_LOWER old=544 new=872 macros=6 gathers=0
FOLD20_PASSIVE_LOWER old=260 new=664 macros=6 gathers=0
FOLD20_PASSIVE_LOWER old=544 new=872 macros=6 gathers=0
FOLD20_PASSIVE_LOWER old=0 new=0 macros=0 gathers=0
FOLD20_PASSIVE_LOWER old=260 new=664 macros=6 gathers=0
FOLD20_PASSIVE_LOWER old=0 new=0 macros=0 gathers=0
RANK4_LOWER class=4 original_ops=9951 new_ops=8209 symbolic_rank_gates=36 paired_macros=46 conditional_clean=true
FOLD20_T10_RANK4 j=3 last=true low=true old_ops=9951 ops=8209
Q792_JOINT_CODEC held_predicates=7 all_existing_dirty=true restored=true
Q792_JOINT_CODEC held_predicates=7 all_existing_dirty=true restored=true
RANK4_LOWER class=4 original_ops=11767 new_ops=9793 symbolic_rank_gates=60 paired_macros=114 conditional_clean=true
FOLD20_T10_RANK4 j=0 last=true low=true old_ops=11767 ops=9793
RANK4_LOWER class=4 original_ops=14789 new_ops=12715 symbolic_rank_gates=60 paired_macros=152 conditional_clean=true
FOLD20_T10_RANK4 j=1 last=true low=true old_ops=14789 ops=12715
RANK4_LOWER class=4 original_ops=16337 new_ops=13943 symbolic_rank_gates=60 paired_macros=158 conditional_clean=true
FOLD20_T10_RANK4 j=2 last=true low=true old_ops=16337 ops=13943
Q792_JOINT_CODEC held_predicates=11 all_existing_dirty=true restored=true
Q792_JOINT_CODEC held_predicates=7 all_existing_dirty=true restored=true
Q792_JOINT_CODEC held_predicates=7 all_existing_dirty=true restored=true
Q792_JOINT_CODEC held_predicates=11 all_existing_dirty=true restored=true
Q792_JOINT_CODEC held_predicates=10 all_existing_dirty=true restored=true
Q792_JOINT_CODEC held_predicates=10 all_existing_dirty=true restored=true
RANK4_LOWER class=3 original_ops=50923 new_ops=43059 symbolic_rank_gates=576 paired_macros=602 conditional_clean=true
FOLD20_T10_RANK4 j=3 last=false low=true old_ops=50923 ops=43059
RANK4_LOWER class=3 original_ops=50791 new_ops=43063 symbolic_rank_gates=576 paired_macros=602 conditional_clean=true
FOLD20_T10_RANK4 j=1 last=false low=true old_ops=50791 ops=43063
FOLD20_PASSIVE_LOWER old=688 new=1138 macros=8 gathers=0
FOLD20_PASSIVE_LOWER old=544 new=872 macros=6 gathers=0
FOLD20_PASSIVE_LOWER old=260 new=664 macros=6 gathers=0
FOLD20_PASSIVE_LOWER old=260 new=664 macros=6 gathers=0
FOLD20_PASSIVE_LOWER old=326 new=3110 macros=9 gathers=0
FOLD20_PASSIVE_LOWER old=1082 new=6864 macros=22 gathers=0
RANK4_LOWER class=3 original_ops=70835 new_ops=59681 symbolic_rank_gates=768 paired_macros=808 conditional_clean=true
FOLD20_T10_RANK4 j=0 last=false low=true old_ops=70835 ops=59681
FOLD20_PASSIVE_LOWER old=544 new=872 macros=6 gathers=0
RANK4_LOWER class=3 original_ops=70165 new_ops=59171 symbolic_rank_gates=768 paired_macros=800 conditional_clean=true
FOLD20_T10_RANK4 j=2 last=false low=true old_ops=70165 ops=59171
FOLD20_PASSIVE_LOWER old=260 new=664 macros=6 gathers=0
FOLD20_PASSIVE_LOWER old=0 new=0 macros=0 gathers=0
FOLD20_PASSIVE_LOWER old=544 new=872 macros=6 gathers=0
FOLD20_PASSIVE_LOWER old=260 new=664 macros=6 gathers=0
FOLD20_PASSIVE_LOWER old=0 new=0 macros=0 gathers=0
RANK4_LOWER class=4 original_ops=9845 new_ops=8123 symbolic_rank_gates=36 paired_macros=46 conditional_clean=true
FOLD20_T10_RANK4 j=3 last=true low=true old_ops=9845 ops=8123
Q792_JOINT_CODEC held_predicates=7 all_existing_dirty=true restored=true
Q792_JOINT_CODEC held_predicates=7 all_existing_dirty=true restored=true
RANK4_LOWER class=4 original_ops=11661 new_ops=9707 symbolic_rank_gates=60 paired_macros=114 conditional_clean=true
FOLD20_T10_RANK4 j=0 last=true low=true old_ops=11661 ops=9707
RANK4_LOWER class=4 original_ops=14683 new_ops=12629 symbolic_rank_gates=60 paired_macros=152 conditional_clean=true
FOLD20_T10_RANK4 j=1 last=true low=true old_ops=14683 ops=12629
RANK4_LOWER class=4 original_ops=16231 new_ops=13857 symbolic_rank_gates=60 paired_macros=158 conditional_clean=true
FOLD20_T10_RANK4 j=2 last=true low=true old_ops=16231 ops=13857
Q792_JOINT_CODEC held_predicates=7 all_existing_dirty=true restored=true
Q792_JOINT_CODEC held_predicates=11 all_existing_dirty=true restored=true
Q792_JOINT_CODEC held_predicates=7 all_existing_dirty=true restored=true
Q792_JOINT_CODEC held_predicates=10 all_existing_dirty=true restored=true
Q792_JOINT_CODEC held_predicates=11 all_existing_dirty=true restored=true
Q792_JOINT_CODEC held_predicates=10 all_existing_dirty=true restored=true
RANK4_LOWER class=3 original_ops=50613 new_ops=42793 symbolic_rank_gates=576 paired_macros=602 conditional_clean=true
FOLD20_T10_RANK4 j=3 last=false low=true old_ops=50613 ops=42793
FOLD20_PASSIVE_LOWER old=688 new=1138 macros=8 gathers=0
RANK4_LOWER class=3 original_ops=50481 new_ops=42797 symbolic_rank_gates=576 paired_macros=602 conditional_clean=true
FOLD20_T10_RANK4 j=1 last=false low=true old_ops=50481 ops=42797
FOLD20_PASSIVE_LOWER old=260 new=664 macros=6 gathers=0
FOLD20_PASSIVE_LOWER old=544 new=872 macros=6 gathers=0
FOLD20_PASSIVE_LOWER old=260 new=664 macros=6 gathers=0
FOLD20_PASSIVE_LOWER old=1082 new=6864 macros=22 gathers=0
FOLD20_PASSIVE_LOWER old=326 new=3110 macros=9 gathers=0
RANK4_LOWER class=3 original_ops=70525 new_ops=59413 symbolic_rank_gates=768 paired_macros=808 conditional_clean=true
FOLD20_T10_RANK4 j=0 last=false low=true old_ops=70525 ops=59413
RANK4_LOWER class=3 original_ops=69855 new_ops=58905 symbolic_rank_gates=768 paired_macros=800 conditional_clean=true
FOLD20_T10_RANK4 j=2 last=false low=true old_ops=69855 ops=58905
FOLD20_PASSIVE_LOWER old=544 new=872 macros=6 gathers=0
FOLD20_PASSIVE_LOWER old=544 new=872 macros=6 gathers=0
FOLD20_PASSIVE_LOWER old=260 new=664 macros=6 gathers=0
FOLD20_PASSIVE_LOWER old=260 new=664 macros=6 gathers=0
FOLD20_PASSIVE_LOWER old=0 new=0 macros=0 gathers=0
FOLD20_PASSIVE_LOWER old=0 new=0 macros=0 gathers=0
RANK4_LOWER class=4 original_ops=9719 new_ops=8029 symbolic_rank_gates=36 paired_macros=46 conditional_clean=true
FOLD20_T10_RANK4 j=3 last=true low=true old_ops=9719 ops=8029
Q792_JOINT_CODEC held_predicates=7 all_existing_dirty=true restored=true
Q792_JOINT_CODEC held_predicates=7 all_existing_dirty=true restored=true
RANK4_LOWER class=4 original_ops=11535 new_ops=9613 symbolic_rank_gates=60 paired_macros=114 conditional_clean=true
FOLD20_T10_RANK4 j=0 last=true low=true old_ops=11535 ops=9613
RANK4_LOWER class=4 original_ops=14557 new_ops=12535 symbolic_rank_gates=60 paired_macros=152 conditional_clean=true
FOLD20_T10_RANK4 j=1 last=true low=true old_ops=14557 ops=12535
Q792_JOINT_CODEC held_predicates=11 all_existing_dirty=true restored=true
Q792_JOINT_CODEC held_predicates=7 all_existing_dirty=true restored=true
RANK4_LOWER class=4 original_ops=16105 new_ops=13763 symbolic_rank_gates=60 paired_macros=158 conditional_clean=true
FOLD20_T10_RANK4 j=2 last=true low=true old_ops=16105 ops=13763
Q792_JOINT_CODEC held_predicates=7 all_existing_dirty=true restored=true
Q792_JOINT_CODEC held_predicates=11 all_existing_dirty=true restored=true
Q792_JOINT_CODEC held_predicates=10 all_existing_dirty=true restored=true
Q792_JOINT_CODEC held_predicates=10 all_existing_dirty=true restored=true
RANK4_LOWER class=3 original_ops=50303 new_ops=42543 symbolic_rank_gates=576 paired_macros=602 conditional_clean=true
FOLD20_T10_RANK4 j=3 last=false low=true old_ops=50303 ops=42543
FOLD20_PASSIVE_LOWER old=688 new=1138 macros=8 gathers=0
FOLD20_PASSIVE_LOWER old=260 new=664 macros=6 gathers=0
RANK4_LOWER class=3 original_ops=50171 new_ops=42547 symbolic_rank_gates=576 paired_macros=602 conditional_clean=true
FOLD20_T10_RANK4 j=1 last=false low=true old_ops=50171 ops=42547
FOLD20_PASSIVE_LOWER old=544 new=872 macros=6 gathers=0
FOLD20_PASSIVE_LOWER old=1082 new=6864 macros=22 gathers=0
FOLD20_PASSIVE_LOWER old=260 new=664 macros=6 gathers=0
FOLD20_PASSIVE_LOWER old=326 new=3110 macros=9 gathers=0
RANK4_LOWER class=3 original_ops=70215 new_ops=59165 symbolic_rank_gates=768 paired_macros=808 conditional_clean=true
FOLD20_T10_RANK4 j=0 last=false low=true old_ops=70215 ops=59165
FOLD20_PASSIVE_LOWER old=544 new=872 macros=6 gathers=0
RANK4_LOWER class=3 original_ops=69545 new_ops=58655 symbolic_rank_gates=768 paired_macros=800 conditional_clean=true
FOLD20_T10_RANK4 j=2 last=false low=true old_ops=69545 ops=58655
FOLD20_PASSIVE_LOWER old=260 new=664 macros=6 gathers=0
FOLD20_PASSIVE_LOWER old=0 new=0 macros=0 gathers=0
FOLD20_PASSIVE_LOWER old=544 new=872 macros=6 gathers=0
FOLD20_PASSIVE_LOWER old=260 new=664 macros=6 gathers=0
FOLD20_PASSIVE_LOWER old=0 new=0 macros=0 gathers=0
RANK4_LOWER class=4 original_ops=9581 new_ops=7915 symbolic_rank_gates=36 paired_macros=46 conditional_clean=true
FOLD20_T10_RANK4 j=3 last=true low=true old_ops=9581 ops=7915
Q792_JOINT_CODEC held_predicates=7 all_existing_dirty=true restored=true
Q792_JOINT_CODEC held_predicates=7 all_existing_dirty=true restored=true
RANK4_LOWER class=4 original_ops=11397 new_ops=9499 symbolic_rank_gates=60 paired_macros=114 conditional_clean=true
FOLD20_T10_RANK4 j=0 last=true low=true old_ops=11397 ops=9499
RANK4_LOWER class=4 original_ops=14419 new_ops=12421 symbolic_rank_gates=60 paired_macros=152 conditional_clean=true
FOLD20_T10_RANK4 j=1 last=true low=true old_ops=14419 ops=12421
RANK4_LOWER class=4 original_ops=15967 new_ops=13649 symbolic_rank_gates=60 paired_macros=158 conditional_clean=true
FOLD20_T10_RANK4 j=2 last=true low=true old_ops=15967 ops=13649
Q792_JOINT_CODEC held_predicates=7 all_existing_dirty=true restored=true
Q792_JOINT_CODEC held_predicates=11 all_existing_dirty=true restored=true
Q792_JOINT_CODEC held_predicates=7 all_existing_dirty=true restored=true
Q792_JOINT_CODEC held_predicates=11 all_existing_dirty=true restored=true
Q792_JOINT_CODEC held_predicates=10 all_existing_dirty=true restored=true
Q792_JOINT_CODEC held_predicates=10 all_existing_dirty=true restored=true
RANK4_LOWER class=3 original_ops=49883 new_ops=42199 symbolic_rank_gates=576 paired_macros=602 conditional_clean=true
FOLD20_T10_RANK4 j=3 last=false low=true old_ops=49883 ops=42199
FOLD20_PASSIVE_LOWER old=688 new=1138 macros=8 gathers=0
RANK4_LOWER class=3 original_ops=49751 new_ops=42203 symbolic_rank_gates=576 paired_macros=602 conditional_clean=true
FOLD20_T10_RANK4 j=1 last=false low=true old_ops=49751 ops=42203
FOLD20_PASSIVE_LOWER old=260 new=664 macros=6 gathers=0
FOLD20_PASSIVE_LOWER old=544 new=872 macros=6 gathers=0
FOLD20_PASSIVE_LOWER old=260 new=664 macros=6 gathers=0
FOLD20_PASSIVE_LOWER old=1082 new=6864 macros=22 gathers=0
FOLD20_PASSIVE_LOWER old=326 new=3110 macros=9 gathers=0
RANK4_LOWER class=3 original_ops=69795 new_ops=58821 symbolic_rank_gates=768 paired_macros=808 conditional_clean=true
FOLD20_T10_RANK4 j=0 last=false low=true old_ops=69795 ops=58821
RANK4_LOWER class=3 original_ops=69125 new_ops=58311 symbolic_rank_gates=768 paired_macros=800 conditional_clean=true
FOLD20_T10_RANK4 j=2 last=false low=true old_ops=69125 ops=58311
FOLD20_PASSIVE_LOWER old=544 new=872 macros=6 gathers=0
FOLD20_PASSIVE_LOWER old=544 new=872 macros=6 gathers=0
FOLD20_PASSIVE_LOWER old=260 new=664 macros=6 gathers=0
FOLD20_PASSIVE_LOWER old=260 new=664 macros=6 gathers=0
FOLD20_PASSIVE_LOWER old=0 new=0 macros=0 gathers=0
FOLD20_PASSIVE_LOWER old=0 new=0 macros=0 gathers=0
RANK4_LOWER class=4 original_ops=9459 new_ops=7821 symbolic_rank_gates=36 paired_macros=46 conditional_clean=true
FOLD20_T10_RANK4 j=3 last=true low=true old_ops=9459 ops=7821
Q792_JOINT_CODEC held_predicates=7 all_existing_dirty=true restored=true
Q792_JOINT_CODEC held_predicates=7 all_existing_dirty=true restored=true
RANK4_LOWER class=4 original_ops=11275 new_ops=9405 symbolic_rank_gates=60 paired_macros=114 conditional_clean=true
FOLD20_T10_RANK4 j=0 last=true low=true old_ops=11275 ops=9405
RANK4_LOWER class=4 original_ops=14297 new_ops=12327 symbolic_rank_gates=60 paired_macros=152 conditional_clean=true
FOLD20_T10_RANK4 j=1 last=true low=true old_ops=14297 ops=12327
RANK4_LOWER class=4 original_ops=15845 new_ops=13555 symbolic_rank_gates=60 paired_macros=158 conditional_clean=true
FOLD20_T10_RANK4 j=2 last=true low=true old_ops=15845 ops=13555
Q792_JOINT_CODEC held_predicates=7 all_existing_dirty=true restored=true
Q792_JOINT_CODEC held_predicates=11 all_existing_dirty=true restored=true
Q792_JOINT_CODEC held_predicates=7 all_existing_dirty=true restored=true
Q792_JOINT_CODEC held_predicates=11 all_existing_dirty=true restored=true
Q792_JOINT_CODEC held_predicates=10 all_existing_dirty=true restored=true
Q792_JOINT_CODEC held_predicates=10 all_existing_dirty=true restored=true
RANK4_LOWER class=3 original_ops=49581 new_ops=41933 symbolic_rank_gates=576 paired_macros=602 conditional_clean=true
FOLD20_T10_RANK4 j=3 last=false low=true old_ops=49581 ops=41933
RANK4_LOWER class=3 original_ops=49449 new_ops=41937 symbolic_rank_gates=576 paired_macros=602 conditional_clean=true
FOLD20_T10_RANK4 j=1 last=false low=true old_ops=49449 ops=41937
FOLD20_PASSIVE_LOWER old=688 new=1138 macros=8 gathers=0
FOLD20_PASSIVE_LOWER old=260 new=664 macros=6 gathers=0
FOLD20_PASSIVE_LOWER old=544 new=872 macros=6 gathers=0
FOLD20_PASSIVE_LOWER old=260 new=664 macros=6 gathers=0
FOLD20_PASSIVE_LOWER old=1082 new=6864 macros=22 gathers=0
FOLD20_PASSIVE_LOWER old=326 new=3110 macros=9 gathers=0
RANK4_LOWER class=3 original_ops=69493 new_ops=58553 symbolic_rank_gates=768 paired_macros=808 conditional_clean=true
FOLD20_T10_RANK4 j=0 last=false low=true old_ops=69493 ops=58553
RANK4_LOWER class=3 original_ops=68823 new_ops=58045 symbolic_rank_gates=768 paired_macros=800 conditional_clean=true
FOLD20_T10_RANK4 j=2 last=false low=true old_ops=68823 ops=58045
FOLD20_PASSIVE_LOWER old=544 new=872 macros=6 gathers=0
FOLD20_PASSIVE_LOWER old=544 new=872 macros=6 gathers=0
FOLD20_PASSIVE_LOWER old=260 new=664 macros=6 gathers=0
FOLD20_PASSIVE_LOWER old=260 new=664 macros=6 gathers=0
FOLD20_PASSIVE_LOWER old=0 new=0 macros=0 gathers=0
FOLD20_PASSIVE_LOWER old=0 new=0 macros=0 gathers=0
RANK4_LOWER class=4 original_ops=9321 new_ops=7707 symbolic_rank_gates=36 paired_macros=46 conditional_clean=true
FOLD20_T10_RANK4 j=3 last=true low=true old_ops=9321 ops=7707
Q792_JOINT_CODEC held_predicates=7 all_existing_dirty=true restored=true
Q792_JOINT_CODEC held_predicates=7 all_existing_dirty=true restored=true
RANK4_LOWER class=4 original_ops=11137 new_ops=9291 symbolic_rank_gates=60 paired_macros=114 conditional_clean=true
FOLD20_T10_RANK4 j=0 last=true low=true old_ops=11137 ops=9291
RANK4_LOWER class=4 original_ops=14159 new_ops=12213 symbolic_rank_gates=60 paired_macros=152 conditional_clean=true
FOLD20_T10_RANK4 j=1 last=true low=true old_ops=14159 ops=12213
RANK4_LOWER class=4 original_ops=15707 new_ops=13441 symbolic_rank_gates=60 paired_macros=158 conditional_clean=true
FOLD20_T10_RANK4 j=2 last=true low=true old_ops=15707 ops=13441
Q792_JOINT_CODEC held_predicates=11 all_existing_dirty=true restored=true
Q792_JOINT_CODEC held_predicates=7 all_existing_dirty=true restored=true
Q792_JOINT_CODEC held_predicates=7 all_existing_dirty=true restored=true
Q792_JOINT_CODEC held_predicates=11 all_existing_dirty=true restored=true
Q792_JOINT_CODEC held_predicates=10 all_existing_dirty=true restored=true
Q792_JOINT_CODEC held_predicates=10 all_existing_dirty=true restored=true
RANK4_LOWER class=3 original_ops=49173 new_ops=41589 symbolic_rank_gates=576 paired_macros=602 conditional_clean=true
FOLD20_T10_RANK4 j=3 last=false low=true old_ops=49173 ops=41589
RANK4_LOWER class=3 original_ops=49041 new_ops=41593 symbolic_rank_gates=576 paired_macros=602 conditional_clean=true
FOLD20_T10_RANK4 j=1 last=false low=true old_ops=49041 ops=41593
FOLD20_PASSIVE_LOWER old=688 new=1138 macros=8 gathers=0
FOLD20_PASSIVE_LOWER old=260 new=664 macros=6 gathers=0
FOLD20_PASSIVE_LOWER old=544 new=872 macros=6 gathers=0
FOLD20_PASSIVE_LOWER old=260 new=664 macros=6 gathers=0
FOLD20_PASSIVE_LOWER old=326 new=3110 macros=9 gathers=0
FOLD20_PASSIVE_LOWER old=1082 new=6864 macros=22 gathers=0
RANK4_LOWER class=3 original_ops=69085 new_ops=58209 symbolic_rank_gates=768 paired_macros=808 conditional_clean=true
FOLD20_T10_RANK4 j=0 last=false low=true old_ops=69085 ops=58209
RANK4_LOWER class=3 original_ops=68415 new_ops=57701 symbolic_rank_gates=768 paired_macros=800 conditional_clean=true
FOLD20_T10_RANK4 j=2 last=false low=true old_ops=68415 ops=57701
FOLD20_PASSIVE_LOWER old=544 new=872 macros=6 gathers=0
FOLD20_PASSIVE_LOWER old=260 new=664 macros=6 gathers=0
FOLD20_PASSIVE_LOWER old=544 new=872 macros=6 gathers=0
FOLD20_PASSIVE_LOWER old=0 new=0 macros=0 gathers=0
FOLD20_PASSIVE_LOWER old=260 new=664 macros=6 gathers=0
FOLD20_PASSIVE_LOWER old=0 new=0 macros=0 gathers=0
RANK4_LOWER class=4 original_ops=9221 new_ops=7623 symbolic_rank_gates=36 paired_macros=46 conditional_clean=true
FOLD20_T10_RANK4 j=3 last=true low=true old_ops=9221 ops=7623
Q792_JOINT_CODEC held_predicates=7 all_existing_dirty=true restored=true
Q792_JOINT_CODEC held_predicates=7 all_existing_dirty=true restored=true
RANK4_LOWER class=4 original_ops=11037 new_ops=9207 symbolic_rank_gates=60 paired_macros=114 conditional_clean=true
FOLD20_T10_RANK4 j=0 last=true low=true old_ops=11037 ops=9207
RANK4_LOWER class=4 original_ops=14059 new_ops=12129 symbolic_rank_gates=60 paired_macros=152 conditional_clean=true
FOLD20_T10_RANK4 j=1 last=true low=true old_ops=14059 ops=12129
RANK4_LOWER class=4 original_ops=15607 new_ops=13357 symbolic_rank_gates=60 paired_macros=158 conditional_clean=true
FOLD20_T10_RANK4 j=2 last=true low=true old_ops=15607 ops=13357
Q792_JOINT_CODEC held_predicates=7 all_existing_dirty=true restored=true
Q792_JOINT_CODEC held_predicates=11 all_existing_dirty=true restored=true
Q792_JOINT_CODEC held_predicates=7 all_existing_dirty=true restored=true
Q792_JOINT_CODEC held_predicates=11 all_existing_dirty=true restored=true
Q792_JOINT_CODEC held_predicates=10 all_existing_dirty=true restored=true
Q792_JOINT_CODEC held_predicates=10 all_existing_dirty=true restored=true
RANK4_LOWER class=3 original_ops=48743 new_ops=41343 symbolic_rank_gates=576 paired_macros=602 conditional_clean=true
FOLD20_T10_RANK4 j=1 last=false low=true old_ops=48743 ops=41343
RANK4_LOWER class=3 original_ops=48875 new_ops=41339 symbolic_rank_gates=576 paired_macros=602 conditional_clean=true
FOLD20_T10_RANK4 j=3 last=false low=true old_ops=48875 ops=41339
FOLD20_PASSIVE_LOWER old=544 new=872 macros=6 gathers=0
FOLD20_PASSIVE_LOWER old=260 new=664 macros=6 gathers=0
FOLD20_PASSIVE_LOWER old=688 new=1138 macros=8 gathers=0
FOLD20_PASSIVE_LOWER old=260 new=664 macros=6 gathers=0
FOLD20_PASSIVE_LOWER old=326 new=3110 macros=9 gathers=0
FOLD20_PASSIVE_LOWER old=1082 new=6864 macros=22 gathers=0
RANK4_LOWER class=3 original_ops=68787 new_ops=57961 symbolic_rank_gates=768 paired_macros=808 conditional_clean=true
FOLD20_T10_RANK4 j=0 last=false low=true old_ops=68787 ops=57961
RANK4_LOWER class=3 original_ops=68117 new_ops=57451 symbolic_rank_gates=768 paired_macros=800 conditional_clean=true
FOLD20_T10_RANK4 j=2 last=false low=true old_ops=68117 ops=57451
FOLD20_PASSIVE_LOWER old=544 new=872 macros=6 gathers=0
FOLD20_PASSIVE_LOWER old=260 new=664 macros=6 gathers=0
FOLD20_PASSIVE_LOWER old=544 new=872 macros=6 gathers=0
FOLD20_PASSIVE_LOWER old=0 new=0 macros=0 gathers=0
FOLD20_PASSIVE_LOWER old=260 new=664 macros=6 gathers=0
FOLD20_PASSIVE_LOWER old=0 new=0 macros=0 gathers=0
RANK4_LOWER class=4 original_ops=9035 new_ops=7469 symbolic_rank_gates=36 paired_macros=46 conditional_clean=true
FOLD20_T10_RANK4 j=3 last=true low=true old_ops=9035 ops=7469
Q792_JOINT_CODEC held_predicates=7 all_existing_dirty=true restored=true
Q792_JOINT_CODEC held_predicates=7 all_existing_dirty=true restored=true
RANK4_LOWER class=4 original_ops=10851 new_ops=9053 symbolic_rank_gates=60 paired_macros=114 conditional_clean=true
FOLD20_T10_RANK4 j=0 last=true low=true old_ops=10851 ops=9053
RANK4_LOWER class=4 original_ops=13873 new_ops=11975 symbolic_rank_gates=60 paired_macros=152 conditional_clean=true
FOLD20_T10_RANK4 j=1 last=true low=true old_ops=13873 ops=11975
RANK4_LOWER class=4 original_ops=15421 new_ops=13203 symbolic_rank_gates=60 paired_macros=158 conditional_clean=true
FOLD20_T10_RANK4 j=2 last=true low=true old_ops=15421 ops=13203
Q792_JOINT_CODEC held_predicates=11 all_existing_dirty=true restored=true
Q792_JOINT_CODEC held_predicates=7 all_existing_dirty=true restored=true
Q792_JOINT_CODEC held_predicates=11 all_existing_dirty=true restored=true
Q792_JOINT_CODEC held_predicates=7 all_existing_dirty=true restored=true
Q792_JOINT_CODEC held_predicates=10 all_existing_dirty=true restored=true
Q792_JOINT_CODEC held_predicates=10 all_existing_dirty=true restored=true
RANK4_LOWER class=3 original_ops=48227 new_ops=40763 symbolic_rank_gates=576 paired_macros=602 conditional_clean=true
FOLD20_T10_RANK4 j=3 last=false low=true old_ops=48227 ops=40763
FOLD20_PASSIVE_LOWER old=688 new=1138 macros=8 gathers=0
RANK4_LOWER class=3 original_ops=48095 new_ops=40767 symbolic_rank_gates=576 paired_macros=602 conditional_clean=true
FOLD20_T10_RANK4 j=1 last=false low=true old_ops=48095 ops=40767
FOLD20_PASSIVE_LOWER old=260 new=664 macros=6 gathers=0
FOLD20_PASSIVE_LOWER old=544 new=872 macros=6 gathers=0
FOLD20_PASSIVE_LOWER old=260 new=664 macros=6 gathers=0
FOLD20_PASSIVE_LOWER old=1082 new=6864 macros=22 gathers=0
FOLD20_PASSIVE_LOWER old=326 new=3110 macros=9 gathers=0
RANK4_LOWER class=3 original_ops=67469 new_ops=56875 symbolic_rank_gates=768 paired_macros=800 conditional_clean=true
FOLD20_T10_RANK4 j=2 last=false low=true old_ops=67469 ops=56875
RANK4_LOWER class=3 original_ops=68139 new_ops=57385 symbolic_rank_gates=768 paired_macros=808 conditional_clean=true
FOLD20_T10_RANK4 j=0 last=false low=true old_ops=68139 ops=57385
FOLD20_PASSIVE_LOWER old=544 new=872 macros=6 gathers=0
FOLD20_PASSIVE_LOWER old=544 new=872 macros=6 gathers=0
FOLD20_PASSIVE_LOWER old=260 new=664 macros=6 gathers=0
FOLD20_PASSIVE_LOWER old=260 new=664 macros=6 gathers=0
FOLD20_PASSIVE_LOWER old=0 new=0 macros=0 gathers=0
FOLD20_PASSIVE_LOWER old=0 new=0 macros=0 gathers=0
RANK4_LOWER class=4 original_ops=8929 new_ops=7383 symbolic_rank_gates=36 paired_macros=46 conditional_clean=true
FOLD20_T10_RANK4 j=3 last=true low=true old_ops=8929 ops=7383
Q792_JOINT_CODEC held_predicates=7 all_existing_dirty=true restored=true
Q792_JOINT_CODEC held_predicates=7 all_existing_dirty=true restored=true
RANK4_LOWER class=4 original_ops=10745 new_ops=8967 symbolic_rank_gates=60 paired_macros=114 conditional_clean=true
FOLD20_T10_RANK4 j=0 last=true low=true old_ops=10745 ops=8967
RANK4_LOWER class=4 original_ops=13767 new_ops=11889 symbolic_rank_gates=60 paired_macros=152 conditional_clean=true
FOLD20_T10_RANK4 j=1 last=true low=true old_ops=13767 ops=11889
RANK4_LOWER class=4 original_ops=15315 new_ops=13117 symbolic_rank_gates=60 paired_macros=158 conditional_clean=true
FOLD20_T10_RANK4 j=2 last=true low=true old_ops=15315 ops=13117
Q792_JOINT_CODEC held_predicates=11 all_existing_dirty=true restored=true
Q792_JOINT_CODEC held_predicates=7 all_existing_dirty=true restored=true
Q792_JOINT_CODEC held_predicates=7 all_existing_dirty=true restored=true
Q792_JOINT_CODEC held_predicates=11 all_existing_dirty=true restored=true
Q792_JOINT_CODEC held_predicates=10 all_existing_dirty=true restored=true
Q792_JOINT_CODEC held_predicates=10 all_existing_dirty=true restored=true
RANK4_LOWER class=3 original_ops=47941 new_ops=40521 symbolic_rank_gates=576 paired_macros=602 conditional_clean=true
RANK4_LOWER class=3 original_ops=47809 new_ops=40525 symbolic_rank_gates=576 paired_macros=602 conditional_clean=true
FOLD20_T10_RANK4 j=3 last=false low=true old_ops=47941 ops=40521
FOLD20_T10_RANK4 j=1 last=false low=true old_ops=47809 ops=40525
FOLD20_PASSIVE_LOWER old=544 new=872 macros=6 gathers=0
FOLD20_PASSIVE_LOWER old=688 new=1138 macros=8 gathers=0
FOLD20_PASSIVE_LOWER old=260 new=664 macros=6 gathers=0
FOLD20_PASSIVE_LOWER old=260 new=664 macros=6 gathers=0
FOLD20_PASSIVE_LOWER old=326 new=3110 macros=9 gathers=0
RANK4_LOWER class=3 original_ops=67853 new_ops=57141 symbolic_rank_gates=768 paired_macros=808 conditional_clean=true
FOLD20_T10_RANK4 j=0 last=false low=true old_ops=67853 ops=57141
FOLD20_PASSIVE_LOWER old=1082 new=6864 macros=22 gathers=0
RANK4_LOWER class=3 original_ops=67183 new_ops=56633 symbolic_rank_gates=768 paired_macros=800 conditional_clean=true
FOLD20_T10_RANK4 j=2 last=false low=true old_ops=67183 ops=56633
FOLD20_PASSIVE_LOWER old=544 new=872 macros=6 gathers=0
FOLD20_PASSIVE_LOWER old=260 new=664 macros=6 gathers=0
FOLD20_PASSIVE_LOWER old=544 new=872 macros=6 gathers=0
FOLD20_PASSIVE_LOWER old=0 new=0 macros=0 gathers=0
FOLD20_PASSIVE_LOWER old=260 new=664 macros=6 gathers=0
FOLD20_PASSIVE_LOWER old=0 new=0 macros=0 gathers=0
RANK4_LOWER class=4 original_ops=8775 new_ops=7265 symbolic_rank_gates=36 paired_macros=46 conditional_clean=true
FOLD20_T10_RANK4 j=3 last=true low=true old_ops=8775 ops=7265
Q792_JOINT_CODEC held_predicates=7 all_existing_dirty=true restored=true
Q792_JOINT_CODEC held_predicates=7 all_existing_dirty=true restored=true
RANK4_LOWER class=4 original_ops=10591 new_ops=8849 symbolic_rank_gates=60 paired_macros=114 conditional_clean=true
FOLD20_T10_RANK4 j=0 last=true low=true old_ops=10591 ops=8849
RANK4_LOWER class=4 original_ops=13613 new_ops=11771 symbolic_rank_gates=60 paired_macros=152 conditional_clean=true
FOLD20_T10_RANK4 j=1 last=true low=true old_ops=13613 ops=11771
RANK4_LOWER class=4 original_ops=15161 new_ops=12999 symbolic_rank_gates=60 paired_macros=158 conditional_clean=true
FOLD20_T10_RANK4 j=2 last=true low=true old_ops=15161 ops=12999
Q792_JOINT_CODEC held_predicates=11 all_existing_dirty=true restored=true
Q792_JOINT_CODEC held_predicates=7 all_existing_dirty=true restored=true
Q792_JOINT_CODEC held_predicates=10 all_existing_dirty=true restored=true
Q792_JOINT_CODEC held_predicates=7 all_existing_dirty=true restored=true
Q792_JOINT_CODEC held_predicates=11 all_existing_dirty=true restored=true
Q792_JOINT_CODEC held_predicates=10 all_existing_dirty=true restored=true
RANK4_LOWER class=3 original_ops=47565 new_ops=40209 symbolic_rank_gates=576 paired_macros=602 conditional_clean=true
FOLD20_T10_RANK4 j=3 last=false low=true old_ops=47565 ops=40209
FOLD20_PASSIVE_LOWER old=688 new=1138 macros=8 gathers=0
FOLD20_PASSIVE_LOWER old=260 new=664 macros=6 gathers=0
RANK4_LOWER class=3 original_ops=47433 new_ops=40213 symbolic_rank_gates=576 paired_macros=602 conditional_clean=true
FOLD20_T10_RANK4 j=1 last=false low=true old_ops=47433 ops=40213
FOLD20_PASSIVE_LOWER old=1082 new=6864 macros=22 gathers=0
FOLD20_PASSIVE_LOWER old=544 new=872 macros=6 gathers=0
FOLD20_PASSIVE_LOWER old=260 new=664 macros=6 gathers=0
FOLD20_PASSIVE_LOWER old=326 new=3110 macros=9 gathers=0
RANK4_LOWER class=3 original_ops=67477 new_ops=56829 symbolic_rank_gates=768 paired_macros=808 conditional_clean=true
FOLD20_T10_RANK4 j=0 last=false low=true old_ops=67477 ops=56829
RANK4_LOWER class=3 original_ops=66807 new_ops=56321 symbolic_rank_gates=768 paired_macros=800 conditional_clean=true
FOLD20_T10_RANK4 j=2 last=false low=true old_ops=66807 ops=56321
FOLD20_PASSIVE_LOWER old=544 new=872 macros=6 gathers=0
FOLD20_PASSIVE_LOWER old=260 new=664 macros=6 gathers=0
FOLD20_PASSIVE_LOWER old=0 new=0 macros=0 gathers=0
FOLD20_PASSIVE_LOWER old=544 new=872 macros=6 gathers=0
FOLD20_PASSIVE_LOWER old=260 new=664 macros=6 gathers=0
FOLD20_PASSIVE_LOWER old=0 new=0 macros=0 gathers=0
RANK4_LOWER class=4 original_ops=8669 new_ops=7179 symbolic_rank_gates=36 paired_macros=46 conditional_clean=true
FOLD20_T10_RANK4 j=3 last=true low=true old_ops=8669 ops=7179
Q792_JOINT_CODEC held_predicates=7 all_existing_dirty=true restored=true
Q792_JOINT_CODEC held_predicates=7 all_existing_dirty=true restored=true
RANK4_LOWER class=4 original_ops=10485 new_ops=8763 symbolic_rank_gates=60 paired_macros=114 conditional_clean=true
FOLD20_T10_RANK4 j=0 last=true low=true old_ops=10485 ops=8763
RANK4_LOWER class=4 original_ops=13507 new_ops=11685 symbolic_rank_gates=60 paired_macros=152 conditional_clean=true
FOLD20_T10_RANK4 j=1 last=true low=true old_ops=13507 ops=11685
RANK4_LOWER class=4 original_ops=15055 new_ops=12913 symbolic_rank_gates=60 paired_macros=158 conditional_clean=true
FOLD20_T10_RANK4 j=2 last=true low=true old_ops=15055 ops=12913
Q792_JOINT_CODEC held_predicates=7 all_existing_dirty=true restored=true
Q792_JOINT_CODEC held_predicates=11 all_existing_dirty=true restored=true
Q792_JOINT_CODEC held_predicates=7 all_existing_dirty=true restored=true
Q792_JOINT_CODEC held_predicates=10 all_existing_dirty=true restored=true
Q792_JOINT_CODEC held_predicates=11 all_existing_dirty=true restored=true
Q792_JOINT_CODEC held_predicates=10 all_existing_dirty=true restored=true
RANK4_LOWER class=3 original_ops=47287 new_ops=39983 symbolic_rank_gates=576 paired_macros=602 conditional_clean=true
FOLD20_T10_RANK4 j=3 last=false low=true old_ops=47287 ops=39983
RANK4_LOWER class=3 original_ops=47155 new_ops=39987 symbolic_rank_gates=576 paired_macros=602 conditional_clean=true
FOLD20_T10_RANK4 j=1 last=false low=true old_ops=47155 ops=39987
FOLD20_PASSIVE_LOWER old=688 new=1138 macros=8 gathers=0
FOLD20_PASSIVE_LOWER old=260 new=664 macros=6 gathers=0
FOLD20_PASSIVE_LOWER old=544 new=872 macros=6 gathers=0
FOLD20_PASSIVE_LOWER old=260 new=664 macros=6 gathers=0
FOLD20_PASSIVE_LOWER old=326 new=3110 macros=9 gathers=0
FOLD20_PASSIVE_LOWER old=1082 new=6864 macros=22 gathers=0
RANK4_LOWER class=3 original_ops=66529 new_ops=56095 symbolic_rank_gates=768 paired_macros=800 conditional_clean=true
FOLD20_T10_RANK4 j=2 last=false low=true old_ops=66529 ops=56095
RANK4_LOWER class=3 original_ops=67199 new_ops=56605 symbolic_rank_gates=768 paired_macros=808 conditional_clean=true
FOLD20_T10_RANK4 j=0 last=false low=true old_ops=67199 ops=56605
FOLD20_PASSIVE_LOWER old=544 new=872 macros=6 gathers=0
FOLD20_PASSIVE_LOWER old=260 new=664 macros=6 gathers=0
FOLD20_PASSIVE_LOWER old=544 new=872 macros=6 gathers=0
FOLD20_PASSIVE_LOWER old=0 new=0 macros=0 gathers=0
FOLD20_PASSIVE_LOWER old=260 new=664 macros=6 gathers=0
FOLD20_PASSIVE_LOWER old=0 new=0 macros=0 gathers=0
RANK4_LOWER class=4 original_ops=8511 new_ops=7053 symbolic_rank_gates=36 paired_macros=46 conditional_clean=true
FOLD20_T10_RANK4 j=3 last=true low=true old_ops=8511 ops=7053
Q792_JOINT_CODEC held_predicates=7 all_existing_dirty=true restored=true
Q792_JOINT_CODEC held_predicates=7 all_existing_dirty=true restored=true
RANK4_LOWER class=4 original_ops=10327 new_ops=8637 symbolic_rank_gates=60 paired_macros=114 conditional_clean=true
FOLD20_T10_RANK4 j=0 last=true low=true old_ops=10327 ops=8637
RANK4_LOWER class=4 original_ops=14897 new_ops=12787 symbolic_rank_gates=60 paired_macros=158 conditional_clean=true
FOLD20_T10_RANK4 j=2 last=true low=true old_ops=14897 ops=12787
Q792_JOINT_CODEC held_predicates=11 all_existing_dirty=true restored=true
RANK4_LOWER class=4 original_ops=13349 new_ops=11559 symbolic_rank_gates=60 paired_macros=152 conditional_clean=true
FOLD20_T10_RANK4 j=1 last=true low=true old_ops=13349 ops=11559
Q792_JOINT_CODEC held_predicates=11 all_existing_dirty=true restored=true
Q792_JOINT_CODEC held_predicates=7 all_existing_dirty=true restored=true
Q792_JOINT_CODEC held_predicates=10 all_existing_dirty=true restored=true
Q792_JOINT_CODEC held_predicates=7 all_existing_dirty=true restored=true
Q792_JOINT_CODEC held_predicates=10 all_existing_dirty=true restored=true
RANK4_LOWER class=3 original_ops=46803 new_ops=39551 symbolic_rank_gates=576 paired_macros=602 conditional_clean=true
FOLD20_T10_RANK4 j=3 last=false low=true old_ops=46803 ops=39551
FOLD20_PASSIVE_LOWER old=688 new=1138 macros=8 gathers=0
FOLD20_PASSIVE_LOWER old=260 new=664 macros=6 gathers=0
FOLD20_PASSIVE_LOWER old=1082 new=6864 macros=22 gathers=0
RANK4_LOWER class=3 original_ops=46671 new_ops=39555 symbolic_rank_gates=576 paired_macros=602 conditional_clean=true
FOLD20_T10_RANK4 j=1 last=false low=true old_ops=46671 ops=39555
FOLD20_PASSIVE_LOWER old=544 new=872 macros=6 gathers=0
FOLD20_PASSIVE_LOWER old=260 new=664 macros=6 gathers=0
RANK4_LOWER class=3 original_ops=66715 new_ops=56173 symbolic_rank_gates=768 paired_macros=808 conditional_clean=true
FOLD20_T10_RANK4 j=0 last=false low=true old_ops=66715 ops=56173
FOLD20_PASSIVE_LOWER old=326 new=3110 macros=9 gathers=0
RANK4_LOWER class=3 original_ops=66045 new_ops=55663 symbolic_rank_gates=768 paired_macros=800 conditional_clean=true
FOLD20_T10_RANK4 j=2 last=false low=true old_ops=66045 ops=55663
FOLD20_PASSIVE_LOWER old=544 new=872 macros=6 gathers=0
FOLD20_PASSIVE_LOWER old=544 new=872 macros=6 gathers=0
FOLD20_PASSIVE_LOWER old=260 new=664 macros=6 gathers=0
FOLD20_PASSIVE_LOWER old=260 new=664 macros=6 gathers=0
FOLD20_PASSIVE_LOWER old=0 new=0 macros=0 gathers=0
FOLD20_PASSIVE_LOWER old=0 new=0 macros=0 gathers=0
RANK4_LOWER class=4 original_ops=8409 new_ops=6967 symbolic_rank_gates=36 paired_macros=46 conditional_clean=true
FOLD20_T10_RANK4 j=3 last=true low=true old_ops=8409 ops=6967
Q792_JOINT_CODEC held_predicates=7 all_existing_dirty=true restored=true
Q792_JOINT_CODEC held_predicates=7 all_existing_dirty=true restored=true
RANK4_LOWER class=4 original_ops=10225 new_ops=8551 symbolic_rank_gates=60 paired_macros=114 conditional_clean=true
FOLD20_T10_RANK4 j=0 last=true low=true old_ops=10225 ops=8551
RANK4_LOWER class=4 original_ops=13247 new_ops=11473 symbolic_rank_gates=60 paired_macros=152 conditional_clean=true
FOLD20_T10_RANK4 j=1 last=true low=true old_ops=13247 ops=11473
RANK4_LOWER class=4 original_ops=14795 new_ops=12701 symbolic_rank_gates=60 paired_macros=158 conditional_clean=true
FOLD20_T10_RANK4 j=2 last=true low=true old_ops=14795 ops=12701
Q792_JOINT_CODEC held_predicates=7 all_existing_dirty=true restored=true
Q792_JOINT_CODEC held_predicates=11 all_existing_dirty=true restored=true
Q792_JOINT_CODEC held_predicates=7 all_existing_dirty=true restored=true
Q792_JOINT_CODEC held_predicates=11 all_existing_dirty=true restored=true
Q792_JOINT_CODEC held_predicates=10 all_existing_dirty=true restored=true
Q792_JOINT_CODEC held_predicates=10 all_existing_dirty=true restored=true
RANK4_LOWER class=3 original_ops=46549 new_ops=39333 symbolic_rank_gates=576 paired_macros=602 conditional_clean=true
FOLD20_T10_RANK4 j=3 last=false low=true old_ops=46549 ops=39333
FOLD20_PASSIVE_LOWER old=688 new=1138 macros=8 gathers=0
FOLD20_PASSIVE_LOWER old=260 new=664 macros=6 gathers=0
RANK4_LOWER class=3 original_ops=46417 new_ops=39337 symbolic_rank_gates=576 paired_macros=602 conditional_clean=true
FOLD20_T10_RANK4 j=1 last=false low=true old_ops=46417 ops=39337
FOLD20_PASSIVE_LOWER old=1082 new=6864 macros=22 gathers=0
FOLD20_PASSIVE_LOWER old=544 new=872 macros=6 gathers=0
FOLD20_PASSIVE_LOWER old=260 new=664 macros=6 gathers=0
FOLD20_PASSIVE_LOWER old=326 new=3110 macros=9 gathers=0
RANK4_LOWER class=3 original_ops=65791 new_ops=55445 symbolic_rank_gates=768 paired_macros=800 conditional_clean=true
FOLD20_T10_RANK4 j=2 last=false low=true old_ops=65791 ops=55445
RANK4_LOWER class=3 original_ops=66461 new_ops=55953 symbolic_rank_gates=768 paired_macros=808 conditional_clean=true
FOLD20_PASSIVE_LOWER old=544 new=872 macros=6 gathers=0
FOLD20_T10_RANK4 j=0 last=false low=true old_ops=66461 ops=55953
FOLD20_PASSIVE_LOWER old=260 new=664 macros=6 gathers=0
FOLD20_PASSIVE_LOWER old=0 new=0 macros=0 gathers=0
FOLD20_PASSIVE_LOWER old=544 new=872 macros=6 gathers=0
FOLD20_PASSIVE_LOWER old=260 new=664 macros=6 gathers=0
FOLD20_PASSIVE_LOWER old=0 new=0 macros=0 gathers=0
RANK4_LOWER class=4 original_ops=8309 new_ops=6883 symbolic_rank_gates=36 paired_macros=46 conditional_clean=true
FOLD20_T10_RANK4 j=3 last=true low=true old_ops=8309 ops=6883
Q792_JOINT_CODEC held_predicates=7 all_existing_dirty=true restored=true
Q792_JOINT_CODEC held_predicates=7 all_existing_dirty=true restored=true
RANK4_LOWER class=4 original_ops=10125 new_ops=8467 symbolic_rank_gates=60 paired_macros=114 conditional_clean=true
FOLD20_T10_RANK4 j=0 last=true low=true old_ops=10125 ops=8467
RANK4_LOWER class=4 original_ops=13147 new_ops=11389 symbolic_rank_gates=60 paired_macros=152 conditional_clean=true
FOLD20_T10_RANK4 j=1 last=true low=true old_ops=13147 ops=11389
RANK4_LOWER class=4 original_ops=14695 new_ops=12617 symbolic_rank_gates=60 paired_macros=158 conditional_clean=true
FOLD20_T10_RANK4 j=2 last=true low=true old_ops=14695 ops=12617
Q792_JOINT_CODEC held_predicates=11 all_existing_dirty=true restored=true
Q792_JOINT_CODEC held_predicates=7 all_existing_dirty=true restored=true
Q792_JOINT_CODEC held_predicates=7 all_existing_dirty=true restored=true
Q792_JOINT_CODEC held_predicates=11 all_existing_dirty=true restored=true
Q792_JOINT_CODEC held_predicates=10 all_existing_dirty=true restored=true
Q792_JOINT_CODEC held_predicates=10 all_existing_dirty=true restored=true
RANK4_LOWER class=3 original_ops=46299 new_ops=39131 symbolic_rank_gates=576 paired_macros=602 conditional_clean=true
FOLD20_T10_RANK4 j=3 last=false low=true old_ops=46299 ops=39131
RANK4_LOWER class=3 original_ops=46167 new_ops=39135 symbolic_rank_gates=576 paired_macros=602 conditional_clean=true
FOLD20_T10_RANK4 j=1 last=false low=true old_ops=46167 ops=39135
FOLD20_PASSIVE_LOWER old=688 new=1138 macros=8 gathers=0
FOLD20_PASSIVE_LOWER old=260 new=664 macros=6 gathers=0
FOLD20_PASSIVE_LOWER old=544 new=872 macros=6 gathers=0
FOLD20_PASSIVE_LOWER old=260 new=664 macros=6 gathers=0
FOLD20_PASSIVE_LOWER old=326 new=3110 macros=9 gathers=0
FOLD20_PASSIVE_LOWER old=1082 new=6864 macros=22 gathers=0
RANK4_LOWER class=3 original_ops=66211 new_ops=55753 symbolic_rank_gates=768 paired_macros=808 conditional_clean=true
FOLD20_T10_RANK4 j=0 last=false low=true old_ops=66211 ops=55753
RANK4_LOWER class=3 original_ops=65541 new_ops=55243 symbolic_rank_gates=768 paired_macros=800 conditional_clean=true
FOLD20_T10_RANK4 j=2 last=false low=true old_ops=65541 ops=55243
FOLD20_PASSIVE_LOWER old=544 new=872 macros=6 gathers=0
FOLD20_PASSIVE_LOWER old=544 new=872 macros=6 gathers=0
FOLD20_PASSIVE_LOWER old=260 new=664 macros=6 gathers=0
FOLD20_PASSIVE_LOWER old=260 new=664 macros=6 gathers=0
FOLD20_PASSIVE_LOWER old=0 new=0 macros=0 gathers=0
FOLD20_PASSIVE_LOWER old=0 new=0 macros=0 gathers=0
RANK4_LOWER class=4 original_ops=8159 new_ops=6765 symbolic_rank_gates=36 paired_macros=46 conditional_clean=true
FOLD20_T10_RANK4 j=3 last=true low=true old_ops=8159 ops=6765
Q792_JOINT_CODEC held_predicates=7 all_existing_dirty=true restored=true
Q792_JOINT_CODEC held_predicates=7 all_existing_dirty=true restored=true
RANK4_LOWER class=4 original_ops=9975 new_ops=8349 symbolic_rank_gates=60 paired_macros=114 conditional_clean=true
FOLD20_T10_RANK4 j=0 last=true low=true old_ops=9975 ops=8349
RANK4_LOWER class=4 original_ops=12997 new_ops=11271 symbolic_rank_gates=60 paired_macros=152 conditional_clean=true
FOLD20_T10_RANK4 j=1 last=true low=true old_ops=12997 ops=11271
RANK4_LOWER class=4 original_ops=14545 new_ops=12499 symbolic_rank_gates=60 paired_macros=158 conditional_clean=true
FOLD20_T10_RANK4 j=2 last=true low=true old_ops=14545 ops=12499
Q792_JOINT_CODEC held_predicates=11 all_existing_dirty=true restored=true
Q792_JOINT_CODEC held_predicates=7 all_existing_dirty=true restored=true
Q792_JOINT_CODEC held_predicates=7 all_existing_dirty=true restored=true
Q792_JOINT_CODEC held_predicates=11 all_existing_dirty=true restored=true
Q792_JOINT_CODEC held_predicates=10 all_existing_dirty=true restored=true
Q792_JOINT_CODEC held_predicates=10 all_existing_dirty=true restored=true
RANK4_LOWER class=3 original_ops=45931 new_ops=38811 symbolic_rank_gates=576 paired_macros=602 conditional_clean=true
FOLD20_T10_RANK4 j=3 last=false low=true old_ops=45931 ops=38811
RANK4_LOWER class=3 original_ops=45799 new_ops=38815 symbolic_rank_gates=576 paired_macros=602 conditional_clean=true
FOLD20_T10_RANK4 j=1 last=false low=true old_ops=45799 ops=38815
FOLD20_PASSIVE_LOWER old=688 new=1138 macros=8 gathers=0
FOLD20_PASSIVE_LOWER old=544 new=872 macros=6 gathers=0
FOLD20_PASSIVE_LOWER old=260 new=664 macros=6 gathers=0
FOLD20_PASSIVE_LOWER old=260 new=664 macros=6 gathers=0
FOLD20_PASSIVE_LOWER old=326 new=3110 macros=9 gathers=0
FOLD20_PASSIVE_LOWER old=1082 new=6864 macros=22 gathers=0
RANK4_LOWER class=3 original_ops=65843 new_ops=55433 symbolic_rank_gates=768 paired_macros=808 conditional_clean=true
FOLD20_T10_RANK4 j=0 last=false low=true old_ops=65843 ops=55433
FOLD20_PASSIVE_LOWER old=544 new=872 macros=6 gathers=0
FOLD20_PASSIVE_LOWER old=260 new=664 macros=6 gathers=0
FOLD20_PASSIVE_LOWER old=0 new=0 macros=0 gathers=0
RANK4_LOWER class=3 original_ops=65173 new_ops=54923 symbolic_rank_gates=768 paired_macros=800 conditional_clean=true
FOLD20_T10_RANK4 j=2 last=false low=true old_ops=65173 ops=54923
FOLD20_PASSIVE_LOWER old=544 new=872 macros=6 gathers=0
FOLD20_PASSIVE_LOWER old=260 new=664 macros=6 gathers=0
FOLD20_PASSIVE_LOWER old=0 new=0 macros=0 gathers=0
RANK4_LOWER class=4 original_ops=8045 new_ops=6669 symbolic_rank_gates=36 paired_macros=46 conditional_clean=true
FOLD20_T10_RANK4 j=3 last=true low=true old_ops=8045 ops=6669
Q792_JOINT_CODEC held_predicates=7 all_existing_dirty=true restored=true
Q792_JOINT_CODEC held_predicates=7 all_existing_dirty=true restored=true
RANK4_LOWER class=4 original_ops=9861 new_ops=8253 symbolic_rank_gates=60 paired_macros=114 conditional_clean=true
FOLD20_T10_RANK4 j=0 last=true low=true old_ops=9861 ops=8253
RANK4_LOWER class=4 original_ops=14431 new_ops=12403 symbolic_rank_gates=60 paired_macros=158 conditional_clean=true
FOLD20_T10_RANK4 j=2 last=true low=true old_ops=14431 ops=12403
RANK4_LOWER class=4 original_ops=12883 new_ops=11175 symbolic_rank_gates=60 paired_macros=152 conditional_clean=true
Q792_JOINT_CODEC held_predicates=11 all_existing_dirty=true restored=true
FOLD20_T10_RANK4 j=1 last=true low=true old_ops=12883 ops=11175
Q792_JOINT_CODEC held_predicates=10 all_existing_dirty=true restored=true
Q792_JOINT_CODEC held_predicates=11 all_existing_dirty=true restored=true
Q792_JOINT_CODEC held_predicates=7 all_existing_dirty=true restored=true
Q792_JOINT_CODEC held_predicates=10 all_existing_dirty=true restored=true
Q792_JOINT_CODEC held_predicates=7 all_existing_dirty=true restored=true
RANK4_LOWER class=3 original_ops=45693 new_ops=38591 symbolic_rank_gates=576 paired_macros=602 conditional_clean=true
FOLD20_T10_RANK4 j=3 last=false low=true old_ops=45693 ops=38591
FOLD20_PASSIVE_LOWER old=688 new=1138 macros=8 gathers=0
FOLD20_PASSIVE_LOWER old=260 new=664 macros=6 gathers=0
RANK4_LOWER class=3 original_ops=45561 new_ops=38595 symbolic_rank_gates=576 paired_macros=602 conditional_clean=true
FOLD20_T10_RANK4 j=1 last=false low=true old_ops=45561 ops=38595
FOLD20_PASSIVE_LOWER old=1082 new=6864 macros=22 gathers=0
FOLD20_PASSIVE_LOWER old=544 new=872 macros=6 gathers=0
FOLD20_PASSIVE_LOWER old=260 new=664 macros=6 gathers=0
RANK4_LOWER class=3 original_ops=65605 new_ops=55211 symbolic_rank_gates=768 paired_macros=808 conditional_clean=true
FOLD20_T10_RANK4 j=0 last=false low=true old_ops=65605 ops=55211
RANK4_LOWER class=3 original_ops=64935 new_ops=54703 symbolic_rank_gates=768 paired_macros=800 conditional_clean=true
FOLD20_T10_RANK4 j=2 last=false low=true old_ops=64935 ops=54703
FOLD20_PASSIVE_LOWER old=326 new=3110 macros=9 gathers=0
FOLD20_PASSIVE_LOWER old=544 new=872 macros=6 gathers=0
FOLD20_PASSIVE_LOWER old=544 new=872 macros=6 gathers=0
FOLD20_PASSIVE_LOWER old=260 new=664 macros=6 gathers=0
FOLD20_PASSIVE_LOWER old=260 new=664 macros=6 gathers=0
FOLD20_PASSIVE_LOWER old=0 new=0 macros=0 gathers=0
FOLD20_PASSIVE_LOWER old=0 new=0 macros=0 gathers=0
RANK4_LOWER class=4 original_ops=7365 new_ops=6397 symbolic_rank_gates=0 paired_macros=0 conditional_clean=true
FOLD20_T10_RANK4 j=3 last=true low=true old_ops=7365 ops=6397
Q792_JOINT_CODEC held_predicates=7 all_existing_dirty=true restored=true
Q792_JOINT_CODEC held_predicates=7 all_existing_dirty=true restored=true
RANK4_LOWER class=4 original_ops=9181 new_ops=7981 symbolic_rank_gates=24 paired_macros=68 conditional_clean=true
FOLD20_T10_RANK4 j=0 last=true low=true old_ops=9181 ops=7981
RANK4_LOWER class=4 original_ops=12203 new_ops=10903 symbolic_rank_gates=24 paired_macros=106 conditional_clean=true
FOLD20_T10_RANK4 j=1 last=true low=true old_ops=12203 ops=10903
Q792_JOINT_CODEC held_predicates=11 all_existing_dirty=true restored=true
RANK4_LOWER class=4 original_ops=13751 new_ops=12131 symbolic_rank_gates=24 paired_macros=112 conditional_clean=true
FOLD20_T10_RANK4 j=2 last=true low=true old_ops=13751 ops=12131
Q792_JOINT_CODEC held_predicates=7 all_existing_dirty=true restored=true
Q792_JOINT_CODEC held_predicates=11 all_existing_dirty=true restored=true
Q792_JOINT_CODEC held_predicates=7 all_existing_dirty=true restored=true
Q792_JOINT_CODEC held_predicates=10 all_existing_dirty=true restored=true
Q792_JOINT_CODEC held_predicates=10 all_existing_dirty=true restored=true
RANK4_LOWER class=3 original_ops=43949 new_ops=37599 symbolic_rank_gates=480 paired_macros=506 conditional_clean=true
FOLD20_T10_RANK4 j=3 last=false low=true old_ops=43949 ops=37599
RANK4_LOWER class=3 original_ops=43817 new_ops=37603 symbolic_rank_gates=480 paired_macros=506 conditional_clean=true
FOLD20_T10_RANK4 j=1 last=false low=true old_ops=43817 ops=37603
FOLD20_PASSIVE_LOWER old=688 new=1138 macros=8 gathers=0
FOLD20_PASSIVE_LOWER old=260 new=664 macros=6 gathers=0
FOLD20_PASSIVE_LOWER old=544 new=872 macros=6 gathers=0
FOLD20_PASSIVE_LOWER old=260 new=664 macros=6 gathers=0
FOLD20_PASSIVE_LOWER old=1082 new=6864 macros=22 gathers=0
FOLD20_PASSIVE_LOWER old=326 new=3110 macros=9 gathers=0
RANK4_LOWER class=3 original_ops=63861 new_ops=54221 symbolic_rank_gates=672 paired_macros=712 conditional_clean=true
FOLD20_T10_RANK4 j=0 last=false low=true old_ops=63861 ops=54221
RANK4_LOWER class=3 original_ops=63191 new_ops=53711 symbolic_rank_gates=672 paired_macros=704 conditional_clean=true
FOLD20_T10_RANK4 j=2 last=false low=true old_ops=63191 ops=53711
FOLD20_PASSIVE_LOWER old=544 new=872 macros=6 gathers=0
FOLD20_PASSIVE_LOWER old=260 new=664 macros=6 gathers=0
FOLD20_PASSIVE_LOWER old=0 new=0 macros=0 gathers=0
FOLD20_PASSIVE_LOWER old=544 new=872 macros=6 gathers=0
FOLD20_PASSIVE_LOWER old=260 new=664 macros=6 gathers=0
FOLD20_PASSIVE_LOWER old=0 new=0 macros=0 gathers=0
RANK4_LOWER class=4 original_ops=7259 new_ops=6311 symbolic_rank_gates=0 paired_macros=0 conditional_clean=true
FOLD20_T10_RANK4 j=3 last=true low=true old_ops=7259 ops=6311
Q792_JOINT_CODEC held_predicates=7 all_existing_dirty=true restored=true
Q792_JOINT_CODEC held_predicates=7 all_existing_dirty=true restored=true
RANK4_LOWER class=4 original_ops=9075 new_ops=7895 symbolic_rank_gates=24 paired_macros=68 conditional_clean=true
FOLD20_T10_RANK4 j=0 last=true low=true old_ops=9075 ops=7895
RANK4_LOWER class=4 original_ops=13645 new_ops=12045 symbolic_rank_gates=24 paired_macros=112 conditional_clean=true
FOLD20_T10_RANK4 j=2 last=true low=true old_ops=13645 ops=12045
Q792_JOINT_CODEC held_predicates=11 all_existing_dirty=true restored=true
RANK4_LOWER class=4 original_ops=12097 new_ops=10817 symbolic_rank_gates=24 paired_macros=106 conditional_clean=true
FOLD20_T10_RANK4 j=1 last=true low=true old_ops=12097 ops=10817
Q792_JOINT_CODEC held_predicates=11 all_existing_dirty=true restored=true
Q792_JOINT_CODEC held_predicates=7 all_existing_dirty=true restored=true
Q792_JOINT_CODEC held_predicates=10 all_existing_dirty=true restored=true
Q792_JOINT_CODEC held_predicates=7 all_existing_dirty=true restored=true
Q792_JOINT_CODEC held_predicates=10 all_existing_dirty=true restored=true
RANK4_LOWER class=3 original_ops=43647 new_ops=37373 symbolic_rank_gates=480 paired_macros=506 conditional_clean=true
FOLD20_T10_RANK4 j=3 last=false low=true old_ops=43647 ops=37373
FOLD20_PASSIVE_LOWER old=688 new=1138 macros=8 gathers=0
FOLD20_PASSIVE_LOWER old=260 new=664 macros=6 gathers=0
RANK4_LOWER class=3 original_ops=43515 new_ops=37377 symbolic_rank_gates=480 paired_macros=506 conditional_clean=true
FOLD20_T10_RANK4 j=1 last=false low=true old_ops=43515 ops=37377
FOLD20_PASSIVE_LOWER old=1082 new=6864 macros=22 gathers=0
RANK4_LOWER class=3 original_ops=63559 new_ops=53997 symbolic_rank_gates=672 paired_macros=712 conditional_clean=true
FOLD20_T10_RANK4 j=0 last=false low=true old_ops=63559 ops=53997
FOLD20_PASSIVE_LOWER old=544 new=872 macros=6 gathers=0
RANK4_LOWER class=3 original_ops=62889 new_ops=53485 symbolic_rank_gates=672 paired_macros=704 conditional_clean=true
FOLD20_T10_RANK4 j=2 last=false low=true old_ops=62889 ops=53485
FOLD20_PASSIVE_LOWER old=260 new=664 macros=6 gathers=0
FOLD20_PASSIVE_LOWER old=544 new=872 macros=6 gathers=0
FOLD20_PASSIVE_LOWER old=544 new=872 macros=6 gathers=0
FOLD20_PASSIVE_LOWER old=260 new=664 macros=6 gathers=0
FOLD20_PASSIVE_LOWER old=326 new=3110 macros=9 gathers=0
FOLD20_PASSIVE_LOWER old=260 new=664 macros=6 gathers=0
FOLD20_PASSIVE_LOWER old=0 new=0 macros=0 gathers=0
FOLD20_PASSIVE_LOWER old=0 new=0 macros=0 gathers=0
RANK4_LOWER class=4 original_ops=7101 new_ops=6193 symbolic_rank_gates=0 paired_macros=0 conditional_clean=true
FOLD20_T10_RANK4 j=3 last=true low=true old_ops=7101 ops=6193
Q792_JOINT_CODEC held_predicates=7 all_existing_dirty=true restored=true
Q792_JOINT_CODEC held_predicates=7 all_existing_dirty=true restored=true
RANK4_LOWER class=4 original_ops=8917 new_ops=7777 symbolic_rank_gates=24 paired_macros=68 conditional_clean=true
FOLD20_T10_RANK4 j=0 last=true low=true old_ops=8917 ops=7777
RANK4_LOWER class=4 original_ops=13487 new_ops=11927 symbolic_rank_gates=24 paired_macros=112 conditional_clean=true
FOLD20_T10_RANK4 j=2 last=true low=true old_ops=13487 ops=11927
Q792_JOINT_CODEC held_predicates=11 all_existing_dirty=true restored=true
RANK4_LOWER class=4 original_ops=11939 new_ops=10699 symbolic_rank_gates=24 paired_macros=106 conditional_clean=true
FOLD20_T10_RANK4 j=1 last=true low=true old_ops=11939 ops=10699
Q792_JOINT_CODEC held_predicates=11 all_existing_dirty=true restored=true
Q792_JOINT_CODEC held_predicates=10 all_existing_dirty=true restored=true
Q792_JOINT_CODEC held_predicates=7 all_existing_dirty=true restored=true
Q792_JOINT_CODEC held_predicates=7 all_existing_dirty=true restored=true
Q792_JOINT_CODEC held_predicates=10 all_existing_dirty=true restored=true
RANK4_LOWER class=3 original_ops=43255 new_ops=37061 symbolic_rank_gates=480 paired_macros=506 conditional_clean=true
FOLD20_T10_RANK4 j=3 last=false low=true old_ops=43255 ops=37061
FOLD20_PASSIVE_LOWER old=688 new=1138 macros=8 gathers=0
FOLD20_PASSIVE_LOWER old=260 new=664 macros=6 gathers=0
RANK4_LOWER class=3 original_ops=43123 new_ops=37065 symbolic_rank_gates=480 paired_macros=506 conditional_clean=true
FOLD20_T10_RANK4 j=1 last=false low=true old_ops=43123 ops=37065
FOLD20_PASSIVE_LOWER old=1082 new=6864 macros=22 gathers=0
FOLD20_PASSIVE_LOWER old=544 new=872 macros=6 gathers=0
FOLD20_PASSIVE_LOWER old=260 new=664 macros=6 gathers=0
RANK4_LOWER class=3 original_ops=63167 new_ops=53685 symbolic_rank_gates=672 paired_macros=712 conditional_clean=true
FOLD20_PASSIVE_LOWER old=326 new=3110 macros=9 gathers=0
FOLD20_T10_RANK4 j=0 last=false low=true old_ops=63167 ops=53685
FOLD20_PASSIVE_LOWER old=544 new=872 macros=6 gathers=0
RANK4_LOWER class=3 original_ops=62497 new_ops=53173 symbolic_rank_gates=672 paired_macros=704 conditional_clean=true
FOLD20_T10_RANK4 j=2 last=false low=true old_ops=62497 ops=53173
FOLD20_PASSIVE_LOWER old=260 new=664 macros=6 gathers=0
FOLD20_PASSIVE_LOWER old=0 new=0 macros=0 gathers=0
FOLD20_PASSIVE_LOWER old=544 new=872 macros=6 gathers=0
FOLD20_PASSIVE_LOWER old=260 new=664 macros=6 gathers=0
FOLD20_PASSIVE_LOWER old=0 new=0 macros=0 gathers=0
RANK4_LOWER class=4 original_ops=6999 new_ops=6107 symbolic_rank_gates=0 paired_macros=0 conditional_clean=true
FOLD20_T10_RANK4 j=3 last=true low=true old_ops=6999 ops=6107
Q792_JOINT_CODEC held_predicates=7 all_existing_dirty=true restored=true
Q792_JOINT_CODEC held_predicates=7 all_existing_dirty=true restored=true
RANK4_LOWER class=4 original_ops=8815 new_ops=7691 symbolic_rank_gates=24 paired_macros=68 conditional_clean=true
FOLD20_T10_RANK4 j=0 last=true low=true old_ops=8815 ops=7691
RANK4_LOWER class=4 original_ops=13385 new_ops=11841 symbolic_rank_gates=24 paired_macros=112 conditional_clean=true
RANK4_LOWER class=4 original_ops=11837 new_ops=10613 symbolic_rank_gates=24 paired_macros=106 conditional_clean=true
FOLD20_T10_RANK4 j=2 last=true low=true old_ops=13385 ops=11841
FOLD20_T10_RANK4 j=1 last=true low=true old_ops=11837 ops=10613
Q792_JOINT_CODEC held_predicates=11 all_existing_dirty=true restored=true
Q792_JOINT_CODEC held_predicates=7 all_existing_dirty=true restored=true
Q792_JOINT_CODEC held_predicates=10 all_existing_dirty=true restored=true
Q792_JOINT_CODEC held_predicates=7 all_existing_dirty=true restored=true
Q792_JOINT_CODEC held_predicates=11 all_existing_dirty=true restored=true
Q792_JOINT_CODEC held_predicates=10 all_existing_dirty=true restored=true
RANK4_LOWER class=3 original_ops=42965 new_ops=36819 symbolic_rank_gates=480 paired_macros=506 conditional_clean=true
FOLD20_T10_RANK4 j=3 last=false low=true old_ops=42965 ops=36819
FOLD20_PASSIVE_LOWER old=688 new=1138 macros=8 gathers=0
RANK4_LOWER class=3 original_ops=42833 new_ops=36823 symbolic_rank_gates=480 paired_macros=506 conditional_clean=true
FOLD20_T10_RANK4 j=1 last=false low=true old_ops=42833 ops=36823
FOLD20_PASSIVE_LOWER old=260 new=664 macros=6 gathers=0
FOLD20_PASSIVE_LOWER old=544 new=872 macros=6 gathers=0
FOLD20_PASSIVE_LOWER old=260 new=664 macros=6 gathers=0
FOLD20_PASSIVE_LOWER old=1082 new=6864 macros=22 gathers=0
FOLD20_PASSIVE_LOWER old=326 new=3110 macros=9 gathers=0
RANK4_LOWER class=3 original_ops=62207 new_ops=52931 symbolic_rank_gates=672 paired_macros=704 conditional_clean=true
FOLD20_T10_RANK4 j=2 last=false low=true old_ops=62207 ops=52931
RANK4_LOWER class=3 original_ops=62877 new_ops=53441 symbolic_rank_gates=672 paired_macros=712 conditional_clean=true
FOLD20_T10_RANK4 j=0 last=false low=true old_ops=62877 ops=53441
FOLD20_PASSIVE_LOWER old=544 new=872 macros=6 gathers=0
FOLD20_PASSIVE_LOWER old=260 new=664 macros=6 gathers=0
FOLD20_PASSIVE_LOWER old=0 new=0 macros=0 gathers=0
FOLD20_PASSIVE_LOWER old=544 new=872 macros=6 gathers=0
FOLD20_PASSIVE_LOWER old=260 new=664 macros=6 gathers=0
FOLD20_PASSIVE_LOWER old=0 new=0 macros=0 gathers=0
RANK4_LOWER class=4 original_ops=6845 new_ops=5989 symbolic_rank_gates=0 paired_macros=0 conditional_clean=true
FOLD20_T10_RANK4 j=3 last=true low=true old_ops=6845 ops=5989
Q792_JOINT_CODEC held_predicates=7 all_existing_dirty=true restored=true
Q792_JOINT_CODEC held_predicates=7 all_existing_dirty=true restored=true
RANK4_LOWER class=4 original_ops=8661 new_ops=7573 symbolic_rank_gates=24 paired_macros=68 conditional_clean=true
FOLD20_T10_RANK4 j=0 last=true low=true old_ops=8661 ops=7573
RANK4_LOWER class=4 original_ops=11683 new_ops=10495 symbolic_rank_gates=24 paired_macros=106 conditional_clean=true
FOLD20_T10_RANK4 j=1 last=true low=true old_ops=11683 ops=10495
RANK4_LOWER class=4 original_ops=13231 new_ops=11723 symbolic_rank_gates=24 paired_macros=112 conditional_clean=true
FOLD20_T10_RANK4 j=2 last=true low=true old_ops=13231 ops=11723
Q792_JOINT_CODEC held_predicates=11 all_existing_dirty=true restored=true
Q792_JOINT_CODEC held_predicates=7 all_existing_dirty=true restored=true
Q792_JOINT_CODEC held_predicates=7 all_existing_dirty=true restored=true
Q792_JOINT_CODEC held_predicates=11 all_existing_dirty=true restored=true
Q792_JOINT_CODEC held_predicates=10 all_existing_dirty=true restored=true
Q792_JOINT_CODEC held_predicates=10 all_existing_dirty=true restored=true
RANK4_LOWER class=3 original_ops=42589 new_ops=36507 symbolic_rank_gates=480 paired_macros=506 conditional_clean=true
FOLD20_T10_RANK4 j=3 last=false low=true old_ops=42589 ops=36507
FOLD20_PASSIVE_LOWER old=688 new=1138 macros=8 gathers=0
RANK4_LOWER class=3 original_ops=42457 new_ops=36511 symbolic_rank_gates=480 paired_macros=506 conditional_clean=true
FOLD20_T10_RANK4 j=1 last=false low=true old_ops=42457 ops=36511
FOLD20_PASSIVE_LOWER old=260 new=664 macros=6 gathers=0
FOLD20_PASSIVE_LOWER old=544 new=872 macros=6 gathers=0
FOLD20_PASSIVE_LOWER old=1082 new=6864 macros=22 gathers=0
FOLD20_PASSIVE_LOWER old=260 new=664 macros=6 gathers=0
FOLD20_PASSIVE_LOWER old=326 new=3110 macros=9 gathers=0
RANK4_LOWER class=3 original_ops=61831 new_ops=52619 symbolic_rank_gates=672 paired_macros=704 conditional_clean=true
FOLD20_T10_RANK4 j=2 last=false low=true old_ops=61831 ops=52619
RANK4_LOWER class=3 original_ops=62501 new_ops=53129 symbolic_rank_gates=672 paired_macros=712 conditional_clean=true
FOLD20_T10_RANK4 j=0 last=false low=true old_ops=62501 ops=53129
FOLD20_PASSIVE_LOWER old=544 new=872 macros=6 gathers=0
FOLD20_PASSIVE_LOWER old=260 new=664 macros=6 gathers=0
FOLD20_PASSIVE_LOWER old=544 new=872 macros=6 gathers=0
FOLD20_PASSIVE_LOWER old=0 new=0 macros=0 gathers=0
FOLD20_PASSIVE_LOWER old=260 new=664 macros=6 gathers=0
FOLD20_PASSIVE_LOWER old=0 new=0 macros=0 gathers=0
RANK4_LOWER class=4 original_ops=6745 new_ops=5905 symbolic_rank_gates=0 paired_macros=0 conditional_clean=true
FOLD20_T10_RANK4 j=3 last=true low=true old_ops=6745 ops=5905
Q792_JOINT_CODEC held_predicates=7 all_existing_dirty=true restored=true
Q792_JOINT_CODEC held_predicates=7 all_existing_dirty=true restored=true
RANK4_LOWER class=4 original_ops=8561 new_ops=7489 symbolic_rank_gates=24 paired_macros=68 conditional_clean=true
FOLD20_T10_RANK4 j=0 last=true low=true old_ops=8561 ops=7489
RANK4_LOWER class=4 original_ops=13131 new_ops=11639 symbolic_rank_gates=24 paired_macros=112 conditional_clean=true
FOLD20_T10_RANK4 j=2 last=true low=true old_ops=13131 ops=11639
RANK4_LOWER class=4 original_ops=11583 new_ops=10411 symbolic_rank_gates=24 paired_macros=106 conditional_clean=true
FOLD20_T10_RANK4 j=1 last=true low=true old_ops=11583 ops=10411
Q792_JOINT_CODEC held_predicates=11 all_existing_dirty=true restored=true
Q792_JOINT_CODEC held_predicates=7 all_existing_dirty=true restored=true
Q792_JOINT_CODEC held_predicates=11 all_existing_dirty=true restored=true
Q792_JOINT_CODEC held_predicates=10 all_existing_dirty=true restored=true
Q792_JOINT_CODEC held_predicates=7 all_existing_dirty=true restored=true
Q792_JOINT_CODEC held_predicates=10 all_existing_dirty=true restored=true
RANK4_LOWER class=3 original_ops=42291 new_ops=36281 symbolic_rank_gates=480 paired_macros=506 conditional_clean=true
FOLD20_T10_RANK4 j=3 last=false low=true old_ops=42291 ops=36281
FOLD20_PASSIVE_LOWER old=688 new=1138 macros=8 gathers=0
FOLD20_PASSIVE_LOWER old=260 new=664 macros=6 gathers=0
RANK4_LOWER class=3 original_ops=42159 new_ops=36285 symbolic_rank_gates=480 paired_macros=506 conditional_clean=true
FOLD20_T10_RANK4 j=1 last=false low=true old_ops=42159 ops=36285
FOLD20_PASSIVE_LOWER old=1082 new=6864 macros=22 gathers=0
FOLD20_PASSIVE_LOWER old=544 new=872 macros=6 gathers=0
FOLD20_PASSIVE_LOWER old=260 new=664 macros=6 gathers=0
FOLD20_PASSIVE_LOWER old=326 new=3110 macros=9 gathers=0
RANK4_LOWER class=3 original_ops=61533 new_ops=52393 symbolic_rank_gates=672 paired_macros=704 conditional_clean=true
RANK4_LOWER class=3 original_ops=62203 new_ops=52905 symbolic_rank_gates=672 paired_macros=712 conditional_clean=true
FOLD20_T10_RANK4 j=2 last=false low=true old_ops=61533 ops=52393
FOLD20_T10_RANK4 j=0 last=false low=true old_ops=62203 ops=52905
FOLD20_PASSIVE_LOWER old=544 new=872 macros=6 gathers=0
FOLD20_PASSIVE_LOWER old=544 new=872 macros=6 gathers=0
FOLD20_PASSIVE_LOWER old=260 new=664 macros=6 gathers=0
FOLD20_PASSIVE_LOWER old=260 new=664 macros=6 gathers=0
FOLD20_PASSIVE_LOWER old=0 new=0 macros=0 gathers=0
FOLD20_PASSIVE_LOWER old=0 new=0 macros=0 gathers=0
RANK4_LOWER class=4 original_ops=6607 new_ops=5791 symbolic_rank_gates=0 paired_macros=0 conditional_clean=true
FOLD20_T10_RANK4 j=3 last=true low=true old_ops=6607 ops=5791
Q792_JOINT_CODEC held_predicates=7 all_existing_dirty=true restored=true
Q792_JOINT_CODEC held_predicates=7 all_existing_dirty=true restored=true
RANK4_LOWER class=4 original_ops=8423 new_ops=7375 symbolic_rank_gates=24 paired_macros=68 conditional_clean=true
FOLD20_T10_RANK4 j=0 last=true low=true old_ops=8423 ops=7375
RANK4_LOWER class=4 original_ops=11445 new_ops=10297 symbolic_rank_gates=24 paired_macros=106 conditional_clean=true
FOLD20_T10_RANK4 j=1 last=true low=true old_ops=11445 ops=10297
Q792_JOINT_CODEC held_predicates=11 all_existing_dirty=true restored=true
RANK4_LOWER class=4 original_ops=12993 new_ops=11525 symbolic_rank_gates=24 paired_macros=112 conditional_clean=true
FOLD20_T10_RANK4 j=2 last=true low=true old_ops=12993 ops=11525
Q792_JOINT_CODEC held_predicates=7 all_existing_dirty=true restored=true
Q792_JOINT_CODEC held_predicates=11 all_existing_dirty=true restored=true
Q792_JOINT_CODEC held_predicates=7 all_existing_dirty=true restored=true
Q792_JOINT_CODEC held_predicates=10 all_existing_dirty=true restored=true
Q792_JOINT_CODEC held_predicates=10 all_existing_dirty=true restored=true
RANK4_LOWER class=3 original_ops=41911 new_ops=35969 symbolic_rank_gates=480 paired_macros=506 conditional_clean=true
FOLD20_T10_RANK4 j=3 last=false low=true old_ops=41911 ops=35969
FOLD20_PASSIVE_LOWER old=688 new=1138 macros=8 gathers=0
RANK4_LOWER class=3 original_ops=41779 new_ops=35973 symbolic_rank_gates=480 paired_macros=506 conditional_clean=true
FOLD20_T10_RANK4 j=1 last=false low=true old_ops=41779 ops=35973
FOLD20_PASSIVE_LOWER old=260 new=664 macros=6 gathers=0
FOLD20_PASSIVE_LOWER old=544 new=872 macros=6 gathers=0
FOLD20_PASSIVE_LOWER old=260 new=664 macros=6 gathers=0
FOLD20_PASSIVE_LOWER old=1082 new=6864 macros=22 gathers=0
FOLD20_PASSIVE_LOWER old=326 new=3110 macros=9 gathers=0
RANK4_LOWER class=3 original_ops=61153 new_ops=52081 symbolic_rank_gates=672 paired_macros=704 conditional_clean=true
FOLD20_T10_RANK4 j=2 last=false low=true old_ops=61153 ops=52081
RANK4_LOWER class=3 original_ops=61823 new_ops=52593 symbolic_rank_gates=672 paired_macros=712 conditional_clean=true
FOLD20_T10_RANK4 j=0 last=false low=true old_ops=61823 ops=52593
FOLD20_PASSIVE_LOWER old=544 new=872 macros=6 gathers=0
FOLD20_PASSIVE_LOWER old=260 new=664 macros=6 gathers=0
FOLD20_PASSIVE_LOWER old=0 new=0 macros=0 gathers=0
FOLD20_PASSIVE_LOWER old=544 new=872 macros=6 gathers=0
FOLD20_PASSIVE_LOWER old=260 new=664 macros=6 gathers=0
FOLD20_PASSIVE_LOWER old=0 new=0 macros=0 gathers=0
RANK4_LOWER class=4 original_ops=6485 new_ops=5701 symbolic_rank_gates=0 paired_macros=0 conditional_clean=true
FOLD20_T10_RANK4 j=3 last=true low=true old_ops=6485 ops=5701
Q792_JOINT_CODEC held_predicates=7 all_existing_dirty=true restored=true
Q792_JOINT_CODEC held_predicates=7 all_existing_dirty=true restored=true
RANK4_LOWER class=4 original_ops=8301 new_ops=7285 symbolic_rank_gates=24 paired_macros=68 conditional_clean=true
FOLD20_T10_RANK4 j=0 last=true low=true old_ops=8301 ops=7285
RANK4_LOWER class=4 original_ops=11323 new_ops=10207 symbolic_rank_gates=24 paired_macros=106 conditional_clean=true
FOLD20_T10_RANK4 j=1 last=true low=true old_ops=11323 ops=10207
RANK4_LOWER class=4 original_ops=12871 new_ops=11435 symbolic_rank_gates=24 paired_macros=112 conditional_clean=true
FOLD20_T10_RANK4 j=2 last=true low=true old_ops=12871 ops=11435
Q792_JOINT_CODEC held_predicates=11 all_existing_dirty=true restored=true
Q792_JOINT_CODEC held_predicates=7 all_existing_dirty=true restored=true
Q792_JOINT_CODEC held_predicates=7 all_existing_dirty=true restored=true
Q792_JOINT_CODEC held_predicates=11 all_existing_dirty=true restored=true
Q792_JOINT_CODEC held_predicates=10 all_existing_dirty=true restored=true
Q792_JOINT_CODEC held_predicates=10 all_existing_dirty=true restored=true
RANK4_LOWER class=3 original_ops=41629 new_ops=35727 symbolic_rank_gates=480 paired_macros=506 conditional_clean=true
FOLD20_T10_RANK4 j=3 last=false low=true old_ops=41629 ops=35727
FOLD20_PASSIVE_LOWER old=688 new=1138 macros=8 gathers=0
RANK4_LOWER class=3 original_ops=41497 new_ops=35731 symbolic_rank_gates=480 paired_macros=506 conditional_clean=true
FOLD20_T10_RANK4 j=1 last=false low=true old_ops=41497 ops=35731
FOLD20_PASSIVE_LOWER old=260 new=664 macros=6 gathers=0
FOLD20_PASSIVE_LOWER old=544 new=872 macros=6 gathers=0
FOLD20_PASSIVE_LOWER old=1082 new=6864 macros=22 gathers=0
FOLD20_PASSIVE_LOWER old=260 new=664 macros=6 gathers=0
FOLD20_PASSIVE_LOWER old=326 new=3110 macros=9 gathers=0
RANK4_LOWER class=3 original_ops=61541 new_ops=52349 symbolic_rank_gates=672 paired_macros=712 conditional_clean=true
FOLD20_T10_RANK4 j=0 last=false low=true old_ops=61541 ops=52349
RANK4_LOWER class=3 original_ops=60871 new_ops=51839 symbolic_rank_gates=672 paired_macros=704 conditional_clean=true
FOLD20_T10_RANK4 j=2 last=false low=true old_ops=60871 ops=51839
FOLD20_PASSIVE_LOWER old=544 new=872 macros=6 gathers=0
FOLD20_PASSIVE_LOWER old=544 new=872 macros=6 gathers=0
FOLD20_PASSIVE_LOWER old=260 new=664 macros=6 gathers=0
FOLD20_PASSIVE_LOWER old=260 new=664 macros=6 gathers=0
FOLD20_PASSIVE_LOWER old=0 new=0 macros=0 gathers=0
FOLD20_PASSIVE_LOWER old=0 new=0 macros=0 gathers=0
RANK4_LOWER class=4 original_ops=6379 new_ops=5615 symbolic_rank_gates=0 paired_macros=0 conditional_clean=true
FOLD20_T10_RANK4 j=3 last=true low=true old_ops=6379 ops=5615
Q792_JOINT_CODEC held_predicates=7 all_existing_dirty=true restored=true
Q792_JOINT_CODEC held_predicates=7 all_existing_dirty=true restored=true
RANK4_LOWER class=4 original_ops=8195 new_ops=7199 symbolic_rank_gates=24 paired_macros=68 conditional_clean=true
FOLD20_T10_RANK4 j=0 last=true low=true old_ops=8195 ops=7199
RANK4_LOWER class=4 original_ops=11217 new_ops=10121 symbolic_rank_gates=24 paired_macros=106 conditional_clean=true
FOLD20_T10_RANK4 j=1 last=true low=true old_ops=11217 ops=10121
RANK4_LOWER class=4 original_ops=12765 new_ops=11349 symbolic_rank_gates=24 paired_macros=112 conditional_clean=true
FOLD20_T10_RANK4 j=2 last=true low=true old_ops=12765 ops=11349
Q792_JOINT_CODEC held_predicates=11 all_existing_dirty=true restored=true
Q792_JOINT_CODEC held_predicates=7 all_existing_dirty=true restored=true
Q792_JOINT_CODEC held_predicates=7 all_existing_dirty=true restored=true
Q792_JOINT_CODEC held_predicates=10 all_existing_dirty=true restored=true
Q792_JOINT_CODEC held_predicates=11 all_existing_dirty=true restored=true
Q792_JOINT_CODEC held_predicates=10 all_existing_dirty=true restored=true
RANK4_LOWER class=3 original_ops=41351 new_ops=35501 symbolic_rank_gates=480 paired_macros=506 conditional_clean=true
FOLD20_T10_RANK4 j=3 last=false low=true old_ops=41351 ops=35501
FOLD20_PASSIVE_LOWER old=688 new=1138 macros=8 gathers=0
RANK4_LOWER class=3 original_ops=41219 new_ops=35505 symbolic_rank_gates=480 paired_macros=506 conditional_clean=true
FOLD20_T10_RANK4 j=1 last=false low=true old_ops=41219 ops=35505
FOLD20_PASSIVE_LOWER old=260 new=664 macros=6 gathers=0
FOLD20_PASSIVE_LOWER old=544 new=872 macros=6 gathers=0
FOLD20_PASSIVE_LOWER old=1082 new=6864 macros=22 gathers=0
FOLD20_PASSIVE_LOWER old=260 new=664 macros=6 gathers=0
FOLD20_PASSIVE_LOWER old=326 new=3110 macros=9 gathers=0
RANK4_LOWER class=3 original_ops=60593 new_ops=51613 symbolic_rank_gates=672 paired_macros=704 conditional_clean=true
FOLD20_T10_RANK4 j=2 last=false low=true old_ops=60593 ops=51613
RANK4_LOWER class=3 original_ops=61263 new_ops=52125 symbolic_rank_gates=672 paired_macros=712 conditional_clean=true
FOLD20_T10_RANK4 j=0 last=false low=true old_ops=61263 ops=52125
FOLD20_PASSIVE_LOWER old=544 new=872 macros=6 gathers=0
FOLD20_PASSIVE_LOWER old=260 new=664 macros=6 gathers=0
FOLD20_PASSIVE_LOWER old=0 new=0 macros=0 gathers=0
FOLD20_PASSIVE_LOWER old=544 new=872 macros=6 gathers=0
FOLD20_PASSIVE_LOWER old=260 new=664 macros=6 gathers=0
FOLD20_PASSIVE_LOWER old=0 new=0 macros=0 gathers=0
RANK4_LOWER class=4 original_ops=6193 new_ops=5409 symbolic_rank_gates=0 paired_macros=0 conditional_clean=true
FOLD20_T10_RANK4 j=3 last=true low=true old_ops=6193 ops=5409
Q792_JOINT_CODEC held_predicates=7 all_existing_dirty=true restored=true
Q792_JOINT_CODEC held_predicates=7 all_existing_dirty=true restored=true
RANK4_LOWER class=4 original_ops=8009 new_ops=6993 symbolic_rank_gates=24 paired_macros=68 conditional_clean=true
FOLD20_T10_RANK4 j=0 last=true low=true old_ops=8009 ops=6993
RANK4_LOWER class=4 original_ops=11031 new_ops=9915 symbolic_rank_gates=24 paired_macros=106 conditional_clean=true
FOLD20_T10_RANK4 j=1 last=true low=true old_ops=11031 ops=9915
Q792_JOINT_CODEC held_predicates=11 all_existing_dirty=true restored=true
RANK4_LOWER class=4 original_ops=12579 new_ops=11143 symbolic_rank_gates=24 paired_macros=112 conditional_clean=true
FOLD20_T10_RANK4 j=2 last=true low=true old_ops=12579 ops=11143
Q792_JOINT_CODEC held_predicates=7 all_existing_dirty=true restored=true
Q792_JOINT_CODEC held_predicates=11 all_existing_dirty=true restored=true
Q792_JOINT_CODEC held_predicates=7 all_existing_dirty=true restored=true
Q792_JOINT_CODEC held_predicates=10 all_existing_dirty=true restored=true
Q792_JOINT_CODEC held_predicates=10 all_existing_dirty=true restored=true
RANK4_LOWER class=3 original_ops=40743 new_ops=34945 symbolic_rank_gates=480 paired_macros=506 conditional_clean=true
FOLD20_T10_RANK4 j=3 last=false low=true old_ops=40743 ops=34945
FOLD20_PASSIVE_LOWER old=688 new=1138 macros=8 gathers=0
FOLD20_PASSIVE_LOWER old=260 new=664 macros=6 gathers=0
RANK4_LOWER class=3 original_ops=40611 new_ops=34949 symbolic_rank_gates=480 paired_macros=506 conditional_clean=true
FOLD20_T10_RANK4 j=1 last=false low=true old_ops=40611 ops=34949
FOLD20_PASSIVE_LOWER old=1082 new=6864 macros=22 gathers=0
FOLD20_PASSIVE_LOWER old=544 new=872 macros=6 gathers=0
FOLD20_PASSIVE_LOWER old=260 new=664 macros=6 gathers=0
FOLD20_PASSIVE_LOWER old=326 new=3110 macros=9 gathers=0
RANK4_LOWER class=3 original_ops=60655 new_ops=51569 symbolic_rank_gates=672 paired_macros=712 conditional_clean=true
FOLD20_T10_RANK4 j=0 last=false low=true old_ops=60655 ops=51569
RANK4_LOWER class=3 original_ops=59985 new_ops=51057 symbolic_rank_gates=672 paired_macros=704 conditional_clean=true
FOLD20_T10_RANK4 j=2 last=false low=true old_ops=59985 ops=51057
FOLD20_PASSIVE_LOWER old=544 new=872 macros=6 gathers=0
FOLD20_PASSIVE_LOWER old=544 new=872 macros=6 gathers=0
FOLD20_PASSIVE_LOWER old=260 new=664 macros=6 gathers=0
FOLD20_PASSIVE_LOWER old=260 new=664 macros=6 gathers=0
FOLD20_PASSIVE_LOWER old=0 new=0 macros=0 gathers=0
FOLD20_PASSIVE_LOWER old=0 new=0 macros=0 gathers=0
RANK4_LOWER class=4 original_ops=6077 new_ops=5329 symbolic_rank_gates=0 paired_macros=0 conditional_clean=true
FOLD20_T10_RANK4 j=3 last=true low=true old_ops=6077 ops=5329
Q792_JOINT_CODEC held_predicates=7 all_existing_dirty=true restored=true
Q792_JOINT_CODEC held_predicates=7 all_existing_dirty=true restored=true
RANK4_LOWER class=4 original_ops=7893 new_ops=6913 symbolic_rank_gates=24 paired_macros=68 conditional_clean=true
FOLD20_T10_RANK4 j=0 last=true low=true old_ops=7893 ops=6913
RANK4_LOWER class=4 original_ops=10915 new_ops=9835 symbolic_rank_gates=24 paired_macros=106 conditional_clean=true
FOLD20_T10_RANK4 j=1 last=true low=true old_ops=10915 ops=9835
RANK4_LOWER class=4 original_ops=12463 new_ops=11063 symbolic_rank_gates=24 paired_macros=112 conditional_clean=true
FOLD20_T10_RANK4 j=2 last=true low=true old_ops=12463 ops=11063
Q792_JOINT_CODEC held_predicates=11 all_existing_dirty=true restored=true
Q792_JOINT_CODEC held_predicates=7 all_existing_dirty=true restored=true
Q792_JOINT_CODEC held_predicates=11 all_existing_dirty=true restored=true
Q792_JOINT_CODEC held_predicates=7 all_existing_dirty=true restored=true
Q792_JOINT_CODEC held_predicates=10 all_existing_dirty=true restored=true
Q792_JOINT_CODEC held_predicates=10 all_existing_dirty=true restored=true
RANK4_LOWER class=3 original_ops=40477 new_ops=34727 symbolic_rank_gates=480 paired_macros=506 conditional_clean=true
FOLD20_T10_RANK4 j=3 last=false low=true old_ops=40477 ops=34727
FOLD20_PASSIVE_LOWER old=688 new=1138 macros=8 gathers=0
FOLD20_PASSIVE_LOWER old=260 new=664 macros=6 gathers=0
RANK4_LOWER class=3 original_ops=40345 new_ops=34731 symbolic_rank_gates=480 paired_macros=506 conditional_clean=true
FOLD20_T10_RANK4 j=1 last=false low=true old_ops=40345 ops=34731
FOLD20_PASSIVE_LOWER old=1082 new=6864 macros=22 gathers=0
FOLD20_PASSIVE_LOWER old=544 new=872 macros=6 gathers=0
FOLD20_PASSIVE_LOWER old=260 new=664 macros=6 gathers=0
FOLD20_PASSIVE_LOWER old=326 new=3110 macros=9 gathers=0
RANK4_LOWER class=3 original_ops=60389 new_ops=51349 symbolic_rank_gates=672 paired_macros=712 conditional_clean=true
FOLD20_T10_RANK4 j=0 last=false low=true old_ops=60389 ops=51349
RANK4_LOWER class=3 original_ops=59719 new_ops=50839 symbolic_rank_gates=672 paired_macros=704 conditional_clean=true
FOLD20_T10_RANK4 j=2 last=false low=true old_ops=59719 ops=50839
FOLD20_PASSIVE_LOWER old=544 new=872 macros=6 gathers=0
FOLD20_PASSIVE_LOWER old=544 new=872 macros=6 gathers=0
FOLD20_PASSIVE_LOWER old=260 new=664 macros=6 gathers=0
FOLD20_PASSIVE_LOWER old=260 new=664 macros=6 gathers=0
FOLD20_PASSIVE_LOWER old=0 new=0 macros=0 gathers=0
FOLD20_PASSIVE_LOWER old=0 new=0 macros=0 gathers=0
RANK4_LOWER class=4 original_ops=5937 new_ops=5225 symbolic_rank_gates=0 paired_macros=0 conditional_clean=true
FOLD20_T10_RANK4 j=3 last=true low=true old_ops=5937 ops=5225
Q792_JOINT_CODEC held_predicates=7 all_existing_dirty=true restored=true
Q792_JOINT_CODEC held_predicates=7 all_existing_dirty=true restored=true
RANK4_LOWER class=4 original_ops=7753 new_ops=6809 symbolic_rank_gates=24 paired_macros=68 conditional_clean=true
FOLD20_T10_RANK4 j=0 last=true low=true old_ops=7753 ops=6809
RANK4_LOWER class=4 original_ops=10775 new_ops=9731 symbolic_rank_gates=24 paired_macros=106 conditional_clean=true
FOLD20_T10_RANK4 j=1 last=true low=true old_ops=10775 ops=9731
RANK4_LOWER class=4 original_ops=12323 new_ops=10959 symbolic_rank_gates=24 paired_macros=112 conditional_clean=true
FOLD20_T10_RANK4 j=2 last=true low=true old_ops=12323 ops=10959
Q792_JOINT_CODEC held_predicates=11 all_existing_dirty=true restored=true
Q792_JOINT_CODEC held_predicates=7 all_existing_dirty=true restored=true
Q792_JOINT_CODEC held_predicates=11 all_existing_dirty=true restored=true
Q792_JOINT_CODEC held_predicates=7 all_existing_dirty=true restored=true
Q792_JOINT_CODEC held_predicates=10 all_existing_dirty=true restored=true
Q792_JOINT_CODEC held_predicates=10 all_existing_dirty=true restored=true
RANK4_LOWER class=3 original_ops=40133 new_ops=34447 symbolic_rank_gates=480 paired_macros=506 conditional_clean=true
FOLD20_T10_RANK4 j=3 last=false low=true old_ops=40133 ops=34447
FOLD20_PASSIVE_LOWER old=688 new=1138 macros=8 gathers=0
FOLD20_PASSIVE_LOWER old=260 new=664 macros=6 gathers=0
RANK4_LOWER class=3 original_ops=40001 new_ops=34451 symbolic_rank_gates=480 paired_macros=506 conditional_clean=true
FOLD20_T10_RANK4 j=1 last=false low=true old_ops=40001 ops=34451
FOLD20_PASSIVE_LOWER old=1082 new=6864 macros=22 gathers=0
FOLD20_PASSIVE_LOWER old=544 new=872 macros=6 gathers=0
FOLD20_PASSIVE_LOWER old=260 new=664 macros=6 gathers=0
FOLD20_PASSIVE_LOWER old=326 new=3110 macros=9 gathers=0
RANK4_LOWER class=3 original_ops=60045 new_ops=51069 symbolic_rank_gates=672 paired_macros=712 conditional_clean=true
FOLD20_T10_RANK4 j=0 last=false low=true old_ops=60045 ops=51069
RANK4_LOWER class=3 original_ops=59375 new_ops=50559 symbolic_rank_gates=672 paired_macros=704 conditional_clean=true
FOLD20_T10_RANK4 j=2 last=false low=true old_ops=59375 ops=50559
FOLD20_PASSIVE_LOWER old=544 new=872 macros=6 gathers=0
FOLD20_PASSIVE_LOWER old=544 new=872 macros=6 gathers=0
FOLD20_PASSIVE_LOWER old=260 new=664 macros=6 gathers=0
FOLD20_PASSIVE_LOWER old=260 new=664 macros=6 gathers=0
FOLD20_PASSIVE_LOWER old=0 new=0 macros=0 gathers=0
FOLD20_PASSIVE_LOWER old=0 new=0 macros=0 gathers=0
RANK4_LOWER class=4 original_ops=5847 new_ops=5151 symbolic_rank_gates=0 paired_macros=0 conditional_clean=true
FOLD20_T10_RANK4 j=3 last=true low=true old_ops=5847 ops=5151
Q792_JOINT_CODEC held_predicates=7 all_existing_dirty=true restored=true
Q792_JOINT_CODEC held_predicates=7 all_existing_dirty=true restored=true
RANK4_LOWER class=4 original_ops=7663 new_ops=6735 symbolic_rank_gates=24 paired_macros=68 conditional_clean=true
FOLD20_T10_RANK4 j=0 last=true low=true old_ops=7663 ops=6735
RANK4_LOWER class=4 original_ops=10685 new_ops=9657 symbolic_rank_gates=24 paired_macros=106 conditional_clean=true
FOLD20_T10_RANK4 j=1 last=true low=true old_ops=10685 ops=9657
RANK4_LOWER class=4 original_ops=12233 new_ops=10885 symbolic_rank_gates=24 paired_macros=112 conditional_clean=true
FOLD20_T10_RANK4 j=2 last=true low=true old_ops=12233 ops=10885
Q792_JOINT_CODEC held_predicates=11 all_existing_dirty=true restored=true
Q792_JOINT_CODEC held_predicates=7 all_existing_dirty=true restored=true
Q792_JOINT_CODEC held_predicates=11 all_existing_dirty=true restored=true
Q792_JOINT_CODEC held_predicates=7 all_existing_dirty=true restored=true
Q792_JOINT_CODEC held_predicates=10 all_existing_dirty=true restored=true
Q792_JOINT_CODEC held_predicates=10 all_existing_dirty=true restored=true
RANK4_LOWER class=3 original_ops=39871 new_ops=34243 symbolic_rank_gates=480 paired_macros=506 conditional_clean=true
FOLD20_T10_RANK4 j=3 last=false low=true old_ops=39871 ops=34243
FOLD20_PASSIVE_LOWER old=688 new=1138 macros=8 gathers=0
RANK4_LOWER class=3 original_ops=39739 new_ops=34247 symbolic_rank_gates=480 paired_macros=506 conditional_clean=true
FOLD20_T10_RANK4 j=1 last=false low=true old_ops=39739 ops=34247
FOLD20_PASSIVE_LOWER old=260 new=664 macros=6 gathers=0
FOLD20_PASSIVE_LOWER old=544 new=872 macros=6 gathers=0
FOLD20_PASSIVE_LOWER old=260 new=664 macros=6 gathers=0
FOLD20_PASSIVE_LOWER old=1082 new=6864 macros=22 gathers=0
FOLD20_PASSIVE_LOWER old=326 new=3110 macros=9 gathers=0
RANK4_LOWER class=3 original_ops=59783 new_ops=50867 symbolic_rank_gates=672 paired_macros=712 conditional_clean=true
FOLD20_T10_RANK4 j=0 last=false low=true old_ops=59783 ops=50867
RANK4_LOWER class=3 original_ops=59113 new_ops=50355 symbolic_rank_gates=672 paired_macros=704 conditional_clean=true
FOLD20_T10_RANK4 j=2 last=false low=true old_ops=59113 ops=50355
FOLD20_PASSIVE_LOWER old=544 new=872 macros=6 gathers=0
FOLD20_PASSIVE_LOWER old=544 new=872 macros=6 gathers=0
FOLD20_PASSIVE_LOWER old=260 new=664 macros=6 gathers=0
FOLD20_PASSIVE_LOWER old=260 new=664 macros=6 gathers=0
FOLD20_PASSIVE_LOWER old=0 new=0 macros=0 gathers=0
FOLD20_PASSIVE_LOWER old=0 new=0 macros=0 gathers=0
RANK4_LOWER class=4 original_ops=5707 new_ops=5047 symbolic_rank_gates=0 paired_macros=0 conditional_clean=true
FOLD20_T10_RANK4 j=3 last=true low=true old_ops=5707 ops=5047
Q792_JOINT_CODEC held_predicates=7 all_existing_dirty=true restored=true
Q792_JOINT_CODEC held_predicates=7 all_existing_dirty=true restored=true
RANK4_LOWER class=4 original_ops=7523 new_ops=6631 symbolic_rank_gates=24 paired_macros=68 conditional_clean=true
FOLD20_T10_RANK4 j=0 last=true low=true old_ops=7523 ops=6631
RANK4_LOWER class=4 original_ops=12093 new_ops=10781 symbolic_rank_gates=24 paired_macros=112 conditional_clean=true
FOLD20_T10_RANK4 j=2 last=true low=true old_ops=12093 ops=10781
RANK4_LOWER class=4 original_ops=10545 new_ops=9553 symbolic_rank_gates=24 paired_macros=106 conditional_clean=true
FOLD20_T10_RANK4 j=1 last=true low=true old_ops=10545 ops=9553
Q792_JOINT_CODEC held_predicates=11 all_existing_dirty=true restored=true
Q792_JOINT_CODEC held_predicates=7 all_existing_dirty=true restored=true
Q792_JOINT_CODEC held_predicates=10 all_existing_dirty=true restored=true
Q792_JOINT_CODEC held_predicates=11 all_existing_dirty=true restored=true
Q792_JOINT_CODEC held_predicates=7 all_existing_dirty=true restored=true
Q792_JOINT_CODEC held_predicates=10 all_existing_dirty=true restored=true
RANK4_LOWER class=3 original_ops=39539 new_ops=33963 symbolic_rank_gates=480 paired_macros=506 conditional_clean=true
FOLD20_T10_RANK4 j=3 last=false low=true old_ops=39539 ops=33963
FOLD20_PASSIVE_LOWER old=688 new=1138 macros=8 gathers=0
FOLD20_PASSIVE_LOWER old=260 new=664 macros=6 gathers=0
RANK4_LOWER class=3 original_ops=39407 new_ops=33967 symbolic_rank_gates=480 paired_macros=506 conditional_clean=true
FOLD20_T10_RANK4 j=1 last=false low=true old_ops=39407 ops=33967
FOLD20_PASSIVE_LOWER old=1082 new=6864 macros=22 gathers=0
FOLD20_PASSIVE_LOWER old=544 new=872 macros=6 gathers=0
FOLD20_PASSIVE_LOWER old=260 new=664 macros=6 gathers=0
FOLD20_PASSIVE_LOWER old=326 new=3110 macros=9 gathers=0
RANK4_LOWER class=3 original_ops=59451 new_ops=50587 symbolic_rank_gates=672 paired_macros=712 conditional_clean=true
FOLD20_T10_RANK4 j=0 last=false low=true old_ops=59451 ops=50587
RANK4_LOWER class=3 original_ops=58781 new_ops=50075 symbolic_rank_gates=672 paired_macros=704 conditional_clean=true
FOLD20_T10_RANK4 j=2 last=false low=true old_ops=58781 ops=50075
FOLD20_PASSIVE_LOWER old=544 new=872 macros=6 gathers=0
FOLD20_PASSIVE_LOWER old=260 new=664 macros=6 gathers=0
FOLD20_PASSIVE_LOWER old=544 new=872 macros=6 gathers=0
FOLD20_PASSIVE_LOWER old=0 new=0 macros=0 gathers=0
FOLD20_PASSIVE_LOWER old=260 new=664 macros=6 gathers=0
FOLD20_PASSIVE_LOWER old=0 new=0 macros=0 gathers=0
RANK4_LOWER class=4 original_ops=5591 new_ops=4959 symbolic_rank_gates=0 paired_macros=0 conditional_clean=true
FOLD20_T10_RANK4 j=3 last=true low=true old_ops=5591 ops=4959
Q792_JOINT_CODEC held_predicates=7 all_existing_dirty=true restored=true
Q792_JOINT_CODEC held_predicates=7 all_existing_dirty=true restored=true
RANK4_LOWER class=4 original_ops=7407 new_ops=6543 symbolic_rank_gates=24 paired_macros=68 conditional_clean=true
FOLD20_T10_RANK4 j=0 last=true low=true old_ops=7407 ops=6543
RANK4_LOWER class=4 original_ops=11977 new_ops=10693 symbolic_rank_gates=24 paired_macros=112 conditional_clean=true
FOLD20_T10_RANK4 j=2 last=true low=true old_ops=11977 ops=10693
RANK4_LOWER class=4 original_ops=10429 new_ops=9465 symbolic_rank_gates=24 paired_macros=106 conditional_clean=true
FOLD20_T10_RANK4 j=1 last=true low=true old_ops=10429 ops=9465
Q792_JOINT_CODEC held_predicates=11 all_existing_dirty=true restored=true
Q792_JOINT_CODEC held_predicates=11 all_existing_dirty=true restored=true
Q792_JOINT_CODEC held_predicates=7 all_existing_dirty=true restored=true
Q792_JOINT_CODEC held_predicates=10 all_existing_dirty=true restored=true
Q792_JOINT_CODEC held_predicates=7 all_existing_dirty=true restored=true
Q792_JOINT_CODEC held_predicates=10 all_existing_dirty=true restored=true
RANK4_LOWER class=3 original_ops=39181 new_ops=33637 symbolic_rank_gates=480 paired_macros=506 conditional_clean=true
FOLD20_T10_RANK4 j=3 last=false low=true old_ops=39181 ops=33637
FOLD20_PASSIVE_LOWER old=688 new=1138 macros=8 gathers=0
FOLD20_PASSIVE_LOWER old=260 new=664 macros=6 gathers=0
RANK4_LOWER class=3 original_ops=39049 new_ops=33641 symbolic_rank_gates=480 paired_macros=506 conditional_clean=true
FOLD20_T10_RANK4 j=1 last=false low=true old_ops=39049 ops=33641
FOLD20_PASSIVE_LOWER old=1082 new=6864 macros=22 gathers=0
FOLD20_PASSIVE_LOWER old=544 new=872 macros=6 gathers=0
RANK4_LOWER class=3 original_ops=59093 new_ops=50259 symbolic_rank_gates=672 paired_macros=712 conditional_clean=true
FOLD20_T10_RANK4 j=0 last=false low=true old_ops=59093 ops=50259
FOLD20_PASSIVE_LOWER old=260 new=664 macros=6 gathers=0
FOLD20_PASSIVE_LOWER old=326 new=3110 macros=9 gathers=0
RANK4_LOWER class=3 original_ops=58423 new_ops=49749 symbolic_rank_gates=672 paired_macros=704 conditional_clean=true
FOLD20_T10_RANK4 j=2 last=false low=true old_ops=58423 ops=49749
FOLD20_PASSIVE_LOWER old=544 new=872 macros=6 gathers=0
FOLD20_PASSIVE_LOWER old=260 new=664 macros=6 gathers=0
FOLD20_PASSIVE_LOWER old=0 new=0 macros=0 gathers=0
FOLD20_PASSIVE_LOWER old=544 new=872 macros=6 gathers=0
FOLD20_PASSIVE_LOWER old=260 new=664 macros=6 gathers=0
FOLD20_PASSIVE_LOWER old=0 new=0 macros=0 gathers=0
RANK4_LOWER class=4 original_ops=5451 new_ops=4855 symbolic_rank_gates=0 paired_macros=0 conditional_clean=true
FOLD20_T10_RANK4 j=3 last=true low=true old_ops=5451 ops=4855
Q792_JOINT_CODEC held_predicates=7 all_existing_dirty=true restored=true
Q792_JOINT_CODEC held_predicates=7 all_existing_dirty=true restored=true
RANK4_LOWER class=4 original_ops=7267 new_ops=6439 symbolic_rank_gates=24 paired_macros=68 conditional_clean=true
FOLD20_T10_RANK4 j=0 last=true low=true old_ops=7267 ops=6439
RANK4_LOWER class=4 original_ops=10289 new_ops=9361 symbolic_rank_gates=24 paired_macros=106 conditional_clean=true
FOLD20_T10_RANK4 j=1 last=true low=true old_ops=10289 ops=9361
RANK4_LOWER class=4 original_ops=11837 new_ops=10589 symbolic_rank_gates=24 paired_macros=112 conditional_clean=true
FOLD20_T10_RANK4 j=2 last=true low=true old_ops=11837 ops=10589
Q792_JOINT_CODEC held_predicates=11 all_existing_dirty=true restored=true
Q792_JOINT_CODEC held_predicates=7 all_existing_dirty=true restored=true
Q792_JOINT_CODEC held_predicates=11 all_existing_dirty=true restored=true
Q792_JOINT_CODEC held_predicates=7 all_existing_dirty=true restored=true
Q792_JOINT_CODEC held_predicates=10 all_existing_dirty=true restored=true
Q792_JOINT_CODEC held_predicates=10 all_existing_dirty=true restored=true
RANK4_LOWER class=3 original_ops=38877 new_ops=33389 symbolic_rank_gates=480 paired_macros=506 conditional_clean=true
FOLD20_T10_RANK4 j=3 last=false low=true old_ops=38877 ops=33389
FOLD20_PASSIVE_LOWER old=688 new=1138 macros=8 gathers=0
RANK4_LOWER class=3 original_ops=38745 new_ops=33393 symbolic_rank_gates=480 paired_macros=506 conditional_clean=true
FOLD20_T10_RANK4 j=1 last=false low=true old_ops=38745 ops=33393
FOLD20_PASSIVE_LOWER old=260 new=664 macros=6 gathers=0
FOLD20_PASSIVE_LOWER old=544 new=872 macros=6 gathers=0
FOLD20_PASSIVE_LOWER old=260 new=664 macros=6 gathers=0
FOLD20_PASSIVE_LOWER old=1082 new=6864 macros=22 gathers=0
FOLD20_PASSIVE_LOWER old=326 new=3110 macros=9 gathers=0
RANK4_LOWER class=3 original_ops=58789 new_ops=50011 symbolic_rank_gates=672 paired_macros=712 conditional_clean=true
FOLD20_T10_RANK4 j=0 last=false low=true old_ops=58789 ops=50011
RANK4_LOWER class=3 original_ops=58119 new_ops=49501 symbolic_rank_gates=672 paired_macros=704 conditional_clean=true
FOLD20_T10_RANK4 j=2 last=false low=true old_ops=58119 ops=49501
FOLD20_PASSIVE_LOWER old=544 new=872 macros=6 gathers=0
FOLD20_PASSIVE_LOWER old=260 new=664 macros=6 gathers=0
FOLD20_PASSIVE_LOWER old=0 new=0 macros=0 gathers=0
FOLD20_PASSIVE_LOWER old=544 new=872 macros=6 gathers=0
FOLD20_PASSIVE_LOWER old=260 new=664 macros=6 gathers=0
FOLD20_PASSIVE_LOWER old=0 new=0 macros=0 gathers=0
RANK4_LOWER class=4 original_ops=5335 new_ops=4771 symbolic_rank_gates=0 paired_macros=0 conditional_clean=true
FOLD20_T10_RANK4 j=3 last=true low=true old_ops=5335 ops=4771
Q792_JOINT_CODEC held_predicates=7 all_existing_dirty=true restored=true
Q792_JOINT_CODEC held_predicates=7 all_existing_dirty=true restored=true
RANK4_LOWER class=4 original_ops=7151 new_ops=6355 symbolic_rank_gates=24 paired_macros=68 conditional_clean=true
FOLD20_T10_RANK4 j=0 last=true low=true old_ops=7151 ops=6355
RANK4_LOWER class=4 original_ops=11721 new_ops=10505 symbolic_rank_gates=24 paired_macros=112 conditional_clean=true
FOLD20_T10_RANK4 j=2 last=true low=true old_ops=11721 ops=10505
RANK4_LOWER class=4 original_ops=10173 new_ops=9277 symbolic_rank_gates=24 paired_macros=106 conditional_clean=true
FOLD20_T10_RANK4 j=1 last=true low=true old_ops=10173 ops=9277
Q792_JOINT_CODEC held_predicates=11 all_existing_dirty=true restored=true
Q792_JOINT_CODEC held_predicates=7 all_existing_dirty=true restored=true
Q792_JOINT_CODEC held_predicates=10 all_existing_dirty=true restored=true
Q792_JOINT_CODEC held_predicates=7 all_existing_dirty=true restored=true
Q792_JOINT_CODEC held_predicates=11 all_existing_dirty=true restored=true
Q792_JOINT_CODEC held_predicates=10 all_existing_dirty=true restored=true
RANK4_LOWER class=3 original_ops=38607 new_ops=33159 symbolic_rank_gates=480 paired_macros=506 conditional_clean=true
FOLD20_T10_RANK4 j=3 last=false low=true old_ops=38607 ops=33159
FOLD20_PASSIVE_LOWER old=688 new=1138 macros=8 gathers=0
RANK4_LOWER class=3 original_ops=38475 new_ops=33163 symbolic_rank_gates=480 paired_macros=506 conditional_clean=true
FOLD20_T10_RANK4 j=1 last=false low=true old_ops=38475 ops=33163
FOLD20_PASSIVE_LOWER old=260 new=664 macros=6 gathers=0
FOLD20_PASSIVE_LOWER old=544 new=872 macros=6 gathers=0
FOLD20_PASSIVE_LOWER old=1082 new=6864 macros=22 gathers=0
FOLD20_PASSIVE_LOWER old=260 new=664 macros=6 gathers=0
FOLD20_PASSIVE_LOWER old=326 new=3110 macros=9 gathers=0
RANK4_LOWER class=3 original_ops=58519 new_ops=49783 symbolic_rank_gates=672 paired_macros=712 conditional_clean=true
FOLD20_T10_RANK4 j=0 last=false low=true old_ops=58519 ops=49783
RANK4_LOWER class=3 original_ops=57849 new_ops=49271 symbolic_rank_gates=672 paired_macros=704 conditional_clean=true
FOLD20_T10_RANK4 j=2 last=false low=true old_ops=57849 ops=49271
FOLD20_PASSIVE_LOWER old=544 new=872 macros=6 gathers=0
FOLD20_PASSIVE_LOWER old=544 new=872 macros=6 gathers=0
FOLD20_PASSIVE_LOWER old=260 new=664 macros=6 gathers=0
FOLD20_PASSIVE_LOWER old=0 new=0 macros=0 gathers=0
FOLD20_PASSIVE_LOWER old=260 new=664 macros=6 gathers=0
FOLD20_PASSIVE_LOWER old=0 new=0 macros=0 gathers=0
Q792_WHOLE_RESOURCE peak_qubits=792 ops=1646242506 structural_T=989504994 count_only=true; correctness unqualified
LOWQ_SHARED_WHOLE_RESOURCE peak_qubits=792 ops=1646242506 structural_T=989504994 count_only=true; correctness not established by resource count
Q792_WHOLE_DIAGNOSTIC_PASS mode=fold20-whole-count peak=792 ops=1646242506; NOT canonical9024 or official acceptance
	Command being timed: "prlimit --as=8000000000 timeout 1200s /home/agentyczny-zdzich/Desktop/projekty/ecdsa/.autoresearch/q792-memo-joint-20260913.s9u6rt86/stage-r08-workspace/target/release/build_circuit"
	User time (seconds): 260.50
	System time (seconds): 6.86
	Percent of CPU this job got: 299%
	Elapsed (wall clock) time (h:mm:ss or m:ss): 1:29.16
	Average shared text size (kbytes): 0
	Average unshared data size (kbytes): 0
	Average stack size (kbytes): 0
	Average total size (kbytes): 0
	Maximum resident set size (kbytes): 1201740
	Average resident set size (kbytes): 0
	Major (requiring I/O) page faults: 0
	Minor (reclaiming a frame) page faults: 11044417
	Voluntary context switches: 1660
	Involuntary context switches: 5705
	Swaps: 0
	File system inputs: 0
	File system outputs: 1088
	Socket messages sent: 0
	Socket messages received: 0
	Signals delivered: 0
	Page size (bytes): 4096
	Exit status: 0
